Березень_ПОСТ2;;;;;;;;;;;;;;;;;;;;;;;;;;;;;;;;;;;;
Час вимірювання (локальний час CairCloud);Чорний вуглець, %;"QC (чорний вуглець)
";"Вихідна напруга (Uвих), мВ
";QC (вихідна напруга);Вхідна напруга (Uвх), мВ;QC (вхідна напруга);"Масова концентрація частинок PM??, мкг/м?
";"QC (PM??)
";"Масова концентрація частинок PM???, мкг/м?
";"QC (PM???)
";"Масова концентрація частинок PM?, мкг/м?
";"QC (PM?)
";Температура модуля PM (внутрішня), °C;"QC (температура модуля)
";"Відносна вологість модуля PM (внутрішня), %
";"QC (відносна вологість)
";"Оксиди озону та азоту (O?–NO?), ppb
";QC (O?–NO?);"Температура повітря (зовнішня)
";"QC (температура повітря)
";"Відносна вологість повітря (зовнішня), %


";"QC (відносна вологість)
";Атмосферний тиск, гПа;"QC (атмосферний тиск)
";"Озон (O?), ppb
";"QC (озон)
";"Діоксид сірки (SO?), ppb
";"QC (діоксид сірки)
";"Діоксид азоту (NO?), ppb
";"QC (діоксид азоту)
";"Оксид вуглецю (CO), ppb
";"QC (оксид вуглецю)
";"Швидкість вітру, м/с
";"QC (швидкість вітру)
";"Напрямок вітру, градуси
";QC (напрямок вітру)
01.03.2025 00:15;94.58;A;4213.87;A;4212.8;A;71.88;A;55.35;A;38.41;A;4.16;A;50.14;A;29;A;-1.46;A;66.65;A;1024.87;A;21;A;0;A;8;A;158;A;0;A;130;A
01.03.2025 00:30;94.59;A;4213.73;A;4212.53;A;82.31;A;62.81;A;42.3;A;3.96;A;52.03;A;30;A;-1.59;A;69.79;A;1025.05;A;19;A;0;A;11;A;418;A;0;A;273.33;A
01.03.2025 00:45;94.59;A;4214;A;4212.8;A;85.75;A;65.99;A;45.5;A;3.78;A;53.85;A;29;A;-1.81;A;71.67;A;1025.12;A;19;A;0;A;9;A;369;A;0;A;230;A
01.03.2025 01:00;94.42;A;4184.07;A;4178.93;A;83.97;A;64.54;A;44.24;A;3.6;A;54.53;A;28;A;-2;A;72.6;A;1025.1;A;18;A;1;A;9;A;370;A;0;A;240;A
01.03.2025 01:15;94.36;A;4211.53;A;4211.53;A;89.46;A;69.74;A;46.25;A;3.36;A;55.37;A;27;A;-2.27;A;74.43;A;1025.21;A;18;A;0;A;8;A;320;A;0;A;233.33;A
01.03.2025 01:30;94.44;A;4212.47;A;4211.67;A;103.66;A;80.46;A;53.41;A;3.14;A;57.13;A;27;A;-2.52;A;77.51;A;1025.3;A;15;A;1;A;12;A;582;A;0;A;170;A
01.03.2025 01:45;94.49;A;4212.67;A;4211.67;A;117.06;A;90.33;A;60.08;A;2.94;A;58.78;A;26;A;-2.68;A;78.97;A;1025.39;A;13;A;1;A;13;A;633;A;0;A;106.67;A
01.03.2025 02:00;94.52;A;4213.13;A;4212.13;A;101.08;A;77.71;A;51.85;A;2.73;A;59.44;A;26;A;-3.02;A;80.2;A;1025.24;A;16;A;0;A;10;A;308;A;0;A;323.33;A
01.03.2025 02:15;94.54;A;4213.8;A;4212.4;A;111.71;A;83.52;A;60.87;A;2.51;A;59.89;A;26;A;-3.28;A;81.52;A;1025.29;A;14;A;1;A;12;A;537;A;0.33;A;133.33;A
01.03.2025 02:30;94.56;A;4213.73;A;4212.67;A;97.45;A;67.1;A;59.09;A;2.7;A;60.06;A;26;A;-3.33;A;83.18;A;1025.26;A;17;A;1;A;9;A;353;A;0;A;160;A
01.03.2025 02:45;94.57;A;4213.8;A;4212.33;A;105.52;A;72.63;A;63.97;A;2.86;A;60.01;A;26;A;-3.26;A;83.14;A;1025.19;A;18;A;0;A;8;A;333;A;0;A;193.33;A
01.03.2025 03:00;94.57;A;4213.87;A;4212.4;A;104.94;A;72.24;A;63.62;A;2.97;A;59.98;A;26;A;-3.18;A;83.18;A;1025.19;A;17;A;0;A;9;A;408;A;0.33;A;150;A
01.03.2025 03:15;94.58;A;4214;A;4212.73;A;99.1;A;68.23;A;60.09;A;2.99;A;59.98;A;27;A;-3.17;A;83.31;A;1025.2;A;17;A;0;A;9;A;491;A;0.67;A;163.33;A
01.03.2025 03:30;94.58;A;4213.87;A;4212.73;A;93.34;A;64.28;A;56.61;A;2.89;A;60.05;A;27;A;-3.32;A;83.86;A;1025.18;A;17;A;0;A;10;A;481;A;0.33;A;90;A
01.03.2025 03:45;94.58;A;4213.73;A;4212.53;A;91.62;A;63.1;A;55.57;A;2.91;A;60.1;A;27;A;-3.35;A;84.36;A;1025.22;A;16;A;0;A;12;A;509;A;0.33;A;173.33;A
01.03.2025 04:00;94.58;A;4213.87;A;4212.6;A;89.87;A;61.9;A;54.51;A;3.16;A;59.97;A;26;A;-3.32;A;85.23;A;1025.39;A;20;A;1;A;6;A;161;A;0;A;83.33;A
01.03.2025 04:15;94.58;A;4213.87;A;4212.53;A;82.45;A;56.81;A;50.03;A;3.2;A;59.99;A;27;A;-3.33;A;85.25;A;1025.38;A;20;A;0;A;6;A;115;A;0;A;103.33;A
01.03.2025 04:30;94.58;A;4213.87;A;4212.33;A;79.84;A;55.02;A;48.45;A;3.22;A;60.04;A;27;A;-3.38;A;85.92;A;1025.51;A;20;A;0;A;7;A;147;A;0;A;116.67;A
01.03.2025 04:45;94.58;A;4213.93;A;4212.4;A;84.74;A;58.38;A;51.41;A;3.37;A;60.09;A;26;A;-3.25;A;86.19;A;1025.54;A;20;A;0;A;7;A;148;A;0;A;173.33;A
01.03.2025 05:00;94.58;A;4213.93;A;4212.87;A;89.41;A;61.59;A;54.24;A;3.64;A;59.98;A;26;A;-3.09;A;86.28;A;1025.61;A;19;A;0;A;7;A;151;A;0;A;26.67;A
01.03.2025 05:15;94.58;A;4214;A;4212.67;A;85.99;A;59.24;A;52.17;A;3.66;A;59.96;A;27;A;-2.97;A;85.75;A;1025.51;A;21;A;0;A;5;A;131;A;0.33;A;6.67;A
01.03.2025 05:30;94.58;A;4213.8;A;4212.4;A;90.38;A;62.25;A;54.82;A;3.77;A;60;A;26;A;-2.91;A;85.92;A;1025.64;A;20;A;0;A;6;A;176;A;0;A;96.67;A
01.03.2025 05:45;94.58;A;4213.8;A;4212.2;A;83.97;A;57.85;A;50.95;A;3.73;A;60.01;A;27;A;-2.94;A;86.12;A;1025.65;A;22;A;0;A;5;A;127;A;0;A;60;A
01.03.2025 06:00;94.58;A;4213.87;A;4212.33;A;88.22;A;60.77;A;53.52;A;3.75;A;59.98;A;27;A;-2.77;A;85.48;A;1025.62;A;21;A;0;A;6;A;136;A;0;A;126.67;A
01.03.2025 06:15;94.57;A;4213.87;A;4212.67;A;84.52;A;58.23;A;51.28;A;3.84;A;59.98;A;27;A;-2.66;A;85.4;A;1025.63;A;19;A;0;A;7;A;140;A;0;A;160;A
01.03.2025 06:30;94.57;A;4213.87;A;4212.87;A;89.88;A;61.91;A;54.52;A;3.82;A;59.93;A;26;A;-2.73;A;85.33;A;1025.67;A;20;A;0;A;6;A;174;A;0;A;170;A
01.03.2025 06:45;94.57;A;4213.87;A;4212.53;A;83.1;A;57.25;A;50.42;A;3.59;A;59.98;A;27;A;-2.77;A;84.78;A;1025.74;A;21;A;0;A;6;A;156;A;0.33;A;90;A
01.03.2025 07:00;94.57;A;4213.93;A;4212.53;A;80.51;A;55.47;A;48.86;A;3.54;A;60.06;A;27;A;-2.87;A;85.12;A;1025.89;A;21;A;0;A;6;A;149;A;0.33;A;210;A
01.03.2025 07:15;94.57;A;4213.93;A;4212.8;A;82.38;A;56.76;A;49.99;A;3.62;A;59.96;A;27;A;-2.83;A;84.7;A;1025.91;A;19;A;0;A;7;A;201;A;0.33;A;140;A
01.03.2025 07:30;94.57;A;4213.93;A;4212.4;A;75.35;A;52.74;A;45.31;A;3.56;A;60.01;A;27;A;-2.68;A;84.18;A;1025.92;A;19;A;0;A;8;A;158;A;0;A;116.67;A
01.03.2025 07:45;94.57;A;4213.87;A;4212.47;A;64.7;A;45.82;A;39.02;A;3.45;A;59.87;A;28;A;-2.58;A;82.82;A;1025.88;A;22;A;0;A;6;A;113;A;0.33;A;183.33;A
01.03.2025 08:00;94.57;A;4214;A;4212.8;A;62.21;A;43.77;A;37.09;A;3.28;A;59.96;A;29;A;-2.59;A;81.92;A;1025.98;A;23;A;0;A;6;A;113;A;0;A;100;A
01.03.2025 08:15;94.57;A;4213.87;A;4212.6;A;63.39;A;43.73;A;38.51;A;3.32;A;60.04;A;29;A;-2.53;A;81.8;A;1025.96;A;23;A;0;A;6;A;98;A;0.33;A;96.67;A
01.03.2025 08:30;94.56;A;4214;A;4212.47;A;69.03;A;48.55;A;40.83;A;3.42;A;59.99;A;29;A;-2.27;A;81.5;A;1026.02;A;22;A;0;A;7;A;134;A;0;A;90;A
01.03.2025 08:45;94.56;A;4213.87;A;4212.6;A;69.25;A;47.75;A;42.06;A;3.59;A;59.94;A;28;A;-2.03;A;80.87;A;1026.13;A;21;A;0;A;7;A;166;A;0;A;140;A
01.03.2025 09:00;94.56;A;4213.8;A;4212.6;A;76.46;A;54.87;A;44.72;A;3.6;A;59.74;A;28;A;-1.93;A;80;A;1026.28;A;21;A;0;A;7;A;276;A;0;A;93.33;A
01.03.2025 09:15;94.56;A;4213.93;A;4212.67;A;80.67;A;64.56;A;42.9;A;3.5;A;59.68;A;29;A;-1.8;A;79.03;A;1026.41;A;22;A;0;A;7;A;230;A;0;A;133.33;A
01.03.2025 09:30;94.56;A;4214.13;A;4213.07;A;72.07;A;56.78;A;40.36;A;3.59;A;59.82;A;29;A;-1.69;A;79.5;A;1026.33;A;22;A;0;A;7;A;140;A;0;A;173.33;A
01.03.2025 09:45;94.56;A;4213.67;A;4212.47;A;83.74;A;67.08;A;44.19;A;3.72;A;59.46;A;29;A;-1.55;A;77.98;A;1026.42;A;21;A;0;A;9;A;277;A;0;A;143.33;A
01.03.2025 10:00;94.56;A;4213.87;A;4213.13;A;76.07;A;60.62;A;40.21;A;3.88;A;58.71;A;30;A;-1.41;A;77.02;A;1026.42;A;24;A;0;A;6;A;173;A;0;A;166.67;A
01.03.2025 10:15;94.56;A;4213.8;A;4212.93;A;64.06;A;52.68;A;35.53;A;4.04;A;58.31;A;30;A;-1.2;A;76.73;A;1026.32;A;25;A;0;A;6;A;109;A;0.33;A;180;A
01.03.2025 10:30;94.56;A;4213.8;A;4212.73;A;54.3;A;42.99;A;29.07;A;4.32;A;57.54;A;31;A;-0.18;A;71.82;A;1026.13;A;25;A;0;A;5;A;104;A;0.33;A;213.33;A
01.03.2025 10:45;94.56;A;4213.73;A;4212.93;A;67.64;A;54.9;A;37.01;A;5.2;A;54.32;A;30;A;0.82;A;66.89;A;1025.86;A;23;A;0;A;6;A;329;A;0;A;76.67;A
01.03.2025 11:00;94.56;A;4213.73;A;4213.4;A;59.97;A;49.34;A;33.53;A;6.28;A;51.09;A;31;A;1.91;A;61.29;A;1025.83;A;22;A;0;A;9;A;342;A;0;A;140;A
01.03.2025 11:15;94.55;A;4213.87;A;4214.27;A;51.34;A;40.05;A;27.69;A;7.29;A;47.61;A;32;A;2.23;A;60.22;A;1025.72;A;24;A;0;A;8;A;284;A;0;A;243.33;A
01.03.2025 11:30;94.55;A;4213.8;A;4214.13;A;46.2;A;37.1;A;24.95;A;8.08;A;44.93;A;32;A;2.95;A;56.04;A;1025.64;A;24;A;0;A;8;A;261;A;0;A;196.67;A
01.03.2025 11:45;94.55;A;4213.73;A;4213.47;A;42.23;A;33.75;A;23.29;A;8.72;A;42.22;A;33;A;3.14;A;54.08;A;1025.48;A;25;A;0;A;8;A;224;A;0;A;10;A
01.03.2025 12:00;94.55;A;4213.67;A;4213.27;A;40.22;A;32.43;A;22.27;A;8.94;A;41.81;A;32;A;3.5;A;53;A;1025.36;A;24;A;0;A;8;A;224;A;0.33;A;240;A
01.03.2025 12:15;94.55;A;4213.73;A;4213.87;A;31.79;A;25.04;A;17.19;A;9.15;A;39.74;A;32;A;3.4;A;50.4;A;1025.25;A;25;A;0;A;7;A;103;A;0.67;A;273.33;A
01.03.2025 12:30;94.55;A;4213.8;A;4213.33;A;28.13;A;22.44;A;15.48;A;9.17;A;39.3;A;33;A;3.44;A;50.41;A;1025.18;A;25;A;0;A;8;A;74;A;0;A;86.67;A
01.03.2025 12:45;94.54;A;4213.73;A;4213.53;A;27.96;A;20.8;A;14.47;A;9.15;A;39.19;A;32;A;3.54;A;49.97;A;1025.16;A;25;A;0;A;7;A;63;A;0;A;336.67;A
01.03.2025 13:00;94.44;A;4193;A;4190.87;A;25.08;A;20.18;A;13.93;A;9.11;A;38.43;A;32;A;3.4;A;49.32;A;1024.95;A;26;A;0;A;7;A;64;A;0;A;86.67;A
01.03.2025 13:15;94.38;A;4211.6;A;4212.4;A;25.81;A;20.04;A;13.92;A;9.01;A;38.54;A;32;A;3.47;A;49.19;A;1024.84;A;26;A;0;A;6;A;65;A;0;A;236.67;A
01.03.2025 13:30;94.44;A;4212.6;A;4213.8;A;25.14;A;19.8;A;13.49;A;9;A;38.51;A;32;A;3.64;A;48.79;A;1024.81;A;26;A;0;A;7;A;67;A;0.33;A;206.67;A
01.03.2025 13:45;94.48;A;4212.87;A;4212.8;A;24.51;A;18.66;A;12.97;A;9.02;A;38.16;A;32;A;3.6;A;47.85;A;1024.71;A;27;A;0;A;6;A;63;A;0.33;A;153.33;A
01.03.2025 14:00;94.5;A;4212.8;A;4213.13;A;23.74;A;18.88;A;13.09;A;9.06;A;38.35;A;32;A;3.7;A;48.02;A;1024.64;A;27;A;0;A;6;A;65;A;0;A;86.67;A
01.03.2025 14:15;94.51;A;4212.93;A;4213.07;A;22.09;A;17.82;A;12.38;A;9.13;A;38.35;A;32;A;3.95;A;48.16;A;1024.6;A;27;A;0;A;5;A;69;A;0.33;A;203.33;A
01.03.2025 14:30;94.52;A;4206.33;A;4205.27;A;24.66;A;18.83;A;12.96;A;9.25;A;38.73;A;32;A;4.1;A;47.94;A;1024.6;A;27;A;0;A;5;A;68;A;0.33;A;140;A
01.03.2025 14:45;94.31;A;4189.6;A;4186.73;A;25.5;A;19.59;A;13.64;A;9.4;A;38.16;A;32;A;4.21;A;47.17;A;1024.67;A;26;A;0;A;6;A;77;A;0;A;110;A
01.03.2025 15:00;94.32;A;4211.07;A;4211.93;A;26.5;A;19.87;A;13.79;A;9.54;A;37.61;A;33;A;4.34;A;46.68;A;1024.47;A;26;A;0;A;7;A;88;A;0;A;173.33;A
01.03.2025 15:15;94.4;A;4212;A;4212.87;A;27.66;A;21.22;A;14.97;A;9.65;A;38.27;A;33;A;4.38;A;48.19;A;1024.27;A;25;A;0;A;7;A;123;A;0;A;100;A
01.03.2025 15:30;94.45;A;4212.8;A;4213.07;A;27.01;A;21.21;A;14.79;A;9.75;A;38.4;A;32;A;4.51;A;47.69;A;1024.08;A;26;A;0;A;6;A;78;A;0;A;130;A
01.03.2025 15:45;94.48;A;4212.87;A;4213.2;A;24.64;A;18.92;A;13.41;A;9.87;A;36.92;A;32;A;4.57;A;45.27;A;1023.98;A;26;A;0;A;6;A;81;A;0;A;166.67;A
01.03.2025 16:00;94.5;A;4212.87;A;4213.47;A;22.95;A;17.6;A;12.31;A;9.93;A;36.32;A;32;A;4.65;A;45.15;A;1023.96;A;25;A;0;A;7;A;81;A;0;A;90;A
01.03.2025 16:15;94.52;A;4212.93;A;4213.33;A;22.69;A;18.19;A;12.34;A;9.96;A;36.53;A;32;A;4.62;A;45.33;A;1023.86;A;26;A;0;A;6;A;84;A;0;A;126.67;A
01.03.2025 16:30;94.41;A;4197.27;A;4194.6;A;25.83;A;19.4;A;13.51;A;9.94;A;36.55;A;32;A;4.53;A;46.25;A;1023.87;A;24;A;0;A;8;A;107;A;0;A;173.33;A
01.03.2025 16:45;94.41;A;4211.93;A;4212.33;A;26.32;A;20.48;A;13.96;A;9.86;A;37.49;A;32;A;4.37;A;48.08;A;1023.8;A;24;A;0;A;8;A;140;A;0.33;A;96.67;A
01.03.2025 17:00;94.46;A;4212.73;A;4213.27;A;27.44;A;20.67;A;14.38;A;9.76;A;37.94;A;31;A;4.26;A;48.05;A;1023.96;A;24;A;0;A;7;A;153;A;0.33;A;86.67;A
01.03.2025 17:15;94.49;A;4212.87;A;4212.93;A;28.57;A;21.12;A;15.24;A;9.61;A;38.14;A;31;A;4.12;A;48.52;A;1024.11;A;22;A;0;A;9;A;248;A;0;A;120;A
01.03.2025 17:30;94.51;A;4213.13;A;4213.53;A;27.66;A;20.99;A;14.83;A;9.48;A;38.36;A;31;A;4.09;A;48.38;A;1024.12;A;20;A;0;A;11;A;196;A;0;A;160;A
01.03.2025 17:45;94.52;A;4213.33;A;4213.47;A;33.25;A;24.26;A;16.94;A;9.39;A;38.56;A;32;A;3.98;A;48.88;A;1024.12;A;18;A;0;A;14;A;198;A;0;A;256.67;A
01.03.2025 18:00;94.52;A;4206.33;A;4205.07;A;43.31;A;31.04;A;20.85;A;9.27;A;39.24;A;31;A;3.82;A;50.29;A;1024.05;A;14;A;0;A;17;A;226;A;0;A;220;A
01.03.2025 18:15;94.35;A;4199.13;A;4197.27;A;48.88;A;33.37;A;22.67;A;9.14;A;40.47;A;31;A;3.67;A;51.92;A;1024.18;A;14;A;0;A;17;A;199;A;0;A;70;A
01.03.2025 18:30;94.4;A;4211.87;A;4212.33;A;56.35;A;38.74;A;26.44;A;9;A;41.27;A;30;A;3.52;A;52.86;A;1024.17;A;12;A;0;A;18;A;233;A;0;A;213.33;A
01.03.2025 18:45;94.45;A;4212.67;A;4212.47;A;58.21;A;39.97;A;26.91;A;8.88;A;41.73;A;30;A;3.52;A;52.97;A;1024.18;A;9;A;0;A;21;A;255;A;0;A;100;A
01.03.2025 19:00;94.48;A;4212.8;A;4213.13;A;53.27;A;38.81;A;26.1;A;8.82;A;41.96;A;30;A;3.44;A;53.32;A;1024.03;A;10;A;0;A;20;A;263;A;0;A;200;A
01.03.2025 19:15;94.51;A;4212.87;A;4213.07;A;39.01;A;29.33;A;20.57;A;8.77;A;42.12;A;29;A;3.44;A;53.57;A;1023.91;A;16;A;0;A;13;A;424;A;0;A;193.33;A
01.03.2025 19:30;94.52;A;4213.47;A;4213.47;A;47.75;A;34.05;A;22.37;A;8.75;A;42.11;A;29;A;3.48;A;52.99;A;1023.93;A;19;A;1;A;10;A;1105;A;0;A;196.67;A
01.03.2025 19:45;94.53;A;4213.6;A;4213.07;A;31.68;A;23.68;A;16.56;A;8.75;A;41.87;A;29;A;3.4;A;52.98;A;1023.87;A;17;A;0;A;12;A;1506;A;0.33;A;196.67;A
01.03.2025 20:00;94.47;A;4194.07;A;4191.2;A;28.42;A;21.42;A;15.11;A;8.7;A;41.48;A;28;A;3.3;A;52.96;A;1023.74;A;18;A;0;A;10;A;242;A;0;A;70;A
01.03.2025 20:15;94.28;A;4201.6;A;4200.4;A;33.98;A;24.25;A;16.43;A;8.6;A;41.33;A;27;A;3.11;A;52.57;A;1023.58;A;17;A;0;A;10;A;144;A;0.33;A;136.67;A
01.03.2025 20:30;94.37;A;4211.73;A;4212.2;A;30.64;A;21.59;A;14.74;A;8.48;A;41.21;A;26;A;3.01;A;52.59;A;1023.67;A;17;A;0;A;9;A;138;A;0;A;343.33;A
01.03.2025 20:45;94.43;A;4212.47;A;4212.53;A;23.99;A;18.45;A;12.59;A;8.35;A;41.11;A;26;A;2.85;A;52.6;A;1023.66;A;18;A;0;A;8;A;96;A;0.33;A;246.67;A
01.03.2025 21:00;94.47;A;4212.73;A;4212.93;A;23.1;A;18.27;A;12;A;8.18;A;41.62;A;25;A;2.71;A;53.32;A;1023.66;A;18;A;0;A;7;A;94;A;0;A;120;A
01.03.2025 21:15;94.49;A;4212.87;A;4212.73;A;23.36;A;16.35;A;11.28;A;8.05;A;41.29;A;25;A;2.59;A;52.09;A;1023.74;A;18;A;0;A;7;A;95;A;0;A;123.33;A
01.03.2025 21:30;94.43;A;4193.13;A;4190;A;18.74;A;13.89;A;9.72;A;7.93;A;40.81;A;26;A;2.41;A;52.33;A;1023.78;A;18;A;0;A;8;A;88;A;0.33;A;116.67;A
01.03.2025 21:45;94.35;A;4211.4;A;4212;A;20.57;A;15.49;A;11.12;A;7.78;A;41.31;A;26;A;2.2;A;52.74;A;1023.79;A;20;A;0;A;6;A;92;A;0;A;63.33;A
01.03.2025 22:00;94.42;A;4212.4;A;4212.6;A;19.69;A;14.75;A;10.3;A;7.59;A;41.45;A;26;A;1.98;A;53.87;A;1023.71;A;20;A;0;A;6;A;86;A;0.33;A;86.67;A
01.03.2025 22:15;94.47;A;4212.67;A;4212.4;A;18.5;A;14.18;A;10.08;A;7.4;A;41.55;A;25;A;1.81;A;52.35;A;1023.58;A;20;A;0;A;5;A;87;A;0.33;A;126.67;A
01.03.2025 22:30;94.49;A;4212.8;A;4212.47;A;15.53;A;12.31;A;8.59;A;7.21;A;40.73;A;26;A;1.66;A;52.59;A;1023.47;A;20;A;0;A;5;A;77;A;0;A;103.33;A
01.03.2025 22:45;94.51;A;4213.47;A;4213.2;A;16.98;A;12.91;A;8.54;A;7.07;A;40.75;A;25;A;1.55;A;52.02;A;1023.37;A;20;A;0;A;5;A;80;A;0;A;93.33;A
01.03.2025 23:00;94.5;A;4206;A;4203.87;A;15.3;A;12.43;A;8.46;A;6.91;A;40.54;A;25;A;1.37;A;52.15;A;1023.25;A;20;A;0;A;5;A;85;A;0;A;130;A
01.03.2025 23:15;94.46;A;4212.93;A;4212.87;A;15.67;A;12.4;A;8.56;A;6.78;A;40.02;A;26;A;1.23;A;50.1;A;1023.18;A;21;A;0;A;4;A;82;A;0;A;126.67;A
01.03.2025 23:30;94.49;A;4213;A;4212.93;A;18.11;A;13.69;A;9.47;A;6.65;A;38.42;A;28;A;1.09;A;48.77;A;1023.39;A;21;A;0;A;7;A;79;A;0;A;233.33;A
01.03.2025 23:45;94.51;A;4213.47;A;4212.67;A;20.31;A;15.71;A;10.8;A;6.49;A;39.2;A;28;A;0.9;A;51.29;A;1023.23;A;21;A;0;A;7;A;84;A;0;A;256.67;A
02.03.2025 00:00;94.52;A;4213.67;A;4212.87;A;20.24;A;15.77;A;10.64;A;6.32;A;41.4;A;26;A;0.75;A;54.38;A;1023.26;A;19;A;0;A;7;A;89;A;0.33;A;136.67;A
02.03.2025 00:15;94.53;A;4213.8;A;4212.73;A;24.1;A;18.38;A;12.36;A;6.14;A;43.2;A;25;A;0.48;A;56.72;A;1023.27;A;20;A;0;A;5;A;80;A;0;A;86.67;A
02.03.2025 00:30;94.53;A;4213.8;A;4213.13;A;22.33;A;17.42;A;12.07;A;5.94;A;44.31;A;25;A;0.32;A;58.27;A;1023.33;A;20;A;0;A;5;A;84;A;0.33;A;196.67;A
02.03.2025 00:45;94.54;A;4213.8;A;4212.73;A;23.17;A;18.37;A;12.4;A;5.73;A;45.62;A;24;A;0.11;A;60.16;A;1023.34;A;19;A;0;A;5;A;83;A;0;A;93.33;A
02.03.2025 01:00;94.54;A;4213.87;A;4213.2;A;26.11;A;19.55;A;13.03;A;5.59;A;46.59;A;25;A;0.07;A;61.39;A;1023.33;A;21;A;0;A;5;A;76;A;0;A;133.33;A
02.03.2025 01:15;94.54;A;4213.8;A;4212.87;A;28.25;A;20.63;A;14.31;A;5.5;A;47.78;A;26;A;0.01;A;62.53;A;1023.3;A;21;A;0;A;5;A;78;A;0.33;A;203.33;A
02.03.2025 01:30;94.54;A;4214;A;4213.67;A;29.26;A;22.48;A;15.12;A;5.4;A;48.54;A;27;A;-0.1;A;63.72;A;1023.29;A;22;A;0;A;5;A;72;A;0;A;170;A
02.03.2025 01:45;94.54;A;4213.73;A;4212.53;A;28.71;A;22.59;A;15.37;A;5.32;A;49.76;A;27;A;-0.16;A;65.63;A;1023.26;A;23;A;0;A;4;A;69;A;0.33;A;210;A
02.03.2025 02:00;94.54;A;4210.27;A;4208.8;A;30.14;A;23.5;A;15.73;A;5.22;A;50.77;A;27;A;-0.25;A;67;A;1023.21;A;22;A;0;A;5;A;70;A;0;A;273.33;A
02.03.2025 02:15;94.4;A;4200.27;A;4197.6;A;32.87;A;24.64;A;16.82;A;5.13;A;51.64;A;27;A;-0.34;A;67.95;A;1023.07;A;21;A;0;A;7;A;70;A;0.33;A;256.67;A
02.03.2025 02:30;94.43;A;4212.73;A;4212.47;A;36.68;A;26.49;A;17.24;A;5.1;A;52.3;A;28;A;-0.37;A;68.67;A;1023;A;19;A;0;A;9;A;68;A;0.67;A;330;A
02.03.2025 02:45;94.47;A;4212.87;A;4212.67;A;38.17;A;27.25;A;17.91;A;5.03;A;52.75;A;28;A;-0.44;A;69.46;A;1022.9;A;19;A;0;A;9;A;71;A;0;A;333.33;A
02.03.2025 03:00;94.5;A;4213.2;A;4212.53;A;37.39;A;27.51;A;17.91;A;5;A;53.26;A;26;A;-0.46;A;70.05;A;1022.78;A;20;A;0;A;7;A;78;A;0.33;A;323.33;A
02.03.2025 03:15;94.51;A;4213.93;A;4212.93;A;33.24;A;25.68;A;17.67;A;4.94;A;53.61;A;25;A;-0.54;A;70.4;A;1022.65;A;19;A;0;A;6;A;82;A;0.33;A;266.67;A
02.03.2025 03:30;94.52;A;4213.87;A;4212.93;A;34.88;A;26.7;A;18.37;A;4.9;A;54.03;A;25;A;-0.52;A;70.93;A;1022.65;A;20;A;0;A;5;A;81;A;0.33;A;233.33;A
02.03.2025 03:45;94.53;A;4213.73;A;4212.73;A;35.84;A;27.45;A;18.98;A;4.89;A;54.17;A;25;A;-0.5;A;70.92;A;1022.66;A;20;A;0;A;5;A;77;A;0;A;166.67;A
02.03.2025 04:00;94.53;A;4212.2;A;4211;A;39.24;A;30.12;A;20.63;A;4.87;A;54.67;A;25;A;-0.51;A;71.53;A;1022.54;A;20;A;0;A;5;A;79;A;0;A;333.33;A
02.03.2025 04:15;94.41;A;4197.73;A;4194.87;A;40.91;A;31.02;A;20.45;A;4.88;A;54.8;A;26;A;-0.62;A;72.19;A;1022.52;A;20;A;0;A;6;A;78;A;0;A;166.67;A
02.03.2025 04:30;94.43;A;4212.53;A;4211.67;A;40.94;A;30.17;A;20.51;A;4.83;A;55.39;A;26;A;-0.63;A;73.32;A;1022.45;A;20;A;0;A;6;A;83;A;0;A;86.67;A
02.03.2025 04:45;94.47;A;4212.87;A;4212.67;A;40.11;A;29.43;A;20.42;A;4.8;A;56.12;A;25;A;-0.59;A;73.52;A;1022.42;A;20;A;0;A;5;A;81;A;0;A;56.67;A
02.03.2025 05:00;94.49;A;4213.27;A;4212.47;A;44;A;31.97;A;21.22;A;4.8;A;56.54;A;25;A;-0.6;A;74.26;A;1022.25;A;20;A;0;A;6;A;90;A;0.33;A;106.67;A
02.03.2025 05:15;94.51;A;4213.87;A;4213.2;A;45.27;A;33.43;A;22.22;A;4.81;A;57.56;A;26;A;-0.64;A;76.45;A;1022.07;A;19;A;0;A;7;A;91;A;0.67;A;106.67;A
02.03.2025 05:30;94.52;A;4213.87;A;4213;A;47.59;A;35.02;A;23.64;A;4.77;A;59.33;A;26;A;-0.7;A;78.95;A;1022.07;A;18;A;0;A;8;A;96;A;0;A;256.67;A
02.03.2025 05:45;94.53;A;4213.87;A;4213.27;A;40.87;A;28.28;A;24.91;A;5;A;60.14;A;25;A;-0.8;A;80.85;A;1022.06;A;17;A;0;A;8;A;108;A;0;A;196.67;A
02.03.2025 06:00;94.53;A;4213.73;A;4212.6;A;43.31;A;29.95;A;26.38;A;5.2;A;59.99;A;25;A;-0.82;A;82.03;A;1022;A;17;A;0;A;7;A;103;A;0;A;143.33;A
02.03.2025 06:15;94.53;A;4213.87;A;4212.6;A;45.88;A;31.72;A;27.94;A;5.38;A;60.04;A;24;A;-0.89;A;83.25;A;1021.82;A;16;A;0;A;8;A;117;A;0;A;260;A
02.03.2025 06:30;94.54;A;4213.87;A;4212.73;A;46.74;A;32.31;A;28.46;A;5.54;A;59.96;A;24;A;-0.91;A;84.2;A;1021.82;A;16;A;0;A;8;A;133;A;0;A;136.67;A
02.03.2025 06:45;94.54;A;4213.8;A;4213;A;49.61;A;34.28;A;30.19;A;5.67;A;59.98;A;24;A;-0.86;A;84.28;A;1021.84;A;15;A;0;A;9;A;167;A;0;A;256.67;A
02.03.2025 07:00;94.54;A;4213.8;A;4212.8;A;48.96;A;33.84;A;29.8;A;5.53;A;59.95;A;24;A;-0.83;A;83.47;A;1021.91;A;14;A;0;A;10;A;210;A;0;A;316.67;A
02.03.2025 07:15;94.54;A;4213.87;A;4212.67;A;47.26;A;32.67;A;28.77;A;5.57;A;60.06;A;25;A;-0.76;A;83.77;A;1021.95;A;16;A;0;A;9;A;178;A;0;A;210;A
02.03.2025 07:30;94.54;A;4214;A;4213.27;A;48.21;A;33.32;A;29.35;A;5.73;A;60.1;A;25;A;-0.77;A;84.65;A;1021.95;A;15;A;0;A;10;A;151;A;0;A;190;A
02.03.2025 07:45;94.54;A;4213.73;A;4212.8;A;48.08;A;33.23;A;29.27;A;5.89;A;59.92;A;25;A;-0.7;A;84.74;A;1021.99;A;17;A;0;A;8;A;130;A;0;A;216.67;A
02.03.2025 08:00;94.53;A;4213.67;A;4212.67;A;51.19;A;35.36;A;31.14;A;5.98;A;59.97;A;25;A;-0.57;A;84.65;A;1021.92;A;15;A;0;A;9;A;134;A;0;A;93.33;A
02.03.2025 08:15;94.53;A;4213.87;A;4213.2;A;53.04;A;37.21;A;31.38;A;5.9;A;59.92;A;25;A;-0.43;A;83.73;A;1021.92;A;17;A;0;A;9;A;133;A;0;A;140;A
02.03.2025 08:30;94.53;A;4210.2;A;4208.93;A;53.24;A;37.29;A;31.94;A;6.01;A;59.85;A;26;A;-0.19;A;82.53;A;1021.88;A;18;A;0;A;8;A;138;A;0;A;276.67;A
02.03.2025 08:45;94.36;A;4192.13;A;4188.73;A;53.4;A;37.4;A;31.89;A;5.88;A;59.97;A;26;A;-0.19;A;82.3;A;1021.79;A;18;A;0;A;8;A;144;A;0;A;136.67;A
02.03.2025 09:00;94.36;A;4211.67;A;4212.07;A;51.91;A;36.29;A;31.22;A;5.88;A;60.01;A;27;A;0.14;A;80.83;A;1021.74;A;20;A;0;A;8;A;134;A;0;A;103.33;A
02.03.2025 09:15;94.42;A;4212.67;A;4212.07;A;48.24;A;33.69;A;29.25;A;6.15;A;60.01;A;27;A;0.43;A;80.96;A;1021.51;A;20;A;0;A;8;A;146;A;0;A;223.33;A
02.03.2025 09:30;94.46;A;4213;A;4213.2;A;48.96;A;33.83;A;29.8;A;6.31;A;59.98;A;27;A;0.59;A;80.43;A;1021.32;A;18;A;0;A;9;A;258;A;0;A;90;A
02.03.2025 09:45;94.49;A;4212.87;A;4212.87;A;49.29;A;34.8;A;28.92;A;6.33;A;59.9;A;28;A;0.79;A;79.44;A;1021.24;A;20;A;0;A;8;A;262;A;0.67;A;333.33;A
02.03.2025 10:00;94.5;A;4213.07;A;4213;A;52.69;A;38.95;A;30.83;A;6.54;A;60.02;A;28;A;0.94;A;79.41;A;1021.17;A;21;A;0;A;7;A;216;A;0;A;100;A
02.03.2025 10:15;94.51;A;4213.67;A;4212.87;A;65.75;A;50.58;A;35.13;A;6.8;A;59.26;A;30;A;1.07;A;78.53;A;1021.14;A;22;A;0;A;7;A;293;A;0;A;130;A
02.03.2025 10:30;94.48;A;4207.47;A;4206.07;A;74.42;A;56.65;A;38.29;A;6.85;A;59.46;A;29;A;1.41;A;78.43;A;1021.06;A;21;A;0;A;8;A;370;A;0.33;A;156.67;A
02.03.2025 10:45;94.47;A;4212.8;A;4212.93;A;80.39;A;60.69;A;40.06;A;7.04;A;58.99;A;30;A;1.54;A;77.32;A;1020.97;A;21;A;0;A;9;A;339;A;0;A;63.33;A
02.03.2025 11:00;94.5;A;4212.8;A;4212.8;A;94.21;A;71.39;A;47.27;A;7.16;A;58.66;A;29;A;1.81;A;77.41;A;1020.92;A;20;A;0;A;9;A;388;A;0;A;70;A
02.03.2025 11:15;94.47;A;4197.6;A;4195.13;A;127.74;A;90.81;A;58.76;A;7.32;A;58.3;A;29;A;1.8;A;76.74;A;1020.84;A;18;A;0;A;11;A;283;A;0.33;A;163.33;A
02.03.2025 11:30;94.36;A;4211.67;A;4212.27;A;92.23;A;69.03;A;45.6;A;7.42;A;57.96;A;29;A;1.87;A;76.59;A;1020.76;A;20;A;0;A;9;A;292;A;0.33;A;270;A
02.03.2025 11:45;94.43;A;4212.33;A;4212.53;A;54.11;A;43.12;A;30.12;A;7.47;A;58.12;A;28;A;1.94;A;76.95;A;1020.65;A;21;A;0;A;8;A;232;A;0;A;130;A
02.03.2025 12:00;94.47;A;4212.8;A;4213;A;50.88;A;41.26;A;28.19;A;7.5;A;57.63;A;28;A;1.91;A;76.38;A;1020.46;A;21;A;0;A;7;A;230;A;0;A;226.67;A
02.03.2025 12:15;94.49;A;4212.8;A;4213.07;A;62.42;A;49.69;A;33.34;A;7.54;A;57.9;A;28;A;2.03;A;76.14;A;1020.41;A;21;A;0;A;8;A;226;A;0;A;86.67;A
02.03.2025 12:30;94.51;A;4213.07;A;4212.93;A;78.18;A;59.63;A;39.33;A;7.6;A;57.47;A;29;A;2.02;A;76.2;A;1020.33;A;19;A;0;A;9;A;249;A;0;A;240;A
02.03.2025 12:45;94.52;A;4213.67;A;4213.27;A;101.93;A;77.32;A;50.11;A;7.59;A;57.41;A;29;A;1.91;A;76.16;A;1020.06;A;18;A;0;A;11;A;245;A;0;A;96.67;A
02.03.2025 13:00;94.52;A;4213.67;A;4213.47;A;87.68;A;68.42;A;45.26;A;7.5;A;57.61;A;28;A;1.87;A;76.63;A;1019.83;A;17;A;0;A;11;A;249;A;0;A;273.33;A
02.03.2025 13:15;94.44;A;4189.87;A;4186.2;A;94.08;A;70.67;A;46.64;A;7.52;A;57.95;A;28;A;2.01;A;75.99;A;1019.69;A;18;A;0;A;11;A;248;A;0;A;213.33;A
02.03.2025 13:30;94.34;A;4211.6;A;4212.2;A;84.21;A;66.26;A;44.59;A;7.58;A;57.6;A;28;A;2.08;A;75.96;A;1019.45;A;17;A;0;A;12;A;259;A;0;A;253.33;A
02.03.2025 13:45;94.41;A;4212.2;A;4212.93;A;91.22;A;71.14;A;47.62;A;7.57;A;57.82;A;28;A;2.04;A;76.36;A;1019.48;A;17;A;0;A;11;A;245;A;0;A;156.67;A
02.03.2025 14:00;94.46;A;4212.73;A;4213;A;85.37;A;67.79;A;45.99;A;7.59;A;57.95;A;28;A;2.17;A;75.93;A;1019.33;A;17;A;0;A;11;A;251;A;0;A;250;A
02.03.2025 14:15;94.48;A;4212.87;A;4212.87;A;93.43;A;74.14;A;50.33;A;7.59;A;58.21;A;28;A;2.02;A;76.98;A;1019.38;A;17;A;0;A;11;A;279;A;0;A;123.33;A
02.03.2025 14:30;94.5;A;4212.93;A;4213.2;A;95.7;A;75.9;A;50.57;A;7.6;A;58.3;A;28;A;2.13;A;77.48;A;1019.22;A;16;A;0;A;12;A;274;A;0;A;263.33;A
02.03.2025 14:45;94.51;A;4213.4;A;4213.33;A;94.57;A;73.94;A;49.65;A;7.64;A;58.97;A;28;A;2.05;A;78.24;A;1019.14;A;17;A;0;A;11;A;263;A;0;A;156.67;A
02.03.2025 15:00;94.52;A;4213.47;A;4212.67;A;95.06;A;74.18;A;51.49;A;7.6;A;59.76;A;28;A;1.96;A;79.77;A;1019.06;A;16;A;0;A;12;A;247;A;0;A;190;A
02.03.2025 15:15;94.52;A;4213.87;A;4213.47;A;93.19;A;64.18;A;56.52;A;8.03;A;60.13;A;27;A;1.87;A;82.45;A;1019.04;A;13;A;0;A;14;A;263;A;2.33;A;230;A
02.03.2025 15:30;94.53;A;4213.87;A;4213.2;A;106.05;A;73;A;64.29;A;8.29;A;59.98;A;27;A;1.84;A;83.52;A;1019.03;A;13;A;0;A;14;A;294;A;0;A;250;A
02.03.2025 15:45;94.53;A;4213.6;A;4213.13;A;102.13;A;70.31;A;61.92;A;8.53;A;59.92;A;26;A;1.88;A;84.09;A;1018.87;A;12;A;0;A;14;A;276;A;0;A;303.33;A
02.03.2025 16:00;94.53;A;4213.53;A;4212.87;A;97.57;A;67.18;A;59.17;A;8.43;A;60.02;A;27;A;1.8;A;84.54;A;1018.92;A;12;A;0;A;16;A;267;A;0;A;220;A
02.03.2025 16:15;94.53;A;4213.6;A;4213;A;94.14;A;64.83;A;57.1;A;8.48;A;60.05;A;26;A;1.76;A;84.98;A;1018.89;A;11;A;0;A;15;A;242;A;0;A;133.33;A
02.03.2025 16:30;94.53;A;4213.53;A;4212.87;A;89.69;A;61.78;A;54.41;A;8.49;A;59.93;A;26;A;1.8;A;84.64;A;1018.86;A;12;A;1;A;13;A;232;A;0;A;183.33;A
02.03.2025 16:45;94.53;A;4213.6;A;4212.8;A;101.24;A;69.7;A;61.38;A;8.47;A;60.06;A;26;A;1.82;A;84.37;A;1018.92;A;11;A;0;A;14;A;345;A;0;A;293.33;A
02.03.2025 17:00;94.53;A;4213.93;A;4213.4;A;117.11;A;80.59;A;70.97;A;8.37;A;60.02;A;26;A;1.78;A;84.65;A;1018.79;A;7;A;1;A;19;A;376;A;0;A;130;A
02.03.2025 17:15;94.53;A;4213.8;A;4212.93;A;127.45;A;87.68;A;77.22;A;8.58;A;60.02;A;26;A;1.73;A;85.52;A;1018.92;A;5;A;1;A;21;A;409;A;0;A;136.67;A
02.03.2025 17:30;94.53;A;4213.73;A;4213.4;A;112.26;A;77.26;A;68.04;A;8.47;A;60.04;A;24;A;1.6;A;85.8;A;1018.85;A;10;A;1;A;14;A;400;A;0;A;263.33;A
02.03.2025 17:45;94.53;A;4213.73;A;4213.33;A;118.33;A;81.43;A;71.71;A;8.6;A;60;A;24;A;1.53;A;86.85;A;1018.75;A;9;A;1;A;15;A;451;A;0;A;143.33;A
02.03.2025 18:00;94.53;A;4213.6;A;4212.8;A;122.94;A;84.59;A;74.49;A;8.7;A;60.05;A;24;A;1.47;A;87.68;A;1018.83;A;6;A;1;A;19;A;667;A;0;A;183.33;A
02.03.2025 18:15;94.53;A;4213.73;A;4213.47;A;132.52;A;91.16;A;80.28;A;8.78;A;60;A;23;A;1.45;A;88.05;A;1018.88;A;7;A;1;A;16;A;509;A;0;A;243.33;A
02.03.2025 18:30;94.52;A;4213.73;A;4213.47;A;119.8;A;82.43;A;72.6;A;8.8;A;59.91;A;24;A;1.4;A;88.12;A;1018.91;A;8;A;1;A;16;A;447;A;0;A;130;A
02.03.2025 18:45;94.52;A;4213.73;A;4213.2;A;107.74;A;74.16;A;65.31;A;8.68;A;60.01;A;24;A;1.34;A;88.15;A;1018.85;A;10;A;1;A;14;A;442;A;0.33;A;200;A
02.03.2025 19:00;94.52;A;4213.93;A;4213.4;A;100.37;A;69.1;A;60.86;A;8.59;A;60.08;A;24;A;1.29;A;88.43;A;1018.89;A;11;A;1;A;13;A;359;A;0;A;126.67;A
02.03.2025 19:15;94.52;A;4213.73;A;4213.2;A;112;A;77.08;A;67.89;A;8.73;A;59.99;A;23;A;1.25;A;88.99;A;1018.89;A;9;A;1;A;14;A;410;A;0;A;130;A
02.03.2025 19:30;94.52;A;4213.73;A;4213.13;A;119.55;A;82.26;A;72.45;A;8.72;A;59.96;A;23;A;1.23;A;88.98;A;1018.87;A;10;A;1;A;13;A;410;A;0;A;133.33;A
02.03.2025 19:45;94.52;A;4213.67;A;4212.47;A;118.14;A;81.3;A;71.6;A;8.63;A;59.98;A;22;A;1.19;A;89;A;1018.8;A;7;A;1;A;14;A;445;A;0;A;256.67;A
02.03.2025 20:00;94.52;A;4213.73;A;4213;A;117.76;A;81.03;A;71.37;A;8.67;A;59.98;A;21;A;1.17;A;89.25;A;1018.72;A;6;A;1;A;15;A;410;A;0;A;193.33;A
02.03.2025 20:15;94.52;A;4213.8;A;4213.27;A;110.67;A;76.17;A;67.08;A;8.62;A;59.97;A;22;A;1.19;A;88.86;A;1018.79;A;9;A;2;A;13;A;364;A;0;A;203.33;A
02.03.2025 20:30;94.52;A;4213.8;A;4212.67;A;97.05;A;66.82;A;58.85;A;8.55;A;60;A;23;A;1.21;A;88.61;A;1018.74;A;9;A;1;A;13;A;375;A;0;A;123.33;A
02.03.2025 20:45;94.52;A;4213.8;A;4213.13;A;98.07;A;67.52;A;59.47;A;8.54;A;59.98;A;22;A;1.18;A;88.35;A;1018.76;A;11;A;2;A;11;A;575;A;0;A;196.67;A
02.03.2025 21:00;94.52;A;4214;A;4213.4;A;102.6;A;70.63;A;62.2;A;8.5;A;60;A;21;A;1.21;A;88.36;A;1018.52;A;10;A;2;A;11;A;361;A;0;A;250;A
02.03.2025 21:15;94.51;A;4213.67;A;4212.33;A;101.65;A;69.98;A;61.63;A;8.52;A;59.95;A;21;A;1.2;A;88.32;A;1018.41;A;10;A;2;A;11;A;346;A;0;A;253.33;A
02.03.2025 21:30;94.51;A;4213.73;A;4213.13;A;102.37;A;70.47;A;62.06;A;8.51;A;60.03;A;20;A;1.18;A;88.6;A;1018.28;A;9;A;3;A;11;A;334;A;0;A;290;A
02.03.2025 21:45;94.51;A;4213.73;A;4213.33;A;102.13;A;70.31;A;61.92;A;8.46;A;59.99;A;21;A;1.23;A;87.99;A;1018.24;A;10;A;2;A;11;A;330;A;0;A;270;A
02.03.2025 22:00;94.51;A;4213.73;A;4212.53;A;103.9;A;71.52;A;62.99;A;8.43;A;60;A;20;A;1.16;A;88.28;A;1018.33;A;9;A;3;A;11;A;346;A;0;A;196.67;A
02.03.2025 22:15;94.51;A;4213.67;A;4213.27;A;108.51;A;74.69;A;65.77;A;8.49;A;60.01;A;19;A;1.17;A;88.7;A;1018.2;A;6;A;2;A;13;A;395;A;0;A;240;A
02.03.2025 22:30;94.51;A;4213.67;A;4212.67;A;101.1;A;69.61;A;61.3;A;8.46;A;60.01;A;19;A;1.16;A;88.54;A;1018.12;A;8;A;3;A;12;A;319;A;0;A;196.67;A
02.03.2025 22:45;94.51;A;4213.87;A;4213.07;A;102.76;A;70.74;A;62.3;A;8.48;A;60.01;A;19;A;1.18;A;88.47;A;1018.27;A;9;A;2;A;10;A;237;A;0.33;A;143.33;A
02.03.2025 23:00;94.51;A;4213.87;A;4212.73;A;80.88;A;55.73;A;49.08;A;8.48;A;59.99;A;20;A;1.23;A;88.38;A;1018.24;A;13;A;2;A;8;A;183;A;0.33;A;183.33;A
02.03.2025 23:15;94.51;A;4213.8;A;4213;A;73.63;A;50.76;A;44.7;A;8.43;A;59.99;A;20;A;1.22;A;87.89;A;1018.03;A;13;A;1;A;7;A;162;A;0;A;196.67;A
02.03.2025 23:30;94.5;A;4213.8;A;4213;A;62.84;A;43.36;A;38.19;A;8.36;A;59.98;A;21;A;1.17;A;87.87;A;1017.94;A;14;A;1;A;7;A;147;A;0;A;140;A
02.03.2025 23:45;94.5;A;4213.73;A;4212.73;A;63.28;A;43.65;A;38.45;A;8.36;A;59.96;A;21;A;1.16;A;87.89;A;1017.95;A;14;A;2;A;7;A;141;A;0;A;126.67;A
03.03.2025 00:00;94.5;A;4213.73;A;4212.33;A;66.43;A;45.82;A;40.35;A;8.34;A;59.97;A;21;A;1.15;A;87.79;A;1018.05;A;13;A;1;A;7;A;153;A;0.33;A;136.67;A
03.03.2025 00:15;94.5;A;4213.73;A;4212.8;A;70.15;A;48.37;A;42.6;A;8.31;A;59.99;A;20;A;1.18;A;87.58;A;1017.99;A;14;A;1;A;6;A;170;A;0;A;260;A
03.03.2025 00:30;94.5;A;4213.8;A;4213.13;A;69.7;A;48.06;A;42.33;A;8.22;A;59.95;A;22;A;1.12;A;87.5;A;1018;A;14;A;1;A;8;A;167;A;0;A;333.33;A
03.03.2025 00:45;94.5;A;4213.73;A;4213;A;67.7;A;46.69;A;41.12;A;8.2;A;60.07;A;21;A;1.11;A;87.9;A;1018.09;A;14;A;1;A;7;A;165;A;0;A;276.67;A
03.03.2025 01:00;94.5;A;4214;A;4213.73;A;69.15;A;47.68;A;42;A;8.23;A;59.99;A;19;A;1.09;A;87.85;A;1018.09;A;13;A;1;A;6;A;170;A;0;A;290;A
03.03.2025 01:15;94.5;A;4213.73;A;4213.2;A;69.97;A;48.24;A;42.49;A;8.25;A;59.99;A;19;A;1.07;A;87.98;A;1017.96;A;13;A;2;A;6;A;168;A;0;A;300;A
03.03.2025 01:30;94.5;A;4213.8;A;4212.33;A;69.44;A;47.88;A;42.17;A;8.2;A;60.08;A;19;A;1.02;A;88.18;A;1017.86;A;13;A;2;A;5;A;167;A;0.67;A;313.33;A
03.03.2025 01:45;94.49;A;4213.73;A;4212.67;A;70.97;A;48.93;A;43.09;A;8.25;A;59.91;A;18;A;1.01;A;88.16;A;1017.56;A;13;A;2;A;6;A;174;A;0.67;A;320;A
03.03.2025 02:00;94.49;A;4213.73;A;4212.6;A;73.27;A;50.51;A;44.48;A;8.23;A;60.05;A;17;A;0.98;A;88.51;A;1017.36;A;11;A;1;A;6;A;174;A;0;A;246.67;A
03.03.2025 02:15;94.49;A;4213.73;A;4213.13;A;79.41;A;54.72;A;48.19;A;8.36;A;59.97;A;16;A;1.01;A;88.92;A;1017.5;A;10;A;2;A;7;A;190;A;0;A;196.67;A
03.03.2025 02:30;94.49;A;4213.73;A;4212.53;A;87.48;A;60.26;A;53.07;A;8.31;A;59.95;A;18;A;1.02;A;88.52;A;1017.55;A;10;A;2;A;8;A;250;A;0.33;A;140;A
03.03.2025 02:45;94.49;A;4213.8;A;4212.87;A;85.59;A;58.96;A;51.93;A;8.28;A;60;A;17;A;1.08;A;88.36;A;1017.64;A;10;A;2;A;7;A;245;A;0;A;233.33;A
03.03.2025 03:00;94.49;A;4213.93;A;4212.93;A;86.94;A;59.89;A;52.74;A;8.3;A;59.97;A;17;A;1.12;A;88.03;A;1017.59;A;10;A;2;A;7;A;243;A;0;A;293.33;A
03.03.2025 03:15;94.49;A;4213.93;A;4213.2;A;85.55;A;58.93;A;51.9;A;8.31;A;59.98;A;16;A;1.03;A;88.6;A;1017.53;A;9;A;2;A;8;A;230;A;0;A;243.33;A
03.03.2025 03:30;94.49;A;4213.73;A;4212.73;A;78.1;A;53.82;A;47.4;A;8.38;A;60;A;15;A;1.07;A;88.57;A;1017.59;A;9;A;3;A;7;A;212;A;0;A;230;A
03.03.2025 03:45;94.49;A;4213.8;A;4213.07;A;77.49;A;53.41;A;47.04;A;8.36;A;60;A;16;A;1.12;A;88.41;A;1017.7;A;9;A;3;A;7;A;213;A;0;A;163.33;A
03.03.2025 04:00;94.49;A;4213.6;A;4212.8;A;79.77;A;54.97;A;48.41;A;8.31;A;59.96;A;18;A;1.19;A;87.6;A;1017.69;A;10;A;2;A;8;A;208;A;0;A;200;A
03.03.2025 04:15;94.49;A;4213.73;A;4213.4;A;70.02;A;48.28;A;42.52;A;8.13;A;59.9;A;20;A;1.26;A;86.3;A;1017.72;A;12;A;1;A;8;A;212;A;0;A;120;A
03.03.2025 04:30;94.49;A;4213.8;A;4212.93;A;57.51;A;39.7;A;34.96;A;7.94;A;59.89;A;21;A;1.34;A;84.75;A;1017.9;A;15;A;1;A;7;A;173;A;0;A;136.67;A
03.03.2025 04:45;94.49;A;4213.73;A;4213.07;A;51.64;A;35.67;A;31.41;A;7.47;A;60.16;A;25;A;1.46;A;82.76;A;1017.99;A;19;A;0;A;5;A;130;A;0;A;86.67;A
03.03.2025 05:00;94.49;A;4213.87;A;4212.67;A;50.33;A;34.77;A;30.63;A;7.59;A;59.89;A;24;A;1.48;A;82.55;A;1017.9;A;19;A;0;A;5;A;128;A;0;A;270;A
03.03.2025 05:15;94.49;A;4213.93;A;4213.33;A;50.05;A;36.34;A;29.76;A;7.3;A;59.82;A;24;A;1.35;A;81.59;A;1017.62;A;19;A;1;A;6;A;117;A;0;A;203.33;A
03.03.2025 05:30;94.43;A;4207.6;A;4207.07;A;52.44;A;37.9;A;30.97;A;7.11;A;59.99;A;24;A;1.01;A;82.5;A;1017.48;A;19;A;1;A;5;A;114;A;0;A;193.33;A
03.03.2025 05:45;94.45;A;4213.07;A;4213.13;A;51.62;A;36.06;A;31.24;A;7.1;A;59.86;A;20;A;0.53;A;84.37;A;1017.47;A;15;A;1;A;5;A;113;A;0;A;223.33;A
03.03.2025 06:00;94.46;A;4213.6;A;4212.6;A;51.48;A;35.97;A;31.16;A;6.61;A;60.04;A;19;A;0;A;85.14;A;1017.69;A;13;A;2;A;6;A;111;A;0;A;250;A
03.03.2025 06:15;94.47;A;4213.8;A;4212.73;A;54.26;A;37.47;A;33;A;6.67;A;60.17;A;20;A;-0.12;A;86.74;A;1017.74;A;10;A;2;A;10;A;178;A;0.33;A;316.67;A
03.03.2025 06:30;94.47;A;4213.73;A;4212.53;A;55.78;A;38.51;A;33.92;A;6.98;A;59.96;A;18;A;-0.06;A;87.25;A;1017.91;A;10;A;2;A;8;A;177;A;0.33;A;266.67;A
03.03.2025 06:45;94.48;A;4213.87;A;4212.87;A;59.57;A;41.11;A;36.21;A;7.06;A;60.01;A;19;A;0.13;A;87.38;A;1018.02;A;8;A;1;A;11;A;211;A;0;A;290;A
03.03.2025 07:00;94.48;A;4213.73;A;4212.93;A;61.68;A;42.56;A;37.49;A;7.33;A;59.94;A;20;A;0.38;A;87.15;A;1018.12;A;9;A;1;A;11;A;222;A;0.33;A;306.67;A
03.03.2025 07:15;94.48;A;4214;A;4213.4;A;59.45;A;41.03;A;36.13;A;7.35;A;59.99;A;22;A;0.57;A;86.38;A;1018.02;A;13;A;1;A;9;A;193;A;0;A;140;A
03.03.2025 07:30;94.48;A;4213.67;A;4212.8;A;60.14;A;41.51;A;36.55;A;7.42;A;60.02;A;22;A;0.88;A;85.21;A;1017.94;A;12;A;0;A;10;A;196;A;0.33;A;323.33;A
03.03.2025 07:45;94.48;A;4213.73;A;4213;A;62.11;A;42.85;A;37.74;A;7.47;A;60.01;A;22;A;1.16;A;83.77;A;1018.04;A;13;A;1;A;10;A;190;A;0;A;190;A
03.03.2025 08:00;94.48;A;4213.73;A;4213.07;A;62.34;A;43.01;A;37.88;A;7.52;A;59.83;A;23;A;1.48;A;82.91;A;1018.09;A;14;A;0;A;10;A;190;A;0.33;A;243.33;A
03.03.2025 08:15;94.48;A;4213.8;A;4213.2;A;62.8;A;43.33;A;38.16;A;7.6;A;59.93;A;23;A;1.71;A;81.91;A;1018.16;A;14;A;1;A;9;A;199;A;0.33;A;306.67;A
03.03.2025 08:30;94.48;A;4213.67;A;4212.8;A;67.31;A;47.42;A;39.83;A;7.46;A;59.97;A;24;A;1.92;A;80.63;A;1018.17;A;12;A;0;A;12;A;212;A;0.33;A;320;A
03.03.2025 08:45;94.48;A;4213.73;A;4213.2;A;70.56;A;52.41;A;40.04;A;7.83;A;59.79;A;23;A;2.55;A;78.74;A;1018.14;A;11;A;0;A;12;A;214;A;0;A;243.33;A
03.03.2025 09:00;94.48;A;4213.87;A;4213.6;A;74.66;A;56.9;A;40.36;A;8.22;A;59.34;A;24;A;3.23;A;76.44;A;1018.3;A;13;A;0;A;11;A;185;A;0;A;216.67;A
03.03.2025 09:15;94.48;A;4213.33;A;4214.13;A;74.29;A;59.63;A;39.53;A;9.1;A;56.77;A;23;A;4.63;A;70.22;A;1017.98;A;18;A;0;A;5;A;156;A;0;A;250;A
03.03.2025 09:30;94.48;A;4212.87;A;4214.07;A;73.84;A;57.63;A;37.51;A;10.41;A;53.3;A;25;A;5.7;A;67.12;A;1017.99;A;17;A;0;A;9;A;160;A;0.33;A;263.33;A
03.03.2025 09:45;94.47;A;4212.93;A;4214.13;A;77.53;A;59.59;A;40.11;A;11.63;A;50.39;A;25;A;6.23;A;65.65;A;1017.74;A;16;A;0;A;9;A;192;A;0.67;A;340;A
03.03.2025 10:00;94.47;A;4212.87;A;4214.07;A;96.52;A;70.55;A;45.95;A;12.29;A;48.61;A;25;A;6.46;A;65.69;A;1017.71;A;15;A;1;A;10;A;187;A;0.33;A;160;A
03.03.2025 10:15;94.47;A;4212.87;A;4213.87;A;87.89;A;64.75;A;42.65;A;12.81;A;48.07;A;23;A;6.9;A;64.1;A;1017.66;A;16;A;0;A;7;A;184;A;1;A;340;A
03.03.2025 10:30;94.47;A;4212.87;A;4214.2;A;73.63;A;55.9;A;37.55;A;13.22;A;47.28;A;23;A;7.09;A;64.45;A;1017.61;A;15;A;0;A;8;A;215;A;0.67;A;226.67;A
03.03.2025 10:45;94.47;A;4212.8;A;4214.07;A;64.37;A;49.59;A;33.41;A;13.39;A;47.8;A;23;A;6.97;A;66.73;A;1017.7;A;17;A;1;A;6;A;174;A;0.67;A;350;A
03.03.2025 11:00;94.47;A;4212.87;A;4214;A;54.96;A;43.86;A;30.4;A;13.18;A;48.66;A;24;A;6.83;A;66.88;A;1017.62;A;15;A;1;A;9;A;239;A;0.67;A;343.33;A
03.03.2025 11:15;94.47;A;4213;A;4214.67;A;45.85;A;36.91;A;25.5;A;13.05;A;49.32;A;22;A;6.75;A;68.06;A;1017.73;A;15;A;1;A;7;A;189;A;0.33;A;230;A
03.03.2025 11:30;94.47;A;4212.87;A;4213.47;A;44.23;A;36.81;A;25.6;A;12.83;A;50.24;A;23;A;6.5;A;69.59;A;1017.81;A;16;A;1;A;7;A;199;A;1;A;343.33;A
03.03.2025 11:45;94.47;A;4213;A;4214.27;A;41.84;A;33.84;A;23.7;A;12.53;A;50.94;A;21;A;6.43;A;68.43;A;1017.6;A;14;A;1;A;8;A;240;A;0;A;120;A
03.03.2025 12:00;94.47;A;4213;A;4214.27;A;39.27;A;33.15;A;23;A;12.43;A;51.54;A;21;A;6.48;A;69.02;A;1017.53;A;13;A;1;A;8;A;203;A;0.67;A;340;A
03.03.2025 12:15;94.47;A;4213;A;4214;A;38.77;A;32.01;A;22.36;A;12.33;A;52.03;A;21;A;6.39;A;69.94;A;1017.49;A;15;A;1;A;6;A;194;A;0.33;A;340;A
03.03.2025 12:30;94.47;A;4213.13;A;4214.07;A;40.06;A;32.95;A;23.39;A;12.28;A;52.84;A;20;A;6.31;A;70.89;A;1017.54;A;14;A;2;A;6;A;180;A;1.33;A;340;A
03.03.2025 12:45;94.47;A;4213.13;A;4214.13;A;43.95;A;35.39;A;24.41;A;12.14;A;53.32;A;20;A;6.24;A;71.15;A;1017.52;A;14;A;2;A;6;A;190;A;0.67;A;350;A
03.03.2025 13:00;94.46;A;4213.27;A;4213.6;A;45.37;A;36.94;A;25.09;A;12.04;A;53.92;A;19;A;6.21;A;71.88;A;1017.38;A;13;A;2;A;6;A;189;A;1;A;340;A
03.03.2025 13:15;94.36;A;4187.27;A;4183.93;A;42.08;A;34.24;A;24.15;A;12;A;53.74;A;20;A;6.15;A;71.9;A;1017.37;A;13;A;2;A;6;A;200;A;1.33;A;343.33;A
03.03.2025 13:30;94.23;A;4210.67;A;4212.2;A;38.4;A;32.25;A;22.39;A;11.92;A;53.48;A;21;A;6.11;A;71.33;A;1017.22;A;13;A;1;A;8;A;222;A;1;A;346.67;A
03.03.2025 13:45;94.32;A;4211.53;A;4212.27;A;39.43;A;32.65;A;22.91;A;11.85;A;54.11;A;20;A;6.21;A;71.81;A;1017.1;A;12;A;1;A;8;A;230;A;1;A;340;A
03.03.2025 14:00;94.37;A;4212.33;A;4213.13;A;36.46;A;31.46;A;22.7;A;11.84;A;53.55;A;20;A;6.13;A;71;A;1017.02;A;12;A;1;A;8;A;257;A;1.33;A;350;A
03.03.2025 14:15;94.4;A;4212.8;A;4213.33;A;31.53;A;27.06;A;19.05;A;11.77;A;53.25;A;21;A;5.91;A;70.63;A;1017.08;A;13;A;1;A;8;A;193;A;0.67;A;340;A
03.03.2025 14:30;94.43;A;4212.87;A;4213.4;A;31.7;A;26.99;A;19.35;A;11.68;A;52.98;A;21;A;6.01;A;69.71;A;1017.05;A;13;A;1;A;8;A;198;A;1;A;340;A
03.03.2025 14:45;94.44;A;4212.87;A;4213.67;A;26.07;A;21.93;A;15.76;A;11.63;A;51.96;A;22;A;6.06;A;67.7;A;1017.11;A;15;A;1;A;7;A;184;A;1;A;333.33;A
03.03.2025 15:00;94.45;A;4212.87;A;4213.53;A;24.77;A;20.62;A;14.86;A;11.61;A;50.98;A;24;A;6;A;67.14;A;1017.17;A;15;A;1;A;9;A;165;A;1;A;340;A
03.03.2025 15:15;94.45;A;4212.93;A;4213.73;A;26.67;A;21.75;A;15.47;A;11.58;A;51.25;A;24;A;5.97;A;67.85;A;1017.25;A;16;A;0;A;8;A;162;A;1;A;336.67;A
03.03.2025 15:30;94.45;A;4213.2;A;4213.67;A;24.64;A;20.18;A;14.09;A;11.53;A;51.36;A;23;A;5.85;A;67.52;A;1017.38;A;15;A;1;A;8;A;181;A;1;A;340;A
03.03.2025 15:45;94.46;A;4213.2;A;4213.67;A;27.18;A;21.35;A;14.82;A;11.44;A;50.32;A;25;A;5.71;A;66.98;A;1017.25;A;16;A;0;A;9;A;161;A;1;A;340;A
03.03.2025 16:00;94.46;A;4213.47;A;4214;A;25.59;A;20.9;A;14.4;A;11.27;A;50.57;A;25;A;5.66;A;66.39;A;1017.16;A;16;A;0;A;9;A;172;A;0.67;A;340;A
03.03.2025 16:15;94.43;A;4200.67;A;4198.67;A;22.31;A;18.07;A;12.92;A;11.18;A;49.53;A;26;A;5.6;A;65.41;A;1017.03;A;17;A;0;A;9;A;148;A;0;A;230;A
03.03.2025 16:30;94.19;A;4191.13;A;4188.8;A;21.69;A;17.89;A;13.14;A;11.1;A;50.15;A;26;A;5.45;A;66.92;A;1017.05;A;16;A;0;A;10;A;159;A;0.33;A;176.67;A
03.03.2025 16:45;94.24;A;4210.8;A;4211.8;A;23.17;A;19.11;A;13.34;A;10.96;A;50.87;A;26;A;5.26;A;68.05;A;1017.19;A;15;A;0;A;10;A;141;A;0;A;240;A
03.03.2025 17:00;94.32;A;4211.8;A;4212.33;A;21.86;A;17.24;A;12.66;A;10.77;A;52.17;A;24;A;5.03;A;69.25;A;1017.22;A;15;A;0;A;9;A;170;A;0;A;220;A
03.03.2025 17:15;94.37;A;4212.47;A;4212.93;A;21.92;A;18.08;A;12.96;A;10.56;A;52.75;A;24;A;4.83;A;70.47;A;1017.09;A;14;A;0;A;10;A;147;A;0.33;A;100;A
03.03.2025 17:30;94.4;A;4213;A;4213.73;A;28.13;A;23.82;A;17.13;A;10.4;A;53.47;A;23;A;4.74;A;70.97;A;1017.22;A;12;A;1;A;11;A;173;A;0;A;200;A
03.03.2025 17:45;94.42;A;4212.8;A;4213.33;A;28.74;A;23;A;15.89;A;10.26;A;53.87;A;23;A;4.58;A;71.26;A;1017.26;A;13;A;0;A;10;A;175;A;0.33;A;143.33;A
03.03.2025 18:00;94.36;A;4192.93;A;4190.4;A;34.34;A;29.29;A;20.8;A;10.13;A;54.36;A;24;A;4.53;A;71.58;A;1017.47;A;10;A;0;A;14;A;183;A;0.33;A;220;A
03.03.2025 18:15;94.17;A;4200.73;A;4200.33;A;27.04;A;22.97;A;16.22;A;10.02;A;54.93;A;23;A;4.46;A;72.5;A;1017.62;A;12;A;1;A;12;A;190;A;0;A;206.67;A
03.03.2025 18:30;94.26;A;4211.2;A;4212.33;A;31.3;A;25.81;A;18.38;A;9.93;A;55.23;A;23;A;4.32;A;73;A;1017.7;A;12;A;1;A;11;A;230;A;0;A;260;A
03.03.2025 18:45;94.33;A;4212;A;4212.6;A;34.78;A;28.25;A;20.02;A;9.81;A;55.76;A;23;A;4.28;A;73.57;A;1017.8;A;12;A;1;A;10;A;160;A;0;A;270;A
03.03.2025 19:00;94.38;A;4212.8;A;4213;A;32.24;A;26.97;A;18.77;A;9.75;A;56.02;A;23;A;4.22;A;73.55;A;1017.89;A;12;A;1;A;10;A;159;A;0;A;346.67;A
03.03.2025 19:15;94.41;A;4212.8;A;4213;A;34.82;A;28.97;A;19.73;A;9.69;A;56.33;A;22;A;4.15;A;73.9;A;1017.9;A;12;A;1;A;10;A;166;A;0;A;320;A
03.03.2025 19:30;94.42;A;4213;A;4213.53;A;40.31;A;34.42;A;24.58;A;9.61;A;56.6;A;22;A;4.03;A;74.34;A;1017.89;A;11;A;1;A;10;A;170;A;0;A;266.67;A
03.03.2025 19:45;94.44;A;4213;A;4213.2;A;29.38;A;24.34;A;16.92;A;9.51;A;56.97;A;20;A;3.96;A;74.87;A;1017.97;A;13;A;1;A;7;A;142;A;0;A;190;A
03.03.2025 20:00;94.44;A;4213.13;A;4213.27;A;32.62;A;27.16;A;18.79;A;9.42;A;57.31;A;21;A;3.86;A;75.69;A;1017.86;A;13;A;1;A;8;A;163;A;0;A;236.67;A
03.03.2025 20:15;94.44;A;4206.47;A;4205.27;A;40.23;A;33.11;A;23.03;A;9.32;A;57.84;A;20;A;3.72;A;76.57;A;1017.99;A;12;A;1;A;8;A;150;A;0;A;190;A
03.03.2025 20:30;94.25;A;4194.73;A;4192.53;A;42.58;A;36.31;A;24.66;A;9.22;A;58.39;A;20;A;3.63;A;77.02;A;1017.84;A;11;A;1;A;9;A;154;A;0;A;133.33;A
03.03.2025 20:45;94.28;A;4211.53;A;4211.93;A;47.62;A;39.63;A;27.76;A;9.12;A;58.67;A;20;A;3.6;A;77.16;A;1017.84;A;10;A;1;A;11;A;153;A;0;A;193.33;A
03.03.2025 21:00;94.35;A;4212.27;A;4212.47;A;50.29;A;41.94;A;28.78;A;9.07;A;58.75;A;20;A;3.57;A;77.06;A;1017.78;A;12;A;1;A;8;A;124;A;0;A;273.33;A
03.03.2025 21:15;94.39;A;4213;A;4213.33;A;61.62;A;50.97;A;34.48;A;9.02;A;58.85;A;20;A;3.58;A;77.09;A;1017.73;A;12;A;1;A;8;A;125;A;0;A;136.67;A
03.03.2025 21:30;94.41;A;4212.87;A;4213.2;A;67.2;A;54.16;A;37.13;A;8.99;A;58.93;A;19;A;3.55;A;77;A;1017.89;A;11;A;1;A;8;A;136;A;0;A;166.67;A
03.03.2025 21:45;94.43;A;4212.8;A;4213.07;A;66.18;A;54.64;A;37.08;A;8.99;A;58.88;A;19;A;3.55;A;76.89;A;1017.7;A;13;A;1;A;7;A;119;A;0;A;156.67;A
03.03.2025 22:00;94.44;A;4213;A;4213.33;A;60.79;A;50.57;A;33.8;A;8.96;A;58.96;A;19;A;3.38;A;77.8;A;1017.53;A;13;A;1;A;6;A;119;A;0.33;A;336.67;A
03.03.2025 22:15;94.45;A;4213.6;A;4213.2;A;61.78;A;51.71;A;35.55;A;8.83;A;59.61;A;18;A;3.15;A;79.15;A;1017.5;A;12;A;2;A;6;A;123;A;0;A;143.33;A
03.03.2025 22:30;94.45;A;4213.6;A;4213.13;A;63.49;A;43.8;A;38.58;A;8.77;A;60.03;A;17;A;3.06;A;79.56;A;1017.57;A;11;A;2;A;6;A;126;A;0;A;200;A
03.03.2025 22:45;94.45;A;4213.73;A;4213.47;A;67.66;A;53.19;A;37.48;A;8.68;A;59.84;A;18;A;3.09;A;78.78;A;1017.6;A;11;A;2;A;7;A;134;A;0;A;270;A
03.03.2025 23:00;94.34;A;4189.33;A;4185.8;A;48.34;A;36.63;A;28.64;A;8.6;A;59.91;A;18;A;3.12;A;78.56;A;1017.56;A;11;A;1;A;7;A;120;A;0;A;160;A
03.03.2025 23:15;94.25;A;4211.2;A;4212.07;A;48.36;A;41.02;A;27.9;A;8.56;A;59.65;A;19;A;3.15;A;77.84;A;1017.61;A;12;A;1;A;7;A;125;A;0;A;120;A
03.03.2025 23:30;94.33;A;4211.87;A;4212.13;A;47.31;A;40.85;A;27.35;A;8.57;A;59.25;A;20;A;3.2;A;77.11;A;1017.51;A;12;A;1;A;7;A;120;A;0.33;A;203.33;A
03.03.2025 23:45;94.38;A;4212.8;A;4212.53;A;44.24;A;37.12;A;25.44;A;8.59;A;59.06;A;20;A;3.21;A;76.97;A;1017.68;A;13;A;1;A;7;A;118;A;0;A;80;A
04.03.2025 00:00;94.41;A;4212.87;A;4213.07;A;40.52;A;34.79;A;23.23;A;8.58;A;59.09;A;19;A;3.19;A;77.16;A;1017.66;A;13;A;1;A;6;A;110;A;0;A;183.33;A
04.03.2025 00:15;94.43;A;4212.87;A;4213.2;A;39.45;A;33.9;A;23.15;A;8.57;A;59.03;A;19;A;3.07;A;77.37;A;1017.6;A;13;A;1;A;5;A;103;A;0.33;A;113.33;A
04.03.2025 00:30;94.44;A;4212.93;A;4213.27;A;36.17;A;29.51;A;20.75;A;8.56;A;58.96;A;19;A;3.06;A;77.06;A;1017.62;A;14;A;1;A;5;A;107;A;0;A;250;A
04.03.2025 00:45;94.45;A;4213.4;A;4213.27;A;38.19;A;31.33;A;21.13;A;8.53;A;59.04;A;18;A;3.06;A;77.47;A;1017.57;A;13;A;1;A;5;A;110;A;0.33;A;146.67;A
04.03.2025 01:00;94.45;A;4213.6;A;4213.13;A;35.77;A;29.99;A;20.03;A;8.49;A;59.08;A;19;A;3.03;A;77.69;A;1017.46;A;14;A;1;A;5;A;115;A;0;A;170;A
04.03.2025 01:15;94.45;A;4212.33;A;4211.6;A;32.84;A;27.84;A;18.86;A;8.47;A;59.17;A;19;A;3.04;A;77.46;A;1017.4;A;14;A;1;A;5;A;106;A;0;A;83.33;A
04.03.2025 01:30;94.38;A;4206.4;A;4206.47;A;32.2;A;27.25;A;18.42;A;8.44;A;59.35;A;19;A;3.02;A;78.12;A;1017.32;A;14;A;1;A;5;A;106;A;0.33;A;136.67;A
04.03.2025 01:45;94.41;A;4212.8;A;4212.93;A;30.72;A;25.37;A;17.58;A;8.39;A;59.75;A;19;A;2.91;A;78.48;A;1017.33;A;14;A;1;A;5;A;101;A;0;A;136.67;A
04.03.2025 02:00;94.42;A;4212.93;A;4213.2;A;28.73;A;23.12;A;16.62;A;8.37;A;59.93;A;18;A;2.95;A;78.53;A;1017.28;A;13;A;1;A;5;A;99;A;0;A;136.67;A
04.03.2025 02:15;94.44;A;4213;A;4212.87;A;27.76;A;21.89;A;15.9;A;8.37;A;59.89;A;19;A;2.99;A;78.7;A;1017.23;A;14;A;1;A;5;A;96;A;0.33;A;176.67;A
04.03.2025 02:30;94.45;A;4213.47;A;4213.13;A;29.06;A;20.8;A;17.34;A;8.44;A;59.97;A;19;A;2.98;A;78.79;A;1017.08;A;13;A;1;A;5;A;104;A;0;A;106.67;A
04.03.2025 02:45;94.45;A;4213.53;A;4213.2;A;25.9;A;19.42;A;15.86;A;8.44;A;59.93;A;18;A;2.88;A;79.12;A;1016.76;A;14;A;1;A;4;A;95;A;0.33;A;340;A
04.03.2025 03:00;94.45;A;4213.73;A;4213.27;A;26.87;A;18.68;A;16.45;A;8.5;A;60.06;A;18;A;2.76;A;80.21;A;1016.67;A;14;A;1;A;4;A;94;A;0;A;100;A
04.03.2025 03:15;94.45;A;4213.73;A;4213.13;A;28.3;A;19.66;A;17.32;A;8.59;A;59.98;A;17;A;2.76;A;80.34;A;1016.65;A;14;A;1;A;4;A;95;A;0.33;A;270;A
04.03.2025 03:30;94.45;A;4213.53;A;4213.6;A;28.43;A;19.75;A;17.39;A;8.59;A;60.04;A;18;A;2.68;A;80.88;A;1016.54;A;14;A;1;A;4;A;100;A;0;A;210;A
04.03.2025 03:45;94.45;A;4213.47;A;4213.13;A;29.73;A;20.64;A;18.18;A;8.68;A;60.01;A;17;A;2.73;A;81.18;A;1016.6;A;13;A;2;A;4;A;102;A;0;A;270;A
04.03.2025 04:00;94.45;A;4213.73;A;4213.13;A;32.75;A;22.71;A;20;A;8.75;A;60.01;A;17;A;2.7;A;81.5;A;1016.62;A;13;A;2;A;4;A;93;A;0;A;30;A
04.03.2025 04:15;94.41;A;4205.8;A;4204.2;A;33.43;A;23.18;A;20.41;A;8.78;A;60;A;17;A;2.75;A;81.47;A;1016.36;A;13;A;1;A;4;A;93;A;0.67;A;270;A
04.03.2025 04:30;94.39;A;4212.8;A;4212.6;A;34.33;A;23.79;A;20.96;A;8.84;A;59.99;A;17;A;2.7;A;81.86;A;1016.11;A;13;A;1;A;4;A;91;A;0.33;A;136.67;A
04.03.2025 04:45;94.41;A;4212.8;A;4213;A;37;A;25.63;A;22.57;A;8.91;A;59.97;A;17;A;2.78;A;81.99;A;1016.36;A;13;A;1;A;4;A;103;A;0;A;166.67;A
04.03.2025 05:00;94.43;A;4213.13;A;4213;A;40.59;A;28.09;A;24.74;A;8.93;A;60;A;17;A;2.82;A;81.8;A;1016.36;A;12;A;1;A;5;A;106;A;0;A;83.33;A
04.03.2025 05:15;94.44;A;4213.07;A;4213.27;A;34.92;A;24.2;A;21.32;A;8.99;A;59.97;A;17;A;2.9;A;81.89;A;1016.43;A;13;A;2;A;4;A;102;A;0;A;193.33;A
04.03.2025 05:30;94.44;A;4213.4;A;4213;A;36.63;A;25.37;A;22.35;A;9;A;60.02;A;17;A;2.91;A;81.82;A;1016.31;A;13;A;1;A;4;A;109;A;0.33;A;140;A
04.03.2025 05:45;94.45;A;4213.53;A;4213.07;A;34.06;A;23.61;A;20.8;A;9.04;A;60;A;17;A;2.95;A;81.92;A;1016.3;A;13;A;2;A;4;A;108;A;0;A;143.33;A
04.03.2025 06:00;94.45;A;4213.73;A;4213.33;A;32.66;A;22.65;A;19.95;A;9.04;A;60;A;17;A;2.9;A;82.16;A;1016.38;A;12;A;2;A;4;A;109;A;0.33;A;196.67;A
04.03.2025 06:15;94.45;A;4213.67;A;4213.53;A;32.64;A;22.64;A;19.94;A;9.03;A;60;A;17;A;2.9;A;82.03;A;1016.25;A;12;A;1;A;5;A;118;A;0;A;130;A
04.03.2025 06:30;94.45;A;4213.67;A;4213;A;31.87;A;22.11;A;19.47;A;9.03;A;59.98;A;16;A;2.84;A;82.13;A;1016.1;A;12;A;2;A;4;A;112;A;0;A;196.67;A
04.03.2025 06:45;94.45;A;4213.8;A;4213.07;A;35.78;A;24.79;A;21.84;A;9;A;60;A;17;A;2.89;A;81.98;A;1016.21;A;11;A;1;A;5;A;129;A;0;A;140;A
04.03.2025 07:00;94.45;A;4214;A;4213.73;A;32.73;A;22.7;A;19.99;A;9.01;A;59.99;A;17;A;2.99;A;81.52;A;1016.29;A;13;A;1;A;5;A;109;A;0;A;140;A
04.03.2025 07:15;94.45;A;4213.67;A;4213.47;A;34.6;A;23.98;A;21.12;A;9.09;A;60.01;A;18;A;3.09;A;81.18;A;1016.44;A;12;A;1;A;5;A;115;A;0;A;123.33;A
04.03.2025 07:30;94.45;A;4213.73;A;4213.27;A;35.23;A;24.42;A;21.51;A;9.15;A;59.99;A;18;A;3.31;A;80.78;A;1016.72;A;12;A;1;A;5;A;117;A;0;A;133.33;A
04.03.2025 07:45;94.45;A;4213.47;A;4213;A;37.61;A;26.05;A;22.94;A;9.27;A;60;A;17;A;3.44;A;80.51;A;1016.71;A;11;A;1;A;6;A;130;A;0;A;193.33;A
04.03.2025 08:00;94.45;A;4213.8;A;4213.2;A;37.39;A;25.89;A;22.81;A;9.29;A;59.96;A;18;A;3.72;A;79.25;A;1016.62;A;13;A;1;A;6;A;122;A;0;A;106.67;A
04.03.2025 08:15;94.45;A;4213.73;A;4213.73;A;37.81;A;27.77;A;23.07;A;9.35;A;59.91;A;20;A;4;A;78.22;A;1016.59;A;12;A;0;A;7;A;130;A;0.67;A;333.33;A
04.03.2025 08:30;94.45;A;4213.6;A;4213.2;A;36.18;A;27.02;A;21.85;A;9.41;A;59.97;A;20;A;4.22;A;77.85;A;1016.45;A;13;A;1;A;6;A;124;A;0.33;A;203.33;A
04.03.2025 08:45;94.36;A;4190;A;4186;A;41.34;A;33.17;A;22.47;A;9.6;A;59.71;A;19;A;4.38;A;77.2;A;1016.33;A;12;A;1;A;7;A;130;A;0;A;63.33;A
04.03.2025 09:00;94.26;A;4211.47;A;4212.33;A;43.41;A;35.75;A;24.74;A;9.79;A;59.45;A;19;A;4.59;A;76.9;A;1016.28;A;13;A;1;A;7;A;133;A;0;A;143.33;A
04.03.2025 09:15;94.33;A;4211.8;A;4212.6;A;39.51;A;32.23;A;22.94;A;10.02;A;59.01;A;19;A;4.83;A;75.97;A;1016.19;A;12;A;1;A;7;A;144;A;0.33;A;180;A
04.03.2025 09:30;94.37;A;4212.73;A;4213.07;A;40.1;A;33.16;A;23.12;A;10.25;A;58.49;A;19;A;5.08;A;75.33;A;1016.6;A;13;A;1;A;6;A;141;A;0;A;96.67;A
04.03.2025 09:45;94.4;A;4212.8;A;4213.27;A;42.55;A;35.1;A;25.26;A;10.5;A;57.7;A;20;A;5.09;A;75.31;A;1016.85;A;14;A;1;A;7;A;152;A;1;A;280;A
04.03.2025 10:00;94.42;A;4212.8;A;4213.6;A;49.42;A;39.92;A;27.7;A;10.56;A;57.78;A;20;A;4.97;A;76.4;A;1016.97;A;13;A;1;A;7;A;152;A;1.67;A;343.33;A
04.03.2025 10:15;94.43;A;4212.73;A;4213.47;A;44.73;A;35.93;A;25.66;A;10.51;A;58.2;A;20;A;4.97;A;76.67;A;1016.96;A;12;A;1;A;7;A;173;A;1.67;A;350;A
04.03.2025 10:30;94.44;A;4212.87;A;4212.93;A;52.05;A;40.73;A;28.36;A;10.52;A;58.41;A;20;A;5.2;A;76.09;A;1016.62;A;12;A;1;A;8;A;183;A;0.67;A;333.33;A
04.03.2025 10:45;94.44;A;4213.07;A;4213.53;A;49.11;A;39.53;A;27.73;A;10.62;A;57.98;A;20;A;5.49;A;74.34;A;1016.23;A;13;A;1;A;6;A;180;A;0;A;116.67;A
04.03.2025 11:00;94.44;A;4213.33;A;4214.13;A;37.5;A;30.9;A;21.96;A;10.91;A;56.73;A;21;A;5.99;A;71.95;A;1016.09;A;15;A;1;A;6;A;155;A;0.33;A;190;A
04.03.2025 11:15;94.33;A;4187.27;A;4184.2;A;38.01;A;30.57;A;22.07;A;11.3;A;55.61;A;22;A;6.35;A;70.37;A;1016.37;A;15;A;1;A;7;A;220;A;0.33;A;186.67;A
04.03.2025 11:30;94.18;A;4205.53;A;4206.13;A;39.98;A;32.48;A;22.99;A;11.67;A;54.56;A;23;A;6.49;A;70.22;A;1016.28;A;15;A;1;A;8;A;224;A;1;A;346.67;A
04.03.2025 11:45;94.27;A;4211.33;A;4212.4;A;35.44;A;29.12;A;20.64;A;11.86;A;54.4;A;22;A;6.69;A;70.28;A;1015.87;A;15;A;0;A;8;A;152;A;0;A;236.67;A
04.03.2025 12:00;94.34;A;4211.87;A;4212.93;A;36.01;A;28.89;A;20.61;A;12.1;A;54.07;A;22;A;7;A;69.41;A;1015.87;A;15;A;0;A;6;A;151;A;0;A;206.67;A
04.03.2025 12:15;94.38;A;4212.67;A;4213.33;A;31.72;A;25.98;A;18.76;A;12.4;A;53.37;A;22;A;7.18;A;68.73;A;1016.01;A;16;A;0;A;6;A;131;A;0.33;A;203.33;A
04.03.2025 12:30;94.4;A;4212.8;A;4213.6;A;34.56;A;28.1;A;20.5;A;12.65;A;53.14;A;23;A;7.43;A;68.77;A;1016.26;A;15;A;0;A;8;A;174;A;0.67;A;300;A
04.03.2025 12:45;94.42;A;4212.73;A;4213.47;A;47.97;A;39.83;A;28.98;A;12.89;A;52.62;A;23;A;7.62;A;67.78;A;1016.27;A;15;A;1;A;8;A;235;A;0.67;A;236.67;A
04.03.2025 13:00;94.43;A;4212.93;A;4214.07;A;40.95;A;33.9;A;24.76;A;13.08;A;52.58;A;23;A;7.73;A;68.8;A;1016.24;A;15;A;1;A;8;A;224;A;1;A;340;A
04.03.2025 13:15;94.43;A;4212.93;A;4214.2;A;35.68;A;29.23;A;20.93;A;13.22;A;52.89;A;23;A;7.86;A;68.72;A;1015.83;A;16;A;1;A;7;A;191;A;1.67;A;340;A
04.03.2025 13:30;94.44;A;4212.87;A;4214;A;40.73;A;33.73;A;24.17;A;13.37;A;52.25;A;23;A;7.98;A;67.37;A;1015.36;A;16;A;0;A;7;A;180;A;0.67;A;233.33;A
04.03.2025 13:45;94.44;A;4212.87;A;4213.87;A;28.62;A;24.08;A;18.16;A;13.48;A;51.47;A;24;A;8.1;A;66.67;A;1015.12;A;17;A;0;A;6;A;173;A;0.67;A;183.33;A
04.03.2025 14:00;94.44;A;4212.87;A;4214.2;A;28.91;A;23.65;A;17.8;A;13.63;A;49.46;A;26;A;8.39;A;62.34;A;1015.43;A;20;A;0;A;6;A;170;A;1;A;343.33;A
04.03.2025 14:15;94.44;A;4212.8;A;4213.8;A;24.14;A;19.93;A;15.16;A;13.78;A;46.88;A;27;A;8.31;A;60.14;A;1015.37;A;20;A;0;A;7;A;175;A;0.33;A;226.67;A
04.03.2025 14:30;94.44;A;4212.87;A;4214.27;A;26.84;A;22.23;A;17.14;A;13.82;A;46.8;A;29;A;8.33;A;60.57;A;1015.33;A;18;A;0;A;11;A;177;A;0.67;A;266.67;A
04.03.2025 14:45;94.36;A;4195.07;A;4193.8;A;21.66;A;16.85;A;12.51;A;13.84;A;46.11;A;29;A;8.43;A;59.47;A;1015.08;A;20;A;0;A;8;A;147;A;0.33;A;230;A
04.03.2025 15:00;94.28;A;4209.33;A;4209.13;A;24.84;A;20.24;A;14.97;A;13.92;A;46.41;A;28;A;8.55;A;59.64;A;1014.84;A;20;A;0;A;8;A;141;A;0.67;A;273.33;A
04.03.2025 15:15;94.33;A;4211.87;A;4213.67;A;19.78;A;16.59;A;12.55;A;13.99;A;45.57;A;29;A;8.64;A;58.61;A;1014.78;A;22;A;0;A;7;A;163;A;0;A;116.67;A
04.03.2025 15:30;94.37;A;4212.47;A;4213.47;A;18.55;A;14.45;A;10.91;A;14.1;A;45.18;A;29;A;8.65;A;58.05;A;1014.82;A;21;A;0;A;8;A;174;A;0.33;A;230;A
04.03.2025 15:45;94.4;A;4212.73;A;4213.67;A;18.58;A;14.35;A;10.47;A;14.14;A;44.59;A;30;A;8.62;A;57.24;A;1014.72;A;22;A;0;A;8;A;137;A;0.67;A;233.33;A
04.03.2025 16:00;94.41;A;4212.87;A;4213.93;A;18.25;A;14.67;A;11.41;A;14.09;A;44.46;A;30;A;8.48;A;58.14;A;1014.56;A;22;A;0;A;8;A;118;A;0.33;A;140;A
04.03.2025 16:15;94.43;A;4212.8;A;4214;A;19.29;A;14.16;A;10.83;A;14.01;A;45.02;A;29;A;8.36;A;58.86;A;1014.59;A;22;A;0;A;7;A;122;A;0.33;A;280;A
04.03.2025 16:30;94.43;A;4212.87;A;4213.87;A;20.23;A;17.03;A;12.88;A;13.92;A;45.44;A;29;A;8.29;A;59.1;A;1014.61;A;22;A;0;A;8;A;118;A;0.33;A;233.33;A
04.03.2025 16:45;94.41;A;4205.87;A;4206.13;A;25.62;A;20.4;A;15.93;A;13.77;A;45.56;A;29;A;8.04;A;59.64;A;1014.48;A;21;A;0;A;8;A;128;A;0.33;A;96.67;A
04.03.2025 17:00;94.37;A;4212.33;A;4213.4;A;25.42;A;20.68;A;15.44;A;13.56;A;46.06;A;28;A;7.78;A;60.76;A;1014.22;A;22;A;0;A;6;A;118;A;0;A;103.33;A
04.03.2025 17:15;94.4;A;4213;A;4214;A;28.63;A;22.62;A;16.85;A;13.3;A;46.8;A;28;A;7.48;A;62.05;A;1014.15;A;21;A;0;A;7;A;117;A;0.33;A;203.33;A
04.03.2025 17:30;94.42;A;4212.73;A;4213.67;A;26.52;A;21.28;A;15.72;A;13.01;A;48.08;A;28;A;7.19;A;64.09;A;1013.9;A;22;A;0;A;6;A;116;A;0.67;A;230;A
04.03.2025 17:45;94.43;A;4212.87;A;4213.8;A;24.35;A;19.61;A;14.56;A;12.7;A;49.14;A;27;A;6.79;A;65.68;A;1013.97;A;21;A;0;A;6;A;114;A;0.33;A;193.33;A
04.03.2025 18:00;94.43;A;4212.87;A;4213.8;A;25.87;A;20.69;A;15.36;A;12.3;A;50.23;A;27;A;6.33;A;67.61;A;1013.87;A;20;A;0;A;6;A;129;A;0.33;A;270;A
04.03.2025 18:15;94.43;A;4204.6;A;4203.8;A;28.86;A;23.15;A;17.12;A;11.93;A;51.14;A;26;A;6.03;A;68.31;A;1013.96;A;19;A;0;A;6;A;129;A;0.33;A;133.33;A
04.03.2025 18:30;94.23;A;4194.6;A;4192.6;A;32.22;A;26.44;A;19.32;A;11.56;A;51.89;A;26;A;5.67;A;69.31;A;1014.28;A;20;A;0;A;6;A;118;A;0.33;A;336.67;A
04.03.2025 18:45;94.26;A;4211.27;A;4212.33;A;33.87;A;28.38;A;20.38;A;11.2;A;52.73;A;25;A;5.32;A;70.45;A;1014.32;A;19;A;1;A;6;A;144;A;0.33;A;100;A
04.03.2025 19:00;94.33;A;4212.13;A;4212.53;A;34.74;A;28.58;A;20.68;A;10.88;A;53.58;A;25;A;5.09;A;71.27;A;1014.2;A;17;A;0;A;8;A;149;A;0.33;A;136.67;A
04.03.2025 19:15;94.37;A;4213;A;4213.33;A;34.97;A;28.15;A;20.13;A;10.59;A;54.24;A;24;A;4.81;A;72.31;A;1014.04;A;19;A;1;A;5;A;129;A;0.33;A;146.67;A
04.03.2025 19:30;94.4;A;4212.73;A;4213.47;A;32.8;A;26.86;A;19.34;A;10.32;A;54.99;A;23;A;4.56;A;73.18;A;1013.99;A;18;A;1;A;5;A;125;A;1;A;140;A
04.03.2025 19:45;94.41;A;4212.87;A;4213.33;A;32.01;A;26.28;A;19.31;A;10.08;A;55.6;A;23;A;4.38;A;73.73;A;1014;A;18;A;1;A;5;A;122;A;0.67;A;136.67;A
04.03.2025 20:00;94.42;A;4213.07;A;4213.53;A;32.16;A;27.07;A;19.48;A;9.88;A;56.32;A;24;A;4.34;A;74.14;A;1013.93;A;19;A;1;A;5;A;125;A;1;A;140;A
04.03.2025 20:15;94.43;A;4213.53;A;4213.4;A;30.57;A;25.14;A;17.83;A;9.76;A;56.85;A;23;A;4.21;A;74.79;A;1013.91;A;18;A;0;A;4;A;115;A;0.33;A;130;A
04.03.2025 20:30;94.33;A;4197.73;A;4195.4;A;30.33;A;25.39;A;17.89;A;9.61;A;57.34;A;23;A;3.97;A;75.67;A;1013.87;A;18;A;1;A;5;A;113;A;0.33;A;133.33;A
04.03.2025 20:45;94.32;A;4211.93;A;4212.4;A;31.85;A;26.73;A;19.56;A;9.45;A;57.89;A;22;A;3.81;A;76.51;A;1013.84;A;18;A;1;A;5;A;128;A;0.67;A;136.67;A
04.03.2025 21:00;94.37;A;4212.8;A;4213.2;A;30.83;A;24.67;A;17.45;A;9.28;A;58.52;A;22;A;3.71;A;77.05;A;1013.78;A;17;A;1;A;4;A;118;A;0.67;A;133.33;A
04.03.2025 21:15;94.39;A;4212.93;A;4213.53;A;30.31;A;25.09;A;17.59;A;9.15;A;59.09;A;21;A;3.61;A;77.64;A;1013.87;A;17;A;1;A;4;A;124;A;0.67;A;133.33;A
04.03.2025 21:30;94.38;A;4199.93;A;4197.87;A;31.63;A;27.12;A;18.86;A;9.04;A;59.48;A;22;A;3.5;A;78;A;1013.68;A;17;A;1;A;5;A;133;A;1;A;133.33;A
04.03.2025 21:45;94.24;A;4204.8;A;4204.07;A;32.41;A;25.6;A;18.99;A;8.94;A;59.83;A;22;A;3.42;A;78.58;A;1013.45;A;18;A;1;A;4;A;120;A;0.33;A;123.33;A
04.03.2025 22:00;94.31;A;4212;A;4212.27;A;34.65;A;24.02;A;21.15;A;8.91;A;60.01;A;22;A;3.36;A;78.83;A;1013.69;A;18;A;1;A;4;A;129;A;0;A;56.67;A
04.03.2025 22:15;94.36;A;4212.6;A;4212.4;A;33.89;A;23.49;A;20.69;A;8.92;A;60.01;A;22;A;3.38;A;78.84;A;1013.68;A;17;A;1;A;4;A;123;A;0;A;116.67;A
04.03.2025 22:30;94.39;A;4212.67;A;4213;A;33.59;A;24.11;A;20.47;A;8.99;A;59.95;A;23;A;3.71;A;77.57;A;1013.86;A;18;A;0;A;5;A;129;A;0.33;A;163.33;A
04.03.2025 22:45;94.41;A;4212.73;A;4213.2;A;36.7;A;27.59;A;22.45;A;9.04;A;59.92;A;23;A;3.85;A;77.04;A;1013.67;A;18;A;0;A;5;A;128;A;0;A;66.67;A
04.03.2025 23:00;94.42;A;4213.13;A;4213.6;A;36.14;A;30.68;A;21.73;A;9.06;A;59.69;A;22;A;3.66;A;77.69;A;1013.72;A;17;A;0;A;5;A;121;A;0;A;203.33;A
04.03.2025 23:15;94.42;A;4206.47;A;4205.13;A;39.74;A;32.49;A;23.28;A;8.99;A;59.79;A;22;A;3.49;A;78.43;A;1013.77;A;17;A;0;A;5;A;135;A;0;A;136.67;A
04.03.2025 23:30;94.34;A;4208.33;A;4207.8;A;38.89;A;27.48;A;23.44;A;9.09;A;59.96;A;23;A;3.65;A;78.41;A;1013.47;A;18;A;0;A;5;A;117;A;0.33;A;100;A
04.03.2025 23:45;94.38;A;4212.73;A;4212.6;A;40.37;A;28.41;A;24.29;A;9.01;A;60.01;A;22;A;3.51;A;78.64;A;1013.42;A;18;A;1;A;5;A;126;A;0;A;56.67;A
05.03.2025 00:00;94.4;A;4212.8;A;4212.93;A;40.1;A;27.75;A;24.44;A;9.09;A;59.99;A;23;A;3.51;A;78.87;A;1013.21;A;18;A;0;A;5;A;121;A;0;A;200;A
05.03.2025 00:15;94.42;A;4213;A;4213.4;A;40.93;A;28.32;A;24.94;A;9.05;A;60.03;A;22;A;3.39;A;79.35;A;1013.3;A;17;A;0;A;5;A;117;A;0;A;93.33;A
05.03.2025 00:30;94.29;A;4193;A;4190.33;A;43.37;A;30;A;26.42;A;9.03;A;60.01;A;22;A;3.23;A;80.13;A;1013.54;A;17;A;0;A;5;A;126;A;0.67;A;136.67;A
05.03.2025 00:45;94.29;A;4211.67;A;4211.93;A;43.55;A;30.12;A;26.53;A;9.04;A;60.01;A;22;A;3.2;A;80.4;A;1013.62;A;17;A;1;A;5;A;119;A;0;A;133.33;A
05.03.2025 01:00;94.35;A;4212.33;A;4212.33;A;45.25;A;31.29;A;27.56;A;9.03;A;60;A;21;A;3.06;A;80.77;A;1013.7;A;16;A;1;A;4;A;124;A;0;A;106.67;A
05.03.2025 01:15;94.38;A;4212.93;A;4213.13;A;46.13;A;31.89;A;28.09;A;9.02;A;60;A;20;A;3.04;A;80.89;A;1013.54;A;16;A;1;A;4;A;123;A;0;A;176.67;A
05.03.2025 01:30;94.41;A;4212.93;A;4213.4;A;48.97;A;33.84;A;29.81;A;9.07;A;60.02;A;21;A;3.08;A;80.93;A;1013.7;A;15;A;0;A;6;A;139;A;0;A;86.67;A
05.03.2025 01:45;94.42;A;4212.87;A;4213.2;A;47.38;A;32.75;A;28.84;A;9.13;A;59.99;A;21;A;3.16;A;80.84;A;1013.74;A;16;A;0;A;5;A;130;A;0.33;A;123.33;A
05.03.2025 02:00;94.43;A;4213.07;A;4212.93;A;49.36;A;34.11;A;30.04;A;9.17;A;59.98;A;21;A;3.25;A;80.77;A;1013.61;A;16;A;0;A;6;A;138;A;0;A;273.33;A
05.03.2025 02:15;94.44;A;4213.53;A;4213.27;A;50.36;A;34.79;A;30.64;A;9.21;A;59.95;A;21;A;3.25;A;80.69;A;1013.69;A;15;A;0;A;6;A;161;A;0;A;140;A
05.03.2025 02:30;94.42;A;4204.47;A;4203;A;48.39;A;33.44;A;29.46;A;9.1;A;60;A;21;A;3.1;A;80.91;A;1013.53;A;15;A;0;A;6;A;134;A;0.33;A;206.67;A
05.03.2025 02:45;94.21;A;4190.87;A;4188;A;52.32;A;36.14;A;31.83;A;9.06;A;60.03;A;21;A;3.03;A;81.33;A;1013.33;A;15;A;1;A;6;A;136;A;0.33;A;200;A
05.03.2025 03:00;94.23;A;4211.2;A;4211.8;A;50.38;A;34.81;A;30.65;A;9.03;A;60.01;A;21;A;2.95;A;81.54;A;1013.21;A;15;A;1;A;6;A;133;A;0.33;A;170;A
05.03.2025 03:15;94.31;A;4212;A;4212.53;A;55.79;A;38.52;A;33.93;A;9.01;A;59.99;A;21;A;2.96;A;81.38;A;1013.22;A;14;A;0;A;7;A;164;A;0.33;A;213.33;A
05.03.2025 03:30;94.36;A;4212.87;A;4212.8;A;49.26;A;34.04;A;29.98;A;9.03;A;60.01;A;22;A;3.04;A;81.29;A;1013.31;A;15;A;1;A;7;A;146;A;0;A;346.67;A
05.03.2025 03:45;94.39;A;4212.8;A;4212.87;A;50.98;A;35.22;A;31.02;A;9.07;A;59.97;A;22;A;3.13;A;80.91;A;1013.62;A;15;A;1;A;6;A;162;A;0;A;340;A
05.03.2025 04:00;94.41;A;4212.87;A;4212.87;A;57.49;A;39.68;A;34.95;A;9.03;A;59.98;A;22;A;3.14;A;80.54;A;1013.81;A;15;A;1;A;6;A;164;A;1;A;343.33;A
05.03.2025 04:15;94.4;A;4203.67;A;4202.33;A;48.7;A;33.65;A;29.64;A;8.97;A;59.98;A;22;A;3.06;A;80.51;A;1013.69;A;16;A;1;A;6;A;150;A;0.67;A;340;A
05.03.2025 04:30;94.21;A;4195.53;A;4193.13;A;50.68;A;35.01;A;30.84;A;8.92;A;60;A;22;A;3.03;A;80.64;A;1013.61;A;16;A;1;A;7;A;157;A;0;A;343.33;A
05.03.2025 04:45;94.26;A;4211.6;A;4212.07;A;48.66;A;33.63;A;29.62;A;8.88;A;59.98;A;22;A;3.04;A;80.45;A;1014.01;A;16;A;1;A;6;A;146;A;0;A;206.67;A
05.03.2025 05:00;94.33;A;4212.13;A;4212.4;A;50.27;A;34.73;A;30.59;A;8.83;A;59.98;A;21;A;2.99;A;80.59;A;1013.95;A;15;A;1;A;7;A;147;A;0;A;133.33;A
05.03.2025 05:15;94.37;A;4212.73;A;4212.53;A;49.4;A;34.13;A;30.06;A;8.76;A;60.02;A;21;A;2.83;A;80.73;A;1014.05;A;14;A;1;A;7;A;158;A;0;A;206.67;A
05.03.2025 05:30;94.4;A;4213;A;4213.53;A;51.79;A;35.77;A;31.51;A;8.76;A;59.99;A;22;A;2.89;A;80.76;A;1014.13;A;15;A;1;A;6;A;147;A;0;A;243.33;A
05.03.2025 05:45;94.41;A;4212.87;A;4212.87;A;48.2;A;33.31;A;29.34;A;8.71;A;60.01;A;22;A;2.87;A;80.54;A;1014.23;A;14;A;0;A;7;A;170;A;0;A;273.33;A
05.03.2025 06:00;94.42;A;4213.07;A;4213;A;54.35;A;37.53;A;33.05;A;8.7;A;59.97;A;22;A;2.96;A;80.16;A;1014.17;A;14;A;0;A;8;A;190;A;0.33;A;346.67;A
05.03.2025 06:15;94.43;A;4213.33;A;4212.93;A;45.47;A;31.44;A;27.69;A;8.69;A;59.96;A;22;A;2.99;A;79.89;A;1014.44;A;16;A;1;A;6;A;162;A;0.33;A;223.33;A
05.03.2025 06:30;94.44;A;4213.73;A;4213.13;A;49.99;A;34.54;A;30.42;A;8.58;A;60.02;A;22;A;2.9;A;79.89;A;1014.52;A;15;A;1;A;7;A;198;A;0.67;A;233.33;A
05.03.2025 06:45;94.44;A;4213.6;A;4213.4;A;47.07;A;33.25;A;28.39;A;8.58;A;59.99;A;22;A;2.99;A;79.51;A;1014.61;A;16;A;0;A;6;A;164;A;0.67;A;346.67;A
05.03.2025 07:00;94.44;A;4213.8;A;4213.33;A;43.23;A;29.9;A;26.34;A;8.63;A;59.97;A;22;A;3.08;A;79.09;A;1014.89;A;16;A;0;A;7;A;170;A;1;A;346.67;A
05.03.2025 07:15;94.3;A;4183.2;A;4179;A;46.41;A;35.84;A;27.38;A;8.58;A;59.92;A;22;A;3.24;A;78.16;A;1015.13;A;15;A;0;A;7;A;199;A;1;A;343.33;A
05.03.2025 07:30;94.23;A;4211.2;A;4212.07;A;49.02;A;39.89;A;29.11;A;8.7;A;59.83;A;22;A;3.65;A;76.77;A;1015.28;A;14;A;0;A;8;A;191;A;0.67;A;340;A
05.03.2025 07:45;94.31;A;4211.73;A;4212.53;A;42.91;A;35.78;A;24.64;A;9.16;A;58.85;A;21;A;4.53;A;73.56;A;1015.5;A;15;A;0;A;7;A;185;A;0.67;A;336.67;A
05.03.2025 08:00;94.36;A;4212.4;A;4212.87;A;42.66;A;34.3;A;24.14;A;9.99;A;56.49;A;22;A;4.9;A;72.04;A;1015.57;A;15;A;0;A;7;A;204;A;1.33;A;346.67;A
05.03.2025 08:15;94.39;A;4212.8;A;4213.47;A;45.72;A;36.94;A;25.95;A;10.64;A;54.72;A;24;A;5.6;A;70.03;A;1015.65;A;15;A;0;A;9;A;196;A;2;A;346.67;A
05.03.2025 08:30;94.41;A;4212.87;A;4213.73;A;41.43;A;34.64;A;24.56;A;11.41;A;52.99;A;22;A;6.32;A;67.75;A;1015.59;A;15;A;0;A;7;A;207;A;1.67;A;343.33;A
05.03.2025 08:45;94.43;A;4212.8;A;4214.13;A;34.4;A;27.54;A;20.46;A;12.34;A;50.88;A;23;A;7.28;A;64.87;A;1015.53;A;16;A;0;A;7;A;187;A;1.67;A;346.67;A
05.03.2025 09:00;94.43;A;4212.87;A;4213.93;A;36.43;A;28.78;A;20.51;A;13.35;A;48.69;A;23;A;8.12;A;62.45;A;1015.38;A;16;A;0;A;7;A;190;A;2;A;346.67;A
05.03.2025 09:15;94.44;A;4212.8;A;4214.07;A;33.08;A;27.01;A;19.08;A;14.23;A;46.77;A;24;A;8.7;A;60.82;A;1015.73;A;16;A;0;A;7;A;193;A;1.33;A;230;A
05.03.2025 09:30;94.44;A;4213;A;4214.53;A;38.74;A;31.14;A;22.65;A;14.9;A;45.69;A;24;A;9.21;A;59.74;A;1016.07;A;15;A;0;A;9;A;249;A;1.67;A;346.67;A
05.03.2025 09:45;94.44;A;4212.73;A;4214.4;A;36.51;A;29.05;A;20.57;A;15.48;A;44.69;A;23;A;9.33;A;59.31;A;1016.09;A;16;A;0;A;7;A;198;A;2.33;A;350;A
05.03.2025 10:00;94.44;A;4212.87;A;4214.27;A;41.1;A;32.51;A;22.87;A;15.71;A;44.16;A;26;A;9.5;A;59.37;A;1016.07;A;17;A;1;A;9;A;218;A;2;A;346.67;A
05.03.2025 10:15;94.44;A;4211.27;A;4212.33;A;39.61;A;31.51;A;22.75;A;15.86;A;44.55;A;24;A;10.15;A;58.36;A;1016.09;A;16;A;0;A;8;A;257;A;1.33;A;346.67;A
05.03.2025 10:30;94.3;A;4196.4;A;4195.73;A;42.47;A;35.68;A;25.64;A;16.43;A;44.02;A;24;A;10.52;A;57.29;A;1016.23;A;17;A;0;A;7;A;257;A;1.33;A;233.33;A
05.03.2025 10:45;94.31;A;4211.53;A;4213.27;A;39.61;A;32.13;A;23.14;A;16.92;A;43.24;A;25;A;10.44;A;58.33;A;1016.28;A;18;A;0;A;7;A;255;A;1.33;A;236.67;A
05.03.2025 11:00;94.36;A;4211.87;A;4213.6;A;37.84;A;31.28;A;22.38;A;16.87;A;43.91;A;26;A;10.38;A;59.65;A;1016.18;A;17;A;1;A;9;A;279;A;1.33;A;350;A
05.03.2025 11:15;94.39;A;4212.4;A;4213.73;A;33.75;A;26.29;A;18.84;A;16.77;A;44.71;A;26;A;10.86;A;58.59;A;1016.06;A;19;A;0;A;8;A;233;A;1.67;A;350;A
05.03.2025 11:30;94.41;A;4212.87;A;4214.73;A;31.7;A;26.32;A;19.32;A;17;A;44.37;A;26;A;11.24;A;56.47;A;1015.76;A;18;A;0;A;8;A;352;A;0.67;A;350;A
05.03.2025 11:45;94.35;A;4193.67;A;4192.13;A;25.51;A;20.12;A;14.73;A;17.37;A;42.99;A;29;A;11.52;A;55.37;A;1015.6;A;22;A;0;A;7;A;203;A;1;A;350;A
05.03.2025 12:00;94.2;A;4201.73;A;4202.53;A;23.77;A;18.6;A;14.15;A;17.68;A;42.06;A;31;A;11.84;A;53.74;A;1015.47;A;23;A;0;A;7;A;222;A;1;A;346.67;A
05.03.2025 12:15;94.28;A;4211.13;A;4212.93;A;26.23;A;21.17;A;15.43;A;17.91;A;41.44;A;31;A;11.91;A;53.51;A;1015.27;A;22;A;0;A;9;A;293;A;0.67;A;346.67;A
05.03.2025 12:30;94.34;A;4211.87;A;4213.6;A;21.64;A;16.88;A;12.24;A;18.01;A;41.66;A;32;A;11.91;A;54.22;A;1015.16;A;24;A;0;A;8;A;183;A;1.33;A;236.67;A
05.03.2025 12:45;94.38;A;4212.33;A;4213.93;A;24.04;A;19.31;A;14.06;A;17.91;A;41.96;A;33;A;11.76;A;55.34;A;1015.2;A;25;A;0;A;8;A;173;A;1.33;A;233.33;A
05.03.2025 13:00;94.4;A;4212.8;A;4214.27;A;26.4;A;20.9;A;15.3;A;17.69;A;43.06;A;32;A;11.55;A;56.51;A;1015.14;A;24;A;0;A;7;A;198;A;1.67;A;350;A
05.03.2025 13:15;94.42;A;4212.8;A;4213.93;A;23.73;A;19.24;A;14.26;A;17.51;A;43.59;A;31;A;11.53;A;57.04;A;1014.96;A;24;A;0;A;7;A;222;A;0.33;A;116.67;A
05.03.2025 13:30;94.4;A;4200.6;A;4200.13;A;28.78;A;22.03;A;16.24;A;17.41;A;43.97;A;32;A;11.54;A;56.36;A;1014.79;A;24;A;0;A;8;A;249;A;1.33;A;346.67;A
05.03.2025 13:45;94.3;A;4211.33;A;4213.27;A;23.78;A;18.17;A;13.29;A;17.37;A;43.82;A;33;A;11.63;A;56.1;A;1014.53;A;26;A;0;A;7;A;182;A;1.33;A;350;A
05.03.2025 14:00;94.36;A;4211.87;A;4213.73;A;24;A;18.5;A;13.63;A;17.33;A;43.52;A;33;A;11.71;A;55.47;A;1014.53;A;25;A;0;A;7;A;178;A;0.67;A;120;A
05.03.2025 14:15;94.39;A;4212.73;A;4213.87;A;29.69;A;23.14;A;17.01;A;17.33;A;44.51;A;33;A;11.62;A;57.79;A;1014.63;A;25;A;0;A;8;A;194;A;1.33;A;233.33;A
05.03.2025 14:30;94.41;A;4212.87;A;4214.27;A;30.17;A;24.08;A;17.8;A;17.32;A;45.44;A;32;A;11.64;A;58.39;A;1014.62;A;25;A;0;A;6;A;210;A;1;A;233.33;A
05.03.2025 14:45;94.42;A;4212.8;A;4214.2;A;29.21;A;22.98;A;16.8;A;17.29;A;44.29;A;33;A;11.54;A;56.11;A;1014.62;A;26;A;0;A;7;A;186;A;1.67;A;350;A
05.03.2025 15:00;94.43;A;4212.8;A;4214;A;32.77;A;25.89;A;18.49;A;17.24;A;43.36;A;34;A;11.48;A;55;A;1014.35;A;26;A;0;A;8;A;193;A;1.33;A;233.33;A
05.03.2025 15:15;94.44;A;4212.8;A;4214;A;31.92;A;25.58;A;18.79;A;17.19;A;43.18;A;34;A;11.58;A;54.9;A;1014.34;A;26;A;0;A;8;A;181;A;1.67;A;346.67;A
05.03.2025 15:30;94.44;A;4212.93;A;4214.4;A;52.02;A;41.27;A;28.09;A;17.24;A;42.35;A;33;A;11.76;A;52.84;A;1014.37;A;26;A;0;A;7;A;229;A;1.33;A;233.33;A
05.03.2025 15:45;94.37;A;4193.93;A;4192.73;A;31.19;A;24.79;A;17.54;A;17.31;A;41.41;A;34;A;11.84;A;52.1;A;1014.39;A;27;A;0;A;7;A;207;A;1.67;A;350;A
05.03.2025 16:00;94.2;A;4204;A;4204.33;A;25.22;A;20.26;A;14.82;A;17.35;A;41.44;A;34;A;11.82;A;52.17;A;1014.3;A;25;A;0;A;9;A;181;A;0.67;A;230;A
05.03.2025 16:15;94.29;A;4211.27;A;4213.2;A;29.31;A;22.74;A;16.37;A;17.35;A;41.05;A;33;A;11.74;A;51.67;A;1014.41;A;25;A;0;A;8;A;214;A;1.33;A;346.67;A
05.03.2025 16:30;94.34;A;4211.8;A;4213.2;A;26.88;A;20.13;A;14.84;A;17.3;A;41;A;33;A;11.61;A;52.36;A;1014.28;A;24;A;0;A;9;A;227;A;0.67;A;230;A
05.03.2025 16:45;94.38;A;4212.27;A;4213.67;A;25.74;A;20.39;A;15.26;A;17.18;A;42.13;A;32;A;11.48;A;54.01;A;1014.3;A;23;A;0;A;10;A;251;A;0.67;A;233.33;A
05.03.2025 17:00;94.4;A;4212.8;A;4213.93;A;24.28;A;19.42;A;13.44;A;17.07;A;42.74;A;31;A;11.39;A;54.44;A;1014.41;A;23;A;0;A;8;A;189;A;0;A;156.67;A
05.03.2025 17:15;94.42;A;4212.8;A;4213.8;A;23.04;A;18.37;A;13.48;A;16.97;A;43.03;A;31;A;11.29;A;54.96;A;1014.37;A;21;A;0;A;10;A;179;A;0.33;A;340;A
05.03.2025 17:30;94.32;A;4189.2;A;4186.87;A;23.1;A;18.7;A;13.45;A;16.84;A;43.33;A;31;A;11.11;A;55.35;A;1014.39;A;21;A;0;A;10;A;174;A;0;A;256.67;A
05.03.2025 17:45;94.22;A;4210.6;A;4212.73;A;25.15;A;19.32;A;13.9;A;16.69;A;43.28;A;32;A;10.89;A;55.49;A;1014.31;A;20;A;0;A;12;A;234;A;0;A;266.67;A
05.03.2025 18:00;94.3;A;4211.67;A;4213.33;A;23.05;A;17.7;A;12.9;A;16.41;A;43.61;A;31;A;10.56;A;56.42;A;1014.24;A;20;A;0;A;11;A;239;A;0;A;80;A
05.03.2025 18:15;94.36;A;4212.07;A;4213.27;A;24.1;A;18.52;A;13.81;A;16.05;A;44.71;A;29;A;10.09;A;59.02;A;1014.54;A;20;A;0;A;9;A;184;A;0;A;190;A
05.03.2025 18:30;94.39;A;4212.8;A;4213.8;A;28.8;A;22.63;A;16.67;A;15.7;A;46.22;A;29;A;9.91;A;60.57;A;1014.49;A;19;A;0;A;11;A;223;A;0;A;153.33;A
05.03.2025 18:45;94.41;A;4212.87;A;4213.93;A;30.87;A;24.37;A;17.78;A;15.41;A;46.83;A;28;A;9.48;A;61.73;A;1014.38;A;19;A;0;A;9;A;218;A;0.33;A;206.67;A
05.03.2025 19:00;94.39;A;4205.53;A;4206.07;A;33.53;A;25.92;A;18.52;A;15.05;A;47.23;A;27;A;9.07;A;62.3;A;1014.46;A;19;A;0;A;8;A;215;A;0;A;126.67;A
05.03.2025 19:15;94.37;A;4212.2;A;4213.33;A;31.2;A;24.32;A;17.44;A;14.71;A;47.64;A;27;A;8.7;A;63.18;A;1014.62;A;20;A;2;A;8;A;493;A;0.67;A;133.33;A
05.03.2025 19:30;94.39;A;4212.8;A;4213.47;A;27.89;A;22.02;A;15.58;A;14.39;A;47.83;A;28;A;8.82;A;61.66;A;1014.66;A;19;A;0;A;9;A;199;A;0.33;A;126.67;A
05.03.2025 19:45;94.41;A;4213;A;4214.47;A;22.87;A;17.44;A;12.48;A;14.38;A;47.04;A;30;A;9.42;A;58.62;A;1014.37;A;23;A;0;A;8;A;158;A;0.33;A;123.33;A
05.03.2025 20:00;94.43;A;4212.73;A;4213.67;A;22.41;A;16.65;A;12.01;A;14.59;A;46.04;A;30;A;9.72;A;56.83;A;1014.29;A;23;A;0;A;8;A;170;A;0;A;40;A
05.03.2025 20:15;94.38;A;4197.67;A;4196.53;A;25.04;A;18.45;A;13.2;A;14.82;A;44.99;A;31;A;9.73;A;55.69;A;1014.25;A;22;A;0;A;9;A;172;A;0.33;A;253.33;A
05.03.2025 20:30;94.17;A;4196.8;A;4196.4;A;21.87;A;16.83;A;11.92;A;14.95;A;43.47;A;31;A;9.77;A;54.17;A;1014.32;A;23;A;0;A;8;A;159;A;0.67;A;3.33;A
05.03.2025 20:45;94.24;A;4210.87;A;4212.33;A;22.23;A;17.87;A;13;A;15;A;42.94;A;31;A;9.61;A;54.45;A;1014.25;A;23;A;0;A;8;A;169;A;1;A;350;A
05.03.2025 21:00;94.32;A;4211.73;A;4213;A;21.06;A;14.78;A;10.57;A;14.92;A;42.97;A;30;A;9.47;A;54.71;A;1014.24;A;22;A;0;A;8;A;186;A;1;A;350;A
05.03.2025 21:15;94.37;A;4212.27;A;4213.53;A;22.19;A;17.34;A;11.8;A;14.84;A;42.7;A;30;A;9.44;A;54.15;A;1014.24;A;23;A;0;A;7;A;155;A;0.33;A;230;A
05.03.2025 21:30;94.39;A;4213;A;4214.27;A;20.2;A;16.18;A;11.38;A;14.8;A;42.47;A;30;A;9.36;A;53.82;A;1014.34;A;23;A;0;A;7;A;141;A;0.67;A;346.67;A
05.03.2025 21:45;94.41;A;4212.8;A;4213.87;A;23.16;A;17.67;A;12.69;A;14.69;A;42.47;A;29;A;9.11;A;54.57;A;1014.32;A;21;A;0;A;8;A;159;A;0.33;A;120;A
05.03.2025 22:00;94.42;A;4212.87;A;4213.87;A;25.15;A;20.01;A;13.77;A;14.6;A;42.34;A;30;A;9.21;A;53.36;A;1014.43;A;22;A;0;A;8;A;138;A;0.33;A;116.67;A
05.03.2025 22:15;94.43;A;4212.8;A;4213.73;A;21;A;17.42;A;12.21;A;14.56;A;42.07;A;30;A;9.14;A;53.36;A;1014.33;A;22;A;0;A;8;A;149;A;0.33;A;116.67;A
05.03.2025 22:30;94.44;A;4212.8;A;4213.93;A;20.52;A;16.2;A;11.21;A;14.52;A;41.95;A;30;A;9.01;A;53.58;A;1014.42;A;22;A;0;A;7;A;138;A;0.33;A;126.67;A
05.03.2025 22:45;94.44;A;4212.87;A;4214.13;A;18.1;A;14.5;A;10.25;A;14.38;A;42.21;A;29;A;8.62;A;54.9;A;1014.63;A;22;A;0;A;6;A;122;A;1;A;350;A
05.03.2025 23:00;94.44;A;4212.93;A;4213.93;A;22.12;A;17.4;A;12.56;A;14.09;A;42.89;A;28;A;8.22;A;56.05;A;1014.7;A;22;A;0;A;6;A;148;A;0.67;A;350;A
05.03.2025 23:15;94.36;A;4190.87;A;4187.73;A;22.22;A;18.21;A;13.75;A;13.76;A;43.37;A;28;A;8.01;A;56.33;A;1014.58;A;19;A;0;A;9;A;230;A;0;A;143.33;A
05.03.2025 23:30;94.26;A;4211.2;A;4212.53;A;19.32;A;15.57;A;10.74;A;13.52;A;43.53;A;28;A;7.81;A;56.54;A;1014.61;A;22;A;0;A;6;A;144;A;0.67;A;233.33;A
05.03.2025 23:45;94.33;A;4211.73;A;4212.6;A;18.08;A;15.41;A;11.02;A;13.25;A;43.99;A;28;A;7.49;A;57.34;A;1014.56;A;22;A;0;A;6;A;159;A;1;A;116.67;A
06.03.2025 00:00;94.37;A;4212.67;A;4213.07;A;20.87;A;16.16;A;11.75;A;12.97;A;44.67;A;27;A;7.07;A;59.12;A;1014.82;A;21;A;0;A;6;A;140;A;1.67;A;350;A
06.03.2025 00:15;94.4;A;4212.8;A;4213.4;A;22.4;A;18.22;A;13.38;A;12.62;A;45.38;A;27;A;6.74;A;59.87;A;1014.79;A;21;A;0;A;6;A;154;A;1;A;233.33;A
06.03.2025 00:30;94.42;A;4212.87;A;4213.47;A;21.52;A;17.1;A;12.26;A;12.32;A;45.89;A;26;A;6.57;A;60.23;A;1014.62;A;21;A;0;A;6;A;147;A;0.67;A;346.67;A
06.03.2025 00:45;94.35;A;4199.47;A;4197.8;A;22.65;A;18.03;A;12.61;A;12.1;A;46.16;A;26;A;6.5;A;60.12;A;1014.65;A;20;A;0;A;6;A;154;A;0.67;A;343.33;A
06.03.2025 01:00;94.32;A;4211.87;A;4212.47;A;20.73;A;17.01;A;11.89;A;11.96;A;46.28;A;27;A;6.53;A;59.57;A;1014.67;A;20;A;0;A;6;A;146;A;1;A;350;A
06.03.2025 01:15;94.37;A;4212.53;A;4213.13;A;18.71;A;15.61;A;10.74;A;11.88;A;46.27;A;27;A;6.47;A;59.41;A;1014.62;A;22;A;0;A;5;A;124;A;1;A;233.33;A
06.03.2025 01:30;94.4;A;4213;A;4213.87;A;20.36;A;16.01;A;11.24;A;11.79;A;46.38;A;27;A;6.34;A;59.77;A;1014.71;A;20;A;0;A;6;A;135;A;1;A;340;A
06.03.2025 01:45;94.41;A;4209.73;A;4209.47;A;22.45;A;18.08;A;12.84;A;11.73;A;46.36;A;27;A;6.3;A;59.73;A;1014.68;A;20;A;0;A;7;A;157;A;1;A;343.33;A
06.03.2025 02:00;94.32;A;4204.47;A;4203.33;A;20.52;A;16.73;A;11.47;A;11.65;A;46.44;A;27;A;6.22;A;59.76;A;1014.58;A;20;A;0;A;7;A;153;A;0.33;A;346.67;A
06.03.2025 02:15;94.36;A;4212.47;A;4213;A;18.38;A;15.16;A;10.69;A;11.6;A;46.37;A;27;A;6.25;A;59.49;A;1014.6;A;21;A;0;A;7;A;137;A;0.67;A;336.67;A
06.03.2025 02:30;94.39;A;4212.67;A;4213.27;A;18.43;A;14.56;A;10.56;A;11.58;A;46.35;A;27;A;6.19;A;59.57;A;1014.51;A;21;A;0;A;6;A;142;A;1;A;346.67;A
06.03.2025 02:45;94.42;A;4211.27;A;4211.47;A;20.94;A;16.16;A;11.82;A;11.53;A;46.44;A;27;A;6.09;A;59.92;A;1014.48;A;22;A;0;A;6;A;145;A;0.67;A;343.33;A
06.03.2025 03:00;94.27;A;4192.27;A;4189.47;A;21.13;A;17.05;A;12.12;A;11.45;A;46.51;A;27;A;6.05;A;59.73;A;1014.52;A;21;A;0;A;6;A;142;A;0.67;A;350;A
06.03.2025 03:15;94.27;A;4211.47;A;4211.93;A;20;A;16.1;A;11.26;A;11.4;A;46.39;A;27;A;5.96;A;59.8;A;1014.6;A;22;A;0;A;5;A;151;A;1;A;343.33;A
06.03.2025 03:30;94.33;A;4212.13;A;4212.87;A;18.33;A;14.81;A;10.52;A;11.32;A;46.57;A;27;A;5.84;A;60.29;A;1014.58;A;22;A;0;A;6;A;124;A;1.33;A;350;A
06.03.2025 03:45;94.38;A;4212.87;A;4213.4;A;17.11;A;14.02;A;10.05;A;11.19;A;47.04;A;26;A;5.66;A;61.42;A;1014.59;A;21;A;0;A;5;A;119;A;0.67;A;343.33;A
06.03.2025 04:00;94.4;A;4212.73;A;4212.93;A;17.32;A;14.34;A;10.12;A;11.07;A;47.3;A;26;A;5.59;A;61.46;A;1014.54;A;22;A;0;A;5;A;120;A;0.67;A;346.67;A
06.03.2025 04:15;94.42;A;4212.87;A;4213.8;A;19.58;A;15.03;A;10.62;A;10.99;A;47.46;A;26;A;5.58;A;61.24;A;1014.56;A;21;A;0;A;6;A;122;A;1;A;340;A
06.03.2025 04:30;94.38;A;4207.33;A;4206.8;A;19.88;A;16.33;A;11.89;A;10.95;A;47.44;A;27;A;5.64;A;60.89;A;1014.63;A;21;A;0;A;6;A;126;A;0.33;A;343.33;A
06.03.2025 04:45;94.39;A;4212.8;A;4213.13;A;19.58;A;15.21;A;10.49;A;10.93;A;47.38;A;26;A;5.53;A;61.1;A;1014.66;A;20;A;0;A;6;A;115;A;0.67;A;330;A
06.03.2025 05:00;94.41;A;4212.87;A;4213.6;A;21.05;A;16.1;A;11.48;A;10.88;A;47.29;A;26;A;5.45;A;61.15;A;1014.75;A;20;A;0;A;7;A;123;A;0;A;320;A
06.03.2025 05:15;94.43;A;4212.93;A;4213.4;A;22.95;A;17.25;A;12.09;A;10.82;A;47.33;A;26;A;5.4;A;61.07;A;1014.6;A;18;A;0;A;8;A;129;A;0;A;203.33;A
06.03.2025 05:30;94.34;A;4190.13;A;4185.8;A;23.07;A;17.18;A;11.76;A;10.76;A;47.27;A;26;A;5.35;A;60.99;A;1014.56;A;18;A;0;A;8;A;123;A;0.33;A;210;A
06.03.2025 05:45;94.24;A;4211.4;A;4212.33;A;21.1;A;16.54;A;11.73;A;10.72;A;47.14;A;26;A;5.44;A;60.08;A;1014.62;A;18;A;0;A;8;A;124;A;0;A;163.33;A
06.03.2025 06:00;94.32;A;4211.93;A;4213.2;A;22.12;A;17.28;A;12.52;A;10.75;A;46.8;A;26;A;5.57;A;59.22;A;1014.59;A;18;A;0;A;8;A;133;A;0;A;156.67;A
06.03.2025 06:15;94.37;A;4212.6;A;4212.53;A;21.24;A;16.4;A;11.83;A;10.84;A;46.21;A;26;A;5.63;A;58.58;A;1014.77;A;20;A;0;A;6;A;137;A;0;A;343.33;A
06.03.2025 06:30;94.4;A;4212.87;A;4213.07;A;21.83;A;16.42;A;11.46;A;10.91;A;45.86;A;26;A;5.66;A;58.68;A;1014.82;A;19;A;0;A;6;A;122;A;0.33;A;260;A
06.03.2025 06:45;94.42;A;4212.87;A;4213.27;A;20.86;A;15.77;A;11.58;A;10.96;A;46.15;A;26;A;5.68;A;59.09;A;1014.75;A;19;A;0;A;7;A;118;A;0;A;86.67;A
06.03.2025 07:00;94.39;A;4205.07;A;4205;A;21.55;A;16.42;A;11.83;A;11.06;A;45.67;A;26;A;5.91;A;57.46;A;1014.87;A;18;A;0;A;8;A;140;A;0;A;166.67;A
06.03.2025 07:15;94.37;A;4212.53;A;4213.4;A;21.73;A;16.65;A;11.53;A;11.21;A;45.41;A;25;A;6.02;A;57.75;A;1015.22;A;18;A;0;A;7;A;139;A;0.33;A;270;A
06.03.2025 07:30;94.4;A;4212.8;A;4213.13;A;24.03;A;17.12;A;11.73;A;11.41;A;45.33;A;25;A;6.36;A;56.96;A;1015.26;A;17;A;0;A;8;A;148;A;0.33;A;206.67;A
06.03.2025 07:45;94.29;A;4183.53;A;4179.8;A;26.53;A;18.46;A;12.46;A;11.69;A;44.64;A;25;A;6.71;A;55.49;A;1015.2;A;17;A;0;A;9;A;149;A;0;A;193.33;A
06.03.2025 08:00;94.16;A;4207.4;A;4208.4;A;27.64;A;18.38;A;13.06;A;12.08;A;44.18;A;26;A;7.04;A;55.56;A;1015.34;A;16;A;0;A;10;A;165;A;0;A;270;A
06.03.2025 08:15;94.26;A;4211.27;A;4212.73;A;21.79;A;16.67;A;11.6;A;12.47;A;43.37;A;26;A;7.48;A;53.67;A;1015.37;A;18;A;0;A;8;A;141;A;0;A;186.67;A
06.03.2025 08:30;94.33;A;4211.8;A;4213.13;A;22.87;A;16.3;A;11.56;A;12.92;A;42.43;A;26;A;8.07;A;52.41;A;1015.49;A;17;A;0;A;9;A;162;A;0.33;A;323.33;A
06.03.2025 08:45;94.37;A;4212.33;A;4213.33;A;24.65;A;17.68;A;12.61;A;13.5;A;41.64;A;26;A;8.52;A;51.54;A;1015.8;A;16;A;0;A;10;A;165;A;0.33;A;320;A
06.03.2025 09:00;94.4;A;4212.8;A;4213.73;A;22.81;A;16.68;A;11.51;A;14.31;A;40.59;A;24;A;10.08;A;47.95;A;1015.68;A;17;A;0;A;7;A;172;A;0;A;236.67;A
06.03.2025 09:15;94.42;A;4212.8;A;4213.73;A;19.62;A;15.1;A;10.99;A;15.66;A;37.42;A;27;A;10.92;A;44.24;A;1015.62;A;19;A;0;A;8;A;178;A;0.67;A;333.33;A
06.03.2025 09:30;94.43;A;4212.8;A;4214.2;A;20.5;A;15.24;A;10.75;A;16.88;A;35.44;A;28;A;11.41;A;43.24;A;1015.7;A;19;A;0;A;9;A;173;A;0.67;A;336.67;A
06.03.2025 09:45;94.44;A;4213;A;4214.67;A;20.3;A;14.97;A;10.65;A;17.55;A;34.6;A;29;A;12.03;A;42.96;A;1015.77;A;19;A;0;A;10;A;177;A;1;A;343.33;A
06.03.2025 10:00;94.44;A;4212.8;A;4214.8;A;27.03;A;20.57;A;14.28;A;18.11;A;34.14;A;29;A;12.47;A;42.02;A;1015.89;A;19;A;0;A;9;A;182;A;1.67;A;343.33;A
06.03.2025 10:15;94.44;A;4212.73;A;4214.33;A;21.77;A;16.44;A;12.28;A;18.68;A;33.78;A;29;A;13.14;A;41.68;A;1015.97;A;19;A;0;A;10;A;258;A;1.33;A;350;A
06.03.2025 10:30;94.42;A;4202.33;A;4202.6;A;23.71;A;17.19;A;11.98;A;19.31;A;33.17;A;29;A;13.94;A;40.16;A;1016.03;A;19;A;0;A;9;A;244;A;0.67;A;336.67;A
06.03.2025 10:45;94.2;A;4194;A;4193.67;A;19.35;A;15.55;A;11.03;A;19.97;A;33.02;A;30;A;14.48;A;40.4;A;1015.92;A;19;A;0;A;10;A;193;A;0;A;83.33;A
06.03.2025 11:00;94.25;A;4210.53;A;4213.27;A;20.76;A;15.07;A;10.42;A;20.61;A;32.9;A;31;A;15.41;A;40.22;A;1015.75;A;21;A;0;A;10;A;211;A;0.33;A;183.33;A
06.03.2025 11:15;94.32;A;4211.33;A;4213.2;A;22.73;A;15.16;A;10.5;A;21.36;A;32.8;A;31;A;15.97;A;39.67;A;1015.66;A;21;A;0;A;11;A;287;A;1;A;343.33;A
06.03.2025 11:30;94.37;A;4211.8;A;4214.27;A;22.92;A;15.75;A;10.91;A;22.03;A;32.56;A;31;A;16.48;A;39.52;A;1015.7;A;21;A;0;A;10;A;246;A;1.33;A;346.67;A
06.03.2025 11:45;94.39;A;4212.4;A;4214.73;A;18.43;A;12.73;A;9.24;A;22.54;A;31.89;A;32;A;16.59;A;38.69;A;1015.53;A;21;A;0;A;11;A;230;A;1.67;A;350;A
06.03.2025 12:00;94.41;A;4212.87;A;4214.67;A;18.84;A;11.53;A;8.07;A;22.81;A;31.94;A;33;A;16.94;A;39.32;A;1015.33;A;22;A;0;A;11;A;247;A;2;A;233.33;A
06.03.2025 12:15;94.42;A;4212.8;A;4214.53;A;14.26;A;9.88;A;7.12;A;23.05;A;32.25;A;32;A;17.18;A;39.1;A;1015.25;A;22;A;0;A;10;A;215;A;1.33;A;233.33;A
06.03.2025 12:30;94.43;A;4209.6;A;4210.8;A;15.35;A;10.89;A;7.86;A;23.19;A;32.63;A;33;A;17.19;A;40.22;A;1015.22;A;23;A;0;A;10;A;219;A;2.67;A;350;A
06.03.2025 12:45;94.28;A;4198.4;A;4198.27;A;15.8;A;10.68;A;7.75;A;23.21;A;33.18;A;32;A;17.2;A;41.1;A;1015.04;A;23;A;0;A;10;A;217;A;1.67;A;233.33;A
06.03.2025 13:00;94.31;A;4211.33;A;4213.93;A;12.73;A;9.86;A;6.84;A;23.19;A;33.46;A;32;A;17.26;A;41.08;A;1015.08;A;23;A;0;A;9;A;194;A;2;A;350;A
06.03.2025 13:15;94.36;A;4211.87;A;4213.87;A;14.74;A;10.59;A;7.75;A;23.2;A;33.31;A;33;A;17.4;A;40.93;A;1015.1;A;24;A;0;A;9;A;199;A;2.67;A;350;A
06.03.2025 13:30;94.39;A;4212.13;A;4213.93;A;14.26;A;10.06;A;7.39;A;23.24;A;33.03;A;32;A;17.43;A;39.67;A;1015.15;A;23;A;0;A;10;A;190;A;2;A;350;A
06.03.2025 13:45;94.41;A;4212.87;A;4214.93;A;14.39;A;10.23;A;7;A;23.25;A;32.68;A;33;A;17.43;A;39.88;A;1015.1;A;23;A;0;A;10;A;226;A;2;A;350;A
06.03.2025 14:00;94.43;A;4212.87;A;4215;A;12.97;A;9.24;A;6.37;A;23.32;A;32.59;A;34;A;17.75;A;39.04;A;1015.01;A;24;A;0;A;10;A;175;A;2;A;350;A
06.03.2025 14:15;94.43;A;4212.87;A;4214.53;A;13.78;A;9.39;A;6.41;A;23.5;A;31.86;A;33;A;17.83;A;37.82;A;1014.93;A;23;A;0;A;10;A;194;A;1.67;A;350;A
06.03.2025 14:30;94.44;A;4212.8;A;4214.4;A;13.42;A;8.96;A;6.17;A;23.59;A;30.53;A;35;A;17.7;A;36.91;A;1014.96;A;25;A;0;A;10;A;166;A;2;A;350;A
06.03.2025 14:45;94.41;A;4202.47;A;4202.53;A;11.79;A;8.37;A;5.84;A;23.59;A;30.04;A;35;A;17.83;A;36.11;A;1015.06;A;23;A;0;A;11;A;172;A;2;A;350;A
06.03.2025 15:00;94.19;A;4191.47;A;4191.07;A;11.51;A;8.04;A;6.17;A;23.61;A;29.91;A;34;A;17.78;A;36.1;A;1015.08;A;24;A;0;A;10;A;175;A;2;A;350;A
06.03.2025 15:15;94.23;A;4210.33;A;4213.2;A;12.93;A;8.89;A;6.39;A;23.56;A;29.59;A;34;A;17.68;A;35.42;A;1015.06;A;23;A;0;A;11;A;166;A;1.67;A;346.67;A
06.03.2025 15:30;94.31;A;4211.27;A;4213.87;A;14.32;A;10.52;A;7.41;A;23.5;A;28.8;A;34;A;17.62;A;35.22;A;1015.13;A;24;A;0;A;10;A;198;A;1.67;A;346.67;A
06.03.2025 15:45;94.36;A;4211.87;A;4213.8;A;11.27;A;8.02;A;5.73;A;23.45;A;28.2;A;34;A;17.59;A;33.61;A;1015.15;A;23;A;0;A;11;A;185;A;2;A;350;A
06.03.2025 16:00;94.39;A;4212.33;A;4214.8;A;12.9;A;9.57;A;6.9;A;23.37;A;27.67;A;34;A;17.43;A;32.94;A;1015.11;A;24;A;0;A;10;A;192;A;1.33;A;346.67;A
06.03.2025 16:15;94.41;A;4212.73;A;4214;A;11.89;A;8.01;A;5.74;A;23.24;A;27.17;A;34;A;17.16;A;33.35;A;1014.96;A;21;A;0;A;13;A;179;A;1;A;346.67;A
06.03.2025 16:30;94.42;A;4212.8;A;4214.6;A;12.19;A;8.7;A;6.09;A;23.05;A;27.58;A;33;A;16.9;A;33.62;A;1014.9;A;20;A;0;A;13;A;215;A;0.33;A;340;A
06.03.2025 16:45;94.43;A;4212.8;A;4214.53;A;17.43;A;10.9;A;7.9;A;22.8;A;27.71;A;32;A;16.59;A;33.82;A;1014.91;A;17;A;0;A;15;A;351;A;0;A;336.67;A
06.03.2025 17:00;94.44;A;4212.8;A;4214.13;A;12.91;A;8.07;A;5.87;A;22.51;A;27.67;A;32;A;16.45;A;33.32;A;1015.06;A;19;A;0;A;12;A;255;A;0;A;340;A
06.03.2025 17:15;94.44;A;4212.8;A;4214.6;A;13.53;A;8.17;A;6.01;A;22.24;A;27.18;A;32;A;16.22;A;33.23;A;1015.13;A;21;A;0;A;11;A;205;A;0.67;A;346.67;A
06.03.2025 17:30;94.44;A;4212.73;A;4214.6;A;13.68;A;9.28;A;6.61;A;21.91;A;27.57;A;32;A;15.83;A;33.86;A;1015.17;A;20;A;0;A;12;A;235;A;0;A;333.33;A
06.03.2025 17:45;94.45;A;4212.73;A;4214.6;A;14.64;A;10.43;A;7.71;A;21.57;A;27.95;A;31;A;15.42;A;34.11;A;1015.55;A;18;A;0;A;12;A;262;A;0;A;310;A
06.03.2025 18:00;94.42;A;4198.93;A;4198.47;A;18.42;A;12.71;A;9.55;A;21.19;A;27.72;A;31;A;15.11;A;34.07;A;1015.78;A;19;A;1;A;12;A;318;A;0;A;233.33;A
06.03.2025 18:15;94.3;A;4211.27;A;4213.47;A;15.51;A;11.43;A;8.1;A;20.81;A;28.24;A;31;A;14.7;A;34.77;A;1015.88;A;18;A;1;A;13;A;278;A;0;A;193.33;A
06.03.2025 18:30;94.36;A;4211.67;A;4213.6;A;26.02;A;19.11;A;13.16;A;20.47;A;28.66;A;31;A;14.39;A;35.44;A;1016.02;A;19;A;0;A;12;A;257;A;0.33;A;283.33;A
06.03.2025 18:45;94.39;A;4212.4;A;4214.27;A;23.46;A;16.5;A;11.52;A;20.14;A;29.37;A;31;A;14.09;A;36.46;A;1016.24;A;18;A;0;A;12;A;241;A;0.33;A;343.33;A
06.03.2025 19:00;94.41;A;4212.6;A;4214.07;A;17.99;A;14.02;A;9.99;A;19.83;A;30.11;A;30;A;13.87;A;36.95;A;1016.36;A;19;A;0;A;11;A;314;A;0;A;266.67;A
06.03.2025 19:15;94.43;A;4212.87;A;4214.2;A;16.87;A;12.75;A;9.12;A;19.55;A;30.85;A;31;A;13.53;A;38.29;A;1016.44;A;19;A;0;A;11;A;256;A;0.33;A;323.33;A
06.03.2025 19:30;94.44;A;4212.8;A;4214.07;A;20.48;A;14.68;A;10.74;A;19.23;A;31.54;A;31;A;13.03;A;39.74;A;1016.83;A;18;A;0;A;12;A;269;A;0.67;A;336.67;A
06.03.2025 19:45;94.44;A;4212.87;A;4214.27;A;22.02;A;15.94;A;11.44;A;18.83;A;32.34;A;29;A;12.47;A;40.88;A;1016.8;A;18;A;0;A;11;A;249;A;0;A;336.67;A
06.03.2025 20:00;94.28;A;4184.47;A;4181.53;A;22.72;A;16.8;A;11.88;A;18.36;A;32.94;A;29;A;12.07;A;41.6;A;1016.92;A;18;A;0;A;11;A;235;A;0;A;233.33;A
06.03.2025 20:15;94.19;A;4210.27;A;4212.8;A;24.13;A;17.78;A;12.56;A;17.92;A;33.38;A;29;A;11.76;A;42.2;A;1016.99;A;18;A;0;A;11;A;206;A;0;A;206.67;A
06.03.2025 20:30;94.29;A;4211.4;A;4213.2;A;26.14;A;20.46;A;14.6;A;17.53;A;33.99;A;28;A;11.52;A;42.56;A;1017.09;A;19;A;0;A;10;A;232;A;0;A;210;A
06.03.2025 20:45;94.35;A;4211.8;A;4213.33;A;25.7;A;19.59;A;13.69;A;17.24;A;34.57;A;28;A;11.26;A;43.47;A;1017.16;A;18;A;0;A;10;A;198;A;0;A;266.67;A
06.03.2025 21:00;94.38;A;4212.67;A;4213.67;A;22.33;A;16.89;A;11.83;A;16.94;A;35.25;A;27;A;10.85;A;44.75;A;1017.15;A;18;A;0;A;9;A;193;A;0;A;266.67;A
06.03.2025 21:15;94.41;A;4212.87;A;4213.93;A;23.08;A;17.85;A;12.72;A;16.6;A;35.87;A;27;A;10.43;A;45.9;A;1017.23;A;18;A;0;A;9;A;217;A;0.33;A;333.33;A
06.03.2025 21:30;94.43;A;4212.87;A;4214.13;A;21.6;A;16.49;A;11.87;A;16.14;A;36.58;A;27;A;10.04;A;46.84;A;1017.38;A;17;A;0;A;10;A;221;A;0;A;333.33;A
06.03.2025 21:45;94.44;A;4212.87;A;4214.2;A;19.37;A;15.25;A;10.97;A;15.74;A;36.83;A;27;A;9.94;A;46.38;A;1017.63;A;19;A;0;A;8;A;221;A;0.67;A;340;A
06.03.2025 22:00;94.44;A;4212.87;A;4214.2;A;19.47;A;15.36;A;10.96;A;15.5;A;36.96;A;27;A;9.87;A;46.36;A;1017.82;A;19;A;0;A;8;A;148;A;0.67;A;333.33;A
06.03.2025 22:15;94.45;A;4213.13;A;4214.47;A;24.91;A;19.14;A;13.73;A;15.34;A;37.17;A;27;A;9.72;A;46.69;A;1017.87;A;19;A;0;A;8;A;191;A;0.67;A;346.67;A
06.03.2025 22:30;94.39;A;4196.33;A;4194.73;A;23.22;A;16.2;A;11.34;A;15.2;A;37.27;A;27;A;9.54;A;46.88;A;1017.81;A;19;A;0;A;7;A;166;A;1;A;350;A
06.03.2025 22:45;94.21;A;4202.13;A;4202.27;A;20.01;A;14.69;A;10.33;A;15.03;A;37.41;A;27;A;9.47;A;46.65;A;1017.81;A;21;A;0;A;6;A;148;A;1.33;A;346.67;A
06.03.2025 23:00;94.29;A;4211.4;A;4212.67;A;17.77;A;13.99;A;9.99;A;14.87;A;37.56;A;27;A;9.49;A;46.29;A;1017.94;A;21;A;0;A;6;A;140;A;1;A;340;A
06.03.2025 23:15;94.35;A;4211.87;A;4212.67;A;19.09;A;14.97;A;10.28;A;14.81;A;37.58;A;28;A;9.66;A;45.74;A;1017.92;A;22;A;0;A;6;A;138;A;2;A;346.67;A
06.03.2025 23:30;94.39;A;4212.6;A;4213.53;A;19.24;A;14.23;A;10.24;A;14.89;A;36.99;A;28;A;9.84;A;44.73;A;1017.97;A;23;A;0;A;5;A;144;A;0.67;A;340;A
06.03.2025 23:45;94.41;A;4212.87;A;4214.07;A;24.03;A;19.43;A;13.97;A;15;A;36.77;A;28;A;9.72;A;45.19;A;1018.04;A;22;A;0;A;6;A;145;A;0.33;A;266.67;A
07.03.2025 00:00;94.43;A;4212.93;A;4214;A;19.96;A;14.89;A;10.82;A;14.96;A;36.79;A;28;A;9.66;A;45.07;A;1018.08;A;22;A;0;A;5;A;132;A;0;A;116.67;A
07.03.2025 00:15;94.44;A;4212.87;A;4214.6;A;20.36;A;15.97;A;11.47;A;14.89;A;36.85;A;28;A;9.42;A;45.89;A;1017.99;A;22;A;0;A;6;A;143;A;0;A;200;A
07.03.2025 00:30;94.44;A;4212.87;A;4214.07;A;20.95;A;15.99;A;11.51;A;14.82;A;36.87;A;29;A;9.69;A;44.67;A;1018.16;A;23;A;0;A;6;A;133;A;0.33;A;340;A
07.03.2025 00:45;94.45;A;4212.93;A;4213.87;A;20.23;A;15.36;A;11.13;A;14.86;A;36.74;A;30;A;9.61;A;45.28;A;1018.18;A;24;A;0;A;6;A;125;A;0.33;A;300;A
07.03.2025 01:00;94.45;A;4212.93;A;4214.27;A;21.38;A;16.13;A;11.39;A;14.83;A;36.98;A;29;A;9.17;A;46.78;A;1018.3;A;21;A;0;A;8;A;126;A;0;A;216.67;A
07.03.2025 01:15;94.45;A;4213.07;A;4214.47;A;24.5;A;18.24;A;12.56;A;14.58;A;37.64;A;26;A;8.67;A;48.2;A;1018.21;A;18;A;0;A;8;A;153;A;0;A;173.33;A
07.03.2025 01:30;94.45;A;4213.4;A;4214;A;24.92;A;19.51;A;13.76;A;14.22;A;38.16;A;27;A;8.3;A;49.24;A;1018.34;A;19;A;0;A;8;A;176;A;0;A;313.33;A
07.03.2025 01:45;94.45;A;4213.53;A;4213.93;A;30.58;A;23.09;A;15.99;A;13.85;A;39.04;A;26;A;7.75;A;51.09;A;1018.14;A;12;A;0;A;14;A;195;A;0;A;313.33;A
07.03.2025 02:00;94.45;A;4213.73;A;4213.8;A;33.26;A;24.28;A;16.92;A;13.42;A;40.11;A;25;A;7.26;A;52.85;A;1018.18;A;11;A;1;A;14;A;197;A;0;A;320;A
07.03.2025 02:15;94.39;A;4194.93;A;4192.87;A;34.33;A;26.16;A;18.56;A;12.94;A;41.42;A;23;A;6.75;A;55.03;A;1018.12;A;11;A;1;A;12;A;247;A;0;A;263.33;A
07.03.2025 02:30;94.25;A;4207.2;A;4207;A;39.02;A;28.57;A;19.36;A;12.42;A;43.03;A;20;A;6.13;A;57.23;A;1018.2;A;7;A;2;A;13;A;252;A;0;A;166.67;A
07.03.2025 02:45;94.32;A;4211.87;A;4212.8;A;40.71;A;30.41;A;21.03;A;11.84;A;44.74;A;17;A;5.47;A;60.1;A;1018.16;A;5;A;2;A;12;A;264;A;0;A;220;A
07.03.2025 03:00;94.37;A;4212.8;A;4213;A;44.5;A;32.7;A;22.94;A;11.24;A;45.94;A;17;A;4.76;A;62.75;A;1018.2;A;4;A;3;A;14;A;287;A;0;A;140;A
07.03.2025 03:15;94.4;A;4212.8;A;4213.73;A;45.25;A;34.16;A;23.95;A;10.64;A;47.36;A;16;A;4.29;A;64.54;A;1018.21;A;3;A;4;A;13;A;310;A;0;A;306.67;A
07.03.2025 03:30;94.42;A;4212.8;A;4213.4;A;47.62;A;35.1;A;24.97;A;10.1;A;48.64;A;16;A;3.8;A;65.84;A;1018.46;A;3;A;4;A;13;A;316;A;0;A;136.67;A
07.03.2025 03:45;94.43;A;4213.47;A;4213.4;A;48.43;A;36.67;A;24.81;A;9.6;A;49.93;A;15;A;3.4;A;67.43;A;1018.64;A;2;A;5;A;13;A;312;A;0;A;210;A
07.03.2025 04:00;94.44;A;4208.67;A;4207.27;A;48.28;A;36.8;A;24.47;A;9.14;A;51.24;A;14;A;2.97;A;69.72;A;1018.7;A;2;A;5;A;12;A;304;A;0;A;273.33;A
07.03.2025 04:15;94.38;A;4212.8;A;4213;A;42.45;A;32.82;A;23.46;A;8.71;A;52.2;A;15;A;2.84;A;69.48;A;1018.78;A;4;A;4;A;11;A;299;A;0;A;216.67;A
07.03.2025 04:30;94.41;A;4212.8;A;4213.07;A;41.34;A;32.25;A;22.57;A;8.4;A;53.3;A;13;A;2.59;A;70.25;A;1018.94;A;4;A;5;A;10;A;328;A;0;A;233.33;A
07.03.2025 04:45;94.42;A;4213.47;A;4213.33;A;42.03;A;31.87;A;22.21;A;8.15;A;54.03;A;13;A;2.32;A;71.71;A;1019.15;A;2;A;5;A;11;A;314;A;0;A;236.67;A
07.03.2025 05:00;94.44;A;4213.8;A;4213.53;A;40.39;A;32.28;A;22.09;A;7.89;A;54.53;A;13;A;2.14;A;71.81;A;1019.41;A;1;A;4;A;13;A;292;A;0;A;243.33;A
07.03.2025 05:15;94.31;A;4195.2;A;4192;A;43.73;A;31.77;A;22.11;A;7.67;A;54.73;A;16;A;1.84;A;72.92;A;1019.29;A;0;A;3;A;18;A;272;A;0;A;196.67;A
07.03.2025 05:30;94.32;A;4212;A;4212.53;A;45.22;A;32.38;A;22.29;A;7.4;A;55.46;A;15;A;1.62;A;73.32;A;1019.21;A;0;A;3;A;20;A;267;A;0;A;300;A
07.03.2025 05:45;94.37;A;4212.73;A;4212.73;A;47.09;A;32.42;A;22.57;A;7.15;A;56.33;A;15;A;1.41;A;74.47;A;1019.3;A;0;A;3;A;20;A;270;A;0;A;180;A
07.03.2025 06:00;94.4;A;4213;A;4213.13;A;47.21;A;33.92;A;23.42;A;6.97;A;56.46;A;16;A;1.42;A;74.21;A;1019.36;A;0;A;2;A;21;A;272;A;0;A;246.67;A
07.03.2025 06:15;94.42;A;4213.53;A;4213.4;A;52.04;A;36.17;A;24.29;A;6.91;A;57.34;A;18;A;1.72;A;73.95;A;1019.43;A;0;A;1;A;24;A;249;A;0;A;206.67;A
07.03.2025 06:30;94.43;A;4213.67;A;4212.93;A;47.41;A;34.68;A;23.4;A;7.02;A;58.03;A;18;A;1.93;A;73.66;A;1019.6;A;0;A;1;A;21;A;209;A;0;A;246.67;A
07.03.2025 06:45;94.44;A;4213.73;A;4213.33;A;46.61;A;33.2;A;23.47;A;7.12;A;57.42;A;16;A;1.75;A;74.54;A;1019.46;A;0;A;2;A;19;A;224;A;0;A;240;A
07.03.2025 07:00;94.44;A;4213.73;A;4213.27;A;47.48;A;33.76;A;23.61;A;7.2;A;57.25;A;18;A;2.28;A;72.36;A;1019.67;A;0;A;2;A;21;A;262;A;0;A;243.33;A
07.03.2025 07:15;94.45;A;4213.73;A;4213.47;A;46.14;A;33.55;A;23.13;A;7.78;A;56.11;A;17;A;3.65;A;67.61;A;1019.61;A;1;A;0;A;17;A;226;A;0;A;300;A
07.03.2025 07:30;94.45;A;4213.27;A;4213.53;A;45.55;A;33.61;A;22.93;A;8.95;A;53.66;A;19;A;5;A;63.61;A;1019.6;A;1;A;0;A;19;A;236;A;0;A;266.67;A
07.03.2025 07:45;94.45;A;4213.07;A;4213.33;A;44.33;A;32.26;A;22.53;A;10.47;A;49.99;A;21;A;6.68;A;57.57;A;1019.63;A;4;A;0;A;17;A;242;A;0;A;250;A
07.03.2025 08:00;94.4;A;4196.07;A;4194.6;A;40.35;A;29.6;A;20.03;A;12.29;A;45.42;A;21;A;8.11;A;53;A;1019.61;A;13;A;0;A;9;A;193;A;0.33;A;263.33;A
07.03.2025 08:15;94.28;A;4211;A;4213.33;A;36.28;A;27.49;A;18.97;A;13.98;A;41.73;A;23;A;9.35;A;49.82;A;1019.6;A;13;A;0;A;10;A;186;A;1;A;326.67;A
07.03.2025 08:30;94.34;A;4211.8;A;4213.53;A;34.9;A;25.49;A;18.34;A;15.49;A;39.17;A;22;A;10.61;A;47.37;A;1019.43;A;13;A;0;A;10;A;180;A;1.33;A;326.67;A
07.03.2025 08:45;94.38;A;4212.07;A;4214.27;A;34.57;A;26.45;A;18.21;A;17.06;A;36.86;A;24;A;11.79;A;44.74;A;1019.55;A;14;A;0;A;10;A;178;A;1;A;330;A
07.03.2025 09:00;94.4;A;4212.6;A;4214.47;A;37.81;A;27.57;A;18.59;A;18.44;A;35.05;A;23;A;13.32;A;41.98;A;1019.54;A;12;A;0;A;12;A;209;A;0.33;A;320;A
07.03.2025 09:15;94.42;A;4212.8;A;4214.47;A;48.53;A;29.32;A;19.68;A;19.95;A;33.05;A;24;A;14.31;A;39.68;A;1019.44;A;12;A;0;A;12;A;205;A;0.67;A;323.33;A
07.03.2025 09:30;94.29;A;4192.93;A;4192;A;35.44;A;25.8;A;18.07;A;21.27;A;31.47;A;25;A;15.28;A;38.48;A;1019.56;A;12;A;0;A;13;A;204;A;0.33;A;323.33;A
07.03.2025 09:45;94.27;A;4210.6;A;4213.93;A;34.84;A;25.15;A;18.07;A;22.47;A;30.37;A;26;A;16.45;A;37.42;A;1019.49;A;14;A;0;A;12;A;194;A;0.33;A;270;A
07.03.2025 10:00;94.33;A;4211.8;A;4214.73;A;35.4;A;25.75;A;17.88;A;23.7;A;29.43;A;27;A;17.46;A;36.37;A;1019.25;A;12;A;0;A;15;A;198;A;1.33;A;336.67;A
07.03.2025 10:15;94.37;A;4211.87;A;4214.67;A;33.67;A;25.35;A;17.91;A;24.6;A;28.49;A;28;A;18.08;A;35.59;A;1019.28;A;13;A;0;A;15;A;196;A;0;A;263.33;A
07.03.2025 10:30;94.39;A;4211.8;A;4214.6;A;34.57;A;25.27;A;17.87;A;25.42;A;27.74;A;27;A;19;A;34.07;A;1019.37;A;14;A;0;A;13;A;194;A;0.33;A;196.67;A
07.03.2025 10:45;94.41;A;4212.47;A;4214.93;A;33.11;A;25.04;A;17.8;A;26.18;A;26.88;A;30;A;19.75;A;33.34;A;1019.24;A;15;A;0;A;14;A;200;A;0.33;A;253.33;A
07.03.2025 11:00;94.42;A;4212.6;A;4214.67;A;35.99;A;25.9;A;17.75;A;26.82;A;26.95;A;31;A;20.04;A;33.84;A;1019.18;A;12;A;0;A;19;A;188;A;0.67;A;333.33;A
07.03.2025 11:15;94.43;A;4212.73;A;4215.07;A;35.82;A;26.12;A;17.57;A;27.13;A;26.96;A;32;A;20.38;A;34.15;A;1019.21;A;11;A;0;A;21;A;189;A;0.33;A;276.67;A
07.03.2025 11:30;94.43;A;4212.8;A;4215.13;A;30.72;A;23.43;A;16.49;A;27.38;A;27.01;A;32;A;20.77;A;33.95;A;1019.28;A;17;A;0;A;15;A;171;A;0.33;A;336.67;A
07.03.2025 11:45;94.36;A;4196.13;A;4195.67;A;29.38;A;22.05;A;15.45;A;27.66;A;27.03;A;33;A;21.2;A;33.83;A;1019.07;A;19;A;0;A;14;A;165;A;0.67;A;270;A
07.03.2025 12:00;94.27;A;4210.93;A;4214.4;A;27.63;A;21.37;A;14.46;A;27.99;A;26.76;A;33;A;21.51;A;33.23;A;1018.85;A;23;A;0;A;11;A;168;A;1;A;336.67;A
07.03.2025 12:15;94.33;A;4211.73;A;4214.33;A;30.43;A;20.93;A;14.87;A;28.17;A;25.55;A;36;A;21.45;A;31.07;A;1018.87;A;21;A;0;A;15;A;272;A;0.67;A;340;A
07.03.2025 12:30;94.37;A;4211.87;A;4214.4;A;26.13;A;17.69;A;12.78;A;28.01;A;24.86;A;38;A;21.1;A;31.57;A;1018.88;A;23;A;0;A;15;A;199;A;0.33;A;343.33;A
07.03.2025 12:45;94.4;A;4212.13;A;4214.6;A;21.91;A;15.62;A;11.11;A;27.63;A;25.08;A;38;A;20.98;A;30.99;A;1018.68;A;24;A;0;A;14;A;228;A;0.33;A;263.33;A
07.03.2025 13:00;94.41;A;4212.73;A;4214.6;A;16.81;A;11.83;A;8.25;A;27.27;A;24.5;A;38;A;20.71;A;29.11;A;1018.41;A;25;A;0;A;13;A;232;A;0.67;A;346.67;A
07.03.2025 13:15;94.42;A;4212.73;A;4214.73;A;14.57;A;11.67;A;8.56;A;26.93;A;23.46;A;39;A;20.57;A;28.15;A;1018.22;A;25;A;0;A;14;A;285;A;0;A;26.67;A
07.03.2025 13:30;94.43;A;4212.8;A;4215.07;A;18.62;A;10.77;A;7.53;A;26.66;A;23.18;A;40;A;20.5;A;27.89;A;1018.11;A;27;A;0;A;13;A;280;A;0;A;270;A
07.03.2025 13:45;94.44;A;4212.87;A;4214.73;A;14.2;A;9.59;A;6.91;A;26.52;A;23.4;A;41;A;20.58;A;27.47;A;1017.98;A;28;A;0;A;12;A;188;A;0.33;A;236.67;A
07.03.2025 14:00;94.38;A;4196.13;A;4196.13;A;13.52;A;9.48;A;6.83;A;26.42;A;23.35;A;39;A;20.38;A;27.23;A;1017.92;A;27;A;0;A;13;A;189;A;0;A;116.67;A
07.03.2025 14:15;94.28;A;4211;A;4214.27;A;15.31;A;10.34;A;7.17;A;26.33;A;23.77;A;41;A;20.45;A;27.84;A;1017.85;A;28;A;0;A;13;A;173;A;1;A;350;A
07.03.2025 14:30;94.34;A;4211.67;A;4214.13;A;16.9;A;11.24;A;8.2;A;26.27;A;24.06;A;41;A;20.39;A;28.19;A;1017.7;A;29;A;0;A;12;A;186;A;1;A;350;A
07.03.2025 14:45;94.38;A;4211.8;A;4214.33;A;21.59;A;15.49;A;11.03;A;26.22;A;24.39;A;40;A;20.38;A;28.9;A;1017.51;A;27;A;0;A;13;A;208;A;0.67;A;233.33;A
07.03.2025 15:00;94.4;A;4212.33;A;4214.73;A;16.69;A;12.09;A;8.92;A;26.14;A;25.23;A;41;A;20.34;A;30.07;A;1017.39;A;27;A;0;A;13;A;217;A;0.67;A;346.67;A
07.03.2025 15:15;94.42;A;4212.47;A;4214.53;A;19.16;A;13.7;A;10.15;A;26.1;A;25.83;A;40;A;20.21;A;31.02;A;1017.22;A;28;A;0;A;12;A;259;A;0.67;A;243.33;A
07.03.2025 15:30;94.43;A;4212.73;A;4215;A;16.35;A;12.35;A;8.86;A;26.02;A;26.25;A;40;A;20.26;A;31.37;A;1017.12;A;28;A;0;A;12;A;240;A;0;A;230;A
07.03.2025 15:45;94.44;A;4212.73;A;4215.07;A;15.63;A;11.24;A;8.16;A;26.01;A;26.33;A;39;A;20.24;A;30.88;A;1017.02;A;27;A;0;A;12;A;232;A;0;A;260;A
07.03.2025 16:00;94.36;A;4194.2;A;4193.53;A;21.26;A;14.64;A;10.47;A;26;A;25.48;A;40;A;20.17;A;29.55;A;1016.86;A;28;A;0;A;13;A;275;A;0.33;A;220;A
07.03.2025 16:15;94.26;A;4210.73;A;4213.6;A;17.44;A;11.58;A;8.22;A;25.93;A;24.73;A;40;A;20.15;A;29.03;A;1016.76;A;26;A;0;A;14;A;277;A;0;A;200;A
07.03.2025 16:30;94.33;A;4211.53;A;4213.87;A;16.16;A;10.56;A;7.43;A;25.83;A;24.34;A;39;A;20.07;A;27.93;A;1016.69;A;25;A;0;A;15;A;371;A;0;A;120;A
07.03.2025 16:45;94.37;A;4211.8;A;4214.27;A;20.05;A;11.76;A;7.94;A;25.69;A;23.84;A;41;A;19.83;A;28;A;1016.52;A;23;A;0;A;18;A;277;A;0;A;206.67;A
07.03.2025 17:00;94.4;A;4212.27;A;4214.67;A;18.78;A;11.96;A;8.45;A;25.51;A;24.04;A;40;A;19.51;A;28.54;A;1016.52;A;23;A;0;A;16;A;302;A;0;A;166.67;A
07.03.2025 17:15;94.42;A;4212.73;A;4214.67;A;18;A;11.05;A;7.66;A;25.26;A;24.34;A;40;A;19.08;A;29.23;A;1016.45;A;22;A;0;A;18;A;386;A;0;A;233.33;A
07.03.2025 17:30;94.43;A;4212.8;A;4214.73;A;23.07;A;14.75;A;10.41;A;24.91;A;24.56;A;41;A;18.63;A;29.8;A;1016.55;A;16;A;0;A;25;A;599;A;0;A;143.33;A
07.03.2025 17:45;94.28;A;4189.33;A;4187.33;A;49.93;A;34.76;A;25.89;A;24.43;A;25.42;A;39;A;17.81;A;31.83;A;1016.59;A;8;A;8;A;31;A;1139;A;0;A;143.33;A
07.03.2025 18:00;94.25;A;4210.53;A;4213.2;A;47.59;A;32.25;A;23.59;A;23.76;A;26.74;A;39;A;16.7;A;34.86;A;1016.61;A;1;A;12;A;39;A;1326;A;0;A;140;A
07.03.2025 18:15;94.32;A;4211.6;A;4214.2;A;48.94;A;28.56;A;19.49;A;22.87;A;29.08;A;34;A;15.63;A;38.96;A;1017;A;0;A;6;A;36;A;811;A;0;A;170;A
07.03.2025 18:30;94.37;A;4211.8;A;4214;A;67.88;A;33.52;A;21.57;A;21.8;A;32.05;A;34;A;14.64;A;41.99;A;1017.06;A;0;A;3;A;44;A;910;A;0;A;176.67;A
07.03.2025 18:45;94.4;A;4212.53;A;4214.47;A;80.6;A;39.64;A;23.97;A;20.88;A;32.95;A;37;A;13.81;A;44.58;A;1017.1;A;0;A;1;A;49;A;1067;A;0;A;186.67;A
07.03.2025 19:00;94.42;A;4212.73;A;4214.67;A;88.3;A;39.48;A;24.13;A;20;A;35.9;A;31;A;13.06;A;47.27;A;1017.34;A;0;A;3;A;41;A;939;A;0;A;170;A
07.03.2025 19:15;94.42;A;4205.93;A;4206.2;A;134.32;A;63.75;A;39.42;A;19.2;A;37.35;A;30;A;12.26;A;50.7;A;1017.2;A;0;A;5;A;39;A;1060;A;0;A;190;A
07.03.2025 19:30;94.21;A;4190.13;A;4189.07;A;150.81;A;81.92;A;49.77;A;18.41;A;38.93;A;27;A;11.51;A;51.78;A;1017.07;A;0;A;5;A;35;A;1083;A;0;A;240;A
07.03.2025 19:45;94.23;A;4210.53;A;4212.93;A;155.14;A;84.21;A;53.61;A;17.64;A;40.34;A;27;A;10.78;A;54.45;A;1017.1;A;0;A;7;A;35;A;1139;A;0;A;150;A
07.03.2025 20:00;94.31;A;4211.67;A;4213.33;A;145.99;A;85.3;A;54.72;A;16.92;A;42.39;A;23;A;10.03;A;57.77;A;1017.18;A;0;A;9;A;29;A;1081;A;0;A;163.33;A
07.03.2025 20:15;94.36;A;4212.33;A;4214.13;A;147;A;86.86;A;56.12;A;16.13;A;43.98;A;20;A;9.5;A;59.45;A;1017.5;A;0;A;11;A;27;A;1103;A;0;A;186.67;A
07.03.2025 20:30;94.39;A;4212.73;A;4213.87;A;145.89;A;87.36;A;57.35;A;15.45;A;44.89;A;21;A;8.98;A;60.59;A;1017.43;A;0;A;11;A;28;A;1105;A;0;A;183.33;A
07.03.2025 20:45;94.42;A;4212.8;A;4214.07;A;139.34;A;85.39;A;55.41;A;14.84;A;46.53;A;20;A;8.51;A;62.14;A;1017.43;A;0;A;12;A;26;A;1124;A;0;A;226.67;A
07.03.2025 21:00;94.43;A;4212.8;A;4214.2;A;133.98;A;83.76;A;55.78;A;14.32;A;47.74;A;17;A;8.05;A;63.64;A;1017.69;A;0;A;13;A;23;A;1096;A;0;A;180;A
07.03.2025 21:15;94.4;A;4207.2;A;4207.53;A;126.66;A;80.68;A;53.66;A;13.85;A;48.57;A;18;A;7.68;A;64.73;A;1017.59;A;0;A;14;A;23;A;1080;A;0;A;176.67;A
07.03.2025 21:30;94.39;A;4212.87;A;4213.8;A;127.85;A;82.93;A;55.14;A;13.42;A;49.5;A;17;A;7.28;A;65.41;A;1017.46;A;0;A;18;A;22;A;1387;A;0;A;186.67;A
07.03.2025 21:45;94.41;A;4212.87;A;4213.8;A;129.03;A;85.46;A;58.63;A;13.06;A;49.65;A;18;A;7;A;65.8;A;1017.51;A;0;A;16;A;24;A;1252;A;0;A;223.33;A
07.03.2025 22:00;94.43;A;4212.87;A;4213.67;A;125.86;A;83.08;A;56.26;A;12.71;A;50.78;A;15;A;6.67;A;67.69;A;1017.46;A;0;A;19;A;19;A;1099;A;0;A;270;A
07.03.2025 22:15;94.44;A;4213.13;A;4214.2;A;131.59;A;85.09;A;57.29;A;12.39;A;51.37;A;16;A;6.31;A;67.75;A;1017.53;A;0;A;16;A;20;A;1011;A;0;A;250;A
07.03.2025 22:30;94.45;A;4213.07;A;4213.87;A;145.21;A;96.63;A;63.84;A;12.05;A;51.7;A;17;A;6.05;A;68.68;A;1017.55;A;0;A;16;A;22;A;1035;A;0;A;160;A
07.03.2025 22:45;94.45;A;4213.4;A;4213.47;A;156.45;A;100.91;A;66.66;A;11.74;A;52.36;A;16;A;5.7;A;68.94;A;1017.6;A;0;A;17;A;21;A;1169;A;0.33;A;263.33;A
07.03.2025 23:00;94.45;A;4213.67;A;4214;A;167.23;A;105.85;A;68.79;A;11.44;A;52.5;A;18;A;5.4;A;70.22;A;1017.55;A;0;A;15;A;23;A;1035;A;0;A;190;A
07.03.2025 23:15;94.45;A;4213.67;A;4213.87;A;140.65;A;94.16;A;63.19;A;11.09;A;53.63;A;15;A;5.19;A;71.15;A;1017.55;A;0;A;17;A;18;A;1011;A;0;A;256.67;A
07.03.2025 23:30;94.46;A;4213.73;A;4213.6;A;128.56;A;87.84;A;59.13;A;10.79;A;53.96;A;15;A;4.88;A;71.56;A;1017.56;A;0;A;15;A;20;A;991;A;0.33;A;200;A
07.03.2025 23:45;94.46;A;4213.6;A;4214;A;127.52;A;87.09;A;59.01;A;10.52;A;54.63;A;15;A;4.64;A;72.19;A;1017.57;A;0;A;16;A;18;A;951;A;0.33;A;206.67;A
08.03.2025 00:00;94.46;A;4213.87;A;4213.73;A;116.03;A;82.76;A;57.5;A;10.25;A;54.94;A;14;A;4.41;A;72.62;A;1017.56;A;0;A;16;A;18;A;911;A;0;A;230;A
08.03.2025 00:15;94.46;A;4213.73;A;4214.07;A;117.95;A;83.88;A;57.85;A;9.98;A;55.19;A;13;A;4.11;A;73.16;A;1017.48;A;0;A;17;A;17;A;894;A;0;A;116.67;A
08.03.2025 00:30;94.44;A;4201.73;A;4199.8;A;118.44;A;83.78;A;56.92;A;9.75;A;55.56;A;14;A;3.99;A;73.27;A;1017.47;A;0;A;14;A;18;A;856;A;0;A;283.33;A
08.03.2025 00:45;94.26;A;4201.13;A;4200.07;A;112.51;A;80.57;A;55.18;A;9.55;A;55.79;A;14;A;3.72;A;74.1;A;1017.62;A;0;A;14;A;18;A;823;A;0;A;193.33;A
08.03.2025 01:00;94.32;A;4212.13;A;4212.93;A;115.05;A;83.58;A;57.18;A;9.33;A;56.4;A;14;A;3.44;A;74.98;A;1017.56;A;0;A;13;A;18;A;803;A;0;A;196.67;A
08.03.2025 01:15;94.37;A;4212.73;A;4213.27;A;99.69;A;71.63;A;50.49;A;9.03;A;56.41;A;13;A;3.2;A;74.57;A;1017.58;A;0;A;14;A;17;A;739;A;0;A;186.67;A
08.03.2025 01:30;94.4;A;4212.87;A;4213.47;A;95.02;A;72.77;A;49.96;A;8.8;A;56.86;A;15;A;3.09;A;74.63;A;1017.61;A;0;A;13;A;18;A;728;A;0.33;A;323.33;A
08.03.2025 01:45;94.42;A;4213.33;A;4213.67;A;105.94;A;78.22;A;54.22;A;8.62;A;57.34;A;14;A;2.95;A;75.36;A;1017.46;A;0;A;13;A;19;A;759;A;0;A;193.33;A
08.03.2025 02:00;94.31;A;4188.53;A;4185.07;A;105.31;A;80.53;A;55.22;A;8.43;A;57.78;A;14;A;2.85;A;75.59;A;1017.44;A;0;A;12;A;18;A;743;A;0;A;250;A
08.03.2025 02:15;94.24;A;4211.2;A;4212.27;A;114.17;A;85.64;A;59.76;A;8.33;A;58.02;A;15;A;2.69;A;76.31;A;1017.31;A;0;A;13;A;19;A;766;A;0;A;313.33;A
08.03.2025 02:30;94.32;A;4212.13;A;4212.33;A;109.16;A;80.35;A;54.65;A;8.13;A;58.5;A;13;A;2.43;A;76.83;A;1017.15;A;0;A;14;A;16;A;710;A;0;A;260;A
08.03.2025 02:45;94.37;A;4212.87;A;4213.33;A;116.63;A;86.58;A;58.72;A;7.95;A;58.53;A;14;A;2.3;A;77.05;A;1017.23;A;0;A;12;A;18;A;706;A;0;A;256.67;A
08.03.2025 03:00;94.4;A;4212.87;A;4213.33;A;114.09;A;84.64;A;56.94;A;7.8;A;58.65;A;14;A;2.17;A;77.62;A;1017.12;A;0;A;12;A;18;A;684;A;0.33;A;306.67;A
08.03.2025 03:15;94.42;A;4213.2;A;4213.13;A;97.5;A;76.05;A;52.36;A;7.64;A;59.3;A;12;A;2.04;A;77.67;A;1017.15;A;0;A;13;A;16;A;629;A;0;A;200;A
08.03.2025 03:30;94.44;A;4213.6;A;4213.2;A;98.72;A;75.05;A;51.16;A;7.55;A;58.86;A;14;A;1.94;A;77.36;A;1017.04;A;0;A;11;A;18;A;615;A;0;A;303.33;A
08.03.2025 03:45;94.44;A;4213.8;A;4213.47;A;97.92;A;74.21;A;50.03;A;7.4;A;59.13;A;13;A;1.73;A;77.94;A;1017.05;A;0;A;12;A;17;A;596;A;0;A;126.67;A
08.03.2025 04:00;94.45;A;4213.87;A;4213.8;A;92.8;A;69.49;A;49.01;A;7.3;A;59.31;A;13;A;1.68;A;78.21;A;1017.1;A;0;A;12;A;17;A;592;A;0;A;310;A
08.03.2025 04:15;94.45;A;4213.93;A;4213.47;A;85.06;A;65.37;A;45.05;A;7.16;A;59.23;A;14;A;1.52;A;77.91;A;1017.13;A;0;A;10;A;18;A;536;A;0;A;323.33;A
08.03.2025 04:30;94.45;A;4213.73;A;4213.13;A;74.5;A;56.77;A;40.5;A;7.05;A;59.47;A;14;A;1.41;A;78.53;A;1017.2;A;0;A;9;A;18;A;462;A;0.33;A;330;A
08.03.2025 04:45;94.45;A;4213.8;A;4213.47;A;71.59;A;55.45;A;38.92;A;6.95;A;59.72;A;13;A;1.29;A;79.29;A;1017.17;A;0;A;10;A;17;A;450;A;0;A;253.33;A
08.03.2025 05:00;94.45;A;4213.8;A;4213.4;A;69.96;A;50.96;A;40.48;A;6.91;A;59.82;A;13;A;1.24;A;79.01;A;1017.11;A;0;A;10;A;16;A;450;A;0.33;A;316.67;A
08.03.2025 05:15;94.45;A;4213.87;A;4213.13;A;76.46;A;57.56;A;43.69;A;6.73;A;59.86;A;13;A;1.15;A;78.85;A;1017.16;A;0;A;10;A;17;A;472;A;0;A;296.67;A
08.03.2025 05:30;94.45;A;4214;A;4213.4;A;81.55;A;59.46;A;46.29;A;6.66;A;59.93;A;12;A;1.05;A;78.95;A;1017.16;A;0;A;11;A;14;A;505;A;0;A;310;A
08.03.2025 05:45;94.45;A;4213.87;A;4213.53;A;72.77;A;50.17;A;44.18;A;6.6;A;60.06;A;11;A;0.92;A;79.74;A;1017.18;A;0;A;11;A;13;A;477;A;0;A;243.33;A
08.03.2025 06:00;94.45;A;4213.93;A;4213.6;A;77.03;A;56.02;A;43.45;A;6.52;A;59.86;A;11;A;0.78;A;79.7;A;1017.27;A;0;A;11;A;13;A;481;A;0;A;303.33;A
08.03.2025 06:15;94.4;A;4196.47;A;4193.53;A;70.14;A;48.53;A;41.71;A;6.48;A;59.98;A;10;A;0.69;A;80.12;A;1017.32;A;0;A;10;A;13;A;435;A;0;A;306.67;A
08.03.2025 06:30;94.27;A;4204.87;A;4203.93;A;65.47;A;45.16;A;39.77;A;6.44;A;59.96;A;11;A;0.71;A;79.88;A;1017.28;A;0;A;9;A;14;A;384;A;0;A;313.33;A
08.03.2025 06:45;94.33;A;4212.53;A;4212.27;A;64.26;A;44.72;A;38.96;A;6.45;A;59.97;A;11;A;0.76;A;79.83;A;1017.36;A;0;A;9;A;14;A;374;A;0;A;306.67;A
08.03.2025 07:00;94.38;A;4212.87;A;4212.8;A;62.94;A;43.44;A;38.18;A;6.62;A;60.08;A;11;A;1.41;A;78.65;A;1017.41;A;0;A;8;A;14;A;371;A;0;A;313.33;A
08.03.2025 07:15;94.4;A;4212.87;A;4213.33;A;69.54;A;51.87;A;38.28;A;7.15;A;58.96;A;11;A;2.55;A;73.33;A;1017.32;A;0;A;5;A;13;A;405;A;0.67;A;310;A
08.03.2025 07:30;94.42;A;4212.87;A;4213.67;A;71.68;A;54.92;A;37.68;A;8.03;A;56.72;A;12;A;3.82;A;68.61;A;1017.04;A;0;A;5;A;14;A;420;A;0.67;A;316.67;A
08.03.2025 07:45;94.37;A;4199.4;A;4198.13;A;65.17;A;49.79;A;35.36;A;9.31;A;52.81;A;13;A;5.06;A;63.35;A;1016.98;A;0;A;4;A;15;A;350;A;0.33;A;323.33;A
08.03.2025 08:00;94.31;A;4211.73;A;4213.07;A;65.8;A;49.82;A;35.47;A;10.91;A;49;A;14;A;6.61;A;58.73;A;1016.86;A;0;A;4;A;16;A;380;A;0.67;A;326.67;A
08.03.2025 08:15;94.36;A;4212.33;A;4213.67;A;75.61;A;55.49;A;38.24;A;12.35;A;46.01;A;19;A;7.45;A;56.83;A;1016.96;A;0;A;4;A;22;A;421;A;0.67;A;326.67;A
08.03.2025 08:30;94.39;A;4212.73;A;4214.27;A;79.65;A;59.07;A;42.06;A;13.48;A;44.48;A;22;A;8.26;A;56.15;A;1016.79;A;0;A;4;A;28;A;525;A;0.33;A;323.33;A
08.03.2025 08:45;94.41;A;4212.8;A;4213.93;A;74.91;A;57.96;A;40.4;A;14.5;A;43.11;A;22;A;9.4;A;53.52;A;1016.82;A;0;A;4;A;28;A;449;A;0;A;336.67;A
08.03.2025 09:00;94.43;A;4212.8;A;4214.6;A;74.96;A;56.43;A;39.58;A;15.64;A;41.32;A;22;A;10.82;A;50.34;A;1016.69;A;0;A;3;A;27;A;407;A;0.33;A;136.67;A
08.03.2025 09:15;94.43;A;4207.73;A;4208.4;A;74.29;A;54.78;A;39.7;A;17.07;A;39.43;A;24;A;12.03;A;47.61;A;1016.69;A;0;A;2;A;29;A;407;A;0.33;A;266.67;A
08.03.2025 09:30;94.23;A;4190.67;A;4189.73;A;72.81;A;54.35;A;39.18;A;18.52;A;37.24;A;27;A;13.42;A;44.47;A;1016.73;A;0;A;1;A;32;A;439;A;0.33;A;250;A
08.03.2025 09:45;94.24;A;4210.4;A;4213.13;A;74.3;A;55.64;A;39.52;A;19.84;A;35.37;A;30;A;14.46;A;42.76;A;1016.71;A;0;A;1;A;35;A;495;A;0;A;260;A
08.03.2025 10:00;94.31;A;4211.4;A;4214.27;A;79.47;A;57.2;A;40.43;A;21.01;A;33.91;A;32;A;15.65;A;40.84;A;1016.48;A;0;A;1;A;38;A;542;A;0.33;A;260;A
08.03.2025 10:15;94.36;A;4211.87;A;4214.73;A;76.86;A;56.11;A;40.7;A;22.4;A;32.6;A;34;A;17.04;A;38.68;A;1016.3;A;0;A;1;A;41;A;572;A;0.67;A;333.33;A
08.03.2025 10:30;94.39;A;4212.07;A;4214.6;A;77.89;A;55.61;A;39.63;A;23.75;A;31.12;A;37;A;18.77;A;35.83;A;1016.15;A;0;A;1;A;43;A;557;A;0;A;260;A
08.03.2025 10:45;94.41;A;4212.6;A;4214.67;A;76.61;A;56.32;A;39.48;A;25.04;A;29.13;A;39;A;19.47;A;34.6;A;1016.08;A;0;A;0;A;42;A;542;A;0;A;170;A
08.03.2025 11:00;94.33;A;4201.8;A;4203.33;A;93.45;A;65.65;A;45.18;A;25.95;A;26.88;A;43;A;19.9;A;31.36;A;1016.27;A;11;A;3;A;33;A;1066;A;0;A;183.33;A
08.03.2025 11:15;94.35;A;4211.87;A;4214;A;87.63;A;59.3;A;40.53;A;26.46;A;25.53;A;46;A;20.35;A;30.36;A;1016.18;A;18;A;2;A;28;A;799;A;0;A;126.67;A
08.03.2025 11:30;94.38;A;4211.8;A;4214.73;A;75.89;A;54.73;A;37.72;A;26.71;A;25.13;A;45;A;20.54;A;30.17;A;1016.07;A;21;A;1;A;24;A;529;A;0.33;A;166.67;A
08.03.2025 11:45;94.41;A;4212.33;A;4215;A;76.41;A;54.67;A;37.38;A;26.9;A;25;A;45;A;20.64;A;30.78;A;1015.92;A;23;A;1;A;22;A;439;A;0;A;83.33;A
08.03.2025 12:00;94.42;A;4212.73;A;4214.93;A;72.72;A;50.94;A;35.71;A;27.15;A;23.7;A;47;A;20.95;A;28.41;A;1015.86;A;26;A;1;A;21;A;581;A;0;A;13.33;A
08.03.2025 12:15;94.43;A;4212.93;A;4215.53;A;62.23;A;46.04;A;32.96;A;27.34;A;23.21;A;46;A;20.91;A;27.8;A;1015.75;A;26;A;0;A;20;A;498;A;0;A;46.67;A
08.03.2025 12:30;94.43;A;4209.73;A;4211.2;A;59.25;A;43.75;A;31.34;A;27.32;A;23.47;A;46;A;20.8;A;28.28;A;1015.65;A;28;A;0;A;19;A;337;A;0.33;A;346.67;A
08.03.2025 12:45;94.34;A;4206.33;A;4207.47;A;46.76;A;34.98;A;24.83;A;27.1;A;22.53;A;46;A;20.66;A;26.85;A;1015.47;A;30;A;0;A;15;A;187;A;0;A;173.33;A
08.03.2025 13:00;94.37;A;4211.8;A;4214.2;A;40.24;A;31.11;A;22.21;A;26.91;A;21.85;A;46;A;20.6;A;25.13;A;1015.28;A;32;A;0;A;14;A;177;A;0.33;A;166.67;A
08.03.2025 13:15;94.4;A;4212.27;A;4214.53;A;40.68;A;28.97;A;20.96;A;26.69;A;21.48;A;47;A;20.29;A;25.62;A;1015.15;A;31;A;0;A;16;A;139;A;0.33;A;133.33;A
08.03.2025 13:30;94.41;A;4212.67;A;4214.73;A;39.14;A;30.55;A;21.68;A;26.44;A;21.54;A;46;A;20.2;A;24.75;A;1015.04;A;34;A;0;A;12;A;139;A;0;A;110;A
08.03.2025 13:45;94.43;A;4212.73;A;4214.8;A;37.84;A;28.17;A;20.13;A;26.26;A;20.85;A;47;A;20.07;A;25.02;A;1014.86;A;34;A;0;A;13;A;126;A;1;A;126.67;A
08.03.2025 14:00;94.43;A;4212.87;A;4214.8;A;37.84;A;30.88;A;21.85;A;26.11;A;21.8;A;49;A;20.02;A;25.96;A;1014.89;A;37;A;0;A;12;A;126;A;0.67;A;123.33;A
08.03.2025 14:15;94.44;A;4212.73;A;4215;A;41.87;A;31.1;A;22.55;A;25.98;A;21.9;A;48;A;19.97;A;25.15;A;1014.67;A;36;A;0;A;11;A;130;A;0;A;113.33;A
08.03.2025 14:30;94.44;A;4213;A;4215.33;A;39.63;A;29.69;A;21.5;A;25.89;A;21.78;A;49;A;19.99;A;25.34;A;1014.52;A;38;A;0;A;12;A;117;A;0;A;193.33;A
08.03.2025 14:45;94.44;A;4212.73;A;4214.6;A;36.62;A;28.6;A;20.71;A;25.81;A;21.31;A;50;A;19.87;A;24.71;A;1014.42;A;38;A;0;A;12;A;100;A;0;A;133.33;A
08.03.2025 15:00;94.44;A;4212.73;A;4215.2;A;34.22;A;26.11;A;19.12;A;25.71;A;21.54;A;49;A;19.82;A;24.42;A;1014.42;A;37;A;0;A;12;A;96;A;0;A;93.33;A
08.03.2025 15:15;94.44;A;4212.73;A;4214.8;A;33.39;A;25.74;A;18.46;A;25.62;A;21.2;A;50;A;19.85;A;23.91;A;1014.29;A;39;A;0;A;11;A;89;A;0.33;A;110;A
08.03.2025 15:30;94.39;A;4205.53;A;4206.27;A;29.35;A;22.33;A;16.37;A;25.6;A;20.37;A;49;A;19.84;A;23.16;A;1014.13;A;38;A;0;A;11;A;82;A;0;A;53.33;A
08.03.2025 15:45;94.37;A;4211.87;A;4214.6;A;28.44;A;22.07;A;15.91;A;25.58;A;20.49;A;48;A;19.66;A;23.72;A;1014.13;A;36;A;0;A;12;A;102;A;0.33;A;130;A
08.03.2025 16:00;94.4;A;4212.27;A;4214.53;A;26.64;A;21.27;A;15.87;A;25.51;A;20.45;A;48;A;19.63;A;23.43;A;1014.1;A;38;A;0;A;10;A;76;A;0;A;116.67;A
08.03.2025 16:15;94.42;A;4212.87;A;4215.53;A;26.92;A;20.99;A;15.51;A;25.4;A;20.65;A;48;A;19.54;A;23.65;A;1014.14;A;36;A;0;A;12;A;84;A;0.33;A;163.33;A
08.03.2025 16:30;94.43;A;4212.87;A;4214.8;A;29.68;A;22.29;A;16.47;A;25.33;A;20.98;A;49;A;19.56;A;23.99;A;1014.18;A;36;A;0;A;12;A;106;A;0;A;130;A
08.03.2025 16:45;94.43;A;4212.73;A;4214.67;A;29.19;A;22.36;A;16.08;A;25.28;A;20.93;A;49;A;19.49;A;23.76;A;1013.96;A;37;A;0;A;12;A;114;A;0;A;130;A
08.03.2025 17:00;94.39;A;4198.2;A;4197.47;A;29.88;A;22.83;A;16.38;A;25.19;A;20.91;A;49;A;19.35;A;23.95;A;1013.94;A;35;A;0;A;13;A;134;A;0;A;216.67;A
08.03.2025 17:15;94.16;A;4194.8;A;4195.67;A;32.84;A;24.14;A;17.51;A;25.03;A;21.2;A;48;A;18.98;A;24.73;A;1013.77;A;32;A;0;A;15;A;168;A;0;A;123.33;A
08.03.2025 17:30;94.23;A;4210.33;A;4213.07;A;36.88;A;24.95;A;17.45;A;24.71;A;22.05;A;45;A;18.19;A;27.93;A;1013.72;A;27;A;0;A;18;A;193;A;0;A;183.33;A
08.03.2025 17:45;94.3;A;4211.36;A;4213.64;A;36.46;A;24.38;A;17.59;A;24.17;A;23.2;A;42;A;17.45;A;28.51;A;1013.75;A;21;A;0;A;21;A;238;A;0;A;166.67;A
08.03.2025 18:00;94.35;A;4212;A;4214.62;A;39.56;A;25.93;A;18.18;A;23.47;A;24.96;A;38;A;16.72;A;30.39;A;1013.86;A;15;A;0;A;23;A;258;A;0;A;160;A
08.03.2025 18:15;94.38;A;4212.2;A;4213.53;A;47.01;A;28.76;A;19.94;A;22.56;A;28.67;A;30;A;15.3;A;38.51;A;1013.85;A;10;A;2;A;19;A;377;A;0;A;163.33;A
08.03.2025 18:30;94.4;A;4212.73;A;4214.73;A;76.96;A;41.01;A;26.57;A;21.41;A;31.89;A;28;A;14.2;A;42.44;A;1014.08;A;1;A;1;A;30;A;577;A;0;A;166.67;A
08.03.2025 18:45;94.42;A;4212.8;A;4214.27;A;97.62;A;52.5;A;33.94;A;20.4;A;33.93;A;27;A;13.21;A;44.84;A;1014;A;0;A;2;A;34;A;708;A;0;A;196.67;A
08.03.2025 19:00;94.43;A;4212.8;A;4214.4;A;115.27;A;63.22;A;40.69;A;19.42;A;36.26;A;25;A;12.37;A;49.18;A;1014;A;0;A;3;A;33;A;738;A;0;A;173.33;A
08.03.2025 19:15;94.44;A;4212.87;A;4214.13;A;149.52;A;82.43;A;52.86;A;18.57;A;37.24;A;29;A;11.69;A;50.05;A;1014.06;A;0;A;3;A;38;A;1109;A;0;A;193.33;A
08.03.2025 19:30;94.44;A;4212.8;A;4214.33;A;141.52;A;76.39;A;48.78;A;17.79;A;39.63;A;24;A;11.04;A;53.21;A;1013.94;A;0;A;5;A;32;A;1017;A;0;A;240;A
08.03.2025 19:45;94.3;A;4183.2;A;4180.6;A;150.11;A;85.64;A;55.29;A;17.03;A;41.58;A;23;A;10.3;A;55.33;A;1013.86;A;0;A;7;A;30;A;1147;A;0;A;213.33;A
08.03.2025 20:00;94.18;A;4210.13;A;4212.2;A;178.24;A;101.54;A;66.22;A;16.34;A;41.17;A;27;A;9.77;A;54.09;A;1013.94;A;0;A;6;A;36;A;1504;A;0;A;256.67;A
08.03.2025 20:15;94.28;A;4211.47;A;4212.67;A;169.2;A;101.6;A;66.08;A;15.61;A;43.12;A;24;A;9.15;A;58.28;A;1013.97;A;0;A;11;A;33;A;1406;A;0;A;203.33;A
08.03.2025 20:30;94.34;A;4211.93;A;4213.47;A;172.73;A;105.3;A;69.33;A;15.03;A;44.56;A;22;A;8.68;A;59.28;A;1014;A;0;A;10;A;30;A;1315;A;0;A;176.67;A
08.03.2025 20:45;94.38;A;4212.8;A;4213.73;A;189.62;A;117.46;A;76.42;A;14.48;A;46.06;A;20;A;8.27;A;61.84;A;1014.27;A;0;A;13;A;28;A;1307;A;0;A;206.67;A
08.03.2025 21:00;94.41;A;4212.87;A;4214.07;A;200.93;A;132.28;A;87.39;A;14.04;A;46.19;A;23;A;8.07;A;59.29;A;1014.45;A;0;A;12;A;30;A;1455;A;0;A;183.33;A
08.03.2025 21:15;94.42;A;4212.87;A;4214.07;A;215.26;A;146.47;A;97.28;A;13.66;A;46.43;A;25;A;7.56;A;61.38;A;1014.52;A;0;A;14;A;33;A;1654;A;0;A;293.33;A
08.03.2025 21:30;94.43;A;4213;A;4213.87;A;202.01;A;140.06;A;93.86;A;13.27;A;47.85;A;22;A;7.3;A;63.15;A;1014.52;A;0;A;17;A;29;A;1460;A;0;A;210;A
08.03.2025 21:45;94.44;A;4213.13;A;4214.4;A;206.7;A;145.65;A;96.85;A;12.98;A;48.48;A;21;A;7.09;A;63.65;A;1014.52;A;0;A;18;A;28;A;1480;A;0;A;253.33;A
08.03.2025 22:00;94.44;A;4213.27;A;4214.13;A;206.2;A;142.62;A;95.66;A;12.68;A;49.17;A;19;A;6.68;A;64.93;A;1014.55;A;0;A;19;A;26;A;1385;A;0;A;240;A
08.03.2025 22:15;94.39;A;4196.73;A;4194.6;A;216.08;A;152.36;A;103.39;A;12.36;A;49.79;A;19;A;6.37;A;66.27;A;1014.51;A;0;A;21;A;26;A;1482;A;0;A;236.67;A
08.03.2025 22:30;94.22;A;4204.47;A;4204.53;A;233.76;A;163.49;A;108.81;A;12.02;A;49.8;A;21;A;6.01;A;66;A;1014.55;A;0;A;19;A;28;A;1446;A;0;A;223.33;A
08.03.2025 22:45;94.3;A;4211.87;A;4212.47;A;227.39;A;161.12;A;106.93;A;11.67;A;50.84;A;20;A;5.67;A;67.56;A;1014.62;A;0;A;20;A;26;A;1388;A;0;A;216.67;A
08.03.2025 23:00;94.36;A;4212.33;A;4212.93;A;229.56;A;158.99;A;107.99;A;11.36;A;51.34;A;20;A;5.39;A;68.15;A;1014.76;A;0;A;18;A;26;A;1352;A;0;A;240;A
08.03.2025 23:15;94.39;A;4212.8;A;4213.47;A;229.55;A;160.54;A;107.13;A;11.03;A;51.92;A;19;A;5.15;A;68.3;A;1014.72;A;0;A;18;A;26;A;1372;A;0;A;226.67;A
08.03.2025 23:30;94.4;A;4207.53;A;4207;A;221.5;A;156.45;A;103.32;A;10.74;A;52.24;A;19;A;4.77;A;69.17;A;1014.8;A;0;A;18;A;25;A;1312;A;0;A;280;A
08.03.2025 23:45;94.37;A;4212.8;A;4213.2;A;217.62;A;152.59;A;102.1;A;10.44;A;52.69;A;19;A;4.56;A;69.7;A;1014.77;A;0;A;16;A;25;A;1258;A;0;A;216.67;A
09.03.2025 00:00;94.4;A;4212.87;A;4213.27;A;215;A;150.72;A;100.39;A;10.13;A;53.44;A;18;A;4.29;A;70.63;A;1014.72;A;0;A;16;A;25;A;1217;A;0;A;253.33;A
09.03.2025 00:15;94.42;A;4212.93;A;4213.6;A;207.03;A;148.62;A;99.23;A;9.91;A;53.92;A;17;A;4.05;A;71.17;A;1014.75;A;0;A;17;A;23;A;1165;A;0.33;A;316.67;A
09.03.2025 00:30;94.43;A;4213.27;A;4213.33;A;199.61;A;145.02;A;96.57;A;9.65;A;54.25;A;17;A;3.89;A;71.72;A;1014.83;A;0;A;16;A;23;A;1085;A;0.33;A;303.33;A
09.03.2025 00:45;94.33;A;4197.13;A;4195.73;A;198.74;A;144.83;A;96.67;A;9.42;A;54.39;A;17;A;3.63;A;71.59;A;1014.92;A;0;A;14;A;23;A;1010;A;0;A;313.33;A
09.03.2025 01:00;94.33;A;4212.07;A;4212.53;A;187.79;A;139.32;A;95.24;A;9.17;A;55.02;A;16;A;3.34;A;72.76;A;1014.75;A;0;A;15;A;22;A;986;A;0;A;253.33;A
09.03.2025 01:15;94.38;A;4212.8;A;4213.27;A;184.08;A;138.83;A;92.78;A;8.89;A;55.71;A;15;A;3.1;A;73.75;A;1014.85;A;0;A;15;A;20;A;929;A;0;A;326.67;A
09.03.2025 01:30;94.4;A;4213;A;4213.53;A;178.56;A;134.08;A;90.46;A;8.66;A;56.28;A;15;A;3;A;73.92;A;1014.88;A;0;A;14;A;20;A;909;A;0;A;210;A
09.03.2025 01:45;94.42;A;4213.27;A;4213.6;A;176.27;A;131.53;A;89.54;A;8.44;A;56.63;A;15;A;2.68;A;75.33;A;1014.89;A;0;A;14;A;21;A;898;A;0;A;156.67;A
09.03.2025 02:00;94.36;A;4205.47;A;4205.07;A;170.28;A;130.97;A;88.96;A;8.23;A;57.15;A;14;A;2.5;A;75.68;A;1014.83;A;0;A;14;A;19;A;851;A;0.33;A;250;A
09.03.2025 02:15;94.39;A;4212.8;A;4213.27;A;176.76;A;131.14;A;88.59;A;8.05;A;57.56;A;15;A;2.35;A;75.66;A;1014.8;A;0;A;14;A;19;A;843;A;0;A;316.67;A
09.03.2025 02:30;94.41;A;4213;A;4213.73;A;173.56;A;130.78;A;88.91;A;7.9;A;57.55;A;15;A;2.3;A;75.53;A;1014.74;A;0;A;14;A;20;A;849;A;0;A;240;A
09.03.2025 02:45;94.43;A;4213.53;A;4213.53;A;174.84;A;131.4;A;89.09;A;7.74;A;57.62;A;15;A;1.98;A;76.01;A;1014.78;A;0;A;13;A;20;A;868;A;0;A;326.67;A
09.03.2025 03:00;94.44;A;4213.8;A;4213.47;A;179.12;A;131.88;A;89.83;A;7.55;A;58.07;A;15;A;1.86;A;76.65;A;1014.89;A;0;A;14;A;19;A;861;A;0;A;193.33;A
09.03.2025 03:15;94.44;A;4213.8;A;4213.4;A;177.36;A;132.9;A;89.35;A;7.36;A;58.31;A;14;A;1.7;A;76.88;A;1014.87;A;0;A;13;A;18;A;857;A;0;A;300;A
09.03.2025 03:30;94.39;A;4194.33;A;4190.93;A;170.54;A;129.35;A;86.96;A;7.14;A;58.74;A;13;A;1.5;A;77.66;A;1014.79;A;0;A;15;A;17;A;814;A;0;A;243.33;A
09.03.2025 03:45;94.27;A;4211.47;A;4212;A;167.11;A;125.42;A;84.9;A;7.04;A;59.05;A;13;A;1.37;A;77.68;A;1014.76;A;0;A;13;A;17;A;773;A;0;A;320;A
09.03.2025 04:00;94.34;A;4212.6;A;4212.67;A;162.08;A;121.96;A;82.77;A;6.88;A;59.22;A;14;A;1.28;A;78.27;A;1014.72;A;0;A;12;A;18;A;756;A;0;A;303.33;A
09.03.2025 04:15;94.38;A;4212.8;A;4212.6;A;150.7;A;113.59;A;77.48;A;6.75;A;59.43;A;14;A;1.16;A;78.07;A;1014.78;A;0;A;11;A;18;A;682;A;0;A;313.33;A
09.03.2025 04:30;94.41;A;4213.4;A;4213;A;140.83;A;108.2;A;74.91;A;6.65;A;59.44;A;14;A;1.04;A;78.58;A;1014.78;A;0;A;11;A;18;A;637;A;0;A;250;A
09.03.2025 04:45;94.43;A;4213.67;A;4213.33;A;142.67;A;105.36;A;75.92;A;6.49;A;59.84;A;12;A;0.92;A;78.91;A;1014.78;A;0;A;12;A;16;A;633;A;0;A;296.67;A
09.03.2025 05:00;94.3;A;4189.93;A;4186.53;A;126.94;A;89.7;A;75.29;A;6.49;A;59.96;A;12;A;0.84;A;79.51;A;1014.83;A;0;A;12;A;15;A;620;A;0;A;273.33;A
09.03.2025 05:15;94.26;A;4211.73;A;4212.07;A;122.95;A;85.97;A;72.58;A;6.46;A;60.01;A;12;A;0.77;A;79.61;A;1014.92;A;0;A;12;A;16;A;602;A;0;A;310;A
09.03.2025 05:30;94.33;A;4212.67;A;4212.8;A;122.61;A;86.21;A;72.08;A;6.38;A;60;A;12;A;0.63;A;79.88;A;1015.08;A;0;A;11;A;16;A;580;A;0;A;303.33;A
09.03.2025 05:45;94.37;A;4212.8;A;4212.73;A;117.19;A;80.64;A;71.02;A;6.44;A;59.95;A;12;A;0.64;A;80.24;A;1015.04;A;0;A;12;A;15;A;558;A;0.33;A;323.33;A
09.03.2025 06:00;94.4;A;4213;A;4213.07;A;118.37;A;82.86;A;69.02;A;6.3;A;59.91;A;12;A;0.59;A;79.75;A;1015.18;A;0;A;11;A;16;A;547;A;0.33;A;320;A
09.03.2025 06:15;94.42;A;4213.67;A;4213.07;A;115.94;A;79.78;A;70.26;A;6.23;A;60;A;13;A;0.54;A;79.8;A;1015.2;A;0;A;10;A;16;A;544;A;0;A;306.67;A
09.03.2025 06:30;94.43;A;4213.87;A;4213.47;A;116.33;A;81.38;A;69.02;A;6.26;A;59.97;A;12;A;0.53;A;80.13;A;1015.18;A;0;A;11;A;16;A;556;A;0;A;310;A
09.03.2025 06:45;94.44;A;4213.87;A;4213.2;A;116.6;A;81.76;A;68.71;A;6.33;A;59.95;A;12;A;0.62;A;79.67;A;1015.23;A;0;A;10;A;16;A;610;A;0.33;A;320;A
09.03.2025 07:00;94.38;A;4194.8;A;4192.13;A;112.96;A;77.74;A;68.47;A;6.28;A;60.03;A;13;A;0.76;A;79.31;A;1015.2;A;0;A;10;A;16;A;592;A;0;A;303.33;A
09.03.2025 07:15;94.3;A;4211.93;A;4212.27;A;114.97;A;80.69;A;68.11;A;6.52;A;59.89;A;12;A;1.3;A;77.41;A;1015.09;A;0;A;9;A;15;A;587;A;0.33;A;313.33;A
09.03.2025 07:30;94.36;A;4212.8;A;4213.2;A;133.63;A;97.65;A;67.2;A;6.99;A;59.12;A;11;A;2.25;A;74.39;A;1015.26;A;0;A;8;A;14;A;593;A;0.33;A;306.67;A
09.03.2025 07:45;94.39;A;4212.8;A;4213.67;A;128;A;96.49;A;65.6;A;8.05;A;57.98;A;12;A;3.77;A;70.41;A;1015.17;A;0;A;7;A;15;A;665;A;0;A;300;A
09.03.2025 08:00;94.42;A;4212.87;A;4213.73;A;120.7;A;89.63;A;63.08;A;9.52;A;53.99;A;16;A;5.49;A;63.63;A;1015.01;A;0;A;5;A;19;A;716;A;0.33;A;286.67;A
09.03.2025 08:15;94.43;A;4212.8;A;4214.4;A;100.68;A;78.78;A;55.36;A;11.34;A;49.06;A;21;A;7.19;A;57.4;A;1015.1;A;0;A;3;A;25;A;542;A;1;A;320;A
09.03.2025 08:30;94.44;A;4212.8;A;4214.93;A;90.19;A;70.44;A;49.85;A;13.1;A;44.54;A;24;A;8.36;A;53.4;A;1015.14;A;0;A;2;A;28;A;452;A;0;A;326.67;A
09.03.2025 08:45;94.45;A;4212.93;A;4214.6;A;83.84;A;65.93;A;47.59;A;14.69;A;41.31;A;25;A;9.79;A;50.26;A;1014.88;A;0;A;3;A;28;A;427;A;0;A;326.67;A
09.03.2025 09:00;94.41;A;4203;A;4204.4;A;84.03;A;65.16;A;46.6;A;16.39;A;38.96;A;27;A;11.47;A;46.65;A;1014.92;A;0;A;3;A;31;A;538;A;0.67;A;336.67;A
09.03.2025 09:15;94.35;A;4211.8;A;4214.2;A;90.49;A;69.42;A;49.26;A;17.99;A;36.79;A;29;A;12.95;A;43.97;A;1014.84;A;0;A;3;A;33;A;569;A;0.67;A;323.33;A
09.03.2025 09:30;94.39;A;4212.2;A;4214.93;A;88.44;A;65.66;A;46.99;A;19.32;A;35.7;A;32;A;13.93;A;43.47;A;1014.84;A;0;A;3;A;34;A;648;A;0.67;A;326.67;A
09.03.2025 09:45;94.41;A;4212.67;A;4214.93;A;85.82;A;62.76;A;45.1;A;20.71;A;34.55;A;33;A;15.39;A;41.71;A;1014.57;A;0;A;3;A;35;A;717;A;0.33;A;320;A
09.03.2025 10:00;94.42;A;4212.87;A;4215.07;A;80.28;A;59.28;A;41.48;A;21.97;A;34.22;A;33;A;16.07;A;42.22;A;1014.42;A;1;A;4;A;33;A;844;A;0;A;190;A
09.03.2025 10:15;94.43;A;4212.67;A;4214.6;A;45.5;A;31.88;A;23.07;A;23.16;A;34.3;A;32;A;16.92;A;42.96;A;1014.54;A;11;A;3;A;21;A;488;A;0;A;100;A
09.03.2025 10:30;94.43;A;4204.4;A;4206.93;A;30.59;A;20.81;A;14.69;A;24.18;A;34.1;A;30;A;18.02;A;42.49;A;1014.37;A;16;A;2;A;14;A;104;A;0;A;156.67;A
09.03.2025 10:45;94.23;A;4194.6;A;4195.07;A;27.14;A;18.03;A;13.01;A;24.98;A;33.14;A;31;A;17.98;A;42.24;A;1014.23;A;18;A;1;A;13;A;43;A;0;A;93.33;A
09.03.2025 11:00;94.25;A;4210.47;A;4213.53;A;25.53;A;17.94;A;12.88;A;25.31;A;32.54;A;31;A;18.27;A;41.88;A;1014.24;A;19;A;2;A;13;A;41;A;0;A;190;A
09.03.2025 11:15;94.32;A;4211.53;A;4214.4;A;23.55;A;17.04;A;12.33;A;25.6;A;32.24;A;32;A;18.87;A;41.13;A;1014.19;A;19;A;1;A;12;A;24;A;0;A;130;A
09.03.2025 11:30;94.36;A;4211.87;A;4214.8;A;28.6;A;20.86;A;14.99;A;25.98;A;31.6;A;33;A;19.45;A;39.64;A;1014.13;A;20;A;1;A;13;A;238;A;0.33;A;193.33;A
09.03.2025 11:45;94.39;A;4212.13;A;4214.8;A;26.88;A;19.15;A;13.47;A;26.27;A;30.45;A;34;A;19.5;A;38.57;A;1014.05;A;20;A;1;A;15;A;252;A;0;A;73.33;A
09.03.2025 12:00;94.41;A;4212.67;A;4215.07;A;32.17;A;22.96;A;16.56;A;26.33;A;30.06;A;35;A;19.48;A;38.58;A;1013.86;A;20;A;1;A;15;A;213;A;0;A;66.67;A
09.03.2025 12:15;94.42;A;4212.67;A;4215.13;A;25.75;A;18.18;A;12.89;A;26.15;A;30.27;A;35;A;18.78;A;38.85;A;1013.75;A;21;A;2;A;13;A;204;A;0;A;130;A
09.03.2025 12:30;94.43;A;4212.8;A;4214.8;A;23.25;A;15.35;A;10.46;A;25.71;A;29.58;A;37;A;18.43;A;37.99;A;1013.51;A;26;A;1;A;12;A;110;A;0.33;A;66.67;A
09.03.2025 12:45;94.44;A;4211.33;A;4214.4;A;18.5;A;12.93;A;8.94;A;25.1;A;29.32;A;40;A;18.1;A;37.64;A;1013.38;A;29;A;0;A;11;A;9;A;0.67;A;16.67;A
09.03.2025 13:00;94.27;A;4186.67;A;4185.2;A;19.89;A;13.31;A;9.21;A;24.51;A;30.58;A;39;A;17.88;A;38.72;A;1013.19;A;27;A;0;A;12;A;44;A;0.33;A;166.67;A
09.03.2025 13:15;94.22;A;4210.27;A;4212.8;A;21.74;A;15.15;A;10.6;A;24.1;A;31.22;A;39;A;17.73;A;38.87;A;1013.01;A;29;A;0;A;10;A;82;A;0;A;93.33;A
09.03.2025 13:30;94.3;A;4211.53;A;4214.2;A;25.59;A;17.5;A;11.88;A;23.85;A;31.83;A;40;A;17.73;A;39.03;A;1012.85;A;30;A;0;A;10;A;85;A;0.67;A;36.67;A
09.03.2025 13:45;94.36;A;4211.8;A;4214.33;A;22.07;A;14.73;A;10.77;A;23.68;A;31.55;A;40;A;17.69;A;38.49;A;1012.79;A;31;A;0;A;9;A;41;A;0.33;A;70;A
09.03.2025 14:00;94.39;A;4212.2;A;4214.53;A;22.16;A;14.72;A;10.17;A;23.61;A;31.44;A;40;A;17.66;A;38.17;A;1012.64;A;32;A;0;A;9;A;28;A;0.67;A;60;A
09.03.2025 14:15;94.41;A;4212.67;A;4214.93;A;20.34;A;13.98;A;9.67;A;23.51;A;31.62;A;40;A;17.58;A;38.72;A;1012.57;A;30;A;0;A;10;A;25;A;0;A;80;A
09.03.2025 14:30;94.43;A;4212.67;A;4214.8;A;23.56;A;14.84;A;10.02;A;23.46;A;32.12;A;40;A;17.67;A;39.32;A;1012.48;A;31;A;0;A;9;A;31;A;0;A;50;A
09.03.2025 14:45;94.35;A;4199.67;A;4199.53;A;21.21;A;14.44;A;9.99;A;23.49;A;32.49;A;40;A;17.75;A;39.26;A;1012.34;A;30;A;0;A;10;A;39;A;0;A;50;A
09.03.2025 15:00;94.33;A;4211.67;A;4214;A;18.07;A;12.92;A;8.93;A;23.53;A;32.11;A;39;A;17.9;A;37.93;A;1012.21;A;30;A;0;A;9;A;37;A;0;A;33.33;A
09.03.2025 15:15;94.38;A;4211.87;A;4214.47;A;17.56;A;12.29;A;8.61;A;23.59;A;31.51;A;40;A;17.89;A;37.88;A;1012;A;30;A;0;A;10;A;30;A;0;A;80;A
09.03.2025 15:30;94.4;A;4212.8;A;4215;A;17.89;A;11.78;A;8.15;A;23.64;A;31.04;A;40;A;17.92;A;36.59;A;1011.94;A;32;A;0;A;8;A;34;A;0.33;A;160;A
09.03.2025 15:45;94.42;A;4212.87;A;4215.33;A;16.96;A;11.72;A;8.34;A;23.65;A;30.78;A;41;A;17.93;A;37.3;A;1011.85;A;31;A;0;A;9;A;40;A;0;A;93.33;A
09.03.2025 16:00;94.43;A;4212.73;A;4214.6;A;19.6;A;13.92;A;9.93;A;23.67;A;30.68;A;40;A;17.98;A;35.89;A;1011.85;A;31;A;0;A;9;A;43;A;0;A;70;A
09.03.2025 16:15;94.44;A;4212.8;A;4214.73;A;22.68;A;16.24;A;11.72;A;23.67;A;29.41;A;43;A;17.94;A;35.66;A;1011.79;A;32;A;0;A;11;A;47;A;0.67;A;86.67;A
09.03.2025 16:30;94.41;A;4200.8;A;4201.8;A;24.76;A;17.36;A;11.8;A;23.68;A;29.81;A;42;A;17.88;A;35.38;A;1011.77;A;32;A;0;A;10;A;59;A;0;A;40;A
09.03.2025 16:45;94.19;A;4193.53;A;4193.47;A;15.63;A;10.79;A;7.67;A;23.6;A;28.5;A;41;A;17.74;A;34.31;A;1011.87;A;31;A;0;A;10;A;39;A;0;A;40;A
09.03.2025 17:00;94.24;A;4210.53;A;4213;A;13.65;A;10.08;A;7.29;A;23.5;A;27.93;A;41;A;17.63;A;33.71;A;1011.89;A;29;A;0;A;12;A;58;A;0;A;60;A
09.03.2025 17:15;94.32;A;4211.4;A;4214.2;A;16.78;A;10.01;A;7.33;A;23.37;A;28.2;A;40;A;17.44;A;34.14;A;1011.84;A;28;A;0;A;12;A;57;A;0;A;103.33;A
09.03.2025 17:30;94.36;A;4211.93;A;4214.53;A;17.29;A;10.94;A;8.08;A;23.2;A;28.51;A;40;A;17.23;A;34.72;A;1011.78;A;27;A;0;A;13;A;75;A;0;A;100;A
09.03.2025 17:45;94.4;A;4212.6;A;4214.47;A;27.69;A;18.88;A;13.31;A;22.98;A;29.2;A;37;A;16.86;A;35.82;A;1012.03;A;22;A;0;A;15;A;122;A;0;A;86.67;A
09.03.2025 18:00;94.42;A;4212.6;A;4214.27;A;33.67;A;19.66;A;13.43;A;22.63;A;29.66;A;35;A;16.41;A;36.58;A;1012.01;A;17;A;0;A;18;A;148;A;0;A;173.33;A
09.03.2025 18:15;94.43;A;4212.8;A;4214.6;A;41.99;A;23.75;A;15.68;A;22.13;A;30.15;A;33;A;15.9;A;37.58;A;1012;A;15;A;0;A;19;A;176;A;0;A;203.33;A
09.03.2025 18:30;94.44;A;4212.8;A;4214.6;A;41.03;A;23.03;A;14.92;A;21.61;A;30.94;A;32;A;15.27;A;39.71;A;1012.03;A;12;A;0;A;20;A;214;A;0;A;156.67;A
09.03.2025 18:45;94.33;A;4195.87;A;4194.87;A;33.11;A;18.01;A;12.18;A;21.12;A;32.11;A;30;A;14.64;A;42.09;A;1012.03;A;11;A;0;A;19;A;156;A;0;A;143.33;A
09.03.2025 19:00;94.31;A;4211.33;A;4213.53;A;32.75;A;19.11;A;12.49;A;20.51;A;33.93;A;27;A;13.91;A;44.29;A;1012.25;A;8;A;1;A;19;A;171;A;0;A;223.33;A
09.03.2025 19:15;94.37;A;4211.87;A;4214.2;A;63.63;A;32.49;A;20.42;A;19.76;A;36.77;A;24;A;12.67;A;50.28;A;1012.17;A;1;A;2;A;27;A;336;A;0;A;160;A
09.03.2025 19:30;94.4;A;4212.87;A;4214.53;A;110.93;A;54.49;A;33.85;A;18.84;A;39.33;A;22;A;11.59;A;53.83;A;1012.26;A;0;A;4;A;28;A;679;A;0;A;256.67;A
09.03.2025 19:45;94.42;A;4212.93;A;4214.13;A;106.6;A;52.14;A;32.7;A;17.88;A;41.53;A;19;A;10.86;A;56.26;A;1012.21;A;0;A;6;A;25;A;657;A;0;A;210;A
09.03.2025 20:00;94.37;A;4194.07;A;4193.4;A;114.03;A;62.75;A;40.35;A;17.09;A;42.63;A;20;A;10.25;A;57;A;1012.19;A;0;A;5;A;26;A;871;A;0;A;193.33;A
09.03.2025 20:15;94.18;A;4201.4;A;4202.07;A;103.1;A;53.89;A;34.42;A;16.28;A;44.86;A;17;A;9.63;A;60.95;A;1012.1;A;0;A;7;A;22;A;606;A;0;A;156.67;A
09.03.2025 20:30;94.27;A;4211.13;A;4213;A;118.17;A;69.15;A;44.58;A;15.57;A;46.05;A;18;A;9.1;A;61.75;A;1012.23;A;0;A;7;A;23;A;802;A;0;A;226.67;A
09.03.2025 20:45;94.34;A;4211.8;A;4213.4;A;145.07;A;88.76;A;57.85;A;15;A;47.3;A;18;A;8.67;A;63.3;A;1012.14;A;0;A;8;A;23;A;925;A;0;A;216.67;A
09.03.2025 21:00;94.38;A;4212.67;A;4213.73;A;209.66;A;136.39;A;87.92;A;14.44;A;48.21;A;18;A;8.18;A;64.2;A;1012.2;A;0;A;11;A;24;A;1070;A;0;A;186.67;A
09.03.2025 21:15;94.41;A;4212.87;A;4213.87;A;223.6;A;148.92;A;97.42;A;14.01;A;49.23;A;19;A;7.92;A;65.1;A;1012.21;A;0;A;13;A;25;A;1156;A;0;A;190;A
09.03.2025 21:30;94.43;A;4212.93;A;4214.33;A;196.28;A;129.57;A;84.02;A;13.61;A;50.55;A;16;A;7.53;A;67.3;A;1012.42;A;0;A;14;A;20;A;924;A;0;A;243.33;A
09.03.2025 21:45;94.44;A;4212.93;A;4214.07;A;241.75;A;165.88;A;106.59;A;13.22;A;50.93;A;16;A;7.16;A;67.44;A;1012.36;A;0;A;16;A;20;A;1017;A;0;A;146.67;A
09.03.2025 22:00;94.38;A;4207.6;A;4207.33;A;263.71;A;177.97;A;114.64;A;12.86;A;51.39;A;17;A;6.91;A;67.51;A;1012.25;A;0;A;17;A;22;A;1101;A;0;A;203.33;A
09.03.2025 22:15;94.41;A;4212.73;A;4213.73;A;288.5;A;198.89;A;126.62;A;12.53;A;52.21;A;16;A;6.49;A;69.04;A;1012.24;A;0;A;19;A;21;A;1124;A;0;A;193.33;A
09.03.2025 22:30;94.43;A;4212.8;A;4213.93;A;279.3;A;192.02;A;122.9;A;12.23;A;52.45;A;17;A;6.25;A;69.58;A;1012.44;A;0;A;20;A;21;A;1145;A;0;A;253.33;A
09.03.2025 22:45;94.44;A;4211.47;A;4212.13;A;282.75;A;192.26;A;123.21;A;11.99;A;53.11;A;17;A;6.3;A;69.39;A;1012.48;A;0;A;19;A;22;A;1167;A;0;A;163.33;A
09.03.2025 23:00;94.31;A;4191.13;A;4188.73;A;280.79;A;192.83;A;123.4;A;11.78;A;54.23;A;15;A;5.96;A;71.64;A;1012.63;A;0;A;22;A;18;A;1140;A;0;A;213.33;A
09.03.2025 23:15;94.29;A;4211.47;A;4212.4;A;266.04;A;181.98;A;117.29;A;11.57;A;54.65;A;15;A;5.7;A;71.98;A;1012.69;A;0;A;22;A;18;A;1140;A;0;A;223.33;A
09.03.2025 23:30;94.35;A;4212.2;A;4213;A;268.01;A;186.05;A;120.29;A;11.3;A;55.1;A;14;A;5.51;A;72.77;A;1012.72;A;0;A;22;A;19;A;1120;A;0;A;230;A
09.03.2025 23:45;94.39;A;4213;A;4213.87;A;280.85;A;197.82;A;127.15;A;11.04;A;55.74;A;14;A;5.27;A;73.08;A;1012.71;A;0;A;23;A;17;A;1134;A;0;A;166.67;A
10.03.2025 00:00;94.42;A;4212.73;A;4213.4;A;275.82;A;193.15;A;125.61;A;10.86;A;56.21;A;14;A;5.12;A;73.83;A;1012.76;A;0;A;24;A;18;A;1160;A;0;A;196.67;A
10.03.2025 00:15;94.42;A;4206.2;A;4205.4;A;306.82;A;213.57;A;135.89;A;10.63;A;56.41;A;14;A;4.86;A;74.26;A;1012.72;A;0;A;24;A;17;A;1182;A;0;A;210;A
10.03.2025 00:30;94.28;A;4199.67;A;4198.27;A;329.74;A;229.55;A;145.27;A;10.45;A;56.74;A;14;A;4.68;A;74.54;A;1012.72;A;0;A;24;A;18;A;1252;A;0;A;180;A
10.03.2025 00:45;94.32;A;4211.87;A;4212.53;A;323.67;A;226.38;A;143.29;A;10.25;A;56.73;A;14;A;4.53;A;74.36;A;1012.88;A;0;A;24;A;17;A;1231;A;0;A;230;A
10.03.2025 01:00;94.37;A;4212.73;A;4212.87;A;292.52;A;207.79;A;134.4;A;10.07;A;57.08;A;14;A;4.34;A;74.81;A;1012.88;A;0;A;24;A;18;A;1224;A;0;A;186.67;A
10.03.2025 01:15;94.4;A;4212.8;A;4213.07;A;276.27;A;196.83;A;127.34;A;9.9;A;57.59;A;14;A;4.26;A;75.54;A;1012.94;A;0;A;24;A;17;A;1156;A;0;A;200;A
10.03.2025 01:30;94.42;A;4213;A;4213.47;A;272.08;A;193.05;A;123.67;A;9.77;A;57.94;A;13;A;4.07;A;76.17;A;1012.86;A;0;A;23;A;17;A;1059;A;0;A;233.33;A
10.03.2025 01:45;94.44;A;4213.27;A;4213.27;A;259.99;A;182.89;A;118.44;A;9.63;A;58;A;14;A;3.95;A;75.74;A;1012.72;A;0;A;21;A;18;A;1038;A;0;A;283.33;A
10.03.2025 02:00;94.4;A;4198.93;A;4196.93;A;229.36;A;161.25;A;105.15;A;9.51;A;58.18;A;15;A;3.83;A;76.47;A;1012.57;A;0;A;20;A;18;A;934;A;0;A;156.67;A
10.03.2025 02:15;94.24;A;4202.4;A;4201.53;A;228.88;A;163.25;A;105.69;A;9.37;A;58.5;A;12;A;3.66;A;76.94;A;1012.46;A;0;A;21;A;15;A;871;A;0;A;293.33;A
10.03.2025 02:30;94.31;A;4211.87;A;4212.4;A;191.29;A;136.41;A;89.24;A;9.18;A;58.9;A;12;A;3.46;A;77.68;A;1012.32;A;0;A;20;A;15;A;821;A;0;A;146.67;A
10.03.2025 02:45;94.36;A;4212.8;A;4212.53;A;167.62;A;121.17;A;81.43;A;9.01;A;59.1;A;13;A;3.37;A;77.5;A;1012.25;A;0;A;18;A;16;A;771;A;0;A;256.67;A
10.03.2025 03:00;94.4;A;4212.8;A;4213.33;A;146.16;A;105.61;A;70.4;A;8.88;A;59.28;A;14;A;3.34;A;77.39;A;1012.24;A;0;A;14;A;17;A;704;A;0;A;243.33;A
10.03.2025 03:15;94.42;A;4212.93;A;4213.27;A;151.63;A;107.22;A;77.47;A;8.81;A;59.79;A;12;A;3.19;A;78.4;A;1012.26;A;0;A;16;A;15;A;694;A;0;A;190;A
10.03.2025 03:30;94.44;A;4213.53;A;4213.93;A;125.91;A;92.87;A;63.36;A;8.68;A;59.65;A;13;A;3.06;A;78.15;A;1012.25;A;0;A;15;A;15;A;661;A;0;A;216.67;A
10.03.2025 03:45;94.44;A;4213.8;A;4213.47;A;106.85;A;76.41;A;59.39;A;8.63;A;59.83;A;13;A;3.08;A;78.23;A;1012.29;A;0;A;14;A;16;A;641;A;0;A;293.33;A
10.03.2025 04:00;94.44;A;4206.67;A;4205.27;A;97.12;A;68.97;A;53.37;A;8.6;A;59.93;A;14;A;3.16;A;78.13;A;1012.2;A;0;A;14;A;16;A;579;A;0;A;163.33;A
10.03.2025 04:15;94.28;A;4200.73;A;4199.73;A;99.89;A;71.1;A;55.76;A;8.83;A;59.81;A;12;A;2.96;A;79.33;A;1012.26;A;0;A;13;A;15;A;527;A;0;A;280;A
10.03.2025 04:30;94.34;A;4212.2;A;4212.27;A;87.14;A;60.13;A;52.79;A;8.66;A;60.04;A;11;A;2.92;A;79.45;A;1012.15;A;0;A;14;A;14;A;514;A;0;A;283.33;A
10.03.2025 04:45;94.38;A;4212.87;A;4213;A;78.19;A;54.67;A;46.45;A;8.91;A;59.84;A;12;A;3.18;A;79.45;A;1012.16;A;0;A;12;A;14;A;412;A;0;A;216.67;A
10.03.2025 05:00;94.41;A;4212.8;A;4213.4;A;76.79;A;54.34;A;44.44;A;8.69;A;60.01;A;12;A;2.99;A;79.78;A;1012.31;A;0;A;11;A;15;A;389;A;0;A;230;A
10.03.2025 05:15;94.43;A;4212.93;A;4213.2;A;67.89;A;46.82;A;41.23;A;8.91;A;59.96;A;13;A;3.04;A;79.55;A;1012.26;A;0;A;10;A;16;A;338;A;0;A;190;A
10.03.2025 05:30;94.33;A;4192.27;A;4189.4;A;75.08;A;52.33;A;42.78;A;8.69;A;59.9;A;13;A;2.99;A;79.85;A;1012.38;A;0;A;8;A;17;A;364;A;0;A;276.67;A
10.03.2025 05:45;94.27;A;4211.6;A;4212;A;62.96;A;44.56;A;36.9;A;8.99;A;59.86;A;16;A;3.09;A;79.98;A;1012.27;A;0;A;7;A;19;A;299;A;0;A;133.33;A
10.03.2025 06:00;94.34;A;4212.13;A;4212.33;A;60.39;A;42.23;A;35.91;A;8.95;A;59.94;A;16;A;3.14;A;79.9;A;1012.25;A;0;A;6;A;21;A;294;A;0;A;236.67;A
10.03.2025 06:15;94.38;A;4212.8;A;4213.07;A;57.97;A;40.01;A;35.24;A;8.92;A;60.1;A;16;A;3.1;A;80.1;A;1012.16;A;0;A;6;A;20;A;263;A;0;A;186.67;A
10.03.2025 06:30;94.41;A;4212.87;A;4213.67;A;57.31;A;39.84;A;34.18;A;8.94;A;60.03;A;16;A;3.07;A;80.43;A;1012.06;A;0;A;6;A;20;A;253;A;0;A;176.67;A
10.03.2025 06:45;94.43;A;4212.93;A;4213.6;A;52.46;A;36.23;A;31.91;A;9.19;A;59.97;A;17;A;3.21;A;80.41;A;1011.96;A;0;A;5;A;22;A;233;A;0.33;A;130;A
10.03.2025 07:00;94.44;A;4213.47;A;4213.27;A;56.05;A;38.7;A;34.08;A;9.19;A;59.97;A;17;A;3.36;A;80.18;A;1011.95;A;0;A;4;A;21;A;244;A;0;A;240;A
10.03.2025 07:15;94.38;A;4200.07;A;4197.67;A;65.23;A;40.41;A;32.71;A;9.26;A;59.97;A;14;A;3.95;A;78.09;A;1011.87;A;0;A;4;A;18;A;229;A;0;A;313.33;A
10.03.2025 07:30;94.34;A;4211.87;A;4212.8;A;54.16;A;38;A;28.6;A;9.92;A;59.36;A;15;A;5.09;A;74.83;A;1011.81;A;0;A;3;A;18;A;248;A;0;A;296.67;A
10.03.2025 07:45;94.38;A;4212.8;A;4213.87;A;51.21;A;37.88;A;26.4;A;10.6;A;58.37;A;19;A;5.55;A;73.95;A;1011.8;A;0;A;2;A;23;A;276;A;0;A;130;A
10.03.2025 08:00;94.41;A;4212.87;A;4214;A;52.68;A;38.57;A;26.93;A;11.08;A;57.39;A;21;A;5.89;A;73.49;A;1011.81;A;0;A;4;A;24;A;309;A;0;A;183.33;A
10.03.2025 08:15;94.36;A;4193.47;A;4191.27;A;49.25;A;35.43;A;25.35;A;11.4;A;57.11;A;19;A;6.23;A;73.07;A;1011.79;A;0;A;4;A;22;A;301;A;0;A;153.33;A
10.03.2025 08:30;94.2;A;4203.8;A;4204.2;A;48.18;A;33.04;A;22.85;A;11.77;A;57.17;A;19;A;6.7;A;72.58;A;1011.71;A;0;A;3;A;21;A;273;A;0;A;200;A
10.03.2025 08:45;94.29;A;4211.47;A;4212.93;A;47.96;A;32.51;A;22.21;A;12.22;A;57.2;A;20;A;7.37;A;71.76;A;1011.72;A;1;A;3;A;19;A;235;A;0;A;120;A
10.03.2025 09:00;94.35;A;4212;A;4213.47;A;45.11;A;30.75;A;21.22;A;12.73;A;56.69;A;21;A;7.95;A;70.56;A;1011.53;A;2;A;2;A;19;A;200;A;0;A;46.67;A
10.03.2025 09:15;94.39;A;4212.73;A;4213.53;A;43.2;A;28.22;A;19.41;A;13.24;A;55.76;A;21;A;8.36;A;69.66;A;1011.57;A;4;A;2;A;17;A;159;A;0;A;273.33;A
10.03.2025 09:30;94.42;A;4212.73;A;4213.73;A;46.22;A;29.28;A;20.23;A;13.65;A;55.21;A;21;A;8.68;A;69.26;A;1011.53;A;2;A;2;A;19;A;204;A;0;A;130;A
10.03.2025 09:45;94.44;A;4212.8;A;4214.2;A;49.38;A;30.79;A;20.17;A;14.09;A;54.32;A;22;A;9.17;A;67.81;A;1011.57;A;2;A;2;A;19;A;219;A;0;A;263.33;A
10.03.2025 10:00;94.45;A;4213;A;4214.6;A;49.47;A;33.27;A;22.85;A;14.55;A;53.11;A;22;A;9.36;A;66.93;A;1011.29;A;1;A;2;A;22;A;304;A;0.33;A;200;A
10.03.2025 10:15;94.37;A;4193.27;A;4191.4;A;41.86;A;29.19;A;20.52;A;14.81;A;52.39;A;23;A;9.45;A;67.01;A;1011.01;A;0;A;2;A;24;A;246;A;0.67;A;140;A
10.03.2025 10:30;94.22;A;4205.87;A;4207;A;42.35;A;29.33;A;20.28;A;15.1;A;52.39;A;22;A;10.15;A;65.45;A;1011.1;A;1;A;2;A;22;A;230;A;0;A;206.67;A
10.03.2025 10:45;94.31;A;4211.27;A;4213.4;A;45.51;A;32.93;A;23.23;A;15.9;A;51.47;A;23;A;11.65;A;61.91;A;1010.9;A;3;A;1;A;19;A;234;A;0;A;330;A
10.03.2025 11:00;94.36;A;4211.8;A;4213.8;A;30.94;A;20.6;A;14.29;A;17.58;A;49.02;A;27;A;13.83;A;55.62;A;1010.79;A;16;A;0;A;11;A;196;A;1;A;43.33;A
10.03.2025 11:15;94.4;A;4212.13;A;4214.07;A;23.91;A;14.63;A;10.31;A;19.14;A;45.11;A;30;A;14.4;A;53.24;A;1010.42;A;19;A;0;A;11;A;161;A;0.33;A;20;A
10.03.2025 11:30;94.42;A;4212.6;A;4214.47;A;30.1;A;18.61;A;12.84;A;20.05;A;42.79;A;31;A;14.7;A;52.38;A;1010.41;A;18;A;1;A;13;A;287;A;0.67;A;40;A
10.03.2025 11:45;94.44;A;4212.8;A;4214.33;A;32.72;A;21.14;A;14.39;A;20.64;A;41.91;A;29;A;15.32;A;51.16;A;1010.29;A;16;A;2;A;12;A;338;A;0.33;A;100;A
10.03.2025 12:00;94.45;A;4213;A;4215.27;A;19.51;A;13.82;A;9.94;A;21.19;A;40.67;A;29;A;15.47;A;50.42;A;1010.12;A;19;A;1;A;10;A;147;A;0.33;A;86.67;A
10.03.2025 12:15;94.45;A;4208.07;A;4209.47;A;27.86;A;17.76;A;12.86;A;21.56;A;39.69;A;29;A;15.49;A;50.02;A;1010.11;A;19;A;1;A;10;A;278;A;0.33;A;103.33;A
10.03.2025 12:30;94.33;A;4204.13;A;4205.13;A;18.21;A;12.83;A;9.08;A;21.61;A;39.44;A;29;A;15.48;A;50.44;A;1009.92;A;19;A;1;A;10;A;97;A;0;A;103.33;A
10.03.2025 12:45;94.37;A;4211.73;A;4213.87;A;19.72;A;13.13;A;9.05;A;21.52;A;39.39;A;29;A;15.5;A;49.82;A;1009.8;A;20;A;1;A;9;A;54;A;0.33;A;86.67;A
10.03.2025 13:00;94.4;A;4212.4;A;4214.4;A;21.36;A;15.46;A;10.74;A;21.37;A;39.52;A;29;A;15.22;A;50.51;A;1009.53;A;20;A;1;A;9;A;65;A;0.33;A;130;A
10.03.2025 13:15;94.43;A;4212.73;A;4214.33;A;21.4;A;14.74;A;10.36;A;21.22;A;39.73;A;28;A;15.37;A;49.9;A;1009.36;A;18;A;1;A;10;A;67;A;0;A;26.67;A
10.03.2025 13:30;94.44;A;4212.8;A;4214.6;A;23.84;A;15.59;A;10.93;A;21.17;A;39.55;A;29;A;15.46;A;48.97;A;1009.04;A;20;A;0;A;9;A;110;A;0.33;A;83.33;A
10.03.2025 13:45;94.45;A;4212.73;A;4214.67;A;18.58;A;12;A;8.16;A;21.27;A;39.3;A;30;A;15.8;A;48.22;A;1008.82;A;22;A;0;A;8;A;46;A;0.67;A;113.33;A
10.03.2025 14:00;94.45;A;4213;A;4215.07;A;15.33;A;10.44;A;7.32;A;21.43;A;38.73;A;32;A;15.97;A;47.55;A;1008.64;A;23;A;0;A;9;A;45;A;0.33;A;46.67;A
10.03.2025 14:15;94.46;A;4212.87;A;4215.07;A;14.4;A;9.35;A;6.84;A;21.53;A;38.07;A;33;A;15.84;A;47.15;A;1008.5;A;24;A;0;A;9;A;109;A;0.33;A;83.33;A
10.03.2025 14:30;94.38;A;4204.4;A;4205.27;A;18.77;A;12.74;A;8.94;A;21.5;A;38.31;A;33;A;15.84;A;47.73;A;1008.36;A;21;A;0;A;12;A;332;A;0;A;110;A
10.03.2025 14:45;94.4;A;4212.33;A;4214.4;A;17;A;11.84;A;8.45;A;21.46;A;38.46;A;33;A;15.91;A;47.26;A;1008.33;A;22;A;0;A;11;A;221;A;0.33;A;113.33;A
10.03.2025 15:00;94.43;A;4212.8;A;4214.67;A;15.25;A;10.3;A;7.44;A;21.49;A;38.38;A;31;A;15.93;A;47.16;A;1008.29;A;23;A;0;A;9;A;97;A;0.67;A;273.33;A
10.03.2025 15:15;94.44;A;4212.8;A;4214.67;A;13.26;A;8.64;A;6.03;A;21.49;A;37.38;A;32;A;15.81;A;46.34;A;1008.21;A;23;A;0;A;8;A;34;A;0;A;113.33;A
10.03.2025 15:30;94.45;A;4212.8;A;4214.47;A;13.22;A;8.97;A;6.19;A;21.44;A;37.93;A;32;A;15.83;A;46.84;A;1008.1;A;23;A;0;A;9;A;69;A;0;A;46.67;A
10.03.2025 15:45;94.45;A;4212.8;A;4214.87;A;14.63;A;10.05;A;6.7;A;21.42;A;38.41;A;31;A;15.81;A;47.88;A;1008.1;A;22;A;0;A;9;A;126;A;0.67;A;136.67;A
10.03.2025 16:00;94.32;A;4185.27;A;4183.33;A;16.18;A;9.95;A;7.05;A;21.42;A;39.48;A;30;A;15.83;A;48.98;A;1008.06;A;21;A;0;A;9;A;104;A;0.33;A;80;A
10.03.2025 16:15;94.21;A;4210;A;4212.4;A;16.91;A;11.94;A;8.13;A;21.39;A;39.31;A;30;A;15.78;A;48.28;A;1007.98;A;22;A;0;A;8;A;33;A;0.33;A;113.33;A
10.03.2025 16:30;94.3;A;4211.13;A;4213.53;A;17.26;A;11.55;A;8.03;A;21.31;A;39.21;A;31;A;15.62;A;48.81;A;1008.1;A;22;A;0;A;8;A;28;A;0.67;A;130;A
10.03.2025 16:45;94.36;A;4211.87;A;4213.8;A;17.94;A;11.39;A;8.49;A;21.19;A;39.44;A;31;A;15.41;A;49.21;A;1008.15;A;23;A;0;A;8;A;43;A;0.33;A;130;A
10.03.2025 17:00;94.4;A;4212.27;A;4213.87;A;19.38;A;13.14;A;9.43;A;21.04;A;39.87;A;31;A;15.25;A;50.24;A;1008.07;A;22;A;0;A;9;A;48;A;0;A;126.67;A
10.03.2025 17:15;94.42;A;4212.8;A;4214.6;A;21.42;A;14.02;A;10.38;A;20.86;A;40.49;A;30;A;14.96;A;51.06;A;1007.99;A;20;A;0;A;9;A;70;A;0.67;A;133.33;A
10.03.2025 17:30;94.38;A;4201.87;A;4202;A;22.73;A;15.21;A;10.59;A;20.6;A;41.34;A;29;A;14.66;A;52.56;A;1007.93;A;19;A;0;A;10;A;64;A;0.33;A;116.67;A
10.03.2025 17:45;94.35;A;4211.73;A;4213.8;A;25.98;A;16.3;A;11.79;A;20.3;A;42.16;A;29;A;14.3;A;53.71;A;1007.93;A;18;A;0;A;11;A;74;A;0;A;183.33;A
10.03.2025 18:00;94.39;A;4212.2;A;4214.4;A;22.93;A;15.88;A;11.43;A;19.96;A;42.98;A;28;A;13.94;A;54.99;A;1008.03;A;16;A;0;A;12;A;102;A;0;A;93.33;A
10.03.2025 18:15;94.42;A;4212.8;A;4214.13;A;26.3;A;17.12;A;12.31;A;19.6;A;43.95;A;28;A;13.54;A;56.5;A;1008.1;A;12;A;1;A;16;A;147;A;0;A;136.67;A
10.03.2025 18:30;94.43;A;4212.8;A;4214.53;A;40.82;A;27.36;A;19.19;A;19.22;A;45;A;27;A;13.13;A;57.95;A;1008.15;A;9;A;1;A;18;A;181;A;0;A;260;A
10.03.2025 18:45;94.44;A;4212.8;A;4214.4;A;67.7;A;46.22;A;31.94;A;18.82;A;46.01;A;26;A;12.62;A;59.76;A;1008.45;A;7;A;1;A;19;A;232;A;0;A;136.67;A
10.03.2025 19:00;94.45;A;4212.8;A;4214.07;A;57.6;A;39.75;A;28.35;A;18.39;A;47.04;A;25;A;12.31;A;61.11;A;1008.35;A;11;A;2;A;14;A;212;A;0;A;226.67;A
10.03.2025 19:15;94.45;A;4206.33;A;4206.93;A;44.06;A;32.39;A;22.9;A;18.05;A;48.19;A;24;A;12.04;A;62.46;A;1008.27;A;11;A;1;A;13;A;167;A;0;A;240;A
10.03.2025 19:30;94.25;A;4192.87;A;4191.93;A;46.12;A;32.83;A;23.23;A;17.73;A;49.04;A;23;A;11.58;A;64.06;A;1007.97;A;8;A;2;A;15;A;230;A;0;A;136.67;A
10.03.2025 19:45;94.27;A;4210.67;A;4212.4;A;46.48;A;32.26;A;23.11;A;17.29;A;50.04;A;22;A;11.03;A;66.09;A;1007.97;A;7;A;2;A;15;A;192;A;0;A;133.33;A
10.03.2025 20:00;94.34;A;4211.93;A;4213.8;A;48.31;A;32.88;A;23.69;A;16.84;A;51.38;A;21;A;10.83;A;67.23;A;1008.2;A;7;A;2;A;14;A;206;A;0;A;140;A
10.03.2025 20:15;94.39;A;4212.4;A;4214.07;A;36.91;A;27.01;A;19.1;A;16.62;A;52.81;A;22;A;10.97;A;67.47;A;1008.41;A;12;A;1;A;10;A;125;A;0;A;140;A
10.03.2025 20:30;94.42;A;4212.8;A;4214.07;A;50.21;A;37.24;A;25.6;A;16.45;A;52.8;A;24;A;10.49;A;68.27;A;1008.51;A;16;A;1;A;8;A;108;A;0;A;116.67;A
10.03.2025 20:45;94.43;A;4212.87;A;4214.27;A;59.42;A;44.58;A;30.97;A;15.92;A;53.1;A;25;A;9.46;A;71.54;A;1008.61;A;18;A;1;A;7;A;119;A;0;A;133.33;A
10.03.2025 21:00;94.44;A;4212.73;A;4213.87;A;64.04;A;48.77;A;33.12;A;15.25;A;54.5;A;23;A;8.76;A;74.28;A;1008.48;A;17;A;2;A;6;A;101;A;0;A;133.33;A
10.03.2025 21:15;94.45;A;4212.87;A;4214.13;A;63.89;A;49.24;A;32.39;A;14.59;A;56.49;A;24;A;8.09;A;77.16;A;1008.71;A;18;A;2;A;6;A;99;A;0;A;133.33;A
10.03.2025 21:30;94.37;A;4198.2;A;4196.73;A;68.94;A;51.58;A;34.25;A;13.94;A;58.2;A;23;A;7.44;A;79.69;A;1008.48;A;17;A;1;A;5;A;104;A;0.67;A;136.67;A
10.03.2025 21:45;94.34;A;4211.87;A;4213.27;A;65.48;A;48.02;A;36.98;A;13.43;A;60.05;A;23;A;6.82;A;83.08;A;1008.5;A;17;A;1;A;7;A;108;A;0.67;A;136.67;A
10.03.2025 22:00;94.39;A;4212.47;A;4213.13;A;62.69;A;43.25;A;38.09;A;13.77;A;60.08;A;25;A;6.59;A;85.92;A;1008.78;A;20;A;1;A;5;A;95;A;0;A;183.33;A
10.03.2025 22:15;94.42;A;4213;A;4213.8;A;65.64;A;45.28;A;39.88;A;13.96;A;60.04;A;25;A;6.59;A;86.9;A;1008.75;A;18;A;0;A;7;A;94;A;0;A;186.67;A
10.03.2025 22:30;94.43;A;4212.8;A;4213.47;A;70.29;A;48.46;A;42.68;A;14.17;A;59.99;A;26;A;6.65;A;87.79;A;1008.57;A;17;A;0;A;9;A;90;A;0.33;A;223.33;A
10.03.2025 22:45;94.45;A;4212.8;A;4213.33;A;73.28;A;50.52;A;44.49;A;14.24;A;59.99;A;26;A;6.81;A;87.29;A;1008.48;A;18;A;0;A;8;A;91;A;0;A;330;A
10.03.2025 23:00;94.45;A;4212.8;A;4213.47;A;74.72;A;51.5;A;45.36;A;14.2;A;59.89;A;28;A;6.9;A;86.32;A;1008.37;A;20;A;0;A;8;A;92;A;0.67;A;340;A
10.03.2025 23:15;94.46;A;4212.87;A;4213.8;A;73.04;A;50.35;A;44.35;A;13.93;A;59.92;A;29;A;6.78;A;85.56;A;1008.31;A;21;A;0;A;8;A;85;A;0;A;226.67;A
10.03.2025 23:30;94.46;A;4212.87;A;4214;A;69.44;A;47.88;A;42.17;A;13.58;A;59.99;A;33;A;6.65;A;84.98;A;1008.37;A;27;A;0;A;7;A;74;A;1;A;343.33;A
10.03.2025 23:45;94.46;A;4212.93;A;4213.4;A;72.74;A;50.15;A;44.16;A;13.39;A;60.01;A;33;A;6.53;A;84.74;A;1008.28;A;27;A;0;A;6;A;74;A;0.33;A;273.33;A
11.03.2025 00:00;94.47;A;4212.93;A;4214;A;75.12;A;51.78;A;45.6;A;13.29;A;59.93;A;34;A;6.45;A;84.39;A;1008.36;A;27;A;0;A;6;A;77;A;1;A;340;A
11.03.2025 00:15;94.47;A;4213;A;4213.87;A;82.33;A;56.73;A;49.96;A;13.09;A;60.05;A;36;A;6.25;A;84.99;A;1008.59;A;30;A;0;A;6;A;81;A;1.33;A;336.67;A
11.03.2025 00:30;94.47;A;4213.2;A;4213.8;A;89.17;A;61.42;A;54.09;A;13.09;A;60;A;36;A;6.05;A;85.59;A;1008.61;A;30;A;0;A;6;A;87;A;0;A;83.33;A
11.03.2025 00:45;94.47;A;4213.27;A;4213.67;A;90.12;A;62.07;A;54.67;A;13.02;A;60.06;A;37;A;5.93;A;86.23;A;1008.57;A;31;A;0;A;5;A;81;A;0;A;63.33;A
11.03.2025 01:00;94.47;A;4213.2;A;4213.6;A;97.04;A;66.81;A;58.84;A;12.97;A;60;A;36;A;5.93;A;85.65;A;1008.62;A;31;A;0;A;6;A;84;A;0.67;A;230;A
11.03.2025 01:15;94.47;A;4213.47;A;4213.67;A;106.96;A;73.62;A;64.84;A;12.88;A;59.98;A;36;A;5.91;A;85.57;A;1008.44;A;31;A;0;A;5;A;92;A;0;A;150;A
11.03.2025 01:30;94.47;A;4213.47;A;4213.87;A;104.74;A;72.1;A;63.5;A;12.91;A;59.96;A;35;A;6.06;A;84.97;A;1008.49;A;29;A;0;A;6;A;93;A;0;A;233.33;A
11.03.2025 01:45;94.47;A;4213.47;A;4213.73;A;96.28;A;66.29;A;58.38;A;12.64;A;59.87;A;36;A;5.95;A;83.73;A;1008.51;A;31;A;0;A;5;A;86;A;0.33;A;236.67;A
11.03.2025 02:00;94.47;A;4213.47;A;4213.4;A;87.56;A;60.31;A;53.12;A;12.36;A;60.06;A;38;A;5.91;A;83.24;A;1008.56;A;33;A;0;A;5;A;74;A;0.67;A;226.67;A
11.03.2025 02:15;94.47;A;4213.6;A;4213.8;A;79.79;A;54.98;A;48.42;A;12.4;A;59.98;A;37;A;5.88;A;83.36;A;1008.54;A;31;A;0;A;6;A;70;A;0.33;A;63.33;A
11.03.2025 02:30;94.46;A;4213.67;A;4214.13;A;75.28;A;51.89;A;45.7;A;12.42;A;60.04;A;37;A;5.96;A;83.44;A;1008.22;A;31;A;0;A;6;A;66;A;0.33;A;253.33;A
11.03.2025 02:45;94.39;A;4193.93;A;4191.07;A;71.5;A;49.3;A;43.42;A;12.44;A;60.06;A;37;A;6;A;83.06;A;1007.97;A;32;A;0;A;5;A;65;A;0.67;A;266.67;A
11.03.2025 03:00;94.22;A;4203.73;A;4203.33;A;66.65;A;45.97;A;40.49;A;12.46;A;59.95;A;37;A;6.08;A;82.73;A;1007.93;A;32;A;0;A;5;A;64;A;0.33;A;330;A
11.03.2025 03:15;94.3;A;4211.53;A;4212.53;A;63.79;A;44.01;A;38.76;A;12.29;A;59.98;A;37;A;6.05;A;81.98;A;1008.04;A;31;A;0;A;6;A;60;A;0;A;100;A
11.03.2025 03:30;94.36;A;4212.13;A;4212.93;A;62.18;A;42.9;A;37.79;A;12.18;A;59.99;A;37;A;5.92;A;82.09;A;1008.03;A;32;A;0;A;5;A;60;A;0;A;183.33;A
11.03.2025 03:45;94.4;A;4212.73;A;4213.33;A;60.86;A;42;A;36.99;A;12.06;A;59.97;A;37;A;5.89;A;81.59;A;1007.76;A;33;A;0;A;4;A;59;A;0.33;A;116.67;A
11.03.2025 04:00;94.42;A;4212.87;A;4213.8;A;61.59;A;42.49;A;37.43;A;12.08;A;60;A;36;A;5.97;A;81.63;A;1007.77;A;30;A;0;A;5;A;60;A;0.33;A;146.67;A
11.03.2025 04:15;94.44;A;4212.93;A;4213.93;A;62.3;A;42.98;A;37.86;A;12.09;A;60;A;36;A;5.98;A;81.43;A;1007.75;A;30;A;0;A;6;A;62;A;0;A;120;A
11.03.2025 04:30;94.45;A;4213.07;A;4214.07;A;66.7;A;46;A;40.51;A;12.14;A;60;A;36;A;5.95;A;81.91;A;1007.52;A;29;A;0;A;7;A;65;A;0.33;A;166.67;A
11.03.2025 04:45;94.45;A;4212.93;A;4213.47;A;72.67;A;50.1;A;44.12;A;12.21;A;59.97;A;36;A;5.89;A;82.41;A;1008.01;A;29;A;0;A;7;A;68;A;0.67;A;246.67;A
11.03.2025 05:00;94.45;A;4213.2;A;4213.4;A;72.72;A;50.13;A;44.15;A;12.18;A;59.98;A;35;A;5.84;A;82.62;A;1007.74;A;29;A;0;A;6;A;67;A;0;A;230;A
11.03.2025 05:15;94.39;A;4205.4;A;4204.53;A;70.45;A;48.58;A;42.78;A;12.11;A;60.01;A;35;A;5.73;A;82.76;A;1007.78;A;30;A;0;A;6;A;62;A;0.33;A;123.33;A
11.03.2025 05:30;94.4;A;4212.73;A;4213.4;A;70.75;A;48.78;A;42.97;A;12.1;A;60;A;36;A;5.71;A;83.06;A;1007.8;A;29;A;0;A;7;A;64;A;0;A;193.33;A
11.03.2025 05:45;94.43;A;4212.8;A;4213.47;A;71.69;A;49.43;A;43.53;A;12.18;A;60.02;A;36;A;5.7;A;83.54;A;1007.93;A;30;A;0;A;6;A;64;A;0.33;A;233.33;A
11.03.2025 06:00;94.44;A;4212.87;A;4213.6;A;76.43;A;52.68;A;46.39;A;12.33;A;59.98;A;35;A;5.75;A;83.83;A;1007.74;A;29;A;0;A;7;A;69;A;0.33;A;240;A
11.03.2025 06:15;94.45;A;4212.93;A;4213.4;A;88.51;A;60.97;A;53.69;A;12.3;A;60.05;A;36;A;5.66;A;84.36;A;1007.85;A;31;A;0;A;5;A;74;A;0.33;A;116.67;A
11.03.2025 06:30;94.45;A;4213.33;A;4213.67;A;85.89;A;59.17;A;52.11;A;12.32;A;60.01;A;38;A;5.66;A;84.33;A;1007.6;A;33;A;0;A;5;A;70;A;0;A;26.67;A
11.03.2025 06:45;94.46;A;4213.13;A;4213.87;A;86.32;A;59.47;A;52.37;A;12.38;A;59.96;A;37;A;5.72;A;84.29;A;1007.54;A;32;A;0;A;5;A;73;A;0;A;70;A
11.03.2025 07:00;94.46;A;4213.47;A;4214.07;A;82.36;A;56.75;A;49.98;A;12.35;A;59.94;A;37;A;5.78;A;83.79;A;1007.45;A;32;A;0;A;5;A;75;A;0.33;A;116.67;A
11.03.2025 07:15;94.46;A;4213.4;A;4213.73;A;75.98;A;52.37;A;46.12;A;12.22;A;60.04;A;38;A;5.72;A;83.48;A;1007.61;A;33;A;0;A;5;A;65;A;0.33;A;100;A
11.03.2025 07:30;94.46;A;4213.53;A;4213.53;A;74.77;A;51.54;A;45.39;A;12.29;A;60;A;38;A;5.84;A;83.41;A;1007.55;A;33;A;0;A;5;A;78;A;0;A;33.33;A
11.03.2025 07:45;94.41;A;4204.93;A;4205;A;69.71;A;48.07;A;42.33;A;12.43;A;59.99;A;37;A;5.93;A;83.33;A;1007.77;A;32;A;0;A;5;A;84;A;0.33;A;193.33;A
11.03.2025 08:00;94.39;A;4212.6;A;4212.93;A;64.12;A;44.23;A;38.95;A;12.47;A;59.98;A;37;A;6.03;A;82.99;A;1007.77;A;30;A;0;A;7;A;90;A;0;A;36.67;A
11.03.2025 08:15;94.42;A;4212.73;A;4213.2;A;61.51;A;42.44;A;37.38;A;12.51;A;59.96;A;37;A;6.18;A;82.65;A;1007.76;A;29;A;0;A;8;A;83;A;0.33;A;133.33;A
11.03.2025 08:30;94.43;A;4212.93;A;4213.67;A;61.75;A;42.61;A;37.53;A;12.61;A;60.02;A;38;A;6.24;A;82.98;A;1007.91;A;30;A;0;A;8;A;81;A;0;A;136.67;A
11.03.2025 08:45;94.44;A;4212.93;A;4214.07;A;62.88;A;43.39;A;38.21;A;12.8;A;59.99;A;38;A;6.32;A;83.31;A;1007.78;A;30;A;0;A;7;A;76;A;0.33;A;120;A
11.03.2025 09:00;94.45;A;4213;A;4214.07;A;63.3;A;43.67;A;38.46;A;13;A;60;A;38;A;6.55;A;83.19;A;1007.56;A;30;A;0;A;8;A;84;A;0.33;A;163.33;A
11.03.2025 09:15;94.45;A;4213;A;4213.47;A;66.88;A;46.13;A;40.62;A;13.24;A;60.07;A;39;A;6.81;A;83.4;A;1007.33;A;29;A;0;A;10;A;104;A;0;A;93.33;A
11.03.2025 09:30;94.46;A;4213;A;4214.13;A;71.88;A;49.56;A;43.65;A;13.78;A;60.01;A;40;A;7.07;A;84.58;A;1007.19;A;32;A;0;A;7;A;102;A;0;A;140;A
11.03.2025 09:45;94.46;A;4212.87;A;4213.8;A;73.65;A;50.77;A;44.72;A;14.2;A;60.04;A;40;A;7.39;A;85.03;A;1007.1;A;33;A;0;A;6;A;105;A;0;A;143.33;A
11.03.2025 10:00;94.46;A;4212.87;A;4213.8;A;76.49;A;52.72;A;46.43;A;14.64;A;59.99;A;40;A;7.69;A;85.44;A;1007.01;A;32;A;0;A;8;A;113;A;0;A;70;A
11.03.2025 10:15;94.46;A;4212.87;A;4214.07;A;81.42;A;56.1;A;49.41;A;14.97;A;59.97;A;39;A;8;A;85.38;A;1006.94;A;32;A;0;A;7;A;119;A;0.33;A;16.67;A
11.03.2025 10:30;94.46;A;4212.87;A;4213.87;A;83.85;A;57.77;A;50.87;A;15.11;A;59.97;A;39;A;8.44;A;83.89;A;1006.8;A;33;A;0;A;7;A;117;A;0.33;A;3.33;A
11.03.2025 10:45;94.45;A;4212.93;A;4214.27;A;79.93;A;55.08;A;48.51;A;15.23;A;59.92;A;39;A;8.97;A;81.82;A;1006.76;A;32;A;0;A;8;A;119;A;0;A;163.33;A
11.03.2025 11:00;94.45;A;4212.87;A;4214.13;A;73.65;A;50.77;A;44.71;A;15.54;A;59.86;A;40;A;10.08;A;78.16;A;1006.36;A;32;A;0;A;8;A;119;A;0;A;163.33;A
11.03.2025 11:15;94.4;A;4196.67;A;4196.33;A;70.01;A;51.11;A;38.96;A;15.93;A;59.7;A;40;A;11.66;A;72.68;A;1005.92;A;33;A;0;A;7;A;115;A;0.33;A;110;A
11.03.2025 11:30;94.18;A;4195;A;4194.8;A;63.41;A;47.08;A;32.44;A;17.08;A;56.92;A;42;A;12.8;A;67.87;A;1005.57;A;34;A;0;A;7;A;114;A;0;A;156.67;A
11.03.2025 11:45;94.25;A;4210.6;A;4212.93;A;56.94;A;40.79;A;27.89;A;18.3;A;53.54;A;41;A;14.14;A;62.74;A;1005.27;A;33;A;0;A;8;A;116;A;0;A;90;A
11.03.2025 12:00;94.32;A;4211.47;A;4213.73;A;52.35;A;35.42;A;23.9;A;19.56;A;49.53;A;43;A;14.96;A;58.93;A;1004.85;A;35;A;0;A;7;A;112;A;0.67;A;226.67;A
11.03.2025 12:15;94.37;A;4211.8;A;4214.07;A;46.14;A;32.27;A;22.24;A;20.58;A;46.9;A;43;A;15.44;A;57.29;A;1004.86;A;34;A;0;A;10;A;117;A;0;A;156.67;A
11.03.2025 12:30;94.4;A;4212.67;A;4215;A;42.76;A;28.08;A;19.65;A;21.17;A;45.33;A;42;A;15.81;A;55.65;A;1004.89;A;33;A;0;A;9;A;113;A;0.33;A;200;A
11.03.2025 12:45;94.42;A;4212.87;A;4214.8;A;41.01;A;26.86;A;18.13;A;21.52;A;43.88;A;44;A;16.19;A;53.86;A;1004.57;A;35;A;0;A;9;A;119;A;0;A;146.67;A
11.03.2025 13:00;94.43;A;4212.8;A;4214.47;A;41.3;A;26.06;A;17.84;A;21.84;A;42.99;A;45;A;16.44;A;52.82;A;1004.28;A;36;A;0;A;9;A;124;A;0.67;A;150;A
11.03.2025 13:15;94.4;A;4200.13;A;4199.87;A;40.57;A;24.03;A;15.7;A;22.16;A;42.11;A;44;A;16.77;A;51.63;A;1004.29;A;35;A;0;A;9;A;126;A;0.67;A;163.33;A
11.03.2025 13:30;94.2;A;4197.67;A;4198.53;A;44.58;A;23.64;A;15.46;A;22.5;A;41.16;A;45;A;17.09;A;50.2;A;1004.03;A;36;A;0;A;9;A;133;A;0.33;A;140;A
11.03.2025 13:45;94.26;A;4210.67;A;4213.53;A;42.04;A;23.24;A;15.45;A;22.81;A;40.58;A;45;A;17.38;A;49.53;A;1003.96;A;36;A;0;A;9;A;133;A;0;A;40;A
11.03.2025 14:00;94.33;A;4211.47;A;4213.6;A;38.96;A;22.51;A;14.61;A;23.09;A;40.08;A;44;A;17.82;A;48.36;A;1003.59;A;35;A;0;A;10;A;141;A;0.33;A;100;A
11.03.2025 14:15;94.37;A;4211.93;A;4214.4;A;31.48;A;18.94;A;13.18;A;23.45;A;38.24;A;44;A;18.15;A;45.32;A;1003.48;A;34;A;0;A;10;A;139;A;0;A;86.67;A
11.03.2025 14:30;94.4;A;4212.53;A;4214.6;A;29.58;A;17.63;A;12.21;A;23.81;A;36.61;A;44;A;18.41;A;43.68;A;1003.25;A;34;A;0;A;10;A;129;A;0;A;53.33;A
11.03.2025 14:45;94.42;A;4209.6;A;4211;A;30.03;A;17.64;A;11.84;A;24.1;A;35.4;A;44;A;18.55;A;42.41;A;1003.29;A;34;A;0;A;10;A;126;A;0;A;83.33;A
11.03.2025 15:00;94.29;A;4200.27;A;4200.93;A;27.9;A;17.76;A;12.12;A;24.31;A;35.07;A;44;A;18.68;A;42.18;A;1003.32;A;34;A;0;A;10;A;127;A;0;A;26.67;A
11.03.2025 15:15;94.33;A;4211.4;A;4213.67;A;28.2;A;17.06;A;11.69;A;24.43;A;34.94;A;42;A;18.67;A;41.86;A;1003.15;A;33;A;0;A;9;A;129;A;0.33;A;90;A
11.03.2025 15:30;94.37;A;4211.8;A;4214.2;A;25.44;A;16.32;A;11.19;A;24.47;A;33.65;A;44;A;18.61;A;40.85;A;1003.17;A;34;A;0;A;10;A;121;A;0.33;A;243.33;A
11.03.2025 15:45;94.4;A;4212.4;A;4213.93;A;30.64;A;17.31;A;11.96;A;24.46;A;33.81;A;43;A;18.51;A;41.08;A;1003.07;A;32;A;0;A;10;A;127;A;0.33;A;183.33;A
11.03.2025 16:00;94.42;A;4212.67;A;4214.33;A;25.4;A;16.49;A;11.71;A;24.38;A;32.87;A;44;A;18.43;A;40.37;A;1003;A;32;A;0;A;11;A;119;A;0.33;A;270;A
11.03.2025 16:15;94.43;A;4213;A;4214.67;A;28.34;A;17.04;A;11.35;A;24.22;A;32.91;A;43;A;18.07;A;40.34;A;1002.95;A;32;A;0;A;10;A;121;A;0.33;A;143.33;A
11.03.2025 16:30;94.44;A;4212.8;A;4215.13;A;28.18;A;16.98;A;11.95;A;23.97;A;33.69;A;42;A;17.74;A;41.91;A;1002.96;A;32;A;0;A;11;A;127;A;0;A;180;A
11.03.2025 16:45;94.36;A;4192.13;A;4191.13;A;28.01;A;18.48;A;12.97;A;23.71;A;34.15;A;41;A;17.45;A;42.77;A;1002.85;A;31;A;0;A;10;A;131;A;0;A;43.33;A
11.03.2025 17:00;94.14;A;4196.47;A;4197.47;A;31.29;A;18.96;A;12.96;A;23.4;A;35.34;A;40;A;17.08;A;44.66;A;1003.05;A;29;A;0;A;11;A;141;A;0;A;193.33;A
11.03.2025 17:15;94.23;A;4210.33;A;4213.2;A;34.01;A;21.52;A;14.68;A;23.04;A;36.53;A;39;A;16.77;A;46.51;A;1003.33;A;28;A;0;A;11;A;152;A;0.33;A;130;A
11.03.2025 17:30;94.31;A;4211.53;A;4213.53;A;31.73;A;19.11;A;13.09;A;22.7;A;37.65;A;39;A;16.44;A;47.39;A;1003.36;A;28;A;0;A;12;A;140;A;0;A;103.33;A
11.03.2025 17:45;94.36;A;4211.8;A;4214.2;A;27.98;A;17.69;A;12.16;A;22.29;A;37.53;A;40;A;16.08;A;47.66;A;1003.32;A;29;A;0;A;11;A;125;A;0;A;83.33;A
11.03.2025 18:00;94.39;A;4212.4;A;4214;A;28.12;A;16.78;A;11.71;A;21.87;A;38.07;A;39;A;15.67;A;48.63;A;1003.38;A;30;A;0;A;10;A;124;A;0.33;A;273.33;A
11.03.2025 18:15;94.41;A;4212.87;A;4214.73;A;26.72;A;17.13;A;11.76;A;21.48;A;38.94;A;39;A;15.31;A;49.67;A;1003.57;A;29;A;0;A;10;A;125;A;0;A;173.33;A
11.03.2025 18:30;94.43;A;4212.87;A;4214.73;A;28.23;A;17.59;A;12.46;A;21.13;A;37.53;A;39;A;15.11;A;46.4;A;1003.62;A;30;A;0;A;9;A;124;A;0.33;A;130;A
11.03.2025 18:45;94.44;A;4212.8;A;4214.53;A;27.55;A;18.25;A;13.1;A;20.82;A;37.17;A;39;A;14.78;A;46.95;A;1003.47;A;29;A;0;A;10;A;136;A;0;A;206.67;A
11.03.2025 19:00;94.4;A;4198.27;A;4197.6;A;32.3;A;21.45;A;15.22;A;20.53;A;38.34;A;39;A;14.43;A;49.31;A;1003.49;A;27;A;0;A;11;A;167;A;0;A;123.33;A
11.03.2025 19:15;94.17;A;4195.4;A;4195.4;A;35.61;A;22.08;A;15.49;A;20.21;A;40.15;A;38;A;14.08;A;51.56;A;1003.36;A;28;A;0;A;10;A;167;A;0;A;170;A
11.03.2025 19:30;94.24;A;4210.47;A;4212.73;A;31.5;A;19.75;A;13.88;A;19.86;A;40.87;A;39;A;13.7;A;52.35;A;1003.53;A;31;A;0;A;9;A;128;A;0;A;56.67;A
11.03.2025 19:45;94.32;A;4211.6;A;4213.67;A;31.08;A;20.76;A;14.63;A;19.51;A;41.52;A;40;A;13.38;A;53.56;A;1003.67;A;30;A;0;A;10;A;139;A;0.67;A;340;A
11.03.2025 20:00;94.37;A;4211.8;A;4214;A;37.3;A;23.58;A;16.01;A;19.17;A;43.6;A;38;A;12.99;A;56.85;A;1003.74;A;29;A;0;A;9;A;144;A;0.33;A;343.33;A
11.03.2025 20:15;94.4;A;4212.87;A;4214.4;A;35.73;A;22.68;A;16.27;A;18.8;A;45;A;37;A;12.58;A;58.64;A;1003.62;A;28;A;0;A;9;A;146;A;0;A;273.33;A
11.03.2025 20:30;94.4;A;4204.33;A;4205.13;A;37.92;A;23.56;A;15.86;A;18.45;A;46;A;40;A;12.32;A;59.85;A;1003.53;A;31;A;0;A;9;A;125;A;0.33;A;230;A
11.03.2025 20:45;94.27;A;4203;A;4203.93;A;37.27;A;24.45;A;16.47;A;18.11;A;47.26;A;40;A;12;A;61.76;A;1003.59;A;29;A;0;A;11;A;118;A;0;A;200;A
11.03.2025 21:00;94.33;A;4211.6;A;4213.6;A;36.29;A;24.63;A;16.63;A;17.82;A;48.45;A;39;A;11.81;A;63.01;A;1003.6;A;28;A;0;A;10;A;122;A;0;A;273.33;A
11.03.2025 21:15;94.37;A;4211.93;A;4214.07;A;36.26;A;25.83;A;17.23;A;17.62;A;49.66;A;39;A;11.7;A;64.24;A;1003.71;A;31;A;0;A;8;A;121;A;0;A;346.67;A
11.03.2025 21:30;94.4;A;4212.73;A;4214.4;A;40.38;A;26.31;A;18.33;A;17.45;A;50.36;A;39;A;11.45;A;65.86;A;1003.69;A;28;A;0;A;10;A;125;A;0.33;A;333.33;A
11.03.2025 21:45;94.42;A;4212.87;A;4214.33;A;41.98;A;28.12;A;18.74;A;17.23;A;52.13;A;38;A;11.17;A;68.39;A;1003.52;A;30;A;0;A;9;A;121;A;0;A;230;A
11.03.2025 22:00;94.29;A;4186.47;A;4183.87;A;43.93;A;29.25;A;19.81;A;17.01;A;53.83;A;39;A;10.95;A;70.83;A;1003.73;A;30;A;0;A;9;A;125;A;0.33;A;230;A
11.03.2025 22:15;94.22;A;4210.53;A;4213;A;45.42;A;30;A;20.41;A;16.76;A;55.5;A;38;A;10.7;A;73.19;A;1003.75;A;30;A;0;A;8;A;119;A;0.33;A;223.33;A
11.03.2025 22:30;94.31;A;4211.6;A;4213.73;A;48.39;A;33.35;A;21.89;A;16.5;A;57.23;A;39;A;10.5;A;75.4;A;1003.56;A;32;A;0;A;7;A;115;A;1;A;346.67;A
11.03.2025 22:45;94.36;A;4211.8;A;4213.73;A;49.22;A;33.06;A;22.7;A;16.24;A;58.76;A;38;A;10.33;A;76.96;A;1003.53;A;30;A;0;A;8;A;115;A;0;A;340;A
11.03.2025 23:00;94.39;A;4212.73;A;4213.87;A;47.77;A;33;A;22.58;A;16.01;A;59.71;A;38;A;10.21;A;77.95;A;1003.4;A;32;A;0;A;6;A;109;A;0.67;A;230;A
11.03.2025 23:15;94.42;A;4212.8;A;4214.07;A;36.76;A;25.46;A;22.43;A;16;A;60.04;A;38;A;10.11;A;78.72;A;1003.32;A;32;A;0;A;6;A;106;A;1;A;343.33;A
11.03.2025 23:30;94.43;A;4212.87;A;4214.2;A;37.56;A;26.01;A;22.91;A;16.01;A;60.02;A;37;A;10.03;A;79.17;A;1003.25;A;30;A;0;A;6;A;107;A;0.67;A;340;A
11.03.2025 23:45;94.44;A;4212.8;A;4214.47;A;36.87;A;25.54;A;22.49;A;16.08;A;60.01;A;36;A;10.05;A;79.34;A;1003.4;A;29;A;0;A;6;A;103;A;0;A;10;A
12.03.2025 00:00;94.45;A;4212.8;A;4214.13;A;37.11;A;25.7;A;22.64;A;16.16;A;59.98;A;36;A;10.1;A;79.25;A;1003.31;A;28;A;0;A;8;A;106;A;0.33;A;230;A
12.03.2025 00:15;94.45;A;4212.8;A;4214.73;A;36.53;A;25.3;A;22.29;A;16.28;A;60.02;A;36;A;10.12;A;79.75;A;1003.33;A;29;A;0;A;7;A;103;A;0.67;A;223.33;A
12.03.2025 00:30;94.45;A;4213;A;4215;A;36.18;A;25.06;A;22.08;A;16.43;A;60.01;A;36;A;10.16;A;80.18;A;1002.91;A;29;A;0;A;8;A;101;A;1;A;350;A
12.03.2025 00:45;94.45;A;4212.8;A;4214.47;A;36.22;A;25.09;A;22.1;A;16.56;A;60.03;A;36;A;10.17;A;80.71;A;1002.54;A;28;A;0;A;8;A;105;A;0;A;83.33;A
12.03.2025 01:00;94.45;A;4212.87;A;4214.53;A;37.1;A;25.7;A;22.63;A;16.72;A;60;A;36;A;10.17;A;81.29;A;1002.35;A;29;A;0;A;7;A;102;A;0.67;A;270;A
12.03.2025 01:15;94.46;A;4212.8;A;4214.07;A;35.67;A;24.71;A;21.77;A;16.78;A;60.03;A;35;A;10.22;A;81.5;A;1002.07;A;30;A;0;A;5;A;99;A;0;A;23.33;A
12.03.2025 01:30;94.46;A;4212.87;A;4214.2;A;36.78;A;25.48;A;22.44;A;16.97;A;59.98;A;34;A;10.21;A;82.16;A;1002.41;A;29;A;0;A;6;A;98;A;0;A;90;A
12.03.2025 01:45;94.46;A;4212.8;A;4214;A;36;A;24.94;A;21.97;A;17.03;A;60.13;A;35;A;10.14;A;83.27;A;1002.59;A;29;A;0;A;6;A;98;A;0;A;180;A
12.03.2025 02:00;94.46;A;4212.87;A;4214.4;A;35.53;A;24.62;A;21.68;A;17.22;A;59.96;A;34;A;10.14;A;83.89;A;1002.86;A;29;A;0;A;6;A;96;A;0.33;A;273.33;A
12.03.2025 02:15;94.46;A;4212.93;A;4214.07;A;35.59;A;24.66;A;21.72;A;17.06;A;59.9;A;35;A;10.08;A;83.04;A;1002.76;A;29;A;0;A;6;A;98;A;0.67;A;226.67;A
12.03.2025 02:30;94.45;A;4212.93;A;4214.67;A;36.87;A;25.54;A;22.5;A;16.87;A;60.01;A;35;A;10.05;A;82.72;A;1002.29;A;29;A;0;A;6;A;107;A;0.67;A;260;A
12.03.2025 02:45;94.45;A;4212.93;A;4214.6;A;35.96;A;24.91;A;21.94;A;16.81;A;59.98;A;34;A;10.13;A;82.17;A;1001.76;A;27;A;0;A;7;A;106;A;0;A;146.67;A
12.03.2025 03:00;94.44;A;4207.87;A;4208.4;A;35.77;A;24.78;A;21.83;A;16.78;A;59.93;A;35;A;10.16;A;81.51;A;1001.65;A;30;A;0;A;5;A;107;A;0.33;A;140;A
12.03.2025 03:15;94.3;A;4201.87;A;4201.53;A;36.19;A;25.08;A;22.09;A;16.51;A;60.01;A;35;A;10.03;A;81.44;A;1001.25;A;29;A;0;A;7;A;106;A;0;A;133.33;A
12.03.2025 03:30;94.34;A;4211.8;A;4213.33;A;35.73;A;24.76;A;21.8;A;16.44;A;60.04;A;34;A;9.94;A;81.58;A;1001.46;A;29;A;0;A;6;A;105;A;0;A;43.33;A
12.03.2025 03:45;94.38;A;4212.33;A;4213.47;A;35.03;A;24.28;A;21.39;A;16.45;A;59.98;A;35;A;9.91;A;81.53;A;1000.33;A;29;A;0;A;6;A;103;A;0.33;A;153.33;A
12.03.2025 04:00;94.41;A;4212.8;A;4213.8;A;33.6;A;23.29;A;20.52;A;16.41;A;59.96;A;36;A;9.99;A;81.2;A;1000.38;A;31;A;0;A;5;A;103;A;0;A;103.33;A
12.03.2025 04:15;94.42;A;4212.8;A;4213.6;A;33.45;A;23.19;A;20.43;A;16.42;A;59.97;A;36;A;9.99;A;81.24;A;1000.47;A;31;A;0;A;5;A;103;A;0.67;A;160;A
12.03.2025 04:30;94.44;A;4212.8;A;4214.13;A;32.84;A;22.77;A;20.06;A;16.4;A;60;A;37;A;10.12;A;80.62;A;1000.16;A;30;A;0;A;6;A;104;A;0;A;83.33;A
12.03.2025 04:45;94.44;A;4213;A;4214.73;A;31.75;A;22.03;A;19.4;A;16.4;A;59.98;A;36;A;10.18;A;80.25;A;1000.27;A;30;A;0;A;6;A;103;A;0;A;46.67;A
12.03.2025 05:00;94.44;A;4212.8;A;4214;A;30.92;A;21.46;A;18.9;A;16.33;A;59.99;A;37;A;10.19;A;79.95;A;999.95;A;31;A;0;A;5;A;100;A;0.33;A;203.33;A
12.03.2025 05:15;94.45;A;4212.87;A;4214.33;A;30.05;A;20.86;A;18.37;A;16.32;A;60.02;A;36;A;10.12;A;80.34;A;1000.14;A;30;A;0;A;6;A;98;A;0.67;A;130;A
12.03.2025 05:30;94.45;A;4212.87;A;4214.13;A;29.54;A;20.51;A;18.07;A;16.39;A;60.01;A;36;A;10.18;A;80.33;A;1000.21;A;31;A;0;A;5;A;101;A;0.33;A;100;A
12.03.2025 05:45;94.44;A;4205.93;A;4205.93;A;27.92;A;19.4;A;17.09;A;16.41;A;60;A;36;A;10.11;A;80.62;A;1000.15;A;30;A;0;A;6;A;98;A;0;A;83.33;A
12.03.2025 06:00;94.21;A;4186.8;A;4185.67;A;26.81;A;18.64;A;16.42;A;16.48;A;60.03;A;35;A;10.03;A;81.24;A;999.92;A;30;A;0;A;6;A;90;A;0.33;A;340;A
12.03.2025 06:15;94.22;A;4210.4;A;4212.4;A;25.65;A;17.84;A;15.72;A;16.54;A;60;A;35;A;9.96;A;81.84;A;1000;A;29;A;0;A;6;A;87;A;0;A;346.67;A
12.03.2025 06:30;94.3;A;4211.6;A;4213;A;25.5;A;17.74;A;15.63;A;16.55;A;60.02;A;34;A;9.88;A;82.27;A;999.96;A;29;A;0;A;5;A;87;A;0;A;240;A
12.03.2025 06:45;94.36;A;4212;A;4213.6;A;25.57;A;17.78;A;15.66;A;16.69;A;60.03;A;34;A;9.95;A;82.61;A;1000.05;A;29;A;0;A;5;A;85;A;0;A;80;A
12.03.2025 07:00;94.39;A;4212.53;A;4213.53;A;24.75;A;17.23;A;15.17;A;16.79;A;59.99;A;34;A;10.1;A;82.31;A;1000.11;A;29;A;0;A;5;A;82;A;0;A;90;A
12.03.2025 07:15;94.41;A;4212.73;A;4213.6;A;24.94;A;17.36;A;15.29;A;16.92;A;59.96;A;34;A;10.38;A;81.75;A;1000.16;A;29;A;0;A;5;A;83;A;0;A;73.33;A
12.03.2025 07:30;94.42;A;4212.73;A;4214.47;A;24.73;A;17.21;A;15.16;A;17.11;A;59.9;A;32;A;10.99;A;79.63;A;1000.15;A;28;A;0;A;4;A;86;A;0;A;110;A
12.03.2025 07:45;94.44;A;4212.73;A;4214.47;A;29.15;A;19.17;A;14.84;A;17.18;A;59.87;A;33;A;11.53;A;77.43;A;1000.27;A;28;A;0;A;5;A;85;A;0.33;A;46.67;A
12.03.2025 08:00;94.32;A;4195.67;A;4194.6;A;37.38;A;22.65;A;15.08;A;17.44;A;59.32;A;33;A;11.78;A;76.17;A;1000.61;A;27;A;0;A;6;A;84;A;0;A;113.33;A
12.03.2025 08:15;94.31;A;4211.4;A;4213.4;A;38.19;A;22.56;A;14.59;A;17.94;A;57.93;A;32;A;12.24;A;74.73;A;1000.76;A;26;A;0;A;6;A;87;A;0;A;226.67;A
12.03.2025 08:30;94.36;A;4211.8;A;4213.87;A;36.77;A;22.32;A;14.48;A;18.36;A;56.59;A;32;A;12.35;A;74.23;A;1000.8;A;25;A;0;A;7;A;89;A;0.33;A;113.33;A
12.03.2025 08:45;94.4;A;4212.53;A;4214.67;A;39.19;A;22.7;A;14.61;A;18.59;A;56.35;A;31;A;12.97;A;72.76;A;1000.73;A;23;A;0;A;8;A;99;A;0.33;A;343.33;A
12.03.2025 09:00;94.42;A;4212.87;A;4214.6;A;38.23;A;21.8;A;14.18;A;19.21;A;54.93;A;30;A;13.77;A;69.79;A;1000.85;A;22;A;0;A;8;A;105;A;0.33;A;343.33;A
12.03.2025 09:15;94.43;A;4212.87;A;4214.6;A;38.84;A;22.08;A;14.13;A;19.99;A;53.25;A;29;A;14.73;A;66.27;A;1000.96;A;21;A;0;A;8;A;135;A;0.33;A;226.67;A
12.03.2025 09:30;94.44;A;4212.73;A;4214.47;A;33.15;A;19.61;A;13.26;A;21.03;A;50.45;A;30;A;15.68;A;63.15;A;1001.12;A;21;A;0;A;9;A;102;A;0.33;A;240;A
12.03.2025 09:45;94.44;A;4212.8;A;4214.87;A;34.59;A;19.25;A;12.54;A;22.02;A;48.45;A;29;A;16.4;A;60.9;A;1001.22;A;20;A;0;A;9;A;108;A;0;A;56.67;A
12.03.2025 10:00;94.43;A;4204.53;A;4206.67;A;30.84;A;19.31;A;12.33;A;22.82;A;46.25;A;30;A;16.64;A;59.67;A;1001.28;A;22;A;0;A;8;A;114;A;0;A;160;A
12.03.2025 10:15;94.2;A;4185.73;A;4184.33;A;29.23;A;17.08;A;11.54;A;23.15;A;45.52;A;28;A;16.89;A;57.81;A;1001.21;A;20;A;0;A;8;A;123;A;0.33;A;130;A
12.03.2025 10:30;94.19;A;4209.67;A;4213.4;A;26;A;16.37;A;10.86;A;23.48;A;44.18;A;28;A;17.65;A;55.71;A;1001.35;A;21;A;0;A;7;A;122;A;0;A;116.67;A
12.03.2025 10:45;94.28;A;4210.93;A;4214.13;A;22.74;A;13.71;A;9.47;A;24.08;A;42.87;A;28;A;18.24;A;53.83;A;1001.57;A;21;A;0;A;7;A;123;A;0;A;116.67;A
12.03.2025 11:00;94.34;A;4211.67;A;4214.47;A;23.51;A;13.87;A;9.41;A;24.66;A;41.93;A;29;A;18.66;A;53.33;A;1001.72;A;21;A;0;A;9;A;159;A;0.33;A;196.67;A
12.03.2025 11:15;94.38;A;4211.8;A;4214.4;A;21.5;A;14.14;A;9.55;A;25.15;A;41.36;A;28;A;19.12;A;51.95;A;1001.88;A;20;A;0;A;8;A;162;A;0.33;A;90;A
12.03.2025 11:30;94.4;A;4212.2;A;4215.13;A;20.09;A;12.76;A;9.23;A;25.73;A;40.71;A;29;A;19.77;A;50.97;A;1002;A;21;A;0;A;8;A;167;A;0;A;0;A
12.03.2025 11:45;94.42;A;4212.67;A;4215;A;19.56;A;12.01;A;8.59;A;26.24;A;39.6;A;30;A;20.1;A;49.96;A;1002.04;A;22;A;0;A;8;A;150;A;0;A;86.67;A
12.03.2025 12:00;94.43;A;4212.67;A;4215.13;A;17.77;A;11;A;7.47;A;26.64;A;38.66;A;31;A;20.29;A;49.52;A;1002.03;A;21;A;0;A;10;A;162;A;0.33;A;130;A
12.03.2025 12:15;94.44;A;4211.27;A;4212.93;A;15.68;A;10.3;A;6.95;A;26.82;A;38.17;A;31;A;20.19;A;49.34;A;1001.94;A;23;A;0;A;8;A;133;A;0;A;20;A
12.03.2025 12:30;94.27;A;4188.33;A;4187.4;A;14.53;A;10;A;6.75;A;26.75;A;38.37;A;31;A;20.24;A;49.45;A;1001.88;A;22;A;0;A;9;A;145;A;0.67;A;53.33;A
12.03.2025 12:45;94.22;A;4210.33;A;4213.67;A;10.61;A;7.56;A;5.2;A;26.56;A;37.3;A;32;A;20.23;A;46.96;A;1001.79;A;24;A;0;A;8;A;158;A;0.67;A;173.33;A
12.03.2025 13:00;94.3;A;4211.2;A;4214.33;A;9.27;A;5.92;A;4.28;A;26.4;A;36.87;A;32;A;20.24;A;46.27;A;1001.73;A;24;A;0;A;9;A;127;A;0.33;A;123.33;A
12.03.2025 13:15;94.36;A;4211.8;A;4214.33;A;9.66;A;5.42;A;3.87;A;26.29;A;36.41;A;32;A;20.22;A;45.35;A;1001.65;A;24;A;0;A;8;A;133;A;0.33;A;113.33;A
12.03.2025 13:30;94.39;A;4211.73;A;4214.47;A;7.44;A;4.74;A;3.45;A;26.27;A;35.59;A;33;A;20.34;A;43.26;A;1001.43;A;25;A;0;A;8;A;129;A;0.67;A;70;A
12.03.2025 13:45;94.41;A;4212.53;A;4214.47;A;6.85;A;4.35;A;3.21;A;26.24;A;34.88;A;34;A;20.3;A;43.24;A;1001.29;A;25;A;0;A;9;A;134;A;0;A;80;A
12.03.2025 14:00;94.42;A;4212.73;A;4214.87;A;10.16;A;5.2;A;3.71;A;26.24;A;34.6;A;34;A;20.36;A;42.52;A;1001.36;A;25;A;0;A;9;A;168;A;0.33;A;16.67;A
12.03.2025 14:15;94.44;A;4212.6;A;4214.6;A;28.37;A;12.49;A;7.07;A;26.3;A;34.12;A;34;A;20.57;A;40.89;A;1001.46;A;25;A;0;A;9;A;171;A;0.67;A;190;A
12.03.2025 14:30;94.34;A;4189.87;A;4190;A;6.81;A;3.81;A;2.6;A;26.37;A;33.51;A;34;A;20.51;A;40.62;A;1001.43;A;25;A;0;A;9;A;161;A;0.67;A;120;A
12.03.2025 14:45;94.26;A;4210.6;A;4213.87;A;7.75;A;4.26;A;3.06;A;26.41;A;32.92;A;34;A;20.62;A;39.82;A;1001.48;A;25;A;0;A;9;A;145;A;0;A;53.33;A
12.03.2025 15:00;94.33;A;4211.4;A;4214.13;A;6.33;A;3.91;A;2.38;A;26.47;A;32.4;A;35;A;20.69;A;38.82;A;1001.44;A;25;A;0;A;10;A;151;A;0.33;A;20;A
12.03.2025 15:15;94.37;A;4211.6;A;4214.2;A;6.78;A;3.54;A;2.56;A;26.47;A;31.85;A;36;A;20.61;A;39.24;A;1001.59;A;27;A;0;A;9;A;147;A;0;A;93.33;A
12.03.2025 15:30;94.4;A;4211.93;A;4214.73;A;8.94;A;4.4;A;2.58;A;26.45;A;31.64;A;36;A;20.49;A;38.38;A;1001.58;A;27;A;0;A;9;A;137;A;0.67;A;26.67;A
12.03.2025 15:45;94.42;A;4212.73;A;4214.67;A;7.23;A;4.4;A;2.98;A;26.36;A;31.52;A;36;A;20.39;A;38.39;A;1001.66;A;27;A;0;A;9;A;144;A;0;A;36.67;A
12.03.2025 16:00;94.43;A;4212.73;A;4215.13;A;7.86;A;4.59;A;3.35;A;26.32;A;31.37;A;36;A;20.43;A;38.37;A;1001.85;A;26;A;0;A;10;A;158;A;0.33;A;80;A
12.03.2025 16:15;94.44;A;4212.67;A;4214.93;A;7.4;A;4.47;A;3.1;A;26.25;A;31.25;A;37;A;20.26;A;38.19;A;1001.74;A;26;A;0;A;11;A;210;A;0;A;163.33;A
12.03.2025 16:30;94.44;A;4212.8;A;4214.93;A;11.05;A;7.5;A;5.4;A;26.13;A;31.32;A;36;A;20.08;A;38.42;A;1001.78;A;24;A;0;A;12;A;237;A;0;A;163.33;A
12.03.2025 16:45;94.45;A;4213;A;4215.47;A;10.92;A;6.64;A;4.44;A;25.99;A;31.52;A;36;A;19.91;A;38.71;A;1001.86;A;26;A;0;A;10;A;194;A;0.67;A;226.67;A
12.03.2025 17:00;94.45;A;4212.8;A;4215.07;A;13.94;A;9.09;A;6.25;A;25.8;A;31.79;A;36;A;19.63;A;39.28;A;1001.95;A;24;A;0;A;13;A;263;A;0.33;A;260;A
12.03.2025 17:15;94.45;A;4209.67;A;4211.2;A;13.1;A;7.79;A;5.54;A;25.51;A;32.23;A;36;A;19.25;A;40.03;A;1002.05;A;17;A;0;A;19;A;312;A;0;A;96.67;A
12.03.2025 17:30;94.31;A;4198.73;A;4199.27;A;18.47;A;12.46;A;8.87;A;25.23;A;32.36;A;36;A;19.01;A;40.03;A;1002.28;A;20;A;0;A;16;A;373;A;0;A;220;A
12.03.2025 17:45;94.33;A;4211.53;A;4214.13;A;21.6;A;14.43;A;10.02;A;24.89;A;32.85;A;36;A;18.59;A;41.05;A;1002.48;A;15;A;0;A;21;A;475;A;0;A;146.67;A
12.03.2025 18:00;94.37;A;4211.8;A;4214.07;A;21.68;A;13.51;A;9.1;A;24.53;A;33.49;A;35;A;18.27;A;41.92;A;1002.59;A;17;A;0;A;18;A;262;A;0;A;173.33;A
12.03.2025 18:15;94.4;A;4212.27;A;4214.33;A;19.2;A;11.28;A;7.35;A;24.2;A;34.27;A;35;A;17.86;A;43.26;A;1002.7;A;11;A;0;A;24;A;234;A;0.33;A;133.33;A
12.03.2025 18:30;94.42;A;4212.87;A;4215.07;A;30.07;A;17.5;A;12.27;A;23.82;A;35.41;A;34;A;17.42;A;45.31;A;1002.97;A;6;A;0;A;28;A;569;A;0.67;A;133.33;A
12.03.2025 18:45;94.43;A;4212.8;A;4214.8;A;33.64;A;22.53;A;15.31;A;23.41;A;37.15;A;30;A;16.93;A;48.06;A;1003.31;A;8;A;1;A;23;A;615;A;0;A;140;A
12.03.2025 19:00;94.43;A;4208;A;4208.93;A;36.65;A;24.17;A;16.7;A;22.95;A;38.77;A;29;A;16.56;A;49.72;A;1003.56;A;8;A;1;A;21;A;399;A;0;A;310;A
12.03.2025 19:15;94.28;A;4200;A;4200.13;A;27.93;A;19.15;A;13.8;A;22.65;A;39.84;A;29;A;16.64;A;50.46;A;1003.84;A;16;A;1;A;12;A;236;A;0.33;A;263.33;A
12.03.2025 19:30;94.32;A;4211.53;A;4214;A;19.87;A;12.75;A;9.13;A;22.39;A;40.82;A;27;A;16.39;A;51.72;A;1003.8;A;16;A;0;A;10;A;172;A;0;A;186.67;A
12.03.2025 19:45;94.37;A;4211.87;A;4214.47;A;23.35;A;14.35;A;10.06;A;22.07;A;41.68;A;25;A;15.91;A;53.48;A;1003.8;A;14;A;1;A;11;A;200;A;0;A;280;A
12.03.2025 20:00;94.4;A;4212.47;A;4214.4;A;18.89;A;11.64;A;8.03;A;21.67;A;42.58;A;23;A;15.41;A;55.02;A;1004;A;14;A;1;A;9;A;146;A;0;A;143.33;A
12.03.2025 20:15;94.42;A;4212.8;A;4214.2;A;17.74;A;11.81;A;8.05;A;21.26;A;43.49;A;23;A;14.96;A;56.49;A;1003.95;A;12;A;1;A;10;A;155;A;0.33;A;143.33;A
12.03.2025 20:30;94.43;A;4203.73;A;4204.73;A;17.61;A;11.41;A;7.8;A;20.87;A;43.98;A;24;A;14.78;A;56.48;A;1004.12;A;13;A;1;A;11;A;160;A;0;A;146.67;A
12.03.2025 20:45;94.35;A;4211.67;A;4214.13;A;21.43;A;14.97;A;10.64;A;20.58;A;44.47;A;25;A;14.4;A;57.44;A;1004.26;A;9;A;1;A;16;A;195;A;0;A;143.33;A
12.03.2025 21:00;94.39;A;4212.07;A;4214.07;A;23.62;A;16.55;A;11.36;A;20.23;A;45.4;A;23;A;13.99;A;59.25;A;1004.41;A;7;A;1;A;16;A;297;A;0;A;146.67;A
12.03.2025 21:15;94.41;A;4212.73;A;4214.4;A;26.28;A;17.91;A;12.38;A;19.88;A;46.04;A;22;A;13.59;A;60.34;A;1004.53;A;8;A;2;A;14;A;299;A;1;A;133.33;A
12.03.2025 21:30;94.43;A;4212.8;A;4214.47;A;25.38;A;17.52;A;12.1;A;19.47;A;47.41;A;19;A;13.09;A;62.48;A;1004.65;A;7;A;2;A;12;A;240;A;0;A;226.67;A
12.03.2025 21:45;94.43;A;4206.33;A;4206.93;A;25.39;A;16.7;A;11.59;A;19.06;A;47.99;A;20;A;12.81;A;62.92;A;1004.71;A;9;A;2;A;11;A;211;A;0;A;140;A
12.03.2025 22:00;94.22;A;4190.4;A;4189.33;A;22.13;A;14.84;A;10.3;A;18.71;A;48.81;A;20;A;12.62;A;63.52;A;1004.85;A;8;A;1;A;12;A;188;A;0;A;173.33;A
12.03.2025 22:15;94.23;A;4210.47;A;4212.53;A;21.74;A;15.49;A;10.34;A;18.46;A;49.44;A;22;A;12.51;A;64.27;A;1004.97;A;6;A;1;A;16;A;187;A;0.33;A;183.33;A
12.03.2025 22:30;94.32;A;4211.53;A;4213.67;A;28.61;A;19.14;A;14.11;A;18.3;A;50.15;A;21;A;12.23;A;65.69;A;1004.96;A;4;A;1;A;17;A;259;A;0;A;150;A
12.03.2025 22:45;94.37;A;4211.93;A;4214.13;A;29.5;A;19.58;A;13.13;A;18.06;A;51.19;A;20;A;12.07;A;66.47;A;1004.98;A;3;A;2;A;17;A;237;A;0;A;153.33;A
12.03.2025 23:00;94.4;A;4212.53;A;4214.27;A;31.36;A;20.75;A;14.38;A;17.92;A;51.85;A;24;A;12.18;A;66.48;A;1005.03;A;4;A;1;A;19;A;212;A;0.33;A;136.67;A
12.03.2025 23:15;94.42;A;4209.6;A;4210.13;A;34.19;A;22.55;A;15.84;A;17.84;A;52.41;A;23;A;12.05;A;67.34;A;1005.12;A;5;A;0;A;18;A;195;A;0.33;A;150;A
12.03.2025 23:30;94.28;A;4198.13;A;4197.4;A;34.98;A;22.52;A;16.04;A;17.74;A;53.03;A;23;A;11.94;A;68.22;A;1005.23;A;6;A;1;A;18;A;203;A;0.67;A;136.67;A
12.03.2025 23:45;94.32;A;4211.47;A;4213.27;A;60.33;A;40.79;A;28.32;A;17.63;A;54.32;A;23;A;11.77;A;70.55;A;1005.35;A;8;A;1;A;15;A;186;A;0.67;A;136.67;A
13.03.2025 00:00;94.37;A;4211.87;A;4213.6;A;50.76;A;32.16;A;21.95;A;17.5;A;55.72;A;23;A;11.6;A;72.17;A;1005.72;A;10;A;1;A;13;A;151;A;0.33;A;166.67;A
13.03.2025 00:15;94.4;A;4212.47;A;4213.67;A;52.17;A;35.01;A;23.79;A;17.35;A;56.5;A;24;A;11.36;A;73.85;A;1005.97;A;9;A;1;A;15;A;175;A;0.67;A;140;A
13.03.2025 00:30;94.42;A;4212.87;A;4214.27;A;46.32;A;31;A;20.94;A;17.13;A;57.38;A;22;A;11.17;A;74.71;A;1005.89;A;9;A;1;A;12;A;136;A;0;A;203.33;A
13.03.2025 00:45;94.44;A;4212.87;A;4214.53;A;44.27;A;27.19;A;18.12;A;16.94;A;58.44;A;21;A;10.93;A;76.4;A;1005.89;A;12;A;1;A;9;A;114;A;0.33;A;183.33;A
13.03.2025 01:00;94.44;A;4212.87;A;4214.27;A;43.33;A;27.82;A;18.46;A;16.74;A;59.16;A;22;A;10.83;A;76.99;A;1005.81;A;9;A;1;A;13;A;120;A;0;A;186.67;A
13.03.2025 01:15;94.45;A;4212.8;A;4214.47;A;37.33;A;24.32;A;19.18;A;16.62;A;59.98;A;24;A;10.73;A;77.98;A;1005.75;A;4;A;0;A;20;A;125;A;0.33;A;130;A
13.03.2025 01:30;94.41;A;4198.47;A;4197.73;A;29.71;A;20.62;A;18.17;A;16.62;A;59.98;A;24;A;10.6;A;78.28;A;1005.74;A;3;A;0;A;21;A;125;A;0;A;180;A
13.03.2025 01:45;94.19;A;4194.8;A;4194.27;A;29.77;A;20.67;A;18.2;A;16.79;A;60.02;A;27;A;10.55;A;79.84;A;1005.71;A;0;A;0;A;29;A;116;A;0;A;256.67;A
13.03.2025 02:00;94.25;A;4210.6;A;4212.93;A;30.35;A;21.06;A;18.55;A;16.79;A;60.11;A;26;A;10.45;A;80.23;A;1005.65;A;0;A;0;A;29;A;112;A;0;A;153.33;A
13.03.2025 02:15;94.33;A;4211.67;A;4213.47;A;34.12;A;23.65;A;20.83;A;17.03;A;60.01;A;24;A;10.55;A;80.84;A;1005.64;A;9;A;0;A;16;A;114;A;0;A;210;A
13.03.2025 02:30;94.37;A;4211.8;A;4213.6;A;36.52;A;25.3;A;22.28;A;17.07;A;60.05;A;23;A;10.55;A;81.02;A;1005.54;A;12;A;1;A;11;A;117;A;0;A;183.33;A
13.03.2025 02:45;94.4;A;4212.8;A;4214.4;A;40.89;A;28.3;A;24.92;A;17.24;A;59.94;A;23;A;10.52;A;81.79;A;1005.54;A;15;A;0;A;8;A;125;A;0;A;136.67;A
13.03.2025 03:00;94.42;A;4212.73;A;4214;A;44.13;A;30.52;A;26.88;A;17.13;A;59.97;A;22;A;10.41;A;81.84;A;1005.49;A;13;A;0;A;9;A;127;A;0;A;153.33;A
13.03.2025 03:15;94.44;A;4212.87;A;4214.4;A;41.74;A;28.88;A;25.43;A;17.04;A;59.98;A;22;A;10.3;A;82.03;A;1005.52;A;12;A;1;A;10;A;146;A;0;A;140;A
13.03.2025 03:30;94.44;A;4212.87;A;4213.93;A;39.77;A;27.53;A;24.24;A;16.93;A;60;A;22;A;10.07;A;82.77;A;1005.55;A;12;A;1;A;10;A;136;A;0;A;96.67;A
13.03.2025 03:45;94.45;A;4212.87;A;4214.33;A;38.97;A;26.98;A;23.76;A;16.8;A;60.06;A;21;A;9.89;A;83.26;A;1005.5;A;12;A;1;A;10;A;124;A;0;A;133.33;A
13.03.2025 04:00;94.45;A;4212.87;A;4214.27;A;38.34;A;26.55;A;23.38;A;16.87;A;59.97;A;24;A;9.86;A;83.6;A;1005.41;A;14;A;0;A;10;A;114;A;0.33;A;266.67;A
13.03.2025 04:15;94.46;A;4212.8;A;4214.4;A;36.14;A;25.04;A;22.05;A;16.77;A;60;A;24;A;9.84;A;83.3;A;1005.42;A;16;A;0;A;8;A;112;A;0;A;246.67;A
13.03.2025 04:30;94.46;A;4212.8;A;4214.27;A;36.85;A;25.53;A;22.48;A;16.68;A;60;A;24;A;9.72;A;83.44;A;1005.39;A;17;A;0;A;7;A;105;A;0;A;213.33;A
13.03.2025 04:45;94.46;A;4213;A;4214.47;A;42.03;A;29.08;A;25.61;A;16.56;A;60;A;24;A;9.59;A;83.78;A;1005.34;A;17;A;0;A;7;A;151;A;0;A;166.67;A
13.03.2025 05:00;94.46;A;4212.8;A;4214.2;A;49.82;A;34.42;A;30.31;A;16.55;A;59.97;A;27;A;9.47;A;84.31;A;1005.21;A;15;A;0;A;12;A;315;A;0;A;250;A
13.03.2025 05:15;94.46;A;4212.8;A;4214;A;47.04;A;32.52;A;28.64;A;16.38;A;60.03;A;25;A;9.26;A;84.61;A;1005.19;A;13;A;0;A;12;A;251;A;0.67;A;330;A
13.03.2025 05:30;94.46;A;4212.8;A;4213.67;A;43.55;A;30.12;A;26.53;A;16.27;A;59.99;A;24;A;9.12;A;84.91;A;1005.26;A;12;A;0;A;12;A;201;A;0;A;230;A
13.03.2025 05:45;94.46;A;4212.87;A;4214.13;A;41.82;A;28.94;A;25.48;A;16.09;A;60;A;23;A;8.95;A;85.1;A;1005.43;A;12;A;1;A;11;A;591;A;0;A;250;A
13.03.2025 06:00;94.46;A;4212.87;A;4214.2;A;42.12;A;29.14;A;25.66;A;15.93;A;60.04;A;23;A;8.78;A;85.4;A;1005.54;A;9;A;1;A;14;A;920;A;0;A;160;A
13.03.2025 06:15;94.46;A;4212.87;A;4214;A;39.84;A;27.58;A;24.29;A;15.96;A;60.03;A;23;A;8.76;A;85.74;A;1005.44;A;11;A;1;A;12;A;574;A;0.33;A;143.33;A
13.03.2025 06:30;94.46;A;4212.8;A;4213.73;A;38.85;A;26.9;A;23.69;A;16.08;A;60;A;23;A;8.9;A;85.63;A;1005.62;A;12;A;0;A;11;A;326;A;0;A;146.67;A
13.03.2025 06:45;94.46;A;4213;A;4214.67;A;44.75;A;30.95;A;27.26;A;16.24;A;59.95;A;24;A;9.07;A;85.46;A;1005.49;A;13;A;0;A;11;A;312;A;0.33;A;163.33;A
13.03.2025 07:00;94.45;A;4212.87;A;4214.13;A;42.06;A;29.1;A;25.63;A;16.24;A;59.99;A;23;A;9.13;A;85.09;A;1005.37;A;13;A;0;A;10;A;335;A;0.33;A;140;A
13.03.2025 07:15;94.45;A;4212.87;A;4213.8;A;43.72;A;30.24;A;26.63;A;16.25;A;60;A;24;A;9.19;A;84.79;A;1005.53;A;13;A;0;A;11;A;304;A;0.33;A;200;A
13.03.2025 07:30;94.45;A;4212.87;A;4214.07;A;43.63;A;30.18;A;26.58;A;16.38;A;59.96;A;24;A;9.33;A;84.53;A;1005.43;A;12;A;0;A;12;A;272;A;0;A;103.33;A
13.03.2025 07:45;94.45;A;4212.73;A;4214;A;37.77;A;26.16;A;23.04;A;16.49;A;59.97;A;24;A;9.61;A;83.81;A;1005.5;A;12;A;0;A;12;A;434;A;0;A;100;A
13.03.2025 08:00;94.45;A;4212.8;A;4213.8;A;39.7;A;27.48;A;24.2;A;16.58;A;60.01;A;24;A;9.98;A;82.31;A;1005.46;A;12;A;0;A;12;A;505;A;0;A;183.33;A
13.03.2025 08:15;94.45;A;4212.87;A;4214.27;A;41.99;A;29.05;A;25.59;A;16.65;A;59.85;A;23;A;10.4;A;80.31;A;1005.62;A;12;A;0;A;12;A;359;A;0;A;113.33;A
13.03.2025 08:30;94.3;A;4186.93;A;4184.27;A;54.73;A;37.57;A;31.92;A;16.6;A;59.97;A;27;A;10.6;A;79.63;A;1005.39;A;11;A;0;A;15;A;444;A;0;A;53.33;A
13.03.2025 08:45;94.23;A;4210.53;A;4213.27;A;46.36;A;32.25;A;26.98;A;17;A;59.84;A;24;A;11.47;A;77.47;A;1004.97;A;11;A;0;A;13;A;394;A;0.67;A;116.67;A
13.03.2025 09:00;94.31;A;4211.53;A;4213.33;A;57.53;A;38.16;A;25.74;A;17.45;A;59.37;A;26;A;12.17;A;75.29;A;1004.72;A;14;A;0;A;13;A;505;A;0;A;123.33;A
13.03.2025 09:15;94.36;A;4211.8;A;4214;A;63.28;A;41.01;A;26.89;A;18.06;A;58.05;A;29;A;12.61;A;73.91;A;1004.63;A;15;A;0;A;15;A;502;A;0;A;146.67;A
13.03.2025 09:30;94.4;A;4212.33;A;4214.6;A;52.91;A;32.87;A;22.26;A;18.47;A;57.1;A;29;A;13.05;A;72.75;A;1004.5;A;19;A;0;A;10;A;221;A;0.67;A;86.67;A
13.03.2025 09:45;94.42;A;4212.8;A;4214.4;A;50.88;A;32.77;A;22.3;A;18.98;A;56.3;A;27;A;13.94;A;70.56;A;1004.38;A;18;A;0;A;9;A;433;A;0.33;A;126.67;A
13.03.2025 10:00;94.43;A;4212.67;A;4214.4;A;47.42;A;29.77;A;20.3;A;19.68;A;54.86;A;28;A;14.39;A;69.28;A;1004.39;A;18;A;0;A;10;A;160;A;0.33;A;126.67;A
13.03.2025 10:15;94.44;A;4212.8;A;4214.6;A;47.09;A;29.19;A;19.4;A;20.3;A;53.96;A;29;A;15.16;A;67.51;A;1004.21;A;20;A;0;A;10;A;124;A;0.33;A;83.33;A
13.03.2025 10:30;94.44;A;4212.8;A;4214.67;A;42.96;A;27.08;A;18.05;A;21.02;A;52.56;A;29;A;16.01;A;64.47;A;1004.02;A;22;A;0;A;7;A;121;A;0.33;A;103.33;A
13.03.2025 10:45;94.45;A;4213;A;4215.4;A;45.41;A;28.47;A;18.59;A;21.72;A;50.45;A;30;A;16.03;A;64.3;A;1003.85;A;22;A;0;A;8;A;117;A;0.67;A;120;A
13.03.2025 11:00;94.44;A;4206.13;A;4207.33;A;43.08;A;26.03;A;17.26;A;21.97;A;50.09;A;30;A;16.06;A;64.89;A;1004.02;A;20;A;0;A;10;A;131;A;0.67;A;120;A
13.03.2025 11:15;94.29;A;4203;A;4204.73;A;40.06;A;23.81;A;15.81;A;22.02;A;50.31;A;30;A;16.14;A;64.8;A;1003.95;A;22;A;0;A;8;A;109;A;0.33;A;103.33;A
13.03.2025 11:30;94.34;A;4211.67;A;4213.67;A;42.46;A;25.18;A;16.28;A;22.03;A;50.18;A;31;A;16.15;A;64.69;A;1003.84;A;23;A;0;A;8;A;115;A;0;A;116.67;A
13.03.2025 11:45;94.38;A;4211.73;A;4214.13;A;38.99;A;22.37;A;14.71;A;22.01;A;49.96;A;31;A;16.13;A;64.31;A;1003.99;A;22;A;0;A;9;A;107;A;1;A;133.33;A
13.03.2025 12:00;94.41;A;4212.67;A;4214.53;A;38.97;A;22.25;A;14.74;A;21.97;A;49.99;A;32;A;15.83;A;65.81;A;1004.08;A;22;A;0;A;9;A;105;A;0.33;A;126.67;A
13.03.2025 12:15;94.42;A;4212.73;A;4214.2;A;41.28;A;23.3;A;15.08;A;21.77;A;50.97;A;30;A;15.57;A;67.09;A;1003.85;A;22;A;0;A;8;A;115;A;0.33;A;116.67;A
13.03.2025 12:30;94.31;A;4187;A;4185.33;A;40.19;A;23.64;A;15.48;A;21.58;A;51.28;A;30;A;15.56;A;66.75;A;1003.24;A;22;A;0;A;8;A;118;A;1;A;133.33;A
13.03.2025 12:45;94.2;A;4209.93;A;4212.67;A;38.93;A;23.3;A;15.33;A;21.5;A;52.1;A;29;A;15.88;A;66.41;A;1003.01;A;19;A;0;A;10;A;128;A;1;A;130;A
13.03.2025 13:00;94.29;A;4210.87;A;4213.47;A;34.16;A;21.04;A;14.04;A;21.73;A;52.43;A;29;A;16.59;A;65.53;A;1002.99;A;22;A;0;A;8;A;133;A;0.33;A;193.33;A
13.03.2025 13:15;94.35;A;4211.8;A;4214.13;A;31.8;A;20.28;A;13.54;A;22.22;A;52.58;A;31;A;16.88;A;65.86;A;1002.5;A;19;A;0;A;12;A;119;A;0;A;153.33;A
13.03.2025 13:30;94.38;A;4211.8;A;4214.6;A;34.16;A;20.54;A;13.37;A;22.71;A;52.54;A;31;A;17.4;A;65.07;A;1002.51;A;20;A;0;A;10;A;118;A;0;A;90;A
13.03.2025 13:45;94.41;A;4212.47;A;4214.33;A;37.38;A;19.61;A;12.34;A;23.22;A;51.34;A;31;A;18.13;A;62.92;A;1002.43;A;23;A;0;A;8;A;103;A;0.67;A;53.33;A
13.03.2025 14:00;94.42;A;4212.73;A;4214.67;A;38.39;A;19.48;A;12.12;A;23.85;A;48.92;A;33;A;18.85;A;58.96;A;1002.07;A;24;A;0;A;9;A;99;A;0;A;70;A
13.03.2025 14:15;94.43;A;4212.8;A;4214.67;A;39.23;A;18.18;A;11.05;A;24.52;A;46.98;A;33;A;19.55;A;56.54;A;1001.96;A;24;A;0;A;9;A;87;A;0;A;46.67;A
13.03.2025 14:30;94.44;A;4212.93;A;4215.33;A;44.88;A;19.06;A;11.07;A;25.16;A;45.22;A;35;A;20.1;A;54.54;A;1001.56;A;24;A;0;A;10;A;84;A;0;A;16.67;A
13.03.2025 14:45;94.43;A;4206.33;A;4207.47;A;45.8;A;18.9;A;10.97;A;25.74;A;43.61;A;34;A;20.62;A;52.41;A;1001.27;A;24;A;0;A;10;A;86;A;0.33;A;170;A
13.03.2025 15:00;94.31;A;4205.4;A;4207.33;A;69.18;A;26.3;A;14.77;A;26.26;A;41.7;A;36;A;21.11;A;49.72;A;1000.84;A;25;A;0;A;10;A;86;A;0;A;86.67;A
13.03.2025 15:15;94.36;A;4211.73;A;4214.53;A;79.77;A;30.22;A;16.34;A;26.75;A;38.12;A;37;A;21.48;A;45.1;A;1000.2;A;27;A;0;A;10;A;81;A;0.33;A;163.33;A
13.03.2025 15:30;94.39;A;4211.87;A;4214.6;A;102.66;A;36.27;A;18.23;A;27.13;A;34.95;A;38;A;21.58;A;42.03;A;999.98;A;27;A;0;A;11;A;72;A;0.67;A;73.33;A
13.03.2025 15:45;94.41;A;4212.4;A;4214.87;A;89.63;A;34.03;A;17.88;A;27.29;A;33.91;A;39;A;21.43;A;41.3;A;999.9;A;27;A;0;A;12;A;87;A;0;A;86.67;A
13.03.2025 16:00;94.43;A;4212.73;A;4214.87;A;69.91;A;26.42;A;13.92;A;27.27;A;33.39;A;39;A;21.27;A;40.93;A;1000.02;A;28;A;0;A;10;A;86;A;0;A;176.67;A
13.03.2025 16:15;94.43;A;4212.73;A;4215;A;58.69;A;22.51;A;12.63;A;27.15;A;33.3;A;38;A;21.04;A;41.37;A;1000.27;A;27;A;0;A;11;A;90;A;0;A;103.33;A
13.03.2025 16:30;94.3;A;4189.07;A;4188.6;A;45.49;A;18.92;A;10.84;A;27.03;A;33.75;A;37;A;20.94;A;41.7;A;1000.18;A;27;A;0;A;11;A;89;A;0;A;116.67;A
13.03.2025 16:45;94.23;A;4210.47;A;4213.8;A;49.13;A;20.13;A;11.67;A;26.89;A;34.04;A;37;A;20.8;A;42.16;A;1000.21;A;25;A;0;A;12;A;90;A;0.33;A;43.33;A
13.03.2025 17:00;94.31;A;4211.2;A;4213.8;A;46.89;A;19.37;A;11;A;26.72;A;34.44;A;36;A;20.72;A;42.65;A;1000.2;A;25;A;0;A;12;A;88;A;0;A;46.67;A
13.03.2025 17:15;94.36;A;4211.73;A;4214.2;A;42.94;A;18.23;A;10.27;A;26.59;A;35.14;A;36;A;20.56;A;43.88;A;1000.1;A;25;A;0;A;11;A;91;A;0;A;46.67;A
13.03.2025 17:30;94.39;A;4211.87;A;4214.13;A;42.63;A;16.74;A;10.05;A;26.47;A;35.88;A;35;A;20.4;A;44.94;A;999.95;A;25;A;0;A;10;A;92;A;0;A;13.33;A
13.03.2025 17:45;94.41;A;4212.6;A;4214.53;A;35.68;A;15.75;A;9.43;A;26.32;A;36.43;A;35;A;20.31;A;45.46;A;1000.17;A;25;A;0;A;10;A;84;A;0;A;20;A
13.03.2025 18:00;94.43;A;4212.73;A;4214.93;A;34.12;A;15.18;A;8.95;A;26.19;A;36.76;A;35;A;20.13;A;45.94;A;1000.44;A;26;A;0;A;9;A;82;A;0.33;A;36.67;A
13.03.2025 18:15;94.44;A;4212.8;A;4214.93;A;31.73;A;15.18;A;9.17;A;26.01;A;36.95;A;35;A;19.87;A;46.25;A;1000.77;A;26;A;0;A;9;A;91;A;0.33;A;20;A
13.03.2025 18:30;94.44;A;4212.87;A;4215.13;A;31.96;A;15.91;A;9.55;A;25.77;A;37.1;A;35;A;19.56;A;46.68;A;1000.84;A;27;A;0;A;8;A;97;A;0.33;A;130;A
13.03.2025 18:45;94.43;A;4204.27;A;4205.13;A;30.06;A;14.44;A;9.5;A;25.53;A;36.72;A;37;A;19.35;A;46.08;A;1000.82;A;29;A;0;A;8;A;98;A;0.67;A;116.67;A
13.03.2025 19:00;94.34;A;4211.4;A;4213.87;A;29;A;16.4;A;10.37;A;25.32;A;36.51;A;38;A;19.15;A;45.57;A;1000.78;A;30;A;0;A;8;A;103;A;1.67;A;236.67;A
13.03.2025 19:15;94.38;A;4211.87;A;4214.13;A;29.95;A;15.87;A;10.45;A;25.01;A;36.4;A;37;A;18.83;A;45.47;A;1000.77;A;29;A;0;A;9;A;107;A;0;A;90;A
13.03.2025 19:30;94.41;A;4212.4;A;4214.8;A;32.51;A;16.28;A;10.67;A;24.72;A;36.11;A;38;A;18.57;A;44.86;A;1000.59;A;30;A;0;A;8;A;107;A;0;A;76.67;A
13.03.2025 19:45;94.42;A;4212.73;A;4214.73;A;32.95;A;16.58;A;10.61;A;24.48;A;35.82;A;40;A;18.27;A;44.88;A;1000.68;A;31;A;0;A;8;A;110;A;0.33;A;156.67;A
13.03.2025 20:00;94.42;A;4205.93;A;4206.4;A;34.99;A;16.79;A;10.58;A;24.18;A;35.77;A;39;A;17.94;A;44.77;A;1000.62;A;30;A;0;A;9;A;111;A;0.33;A;156.67;A
13.03.2025 20:15;94.2;A;4189.67;A;4189;A;32.47;A;16.28;A;10.64;A;23.84;A;36.16;A;40;A;17.5;A;45.81;A;1000.63;A;31;A;0;A;9;A;111;A;0.67;A;236.67;A
13.03.2025 20:30;94.22;A;4210.2;A;4213.2;A;37.31;A;18.29;A;12.09;A;23.43;A;36.56;A;40;A;17.1;A;46.11;A;1000.48;A;29;A;0;A;11;A;117;A;0.33;A;33.33;A
13.03.2025 20:45;94.3;A;4211.4;A;4214.27;A;34.07;A;17.35;A;11.52;A;23.04;A;36.78;A;40;A;16.84;A;46.5;A;1000.52;A;30;A;0;A;10;A;121;A;0;A;40;A
13.03.2025 21:00;94.36;A;4211.87;A;4214.13;A;29.56;A;15.42;A;10.33;A;22.77;A;37.23;A;39;A;16.65;A;46.88;A;1000.58;A;29;A;0;A;10;A;112;A;0;A;46.67;A
13.03.2025 21:15;94.39;A;4212.07;A;4214.2;A;27.7;A;15.89;A;10.15;A;22.46;A;37.77;A;38;A;16.36;A;47.66;A;1000.72;A;29;A;0;A;9;A;110;A;0;A;36.67;A
13.03.2025 21:30;94.41;A;4212.73;A;4214.87;A;28.3;A;14.98;A;10.33;A;22.17;A;38.13;A;39;A;16.1;A;48.17;A;1000.6;A;30;A;0;A;9;A;112;A;0.33;A;33.33;A
13.03.2025 21:45;94.43;A;4212.73;A;4214.6;A;30.1;A;16.32;A;10.62;A;21.86;A;38.35;A;38;A;15.92;A;48.2;A;1000.67;A;28;A;0;A;10;A;114;A;0;A;53.33;A
13.03.2025 22:00;94.44;A;4212.73;A;4214.93;A;30.29;A;15.92;A;10.4;A;21.63;A;38.53;A;38;A;15.75;A;48.45;A;1000.77;A;28;A;0;A;10;A;117;A;0;A;43.33;A
13.03.2025 22:15;94.44;A;4212.87;A;4214.93;A;28.2;A;15.43;A;10.69;A;21.46;A;38.62;A;39;A;15.59;A;48.58;A;1000.89;A;28;A;0;A;10;A;121;A;0;A;80;A
13.03.2025 22:30;94.45;A;4212.87;A;4214.8;A;31.2;A;16.33;A;10.47;A;21.28;A;38.79;A;39;A;15.51;A;48.48;A;1000.78;A;30;A;0;A;8;A;113;A;0;A;96.67;A
13.03.2025 22:45;94.45;A;4212.87;A;4214.87;A;27.7;A;15.14;A;10.39;A;21.18;A;38.89;A;39;A;15.42;A;48.74;A;1000.84;A;31;A;0;A;8;A;112;A;0;A;83.33;A
13.03.2025 23:00;94.4;A;4198.4;A;4197.87;A;27.92;A;15.48;A;10.07;A;21.07;A;39.08;A;40;A;15.27;A;49.15;A;1000.76;A;31;A;0;A;8;A;112;A;0;A;93.33;A
13.03.2025 23:15;94.21;A;4199.93;A;4200.67;A;27.52;A;15.34;A;10.71;A;20.92;A;39.45;A;40;A;15.18;A;49.64;A;1000.75;A;31;A;0;A;9;A;104;A;0;A;103.33;A
13.03.2025 23:30;94.28;A;4210.87;A;4213.2;A;28.44;A;15.4;A;10.18;A;20.81;A;39.86;A;39;A;15.08;A;50.22;A;1000.63;A;32;A;0;A;8;A;104;A;0.67;A;83.33;A
13.03.2025 23:45;94.35;A;4211.87;A;4213.93;A;33.69;A;17.83;A;11.69;A;20.72;A;40.21;A;40;A;15.05;A;50.59;A;1000.69;A;32;A;0;A;8;A;106;A;0;A;110;A
14.03.2025 00:00;94.39;A;4212;A;4214.13;A;32.93;A;17.28;A;11.46;A;20.65;A;40.47;A;40;A;14.95;A;50.73;A;1000.67;A;32;A;0;A;8;A;108;A;0;A;100;A
14.03.2025 00:15;94.41;A;4212.67;A;4214.53;A;34.01;A;20.44;A;14.09;A;20.57;A;40.82;A;40;A;14.83;A;51.4;A;1000.64;A;32;A;0;A;8;A;117;A;0;A;66.67;A
14.03.2025 00:30;94.42;A;4203.73;A;4204.6;A;34.44;A;20.29;A;13.46;A;20.46;A;41.12;A;39;A;14.74;A;51.78;A;1000.61;A;31;A;0;A;8;A;114;A;0;A;60;A
14.03.2025 00:45;94.34;A;4211.73;A;4213.87;A;30.3;A;17.39;A;11.2;A;20.38;A;41.39;A;39;A;14.56;A;52.31;A;1000.66;A;29;A;0;A;10;A;101;A;0;A;126.67;A
14.03.2025 01:00;94.38;A;4212.07;A;4214.33;A;31.98;A;16.41;A;10.65;A;20.24;A;41.8;A;38;A;14.31;A;53.12;A;1000.65;A;27;A;0;A;11;A;101;A;1;A;340;A
14.03.2025 01:15;94.41;A;4212.73;A;4214.47;A;28.99;A;16.2;A;10.22;A;20.07;A;42.37;A;38;A;14.23;A;53.8;A;1000.44;A;27;A;0;A;11;A;96;A;0;A;153.33;A
14.03.2025 01:30;94.43;A;4212.8;A;4214.47;A;28.29;A;15.16;A;10.05;A;19.92;A;43.13;A;38;A;14.22;A;54.56;A;1000.52;A;29;A;0;A;9;A;97;A;0;A;270;A
14.03.2025 01:45;94.33;A;4197.8;A;4198.27;A;26.87;A;15.18;A;10.03;A;19.85;A;43.53;A;39;A;14.16;A;54.81;A;1000.34;A;29;A;0;A;10;A;94;A;0.33;A;233.33;A
14.03.2025 02:00;94.33;A;4211.6;A;4213.47;A;29.44;A;15.54;A;9.76;A;19.76;A;43.98;A;39;A;14.02;A;55.56;A;1000.28;A;31;A;0;A;8;A;91;A;0;A;156.67;A
14.03.2025 02:15;94.38;A;4211.93;A;4213.87;A;26.59;A;15.55;A;10.08;A;19.66;A;44.48;A;39;A;13.87;A;56.37;A;1000.31;A;32;A;0;A;6;A;85;A;0;A;63.33;A
14.03.2025 02:30;94.41;A;4212.73;A;4214.53;A;27.43;A;15.46;A;10.18;A;19.55;A;45.06;A;38;A;13.78;A;57.02;A;1000.12;A;30;A;0;A;8;A;89;A;0;A;233.33;A
14.03.2025 02:45;94.42;A;4212.87;A;4214.73;A;28.77;A;15.07;A;10.25;A;19.45;A;45.51;A;39;A;13.66;A;57.8;A;1000.22;A;29;A;0;A;10;A;91;A;0.33;A;273.33;A
14.03.2025 03:00;94.44;A;4212.8;A;4214;A;29.05;A;15.42;A;10.2;A;19.34;A;46.13;A;38;A;13.56;A;58.58;A;1000.22;A;30;A;0;A;8;A;88;A;0;A;56.67;A
14.03.2025 03:15;94.44;A;4212.8;A;4214.73;A;30.08;A;16.22;A;10.21;A;19.25;A;46.51;A;38;A;13.36;A;59.46;A;1000.41;A;32;A;0;A;6;A;86;A;0.33;A;150;A
14.03.2025 03:30;94.45;A;4212.73;A;4214.27;A;30.23;A;16.52;A;10.6;A;19.07;A;47.19;A;38;A;13.14;A;60.81;A;1000.35;A;31;A;0;A;6;A;86;A;0;A;266.67;A
14.03.2025 03:45;94.45;A;4212.8;A;4214.47;A;29.89;A;16.87;A;10.64;A;18.9;A;47.97;A;37;A;13.01;A;61.67;A;1000.41;A;30;A;0;A;8;A;87;A;0.33;A;250;A
14.03.2025 04:00;94.37;A;4197.53;A;4197.53;A;31.81;A;16.78;A;11.11;A;18.73;A;48.63;A;36;A;12.78;A;62.9;A;1000.49;A;30;A;0;A;6;A;84;A;0.33;A;166.67;A
14.03.2025 04:15;94.33;A;4211.53;A;4213.73;A;32.09;A;17.97;A;11.38;A;18.51;A;49.37;A;36;A;12.53;A;64.07;A;1000.67;A;30;A;0;A;6;A;86;A;0;A;33.33;A
14.03.2025 04:30;94.37;A;4211.93;A;4214.27;A;33.11;A;18.53;A;12.06;A;18.3;A;50.17;A;36;A;12.36;A;65.02;A;1000.99;A;28;A;0;A;8;A;89;A;0;A;13.33;A
14.03.2025 04:45;94.41;A;4212.73;A;4214.27;A;36.6;A;19.26;A;12.13;A;18.12;A;51.08;A;35;A;12.23;A;66.05;A;1001.13;A;28;A;0;A;7;A;86;A;0;A;40;A
14.03.2025 05:00;94.42;A;4212.73;A;4214.4;A;35.75;A;19.42;A;12.8;A;17.95;A;52.02;A;34;A;12.04;A;67.23;A;1001.38;A;28;A;0;A;6;A;90;A;0.33;A;233.33;A
14.03.2025 05:15;94.44;A;4212.8;A;4214.6;A;37.46;A;20.44;A;13.39;A;17.78;A;52.82;A;34;A;11.9;A;68.38;A;1001.58;A;28;A;0;A;6;A;90;A;0;A;343.33;A
14.03.2025 05:30;94.4;A;4200.07;A;4199.27;A;35.23;A;21.43;A;13.67;A;17.64;A;53.66;A;33;A;11.86;A;69.06;A;1001.78;A;26;A;0;A;6;A;92;A;0.33;A;113.33;A
14.03.2025 05:45;94.18;A;4192.67;A;4192.13;A;37.89;A;21.56;A;13.49;A;17.51;A;54.15;A;32;A;11.58;A;70.28;A;1001.91;A;25;A;0;A;8;A;92;A;0;A;130;A
14.03.2025 06:00;94.23;A;4210.47;A;4213.07;A;39.29;A;20.85;A;13.65;A;17.3;A;54.71;A;30;A;11.29;A;71.43;A;1001.99;A;24;A;0;A;6;A;92;A;0;A;203.33;A
14.03.2025 06:15;94.31;A;4211.47;A;4213.33;A;37.63;A;21.32;A;14.15;A;17.02;A;55.42;A;29;A;10.89;A;72.81;A;1002.01;A;23;A;0;A;6;A;91;A;0.33;A;183.33;A
14.03.2025 06:30;94.36;A;4212;A;4214.07;A;38.56;A;22.84;A;14.63;A;16.76;A;56.22;A;27;A;10.65;A;74.04;A;1002.29;A;21;A;0;A;6;A;96;A;0.33;A;273.33;A
14.03.2025 06:45;94.4;A;4212.53;A;4214;A;40.85;A;23.05;A;14.81;A;16.53;A;57.04;A;28;A;10.64;A;74.27;A;1002.56;A;22;A;0;A;6;A;97;A;0.33;A;313.33;A
14.03.2025 07:00;94.42;A;4212.73;A;4214.47;A;40.71;A;23.34;A;14.92;A;16.51;A;57.29;A;28;A;10.89;A;73.25;A;1002.53;A;23;A;0;A;5;A;104;A;0.33;A;113.33;A
14.03.2025 07:15;94.33;A;4201.07;A;4200.8;A;41.13;A;24.01;A;15.22;A;16.94;A;56.35;A;26;A;11.53;A;70.96;A;1002.63;A;21;A;0;A;4;A;114;A;0.33;A;310;A
14.03.2025 07:30;94.36;A;4211.87;A;4214.2;A;42.42;A;22.86;A;14.79;A;17.54;A;54.63;A;29;A;12.03;A;69.39;A;1002.64;A;21;A;0;A;7;A;121;A;1;A;333.33;A
14.03.2025 07:45;94.39;A;4211.87;A;4214.33;A;58.15;A;27.1;A;16.97;A;18.35;A;52.89;A;26;A;13.4;A;64.95;A;1002.83;A;20;A;0;A;7;A;133;A;0.67;A;326.67;A
14.03.2025 08:00;94.42;A;4212.47;A;4214.47;A;44.91;A;26.14;A;17.01;A;19.82;A;49.49;A;26;A;14.77;A;60.13;A;1003.23;A;20;A;0;A;6;A;133;A;1;A;333.33;A
14.03.2025 08:15;94.43;A;4212.8;A;4214.93;A;40.86;A;23.06;A;15.01;A;21.21;A;46.16;A;28;A;15.09;A;59.53;A;1003.54;A;19;A;0;A;9;A;135;A;0.33;A;256.67;A
14.03.2025 08:30;94.44;A;4212.93;A;4214.87;A;36.42;A;21.36;A;14.12;A;21.67;A;44.94;A;30;A;14.95;A;60.07;A;1003.72;A;17;A;0;A;13;A;140;A;0.33;A;326.67;A
14.03.2025 08:45;94.43;A;4204.33;A;4204.93;A;46.89;A;25.36;A;16.45;A;21.56;A;45.46;A;29;A;15.03;A;60.1;A;1004.08;A;15;A;0;A;15;A;143;A;0;A;330;A
14.03.2025 09:00;94.29;A;4205;A;4206.8;A;39.51;A;21.78;A;14.21;A;21.82;A;45.4;A;26;A;16.19;A;57;A;1004.51;A;17;A;0;A;10;A;137;A;1.33;A;340;A
14.03.2025 09:15;94.35;A;4211.67;A;4214.67;A;33.73;A;20.44;A;13.2;A;22.94;A;43.52;A;27;A;17.22;A;54.26;A;1004.77;A;16;A;0;A;12;A;131;A;0.33;A;226.67;A
14.03.2025 09:30;94.39;A;4211.87;A;4214.8;A;35.8;A;20.28;A;12.87;A;23.78;A;42.07;A;29;A;17.22;A;54.94;A;1004.97;A;15;A;0;A;14;A;131;A;0.67;A;240;A
14.03.2025 09:45;94.41;A;4212.4;A;4214.93;A;34.23;A;18.57;A;12.19;A;23.97;A;42.2;A;28;A;17.23;A;55.78;A;1004.99;A;16;A;0;A;12;A;132;A;0.33;A;236.67;A
14.03.2025 10:00;94.43;A;4211.13;A;4213.33;A;32.26;A;19.1;A;12.31;A;23.72;A;43.1;A;26;A;16.91;A;57.3;A;1005.26;A;16;A;0;A;11;A;135;A;0.67;A;343.33;A
14.03.2025 10:15;94.26;A;4185;A;4183.87;A;36.1;A;19.82;A;12.68;A;23.37;A;44.26;A;27;A;16.95;A;58.01;A;1005.19;A;15;A;0;A;12;A;135;A;0.33;A;243.33;A
14.03.2025 10:30;94.23;A;4210.33;A;4213.67;A;32.99;A;18.65;A;12.25;A;23.35;A;44.67;A;25;A;17.6;A;55.78;A;1005.03;A;15;A;0;A;10;A;139;A;0;A;270;A
14.03.2025 10:45;94.32;A;4211.47;A;4214.4;A;31.15;A;17.36;A;11.61;A;23.86;A;43.68;A;25;A;18.37;A;53.34;A;1004.73;A;17;A;0;A;8;A;132;A;0.33;A;340;A
14.03.2025 11:00;94.37;A;4211.67;A;4214.33;A;29.53;A;15.44;A;10.09;A;24.54;A;41.99;A;28;A;18.8;A;52.05;A;1005.1;A;17;A;0;A;10;A;126;A;0.33;A;340;A
14.03.2025 11:15;94.4;A;4211.8;A;4214.33;A;34.2;A;18.78;A;12.57;A;24.87;A;41.24;A;31;A;18.54;A;53.14;A;1005.39;A;7;A;0;A;24;A;141;A;0;A;116.67;A
14.03.2025 11:30;94.42;A;4212.67;A;4214.87;A;33.58;A;18.62;A;12;A;24.85;A;41.53;A;29;A;18.64;A;52.89;A;1005.47;A;9;A;0;A;20;A;161;A;0.67;A;343.33;A
14.03.2025 11:45;94.43;A;4212.73;A;4214.53;A;33.46;A;19.39;A;12.61;A;24.9;A;41.35;A;28;A;18.93;A;52.19;A;1005.52;A;13;A;0;A;15;A;137;A;0;A;156.67;A
14.03.2025 12:00;94.44;A;4212.8;A;4215.07;A;26.35;A;15.33;A;10.17;A;25.07;A;41.1;A;28;A;19.15;A;51.76;A;1005.49;A;16;A;0;A;11;A;129;A;0.33;A;270;A
14.03.2025 12:15;94.4;A;4200.07;A;4200.27;A;23.25;A;13.3;A;8.91;A;25.21;A;41.39;A;30;A;19.11;A;53.43;A;1005.43;A;18;A;0;A;12;A;127;A;0.33;A;126.67;A
14.03.2025 12:30;94.32;A;4211.4;A;4214.53;A;21.52;A;12.44;A;8.05;A;25.27;A;43.33;A;28;A;19.12;A;54.74;A;1005.34;A;17;A;0;A;11;A;132;A;0.67;A;236.67;A
14.03.2025 12:45;94.37;A;4211.87;A;4214.6;A;16.44;A;9.9;A;6.83;A;25.32;A;42.6;A;28;A;19.49;A;52.14;A;1005.25;A;21;A;0;A;7;A;120;A;0;A;203.33;A
14.03.2025 13:00;94.4;A;4212;A;4214.93;A;14.77;A;8.5;A;5.39;A;25.61;A;39.22;A;31;A;19.91;A;48.08;A;1005.15;A;24;A;0;A;7;A;104;A;0;A;86.67;A
14.03.2025 13:15;94.42;A;4212.6;A;4215.07;A;12.09;A;7.39;A;4.99;A;25.92;A;37.74;A;32;A;20.14;A;46.21;A;1004.99;A;24;A;0;A;9;A;108;A;0.33;A;196.67;A
14.03.2025 13:30;94.44;A;4212.73;A;4215;A;10.46;A;6.28;A;4.28;A;26.16;A;36.59;A;34;A;20.21;A;46.17;A;1004.96;A;24;A;0;A;10;A;105;A;0;A;213.33;A
14.03.2025 13:45;94.44;A;4212.73;A;4214.8;A;10.14;A;5.5;A;3.65;A;26.27;A;36.1;A;33;A;20.33;A;44.12;A;1004.98;A;25;A;0;A;8;A;112;A;0.33;A;120;A
14.03.2025 14:00;94.45;A;4212.8;A;4214.87;A;9.8;A;5.47;A;3.61;A;26.38;A;35.13;A;37;A;20.55;A;43.17;A;1005.13;A;23;A;0;A;14;A;130;A;0.33;A;123.33;A
14.03.2025 14:15;94.45;A;4212.8;A;4215.53;A;11;A;6.01;A;3.93;A;26.53;A;35.07;A;35;A;20.86;A;42.47;A;1005.13;A;22;A;0;A;13;A;105;A;0;A;110;A
14.03.2025 14:30;94.45;A;4212.8;A;4215;A;10.82;A;5.33;A;3.56;A;26.77;A;34.23;A;35;A;21.13;A;40.64;A;1005.4;A;26;A;0;A;10;A;109;A;0;A;150;A
14.03.2025 14:45;94.45;A;4211.6;A;4215;A;11.6;A;5.53;A;3.57;A;26.99;A;33.32;A;36;A;21.32;A;40.16;A;1005.52;A;25;A;0;A;11;A;99;A;0.67;A;263.33;A
14.03.2025 15:00;94.39;A;4208.13;A;4209.87;A;9.15;A;4.75;A;3.05;A;27.2;A;32.64;A;37;A;21.4;A;39.52;A;1005.5;A;25;A;0;A;12;A;97;A;0.33;A;223.33;A
14.03.2025 15:15;94.42;A;4212.47;A;4214.87;A;9.29;A;4.88;A;3.33;A;27.31;A;32.57;A;36;A;21.38;A;39.84;A;1005.52;A;25;A;0;A;11;A;97;A;0;A;193.33;A
14.03.2025 15:30;94.43;A;4212.73;A;4215.13;A;7.45;A;4.66;A;3.17;A;27.34;A;32.13;A;37;A;21.32;A;39.53;A;1005.77;A;25;A;0;A;12;A;104;A;0;A;210;A
14.03.2025 15:45;94.42;A;4204.07;A;4204.87;A;13.47;A;6.21;A;4.16;A;27.31;A;32.44;A;36;A;21.29;A;40.29;A;1005.93;A;24;A;0;A;13;A;115;A;0;A;146.67;A
14.03.2025 16:00;94.19;A;4186.73;A;4187;A;14.1;A;7.42;A;5.15;A;27.25;A;32.95;A;36;A;21.12;A;41.07;A;1005.8;A;21;A;0;A;15;A;130;A;0;A;210;A
14.03.2025 16:15;94.2;A;4209.67;A;4212.67;A;15.99;A;8.76;A;5.59;A;27.17;A;33.27;A;37;A;21.12;A;41.08;A;1005.72;A;19;A;0;A;17;A;170;A;0;A;180;A
14.03.2025 16:30;94.29;A;4210.8;A;4214;A;16.08;A;7.68;A;5.3;A;27.07;A;33.86;A;36;A;20.89;A;42.77;A;1005.68;A;17;A;0;A;19;A;145;A;0;A;133.33;A
14.03.2025 16:45;94.35;A;4211.93;A;4214.8;A;15.05;A;9.19;A;6.4;A;26.9;A;37.43;A;36;A;20.41;A;49.78;A;1006.03;A;17;A;0;A;19;A;331;A;0.33;A;173.33;A
14.03.2025 17:00;94.39;A;4211.73;A;4214.4;A;12.12;A;7.86;A;5.22;A;26.6;A;39.46;A;32;A;20.28;A;50.6;A;1006.2;A;23;A;0;A;9;A;191;A;0;A;160;A
14.03.2025 17:15;94.41;A;4212.2;A;4214.93;A;21.21;A;13.77;A;8.92;A;26.36;A;39.07;A;33;A;20.14;A;49.31;A;1006.27;A;23;A;0;A;10;A;169;A;0;A;240;A
14.03.2025 17:30;94.43;A;4212.73;A;4214.67;A;17.92;A;10.64;A;6.87;A;26.08;A;39.58;A;32;A;19.71;A;50.65;A;1006.26;A;21;A;0;A;11;A;182;A;0;A;180;A
14.03.2025 17:45;94.44;A;4212.73;A;4214.93;A;19.45;A;11.31;A;7.45;A;25.77;A;39.29;A;33;A;19.32;A;50.31;A;1006.16;A;18;A;0;A;15;A;187;A;0;A;166.67;A
14.03.2025 18:00;94.4;A;4205.73;A;4206.8;A;20.84;A;11.11;A;7.23;A;25.39;A;38.36;A;33;A;18.98;A;48.91;A;1006.2;A;17;A;0;A;16;A;137;A;0.67;A;133.33;A
14.03.2025 18:15;94.38;A;4211.8;A;4214.53;A;17.27;A;9.15;A;6.22;A;25.02;A;38.19;A;34;A;18.66;A;48.71;A;1006.31;A;18;A;0;A;15;A;139;A;0.33;A;126.67;A
14.03.2025 18:30;94.41;A;4212.27;A;4214.47;A;19.74;A;11.37;A;7.36;A;24.69;A;38.58;A;34;A;18.58;A;48.7;A;1006.45;A;22;A;0;A;12;A;123;A;0.33;A;130;A
14.03.2025 18:45;94.43;A;4212.87;A;4215.2;A;19.2;A;11.01;A;7.55;A;24.47;A;39.55;A;33;A;18.34;A;50.05;A;1006.67;A;24;A;0;A;8;A;123;A;0.33;A;123.33;A
14.03.2025 19:00;94.44;A;4212.93;A;4214.8;A;19.32;A;8.87;A;5.7;A;24.23;A;39.83;A;33;A;18.09;A;50.74;A;1006.71;A;26;A;0;A;7;A;104;A;0.67;A;126.67;A
14.03.2025 19:15;94.45;A;4212.8;A;4214.93;A;16.83;A;9.26;A;5.97;A;23.97;A;40.79;A;32;A;17.74;A;52.42;A;1006.91;A;24;A;0;A;8;A;112;A;0;A;96.67;A
14.03.2025 19:30;94.45;A;4212.6;A;4214.4;A;17.49;A;9.46;A;6.35;A;23.7;A;41.75;A;33;A;17.51;A;53.41;A;1006.89;A;26;A;0;A;7;A;105;A;0.67;A;96.67;A
14.03.2025 19:45;94.41;A;4207.13;A;4208.67;A;20.68;A;11.95;A;8.1;A;23.41;A;42.93;A;33;A;17.21;A;55.14;A;1006.88;A;26;A;0;A;7;A;122;A;0.67;A;203.33;A
14.03.2025 20:00;94.41;A;4212.07;A;4214.67;A;19.15;A;11.4;A;7.69;A;23.17;A;43.82;A;34;A;17.01;A;56.08;A;1007.05;A;26;A;0;A;8;A;122;A;0;A;66.67;A
14.03.2025 20:15;94.43;A;4212.73;A;4214.87;A;20.26;A;11.88;A;8.18;A;22.89;A;44.81;A;33;A;16.66;A;57.66;A;1007.2;A;25;A;0;A;8;A;130;A;0;A;346.67;A
14.03.2025 20:30;94.44;A;4212.8;A;4214.73;A;22.2;A;13.12;A;8.61;A;22.57;A;45.74;A;32;A;16.41;A;58.72;A;1007.14;A;23;A;0;A;9;A;137;A;0;A;96.67;A
14.03.2025 20:45;94.45;A;4212.93;A;4215;A;24.31;A;14.07;A;9.22;A;22.23;A;46.46;A;31;A;16.21;A;59.27;A;1007.07;A;21;A;0;A;10;A;134;A;0.33;A;123.33;A
14.03.2025 21:00;94.39;A;4194.73;A;4194.67;A;18.86;A;10.4;A;7.2;A;22.01;A;45.35;A;32;A;16.17;A;56.82;A;1007.06;A;24;A;0;A;9;A;106;A;0;A;126.67;A
14.03.2025 21:15;94.21;A;4201.87;A;4202.73;A;17.54;A;9.38;A;6.11;A;21.84;A;44.69;A;32;A;15.91;A;56.67;A;1007.01;A;22;A;0;A;10;A;100;A;0;A;120;A
14.03.2025 21:30;94.29;A;4210.73;A;4213.4;A;16.36;A;8.26;A;5.63;A;21.69;A;44.52;A;33;A;15.89;A;56.24;A;1007.18;A;22;A;0;A;11;A;92;A;0;A;233.33;A
14.03.2025 21:45;94.35;A;4211.73;A;4214.33;A;15.42;A;9.29;A;5.95;A;21.57;A;45.08;A;32;A;15.7;A;57.45;A;1007.22;A;21;A;0;A;11;A;95;A;0;A;113.33;A
14.03.2025 22:00;94.39;A;4212;A;4214.13;A;16.13;A;9.84;A;6.6;A;21.44;A;45.84;A;33;A;15.65;A;58.16;A;1007.28;A;21;A;0;A;12;A;101;A;0;A;60;A
14.03.2025 22:15;94.42;A;4212.73;A;4214.4;A;18.73;A;10.49;A;6.99;A;21.35;A;46.57;A;32;A;15.57;A;59.1;A;1007.3;A;21;A;0;A;12;A;106;A;0;A;160;A
14.03.2025 22:30;94.44;A;4212.8;A;4214.73;A;19.06;A;11.61;A;7.47;A;21.27;A;47.02;A;33;A;15.47;A;59.81;A;1007.48;A;18;A;0;A;15;A;110;A;0;A;343.33;A
14.03.2025 22:45;94.3;A;4182.53;A;4180.53;A;22.93;A;13.21;A;9.04;A;21.17;A;47.63;A;33;A;15.28;A;61.16;A;1007.66;A;16;A;0;A;17;A;117;A;0;A;253.33;A
14.03.2025 23:00;94.15;A;4204.47;A;4206.73;A;20.74;A;12.62;A;8.49;A;21.02;A;48.67;A;33;A;15.12;A;62.49;A;1007.79;A;21;A;0;A;12;A;110;A;0;A;170;A
14.03.2025 23:15;94.26;A;4210.8;A;4213.27;A;21.51;A;13.37;A;9.03;A;20.84;A;49.61;A;32;A;14.93;A;63.84;A;1007.73;A;22;A;0;A;9;A;108;A;0.33;A;123.33;A
14.03.2025 23:30;94.33;A;4211.47;A;4213.8;A;24.08;A;14.01;A;9.39;A;20.68;A;50.25;A;32;A;14.86;A;64.48;A;1007.68;A;24;A;0;A;8;A;107;A;0;A;250;A
14.03.2025 23:45;94.38;A;4211.73;A;4213.73;A;23.47;A;13.71;A;9.14;A;20.57;A;50.8;A;32;A;14.78;A;64.96;A;1007.66;A;23;A;0;A;9;A;107;A;0;A;130;A
15.03.2025 00:00;94.41;A;4212.53;A;4214.33;A;25.21;A;13.97;A;9.43;A;20.49;A;51.3;A;32;A;14.64;A;65.82;A;1007.66;A;20;A;0;A;12;A;111;A;0;A;270;A
15.03.2025 00:15;94.43;A;4212.8;A;4214.47;A;24.08;A;14.57;A;9.54;A;20.39;A;51.93;A;31;A;14.51;A;66.68;A;1007.44;A;21;A;0;A;10;A;108;A;0;A;200;A
15.03.2025 00:30;94.41;A;4202.07;A;4201.73;A;28.79;A;16.64;A;11.32;A;20.27;A;52.41;A;31;A;14.31;A;67.46;A;1007.26;A;13;A;0;A;19;A;121;A;0;A;70;A
15.03.2025 00:45;94.33;A;4211.6;A;4214.27;A;29.8;A;17.13;A;11.54;A;20.12;A;52.77;A;32;A;14.2;A;68.12;A;1007.54;A;9;A;0;A;23;A;131;A;0.33;A;256.67;A
15.03.2025 01:00;94.38;A;4211.87;A;4214.27;A;33.06;A;20.68;A;14.49;A;19.97;A;53.31;A;31;A;14.03;A;68.79;A;1007.64;A;8;A;0;A;23;A;151;A;1;A;333.33;A
15.03.2025 01:15;94.41;A;4212.4;A;4214.67;A;34.8;A;20.31;A;14.13;A;19.81;A;53.76;A;31;A;13.83;A;69.6;A;1007.58;A;4;A;0;A;28;A;153;A;0.67;A;333.33;A
15.03.2025 01:30;94.43;A;4212.73;A;4214.6;A;33.11;A;19.3;A;13.69;A;19.62;A;54.26;A;30;A;13.69;A;70.1;A;1007.76;A;7;A;0;A;23;A;146;A;0;A;266.67;A
15.03.2025 01:45;94.44;A;4212.8;A;4214.4;A;34.93;A;21.54;A;14.56;A;19.46;A;54.69;A;29;A;13.46;A;70.87;A;1007.38;A;9;A;0;A;20;A;141;A;1;A;336.67;A
15.03.2025 02:00;94.38;A;4201.67;A;4201.6;A;34.48;A;21.49;A;14.93;A;19.28;A;55.01;A;29;A;13.28;A;71.39;A;1007.42;A;10;A;0;A;19;A;142;A;0;A;140;A
15.03.2025 02:15;94.36;A;4211.87;A;4213.87;A;35.39;A;22.55;A;15.05;A;19.09;A;55.41;A;30;A;13.06;A;72.01;A;1007.59;A;10;A;0;A;19;A;136;A;0.67;A;326.67;A
15.03.2025 02:30;94.4;A;4212.13;A;4213.67;A;39.98;A;23.45;A;15.48;A;18.84;A;55.91;A;30;A;12.73;A;73.09;A;1007.56;A;6;A;0;A;23;A;136;A;0.67;A;336.67;A
15.03.2025 02:45;94.43;A;4213;A;4214.67;A;36.59;A;21.84;A;14.6;A;18.54;A;56.67;A;27;A;12.44;A;74.25;A;1008.06;A;11;A;0;A;16;A;126;A;0;A;273.33;A
15.03.2025 03:00;94.44;A;4212.8;A;4214.27;A;37.07;A;22.45;A;14.6;A;18.27;A;57.5;A;28;A;12.35;A;74.65;A;1008.24;A;16;A;0;A;12;A;113;A;0;A;236.67;A
15.03.2025 03:15;94.39;A;4206.73;A;4207.8;A;34.8;A;21.14;A;14.29;A;18.1;A;57.77;A;28;A;12.24;A;74.54;A;1007.98;A;21;A;0;A;8;A;106;A;0.33;A;253.33;A
15.03.2025 03:30;94.41;A;4212.6;A;4213.87;A;35.64;A;22.48;A;14.19;A;17.95;A;57.89;A;29;A;12.05;A;75.03;A;1007.88;A;19;A;0;A;10;A;101;A;0.33;A;326.67;A
15.03.2025 03:45;94.43;A;4212.8;A;4214.47;A;35.81;A;20.84;A;14.25;A;17.77;A;58.3;A;28;A;11.84;A;75.68;A;1007.9;A;18;A;0;A;10;A;101;A;0;A;96.67;A
15.03.2025 04:00;94.43;A;4204.33;A;4205.13;A;35.2;A;21.11;A;14.15;A;17.62;A;59.15;A;28;A;11.88;A;76.37;A;1007.83;A;18;A;0;A;10;A;98;A;0;A;203.33;A
15.03.2025 04:15;94.22;A;4189.67;A;4188.33;A;38.91;A;22.35;A;15.07;A;17.63;A;59.67;A;30;A;11.92;A;76.34;A;1007.68;A;15;A;0;A;15;A;102;A;0.33;A;340;A
15.03.2025 04:30;94.23;A;4210.4;A;4212.8;A;41.84;A;23.83;A;15.31;A;17.57;A;59.73;A;30;A;11.76;A;76.93;A;1007.57;A;14;A;0;A;15;A;102;A;1;A;336.67;A
15.03.2025 04:45;94.32;A;4211.6;A;4213.53;A;29.54;A;19.37;A;16.16;A;17.47;A;59.99;A;29;A;11.63;A;77.45;A;1007.71;A;17;A;0;A;12;A;103;A;0;A;306.67;A
15.03.2025 05:00;94.37;A;4212;A;4214;A;33.18;A;22.62;A;19.06;A;17.43;A;60.03;A;28;A;11.41;A;78.47;A;1007.67;A;16;A;0;A;11;A;114;A;0;A;130;A
15.03.2025 05:15;94.41;A;4212.6;A;4213.87;A;35.14;A;24.35;A;21.45;A;17.54;A;60.01;A;28;A;11.26;A;79.67;A;1007.51;A;15;A;0;A;13;A;116;A;0;A;276.67;A
15.03.2025 05:30;94.43;A;4212.73;A;4214;A;36.88;A;25.54;A;22.5;A;17.58;A;60.04;A;27;A;11.07;A;80.84;A;1007.41;A;16;A;0;A;11;A;119;A;0.67;A;136.67;A
15.03.2025 05:45;94.44;A;4212.87;A;4213.93;A;37.27;A;25.82;A;22.74;A;17.6;A;60.05;A;26;A;10.83;A;82.04;A;1007.4;A;17;A;0;A;9;A;127;A;0.67;A;196.67;A
15.03.2025 06:00;94.45;A;4212.87;A;4214.2;A;37.64;A;26.07;A;22.96;A;17.62;A;60.07;A;25;A;10.73;A;82.67;A;1007.48;A;17;A;0;A;8;A;129;A;0.33;A;133.33;A
15.03.2025 06:15;94.46;A;4212.8;A;4214.13;A;36.69;A;25.42;A;22.39;A;17.67;A;60.03;A;25;A;10.66;A;83.26;A;1007.47;A;17;A;0;A;8;A;134;A;0;A;220;A
15.03.2025 06:30;94.46;A;4212.8;A;4214;A;37.63;A;26.06;A;22.95;A;17.84;A;60.02;A;28;A;10.8;A;83.55;A;1007.45;A;16;A;0;A;12;A;130;A;0;A;256.67;A
15.03.2025 06:45;94.46;A;4212.87;A;4214.33;A;36.27;A;25.13;A;22.13;A;18.01;A;59.96;A;27;A;11.09;A;83.07;A;1007.32;A;15;A;0;A;13;A;126;A;0;A;263.33;A
15.03.2025 07:00;94.47;A;4213;A;4214.73;A;35.09;A;24.32;A;21.42;A;18.13;A;59.91;A;29;A;11.33;A;82.27;A;1007.59;A;20;A;0;A;9;A;128;A;0;A;346.67;A
15.03.2025 07:15;94.47;A;4212.8;A;4214.2;A;33.22;A;23.03;A;20.29;A;18.11;A;59.97;A;29;A;11.4;A;81.96;A;1007.64;A;20;A;0;A;9;A;119;A;1.33;A;336.67;A
15.03.2025 07:30;94.47;A;4212.87;A;4214.2;A;30.54;A;21.2;A;18.67;A;18.21;A;60.01;A;31;A;11.62;A;81.56;A;1007.81;A;23;A;0;A;7;A;105;A;1.33;A;333.33;A
15.03.2025 07:45;94.47;A;4212.87;A;4213.87;A;28.12;A;19.54;A;17.21;A;18.41;A;59.9;A;30;A;12.15;A;79.64;A;1007.94;A;24;A;0;A;6;A;103;A;0.33;A;336.67;A
15.03.2025 08:00;94.47;A;4212.73;A;4214.4;A;38.25;A;22.93;A;17.31;A;18.34;A;59.82;A;31;A;12.58;A;77.1;A;1007.62;A;23;A;0;A;8;A;103;A;0.67;A;336.67;A
15.03.2025 08:15;94.47;A;4212.8;A;4214.67;A;46.24;A;26.81;A;17.34;A;18.48;A;58.36;A;32;A;12.99;A;73.99;A;1007.55;A;21;A;0;A;11;A;111;A;0.67;A;343.33;A
15.03.2025 08:30;94.43;A;4204.07;A;4204.33;A;42.85;A;26.37;A;17.03;A;18.8;A;56.71;A;35;A;13.09;A;72.57;A;1007.64;A;20;A;0;A;14;A;122;A;0.67;A;336.67;A
15.03.2025 08:45;94.37;A;4211.87;A;4213.67;A;44.9;A;26.09;A;17.12;A;18.98;A;55.69;A;36;A;13.31;A;71.36;A;1007.62;A;21;A;0;A;14;A;128;A;1.33;A;336.67;A
15.03.2025 09:00;94.41;A;4212.73;A;4214.53;A;44.71;A;27.01;A;18.16;A;19.16;A;54.6;A;37;A;13.7;A;69.35;A;1007.58;A;22;A;0;A;15;A;134;A;0.33;A;226.67;A
15.03.2025 09:15;94.43;A;4212.6;A;4214.27;A;45.74;A;27.78;A;17.73;A;19.45;A;53.63;A;38;A;14.02;A;67.61;A;1007.32;A;21;A;0;A;17;A;132;A;0.67;A;343.33;A
15.03.2025 09:30;94.44;A;4212.8;A;4214.4;A;42.51;A;25.49;A;16.93;A;19.74;A;52.37;A;38;A;14.38;A;65.6;A;1007.38;A;20;A;0;A;18;A;144;A;0;A;333.33;A
15.03.2025 09:45;94.45;A;4212.8;A;4214.27;A;43.08;A;25.4;A;16.56;A;20.03;A;51.53;A;37;A;14.62;A;65.16;A;1007.53;A;22;A;0;A;15;A;136;A;0.33;A;263.33;A
15.03.2025 10:00;94.32;A;4193.8;A;4192.87;A;39.39;A;23.83;A;15.65;A;20.37;A;50.56;A;39;A;15.11;A;63.26;A;1007.54;A;21;A;0;A;17;A;139;A;0.67;A;333.33;A
15.03.2025 10:15;94.32;A;4211.13;A;4213.53;A;37.81;A;21.31;A;14.33;A;20.84;A;49.83;A;38;A;15.83;A;61.24;A;1007.41;A;19;A;0;A;19;A;141;A;0.33;A;343.33;A
15.03.2025 10:30;94.37;A;4211.8;A;4213.67;A;34.46;A;19.2;A;12.42;A;21.51;A;48.56;A;38;A;16.41;A;59.76;A;1007.21;A;24;A;0;A;14;A;125;A;1.33;A;346.67;A
15.03.2025 10:45;94.41;A;4212.13;A;4214.8;A;34.7;A;18.38;A;11.97;A;22.13;A;47.89;A;36;A;16.95;A;59.34;A;1007.03;A;23;A;0;A;14;A;133;A;0;A;76.67;A
15.03.2025 11:00;94.43;A;4212.8;A;4215.07;A;35.59;A;18.42;A;12.01;A;22.71;A;47.24;A;35;A;17.28;A;58.47;A;1006.95;A;22;A;0;A;13;A;131;A;0.33;A;180;A
15.03.2025 11:15;94.44;A;4212.73;A;4214.6;A;33.81;A;17.85;A;11.75;A;23.23;A;46.52;A;36;A;17.73;A;57.78;A;1007.04;A;23;A;0;A;13;A;121;A;0.67;A;270;A
15.03.2025 11:30;94.45;A;4212.73;A;4214.67;A;34.86;A;18.6;A;11.9;A;23.64;A;46.3;A;35;A;18.35;A;56.86;A;1007.02;A;22;A;0;A;13;A;139;A;0;A;146.67;A
15.03.2025 11:45;94.46;A;4212.8;A;4214.67;A;34.73;A;18.66;A;11.55;A;24.22;A;45.48;A;35;A;19.08;A;55.1;A;1006.78;A;23;A;0;A;12;A;131;A;0;A;63.33;A
15.03.2025 12:00;94.46;A;4212.67;A;4215;A;33.21;A;17.47;A;10.92;A;24.92;A;44.33;A;36;A;19.69;A;54.16;A;1006.63;A;25;A;0;A;11;A;128;A;0.33;A;146.67;A
15.03.2025 12:15;94.46;A;4212.8;A;4215.2;A;32.99;A;16.82;A;10.16;A;25.57;A;43.27;A;35;A;20.17;A;52.6;A;1006.6;A;24;A;0;A;11;A;124;A;0;A;180;A
15.03.2025 12:30;94.42;A;4200.33;A;4200.4;A;30.21;A;16.11;A;9.95;A;26.17;A;42.37;A;35;A;20.71;A;52.21;A;1006.39;A;24;A;0;A;11;A;129;A;0;A;156.67;A
15.03.2025 12:45;94.34;A;4211.4;A;4214.47;A;31.54;A;15.69;A;9.76;A;26.66;A;41.52;A;35;A;21.24;A;51;A;1006.04;A;25;A;0;A;10;A;128;A;0;A;96.67;A
15.03.2025 13:00;94.39;A;4211.87;A;4214.67;A;28.84;A;14.53;A;9.38;A;27.2;A;40.52;A;36;A;21.8;A;49.22;A;1005.77;A;26;A;0;A;10;A;130;A;0.67;A;160;A
15.03.2025 13:15;94.41;A;4211.93;A;4214.67;A;29.88;A;14.71;A;9.28;A;27.66;A;39.68;A;35;A;22.25;A;48.1;A;1005.62;A;23;A;0;A;11;A;137;A;0;A;90;A
15.03.2025 13:30;94.43;A;4212.53;A;4214.6;A;26.24;A;13.76;A;8.52;A;28.08;A;37.96;A;36;A;22.47;A;46.21;A;1005.35;A;24;A;0;A;12;A;134;A;0;A;240;A
15.03.2025 13:45;94.44;A;4212.73;A;4215.13;A;26.3;A;14.7;A;9.32;A;28.39;A;36.85;A;37;A;22.67;A;45.35;A;1005.34;A;21;A;0;A;16;A;141;A;0;A;100;A
15.03.2025 14:00;94.45;A;4212.73;A;4215.2;A;26.48;A;13.96;A;8.59;A;28.66;A;36.62;A;36;A;22.89;A;45.25;A;1005.1;A;24;A;0;A;12;A;141;A;0.33;A;230;A
15.03.2025 14:15;94.45;A;4212.67;A;4214.6;A;28.67;A;14.47;A;9.04;A;28.9;A;36.84;A;34;A;23.14;A;45.72;A;1004.77;A;24;A;0;A;11;A;137;A;0.33;A;96.67;A
15.03.2025 14:30;94.46;A;4212.73;A;4215.27;A;30.96;A;16.37;A;10.2;A;29.08;A;36.61;A;36;A;23.12;A;45.83;A;1004.56;A;17;A;0;A;18;A;149;A;0.33;A;86.67;A
15.03.2025 14:45;94.46;A;4212.93;A;4215.33;A;31.79;A;15.75;A;10.42;A;29.17;A;36.17;A;34;A;23.17;A;44.61;A;1004.34;A;20;A;0;A;14;A;148;A;0;A;123.33;A
15.03.2025 15:00;94.46;A;4212.87;A;4215.27;A;28.68;A;14.6;A;9.37;A;29.23;A;35.27;A;34;A;23.15;A;43.71;A;1004.14;A;23;A;0;A;11;A;140;A;0.67;A;206.67;A
15.03.2025 15:15;94.46;A;4212.67;A;4215.2;A;32.57;A;15.97;A;9.83;A;29.25;A;35.2;A;34;A;23.14;A;43.93;A;1004.08;A;22;A;0;A;12;A;140;A;0;A;133.33;A
15.03.2025 15:30;94.38;A;4204.47;A;4206.07;A;29.9;A;14.35;A;8.86;A;29.24;A;34.56;A;34;A;23.21;A;42.82;A;1003.85;A;23;A;0;A;11;A;136;A;0;A;106.67;A
15.03.2025 15:45;94.39;A;4211.87;A;4214.6;A;28.89;A;13.78;A;8.76;A;29.24;A;33.85;A;34;A;23.21;A;41.98;A;1003.82;A;23;A;0;A;11;A;124;A;0;A;120;A
15.03.2025 16:00;94.42;A;4212;A;4215.07;A;29.2;A;15.1;A;9.45;A;29.21;A;34.22;A;33;A;23.07;A;43.04;A;1003.61;A;22;A;0;A;11;A;139;A;0;A;90;A
15.03.2025 16:15;94.44;A;4212.6;A;4214.73;A;35.59;A;16.71;A;9.74;A;29.07;A;35.21;A;32;A;22.62;A;44.81;A;1003.59;A;22;A;0;A;10;A;124;A;0;A;53.33;A
15.03.2025 16:30;94.45;A;4212.6;A;4214.93;A;31.21;A;15.41;A;9.25;A;28.76;A;34.89;A;32;A;22.18;A;44.42;A;1003.72;A;23;A;0;A;9;A;118;A;0;A;80;A
15.03.2025 16:45;94.45;A;4212.87;A;4215.47;A;31.38;A;15.59;A;9.32;A;28.36;A;34.72;A;31;A;21.76;A;43.86;A;1003.72;A;23;A;0;A;9;A;121;A;0;A;123.33;A
15.03.2025 17:00;94.45;A;4212.87;A;4214.87;A;29.92;A;15.01;A;9.27;A;27.97;A;33.71;A;33;A;21.4;A;43.05;A;1003.59;A;24;A;0;A;9;A;109;A;0;A;166.67;A
15.03.2025 17:15;94.46;A;4212.73;A;4214.87;A;30.99;A;14.89;A;9.13;A;27.59;A;34.34;A;32;A;21.07;A;43.57;A;1003.58;A;23;A;0;A;9;A;112;A;0.33;A;80;A
15.03.2025 17:30;94.46;A;4212.8;A;4214.8;A;32.47;A;15.64;A;9.54;A;27.22;A;35.29;A;32;A;20.69;A;45.44;A;1003.62;A;22;A;0;A;9;A;113;A;0.33;A;260;A
15.03.2025 17:45;94.46;A;4212.73;A;4215.33;A;34.91;A;16.67;A;10.21;A;26.84;A;36.15;A;31;A;20.31;A;46.13;A;1003.68;A;23;A;0;A;9;A;110;A;0.33;A;123.33;A
15.03.2025 18:00;94.39;A;4203.6;A;4204.53;A;36.59;A;17.2;A;10.63;A;26.45;A;36.38;A;32;A;19.91;A;46.89;A;1003.51;A;24;A;0;A;8;A;105;A;0;A;346.67;A
15.03.2025 18:15;94.38;A;4211.8;A;4214.27;A;34.25;A;17.46;A;11.03;A;26.05;A;37.62;A;32;A;19.41;A;49.21;A;1003.53;A;24;A;0;A;8;A;108;A;0.33;A;226.67;A
15.03.2025 18:30;94.41;A;4212.07;A;4214.67;A;37.2;A;19.11;A;11.98;A;25.59;A;39.18;A;31;A;18.91;A;51.45;A;1003.78;A;22;A;0;A;9;A;135;A;0;A;100;A
15.03.2025 18:45;94.43;A;4212.73;A;4214.6;A;42.27;A;21.45;A;13.85;A;25.12;A;40.36;A;31;A;18.42;A;52.77;A;1003.96;A;23;A;0;A;8;A;153;A;0;A;100;A
15.03.2025 19:00;94.45;A;4213;A;4215;A;42.72;A;23.09;A;15.18;A;24.64;A;41.09;A;32;A;17.98;A;53.73;A;1004.47;A;25;A;0;A;7;A;160;A;0;A;126.67;A
15.03.2025 19:15;94.45;A;4212.8;A;4214.47;A;45.81;A;25.55;A;16.45;A;24.16;A;42.51;A;31;A;17.31;A;56.33;A;1005.03;A;23;A;0;A;8;A;206;A;0.33;A;123.33;A
15.03.2025 19:30;94.46;A;4212.8;A;4214.8;A;44.51;A;24.15;A;15.62;A;23.6;A;43.82;A;29;A;16.73;A;58.19;A;1005.16;A;21;A;0;A;8;A;256;A;0.33;A;90;A
15.03.2025 19:45;94.46;A;4212.8;A;4214.93;A;39.63;A;22.09;A;14.31;A;23.01;A;45.15;A;29;A;16.11;A;60.2;A;1005.13;A;23;A;0;A;6;A;144;A;0;A;270;A
15.03.2025 20:00;94.38;A;4201.93;A;4202.73;A;45.21;A;24.46;A;15.61;A;22.38;A;46.57;A;28;A;15.65;A;61.83;A;1005.21;A;22;A;0;A;6;A;156;A;0;A;123.33;A
15.03.2025 20:15;94.38;A;4211.8;A;4214.07;A;44.59;A;23.51;A;15.17;A;21.78;A;47.65;A;28;A;15.22;A;63.34;A;1005.09;A;22;A;0;A;6;A;153;A;0.33;A;273.33;A
15.03.2025 20:30;94.41;A;4212.33;A;4214.07;A;61.08;A;35.58;A;22.82;A;21.32;A;48.72;A;28;A;14.89;A;64.5;A;1005.06;A;21;A;0;A;6;A;183;A;0.33;A;160;A
15.03.2025 20:45;94.43;A;4212.8;A;4214.6;A;56;A;33.3;A;21.12;A;20.92;A;49.79;A;26;A;14.52;A;65.94;A;1005.15;A;19;A;1;A;7;A;171;A;0.33;A;263.33;A
15.03.2025 21:00;94.45;A;4213;A;4215;A;53.04;A;29.24;A;18.72;A;20.58;A;50.67;A;26;A;14.25;A;66.72;A;1005.03;A;17;A;0;A;9;A;169;A;0;A;143.33;A
15.03.2025 21:15;94.45;A;4212.73;A;4214.8;A;54.89;A;30.23;A;18.88;A;20.28;A;51.55;A;27;A;14.19;A;67.25;A;1005.11;A;12;A;0;A;15;A;190;A;0;A;256.67;A
15.03.2025 21:30;94.39;A;4192.33;A;4191.4;A;49.06;A;27.16;A;17.21;A;20.05;A;52.11;A;27;A;13.95;A;67.81;A;1004.99;A;14;A;0;A;13;A;149;A;0;A;200;A
15.03.2025 21:45;94.17;A;4196.4;A;4197.13;A;56.88;A;30.92;A;20;A;19.83;A;52.78;A;27;A;13.65;A;68.98;A;1004.98;A;10;A;0;A;17;A;182;A;0.33;A;133.33;A
15.03.2025 22:00;94.25;A;4210.47;A;4213.07;A;58.84;A;33.27;A;21.21;A;19.56;A;53.5;A;26;A;13.35;A;70.09;A;1004.9;A;10;A;0;A;16;A;233;A;0.33;A;250;A
15.03.2025 22:15;94.33;A;4211.53;A;4213.73;A;53.69;A;30.12;A;19.37;A;19.3;A;53.98;A;25;A;13.12;A;70.6;A;1005.02;A;12;A;0;A;13;A;180;A;0;A;256.67;A
15.03.2025 22:30;94.38;A;4211.87;A;4214.13;A;54.94;A;31.37;A;19.96;A;19.06;A;54.57;A;26;A;12.89;A;71.6;A;1005.29;A;10;A;0;A;15;A;191;A;0;A;153.33;A
15.03.2025 22:45;94.41;A;4212.53;A;4214.07;A;58.02;A;33.64;A;21.06;A;18.84;A;55.2;A;25;A;12.74;A;72.28;A;1005.56;A;13;A;0;A;12;A;176;A;0.67;A;263.33;A
15.03.2025 23:00;94.43;A;4213;A;4214.93;A;61.65;A;35.94;A;22.99;A;18.64;A;55.96;A;24;A;12.61;A;72.91;A;1005.21;A;14;A;0;A;10;A;175;A;0;A;206.67;A
15.03.2025 23:15;94.45;A;4212.73;A;4214.53;A;58.69;A;34.47;A;21.8;A;18.54;A;56.35;A;24;A;12.58;A;73.18;A;1004.4;A;15;A;0;A;9;A;224;A;0.33;A;203.33;A
15.03.2025 23:30;94.45;A;4212.8;A;4214.27;A;58.8;A;35.1;A;23.1;A;18.46;A;56.91;A;23;A;12.48;A;73.87;A;1004.2;A;12;A;1;A;11;A;210;A;0.33;A;190;A
15.03.2025 23:45;94.46;A;4212.87;A;4214.33;A;60.37;A;34.29;A;22.13;A;18.35;A;57.05;A;22;A;12.28;A;74.6;A;1004.24;A;14;A;1;A;8;A;196;A;0;A;86.67;A
16.03.2025 00:00;94.47;A;4212.8;A;4214.73;A;60.02;A;35.65;A;23.18;A;18.22;A;57.34;A;21;A;12.22;A;74.53;A;1004.91;A;14;A;1;A;7;A;230;A;0;A;266.67;A
16.03.2025 00:15;94.43;A;4205.53;A;4205.93;A;50.2;A;29.81;A;19.04;A;18.04;A;56.91;A;22;A;11.87;A;74.59;A;1005.96;A;17;A;1;A;5;A;150;A;0;A;243.33;A
16.03.2025 00:30;94.39;A;4211.93;A;4213.73;A;50.28;A;29;A;18.96;A;17.79;A;57.34;A;20;A;11.67;A;75.21;A;1006.01;A;14;A;1;A;6;A;137;A;0;A;70;A
16.03.2025 00:45;94.42;A;4212.73;A;4214.33;A;53.39;A;35.1;A;23.95;A;17.61;A;57.56;A;16;A;11.49;A;75.34;A;1005.75;A;11;A;2;A;5;A;181;A;0.33;A;173.33;A
16.03.2025 01:00;94.44;A;4212.93;A;4214.67;A;58;A;41.17;A;28.4;A;17.4;A;57.92;A;14;A;11.38;A;76.05;A;1005.63;A;8;A;3;A;6;A;217;A;0;A;216.67;A
16.03.2025 01:15;94.4;A;4197.87;A;4197.13;A;45.82;A;34.36;A;24.18;A;17.26;A;58.62;A;13;A;11.29;A;76.34;A;1005.46;A;7;A;3;A;6;A;204;A;0;A;203.33;A
16.03.2025 01:30;94.23;A;4201.93;A;4202.87;A;44.78;A;35.03;A;24.59;A;17.13;A;58.59;A;13;A;11.07;A;76.64;A;1004.9;A;7;A;3;A;6;A;206;A;0;A;60;A
16.03.2025 01:45;94.31;A;4211.27;A;4213.33;A;48.4;A;39.32;A;27.78;A;16.97;A;58.68;A;13;A;10.93;A;76.86;A;1004.81;A;7;A;3;A;6;A;198;A;0;A;143.33;A
16.03.2025 02:00;94.37;A;4211.87;A;4213.6;A;55.44;A;41.84;A;28.66;A;16.78;A;58.91;A;13;A;10.71;A;76.95;A;1004.3;A;7;A;4;A;6;A;200;A;0;A;66.67;A
16.03.2025 02:15;94.41;A;4212.33;A;4213.93;A;50.49;A;38.81;A;27.09;A;16.57;A;59.23;A;14;A;10.63;A;77.52;A;1004.24;A;6;A;3;A;7;A;204;A;0.33;A;106.67;A
16.03.2025 02:30;94.43;A;4212.73;A;4214.2;A;41.64;A;32.36;A;23.76;A;16.46;A;59.81;A;13;A;10.59;A;77.91;A;1004.57;A;5;A;3;A;8;A;201;A;0;A;266.67;A
16.03.2025 02:45;94.45;A;4212.87;A;4214.07;A;40.36;A;30.15;A;23.75;A;16.41;A;59.65;A;12;A;10.53;A;77.25;A;1004.53;A;5;A;3;A;7;A;206;A;0.67;A;136.67;A
16.03.2025 03:00;94.31;A;4182.27;A;4179.93;A;42.09;A;34.26;A;24.31;A;16.26;A;59.16;A;12;A;10.33;A;77.49;A;1004.1;A;6;A;3;A;7;A;182;A;1;A;133.33;A
16.03.2025 03:15;94.2;A;4209.73;A;4211.93;A;62.24;A;50.72;A;35.54;A;16.06;A;58.84;A;12;A;10.08;A;77.36;A;1003.89;A;4;A;4;A;8;A;178;A;0.33;A;130;A
16.03.2025 03:30;94.3;A;4211.07;A;4213;A;70.3;A;56.36;A;38.75;A;15.83;A;58.92;A;12;A;9.89;A;77.39;A;1003.75;A;4;A;4;A;8;A;177;A;0;A;80;A
16.03.2025 03:45;94.36;A;4211.87;A;4213.33;A;44.2;A;34.68;A;24.65;A;15.63;A;58.89;A;11;A;9.76;A;77.45;A;1003.56;A;5;A;4;A;6;A;177;A;0;A;113.33;A
16.03.2025 04:00;94.4;A;4212.4;A;4213.93;A;37.97;A;30.34;A;21.64;A;15.47;A;59.25;A;11;A;9.66;A;77.54;A;1003.48;A;5;A;4;A;6;A;174;A;0;A;126.67;A
16.03.2025 04:15;94.43;A;4212.87;A;4214;A;37.33;A;29.14;A;21.84;A;15.41;A;59.71;A;10;A;9.63;A;78.32;A;1003.26;A;4;A;4;A;6;A;181;A;0.33;A;330;A
16.03.2025 04:30;94.44;A;4212.8;A;4213.87;A;38.96;A;26.97;A;23.76;A;15.49;A;60.01;A;11;A;9.7;A;78.84;A;1002.9;A;2;A;4;A;10;A;186;A;0;A;133.33;A
16.03.2025 04:45;94.45;A;4212.73;A;4213.93;A;41.99;A;29.87;A;25.1;A;15.8;A;59.92;A;12;A;9.89;A;79.02;A;1002.95;A;0;A;3;A;12;A;199;A;0.33;A;130;A
16.03.2025 05:00;94.46;A;4213;A;4214.93;A;46.3;A;32.01;A;28.19;A;15.77;A;59.99;A;13;A;9.9;A;78.89;A;1003.66;A;0;A;3;A;14;A;225;A;0.33;A;263.33;A
16.03.2025 05:15;94.47;A;4212.87;A;4214.27;A;44.07;A;31.9;A;26.33;A;15.81;A;59.8;A;11;A;9.89;A;78.38;A;1003.83;A;2;A;4;A;9;A;228;A;0.67;A;130;A
16.03.2025 05:30;94.47;A;4212.87;A;4214.2;A;52.66;A;41.18;A;28.31;A;15.58;A;59.25;A;10;A;9.62;A;77.59;A;1004.02;A;2;A;5;A;8;A;191;A;0.33;A;190;A
16.03.2025 05:45;94.47;A;4212.87;A;4214.13;A;36.45;A;29.68;A;20.87;A;15.37;A;58.53;A;10;A;9.35;A;77.46;A;1004.14;A;3;A;5;A;6;A;178;A;0.33;A;206.67;A
16.03.2025 06:00;94.46;A;4208;A;4208.87;A;34.61;A;27.45;A;19.66;A;15.15;A;58.82;A;10;A;9.16;A;77.99;A;1004;A;3;A;5;A;7;A;176;A;0.67;A;103.33;A
16.03.2025 06:15;94.28;A;4191.53;A;4189.87;A;31.67;A;26.49;A;18.9;A;14.91;A;59.58;A;10;A;9.05;A;78.49;A;1003.78;A;3;A;4;A;6;A;178;A;1;A;136.67;A
16.03.2025 06:30;94.29;A;4210.87;A;4212.33;A;30.17;A;24.38;A;18.34;A;14.76;A;59.82;A;9;A;8.91;A;78.26;A;1003.57;A;4;A;5;A;6;A;164;A;0.67;A;123.33;A
16.03.2025 06:45;94.36;A;4211.8;A;4213.8;A;31.31;A;24.71;A;18.33;A;14.58;A;59.78;A;10;A;8.66;A;78.93;A;1003.18;A;5;A;4;A;6;A;157;A;0.67;A;103.33;A
16.03.2025 07:00;94.4;A;4212.53;A;4214.07;A;34.79;A;28.21;A;20.9;A;14.41;A;59.84;A;10;A;8.51;A;78.87;A;1002.91;A;4;A;4;A;6;A;157;A;1;A;123.33;A
16.03.2025 07:15;94.43;A;4212.8;A;4213.73;A;42.19;A;29.57;A;25.43;A;14.29;A;60;A;10;A;8.43;A;79.12;A;1003.13;A;5;A;4;A;5;A;149;A;0.67;A;116.67;A
16.03.2025 07:30;94.44;A;4212.8;A;4214;A;47.38;A;33.13;A;28.66;A;14.27;A;60.01;A;10;A;8.45;A;79.06;A;1003.66;A;5;A;3;A;5;A;150;A;0.33;A;116.67;A
16.03.2025 07:45;94.45;A;4212.8;A;4214;A;55;A;37.98;A;33.45;A;14.39;A;60.02;A;10;A;8.6;A;79.18;A;1003.51;A;4;A;4;A;6;A;158;A;1.33;A;130;A
16.03.2025 08:00;94.46;A;4212.8;A;4214.27;A;65.4;A;45.32;A;39.14;A;14.58;A;59.95;A;10;A;8.82;A;78.69;A;1003.76;A;5;A;3;A;5;A;162;A;0;A;116.67;A
16.03.2025 08:15;94.47;A;4212.8;A;4214.13;A;70.16;A;49.06;A;40.99;A;14.72;A;59.97;A;11;A;9.01;A;78.25;A;1003.9;A;5;A;3;A;5;A;162;A;0.33;A;103.33;A
16.03.2025 08:30;94.47;A;4208.13;A;4208.6;A;71.85;A;50.55;A;42.25;A;14.74;A;59.99;A;11;A;9.16;A;78.07;A;1003.88;A;6;A;3;A;5;A;161;A;0.33;A;96.67;A
16.03.2025 08:45;94.26;A;4186.4;A;4182.93;A;108.52;A;79.61;A;52.15;A;14.91;A;59.67;A;11;A;9.51;A;76.59;A;1003.8;A;5;A;3;A;6;A;162;A;0.33;A;156.67;A
16.03.2025 09:00;94.23;A;4210.4;A;4212.93;A;117.23;A;85.3;A;56.75;A;15.23;A;59.08;A;11;A;9.91;A;75.19;A;1003.64;A;3;A;2;A;8;A;179;A;0.33;A;120;A
16.03.2025 09:15;94.32;A;4211.27;A;4212.93;A;107.35;A;80.41;A;53.08;A;15.61;A;57.92;A;12;A;10.47;A;73.31;A;1003.59;A;4;A;3;A;7;A;172;A;0;A;110;A
16.03.2025 09:30;94.38;A;4211.8;A;4213.07;A;97.53;A;72.24;A;47.76;A;16.27;A;56.37;A;11;A;11.03;A;71.35;A;1003.41;A;5;A;2;A;6;A;176;A;0;A;110;A
16.03.2025 09:45;94.41;A;4212.27;A;4213.93;A;100.85;A;77.61;A;52.84;A;16.97;A;54.57;A;13;A;11.56;A;69.08;A;1003.6;A;4;A;2;A;9;A;179;A;0;A;73.33;A
16.03.2025 10:00;94.43;A;4212.8;A;4214.4;A;72.57;A;56.98;A;39.04;A;17.55;A;52.88;A;12;A;11.95;A;67.2;A;1004.02;A;5;A;2;A;6;A;188;A;0;A;86.67;A
16.03.2025 10:15;94.45;A;4212.87;A;4214.2;A;61.25;A;49.71;A;34.45;A;17.98;A;50.98;A;12;A;11.88;A;66.71;A;1003.94;A;7;A;2;A;6;A;185;A;1;A;93.33;A
16.03.2025 10:30;94.46;A;4212.73;A;4214.47;A;56.34;A;46.01;A;31.78;A;17.98;A;50.4;A;14;A;11.43;A;67.94;A;1004.03;A;6;A;3;A;8;A;181;A;1.33;A;130;A
16.03.2025 10:45;94.46;A;4213;A;4215.53;A;52.35;A;43.58;A;30.18;A;17.75;A;50.97;A;13;A;11.51;A;67.51;A;1003.98;A;6;A;4;A;7;A;196;A;0.33;A;110;A
16.03.2025 11:00;94.36;A;4187.67;A;4186.8;A;45.59;A;38.29;A;26.35;A;17.72;A;50.71;A;12;A;11.85;A;65.92;A;1003.7;A;7;A;2;A;5;A;188;A;1.33;A;130;A
16.03.2025 11:15;94.2;A;4205.2;A;4205.93;A;37.96;A;31.37;A;22.58;A;17.93;A;49.96;A;12;A;12.24;A;63.94;A;1003.74;A;7;A;3;A;5;A;182;A;0.33;A;63.33;A
16.03.2025 11:30;94.29;A;4210.8;A;4213.2;A;33.3;A;27.91;A;19.82;A;18.38;A;48.64;A;13;A;12.76;A;61.79;A;1003.63;A;8;A;2;A;5;A;244;A;0.67;A;93.33;A
16.03.2025 11:45;94.36;A;4211.67;A;4213.53;A;28.64;A;22.46;A;16.42;A;18.88;A;47.37;A;13;A;12.99;A;61.02;A;1003.72;A;8;A;2;A;6;A;187;A;0.67;A;113.33;A
16.03.2025 12:00;94.4;A;4211.87;A;4214;A;26.55;A;21.3;A;15.24;A;19.17;A;46.57;A;15;A;12.87;A;61.21;A;1003.73;A;9;A;3;A;6;A;179;A;0;A;76.67;A
16.03.2025 12:15;94.42;A;4212.6;A;4214.67;A;21.06;A;17.31;A;12.44;A;19.22;A;46.26;A;14;A;12.89;A;61.15;A;1003.72;A;8;A;3;A;6;A;177;A;0.67;A;130;A
16.03.2025 12:30;94.44;A;4212.8;A;4214.6;A;15.62;A;11.8;A;8.48;A;19.2;A;45.96;A;14;A;12.69;A;61.34;A;1003.7;A;8;A;2;A;6;A;176;A;0.33;A;90;A
16.03.2025 12:45;94.45;A;4212.87;A;4214.8;A;11.52;A;8.44;A;6.13;A;19.03;A;46.14;A;16;A;12.58;A;61.33;A;1003.57;A;9;A;3;A;7;A;178;A;0.33;A;126.67;A
16.03.2025 13:00;94.46;A;4212.8;A;4214.87;A;8.88;A;6.49;A;4.98;A;18.86;A;46.22;A;17;A;12.45;A;61.73;A;1003.92;A;10;A;2;A;6;A;163;A;0.67;A;193.33;A
16.03.2025 13:15;94.47;A;4212.73;A;4214.53;A;9.67;A;7.3;A;5.51;A;18.65;A;46.75;A;17;A;12.29;A;62.16;A;1003.82;A;11;A;2;A;6;A;161;A;0.67;A;123.33;A
16.03.2025 13:30;94.47;A;4212.87;A;4214.47;A;11.76;A;8.59;A;6.38;A;18.47;A;47.26;A;17;A;12.18;A;62.57;A;1003.65;A;10;A;2;A;7;A;162;A;0.33;A;116.67;A
16.03.2025 13:45;94.44;A;4200.73;A;4200.67;A;13.64;A;9.68;A;7.15;A;18.29;A;47.46;A;16;A;11.98;A;62.75;A;1003.6;A;10;A;2;A;6;A;171;A;0.33;A;120;A
16.03.2025 14:00;94.22;A;4193.33;A;4193.07;A;13.28;A;10.55;A;7.93;A;18.14;A;47.54;A;17;A;11.81;A;62.81;A;1003.7;A;10;A;2;A;7;A;159;A;1;A;130;A
16.03.2025 14:15;94.26;A;4210.53;A;4212.6;A;10.59;A;9.05;A;7;A;17.92;A;47.86;A;17;A;11.6;A;63.69;A;1003.62;A;11;A;2;A;7;A;201;A;0.33;A;123.33;A
16.03.2025 14:30;94.34;A;4211.53;A;4212.93;A;9.53;A;7.41;A;5.31;A;17.76;A;48.5;A;16;A;11.55;A;64;A;1003.65;A;11;A;2;A;5;A;154;A;0;A;96.67;A
16.03.2025 14:45;94.39;A;4212.07;A;4214.67;A;11.29;A;7.94;A;5.64;A;17.63;A;48.72;A;17;A;11.37;A;64.54;A;1003.73;A;11;A;2;A;6;A;159;A;1;A;126.67;A
16.03.2025 15:00;94.42;A;4212.67;A;4214.2;A;10.19;A;8.06;A;5.84;A;17.41;A;48.92;A;17;A;11.06;A;65.27;A;1004;A;11;A;2;A;6;A;162;A;1;A;126.67;A
16.03.2025 15:15;94.44;A;4212.73;A;4213.87;A;14.18;A;10.33;A;7.18;A;17.11;A;49.52;A;17;A;10.67;A;66.46;A;1004.28;A;11;A;2;A;6;A;167;A;0.67;A;120;A
16.03.2025 15:30;94.45;A;4212.6;A;4213.87;A;14.26;A;10.76;A;7.32;A;16.72;A;50.12;A;16;A;10.2;A;67.72;A;1004.36;A;10;A;3;A;6;A;154;A;0.33;A;116.67;A
16.03.2025 15:45;94.46;A;4212.8;A;4214.07;A;14.83;A;11.98;A;8.55;A;16.24;A;50.87;A;16;A;9.77;A;68.8;A;1004.15;A;10;A;3;A;6;A;165;A;0;A;93.33;A
16.03.2025 16:00;94.47;A;4212.8;A;4214.4;A;20.98;A;16.52;A;11.37;A;15.74;A;51.61;A;16;A;9.35;A;69.69;A;1004.18;A;10;A;3;A;6;A;194;A;0.33;A;103.33;A
16.03.2025 16:15;94.47;A;4211.33;A;4212.33;A;17.62;A;14.23;A;9.7;A;15.35;A;52.62;A;16;A;9.07;A;70.68;A;1004.14;A;10;A;2;A;6;A;158;A;1;A;120;A
16.03.2025 16:30;94.29;A;4185.53;A;4183.2;A;16.24;A;13.27;A;9.06;A;15.01;A;53.5;A;16;A;8.82;A;71.65;A;1003.91;A;10;A;3;A;5;A;156;A;0.67;A;126.67;A
16.03.2025 16:45;94.23;A;4210.47;A;4212.6;A;15.3;A;12.45;A;8.61;A;14.68;A;53.88;A;16;A;8.47;A;72.29;A;1004.07;A;11;A;2;A;5;A;149;A;1;A;126.67;A
16.03.2025 17:00;94.32;A;4211.47;A;4213.07;A;16.6;A;13.9;A;9.65;A;14.34;A;54.95;A;16;A;8.26;A;73.48;A;1004.16;A;10;A;3;A;6;A;160;A;0.67;A;116.67;A
16.03.2025 17:15;94.38;A;4211.87;A;4213.47;A;16.46;A;12.34;A;8.47;A;14.06;A;55.5;A;15;A;7.96;A;74.15;A;1003.8;A;10;A;2;A;5;A;153;A;0;A;100;A
16.03.2025 17:30;94.41;A;4212.73;A;4213.8;A;16.63;A;13.66;A;9.56;A;13.8;A;55.82;A;16;A;7.8;A;74.05;A;1003.81;A;10;A;2;A;6;A;157;A;0;A;83.33;A
16.03.2025 17:45;94.44;A;4212.8;A;4214.2;A;36.44;A;28.85;A;20;A;13.61;A;56.61;A;17;A;7.64;A;75.62;A;1003.6;A;8;A;2;A;8;A;178;A;0;A;110;A
16.03.2025 18:00;94.45;A;4212.8;A;4213.93;A;35.57;A;27.23;A;18.8;A;13.43;A;58.54;A;16;A;7.42;A;77.84;A;1003.48;A;8;A;2;A;8;A;170;A;0;A;93.33;A
16.03.2025 18:15;94.46;A;4212.8;A;4213.27;A;20.5;A;15.77;A;12.18;A;13.27;A;59.96;A;16;A;7.28;A;79.94;A;1003.57;A;9;A;3;A;7;A;170;A;0.33;A;110;A
16.03.2025 18:30;94.47;A;4212.8;A;4213.8;A;20.85;A;14.55;A;12.81;A;13.49;A;59.96;A;15;A;7.16;A;81.18;A;1003.82;A;9;A;2;A;6;A;176;A;0.33;A;123.33;A
16.03.2025 18:45;94.47;A;4213;A;4214.33;A;38.35;A;26.55;A;23.39;A;13.51;A;59.94;A;15;A;7.09;A;81.68;A;1004.16;A;8;A;2;A;7;A;171;A;0.33;A;96.67;A
16.03.2025 19:00;94.47;A;4212.87;A;4213.87;A;28.9;A;20.55;A;17.72;A;13.42;A;59.98;A;15;A;6.99;A;81.62;A;1004.06;A;8;A;2;A;7;A;170;A;0.33;A;130;A
16.03.2025 19:15;94.47;A;4212.73;A;4213.87;A;24.2;A;16.85;A;14.84;A;13.49;A;59.95;A;16;A;6.88;A;82.55;A;1003.85;A;9;A;2;A;6;A;166;A;0.33;A;120;A
16.03.2025 19:30;94.47;A;4212.87;A;4214.2;A;50.44;A;35.51;A;30.7;A;13.37;A;60.03;A;16;A;6.81;A;82.35;A;1003.73;A;9;A;2;A;7;A;166;A;0.33;A;113.33;A
16.03.2025 19:45;94.47;A;4212.8;A;4213.67;A;48.76;A;33.73;A;29.46;A;13.49;A;59.98;A;15;A;6.77;A;83.16;A;1003.55;A;8;A;2;A;7;A;166;A;1;A;90;A
16.03.2025 20:00;94.47;A;4212.93;A;4214.07;A;37.15;A;25.73;A;22.66;A;13.48;A;59.98;A;16;A;6.76;A;83.79;A;1003.67;A;10;A;2;A;6;A;172;A;0;A;66.67;A
16.03.2025 20:15;94.47;A;4212.87;A;4214.13;A;39.6;A;27.41;A;24.14;A;13.35;A;60.1;A;16;A;6.76;A;83.27;A;1003.51;A;9;A;2;A;6;A;162;A;1;A;130;A
16.03.2025 20:30;94.47;A;4212.93;A;4214.33;A;41.42;A;28.66;A;25.24;A;13.37;A;60.02;A;15;A;6.75;A;83.13;A;1003.56;A;9;A;2;A;6;A;171;A;0.67;A;100;A
16.03.2025 20:45;94.47;A;4212.87;A;4214.07;A;49.76;A;34.38;A;30.28;A;13.37;A;59.95;A;15;A;6.8;A;82.93;A;1003.56;A;8;A;2;A;7;A;172;A;0.67;A;130;A
16.03.2025 21:00;94.47;A;4212.87;A;4214.27;A;46.04;A;31.83;A;28.03;A;13.27;A;59.97;A;16;A;6.76;A;82.46;A;1003.75;A;8;A;2;A;7;A;169;A;0.33;A;116.67;A
16.03.2025 21:15;94.47;A;4212.87;A;4213.87;A;57.62;A;39.78;A;35.03;A;13.26;A;59.99;A;16;A;6.73;A;82.75;A;1003.7;A;9;A;2;A;7;A;156;A;0.33;A;123.33;A
16.03.2025 21:30;94.47;A;4208.27;A;4208.27;A;58.69;A;40.51;A;35.68;A;13.26;A;59.93;A;16;A;6.66;A;83.26;A;1003.93;A;10;A;2;A;6;A;154;A;0.33;A;160;A
16.03.2025 21:45;94.3;A;4193.73;A;4191.33;A;58.94;A;40.68;A;35.83;A;13.25;A;59.97;A;16;A;6.6;A;83.42;A;1003.91;A;10;A;2;A;6;A;152;A;0.33;A;123.33;A
16.03.2025 22:00;94.32;A;4211.53;A;4212.67;A;57.43;A;39.64;A;34.92;A;13.16;A;60.14;A;16;A;6.56;A;83.92;A;1003.87;A;11;A;2;A;6;A;148;A;0.67;A;203.33;A
16.03.2025 22:15;94.37;A;4212.07;A;4212.93;A;54.53;A;37.65;A;33.16;A;13.11;A;59.99;A;16;A;6.48;A;82.96;A;1004.04;A;11;A;2;A;5;A;142;A;0.33;A;130;A
16.03.2025 22:30;94.41;A;4212.8;A;4213.2;A;54.82;A;37.85;A;33.34;A;13.13;A;60.04;A;17;A;6.48;A;84.18;A;1004.01;A;12;A;2;A;5;A;142;A;0;A;130;A
16.03.2025 22:45;94.43;A;4213;A;4213.87;A;59.44;A;41.02;A;36.13;A;13.55;A;60.04;A;17;A;6.3;A;86.68;A;1003.85;A;11;A;2;A;5;A;148;A;0.33;A;156.67;A
16.03.2025 23:00;94.44;A;4212.8;A;4213.53;A;55.51;A;38.33;A;33.75;A;13.47;A;60.03;A;16;A;6.16;A;86.96;A;1003.87;A;11;A;2;A;5;A;138;A;1;A;123.33;A
16.03.2025 23:15;94.45;A;4212.73;A;4213.33;A;53.21;A;36.75;A;32.36;A;13.52;A;59.95;A;16;A;6.05;A;87.29;A;1003.97;A;11;A;2;A;5;A;140;A;0.67;A;130;A
16.03.2025 23:30;94.46;A;4212.8;A;4213.33;A;48.77;A;33.7;A;29.68;A;13.56;A;60.06;A;16;A;6.03;A;88.21;A;1003.88;A;11;A;2;A;5;A;138;A;0.33;A;116.67;A
16.03.2025 23:45;94.46;A;4212.87;A;4214;A;44.89;A;31.04;A;27.34;A;13.41;A;60.07;A;17;A;5.88;A;88.01;A;1003.72;A;12;A;2;A;5;A;136;A;0.33;A;50;A
17.03.2025 00:00;94.47;A;4212.87;A;4213.87;A;44.39;A;30.7;A;27.04;A;13.47;A;59.93;A;16;A;5.84;A;88.32;A;1003.56;A;11;A;2;A;5;A;135;A;0.33;A;126.67;A
17.03.2025 00:15;94.47;A;4212.87;A;4213.73;A;45.54;A;31.49;A;27.73;A;13.21;A;59.96;A;17;A;5.8;A;87.95;A;1003.32;A;12;A;2;A;5;A;130;A;0;A;106.67;A
17.03.2025 00:30;94.47;A;4213;A;4213.8;A;45.56;A;31.5;A;27.74;A;13.22;A;60;A;17;A;5.74;A;88.03;A;1003.1;A;11;A;2;A;5;A;133;A;0.33;A;123.33;A
17.03.2025 00:45;94.47;A;4212.93;A;4213.87;A;46.92;A;32.44;A;28.57;A;13.31;A;59.93;A;16;A;5.75;A;87.9;A;1003.05;A;11;A;2;A;5;A;132;A;0;A;110;A
17.03.2025 01:00;94.47;A;4212.93;A;4213.53;A;55.43;A;38.27;A;33.71;A;13.09;A;59.97;A;17;A;5.69;A;87.25;A;1003.04;A;11;A;2;A;5;A;137;A;0.67;A;126.67;A
17.03.2025 01:15;94.47;A;4213.07;A;4213.93;A;59.05;A;40.75;A;35.89;A;12.87;A;59.94;A;17;A;5.69;A;86.86;A;1003.15;A;12;A;1;A;5;A;134;A;0;A;130;A
17.03.2025 01:30;94.47;A;4213;A;4213.73;A;47.39;A;32.75;A;28.85;A;12.75;A;60.06;A;17;A;5.65;A;86.55;A;1003.06;A;13;A;1;A;5;A;126;A;0;A;120;A
17.03.2025 01:45;94.47;A;4212.93;A;4213.73;A;41.04;A;28.4;A;25.01;A;12.74;A;60.02;A;17;A;5.59;A;86.44;A;1002.99;A;13;A;2;A;4;A;128;A;0.67;A;136.67;A
17.03.2025 02:00;94.47;A;4213.07;A;4213.67;A;37.7;A;26.11;A;23;A;12.56;A;60.1;A;17;A;5.51;A;85.8;A;1003;A;13;A;1;A;4;A;123;A;0.67;A;120;A
17.03.2025 02:15;94.47;A;4213.2;A;4213.53;A;35.38;A;24.52;A;21.59;A;12.55;A;59.86;A;17;A;5.46;A;86.11;A;1003.03;A;13;A;2;A;4;A;123;A;0.67;A;130;A
17.03.2025 02:30;94.47;A;4213.07;A;4213.47;A;37.75;A;26.14;A;23.02;A;12.34;A;59.92;A;18;A;5.46;A;85.6;A;1002.77;A;13;A;1;A;4;A;122;A;0.33;A;130;A
17.03.2025 02:45;94.46;A;4213.13;A;4214.13;A;38.33;A;26.54;A;23.37;A;12.31;A;60.01;A;18;A;5.37;A;85.03;A;1002.67;A;14;A;1;A;4;A;123;A;0.33;A;113.33;A
17.03.2025 03:00;94.46;A;4213;A;4213.73;A;36.44;A;25.24;A;22.23;A;12.19;A;59.99;A;18;A;5.35;A;85.41;A;1002.59;A;14;A;2;A;4;A;122;A;0;A;116.67;A
17.03.2025 03:15;94.46;A;4212.87;A;4213.6;A;33.66;A;23.33;A;20.55;A;12.14;A;60.01;A;19;A;5.32;A;85.07;A;1002.64;A;14;A;1;A;4;A;122;A;0.33;A;146.67;A
17.03.2025 03:30;94.46;A;4212.93;A;4213.8;A;31.75;A;22.03;A;19.4;A;12.09;A;59.91;A;18;A;5.3;A;84.54;A;1002.81;A;14;A;1;A;4;A;118;A;0;A;116.67;A
17.03.2025 03:45;94.45;A;4208.07;A;4207.73;A;32.9;A;22.81;A;20.09;A;11.98;A;59.97;A;19;A;5.27;A;84.51;A;1002.7;A;15;A;1;A;4;A;120;A;0.33;A;90;A
17.03.2025 04:00;94.27;A;4194.4;A;4192.4;A;34.93;A;24.21;A;21.32;A;11.98;A;60.06;A;19;A;5.22;A;84.56;A;1002.58;A;14;A;1;A;4;A;125;A;0;A;130;A
17.03.2025 04:15;94.29;A;4211.27;A;4212.07;A;36.69;A;25.41;A;22.38;A;12.03;A;60.02;A;19;A;5.21;A;85.1;A;1002.57;A;14;A;1;A;4;A;125;A;0.33;A;133.33;A
17.03.2025 04:30;94.35;A;4211.93;A;4212.8;A;34.63;A;24;A;21.14;A;12.09;A;60.04;A;18;A;5.23;A;84.92;A;1002.65;A;13;A;2;A;4;A;119;A;0;A;193.33;A
17.03.2025 04:45;94.39;A;4213;A;4213.8;A;31.7;A;21.99;A;19.37;A;11.94;A;59.94;A;18;A;5.18;A;84.48;A;1002.61;A;14;A;1;A;3;A;115;A;0.33;A;126.67;A
17.03.2025 05:00;94.41;A;4212.8;A;4213.33;A;30.87;A;21.42;A;18.87;A;11.83;A;59.92;A;18;A;5.14;A;83.99;A;1002.58;A;15;A;1;A;4;A;113;A;0;A;136.67;A
17.03.2025 05:15;94.43;A;4212.8;A;4213.73;A;30.46;A;21.22;A;18.41;A;11.66;A;60.03;A;19;A;5.08;A;83.98;A;1002.3;A;15;A;1;A;4;A;112;A;0.33;A;133.33;A
17.03.2025 05:30;94.44;A;4212.8;A;4213.47;A;29.27;A;20.32;A;17.9;A;11.63;A;59.96;A;19;A;5.06;A;83.98;A;1002.16;A;15;A;1;A;4;A;115;A;0.67;A;133.33;A
17.03.2025 05:45;94.45;A;4212.87;A;4213.67;A;28.17;A;19.57;A;17.23;A;11.56;A;60.04;A;19;A;5.03;A;83.99;A;1002.29;A;15;A;1;A;4;A;114;A;0.67;A;130;A
17.03.2025 06:00;94.45;A;4212.93;A;4213.4;A;28.52;A;19.81;A;17.45;A;11.77;A;59.96;A;18;A;5.03;A;84.66;A;1002.37;A;14;A;1;A;5;A;125;A;0;A;126.67;A
17.03.2025 06:15;94.45;A;4213.07;A;4213.6;A;27.51;A;19.12;A;16.84;A;11.62;A;60.12;A;18;A;4.93;A;84.77;A;1002.22;A;14;A;1;A;4;A;119;A;0;A;143.33;A
17.03.2025 06:30;94.45;A;4213;A;4213.53;A;26.47;A;18.41;A;16.21;A;11.67;A;60.05;A;18;A;4.95;A;84.66;A;1002.25;A;14;A;1;A;4;A;133;A;0.67;A;113.33;A
17.03.2025 06:45;94.45;A;4213.27;A;4213.93;A;26.42;A;18.37;A;16.18;A;11.71;A;60.06;A;19;A;4.94;A;85.04;A;1002.35;A;13;A;1;A;6;A;131;A;0.33;A;86.67;A
17.03.2025 07:00;94.46;A;4213.2;A;4213.73;A;27.47;A;19.09;A;16.82;A;11.81;A;59.95;A;18;A;5;A;85.1;A;1002.37;A;14;A;1;A;5;A;138;A;0.33;A;123.33;A
17.03.2025 07:15;94.45;A;4213;A;4213.53;A;28.57;A;19.84;A;17.48;A;11.75;A;59.98;A;20;A;4.94;A;85.02;A;1002.43;A;13;A;1;A;6;A;137;A;1;A;130;A
17.03.2025 07:30;94.45;A;4212.87;A;4213.13;A;29.45;A;20.45;A;18.01;A;11.71;A;59.95;A;20;A;4.96;A;85.3;A;1002.39;A;13;A;1;A;7;A;141;A;0.33;A;130;A
17.03.2025 07:45;94.45;A;4213.13;A;4213.6;A;31.33;A;21.74;A;19.15;A;11.9;A;59.89;A;20;A;5.13;A;84.78;A;1002.31;A;13;A;1;A;7;A;143;A;0;A;116.67;A
17.03.2025 08:00;94.45;A;4209.67;A;4209.47;A;31.6;A;21.92;A;19.31;A;11.76;A;60.01;A;21;A;5.16;A;84.42;A;1002.56;A;13;A;1;A;7;A;149;A;0.67;A;133.33;A
17.03.2025 08:15;94.28;A;4192.93;A;4190.33;A;33.65;A;23.7;A;20.28;A;11.93;A;59.89;A;20;A;5.25;A;84.07;A;1002.81;A;13;A;1;A;7;A;152;A;0;A;160;A
17.03.2025 08:30;94.28;A;4211.33;A;4212.27;A;31.51;A;21.86;A;19.26;A;11.66;A;60.19;A;21;A;5.31;A;83.3;A;1002.86;A;14;A;1;A;7;A;154;A;0.67;A;130;A
17.03.2025 08:45;94.35;A;4211.93;A;4212.8;A;32.12;A;22.28;A;19.62;A;11.87;A;60.03;A;21;A;5.34;A;83.89;A;1002.94;A;14;A;1;A;7;A;155;A;0.33;A;86.67;A
17.03.2025 09:00;94.39;A;4212.93;A;4213.47;A;30.3;A;21.03;A;18.53;A;12.05;A;60.04;A;22;A;5.46;A;84.15;A;1002.97;A;13;A;1;A;9;A;157;A;0.33;A;130;A
17.03.2025 09:15;94.41;A;4212.73;A;4213.07;A;26.82;A;19.57;A;15.99;A;11.97;A;59.78;A;22;A;5.52;A;82.86;A;1002.8;A;15;A;1;A;6;A;147;A;0.67;A;126.67;A
17.03.2025 09:30;94.42;A;4212.87;A;4213.6;A;24.86;A;17.3;A;15.24;A;12.11;A;60.03;A;22;A;5.54;A;83.89;A;1002.9;A;16;A;0;A;6;A;148;A;0.33;A;103.33;A
17.03.2025 09:45;94.43;A;4212.87;A;4213.67;A;24.4;A;16.98;A;14.96;A;12.16;A;60.03;A;22;A;5.61;A;84.68;A;1002.78;A;17;A;1;A;6;A;148;A;0.33;A;113.33;A
17.03.2025 10:00;94.44;A;4212.8;A;4213.87;A;25.02;A;17.41;A;15.34;A;12.34;A;60.01;A;23;A;5.58;A;84.84;A;1002.75;A;16;A;1;A;7;A;197;A;0;A;200;A
17.03.2025 10:15;94.44;A;4212.87;A;4213.8;A;23.1;A;16.09;A;14.18;A;12.59;A;59.98;A;22;A;5.87;A;84.18;A;1002.85;A;16;A;0;A;6;A;147;A;0;A;83.33;A
17.03.2025 10:30;94.45;A;4212.87;A;4213.6;A;24.74;A;17.58;A;15.25;A;12.46;A;59.7;A;22;A;5.95;A;83.21;A;1002.98;A;18;A;0;A;5;A;225;A;0.33;A;93.33;A
17.03.2025 10:45;94.45;A;4212.87;A;4213.8;A;24.54;A;17.08;A;15.04;A;12.43;A;60.09;A;24;A;6.14;A;83.93;A;1002.86;A;19;A;0;A;6;A;134;A;0;A;100;A
17.03.2025 11:00;94.45;A;4212.93;A;4213.93;A;26.18;A;18.38;A;16;A;12.89;A;59.99;A;24;A;6.36;A;83.2;A;1002.93;A;18;A;0;A;7;A;139;A;0;A;123.33;A
17.03.2025 11:15;94.45;A;4212.93;A;4214.27;A;24.27;A;16.9;A;14.88;A;12.81;A;60.25;A;24;A;6.45;A;82.81;A;1002.9;A;17;A;0;A;7;A;131;A;0;A;123.33;A
17.03.2025 11:30;94.45;A;4212.93;A;4214.07;A;28.42;A;21.64;A;17.45;A;13.09;A;59.75;A;25;A;6.69;A;83.06;A;1003.02;A;17;A;0;A;7;A;159;A;0;A;143.33;A
17.03.2025 11:45;94.45;A;4212.93;A;4214;A;19.87;A;14.61;A;11.83;A;13.17;A;59.51;A;25;A;6.9;A;81.26;A;1002.98;A;19;A;0;A;6;A;136;A;0;A;130;A
17.03.2025 12:00;94.45;A;4212.87;A;4213.73;A;22.38;A;16.48;A;13.5;A;13.05;A;59.61;A;27;A;7.18;A;80.17;A;1002.89;A;20;A;0;A;7;A;150;A;0;A;226.67;A
17.03.2025 12:15;94.37;A;4201.53;A;4200.73;A;15.95;A;12.64;A;9.85;A;13.02;A;59.08;A;26;A;7.29;A;78.29;A;1002.81;A;22;A;0;A;4;A;130;A;0;A;130;A
17.03.2025 12:30;94.35;A;4211.87;A;4213.53;A;17.98;A;14.9;A;11.03;A;12.98;A;58.79;A;27;A;7.24;A;78.15;A;1002.88;A;21;A;0;A;7;A;162;A;0;A;116.67;A
17.03.2025 12:45;94.39;A;4212.67;A;4213.53;A;19.19;A;15.21;A;11.49;A;13.06;A;59.26;A;26;A;7.54;A;78.05;A;1002.84;A;22;A;0;A;4;A;139;A;0.33;A;200;A
17.03.2025 13:00;94.41;A;4213;A;4214.07;A;13.92;A;11.93;A;8.14;A;13.25;A;57.7;A;28;A;7.93;A;73.77;A;1002.76;A;23;A;0;A;5;A;143;A;0.33;A;266.67;A
17.03.2025 13:15;94.39;A;4198.27;A;4197;A;16.55;A;14.13;A;10.17;A;13.61;A;56.37;A;27;A;8.32;A;72.5;A;1002.59;A;23;A;0;A;4;A;139;A;0;A;103.33;A
17.03.2025 13:30;94.23;A;4202.27;A;4202.2;A;17.58;A;14.43;A;10.16;A;13.92;A;55.38;A;28;A;8.13;A;73.18;A;1002.77;A;21;A;0;A;7;A;239;A;0.33;A;273.33;A
17.03.2025 13:45;94.3;A;4211.27;A;4212.8;A;18.01;A;14.72;A;10.5;A;13.85;A;54.38;A;28;A;7.93;A;72.75;A;1002.74;A;23;A;0;A;6;A;133;A;0;A;130;A
17.03.2025 14:00;94.35;A;4211.87;A;4213.53;A;20.79;A;17.07;A;12.35;A;13.82;A;54.13;A;29;A;8.32;A;71.13;A;1002.36;A;22;A;0;A;7;A;273;A;0;A;126.67;A
17.03.2025 14:15;94.39;A;4212.6;A;4213.53;A;18.88;A;14.77;A;10.47;A;14.04;A;52.19;A;28;A;8.78;A;66.22;A;1002.1;A;24;A;0;A;4;A;145;A;0;A;200;A
17.03.2025 14:30;94.41;A;4212.8;A;4214;A;19.48;A;16.36;A;12.01;A;14.36;A;48.76;A;31;A;9.03;A;63.01;A;1002.35;A;25;A;0;A;6;A;133;A;0.33;A;160;A
17.03.2025 14:45;94.42;A;4212.87;A;4214.33;A;21.66;A;17.74;A;12.83;A;14.61;A;47.79;A;30;A;9.25;A;61.7;A;1002.06;A;24;A;0;A;6;A;167;A;0.33;A;190;A
17.03.2025 15:00;94.43;A;4213;A;4214.93;A;16;A;13.08;A;9.75;A;14.83;A;46.19;A;31;A;9.42;A;58.02;A;1002.09;A;25;A;0;A;5;A;119;A;0.33;A;93.33;A
17.03.2025 15:15;94.44;A;4212.73;A;4214.47;A;12.72;A;10.35;A;7.49;A;14.99;A;43.76;A;32;A;9.53;A;56.04;A;1002.05;A;26;A;0;A;6;A;108;A;0;A;146.67;A
17.03.2025 15:30;94.44;A;4212.87;A;4214.13;A;11.83;A;9.54;A;6.76;A;15.1;A;43.22;A;33;A;9.6;A;56.07;A;1002.21;A;25;A;0;A;7;A;120;A;0;A;190;A
17.03.2025 15:45;94.44;A;4212.73;A;4214.47;A;10.96;A;8.68;A;6.76;A;15.18;A;42.04;A;32;A;9.65;A;54.04;A;1002.27;A;26;A;0;A;6;A;128;A;0;A;113.33;A
17.03.2025 16:00;94.33;A;4194.73;A;4194.4;A;8.92;A;7.66;A;5.4;A;15.24;A;41.18;A;32;A;9.66;A;50.97;A;1002.56;A;27;A;0;A;6;A;105;A;0;A;96.67;A
17.03.2025 16:15;94.31;A;4211.47;A;4213.2;A;9.88;A;7.86;A;5.47;A;15.25;A;40.63;A;33;A;9.56;A;52.63;A;1002.64;A;26;A;0;A;7;A;128;A;0.67;A;136.67;A
17.03.2025 16:30;94.36;A;4211.87;A;4213.47;A;9.4;A;7.45;A;5.4;A;15.21;A;39.98;A;33;A;9.52;A;51.23;A;1002.8;A;26;A;0;A;6;A;116;A;0.33;A;133.33;A
17.03.2025 16:45;94.39;A;4212.93;A;4214.13;A;9.29;A;7.07;A;5.27;A;15.15;A;39.77;A;33;A;9.49;A;49.32;A;1002.63;A;25;A;0;A;8;A;124;A;0.33;A;146.67;A
17.03.2025 17:00;94.41;A;4212.8;A;4214.07;A;10.82;A;8.06;A;5.33;A;15.09;A;39.73;A;32;A;9.34;A;51.75;A;1002.63;A;25;A;0;A;7;A;113;A;0;A;133.33;A
17.03.2025 17:15;94.42;A;4212.87;A;4214;A;11.66;A;8.81;A;6.53;A;14.99;A;40.39;A;32;A;9.23;A;52.27;A;1002.78;A;24;A;0;A;7;A;129;A;0.33;A;136.67;A
17.03.2025 17:30;94.38;A;4196.07;A;4194.4;A;11.56;A;8.58;A;6.08;A;14.89;A;41.07;A;32;A;9.08;A;53.2;A;1002.79;A;23;A;0;A;9;A;144;A;0;A;143.33;A
17.03.2025 17:45;94.16;A;4196.4;A;4196.67;A;14.51;A;11.19;A;7.73;A;14.74;A;40.68;A;32;A;8.96;A;52.03;A;1002.77;A;22;A;0;A;10;A;180;A;0;A;156.67;A
17.03.2025 18:00;94.24;A;4210.67;A;4212.33;A;15.9;A;12.47;A;9;A;14.59;A;42.1;A;31;A;8.71;A;54.7;A;1002.7;A;16;A;0;A;15;A;212;A;0;A;153.33;A
17.03.2025 18:15;94.31;A;4211.87;A;4213.2;A;17.18;A;13.25;A;9.57;A;14.42;A;42.03;A;32;A;8.69;A;54.5;A;1002.91;A;17;A;0;A;15;A;232;A;0;A;180;A
17.03.2025 18:30;94.36;A;4212.13;A;4213.6;A;18.15;A;14.01;A;10.36;A;14.3;A;43.02;A;29;A;8.56;A;56.05;A;1003.12;A;14;A;0;A;15;A;265;A;0;A;146.67;A
17.03.2025 18:45;94.39;A;4213;A;4214.27;A;17.41;A;13.47;A;9.87;A;14.18;A;43.73;A;30;A;8.47;A;56.77;A;1003.29;A;11;A;0;A;19;A;294;A;0;A;136.67;A
17.03.2025 19:00;94.41;A;4212.8;A;4213.8;A;24.92;A;18.68;A;13.55;A;14.1;A;44.01;A;30;A;8.37;A;56.06;A;1003.68;A;8;A;0;A;22;A;441;A;0;A;136.67;A
17.03.2025 19:15;94.42;A;4212.8;A;4214.2;A;16.2;A;12.89;A;9.23;A;14.02;A;40.57;A;31;A;8.26;A;50.77;A;1004.14;A;19;A;0;A;12;A;330;A;0;A;120;A
17.03.2025 19:30;94.43;A;4212.93;A;4213.93;A;15.76;A;11.84;A;8.38;A;13.82;A;39.47;A;33;A;7.94;A;51.4;A;1004.15;A;22;A;0;A;11;A;169;A;0.33;A;86.67;A
17.03.2025 19:45;94.44;A;4212.8;A;4213.93;A;16.07;A;12.2;A;8.61;A;13.61;A;39.5;A;32;A;7.72;A;51.16;A;1004.35;A;24;A;0;A;9;A;153;A;0;A;73.33;A
17.03.2025 20:00;94.44;A;4212.87;A;4214.2;A;16.65;A;13.14;A;9.31;A;13.42;A;40.05;A;32;A;7.58;A;51.76;A;1004.64;A;22;A;0;A;10;A;163;A;0;A;116.67;A
17.03.2025 20:15;94.44;A;4207.93;A;4208.27;A;18.68;A;14.27;A;10.18;A;13.22;A;40.72;A;31;A;7.46;A;53.39;A;1004.66;A;22;A;0;A;8;A;165;A;0.33;A;133.33;A
17.03.2025 20:30;94.23;A;4185.93;A;4183.4;A;20.9;A;16.29;A;11.71;A;13.09;A;40.64;A;32;A;7.35;A;52.57;A;1004.64;A;22;A;0;A;10;A;198;A;0;A;103.33;A
17.03.2025 20:45;94.2;A;4210.6;A;4212.53;A;25.5;A;19.25;A;13.61;A;12.94;A;41.22;A;31;A;7.2;A;53.06;A;1004.66;A;21;A;0;A;10;A;306;A;0.33;A;136.67;A
17.03.2025 21:00;94.29;A;4211.53;A;4212.87;A;29.51;A;21.92;A;15.6;A;12.78;A;42.88;A;30;A;7.13;A;55.9;A;1004.99;A;20;A;0;A;10;A;196;A;0;A;153.33;A
17.03.2025 21:15;94.35;A;4211.87;A;4213.67;A;20.88;A;16.6;A;12.05;A;12.69;A;43.14;A;31;A;7.04;A;56.11;A;1005.17;A;20;A;0;A;10;A;164;A;0;A;200;A
17.03.2025 21:30;94.38;A;4212.73;A;4213.53;A;21.82;A;17.05;A;12.63;A;12.62;A;44.09;A;30;A;6.95;A;57.85;A;1005.41;A;20;A;0;A;10;A;177;A;0;A;196.67;A
17.03.2025 21:45;94.4;A;4212.8;A;4213.67;A;27.34;A;22.28;A;15.48;A;12.5;A;45.22;A;29;A;6.78;A;60.34;A;1005.35;A;18;A;0;A;11;A;192;A;0;A;176.67;A
17.03.2025 22:00;94.42;A;4212.8;A;4214.13;A;30.17;A;23.07;A;16.3;A;12.4;A;45.64;A;28;A;6.69;A;59.43;A;1005.24;A;19;A;0;A;9;A;184;A;0.33;A;130;A
17.03.2025 22:15;94.43;A;4212.73;A;4213.67;A;28.7;A;22.42;A;16.17;A;12.33;A;45.54;A;28;A;6.63;A;59.8;A;1005.22;A;18;A;0;A;11;A;176;A;0;A;140;A
17.03.2025 22:30;94.44;A;4212.87;A;4213.93;A;36.26;A;28.54;A;20.41;A;12.23;A;46.19;A;26;A;6.5;A;60.5;A;1005.22;A;17;A;0;A;9;A;178;A;0;A;236.67;A
17.03.2025 22:45;94.41;A;4201;A;4199.6;A;35.16;A;28.36;A;19.84;A;12.13;A;47.08;A;26;A;6.4;A;61.6;A;1005.37;A;16;A;0;A;10;A;187;A;0;A;243.33;A
17.03.2025 23:00;94.28;A;4207;A;4207.73;A;27.98;A;21.01;A;15.49;A;12.03;A;46.8;A;26;A;6.3;A;60.48;A;1005.51;A;17;A;0;A;8;A;174;A;0;A;190;A
17.03.2025 23:15;94.34;A;4211.93;A;4213;A;21.39;A;17.49;A;12.27;A;11.96;A;44.99;A;28;A;6.35;A;57.62;A;1005.72;A;22;A;0;A;6;A;143;A;0.33;A;120;A
17.03.2025 23:30;94.38;A;4212.8;A;4213;A;18.39;A;14.25;A;10.14;A;11.86;A;45.45;A;28;A;6.12;A;59.8;A;1005.77;A;22;A;0;A;6;A;123;A;0.33;A;130;A
17.03.2025 23:45;94.4;A;4212.8;A;4213.53;A;17.86;A;14.07;A;9.82;A;11.73;A;47.58;A;27;A;5.93;A;63.51;A;1005.88;A;21;A;0;A;6;A;123;A;0.33;A;126.67;A
18.03.2025 00:00;94.42;A;4212.73;A;4213.4;A;20.37;A;16.79;A;11.95;A;11.6;A;50.02;A;25;A;5.81;A;66.6;A;1005.96;A;19;A;0;A;5;A;133;A;0.33;A;126.67;A
18.03.2025 00:15;94.43;A;4212.8;A;4213.27;A;21.86;A;17.55;A;13;A;11.44;A;51.72;A;24;A;5.61;A;68.93;A;1006.09;A;19;A;1;A;5;A;135;A;0.33;A;123.33;A
18.03.2025 00:30;94.27;A;4184.13;A;4179.87;A;21.66;A;17.53;A;12.61;A;11.26;A;52.71;A;23;A;5.44;A;69.84;A;1006.16;A;19;A;1;A;4;A;129;A;0.33;A;90;A
18.03.2025 00:45;94.19;A;4210.53;A;4211.87;A;20.27;A;17.44;A;12.44;A;11.08;A;53.31;A;23;A;5.25;A;70.63;A;1006.28;A;19;A;1;A;4;A;126;A;0.67;A;93.33;A
18.03.2025 01:00;94.29;A;4211.53;A;4212.53;A;18.36;A;15.07;A;11.27;A;10.87;A;53.96;A;23;A;5.03;A;71.11;A;1006.44;A;19;A;1;A;4;A;119;A;0.33;A;113.33;A
18.03.2025 01:15;94.34;A;4212.27;A;4212.93;A;17.58;A;14.58;A;10.42;A;10.64;A;54.16;A;23;A;4.66;A;72.44;A;1006.55;A;19;A;1;A;4;A;110;A;0.67;A;93.33;A
18.03.2025 01:30;94.38;A;4212.8;A;4213;A;17.61;A;14.31;A;10.53;A;10.34;A;55.08;A;22;A;4.29;A;73.98;A;1006.84;A;18;A;1;A;4;A;112;A;0;A;110;A
18.03.2025 01:45;94.4;A;4212.8;A;4213.13;A;15.04;A;12.16;A;9.01;A;10;A;55.8;A;21;A;3.92;A;75.29;A;1007.02;A;17;A;1;A;4;A;106;A;0.67;A;126.67;A
18.03.2025 02:00;94.33;A;4197.13;A;4194.87;A;12.01;A;9.73;A;7.34;A;9.67;A;56.59;A;21;A;3.73;A;75.68;A;1007.07;A;17;A;1;A;4;A;99;A;0.67;A;106.67;A
18.03.2025 02:15;94.3;A;4211.67;A;4212.47;A;10.59;A;8.16;A;5.97;A;9.4;A;56.56;A;22;A;3.49;A;75.31;A;1007.09;A;18;A;1;A;3;A;92;A;0.67;A;110;A
18.03.2025 02:30;94.35;A;4212.33;A;4212.8;A;8.35;A;6.67;A;4.77;A;9.14;A;56.81;A;22;A;3.38;A;75.31;A;1006.95;A;19;A;1;A;4;A;88;A;0.67;A;120;A
18.03.2025 02:45;94.39;A;4213;A;4213.8;A;5.53;A;4.59;A;3.59;A;9.01;A;56.81;A;22;A;3.25;A;74.67;A;1006.98;A;19;A;0;A;3;A;87;A;0.33;A;110;A
18.03.2025 03:00;94.41;A;4212.67;A;4212.67;A;4.34;A;3.86;A;2.73;A;8.85;A;56.13;A;23;A;2.99;A;74.43;A;1007.21;A;20;A;0;A;3;A;82;A;0.67;A;116.67;A
18.03.2025 03:15;94.42;A;4213.07;A;4212.8;A;4.76;A;3.56;A;2.62;A;8.59;A;56.19;A;24;A;2.68;A;75.26;A;1007.4;A;20;A;0;A;4;A;79;A;0.67;A;96.67;A
18.03.2025 03:30;94.37;A;4204.87;A;4204.13;A;4.06;A;3.51;A;2.63;A;8.34;A;56.71;A;23;A;2.57;A;75.21;A;1007.66;A;19;A;0;A;4;A;79;A;0;A;103.33;A
18.03.2025 03:45;94.38;A;4212.73;A;4212.73;A;3.8;A;2.91;A;2.1;A;8.21;A;56.33;A;24;A;2.47;A;74.03;A;1007.93;A;20;A;0;A;3;A;76;A;0.33;A;90;A
18.03.2025 04:00;94.4;A;4212.87;A;4213;A;2.98;A;2.47;A;1.86;A;8.08;A;55.52;A;24;A;2.36;A;73.72;A;1008.19;A;21;A;0;A;3;A;73;A;0.67;A;120;A
18.03.2025 04:15;94.42;A;4213.07;A;4213.2;A;3.04;A;2.69;A;2.02;A;7.95;A;55.87;A;24;A;2.32;A;73.7;A;1008.48;A;21;A;0;A;3;A;74;A;0.33;A;106.67;A
18.03.2025 04:30;94.38;A;4197.67;A;4195.07;A;3.09;A;2.56;A;1.93;A;7.9;A;55.76;A;24;A;2.25;A;73.29;A;1008.72;A;20;A;0;A;4;A;74;A;0.33;A;110;A
18.03.2025 04:45;94.29;A;4211.73;A;4212.33;A;3.27;A;2.42;A;1.88;A;7.81;A;55.63;A;24;A;2.09;A;73.84;A;1008.82;A;21;A;1;A;3;A;73;A;1.33;A;126.67;A
18.03.2025 05:00;94.35;A;4212.27;A;4211.8;A;4.32;A;3.28;A;2.32;A;7.68;A;55.58;A;24;A;1.95;A;73.35;A;1008.9;A;20;A;0;A;4;A;73;A;0.33;A;106.67;A
18.03.2025 05:15;94.38;A;4212.87;A;4212.87;A;3.81;A;3.16;A;2.17;A;7.55;A;55.54;A;24;A;1.84;A;73.66;A;1009.21;A;21;A;0;A;4;A;72;A;0;A;103.33;A
18.03.2025 05:30;94.41;A;4212.8;A;4212.87;A;3.06;A;2.45;A;1.78;A;7.44;A;55.33;A;24;A;1.73;A;73.03;A;1009.39;A;21;A;0;A;3;A;72;A;0.33;A;110;A
18.03.2025 05:45;94.42;A;4213;A;4213.13;A;4.09;A;2.83;A;2.02;A;7.33;A;55.33;A;24;A;1.64;A;73.2;A;1009.46;A;21;A;0;A;4;A;73;A;1;A;126.67;A
18.03.2025 06:00;94.43;A;4213.27;A;4213.27;A;4.05;A;2.52;A;1.79;A;7.24;A;55.24;A;24;A;1.53;A;72.53;A;1009.83;A;20;A;0;A;4;A;74;A;1;A;123.33;A
18.03.2025 06:15;94.44;A;4213.73;A;4213.13;A;3.54;A;2.51;A;1.69;A;7.12;A;54.75;A;25;A;1.37;A;72.2;A;1009.96;A;21;A;0;A;4;A;73;A;1;A;130;A
18.03.2025 06:30;94.36;A;4192.67;A;4189.47;A;3.3;A;2.46;A;1.72;A;6.99;A;54.33;A;25;A;1.27;A;71.9;A;1009.94;A;21;A;0;A;4;A;77;A;0.33;A;96.67;A
18.03.2025 06:45;94.26;A;4211.6;A;4212.4;A;3.43;A;2.5;A;1.76;A;6.87;A;54.28;A;25;A;1.14;A;71.8;A;1010.06;A;20;A;0;A;4;A;77;A;0.67;A;103.33;A
18.03.2025 07:00;94.33;A;4212.2;A;4212.47;A;3.35;A;2.3;A;1.61;A;6.76;A;54.04;A;25;A;1.1;A;71.42;A;1010.21;A;21;A;0;A;4;A;78;A;0.67;A;116.67;A
18.03.2025 07:15;94.37;A;4212.87;A;4212.47;A;4.92;A;2.88;A;1.93;A;6.68;A;53.92;A;25;A;1.05;A;71.3;A;1010.33;A;21;A;0;A;4;A;78;A;1;A;123.33;A
18.03.2025 07:30;94.4;A;4212.87;A;4213.07;A;5.64;A;3.6;A;2.37;A;6.65;A;54.11;A;25;A;1.11;A;71.22;A;1010.53;A;20;A;0;A;4;A;81;A;1;A;123.33;A
18.03.2025 07:45;94.42;A;4212.87;A;4213.07;A;4.73;A;3.17;A;2.25;A;6.66;A;53.77;A;25;A;1.06;A;70.42;A;1010.77;A;20;A;0;A;4;A;85;A;1;A;123.33;A
18.03.2025 08:00;94.43;A;4213.27;A;4213.27;A;4.65;A;3.19;A;2.23;A;6.64;A;53.48;A;25;A;1;A;70.58;A;1010.9;A;20;A;0;A;5;A;84;A;2;A;133.33;A
18.03.2025 08:15;94.41;A;4207.87;A;4206.33;A;5.19;A;3.29;A;2.2;A;6.6;A;53.13;A;25;A;1;A;69.69;A;1011.11;A;20;A;0;A;5;A;105;A;1.33;A;126.67;A
18.03.2025 08:30;94.39;A;4212.73;A;4212.53;A;4.41;A;3;A;2.21;A;6.59;A;50.99;A;26;A;1.06;A;65.66;A;1011.27;A;21;A;0;A;4;A;83;A;0.33;A;80;A
18.03.2025 08:45;94.41;A;4212.93;A;4213;A;4.88;A;3.41;A;2.3;A;6.62;A;49.16;A;26;A;1.09;A;63.72;A;1011.55;A;22;A;0;A;5;A;83;A;0.33;A;106.67;A
18.03.2025 09:00;94.42;A;4213;A;4212.93;A;5.99;A;3.36;A;2.44;A;6.65;A;48.56;A;27;A;1.12;A;63.59;A;1011.77;A;22;A;0;A;5;A;84;A;0.33;A;86.67;A
18.03.2025 09:15;94.42;A;4206.33;A;4204.67;A;5.23;A;4;A;2.7;A;6.71;A;48.22;A;27;A;1.16;A;63.33;A;1012.12;A;22;A;0;A;5;A;98;A;0.33;A;100;A
18.03.2025 09:30;94.28;A;4201.27;A;4200;A;4.99;A;3.55;A;2.37;A;6.73;A;47.72;A;26;A;1.12;A;62.87;A;1012.3;A;22;A;0;A;5;A;84;A;1;A;100;A
18.03.2025 09:45;94.33;A;4212.2;A;4212.07;A;6.01;A;3.96;A;2.82;A;6.74;A;48.34;A;26;A;1.16;A;63.54;A;1012.52;A;21;A;0;A;5;A;93;A;0.67;A;186.67;A
18.03.2025 10:00;94.37;A;4212.8;A;4212.8;A;6.28;A;4.54;A;3.14;A;6.74;A;47.95;A;26;A;1.03;A;63.1;A;1012.62;A;21;A;0;A;5;A;88;A;0.67;A;116.67;A
18.03.2025 10:15;94.4;A;4212.73;A;4212.33;A;5.97;A;4.43;A;2.98;A;6.71;A;47.96;A;26;A;1.03;A;62.72;A;1012.76;A;21;A;0;A;5;A;89;A;0.33;A;100;A
18.03.2025 10:30;94.42;A;4212.87;A;4212.93;A;5.34;A;3.63;A;2.65;A;6.7;A;47.45;A;26;A;1.13;A;62.52;A;1012.98;A;21;A;0;A;5;A;85;A;0.67;A;100;A
18.03.2025 10:45;94.43;A;4213.27;A;4213.27;A;7.02;A;4.68;A;3.16;A;6.73;A;47.77;A;26;A;1.18;A;62.82;A;1013.08;A;21;A;0;A;5;A;89;A;0.33;A;96.67;A
18.03.2025 11:00;94.4;A;4198.53;A;4196.27;A;5.87;A;4.18;A;3;A;6.8;A;48.31;A;26;A;1.27;A;63.27;A;1013.13;A;21;A;0;A;5;A;93;A;0.67;A;123.33;A
18.03.2025 11:15;94.24;A;4202;A;4201.33;A;7.54;A;4.66;A;3.15;A;6.9;A;47.27;A;27;A;1.38;A;60.76;A;1013.21;A;22;A;0;A;5;A;101;A;0.67;A;110;A
18.03.2025 11:30;94.31;A;4211.87;A;4212;A;7.59;A;4.66;A;3.43;A;6.97;A;46.35;A;27;A;1.5;A;60.81;A;1013.36;A;22;A;0;A;5;A;92;A;1;A;116.67;A
18.03.2025 11:45;94.36;A;4212.73;A;4212.33;A;8.46;A;5.29;A;3.51;A;7.06;A;47.05;A;27;A;1.59;A;61.7;A;1013.36;A;22;A;0;A;5;A;98;A;1;A;116.67;A
18.03.2025 12:00;94.39;A;4212.8;A;4212.87;A;8.04;A;5.21;A;3.41;A;7.14;A;46.5;A;28;A;1.64;A;60.94;A;1013.49;A;23;A;0;A;5;A;92;A;0.33;A;93.33;A
18.03.2025 12:15;94.41;A;4212.87;A;4212.47;A;7.08;A;4.85;A;3.22;A;7.25;A;45.9;A;28;A;1.86;A;58.21;A;1013.62;A;23;A;0;A;5;A;107;A;0.33;A;73.33;A
18.03.2025 12:30;94.43;A;4213;A;4213.2;A;9.31;A;4.79;A;3.01;A;7.45;A;44.48;A;29;A;2.32;A;56.12;A;1013.44;A;24;A;0;A;5;A;113;A;0;A;86.67;A
18.03.2025 12:45;94.43;A;4213.47;A;4213.53;A;10.15;A;5.01;A;2.95;A;7.82;A;42.4;A;29;A;2.89;A;52.55;A;1013.31;A;25;A;0;A;4;A;98;A;0.67;A;83.33;A
18.03.2025 13:00;94.44;A;4213.4;A;4213.4;A;9.7;A;4.66;A;3.12;A;8.24;A;40.79;A;30;A;3.09;A;49.84;A;1013.12;A;25;A;0;A;5;A;90;A;1;A;86.67;A
18.03.2025 13:15;94.37;A;4205.4;A;4203.87;A;7.1;A;3.72;A;2.37;A;8.57;A;38.82;A;31;A;3.37;A;48.14;A;1013.16;A;26;A;0;A;5;A;82;A;1;A;120;A
18.03.2025 13:30;94.39;A;4212.67;A;4212.8;A;9.25;A;5.07;A;3.02;A;8.84;A;37.8;A;31;A;3.6;A;47.27;A;1013.23;A;25;A;0;A;5;A;89;A;1;A;103.33;A
18.03.2025 13:45;94.42;A;4212.73;A;4212.8;A;8.07;A;4.44;A;2.8;A;9.07;A;36.48;A;30;A;3.77;A;45.05;A;1013.32;A;24;A;0;A;6;A;92;A;0.33;A;80;A
18.03.2025 14:00;94.43;A;4209.53;A;4209.47;A;11.11;A;5.5;A;3.24;A;9.28;A;35.22;A;30;A;3.88;A;43.79;A;1013.54;A;25;A;0;A;5;A;89;A;0.67;A;86.67;A
18.03.2025 14:15;94.25;A;4188.27;A;4184.93;A;20.71;A;7.84;A;3.93;A;9.42;A;34.11;A;31;A;4.05;A;41.66;A;1013.6;A;26;A;0;A;6;A;88;A;0.67;A;100;A
18.03.2025 14:30;94.23;A;4210.87;A;4211.87;A;20.71;A;8.53;A;4.59;A;9.56;A;33.53;A;33;A;4.17;A;40.91;A;1013.61;A;27;A;0;A;6;A;86;A;0.67;A;73.33;A
18.03.2025 14:45;94.31;A;4211.87;A;4212.8;A;19.98;A;8.44;A;4.87;A;9.66;A;32.42;A;32;A;4.27;A;39.33;A;1013.83;A;27;A;0;A;5;A;83;A;1.67;A;110;A
18.03.2025 15:00;94.36;A;4212.53;A;4212.8;A;12.41;A;4.89;A;2.98;A;9.73;A;29.92;A;32;A;4.47;A;35.51;A;1013.93;A;27;A;0;A;5;A;87;A;1;A;70;A
18.03.2025 15:15;94.39;A;4212.73;A;4212.93;A;18.76;A;7.27;A;4.17;A;9.86;A;28.14;A;33;A;4.54;A;33.42;A;1013.96;A;27;A;0;A;6;A;97;A;0.33;A;96.67;A
18.03.2025 15:30;94.41;A;4212.87;A;4213.47;A;11.07;A;4.72;A;2.74;A;9.94;A;27.56;A;33;A;4.61;A;32.39;A;1014.02;A;27;A;0;A;5;A;81;A;0.67;A;93.33;A
18.03.2025 15:45;94.43;A;4212.87;A;4213.4;A;9.51;A;3.89;A;2.29;A;9.99;A;26.73;A;33;A;4.62;A;31.85;A;1014.23;A;27;A;0;A;6;A;88;A;0.33;A;106.67;A
18.03.2025 16:00;94.43;A;4212.87;A;4213.53;A;11.87;A;4.15;A;2.46;A;10.01;A;26.17;A;33;A;4.54;A;30.8;A;1014.41;A;27;A;0;A;5;A;83;A;1;A;123.33;A
18.03.2025 16:15;94.36;A;4195.33;A;4193.07;A;6.73;A;3.14;A;1.99;A;9.96;A;26.29;A;34;A;4.38;A;32.19;A;1014.36;A;28;A;0;A;6;A;88;A;1;A;113.33;A
18.03.2025 16:30;94.28;A;4211.6;A;4212.53;A;5.13;A;2.72;A;1.79;A;9.86;A;26.6;A;33;A;4.28;A;31.78;A;1014.65;A;27;A;0;A;6;A;84;A;0;A;86.67;A
18.03.2025 16:45;94.35;A;4212.13;A;4212.53;A;5.61;A;2.99;A;2.03;A;9.78;A;26.45;A;33;A;4.33;A;31.76;A;1014.73;A;27;A;0;A;6;A;96;A;0.33;A;90;A
18.03.2025 17:00;94.38;A;4212.8;A;4213.13;A;4.89;A;3.05;A;1.94;A;9.72;A;26.47;A;33;A;4.15;A;32.29;A;1014.91;A;26;A;0;A;6;A;88;A;1;A;120;A
18.03.2025 17:15;94.41;A;4212.73;A;4213.13;A;6.24;A;3.68;A;2.4;A;9.61;A;26.5;A;33;A;4;A;31.91;A;1015.22;A;26;A;0;A;6;A;116;A;1;A;116.67;A
18.03.2025 17:30;94.42;A;4213.07;A;4213.47;A;5.12;A;3.26;A;2.28;A;9.47;A;26.29;A;33;A;3.85;A;32.17;A;1015.49;A;26;A;0;A;6;A;93;A;0.67;A;120;A
18.03.2025 17:45;94.37;A;4199.73;A;4198.2;A;8.75;A;5.25;A;3.63;A;9.31;A;26.59;A;32;A;3.65;A;32.55;A;1015.8;A;26;A;0;A;6;A;91;A;0.67;A;90;A
18.03.2025 18:00;94.33;A;4212;A;4212.6;A;6.88;A;4.15;A;2.66;A;9.13;A;27.81;A;32;A;3.45;A;35.03;A;1016.01;A;25;A;0;A;7;A;94;A;0.67;A;100;A
18.03.2025 18:15;94.37;A;4212.93;A;4213;A;7.45;A;5.57;A;3.76;A;8.94;A;29.52;A;30;A;3.28;A;36.39;A;1016.24;A;23;A;0;A;7;A;116;A;0.33;A;70;A
18.03.2025 18:30;94.4;A;4212.87;A;4213.2;A;11.9;A;8.37;A;5.71;A;8.77;A;29.78;A;30;A;3.19;A;36.23;A;1016.54;A;22;A;0;A;8;A;140;A;0;A;120;A
18.03.2025 18:45;94.42;A;4212.87;A;4213.07;A;9.62;A;5.9;A;4.02;A;8.66;A;29.45;A;30;A;3.15;A;35.65;A;1016.69;A;23;A;0;A;7;A;102;A;0.67;A;126.67;A
18.03.2025 19:00;94.43;A;4213;A;4213.73;A;6.89;A;4.69;A;3.04;A;8.57;A;29.08;A;31;A;2.99;A;35.94;A;1016.76;A;23;A;0;A;7;A;110;A;0.67;A;126.67;A
18.03.2025 19:15;94.44;A;4213.53;A;4212.93;A;6.96;A;4.9;A;3.34;A;8.43;A;29.53;A;29;A;2.78;A;36.63;A;1016.95;A;22;A;0;A;7;A;131;A;0.33;A;126.67;A
18.03.2025 19:30;94.44;A;4213.67;A;4213.53;A;11.15;A;7.24;A;5.03;A;8.23;A;30.46;A;28;A;2.5;A;37.95;A;1017.05;A;21;A;0;A;7;A;139;A;0.33;A;123.33;A
18.03.2025 19:45;94.39;A;4202.47;A;4200.33;A;11.49;A;7.49;A;5.37;A;8.01;A;31.48;A;27;A;2.3;A;40.08;A;1017.25;A;22;A;0;A;5;A;128;A;0;A;106.67;A
18.03.2025 20:00;94.35;A;4212.33;A;4212.4;A;12.3;A;9.56;A;7.19;A;7.78;A;32.79;A;26;A;1.99;A;42.3;A;1017.36;A;19;A;0;A;7;A;154;A;0;A;276.67;A
18.03.2025 20:15;94.39;A;4213;A;4213.4;A;14.09;A;10.94;A;8.14;A;7.5;A;33.86;A;27;A;1.74;A;43.25;A;1017.65;A;14;A;0;A;12;A;178;A;0;A;273.33;A
18.03.2025 20:30;94.41;A;4209.27;A;4208.53;A;24.09;A;18.44;A;13.97;A;7.26;A;34.65;A;26;A;1.57;A;43.79;A;1017.76;A;16;A;0;A;11;A;240;A;0.33;A;170;A
18.03.2025 20:45;94.3;A;4203.4;A;4202.47;A;13.47;A;10.1;A;6.91;A;7.08;A;35.34;A;27;A;1.33;A;45.09;A;1017.93;A;20;A;0;A;7;A;184;A;1;A;350;A
18.03.2025 21:00;94.35;A;4212.53;A;4212.27;A;13.76;A;10.36;A;7.66;A;6.88;A;36.19;A;26;A;1.25;A;46;A;1017.96;A;18;A;0;A;8;A;196;A;0.67;A;350;A
18.03.2025 21:15;94.38;A;4212.8;A;4212.67;A;13.58;A;11.18;A;7.84;A;6.71;A;36.69;A;26;A;1.18;A;46.44;A;1018.12;A;19;A;0;A;7;A;166;A;0;A;176.67;A
18.03.2025 21:30;94.41;A;4212.87;A;4212.8;A;16.17;A;12.4;A;8.97;A;6.61;A;37.05;A;26;A;1.04;A;47.76;A;1018.29;A;18;A;0;A;8;A;222;A;0.67;A;350;A
18.03.2025 21:45;94.42;A;4213.2;A;4212.8;A;12.3;A;9.74;A;7.02;A;6.49;A;38.48;A;25;A;0.85;A;50.21;A;1018.24;A;18;A;0;A;7;A;182;A;1;A;346.67;A
18.03.2025 22:00;94.43;A;4208.2;A;4205.93;A;10.05;A;7.28;A;5.14;A;6.34;A;39.67;A;24;A;0.81;A;50.85;A;1018.29;A;17;A;0;A;7;A;173;A;0;A;220;A
18.03.2025 22:15;94.36;A;4212.67;A;4212.33;A;13.7;A;11.11;A;8.13;A;6.23;A;40.15;A;24;A;0.62;A;51.78;A;1018.45;A;17;A;0;A;7;A;172;A;0.67;A;340;A
18.03.2025 22:30;94.4;A;4212.8;A;4212.93;A;10.39;A;7.46;A;5.46;A;6.11;A;40.81;A;24;A;0.59;A;53.04;A;1018.55;A;17;A;0;A;7;A;192;A;0.33;A;350;A
18.03.2025 22:45;94.42;A;4212.8;A;4212.47;A;11.72;A;8.91;A;6.66;A;6.03;A;41.67;A;24;A;0.57;A;54.13;A;1018.59;A;16;A;0;A;8;A;213;A;0.67;A;343.33;A
18.03.2025 23:00;94.43;A;4211.6;A;4210.87;A;11.05;A;8.55;A;5.92;A;5.96;A;42.64;A;22;A;0.53;A;55.36;A;1018.6;A;17;A;1;A;5;A;151;A;0;A;326.67;A
18.03.2025 23:15;94.27;A;4193.13;A;4190;A;9.91;A;7.4;A;5.28;A;5.94;A;42.51;A;23;A;0.51;A;54.4;A;1018.6;A;18;A;1;A;6;A;171;A;1;A;350;A
18.03.2025 23:30;94.28;A;4211.73;A;4211.27;A;15.38;A;12.14;A;9.11;A;5.9;A;42.64;A;23;A;0.43;A;53.98;A;1018.57;A;15;A;1;A;8;A;234;A;0;A;350;A
18.03.2025 23:45;94.34;A;4212.6;A;4212.13;A;12.06;A;8.71;A;6.1;A;5.83;A;42.38;A;24;A;0.37;A;54.07;A;1018.68;A;18;A;0;A;6;A;161;A;1;A;350;A
19.03.2025 00:00;94.38;A;4213;A;4213;A;18.32;A;13.73;A;10.08;A;5.75;A;42.39;A;23;A;0.31;A;54.28;A;1018.66;A;17;A;0;A;7;A;192;A;0.67;A;346.67;A
19.03.2025 00:15;94.4;A;4212.93;A;4212.73;A;14.01;A;9.88;A;6.88;A;5.67;A;43.03;A;23;A;0.22;A;55.23;A;1018.72;A;17;A;1;A;6;A;160;A;0;A;340;A
19.03.2025 00:30;94.42;A;4213.33;A;4212.8;A;13.54;A;9.94;A;7.29;A;5.6;A;43.22;A;22;A;0.1;A;55.44;A;1018.68;A;16;A;1;A;6;A;164;A;0.67;A;346.67;A
19.03.2025 00:45;94.43;A;4213.67;A;4213.27;A;16.72;A;13.17;A;9.88;A;5.5;A;43.23;A;22;A;0;A;55.3;A;1018.67;A;16;A;0;A;6;A;171;A;0.67;A;340;A
19.03.2025 01:00;94.44;A;4213.73;A;4213.2;A;12.77;A;10.11;A;7.17;A;5.41;A;42.56;A;22;A;-0.05;A;53.87;A;1018.67;A;17;A;0;A;5;A;141;A;0.67;A;350;A
19.03.2025 01:15;94.44;A;4213.87;A;4213.2;A;17.84;A;14.29;A;10.68;A;5.34;A;41.68;A;23;A;-0.14;A;52.92;A;1018.69;A;16;A;0;A;7;A;165;A;1;A;343.33;A
19.03.2025 01:30;94.44;A;4213.6;A;4212.4;A;11.35;A;8.23;A;5.99;A;5.24;A;41.6;A;22;A;-0.26;A;53.45;A;1018.62;A;17;A;1;A;5;A;126;A;0.67;A;346.67;A
19.03.2025 01:45;94.41;A;4202.07;A;4199.2;A;9.97;A;7.44;A;5.45;A;5.16;A;41.09;A;22;A;-0.34;A;52.38;A;1018.67;A;17;A;1;A;5;A;120;A;0;A;143.33;A
19.03.2025 02:00;94.34;A;4212.6;A;4212.2;A;11.2;A;8.14;A;5.73;A;5.07;A;41.19;A;22;A;-0.38;A;53;A;1018.69;A;17;A;1;A;5;A;118;A;0;A;230;A
19.03.2025 02:15;94.38;A;4212.93;A;4212.73;A;10.09;A;7.68;A;5.55;A;4.97;A;41.57;A;22;A;-0.57;A;53.73;A;1019.02;A;17;A;0;A;5;A;118;A;0;A;116.67;A
19.03.2025 02:30;94.41;A;4213.2;A;4212.67;A;11.41;A;8.26;A;6.09;A;4.85;A;42.18;A;21;A;-0.69;A;53.96;A;1019.05;A;16;A;1;A;4;A;118;A;0;A;343.33;A
19.03.2025 02:45;94.42;A;4213.67;A;4212.53;A;12.24;A;9;A;6.36;A;4.72;A;42.33;A;21;A;-0.89;A;54.75;A;1019.11;A;16;A;1;A;5;A;128;A;0.33;A;270;A
19.03.2025 03:00;94.43;A;4213.73;A;4213.2;A;11.33;A;8.94;A;6.37;A;4.59;A;42.65;A;21;A;-0.98;A;55.4;A;1019.12;A;16;A;1;A;5;A;130;A;0.33;A;340;A
19.03.2025 03:15;94.44;A;4213.8;A;4212.8;A;12.54;A;9.14;A;6.4;A;4.46;A;43.45;A;20;A;-1.15;A;56.5;A;1019.05;A;16;A;1;A;4;A;127;A;0.33;A;270;A
19.03.2025 03:30;94.44;A;4213.87;A;4213.2;A;13.17;A;9.47;A;6.69;A;4.31;A;43.84;A;20;A;-1.29;A;57.07;A;1019.08;A;16;A;1;A;5;A;132;A;0.33;A;203.33;A
19.03.2025 03:45;94.39;A;4201.67;A;4199.13;A;13.63;A;10.04;A;7.12;A;4.21;A;43.96;A;20;A;-1.31;A;56.91;A;1019.29;A;16;A;1;A;4;A;129;A;0;A;206.67;A
19.03.2025 04:00;94.34;A;4212.47;A;4212.13;A;14.53;A;10.79;A;7.86;A;4.12;A;44.7;A;20;A;-1.35;A;57.74;A;1019.42;A;15;A;1;A;6;A;132;A;0;A;150;A
19.03.2025 04:15;94.38;A;4213;A;4212.6;A;14.84;A;11.38;A;7.91;A;4.09;A;45.32;A;20;A;-1.33;A;59.35;A;1019.5;A;14;A;1;A;6;A;128;A;0;A;146.67;A
19.03.2025 04:30;94.4;A;4213.27;A;4212.33;A;16.73;A;11.97;A;8.53;A;4.04;A;46.4;A;20;A;-1.36;A;60.06;A;1019.62;A;14;A;1;A;5;A;127;A;0;A;210;A
19.03.2025 04:45;94.42;A;4213.67;A;4212.73;A;15.49;A;11.8;A;8.38;A;4.02;A;46.71;A;19;A;-1.38;A;60.7;A;1019.79;A;14;A;1;A;6;A;124;A;0;A;240;A
19.03.2025 05:00;94.43;A;4213.67;A;4212.47;A;14.64;A;11.14;A;7.75;A;4.03;A;46.96;A;19;A;-1.37;A;61.06;A;1019.83;A;14;A;1;A;5;A;119;A;0;A;260;A
19.03.2025 05:15;94.39;A;4205.6;A;4203.33;A;14.3;A;10.74;A;7.59;A;4;A;47.65;A;19;A;-1.46;A;62.66;A;1019.96;A;14;A;1;A;5;A;121;A;0;A;213.33;A
19.03.2025 05:30;94.37;A;4212.87;A;4212.07;A;14.5;A;11;A;7.99;A;3.94;A;48.05;A;18;A;-1.55;A;62.35;A;1019.99;A;13;A;1;A;5;A;129;A;0;A;196.67;A
19.03.2025 05:45;94.4;A;4212.93;A;4212.87;A;14.25;A;10.81;A;7.83;A;3.82;A;48.04;A;19;A;-1.59;A;62.36;A;1020.12;A;14;A;1;A;5;A;121;A;0;A;210;A
19.03.2025 06:00;94.42;A;4213.67;A;4212.73;A;16.16;A;11.46;A;8.04;A;3.74;A;48.63;A;18;A;-1.65;A;63.7;A;1020.28;A;13;A;2;A;5;A;121;A;0;A;166.67;A
19.03.2025 06:15;94.43;A;4213.73;A;4212.4;A;17.06;A;11.99;A;8.48;A;3.73;A;49.07;A;18;A;-1.65;A;63.47;A;1020.41;A;12;A;1;A;5;A;135;A;0;A;233.33;A
19.03.2025 06:30;94.44;A;4213.8;A;4213.13;A;16.2;A;11.88;A;8.16;A;3.73;A;49.41;A;18;A;-1.55;A;63.91;A;1020.6;A;12;A;1;A;6;A;149;A;0;A;226.67;A
19.03.2025 06:45;94.4;A;4206.93;A;4207;A;15.96;A;11.35;A;7.96;A;3.94;A;49.38;A;18;A;-0.78;A;61.65;A;1020.69;A;11;A;0;A;7;A;158;A;0;A;330;A
19.03.2025 07:00;94.4;A;4212.73;A;4212.73;A;14.3;A;10.76;A;7.55;A;4.88;A;48.09;A;17;A;0.76;A;57.36;A;1020.74;A;12;A;0;A;5;A;163;A;1;A;346.67;A
19.03.2025 07:15;94.42;A;4212.87;A;4213.6;A;17.5;A;12.51;A;9.01;A;6.38;A;44.28;A;19;A;1.48;A;53.38;A;1020.72;A;13;A;0;A;6;A;168;A;1.33;A;336.67;A
19.03.2025 07:30;94.43;A;4212.87;A;4213.33;A;15.6;A;11.15;A;7.9;A;7.57;A;41.55;A;20;A;2.98;A;50.86;A;1020.86;A;14;A;0;A;6;A;142;A;0.67;A;330;A
19.03.2025 07:45;94.41;A;4203.27;A;4203;A;37.45;A;19.39;A;12.5;A;9.06;A;38.8;A;19;A;4.15;A;47.1;A;1021.02;A;13;A;0;A;7;A;213;A;0.67;A;346.67;A
19.03.2025 08:00;94.35;A;4211.93;A;4213.4;A;12.53;A;9.47;A;6.75;A;10.52;A;35.84;A;21;A;5.13;A;44.35;A;1020.89;A;14;A;0;A;7;A;175;A;0.67;A;340;A
19.03.2025 08:15;94.39;A;4212.4;A;4214.07;A;13.61;A;9.33;A;6.74;A;11.67;A;33.75;A;21;A;5.56;A;43.31;A;1020.94;A;14;A;0;A;7;A;169;A;0.33;A;163.33;A
19.03.2025 08:30;94.41;A;4212.67;A;4214.2;A;12.9;A;9.48;A;6.78;A;12.45;A;33.14;A;21;A;6.18;A;43.21;A;1021.02;A;13;A;0;A;8;A;172;A;0;A;323.33;A
19.03.2025 08:45;94.42;A;4212.87;A;4214.8;A;13.09;A;8.84;A;6.42;A;13.44;A;32.58;A;22;A;7.2;A;42.68;A;1021.07;A;13;A;0;A;9;A;204;A;0.67;A;340;A
19.03.2025 09:00;94.43;A;4212.8;A;4215.07;A;15.65;A;11.65;A;8.45;A;14.34;A;31.98;A;24;A;7.92;A;41.39;A;1020.96;A;16;A;0;A;8;A;178;A;0.67;A;343.33;A
19.03.2025 09:15;94.44;A;4212.73;A;4214.8;A;12.32;A;8.44;A;5.7;A;15.21;A;31.66;A;26;A;8.93;A;40.86;A;1020.97;A;17;A;0;A;8;A;189;A;0;A;156.67;A
19.03.2025 09:30;94.44;A;4212.8;A;4214.6;A;11.85;A;8.03;A;5.4;A;16.02;A;30.81;A;26;A;9.31;A;40.36;A;1020.95;A;19;A;0;A;8;A;186;A;0.33;A;163.33;A
19.03.2025 09:45;94.44;A;4211.27;A;4213;A;9.03;A;5.95;A;4.18;A;16.67;A;29.86;A;27;A;9.82;A;39.04;A;1020.87;A;21;A;0;A;7;A;157;A;0.33;A;116.67;A
19.03.2025 10:00;94.27;A;4184.07;A;4182.2;A;8.03;A;5.72;A;3.88;A;17.26;A;28.94;A;29;A;9.78;A;38.27;A;1020.8;A;22;A;0;A;6;A;133;A;0;A;123.33;A
19.03.2025 10:15;94.19;A;4209.87;A;4213.13;A;8.06;A;5.15;A;3.33;A;17.14;A;28.37;A;33;A;8.96;A;39.26;A;1020.97;A;23;A;0;A;10;A;108;A;0.67;A;196.67;A
19.03.2025 10:30;94.28;A;4211.13;A;4213.13;A;9.32;A;6.46;A;4.81;A;16.18;A;29;A;31;A;8.15;A;40.93;A;1020.99;A;23;A;0;A;9;A;168;A;0.33;A;156.67;A
19.03.2025 10:45;94.34;A;4211.8;A;4213.4;A;8.88;A;6.46;A;4.48;A;15.18;A;30.75;A;29;A;7.99;A;41.09;A;1021.04;A;23;A;0;A;6;A;177;A;0.33;A;170;A
19.03.2025 11:00;94.38;A;4212.47;A;4213.73;A;8.55;A;5.99;A;4.39;A;14.69;A;30.95;A;30;A;8.39;A;39.95;A;1020.82;A;24;A;0;A;6;A;155;A;1;A;343.33;A
19.03.2025 11:15;94.4;A;4212.73;A;4214.33;A;8.77;A;5.86;A;4.05;A;14.73;A;30.76;A;29;A;8.63;A;38.76;A;1020.79;A;25;A;0;A;4;A;138;A;0.33;A;100;A
19.03.2025 11:30;94.42;A;4212.67;A;4214.27;A;9.67;A;6.72;A;4.9;A;14.94;A;30.59;A;30;A;8.69;A;39.33;A;1020.68;A;24;A;0;A;7;A;153;A;0.33;A;166.67;A
19.03.2025 11:45;94.43;A;4212.8;A;4214;A;6.7;A;5.06;A;3.61;A;14.95;A;30.62;A;30;A;8.66;A;38.93;A;1020.68;A;24;A;0;A;6;A;140;A;0.67;A;43.33;A
19.03.2025 12:00;94.32;A;4186.8;A;4184.67;A;8.23;A;5.3;A;3.97;A;14.96;A;30.77;A;30;A;8.53;A;39.86;A;1020.66;A;24;A;0;A;6;A;170;A;0.33;A;96.67;A
19.03.2025 12:15;94.19;A;4210.2;A;4212.53;A;13.22;A;7.77;A;5.55;A;14.82;A;31.65;A;29;A;8.62;A;40.89;A;1020.53;A;22;A;0;A;8;A;149;A;0;A;83.33;A
19.03.2025 12:30;94.29;A;4211.27;A;4212.8;A;7.72;A;5.85;A;4.22;A;14.71;A;31.85;A;29;A;8.25;A;41.43;A;1020.46;A;23;A;0;A;6;A;127;A;0;A;123.33;A
19.03.2025 12:45;94.35;A;4211.8;A;4213.33;A;7.18;A;5.57;A;4.46;A;14.47;A;32.14;A;30;A;8.19;A;41.8;A;1020.32;A;23;A;0;A;6;A;148;A;0.67;A;263.33;A
19.03.2025 13:00;94.38;A;4212.73;A;4213.8;A;8.31;A;5.92;A;4.13;A;14.23;A;32.66;A;30;A;8.01;A;41.79;A;1020.35;A;23;A;0;A;6;A;155;A;0.33;A;346.67;A
19.03.2025 13:15;94.41;A;4212.8;A;4213.8;A;8.99;A;6.7;A;5;A;14.03;A;33.28;A;30;A;7.84;A;43.16;A;1020.43;A;22;A;0;A;7;A;259;A;0;A;40;A
19.03.2025 13:30;94.36;A;4201.07;A;4200.8;A;15.57;A;11.89;A;8.72;A;13.82;A;34.36;A;29;A;7.83;A;44.63;A;1020.43;A;22;A;0;A;7;A;220;A;0.67;A;263.33;A
19.03.2025 13:45;94.33;A;4211.8;A;4213.27;A;11.36;A;8.61;A;5.93;A;13.68;A;34.85;A;28;A;7.77;A;44.43;A;1020.39;A;23;A;0;A;5;A;119;A;0;A;120;A
19.03.2025 14:00;94.38;A;4212.4;A;4213.87;A;9.87;A;7.52;A;5.18;A;13.63;A;35.18;A;28;A;7.78;A;45.25;A;1020.27;A;22;A;0;A;6;A;123;A;0.33;A;110;A
19.03.2025 14:15;94.4;A;4213;A;4214.13;A;8.16;A;6.02;A;4.59;A;13.67;A;35.71;A;28;A;8.16;A;44.91;A;1020.19;A;23;A;0;A;6;A;173;A;0;A;120;A
19.03.2025 14:30;94.42;A;4212.73;A;4214;A;8.79;A;6.48;A;4.67;A;13.81;A;35.56;A;28;A;8.03;A;45.03;A;1020.22;A;23;A;0;A;6;A;161;A;0;A;143.33;A
19.03.2025 14:45;94.43;A;4212.87;A;4214.07;A;10.41;A;8;A;5.97;A;13.85;A;35.81;A;29;A;8.01;A;45.36;A;1020.37;A;21;A;0;A;8;A;249;A;0.67;A;256.67;A
19.03.2025 15:00;94.34;A;4201.4;A;4200.53;A;11.06;A;8.95;A;6.72;A;13.76;A;35.6;A;29;A;7.87;A;45.85;A;1020.42;A;23;A;0;A;6;A;198;A;0;A;233.33;A
19.03.2025 15:15;94.36;A;4212;A;4213.07;A;10.53;A;7.71;A;5.71;A;13.66;A;36.27;A;29;A;7.83;A;46.59;A;1020.41;A;21;A;0;A;8;A;183;A;0.33;A;223.33;A
19.03.2025 15:30;94.39;A;4212.8;A;4213.87;A;9.95;A;6.77;A;5.01;A;13.6;A;36.93;A;28;A;7.97;A;46.91;A;1020.37;A;22;A;0;A;6;A;122;A;0;A;200;A
19.03.2025 15:45;94.41;A;4212.73;A;4214;A;9.43;A;6.95;A;5.09;A;13.66;A;36.86;A;28;A;8.04;A;46.17;A;1020.42;A;22;A;0;A;5;A;122;A;0;A;116.67;A
19.03.2025 16:00;94.43;A;4212.87;A;4214.27;A;11.08;A;8.19;A;5.67;A;13.71;A;36.54;A;28;A;7.99;A;46.5;A;1020.39;A;22;A;0;A;6;A;110;A;0;A;130;A
19.03.2025 16:15;94.44;A;4213.07;A;4214.4;A;10.61;A;8.75;A;6.57;A;13.72;A;36.87;A;28;A;8.06;A;46.93;A;1020.36;A;21;A;0;A;7;A;118;A;0;A;163.33;A
19.03.2025 16:30;94.44;A;4212.87;A;4214.07;A;14.52;A;11.12;A;8.31;A;13.74;A;36.81;A;28;A;8.01;A;46.85;A;1020.51;A;21;A;0;A;7;A;128;A;0;A;116.67;A
19.03.2025 16:45;94.44;A;4212.87;A;4214.07;A;17.24;A;13.29;A;9.29;A;13.7;A;36.93;A;28;A;8;A;46.96;A;1020.49;A;22;A;0;A;7;A;132;A;0;A;183.33;A
19.03.2025 17:00;94.45;A;4212.73;A;4213.6;A;16.12;A;12.36;A;8.99;A;13.65;A;37.28;A;29;A;7.89;A;48.08;A;1020.45;A;20;A;0;A;8;A;127;A;0.33;A;126.67;A
19.03.2025 17:15;94.42;A;4202.6;A;4201.93;A;15.62;A;12.11;A;8.45;A;13.55;A;37.66;A;28;A;7.77;A;48.47;A;1020.54;A;21;A;0;A;7;A;125;A;0.33;A;133.33;A
19.03.2025 17:30;94.2;A;4191.13;A;4189.4;A;17.21;A;12.47;A;9.11;A;13.42;A;38.34;A;28;A;7.6;A;49.73;A;1020.6;A;21;A;0;A;7;A;152;A;0.33;A;126.67;A
19.03.2025 17:45;94.23;A;4210.53;A;4211.87;A;18.23;A;13.39;A;9.73;A;13.24;A;39.32;A;28;A;7.43;A;50.8;A;1020.6;A;19;A;0;A;9;A;164;A;0;A;136.67;A
19.03.2025 18:00;94.31;A;4211.87;A;4212.87;A;18.85;A;13.51;A;9.6;A;13.06;A;40.56;A;26;A;7.33;A;52.3;A;1020.73;A;17;A;0;A;9;A;156;A;0;A;150;A
19.03.2025 18:15;94.36;A;4212.33;A;4213.67;A;22.89;A;17.03;A;12.1;A;12.92;A;40.99;A;26;A;7.17;A;52.72;A;1020.85;A;15;A;0;A;11;A;187;A;0;A;130;A
19.03.2025 18:30;94.39;A;4212.8;A;4213.53;A;30.07;A;22.73;A;16.47;A;12.8;A;41.5;A;26;A;7.08;A;53.91;A;1021.04;A;14;A;0;A;12;A;251;A;0;A;160;A
19.03.2025 18:45;94.41;A;4212.73;A;4213.4;A;32.98;A;24.87;A;17.37;A;12.7;A;41.92;A;26;A;7.02;A;53.63;A;1021.26;A;11;A;0;A;16;A;240;A;0;A;136.67;A
19.03.2025 19:00;94.42;A;4212.87;A;4213.6;A;43.69;A;31.99;A;22.02;A;12.62;A;42.05;A;27;A;7.01;A;53.91;A;1021.37;A;10;A;0;A;17;A;259;A;0;A;146.67;A
19.03.2025 19:15;94.43;A;4212.8;A;4214.13;A;58.62;A;43.37;A;30.02;A;12.57;A;42.33;A;27;A;6.93;A;54.23;A;1021.41;A;7;A;0;A;19;A;367;A;0;A;200;A
19.03.2025 19:30;94.44;A;4212.93;A;4213.8;A;44.84;A;34.1;A;23.88;A;12.55;A;42.2;A;26;A;6.97;A;53.75;A;1021.57;A;11;A;0;A;15;A;321;A;0;A;250;A
19.03.2025 19:45;94.42;A;4207.6;A;4207.53;A;43.7;A;32.76;A;23.04;A;12.49;A;42.75;A;25;A;6.75;A;54.96;A;1021.59;A;8;A;1;A;17;A;451;A;0;A;136.67;A
19.03.2025 20:00;94.38;A;4212.73;A;4213.73;A;53.03;A;41.07;A;27.89;A;12.42;A;43.18;A;26;A;6.73;A;55.85;A;1021.62;A;4;A;1;A;22;A;381;A;0;A;166.67;A
19.03.2025 20:15;94.41;A;4212.93;A;4214.53;A;62.59;A;46.23;A;32.17;A;12.39;A;43.25;A;27;A;6.78;A;55.3;A;1021.69;A;1;A;1;A;28;A;474;A;0;A;270;A
19.03.2025 20:30;94.42;A;4212.8;A;4213.47;A;59.05;A;44.51;A;31.87;A;12.35;A;43.55;A;26;A;6.64;A;56.5;A;1021.73;A;0;A;1;A;27;A;483;A;0;A;223.33;A
19.03.2025 20:45;94.42;A;4204.8;A;4203.93;A;53.93;A;40.85;A;29.04;A;12.28;A;44.01;A;26;A;6.61;A;56.91;A;1021.82;A;0;A;2;A;27;A;641;A;0;A;153.33;A
19.03.2025 21:00;94.25;A;4197.27;A;4196.2;A;52.12;A;39.45;A;28.19;A;12.25;A;44.1;A;27;A;6.66;A;56.65;A;1021.76;A;0;A;2;A;30;A;702;A;0.33;A;243.33;A
19.03.2025 21:15;94.3;A;4211.47;A;4212.33;A;53.06;A;40.53;A;28.77;A;12.21;A;44.7;A;26;A;6.48;A;58.13;A;1021.97;A;0;A;3;A;30;A;678;A;0;A;273.33;A
19.03.2025 21:30;94.35;A;4212.2;A;4213.07;A;57.3;A;43.29;A;30.01;A;12.13;A;45.32;A;26;A;6.46;A;58.32;A;1022.12;A;0;A;2;A;31;A;610;A;0;A;280;A
19.03.2025 21:45;94.39;A;4212.87;A;4213.27;A;58.55;A;44.54;A;31.22;A;12.07;A;45.95;A;24;A;6.41;A;59.47;A;1022.14;A;0;A;3;A;27;A;552;A;0.33;A;263.33;A
19.03.2025 22:00;94.41;A;4212.93;A;4213.6;A;54.81;A;42.29;A;29.78;A;11.98;A;46.04;A;23;A;6.25;A;60.2;A;1022.25;A;1;A;2;A;22;A;466;A;0;A;263.33;A
19.03.2025 22:15;94.32;A;4189;A;4185.87;A;51.31;A;38.87;A;27.16;A;11.86;A;46.79;A;21;A;6.16;A;61.16;A;1022.38;A;4;A;2;A;18;A;424;A;0;A;170;A
19.03.2025 22:30;94.19;A;4208;A;4208.87;A;53.55;A;40.9;A;28.28;A;11.73;A;47.53;A;21;A;6;A;62.38;A;1022.43;A;7;A;3;A;14;A;356;A;0;A;226.67;A
19.03.2025 22:45;94.29;A;4211.47;A;4212.07;A;64.18;A;49.79;A;34.38;A;11.65;A;48.25;A;19;A;5.95;A;63.1;A;1022.41;A;7;A;3;A;12;A;355;A;0;A;196.67;A
19.03.2025 23:00;94.34;A;4212.2;A;4213;A;68.7;A;53.01;A;36.79;A;11.55;A;48.64;A;19;A;5.78;A;63.61;A;1022.54;A;6;A;4;A;13;A;393;A;0.33;A;226.67;A
19.03.2025 23:15;94.38;A;4212.8;A;4213.33;A;73.85;A;57.1;A;38.98;A;11.41;A;48.9;A;19;A;5.75;A;63.86;A;1022.59;A;4;A;4;A;15;A;455;A;0;A;150;A
19.03.2025 23:30;94.41;A;4212.8;A;4213.47;A;73.92;A;56.59;A;38.92;A;11.35;A;49.15;A;19;A;5.72;A;64.31;A;1022.5;A;3;A;3;A;17;A;467;A;0.33;A;263.33;A
19.03.2025 23:45;94.42;A;4211.33;A;4212.6;A;68.6;A;53.32;A;37.43;A;11.31;A;49.58;A;20;A;5.67;A;64.75;A;1022.5;A;2;A;3;A;18;A;483;A;0.33;A;260;A
20.03.2025 00:00;94.26;A;4179.4;A;4174.67;A;69.41;A;51.92;A;36.12;A;11.22;A;49.17;A;22;A;5.59;A;63.59;A;1022.65;A;0;A;2;A;24;A;476;A;0;A;293.33;A
20.03.2025 00:15;94.15;A;4209.67;A;4211.07;A;60.54;A;46.9;A;32.17;A;11.15;A;49.68;A;22;A;5.43;A;65.29;A;1022.66;A;0;A;3;A;25;A;429;A;0;A;140;A
20.03.2025 00:30;94.26;A;4211.27;A;4212.27;A;62.95;A;47.19;A;32.9;A;11.07;A;50.27;A;21;A;5.43;A;65.48;A;1022.6;A;0;A;3;A;24;A;432;A;0;A;266.67;A
20.03.2025 00:45;94.33;A;4211.93;A;4212.67;A;61.9;A;47.06;A;32.65;A;11.02;A;50.25;A;21;A;5.44;A;65.37;A;1022.75;A;0;A;2;A;23;A;403;A;0;A;306.67;A
20.03.2025 01:00;94.37;A;4212.87;A;4213.33;A;54.64;A;41.7;A;28.6;A;10.96;A;50.72;A;20;A;5.38;A;65.86;A;1022.76;A;0;A;2;A;20;A;335;A;0;A;266.67;A
20.03.2025 01:15;94.4;A;4212.73;A;4213.27;A;47.19;A;34.99;A;24.43;A;10.98;A;51.39;A;18;A;5.35;A;66.97;A;1022.79;A;1;A;2;A;18;A;283;A;0;A;300;A
20.03.2025 01:30;94.42;A;4212.87;A;4213.07;A;46.3;A;34.69;A;24.13;A;10.91;A;51.88;A;18;A;5.25;A;67.64;A;1022.84;A;1;A;3;A;17;A;293;A;0;A;173.33;A
20.03.2025 01:45;94.43;A;4212.93;A;4213.87;A;46.2;A;34.81;A;24.41;A;10.86;A;52.7;A;17;A;5.19;A;68.95;A;1022.87;A;2;A;3;A;16;A;281;A;0;A;256.67;A
20.03.2025 02:00;94.41;A;4202.27;A;4201.27;A;39.74;A;29.87;A;20.79;A;10.81;A;53.43;A;16;A;5.17;A;69.77;A;1022.85;A;5;A;2;A;12;A;234;A;0;A;203.33;A
20.03.2025 02:15;94.27;A;4200.93;A;4199.87;A;36.79;A;27.02;A;19.25;A;10.79;A;53.91;A;16;A;5.14;A;70.78;A;1022.76;A;5;A;3;A;11;A;209;A;;N;;N
20.03.2025 02:30;94.25;A;4187.8;A;4185.67;A;31.73;A;24.63;A;16.98;A;10.01;A;50.8;A;16;A;5.08;A;71.25;A;1022.66;A;5;A;3;A;11;A;189;A;;N;;N
20.03.2025 02:45;94.05;A;4195.73;A;4195.4;A;29.38;A;22.49;A;16.41;A;10.68;A;54.96;A;15;A;5.01;A;72.12;A;1022.74;A;6;A;3;A;9;A;172;A;0.33;A;316.67;A
20.03.2025 03:00;94.17;A;4210.4;A;4211.93;A;27.92;A;21.46;A;15.53;A;10.58;A;55.55;A;15;A;4.89;A;72.69;A;1022.75;A;8;A;4;A;7;A;154;A;0.67;A;326.67;A
20.03.2025 03:15;94.27;A;4211.67;A;4212.13;A;26.68;A;20.58;A;14.39;A;10.51;A;55.72;A;15;A;4.85;A;72.94;A;1022.59;A;9;A;3;A;6;A;145;A;0;A;273.33;A
20.03.2025 03:30;94.33;A;4212.2;A;4212.67;A;26.73;A;20.67;A;14.51;A;10.43;A;56.35;A;14;A;4.84;A;73.44;A;1022.59;A;8;A;3;A;7;A;144;A;0;A;263.33;A
20.03.2025 03:45;94.37;A;4212.93;A;4213.6;A;25.75;A;20.88;A;14.67;A;10.43;A;56.6;A;14;A;4.73;A;74.09;A;1022.66;A;7;A;3;A;7;A;143;A;0.67;A;330;A
20.03.2025 04:00;94.4;A;4212.87;A;4213.53;A;24.7;A;20.15;A;14.59;A;10.39;A;56.77;A;14;A;4.68;A;74.67;A;1022.76;A;7;A;3;A;7;A;142;A;0.67;A;330;A
20.03.2025 04:15;94.42;A;4212.87;A;4213;A;27.17;A;20.34;A;14.29;A;10.32;A;57.26;A;14;A;4.67;A;75.34;A;1022.72;A;7;A;3;A;7;A;135;A;1;A;336.67;A
20.03.2025 04:30;94.37;A;4207.2;A;4206.73;A;24.8;A;20.01;A;13.98;A;10.27;A;57.78;A;13;A;4.61;A;75.94;A;1022.67;A;6;A;3;A;7;A;129;A;1;A;333.33;A
20.03.2025 04:45;94.39;A;4212.8;A;4213.47;A;23.95;A;19.25;A;13.75;A;10.23;A;58.23;A;14;A;4.64;A;75.95;A;1022.69;A;6;A;3;A;7;A;120;A;0.67;A;326.67;A
20.03.2025 05:00;94.41;A;4212.8;A;4213.47;A;24.02;A;18.99;A;13.85;A;10.2;A;58.37;A;14;A;4.63;A;76.27;A;1022.71;A;7;A;3;A;7;A;122;A;0.33;A;330;A
20.03.2025 05:15;94.27;A;4188.13;A;4184.73;A;25.95;A;20.46;A;14.18;A;10.19;A;58.61;A;13;A;4.58;A;76.52;A;1022.71;A;7;A;3;A;6;A;120;A;0.33;A;316.67;A
20.03.2025 05:30;94.24;A;4211.13;A;4212;A;26.59;A;20.8;A;14.74;A;10.13;A;58.65;A;13;A;4.54;A;76.75;A;1022.78;A;7;A;3;A;6;A;131;A;0;A;266.67;A
20.03.2025 05:45;94.32;A;4212.13;A;4212.8;A;27.91;A;22.1;A;15.19;A;10.1;A;58.94;A;13;A;4.47;A;77.06;A;1022.72;A;7;A;3;A;6;A;132;A;0;A;243.33;A
20.03.2025 06:00;94.37;A;4212.87;A;4213;A;28.1;A;20.85;A;15.1;A;10.07;A;58.98;A;14;A;4.52;A;76.97;A;1022.84;A;7;A;3;A;6;A;171;A;0.33;A;246.67;A
20.03.2025 06:15;94.4;A;4212.8;A;4213.47;A;28.44;A;22.34;A;15.33;A;10.07;A;59.35;A;13;A;4.51;A;77.32;A;1022.97;A;6;A;3;A;7;A;153;A;0;A;196.67;A
20.03.2025 06:30;94.42;A;4212.93;A;4213.53;A;32.63;A;24.36;A;16.89;A;10.12;A;59.23;A;14;A;4.63;A;76.76;A;1023.07;A;6;A;3;A;8;A;169;A;0;A;296.67;A
20.03.2025 06:45;94.35;A;4203.53;A;4202.47;A;30.08;A;23.97;A;16.9;A;10.16;A;59.09;A;13;A;4.67;A;76.78;A;1023.17;A;5;A;3;A;8;A;161;A;0.33;A;280;A
20.03.2025 07:00;94.36;A;4212.53;A;4213.33;A;33.07;A;25.75;A;18.01;A;10.2;A;58.96;A;13;A;4.73;A;76.66;A;1023.04;A;5;A;3;A;9;A;173;A;0;A;270;A
20.03.2025 07:15;94.4;A;4212.87;A;4213;A;36.58;A;27.83;A;19.41;A;10.32;A;59.11;A;13;A;4.87;A;76.52;A;1023.19;A;4;A;3;A;9;A;181;A;0.33;A;326.67;A
20.03.2025 07:30;94.42;A;4212.8;A;4213.13;A;55.44;A;32.42;A;20.88;A;10.43;A;58.96;A;14;A;5.13;A;76.27;A;1023.29;A;4;A;3;A;10;A;192;A;0;A;286.67;A
20.03.2025 07:45;94.43;A;4212.93;A;4213.67;A;36.38;A;27.8;A;19.28;A;10.66;A;59.16;A;15;A;5.48;A;75.75;A;1023.36;A;3;A;3;A;12;A;220;A;0.67;A;260;A
20.03.2025 08:00;94.36;A;4193.53;A;4190.87;A;46.22;A;32.05;A;21.83;A;10.97;A;58.3;A;15;A;5.86;A;73.85;A;1023.27;A;4;A;3;A;11;A;230;A;0;A;256.67;A
20.03.2025 08:15;94.21;A;4206.07;A;4206.8;A;45.61;A;32.5;A;22.33;A;11.38;A;57.2;A;17;A;6.59;A;70.93;A;1023.26;A;6;A;2;A;11;A;258;A;0;A;213.33;A
20.03.2025 08:30;94.3;A;4211.33;A;4212.33;A;31.11;A;22.85;A;16.83;A;12.19;A;54.17;A;17;A;8.16;A;63.95;A;1023.22;A;10;A;1;A;6;A;210;A;0.33;A;260;A
20.03.2025 08:45;94.35;A;4211.87;A;4213.47;A;27.61;A;19.36;A;14.14;A;13.57;A;49.54;A;19;A;8.92;A;60.07;A;1023.22;A;13;A;0;A;7;A;185;A;0.33;A;243.33;A
20.03.2025 09:00;94.39;A;4212.4;A;4213.93;A;23.3;A;18.18;A;12.48;A;14.68;A;46.41;A;21;A;9.91;A;56.69;A;1023.27;A;13;A;0;A;8;A;158;A;0.67;A;253.33;A
20.03.2025 09:15;94.41;A;4212.8;A;4214.33;A;23.55;A;17.53;A;12.76;A;16.07;A;43.45;A;20;A;11.38;A;52.05;A;1023.23;A;14;A;0;A;6;A;158;A;0;A;160;A
20.03.2025 09:30;94.43;A;4212.73;A;4214.53;A;24.15;A;17.92;A;12.46;A;17.78;A;39.96;A;23;A;12.67;A;48.26;A;1023.03;A;16;A;0;A;7;A;160;A;0.33;A;153.33;A
20.03.2025 09:45;94.44;A;4213;A;4215.33;A;26.08;A;19.37;A;13.82;A;19.32;A;36.83;A;25;A;13.59;A;45.31;A;1022.99;A;15;A;0;A;10;A;205;A;0;A;256.67;A
20.03.2025 10:00;94.44;A;4212.8;A;4215.07;A;23.02;A;16.2;A;11.46;A;20.35;A;34.32;A;28;A;13.87;A;43.99;A;1022.97;A;17;A;0;A;11;A;173;A;0;A;340;A
20.03.2025 10:15;94.44;A;4212.67;A;4214.67;A;19.94;A;14.52;A;10.2;A;21.19;A;32.75;A;29;A;14.56;A;41.58;A;1023.02;A;19;A;0;A;10;A;156;A;1;A;230;A
20.03.2025 10:30;94.4;A;4207.2;A;4208.6;A;17.99;A;12.54;A;8.62;A;21.67;A;31.33;A;30;A;15.04;A;39.72;A;1023.01;A;20;A;0;A;10;A;152;A;0.33;A;93.33;A
20.03.2025 10:45;94.4;A;4211.87;A;4214.67;A;12.07;A;8.39;A;5.86;A;22.2;A;29.91;A;32;A;15.29;A;38.77;A;1022.94;A;23;A;0;A;9;A;122;A;0;A;156.67;A
20.03.2025 11:00;94.42;A;4212.73;A;4214.87;A;10.97;A;7.64;A;5.22;A;22.27;A;29.4;A;31;A;15.1;A;37.72;A;1022.9;A;23;A;0;A;9;A;106;A;0.33;A;160;A
20.03.2025 11:15;94.27;A;4186.27;A;4184.8;A;8.14;A;5.05;A;3.35;A;22.01;A;27.35;A;35;A;15.31;A;33.24;A;1022.77;A;27;A;0;A;8;A;81;A;0.33;A;190;A
20.03.2025 11:30;94.22;A;4210.2;A;4213.07;A;7.43;A;4.07;A;3.01;A;21.96;A;26.39;A;36;A;15.22;A;34.17;A;1022.66;A;27;A;0;A;9;A;97;A;0.33;A;13.33;A
20.03.2025 11:45;94.3;A;4211.4;A;4214.13;A;8.73;A;5.46;A;3.75;A;21.8;A;27.65;A;36;A;14.67;A;35.89;A;1022.6;A;26;A;0;A;9;A;86;A;1;A;86.67;A
20.03.2025 12:00;94.35;A;4211.73;A;4214.2;A;10.07;A;5.85;A;3.8;A;21.32;A;28.05;A;34;A;14.44;A;36.14;A;1022.42;A;26;A;0;A;9;A;108;A;0;A;86.67;A
20.03.2025 12:15;94.39;A;4212.07;A;4214.47;A;6.22;A;4.55;A;3.11;A;20.97;A;28.05;A;34;A;14.43;A;35.06;A;1022.34;A;27;A;0;A;7;A;100;A;0;A;66.67;A
20.03.2025 12:30;94.41;A;4212.8;A;4214.53;A;7.3;A;4.57;A;2.9;A;20.79;A;27.97;A;35;A;14.39;A;35.13;A;1022.2;A;28;A;0;A;7;A;74;A;0;A;96.67;A
20.03.2025 12:45;94.37;A;4206.67;A;4207.8;A;80;A;23.17;A;10.07;A;20.67;A;27.96;A;35;A;14.34;A;34.89;A;1022.03;A;28;A;0;A;8;A;158;A;0.67;A;170;A
20.03.2025 13:00;94.37;A;4211.8;A;4213.87;A;29.24;A;9.67;A;4.97;A;20.59;A;28.07;A;35;A;14.33;A;35.12;A;1021.94;A;27;A;0;A;8;A;87;A;0;A;20;A
20.03.2025 13:15;94.4;A;4212.6;A;4214.2;A;18.12;A;6.94;A;4.13;A;20.48;A;28.05;A;35;A;14.36;A;34.68;A;1021.75;A;28;A;0;A;7;A;81;A;0;A;76.67;A
20.03.2025 13:30;94.42;A;4212.73;A;4214.4;A;14.49;A;5.93;A;3.59;A;20.43;A;27.83;A;35;A;14.26;A;34.46;A;1021.55;A;28;A;0;A;7;A;73;A;0.33;A;66.67;A
20.03.2025 13:45;94.42;A;4207.6;A;4208.27;A;7.8;A;5.1;A;3.49;A;20.29;A;28.23;A;36;A;14.14;A;35.03;A;1021.44;A;28;A;0;A;8;A;92;A;0;A;116.67;A
20.03.2025 14:00;94.36;A;4211.8;A;4214.33;A;9.84;A;6.39;A;4.34;A;20.2;A;28.25;A;36;A;14.16;A;35.32;A;1021.33;A;28;A;0;A;8;A;121;A;0.33;A;173.33;A
20.03.2025 14:15;94.4;A;4212.33;A;4214.53;A;7.57;A;5.25;A;3.6;A;20.1;A;28.58;A;36;A;14.11;A;35.04;A;1021.24;A;28;A;0;A;8;A;97;A;0;A;146.67;A
20.03.2025 14:30;94.42;A;4212.73;A;4214.53;A;7.21;A;4.61;A;3.22;A;20.01;A;27.82;A;37;A;14.15;A;34.11;A;1021.13;A;30;A;0;A;7;A;72;A;0;A;80;A
20.03.2025 14:45;94.43;A;4212.67;A;4214.33;A;8.1;A;4.66;A;3.18;A;20.02;A;28.2;A;36;A;14.14;A;34.64;A;1021.07;A;29;A;0;A;7;A;75;A;0;A;80;A
20.03.2025 15:00;94.29;A;4192.87;A;4191.73;A;7.77;A;4.66;A;3.25;A;20;A;27.6;A;37;A;14.07;A;33.89;A;1020.97;A;31;A;0;A;7;A;73;A;0;A;66.67;A
20.03.2025 15:15;94.28;A;4210.93;A;4212.93;A;7.09;A;4.7;A;3.24;A;19.93;A;28.05;A;37;A;14.18;A;34.54;A;1020.97;A;29;A;0;A;8;A;80;A;0;A;56.67;A
20.03.2025 15:30;94.35;A;4211.8;A;4214;A;8.31;A;5.25;A;3.28;A;19.94;A;27.94;A;36;A;14.1;A;34.12;A;1020.76;A;30;A;0;A;7;A;77;A;0;A;100;A
20.03.2025 15:45;94.38;A;4212.33;A;4214.47;A;8.12;A;4.86;A;3.42;A;19.93;A;27.75;A;37;A;14.25;A;33.88;A;1020.76;A;30;A;0;A;7;A;92;A;0;A;140;A
20.03.2025 16:00;94.41;A;4212.73;A;4214.67;A;8.04;A;5.21;A;3.57;A;19.96;A;27.59;A;37;A;14.22;A;34.17;A;1020.66;A;30;A;0;A;7;A;94;A;0.33;A;253.33;A
20.03.2025 16:15;94.42;A;4212.67;A;4213.87;A;9.73;A;5.7;A;3.89;A;19.94;A;27.92;A;38;A;14.22;A;34.46;A;1020.66;A;30;A;0;A;8;A;121;A;0.33;A;126.67;A
20.03.2025 16:30;94.43;A;4212.67;A;4214.4;A;9.05;A;5.92;A;4.21;A;19.98;A;28.18;A;37;A;14.23;A;34.39;A;1020.76;A;30;A;0;A;7;A;213;A;0.33;A;123.33;A
20.03.2025 16:45;94.44;A;4209.53;A;4210.73;A;10.1;A;6.23;A;4.28;A;19.95;A;28;A;38;A;13.98;A;34.47;A;1020.8;A;28;A;0;A;10;A;124;A;0;A;133.33;A
20.03.2025 17:00;94.26;A;4189.53;A;4188.33;A;8.63;A;5.85;A;4.04;A;19.8;A;28.4;A;37;A;13.8;A;35.59;A;1020.8;A;27;A;0;A;10;A;132;A;0;A;110;A
20.03.2025 17:15;94.24;A;4210.47;A;4213.13;A;13.01;A;8.34;A;5.96;A;19.64;A;29.05;A;36;A;13.69;A;36.04;A;1020.83;A;27;A;0;A;9;A;151;A;0;A;200;A
20.03.2025 17:30;94.32;A;4211.8;A;4214.4;A;16.05;A;10.05;A;6.91;A;19.48;A;29.1;A;36;A;13.48;A;36.17;A;1020.88;A;27;A;0;A;10;A;135;A;0;A;126.67;A
20.03.2025 17:45;94.37;A;4211.87;A;4213.93;A;19.75;A;12.44;A;8.58;A;19.25;A;29.98;A;35;A;13.17;A;37.53;A;1020.9;A;23;A;0;A;11;A;176;A;0;A;173.33;A
20.03.2025 18:00;94.4;A;4212.73;A;4214.2;A;20.44;A;13.57;A;9.19;A;18.98;A;30.87;A;35;A;12.79;A;38.77;A;1021.16;A;18;A;0;A;17;A;196;A;0.67;A;143.33;A
20.03.2025 18:15;94.42;A;4212.8;A;4214;A;32.76;A;22.22;A;15.39;A;18.64;A;31.97;A;35;A;12.42;A;40.82;A;1021.22;A;20;A;0;A;15;A;268;A;0.33;A;136.67;A
20.03.2025 18:30;94.43;A;4212.6;A;4214.13;A;34.02;A;24.52;A;16.77;A;18.23;A;33.37;A;33;A;11.84;A;43.03;A;1021.26;A;16;A;0;A;17;A;266;A;0;A;136.67;A
20.03.2025 18:45;94.4;A;4204.93;A;4205.93;A;49.63;A;33.14;A;22.48;A;17.75;A;34.28;A;33;A;11.4;A;44.32;A;1021.57;A;10;A;0;A;23;A;438;A;0;A;170;A
20.03.2025 19:00;94.36;A;4211.87;A;4214;A;38.87;A;27.58;A;19.17;A;17.28;A;35.07;A;31;A;10.98;A;44.76;A;1021.79;A;10;A;1;A;21;A;321;A;0;A;140;A
20.03.2025 19:15;94.4;A;4212.87;A;4214.53;A;44.06;A;30.95;A;21.75;A;16.81;A;35.66;A;30;A;10.46;A;46;A;1021.79;A;11;A;1;A;20;A;368;A;0;A;183.33;A
20.03.2025 19:30;94.42;A;4212.87;A;4214.4;A;48.86;A;36.13;A;25.21;A;16.29;A;36.49;A;30;A;9.92;A;47.83;A;1021.96;A;8;A;1;A;21;A;425;A;0;A;143.33;A
20.03.2025 19:45;94.43;A;4212.87;A;4214.2;A;54.37;A;36.23;A;25.05;A;15.72;A;38.04;A;29;A;9.44;A;49.87;A;1022.08;A;4;A;1;A;25;A;516;A;0;A;146.67;A
20.03.2025 20:00;94.44;A;4212.87;A;4213.93;A;47.22;A;33.66;A;24.19;A;15.22;A;40.26;A;24;A;8.93;A;54.27;A;1021.93;A;6;A;2;A;18;A;374;A;0;A;146.67;A
20.03.2025 20:15;94.45;A;4209.67;A;4210.4;A;48.39;A;36.66;A;25.12;A;14.77;A;40.92;A;24;A;8.55;A;53.3;A;1022.09;A;6;A;2;A;18;A;392;A;0;A;240;A
20.03.2025 20:30;94.28;A;4192;A;4190.73;A;70.58;A;42.31;A;29.12;A;14.35;A;41.09;A;26;A;8.25;A;53.87;A;1022.09;A;5;A;2;A;21;A;465;A;0;A;243.33;A
20.03.2025 20:45;94.28;A;4211.27;A;4212.8;A;56.4;A;40.84;A;29.43;A;13.98;A;41.93;A;25;A;7.84;A;55.33;A;1022.18;A;1;A;2;A;25;A;664;A;0;A;213.33;A
20.03.2025 21:00;94.35;A;4211.93;A;4213.73;A;64.5;A;45.23;A;31.99;A;13.58;A;43.07;A;25;A;7.44;A;56.57;A;1022.24;A;0;A;8;A;29;A;1092;A;0;A;263.33;A
20.03.2025 21:15;94.39;A;4212.87;A;4214.13;A;83.37;A;56.06;A;37.81;A;13.19;A;44.58;A;27;A;6.96;A;59.99;A;1022.27;A;0;A;3;A;35;A;695;A;0;A;243.33;A
20.03.2025 21:30;94.41;A;4212.73;A;4213.67;A;80.29;A;54.96;A;36.93;A;12.77;A;45.87;A;24;A;6.59;A;61.18;A;1022.36;A;0;A;4;A;31;A;714;A;0;A;220;A
20.03.2025 21:45;94.43;A;4212.8;A;4213.2;A;79.36;A;52.98;A;36.64;A;12.4;A;46.54;A;24;A;6.17;A;62.27;A;1022.39;A;0;A;4;A;31;A;715;A;0.67;A;323.33;A
20.03.2025 22:00;94.44;A;4212.93;A;4213.73;A;79.05;A;54.78;A;37.03;A;12.01;A;47.81;A;22;A;5.87;A;64.74;A;1022.35;A;0;A;4;A;29;A;719;A;0;A;223.33;A
20.03.2025 22:15;94.45;A;4213.27;A;4214;A;81.35;A;54.17;A;37.1;A;11.67;A;49.19;A;21;A;5.63;A;65.61;A;1022.5;A;0;A;5;A;26;A;735;A;0;A;303.33;A
20.03.2025 22:30;94.34;A;4193.07;A;4191.13;A;81.87;A;57.39;A;39.67;A;11.31;A;50.19;A;21;A;5.22;A;67.26;A;1022.77;A;0;A;5;A;27;A;723;A;0.67;A;260;A
20.03.2025 22:45;94.29;A;4211.47;A;4212.07;A;92.25;A;66.4;A;45.01;A;10.96;A;50.98;A;21;A;4.93;A;68.13;A;1022.7;A;0;A;5;A;27;A;720;A;0;A;120;A
20.03.2025 23:00;94.35;A;4212.33;A;4213.4;A;99.2;A;71.94;A;49.3;A;10.62;A;51.48;A;22;A;4.77;A;67.79;A;1022.72;A;0;A;5;A;27;A;780;A;0;A;173.33;A
20.03.2025 23:15;94.39;A;4212.93;A;4213.4;A;96.64;A;71.63;A;48.85;A;10.39;A;52.82;A;21;A;4.49;A;70.64;A;1022.67;A;0;A;6;A;26;A;761;A;0;A;150;A
20.03.2025 23:30;94.42;A;4212.8;A;4213.4;A;113.87;A;83.11;A;56.63;A;10.14;A;53.33;A;20;A;4.27;A;70.36;A;1022.67;A;0;A;8;A;25;A;862;A;0;A;190;A
20.03.2025 23:45;94.37;A;4206.27;A;4206.07;A;128.73;A;93.19;A;63.26;A;9.94;A;52.92;A;20;A;4.05;A;69.31;A;1022.65;A;0;A;9;A;25;A;881;A;0;A;203.33;A
21.03.2025 00:00;94.39;A;4212.73;A;4213.07;A;123.15;A;89.88;A;61.06;A;9.71;A;52.41;A;20;A;3.81;A;69.75;A;1022.68;A;0;A;7;A;25;A;809;A;0;A;173.33;A
21.03.2025 00:15;94.42;A;4212.8;A;4213.33;A;115.74;A;84.36;A;57.09;A;9.52;A;53.16;A;19;A;3.71;A;70.46;A;1022.69;A;0;A;8;A;24;A;755;A;0;A;293.33;A
21.03.2025 00:30;94.43;A;4212.87;A;4213.4;A;105.13;A;75.22;A;51.84;A;9.36;A;53.78;A;19;A;3.44;A;71.63;A;1022.79;A;0;A;8;A;23;A;656;A;0.33;A;323.33;A
21.03.2025 00:45;94.44;A;4213.27;A;4213.67;A;103.79;A;75.49;A;51.42;A;9.08;A;54.63;A;19;A;3.21;A;72.84;A;1022.87;A;0;A;7;A;23;A;641;A;0.33;A;330;A
21.03.2025 01:00;94.45;A;4213.87;A;4213.87;A;146.16;A;106.64;A;71.06;A;8.83;A;56.26;A;18;A;3.06;A;74.72;A;1022.87;A;0;A;10;A;22;A;935;A;0.33;A;133.33;A
21.03.2025 01:15;94.45;A;4213.87;A;4213.67;A;133.28;A;97.49;A;65.76;A;8.62;A;56.84;A;17;A;2.96;A;74.68;A;1022.87;A;0;A;11;A;21;A;865;A;0;A;320;A
21.03.2025 01:30;94.38;A;4191.73;A;4188.27;A;135.76;A;100.32;A;67.46;A;8.45;A;57.23;A;17;A;2.72;A;75.64;A;1022.86;A;0;A;13;A;21;A;897;A;0.33;A;253.33;A
21.03.2025 01:45;94.18;A;4201.33;A;4200.47;A;111.12;A;78.08;A;53.35;A;8.26;A;57.5;A;17;A;2.42;A;75.73;A;1022.86;A;0;A;10;A;21;A;686;A;0.33;A;130;A
21.03.2025 02:00;94.27;A;4211.53;A;4212.2;A;88.1;A;63.53;A;43.38;A;7.98;A;56.22;A;17;A;2.15;A;74.2;A;1022.84;A;0;A;8;A;21;A;486;A;0;A;193.33;A
21.03.2025 02:15;94.34;A;4212.33;A;4212.8;A;90.02;A;65.99;A;45.08;A;7.79;A;56.18;A;17;A;2.06;A;74.32;A;1022.73;A;0;A;8;A;21;A;506;A;0;A;300;A
21.03.2025 02:30;94.38;A;4212.87;A;4213.07;A;91.16;A;66.94;A;45.02;A;7.64;A;56.75;A;16;A;1.93;A;75.09;A;1022.75;A;0;A;7;A;21;A;509;A;0;A;240;A
21.03.2025 02:45;94.41;A;4212.93;A;4213.07;A;95.72;A;71.1;A;48.13;A;7.49;A;57.2;A;16;A;1.84;A;75.29;A;1022.61;A;0;A;7;A;19;A;546;A;0;A;256.67;A
21.03.2025 03:00;94.43;A;4213.4;A;4213.6;A;98.51;A;73.6;A;49.99;A;7.38;A;57.56;A;16;A;1.7;A;76.38;A;1022.51;A;0;A;8;A;19;A;565;A;0;A;230;A
21.03.2025 03:15;94.44;A;4213.73;A;4213.8;A;98.61;A;75.07;A;51.11;A;7.25;A;58.64;A;15;A;1.53;A;78.6;A;1022.47;A;0;A;9;A;18;A;582;A;0;A;186.67;A
21.03.2025 03:30;94.43;A;4206.8;A;4204.93;A;91.36;A;63.63;A;49.5;A;7.22;A;59.84;A;14;A;1.5;A;79.11;A;1022.47;A;0;A;8;A;17;A;547;A;0;A;256.67;A
21.03.2025 03:45;94.29;A;4202;A;4200;A;91.66;A;65.66;A;51.08;A;7.06;A;59.95;A;15;A;1.35;A;79.14;A;1022.4;A;0;A;8;A;19;A;547;A;0;A;253.33;A
21.03.2025 04:00;94.34;A;4212.27;A;4211.93;A;101.19;A;74.99;A;50.87;A;6.9;A;59.74;A;15;A;1.13;A;79.29;A;1022.37;A;0;A;8;A;18;A;552;A;0;A;190;A
21.03.2025 04:15;94.38;A;4212.8;A;4212.67;A;100.11;A;74.8;A;50.27;A;6.75;A;59.58;A;15;A;1.02;A;78.87;A;1022.46;A;0;A;9;A;18;A;600;A;0;A;263.33;A
21.03.2025 04:30;94.41;A;4212.87;A;4213.07;A;100.58;A;73.98;A;51.27;A;6.63;A;59.61;A;15;A;0.96;A;78.91;A;1022.56;A;0;A;9;A;18;A;604;A;0;A;253.33;A
21.03.2025 04:45;94.43;A;4213.4;A;4213.07;A;98.03;A;70.42;A;51.61;A;6.55;A;59.85;A;14;A;0.97;A;79.05;A;1022.56;A;0;A;9;A;17;A;609;A;0;A;316.67;A
21.03.2025 05:00;94.44;A;4213.67;A;4212.87;A;78.05;A;53.79;A;47.37;A;6.71;A;60.06;A;13;A;0.88;A;80.32;A;1022.64;A;0;A;9;A;15;A;543;A;0;A;313.33;A
21.03.2025 05:15;94.44;A;4214;A;4213.47;A;84.14;A;58.34;A;50.58;A;6.67;A;60.02;A;13;A;0.76;A;80.68;A;1022.57;A;0;A;10;A;15;A;562;A;0;A;310;A
21.03.2025 05:30;94.45;A;4213.87;A;4213.13;A;83.64;A;59.08;A;49.9;A;6.67;A;59.94;A;13;A;0.76;A;80.73;A;1022.66;A;0;A;10;A;15;A;552;A;0;A;320;A
21.03.2025 05:45;94.45;A;4213.73;A;4213.07;A;77.92;A;53.7;A;47.3;A;6.68;A;59.95;A;14;A;0.67;A;81.36;A;1022.74;A;0;A;9;A;17;A;492;A;0;A;326.67;A
21.03.2025 06:00;94.45;A;4213.8;A;4212.8;A;69.03;A;47.61;A;41.93;A;6.87;A;60.03;A;12;A;0.63;A;82.55;A;1022.71;A;0;A;9;A;15;A;439;A;0;A;246.67;A
21.03.2025 06:15;94.45;A;4213.73;A;4213.27;A;67.89;A;46.82;A;41.23;A;6.91;A;60.02;A;12;A;0.65;A;82.98;A;1022.78;A;0;A;9;A;14;A;420;A;0;A;126.67;A
21.03.2025 06:30;94.45;A;4213.73;A;4213.53;A;59.4;A;41;A;36.11;A;6.98;A;60.09;A;12;A;0.84;A;82.39;A;1022.77;A;0;A;8;A;14;A;422;A;0;A;316.67;A
21.03.2025 06:45;94.45;A;4213.73;A;4213.2;A;55.99;A;38.65;A;34.04;A;7.26;A;59.98;A;12;A;1.64;A;79.76;A;1022.8;A;0;A;7;A;13;A;413;A;0;A;306.67;A
21.03.2025 07:00;94.44;A;4207.87;A;4206.6;A;67.46;A;48.77;A;34.67;A;7.72;A;58.89;A;10;A;3.18;A;73.27;A;1022.67;A;0;A;4;A;11;A;438;A;0;A;270;A
21.03.2025 07:15;94.39;A;4212.73;A;4213.6;A;63.66;A;46.44;A;31.96;A;9.12;A;55.26;A;13;A;4.97;A;66.05;A;1022.59;A;0;A;2;A;13;A;417;A;0;A;273.33;A
21.03.2025 07:30;94.42;A;4212.73;A;4213.8;A;52.9;A;38.37;A;26.39;A;10.91;A;50.47;A;15;A;6.09;A;61.71;A;1022.39;A;1;A;2;A;14;A;328;A;0;A;190;A
21.03.2025 07:45;94.43;A;4212.87;A;4214.47;A;52.19;A;37.63;A;26.26;A;12.67;A;45.93;A;17;A;7.82;A;56.23;A;1022.52;A;2;A;2;A;14;A;307;A;0;A;220;A
21.03.2025 08:00;94.44;A;4212.8;A;4214.4;A;50.78;A;37.44;A;25.97;A;14.31;A;42.42;A;18;A;8.61;A;54.2;A;1022.37;A;2;A;3;A;16;A;330;A;0.67;A;243.33;A
21.03.2025 08:15;94.45;A;4212.73;A;4214.93;A;51.57;A;38;A;26.77;A;15.51;A;40.15;A;22;A;9.68;A;51.47;A;1022.45;A;2;A;3;A;20;A;365;A;0;A;170;A
21.03.2025 08:30;94.45;A;4212.8;A;4215.07;A;52.61;A;38.69;A;27.86;A;17.16;A;37.85;A;23;A;11.11;A;48.73;A;1022.58;A;1;A;2;A;22;A;409;A;0;A;80;A
21.03.2025 08:45;94.37;A;4197.93;A;4197.53;A;51.63;A;39.76;A;28.41;A;18.51;A;35.72;A;26;A;12.35;A;45.52;A;1022.47;A;2;A;2;A;24;A;428;A;0;A;263.33;A
21.03.2025 09:00;94.32;A;4211.27;A;4213.93;A;52.18;A;38.29;A;27.11;A;19.73;A;34.38;A;28;A;13.09;A;44.85;A;1022.45;A;2;A;2;A;27;A;454;A;0.33;A;333.33;A
21.03.2025 09:15;94.37;A;4211.87;A;4215.4;A;50.19;A;36.1;A;25.64;A;20.69;A;33.69;A;28;A;14.19;A;44.01;A;1022.47;A;5;A;3;A;23;A;370;A;0.33;A;273.33;A
21.03.2025 09:30;94.4;A;4212;A;4215.4;A;53.19;A;39.68;A;28.02;A;21.65;A;32.73;A;26;A;15.08;A;41.93;A;1022.56;A;9;A;2;A;18;A;278;A;0.33;A;230;A
21.03.2025 09:45;94.41;A;4212.73;A;4215.2;A;52.93;A;38.79;A;27.31;A;22.4;A;30.78;A;30;A;15.58;A;39.01;A;1022.33;A;13;A;1;A;17;A;182;A;0.33;A;263.33;A
21.03.2025 10:00;94.42;A;4212.73;A;4215.2;A;44.64;A;33.08;A;23.18;A;23.12;A;29.68;A;32;A;16.65;A;37.32;A;1022.36;A;15;A;0;A;17;A;153;A;0.33;A;276.67;A
21.03.2025 10:15;94.43;A;4212.8;A;4214.87;A;39.29;A;28.34;A;20.33;A;23.71;A;28.01;A;33;A;16.52;A;35.89;A;1022.23;A;19;A;1;A;15;A;125;A;0.67;A;270;A
21.03.2025 10:30;94.44;A;4212.8;A;4215.13;A;27.96;A;19.58;A;13.32;A;24.14;A;26.75;A;35;A;17.11;A;34.27;A;1022.21;A;21;A;0;A;13;A;94;A;0.33;A;86.67;A
21.03.2025 10:45;94.44;A;4212.73;A;4215.33;A;22.41;A;15.85;A;10.98;A;24.51;A;26.44;A;35;A;16.9;A;34.74;A;1021.98;A;23;A;0;A;11;A;142;A;1;A;206.67;A
21.03.2025 11:00;94.28;A;4186.8;A;4185.13;A;22.6;A;15.65;A;10.87;A;24.49;A;25.74;A;36;A;17.01;A;33.47;A;1021.96;A;25;A;0;A;10;A;175;A;0.67;A;196.67;A
21.03.2025 11:15;94.22;A;4210.27;A;4213.53;A;19.59;A;14.08;A;9.62;A;24.35;A;25.34;A;37;A;17.31;A;32.02;A;1021.82;A;26;A;0;A;11;A;88;A;0.67;A;116.67;A
21.03.2025 11:30;94.3;A;4211.4;A;4214.07;A;15.68;A;11.72;A;8.19;A;24.46;A;24.79;A;36;A;17.54;A;30.97;A;1021.56;A;28;A;0;A;8;A;77;A;0.67;A;243.33;A
21.03.2025 11:45;94.35;A;4211.73;A;4214.67;A;17.96;A;9.88;A;6.7;A;24.53;A;23.43;A;38;A;17.45;A;29.06;A;1021.47;A;25;A;0;A;13;A;173;A;0.33;A;63.33;A
21.03.2025 12:00;94.39;A;4212;A;4214.2;A;8.62;A;6.49;A;4.63;A;24.42;A;21.97;A;39;A;17;A;27.59;A;1021.24;A;29;A;0;A;9;A;44;A;0;A;230;A
21.03.2025 12:15;94.4;A;4212.47;A;4214.8;A;5.58;A;3.85;A;2.61;A;24.53;A;20.77;A;37;A;17.37;A;25.62;A;1021.04;A;28;A;0;A;9;A;81;A;0.67;A;270;A
21.03.2025 12:30;94.42;A;4212.53;A;4214.47;A;5.35;A;3.5;A;2.63;A;24.22;A;20.17;A;39;A;16.64;A;25.02;A;1020.95;A;30;A;0;A;9;A;35;A;0;A;260;A
21.03.2025 12:45;94.43;A;4212.73;A;4215.13;A;4.89;A;3.71;A;2.55;A;23.58;A;20.12;A;40;A;16.18;A;25.95;A;1020.57;A;30;A;0;A;10;A;39;A;0.33;A;266.67;A
21.03.2025 13:00;94.44;A;4212.8;A;4214.67;A;8.41;A;5.83;A;4.15;A;23.03;A;23.62;A;38;A;16.25;A;30.02;A;1020.47;A;27;A;0;A;10;A;91;A;0.67;A;230;A
21.03.2025 13:15;94.44;A;4212.87;A;4214.73;A;8.72;A;5.56;A;3.97;A;22.66;A;24.34;A;37;A;16.15;A;29.17;A;1020.33;A;29;A;0;A;8;A;76;A;0;A;116.67;A
21.03.2025 13:30;94.44;A;4213;A;4215.07;A;8.62;A;5.44;A;3.96;A;22.35;A;24.18;A;37;A;16.01;A;29.74;A;1020.2;A;28;A;0;A;9;A;174;A;0;A;253.33;A
21.03.2025 13:45;94.44;A;4207.93;A;4209.2;A;8.09;A;5.24;A;3.68;A;22.03;A;24.8;A;37;A;15.68;A;30.66;A;1020.09;A;30;A;0;A;7;A;49;A;0;A;140;A
21.03.2025 14:00;94.31;A;4203.67;A;4204.87;A;8.67;A;5.9;A;4.09;A;21.79;A;25.81;A;36;A;15.68;A;32.06;A;1019.88;A;28;A;0;A;8;A;81;A;0;A;93.33;A
21.03.2025 14:15;94.35;A;4211.8;A;4214.07;A;9.82;A;6.37;A;4.38;A;21.63;A;25.85;A;37;A;15.6;A;31.7;A;1019.7;A;30;A;0;A;7;A;65;A;0.33;A;196.67;A
21.03.2025 14:30;94.39;A;4212.07;A;4214.27;A;7.4;A;4.8;A;3.29;A;21.5;A;25.85;A;37;A;15.63;A;31.35;A;1019.44;A;30;A;0;A;7;A;54;A;0;A;130;A
21.03.2025 14:45;94.41;A;4212.73;A;4214.4;A;8.85;A;5.78;A;4;A;21.48;A;26.48;A;36;A;15.7;A;32.47;A;1019.29;A;28;A;0;A;8;A;97;A;0;A;40;A
21.03.2025 15:00;94.43;A;4212.73;A;4214.13;A;10.03;A;5.86;A;3.84;A;21.48;A;26.62;A;36;A;15.67;A;31.98;A;1019.13;A;26;A;0;A;10;A;175;A;0;A;53.33;A
21.03.2025 15:15;94.43;A;4206.07;A;4206.6;A;7.38;A;4.58;A;3.21;A;21.47;A;26.31;A;37;A;15.77;A;31.96;A;1019.03;A;30;A;0;A;7;A;58;A;0.67;A;200;A
21.03.2025 15:30;94.35;A;4211.8;A;4213.93;A;7.83;A;5.15;A;3.63;A;21.44;A;26.65;A;36;A;15.55;A;32.39;A;1018.84;A;28;A;0;A;8;A;96;A;0;A;116.67;A
21.03.2025 15:45;94.39;A;4212.33;A;4214.27;A;7.68;A;4.97;A;3.37;A;21.39;A;26.88;A;36;A;15.58;A;32.81;A;1018.79;A;29;A;0;A;7;A;86;A;0;A;96.67;A
21.03.2025 16:00;94.41;A;4212.73;A;4214.47;A;8.39;A;4.95;A;3.39;A;21.34;A;26.78;A;36;A;15.58;A;32.4;A;1018.68;A;29;A;0;A;8;A;68;A;0;A;170;A
21.03.2025 16:15;94.43;A;4212.73;A;4214.2;A;7.83;A;4.85;A;3.39;A;21.3;A;26.77;A;37;A;15.54;A;32.52;A;1018.52;A;29;A;0;A;7;A;76;A;0;A;203.33;A
21.03.2025 16:30;94.44;A;4212.8;A;4214.73;A;8.44;A;5.73;A;4.29;A;21.26;A;26.63;A;37;A;15.39;A;32.66;A;1018.44;A;29;A;0;A;8;A;112;A;0.33;A;93.33;A
21.03.2025 16:45;94.44;A;4212.8;A;4214.4;A;10.31;A;6.11;A;4.26;A;21.18;A;26.67;A;37;A;15.34;A;32.42;A;1018.4;A;29;A;0;A;8;A;129;A;0.33;A;196.67;A
21.03.2025 17:00;94.38;A;4194.4;A;4193.6;A;10.53;A;7.08;A;5.1;A;21.08;A;26.8;A;36;A;15.25;A;32.39;A;1018.43;A;27;A;0;A;9;A;136;A;0;A;193.33;A
21.03.2025 17:15;94.28;A;4211.13;A;4213.93;A;11.49;A;7.07;A;4.95;A;20.97;A;27.03;A;37;A;15.08;A;33.23;A;1018.5;A;28;A;0;A;9;A;145;A;0;A;270;A
21.03.2025 17:30;94.34;A;4211.67;A;4214.13;A;12.03;A;7.02;A;4.84;A;20.79;A;27.28;A;36;A;14.88;A;33.28;A;1018.45;A;26;A;0;A;10;A;154;A;0;A;216.67;A
21.03.2025 17:45;94.38;A;4212.2;A;4214;A;12.99;A;8.12;A;5.63;A;20.57;A;27.28;A;36;A;14.57;A;33.86;A;1018.38;A;24;A;0;A;11;A;197;A;0;A;196.67;A
21.03.2025 18:00;94.41;A;4212.73;A;4214;A;13.45;A;8.51;A;5.68;A;20.32;A;28.01;A;35;A;14.23;A;35.05;A;1018.39;A;23;A;0;A;12;A;161;A;0;A;200;A
21.03.2025 18:15;94.42;A;4212.8;A;4214.4;A;20.92;A;12.26;A;8.39;A;20;A;28.59;A;34;A;13.74;A;35.89;A;1018.68;A;20;A;0;A;14;A;163;A;0;A;190;A
21.03.2025 18:30;94.44;A;4212.8;A;4214.27;A;30.21;A;17.52;A;11.6;A;19.57;A;29.38;A;34;A;13.09;A;37.81;A;1018.72;A;11;A;0;A;24;A;270;A;0;A;223.33;A
21.03.2025 18:45;94.44;A;4212.87;A;4214.33;A;57.32;A;28.19;A;17.58;A;19.04;A;30.94;A;38;A;12.51;A;40.16;A;1018.78;A;0;A;0;A;47;A;886;A;0;A;223.33;A
21.03.2025 19:00;94.45;A;4212.8;A;4214.6;A;43.93;A;23.11;A;14.47;A;18.49;A;32.85;A;33;A;11.91;A;42.03;A;1018.82;A;0;A;1;A;41;A;675;A;0;A;143.33;A
21.03.2025 19:15;94.45;A;4212.93;A;4214.73;A;59.13;A;30;A;18.63;A;17.97;A;33.68;A;34;A;11.31;A;44.33;A;1018.82;A;0;A;1;A;43;A;811;A;0;A;186.67;A
21.03.2025 19:30;94.45;A;4212.8;A;4213.93;A;71.38;A;35.28;A;21.76;A;17.39;A;35.17;A;31;A;10.74;A;46.83;A;1018.87;A;0;A;2;A;40;A;858;A;0;A;213.33;A
21.03.2025 19:45;94.44;A;4206.13;A;4206.67;A;79.37;A;45.63;A;29.24;A;16.83;A;36.86;A;29;A;10.22;A;49.06;A;1018.96;A;0;A;3;A;37;A;853;A;0;A;190;A
21.03.2025 20:00;94.24;A;4195.47;A;4194.73;A;96.21;A;57.19;A;36.61;A;16.22;A;39.01;A;27;A;9.67;A;52.26;A;1018.9;A;0;A;4;A;34;A;854;A;0;A;213.33;A
21.03.2025 20:15;94.28;A;4211.2;A;4213.2;A;130.44;A;83.26;A;54.39;A;15.6;A;40.45;A;24;A;9.17;A;53.53;A;1018.95;A;0;A;6;A;32;A;912;A;0;A;170;A
21.03.2025 20:30;94.34;A;4211.73;A;4213;A;188.55;A;127.84;A;83.24;A;15.1;A;41;A;25;A;8.76;A;54.59;A;1018.94;A;0;A;7;A;33;A;1110;A;0;A;226.67;A
21.03.2025 20:45;94.39;A;4212.8;A;4214.2;A;168.3;A;114.05;A;74.34;A;14.56;A;42.8;A;24;A;8.33;A;56.5;A;1019.02;A;0;A;9;A;30;A;1095;A;0;A;146.67;A
21.03.2025 21:00;94.41;A;4212.93;A;4214.2;A;218.27;A;145.66;A;95.74;A;14.16;A;43.52;A;26;A;8;A;57.32;A;1018.92;A;0;A;10;A;32;A;1378;A;0;A;303.33;A
21.03.2025 21:15;94.43;A;4212.8;A;4214;A;219.54;A;151.73;A;96.89;A;13.84;A;42.51;A;26;A;8.21;A;53.83;A;1019.09;A;0;A;8;A;33;A;961;A;0;A;170;A
21.03.2025 21:30;94.44;A;4212.87;A;4213.73;A;96.82;A;66.68;A;44.41;A;13.76;A;41.35;A;27;A;8.46;A;51.54;A;1019.2;A;2;A;4;A;28;A;495;A;0;A;260;A
21.03.2025 21:45;94.44;A;4212.93;A;4214.27;A;38.81;A;24.52;A;16.64;A;13.8;A;41.02;A;25;A;8.47;A;51.23;A;1019.24;A;11;A;2;A;14;A;207;A;0.33;A;216.67;A
21.03.2025 22:00;94.4;A;4204.93;A;4205.47;A;29.51;A;18;A;12.04;A;13.83;A;40.91;A;25;A;8.3;A;51.92;A;1019.11;A;15;A;2;A;10;A;133;A;0;A;210;A
21.03.2025 22:15;94.39;A;4212.73;A;4213.47;A;22.52;A;14.76;A;10.11;A;13.73;A;40.8;A;25;A;8.1;A;51.99;A;1019.08;A;16;A;1;A;8;A;109;A;0;A;226.67;A
21.03.2025 22:30;94.42;A;4212.87;A;4214;A;22.1;A;14.7;A;10.2;A;13.62;A;40.5;A;25;A;7.99;A;51.95;A;1019.03;A;18;A;1;A;8;A;114;A;0;A;290;A
21.03.2025 22:45;94.43;A;4212.87;A;4213.6;A;24.49;A;14.6;A;10.02;A;13.48;A;41.2;A;25;A;7.82;A;52.9;A;1019.05;A;15;A;1;A;10;A;121;A;0;A;243.33;A
21.03.2025 23:00;94.44;A;4212.93;A;4214.47;A;22.09;A;15.59;A;10.79;A;13.3;A;42.19;A;23;A;7.45;A;55.1;A;1019.11;A;12;A;1;A;11;A;132;A;0;A;230;A
21.03.2025 23:15;94.35;A;4189.47;A;4186.8;A;33.45;A;21.14;A;14.78;A;13.08;A;43.01;A;24;A;7.19;A;55.84;A;1019.05;A;7;A;1;A;17;A;202;A;0;A;213.33;A
21.03.2025 23:30;94.17;A;4203.27;A;4203.73;A;34.5;A;21.61;A;14.62;A;12.78;A;44.03;A;23;A;6.81;A;58.06;A;1019.16;A;6;A;1;A;17;A;194;A;0;A;193.33;A
21.03.2025 23:45;94.27;A;4211.4;A;4212.87;A;29.74;A;19.59;A;13.73;A;12.49;A;44.71;A;22;A;6.73;A;57.51;A;1019.21;A;7;A;2;A;15;A;194;A;0.33;A;243.33;A
22.03.2025 00:00;94.34;A;4212.07;A;4213.27;A;35.96;A;23.52;A;16.63;A;12.24;A;45.29;A;22;A;6.36;A;59.58;A;1019.4;A;8;A;2;A;13;A;187;A;0;A;250;A
22.03.2025 00:15;94.38;A;4212.87;A;4213.33;A;39;A;27.2;A;18.91;A;11.97;A;46.11;A;20;A;6.03;A;61.16;A;1019.23;A;8;A;2;A;13;A;197;A;0;A;223.33;A
22.03.2025 00:30;94.41;A;4212.87;A;4213.6;A;45.34;A;32.93;A;23.01;A;11.72;A;47.41;A;19;A;5.84;A;61.81;A;1019.25;A;6;A;3;A;14;A;288;A;0;A;243.33;A
22.03.2025 00:45;94.43;A;4213;A;4214.13;A;51.37;A;38.87;A;26.62;A;11.48;A;47.38;A;19;A;5.51;A;62.41;A;1019.25;A;5;A;3;A;14;A;381;A;0.67;A;193.33;A
22.03.2025 01:00;94.44;A;4213.47;A;4214.07;A;52.02;A;37.24;A;25.67;A;11.2;A;47.59;A;20;A;5.2;A;63.21;A;1019.2;A;6;A;3;A;14;A;323;A;0;A;326.67;A
22.03.2025 01:15;94.44;A;4213.67;A;4213.93;A;40.14;A;29.27;A;20.26;A;10.89;A;48.39;A;19;A;5.11;A;62.9;A;1019.15;A;8;A;2;A;11;A;225;A;0;A;146.67;A
22.03.2025 01:30;94.45;A;4213.53;A;4213.73;A;40.49;A;29.36;A;20.78;A;10.69;A;48.26;A;20;A;4.95;A;62.92;A;1019.03;A;9;A;2;A;11;A;200;A;0;A;306.67;A
22.03.2025 01:45;94.45;A;4213.73;A;4213.6;A;38.84;A;28.75;A;20.49;A;10.49;A;48.76;A;19;A;4.79;A;63.67;A;1018.9;A;8;A;2;A;11;A;197;A;0;A;226.67;A
22.03.2025 02:00;94.43;A;4203.2;A;4201.67;A;45.13;A;33.43;A;23.16;A;10.33;A;49.56;A;19;A;4.64;A;65.21;A;1018.86;A;8;A;3;A;11;A;206;A;0.33;A;306.67;A
22.03.2025 02:15;94.21;A;4189.73;A;4187.2;A;42.41;A;32.01;A;22.65;A;10.18;A;49.92;A;19;A;4.44;A;64.89;A;1018.91;A;8;A;2;A;11;A;190;A;0;A;313.33;A
22.03.2025 02:30;94.23;A;4211;A;4212.27;A;39.75;A;29.04;A;20.24;A;9.97;A;49.92;A;18;A;4.19;A;65.21;A;1018.94;A;9;A;2;A;10;A;157;A;0.33;A;266.67;A
22.03.2025 02:45;94.31;A;4211.87;A;4212.53;A;68.37;A;52.65;A;35.27;A;9.77;A;51.02;A;18;A;3.88;A;67.78;A;1019.06;A;7;A;3;A;11;A;221;A;0.33;A;256.67;A
22.03.2025 03:00;94.36;A;4212.87;A;4213.07;A;63.83;A;48.09;A;33.07;A;9.54;A;52.03;A;16;A;3.84;A;68.25;A;1019.05;A;6;A;4;A;10;A;223;A;0;A;293.33;A
22.03.2025 03:15;94.4;A;4212.93;A;4213.33;A;62.52;A;46.93;A;32.41;A;9.36;A;52.85;A;15;A;3.52;A;70.22;A;1018.97;A;4;A;4;A;11;A;252;A;0.33;A;316.67;A
22.03.2025 03:30;94.42;A;4212.93;A;4213.13;A;58.9;A;44.48;A;30.46;A;9.17;A;53.47;A;14;A;3.25;A;71;A;1018.97;A;3;A;6;A;11;A;259;A;0.33;A;206.67;A
22.03.2025 03:45;94.43;A;4213.53;A;4213.53;A;48.08;A;36.8;A;25.47;A;8.93;A;54.16;A;15;A;3.04;A;72.19;A;1018.91;A;2;A;6;A;12;A;275;A;0.33;A;330;A
22.03.2025 04:00;94.44;A;4208.73;A;4207.87;A;46.21;A;35.43;A;24.29;A;8.63;A;54.91;A;15;A;2.88;A;72.29;A;1018.86;A;3;A;5;A;12;A;259;A;0;A;203.33;A
22.03.2025 04:15;94.27;A;4193.2;A;4190.93;A;43.03;A;31.66;A;22.1;A;8.44;A;55.68;A;15;A;2.59;A;73.87;A;1018.81;A;2;A;5;A;12;A;354;A;0;A;260;A
22.03.2025 04:30;94.29;A;4211.87;A;4212.4;A;36.03;A;26.02;A;18.13;A;8.21;A;55.46;A;17;A;2.62;A;71.91;A;1018.82;A;2;A;4;A;14;A;310;A;0;A;133.33;A
22.03.2025 04:45;94.35;A;4212.67;A;4212.4;A;29.33;A;20.89;A;14.38;A;8.15;A;54.02;A;21;A;2.8;A;68.97;A;1018.7;A;4;A;1;A;17;A;149;A;0;A;130;A
22.03.2025 05:00;94.39;A;4212.87;A;4213.33;A;27.62;A;20.19;A;13.67;A;8.18;A;53.74;A;20;A;2.8;A;69.28;A;1018.73;A;1;A;1;A;20;A;130;A;0;A;130;A
22.03.2025 05:15;94.41;A;4213;A;4213.13;A;28.07;A;18.82;A;13.33;A;8.19;A;53.62;A;20;A;2.71;A;69.53;A;1018.7;A;2;A;1;A;19;A;122;A;0;A;130;A
22.03.2025 05:30;94.43;A;4213.27;A;4213.27;A;26.42;A;19.64;A;13.71;A;8.13;A;53.32;A;20;A;2.57;A;69.09;A;1018.83;A;1;A;1;A;19;A;127;A;0;A;190;A
22.03.2025 05:45;94.44;A;4213.73;A;4213.47;A;30.97;A;20.92;A;14.09;A;8.04;A;53.08;A;21;A;2.46;A;69.26;A;1018.97;A;1;A;1;A;20;A;128;A;0;A;206.67;A
22.03.2025 06:00;94.44;A;4213.67;A;4213.67;A;33.31;A;20.52;A;13.91;A;7.97;A;53.27;A;21;A;2.47;A;69.04;A;1019.12;A;3;A;1;A;18;A;126;A;0;A;190;A
22.03.2025 06:15;94.45;A;4213.73;A;4213.2;A;26.04;A;18.63;A;13.14;A;7.96;A;53.1;A;20;A;2.51;A;69.11;A;1019.12;A;4;A;1;A;16;A;124;A;0;A;286.67;A
22.03.2025 06:30;94.45;A;4213.73;A;4213.67;A;26.92;A;18.43;A;13.14;A;8.04;A;53.28;A;19;A;2.79;A;68.27;A;1019.15;A;5;A;1;A;14;A;125;A;0;A;250;A
22.03.2025 06:45;94.32;A;4191.2;A;4188.33;A;33.27;A;21.02;A;14.41;A;8.31;A;53.83;A;22;A;3.52;A;67.98;A;1019.3;A;1;A;1;A;22;A;178;A;0.67;A;326.67;A
22.03.2025 07:00;94.29;A;4211.53;A;4212.67;A;30.72;A;21.77;A;15;A;9.08;A;51.7;A;20;A;4.73;A;61.58;A;1019.26;A;2;A;0;A;18;A;158;A;0.67;A;266.67;A
22.03.2025 07:15;94.35;A;4212.2;A;4213.27;A;29.06;A;20.77;A;14.38;A;10.38;A;48.01;A;23;A;6.1;A;57.52;A;1019.25;A;1;A;0;A;22;A;140;A;0.67;A;320;A
22.03.2025 07:30;94.39;A;4212.6;A;4213.73;A;29.03;A;19.49;A;13.25;A;11.87;A;44.29;A;24;A;7.12;A;52.94;A;1019.15;A;3;A;0;A;22;A;131;A;0.67;A;323.33;A
22.03.2025 07:45;94.41;A;4212.87;A;4214;A;26.92;A;18.18;A;12.84;A;13.22;A;41.21;A;25;A;8.55;A;50.17;A;1019.25;A;5;A;0;A;21;A;126;A;0.33;A;336.67;A
22.03.2025 08:00;94.43;A;4212.73;A;4214.33;A;22.01;A;14.4;A;10.19;A;14.73;A;38.27;A;27;A;9.47;A;46.48;A;1019.13;A;10;A;0;A;16;A;111;A;1;A;336.67;A
22.03.2025 08:15;94.44;A;4212.8;A;4214.67;A;14.91;A;10.39;A;7.38;A;15.99;A;35.33;A;29;A;10.23;A;43.71;A;1019.36;A;14;A;0;A;15;A;89;A;1.67;A;336.67;A
22.03.2025 08:30;94.43;A;4204.4;A;4204.53;A;15.66;A;10.94;A;7.86;A;17.05;A;34.04;A;28;A;11.1;A;42.56;A;1019.2;A;14;A;0;A;14;A;94;A;0.33;A;343.33;A
22.03.2025 08:45;94.21;A;4189.27;A;4187.8;A;17.48;A;12.48;A;8.68;A;17.89;A;33.1;A;29;A;11.72;A;42.29;A;1019.29;A;14;A;0;A;15;A;101;A;0.33;A;336.67;A
22.03.2025 09:00;94.22;A;4210.27;A;4213.2;A;20.53;A;14.61;A;10.74;A;18.65;A;32.38;A;29;A;12.51;A;40.94;A;1019.33;A;18;A;0;A;10;A;107;A;0.33;A;196.67;A
22.03.2025 09:15;94.3;A;4211.2;A;4214.27;A;20.09;A;14.52;A;10.42;A;19.49;A;31.56;A;30;A;13.25;A;39.35;A;1019.37;A;19;A;0;A;11;A;110;A;0;A;196.67;A
22.03.2025 09:30;94.36;A;4211.73;A;4214.07;A;18.98;A;14.24;A;10.12;A;20.29;A;30.62;A;32;A;13.98;A;38.29;A;1019.33;A;22;A;0;A;10;A;107;A;1;A;336.67;A
22.03.2025 09:45;94.39;A;4212;A;4214.47;A;19.17;A;14.8;A;10.85;A;21.03;A;29.49;A;32;A;15.04;A;36.5;A;1019.36;A;23;A;0;A;9;A;115;A;0;A;343.33;A
22.03.2025 10:00;94.41;A;4212.53;A;4214.87;A;18.72;A;14.26;A;10.39;A;21.81;A;28.14;A;34;A;15.57;A;35.41;A;1019.33;A;24;A;0;A;9;A;108;A;0.33;A;160;A
22.03.2025 10:15;94.43;A;4212.73;A;4215;A;18.6;A;13.98;A;10.16;A;22.47;A;27.62;A;34;A;16;A;34.29;A;1019.21;A;23;A;0;A;10;A;114;A;0;A;273.33;A
22.03.2025 10:30;94.44;A;4212.8;A;4215.2;A;19.43;A;14.25;A;10.48;A;23.16;A;26.69;A;34;A;16.24;A;34.2;A;1019.18;A;24;A;0;A;10;A;109;A;0.33;A;340;A
22.03.2025 10:45;94.44;A;4212.67;A;4215.2;A;19.56;A;14.91;A;10.84;A;23.61;A;26.67;A;34;A;16.56;A;33.86;A;1018.83;A;25;A;0;A;9;A;128;A;1;A;256.67;A
22.03.2025 11:00;94.35;A;4190.33;A;4189;A;19.99;A;14.91;A;11.04;A;23.8;A;25.98;A;36;A;16.86;A;32.9;A;1018.73;A;27;A;0;A;9;A;97;A;1;A;343.33;A
22.03.2025 11:15;94.24;A;4210.6;A;4214;A;20.99;A;15.37;A;11.24;A;23.91;A;25.73;A;37;A;16.93;A;33.05;A;1018.72;A;28;A;0;A;9;A;99;A;1.67;A;343.33;A
22.03.2025 11:30;94.32;A;4211.2;A;4214.27;A;20.49;A;15.52;A;10.96;A;24.05;A;25.49;A;37;A;17.18;A;31.71;A;1018.62;A;28;A;0;A;9;A;98;A;1;A;226.67;A
22.03.2025 11:45;94.36;A;4211.8;A;4214.33;A;20.53;A;14.64;A;10.49;A;24.3;A;24.88;A;38;A;17.87;A;30.25;A;1018.66;A;28;A;0;A;10;A;95;A;1;A;233.33;A
22.03.2025 12:00;94.39;A;4211.93;A;4214.6;A;19.34;A;14.36;A;10.14;A;24.53;A;24.27;A;39;A;18.09;A;29.94;A;1018.5;A;30;A;0;A;9;A;90;A;0.33;A;263.33;A
22.03.2025 12:15;94.41;A;4212.6;A;4214.53;A;18.59;A;13.4;A;10.01;A;24.8;A;23.57;A;40;A;18;A;29.35;A;1018.4;A;30;A;0;A;10;A;93;A;0.33;A;160;A
22.03.2025 12:30;94.43;A;4212.73;A;4214.87;A;19.15;A;14.01;A;10.22;A;24.78;A;23.78;A;40;A;17.83;A;29.28;A;1018.37;A;30;A;0;A;10;A;108;A;0;A;150;A
22.03.2025 12:45;94.44;A;4212.67;A;4214.93;A;20.41;A;14.31;A;10.32;A;24.48;A;23.56;A;40;A;17.6;A;29.35;A;1018.27;A;30;A;0;A;10;A;125;A;0;A;146.67;A
22.03.2025 13:00;94.44;A;4212.93;A;4215.4;A;19.9;A;14.14;A;10.07;A;24.12;A;23.25;A;41;A;17.47;A;28.42;A;1018.16;A;31;A;0;A;10;A;132;A;0.33;A;153.33;A
22.03.2025 13:15;94.32;A;4185.53;A;4184.4;A;20.04;A;14.13;A;10.43;A;23.9;A;22.77;A;41;A;17.48;A;27.33;A;1018.13;A;30;A;0;A;11;A;321;A;0;A;30;A
22.03.2025 13:30;94.18;A;4207.4;A;4210.2;A;19.27;A;13.51;A;9.81;A;23.71;A;22.78;A;41;A;17.3;A;27.17;A;1017.99;A;32;A;0;A;10;A;108;A;0.33;A;163.33;A
22.03.2025 13:45;94.28;A;4210.73;A;4213.33;A;18.25;A;13.02;A;9.32;A;23.54;A;22.94;A;41;A;17.33;A;27.39;A;1017.95;A;30;A;0;A;11;A;113;A;0.33;A;106.67;A
22.03.2025 14:00;94.34;A;4211.67;A;4213.47;A;19.19;A;13.5;A;9.37;A;23.48;A;23.27;A;40;A;17.44;A;27.07;A;1017.97;A;32;A;0;A;8;A;83;A;0.33;A;96.67;A
22.03.2025 14:15;94.38;A;4211.87;A;4214.53;A;17.81;A;13.25;A;9.57;A;23.47;A;21.95;A;43;A;17.49;A;25.08;A;1017.84;A;35;A;0;A;8;A;86;A;0.33;A;340;A
22.03.2025 14:30;94.41;A;4212.67;A;4214.2;A;15.15;A;11.56;A;8.57;A;23.57;A;20.75;A;45;A;17.74;A;23.66;A;1017.69;A;37;A;0;A;8;A;75;A;0.67;A;333.33;A
22.03.2025 14:45;94.42;A;4212.8;A;4214.53;A;17.58;A;12.23;A;8.61;A;23.73;A;20.39;A;45;A;17.78;A;23.3;A;1017.55;A;36;A;0;A;8;A;88;A;0.33;A;170;A
22.03.2025 15:00;94.44;A;4212.8;A;4214.93;A;14.97;A;10.92;A;7.74;A;23.84;A;19.76;A;46;A;17.72;A;23.06;A;1017.51;A;36;A;0;A;9;A;84;A;0.67;A;346.67;A
22.03.2025 15:15;94.44;A;4213;A;4215.27;A;17.67;A;11.91;A;8.05;A;23.86;A;20.47;A;43;A;17.75;A;24.2;A;1017.44;A;34;A;0;A;9;A;127;A;0;A;96.67;A
22.03.2025 15:30;94.45;A;4212.8;A;4214.93;A;16.93;A;11.6;A;8.35;A;23.85;A;20.6;A;43;A;17.7;A;24.51;A;1017.45;A;33;A;0;A;10;A;132;A;0;A;136.67;A
22.03.2025 15:45;94.43;A;4204.27;A;4204.73;A;15.86;A;11.14;A;7.91;A;23.8;A;20.68;A;43;A;17.47;A;23.89;A;1017.42;A;35;A;0;A;8;A;86;A;0;A;140;A
22.03.2025 16:00;94.24;A;4196.2;A;4197.2;A;15.96;A;11.23;A;7.98;A;23.68;A;20.68;A;43;A;17.43;A;24.49;A;1017.42;A;35;A;0;A;9;A;103;A;0;A;116.67;A
22.03.2025 16:15;94.29;A;4211;A;4213.73;A;16.31;A;11.97;A;8.49;A;23.53;A;21.01;A;44;A;17.34;A;25.21;A;1017.44;A;35;A;0;A;8;A;90;A;0;A;240;A
22.03.2025 16:30;94.35;A;4211.67;A;4213.93;A;17.89;A;12.25;A;8.86;A;23.4;A;21.15;A;43;A;17.22;A;25.28;A;1017.47;A;34;A;0;A;9;A;96;A;0;A;146.67;A
22.03.2025 16:45;94.39;A;4212.07;A;4214.13;A;20.32;A;13.92;A;9.9;A;23.28;A;22.51;A;41;A;17.07;A;27.29;A;1017.47;A;30;A;0;A;11;A;152;A;0;A;206.67;A
22.03.2025 17:00;94.41;A;4212.8;A;4214.6;A;20.55;A;16.03;A;12.12;A;23.14;A;22.82;A;41;A;16.84;A;27.86;A;1017.45;A;24;A;0;A;16;A;442;A;0;A;53.33;A
22.03.2025 17:15;94.43;A;4212.6;A;4214.4;A;21.01;A;14.56;A;10.28;A;22.95;A;23.55;A;39;A;16.6;A;28.54;A;1017.52;A;30;A;0;A;10;A;176;A;0;A;133.33;A
22.03.2025 17:30;94.44;A;4212.73;A;4214.8;A;26.24;A;18.24;A;12.9;A;22.67;A;23.91;A;40;A;16.34;A;29.02;A;1017.73;A;29;A;0;A;11;A;208;A;0;A;140;A
22.03.2025 17:45;94.44;A;4212.73;A;4214.6;A;26.54;A;17.27;A;12.03;A;22.37;A;24.67;A;39;A;16.08;A;30.45;A;1018.11;A;28;A;0;A;11;A;182;A;0;A;253.33;A
22.03.2025 18:00;94.39;A;4204.8;A;4206.33;A;30.06;A;17.77;A;12.02;A;22.06;A;24.56;A;39;A;15.81;A;29.65;A;1018.09;A;27;A;0;A;12;A;186;A;0.33;A;153.33;A
22.03.2025 18:15;94.38;A;4212;A;4214.13;A;31.46;A;18.54;A;13.06;A;21.74;A;25.15;A;38;A;15.49;A;31.09;A;1018.15;A;23;A;0;A;15;A;216;A;0;A;190;A
22.03.2025 18:30;94.41;A;4212.73;A;4214.27;A;34.69;A;22.78;A;15.56;A;21.46;A;25.43;A;37;A;15.34;A;31.22;A;1018.14;A;22;A;0;A;15;A;195;A;0;A;156.67;A
22.03.2025 18:45;94.43;A;4212.8;A;4214.4;A;42.61;A;27.47;A;19.2;A;21.22;A;25.86;A;37;A;15.11;A;31.82;A;1018.29;A;19;A;0;A;18;A;256;A;0;A;290;A
22.03.2025 19:00;94.44;A;4212.93;A;4214.93;A;57.84;A;39.65;A;28.26;A;20.98;A;26.05;A;37;A;14.83;A;32.25;A;1018.35;A;18;A;0;A;19;A;347;A;0;A;130;A
22.03.2025 19:15;94.45;A;4212.87;A;4214.73;A;64.37;A;45.14;A;31.35;A;20.71;A;26.99;A;36;A;14.53;A;33.71;A;1018.46;A;13;A;0;A;22;A;427;A;0;A;133.33;A
22.03.2025 19:30;94.35;A;4190.13;A;4188.6;A;41.41;A;28.16;A;19.04;A;20.46;A;27.18;A;37;A;14.22;A;34.87;A;1018.69;A;23;A;0;A;14;A;361;A;0.33;A;110;A
22.03.2025 19:45;94.18;A;4203.27;A;4204.4;A;28.98;A;19.12;A;13.07;A;20.09;A;28.63;A;35;A;13.78;A;36.27;A;1019.02;A;24;A;0;A;11;A;266;A;0.33;A;123.33;A
22.03.2025 20:00;94.27;A;4210.93;A;4213;A;31.69;A;20.6;A;14.32;A;19.68;A;29.76;A;32;A;13.4;A;37.93;A;1019.25;A;21;A;0;A;11;A;154;A;0;A;106.67;A
22.03.2025 20:15;94.34;A;4211.73;A;4214;A;28.95;A;20.41;A;13.8;A;19.36;A;30.91;A;31;A;13.16;A;38.16;A;1019.53;A;22;A;0;A;9;A;155;A;0.67;A;193.33;A
22.03.2025 20:30;94.38;A;4212.27;A;4214.07;A;19.12;A;12.24;A;8.76;A;19.09;A;30.5;A;32;A;13.02;A;37.87;A;1019.63;A;25;A;0;A;7;A;109;A;0;A;73.33;A
22.03.2025 20:45;94.41;A;4212.8;A;4214.13;A;15.08;A;9.25;A;6.26;A;18.88;A;30.55;A;31;A;12.81;A;38.35;A;1019.73;A;24;A;0;A;8;A;86;A;0.33;A;196.67;A
22.03.2025 21:00;94.43;A;4212.73;A;4214.07;A;13.84;A;8.97;A;6.28;A;18.67;A;31.06;A;31;A;12.57;A;38.83;A;1019.9;A;24;A;0;A;7;A;95;A;0.33;A;196.67;A
22.03.2025 21:15;94.44;A;4213;A;4215;A;13.19;A;9.01;A;6.56;A;18.45;A;31.5;A;30;A;12.27;A;39.55;A;1020.16;A;23;A;0;A;7;A;91;A;0.67;A;266.67;A
22.03.2025 21:30;94.44;A;4212.8;A;4214.53;A;15.25;A;10.16;A;7.11;A;18.16;A;31.85;A;30;A;12;A;39.86;A;1020.15;A;23;A;0;A;7;A;100;A;0;A;226.67;A
22.03.2025 21:45;94.37;A;4205.27;A;4206;A;15.15;A;10.18;A;6.99;A;17.88;A;32.08;A;30;A;11.66;A;40.64;A;1020.02;A;22;A;0;A;8;A;102;A;0;A;336.67;A
22.03.2025 22:00;94.4;A;4212.53;A;4214;A;16.24;A;10.57;A;7.24;A;17.59;A;32.6;A;30;A;11.36;A;41.09;A;1020.29;A;18;A;0;A;11;A;104;A;0;A;156.67;A
22.03.2025 22:15;94.42;A;4212.8;A;4213.93;A;17.88;A;11.15;A;7.81;A;17.32;A;33.16;A;30;A;11.22;A;41.78;A;1020.55;A;17;A;0;A;13;A;106;A;0;A;166.67;A
22.03.2025 22:30;94.44;A;4212.87;A;4214.13;A;22.09;A;12.29;A;8.27;A;17.1;A;33.11;A;30;A;10.95;A;41.65;A;1020.72;A;17;A;0;A;14;A;114;A;0;A;273.33;A
22.03.2025 22:45;94.45;A;4212.8;A;4214.07;A;16.15;A;10.52;A;7.11;A;16.84;A;33.18;A;30;A;10.7;A;41.6;A;1020.95;A;19;A;0;A;11;A;96;A;0;A;263.33;A
22.03.2025 23:00;94.45;A;4212.87;A;4214.2;A;18.8;A;11.46;A;7.71;A;16.6;A;33.36;A;31;A;10.52;A;42.27;A;1021.18;A;19;A;0;A;11;A;103;A;0.33;A;226.67;A
22.03.2025 23:15;94.45;A;4205.6;A;4206.67;A;21.41;A;14.75;A;10.19;A;16.36;A;35.12;A;29;A;10.36;A;45.27;A;1021.29;A;19;A;0;A;10;A;122;A;0.33;A;226.67;A
22.03.2025 23:30;94.38;A;4212.2;A;4213.73;A;21.06;A;13.29;A;9.45;A;16.19;A;36.58;A;28;A;10.29;A;46.59;A;1021.39;A;16;A;0;A;13;A;120;A;0.33;A;230;A
22.03.2025 23:45;94.41;A;4212.8;A;4214.07;A;19.74;A;11.61;A;8.11;A;16.01;A;37.18;A;28;A;10.15;A;47.71;A;1021.39;A;11;A;0;A;17;A;105;A;0.67;A;333.33;A
23.03.2025 00:00;94.43;A;4212.87;A;4214.33;A;22.58;A;14.03;A;9.91;A;15.84;A;38.08;A;27;A;9.92;A;48.41;A;1021.41;A;13;A;0;A;14;A;115;A;0.33;A;340;A
23.03.2025 00:15;94.44;A;4212.87;A;4214.13;A;18.68;A;11.01;A;7.67;A;15.63;A;37.94;A;28;A;9.62;A;48.88;A;1021.59;A;11;A;0;A;16;A;100;A;0.33;A;326.67;A
23.03.2025 00:30;94.45;A;4212.8;A;4214.6;A;20.5;A;12.91;A;8.85;A;15.34;A;38.64;A;26;A;9.31;A;49.91;A;1021.72;A;14;A;0;A;12;A;100;A;0;A;173.33;A
23.03.2025 00:45;94.45;A;4212.87;A;4214.2;A;21.69;A;12.8;A;9.26;A;15.03;A;38.98;A;27;A;9.13;A;50.46;A;1021.77;A;16;A;0;A;11;A;110;A;0.33;A;280;A
23.03.2025 01:00;94.3;A;4187.27;A;4184.2;A;20.01;A;12.32;A;8.62;A;14.8;A;39.65;A;26;A;8.93;A;50.45;A;1021.78;A;13;A;0;A;13;A;112;A;0.33;A;266.67;A
23.03.2025 01:15;94.25;A;4210.87;A;4212.47;A;19.98;A;12.05;A;8.4;A;14.62;A;39.78;A;27;A;8.96;A;50.71;A;1021.78;A;10;A;0;A;17;A;98;A;0;A;323.33;A
23.03.2025 01:30;94.33;A;4212;A;4213.87;A;18.42;A;11.19;A;7.96;A;14.52;A;40.24;A;26;A;8.97;A;51.06;A;1021.87;A;10;A;0;A;16;A;99;A;0.33;A;200;A
23.03.2025 01:45;94.38;A;4212.33;A;4213.6;A;16.75;A;10.82;A;7.69;A;14.54;A;39.96;A;27;A;9;A;49.93;A;1021.81;A;13;A;0;A;14;A;97;A;0;A;270;A
23.03.2025 02:00;94.41;A;4212.87;A;4213.73;A;15.43;A;10.88;A;7.84;A;14.53;A;39.72;A;27;A;8.87;A;50.83;A;1021.73;A;13;A;0;A;14;A;97;A;0;A;190;A
23.03.2025 02:15;94.43;A;4212.8;A;4214.07;A;17.93;A;11.9;A;8.51;A;14.48;A;40.62;A;26;A;8.76;A;51.52;A;1021.85;A;11;A;0;A;15;A;118;A;0;A;250;A
23.03.2025 02:30;94.44;A;4212.8;A;4214.2;A;19.83;A;13;A;9.29;A;14.38;A;40.57;A;26;A;8.6;A;51.52;A;1022.03;A;10;A;0;A;16;A;115;A;0;A;150;A
23.03.2025 02:45;94.45;A;4213;A;4213.93;A;16.49;A;11.65;A;8.41;A;14.22;A;40.29;A;27;A;8.47;A;51.57;A;1022;A;17;A;0;A;10;A;105;A;0;A;150;A
23.03.2025 03:00;94.45;A;4213;A;4213.87;A;17.11;A;11.63;A;8.51;A;14.1;A;41.12;A;26;A;8.32;A;53.58;A;1021.97;A;18;A;0;A;8;A;100;A;0.33;A;153.33;A
23.03.2025 03:15;94.46;A;4212.93;A;4214.4;A;19.32;A;12.61;A;8.83;A;13.96;A;41.68;A;25;A;8.28;A;53.75;A;1021.82;A;16;A;0;A;9;A;116;A;0;A;206.67;A
23.03.2025 03:30;94.46;A;4213.67;A;4214.33;A;18.42;A;12.39;A;8.99;A;13.91;A;41.53;A;26;A;8.22;A;52.78;A;1021.72;A;17;A;0;A;9;A;110;A;0.67;A;340;A
23.03.2025 03:45;94.46;A;4213.13;A;4214.47;A;16.63;A;12.27;A;8.94;A;13.84;A;41.66;A;26;A;8.2;A;53.27;A;1021.58;A;18;A;0;A;8;A;115;A;0;A;183.33;A
23.03.2025 04:00;94.46;A;4213.47;A;4214.33;A;15.93;A;11.27;A;8.19;A;13.78;A;41.79;A;26;A;8.09;A;53.27;A;1021.54;A;20;A;0;A;6;A;111;A;0;A;326.67;A
23.03.2025 04:15;94.4;A;4194.8;A;4192.73;A;14.82;A;11.38;A;8.25;A;13.68;A;42.59;A;26;A;7.9;A;55.19;A;1021.53;A;19;A;0;A;7;A;119;A;0;A;136.67;A
23.03.2025 04:30;94.19;A;4199.2;A;4199.2;A;15.22;A;11.44;A;8.27;A;13.58;A;43.29;A;26;A;7.76;A;55.51;A;1021.72;A;20;A;0;A;6;A;101;A;0.67;A;333.33;A
23.03.2025 04:45;94.27;A;4211.27;A;4212.47;A;19.43;A;13.72;A;9.76;A;13.44;A;43.45;A;25;A;7.75;A;55.42;A;1021.87;A;19;A;0;A;6;A;111;A;0;A;130;A
23.03.2025 05:00;94.34;A;4211.87;A;4213.4;A;17.18;A;13.03;A;9.16;A;13.33;A;43.76;A;24;A;7.73;A;55.63;A;1021.94;A;18;A;0;A;6;A;109;A;0;A;183.33;A
23.03.2025 05:15;94.38;A;4212.6;A;4213.67;A;18.51;A;12.33;A;9.25;A;13.3;A;44.09;A;24;A;7.69;A;56.53;A;1022.13;A;17;A;0;A;7;A;111;A;0;A;180;A
23.03.2025 05:30;94.41;A;4212.8;A;4213.2;A;17.59;A;12.65;A;9.26;A;13.28;A;44.36;A;23;A;7.61;A;56.94;A;1022.34;A;17;A;0;A;6;A;111;A;0;A;166.67;A
23.03.2025 05:45;94.43;A;4213;A;4214.47;A;18.27;A;12.74;A;9.3;A;13.22;A;44.69;A;25;A;7.56;A;57.43;A;1022.48;A;18;A;0;A;7;A;139;A;0;A;276.67;A
23.03.2025 06:00;94.44;A;4212.8;A;4213.67;A;19.58;A;13.06;A;9.51;A;13.15;A;45.25;A;22;A;7.45;A;57.15;A;1022.66;A;15;A;0;A;8;A;136;A;0.33;A;106.67;A
23.03.2025 06:15;94.42;A;4202.07;A;4201;A;18.93;A;12.85;A;9.01;A;13.05;A;44.16;A;25;A;7.43;A;55.05;A;1022.91;A;15;A;0;A;9;A;115;A;0;A;233.33;A
23.03.2025 06:30;94.23;A;4198.13;A;4197.93;A;17.84;A;11.73;A;8.64;A;13.07;A;43.48;A;26;A;7.65;A;54.82;A;1022.97;A;17;A;0;A;9;A;107;A;0;A;253.33;A
23.03.2025 06:45;94.29;A;4211.33;A;4212.6;A;21.28;A;13.13;A;9.45;A;13.29;A;43.37;A;26;A;8.42;A;53.36;A;1022.92;A;15;A;0;A;11;A;118;A;0;A;310;A
23.03.2025 07:00;94.35;A;4211.87;A;4213.13;A;18.07;A;11.86;A;8.58;A;14.16;A;41.98;A;25;A;9.55;A;49.52;A;1022.91;A;17;A;0;A;8;A;116;A;0.33;A;326.67;A
23.03.2025 07:15;94.39;A;4212.47;A;4213.73;A;16.61;A;12.24;A;8.73;A;15.33;A;38.91;A;29;A;10.46;A;46.63;A;1022.82;A;17;A;0;A;12;A;131;A;0.33;A;333.33;A
23.03.2025 07:30;94.42;A;4212.87;A;4214.6;A;24.28;A;16.98;A;12;A;16.72;A;36.9;A;28;A;11.47;A;45.2;A;1023.08;A;10;A;0;A;18;A;188;A;0.33;A;270;A
23.03.2025 07:45;94.43;A;4212.87;A;4214.87;A;38.33;A;19.95;A;13.32;A;17.82;A;35.73;A;26;A;11.77;A;44.44;A;1023.13;A;11;A;0;A;15;A;231;A;0.67;A;263.33;A
23.03.2025 08:00;94.44;A;4212.73;A;4214.4;A;35.14;A;18.36;A;12.25;A;18.67;A;33.42;A;28;A;12.31;A;41.92;A;1023.07;A;16;A;0;A;11;A;203;A;0.33;A;233.33;A
23.03.2025 08:15;94.45;A;4212.8;A;4214.87;A;15.95;A;10.51;A;7.63;A;19.46;A;31.51;A;30;A;13.33;A;38.56;A;1023.02;A;20;A;0;A;9;A;115;A;0;A;256.67;A
23.03.2025 08:30;94.45;A;4212.8;A;4214.4;A;15.05;A;10.2;A;7.15;A;20.37;A;29.28;A;32;A;14.03;A;36.5;A;1023.13;A;22;A;0;A;10;A;188;A;0;A;126.67;A
23.03.2025 08:45;94.45;A;4212.73;A;4214.93;A;20.4;A;12.36;A;8.87;A;21.06;A;28.1;A;34;A;14.24;A;36.1;A;1023.21;A;20;A;0;A;14;A;623;A;0;A;103.33;A
23.03.2025 09:00;94.43;A;4207.67;A;4208.67;A;20.43;A;12.35;A;8.95;A;21.4;A;27.89;A;34;A;14.38;A;36.29;A;1023.21;A;19;A;0;A;14;A;635;A;0.67;A;110;A
23.03.2025 09:15;94.4;A;4212.2;A;4214.6;A;16.28;A;10.2;A;7.66;A;21.45;A;28.14;A;33;A;14.59;A;36.11;A;1023.19;A;23;A;0;A;10;A;322;A;0.67;A;83.33;A
23.03.2025 09:30;94.42;A;4212.87;A;4215.07;A;15.72;A;9.85;A;7.12;A;21.63;A;27.75;A;34;A;15.13;A;34.89;A;1023.35;A;25;A;0;A;9;A;218;A;0;A;86.67;A
23.03.2025 09:45;94.43;A;4212.87;A;4215.4;A;11.83;A;7.65;A;5.5;A;21.97;A;27.04;A;34;A;15.36;A;33.89;A;1023.38;A;25;A;0;A;9;A;127;A;0;A;76.67;A
23.03.2025 10:00;94.44;A;4212.73;A;4215.07;A;11.55;A;7.77;A;5.36;A;22.25;A;26.46;A;35;A;15.47;A;33.42;A;1023.34;A;26;A;0;A;9;A;118;A;0;A;96.67;A
23.03.2025 10:15;94.45;A;4212.87;A;4214.87;A;11.47;A;7.46;A;5.46;A;22.28;A;26.35;A;36;A;15.46;A;33.71;A;1023.25;A;27;A;0;A;9;A;181;A;0;A;116.67;A
23.03.2025 10:30;94.45;A;4212.8;A;4214.67;A;14.88;A;8.97;A;6.21;A;22.28;A;26.43;A;34;A;15.66;A;33.43;A;1023.35;A;26;A;0;A;8;A;175;A;0;A;110;A
23.03.2025 10:45;94.45;A;4212.73;A;4214.73;A;18.19;A;10.05;A;6.83;A;22.24;A;25.7;A;37;A;15.5;A;32.17;A;1023.42;A;28;A;0;A;8;A;169;A;1;A;130;A
23.03.2025 11:00;94.45;A;4212.8;A;4215.07;A;16.2;A;9.53;A;6.57;A;22.07;A;25.68;A;37;A;15.55;A;32.87;A;1023.36;A;27;A;0;A;9;A;165;A;0.67;A;93.33;A
23.03.2025 11:15;94.45;A;4212.87;A;4214.53;A;13.6;A;8.69;A;6.01;A;21.97;A;25.59;A;37;A;15.24;A;32.17;A;1023.39;A;29;A;0;A;8;A;119;A;0;A;50;A
23.03.2025 11:30;94.45;A;4212.87;A;4214.67;A;11.33;A;8.03;A;5.84;A;21.76;A;25.44;A;38;A;15.18;A;31.03;A;1023.3;A;30;A;0;A;8;A;106;A;0.67;A;83.33;A
23.03.2025 11:45;94.45;A;4213;A;4215.4;A;11.28;A;7.93;A;5.55;A;21.57;A;25.2;A;37;A;15.09;A;31.32;A;1023.34;A;30;A;0;A;7;A;105;A;0.67;A;130;A
23.03.2025 12:00;94.45;A;4212.87;A;4215.13;A;10.67;A;6.81;A;4.96;A;21.51;A;24.95;A;39;A;15.15;A;31.03;A;1023.41;A;30;A;0;A;8;A;99;A;0.33;A;56.67;A
23.03.2025 12:15;94.45;A;4212.8;A;4215.2;A;7.87;A;5.8;A;4.17;A;21.38;A;25.74;A;37;A;14.7;A;32.45;A;1023.34;A;30;A;0;A;8;A;98;A;1.33;A;130;A
23.03.2025 12:30;94.45;A;4212.87;A;4215.2;A;7.49;A;5.14;A;3.67;A;20.97;A;27.28;A;37;A;14.12;A;35.72;A;1023.3;A;29;A;0;A;8;A;105;A;0.33;A;100;A
23.03.2025 12:45;94.38;A;4203.8;A;4204;A;6.7;A;4.49;A;3.17;A;20.45;A;28.61;A;35;A;13.87;A;36.75;A;1023.25;A;29;A;0;A;6;A;89;A;0;A;106.67;A
23.03.2025 13:00;94.38;A;4212;A;4214.33;A;7.91;A;5.38;A;3.49;A;20.05;A;29.5;A;35;A;13.72;A;36.93;A;1023.42;A;28;A;0;A;7;A;95;A;0.33;A;93.33;A
23.03.2025 13:15;94.41;A;4212.8;A;4214.2;A;4.99;A;4.03;A;2.9;A;19.77;A;29.45;A;34;A;13.76;A;36.49;A;1023.22;A;28;A;0;A;7;A;90;A;0.33;A;130;A
23.03.2025 13:30;94.43;A;4212.8;A;4214.4;A;7.71;A;4.43;A;3.4;A;19.69;A;29.7;A;35;A;13.79;A;36.94;A;1023.1;A;28;A;0;A;7;A;135;A;0.33;A;90;A
23.03.2025 13:45;94.44;A;4212.87;A;4214.53;A;6.8;A;4.99;A;3.49;A;19.68;A;30.56;A;34;A;13.69;A;38.57;A;1023.12;A;27;A;0;A;7;A;101;A;0;A;66.67;A
23.03.2025 14:00;94.44;A;4212.93;A;4214.53;A;8.45;A;5.53;A;4.02;A;19.62;A;31.86;A;33;A;13.63;A;39.83;A;1023.19;A;26;A;0;A;7;A;136;A;0.33;A;130;A
23.03.2025 14:15;94.45;A;4212.8;A;4214.47;A;7.73;A;5.17;A;3.87;A;19.51;A;32.65;A;33;A;13.27;A;41.24;A;1023.16;A;26;A;0;A;7;A;91;A;0;A;100;A
23.03.2025 14:30;94.44;A;4207.93;A;4209.33;A;7.81;A;5.29;A;3.82;A;19.31;A;32.88;A;33;A;13.27;A;40.77;A;1023.12;A;26;A;0;A;7;A;101;A;0;A;123.33;A
23.03.2025 14:45;94.28;A;4198;A;4197.4;A;7.77;A;4.76;A;3.47;A;19.22;A;32.67;A;34;A;13.21;A;40.95;A;1023.03;A;27;A;0;A;7;A;95;A;0;A;110;A
23.03.2025 15:00;94.31;A;4211.53;A;4214.2;A;11.62;A;6.85;A;4.6;A;19.08;A;33.15;A;33;A;12.98;A;41.55;A;1022.92;A;26;A;0;A;7;A;93;A;0;A;76.67;A
23.03.2025 15:15;94.37;A;4211.87;A;4213.8;A;12.58;A;7.12;A;4.7;A;18.9;A;33.89;A;32;A;12.91;A;42.55;A;1022.83;A;25;A;0;A;8;A;107;A;0.33;A;113.33;A
23.03.2025 15:30;94.4;A;4212.6;A;4214.47;A;10.25;A;6.11;A;4.15;A;18.8;A;34.43;A;32;A;12.96;A;42.84;A;1022.94;A;25;A;0;A;7;A;102;A;0.67;A;90;A
23.03.2025 15:45;94.42;A;4212.87;A;4214.53;A;8.03;A;4.79;A;3.46;A;18.77;A;34.62;A;33;A;12.8;A;43.18;A;1022.85;A;26;A;0;A;7;A;92;A;0;A;83.33;A
23.03.2025 16:00;94.37;A;4194.6;A;4193.47;A;7.45;A;5.55;A;3.71;A;18.61;A;34.99;A;32;A;12.59;A;44.05;A;1022.85;A;26;A;0;A;7;A;89;A;0.33;A;90;A
23.03.2025 16:15;94.23;A;4206.6;A;4208.07;A;10.76;A;7.37;A;5.02;A;18.46;A;35.55;A;31;A;12.55;A;44.37;A;1022.77;A;23;A;0;A;8;A;166;A;1;A;130;A
23.03.2025 16:30;94.32;A;4211.53;A;4213.8;A;8.37;A;5.27;A;3.77;A;18.33;A;35.62;A;32;A;12.4;A;44.81;A;1022.77;A;25;A;0;A;7;A;95;A;0.33;A;80;A
23.03.2025 16:45;94.36;A;4212.13;A;4214.13;A;7.57;A;5.43;A;3.98;A;18.2;A;36.06;A;32;A;12.33;A;45.14;A;1022.87;A;24;A;0;A;7;A;94;A;0.33;A;116.67;A
23.03.2025 17:00;94.4;A;4212.67;A;4213.93;A;8.19;A;6.07;A;4.38;A;18.09;A;35.51;A;32;A;12.22;A;43.94;A;1022.8;A;25;A;0;A;7;A;122;A;0;A;110;A
23.03.2025 17:15;94.42;A;4212.73;A;4214.07;A;14.4;A;10.51;A;7.04;A;17.99;A;35.49;A;32;A;12.13;A;44.22;A;1022.49;A;24;A;0;A;8;A;537;A;0.33;A;133.33;A
23.03.2025 17:30;94.43;A;4212.8;A;4214.53;A;14.77;A;10.12;A;7.14;A;17.91;A;35.86;A;32;A;12.14;A;44.74;A;1022.64;A;24;A;0;A;8;A;290;A;0;A;103.33;A
23.03.2025 17:45;94.44;A;4212.87;A;4214.33;A;14.7;A;9.44;A;6.65;A;17.85;A;36.42;A;32;A;12.12;A;45.45;A;1022.63;A;24;A;0;A;8;A;231;A;0;A;76.67;A
23.03.2025 18:00;94.42;A;4202.93;A;4203.13;A;15.12;A;10.21;A;7.38;A;17.79;A;36.89;A;31;A;11.98;A;46.02;A;1022.63;A;23;A;0;A;8;A;193;A;0.33;A;136.67;A
23.03.2025 18:15;94.3;A;4207.6;A;4208.33;A;15.44;A;10.79;A;7.44;A;17.69;A;36.91;A;31;A;11.73;A;46.5;A;1022.72;A;23;A;0;A;8;A;203;A;0.33;A;130;A
23.03.2025 18:30;94.36;A;4211.93;A;4213.93;A;17.1;A;11.92;A;8.41;A;17.47;A;37.23;A;31;A;11.49;A;47.14;A;1022.95;A;22;A;0;A;10;A;217;A;0.67;A;136.67;A
23.03.2025 18:45;94.4;A;4212.8;A;4213.73;A;16.3;A;12.01;A;8.57;A;17.24;A;37.92;A;32;A;11.29;A;48.17;A;1022.99;A;20;A;0;A;12;A;209;A;0.67;A;130;A
23.03.2025 19:00;94.42;A;4212.8;A;4214;A;22.53;A;15.96;A;10.87;A;17.06;A;38.5;A;31;A;11.26;A;48.23;A;1022.98;A;20;A;0;A;10;A;239;A;0.67;A;140;A
23.03.2025 19:15;94.43;A;4212.73;A;4213.93;A;23.28;A;16.21;A;11.74;A;16.96;A;38.15;A;30;A;11.17;A;47.48;A;1023.09;A;21;A;0;A;9;A;278;A;0;A;133.33;A
23.03.2025 19:30;94.44;A;4212.87;A;4214.6;A;20.64;A;14.57;A;9.98;A;16.87;A;37.29;A;30;A;11.06;A;46.35;A;1023.13;A;21;A;0;A;10;A;248;A;0.33;A;173.33;A
23.03.2025 19:45;94.45;A;4212.87;A;4214.4;A;14.2;A;8.99;A;6.31;A;16.74;A;36.42;A;31;A;10.87;A;45.66;A;1022.95;A;21;A;0;A;10;A;169;A;0;A;116.67;A
23.03.2025 20:00;94.41;A;4200.67;A;4199.67;A;12.24;A;8.6;A;5.77;A;16.56;A;36.56;A;31;A;10.61;A;46.07;A;1022.88;A;21;A;0;A;10;A;120;A;0.33;A;203.33;A
23.03.2025 20:15;94.28;A;4207.2;A;4208.33;A;11.73;A;7.69;A;5.55;A;16.31;A;36.84;A;30;A;10.37;A;46.73;A;1022.83;A;22;A;0;A;8;A;139;A;0;A;200;A
23.03.2025 20:30;94.34;A;4211.8;A;4213.33;A;12.46;A;7.71;A;5.27;A;16.04;A;37.15;A;30;A;10.19;A;47.18;A;1022.95;A;22;A;0;A;9;A;157;A;0;A;66.67;A
23.03.2025 20:45;94.38;A;4212.47;A;4213.53;A;9.7;A;6.34;A;4.63;A;15.79;A;37.66;A;30;A;9.95;A;48.18;A;1023;A;21;A;0;A;9;A;158;A;0;A;96.67;A
23.03.2025 21:00;94.41;A;4212.8;A;4214.2;A;9.99;A;7.13;A;5.13;A;15.58;A;38.47;A;30;A;9.78;A;49.29;A;1022.85;A;21;A;0;A;8;A;172;A;0;A;76.67;A
23.03.2025 21:15;94.43;A;4212.8;A;4214.2;A;10.28;A;7.28;A;5.16;A;15.4;A;39.32;A;29;A;9.69;A;50.17;A;1022.69;A;21;A;0;A;8;A;203;A;0;A;173.33;A
23.03.2025 21:30;94.44;A;4209.8;A;4211.13;A;14.09;A;9.7;A;6.93;A;15.26;A;39.82;A;29;A;9.57;A;50.76;A;1022.36;A;22;A;0;A;7;A;484;A;0;A;110;A
23.03.2025 21:45;94.26;A;4184.8;A;4182.33;A;16.27;A;11.51;A;8.36;A;15.13;A;40.5;A;28;A;9.4;A;51.65;A;1022.53;A;22;A;0;A;7;A;533;A;0;A;83.33;A
23.03.2025 22:00;94.2;A;4210.4;A;4212.33;A;14.89;A;10.16;A;7.28;A;14.98;A;41;A;28;A;9.19;A;52.47;A;1022.54;A;21;A;0;A;8;A;305;A;0;A;160;A
23.03.2025 22:15;94.3;A;4211.4;A;4212.87;A;14.2;A;10.25;A;7.36;A;14.8;A;41.6;A;28;A;9.03;A;53.15;A;1022.83;A;21;A;0;A;7;A;229;A;0.33;A;120;A
23.03.2025 22:30;94.35;A;4212;A;4213.6;A;14.1;A;10.82;A;7.93;A;14.62;A;42.1;A;27;A;8.79;A;53.97;A;1023.1;A;20;A;0;A;7;A;200;A;0;A;190;A
23.03.2025 22:45;94.39;A;4212.8;A;4214;A;15.4;A;11.27;A;7.92;A;14.43;A;42.47;A;27;A;8.63;A;54.5;A;1023.35;A;20;A;0;A;7;A;210;A;0.33;A;96.67;A
23.03.2025 23:00;94.42;A;4212.8;A;4213.93;A;23.89;A;18.29;A;13.16;A;14.25;A;42.93;A;27;A;8.54;A;54.91;A;1023.44;A;19;A;0;A;8;A;733;A;0.67;A;133.33;A
23.03.2025 23:15;94.43;A;4212.87;A;4214.2;A;25.44;A;18.6;A;14.12;A;14.14;A;43.31;A;27;A;8.57;A;55.19;A;1023.45;A;16;A;0;A;11;A;493;A;0;A;116.67;A
23.03.2025 23:30;94.44;A;4212.87;A;4213.73;A;19.16;A;13.69;A;9.97;A;14.09;A;43.73;A;27;A;8.6;A;55.46;A;1023.23;A;16;A;0;A;11;A;317;A;0;A;83.33;A
23.03.2025 23:45;94.42;A;4204.13;A;4203.27;A;28.23;A;19.34;A;13.59;A;14.07;A;43.78;A;27;A;8.54;A;55.4;A;1023.18;A;16;A;0;A;11;A;347;A;0.33;A;93.33;A
24.03.2025 00:00;94.36;A;4212.13;A;4214;A;34.88;A;24.98;A;17.38;A;14.04;A;43.72;A;27;A;8.45;A;55.35;A;1023.26;A;16;A;0;A;11;A;443;A;0.33;A;116.67;A
24.03.2025 00:15;94.4;A;4212.93;A;4214.13;A;22.99;A;15.62;A;11.24;A;13.98;A;43.42;A;28;A;8.42;A;54.98;A;1023.08;A;19;A;0;A;9;A;440;A;0.67;A;133.33;A
24.03.2025 00:30;94.42;A;4212.73;A;4213.73;A;22.38;A;16.73;A;12.73;A;13.95;A;43.46;A;29;A;8.42;A;54.96;A;1023.08;A;21;A;0;A;9;A;341;A;0;A;116.67;A
24.03.2025 00:45;94.44;A;4212.8;A;4214.07;A;21.92;A;16.52;A;12.32;A;13.96;A;43.5;A;30;A;8.46;A;54.84;A;1023.26;A;22;A;0;A;8;A;298;A;0.33;A;116.67;A
24.03.2025 01:00;94.4;A;4199.8;A;4198.53;A;19.98;A;14.98;A;11.31;A;13.98;A;43.26;A;30;A;8.43;A;54.72;A;1023.25;A;23;A;0;A;7;A;161;A;0.67;A;106.67;A
24.03.2025 01:15;94.18;A;4192.4;A;4191.27;A;21.67;A;16.78;A;12.06;A;13.97;A;43.19;A;29;A;8.41;A;54.72;A;1023.1;A;22;A;0;A;7;A;179;A;0.67;A;126.67;A
24.03.2025 01:30;94.23;A;4210.67;A;4212.2;A;18;A;13.92;A;9.78;A;13.92;A;43.31;A;30;A;8.29;A;55.13;A;1022.91;A;21;A;0;A;9;A;186;A;0.67;A;130;A
24.03.2025 01:45;94.31;A;4211.8;A;4213;A;18.59;A;14.72;A;10.59;A;13.83;A;43.43;A;30;A;8.12;A;55.5;A;1022.84;A;21;A;0;A;10;A;202;A;0.33;A;103.33;A
24.03.2025 02:00;94.36;A;4212.4;A;4213.73;A;20.7;A;15.33;A;10.89;A;13.67;A;43.79;A;30;A;7.95;A;56.11;A;1022.9;A;20;A;0;A;10;A;243;A;0.33;A;116.67;A
24.03.2025 02:15;94.4;A;4212.87;A;4213.73;A;20.88;A;16.14;A;11.6;A;13.51;A;44.19;A;30;A;7.82;A;56.66;A;1022.97;A;20;A;0;A;10;A;246;A;0.67;A;133.33;A
24.03.2025 02:30;94.42;A;4212.73;A;4213.6;A;21.22;A;16.03;A;11.66;A;13.4;A;44.4;A;30;A;7.81;A;56.49;A;1022.74;A;20;A;0;A;9;A;265;A;0.67;A;130;A
24.03.2025 02:45;94.43;A;4212.8;A;4213.93;A;23.41;A;16.74;A;12.17;A;13.31;A;44.46;A;30;A;7.68;A;56.82;A;1022.58;A;21;A;0;A;9;A;247;A;1;A;133.33;A
24.03.2025 03:00;94.44;A;4213;A;4214.2;A;24.48;A;17.91;A;12.76;A;13.23;A;44.71;A;30;A;7.54;A;57.29;A;1022.52;A;20;A;0;A;10;A;329;A;1;A;130;A
24.03.2025 03:15;94.45;A;4213.07;A;4214.13;A;47.84;A;35.26;A;24.04;A;13.11;A;45.24;A;30;A;7.41;A;58.18;A;1022.48;A;18;A;1;A;11;A;597;A;0;A;76.67;A
24.03.2025 03:30;94.45;A;4213.07;A;4214.2;A;48.6;A;34.36;A;23.87;A;12.99;A;45.5;A;29;A;7.32;A;58.15;A;1022.41;A;18;A;1;A;11;A;723;A;0.67;A;70;A
24.03.2025 03:45;94.45;A;4213.4;A;4213.93;A;34.52;A;24.36;A;17.35;A;12.91;A;45.34;A;30;A;7.3;A;57.61;A;1022.32;A;18;A;1;A;12;A;577;A;0;A;56.67;A
24.03.2025 04:00;94.44;A;4203.93;A;4203.73;A;40.14;A;29.18;A;20.97;A;12.83;A;45.31;A;30;A;7.2;A;57.87;A;1022.18;A;19;A;1;A;11;A;532;A;0;A;56.67;A
24.03.2025 04:15;94.36;A;4212.4;A;4213.33;A;34.73;A;24.7;A;17.44;A;12.79;A;45.31;A;30;A;7.15;A;57.98;A;1022.22;A;20;A;1;A;10;A;613;A;0.33;A;63.33;A
24.03.2025 04:30;94.4;A;4212.8;A;4213.6;A;26.45;A;18.93;A;13.62;A;12.73;A;45.55;A;30;A;7.1;A;58.23;A;1022.37;A;20;A;0;A;10;A;389;A;0;A;73.33;A
24.03.2025 04:45;94.42;A;4212.87;A;4213.73;A;23.38;A;17.23;A;12.5;A;12.65;A;45.9;A;29;A;6.98;A;58.95;A;1022.19;A;20;A;0;A;9;A;258;A;0.67;A;106.67;A
24.03.2025 05:00;94.43;A;4209.6;A;4209.6;A;22.38;A;17.5;A;12.34;A;12.58;A;46.17;A;30;A;6.86;A;59.68;A;1022.17;A;20;A;0;A;9;A;211;A;0.33;A;93.33;A
24.03.2025 05:15;94.26;A;4191.73;A;4189.47;A;29.48;A;21.13;A;15.07;A;12.48;A;46.73;A;28;A;6.78;A;60.29;A;1022.2;A;19;A;1;A;10;A;375;A;0.33;A;106.67;A
24.03.2025 05:30;94.27;A;4211.33;A;4212.6;A;34.01;A;24.53;A;17;A;12.36;A;47.2;A;28;A;6.65;A;61.2;A;1022.06;A;18;A;1;A;10;A;284;A;0.33;A;120;A
24.03.2025 05:45;94.34;A;4211.93;A;4212.93;A;33.09;A;24;A;17.18;A;12.27;A;47.77;A;28;A;6.64;A;61.67;A;1022.2;A;18;A;0;A;9;A;235;A;0.33;A;100;A
24.03.2025 06:00;94.39;A;4212.93;A;4213.47;A;29.28;A;20.99;A;14.23;A;12.2;A;48.34;A;27;A;6.66;A;62.29;A;1022.15;A;17;A;0;A;10;A;320;A;0.33;A;123.33;A
24.03.2025 06:15;94.41;A;4212.93;A;4213.67;A;28.63;A;21.58;A;14.94;A;12.2;A;48.73;A;27;A;6.71;A;62.36;A;1022.09;A;17;A;1;A;10;A;492;A;0.33;A;93.33;A
24.03.2025 06:30;94.43;A;4212.87;A;4213.6;A;24.5;A;17.62;A;12.54;A;12.21;A;48.89;A;26;A;6.75;A;62.6;A;1022.09;A;18;A;0;A;8;A;234;A;0.67;A;93.33;A
24.03.2025 06:45;94.44;A;4213.07;A;4213.93;A;31.09;A;22.66;A;15.8;A;12.23;A;49.14;A;25;A;6.79;A;62.84;A;1022.23;A;18;A;0;A;7;A;234;A;0.67;A;123.33;A
24.03.2025 07:00;94.45;A;4211.67;A;4212.13;A;30.11;A;21.96;A;15.97;A;12.27;A;49.31;A;26;A;6.83;A;62.85;A;1022.05;A;19;A;0;A;7;A;757;A;0.33;A;103.33;A
24.03.2025 07:15;94.3;A;4194.13;A;4193;A;35.58;A;25.79;A;18.55;A;12.34;A;49.49;A;26;A;6.93;A;63.12;A;1021.85;A;17;A;0;A;9;A;435;A;0.67;A;123.33;A
24.03.2025 07:30;94.31;A;4211.67;A;4212.93;A;26.33;A;18.79;A;13.25;A;12.39;A;49.62;A;26;A;7.01;A;63.32;A;1021.94;A;17;A;0;A;9;A;188;A;0.67;A;133.33;A
24.03.2025 07:45;94.36;A;4212.33;A;4213.53;A;25.5;A;16.94;A;12.12;A;12.5;A;49.58;A;25;A;7.21;A;62.91;A;1022.08;A;17;A;0;A;8;A;164;A;0.67;A;126.67;A
24.03.2025 08:00;94.4;A;4212.8;A;4213.53;A;26.45;A;16.7;A;11.69;A;12.66;A;49.24;A;25;A;7.46;A;61.89;A;1022.35;A;19;A;0;A;7;A;152;A;0.67;A;123.33;A
24.03.2025 08:15;94.42;A;4213;A;4213.73;A;23.42;A;15.77;A;11.39;A;12.87;A;48.9;A;26;A;7.64;A;61.7;A;1022.49;A;19;A;0;A;7;A;165;A;0.33;A;83.33;A
24.03.2025 08:30;94.44;A;4212.87;A;4213.93;A;22.54;A;15.88;A;11.21;A;13.1;A;48.94;A;25;A;7.79;A;61.96;A;1022.71;A;17;A;0;A;8;A;158;A;1;A;130;A
24.03.2025 08:45;94.44;A;4211.27;A;4212;A;24.06;A;15.75;A;11.24;A;13.25;A;49.05;A;25;A;7.91;A;62.14;A;1022.83;A;17;A;0;A;8;A;160;A;0;A;76.67;A
24.03.2025 09:00;94.32;A;4200.13;A;4199.8;A;21.9;A;15.79;A;10.86;A;13.42;A;49.1;A;25;A;8.1;A;62.09;A;1022.66;A;17;A;0;A;8;A;161;A;0.33;A;116.67;A
24.03.2025 09:15;94.35;A;4211.8;A;4213.07;A;20.81;A;14.96;A;10.21;A;13.58;A;49;A;25;A;8.35;A;61.68;A;1022.62;A;17;A;0;A;8;A;150;A;0;A;90;A
24.03.2025 09:30;94.39;A;4212.87;A;4213.13;A;22.6;A;14.63;A;10.04;A;13.8;A;48.72;A;25;A;8.61;A;60.78;A;1022.71;A;17;A;0;A;8;A;158;A;0;A;80;A
24.03.2025 09:45;94.42;A;4212.73;A;4214.07;A;19;A;13.66;A;9.67;A;14.06;A;48.17;A;26;A;8.97;A;59.84;A;1022.62;A;18;A;0;A;8;A;135;A;0;A;60;A
24.03.2025 10:00;94.43;A;4212.8;A;4214;A;19.22;A;13.78;A;9.72;A;14.38;A;47.59;A;27;A;9.49;A;58.54;A;1022.32;A;20;A;0;A;7;A;129;A;0.33;A;73.33;A
24.03.2025 10:15;94.43;A;4204.4;A;4204.4;A;23.54;A;14.11;A;9.83;A;14.87;A;46.74;A;27;A;10.12;A;56.75;A;1022.35;A;19;A;0;A;8;A;124;A;0;A;73.33;A
24.03.2025 10:30;94.31;A;4207.27;A;4208.53;A;21.91;A;13.21;A;8.99;A;15.41;A;45.52;A;28;A;10.46;A;55.61;A;1022.12;A;21;A;0;A;7;A;103;A;0.67;A;133.33;A
24.03.2025 10:45;94.37;A;4211.93;A;4213.53;A;20.51;A;12.42;A;8.28;A;15.9;A;44.61;A;29;A;11.02;A;54.38;A;1021.89;A;22;A;0;A;7;A;104;A;0;A;73.33;A
24.03.2025 11:00;94.4;A;4212.67;A;4213.93;A;25.15;A;13.75;A;9.51;A;16.52;A;43.56;A;30;A;11.39;A;53.27;A;1021.65;A;23;A;0;A;7;A;148;A;0.33;A;70;A
24.03.2025 11:15;94.42;A;4212.8;A;4214.27;A;21.22;A;12.09;A;8.16;A;16.96;A;42.67;A;30;A;11.76;A;51.58;A;1021.44;A;24;A;0;A;7;A;107;A;0.33;A;80;A
24.03.2025 11:30;94.44;A;4212.67;A;4214.2;A;26.68;A;13.3;A;8.82;A;17.48;A;41.19;A;31;A;12.62;A;48.73;A;1021.18;A;25;A;0;A;7;A;100;A;0;A;50;A
24.03.2025 11:45;94.45;A;4212.87;A;4214.27;A;37.38;A;15.85;A;8.95;A;18.15;A;38.96;A;32;A;13.2;A;45.68;A;1020.97;A;25;A;0;A;6;A;86;A;0.67;A;110;A
24.03.2025 12:00;94.4;A;4199.93;A;4199.8;A;35.14;A;12.91;A;7.77;A;18.83;A;37.12;A;33;A;13.8;A;43.7;A;1021;A;26;A;0;A;7;A;78;A;1.33;A;126.67;A
24.03.2025 12:15;94.32;A;4211.6;A;4213.93;A;30.96;A;12.65;A;7.19;A;19.35;A;35.44;A;35;A;13.8;A;43.28;A;1020.96;A;27;A;0;A;8;A;78;A;2;A;133.33;A
24.03.2025 12:30;94.37;A;4211.87;A;4213.93;A;26.02;A;11.06;A;6.64;A;19.56;A;34.76;A;34;A;13.75;A;42.54;A;1020.85;A;26;A;0;A;8;A;86;A;1.33;A;130;A
24.03.2025 12:45;94.41;A;4212.67;A;4214.27;A;21.78;A;8.7;A;5.42;A;19.62;A;33.92;A;35;A;13.86;A;41.63;A;1020.81;A;27;A;0;A;8;A;79;A;1;A;96.67;A
24.03.2025 13:00;94.42;A;4212.67;A;4214.47;A;18.53;A;8.42;A;5.15;A;19.67;A;33.87;A;35;A;14.05;A;41.49;A;1020.8;A;26;A;0;A;8;A;116;A;1;A;86.67;A
24.03.2025 13:15;94.44;A;4212.8;A;4214.6;A;21.87;A;9.04;A;5.72;A;19.8;A;33.61;A;35;A;14.39;A;40.27;A;1020.74;A;27;A;0;A;8;A;162;A;1;A;130;A
24.03.2025 13:30;94.45;A;4212.8;A;4214.53;A;22.04;A;9.26;A;5.72;A;20.06;A;33.08;A;35;A;14.44;A;39.91;A;1020.34;A;28;A;0;A;8;A;117;A;0.67;A;123.33;A
24.03.2025 13:45;94.45;A;4212.73;A;4214.2;A;24.46;A;9.64;A;5.72;A;20.18;A;33.26;A;36;A;14.4;A;40.61;A;1020.15;A;28;A;0;A;8;A;82;A;1;A;80;A
24.03.2025 14:00;94.45;A;4212.87;A;4214.73;A;24.27;A;9.87;A;5.77;A;20.23;A;33.25;A;36;A;14.33;A;41.09;A;1019.81;A;29;A;0;A;8;A;84;A;0.67;A;33.33;A
24.03.2025 14:15;94.44;A;4206.53;A;4207.27;A;20.58;A;8.67;A;5.1;A;20.24;A;33.55;A;36;A;14.77;A;40.72;A;1019.69;A;28;A;0;A;8;A;103;A;0.33;A;56.67;A
24.03.2025 14:30;94.34;A;4207.67;A;4209;A;23.02;A;9.48;A;5.68;A;20.49;A;33.81;A;34;A;15.32;A;39.96;A;1019.65;A;27;A;0;A;8;A;126;A;0.67;A;66.67;A
24.03.2025 14:45;94.38;A;4211.93;A;4214.4;A;23.59;A;8.42;A;5.01;A;20.84;A;32.81;A;35;A;15.35;A;39.26;A;1019.44;A;27;A;0;A;8;A;97;A;0.33;A;96.67;A
24.03.2025 15:00;94.41;A;4212.73;A;4214.47;A;28.45;A;10.97;A;6.19;A;21.03;A;32.06;A;36;A;15.22;A;39.04;A;1019.52;A;26;A;0;A;10;A;220;A;1;A;120;A
24.03.2025 15:15;94.43;A;4212.8;A;4214.33;A;27.54;A;11.01;A;6.24;A;21;A;32.23;A;36;A;15.11;A;39.72;A;1019.56;A;26;A;0;A;10;A;227;A;1;A;100;A
24.03.2025 15:30;94.44;A;4212.67;A;4213.93;A;25.73;A;10.05;A;5.64;A;20.88;A;32.41;A;35;A;15.06;A;39.55;A;1019.52;A;26;A;0;A;9;A;156;A;1;A;123.33;A
24.03.2025 15:45;94.45;A;4212.87;A;4214.4;A;21.04;A;8.7;A;4.87;A;20.79;A;32.4;A;34;A;14.96;A;39.85;A;1019.16;A;26;A;0;A;8;A;85;A;0.33;A;93.33;A
24.03.2025 16:00;94.45;A;4212.87;A;4214.53;A;26.9;A;9.97;A;5.73;A;20.72;A;32.44;A;35;A;14.87;A;39.8;A;1018.94;A;26;A;0;A;9;A;85;A;1;A;123.33;A
24.03.2025 16:15;94.45;A;4213;A;4215;A;29.01;A;10.49;A;5.91;A;20.64;A;32.38;A;35;A;14.66;A;40.07;A;1018.91;A;27;A;0;A;9;A;90;A;1.33;A;66.67;A
24.03.2025 16:30;94.45;A;4212.87;A;4214.73;A;25.13;A;10.38;A;5.61;A;20.44;A;32.9;A;34;A;14.46;A;40.74;A;1018.7;A;25;A;0;A;9;A;90;A;0.67;A;100;A
24.03.2025 16:45;94.45;A;4212.8;A;4214.13;A;25.2;A;8.58;A;5.11;A;20.27;A;33.37;A;35;A;14.3;A;41.51;A;1018.89;A;26;A;0;A;9;A;91;A;0.33;A;63.33;A
24.03.2025 17:00;94.46;A;4212.87;A;4214.47;A;20.12;A;8.31;A;4.85;A;20.03;A;33.89;A;34;A;14.12;A;42.19;A;1018.84;A;25;A;0;A;9;A;96;A;0.33;A;90;A
24.03.2025 17:15;94.46;A;4212.8;A;4214.73;A;18.39;A;8.04;A;4.63;A;19.86;A;34.21;A;34;A;13.96;A;42.7;A;1018.82;A;25;A;0;A;9;A;103;A;0;A;83.33;A
24.03.2025 17:30;94.46;A;4212.93;A;4214.53;A;26.49;A;10.78;A;6.65;A;19.69;A;35.35;A;33;A;13.77;A;44.73;A;1018.75;A;23;A;0;A;10;A;175;A;0;A;63.33;A
24.03.2025 17:45;94.37;A;4195.93;A;4194.93;A;31.26;A;12.46;A;7.1;A;19.48;A;36.83;A;33;A;13.45;A;47.09;A;1018.73;A;24;A;0;A;9;A;106;A;1.33;A;120;A
24.03.2025 18:00;94.3;A;4211.13;A;4213.13;A;39.31;A;16.3;A;9.91;A;19.24;A;38.29;A;32;A;13.27;A;48.69;A;1018.66;A;21;A;0;A;11;A;226;A;1;A;123.33;A
24.03.2025 18:15;94.36;A;4212;A;4214.2;A;31.53;A;13.49;A;8.02;A;19.06;A;39.1;A;33;A;13.11;A;50.09;A;1018.57;A;25;A;0;A;8;A;126;A;0.67;A;103.33;A
24.03.2025 18:30;94.39;A;4212.6;A;4214.27;A;25.6;A;9.94;A;6.22;A;18.89;A;40.05;A;34;A;12.85;A;51.02;A;1018.22;A;27;A;0;A;7;A;104;A;0.67;A;33.33;A
24.03.2025 18:45;94.42;A;4212.67;A;4213.8;A;22.15;A;10.47;A;6.58;A;18.64;A;40.82;A;32;A;12.7;A;52.12;A;1018.46;A;25;A;0;A;8;A;102;A;0.33;A;120;A
24.03.2025 19:00;94.43;A;4212.87;A;4214.27;A;19.33;A;9.76;A;6.35;A;18.45;A;41.86;A;31;A;12.47;A;53.49;A;1018.22;A;25;A;0;A;7;A;102;A;0.33;A;73.33;A
24.03.2025 19:15;94.44;A;4212.8;A;4214.27;A;16.42;A;9.62;A;6.41;A;18.27;A;42.88;A;32;A;12.24;A;54.98;A;1018.18;A;25;A;0;A;7;A;111;A;0;A;66.67;A
24.03.2025 19:30;94.45;A;4212.8;A;4214.27;A;17.23;A;9.86;A;6.76;A;18.01;A;43.36;A;31;A;12.01;A;55.44;A;1018.31;A;24;A;0;A;7;A;101;A;2;A;140;A
24.03.2025 19:45;94.45;A;4209.87;A;4211.13;A;16.91;A;10.16;A;7.12;A;17.8;A;43.86;A;30;A;11.86;A;55.96;A;1018.4;A;24;A;0;A;6;A;104;A;0.67;A;116.67;A
24.03.2025 20:00;94.26;A;4185.4;A;4182.8;A;16.14;A;9.59;A;6.66;A;17.62;A;44.23;A;30;A;11.68;A;56.37;A;1018.64;A;23;A;0;A;7;A;99;A;0.67;A;113.33;A
24.03.2025 20:15;94.21;A;4210.4;A;4213.13;A;15.8;A;9.24;A;6.57;A;17.45;A;44.31;A;32;A;11.5;A;56.7;A;1018.51;A;25;A;0;A;6;A;95;A;0.67;A;123.33;A
24.03.2025 20:30;94.3;A;4211.33;A;4213.4;A;13.87;A;10.03;A;7.02;A;17.23;A;45.74;A;31;A;11.25;A;58.6;A;1018.34;A;24;A;0;A;7;A;101;A;0.67;A;130;A
24.03.2025 20:45;94.36;A;4211.8;A;4213.6;A;14.11;A;10.2;A;7.03;A;17.04;A;45.91;A;31;A;11.1;A;58.95;A;1018.15;A;24;A;0;A;6;A;100;A;0.33;A;123.33;A
24.03.2025 21:00;94.39;A;4212.6;A;4214;A;14.47;A;10.78;A;7.3;A;16.88;A;46.06;A;31;A;10.89;A;59.08;A;1017.81;A;24;A;0;A;7;A;100;A;0.33;A;33.33;A
24.03.2025 21:15;94.42;A;4212.8;A;4214.33;A;15.34;A;10.4;A;7.62;A;16.7;A;46.38;A;30;A;10.72;A;59.8;A;1017.64;A;24;A;0;A;6;A;98;A;0.33;A;123.33;A
24.03.2025 21:30;94.43;A;4212.67;A;4214;A;15.52;A;11.23;A;7.97;A;16.51;A;47.06;A;31;A;10.58;A;60.59;A;1017.64;A;24;A;0;A;7;A;95;A;0.67;A;133.33;A
24.03.2025 21:45;94.44;A;4209.47;A;4209.87;A;15.5;A;11.96;A;8.57;A;16.35;A;47.1;A;31;A;10.52;A;60.25;A;1017.26;A;25;A;0;A;6;A;94;A;0;A;76.67;A
24.03.2025 22:00;94.23;A;4179.8;A;4176;A;21.44;A;14.84;A;10.2;A;16.19;A;47.03;A;30;A;10.41;A;60.02;A;1017.66;A;22;A;0;A;7;A;179;A;0.33;A;126.67;A
24.03.2025 22:15;94.15;A;4209.67;A;4212;A;27.06;A;18.16;A;12.49;A;16.03;A;46.93;A;30;A;10.23;A;60.04;A;1017.36;A;19;A;0;A;11;A;370;A;0.33;A;120;A
24.03.2025 22:30;94.26;A;4210.93;A;4212.53;A;32.21;A;21.2;A;14.4;A;15.85;A;46.89;A;29;A;10.01;A;60.36;A;1017.26;A;17;A;0;A;13;A;532;A;0.67;A;133.33;A
24.03.2025 22:45;94.33;A;4211.73;A;4213.4;A;26.48;A;18.15;A;12.49;A;15.64;A;47.08;A;29;A;9.85;A;60.65;A;1017.18;A;17;A;0;A;12;A;512;A;0.33;A;90;A
24.03.2025 23:00;94.38;A;4212.27;A;4213.73;A;22.05;A;14.77;A;10.33;A;15.49;A;47.16;A;29;A;9.71;A;60.82;A;1017.14;A;21;A;0;A;9;A;278;A;0.33;A;93.33;A
24.03.2025 23:15;94.4;A;4212.8;A;4214.07;A;21;A;13.26;A;9.13;A;15.33;A;47.44;A;30;A;9.53;A;61.36;A;1016.96;A;23;A;0;A;7;A;108;A;0;A;106.67;A
24.03.2025 23:30;94.42;A;4212.8;A;4213.73;A;20.44;A;12.62;A;8.75;A;15.17;A;47.92;A;29;A;9.44;A;61.77;A;1016.91;A;22;A;0;A;7;A;95;A;0;A;86.67;A
24.03.2025 23:45;94.44;A;4212.87;A;4214.13;A;16.35;A;11.24;A;7.61;A;15.05;A;48.17;A;29;A;9.31;A;62.31;A;1016.76;A;23;A;0;A;6;A;106;A;0;A;66.67;A
25.03.2025 00:00;94.43;A;4205.8;A;4206.07;A;12.27;A;9.34;A;6.95;A;14.93;A;48.57;A;29;A;9.28;A;62.34;A;1016.47;A;24;A;0;A;5;A;87;A;0.33;A;113.33;A
25.03.2025 00:15;94.36;A;4212.2;A;4213.8;A;14.05;A;10.8;A;7.54;A;14.84;A;48.99;A;29;A;9.08;A;63.48;A;1016.29;A;23;A;0;A;6;A;170;A;0;A;56.67;A
25.03.2025 00:30;94.4;A;4212.73;A;4213.93;A;14.62;A;11.43;A;8.34;A;14.7;A;49.55;A;28;A;8.87;A;64.49;A;1016.26;A;21;A;0;A;7;A;255;A;0.67;A;126.67;A
25.03.2025 00:45;94.42;A;4212.8;A;4213.93;A;16.02;A;12.3;A;8.64;A;14.53;A;50.41;A;28;A;8.59;A;66.22;A;1015.84;A;21;A;0;A;7;A;236;A;0.67;A;100;A
25.03.2025 01:00;94.43;A;4212.73;A;4213.6;A;14.01;A;10.86;A;7.61;A;14.33;A;51.49;A;28;A;8.47;A;67.31;A;1015.66;A;21;A;0;A;7;A;145;A;0;A;123.33;A
25.03.2025 01:15;94.44;A;4212.93;A;4213.93;A;16.07;A;12.25;A;8.21;A;14.12;A;52.55;A;27;A;8.24;A;68.81;A;1015.67;A;21;A;0;A;6;A;143;A;0;A;116.67;A
25.03.2025 01:30;94.45;A;4212.87;A;4213.8;A;20.4;A;14.7;A;10.36;A;13.91;A;53.46;A;26;A;7.98;A;70.29;A;1015.5;A;19;A;0;A;6;A;209;A;0;A;106.67;A
25.03.2025 01:45;94.45;A;4212.87;A;4213.6;A;21.14;A;14.93;A;10.14;A;13.7;A;54.3;A;25;A;7.77;A;71.44;A;1015.27;A;18;A;0;A;7;A;150;A;0;A;100;A
25.03.2025 02:00;94.45;A;4213.07;A;4214.2;A;20.24;A;13.03;A;8.87;A;13.49;A;55.26;A;24;A;7.55;A;72.81;A;1015.21;A;18;A;0;A;6;A;97;A;0.33;A;123.33;A
25.03.2025 02:15;94.46;A;4213;A;4214.13;A;16.48;A;11.95;A;8.43;A;13.27;A;56.48;A;24;A;7.4;A;74.45;A;1015.09;A;19;A;0;A;6;A;88;A;0;A;113.33;A
25.03.2025 02:30;94.46;A;4213.47;A;4214.07;A;20.58;A;14.43;A;9.95;A;13.11;A;57.67;A;24;A;7.3;A;75.65;A;1014.71;A;19;A;0;A;5;A;97;A;0;A;100;A
25.03.2025 02:45;94.46;A;4212.93;A;4214.13;A;26.06;A;18.21;A;12.59;A;12.99;A;58.61;A;24;A;7.32;A;76.16;A;1014.41;A;17;A;0;A;7;A;222;A;0;A;73.33;A
25.03.2025 03:00;94.46;A;4213;A;4213.8;A;27.35;A;21.27;A;14.25;A;12.94;A;59.24;A;24;A;7.3;A;76.88;A;1014.35;A;15;A;0;A;9;A;346;A;0;A;116.67;A
25.03.2025 03:15;94.46;A;4213.07;A;4214.07;A;29.8;A;22.12;A;15.38;A;12.89;A;59.62;A;24;A;7.23;A;77.32;A;1014.15;A;15;A;0;A;9;A;331;A;0.33;A;83.33;A
25.03.2025 03:30;94.46;A;4211.6;A;4212;A;23.91;A;18.26;A;13.04;A;12.81;A;59.72;A;24;A;7.07;A;77.9;A;1014.16;A;15;A;0;A;9;A;238;A;0;A;70;A
25.03.2025 03:45;94.28;A;4185.87;A;4182.27;A;20.8;A;14.9;A;11.7;A;12.71;A;59.99;A;23;A;6.96;A;78.37;A;1013.88;A;14;A;0;A;9;A;217;A;0;A;106.67;A
25.03.2025 04:00;94.24;A;4210.67;A;4212.2;A;15.87;A;11.34;A;9.75;A;12.7;A;60;A;22;A;6.93;A;78.53;A;1013.71;A;16;A;0;A;7;A;222;A;0;A;123.33;A
25.03.2025 04:15;94.32;A;4212;A;4213.2;A;15.59;A;10.94;A;9.64;A;12.8;A;60;A;22;A;7.09;A;78.41;A;1013.6;A;15;A;0;A;7;A;177;A;0.33;A;126.67;A
25.03.2025 04:30;94.37;A;4212.6;A;4213.47;A;14.01;A;9.85;A;8.68;A;12.9;A;60.04;A;22;A;7.08;A;78.93;A;1013.57;A;16;A;0;A;6;A;149;A;0;A;86.67;A
25.03.2025 04:45;94.4;A;4212.8;A;4214;A;14.66;A;10.3;A;9.08;A;12.92;A;59.94;A;21;A;7.19;A;78.19;A;1013.56;A;15;A;0;A;6;A;171;A;0;A;120;A
25.03.2025 05:00;94.42;A;4212.8;A;4213.53;A;15.38;A;10.75;A;9.18;A;12.88;A;60.01;A;22;A;7.28;A;77.92;A;1013.41;A;16;A;0;A;6;A;178;A;0;A;193.33;A
25.03.2025 05:15;94.43;A;4212.8;A;4213.6;A;14.41;A;10.13;A;8.92;A;12.97;A;60;A;22;A;7.35;A;77.9;A;1013.3;A;16;A;0;A;6;A;185;A;0.33;A;60;A
25.03.2025 05:30;94.44;A;4212.87;A;4214;A;14.72;A;10.34;A;9.11;A;13.05;A;59.98;A;23;A;7.47;A;77.59;A;1013.18;A;16;A;0;A;7;A;142;A;0;A;83.33;A
25.03.2025 05:45;94.45;A;4212.87;A;4214;A;18.42;A;12.36;A;9.78;A;13.07;A;59.93;A;22;A;7.61;A;77.05;A;1013.08;A;15;A;0;A;7;A;174;A;0;A;96.67;A
25.03.2025 06:00;94.34;A;4189.27;A;4186.27;A;21.85;A;15.2;A;10.26;A;13.14;A;59.8;A;22;A;7.78;A;76.24;A;1012.97;A;15;A;0;A;8;A;192;A;0;A;76.67;A
25.03.2025 06:15;94.24;A;4211;A;4212.4;A;21.92;A;15.92;A;10.59;A;13.29;A;59.32;A;24;A;7.93;A;75.8;A;1012.76;A;16;A;0;A;8;A;189;A;0.33;A;116.67;A
25.03.2025 06:30;94.32;A;4211.67;A;4213;A;20.9;A;13.68;A;9.21;A;13.43;A;59.11;A;23;A;8.08;A;75.43;A;1012.81;A;15;A;0;A;8;A;161;A;0.67;A;133.33;A
25.03.2025 06:45;94.37;A;4212.33;A;4213.73;A;22.5;A;15.76;A;10.4;A;13.59;A;58.55;A;24;A;8.29;A;74.44;A;1012.59;A;17;A;0;A;8;A;174;A;1;A;133.33;A
25.03.2025 07:00;94.4;A;4212.8;A;4213.87;A;25.13;A;17.1;A;11.84;A;13.77;A;58.1;A;25;A;8.56;A;73.68;A;1012.38;A;16;A;0;A;8;A;210;A;0.33;A;136.67;A
25.03.2025 07:15;94.42;A;4212.87;A;4213.87;A;27.99;A;19.13;A;13.23;A;14;A;57.6;A;25;A;8.79;A;72.91;A;1012.23;A;16;A;0;A;8;A;271;A;0.33;A;123.33;A
25.03.2025 07:30;94.36;A;4199;A;4198.47;A;28.35;A;19.44;A;13.24;A;14.24;A;57.16;A;25;A;8.98;A;72.44;A;1012.16;A;15;A;0;A;10;A;300;A;0.33;A;133.33;A
25.03.2025 07:45;94.32;A;4211.73;A;4213.27;A;29.41;A;21.83;A;14.41;A;14.46;A;56.66;A;25;A;9.2;A;71.73;A;1012.36;A;14;A;0;A;11;A;334;A;0;A;83.33;A
25.03.2025 08:00;94.37;A;4212.33;A;4213.53;A;37;A;26.06;A;17.19;A;14.67;A;56.2;A;26;A;9.41;A;71.26;A;1012.16;A;13;A;0;A;14;A;566;A;0.33;A;126.67;A
25.03.2025 08:15;94.4;A;4212.87;A;4213.93;A;33.75;A;23.12;A;15.01;A;14.87;A;55.87;A;26;A;9.66;A;70.62;A;1011.89;A;12;A;0;A;14;A;520;A;0.33;A;123.33;A
25.03.2025 08:30;94.42;A;4212.73;A;4213.8;A;31.35;A;20.23;A;14.3;A;15.1;A;55.52;A;27;A;9.93;A;69.94;A;1011.81;A;12;A;0;A;14;A;492;A;0.33;A;133.33;A
25.03.2025 08:45;94.43;A;4212.8;A;4214.33;A;28.68;A;19.09;A;12.23;A;15.37;A;54.98;A;27;A;10.23;A;69.23;A;1011.97;A;15;A;0;A;12;A;382;A;0.33;A;130;A
25.03.2025 09:00;94.44;A;4212.73;A;4213.93;A;20.78;A;13.75;A;9.11;A;15.66;A;54.41;A;26;A;10.52;A;68.66;A;1011.95;A;18;A;0;A;9;A;176;A;0.33;A;126.67;A
25.03.2025 09:15;94.45;A;4212.87;A;4214.33;A;18.74;A;12.49;A;8.07;A;15.98;A;53.84;A;27;A;10.82;A;67.61;A;1011.83;A;19;A;0;A;7;A;110;A;0;A;123.33;A
25.03.2025 09:30;94.45;A;4212.87;A;4214.27;A;20.18;A;12.34;A;8.47;A;16.35;A;53.14;A;27;A;11.05;A;66.97;A;1011.71;A;19;A;0;A;8;A;121;A;0.33;A;123.33;A
25.03.2025 09:45;94.45;A;4212.87;A;4214.27;A;22.74;A;13.01;A;8.9;A;16.64;A;52.73;A;27;A;11.23;A;66.45;A;1011.69;A;19;A;0;A;8;A;116;A;0.67;A;136.67;A
25.03.2025 10:00;94.45;A;4212.87;A;4214.53;A;20.48;A;13.57;A;8.78;A;16.89;A;52.3;A;27;A;11.53;A;65.74;A;1011.26;A;19;A;0;A;8;A;108;A;0.67;A;133.33;A
25.03.2025 10:15;94.43;A;4202.8;A;4203.13;A;18.72;A;11.83;A;8.07;A;17.18;A;52.19;A;27;A;11.89;A;65.47;A;1011.3;A;20;A;0;A;7;A;108;A;1;A;133.33;A
25.03.2025 10:30;94.3;A;4207.4;A;4208.47;A;19.69;A;11.44;A;7.8;A;17.5;A;52.11;A;27;A;12.26;A;65.12;A;1011.29;A;20;A;0;A;7;A;101;A;0.67;A;136.67;A
25.03.2025 10:45;94.36;A;4211.8;A;4213.8;A;21.41;A;12.77;A;8.15;A;17.85;A;51.98;A;28;A;12.71;A;64.41;A;1011.11;A;20;A;0;A;8;A;109;A;1;A;130;A
25.03.2025 11:00;94.39;A;4212.53;A;4213.6;A;21.21;A;12.05;A;7.98;A;18.27;A;51.54;A;29;A;13.32;A;63.41;A;1010.97;A;21;A;0;A;7;A;110;A;0.33;A;63.33;A
25.03.2025 11:15;94.42;A;4212.73;A;4214.27;A;22.11;A;12.61;A;8.25;A;18.85;A;50.91;A;28;A;14.08;A;61.71;A;1010.61;A;20;A;0;A;8;A;114;A;0.67;A;136.67;A
25.03.2025 11:30;94.43;A;4212.73;A;4214.87;A;19.68;A;12.02;A;7.89;A;19.55;A;49.71;A;30;A;14.95;A;59.55;A;1010.6;A;23;A;0;A;7;A;103;A;0;A;63.33;A
25.03.2025 11:45;94.44;A;4212.67;A;4214.33;A;21.63;A;13.07;A;8.53;A;20.44;A;48.23;A;30;A;15.92;A;56.88;A;1010.6;A;23;A;0;A;7;A;104;A;0.33;A;156.67;A
25.03.2025 12:00;94.45;A;4212.93;A;4215.33;A;22.78;A;13.17;A;8.71;A;21.53;A;46.25;A;31;A;17.1;A;54.94;A;1010.25;A;23;A;0;A;8;A;103;A;0.33;A;93.33;A
25.03.2025 12:15;94.45;A;4212.87;A;4214.8;A;24.19;A;14.08;A;9.26;A;22.75;A;45.14;A;33;A;17.73;A;54.57;A;1010.19;A;25;A;0;A;8;A;104;A;0;A;156.67;A
25.03.2025 12:30;94.44;A;4207.93;A;4209.2;A;25.07;A;13.68;A;8.68;A;23.62;A;44.39;A;35;A;18.46;A;53.83;A;1009.79;A;26;A;0;A;9;A;99;A;0.33;A;53.33;A
25.03.2025 12:45;94.3;A;4201.33;A;4202.93;A;29.2;A;13.77;A;8.94;A;24.32;A;43.64;A;36;A;18.8;A;53.48;A;1009.63;A;28;A;0;A;8;A;101;A;0;A;73.33;A
25.03.2025 13:00;94.34;A;4211.53;A;4213.93;A;32.13;A;14.85;A;8.97;A;24.75;A;43.17;A;37;A;19.06;A;53.56;A;1009.41;A;28;A;0;A;10;A;130;A;0;A;86.67;A
25.03.2025 13:15;94.38;A;4211.87;A;4214.53;A;31.33;A;15.4;A;9.37;A;25.02;A;42.85;A;37;A;19.17;A;53.49;A;1009.32;A;30;A;0;A;7;A;98;A;0.33;A;230;A
25.03.2025 13:30;94.41;A;4212.33;A;4214.53;A;26.47;A;14.4;A;9.39;A;25.23;A;42.81;A;38;A;19.51;A;53.39;A;1009.23;A;29;A;0;A;9;A;108;A;0;A;136.67;A
25.03.2025 13:45;94.42;A;4212.73;A;4215.13;A;31.11;A;15.82;A;10.42;A;25.46;A;42.53;A;38;A;19.68;A;52.97;A;1008.93;A;30;A;0;A;8;A;123;A;0;A;266.67;A
25.03.2025 14:00;94.43;A;4212.87;A;4215.13;A;29.44;A;16.03;A;10.53;A;25.68;A;42.27;A;38;A;19.7;A;53.07;A;1008.97;A;29;A;0;A;9;A;132;A;0;A;46.67;A
25.03.2025 14:15;94.44;A;4212.87;A;4214.93;A;27.98;A;14.73;A;9.45;A;25.78;A;42.21;A;36;A;19.71;A;53.47;A;1009.05;A;28;A;0;A;8;A;108;A;0.33;A;243.33;A
25.03.2025 14:30;94.44;A;4212.8;A;4214.33;A;30.28;A;15.89;A;10.25;A;25.83;A;42.78;A;32;A;20.04;A;53.59;A;1008.97;A;24;A;0;A;8;A;125;A;0.67;A;270;A
25.03.2025 14:45;94.44;A;4212.8;A;4214.47;A;31.26;A;15.96;A;9.77;A;26;A;42.45;A;31;A;20.06;A;53.11;A;1009.06;A;25;A;0;A;7;A;116;A;0;A;123.33;A
25.03.2025 15:00;94.45;A;4212.73;A;4214.8;A;32.17;A;15.37;A;9.76;A;26.05;A;42.49;A;33;A;19.83;A;54.18;A;1008.88;A;25;A;0;A;8;A;117;A;0.67;A;130;A
25.03.2025 15:15;94.45;A;4212.8;A;4215.07;A;28.54;A;16.29;A;9.83;A;25.96;A;42.77;A;34;A;19.66;A;54.75;A;1008.95;A;26;A;0;A;8;A;102;A;0;A;93.33;A
25.03.2025 15:30;94.38;A;4201.8;A;4202.07;A;33.78;A;17.46;A;10.87;A;25.88;A;43.14;A;32;A;19.59;A;55.11;A;1008.98;A;23;A;0;A;8;A;152;A;0.33;A;156.67;A
25.03.2025 15:45;94.34;A;4211.73;A;4214.13;A;36.54;A;19.85;A;12.94;A;25.75;A;43.37;A;32;A;19.29;A;55.81;A;1008.94;A;23;A;0;A;9;A;215;A;0;A;40;A
25.03.2025 16:00;94.38;A;4211.87;A;4214.33;A;36.55;A;20.48;A;13.5;A;25.55;A;43.72;A;33;A;19;A;56.52;A;1008.88;A;24;A;0;A;9;A;212;A;1.33;A;346.67;A
25.03.2025 16:15;94.41;A;4212.6;A;4215.07;A;39.18;A;21.85;A;14.52;A;25.23;A;44.09;A;32;A;18.64;A;57.39;A;1009.04;A;24;A;0;A;8;A;201;A;0.33;A;133.33;A
25.03.2025 16:30;94.31;A;4186.93;A;4185.87;A;34.14;A;19.82;A;13.29;A;24.9;A;44.65;A;31;A;18.4;A;57.91;A;1009.22;A;23;A;0;A;9;A;249;A;0.67;A;136.67;A
25.03.2025 16:45;94.15;A;4204.67;A;4207.13;A;36.53;A;20.98;A;13.49;A;24.55;A;45.31;A;31;A;18.01;A;58.63;A;1009.17;A;22;A;0;A;9;A;247;A;0.67;A;346.67;A
25.03.2025 17:00;94.25;A;4210.67;A;4213.4;A;36.27;A;21.75;A;14.05;A;24.17;A;45.72;A;29;A;17.41;A;59.98;A;1009.41;A;22;A;0;A;8;A;195;A;1;A;346.67;A
25.03.2025 17:15;94.32;A;4211.53;A;4213.8;A;37.58;A;23;A;15.2;A;23.64;A;46.57;A;28;A;16.88;A;61.48;A;1009.42;A;21;A;0;A;7;A;175;A;0;A;160;A
25.03.2025 17:30;94.37;A;4211.87;A;4214.27;A;40.79;A;24.9;A;16.41;A;23.14;A;47.48;A;27;A;16.51;A;62.15;A;1009.57;A;20;A;1;A;7;A;175;A;0;A;193.33;A
25.03.2025 17:45;94.4;A;4212.27;A;4214.53;A;37.15;A;23.4;A;15.84;A;22.72;A;47.48;A;28;A;16.13;A;61.89;A;1009.6;A;21;A;0;A;7;A;211;A;0;A;240;A
25.03.2025 18:00;94.42;A;4212.67;A;4214.13;A;35.8;A;22.68;A;15.52;A;22.23;A;47.84;A;28;A;15.77;A;62.74;A;1010.06;A;19;A;1;A;9;A;222;A;0;A;286.67;A
25.03.2025 18:15;94.43;A;4213;A;4215.27;A;34.1;A;21.93;A;14.6;A;21.79;A;48.55;A;27;A;15.41;A;63.72;A;1010;A;18;A;1;A;9;A;234;A;0;A;150;A
25.03.2025 18:30;94.44;A;4212.73;A;4215;A;35.13;A;23.17;A;15.93;A;21.46;A;49.25;A;27;A;15.17;A;64.14;A;1010.09;A;17;A;1;A;10;A;369;A;0;A;193.33;A
25.03.2025 18:45;94.44;A;4212.73;A;4214.6;A;35.25;A;24.91;A;17.04;A;21.18;A;49.6;A;26;A;15.04;A;64.3;A;1010.22;A;18;A;1;A;8;A;283;A;0;A;216.67;A
25.03.2025 19:00;94.45;A;4212.8;A;4214.4;A;32.74;A;22.67;A;15.73;A;20.98;A;49.71;A;26;A;14.89;A;64.13;A;1010.41;A;18;A;1;A;8;A;210;A;0;A;106.67;A
25.03.2025 19:15;94.45;A;4212.8;A;4215;A;32.43;A;22.16;A;14.81;A;20.79;A;49.87;A;26;A;14.68;A;64.62;A;1010.56;A;18;A;1;A;8;A;263;A;0.67;A;126.67;A
25.03.2025 19:30;94.45;A;4212.8;A;4214.67;A;34.71;A;25.2;A;17.08;A;20.59;A;50.28;A;24;A;14.46;A;65.04;A;1010.78;A;17;A;1;A;8;A;180;A;0.33;A;130;A
25.03.2025 19:45;94.45;A;4212.6;A;4214.07;A;30.63;A;21.18;A;14.52;A;20.38;A;50.36;A;25;A;14.22;A;65.38;A;1010.81;A;18;A;1;A;7;A;148;A;0.33;A;123.33;A
25.03.2025 20:00;94.42;A;4202.33;A;4202.2;A;28.98;A;21.01;A;14.06;A;20.16;A;50.62;A;25;A;14.03;A;65.81;A;1010.79;A;17;A;0;A;7;A;141;A;0.33;A;126.67;A
25.03.2025 20:15;94.33;A;4211.8;A;4214.33;A;31.58;A;21.99;A;15.2;A;19.94;A;51.14;A;24;A;13.8;A;66.5;A;1011.41;A;15;A;1;A;9;A;189;A;0.33;A;123.33;A
25.03.2025 20:30;94.38;A;4211.93;A;4214;A;32.92;A;23.49;A;15.8;A;19.73;A;51.73;A;23;A;13.6;A;67.36;A;1011.63;A;15;A;1;A;9;A;195;A;0.67;A;133.33;A
25.03.2025 20:45;94.41;A;4212.73;A;4214.27;A;31.87;A;24.79;A;17.18;A;19.51;A;52.4;A;23;A;13.36;A;68.19;A;1011.56;A;15;A;1;A;8;A;177;A;0.33;A;130;A
25.03.2025 21:00;94.42;A;4212.8;A;4214.53;A;32.67;A;22.93;A;15.62;A;19.3;A;52.83;A;23;A;13.14;A;68.7;A;1011.57;A;15;A;1;A;8;A;161;A;0.67;A;130;A
25.03.2025 21:15;94.43;A;4212.8;A;4214.47;A;35.47;A;25.11;A;17.07;A;19.1;A;53.13;A;23;A;12.92;A;69.16;A;1011.46;A;16;A;1;A;7;A;195;A;1;A;130;A
25.03.2025 21:30;94.44;A;4212.73;A;4214.2;A;37.89;A;28.25;A;19.53;A;18.85;A;53.6;A;22;A;12.64;A;70.12;A;1011.46;A;14;A;1;A;8;A;194;A;0.33;A;133.33;A
25.03.2025 21:45;94.45;A;4212.87;A;4214.33;A;38.19;A;28.71;A;19.52;A;18.58;A;54.22;A;22;A;12.39;A;70.95;A;1011.55;A;13;A;1;A;9;A;192;A;0;A;136.67;A
25.03.2025 22:00;94.45;A;4211.47;A;4213.8;A;44.05;A;31.75;A;21.4;A;18.33;A;54.88;A;21;A;12.16;A;71.85;A;1011.72;A;13;A;2;A;8;A;200;A;0;A;130;A
25.03.2025 22:15;94.28;A;4180.47;A;4176.53;A;42.13;A;31.81;A;21.78;A;18.09;A;55.61;A;19;A;11.83;A;73.12;A;1011.52;A;11;A;2;A;9;A;206;A;0;A;143.33;A
25.03.2025 22:30;94.16;A;4209.53;A;4212.53;A;42.56;A;30.23;A;20.79;A;17.82;A;56.19;A;19;A;11.62;A;73.88;A;1011.39;A;11;A;2;A;9;A;196;A;0.33;A;183.33;A
25.03.2025 22:45;94.27;A;4211;A;4213;A;46.66;A;34.3;A;23.84;A;17.59;A;57.05;A;19;A;11.59;A;74.16;A;1011.42;A;12;A;1;A;7;A;209;A;0;A;196.67;A
25.03.2025 23:00;94.33;A;4211.73;A;4213.67;A;53.8;A;40.59;A;27.5;A;17.45;A;57.44;A;20;A;11.49;A;74.35;A;1011.33;A;11;A;1;A;9;A;251;A;0.33;A;110;A
25.03.2025 23:15;94.38;A;4212.13;A;4213.87;A;62.99;A;45.03;A;30.48;A;17.36;A;57.65;A;20;A;11.43;A;74.63;A;1011.4;A;10;A;2;A;10;A;260;A;0;A;203.33;A
25.03.2025 23:30;94.4;A;4212.73;A;4214.07;A;64.57;A;46.12;A;31.78;A;17.24;A;58.1;A;19;A;11.27;A;75.52;A;1011.72;A;7;A;2;A;12;A;275;A;0;A;166.67;A
25.03.2025 23:45;94.42;A;4212.87;A;4214.33;A;57.36;A;41.06;A;28.33;A;17.15;A;58.32;A;19;A;11.18;A;75.69;A;1011.61;A;6;A;1;A;12;A;263;A;0.33;A;300;A
26.03.2025 00:00;94.26;A;4185.2;A;4183.47;A;50.94;A;35.73;A;24.61;A;17.05;A;58.53;A;18;A;11.01;A;76.23;A;1011.74;A;8;A;2;A;11;A;227;A;0;A;290;A
26.03.2025 00:15;94.22;A;4210.33;A;4212.33;A;47.51;A;34.27;A;23.62;A;16.9;A;58.86;A;18;A;10.8;A;76.81;A;1011.57;A;8;A;2;A;10;A;227;A;0;A;250;A
26.03.2025 00:30;94.3;A;4211.67;A;4213.4;A;51.62;A;36.71;A;24.24;A;16.71;A;59.01;A;18;A;10.49;A;77.76;A;1011.53;A;10;A;2;A;8;A;215;A;0;A;303.33;A
26.03.2025 00:45;94.36;A;4211.8;A;4213.6;A;48.84;A;35.67;A;24.2;A;16.41;A;59.64;A;15;A;10.2;A;78.66;A;1011.66;A;8;A;3;A;7;A;216;A;0;A;160;A
26.03.2025 01:00;94.39;A;4212.73;A;4213.8;A;44.8;A;31.86;A;25.22;A;16.09;A;59.96;A;15;A;9.97;A;79.15;A;1011.61;A;7;A;3;A;8;A;225;A;0;A;206.67;A
26.03.2025 01:15;94.41;A;4212.8;A;4213.67;A;43.56;A;30.13;A;26.53;A;16.02;A;60.07;A;15;A;9.82;A;79.88;A;1011.45;A;7;A;3;A;8;A;230;A;0.33;A;196.67;A
26.03.2025 01:30;94.43;A;4212.87;A;4213.87;A;47.99;A;33.17;A;29.21;A;15.99;A;59.99;A;14;A;9.61;A;80.58;A;1011.37;A;5;A;4;A;9;A;270;A;0;A;206.67;A
26.03.2025 01:45;94.44;A;4212.87;A;4213.8;A;47.37;A;32.74;A;28.84;A;15.83;A;60.01;A;14;A;9.29;A;81.29;A;1011.49;A;5;A;4;A;8;A;262;A;0;A;193.33;A
26.03.2025 02:00;94.44;A;4212.87;A;4214.13;A;46.54;A;32.17;A;28.34;A;15.69;A;59.98;A;13;A;9.06;A;81.96;A;1011.59;A;4;A;5;A;8;A;252;A;0;A;143.33;A
26.03.2025 02:15;94.45;A;4212.87;A;4213.93;A;45.37;A;31.37;A;27.63;A;15.5;A;59.98;A;12;A;8.83;A;82.39;A;1011.71;A;4;A;4;A;8;A;244;A;0.33;A;180;A
26.03.2025 02:30;94.45;A;4212.93;A;4214.13;A;45.31;A;31.33;A;27.59;A;15.44;A;60.02;A;12;A;8.68;A;82.79;A;1011.72;A;3;A;5;A;9;A;241;A;0;A;260;A
26.03.2025 02:45;94.45;A;4212.87;A;4214.13;A;53.06;A;36.65;A;32.28;A;15.43;A;60.05;A;12;A;8.67;A;82.95;A;1011.92;A;2;A;4;A;10;A;263;A;0;A;303.33;A
26.03.2025 03:00;94.45;A;4212.87;A;4213.87;A;58.69;A;40.51;A;35.68;A;15.46;A;59.99;A;12;A;8.64;A;83.49;A;1011.71;A;2;A;5;A;10;A;266;A;0;A;130;A
26.03.2025 03:15;94.45;A;4212.73;A;4213.93;A;55.38;A;38.23;A;33.67;A;15.44;A;60;A;11;A;8.64;A;83.5;A;1011.76;A;3;A;4;A;9;A;257;A;0;A;190;A
26.03.2025 03:30;94.45;A;4212.73;A;4213.67;A;52.19;A;36.05;A;31.75;A;15.37;A;60.06;A;12;A;8.61;A;83.3;A;1011.63;A;3;A;5;A;9;A;256;A;0.33;A;223.33;A
26.03.2025 03:45;94.45;A;4212.87;A;4213.87;A;50.47;A;34.87;A;30.71;A;15.43;A;59.95;A;12;A;8.59;A;83.54;A;1011.65;A;4;A;5;A;8;A;244;A;0;A;183.33;A
26.03.2025 04:00;94.45;A;4212.8;A;4214;A;49.88;A;34.46;A;30.35;A;15.34;A;60.02;A;11;A;8.43;A;84.02;A;1011.7;A;2;A;5;A;9;A;250;A;0;A;196.67;A
26.03.2025 04:15;94.45;A;4212.87;A;4213.73;A;49.34;A;34.1;A;30.03;A;15.36;A;59.99;A;11;A;8.37;A;84.25;A;1011.92;A;3;A;5;A;9;A;248;A;0;A;216.67;A
26.03.2025 04:30;94.45;A;4212.87;A;4213.67;A;48.15;A;33.28;A;29.31;A;15.24;A;60.01;A;11;A;8.23;A;84.47;A;1011.88;A;2;A;5;A;9;A;235;A;0;A;183.33;A
26.03.2025 04:45;94.45;A;4212.87;A;4214.13;A;44.98;A;31.1;A;27.39;A;15.22;A;60.01;A;11;A;8.15;A;84.93;A;1011.97;A;3;A;5;A;8;A;225;A;0;A;210;A
26.03.2025 05:00;94.45;A;4212.87;A;4213.93;A;41.68;A;28.84;A;25.4;A;15.18;A;59.94;A;10;A;7.96;A;85.29;A;1011.93;A;2;A;6;A;9;A;222;A;0;A;190;A
26.03.2025 05:15;94.45;A;4212.87;A;4213.67;A;43.28;A;29.94;A;26.37;A;15;A;60.03;A;10;A;7.86;A;85.63;A;1012.01;A;1;A;6;A;9;A;224;A;0.33;A;180;A
26.03.2025 05:30;94.45;A;4212.87;A;4214.2;A;42.69;A;29.53;A;26.01;A;15.01;A;60.01;A;9;A;7.82;A;85.63;A;1011.88;A;0;A;6;A;10;A;293;A;0;A;196.67;A
26.03.2025 05:45;94.45;A;4212.87;A;4213.73;A;41.18;A;28.49;A;25.1;A;15.04;A;59.98;A;10;A;7.77;A;86.1;A;1011.96;A;0;A;5;A;11;A;294;A;0.33;A;296.67;A
26.03.2025 06:00;94.45;A;4212.75;A;4213.08;A;41.08;A;28.42;A;25.03;A;14.98;A;60.04;A;10;A;7.8;A;85.86;A;1012.05;A;0;A;5;A;12;A;318;A;0;A;253.33;A
26.03.2025 06:15;94.44;A;4213;A;4214.33;A;41.22;A;28.52;A;25.12;A;14.97;A;59.97;A;10;A;7.77;A;85.84;A;1012.23;A;0;A;5;A;11;A;302;A;0.33;A;270;A
26.03.2025 06:30;94.44;A;4212.8;A;4213.4;A;39.26;A;27.18;A;23.94;A;14.99;A;60.05;A;12;A;7.92;A;85.5;A;1012.21;A;0;A;5;A;12;A;283;A;0;A;233.33;A
26.03.2025 06:45;94.44;A;4212.87;A;4213.93;A;38.31;A;26.53;A;23.37;A;15.19;A;59.89;A;10;A;8.58;A;82.86;A;1012.14;A;1;A;4;A;9;A;272;A;0;A;243.33;A
26.03.2025 07:00;94.44;A;4212.8;A;4214.2;A;35.09;A;24.32;A;21.42;A;15.52;A;59.87;A;10;A;9.62;A;79.69;A;1012.12;A;2;A;2;A;9;A;249;A;1;A;316.67;A
26.03.2025 07:15;94.44;A;4212.8;A;4214.73;A;40.36;A;28.39;A;22.13;A;15.92;A;59.84;A;13;A;10.47;A;77.37;A;1012.15;A;4;A;1;A;9;A;221;A;0.67;A;326.67;A
26.03.2025 07:30;94.45;A;4212.8;A;4214.33;A;48.29;A;35.8;A;24.66;A;16.59;A;58.95;A;15;A;11.01;A;75.62;A;1012.16;A;7;A;2;A;8;A;198;A;0;A;166.67;A
26.03.2025 07:45;94.31;A;4190.27;A;4188.27;A;50;A;39.01;A;26.2;A;17.24;A;57.14;A;17;A;11.49;A;74.45;A;1012.13;A;6;A;2;A;11;A;223;A;0;A;116.67;A
26.03.2025 08:00;94.27;A;4210.87;A;4213.47;A;55.32;A;42.48;A;29.01;A;17.89;A;56.02;A;17;A;12.2;A;71.75;A;1012.18;A;5;A;1;A;12;A;259;A;0;A;340;A
26.03.2025 08:15;94.34;A;4211.87;A;4214.13;A;58.6;A;45.19;A;30.62;A;18.83;A;53.91;A;19;A;13.25;A;68.52;A;1012.39;A;7;A;1;A;12;A;265;A;0;A;333.33;A
26.03.2025 08:30;94.37;A;4211.8;A;4214.27;A;58.62;A;45.54;A;30.71;A;19.91;A;52.2;A;20;A;14.58;A;65.78;A;1012.33;A;9;A;1;A;10;A;213;A;0;A;340;A
26.03.2025 08:45;94.4;A;4212.53;A;4214.87;A;51.05;A;39.63;A;27.23;A;20.9;A;49.19;A;17;A;14.6;A;64.37;A;1012.28;A;8;A;2;A;9;A;230;A;0.33;A;273.33;A
26.03.2025 09:00;94.41;A;4212.73;A;4214.53;A;51.99;A;40.25;A;28.09;A;21.06;A;48.3;A;18;A;14.04;A;66.62;A;1012.59;A;8;A;4;A;10;A;203;A;0;A;103.33;A
26.03.2025 09:15;94.42;A;4212.73;A;4214.67;A;49.29;A;39.02;A;26.89;A;20.8;A;49.3;A;16;A;14.17;A;66.35;A;1012.34;A;9;A;3;A;7;A;178;A;0.33;A;66.67;A
26.03.2025 09:30;94.43;A;4212.67;A;4214.73;A;51.25;A;39.39;A;26.82;A;21.23;A;49.04;A;17;A;15.55;A;62.41;A;1012.32;A;12;A;0;A;5;A;176;A;0;A;100;A
26.03.2025 09:45;94.43;A;4212.73;A;4214.47;A;50.65;A;38.36;A;26.02;A;22.18;A;46.84;A;20;A;15.63;A;61.58;A;1012.54;A;14;A;1;A;7;A;208;A;0;A;240;A
26.03.2025 10:00;94.44;A;4212.8;A;4214.67;A;47.44;A;35.55;A;24.92;A;22.43;A;45.78;A;22;A;15.17;A;62.45;A;1012.41;A;13;A;3;A;10;A;379;A;0.67;A;230;A
26.03.2025 10:15;94.44;A;4213;A;4215.13;A;46.94;A;34.57;A;24.32;A;22.01;A;46.01;A;20;A;15.34;A;61.75;A;1012.32;A;12;A;3;A;8;A;314;A;0.33;A;156.67;A
26.03.2025 10:30;94.44;A;4212.8;A;4215;A;41.64;A;32.17;A;22.15;A;22.06;A;45.67;A;20;A;15.76;A;59.62;A;1012.47;A;13;A;1;A;6;A;209;A;0;A;83.33;A
26.03.2025 10:45;94.44;A;4212.8;A;4214.47;A;38.57;A;30.17;A;20.86;A;22.53;A;44.39;A;21;A;16.34;A;56.96;A;1012.6;A;14;A;1;A;7;A;173;A;0;A;83.33;A
26.03.2025 11:00;94.44;A;4212.73;A;4215;A;37.63;A;29.96;A;20.88;A;23.06;A;43.45;A;23;A;16.8;A;56.05;A;1012.4;A;16;A;1;A;7;A;200;A;0.33;A;153.33;A
26.03.2025 11:15;94.44;A;4212.73;A;4215.2;A;35.05;A;27.3;A;19.28;A;23.43;A;42.45;A;23;A;16.79;A;55.15;A;1012.26;A;16;A;1;A;7;A;205;A;0.67;A;190;A
26.03.2025 11:30;94.44;A;4212.8;A;4215.33;A;36.12;A;28.31;A;19.79;A;23.69;A;41.38;A;24;A;17.04;A;54.02;A;1012.13;A;16;A;1;A;8;A;272;A;0.33;A;273.33;A
26.03.2025 11:45;94.44;A;4212.8;A;4215;A;33.17;A;26.75;A;18.52;A;23.8;A;40.56;A;25;A;16.73;A;53.66;A;1012.08;A;18;A;1;A;8;A;228;A;0.67;A;123.33;A
26.03.2025 12:00;94.43;A;4212.8;A;4215.13;A;33.19;A;26.27;A;18.09;A;23.82;A;40.41;A;25;A;17.04;A;52.92;A;1011.93;A;17;A;1;A;8;A;198;A;0;A;120;A
26.03.2025 12:15;94.43;A;4212.93;A;4215.67;A;32.45;A;25.31;A;17.3;A;23.91;A;39.75;A;25;A;16.69;A;53.25;A;1011.68;A;18;A;1;A;7;A;169;A;0.67;A;126.67;A
26.03.2025 12:30;94.43;A;4212.73;A;4214.73;A;31.14;A;23.4;A;16.33;A;23.65;A;39.85;A;27;A;16.47;A;53.49;A;1011.81;A;19;A;1;A;8;A;168;A;0.67;A;233.33;A
26.03.2025 12:45;94.43;A;4212.67;A;4214.4;A;32.61;A;24.92;A;17.62;A;23.2;A;40.21;A;27;A;16.1;A;53.7;A;1011.52;A;19;A;1;A;8;A;180;A;0;A;126.67;A
26.03.2025 13:00;94.43;A;4212.73;A;4214.67;A;27.91;A;21.07;A;14.31;A;22.71;A;40.45;A;28;A;15.91;A;53.26;A;1011.46;A;21;A;1;A;7;A;202;A;0;A;203.33;A
26.03.2025 13:15;94.43;A;4212.8;A;4214.73;A;29.42;A;21.28;A;14.57;A;22.35;A;40.04;A;29;A;15.95;A;51.86;A;1011.58;A;20;A;0;A;9;A;217;A;0.33;A;93.33;A
26.03.2025 13:30;94.43;A;4212.8;A;4215.07;A;19.76;A;14.19;A;10.41;A;22.11;A;38.88;A;30;A;16;A;49.5;A;1011.47;A;24;A;0;A;6;A;180;A;0.33;A;103.33;A
26.03.2025 13:45;94.43;A;4212.87;A;4214.6;A;17.05;A;12.76;A;8.97;A;22.03;A;38.07;A;32;A;15.96;A;47.37;A;1011.33;A;25;A;0;A;6;A;131;A;0.33;A;233.33;A
26.03.2025 14:00;94.43;A;4212.93;A;4215.07;A;15.99;A;11.96;A;8.57;A;21.95;A;37.38;A;32;A;15.96;A;47.09;A;1011.24;A;25;A;0;A;7;A;155;A;0.33;A;153.33;A
26.03.2025 14:15;94.31;A;4187.53;A;4185.67;A;14.66;A;11.35;A;8.11;A;21.9;A;37.35;A;32;A;16;A;47.3;A;1011.11;A;26;A;0;A;7;A;121;A;0.33;A;200;A
26.03.2025 14:30;94.14;A;4202.73;A;4204.53;A;13.9;A;10.81;A;7.96;A;21.88;A;37.72;A;33;A;16.11;A;47.58;A;1011.12;A;24;A;0;A;8;A;231;A;0;A;123.33;A
26.03.2025 14:45;94.24;A;4210.67;A;4213.27;A;15.91;A;11.56;A;8.28;A;21.88;A;36.94;A;34;A;16.16;A;45.61;A;1011.04;A;27;A;0;A;7;A;141;A;0;A;96.67;A
26.03.2025 15:00;94.31;A;4211.53;A;4214;A;14.64;A;11.79;A;8.25;A;22.03;A;37.06;A;34;A;16.45;A;45.57;A;1010.72;A;26;A;0;A;8;A;162;A;0;A;90;A
26.03.2025 15:15;94.35;A;4211.73;A;4214.13;A;12.5;A;9.49;A;6.83;A;22.3;A;36.18;A;34;A;16.63;A;44.1;A;1010.47;A;27;A;0;A;8;A;147;A;0;A;190;A
26.03.2025 15:30;94.38;A;4212.53;A;4214.53;A;11.28;A;7.81;A;5.61;A;22.48;A;35.03;A;33;A;16.76;A;42.66;A;1010.43;A;26;A;0;A;7;A;140;A;0;A;193.33;A
26.03.2025 15:45;94.4;A;4212.67;A;4214.67;A;7.66;A;5.78;A;4.32;A;22.61;A;33.56;A;35;A;16.84;A;40.41;A;1010.5;A;28;A;0;A;7;A;128;A;1;A;270;A
26.03.2025 16:00;94.41;A;4212.87;A;4214.67;A;7.36;A;5.09;A;3.69;A;22.64;A;32.47;A;35;A;16.8;A;39.08;A;1010.45;A;26;A;0;A;8;A;204;A;0.33;A;93.33;A
26.03.2025 16:15;94.42;A;4212.87;A;4215.13;A;7.25;A;4.73;A;3.29;A;22.66;A;32.15;A;34;A;16.82;A;39.1;A;1010.39;A;26;A;0;A;8;A;148;A;0;A;136.67;A
26.03.2025 16:30;94.42;A;4212.8;A;4214.73;A;5.4;A;4.23;A;3.12;A;22.71;A;32.03;A;34;A;16.95;A;38.6;A;1010.45;A;27;A;0;A;7;A;139;A;0.33;A;193.33;A
26.03.2025 16:45;94.43;A;4212.73;A;4214.73;A;6.23;A;4.05;A;2.97;A;22.78;A;31.84;A;35;A;16.91;A;38.83;A;1010.45;A;27;A;0;A;8;A;157;A;0;A;170;A
26.03.2025 17:00;94.41;A;4204;A;4204.6;A;6.41;A;4.86;A;3.4;A;22.74;A;31.65;A;35;A;16.74;A;38.77;A;1010.38;A;26;A;0;A;9;A;178;A;0;A;200;A
26.03.2025 17:15;94.19;A;4189.8;A;4188.53;A;8.69;A;5.94;A;3.97;A;22.65;A;31.56;A;35;A;16.66;A;38.29;A;1010.27;A;26;A;0;A;9;A;216;A;0;A;266.67;A
26.03.2025 17:30;94.23;A;4210.53;A;4213.2;A;10.12;A;6.51;A;4.38;A;22.48;A;31.02;A;36;A;16.45;A;38.22;A;1010.39;A;25;A;0;A;11;A;192;A;0;A;253.33;A
26.03.2025 17:45;94.3;A;4211.6;A;4213.73;A;12.11;A;8.11;A;5.71;A;22.26;A;31.44;A;36;A;16.2;A;39.08;A;1010.71;A;25;A;0;A;11;A;200;A;0.33;A;300;A
26.03.2025 18:00;94.35;A;4211.87;A;4214.53;A;14.33;A;9.56;A;7;A;21.98;A;31.29;A;35;A;15.94;A;38.38;A;1010.91;A;23;A;0;A;12;A;248;A;0;A;206.67;A
26.03.2025 18:15;94.38;A;4212.47;A;4214.33;A;18.08;A;10.3;A;7.5;A;21.69;A;31.07;A;35;A;15.59;A;38.75;A;1010.86;A;21;A;0;A;14;A;237;A;0;A;153.33;A
26.03.2025 18:30;94.4;A;4212.73;A;4214.4;A;27.84;A;17.52;A;11.71;A;21.36;A;31.73;A;34;A;15.22;A;39.46;A;1010.98;A;20;A;0;A;14;A;274;A;0;A;163.33;A
26.03.2025 18:45;94.41;A;4212.73;A;4214.67;A;31.3;A;22.89;A;16.14;A;20.98;A;32.36;A;33;A;14.78;A;40.67;A;1011.09;A;17;A;0;A;16;A;370;A;0;A;133.33;A
26.03.2025 19:00;94.42;A;4212.8;A;4214.73;A;36.95;A;23.88;A;16.31;A;20.56;A;33.24;A;32;A;14.33;A;41.95;A;1011.29;A;16;A;0;A;16;A;337;A;0;A;140;A
26.03.2025 19:15;94.42;A;4212.8;A;4215;A;42.04;A;26.7;A;18.53;A;20.14;A;34.2;A;30;A;13.8;A;44.07;A;1011.77;A;10;A;1;A;20;A;531;A;0;A;143.33;A
26.03.2025 19:30;94.43;A;4212.73;A;4214.13;A;42.19;A;28.15;A;18.85;A;19.68;A;35.59;A;29;A;13.25;A;46.35;A;1011.95;A;5;A;1;A;24;A;543;A;0;A;140;A
26.03.2025 19:45;94.4;A;4199;A;4199.2;A;55.5;A;37.96;A;25.93;A;19.18;A;37.21;A;30;A;12.74;A;49.02;A;1012.08;A;1;A;2;A;33;A;637;A;0;A;186.67;A
26.03.2025 20:00;94.29;A;4211.4;A;4213.33;A;88.2;A;56.89;A;37.89;A;18.68;A;38.8;A;31;A;12.16;A;50.57;A;1012;A;0;A;2;A;37;A;939;A;0.33;A;136.67;A
26.03.2025 20:15;94.34;A;4211.73;A;4213.67;A;64.77;A;44.67;A;30.38;A;18.19;A;37.95;A;28;A;11.88;A;47.89;A;1012.2;A;2;A;1;A;28;A;552;A;0.67;A;136.67;A
26.03.2025 20:30;94.38;A;4212.6;A;4213.93;A;44.24;A;30.83;A;21.09;A;17.79;A;38.2;A;28;A;11.63;A;49.5;A;1012.36;A;13;A;2;A;15;A;435;A;0.67;A;123.33;A
26.03.2025 20:45;94.4;A;4212.73;A;4214.13;A;29.06;A;21.46;A;14.93;A;17.51;A;39.79;A;28;A;11.65;A;50.71;A;1012.5;A;18;A;2;A;11;A;256;A;0.33;A;40;A
26.03.2025 21:00;94.41;A;4212.67;A;4213.93;A;34.84;A;24.28;A;16.67;A;17.33;A;40.43;A;27;A;11.33;A;51.86;A;1012.6;A;14;A;1;A;13;A;303;A;0.33;A;136.67;A
26.03.2025 21:15;94.42;A;4212.87;A;4214.27;A;39.68;A;28.34;A;19.67;A;17.08;A;41.21;A;27;A;10.95;A;53.19;A;1012.51;A;13;A;1;A;13;A;243;A;0.67;A;130;A
26.03.2025 21:30;94.43;A;4212.93;A;4214.33;A;50.05;A;36.1;A;24.16;A;16.73;A;41.78;A;26;A;10.35;A;54.83;A;1012.42;A;12;A;1;A;14;A;276;A;0.33;A;130;A
26.03.2025 21:45;94.43;A;4212.93;A;4214.4;A;49.15;A;35.07;A;24.17;A;16.21;A;42.88;A;24;A;9.92;A;56.7;A;1012.42;A;12;A;2;A;12;A;258;A;1;A;130;A
26.03.2025 22:00;94.43;A;4212.93;A;4214.13;A;46.05;A;33.08;A;23.02;A;15.71;A;44.02;A;23;A;9.53;A;58.16;A;1012.63;A;11;A;1;A;12;A;237;A;0;A;86.67;A
26.03.2025 22:15;94.42;A;4203.07;A;4202.27;A;52.4;A;37.34;A;25.31;A;15.31;A;45.07;A;23;A;9.19;A;59.82;A;1012.66;A;12;A;1;A;11;A;212;A;0;A;136.67;A
26.03.2025 22:30;94.24;A;4199.2;A;4198.67;A;52.13;A;38.16;A;26.42;A;14.98;A;46.32;A;23;A;8.96;A;61.05;A;1012.65;A;12;A;2;A;10;A;185;A;0;A;130;A
26.03.2025 22:45;94.29;A;4211.6;A;4212.73;A;57.04;A;40.08;A;27.06;A;14.64;A;47.06;A;23;A;8.62;A;61.96;A;1012.74;A;12;A;1;A;11;A;184;A;0;A;133.33;A
26.03.2025 23:00;94.34;A;4211.87;A;4213.27;A;51.44;A;38.22;A;26.76;A;14.33;A;47.74;A;23;A;8.37;A;62.62;A;1012.86;A;14;A;1;A;9;A;188;A;0;A;136.67;A
26.03.2025 23:15;94.38;A;4212.73;A;4213.53;A;51.12;A;37.89;A;25.56;A;14.08;A;48.32;A;23;A;8.11;A;63.39;A;1013;A;14;A;1;A;9;A;167;A;0;A;216.67;A
26.03.2025 23:30;94.4;A;4212.8;A;4213.67;A;50.47;A;37.6;A;25.57;A;13.85;A;48.95;A;22;A;7.9;A;64.57;A;1013.01;A;12;A;1;A;10;A;160;A;0;A;173.33;A
26.03.2025 23:45;94.41;A;4213;A;4214.33;A;52.21;A;38.94;A;26.59;A;13.58;A;49.95;A;21;A;7.56;A;66.08;A;1012.93;A;11;A;1;A;10;A;166;A;0.33;A;196.67;A
27.03.2025 00:00;94.42;A;4212.87;A;4213.8;A;57.13;A;41.78;A;28.69;A;13.3;A;50.73;A;20;A;7.21;A;67.75;A;1012.95;A;9;A;2;A;11;A;201;A;0.33;A;140;A
27.03.2025 00:15;94.42;A;4212.87;A;4214.07;A;63.11;A;47.28;A;32.28;A;12.98;A;52.11;A;19;A;6.89;A;69.4;A;1012.88;A;5;A;2;A;14;A;274;A;0;A;180;A
27.03.2025 00:30;94.43;A;4212.87;A;4214.07;A;67.39;A;49.89;A;33.7;A;12.7;A;53.15;A;18;A;6.61;A;70.89;A;1012.77;A;5;A;2;A;13;A;288;A;0;A;160;A
27.03.2025 00:45;94.43;A;4213;A;4214.13;A;62.74;A;46.1;A;32.12;A;12.41;A;53.58;A;17;A;6.42;A;70.46;A;1012.91;A;5;A;2;A;12;A;258;A;0;A;193.33;A
27.03.2025 01:00;94.43;A;4213.4;A;4213.53;A;59.55;A;45.83;A;31.48;A;12.16;A;53.62;A;18;A;6.14;A;71.33;A;1012.97;A;7;A;2;A;11;A;249;A;0.33;A;260;A
27.03.2025 01:15;94.43;A;4213.33;A;4213.8;A;60.02;A;45.38;A;31.75;A;11.86;A;54.23;A;17;A;5.86;A;72.03;A;1012.86;A;6;A;2;A;11;A;244;A;0.33;A;196.67;A
27.03.2025 01:30;94.34;A;4194.07;A;4191.73;A;60.35;A;45.85;A;31.4;A;11.58;A;54.73;A;16;A;5.61;A;73.21;A;1012.7;A;6;A;3;A;11;A;247;A;0.33;A;203.33;A
27.03.2025 01:45;94.26;A;4211.53;A;4212.33;A;59.74;A;46.2;A;31.56;A;11.31;A;55.92;A;15;A;5.38;A;73.96;A;1012.77;A;5;A;3;A;11;A;254;A;0;A;126.67;A
27.03.2025 02:00;94.33;A;4212.13;A;4213.13;A;67.04;A;52.25;A;35.24;A;11.05;A;56.49;A;14;A;5.19;A;74.43;A;1012.89;A;3;A;5;A;10;A;281;A;0;A;173.33;A
27.03.2025 02:15;94.37;A;4212.73;A;4213.07;A;66.45;A;51.85;A;35.22;A;10.85;A;56.78;A;14;A;5.09;A;74.71;A;1012.94;A;3;A;3;A;11;A;257;A;0;A;190;A
27.03.2025 02:30;94.39;A;4212.8;A;4213.47;A;63.88;A;48.01;A;32.57;A;10.66;A;56.96;A;15;A;4.83;A;75.03;A;1012.96;A;4;A;3;A;11;A;211;A;0.33;A;246.67;A
27.03.2025 02:45;94.4;A;4212.87;A;4213.53;A;72.02;A;53.63;A;36.46;A;10.48;A;57.18;A;14;A;4.51;A;75.75;A;1012.87;A;4;A;4;A;10;A;214;A;0;A;133.33;A
27.03.2025 03:00;94.42;A;4212.87;A;4213.4;A;65.9;A;50.35;A;33.65;A;10.27;A;57.2;A;14;A;4.39;A;75.52;A;1012.8;A;6;A;3;A;9;A;183;A;0.33;A;130;A
27.03.2025 03:15;94.42;A;4213.2;A;4213.8;A;72.21;A;53.35;A;36.19;A;10.07;A;56.33;A;14;A;4.14;A;74.46;A;1012.94;A;4;A;3;A;10;A;206;A;0;A;220;A
27.03.2025 03:30;94.43;A;4213.6;A;4213.33;A;77.5;A;58.17;A;38.82;A;9.87;A;56.64;A;15;A;4.05;A;74.96;A;1012.98;A;4;A;3;A;11;A;214;A;0;A;250;A
27.03.2025 03:45;94.42;A;4208.4;A;4207.47;A;74.88;A;57.11;A;38.01;A;9.73;A;57.38;A;14;A;3.98;A;75.69;A;1013.14;A;3;A;3;A;11;A;215;A;0;A;200;A
27.03.2025 04:00;94.37;A;4212.87;A;4213.6;A;78.31;A;58.82;A;39.11;A;9.65;A;58.15;A;14;A;3.95;A;76.43;A;1012.96;A;2;A;4;A;11;A;237;A;0.33;A;200;A
27.03.2025 04:15;94.39;A;4212.87;A;4213.33;A;77.78;A;59.31;A;39.87;A;9.55;A;59.22;A;13;A;3.95;A;77.74;A;1012.97;A;1;A;4;A;13;A;254;A;0;A;133.33;A
27.03.2025 04:30;94.38;A;4201.67;A;4200.6;A;71.26;A;54.78;A;38.78;A;9.56;A;59.75;A;13;A;4.01;A;77.84;A;1012.89;A;1;A;3;A;12;A;241;A;0;A;276.67;A
27.03.2025 04:45;94.2;A;4198.2;A;4196.53;A;71.76;A;53.96;A;36.75;A;9.54;A;59.5;A;14;A;3.9;A;77.75;A;1012.85;A;2;A;4;A;12;A;210;A;0;A;246.67;A
27.03.2025 05:00;94.26;A;4211.6;A;4212.47;A;65.75;A;50.72;A;34.55;A;9.49;A;59.46;A;14;A;3.78;A;78.25;A;1012.77;A;2;A;3;A;12;A;199;A;0;A;140;A
27.03.2025 05:15;94.33;A;4212.27;A;4212.87;A;65.45;A;50.34;A;34.91;A;9.39;A;59.59;A;15;A;3.68;A;78.13;A;1012.92;A;3;A;3;A;12;A;196;A;0;A;196.67;A
27.03.2025 05:30;94.36;A;4212.73;A;4213.13;A;70.84;A;53.35;A;37.53;A;9.29;A;59.78;A;15;A;3.64;A;78.47;A;1013;A;1;A;3;A;13;A;195;A;0;A;163.33;A
27.03.2025 05:45;94.39;A;4212.87;A;4212.87;A;92.82;A;66.44;A;50.3;A;9.26;A;59.95;A;15;A;3.55;A;78.78;A;1013.1;A;1;A;3;A;13;A;204;A;0.33;A;196.67;A
27.03.2025 06:00;94.41;A;4213.07;A;4213.73;A;131.87;A;90.57;A;77.5;A;9.28;A;59.96;A;14;A;3.61;A;78.8;A;1013.3;A;1;A;3;A;14;A;247;A;0.33;A;156.67;A
27.03.2025 06:15;94.42;A;4213.33;A;4213.73;A;105.95;A;72.93;A;64.23;A;9.36;A;60.05;A;13;A;3.8;A;78.71;A;1013.44;A;0;A;4;A;14;A;252;A;0.33;A;140;A
27.03.2025 06:30;94.42;A;4213.6;A;4213.6;A;103.53;A;72.39;A;59.14;A;9.52;A;60.07;A;14;A;4.1;A;77.97;A;1013.61;A;1;A;4;A;14;A;264;A;0;A;160;A
27.03.2025 06:45;94.43;A;4213;A;4213.13;A;60.19;A;41.54;A;36.58;A;10.08;A;59.94;A;15;A;4.53;A;78.31;A;1013.59;A;4;A;3;A;11;A;230;A;0.33;A;200;A
27.03.2025 07:00;94.43;A;4213.4;A;4213.27;A;68.21;A;51.09;A;37.37;A;10.19;A;59.67;A;15;A;4.85;A;76.5;A;1013.33;A;3;A;2;A;13;A;239;A;0;A;186.67;A
27.03.2025 07:15;94.32;A;4198.07;A;4195.67;A;78.73;A;61.78;A;41.72;A;10.33;A;58.77;A;16;A;5.15;A;74.61;A;1013.18;A;1;A;2;A;16;A;319;A;0;A;130;A
27.03.2025 07:30;94.32;A;4212;A;4213;A;82.61;A;63.08;A;43.31;A;10.55;A;57.4;A;17;A;5.08;A;73.69;A;1013.17;A;0;A;3;A;18;A;326;A;0.33;A;90;A
27.03.2025 07:45;94.36;A;4212.87;A;4213.4;A;78.19;A;61.1;A;42.18;A;10.7;A;57.34;A;17;A;5.43;A;74.43;A;1013.26;A;1;A;3;A;16;A;314;A;0.33;A;333.33;A
27.03.2025 08:00;94.39;A;4212.87;A;4213.07;A;73.56;A;57.49;A;39.69;A;11.01;A;58.63;A;17;A;5.92;A;74.42;A;1013.33;A;4;A;3;A;13;A;221;A;0;A;276.67;A
27.03.2025 08:15;94.4;A;4213;A;4213.87;A;73.64;A;58.01;A;39.29;A;11.38;A;58.22;A;18;A;6.4;A;73.37;A;1013.52;A;5;A;2;A;13;A;208;A;0;A;136.67;A
27.03.2025 08:30;94.34;A;4191.73;A;4189;A;71.47;A;56.38;A;38.63;A;11.93;A;57.72;A;18;A;7.14;A;71.72;A;1013.77;A;6;A;1;A;12;A;218;A;0;A;153.33;A
27.03.2025 08:45;94.18;A;4206;A;4206.53;A;65.4;A;51.65;A;35.88;A;12.67;A;56.38;A;20;A;8;A;69.41;A;1013.9;A;7;A;1;A;13;A;206;A;0;A;153.33;A
27.03.2025 09:00;94.27;A;4211.33;A;4212.73;A;56.82;A;46.83;A;32.68;A;13.63;A;54.46;A;21;A;9.32;A;65.92;A;1013.7;A;9;A;0;A;12;A;195;A;0;A;226.67;A
27.03.2025 09:15;94.33;A;4211.8;A;4213.33;A;54.33;A;43.25;A;29.59;A;14.84;A;52.18;A;22;A;10.1;A;63.91;A;1013.33;A;10;A;0;A;12;A;199;A;0;A;233.33;A
27.03.2025 09:30;94.37;A;4212.33;A;4214;A;43.36;A;34.87;A;24.48;A;15.96;A;50.37;A;24;A;11.04;A;62.09;A;1013.19;A;11;A;0;A;13;A;176;A;0;A;53.33;A
27.03.2025 09:45;94.39;A;4212.73;A;4214.07;A;36.87;A;28.6;A;20.04;A;17.08;A;48.25;A;24;A;12.24;A;58.88;A;1013.42;A;12;A;0;A;12;A;163;A;0.33;A;43.33;A
27.03.2025 10:00;94.41;A;4212.73;A;4214.27;A;27.42;A;20.75;A;14.98;A;18.21;A;45.11;A;26;A;13.01;A;54.66;A;1013.42;A;17;A;0;A;10;A;153;A;0.33;A;86.67;A
27.03.2025 10:15;94.42;A;4212.87;A;4214.93;A;23.26;A;18.95;A;13.24;A;19.07;A;41.96;A;31;A;13.5;A;52.31;A;1013.41;A;18;A;0;A;13;A;154;A;0.33;A;56.67;A
27.03.2025 10:30;94.32;A;4189.47;A;4188.27;A;23.79;A;17.8;A;12.51;A;19.71;A;40.07;A;29;A;14.43;A;48.23;A;1013.17;A;19;A;0;A;10;A;143;A;0;A;63.33;A
27.03.2025 10:45;94.18;A;4207.73;A;4210.4;A;21.76;A;16.34;A;11.52;A;20.51;A;36.92;A;33;A;14.65;A;46.39;A;1012.71;A;22;A;0;A;11;A;140;A;0;A;36.67;A
27.03.2025 11:00;94.27;A;4210.93;A;4213.67;A;19.55;A;15.84;A;11.38;A;21.23;A;35.7;A;34;A;15.58;A;43.25;A;1012.79;A;23;A;0;A;10;A;141;A;0.67;A;346.67;A
27.03.2025 11:15;94.33;A;4211.67;A;4214.33;A;20.93;A;15.14;A;10.84;A;21.86;A;34.08;A;35;A;16.01;A;42;A;1012.65;A;24;A;0;A;10;A;146;A;0;A;143.33;A
27.03.2025 11:30;94.36;A;4211.87;A;4214.47;A;20.84;A;15.71;A;11.13;A;22.51;A;32.84;A;35;A;16.34;A;40.31;A;1012.6;A;25;A;0;A;10;A;135;A;0.33;A;130;A
27.03.2025 11:45;94.39;A;4212.53;A;4214.8;A;19.78;A;14.92;A;10.68;A;22.9;A;31.35;A;37;A;16.51;A;39.07;A;1012.46;A;27;A;0;A;10;A;127;A;0.33;A;236.67;A
27.03.2025 12:00;94.4;A;4212.67;A;4214.4;A;19.22;A;14.59;A;10.55;A;23.13;A;30.72;A;38;A;16.37;A;38.75;A;1012.36;A;27;A;0;A;11;A;132;A;0;A;66.67;A
27.03.2025 12:15;94.41;A;4212.93;A;4214.87;A;18.72;A;13.46;A;9.68;A;23.28;A;29.6;A;39;A;16.65;A;36.5;A;1012.27;A;26;A;0;A;13;A;138;A;0;A;156.67;A
27.03.2025 12:30;94.42;A;4212.87;A;4214.93;A;17.01;A;12.96;A;9.54;A;23.27;A;28.88;A;40;A;16.42;A;37.11;A;1012.21;A;28;A;0;A;12;A;119;A;0.33;A;170;A
27.03.2025 12:45;94.42;A;4212.8;A;4215.2;A;18.45;A;13.63;A;10.19;A;23;A;30.38;A;38;A;16.36;A;38.53;A;1012.07;A;27;A;0;A;11;A;128;A;0.33;A;143.33;A
27.03.2025 13:00;94.42;A;4212.8;A;4214.53;A;21.93;A;15.85;A;11.2;A;22.83;A;31.07;A;38;A;16.22;A;39.12;A;1011.94;A;28;A;0;A;10;A;129;A;0.33;A;226.67;A
27.03.2025 13:15;94.42;A;4212.73;A;4214.4;A;20.31;A;15.24;A;10.97;A;22.66;A;31.84;A;37;A;16.45;A;39.78;A;1011.92;A;28;A;0;A;10;A;140;A;0.33;A;113.33;A
27.03.2025 13:30;94.43;A;4212.73;A;4214.73;A;19.5;A;14.24;A;10.43;A;22.65;A;31.85;A;38;A;16.57;A;39.1;A;1011.74;A;28;A;0;A;9;A;122;A;0;A;96.67;A
27.03.2025 13:45;94.43;A;4212.8;A;4214.87;A;15.54;A;11.57;A;8.83;A;22.78;A;31.13;A;37;A;16.8;A;38.16;A;1011.63;A;29;A;0;A;9;A;154;A;0;A;130;A
27.03.2025 14:00;94.43;A;4212.87;A;4214.47;A;14.16;A;10.68;A;7.77;A;22.91;A;30.52;A;38;A;16.98;A;36.84;A;1011.54;A;29;A;0;A;9;A;147;A;0.67;A;226.67;A
27.03.2025 14:15;94.41;A;4200.87;A;4201;A;16.13;A;11.12;A;8.17;A;23.03;A;29.64;A;38;A;16.98;A;36.32;A;1011.37;A;28;A;0;A;10;A;138;A;0;A;106.67;A
27.03.2025 14:30;94.3;A;4211.33;A;4214.2;A;13.35;A;10.33;A;7.57;A;23.13;A;29.46;A;39;A;17.02;A;35.69;A;1011.48;A;29;A;0;A;10;A;111;A;0.33;A;180;A
27.03.2025 14:45;94.35;A;4211.87;A;4214.13;A;13.04;A;9.71;A;7.08;A;23.2;A;29.04;A;40;A;17.1;A;35.33;A;1011.35;A;31;A;0;A;9;A;116;A;0;A;220;A
27.03.2025 15:00;94.38;A;4212.27;A;4214.4;A;13.36;A;9.83;A;7.04;A;23.24;A;28.96;A;38;A;17.16;A;35.8;A;1011.16;A;30;A;0;A;8;A;118;A;0;A;120;A
27.03.2025 15:15;94.4;A;4212.73;A;4214.73;A;15.82;A;11.13;A;8.04;A;23.29;A;28.71;A;38;A;17.13;A;35.4;A;1011.01;A;30;A;0;A;8;A;119;A;0.33;A;126.67;A
27.03.2025 15:30;94.37;A;4206.93;A;4208.07;A;13.66;A;9.17;A;6.74;A;23.28;A;28.21;A;39;A;17.05;A;34.67;A;1011.05;A;30;A;0;A;8;A;160;A;0.33;A;126.67;A
27.03.2025 15:45;94.36;A;4211.87;A;4214.33;A;12.55;A;8.7;A;6.47;A;23.21;A;28.7;A;38;A;16.96;A;35.6;A;1010.93;A;28;A;0;A;9;A;132;A;0.33;A;260;A
27.03.2025 16:00;94.38;A;4212.53;A;4214.6;A;12.81;A;8.34;A;6.11;A;23.08;A;28.99;A;37;A;16.79;A;36.29;A;1011.04;A;29;A;0;A;9;A;110;A;0.67;A;170;A
27.03.2025 16:15;94.4;A;4212.8;A;4214.47;A;12.82;A;9.24;A;6.75;A;22.9;A;29.42;A;37;A;16.55;A;36.56;A;1010.94;A;29;A;0;A;7;A;122;A;0.33;A;140;A
27.03.2025 16:30;94.41;A;4213;A;4215;A;12.75;A;8.62;A;6.52;A;22.7;A;30.22;A;35;A;16.41;A;37.68;A;1010.96;A;27;A;0;A;8;A;136;A;0.33;A;183.33;A
27.03.2025 16:45;94.42;A;4212.8;A;4214.8;A;13.74;A;9.07;A;6.49;A;22.51;A;30.24;A;35;A;16.29;A;37.47;A;1011.11;A;26;A;0;A;9;A;114;A;0.33;A;136.67;A
27.03.2025 17:00;94.42;A;4212.87;A;4214.4;A;12.26;A;8.3;A;5.97;A;22.29;A;30.31;A;36;A;16.15;A;37.74;A;1011.25;A;26;A;0;A;10;A;192;A;0.33;A;136.67;A
27.03.2025 17:15;94.42;A;4212.73;A;4214.8;A;12.2;A;8.21;A;6.04;A;22.09;A;31.06;A;35;A;15.91;A;38.67;A;1011.25;A;25;A;0;A;11;A;123;A;1;A;136.67;A
27.03.2025 17:30;94.43;A;4212.87;A;4214.8;A;16.28;A;10.61;A;7.67;A;21.84;A;32;A;34;A;15.64;A;39.91;A;1011.27;A;23;A;0;A;11;A;131;A;0.67;A;130;A
27.03.2025 17:45;94.43;A;4212.73;A;4214.2;A;17.79;A;11.86;A;8.35;A;21.58;A;32.18;A;34;A;15.38;A;40.26;A;1011.18;A;24;A;0;A;10;A;125;A;0.67;A;130;A
27.03.2025 18:00;94.43;A;4212.87;A;4214.73;A;16.06;A;11.12;A;8.11;A;21.31;A;32.52;A;33;A;15.15;A;40.79;A;1011.15;A;21;A;0;A;12;A;135;A;0.33;A;193.33;A
27.03.2025 18:15;94.43;A;4207.27;A;4208.73;A;17.04;A;11.82;A;8.42;A;21.06;A;33.06;A;32;A;14.93;A;41.39;A;1011.28;A;21;A;0;A;11;A;179;A;0.67;A;123.33;A
27.03.2025 18:30;94.36;A;4212.2;A;4214.2;A;16.63;A;11.64;A;8.28;A;20.81;A;33.15;A;32;A;14.7;A;41.43;A;1011.35;A;21;A;0;A;12;A;191;A;1;A;133.33;A
27.03.2025 18:45;94.39;A;4212.73;A;4214.33;A;20.2;A;13.65;A;9.74;A;20.57;A;33.48;A;33;A;14.52;A;41.84;A;1011.52;A;13;A;0;A;20;A;304;A;0.33;A;133.33;A
27.03.2025 19:00;94.4;A;4212.8;A;4214.33;A;21.5;A;15.08;A;10.69;A;20.39;A;33.68;A;32;A;14.43;A;41.91;A;1011.65;A;12;A;0;A;20;A;217;A;0;A;230;A
27.03.2025 19:15;94.41;A;4212.73;A;4214.07;A;21.96;A;15.42;A;11.03;A;20.27;A;34.08;A;30;A;14.37;A;42.19;A;1011.6;A;17;A;0;A;13;A;214;A;0;A;286.67;A
27.03.2025 19:30;94.42;A;4212.87;A;4214.73;A;26.63;A;17.28;A;12.27;A;20.16;A;34.26;A;30;A;14.26;A;42.55;A;1011.92;A;16;A;0;A;14;A;225;A;0;A;233.33;A
27.03.2025 19:45;94.42;A;4212.8;A;4214.33;A;25.55;A;17.54;A;12.64;A;20.05;A;34.33;A;30;A;14.23;A;42.78;A;1012.34;A;16;A;0;A;14;A;235;A;0;A;253.33;A
27.03.2025 20:00;94.43;A;4212.87;A;4214.67;A;25.89;A;17.82;A;12.74;A;19.95;A;35.13;A;28;A;14.06;A;43.79;A;1012.3;A;15;A;0;A;13;A;220;A;0;A;156.67;A
27.03.2025 20:15;94.43;A;4212.93;A;4214.87;A;35.48;A;24.21;A;17.39;A;19.83;A;35.9;A;28;A;13.85;A;44.66;A;1012.31;A;14;A;0;A;14;A;253;A;0;A;126.67;A
27.03.2025 20:30;94.43;A;4212.87;A;4214.2;A;44.52;A;33.41;A;23.55;A;19.68;A;35.85;A;28;A;13.61;A;45;A;1012.23;A;10;A;1;A;18;A;508;A;0.33;A;130;A
27.03.2025 20:45;94.43;A;4212.67;A;4214.4;A;38.76;A;28.08;A;20.49;A;19.48;A;37.07;A;28;A;13.32;A;47.91;A;1012.03;A;15;A;1;A;13;A;264;A;1;A;130;A
27.03.2025 21:00;94.4;A;4202.53;A;4202.4;A;25.73;A;20.13;A;14.32;A;19.23;A;39.01;A;27;A;13.05;A;50.41;A;1011.88;A;19;A;1;A;8;A;189;A;0.67;A;133.33;A
27.03.2025 21:15;94.19;A;4193.87;A;4193.8;A;21.65;A;17.36;A;12.54;A;18.98;A;40.11;A;26;A;12.85;A;51.61;A;1011.94;A;19;A;0;A;8;A;167;A;0.67;A;133.33;A
27.03.2025 21:30;94.24;A;4210.73;A;4213.13;A;21.77;A;17;A;12.12;A;18.75;A;40.73;A;26;A;12.73;A;52.13;A;1012.16;A;18;A;0;A;8;A;159;A;0;A;113.33;A
27.03.2025 21:45;94.3;A;4211.73;A;4213.67;A;20.51;A;15.35;A;11.34;A;18.57;A;41.18;A;25;A;12.59;A;52.45;A;1012.21;A;18;A;0;A;8;A;160;A;0.33;A;133.33;A
27.03.2025 22:00;94.35;A;4211.8;A;4213.53;A;20.81;A;16.7;A;11.6;A;18.41;A;41.61;A;25;A;12.42;A;53.02;A;1012.29;A;17;A;0;A;8;A;161;A;0;A;193.33;A
27.03.2025 22:15;94.38;A;4213;A;4214.6;A;23.59;A;17.48;A;13.02;A;18.28;A;41.76;A;25;A;12.32;A;53.07;A;1012.28;A;15;A;1;A;10;A;157;A;1;A;133.33;A
27.03.2025 22:30;94.39;A;4212.73;A;4214.33;A;20.88;A;16.5;A;11.93;A;18.14;A;41.86;A;25;A;12.17;A;53.22;A;1012.26;A;15;A;0;A;10;A;152;A;0.67;A;130;A
27.03.2025 22:45;94.41;A;4212.8;A;4214.33;A;22.82;A;17.36;A;13.03;A;18;A;42;A;25;A;12.06;A;53.34;A;1012.41;A;13;A;1;A;11;A;151;A;0.33;A;116.67;A
27.03.2025 23:00;94.41;A;4212.73;A;4214.07;A;19.82;A;15.74;A;11.37;A;17.87;A;42.27;A;24;A;11.95;A;53.78;A;1012.78;A;13;A;1;A;11;A;150;A;0;A;83.33;A
27.03.2025 23:15;94.39;A;4200.53;A;4200.13;A;23.11;A;15.8;A;11.16;A;17.75;A;42.74;A;23;A;11.81;A;54.62;A;1013.12;A;12;A;1;A;11;A;157;A;1;A;130;A
27.03.2025 23:30;94.16;A;4193.2;A;4192.8;A;25.82;A;18.94;A;13.61;A;17.64;A;42.9;A;24;A;11.71;A;54.7;A;1013.09;A;14;A;1;A;10;A;177;A;1;A;130;A
27.03.2025 23:45;94.21;A;4210.6;A;4212.73;A;23.36;A;17.75;A;12.19;A;17.5;A;43.18;A;23;A;11.57;A;55.1;A;1012.99;A;14;A;1;A;9;A;158;A;0.33;A;140;A
28.03.2025 00:00;94.29;A;4211.53;A;4213.27;A;23.15;A;16.9;A;12.21;A;17.37;A;43.6;A;23;A;11.41;A;56.04;A;1012.95;A;12;A;1;A;11;A;154;A;0.67;A;140;A
28.03.2025 00:15;94.34;A;4212;A;4213.47;A;25.35;A;18.8;A;13.79;A;17.22;A;44.16;A;22;A;11.34;A;56.47;A;1013.01;A;12;A;1;A;11;A;171;A;0.67;A;136.67;A
28.03.2025 00:30;94.37;A;4212.73;A;4214.13;A;35.5;A;25.87;A;18.99;A;17.1;A;44.38;A;23;A;11.16;A;56.69;A;1012.89;A;11;A;1;A;12;A;191;A;1;A;133.33;A
28.03.2025 00:45;94.39;A;4212.67;A;4213.8;A;71.53;A;50.45;A;36.68;A;16.97;A;44.45;A;23;A;11.03;A;56.68;A;1012.76;A;12;A;1;A;11;A;188;A;1;A;133.33;A
28.03.2025 01:00;94.4;A;4212.87;A;4214.4;A;42.39;A;28.86;A;21.35;A;16.84;A;44.22;A;23;A;10.92;A;56.3;A;1012.62;A;14;A;1;A;9;A;156;A;0.67;A;133.33;A
28.03.2025 01:15;94.41;A;4212.73;A;4214.2;A;19.15;A;13.74;A;9.84;A;16.72;A;44.58;A;23;A;10.72;A;57.42;A;1012.64;A;13;A;1;A;10;A;134;A;0.33;A;130;A
28.03.2025 01:30;94.3;A;4193.4;A;4191.8;A;17.56;A;13.25;A;9.71;A;16.53;A;44.7;A;23;A;10.53;A;57.34;A;1012.75;A;15;A;0;A;9;A;131;A;0;A;133.33;A
28.03.2025 01:45;94.26;A;4211.13;A;4213;A;15.7;A;12.55;A;9.21;A;16.28;A;45.39;A;23;A;10.3;A;58.97;A;1012.57;A;14;A;1;A;9;A;132;A;0;A;130;A
28.03.2025 02:00;94.32;A;4211.93;A;4213.53;A;14.81;A;11.7;A;8.38;A;16.03;A;45.82;A;22;A;10.11;A;59.22;A;1012.49;A;15;A;1;A;7;A;123;A;0.33;A;140;A
28.03.2025 02:15;94.36;A;4212.47;A;4214.2;A;16;A;12.48;A;9.29;A;15.81;A;45.89;A;22;A;9.92;A;59.6;A;1012.4;A;16;A;1;A;6;A;126;A;0.67;A;140;A
28.03.2025 02:30;94.38;A;4212.8;A;4214.13;A;16.75;A;12.36;A;8.95;A;15.63;A;46.25;A;22;A;9.76;A;59.7;A;1012.33;A;15;A;1;A;6;A;122;A;1;A;136.67;A
28.03.2025 02:45;94.4;A;4212.8;A;4213.8;A;15.53;A;12.39;A;8.83;A;15.47;A;46.59;A;22;A;9.66;A;60.41;A;1012.17;A;15;A;1;A;6;A;118;A;0;A;130;A
28.03.2025 03:00;94.37;A;4200.07;A;4199.53;A;17.1;A;13.67;A;9.68;A;15.33;A;47.27;A;21;A;9.52;A;61.08;A;1012.43;A;14;A;1;A;7;A;130;A;0.33;A;130;A
28.03.2025 03:15;94.14;A;4190.4;A;4189.13;A;18.2;A;14.02;A;10.03;A;15.16;A;47.85;A;20;A;9.24;A;62.57;A;1012.47;A;13;A;1;A;7;A;127;A;0;A;130;A
28.03.2025 03:30;94.19;A;4210.33;A;4212.4;A;18.57;A;13.83;A;9.8;A;14.95;A;48.14;A;20;A;9.08;A;62.59;A;1012.24;A;13;A;1;A;7;A;125;A;0;A;126.67;A
28.03.2025 03:45;94.27;A;4211.6;A;4212.87;A;20.66;A;15.84;A;11.21;A;14.74;A;48.83;A;20;A;8.81;A;63.78;A;1012.13;A;13;A;1;A;7;A;130;A;0.67;A;130;A
28.03.2025 04:00;94.33;A;4212;A;4213.27;A;22.87;A;17.65;A;12.45;A;14.53;A;49.1;A;20;A;8.66;A;63.99;A;1012.04;A;13;A;1;A;7;A;145;A;1;A;130;A
28.03.2025 04:15;94.37;A;4213;A;4214.2;A;25.9;A;19.27;A;13.36;A;14.34;A;49.6;A;19;A;8.47;A;64.82;A;1012.25;A;13;A;1;A;7;A;148;A;0;A;133.33;A
28.03.2025 04:30;94.39;A;4212.8;A;4214.13;A;24.89;A;19.9;A;13.94;A;14.14;A;50.12;A;19;A;8.25;A;65.37;A;1012.14;A;12;A;1;A;8;A;151;A;0;A;133.33;A
28.03.2025 04:45;94.4;A;4212.8;A;4213.67;A;24.12;A;17.84;A;13.08;A;13.98;A;50.01;A;21;A;8.18;A;64.83;A;1012.28;A;12;A;1;A;9;A;157;A;0.67;A;133.33;A
28.03.2025 05:00;94.41;A;4212.87;A;4213.67;A;22.54;A;18.19;A;12.77;A;13.84;A;49.76;A;22;A;8.07;A;64.57;A;1012.38;A;12;A;1;A;11;A;154;A;1;A;130;A
28.03.2025 05:15;94.42;A;4212.87;A;4213.93;A;23.8;A;18.38;A;13;A;13.71;A;50.09;A;22;A;7.93;A;65.23;A;1012.63;A;11;A;1;A;11;A;152;A;0.33;A;130;A
28.03.2025 05:30;94.42;A;4212.8;A;4214.13;A;24.64;A;18.93;A;13.12;A;13.57;A;50.58;A;22;A;7.8;A;65.92;A;1012.77;A;13;A;1;A;9;A;139;A;0;A;156.67;A
28.03.2025 05:45;94.42;A;4213.07;A;4213.93;A;22.84;A;18.35;A;13.25;A;13.46;A;50.76;A;22;A;7.67;A;66.03;A;1012.94;A;12;A;1;A;10;A;139;A;0;A;220;A
28.03.2025 06:00;94.43;A;4213.13;A;4213.6;A;25.87;A;18.89;A;13.27;A;13.34;A;51.08;A;22;A;7.63;A;66.26;A;1012.94;A;12;A;1;A;10;A;143;A;0;A;263.33;A
28.03.2025 06:15;94.43;A;4213;A;4214.13;A;24.31;A;18.78;A;13.36;A;13.32;A;50.85;A;24;A;7.65;A;65.77;A;1013.08;A;12;A;0;A;12;A;144;A;0;A;316.67;A
28.03.2025 06:30;94.43;A;4213.07;A;4214.07;A;25.38;A;18.64;A;13.38;A;13.31;A;51.43;A;24;A;7.79;A;66.24;A;1013.1;A;11;A;0;A;13;A;157;A;0;A;166.67;A
28.03.2025 06:45;94.33;A;4189.87;A;4187.67;A;27.92;A;20.49;A;14.32;A;13.37;A;52.4;A;23;A;7.94;A;66.45;A;1013.19;A;8;A;1;A;15;A;227;A;0;A;193.33;A
28.03.2025 07:00;94.13;A;4197.73;A;4198.6;A;31.69;A;21.39;A;15.02;A;13.55;A;51.25;A;23;A;8.23;A;64.48;A;1013.23;A;9;A;0;A;14;A;200;A;0.33;A;133.33;A
28.03.2025 07:15;94.22;A;4210.8;A;4212.53;A;31.75;A;22.94;A;16.2;A;13.77;A;50.64;A;24;A;8.6;A;63.97;A;1013.2;A;7;A;0;A;17;A;229;A;0;A;183.33;A
28.03.2025 07:30;94.3;A;4211.73;A;4212.67;A;30.45;A;21.55;A;15.5;A;14.05;A;50.17;A;23;A;8.83;A;63.28;A;1013.18;A;7;A;0;A;16;A;242;A;0.33;A;130;A
28.03.2025 07:45;94.34;A;4212.13;A;4213.53;A;36.39;A;23;A;15.78;A;14.4;A;49.52;A;24;A;9.23;A;61.96;A;1013.16;A;9;A;0;A;15;A;282;A;0.67;A;200;A
28.03.2025 08:00;94.37;A;4212.87;A;4213.73;A;33.72;A;23.97;A;16.72;A;14.83;A;48.62;A;25;A;9.8;A;60.52;A;1013.26;A;9;A;0;A;15;A;207;A;0;A;266.67;A
28.03.2025 08:15;94.39;A;4212.87;A;4214.53;A;40.28;A;28.63;A;20.05;A;15.34;A;47.42;A;25;A;10.26;A;58.45;A;1013.12;A;10;A;0;A;15;A;223;A;0;A;260;A
28.03.2025 08:30;94.4;A;4212.87;A;4214.13;A;45.09;A;33.88;A;23.92;A;15.87;A;46.01;A;27;A;10.78;A;56.82;A;1013.34;A;13;A;0;A;14;A;218;A;0;A;236.67;A
28.03.2025 08:45;94.41;A;4212.87;A;4214.4;A;48.41;A;35.11;A;24.57;A;16.63;A;44.89;A;29;A;11.91;A;53.89;A;1013.21;A;15;A;0;A;14;A;188;A;0;A;193.33;A
28.03.2025 09:00;94.42;A;4212.8;A;4214.27;A;54.61;A;38.98;A;27.12;A;17.69;A;42.72;A;29;A;13.04;A;50.88;A;1013.02;A;17;A;0;A;13;A;182;A;0;A;200;A
28.03.2025 09:15;94.42;A;4212.73;A;4214.4;A;58.88;A;43.17;A;29.66;A;18.85;A;39.96;A;32;A;13.87;A;47.21;A;1013.03;A;19;A;0;A;13;A;163;A;0.33;A;343.33;A
28.03.2025 09:30;94.42;A;4212.87;A;4214.6;A;72.85;A;55.6;A;38.46;A;19.67;A;37.64;A;34;A;14.13;A;46.25;A;1012.97;A;18;A;0;A;16;A;159;A;0.33;A;233.33;A
28.03.2025 09:45;94.42;A;4212.87;A;4214.73;A;60.79;A;45.66;A;32.99;A;20.13;A;36.83;A;35;A;14.5;A;45.17;A;1012.58;A;21;A;0;A;14;A;152;A;0;A;130;A
28.03.2025 10:00;94.37;A;4198.2;A;4197.73;A;42.03;A;29.69;A;21.58;A;20.67;A;36.14;A;34;A;15.41;A;43.93;A;1012.56;A;24;A;0;A;10;A;145;A;0;A;170;A
28.03.2025 10:15;94.29;A;4211.4;A;4214.2;A;34.57;A;25.18;A;17.49;A;21.33;A;34.81;A;36;A;15.55;A;43.07;A;1012.52;A;24;A;0;A;12;A;151;A;0.33;A;120;A
28.03.2025 10:30;94.34;A;4211.87;A;4214.27;A;35.42;A;25.51;A;17.68;A;21.6;A;34.06;A;39;A;15.55;A;42.6;A;1012.44;A;25;A;0;A;14;A;164;A;0.33;A;60;A
28.03.2025 10:45;94.37;A;4212.13;A;4214.2;A;31.32;A;22.99;A;16.35;A;21.77;A;34;A;39;A;16.13;A;41.64;A;1012.33;A;30;A;0;A;10;A;145;A;0.33;A;66.67;A
28.03.2025 11:00;94.39;A;4212.73;A;4214.47;A;28.61;A;20.04;A;14.72;A;22.2;A;33.28;A;40;A;16.59;A;40.25;A;1012.25;A;31;A;0;A;8;A;138;A;0.67;A;96.67;A
28.03.2025 11:15;94.4;A;4212.87;A;4214.93;A;50.67;A;26.31;A;16.76;A;22.7;A;32.37;A;41;A;16.76;A;39.21;A;1012.09;A;32;A;0;A;9;A;133;A;0;A;53.33;A
28.03.2025 11:30;94.41;A;4212.8;A;4214.8;A;26.48;A;19.35;A;13.27;A;22.95;A;31.5;A;43;A;16.77;A;38.72;A;1012.15;A;35;A;0;A;8;A;131;A;0.33;A;76.67;A
28.03.2025 11:45;94.41;A;4212.73;A;4214.67;A;22.94;A;17.4;A;12.56;A;22.94;A;31.16;A;43;A;16.64;A;38.91;A;1012.01;A;34;A;0;A;9;A;133;A;0;A;26.67;A
28.03.2025 12:00;94.42;A;4212.8;A;4214.6;A;23.56;A;17.94;A;12.84;A;22.96;A;31.45;A;44;A;17.16;A;38.23;A;1011.77;A;36;A;0;A;8;A;134;A;0.67;A;10;A
28.03.2025 12:15;94.42;A;4213;A;4215.47;A;24.51;A;17.55;A;12.66;A;23.31;A;30.61;A;44;A;17.24;A;37.28;A;1011.6;A;36;A;0;A;8;A;131;A;0.67;A;70;A
28.03.2025 12:30;94.42;A;4212.8;A;4214.87;A;22.41;A;17.31;A;12.49;A;23.4;A;30.38;A;44;A;17.03;A;38.03;A;1011.4;A;35;A;0;A;9;A;132;A;0.67;A;53.33;A
28.03.2025 12:45;94.42;A;4212.8;A;4214.6;A;22.39;A;16.84;A;12.33;A;23.27;A;30.56;A;43;A;16.93;A;37.57;A;1011.23;A;35;A;0;A;8;A;121;A;0.33;A;110;A
28.03.2025 13:00;94.42;A;4212.8;A;4214.93;A;18.02;A;14.04;A;10.47;A;23.18;A;30.07;A;44;A;17.04;A;36.92;A;1010.97;A;36;A;0;A;8;A;127;A;0.67;A;60;A
28.03.2025 13:15;94.42;A;4212.8;A;4214.8;A;17.29;A;12.73;A;9.3;A;23.17;A;29.48;A;43;A;17.14;A;35.97;A;1010.99;A;36;A;0;A;7;A;116;A;0.33;A;96.67;A
28.03.2025 13:30;94.42;A;4212.87;A;4215.13;A;16.33;A;12;A;9.05;A;23.22;A;29.27;A;44;A;17.17;A;35.83;A;1010.78;A;37;A;0;A;8;A;114;A;0.33;A;46.67;A
28.03.2025 13:45;94.42;A;4211.27;A;4213.07;A;16.52;A;11.79;A;8.49;A;23.27;A;28.9;A;43;A;17.26;A;34.72;A;1010.78;A;36;A;0;A;7;A;113;A;1;A;56.67;A
28.03.2025 14:00;94.23;A;4184.13;A;4181.93;A;16.09;A;11.58;A;8.35;A;23.28;A;28.35;A;44;A;17.26;A;34.6;A;1010.71;A;37;A;0;A;8;A;114;A;1.33;A;113.33;A
28.03.2025 14:15;94.16;A;4210;A;4212.93;A;15.54;A;11.74;A;8.43;A;23.27;A;28.77;A;43;A;17.29;A;34.98;A;1010.68;A;36;A;0;A;8;A;114;A;0.67;A;103.33;A
28.03.2025 14:30;94.26;A;4211;A;4213.8;A;14.37;A;10.54;A;7.61;A;23.33;A;28.78;A;44;A;17.52;A;34.9;A;1010.34;A;36;A;0;A;7;A;111;A;1.33;A;103.33;A
28.03.2025 14:45;94.32;A;4211.67;A;4214;A;17.28;A;11.4;A;8.03;A;23.44;A;28.83;A;43;A;17.6;A;34.68;A;1010.19;A;36;A;0;A;7;A;114;A;0.67;A;116.67;A
28.03.2025 15:00;94.35;A;4212.07;A;4214.67;A;16.39;A;11.59;A;8.08;A;23.51;A;28.65;A;44;A;17.66;A;35.02;A;1010.21;A;36;A;0;A;7;A;118;A;0.33;A;90;A
28.03.2025 15:15;94.38;A;4212.73;A;4214.8;A;13.66;A;10.19;A;7.34;A;23.58;A;28.23;A;44;A;17.63;A;34.18;A;1010.11;A;37;A;0;A;7;A;113;A;0.67;A;80;A
28.03.2025 15:30;94.39;A;4212.8;A;4214.93;A;11.45;A;8.6;A;6.26;A;23.57;A;27.36;A;43;A;17.65;A;32.99;A;1010.06;A;36;A;0;A;7;A;125;A;0.33;A;93.33;A
28.03.2025 15:45;94.31;A;4197;A;4197.13;A;10.86;A;8.69;A;6.32;A;23.58;A;27.45;A;43;A;17.61;A;33.61;A;1010.07;A;36;A;0;A;8;A;113;A;0.33;A;56.67;A
28.03.2025 16:00;94.28;A;4211.33;A;4213.73;A;12.73;A;8.87;A;6.59;A;23.55;A;27.93;A;44;A;17.62;A;34.04;A;1009.93;A;35;A;0;A;9;A;122;A;0.33;A;70;A
28.03.2025 16:15;94.33;A;4211.87;A;4214.53;A;13.54;A;8.77;A;6.51;A;23.56;A;28.24;A;42;A;17.7;A;34.46;A;1009.89;A;33;A;0;A;9;A;134;A;0;A;70;A
28.03.2025 16:30;94.36;A;4212.53;A;4214.8;A;11.58;A;7.96;A;5.91;A;23.65;A;27.98;A;41;A;17.74;A;33.86;A;1009.83;A;34;A;0;A;7;A;117;A;0.33;A;46.67;A
28.03.2025 16:45;94.38;A;4212.67;A;4214.07;A;12.04;A;8.23;A;5.73;A;23.64;A;27.37;A;42;A;17.57;A;33.27;A;1009.77;A;34;A;0;A;8;A;117;A;1;A;126.67;A
28.03.2025 17:00;94.4;A;4212.8;A;4214.93;A;10.18;A;7.45;A;5.28;A;23.52;A;26.96;A;42;A;17.44;A;32.63;A;1009.72;A;35;A;0;A;8;A;113;A;0;A;80;A
28.03.2025 17:15;94.41;A;4212.8;A;4215.07;A;10.48;A;7.16;A;5.29;A;23.39;A;27.17;A;42;A;17.25;A;33.36;A;1009.47;A;34;A;0;A;8;A;117;A;0.33;A;83.33;A
28.03.2025 17:30;94.41;A;4212.8;A;4215.2;A;10.52;A;7.64;A;5.4;A;23.22;A;27.56;A;42;A;17.09;A;33.87;A;1009.41;A;33;A;0;A;8;A;133;A;0.33;A;100;A
28.03.2025 17:45;94.42;A;4212.73;A;4214.8;A;12.72;A;8.68;A;6.1;A;23.04;A;27.82;A;41;A;16.91;A;34.19;A;1009.31;A;32;A;0;A;9;A;136;A;0;A;110;A
28.03.2025 18:00;94.42;A;4212.8;A;4214.53;A;14.49;A;9.25;A;6.63;A;22.85;A;28.16;A;41;A;16.67;A;34.75;A;1009.29;A;29;A;0;A;12;A;151;A;0;A;123.33;A
28.03.2025 18:15;94.42;A;4212.73;A;4214.67;A;16.41;A;10.6;A;7.52;A;22.58;A;28.72;A;40;A;16.34;A;35.81;A;1009.21;A;26;A;0;A;13;A;184;A;0.33;A;133.33;A
28.03.2025 18:30;94.42;A;4212.93;A;4214.93;A;19.42;A;13.46;A;9.4;A;22.21;A;29.44;A;38;A;15.99;A;36.66;A;1009.19;A;23;A;0;A;15;A;218;A;0;A;136.67;A
28.03.2025 18:45;94.42;A;4212.73;A;4214.53;A;23.81;A;16.39;A;11.6;A;21.84;A;30.11;A;38;A;15.63;A;37.67;A;1009.39;A;22;A;0;A;16;A;236;A;0.33;A;130;A
28.03.2025 19:00;94.42;A;4212.73;A;4214.4;A;28.11;A;20.02;A;14.14;A;21.52;A;30.65;A;38;A;15.4;A;38.33;A;1009.35;A;22;A;0;A;15;A;242;A;0;A;140;A
28.03.2025 19:15;94.42;A;4212.73;A;4214.67;A;25.54;A;17.15;A;12.15;A;21.25;A;31.05;A;38;A;15.15;A;38.75;A;1009.42;A;19;A;0;A;18;A;312;A;0;A;130;A
28.03.2025 19:30;94.42;A;4212.8;A;4214.93;A;26.82;A;17.38;A;12.43;A;20.99;A;31.63;A;36;A;14.87;A;39.6;A;1009.35;A;18;A;0;A;18;A;316;A;0.33;A;136.67;A
28.03.2025 19:45;94.42;A;4212.8;A;4214.53;A;28.55;A;19.3;A;13.88;A;20.71;A;32.03;A;35;A;14.55;A;40.03;A;1009.31;A;19;A;0;A;16;A;295;A;0;A;130;A
28.03.2025 20:00;94.42;A;4212.8;A;4214.8;A;30.33;A;20.33;A;14.55;A;20.45;A;32.51;A;34;A;14.37;A;40.36;A;1009.42;A;19;A;0;A;15;A;300;A;0;A;150;A
28.03.2025 20:15;94.39;A;4201.93;A;4202.8;A;34.17;A;23.58;A;16.49;A;20.26;A;32.57;A;35;A;14.35;A;39.96;A;1009.41;A;21;A;0;A;13;A;286;A;0;A;53.33;A
28.03.2025 20:30;94.31;A;4211.8;A;4214.2;A;37.18;A;25.77;A;17.81;A;20.09;A;32.75;A;35;A;14.24;A;40.19;A;1009.35;A;17;A;0;A;17;A;316;A;0;A;180;A
28.03.2025 20:45;94.35;A;4212.27;A;4214.13;A;39.91;A;27.79;A;20.03;A;19.92;A;32.72;A;35;A;13.98;A;40.24;A;1009.25;A;12;A;0;A;24;A;369;A;0;A;53.33;A
28.03.2025 21:00;94.38;A;4212.73;A;4214.47;A;30.6;A;21.4;A;15.44;A;19.75;A;32.66;A;34;A;13.8;A;40.57;A;1009.19;A;17;A;0;A;17;A;257;A;0;A;133.33;A
28.03.2025 21:15;94.39;A;4212.73;A;4214.13;A;38.42;A;27.23;A;19.54;A;19.49;A;34.59;A;33;A;13.11;A;44.59;A;1009.31;A;4;A;0;A;29;A;703;A;0.67;A;136.67;A
28.03.2025 21:30;94.4;A;4212.8;A;4214.53;A;65.37;A;46.28;A;31.55;A;19.09;A;35.38;A;33;A;12.6;A;45.74;A;1009.56;A;0;A;2;A;33;A;994;A;1;A;140;A
28.03.2025 21:45;94.41;A;4211.33;A;4212.73;A;75.66;A;52.82;A;36.15;A;18.63;A;35.97;A;31;A;12.22;A;46.86;A;1009.42;A;2;A;1;A;29;A;496;A;1;A;133.33;A
28.03.2025 22:00;94.24;A;4186.2;A;4184.53;A;74.09;A;52.93;A;36.55;A;18.24;A;37.29;A;30;A;11.94;A;47.88;A;1009.32;A;2;A;1;A;28;A;509;A;1;A;133.33;A
28.03.2025 22:15;94.19;A;4210.47;A;4212.67;A;71.83;A;49.88;A;33.65;A;17.86;A;37.87;A;30;A;11.66;A;48.95;A;1009.34;A;5;A;1;A;25;A;415;A;1;A;130;A
28.03.2025 22:30;94.28;A;4211.6;A;4213.47;A;55.84;A;40.42;A;27.66;A;17.56;A;38.9;A;30;A;11.46;A;50.03;A;1009.27;A;6;A;1;A;23;A;361;A;1;A;133.33;A
28.03.2025 22:45;94.33;A;4211.8;A;4213.67;A;49.07;A;36.36;A;25.61;A;17.31;A;39.76;A;30;A;11.32;A;51.11;A;1009.22;A;9;A;0;A;20;A;289;A;0;A;130;A
28.03.2025 23:00;94.36;A;4212.73;A;4214.13;A;43.99;A;33.92;A;24.67;A;17.16;A;40.17;A;31;A;11.44;A;50.47;A;1009.22;A;13;A;0;A;18;A;238;A;0.33;A;93.33;A
28.03.2025 23:15;94.38;A;4212.8;A;4214.07;A;48.89;A;35.97;A;26.02;A;17.16;A;40.21;A;32;A;11.51;A;50.53;A;1009.04;A;22;A;0;A;10;A;214;A;0.33;A;123.33;A
28.03.2025 23:30;94.4;A;4212.8;A;4214;A;48.53;A;38.64;A;27.44;A;17.13;A;40.43;A;30;A;11.29;A;51.24;A;1008.91;A;22;A;0;A;8;A;213;A;0.33;A;106.67;A
28.03.2025 23:45;94.4;A;4212.8;A;4214.47;A;49.97;A;38.36;A;27.39;A;16.99;A;40.82;A;29;A;11.01;A;52.36;A;1008.82;A;21;A;0;A;8;A;210;A;0.67;A;123.33;A
29.03.2025 00:00;94.37;A;4203.93;A;4204;A;46.02;A;36.36;A;26.63;A;16.78;A;41.23;A;28;A;10.76;A;52.8;A;1008.71;A;21;A;1;A;7;A;200;A;0.67;A;130;A
29.03.2025 00:15;94.33;A;4211.87;A;4213.73;A;50.84;A;39.34;A;27.76;A;16.55;A;41.66;A;27;A;10.51;A;53.43;A;1008.6;A;20;A;0;A;7;A;201;A;0.33;A;130;A
29.03.2025 00:30;94.36;A;4212.8;A;4214.47;A;50.19;A;38.14;A;27.18;A;16.31;A;41.75;A;28;A;10.39;A;53.28;A;1008.59;A;21;A;0;A;6;A;208;A;0.33;A;110;A
29.03.2025 00:45;94.38;A;4212.67;A;4213.33;A;48.27;A;37.84;A;26.56;A;16.1;A;41.8;A;28;A;10.33;A;53.2;A;1008.57;A;21;A;0;A;7;A;191;A;0;A;63.33;A
29.03.2025 01:00;94.4;A;4212.73;A;4214.07;A;47.75;A;37.89;A;27.15;A;15.96;A;41.72;A;28;A;10.28;A;52.78;A;1008.45;A;21;A;0;A;7;A;192;A;0;A;70;A
29.03.2025 01:15;94.41;A;4212.87;A;4214;A;46.12;A;36.85;A;26.12;A;15.86;A;41.8;A;28;A;10.16;A;53.22;A;1008.43;A;19;A;0;A;8;A;188;A;0.33;A;130;A
29.03.2025 01:30;94.41;A;4212.8;A;4214.33;A;45.01;A;35.63;A;25.57;A;15.76;A;42.11;A;27;A;10.05;A;53.45;A;1008.37;A;18;A;0;A;9;A;189;A;0;A;36.67;A
29.03.2025 01:45;94.42;A;4212.93;A;4214.4;A;46.26;A;35.55;A;25.21;A;15.65;A;42.08;A;27;A;9.94;A;53.53;A;1008.45;A;17;A;0;A;11;A;208;A;0.33;A;86.67;A
29.03.2025 02:00;94.42;A;4212.87;A;4214.47;A;48.74;A;35.97;A;24.67;A;15.54;A;42.23;A;27;A;9.8;A;53.9;A;1008.46;A;18;A;0;A;9;A;213;A;0;A;103.33;A
29.03.2025 02:15;94.42;A;4212.93;A;4214.67;A;43.77;A;33.14;A;24.03;A;15.41;A;42.55;A;26;A;9.63;A;54.21;A;1008.41;A;17;A;0;A;10;A;214;A;0;A;46.67;A
29.03.2025 02:30;94.42;A;4213.07;A;4214.33;A;43.75;A;33.8;A;24.14;A;15.25;A;42.74;A;26;A;9.5;A;54.44;A;1008.37;A;18;A;0;A;8;A;233;A;0;A;96.67;A
29.03.2025 02:45;94.42;A;4212.87;A;4214.2;A;42.77;A;32.87;A;23.79;A;15.11;A;42.88;A;26;A;9.37;A;54.72;A;1008.23;A;17;A;1;A;9;A;247;A;0.33;A;86.67;A
29.03.2025 03:00;94.42;A;4212.93;A;4214.2;A;44.01;A;33.7;A;23.81;A;14.96;A;43.11;A;26;A;9.14;A;55.54;A;1008.14;A;18;A;0;A;8;A;249;A;0;A;80;A
29.03.2025 03:15;94.42;A;4212.87;A;4214.07;A;42.54;A;33.45;A;23.88;A;14.78;A;43.61;A;25;A;8.9;A;56.21;A;1008.09;A;18;A;0;A;8;A;243;A;0;A;73.33;A
29.03.2025 03:30;94.42;A;4212.87;A;4214;A;43.49;A;32.92;A;23.63;A;14.56;A;44.27;A;25;A;8.75;A;57.2;A;1008.03;A;17;A;1;A;8;A;244;A;0;A;123.33;A
29.03.2025 03:45;94.42;A;4212.93;A;4214.2;A;42.75;A;33.73;A;24.14;A;14.33;A;45.09;A;24;A;8.54;A;58.21;A;1007.89;A;16;A;0;A;8;A;234;A;0;A;116.67;A
29.03.2025 04:00;94.28;A;4193.13;A;4191.4;A;42.3;A;34;A;23.88;A;14.13;A;45.84;A;23;A;8.31;A;59.4;A;1007.69;A;17;A;1;A;6;A;217;A;0;A;253.33;A
29.03.2025 04:15;94.26;A;4211.47;A;4212.6;A;42.95;A;34.72;A;23.98;A;13.89;A;46.81;A;22;A;7.98;A;61.49;A;1007.6;A;16;A;1;A;7;A;212;A;0;A;86.67;A
29.03.2025 04:30;94.32;A;4212.13;A;4214;A;42.64;A;33.64;A;24.48;A;13.66;A;47.59;A;23;A;7.83;A;61.89;A;1007.66;A;16;A;1;A;7;A;212;A;0;A;53.33;A
29.03.2025 04:45;94.36;A;4212.87;A;4214.07;A;45.74;A;35.03;A;25.01;A;13.48;A;48.27;A;23;A;7.8;A;62.42;A;1007.55;A;14;A;1;A;9;A;218;A;0;A;130;A
29.03.2025 05:00;94.38;A;4212.8;A;4213.87;A;47.4;A;37.48;A;26.32;A;13.36;A;48.71;A;23;A;7.71;A;62.81;A;1007.63;A;13;A;0;A;10;A;221;A;0;A;106.67;A
29.03.2025 05:15;94.39;A;4212.87;A;4213.73;A;49.24;A;38.39;A;27.66;A;13.26;A;49.14;A;23;A;7.57;A;63.65;A;1007.6;A;12;A;0;A;11;A;208;A;0;A;110;A
29.03.2025 05:30;94.4;A;4212.8;A;4213.6;A;51.66;A;41.3;A;28.72;A;13.15;A;49.42;A;22;A;7.45;A;63.87;A;1007.71;A;11;A;1;A;11;A;201;A;0;A;83.33;A
29.03.2025 05:45;94.41;A;4212.87;A;4213.93;A;55.03;A;43.04;A;30.22;A;13.02;A;49.72;A;22;A;7.38;A;64.46;A;1007.88;A;12;A;1;A;10;A;215;A;0.33;A;100;A
29.03.2025 06:00;94.32;A;4197.6;A;4196.07;A;56.41;A;42.92;A;30.63;A;12.95;A;50.25;A;22;A;7.45;A;64.57;A;1007.93;A;13;A;1;A;9;A;229;A;0;A;126.67;A
29.03.2025 06:15;94.29;A;4211.87;A;4212.8;A;57.4;A;44.22;A;30.44;A;12.97;A;50.89;A;22;A;7.54;A;65.11;A;1007.93;A;13;A;1;A;9;A;242;A;0;A;66.67;A
29.03.2025 06:30;94.34;A;4212.33;A;4213;A;56.42;A;43.92;A;31.03;A;13.06;A;51.34;A;22;A;7.66;A;65.34;A;1007.96;A;13;A;0;A;8;A;251;A;0.33;A;163.33;A
29.03.2025 06:45;94.37;A;4213;A;4213.8;A;59.35;A;46.16;A;32.38;A;13.19;A;51.43;A;21;A;7.83;A;65.18;A;1008.02;A;14;A;0;A;8;A;273;A;0;A;180;A
29.03.2025 07:00;94.38;A;4212.73;A;4213.47;A;59.2;A;46.66;A;33.13;A;13.37;A;51.37;A;22;A;8;A;65.15;A;1007.96;A;13;A;1;A;9;A;280;A;0;A;73.33;A
29.03.2025 07:15;94.4;A;4212.73;A;4213.87;A;60.44;A;46.38;A;32.26;A;13.56;A;51.27;A;21;A;8.21;A;65.06;A;1007.77;A;13;A;1;A;8;A;269;A;0.33;A;110;A
29.03.2025 07:30;94.4;A;4212.87;A;4213.8;A;60.32;A;46.51;A;31.87;A;13.8;A;51.32;A;21;A;8.52;A;65;A;1007.82;A;14;A;1;A;8;A;272;A;0;A;66.67;A
29.03.2025 07:45;94.41;A;4212.87;A;4214;A;57.27;A;44.23;A;31.42;A;14.08;A;51.47;A;21;A;8.93;A;64.64;A;1007.89;A;14;A;1;A;7;A;273;A;0;A;73.33;A
29.03.2025 08:00;94.41;A;4212.87;A;4213.93;A;59.22;A;45.81;A;31.85;A;14.5;A;51.25;A;21;A;9.46;A;63.9;A;1007.95;A;14;A;1;A;7;A;274;A;0;A;66.67;A
29.03.2025 08:15;94.42;A;4212.87;A;4214.33;A;58.41;A;45.48;A;31.65;A;14.98;A;50.9;A;22;A;9.89;A;63.83;A;1007.96;A;14;A;0;A;7;A;271;A;0.33;A;76.67;A
29.03.2025 08:30;94.4;A;4203.6;A;4203.73;A;57.01;A;44.37;A;31.17;A;15.45;A;51.17;A;23;A;10.46;A;63.69;A;1007.73;A;15;A;0;A;8;A;264;A;0.33;A;96.67;A
29.03.2025 08:45;94.33;A;4212.07;A;4214;A;55.7;A;42.74;A;30.13;A;16.07;A;51.41;A;23;A;11.36;A;62.94;A;1007.64;A;15;A;0;A;8;A;269;A;0;A;93.33;A
29.03.2025 09:00;94.36;A;4212.6;A;4214.07;A;52.77;A;39.36;A;27.35;A;17.04;A;50.68;A;24;A;12.57;A;60.34;A;1007.32;A;17;A;0;A;7;A;260;A;0.67;A;113.33;A
29.03.2025 09:15;94.38;A;4212.8;A;4214.33;A;51.77;A;39.46;A;26.93;A;18.27;A;48.59;A;26;A;13.97;A;56.98;A;1007.22;A;18;A;0;A;7;A;255;A;1;A;80;A
29.03.2025 09:30;94.39;A;4212.67;A;4214.53;A;50.84;A;36.76;A;24.79;A;19.61;A;46.13;A;28;A;15.11;A;54.01;A;1007.17;A;20;A;0;A;9;A;241;A;0.67;A;76.67;A
29.03.2025 09:45;94.4;A;4212.8;A;4214.6;A;44.19;A;27.64;A;18.48;A;20.92;A;42.58;A;34;A;16.15;A;50.08;A;1007.22;A;25;A;0;A;9;A;143;A;0.33;A;76.67;A
29.03.2025 10:00;94.41;A;4212.73;A;4214.87;A;42.68;A;25.24;A;16.72;A;21.75;A;40.07;A;38;A;16;A;49.56;A;1007.33;A;27;A;0;A;11;A;125;A;0.33;A;36.67;A
29.03.2025 10:15;94.24;A;4184.07;A;4182.2;A;36.89;A;22.88;A;15.09;A;21.88;A;39.58;A;38;A;15.83;A;50.11;A;1007.39;A;28;A;0;A;10;A;128;A;0.67;A;56.67;A
29.03.2025 10:30;94.17;A;4210.27;A;4213.13;A;33.05;A;21.67;A;14.91;A;21.74;A;39.75;A;38;A;15.76;A;50.35;A;1007.41;A;28;A;0;A;10;A;131;A;1;A;56.67;A
29.03.2025 10:45;94.26;A;4211.2;A;4213.73;A;36.13;A;21.13;A;14.29;A;21.77;A;39.64;A;38;A;16.24;A;48.91;A;1007.49;A;30;A;0;A;8;A;133;A;0.67;A;20;A
29.03.2025 11:00;94.32;A;4211.67;A;4214.2;A;30.42;A;19.96;A;13.1;A;22.03;A;38.96;A;38;A;16.61;A;47.41;A;1007.71;A;30;A;0;A;9;A;131;A;0;A;53.33;A
29.03.2025 11:15;94.35;A;4211.93;A;4214.4;A;29.23;A;18.36;A;12.43;A;22.52;A;37.75;A;40;A;17.24;A;44.89;A;1007.99;A;32;A;0;A;8;A;132;A;0.33;A;46.67;A
29.03.2025 11:30;94.37;A;4212.73;A;4214.33;A;25.56;A;16.96;A;11.74;A;23.23;A;36.39;A;40;A;17.88;A;43.49;A;1008.05;A;31;A;0;A;8;A;137;A;0.67;A;43.33;A
29.03.2025 11:45;94.39;A;4212.73;A;4214.87;A;24.94;A;16.6;A;11.38;A;23.87;A;35.21;A;40;A;18.22;A;42.31;A;1007.96;A;33;A;0;A;7;A;133;A;1;A;86.67;A
29.03.2025 12:00;94.3;A;4197.4;A;4197.13;A;23.03;A;15.28;A;10.63;A;24.4;A;33.62;A;41;A;18.52;A;40.69;A;1007.65;A;33;A;0;A;8;A;132;A;0.67;A;73.33;A
29.03.2025 12:15;94.27;A;4211.13;A;4214.27;A;22.48;A;13.74;A;9.64;A;24.6;A;32.39;A;42;A;18.14;A;40.19;A;1007.24;A;34;A;0;A;8;A;129;A;0.33;A;100;A
29.03.2025 12:30;94.32;A;4211.87;A;4214.4;A;23.1;A;14.31;A;9.58;A;24.48;A;32.26;A;41;A;18.27;A;39.24;A;1006.83;A;32;A;0;A;8;A;145;A;0;A;60;A
29.03.2025 12:45;94.35;A;4212.27;A;4215.07;A;24.78;A;13.11;A;8.53;A;24.51;A;30.87;A;43;A;18.46;A;36.91;A;1006.57;A;35;A;0;A;8;A;136;A;0.67;A;76.67;A
29.03.2025 13:00;94.37;A;4212.67;A;4214.4;A;22.64;A;12.11;A;8.15;A;24.55;A;29.6;A;45;A;18.48;A;35.77;A;1006.36;A;36;A;0;A;9;A;131;A;1;A;73.33;A
29.03.2025 13:15;94.39;A;4212.73;A;4214.53;A;20.51;A;10.68;A;7.26;A;24.54;A;28.41;A;46;A;18.35;A;34.54;A;1005.89;A;38;A;0;A;8;A;111;A;1;A;63.33;A
29.03.2025 13:30;94.4;A;4212.73;A;4215;A;22.7;A;12.39;A;8.06;A;24.41;A;29.55;A;45;A;18.46;A;36.43;A;1005.43;A;38;A;0;A;8;A;126;A;1;A;103.33;A
29.03.2025 13:45;94.4;A;4212.73;A;4214.73;A;25.46;A;12.51;A;8.44;A;24.45;A;30.32;A;44;A;18.52;A;37.22;A;1005.18;A;37;A;0;A;7;A;128;A;1;A;43.33;A
29.03.2025 14:00;94.41;A;4212.8;A;4214.8;A;30.08;A;14.65;A;9.48;A;24.52;A;30.83;A;44;A;18.63;A;37.24;A;1005.14;A;36;A;0;A;8;A;133;A;1.33;A;50;A
29.03.2025 14:15;94.41;A;4212.67;A;4214.67;A;33.98;A;14.51;A;9.3;A;24.65;A;30.12;A;44;A;18.73;A;36.52;A;1005.32;A;36;A;0;A;8;A;131;A;0.67;A;50;A
29.03.2025 14:30;94.41;A;4212.73;A;4214.73;A;34.4;A;16.43;A;10.38;A;24.66;A;30.07;A;43;A;18.51;A;37.3;A;1005.15;A;35;A;0;A;9;A;132;A;1.33;A;103.33;A
29.03.2025 14:45;94.41;A;4212.87;A;4214.87;A;22.45;A;13.5;A;9;A;24.55;A;30.32;A;43;A;18.35;A;37.33;A;1005.9;A;35;A;0;A;8;A;125;A;1;A;70;A
29.03.2025 15:00;94.41;A;4212.87;A;4215.07;A;15.44;A;11.06;A;7.39;A;24.45;A;30.47;A;42;A;18.38;A;37.3;A;1006.31;A;35;A;0;A;7;A;115;A;1.33;A;86.67;A
29.03.2025 15:15;94.41;A;4212.73;A;4215.13;A;15.19;A;10.03;A;7.01;A;24.43;A;31.01;A;42;A;18.42;A;38.04;A;1006.31;A;35;A;0;A;7;A;114;A;1;A;26.67;A
29.03.2025 15:30;94.35;A;4205.27;A;4206.4;A;15.26;A;9.75;A;6.59;A;24.42;A;30.74;A;42;A;18.36;A;37.5;A;1006.11;A;35;A;0;A;7;A;112;A;1.33;A;20;A
29.03.2025 15:45;94.35;A;4212;A;4214.27;A;15.48;A;9.73;A;6.83;A;24.29;A;31.02;A;41;A;18.3;A;38.21;A;1005.96;A;33;A;0;A;8;A;118;A;0;A;76.67;A
29.03.2025 16:00;94.37;A;4212.6;A;4214.67;A;16.59;A;11.07;A;7.7;A;24.24;A;31.52;A;41;A;18.1;A;38.76;A;1005.78;A;33;A;0;A;8;A;113;A;1;A;70;A
29.03.2025 16:15;94.39;A;4212.73;A;4214.47;A;19.19;A;11.14;A;7.12;A;24.13;A;31.91;A;40;A;17.87;A;39.57;A;1005.63;A;31;A;0;A;9;A;112;A;0.67;A;73.33;A
29.03.2025 16:30;94.4;A;4212.93;A;4214.67;A;16.85;A;10.78;A;7.74;A;23.93;A;32.27;A;40;A;17.74;A;39.88;A;1005.41;A;31;A;0;A;9;A;128;A;0;A;46.67;A
29.03.2025 16:45;94.4;A;4212.87;A;4214.73;A;16.47;A;10.67;A;7.61;A;23.75;A;32.57;A;39;A;17.5;A;40.63;A;1005.29;A;31;A;0;A;9;A;120;A;0.33;A;70;A
29.03.2025 17:00;94.41;A;4212.67;A;4214.73;A;16.46;A;9.84;A;6.62;A;23.51;A;33.32;A;38;A;17.31;A;41.49;A;1005.4;A;29;A;0;A;9;A;119;A;0.33;A;83.33;A
29.03.2025 17:15;94.41;A;4212.8;A;4215;A;14.14;A;9.24;A;6.31;A;23.33;A;33.73;A;39;A;17.13;A;42.03;A;1005.33;A;30;A;0;A;9;A;113;A;0.67;A;86.67;A
29.03.2025 17:30;94.41;A;4212.8;A;4214.93;A;12.74;A;9.07;A;6.49;A;23.11;A;34.21;A;37;A;16.93;A;42.3;A;1005.38;A;29;A;0;A;8;A;125;A;0.33;A;90;A
29.03.2025 17:45;94.41;A;4212.73;A;4214.6;A;13.1;A;8.78;A;6.24;A;22.94;A;34.26;A;37;A;16.82;A;42.61;A;1005.38;A;28;A;0;A;9;A;122;A;0.33;A;53.33;A
29.03.2025 18:00;94.37;A;4204.87;A;4206;A;14.38;A;9.46;A;6.58;A;22.77;A;35.05;A;36;A;16.61;A;44.26;A;1005.36;A;29;A;0;A;7;A;119;A;0.33;A;76.67;A
29.03.2025 18:15;94.33;A;4211.87;A;4214.13;A;18.73;A;11.18;A;7.99;A;22.56;A;36.37;A;36;A;16.23;A;46.18;A;1005.4;A;27;A;0;A;9;A;119;A;0.33;A;56.67;A
29.03.2025 18:30;94.36;A;4212.87;A;4214.87;A;16.13;A;11.04;A;7.74;A;22.19;A;37.02;A;35;A;15.98;A;47.07;A;1005.14;A;27;A;0;A;8;A;133;A;0.67;A;63.33;A
29.03.2025 18:45;94.38;A;4212.73;A;4214.73;A;15.56;A;10.47;A;7.07;A;21.88;A;37.9;A;35;A;15.7;A;48.3;A;1005.07;A;28;A;0;A;6;A;119;A;0.67;A;76.67;A
29.03.2025 19:00;94.39;A;4212.73;A;4214.2;A;16.87;A;10.73;A;7.41;A;21.59;A;38.53;A;33;A;15.47;A;49.03;A;1005.12;A;26;A;0;A;7;A;115;A;1;A;103.33;A
29.03.2025 19:15;94.4;A;4212.73;A;4215;A;17.93;A;11.13;A;7.44;A;21.38;A;38.82;A;34;A;15.23;A;49.46;A;1005.2;A;28;A;0;A;6;A;116;A;1;A;23.33;A
29.03.2025 19:30;94.4;A;4212.73;A;4214.27;A;16.69;A;10.11;A;7.1;A;21.11;A;39.32;A;33;A;14.99;A;50.24;A;1005.39;A;27;A;0;A;6;A;109;A;0.33;A;63.33;A
29.03.2025 19:45;94.41;A;4212.8;A;4214.47;A;16.35;A;9.95;A;6.84;A;20.86;A;41.1;A;33;A;14.79;A;52.93;A;1005.85;A;27;A;0;A;7;A;107;A;1;A;50;A
29.03.2025 20:00;94.41;A;4212.73;A;4214.47;A;14.75;A;9.6;A;6.87;A;20.5;A;44.05;A;32;A;14.04;A;58.56;A;1006.32;A;26;A;0;A;6;A;117;A;0.33;A;20;A
29.03.2025 20:15;94.41;A;4212.87;A;4214.8;A;13.56;A;9.82;A;6.82;A;20.04;A;45.15;A;31;A;13.75;A;58.88;A;1006.18;A;27;A;0;A;5;A;113;A;0;A;40;A
29.03.2025 20:30;94.41;A;4212.87;A;4214.8;A;13.73;A;10.03;A;7.06;A;19.68;A;46.11;A;31;A;13.59;A;59.78;A;1006.23;A;23;A;0;A;9;A;109;A;0;A;90;A
29.03.2025 20:45;94.36;A;4197.13;A;4196.27;A;14.8;A;11.17;A;8.01;A;19.47;A;46.79;A;29;A;13.57;A;59.44;A;1006.42;A;21;A;0;A;8;A;120;A;0;A;123.33;A
29.03.2025 21:00;94.2;A;4204.67;A;4205.8;A;16.19;A;11.46;A;8.26;A;19.36;A;46.76;A;29;A;13.49;A;59.88;A;1006.35;A;21;A;0;A;8;A;119;A;0;A;90;A
29.03.2025 21:15;94.27;A;4211.53;A;4213.8;A;15.86;A;11.76;A;8.51;A;19.25;A;47.35;A;28;A;13.29;A;60.9;A;1006.34;A;21;A;0;A;7;A;124;A;0.33;A;80;A
29.03.2025 21:30;94.33;A;4211.8;A;4213.87;A;14.91;A;11.29;A;7.88;A;19.12;A;47.87;A;28;A;13.17;A;61.26;A;1006.33;A;22;A;0;A;6;A;118;A;0.67;A;93.33;A
29.03.2025 21:45;94.36;A;4212.67;A;4214.13;A;14.79;A;10.77;A;7.79;A;18.98;A;48.51;A;29;A;13.06;A;62.76;A;1006.36;A;22;A;0;A;7;A;117;A;0.33;A;100;A
29.03.2025 22:00;94.38;A;4212.8;A;4214.47;A;14.63;A;10.74;A;7.59;A;18.88;A;49.18;A;29;A;12.94;A;62.87;A;1006.36;A;22;A;0;A;7;A;110;A;0.67;A;60;A
29.03.2025 22:15;94.39;A;4212.73;A;4214.07;A;14.91;A;10.33;A;7.34;A;18.79;A;49.49;A;29;A;12.88;A;63.37;A;1006.41;A;22;A;0;A;7;A;102;A;1;A;173.33;A
29.03.2025 22:30;94.4;A;4212.87;A;4214.6;A;15.54;A;10.39;A;7.1;A;18.71;A;49.65;A;30;A;12.79;A;64.11;A;1006.22;A;20;A;0;A;10;A;100;A;0.33;A;36.67;A
29.03.2025 22:45;94.4;A;4209.8;A;4211.27;A;14.84;A;10.26;A;7.07;A;18.6;A;50.3;A;29;A;12.61;A;65.03;A;1006.25;A;21;A;0;A;9;A;102;A;0.33;A;30;A
29.03.2025 23:00;94.31;A;4206.47;A;4207.6;A;17.28;A;10.87;A;7.18;A;18.42;A;51.44;A;28;A;12.39;A;66.54;A;1005.85;A;20;A;0;A;8;A;103;A;0.67;A;76.67;A
29.03.2025 23:15;94.35;A;4212.13;A;4213.93;A;17.05;A;10.96;A;7.4;A;18.28;A;52.08;A;28;A;12.31;A;66.99;A;1005.75;A;21;A;0;A;7;A;105;A;0.67;A;40;A
29.03.2025 23:30;94.37;A;4212.67;A;4214;A;21.9;A;12.97;A;8.64;A;18.14;A;52.59;A;27;A;12.19;A;67.9;A;1005.54;A;19;A;0;A;8;A;108;A;1;A;93.33;A
29.03.2025 23:45;94.39;A;4212.87;A;4214.13;A;20.13;A;11.95;A;8.42;A;18;A;54.08;A;27;A;11.89;A;70.81;A;1005.77;A;18;A;0;A;9;A;109;A;0;A;56.67;A
30.03.2025 00:00;94.4;A;4212.73;A;4214.13;A;22.39;A;13.28;A;8.84;A;17.68;A;56.66;A;25;A;11.43;A;74.7;A;1006.16;A;18;A;0;A;7;A;114;A;0;A;53.33;A
30.03.2025 00:15;94.4;A;4212.87;A;4214.53;A;23.14;A;13.82;A;9.59;A;17.36;A;57.59;A;25;A;11.2;A;75.4;A;1006.14;A;19;A;0;A;6;A;111;A;0.33;A;40;A
30.03.2025 00:30;94.41;A;4213;A;4214.73;A;22.46;A;14.36;A;9.85;A;17.09;A;58.16;A;23;A;11.12;A;75.37;A;1005.79;A;17;A;0;A;6;A;116;A;0;A;73.33;A
30.03.2025 00:45;94.41;A;4212.73;A;4214.07;A;23.99;A;14.87;A;10.25;A;16.94;A;58.34;A;24;A;11.1;A;74.76;A;1005.7;A;17;A;0;A;6;A;117;A;0.33;A;53.33;A
30.03.2025 01:00;94.41;A;4212.8;A;4214.33;A;25.68;A;15.88;A;10.59;A;16.88;A;58.41;A;23;A;11.09;A;75.2;A;1005.37;A;18;A;0;A;5;A;125;A;0;A;60;A
30.03.2025 01:15;94.41;A;4213;A;4214.2;A;25.87;A;15.66;A;10.53;A;16.85;A;58.2;A;23;A;11.05;A;74.34;A;1005.18;A;18;A;0;A;5;A;124;A;0.33;A;83.33;A
30.03.2025 01:30;94.41;A;4212.8;A;4214.33;A;24.73;A;15.33;A;10.85;A;16.8;A;58.16;A;22;A;10.93;A;74.75;A;1005.07;A;17;A;0;A;5;A;122;A;0;A;56.67;A
30.03.2025 01:45;94.41;A;4212.93;A;4214.27;A;24.86;A;16.37;A;11.62;A;16.73;A;58.87;A;22;A;10.85;A;76.45;A;1005.09;A;17;A;0;A;5;A;125;A;0.33;A;106.67;A
30.03.2025 02:00;94.38;A;4205.8;A;4206;A;21.1;A;14.65;A;12.61;A;16.8;A;60;A;22;A;10.57;A;79.05;A;1004.85;A;17;A;1;A;5;A;129;A;0.33;A;66.67;A
30.03.2025 02:15;94.34;A;4212.07;A;4213.4;A;21.78;A;15.19;A;13.38;A;16.85;A;60.03;A;23;A;10.3;A;80.56;A;1004.72;A;18;A;0;A;5;A;121;A;0;A;46.67;A
30.03.2025 02:30;94.37;A;4212.93;A;4214;A;23.45;A;16.34;A;14.39;A;16.93;A;60.15;A;24;A;10.1;A;82.2;A;1004.61;A;19;A;1;A;4;A;116;A;0;A;33.33;A
30.03.2025 02:45;94.38;A;4212.87;A;4214.13;A;23.64;A;16.46;A;14.5;A;17.05;A;60.08;A;24;A;9.96;A;83.74;A;1005.16;A;18;A;0;A;6;A;119;A;0.33;A;20;A
30.03.2025 04:00;94.39;A;4212.87;A;4213.87;A;22.98;A;16.01;A;14.1;A;17.32;A;59.9;A;22;A;9.77;A;85.59;A;1005.15;A;18;A;0;A;4;A;116;A;0;A;63.33;A
30.03.2025 04:15;94.4;A;4212.73;A;4214.33;A;22.13;A;15.43;A;13.59;A;17.23;A;60.14;A;23;A;9.62;A;86.43;A;1005.01;A;18;A;0;A;5;A;107;A;0.33;A;190;A
30.03.2025 04:30;94.4;A;4212.8;A;4213.8;A;22.75;A;15.85;A;13.96;A;17.43;A;60.01;A;22;A;9.47;A;88.18;A;1004.87;A;18;A;1;A;4;A;102;A;0.67;A;233.33;A
30.03.2025 04:45;94.4;A;4212.8;A;4214.07;A;23.05;A;16.06;A;14.14;A;17.34;A;60.07;A;22;A;9.47;A;88;A;1004.78;A;19;A;0;A;3;A;101;A;0.33;A;76.67;A
30.03.2025 05:00;94.4;A;4212.87;A;4213.67;A;23.72;A;16.52;A;14.55;A;17.46;A;60.01;A;22;A;9.42;A;88.93;A;1004.62;A;18;A;0;A;4;A;100;A;0.67;A;80;A
30.03.2025 05:15;94.4;A;4212.8;A;4213.53;A;23.89;A;16.63;A;14.65;A;17.6;A;60.02;A;23;A;9.4;A;89.89;A;1004.68;A;15;A;0;A;8;A;100;A;0.33;A;193.33;A
30.03.2025 05:30;94.4;A;4212.93;A;4214.53;A;23.26;A;16.2;A;14.27;A;17.5;A;59.96;A;23;A;9.35;A;89.14;A;1004.61;A;17;A;0;A;7;A;99;A;0;A;60;A
30.03.2025 05:45;94.4;A;4212.93;A;4214.13;A;24.2;A;16.85;A;14.84;A;17.44;A;59.98;A;23;A;9.37;A;88.74;A;1004.39;A;18;A;0;A;5;A;102;A;0.33;A;80;A
30.03.2025 06:00;94.4;A;4212.87;A;4213.67;A;24.07;A;16.76;A;14.76;A;17.37;A;59.96;A;24;A;9.37;A;88.87;A;1004.39;A;18;A;0;A;6;A;102;A;0.67;A;116.67;A
30.03.2025 06:15;94.4;A;4212.87;A;4213.87;A;22.51;A;15.69;A;13.82;A;17.22;A;60;A;24;A;9.44;A;87.26;A;1004.57;A;18;A;0;A;6;A;101;A;0;A;80;A
30.03.2025 06:30;94.4;A;4212.87;A;4213.8;A;22.53;A;15.7;A;13.83;A;17.25;A;59.92;A;24;A;9.49;A;87.69;A;1004.71;A;18;A;0;A;6;A;108;A;0.33;A;123.33;A
30.03.2025 06:45;94.4;A;4212.8;A;4213.67;A;21.82;A;15.21;A;13.4;A;17.21;A;60.02;A;25;A;9.43;A;87.69;A;1004.66;A;16;A;0;A;9;A;102;A;0.33;A;60;A
30.03.2025 07:00;94.4;A;4212.87;A;4214.07;A;21.85;A;15.23;A;13.42;A;17.21;A;59.99;A;24;A;9.36;A;88.41;A;1004.61;A;19;A;0;A;5;A;105;A;0;A;73.33;A
30.03.2025 07:15;94.4;A;4212.8;A;4213.93;A;20.71;A;14.45;A;12.73;A;17.11;A;60.03;A;23;A;9.34;A;87.68;A;1004.66;A;18;A;0;A;4;A;109;A;0;A;90;A
30.03.2025 07:30;94.4;A;4212.87;A;4214;A;20.52;A;14.32;A;12.62;A;17.12;A;59.92;A;22;A;9.37;A;87.86;A;1004.64;A;18;A;0;A;4;A;112;A;0.33;A;96.67;A
30.03.2025 07:45;94.4;A;4213;A;4213.87;A;23.57;A;16.42;A;14.46;A;17.08;A;59.95;A;23;A;9.39;A;87.25;A;1004.66;A;18;A;0;A;5;A;117;A;0.67;A;166.67;A
30.03.2025 08:00;94.4;A;4212.8;A;4213.53;A;24.79;A;17.25;A;15.2;A;16.97;A;59.91;A;22;A;9.31;A;87.09;A;1004.51;A;17;A;1;A;5;A;118;A;0.67;A;26.67;A
30.03.2025 08:15;94.4;A;4212.8;A;4213.73;A;23.78;A;16.56;A;14.58;A;16.92;A;60.18;A;21;A;9.29;A;87.37;A;1004.37;A;16;A;0;A;5;A;120;A;0.67;A;113.33;A
30.03.2025 08:30;94.4;A;4212.87;A;4214.47;A;21.67;A;15.11;A;13.31;A;16.79;A;59.94;A;20;A;9.29;A;86.99;A;1004.52;A;16;A;0;A;5;A;123;A;1;A;60;A
30.03.2025 08:45;94.4;A;4212.8;A;4213.8;A;21.28;A;14.85;A;13.08;A;16.73;A;59.91;A;21;A;9.25;A;86.28;A;1004.61;A;13;A;0;A;8;A;121;A;0.33;A;33.33;A
30.03.2025 09:00;94.4;A;4212.8;A;4214;A;22.47;A;15.66;A;13.79;A;16.57;A;60.07;A;22;A;9.31;A;86.19;A;1004.78;A;11;A;0;A;11;A;124;A;0.67;A;10;A
30.03.2025 09:15;94.39;A;4212.8;A;4214.07;A;23.29;A;16.22;A;14.29;A;16.72;A;59.95;A;20;A;9.35;A;86.32;A;1004.82;A;12;A;1;A;9;A;127;A;0;A;86.67;A
30.03.2025 09:30;94.39;A;4212.8;A;4213.87;A;23.47;A;16.35;A;14.4;A;16.73;A;59.99;A;21;A;9.41;A;85.64;A;1004.91;A;12;A;0;A;9;A;128;A;1;A;123.33;A
30.03.2025 09:45;94.39;A;4212.93;A;4214.07;A;24.42;A;17;A;14.97;A;16.94;A;60.02;A;20;A;9.42;A;86.8;A;1004.97;A;11;A;1;A;9;A;139;A;0.33;A;100;A
30.03.2025 10:00;94.39;A;4212.93;A;4214.47;A;26.21;A;18.23;A;16.05;A;17.18;A;60.03;A;20;A;9.5;A;88.01;A;1004.88;A;10;A;1;A;9;A;141;A;0.33;A;96.67;A
30.03.2025 10:15;94.39;A;4212.8;A;4213.8;A;24.12;A;16.79;A;14.79;A;17.34;A;60.08;A;19;A;9.49;A;88.28;A;1004.83;A;12;A;1;A;7;A;144;A;0.67;A;170;A
30.03.2025 10:30;94.39;A;4212.8;A;4213.87;A;22.9;A;15.96;A;14.05;A;17.5;A;59.98;A;18;A;9.56;A;88.68;A;1004.93;A;11;A;1;A;7;A;147;A;0;A;83.33;A
30.03.2025 10:45;94.39;A;4212.8;A;4213.8;A;22.48;A;15.67;A;13.8;A;17.7;A;59.97;A;18;A;9.6;A;89.87;A;1004.86;A;11;A;1;A;7;A;153;A;0;A;106.67;A
30.03.2025 11:00;94.39;A;4212.8;A;4213.93;A;22.22;A;15.49;A;13.64;A;17.84;A;60;A;18;A;9.66;A;89.49;A;1004.75;A;10;A;1;A;7;A;159;A;0;A;66.67;A
30.03.2025 11:15;94.39;A;4212.8;A;4213.67;A;22.84;A;15.91;A;14.02;A;17.95;A;60.13;A;18;A;9.77;A;89.98;A;1004.82;A;8;A;1;A;10;A;160;A;0.33;A;240;A
30.03.2025 11:30;94.39;A;4212.87;A;4213.73;A;21.71;A;15.14;A;13.33;A;18.24;A;59.98;A;18;A;9.94;A;90.36;A;1004.87;A;8;A;1;A;10;A;161;A;0.33;A;53.33;A
30.03.2025 11:45;94.38;A;4212.87;A;4213.93;A;20.24;A;14.13;A;12.45;A;18.36;A;59.9;A;18;A;10.04;A;90.08;A;1004.93;A;10;A;1;A;8;A;172;A;0;A;86.67;A
30.03.2025 12:00;94.38;A;4213;A;4214.27;A;20.35;A;14.21;A;12.51;A;18.49;A;59.97;A;17;A;10.2;A;90.55;A;1004.9;A;10;A;1;A;8;A;173;A;0;A;130;A
30.03.2025 12:15;94.38;A;4212.8;A;4213.8;A;21.41;A;14.93;A;13.15;A;18.6;A;60.04;A;17;A;10.41;A;89.48;A;1004.92;A;11;A;1;A;7;A;185;A;0;A;50;A
30.03.2025 12:30;94.38;A;4212.8;A;4213.87;A;18.46;A;12.91;A;11.37;A;18.6;A;60.02;A;18;A;10.57;A;88.93;A;1004.8;A;12;A;1;A;6;A;170;A;0;A;63.33;A
30.03.2025 12:45;94.38;A;4212.87;A;4213.93;A;17.87;A;12.5;A;11.01;A;18.7;A;59.98;A;19;A;10.67;A;89.01;A;1004.77;A;13;A;1;A;5;A;175;A;0.33;A;6.67;A
30.03.2025 13:00;94.38;A;4212.67;A;4213.67;A;18.04;A;12.62;A;11.12;A;18.93;A;59.96;A;18;A;10.84;A;89.49;A;1004.51;A;11;A;1;A;7;A;174;A;0;A;93.33;A
30.03.2025 13:15;94.38;A;4212.73;A;4213.73;A;17.54;A;12.28;A;10.81;A;19.1;A;60.04;A;18;A;11.04;A;89.26;A;1004.57;A;9;A;1;A;9;A;177;A;0;A;90;A
30.03.2025 13:30;94.38;A;4212.8;A;4214;A;17.69;A;12.38;A;10.91;A;19.17;A;59.98;A;18;A;11.19;A;88.92;A;1004.41;A;12;A;1;A;5;A;178;A;0.33;A;63.33;A
30.03.2025 13:45;94.38;A;4212.93;A;4214.27;A;17.71;A;12.4;A;10.92;A;19.36;A;59.9;A;17;A;11.24;A;89.4;A;1003.97;A;12;A;1;A;5;A;177;A;0;A;90;A
30.03.2025 14:00;94.38;A;4212.87;A;4214.47;A;17.41;A;12.19;A;10.74;A;19.4;A;60.05;A;18;A;11.28;A;89.34;A;1003.81;A;11;A;1;A;7;A;187;A;0;A;113.33;A
30.03.2025 14:15;94.38;A;4212.87;A;4214.13;A;16.47;A;11.55;A;10.17;A;19.47;A;60.07;A;19;A;11.32;A;89.56;A;1003.68;A;11;A;1;A;8;A;182;A;0.67;A;203.33;A
30.03.2025 14:30;94.38;A;4212.8;A;4213.87;A;17.95;A;12.56;A;11.06;A;19.64;A;60.02;A;18;A;11.45;A;89.89;A;1003.66;A;10;A;1;A;8;A;179;A;0;A;56.67;A
30.03.2025 14:45;94.37;A;4212.8;A;4213.87;A;19.3;A;13.48;A;11.88;A;19.8;A;59.99;A;18;A;11.55;A;90.07;A;1003.72;A;9;A;9;A;9;A;674;A;0;A;93.33;A
30.03.2025 15:00;94.37;A;4212.73;A;4213.6;A;20.81;A;14.52;A;12.79;A;20.03;A;60.01;A;19;A;11.67;A;90.85;A;1003.59;A;10;A;4;A;9;A;272;A;0.33;A;190;A
30.03.2025 15:15;94.37;A;4212.67;A;4213.87;A;21.87;A;15.25;A;13.43;A;20.25;A;60.06;A;19;A;11.78;A;91.47;A;1003.53;A;6;A;2;A;13;A;203;A;0;A;53.33;A
30.03.2025 15:30;94.37;A;4212.73;A;4213.93;A;27.52;A;19.12;A;16.84;A;20.47;A;59.94;A;19;A;11.95;A;91.53;A;1003.59;A;7;A;1;A;12;A;216;A;0;A;276.67;A
30.03.2025 15:45;94.37;A;4212.93;A;4214.47;A;35.27;A;24.44;A;21.53;A;20.43;A;59.92;A;18;A;12.07;A;90.43;A;1003.59;A;11;A;1;A;7;A;220;A;0;A;53.33;A
30.03.2025 16:00;94.37;A;4212.87;A;4214.27;A;34.27;A;23.76;A;20.92;A;20.42;A;59.99;A;19;A;12.21;A;89.61;A;1003.57;A;11;A;1;A;8;A;222;A;0.33;A;173.33;A
30.03.2025 16:15;94.37;A;4212.8;A;4214;A;29.03;A;20.16;A;17.76;A;20.46;A;60.09;A;20;A;12.39;A;89.3;A;1003.37;A;12;A;1;A;7;A;202;A;0.33;A;56.67;A
30.03.2025 16:30;94.37;A;4212.73;A;4214.47;A;27.45;A;19.08;A;16.8;A;20.64;A;59.98;A;19;A;12.55;A;89.14;A;1003.33;A;11;A;1;A;8;A;217;A;0;A;40;A
30.03.2025 16:45;94.37;A;4212.87;A;4214.4;A;26.82;A;18.65;A;16.42;A;20.72;A;59.98;A;19;A;12.69;A;88.95;A;1003.21;A;11;A;1;A;8;A;219;A;0;A;116.67;A
30.03.2025 17:00;94.37;A;4212.8;A;4214;A;27.6;A;19.18;A;16.89;A;20.85;A;59.89;A;19;A;12.75;A;88.91;A;1003.17;A;12;A;1;A;7;A;197;A;0;A;86.67;A
30.03.2025 17:15;94.37;A;4212.8;A;4214;A;27.09;A;18.83;A;16.59;A;20.85;A;59.88;A;19;A;12.78;A;88.75;A;1003.1;A;12;A;1;A;7;A;205;A;0.33;A;200;A
30.03.2025 17:30;94.36;A;4212.73;A;4214.33;A;26.92;A;18.71;A;16.48;A;20.75;A;60.09;A;20;A;12.87;A;88.21;A;1003.21;A;12;A;1;A;8;A;215;A;0.33;A;226.67;A
30.03.2025 17:45;94.36;A;4212.8;A;4214.2;A;26.76;A;18.6;A;16.38;A;20.82;A;60.08;A;19;A;12.91;A;88.26;A;1003.06;A;11;A;2;A;9;A;220;A;0;A;126.67;A
30.03.2025 18:00;94.36;A;4212.93;A;4214.2;A;26.47;A;18.4;A;16.21;A;20.91;A;59.98;A;19;A;12.97;A;88.23;A;1002.97;A;10;A;2;A;9;A;223;A;0;A;100;A
30.03.2025 18:15;94.36;A;4212.8;A;4214;A;29.85;A;20.72;A;18.25;A;21.15;A;59.98;A;20;A;12.92;A;89.68;A;1002.8;A;4;A;1;A;16;A;234;A;0;A;143.33;A
30.03.2025 18:30;94.36;A;4212.8;A;4214.2;A;29.82;A;20.7;A;18.23;A;21.18;A;60.01;A;19;A;12.9;A;89.66;A;1002.81;A;6;A;1;A;13;A;213;A;0;A;130;A
30.03.2025 18:45;94.36;A;4212.8;A;4214.27;A;29.58;A;20.54;A;18.09;A;21.16;A;60.02;A;20;A;12.86;A;89.95;A;1002.74;A;6;A;2;A;13;A;193;A;0;A;73.33;A
30.03.2025 19:00;94.36;A;4212.87;A;4213.87;A;32.05;A;22.23;A;19.58;A;21.14;A;59.97;A;20;A;12.79;A;90.19;A;1002.75;A;3;A;1;A;18;A;209;A;0;A;136.67;A
30.03.2025 19:15;94.36;A;4212.8;A;4213.8;A;33.84;A;23.46;A;20.66;A;21.11;A;59.99;A;19;A;12.72;A;90.49;A;1002.76;A;5;A;2;A;14;A;205;A;0;A;133.33;A
30.03.2025 19:30;94.36;A;4212.73;A;4214.2;A;38.31;A;26.53;A;23.36;A;21.05;A;59.93;A;18;A;12.64;A;90.53;A;1002.78;A;7;A;2;A;11;A;213;A;0;A;133.33;A
30.03.2025 19:45;94.36;A;4212.93;A;4214.53;A;43.29;A;29.95;A;26.37;A;20.88;A;60.05;A;18;A;12.56;A;90.04;A;1002.8;A;10;A;2;A;8;A;218;A;0.33;A;193.33;A
30.03.2025 20:00;94.35;A;4212.93;A;4214.6;A;44.55;A;30.81;A;27.14;A;20.8;A;59.99;A;17;A;12.55;A;90.08;A;1002.82;A;9;A;2;A;8;A;242;A;0;A;93.33;A
30.03.2025 20:15;94.35;A;4212.8;A;4214.47;A;46.68;A;32.27;A;28.42;A;20.71;A;59.92;A;17;A;12.49;A;89.36;A;1003.05;A;9;A;2;A;8;A;235;A;0;A;193.33;A
30.03.2025 20:30;94.35;A;4212.73;A;4214.2;A;43.04;A;29.77;A;26.22;A;20.38;A;60.01;A;18;A;12.44;A;88.31;A;1003.2;A;12;A;2;A;6;A;204;A;0;A;86.67;A
30.03.2025 20:45;94.35;A;4212.8;A;4214;A;43.33;A;29.97;A;26.4;A;20.35;A;60;A;18;A;12.39;A;88.58;A;1003.3;A;11;A;2;A;7;A;212;A;0.33;A;136.67;A
30.03.2025 21:00;94.35;A;4212.8;A;4214.13;A;43.2;A;29.88;A;26.32;A;20.41;A;60;A;18;A;12.35;A;89.15;A;1003.26;A;10;A;2;A;8;A;206;A;0;A;193.33;A
30.03.2025 21:15;94.35;A;4212.87;A;4214.27;A;47.7;A;32.97;A;29.04;A;20.36;A;60;A;21;A;12.32;A;89.11;A;1003.28;A;2;A;1;A;19;A;212;A;0;A;190;A
30.03.2025 21:30;94.35;A;4212.87;A;4214.33;A;49.35;A;34.1;A;30.04;A;20.37;A;60.04;A;22;A;12.29;A;89.25;A;1003.17;A;0;A;1;A;23;A;214;A;0;A;116.67;A
30.03.2025 21:45;94.35;A;4212.87;A;4214.33;A;41.56;A;28.76;A;25.33;A;20.35;A;60;A;19;A;12.29;A;89.1;A;1003.07;A;3;A;1;A;17;A;206;A;0;A;123.33;A
30.03.2025 22:00;94.35;A;4212.93;A;4214.53;A;40.06;A;27.73;A;24.42;A;20.38;A;59.98;A;19;A;12.23;A;89.43;A;1003.04;A;2;A;1;A;17;A;209;A;0;A;123.33;A
30.03.2025 22:15;94.35;A;4212.8;A;4214;A;40.03;A;27.71;A;24.4;A;20.36;A;60.02;A;20;A;12.21;A;89.63;A;1002.96;A;2;A;1;A;18;A;213;A;0;A;123.33;A
30.03.2025 22:30;94.35;A;4212.73;A;4213.73;A;39.5;A;27.34;A;24.08;A;20.41;A;59.96;A;19;A;12.27;A;89.32;A;1002.97;A;1;A;1;A;18;A;233;A;0;A;180;A
30.03.2025 22:45;94.35;A;4212.8;A;4213.93;A;40.03;A;27.71;A;24.4;A;20.37;A;60.01;A;19;A;12.3;A;88.94;A;1002.94;A;3;A;2;A;16;A;250;A;0;A;173.33;A
30.03.2025 23:00;94.35;A;4212.8;A;4214.2;A;41.15;A;28.47;A;25.08;A;20.34;A;59.99;A;21;A;12.27;A;89.06;A;1002.92;A;1;A;1;A;20;A;228;A;0;A;133.33;A
30.03.2025 23:15;94.35;A;4212.8;A;4214;A;38.38;A;26.57;A;23.4;A;20.3;A;60;A;18;A;12.29;A;89.13;A;1002.84;A;7;A;2;A;11;A;204;A;0;A;193.33;A
30.03.2025 23:30;94.35;A;4212.8;A;4213.93;A;37.06;A;25.67;A;22.61;A;20.33;A;60.01;A;20;A;12.3;A;89.02;A;1002.55;A;4;A;1;A;16;A;194;A;0;A;96.67;A
30.03.2025 23:45;94.34;A;4212.87;A;4214.33;A;37.58;A;26.03;A;22.92;A;20.38;A;59.96;A;22;A;12.28;A;89.14;A;1002.52;A;0;A;1;A;23;A;196;A;0;A;270;A
31.03.2025 00:00;94.34;A;4212.87;A;4213.93;A;36.73;A;25.45;A;22.41;A;20.34;A;60;A;20;A;12.26;A;89.26;A;1002.39;A;1;A;1;A;20;A;197;A;0;A;133.33;A
31.03.2025 00:15;94.34;A;4212.8;A;4214.2;A;40.69;A;28.16;A;24.8;A;20.4;A;60.04;A;20;A;12.22;A;89.83;A;1002.38;A;0;A;1;A;21;A;211;A;0;A;146.67;A
31.03.2025 00:30;94.34;A;4212.8;A;4214.13;A;37.14;A;25.72;A;22.66;A;20.38;A;59.99;A;20;A;12.3;A;89.17;A;1002.54;A;2;A;1;A;18;A;195;A;0;A;193.33;A
31.03.2025 00:45;94.34;A;4212.8;A;4214.33;A;35.36;A;24.5;A;21.58;A;20.38;A;59.99;A;18;A;12.34;A;89.23;A;1002.64;A;7;A;2;A;11;A;184;A;0;A;326.67;A
31.03.2025 01:00;94.34;A;4212.87;A;4214.2;A;37.15;A;25.73;A;22.67;A;20.43;A;59.99;A;16;A;12.38;A;89.2;A;1002.76;A;10;A;3;A;6;A;181;A;0.33;A;150;A
31.03.2025 01:15;94.34;A;4212.87;A;4213.87;A;36.79;A;25.48;A;22.44;A;20.47;A;60;A;15;A;12.42;A;89.17;A;1002.74;A;10;A;2;A;5;A;175;A;0;A;186.67;A
31.03.2025 01:30;94.34;A;4212.73;A;4214.07;A;38.95;A;26.97;A;23.75;A;20.49;A;60.01;A;14;A;12.46;A;89;A;1002.59;A;9;A;3;A;5;A;178;A;0;A;186.67;A
31.03.2025 01:45;94.34;A;4212.93;A;4214.47;A;41.41;A;28.66;A;25.24;A;20.44;A;59.96;A;15;A;12.49;A;88.42;A;1002.49;A;9;A;2;A;6;A;218;A;0;A;200;A
31.03.2025 02:00;94.34;A;4212.93;A;4214.4;A;44.46;A;30.74;A;27.08;A;20.4;A;59.98;A;17;A;12.48;A;88.47;A;1002.44;A;9;A;2;A;8;A;202;A;0;A;276.67;A
31.03.2025 02:15;94.34;A;4212.73;A;4214.27;A;48.04;A;33.2;A;29.24;A;20.36;A;59.92;A;18;A;12.46;A;88.13;A;1002.26;A;10;A;1;A;8;A;211;A;0;A;76.67;A
31.03.2025 02:30;94.33;A;4212.8;A;4214;A;47.77;A;33.02;A;29.08;A;20.22;A;60.01;A;19;A;12.4;A;87.84;A;1002.19;A;10;A;2;A;9;A;199;A;0;A;110;A
31.03.2025 02:45;94.33;A;4212.67;A;4214.13;A;46.41;A;32.08;A;28.26;A;20.04;A;60;A;22;A;12.38;A;87.27;A;1002.04;A;13;A;1;A;9;A;201;A;0;A;253.33;A
31.03.2025 03:00;94.33;A;4212.8;A;4213.93;A;45.45;A;31.43;A;27.68;A;19.96;A;60.02;A;22;A;12.31;A;87.17;A;1002.12;A;14;A;1;A;7;A;224;A;0;A;183.33;A
31.03.2025 03:15;94.33;A;4212.8;A;4214.07;A;43.36;A;29.99;A;26.41;A;19.9;A;60.01;A;21;A;12.21;A;87.44;A;1002.1;A;16;A;1;A;5;A;154;A;0;A;210;A
31.03.2025 03:30;94.33;A;4212.73;A;4213.73;A;43.55;A;30.12;A;26.53;A;19.93;A;59.96;A;20;A;12.1;A;87.77;A;1002.11;A;16;A;1;A;5;A;129;A;0.33;A;136.67;A
31.03.2025 03:45;94.33;A;4213;A;4214.6;A;41.96;A;29.03;A;25.57;A;19.87;A;60;A;20;A;12.01;A;88.21;A;1001.99;A;16;A;1;A;5;A;118;A;0;A;140;A
31.03.2025 04:00;94.33;A;4212.8;A;4213.93;A;42.67;A;29.52;A;26;A;19.89;A;59.99;A;19;A;11.96;A;88.72;A;1001.84;A;14;A;2;A;5;A;119;A;0;A;256.67;A
31.03.2025 04:15;94.33;A;4212.8;A;4214.13;A;42.84;A;29.64;A;26.1;A;19.87;A;59.96;A;19;A;11.98;A;88.53;A;1001.82;A;14;A;2;A;5;A;121;A;0;A;206.67;A
31.03.2025 04:30;94.33;A;4212.8;A;4214;A;42.57;A;29.45;A;25.93;A;19.82;A;60.06;A;18;A;11.89;A;88.67;A;1001.76;A;12;A;2;A;6;A;115;A;0;A;190;A
31.03.2025 04:45;94.33;A;4212.73;A;4214.2;A;42.48;A;29.39;A;25.88;A;19.87;A;59.99;A;17;A;11.83;A;89.17;A;1001.42;A;11;A;2;A;6;A;108;A;0;A;156.67;A
31.03.2025 05:00;94.33;A;4212.8;A;4214.2;A;43.66;A;30.2;A;26.59;A;19.77;A;59.98;A;18;A;11.76;A;89.04;A;1001.4;A;10;A;2;A;7;A;121;A;0;A;130;A
31.03.2025 05:15;94.33;A;4212.8;A;4214.07;A;43.19;A;29.88;A;26.31;A;19.8;A;60.04;A;16;A;11.74;A;89.44;A;1001.54;A;9;A;2;A;7;A;121;A;0;A;133.33;A
31.03.2025 05:30;94.33;A;4212.73;A;4213.93;A;43.3;A;29.95;A;26.38;A;19.91;A;59.99;A;13;A;11.74;A;89.76;A;1001.8;A;6;A;3;A;7;A;127;A;0;A;146.67;A
31.03.2025 05:45;94.32;A;4213;A;4214.4;A;43.37;A;30;A;26.42;A;19.95;A;59.99;A;14;A;11.74;A;89.88;A;1001.77;A;6;A;3;A;8;A;131;A;0;A;216.67;A
31.03.2025 06:00;94.32;A;4212.8;A;4214.13;A;45.58;A;31.51;A;27.76;A;19.87;A;60.04;A;15;A;11.7;A;89.9;A;1001.77;A;6;A;2;A;8;A;141;A;0;A;233.33;A
31.03.2025 06:15;94.32;A;4212.67;A;4214;A;47.87;A;33.08;A;29.14;A;19.9;A;59.94;A;14;A;11.63;A;90.25;A;1001.78;A;4;A;3;A;10;A;163;A;0;A;223.33;A
31.03.2025 06:30;94.32;A;4212.8;A;4214.07;A;51.96;A;35.89;A;31.61;A;19.86;A;60.04;A;17;A;11.54;A;90.87;A;1001.96;A;1;A;2;A;16;A;226;A;0;A;250;A
31.03.2025 06:45;94.32;A;4212.8;A;4214.2;A;48.65;A;33.62;A;29.61;A;19.85;A;60;A;14;A;11.45;A;90.92;A;1001.99;A;2;A;3;A;12;A;181;A;0;A;203.33;A
31.03.2025 07:00;94.32;A;4212.87;A;4214.33;A;51.75;A;35.75;A;31.48;A;19.82;A;60.01;A;17;A;11.45;A;91.02;A;1001.99;A;0;A;3;A;17;A;267;A;0;A;223.33;A
31.03.2025 07:15;94.32;A;4212.8;A;4214.07;A;52.96;A;36.58;A;32.22;A;19.77;A;60.02;A;16;A;11.45;A;90.83;A;1002.18;A;1;A;3;A;15;A;268;A;0;A;190;A
31.03.2025 07:30;94.32;A;4212.8;A;4214;A;53.97;A;37.27;A;32.82;A;19.86;A;60.01;A;14;A;11.45;A;91.13;A;1002.16;A;1;A;3;A;14;A;268;A;0;A;143.33;A
31.03.2025 07:45;94.32;A;4213;A;4214.53;A;53.02;A;36.62;A;32.25;A;19.93;A;59.93;A;15;A;11.44;A;91.51;A;1002.16;A;1;A;4;A;14;A;318;A;0.33;A;186.67;A
31.03.2025 08:00;94.32;A;4212.8;A;4213.87;A;53.15;A;36.71;A;32.33;A;19.88;A;60.03;A;15;A;11.47;A;91.35;A;1002.18;A;0;A;4;A;15;A;315;A;0;A;266.67;A
31.03.2025 08:15;94.31;A;4212.87;A;4213.87;A;53.91;A;37.23;A;32.79;A;19.87;A;59.92;A;16;A;11.57;A;90.29;A;1002.27;A;4;A;2;A;13;A;260;A;0;A;186.67;A
31.03.2025 08:30;94.31;A;4212.8;A;4214.07;A;51.42;A;35.52;A;31.28;A;19.86;A;59.97;A;18;A;11.74;A;89.82;A;1002.28;A;5;A;2;A;14;A;220;A;0;A;156.67;A
31.03.2025 08:45;94.31;A;4212.8;A;4214.07;A;58.02;A;40.05;A;35.27;A;19.91;A;60.05;A;20;A;11.98;A;89.08;A;1002.24;A;6;A;1;A;13;A;251;A;0;A;300;A
31.03.2025 09:00;94.31;A;4212.8;A;4214.53;A;62.53;A;43.15;A;38;A;19.97;A;59.95;A;21;A;12.21;A;88.26;A;1002.3;A;5;A;1;A;16;A;279;A;0;A;233.33;A
31.03.2025 09:15;94.31;A;4212.8;A;4214.33;A;58.76;A;40.55;A;35.72;A;20;A;59.88;A;19;A;12.46;A;86.73;A;1002.47;A;8;A;1;A;11;A;247;A;0;A;290;A
31.03.2025 09:30;94.31;A;4212.87;A;4214;A;64.58;A;44.55;A;39.24;A;19.88;A;59.97;A;23;A;12.64;A;85.42;A;1002.62;A;13;A;1;A;10;A;183;A;0;A;160;A
31.03.2025 09:45;94.31;A;4212.93;A;4214;A;76.16;A;52.5;A;46.23;A;19.98;A;60.06;A;24;A;12.76;A;86.01;A;1002.67;A;15;A;1;A;9;A;183;A;0;A;183.33;A
31.03.2025 10:00;94.31;A;4212.93;A;4214.73;A;81.57;A;56.21;A;49.5;A;20.05;A;59.99;A;24;A;12.82;A;85.41;A;1002.79;A;17;A;1;A;8;A;197;A;0;A;260;A
31.03.2025 10:15;94.31;A;4212.8;A;4213.87;A;83.97;A;57.85;A;50.95;A;20.22;A;60.05;A;24;A;12.85;A;86.27;A;1002.8;A;15;A;1;A;8;A;201;A;0;A;246.67;A
31.03.2025 10:30;94.31;A;4212.8;A;4214.27;A;78.46;A;54.07;A;47.62;A;20.2;A;60.04;A;23;A;12.91;A;85.55;A;1002.83;A;15;A;1;A;8;A;194;A;0;A;136.67;A
31.03.2025 10:45;94.31;A;4212.73;A;4214.2;A;75.87;A;52.29;A;46.05;A;20.61;A;59.91;A;20;A;13.25;A;86.07;A;1002.68;A;11;A;1;A;9;A;199;A;0;A;130;A
31.03.2025 11:00;94.31;A;4212.8;A;4214.27;A;78.7;A;54.24;A;47.77;A;20.63;A;59.9;A;20;A;13.41;A;85.06;A;1002.51;A;11;A;1;A;8;A;199;A;1;A;133.33;A
31.03.2025 11:15;94.31;A;4212.87;A;4214.27;A;79.55;A;54.82;A;48.28;A;20.74;A;59.94;A;22;A;13.76;A;83.76;A;1002.47;A;12;A;1;A;11;A;204;A;0;A;196.67;A
31.03.2025 11:30;94.31;A;4212.8;A;4214.87;A;75.41;A;51.98;A;45.78;A;20.68;A;59.96;A;21;A;14.02;A;83.09;A;1002.68;A;14;A;1;A;8;A;192;A;0;A;136.67;A
31.03.2025 11:45;94.31;A;4212.8;A;4214.2;A;71.78;A;49.49;A;43.58;A;20.84;A;60.08;A;23;A;14.18;A;82.75;A;1002.61;A;14;A;1;A;9;A;266;A;0;A;76.67;A
31.03.2025 12:00;94.31;A;4213;A;4215.07;A;71.9;A;50;A;42.36;A;20.92;A;60.01;A;22;A;14.36;A;81.98;A;1002.61;A;15;A;1;A;7;A;198;A;0;A;160;A
31.03.2025 12:15;94.31;A;4212.8;A;4214.67;A;84.64;A;58.31;A;51.36;A;21.19;A;59.91;A;21;A;14.47;A;82.45;A;1002.63;A;10;A;2;A;11;A;315;A;0;A;176.67;A
31.03.2025 12:30;94.3;A;4212.8;A;4214.4;A;73.94;A;50.97;A;44.89;A;21.26;A;59.91;A;21;A;14.63;A;82.3;A;1002.64;A;12;A;1;A;9;A;202;A;0;A;233.33;A
31.03.2025 12:45;94.3;A;4212.87;A;4214.93;A;72.74;A;50.14;A;44.16;A;21.33;A;60.09;A;21;A;14.97;A;81.19;A;1002.8;A;14;A;1;A;8;A;226;A;0;A;260;A
31.03.2025 13:00;94.3;A;4212.8;A;4214.8;A;77.09;A;53.9;A;43.39;A;21.42;A;59.83;A;22;A;15.18;A;80.34;A;1002.95;A;13;A;1;A;9;A;229;A;0;A;243.33;A
31.03.2025 13:15;94.3;A;4212.8;A;4214.4;A;83.58;A;58.84;A;48.03;A;21.46;A;59.83;A;23;A;15.25;A;79.85;A;1003.11;A;12;A;1;A;11;A;337;A;0.33;A;256.67;A
31.03.2025 13:30;94.3;A;4212.87;A;4214.33;A;68.43;A;47.96;A;40.12;A;21.57;A;60;A;23;A;15.45;A;79.67;A;1003.04;A;15;A;1;A;8;A;196;A;0.33;A;260;A
31.03.2025 13:45;94.3;A;4212.87;A;4214.73;A;76.15;A;53.81;A;39.78;A;21.73;A;59.7;A;22;A;15.73;A;78.6;A;1003.11;A;14;A;1;A;7;A;231;A;0;A;340;A
31.03.2025 14:00;94.3;A;4212.93;A;4215.07;A;75.34;A;56.42;A;38.22;A;21.81;A;59.29;A;23;A;16.06;A;77.12;A;1003.17;A;14;A;0;A;10;A;219;A;0;A;150;A
31.03.2025 14:15;94.3;A;4212.87;A;4214.73;A;69.87;A;53.05;A;35.42;A;22.18;A;58.43;A;24;A;16.55;A;75.37;A;1003.19;A;15;A;1;A;9;A;205;A;0;A;226.67;A
31.03.2025 14:30;94.28;A;4211.07;A;4212.6;A;67.57;A;50.66;A;34.75;A;22.66;A;56.91;A;25;A;16.69;A;74.04;A;1002.97;A;16;A;0;A;8;A;220;A;0.33;A;343.33;A
31.03.2025 14:45;94.28;A;4212.67;A;4214.33;A;63.51;A;47.63;A;31.82;A;22.89;A;55.97;A;26;A;16.66;A;73.59;A;1002.95;A;17;A;1;A;9;A;161;A;0.33;A;230;A
31.03.2025 15:00;94.29;A;4212.6;A;4214.8;A;60.98;A;47.61;A;31.77;A;22.88;A;55.12;A;27;A;16.32;A;74;A;1003.03;A;19;A;0;A;8;A;167;A;0.33;A;343.33;A
31.03.2025 15:15;94.29;A;4212.8;A;4214.93;A;57.31;A;45.34;A;30.5;A;22.72;A;55.28;A;27;A;16.25;A;73.89;A;1003.09;A;20;A;0;A;8;A;180;A;0.67;A;336.67;A
31.03.2025 15:30;94.29;A;4212.8;A;4214.47;A;61.77;A;46.88;A;31.72;A;22.55;A;55.81;A;27;A;16.19;A;74.39;A;1003.08;A;19;A;1;A;8;A;174;A;0.67;A;336.67;A
31.03.2025 15:45;94.29;A;4212.93;A;4215.13;A;64.84;A;49.13;A;33.22;A;22.39;A;55.93;A;28;A;16.13;A;74.58;A;1003.1;A;20;A;0;A;8;A;187;A;1;A;346.67;A
31.03.2025 16:00;94.23;A;4196.33;A;4196.13;A;69.94;A;51.36;A;34.43;A;22.26;A;56.39;A;27;A;16.14;A;74.55;A;1003.19;A;20;A;0;A;6;A;155;A;0;A;340;A
31.03.2025 16:15;94.07;A;4204.2;A;4205.2;A;70.4;A;53.26;A;34.6;A;22.16;A;56.02;A;28;A;16.05;A;73.67;A;1003.12;A;20;A;0;A;8;A;190;A;0;A;170;A
31.03.2025 16:30;94.15;A;4211;A;4213.73;A;73.15;A;53.95;A;36.4;A;22.06;A;56.1;A;28;A;15.98;A;73.77;A;1003.16;A;20;A;0;A;8;A;207;A;0;A;270;A
31.03.2025 16:45;94.2;A;4211.87;A;4213.67;A;70.65;A;51.04;A;34.34;A;22;A;56.43;A;27;A;15.95;A;74.08;A;1003.22;A;20;A;1;A;7;A;454;A;0;A;106.67;A
31.03.2025 17:00;94.24;A;4212;A;4214.07;A;64.97;A;49.63;A;33.5;A;21.93;A;56.55;A;27;A;15.88;A;74;A;1003.21;A;20;A;1;A;7;A;176;A;0;A;310;A
31.03.2025 17:15;94.26;A;4212.73;A;4214.33;A;58.48;A;43.85;A;29.65;A;21.83;A;56.26;A;28;A;15.75;A;74.71;A;1003.31;A;21;A;0;A;8;A;175;A;0;A;136.67;A
31.03.2025 17:30;94.27;A;4212.6;A;4214.27;A;37.22;A;28.31;A;19.53;A;21.7;A;58.41;A;23;A;15.46;A;78.56;A;1003.57;A;16;A;2;A;7;A;230;A;0;A;130;A
31.03.2025 17:45;94.28;A;4213;A;4215.2;A;18.4;A;13.65;A;10.12;A;21.52;A;59.89;A;20;A;15.17;A;80.05;A;1003.65;A;11;A;2;A;9;A;173;A;0;A;160;A
31.03.2025 18:00;94.29;A;4212.87;A;4214.53;A;11.7;A;8.27;A;7.28;A;21.46;A;60.07;A;20;A;15.04;A;80.45;A;1003.78;A;10;A;2;A;9;A;181;A;0;A;210;A
31.03.2025 18:15;94.29;A;4212.8;A;4214.4;A;11.75;A;8.31;A;7.32;A;21.48;A;60.05;A;18;A;14.95;A;81.04;A;1003.67;A;11;A;2;A;7;A;161;A;0;A;146.67;A
31.03.2025 18:30;94.29;A;4212.87;A;4214.8;A;11.77;A;8.32;A;7.33;A;21.55;A;60;A;19;A;14.83;A;81.91;A;1003.77;A;10;A;2;A;9;A;181;A;0;A;130;A
31.03.2025 18:45;94.29;A;4212.87;A;4214.67;A;13.53;A;9.52;A;8.39;A;21.66;A;59.95;A;18;A;14.82;A;82.16;A;1003.84;A;9;A;2;A;9;A;165;A;0;A;136.67;A
31.03.2025 19:00;94.29;A;4212.73;A;4214.13;A;10.97;A;7.77;A;6.85;A;21.59;A;59.99;A;17;A;14.69;A;82.48;A;1003.92;A;10;A;2;A;7;A;157;A;0.67;A;133.33;A
31.03.2025 19:15;94.29;A;4212.87;A;4214.53;A;10.58;A;7.5;A;6.61;A;21.54;A;60.06;A;17;A;14.61;A;82.89;A;1004.11;A;9;A;2;A;8;A;183;A;0.33;A;140;A
31.03.2025 19:30;94.29;A;4212.87;A;4214.33;A;9.2;A;6.56;A;5.78;A;21.56;A;59.94;A;17;A;14.45;A;83.1;A;1004.19;A;9;A;4;A;8;A;431;A;0;A;143.33;A
31.03.2025 19:45;94.29;A;4213;A;4214.93;A;6.72;A;4.85;A;4.28;A;21.36;A;60.07;A;16;A;14.3;A;83.37;A;1004.28;A;9;A;3;A;7;A;178;A;0;A;136.67;A
31.03.2025 20:00;94.29;A;4212.8;A;4214.33;A;8.22;A;5.88;A;5.18;A;21.4;A;60.05;A;16;A;14.22;A;84.24;A;1004.34;A;8;A;3;A;8;A;200;A;0.33;A;136.67;A
31.03.2025 20:15;94.29;A;4212.8;A;4214.67;A;9.07;A;6.47;A;5.7;A;21.4;A;60.01;A;15;A;14.09;A;84.64;A;1004.49;A;6;A;3;A;10;A;210;A;0;A;136.67;A
31.03.2025 20:30;94.29;A;4212.67;A;4214;A;11.59;A;8.2;A;7.22;A;21.33;A;60.01;A;15;A;13.99;A;84.89;A;1004.5;A;4;A;4;A;12;A;287;A;0;A;163.33;A
31.03.2025 20:45;94.29;A;4212.87;A;4214.53;A;17.17;A;12.02;A;10.59;A;21.27;A;60;A;16;A;13.87;A;85.15;A;1004.77;A;3;A;5;A;12;A;405;A;0;A;216.67;A
31.03.2025 21:00;94.29;A;4212.87;A;4214.33;A;17.97;A;12.57;A;11.08;A;21.28;A;59.99;A;14;A;13.72;A;85.89;A;1004.96;A;3;A;6;A;11;A;409;A;0;A;170;A
31.03.2025 21:15;94.29;A;4212.8;A;4213.93;A;18.69;A;13.07;A;11.51;A;21.27;A;60.06;A;14;A;13.65;A;86.43;A;1005.17;A;2;A;5;A;12;A;331;A;0;A;250;A
31.03.2025 21:30;94.29;A;4212.87;A;4214.2;A;20.19;A;14.1;A;12.42;A;21.33;A;60.01;A;14;A;13.68;A;86.47;A;1005.27;A;2;A;5;A;12;A;415;A;0;A;293.33;A
31.03.2025 21:45;94.29;A;4213;A;4214.87;A;24.14;A;16.81;A;14.8;A;21.31;A;59.97;A;15;A;13.66;A;86.37;A;1005.28;A;3;A;5;A;12;A;313;A;0;A;220;A
31.03.2025 22:00;94.29;A;4212.87;A;4214.53;A;18.46;A;12.91;A;11.37;A;21.23;A;59.96;A;15;A;13.69;A;85.94;A;1005.34;A;7;A;4;A;8;A;178;A;0;A;206.67;A
31.03.2025 22:15;94.29;A;4212.67;A;4213.87;A;18.77;A;13.12;A;11.56;A;21.24;A;59.99;A;14;A;13.68;A;86.07;A;1005.39;A;7;A;4;A;7;A;214;A;0;A;236.67;A
31.03.2025 22:30;94.29;A;4212.8;A;4214.2;A;22.75;A;15.85;A;13.96;A;21.24;A;60.01;A;14;A;13.66;A;86.11;A;1005.49;A;7;A;4;A;7;A;166;A;0;A;296.67;A
31.03.2025 22:45;94.29;A;4212.73;A;4214.07;A;24.94;A;17.35;A;15.28;A;21.23;A;60.02;A;13;A;13.62;A;86.53;A;1005.59;A;7;A;4;A;6;A;173;A;0;A;306.67;A
31.03.2025 23:00;94.29;A;4212.8;A;4214.13;A;22.14;A;15.43;A;13.59;A;21.24;A;60;A;13;A;13.49;A;86.84;A;1005.7;A;7;A;3;A;5;A;157;A;0;A;283.33;A
31.03.2025 23:15;94.29;A;4212.8;A;4214.27;A;19.92;A;13.91;A;12.25;A;21.23;A;60.01;A;12;A;13.44;A;87.14;A;1005.68;A;6;A;3;A;6;A;152;A;0;A;280;A
31.03.2025 23:30;94.28;A;4212.8;A;4214.53;A;25.36;A;17.64;A;15.54;A;21.24;A;60.02;A;12;A;13.41;A;87.42;A;1005.55;A;6;A;4;A;6;A;164;A;0;A;196.67;A
31.03.2025 23:45;94.28;A;4213;A;4214.47;A;25.51;A;17.75;A;15.63;A;21.27;A;59.99;A;11;A;13.36;A;87.69;A;1005.51;A;5;A;4;A;6;A;182;A;0;A;150;A
01.04.2025 00:00;94.28;A;4212.73;A;4213.8;A;23.07;A;16.07;A;14.16;A;21.21;A;59.98;A;12;A;13.37;A;87.57;A;1005.6;A;7;A;5;A;5;A;151;A;0;A;183.33;A
