timestamp;TC~T-QM[Cairnet CXM24280940];in °C;HR~T-QM[Cairnet CXM24280940];in %;PA~T-QM[Cairnet CXM24280940];in hPa;CO~4672-QM[Cairnet CXM24280940];in ppb;O3-NO2~4694-QM[Cairnet CXM24280940];in ppb;SO2~4715-QM[Cairnet CXM24280940];in ppb;NO2~4581-QM[Cairnet CXM24280940];in ppb;O3~0940-QM[Cairnet CXM24280940];in ppb;PM10~D641-QM[Cairnet CXM24280940];in µg/m3;PM2.5~D641-QM[Cairnet CXM24280940];in µg/m3;PM1~D641-QM[Cairnet CXM24280940];in µg/m3
(in display TZ);value;qc;value;qc;value;qc;value;qc;value;qc;value;qc;value;qc;value;qc;value;qc;value;qc;value;qc
01.08.2025 00:15;22.56;A;50.48;A;1000.22;A;114;A;34;A;0;A;7;A;27;A;10.37;A;7.44;A;5.38;A
01.08.2025 00:30;22.38;A;50.94;A;1000.3;A;110;A;34;A;0;A;8;A;26;A;10.87;A;8.02;A;5.61;A
01.08.2025 00:45;22.12;A;51.62;A;1000.4;A;111;A;34;A;0;A;8;A;26;A;11.69;A;8.14;A;5.71;A
01.08.2025 01:00;21.9;A;52.67;A;1000.35;A;116;A;32;A;0;A;8;A;24;A;13.46;A;8.48;A;5.98;A
01.08.2025 01:15;21.97;A;52.11;A;1000.46;A;112;A;33;A;0;A;7;A;26;A;12.27;A;8.33;A;6.16;A
01.08.2025 01:30;21.92;A;52.35;A;1000.46;A;110;A;34;A;0;A;7;A;27;A;11.75;A;8.62;A;6.28;A
01.08.2025 01:45;21.7;A;53.36;A;1000.37;A;127;A;33;A;0;A;8;A;26;A;12.55;A;8.58;A;6.13;A
01.08.2025 02:00;21.54;A;54.4;A;1000.43;A;138;A;33;A;0;A;7;A;25;A;11.94;A;8.69;A;6.05;A
01.08.2025 02:15;21.35;A;55.27;A;1000.52;A;140;A;32;A;0;A;8;A;25;A;12.73;A;9.43;A;6.87;A
01.08.2025 02:30;21.04;A;56.49;A;1000.53;A;123;A;31;A;0;A;7;A;24;A;12.74;A;9.57;A;6.9;A
01.08.2025 02:45;20.77;A;57.28;A;1000.53;A;106;A;32;A;0;A;7;A;25;A;12.62;A;9.63;A;6.7;A
01.08.2025 03:00;20.58;A;57.98;A;1000.55;A;99;A;30;A;0;A;7;A;23;A;13.15;A;9.04;A;6.31;A
01.08.2025 03:15;20.48;A;58.34;A;1000.71;A;96;A;30;A;0;A;6;A;24;A;12.03;A;8.61;A;6.14;A
01.08.2025 03:30;20.42;A;58.38;A;1000.68;A;86;A;31;A;0;A;7;A;24;A;11.68;A;8.5;A;5.95;A
01.08.2025 03:45;20.32;A;58.59;A;1000.68;A;83;A;31;A;0;A;7;A;24;A;12.11;A;8.72;A;6.16;A
01.08.2025 04:00;20.17;A;59.14;A;1000.82;A;82;A;31;A;0;A;6;A;24;A;14.92;A;8.82;A;6.37;A
01.08.2025 04:15;19.99;A;60.01;A;1000.66;A;80;A;30;A;0;A;6;A;24;A;12.77;A;9.26;A;6.18;A
01.08.2025 04:30;19.85;A;61.06;A;1000.7;A;83;A;31;A;0;A;7;A;24;A;11.98;A;8.8;A;6.23;A
01.08.2025 04:45;19.72;A;62.05;A;1000.8;A;84;A;30;A;0;A;6;A;24;A;12.37;A;8.66;A;6.34;A
01.08.2025 05:00;19.46;A;63.26;A;1000.74;A;84;A;29;A;0;A;6;A;23;A;11.49;A;8.52;A;6.31;A
01.08.2025 05:15;19.18;A;64.73;A;1000.76;A;89;A;29;A;0;A;7;A;22;A;12.96;A;9.23;A;6.56;A
01.08.2025 05:30;19.26;A;65.87;A;1000.92;A;104;A;29;A;0;A;8;A;21;A;15;A;11.28;A;8.04;A
01.08.2025 05:45;19.33;A;66.45;A;1000.96;A;100;A;28;A;0;A;7;A;21;A;13.79;A;10.01;A;7.05;A
01.08.2025 06:00;19.48;A;65.74;A;1001.05;A;94;A;30;A;0;A;8;A;23;A;13.17;A;9.57;A;6.85;A
01.08.2025 06:15;19.58;A;63.88;A;1001.23;A;91;A;30;A;0;A;7;A;23;A;13.4;A;9.4;A;6.87;A
01.08.2025 06:30;19.51;A;62.39;A;1001.2;A;85;A;32;A;0;A;8;A;24;A;13.03;A;9.05;A;6.39;A
01.08.2025 06:45;19.54;A;61.13;A;1001.21;A;95;A;32;A;0;A;8;A;24;A;12.14;A;8.24;A;6.07;A
01.08.2025 07:00;19.71;A;59.73;A;1001.25;A;89;A;34;A;0;A;8;A;25;A;11.32;A;8.27;A;5.8;A
01.08.2025 07:15;20.08;A;57.92;A;1001.34;A;85;A;34;A;0;A;8;A;26;A;11.18;A;7.92;A;5.53;A
01.08.2025 07:30;21.78;A;51.74;A;1001.38;A;81;A;35;A;0;A;7;A;28;A;10.07;A;7.45;A;5.01;A
01.08.2025 07:45;23.21;A;46.91;A;1001.4;A;93;A;37;A;0;A;7;A;30;A;9.66;A;6.58;A;4.57;A
01.08.2025 08:00;23.2;A;45.16;A;1001.33;A;95;A;44;A;0;A;10;A;34;A;14.86;A;6.44;A;4.47;A
01.08.2025 08:15;23.01;A;45.13;A;1001.49;A;109;A;45;A;0;A;11;A;34;A;12.78;A;7.66;A;5.38;A
01.08.2025 08:30;23.18;A;45.25;A;1001.54;A;161;A;46;A;0;A;15;A;31;A;14.69;A;9.44;A;6.79;A
01.08.2025 08:45;23.51;A;44.59;A;1001.66;A;104;A;45;A;0;A;9;A;35;A;8.86;A;6.01;A;4.29;A
01.08.2025 09:00;24.08;A;43.63;A;1001.75;A;95;A;45;A;0;A;9;A;36;A;10.97;A;6.43;A;4.52;A
01.08.2025 09:15;24.91;A;42.2;A;1001.78;A;87;A;45;A;0;A;9;A;37;A;11.45;A;6.65;A;4.47;A
01.08.2025 09:30;25.99;A;39.29;A;1001.82;A;91;A;47;A;0;A;9;A;38;A;10.24;A;6.18;A;4.27;A
01.08.2025 09:45;26.57;A;37.59;A;1001.87;A;106;A;48;A;0;A;9;A;39;A;9.97;A;5.63;A;3.83;A
01.08.2025 10:00;26.54;A;36.41;A;1001.95;A;111;A;51;A;0;A;9;A;41;A;12.25;A;5.84;A;4.1;A
01.08.2025 10:15;26.62;A;36.57;A;1001.89;A;120;A;51;A;0;A;10;A;41;A;9.59;A;5.74;A;3.77;A
01.08.2025 10:30;26.82;A;36.74;A;1001.72;A;117;A;50;A;0;A;10;A;41;A;9.58;A;5.77;A;3.9;A
01.08.2025 10:45;27.05;A;35.51;A;1001.73;A;104;A;50;A;0;A;8;A;42;A;10.96;A;6;A;4.12;A
01.08.2025 11:00;27.5;A;35.12;A;1001.56;A;112;A;51;A;0;A;10;A;41;A;8.77;A;5.71;A;3.81;A
01.08.2025 11:15;27.63;A;34.99;A;1001.51;A;111;A;52;A;0;A;10;A;42;A;10.66;A;5.53;A;3.74;A
01.08.2025 11:30;27.65;A;35.25;A;1001.53;A;118;A;52;A;0;A;9;A;42;A;13.13;A;6.43;A;4.26;A
01.08.2025 11:45;28.08;A;34.61;A;1001.65;A;110;A;50;A;0;A;7;A;43;A;11.12;A;6.21;A;4.32;A
01.08.2025 12:00;28.23;A;34.93;A;1001.61;A;113;A;52;A;0;A;9;A;43;A;9.1;A;6.09;A;4.16;A
01.08.2025 12:15;28.41;A;34.5;A;1001.65;A;122;A;53;A;0;A;9;A;43;A;10.8;A;6.51;A;4.49;A
01.08.2025 12:30;28.68;A;34.8;A;1001.63;A;118;A;52;A;0;A;8;A;43;A;10.95;A;6.63;A;4.64;A
01.08.2025 12:45;28.65;A;34.4;A;1001.46;A;122;A;52;A;0;A;9;A;43;A;9.47;A;6.22;A;4.35;A
01.08.2025 13:00;29.03;A;34.5;A;1001.37;A;130;A;50;A;0;A;7;A;43;A;8.87;A;6.19;A;4.3;A
01.08.2025 13:15;29.42;A;33.13;A;1001.33;A;105;A;52;A;0;A;7;A;45;A;10.03;A;5.85;A;3.96;A
01.08.2025 13:30;29.61;A;32.27;A;1001.34;A;108;A;53;A;0;A;8;A;45;A;8.54;A;5.13;A;3.53;A
01.08.2025 13:45;30.2;A;31.47;A;1001.25;A;112;A;51;A;0;A;8;A;43;A;8.65;A;5.22;A;3.53;A
01.08.2025 14:00;30.71;A;30.21;A;1001.21;A;109;A;52;A;0;A;8;A;44;A;9.71;A;5.55;A;3.63;A
01.08.2025 14:15;31.15;A;30.2;A;1001.29;A;116;A;53;A;0;A;7;A;46;A;9.45;A;5.28;A;3.5;A
01.08.2025 14:30;31.46;A;29.29;A;1001.29;A;122;A;53;A;0;A;7;A;46;A;10.98;A;5.43;A;3.5;A
01.08.2025 14:45;32.04;A;28.73;A;1001.38;A;131;A;54;A;0;A;8;A;46;A;7.18;A;4.64;A;3.2;A
01.08.2025 15:00;32.43;A;28.38;A;1001.28;A;123;A;54;A;0;A;8;A;46;A;13.48;A;6.71;A;4.44;A
01.08.2025 15:15;32.59;A;27.97;A;1001.4;A;125;A;54;A;0;A;6;A;48;A;11.11;A;5.28;A;3.54;A
01.08.2025 15:30;32.74;A;27.79;A;1001.23;A;130;A;55;A;0;A;8;A;47;A;7.57;A;4.74;A;3.29;A
01.08.2025 15:45;33.16;A;27.28;A;1001.38;A;125;A;54;A;0;A;6;A;48;A;6.61;A;4.63;A;3.02;A
01.08.2025 16:00;33.28;A;26.6;A;1001.4;A;120;A;56;A;0;A;7;A;49;A;6.88;A;4.32;A;3.08;A
01.08.2025 16:15;33.35;A;25.96;A;1001.43;A;129;A;57;A;0;A;8;A;49;A;9.21;A;4.64;A;3.14;A
01.08.2025 16:30;33.6;A;25.96;A;1001.48;A;133;A;56;A;0;A;7;A;49;A;6.84;A;4.48;A;3.07;A
01.08.2025 16:45;33.66;A;25.83;A;1001.45;A;139;A;55;A;0;A;7;A;49;A;7.29;A;4.16;A;3.05;A
01.08.2025 17:00;33.8;A;25.77;A;1001.41;A;127;A;55;A;0;A;6;A;49;A;6;A;3.98;A;2.91;A
01.08.2025 17:15;33.58;A;26;A;1001.4;A;140;A;55;A;0;A;6;A;49;A;6.58;A;4.62;A;3.26;A
01.08.2025 17:30;33.11;A;26.79;A;1001.48;A;151;A;57;A;0;A;8;A;49;A;9;A;5.36;A;3.88;A
01.08.2025 17:45;32.43;A;27.98;A;1001.5;A;138;A;56;A;0;A;7;A;49;A;7.39;A;4.67;A;3.15;A
01.08.2025 18:00;32.09;A;28.7;A;1001.65;A;141;A;56;A;0;A;8;A;47;A;7.92;A;5.04;A;3.39;A
01.08.2025 18:15;31.32;A;29.71;A;1001.62;A;138;A;56;A;0;A;7;A;48;A;10.3;A;5.35;A;3.64;A
01.08.2025 18:30;30.8;A;30.35;A;1001.59;A;134;A;55;A;0;A;9;A;46;A;7.53;A;4.82;A;3.4;A
01.08.2025 18:45;30.45;A;31.28;A;1001.61;A;132;A;54;A;0;A;8;A;46;A;7.48;A;5.15;A;3.43;A
01.08.2025 19:00;30.15;A;31.9;A;1001.66;A;128;A;53;A;0;A;7;A;45;A;7.24;A;4.97;A;3.58;A
01.08.2025 19:15;29.9;A;32.38;A;1001.75;A;122;A;53;A;0;A;7;A;46;A;7.42;A;4.92;A;3.42;A
01.08.2025 19:30;29.62;A;33.13;A;1001.9;A;116;A;54;A;0;A;7;A;47;A;7.63;A;4.81;A;3.36;A
01.08.2025 19:45;29.27;A;33.99;A;1001.93;A;127;A;55;A;0;A;9;A;46;A;7.86;A;4.84;A;3.49;A
01.08.2025 20:00;28.97;A;34.94;A;1002.11;A;143;A;54;A;0;A;10;A;44;A;8.65;A;5.36;A;3.6;A
01.08.2025 20:15;28.63;A;35.99;A;1002.17;A;143;A;53;A;0;A;10;A;44;A;9.64;A;5.43;A;3.98;A
01.08.2025 20:30;28.25;A;36.77;A;1002.25;A;156;A;53;A;0;A;10;A;43;A;8.22;A;5.59;A;4.05;A
01.08.2025 20:45;27.83;A;37.71;A;1002.35;A;177;A;52;A;0;A;11;A;41;A;9.7;A;6;A;4.21;A
01.08.2025 21:00;27.34;A;39.01;A;1002.62;A;186;A;51;A;0;A;14;A;37;A;11.14;A;6.35;A;4.44;A
01.08.2025 21:15;26.65;A;41;A;1002.79;A;265;A;49;A;0;A;22;A;27;A;11.77;A;7.28;A;5.16;A
01.08.2025 21:30;26.07;A;42.29;A;1002.72;A;273;A;45;A;0;A;19;A;26;A;11.62;A;7.45;A;5.18;A
01.08.2025 21:45;25.69;A;43.09;A;1002.8;A;232;A;44;A;0;A;15;A;29;A;12.55;A;8.46;A;5.87;A
01.08.2025 22:00;25.53;A;43.18;A;1002.96;A;190;A;44;A;0;A;13;A;32;A;13.06;A;9.34;A;6.49;A
01.08.2025 22:15;25.36;A;43.65;A;1002.98;A;172;A;45;A;0;A;12;A;33;A;11.78;A;8.14;A;6.43;A
01.08.2025 22:30;25.03;A;44.46;A;1002.92;A;181;A;45;A;0;A;12;A;32;A;13.22;A;9.16;A;6.9;A
01.08.2025 22:45;24.62;A;45.87;A;1002.91;A;202;A;43;A;0;A;14;A;29;A;14.56;A;10.31;A;7.93;A
01.08.2025 23:00;24.16;A;47.33;A;1002.88;A;210;A;42;A;0;A;14;A;29;A;15.32;A;10.8;A;8.2;A
01.08.2025 23:15;23.71;A;48.76;A;1002.86;A;203;A;42;A;0;A;15;A;26;A;15.54;A;10.92;A;7.98;A
01.08.2025 23:30;23.33;A;49.97;A;1002.9;A;213;A;39;A;0;A;14;A;25;A;13.75;A;10.73;A;8.32;A
01.08.2025 23:45;23.13;A;50.76;A;1002.94;A;213;A;40;A;0;A;15;A;25;A;15.13;A;10.28;A;7.72;A
02.08.2025 00:00;22.91;A;51.57;A;1002.87;A;209;A;38;A;0;A;14;A;24;A;14.84;A;10.29;A;7.62;A
02.08.2025 00:15;22.78;A;52.1;A;1002.91;A;209;A;38;A;0;A;14;A;24;A;13.54;A;9.8;A;7.38;A
02.08.2025 00:30;22.45;A;53.56;A;1002.95;A;228;A;34;A;0;A;14;A;20;A;15.22;A;10.63;A;7.83;A
02.08.2025 00:45;22.17;A;54.4;A;1003.16;A;235;A;34;A;0;A;14;A;20;A;14.58;A;10.51;A;7.96;A
02.08.2025 01:00;21.97;A;55.05;A;1003.21;A;228;A;33;A;0;A;14;A;19;A;15.36;A;10.44;A;7.71;A
02.08.2025 01:15;21.8;A;55.7;A;1003.45;A;224;A;32;A;0;A;13;A;19;A;15.1;A;11.37;A;7.77;A
02.08.2025 01:30;21.64;A;55.79;A;1003.54;A;205;A;34;A;0;A;13;A;21;A;17.79;A;11.69;A;8.55;A
02.08.2025 01:45;21.56;A;56.45;A;1003.54;A;209;A;32;A;0;A;14;A;18;A;20.01;A;12.57;A;9.36;A
02.08.2025 02:00;21.43;A;56.92;A;1003.55;A;246;A;30;A;0;A;16;A;14;A;20.77;A;14.08;A;10.05;A
02.08.2025 02:15;21.24;A;57.33;A;1003.56;A;260;A;30;A;0;A;18;A;12;A;23.08;A;14.98;A;10.6;A
02.08.2025 02:30;21.03;A;58.07;A;1003.56;A;259;A;30;A;0;A;19;A;11;A;22.11;A;14.56;A;10.7;A
02.08.2025 02:45;20.82;A;59.15;A;1003.57;A;248;A;30;A;0;A;22;A;8;A;26.67;A;15.69;A;11.03;A
02.08.2025 03:00;20.63;A;59.54;A;1003.59;A;252;A;27;A;0;A;19;A;8;A;21.32;A;13.91;A;10.21;A
02.08.2025 03:15;20.42;A;60.53;A;1003.61;A;248;A;28;A;0;A;21;A;7;A;21.13;A;14.28;A;10.21;A
02.08.2025 03:30;20.25;A;60.96;A;1003.68;A;239;A;28;A;0;A;21;A;7;A;22.5;A;13.8;A;9.95;A
02.08.2025 03:45;20.11;A;61.19;A;1003.94;A;234;A;28;A;0;A;23;A;5;A;21.88;A;14.81;A;10.48;A
02.08.2025 04:00;19.98;A;61.87;A;1003.92;A;241;A;27;A;0;A;20;A;7;A;21.47;A;14.64;A;10.98;A
02.08.2025 04:15;19.81;A;62.29;A;1004.09;A;246;A;27;A;0;A;19;A;8;A;24.1;A;16.85;A;12.51;A
02.08.2025 04:30;19.65;A;62.76;A;1004.16;A;258;A;25;A;0;A;14;A;11;A;38.82;A;26.39;A;18.6;A
02.08.2025 04:45;19.47;A;63.62;A;1004.28;A;288;A;26;A;0;A;14;A;12;A;58.31;A;38.57;A;28.76;A
02.08.2025 05:00;19.28;A;64.59;A;1004.33;A;300;A;26;A;0;A;17;A;10;A;61.77;A;43.44;A;32.79;A
02.08.2025 05:15;19.14;A;65.18;A;1004.26;A;285;A;28;A;0;A;16;A;12;A;57.49;A;41.96;A;30.52;A
02.08.2025 05:30;19.04;A;65.65;A;1004.38;A;324;A;25;A;0;A;17;A;9;A;56.4;A;39.96;A;29.51;A
02.08.2025 05:45;18.98;A;65.88;A;1004.44;A;353;A;27;A;0;A;17;A;10;A;54.93;A;37.01;A;26.54;A
02.08.2025 06:00;18.99;A;66.18;A;1004.55;A;392;A;26;A;0;A;18;A;8;A;52.2;A;32.38;A;23.95;A
02.08.2025 06:15;19.13;A;66.33;A;1004.53;A;328;A;28;A;0;A;18;A;10;A;52.85;A;31.69;A;22.78;A
02.08.2025 06:30;19.37;A;65.97;A;1004.71;A;321;A;27;A;0;A;18;A;9;A;46.81;A;28.07;A;20.23;A
02.08.2025 06:45;19.69;A;65.33;A;1004.78;A;283;A;30;A;0;A;20;A;10;A;38.45;A;24.31;A;16.87;A
02.08.2025 07:00;20.07;A;64.45;A;1004.95;A;267;A;32;A;0;A;22;A;9;A;35.9;A;20.99;A;14.64;A
02.08.2025 07:15;20.8;A;61.27;A;1004.9;A;239;A;36;A;0;A;27;A;9;A;26.86;A;16.78;A;12.1;A
02.08.2025 07:30;22.8;A;54.23;A;1005.12;A;189;A;38;A;0;A;23;A;15;A;22.35;A;13.7;A;10.08;A
02.08.2025 07:45;24.26;A;50.13;A;1004.99;A;217;A;41;A;0;A;18;A;24;A;18.31;A;11.29;A;8.17;A
02.08.2025 08:00;24.45;A;49.57;A;1005.11;A;228;A;44;A;0;A;19;A;25;A;16.58;A;10.99;A;7.73;A
02.08.2025 08:15;24.31;A;50.14;A;1005.02;A;230;A;45;A;0;A;17;A;28;A;16.28;A;10.88;A;7.42;A
02.08.2025 08:30;24.64;A;49.22;A;1004.95;A;217;A;44;A;0;A;15;A;29;A;13.46;A;10.01;A;7.15;A
02.08.2025 08:45;25.21;A;46.77;A;1005.08;A;182;A;46;A;0;A;14;A;32;A;13.74;A;9.94;A;7.03;A
02.08.2025 09:00;26.08;A;44.34;A;1005.09;A;184;A;47;A;0;A;13;A;34;A;16.08;A;9.33;A;6.7;A
02.08.2025 09:15;27.37;A;40.17;A;1005.2;A;140;A;52;A;0;A;11;A;42;A;10.77;A;7.19;A;5.16;A
02.08.2025 09:30;29.04;A;37.18;A;1005.12;A;147;A;54;A;0;A;10;A;44;A;10.93;A;7.03;A;5.16;A
02.08.2025 09:45;29.58;A;36.35;A;1005.07;A;177;A;56;A;0;A;9;A;47;A;9.65;A;6.38;A;4.62;A
02.08.2025 10:00;29.32;A;36.94;A;1005.03;A;167;A;59;A;0;A;10;A;49;A;7.71;A;5.61;A;4.08;A
02.08.2025 10:15;29.4;A;37.21;A;1005.05;A;168;A;58;A;0;A;9;A;49;A;7.9;A;5.59;A;3.97;A
02.08.2025 10:30;29.4;A;36.93;A;1005.04;A;158;A;58;A;0;A;8;A;50;A;7.98;A;5.68;A;4.14;A
02.08.2025 10:45;29.54;A;36.75;A;1005;A;154;A;60;A;0;A;9;A;52;A;8.91;A;6.56;A;4.71;A
02.08.2025 11:00;29.77;A;35.62;A;1004.95;A;143;A;60;A;0;A;8;A;53;A;7.51;A;5.4;A;4.02;A
02.08.2025 11:15;29.76;A;34.86;A;1004.86;A;147;A;62;A;0;A;8;A;54;A;8.16;A;5.61;A;4.08;A
02.08.2025 11:30;30.15;A;34.02;A;1004.83;A;155;A;63;A;0;A;8;A;54;A;10.05;A;7.18;A;5.31;A
02.08.2025 11:45;30.41;A;33.63;A;1004.74;A;151;A;62;A;0;A;8;A;54;A;9.12;A;5.58;A;4.11;A
02.08.2025 12:00;30.68;A;32.26;A;1004.63;A;136;A;61;A;0;A;8;A;53;A;7.31;A;5.32;A;3.82;A
02.08.2025 12:15;30.67;A;31.68;A;1004.51;A;133;A;62;A;0;A;8;A;54;A;7.58;A;4.97;A;3.6;A
02.08.2025 12:30;30.82;A;31.33;A;1004.44;A;138;A;62;A;0;A;9;A;53;A;7.18;A;5.06;A;3.52;A
02.08.2025 12:45;31.05;A;31.44;A;1004.37;A;141;A;61;A;0;A;8;A;53;A;8.07;A;5.23;A;3.78;A
02.08.2025 13:00;31.4;A;30.69;A;1004.55;A;141;A;60;A;0;A;8;A;53;A;6.85;A;5.24;A;3.96;A
02.08.2025 13:15;31.63;A;30.22;A;1004.53;A;193;A;61;A;0;A;8;A;53;A;17.05;A;20.83;A;10.49;A
02.08.2025 13:30;31.86;A;29.93;A;1004.54;A;148;A;60;A;0;A;8;A;53;A;7.67;A;4.85;A;3.77;A
02.08.2025 13:45;32.28;A;29.08;A;1004.57;A;144;A;58;A;0;A;7;A;51;A;9.91;A;7.73;A;5.64;A
02.08.2025 14:00;32.74;A;27.97;A;1004.64;A;132;A;59;A;0;A;7;A;52;A;7.64;A;4.93;A;3.65;A
02.08.2025 14:15;33.23;A;27.81;A;1004.59;A;136;A;59;A;0;A;7;A;52;A;7.52;A;5.11;A;3.77;A
02.08.2025 14:30;33.73;A;26.14;A;1004.51;A;136;A;58;A;0;A;5;A;53;A;7.08;A;5.25;A;3.85;A
02.08.2025 14:45;34.25;A;25.8;A;1004.35;A;142;A;60;A;0;A;7;A;52;A;7.24;A;4.7;A;3.31;A
02.08.2025 15:00;34.44;A;24.64;A;1004.34;A;137;A;60;A;0;A;6;A;54;A;7.38;A;4.15;A;3.14;A
02.08.2025 15:15;34.57;A;25.17;A;1004.34;A;146;A;58;A;0;A;6;A;52;A;7.06;A;4.36;A;3.23;A
02.08.2025 15:30;34.98;A;24.13;A;1004.32;A;140;A;59;A;0;A;6;A;53;A;5.61;A;4.05;A;3.04;A
02.08.2025 15:45;35.14;A;23.95;A;1004.22;A;143;A;59;A;0;A;5;A;53;A;8.75;A;4.65;A;3.41;A
02.08.2025 16:00;35.28;A;23.9;A;1004.16;A;144;A;60;A;0;A;6;A;53;A;5.81;A;4.32;A;3.03;A
02.08.2025 16:15;35.31;A;24.38;A;1004.2;A;174;A;58;A;0;A;7;A;51;A;8.31;A;6;A;4.42;A
02.08.2025 16:30;35.27;A;24.04;A;1004.12;A;151;A;58;A;0;A;5;A;52;A;7.6;A;4.86;A;3.65;A
02.08.2025 16:45;35.21;A;24.1;A;1004.09;A;149;A;57;A;0;A;5;A;52;A;7.8;A;5.01;A;3.69;A
02.08.2025 17:00;35.15;A;24.51;A;1004.07;A;149;A;57;A;0;A;7;A;50;A;8.13;A;4.76;A;3.33;A
02.08.2025 17:15;34.92;A;24.9;A;1004.01;A;138;A;58;A;0;A;5;A;52;A;6.93;A;4.22;A;3.18;A
02.08.2025 17:30;34.46;A;25.22;A;1004.07;A;145;A;56;A;0;A;5;A;51;A;7.66;A;4.62;A;3.35;A
02.08.2025 17:45;33.92;A;26.25;A;1004.12;A;143;A;56;A;0;A;6;A;51;A;6.59;A;4.39;A;2.99;A
02.08.2025 18:00;33.25;A;26.38;A;1004.23;A;146;A;56;A;0;A;5;A;51;A;6.59;A;4.06;A;3.03;A
02.08.2025 18:15;32.92;A;27.18;A;1004.26;A;137;A;54;A;0;A;6;A;48;A;5.64;A;4;A;2.96;A
02.08.2025 18:30;32.56;A;27.39;A;1004.33;A;125;A;54;A;0;A;5;A;49;A;6.9;A;4.41;A;3.16;A
02.08.2025 18:45;32.14;A;27.93;A;1004.27;A;128;A;54;A;0;A;6;A;48;A;6.28;A;4.43;A;2.89;A
02.08.2025 19:00;31.8;A;28.88;A;1004.24;A;132;A;52;A;0;A;6;A;46;A;6.18;A;4.38;A;3;A
02.08.2025 19:15;31.42;A;28.75;A;1004.37;A;130;A;53;A;0;A;6;A;46;A;6.24;A;4.01;A;2.82;A
02.08.2025 19:30;31.02;A;29.64;A;1004.46;A;137;A;52;A;0;A;7;A;45;A;6.69;A;4.3;A;3.11;A
02.08.2025 19:45;30.71;A;30.03;A;1004.59;A;140;A;51;A;0;A;6;A;45;A;7.61;A;5.17;A;3.53;A
02.08.2025 20:00;30.45;A;30.42;A;1004.57;A;133;A;52;A;0;A;7;A;45;A;7.19;A;5.1;A;3.6;A
02.08.2025 20:15;30.11;A;31.31;A;1004.66;A;152;A;51;A;0;A;8;A;43;A;7.77;A;5;A;3.76;A
02.08.2025 20:30;29.74;A;32.56;A;1004.65;A;166;A;49;A;0;A;8;A;41;A;8.41;A;5.29;A;4.02;A
02.08.2025 20:45;29.33;A;33.83;A;1004.73;A;186;A;47;A;0;A;10;A;37;A;9.08;A;5.87;A;4.36;A
02.08.2025 21:00;28.97;A;34.71;A;1004.72;A;207;A;46;A;0;A;10;A;37;A;10.79;A;6.89;A;4.8;A
02.08.2025 21:15;28.63;A;35.17;A;1004.96;A;180;A;46;A;0;A;9;A;37;A;9.8;A;6.25;A;4.62;A
02.08.2025 21:30;28.3;A;35.62;A;1004.99;A;166;A;46;A;0;A;9;A;38;A;11.33;A;6.93;A;4.88;A
02.08.2025 21:45;27.91;A;36.66;A;1005.11;A;179;A;45;A;0;A;;N;;N;10.3;A;6.38;A;4.81;A
02.08.2025 22:00;27.51;A;37.78;A;1005.21;A;168;A;42;A;0;A;10;A;33;A;9.85;A;6.66;A;4.73;A
02.08.2025 22:15;27.19;A;38.59;A;1005.21;A;163;A;42;A;0;A;9;A;33;A;9.64;A;6.78;A;4.63;A
02.08.2025 22:30;26.96;A;39.23;A;1005.12;A;147;A;42;A;0;A;11;A;31;A;10.77;A;7.28;A;5.19;A
02.08.2025 22:45;26.69;A;40.25;A;1005.1;A;142;A;43;A;0;A;11;A;32;A;10.37;A;6.87;A;5.04;A
02.08.2025 23:00;26.44;A;41.25;A;1004.97;A;139;A;42;A;0;A;9;A;33;A;10.75;A;6.64;A;4.53;A
02.08.2025 23:15;26.19;A;42.1;A;1005.1;A;123;A;42;A;0;A;7;A;35;A;8.93;A;6.1;A;4.3;A
02.08.2025 23:30;26.03;A;42.63;A;1005;A;109;A;43;A;0;A;7;A;36;A;10.53;A;6.22;A;4.43;A
02.08.2025 23:45;25.85;A;43.18;A;1004.9;A;104;A;42;A;0;A;8;A;34;A;10.05;A;6.31;A;4.23;A
03.08.2025 00:00;25.6;A;43.93;A;1004.99;A;104;A;42;A;0;A;9;A;33;A;9.23;A;6.25;A;4.53;A
03.08.2025 00:15;25.34;A;44.78;A;1005.02;A;106;A;41;A;0;A;9;A;32;A;11.07;A;6.59;A;4.69;A
03.08.2025 00:30;25.03;A;45.68;A;1004.93;A;106;A;40;A;0;A;9;A;31;A;10.61;A;6.58;A;4.63;A
03.08.2025 00:45;24.79;A;46.23;A;1004.7;A;108;A;39;A;0;A;9;A;30;A;11.03;A;7.07;A;4.83;A
03.08.2025 01:00;24.64;A;46.42;A;1004.58;A;105;A;39;A;0;A;8;A;31;A;11.48;A;7.15;A;5.07;A
03.08.2025 01:15;24.4;A;46.71;A;1004.57;A;107;A;39;A;0;A;9;A;30;A;11.56;A;7.27;A;5.25;A
03.08.2025 01:30;24.19;A;46.84;A;1004.56;A;105;A;39;A;0;A;9;A;30;A;12.05;A;7.75;A;5.45;A
03.08.2025 01:45;24;A;47.44;A;1004.54;A;108;A;38;A;0;A;9;A;29;A;12.75;A;7.89;A;5.55;A
03.08.2025 02:00;23.71;A;48.38;A;1004.44;A;114;A;38;A;0;A;9;A;29;A;12.66;A;7.94;A;5.6;A
03.08.2025 02:15;23.52;A;49.09;A;1004.41;A;118;A;37;A;0;A;9;A;28;A;12.86;A;7.87;A;5.53;A
03.08.2025 02:30;23.48;A;49.13;A;1004.42;A;117;A;38;A;0;A;10;A;29;A;13.19;A;7.89;A;5.62;A
03.08.2025 02:45;23.42;A;49.37;A;1004.36;A;113;A;39;A;0;A;9;A;30;A;11.45;A;8.2;A;5.8;A
03.08.2025 03:00;23.24;A;50.07;A;1004.36;A;115;A;39;A;0;A;8;A;31;A;11.33;A;7.26;A;5.32;A
03.08.2025 03:15;23;A;51;A;1004.43;A;115;A;38;A;0;A;9;A;30;A;10.98;A;7.56;A;5.27;A
03.08.2025 03:30;22.89;A;51.28;A;1004.45;A;111;A;38;A;0;A;8;A;30;A;9.91;A;7.04;A;5.11;A
03.08.2025 03:45;22.96;A;50.76;A;1004.35;A;101;A;40;A;0;A;8;A;32;A;9.28;A;6.38;A;4.86;A
03.08.2025 04:00;23.01;A;50.72;A;1004.42;A;99;A;40;A;0;A;8;A;32;A;9.74;A;6.9;A;4.81;A
03.08.2025 04:15;23.05;A;50.57;A;1004.3;A;95;A;42;A;0;A;8;A;33;A;9.3;A;6.56;A;4.74;A
03.08.2025 04:30;23.01;A;50.75;A;1004.19;A;94;A;41;A;0;A;8;A;34;A;9.11;A;6.29;A;4.65;A
03.08.2025 04:45;22.88;A;51.22;A;1004.23;A;95;A;41;A;0;A;9;A;32;A;9.71;A;6.27;A;4.82;A
03.08.2025 05:00;22.68;A;51.73;A;1004.17;A;98;A;39;A;0;A;9;A;30;A;10.22;A;6.86;A;4.86;A
03.08.2025 05:15;22.56;A;51.67;A;1004.27;A;95;A;40;A;0;A;9;A;31;A;9.67;A;6.52;A;4.73;A
03.08.2025 05:30;22.56;A;51.7;A;1004.18;A;98;A;40;A;0;A;9;A;30;A;9.72;A;6.62;A;4.82;A
03.08.2025 05:45;22.55;A;51.72;A;1004.09;A;103;A;40;A;0;A;9;A;30;A;11.22;A;6.78;A;4.98;A
03.08.2025 06:00;22.68;A;51.65;A;1004.15;A;109;A;41;A;0;A;10;A;30;A;10.52;A;6.6;A;4.75;A
03.08.2025 06:15;22.82;A;51.47;A;1004.15;A;117;A;41;A;0;A;10;A;31;A;11.98;A;7.41;A;5.08;A
03.08.2025 06:30;22.99;A;50.96;A;1004.1;A;122;A;42;A;0;A;9;A;32;A;12.4;A;7.69;A;5.25;A
03.08.2025 06:45;23.15;A;50.77;A;1004.06;A;120;A;43;A;0;A;10;A;33;A;12.09;A;7.25;A;5.33;A
03.08.2025 07:00;23.31;A;50.33;A;1004.06;A;121;A;42;A;0;A;10;A;32;A;11.24;A;7.22;A;4.95;A
03.08.2025 07:15;23.5;A;50.15;A;1004.14;A;117;A;41;A;0;A;11;A;31;A;11.49;A;7.13;A;5.05;A
03.08.2025 07:30;23.56;A;50.58;A;1004.08;A;123;A;41;A;0;A;11;A;30;A;17.8;A;8.61;A;5.71;A
03.08.2025 07:45;23.65;A;50.8;A;1004.14;A;126;A;41;A;0;A;11;A;30;A;11.96;A;7.14;A;5.01;A
03.08.2025 08:00;23.79;A;50.89;A;1004.04;A;125;A;41;A;0;A;11;A;30;A;11.27;A;6.77;A;5.18;A
03.08.2025 08:15;24.14;A;50.22;A;1004;A;127;A;42;A;0;A;10;A;32;A;10.85;A;7.06;A;5.05;A
03.08.2025 08:30;24.47;A;49.62;A;1003.97;A;154;A;42;A;0;A;10;A;32;A;12.08;A;7.55;A;5.21;A
03.08.2025 08:45;25.02;A;49;A;1003.91;A;138;A;44;A;0;A;10;A;34;A;11.5;A;7.54;A;5.25;A
03.08.2025 09:00;25.59;A;48.34;A;1003.75;A;138;A;45;A;0;A;12;A;33;A;13.13;A;7.95;A;5.6;A
03.08.2025 09:15;26.37;A;47.63;A;1003.71;A;128;A;47;A;0;A;10;A;38;A;13.61;A;8.44;A;5.85;A
03.08.2025 09:30;27.22;A;46.11;A;1003.86;A;141;A;49;A;0;A;9;A;40;A;13.53;A;9.18;A;6.63;A
03.08.2025 09:45;27.36;A;45.91;A;1003.88;A;137;A;51;A;0;A;9;A;43;A;11.91;A;8.3;A;6.06;A
03.08.2025 10:00;27.58;A;45.44;A;1003.77;A;139;A;51;A;0;A;8;A;42;A;11.47;A;8.15;A;5.78;A
03.08.2025 10:15;27.81;A;44.67;A;1003.7;A;137;A;51;A;0;A;8;A;43;A;12.45;A;7.81;A;5.68;A
03.08.2025 10:30;28.85;A;42.96;A;1003.52;A;140;A;52;A;0;A;8;A;44;A;10.94;A;7.8;A;5.64;A
03.08.2025 10:45;29.61;A;41.07;A;1003.56;A;132;A;55;A;0;A;7;A;48;A;10.66;A;7.26;A;5.29;A
03.08.2025 11:00;29.66;A;40.18;A;1003.61;A;135;A;58;A;0;A;8;A;50;A;9.96;A;6.88;A;4.65;A
03.08.2025 11:15;29.68;A;39.03;A;1003.59;A;123;A;59;A;0;A;8;A;51;A;7.24;A;4.95;A;3.74;A
03.08.2025 11:30;29.84;A;38.95;A;1003.35;A;129;A;58;A;0;A;8;A;51;A;9.04;A;5.8;A;4.3;A
03.08.2025 11:45;30.5;A;37.83;A;1003.25;A;132;A;59;A;0;A;7;A;52;A;11.43;A;6.71;A;4.72;A
03.08.2025 12:00;30.64;A;36.64;A;1003.14;A;127;A;61;A;0;A;7;A;53;A;8.95;A;6.01;A;4.32;A
03.08.2025 12:15;30.95;A;35.63;A;1003.17;A;129;A;64;A;0;A;9;A;55;A;9.8;A;5.94;A;4.11;A
03.08.2025 12:30;31.38;A;35.2;A;1003.05;A;143;A;61;A;0;A;7;A;54;A;8.96;A;5.58;A;4.21;A
03.08.2025 12:45;31.51;A;34.64;A;1002.97;A;132;A;63;A;0;A;8;A;55;A;8;A;5.58;A;4.04;A
03.08.2025 13:00;31.75;A;33.93;A;1002.89;A;133;A;61;A;0;A;7;A;54;A;6.75;A;5.07;A;3.95;A
03.08.2025 13:15;31.69;A;34.14;A;1002.76;A;139;A;62;A;0;A;8;A;53;A;8.51;A;5.5;A;3.86;A
03.08.2025 13:30;32.05;A;34.69;A;1002.63;A;159;A;61;A;0;A;7;A;54;A;8.87;A;5.81;A;4.16;A
03.08.2025 13:45;32.55;A;34;A;1002.73;A;163;A;60;A;0;A;7;A;53;A;9.92;A;5.98;A;4.33;A
03.08.2025 14:00;32.92;A;33.19;A;1002.45;A;160;A;60;A;0;A;7;A;53;A;9.1;A;6.27;A;4.5;A
03.08.2025 14:15;33.13;A;33.14;A;1002.37;A;159;A;61;A;0;A;7;A;54;A;10.73;A;6.77;A;4.73;A
03.08.2025 14:30;32.92;A;34.36;A;1002.3;A;177;A;63;A;0;A;8;A;55;A;10.43;A;7.49;A;5.51;A
03.08.2025 14:45;33.57;A;33.54;A;1002.14;A;179;A;60;A;0;A;6;A;54;A;11.24;A;8.31;A;6.28;A
03.08.2025 15:00;34.3;A;32.3;A;1002.05;A;187;A;62;A;0;A;6;A;56;A;12.76;A;9.69;A;7.19;A
03.08.2025 15:15;34.19;A;32.75;A;1001.94;A;206;A;65;A;0;A;8;A;56;A;14.87;A;11.81;A;9.01;A
03.08.2025 15:30;33.24;A;36.61;A;1001.96;A;214;A;61;A;0;A;9;A;52;A;14.1;A;9.96;A;7.6;A
03.08.2025 15:45;32.33;A;38.26;A;1001.98;A;190;A;60;A;0;A;7;A;52;A;13.33;A;9.53;A;7.38;A
03.08.2025 16:00;31.78;A;40.03;A;1002.14;A;182;A;57;A;0;A;7;A;51;A;13.88;A;10.42;A;7.78;A
03.08.2025 16:15;31.49;A;40.27;A;1002.12;A;165;A;57;A;0;A;6;A;51;A;14.78;A;10.26;A;7.54;A
03.08.2025 16:30;31.46;A;40.9;A;1002.04;A;166;A;58;A;0;A;7;A;51;A;14.6;A;10.5;A;7.89;A
03.08.2025 16:45;31.64;A;41.73;A;1002.11;A;178;A;56;A;0;A;6;A;51;A;15.81;A;11.53;A;8.62;A
03.08.2025 17:00;31.52;A;41.69;A;1002.08;A;170;A;59;A;0;A;7;A;52;A;15.83;A;11.51;A;8.83;A
03.08.2025 17:15;31.61;A;42.17;A;1002.01;A;190;A;58;A;0;A;7;A;50;A;15.42;A;11.62;A;8.82;A
03.08.2025 17:30;31.84;A;40.9;A;1002.02;A;165;A;59;A;0;A;7;A;52;A;15.28;A;11.41;A;8.32;A
03.08.2025 17:45;31.69;A;41.76;A;1002.07;A;176;A;60;A;0;A;7;A;53;A;16.61;A;12.41;A;9.05;A
03.08.2025 18:00;31.31;A;42.69;A;1002.04;A;182;A;59;A;0;A;7;A;51;A;16.29;A;12.3;A;8.93;A
03.08.2025 18:15;31.05;A;43.35;A;1002.03;A;178;A;59;A;0;A;8;A;51;A;14.81;A;11.36;A;8.72;A
03.08.2025 18:30;30.79;A;44.06;A;1002;A;196;A;58;A;0;A;7;A;51;A;14.68;A;11.77;A;8.85;A
03.08.2025 18:45;30.48;A;44.44;A;1002.08;A;179;A;59;A;0;A;8;A;51;A;15.29;A;12.1;A;9.09;A
03.08.2025 19:00;30.16;A;45.95;A;1002.17;A;198;A;58;A;0;A;8;A;50;A;17.7;A;13.92;A;10.14;A
03.08.2025 19:15;29.75;A;47.1;A;1002.22;A;205;A;57;A;0;A;8;A;49;A;20.83;A;14.72;A;11.45;A
03.08.2025 19:30;29.4;A;48.46;A;1002.23;A;217;A;57;A;0;A;8;A;49;A;21.1;A;16.65;A;12.52;A
03.08.2025 19:45;29.02;A;51.2;A;1002.39;A;213;A;55;A;0;A;8;A;47;A;21.46;A;16.01;A;12.74;A
03.08.2025 20:00;28.49;A;53.33;A;1002.42;A;225;A;52;A;0;A;8;A;44;A;43.21;A;23.82;A;16.54;A
03.08.2025 20:15;28.05;A;54.37;A;1002.58;A;225;A;51;A;0;A;8;A;43;A;24.04;A;17.43;A;12.77;A
03.08.2025 20:30;27.67;A;55.21;A;1002.78;A;202;A;50;A;0;A;7;A;43;A;32.83;A;19.13;A;13.16;A
03.08.2025 20:45;27.37;A;55.79;A;1003.03;A;197;A;50;A;0;A;8;A;42;A;18.84;A;13.79;A;10.67;A
03.08.2025 21:00;27.08;A;56.43;A;1003.35;A;178;A;51;A;0;A;8;A;42;A;17.19;A;12.32;A;9.39;A
03.08.2025 21:15;26.73;A;58.37;A;1003.43;A;178;A;49;A;0;A;8;A;41;A;15.99;A;12.59;A;9.55;A
03.08.2025 21:30;26.33;A;60.33;A;1003.39;A;166;A;48;A;0;A;8;A;40;A;16.7;A;12.66;A;9.02;A
03.08.2025 21:45;26;A;61.81;A;1003.59;A;147;A;47;A;0;A;7;A;40;A;15.49;A;11.6;A;8.66;A
03.08.2025 22:00;25.4;A;64.14;A;1003.64;A;131;A;44;A;0;A;6;A;38;A;13.1;A;9.63;A;7.13;A
03.08.2025 22:15;24.89;A;64.47;A;1003.84;A;108;A;42;A;0;A;5;A;37;A;13.54;A;9.29;A;7.07;A
03.08.2025 22:30;24.6;A;63.45;A;1003.74;A;98;A;44;A;0;A;6;A;39;A;13.86;A;9.99;A;7.13;A
03.08.2025 22:45;24.38;A;63;A;1003.64;A;96;A;45;A;0;A;7;A;39;A;13.32;A;8.84;A;6.71;A
03.08.2025 23:00;24.2;A;63.11;A;1003.58;A;92;A;45;A;0;A;7;A;38;A;12.25;A;8.93;A;6.58;A
03.08.2025 23:15;24.03;A;63.37;A;1003.47;A;94;A;45;A;0;A;7;A;38;A;12.29;A;9.12;A;6.67;A
03.08.2025 23:30;23.83;A;63.71;A;1003.53;A;86;A;46;A;0;A;6;A;39;A;12.62;A;9.13;A;6.68;A
03.08.2025 23:45;23.67;A;64.11;A;1003.51;A;85;A;45;A;0;A;6;A;39;A;11.82;A;9.39;A;6.44;A
04.08.2025 00:00;23.59;A;64.39;A;1003.47;A;88;A;45;A;0;A;6;A;38;A;13.99;A;9.58;A;6.74;A
04.08.2025 00:15;23.48;A;64.81;A;1003.59;A;97;A;44;A;0;A;6;A;38;A;13.32;A;9.46;A;6.95;A
04.08.2025 00:30;23.27;A;65.72;A;1003.6;A;100;A;43;A;0;A;6;A;37;A;15.22;A;11.86;A;8.89;A
04.08.2025 00:45;23.01;A;66.9;A;1003.41;A;114;A;42;A;0;A;7;A;35;A;18.39;A;14.18;A;10.85;A
04.08.2025 01:00;22.81;A;67.81;A;1003.35;A;122;A;39;A;0;A;7;A;32;A;22.35;A;16.52;A;12.14;A
04.08.2025 01:15;22.66;A;68.9;A;1003.32;A;125;A;38;A;0;A;7;A;31;A;20.7;A;15.91;A;11.44;A
04.08.2025 01:30;22.55;A;69.78;A;1003.28;A;116;A;38;A;0;A;6;A;32;A;16.64;A;12.5;A;9.31;A
04.08.2025 01:45;22.48;A;70.48;A;1003.26;A;110;A;38;A;0;A;7;A;31;A;15.59;A;11.56;A;8.45;A
04.08.2025 02:00;22.4;A;71.31;A;1003.18;A;107;A;38;A;0;A;6;A;32;A;15.54;A;11.87;A;8.67;A
04.08.2025 02:15;22.31;A;71.75;A;1003.1;A;106;A;38;A;0;A;6;A;32;A;15.8;A;12.17;A;8.61;A
04.08.2025 02:30;22.18;A;72.19;A;1003;A;113;A;35;A;0;A;6;A;28;A;17.01;A;12;A;8.73;A
04.08.2025 02:45;22.13;A;71.97;A;1002.97;A;116;A;35;A;0;A;16;A;19;A;16.43;A;12.9;A;8.75;A
04.08.2025 03:00;22;A;73.02;A;1003;A;115;A;38;A;0;A;22;A;16;A;17.95;A;13.49;A;9.75;A
04.08.2025 03:15;21.9;A;74.26;A;1003.06;A;129;A;38;A;0;A;31;A;7;A;19.44;A;14.79;A;10.85;A
04.08.2025 03:30;21.87;A;75.05;A;1003.16;A;135;A;37;A;0;A;31;A;6;A;20.52;A;16.38;A;11.82;A
04.08.2025 03:45;21.86;A;75.75;A;1003.12;A;139;A;36;A;0;A;16;A;20;A;24.6;A;18.06;A;13.16;A
04.08.2025 04:00;21.83;A;76.48;A;1003.13;A;136;A;36;A;0;A;7;A;30;A;23.04;A;17.36;A;12.62;A
04.08.2025 04:15;21.72;A;76.88;A;1003.16;A;132;A;35;A;0;A;6;A;29;A;20.09;A;15.29;A;13.23;A
04.08.2025 04:30;21.52;A;77.37;A;1003.14;A;138;A;32;A;0;A;7;A;25;A;20.97;A;15.03;A;13.59;A
04.08.2025 04:45;21.33;A;78.02;A;1003.16;A;142;A;32;A;0;A;11;A;21;A;21.37;A;15.41;A;14.48;A
04.08.2025 05:00;21.18;A;78.32;A;1003.11;A;147;A;31;A;0;A;12;A;19;A;22.6;A;16.31;A;15.34;A
04.08.2025 05:15;20.96;A;77.92;A;1003.17;A;145;A;28;A;0;A;9;A;18;A;29.3;A;22.15;A;16.03;A
04.08.2025 05:30;20.74;A;78.79;A;1003.24;A;156;A;27;A;0;A;8;A;19;A;25.74;A;18.61;A;17.54;A
04.08.2025 05:45;20.68;A;79.08;A;1003.35;A;160;A;25;A;0;A;7;A;18;A;27.19;A;19.67;A;18.55;A
04.08.2025 06:00;20.69;A;79.67;A;1003.37;A;170;A;26;A;0;A;9;A;17;A;27.31;A;19.76;A;18.64;A
04.08.2025 06:15;20.79;A;79.87;A;1003.4;A;180;A;26;A;0;A;9;A;17;A;29.72;A;21.53;A;20.32;A
04.08.2025 06:30;20.94;A;79.76;A;1003.48;A;250;A;26;A;0;A;11;A;15;A;29.75;A;21.54;A;20.34;A
04.08.2025 06:45;21.14;A;80.02;A;1003.58;A;199;A;29;A;0;A;9;A;20;A;32.51;A;23.57;A;22.27;A
04.08.2025 07:00;21.37;A;79.67;A;1003.65;A;153;A;30;A;0;A;7;A;23;A;30.63;A;22.19;A;20.95;A
04.08.2025 07:15;21.74;A;78.46;A;1003.76;A;152;A;31;A;0;A;7;A;24;A;32.27;A;23.39;A;22.11;A
04.08.2025 07:30;22.91;A;74.27;A;1003.8;A;174;A;32;A;0;A;7;A;26;A;35.98;A;26.11;A;24.7;A
04.08.2025 07:45;23.71;A;71.07;A;1003.93;A;220;A;36;A;0;A;9;A;27;A;41.36;A;30.41;A;22.08;A
04.08.2025 08:00;23.7;A;70.93;A;1004.01;A;178;A;40;A;0;A;9;A;32;A;40.83;A;25.86;A;18.04;A
04.08.2025 08:15;23.82;A;70.59;A;1004.09;A;174;A;44;A;0;A;10;A;34;A;29.72;A;20.34;A;15.06;A
04.08.2025 08:30;24.24;A;69.58;A;1004.14;A;177;A;44;A;0;A;6;A;38;A;35.83;A;27.49;A;20.22;A
04.08.2025 08:45;24.93;A;67.37;A;1004.29;A;161;A;45;A;0;A;5;A;40;A;21.92;A;17.77;A;12.81;A
04.08.2025 09:00;25.38;A;65.97;A;1004.31;A;147;A;48;A;0;A;6;A;41;A;21.26;A;16.77;A;12.52;A
04.08.2025 09:15;26.26;A;63.28;A;1004.33;A;150;A;49;A;0;A;6;A;43;A;19.2;A;16.14;A;12.07;A
04.08.2025 09:30;27.84;A;58.06;A;1004.23;A;155;A;51;A;0;A;5;A;46;A;19.57;A;15.03;A;11.75;A
04.08.2025 09:45;28.14;A;55.81;A;1004.36;A;265;A;64;A;0;A;22;A;42;A;25.72;A;17.99;A;13.29;A
04.08.2025 10:00;28.38;A;55.42;A;1004.25;A;281;A;57;A;0;A;13;A;44;A;21.1;A;16.67;A;12.34;A
04.08.2025 10:15;28.42;A;55.07;A;1004.15;A;206;A;58;A;0;A;8;A;50;A;30.15;A;18.77;A;13.37;A
04.08.2025 10:30;28.42;A;53.75;A;1004.16;A;202;A;57;A;0;A;7;A;49;A;23.81;A;19.15;A;14.09;A
04.08.2025 10:45;29.03;A;51.67;A;1004.05;A;175;A;57;A;0;A;7;A;51;A;18.76;A;14.16;A;10.64;A
04.08.2025 11:00;29.05;A;50.56;A;1004.01;A;184;A;61;A;0;A;8;A;54;A;16.95;A;13.17;A;10.12;A
04.08.2025 11:15;29.67;A;47.13;A;1004.06;A;171;A;60;A;0;A;7;A;53;A;16.67;A;12.3;A;9.35;A
04.08.2025 11:30;29.77;A;46.18;A;1004.05;A;178;A;61;A;0;A;7;A;54;A;15.3;A;12.14;A;8.74;A
04.08.2025 11:45;29.73;A;45.41;A;1003.96;A;173;A;63;A;0;A;8;A;55;A;16.18;A;11.6;A;8.76;A
04.08.2025 12:00;29.95;A;43.42;A;1003.94;A;172;A;61;A;0;A;8;A;53;A;15.59;A;11.45;A;8.3;A
04.08.2025 12:15;29.95;A;43.42;A;1003.83;A;171;A;66;A;0;A;11;A;55;A;14.43;A;10.35;A;7.75;A
04.08.2025 12:30;30.11;A;43.08;A;1003.78;A;175;A;63;A;0;A;10;A;53;A;16.91;A;10.81;A;8.07;A
04.08.2025 12:45;30.42;A;41.06;A;1003.74;A;158;A;63;A;0;A;8;A;55;A;12.88;A;9.89;A;7.04;A
04.08.2025 13:00;30.49;A;41.14;A;1003.69;A;175;A;63;A;0;A;8;A;55;A;15.36;A;10.61;A;7.57;A
04.08.2025 13:15;30.68;A;40.2;A;1003.73;A;164;A;62;A;0;A;8;A;54;A;14.13;A;9.53;A;7.02;A
04.08.2025 13:30;31.39;A;37.99;A;1003.84;A;148;A;61;A;0;A;7;A;54;A;12.06;A;8.87;A;6.65;A
04.08.2025 13:45;32.05;A;37.11;A;1003.79;A;156;A;62;A;0;A;7;A;55;A;11.05;A;8.75;A;6.7;A
04.08.2025 14:00;32.21;A;36.86;A;1003.88;A;172;A;62;A;0;A;7;A;55;A;12.96;A;8.77;A;6.58;A
04.08.2025 14:15;32.58;A;36.02;A;1003.84;A;194;A;65;A;0;A;12;A;53;A;14.91;A;9.42;A;7.1;A
04.08.2025 14:30;33.08;A;35.77;A;1003.84;A;171;A;61;A;0;A;6;A;55;A;13.03;A;9.2;A;6.84;A
04.08.2025 14:45;33.39;A;34.65;A;1003.68;A;173;A;63;A;0;A;7;A;55;A;11.66;A;8.63;A;6.43;A
04.08.2025 15:00;33.83;A;33.34;A;1003.54;A;174;A;63;A;0;A;7;A;56;A;12.33;A;9.04;A;6.7;A
04.08.2025 15:15;34.4;A;32.96;A;1003.57;A;172;A;65;A;0;A;8;A;57;A;11.44;A;8.61;A;6.55;A
04.08.2025 15:30;34.78;A;32.59;A;1003.5;A;179;A;63;A;0;A;7;A;56;A;10.9;A;7.98;A;6.03;A
04.08.2025 15:45;34.49;A;33.09;A;1003.57;A;179;A;63;A;0;A;7;A;56;A;10.62;A;7.64;A;5.58;A
04.08.2025 16:00;34.5;A;33.05;A;1003.61;A;180;A;63;A;0;A;8;A;55;A;10.66;A;7.83;A;5.82;A
04.08.2025 16:15;34.63;A;32.56;A;1003.61;A;190;A;61;A;0;A;9;A;53;A;12.94;A;9.53;A;6.95;A
04.08.2025 16:30;34.53;A;32.62;A;1003.64;A;189;A;61;A;0;A;8;A;54;A;11.79;A;8.02;A;5.88;A
04.08.2025 16:45;34.6;A;32.51;A;1003.59;A;272;A;69;A;0;A;24;A;45;A;11.75;A;8.35;A;5.87;A
04.08.2025 17:00;33.97;A;33.19;A;1003.65;A;207;A;62;A;0;A;9;A;53;A;9.63;A;7.12;A;5.33;A
04.08.2025 17:15;33.45;A;33.87;A;1003.75;A;181;A;62;A;0;A;9;A;53;A;10.07;A;6.77;A;5.15;A
04.08.2025 17:30;33.07;A;34.16;A;1003.82;A;167;A;62;A;0;A;8;A;54;A;10.36;A;6.84;A;5.13;A
04.08.2025 17:45;32.74;A;34.81;A;1003.85;A;165;A;62;A;0;A;8;A;54;A;10.19;A;6.86;A;5.13;A
04.08.2025 18:00;32.51;A;35.19;A;1003.81;A;158;A;61;A;0;A;8;A;53;A;10.79;A;6.79;A;5.19;A
04.08.2025 18:15;32.19;A;35.4;A;1003.88;A;194;A;62;A;0;A;9;A;53;A;9.76;A;6.93;A;5.2;A
04.08.2025 18:30;32.05;A;35.99;A;1003.81;A;167;A;60;A;0;A;9;A;51;A;12.09;A;7.83;A;5.48;A
04.08.2025 18:45;31.9;A;35.98;A;1003.84;A;163;A;60;A;0;A;8;A;52;A;10.38;A;6.92;A;5.2;A
04.08.2025 19:00;31.6;A;36.32;A;1003.86;A;156;A;61;A;0;A;8;A;53;A;10.85;A;7.57;A;5.32;A
04.08.2025 19:15;31.38;A;36.51;A;1004.03;A;160;A;60;A;0;A;9;A;52;A;11.28;A;8;A;5.95;A
04.08.2025 19:30;31.13;A;36.94;A;1004.1;A;157;A;60;A;0;A;9;A;51;A;11.49;A;7.7;A;5.76;A
04.08.2025 19:45;30.92;A;37.51;A;1004.24;A;172;A;59;A;0;A;10;A;49;A;9.76;A;7.52;A;5.87;A
04.08.2025 20:00;30.64;A;37.71;A;1004.37;A;163;A;58;A;0;A;10;A;49;A;9.89;A;7.72;A;5.6;A
04.08.2025 20:15;30.28;A;38.15;A;1004.51;A;165;A;58;A;0;A;10;A;48;A;10.83;A;7.86;A;5.83;A
04.08.2025 20:30;29.79;A;39.41;A;1004.62;A;193;A;55;A;0;A;12;A;43;A;11.39;A;8.22;A;5.94;A
04.08.2025 20:45;29.34;A;40.36;A;1004.75;A;204;A;54;A;0;A;12;A;42;A;14.75;A;8.96;A;6.52;A
04.08.2025 21:00;28.89;A;41.47;A;1004.92;A;229;A;52;A;0;A;14;A;39;A;13.33;A;9.55;A;7.04;A
04.08.2025 21:15;28.44;A;42.44;A;1005.16;A;229;A;50;A;0;A;13;A;37;A;14.12;A;9.42;A;7.05;A
04.08.2025 21:30;27.92;A;43.41;A;1005.37;A;240;A;50;A;0;A;14;A;36;A;13.7;A;9.52;A;6.91;A
04.08.2025 21:45;27.33;A;45.24;A;1005.34;A;284;A;47;A;0;A;18;A;29;A;14.15;A;9.01;A;6.87;A
04.08.2025 22:00;26.74;A;46.89;A;1005.49;A;264;A;46;A;0;A;15;A;31;A;13.59;A;9.55;A;6.88;A
04.08.2025 22:15;26.27;A;48.41;A;1005.67;A;281;A;43;A;0;A;16;A;27;A;16.97;A;10.37;A;7.58;A
04.08.2025 22:30;25.88;A;49.38;A;1005.79;A;292;A;41;A;0;A;17;A;24;A;15.48;A;10.02;A;7.68;A
04.08.2025 22:45;25.52;A;50.27;A;1005.78;A;286;A;42;A;0;A;17;A;25;A;15.97;A;10.69;A;7.73;A
04.08.2025 23:00;25.19;A;51.42;A;1005.77;A;306;A;38;A;0;A;18;A;20;A;15.64;A;10.75;A;7.5;A
04.08.2025 23:15;24.92;A;52.13;A;1005.81;A;310;A;37;A;0;A;19;A;18;A;14.96;A;10.4;A;7.9;A
04.08.2025 23:30;24.69;A;52.64;A;1005.89;A;305;A;38;A;0;A;21;A;17;A;15.24;A;10.46;A;7.83;A
04.08.2025 23:45;24.48;A;53.12;A;1005.98;A;285;A;37;A;0;A;19;A;18;A;15.92;A;10.79;A;7.88;A
05.08.2025 00:00;24.26;A;53.55;A;1006.02;A;262;A;37;A;0;A;19;A;18;A;16.5;A;10.82;A;8.22;A
05.08.2025 00:15;24.09;A;54.2;A;1006.1;A;249;A;36;A;0;A;19;A;18;A;17.78;A;11.48;A;8.3;A
05.08.2025 00:30;23.9;A;54.66;A;1005.99;A;230;A;36;A;0;A;16;A;20;A;16.24;A;11.49;A;8.18;A
05.08.2025 00:45;23.69;A;55.23;A;1006.03;A;206;A;38;A;0;A;14;A;24;A;15.65;A;10.82;A;7.98;A
05.08.2025 01:00;23.5;A;55.85;A;1005.98;A;193;A;38;A;0;A;12;A;26;A;16.02;A;11.25;A;8.13;A
05.08.2025 01:15;23.3;A;56.55;A;1006.02;A;194;A;38;A;0;A;13;A;25;A;15.41;A;11.03;A;8.08;A
05.08.2025 01:30;23.25;A;57.42;A;1005.96;A;205;A;35;A;0;A;12;A;23;A;16.58;A;11.21;A;8.08;A
05.08.2025 01:45;23.1;A;58.21;A;1006.01;A;226;A;33;A;0;A;13;A;20;A;17.35;A;11.27;A;8.35;A
05.08.2025 02:00;22.92;A;58.52;A;1006.02;A;242;A;31;A;0;A;13;A;19;A;18.23;A;12.21;A;9;A
05.08.2025 02:15;22.76;A;59.16;A;1006;A;249;A;31;A;0;A;13;A;18;A;20.29;A;13.92;A;9.84;A
05.08.2025 02:30;22.58;A;59.73;A;1005.94;A;251;A;30;A;0;A;12;A;18;A;20.1;A;14.13;A;10.31;A
05.08.2025 02:45;22.41;A;60.26;A;1006.01;A;260;A;28;A;0;A;13;A;15;A;20.75;A;14.53;A;10.75;A
05.08.2025 03:00;22.19;A;61.3;A;1006.04;A;241;A;30;A;0;A;14;A;17;A;18.65;A;13.49;A;10.06;A
05.08.2025 03:15;21.94;A;62.03;A;1006.07;A;214;A;32;A;0;A;12;A;20;A;19.4;A;13.11;A;9.66;A
05.08.2025 03:30;21.84;A;62.28;A;1006.17;A;190;A;33;A;0;A;13;A;20;A;17.59;A;12.49;A;9.02;A
05.08.2025 03:45;21.82;A;62.45;A;1006.11;A;173;A;35;A;0;A;16;A;19;A;16.5;A;11.38;A;8.46;A
05.08.2025 04:00;21.76;A;62.74;A;1006.2;A;185;A;33;A;0;A;16;A;17;A;17.07;A;12.24;A;8.61;A
05.08.2025 04:15;21.64;A;63.34;A;1006.25;A;194;A;32;A;0;A;16;A;16;A;15.74;A;11.34;A;8.37;A
05.08.2025 04:30;21.48;A;63.78;A;1006.21;A;178;A;33;A;0;A;16;A;18;A;16.22;A;11.17;A;8.4;A
05.08.2025 04:45;21.39;A;63.87;A;1006.31;A;155;A;35;A;0;A;13;A;22;A;14.88;A;10.76;A;7.75;A
05.08.2025 05:00;21.3;A;64.12;A;1006.45;A;153;A;36;A;0;A;13;A;23;A;14.54;A;10.19;A;7.63;A
05.08.2025 05:15;21.18;A;64.67;A;1006.58;A;181;A;36;A;0;A;16;A;20;A;14.26;A;10.86;A;8;A
05.08.2025 05:30;21.09;A;65.1;A;1006.85;A;202;A;32;A;0;A;18;A;15;A;17.39;A;12.01;A;8.83;A
05.08.2025 05:45;21.01;A;65.41;A;1006.96;A;194;A;34;A;0;A;17;A;16;A;17.9;A;12.54;A;8.92;A
05.08.2025 06:00;20.97;A;65.6;A;1007.07;A;242;A;32;A;0;A;22;A;11;A;22.85;A;15.3;A;10.41;A
05.08.2025 06:15;21.03;A;65.57;A;1007.11;A;241;A;33;A;0;A;23;A;10;A;25.09;A;15.22;A;10.85;A
05.08.2025 06:30;21.11;A;65.63;A;1007.09;A;281;A;33;A;0;A;21;A;13;A;21.18;A;13.83;A;9.81;A
05.08.2025 06:45;21.43;A;64.46;A;1007.2;A;378;A;35;A;0;A;26;A;9;A;20.53;A;14.5;A;10.52;A
05.08.2025 07:00;21.76;A;64.21;A;1007.28;A;329;A;35;A;0;A;23;A;11;A;19.47;A;14.26;A;10.41;A
05.08.2025 07:15;22.43;A;62.72;A;1007.38;A;381;A;36;A;0;A;27;A;9;A;22.36;A;15.54;A;11.09;A
05.08.2025 07:30;24.11;A;58.4;A;1007.54;A;343;A;37;A;0;A;23;A;14;A;23.02;A;16.51;A;12.5;A
05.08.2025 07:45;25;A;55.79;A;1007.57;A;359;A;41;A;0;A;21;A;21;A;43.82;A;32.77;A;23.56;A
05.08.2025 08:00;25.09;A;55.91;A;1007.62;A;406;A;46;A;0;A;29;A;16;A;29.11;A;17.29;A;12.48;A
05.08.2025 08:15;25.39;A;54.76;A;1007.76;A;370;A;48;A;0;A;25;A;23;A;25.33;A;14.82;A;10.55;A
05.08.2025 08:30;25.97;A;52.32;A;1007.76;A;397;A;57;A;0;A;32;A;26;A;32.49;A;16.56;A;11.6;A
05.08.2025 08:45;26.89;A;49.54;A;1007.89;A;236;A;54;A;0;A;16;A;37;A;21.4;A;14.26;A;10.08;A
05.08.2025 09:00;27.87;A;46.08;A;1007.99;A;209;A;55;A;0;A;13;A;43;A;13.14;A;8.22;A;6.11;A
05.08.2025 09:15;29.38;A;41.98;A;1007.95;A;206;A;57;A;0;A;12;A;45;A;15.65;A;10.11;A;7.61;A
05.08.2025 09:30;31.16;A;37.97;A;1008.05;A;183;A;59;A;0;A;10;A;49;A;12.02;A;7.59;A;5.46;A
05.08.2025 09:45;31.66;A;37.27;A;1008.13;A;327;A;63;A;0;A;13;A;50;A;12.75;A;7.35;A;5.53;A
05.08.2025 10:00;31.34;A;37.74;A;1008;A;247;A;66;A;0;A;14;A;52;A;13.6;A;8.34;A;5.96;A
05.08.2025 10:15;30.97;A;37.37;A;1007.98;A;223;A;64;A;0;A;12;A;53;A;10.5;A;6.94;A;4.95;A
05.08.2025 10:30;30.79;A;36.55;A;1007.96;A;172;A;64;A;0;A;10;A;54;A;8.6;A;5.68;A;4.33;A
05.08.2025 10:45;31.35;A;35.44;A;1007.98;A;162;A;60;A;0;A;9;A;51;A;9.83;A;5.83;A;4.06;A
05.08.2025 11:00;31.77;A;33.39;A;1007.89;A;154;A;61;A;0;A;7;A;54;A;7.3;A;4.75;A;3.5;A
05.08.2025 11:15;32.02;A;33.01;A;1007.74;A;165;A;63;A;0;A;10;A;53;A;7.95;A;4.39;A;3.37;A
05.08.2025 11:30;32;A;33.12;A;1007.78;A;161;A;61;A;0;A;8;A;53;A;8.44;A;4.79;A;3.66;A
05.08.2025 11:45;32.18;A;32.4;A;1007.65;A;160;A;61;A;0;A;9;A;52;A;8.24;A;4.75;A;3.36;A
05.08.2025 12:00;32.49;A;31.21;A;1007.6;A;153;A;59;A;0;A;7;A;52;A;7.46;A;4.46;A;3.3;A
05.08.2025 12:15;33.07;A;29.73;A;1007.58;A;157;A;60;A;0;A;10;A;50;A;6.7;A;4.32;A;3.25;A
05.08.2025 12:30;33.25;A;29.08;A;1007.4;A;146;A;59;A;0;A;7;A;52;A;6.25;A;4.04;A;3.02;A
05.08.2025 12:45;33.44;A;28.91;A;1007.37;A;143;A;58;A;0;A;7;A;52;A;6.88;A;4.1;A;3.08;A
05.08.2025 13:00;33.58;A;29.27;A;1007.34;A;146;A;59;A;0;A;8;A;51;A;9.8;A;4.84;A;3.46;A
05.08.2025 13:15;33.95;A;28.64;A;1007.33;A;146;A;58;A;0;A;7;A;51;A;8.02;A;5.33;A;3.59;A
05.08.2025 13:30;34.01;A;28.19;A;1007.26;A;139;A;58;A;0;A;7;A;51;A;6.27;A;4.49;A;3.4;A
05.08.2025 13:45;34.6;A;27.7;A;1007.15;A;242;A;62;A;0;A;18;A;44;A;10.3;A;7.27;A;5.45;A
05.08.2025 14:00;35.35;A;26.89;A;1007.09;A;247;A;57;A;0;A;8;A;49;A;14.29;A;9.18;A;6.75;A
05.08.2025 14:15;35.72;A;25.28;A;1007.02;A;145;A;58;A;0;A;7;A;52;A;8.31;A;4.47;A;3.33;A
05.08.2025 14:30;36.23;A;24.85;A;1007.08;A;156;A;58;A;0;A;7;A;51;A;7.54;A;4.8;A;3.43;A
05.08.2025 14:45;36.38;A;24.85;A;1006.95;A;161;A;61;A;0;A;9;A;52;A;7.21;A;4.9;A;3.45;A
05.08.2025 15:00;36.41;A;25.61;A;1006.86;A;167;A;60;A;0;A;7;A;53;A;6.71;A;4.4;A;3.38;A
05.08.2025 15:15;36.63;A;25.22;A;1007.03;A;166;A;58;A;0;A;7;A;52;A;8.09;A;5.03;A;3.62;A
05.08.2025 15:30;36.81;A;25.07;A;1006.9;A;162;A;59;A;0;A;7;A;52;A;6.92;A;4.54;A;3.44;A
05.08.2025 15:45;37.38;A;24.94;A;1006.6;A;164;A;58;A;0;A;7;A;51;A;7.07;A;4.69;A;3.48;A
05.08.2025 16:00;36.9;A;25.1;A;1006.82;A;169;A;58;A;0;A;6;A;52;A;7.28;A;4.9;A;3.52;A
05.08.2025 16:15;35.85;A;26.49;A;1006.6;A;184;A;58;A;0;A;7;A;51;A;7.54;A;4.99;A;3.53;A
05.08.2025 16:30;35.12;A;27.92;A;1006.55;A;185;A;57;A;0;A;9;A;48;A;9.53;A;6.03;A;4.27;A
05.08.2025 16:45;34.52;A;28.92;A;1006.61;A;169;A;56;A;0;A;7;A;49;A;10.39;A;6.35;A;4.54;A
05.08.2025 17:00;34.68;A;28.64;A;1006.39;A;156;A;56;A;0;A;6;A;50;A;7.65;A;5.18;A;4.07;A
05.08.2025 17:15;34.4;A;28.91;A;1006.47;A;165;A;56;A;0;A;7;A;49;A;11.29;A;6.79;A;4.85;A
05.08.2025 17:30;34.35;A;29.12;A;1006.44;A;166;A;57;A;0;A;8;A;49;A;10.21;A;6.43;A;4.71;A
05.08.2025 17:45;34.46;A;29.12;A;1006.43;A;173;A;57;A;0;A;7;A;50;A;10.33;A;6.64;A;4.75;A
05.08.2025 18:00;34.44;A;28.99;A;1006.41;A;172;A;59;A;0;A;7;A;51;A;8.53;A;6.05;A;4.41;A
05.08.2025 18:15;34.35;A;28.61;A;1006.31;A;149;A;58;A;0;A;6;A;52;A;7.32;A;5.34;A;4.02;A
05.08.2025 18:30;34.15;A;29.15;A;1006.4;A;158;A;60;A;0;A;7;A;53;A;20.34;A;8.25;A;5.63;A
05.08.2025 18:45;33.86;A;29.03;A;1006.38;A;155;A;59;A;0;A;7;A;53;A;30.95;A;12.33;A;7.82;A
05.08.2025 19:00;33.59;A;29.3;A;1006.5;A;167;A;59;A;0;A;8;A;51;A;9.31;A;5.99;A;4.42;A
05.08.2025 19:15;33.34;A;29.77;A;1006.44;A;175;A;59;A;0;A;8;A;51;A;8.89;A;5.98;A;4.53;A
05.08.2025 19:30;33.04;A;29.93;A;1006.47;A;173;A;58;A;0;A;8;A;50;A;9.81;A;6.02;A;4.55;A
05.08.2025 19:45;32.69;A;30.31;A;1006.46;A;180;A;58;A;0;A;10;A;48;A;9.47;A;5.77;A;4.34;A
05.08.2025 20:00;32.22;A;32.37;A;1006.58;A;209;A;55;A;0;A;12;A;43;A;9.43;A;6.22;A;4.43;A
05.08.2025 20:15;31.84;A;33.48;A;1006.57;A;216;A;53;A;0;A;11;A;42;A;13.27;A;7.85;A;5.21;A
05.08.2025 20:30;31.22;A;35.37;A;1006.58;A;326;A;52;A;0;A;17;A;35;A;12.57;A;7.39;A;5.51;A
05.08.2025 20:45;30.56;A;36.96;A;1006.64;A;279;A;48;A;0;A;13;A;35;A;11.2;A;7.37;A;5.6;A
05.08.2025 21:00;29.99;A;38.08;A;1006.71;A;257;A;48;A;0;A;14;A;34;A;12.52;A;8.3;A;6.41;A
05.08.2025 21:15;29.42;A;39.56;A;1006.86;A;270;A;46;A;0;A;16;A;30;A;13.42;A;9.28;A;7.02;A
05.08.2025 21:30;28.99;A;40.62;A;1006.89;A;285;A;45;A;0;A;16;A;29;A;16.07;A;11.23;A;8.26;A
05.08.2025 21:45;28.65;A;41.54;A;1007.15;A;315;A;43;A;0;A;18;A;25;A;20.39;A;13.26;A;9.9;A
05.08.2025 22:00;28.32;A;42.58;A;1007.09;A;325;A;41;A;0;A;18;A;23;A;20.93;A;14.13;A;10.49;A
05.08.2025 22:15;27.89;A;43.33;A;1007.22;A;323;A;41;A;0;A;18;A;23;A;20.86;A;15.46;A;11.64;A
05.08.2025 22:30;27.47;A;44.53;A;1007.43;A;316;A;39;A;0;A;16;A;23;A;20.79;A;15.57;A;11.59;A
05.08.2025 22:45;27.12;A;45.29;A;1007.38;A;333;A;39;A;0;A;17;A;22;A;19.42;A;14.35;A;10.96;A
05.08.2025 23:00;26.82;A;46.15;A;1007.36;A;317;A;38;A;0;A;19;A;19;A;19.75;A;14.34;A;10.67;A
05.08.2025 23:15;26.53;A;46.94;A;1007.36;A;319;A;38;A;0;A;18;A;20;A;19.47;A;14.12;A;10.95;A
05.08.2025 23:30;26.35;A;47.61;A;1007.41;A;284;A;38;A;0;A;15;A;23;A;17.91;A;12.88;A;9.96;A
05.08.2025 23:45;26.12;A;48.71;A;1007.34;A;280;A;36;A;0;A;13;A;23;A;19.23;A;13.41;A;10.01;A
06.08.2025 00:00;25.92;A;49.3;A;1007.34;A;295;A;35;A;0;A;14;A;21;A;19.2;A;13.16;A;9.96;A
06.08.2025 00:15;25.72;A;49.67;A;1007.29;A;292;A;36;A;0;A;14;A;22;A;17.79;A;12.99;A;9.71;A
06.08.2025 00:30;25.51;A;50.67;A;1007.33;A;298;A;35;A;0;A;13;A;22;A;18.24;A;13.06;A;9.71;A
06.08.2025 00:45;25.35;A;51.35;A;1007.25;A;279;A;36;A;0;A;13;A;24;A;19.58;A;13.27;A;9.95;A
06.08.2025 01:00;25.15;A;52.03;A;1007.26;A;263;A;36;A;0;A;12;A;23;A;19.46;A;12.87;A;9.67;A
06.08.2025 01:15;24.92;A;52.71;A;1007.3;A;255;A;36;A;0;A;12;A;24;A;21.58;A;14.2;A;10.36;A
06.08.2025 01:30;24.73;A;53.57;A;1007.23;A;264;A;34;A;0;A;13;A;21;A;22.62;A;14;A;10.98;A
06.08.2025 01:45;24.51;A;54.43;A;1007.27;A;276;A;31;A;0;A;12;A;19;A;22.48;A;14.12;A;10.8;A
06.08.2025 02:00;24.32;A;54.94;A;1007.32;A;276;A;32;A;0;A;13;A;19;A;22.06;A;15.53;A;11.26;A
06.08.2025 02:15;24.2;A;55.65;A;1007.35;A;279;A;31;A;0;A;13;A;18;A;20.62;A;14.65;A;11.35;A
06.08.2025 02:30;24.03;A;56.21;A;1007.42;A;288;A;30;A;0;A;14;A;16;A;22.12;A;16.25;A;11.81;A
06.08.2025 02:45;23.8;A;57.06;A;1007.4;A;292;A;30;A;0;A;16;A;14;A;22.06;A;15.79;A;11.88;A
06.08.2025 03:00;23.62;A;57.84;A;1007.36;A;301;A;30;A;0;A;19;A;11;A;22.07;A;15.65;A;11.95;A
06.08.2025 03:15;23.47;A;58.28;A;1007.56;A;305;A;31;A;0;A;18;A;12;A;21.55;A;15.19;A;11.68;A
06.08.2025 03:30;23.28;A;58.56;A;1007.49;A;284;A;31;A;0;A;16;A;15;A;21.04;A;14.83;A;11.13;A
06.08.2025 03:45;23.24;A;58.52;A;1007.46;A;267;A;32;A;0;A;15;A;17;A;20.23;A;13.96;A;10.69;A
06.08.2025 04:00;23.08;A;58.88;A;1007.37;A;250;A;33;A;0;A;17;A;16;A;22.67;A;15;A;10.95;A
06.08.2025 04:15;22.98;A;59.67;A;1007.4;A;253;A;33;A;0;A;22;A;11;A;19.6;A;14.12;A;10.69;A
06.08.2025 04:30;22.85;A;60.66;A;1007.4;A;271;A;30;A;0;A;22;A;9;A;21.46;A;14.81;A;11.42;A
06.08.2025 04:45;22.68;A;61.77;A;1007.36;A;282;A;29;A;0;A;22;A;8;A;22.61;A;16.2;A;11.57;A
06.08.2025 05:00;22.54;A;62.4;A;1007.44;A;277;A;29;A;0;A;21;A;8;A;22.78;A;15.72;A;11.57;A
06.08.2025 05:15;22.42;A;62.79;A;1007.45;A;270;A;29;A;0;A;20;A;8;A;21.3;A;15.46;A;11.39;A
06.08.2025 05:30;22.29;A;63.21;A;1007.47;A;269;A;29;A;0;A;22;A;7;A;24.35;A;15.97;A;11.85;A
06.08.2025 05:45;22.28;A;63;A;1007.57;A;291;A;31;A;0;A;26;A;5;A;25.13;A;18.24;A;13.77;A
06.08.2025 06:00;22.41;A;62.66;A;1007.59;A;343;A;35;A;0;A;31;A;3;A;31.64;A;21.29;A;15.58;A
06.08.2025 06:15;22.56;A;63.33;A;1007.73;A;466;A;31;A;0;A;28;A;3;A;43.7;A;25.45;A;17.93;A
06.08.2025 06:30;22.67;A;63.6;A;1007.7;A;456;A;30;A;0;A;26;A;4;A;33.53;A;21.78;A;16.08;A
06.08.2025 06:45;22.93;A;63.42;A;1007.75;A;465;A;29;A;0;A;25;A;5;A;32.86;A;21.14;A;15.94;A
06.08.2025 07:00;23.42;A;62.38;A;1007.83;A;516;A;30;A;0;A;26;A;4;A;57.05;A;28.49;A;19.45;A
06.08.2025 07:15;24.23;A;60.29;A;1007.74;A;502;A;34;A;0;A;29;A;5;A;41.33;A;23.18;A;16.48;A
06.08.2025 07:30;25.91;A;53.58;A;1007.81;A;406;A;42;A;0;A;26;A;15;A;37.75;A;25.8;A;18.92;A
06.08.2025 07:45;26.77;A;51.96;A;1007.96;A;496;A;44;A;0;A;25;A;20;A;66.44;A;51.57;A;37.01;A
06.08.2025 08:00;27.09;A;51.13;A;1007.89;A;534;A;49;A;0;A;31;A;17;A;75.68;A;53.18;A;37.1;A
06.08.2025 08:15;27.3;A;51.92;A;1007.99;A;520;A;50;A;0;A;33;A;17;A;37.08;A;26.91;A;19.6;A
06.08.2025 08:30;27.72;A;50.42;A;1008.02;A;522;A;53;A;0;A;33;A;20;A;36.96;A;26.11;A;19.63;A
06.08.2025 08:45;28.55;A;48.64;A;1007.87;A;531;A;54;A;0;A;28;A;26;A;27.65;A;19.9;A;14.86;A
06.08.2025 09:00;29.56;A;44.89;A;1007.88;A;335;A;58;A;0;A;14;A;44;A;20.74;A;14.26;A;10.29;A
06.08.2025 09:15;31.03;A;42.05;A;1007.69;A;366;A;60;A;0;A;16;A;43;A;20.45;A;13.57;A;10.27;A
06.08.2025 09:30;32.85;A;38.3;A;1007.86;A;329;A;62;A;0;A;11;A;50;A;17.16;A;11.4;A;8.42;A
06.08.2025 09:45;33.44;A;36.81;A;1007.86;A;338;A;66;A;0;A;11;A;55;A;13.34;A;9.94;A;7.58;A
06.08.2025 10:00;33.3;A;36.17;A;1007.82;A;302;A;72;A;0;A;13;A;59;A;12.22;A;8.53;A;6.66;A
06.08.2025 10:15;32.89;A;37.19;A;1007.86;A;302;A;72;A;0;A;14;A;58;A;12.49;A;9.03;A;6.69;A
06.08.2025 10:30;33;A;36.61;A;1007.77;A;247;A;70;A;0;A;10;A;61;A;11.63;A;8.4;A;6.48;A
06.08.2025 10:45;33.61;A;35.98;A;1007.72;A;249;A;69;A;0;A;9;A;60;A;11.23;A;8.35;A;6.67;A
06.08.2025 11:00;33.97;A;34.77;A;1007.85;A;218;A;69;A;0;A;8;A;61;A;12.32;A;8.34;A;6.24;A
06.08.2025 11:15;33.86;A;34.32;A;1007.78;A;224;A;72;A;0;A;12;A;60;A;15.72;A;9.76;A;7.34;A
06.08.2025 11:30;34.08;A;34.3;A;1007.77;A;321;A;94;A;0;A;49;A;45;A;13.18;A;9.41;A;7.37;A
06.08.2025 11:45;34.41;A;34.06;A;1007.6;A;313;A;80;A;0;A;33;A;47;A;10.88;A;8.29;A;6.33;A
06.08.2025 12:00;34.74;A;33.56;A;1007.46;A;323;A;79;A;0;A;31;A;49;A;13.48;A;9.54;A;7.06;A
06.08.2025 12:15;35.08;A;32.43;A;1007.36;A;685;A;118;A;0;A;101;A;21;A;12.14;A;8.05;A;6.25;A
06.08.2025 12:30;34.99;A;32.35;A;1007.25;A;369;A;74;A;0;A;12;A;62;A;11.99;A;8.16;A;6.07;A
06.08.2025 12:45;34.84;A;32.44;A;1007.22;A;313;A;72;A;0;A;10;A;62;A;11.73;A;7.96;A;6.12;A
06.08.2025 13:00;35.07;A;32.14;A;1007.16;A;251;A;71;A;0;A;9;A;62;A;11.81;A;8.02;A;6.28;A
06.08.2025 13:15;35.44;A;31.09;A;1007;A;224;A;72;A;0;A;8;A;64;A;12.28;A;8.07;A;6.39;A
06.08.2025 13:30;35.88;A;30.34;A;1006.98;A;220;A;74;A;0;A;8;A;66;A;11.42;A;8.07;A;6.2;A
06.08.2025 13:45;36.07;A;29.3;A;1006.92;A;205;A;74;A;0;A;9;A;65;A;11.59;A;8;A;6.2;A
06.08.2025 14:00;36.62;A;28.94;A;1006.82;A;216;A;75;A;0;A;9;A;66;A;11.51;A;7.8;A;5.94;A
06.08.2025 14:15;36.97;A;28.54;A;1006.75;A;224;A;75;A;0;A;10;A;65;A;11.25;A;8.12;A;6.42;A
06.08.2025 14:30;37.17;A;27.62;A;1006.49;A;209;A;75;A;0;A;9;A;66;A;10.79;A;7.99;A;6.07;A
06.08.2025 14:45;37.51;A;26.32;A;1006.22;A;236;A;72;A;0;A;8;A;64;A;11.14;A;7.04;A;5.54;A
06.08.2025 15:00;37.72;A;26.03;A;1006.07;A;193;A;75;A;0;A;7;A;68;A;9.84;A;7.28;A;5.6;A
06.08.2025 15:15;38.06;A;25.88;A;1005.95;A;214;A;74;A;0;A;8;A;65;A;11.19;A;7.71;A;5.73;A
06.08.2025 15:30;38.39;A;25.71;A;1005.66;A;208;A;72;A;0;A;8;A;64;A;12.69;A;9.01;A;6.62;A
06.08.2025 15:45;38.4;A;24.84;A;1005.48;A;197;A;73;A;0;A;6;A;66;A;9.33;A;6.81;A;5.32;A
06.08.2025 16:00;38.46;A;24.12;A;1005.33;A;178;A;72;A;0;A;6;A;66;A;8.52;A;6.36;A;5.09;A
06.08.2025 16:15;38.49;A;24.64;A;1005.22;A;198;A;71;A;0;A;7;A;65;A;9.96;A;6.96;A;5.34;A
06.08.2025 16:30;38.53;A;24.53;A;1005.02;A;221;A;72;A;0;A;10;A;62;A;11.58;A;7.87;A;5.86;A
06.08.2025 16:45;38.63;A;24.31;A;1004.8;A;195;A;72;A;0;A;6;A;66;A;10.1;A;7.34;A;5.5;A
06.08.2025 17:00;38.84;A;23.96;A;1004.67;A;205;A;72;A;0;A;7;A;65;A;11.26;A;7.21;A;5.48;A
06.08.2025 17:15;39.01;A;24.2;A;1004.5;A;211;A;72;A;0;A;6;A;66;A;9.39;A;6.66;A;5.45;A
06.08.2025 17:30;38.58;A;25.12;A;1004.38;A;232;A;73;A;0;A;7;A;66;A;10.26;A;7.31;A;5.72;A
06.08.2025 17:45;37.92;A;25.68;A;1004.22;A;231;A;72;A;0;A;6;A;65;A;12.13;A;8.35;A;6.12;A
06.08.2025 18:00;37.57;A;26.2;A;1004.29;A;219;A;71;A;0;A;7;A;64;A;11.48;A;8.29;A;6.23;A
06.08.2025 18:15;37.18;A;26.37;A;1004.28;A;204;A;70;A;0;A;6;A;64;A;11.8;A;8.06;A;6.08;A
06.08.2025 18:30;36.8;A;26.75;A;1004.18;A;207;A;69;A;0;A;6;A;62;A;11.77;A;7.65;A;6.15;A
06.08.2025 18:45;36.32;A;27.48;A;1004.09;A;204;A;71;A;0;A;7;A;63;A;10.12;A;7.73;A;6;A
06.08.2025 19:00;35.87;A;28.35;A;1004.26;A;223;A;67;A;0;A;9;A;58;A;11.01;A;7.92;A;6.02;A
06.08.2025 19:15;35.46;A;29.22;A;1004.21;A;238;A;64;A;0;A;9;A;55;A;11.77;A;7.92;A;6.03;A
06.08.2025 19:30;34.87;A;31.24;A;1004.07;A;263;A;61;A;0;A;12;A;49;A;12.2;A;7.97;A;6.06;A
06.08.2025 19:45;34.11;A;32.78;A;1004.13;A;320;A;56;A;0;A;20;A;36;A;14.93;A;9.7;A;6.71;A
06.08.2025 20:00;33.39;A;35.04;A;1004.28;A;377;A;54;A;0;A;22;A;31;A;13.05;A;8.75;A;6.73;A
06.08.2025 20:15;32.74;A;36.12;A;1004.38;A;452;A;51;A;0;A;19;A;32;A;16.11;A;10.35;A;7.3;A
06.08.2025 20:30;32.21;A;36.98;A;1004.32;A;627;A;51;A;0;A;29;A;22;A;15.1;A;10.15;A;7.65;A
06.08.2025 20:45;31.71;A;38.26;A;1004.43;A;547;A;47;A;0;A;23;A;24;A;15.91;A;10.2;A;7.83;A
06.08.2025 21:00;31.48;A;38.6;A;1004.61;A;518;A;44;A;0;A;28;A;17;A;16.83;A;10.69;A;8.3;A
06.08.2025 21:15;31.65;A;36.57;A;1004.72;A;367;A;46;A;0;A;21;A;25;A;14.08;A;9.62;A;7.38;A
06.08.2025 21:30;31.98;A;34.43;A;1004.73;A;200;A;51;A;0;A;14;A;38;A;11.35;A;7.97;A;5.8;A
06.08.2025 21:45;32.02;A;34.26;A;1004.82;A;211;A;50;A;0;A;12;A;37;A;11.11;A;7.47;A;5.78;A
06.08.2025 22:00;32.04;A;34.04;A;1004.87;A;189;A;52;A;0;A;11;A;41;A;10.85;A;7.68;A;5.81;A
06.08.2025 22:15;31.98;A;33.99;A;1005.13;A;170;A;52;A;0;A;9;A;43;A;10.31;A;7.09;A;5.46;A
06.08.2025 22:30;31.03;A;41.06;A;1005.58;A;208;A;53;A;0;A;12;A;41;A;24.86;A;11.57;A;7.72;A
06.08.2025 22:45;29.72;A;46.72;A;1005.85;A;189;A;49;A;0;A;7;A;43;A;19.21;A;9.87;A;6.3;A
06.08.2025 23:00;28.68;A;50.26;A;1006.22;A;163;A;49;A;0;A;6;A;43;A;14.95;A;8.36;A;5.87;A
06.08.2025 23:15;27.79;A;53.29;A;1006.4;A;147;A;48;A;0;A;7;A;41;A;19.35;A;10.72;A;7.31;A
06.08.2025 23:30;26.76;A;56.41;A;1006.44;A;140;A;48;A;0;A;7;A;41;A;17.87;A;9.32;A;6.69;A
06.08.2025 23:45;26.31;A;56.97;A;1006.6;A;118;A;50;A;0;A;7;A;42;A;10.54;A;6.83;A;5.02;A
07.08.2025 00:00;26.01;A;57.28;A;1006.77;A;105;A;50;A;0;A;10;A;40;A;10.35;A;6.72;A;5.06;A
07.08.2025 00:15;25.67;A;57.64;A;1006.67;A;99;A;50;A;0;A;8;A;42;A;8.64;A;5.57;A;4.14;A
07.08.2025 00:30;25.44;A;57.52;A;1006.66;A;96;A;52;A;0;A;8;A;44;A;6.94;A;4.79;A;3.55;A
07.08.2025 00:45;25.27;A;56.8;A;1006.64;A;92;A;54;A;0;A;9;A;46;A;5.51;A;3.91;A;2.91;A
07.08.2025 01:00;25.11;A;57.01;A;1006.64;A;92;A;55;A;0;A;10;A;45;A;4.82;A;3.4;A;2.65;A
07.08.2025 01:15;24.85;A;58.23;A;1006.62;A;105;A;55;A;0;A;10;A;45;A;6.12;A;4.41;A;3.11;A
07.08.2025 01:30;24.56;A;59.89;A;1006.71;A;102;A;55;A;0;A;9;A;45;A;6.54;A;4.67;A;3.45;A
07.08.2025 01:45;24.34;A;60.67;A;1006.41;A;92;A;54;A;0;A;10;A;44;A;6.46;A;4.74;A;3.47;A
07.08.2025 02:00;24.33;A;60.02;A;1006.45;A;83;A;55;A;0;A;9;A;45;A;6.64;A;4.68;A;3.49;A
07.08.2025 02:15;24.36;A;59.31;A;1006.51;A;78;A;56;A;0;A;9;A;47;A;5.83;A;4.39;A;3.38;A
07.08.2025 02:30;24.35;A;58.88;A;1006.89;A;80;A;55;A;0;A;9;A;46;A;6.72;A;4.52;A;3.46;A
07.08.2025 02:45;24.3;A;58.88;A;1007.01;A;79;A;57;A;0;A;11;A;45;A;7.16;A;4.87;A;3.56;A
07.08.2025 03:00;24.23;A;59.34;A;1006.38;A;82;A;56;A;0;A;12;A;44;A;7.43;A;5.33;A;3.77;A
07.08.2025 03:15;24.28;A;59.73;A;1006.48;A;86;A;55;A;0;A;10;A;44;A;5.92;A;4.37;A;3.47;A
07.08.2025 03:30;24.29;A;60.05;A;1006.49;A;84;A;55;A;0;A;9;A;46;A;6.38;A;4.85;A;3.54;A
07.08.2025 03:45;24.28;A;59.93;A;1006.68;A;82;A;55;A;0;A;9;A;46;A;6.22;A;4.57;A;3.42;A
07.08.2025 04:00;24.17;A;63.82;A;1006.66;A;97;A;56;A;0;A;13;A;43;A;9.47;A;5.18;A;3.73;A
07.08.2025 04:15;23.65;A;68.63;A;1006.24;A;102;A;52;A;0;A;9;A;43;A;7.03;A;4.91;A;3.61;A
07.08.2025 04:30;23.36;A;69.57;A;1006.23;A;96;A;51;A;0;A;11;A;41;A;8.92;A;6.31;A;4.71;A
07.08.2025 04:45;23.16;A;71.61;A;1006.31;A;109;A;49;A;0;A;11;A;38;A;11.69;A;9.1;A;6.72;A
07.08.2025 05:00;23;A;72.23;A;1006.64;A;94;A;48;A;0;A;9;A;40;A;8.65;A;6.08;A;4.54;A
07.08.2025 05:15;22.9;A;71.97;A;1006.63;A;88;A;49;A;0;A;8;A;42;A;7.37;A;5.27;A;3.98;A
07.08.2025 05:30;22.86;A;73.12;A;1006.5;A;96;A;48;A;0;A;8;A;40;A;7.38;A;5.55;A;3.95;A
07.08.2025 05:45;22.83;A;72.75;A;1006.73;A;95;A;48;A;0;A;8;A;41;A;7.04;A;5.52;A;4.15;A
07.08.2025 06:00;22.85;A;72.72;A;1007.04;A;100;A;48;A;0;A;8;A;40;A;8.92;A;6.57;A;4.6;A
07.08.2025 06:15;22.86;A;72.99;A;1007.18;A;103;A;48;A;0;A;8;A;40;A;9.71;A;6.35;A;4.49;A
07.08.2025 06:30;22.8;A;73.43;A;1007.47;A;121;A;48;A;0;A;10;A;38;A;10.3;A;7.55;A;5.45;A
07.08.2025 06:45;22.78;A;74.05;A;1007.75;A;135;A;46;A;0;A;13;A;33;A;10.44;A;7.97;A;5.88;A
07.08.2025 07:00;22.84;A;72.86;A;1008.06;A;134;A;44;A;0;A;12;A;32;A;11.29;A;8.5;A;6.6;A
07.08.2025 07:15;23.11;A;71.78;A;1008.25;A;109;A;43;A;0;A;8;A;35;A;9.81;A;7.41;A;5.52;A
07.08.2025 07:30;23.81;A;69.15;A;1008.6;A;104;A;42;A;0;A;6;A;36;A;9.9;A;7.35;A;5.6;A
07.08.2025 07:45;23.93;A;69.12;A;1008.71;A;130;A;43;A;0;A;8;A;35;A;11.02;A;8.03;A;6.08;A
07.08.2025 08:00;23.76;A;69.22;A;1008.65;A;140;A;48;A;0;A;11;A;36;A;10.83;A;7.92;A;6.13;A
07.08.2025 08:15;23.86;A;68.27;A;1008.6;A;163;A;53;A;0;A;15;A;38;A;12.86;A;9.83;A;7.17;A
07.08.2025 08:30;24.19;A;65.87;A;1008.64;A;123;A;54;A;0;A;9;A;45;A;8.1;A;6.49;A;4.59;A
07.08.2025 08:45;24.83;A;63.38;A;1008.59;A;117;A;54;A;0;A;9;A;44;A;9.98;A;6.91;A;4.84;A
07.08.2025 09:00;25.3;A;61.11;A;1008.68;A;109;A;55;A;0;A;9;A;46;A;8.5;A;6.42;A;4.76;A
07.08.2025 09:15;26.34;A;57.72;A;1008.93;A;116;A;55;A;0;A;8;A;47;A;8.61;A;6.29;A;4.68;A
07.08.2025 09:30;27.71;A;53.53;A;1009.17;A;126;A;57;A;0;A;9;A;49;A;7.6;A;6.01;A;4.4;A
07.08.2025 09:45;28.35;A;51.53;A;1009;A;156;A;60;A;0;A;10;A;49;A;7.71;A;5.35;A;4.07;A
07.08.2025 10:00;28.68;A;51.18;A;1009;A;171;A;62;A;0;A;12;A;50;A;17.21;A;11.85;A;8.44;A
07.08.2025 10:15;28.56;A;51.68;A;1008.9;A;218;A;61;A;0;A;16;A;45;A;17.18;A;11.64;A;8.44;A
07.08.2025 10:30;28.53;A;51.78;A;1009.03;A;192;A;59;A;0;A;12;A;47;A;12.14;A;9.29;A;6.55;A
07.08.2025 10:45;28.32;A;52.28;A;1009.08;A;209;A;61;A;0;A;15;A;46;A;11.52;A;7.98;A;5.85;A
07.08.2025 11:00;28.52;A;51.65;A;1008.97;A;170;A;59;A;0;A;11;A;48;A;10.54;A;8.63;A;6.15;A
07.08.2025 11:15;28.72;A;52.03;A;1009.05;A;201;A;56;A;0;A;10;A;46;A;12.34;A;9.74;A;7.34;A
07.08.2025 11:30;28.74;A;51.56;A;1009.03;A;163;A;55;A;0;A;8;A;47;A;11.95;A;9.01;A;6.73;A
07.08.2025 11:45;28.74;A;51.45;A;1008.92;A;162;A;57;A;0;A;11;A;46;A;12.03;A;9.21;A;6.96;A
07.08.2025 12:00;28.64;A;50.57;A;1009.03;A;172;A;55;A;0;A;8;A;47;A;12.53;A;9.62;A;7.22;A
07.08.2025 12:15;28.65;A;50.33;A;1008.98;A;156;A;55;A;0;A;8;A;47;A;12.46;A;9.95;A;7.39;A
07.08.2025 12:30;28.6;A;50.34;A;1008.92;A;160;A;56;A;0;A;8;A;47;A;12.93;A;10.12;A;7.41;A
07.08.2025 12:45;28.52;A;50.31;A;1008.98;A;187;A;55;A;0;A;9;A;46;A;17.35;A;13.01;A;9.44;A
07.08.2025 13:00;28.59;A;50.51;A;1008.99;A;178;A;55;A;0;A;9;A;47;A;13.82;A;10.65;A;7.97;A
07.08.2025 13:15;28.85;A;48.99;A;1008.87;A;145;A;54;A;0;A;6;A;47;A;11.85;A;9.15;A;6.95;A
07.08.2025 13:30;29.26;A;47.2;A;1008.86;A;140;A;55;A;0;A;6;A;48;A;10.7;A;8.68;A;6.6;A
07.08.2025 13:45;29.95;A;45.09;A;1008.77;A;142;A;56;A;0;A;7;A;48;A;13.01;A;9.21;A;6.93;A
07.08.2025 14:00;30.65;A;42.78;A;1008.62;A;142;A;56;A;0;A;7;A;49;A;12.27;A;9.34;A;7.01;A
07.08.2025 14:15;31.11;A;41.41;A;1008.56;A;153;A;58;A;0;A;8;A;50;A;11.68;A;8;A;6.17;A
07.08.2025 14:30;31.38;A;41.27;A;1008.45;A;181;A;59;A;0;A;11;A;48;A;12.01;A;8.99;A;6.86;A
07.08.2025 14:45;31.79;A;40.83;A;1008.48;A;181;A;55;A;0;A;7;A;48;A;13.94;A;9.24;A;6.7;A
07.08.2025 15:00;31.89;A;40.24;A;1008.46;A;182;A;56;A;0;A;8;A;48;A;14.46;A;9.67;A;6.95;A
07.08.2025 15:15;32.04;A;39.54;A;1008.37;A;169;A;55;A;0;A;7;A;48;A;11.76;A;8.67;A;6.5;A
07.08.2025 15:30;32.18;A;39.03;A;1008.39;A;172;A;55;A;0;A;8;A;48;A;15.39;A;8.99;A;6.52;A
07.08.2025 15:45;32.25;A;39.2;A;1008.47;A;177;A;54;A;0;A;7;A;48;A;13.11;A;8.68;A;6.55;A
07.08.2025 16:00;32.21;A;39.04;A;1008.52;A;172;A;54;A;0;A;6;A;47;A;14.36;A;9.04;A;6.66;A
07.08.2025 16:15;32.18;A;38.52;A;1008.47;A;166;A;54;A;0;A;6;A;47;A;11.7;A;8.67;A;6.4;A
07.08.2025 16:30;32.12;A;38.34;A;1008.49;A;164;A;53;A;0;A;7;A;46;A;12.65;A;7.99;A;5.92;A
07.08.2025 16:45;32.14;A;37.59;A;1008.51;A;158;A;52;A;0;A;6;A;46;A;11.18;A;7.32;A;5.28;A
07.08.2025 17:00;31.92;A;37.52;A;1008.64;A;173;A;53;A;0;A;7;A;46;A;9.77;A;6.63;A;4.99;A
07.08.2025 17:15;31.82;A;36.76;A;1008.73;A;162;A;52;A;0;A;6;A;46;A;9.65;A;6.78;A;4.72;A
07.08.2025 17:30;31.4;A;35.31;A;1008.7;A;146;A;54;A;0;A;7;A;47;A;7.68;A;5.08;A;3.72;A
07.08.2025 17:45;30.77;A;36.36;A;1008.66;A;155;A;56;A;0;A;8;A;47;A;7.7;A;5.62;A;3.83;A
07.08.2025 18:00;30.32;A;36.64;A;1008.67;A;153;A;55;A;0;A;7;A;47;A;7.98;A;5.46;A;3.95;A
07.08.2025 18:15;29.87;A;36.34;A;1008.83;A;139;A;54;A;0;A;9;A;46;A;7.62;A;4.52;A;3.27;A
07.08.2025 18:30;29.44;A;36.17;A;1008.94;A;129;A;53;A;0;A;8;A;45;A;6.76;A;4.07;A;2.74;A
07.08.2025 18:45;29.08;A;35.43;A;1009.01;A;126;A;53;A;0;A;9;A;44;A;5.21;A;3.59;A;2.45;A
07.08.2025 19:00;28.74;A;35.59;A;1009.09;A;114;A;53;A;0;A;9;A;44;A;5.45;A;3.32;A;2.53;A
07.08.2025 19:15;28.25;A;37.15;A;1009.31;A;117;A;53;A;0;A;9;A;44;A;5.53;A;3.31;A;2.42;A
07.08.2025 19:30;27.8;A;40.3;A;1009.32;A;130;A;51;A;0;A;9;A;42;A;5.86;A;3.53;A;2.58;A
07.08.2025 19:45;27.32;A;43.56;A;1009.47;A;123;A;50;A;0;A;9;A;41;A;6.53;A;3.72;A;2.74;A
07.08.2025 20:00;26.92;A;45.89;A;1009.52;A;123;A;48;A;0;A;8;A;39;A;13.34;A;5.75;A;3.88;A
07.08.2025 20:15;26.59;A;47.1;A;1009.49;A;120;A;46;A;0;A;9;A;37;A;7.53;A;4.66;A;3.15;A
07.08.2025 20:30;26.23;A;47.34;A;1009.77;A;109;A;46;A;0;A;9;A;37;A;7.29;A;4.71;A;3.11;A
07.08.2025 20:45;25.93;A;47.04;A;1009.93;A;101;A;45;A;0;A;9;A;36;A;8.57;A;4.95;A;3.1;A
07.08.2025 21:00;25.59;A;46.28;A;1010.06;A;90;A;45;A;0;A;9;A;36;A;6.5;A;3.55;A;2.43;A
07.08.2025 21:15;25.24;A;45.79;A;1010.08;A;92;A;45;A;0;A;9;A;36;A;6.59;A;3.68;A;2.42;A
07.08.2025 21:30;24.92;A;45.51;A;1010.21;A;83;A;45;A;0;A;10;A;35;A;5.75;A;3.75;A;2.52;A
07.08.2025 21:45;24.67;A;45.28;A;1010.51;A;85;A;45;A;0;A;13;A;32;A;7.35;A;4.41;A;2.94;A
07.08.2025 22:00;24.44;A;45.43;A;1010.51;A;78;A;45;A;0;A;14;A;31;A;7.66;A;4.41;A;2.91;A
07.08.2025 22:15;24.18;A;46.17;A;1010.53;A;86;A;44;A;0;A;14;A;30;A;6.58;A;3.83;A;2.78;A
07.08.2025 22:30;23.94;A;46.32;A;1010.5;A;78;A;43;A;0;A;14;A;29;A;7.96;A;4.85;A;3.06;A
07.08.2025 22:45;23.71;A;46.83;A;1010.64;A;82;A;43;A;0;A;12;A;31;A;8.34;A;4.85;A;3.31;A
07.08.2025 23:00;23.45;A;47.45;A;1010.64;A;77;A;42;A;0;A;12;A;30;A;8.82;A;4.9;A;3.23;A
07.08.2025 23:15;23.26;A;47.78;A;1010.75;A;74;A;42;A;0;A;12;A;30;A;8.59;A;5.04;A;3.56;A
07.08.2025 23:30;23.07;A;47.93;A;1010.83;A;72;A;42;A;0;A;10;A;32;A;8.33;A;4.87;A;3.48;A
07.08.2025 23:45;22.93;A;47.92;A;1010.91;A;71;A;41;A;0;A;9;A;32;A;6.96;A;4.42;A;2.96;A
08.08.2025 00:00;22.81;A;47.42;A;1010.86;A;68;A;41;A;0;A;8;A;33;A;6.97;A;3.94;A;2.66;A
08.08.2025 00:15;22.67;A;47.07;A;1010.93;A;67;A;41;A;0;A;8;A;33;A;7.42;A;4.03;A;2.55;A
08.08.2025 00:30;22.46;A;47.12;A;1010.93;A;65;A;42;A;0;A;8;A;34;A;6.39;A;3.58;A;2.46;A
08.08.2025 00:45;22.28;A;47.21;A;1010.8;A;64;A;42;A;0;A;8;A;34;A;6.02;A;3.92;A;2.56;A
08.08.2025 01:00;22.06;A;47.67;A;1010.77;A;64;A;42;A;0;A;8;A;33;A;6.97;A;4.07;A;2.62;A
08.08.2025 01:15;21.89;A;47.99;A;1010.82;A;66;A;41;A;0;A;8;A;33;A;6.63;A;4;A;2.58;A
08.08.2025 01:30;21.71;A;48.15;A;1010.67;A;62;A;40;A;0;A;8;A;32;A;6.9;A;3.82;A;2.58;A
08.08.2025 01:45;21.59;A;48.12;A;1010.62;A;63;A;40;A;0;A;8;A;32;A;7.15;A;3.99;A;2.78;A
08.08.2025 02:00;21.39;A;48.45;A;1010.72;A;62;A;40;A;0;A;9;A;32;A;7.12;A;4.04;A;2.64;A
08.08.2025 02:15;21.24;A;48.9;A;1010.88;A;63;A;40;A;0;A;9;A;31;A;6.93;A;4.23;A;2.67;A
08.08.2025 02:30;21.09;A;49.25;A;1010.97;A;63;A;40;A;0;A;9;A;31;A;7.47;A;4.16;A;2.64;A
08.08.2025 02:45;20.97;A;49.58;A;1010.95;A;61;A;39;A;0;A;9;A;30;A;6.8;A;3.99;A;2.68;A
08.08.2025 03:00;20.86;A;50.02;A;1010.98;A;63;A;39;A;0;A;11;A;28;A;7.69;A;4.44;A;2.83;A
08.08.2025 03:15;20.76;A;50.46;A;1011.01;A;63;A;38;A;0;A;9;A;30;A;7.18;A;4.17;A;2.64;A
08.08.2025 03:30;20.65;A;50.82;A;1011.11;A;61;A;38;A;0;A;10;A;28;A;7.52;A;3.98;A;2.66;A
08.08.2025 03:45;20.48;A;51.47;A;1011.16;A;62;A;38;A;0;A;9;A;29;A;7.42;A;4.29;A;2.79;A
08.08.2025 04:00;20.38;A;52.04;A;1011.13;A;64;A;37;A;0;A;9;A;28;A;6.64;A;4.46;A;2.75;A
08.08.2025 04:15;20.25;A;52.54;A;1011.12;A;67;A;36;A;0;A;9;A;27;A;8.55;A;4.6;A;3.04;A
08.08.2025 04:30;20.2;A;52.78;A;1010.98;A;64;A;37;A;0;A;9;A;28;A;7.09;A;4.32;A;2.93;A
08.08.2025 04:45;20.2;A;52.91;A;1011.06;A;63;A;37;A;0;A;9;A;28;A;7.91;A;4.5;A;2.93;A
08.08.2025 05:00;20.2;A;53.15;A;1011.15;A;65;A;38;A;0;A;9;A;29;A;8.52;A;4.85;A;3.04;A
08.08.2025 05:15;20.19;A;53.31;A;1011.17;A;66;A;38;A;0;A;9;A;29;A;7.55;A;4.31;A;2.9;A
08.08.2025 05:30;20.22;A;53.26;A;1011.24;A;66;A;39;A;0;A;9;A;30;A;7;A;4.38;A;2.87;A
08.08.2025 05:45;20.2;A;53.25;A;1011.41;A;67;A;39;A;0;A;10;A;30;A;7.89;A;4.57;A;3.01;A
08.08.2025 06:00;20.18;A;53.37;A;1011.65;A;72;A;39;A;0;A;10;A;28;A;8.36;A;4.9;A;3.27;A
08.08.2025 06:15;20.14;A;53.39;A;1011.53;A;86;A;39;A;0;A;11;A;28;A;8.12;A;4.75;A;3.05;A
08.08.2025 06:30;20.19;A;53.23;A;1011.66;A;90;A;39;A;0;A;11;A;28;A;10.38;A;5.72;A;3.53;A
08.08.2025 06:45;20.25;A;53.25;A;1011.59;A;87;A;39;A;0;A;11;A;27;A;13.35;A;5.93;A;3.88;A
08.08.2025 07:00;20.33;A;53.17;A;1011.68;A;97;A;39;A;0;A;11;A;27;A;12.06;A;6.98;A;5.12;A
08.08.2025 07:15;20.87;A;51.5;A;1011.73;A;92;A;39;A;0;A;11;A;28;A;11.25;A;6.64;A;4.63;A
08.08.2025 07:30;21.82;A;48.75;A;1011.6;A;96;A;40;A;0;A;13;A;27;A;14.17;A;6.88;A;4.74;A
08.08.2025 07:45;22.01;A;48.38;A;1011.71;A;95;A;41;A;0;A;10;A;31;A;6.98;A;4.38;A;3.16;A
08.08.2025 08:00;22.1;A;47.92;A;1011.9;A;114;A;40;A;0;A;11;A;30;A;12.39;A;8.08;A;5.8;A
08.08.2025 08:15;22;A;48.15;A;1011.93;A;125;A;42;A;0;A;13;A;29;A;9.86;A;7.11;A;4.88;A
08.08.2025 08:30;22.16;A;47.93;A;1011.98;A;161;A;42;A;0;A;15;A;27;A;13.16;A;8.49;A;6.12;A
08.08.2025 08:45;22.71;A;46.72;A;1012.12;A;131;A;40;A;0;A;12;A;29;A;9.36;A;5.64;A;3.97;A
08.08.2025 09:00;23.34;A;45.1;A;1012.2;A;106;A;41;A;0;A;9;A;32;A;9.09;A;4.6;A;3.27;A
08.08.2025 09:15;24.56;A;42.53;A;1012.09;A;102;A;42;A;0;A;9;A;33;A;8.17;A;4.99;A;3.4;A
08.08.2025 09:30;26.03;A;39.67;A;1012.12;A;104;A;44;A;0;A;9;A;35;A;7.7;A;4.88;A;3.5;A
08.08.2025 09:45;26.74;A;38.05;A;1012.05;A;115;A;47;A;0;A;9;A;38;A;11.8;A;5.47;A;3.72;A
08.08.2025 10:00;26.68;A;37.18;A;1012.12;A;125;A;49;A;0;A;10;A;39;A;7.56;A;4.04;A;2.61;A
08.08.2025 10:15;26.62;A;37.62;A;1012.01;A;123;A;49;A;0;A;9;A;40;A;7.4;A;3.95;A;2.69;A
08.08.2025 10:30;26.66;A;36.98;A;1011.94;A;113;A;49;A;0;A;8;A;41;A;7.69;A;4.15;A;2.74;A
08.08.2025 10:45;27.02;A;35.55;A;1011.93;A;98;A;50;A;0;A;9;A;41;A;7.59;A;4.19;A;2.75;A
08.08.2025 11:00;27.4;A;34.83;A;1011.95;A;114;A;51;A;0;A;9;A;42;A;6.85;A;3.86;A;2.45;A
08.08.2025 11:15;27.38;A;34.2;A;1011.97;A;104;A;53;A;0;A;9;A;44;A;7.27;A;3.78;A;2.46;A
08.08.2025 11:30;27.42;A;33.18;A;1011.9;A;96;A;53;A;0;A;9;A;45;A;6.16;A;3.47;A;2.37;A
08.08.2025 11:45;27.61;A;32.73;A;1011.88;A;102;A;54;A;0;A;10;A;44;A;5.98;A;3.25;A;2.22;A
08.08.2025 12:00;28.01;A;31.62;A;1011.88;A;106;A;53;A;0;A;8;A;44;A;5.66;A;3.39;A;2.21;A
08.08.2025 12:15;28.16;A;31;A;1011.84;A;105;A;55;A;0;A;10;A;44;A;6.31;A;3.11;A;2.07;A
08.08.2025 12:30;28.3;A;30.41;A;1011.76;A;98;A;55;A;0;A;9;A;46;A;6.07;A;3.38;A;2.25;A
08.08.2025 12:45;28.69;A;29.29;A;1011.49;A;108;A;54;A;0;A;8;A;46;A;6.89;A;3.29;A;2.14;A
08.08.2025 13:00;28.97;A;27.93;A;1011.5;A;103;A;54;A;0;A;10;A;44;A;5.98;A;3.32;A;2.09;A
08.08.2025 13:15;29.29;A;27.75;A;1011.46;A;102;A;54;A;0;A;9;A;45;A;5.78;A;3.51;A;2.15;A
08.08.2025 13:30;29.57;A;26.3;A;1011.25;A;104;A;55;A;0;A;9;A;46;A;4.82;A;3.01;A;1.98;A
08.08.2025 13:45;29.92;A;26.58;A;1011.18;A;118;A;56;A;0;A;11;A;45;A;5.4;A;3.25;A;2.35;A
08.08.2025 14:00;30.44;A;25.86;A;1011.07;A;112;A;54;A;0;A;9;A;45;A;7.11;A;4.38;A;3.1;A
08.08.2025 14:15;30.84;A;25.16;A;1010.82;A;106;A;55;A;0;A;8;A;47;A;5.65;A;3.07;A;2.14;A
08.08.2025 14:30;31.24;A;24.18;A;1010.67;A;101;A;56;A;0;A;8;A;48;A;5.43;A;2.73;A;1.95;A
08.08.2025 14:45;31.55;A;24.06;A;1010.63;A;120;A;56;A;0;A;9;A;47;A;7.62;A;4.27;A;2.64;A
08.08.2025 15:00;31.94;A;22.65;A;1010.57;A;97;A;55;A;0;A;7;A;48;A;4.7;A;2.75;A;1.75;A
08.08.2025 15:15;32.15;A;22.32;A;1010.39;A;109;A;57;A;0;A;8;A;49;A;5.99;A;3.36;A;2.42;A
08.08.2025 15:30;32.48;A;21.5;A;1010.32;A;109;A;56;A;0;A;7;A;49;A;6.74;A;3.15;A;2.07;A
08.08.2025 15:45;32.82;A;22.1;A;1010.2;A;112;A;58;A;0;A;8;A;50;A;7.75;A;4.1;A;2.87;A
08.08.2025 16:00;33.12;A;22.61;A;1010.09;A;126;A;57;A;0;A;8;A;49;A;6.09;A;3.3;A;2.18;A
08.08.2025 16:15;33.35;A;22.96;A;1010.24;A;124;A;56;A;0;A;7;A;48;A;6.73;A;3.95;A;2.55;A
08.08.2025 16:30;33.38;A;22.92;A;1010.25;A;134;A;55;A;0;A;8;A;47;A;8.66;A;4.48;A;2.98;A
08.08.2025 16:45;33.5;A;22.02;A;1010.18;A;123;A;54;A;0;A;8;A;47;A;5.99;A;3.09;A;2.15;A
08.08.2025 17:00;33.48;A;21.61;A;1010.08;A;130;A;55;A;0;A;8;A;47;A;6.02;A;2.91;A;2.23;A
08.08.2025 17:15;33.31;A;21.09;A;1010.17;A;117;A;55;A;0;A;8;A;48;A;5.62;A;3.06;A;2.08;A
08.08.2025 17:30;32.6;A;21.36;A;1010.09;A;116;A;55;A;0;A;7;A;48;A;6.64;A;3;A;2.03;A
08.08.2025 17:45;31.91;A;21.98;A;1010.12;A;128;A;55;A;0;A;8;A;47;A;4.58;A;3.03;A;1.95;A
08.08.2025 18:00;31.41;A;22.23;A;1010.08;A;114;A;54;A;0;A;8;A;46;A;5.3;A;2.96;A;1.99;A
08.08.2025 18:15;31.02;A;22.49;A;1009.94;A;116;A;53;A;0;A;9;A;44;A;5.49;A;3.02;A;2.04;A
08.08.2025 18:30;30.59;A;22.57;A;1010.02;A;122;A;53;A;0;A;8;A;45;A;6.28;A;3.63;A;2.63;A
08.08.2025 18:45;30.15;A;23.51;A;1010.06;A;126;A;52;A;0;A;9;A;43;A;6;A;3.63;A;2.45;A
08.08.2025 19:00;29.75;A;24.81;A;1010.18;A;136;A;51;A;0;A;9;A;42;A;7.42;A;3.86;A;2.57;A
08.08.2025 19:15;29.33;A;25.91;A;1010.2;A;118;A;50;A;0;A;9;A;41;A;6.29;A;3.6;A;2.31;A
08.08.2025 19:30;28.99;A;26.99;A;1010.12;A;127;A;49;A;0;A;9;A;39;A;6.16;A;3.46;A;2.26;A
08.08.2025 19:45;28.55;A;27.82;A;1010.26;A;125;A;48;A;0;A;9;A;39;A;6.46;A;3.25;A;2.29;A
08.08.2025 20:00;28.11;A;28.56;A;1010.19;A;116;A;48;A;0;A;9;A;39;A;5.36;A;3.38;A;2.26;A
08.08.2025 20:15;27.69;A;29.14;A;1010.35;A;119;A;47;A;0;A;9;A;38;A;6.68;A;4.22;A;2.86;A
08.08.2025 20:30;27.19;A;30.54;A;1010.23;A;136;A;45;A;0;A;11;A;34;A;7.74;A;4.61;A;3.24;A
08.08.2025 20:45;26.6;A;31.92;A;1010.46;A;158;A;43;A;0;A;12;A;30;A;7.54;A;4.2;A;2.93;A
08.08.2025 21:00;26.2;A;32.46;A;1010.73;A;190;A;42;A;0;A;12;A;30;A;12.42;A;7.39;A;4.95;A
08.08.2025 21:15;25.92;A;34.47;A;1010.88;A;321;A;43;A;0;A;12;A;30;A;42.56;A;21.31;A;14.63;A
08.08.2025 21:30;25.56;A;36.87;A;1011.08;A;277;A;41;A;0;A;11;A;30;A;52.21;A;26.08;A;17.76;A
08.08.2025 21:45;25.24;A;38.66;A;1011.27;A;288;A;40;A;0;A;12;A;28;A;40.09;A;22.28;A;15.29;A
08.08.2025 22:00;24.91;A;39.62;A;1011.23;A;254;A;39;A;0;A;11;A;27;A;27.12;A;14.25;A;10.28;A
08.08.2025 22:15;24.63;A;40.53;A;1011.12;A;171;A;39;A;0;A;10;A;29;A;17.03;A;9.36;A;6.29;A
08.08.2025 22:30;24.4;A;41.6;A;1011.05;A;127;A;39;A;0;A;10;A;29;A;9.65;A;6.1;A;4.29;A
08.08.2025 22:45;24.09;A;42.97;A;1010.91;A;128;A;39;A;0;A;10;A;28;A;8.82;A;5.66;A;3.76;A
08.08.2025 23:00;23.75;A;44.19;A;1010.95;A;115;A;38;A;0;A;10;A;29;A;9.13;A;5.16;A;3.49;A
08.08.2025 23:15;23.53;A;44.65;A;1010.97;A;112;A;38;A;0;A;12;A;26;A;8.04;A;4.8;A;3.31;A
08.08.2025 23:30;23.29;A;45.3;A;1010.97;A;100;A;39;A;0;A;10;A;29;A;6.82;A;4.13;A;2.93;A
08.08.2025 23:45;23.14;A;45.52;A;1011.01;A;91;A;39;A;0;A;8;A;30;A;7.83;A;4.39;A;2.89;A
09.08.2025 00:00;22.96;A;45.9;A;1010.99;A;90;A;39;A;0;A;8;A;30;A;9.43;A;5.19;A;3.69;A
09.08.2025 00:15;22.74;A;46.42;A;1011.24;A;115;A;38;A;0;A;10;A;28;A;12.84;A;7.77;A;5.34;A
09.08.2025 00:30;22.47;A;47.6;A;1011.17;A;147;A;37;A;0;A;16;A;22;A;15.16;A;8.79;A;6.15;A
09.08.2025 00:45;22.36;A;47.83;A;1011.17;A;118;A;38;A;0;A;11;A;28;A;9.48;A;6.24;A;4.28;A
09.08.2025 01:00;22.26;A;47.52;A;1011.13;A;98;A;40;A;0;A;9;A;30;A;8.01;A;4.82;A;3.38;A
09.08.2025 01:15;22.08;A;47.55;A;1011.02;A;101;A;40;A;0;A;10;A;30;A;8.97;A;5.42;A;3.43;A
09.08.2025 01:30;21.95;A;47.94;A;1010.88;A;105;A;39;A;0;A;11;A;28;A;7.75;A;5.33;A;3.74;A
09.08.2025 01:45;21.87;A;48.48;A;1010.92;A;121;A;38;A;0;A;14;A;23;A;10.16;A;6.68;A;4.59;A
09.08.2025 02:00;21.72;A;48.95;A;1010.86;A;103;A;37;A;0;A;23;A;14;A;9.69;A;6.14;A;4.08;A
09.08.2025 02:15;21.52;A;49.62;A;1010.92;A;92;A;37;A;0;A;15;A;23;A;11.28;A;7.33;A;4.68;A
09.08.2025 02:30;21.35;A;50.18;A;1010.8;A;83;A;38;A;0;A;13;A;25;A;10.11;A;5.94;A;4.13;A
09.08.2025 02:45;21.1;A;51.01;A;1010.7;A;104;A;37;A;0;A;11;A;26;A;9.56;A;6.62;A;4.42;A
09.08.2025 03:00;20.75;A;52.06;A;1010.84;A;121;A;37;A;0;A;10;A;27;A;10.42;A;6.99;A;4.6;A
09.08.2025 03:15;20.45;A;53.19;A;1010.88;A;124;A;36;A;0;A;10;A;26;A;9.42;A;6.38;A;4.62;A
09.08.2025 03:30;20.21;A;54.18;A;1010.91;A;124;A;33;A;0;A;9;A;24;A;10.97;A;6.94;A;4.8;A
09.08.2025 03:45;19.85;A;55.1;A;1010.96;A;125;A;31;A;0;A;12;A;20;A;11.88;A;6.97;A;5.06;A
09.08.2025 04:00;19.62;A;54.91;A;1010.83;A;106;A;32;A;0;A;10;A;22;A;10.77;A;7.06;A;4.72;A
09.08.2025 04:15;19.52;A;54.84;A;1010.61;A;90;A;33;A;0;A;12;A;21;A;10.08;A;6.14;A;4.17;A
09.08.2025 04:30;19.42;A;55.55;A;1010.72;A;92;A;33;A;0;A;15;A;18;A;8.9;A;5.86;A;4.04;A
09.08.2025 04:45;19.38;A;55.91;A;1010.68;A;94;A;31;A;0;A;15;A;16;A;9.09;A;6.05;A;4.2;A
09.08.2025 05:00;19.3;A;56.41;A;1010.36;A;95;A;31;A;0;A;19;A;12;A;10.02;A;6.13;A;4.11;A
09.08.2025 05:15;19.25;A;56.48;A;1010.59;A;107;A;30;A;0;A;20;A;10;A;12.59;A;7.26;A;4.88;A
09.08.2025 05:30;19.11;A;57.05;A;1010.68;A;108;A;30;A;0;A;21;A;9;A;12.53;A;7.34;A;5.2;A
09.08.2025 05:45;19;A;57.4;A;1010.75;A;118;A;30;A;0;A;25;A;5;A;11.46;A;6.96;A;4.8;A
09.08.2025 06:00;18.72;A;58.37;A;1010.65;A;126;A;29;A;0;A;17;A;12;A;10.18;A;6.83;A;4.67;A
09.08.2025 06:15;18.58;A;59.22;A;1010.53;A;125;A;30;A;0;A;19;A;11;A;10.15;A;6.56;A;4.52;A
09.08.2025 06:30;18.66;A;59.49;A;1010.6;A;149;A;31;A;0;A;23;A;8;A;12.86;A;7.04;A;4.68;A
09.08.2025 06:45;18.62;A;60.46;A;1010.66;A;154;A;29;A;0;A;22;A;7;A;12.36;A;7.62;A;5.17;A
09.08.2025 07:00;18.86;A;59.43;A;1010.9;A;169;A;31;A;0;A;26;A;4;A;13.61;A;7.33;A;4.91;A
09.08.2025 07:15;19.19;A;58.04;A;1010.8;A;152;A;32;A;0;A;27;A;5;A;12.36;A;7.64;A;5.14;A
09.08.2025 07:30;19.51;A;57.88;A;1010.78;A;153;A;32;A;0;A;23;A;9;A;17.42;A;8.81;A;5.78;A
09.08.2025 07:45;19.79;A;57.36;A;1010.78;A;182;A;32;A;0;A;16;A;16;A;16.5;A;8.91;A;5.98;A
09.08.2025 08:00;20.24;A;56.36;A;1010.83;A;253;A;32;A;0;A;20;A;12;A;18.59;A;10.46;A;7.19;A
09.08.2025 08:15;20.99;A;53.75;A;1010.81;A;229;A;35;A;0;A;18;A;16;A;15.23;A;9.15;A;6.19;A
09.08.2025 08:30;21.95;A;50.51;A;1010.72;A;169;A;36;A;0;A;13;A;23;A;13.43;A;7.99;A;5.82;A
09.08.2025 08:45;22.88;A;46.39;A;1010.88;A;123;A;42;A;0;A;14;A;27;A;11.01;A;6.88;A;4.6;A
09.08.2025 09:00;23.86;A;44.94;A;1010.92;A;209;A;42;A;0;A;17;A;25;A;11.83;A;6.95;A;4.72;A
09.08.2025 09:15;25.96;A;39.35;A;1010.99;A;135;A;45;A;0;A;13;A;31;A;11.91;A;5.97;A;4.18;A
09.08.2025 09:30;27.87;A;35.15;A;1011.15;A;122;A;49;A;0;A;12;A;37;A;9.91;A;5.19;A;3.52;A
09.08.2025 09:45;28.54;A;33.22;A;1011.15;A;138;A;54;A;0;A;11;A;43;A;7.49;A;4.44;A;3.05;A
09.08.2025 10:00;28.31;A;31.87;A;1011.01;A;135;A;56;A;0;A;11;A;46;A;7.43;A;4.3;A;2.72;A
09.08.2025 10:15;28.22;A;31.46;A;1011.12;A;130;A;58;A;0;A;11;A;47;A;6.14;A;3.91;A;2.54;A
09.08.2025 10:30;28.47;A;31.1;A;1011.07;A;128;A;56;A;0;A;9;A;47;A;6.24;A;4.21;A;2.77;A
09.08.2025 10:45;28.78;A;30.99;A;1011.19;A;117;A;59;A;0;A;10;A;49;A;7.61;A;4.32;A;2.91;A
09.08.2025 11:00;28.82;A;30.56;A;1011.12;A;130;A;59;A;0;A;10;A;49;A;11.17;A;5.02;A;3.13;A
09.08.2025 11:15;29.16;A;29.88;A;1011.15;A;130;A;56;A;0;A;9;A;47;A;6.96;A;3.94;A;2.64;A
09.08.2025 11:30;29.32;A;29.38;A;1010.93;A;123;A;58;A;0;A;10;A;48;A;6.29;A;3.81;A;2.73;A
09.08.2025 11:45;29.38;A;29.23;A;1010.88;A;122;A;58;A;0;A;10;A;48;A;8.24;A;3.94;A;2.76;A
09.08.2025 12:00;29.63;A;29.41;A;1010.95;A;129;A;57;A;0;A;9;A;48;A;8.54;A;4.15;A;2.78;A
09.08.2025 12:15;29.66;A;28.67;A;1010.9;A;125;A;58;A;0;A;10;A;48;A;10.04;A;4.99;A;3.16;A
09.08.2025 12:30;29.79;A;28.29;A;1010.88;A;119;A;58;A;0;A;8;A;49;A;6.64;A;4.02;A;2.57;A
09.08.2025 12:45;29.99;A;27.78;A;1010.84;A;128;A;58;A;0;A;11;A;47;A;6.12;A;3.75;A;2.65;A
09.08.2025 13:00;30.4;A;27.81;A;1010.72;A;115;A;56;A;0;A;9;A;47;A;6.64;A;3.8;A;2.43;A
09.08.2025 13:15;30.71;A;27.74;A;1010.45;A;132;A;58;A;0;A;10;A;48;A;6.83;A;3.7;A;2.74;A
09.08.2025 13:30;31.13;A;27.14;A;1010.24;A;118;A;57;A;0;A;9;A;49;A;6.83;A;3.97;A;2.65;A
09.08.2025 13:45;31.55;A;26.63;A;1010.12;A;115;A;57;A;0;A;8;A;49;A;7.52;A;4.4;A;2.88;A
09.08.2025 14:00;32.27;A;26.07;A;1010.16;A;117;A;57;A;0;A;7;A;50;A;8.48;A;4.1;A;2.89;A
09.08.2025 14:15;32.84;A;25.02;A;1010.1;A;115;A;57;A;0;A;7;A;50;A;6.55;A;3.77;A;2.5;A
09.08.2025 14:30;33.26;A;24.58;A;1010;A;124;A;59;A;0;A;8;A;51;A;5.68;A;4.07;A;2.85;A
09.08.2025 14:45;33.25;A;24.2;A;1009.89;A;124;A;59;A;0;A;7;A;52;A;7.59;A;4.21;A;2.95;A
09.08.2025 15:00;33.31;A;24.46;A;1009.84;A;125;A;59;A;0;A;8;A;51;A;7.51;A;4.24;A;2.97;A
09.08.2025 15:15;33.33;A;24.43;A;1009.87;A;131;A;59;A;0;A;9;A;50;A;6.94;A;4.46;A;3.01;A
09.08.2025 15:30;33.36;A;24.26;A;1009.8;A;123;A;59;A;0;A;8;A;52;A;7.7;A;4.6;A;3.12;A
09.08.2025 15:45;33.89;A;24.03;A;1009.79;A;131;A;60;A;0;A;8;A;52;A;8.02;A;4.94;A;3.44;A
09.08.2025 16:00;34.38;A;23.37;A;1009.67;A;122;A;60;A;0;A;7;A;53;A;7.46;A;4.59;A;3.34;A
09.08.2025 16:15;34.46;A;23.3;A;1009.63;A;140;A;61;A;0;A;8;A;52;A;9.12;A;5.05;A;3.49;A
09.08.2025 16:30;34.63;A;23.12;A;1009.6;A;130;A;60;A;0;A;7;A;54;A;8.89;A;5.42;A;3.71;A
09.08.2025 16:45;35.01;A;23.13;A;1009.59;A;141;A;60;A;0;A;7;A;53;A;9.78;A;6.11;A;4.05;A
09.08.2025 17:00;35.18;A;22.75;A;1009.58;A;133;A;59;A;0;A;6;A;53;A;9;A;5.25;A;3.87;A
09.08.2025 17:15;34.83;A;22.92;A;1009.48;A;131;A;60;A;0;A;7;A;53;A;7.3;A;4.85;A;3.57;A
09.08.2025 17:30;34.04;A;23.88;A;1009.36;A;148;A;59;A;0;A;7;A;51;A;8.52;A;5.52;A;3.94;A
09.08.2025 17:45;33.3;A;24.72;A;1009.22;A;140;A;58;A;0;A;8;A;50;A;31.09;A;11.49;A;7.05;A
09.08.2025 18:00;32.78;A;25.42;A;1009.11;A;133;A;57;A;0;A;7;A;50;A;8.07;A;5.43;A;3.97;A
09.08.2025 18:15;32.43;A;26.14;A;1009.11;A;128;A;56;A;0;A;7;A;49;A;9.03;A;6.4;A;4.1;A
09.08.2025 18:30;32.15;A;26.59;A;1009.23;A;133;A;55;A;0;A;7;A;48;A;9.18;A;6.02;A;4.23;A
09.08.2025 18:45;31.78;A;27.33;A;1009.11;A;151;A;55;A;0;A;9;A;46;A;10.59;A;6.48;A;4.85;A
09.08.2025 19:00;31.49;A;27.84;A;1009.11;A;146;A;54;A;0;A;8;A;46;A;11.62;A;6.81;A;4.81;A
09.08.2025 19:15;31.18;A;28.41;A;1009.16;A;153;A;53;A;0;A;9;A;44;A;8.94;A;6.45;A;4.63;A
09.08.2025 19:30;31.02;A;28.91;A;1009.18;A;166;A;52;A;0;A;9;A;43;A;10.52;A;7.47;A;5.34;A
09.08.2025 19:45;30.85;A;29.26;A;1009.3;A;168;A;53;A;0;A;9;A;44;A;10.55;A;6.84;A;5.1;A
09.08.2025 20:00;30.51;A;30;A;1009.38;A;156;A;53;A;0;A;9;A;44;A;9.81;A;6.08;A;4.46;A
09.08.2025 20:15;30.07;A;31.03;A;1009.5;A;161;A;51;A;0;A;8;A;43;A;11.79;A;6.81;A;4.59;A
09.08.2025 20:30;29.6;A;32.16;A;1009.72;A;178;A;50;A;0;A;10;A;40;A;12.01;A;7.36;A;5.14;A
09.08.2025 20:45;29.32;A;32.74;A;1009.97;A;211;A;49;A;0;A;13;A;36;A;14.43;A;9.86;A;6.7;A
09.08.2025 21:00;29.01;A;33.19;A;1010.03;A;174;A;50;A;0;A;10;A;40;A;11.81;A;8.03;A;5.43;A
09.08.2025 21:15;28.57;A;34.26;A;1010.35;A;153;A;49;A;0;A;10;A;39;A;10.08;A;6.47;A;4.6;A
09.08.2025 21:30;27.81;A;36.29;A;1010.38;A;184;A;46;A;0;A;12;A;35;A;9.65;A;6.48;A;4.61;A
09.08.2025 21:45;26.97;A;38.42;A;1010.19;A;216;A;43;A;0;A;13;A;30;A;11.79;A;6.95;A;5.05;A
09.08.2025 22:00;26.31;A;40.12;A;1010.28;A;209;A;41;A;0;A;12;A;29;A;10.5;A;7.08;A;5.11;A
09.08.2025 22:15;25.72;A;41.73;A;1010.25;A;238;A;39;A;0;A;14;A;25;A;12.41;A;7.39;A;5.28;A
09.08.2025 22:30;25.33;A;42.69;A;1010.37;A;262;A;37;A;0;A;14;A;23;A;13.6;A;8.07;A;5.79;A
09.08.2025 22:45;25.46;A;42.15;A;1010.54;A;206;A;42;A;0;A;13;A;29;A;13.59;A;8.79;A;6.38;A
09.08.2025 23:00;25.11;A;43.48;A;1010.73;A;210;A;41;A;0;A;18;A;23;A;14.61;A;9.59;A;6.63;A
09.08.2025 23:15;24.69;A;45.14;A;1010.91;A;250;A;37;A;0;A;19;A;18;A;13.34;A;9.52;A;7.08;A
09.08.2025 23:30;24.33;A;46.02;A;1010.88;A;301;A;37;A;0;A;18;A;19;A;16.26;A;10.04;A;7.35;A
09.08.2025 23:45;24.01;A;46.93;A;1010.83;A;254;A;36;A;0;A;17;A;19;A;16.27;A;10.22;A;7.44;A
10.08.2025 00:00;23.71;A;47.7;A;1010.87;A;236;A;35;A;0;A;17;A;18;A;17.96;A;11.23;A;7.91;A
10.08.2025 00:15;23.37;A;48.51;A;1010.84;A;228;A;35;A;0;A;16;A;19;A;17.62;A;11.2;A;7.87;A
10.08.2025 00:30;23.04;A;49.33;A;1010.95;A;225;A;33;A;0;A;14;A;18;A;18.22;A;11.44;A;8.21;A
10.08.2025 00:45;22.88;A;49.97;A;1011.05;A;220;A;34;A;0;A;15;A;19;A;16.99;A;11.53;A;8.76;A
10.08.2025 01:00;22.79;A;50.2;A;1011.06;A;265;A;28;A;0;A;13;A;15;A;19.38;A;12.13;A;8.62;A
10.08.2025 01:15;22.57;A;50.21;A;1011.14;A;244;A;31;A;0;A;13;A;18;A;18.72;A;12.57;A;8.9;A
10.08.2025 01:30;22.56;A;50.46;A;1011.15;A;220;A;32;A;0;A;12;A;20;A;18.01;A;11.69;A;8.68;A
10.08.2025 01:45;23.05;A;48.79;A;1011.1;A;149;A;43;A;0;A;12;A;31;A;12.46;A;8.74;A;6.11;A
10.08.2025 02:00;23.21;A;48.63;A;1011.17;A;117;A;46;A;0;A;11;A;35;A;10.36;A;7.39;A;5.55;A
10.08.2025 02:15;23.02;A;49.37;A;1011.27;A;197;A;45;A;0;A;13;A;32;A;11.03;A;7.43;A;5.56;A
10.08.2025 02:30;22.76;A;50.22;A;1011.3;A;218;A;44;A;0;A;15;A;28;A;10.99;A;7.72;A;5.8;A
10.08.2025 02:45;22.56;A;51.43;A;1011.26;A;205;A;43;A;0;A;18;A;25;A;12.78;A;8.12;A;6.05;A
10.08.2025 03:00;22.41;A;52.8;A;1011.22;A;217;A;42;A;0;A;19;A;23;A;12.01;A;8.1;A;5.92;A
10.08.2025 03:15;22.24;A;54.03;A;1011.19;A;223;A;42;A;0;A;19;A;23;A;11.86;A;8.5;A;6;A
10.08.2025 03:30;22.09;A;54.93;A;1011.11;A;208;A;41;A;0;A;18;A;23;A;12.59;A;8.37;A;5.77;A
10.08.2025 03:45;21.9;A;56.23;A;1011.11;A;241;A;41;A;0;A;15;A;26;A;11.79;A;8.1;A;5.51;A
10.08.2025 04:00;21.69;A;57.42;A;1010.99;A;199;A;40;A;0;A;10;A;29;A;11.77;A;7.64;A;5.77;A
10.08.2025 04:15;21.52;A;57.84;A;1011.1;A;150;A;39;A;0;A;10;A;29;A;13.31;A;8.34;A;5.95;A
10.08.2025 04:30;21.34;A;59.26;A;1011.17;A;228;A;40;A;0;A;13;A;26;A;24.28;A;15.84;A;11.84;A
10.08.2025 04:45;21.17;A;60.55;A;1011.24;A;196;A;39;A;0;A;14;A;25;A;19.18;A;12.06;A;8.84;A
10.08.2025 05:00;21;A;61.45;A;1011.2;A;171;A;38;A;0;A;17;A;21;A;20.87;A;12.09;A;8.44;A
10.08.2025 05:15;20.83;A;62.49;A;1011.38;A;228;A;37;A;0;A;19;A;18;A;12.08;A;8.87;A;6.81;A
10.08.2025 05:30;20.71;A;63.41;A;1011.43;A;261;A;37;A;0;A;16;A;21;A;17.63;A;12.47;A;9.71;A
10.08.2025 05:45;20.58;A;63.91;A;1011.49;A;200;A;37;A;0;A;15;A;22;A;15.48;A;10.69;A;8.01;A
10.08.2025 06:00;20.5;A;64.28;A;1011.56;A;138;A;37;A;0;A;14;A;23;A;22.27;A;12.4;A;8.77;A
10.08.2025 06:15;20.48;A;64.71;A;1011.56;A;130;A;36;A;0;A;13;A;23;A;15.74;A;10.84;A;7.97;A
10.08.2025 06:30;20.59;A;64.78;A;1011.62;A;109;A;36;A;0;A;10;A;26;A;15.11;A;9.95;A;7.21;A
10.08.2025 06:45;20.62;A;65;A;1011.76;A;116;A;37;A;0;A;11;A;25;A;13.24;A;9.76;A;7.28;A
10.08.2025 07:00;20.66;A;65.32;A;1012.01;A;136;A;36;A;0;A;11;A;25;A;13.51;A;9.51;A;7.1;A
10.08.2025 07:15;21.35;A;63.02;A;1012.09;A;111;A;35;A;0;A;11;A;23;A;14.15;A;10.42;A;7.44;A
10.08.2025 07:30;22.3;A;59.8;A;1011.94;A;147;A;35;A;0;A;11;A;24;A;15.21;A;10.45;A;8.01;A
10.08.2025 07:45;22.47;A;59.38;A;1011.92;A;132;A;38;A;0;A;15;A;23;A;16.69;A;11.35;A;8.65;A
10.08.2025 08:00;22.78;A;57.6;A;1012.02;A;128;A;40;A;0;A;12;A;28;A;16.21;A;10.51;A;7.68;A
10.08.2025 08:15;23.24;A;54.76;A;1012.13;A;111;A;43;A;0;A;9;A;34;A;12.47;A;8.16;A;6.03;A
10.08.2025 08:30;23.83;A;52.12;A;1012.08;A;108;A;44;A;0;A;8;A;35;A;10.29;A;7.43;A;5.47;A
10.08.2025 08:45;24.4;A;49.9;A;1012.18;A;106;A;47;A;0;A;9;A;38;A;10.7;A;7.36;A;5.2;A
10.08.2025 09:00;25.06;A;48.14;A;1012.15;A;116;A;47;A;0;A;9;A;37;A;10.9;A;7.27;A;5.42;A
10.08.2025 09:15;26.68;A;43.59;A;1012.08;A;114;A;47;A;0;A;8;A;39;A;10.39;A;7.34;A;5.16;A
10.08.2025 09:30;28.06;A;39.82;A;1012.31;A;112;A;51;A;0;A;8;A;44;A;11.07;A;7.22;A;4.84;A
10.08.2025 09:45;28.69;A;37.35;A;1012.36;A;130;A;54;A;0;A;8;A;46;A;9.66;A;5.98;A;4.29;A
10.08.2025 10:00;27.91;A;37.27;A;1012.24;A;142;A;58;A;0;A;10;A;48;A;8.13;A;5.57;A;4.03;A
10.08.2025 10:15;28;A;36.93;A;1012.22;A;137;A;56;A;0;A;10;A;46;A;8.93;A;5.38;A;3.79;A
10.08.2025 10:30;28.07;A;35.69;A;1012.36;A;127;A;55;A;0;A;8;A;47;A;7.88;A;5.04;A;3.53;A
10.08.2025 10:45;28.58;A;34.2;A;1012.55;A;114;A;57;A;0;A;8;A;50;A;6.45;A;4.89;A;3.38;A
10.08.2025 11:00;28.89;A;32.09;A;1012.41;A;119;A;59;A;0;A;8;A;51;A;7.08;A;4.35;A;3.24;A
10.08.2025 11:15;28.75;A;32.1;A;1012.34;A;119;A;61;A;0;A;9;A;52;A;6.06;A;4.01;A;2.92;A
10.08.2025 11:30;29.05;A;31.63;A;1012.35;A;123;A;60;A;0;A;8;A;52;A;6.81;A;4.87;A;3.19;A
10.08.2025 11:45;29.34;A;30.69;A;1012.43;A;119;A;61;A;0;A;9;A;52;A;6.97;A;3.96;A;2.84;A
10.08.2025 12:00;29.57;A;29.45;A;1012.23;A;117;A;60;A;0;A;9;A;51;A;5.99;A;4.08;A;2.69;A
10.08.2025 12:15;29.68;A;29.61;A;1012.01;A;127;A;60;A;0;A;9;A;52;A;6.47;A;4.2;A;3.01;A
10.08.2025 12:30;29.79;A;28.86;A;1011.82;A;129;A;61;A;0;A;9;A;52;A;6.16;A;3.9;A;2.66;A
10.08.2025 12:45;29.95;A;29.55;A;1011.76;A;132;A;61;A;0;A;10;A;51;A;5.06;A;3.93;A;2.8;A
10.08.2025 13:00;30.28;A;28.56;A;1011.63;A;126;A;59;A;0;A;8;A;50;A;6.36;A;4.13;A;2.91;A
10.08.2025 13:15;30.6;A;27.67;A;1011.55;A;121;A;60;A;0;A;9;A;51;A;5.8;A;3.98;A;2.76;A
10.08.2025 13:30;30.82;A;27.83;A;1011.29;A;129;A;61;A;0;A;9;A;52;A;5.67;A;3.47;A;2.56;A
10.08.2025 13:45;31.11;A;27.57;A;1011.11;A;129;A;60;A;0;A;9;A;50;A;5.47;A;4.02;A;2.64;A
10.08.2025 14:00;31.89;A;26.06;A;1011;A;121;A;58;A;0;A;7;A;51;A;5.62;A;4.01;A;2.69;A
10.08.2025 14:15;32.4;A;23.48;A;1011.01;A;115;A;62;A;0;A;8;A;54;A;5.67;A;3.87;A;2.62;A
10.08.2025 14:30;32.94;A;23.03;A;1010.98;A;133;A;63;A;0;A;9;A;54;A;5.15;A;3.87;A;2.63;A
10.08.2025 14:45;33.19;A;23.46;A;1010.91;A;139;A;62;A;0;A;8;A;54;A;5.73;A;3.83;A;2.79;A
10.08.2025 15:00;33.45;A;22.43;A;1010.91;A;133;A;61;A;0;A;7;A;54;A;6.69;A;4.23;A;3.04;A
10.08.2025 15:15;33.75;A;21.47;A;1010.95;A;127;A;62;A;0;A;7;A;55;A;5.79;A;3.83;A;2.83;A
10.08.2025 15:30;34.02;A;21.83;A;1010.89;A;141;A;61;A;0;A;8;A;53;A;6.59;A;4.03;A;2.86;A
10.08.2025 15:45;34.13;A;21.25;A;1010.93;A;133;A;61;A;0;A;7;A;54;A;6.59;A;4.33;A;2.86;A
10.08.2025 16:00;34.19;A;21.44;A;1010.9;A;134;A;60;A;0;A;7;A;54;A;5.11;A;3.8;A;2.82;A
10.08.2025 16:15;34.15;A;21.44;A;1010.64;A;129;A;61;A;0;A;7;A;54;A;4.93;A;3.74;A;2.59;A
10.08.2025 16:30;34.49;A;21.9;A;1010.49;A;146;A;59;A;0;A;6;A;52;A;6.37;A;4.31;A;3.26;A
10.08.2025 16:45;34.66;A;21.39;A;1010.46;A;141;A;58;A;0;A;6;A;53;A;6.79;A;4.36;A;3.26;A
10.08.2025 17:00;34.54;A;21.2;A;1010.37;A;130;A;59;A;0;A;6;A;53;A;5.22;A;3.93;A;2.77;A
10.08.2025 17:15;34.39;A;20.92;A;1010.31;A;128;A;59;A;0;A;6;A;52;A;6.94;A;4;A;2.73;A
10.08.2025 17:30;33.89;A;22.12;A;1010.22;A;151;A;58;A;0;A;7;A;51;A;7.02;A;4.53;A;3.15;A
10.08.2025 17:45;33.01;A;23.13;A;1010.05;A;132;A;60;A;0;A;8;A;52;A;8.01;A;4.82;A;3.34;A
10.08.2025 18:00;32.51;A;24.91;A;1009.92;A;153;A;57;A;0;A;7;A;50;A;9.22;A;5.11;A;3.52;A
10.08.2025 18:15;32.02;A;25.6;A;1009.77;A;139;A;56;A;0;A;7;A;49;A;6.55;A;4.85;A;3.31;A
10.08.2025 18:30;31.56;A;25.44;A;1009.65;A;123;A;57;A;0;A;7;A;50;A;6.14;A;4.65;A;3.18;A
10.08.2025 18:45;31.16;A;26.69;A;1009.6;A;151;A;55;A;0;A;9;A;46;A;7.03;A;5.15;A;3.48;A
10.08.2025 19:00;30.77;A;27.53;A;1009.55;A;151;A;54;A;0;A;9;A;45;A;7.76;A;4.85;A;3.51;A
10.08.2025 19:15;30.36;A;28.01;A;1009.57;A;149;A;53;A;0;A;8;A;45;A;7.39;A;5.18;A;3.5;A
10.08.2025 19:30;29.95;A;28.71;A;1009.43;A;145;A;53;A;0;A;8;A;46;A;8.28;A;5.24;A;3.72;A
10.08.2025 19:45;29.48;A;29.69;A;1009.58;A;162;A;52;A;0;A;9;A;43;A;8.69;A;6.09;A;4.17;A
10.08.2025 20:00;28.99;A;30.43;A;1009.47;A;176;A;50;A;0;A;9;A;41;A;8.25;A;5.34;A;3.95;A
10.08.2025 20:15;28.49;A;31.31;A;1009.46;A;199;A;49;A;0;A;11;A;39;A;8.13;A;5.54;A;4.1;A
10.08.2025 20:30;27.82;A;32.85;A;1009.46;A;186;A;48;A;0;A;13;A;35;A;9.07;A;5.64;A;4.05;A
10.08.2025 20:45;26.99;A;34.99;A;1009.41;A;242;A;45;A;0;A;17;A;28;A;8.83;A;5.72;A;4.13;A
10.08.2025 21:00;26.43;A;35.7;A;1009.22;A;271;A;42;A;0;A;16;A;27;A;9.75;A;6.53;A;4.54;A
10.08.2025 21:15;26.13;A;36.06;A;1009.36;A;277;A;41;A;0;A;16;A;25;A;11.65;A;7.38;A;5.17;A
10.08.2025 21:30;25.74;A;36.52;A;1009.38;A;327;A;40;A;0;A;17;A;24;A;11.56;A;7.44;A;5.41;A
10.08.2025 21:45;25.24;A;37.09;A;1009.18;A;339;A;42;A;0;A;22;A;20;A;12.08;A;7.41;A;5.19;A
10.08.2025 22:00;24.87;A;37.36;A;1009.31;A;262;A;41;A;0;A;17;A;24;A;13.56;A;8.77;A;6.25;A
10.08.2025 22:15;24.92;A;36.48;A;1009.34;A;217;A;43;A;0;A;16;A;27;A;18.9;A;14.21;A;11.12;A
10.08.2025 22:30;24.88;A;36.96;A;1009.34;A;180;A;45;A;0;A;14;A;32;A;24.16;A;19;A;14.4;A
10.08.2025 22:45;24.89;A;37.8;A;1009.34;A;171;A;46;A;0;A;12;A;34;A;38.66;A;32.43;A;24.66;A
10.08.2025 23:00;24.64;A;38.83;A;1009.3;A;166;A;45;A;0;A;12;A;33;A;30.26;A;25.02;A;18.51;A
10.08.2025 23:15;24.64;A;38.48;A;1009.31;A;125;A;46;A;0;A;10;A;35;A;11.84;A;8.21;A;5.77;A
10.08.2025 23:30;24.52;A;38.62;A;1009.27;A;110;A;46;A;0;A;10;A;35;A;8.59;A;6.1;A;4.37;A
10.08.2025 23:45;24.28;A;38.97;A;1009.15;A;112;A;46;A;0;A;10;A;36;A;7.37;A;5.68;A;4.4;A
11.08.2025 00:00;24.1;A;39.59;A;1009.14;A;111;A;46;A;0;A;10;A;35;A;8.85;A;6.32;A;4.58;A
11.08.2025 00:15;23.95;A;39.73;A;1008.99;A;109;A;45;A;0;A;10;A;36;A;9.17;A;6.42;A;4.49;A
11.08.2025 00:30;23.74;A;40.17;A;1008.72;A;109;A;45;A;0;A;10;A;35;A;8.74;A;6.55;A;4.7;A
11.08.2025 00:45;23.48;A;40.78;A;1008.65;A;105;A;44;A;0;A;10;A;34;A;10.06;A;7.18;A;5.08;A
11.08.2025 01:00;23.3;A;41.08;A;1008.49;A;106;A;42;A;0;A;10;A;32;A;14.59;A;8.86;A;6.19;A
11.08.2025 01:15;23.38;A;40.61;A;1008.57;A;103;A;43;A;0;A;12;A;31;A;11.22;A;7.46;A;5.35;A
11.08.2025 01:30;23.38;A;40.82;A;1008.58;A;105;A;43;A;0;A;12;A;30;A;11.79;A;7.52;A;5.5;A
11.08.2025 01:45;23.27;A;41.39;A;1008.44;A;110;A;42;A;0;A;12;A;30;A;12.36;A;7.49;A;5.32;A
11.08.2025 02:00;23.02;A;42.24;A;1008.29;A;118;A;41;A;0;A;13;A;28;A;12.27;A;7.43;A;5.58;A
11.08.2025 02:15;22.86;A;42.17;A;1008.26;A;112;A;40;A;0;A;12;A;28;A;12.91;A;7.7;A;5.48;A
11.08.2025 02:30;22.76;A;42.22;A;1008.04;A;112;A;39;A;0;A;13;A;26;A;20.25;A;10.63;A;7.21;A
11.08.2025 02:45;22.82;A;41.92;A;1007.87;A;136;A;39;A;0;A;15;A;24;A;30.85;A;16.77;A;11.49;A
11.08.2025 03:00;22.73;A;41.66;A;1007.66;A;244;A;39;A;0;A;15;A;24;A;33.62;A;20.46;A;14.36;A
11.08.2025 03:15;22.82;A;40.91;A;1007.6;A;742;A;40;A;0;A;15;A;25;A;40.29;A;25.7;A;18.37;A
11.08.2025 03:30;23.17;A;39.05;A;1007.57;A;913;A;44;A;0;A;14;A;30;A;43.63;A;29.89;A;22.24;A
11.08.2025 03:45;23.59;A;37.5;A;1007.47;A;648;A;46;A;0;A;13;A;33;A;36.68;A;26.06;A;19.83;A
11.08.2025 04:00;23.95;A;36.58;A;1007.43;A;309;A;50;A;0;A;15;A;35;A;14.17;A;10.03;A;7.58;A
11.08.2025 04:15;24.01;A;36.33;A;1007.53;A;208;A;49;A;0;A;15;A;35;A;19.43;A;10.73;A;7.36;A
11.08.2025 04:30;23.84;A;36.72;A;1007.62;A;155;A;46;A;0;A;19;A;27;A;18.89;A;10.62;A;7.14;A
11.08.2025 04:45;23.69;A;37.33;A;1007.2;A;144;A;44;A;0;A;18;A;26;A;15.07;A;9.23;A;6.52;A
11.08.2025 05:00;23.74;A;37.39;A;1006.9;A;138;A;43;A;0;A;14;A;29;A;12.71;A;7.85;A;5.53;A
11.08.2025 05:15;23.97;A;36.54;A;1006.79;A;155;A;46;A;0;A;13;A;33;A;16.2;A;10.18;A;6.83;A
11.08.2025 05:30;24.13;A;36.15;A;1006.61;A;125;A;48;A;0;A;13;A;35;A;24.21;A;12.49;A;8.33;A
11.08.2025 05:45;24.2;A;36.06;A;1006.34;A;117;A;49;A;0;A;14;A;35;A;27.97;A;14.3;A;9.94;A
11.08.2025 06:00;24.31;A;36.2;A;1006.09;A;129;A;48;A;0;A;16;A;33;A;28.65;A;15.15;A;10.59;A
11.08.2025 06:15;24.46;A;36.42;A;1005.97;A;167;A;47;A;0;A;17;A;31;A;26.48;A;13.65;A;9.52;A
11.08.2025 06:30;24.52;A;36.86;A;1005.72;A;152;A;50;A;0;A;16;A;34;A;25.81;A;13.78;A;9.56;A
11.08.2025 06:45;24.53;A;37.8;A;1005.69;A;152;A;48;A;0;A;18;A;30;A;40.24;A;18.2;A;12.17;A
11.08.2025 07:00;24.58;A;38.27;A;1005.57;A;157;A;48;A;0;A;16;A;32;A;27.55;A;15.5;A;10.42;A
11.08.2025 07:15;24.69;A;38.69;A;1005.54;A;157;A;49;A;0;A;16;A;33;A;20.07;A;11.46;A;7.92;A
11.08.2025 07:30;24.85;A;39.25;A;1005.55;A;158;A;48;A;0;A;16;A;32;A;17.51;A;9.92;A;7.15;A
11.08.2025 07:45;25.21;A;39.76;A;1005.48;A;159;A;50;A;0;A;16;A;34;A;15.37;A;8.97;A;6.46;A
11.08.2025 08:00;25.49;A;39.98;A;1005.54;A;149;A;49;A;0;A;14;A;35;A;13.94;A;9.12;A;6.54;A
11.08.2025 08:15;25.56;A;40.54;A;1005.75;A;176;A;47;A;0;A;16;A;31;A;14.53;A;9.8;A;6.71;A
11.08.2025 08:30;25.36;A;41.07;A;1005.66;A;165;A;45;A;0;A;14;A;31;A;14.8;A;10.37;A;7.32;A
11.08.2025 08:45;25.43;A;41.35;A;1005.72;A;187;A;44;A;0;A;13;A;31;A;20.79;A;15.56;A;11.31;A
11.08.2025 09:00;25.64;A;41.07;A;1005.68;A;201;A;44;A;0;A;16;A;28;A;19.94;A;11.87;A;8.49;A
11.08.2025 09:15;25.76;A;41.42;A;1005.56;A;226;A;45;A;0;A;16;A;28;A;25.78;A;16.86;A;11.91;A
11.08.2025 09:30;26.18;A;41.67;A;1005.45;A;191;A;48;A;0;A;13;A;36;A;17.65;A;12.57;A;9.17;A
11.08.2025 09:45;26.61;A;41.97;A;1005.54;A;194;A;51;A;0;A;16;A;35;A;15.71;A;12;A;8.54;A
11.08.2025 10:00;27.42;A;41.05;A;1005.4;A;196;A;50;A;0;A;12;A;38;A;19.05;A;12.51;A;9.2;A
11.08.2025 10:15;27.71;A;40.98;A;1005.55;A;168;A;52;A;0;A;11;A;41;A;15.79;A;10.34;A;7.73;A
11.08.2025 10:30;27.89;A;42.17;A;1005.6;A;173;A;54;A;0;A;12;A;42;A;14.57;A;11.07;A;7.97;A
11.08.2025 10:45;28.23;A;43.1;A;1005.63;A;204;A;53;A;0;A;10;A;43;A;16.25;A;11.38;A;8.34;A
11.08.2025 11:00;28.16;A;45.03;A;1005.89;A;185;A;54;A;0;A;12;A;42;A;19.93;A;12.89;A;8.97;A
11.08.2025 11:15;28.12;A;47.46;A;1005.96;A;201;A;53;A;0;A;11;A;42;A;16.28;A;11.75;A;8.73;A
11.08.2025 11:30;28.13;A;47.96;A;1005.97;A;204;A;55;A;0;A;10;A;45;A;17.74;A;11.9;A;8.83;A
11.08.2025 11:45;28.39;A;47.49;A;1005.79;A;173;A;56;A;0;A;10;A;46;A;18.29;A;12.24;A;9.42;A
11.08.2025 12:00;28.54;A;47.04;A;1005.84;A;199;A;55;A;0;A;15;A;40;A;22.36;A;14.2;A;11.02;A
11.08.2025 12:15;28.59;A;47.32;A;1005.83;A;187;A;54;A;0;A;12;A;42;A;17.66;A;12.74;A;9.95;A
11.08.2025 12:30;28.95;A;45.09;A;1005.94;A;187;A;52;A;0;A;8;A;44;A;23.96;A;18.01;A;13.59;A
11.08.2025 12:45;29.21;A;42.09;A;1005.81;A;151;A;57;A;0;A;9;A;48;A;20.84;A;15.75;A;11.58;A
11.08.2025 13:00;29.35;A;40.21;A;1005.88;A;149;A;59;A;0;A;10;A;49;A;22.91;A;17.69;A;12.65;A
11.08.2025 13:15;29.6;A;40.42;A;1005.86;A;194;A;59;A;0;A;12;A;47;A;31.17;A;24.25;A;18.51;A
11.08.2025 13:30;29.62;A;39.18;A;1006.05;A;321;A;63;A;0;A;18;A;45;A;27.36;A;18.65;A;13.9;A
11.08.2025 13:45;29.94;A;37.11;A;1006.14;A;205;A;60;A;0;A;10;A;50;A;20.27;A;14.29;A;10.63;A
11.08.2025 14:00;30.29;A;37.3;A;1006.2;A;177;A;62;A;0;A;11;A;51;A;19.08;A;14.18;A;10.21;A
11.08.2025 14:15;30.27;A;36.68;A;1006.28;A;171;A;62;A;0;A;10;A;52;A;16.48;A;11.71;A;8.69;A
11.08.2025 14:30;30.5;A;34.79;A;1006.4;A;153;A;64;A;0;A;9;A;54;A;12.53;A;8.82;A;6.39;A
11.08.2025 14:45;30.59;A;34.23;A;1006.38;A;160;A;66;A;0;A;11;A;55;A;14.65;A;8.5;A;5.89;A
11.08.2025 15:00;30.79;A;33.22;A;1006.48;A;160;A;65;A;0;A;10;A;54;A;17.03;A;9;A;6.15;A
11.08.2025 15:15;31.26;A;30.46;A;1006.44;A;145;A;63;A;0;A;10;A;53;A;12.48;A;7.53;A;5.19;A
11.08.2025 15:30;31.43;A;30.01;A;1006.39;A;142;A;64;A;0;A;9;A;54;A;13.5;A;7.57;A;5.18;A
11.08.2025 15:45;31.62;A;29.19;A;1006.61;A;147;A;64;A;0;A;10;A;54;A;12.24;A;8.03;A;5.99;A
11.08.2025 16:00;31.58;A;29.12;A;1006.61;A;225;A;64;A;0;A;12;A;52;A;12.05;A;7.8;A;5.96;A
11.08.2025 16:15;31.73;A;27.84;A;1006.58;A;188;A;62;A;0;A;9;A;53;A;19.71;A;9.62;A;6.5;A
11.08.2025 16:30;31.66;A;26.75;A;1006.56;A;133;A;60;A;0;A;8;A;52;A;15.9;A;8.49;A;6.02;A
11.08.2025 16:45;31.71;A;27.45;A;1006.65;A;140;A;61;A;0;A;11;A;50;A;18.16;A;8.61;A;5.64;A
11.08.2025 17:00;31.31;A;28.22;A;1006.73;A;137;A;58;A;0;A;9;A;49;A;19.35;A;9.13;A;5.86;A
11.08.2025 17:15;31.18;A;27.82;A;1006.93;A;142;A;55;A;0;A;8;A;47;A;15.42;A;8.28;A;5.28;A
11.08.2025 17:30;30.52;A;27.21;A;1006.88;A;135;A;56;A;0;A;9;A;47;A;13.71;A;7.62;A;5.24;A
11.08.2025 17:45;29.68;A;28.63;A;1007;A;134;A;56;A;0;A;9;A;47;A;13.83;A;8.29;A;5.83;A
11.08.2025 18:00;28.98;A;29.19;A;1007.09;A;117;A;56;A;0;A;9;A;47;A;14.45;A;8.9;A;6.2;A
11.08.2025 18:15;28.4;A;31.05;A;1007.2;A;125;A;56;A;0;A;10;A;46;A;15.89;A;9.58;A;6.55;A
11.08.2025 18:30;27.89;A;32.54;A;1007.37;A;120;A;54;A;0;A;10;A;45;A;23.13;A;12.11;A;8.08;A
11.08.2025 18:45;27.55;A;33.85;A;1007.6;A;117;A;54;A;0;A;10;A;43;A;14.75;A;9.3;A;6.54;A
11.08.2025 19:00;26.99;A;33.79;A;1007.65;A;102;A;53;A;0;A;9;A;44;A;20.42;A;11.44;A;7.74;A
11.08.2025 19:15;26.47;A;34.14;A;1007.79;A;97;A;53;A;0;A;10;A;44;A;47.76;A;19.4;A;11.83;A
11.08.2025 19:30;26.06;A;36.06;A;1007.79;A;100;A;52;A;0;A;10;A;42;A;11.73;A;8.34;A;6.1;A
11.08.2025 19:45;25.68;A;35.99;A;1007.88;A;85;A;50;A;0;A;10;A;40;A;13.47;A;9.07;A;6.04;A
11.08.2025 20:00;25.34;A;36.72;A;1007.92;A;84;A;50;A;0;A;10;A;40;A;11.54;A;8.31;A;6.02;A
11.08.2025 20:15;25.04;A;36.7;A;1008.07;A;88;A;49;A;0;A;10;A;39;A;13.45;A;9.46;A;6.2;A
11.08.2025 20:30;24.8;A;36.83;A;1008.31;A;80;A;50;A;0;A;11;A;39;A;12.77;A;9.52;A;6.68;A
11.08.2025 20:45;24.57;A;37.59;A;1008.58;A;87;A;48;A;0;A;12;A;36;A;13.43;A;9.69;A;6.77;A
11.08.2025 21:00;24.28;A;38.81;A;1008.75;A;96;A;46;A;0;A;14;A;33;A;12.83;A;9.78;A;6.91;A
11.08.2025 21:15;23.9;A;40.05;A;1008.97;A;97;A;45;A;0;A;15;A;31;A;13.57;A;9.74;A;6.8;A
11.08.2025 21:30;23.52;A;41.18;A;1008.9;A;100;A;44;A;0;A;16;A;28;A;12.36;A;9.41;A;6.84;A
11.08.2025 21:45;23.25;A;41.95;A;1008.91;A;108;A;43;A;0;A;16;A;27;A;14.16;A;10.04;A;7.04;A
11.08.2025 22:00;22.99;A;42.65;A;1008.92;A;103;A;42;A;0;A;18;A;25;A;13.02;A;10.25;A;7.13;A
11.08.2025 22:15;22.9;A;42.93;A;1008.99;A;97;A;43;A;0;A;18;A;25;A;14.61;A;10.29;A;7.16;A
11.08.2025 22:30;22.68;A;43.76;A;1008.98;A;96;A;43;A;0;A;18;A;25;A;14.77;A;10.79;A;7.41;A
11.08.2025 22:45;22.5;A;44.02;A;1009;A;104;A;43;A;0;A;18;A;25;A;15.34;A;11.07;A;7.89;A
11.08.2025 23:00;22.37;A;44.49;A;1009.18;A;85;A;46;A;0;A;14;A;32;A;13.54;A;10.66;A;7.5;A
11.08.2025 23:15;22.29;A;44.99;A;1009.36;A;79;A;46;A;0;A;13;A;33;A;13.9;A;10.34;A;7.43;A
11.08.2025 23:30;22.19;A;45.43;A;1009.42;A;78;A;46;A;0;A;12;A;34;A;13.5;A;10.23;A;7.07;A
11.08.2025 23:45;22.08;A;46.02;A;1009.54;A;78;A;47;A;0;A;13;A;33;A;13.99;A;9.74;A;7.21;A
12.08.2025 00:00;21.91;A;46.74;A;1009.6;A;80;A;46;A;0;A;14;A;32;A;14.38;A;10.33;A;7.37;A
12.08.2025 00:15;21.77;A;47.22;A;1009.57;A;77;A;45;A;0;A;13;A;33;A;13.4;A;10;A;7.04;A
12.08.2025 00:30;21.61;A;47.67;A;1009.61;A;78;A;45;A;0;A;14;A;31;A;13.89;A;10.32;A;7.23;A
12.08.2025 00:45;21.38;A;48.38;A;1009.67;A;81;A;44;A;0;A;15;A;29;A;13.64;A;10.49;A;7.23;A
12.08.2025 01:00;21;A;49.62;A;1009.79;A;80;A;42;A;0;A;12;A;31;A;15.22;A;10.7;A;7.39;A
12.08.2025 01:15;20.65;A;50.48;A;1009.85;A;79;A;41;A;0;A;11;A;31;A;15.46;A;11.05;A;7.55;A
12.08.2025 01:30;20.36;A;51.22;A;1009.86;A;77;A;41;A;0;A;10;A;31;A;14.36;A;10.7;A;7.85;A
12.08.2025 01:45;20.08;A;52.08;A;1009.93;A;75;A;41;A;0;A;11;A;30;A;14.95;A;11.49;A;8.27;A
12.08.2025 02:00;19.86;A;53.1;A;1009.93;A;75;A;40;A;0;A;10;A;30;A;15.19;A;11.63;A;8.24;A
12.08.2025 02:15;19.63;A;53.96;A;1009.92;A;76;A;40;A;0;A;10;A;30;A;15.54;A;11.47;A;8.41;A
12.08.2025 02:30;19.45;A;54.61;A;1009.95;A;75;A;39;A;0;A;10;A;29;A;15.11;A;11.99;A;8.52;A
12.08.2025 02:45;19.24;A;55.24;A;1009.98;A;76;A;38;A;0;A;11;A;27;A;14.95;A;11.91;A;8.39;A
12.08.2025 03:00;19.17;A;55.38;A;1010;A;74;A;38;A;0;A;12;A;26;A;16.41;A;11.83;A;8.41;A
12.08.2025 03:15;19.02;A;55.51;A;1010.08;A;71;A;38;A;0;A;11;A;27;A;15.99;A;11.38;A;8.14;A
12.08.2025 03:30;18.86;A;55.92;A;1010.2;A;72;A;37;A;0;A;11;A;26;A;14.86;A;11.41;A;8.22;A
12.08.2025 03:45;18.69;A;56.16;A;1010.15;A;69;A;36;A;0;A;10;A;26;A;14.81;A;11.13;A;8.1;A
12.08.2025 04:00;18.47;A;56.98;A;1010.15;A;70;A;36;A;0;A;9;A;26;A;15.26;A;11.33;A;8.06;A
12.08.2025 04:15;18.3;A;57.62;A;1010.16;A;71;A;35;A;0;A;10;A;25;A;15.5;A;11.31;A;8.1;A
12.08.2025 04:30;18.19;A;57.91;A;1010.25;A;68;A;35;A;0;A;11;A;24;A;14.97;A;11.36;A;7.79;A
12.08.2025 04:45;18.12;A;58.07;A;1010.28;A;64;A;35;A;0;A;11;A;23;A;14.99;A;11.06;A;7.95;A
12.08.2025 05:00;17.93;A;58.63;A;1010.45;A;66;A;34;A;0;A;11;A;23;A;15.24;A;10.73;A;7.82;A
12.08.2025 05:15;17.68;A;59.54;A;1010.41;A;68;A;34;A;0;A;10;A;24;A;15.07;A;11.16;A;8.13;A
12.08.2025 05:30;17.49;A;60.27;A;1010.52;A;74;A;33;A;0;A;10;A;24;A;15.29;A;11;A;7.92;A
12.08.2025 05:45;17.35;A;61;A;1010.63;A;81;A;32;A;0;A;10;A;22;A;16.12;A;11.77;A;8.39;A
12.08.2025 06:00;17.29;A;61.18;A;1010.78;A;82;A;32;A;0;A;10;A;22;A;15.23;A;11.6;A;8.21;A
12.08.2025 06:15;17.24;A;61.3;A;1010.92;A;91;A;31;A;0;A;12;A;19;A;17.57;A;11.82;A;8.38;A
12.08.2025 06:30;17.27;A;61.18;A;1011.06;A;84;A;32;A;0;A;10;A;22;A;16.33;A;11.6;A;8;A
12.08.2025 06:45;17.44;A;60.99;A;1011.2;A;95;A;32;A;0;A;11;A;21;A;17.02;A;11.47;A;8.22;A
12.08.2025 07:00;17.8;A;60.24;A;1011.19;A;90;A;32;A;0;A;10;A;22;A;24.23;A;13.9;A;8.88;A
12.08.2025 07:15;18.87;A;57.32;A;1011.25;A;88;A;32;A;0;A;11;A;21;A;17.94;A;11.64;A;8.08;A
12.08.2025 07:30;19.72;A;55.12;A;1011.38;A;84;A;32;A;0;A;10;A;22;A;17.08;A;12.08;A;8.62;A
12.08.2025 07:45;20.12;A;54.81;A;1011.48;A;174;A;33;A;0;A;13;A;20;A;19.1;A;14.23;A;9.78;A
12.08.2025 08:00;20.41;A;54.49;A;1011.47;A;113;A;35;A;0;A;11;A;24;A;15.57;A;10.14;A;7.14;A
12.08.2025 08:15;20.71;A;54.09;A;1011.58;A;103;A;36;A;0;A;10;A;25;A;14.95;A;9.11;A;6.44;A
12.08.2025 08:30;21.29;A;52.64;A;1011.39;A;111;A;36;A;0;A;11;A;25;A;15.75;A;10.77;A;7.51;A
12.08.2025 08:45;21.95;A;50.67;A;1011.23;A;107;A;38;A;0;A;10;A;27;A;14.58;A;9.23;A;6.71;A
12.08.2025 09:00;22.93;A;47.4;A;1011.42;A;112;A;39;A;0;A;10;A;30;A;15.88;A;8.03;A;5.62;A
12.08.2025 09:15;24.72;A;42.69;A;1011.39;A;162;A;40;A;0;A;9;A;31;A;13.62;A;7.45;A;4.82;A
12.08.2025 09:30;26.07;A;38.91;A;1011.38;A;93;A;45;A;0;A;9;A;36;A;11.46;A;7.19;A;4.94;A
12.08.2025 09:45;26.49;A;37.2;A;1011.41;A;142;A;46;A;0;A;9;A;37;A;8.92;A;5.78;A;3.98;A
12.08.2025 10:00;26.15;A;37.27;A;1011.42;A;130;A;50;A;0;A;13;A;36;A;15.91;A;11.68;A;8.37;A
12.08.2025 10:15;26.18;A;36.67;A;1011.31;A;132;A;47;A;0;A;11;A;36;A;8.83;A;5.03;A;3.43;A
12.08.2025 10:30;26.4;A;35.27;A;1011.32;A;121;A;47;A;0;A;10;A;37;A;10.97;A;5.76;A;3.89;A
12.08.2025 10:45;26.83;A;34.31;A;1011.42;A;106;A;48;A;0;A;10;A;39;A;8.3;A;4.86;A;3.17;A
12.08.2025 11:00;26.78;A;34.35;A;1011.29;A;112;A;49;A;0;A;10;A;39;A;9.42;A;4.95;A;3.46;A
12.08.2025 11:15;26.79;A;34.61;A;1011.19;A;139;A;48;A;0;A;10;A;37;A;7.45;A;4.55;A;3.02;A
12.08.2025 11:30;26.72;A;33.42;A;1011.22;A;102;A;47;A;0;A;9;A;39;A;7.13;A;3.76;A;2.7;A
12.08.2025 11:45;27.08;A;31.18;A;1011.1;A;102;A;49;A;0;A;10;A;39;A;9.97;A;5.91;A;4.12;A
12.08.2025 12:00;27.36;A;30.88;A;1011.03;A;100;A;48;A;0;A;9;A;40;A;6.52;A;4.15;A;2.88;A
12.08.2025 12:15;27.33;A;30.81;A;1011.02;A;109;A;50;A;0;A;10;A;40;A;8.36;A;4.21;A;2.99;A
12.08.2025 12:30;27.55;A;30.15;A;1011;A;111;A;50;A;0;A;11;A;39;A;8.75;A;4.64;A;3.25;A
12.08.2025 12:45;27.88;A;30.55;A;1011.05;A;118;A;48;A;0;A;9;A;39;A;8.82;A;4.91;A;3.42;A
12.08.2025 13:00;27.94;A;30.45;A;1011.02;A;109;A;48;A;0;A;8;A;40;A;8.08;A;5.15;A;3.21;A
12.08.2025 13:15;28.11;A;29.2;A;1010.8;A;102;A;48;A;0;A;8;A;40;A;6.09;A;3.65;A;2.4;A
12.08.2025 13:30;28.51;A;29.06;A;1010.84;A;104;A;48;A;0;A;9;A;39;A;5.46;A;3.73;A;2.23;A
12.08.2025 13:45;28.86;A;28.16;A;1010.76;A;127;A;48;A;0;A;9;A;39;A;13.84;A;5.38;A;3.29;A
12.08.2025 14:00;29.6;A;26.69;A;1010.59;A;121;A;49;A;0;A;9;A;40;A;7.38;A;4.55;A;3.03;A
12.08.2025 14:15;30.45;A;26.25;A;1010.69;A;121;A;49;A;0;A;8;A;41;A;6.94;A;3.65;A;2.51;A
12.08.2025 14:30;30.85;A;25.77;A;1010.64;A;118;A;48;A;0;A;8;A;41;A;6.83;A;3.52;A;2.34;A
12.08.2025 14:45;30.9;A;26.07;A;1010.62;A;117;A;49;A;0;A;8;A;41;A;5.02;A;3.28;A;2.39;A
12.08.2025 15:00;31.11;A;25.19;A;1010.48;A;115;A;49;A;0;A;7;A;42;A;5.84;A;3.53;A;2.23;A
12.08.2025 15:15;31.39;A;24.04;A;1010.36;A;101;A;49;A;0;A;7;A;42;A;3.94;A;2.46;A;1.69;A
12.08.2025 15:30;31.27;A;24.21;A;1010.37;A;106;A;50;A;0;A;8;A;43;A;4.67;A;2.52;A;1.54;A
12.08.2025 15:45;30.87;A;24.82;A;1010.43;A;139;A;49;A;0;A;9;A;40;A;9.9;A;5.42;A;3.96;A
12.08.2025 16:00;31.1;A;24.38;A;1010.27;A;112;A;48;A;0;A;7;A;41;A;5.93;A;3.23;A;2.15;A
12.08.2025 16:15;30.65;A;24.21;A;1010.36;A;110;A;48;A;0;A;8;A;41;A;4.65;A;2.82;A;1.76;A
12.08.2025 16:30;30.13;A;25.1;A;1010.57;A;164;A;49;A;0;A;9;A;40;A;5.83;A;2.87;A;1.9;A
12.08.2025 16:45;30.39;A;25.15;A;1010.44;A;101;A;48;A;0;A;7;A;41;A;4.94;A;2.6;A;1.76;A
12.08.2025 17:00;30.92;A;24.65;A;1010.36;A;99;A;48;A;0;A;7;A;41;A;4.6;A;2.75;A;1.8;A
12.08.2025 17:15;31.02;A;24.81;A;1010.3;A;112;A;51;A;0;A;9;A;42;A;5.14;A;2.96;A;1.91;A
12.08.2025 17:30;30.69;A;25.03;A;1010.36;A;110;A;51;A;0;A;9;A;43;A;5.33;A;2.63;A;1.84;A
12.08.2025 17:45;30.01;A;25.37;A;1010.4;A;109;A;51;A;0;A;9;A;42;A;7.39;A;3.52;A;2.1;A
12.08.2025 18:00;29.58;A;26.25;A;1010.33;A;115;A;52;A;0;A;10;A;42;A;4.73;A;2.69;A;1.91;A
12.08.2025 18:15;29.25;A;26.89;A;1010.3;A;115;A;50;A;0;A;9;A;41;A;6.21;A;3.11;A;2.01;A
12.08.2025 18:30;28.91;A;27;A;1010.32;A;91;A;48;A;0;A;8;A;39;A;4.84;A;2.61;A;1.66;A
12.08.2025 18:45;28.52;A;27.94;A;1010.54;A;95;A;46;A;0;A;8;A;38;A;5.52;A;2.64;A;1.69;A
12.08.2025 19:00;28.14;A;28.13;A;1010.41;A;95;A;46;A;0;A;9;A;37;A;6.48;A;3.12;A;1.95;A
12.08.2025 19:15;27.78;A;28.96;A;1010.39;A;99;A;45;A;0;A;9;A;36;A;4.98;A;3.05;A;2.12;A
12.08.2025 19:30;27.43;A;30.37;A;1010.4;A;98;A;44;A;0;A;8;A;36;A;4.58;A;2.75;A;1.85;A
12.08.2025 19:45;27.1;A;30.86;A;1010.35;A;92;A;44;A;0;A;8;A;36;A;4.77;A;2.93;A;1.93;A
12.08.2025 20:00;26.79;A;31.1;A;1010.4;A;84;A;44;A;0;A;8;A;36;A;4.46;A;2.59;A;1.54;A
12.08.2025 20:15;26.48;A;31.82;A;1010.57;A;93;A;43;A;0;A;9;A;34;A;5.12;A;2.54;A;1.6;A
12.08.2025 20:30;26.11;A;32.66;A;1010.56;A;105;A;41;A;0;A;9;A;32;A;4.49;A;2.62;A;1.73;A
12.08.2025 20:45;25.61;A;34.01;A;1010.81;A;121;A;40;A;0;A;10;A;30;A;6.45;A;3.5;A;2.17;A
12.08.2025 21:00;25.14;A;35.57;A;1011.06;A;150;A;39;A;0;A;12;A;28;A;6.63;A;3.94;A;2.63;A
12.08.2025 21:15;24.59;A;37.39;A;1011.1;A;166;A;37;A;0;A;12;A;25;A;8.08;A;4.4;A;2.99;A
12.08.2025 21:30;24.02;A;39.01;A;1011.06;A;257;A;35;A;0;A;18;A;17;A;11.75;A;7.62;A;5.43;A
12.08.2025 21:45;23.58;A;40.17;A;1011.07;A;242;A;34;A;0;A;15;A;19;A;14.71;A;9.72;A;6.69;A
12.08.2025 22:00;23.19;A;41.57;A;1011.08;A;256;A;34;A;0;A;19;A;15;A;14.73;A;8.92;A;6.31;A
12.08.2025 22:15;22.75;A;42.99;A;1011.16;A;212;A;33;A;0;A;16;A;17;A;15.35;A;8.62;A;5.91;A
12.08.2025 22:30;22.35;A;44.34;A;1011.14;A;209;A;33;A;0;A;16;A;17;A;18.24;A;9.26;A;6.13;A
12.08.2025 22:45;21.98;A;45.55;A;1011.14;A;227;A;32;A;0;A;16;A;16;A;14.84;A;8.78;A;5.85;A
12.08.2025 23:00;21.63;A;46.62;A;1011.37;A;210;A;31;A;0;A;14;A;17;A;13.57;A;8.09;A;5.71;A
12.08.2025 23:15;21.35;A;47.54;A;1011.54;A;212;A;30;A;0;A;14;A;16;A;15.18;A;8.86;A;6.14;A
12.08.2025 23:30;21.21;A;48.34;A;1011.61;A;234;A;31;A;0;A;18;A;12;A;14.89;A;9.23;A;6.44;A
12.08.2025 23:45;21.05;A;49.07;A;1011.64;A;222;A;31;A;0;A;16;A;15;A;13.35;A;8.5;A;6.02;A
13.08.2025 00:00;20.9;A;49.72;A;1011.75;A;215;A;30;A;0;A;13;A;17;A;13.22;A;8.81;A;5.99;A
13.08.2025 00:15;20.78;A;51.07;A;1011.83;A;247;A;28;A;0;A;16;A;11;A;15.16;A;9.51;A;6.45;A
13.08.2025 00:30;20.63;A;51.29;A;1011.81;A;298;A;27;A;0;A;22;A;5;A;18.83;A;10.92;A;7.4;A
13.08.2025 00:45;20.43;A;51.94;A;1011.78;A;330;A;26;A;0;A;23;A;4;A;17.55;A;11.29;A;7.9;A
13.08.2025 01:00;20.19;A;52.38;A;1011.85;A;340;A;25;A;0;A;21;A;3;A;18.75;A;11.76;A;8.35;A
13.08.2025 01:15;19.92;A;53.24;A;1011.8;A;322;A;27;A;0;A;22;A;4;A;20.41;A;12.68;A;9.16;A
13.08.2025 01:30;19.71;A;53.95;A;1011.79;A;286;A;27;A;0;A;19;A;8;A;21.63;A;12.69;A;9.15;A
13.08.2025 01:45;19.47;A;54.78;A;1011.74;A;255;A;28;A;0;A;17;A;11;A;20.53;A;12.99;A;8.88;A
13.08.2025 02:00;19.32;A;55.21;A;1011.75;A;225;A;29;A;0;A;16;A;14;A;19.17;A;12.37;A;8.34;A
13.08.2025 02:15;19.1;A;56.13;A;1011.74;A;221;A;28;A;0;A;14;A;14;A;18.24;A;11.65;A;8.07;A
13.08.2025 02:30;18.87;A;56.67;A;1011.76;A;211;A;28;A;0;A;13;A;15;A;16.65;A;10.17;A;7.34;A
13.08.2025 02:45;18.79;A;56.46;A;1011.9;A;176;A;29;A;0;A;12;A;17;A;15.11;A;10.22;A;6.85;A
13.08.2025 03:00;18.59;A;57.21;A;1011.96;A;172;A;28;A;0;A;13;A;16;A;14.59;A;9.54;A;6.56;A
13.08.2025 03:15;18.49;A;57.31;A;1011.87;A;162;A;30;A;0;A;17;A;13;A;14.98;A;9.17;A;6.58;A
13.08.2025 03:30;18.41;A;58.04;A;1011.83;A;192;A;26;A;0;A;18;A;8;A;15.43;A;10.13;A;7.25;A
13.08.2025 03:45;18.29;A;58.59;A;1011.84;A;231;A;24;A;0;A;16;A;8;A;17.55;A;10.23;A;7.5;A
13.08.2025 04:00;18.07;A;59.01;A;1011.79;A;213;A;25;A;0;A;17;A;8;A;15.89;A;9.85;A;6.74;A
13.08.2025 04:15;18.01;A;58.85;A;1011.84;A;182;A;29;A;0;A;18;A;11;A;15.02;A;9.38;A;6.67;A
13.08.2025 04:30;17.95;A;58.97;A;1011.84;A;196;A;28;A;0;A;14;A;14;A;17.64;A;10.9;A;7.64;A
13.08.2025 04:45;17.9;A;58.88;A;1012.01;A;209;A;26;A;0;A;13;A;13;A;16.54;A;10.27;A;7.41;A
13.08.2025 05:00;17.77;A;59.79;A;1012.26;A;229;A;27;A;0;A;15;A;12;A;15.9;A;11.09;A;7.62;A
13.08.2025 05:15;17.6;A;60.45;A;1012.25;A;215;A;27;A;0;A;12;A;15;A;14.52;A;9.48;A;6.86;A
13.08.2025 05:30;17.46;A;61.19;A;1012.27;A;200;A;29;A;0;A;13;A;16;A;15.78;A;8.7;A;6.67;A
13.08.2025 05:45;17.37;A;61.2;A;1012.28;A;189;A;28;A;0;A;12;A;16;A;14.37;A;9.35;A;6.37;A
13.08.2025 06:00;17.46;A;60.84;A;1012.42;A;209;A;30;A;0;A;19;A;11;A;20.31;A;11.07;A;7.36;A
13.08.2025 06:15;17.56;A;59.99;A;1012.52;A;195;A;30;A;0;A;23;A;7;A;19.51;A;11.28;A;7.53;A
13.08.2025 06:30;17.74;A;59.63;A;1012.73;A;204;A;32;A;0;A;23;A;9;A;16.81;A;9.55;A;6.07;A
13.08.2025 06:45;18.07;A;58.5;A;1012.59;A;217;A;33;A;0;A;22;A;11;A;12.15;A;7.71;A;5.11;A
13.08.2025 07:00;18.73;A;56.71;A;1012.67;A;190;A;35;A;0;A;22;A;13;A;10.18;A;6.04;A;4.19;A
13.08.2025 07:15;20.1;A;53.55;A;1012.8;A;157;A;37;A;0;A;22;A;15;A;10.95;A;7.01;A;4.79;A
13.08.2025 07:30;20.84;A;52.21;A;1012.94;A;141;A;39;A;0;A;20;A;19;A;10.84;A;6.6;A;4.61;A
13.08.2025 07:45;21.11;A;52.17;A;1013.03;A;140;A;41;A;0;A;17;A;24;A;15.52;A;8.37;A;5.5;A
13.08.2025 08:00;21.44;A;51.74;A;1013.1;A;154;A;41;A;0;A;17;A;24;A;14.34;A;8.08;A;5.53;A
13.08.2025 08:15;21.48;A;51.51;A;1013.22;A;149;A;41;A;0;A;13;A;28;A;14.21;A;8.19;A;5.84;A
13.08.2025 08:30;22.06;A;49.99;A;1013.07;A;137;A;41;A;0;A;13;A;27;A;11.74;A;7.08;A;4.59;A
13.08.2025 08:45;22.96;A;47.49;A;1013;A;131;A;41;A;0;A;11;A;30;A;17.02;A;11.03;A;7.22;A
13.08.2025 09:00;24.1;A;44.44;A;1013.09;A;212;A;45;A;0;A;18;A;27;A;18.3;A;11.99;A;8.53;A
13.08.2025 09:15;26.18;A;39.97;A;1013.18;A;184;A;47;A;0;A;19;A;27;A;13.79;A;7.87;A;5.29;A
13.08.2025 09:30;27.74;A;36.85;A;1013.18;A;212;A;53;A;0;A;27;A;25;A;15.97;A;10.43;A;7.23;A
13.08.2025 09:45;28.09;A;35.11;A;1013.1;A;221;A;53;A;0;A;14;A;39;A;13.9;A;7.28;A;4.41;A
13.08.2025 10:00;27.55;A;35.86;A;1013.09;A;186;A;54;A;0;A;15;A;39;A;11.74;A;6.11;A;3.85;A
13.08.2025 10:15;27.5;A;35.24;A;1013.05;A;142;A;51;A;0;A;11;A;40;A;8.79;A;4.31;A;2.7;A
13.08.2025 10:30;27.79;A;34.7;A;1013.04;A;137;A;52;A;0;A;12;A;40;A;8.99;A;4.58;A;2.95;A
13.08.2025 10:45;28.44;A;33.16;A;1013.05;A;399;A;52;A;0;A;9;A;43;A;6.87;A;3.97;A;2.7;A
13.08.2025 11:00;28.24;A;33.09;A;1013.02;A;129;A;54;A;0;A;9;A;44;A;9.54;A;4.1;A;2.63;A
13.08.2025 11:15;28.23;A;33.42;A;1012.88;A;129;A;53;A;0;A;10;A;43;A;6.08;A;3.19;A;2.08;A
13.08.2025 11:30;28.34;A;32.79;A;1012.78;A;115;A;53;A;0;A;8;A;44;A;7.47;A;3.65;A;2.2;A
13.08.2025 11:45;28.66;A;32.47;A;1012.9;A;140;A;52;A;0;A;11;A;42;A;8.06;A;3.79;A;2.46;A
13.08.2025 12:00;28.82;A;32.16;A;1013.03;A;138;A;51;A;0;A;9;A;42;A;6.22;A;3.46;A;2.1;A
13.08.2025 12:15;28.89;A;30.95;A;1012.92;A;124;A;53;A;0;A;9;A;43;A;5.95;A;3.33;A;2.25;A
13.08.2025 12:30;29.02;A;31.24;A;1012.82;A;127;A;53;A;0;A;10;A;43;A;6.8;A;4.67;A;3.21;A
13.08.2025 12:45;29.38;A;30.45;A;1012.9;A;138;A;51;A;0;A;8;A;43;A;5.96;A;3.73;A;2.71;A
13.08.2025 13:00;29.62;A;30.06;A;1012.85;A;124;A;50;A;0;A;9;A;42;A;6.95;A;3.84;A;2.57;A
13.08.2025 13:15;29.78;A;28.43;A;1012.7;A;123;A;53;A;0;A;9;A;43;A;6.07;A;3.35;A;2.26;A
13.08.2025 13:30;29.91;A;28.79;A;1012.62;A;124;A;53;A;0;A;9;A;44;A;5.46;A;3.06;A;2.06;A
13.08.2025 13:45;30.29;A;27.8;A;1012.63;A;129;A;52;A;0;A;9;A;43;A;6.45;A;3.76;A;2.36;A
13.08.2025 14:00;31.18;A;26.29;A;1012.56;A;119;A;53;A;0;A;8;A;45;A;7.8;A;3.79;A;2.47;A
13.08.2025 14:15;31.83;A;24.86;A;1012.28;A;112;A;54;A;0;A;8;A;46;A;5.59;A;3.19;A;2.15;A
13.08.2025 14:30;32.38;A;24.47;A;1012.16;A;120;A;55;A;0;A;8;A;47;A;5.59;A;3.51;A;2.24;A
13.08.2025 14:45;32.63;A;24.27;A;1012.16;A;120;A;55;A;0;A;8;A;47;A;6.9;A;3.11;A;2.09;A
13.08.2025 15:00;32.9;A;24.95;A;1011.99;A;127;A;55;A;0;A;8;A;47;A;5.9;A;3.43;A;2.14;A
13.08.2025 15:15;32.74;A;25.27;A;1011.96;A;149;A;54;A;0;A;8;A;46;A;7.25;A;4.51;A;2.85;A
13.08.2025 15:30;33.01;A;25.6;A;1011.99;A;128;A;53;A;0;A;8;A;45;A;4.82;A;3.31;A;2.21;A
13.08.2025 15:45;33.08;A;25.59;A;1011.95;A;137;A;52;A;0;A;7;A;45;A;8.74;A;6.05;A;4.06;A
13.08.2025 16:00;33.26;A;25.54;A;1011.91;A;143;A;53;A;0;A;7;A;46;A;8.99;A;5.41;A;3.71;A
13.08.2025 16:15;33.1;A;25.64;A;1011.9;A;151;A;52;A;0;A;9;A;43;A;8.9;A;4.49;A;2.95;A
13.08.2025 16:30;32.74;A;26.01;A;1011.76;A;141;A;52;A;0;A;9;A;44;A;7.72;A;3.89;A;2.48;A
13.08.2025 16:45;32.79;A;26;A;1011.69;A;138;A;51;A;0;A;7;A;44;A;7.31;A;4.36;A;2.86;A
13.08.2025 17:00;32.7;A;25.79;A;1011.72;A;119;A;51;A;0;A;7;A;44;A;6.35;A;4.05;A;2.67;A
13.08.2025 17:15;32.23;A;26.35;A;1011.68;A;132;A;52;A;0;A;8;A;44;A;7.98;A;5.3;A;3.47;A
13.08.2025 17:30;31.78;A;26.9;A;1011.58;A;139;A;52;A;0;A;8;A;44;A;7.62;A;5.25;A;3.42;A
13.08.2025 17:45;31.13;A;27.65;A;1011.63;A;126;A;53;A;0;A;8;A;45;A;10.6;A;6.17;A;4.38;A
13.08.2025 18:00;30.66;A;28.3;A;1011.69;A;123;A;52;A;0;A;8;A;44;A;11.01;A;5.96;A;3.72;A
13.08.2025 18:15;30.3;A;28.83;A;1011.58;A;134;A;52;A;0;A;8;A;44;A;9.17;A;6.14;A;4.2;A
13.08.2025 18:30;29.83;A;29.22;A;1011.57;A;128;A;53;A;0;A;8;A;44;A;8.26;A;5.12;A;3.55;A
13.08.2025 18:45;29.44;A;29.61;A;1011.7;A;110;A;53;A;0;A;8;A;45;A;8.71;A;5.66;A;3.67;A
13.08.2025 19:00;29.08;A;30.2;A;1011.73;A;117;A;53;A;0;A;9;A;43;A;8.96;A;5.73;A;4;A
13.08.2025 19:15;28.69;A;31.22;A;1011.64;A;126;A;52;A;0;A;10;A;42;A;9.23;A;5.5;A;3.73;A
13.08.2025 19:30;28.3;A;31.92;A;1011.88;A;113;A;51;A;0;A;10;A;42;A;11;A;5.29;A;3.63;A
13.08.2025 19:45;27.93;A;32.52;A;1011.77;A;120;A;51;A;0;A;10;A;40;A;8.09;A;4.73;A;3.39;A
13.08.2025 20:00;27.57;A;33.4;A;1011.74;A;118;A;49;A;0;A;10;A;39;A;8.67;A;5.25;A;3.73;A
13.08.2025 20:15;27.21;A;33.82;A;1011.93;A;130;A;48;A;0;A;11;A;37;A;9.02;A;5.91;A;4.02;A
13.08.2025 20:30;26.87;A;34.19;A;1012.03;A;176;A;47;A;0;A;12;A;35;A;21.98;A;13.79;A;9.81;A
13.08.2025 20:45;26.48;A;34.84;A;1012.02;A;170;A;46;A;0;A;13;A;33;A;49.06;A;34.34;A;25.64;A
13.08.2025 21:00;26.08;A;35.52;A;1012.11;A;184;A;45;A;0;A;15;A;30;A;57.22;A;40.27;A;30.28;A
13.08.2025 21:15;25.61;A;36.54;A;1012.31;A;204;A;44;A;0;A;15;A;29;A;46.99;A;33.11;A;25.1;A
13.08.2025 21:30;25.23;A;36.85;A;1012.32;A;176;A;43;A;0;A;15;A;28;A;35.9;A;24.87;A;18.02;A
13.08.2025 21:45;24.72;A;38.41;A;1012.28;A;172;A;42;A;0;A;17;A;25;A;28.04;A;19.25;A;13.83;A
13.08.2025 22:00;24.34;A;39.05;A;1012.21;A;167;A;41;A;0;A;17;A;24;A;16.99;A;11.56;A;8.27;A
13.08.2025 22:15;24.11;A;39.5;A;1012.11;A;156;A;41;A;0;A;15;A;27;A;12.64;A;8.18;A;6.07;A
13.08.2025 22:30;23.7;A;40.3;A;1012.04;A;166;A;41;A;0;A;14;A;27;A;11.35;A;6.52;A;4.77;A
13.08.2025 22:45;23.39;A;41.3;A;1012.18;A;178;A;38;A;0;A;15;A;22;A;10.02;A;7.32;A;5.14;A
13.08.2025 23:00;22.92;A;42.57;A;1012.16;A;216;A;39;A;0;A;14;A;24;A;10.91;A;6.58;A;4.66;A
13.08.2025 23:15;22.51;A;44.04;A;1012.16;A;194;A;35;A;0;A;14;A;22;A;10.46;A;6.57;A;4.97;A
13.08.2025 23:30;22.15;A;45.21;A;1012.16;A;202;A;34;A;0;A;13;A;20;A;11.78;A;7.78;A;5.6;A
13.08.2025 23:45;21.89;A;45.88;A;1012.34;A;205;A;32;A;0;A;14;A;19;A;10.77;A;7.18;A;5.06;A
14.08.2025 00:00;21.7;A;46.51;A;1012.55;A;193;A;32;A;0;A;13;A;20;A;11.02;A;7.1;A;4.92;A
14.08.2025 00:15;21.47;A;47.28;A;1012.55;A;179;A;32;A;0;A;12;A;20;A;11.83;A;7.15;A;4.98;A
14.08.2025 00:30;21.21;A;48.13;A;1012.64;A;181;A;32;A;0;A;14;A;18;A;11.98;A;7.34;A;5.35;A
14.08.2025 00:45;20.93;A;49.22;A;1012.56;A;176;A;31;A;0;A;13;A;19;A;10.41;A;6.7;A;4.81;A
14.08.2025 01:00;20.64;A;50.08;A;1012.54;A;170;A;31;A;0;A;12;A;19;A;11.58;A;7.13;A;4.7;A
14.08.2025 01:15;20.44;A;50.63;A;1012.52;A;164;A;31;A;0;A;12;A;19;A;10.79;A;7.02;A;4.88;A
14.08.2025 01:30;20.27;A;51.45;A;1012.51;A;221;A;31;A;0;A;13;A;19;A;12.18;A;6.92;A;4.69;A
14.08.2025 01:45;20.1;A;52.06;A;1012.41;A;193;A;31;A;0;A;13;A;19;A;11.65;A;6.83;A;4.98;A
14.08.2025 02:00;19.91;A;52.78;A;1012.4;A;159;A;31;A;0;A;13;A;19;A;11.44;A;7.08;A;5;A
14.08.2025 02:15;19.65;A;53.57;A;1012.37;A;146;A;31;A;0;A;13;A;18;A;11.2;A;7.32;A;5.03;A
14.08.2025 02:30;19.55;A;53.88;A;1012.25;A;137;A;32;A;0;A;13;A;19;A;12.29;A;8.09;A;5.42;A
14.08.2025 02:45;19.43;A;55.02;A;1012.25;A;159;A;27;A;0;A;12;A;16;A;12.23;A;7.48;A;5.33;A
14.08.2025 03:00;19.18;A;55.82;A;1012.19;A;151;A;29;A;0;A;12;A;18;A;13.94;A;7.5;A;5.35;A
14.08.2025 03:15;18.95;A;56.51;A;1012.29;A;164;A;30;A;0;A;13;A;17;A;15;A;8.04;A;5.38;A
14.08.2025 03:30;18.86;A;56.73;A;1012.28;A;149;A;28;A;0;A;11;A;16;A;14.74;A;7.97;A;5.65;A
14.08.2025 03:45;18.74;A;57.75;A;1012.33;A;158;A;27;A;0;A;14;A;13;A;15.33;A;10.7;A;7.33;A
14.08.2025 04:00;18.67;A;59.33;A;1012.32;A;192;A;25;A;0;A;18;A;7;A;21.19;A;14;A;10.02;A
14.08.2025 04:15;18.52;A;59.89;A;1012.17;A;208;A;25;A;0;A;20;A;5;A;23.16;A;15.84;A;11.38;A
14.08.2025 04:30;18.27;A;59.05;A;1012.06;A;199;A;25;A;0;A;18;A;7;A;25.99;A;16.96;A;11.9;A
14.08.2025 04:45;18.08;A;59.45;A;1012.05;A;188;A;27;A;0;A;18;A;8;A;21.06;A;14.03;A;10.06;A
14.08.2025 05:00;17.89;A;60.14;A;1012.1;A;192;A;25;A;0;A;16;A;9;A;19.64;A;13.28;A;9.91;A
14.08.2025 05:15;17.7;A;60.61;A;1012.21;A;201;A;25;A;0;A;17;A;8;A;19.85;A;13.81;A;9.96;A
14.08.2025 05:30;17.59;A;60.63;A;1012.26;A;222;A;27;A;0;A;18;A;9;A;20.83;A;13.92;A;9.9;A
14.08.2025 05:45;17.45;A;61.2;A;1012.18;A;231;A;27;A;0;A;19;A;8;A;21.96;A;14.44;A;10.63;A
14.08.2025 06:00;17.39;A;61.65;A;1012.19;A;282;A;27;A;0;A;22;A;5;A;26.14;A;15.53;A;11.23;A
14.08.2025 06:15;17.46;A;62.42;A;1012.21;A;303;A;25;A;0;A;21;A;4;A;34.25;A;20;A;14.1;A
14.08.2025 06:30;17.61;A;63.06;A;1012.33;A;395;A;24;A;0;A;20;A;4;A;25.97;A;17.36;A;12.98;A
14.08.2025 06:45;17.84;A;62.6;A;1012.33;A;376;A;23;A;0;A;19;A;4;A;34.53;A;19.3;A;13.76;A
14.08.2025 07:00;18.33;A;61.55;A;1012.43;A;451;A;24;A;0;A;21;A;4;A;34.82;A;20.97;A;14.45;A
14.08.2025 07:15;19.79;A;56.41;A;1012.54;A;411;A;27;A;0;A;22;A;6;A;31.84;A;20.26;A;14.66;A
14.08.2025 07:30;20.47;A;53.62;A;1012.65;A;298;A;33;A;0;A;26;A;7;A;31.74;A;21.89;A;15.61;A
14.08.2025 07:45;20.82;A;51.96;A;1012.66;A;201;A;36;A;0;A;17;A;19;A;25.1;A;14.34;A;10.03;A
14.08.2025 08:00;21.44;A;50.31;A;1012.59;A;210;A;39;A;0;A;21;A;18;A;26.3;A;13.8;A;9.81;A
14.08.2025 08:15;21.83;A;49.33;A;1012.72;A;287;A;42;A;0;A;25;A;17;A;41.11;A;26.8;A;18.64;A
14.08.2025 08:30;22.46;A;47.93;A;1012.54;A;231;A;41;A;0;A;22;A;19;A;37.07;A;22.73;A;15.87;A
14.08.2025 08:45;23.37;A;45.24;A;1012.7;A;279;A;45;A;0;A;29;A;17;A;33.79;A;17.71;A;12.11;A
14.08.2025 09:00;24.73;A;42.1;A;1012.75;A;270;A;47;A;0;A;26;A;20;A;41.22;A;18.18;A;11.9;A
14.08.2025 09:15;26.92;A;37.05;A;1012.76;A;348;A;47;A;0;A;23;A;24;A;32.09;A;18.39;A;13.22;A
14.08.2025 09:30;28.43;A;34.05;A;1012.79;A;193;A;50;A;0;A;13;A;37;A;13.56;A;8.29;A;5.7;A
14.08.2025 09:45;28.58;A;34.3;A;1012.81;A;241;A;54;A;0;A;17;A;37;A;15.16;A;9.19;A;6.35;A
14.08.2025 10:00;28.11;A;33.52;A;1012.68;A;224;A;55;A;0;A;15;A;41;A;10.73;A;6.27;A;4.22;A
14.08.2025 10:15;27.9;A;33.53;A;1012.52;A;153;A;58;A;0;A;13;A;45;A;10.06;A;5.53;A;3.84;A
14.08.2025 10:30;28.15;A;33.43;A;1012.58;A;141;A;57;A;0;A;12;A;45;A;9.5;A;5.12;A;3.31;A
14.08.2025 10:45;29;A;31.9;A;1012.56;A;127;A;56;A;0;A;10;A;46;A;7.51;A;4.39;A;3.08;A
14.08.2025 11:00;29.41;A;31.41;A;1012.67;A;196;A;56;A;0;A;11;A;45;A;13.03;A;6.54;A;4.21;A
14.08.2025 11:15;29.56;A;31.72;A;1012.56;A;183;A;56;A;0;A;12;A;44;A;9.86;A;5.83;A;3.93;A
14.08.2025 11:30;29.65;A;31;A;1012.55;A;143;A;55;A;0;A;9;A;46;A;5.64;A;3.69;A;2.61;A
14.08.2025 11:45;29.63;A;30.5;A;1012.36;A;129;A;57;A;0;A;10;A;47;A;7.18;A;4.15;A;2.77;A
14.08.2025 12:00;29.44;A;31.12;A;1012.27;A;137;A;56;A;0;A;10;A;46;A;7.64;A;4.3;A;2.99;A
14.08.2025 12:15;29.63;A;30.47;A;1012.15;A;137;A;55;A;0;A;9;A;46;A;7.98;A;5.75;A;4.03;A
14.08.2025 12:30;29.48;A;30.69;A;1012.11;A;181;A;59;A;0;A;15;A;44;A;13.48;A;7.81;A;5.48;A
14.08.2025 12:45;29.39;A;30.52;A;1012;A;156;A;56;A;0;A;11;A;45;A;7.75;A;4.29;A;3.01;A
14.08.2025 13:00;29.7;A;29.77;A;1011.75;A;139;A;56;A;0;A;10;A;45;A;10.64;A;6.59;A;4.55;A
14.08.2025 13:15;29.89;A;29.5;A;1011.68;A;137;A;58;A;0;A;11;A;47;A;8.24;A;5.25;A;3.88;A
14.08.2025 13:30;29.9;A;29.6;A;1011.64;A;125;A;59;A;0;A;10;A;49;A;6.64;A;4.17;A;3.12;A
14.08.2025 13:45;29.91;A;29.61;A;1011.46;A;188;A;61;A;0;A;16;A;44;A;10.92;A;7.55;A;5.32;A
14.08.2025 14:00;30.72;A;28.4;A;1011.26;A;131;A;58;A;0;A;10;A;48;A;7.15;A;4.66;A;3.37;A
14.08.2025 14:15;31.02;A;28.6;A;1011.18;A;139;A;59;A;0;A;11;A;48;A;7.75;A;4.86;A;3.5;A
14.08.2025 14:30;30.72;A;28.75;A;1010.92;A;162;A;61;A;0;A;12;A;49;A;8.12;A;4.93;A;3.44;A
14.08.2025 14:45;31.26;A;28.61;A;1010.74;A;150;A;60;A;0;A;12;A;48;A;8.33;A;4.99;A;3.62;A
14.08.2025 15:00;32.51;A;26.43;A;1010.59;A;128;A;58;A;0;A;9;A;49;A;7.66;A;4.49;A;3.19;A
14.08.2025 15:15;33.1;A;25.27;A;1010.5;A;131;A;58;A;0;A;9;A;49;A;7.81;A;3.99;A;2.82;A
14.08.2025 15:30;33.04;A;23.76;A;1010.45;A;129;A;59;A;0;A;11;A;48;A;6.18;A;4.11;A;2.66;A
14.08.2025 15:45;33.6;A;23.55;A;1010.36;A;133;A;58;A;0;A;9;A;49;A;7.64;A;4.26;A;2.87;A
14.08.2025 16:00;33.99;A;25.41;A;1010.3;A;160;A;58;A;0;A;10;A;48;A;8.44;A;4.55;A;3.16;A
14.08.2025 16:15;34.1;A;25.53;A;1010.17;A;164;A;58;A;0;A;9;A;49;A;8.87;A;5.02;A;3.63;A
14.08.2025 16:30;33.99;A;25.32;A;1010.23;A;185;A;60;A;0;A;8;A;52;A;9.5;A;4.87;A;3.31;A
14.08.2025 16:45;33.89;A;24.47;A;1010.2;A;140;A;59;A;0;A;8;A;51;A;7.58;A;3.98;A;2.91;A
14.08.2025 17:00;33.76;A;24.29;A;1010.12;A;149;A;58;A;0;A;10;A;49;A;8.77;A;4.92;A;3.39;A
14.08.2025 17:15;33.75;A;24.22;A;1010.08;A;146;A;57;A;0;A;10;A;47;A;6.4;A;4.18;A;2.93;A
14.08.2025 17:30;33.27;A;24.11;A;1009.93;A;136;A;57;A;0;A;9;A;49;A;7;A;4.51;A;3.02;A
14.08.2025 17:45;32.42;A;23.94;A;1009.84;A;133;A;57;A;0;A;8;A;49;A;8.21;A;4.46;A;2.91;A
14.08.2025 18:00;31.77;A;24.21;A;1009.74;A;117;A;57;A;0;A;8;A;49;A;7.21;A;4.28;A;2.9;A
14.08.2025 18:15;31.22;A;24.73;A;1009.7;A;122;A;56;A;0;A;9;A;47;A;6.13;A;4.06;A;2.64;A
14.08.2025 18:30;30.78;A;26.08;A;1009.8;A;126;A;54;A;0;A;9;A;45;A;6.59;A;3.94;A;2.69;A
14.08.2025 18:45;30.29;A;26.86;A;1009.93;A;124;A;53;A;0;A;10;A;43;A;6.8;A;4.1;A;2.66;A
14.08.2025 19:00;29.79;A;27.79;A;1009.98;A;116;A;52;A;0;A;9;A;43;A;5.91;A;3.7;A;2.47;A
14.08.2025 19:15;29.28;A;28.43;A;1009.98;A;113;A;51;A;0;A;9;A;42;A;5.21;A;3.51;A;2.28;A
14.08.2025 19:30;28.85;A;29.12;A;1010.05;A;112;A;51;A;0;A;10;A;42;A;5.86;A;3.56;A;2.57;A
14.08.2025 19:45;28.43;A;29.78;A;1010.2;A;118;A;50;A;0;A;10;A;40;A;5.97;A;3.79;A;2.59;A
14.08.2025 20:00;28.03;A;30.53;A;1010.27;A;122;A;49;A;0;A;11;A;38;A;8.43;A;4.68;A;3.11;A
14.08.2025 20:15;27.66;A;31.56;A;1010.38;A;154;A;48;A;0;A;12;A;36;A;8.77;A;4.8;A;3.14;A
14.08.2025 20:30;27.34;A;31.98;A;1010.43;A;140;A;47;A;0;A;11;A;36;A;6.87;A;3.93;A;2.68;A
14.08.2025 20:45;27.03;A;32.77;A;1010.47;A;123;A;47;A;0;A;11;A;36;A;7.34;A;4.32;A;2.73;A
14.08.2025 21:00;26.75;A;33.55;A;1010.63;A;109;A;46;A;0;A;11;A;36;A;7.9;A;4.11;A;2.65;A
14.08.2025 21:15;26.43;A;34.43;A;1010.67;A;106;A;46;A;0;A;11;A;35;A;6.83;A;4.26;A;2.73;A
14.08.2025 21:30;26.12;A;35.22;A;1010.61;A;110;A;45;A;0;A;11;A;34;A;7.39;A;4.5;A;3.13;A
14.08.2025 21:45;25.74;A;36.09;A;1010.55;A;117;A;45;A;0;A;12;A;33;A;8.58;A;5.15;A;3.62;A
14.08.2025 22:00;25.35;A;37.24;A;1010.57;A;121;A;43;A;0;A;13;A;30;A;8.61;A;5.35;A;3.82;A
14.08.2025 22:15;24.94;A;38.31;A;1010.65;A;120;A;42;A;0;A;13;A;29;A;10.18;A;5.74;A;3.86;A
14.08.2025 22:30;24.4;A;39.84;A;1010.57;A;134;A;41;A;0;A;14;A;28;A;8.39;A;5.46;A;3.76;A
14.08.2025 22:45;23.86;A;41.32;A;1010.6;A;150;A;40;A;0;A;13;A;26;A;8.74;A;5.34;A;3.54;A
14.08.2025 23:00;23.35;A;42.88;A;1010.46;A;197;A;38;A;0;A;16;A;22;A;9.55;A;5.69;A;3.65;A
14.08.2025 23:15;22.9;A;44.03;A;1010.52;A;179;A;36;A;0;A;14;A;22;A;8.1;A;5.4;A;3.66;A
14.08.2025 23:30;22.55;A;45.18;A;1010.71;A;167;A;36;A;0;A;12;A;23;A;8.24;A;5.33;A;3.91;A
14.08.2025 23:45;22.29;A;45.5;A;1010.74;A;159;A;36;A;0;A;12;A;25;A;8.46;A;5.59;A;3.76;A
15.08.2025 00:00;22.08;A;46.16;A;1010.66;A;137;A;37;A;0;A;11;A;26;A;7.94;A;5.11;A;3.64;A
15.08.2025 00:15;21.98;A;46.73;A;1010.65;A;134;A;36;A;0;A;11;A;24;A;10.27;A;5.67;A;3.72;A
15.08.2025 00:30;22.14;A;46.07;A;1010.72;A;125;A;33;A;0;A;12;A;22;A;9.22;A;5.91;A;4.22;A
15.08.2025 00:45;22.22;A;45.86;A;1010.81;A;108;A;36;A;0;A;13;A;23;A;10.61;A;6.39;A;4.27;A
15.08.2025 01:00;22.08;A;46.38;A;1010.75;A;110;A;35;A;0;A;12;A;23;A;10.76;A;5.98;A;4.26;A
15.08.2025 01:15;21.89;A;46.85;A;1010.64;A;103;A;36;A;0;A;13;A;23;A;9.54;A;6.07;A;4.17;A
15.08.2025 01:30;21.5;A;47.95;A;1010.63;A;102;A;37;A;0;A;13;A;24;A;8.92;A;5.86;A;4.24;A
15.08.2025 01:45;21.14;A;49.29;A;1010.76;A;102;A;37;A;0;A;13;A;23;A;9.72;A;6.58;A;4.55;A
15.08.2025 02:00;21.14;A;49.18;A;1010.79;A;108;A;34;A;0;A;13;A;21;A;9.92;A;6.77;A;4.61;A
15.08.2025 02:15;21.24;A;48.49;A;1010.89;A;101;A;36;A;0;A;13;A;23;A;9.89;A;6.67;A;4.71;A
15.08.2025 02:30;21.26;A;48.37;A;1010.9;A;92;A;39;A;0;A;12;A;27;A;10.67;A;7.12;A;4.9;A
15.08.2025 02:45;21.1;A;48.67;A;1010.86;A;87;A;39;A;0;A;13;A;26;A;9.92;A;6.94;A;4.72;A
15.08.2025 03:00;20.99;A;49.02;A;1010.92;A;89;A;38;A;0;A;13;A;25;A;11.4;A;7.17;A;4.96;A
15.08.2025 03:15;20.8;A;49.73;A;1010.84;A;94;A;37;A;0;A;13;A;24;A;11.26;A;7.36;A;4.99;A
15.08.2025 03:30;20.58;A;50.37;A;1010.85;A;96;A;36;A;0;A;12;A;24;A;12.02;A;8.35;A;5.49;A
15.08.2025 03:45;20.47;A;50.62;A;1010.86;A;88;A;36;A;0;A;12;A;25;A;12.24;A;7.66;A;5.16;A
15.08.2025 04:00;20.39;A;50.86;A;1010.88;A;87;A;37;A;0;A;12;A;24;A;10.66;A;6.95;A;5.04;A
15.08.2025 04:15;20.26;A;51.07;A;1010.85;A;83;A;37;A;0;A;12;A;25;A;12.11;A;7.65;A;5.1;A
15.08.2025 04:30;20.13;A;51.24;A;1010.93;A;84;A;37;A;0;A;12;A;25;A;11.36;A;7.44;A;5.09;A
15.08.2025 04:45;20.05;A;51.03;A;1010.89;A;78;A;37;A;0;A;12;A;25;A;11.31;A;7.04;A;4.95;A
15.08.2025 05:00;19.92;A;51.38;A;1010.89;A;80;A;37;A;0;A;13;A;25;A;19.85;A;9.57;A;6.21;A
15.08.2025 05:15;19.68;A;52.03;A;1011;A;84;A;36;A;0;A;12;A;24;A;11.12;A;7.4;A;5.03;A
15.08.2025 05:30;19.6;A;52.04;A;1011.04;A;83;A;37;A;0;A;13;A;24;A;10.15;A;6.85;A;4.78;A
15.08.2025 05:45;19.5;A;52.46;A;1011.18;A;86;A;36;A;0;A;14;A;23;A;10.24;A;7.24;A;5.07;A
15.08.2025 06:00;19.38;A;52.67;A;1011.2;A;91;A;35;A;0;A;14;A;21;A;12.25;A;7.49;A;5.29;A
15.08.2025 06:15;19.28;A;53.08;A;1011.26;A;101;A;35;A;0;A;15;A;20;A;19.13;A;8.59;A;6.02;A
15.08.2025 06:30;19.3;A;53.22;A;1011.41;A;121;A;34;A;0;A;15;A;18;A;24.51;A;11.07;A;6.9;A
15.08.2025 06:45;19.3;A;53.04;A;1011.44;A;117;A;34;A;0;A;16;A;18;A;12.3;A;7.65;A;5.18;A
15.08.2025 07:00;19.5;A;52.54;A;1011.49;A;118;A;34;A;0;A;15;A;19;A;12.78;A;7.56;A;5.33;A
15.08.2025 07:15;20.62;A;49.66;A;1011.61;A;118;A;34;A;0;A;14;A;20;A;9.94;A;6.88;A;4.76;A
15.08.2025 07:30;20.88;A;49.19;A;1011.66;A;122;A;35;A;0;A;15;A;21;A;10.77;A;6.91;A;4.87;A
15.08.2025 07:45;21.06;A;48.75;A;1011.75;A;134;A;36;A;0;A;14;A;21;A;12.04;A;6.73;A;4.51;A
15.08.2025 08:00;21.36;A;48.56;A;1011.86;A;162;A;36;A;0;A;15;A;21;A;19.08;A;9.28;A;6.08;A
15.08.2025 08:15;21.51;A;46.99;A;1011.85;A;152;A;38;A;0;A;15;A;24;A;10.94;A;6.85;A;4.66;A
15.08.2025 08:30;22.13;A;45.2;A;1011.79;A;132;A;39;A;0;A;13;A;27;A;11.47;A;7.47;A;5.18;A
15.08.2025 08:45;22.79;A;43.77;A;1011.95;A;141;A;42;A;0;A;15;A;27;A;9.48;A;5.76;A;4.11;A
15.08.2025 09:00;23.95;A;41.26;A;1012;A;146;A;41;A;0;A;13;A;28;A;9.87;A;5.99;A;3.94;A
15.08.2025 09:15;25.71;A;36.01;A;1012.09;A;93;A;45;A;0;A;9;A;36;A;8.72;A;4.51;A;2.99;A
15.08.2025 09:30;27.01;A;33.78;A;1012.1;A;105;A;49;A;0;A;11;A;39;A;5.77;A;3.76;A;2.57;A
15.08.2025 09:45;27.26;A;32.85;A;1012.09;A;127;A;52;A;0;A;12;A;40;A;5.32;A;3.21;A;2.29;A
15.08.2025 10:00;26.86;A;33.26;A;1012.07;A;135;A;51;A;0;A;11;A;40;A;6.57;A;3.61;A;2.28;A
15.08.2025 10:15;26.62;A;33.51;A;1012.02;A;134;A;49;A;0;A;11;A;38;A;7.53;A;3.57;A;2.27;A
15.08.2025 10:30;26.75;A;32.62;A;1012.03;A;129;A;48;A;0;A;10;A;38;A;4.73;A;2.8;A;1.88;A
15.08.2025 10:45;27.21;A;30.76;A;1011.91;A;112;A;49;A;0;A;10;A;39;A;6.23;A;2.84;A;1.96;A
15.08.2025 11:00;27.31;A;30.11;A;1011.82;A;115;A;51;A;0;A;10;A;41;A;4.46;A;2.46;A;1.73;A
15.08.2025 11:15;27.28;A;30.87;A;1011.82;A;121;A;50;A;0;A;10;A;40;A;5.1;A;2.75;A;1.79;A
15.08.2025 11:30;27.6;A;31.1;A;1011.74;A;127;A;49;A;0;A;10;A;38;A;5.21;A;2.57;A;1.73;A
15.08.2025 11:45;27.61;A;31.54;A;1011.62;A;120;A;48;A;0;A;10;A;39;A;11.04;A;3.87;A;2.3;A
15.08.2025 12:00;27.62;A;31.97;A;1011.47;A;127;A;48;A;0;A;12;A;37;A;7.03;A;3.92;A;2.64;A
15.08.2025 12:15;27.79;A;31.98;A;1011.54;A;140;A;48;A;0;A;12;A;36;A;6.98;A;4.76;A;3.1;A
15.08.2025 12:30;27.88;A;31.82;A;1011.53;A;127;A;48;A;0;A;9;A;39;A;5.02;A;2.78;A;1.78;A
15.08.2025 12:45;28.06;A;31.15;A;1011.41;A;115;A;47;A;0;A;9;A;38;A;4.48;A;2.75;A;1.75;A
15.08.2025 13:00;28.49;A;30.44;A;1011.38;A;116;A;45;A;0;A;8;A;37;A;4.98;A;2.64;A;1.83;A
15.08.2025 13:15;28.57;A;30.33;A;1011.36;A;114;A;46;A;0;A;8;A;37;A;5.07;A;2.88;A;1.63;A
15.08.2025 13:30;28.8;A;30.02;A;1011.38;A;117;A;47;A;0;A;9;A;38;A;3.59;A;2.16;A;1.53;A
15.08.2025 13:45;29.23;A;29.46;A;1011.09;A;119;A;45;A;0;A;8;A;38;A;5.39;A;3.04;A;2.07;A
15.08.2025 14:00;29.24;A;29.75;A;1010.98;A;157;A;49;A;0;A;10;A;39;A;7.83;A;5.02;A;3.56;A
15.08.2025 14:15;29.56;A;28.74;A;1010.84;A;120;A;46;A;0;A;8;A;38;A;5.18;A;2.51;A;1.66;A
15.08.2025 14:30;30.26;A;28.18;A;1010.85;A;138;A;48;A;0;A;9;A;39;A;6.81;A;3.65;A;2.45;A
15.08.2025 14:45;30.32;A;27.64;A;1010.74;A;128;A;48;A;0;A;8;A;40;A;7.26;A;3.38;A;1.95;A
15.08.2025 15:00;29.94;A;28;A;1010.56;A;174;A;50;A;0;A;11;A;39;A;4.11;A;2.25;A;1.58;A
15.08.2025 15:15;29.65;A;28.85;A;1010.38;A;138;A;48;A;0;A;9;A;39;A;4.48;A;2.13;A;1.48;A
15.08.2025 15:30;30.12;A;28.29;A;1010.26;A;135;A;46;A;0;A;8;A;38;A;4.66;A;2.46;A;1.5;A
15.08.2025 15:45;30.74;A;27.33;A;1010.15;A;129;A;47;A;0;A;8;A;39;A;6.12;A;3.09;A;1.89;A
15.08.2025 16:00;30.84;A;27.45;A;1010;A;130;A;48;A;0;A;9;A;39;A;5.02;A;2.54;A;1.73;A
15.08.2025 16:15;30.55;A;27.56;A;1010.01;A;139;A;47;A;0;A;8;A;39;A;5.26;A;3.07;A;2;A
15.08.2025 16:30;30.06;A;28.13;A;1010.03;A;143;A;47;A;0;A;9;A;38;A;5.56;A;2.91;A;1.9;A
15.08.2025 16:45;29.65;A;28.88;A;1010.08;A;127;A;47;A;0;A;9;A;38;A;5.19;A;2.91;A;1.9;A
15.08.2025 17:00;29.8;A;28.83;A;1010.05;A;131;A;45;A;0;A;9;A;37;A;5.44;A;2.71;A;1.75;A
15.08.2025 17:15;30.22;A;28.13;A;1009.83;A;118;A;47;A;0;A;9;A;38;A;5.54;A;3.24;A;2.13;A
15.08.2025 17:30;29.41;A;29.89;A;1009.87;A;131;A;47;A;0;A;9;A;38;A;4.83;A;2.74;A;1.84;A
15.08.2025 17:45;29.03;A;30.31;A;1009.68;A;131;A;46;A;0;A;9;A;37;A;6.52;A;3.32;A;2.19;A
15.08.2025 18:00;28.9;A;31.25;A;1009.53;A;126;A;46;A;0;A;9;A;37;A;5.38;A;3.32;A;2.25;A
15.08.2025 18:15;28.63;A;31.08;A;1009.53;A;125;A;45;A;0;A;8;A;37;A;6.79;A;3.64;A;2.48;A
15.08.2025 18:30;28.27;A;32.41;A;1009.64;A;121;A;45;A;0;A;9;A;36;A;5.96;A;3.29;A;2.13;A
15.08.2025 18:45;27.79;A;33.44;A;1009.45;A;122;A;44;A;0;A;9;A;35;A;5.7;A;3.63;A;2.32;A
15.08.2025 19:00;27.41;A;34.28;A;1009.49;A;120;A;42;A;0;A;9;A;34;A;6.03;A;3.47;A;2.38;A
15.08.2025 19:15;27.04;A;34.75;A;1009.47;A;123;A;41;A;0;A;8;A;33;A;7.55;A;4;A;2.74;A
15.08.2025 19:30;26.71;A;34.91;A;1009.4;A;147;A;41;A;0;A;9;A;33;A;9.34;A;6;A;4.08;A
15.08.2025 19:45;26.36;A;35.48;A;1009.48;A;124;A;42;A;0;A;9;A;33;A;6.88;A;4.27;A;2.88;A
15.08.2025 20:00;26.02;A;35.75;A;1009.56;A;123;A;42;A;0;A;9;A;33;A;5.64;A;3.86;A;2.56;A
15.08.2025 20:15;25.72;A;36.47;A;1009.56;A;121;A;42;A;0;A;9;A;32;A;5.92;A;3.62;A;2.43;A
15.08.2025 20:30;25.48;A;37.24;A;1009.65;A;117;A;42;A;0;A;10;A;32;A;6.27;A;4.27;A;2.93;A
15.08.2025 20:45;25.16;A;38.81;A;1009.83;A;135;A;40;A;0;A;10;A;31;A;6.92;A;3.77;A;2.54;A
15.08.2025 21:00;24.81;A;38.83;A;1010.01;A;113;A;39;A;0;A;9;A;30;A;5.76;A;3.48;A;2.24;A
15.08.2025 21:15;24.47;A;39.02;A;1010.09;A;113;A;41;A;0;A;10;A;31;A;4.99;A;3.31;A;2.24;A
15.08.2025 21:30;24.17;A;39.31;A;1010.04;A;113;A;40;A;0;A;11;A;30;A;5.46;A;3.24;A;2.27;A
15.08.2025 21:45;23.86;A;40.1;A;1009.88;A;120;A;40;A;0;A;10;A;29;A;5.29;A;3.19;A;2.33;A
15.08.2025 22:00;23.56;A;40.91;A;1009.98;A;138;A;39;A;0;A;11;A;28;A;6.25;A;3.33;A;2.37;A
15.08.2025 22:15;23.16;A;42.03;A;1009.99;A;158;A;38;A;0;A;11;A;27;A;7.14;A;3.87;A;2.6;A
15.08.2025 22:30;22.75;A;43.36;A;1009.92;A;165;A;36;A;0;A;12;A;25;A;8.19;A;4.81;A;3.11;A
15.08.2025 22:45;22.24;A;44.86;A;1009.89;A;167;A;36;A;0;A;12;A;24;A;7.38;A;4.71;A;3.23;A
15.08.2025 23:00;21.75;A;46.84;A;1009.76;A;183;A;34;A;0;A;14;A;20;A;8.02;A;5.27;A;3.58;A
15.08.2025 23:15;21.25;A;48.48;A;1009.68;A;194;A;31;A;0;A;13;A;18;A;7.2;A;4.84;A;3.61;A
15.08.2025 23:30;20.77;A;50.05;A;1009.73;A;210;A;30;A;0;A;14;A;16;A;8.45;A;5.39;A;3.9;A
15.08.2025 23:45;20.33;A;51.43;A;1009.78;A;236;A;29;A;0;A;16;A;13;A;9.88;A;5.71;A;4.24;A
16.08.2025 00:00;20.06;A;52.26;A;1009.83;A;245;A;28;A;0;A;17;A;11;A;10.1;A;6.34;A;4.57;A
16.08.2025 00:15;19.87;A;53.09;A;1009.77;A;236;A;28;A;0;A;16;A;12;A;9.82;A;6.83;A;4.92;A
16.08.2025 00:30;19.6;A;53.81;A;1009.67;A;216;A;28;A;0;A;17;A;11;A;10.33;A;7.22;A;5;A
16.08.2025 00:45;19.49;A;54.17;A;1009.73;A;196;A;29;A;0;A;19;A;9;A;11.49;A;7.58;A;5.2;A
16.08.2025 01:00;19.38;A;54.26;A;1009.77;A;175;A;30;A;0;A;19;A;10;A;13.26;A;8.32;A;5.98;A
16.08.2025 01:15;19.18;A;55.05;A;1009.59;A;173;A;29;A;0;A;18;A;11;A;15.4;A;10.02;A;7.68;A
16.08.2025 01:30;18.97;A;55.7;A;1009.56;A;179;A;29;A;0;A;19;A;10;A;24.61;A;16.76;A;12.39;A
16.08.2025 01:45;18.77;A;56.52;A;1009.49;A;188;A;28;A;0;A;18;A;10;A;27.26;A;17.86;A;13.27;A
16.08.2025 02:00;18.63;A;57.01;A;1009.45;A;192;A;27;A;0;A;20;A;7;A;23.1;A;16.87;A;12.67;A
16.08.2025 02:15;18.49;A;57.05;A;1009.41;A;177;A;25;A;0;A;18;A;7;A;24.27;A;17.84;A;13.22;A
16.08.2025 02:30;18.29;A;57.08;A;1009.34;A;157;A;24;A;0;A;17;A;8;A;16.26;A;11.5;A;8.42;A
16.08.2025 02:45;18.1;A;58.22;A;1009.25;A;145;A;26;A;0;A;19;A;7;A;14.83;A;9.93;A;7.04;A
16.08.2025 03:00;18.03;A;58.47;A;1009.21;A;142;A;26;A;0;A;23;A;3;A;14.45;A;9.36;A;6.94;A
16.08.2025 03:15;17.88;A;58.66;A;1009.22;A;123;A;26;A;0;A;17;A;9;A;11.81;A;7.74;A;5.75;A
16.08.2025 03:30;17.69;A;59.48;A;1009.2;A;118;A;27;A;0;A;20;A;7;A;13.34;A;8.17;A;5.9;A
16.08.2025 03:45;17.52;A;60.27;A;1009.18;A;120;A;25;A;0;A;19;A;6;A;13.5;A;8.1;A;5.77;A
16.08.2025 04:00;17.35;A;60.43;A;1009.07;A;123;A;23;A;0;A;14;A;9;A;12.72;A;7.66;A;5.62;A
16.08.2025 04:15;17.17;A;60.71;A;1009.04;A;126;A;23;A;0;A;15;A;8;A;16;A;9.6;A;6.68;A
16.08.2025 04:30;17.04;A;61.17;A;1008.96;A;126;A;23;A;0;A;12;A;11;A;15.42;A;9.72;A;6.53;A
16.08.2025 04:45;16.93;A;61.14;A;1008.93;A;122;A;23;A;0;A;11;A;12;A;11.25;A;6.93;A;5.06;A
16.08.2025 05:00;16.77;A;61.91;A;1009;A;135;A;23;A;0;A;11;A;12;A;11.01;A;7.61;A;5.63;A
16.08.2025 05:15;16.65;A;62.45;A;1009;A;150;A;23;A;0;A;13;A;11;A;17.81;A;10.2;A;6.93;A
16.08.2025 05:30;16.53;A;63.26;A;1009;A;149;A;24;A;0;A;13;A;11;A;18.05;A;11.15;A;7.69;A
16.08.2025 05:45;16.38;A;64.48;A;1009.09;A;150;A;24;A;0;A;14;A;10;A;17.63;A;10.35;A;7.67;A
16.08.2025 06:00;16.35;A;64.62;A;1009.11;A;189;A;24;A;0;A;19;A;6;A;22.26;A;11.95;A;8.48;A
16.08.2025 06:15;16.29;A;64.36;A;1009.08;A;230;A;23;A;0;A;17;A;5;A;41.39;A;24.51;A;17.51;A
16.08.2025 06:30;16.37;A;64.58;A;1009.15;A;260;A;25;A;0;A;18;A;6;A;38.76;A;23.2;A;16.46;A
16.08.2025 06:45;16.59;A;64.84;A;1009.07;A;223;A;25;A;0;A;19;A;6;A;23.53;A;14.37;A;10.62;A
16.08.2025 07:00;17.18;A;63.6;A;1009.05;A;209;A;26;A;0;A;20;A;6;A;17.46;A;10.54;A;7.4;A
16.08.2025 07:15;18.63;A;58.82;A;1009.14;A;169;A;29;A;0;A;16;A;12;A;17.01;A;10.35;A;7.03;A
16.08.2025 07:30;19.37;A;57.04;A;1009.11;A;168;A;32;A;0;A;16;A;16;A;15.96;A;10.39;A;7.36;A
16.08.2025 07:45;19.78;A;56.61;A;1009.09;A;187;A;33;A;0;A;16;A;17;A;16.57;A;10.09;A;7.5;A
16.08.2025 08:00;20.18;A;55.77;A;1009.07;A;206;A;34;A;0;A;17;A;18;A;16.31;A;10.34;A;7.52;A
16.08.2025 08:15;20.55;A;55.15;A;1009.08;A;207;A;35;A;0;A;17;A;18;A;17.2;A;10.68;A;7.4;A
16.08.2025 08:30;21.21;A;53.66;A;1008.9;A;210;A;37;A;0;A;18;A;19;A;16.69;A;9.78;A;7.19;A
16.08.2025 08:45;21.93;A;51.5;A;1008.93;A;221;A;39;A;0;A;18;A;21;A;14.28;A;9.27;A;6.6;A
16.08.2025 09:00;23.15;A;48.97;A;1008.82;A;215;A;41;A;0;A;18;A;23;A;13.68;A;8.86;A;6.33;A
16.08.2025 09:15;25.37;A;43.35;A;1008.77;A;205;A;44;A;0;A;17;A;27;A;12.37;A;7.66;A;5.5;A
16.08.2025 09:30;27.06;A;39.29;A;1008.82;A;181;A;50;A;0;A;14;A;35;A;10.04;A;6.18;A;4.57;A
16.08.2025 09:45;27.54;A;38.65;A;1008.88;A;190;A;55;A;0;A;15;A;40;A;8.82;A;5.64;A;4.21;A
16.08.2025 10:00;27.29;A;39.34;A;1008.78;A;172;A;55;A;0;A;13;A;42;A;7.93;A;5.5;A;4;A
16.08.2025 10:15;27.26;A;39.08;A;1008.8;A;154;A;52;A;0;A;10;A;42;A;8.72;A;5.9;A;4.23;A
16.08.2025 10:30;27.45;A;38.26;A;1008.74;A;138;A;52;A;0;A;10;A;42;A;10.19;A;7.19;A;4.97;A
16.08.2025 10:45;27.82;A;37.88;A;1008.71;A;141;A;53;A;0;A;10;A;44;A;8.95;A;6.57;A;4.76;A
16.08.2025 11:00;27.89;A;37.65;A;1008.64;A;138;A;52;A;0;A;10;A;42;A;9.17;A;6.58;A;4.66;A
16.08.2025 11:15;27.83;A;37.83;A;1008.5;A;141;A;54;A;0;A;11;A;44;A;8.96;A;6.43;A;4.72;A
16.08.2025 11:30;27.99;A;37.46;A;1008.32;A;139;A;53;A;0;A;9;A;44;A;9.3;A;6.48;A;4.94;A
16.08.2025 11:45;28.17;A;35.97;A;1008.1;A;126;A;54;A;0;A;10;A;44;A;9.16;A;6.42;A;4.8;A
16.08.2025 12:00;28.18;A;36.25;A;1007.98;A;125;A;55;A;0;A;10;A;45;A;9.64;A;6.67;A;4.68;A
16.08.2025 12:15;28.42;A;36.2;A;1007.83;A;135;A;55;A;0;A;10;A;44;A;8.21;A;6.52;A;4.84;A
16.08.2025 12:30;28.56;A;35.53;A;1007.8;A;150;A;54;A;0;A;9;A;45;A;9.01;A;6.64;A;4.75;A
16.08.2025 12:45;28.94;A;34.37;A;1007.74;A;135;A;54;A;0;A;9;A;44;A;9.1;A;6.13;A;4.71;A
16.08.2025 13:00;29.28;A;32.8;A;1007.47;A;129;A;53;A;0;A;10;A;44;A;8.23;A;6.2;A;4.77;A
16.08.2025 13:15;29.63;A;31.01;A;1007.34;A;107;A;54;A;0;A;9;A;45;A;8.63;A;6.43;A;4.65;A
16.08.2025 13:30;29.9;A;31.09;A;1007.15;A;120;A;57;A;0;A;11;A;47;A;9.45;A;6.86;A;4.7;A
16.08.2025 13:45;30.45;A;30.42;A;1006.97;A;134;A;55;A;0;A;10;A;45;A;8.77;A;6.86;A;5.01;A
16.08.2025 14:00;31.17;A;28.96;A;1006.95;A;118;A;57;A;0;A;9;A;48;A;8.7;A;6.61;A;4.93;A
16.08.2025 14:15;32.07;A;28.24;A;1006.82;A;136;A;58;A;0;A;9;A;49;A;10.75;A;6.91;A;5.13;A
16.08.2025 14:30;32.59;A;27.6;A;1006.76;A;135;A;60;A;0;A;10;A;50;A;9.93;A;7.03;A;4.84;A
16.08.2025 14:45;32.74;A;26.91;A;1006.62;A;138;A;61;A;0;A;9;A;53;A;9.97;A;7.03;A;4.93;A
16.08.2025 15:00;33.17;A;27.04;A;1006.57;A;153;A;63;A;0;A;10;A;53;A;11.09;A;8.1;A;5.98;A
16.08.2025 15:15;33.24;A;26.23;A;1006.44;A;143;A;64;A;0;A;9;A;55;A;8.64;A;6.6;A;4.95;A
16.08.2025 15:30;33.54;A;26.21;A;1006.38;A;150;A;64;A;0;A;10;A;54;A;10.57;A;7.59;A;5.51;A
16.08.2025 15:45;33.87;A;25.92;A;1006.29;A;147;A;64;A;0;A;9;A;55;A;9.46;A;7.43;A;5.54;A
16.08.2025 16:00;34;A;25.83;A;1006.14;A;147;A;65;A;0;A;8;A;57;A;8.98;A;6.87;A;5.09;A
16.08.2025 16:15;33.94;A;25.67;A;1006.03;A;149;A;66;A;0;A;10;A;57;A;9.29;A;6.7;A;4.86;A
16.08.2025 16:30;34.04;A;25.5;A;1005.9;A;155;A;66;A;0;A;10;A;56;A;10.12;A;7.46;A;5.36;A
16.08.2025 16:45;34.4;A;24.99;A;1005.72;A;179;A;66;A;0;A;10;A;56;A;10.21;A;7.7;A;5.48;A
16.08.2025 17:00;34.44;A;24.52;A;1005.49;A;191;A;67;A;0;A;9;A;58;A;10.7;A;8.13;A;6.04;A
16.08.2025 17:15;34.26;A;25.14;A;1005.46;A;233;A;69;A;0;A;11;A;58;A;10.77;A;7.73;A;5.71;A
16.08.2025 17:30;34.04;A;25.04;A;1005.44;A;251;A;67;A;0;A;10;A;57;A;10.62;A;7.9;A;6.01;A
16.08.2025 17:45;33.23;A;24.64;A;1005.45;A;212;A;68;A;0;A;12;A;56;A;9.61;A;6.63;A;4.86;A
16.08.2025 18:00;32.59;A;25.57;A;1005.26;A;190;A;68;A;0;A;13;A;55;A;9.06;A;6.31;A;4.57;A
16.08.2025 18:15;32.09;A;26.05;A;1004.92;A;176;A;65;A;0;A;10;A;56;A;8.59;A;6.58;A;4.59;A
16.08.2025 18:30;31.68;A;26.91;A;1004.88;A;163;A;66;A;0;A;11;A;54;A;9.06;A;6.7;A;4.91;A
16.08.2025 18:45;31.28;A;26.94;A;1004.69;A;154;A;61;A;0;A;10;A;51;A;8.85;A;6.14;A;4.21;A
16.08.2025 19:00;30.85;A;27.8;A;1004.63;A;135;A;59;A;0;A;11;A;48;A;7.59;A;5.51;A;3.96;A
16.08.2025 19:15;30.2;A;29.69;A;1004.64;A;224;A;56;A;0;A;14;A;42;A;7.86;A;5.71;A;4.17;A
16.08.2025 19:30;29.48;A;31.46;A;1004.54;A;216;A;53;A;0;A;14;A;39;A;9.62;A;5.74;A;4.2;A
16.08.2025 19:45;28.74;A;32.97;A;1004.32;A;231;A;51;A;0;A;16;A;35;A;10.53;A;6.64;A;4.52;A
16.08.2025 20:00;27.9;A;35.06;A;1004.43;A;281;A;48;A;0;A;18;A;29;A;10.02;A;6.37;A;4.36;A
16.08.2025 20:15;27.04;A;36.81;A;1004.47;A;222;A;46;A;0;A;15;A;31;A;10.01;A;6.41;A;4.46;A
16.08.2025 20:30;26.32;A;38.31;A;1004.61;A;247;A;44;A;0;A;18;A;26;A;10.46;A;6.84;A;4.98;A
16.08.2025 20:45;25.71;A;39.86;A;1004.68;A;354;A;42;A;0;A;24;A;18;A;13.87;A;9.39;A;6.78;A
16.08.2025 21:00;25.13;A;41.25;A;1004.68;A;362;A;40;A;0;A;24;A;16;A;16.35;A;11.09;A;7.74;A
16.08.2025 21:15;24.63;A;43.05;A;1004.58;A;400;A;38;A;0;A;27;A;11;A;19.6;A;12.4;A;8.72;A
16.08.2025 21:30;24.3;A;43.72;A;1004.57;A;462;A;37;A;0;A;29;A;8;A;20.89;A;12.99;A;9.64;A
16.08.2025 21:45;24.12;A;44.37;A;1004.65;A;495;A;37;A;0;A;30;A;7;A;21.56;A;13.79;A;9.72;A
16.08.2025 22:00;23.8;A;45.43;A;1004.59;A;480;A;37;A;0;A;31;A;6;A;24.44;A;14.23;A;10.22;A
16.08.2025 22:15;23.5;A;46.02;A;1004.47;A;497;A;36;A;0;A;31;A;6;A;21.78;A;14.11;A;10.11;A
16.08.2025 22:30;23.32;A;46.49;A;1004.43;A;558;A;37;A;0;A;36;A;1;A;21.16;A;14.65;A;10.33;A
16.08.2025 22:45;23.03;A;46.86;A;1004.47;A;591;A;38;A;0;A;39;A;0;A;23.86;A;15.18;A;10.84;A
16.08.2025 23:00;22.85;A;47.62;A;1004.44;A;572;A;39;A;0;A;39;A;1;A;22.9;A;14.75;A;10.55;A
16.08.2025 23:15;22.65;A;48.71;A;1004.39;A;487;A;38;A;0;A;35;A;4;A;21.89;A;14.37;A;10.39;A
16.08.2025 23:30;22.22;A;50.41;A;1004.43;A;482;A;35;A;0;A;31;A;4;A;21.41;A;14.41;A;10.33;A
16.08.2025 23:45;21.89;A;51.5;A;1004.23;A;450;A;35;A;0;A;28;A;7;A;21.04;A;14.45;A;10.23;A
17.08.2025 00:00;21.61;A;52.56;A;1004.09;A;434;A;33;A;0;A;25;A;8;A;21.27;A;14.62;A;10.34;A
17.08.2025 00:15;21.59;A;52.31;A;1004.12;A;457;A;33;A;0;A;31;A;3;A;21.84;A;14.42;A;10.07;A
17.08.2025 00:30;21.49;A;52.77;A;1004.05;A;455;A;34;A;0;A;35;A;0;A;20.17;A;14.09;A;10.12;A
17.08.2025 00:45;21.2;A;53.56;A;1003.93;A;455;A;35;A;0;A;36;A;0;A;22.82;A;14.54;A;10.08;A
17.08.2025 01:00;20.94;A;54.44;A;1003.95;A;463;A;34;A;0;A;34;A;1;A;20.57;A;14.08;A;10;A
17.08.2025 01:15;20.66;A;55.22;A;1003.81;A;477;A;34;A;0;A;34;A;1;A;21.27;A;13.96;A;9.73;A
17.08.2025 01:30;20.51;A;55.75;A;1003.72;A;483;A;33;A;0;A;33;A;0;A;19.63;A;13.59;A;10.1;A
17.08.2025 01:45;20.53;A;55.91;A;1003.65;A;491;A;33;A;0;A;34;A;1;A;21.11;A;13.43;A;10.03;A
17.08.2025 02:00;20.25;A;57.17;A;1003.45;A;459;A;34;A;0;A;34;A;1;A;20.11;A;13.86;A;9.91;A
17.08.2025 02:15;19.97;A;57.97;A;1003.41;A;444;A;33;A;0;A;33;A;1;A;20.94;A;13.77;A;9.96;A
17.08.2025 02:30;19.76;A;58.89;A;1003.25;A;429;A;33;A;0;A;33;A;0;A;20.84;A;14.78;A;10.39;A
17.08.2025 02:45;19.68;A;59.24;A;1003.31;A;423;A;33;A;0;A;31;A;1;A;21.23;A;14.85;A;10.82;A
17.08.2025 03:00;19.81;A;59.03;A;1003.35;A;497;A;31;A;0;A;32;A;0;A;39.68;A;26.24;A;18.94;A
17.08.2025 03:15;19.99;A;57.87;A;1003.21;A;462;A;34;A;0;A;34;A;1;A;41.18;A;26.48;A;19.19;A
17.08.2025 03:30;19.9;A;58.37;A;1003.26;A;423;A;35;A;0;A;34;A;1;A;34.46;A;23.19;A;16.95;A
17.08.2025 03:45;19.65;A;59.1;A;1003.21;A;402;A;36;A;0;A;35;A;1;A;34.55;A;22.89;A;16.28;A
17.08.2025 04:00;19.37;A;59.86;A;1003.13;A;409;A;35;A;0;A;34;A;1;A;37.14;A;22.72;A;16.29;A
17.08.2025 04:15;19.17;A;60.45;A;1003.02;A;394;A;36;A;0;A;36;A;0;A;38.73;A;22.55;A;15.84;A
17.08.2025 04:30;18.95;A;61.26;A;1002.95;A;385;A;35;A;0;A;34;A;1;A;35.81;A;22.62;A;15.82;A
17.08.2025 04:45;18.77;A;61.85;A;1002.86;A;379;A;34;A;0;A;34;A;1;A;33.66;A;21.07;A;14.99;A
17.08.2025 05:00;18.69;A;61.63;A;1002.78;A;367;A;35;A;0;A;35;A;1;A;32.3;A;20.07;A;14.38;A
17.08.2025 05:15;18.68;A;61.99;A;1002.82;A;375;A;36;A;0;A;35;A;1;A;34.33;A;20.98;A;14.53;A
17.08.2025 05:30;18.74;A;61.58;A;1002.78;A;463;A;32;A;0;A;32;A;1;A;33.85;A;21.66;A;15.09;A
17.08.2025 05:45;18.88;A;58.75;A;1002.86;A;427;A;36;A;0;A;35;A;1;A;28.83;A;17.75;A;12.98;A
17.08.2025 06:00;18.98;A;56.28;A;1002.93;A;276;A;40;A;0;A;35;A;6;A;21.73;A;14.28;A;10.09;A
17.08.2025 06:15;19.03;A;55.46;A;1002.9;A;264;A;38;A;0;A;31;A;7;A;24.2;A;14.8;A;10;A
17.08.2025 06:30;19.12;A;56.8;A;1002.85;A;361;A;36;A;0;A;29;A;7;A;23.14;A;14.92;A;10.48;A
17.08.2025 06:45;19.32;A;55.64;A;1002.91;A;336;A;34;A;0;A;27;A;7;A;31.45;A;18.21;A;12.85;A
17.08.2025 07:00;19.89;A;51.52;A;1002.87;A;262;A;40;A;0;A;25;A;15;A;20.92;A;12.24;A;8.9;A
17.08.2025 07:15;21.11;A;48.45;A;1002.89;A;188;A;43;A;0;A;18;A;25;A;15.5;A;9.29;A;6.74;A
17.08.2025 07:30;21.77;A;46.97;A;1003.01;A;201;A;44;A;0;A;19;A;25;A;15.26;A;9.45;A;6.99;A
17.08.2025 07:45;22.23;A;46.57;A;1002.78;A;246;A;47;A;0;A;25;A;23;A;16.57;A;9.76;A;6.95;A
17.08.2025 08:00;22.69;A;45.62;A;1002.79;A;268;A;45;A;0;A;24;A;21;A;16.05;A;9.4;A;6.41;A
17.08.2025 08:15;23.14;A;43.64;A;1002.85;A;254;A;47;A;0;A;20;A;27;A;17.09;A;11.72;A;8.4;A
17.08.2025 08:30;23.84;A;42.15;A;1002.73;A;230;A;51;A;0;A;19;A;31;A;11.35;A;7.04;A;4.81;A
17.08.2025 08:45;24.79;A;39.96;A;1002.78;A;228;A;51;A;0;A;17;A;34;A;11.63;A;7.19;A;5.14;A
17.08.2025 09:00;26.2;A;37.03;A;1002.69;A;239;A;54;A;0;A;18;A;35;A;11.18;A;7.13;A;5.2;A
17.08.2025 09:15;28.41;A;32.95;A;1002.5;A;216;A;57;A;0;A;15;A;42;A;12.48;A;7.89;A;5.57;A
17.08.2025 09:30;30.01;A;30.4;A;1002.54;A;238;A;61;A;0;A;15;A;46;A;9.82;A;6.42;A;4.64;A
17.08.2025 09:45;30.17;A;29.9;A;1002.6;A;265;A;64;A;0;A;18;A;46;A;8.84;A;5.13;A;3.77;A
17.08.2025 10:00;29.97;A;29.63;A;1002.44;A;274;A;63;A;0;A;16;A;47;A;10.5;A;7.35;A;5.04;A
17.08.2025 10:15;30.21;A;28.89;A;1002.44;A;205;A;64;A;0;A;13;A;51;A;6.74;A;4.48;A;2.98;A
17.08.2025 10:30;30.47;A;28.13;A;1002.43;A;192;A;63;A;0;A;13;A;50;A;5.81;A;3.78;A;2.76;A
17.08.2025 10:45;30.92;A;27.09;A;1002.25;A;186;A;63;A;0;A;13;A;50;A;8.25;A;4.65;A;2.9;A
17.08.2025 11:00;31.15;A;27.03;A;1002.13;A;213;A;63;A;0;A;14;A;49;A;11.06;A;6.83;A;4.54;A
17.08.2025 11:15;31.26;A;26.45;A;1002.03;A;187;A;64;A;0;A;13;A;50;A;8.32;A;4.21;A;2.86;A
17.08.2025 11:30;31.48;A;26.01;A;1001.96;A;178;A;64;A;0;A;12;A;52;A;8.32;A;4.19;A;2.76;A
17.08.2025 11:45;31.62;A;25.61;A;1001.91;A;182;A;63;A;0;A;12;A;51;A;7.75;A;4.01;A;2.84;A
17.08.2025 12:00;31.71;A;25.57;A;1001.81;A;191;A;64;A;0;A;12;A;52;A;17.91;A;12.77;A;9.47;A
17.08.2025 12:15;31.92;A;25.03;A;1001.68;A;196;A;63;A;0;A;11;A;52;A;7.62;A;4.35;A;2.98;A
17.08.2025 12:30;32.08;A;24.97;A;1001.58;A;170;A;63;A;0;A;11;A;52;A;7.88;A;4.53;A;2.92;A
17.08.2025 12:45;32.2;A;24.51;A;1001.36;A;168;A;63;A;0;A;13;A;50;A;7.88;A;4.66;A;3.4;A
17.08.2025 13:00;32.51;A;24.12;A;1001.18;A;164;A;62;A;0;A;11;A;51;A;8.67;A;5.03;A;3.36;A
17.08.2025 13:15;32.71;A;24.17;A;1001.03;A;173;A;63;A;0;A;12;A;51;A;8.47;A;4.55;A;3.12;A
17.08.2025 13:30;33.02;A;23.55;A;1001;A;187;A;62;A;0;A;11;A;51;A;7.05;A;4.19;A;2.98;A
17.08.2025 13:45;33.38;A;23.23;A;1000.75;A;161;A;62;A;0;A;10;A;52;A;9.73;A;5.6;A;3.91;A
17.08.2025 14:00;34.02;A;22.37;A;1000.76;A;165;A;63;A;0;A;9;A;53;A;8.12;A;4.75;A;3.29;A
17.08.2025 14:15;34.61;A;21.46;A;1000.59;A;161;A;63;A;0;A;9;A;55;A;8.18;A;4.31;A;3.09;A
17.08.2025 14:30;35.16;A;20.75;A;1000.46;A;170;A;64;A;0;A;10;A;55;A;8.13;A;4.99;A;3.42;A
17.08.2025 14:45;35.8;A;19.97;A;1000.46;A;169;A;63;A;0;A;9;A;54;A;7.5;A;4.73;A;3.36;A
17.08.2025 15:00;35.82;A;19.78;A;1000.34;A;178;A;65;A;0;A;9;A;56;A;7.45;A;4.6;A;3.23;A
17.08.2025 15:15;36.24;A;19.47;A;1000.14;A;186;A;64;A;0;A;9;A;55;A;7.57;A;4.51;A;3.01;A
17.08.2025 15:30;36.65;A;18.71;A;1000.08;A;188;A;64;A;0;A;9;A;54;A;9.61;A;5.45;A;4.08;A
17.08.2025 15:45;36.87;A;18.28;A;999.91;A;166;A;64;A;0;A;8;A;56;A;7.71;A;4.42;A;3.41;A
17.08.2025 16:00;36.94;A;17.74;A;999.7;A;181;A;65;A;0;A;8;A;57;A;7.65;A;5.19;A;3.78;A
17.08.2025 16:15;37.12;A;17.8;A;999.55;A;186;A;64;A;0;A;8;A;56;A;9.87;A;6.18;A;4.26;A
17.08.2025 16:30;37.13;A;17.55;A;999.57;A;174;A;64;A;0;A;8;A;57;A;8.45;A;5.3;A;3.71;A
17.08.2025 16:45;37.01;A;18.07;A;999.37;A;177;A;64;A;0;A;7;A;57;A;8.73;A;5.19;A;3.7;A
17.08.2025 17:00;36.8;A;18.12;A;999.15;A;188;A;64;A;0;A;9;A;56;A;8.89;A;6.33;A;4.56;A
17.08.2025 17:15;36.64;A;18.61;A;999.09;A;202;A;61;A;0;A;7;A;54;A;8.17;A;5.45;A;4.08;A
17.08.2025 17:30;36.27;A;18.84;A;998.93;A;191;A;62;A;0;A;7;A;55;A;25.17;A;10.86;A;6.91;A
17.08.2025 17:45;35.66;A;19.53;A;998.86;A;198;A;61;A;0;A;8;A;53;A;41.83;A;15.5;A;9.06;A
17.08.2025 18:00;35.08;A;20.12;A;998.77;A;183;A;60;A;0;A;7;A;53;A;9.09;A;6.21;A;4.44;A
17.08.2025 18:15;34.5;A;20.69;A;998.55;A;185;A;59;A;0;A;8;A;51;A;10.87;A;6.71;A;4.54;A
17.08.2025 18:30;34.04;A;20.93;A;998.46;A;203;A;60;A;0;A;10;A;49;A;10.21;A;6.55;A;4.59;A
17.08.2025 18:45;33.54;A;21.21;A;998.53;A;194;A;58;A;0;A;8;A;50;A;10.28;A;7.07;A;5.13;A
17.08.2025 19:00;33.04;A;21.75;A;998.6;A;180;A;60;A;0;A;11;A;49;A;9.82;A;6.59;A;4.77;A
17.08.2025 19:15;32.24;A;24.15;A;998.51;A;224;A;53;A;0;A;9;A;45;A;9.16;A;6.28;A;4.62;A
17.08.2025 19:30;31.28;A;26.36;A;998.52;A;248;A;49;A;0;A;10;A;40;A;10.45;A;6.07;A;4.48;A
17.08.2025 19:45;30.37;A;28.08;A;998.59;A;284;A;47;A;0;A;15;A;33;A;12.14;A;7.47;A;5.45;A
17.08.2025 20:00;29.42;A;29.95;A;998.55;A;285;A;46;A;0;A;15;A;31;A;16.87;A;8.88;A;6.5;A
17.08.2025 20:15;28.62;A;31.45;A;998.59;A;368;A;43;A;0;A;17;A;25;A;22.37;A;12.62;A;8.98;A
17.08.2025 20:30;27.86;A;32.87;A;998.63;A;500;A;42;A;0;A;17;A;25;A;35.69;A;27.03;A;20.44;A
17.08.2025 20:45;27.17;A;34.39;A;998.65;A;481;A;40;A;0;A;16;A;24;A;30.03;A;21.1;A;15.29;A
17.08.2025 21:00;26.56;A;35.76;A;998.61;A;458;A;38;A;0;A;17;A;21;A;27.35;A;18.61;A;13.42;A
17.08.2025 21:15;26.07;A;36.82;A;998.73;A;450;A;36;A;0;A;18;A;18;A;25.77;A;16.19;A;11.76;A
17.08.2025 21:30;25.61;A;37.54;A;998.61;A;397;A;37;A;0;A;18;A;19;A;20.51;A;12.56;A;9.25;A
17.08.2025 21:45;25.19;A;38.29;A;998.74;A;354;A;37;A;0;A;22;A;15;A;21.41;A;11.96;A;8.75;A
17.08.2025 22:00;24.89;A;38.66;A;998.66;A;305;A;37;A;0;A;21;A;16;A;24.63;A;14.12;A;9.95;A
17.08.2025 22:15;24.61;A;39.33;A;998.57;A;291;A;37;A;0;A;23;A;14;A;26.39;A;14.71;A;10.55;A
17.08.2025 22:30;24.37;A;40.01;A;998.49;A;311;A;37;A;0;A;29;A;8;A;25.22;A;15.08;A;10.7;A
17.08.2025 22:45;24.11;A;40.65;A;998.42;A;304;A;36;A;0;A;28;A;8;A;30.51;A;16.64;A;11.16;A
17.08.2025 23:00;23.86;A;41.17;A;998.66;A;334;A;35;A;0;A;30;A;5;A;27.58;A;15.81;A;10.89;A
17.08.2025 23:15;23.97;A;40.01;A;998.73;A;320;A;35;A;0;A;28;A;7;A;25.45;A;14.9;A;10.49;A
17.08.2025 23:30;24.31;A;39.02;A;998.75;A;343;A;39;A;0;A;32;A;7;A;23.75;A;13.39;A;9.5;A
17.08.2025 23:45;24.71;A;37.34;A;998.75;A;279;A;42;A;0;A;26;A;16;A;19.16;A;11.66;A;7.91;A
18.08.2025 00:00;24.81;A;36.93;A;998.89;A;213;A;43;A;0;A;20;A;23;A;17.21;A;9.84;A;7.09;A
18.08.2025 00:15;24.91;A;35.24;A;998.97;A;154;A;46;A;0;A;15;A;32;A;12.59;A;8.17;A;6;A
18.08.2025 00:30;24.7;A;36.09;A;998.81;A;153;A;48;A;0;A;14;A;34;A;12.91;A;8.29;A;6.07;A
18.08.2025 00:45;24.33;A;37.72;A;998.63;A;155;A;44;A;0;A;13;A;31;A;12.58;A;8.36;A;6.29;A
18.08.2025 01:00;24.16;A;38.21;A;998.49;A;146;A;42;A;0;A;11;A;31;A;13.47;A;8.32;A;5.91;A
18.08.2025 01:15;24.01;A;39.36;A;998.42;A;141;A;42;A;0;A;11;A;31;A;10.8;A;7.84;A;6;A
18.08.2025 01:30;23.77;A;40.51;A;998.38;A;140;A;42;A;0;A;11;A;31;A;12.66;A;8.86;A;6.03;A
18.08.2025 01:45;23.58;A;41.12;A;998.33;A;139;A;40;A;0;A;10;A;30;A;11.69;A;8.05;A;6.06;A
18.08.2025 02:00;23.45;A;41.38;A;998.3;A;134;A;41;A;0;A;10;A;31;A;10.8;A;7.86;A;5.76;A
18.08.2025 02:15;23.18;A;42.26;A;998.19;A;138;A;37;A;0;A;10;A;28;A;12.49;A;8.15;A;5.94;A
18.08.2025 02:30;23.13;A;42.84;A;998.19;A;131;A;39;A;0;A;10;A;29;A;13.17;A;8.62;A;6.16;A
18.08.2025 02:45;22.97;A;44.8;A;998.1;A;128;A;39;A;0;A;11;A;28;A;16;A;9.91;A;6.95;A
18.08.2025 03:00;22.77;A;46.87;A;998.23;A;130;A;37;A;0;A;14;A;23;A;14.55;A;9.66;A;7.23;A
18.08.2025 03:15;22.41;A;48.78;A;998.14;A;128;A;36;A;0;A;17;A;20;A;18.1;A;10.78;A;7.72;A
18.08.2025 03:30;22.07;A;49.55;A;998.12;A;128;A;33;A;0;A;14;A;19;A;17.7;A;11.49;A;8;A
18.08.2025 03:45;21.84;A;51.31;A;998.08;A;131;A;35;A;0;A;12;A;23;A;14.5;A;10.27;A;7.64;A
18.08.2025 04:00;21.87;A;53.27;A;998.04;A;129;A;36;A;0;A;12;A;25;A;17.06;A;11.24;A;8.14;A
18.08.2025 04:15;21.86;A;54.44;A;997.98;A;119;A;35;A;0;A;16;A;20;A;16.28;A;11.57;A;8.7;A
18.08.2025 04:30;21.79;A;55.55;A;998.01;A;117;A;35;A;0;A;18;A;18;A;17.91;A;11.93;A;8.83;A
18.08.2025 04:45;21.72;A;57.04;A;997.94;A;113;A;36;A;0;A;17;A;19;A;20.4;A;12.93;A;9.19;A
18.08.2025 05:00;21.65;A;58.31;A;998.01;A;111;A;36;A;0;A;16;A;21;A;22.7;A;14.35;A;10.1;A
18.08.2025 05:15;21.54;A;58.81;A;998.28;A;111;A;35;A;0;A;15;A;21;A;24.63;A;15.14;A;10.73;A
18.08.2025 05:30;21.19;A;59.41;A;998.52;A;131;A;33;A;0;A;15;A;19;A;35.18;A;25.62;A;19.1;A
18.08.2025 05:45;21.01;A;60.22;A;998.65;A;125;A;34;A;0;A;14;A;19;A;20.23;A;14.77;A;10.98;A
18.08.2025 06:00;21.03;A;60.11;A;998.88;A;112;A;34;A;0;A;19;A;16;A;24.7;A;17.04;A;11.82;A
18.08.2025 06:15;21.11;A;59.36;A;999.02;A;110;A;33;A;0;A;15;A;19;A;33.96;A;18.65;A;12.57;A
18.08.2025 06:30;21.15;A;58.68;A;999.03;A;105;A;34;A;0;A;14;A;20;A;21.31;A;14.66;A;10.35;A
18.08.2025 06:45;21.15;A;58.01;A;999.25;A;100;A;34;A;0;A;13;A;22;A;20.41;A;13.34;A;9.5;A
18.08.2025 07:00;21.28;A;57.5;A;999.41;A;100;A;34;A;0;A;13;A;22;A;18.35;A;13.01;A;9.68;A
18.08.2025 07:15;21.95;A;55.41;A;999.42;A;97;A;34;A;0;A;12;A;22;A;20.26;A;13.17;A;9.38;A
18.08.2025 07:30;22.37;A;53.32;A;999.69;A;111;A;36;A;0;A;10;A;25;A;19.03;A;12.1;A;8.31;A
18.08.2025 07:45;22.58;A;52.31;A;999.74;A;114;A;38;A;0;A;12;A;26;A;16.16;A;11.03;A;7.65;A
18.08.2025 08:00;22.69;A;51.49;A;999.62;A;127;A;38;A;0;A;12;A;26;A;15.65;A;10.75;A;7.73;A
18.08.2025 08:15;22.9;A;50.95;A;999.65;A;141;A;39;A;0;A;13;A;25;A;18.56;A;11.66;A;8.06;A
18.08.2025 08:30;23.32;A;50.13;A;1000.09;A;148;A;39;A;0;A;12;A;27;A;17.83;A;12.23;A;8.48;A
18.08.2025 08:45;23.67;A;48.94;A;1000.28;A;140;A;40;A;0;A;12;A;28;A;21.23;A;12.47;A;9.08;A
18.08.2025 09:00;24.7;A;47.19;A;1000.27;A;127;A;40;A;0;A;11;A;29;A;19.35;A;11.74;A;8.53;A
18.08.2025 09:15;26.6;A;43.53;A;1000.3;A;284;A;41;A;0;A;13;A;28;A;19.68;A;12.16;A;8.51;A
18.08.2025 09:30;27.7;A;41.85;A;1000.33;A;144;A;46;A;0;A;9;A;36;A;13.76;A;9.02;A;6.39;A
18.08.2025 09:45;27.86;A;42;A;1000.24;A;162;A;49;A;0;A;11;A;38;A;12.41;A;8.32;A;6.05;A
18.08.2025 10:00;27.76;A;42.64;A;1000.13;A;171;A;49;A;0;A;11;A;39;A;12.14;A;8.57;A;6.01;A
18.08.2025 10:15;27.95;A;42.1;A;1000.19;A;152;A;50;A;0;A;10;A;41;A;11.38;A;7.12;A;5.19;A
18.08.2025 10:30;28.19;A;41.55;A;1000.26;A;160;A;52;A;0;A;9;A;43;A;12.11;A;7.5;A;5.11;A
18.08.2025 10:45;28.73;A;40.53;A;1000.23;A;151;A;51;A;0;A;10;A;41;A;15.34;A;8.98;A;6.06;A
18.08.2025 11:00;28.98;A;39.74;A;1000.33;A;161;A;53;A;0;A;10;A;43;A;13.6;A;8.44;A;5.67;A
18.08.2025 11:15;29;A;39.14;A;1000.38;A;178;A;53;A;0;A;8;A;44;A;10.74;A;7.19;A;4.69;A
18.08.2025 11:30;28.89;A;39.29;A;1000.56;A;148;A;53;A;0;A;10;A;42;A;13.2;A;7.39;A;5.02;A
18.08.2025 11:45;28.82;A;39.58;A;1000.6;A;159;A;52;A;0;A;10;A;42;A;12.05;A;7.89;A;5.36;A
18.08.2025 12:00;28.88;A;37.76;A;1000.62;A;148;A;48;A;0;A;8;A;40;A;24.56;A;14.8;A;9.96;A
18.08.2025 12:15;29.05;A;36.52;A;1000.8;A;147;A;49;A;0;A;9;A;40;A;16.28;A;9.34;A;6.27;A
18.08.2025 12:30;29.04;A;35.41;A;1000.83;A;147;A;50;A;0;A;9;A;42;A;16.64;A;11.11;A;7.61;A
18.08.2025 12:45;29.11;A;34.58;A;1000.98;A;134;A;50;A;0;A;9;A;42;A;10.08;A;5.95;A;3.96;A
18.08.2025 13:00;29.11;A;33.79;A;1000.93;A;133;A;49;A;0;A;9;A;40;A;9.31;A;5.22;A;3.54;A
18.08.2025 13:15;29.15;A;32.9;A;1001.2;A;208;A;50;A;0;A;12;A;38;A;14.85;A;8.51;A;5.98;A
18.08.2025 13:30;28.8;A;32.71;A;1001.4;A;147;A;52;A;0;A;10;A;42;A;24.72;A;10.28;A;6.38;A
18.08.2025 13:45;28.48;A;32.99;A;1001.55;A;131;A;51;A;0;A;10;A;41;A;9.89;A;5.2;A;3.27;A
18.08.2025 14:00;28.46;A;32.27;A;1001.76;A;133;A;47;A;0;A;9;A;38;A;11.18;A;5.35;A;3.62;A
18.08.2025 14:15;28.78;A;30.04;A;1001.73;A;124;A;49;A;0;A;10;A;39;A;8.78;A;5.21;A;3.25;A
18.08.2025 14:30;29.28;A;29.34;A;1001.8;A;121;A;49;A;0;A;9;A;40;A;8.86;A;4;A;2.84;A
18.08.2025 14:45;29.29;A;28.5;A;1001.99;A;122;A;49;A;0;A;9;A;40;A;8.89;A;4.1;A;2.53;A
18.08.2025 15:00;28.8;A;28.88;A;1002.03;A;131;A;48;A;0;A;9;A;39;A;5.08;A;3.3;A;2.07;A
18.08.2025 15:15;28.79;A;28.79;A;1002.11;A;127;A;47;A;0;A;9;A;38;A;5.48;A;2.69;A;1.65;A
18.08.2025 15:30;28.88;A;27.87;A;1002.18;A;115;A;46;A;0;A;8;A;38;A;7.35;A;3.14;A;1.76;A
18.08.2025 15:45;29.01;A;27.39;A;1002.22;A;113;A;47;A;0;A;9;A;38;A;7.89;A;4.04;A;2.72;A
18.08.2025 16:00;29.53;A;27.59;A;1002.34;A;122;A;47;A;0;A;9;A;38;A;6.74;A;2.84;A;1.65;A
18.08.2025 16:15;29.72;A;28.93;A;1002.44;A;131;A;47;A;0;A;9;A;37;A;5.71;A;3.17;A;2.14;A
18.08.2025 16:30;29.41;A;31.28;A;1002.4;A;137;A;45;A;0;A;8;A;37;A;5.78;A;3.25;A;1.9;A
18.08.2025 16:45;29.28;A;31.3;A;1002.28;A;131;A;43;A;0;A;7;A;36;A;4.61;A;2.87;A;1.94;A
18.08.2025 17:00;28.97;A;30.14;A;1002.34;A;112;A;47;A;0;A;9;A;38;A;6.54;A;3.21;A;1.92;A
18.08.2025 17:15;28.6;A;31.13;A;1002.43;A;128;A;47;A;0;A;10;A;37;A;5.68;A;2.95;A;1.9;A
18.08.2025 17:30;28.04;A;31.28;A;1002.4;A;124;A;46;A;0;A;9;A;37;A;6.36;A;3.2;A;1.89;A
18.08.2025 17:45;27.41;A;31.87;A;1002.65;A;113;A;46;A;0;A;9;A;37;A;5.06;A;2.63;A;1.59;A
18.08.2025 18:00;26.8;A;33.34;A;1002.51;A;121;A;45;A;0;A;10;A;35;A;4.9;A;2.74;A;1.69;A
18.08.2025 18:15;26.38;A;34.53;A;1002.53;A;108;A;45;A;0;A;10;A;35;A;5.11;A;2.64;A;1.69;A
18.08.2025 18:30;26.06;A;35.33;A;1002.61;A;113;A;45;A;0;A;10;A;35;A;4.86;A;2.52;A;1.58;A
18.08.2025 18:45;25.72;A;35.62;A;1002.7;A;99;A;45;A;0;A;11;A;34;A;5.37;A;2.7;A;1.64;A
18.08.2025 19:00;25.44;A;35.8;A;1002.8;A;96;A;44;A;0;A;10;A;34;A;4.46;A;2.32;A;1.52;A
18.08.2025 19:15;25.17;A;34.98;A;1002.79;A;88;A;47;A;0;A;11;A;36;A;3.36;A;1.97;A;1.21;A
18.08.2025 19:30;24.96;A;35.61;A;1002.8;A;94;A;48;A;0;A;12;A;36;A;4.65;A;2.28;A;1.52;A
18.08.2025 19:45;24.82;A;36;A;1003.03;A;94;A;47;A;0;A;11;A;36;A;4.84;A;2.26;A;1.47;A
18.08.2025 20:00;24.69;A;36.11;A;1003.18;A;91;A;47;A;0;A;11;A;36;A;3.68;A;1.96;A;1.34;A
18.08.2025 20:15;24.59;A;36.24;A;1003.29;A;89;A;46;A;0;A;11;A;35;A;3.99;A;1.98;A;1.25;A
18.08.2025 20:30;24.43;A;36.15;A;1003.33;A;83;A;44;A;0;A;11;A;33;A;3.15;A;1.96;A;1.21;A
18.08.2025 20:45;24.22;A;36.23;A;1003.41;A;84;A;43;A;0;A;11;A;32;A;4.19;A;1.85;A;1.25;A
18.08.2025 21:00;23.96;A;36.65;A;1003.54;A;82;A;42;A;0;A;13;A;29;A;3.71;A;1.81;A;1.24;A
18.08.2025 21:15;23.66;A;37.16;A;1003.86;A;82;A;41;A;0;A;14;A;27;A;4.98;A;2.49;A;1.56;A
18.08.2025 21:30;23.4;A;37.82;A;1003.89;A;80;A;40;A;0;A;15;A;24;A;5.29;A;2.72;A;1.6;A
18.08.2025 21:45;23.11;A;38.89;A;1003.92;A;82;A;39;A;0;A;17;A;21;A;7.32;A;3.39;A;2.06;A
18.08.2025 22:00;22.82;A;40.16;A;1003.95;A;81;A;37;A;0;A;16;A;21;A;6.7;A;3.7;A;2.35;A
18.08.2025 22:15;22.52;A;41.44;A;1004.08;A;82;A;36;A;0;A;19;A;17;A;7.03;A;3.79;A;2.47;A
18.08.2025 22:30;22.29;A;42.48;A;1004.17;A;79;A;36;A;0;A;14;A;22;A;6.57;A;3.37;A;2.16;A
18.08.2025 22:45;22.13;A;43.39;A;1004.21;A;88;A;36;A;0;A;14;A;22;A;8.14;A;4.5;A;2.84;A
18.08.2025 23:00;22.01;A;43.91;A;1004.25;A;83;A;35;A;0;A;11;A;24;A;8.82;A;4.29;A;2.74;A
18.08.2025 23:15;21.94;A;43.07;A;1004.33;A;68;A;36;A;0;A;9;A;27;A;5.3;A;2.76;A;1.8;A
18.08.2025 23:30;21.8;A;43.59;A;1004.47;A;67;A;36;A;0;A;9;A;26;A;4.75;A;2.07;A;1.34;A
18.08.2025 23:45;21.55;A;43.9;A;1004.46;A;66;A;35;A;0;A;9;A;27;A;4.21;A;2.05;A;1.35;A
19.08.2025 00:00;21.28;A;44.29;A;1004.48;A;66;A;35;A;0;A;8;A;27;A;4.18;A;2.06;A;1.3;A
19.08.2025 00:15;21;A;44.69;A;1004.55;A;66;A;35;A;0;A;9;A;26;A;3.45;A;2.04;A;1.24;A
19.08.2025 00:30;20.72;A;45.29;A;1004.58;A;66;A;34;A;0;A;9;A;25;A;3.67;A;1.94;A;1.24;A
19.08.2025 00:45;20.48;A;46.01;A;1004.83;A;68;A;33;A;0;A;8;A;25;A;3.49;A;2.15;A;1.3;A
19.08.2025 01:00;20.17;A;46.8;A;1004.93;A;66;A;33;A;0;A;9;A;24;A;4.23;A;2.26;A;1.4;A
19.08.2025 01:15;19.91;A;47.4;A;1004.78;A;67;A;33;A;0;A;9;A;24;A;3.92;A;2.15;A;1.36;A
19.08.2025 01:30;19.65;A;48.01;A;1004.83;A;67;A;32;A;0;A;9;A;23;A;4.59;A;2.37;A;1.51;A
19.08.2025 01:45;19.4;A;48.74;A;1004.78;A;66;A;32;A;0;A;9;A;23;A;4.88;A;2.5;A;1.63;A
19.08.2025 02:00;19.15;A;49.71;A;1004.76;A;66;A;31;A;0;A;9;A;22;A;4.62;A;2.6;A;1.55;A
19.08.2025 02:15;18.89;A;50.43;A;1004.91;A;66;A;31;A;0;A;9;A;22;A;4.27;A;2.47;A;1.5;A
19.08.2025 02:30;18.69;A;50.85;A;1005.08;A;68;A;31;A;0;A;9;A;22;A;5.24;A;2.95;A;1.9;A
19.08.2025 02:45;18.38;A;51.84;A;1005.16;A;64;A;30;A;0;A;9;A;21;A;4.89;A;2.93;A;1.89;A
19.08.2025 03:00;18.09;A;52.49;A;1005.29;A;62;A;30;A;0;A;10;A;20;A;5.39;A;2.88;A;2.13;A
19.08.2025 03:15;17.83;A;53.25;A;1005.34;A;62;A;29;A;0;A;9;A;20;A;7.07;A;3.34;A;2.25;A
19.08.2025 03:30;17.55;A;53.89;A;1005.41;A;64;A;29;A;0;A;9;A;20;A;6.71;A;3.59;A;2.39;A
19.08.2025 03:45;17.33;A;54.71;A;1005.36;A;60;A;29;A;0;A;9;A;20;A;6.98;A;3.68;A;2.57;A
19.08.2025 04:00;16.98;A;55.97;A;1005.52;A;65;A;27;A;0;A;10;A;17;A;7.04;A;4.39;A;2.67;A
19.08.2025 04:15;16.62;A;57.03;A;1005.62;A;75;A;26;A;0;A;10;A;16;A;8.32;A;3.96;A;2.84;A
19.08.2025 04:30;16.36;A;57.9;A;1005.66;A;81;A;26;A;0;A;11;A;14;A;6.95;A;4;A;2.65;A
19.08.2025 04:45;16.15;A;58.53;A;1005.72;A;70;A;26;A;0;A;13;A;13;A;8.37;A;5.04;A;3.32;A
19.08.2025 05:00;15.95;A;59.06;A;1005.84;A;68;A;26;A;0;A;19;A;7;A;9.24;A;5.58;A;3.77;A
19.08.2025 05:15;15.76;A;59.68;A;1005.87;A;70;A;27;A;0;A;19;A;7;A;9.16;A;5.6;A;3.76;A
19.08.2025 05:30;15.56;A;60.47;A;1005.88;A;70;A;26;A;0;A;19;A;7;A;12.07;A;5.94;A;4.13;A
19.08.2025 05:45;15.36;A;61.31;A;1005.97;A;81;A;26;A;0;A;21;A;4;A;9.83;A;5.77;A;3.95;A
19.08.2025 06:00;15.29;A;61.67;A;1006.16;A;89;A;26;A;0;A;21;A;5;A;9.4;A;5.51;A;3.91;A
19.08.2025 06:15;15.25;A;62.12;A;1006.33;A;107;A;26;A;0;A;23;A;3;A;17.21;A;8.19;A;5.26;A
19.08.2025 06:30;15.32;A;62.29;A;1006.38;A;124;A;26;A;0;A;22;A;3;A;12.4;A;6.33;A;4.45;A
19.08.2025 06:45;15.57;A;61.8;A;1006.46;A;169;A;26;A;0;A;22;A;4;A;10.91;A;6.13;A;4.67;A
19.08.2025 07:00;16.07;A;60.11;A;1006.6;A;131;A;27;A;0;A;19;A;7;A;12.45;A;6.77;A;4.7;A
19.08.2025 07:15;17.03;A;57.25;A;1006.6;A;124;A;27;A;0;A;17;A;11;A;18.95;A;8.08;A;5.56;A
19.08.2025 07:30;17.24;A;56.36;A;1006.67;A;130;A;30;A;0;A;18;A;13;A;13.45;A;8.15;A;5.87;A
19.08.2025 07:45;17.1;A;57.18;A;1006.71;A;168;A;30;A;0;A;20;A;11;A;26.85;A;11.65;A;7.45;A
19.08.2025 08:00;17.05;A;57.92;A;1006.79;A;300;A;32;A;0;A;26;A;7;A;21.72;A;10.36;A;6.99;A
19.08.2025 08:15;17.08;A;57.44;A;1006.94;A;279;A;29;A;0;A;22;A;7;A;28.69;A;17.17;A;11.98;A
19.08.2025 08:30;17.35;A;56.4;A;1007.01;A;213;A;29;A;0;A;19;A;10;A;13.1;A;7.93;A;5.63;A
19.08.2025 08:45;18.08;A;53.96;A;1007.12;A;217;A;32;A;0;A;21;A;11;A;26.13;A;14.67;A;10.51;A
19.08.2025 09:00;19.07;A;51.15;A;1007.15;A;222;A;32;A;0;A;22;A;11;A;19.42;A;11.31;A;8.71;A
19.08.2025 09:15;20.55;A;48.39;A;1007.01;A;166;A;32;A;0;A;17;A;15;A;18.94;A;11;A;7.65;A
19.08.2025 09:30;21.2;A;46.46;A;1007.15;A;158;A;33;A;0;A;18;A;15;A;13.34;A;7.07;A;5;A
19.08.2025 09:45;21.13;A;45.35;A;1007.21;A;140;A;35;A;0;A;16;A;20;A;13.38;A;7.93;A;5.59;A
19.08.2025 10:00;21.26;A;44.17;A;1007.17;A;170;A;37;A;0;A;15;A;22;A;10.85;A;5.84;A;3.92;A
19.08.2025 10:15;21.87;A;41.77;A;1007.08;A;110;A;37;A;0;A;11;A;26;A;7.29;A;3.44;A;2.46;A
19.08.2025 10:30;22.33;A;40.25;A;1007.17;A;99;A;40;A;0;A;12;A;28;A;5.41;A;2.9;A;1.96;A
19.08.2025 10:45;22.8;A;39.06;A;1007.15;A;107;A;40;A;0;A;11;A;29;A;13.08;A;8.95;A;5.93;A
19.08.2025 11:00;23.27;A;37.92;A;1007.23;A;102;A;40;A;0;A;10;A;30;A;4.61;A;2.45;A;1.49;A
19.08.2025 11:15;23.4;A;36.9;A;1007.06;A;95;A;43;A;0;A;11;A;32;A;5.65;A;3.14;A;1.88;A
19.08.2025 11:30;23.59;A;36.63;A;1006.9;A;111;A;44;A;0;A;11;A;32;A;6.14;A;3.56;A;2.36;A
19.08.2025 11:45;23.82;A;36.08;A;1006.85;A;102;A;43;A;0;A;11;A;32;A;9.75;A;6.21;A;4.13;A
19.08.2025 12:00;24.13;A;34.02;A;1006.75;A;92;A;43;A;0;A;10;A;33;A;7.29;A;3.87;A;2.6;A
19.08.2025 12:15;24.18;A;34.66;A;1006.68;A;102;A;46;A;0;A;12;A;34;A;6.82;A;3.77;A;2.56;A
19.08.2025 12:30;24.32;A;35.67;A;1006.5;A;104;A;42;A;0;A;11;A;32;A;6.53;A;3.73;A;2.63;A
19.08.2025 12:45;24.39;A;35.43;A;1006.59;A;112;A;42;A;0;A;11;A;31;A;6.99;A;4.66;A;3.03;A
19.08.2025 13:00;24.4;A;35.33;A;1006.61;A;118;A;42;A;0;A;12;A;30;A;8.08;A;4.92;A;3.38;A
19.08.2025 13:15;24.36;A;35.44;A;1006.51;A;145;A;44;A;0;A;11;A;32;A;10.47;A;6.44;A;4.5;A
19.08.2025 13:30;24.54;A;35.06;A;1006.38;A;122;A;44;A;0;A;10;A;34;A;9.52;A;6.28;A;4.22;A
19.08.2025 13:45;24.64;A;34.53;A;1006.18;A;183;A;44;A;0;A;11;A;34;A;9.21;A;5.3;A;3.74;A
19.08.2025 14:00;25.02;A;33.86;A;1005.93;A;103;A;44;A;0;A;11;A;34;A;6.82;A;4.05;A;2.89;A
19.08.2025 14:15;25.42;A;33.34;A;1005.93;A;96;A;46;A;0;A;11;A;35;A;6.69;A;4.59;A;3.2;A
19.08.2025 14:30;25.79;A;31.65;A;1005.98;A;104;A;47;A;0;A;11;A;36;A;9.58;A;5.59;A;4.01;A
19.08.2025 14:45;26.04;A;31.27;A;1005.68;A;100;A;48;A;0;A;11;A;37;A;10.33;A;6.42;A;4.47;A
19.08.2025 15:00;26.33;A;30.72;A;1005.55;A;109;A;48;A;0;A;12;A;36;A;10.17;A;7.19;A;5.11;A
19.08.2025 15:15;26.58;A;30.17;A;1005.48;A;116;A;48;A;0;A;11;A;36;A;14.39;A;8.04;A;5.52;A
19.08.2025 15:30;26.72;A;28.73;A;1005.18;A;114;A;48;A;0;A;11;A;37;A;11;A;7.41;A;5.16;A
19.08.2025 15:45;26.86;A;28.27;A;1005.04;A;148;A;49;A;0;A;13;A;35;A;12.88;A;8.41;A;6.17;A
19.08.2025 16:00;27.08;A;28.18;A;1005.05;A;124;A;49;A;0;A;11;A;38;A;11.19;A;7.31;A;5.1;A
19.08.2025 16:15;27.14;A;27.43;A;1004.9;A;201;A;49;A;0;A;14;A;36;A;9.88;A;5.96;A;4.12;A
19.08.2025 16:30;27.25;A;27.1;A;1004.77;A;132;A;50;A;0;A;13;A;37;A;10.83;A;6.75;A;4.79;A
19.08.2025 16:45;27.28;A;27.05;A;1004.71;A;141;A;51;A;0;A;13;A;37;A;10.44;A;6.74;A;4.5;A
19.08.2025 17:00;27.07;A;27.69;A;1004.58;A;206;A;51;A;0;A;16;A;34;A;11.06;A;6.9;A;4.75;A
19.08.2025 17:15;27.07;A;27.77;A;1004.45;A;140;A;48;A;0;A;14;A;34;A;9.09;A;5.66;A;3.95;A
19.08.2025 17:30;27.12;A;27.71;A;1004.4;A;132;A;48;A;0;A;14;A;35;A;11.34;A;6.09;A;4.27;A
19.08.2025 17:45;26.89;A;27.74;A;1004.37;A;130;A;50;A;0;A;14;A;36;A;10.58;A;6.5;A;4.46;A
19.08.2025 18:00;26.63;A;29.34;A;1004.26;A;132;A;49;A;0;A;13;A;36;A;10.79;A;7.11;A;5.01;A
19.08.2025 18:15;26.35;A;29.07;A;1004.26;A;137;A;48;A;0;A;13;A;35;A;10.29;A;6.73;A;4.65;A
19.08.2025 18:30;26.05;A;29.95;A;1004.22;A;147;A;49;A;0;A;15;A;34;A;10.84;A;7.27;A;5.17;A
19.08.2025 18:45;25.75;A;30.69;A;1004.07;A;172;A;48;A;0;A;15;A;34;A;10.58;A;6.73;A;4.76;A
19.08.2025 19:00;25.32;A;32.17;A;1003.97;A;280;A;46;A;0;A;21;A;25;A;12.43;A;7.43;A;5.06;A
19.08.2025 19:15;24.84;A;33.15;A;1003.95;A;184;A;45;A;0;A;18;A;26;A;12.3;A;7;A;5.17;A
19.08.2025 19:30;24.34;A;34.26;A;1003.79;A;156;A;44;A;0;A;16;A;28;A;12.92;A;7.42;A;5.01;A
19.08.2025 19:45;23.83;A;35.48;A;1003.86;A;239;A;41;A;0;A;18;A;24;A;12.94;A;7.96;A;5.09;A
19.08.2025 20:00;23.24;A;37.8;A;1003.91;A;244;A;39;A;0;A;20;A;19;A;12.92;A;7.31;A;5.15;A
19.08.2025 20:15;22.56;A;39.08;A;1004.06;A;264;A;37;A;0;A;20;A;17;A;15.21;A;8.44;A;5.89;A
19.08.2025 20:30;21.94;A;40.97;A;1004.23;A;244;A;36;A;0;A;20;A;16;A;14.58;A;8.87;A;5.85;A
19.08.2025 20:45;21.41;A;41.91;A;1004.25;A;239;A;35;A;0;A;19;A;16;A;14.67;A;8.71;A;6.3;A
19.08.2025 21:00;20.85;A;43.55;A;1004.32;A;268;A;33;A;0;A;23;A;11;A;14.83;A;9.13;A;6.47;A
19.08.2025 21:15;20.4;A;44.84;A;1004.4;A;368;A;33;A;0;A;29;A;4;A;14.71;A;9.32;A;6.51;A
19.08.2025 21:30;20.01;A;45.61;A;1004.52;A;515;A;33;A;0;A;32;A;1;A;16.88;A;9.72;A;6.79;A
19.08.2025 21:45;19.75;A;46.21;A;1004.43;A;487;A;33;A;0;A;32;A;1;A;16.55;A;9.74;A;6.94;A
19.08.2025 22:00;19.52;A;46.37;A;1004.42;A;463;A;32;A;0;A;30;A;2;A;17.03;A;10.39;A;7.24;A
19.08.2025 22:15;19.27;A;46.86;A;1004.25;A;442;A;32;A;0;A;31;A;2;A;16.88;A;10.65;A;7.49;A
19.08.2025 22:30;19;A;47.68;A;1004.15;A;356;A;33;A;0;A;29;A;4;A;16.45;A;10.27;A;7.49;A
19.08.2025 22:45;18.74;A;48.6;A;1004.11;A;397;A;31;A;0;A;29;A;2;A;17.41;A;11.83;A;8.36;A
19.08.2025 23:00;18.59;A;49.04;A;1004.16;A;324;A;31;A;0;A;27;A;4;A;19.38;A;12.35;A;9.22;A
19.08.2025 23:15;18.45;A;49.47;A;1003.99;A;289;A;31;A;0;A;25;A;6;A;20.77;A;14.13;A;10.2;A
19.08.2025 23:30;18.36;A;49.77;A;1004.05;A;245;A;31;A;0;A;22;A;9;A;21.65;A;13.65;A;10.19;A
19.08.2025 23:45;18.18;A;50.3;A;1004.12;A;201;A;32;A;0;A;19;A;14;A;17.42;A;12;A;8.94;A
20.08.2025 00:00;17.97;A;50.8;A;1004.19;A;184;A;33;A;0;A;18;A;15;A;15.63;A;10.43;A;7.81;A
20.08.2025 00:15;17.71;A;52.05;A;1004.2;A;201;A;32;A;0;A;18;A;14;A;15.49;A;10.82;A;7.91;A
20.08.2025 00:30;17.5;A;52.81;A;1004.17;A;295;A;31;A;0;A;19;A;12;A;15.43;A;10.16;A;7.58;A
20.08.2025 00:45;17.33;A;53.63;A;1004.08;A;162;A;31;A;0;A;15;A;16;A;15.32;A;10.08;A;7.39;A
20.08.2025 01:00;17.1;A;54.36;A;1004.1;A;161;A;29;A;0;A;15;A;14;A;16.37;A;10.9;A;7.72;A
20.08.2025 01:15;16.91;A;55.17;A;1004.09;A;166;A;28;A;0;A;15;A;13;A;16.42;A;10.67;A;7.95;A
20.08.2025 01:30;16.66;A;56.13;A;1003.93;A;173;A;28;A;0;A;17;A;11;A;16.5;A;11.82;A;8.63;A
20.08.2025 01:45;16.52;A;56.74;A;1003.96;A;182;A;28;A;0;A;23;A;6;A;21.26;A;13.42;A;10.16;A
20.08.2025 02:00;16.37;A;57.52;A;1003.76;A;200;A;28;A;0;A;25;A;3;A;21.6;A;14.42;A;10.61;A
20.08.2025 02:15;16.11;A;58.62;A;1003.59;A;207;A;27;A;0;A;25;A;2;A;20.74;A;14.4;A;10.72;A
20.08.2025 02:30;15.93;A;59.49;A;1003.47;A;226;A;28;A;0;A;26;A;2;A;23.98;A;16.27;A;11.84;A
20.08.2025 02:45;15.78;A;59.84;A;1003.46;A;235;A;28;A;0;A;26;A;2;A;24.47;A;15.9;A;11.93;A
20.08.2025 03:00;15.66;A;60.29;A;1003.46;A;260;A;30;A;0;A;28;A;2;A;26.19;A;16.79;A;12.37;A
20.08.2025 03:15;15.61;A;60.63;A;1003.47;A;283;A;30;A;0;A;29;A;2;A;24.39;A;16.79;A;12.2;A
20.08.2025 03:30;15.48;A;61.44;A;1003.53;A;291;A;30;A;0;A;29;A;2;A;26.27;A;16.24;A;12.2;A
20.08.2025 03:45;15.37;A;62.1;A;1003.48;A;293;A;28;A;0;A;27;A;1;A;27.22;A;16.53;A;11.79;A
20.08.2025 04:00;15.18;A;62.78;A;1003.43;A;295;A;29;A;0;A;27;A;2;A;25.6;A;16.64;A;12.07;A
20.08.2025 04:15;15.18;A;63.28;A;1003.42;A;317;A;30;A;0;A;28;A;2;A;30.18;A;18.5;A;13.32;A
20.08.2025 04:30;15.13;A;63.56;A;1003.32;A;334;A;29;A;0;A;27;A;2;A;30.8;A;18.36;A;13.28;A
20.08.2025 04:45;14.98;A;64.57;A;1003.22;A;351;A;28;A;0;A;25;A;3;A;29.32;A;18.13;A;13.12;A
20.08.2025 05:00;14.84;A;65.12;A;1003.15;A;346;A;28;A;0;A;25;A;3;A;26.01;A;16.5;A;12.01;A
20.08.2025 05:15;14.85;A;64.97;A;1003.16;A;360;A;29;A;0;A;26;A;3;A;29.38;A;18.98;A;13.81;A
20.08.2025 05:30;14.74;A;65.74;A;1003.04;A;365;A;28;A;0;A;25;A;3;A;29.31;A;19.47;A;14.38;A
20.08.2025 05:45;14.59;A;66.29;A;1003.05;A;363;A;28;A;0;A;25;A;3;A;30.12;A;21.05;A;15.4;A
20.08.2025 06:00;14.51;A;66.74;A;1002.97;A;361;A;28;A;0;A;25;A;2;A;28.13;A;19.49;A;14.68;A
20.08.2025 06:15;14.48;A;67.04;A;1003.01;A;383;A;28;A;0;A;25;A;3;A;30.19;A;20.7;A;15.13;A
20.08.2025 06:30;14.49;A;67.08;A;1003.06;A;531;A;28;A;0;A;25;A;3;A;31.89;A;21.36;A;15.33;A
20.08.2025 06:45;14.71;A;66.92;A;1003.1;A;568;A;29;A;0;A;26;A;3;A;34.77;A;22.64;A;16.37;A
20.08.2025 07:00;14.96;A;65.34;A;1003.14;A;671;A;27;A;0;A;22;A;4;A;87.22;A;39.16;A;25.97;A
20.08.2025 07:15;15.8;A;62.05;A;1003.01;A;627;A;27;A;0;A;23;A;4;A;41.74;A;23;A;16.03;A
20.08.2025 07:30;16.58;A;59.81;A;1003.15;A;748;A;28;A;0;A;24;A;4;A;48.76;A;26.02;A;17.92;A
20.08.2025 07:45;17.41;A;57.56;A;1003.02;A;720;A;32;A;0;A;28;A;4;A;48.14;A;26.82;A;18.62;A
20.08.2025 08:00;18.14;A;54.54;A;1002.8;A;521;A;41;A;0;A;39;A;2;A;55.14;A;38.51;A;26.39;A
20.08.2025 08:15;18.72;A;51.4;A;1002.8;A;424;A;41;A;0;A;33;A;9;A;31.01;A;15.36;A;10.53;A
20.08.2025 08:30;19.4;A;48.69;A;1002.92;A;350;A;43;A;0;A;25;A;18;A;21.29;A;11.44;A;8.4;A
20.08.2025 08:45;20.23;A;46.98;A;1002.79;A;1327;A;45;A;1;A;24;A;20;A;23.37;A;13.48;A;9.06;A
20.08.2025 09:00;21.59;A;44.61;A;1002.9;A;1152;A;50;A;0;A;32;A;18;A;19.6;A;11.24;A;8.06;A
20.08.2025 09:15;23.75;A;40.76;A;1002.84;A;362;A;46;A;0;A;23;A;23;A;22.14;A;13.58;A;9.5;A
20.08.2025 09:30;25.49;A;37.22;A;1002.85;A;389;A;48;A;0;A;24;A;23;A;19.02;A;10.98;A;7.6;A
20.08.2025 09:45;25.97;A;35.84;A;1002.7;A;361;A;52;A;0;A;23;A;29;A;14.95;A;7.91;A;5.34;A
20.08.2025 10:00;25.82;A;35.58;A;1002.54;A;331;A;51;A;0;A;19;A;33;A;8.43;A;4.95;A;3.29;A
20.08.2025 10:15;25.87;A;35.6;A;1002.5;A;273;A;52;A;0;A;19;A;33;A;7.33;A;4.23;A;2.77;A
20.08.2025 10:30;26.12;A;35.11;A;1002.39;A;243;A;53;A;0;A;18;A;35;A;8.39;A;4.65;A;3.14;A
20.08.2025 10:45;26.64;A;33.73;A;1002.48;A;234;A;52;A;0;A;15;A;37;A;8.34;A;4.58;A;3.34;A
20.08.2025 11:00;26.92;A;30.9;A;1002.33;A;187;A;56;A;0;A;14;A;42;A;7.24;A;4.16;A;2.96;A
20.08.2025 11:15;26.91;A;31.1;A;1002.25;A;192;A;56;A;0;A;14;A;43;A;7.3;A;5.03;A;3.36;A
20.08.2025 11:30;26.84;A;31.86;A;1002;A;201;A;58;A;0;A;14;A;44;A;6.3;A;4.35;A;2.87;A
20.08.2025 11:45;26.91;A;31.88;A;1001.91;A;192;A;58;A;0;A;14;A;44;A;5.98;A;3.94;A;2.71;A
20.08.2025 12:00;27.14;A;31.28;A;1001.78;A;210;A;60;A;0;A;15;A;45;A;7.91;A;5.35;A;3.74;A
20.08.2025 12:15;27.37;A;30.48;A;1001.6;A;221;A;58;A;0;A;19;A;39;A;13.1;A;9.39;A;6.65;A
20.08.2025 12:30;27.54;A;30.33;A;1001.49;A;195;A;58;A;0;A;14;A;44;A;8.96;A;5.78;A;4.35;A
20.08.2025 12:45;27.75;A;29.37;A;1001.35;A;181;A;59;A;0;A;14;A;44;A;9.95;A;6.36;A;4.4;A
20.08.2025 13:00;27.95;A;29.14;A;1001.24;A;216;A;58;A;0;A;14;A;44;A;10.36;A;6.19;A;4.42;A
20.08.2025 13:15;28.56;A;28.22;A;1001.12;A;173;A;56;A;0;A;12;A;43;A;9.37;A;5.99;A;4.58;A
20.08.2025 13:30;28.87;A;26.77;A;1000.96;A;253;A;57;A;0;A;11;A;45;A;8.86;A;5.91;A;4.05;A
20.08.2025 13:45;29.27;A;27.01;A;1000.74;A;189;A;60;A;0;A;15;A;45;A;12.23;A;8.49;A;5.87;A
20.08.2025 14:00;30.11;A;25.72;A;1000.73;A;194;A;56;A;0;A;11;A;46;A;9.08;A;6;A;4.46;A
20.08.2025 14:15;30.89;A;24.39;A;1000.72;A;166;A;59;A;0;A;11;A;48;A;9.1;A;5.8;A;4.21;A
20.08.2025 14:30;31.3;A;24.42;A;1000.58;A;191;A;59;A;0;A;11;A;48;A;12.85;A;7.48;A;5.33;A
20.08.2025 14:45;31.8;A;24.16;A;1000.42;A;200;A;58;A;0;A;12;A;46;A;10.44;A;6.89;A;5.14;A
20.08.2025 15:00;32.15;A;23.47;A;1000.16;A;185;A;58;A;0;A;11;A;47;A;10.17;A;6.39;A;4.39;A
20.08.2025 15:15;32.49;A;23.27;A;999.97;A;462;A;61;A;0;A;20;A;41;A;18.98;A;14.73;A;11.68;A
20.08.2025 15:30;32.37;A;23.35;A;999.85;A;192;A;59;A;0;A;11;A;48;A;15.54;A;8.08;A;5.32;A
20.08.2025 15:45;32.41;A;23.32;A;999.79;A;208;A;58;A;0;A;14;A;44;A;13.51;A;9.11;A;6.46;A
20.08.2025 16:00;32.22;A;23.08;A;999.64;A;191;A;57;A;0;A;11;A;46;A;8.41;A;5.07;A;3.72;A
20.08.2025 16:15;31.65;A;23.98;A;999.57;A;203;A;56;A;0;A;12;A;44;A;10.09;A;6.66;A;4.82;A
20.08.2025 16:30;31.57;A;24.16;A;999.51;A;198;A;55;A;0;A;12;A;44;A;9.17;A;6.02;A;4.22;A
20.08.2025 16:45;31.98;A;23.5;A;999.43;A;203;A;55;A;0;A;11;A;43;A;8.31;A;5.22;A;3.63;A
20.08.2025 17:00;31.99;A;23.12;A;999.28;A;165;A;56;A;0;A;10;A;46;A;7.86;A;4.55;A;2.86;A
20.08.2025 17:15;31.87;A;23.36;A;999.35;A;166;A;54;A;0;A;9;A;45;A;7.05;A;3.65;A;2.49;A
20.08.2025 17:30;31.29;A;23.97;A;999.4;A;181;A;54;A;0;A;12;A;43;A;6.76;A;3.82;A;2.61;A
20.08.2025 17:45;30.64;A;24.43;A;999.38;A;169;A;54;A;0;A;11;A;43;A;6.15;A;3.74;A;2.45;A
20.08.2025 18:00;30.14;A;24.25;A;999.3;A;152;A;53;A;0;A;10;A;43;A;6.97;A;3.49;A;2.51;A
20.08.2025 18:15;29.53;A;24.74;A;999.2;A;148;A;53;A;0;A;11;A;42;A;5.91;A;3.76;A;2.6;A
20.08.2025 18:30;28.94;A;26.44;A;999.13;A;165;A;52;A;0;A;13;A;39;A;6.86;A;4.04;A;2.86;A
20.08.2025 18:45;28.2;A;28.47;A;999;A;290;A;50;A;0;A;14;A;36;A;7.24;A;4.21;A;3.25;A
20.08.2025 19:00;27.56;A;29.96;A;999.02;A;253;A;47;A;0;A;17;A;30;A;9.37;A;5.16;A;3.47;A
20.08.2025 19:15;27.03;A;31.29;A;999.04;A;222;A;47;A;0;A;17;A;30;A;8.68;A;5.38;A;3.71;A
20.08.2025 19:30;26.58;A;32.02;A;999.09;A;233;A;43;A;0;A;16;A;27;A;9.49;A;5.81;A;4.18;A
20.08.2025 19:45;26.28;A;32.01;A;999.23;A;140;A;45;A;0;A;12;A;32;A;7.08;A;4.04;A;2.8;A
20.08.2025 20:00;25.93;A;32.15;A;999.25;A;150;A;43;A;0;A;13;A;30;A;7.19;A;4.1;A;2.78;A
20.08.2025 20:15;25.65;A;32.27;A;999.43;A;124;A;43;A;0;A;12;A;31;A;7.76;A;4.41;A;2.77;A
20.08.2025 20:30;25.35;A;32.53;A;999.61;A;121;A;43;A;0;A;12;A;31;A;7.91;A;4.35;A;2.74;A
20.08.2025 20:45;25.12;A;32.77;A;999.69;A;121;A;43;A;0;A;16;A;27;A;7.02;A;4.37;A;2.79;A
20.08.2025 21:00;24.89;A;33.21;A;999.74;A;112;A;42;A;0;A;18;A;24;A;7.82;A;4.26;A;2.85;A
20.08.2025 21:15;24.61;A;33.53;A;999.84;A;112;A;42;A;0;A;16;A;26;A;7.67;A;4.64;A;3.11;A
20.08.2025 21:30;24.26;A;34.64;A;999.91;A;109;A;40;A;0;A;13;A;27;A;9.32;A;5.21;A;3.44;A
20.08.2025 21:45;23.91;A;35.26;A;999.88;A;127;A;37;A;0;A;15;A;22;A;12.61;A;6.68;A;4.46;A
20.08.2025 22:00;23.74;A;34.87;A;999.86;A;127;A;39;A;0;A;18;A;21;A;11.8;A;7.7;A;5.32;A
20.08.2025 22:15;23.19;A;36.5;A;999.84;A;135;A;39;A;0;A;18;A;21;A;12.75;A;7.48;A;5.04;A
20.08.2025 22:30;22.62;A;37.9;A;999.56;A;141;A;38;A;0;A;17;A;21;A;10.41;A;6.99;A;4.76;A
20.08.2025 22:45;22.2;A;39.28;A;999.7;A;187;A;37;A;0;A;16;A;21;A;10.94;A;6.61;A;4.66;A
20.08.2025 23:00;21.77;A;40.59;A;999.74;A;209;A;34;A;0;A;20;A;15;A;11.23;A;7.57;A;5.26;A
20.08.2025 23:15;21.36;A;42.44;A;999.76;A;231;A;31;A;0;A;24;A;7;A;13.22;A;8.27;A;5.83;A
20.08.2025 23:30;20.94;A;43.39;A;999.89;A;244;A;32;A;0;A;24;A;7;A;14.87;A;8.82;A;5.85;A
20.08.2025 23:45;20.5;A;44.9;A;999.95;A;223;A;30;A;0;A;22;A;8;A;16.09;A;8.93;A;6.17;A
21.08.2025 00:00;20.13;A;45.93;A;1000.05;A;209;A;29;A;0;A;20;A;9;A;13.81;A;9.47;A;6.41;A
21.08.2025 00:15;19.87;A;46.78;A;999.95;A;206;A;30;A;0;A;20;A;11;A;14.02;A;9.07;A;6.48;A
21.08.2025 00:30;19.86;A;46.91;A;999.88;A;213;A;29;A;0;A;18;A;11;A;15.46;A;9.51;A;6.65;A
21.08.2025 00:45;19.99;A;47.46;A;999.85;A;208;A;29;A;0;A;18;A;11;A;15.86;A;9.98;A;6.86;A
21.08.2025 01:00;20.16;A;49.07;A;999.92;A;203;A;30;A;0;A;17;A;13;A;16.23;A;9.94;A;7.19;A
21.08.2025 01:15;20.18;A;51.47;A;999.96;A;209;A;27;A;0;A;15;A;12;A;14.75;A;9.99;A;6.87;A
21.08.2025 01:30;20.35;A;50.79;A;999.97;A;207;A;26;A;0;A;15;A;11;A;15.74;A;9.48;A;6.97;A
21.08.2025 01:45;20.36;A;50.89;A;999.84;A;216;A;26;A;0;A;16;A;11;A;15.77;A;9.62;A;6.9;A
21.08.2025 02:00;20.23;A;51.01;A;999.81;A;232;A;28;A;0;A;17;A;11;A;15.98;A;10.35;A;7.2;A
21.08.2025 02:15;20.23;A;51.42;A;999.79;A;263;A;27;A;0;A;18;A;10;A;17.55;A;10.77;A;7.69;A
21.08.2025 02:30;20.23;A;52;A;999.78;A;306;A;27;A;0;A;19;A;8;A;18.64;A;11.66;A;8.03;A
21.08.2025 02:45;20.19;A;52.39;A;999.71;A;350;A;29;A;0;A;23;A;6;A;21.16;A;12.62;A;9.1;A
21.08.2025 03:00;20.09;A;52.86;A;999.77;A;362;A;29;A;0;A;23;A;6;A;22.43;A;13.28;A;9.51;A
21.08.2025 03:15;19.94;A;54.23;A;999.87;A;335;A;25;A;0;A;21;A;4;A;21.72;A;12.52;A;8.86;A
21.08.2025 03:30;19.65;A;55.05;A;999.79;A;291;A;23;A;0;A;21;A;3;A;18.34;A;11.44;A;8.16;A
21.08.2025 03:45;19.48;A;52.91;A;999.73;A;216;A;26;A;0;A;20;A;6;A;13.62;A;9.35;A;6.5;A
21.08.2025 04:00;19.47;A;51.87;A;999.79;A;182;A;29;A;0;A;20;A;9;A;12.6;A;8.14;A;5.65;A
21.08.2025 04:15;19.37;A;51.17;A;999.8;A;162;A;30;A;0;A;23;A;7;A;12.14;A;7.57;A;5.38;A
21.08.2025 04:30;19.1;A;51.88;A;999.71;A;203;A;30;A;0;A;25;A;5;A;12.88;A;7.75;A;5.35;A
21.08.2025 04:45;18.83;A;53.03;A;999.58;A;210;A;29;A;0;A;27;A;3;A;13.62;A;7.73;A;5.51;A
21.08.2025 05:00;18.5;A;54.24;A;999.47;A;178;A;29;A;0;A;28;A;2;A;14.69;A;8.34;A;5.69;A
21.08.2025 05:15;18.41;A;54.18;A;999.72;A;178;A;30;A;0;A;28;A;2;A;15.98;A;8.46;A;5.99;A
21.08.2025 05:30;18.44;A;52.62;A;999.73;A;151;A;31;A;0;A;27;A;3;A;15.01;A;8.25;A;5.77;A
21.08.2025 05:45;18.46;A;51.87;A;999.83;A;140;A;33;A;0;A;27;A;5;A;17.93;A;8.51;A;5.91;A
21.08.2025 06:00;18.51;A;52.3;A;999.91;A;145;A;32;A;0;A;25;A;7;A;20.07;A;9.42;A;6.33;A
21.08.2025 06:15;18.46;A;53.67;A;999.98;A;170;A;31;A;0;A;24;A;7;A;16.26;A;9.54;A;6.16;A
21.08.2025 06:30;18.52;A;54.31;A;1000;A;226;A;30;A;0;A;25;A;5;A;18.94;A;10.06;A;6.79;A
21.08.2025 06:45;18.61;A;55.1;A;999.98;A;342;A;31;A;0;A;26;A;4;A;17.5;A;9.12;A;6.49;A
21.08.2025 07:00;19.11;A;54.72;A;999.92;A;314;A;30;A;0;A;27;A;3;A;27.42;A;12.28;A;8.6;A
21.08.2025 07:15;20.36;A;52.98;A;1000.04;A;376;A;33;A;0;A;31;A;2;A;30.4;A;16.18;A;10.84;A
21.08.2025 07:30;21.04;A;50.86;A;1000.05;A;469;A;36;A;0;A;33;A;2;A;33.9;A;16.59;A;11.56;A
21.08.2025 07:45;21.38;A;49.56;A;999.88;A;396;A;38;A;0;A;35;A;3;A;27.28;A;13.44;A;9.4;A
21.08.2025 08:00;21.81;A;48.58;A;1000.03;A;284;A;40;A;0;A;32;A;9;A;20.55;A;11.18;A;7.33;A
21.08.2025 08:15;22.14;A;47.01;A;1000.11;A;225;A;40;A;0;A;22;A;18;A;17.12;A;9.65;A;6.51;A
21.08.2025 08:30;22.69;A;45.72;A;1000.12;A;344;A;42;A;0;A;26;A;16;A;29.84;A;16.73;A;12.16;A
21.08.2025 08:45;23.27;A;44.77;A;1000.39;A;227;A;43;A;0;A;24;A;19;A;16.72;A;9.79;A;7.04;A
21.08.2025 09:00;24.54;A;42.5;A;1000.46;A;193;A;43;A;0;A;20;A;23;A;15.41;A;8.67;A;6.2;A
21.08.2025 09:15;26.82;A;38.35;A;1000.38;A;238;A;44;A;0;A;15;A;29;A;14.27;A;7.65;A;5.32;A
21.08.2025 09:30;28.29;A;35.83;A;1000.55;A;200;A;50;A;0;A;14;A;37;A;12.34;A;6.93;A;4.8;A
21.08.2025 09:45;28.43;A;35.73;A;1000.66;A;240;A;54;A;0;A;18;A;36;A;12.92;A;7.12;A;5.13;A
21.08.2025 10:00;28.22;A;36.08;A;1000.74;A;268;A;58;A;0;A;24;A;34;A;13.35;A;7.15;A;5.26;A
21.08.2025 10:15;28.4;A;36.1;A;1000.83;A;232;A;54;A;0;A;17;A;37;A;13.68;A;7.35;A;4.95;A
21.08.2025 10:30;28.65;A;35.45;A;1000.93;A;207;A;57;A;0;A;18;A;38;A;10.98;A;6.53;A;4.56;A
21.08.2025 10:45;29.09;A;35.19;A;1000.85;A;209;A;58;A;0;A;14;A;43;A;10.96;A;7.28;A;5.17;A
21.08.2025 11:00;29.39;A;34.77;A;1000.84;A;196;A;59;A;0;A;16;A;43;A;16.41;A;7.68;A;5.33;A
21.08.2025 11:15;29.59;A;34.68;A;1000.81;A;194;A;59;A;0;A;15;A;45;A;11.46;A;6.82;A;4.85;A
21.08.2025 11:30;30.03;A;32.77;A;1000.84;A;169;A;62;A;0;A;12;A;49;A;9.49;A;6.16;A;4.12;A
21.08.2025 11:45;30.5;A;32.03;A;1000.8;A;180;A;62;A;0;A;14;A;48;A;9.83;A;5.87;A;4.14;A
21.08.2025 12:00;30.99;A;31.3;A;1000.81;A;191;A;61;A;0;A;13;A;48;A;13.45;A;8.15;A;6.17;A
21.08.2025 12:15;30.89;A;29.8;A;1000.73;A;192;A;62;A;0;A;13;A;50;A;8.88;A;6.06;A;4.19;A
21.08.2025 12:30;31.23;A;28.69;A;1000.65;A;208;A;64;A;0;A;13;A;51;A;8.69;A;5.15;A;3.6;A
21.08.2025 12:45;31.49;A;28.16;A;1000.64;A;172;A;63;A;0;A;12;A;51;A;8.26;A;4.62;A;3.33;A
21.08.2025 13:00;31.9;A;26.17;A;1000.6;A;156;A;62;A;0;A;11;A;51;A;7.55;A;4.21;A;3.08;A
21.08.2025 13:15;32.18;A;25.67;A;1000.55;A;205;A;63;A;0;A;12;A;50;A;13.27;A;8.27;A;5.81;A
21.08.2025 13:30;32.51;A;25.3;A;1000.43;A;257;A;63;A;0;A;13;A;50;A;7.66;A;4.55;A;3.26;A
21.08.2025 13:45;33.06;A;24.77;A;1000.55;A;215;A;63;A;0;A;11;A;51;A;7.54;A;4.25;A;2.96;A
21.08.2025 14:00;33.57;A;23.98;A;1000.54;A;180;A;63;A;0;A;10;A;53;A;6.28;A;4.08;A;2.92;A
21.08.2025 14:15;33.26;A;24.75;A;1000.6;A;201;A;63;A;0;A;15;A;48;A;7.56;A;4.49;A;3.07;A
21.08.2025 14:30;33.31;A;24;A;1000.51;A;179;A;61;A;0;A;11;A;50;A;7.33;A;4.39;A;3.06;A
21.08.2025 14:45;33.55;A;23.54;A;1000.5;A;162;A;61;A;0;A;11;A;50;A;7.67;A;4.56;A;3.04;A
21.08.2025 15:00;33.83;A;23.87;A;1000.53;A;199;A;60;A;0;A;12;A;48;A;7.66;A;4.39;A;3.32;A
21.08.2025 15:15;33.96;A;23.86;A;1000.49;A;176;A;61;A;0;A;11;A;49;A;7.17;A;4.66;A;3.24;A
21.08.2025 15:30;33.52;A;24.62;A;1000.46;A;216;A;61;A;0;A;13;A;48;A;8.31;A;4.59;A;3.3;A
21.08.2025 15:45;33.81;A;24.68;A;1000.46;A;218;A;59;A;0;A;12;A;47;A;11.16;A;6.09;A;4.14;A
21.08.2025 16:00;33.79;A;24.85;A;1000.47;A;176;A;58;A;0;A;10;A;48;A;8.22;A;4.93;A;3.44;A
21.08.2025 16:15;33.72;A;25.29;A;1000.39;A;191;A;59;A;0;A;11;A;48;A;7.08;A;4.35;A;3.26;A
21.08.2025 16:30;33.95;A;25.11;A;1000.39;A;186;A;58;A;0;A;10;A;47;A;17.21;A;8.41;A;5.31;A
21.08.2025 16:45;34.17;A;24.84;A;1000.28;A;182;A;57;A;0;A;10;A;47;A;7.71;A;5.2;A;3.97;A
21.08.2025 17:00;34.17;A;24.4;A;1000.22;A;204;A;57;A;0;A;12;A;45;A;10.41;A;6.15;A;4.61;A
21.08.2025 17:15;33.56;A;25.15;A;1000.24;A;185;A;58;A;0;A;10;A;48;A;7.36;A;4.75;A;3.38;A
21.08.2025 17:30;33.87;A;24.39;A;1000.41;A;181;A;57;A;0;A;11;A;46;A;8.39;A;5.68;A;3.97;A
21.08.2025 17:45;33.76;A;24.47;A;1000.31;A;167;A;57;A;0;A;10;A;47;A;6.59;A;4.6;A;3.2;A
21.08.2025 18:00;33.27;A;24.83;A;1000.19;A;179;A;59;A;0;A;11;A;47;A;7.85;A;4.73;A;3.28;A
21.08.2025 18:15;32.76;A;26.13;A;1000.3;A;215;A;55;A;0;A;12;A;43;A;7.24;A;4.44;A;3.34;A
21.08.2025 18:30;32.31;A;26.75;A;1000.18;A;205;A;54;A;0;A;12;A;42;A;9.74;A;5.31;A;3.82;A
21.08.2025 18:45;31.82;A;28.36;A;1000.35;A;252;A;52;A;0;A;17;A;34;A;12.71;A;6.16;A;4.16;A
21.08.2025 19:00;31.36;A;29.17;A;1000.31;A;314;A;50;A;0;A;16;A;34;A;8.38;A;5.15;A;3.68;A
21.08.2025 19:15;30.64;A;31.24;A;1000.29;A;278;A;47;A;0;A;16;A;31;A;8.5;A;5.26;A;3.53;A
21.08.2025 19:30;29.7;A;33.58;A;1000.38;A;250;A;46;A;0;A;14;A;32;A;8.12;A;4.99;A;3.63;A
21.08.2025 19:45;28.78;A;35.3;A;1000.36;A;271;A;44;A;0;A;15;A;29;A;8.93;A;5.93;A;4.05;A
21.08.2025 20:00;27.94;A;36.91;A;1000.5;A;419;A;43;A;0;A;25;A;18;A;11.77;A;6.85;A;4.92;A
21.08.2025 20:15;27.25;A;38.32;A;1000.51;A;342;A;40;A;0;A;24;A;17;A;11.29;A;6.66;A;5.04;A
21.08.2025 20:30;26.63;A;39.81;A;1000.66;A;331;A;39;A;0;A;25;A;14;A;15.82;A;9.19;A;6.66;A
21.08.2025 20:45;26.26;A;40.98;A;1000.99;A;352;A;36;A;0;A;28;A;8;A;18;A;10.37;A;7.21;A
21.08.2025 21:00;26.94;A;41.83;A;1001.3;A;269;A;46;A;0;A;23;A;23;A;20.58;A;10.08;A;7.08;A
21.08.2025 21:15;27.64;A;42.93;A;1001.4;A;151;A;48;A;0;A;12;A;36;A;15.82;A;7.77;A;5.41;A
21.08.2025 21:30;27.73;A;44.02;A;1001.47;A;133;A;50;A;0;A;11;A;39;A;11.4;A;6.38;A;4.28;A
21.08.2025 21:45;27.62;A;45.33;A;1001.46;A;135;A;51;A;0;A;12;A;39;A;11.32;A;6.23;A;4.16;A
21.08.2025 22:00;27.41;A;46.71;A;1001.49;A;134;A;51;A;0;A;12;A;39;A;10.17;A;5.69;A;3.87;A
21.08.2025 22:15;27.18;A;48.47;A;1001.66;A;124;A;51;A;0;A;11;A;40;A;9.82;A;5.96;A;4.02;A
21.08.2025 22:30;26.94;A;49.9;A;1001.59;A;135;A;51;A;0;A;13;A;38;A;11.08;A;6.25;A;4.36;A
21.08.2025 22:45;26.67;A;51.5;A;1001.62;A;134;A;52;A;0;A;16;A;36;A;10.48;A;6.71;A;4.66;A
21.08.2025 23:00;26.38;A;54.61;A;1001.87;A;146;A;50;A;0;A;14;A;36;A;13.24;A;8.06;A;5.34;A
21.08.2025 23:15;26.13;A;55.96;A;1001.86;A;130;A;50;A;0;A;14;A;36;A;12.73;A;7.31;A;5.07;A
21.08.2025 23:30;25.91;A;57.79;A;1001.91;A;136;A;48;A;0;A;13;A;35;A;14.05;A;7.73;A;5.35;A
21.08.2025 23:45;25.65;A;60.14;A;1002.02;A;144;A;46;A;0;A;13;A;33;A;15.16;A;9.88;A;6.84;A
22.08.2025 00:00;25.43;A;62.31;A;1002.15;A;121;A;45;A;0;A;11;A;34;A;12.19;A;7.23;A;5.27;A
22.08.2025 00:15;25.2;A;65.15;A;1002.22;A;129;A;45;A;0;A;12;A;33;A;13.28;A;7.73;A;5.36;A
22.08.2025 00:30;24.99;A;69.33;A;1002.25;A;132;A;45;A;0;A;12;A;33;A;14.65;A;8.32;A;6.1;A
22.08.2025 00:45;24.74;A;70.59;A;1001.99;A;119;A;42;A;0;A;9;A;33;A;15.17;A;9.14;A;6.49;A
22.08.2025 01:00;24.54;A;72.13;A;1001.96;A;116;A;44;A;0;A;10;A;33;A;15.27;A;9.72;A;6.66;A
22.08.2025 01:15;24.32;A;74.15;A;1001.96;A;115;A;41;A;0;A;9;A;32;A;13.21;A;8.99;A;6.21;A
22.08.2025 01:30;24.14;A;76.65;A;1001.8;A;116;A;41;A;0;A;9;A;32;A;14.52;A;9;A;6.22;A
22.08.2025 01:45;23.92;A;77.89;A;1001.78;A;110;A;39;A;0;A;8;A;32;A;10.06;A;7;A;6.27;A
22.08.2025 02:00;23.74;A;78.54;A;1001.58;A;113;A;39;A;0;A;7;A;32;A;11.83;A;8.42;A;7.8;A
22.08.2025 02:15;23.51;A;79.34;A;1001.55;A;119;A;36;A;0;A;7;A;28;A;12.41;A;8.84;A;8.2;A
22.08.2025 02:30;23.43;A;81.12;A;1001.47;A;115;A;38;A;0;A;7;A;31;A;12.24;A;8.72;A;8.09;A
22.08.2025 02:45;23.37;A;81.92;A;1001.55;A;107;A;39;A;0;A;6;A;34;A;11.38;A;8.09;A;7.48;A
22.08.2025 03:00;23.25;A;82.01;A;1001.4;A;101;A;38;A;0;A;6;A;33;A;11.79;A;8.39;A;7.77;A
22.08.2025 03:15;23.01;A;82.68;A;1001.24;A;104;A;36;A;0;A;6;A;30;A;11.79;A;8.39;A;7.77;A
22.08.2025 03:30;22.95;A;83.2;A;1001.37;A;110;A;38;A;0;A;6;A;32;A;13.02;A;9.29;A;8.63;A
22.08.2025 03:45;22.85;A;83.35;A;1001.25;A;107;A;38;A;0;A;6;A;32;A;13.23;A;9.44;A;8.78;A
22.08.2025 04:00;22.81;A;83.57;A;1001.21;A;109;A;40;A;0;A;6;A;34;A;13.77;A;9.84;A;9.15;A
22.08.2025 04:15;22.79;A;83.34;A;1001.03;A;107;A;40;A;0;A;5;A;34;A;14.36;A;10.27;A;9.57;A
22.08.2025 04:30;22.76;A;83.6;A;1000.91;A;108;A;40;A;0;A;5;A;35;A;14.53;A;10.39;A;9.68;A
22.08.2025 04:45;22.85;A;83.14;A;1000.89;A;112;A;42;A;0;A;5;A;37;A;15.37;A;11.01;A;10.27;A
22.08.2025 05:00;22.87;A;82.5;A;1000.79;A;110;A;45;A;0;A;5;A;40;A;15.11;A;10.82;A;10.09;A
22.08.2025 05:15;22.86;A;82.63;A;1000.73;A;120;A;44;A;0;A;5;A;39;A;16.6;A;11.92;A;11.14;A
22.08.2025 05:30;22.86;A;82.36;A;1000.82;A;129;A;44;A;0;A;6;A;38;A;16.45;A;11.81;A;11.03;A
22.08.2025 05:45;22.9;A;82.18;A;1000.88;A;137;A;45;A;0;A;5;A;40;A;18.28;A;13.14;A;12.31;A
22.08.2025 06:00;22.95;A;81.94;A;1000.89;A;164;A;46;A;0;A;6;A;39;A;20.62;A;14.86;A;13.95;A
22.08.2025 06:15;23.01;A;81.83;A;1000.97;A;190;A;45;A;0;A;6;A;38;A;23.52;A;16.98;A;15.98;A
22.08.2025 06:30;23.03;A;81.3;A;1001;A;174;A;47;A;0;A;6;A;41;A;21.56;A;15.54;A;14.6;A
22.08.2025 06:45;23.1;A;81.05;A;1000.9;A;166;A;50;A;0;A;7;A;42;A;20.91;A;15.07;A;14.15;A
22.08.2025 07:00;23.2;A;80.58;A;1000.83;A;181;A;48;A;0;A;7;A;42;A;20.98;A;15.12;A;14.2;A
22.08.2025 07:15;23.27;A;80.34;A;1000.89;A;203;A;49;A;0;A;9;A;40;A;22.84;A;16.49;A;15.5;A
22.08.2025 07:30;23.29;A;79.68;A;1000.85;A;208;A;50;A;0;A;8;A;42;A;24.02;A;17.35;A;16.33;A
22.08.2025 07:45;23.3;A;79.38;A;1000.78;A;254;A;49;A;0;A;9;A;40;A;25.87;A;18.71;A;17.63;A
22.08.2025 08:00;23.3;A;78.47;A;1000.7;A;273;A;50;A;0;A;8;A;42;A;26.54;A;19.79;A;17.51;A
22.08.2025 08:15;23.4;A;77.71;A;1000.67;A;274;A;50;A;0;A;9;A;41;A;26.44;A;19.17;A;17.25;A
22.08.2025 08:30;23.88;A;75.53;A;1000.63;A;265;A;50;A;0;A;6;A;43;A;27.59;A;20.59;A;16.5;A
22.08.2025 08:45;24.34;A;72.8;A;1000.4;A;403;A;50;A;0;A;8;A;42;A;43.73;A;33.26;A;24.03;A
22.08.2025 09:00;25.45;A;68.53;A;1000.29;A;1255;A;52;A;0;A;17;A;35;A;65.08;A;49.13;A;35.02;A
22.08.2025 09:15;25.97;A;64.8;A;1000.17;A;2053;A;53;A;0;A;12;A;41;A;40.4;A;30.47;A;22;A
22.08.2025 09:30;27.1;A;57.77;A;1000;A;316;A;57;A;0;A;9;A;48;A;21.3;A;15.41;A;10.96;A
22.08.2025 09:45;27.98;A;53.5;A;1000.03;A;225;A;61;A;0;A;7;A;54;A;16.94;A;11.99;A;8.89;A
22.08.2025 10:00;28.2;A;50.99;A;999.86;A;237;A;66;A;0;A;10;A;56;A;15.23;A;10.99;A;7.92;A
22.08.2025 10:15;28.05;A;50.05;A;999.77;A;246;A;67;A;0;A;12;A;55;A;16.89;A;10.86;A;7.77;A
22.08.2025 10:30;28.65;A;47.05;A;999.6;A;205;A;65;A;0;A;9;A;55;A;13.53;A;8.94;A;6.64;A
22.08.2025 10:45;29.34;A;42.01;A;999.62;A;204;A;67;A;0;A;10;A;57;A;14.61;A;8.43;A;5.89;A
22.08.2025 11:00;29.73;A;38.19;A;999.21;A;177;A;70;A;0;A;9;A;61;A;12.75;A;6.62;A;4.49;A
22.08.2025 11:15;29.97;A;35.21;A;999.14;A;166;A;72;A;0;A;10;A;62;A;14.93;A;7.62;A;5.16;A
22.08.2025 11:30;30.33;A;33.69;A;999.06;A;181;A;73;A;0;A;13;A;60;A;14.44;A;7.75;A;5.25;A
22.08.2025 11:45;30.6;A;33.28;A;998.97;A;186;A;73;A;0;A;11;A;61;A;14.26;A;7.43;A;5.08;A
22.08.2025 12:00;30.91;A;33;A;998.85;A;186;A;73;A;0;A;12;A;61;A;12.15;A;7.13;A;4.67;A
22.08.2025 12:15;31.09;A;31.69;A;998.72;A;179;A;74;A;0;A;12;A;62;A;15.69;A;7.91;A;5.35;A
22.08.2025 12:30;31.3;A;31.94;A;998.48;A;185;A;74;A;0;A;11;A;63;A;13.57;A;7.31;A;5.15;A
22.08.2025 12:45;31.66;A;31.41;A;998.24;A;200;A;73;A;0;A;12;A;60;A;13.61;A;7.08;A;4.95;A
22.08.2025 13:00;32.2;A;30.82;A;998.15;A;187;A;70;A;0;A;12;A;58;A;14.06;A;6.99;A;4.85;A
22.08.2025 13:15;32.64;A;29.36;A;998.07;A;187;A;70;A;0;A;12;A;58;A;13.15;A;6.73;A;4.7;A
22.08.2025 13:30;32.89;A;29.36;A;997.87;A;208;A;72;A;0;A;14;A;59;A;15.17;A;7.53;A;5.06;A
22.08.2025 13:45;33.16;A;29.27;A;997.85;A;199;A;73;A;0;A;13;A;60;A;14.88;A;7.72;A;5.37;A
22.08.2025 14:00;33.63;A;28.57;A;997.43;A;204;A;73;A;0;A;13;A;59;A;14.1;A;7.52;A;5.13;A
22.08.2025 14:15;34.11;A;28.54;A;997.29;A;204;A;72;A;0;A;12;A;60;A;13.63;A;7.32;A;5.16;A
22.08.2025 14:30;34.56;A;27.62;A;997.06;A;225;A;73;A;0;A;12;A;61;A;13.03;A;6.84;A;4.77;A
22.08.2025 14:45;34.89;A;27.19;A;996.82;A;222;A;73;A;0;A;12;A;61;A;12.45;A;6.95;A;5.03;A
22.08.2025 15:00;35.16;A;26.65;A;996.66;A;229;A;72;A;0;A;11;A;61;A;13.49;A;7.79;A;5.36;A
22.08.2025 15:15;35.4;A;26.43;A;996.49;A;214;A;71;A;0;A;13;A;58;A;15.06;A;7.8;A;5.48;A
22.08.2025 15:30;35.46;A;26.12;A;996.22;A;215;A;71;A;0;A;12;A;59;A;14.28;A;8.08;A;6.04;A
22.08.2025 15:45;35.53;A;25.87;A;996.13;A;208;A;70;A;0;A;11;A;59;A;14.77;A;8.59;A;6.14;A
22.08.2025 16:00;35.59;A;26.59;A;995.9;A;220;A;70;A;0;A;11;A;59;A;13.31;A;7.4;A;5.36;A
22.08.2025 16:15;35.54;A;26.98;A;995.65;A;237;A;68;A;0;A;11;A;56;A;13.99;A;7.7;A;5.26;A
22.08.2025 16:30;35.43;A;26.86;A;995.41;A;247;A;68;A;0;A;11;A;57;A;13.03;A;7.13;A;4.91;A
22.08.2025 16:45;35.27;A;26.79;A;995.18;A;221;A;67;A;0;A;11;A;56;A;14.61;A;7.44;A;5.17;A
22.08.2025 17:00;35.04;A;27.26;A;994.97;A;221;A;68;A;0;A;11;A;57;A;13.92;A;7.05;A;5.26;A
22.08.2025 17:15;34.73;A;27.31;A;994.87;A;232;A;67;A;0;A;11;A;56;A;13.91;A;7.22;A;5.29;A
22.08.2025 17:30;34.49;A;27.59;A;994.97;A;200;A;66;A;0;A;10;A;56;A;12.86;A;7.13;A;5.31;A
22.08.2025 17:45;33.96;A;29.1;A;994.8;A;219;A;66;A;0;A;11;A;55;A;13.71;A;8.08;A;5.54;A
22.08.2025 18:00;33.39;A;29.53;A;995.05;A;224;A;64;A;0;A;12;A;53;A;13.71;A;7.67;A;5.19;A
22.08.2025 18:15;32.87;A;29.84;A;994.86;A;277;A;65;A;0;A;12;A;53;A;14.36;A;7.39;A;5.2;A
22.08.2025 18:30;32.41;A;31.23;A;994.69;A;216;A;64;A;0;A;12;A;52;A;13.72;A;7.84;A;5.98;A
22.08.2025 18:45;32.05;A;32.13;A;994.59;A;211;A;62;A;0;A;12;A;51;A;14.06;A;8.02;A;5.66;A
22.08.2025 19:00;31.59;A;32.44;A;994.8;A;214;A;62;A;0;A;11;A;50;A;14.46;A;7.94;A;5.69;A
22.08.2025 19:15;31.21;A;32.33;A;994.76;A;190;A;62;A;0;A;11;A;51;A;13.33;A;7.54;A;5.46;A
22.08.2025 19:30;30.81;A;32.96;A;994.89;A;188;A;62;A;0;A;11;A;51;A;12.52;A;7.61;A;5.28;A
22.08.2025 19:45;30.44;A;33.72;A;994.92;A;184;A;60;A;0;A;12;A;48;A;11.68;A;6.97;A;4.93;A
22.08.2025 20:00;30.06;A;35.28;A;994.91;A;187;A;59;A;0;A;12;A;48;A;11.88;A;7.19;A;5.19;A
22.08.2025 20:15;29.72;A;36.42;A;995.1;A;179;A;57;A;0;A;12;A;45;A;10.42;A;6.41;A;4.55;A
22.08.2025 20:30;29.38;A;37.24;A;995.14;A;179;A;55;A;0;A;12;A;43;A;11.85;A;7.2;A;4.97;A
22.08.2025 20:45;29.07;A;37.55;A;995.24;A;162;A;55;A;0;A;11;A;44;A;10.44;A;6.6;A;4.76;A
22.08.2025 21:00;28.73;A;38.54;A;995.3;A;166;A;55;A;0;A;12;A;43;A;12.92;A;7.93;A;6.12;A
22.08.2025 21:15;28.39;A;40.06;A;995.14;A;181;A;54;A;0;A;13;A;41;A;13.99;A;7.65;A;5.55;A
22.08.2025 21:30;28.14;A;41.49;A;995.02;A;187;A;53;A;0;A;14;A;38;A;11.91;A;8.04;A;5.77;A
22.08.2025 21:45;27.82;A;43.17;A;995.12;A;184;A;49;A;0;A;13;A;37;A;14.44;A;8.3;A;6.15;A
22.08.2025 22:00;27.48;A;44.55;A;995.29;A;200;A;49;A;0;A;13;A;36;A;16.65;A;10.87;A;8.17;A
22.08.2025 22:15;27.19;A;46;A;995.39;A;193;A;48;A;0;A;12;A;36;A;17.97;A;11.57;A;8.64;A
22.08.2025 22:30;26.83;A;48;A;995.45;A;202;A;45;A;0;A;11;A;34;A;15.21;A;10.41;A;7.72;A
22.08.2025 22:45;26.49;A;49.74;A;995.4;A;166;A;45;A;0;A;13;A;33;A;11.81;A;7.56;A;5.22;A
22.08.2025 23:00;26.17;A;51.63;A;995.25;A;146;A;45;A;0;A;12;A;34;A;10.12;A;6.41;A;4.39;A
22.08.2025 23:15;25.82;A;53.21;A;995.35;A;132;A;43;A;0;A;9;A;34;A;10.38;A;5.96;A;4.26;A
22.08.2025 23:30;25.51;A;54.23;A;995.38;A;136;A;41;A;0;A;10;A;31;A;10.29;A;6.18;A;4.48;A
22.08.2025 23:45;25.25;A;54.99;A;995.39;A;128;A;40;A;0;A;12;A;29;A;9.96;A;5.82;A;4.44;A
23.08.2025 00:00;25.08;A;55.23;A;995.39;A;131;A;40;A;0;A;10;A;30;A;11.35;A;5.61;A;4;A
23.08.2025 00:15;24.93;A;58.41;A;995.32;A;135;A;42;A;0;A;13;A;29;A;12.4;A;6.53;A;4.46;A
23.08.2025 00:30;24.79;A;62.19;A;995.13;A;133;A;41;A;0;A;10;A;30;A;9.71;A;6.12;A;4.39;A
23.08.2025 00:45;24.65;A;64.04;A;995.07;A;117;A;41;A;0;A;11;A;30;A;10.13;A;5.77;A;4.02;A
23.08.2025 01:00;24.54;A;65.68;A;994.96;A;110;A;40;A;0;A;11;A;29;A;8.72;A;5.3;A;3.8;A
23.08.2025 01:15;24.43;A;65.03;A;995.03;A;100;A;39;A;0;A;8;A;31;A;10.07;A;5.74;A;4.22;A
23.08.2025 01:30;24.28;A;65.94;A;994.88;A;100;A;38;A;0;A;8;A;31;A;14.16;A;6.71;A;4.65;A
23.08.2025 01:45;24.2;A;67.21;A;994.69;A;118;A;39;A;0;A;9;A;30;A;16.49;A;9.98;A;6.83;A
23.08.2025 02:00;24.19;A;67.76;A;994.76;A;206;A;38;A;0;A;10;A;28;A;15.16;A;9.68;A;6.88;A
23.08.2025 02:15;24;A;70.22;A;994.59;A;143;A;39;A;0;A;9;A;30;A;12.62;A;7.37;A;5.38;A
23.08.2025 02:30;23.68;A;73.88;A;994.5;A;126;A;37;A;0;A;7;A;29;A;14.59;A;8.13;A;5.71;A
23.08.2025 02:45;23.47;A;75.61;A;994.04;A;130;A;32;A;0;A;7;A;26;A;14.6;A;8.81;A;5.99;A
23.08.2025 03:00;23.4;A;73.87;A;993.61;A;135;A;35;A;0;A;7;A;28;A;14.71;A;8.77;A;6.15;A
23.08.2025 03:15;23.33;A;75.46;A;993.59;A;226;A;36;A;0;A;10;A;27;A;19.26;A;11.78;A;8.22;A
23.08.2025 03:30;23.25;A;75.57;A;993.34;A;202;A;35;A;0;A;8;A;27;A;20.14;A;12.18;A;8.32;A
23.08.2025 03:45;23.18;A;75.4;A;993.25;A;198;A;38;A;0;A;10;A;28;A;17.38;A;10.9;A;7.8;A
23.08.2025 04:00;23.12;A;75.39;A;993.21;A;248;A;39;A;0;A;9;A;30;A;17.16;A;11.49;A;8.02;A
23.08.2025 04:15;23.06;A;75.58;A;993.25;A;237;A;38;A;0;A;9;A;29;A;19.92;A;12.28;A;8.89;A
23.08.2025 04:30;22.98;A;75.33;A;993.23;A;208;A;37;A;0;A;6;A;31;A;14.55;A;11.05;A;7.9;A
23.08.2025 04:45;22.96;A;76.82;A;993.4;A;209;A;37;A;0;A;7;A;31;A;16.25;A;10.12;A;7.94;A
23.08.2025 05:00;22.85;A;80.46;A;993.87;A;206;A;36;A;0;A;7;A;29;A;13.77;A;9.84;A;9.15;A
23.08.2025 05:15;22.55;A;83.69;A;994.16;A;193;A;34;A;0;A;6;A;28;A;13.15;A;9.39;A;8.72;A
23.08.2025 05:30;22.29;A;85.71;A;994.32;A;170;A;33;A;0;A;5;A;28;A;12;A;8.55;A;7.92;A
23.08.2025 05:45;21.77;A;83.03;A;993.79;A;136;A;37;A;0;A;4;A;34;A;12.31;A;8.43;A;7.32;A
23.08.2025 06:00;21.18;A;83.44;A;993.31;A;126;A;47;A;0;A;8;A;38;A;12.89;A;9.14;A;8.33;A
23.08.2025 06:15;20.59;A;83.45;A;993.38;A;168;A;52;A;0;A;8;A;44;A;14.89;A;10.41;A;9.3;A
23.08.2025 06:30;20.32;A;83.22;A;993.37;A;386;A;57;A;0;A;16;A;41;A;21.13;A;15.23;A;14.3;A
23.08.2025 06:45;20.02;A;83.62;A;993.52;A;327;A;52;A;0;A;16;A;36;A;16.06;A;11.65;A;10.67;A
23.08.2025 07:00;19.89;A;84.97;A;993.52;A;235;A;55;A;0;A;18;A;37;A;13.86;A;9.91;A;9.22;A
23.08.2025 07:15;19.82;A;86.81;A;993.34;A;260;A;49;A;0;A;15;A;33;A;15.17;A;10.87;A;10.13;A
23.08.2025 07:30;19.87;A;87.97;A;992.74;A;1434;A;45;A;0;A;18;A;26;A;33.19;A;24.07;A;22.75;A
23.08.2025 07:45;19.9;A;87.43;A;992.56;A;856;A;42;A;0;A;12;A;30;A;51.2;A;37.26;A;35.36;A
23.08.2025 08:00;19.87;A;87.41;A;992.67;A;306;A;42;A;0;A;14;A;28;A;23.93;A;17.29;A;16.27;A
23.08.2025 08:15;19.84;A;87.72;A;992.64;A;299;A;40;A;0;A;14;A;26;A;23.68;A;17.1;A;16.09;A
23.08.2025 08:30;19.76;A;87.69;A;992.68;A;507;A;44;A;0;A;14;A;31;A;80.12;A;58.45;A;55.6;A
23.08.2025 08:45;19.65;A;87.41;A;992.6;A;424;A;46;A;0;A;14;A;32;A;55.83;A;40.66;A;38.6;A
23.08.2025 09:00;19.68;A;87.69;A;992.64;A;335;A;44;A;0;A;14;A;31;A;62.99;A;45.9;A;43.61;A
23.08.2025 09:15;19.78;A;87.67;A;992.84;A;647;A;41;A;0;A;12;A;29;A;49.91;A;36.32;A;34.45;A
23.08.2025 09:30;19.88;A;87.31;A;992.91;A;3676;A;47;A;0;A;12;A;36;A;34.8;A;25.25;A;23.88;A
23.08.2025 09:45;19.96;A;87.12;A;992.84;A;877;A;50;A;0;A;10;A;40;A;24.26;A;17.53;A;16.5;A
23.08.2025 10:00;19.97;A;87.58;A;992.96;A;1539;A;50;A;0;A;12;A;38;A;38.59;A;28.02;A;26.53;A
23.08.2025 10:15;19.86;A;87.5;A;992.98;A;628;A;46;A;0;A;16;A;30;A;14.66;A;10.49;A;9.78;A
23.08.2025 10:30;19.81;A;87.64;A;993.13;A;486;A;47;A;0;A;16;A;32;A;13.57;A;9.7;A;9.02;A
23.08.2025 10:45;19.78;A;87.32;A;993.23;A;242;A;50;A;0;A;12;A;37;A;6.83;A;4.76;A;4.3;A
23.08.2025 11:00;19.86;A;87.27;A;993.43;A;198;A;50;A;0;A;12;A;39;A;6.99;A;4.88;A;4.41;A
23.08.2025 11:15;19.96;A;87.06;A;993.67;A;204;A;51;A;0;A;14;A;37;A;7.12;A;4.97;A;4.5;A
23.08.2025 11:30;20.15;A;86.36;A;993.68;A;221;A;52;A;0;A;10;A;42;A;7.73;A;5.42;A;4.93;A
23.08.2025 11:45;20.41;A;85.64;A;993.83;A;247;A;55;A;0;A;12;A;43;A;11.66;A;8.29;A;7.68;A
23.08.2025 12:00;20.64;A;84.25;A;994.15;A;203;A;56;A;0;A;15;A;41;A;15.66;A;11.23;A;10.48;A
23.08.2025 12:15;20.76;A;83.4;A;994.37;A;177;A;55;A;0;A;14;A;41;A;7.74;A;5.42;A;4.93;A
23.08.2025 12:30;20.83;A;83.5;A;994.39;A;207;A;52;A;0;A;10;A;42;A;8.45;A;5.94;A;5.43;A
23.08.2025 12:45;20.8;A;83.1;A;994.44;A;212;A;48;A;0;A;8;A;41;A;12.3;A;8.76;A;8.13;A
23.08.2025 13:00;20.79;A;83.18;A;994.5;A;181;A;51;A;0;A;9;A;42;A;8.13;A;5.71;A;5.2;A
23.08.2025 13:15;20.86;A;82.63;A;994.65;A;202;A;44;A;0;A;7;A;37;A;7.51;A;5.26;A;4.78;A
23.08.2025 13:30;21.07;A;81.58;A;994.6;A;199;A;29;A;0;A;5;A;24;A;7.08;A;5.03;A;4.48;A
23.08.2025 13:45;21.46;A;78.86;A;994.48;A;180;A;26;A;0;A;4;A;21;A;11.69;A;8.71;A;7.56;A
23.08.2025 14:00;21.43;A;77.1;A;994.82;A;222;A;30;A;0;A;9;A;21;A;9.12;A;7.11;A;5.42;A
23.08.2025 14:15;21.12;A;77.36;A;995.05;A;167;A;29;A;0;A;7;A;22;A;5.11;A;3.75;A;3.07;A
23.08.2025 14:30;20.75;A;76.89;A;995.15;A;171;A;29;A;0;A;7;A;23;A;9.71;A;7.87;A;6.03;A
23.08.2025 14:45;20.47;A;76.86;A;995.33;A;155;A;30;A;0;A;6;A;24;A;7.5;A;5.4;A;4;A
23.08.2025 15:00;20.46;A;76.69;A;995.35;A;146;A;31;A;0;A;6;A;25;A;7.66;A;5.9;A;4.47;A
23.08.2025 15:15;20.29;A;76.58;A;995.61;A;141;A;32;A;0;A;6;A;26;A;12.1;A;9.44;A;7.12;A
23.08.2025 15:30;20.12;A;76.82;A;995.77;A;137;A;33;A;0;A;7;A;26;A;7.61;A;6.32;A;4.66;A
23.08.2025 15:45;20.11;A;76.17;A;995.83;A;137;A;34;A;0;A;7;A;27;A;12.9;A;10.13;A;7.44;A
23.08.2025 16:00;20.16;A;75.86;A;995.78;A;196;A;40;A;0;A;14;A;26;A;8.8;A;6.6;A;5.06;A
23.08.2025 16:15;20.19;A;75.22;A;995.85;A;135;A;37;A;0;A;7;A;30;A;7.09;A;4.94;A;3.69;A
23.08.2025 16:30;20.49;A;73.51;A;996.07;A;126;A;39;A;0;A;7;A;32;A;6.72;A;4.86;A;3.77;A
23.08.2025 16:45;21.5;A;70.08;A;996.17;A;124;A;37;A;0;A;6;A;31;A;7.44;A;5.03;A;3.76;A
23.08.2025 17:00;21.79;A;67.26;A;996.31;A;110;A;44;A;0;A;8;A;35;A;6.49;A;5.07;A;3.86;A
23.08.2025 17:15;22.1;A;64.56;A;996.09;A;114;A;44;A;0;A;7;A;36;A;6.58;A;4.56;A;3.3;A
23.08.2025 17:30;22.56;A;61.96;A;996.22;A;107;A;47;A;0;A;8;A;39;A;5.59;A;4.1;A;3.11;A
23.08.2025 17:45;22.76;A;62.02;A;996.2;A;112;A;48;A;0;A;8;A;40;A;5.27;A;3.85;A;2.91;A
23.08.2025 18:00;22.72;A;61.35;A;996.31;A;119;A;47;A;0;A;8;A;40;A;5.21;A;3.64;A;2.72;A
23.08.2025 18:15;22.56;A;59.72;A;996.46;A;111;A;51;A;0;A;9;A;42;A;4.6;A;3.41;A;2.47;A
23.08.2025 18:30;22.44;A;58.09;A;996.4;A;108;A;51;A;0;A;9;A;43;A;4.04;A;3.15;A;2.37;A
23.08.2025 18:45;22.24;A;58.57;A;996.64;A;106;A;52;A;0;A;11;A;41;A;4.93;A;3.16;A;2.29;A
23.08.2025 19:00;22.01;A;60.35;A;996.91;A;109;A;49;A;0;A;11;A;39;A;5.59;A;3.02;A;2.39;A
23.08.2025 19:15;21.76;A;61.75;A;996.98;A;114;A;49;A;0;A;10;A;39;A;4.41;A;3.25;A;2.49;A
23.08.2025 19:30;21.57;A;59.49;A;997.05;A;98;A;49;A;0;A;9;A;40;A;5.34;A;3.15;A;2.3;A
23.08.2025 19:45;21.34;A;60.04;A;997.41;A;106;A;50;A;0;A;11;A;38;A;6;A;3.62;A;2.51;A
23.08.2025 20:00;21.07;A;61.64;A;997.4;A;111;A;47;A;0;A;11;A;36;A;5.96;A;3.29;A;2.35;A
23.08.2025 20:15;20.82;A;62.57;A;997.43;A;119;A;45;A;0;A;11;A;34;A;5.38;A;3.61;A;2.42;A
23.08.2025 20:30;20.56;A;63.08;A;997.53;A;119;A;44;A;0;A;12;A;32;A;5.55;A;3.68;A;2.63;A
23.08.2025 20:45;20.45;A;63.6;A;997.76;A;113;A;44;A;0;A;17;A;27;A;5.28;A;3.42;A;2.59;A
23.08.2025 21:00;20.25;A;65.45;A;998.04;A;119;A;45;A;0;A;24;A;22;A;5.85;A;3.89;A;2.72;A
23.08.2025 21:15;20.02;A;66.73;A;998.1;A;125;A;44;A;0;A;29;A;15;A;5.72;A;3.85;A;2.75;A
23.08.2025 21:30;19.72;A;68.55;A;998.38;A;136;A;41;A;0;A;30;A;12;A;5.39;A;4.22;A;2.98;A
23.08.2025 21:45;19.42;A;68.93;A;998.45;A;130;A;41;A;0;A;32;A;9;A;6.52;A;4.12;A;2.99;A
23.08.2025 22:00;19.11;A;71.46;A;998.38;A;155;A;42;A;0;A;39;A;4;A;6.42;A;4.21;A;3.09;A
23.08.2025 22:15;18.93;A;72.96;A;998.54;A;162;A;37;A;0;A;32;A;5;A;6.88;A;4.75;A;3.3;A
23.08.2025 22:30;18.96;A;71.22;A;998.71;A;141;A;39;A;0;A;30;A;9;A;6.77;A;4.88;A;3.49;A
23.08.2025 22:45;19.15;A;68.59;A;998.73;A;99;A;40;A;0;A;11;A;29;A;6.96;A;5.29;A;3.77;A
23.08.2025 23:00;19.27;A;68.47;A;998.89;A;102;A;40;A;0;A;9;A;31;A;6.46;A;5.14;A;3.83;A
23.08.2025 23:15;19.19;A;69.59;A;998.95;A;111;A;39;A;0;A;10;A;29;A;7.85;A;5.49;A;4.16;A
23.08.2025 23:30;18.82;A;72.38;A;999.02;A;163;A;35;A;0;A;13;A;21;A;10.23;A;6.95;A;5.06;A
23.08.2025 23:45;18.45;A;74.83;A;998.94;A;212;A;32;A;0;A;17;A;15;A;10.75;A;8;A;6.16;A
24.08.2025 00:00;18.3;A;75.14;A;998.85;A;154;A;30;A;0;A;11;A;20;A;8.98;A;6.89;A;5.16;A
24.08.2025 00:15;18.39;A;72.43;A;998.79;A;91;A;35;A;0;A;10;A;25;A;8.07;A;6.16;A;4.57;A
24.08.2025 00:30;18.4;A;71.99;A;998.8;A;104;A;36;A;0;A;15;A;22;A;7.12;A;6.05;A;4.41;A
24.08.2025 00:45;18.29;A;72.05;A;998.8;A;111;A;35;A;0;A;23;A;13;A;6.66;A;5.35;A;4.24;A
24.08.2025 01:00;18.23;A;69.72;A;998.92;A;83;A;35;A;0;A;17;A;19;A;7.03;A;5.38;A;4.06;A
24.08.2025 01:15;18.09;A;71.1;A;999.03;A;84;A;35;A;0;A;15;A;21;A;6.92;A;5.4;A;3.71;A
24.08.2025 01:30;17.79;A;73.31;A;999.13;A;94;A;31;A;0;A;13;A;18;A;7.11;A;5.39;A;3.85;A
24.08.2025 01:45;17.46;A;74.26;A;999.25;A;98;A;30;A;0;A;13;A;17;A;6.99;A;5.26;A;3.84;A
24.08.2025 02:00;17.17;A;74.58;A;999.13;A;86;A;30;A;0;A;10;A;20;A;7.42;A;5.28;A;3.92;A
24.08.2025 02:15;16.85;A;75.89;A;998.92;A;83;A;30;A;0;A;13;A;17;A;7.62;A;5.46;A;4.02;A
24.08.2025 02:30;16.64;A;77.26;A;998.95;A;84;A;28;A;0;A;14;A;15;A;6.95;A;5.05;A;3.98;A
24.08.2025 02:45;16.56;A;78.12;A;998.96;A;90;A;28;A;0;A;17;A;12;A;7.07;A;5.32;A;4.24;A
24.08.2025 03:00;16.51;A;78.36;A;999.16;A;96;A;25;A;0;A;14;A;11;A;7.12;A;5.06;A;4.31;A
24.08.2025 03:15;16.56;A;77.55;A;999.28;A;102;A;26;A;0;A;11;A;15;A;8.28;A;6.41;A;4.95;A
24.08.2025 03:30;16.55;A;77.54;A;999.51;A;108;A;27;A;0;A;11;A;16;A;9.68;A;7.4;A;5.78;A
24.08.2025 03:45;16.62;A;77.54;A;999.57;A;105;A;27;A;0;A;10;A;17;A;9.65;A;7.15;A;5.99;A
24.08.2025 04:00;16.71;A;78.58;A;999.49;A;107;A;25;A;0;A;10;A;15;A;9.12;A;6.44;A;5.9;A
24.08.2025 04:15;16.85;A;78.01;A;999.47;A;117;A;24;A;0;A;10;A;15;A;9.37;A;6.61;A;6.07;A
24.08.2025 04:30;16.84;A;77.33;A;999.57;A;121;A;26;A;0;A;9;A;17;A;9.81;A;7.62;A;6.06;A
24.08.2025 04:45;16.8;A;77.11;A;999.7;A;110;A;26;A;0;A;8;A;18;A;10.38;A;8.24;A;6.06;A
24.08.2025 05:00;16.66;A;79.31;A;999.9;A;107;A;25;A;0;A;11;A;14;A;9.08;A;6.36;A;5.79;A
24.08.2025 05:15;16.45;A;79.28;A;999.91;A;92;A;24;A;0;A;8;A;17;A;9.07;A;6.39;A;5.68;A
24.08.2025 05:30;16.27;A;79.24;A;999.87;A;97;A;25;A;0;A;8;A;17;A;9.96;A;6.9;A;6.16;A
24.08.2025 05:45;16.14;A;79.41;A;999.98;A;98;A;25;A;0;A;9;A;16;A;10.34;A;7.16;A;6.3;A
24.08.2025 06:00;15.91;A;79.94;A;1000.15;A;103;A;24;A;0;A;12;A;12;A;9.97;A;7.21;A;6.37;A
24.08.2025 06:15;15.81;A;80.28;A;1000.24;A;132;A;24;A;0;A;12;A;12;A;12.62;A;9;A;8.35;A
24.08.2025 06:30;15.76;A;80.47;A;1000.45;A;153;A;23;A;0;A;12;A;12;A;13.65;A;9.75;A;9.07;A
24.08.2025 06:45;16.12;A;77.44;A;1000.61;A;128;A;26;A;0;A;9;A;17;A;11.39;A;9.28;A;7.27;A
24.08.2025 07:00;16.5;A;74.8;A;1000.53;A;104;A;28;A;0;A;8;A;20;A;11.32;A;8.96;A;6.99;A
24.08.2025 07:15;16.69;A;73.66;A;1000.61;A;103;A;30;A;0;A;9;A;20;A;11.74;A;9.13;A;6.74;A
24.08.2025 07:30;16.72;A;74.48;A;1000.55;A;103;A;28;A;0;A;9;A;20;A;12.07;A;8.83;A;6.69;A
24.08.2025 07:45;17.1;A;73.24;A;1000.7;A;128;A;30;A;0;A;9;A;21;A;17.96;A;13.92;A;9.87;A
24.08.2025 08:00;17.48;A;72.54;A;1000.63;A;121;A;30;A;0;A;8;A;21;A;12.58;A;9.28;A;7.12;A
24.08.2025 08:15;17.67;A;72.25;A;1000.78;A;127;A;32;A;0;A;9;A;23;A;12.08;A;9.3;A;7.12;A
24.08.2025 08:30;18;A;70.67;A;1000.93;A;114;A;33;A;0;A;8;A;25;A;11.95;A;8.95;A;6.85;A
24.08.2025 08:45;18.61;A;68.08;A;1001.11;A;112;A;37;A;0;A;9;A;28;A;11;A;7.94;A;5.96;A
24.08.2025 09:00;20.01;A;63.02;A;1001.17;A;97;A;39;A;0;A;8;A;31;A;9.36;A;6.96;A;5.13;A
24.08.2025 09:15;21.9;A;57.52;A;1001.3;A;106;A;37;A;0;A;6;A;31;A;9.64;A;6.77;A;5.05;A
24.08.2025 09:30;23.09;A;54.6;A;1001.22;A;120;A;41;A;0;A;7;A;34;A;9.6;A;6.41;A;4.86;A
24.08.2025 09:45;23.1;A;53.26;A;1001.41;A;128;A;46;A;0;A;10;A;35;A;7.88;A;5.78;A;4.28;A
24.08.2025 10:00;22.75;A;52.26;A;1001.36;A;148;A;49;A;0;A;11;A;38;A;8.24;A;5.82;A;4.5;A
24.08.2025 10:15;22.76;A;51.52;A;1001.36;A;137;A;47;A;0;A;9;A;37;A;6.9;A;4.41;A;3.15;A
24.08.2025 10:30;23.02;A;50.89;A;1001.4;A;117;A;45;A;0;A;9;A;37;A;7.2;A;4.72;A;3.12;A
24.08.2025 10:45;23.2;A;48.74;A;1001.56;A;112;A;47;A;0;A;9;A;38;A;5.51;A;3.75;A;2.79;A
24.08.2025 11:00;23.28;A;46.87;A;1001.44;A;114;A;50;A;0;A;10;A;40;A;5.41;A;3.43;A;2.52;A
24.08.2025 11:15;23.32;A;46.11;A;1001.45;A;106;A;48;A;0;A;9;A;39;A;5.66;A;3.74;A;2.53;A
24.08.2025 11:30;23.44;A;44.28;A;1001.46;A;97;A;50;A;0;A;11;A;39;A;6.17;A;3.53;A;2.45;A
24.08.2025 11:45;23.73;A;42.33;A;1001.62;A;139;A;46;A;0;A;10;A;36;A;5.75;A;3.35;A;2.17;A
24.08.2025 12:00;23.95;A;39.12;A;1001.56;A;96;A;51;A;0;A;13;A;38;A;4.27;A;2.65;A;1.76;A
24.08.2025 12:15;24.2;A;35.17;A;1001.56;A;86;A;50;A;0;A;9;A;40;A;4.82;A;2.84;A;1.85;A
24.08.2025 12:30;24.44;A;35.74;A;1001.4;A;110;A;53;A;0;A;11;A;41;A;5.64;A;2.86;A;1.85;A
24.08.2025 12:45;24.72;A;35.99;A;1001.5;A;101;A;52;A;0;A;11;A;41;A;4.53;A;2.56;A;1.66;A
24.08.2025 13:00;25.04;A;33.85;A;1001.39;A;95;A;52;A;0;A;13;A;39;A;4.01;A;2.47;A;1.76;A
24.08.2025 13:15;25.47;A;33.95;A;1001.41;A;116;A;50;A;0;A;10;A;40;A;4.49;A;2.57;A;1.66;A
24.08.2025 13:30;25.69;A;32.69;A;1001.34;A;97;A;54;A;0;A;12;A;42;A;5.07;A;2.84;A;1.8;A
24.08.2025 13:45;25.98;A;31.01;A;1001.31;A;104;A;52;A;0;A;11;A;41;A;4.44;A;2.41;A;1.76;A
24.08.2025 14:00;26.59;A;30.05;A;1001.35;A;100;A;55;A;0;A;11;A;44;A;5.58;A;2.76;A;1.72;A
24.08.2025 14:15;27.2;A;28.54;A;1001.21;A;112;A;56;A;0;A;11;A;44;A;4.56;A;2.77;A;1.85;A
24.08.2025 14:30;27.56;A;26.43;A;1001;A;107;A;56;A;0;A;10;A;46;A;4.13;A;2.48;A;1.66;A
24.08.2025 14:45;28.18;A;26.06;A;1000.99;A;110;A;56;A;0;A;12;A;44;A;4.41;A;2.31;A;1.53;A
24.08.2025 15:00;28.56;A;25.16;A;1001.01;A;106;A;56;A;0;A;11;A;44;A;4.65;A;2.68;A;1.6;A
24.08.2025 15:15;28.74;A;24.28;A;1000.79;A;110;A;57;A;0;A;11;A;46;A;3.81;A;2.3;A;1.52;A
24.08.2025 15:30;28.88;A;25.26;A;1000.78;A;114;A;57;A;0;A;13;A;44;A;4.55;A;2.68;A;1.7;A
24.08.2025 15:45;28.5;A;24.92;A;1000.83;A;113;A;59;A;0;A;13;A;45;A;3.94;A;2.58;A;1.77;A
24.08.2025 16:00;28.52;A;24.78;A;1000.78;A;103;A;56;A;0;A;11;A;45;A;4.55;A;2.41;A;1.63;A
24.08.2025 16:15;27.94;A;25.31;A;1000.68;A;106;A;58;A;0;A;14;A;44;A;3.71;A;2.36;A;1.48;A
24.08.2025 16:30;27.51;A;25.92;A;1000.54;A;101;A;58;A;0;A;13;A;44;A;4.47;A;2.47;A;1.74;A
24.08.2025 16:45;27.04;A;27.62;A;1000.37;A;98;A;56;A;0;A;12;A;44;A;4.06;A;2.61;A;1.69;A
24.08.2025 17:00;26.67;A;28.79;A;1000.32;A;106;A;56;A;0;A;15;A;41;A;4.45;A;2.45;A;1.74;A
24.08.2025 17:15;26.41;A;29.39;A;1000.38;A;97;A;54;A;0;A;14;A;40;A;4.78;A;3.48;A;2.17;A
24.08.2025 17:30;25.91;A;29.83;A;1000.45;A;109;A;55;A;0;A;15;A;40;A;7;A;4.81;A;3.25;A
24.08.2025 17:45;25.34;A;29.55;A;1000.34;A;100;A;54;A;0;A;13;A;40;A;6;A;3.43;A;2.4;A
24.08.2025 18:00;24.85;A;31.89;A;1000.19;A;130;A;54;A;0;A;15;A;39;A;4.71;A;3.47;A;2.47;A
24.08.2025 18:15;24.58;A;32.07;A;1000.07;A;96;A;54;A;0;A;15;A;39;A;5.09;A;2.68;A;2.05;A
24.08.2025 18:30;24.35;A;33.91;A;1000.19;A;104;A;52;A;0;A;18;A;34;A;5.94;A;3.29;A;2.25;A
24.08.2025 18:45;24.08;A;35.09;A;1000.14;A;102;A;52;A;0;A;16;A;36;A;5.06;A;3.23;A;2.09;A
24.08.2025 19:00;23.82;A;36.08;A;1000.3;A;94;A;52;A;0;A;15;A;37;A;5.34;A;3.36;A;2.35;A
24.08.2025 19:15;22.77;A;44.94;A;1001.21;A;108;A;51;A;0;A;17;A;33;A;7.65;A;3.88;A;2.62;A
24.08.2025 19:30;21.24;A;52.54;A;1001.91;A;114;A;41;A;0;A;12;A;29;A;8.37;A;4.7;A;3.17;A
24.08.2025 19:45;20.06;A;54.42;A;1002.11;A;91;A;40;A;0;A;11;A;29;A;6.11;A;4.07;A;2.88;A
24.08.2025 20:00;19.22;A;57.44;A;1002.4;A;83;A;43;A;0;A;13;A;29;A;5.38;A;3.51;A;2.47;A
24.08.2025 20:15;18.33;A;64.13;A;1002.74;A;82;A;42;A;0;A;14;A;28;A;7.67;A;4.37;A;3.09;A
24.08.2025 20:30;17.38;A;72.95;A;1002.43;A;93;A;37;A;0;A;11;A;26;A;7.72;A;4.6;A;3.05;A
24.08.2025 20:45;16.74;A;76.02;A;1002.59;A;102;A;36;A;0;A;12;A;24;A;7.3;A;4.69;A;3.16;A
24.08.2025 21:00;16.36;A;77.93;A;1002.94;A;85;A;35;A;0;A;12;A;23;A;6.85;A;4.35;A;3.11;A
24.08.2025 21:15;16.05;A;77.92;A;1002.74;A;69;A;36;A;0;A;12;A;24;A;6.2;A;4.46;A;2.97;A
24.08.2025 21:30;15.88;A;78.56;A;1003.14;A;66;A;36;A;0;A;11;A;25;A;7.19;A;5.21;A;3.54;A
24.08.2025 21:45;15.72;A;78.55;A;1003.21;A;68;A;33;A;0;A;10;A;24;A;7.2;A;5.36;A;3.54;A
24.08.2025 22:00;15.59;A;79.51;A;1003.29;A;66;A;31;A;0;A;9;A;22;A;6.39;A;4.58;A;3.71;A
24.08.2025 22:15;15.38;A;76.9;A;1003.36;A;54;A;31;A;0;A;7;A;24;A;6.64;A;4.58;A;3.09;A
24.08.2025 22:30;15.09;A;74.88;A;1003.63;A;47;A;35;A;0;A;11;A;24;A;6.07;A;3.97;A;2.53;A
24.08.2025 22:45;14.88;A;75.56;A;1003.59;A;52;A;34;A;0;A;10;A;24;A;6;A;3.52;A;2.71;A
24.08.2025 23:00;14.75;A;75.83;A;1003.88;A;49;A;34;A;0;A;9;A;25;A;5;A;3.66;A;2.55;A
24.08.2025 23:15;14.64;A;75.72;A;1003.95;A;49;A;34;A;0;A;10;A;24;A;5.05;A;3.74;A;2.4;A
24.08.2025 23:30;14.5;A;75.22;A;1004.01;A;45;A;33;A;0;A;9;A;24;A;4.45;A;3.08;A;2.15;A
24.08.2025 23:45;14.35;A;75.39;A;1004.05;A;46;A;34;A;0;A;11;A;24;A;4.44;A;2.95;A;2.11;A
25.08.2025 00:00;14.26;A;74.62;A;1004.2;A;44;A;35;A;0;A;10;A;25;A;4.68;A;2.76;A;1.91;A
25.08.2025 00:15;14.23;A;73.46;A;1004.34;A;40;A;35;A;0;A;10;A;26;A;4.68;A;2.89;A;1.86;A
25.08.2025 00:30;14.18;A;72.3;A;1004.26;A;40;A;36;A;0;A;11;A;25;A;3.78;A;2.33;A;1.66;A
25.08.2025 00:45;13.96;A;74.1;A;1004.24;A;44;A;35;A;0;A;10;A;25;A;3.91;A;2.78;A;1.81;A
25.08.2025 01:00;13.76;A;73.93;A;1004.44;A;43;A;34;A;0;A;10;A;24;A;3.62;A;2.61;A;1.87;A
25.08.2025 01:15;13.55;A;75.18;A;1004.56;A;44;A;33;A;0;A;10;A;23;A;4.1;A;2.97;A;2.18;A
25.08.2025 01:30;13.33;A;76.16;A;1004.52;A;42;A;31;A;0;A;10;A;21;A;4.69;A;2.97;A;2.27;A
25.08.2025 01:45;13.2;A;76.7;A;1004.62;A;43;A;31;A;0;A;9;A;21;A;4.25;A;2.94;A;2.07;A
25.08.2025 02:00;13.15;A;75.92;A;1004.71;A;39;A;32;A;0;A;9;A;22;A;4.6;A;2.83;A;2.03;A
25.08.2025 02:15;13.08;A;76.4;A;1005.06;A;39;A;32;A;0;A;10;A;22;A;3.89;A;2.81;A;1.95;A
25.08.2025 02:30;12.87;A;76.82;A;1004.89;A;38;A;30;A;0;A;9;A;21;A;3.82;A;2.84;A;1.77;A
25.08.2025 02:45;12.81;A;77.56;A;1004.99;A;38;A;31;A;0;A;10;A;22;A;3.82;A;2.32;A;1.7;A
25.08.2025 03:00;12.72;A;77.1;A;1005.05;A;37;A;30;A;0;A;9;A;21;A;3.77;A;2.53;A;1.73;A
25.08.2025 03:15;12.64;A;77.55;A;1005.13;A;37;A;30;A;0;A;9;A;21;A;3.75;A;2.52;A;1.76;A
25.08.2025 03:30;12.53;A;78.23;A;1005.16;A;36;A;29;A;0;A;9;A;20;A;3.79;A;2.49;A;1.74;A
25.08.2025 03:45;12.47;A;78.58;A;1005.35;A;35;A;29;A;0;A;9;A;20;A;4.49;A;2.77;A;1.7;A
25.08.2025 04:00;12.42;A;78.97;A;1005.37;A;36;A;29;A;0;A;9;A;20;A;3.71;A;2.55;A;1.81;A
25.08.2025 04:15;12.33;A;80.06;A;1005.58;A;37;A;28;A;0;A;9;A;19;A;3.37;A;2.22;A;1.88;A
25.08.2025 04:30;12.3;A;80.32;A;1005.8;A;38;A;26;A;0;A;8;A;19;A;3.49;A;2.39;A;1.87;A
25.08.2025 04:45;12.18;A;80.28;A;1006.07;A;38;A;26;A;0;A;8;A;18;A;3.47;A;2.29;A;1.94;A
25.08.2025 05:00;11.93;A;80.97;A;1006.01;A;39;A;25;A;0;A;8;A;17;A;3.69;A;2.46;A;2.08;A
25.08.2025 05:15;11.71;A;81.6;A;1005.92;A;48;A;24;A;0;A;9;A;15;A;3.45;A;2.28;A;1.93;A
25.08.2025 05:30;11.57;A;83;A;1006.04;A;49;A;23;A;0;A;8;A;15;A;3.51;A;2.32;A;1.97;A
25.08.2025 05:45;11.5;A;82.74;A;1006.19;A;40;A;23;A;0;A;7;A;16;A;3.4;A;2.25;A;1.9;A
25.08.2025 06:00;11.4;A;82.81;A;1006.29;A;51;A;23;A;0;A;9;A;14;A;3.61;A;2.4;A;2.04;A
25.08.2025 06:15;11.39;A;82.93;A;1006.28;A;52;A;22;A;0;A;8;A;14;A;4.99;A;3.41;A;3.01;A
25.08.2025 06:30;11.44;A;82.19;A;1006.7;A;76;A;22;A;0;A;9;A;13;A;5.33;A;3.66;A;3.25;A
25.08.2025 06:45;11.58;A;81.34;A;1006.76;A;48;A;24;A;0;A;9;A;15;A;4.52;A;3.07;A;2.68;A
25.08.2025 07:00;11.98;A;80.18;A;1006.81;A;47;A;24;A;0;A;9;A;15;A;4.07;A;2.74;A;2.37;A
25.08.2025 07:15;12.89;A;76.28;A;1006.79;A;60;A;23;A;0;A;9;A;14;A;3.82;A;2.65;A;2.19;A
25.08.2025 07:30;13.07;A;75.58;A;1006.79;A;58;A;24;A;0;A;10;A;15;A;4.31;A;2.98;A;2.11;A
25.08.2025 07:45;13.22;A;74.89;A;1006.8;A;69;A;25;A;0;A;10;A;15;A;4.61;A;3.09;A;2.21;A
25.08.2025 08:00;13.38;A;75.27;A;1006.84;A;77;A;25;A;0;A;11;A;14;A;5.32;A;3.4;A;2.39;A
25.08.2025 08:15;13.63;A;74.31;A;1006.91;A;91;A;24;A;0;A;9;A;16;A;13.02;A;9.72;A;6.77;A
25.08.2025 08:30;14.12;A;72.98;A;1007.08;A;83;A;26;A;0;A;10;A;16;A;5.05;A;3.16;A;2.13;A
25.08.2025 08:45;14.97;A;71.14;A;1007.18;A;114;A;28;A;0;A;13;A;15;A;7.48;A;5.51;A;4.15;A
25.08.2025 09:00;16.44;A;65.33;A;1007.41;A;90;A;27;A;0;A;10;A;18;A;5.8;A;3.46;A;2.51;A
25.08.2025 09:15;18.73;A;56.81;A;1007.52;A;80;A;29;A;0;A;6;A;23;A;5.57;A;3.6;A;2.48;A
25.08.2025 09:30;19.98;A;52.78;A;1007.35;A;141;A;35;A;0;A;13;A;22;A;6.64;A;4.26;A;2.95;A
25.08.2025 09:45;20.24;A;51.71;A;1007.41;A;119;A;35;A;0;A;10;A;25;A;6.51;A;4.45;A;3.24;A
25.08.2025 10:00;19.84;A;53.15;A;1007.72;A;130;A;37;A;0;A;11;A;26;A;4.3;A;2.54;A;1.78;A
25.08.2025 10:15;19.75;A;53.05;A;1007.82;A;114;A;36;A;0;A;11;A;26;A;4.04;A;2.47;A;1.74;A
25.08.2025 10:30;19.91;A;51.76;A;1007.94;A;124;A;37;A;0;A;10;A;27;A;4.55;A;2.75;A;1.7;A
25.08.2025 10:45;20.37;A;50.98;A;1007.86;A;169;A;38;A;0;A;12;A;27;A;8.46;A;5.58;A;3.94;A
25.08.2025 11:00;20.48;A;49.05;A;1007.91;A;109;A;41;A;0;A;12;A;28;A;4.19;A;2.41;A;1.54;A
25.08.2025 11:15;20.72;A;48.66;A;1007.89;A;108;A;42;A;0;A;13;A;28;A;4.59;A;2.6;A;1.67;A
25.08.2025 11:30;20.89;A;47.85;A;1007.76;A;94;A;43;A;0;A;11;A;32;A;4.33;A;2.18;A;1.41;A
25.08.2025 11:45;21.21;A;46.31;A;1007.87;A;290;A;42;A;0;A;14;A;28;A;4.18;A;2.35;A;1.54;A
25.08.2025 12:00;21.49;A;46.13;A;1007.78;A;112;A;43;A;0;A;12;A;31;A;3.7;A;2.14;A;1.44;A
25.08.2025 12:15;21.6;A;45.13;A;1007.7;A;114;A;45;A;0;A;16;A;30;A;4.27;A;2.49;A;1.62;A
25.08.2025 12:30;21.83;A;44.16;A;1007.72;A;108;A;45;A;0;A;14;A;32;A;4.61;A;2.49;A;1.6;A
25.08.2025 12:45;22.25;A;42.61;A;1007.63;A;230;A;45;A;0;A;12;A;33;A;3.03;A;1.91;A;1.24;A
25.08.2025 13:00;22.76;A;41.41;A;1007.7;A;631;A;46;A;0;A;12;A;34;A;3;A;1.99;A;1.26;A
25.08.2025 13:15;23.4;A;39.82;A;1007.85;A;112;A;47;A;0;A;12;A;35;A;3.39;A;1.92;A;1.21;A
25.08.2025 13:30;23.8;A;37.39;A;1007.73;A;96;A;48;A;0;A;12;A;37;A;3.78;A;1.91;A;1.17;A
25.08.2025 13:45;24.32;A;37.17;A;1007.64;A;108;A;49;A;0;A;13;A;36;A;4.07;A;1.94;A;1.21;A
25.08.2025 14:00;25.08;A;35.55;A;1007.47;A;115;A;49;A;0;A;11;A;38;A;3.08;A;1.82;A;1.27;A
25.08.2025 14:15;25.46;A;33.7;A;1007.43;A;100;A;50;A;0;A;10;A;40;A;4.5;A;2.64;A;1.69;A
25.08.2025 14:30;25.52;A;32.66;A;1007.28;A;113;A;53;A;0;A;14;A;39;A;3.21;A;1.69;A;1.13;A
25.08.2025 14:45;25.64;A;32.11;A;1007.15;A;98;A;51;A;0;A;10;A;41;A;2.88;A;1.72;A;1.03;A
25.08.2025 15:00;25.53;A;32.41;A;1007.14;A;109;A;52;A;0;A;13;A;39;A;3.29;A;1.98;A;1.32;A
25.08.2025 15:15;25.27;A;31.84;A;1006.99;A;122;A;51;A;0;A;13;A;39;A;3.97;A;1.85;A;1.2;A
25.08.2025 15:30;25.94;A;32;A;1006.92;A;101;A;50;A;0;A;12;A;38;A;2.93;A;1.84;A;1;A
25.08.2025 15:45;26.17;A;30.74;A;1006.94;A;99;A;51;A;0;A;12;A;39;A;3.03;A;1.76;A;1.04;A
25.08.2025 16:00;25.6;A;30.91;A;1006.68;A;116;A;53;A;0;A;13;A;39;A;3.36;A;1.67;A;1.04;A
25.08.2025 16:15;25.88;A;30.24;A;1006.74;A;106;A;52;A;0;A;14;A;38;A;4.74;A;2.09;A;1.41;A
25.08.2025 16:30;26.31;A;29.24;A;1006.73;A;90;A;51;A;0;A;11;A;40;A;2.76;A;1.55;A;0.96;A
25.08.2025 16:45;26.67;A;28.43;A;1006.68;A;98;A;53;A;0;A;14;A;39;A;3.09;A;1.69;A;0.97;A
25.08.2025 17:00;26.76;A;28.23;A;1006.71;A;105;A;53;A;0;A;13;A;40;A;3.65;A;1.9;A;1.26;A
25.08.2025 17:15;26.23;A;27.83;A;1006.62;A;98;A;55;A;0;A;13;A;41;A;4.75;A;2.14;A;1.34;A
25.08.2025 17:30;25.63;A;30.12;A;1006.48;A;113;A;54;A;0;A;16;A;38;A;13.9;A;5.13;A;2.89;A
25.08.2025 17:45;25.44;A;29.55;A;1006.46;A;93;A;52;A;0;A;13;A;39;A;5.44;A;2.45;A;1.31;A
25.08.2025 18:00;24.97;A;29.95;A;1006.48;A;103;A;55;A;0;A;15;A;40;A;3.4;A;1.79;A;1.06;A
25.08.2025 18:15;24.45;A;31.5;A;1006.51;A;145;A;54;A;0;A;18;A;36;A;3.63;A;1.98;A;1.18;A
25.08.2025 18:30;24.01;A;31.09;A;1006.45;A;92;A;52;A;0;A;14;A;38;A;2.56;A;1.68;A;1.07;A
25.08.2025 18:45;23.44;A;32.97;A;1006.48;A;100;A;53;A;0;A;17;A;36;A;4.17;A;2.36;A;1.46;A
25.08.2025 19:00;22.92;A;34.21;A;1006.53;A;135;A;51;A;0;A;17;A;33;A;4.24;A;2.09;A;1.18;A
25.08.2025 19:15;22.38;A;35.4;A;1006.33;A;171;A;50;A;0;A;19;A;31;A;4;A;2.19;A;1.42;A
25.08.2025 19:30;21.84;A;37.79;A;1006.24;A;113;A;46;A;0;A;17;A;29;A;5.49;A;3.02;A;1.77;A
25.08.2025 19:45;21.21;A;40.45;A;1006.32;A;157;A;44;A;0;A;20;A;24;A;4.67;A;2.87;A;1.74;A
25.08.2025 20:00;20.47;A;42.37;A;1006.52;A;163;A;42;A;0;A;22;A;20;A;7.13;A;4.81;A;3.38;A
25.08.2025 20:15;19.86;A;44.75;A;1006.5;A;166;A;40;A;0;A;21;A;19;A;13.6;A;9.11;A;6.69;A
25.08.2025 20:30;19.35;A;45.72;A;1006.8;A;162;A;38;A;0;A;19;A;20;A;14.17;A;10.63;A;7.64;A
25.08.2025 20:45;18.87;A;46.35;A;1006.87;A;191;A;40;A;0;A;24;A;16;A;12.19;A;8.56;A;6.26;A
25.08.2025 21:00;18.44;A;49.3;A;1006.9;A;189;A;39;A;0;A;23;A;16;A;12.28;A;7.99;A;5.57;A
25.08.2025 21:15;18.01;A;51.68;A;1006.95;A;200;A;35;A;0;A;21;A;13;A;11.77;A;7.76;A;5.32;A
25.08.2025 21:30;17.62;A;53.32;A;1006.97;A;157;A;34;A;0;A;19;A;15;A;10.58;A;6.87;A;4.97;A
25.08.2025 21:45;17.12;A;56.12;A;1006.79;A;151;A;32;A;0;A;18;A;14;A;10.45;A;6.94;A;5;A
25.08.2025 22:00;16.86;A;55.3;A;1006.67;A;141;A;33;A;0;A;17;A;16;A;8.88;A;6.46;A;4.53;A
25.08.2025 22:15;16.79;A;56.72;A;1006.76;A;212;A;35;A;0;A;22;A;13;A;9.34;A;6.09;A;4.36;A
25.08.2025 22:30;16.56;A;58.51;A;1006.91;A;190;A;30;A;0;A;21;A;9;A;9.4;A;5.88;A;4.21;A
25.08.2025 22:45;16.27;A;60.11;A;1006.84;A;187;A;31;A;0;A;23;A;8;A;9.87;A;5.54;A;3.92;A
25.08.2025 23:00;15.98;A;62.34;A;1006.92;A;225;A;29;A;0;A;24;A;6;A;10.57;A;6.58;A;4.38;A
25.08.2025 23:15;15.72;A;62.7;A;1006.92;A;223;A;29;A;0;A;25;A;4;A;11.88;A;7.25;A;4.89;A
25.08.2025 23:30;15.49;A;63.76;A;1006.99;A;234;A;31;A;0;A;30;A;2;A;12.99;A;7.23;A;4.87;A
25.08.2025 23:45;15.45;A;63.64;A;1006.96;A;240;A;32;A;0;A;31;A;2;A;12.27;A;7.46;A;5.07;A
26.08.2025 00:00;15.32;A;66.05;A;1007.03;A;255;A;29;A;0;A;27;A;2;A;13.84;A;7.43;A;5.13;A
26.08.2025 00:15;15.1;A;66.67;A;1006.95;A;270;A;28;A;0;A;27;A;1;A;11.94;A;7.31;A;5.29;A
26.08.2025 00:30;14.92;A;67.21;A;1006.75;A;268;A;30;A;0;A;29;A;1;A;11.96;A;7.66;A;5.52;A
26.08.2025 00:45;14.82;A;67.37;A;1006.78;A;260;A;30;A;0;A;29;A;1;A;13.65;A;7.83;A;5.7;A
26.08.2025 01:00;14.76;A;67.22;A;1006.64;A;283;A;30;A;0;A;29;A;1;A;12.09;A;7.65;A;5.58;A
26.08.2025 01:15;14.67;A;68.67;A;1006.66;A;267;A;30;A;0;A;28;A;1;A;10.47;A;7.22;A;5.05;A
26.08.2025 01:30;14.63;A;69.3;A;1006.71;A;250;A;29;A;0;A;27;A;2;A;11.58;A;7.66;A;5.13;A
26.08.2025 01:45;14.86;A;68.83;A;1006.59;A;227;A;29;A;0;A;28;A;2;A;17.42;A;11.32;A;8.32;A
26.08.2025 02:00;14.99;A;69.53;A;1006.44;A;216;A;28;A;0;A;26;A;2;A;17.45;A;11.46;A;8.42;A
26.08.2025 02:15;15.12;A;69.34;A;1006.48;A;211;A;29;A;0;A;27;A;2;A;19.87;A;12.84;A;9.45;A
26.08.2025 02:30;15.17;A;69.78;A;1006.39;A;206;A;29;A;0;A;27;A;2;A;17.85;A;12.13;A;9.18;A
26.08.2025 02:45;15.18;A;70.27;A;1006.39;A;206;A;29;A;0;A;27;A;2;A;20.14;A;12.58;A;8.69;A
26.08.2025 03:00;15.19;A;70.39;A;1006.3;A;199;A;29;A;0;A;27;A;2;A;17.06;A;11.26;A;8.25;A
26.08.2025 03:15;15.24;A;70.4;A;1006.25;A;194;A;31;A;0;A;30;A;2;A;17.93;A;11.43;A;8.22;A
26.08.2025 03:30;15.18;A;71.58;A;1006.27;A;219;A;30;A;0;A;27;A;3;A;17.18;A;12.06;A;8.58;A
26.08.2025 03:45;15.12;A;72.24;A;1006.21;A;270;A;29;A;0;A;27;A;2;A;19.91;A;12.43;A;9;A
26.08.2025 04:00;15;A;72.9;A;1006.33;A;305;A;29;A;0;A;27;A;2;A;18.39;A;12.07;A;9.04;A
26.08.2025 04:15;14.89;A;72.52;A;1006.23;A;265;A;28;A;0;A;26;A;2;A;17.36;A;11;A;7.91;A
26.08.2025 04:30;14.56;A;73.58;A;1006.04;A;216;A;27;A;0;A;25;A;2;A;17.24;A;9.92;A;7.06;A
26.08.2025 04:45;14.28;A;74.59;A;1006.03;A;182;A;27;A;0;A;24;A;3;A;13.74;A;8.7;A;5.97;A
26.08.2025 05:00;13.93;A;75.72;A;1005.91;A;181;A;27;A;0;A;24;A;3;A;12.24;A;7.71;A;5.8;A
26.08.2025 05:15;13.7;A;76.6;A;1006.11;A;217;A;25;A;0;A;21;A;4;A;14.62;A;8.95;A;6.29;A
26.08.2025 05:30;13.52;A;77.03;A;1006.01;A;188;A;27;A;0;A;24;A;3;A;11.41;A;7.04;A;4.98;A
26.08.2025 05:45;13.4;A;76.89;A;1005.95;A;141;A;27;A;0;A;24;A;3;A;8.19;A;5.48;A;3.88;A
26.08.2025 06:00;13.31;A;77.23;A;1006.05;A;141;A;28;A;0;A;25;A;3;A;7.48;A;4.72;A;3.38;A
26.08.2025 06:15;13.2;A;78.42;A;1006.03;A;147;A;27;A;0;A;23;A;3;A;10.53;A;6.41;A;4.29;A
26.08.2025 06:30;13.1;A;79.33;A;1005.95;A;180;A;25;A;0;A;22;A;4;A;6.51;A;4.61;A;3.7;A
26.08.2025 06:45;13.13;A;79.87;A;1006;A;223;A;24;A;0;A;20;A;4;A;11.96;A;8.52;A;7.89;A
26.08.2025 07:00;13.64;A;78.91;A;1006.16;A;271;A;25;A;0;A;21;A;4;A;14.49;A;10.37;A;9.66;A
26.08.2025 07:15;15;A;74.06;A;1006.27;A;300;A;25;A;0;A;20;A;5;A;20.65;A;15.24;A;13.7;A
26.08.2025 07:30;15.58;A;71.07;A;1006.41;A;281;A;31;A;0;A;27;A;3;A;16.06;A;12.49;A;9.16;A
26.08.2025 07:45;15.81;A;70.3;A;1006.4;A;283;A;31;A;0;A;28;A;4;A;17.81;A;11.66;A;8.25;A
26.08.2025 08:00;16.09;A;70.21;A;1006.31;A;331;A;32;A;0;A;27;A;5;A;14.65;A;7.64;A;5.52;A
26.08.2025 08:15;16.46;A;68.94;A;1006.45;A;253;A;33;A;0;A;26;A;7;A;10.96;A;6.41;A;4.1;A
26.08.2025 08:30;16.91;A;65.63;A;1006.33;A;181;A;33;A;0;A;19;A;14;A;8.61;A;5.31;A;3.75;A
26.08.2025 08:45;17.34;A;64.94;A;1006.34;A;183;A;34;A;0;A;22;A;13;A;8.95;A;4.81;A;3.42;A
26.08.2025 09:00;18.17;A;61.44;A;1006.34;A;158;A;35;A;0;A;19;A;16;A;9.65;A;6.32;A;4.51;A
26.08.2025 09:15;18.97;A;57.95;A;1006.25;A;162;A;36;A;0;A;16;A;21;A;6.28;A;3.63;A;2.25;A
26.08.2025 09:30;19.88;A;54.53;A;1006.09;A;203;A;37;A;0;A;15;A;22;A;8.55;A;4.54;A;2.96;A
26.08.2025 09:45;20.22;A;54.29;A;1006.3;A;310;A;39;A;0;A;17;A;22;A;7.23;A;4.22;A;2.81;A
26.08.2025 10:00;20.41;A;53.65;A;1006.44;A;169;A;38;A;0;A;17;A;21;A;7.52;A;3.93;A;2.71;A
26.08.2025 10:15;20.84;A;50.79;A;1006.47;A;126;A;41;A;0;A;15;A;26;A;6.56;A;3.53;A;2.36;A
26.08.2025 10:30;21.07;A;50.08;A;1006.49;A;142;A;42;A;0;A;17;A;25;A;8.42;A;4.38;A;3.15;A
26.08.2025 10:45;20.83;A;51.36;A;1006.64;A;125;A;43;A;0;A;16;A;27;A;7.54;A;3.81;A;2.49;A
26.08.2025 11:00;20.68;A;54.32;A;1006.68;A;150;A;42;A;0;A;20;A;21;A;8.81;A;4.5;A;2.96;A
26.08.2025 11:15;20.58;A;54.85;A;1006.73;A;163;A;37;A;0;A;21;A;16;A;8.33;A;4.62;A;2.99;A
26.08.2025 11:30;20.55;A;50.96;A;1006.72;A;130;A;41;A;0;A;18;A;22;A;9.19;A;4.53;A;3.06;A
26.08.2025 11:45;20.51;A;51.47;A;1006.64;A;140;A;41;A;0;A;15;A;26;A;4.81;A;2.79;A;1.99;A
26.08.2025 12:00;20.63;A;47.32;A;1006.62;A;120;A;42;A;0;A;16;A;26;A;6.18;A;2.81;A;1.83;A
26.08.2025 12:15;21.18;A;44.93;A;1006.45;A;104;A;45;A;0;A;16;A;29;A;8.43;A;5.78;A;4.03;A
26.08.2025 12:30;21.93;A;42.11;A;1006.42;A;95;A;46;A;0;A;14;A;31;A;4.85;A;2.55;A;1.76;A
26.08.2025 12:45;22.6;A;38.71;A;1006.32;A;208;A;48;A;0;A;19;A;29;A;13.08;A;9.7;A;7.79;A
26.08.2025 13:00;23.35;A;36.68;A;1006.28;A;112;A;51;A;0;A;17;A;34;A;5.37;A;2.92;A;1.79;A
26.08.2025 13:15;24.16;A;35.27;A;1006.06;A;139;A;52;A;0;A;14;A;38;A;6.01;A;3.35;A;2.25;A
26.08.2025 13:30;24.8;A;34.75;A;1005.93;A;143;A;54;A;0;A;16;A;38;A;9.38;A;6.19;A;4.47;A
26.08.2025 13:45;25.01;A;34.98;A;1005.72;A;200;A;55;A;0;A;16;A;39;A;8.43;A;4.82;A;3.45;A
26.08.2025 14:00;25.15;A;35.79;A;1005.64;A;151;A;56;A;0;A;16;A;40;A;4.54;A;2.61;A;1.68;A
26.08.2025 14:15;25.36;A;35.49;A;1005.54;A;137;A;55;A;0;A;15;A;40;A;6.06;A;3.47;A;2.42;A
26.08.2025 14:30;25.12;A;36.02;A;1005.46;A;142;A;55;A;0;A;14;A;40;A;7.07;A;3.99;A;2.57;A
26.08.2025 14:45;24.63;A;38.39;A;1005.53;A;128;A;57;A;0;A;17;A;40;A;6.56;A;3.19;A;2.09;A
26.08.2025 15:00;24.36;A;40.55;A;1005.78;A;123;A;52;A;0;A;13;A;39;A;7.7;A;3.52;A;2.13;A
26.08.2025 15:15;24.39;A;40.37;A;1005.68;A;113;A;51;A;0;A;13;A;38;A;4.88;A;2.62;A;1.71;A
26.08.2025 15:30;24.9;A;38.6;A;1005.46;A;97;A;53;A;0;A;14;A;39;A;4.29;A;2.24;A;1.43;A
26.08.2025 15:45;25.82;A;36.31;A;1005.45;A;105;A;52;A;0;A;14;A;39;A;4.25;A;2.33;A;1.47;A
26.08.2025 16:00;26.19;A;36.21;A;1005.43;A;107;A;54;A;0;A;13;A;41;A;4.76;A;2.23;A;1.45;A
26.08.2025 16:15;25.99;A;36;A;1005.38;A;117;A;56;A;0;A;14;A;41;A;4.36;A;2.12;A;1.44;A
26.08.2025 16:30;26.3;A;35.97;A;1005.52;A;112;A;55;A;0;A;14;A;41;A;4.69;A;2.31;A;1.55;A
26.08.2025 16:45;26.4;A;35.12;A;1005.47;A;453;A;55;A;0;A;13;A;42;A;5.28;A;2.4;A;1.42;A
26.08.2025 17:00;26.51;A;34.29;A;1005.55;A;105;A;56;A;0;A;15;A;41;A;4.32;A;2.13;A;1.27;A
26.08.2025 17:15;25.93;A;35.05;A;1005.39;A;126;A;58;A;0;A;15;A;42;A;5.1;A;2.69;A;1.79;A
26.08.2025 17:30;25.99;A;34.99;A;1005.57;A;122;A;55;A;0;A;15;A;41;A;3.93;A;1.98;A;1.4;A
26.08.2025 17:45;25.98;A;35.79;A;1005.62;A;99;A;55;A;0;A;13;A;42;A;4.63;A;2.44;A;1.55;A
26.08.2025 18:00;25.51;A;37.2;A;1005.66;A;127;A;55;A;0;A;17;A;37;A;3.9;A;2.28;A;1.55;A
26.08.2025 18:15;25.18;A;37.42;A;1005.57;A;128;A;54;A;0;A;16;A;38;A;3.94;A;2.29;A;1.36;A
26.08.2025 18:30;24.83;A;37.83;A;1005.54;A;136;A;54;A;0;A;19;A;35;A;5.73;A;3.32;A;2.25;A
26.08.2025 18:45;24.49;A;38.74;A;1005.58;A;111;A;52;A;0;A;16;A;36;A;4.58;A;2.23;A;1.44;A
26.08.2025 19:00;24.05;A;39.97;A;1005.64;A;127;A;51;A;0;A;16;A;35;A;4.3;A;2.69;A;1.62;A
26.08.2025 19:15;23.37;A;41.8;A;1005.8;A;231;A;49;A;0;A;22;A;26;A;5.6;A;2.67;A;1.89;A
26.08.2025 19:30;22.58;A;44.34;A;1005.97;A;210;A;47;A;0;A;25;A;22;A;7.58;A;3.78;A;2.48;A
26.08.2025 19:45;21.8;A;46.75;A;1005.97;A;266;A;44;A;0;A;27;A;16;A;7.31;A;4.02;A;2.69;A
26.08.2025 20:00;21.06;A;49.85;A;1006.16;A;279;A;41;A;0;A;27;A;13;A;8.16;A;4.76;A;3.05;A
26.08.2025 20:15;20.32;A;51.76;A;1006.33;A;233;A;39;A;0;A;26;A;13;A;8.15;A;4.86;A;3.32;A
26.08.2025 20:30;19.63;A;53.36;A;1006.28;A;248;A;38;A;0;A;26;A;12;A;8.41;A;5.63;A;3.97;A
26.08.2025 20:45;19.1;A;55.14;A;1006.44;A;259;A;37;A;0;A;28;A;9;A;11.07;A;6.55;A;4.44;A
26.08.2025 21:00;18.64;A;55.75;A;1006.64;A;281;A;37;A;0;A;28;A;8;A;10.48;A;6.12;A;4.48;A
26.08.2025 21:15;18.3;A;57.03;A;1006.68;A;251;A;36;A;0;A;27;A;9;A;10.48;A;6.87;A;4.61;A
26.08.2025 21:30;18.29;A;56.6;A;1006.92;A;398;A;35;A;0;A;33;A;3;A;12.04;A;7.45;A;5.23;A
26.08.2025 21:45;18.52;A;53.93;A;1006.95;A;353;A;39;A;0;A;37;A;2;A;11.13;A;6.93;A;5.21;A
26.08.2025 22:00;18.25;A;55.44;A;1007.03;A;274;A;37;A;0;A;34;A;3;A;10.05;A;6.46;A;4.97;A
26.08.2025 22:15;17.89;A;56.46;A;1007.08;A;222;A;37;A;0;A;35;A;2;A;11.63;A;6.91;A;4.85;A
26.08.2025 22:30;17.9;A;56.2;A;1007.08;A;197;A;36;A;0;A;26;A;9;A;10.39;A;6.63;A;4.6;A
26.08.2025 22:45;17.96;A;55.46;A;1007.33;A;168;A;37;A;0;A;22;A;15;A;10.13;A;6.18;A;4.15;A
26.08.2025 23:00;17.69;A;57.23;A;1007.4;A;163;A;37;A;0;A;20;A;16;A;8.86;A;5.76;A;3.96;A
26.08.2025 23:15;17.51;A;58.39;A;1007.4;A;162;A;34;A;0;A;18;A;16;A;10.21;A;6.42;A;4.62;A
26.08.2025 23:30;17.26;A;59.53;A;1007.53;A;145;A;35;A;0;A;18;A;17;A;12.81;A;8.21;A;5.9;A
26.08.2025 23:45;16.9;A;60.78;A;1007.68;A;149;A;32;A;0;A;17;A;16;A;13.12;A;8.98;A;6.89;A
27.08.2025 00:00;16.5;A;63.72;A;1007.59;A;154;A;30;A;0;A;16;A;13;A;12.88;A;9.77;A;7.44;A
27.08.2025 00:15;16.13;A;63.39;A;1007.65;A;127;A;31;A;0;A;15;A;16;A;13.79;A;10.28;A;7.52;A
27.08.2025 00:30;15.98;A;64.12;A;1007.7;A;110;A;30;A;0;A;13;A;17;A;13.77;A;9.85;A;7.12;A
27.08.2025 00:45;15.85;A;65.01;A;1007.76;A;103;A;31;A;0;A;15;A;17;A;13.17;A;9.41;A;6.85;A
27.08.2025 01:00;15.53;A;66.01;A;1007.77;A;100;A;30;A;0;A;13;A;17;A;12.61;A;8.69;A;6.78;A
27.08.2025 01:15;15.26;A;68.06;A;1007.71;A;98;A;28;A;0;A;13;A;15;A;11.73;A;8.83;A;6.47;A
27.08.2025 01:30;15.07;A;68.81;A;1007.6;A;96;A;28;A;0;A;13;A;15;A;11.21;A;8.5;A;6.08;A
27.08.2025 01:45;14.89;A;69.79;A;1007.65;A;99;A;25;A;0;A;11;A;14;A;11.58;A;8.97;A;6.45;A
27.08.2025 02:00;14.73;A;69.98;A;1007.72;A;107;A;26;A;0;A;13;A;12;A;12.19;A;8.78;A;6.54;A
27.08.2025 02:15;14.67;A;70.34;A;1007.88;A;126;A;26;A;0;A;17;A;9;A;12.26;A;8.73;A;6.41;A
27.08.2025 02:30;14.58;A;71.42;A;1007.88;A;141;A;28;A;0;A;23;A;5;A;15.64;A;10.64;A;7.84;A
27.08.2025 02:45;14.43;A;72.35;A;1007.98;A;150;A;27;A;0;A;22;A;5;A;17.06;A;12.2;A;8.68;A
27.08.2025 03:00;14.19;A;73.57;A;1008;A;143;A;25;A;0;A;20;A;5;A;19.43;A;13.1;A;9.61;A
27.08.2025 03:15;13.93;A;75.24;A;1007.85;A;132;A;24;A;0;A;18;A;6;A;20.09;A;13.38;A;9.59;A
27.08.2025 03:30;13.73;A;76.72;A;1007.81;A;119;A;24;A;0;A;16;A;8;A;20.77;A;14.25;A;10.11;A
27.08.2025 03:45;13.57;A;77.76;A;1007.88;A;114;A;22;A;0;A;15;A;7;A;21.56;A;15.19;A;10.72;A
27.08.2025 04:00;13.25;A;78.68;A;1007.98;A;117;A;21;A;0;A;15;A;6;A;20.89;A;16.03;A;10.98;A
27.08.2025 04:15;13.14;A;79.58;A;1007.96;A;117;A;21;A;0;A;15;A;6;A;19.55;A;14.71;A;11.74;A
27.08.2025 04:30;13.1;A;80.35;A;1008.02;A;164;A;20;A;1;A;15;A;4;A;18.36;A;13.21;A;12.37;A
27.08.2025 04:45;13.12;A;81.63;A;1008.08;A;136;A;21;A;1;A;16;A;5;A;20.06;A;14.45;A;13.56;A
27.08.2025 05:00;13.05;A;82.13;A;1008.07;A;102;A;19;A;1;A;12;A;8;A;20.27;A;14.6;A;13.71;A
27.08.2025 05:15;12.86;A;82.41;A;1007.98;A;91;A;19;A;0;A;12;A;7;A;18.22;A;13.1;A;12.27;A
27.08.2025 05:30;12.85;A;83.13;A;1008.09;A;97;A;19;A;1;A;12;A;7;A;17.86;A;12.84;A;12.02;A
27.08.2025 05:45;12.76;A;82.77;A;1008;A;93;A;17;A;1;A;10;A;7;A;18.9;A;13.6;A;12.74;A
27.08.2025 06:00;12.63;A;83.8;A;1008.05;A;94;A;19;A;1;A;12;A;7;A;18.5;A;13.31;A;12.47;A
27.08.2025 06:15;12.69;A;84.01;A;1008.16;A;113;A;18;A;1;A;12;A;6;A;18.68;A;13.44;A;12.59;A
27.08.2025 06:30;12.93;A;83.89;A;1008.24;A;119;A;19;A;1;A;12;A;7;A;19.72;A;14.2;A;13.32;A
27.08.2025 06:45;13.11;A;83.45;A;1008.38;A;168;A;18;A;1;A;12;A;6;A;19.53;A;14.06;A;13.19;A
27.08.2025 07:00;13.49;A;82.87;A;1008.5;A;207;A;17;A;1;A;12;A;6;A;19.66;A;14.15;A;13.28;A
27.08.2025 07:15;14.31;A;80.69;A;1008.56;A;422;A;20;A;1;A;15;A;5;A;20.28;A;14.61;A;13.71;A
27.08.2025 07:30;14.95;A;79.61;A;1008.8;A;569;A;24;A;1;A;19;A;5;A;21.86;A;15.76;A;14.81;A
27.08.2025 07:45;15.6;A;77.99;A;1008.94;A;613;A;26;A;1;A;21;A;4;A;26.85;A;19.47;A;16.72;A
27.08.2025 08:00;16.37;A;74.71;A;1008.97;A;968;A;31;A;0;A;26;A;4;A;29.77;A;19.81;A;17.18;A
27.08.2025 08:15;17.1;A;68.64;A;1009.05;A;837;A;34;A;0;A;31;A;4;A;48.02;A;35.19;A;25.38;A
27.08.2025 08:30;17.98;A;61.51;A;1009.14;A;481;A;46;A;0;A;40;A;6;A;37.77;A;26.81;A;18.41;A
27.08.2025 08:45;18.96;A;56.52;A;1009.28;A;539;A;44;A;0;A;36;A;8;A;39.01;A;26.8;A;19.62;A
27.08.2025 09:00;21.15;A;49.79;A;1009.19;A;544;A;42;A;0;A;34;A;8;A;23.42;A;15.69;A;11.66;A
27.08.2025 09:15;23.45;A;44.37;A;1009.48;A;328;A;42;A;0;A;28;A;14;A;17.3;A;10.86;A;7.69;A
27.08.2025 09:30;24.76;A;42.97;A;1009.63;A;402;A;44;A;0;A;26;A;18;A;17.49;A;12.15;A;8.66;A
27.08.2025 09:45;25.16;A;38.98;A;1009.61;A;254;A;49;A;0;A;32;A;18;A;13.47;A;7.91;A;5.38;A
27.08.2025 10:00;25.03;A;39.03;A;1009.66;A;223;A;53;A;0;A;32;A;21;A;12.98;A;7.1;A;4.93;A
27.08.2025 10:15;25.07;A;37.02;A;1009.75;A;211;A;52;A;0;A;27;A;25;A;10.97;A;6.5;A;4.32;A
27.08.2025 10:30;25.27;A;36.06;A;1009.71;A;195;A;52;A;0;A;20;A;32;A;9.08;A;5.89;A;4.34;A
27.08.2025 10:45;25.44;A;33.18;A;1009.59;A;148;A;59;A;0;A;14;A;44;A;6.43;A;3.84;A;2.43;A
27.08.2025 11:00;25.39;A;32.74;A;1009.49;A;172;A;61;A;0;A;17;A;44;A;6.49;A;3.27;A;2.11;A
27.08.2025 11:15;25.37;A;32.97;A;1009.39;A;158;A;60;A;0;A;15;A;45;A;5.45;A;3.18;A;2.3;A
27.08.2025 11:30;25.5;A;32.89;A;1009.35;A;148;A;61;A;0;A;17;A;44;A;5.31;A;3.16;A;2.01;A
27.08.2025 11:45;25.69;A;31.28;A;1009.27;A;139;A;59;A;0;A;15;A;44;A;5.91;A;3.73;A;2.29;A
27.08.2025 12:00;26.07;A;31.54;A;1009.14;A;157;A;60;A;0;A;17;A;44;A;7.1;A;4.88;A;3.26;A
27.08.2025 12:15;26.3;A;30.86;A;1008.95;A;128;A;60;A;0;A;14;A;46;A;6.14;A;3.41;A;1.97;A
27.08.2025 12:30;26.57;A;29.78;A;1008.83;A;135;A;62;A;0;A;18;A;43;A;11.16;A;5.15;A;2.95;A
27.08.2025 12:45;26.92;A;29.14;A;1008.81;A;145;A;61;A;0;A;17;A;45;A;7.38;A;3.57;A;2.22;A
27.08.2025 13:00;27.39;A;27.73;A;1008.69;A;124;A;63;A;0;A;16;A;46;A;6.02;A;2.9;A;2.03;A
27.08.2025 13:15;27.96;A;26.26;A;1008.62;A;169;A;63;A;0;A;17;A;47;A;7.23;A;4.52;A;3.13;A
27.08.2025 13:30;28.37;A;25.49;A;1008.6;A;129;A;64;A;0;A;15;A;49;A;5.84;A;2.87;A;1.86;A
27.08.2025 13:45;28.83;A;25.13;A;1008.61;A;140;A;64;A;0;A;15;A;49;A;5.18;A;2.72;A;1.67;A
27.08.2025 14:00;29.39;A;25.08;A;1008.61;A;131;A;65;A;0;A;14;A;51;A;4.81;A;2.62;A;1.69;A
27.08.2025 14:15;29.61;A;25.34;A;1008.25;A;147;A;64;A;0;A;15;A;49;A;4.17;A;2.49;A;1.69;A
27.08.2025 14:30;29.92;A;24.64;A;1008.21;A;146;A;64;A;0;A;14;A;50;A;5.42;A;2.3;A;1.55;A
27.08.2025 14:45;30.35;A;24.67;A;1007.94;A;134;A;65;A;0;A;14;A;51;A;5.13;A;2.6;A;1.65;A
27.08.2025 15:00;30.69;A;24.57;A;1007.82;A;142;A;66;A;0;A;15;A;51;A;4.61;A;2.55;A;1.61;A
27.08.2025 15:15;30.69;A;25.11;A;1007.71;A;191;A;67;A;0;A;18;A;49;A;4.36;A;2.79;A;1.8;A
27.08.2025 15:30;30.88;A;24.4;A;1007.72;A;144;A;65;A;0;A;15;A;50;A;5;A;2.89;A;1.85;A
27.08.2025 15:45;30.84;A;25.09;A;1007.68;A;140;A;65;A;0;A;15;A;51;A;5.06;A;2.67;A;1.77;A
27.08.2025 16:00;30.59;A;25.26;A;1007.58;A;148;A;65;A;0;A;16;A;49;A;5.49;A;2.87;A;1.94;A
27.08.2025 16:15;30.21;A;25.83;A;1007.65;A;152;A;65;A;0;A;17;A;48;A;5.6;A;3.17;A;2.14;A
27.08.2025 16:30;30.34;A;26.16;A;1007.58;A;160;A;64;A;0;A;17;A;47;A;5.18;A;2.75;A;1.77;A
27.08.2025 16:45;30.74;A;25.63;A;1007.59;A;167;A;63;A;0;A;14;A;48;A;5.14;A;2.97;A;1.89;A
27.08.2025 17:00;30.73;A;25.49;A;1007.47;A;196;A;66;A;0;A;16;A;50;A;5.51;A;3.26;A;1.98;A
27.08.2025 17:15;30.02;A;26.31;A;1007.49;A;168;A;66;A;0;A;17;A;49;A;5.12;A;2.86;A;1.91;A
27.08.2025 17:30;29.88;A;26.46;A;1007.54;A;153;A;64;A;0;A;15;A;50;A;5.96;A;3.21;A;2.26;A
27.08.2025 17:45;29.58;A;26.85;A;1007.66;A;122;A;65;A;0;A;14;A;51;A;4.78;A;2.88;A;1.88;A
27.08.2025 18:00;28.78;A;28.28;A;1007.73;A;159;A;65;A;0;A;19;A;46;A;7.57;A;3.41;A;2.11;A
27.08.2025 18:15;28.43;A;28.3;A;1007.67;A;171;A;63;A;0;A;16;A;47;A;7.18;A;3.66;A;2.49;A
27.08.2025 18:30;28.24;A;28.26;A;1007.67;A;122;A;64;A;0;A;17;A;48;A;5.88;A;2.86;A;1.91;A
27.08.2025 18:45;27.86;A;29.27;A;1007.73;A;160;A;64;A;0;A;18;A;46;A;5.87;A;3.16;A;2.32;A
27.08.2025 19:00;27.45;A;29.79;A;1007.96;A;159;A;62;A;0;A;16;A;46;A;6.12;A;3.47;A;2.18;A
27.08.2025 19:15;26.98;A;31.18;A;1007.97;A;175;A;61;A;0;A;18;A;44;A;6.36;A;3.36;A;2.29;A
27.08.2025 19:30;26.55;A;31.91;A;1008.05;A;142;A;61;A;0;A;18;A;42;A;6.52;A;3.78;A;2.65;A
27.08.2025 19:45;26.21;A;32.26;A;1007.97;A;151;A;59;A;0;A;19;A;40;A;7.95;A;4.49;A;3.02;A
27.08.2025 20:00;25.83;A;33.56;A;1008.11;A;150;A;58;A;0;A;21;A;37;A;9.17;A;4.96;A;3.24;A
27.08.2025 20:15;25.51;A;34.17;A;1008.37;A;114;A;57;A;0;A;18;A;40;A;8.32;A;3.98;A;2.83;A
27.08.2025 20:30;25.19;A;35.18;A;1008.48;A;116;A;58;A;0;A;18;A;40;A;6.27;A;3.9;A;2.54;A
27.08.2025 20:45;24.95;A;36.54;A;1008.55;A;106;A;59;A;0;A;19;A;39;A;6.34;A;3.69;A;2.52;A
27.08.2025 21:00;24.71;A;37.54;A;1008.68;A;113;A;58;A;0;A;20;A;37;A;7.31;A;3.93;A;2.62;A
27.08.2025 21:15;24.46;A;38.44;A;1008.77;A;109;A;58;A;0;A;20;A;38;A;7.25;A;4.13;A;2.65;A
27.08.2025 21:30;24.29;A;38.91;A;1008.87;A;110;A;58;A;0;A;19;A;39;A;6.31;A;3.75;A;2.53;A
27.08.2025 21:45;23.96;A;40.54;A;1009.09;A;102;A;55;A;0;A;21;A;34;A;7.32;A;4.13;A;2.78;A
27.08.2025 22:00;23.55;A;42.68;A;1009.03;A;105;A;53;A;0;A;21;A;32;A;6.67;A;4.14;A;2.87;A
27.08.2025 22:15;23.08;A;44.94;A;1009.12;A;128;A;50;A;0;A;20;A;30;A;5.77;A;3.84;A;2.62;A
27.08.2025 22:30;22.67;A;46.81;A;1009.23;A;106;A;48;A;0;A;20;A;28;A;6.5;A;4.17;A;2.9;A
27.08.2025 22:45;22.33;A;47.53;A;1009.47;A;90;A;47;A;0;A;15;A;32;A;6.69;A;4.19;A;2.9;A
27.08.2025 23:00;21.84;A;49.78;A;1009.48;A;92;A;46;A;0;A;16;A;30;A;6.57;A;4.09;A;2.91;A
27.08.2025 23:15;21.49;A;51.89;A;1009.54;A;111;A;46;A;0;A;17;A;29;A;8.04;A;4.53;A;3.03;A
27.08.2025 23:30;21.19;A;53.51;A;1009.53;A;91;A;44;A;0;A;17;A;27;A;6.91;A;3.95;A;2.95;A
27.08.2025 23:45;20.92;A;54.58;A;1009.68;A;89;A;40;A;0;A;14;A;26;A;7.18;A;4.57;A;3.05;A
28.08.2025 00:00;20.82;A;54.11;A;1009.91;A;84;A;42;A;0;A;14;A;28;A;7.25;A;4.29;A;2.88;A
28.08.2025 00:15;20.54;A;55.27;A;1010.09;A;86;A;41;A;0;A;14;A;27;A;6.59;A;4.16;A;2.69;A
28.08.2025 00:30;20.24;A;56.05;A;1010.3;A;74;A;41;A;0;A;13;A;28;A;7.02;A;3.99;A;2.8;A
28.08.2025 00:45;19.81;A;57.47;A;1010.21;A;68;A;41;A;0;A;13;A;28;A;5.28;A;3.35;A;2.44;A
28.08.2025 01:00;19.44;A;58.9;A;1010.24;A;68;A;41;A;0;A;14;A;27;A;5.38;A;3.92;A;2.66;A
28.08.2025 01:15;19.04;A;60.3;A;1010.11;A;69;A;36;A;0;A;12;A;24;A;5.86;A;3.74;A;2.54;A
28.08.2025 01:30;18.77;A;61.33;A;1010.04;A;66;A;35;A;0;A;13;A;22;A;5.89;A;3.64;A;2.62;A
28.08.2025 01:45;18.56;A;61.83;A;1010.07;A;66;A;34;A;0;A;12;A;22;A;7.02;A;3.78;A;2.63;A
28.08.2025 02:00;18.57;A;61.42;A;1009.92;A;63;A;38;A;0;A;14;A;24;A;5.3;A;3.55;A;2.55;A
28.08.2025 02:15;18.34;A;63.27;A;1009.85;A;60;A;36;A;0;A;13;A;23;A;5.54;A;3.77;A;2.57;A
28.08.2025 02:30;18.05;A;64.56;A;1009.98;A;61;A;36;A;0;A;13;A;23;A;5.09;A;3.6;A;2.39;A
28.08.2025 02:45;17.7;A;65.79;A;1010.01;A;65;A;34;A;0;A;12;A;22;A;5.43;A;3.71;A;2.47;A
28.08.2025 03:00;17.38;A;67.25;A;1010.05;A;67;A;33;A;0;A;12;A;21;A;5.39;A;3.6;A;2.49;A
28.08.2025 03:15;17.06;A;68.85;A;1010.05;A;67;A;31;A;0;A;11;A;19;A;5.67;A;3.67;A;2.53;A
28.08.2025 03:30;16.82;A;70.08;A;1010.12;A;68;A;29;A;0;A;11;A;18;A;6.1;A;3.85;A;2.69;A
28.08.2025 03:45;16.6;A;71.06;A;1010.08;A;68;A;29;A;0;A;11;A;18;A;6.15;A;4.05;A;2.75;A
28.08.2025 04:00;16.37;A;72.31;A;1010.14;A;70;A;27;A;0;A;14;A;13;A;8.07;A;4.33;A;3.16;A
28.08.2025 04:15;16.2;A;73.3;A;1010.11;A;71;A;26;A;0;A;16;A;10;A;7.68;A;4.93;A;3.37;A
28.08.2025 04:30;16.02;A;74.4;A;1010.07;A;72;A;24;A;0;A;11;A;13;A;6.81;A;4.53;A;3.26;A
28.08.2025 04:45;15.86;A;75;A;1010.12;A;76;A;24;A;0;A;10;A;14;A;7.28;A;4.34;A;3.27;A
28.08.2025 05:00;15.76;A;75.8;A;1010.28;A;82;A;24;A;0;A;11;A;13;A;7.27;A;4.6;A;3.39;A
28.08.2025 05:15;15.65;A;76.59;A;1010.45;A;86;A;22;A;0;A;11;A;12;A;8.99;A;5.11;A;3.6;A
28.08.2025 05:30;15.53;A;77.04;A;1010.63;A;165;A;23;A;0;A;16;A;7;A;10.99;A;6.93;A;5.05;A
28.08.2025 05:45;15.48;A;77.2;A;1010.6;A;149;A;24;A;0;A;18;A;6;A;25.72;A;18.64;A;12.68;A
28.08.2025 06:00;15.42;A;77.51;A;1010.66;A;223;A;24;A;0;A;21;A;3;A;46.13;A;31.66;A;22.08;A
28.08.2025 06:15;15.35;A;77.58;A;1010.7;A;313;A;26;A;0;A;23;A;3;A;62.21;A;42.39;A;29.51;A
28.08.2025 06:30;15.37;A;77.39;A;1010.89;A;517;A;27;A;0;A;26;A;2;A;70.03;A;49.86;A;36.95;A
28.08.2025 06:45;15.47;A;77.84;A;1011.09;A;572;A;27;A;0;A;26;A;1;A;57.2;A;41.66;A;39.56;A
28.08.2025 07:00;15.72;A;77.71;A;1011.14;A;739;A;28;A;0;A;27;A;1;A;60.78;A;44.28;A;42.06;A
28.08.2025 07:15;16.32;A;76.58;A;1011.22;A;771;A;29;A;1;A;28;A;1;A;55.76;A;40.6;A;38.55;A
28.08.2025 07:30;16.94;A;75.24;A;1011.17;A;838;A;29;A;1;A;27;A;2;A;60.89;A;41.74;A;34.27;A
28.08.2025 07:45;17.58;A;73.2;A;1011.29;A;971;A;33;A;0;A;31;A;1;A;59.5;A;40.02;A;31.6;A
28.08.2025 08:00;18.34;A;70.39;A;1011.39;A;962;A;43;A;0;A;43;A;1;A;57.16;A;32.03;A;22.49;A
28.08.2025 08:15;19.08;A;65.33;A;1011.37;A;958;A;43;A;0;A;40;A;3;A;56.3;A;34.66;A;23.38;A
28.08.2025 08:30;19.96;A;61.58;A;1011.62;A;1086;A;56;A;0;A;45;A;13;A;57.5;A;35.13;A;25.39;A
28.08.2025 08:45;20.91;A;59.02;A;1011.65;A;773;A;48;A;0;A;31;A;17;A;53.75;A;35.98;A;26.47;A
28.08.2025 09:00;23.02;A;53.64;A;1011.7;A;1864;A;50;A;0;A;38;A;13;A;83.72;A;60.61;A;46.8;A
28.08.2025 09:15;25.3;A;47.04;A;1011.95;A;1710;A;52;A;0;A;31;A;21;A;74.29;A;44.64;A;31.21;A
28.08.2025 09:30;26.72;A;43.58;A;1012;A;1104;A;52;A;0;A;27;A;25;A;36.39;A;26.13;A;19.95;A
28.08.2025 09:45;27.22;A;41.59;A;1012.11;A;1403;A;56;A;0;A;28;A;28;A;37.17;A;25.83;A;19.53;A
28.08.2025 10:00;27.13;A;39.6;A;1012.14;A;565;A;60;A;0;A;24;A;36;A;22.73;A;13.02;A;9.46;A
28.08.2025 10:15;27.41;A;38.7;A;1012.2;A;600;A;59;A;0;A;22;A;37;A;21.31;A;12.34;A;8.05;A
28.08.2025 10:30;27.74;A;36.67;A;1012.18;A;381;A;60;A;0;A;16;A;44;A;12.23;A;6.37;A;4.56;A
28.08.2025 10:45;27.99;A;34.17;A;1012.23;A;253;A;63;A;0;A;17;A;46;A;7.18;A;3.94;A;2.5;A
28.08.2025 11:00;27.87;A;33.01;A;1012.18;A;222;A;69;A;0;A;16;A;52;A;7.31;A;3.8;A;2.75;A
28.08.2025 11:15;27.71;A;31.57;A;1012.06;A;200;A;69;A;0;A;17;A;52;A;7.02;A;3.63;A;2.51;A
28.08.2025 11:30;27.82;A;32.03;A;1011.99;A;190;A;67;A;0;A;17;A;50;A;8.77;A;4.44;A;3.01;A
28.08.2025 11:45;28.02;A;29.88;A;1012.04;A;167;A;69;A;0;A;18;A;50;A;6.25;A;3.41;A;2.42;A
28.08.2025 12:00;28.22;A;28.39;A;1012;A;172;A;68;A;0;A;17;A;51;A;6.1;A;3.55;A;2.26;A
28.08.2025 12:15;28.49;A;28.73;A;1011.89;A;172;A;68;A;0;A;18;A;50;A;7.6;A;3.82;A;2.39;A
28.08.2025 12:30;28.79;A;27.79;A;1011.7;A;196;A;67;A;0;A;16;A;51;A;7.32;A;4.39;A;3.04;A
28.08.2025 12:45;29.12;A;27.25;A;1011.68;A;174;A;69;A;0;A;22;A;47;A;10.44;A;5.37;A;3.5;A
28.08.2025 13:00;29.55;A;26.13;A;1011.51;A;173;A;66;A;0;A;22;A;44;A;9.99;A;5.01;A;3.24;A
28.08.2025 13:15;30.03;A;24.57;A;1011.51;A;164;A;67;A;0;A;16;A;52;A;6.54;A;3.38;A;2.41;A
28.08.2025 13:30;30.44;A;24.43;A;1011.59;A;153;A;67;A;0;A;17;A;50;A;5.63;A;3.25;A;2.16;A
28.08.2025 13:45;30.97;A;23.57;A;1011.54;A;155;A;69;A;0;A;16;A;53;A;5.35;A;3.41;A;2.3;A
28.08.2025 14:00;31.74;A;23.31;A;1011.3;A;190;A;69;A;0;A;16;A;53;A;7.74;A;4.49;A;2.94;A
28.08.2025 14:15;32.41;A;23.24;A;1011.19;A;170;A;69;A;0;A;17;A;52;A;8.06;A;3.87;A;2.56;A
28.08.2025 14:30;32.79;A;21.98;A;1011.25;A;744;A;71;A;0;A;16;A;55;A;7.09;A;4.08;A;3.1;A
28.08.2025 14:45;33.17;A;21.89;A;1011.04;A;177;A;69;A;0;A;14;A;56;A;6.31;A;3.46;A;2.34;A
28.08.2025 15:00;33.62;A;21.88;A;1011.01;A;175;A;69;A;0;A;14;A;55;A;6.64;A;4.22;A;2.93;A
28.08.2025 15:15;34.09;A;20.99;A;1011;A;300;A;70;A;0;A;14;A;55;A;10.57;A;6.67;A;4.55;A
28.08.2025 15:30;34.32;A;20.67;A;1010.88;A;368;A;69;A;0;A;13;A;55;A;11.32;A;7.45;A;5.32;A
28.08.2025 15:45;34.36;A;20.03;A;1010.9;A;410;A;70;A;0;A;14;A;56;A;13.21;A;7.17;A;5.17;A
28.08.2025 16:00;34.39;A;19.98;A;1010.72;A;309;A;70;A;0;A;14;A;56;A;10.31;A;6.86;A;4.85;A
28.08.2025 16:15;34.61;A;20.41;A;1010.71;A;205;A;68;A;0;A;14;A;55;A;9.87;A;5.63;A;4.16;A
28.08.2025 16:30;34.66;A;20.43;A;1010.52;A;338;A;67;A;0;A;14;A;54;A;9.73;A;5.79;A;4.23;A
28.08.2025 16:45;34.82;A;19.93;A;1010.49;A;300;A;65;A;0;A;13;A;53;A;8.05;A;5.22;A;3.78;A
28.08.2025 17:00;34.62;A;20.26;A;1010.48;A;160;A;67;A;0;A;12;A;55;A;6.76;A;3.42;A;2.38;A
28.08.2025 17:15;33.7;A;20.94;A;1010.42;A;215;A;67;A;0;A;15;A;52;A;5.88;A;3.64;A;2.42;A
28.08.2025 17:30;33.25;A;21.68;A;1010.27;A;175;A;64;A;0;A;12;A;53;A;5.94;A;3.49;A;2.47;A
28.08.2025 17:45;32.64;A;21.95;A;1010.27;A;180;A;66;A;0;A;14;A;52;A;6.23;A;3.63;A;2.58;A
28.08.2025 18:00;31.84;A;22.93;A;1010.13;A;234;A;62;A;0;A;16;A;46;A;6.28;A;3.63;A;2.42;A
28.08.2025 18:15;31.04;A;27.39;A;1010.1;A;269;A;57;A;0;A;21;A;36;A;8.6;A;4.47;A;2.84;A
28.08.2025 18:30;30.37;A;27.76;A;1010.17;A;263;A;54;A;0;A;24;A;29;A;6.93;A;4.12;A;2.81;A
28.08.2025 18:45;29.77;A;29.35;A;1010.27;A;320;A;52;A;0;A;22;A;30;A;7.19;A;4.32;A;3.01;A
28.08.2025 19:00;29.03;A;32.25;A;1010.18;A;329;A;49;A;0;A;22;A;26;A;8.11;A;4.55;A;3.01;A
28.08.2025 19:15;28.1;A;33.7;A;1010.19;A;273;A;47;A;0;A;19;A;28;A;7.73;A;4.7;A;3.15;A
28.08.2025 19:30;27.19;A;35.3;A;1010.11;A;293;A;48;A;0;A;23;A;26;A;9.54;A;4.97;A;3.43;A
28.08.2025 19:45;26.25;A;37.57;A;1009.99;A;302;A;46;A;0;A;28;A;18;A;11.27;A;6.52;A;4.86;A
28.08.2025 20:00;25.37;A;39.75;A;1010.02;A;343;A;45;A;0;A;31;A;14;A;13.52;A;7.63;A;5.24;A
28.08.2025 20:15;24.62;A;41.44;A;1010.27;A;379;A;44;A;0;A;34;A;10;A;12.57;A;6.88;A;4.69;A
28.08.2025 20:30;23.95;A;43.71;A;1010.32;A;410;A;41;A;0;A;38;A;3;A;14.43;A;8.07;A;5.56;A
28.08.2025 20:45;23.31;A;46.59;A;1010.5;A;546;A;39;A;0;A;41;A;0;A;14.59;A;8.79;A;6.29;A
28.08.2025 21:00;22.91;A;47.71;A;1010.65;A;836;A;40;A;0;A;43;A;0;A;22.66;A;13.48;A;9.36;A
28.08.2025 21:15;22.48;A;49.7;A;1010.79;A;943;A;40;A;0;A;44;A;0;A;23.2;A;15.31;A;10.59;A
28.08.2025 21:30;22.16;A;49.82;A;1010.83;A;904;A;41;A;0;A;44;A;0;A;24.79;A;14.89;A;10.45;A
28.08.2025 21:45;21.84;A;51.39;A;1010.67;A;921;A;41;A;0;A;45;A;0;A;22.8;A;15.04;A;10.62;A
28.08.2025 22:00;21.52;A;53.5;A;1010.53;A;1180;A;39;A;0;A;42;A;0;A;29.07;A;16.46;A;11.5;A
28.08.2025 22:15;21.24;A;54.36;A;1010.61;A;1153;A;38;A;0;A;41;A;0;A;26.11;A;17;A;11.92;A
28.08.2025 22:30;20.98;A;55.14;A;1010.7;A;1168;A;38;A;0;A;41;A;0;A;27.18;A;17.34;A;11.78;A
28.08.2025 22:45;20.74;A;56.17;A;1010.79;A;1196;A;38;A;0;A;40;A;0;A;30;A;17.68;A;12.21;A
28.08.2025 23:00;20.59;A;55.96;A;1010.92;A;1201;A;37;A;0;A;39;A;0;A;28.04;A;16.9;A;11.43;A
28.08.2025 23:15;20.4;A;56.39;A;1010.99;A;1127;A;37;A;0;A;39;A;0;A;28.46;A;16.14;A;11.86;A
28.08.2025 23:30;20.21;A;55.89;A;1010.95;A;874;A;39;A;0;A;42;A;0;A;24.09;A;14.55;A;10.52;A
28.08.2025 23:45;20.04;A;55.34;A;1010.97;A;673;A;38;A;0;A;39;A;1;A;19.28;A;12.58;A;9.41;A
29.08.2025 00:00;19.99;A;54.16;A;1010.97;A;498;A;38;A;0;A;31;A;7;A;21.21;A;13.59;A;9.67;A
29.08.2025 00:15;20.01;A;53.5;A;1010.88;A;512;A;39;A;0;A;30;A;8;A;28.8;A;16.77;A;12.28;A
29.08.2025 00:30;20.07;A;53.17;A;1010.82;A;831;A;39;A;0;A;34;A;5;A;37.02;A;22.05;A;16.06;A
29.08.2025 00:45;20;A;52.41;A;1010.9;A;913;A;39;A;0;A;32;A;7;A;35.87;A;22.83;A;16.43;A
29.08.2025 01:00;19.85;A;53.59;A;1010.8;A;758;A;38;A;0;A;30;A;8;A;36.88;A;21.35;A;15.29;A
29.08.2025 01:15;19.64;A;54.84;A;1010.81;A;623;A;36;A;0;A;28;A;8;A;31.92;A;20.52;A;14.13;A
29.08.2025 01:30;19.38;A;55.55;A;1010.84;A;553;A;33;A;0;A;25;A;8;A;33.26;A;20.71;A;14.54;A
29.08.2025 01:45;19.13;A;56.18;A;1010.74;A;550;A;33;A;0;A;23;A;10;A;33.47;A;21.33;A;15.17;A
29.08.2025 02:00;18.87;A;56.87;A;1010.67;A;615;A;32;A;0;A;22;A;11;A;34.15;A;22.34;A;16.59;A
29.08.2025 02:15;18.64;A;57.68;A;1010.54;A;691;A;32;A;0;A;21;A;11;A;36.81;A;24.7;A;18.24;A
29.08.2025 02:30;18.37;A;59.4;A;1010.63;A;751;A;31;A;0;A;22;A;9;A;37.18;A;25.64;A;19.1;A
29.08.2025 02:45;18.13;A;60.85;A;1010.64;A;723;A;29;A;0;A;21;A;8;A;35.81;A;24.74;A;18.52;A
29.08.2025 03:00;17.91;A;61.39;A;1010.7;A;709;A;28;A;0;A;21;A;7;A;37.18;A;24.96;A;18.69;A
29.08.2025 03:15;17.74;A;62;A;1010.86;A;698;A;29;A;0;A;23;A;6;A;40.53;A;26.38;A;19.16;A
29.08.2025 03:30;17.64;A;62.59;A;1010.97;A;645;A;29;A;0;A;23;A;6;A;39.23;A;25.54;A;18.49;A
29.08.2025 03:45;17.54;A;63.22;A;1010.83;A;597;A;27;A;0;A;21;A;6;A;34.83;A;22.68;A;16.58;A
29.08.2025 04:00;17.48;A;61.75;A;1010.8;A;455;A;29;A;0;A;19;A;11;A;27.85;A;18.45;A;13.12;A
29.08.2025 04:15;17.36;A;61.59;A;1010.78;A;378;A;31;A;0;A;18;A;13;A;22.17;A;16.26;A;11.67;A
29.08.2025 04:30;17.17;A;61.8;A;1010.82;A;324;A;31;A;0;A;16;A;14;A;20.4;A;14.08;A;10.38;A
29.08.2025 04:45;17.02;A;61.96;A;1010.88;A;271;A;31;A;0;A;16;A;15;A;19.29;A;12.84;A;9.41;A
29.08.2025 05:00;16.96;A;62.75;A;1010.95;A;251;A;28;A;0;A;16;A;12;A;18.21;A;12.67;A;9.16;A
29.08.2025 05:15;17;A;60.68;A;1010.94;A;193;A;30;A;0;A;15;A;16;A;17.64;A;10.89;A;7.84;A
29.08.2025 05:30;16.82;A;60.8;A;1010.88;A;173;A;32;A;0;A;15;A;16;A;18.85;A;10.53;A;8.03;A
29.08.2025 05:45;16.67;A;60.93;A;1010.81;A;168;A;32;A;0;A;15;A;17;A;16.26;A;9.89;A;7.29;A
29.08.2025 06:00;16.62;A;61.79;A;1010.89;A;181;A;31;A;0;A;16;A;15;A;16.09;A;9.23;A;6.78;A
29.08.2025 06:15;16.6;A;61.3;A;1010.9;A;217;A;31;A;0;A;19;A;12;A;15.51;A;9.95;A;7.28;A
29.08.2025 06:30;16.61;A;60.61;A;1010.99;A;207;A;33;A;0;A;22;A;11;A;15.04;A;8.69;A;6.67;A
29.08.2025 06:45;16.68;A;60.83;A;1011.1;A;205;A;34;A;0;A;22;A;12;A;13.76;A;8.36;A;6.21;A
29.08.2025 07:00;16.82;A;62.18;A;1011.23;A;206;A;33;A;0;A;22;A;11;A;13.95;A;8.68;A;6.31;A
29.08.2025 07:15;17.39;A;63.09;A;1011.45;A;317;A;30;A;0;A;26;A;5;A;17.52;A;10.75;A;7.41;A
29.08.2025 07:30;18;A;62.38;A;1011.42;A;462;A;30;A;0;A;27;A;3;A;18.75;A;11.29;A;7.98;A
29.08.2025 07:45;18.72;A;62.26;A;1011.47;A;511;A;32;A;0;A;29;A;3;A;23.48;A;12.7;A;8.87;A
29.08.2025 08:00;19.55;A;56.89;A;1011.54;A;657;A;34;A;0;A;33;A;3;A;23.28;A;13.2;A;9.45;A
29.08.2025 08:15;20.39;A;51.7;A;1011.57;A;564;A;44;A;0;A;42;A;4;A;27.04;A;13.68;A;9.31;A
29.08.2025 08:30;21.29;A;48.62;A;1011.38;A;453;A;49;A;0;A;46;A;5;A;17.19;A;9.88;A;6.89;A
29.08.2025 08:45;22.48;A;46.67;A;1011.32;A;540;A;46;A;0;A;39;A;8;A;17.41;A;9.61;A;6.75;A
29.08.2025 09:00;25.16;A;39.37;A;1011.6;A;479;A;52;A;0;A;34;A;18;A;15.65;A;8.51;A;5.79;A
29.08.2025 09:15;27.77;A;33.93;A;1011.48;A;346;A;57;A;0;A;26;A;32;A;12.54;A;7.28;A;5.4;A
29.08.2025 09:30;29.18;A;28.52;A;1011.52;A;339;A;65;A;0;A;22;A;43;A;10.53;A;6.13;A;4.2;A
29.08.2025 09:45;29.43;A;26.93;A;1011.49;A;318;A;67;A;0;A;25;A;42;A;13.02;A;6.55;A;4.32;A
29.08.2025 10:00;29.51;A;27.84;A;1011.38;A;320;A;65;A;0;A;26;A;39;A;10.75;A;5.44;A;3.71;A
29.08.2025 10:15;30.01;A;26.13;A;1011.38;A;305;A;63;A;0;A;21;A;42;A;9.77;A;5.74;A;3.85;A
29.08.2025 10:30;30.3;A;25.53;A;1011.4;A;280;A;65;A;0;A;22;A;44;A;9;A;4.93;A;3.43;A
29.08.2025 10:45;30.6;A;24.88;A;1011.31;A;247;A;69;A;0;A;19;A;50;A;8.37;A;4.28;A;3.01;A
29.08.2025 11:00;30.57;A;24.73;A;1011.13;A;269;A;71;A;0;A;19;A;53;A;8.93;A;5;A;3.47;A
29.08.2025 11:15;30.5;A;24.58;A;1011.06;A;235;A;72;A;0;A;16;A;56;A;9.07;A;5.09;A;3.39;A
29.08.2025 11:30;30.61;A;24.97;A;1010.93;A;231;A;73;A;0;A;18;A;55;A;8.83;A;5.81;A;3.85;A
29.08.2025 11:45;30.81;A;24.67;A;1010.73;A;236;A;74;A;0;A;20;A;54;A;9.87;A;5.8;A;3.98;A
29.08.2025 12:00;31.04;A;24.69;A;1010.57;A;227;A;72;A;0;A;17;A;55;A;10.35;A;5.56;A;3.89;A
29.08.2025 12:15;31.26;A;24.76;A;1010.34;A;215;A;74;A;0;A;17;A;57;A;10.05;A;5.68;A;3.95;A
29.08.2025 12:30;31.33;A;24.09;A;1010.29;A;219;A;75;A;0;A;19;A;56;A;9.74;A;5.24;A;3.62;A
29.08.2025 12:45;31.45;A;23.65;A;1010.09;A;210;A;74;A;0;A;18;A;55;A;7.89;A;5.12;A;3.67;A
29.08.2025 13:00;31.82;A;22.68;A;1009.88;A;225;A;72;A;0;A;16;A;56;A;8.68;A;5.12;A;3.67;A
29.08.2025 13:15;32.18;A;22.7;A;1009.83;A;209;A;73;A;0;A;17;A;56;A;12.87;A;8.77;A;6.15;A
29.08.2025 13:30;32.39;A;21.82;A;1009.78;A;204;A;73;A;0;A;17;A;56;A;10.48;A;6.12;A;4.47;A
29.08.2025 13:45;32.74;A;21.91;A;1009.67;A;212;A;73;A;0;A;18;A;55;A;8.43;A;5.25;A;3.75;A
29.08.2025 14:00;33.55;A;21.15;A;1009.53;A;194;A;74;A;0;A;15;A;59;A;9.08;A;6.31;A;4.85;A
29.08.2025 14:15;34.08;A;21.11;A;1009.41;A;215;A;73;A;0;A;15;A;58;A;8.37;A;5.3;A;3.62;A
29.08.2025 14:30;34.29;A;20.67;A;1009.19;A;234;A;73;A;0;A;15;A;58;A;11.27;A;6.19;A;4.38;A
29.08.2025 14:45;34.7;A;20.76;A;1009.09;A;328;A;72;A;0;A;17;A;55;A;14.88;A;8.8;A;6.37;A
29.08.2025 15:00;35.26;A;19.94;A;1008.94;A;245;A;72;A;0;A;15;A;57;A;10.93;A;5.98;A;4.42;A
29.08.2025 15:15;35.54;A;19.97;A;1008.73;A;256;A;73;A;0;A;16;A;57;A;11.46;A;6.62;A;4.68;A
29.08.2025 15:30;36.12;A;19.25;A;1008.52;A;272;A;70;A;0;A;14;A;56;A;10.01;A;5.92;A;3.99;A
29.08.2025 15:45;36.18;A;19.13;A;1008.32;A;225;A;72;A;0;A;13;A;59;A;7.1;A;5.09;A;3.58;A
29.08.2025 16:00;36.24;A;18.93;A;1008.18;A;235;A;70;A;0;A;12;A;58;A;8.46;A;4.99;A;3.41;A
29.08.2025 16:15;36.19;A;18.6;A;1007.93;A;217;A;72;A;0;A;12;A;60;A;8.62;A;5.36;A;3.69;A
29.08.2025 16:30;36.37;A;19.11;A;1007.73;A;267;A;69;A;0;A;13;A;56;A;13.89;A;8.82;A;6.49;A
29.08.2025 16:45;36.47;A;19.36;A;1007.65;A;252;A;69;A;0;A;13;A;56;A;11.32;A;7.18;A;5.06;A
29.08.2025 17:00;36.33;A;19.4;A;1007.55;A;341;A;70;A;0;A;15;A;56;A;14.51;A;9.62;A;6.94;A
29.08.2025 17:15;35.48;A;20.22;A;1007.43;A;257;A;72;A;0;A;14;A;58;A;10.73;A;6.58;A;4.82;A
29.08.2025 17:30;34.95;A;19.86;A;1007.34;A;232;A;71;A;0;A;13;A;57;A;10.26;A;6.41;A;4.46;A
29.08.2025 17:45;34.35;A;19.96;A;1007.36;A;224;A;70;A;0;A;15;A;55;A;10.26;A;6.31;A;4.48;A
29.08.2025 18:00;33.67;A;20.72;A;1007.18;A;226;A;68;A;0;A;19;A;49;A;12.9;A;7.5;A;4.95;A
29.08.2025 18:15;33.04;A;21.41;A;1007.01;A;240;A;67;A;0;A;23;A;44;A;14;A;7.94;A;5.55;A
29.08.2025 18:30;32.48;A;22.88;A;1006.89;A;208;A;65;A;0;A;19;A;47;A;11.29;A;6.93;A;4.94;A
29.08.2025 18:45;31.78;A;24.23;A;1006.76;A;283;A;59;A;0;A;21;A;38;A;11.23;A;7.35;A;5.21;A
29.08.2025 19:00;30.94;A;26.46;A;1006.77;A;230;A;56;A;0;A;19;A;37;A;12.92;A;7.73;A;5.74;A
29.08.2025 19:15;30.13;A;27.34;A;1006.82;A;221;A;54;A;0;A;16;A;37;A;12.09;A;7.51;A;5.57;A
29.08.2025 19:30;29.14;A;30.41;A;1006.92;A;284;A;52;A;0;A;21;A;30;A;12.06;A;7.89;A;5.61;A
29.08.2025 19:45;28.06;A;32.73;A;1006.97;A;335;A;49;A;0;A;28;A;22;A;15.01;A;8.81;A;6.38;A
29.08.2025 20:00;27.17;A;34.8;A;1007.15;A;381;A;48;A;0;A;32;A;17;A;14.24;A;9.04;A;7.08;A
29.08.2025 20:15;26.48;A;35.52;A;1007.16;A;423;A;47;A;0;A;31;A;16;A;14.92;A;10.39;A;7.81;A
29.08.2025 20:30;26.05;A;35.68;A;1007.17;A;345;A;45;A;0;A;25;A;20;A;15.99;A;11.46;A;8.79;A
29.08.2025 20:45;25.69;A;36.36;A;1007.11;A;324;A;46;A;0;A;30;A;15;A;19.04;A;12.14;A;9.19;A
29.08.2025 21:00;25.38;A;36.42;A;1007.11;A;317;A;43;A;0;A;25;A;19;A;19.93;A;13.29;A;10.13;A
29.08.2025 21:15;25.03;A;36.43;A;1007.24;A;308;A;45;A;0;A;24;A;20;A;21.24;A;13.53;A;10.33;A
29.08.2025 21:30;24.7;A;36.76;A;1007.22;A;301;A;44;A;0;A;26;A;19;A;19.38;A;13.25;A;10.12;A
29.08.2025 21:45;24.53;A;36.35;A;1007.09;A;294;A;43;A;0;A;23;A;20;A;20.32;A;12.7;A;9.93;A
29.08.2025 22:00;24.56;A;35.76;A;1007.04;A;245;A;46;A;0;A;22;A;24;A;17.43;A;12.03;A;9.19;A
29.08.2025 22:15;24.59;A;35.24;A;1007.08;A;195;A;46;A;0;A;22;A;24;A;14.84;A;9.76;A;7.53;A
29.08.2025 22:30;24.82;A;32.51;A;1007.08;A;165;A;52;A;0;A;20;A;32;A;13.03;A;8.58;A;6.66;A
29.08.2025 22:45;24.95;A;31.76;A;1007.09;A;195;A;53;A;0;A;19;A;34;A;15.18;A;9.84;A;7.21;A
29.08.2025 23:00;25.01;A;30.77;A;1006.98;A;165;A;55;A;0;A;18;A;37;A;15.67;A;10.51;A;7.58;A
29.08.2025 23:15;25.01;A;30.69;A;1006.91;A;164;A;57;A;0;A;18;A;39;A;14.85;A;10.31;A;7.9;A
29.08.2025 23:30;25.03;A;30.1;A;1006.89;A;157;A;58;A;0;A;17;A;41;A;15.77;A;11.38;A;8.41;A
29.08.2025 23:45;24.99;A;30.04;A;1006.66;A;151;A;59;A;0;A;18;A;42;A;15.33;A;10.54;A;7.85;A
30.08.2025 00:00;24.83;A;30.3;A;1006.6;A;158;A;59;A;0;A;18;A;41;A;15.65;A;10.97;A;8.08;A
30.08.2025 00:15;24.66;A;30.52;A;1006.59;A;226;A;58;A;0;A;18;A;40;A;15.76;A;11.41;A;8.64;A
30.08.2025 00:30;24.43;A;31.39;A;1006.43;A;240;A;58;A;0;A;17;A;40;A;16.21;A;11.51;A;8.83;A
30.08.2025 00:45;24.14;A;32.44;A;1006.42;A;239;A;57;A;0;A;17;A;39;A;15.53;A;12.02;A;9.16;A
30.08.2025 01:00;23.79;A;33.21;A;1006.46;A;218;A;55;A;0;A;18;A;37;A;16.42;A;11.42;A;8.89;A
30.08.2025 01:15;23.52;A;33.58;A;1006.41;A;196;A;54;A;0;A;16;A;38;A;16.04;A;11.19;A;9.01;A
30.08.2025 01:30;23.22;A;34.67;A;1006.49;A;191;A;53;A;0;A;17;A;36;A;16.56;A;11.92;A;9.08;A
30.08.2025 01:45;22.96;A;34.4;A;1006.35;A;196;A;53;A;0;A;17;A;36;A;16.04;A;11.82;A;9.43;A
30.08.2025 02:00;22.7;A;35.12;A;1006.2;A;197;A;51;A;0;A;17;A;34;A;17.71;A;12.17;A;9.68;A
30.08.2025 02:15;22.49;A;35.72;A;1006.1;A;186;A;50;A;0;A;17;A;33;A;18.33;A;13.11;A;9.74;A
30.08.2025 02:30;22.39;A;35.56;A;1006.1;A;178;A;50;A;0;A;17;A;33;A;17.71;A;12.8;A;9.82;A
30.08.2025 02:45;22.29;A;36.39;A;1005.96;A;176;A;49;A;0;A;17;A;32;A;18.19;A;12.3;A;9.73;A
30.08.2025 03:00;22.26;A;35.73;A;1006.01;A;173;A;48;A;0;A;16;A;33;A;17.99;A;12.85;A;9.59;A
30.08.2025 03:15;22.12;A;36.12;A;1006.02;A;175;A;48;A;0;A;17;A;31;A;16.27;A;12.11;A;9.23;A
30.08.2025 03:30;21.96;A;37.11;A;1006.02;A;174;A;48;A;0;A;17;A;31;A;16.92;A;11.57;A;9.06;A
30.08.2025 03:45;21.99;A;36.55;A;1005.96;A;170;A;49;A;0;A;16;A;33;A;15.79;A;11.6;A;8.74;A
30.08.2025 04:00;22.03;A;35.62;A;1005.84;A;173;A;49;A;0;A;17;A;33;A;15.86;A;11.16;A;8.66;A
30.08.2025 04:15;21.99;A;35.61;A;1005.86;A;168;A;49;A;0;A;17;A;32;A;14.71;A;10.93;A;8.37;A
30.08.2025 04:30;22.02;A;35.26;A;1005.77;A;161;A;49;A;0;A;16;A;33;A;15.53;A;10.28;A;7.89;A
30.08.2025 04:45;22.04;A;35.09;A;1005.73;A;150;A;49;A;0;A;16;A;33;A;13.84;A;9.72;A;7.61;A
30.08.2025 05:00;21.97;A;35.04;A;1005.59;A;146;A;48;A;0;A;16;A;32;A;15.7;A;10.09;A;7.31;A
30.08.2025 05:15;21.93;A;34.7;A;1005.54;A;144;A;48;A;0;A;16;A;31;A;14.17;A;9.79;A;7.33;A
30.08.2025 05:30;21.82;A;35.14;A;1005.61;A;148;A;47;A;0;A;17;A;30;A;15.67;A;10.17;A;7.53;A
30.08.2025 05:45;21.66;A;35.53;A;1005.63;A;154;A;45;A;0;A;16;A;29;A;16.87;A;10.65;A;7.78;A
30.08.2025 06:00;21.55;A;35.68;A;1005.61;A;157;A;45;A;0;A;16;A;30;A;15.74;A;10.17;A;7.6;A
30.08.2025 06:15;21.49;A;35.65;A;1005.67;A;164;A;45;A;0;A;17;A;28;A;14.71;A;10.67;A;7.97;A
30.08.2025 06:30;21.36;A;36.29;A;1005.65;A;186;A;43;A;0;A;16;A;27;A;19.69;A;11.92;A;8.65;A
30.08.2025 06:45;21.38;A;36.34;A;1005.61;A;191;A;43;A;0;A;16;A;27;A;18.11;A;11.34;A;8.77;A
30.08.2025 07:00;21.43;A;36.42;A;1005.72;A;194;A;42;A;0;A;16;A;26;A;18.64;A;12.45;A;8.73;A
30.08.2025 07:15;21.7;A;36.57;A;1005.77;A;204;A;42;A;0;A;17;A;26;A;17.39;A;10.95;A;8.39;A
30.08.2025 07:30;22.04;A;36.1;A;1005.74;A;196;A;43;A;0;A;17;A;26;A;18.27;A;11.81;A;8.7;A
30.08.2025 07:45;22.23;A;36.64;A;1005.84;A;231;A;42;A;0;A;17;A;25;A;18.32;A;11.19;A;8.37;A
30.08.2025 08:00;22.57;A;35.97;A;1005.86;A;194;A;44;A;0;A;17;A;27;A;16.26;A;10.28;A;7.62;A
30.08.2025 08:15;22.91;A;35.75;A;1005.75;A;213;A;45;A;0;A;16;A;28;A;16.92;A;11;A;8.01;A
30.08.2025 08:30;23.36;A;35.93;A;1005.56;A;225;A;45;A;0;A;17;A;28;A;17.62;A;10.9;A;8;A
30.08.2025 08:45;24.15;A;34.78;A;1005.52;A;249;A;44;A;0;A;17;A;28;A;16.77;A;10.68;A;7.93;A
30.08.2025 09:00;26.22;A;32.49;A;1005.71;A;241;A;46;A;0;A;15;A;30;A;17.02;A;10.34;A;7.64;A
30.08.2025 09:15;28.19;A;29.87;A;1005.6;A;259;A;49;A;0;A;16;A;33;A;17.07;A;9.98;A;7.45;A
30.08.2025 09:30;29.7;A;28.27;A;1005.47;A;277;A;51;A;0;A;15;A;36;A;16.37;A;9.68;A;6.7;A
30.08.2025 09:45;30.31;A;26.76;A;1005.43;A;285;A;53;A;0;A;16;A;37;A;13.53;A;8.35;A;6.4;A
30.08.2025 10:00;30.71;A;26.26;A;1005.38;A;253;A;57;A;0;A;14;A;42;A;12.54;A;6.62;A;5.16;A
30.08.2025 10:15;31.56;A;25.57;A;1005.25;A;251;A;57;A;0;A;14;A;43;A;11.71;A;6.76;A;4.88;A
30.08.2025 10:30;31.97;A;25.52;A;1005.04;A;223;A;58;A;0;A;12;A;46;A;10.32;A;5.58;A;4.17;A
30.08.2025 10:45;32.4;A;24.04;A;1004.87;A;199;A;60;A;0;A;12;A;48;A;8.98;A;5.11;A;3.57;A
30.08.2025 11:00;32.6;A;24.29;A;1004.69;A;188;A;65;A;0;A;13;A;52;A;9.63;A;4.94;A;3.29;A
30.08.2025 11:15;32.68;A;23.17;A;1004.59;A;170;A;66;A;0;A;13;A;53;A;9.45;A;4.67;A;3.32;A
30.08.2025 11:30;33;A;23.93;A;1004.44;A;171;A;64;A;0;A;13;A;51;A;8.55;A;4.08;A;2.91;A
30.08.2025 11:45;33.18;A;22.87;A;1004.32;A;172;A;65;A;0;A;13;A;52;A;8;A;4.27;A;2.98;A
30.08.2025 12:00;33.36;A;23.1;A;1004.16;A;175;A;66;A;0;A;14;A;52;A;9.03;A;4.3;A;3.01;A
30.08.2025 12:15;33.55;A;22.42;A;1003.94;A;173;A;66;A;0;A;12;A;54;A;9.48;A;4.43;A;2.98;A
30.08.2025 12:30;33.67;A;21.79;A;1003.62;A;158;A;65;A;0;A;11;A;54;A;8.41;A;4.5;A;2.96;A
30.08.2025 12:45;33.94;A;22.12;A;1003.57;A;178;A;64;A;0;A;11;A;53;A;9.44;A;4.58;A;2.97;A
30.08.2025 13:00;34.34;A;21.75;A;1003.4;A;192;A;63;A;0;A;12;A;50;A;11.82;A;5.57;A;3.51;A
30.08.2025 13:15;34.58;A;21.71;A;1003.28;A;168;A;64;A;0;A;11;A;53;A;9.62;A;4.97;A;3.4;A
30.08.2025 13:30;34.74;A;21.46;A;1003.21;A;195;A;64;A;0;A;11;A;53;A;12.02;A;5.34;A;3.56;A
30.08.2025 13:45;35.08;A;21.62;A;1003.26;A;225;A;63;A;0;A;13;A;50;A;11.32;A;5.44;A;4.1;A
30.08.2025 14:00;35.59;A;20.83;A;1003.01;A;191;A;65;A;0;A;10;A;55;A;11.15;A;6.63;A;4.62;A
30.08.2025 14:15;36.04;A;20.12;A;1002.76;A;196;A;66;A;0;A;9;A;57;A;12.89;A;6.12;A;4.32;A
30.08.2025 14:30;36.29;A;20.09;A;1002.7;A;199;A;66;A;0;A;10;A;56;A;12.06;A;5.91;A;4.13;A
30.08.2025 14:45;36.65;A;19.3;A;1002.69;A;197;A;63;A;0;A;9;A;54;A;11.24;A;5.75;A;4.07;A
30.08.2025 15:00;37.11;A;19.21;A;1002.45;A;200;A;64;A;0;A;10;A;53;A;12.93;A;6.1;A;4.24;A
30.08.2025 15:15;37.23;A;19.12;A;1002.22;A;217;A;65;A;0;A;8;A;57;A;17.57;A;7.36;A;5.06;A
30.08.2025 15:30;37.31;A;18.69;A;1002.14;A;254;A;65;A;0;A;8;A;57;A;15.73;A;8.08;A;5.75;A
30.08.2025 15:45;37.37;A;18.94;A;1001.93;A;210;A;63;A;0;A;8;A;55;A;13.55;A;7.5;A;5.35;A
30.08.2025 16:00;37.59;A;18.7;A;1001.78;A;205;A;63;A;0;A;9;A;54;A;13.13;A;6.72;A;4.88;A
30.08.2025 16:15;37.57;A;18.51;A;1001.61;A;205;A;63;A;0;A;7;A;56;A;14.48;A;7.44;A;5;A
30.08.2025 16:30;37.67;A;18.75;A;1001.43;A;217;A;61;A;0;A;9;A;52;A;13.66;A;6.77;A;4.76;A
30.08.2025 16:45;37.65;A;18.52;A;1001.59;A;193;A;61;A;0;A;7;A;54;A;13.47;A;7.09;A;4.53;A
30.08.2025 17:00;37.4;A;18.67;A;1001.52;A;201;A;61;A;0;A;7;A;54;A;13.75;A;6.63;A;4.59;A
30.08.2025 17:15;36.64;A;19.51;A;1001.33;A;199;A;60;A;0;A;7;A;54;A;15.39;A;7.54;A;4.91;A
30.08.2025 17:30;35.93;A;20.22;A;1001.55;A;229;A;56;A;0;A;11;A;45;A;19.88;A;9.5;A;6.08;A
30.08.2025 17:45;35.3;A;20.95;A;1001.29;A;227;A;53;A;0;A;11;A;42;A;21.06;A;9.29;A;5.99;A
30.08.2025 18:00;34.65;A;21.87;A;1001.46;A;189;A;56;A;0;A;8;A;48;A;21.35;A;9.59;A;6.26;A
30.08.2025 18:15;34.09;A;22.43;A;1001.29;A;189;A;56;A;0;A;8;A;48;A;21.22;A;10.2;A;6.84;A
30.08.2025 18:30;33.7;A;23.27;A;1001.2;A;190;A;55;A;0;A;9;A;47;A;18.93;A;10.04;A;6.49;A
30.08.2025 18:45;33.32;A;24;A;1001.21;A;179;A;54;A;0;A;8;A;46;A;16.52;A;8.98;A;6.18;A
30.08.2025 19:00;32.81;A;24.9;A;1001.14;A;204;A;51;A;0;A;12;A;39;A;17.65;A;9.45;A;6.64;A
30.08.2025 19:15;32.15;A;25.91;A;1001.2;A;251;A;50;A;0;A;17;A;33;A;18.54;A;10.08;A;6.89;A
30.08.2025 19:30;31.64;A;25.91;A;1001.34;A;251;A;50;A;0;A;11;A;38;A;19.04;A;11.11;A;8.23;A
30.08.2025 19:45;31.07;A;27.35;A;1001.33;A;279;A;50;A;0;A;12;A;38;A;21.58;A;12.16;A;8.91;A
30.08.2025 20:00;30.41;A;28.72;A;1001.34;A;374;A;47;A;0;A;17;A;30;A;22.77;A;13.46;A;10.08;A
30.08.2025 20:15;29.85;A;29.94;A;1001.5;A;344;A;45;A;0;A;14;A;30;A;22.54;A;14.85;A;11.02;A
30.08.2025 20:30;29.19;A;31.33;A;1001.52;A;333;A;41;A;0;A;13;A;28;A;22.87;A;14.46;A;10.62;A
30.08.2025 20:45;28.65;A;32.49;A;1001.5;A;351;A;41;A;0;A;15;A;26;A;23.75;A;15.39;A;11.17;A
30.08.2025 21:00;28.41;A;32.17;A;1001.51;A;332;A;41;A;0;A;14;A;27;A;21.32;A;14.04;A;10.19;A
30.08.2025 21:15;28.27;A;31.97;A;1001.4;A;257;A;41;A;0;A;12;A;29;A;20.13;A;11.79;A;8.59;A
30.08.2025 21:30;27.9;A;32.93;A;1001.26;A;216;A;40;A;0;A;12;A;28;A;17.66;A;10.29;A;7.49;A
30.08.2025 21:45;27.69;A;33.2;A;1001.12;A;207;A;38;A;0;A;11;A;27;A;16.74;A;9.31;A;6.75;A
30.08.2025 22:00;27.6;A;33.01;A;1001.04;A;184;A;42;A;0;A;13;A;29;A;14.48;A;8.65;A;6.19;A
30.08.2025 22:15;27.45;A;32.95;A;1000.99;A;169;A;44;A;0;A;13;A;31;A;14.85;A;8.48;A;5.88;A
30.08.2025 22:30;27.21;A;33.48;A;1000.85;A;165;A;44;A;0;A;12;A;32;A;13.28;A;7.58;A;5.24;A
30.08.2025 22:45;27;A;33.89;A;1000.97;A;137;A;44;A;0;A;11;A;33;A;12.61;A;7.07;A;5.18;A
30.08.2025 23:00;26.75;A;34.52;A;1000.86;A;143;A;42;A;0;A;12;A;30;A;13.09;A;7.6;A;5.33;A
30.08.2025 23:15;26.39;A;35.69;A;1000.83;A;145;A;40;A;0;A;11;A;29;A;14.12;A;7.47;A;5.42;A
30.08.2025 23:30;26.17;A;35.78;A;1000.78;A;150;A;41;A;0;A;13;A;28;A;14.68;A;8.58;A;5.81;A
30.08.2025 23:45;26;A;36.42;A;1000.74;A;139;A;39;A;0;A;11;A;28;A;14.59;A;8.5;A;6.05;A
31.08.2025 00:00;25.75;A;36.91;A;1000.52;A;140;A;40;A;0;A;11;A;28;A;12.54;A;7.86;A;5.92;A
31.08.2025 00:15;25.53;A;36.98;A;1000.33;A;136;A;40;A;0;A;10;A;29;A;15.42;A;8.91;A;6.37;A
31.08.2025 00:30;25.43;A;36.96;A;1000.22;A;130;A;41;A;0;A;11;A;30;A;14.97;A;8.59;A;6.31;A
31.08.2025 00:45;25.11;A;38.24;A;1000.21;A;135;A;40;A;0;A;11;A;29;A;12.62;A;9.09;A;6.8;A
31.08.2025 01:00;24.7;A;39.55;A;1000.26;A;136;A;38;A;0;A;11;A;27;A;13.69;A;9.53;A;6.61;A
31.08.2025 01:15;24.25;A;40.87;A;1000.35;A;138;A;36;A;0;A;10;A;26;A;14.54;A;8.91;A;6.91;A
31.08.2025 01:30;23.9;A;42.35;A;1000.23;A;145;A;36;A;0;A;11;A;24;A;15.52;A;10.36;A;7.3;A
31.08.2025 01:45;23.62;A;42.16;A;1000.18;A;133;A;35;A;0;A;10;A;25;A;15.07;A;9.67;A;7.31;A
31.08.2025 02:00;23.44;A;42.57;A;1000.18;A;134;A;35;A;0;A;10;A;24;A;14.5;A;9.84;A;7.09;A
31.08.2025 02:15;23.19;A;43.41;A;1000.01;A;134;A;35;A;0;A;10;A;24;A;14.94;A;9.41;A;7.06;A
31.08.2025 02:30;23.03;A;43.84;A;999.89;A;135;A;34;A;0;A;10;A;24;A;15.09;A;10.14;A;7.42;A
31.08.2025 02:45;22.88;A;43.54;A;999.85;A;137;A;35;A;0;A;10;A;25;A;16.37;A;10;A;7.57;A
31.08.2025 03:00;22.78;A;43.48;A;999.67;A;137;A;36;A;0;A;11;A;25;A;16.17;A;10.33;A;7.57;A
31.08.2025 03:15;22.56;A;44.78;A;999.66;A;139;A;34;A;0;A;10;A;24;A;13.71;A;9.6;A;7.37;A
31.08.2025 03:30;22.28;A;46.36;A;999.72;A;138;A;32;A;0;A;9;A;23;A;16.19;A;9.84;A;7.47;A
31.08.2025 03:45;22.11;A;46.1;A;999.67;A;139;A;32;A;0;A;9;A;23;A;16.63;A;10.47;A;7.6;A
31.08.2025 04:00;22.07;A;45.37;A;999.59;A;138;A;34;A;0;A;10;A;24;A;16.83;A;10.2;A;7.62;A
31.08.2025 04:15;21.85;A;46.95;A;999.6;A;142;A;33;A;0;A;10;A;23;A;18.2;A;11.03;A;7.86;A
31.08.2025 04:30;21.65;A;47.02;A;999.56;A;141;A;32;A;0;A;10;A;22;A;16.82;A;11.34;A;8.15;A
31.08.2025 04:45;21.38;A;48.48;A;999.67;A;144;A;31;A;0;A;10;A;21;A;17.02;A;9.95;A;7.95;A
31.08.2025 05:00;21.14;A;49.4;A;999.69;A;144;A;30;A;0;A;10;A;21;A;17.23;A;11.32;A;8.22;A
31.08.2025 05:15;21;A;49.68;A;999.67;A;146;A;30;A;0;A;9;A;21;A;17.37;A;11.86;A;8.75;A
31.08.2025 05:30;20.96;A;49.73;A;999.72;A;152;A;31;A;0;A;10;A;21;A;19.24;A;12.6;A;9.41;A
31.08.2025 05:45;20.8;A;50.97;A;999.62;A;162;A;30;A;0;A;10;A;20;A;21.57;A;13.58;A;9.88;A
31.08.2025 06:00;20.83;A;51.2;A;999.6;A;175;A;29;A;0;A;11;A;18;A;25.99;A;15.71;A;11.57;A
31.08.2025 06:15;20.92;A;51.72;A;999.74;A;188;A;31;A;0;A;13;A;18;A;44.3;A;24.68;A;17.47;A
31.08.2025 06:30;21.06;A;52.75;A;1000.04;A;201;A;32;A;0;A;17;A;15;A;58.77;A;31.57;A;22.16;A
31.08.2025 06:45;21.23;A;53.29;A;999.96;A;210;A;32;A;0;A;18;A;14;A;56.46;A;29.44;A;20.96;A
31.08.2025 07:00;21.37;A;53.39;A;999.96;A;237;A;33;A;0;A;19;A;13;A;53.43;A;29.18;A;21.21;A
31.08.2025 07:15;21.71;A;53.03;A;999.77;A;229;A;34;A;0;A;18;A;15;A;48.95;A;28.8;A;21.58;A
31.08.2025 07:30;22.01;A;52.57;A;999.8;A;221;A;33;A;0;A;17;A;17;A;42.65;A;26.89;A;20.73;A
31.08.2025 07:45;22.22;A;54.18;A;999.82;A;248;A;35;A;0;A;19;A;16;A;56.76;A;34.75;A;24.53;A
31.08.2025 08:00;22.48;A;55.28;A;999.67;A;287;A;37;A;0;A;20;A;17;A;63.84;A;38.32;A;26.93;A
31.08.2025 08:15;22.81;A;55.56;A;999.65;A;336;A;38;A;0;A;20;A;18;A;72.41;A;42.67;A;30.17;A
31.08.2025 08:30;23.31;A;55.77;A;999.81;A;488;A;42;A;0;A;23;A;20;A;71.33;A;44.98;A;32.17;A
31.08.2025 08:45;24.19;A;54.93;A;999.75;A;676;A;47;A;0;A;25;A;21;A;93.95;A;61.01;A;43.05;A
31.08.2025 09:00;26.18;A;51.28;A;999.68;A;721;A;46;A;0;A;25;A;21;A;94.06;A;65.55;A;46.88;A
31.08.2025 09:15;28.27;A;46.79;A;999.66;A;651;A;55;A;0;A;24;A;30;A;73.03;A;50.44;A;36.06;A
31.08.2025 09:30;29.36;A;45;A;999.84;A;553;A;60;A;0;A;25;A;34;A;67.02;A;46.6;A;33.3;A
31.08.2025 09:45;29.71;A;43.83;A;999.93;A;683;A;60;A;0;A;17;A;44;A;31.86;A;21.05;A;14.87;A
31.08.2025 10:00;29.86;A;42.57;A;999.83;A;668;A;63;A;0;A;19;A;45;A;37.4;A;25.37;A;18.53;A
31.08.2025 10:15;30.59;A;41.47;A;999.86;A;709;A;60;A;0;A;16;A;44;A;33.31;A;21.07;A;14.82;A
31.08.2025 10:30;30.89;A;40.04;A;999.87;A;550;A;63;A;0;A;17;A;45;A;32.99;A;21.78;A;15.69;A
31.08.2025 10:45;31.15;A;39.6;A;999.72;A;634;A;62;A;0;A;17;A;45;A;33.98;A;22.89;A;15.87;A
31.08.2025 11:00;31.37;A;37.49;A;999.67;A;677;A;62;A;0;A;13;A;49;A;27.47;A;17.19;A;12.28;A
31.08.2025 11:15;31.32;A;36.16;A;999.61;A;583;A;61;A;0;A;13;A;48;A;26.56;A;16.54;A;12.21;A
31.08.2025 11:30;31.49;A;35.99;A;999.47;A;1287;A;61;A;0;A;19;A;43;A;41.95;A;25.01;A;18.5;A
31.08.2025 11:45;31.61;A;34.97;A;999.33;A;1248;A;63;A;0;A;17;A;46;A;36.83;A;23.4;A;16.63;A
31.08.2025 12:00;31.85;A;34.99;A;999.3;A;1037;A;63;A;0;A;18;A;46;A;37.93;A;22.75;A;16.63;A
31.08.2025 12:15;31.98;A;34.04;A;999.21;A;296;A;64;A;0;A;13;A;52;A;18.68;A;9.11;A;6.53;A
31.08.2025 12:30;32.17;A;33.33;A;999.28;A;248;A;65;A;0;A;12;A;54;A;18.98;A;10.17;A;6.6;A
31.08.2025 12:45;32.37;A;32.06;A;999.3;A;257;A;63;A;0;A;11;A;53;A;19.52;A;10.3;A;7.15;A
31.08.2025 13:00;32.83;A;30.76;A;999.14;A;248;A;63;A;0;A;11;A;52;A;19.96;A;10.25;A;7.05;A
31.08.2025 13:15;33.24;A;28.4;A;999.29;A;208;A;64;A;0;A;11;A;53;A;18.45;A;8.58;A;6.02;A
31.08.2025 13:30;33.68;A;28.28;A;999.33;A;232;A;64;A;0;A;12;A;52;A;16.01;A;8.65;A;5.97;A
31.08.2025 13:45;34.31;A;27.28;A;999.03;A;254;A;63;A;0;A;10;A;53;A;18.79;A;9.12;A;6.72;A
31.08.2025 14:00;34.97;A;25.98;A;999.07;A;262;A;64;A;0;A;9;A;55;A;16.38;A;9.2;A;6.75;A
31.08.2025 14:15;35.35;A;25.93;A;999.08;A;301;A;66;A;0;A;10;A;56;A;19.07;A;9.31;A;6.33;A
31.08.2025 14:30;35.65;A;25.29;A;998.8;A;271;A;64;A;0;A;10;A;55;A;16.47;A;8.91;A;6.15;A
31.08.2025 14:45;36.01;A;24.75;A;998.69;A;237;A;65;A;0;A;10;A;56;A;15.43;A;8.09;A;5.6;A
31.08.2025 15:00;36.64;A;24.38;A;998.65;A;254;A;65;A;0;A;8;A;57;A;15.18;A;8.69;A;6.01;A
31.08.2025 15:15;37.01;A;23.23;A;998.68;A;264;A;66;A;0;A;8;A;58;A;14.73;A;8.39;A;5.85;A
31.08.2025 15:30;37.32;A;22.89;A;998.49;A;252;A;67;A;0;A;9;A;58;A;15.13;A;8.06;A;5.42;A
31.08.2025 15:45;37.74;A;22.26;A;998.43;A;236;A;66;A;0;A;9;A;57;A;14.72;A;7.5;A;5.29;A
31.08.2025 16:00;37.74;A;22.02;A;998.38;A;245;A;66;A;0;A;9;A;57;A;15;A;7.89;A;5.15;A
31.08.2025 16:15;37.88;A;22.07;A;998.36;A;249;A;66;A;0;A;8;A;58;A;13.85;A;7.92;A;5.58;A
31.08.2025 16:30;37.89;A;22.28;A;998.34;A;285;A;66;A;0;A;8;A;58;A;18.66;A;11.59;A;8.03;A
31.08.2025 16:45;37.83;A;22.43;A;998.19;A;293;A;65;A;0;A;8;A;58;A;16.14;A;9.53;A;6.93;A
31.08.2025 17:00;37.73;A;22.93;A;998.11;A;316;A;64;A;0;A;8;A;57;A;16.87;A;9.99;A;7.22;A
31.08.2025 17:15;37.08;A;23.21;A;998.07;A;306;A;67;A;0;A;9;A;59;A;17.43;A;9.86;A;6.98;A
31.08.2025 17:30;36.36;A;23.25;A;998.07;A;268;A;66;A;0;A;9;A;58;A;15.82;A;9.04;A;6.58;A
31.08.2025 17:45;35.76;A;23.39;A;997.94;A;238;A;66;A;0;A;9;A;57;A;14.61;A;8.1;A;5.69;A
31.08.2025 18:00;35.2;A;24.41;A;997.79;A;238;A;64;A;0;A;10;A;54;A;14.74;A;8.56;A;5.91;A
31.08.2025 18:15;34.75;A;24.87;A;998;A;228;A;63;A;0;A;9;A;54;A;16.08;A;8.46;A;6.04;A
31.08.2025 18:30;34.35;A;25.56;A;997.83;A;220;A;62;A;0;A;9;A;53;A;14.67;A;8.76;A;6.11;A
31.08.2025 18:45;33.8;A;28.36;A;997.56;A;227;A;57;A;0;A;12;A;45;A;13.89;A;7.73;A;5.58;A
31.08.2025 19:00;32.95;A;30.31;A;997.72;A;260;A;51;A;0;A;12;A;39;A;14.41;A;7.8;A;5.55;A
31.08.2025 19:15;31.98;A;33.32;A;997.58;A;287;A;48;A;0;A;16;A;31;A;16.98;A;9.51;A;6.55;A
31.08.2025 19:30;30.98;A;35.22;A;997.47;A;343;A;47;A;0;A;17;A;30;A;15.86;A;9.1;A;6.42;A
31.08.2025 19:45;30;A;37.28;A;997.61;A;337;A;44;A;0;A;16;A;28;A;15.73;A;9.13;A;6.46;A
31.08.2025 20:00;29.18;A;38.98;A;997.52;A;342;A;42;A;0;A;18;A;24;A;14.74;A;9.05;A;6.31;A
31.08.2025 20:15;28.52;A;40.55;A;997.6;A;391;A;40;A;0;A;21;A;19;A;18.65;A;10.63;A;7.03;A
31.08.2025 20:30;27.89;A;41.76;A;997.64;A;428;A;37;A;0;A;25;A;12;A;17.26;A;10.87;A;7.6;A
31.08.2025 20:45;27.45;A;42.63;A;997.63;A;513;A;40;A;0;A;32;A;8;A;18.81;A;12.37;A;8.05;A
31.08.2025 21:00;27.03;A;44.86;A;997.73;A;604;A;40;A;0;A;37;A;3;A;23.19;A;13.46;A;9.39;A
31.08.2025 21:15;26.66;A;45.69;A;997.58;A;687;A;37;A;0;A;37;A;1;A;23.74;A;13.92;A;9.68;A
31.08.2025 21:30;26.41;A;46.61;A;997.54;A;702;A;40;A;0;A;41;A;0;A;23.69;A;14.34;A;10.18;A
31.08.2025 21:45;26.18;A;47.45;A;997.48;A;736;A;39;A;0;A;40;A;0;A;25.67;A;15.23;A;10.71;A
31.08.2025 22:00;25.78;A;49.33;A;997.36;A;717;A;38;A;0;A;39;A;0;A;25.61;A;15.61;A;11.32;A
31.08.2025 22:15;25.59;A;49.73;A;997.57;A;762;A;40;A;0;A;41;A;0;A;26.49;A;14.98;A;11.44;A
31.08.2025 22:30;25.39;A;51.05;A;997.86;A;896;A;38;A;0;A;40;A;0;A;28.07;A;17.49;A;12.01;A
31.08.2025 22:45;25.13;A;51.09;A;998.06;A;827;A;37;A;0;A;38;A;0;A;27.09;A;17.14;A;11.98;A
31.08.2025 23:00;25;A;50.75;A;997.98;A;674;A;38;A;0;A;38;A;1;A;26.83;A;16.88;A;12.13;A
31.08.2025 23:15;24.77;A;50.92;A;997.98;A;558;A;38;A;0;A;34;A;3;A;28.36;A;16.54;A;12.11;A
31.08.2025 23:30;24.68;A;51.05;A;997.83;A;494;A;36;A;0;A;30;A;6;A;23.68;A;15.28;A;11.51;A
31.08.2025 23:45;24.72;A;50.41;A;997.89;A;404;A;38;A;0;A;26;A;12;A;23.3;A;14.21;A;10.24;A
01.09.2025 00:00;24.76;A;49.09;A;997.85;A;340;A;38;A;0;A;26;A;12;A;21.81;A;12.28;A;9.25;A
