"timestamp";"TC~T-QM[Cairnet CXM24280940]";"in °C";"HR~T-QM[Cairnet CXM24280940]";"in %";"PA~T-QM[Cairnet CXM24280940]";"in hPa";"CO~4672-QM[Cairnet CXM24280940]";"in ppb";"O3-NO2~4694-QM[Cairnet CXM24280940]";"in ppb";"SO2~4715-QM[Cairnet CXM24280940]";"in ppb";"NO2~4581-QM[Cairnet CXM24280940]";"in ppb";"O3~0940-QM[Cairnet CXM24280940]";"in ppb";"PM10~D641-QM[Cairnet CXM24280940]";"in µg/m3";"PM2.5~D641-QM[Cairnet CXM24280940]";"in µg/m3";"PM1~D641-QM[Cairnet CXM24280940]";"in µg/m3"
"(in display TZ)";"value";"qc";"value";"qc";"value";"qc";"value";"qc";"value";"qc";"value";"qc";"value";"qc";"value";"qc";"value";"qc";"value";"qc";"value";"qc"
"2025-12-01 00:15";;"N";;"N";;"N";;"N";;"N";;"N";;"N";;"N";;"N";;"N";;"N"
"2025-12-01 00:30";;"N";;"N";;"N";;"N";;"N";;"N";;"N";;"N";;"N";;"N";;"N"
"2025-12-01 00:45";;"N";;"N";;"N";;"N";;"N";;"N";;"N";;"N";;"N";;"N";;"N"
"2025-12-01 01:00";;"N";;"N";;"N";;"N";;"N";;"N";;"N";;"N";;"N";;"N";;"N"
"2025-12-01 01:15";;"N";;"N";;"N";;"N";;"N";;"N";;"N";;"N";;"N";;"N";;"N"
"2025-12-01 01:30";;"N";;"N";;"N";;"N";;"N";;"N";;"N";;"N";;"N";;"N";;"N"
"2025-12-01 01:45";;"N";;"N";;"N";;"N";;"N";;"N";;"N";;"N";;"N";;"N";;"N"
"2025-12-01 02:00";;"N";;"N";;"N";;"N";;"N";;"N";;"N";;"N";;"N";;"N";;"N"
"2025-12-01 02:15";;"N";;"N";;"N";;"N";;"N";;"N";;"N";;"N";;"N";;"N";;"N"
"2025-12-01 02:30";;"N";;"N";;"N";;"N";;"N";;"N";;"N";;"N";;"N";;"N";;"N"
"2025-12-01 02:45";;"N";;"N";;"N";;"N";;"N";;"N";;"N";;"N";;"N";;"N";;"N"
"2025-12-01 03:00";;"N";;"N";;"N";;"N";;"N";;"N";;"N";;"N";;"N";;"N";;"N"
"2025-12-01 03:15";;"N";;"N";;"N";;"N";;"N";;"N";;"N";;"N";;"N";;"N";;"N"
"2025-12-01 03:30";;"N";;"N";;"N";;"N";;"N";;"N";;"N";;"N";;"N";;"N";;"N"
"2025-12-01 03:45";;"N";;"N";;"N";;"N";;"N";;"N";;"N";;"N";;"N";;"N";;"N"
"2025-12-01 04:00";;"N";;"N";;"N";;"N";;"N";;"N";;"N";;"N";;"N";;"N";;"N"
"2025-12-01 04:15";;"N";;"N";;"N";;"N";;"N";;"N";;"N";;"N";;"N";;"N";;"N"
"2025-12-01 04:30";;"N";;"N";;"N";;"N";;"N";;"N";;"N";;"N";;"N";;"N";;"N"
"2025-12-01 04:45";;"N";;"N";;"N";;"N";;"N";;"N";;"N";;"N";;"N";;"N";;"N"
"2025-12-01 05:00";;"N";;"N";;"N";;"N";;"N";;"N";;"N";;"N";;"N";;"N";;"N"
"2025-12-01 05:15";;"N";;"N";;"N";;"N";;"N";;"N";;"N";;"N";;"N";;"N";;"N"
"2025-12-01 05:30";;"N";;"N";;"N";;"N";;"N";;"N";;"N";;"N";;"N";;"N";;"N"
"2025-12-01 05:45";;"N";;"N";;"N";;"N";;"N";;"N";;"N";;"N";;"N";;"N";;"N"
"2025-12-01 06:00";;"N";;"N";;"N";;"N";;"N";;"N";;"N";;"N";;"N";;"N";;"N"
"2025-12-01 06:15";;"N";;"N";;"N";;"N";;"N";;"N";;"N";;"N";;"N";;"N";;"N"
"2025-12-01 06:30";;"N";;"N";;"N";;"N";;"N";;"N";;"N";;"N";;"N";;"N";;"N"
"2025-12-01 06:45";;"N";;"N";;"N";;"N";;"N";;"N";;"N";;"N";;"N";;"N";;"N"
"2025-12-01 07:00";;"N";;"N";;"N";;"N";;"N";;"N";;"N";;"N";;"N";;"N";;"N"
"2025-12-01 07:15";;"N";;"N";;"N";;"N";;"N";;"N";;"N";;"N";;"N";;"N";;"N"
"2025-12-01 07:30";;"N";;"N";;"N";;"N";;"N";;"N";;"N";;"N";;"N";;"N";;"N"
"2025-12-01 07:45";;"N";;"N";;"N";;"N";;"N";;"N";;"N";;"N";;"N";;"N";;"N"
"2025-12-01 08:00";;"N";;"N";;"N";;"N";;"N";;"N";;"N";;"N";;"N";;"N";;"N"
"2025-12-01 08:15";;"N";;"N";;"N";;"N";;"N";;"N";;"N";;"N";;"N";;"N";;"N"
"2025-12-01 08:30";;"N";;"N";;"N";;"N";;"N";;"N";;"N";;"N";;"N";;"N";;"N"
"2025-12-01 08:45";;"N";;"N";;"N";;"N";;"N";;"N";;"N";;"N";;"N";;"N";;"N"
"2025-12-01 09:00";;"N";;"N";;"N";;"N";;"N";;"N";;"N";;"N";;"N";;"N";;"N"
"2025-12-01 09:15";;"N";;"N";;"N";;"N";;"N";;"N";;"N";;"N";;"N";;"N";;"N"
"2025-12-01 09:30";;"N";;"N";;"N";;"N";;"N";;"N";;"N";;"N";;"N";;"N";;"N"
"2025-12-01 09:45";;"N";;"N";;"N";;"N";;"N";;"N";;"N";;"N";;"N";;"N";;"N"
"2025-12-01 10:00";;"N";;"N";;"N";;"N";;"N";;"N";;"N";;"N";;"N";;"N";;"N"
"2025-12-01 10:15";;"N";;"N";;"N";;"N";;"N";;"N";;"N";;"N";;"N";;"N";;"N"
"2025-12-01 10:30";;"N";;"N";;"N";;"N";;"N";;"N";;"N";;"N";;"N";;"N";;"N"
"2025-12-01 10:45";;"N";;"N";;"N";;"N";;"N";;"N";;"N";;"N";;"N";;"N";;"N"
"2025-12-01 11:00";;"N";;"N";;"N";;"N";;"N";;"N";;"N";;"N";;"N";;"N";;"N"
"2025-12-01 11:15";;"N";;"N";;"N";;"N";;"N";;"N";;"N";;"N";;"N";;"N";;"N"
"2025-12-01 11:30";;"N";;"N";;"N";;"N";;"N";;"N";;"N";;"N";;"N";;"N";;"N"
"2025-12-01 11:45";;"N";;"N";;"N";;"N";;"N";;"N";;"N";;"N";;"N";;"N";;"N"
"2025-12-01 12:00";;"N";;"N";;"N";;"N";;"N";;"N";;"N";;"N";;"N";;"N";;"N"
"2025-12-01 12:15";;"N";;"N";;"N";;"N";;"N";;"N";;"N";;"N";;"N";;"N";;"N"
"2025-12-01 12:30";;"N";;"N";;"N";;"N";;"N";;"N";;"N";;"N";;"N";;"N";;"N"
"2025-12-01 12:45";;"N";;"N";;"N";;"N";;"N";;"N";;"N";;"N";;"N";;"N";;"N"
"2025-12-01 13:00";;"N";;"N";;"N";;"N";;"N";;"N";;"N";;"N";;"N";;"N";;"N"
"2025-12-01 13:15";;"N";;"N";;"N";;"N";;"N";;"N";;"N";;"N";;"N";;"N";;"N"
"2025-12-01 13:30";;"N";;"N";;"N";;"N";;"N";;"N";;"N";;"N";;"N";;"N";;"N"
"2025-12-01 13:45";;"N";;"N";;"N";;"N";;"N";;"N";;"N";;"N";;"N";;"N";;"N"
"2025-12-01 14:00";;"N";;"N";;"N";;"N";;"N";;"N";;"N";;"N";;"N";;"N";;"N"
"2025-12-01 14:15";;"N";;"N";;"N";;"N";;"N";;"N";;"N";;"N";;"N";;"N";;"N"
"2025-12-01 14:30";;"N";;"N";;"N";;"N";;"N";;"N";;"N";;"N";;"N";;"N";;"N"
"2025-12-01 14:45";;"N";;"N";;"N";;"N";;"N";;"N";;"N";;"N";;"N";;"N";;"N"
"2025-12-01 15:00";;"N";;"N";;"N";;"N";;"N";;"N";;"N";;"N";;"N";;"N";;"N"
"2025-12-01 15:15";;"N";;"N";;"N";;"N";;"N";;"N";;"N";;"N";;"N";;"N";;"N"
"2025-12-01 15:30";;"N";;"N";;"N";;"N";;"N";;"N";;"N";;"N";;"N";;"N";;"N"
"2025-12-01 15:45";;"N";;"N";;"N";;"N";;"N";;"N";;"N";;"N";;"N";;"N";;"N"
"2025-12-01 16:00";;"N";;"N";;"N";;"N";;"N";;"N";;"N";;"N";;"N";;"N";;"N"
"2025-12-01 16:15";;"N";;"N";;"N";;"N";;"N";;"N";;"N";;"N";;"N";;"N";;"N"
"2025-12-01 16:30";;"N";;"N";;"N";;"N";;"N";;"N";;"N";;"N";;"N";;"N";;"N"
"2025-12-01 16:45";;"N";;"N";;"N";;"N";;"N";;"N";;"N";;"N";;"N";;"N";;"N"
"2025-12-01 17:00";;"N";;"N";;"N";;"N";;"N";;"N";;"N";;"N";;"N";;"N";;"N"
"2025-12-01 17:15";;"N";;"N";;"N";;"N";;"N";;"N";;"N";;"N";;"N";;"N";;"N"
"2025-12-01 17:30";;"N";;"N";;"N";;"N";;"N";;"N";;"N";;"N";;"N";;"N";;"N"
"2025-12-01 17:45";;"N";;"N";;"N";;"N";;"N";;"N";;"N";;"N";;"N";;"N";;"N"
"2025-12-01 18:00";;"N";;"N";;"N";;"N";;"N";;"N";;"N";;"N";;"N";;"N";;"N"
"2025-12-01 18:15";;"N";;"N";;"N";;"N";;"N";;"N";;"N";;"N";;"N";;"N";;"N"
"2025-12-01 18:30";;"N";;"N";;"N";;"N";;"N";;"N";;"N";;"N";;"N";;"N";;"N"
"2025-12-01 18:45";;"N";;"N";;"N";;"N";;"N";;"N";;"N";;"N";;"N";;"N";;"N"
"2025-12-01 19:00";;"N";;"N";;"N";;"N";;"N";;"N";;"N";;"N";;"N";;"N";;"N"
"2025-12-01 19:15";;"N";;"N";;"N";;"N";;"N";;"N";;"N";;"N";;"N";;"N";;"N"
"2025-12-01 19:30";;"N";;"N";;"N";;"N";;"N";;"N";;"N";;"N";;"N";;"N";;"N"
"2025-12-01 19:45";;"N";;"N";;"N";;"N";;"N";;"N";;"N";;"N";;"N";;"N";;"N"
"2025-12-01 20:00";;"N";;"N";;"N";;"N";;"N";;"N";;"N";;"N";;"N";;"N";;"N"
"2025-12-01 20:15";;"N";;"N";;"N";;"N";;"N";;"N";;"N";;"N";;"N";;"N";;"N"
"2025-12-01 20:30";;"N";;"N";;"N";;"N";;"N";;"N";;"N";;"N";;"N";;"N";;"N"
"2025-12-01 20:45";;"N";;"N";;"N";;"N";;"N";;"N";;"N";;"N";;"N";;"N";;"N"
"2025-12-01 21:00";;"N";;"N";;"N";;"N";;"N";;"N";;"N";;"N";;"N";;"N";;"N"
"2025-12-01 21:15";;"N";;"N";;"N";;"N";;"N";;"N";;"N";;"N";;"N";;"N";;"N"
"2025-12-01 21:30";;"N";;"N";;"N";;"N";;"N";;"N";;"N";;"N";;"N";;"N";;"N"
"2025-12-01 21:45";;"N";;"N";;"N";;"N";;"N";;"N";;"N";;"N";;"N";;"N";;"N"
"2025-12-01 22:00";;"N";;"N";;"N";;"N";;"N";;"N";;"N";;"N";;"N";;"N";;"N"
"2025-12-01 22:15";;"N";;"N";;"N";;"N";;"N";;"N";;"N";;"N";;"N";;"N";;"N"
"2025-12-01 22:30";;"N";;"N";;"N";;"N";;"N";;"N";;"N";;"N";;"N";;"N";;"N"
"2025-12-01 22:45";;"N";;"N";;"N";;"N";;"N";;"N";;"N";;"N";;"N";;"N";;"N"
"2025-12-01 23:00";;"N";;"N";;"N";;"N";;"N";;"N";;"N";;"N";;"N";;"N";;"N"
"2025-12-01 23:15";;"N";;"N";;"N";;"N";;"N";;"N";;"N";;"N";;"N";;"N";;"N"
"2025-12-01 23:30";;"N";;"N";;"N";;"N";;"N";;"N";;"N";;"N";;"N";;"N";;"N"
"2025-12-01 23:45";;"N";;"N";;"N";;"N";;"N";;"N";;"N";;"N";;"N";;"N";;"N"
"2025-12-02 00:00";;"N";;"N";;"N";;"N";;"N";;"N";;"N";;"N";;"N";;"N";;"N"
"2025-12-02 00:15";;"N";;"N";;"N";;"N";;"N";;"N";;"N";;"N";;"N";;"N";;"N"
"2025-12-02 00:30";;"N";;"N";;"N";;"N";;"N";;"N";;"N";;"N";;"N";;"N";;"N"
"2025-12-02 00:45";;"N";;"N";;"N";;"N";;"N";;"N";;"N";;"N";;"N";;"N";;"N"
"2025-12-02 01:00";;"N";;"N";;"N";;"N";;"N";;"N";;"N";;"N";;"N";;"N";;"N"
"2025-12-02 01:15";;"N";;"N";;"N";;"N";;"N";;"N";;"N";;"N";;"N";;"N";;"N"
"2025-12-02 01:30";;"N";;"N";;"N";;"N";;"N";;"N";;"N";;"N";;"N";;"N";;"N"
"2025-12-02 01:45";;"N";;"N";;"N";;"N";;"N";;"N";;"N";;"N";;"N";;"N";;"N"
"2025-12-02 02:00";;"N";;"N";;"N";;"N";;"N";;"N";;"N";;"N";;"N";;"N";;"N"
"2025-12-02 02:15";;"N";;"N";;"N";;"N";;"N";;"N";;"N";;"N";;"N";;"N";;"N"
"2025-12-02 02:30";;"N";;"N";;"N";;"N";;"N";;"N";;"N";;"N";;"N";;"N";;"N"
"2025-12-02 02:45";;"N";;"N";;"N";;"N";;"N";;"N";;"N";;"N";;"N";;"N";;"N"
"2025-12-02 03:00";;"N";;"N";;"N";;"N";;"N";;"N";;"N";;"N";;"N";;"N";;"N"
"2025-12-02 03:15";;"N";;"N";;"N";;"N";;"N";;"N";;"N";;"N";;"N";;"N";;"N"
"2025-12-02 03:30";;"N";;"N";;"N";;"N";;"N";;"N";;"N";;"N";;"N";;"N";;"N"
"2025-12-02 03:45";;"N";;"N";;"N";;"N";;"N";;"N";;"N";;"N";;"N";;"N";;"N"
"2025-12-02 04:00";;"N";;"N";;"N";;"N";;"N";;"N";;"N";;"N";;"N";;"N";;"N"
"2025-12-02 04:15";;"N";;"N";;"N";;"N";;"N";;"N";;"N";;"N";;"N";;"N";;"N"
"2025-12-02 04:30";;"N";;"N";;"N";;"N";;"N";;"N";;"N";;"N";;"N";;"N";;"N"
"2025-12-02 04:45";;"N";;"N";;"N";;"N";;"N";;"N";;"N";;"N";;"N";;"N";;"N"
"2025-12-02 05:00";;"N";;"N";;"N";;"N";;"N";;"N";;"N";;"N";;"N";;"N";;"N"
"2025-12-02 05:15";;"N";;"N";;"N";;"N";;"N";;"N";;"N";;"N";;"N";;"N";;"N"
"2025-12-02 05:30";;"N";;"N";;"N";;"N";;"N";;"N";;"N";;"N";;"N";;"N";;"N"
"2025-12-02 05:45";;"N";;"N";;"N";;"N";;"N";;"N";;"N";;"N";;"N";;"N";;"N"
"2025-12-02 06:00";;"N";;"N";;"N";;"N";;"N";;"N";;"N";;"N";;"N";;"N";;"N"
"2025-12-02 06:15";;"N";;"N";;"N";;"N";;"N";;"N";;"N";;"N";;"N";;"N";;"N"
"2025-12-02 06:30";;"N";;"N";;"N";;"N";;"N";;"N";;"N";;"N";;"N";;"N";;"N"
"2025-12-02 06:45";;"N";;"N";;"N";;"N";;"N";;"N";;"N";;"N";;"N";;"N";;"N"
"2025-12-02 07:00";;"N";;"N";;"N";;"N";;"N";;"N";;"N";;"N";;"N";;"N";;"N"
"2025-12-02 07:15";;"N";;"N";;"N";;"N";;"N";;"N";;"N";;"N";;"N";;"N";;"N"
"2025-12-02 07:30";;"N";;"N";;"N";;"N";;"N";;"N";;"N";;"N";;"N";;"N";;"N"
"2025-12-02 07:45";;"N";;"N";;"N";;"N";;"N";;"N";;"N";;"N";;"N";;"N";;"N"
"2025-12-02 08:00";;"N";;"N";;"N";;"N";;"N";;"N";;"N";;"N";;"N";;"N";;"N"
"2025-12-02 08:15";;"N";;"N";;"N";;"N";;"N";;"N";;"N";;"N";;"N";;"N";;"N"
"2025-12-02 08:30";;"N";;"N";;"N";;"N";;"N";;"N";;"N";;"N";;"N";;"N";;"N"
"2025-12-02 08:45";;"N";;"N";;"N";;"N";;"N";;"N";;"N";;"N";;"N";;"N";;"N"
"2025-12-02 09:00";;"N";;"N";;"N";;"N";;"N";;"N";;"N";;"N";;"N";;"N";;"N"
"2025-12-02 09:15";;"N";;"N";;"N";;"N";;"N";;"N";;"N";;"N";;"N";;"N";;"N"
"2025-12-02 09:30";;"N";;"N";;"N";;"N";;"N";;"N";;"N";;"N";;"N";;"N";;"N"
"2025-12-02 09:45";;"N";;"N";;"N";;"N";;"N";;"N";;"N";;"N";;"N";;"N";;"N"
"2025-12-02 10:00";;"N";;"N";;"N";;"N";;"N";;"N";;"N";;"N";;"N";;"N";;"N"
"2025-12-02 10:15";;"N";;"N";;"N";;"N";;"N";;"N";;"N";;"N";;"N";;"N";;"N"
"2025-12-02 10:30";;"N";;"N";;"N";;"N";;"N";;"N";;"N";;"N";;"N";;"N";;"N"
"2025-12-02 10:45";;"N";;"N";;"N";;"N";;"N";;"N";;"N";;"N";;"N";;"N";;"N"
"2025-12-02 11:00";;"N";;"N";;"N";;"N";;"N";;"N";;"N";;"N";;"N";;"N";;"N"
"2025-12-02 11:15";;"N";;"N";;"N";;"N";;"N";;"N";;"N";;"N";;"N";;"N";;"N"
"2025-12-02 11:30";;"N";;"N";;"N";;"N";;"N";;"N";;"N";;"N";;"N";;"N";;"N"
"2025-12-02 11:45";;"N";;"N";;"N";;"N";;"N";;"N";;"N";;"N";;"N";;"N";;"N"
"2025-12-02 12:00";;"N";;"N";;"N";;"N";;"N";;"N";;"N";;"N";;"N";;"N";;"N"
"2025-12-02 12:15";;"N";;"N";;"N";;"N";;"N";;"N";;"N";;"N";;"N";;"N";;"N"
"2025-12-02 12:30";;"N";;"N";;"N";;"N";;"N";;"N";;"N";;"N";;"N";;"N";;"N"
"2025-12-02 12:45";;"N";;"N";;"N";;"N";;"N";;"N";;"N";;"N";;"N";;"N";;"N"
"2025-12-02 13:00";;"N";;"N";;"N";;"N";;"N";;"N";;"N";;"N";;"N";;"N";;"N"
"2025-12-02 13:15";;"N";;"N";;"N";;"N";;"N";;"N";;"N";;"N";;"N";;"N";;"N"
"2025-12-02 13:30";;"N";;"N";;"N";;"N";;"N";;"N";;"N";;"N";;"N";;"N";;"N"
"2025-12-02 13:45";;"N";;"N";;"N";;"N";;"N";;"N";;"N";;"N";;"N";;"N";;"N"
"2025-12-02 14:00";;"N";;"N";;"N";;"N";;"N";;"N";;"N";;"N";;"N";;"N";;"N"
"2025-12-02 14:15";;"N";;"N";;"N";;"N";;"N";;"N";;"N";;"N";;"N";;"N";;"N"
"2025-12-02 14:30";;"N";;"N";;"N";;"N";;"N";;"N";;"N";;"N";;"N";;"N";;"N"
"2025-12-02 14:45";;"N";;"N";;"N";;"N";;"N";;"N";;"N";;"N";;"N";;"N";;"N"
"2025-12-02 15:00";;"N";;"N";;"N";;"N";;"N";;"N";;"N";;"N";;"N";;"N";;"N"
"2025-12-02 15:15";;"N";;"N";;"N";;"N";;"N";;"N";;"N";;"N";;"N";;"N";;"N"
"2025-12-02 15:30";;"N";;"N";;"N";;"N";;"N";;"N";;"N";;"N";;"N";;"N";;"N"
"2025-12-02 15:45";;"N";;"N";;"N";;"N";;"N";;"N";;"N";;"N";;"N";;"N";;"N"
"2025-12-02 16:00";;"N";;"N";;"N";;"N";;"N";;"N";;"N";;"N";;"N";;"N";;"N"
"2025-12-02 16:15";;"N";;"N";;"N";;"N";;"N";;"N";;"N";;"N";;"N";;"N";;"N"
"2025-12-02 16:30";;"N";;"N";;"N";;"N";;"N";;"N";;"N";;"N";;"N";;"N";;"N"
"2025-12-02 16:45";;"N";;"N";;"N";;"N";;"N";;"N";;"N";;"N";;"N";;"N";;"N"
"2025-12-02 17:00";;"N";;"N";;"N";;"N";;"N";;"N";;"N";;"N";;"N";;"N";;"N"
"2025-12-02 17:15";;"N";;"N";;"N";;"N";;"N";;"N";;"N";;"N";;"N";;"N";;"N"
"2025-12-02 17:30";;"N";;"N";;"N";;"N";;"N";;"N";;"N";;"N";;"N";;"N";;"N"
"2025-12-02 17:45";;"N";;"N";;"N";;"N";;"N";;"N";;"N";;"N";;"N";;"N";;"N"
"2025-12-02 18:00";;"N";;"N";;"N";;"N";;"N";;"N";;"N";;"N";;"N";;"N";;"N"
"2025-12-02 18:15";;"N";;"N";;"N";;"N";;"N";;"N";;"N";;"N";;"N";;"N";;"N"
"2025-12-02 18:30";;"N";;"N";;"N";;"N";;"N";;"N";;"N";;"N";;"N";;"N";;"N"
"2025-12-02 18:45";;"N";;"N";;"N";;"N";;"N";;"N";;"N";;"N";;"N";;"N";;"N"
"2025-12-02 19:00";;"N";;"N";;"N";;"N";;"N";;"N";;"N";;"N";;"N";;"N";;"N"
"2025-12-02 19:15";;"N";;"N";;"N";;"N";;"N";;"N";;"N";;"N";;"N";;"N";;"N"
"2025-12-02 19:30";;"N";;"N";;"N";;"N";;"N";;"N";;"N";;"N";;"N";;"N";;"N"
"2025-12-02 19:45";;"N";;"N";;"N";;"N";;"N";;"N";;"N";;"N";;"N";;"N";;"N"
"2025-12-02 20:00";;"N";;"N";;"N";;"N";;"N";;"N";;"N";;"N";;"N";;"N";;"N"
"2025-12-02 20:15";;"N";;"N";;"N";;"N";;"N";;"N";;"N";;"N";;"N";;"N";;"N"
"2025-12-02 20:30";;"N";;"N";;"N";;"N";;"N";;"N";;"N";;"N";;"N";;"N";;"N"
"2025-12-02 20:45";;"N";;"N";;"N";;"N";;"N";;"N";;"N";;"N";;"N";;"N";;"N"
"2025-12-02 21:00";;"N";;"N";;"N";;"N";;"N";;"N";;"N";;"N";;"N";;"N";;"N"
"2025-12-02 21:15";;"N";;"N";;"N";;"N";;"N";;"N";;"N";;"N";;"N";;"N";;"N"
"2025-12-02 21:30";;"N";;"N";;"N";;"N";;"N";;"N";;"N";;"N";;"N";;"N";;"N"
"2025-12-02 21:45";;"N";;"N";;"N";;"N";;"N";;"N";;"N";;"N";;"N";;"N";;"N"
"2025-12-02 22:00";;"N";;"N";;"N";;"N";;"N";;"N";;"N";;"N";;"N";;"N";;"N"
"2025-12-02 22:15";;"N";;"N";;"N";;"N";;"N";;"N";;"N";;"N";;"N";;"N";;"N"
"2025-12-02 22:30";;"N";;"N";;"N";;"N";;"N";;"N";;"N";;"N";;"N";;"N";;"N"
"2025-12-02 22:45";;"N";;"N";;"N";;"N";;"N";;"N";;"N";;"N";;"N";;"N";;"N"
"2025-12-02 23:00";;"N";;"N";;"N";;"N";;"N";;"N";;"N";;"N";;"N";;"N";;"N"
"2025-12-02 23:15";;"N";;"N";;"N";;"N";;"N";;"N";;"N";;"N";;"N";;"N";;"N"
"2025-12-02 23:30";;"N";;"N";;"N";;"N";;"N";;"N";;"N";;"N";;"N";;"N";;"N"
"2025-12-02 23:45";;"N";;"N";;"N";;"N";;"N";;"N";;"N";;"N";;"N";;"N";;"N"
"2025-12-03 00:00";;"N";;"N";;"N";;"N";;"N";;"N";;"N";;"N";;"N";;"N";;"N"
"2025-12-03 00:15";;"N";;"N";;"N";;"N";;"N";;"N";;"N";;"N";;"N";;"N";;"N"
"2025-12-03 00:30";;"N";;"N";;"N";;"N";;"N";;"N";;"N";;"N";;"N";;"N";;"N"
"2025-12-03 00:45";;"N";;"N";;"N";;"N";;"N";;"N";;"N";;"N";;"N";;"N";;"N"
"2025-12-03 01:00";;"N";;"N";;"N";;"N";;"N";;"N";;"N";;"N";;"N";;"N";;"N"
"2025-12-03 01:15";;"N";;"N";;"N";;"N";;"N";;"N";;"N";;"N";;"N";;"N";;"N"
"2025-12-03 01:30";;"N";;"N";;"N";;"N";;"N";;"N";;"N";;"N";;"N";;"N";;"N"
"2025-12-03 01:45";;"N";;"N";;"N";;"N";;"N";;"N";;"N";;"N";;"N";;"N";;"N"
"2025-12-03 02:00";;"N";;"N";;"N";;"N";;"N";;"N";;"N";;"N";;"N";;"N";;"N"
"2025-12-03 02:15";;"N";;"N";;"N";;"N";;"N";;"N";;"N";;"N";;"N";;"N";;"N"
"2025-12-03 02:30";;"N";;"N";;"N";;"N";;"N";;"N";;"N";;"N";;"N";;"N";;"N"
"2025-12-03 02:45";;"N";;"N";;"N";;"N";;"N";;"N";;"N";;"N";;"N";;"N";;"N"
"2025-12-03 03:00";;"N";;"N";;"N";;"N";;"N";;"N";;"N";;"N";;"N";;"N";;"N"
"2025-12-03 03:15";;"N";;"N";;"N";;"N";;"N";;"N";;"N";;"N";;"N";;"N";;"N"
"2025-12-03 03:30";;"N";;"N";;"N";;"N";;"N";;"N";;"N";;"N";;"N";;"N";;"N"
"2025-12-03 03:45";;"N";;"N";;"N";;"N";;"N";;"N";;"N";;"N";;"N";;"N";;"N"
"2025-12-03 04:00";;"N";;"N";;"N";;"N";;"N";;"N";;"N";;"N";;"N";;"N";;"N"
"2025-12-03 04:15";;"N";;"N";;"N";;"N";;"N";;"N";;"N";;"N";;"N";;"N";;"N"
"2025-12-03 04:30";;"N";;"N";;"N";;"N";;"N";;"N";;"N";;"N";;"N";;"N";;"N"
"2025-12-03 04:45";;"N";;"N";;"N";;"N";;"N";;"N";;"N";;"N";;"N";;"N";;"N"
"2025-12-03 05:00";;"N";;"N";;"N";;"N";;"N";;"N";;"N";;"N";;"N";;"N";;"N"
"2025-12-03 05:15";;"N";;"N";;"N";;"N";;"N";;"N";;"N";;"N";;"N";;"N";;"N"
"2025-12-03 05:30";;"N";;"N";;"N";;"N";;"N";;"N";;"N";;"N";;"N";;"N";;"N"
"2025-12-03 05:45";;"N";;"N";;"N";;"N";;"N";;"N";;"N";;"N";;"N";;"N";;"N"
"2025-12-03 06:00";;"N";;"N";;"N";;"N";;"N";;"N";;"N";;"N";;"N";;"N";;"N"
"2025-12-03 06:15";;"N";;"N";;"N";;"N";;"N";;"N";;"N";;"N";;"N";;"N";;"N"
"2025-12-03 06:30";;"N";;"N";;"N";;"N";;"N";;"N";;"N";;"N";;"N";;"N";;"N"
"2025-12-03 06:45";;"N";;"N";;"N";;"N";;"N";;"N";;"N";;"N";;"N";;"N";;"N"
"2025-12-03 07:00";;"N";;"N";;"N";;"N";;"N";;"N";;"N";;"N";;"N";;"N";;"N"
"2025-12-03 07:15";;"N";;"N";;"N";;"N";;"N";;"N";;"N";;"N";;"N";;"N";;"N"
"2025-12-03 07:30";;"N";;"N";;"N";;"N";;"N";;"N";;"N";;"N";;"N";;"N";;"N"
"2025-12-03 07:45";;"N";;"N";;"N";;"N";;"N";;"N";;"N";;"N";;"N";;"N";;"N"
"2025-12-03 08:00";;"N";;"N";;"N";;"N";;"N";;"N";;"N";;"N";;"N";;"N";;"N"
"2025-12-03 08:15";;"N";;"N";;"N";;"N";;"N";;"N";;"N";;"N";;"N";;"N";;"N"
"2025-12-03 08:30";;"N";;"N";;"N";;"N";;"N";;"N";;"N";;"N";;"N";;"N";;"N"
"2025-12-03 08:45";;"N";;"N";;"N";;"N";;"N";;"N";;"N";;"N";;"N";;"N";;"N"
"2025-12-03 09:00";;"N";;"N";;"N";;"N";;"N";;"N";;"N";;"N";;"N";;"N";;"N"
"2025-12-03 09:15";;"N";;"N";;"N";;"N";;"N";;"N";;"N";;"N";;"N";;"N";;"N"
"2025-12-03 09:30";;"N";;"N";;"N";;"N";;"N";;"N";;"N";;"N";;"N";;"N";;"N"
"2025-12-03 09:45";;"N";;"N";;"N";;"N";;"N";;"N";;"N";;"N";;"N";;"N";;"N"
"2025-12-03 10:00";;"N";;"N";;"N";;"N";;"N";;"N";;"N";;"N";;"N";;"N";;"N"
"2025-12-03 10:15";;"N";;"N";;"N";;"N";;"N";;"N";;"N";;"N";;"N";;"N";;"N"
"2025-12-03 10:30";;"N";;"N";;"N";;"N";;"N";;"N";;"N";;"N";;"N";;"N";;"N"
"2025-12-03 10:45";;"N";;"N";;"N";;"N";;"N";;"N";;"N";;"N";;"N";;"N";;"N"
"2025-12-03 11:00";;"N";;"N";;"N";;"N";;"N";;"N";;"N";;"N";;"N";;"N";;"N"
"2025-12-03 11:15";;"N";;"N";;"N";;"N";;"N";;"N";;"N";;"N";;"N";;"N";;"N"
"2025-12-03 11:30";;"N";;"N";;"N";;"N";;"N";;"N";;"N";;"N";;"N";;"N";;"N"
"2025-12-03 11:45";;"N";;"N";;"N";;"N";;"N";;"N";;"N";;"N";;"N";;"N";;"N"
"2025-12-03 12:00";;"N";;"N";;"N";;"N";;"N";;"N";;"N";;"N";;"N";;"N";;"N"
"2025-12-03 12:15";;"N";;"N";;"N";;"N";;"N";;"N";;"N";;"N";;"N";;"N";;"N"
"2025-12-03 12:30";;"N";;"N";;"N";;"N";;"N";;"N";;"N";;"N";;"N";;"N";;"N"
"2025-12-03 12:45";;"N";;"N";;"N";;"N";;"N";;"N";;"N";;"N";;"N";;"N";;"N"
"2025-12-03 13:00";;"N";;"N";;"N";;"N";;"N";;"N";;"N";;"N";;"N";;"N";;"N"
"2025-12-03 13:15";;"N";;"N";;"N";;"N";;"N";;"N";;"N";;"N";;"N";;"N";;"N"
"2025-12-03 13:30";;"N";;"N";;"N";;"N";;"N";;"N";;"N";;"N";;"N";;"N";;"N"
"2025-12-03 13:45";;"N";;"N";;"N";;"N";;"N";;"N";;"N";;"N";;"N";;"N";;"N"
"2025-12-03 14:00";;"N";;"N";;"N";;"N";;"N";;"N";;"N";;"N";;"N";;"N";;"N"
"2025-12-03 14:15";;"N";;"N";;"N";;"N";;"N";;"N";;"N";;"N";;"N";;"N";;"N"
"2025-12-03 14:30";;"N";;"N";;"N";;"N";;"N";;"N";;"N";;"N";;"N";;"N";;"N"
"2025-12-03 14:45";;"N";;"N";;"N";;"N";;"N";;"N";;"N";;"N";;"N";;"N";;"N"
"2025-12-03 15:00";;"N";;"N";;"N";;"N";;"N";;"N";;"N";;"N";;"N";;"N";;"N"
"2025-12-03 15:15";;"N";;"N";;"N";;"N";;"N";;"N";;"N";;"N";;"N";;"N";;"N"
"2025-12-03 15:30";;"N";;"N";;"N";;"N";;"N";;"N";;"N";;"N";;"N";;"N";;"N"
"2025-12-03 15:45";;"N";;"N";;"N";;"N";;"N";;"N";;"N";;"N";;"N";;"N";;"N"
"2025-12-03 16:00";;"N";;"N";;"N";;"N";;"N";;"N";;"N";;"N";;"N";;"N";;"N"
"2025-12-03 16:15";;"N";;"N";;"N";;"N";;"N";;"N";;"N";;"N";;"N";;"N";;"N"
"2025-12-03 16:30";;"N";;"N";;"N";;"N";;"N";;"N";;"N";;"N";;"N";;"N";;"N"
"2025-12-03 16:45";;"N";;"N";;"N";;"N";;"N";;"N";;"N";;"N";;"N";;"N";;"N"
"2025-12-03 17:00";;"N";;"N";;"N";;"N";;"N";;"N";;"N";;"N";;"N";;"N";;"N"
"2025-12-03 17:15";;"N";;"N";;"N";;"N";;"N";;"N";;"N";;"N";;"N";;"N";;"N"
"2025-12-03 17:30";;"N";;"N";;"N";;"N";;"N";;"N";;"N";;"N";;"N";;"N";;"N"
"2025-12-03 17:45";;"N";;"N";;"N";;"N";;"N";;"N";;"N";;"N";;"N";;"N";;"N"
"2025-12-03 18:00";;"N";;"N";;"N";;"N";;"N";;"N";;"N";;"N";;"N";;"N";;"N"
"2025-12-03 18:15";;"N";;"N";;"N";;"N";;"N";;"N";;"N";;"N";;"N";;"N";;"N"
"2025-12-03 18:30";;"N";;"N";;"N";;"N";;"N";;"N";;"N";;"N";;"N";;"N";;"N"
"2025-12-03 18:45";;"N";;"N";;"N";;"N";;"N";;"N";;"N";;"N";;"N";;"N";;"N"
"2025-12-03 19:00";;"N";;"N";;"N";;"N";;"N";;"N";;"N";;"N";;"N";;"N";;"N"
"2025-12-03 19:15";;"N";;"N";;"N";;"N";;"N";;"N";;"N";;"N";;"N";;"N";;"N"
"2025-12-03 19:30";;"N";;"N";;"N";;"N";;"N";;"N";;"N";;"N";;"N";;"N";;"N"
"2025-12-03 19:45";;"N";;"N";;"N";;"N";;"N";;"N";;"N";;"N";;"N";;"N";;"N"
"2025-12-03 20:00";;"N";;"N";;"N";;"N";;"N";;"N";;"N";;"N";;"N";;"N";;"N"
"2025-12-03 20:15";;"N";;"N";;"N";;"N";;"N";;"N";;"N";;"N";;"N";;"N";;"N"
"2025-12-03 20:30";;"N";;"N";;"N";;"N";;"N";;"N";;"N";;"N";;"N";;"N";;"N"
"2025-12-03 20:45";;"N";;"N";;"N";;"N";;"N";;"N";;"N";;"N";;"N";;"N";;"N"
"2025-12-03 21:00";;"N";;"N";;"N";;"N";;"N";;"N";;"N";;"N";;"N";;"N";;"N"
"2025-12-03 21:15";;"N";;"N";;"N";;"N";;"N";;"N";;"N";;"N";;"N";;"N";;"N"
"2025-12-03 21:30";;"N";;"N";;"N";;"N";;"N";;"N";;"N";;"N";;"N";;"N";;"N"
"2025-12-03 21:45";;"N";;"N";;"N";;"N";;"N";;"N";;"N";;"N";;"N";;"N";;"N"
"2025-12-03 22:00";;"N";;"N";;"N";;"N";;"N";;"N";;"N";;"N";;"N";;"N";;"N"
"2025-12-03 22:15";;"N";;"N";;"N";;"N";;"N";;"N";;"N";;"N";;"N";;"N";;"N"
"2025-12-03 22:30";;"N";;"N";;"N";;"N";;"N";;"N";;"N";;"N";;"N";;"N";;"N"
"2025-12-03 22:45";;"N";;"N";;"N";;"N";;"N";;"N";;"N";;"N";;"N";;"N";;"N"
"2025-12-03 23:00";;"N";;"N";;"N";;"N";;"N";;"N";;"N";;"N";;"N";;"N";;"N"
"2025-12-03 23:15";;"N";;"N";;"N";;"N";;"N";;"N";;"N";;"N";;"N";;"N";;"N"
"2025-12-03 23:30";;"N";;"N";;"N";;"N";;"N";;"N";;"N";;"N";;"N";;"N";;"N"
"2025-12-03 23:45";;"N";;"N";;"N";;"N";;"N";;"N";;"N";;"N";;"N";;"N";;"N"
"2025-12-04 00:00";;"N";;"N";;"N";;"N";;"N";;"N";;"N";;"N";;"N";;"N";;"N"
"2025-12-04 00:15";;"N";;"N";;"N";;"N";;"N";;"N";;"N";;"N";;"N";;"N";;"N"
"2025-12-04 00:30";;"N";;"N";;"N";;"N";;"N";;"N";;"N";;"N";;"N";;"N";;"N"
"2025-12-04 00:45";;"N";;"N";;"N";;"N";;"N";;"N";;"N";;"N";;"N";;"N";;"N"
"2025-12-04 01:00";;"N";;"N";;"N";;"N";;"N";;"N";;"N";;"N";;"N";;"N";;"N"
"2025-12-04 01:15";;"N";;"N";;"N";;"N";;"N";;"N";;"N";;"N";;"N";;"N";;"N"
"2025-12-04 01:30";;"N";;"N";;"N";;"N";;"N";;"N";;"N";;"N";;"N";;"N";;"N"
"2025-12-04 01:45";;"N";;"N";;"N";;"N";;"N";;"N";;"N";;"N";;"N";;"N";;"N"
"2025-12-04 02:00";;"N";;"N";;"N";;"N";;"N";;"N";;"N";;"N";;"N";;"N";;"N"
"2025-12-04 02:15";;"N";;"N";;"N";;"N";;"N";;"N";;"N";;"N";;"N";;"N";;"N"
"2025-12-04 02:30";;"N";;"N";;"N";;"N";;"N";;"N";;"N";;"N";;"N";;"N";;"N"
"2025-12-04 02:45";;"N";;"N";;"N";;"N";;"N";;"N";;"N";;"N";;"N";;"N";;"N"
"2025-12-04 03:00";;"N";;"N";;"N";;"N";;"N";;"N";;"N";;"N";;"N";;"N";;"N"
"2025-12-04 03:15";;"N";;"N";;"N";;"N";;"N";;"N";;"N";;"N";;"N";;"N";;"N"
"2025-12-04 03:30";;"N";;"N";;"N";;"N";;"N";;"N";;"N";;"N";;"N";;"N";;"N"
"2025-12-04 03:45";;"N";;"N";;"N";;"N";;"N";;"N";;"N";;"N";;"N";;"N";;"N"
"2025-12-04 04:00";;"N";;"N";;"N";;"N";;"N";;"N";;"N";;"N";;"N";;"N";;"N"
"2025-12-04 04:15";;"N";;"N";;"N";;"N";;"N";;"N";;"N";;"N";;"N";;"N";;"N"
"2025-12-04 04:30";;"N";;"N";;"N";;"N";;"N";;"N";;"N";;"N";;"N";;"N";;"N"
"2025-12-04 04:45";;"N";;"N";;"N";;"N";;"N";;"N";;"N";;"N";;"N";;"N";;"N"
"2025-12-04 05:00";;"N";;"N";;"N";;"N";;"N";;"N";;"N";;"N";;"N";;"N";;"N"
"2025-12-04 05:15";;"N";;"N";;"N";;"N";;"N";;"N";;"N";;"N";;"N";;"N";;"N"
"2025-12-04 05:30";;"N";;"N";;"N";;"N";;"N";;"N";;"N";;"N";;"N";;"N";;"N"
"2025-12-04 05:45";;"N";;"N";;"N";;"N";;"N";;"N";;"N";;"N";;"N";;"N";;"N"
"2025-12-04 06:00";;"N";;"N";;"N";;"N";;"N";;"N";;"N";;"N";;"N";;"N";;"N"
"2025-12-04 06:15";;"N";;"N";;"N";;"N";;"N";;"N";;"N";;"N";;"N";;"N";;"N"
"2025-12-04 06:30";;"N";;"N";;"N";;"N";;"N";;"N";;"N";;"N";;"N";;"N";;"N"
"2025-12-04 06:45";;"N";;"N";;"N";;"N";;"N";;"N";;"N";;"N";;"N";;"N";;"N"
"2025-12-04 07:00";;"N";;"N";;"N";;"N";;"N";;"N";;"N";;"N";;"N";;"N";;"N"
"2025-12-04 07:15";;"N";;"N";;"N";;"N";;"N";;"N";;"N";;"N";;"N";;"N";;"N"
"2025-12-04 07:30";;"N";;"N";;"N";;"N";;"N";;"N";;"N";;"N";;"N";;"N";;"N"
"2025-12-04 07:45";;"N";;"N";;"N";;"N";;"N";;"N";;"N";;"N";;"N";;"N";;"N"
"2025-12-04 08:00";;"N";;"N";;"N";;"N";;"N";;"N";;"N";;"N";;"N";;"N";;"N"
"2025-12-04 08:15";;"N";;"N";;"N";;"N";;"N";;"N";;"N";;"N";;"N";;"N";;"N"
"2025-12-04 08:30";;"N";;"N";;"N";;"N";;"N";;"N";;"N";;"N";;"N";;"N";;"N"
"2025-12-04 08:45";;"N";;"N";;"N";;"N";;"N";;"N";;"N";;"N";;"N";;"N";;"N"
"2025-12-04 09:00";;"N";;"N";;"N";;"N";;"N";;"N";;"N";;"N";;"N";;"N";;"N"
"2025-12-04 09:15";;"N";;"N";;"N";;"N";;"N";;"N";;"N";;"N";;"N";;"N";;"N"
"2025-12-04 09:30";;"N";;"N";;"N";;"N";;"N";;"N";;"N";;"N";;"N";;"N";;"N"
"2025-12-04 09:45";;"N";;"N";;"N";;"N";;"N";;"N";;"N";;"N";;"N";;"N";;"N"
"2025-12-04 10:00";;"N";;"N";;"N";;"N";;"N";;"N";;"N";;"N";;"N";;"N";;"N"
"2025-12-04 10:15";;"N";;"N";;"N";;"N";;"N";;"N";;"N";;"N";;"N";;"N";;"N"
"2025-12-04 10:30";;"N";;"N";;"N";;"N";;"N";;"N";;"N";;"N";;"N";;"N";;"N"
"2025-12-04 10:45";;"N";;"N";;"N";;"N";;"N";;"N";;"N";;"N";;"N";;"N";;"N"
"2025-12-04 11:00";;"N";;"N";;"N";;"N";;"N";;"N";;"N";;"N";;"N";;"N";;"N"
"2025-12-04 11:15";;"N";;"N";;"N";;"N";;"N";;"N";;"N";;"N";;"N";;"N";;"N"
"2025-12-04 11:30";;"N";;"N";;"N";;"N";;"N";;"N";;"N";;"N";;"N";;"N";;"N"
"2025-12-04 11:45";;"N";;"N";;"N";;"N";;"N";;"N";;"N";;"N";;"N";;"N";;"N"
"2025-12-04 12:00";;"N";;"N";;"N";;"N";;"N";;"N";;"N";;"N";;"N";;"N";;"N"
"2025-12-04 12:15";;"N";;"N";;"N";;"N";;"N";;"N";;"N";;"N";;"N";;"N";;"N"
"2025-12-04 12:30";;"N";;"N";;"N";;"N";;"N";;"N";;"N";;"N";;"N";;"N";;"N"
"2025-12-04 12:45";;"N";;"N";;"N";;"N";;"N";;"N";;"N";;"N";;"N";;"N";;"N"
"2025-12-04 13:00";;"N";;"N";;"N";;"N";;"N";;"N";;"N";;"N";;"N";;"N";;"N"
"2025-12-04 13:15";;"N";;"N";;"N";;"N";;"N";;"N";;"N";;"N";;"N";;"N";;"N"
"2025-12-04 13:30";;"N";;"N";;"N";;"N";;"N";;"N";;"N";;"N";;"N";;"N";;"N"
"2025-12-04 13:45";6;"A";87.61;"A";1016.7;"A";;"N";;"N";;"N";;"N";;"N";52.21;"A";38.21;"A";32.91;"A"
"2025-12-04 14:00";6.21;"A";87.31;"A";1016.69;"A";126;"A";21;"A";2;"A";6;"A";15;"A";46.86;"A";34.13;"A";32.21;"A"
"2025-12-04 14:15";6.37;"A";86.74;"A";1016.72;"A";141;"A";24;"A";1;"A";9;"A";15;"A";47.08;"A";34.24;"A";32.47;"A"
"2025-12-04 14:30";6.54;"A";85.41;"A";1016.82;"A";131;"A";25;"A";1;"A";9;"A";15;"A";42.57;"A";30.94;"A";29.31;"A"
"2025-12-04 14:45";6.52;"A";85.25;"A";1016.69;"A";125;"A";26;"A";0;"A";10;"A";16;"A";41.51;"A";30.16;"A";28.57;"A"
"2025-12-04 15:00";6.49;"A";85.92;"A";1016.7;"A";249;"A";27;"A";1;"A";12;"A";15;"A";43.46;"A";31.59;"A";29.94;"A"
"2025-12-04 15:15";6.45;"A";85.45;"A";1016.7;"A";158;"A";26;"A";0;"A";11;"A";15;"A";42.18;"A";30.65;"A";29.04;"A"
"2025-12-04 15:30";6.39;"A";85.75;"A";1016.67;"A";132;"A";26;"A";1;"A";10;"A";16;"A";41.21;"A";29.94;"A";28.36;"A"
"2025-12-04 15:45";6.34;"A";86.02;"A";1016.63;"A";149;"A";27;"A";0;"A";11;"A";16;"A";39.36;"A";28.59;"A";27.07;"A"
"2025-12-04 16:00";6.37;"A";85.59;"A";1016.67;"A";121;"A";27;"A";0;"A";11;"A";17;"A";35.91;"A";26.06;"A";24.66;"A"
"2025-12-04 16:15";6.54;"A";85.15;"A";1016.57;"A";116;"A";27;"A";0;"A";11;"A";15;"A";37.55;"A";27.26;"A";25.8;"A"
"2025-12-04 16:30";6.7;"A";84.55;"A";1016.66;"A";124;"A";27;"A";0;"A";12;"A";16;"A";38.53;"A";27.98;"A";26.49;"A"
"2025-12-04 16:45";6.82;"A";83.83;"A";1016.66;"A";116;"A";28;"A";0;"A";12;"A";16;"A";37.74;"A";27.4;"A";25.93;"A"
"2025-12-04 17:00";6.94;"A";82.91;"A";1016.73;"A";118;"A";28;"A";0;"A";12;"A";16;"A";37.51;"A";27.23;"A";25.77;"A"
"2025-12-04 17:15";7;"A";82.5;"A";1016.61;"A";114;"A";29;"A";0;"A";12;"A";17;"A";36.55;"A";26.53;"A";25.1;"A"
"2025-12-04 17:30";6.97;"A";82.3;"A";1016.58;"A";109;"A";29;"A";0;"A";12;"A";17;"A";38.33;"A";27.84;"A";26.35;"A"
"2025-12-04 17:45";7.03;"A";82.06;"A";1016.66;"A";136;"A";29;"A";0;"A";14;"A";15;"A";38.89;"A";28.24;"A";26.74;"A"
"2025-12-04 18:00";6.97;"A";81.56;"A";1016.68;"A";95;"A";29;"A";0;"A";12;"A";17;"A";43.55;"A";31.7;"A";28.49;"A"
"2025-12-04 18:15";6.88;"A";81.97;"A";1016.75;"A";101;"A";30;"A";0;"A";13;"A";17;"A";42.29;"A";30.73;"A";29.12;"A"
"2025-12-04 18:30";6.83;"A";81.64;"A";1016.77;"A";86;"A";30;"A";0;"A";12;"A";19;"A";40.1;"A";29.13;"A";27.59;"A"
"2025-12-04 18:45";6.75;"A";81.51;"A";1016.66;"A";69;"A";30;"A";0;"A";10;"A";20;"A";37.21;"A";27.01;"A";25.56;"A"
"2025-12-04 19:00";6.66;"A";82.3;"A";1016.64;"A";79;"A";30;"A";0;"A";11;"A";19;"A";36.56;"A";26.54;"A";25.11;"A"
"2025-12-04 19:15";6.62;"A";81.83;"A";1016.64;"A";69;"A";30;"A";0;"A";9;"A";20;"A";33.98;"A";24.65;"A";23.3;"A"
"2025-12-04 19:30";6.46;"A";82.66;"A";1016.87;"A";68;"A";30;"A";0;"A";10;"A";20;"A";36.82;"A";26.73;"A";25.29;"A"
"2025-12-04 19:45";6.46;"A";82.84;"A";1016.94;"A";79;"A";29;"A";0;"A";10;"A";19;"A";37.04;"A";26.89;"A";25.44;"A"
"2025-12-04 20:00";6.29;"A";83.19;"A";1016.84;"A";63;"A";28;"A";0;"A";10;"A";18;"A";35.23;"A";25.56;"A";24.18;"A"
"2025-12-04 20:15";6.14;"A";83.16;"A";1016.92;"A";54;"A";29;"A";0;"A";10;"A";19;"A";33.83;"A";24.53;"A";23.2;"A"
"2025-12-04 20:30";5.97;"A";83.09;"A";1016.98;"A";53;"A";29;"A";0;"A";9;"A";20;"A";32.69;"A";23.7;"A";22.4;"A"
"2025-12-04 20:45";5.82;"A";83.48;"A";1016.91;"A";46;"A";30;"A";0;"A";9;"A";21;"A";33.95;"A";24.62;"A";23.28;"A"
"2025-12-04 21:00";5.59;"A";84.16;"A";1016.81;"A";45;"A";31;"A";0;"A";9;"A";21;"A";33.09;"A";23.99;"A";22.68;"A"
"2025-12-04 21:15";5.57;"A";84.81;"A";1016.81;"A";48;"A";30;"A";0;"A";10;"A";21;"A";36.63;"A";26.59;"A";25.15;"A"
"2025-12-04 21:30";5.52;"A";85.17;"A";1016.78;"A";46;"A";31;"A";0;"A";10;"A";22;"A";35.64;"A";25.86;"A";24.47;"A"
"2025-12-04 21:45";5.43;"A";84.82;"A";1016.77;"A";42;"A";32;"A";0;"A";9;"A";22;"A";32.08;"A";23.26;"A";21.97;"A"
"2025-12-04 22:00";5.46;"A";84.84;"A";1016.72;"A";39;"A";33;"A";0;"A";10;"A";23;"A";30.76;"A";22.29;"A";21.05;"A"
"2025-12-04 22:15";5.53;"A";83.85;"A";1016.6;"A";38;"A";34;"A";0;"A";10;"A";24;"A";30.91;"A";22.4;"A";21.15;"A"
"2025-12-04 22:30";5.66;"A";82.69;"A";1016.66;"A";37;"A";35;"A";0;"A";10;"A";24;"A";26.54;"A";19.2;"A";18.09;"A"
"2025-12-04 22:45";5.73;"A";82.06;"A";1016.65;"A";35;"A";35;"A";0;"A";10;"A";25;"A";24.78;"A";17.91;"A";16.86;"A"
"2025-12-04 23:00";5.78;"A";82.19;"A";1016.56;"A";36;"A";36;"A";0;"A";11;"A";24;"A";25.37;"A";18.33;"A";17.27;"A"
"2025-12-04 23:15";5.76;"A";81.75;"A";1016.38;"A";37;"A";35;"A";0;"A";11;"A";24;"A";23.34;"A";16.85;"A";15.85;"A"
"2025-12-04 23:30";5.82;"A";80.68;"A";1016.33;"A";38;"A";36;"A";0;"A";11;"A";25;"A";24.68;"A";17.41;"A";15.52;"A"
"2025-12-04 23:45";5.87;"A";79.58;"A";1016.25;"A";38;"A";37;"A";0;"A";12;"A";25;"A";25.1;"A";17.54;"A";14.41;"A"
"2025-12-05 00:00";5.88;"A";80.1;"A";1016.26;"A";38;"A";36;"A";0;"A";12;"A";24;"A";21.43;"A";15.45;"A";14.52;"A"
"2025-12-05 00:15";5.87;"A";79.57;"A";1016.2;"A";38;"A";36;"A";0;"A";11;"A";25;"A";21.13;"A";15.69;"A";14.09;"A"
"2025-12-05 00:30";5.82;"A";79.12;"A";1016.13;"A";38;"A";36;"A";0;"A";12;"A";24;"A";20.53;"A";15.11;"A";13.64;"A"
"2025-12-05 00:45";5.72;"A";78.84;"A";1016.13;"A";37;"A";36;"A";0;"A";12;"A";24;"A";25.09;"A";18.74;"A";13.42;"A"
"2025-12-05 01:00";5.59;"A";78.56;"A";1016.1;"A";38;"A";36;"A";0;"A";12;"A";25;"A";27.34;"A";21.06;"A";14.62;"A"
"2025-12-05 01:15";5.47;"A";78.07;"A";1015.98;"A";39;"A";36;"A";0;"A";12;"A";24;"A";29.35;"A";21.92;"A";14.88;"A"
"2025-12-05 01:30";5.38;"A";76.88;"A";1016.13;"A";37;"A";38;"A";0;"A";13;"A";25;"A";27.81;"A";20.95;"A";14.29;"A"
"2025-12-05 01:45";5.1;"A";77.29;"A";1016.21;"A";35;"A";39;"A";0;"A";14;"A";25;"A";33.27;"A";24.77;"A";17.03;"A"
"2025-12-05 02:00";5.05;"A";77.19;"A";1016.22;"A";37;"A";39;"A";0;"A";14;"A";25;"A";37.69;"A";29.52;"A";20.87;"A"
"2025-12-05 02:15";5.08;"A";77.49;"A";1016.15;"A";37;"A";40;"A";0;"A";15;"A";25;"A";41.72;"A";33.03;"A";23.29;"A"
"2025-12-05 02:30";5.1;"A";78.04;"A";1016.11;"A";39;"A";39;"A";0;"A";15;"A";24;"A";48.55;"A";37.64;"A";25.44;"A"
"2025-12-05 02:45";5.08;"A";77.37;"A";1016.02;"A";37;"A";39;"A";0;"A";15;"A";24;"A";45.67;"A";35.99;"A";24.75;"A"
"2025-12-05 03:00";5.07;"A";78.08;"A";1015.93;"A";39;"A";38;"A";0;"A";14;"A";24;"A";49.43;"A";38.96;"A";26.91;"A"
"2025-12-05 03:15";5.04;"A";77.8;"A";1015.89;"A";37;"A";38;"A";0;"A";14;"A";24;"A";48.62;"A";37.7;"A";25.96;"A"
"2025-12-05 03:30";5;"A";78.28;"A";1015.88;"A";48;"A";38;"A";0;"A";14;"A";24;"A";48.06;"A";37.23;"A";26.47;"A"
"2025-12-05 03:45";4.94;"A";78.43;"A";1015.81;"A";44;"A";38;"A";0;"A";14;"A";24;"A";48.27;"A";37.72;"A";26.4;"A"
"2025-12-05 04:00";4.8;"A";78.29;"A";1015.65;"A";40;"A";38;"A";0;"A";14;"A";24;"A";45.37;"A";35.25;"A";25.07;"A"
"2025-12-05 04:15";4.79;"A";78.66;"A";1015.65;"A";40;"A";37;"A";0;"A";14;"A";23;"A";47.17;"A";36.01;"A";26.8;"A"
"2025-12-05 04:30";4.67;"A";78.1;"A";1015.45;"A";38;"A";38;"A";0;"A";14;"A";24;"A";43.2;"A";33.62;"A";25.3;"A"
"2025-12-05 04:45";4.63;"A";78.19;"A";1015.67;"A";38;"A";38;"A";0;"A";15;"A";23;"A";47.44;"A";36.26;"A";24.72;"A"
"2025-12-05 05:00";4.57;"A";78.19;"A";1015.76;"A";37;"A";38;"A";0;"A";15;"A";23;"A";44.1;"A";34.95;"A";23.91;"A"
"2025-12-05 05:15";4.52;"A";77.94;"A";1015.88;"A";41;"A";37;"A";0;"A";15;"A";22;"A";43.39;"A";33.57;"A";23.38;"A"
"2025-12-05 05:30";4.44;"A";77.78;"A";1016.07;"A";41;"A";38;"A";0;"A";15;"A";23;"A";39.46;"A";30.61;"A";21.03;"A"
"2025-12-05 05:45";4.31;"A";77.39;"A";1016.11;"A";40;"A";37;"A";0;"A";15;"A";22;"A";42.1;"A";33.35;"A";22.81;"A"
"2025-12-05 06:00";4.22;"A";77.35;"A";1016.22;"A";39;"A";38;"A";0;"A";16;"A";22;"A";40.51;"A";32.53;"A";22.56;"A"
"2025-12-05 06:15";4.12;"A";77.12;"A";1016.23;"A";44;"A";38;"A";0;"A";15;"A";23;"A";42.75;"A";31.76;"A";22.49;"A"
"2025-12-05 06:30";4.02;"A";77.02;"A";1016.26;"A";44;"A";40;"A";0;"A";18;"A";22;"A";40.66;"A";30.67;"A";21.38;"A"
"2025-12-05 06:45";3.87;"A";76.29;"A";1016.34;"A";38;"A";41;"A";0;"A";17;"A";24;"A";37.83;"A";29.9;"A";19.68;"A"
"2025-12-05 07:00";3.77;"A";75.86;"A";1016.31;"A";38;"A";43;"A";0;"A";19;"A";24;"A";34.01;"A";26.12;"A";18.21;"A"
"2025-12-05 07:15";3.59;"A";76.85;"A";1016.38;"A";47;"A";41;"A";0;"A";18;"A";23;"A";37.49;"A";30.08;"A";20.57;"A"
"2025-12-05 07:30";3.47;"A";77.81;"A";1016.43;"A";53;"A";39;"A";0;"A";18;"A";21;"A";40.78;"A";31.58;"A";22.42;"A"
"2025-12-05 07:45";3.29;"A";79.17;"A";1016.54;"A";66;"A";37;"A";0;"A";18;"A";19;"A";49.01;"A";37.87;"A";27.91;"A"
"2025-12-05 08:00";3.19;"A";78.86;"A";1016.72;"A";81;"A";37;"A";0;"A";18;"A";18;"A";53.67;"A";40.79;"A";27.97;"A"
"2025-12-05 08:15";3.02;"A";79.56;"A";1016.65;"A";84;"A";36;"A";0;"A";18;"A";18;"A";57.07;"A";44.15;"A";30.47;"A"
"2025-12-05 08:30";2.96;"A";79.99;"A";1016.57;"A";68;"A";35;"A";0;"A";19;"A";17;"A";50.53;"A";39.28;"A";30.98;"A"
"2025-12-05 08:45";2.96;"A";79.98;"A";1016.56;"A";240;"A";35;"A";0;"A";19;"A";17;"A";43.35;"A";32.43;"A";29.2;"A"
"2025-12-05 09:00";3.08;"A";79.96;"A";1016.47;"A";73;"A";36;"A";0;"A";19;"A";17;"A";44.24;"A";32.45;"A";29.69;"A"
"2025-12-05 09:15";3.11;"A";79.38;"A";1016.63;"A";63;"A";36;"A";0;"A";19;"A";17;"A";43.85;"A";33.41;"A";27.77;"A"
"2025-12-05 09:30";3.14;"A";78.79;"A";1016.64;"A";54;"A";36;"A";0;"A";18;"A";18;"A";45.66;"A";34.59;"A";27.09;"A"
"2025-12-05 09:45";3.15;"A";78.73;"A";1016.78;"A";56;"A";36;"A";0;"A";18;"A";19;"A";52.25;"A";41.18;"A";28.57;"A"
"2025-12-05 10:00";3.16;"A";78.98;"A";1016.76;"A";299;"A";35;"A";0;"A";20;"A";16;"A";63.68;"A";51.51;"A";38.32;"A"
"2025-12-05 10:15";3.2;"A";78.58;"A";1016.72;"A";81;"A";34;"A";0;"A";19;"A";16;"A";71.18;"A";55.01;"A";43.39;"A"
"2025-12-05 10:30";3.34;"A";78.71;"A";1016.59;"A";117;"A";35;"A";0;"A";20;"A";14;"A";76.6;"A";60.99;"A";43.47;"A"
"2025-12-05 10:45";3.42;"A";77.78;"A";1016.6;"A";160;"A";35;"A";0;"A";20;"A";15;"A";72.3;"A";55.47;"A";43.29;"A"
"2025-12-05 11:00";3.52;"A";78.36;"A";1016.41;"A";159;"A";35;"A";0;"A";22;"A";14;"A";79.61;"A";62.8;"A";43.5;"A"
"2025-12-05 11:15";3.47;"A";78.13;"A";1016.32;"A";143;"A";35;"A";0;"A";19;"A";15;"A";68.55;"A";55.29;"A";38.36;"A"
"2025-12-05 11:30";3.55;"A";78.46;"A";1016.16;"A";152;"A";35;"A";0;"A";21;"A";13;"A";65.78;"A";49.42;"A";40.96;"A"
"2025-12-05 11:45";3.54;"A";78.72;"A";1016.1;"A";158;"A";34;"A";0;"A";21;"A";13;"A";60.13;"A";43.8;"A";41.61;"A"
"2025-12-05 12:00";3.66;"A";78.42;"A";1015.93;"A";200;"A";34;"A";0;"A";22;"A";12;"A";69.52;"A";51.89;"A";44.86;"A"
"2025-12-05 12:15";3.52;"A";77.95;"A";1015.86;"A";166;"A";34;"A";0;"A";20;"A";14;"A";88.16;"A";69.47;"A";47.95;"A"
"2025-12-05 12:30";3.6;"A";78.97;"A";1015.89;"A";242;"A";34;"A";0;"A";23;"A";11;"A";78.65;"A";59.33;"A";51.64;"A"
"2025-12-05 12:45";3.64;"A";79.2;"A";1015.76;"A";195;"A";33;"A";0;"A";21;"A";12;"A";77.5;"A";57.69;"A";51.87;"A"
"2025-12-05 13:00";3.65;"A";79.52;"A";1015.51;"A";209;"A";32;"A";0;"A";23;"A";10;"A";75.63;"A";55.61;"A";51.77;"A"
"2025-12-05 13:15";3.65;"A";79.45;"A";1015.36;"A";190;"A";33;"A";0;"A";21;"A";12;"A";63.61;"A";47.04;"A";42.34;"A"
"2025-12-05 13:30";3.59;"A";79.25;"A";1015.43;"A";134;"A";34;"A";0;"A";21;"A";13;"A";44.67;"A";32.67;"A";29.2;"A"
"2025-12-05 13:45";3.64;"A";79.14;"A";1015.35;"A";220;"A";35;"A";0;"A";22;"A";12;"A";41.72;"A";30.54;"A";27.63;"A"
"2025-12-05 14:00";3.65;"A";78.53;"A";1015.39;"A";121;"A";34;"A";0;"A";21;"A";13;"A";44.81;"A";34.47;"A";25.37;"A"
"2025-12-05 14:15";3.6;"A";78.12;"A";1015.44;"A";130;"A";35;"A";0;"A";21;"A";14;"A";44.49;"A";34.75;"A";27.52;"A"
"2025-12-05 14:30";3.62;"A";77.43;"A";1015.55;"A";128;"A";35;"A";0;"A";21;"A";14;"A";51.16;"A";39.54;"A";28;"A"
"2025-12-05 14:45";3.68;"A";77.76;"A";1015.51;"A";137;"A";35;"A";0;"A";22;"A";13;"A";51.34;"A";40.78;"A";31.76;"A"
"2025-12-05 15:00";3.65;"A";78.17;"A";1015.67;"A";131;"A";35;"A";0;"A";22;"A";14;"A";42.77;"A";31.99;"A";26.04;"A"
"2025-12-05 15:15";3.62;"A";77.24;"A";1015.66;"A";273;"A";36;"A";0;"A";21;"A";14;"A";41.86;"A";34.08;"A";24.24;"A"
"2025-12-05 15:30";3.56;"A";77.78;"A";1015.7;"A";145;"A";36;"A";0;"A";22;"A";14;"A";40.18;"A";33.58;"A";24.61;"A"
"2025-12-05 15:45";3.56;"A";77.52;"A";1015.78;"A";157;"A";36;"A";0;"A";23;"A";13;"A";43.5;"A";34.22;"A";24.47;"A"
"2025-12-05 16:00";3.55;"A";77.72;"A";1015.84;"A";141;"A";35;"A";0;"A";22;"A";14;"A";36.9;"A";28.17;"A";21.4;"A"
"2025-12-05 16:15";3.49;"A";78.38;"A";1015.69;"A";165;"A";35;"A";0;"A";23;"A";12;"A";32.12;"A";23.66;"A";20.87;"A"
"2025-12-05 16:30";3.41;"A";77.84;"A";1015.66;"A";114;"A";35;"A";0;"A";21;"A";14;"A";32.29;"A";26.39;"A";18.35;"A"
"2025-12-05 16:45";3.36;"A";78.03;"A";1015.67;"A";104;"A";37;"A";0;"A";21;"A";16;"A";29.22;"A";24.19;"A";17.34;"A"
"2025-12-05 17:00";3.4;"A";78.36;"A";1015.78;"A";133;"A";35;"A";0;"A";19;"A";17;"A";35.84;"A";26.41;"A";23.74;"A"
"2025-12-05 17:15";3.38;"A";77.84;"A";1015.69;"A";81;"A";36;"A";0;"A";19;"A";17;"A";26.08;"A";21.12;"A";14.63;"A"
"2025-12-05 17:30";3.39;"A";77.41;"A";1015.78;"A";82;"A";38;"A";0;"A";20;"A";17;"A";25.38;"A";19.7;"A";14.12;"A"
"2025-12-05 17:45";3.35;"A";76.94;"A";1015.8;"A";77;"A";39;"A";0;"A";20;"A";19;"A";21.69;"A";16.88;"A";12.18;"A"
"2025-12-05 18:00";3.42;"A";77.31;"A";1015.79;"A";77;"A";39;"A";0;"A";21;"A";19;"A";23.54;"A";18.38;"A";12.5;"A"
"2025-12-05 18:15";3.44;"A";77.09;"A";1015.8;"A";79;"A";40;"A";0;"A";21;"A";18;"A";20.87;"A";17.01;"A";11.81;"A"
"2025-12-05 18:30";3.46;"A";76.89;"A";1015.84;"A";75;"A";40;"A";0;"A";21;"A";19;"A";19.83;"A";16.5;"A";11.46;"A"
"2025-12-05 18:45";3.49;"A";77.37;"A";1015.57;"A";84;"A";40;"A";0;"A";21;"A";19;"A";22.54;"A";17.67;"A";12.46;"A"
"2025-12-05 19:00";3.48;"A";76.97;"A";1015.69;"A";67;"A";40;"A";0;"A";20;"A";20;"A";21.03;"A";17.03;"A";12.13;"A"
"2025-12-05 19:15";3.49;"A";76.93;"A";1015.64;"A";71;"A";39;"A";0;"A";20;"A";19;"A";22.1;"A";17.71;"A";12.75;"A"
"2025-12-05 19:30";3.52;"A";76.82;"A";1015.69;"A";74;"A";39;"A";0;"A";20;"A";20;"A";23.63;"A";19.41;"A";13.88;"A"
"2025-12-05 19:45";3.47;"A";76.77;"A";1015.63;"A";70;"A";39;"A";0;"A";19;"A";19;"A";23.38;"A";17.98;"A";13.13;"A"
"2025-12-05 20:00";3.49;"A";76.89;"A";1015.54;"A";75;"A";39;"A";0;"A";19;"A";19;"A";24.02;"A";18.61;"A";13.22;"A"
"2025-12-05 20:15";3.49;"A";76.91;"A";1015.61;"A";62;"A";39;"A";0;"A";19;"A";20;"A";22.97;"A";18.18;"A";13.19;"A"
"2025-12-05 20:30";3.48;"A";77.13;"A";1015.63;"A";65;"A";39;"A";0;"A";20;"A";19;"A";24.83;"A";19.87;"A";13.67;"A"
"2025-12-05 20:45";3.49;"A";76.68;"A";1015.67;"A";59;"A";39;"A";0;"A";20;"A";19;"A";21.43;"A";17.9;"A";12.88;"A"
"2025-12-05 21:00";3.47;"A";76.7;"A";1015.72;"A";68;"A";39;"A";0;"A";21;"A";19;"A";21.02;"A";17.87;"A";12.84;"A"
"2025-12-05 21:15";3.47;"A";76.2;"A";1015.64;"A";69;"A";40;"A";0;"A";21;"A";19;"A";20.28;"A";17.12;"A";11.98;"A"
"2025-12-05 21:30";3.48;"A";76.08;"A";1015.51;"A";61;"A";40;"A";0;"A";21;"A";19;"A";18.05;"A";14.83;"A";11.1;"A"
"2025-12-05 21:45";3.35;"A";77.27;"A";1015.4;"A";101;"A";39;"A";0;"A";21;"A";18;"A";21.93;"A";18.49;"A";12.93;"A"
"2025-12-05 22:00";3.25;"A";78.08;"A";1015.36;"A";102;"A";38;"A";0;"A";21;"A";17;"A";24.91;"A";20.12;"A";14.03;"A"
"2025-12-05 22:15";3.17;"A";78.08;"A";1015.35;"A";103;"A";38;"A";0;"A";20;"A";17;"A";24.46;"A";20.01;"A";14.01;"A"
"2025-12-05 22:30";3.14;"A";78.47;"A";1015.31;"A";89;"A";37;"A";0;"A";21;"A";16;"A";23.24;"A";18.75;"A";14.12;"A"
"2025-12-05 22:45";3.08;"A";79.04;"A";1015.28;"A";105;"A";36;"A";0;"A";19;"A";17;"A";21.02;"A";15.15;"A";14.13;"A"
"2025-12-05 23:00";2.92;"A";79.35;"A";1014.98;"A";78;"A";35;"A";0;"A";19;"A";16;"A";21.48;"A";15.49;"A";14.55;"A"
"2025-12-05 23:15";2.78;"A";79.6;"A";1014.85;"A";87;"A";34;"A";0;"A";18;"A";16;"A";23.68;"A";17.1;"A";16.09;"A"
"2025-12-05 23:30";2.71;"A";79.89;"A";1014.92;"A";93;"A";34;"A";0;"A";18;"A";16;"A";24.46;"A";17.67;"A";16.64;"A"
"2025-12-05 23:45";2.72;"A";79.76;"A";1015.12;"A";80;"A";34;"A";0;"A";18;"A";16;"A";24.8;"A";17.92;"A";16.88;"A"
"2025-12-06 00:00";2.75;"A";79.49;"A";1015.13;"A";80;"A";33;"A";0;"A";18;"A";15;"A";25.26;"A";18.25;"A";17.19;"A"
"2025-12-06 00:15";2.77;"A";79.45;"A";1015.09;"A";88;"A";34;"A";0;"A";17;"A";16;"A";26.79;"A";19.38;"A";18.27;"A"
"2025-12-06 00:30";2.81;"A";79.46;"A";1014.96;"A";84;"A";33;"A";0;"A";17;"A";16;"A";28.21;"A";20.42;"A";19.27;"A"
"2025-12-06 00:45";2.75;"A";79.68;"A";1014.74;"A";87;"A";33;"A";0;"A";17;"A";16;"A";29.82;"A";21.6;"A";20.39;"A"
"2025-12-06 01:00";2.74;"A";79.87;"A";1014.69;"A";90;"A";32;"A";0;"A";17;"A";15;"A";30.34;"A";21.98;"A";20.75;"A"
"2025-12-06 01:15";2.71;"A";80.1;"A";1014.66;"A";90;"A";32;"A";0;"A";17;"A";15;"A";30.44;"A";22.05;"A";20.82;"A"
"2025-12-06 01:30";2.74;"A";80.26;"A";1014.6;"A";84;"A";32;"A";0;"A";16;"A";16;"A";29.08;"A";21.05;"A";19.87;"A"
"2025-12-06 01:45";2.7;"A";80.4;"A";1014.62;"A";80;"A";32;"A";0;"A";16;"A";16;"A";28.15;"A";20.37;"A";19.22;"A"
"2025-12-06 02:00";2.73;"A";80.57;"A";1014.7;"A";77;"A";32;"A";0;"A";16;"A";16;"A";28.14;"A";20.37;"A";19.22;"A"
"2025-12-06 02:15";2.79;"A";80.62;"A";1014.82;"A";70;"A";32;"A";0;"A";15;"A";16;"A";27.2;"A";19.68;"A";18.55;"A"
"2025-12-06 02:30";2.78;"A";80.76;"A";1014.85;"A";66;"A";32;"A";0;"A";15;"A";16;"A";26.49;"A";19.16;"A";18.06;"A"
"2025-12-06 02:45";2.82;"A";80.32;"A";1014.81;"A";62;"A";32;"A";0;"A";16;"A";16;"A";24.72;"A";17.86;"A";16.82;"A"
"2025-12-06 03:00";2.81;"A";80.13;"A";1014.7;"A";61;"A";32;"A";0;"A";17;"A";16;"A";23;"A";16.6;"A";15.62;"A"
"2025-12-06 03:15";2.84;"A";80.05;"A";1014.8;"A";61;"A";33;"A";0;"A";16;"A";17;"A";23.38;"A";16.88;"A";15.88;"A"
"2025-12-06 03:30";2.92;"A";79.75;"A";1014.73;"A";62;"A";32;"A";0;"A";16;"A";16;"A";23.85;"A";17.23;"A";16.21;"A"
"2025-12-06 03:45";2.87;"A";79.85;"A";1014.71;"A";63;"A";33;"A";0;"A";16;"A";16;"A";23.62;"A";17.06;"A";16.05;"A"
"2025-12-06 04:00";2.85;"A";79.64;"A";1014.67;"A";66;"A";33;"A";0;"A";16;"A";17;"A";22.89;"A";16.64;"A";15.45;"A"
"2025-12-06 04:15";2.81;"A";79.53;"A";1014.56;"A";68;"A";33;"A";0;"A";17;"A";17;"A";22.2;"A";16.07;"A";14.7;"A"
"2025-12-06 04:30";2.78;"A";79.15;"A";1014.64;"A";66;"A";34;"A";0;"A";17;"A";17;"A";23.58;"A";18.66;"A";13.95;"A"
"2025-12-06 04:45";2.83;"A";79.08;"A";1014.8;"A";62;"A";34;"A";0;"A";17;"A";17;"A";23.13;"A";18.59;"A";13.93;"A"
"2025-12-06 05:00";2.85;"A";78.93;"A";1014.81;"A";61;"A";34;"A";0;"A";16;"A";17;"A";24.13;"A";18.84;"A";14.53;"A"
"2025-12-06 05:15";2.84;"A";78.33;"A";1014.75;"A";59;"A";34;"A";0;"A";17;"A";18;"A";26.83;"A";21.64;"A";14.95;"A"
"2025-12-06 05:30";2.9;"A";78.1;"A";1014.86;"A";57;"A";35;"A";0;"A";17;"A";17;"A";26.67;"A";21.15;"A";14.53;"A"
"2025-12-06 05:45";2.95;"A";77.74;"A";1014.79;"A";55;"A";36;"A";0;"A";18;"A";17;"A";27.57;"A";21.25;"A";14.78;"A"
"2025-12-06 06:00";2.99;"A";77.21;"A";1014.75;"A";54;"A";36;"A";0;"A";18;"A";18;"A";28.84;"A";22.87;"A";16.51;"A"
"2025-12-06 06:15";3.05;"A";76.92;"A";1014.89;"A";54;"A";37;"A";0;"A";19;"A";18;"A";29.88;"A";24.47;"A";17.69;"A"
"2025-12-06 06:30";3.07;"A";76.33;"A";1014.99;"A";50;"A";38;"A";0;"A";20;"A";18;"A";26.8;"A";21.32;"A";15.38;"A"
"2025-12-06 06:45";3.07;"A";75.55;"A";1014.84;"A";49;"A";39;"A";0;"A";20;"A";19;"A";23.59;"A";18.72;"A";13.37;"A"
"2025-12-06 07:00";3.04;"A";75.57;"A";1014.76;"A";53;"A";38;"A";0;"A";20;"A";18;"A";23.02;"A";17.84;"A";12.96;"A"
"2025-12-06 07:15";3;"A";75.68;"A";1014.66;"A";52;"A";38;"A";0;"A";20;"A";18;"A";22.57;"A";18.15;"A";12.79;"A"
"2025-12-06 07:30";2.9;"A";75.72;"A";1014.61;"A";58;"A";38;"A";0;"A";20;"A";18;"A";22.54;"A";16.8;"A";12;"A"
"2025-12-06 07:45";2.86;"A";75.83;"A";1014.57;"A";63;"A";39;"A";0;"A";22;"A";17;"A";19.99;"A";15.47;"A";11.31;"A"
"2025-12-06 08:00";2.85;"A";75.95;"A";1014.63;"A";67;"A";38;"A";0;"A";22;"A";16;"A";21.43;"A";16.61;"A";11.49;"A"
"2025-12-06 08:15";2.85;"A";75.91;"A";1014.61;"A";75;"A";38;"A";0;"A";22;"A";16;"A";20.38;"A";16.08;"A";11.4;"A"
"2025-12-06 08:30";2.9;"A";75.64;"A";1014.67;"A";99;"A";40;"A";0;"A";24;"A";15;"A";20.37;"A";15.57;"A";11.23;"A"
"2025-12-06 08:45";2.95;"A";75.54;"A";1014.69;"A";99;"A";40;"A";0;"A";23;"A";16;"A";17.8;"A";12.44;"A";9.02;"A"
"2025-12-06 09:00";3.07;"A";75.15;"A";1014.72;"A";99;"A";41;"A";0;"A";25;"A";16;"A";18.2;"A";14.03;"A";9.56;"A"
"2025-12-06 09:15";3.1;"A";74.77;"A";1014.58;"A";110;"A";41;"A";0;"A";27;"A";15;"A";16.8;"A";12.95;"A";8.68;"A"
"2025-12-06 09:30";3.2;"A";74.45;"A";1014.7;"A";104;"A";42;"A";0;"A";26;"A";15;"A";16.16;"A";12.69;"A";9.13;"A"
"2025-12-06 09:45";3.27;"A";74.71;"A";1014.82;"A";102;"A";41;"A";0;"A";27;"A";14;"A";18.3;"A";13.74;"A";9.52;"A"
"2025-12-06 10:00";3.35;"A";74.48;"A";1014.68;"A";135;"A";40;"A";0;"A";24;"A";16;"A";18.14;"A";13.63;"A";9.86;"A"
"2025-12-06 10:15";3.45;"A";74.45;"A";1014.77;"A";107;"A";40;"A";0;"A";23;"A";17;"A";14.97;"A";11.52;"A";8.1;"A"
"2025-12-06 10:30";3.54;"A";74.12;"A";1014.68;"A";90;"A";39;"A";0;"A";23;"A";16;"A";15.66;"A";11.89;"A";8.23;"A"
"2025-12-06 10:45";3.63;"A";73.73;"A";1014.71;"A";100;"A";38;"A";0;"A";22;"A";16;"A";16.09;"A";11.76;"A";8.33;"A"
"2025-12-06 11:00";3.67;"A";73.49;"A";1014.47;"A";100;"A";37;"A";0;"A";23;"A";15;"A";17.43;"A";12.59;"A";8.66;"A"
"2025-12-06 11:15";3.72;"A";73.8;"A";1014.25;"A";99;"A";36;"A";0;"A";22;"A";14;"A";25.63;"A";18.77;"A";12.85;"A"
"2025-12-06 11:30";3.78;"A";73.69;"A";1013.93;"A";113;"A";36;"A";0;"A";21;"A";15;"A";26.37;"A";20.86;"A";14.73;"A"
"2025-12-06 11:45";3.81;"A";73.98;"A";1014.02;"A";101;"A";35;"A";0;"A";21;"A";14;"A";17.7;"A";13.82;"A";9.87;"A"
"2025-12-06 12:00";3.81;"A";74.17;"A";1013.92;"A";118;"A";35;"A";0;"A";21;"A";14;"A";18.82;"A";13.09;"A";8.98;"A"
"2025-12-06 12:15";3.88;"A";74.5;"A";1013.64;"A";124;"A";35;"A";0;"A";22;"A";13;"A";17.76;"A";13.68;"A";9.53;"A"
"2025-12-06 12:30";3.82;"A";74.76;"A";1013.54;"A";134;"A";34;"A";0;"A";21;"A";13;"A";23.09;"A";17.68;"A";12.12;"A"
"2025-12-06 12:45";3.86;"A";75.36;"A";1013.6;"A";168;"A";34;"A";0;"A";22;"A";12;"A";22.3;"A";18.31;"A";13.04;"A"
"2025-12-06 13:00";3.9;"A";75.74;"A";1013.49;"A";171;"A";34;"A";0;"A";23;"A";11;"A";19.95;"A";15.23;"A";10.69;"A"
"2025-12-06 13:15";3.89;"A";76.27;"A";1013.41;"A";140;"A";33;"A";0;"A";21;"A";12;"A";18.34;"A";14.46;"A";10.12;"A"
"2025-12-06 13:30";3.95;"A";76.97;"A";1013.41;"A";161;"A";34;"A";0;"A";23;"A";11;"A";19.79;"A";16.13;"A";11.31;"A"
"2025-12-06 13:45";3.97;"A";77.23;"A";1013.35;"A";133;"A";33;"A";0;"A";21;"A";12;"A";18.31;"A";15.04;"A";11.04;"A"
"2025-12-06 14:00";3.98;"A";77.81;"A";1013.34;"A";110;"A";33;"A";0;"A";22;"A";12;"A";20.74;"A";16.36;"A";11.99;"A"
"2025-12-06 14:15";3.99;"A";78.42;"A";1013.26;"A";90;"A";32;"A";0;"A";20;"A";12;"A";18.24;"A";13.11;"A";12.28;"A"
"2025-12-06 14:30";4.07;"A";79.09;"A";1013.17;"A";124;"A";32;"A";0;"A";19;"A";13;"A";19.5;"A";14.04;"A";13.17;"A"
"2025-12-06 14:45";4.15;"A";79.05;"A";1013.28;"A";181;"A";32;"A";0;"A";19;"A";12;"A";24.48;"A";17.68;"A";16.65;"A"
"2025-12-06 15:00";4.27;"A";79.08;"A";1013.14;"A";177;"A";32;"A";0;"A";20;"A";12;"A";21.49;"A";15.5;"A";14.56;"A"
"2025-12-06 15:15";4.27;"A";79.4;"A";1013.12;"A";123;"A";32;"A";0;"A";20;"A";12;"A";20.54;"A";14.8;"A";13.89;"A"
"2025-12-06 15:30";4.26;"A";79.76;"A";1013.06;"A";147;"A";31;"A";0;"A";20;"A";11;"A";20.56;"A";14.82;"A";13.91;"A"
"2025-12-06 15:45";4.28;"A";79.98;"A";1013.05;"A";128;"A";31;"A";0;"A";19;"A";11;"A";21.14;"A";15.24;"A";14.31;"A"
"2025-12-06 16:00";4.29;"A";80.16;"A";1013.03;"A";117;"A";31;"A";0;"A";19;"A";12;"A";20.76;"A";14.96;"A";14.05;"A"
"2025-12-06 16:15";4.32;"A";80.26;"A";1013.08;"A";112;"A";30;"A";0;"A";18;"A";12;"A";24.35;"A";17.59;"A";16.56;"A"
"2025-12-06 16:30";4.26;"A";80.86;"A";1013.14;"A";130;"A";30;"A";0;"A";20;"A";10;"A";22.52;"A";16.25;"A";15.28;"A"
"2025-12-06 16:45";4.27;"A";80.93;"A";1013.17;"A";134;"A";30;"A";0;"A";19;"A";10;"A";23.62;"A";17.06;"A";16.05;"A"
"2025-12-06 17:00";4.31;"A";81.17;"A";1013.22;"A";142;"A";29;"A";0;"A";18;"A";11;"A";24.97;"A";18.05;"A";17;"A"
"2025-12-06 17:15";4.36;"A";81.35;"A";1013.34;"A";135;"A";29;"A";0;"A";18;"A";11;"A";25.19;"A";18.21;"A";17.15;"A"
"2025-12-06 17:30";4.33;"A";81.89;"A";1013.26;"A";134;"A";29;"A";0;"A";17;"A";11;"A";25.56;"A";18.47;"A";17.4;"A"
"2025-12-06 17:45";4.32;"A";82.56;"A";1013.22;"A";188;"A";28;"A";0;"A";18;"A";10;"A";26.59;"A";19.24;"A";18.13;"A"
"2025-12-06 18:00";4.36;"A";82.77;"A";1013.24;"A";212;"A";28;"A";0;"A";18;"A";10;"A";28.44;"A";20.59;"A";19.43;"A"
"2025-12-06 18:15";4.35;"A";82.89;"A";1013.32;"A";158;"A";27;"A";0;"A";16;"A";11;"A";27.72;"A";20.06;"A";18.92;"A"
"2025-12-06 18:30";4.29;"A";83.15;"A";1013.17;"A";154;"A";27;"A";0;"A";16;"A";11;"A";28.76;"A";20.82;"A";19.65;"A"
"2025-12-06 18:45";4.29;"A";83.4;"A";1013.17;"A";164;"A";27;"A";0;"A";16;"A";11;"A";29.3;"A";21.22;"A";20.02;"A"
"2025-12-06 19:00";4.29;"A";83.81;"A";1013.21;"A";168;"A";26;"A";0;"A";16;"A";10;"A";30.07;"A";21.78;"A";20.57;"A"
"2025-12-06 19:15";4.26;"A";84.23;"A";1012.96;"A";209;"A";27;"A";0;"A";18;"A";9;"A";30.06;"A";21.77;"A";20.56;"A"
"2025-12-06 19:30";4.21;"A";84.51;"A";1012.89;"A";198;"A";26;"A";0;"A";17;"A";9;"A";29.16;"A";21.12;"A";19.93;"A"
"2025-12-06 19:45";4.23;"A";84.77;"A";1012.89;"A";197;"A";26;"A";0;"A";16;"A";9;"A";31.46;"A";22.8;"A";21.54;"A"
"2025-12-06 20:00";4.23;"A";84.62;"A";1012.84;"A";166;"A";25;"A";0;"A";15;"A";9;"A";31.03;"A";22.48;"A";21.24;"A"
"2025-12-06 20:15";4.27;"A";84.44;"A";1012.84;"A";161;"A";25;"A";0;"A";15;"A";10;"A";31.19;"A";22.6;"A";21.35;"A"
"2025-12-06 20:30";4.35;"A";84.45;"A";1012.75;"A";168;"A";25;"A";0;"A";16;"A";9;"A";32.5;"A";23.56;"A";22.27;"A"
"2025-12-06 20:45";4.45;"A";84.65;"A";1012.68;"A";143;"A";25;"A";0;"A";14;"A";11;"A";33.11;"A";24.01;"A";22.69;"A"
"2025-12-06 21:00";4.5;"A";84.88;"A";1012.49;"A";140;"A";24;"A";0;"A";12;"A";12;"A";37.06;"A";26.9;"A";25.46;"A"
"2025-12-06 21:15";4.57;"A";84.93;"A";1012.41;"A";141;"A";24;"A";1;"A";12;"A";12;"A";42.06;"A";30.56;"A";28.96;"A"
"2025-12-06 21:30";4.66;"A";84.77;"A";1012.41;"A";127;"A";24;"A";1;"A";12;"A";12;"A";42.19;"A";30.66;"A";29.05;"A"
"2025-12-06 21:45";4.73;"A";84.87;"A";1012.36;"A";142;"A";25;"A";0;"A";12;"A";12;"A";39.5;"A";28.69;"A";27.17;"A"
"2025-12-06 22:00";4.82;"A";84.9;"A";1012.34;"A";141;"A";25;"A";0;"A";13;"A";12;"A";39.17;"A";28.45;"A";26.93;"A"
"2025-12-06 22:15";4.87;"A";85.01;"A";1012.36;"A";125;"A";24;"A";0;"A";12;"A";12;"A";36.61;"A";26.58;"A";25.15;"A"
"2025-12-06 22:30";4.91;"A";85.02;"A";1012.37;"A";117;"A";24;"A";0;"A";12;"A";12;"A";36.49;"A";26.49;"A";25.06;"A"
"2025-12-06 22:45";4.99;"A";84.89;"A";1012.33;"A";117;"A";25;"A";0;"A";12;"A";13;"A";37.54;"A";27.26;"A";25.8;"A"
"2025-12-06 23:00";5.05;"A";84.93;"A";1012.28;"A";122;"A";24;"A";0;"A";12;"A";13;"A";38.5;"A";27.96;"A";26.47;"A"
"2025-12-06 23:15";5.13;"A";84.67;"A";1012.34;"A";98;"A";25;"A";0;"A";11;"A";14;"A";38.61;"A";28.04;"A";26.54;"A"
"2025-12-06 23:30";5.24;"A";84.49;"A";1012.37;"A";98;"A";25;"A";0;"A";11;"A";14;"A";38.52;"A";27.97;"A";26.48;"A"
"2025-12-06 23:45";5.34;"A";84.33;"A";1012.46;"A";96;"A";26;"A";0;"A";11;"A";15;"A";39.6;"A";28.77;"A";27.24;"A"
"2025-12-07 00:00";5.4;"A";84.23;"A";1012.32;"A";96;"A";26;"A";0;"A";10;"A";15;"A";40.08;"A";29.12;"A";27.57;"A"
"2025-12-07 00:15";5.44;"A";84.33;"A";1012.37;"A";103;"A";26;"A";0;"A";11;"A";15;"A";39.9;"A";28.98;"A";27.45;"A"
"2025-12-07 00:30";5.48;"A";84.28;"A";1012.3;"A";95;"A";25;"A";0;"A";10;"A";15;"A";39.45;"A";28.65;"A";27.13;"A"
"2025-12-07 00:45";5.51;"A";84.26;"A";1012.3;"A";98;"A";25;"A";0;"A";11;"A";15;"A";38.31;"A";27.82;"A";26.33;"A"
"2025-12-07 01:00";5.53;"A";84.32;"A";1012.22;"A";115;"A";25;"A";0;"A";10;"A";15;"A";38.22;"A";27.75;"A";26.27;"A"
"2025-12-07 01:15";5.54;"A";84.4;"A";1012.15;"A";130;"A";26;"A";0;"A";11;"A";15;"A";36.3;"A";26.35;"A";24.93;"A"
"2025-12-07 01:30";5.57;"A";84.2;"A";1012.25;"A";118;"A";25;"A";0;"A";10;"A";15;"A";35.74;"A";25.93;"A";24.53;"A"
"2025-12-07 01:45";5.58;"A";84.32;"A";1012.08;"A";117;"A";25;"A";0;"A";10;"A";15;"A";35.62;"A";25.85;"A";24.45;"A"
"2025-12-07 02:00";5.6;"A";84.35;"A";1011.81;"A";133;"A";25;"A";0;"A";10;"A";15;"A";34.99;"A";25.39;"A";24.01;"A"
"2025-12-07 02:15";5.65;"A";84.18;"A";1011.8;"A";114;"A";25;"A";0;"A";10;"A";15;"A";33.01;"A";23.94;"A";22.63;"A"
"2025-12-07 02:30";5.77;"A";83.7;"A";1011.54;"A";97;"A";27;"A";0;"A";11;"A";16;"A";30.08;"A";21.79;"A";20.58;"A"
"2025-12-07 02:45";5.85;"A";83.48;"A";1011.3;"A";87;"A";27;"A";0;"A";11;"A";16;"A";28.19;"A";20.41;"A";19.25;"A"
"2025-12-07 03:00";5.88;"A";83.27;"A";1011.22;"A";92;"A";27;"A";0;"A";11;"A";16;"A";28.58;"A";20.69;"A";19.52;"A"
"2025-12-07 03:15";5.88;"A";83.42;"A";1011.14;"A";90;"A";27;"A";0;"A";11;"A";16;"A";30.22;"A";21.89;"A";20.67;"A"
"2025-12-07 03:30";5.91;"A";83.22;"A";1011.12;"A";87;"A";27;"A";0;"A";11;"A";16;"A";29.78;"A";21.57;"A";20.36;"A"
"2025-12-07 03:45";5.91;"A";83.14;"A";1011.03;"A";83;"A";27;"A";0;"A";11;"A";16;"A";28.07;"A";20.32;"A";19.17;"A"
"2025-12-07 04:00";5.94;"A";82;"A";1010.88;"A";71;"A";30;"A";0;"A";11;"A";19;"A";23.58;"A";17.03;"A";16.02;"A"
"2025-12-07 04:15";5.96;"A";79.86;"A";1010.83;"A";53;"A";36;"A";0;"A";15;"A";21;"A";15.45;"A";11.53;"A";10.13;"A"
"2025-12-07 04:30";5.96;"A";79.31;"A";1010.83;"A";44;"A";38;"A";0;"A";16;"A";23;"A";12.63;"A";9;"A";8.36;"A"
"2025-12-07 04:45";5.89;"A";79.19;"A";1010.86;"A";40;"A";39;"A";0;"A";16;"A";22;"A";11.75;"A";8.36;"A";7.74;"A"
"2025-12-07 05:00";5.84;"A";79.25;"A";1010.82;"A";46;"A";39;"A";0;"A";16;"A";23;"A";12.76;"A";9.1;"A";8.45;"A"
"2025-12-07 05:15";5.81;"A";79.38;"A";1010.85;"A";43;"A";38;"A";0;"A";16;"A";22;"A";13.81;"A";9.87;"A";9.18;"A"
"2025-12-07 05:30";5.77;"A";78.72;"A";1010.84;"A";46;"A";39;"A";0;"A";17;"A";22;"A";15.5;"A";11.27;"A";10.06;"A"
"2025-12-07 05:45";5.7;"A";79.55;"A";1010.78;"A";48;"A";38;"A";0;"A";17;"A";21;"A";16.44;"A";11.8;"A";11.03;"A"
"2025-12-07 06:00";5.66;"A";80.39;"A";1010.63;"A";48;"A";37;"A";0;"A";16;"A";21;"A";17.68;"A";12.7;"A";11.89;"A"
"2025-12-07 06:15";5.65;"A";81.87;"A";1010.62;"A";59;"A";35;"A";0;"A";16;"A";19;"A";26.93;"A";19.48;"A";18.37;"A"
"2025-12-07 06:30";5.54;"A";81;"A";1010.75;"A";69;"A";34;"A";0;"A";15;"A";19;"A";31.03;"A";22.48;"A";21.24;"A"
"2025-12-07 06:45";5.38;"A";79.8;"A";1011.02;"A";51;"A";35;"A";0;"A";16;"A";19;"A";25.17;"A";18.19;"A";17.13;"A"
"2025-12-07 07:00";5.32;"A";79.54;"A";1011.11;"A";53;"A";36;"A";0;"A";17;"A";19;"A";23.82;"A";17.2;"A";16.19;"A"
"2025-12-07 07:15";5.23;"A";80.84;"A";1010.95;"A";124;"A";41;"A";0;"A";28;"A";13;"A";29.26;"A";21.19;"A";20;"A"
"2025-12-07 07:30";5.17;"A";80.57;"A";1010.98;"A";96;"A";36;"A";0;"A";18;"A";18;"A";30.48;"A";22.08;"A";20.85;"A"
"2025-12-07 07:45";5.05;"A";80.48;"A";1011.03;"A";90;"A";35;"A";0;"A";16;"A";18;"A";32.04;"A";23.23;"A";21.95;"A"
"2025-12-07 08:00";4.95;"A";80.87;"A";1010.92;"A";88;"A";35;"A";0;"A";17;"A";18;"A";32.44;"A";23.52;"A";22.22;"A"
"2025-12-07 08:15";4.74;"A";81.31;"A";1010.86;"A";82;"A";34;"A";0;"A";17;"A";18;"A";36.08;"A";26.19;"A";24.77;"A"
"2025-12-07 08:30";4.63;"A";81.23;"A";1010.86;"A";93;"A";35;"A";0;"A";17;"A";18;"A";34.73;"A";25.19;"A";23.83;"A"
"2025-12-07 08:45";4.44;"A";81.07;"A";1010.76;"A";89;"A";35;"A";0;"A";17;"A";18;"A";35.48;"A";25.75;"A";24.35;"A"
"2025-12-07 09:00";4.35;"A";80.61;"A";1010.68;"A";96;"A";35;"A";0;"A";18;"A";17;"A";32.42;"A";23.5;"A";22.21;"A"
"2025-12-07 09:15";4.21;"A";80.9;"A";1010.63;"A";118;"A";36;"A";0;"A";20;"A";16;"A";36.28;"A";26.33;"A";24.91;"A"
"2025-12-07 09:30";4.11;"A";81.14;"A";1010.78;"A";121;"A";36;"A";0;"A";19;"A";17;"A";33.89;"A";24.58;"A";23.24;"A"
"2025-12-07 09:45";4.05;"A";81.04;"A";1010.93;"A";148;"A";36;"A";0;"A";19;"A";17;"A";31.4;"A";22.77;"A";21.2;"A"
"2025-12-07 10:00";3.97;"A";81.92;"A";1011.04;"A";99;"A";36;"A";0;"A";19;"A";17;"A";34.67;"A";25.15;"A";23.78;"A"
"2025-12-07 10:15";3.94;"A";81.72;"A";1011.16;"A";112;"A";35;"A";0;"A";19;"A";16;"A";38.71;"A";28.11;"A";26.61;"A"
"2025-12-07 10:30";3.92;"A";81.12;"A";1010.99;"A";142;"A";36;"A";0;"A";20;"A";16;"A";34.32;"A";24.9;"A";23.54;"A"
"2025-12-07 10:45";3.88;"A";81.82;"A";1011.14;"A";98;"A";35;"A";0;"A";20;"A";15;"A";46.23;"A";33.62;"A";31.88;"A"
"2025-12-07 11:00";3.97;"A";81.34;"A";1011.09;"A";99;"A";34;"A";0;"A";20;"A";15;"A";47.32;"A";34.42;"A";32.64;"A"
"2025-12-07 11:15";4.03;"A";81.02;"A";1010.78;"A";97;"A";35;"A";0;"A";20;"A";15;"A";45.48;"A";33.07;"A";31.35;"A"
"2025-12-07 11:30";4.1;"A";80.67;"A";1010.3;"A";87;"A";35;"A";0;"A";19;"A";16;"A";41.29;"A";30;"A";28.42;"A"
"2025-12-07 11:45";4.19;"A";80.37;"A";1010.08;"A";83;"A";37;"A";0;"A";20;"A";17;"A";36.77;"A";26.69;"A";25.25;"A"
"2025-12-07 12:00";4.29;"A";80.19;"A";1010.04;"A";85;"A";36;"A";0;"A";21;"A";16;"A";37.12;"A";26.95;"A";25.5;"A"
"2025-12-07 12:15";4.27;"A";79.92;"A";1010;"A";81;"A";37;"A";0;"A";21;"A";16;"A";35.38;"A";25.67;"A";24.28;"A"
"2025-12-07 12:30";4.39;"A";79.5;"A";1010.11;"A";88;"A";37;"A";0;"A";21;"A";16;"A";36.69;"A";27.46;"A";23.73;"A"
"2025-12-07 12:45";4.41;"A";79.17;"A";1010.2;"A";75;"A";37;"A";0;"A";22;"A";16;"A";37.22;"A";28.59;"A";23.76;"A"
"2025-12-07 13:00";4.41;"A";78.76;"A";1009.96;"A";71;"A";38;"A";0;"A";21;"A";16;"A";38.08;"A";29.35;"A";23.09;"A"
"2025-12-07 13:15";4.41;"A";79.07;"A";1009.86;"A";83;"A";37;"A";0;"A";21;"A";16;"A";36.51;"A";28.03;"A";24.04;"A"
"2025-12-07 13:30";4.52;"A";79.06;"A";1009.75;"A";86;"A";37;"A";0;"A";21;"A";16;"A";34.95;"A";25.54;"A";23.47;"A"
"2025-12-07 13:45";4.54;"A";79.17;"A";1009.78;"A";89;"A";37;"A";0;"A";22;"A";15;"A";33.71;"A";24.45;"A";23.11;"A"
"2025-12-07 14:00";4.58;"A";79.19;"A";1009.45;"A";88;"A";37;"A";0;"A";21;"A";16;"A";32.71;"A";23.71;"A";22.41;"A"
"2025-12-07 14:15";4.62;"A";78.77;"A";1009.3;"A";89;"A";37;"A";0;"A";21;"A";16;"A";34.44;"A";25.94;"A";21.38;"A"
"2025-12-07 14:30";4.66;"A";78.49;"A";1009.19;"A";81;"A";37;"A";0;"A";20;"A";17;"A";32.97;"A";24.99;"A";20.85;"A"
"2025-12-07 14:45";4.67;"A";77.59;"A";1008.96;"A";83;"A";37;"A";0;"A";20;"A";17;"A";33.38;"A";26.5;"A";18.6;"A"
"2025-12-07 15:00";4.7;"A";78.08;"A";1008.74;"A";88;"A";38;"A";0;"A";21;"A";17;"A";31.97;"A";25.08;"A";18.32;"A"
"2025-12-07 15:15";4.77;"A";78.02;"A";1008.55;"A";96;"A";37;"A";0;"A";20;"A";17;"A";31.59;"A";25.81;"A";18.46;"A"
"2025-12-07 15:30";4.68;"A";77.77;"A";1008.32;"A";107;"A";38;"A";0;"A";22;"A";16;"A";34.46;"A";26.37;"A";19.1;"A"
"2025-12-07 15:45";4.56;"A";77.88;"A";1008.34;"A";119;"A";39;"A";0;"A";23;"A";16;"A";33.28;"A";27.35;"A";19.47;"A"
"2025-12-07 16:00";4.51;"A";78.08;"A";1008.3;"A";95;"A";38;"A";0;"A";22;"A";16;"A";32.27;"A";26.38;"A";18.78;"A"
"2025-12-07 16:15";4.42;"A";78.48;"A";1008.26;"A";87;"A";38;"A";0;"A";21;"A";16;"A";33.07;"A";25.66;"A";19.45;"A"
"2025-12-07 16:30";4.39;"A";78.93;"A";1008.4;"A";87;"A";38;"A";0;"A";22;"A";16;"A";25.15;"A";18.18;"A";17.12;"A"
"2025-12-07 16:45";4.36;"A";79.46;"A";1008.52;"A";86;"A";38;"A";0;"A";21;"A";17;"A";21.44;"A";15.46;"A";14.53;"A"
"2025-12-07 17:00";4.41;"A";79.3;"A";1008.6;"A";94;"A";37;"A";0;"A";20;"A";17;"A";19.35;"A";13.93;"A";13.06;"A"
"2025-12-07 17:15";4.45;"A";79.71;"A";1008.72;"A";79;"A";37;"A";0;"A";19;"A";17;"A";19.9;"A";14.33;"A";13.44;"A"
"2025-12-07 17:30";4.46;"A";79.79;"A";1008.85;"A";77;"A";37;"A";0;"A";20;"A";17;"A";20.37;"A";14.68;"A";13.78;"A"
"2025-12-07 17:45";4.49;"A";79.49;"A";1008.69;"A";96;"A";37;"A";0;"A";20;"A";16;"A";19.9;"A";14.33;"A";13.44;"A"
"2025-12-07 18:00";4.56;"A";79.21;"A";1008.66;"A";95;"A";37;"A";0;"A";20;"A";17;"A";19.12;"A";13.76;"A";12.9;"A"
"2025-12-07 18:15";4.51;"A";79.68;"A";1008.8;"A";91;"A";37;"A";0;"A";20;"A";16;"A";18.7;"A";13.45;"A";12.61;"A"
"2025-12-07 18:30";4.47;"A";79.55;"A";1008.72;"A";94;"A";37;"A";0;"A";20;"A";17;"A";19.34;"A";13.92;"A";13.06;"A"
"2025-12-07 18:45";4.43;"A";79.43;"A";1008.86;"A";90;"A";36;"A";0;"A";20;"A";16;"A";20.11;"A";14.49;"A";13.59;"A"
"2025-12-07 19:00";4.43;"A";78.98;"A";1008.76;"A";98;"A";36;"A";0;"A";20;"A";16;"A";21.68;"A";15.64;"A";14.69;"A"
"2025-12-07 19:15";4.42;"A";78.64;"A";1008.81;"A";86;"A";36;"A";0;"A";20;"A";16;"A";21.86;"A";15.77;"A";14.82;"A"
"2025-12-07 19:30";4.36;"A";78.66;"A";1008.71;"A";90;"A";37;"A";0;"A";20;"A";16;"A";23.69;"A";17.58;"A";15.65;"A"
"2025-12-07 19:45";4.37;"A";78.67;"A";1008.74;"A";104;"A";36;"A";0;"A";21;"A";16;"A";23.39;"A";16.84;"A";15.43;"A"
"2025-12-07 20:00";4.42;"A";77.96;"A";1008.77;"A";103;"A";37;"A";0;"A";20;"A";17;"A";24.69;"A";18.37;"A";15.38;"A"
"2025-12-07 20:15";4.41;"A";77.57;"A";1008.82;"A";103;"A";37;"A";0;"A";20;"A";17;"A";24.82;"A";18.83;"A";15.77;"A"
"2025-12-07 20:30";4.44;"A";77.05;"A";1008.76;"A";88;"A";38;"A";0;"A";21;"A";17;"A";27.19;"A";21.09;"A";14.75;"A"
"2025-12-07 20:45";4.43;"A";76.74;"A";1008.75;"A";71;"A";38;"A";0;"A";21;"A";18;"A";25.82;"A";19.7;"A";13.87;"A"
"2025-12-07 21:00";4.43;"A";76.57;"A";1008.83;"A";67;"A";39;"A";0;"A";21;"A";18;"A";24.86;"A";20.3;"A";14.22;"A"
"2025-12-07 21:15";4.44;"A";76.29;"A";1008.79;"A";61;"A";38;"A";0;"A";20;"A";18;"A";26.06;"A";19.97;"A";14.31;"A"
"2025-12-07 21:30";4.49;"A";76.36;"A";1008.7;"A";56;"A";39;"A";0;"A";20;"A";19;"A";27.42;"A";21.44;"A";14.88;"A"
"2025-12-07 21:45";4.5;"A";76.34;"A";1008.69;"A";55;"A";38;"A";0;"A";20;"A";18;"A";28.66;"A";22.47;"A";15.44;"A"
"2025-12-07 22:00";4.49;"A";76.25;"A";1008.74;"A";56;"A";38;"A";0;"A";19;"A";19;"A";28.95;"A";22.82;"A";16.25;"A"
"2025-12-07 22:15";4.48;"A";76.42;"A";1008.73;"A";56;"A";38;"A";0;"A";19;"A";19;"A";29.95;"A";23.64;"A";16.47;"A"
"2025-12-07 22:30";4.48;"A";76.27;"A";1008.56;"A";62;"A";38;"A";0;"A";19;"A";18;"A";29.48;"A";23.3;"A";16.49;"A"
"2025-12-07 22:45";4.48;"A";76.23;"A";1008.63;"A";63;"A";38;"A";0;"A";19;"A";18;"A";28.64;"A";22.94;"A";16.52;"A"
"2025-12-07 23:00";4.52;"A";76.29;"A";1008.72;"A";67;"A";37;"A";0;"A";19;"A";19;"A";30.25;"A";24.98;"A";17.46;"A"
"2025-12-07 23:15";4.44;"A";76.79;"A";1008.68;"A";78;"A";37;"A";0;"A";19;"A";18;"A";32.66;"A";26.9;"A";18.56;"A"
"2025-12-07 23:30";4.28;"A";77.71;"A";1008.88;"A";75;"A";36;"A";0;"A";19;"A";18;"A";32.89;"A";27.11;"A";18.95;"A"
"2025-12-07 23:45";4.18;"A";78.21;"A";1008.89;"A";77;"A";36;"A";0;"A";18;"A";17;"A";34.14;"A";28.24;"A";19.69;"A"
"2025-12-08 00:00";4.17;"A";78.35;"A";1008.84;"A";67;"A";36;"A";0;"A";18;"A";18;"A";35.48;"A";29.37;"A";20.15;"A"
"2025-12-08 00:15";4.05;"A";78.65;"A";1008.7;"A";67;"A";36;"A";0;"A";21;"A";15;"A";36.74;"A";29.42;"A";20.23;"A"
"2025-12-08 00:30";3.91;"A";79.35;"A";1008.68;"A";63;"A";35;"A";0;"A";18;"A";17;"A";33.6;"A";26.49;"A";20.32;"A"
"2025-12-08 00:45";3.78;"A";79.7;"A";1008.6;"A";58;"A";34;"A";0;"A";17;"A";17;"A";32.1;"A";23.4;"A";20.54;"A"
"2025-12-08 01:00";3.67;"A";79.9;"A";1008.47;"A";56;"A";34;"A";0;"A";17;"A";17;"A";30.94;"A";22.42;"A";21.17;"A"
"2025-12-08 01:15";3.66;"A";79.8;"A";1008.52;"A";52;"A";35;"A";0;"A";17;"A";18;"A";31.07;"A";22.51;"A";21.26;"A"
"2025-12-08 01:30";3.58;"A";80.07;"A";1008.5;"A";47;"A";34;"A";0;"A";17;"A";17;"A";31.19;"A";22.6;"A";21.35;"A"
"2025-12-08 01:45";3.63;"A";79.95;"A";1008.66;"A";47;"A";35;"A";0;"A";18;"A";17;"A";32.39;"A";23.48;"A";22.19;"A"
"2025-12-08 02:00";3.62;"A";80.12;"A";1008.56;"A";45;"A";35;"A";0;"A";18;"A";17;"A";33.12;"A";24.01;"A";22.7;"A"
"2025-12-08 02:15";3.59;"A";80.12;"A";1008.57;"A";45;"A";35;"A";0;"A";18;"A";17;"A";33.55;"A";24.33;"A";23;"A"
"2025-12-08 02:30";3.59;"A";79.89;"A";1008.58;"A";49;"A";34;"A";0;"A";18;"A";17;"A";33.84;"A";24.54;"A";23.2;"A"
"2025-12-08 02:45";3.55;"A";80.02;"A";1008.46;"A";45;"A";35;"A";0;"A";18;"A";17;"A";34.14;"A";24.77;"A";23.42;"A"
"2025-12-08 03:00";3.5;"A";80.13;"A";1008.35;"A";44;"A";35;"A";0;"A";18;"A";17;"A";34.67;"A";25.15;"A";23.79;"A"
"2025-12-08 03:15";3.52;"A";79.97;"A";1008.32;"A";44;"A";35;"A";0;"A";18;"A";17;"A";34.94;"A";25.35;"A";23.97;"A"
"2025-12-08 03:30";3.49;"A";80.06;"A";1008.35;"A";46;"A";35;"A";0;"A";17;"A";17;"A";35.52;"A";25.77;"A";24.38;"A"
"2025-12-08 03:45";3.54;"A";79.71;"A";1008.37;"A";45;"A";35;"A";0;"A";18;"A";17;"A";33.93;"A";24.61;"A";23.27;"A"
"2025-12-08 04:00";3.55;"A";79.63;"A";1008.42;"A";42;"A";35;"A";0;"A";18;"A";17;"A";33.03;"A";23.95;"A";22.64;"A"
"2025-12-08 04:15";3.61;"A";79.3;"A";1008.47;"A";40;"A";35;"A";0;"A";18;"A";17;"A";32.34;"A";23.44;"A";22.15;"A"
"2025-12-08 04:30";3.65;"A";79;"A";1008.53;"A";41;"A";34;"A";0;"A";18;"A";17;"A";31.77;"A";23.03;"A";21.76;"A"
"2025-12-08 04:45";3.65;"A";79.04;"A";1008.49;"A";40;"A";34;"A";0;"A";18;"A";16;"A";31.85;"A";23.41;"A";21.13;"A"
"2025-12-08 05:00";3.69;"A";78.79;"A";1008.48;"A";39;"A";35;"A";0;"A";18;"A";17;"A";29.38;"A";21.94;"A";19.33;"A"
"2025-12-08 05:15";3.68;"A";78.82;"A";1008.49;"A";40;"A";35;"A";0;"A";18;"A";16;"A";28.28;"A";20.47;"A";19.32;"A"
"2025-12-08 05:30";3.63;"A";79.22;"A";1008.49;"A";42;"A";35;"A";0;"A";18;"A";16;"A";28.94;"A";20.95;"A";19.77;"A"
"2025-12-08 05:45";3.59;"A";79.51;"A";1008.55;"A";47;"A";34;"A";0;"A";18;"A";16;"A";29.64;"A";21.46;"A";20.26;"A"
"2025-12-08 06:00";3.53;"A";79.85;"A";1008.68;"A";49;"A";34;"A";0;"A";18;"A";15;"A";29.99;"A";21.72;"A";20.51;"A"
"2025-12-08 06:15";3.53;"A";79.97;"A";1008.8;"A";54;"A";34;"A";0;"A";18;"A";16;"A";30.57;"A";22.14;"A";20.91;"A"
"2025-12-08 06:30";3.5;"A";80.13;"A";1009.05;"A";56;"A";33;"A";0;"A";18;"A";15;"A";31.58;"A";22.89;"A";21.62;"A"
"2025-12-08 06:45";3.41;"A";80.23;"A";1009.12;"A";57;"A";34;"A";0;"A";18;"A";16;"A";32.12;"A";23.28;"A";22;"A"
"2025-12-08 07:00";3.35;"A";80.64;"A";1009.09;"A";54;"A";33;"A";0;"A";18;"A";15;"A";30.4;"A";22.02;"A";20.79;"A"
"2025-12-08 07:15";3.32;"A";80;"A";1009.28;"A";62;"A";33;"A";0;"A";18;"A";15;"A";27.65;"A";20.01;"A";18.87;"A"
"2025-12-08 07:30";3.37;"A";79.69;"A";1009.47;"A";67;"A";33;"A";0;"A";19;"A";14;"A";29.4;"A";21.29;"A";20.09;"A"
"2025-12-08 07:45";3.37;"A";78.99;"A";1009.65;"A";76;"A";33;"A";0;"A";20;"A";13;"A";24.64;"A";18.25;"A";16.5;"A"
"2025-12-08 08:00";3.36;"A";78.39;"A";1009.82;"A";79;"A";33;"A";0;"A";20;"A";13;"A";29.94;"A";22.89;"A";15.93;"A"
"2025-12-08 08:15";3.34;"A";78.27;"A";1009.93;"A";84;"A";33;"A";0;"A";21;"A";13;"A";27.75;"A";22.22;"A";15.35;"A"
"2025-12-08 08:30";3.31;"A";77.79;"A";1010.14;"A";86;"A";34;"A";0;"A";21;"A";12;"A";27.31;"A";22.1;"A";15.3;"A"
"2025-12-08 08:45";3.33;"A";77.56;"A";1010.17;"A";84;"A";33;"A";0;"A";21;"A";12;"A";30.7;"A";24.03;"A";16.57;"A"
"2025-12-08 09:00";3.41;"A";77.19;"A";1010.28;"A";401;"A";33;"A";0;"A";20;"A";13;"A";30.1;"A";22.65;"A";15.47;"A"
"2025-12-08 09:15";3.53;"A";76.76;"A";1010.38;"A";138;"A";33;"A";0;"A";20;"A";13;"A";28.06;"A";21.48;"A";15.35;"A"
"2025-12-08 09:30";3.5;"A";76.05;"A";1010.5;"A";97;"A";33;"A";0;"A";19;"A";14;"A";25.68;"A";19.92;"A";13.89;"A"
"2025-12-08 09:45";3.58;"A";76.35;"A";1010.57;"A";107;"A";33;"A";0;"A";21;"A";12;"A";28.48;"A";21.44;"A";14.83;"A"
"2025-12-08 10:00";3.49;"A";76.17;"A";1010.66;"A";79;"A";33;"A";0;"A";19;"A";14;"A";29.61;"A";22.08;"A";15.51;"A"
"2025-12-08 10:15";3.5;"A";76.53;"A";1010.71;"A";104;"A";33;"A";0;"A";21;"A";12;"A";28.31;"A";21.34;"A";14.78;"A"
"2025-12-08 10:30";3.52;"A";73.63;"A";1010.71;"A";84;"A";33;"A";0;"A";20;"A";14;"A";26.63;"A";20.3;"A";14.25;"A"
"2025-12-08 10:45";3.57;"A";75.28;"A";1010.81;"A";99;"A";33;"A";0;"A";20;"A";13;"A";26.69;"A";20.64;"A";14.35;"A"
"2025-12-08 11:00";3.66;"A";73.76;"A";1010.79;"A";82;"A";33;"A";0;"A";20;"A";13;"A";23.77;"A";18.44;"A";12.99;"A"
"2025-12-08 11:15";3.69;"A";72.93;"A";1010.85;"A";95;"A";34;"A";0;"A";21;"A";13;"A";26.46;"A";19.4;"A";13.48;"A"
"2025-12-08 11:30";3.75;"A";72.53;"A";1010.77;"A";109;"A";35;"A";0;"A";22;"A";13;"A";23.98;"A";18.78;"A";13.11;"A"
"2025-12-08 11:45";3.73;"A";71.93;"A";1010.71;"A";163;"A";34;"A";0;"A";21;"A";13;"A";21.96;"A";17.31;"A";11.75;"A"
"2025-12-08 12:00";3.7;"A";71.8;"A";1010.72;"A";172;"A";35;"A";0;"A";23;"A";12;"A";23.24;"A";17.49;"A";12.16;"A"
"2025-12-08 12:15";3.64;"A";72.7;"A";1010.86;"A";160;"A";35;"A";0;"A";22;"A";13;"A";23.08;"A";16.16;"A";11.41;"A"
"2025-12-08 12:30";3.52;"A";72.55;"A";1010.87;"A";342;"A";34;"A";0;"A";22;"A";12;"A";24.63;"A";18.32;"A";12.89;"A"
"2025-12-08 12:45";3.38;"A";73.4;"A";1010.98;"A";573;"A";35;"A";0;"A";25;"A";10;"A";27.33;"A";20.58;"A";14.45;"A"
"2025-12-08 13:00";3.33;"A";73.55;"A";1010.96;"A";485;"A";34;"A";0;"A";23;"A";11;"A";26.83;"A";20.71;"A";14.9;"A"
"2025-12-08 13:15";3.16;"A";74.1;"A";1011.04;"A";178;"A";34;"A";0;"A";23;"A";11;"A";29.74;"A";22.94;"A";16.35;"A"
"2025-12-08 13:30";3.09;"A";74.5;"A";1011.31;"A";228;"A";34;"A";0;"A";24;"A";11;"A";28.77;"A";21.02;"A";14.94;"A"
"2025-12-08 13:45";2.96;"A";75.33;"A";1011.43;"A";173;"A";33;"A";0;"A";23;"A";10;"A";24.25;"A";19.34;"A";13.56;"A"
"2025-12-08 14:00";2.9;"A";75.97;"A";1011.36;"A";221;"A";34;"A";0;"A";23;"A";10;"A";26.75;"A";19.93;"A";14.24;"A"
"2025-12-08 14:15";2.89;"A";75.56;"A";1011.57;"A";215;"A";33;"A";0;"A";23;"A";10;"A";27.78;"A";20.65;"A";14.36;"A"
"2025-12-08 14:30";2.84;"A";75.95;"A";1011.71;"A";195;"A";33;"A";0;"A";22;"A";11;"A";28.23;"A";21.03;"A";14.88;"A"
"2025-12-08 14:45";2.85;"A";76.7;"A";1012;"A";266;"A";33;"A";0;"A";23;"A";10;"A";30.32;"A";22.51;"A";15.82;"A"
"2025-12-08 15:00";2.83;"A";76.91;"A";1012;"A";273;"A";32;"A";0;"A";23;"A";9;"A";27.56;"A";21.74;"A";15.01;"A"
"2025-12-08 15:15";2.73;"A";78.74;"A";1012.14;"A";259;"A";33;"A";0;"A";25;"A";8;"A";22.68;"A";16.89;"A";14.01;"A"
"2025-12-08 15:30";2.68;"A";78.57;"A";1012.23;"A";253;"A";32;"A";0;"A";24;"A";8;"A";20.89;"A";15.88;"A";11.6;"A"
"2025-12-08 15:45";2.74;"A";78.83;"A";1012.35;"A";298;"A";33;"A";0;"A";27;"A";6;"A";20.93;"A";14.85;"A";13.79;"A"
"2025-12-08 16:00";2.74;"A";78.43;"A";1012.47;"A";246;"A";32;"A";0;"A";24;"A";7;"A";29.18;"A";21.34;"A";17.72;"A"
"2025-12-08 16:15";2.67;"A";78.79;"A";1012.55;"A";229;"A";32;"A";0;"A";22;"A";10;"A";28.31;"A";21.48;"A";18.12;"A"
"2025-12-08 16:30";2.55;"A";80.66;"A";1012.74;"A";220;"A";32;"A";0;"A";22;"A";10;"A";26.63;"A";19.26;"A";18.16;"A"
"2025-12-08 16:45";2.35;"A";83.31;"A";1012.75;"A";169;"A";31;"A";0;"A";22;"A";10;"A";29.44;"A";21.32;"A";20.12;"A"
"2025-12-08 17:00";2.35;"A";83.16;"A";1012.78;"A";165;"A";30;"A";0;"A";21;"A";9;"A";29.63;"A";21.46;"A";20.26;"A"
"2025-12-08 17:15";2.28;"A";84.53;"A";1012.95;"A";162;"A";31;"A";0;"A";23;"A";8;"A";31.34;"A";22.71;"A";21.46;"A"
"2025-12-08 17:30";2.31;"A";84.37;"A";1013.08;"A";193;"A";31;"A";0;"A";23;"A";8;"A";33.62;"A";24.38;"A";23.05;"A"
"2025-12-08 17:45";2.39;"A";83.61;"A";1013.18;"A";224;"A";30;"A";0;"A";24;"A";7;"A";34.85;"A";25.28;"A";23.91;"A"
"2025-12-08 18:00";2.44;"A";83.91;"A";1013.28;"A";208;"A";31;"A";0;"A";21;"A";9;"A";32.76;"A";23.75;"A";22.45;"A"
"2025-12-08 18:15";2.42;"A";85.29;"A";1013.36;"A";192;"A";29;"A";0;"A";19;"A";10;"A";31.99;"A";23.19;"A";21.91;"A"
"2025-12-08 18:30";2.42;"A";86.73;"A";1013.43;"A";133;"A";29;"A";0;"A";19;"A";10;"A";34.05;"A";24.7;"A";23.35;"A"
"2025-12-08 18:45";2.39;"A";87.11;"A";1013.28;"A";120;"A";28;"A";0;"A";18;"A";10;"A";34.49;"A";25.02;"A";23.66;"A"
"2025-12-08 19:00";2.44;"A";87.04;"A";1013.51;"A";128;"A";28;"A";0;"A";18;"A";11;"A";31.73;"A";23;"A";21.73;"A"
"2025-12-08 19:15";2.46;"A";86.54;"A";1013.55;"A";112;"A";28;"A";0;"A";17;"A";11;"A";25.85;"A";18.69;"A";17.61;"A"
"2025-12-08 19:30";2.46;"A";86.79;"A";1013.65;"A";144;"A";28;"A";0;"A";17;"A";11;"A";39.08;"A";28.38;"A";26.87;"A"
"2025-12-08 19:45";2.56;"A";86.5;"A";1013.64;"A";117;"A";27;"A";0;"A";16;"A";12;"A";28.01;"A";20.27;"A";19.12;"A"
"2025-12-08 20:00";2.57;"A";86.09;"A";1013.75;"A";100;"A";27;"A";0;"A";15;"A";12;"A";25.89;"A";18.72;"A";17.64;"A"
"2025-12-08 20:15";2.58;"A";86.07;"A";1013.76;"A";130;"A";27;"A";0;"A";16;"A";11;"A";28.36;"A";20.53;"A";19.37;"A"
"2025-12-08 20:30";2.57;"A";86.41;"A";1013.76;"A";126;"A";27;"A";0;"A";17;"A";10;"A";27.24;"A";19.71;"A";18.59;"A"
"2025-12-08 20:45";2.61;"A";85.87;"A";1013.73;"A";105;"A";27;"A";0;"A";16;"A";11;"A";23.59;"A";17.04;"A";16.03;"A"
"2025-12-08 21:00";2.56;"A";86.13;"A";1013.67;"A";105;"A";28;"A";0;"A";16;"A";12;"A";25.43;"A";18.38;"A";17.31;"A"
"2025-12-08 21:15";2.54;"A";86.44;"A";1013.69;"A";85;"A";27;"A";0;"A";16;"A";11;"A";24.35;"A";17.59;"A";16.56;"A"
"2025-12-08 21:30";2.5;"A";86.83;"A";1013.67;"A";86;"A";27;"A";0;"A";15;"A";12;"A";24.43;"A";17.65;"A";16.61;"A"
"2025-12-08 21:45";2.49;"A";86.77;"A";1013.67;"A";79;"A";27;"A";0;"A";15;"A";12;"A";21.78;"A";15.71;"A";14.76;"A"
"2025-12-08 22:00";2.53;"A";86.9;"A";1013.64;"A";78;"A";27;"A";0;"A";14;"A";13;"A";20.86;"A";15.03;"A";14.11;"A"
"2025-12-08 22:15";2.51;"A";86.97;"A";1013.64;"A";83;"A";27;"A";0;"A";15;"A";12;"A";19.95;"A";14.37;"A";13.48;"A"
"2025-12-08 22:30";2.47;"A";87.36;"A";1013.76;"A";81;"A";27;"A";0;"A";14;"A";13;"A";17.33;"A";12.45;"A";11.64;"A"
"2025-12-08 22:45";2.43;"A";87.86;"A";1013.94;"A";106;"A";27;"A";0;"A";15;"A";12;"A";20.58;"A";14.83;"A";13.92;"A"
"2025-12-08 23:00";2.43;"A";87.82;"A";1014.05;"A";88;"A";27;"A";0;"A";15;"A";12;"A";20.62;"A";14.86;"A";13.95;"A"
"2025-12-08 23:15";2.39;"A";88.25;"A";1013.98;"A";81;"A";27;"A";0;"A";14;"A";13;"A";20.02;"A";14.42;"A";13.53;"A"
"2025-12-08 23:30";2.33;"A";88.59;"A";1014.09;"A";82;"A";26;"A";0;"A";13;"A";13;"A";19.74;"A";14.21;"A";13.33;"A"
"2025-12-08 23:45";2.37;"A";88.63;"A";1014.18;"A";79;"A";27;"A";0;"A";14;"A";13;"A";19.44;"A";13.99;"A";13.12;"A"
"2025-12-09 00:00";2.34;"A";88.63;"A";1014.23;"A";99;"A";26;"A";0;"A";14;"A";12;"A";19.3;"A";13.89;"A";13.03;"A"
"2025-12-09 00:15";2.29;"A";89;"A";1014.38;"A";89;"A";26;"A";0;"A";14;"A";12;"A";18.32;"A";13.17;"A";12.34;"A"
"2025-12-09 00:30";2.23;"A";89.23;"A";1014.32;"A";98;"A";26;"A";0;"A";14;"A";13;"A";19.84;"A";14.28;"A";13.4;"A"
"2025-12-09 00:45";2.2;"A";89.68;"A";1014.3;"A";86;"A";25;"A";0;"A";13;"A";12;"A";21.77;"A";15.7;"A";14.76;"A"
"2025-12-09 01:00";2.24;"A";89.16;"A";1014.19;"A";78;"A";25;"A";0;"A";13;"A";13;"A";22.39;"A";16.15;"A";15.19;"A"
"2025-12-09 01:15";2.35;"A";88.88;"A";1014.11;"A";87;"A";25;"A";0;"A";13;"A";12;"A";23.77;"A";17.17;"A";16.16;"A"
"2025-12-09 01:30";2.41;"A";88.41;"A";1014.06;"A";87;"A";25;"A";0;"A";12;"A";13;"A";26.69;"A";19.3;"A";18.2;"A"
"2025-12-09 01:45";2.49;"A";88.27;"A";1014.17;"A";94;"A";25;"A";0;"A";12;"A";13;"A";26.59;"A";19.24;"A";18.13;"A"
"2025-12-09 02:00";2.58;"A";87.57;"A";1014.17;"A";89;"A";25;"A";0;"A";12;"A";13;"A";25.35;"A";18.32;"A";17.26;"A"
"2025-12-09 02:15";2.58;"A";87;"A";1014.34;"A";92;"A";25;"A";0;"A";13;"A";13;"A";25.23;"A";18.23;"A";17.18;"A"
"2025-12-09 02:30";2.57;"A";86.83;"A";1014.37;"A";87;"A";26;"A";0;"A";12;"A";13;"A";23.82;"A";17.21;"A";16.19;"A"
"2025-12-09 02:45";2.57;"A";86.61;"A";1014.28;"A";87;"A";26;"A";0;"A";12;"A";13;"A";24.68;"A";17.83;"A";16.79;"A"
"2025-12-09 03:00";2.57;"A";86.41;"A";1014.36;"A";85;"A";25;"A";0;"A";12;"A";13;"A";24.03;"A";17.36;"A";16.34;"A"
"2025-12-09 03:15";2.56;"A";86.63;"A";1014.34;"A";83;"A";25;"A";0;"A";13;"A";13;"A";23.48;"A";16.95;"A";15.95;"A"
"2025-12-09 03:30";2.5;"A";87.28;"A";1014.49;"A";81;"A";25;"A";0;"A";12;"A";13;"A";23.67;"A";17.09;"A";16.08;"A"
"2025-12-09 03:45";2.47;"A";87.06;"A";1014.4;"A";79;"A";25;"A";0;"A";13;"A";13;"A";22.98;"A";16.59;"A";15.6;"A"
"2025-12-09 04:00";2.42;"A";87.43;"A";1014.19;"A";82;"A";25;"A";0;"A";12;"A";13;"A";23.1;"A";16.67;"A";15.68;"A"
"2025-12-09 04:15";2.41;"A";87.6;"A";1014.19;"A";82;"A";25;"A";0;"A";13;"A";12;"A";24.28;"A";17.54;"A";16.51;"A"
"2025-12-09 04:30";2.38;"A";87.52;"A";1014.03;"A";79;"A";25;"A";0;"A";12;"A";12;"A";23.94;"A";17.29;"A";16.28;"A"
"2025-12-09 04:45";2.37;"A";87.09;"A";1014.13;"A";86;"A";25;"A";0;"A";12;"A";13;"A";23.5;"A";16.97;"A";15.96;"A"
"2025-12-09 05:00";2.31;"A";87.04;"A";1014.26;"A";92;"A";25;"A";0;"A";12;"A";13;"A";22.99;"A";16.59;"A";15.61;"A"
"2025-12-09 05:15";2.36;"A";87.41;"A";1014.23;"A";98;"A";25;"A";0;"A";13;"A";12;"A";26.52;"A";19.18;"A";18.08;"A"
"2025-12-09 05:30";2.37;"A";87.38;"A";1014.34;"A";82;"A";25;"A";0;"A";12;"A";13;"A";22.87;"A";16.5;"A";15.52;"A"
"2025-12-09 05:45";2.36;"A";87.1;"A";1014.5;"A";68;"A";25;"A";0;"A";12;"A";13;"A";21.27;"A";15.33;"A";14.4;"A"
"2025-12-09 06:00";2.4;"A";86.63;"A";1014.57;"A";81;"A";25;"A";0;"A";13;"A";12;"A";20.68;"A";14.9;"A";13.99;"A"
"2025-12-09 06:15";2.44;"A";86.19;"A";1014.44;"A";81;"A";25;"A";0;"A";13;"A";12;"A";21.39;"A";15.42;"A";14.49;"A"
"2025-12-09 06:30";2.37;"A";86.54;"A";1014.65;"A";74;"A";25;"A";0;"A";13;"A";12;"A";19.49;"A";14.03;"A";13.16;"A"
"2025-12-09 06:45";2.39;"A";86.35;"A";1014.54;"A";85;"A";25;"A";0;"A";14;"A";11;"A";20.4;"A";14.7;"A";13.8;"A"
"2025-12-09 07:00";2.36;"A";86.59;"A";1014.71;"A";107;"A";25;"A";0;"A";14;"A";11;"A";24.18;"A";17.46;"A";16.44;"A"
"2025-12-09 07:15";2.36;"A";86.61;"A";1014.75;"A";131;"A";25;"A";0;"A";14;"A";11;"A";27.63;"A";19.99;"A";18.85;"A"
"2025-12-09 07:30";2.37;"A";86.21;"A";1014.91;"A";153;"A";26;"A";0;"A";17;"A";9;"A";28.98;"A";20.99;"A";19.8;"A"
"2025-12-09 07:45";2.37;"A";86.17;"A";1014.99;"A";179;"A";26;"A";0;"A";16;"A";10;"A";60.89;"A";44.36;"A";42.14;"A"
"2025-12-09 08:00";2.34;"A";86.6;"A";1014.65;"A";194;"A";26;"A";0;"A";18;"A";8;"A";26.44;"A";19.12;"A";18.02;"A"
"2025-12-09 08:15";2.42;"A";86.54;"A";1014.66;"A";272;"A";31;"A";0;"A";27;"A";4;"A";32.83;"A";23.81;"A";22.5;"A"
"2025-12-09 08:30";2.4;"A";86;"A";1014.4;"A";228;"A";30;"A";0;"A";23;"A";7;"A";27.41;"A";19.84;"A";18.71;"A"
"2025-12-09 08:45";2.44;"A";86.05;"A";1014.4;"A";162;"A";26;"A";0;"A";18;"A";9;"A";26.97;"A";19.51;"A";18.4;"A"
"2025-12-09 09:00";2.4;"A";86.28;"A";1014.54;"A";270;"A";27;"A";0;"A";19;"A";7;"A";28.11;"A";20.35;"A";19.19;"A"
"2025-12-09 09:15";2.41;"A";86.03;"A";1014.67;"A";289;"A";26;"A";0;"A";19;"A";7;"A";31.91;"A";23.13;"A";21.85;"A"
"2025-12-09 09:30";2.45;"A";84.94;"A";1014.84;"A";289;"A";25;"A";0;"A";16;"A";9;"A";27.93;"A";20.22;"A";19.07;"A"
"2025-12-09 09:45";2.57;"A";84.86;"A";1014.95;"A";413;"A";26;"A";0;"A";19;"A";7;"A";41.9;"A";30.45;"A";28.84;"A"
"2025-12-09 10:00";2.54;"A";84.49;"A";1014.98;"A";283;"A";26;"A";0;"A";18;"A";8;"A";28.74;"A";20.81;"A";19.63;"A"
"2025-12-09 10:15";2.54;"A";83.74;"A";1015.07;"A";250;"A";27;"A";0;"A";19;"A";8;"A";26.1;"A";18.87;"A";17.78;"A"
"2025-12-09 10:30";2.61;"A";84.73;"A";1014.91;"A";317;"A";28;"A";0;"A";21;"A";6;"A";34.36;"A";24.92;"A";23.57;"A"
"2025-12-09 10:45";2.71;"A";84.19;"A";1014.59;"A";411;"A";27;"A";0;"A";20;"A";7;"A";28.02;"A";20.28;"A";19.13;"A"
"2025-12-09 11:00";2.81;"A";84.34;"A";1014.29;"A";339;"A";26;"A";0;"A";19;"A";7;"A";26.89;"A";19.45;"A";18.34;"A"
"2025-12-09 11:15";2.85;"A";82.98;"A";1014.18;"A";351;"A";26;"A";0;"A";18;"A";8;"A";27.92;"A";20.21;"A";19.06;"A"
"2025-12-09 11:30";2.9;"A";83.51;"A";1014.28;"A";317;"A";27;"A";0;"A";21;"A";7;"A";27.02;"A";19.55;"A";18.43;"A"
"2025-12-09 11:45";2.93;"A";81.83;"A";1013.89;"A";257;"A";26;"A";0;"A";16;"A";10;"A";20.48;"A";15.33;"A";13.62;"A"
"2025-12-09 12:00";3.06;"A";82.41;"A";1013.66;"A";405;"A";31;"A";0;"A";26;"A";5;"A";32.1;"A";23.27;"A";21.99;"A"
"2025-12-09 12:15";2.98;"A";81.33;"A";1013.54;"A";353;"A";27;"A";0;"A";20;"A";7;"A";27.74;"A";20.76;"A";18.11;"A"
"2025-12-09 12:30";3.09;"A";80.84;"A";1013.56;"A";297;"A";27;"A";0;"A";20;"A";7;"A";26.2;"A";19.15;"A";17.68;"A"
"2025-12-09 12:45";3.16;"A";82.05;"A";1013.6;"A";343;"A";28;"A";0;"A";22;"A";5;"A";30.23;"A";21.9;"A";20.68;"A"
"2025-12-09 13:00";3.17;"A";82.03;"A";1013.24;"A";478;"A";28;"A";0;"A";22;"A";6;"A";44.65;"A";32.83;"A";30.59;"A"
"2025-12-09 13:15";3.12;"A";81.58;"A";1013.22;"A";231;"A";27;"A";0;"A";20;"A";6;"A";31.02;"A";22.56;"A";21.28;"A"
"2025-12-09 13:30";3.12;"A";81.93;"A";1013.05;"A";271;"A";28;"A";0;"A";23;"A";5;"A";29.01;"A";21.23;"A";19.74;"A"
"2025-12-09 13:45";3.16;"A";81.54;"A";1013.24;"A";297;"A";28;"A";0;"A";23;"A";5;"A";33.23;"A";24.54;"A";22.73;"A"
"2025-12-09 14:00";3.24;"A";81.19;"A";1013.03;"A";335;"A";28;"A";0;"A";23;"A";5;"A";29.95;"A";22.4;"A";20.16;"A"
"2025-12-09 14:15";3.21;"A";80.3;"A";1013.12;"A";243;"A";27;"A";0;"A";22;"A";6;"A";33.74;"A";25.3;"A";23.08;"A"
"2025-12-09 14:30";3.22;"A";81.45;"A";1013.14;"A";270;"A";28;"A";0;"A";22;"A";5;"A";28.88;"A";20.91;"A";19.73;"A"
"2025-12-09 14:45";3.22;"A";81.5;"A";1013.03;"A";295;"A";28;"A";0;"A";23;"A";5;"A";28.58;"A";20.69;"A";19.52;"A"
"2025-12-09 15:00";3.21;"A";82.16;"A";1012.95;"A";264;"A";28;"A";0;"A";23;"A";5;"A";33.16;"A";24.8;"A";22.78;"A"
"2025-12-09 15:15";3.2;"A";81.6;"A";1012.62;"A";289;"A";28;"A";0;"A";22;"A";6;"A";27.98;"A";20.62;"A";18.99;"A"
"2025-12-09 15:30";3.24;"A";80.51;"A";1012.54;"A";238;"A";27;"A";0;"A";21;"A";6;"A";29.12;"A";21.56;"A";19.87;"A"
"2025-12-09 15:45";3.33;"A";80.46;"A";1012.39;"A";334;"A";29;"A";0;"A";26;"A";3;"A";28.08;"A";20.75;"A";18.86;"A"
"2025-12-09 16:00";3.38;"A";80.66;"A";1012.27;"A";365;"A";28;"A";0;"A";24;"A";4;"A";29.2;"A";21.51;"A";19.18;"A"
"2025-12-09 16:15";3.38;"A";80.71;"A";1012.37;"A";317;"A";28;"A";0;"A";24;"A";3;"A";30.67;"A";22.22;"A";20.98;"A"
"2025-12-09 16:30";3.34;"A";82;"A";1012.39;"A";308;"A";28;"A";0;"A";24;"A";4;"A";44.09;"A";32.06;"A";30.38;"A"
"2025-12-09 16:45";3.14;"A";83.15;"A";1012.45;"A";287;"A";29;"A";0;"A";25;"A";3;"A";30.8;"A";22.32;"A";21.07;"A"
"2025-12-09 17:00";3;"A";84.82;"A";1012.53;"A";310;"A";30;"A";0;"A";26;"A";4;"A";30.19;"A";21.87;"A";20.65;"A"
"2025-12-09 17:15";2.94;"A";84.75;"A";1012.39;"A";334;"A";28;"A";0;"A";24;"A";4;"A";34.53;"A";25.05;"A";23.68;"A"
"2025-12-09 17:30";2.99;"A";83.46;"A";1012.41;"A";287;"A";28;"A";0;"A";24;"A";4;"A";28.45;"A";20.6;"A";19.43;"A"
"2025-12-09 17:45";3.03;"A";82.89;"A";1012.32;"A";236;"A";28;"A";0;"A";23;"A";5;"A";25.06;"A";18.11;"A";17.06;"A"
"2025-12-09 18:00";3.05;"A";82.47;"A";1012.21;"A";241;"A";28;"A";0;"A";22;"A";6;"A";24.65;"A";18.29;"A";16.38;"A"
"2025-12-09 18:15";3.1;"A";81.63;"A";1012.23;"A";287;"A";30;"A";0;"A";26;"A";3;"A";30.83;"A";23.37;"A";20.39;"A"
"2025-12-09 18:30";3.11;"A";83.22;"A";1012.05;"A";418;"A";29;"A";0;"A";27;"A";3;"A";43.59;"A";31.69;"A";30.03;"A"
"2025-12-09 18:45";3.19;"A";83.1;"A";1012.03;"A";381;"A";29;"A";0;"A";26;"A";3;"A";40.77;"A";29.62;"A";28.05;"A"
"2025-12-09 19:00";3.13;"A";83;"A";1011.73;"A";339;"A";29;"A";0;"A";26;"A";3;"A";35.24;"A";25.57;"A";24.19;"A"
"2025-12-09 19:15";3.02;"A";83.28;"A";1011.58;"A";302;"A";29;"A";0;"A";25;"A";4;"A";32;"A";23.19;"A";21.91;"A"
"2025-12-09 19:30";3.03;"A";83.08;"A";1011.63;"A";280;"A";28;"A";0;"A";24;"A";4;"A";32.96;"A";23.9;"A";22.59;"A"
"2025-12-09 19:45";2.91;"A";84.21;"A";1011.57;"A";334;"A";27;"A";0;"A";23;"A";4;"A";34.03;"A";24.69;"A";23.34;"A"
"2025-12-09 20:00";2.9;"A";84.4;"A";1011.38;"A";248;"A";26;"A";0;"A";17;"A";9;"A";32.84;"A";23.81;"A";22.5;"A"
"2025-12-09 20:15";2.84;"A";84.74;"A";1011.17;"A";218;"A";25;"A";0;"A";16;"A";9;"A";32.62;"A";23.65;"A";22.35;"A"
"2025-12-09 20:30";2.78;"A";85.3;"A";1010.86;"A";208;"A";25;"A";0;"A";17;"A";8;"A";32.77;"A";23.76;"A";22.46;"A"
"2025-12-09 20:45";2.76;"A";85.54;"A";1010.78;"A";204;"A";25;"A";0;"A";17;"A";8;"A";36.1;"A";26.2;"A";24.78;"A"
"2025-12-09 21:00";2.78;"A";85.3;"A";1010.66;"A";199;"A";25;"A";0;"A";16;"A";9;"A";35.64;"A";25.87;"A";24.47;"A"
"2025-12-09 21:15";2.79;"A";85.84;"A";1010.65;"A";200;"A";24;"A";0;"A";15;"A";9;"A";40.21;"A";29.21;"A";27.66;"A"
"2025-12-09 21:30";2.84;"A";85.37;"A";1010.58;"A";220;"A";24;"A";1;"A";16;"A";8;"A";36.16;"A";26.24;"A";24.82;"A"
"2025-12-09 21:45";2.87;"A";85.31;"A";1010.46;"A";207;"A";24;"A";1;"A";16;"A";8;"A";35.2;"A";25.54;"A";24.16;"A"
"2025-12-09 22:00";2.88;"A";84.49;"A";1010.16;"A";191;"A";24;"A";0;"A";15;"A";9;"A";32.34;"A";23.44;"A";22.15;"A"
"2025-12-09 22:15";2.87;"A";83.64;"A";1009.78;"A";165;"A";25;"A";1;"A";15;"A";10;"A";24.67;"A";17.83;"A";16.79;"A"
"2025-12-09 22:30";2.9;"A";82.8;"A";1009.62;"A";163;"A";26;"A";0;"A";15;"A";10;"A";25.96;"A";18.77;"A";17.69;"A"
"2025-12-09 22:45";2.91;"A";82.79;"A";1009.7;"A";143;"A";26;"A";0;"A";16;"A";10;"A";23.32;"A";16.84;"A";15.84;"A"
"2025-12-09 23:00";2.94;"A";82.22;"A";1009.74;"A";132;"A";27;"A";0;"A";16;"A";11;"A";22.2;"A";16.02;"A";15.06;"A"
"2025-12-09 23:15";2.9;"A";82.6;"A";1009.78;"A";131;"A";26;"A";0;"A";15;"A";11;"A";23.65;"A";17.08;"A";16.07;"A"
"2025-12-09 23:30";2.94;"A";83.13;"A";1009.8;"A";123;"A";25;"A";0;"A";16;"A";10;"A";21.96;"A";15.84;"A";14.89;"A"
"2025-12-09 23:45";2.9;"A";83.46;"A";1009.55;"A";122;"A";26;"A";0;"A";16;"A";9;"A";23.25;"A";16.79;"A";15.79;"A"
"2025-12-10 00:00";2.93;"A";83.34;"A";1009.31;"A";125;"A";26;"A";0;"A";16;"A";10;"A";24.52;"A";17.72;"A";16.68;"A"
"2025-12-10 00:15";2.86;"A";83.99;"A";1009.26;"A";104;"A";26;"A";0;"A";15;"A";11;"A";26.8;"A";19.38;"A";18.27;"A"
"2025-12-10 00:30";2.83;"A";84.26;"A";1009.32;"A";96;"A";26;"A";0;"A";14;"A";12;"A";28.71;"A";20.79;"A";19.61;"A"
"2025-12-10 00:45";2.75;"A";85.15;"A";1009.29;"A";96;"A";25;"A";0;"A";12;"A";13;"A";31.26;"A";22.65;"A";21.4;"A"
"2025-12-10 01:00";2.59;"A";86.15;"A";1009.03;"A";98;"A";25;"A";0;"A";13;"A";12;"A";32.19;"A";23.34;"A";22.05;"A"
"2025-12-10 01:15";2.43;"A";86.06;"A";1008.96;"A";93;"A";26;"A";0;"A";16;"A";10;"A";29.99;"A";21.73;"A";20.51;"A"
"2025-12-10 01:30";2.23;"A";86.75;"A";1008.95;"A";97;"A";27;"A";0;"A";19;"A";9;"A";26.49;"A";19.16;"A";18.06;"A"
"2025-12-10 01:45";2.18;"A";87.44;"A";1008.89;"A";105;"A";27;"A";0;"A";19;"A";7;"A";28.44;"A";20.59;"A";19.42;"A"
"2025-12-10 02:00";2.12;"A";87.55;"A";1008.75;"A";95;"A";26;"A";0;"A";18;"A";8;"A";28.48;"A";20.62;"A";19.45;"A"
"2025-12-10 02:15";2.05;"A";87.41;"A";1008.68;"A";92;"A";26;"A";0;"A";18;"A";9;"A";28.05;"A";20.3;"A";19.15;"A"
"2025-12-10 02:30";2.1;"A";87.08;"A";1008.66;"A";98;"A";27;"A";0;"A";18;"A";9;"A";23.73;"A";17.14;"A";16.13;"A"
"2025-12-10 02:45";2.02;"A";87.57;"A";1008.58;"A";96;"A";27;"A";0;"A";17;"A";9;"A";24.28;"A";17.54;"A";16.52;"A"
"2025-12-10 03:00";1.93;"A";87.56;"A";1008.51;"A";88;"A";27;"A";0;"A";18;"A";9;"A";24.42;"A";17.64;"A";16.61;"A"
"2025-12-10 03:15";1.9;"A";87.24;"A";1008.2;"A";89;"A";27;"A";0;"A";19;"A";8;"A";25.26;"A";18.26;"A";17.2;"A"
"2025-12-10 03:30";1.85;"A";87.32;"A";1007.95;"A";76;"A";27;"A";0;"A";17;"A";10;"A";19.75;"A";14.22;"A";13.34;"A"
"2025-12-10 03:45";1.88;"A";87.52;"A";1007.81;"A";73;"A";28;"A";0;"A";17;"A";11;"A";20.22;"A";14.56;"A";13.67;"A"
"2025-12-10 04:00";1.88;"A";87.82;"A";1007.68;"A";71;"A";27;"A";0;"A";16;"A";12;"A";20.7;"A";14.92;"A";14.01;"A"
"2025-12-10 04:15";1.87;"A";87.9;"A";1007.54;"A";74;"A";27;"A";0;"A";16;"A";11;"A";21.64;"A";15.61;"A";14.66;"A"
"2025-12-10 04:30";1.87;"A";88.04;"A";1007.55;"A";73;"A";27;"A";0;"A";16;"A";10;"A";19.87;"A";14.31;"A";13.43;"A"
"2025-12-10 04:45";1.85;"A";88.41;"A";1007.61;"A";72;"A";26;"A";0;"A";15;"A";11;"A";20.2;"A";14.55;"A";13.65;"A"
"2025-12-10 05:00";1.86;"A";88.55;"A";1007.58;"A";97;"A";26;"A";0;"A";15;"A";10;"A";21.16;"A";15.26;"A";14.33;"A"
"2025-12-10 05:15";1.86;"A";88.31;"A";1007.64;"A";79;"A";26;"A";0;"A";16;"A";10;"A";21.08;"A";15.19;"A";14.27;"A"
"2025-12-10 05:30";1.9;"A";88.64;"A";1007.68;"A";80;"A";26;"A";0;"A";18;"A";8;"A";20.92;"A";15.08;"A";14.16;"A"
"2025-12-10 05:45";1.89;"A";88.79;"A";1007.7;"A";83;"A";27;"A";0;"A";20;"A";7;"A";20.94;"A";15.09;"A";14.17;"A"
"2025-12-10 06:00";1.85;"A";89.05;"A";1007.54;"A";98;"A";26;"A";0;"A";17;"A";9;"A";21.89;"A";15.79;"A";14.84;"A"
"2025-12-10 06:15";1.88;"A";89.35;"A";1007.46;"A";84;"A";26;"A";0;"A";15;"A";11;"A";22.26;"A";16.06;"A";15.09;"A"
"2025-12-10 06:30";1.87;"A";89.78;"A";1007.4;"A";104;"A";26;"A";0;"A";16;"A";10;"A";22.83;"A";16.48;"A";15.5;"A"
"2025-12-10 06:45";1.88;"A";89.97;"A";1007.53;"A";98;"A";26;"A";0;"A";20;"A";7;"A";29.03;"A";21.02;"A";19.84;"A"
"2025-12-10 07:00";1.92;"A";90.02;"A";1007.5;"A";102;"A";26;"A";0;"A";19;"A";7;"A";25.28;"A";18.27;"A";17.21;"A"
"2025-12-10 07:15";1.99;"A";89.98;"A";1007.65;"A";126;"A";26;"A";0;"A";18;"A";8;"A";24.3;"A";17.55;"A";16.52;"A"
"2025-12-10 07:30";2.04;"A";90.11;"A";1007.84;"A";130;"A";25;"A";0;"A";17;"A";9;"A";26.14;"A";18.9;"A";17.81;"A"
"2025-12-10 07:45";2.09;"A";90.39;"A";1008.04;"A";155;"A";25;"A";0;"A";16;"A";9;"A";27.85;"A";20.15;"A";19.01;"A"
"2025-12-10 08:00";2.13;"A";90.43;"A";1008.06;"A";177;"A";26;"A";0;"A";19;"A";7;"A";30.58;"A";22.16;"A";20.92;"A"
"2025-12-10 08:15";2.26;"A";90.48;"A";1008.14;"A";179;"A";25;"A";0;"A";20;"A";6;"A";34.02;"A";24.67;"A";23.33;"A"
"2025-12-10 08:30";2.42;"A";90.27;"A";1008.24;"A";197;"A";26;"A";0;"A";20;"A";6;"A";29.76;"A";21.55;"A";20.35;"A"
"2025-12-10 08:45";2.55;"A";90.08;"A";1008.25;"A";249;"A";28;"A";0;"A";22;"A";6;"A";42.23;"A";30.69;"A";29.08;"A"
"2025-12-10 09:00";2.75;"A";89.86;"A";1008.25;"A";269;"A";27;"A";0;"A";20;"A";7;"A";55.23;"A";40.21;"A";38.17;"A"
"2025-12-10 09:15";3.05;"A";89.53;"A";1008.25;"A";254;"A";27;"A";0;"A";21;"A";6;"A";44.13;"A";32.08;"A";30.41;"A"
"2025-12-10 09:30";3.16;"A";89.14;"A";1008.44;"A";242;"A";27;"A";0;"A";20;"A";7;"A";42.08;"A";30.58;"A";28.97;"A"
"2025-12-10 09:45";3.37;"A";89.12;"A";1008.57;"A";754;"A";34;"A";0;"A";30;"A";5;"A";46.1;"A";33.53;"A";31.79;"A"
"2025-12-10 10:00";3.46;"A";88.96;"A";1008.73;"A";392;"A";34;"A";0;"A";30;"A";5;"A";46.95;"A";34.15;"A";32.38;"A"
"2025-12-10 10:15";3.59;"A";88.89;"A";1008.87;"A";726;"A";31;"A";0;"A";24;"A";7;"A";38.62;"A";28.05;"A";26.55;"A"
"2025-12-10 10:30";3.69;"A";88.76;"A";1008.8;"A";312;"A";27;"A";0;"A";19;"A";8;"A";34.32;"A";24.9;"A";23.54;"A"
"2025-12-10 10:45";3.9;"A";88.82;"A";1008.8;"A";296;"A";26;"A";1;"A";18;"A";8;"A";39.4;"A";28.61;"A";27.09;"A"
"2025-12-10 11:00";4.05;"A";88.33;"A";1008.66;"A";284;"A";26;"A";0;"A";18;"A";8;"A";39.02;"A";28.34;"A";26.83;"A"
"2025-12-10 11:15";4.28;"A";88.44;"A";1008.56;"A";301;"A";27;"A";0;"A";19;"A";7;"A";37.97;"A";27.57;"A";26.09;"A"
"2025-12-10 11:30";4.52;"A";88.26;"A";1008.32;"A";348;"A";27;"A";0;"A";20;"A";7;"A";64.66;"A";47.12;"A";44.78;"A"
"2025-12-10 11:45";4.59;"A";87.86;"A";1008.21;"A";292;"A";26;"A";0;"A";17;"A";9;"A";40.41;"A";29.36;"A";27.8;"A"
"2025-12-10 12:00";4.77;"A";88.08;"A";1008.26;"A";453;"A";27;"A";0;"A";19;"A";8;"A";49.38;"A";35.93;"A";34.08;"A"
"2025-12-10 12:15";5.04;"A";87.51;"A";1008.26;"A";332;"A";26;"A";0;"A";15;"A";11;"A";41.18;"A";29.92;"A";28.34;"A"
"2025-12-10 12:30";5.21;"A";86.95;"A";1008.2;"A";288;"A";25;"A";0;"A";16;"A";9;"A";39.61;"A";28.77;"A";27.25;"A"
"2025-12-10 12:45";5.37;"A";86.68;"A";1008.26;"A";249;"A";25;"A";0;"A";15;"A";10;"A";40.63;"A";29.52;"A";27.96;"A"
"2025-12-10 13:00";5.48;"A";86.47;"A";1008.27;"A";1158;"A";26;"A";1;"A";18;"A";9;"A";38.36;"A";27.85;"A";26.37;"A"
"2025-12-10 13:15";5.57;"A";86.05;"A";1008.36;"A";229;"A";25;"A";1;"A";14;"A";11;"A";44.9;"A";32.65;"A";30.95;"A"
"2025-12-10 13:30";5.69;"A";86.02;"A";1008.45;"A";256;"A";26;"A";0;"A";15;"A";11;"A";38.31;"A";27.82;"A";26.33;"A"
"2025-12-10 13:45";5.84;"A";85.94;"A";1008.61;"A";270;"A";26;"A";0;"A";16;"A";10;"A";38.71;"A";28.11;"A";26.61;"A"
"2025-12-10 14:00";5.99;"A";85.78;"A";1008.81;"A";255;"A";26;"A";1;"A";16;"A";10;"A";38.33;"A";27.83;"A";26.35;"A"
"2025-12-10 14:15";6.08;"A";85.62;"A";1008.78;"A";255;"A";26;"A";1;"A";16;"A";11;"A";38.56;"A";28;"A";26.51;"A"
"2025-12-10 14:30";6.23;"A";85.81;"A";1008.85;"A";246;"A";26;"A";0;"A";14;"A";11;"A";39.42;"A";28.63;"A";27.11;"A"
"2025-12-10 14:45";6.28;"A";85.63;"A";1009;"A";238;"A";26;"A";0;"A";14;"A";12;"A";31.87;"A";23.1;"A";21.82;"A"
"2025-12-10 15:00";6.33;"A";85.76;"A";1009.17;"A";217;"A";27;"A";0;"A";16;"A";11;"A";31.81;"A";23.06;"A";21.78;"A"
"2025-12-10 15:15";6.35;"A";85.76;"A";1009.32;"A";231;"A";28;"A";0;"A";19;"A";9;"A";33.3;"A";24.15;"A";22.83;"A"
"2025-12-10 15:30";6.41;"A";85.65;"A";1009.4;"A";265;"A";28;"A";0;"A";21;"A";7;"A";34.97;"A";25.37;"A";23.99;"A"
"2025-12-10 15:45";6.37;"A";85.72;"A";1009.55;"A";399;"A";28;"A";0;"A";22;"A";6;"A";42.41;"A";30.83;"A";29.21;"A"
"2025-12-10 16:00";6.35;"A";86.01;"A";1009.83;"A";335;"A";29;"A";0;"A";22;"A";6;"A";43.21;"A";31.41;"A";29.76;"A"
"2025-12-10 16:15";6.34;"A";86.29;"A";1009.87;"A";336;"A";29;"A";0;"A";22;"A";6;"A";42.41;"A";30.82;"A";29.2;"A"
"2025-12-10 16:30";6.31;"A";86.56;"A";1009.83;"A";542;"A";34;"A";0;"A";31;"A";4;"A";55.35;"A";40.31;"A";38.26;"A"
"2025-12-10 16:45";6.31;"A";86.71;"A";1009.78;"A";723;"A";30;"A";0;"A";26;"A";4;"A";86.67;"A";63.25;"A";60.18;"A"
"2025-12-10 17:00";6.29;"A";86.91;"A";1010.14;"A";645;"A";30;"A";0;"A";25;"A";5;"A";61.07;"A";44.49;"A";42.26;"A"
"2025-12-10 17:15";6.34;"A";86.86;"A";1010.28;"A";700;"A";31;"A";0;"A";27;"A";4;"A";52.47;"A";38.19;"A";36.24;"A"
"2025-12-10 17:30";6.25;"A";87.15;"A";1010.4;"A";833;"A";32;"A";0;"A";28;"A";4;"A";51.23;"A";37.29;"A";35.38;"A"
"2025-12-10 17:45";6.19;"A";87.38;"A";1010.52;"A";965;"A";32;"A";0;"A";28;"A";4;"A";66.02;"A";48.12;"A";45.73;"A"
"2025-12-10 18:00";6.24;"A";87.34;"A";1010.68;"A";919;"A";31;"A";1;"A";27;"A";4;"A";78.97;"A";57.61;"A";54.79;"A"
"2025-12-10 18:15";6.16;"A";87.39;"A";1010.83;"A";958;"A";30;"A";1;"A";26;"A";4;"A";77.68;"A";56.66;"A";53.89;"A"
"2025-12-10 18:30";6.17;"A";87.42;"A";1010.99;"A";1282;"A";30;"A";5;"A";27;"A";3;"A";76.69;"A";55.94;"A";53.2;"A"
"2025-12-10 18:45";6.17;"A";87.35;"A";1011.05;"A";1070;"A";30;"A";4;"A";27;"A";3;"A";70.9;"A";51.69;"A";49.14;"A"
"2025-12-10 19:00";6.16;"A";87.35;"A";1011;"A";909;"A";30;"A";2;"A";26;"A";3;"A";76.74;"A";55.97;"A";53.23;"A"
"2025-12-10 19:15";6.11;"A";87.33;"A";1011.03;"A";889;"A";29;"A";2;"A";25;"A";4;"A";91.15;"A";66.53;"A";63.32;"A"
"2025-12-10 19:30";6.07;"A";87.63;"A";1011.2;"A";885;"A";28;"A";2;"A";23;"A";4;"A";75;"A";54.7;"A";52.01;"A"
"2025-12-10 19:45";6.02;"A";87.71;"A";1011.21;"A";976;"A";27;"A";4;"A";23;"A";4;"A";60.22;"A";43.87;"A";41.67;"A"
"2025-12-10 20:00";5.96;"A";87.83;"A";1011.3;"A";955;"A";27;"A";3;"A";23;"A";4;"A";69.24;"A";50.47;"A";47.98;"A"
"2025-12-10 20:15";5.92;"A";88.1;"A";1011.18;"A";1110;"A";28;"A";3;"A";24;"A";4;"A";72.35;"A";52.76;"A";50.16;"A"
"2025-12-10 20:30";5.92;"A";88.32;"A";1011.16;"A";1069;"A";28;"A";3;"A";23;"A";4;"A";72.46;"A";52.84;"A";50.24;"A"
"2025-12-10 20:45";5.82;"A";88.68;"A";1011.2;"A";1037;"A";26;"A";3;"A";22;"A";4;"A";69.58;"A";50.73;"A";48.22;"A"
"2025-12-10 21:00";5.8;"A";88.66;"A";1011.34;"A";789;"A";26;"A";3;"A";21;"A";5;"A";67.3;"A";49.06;"A";46.63;"A"
"2025-12-10 21:15";5.76;"A";88.56;"A";1011.26;"A";787;"A";25;"A";3;"A";19;"A";5;"A";63.76;"A";46.46;"A";44.15;"A"
"2025-12-10 21:30";5.74;"A";88.52;"A";1011.35;"A";812;"A";24;"A";3;"A";19;"A";6;"A";76.43;"A";55.75;"A";53.02;"A"
"2025-12-10 21:45";5.72;"A";88.38;"A";1011.42;"A";696;"A";23;"A";4;"A";18;"A";5;"A";66.67;"A";48.59;"A";46.18;"A"
"2025-12-10 22:00";5.68;"A";88.25;"A";1011.47;"A";593;"A";23;"A";3;"A";18;"A";5;"A";57.21;"A";41.66;"A";39.56;"A"
"2025-12-10 22:15";5.65;"A";88.29;"A";1011.53;"A";542;"A";22;"A";3;"A";17;"A";5;"A";53.21;"A";38.74;"A";36.76;"A"
"2025-12-10 22:30";5.65;"A";88.23;"A";1011.66;"A";433;"A";22;"A";3;"A";16;"A";6;"A";40.36;"A";29.32;"A";27.77;"A"
"2025-12-10 22:45";5.69;"A";88.38;"A";1011.89;"A";402;"A";22;"A";2;"A";16;"A";6;"A";40.71;"A";29.58;"A";28.01;"A"
"2025-12-10 23:00";5.84;"A";88.11;"A";1011.91;"A";408;"A";22;"A";2;"A";16;"A";6;"A";47.2;"A";34.33;"A";32.56;"A"
"2025-12-10 23:15";5.96;"A";88.24;"A";1011.86;"A";421;"A";22;"A";2;"A";15;"A";7;"A";52.41;"A";38.14;"A";36.2;"A"
"2025-12-10 23:30";6.04;"A";88.48;"A";1011.8;"A";348;"A";22;"A";2;"A";13;"A";9;"A";50.25;"A";36.57;"A";34.69;"A"
"2025-12-10 23:45";6.07;"A";88.61;"A";1011.79;"A";321;"A";22;"A";2;"A";13;"A";9;"A";52.18;"A";37.98;"A";36.04;"A"
"2025-12-11 00:00";6.07;"A";88.27;"A";1011.72;"A";364;"A";21;"A";2;"A";13;"A";8;"A";59.12;"A";43.06;"A";40.9;"A"
"2025-12-11 00:15";6.07;"A";88.56;"A";1011.8;"A";372;"A";22;"A";2;"A";15;"A";8;"A";54.76;"A";39.87;"A";37.85;"A"
"2025-12-11 00:30";6.16;"A";88.9;"A";1011.96;"A";267;"A";21;"A";2;"A";10;"A";12;"A";52.98;"A";38.56;"A";36.6;"A"
"2025-12-11 00:45";6.22;"A";88.75;"A";1012.03;"A";265;"A";21;"A";2;"A";9;"A";12;"A";52.71;"A";38.37;"A";36.41;"A"
"2025-12-11 01:00";6.16;"A";88.53;"A";1011.89;"A";335;"A";21;"A";2;"A";13;"A";8;"A";111.87;"A";81.71;"A";77.82;"A"
"2025-12-11 01:15";6.1;"A";88.42;"A";1011.71;"A";414;"A";22;"A";2;"A";15;"A";7;"A";100.49;"A";73.37;"A";69.86;"A"
"2025-12-11 01:30";6.03;"A";88.88;"A";1011.8;"A";342;"A";21;"A";1;"A";13;"A";8;"A";54.01;"A";39.32;"A";37.32;"A"
"2025-12-11 01:45";6.08;"A";89.26;"A";1011.8;"A";289;"A";21;"A";2;"A";11;"A";9;"A";43.79;"A";31.83;"A";30.17;"A"
"2025-12-11 02:00";6.17;"A";89.33;"A";1011.77;"A";260;"A";20;"A";2;"A";10;"A";10;"A";40.07;"A";29.11;"A";27.57;"A"
"2025-12-11 02:15";6.16;"A";89.68;"A";1011.74;"A";242;"A";20;"A";2;"A";8;"A";11;"A";40.74;"A";29.6;"A";28.03;"A"
"2025-12-11 02:30";6.15;"A";89.61;"A";1011.73;"A";241;"A";20;"A";2;"A";9;"A";11;"A";49.35;"A";35.91;"A";34.06;"A"
"2025-12-11 02:45";6.11;"A";89.82;"A";1011.8;"A";240;"A";20;"A";2;"A";9;"A";11;"A";38.9;"A";28.25;"A";26.74;"A"
"2025-12-11 03:00";6.03;"A";90.13;"A";1011.77;"A";235;"A";20;"A";2;"A";9;"A";11;"A";36.19;"A";26.26;"A";24.85;"A"
"2025-12-11 03:15";6.05;"A";90.18;"A";1011.78;"A";227;"A";20;"A";2;"A";9;"A";11;"A";38.76;"A";28.15;"A";26.65;"A"
"2025-12-11 03:30";6.06;"A";90.29;"A";1011.58;"A";234;"A";20;"A";2;"A";9;"A";11;"A";40.15;"A";29.16;"A";27.62;"A"
"2025-12-11 03:45";6.04;"A";90.48;"A";1011.58;"A";234;"A";19;"A";1;"A";9;"A";10;"A";41.2;"A";29.93;"A";28.35;"A"
"2025-12-11 04:00";6.04;"A";90.53;"A";1011.56;"A";244;"A";19;"A";2;"A";10;"A";9;"A";41.85;"A";30.41;"A";28.81;"A"
"2025-12-11 04:15";6.02;"A";90.61;"A";1011.57;"A";243;"A";20;"A";1;"A";11;"A";10;"A";41.22;"A";29.95;"A";28.37;"A"
"2025-12-11 04:30";5.98;"A";90.65;"A";1011.6;"A";211;"A";19;"A";2;"A";8;"A";11;"A";38.88;"A";28.23;"A";26.73;"A"
"2025-12-11 04:45";5.9;"A";91.02;"A";1011.64;"A";200;"A";19;"A";2;"A";9;"A";11;"A";38.78;"A";28.16;"A";26.66;"A"
"2025-12-11 05:00";5.91;"A";91.15;"A";1011.65;"A";196;"A";19;"A";2;"A";8;"A";11;"A";40.94;"A";29.75;"A";28.18;"A"
"2025-12-11 05:15";5.91;"A";91.32;"A";1011.57;"A";212;"A";19;"A";2;"A";9;"A";10;"A";49.09;"A";35.72;"A";33.88;"A"
"2025-12-11 05:30";5.89;"A";91.51;"A";1011.48;"A";230;"A";19;"A";1;"A";10;"A";9;"A";61.76;"A";45;"A";42.75;"A"
"2025-12-11 05:45";5.89;"A";91.45;"A";1011.5;"A";213;"A";19;"A";1;"A";10;"A";9;"A";52.55;"A";38.25;"A";36.3;"A"
"2025-12-11 06:00";5.9;"A";91.51;"A";1011.63;"A";221;"A";19;"A";2;"A";11;"A";8;"A";54.07;"A";39.36;"A";37.36;"A"
"2025-12-11 06:15";5.95;"A";91.33;"A";1011.53;"A";255;"A";20;"A";2;"A";12;"A";8;"A";51.14;"A";37.22;"A";35.32;"A"
"2025-12-11 06:30";5.96;"A";90.78;"A";1011.43;"A";266;"A";19;"A";1;"A";12;"A";7;"A";60.88;"A";44.35;"A";42.13;"A"
"2025-12-11 06:45";5.94;"A";90.96;"A";1011.59;"A";289;"A";19;"A";2;"A";11;"A";7;"A";89.32;"A";65.19;"A";62.04;"A"
"2025-12-11 07:00";5.94;"A";90.9;"A";1011.43;"A";313;"A";20;"A";2;"A";13;"A";7;"A";81.23;"A";59.26;"A";56.38;"A"
"2025-12-11 07:15";6;"A";90.8;"A";1011.44;"A";533;"A";45;"A";1;"A";45;"A";5;"A";97.62;"A";71.27;"A";67.85;"A"
"2025-12-11 07:30";5.97;"A";90.91;"A";1011.49;"A";428;"A";28;"A";1;"A";19;"A";9;"A";74.12;"A";54.06;"A";51.4;"A"
"2025-12-11 07:45";6.01;"A";90.62;"A";1011.66;"A";293;"A";20;"A";1;"A";13;"A";7;"A";53.56;"A";38.99;"A";37.01;"A"
"2025-12-11 08:00";5.97;"A";90.42;"A";1011.63;"A";474;"A";20;"A";1;"A";13;"A";7;"A";48.43;"A";35.23;"A";33.42;"A"
"2025-12-11 08:15";5.96;"A";90.69;"A";1011.61;"A";320;"A";20;"A";1;"A";13;"A";7;"A";44.5;"A";32.35;"A";30.67;"A"
"2025-12-11 08:30";6.02;"A";90.46;"A";1011.6;"A";385;"A";20;"A";1;"A";13;"A";7;"A";46.71;"A";33.97;"A";32.21;"A"
"2025-12-11 08:45";6.15;"A";90.6;"A";1011.61;"A";424;"A";21;"A";2;"A";14;"A";7;"A";57.98;"A";42.23;"A";40.1;"A"
"2025-12-11 09:00";6.12;"A";90.72;"A";1011.69;"A";453;"A";21;"A";2;"A";14;"A";7;"A";59.18;"A";43.1;"A";40.94;"A"
"2025-12-11 09:15";6.29;"A";90.16;"A";1011.75;"A";384;"A";21;"A";1;"A";14;"A";7;"A";52.86;"A";38.48;"A";36.52;"A"
"2025-12-11 09:30";6.44;"A";89.74;"A";1011.81;"A";374;"A";20;"A";2;"A";13;"A";7;"A";54.47;"A";39.66;"A";37.65;"A"
"2025-12-11 09:45";6.54;"A";89.08;"A";1011.77;"A";328;"A";20;"A";2;"A";12;"A";8;"A";41.43;"A";30.1;"A";28.52;"A"
"2025-12-11 10:00";6.69;"A";88.53;"A";1011.68;"A";325;"A";20;"A";1;"A";12;"A";8;"A";41.58;"A";30.22;"A";28.63;"A"
"2025-12-11 10:15";6.83;"A";88.26;"A";1011.63;"A";331;"A";21;"A";2;"A";12;"A";8;"A";39.27;"A";28.52;"A";27;"A"
"2025-12-11 10:30";7.07;"A";88.23;"A";1011.67;"A";366;"A";22;"A";1;"A";15;"A";7;"A";44.71;"A";32.51;"A";30.82;"A"
"2025-12-11 10:45";7.09;"A";87.73;"A";1011.59;"A";334;"A";22;"A";1;"A";16;"A";7;"A";38.66;"A";28.08;"A";26.58;"A"
"2025-12-11 11:00";7.22;"A";87.36;"A";1011.5;"A";395;"A";26;"A";0;"A";20;"A";6;"A";30.9;"A";22.39;"A";21.15;"A"
"2025-12-11 11:15";7.32;"A";86.76;"A";1011.33;"A";327;"A";26;"A";1;"A";19;"A";7;"A";28.14;"A";20.37;"A";19.21;"A"
"2025-12-11 11:30";7.49;"A";86.02;"A";1010.94;"A";302;"A";26;"A";0;"A";17;"A";9;"A";30.48;"A";22.08;"A";20.85;"A"
"2025-12-11 11:45";7.57;"A";85.66;"A";1010.8;"A";305;"A";25;"A";0;"A";16;"A";10;"A";30.15;"A";21.84;"A";20.62;"A"
"2025-12-11 12:00";7.65;"A";85.23;"A";1010.63;"A";286;"A";27;"A";0;"A";18;"A";9;"A";23.24;"A";16.78;"A";15.78;"A"
"2025-12-11 12:15";7.72;"A";84.78;"A";1010.42;"A";278;"A";27;"A";0;"A";15;"A";11;"A";22.19;"A";16.01;"A";15.05;"A"
"2025-12-11 12:30";7.61;"A";84.79;"A";1010.26;"A";232;"A";27;"A";0;"A";14;"A";13;"A";23.9;"A";17.26;"A";16.25;"A"
"2025-12-11 12:45";7.44;"A";84.97;"A";1010.02;"A";239;"A";28;"A";0;"A";14;"A";14;"A";28.4;"A";20.56;"A";19.4;"A"
"2025-12-11 13:00";7.28;"A";85.34;"A";1009.96;"A";201;"A";29;"A";0;"A";12;"A";17;"A";15.29;"A";10.95;"A";10.22;"A"
"2025-12-11 13:15";7.17;"A";85.98;"A";1009.79;"A";214;"A";31;"A";0;"A";15;"A";16;"A";15.39;"A";11.02;"A";10.29;"A"
"2025-12-11 13:30";7.02;"A";86.29;"A";1009.65;"A";206;"A";31;"A";0;"A";15;"A";16;"A";14.78;"A";10.58;"A";9.86;"A"
"2025-12-11 13:45";6.64;"A";86.77;"A";1009.64;"A";226;"A";31;"A";0;"A";15;"A";17;"A";13.37;"A";9.55;"A";8.87;"A"
"2025-12-11 14:00";6.48;"A";86.58;"A";1009.48;"A";235;"A";32;"A";0;"A";15;"A";17;"A";15.23;"A";10.91;"A";10.17;"A"
"2025-12-11 14:15";6.52;"A";85.79;"A";1009.56;"A";227;"A";32;"A";0;"A";14;"A";18;"A";13.82;"A";9.87;"A";9.19;"A"
"2025-12-11 14:30";6.54;"A";86.05;"A";1009.3;"A";220;"A";31;"A";0;"A";15;"A";16;"A";15.16;"A";10.86;"A";10.13;"A"
"2025-12-11 14:45";6.56;"A";85.15;"A";1009.3;"A";216;"A";32;"A";0;"A";15;"A";17;"A";12.12;"A";8.63;"A";8;"A"
"2025-12-11 15:00";6.56;"A";85.28;"A";1009.32;"A";233;"A";32;"A";0;"A";17;"A";16;"A";14.51;"A";10.39;"A";9.68;"A"
"2025-12-11 15:15";6.6;"A";84.85;"A";1009.25;"A";199;"A";32;"A";0;"A";15;"A";17;"A";17.3;"A";12.43;"A";11.63;"A"
"2025-12-11 15:30";6.59;"A";85.28;"A";1009.21;"A";217;"A";33;"A";0;"A";16;"A";17;"A";16.89;"A";12.13;"A";11.34;"A"
"2025-12-11 15:45";6.62;"A";85.29;"A";1009.02;"A";246;"A";33;"A";0;"A";18;"A";15;"A";23.85;"A";17.23;"A";16.21;"A"
"2025-12-11 16:00";6.65;"A";85.48;"A";1008.8;"A";274;"A";34;"A";0;"A";20;"A";14;"A";22.1;"A";15.94;"A";14.98;"A"
"2025-12-11 16:15";6.72;"A";85.68;"A";1008.7;"A";261;"A";35;"A";0;"A";21;"A";14;"A";15.58;"A";11.16;"A";10.42;"A"
"2025-12-11 16:30";6.74;"A";85.95;"A";1008.57;"A";231;"A";34;"A";0;"A";19;"A";15;"A";17.19;"A";12.34;"A";11.55;"A"
"2025-12-11 16:45";6.76;"A";86.33;"A";1008.48;"A";298;"A";34;"A";0;"A";21;"A";13;"A";25.6;"A";18.5;"A";17.43;"A"
"2025-12-11 17:00";6.78;"A";86.84;"A";1008.48;"A";349;"A";33;"A";0;"A";20;"A";13;"A";24.94;"A";18.03;"A";16.98;"A"
"2025-12-11 17:15";6.78;"A";87.58;"A";1008.5;"A";300;"A";32;"A";0;"A";19;"A";13;"A";22.15;"A";15.98;"A";15.02;"A"
"2025-12-11 17:30";6.76;"A";88.71;"A";1008.3;"A";317;"A";31;"A";0;"A";20;"A";11;"A";27.8;"A";20.12;"A";18.98;"A"
"2025-12-11 17:45";6.81;"A";88.78;"A";1008.26;"A";324;"A";30;"A";0;"A";18;"A";12;"A";35.27;"A";25.59;"A";24.2;"A"
"2025-12-11 18:00";6.84;"A";89.02;"A";1008.15;"A";294;"A";29;"A";0;"A";17;"A";12;"A";35.62;"A";25.85;"A";24.45;"A"
"2025-12-11 18:15";6.73;"A";89.41;"A";1008.01;"A";280;"A";29;"A";0;"A";15;"A";14;"A";28.95;"A";20.96;"A";19.78;"A"
"2025-12-11 18:30";6.68;"A";89.73;"A";1007.82;"A";285;"A";28;"A";0;"A";16;"A";12;"A";28.6;"A";20.7;"A";19.54;"A"
"2025-12-11 18:45";6.66;"A";89.68;"A";1007.59;"A";239;"A";28;"A";0;"A";15;"A";13;"A";29.72;"A";21.53;"A";20.32;"A"
"2025-12-11 19:00";6.66;"A";89.77;"A";1007.48;"A";229;"A";27;"A";0;"A";13;"A";13;"A";32.07;"A";23.25;"A";21.97;"A"
"2025-12-11 19:15";6.67;"A";89.93;"A";1007.52;"A";231;"A";26;"A";0;"A";12;"A";14;"A";34.91;"A";25.33;"A";23.96;"A"
"2025-12-11 19:30";6.71;"A";90.03;"A";1007.43;"A";220;"A";27;"A";0;"A";12;"A";15;"A";34.34;"A";24.91;"A";23.55;"A"
"2025-12-11 19:45";6.82;"A";90.02;"A";1007.52;"A";220;"A";27;"A";0;"A";13;"A";14;"A";30.93;"A";22.41;"A";21.16;"A"
"2025-12-11 20:00";6.99;"A";89.84;"A";1007.25;"A";197;"A";27;"A";0;"A";11;"A";15;"A";26.47;"A";19.14;"A";18.05;"A"
"2025-12-11 20:15";7.14;"A";89.58;"A";1007.07;"A";223;"A";27;"A";0;"A";12;"A";16;"A";27.77;"A";20.1;"A";18.96;"A"
"2025-12-11 20:30";7.22;"A";89.49;"A";1007.05;"A";199;"A";28;"A";0;"A";12;"A";16;"A";27.95;"A";20.23;"A";19.08;"A"
"2025-12-11 20:45";7.28;"A";89.85;"A";1006.91;"A";193;"A";28;"A";0;"A";12;"A";16;"A";32.48;"A";23.55;"A";22.25;"A"
"2025-12-11 21:00";7.35;"A";89.86;"A";1006.67;"A";210;"A";28;"A";0;"A";12;"A";15;"A";31.79;"A";23.04;"A";21.77;"A"
"2025-12-11 21:15";7.4;"A";89.76;"A";1006.48;"A";206;"A";28;"A";0;"A";13;"A";15;"A";31.03;"A";22.48;"A";21.24;"A"
"2025-12-11 21:30";7.41;"A";89.87;"A";1006.35;"A";218;"A";27;"A";0;"A";12;"A";15;"A";31.99;"A";23.18;"A";21.91;"A"
"2025-12-11 21:45";7.48;"A";89.78;"A";1006.35;"A";212;"A";26;"A";0;"A";12;"A";14;"A";31.04;"A";22.49;"A";21.24;"A"
"2025-12-11 22:00";7.53;"A";89.17;"A";1006.35;"A";204;"A";26;"A";0;"A";13;"A";13;"A";25.49;"A";18.42;"A";17.36;"A"
"2025-12-11 22:15";7.56;"A";88.9;"A";1006.26;"A";192;"A";26;"A";0;"A";13;"A";12;"A";19.59;"A";14.1;"A";13.23;"A"
"2025-12-11 22:30";7.56;"A";88.91;"A";1006.1;"A";191;"A";24;"A";0;"A";13;"A";11;"A";16.83;"A";12.08;"A";11.3;"A"
"2025-12-11 22:45";7.53;"A";89.11;"A";1005.98;"A";196;"A";24;"A";0;"A";14;"A";10;"A";14.92;"A";10.69;"A";9.96;"A"
"2025-12-11 23:00";7.55;"A";88.92;"A";1005.91;"A";198;"A";23;"A";1;"A";13;"A";10;"A";14.12;"A";10.09;"A";9.4;"A"
"2025-12-11 23:15";7.55;"A";88.88;"A";1005.76;"A";203;"A";22;"A";1;"A";12;"A";10;"A";15.55;"A";11.15;"A";10.4;"A"
"2025-12-11 23:30";7.51;"A";89.11;"A";1005.61;"A";197;"A";21;"A";1;"A";11;"A";10;"A";11.7;"A";8.33;"A";7.71;"A"
"2025-12-11 23:45";7.42;"A";89.56;"A";1005.61;"A";188;"A";21;"A";1;"A";11;"A";10;"A";9.82;"A";6.95;"A";6.39;"A"
"2025-12-12 00:00";7.4;"A";89.71;"A";1005.52;"A";188;"A";21;"A";1;"A";12;"A";9;"A";8.2;"A";5.76;"A";5.26;"A"
"2025-12-12 00:15";7.35;"A";90.28;"A";1005.48;"A";190;"A";21;"A";1;"A";12;"A";9;"A";8.87;"A";6.25;"A";5.72;"A"
"2025-12-12 00:30";7.32;"A";90.55;"A";1005.31;"A";183;"A";19;"A";1;"A";9;"A";11;"A";8.71;"A";6.13;"A";5.61;"A"
"2025-12-12 00:45";7.29;"A";90.83;"A";1005.22;"A";183;"A";18;"A";1;"A";7;"A";11;"A";8.67;"A";6.11;"A";5.59;"A"
"2025-12-12 01:00";7.32;"A";91.05;"A";1005.12;"A";185;"A";18;"A";2;"A";8;"A";11;"A";9.34;"A";6.59;"A";6.05;"A"
"2025-12-12 01:15";7.35;"A";91.26;"A";1005.11;"A";197;"A";18;"A";2;"A";7;"A";11;"A";12.02;"A";8.56;"A";7.93;"A"
"2025-12-12 01:30";7.39;"A";91.27;"A";1005.1;"A";201;"A";18;"A";2;"A";8;"A";10;"A";13.99;"A";10;"A";9.31;"A"
"2025-12-12 01:45";7.44;"A";91.46;"A";1005.08;"A";218;"A";18;"A";2;"A";9;"A";10;"A";13.76;"A";9.83;"A";9.15;"A"
"2025-12-12 02:00";7.55;"A";91.48;"A";1004.91;"A";211;"A";19;"A";2;"A";9;"A";10;"A";13.46;"A";9.61;"A";8.94;"A"
"2025-12-12 02:15";7.71;"A";91.33;"A";1004.94;"A";191;"A";19;"A";2;"A";7;"A";11;"A";13.17;"A";9.4;"A";8.74;"A"
"2025-12-12 02:30";7.77;"A";91.23;"A";1004.88;"A";191;"A";18;"A";1;"A";8;"A";10;"A";13.4;"A";9.57;"A";8.9;"A"
"2025-12-12 02:45";7.81;"A";91.17;"A";1004.8;"A";195;"A";19;"A";1;"A";8;"A";11;"A";15.07;"A";10.79;"A";10.06;"A"
"2025-12-12 03:00";7.84;"A";91.14;"A";1004.77;"A";200;"A";19;"A";2;"A";8;"A";10;"A";15.6;"A";11.18;"A";10.43;"A"
"2025-12-12 03:15";7.87;"A";91.02;"A";1004.78;"A";206;"A";19;"A";1;"A";8;"A";11;"A";17.16;"A";12.32;"A";11.53;"A"
"2025-12-12 03:30";7.89;"A";90.97;"A";1004.78;"A";208;"A";19;"A";1;"A";9;"A";10;"A";19.38;"A";13.95;"A";13.08;"A"
"2025-12-12 03:45";7.88;"A";91.08;"A";1004.85;"A";207;"A";19;"A";2;"A";9;"A";10;"A";20.68;"A";14.9;"A";13.99;"A"
"2025-12-12 04:00";7.91;"A";90.93;"A";1004.87;"A";207;"A";20;"A";1;"A";9;"A";11;"A";24.38;"A";17.61;"A";16.58;"A"
"2025-12-12 04:15";7.87;"A";90.87;"A";1004.82;"A";209;"A";20;"A";1;"A";9;"A";10;"A";26.74;"A";19.34;"A";18.23;"A"
"2025-12-12 04:30";7.84;"A";90.72;"A";1004.75;"A";211;"A";20;"A";1;"A";9;"A";11;"A";27.2;"A";19.68;"A";18.56;"A"
"2025-12-12 04:45";7.82;"A";90.65;"A";1004.69;"A";207;"A";21;"A";1;"A";9;"A";12;"A";27.94;"A";20.22;"A";19.07;"A"
"2025-12-12 05:00";7.83;"A";90.46;"A";1004.68;"A";197;"A";21;"A";1;"A";9;"A";12;"A";29.05;"A";21.03;"A";19.85;"A"
"2025-12-12 05:15";7.83;"A";90.43;"A";1004.78;"A";206;"A";21;"A";1;"A";9;"A";11;"A";31.41;"A";22.76;"A";21.5;"A"
"2025-12-12 05:30";7.84;"A";90.47;"A";1004.81;"A";202;"A";21;"A";1;"A";10;"A";11;"A";33.44;"A";24.25;"A";22.92;"A"
"2025-12-12 05:45";7.82;"A";90.53;"A";1004.82;"A";206;"A";21;"A";1;"A";10;"A";11;"A";34.95;"A";25.36;"A";23.98;"A"
"2025-12-12 06:00";7.81;"A";90.58;"A";1004.85;"A";220;"A";21;"A";1;"A";11;"A";10;"A";35.67;"A";25.88;"A";24.48;"A"
"2025-12-12 06:15";7.89;"A";90.32;"A";1004.94;"A";247;"A";22;"A";1;"A";12;"A";10;"A";36.43;"A";26.44;"A";25.02;"A"
"2025-12-12 06:30";7.95;"A";90.11;"A";1004.88;"A";243;"A";22;"A";1;"A";12;"A";10;"A";37.75;"A";27.41;"A";25.94;"A"
"2025-12-12 06:45";7.98;"A";89.82;"A";1004.83;"A";235;"A";22;"A";1;"A";12;"A";10;"A";37.28;"A";27.06;"A";25.61;"A"
"2025-12-12 07:00";8.05;"A";89.58;"A";1004.87;"A";256;"A";23;"A";1;"A";14;"A";9;"A";39.04;"A";28.35;"A";26.84;"A"
"2025-12-12 07:15";8.09;"A";89.25;"A";1004.93;"A";255;"A";24;"A";1;"A";13;"A";10;"A";37.32;"A";27.09;"A";25.64;"A"
"2025-12-12 07:30";8.13;"A";89.08;"A";1004.96;"A";258;"A";24;"A";1;"A";14;"A";10;"A";34.4;"A";24.95;"A";23.59;"A"
"2025-12-12 07:45";8.2;"A";88.76;"A";1005.01;"A";274;"A";25;"A";0;"A";16;"A";9;"A";36;"A";26.13;"A";24.72;"A"
"2025-12-12 08:00";8.27;"A";88.34;"A";1005.16;"A";305;"A";26;"A";0;"A";17;"A";9;"A";34.48;"A";25.01;"A";23.65;"A"
"2025-12-12 08:15";8.39;"A";88.23;"A";1005.16;"A";422;"A";32;"A";0;"A";24;"A";8;"A";42.7;"A";31.03;"A";29.4;"A"
"2025-12-12 08:30";8.46;"A";87.95;"A";1005.08;"A";319;"A";27;"A";0;"A";17;"A";10;"A";36.32;"A";26.36;"A";24.94;"A"
"2025-12-12 08:45";8.58;"A";87.89;"A";1005.18;"A";467;"A";36;"A";0;"A";29;"A";8;"A";44.19;"A";32.12;"A";30.45;"A"
"2025-12-12 09:00";8.65;"A";87.99;"A";1005.23;"A";334;"A";26;"A";0;"A";17;"A";9;"A";34.92;"A";25.34;"A";23.96;"A"
"2025-12-12 09:15";8.69;"A";87.86;"A";1005.23;"A";427;"A";31;"A";0;"A";24;"A";7;"A";43.88;"A";31.9;"A";30.23;"A"
"2025-12-12 09:30";8.77;"A";87.9;"A";1005.34;"A";406;"A";27;"A";1;"A";18;"A";9;"A";39.93;"A";29;"A";27.47;"A"
"2025-12-12 09:45";8.86;"A";87.66;"A";1005.58;"A";348;"A";25;"A";1;"A";16;"A";10;"A";36.47;"A";26.47;"A";25.05;"A"
"2025-12-12 10:00";8.98;"A";87.25;"A";1005.56;"A";983;"A";25;"A";1;"A";15;"A";10;"A";38.49;"A";27.95;"A";26.46;"A"
"2025-12-12 10:15";9.16;"A";86.24;"A";1005.37;"A";321;"A";26;"A";1;"A";14;"A";12;"A";37.72;"A";27.39;"A";25.92;"A"
"2025-12-12 10:30";9.3;"A";85.58;"A";1005.3;"A";302;"A";26;"A";0;"A";14;"A";12;"A";39.94;"A";29.01;"A";27.47;"A"
"2025-12-12 10:45";9.35;"A";85.12;"A";1005.2;"A";550;"A";26;"A";1;"A";12;"A";14;"A";33.78;"A";24.5;"A";23.16;"A"
"2025-12-12 11:00";9.44;"A";85.38;"A";1005.17;"A";448;"A";26;"A";1;"A";13;"A";14;"A";42.14;"A";30.62;"A";29.01;"A"
"2025-12-12 11:15";9.39;"A";84.82;"A";1005.22;"A";517;"A";26;"A";0;"A";12;"A";14;"A";32.56;"A";23.6;"A";22.31;"A"
"2025-12-12 11:30";9.33;"A";84.79;"A";1005.11;"A";243;"A";26;"A";0;"A";12;"A";15;"A";33.7;"A";24.44;"A";23.1;"A"
"2025-12-12 11:45";9.36;"A";84.86;"A";1005.06;"A";285;"A";27;"A";0;"A";14;"A";13;"A";37.46;"A";27.2;"A";25.74;"A"
"2025-12-12 12:00";9.38;"A";84.41;"A";1005.03;"A";600;"A";29;"A";0;"A";16;"A";13;"A";37.58;"A";27.28;"A";25.82;"A"
"2025-12-12 12:15";9.38;"A";84.52;"A";1004.97;"A";322;"A";29;"A";0;"A";18;"A";12;"A";32.84;"A";23.81;"A";22.5;"A"
"2025-12-12 12:30";9.35;"A";84.56;"A";1004.9;"A";367;"A";27;"A";0;"A";15;"A";13;"A";31.03;"A";22.48;"A";21.24;"A"
"2025-12-12 12:45";9.29;"A";83.51;"A";1004.85;"A";345;"A";29;"A";0;"A";16;"A";13;"A";29.77;"A";21.56;"A";20.35;"A"
"2025-12-12 13:00";9.3;"A";83.83;"A";1004.91;"A";347;"A";36;"A";0;"A";24;"A";12;"A";33.49;"A";24.29;"A";22.96;"A"
"2025-12-12 13:15";9.28;"A";83.45;"A";1004.78;"A";310;"A";30;"A";0;"A";17;"A";13;"A";29.54;"A";21.39;"A";20.19;"A"
"2025-12-12 13:30";9.26;"A";82.44;"A";1004.87;"A";299;"A";31;"A";0;"A";15;"A";15;"A";29.48;"A";21.35;"A";20.15;"A"
"2025-12-12 13:45";9.24;"A";81.39;"A";1004.77;"A";287;"A";31;"A";0;"A";15;"A";16;"A";27.73;"A";20.07;"A";18.93;"A"
"2025-12-12 14:00";9.19;"A";80.98;"A";1004.72;"A";266;"A";32;"A";0;"A";16;"A";16;"A";23.09;"A";16.66;"A";15.68;"A"
"2025-12-12 14:15";9.2;"A";81.72;"A";1004.73;"A";352;"A";34;"A";0;"A";22;"A";12;"A";26.12;"A";18.89;"A";17.8;"A"
"2025-12-12 14:30";9.19;"A";81.82;"A";1004.74;"A";325;"A";33;"A";0;"A";20;"A";13;"A";24.76;"A";17.89;"A";16.85;"A"
"2025-12-12 14:45";9.17;"A";82.03;"A";1004.77;"A";315;"A";33;"A";0;"A";21;"A";12;"A";26.63;"A";19.26;"A";18.16;"A"
"2025-12-12 15:00";9.16;"A";81.47;"A";1004.73;"A";294;"A";35;"A";0;"A";23;"A";12;"A";26.89;"A";19.45;"A";18.34;"A"
"2025-12-12 15:15";9.11;"A";81.19;"A";1004.71;"A";256;"A";32;"A";0;"A";17;"A";15;"A";30.51;"A";22.1;"A";20.87;"A"
"2025-12-12 15:30";8.98;"A";81.64;"A";1004.74;"A";399;"A";36;"A";0;"A";26;"A";10;"A";33.69;"A";24.43;"A";23.1;"A"
"2025-12-12 15:45";8.77;"A";80.83;"A";1004.93;"A";460;"A";35;"A";0;"A";25;"A";10;"A";25.22;"A";18.22;"A";17.17;"A"
"2025-12-12 16:00";8.55;"A";81.46;"A";1005.03;"A";418;"A";36;"A";0;"A";25;"A";11;"A";26.52;"A";19.18;"A";18.08;"A"
"2025-12-12 16:15";8.24;"A";82.75;"A";1004.9;"A";366;"A";34;"A";0;"A";23;"A";11;"A";26.08;"A";18.86;"A";17.77;"A"
"2025-12-12 16:30";8.12;"A";82.36;"A";1004.9;"A";444;"A";35;"A";0;"A";26;"A";9;"A";24.02;"A";17.35;"A";16.33;"A"
"2025-12-12 16:45";7.93;"A";82.3;"A";1004.88;"A";327;"A";34;"A";0;"A";23;"A";11;"A";22.88;"A";16.52;"A";15.53;"A"
"2025-12-12 17:00";7.62;"A";83.35;"A";1004.8;"A";502;"A";35;"A";0;"A";29;"A";6;"A";46.21;"A";33.61;"A";31.86;"A"
"2025-12-12 17:15";7.42;"A";84;"A";1004.86;"A";479;"A";34;"A";0;"A";29;"A";5;"A";41.42;"A";30.1;"A";28.51;"A"
"2025-12-12 17:30";7.18;"A";84.22;"A";1004.86;"A";482;"A";34;"A";0;"A";30;"A";4;"A";39.6;"A";28.76;"A";27.24;"A"
"2025-12-12 17:45";7;"A";83.99;"A";1004.74;"A";477;"A";34;"A";0;"A";30;"A";4;"A";43.2;"A";31.4;"A";29.76;"A"
"2025-12-12 18:00";6.86;"A";83.67;"A";1004.75;"A";414;"A";34;"A";0;"A";29;"A";5;"A";43.51;"A";31.63;"A";29.98;"A"
"2025-12-12 18:15";6.79;"A";84.07;"A";1004.67;"A";479;"A";33;"A";0;"A";27;"A";6;"A";61.44;"A";44.76;"A";42.52;"A"
"2025-12-12 18:30";6.76;"A";84.44;"A";1004.6;"A";519;"A";33;"A";0;"A";28;"A";5;"A";59.61;"A";43.42;"A";41.24;"A"
"2025-12-12 18:45";6.93;"A";84.07;"A";1004.51;"A";381;"A";32;"A";0;"A";25;"A";7;"A";41.42;"A";30.1;"A";28.51;"A"
"2025-12-12 19:00";7.16;"A";83.92;"A";1004.5;"A";312;"A";32;"A";0;"A";22;"A";9;"A";29.42;"A";21.31;"A";20.11;"A"
"2025-12-12 19:15";7.59;"A";82.64;"A";1004.48;"A";204;"A";31;"A";0;"A";15;"A";16;"A";19.33;"A";13.91;"A";13.04;"A"
"2025-12-12 19:30";7.79;"A";82.34;"A";1004.44;"A";180;"A";32;"A";0;"A";14;"A";18;"A";19.28;"A";13.87;"A";13.01;"A"
"2025-12-12 19:45";7.95;"A";82;"A";1004.2;"A";172;"A";32;"A";0;"A";14;"A";18;"A";19.13;"A";13.77;"A";12.91;"A"
"2025-12-12 20:00";8.03;"A";82.01;"A";1004.06;"A";189;"A";32;"A";0;"A";15;"A";17;"A";21.21;"A";15.29;"A";14.36;"A"
"2025-12-12 20:15";8.11;"A";81.18;"A";1004.02;"A";182;"A";32;"A";0;"A";14;"A";18;"A";19.72;"A";14.2;"A";13.32;"A"
"2025-12-12 20:30";8.22;"A";80.32;"A";1003.95;"A";178;"A";33;"A";0;"A";14;"A";19;"A";17.87;"A";12.84;"A";12.02;"A"
"2025-12-12 20:45";8.19;"A";80.65;"A";1003.92;"A";186;"A";33;"A";0;"A";14;"A";20;"A";17.54;"A";12.6;"A";11.79;"A"
"2025-12-12 21:00";8.07;"A";81.06;"A";1003.72;"A";192;"A";33;"A";0;"A";14;"A";19;"A";20.06;"A";14.45;"A";13.56;"A"
"2025-12-12 21:15";7.92;"A";81.67;"A";1003.69;"A";206;"A";33;"A";0;"A";15;"A";18;"A";21.64;"A";15.61;"A";14.66;"A"
"2025-12-12 21:30";7.85;"A";82.19;"A";1003.58;"A";208;"A";32;"A";0;"A";13;"A";19;"A";24.58;"A";17.76;"A";16.72;"A"
"2025-12-12 21:45";7.79;"A";82.61;"A";1003.66;"A";214;"A";32;"A";0;"A";14;"A";18;"A";23.27;"A";16.8;"A";15.81;"A"
"2025-12-12 22:00";7.87;"A";82.68;"A";1003.68;"A";192;"A";32;"A";0;"A";14;"A";19;"A";17.94;"A";12.89;"A";12.07;"A"
"2025-12-12 22:15";7.93;"A";82.75;"A";1003.6;"A";166;"A";33;"A";0;"A";13;"A";20;"A";18.19;"A";13.08;"A";12.25;"A"
"2025-12-12 22:30";7.96;"A";82.9;"A";1003.6;"A";164;"A";32;"A";0;"A";13;"A";19;"A";18.46;"A";13.28;"A";12.44;"A"
"2025-12-12 22:45";7.97;"A";83.23;"A";1003.73;"A";160;"A";32;"A";0;"A";12;"A";20;"A";20.44;"A";14.73;"A";13.82;"A"
"2025-12-12 23:00";7.99;"A";83.34;"A";1003.77;"A";153;"A";31;"A";0;"A";12;"A";20;"A";19;"A";13.67;"A";12.81;"A"
"2025-12-12 23:15";7.99;"A";83.4;"A";1003.69;"A";143;"A";31;"A";0;"A";12;"A";19;"A";18.14;"A";13.04;"A";12.22;"A"
"2025-12-12 23:30";7.97;"A";83.76;"A";1003.69;"A";145;"A";31;"A";0;"A";12;"A";19;"A";18.21;"A";13.09;"A";12.26;"A"
"2025-12-12 23:45";8.02;"A";83.53;"A";1003.56;"A";138;"A";31;"A";0;"A";11;"A";19;"A";17.08;"A";12.27;"A";11.47;"A"
"2025-12-13 00:00";8.04;"A";83.47;"A";1003.58;"A";136;"A";30;"A";0;"A";11;"A";19;"A";16.57;"A";11.89;"A";11.12;"A"
"2025-12-13 00:15";8.1;"A";83.42;"A";1003.64;"A";129;"A";30;"A";0;"A";10;"A";19;"A";16.41;"A";11.78;"A";11;"A"
"2025-12-13 00:30";8.17;"A";83.21;"A";1003.64;"A";125;"A";29;"A";0;"A";10;"A";19;"A";15.05;"A";10.78;"A";10.05;"A"
"2025-12-13 00:45";8.16;"A";83.15;"A";1003.56;"A";123;"A";29;"A";0;"A";10;"A";20;"A";14.24;"A";10.18;"A";9.48;"A"
"2025-12-13 01:00";8.2;"A";83.11;"A";1003.65;"A";120;"A";29;"A";0;"A";10;"A";19;"A";13.82;"A";9.87;"A";9.19;"A"
"2025-12-13 01:15";8.25;"A";83.1;"A";1003.72;"A";120;"A";30;"A";0;"A";10;"A";20;"A";13.56;"A";9.68;"A";9;"A"
"2025-12-13 01:30";8.3;"A";82.85;"A";1003.76;"A";119;"A";30;"A";0;"A";10;"A";20;"A";12.82;"A";9.14;"A";8.49;"A"
"2025-12-13 01:45";8.32;"A";82.62;"A";1003.81;"A";117;"A";29;"A";0;"A";10;"A";20;"A";11.76;"A";8.37;"A";7.75;"A"
"2025-12-13 02:00";8.32;"A";82.76;"A";1003.98;"A";110;"A";30;"A";0;"A";9;"A";20;"A";10.76;"A";7.64;"A";7.05;"A"
"2025-12-13 02:15";8.27;"A";83.43;"A";1003.99;"A";109;"A";30;"A";0;"A";10;"A";20;"A";9.83;"A";6.95;"A";6.4;"A"
"2025-12-13 02:30";8.32;"A";82.08;"A";1004.05;"A";115;"A";30;"A";0;"A";10;"A";20;"A";8.85;"A";6.23;"A";5.71;"A"
"2025-12-13 02:45";8.28;"A";81.7;"A";1004.13;"A";100;"A";30;"A";0;"A";10;"A";20;"A";9.03;"A";6.37;"A";5.84;"A"
"2025-12-13 03:00";8.16;"A";78.17;"A";1004.11;"A";87;"A";32;"A";0;"A";10;"A";22;"A";7.48;"A";5.62;"A";3.95;"A"
"2025-12-13 03:15";8.01;"A";73.83;"A";1004.25;"A";67;"A";37;"A";0;"A";13;"A";24;"A";3.42;"A";2.59;"A";1.56;"A"
"2025-12-13 03:30";7.72;"A";74.95;"A";1004.38;"A";62;"A";40;"A";0;"A";16;"A";24;"A";3.35;"A";2.12;"A";1.25;"A"
"2025-12-13 03:45";7.56;"A";76.37;"A";1004.52;"A";67;"A";38;"A";0;"A";14;"A";24;"A";3.35;"A";1.8;"A";1.2;"A"
"2025-12-13 04:00";7.43;"A";76.2;"A";1004.84;"A";61;"A";38;"A";0;"A";15;"A";24;"A";2.39;"A";1.7;"A";1.1;"A"
"2025-12-13 04:15";7.27;"A";76.48;"A";1005.18;"A";57;"A";39;"A";0;"A";17;"A";22;"A";2.89;"A";1.91;"A";1.13;"A"
"2025-12-13 04:30";7.13;"A";76.94;"A";1005.55;"A";54;"A";39;"A";0;"A";19;"A";20;"A";2.79;"A";1.63;"A";0.97;"A"
"2025-12-13 04:45";6.86;"A";76.71;"A";1005.65;"A";53;"A";38;"A";0;"A";18;"A";20;"A";3.24;"A";1.67;"A";1.13;"A"
"2025-12-13 05:00";6.58;"A";77.25;"A";1005.95;"A";52;"A";37;"A";0;"A";19;"A";19;"A";3.23;"A";1.69;"A";1.04;"A"
"2025-12-13 05:15";6.27;"A";78;"A";1006.25;"A";52;"A";37;"A";0;"A";18;"A";19;"A";2.93;"A";1.95;"A";1.06;"A"
"2025-12-13 05:30";6.07;"A";78.01;"A";1006.55;"A";51;"A";35;"A";0;"A";17;"A";18;"A";3.12;"A";1.84;"A";1.21;"A"
"2025-12-13 05:45";5.72;"A";76.31;"A";1006.91;"A";51;"A";32;"A";0;"A";13;"A";20;"A";3.39;"A";1.83;"A";1.01;"A"
"2025-12-13 06:00";5.23;"A";72.42;"A";1007.35;"A";51;"A";32;"A";0;"A";14;"A";18;"A";2.98;"A";2.35;"A";1.16;"A"
"2025-12-13 06:15";4.37;"A";68.54;"A";1007.88;"A";55;"A";32;"A";0;"A";15;"A";17;"A";3.39;"A";1.6;"A";0.99;"A"
"2025-12-13 06:30";3.79;"A";66.77;"A";1008.4;"A";48;"A";33;"A";0;"A";17;"A";16;"A";3.83;"A";1.67;"A";0.97;"A"
"2025-12-13 06:45";3.32;"A";68.27;"A";1008.39;"A";51;"A";32;"A";0;"A";19;"A";13;"A";4.03;"A";2.2;"A";1.28;"A"
"2025-12-13 07:00";3.03;"A";70.72;"A";1008.69;"A";49;"A";31;"A";0;"A";19;"A";12;"A";4.62;"A";2.64;"A";1.71;"A"
"2025-12-13 07:15";2.73;"A";69.91;"A";1009.08;"A";48;"A";31;"A";0;"A";15;"A";15;"A";5.58;"A";3.44;"A";2.18;"A"
"2025-12-13 07:30";2.31;"A";69.79;"A";1009.61;"A";54;"A";32;"A";0;"A";17;"A";15;"A";6.89;"A";4.82;"A";3.23;"A"
"2025-12-13 07:45";1.96;"A";68.83;"A";1010.28;"A";52;"A";32;"A";0;"A";19;"A";14;"A";6.24;"A";4.05;"A";2.48;"A"
"2025-12-13 08:00";1.63;"A";66.09;"A";1010.79;"A";49;"A";35;"A";0;"A";20;"A";15;"A";4.55;"A";2.88;"A";1.7;"A"
"2025-12-13 08:15";1.35;"A";67.18;"A";1011.04;"A";41;"A";37;"A";0;"A";23;"A";14;"A";6.44;"A";3.35;"A";2.19;"A"
"2025-12-13 08:30";1.18;"A";66.76;"A";1011.48;"A";60;"A";36;"A";0;"A";23;"A";13;"A";12.17;"A";8.72;"A";6.33;"A"
"2025-12-13 08:45";1.11;"A";66.98;"A";1011.72;"A";65;"A";37;"A";0;"A";23;"A";14;"A";8.41;"A";4.94;"A";3.31;"A"
"2025-12-13 09:00";1.1;"A";66.74;"A";1012.18;"A";73;"A";36;"A";0;"A";24;"A";13;"A";8.35;"A";5.81;"A";3.9;"A"
"2025-12-13 09:15";1.08;"A";65.94;"A";1012.45;"A";62;"A";36;"A";0;"A";23;"A";14;"A";5.1;"A";3.31;"A";2.3;"A"
"2025-12-13 09:30";1.37;"A";65.74;"A";1012.82;"A";58;"A";35;"A";0;"A";21;"A";14;"A";4.79;"A";2.39;"A";1.63;"A"
"2025-12-13 09:45";1.3;"A";64.87;"A";1013.13;"A";67;"A";36;"A";0;"A";22;"A";13;"A";4.5;"A";2.71;"A";1.75;"A"
"2025-12-13 10:00";1.37;"A";63.12;"A";1013.36;"A";77;"A";36;"A";0;"A";24;"A";12;"A";5.89;"A";3.12;"A";2.29;"A"
"2025-12-13 10:15";1.43;"A";63.26;"A";1013.54;"A";79;"A";35;"A";0;"A";21;"A";13;"A";6.41;"A";3.62;"A";2.29;"A"
"2025-12-13 10:30";1.28;"A";62.48;"A";1013.7;"A";89;"A";34;"A";0;"A";21;"A";13;"A";8;"A";4.83;"A";3.22;"A"
"2025-12-13 10:45";1.71;"A";61.11;"A";1013.94;"A";91;"A";33;"A";0;"A";20;"A";13;"A";7.55;"A";4.68;"A";2.93;"A"
"2025-12-13 11:00";2.19;"A";57.69;"A";1014.13;"A";67;"A";33;"A";0;"A";19;"A";14;"A";4.46;"A";2.74;"A";1.76;"A"
"2025-12-13 11:15";2.48;"A";56.88;"A";1014.17;"A";115;"A";33;"A";0;"A";19;"A";14;"A";9.68;"A";5.56;"A";3.99;"A"
"2025-12-13 11:30";2.54;"A";55.21;"A";1014.29;"A";113;"A";35;"A";0;"A";21;"A";14;"A";7.64;"A";5.21;"A";3.71;"A"
"2025-12-13 11:45";2.72;"A";55.63;"A";1014.41;"A";86;"A";35;"A";0;"A";20;"A";15;"A";16.01;"A";12.23;"A";8.8;"A"
"2025-12-13 12:00";2.99;"A";55.73;"A";1014.41;"A";160;"A";34;"A";0;"A";21;"A";14;"A";27.26;"A";22.07;"A";16.25;"A"
"2025-12-13 12:15";3.36;"A";57.55;"A";1014.48;"A";83;"A";33;"A";0;"A";19;"A";14;"A";5.79;"A";3.4;"A";2.21;"A"
"2025-12-13 12:30";2.91;"A";59.68;"A";1014.69;"A";83;"A";33;"A";0;"A";18;"A";15;"A";6.36;"A";4.14;"A";2.89;"A"
"2025-12-13 12:45";2.4;"A";59.24;"A";1014.73;"A";68;"A";35;"A";0;"A";22;"A";13;"A";6.41;"A";4.21;"A";2.53;"A"
"2025-12-13 13:00";2.02;"A";60.82;"A";1014.8;"A";252;"A";34;"A";1;"A";20;"A";13;"A";57.27;"A";49.37;"A";36.17;"A"
"2025-12-13 13:15";2;"A";61.25;"A";1014.74;"A";126;"A";33;"A";0;"A";20;"A";14;"A";6.85;"A";4.33;"A";2.78;"A"
"2025-12-13 13:30";1.93;"A";62.71;"A";1014.87;"A";89;"A";33;"A";0;"A";19;"A";14;"A";6.19;"A";3.35;"A";2.32;"A"
"2025-12-13 13:45";1.95;"A";62.23;"A";1015;"A";77;"A";33;"A";0;"A";19;"A";15;"A";6.42;"A";4.55;"A";3.11;"A"
"2025-12-13 14:00";1.69;"A";61.55;"A";1015.1;"A";66;"A";33;"A";0;"A";20;"A";13;"A";6.76;"A";3.98;"A";2.82;"A"
"2025-12-13 14:15";1.46;"A";62.36;"A";1015.24;"A";58;"A";33;"A";0;"A";20;"A";13;"A";11.24;"A";7.89;"A";5.35;"A"
"2025-12-13 14:30";1.66;"A";61.21;"A";1015.13;"A";75;"A";32;"A";0;"A";20;"A";13;"A";13.64;"A";8.27;"A";5.99;"A"
"2025-12-13 14:45";1.65;"A";59.7;"A";1015.36;"A";76;"A";33;"A";0;"A";19;"A";13;"A";17.98;"A";14.03;"A";10.09;"A"
"2025-12-13 15:00";1.42;"A";60.13;"A";1015.6;"A";85;"A";34;"A";0;"A";22;"A";12;"A";10.22;"A";6.79;"A";5.02;"A"
"2025-12-13 15:15";1.23;"A";61.03;"A";1015.74;"A";80;"A";34;"A";0;"A";21;"A";13;"A";9.34;"A";6.76;"A";4.95;"A"
"2025-12-13 15:30";1.07;"A";62.32;"A";1015.63;"A";73;"A";33;"A";0;"A";22;"A";11;"A";10.83;"A";7.5;"A";5.45;"A"
"2025-12-13 15:45";0.87;"A";65.11;"A";1015.89;"A";87;"A";32;"A";0;"A";21;"A";11;"A";14.35;"A";9.67;"A";6.79;"A"
"2025-12-13 16:00";0.77;"A";64.59;"A";1015.93;"A";71;"A";31;"A";0;"A";20;"A";11;"A";13.11;"A";9.54;"A";6.96;"A"
"2025-12-13 16:15";0.64;"A";66.59;"A";1016.21;"A";139;"A";38;"A";0;"A";31;"A";7;"A";14.85;"A";9.75;"A";7.13;"A"
"2025-12-13 16:30";0.54;"A";68.18;"A";1016.38;"A";130;"A";32;"A";0;"A";26;"A";6;"A";14.89;"A";9.7;"A";6.65;"A"
"2025-12-13 16:45";0.42;"A";68.99;"A";1016.54;"A";230;"A";41;"A";0;"A";38;"A";6;"A";11.63;"A";8.89;"A";6.33;"A"
"2025-12-13 17:00";0.26;"A";67.06;"A";1016.61;"A";101;"A";31;"A";0;"A";22;"A";9;"A";8.69;"A";5.71;"A";4.07;"A"
"2025-12-13 17:15";0.12;"A";66.26;"A";1016.78;"A";82;"A";31;"A";0;"A";22;"A";9;"A";8.18;"A";5.22;"A";3.53;"A"
"2025-12-13 17:30";0;"A";67.21;"A";1017.02;"A";69;"A";32;"A";0;"A";23;"A";9;"A";8.74;"A";5.87;"A";4.06;"A"
"2025-12-13 17:45";-0.2;"A";67.95;"A";1017.04;"A";66;"A";31;"A";0;"A";21;"A";11;"A";8.52;"A";5.74;"A";4.21;"A"
"2025-12-13 18:00";-0.35;"A";68.3;"A";1017.15;"A";76;"A";31;"A";0;"A";21;"A";10;"A";12.38;"A";9.09;"A";6.44;"A"
"2025-12-13 18:15";-0.47;"A";67.82;"A";1017.27;"A";79;"A";31;"A";0;"A";21;"A";10;"A";10.85;"A";7.86;"A";5.54;"A"
"2025-12-13 18:30";-0.61;"A";67.74;"A";1017.25;"A";81;"A";32;"A";0;"A";24;"A";9;"A";10.49;"A";7.3;"A";5.09;"A"
"2025-12-13 18:45";-0.72;"A";67.22;"A";1017.26;"A";59;"A";32;"A";0;"A";21;"A";11;"A";10.55;"A";7.87;"A";5.29;"A"
"2025-12-13 19:00";-0.8;"A";68.02;"A";1017.35;"A";58;"A";32;"A";0;"A";22;"A";10;"A";10.52;"A";7.74;"A";5.36;"A"
"2025-12-13 19:15";-0.81;"A";68.37;"A";1017.26;"A";51;"A";31;"A";0;"A";20;"A";11;"A";10.09;"A";6.68;"A";4.51;"A"
"2025-12-13 19:30";-0.8;"A";68.63;"A";1017.15;"A";53;"A";31;"A";0;"A";20;"A";11;"A";11.81;"A";8.23;"A";5.67;"A"
"2025-12-13 19:45";-0.87;"A";68.91;"A";1017.23;"A";63;"A";31;"A";0;"A";21;"A";10;"A";11.97;"A";8.45;"A";6.04;"A"
"2025-12-13 20:00";-0.88;"A";70.12;"A";1017.28;"A";60;"A";31;"A";0;"A";21;"A";10;"A";10.25;"A";7.77;"A";5.32;"A"
"2025-12-13 20:15";-0.96;"A";70.74;"A";1017.15;"A";63;"A";30;"A";0;"A";19;"A";11;"A";10.88;"A";7.58;"A";5.17;"A"
"2025-12-13 20:30";-1;"A";71.73;"A";1017.22;"A";64;"A";30;"A";0;"A";20;"A";10;"A";11.6;"A";7.86;"A";5.44;"A"
"2025-12-13 20:45";-0.94;"A";71.6;"A";1017.19;"A";76;"A";30;"A";0;"A";21;"A";9;"A";11.02;"A";7.72;"A";5.4;"A"
"2025-12-13 21:00";-0.92;"A";71.6;"A";1017.32;"A";68;"A";29;"A";0;"A";19;"A";10;"A";12.3;"A";9.4;"A";6.74;"A"
"2025-12-13 21:15";-0.88;"A";71.8;"A";1017.49;"A";65;"A";29;"A";0;"A";20;"A";9;"A";12.44;"A";9.05;"A";6.8;"A"
"2025-12-13 21:30";-0.81;"A";71.87;"A";1017.45;"A";61;"A";30;"A";0;"A";22;"A";7;"A";15.59;"A";10.93;"A";7.88;"A"
"2025-12-13 21:45";-0.81;"A";71.89;"A";1017.5;"A";66;"A";30;"A";0;"A";23;"A";6;"A";13.25;"A";9.62;"A";6.97;"A"
"2025-12-13 22:00";-0.81;"A";72.43;"A";1017.67;"A";66;"A";29;"A";0;"A";24;"A";5;"A";13.09;"A";9.21;"A";6.69;"A"
"2025-12-13 22:15";-0.85;"A";73.04;"A";1017.77;"A";64;"A";29;"A";0;"A";25;"A";4;"A";13.04;"A";8.79;"A";6.59;"A"
"2025-12-13 22:30";-0.9;"A";73.45;"A";1017.9;"A";62;"A";28;"A";0;"A";20;"A";8;"A";11.98;"A";8.88;"A";6.31;"A"
"2025-12-13 22:45";-1;"A";73.37;"A";1018.14;"A";88;"A";27;"A";0;"A";18;"A";9;"A";14.18;"A";11.14;"A";8.25;"A"
"2025-12-13 23:00";-1.16;"A";74.54;"A";1018.21;"A";85;"A";27;"A";0;"A";18;"A";9;"A";15.68;"A";11.46;"A";8.35;"A"
"2025-12-13 23:15";-1.28;"A";75.05;"A";1018.17;"A";77;"A";27;"A";0;"A";17;"A";9;"A";16.23;"A";12.19;"A";8.77;"A"
"2025-12-13 23:30";-1.31;"A";75.22;"A";1018.34;"A";81;"A";26;"A";0;"A";17;"A";9;"A";17.5;"A";12.92;"A";9.01;"A"
"2025-12-13 23:45";-1.4;"A";75.19;"A";1018.58;"A";74;"A";27;"A";0;"A";17;"A";9;"A";14.99;"A";11.04;"A";8.09;"A"
"2025-12-14 00:00";-1.39;"A";75.81;"A";1018.48;"A";75;"A";26;"A";0;"A";17;"A";9;"A";14.98;"A";10.51;"A";7.56;"A"
"2025-12-14 00:15";-1.42;"A";75.61;"A";1018.21;"A";74;"A";26;"A";0;"A";16;"A";10;"A";15.56;"A";10.92;"A";7.8;"A"
"2025-12-14 00:30";-1.56;"A";76.92;"A";1018.37;"A";91;"A";26;"A";0;"A";17;"A";9;"A";17.77;"A";12.44;"A";8.58;"A"
"2025-12-14 00:45";-1.68;"A";77.91;"A";1018.13;"A";69;"A";25;"A";0;"A";16;"A";9;"A";13.41;"A";9.88;"A";7.3;"A"
"2025-12-14 01:00";-1.59;"A";77.95;"A";1018.01;"A";60;"A";25;"A";0;"A";17;"A";8;"A";12.83;"A";10.42;"A";7.32;"A"
"2025-12-14 01:15";-1.51;"A";77.07;"A";1018;"A";70;"A";26;"A";0;"A";23;"A";4;"A";15.05;"A";10.86;"A";7.97;"A"
"2025-12-14 01:30";-1.41;"A";75.96;"A";1017.93;"A";72;"A";27;"A";0;"A";22;"A";4;"A";14.99;"A";11.13;"A";7.31;"A"
"2025-12-14 01:45";-1.35;"A";76.95;"A";1017.96;"A";100;"A";27;"A";0;"A";23;"A";4;"A";17.57;"A";13.34;"A";9.56;"A"
"2025-12-14 02:00";-1.43;"A";77.89;"A";1018.05;"A";180;"A";25;"A";0;"A";20;"A";5;"A";24.92;"A";19.75;"A";14.24;"A"
"2025-12-14 02:15";-1.43;"A";77.09;"A";1018.02;"A";124;"A";25;"A";0;"A";19;"A";7;"A";22.63;"A";16.96;"A";12.14;"A"
"2025-12-14 02:30";-1.49;"A";77.74;"A";1017.95;"A";132;"A";25;"A";0;"A";20;"A";6;"A";26.52;"A";19.57;"A";14.21;"A"
"2025-12-14 02:45";-1.61;"A";78.86;"A";1017.95;"A";178;"A";25;"A";0;"A";20;"A";5;"A";31.12;"A";23.76;"A";17.15;"A"
"2025-12-14 03:00";-1.64;"A";79.35;"A";1017.99;"A";203;"A";25;"A";0;"A";21;"A";4;"A";38.24;"A";29.68;"A";21.12;"A"
"2025-12-14 03:15";-1.5;"A";77.73;"A";1017.75;"A";151;"A";25;"A";0;"A";19;"A";6;"A";31.66;"A";24.17;"A";16.98;"A"
"2025-12-14 03:30";-1.43;"A";76.86;"A";1017.52;"A";125;"A";25;"A";0;"A";18;"A";7;"A";25.8;"A";19.23;"A";13.95;"A"
"2025-12-14 03:45";-1.5;"A";76.94;"A";1017.43;"A";107;"A";25;"A";0;"A";18;"A";8;"A";22.84;"A";16.87;"A";12.38;"A"
"2025-12-14 04:00";-1.54;"A";78.2;"A";1017.43;"A";169;"A";25;"A";0;"A";20;"A";5;"A";38.35;"A";29.71;"A";21.28;"A"
"2025-12-14 04:15";-1.53;"A";79.01;"A";1017.18;"A";230;"A";24;"A";0;"A";19;"A";4;"A";106.39;"A";79.05;"A";56.73;"A"
"2025-12-14 04:30";-1.69;"A";79.36;"A";1017.12;"A";168;"A";23;"A";1;"A";18;"A";5;"A";115.41;"A";81.77;"A";58.12;"A"
"2025-12-14 04:45";-1.68;"A";79.4;"A";1017;"A";109;"A";23;"A";0;"A";18;"A";5;"A";57.3;"A";41.09;"A";29.67;"A"
"2025-12-14 05:00";-1.71;"A";80.17;"A";1016.98;"A";106;"A";24;"A";0;"A";20;"A";4;"A";47.2;"A";35.7;"A";26.19;"A"
"2025-12-14 05:15";-1.69;"A";80.43;"A";1016.89;"A";120;"A";24;"A";0;"A";23;"A";2;"A";42;"A";30.91;"A";22.66;"A"
"2025-12-14 05:30";-1.61;"A";80.21;"A";1016.64;"A";127;"A";25;"A";0;"A";24;"A";2;"A";31.72;"A";21.98;"A";17.97;"A"
"2025-12-14 05:45";-1.66;"A";80.74;"A";1016.56;"A";186;"A";26;"A";0;"A";24;"A";2;"A";32.37;"A";23.25;"A";20.98;"A"
"2025-12-14 06:00";-1.64;"A";80.82;"A";1016.34;"A";176;"A";26;"A";0;"A";24;"A";2;"A";34.67;"A";25.29;"A";22.67;"A"
"2025-12-14 06:15";-1.66;"A";81.4;"A";1016.32;"A";180;"A";26;"A";0;"A";25;"A";1;"A";26.79;"A";19.49;"A";18.23;"A"
"2025-12-14 06:30";-1.6;"A";80.49;"A";1016.18;"A";167;"A";27;"A";0;"A";25;"A";1;"A";23.63;"A";17.24;"A";13.62;"A"
"2025-12-14 06:45";-1.51;"A";77.44;"A";1016.16;"A";116;"A";28;"A";0;"A";27;"A";1;"A";20.38;"A";14.05;"A";9.94;"A"
"2025-12-14 07:00";-1.43;"A";75.91;"A";1015.93;"A";88;"A";28;"A";0;"A";25;"A";3;"A";14.98;"A";10.49;"A";7.32;"A"
"2025-12-14 07:15";-1.38;"A";75.68;"A";1015.9;"A";86;"A";27;"A";0;"A";22;"A";5;"A";15.01;"A";10.7;"A";7.62;"A"
"2025-12-14 07:30";-1.36;"A";76.55;"A";1016.1;"A";112;"A";27;"A";0;"A";22;"A";5;"A";20.92;"A";14.3;"A";10.02;"A"
"2025-12-14 07:45";-1.27;"A";75.99;"A";1016.1;"A";142;"A";26;"A";0;"A";20;"A";6;"A";19.96;"A";14.71;"A";10.45;"A"
"2025-12-14 08:00";-1.22;"A";75.48;"A";1016.07;"A";112;"A";27;"A";0;"A";20;"A";7;"A";15.73;"A";11.6;"A";8.25;"A"
"2025-12-14 08:15";-1.18;"A";74.83;"A";1015.88;"A";79;"A";27;"A";0;"A";19;"A";8;"A";16.05;"A";11.32;"A";8.06;"A"
"2025-12-14 08:30";-1.14;"A";73.89;"A";1015.7;"A";87;"A";27;"A";0;"A";18;"A";9;"A";16.29;"A";12.51;"A";8.8;"A"
"2025-12-14 08:45";-1.08;"A";73.41;"A";1015.55;"A";104;"A";28;"A";0;"A";20;"A";8;"A";18.41;"A";13.41;"A";9.74;"A"
"2025-12-14 09:00";-0.98;"A";72.56;"A";1015.5;"A";99;"A";28;"A";0;"A";20;"A";8;"A";19.2;"A";13.97;"A";9.65;"A"
"2025-12-14 09:15";-0.9;"A";72.72;"A";1015.46;"A";87;"A";28;"A";0;"A";20;"A";8;"A";18.77;"A";12.93;"A";9;"A"
"2025-12-14 09:30";-0.65;"A";72.84;"A";1015.09;"A";97;"A";28;"A";0;"A";19;"A";9;"A";19.86;"A";13.53;"A";9.6;"A"
"2025-12-14 09:45";-0.59;"A";70.84;"A";1014.65;"A";84;"A";29;"A";0;"A";18;"A";11;"A";19.78;"A";14.08;"A";9.98;"A"
"2025-12-14 10:00";-0.55;"A";69.74;"A";1014.5;"A";90;"A";30;"A";0;"A";20;"A";10;"A";20.13;"A";13.84;"A";9.8;"A"
"2025-12-14 10:15";-0.41;"A";70.22;"A";1014.52;"A";105;"A";31;"A";0;"A";21;"A";10;"A";18.04;"A";12.66;"A";8.47;"A"
"2025-12-14 10:30";-0.25;"A";70.13;"A";1014.71;"A";131;"A";29;"A";0;"A";20;"A";9;"A";21.83;"A";15.85;"A";10.87;"A"
"2025-12-14 10:45";-0.24;"A";69.67;"A";1014.38;"A";99;"A";30;"A";0;"A";21;"A";8;"A";19.12;"A";14.08;"A";10.29;"A"
"2025-12-14 11:00";-0.13;"A";70.47;"A";1014.16;"A";115;"A";29;"A";0;"A";21;"A";8;"A";18.9;"A";13.71;"A";10.02;"A"
"2025-12-14 11:15";0;"A";70.51;"A";1013.96;"A";114;"A";29;"A";0;"A";20;"A";9;"A";26.79;"A";18.78;"A";13.37;"A"
"2025-12-14 11:30";0.06;"A";69.26;"A";1013.7;"A";114;"A";29;"A";0;"A";19;"A";10;"A";22.38;"A";16.36;"A";11.29;"A"
"2025-12-14 11:45";0.09;"A";68.77;"A";1013.51;"A";96;"A";30;"A";0;"A";19;"A";11;"A";16.11;"A";11.5;"A";8.25;"A"
"2025-12-14 12:00";0.12;"A";69.75;"A";1013.41;"A";96;"A";30;"A";0;"A";20;"A";10;"A";17.58;"A";13.28;"A";9.15;"A"
"2025-12-14 12:15";0.19;"A";71.18;"A";1013.21;"A";102;"A";30;"A";0;"A";20;"A";10;"A";21.83;"A";15.69;"A";11.15;"A"
"2025-12-14 12:30";0.13;"A";73.97;"A";1013.03;"A";110;"A";30;"A";0;"A";21;"A";9;"A";24.25;"A";18.58;"A";12.76;"A"
"2025-12-14 12:45";-0.12;"A";77.87;"A";1012.94;"A";106;"A";30;"A";0;"A";21;"A";10;"A";23.48;"A";17.44;"A";12.15;"A"
"2025-12-14 13:00";-0.47;"A";82.52;"A";1012.74;"A";99;"A";30;"A";0;"A";20;"A";10;"A";21.23;"A";15.64;"A";11.68;"A"
"2025-12-14 13:15";-0.5;"A";83.29;"A";1012.44;"A";112;"A";29;"A";0;"A";21;"A";8;"A";19.07;"A";13.92;"A";12.35;"A"
"2025-12-14 13:30";-0.5;"A";83.2;"A";1012.2;"A";90;"A";30;"A";0;"A";21;"A";8;"A";13.1;"A";9.35;"A";8.68;"A"
"2025-12-14 13:45";-0.5;"A";83.07;"A";1012.07;"A";105;"A";30;"A";0;"A";21;"A";10;"A";10.76;"A";7.63;"A";7.05;"A"
"2025-12-14 14:00";-0.52;"A";83.43;"A";1011.94;"A";123;"A";31;"A";0;"A";21;"A";10;"A";12.53;"A";8.89;"A";7.97;"A"
"2025-12-14 14:15";-0.54;"A";83.22;"A";1011.65;"A";102;"A";30;"A";0;"A";23;"A";7;"A";13.7;"A";9.65;"A";8.37;"A"
"2025-12-14 14:30";-0.51;"A";83.91;"A";1011.55;"A";350;"A";30;"A";0;"A";23;"A";7;"A";26.52;"A";19.18;"A";18.08;"A"
"2025-12-14 14:45";-0.51;"A";84.18;"A";1011.51;"A";974;"A";29;"A";0;"A";20;"A";9;"A";27.44;"A";19.86;"A";18.72;"A"
"2025-12-14 15:00";-0.5;"A";84.2;"A";1011.35;"A";708;"A";29;"A";0;"A";20;"A";9;"A";23.28;"A";16.8;"A";15.81;"A"
"2025-12-14 15:15";-0.52;"A";85.11;"A";1011.2;"A";623;"A";29;"A";0;"A";20;"A";9;"A";23.16;"A";16.72;"A";15.73;"A"
"2025-12-14 15:30";-0.54;"A";85.49;"A";1011.16;"A";223;"A";29;"A";0;"A";20;"A";8;"A";21.58;"A";15.56;"A";14.62;"A"
"2025-12-14 15:45";-0.55;"A";85.65;"A";1011.04;"A";164;"A";28;"A";0;"A";22;"A";7;"A";23.21;"A";16.75;"A";15.76;"A"
"2025-12-14 16:00";-0.63;"A";85.6;"A";1010.79;"A";256;"A";28;"A";0;"A";19;"A";10;"A";17.81;"A";12.8;"A";11.99;"A"
"2025-12-14 16:15";-0.59;"A";85.79;"A";1010.76;"A";495;"A";28;"A";0;"A";18;"A";10;"A";19.87;"A";14.31;"A";13.42;"A"
"2025-12-14 16:30";-0.53;"A";86.4;"A";1010.6;"A";480;"A";30;"A";0;"A";23;"A";8;"A";24.36;"A";17.6;"A";16.57;"A"
"2025-12-14 16:45";-0.5;"A";86.56;"A";1010.39;"A";353;"A";27;"A";0;"A";19;"A";9;"A";29.52;"A";21.38;"A";20.18;"A"
"2025-12-14 17:00";-0.42;"A";86.94;"A";1010.13;"A";514;"A";28;"A";0;"A";21;"A";7;"A";35.61;"A";25.84;"A";24.44;"A"
"2025-12-14 17:15";-0.29;"A";86.94;"A";1009.89;"A";293;"A";28;"A";0;"A";24;"A";4;"A";27.21;"A";19.69;"A";18.56;"A"
"2025-12-14 17:30";-0.25;"A";86.95;"A";1009.9;"A";458;"A";28;"A";0;"A";23;"A";4;"A";26.06;"A";18.84;"A";17.75;"A"
"2025-12-14 17:45";-0.17;"A";87.13;"A";1009.87;"A";264;"A";26;"A";0;"A";20;"A";7;"A";25.03;"A";18.09;"A";17.04;"A"
"2025-12-14 18:00";-0.04;"A";87.33;"A";1009.87;"A";248;"A";27;"A";0;"A";21;"A";6;"A";26.32;"A";19.04;"A";17.94;"A"
"2025-12-14 18:15";0.12;"A";87.12;"A";1009.81;"A";361;"A";27;"A";0;"A";22;"A";5;"A";36.53;"A";26.52;"A";25.09;"A"
"2025-12-14 18:30";0.21;"A";87.02;"A";1009.75;"A";339;"A";27;"A";0;"A";23;"A";4;"A";31.46;"A";22.8;"A";21.54;"A"
"2025-12-14 18:45";0.31;"A";86.73;"A";1009.87;"A";304;"A";27;"A";0;"A";21;"A";6;"A";27.33;"A";19.78;"A";18.65;"A"
"2025-12-14 19:00";0.38;"A";86.76;"A";1009.95;"A";259;"A";26;"A";0;"A";20;"A";6;"A";22.77;"A";16.43;"A";15.45;"A"
"2025-12-14 19:15";0.46;"A";87.06;"A";1009.93;"A";264;"A";26;"A";0;"A";21;"A";5;"A";22.52;"A";16.25;"A";15.28;"A"
"2025-12-14 19:30";0.47;"A";87.32;"A";1009.83;"A";794;"A";25;"A";0;"A";20;"A";5;"A";44.48;"A";32.34;"A";30.65;"A"
"2025-12-14 19:45";0.54;"A";87.26;"A";1009.99;"A";1106;"A";24;"A";1;"A";21;"A";4;"A";43.87;"A";31.89;"A";30.22;"A"
"2025-12-14 20:00";0.57;"A";87.35;"A";1010.18;"A";1354;"A";24;"A";1;"A";20;"A";4;"A";40.83;"A";29.67;"A";28.1;"A"
"2025-12-14 20:15";0.55;"A";87.54;"A";1010.3;"A";1332;"A";24;"A";1;"A";22;"A";2;"A";52.83;"A";38.46;"A";36.5;"A"
"2025-12-14 20:30";0.54;"A";87.61;"A";1010.31;"A";885;"A";26;"A";0;"A";24;"A";1;"A";68.38;"A";49.85;"A";47.38;"A"
"2025-12-14 20:45";0.56;"A";87.8;"A";1010.34;"A";1122;"A";63;"A";0;"A";72;"A";0;"A";84.34;"A";61.54;"A";58.56;"A"
"2025-12-14 21:00";0.53;"A";87.38;"A";1010.37;"A";1064;"A";59;"A";0;"A";58;"A";4;"A";74.75;"A";54.52;"A";51.84;"A"
"2025-12-14 21:15";0.54;"A";87.14;"A";1010.39;"A";536;"A";27;"A";0;"A";25;"A";2;"A";64.29;"A";46.85;"A";44.52;"A"
"2025-12-14 21:30";0.44;"A";86.78;"A";1010.28;"A";510;"A";26;"A";0;"A";24;"A";2;"A";64.2;"A";46.78;"A";44.45;"A"
"2025-12-14 21:45";0.51;"A";86.49;"A";1010.47;"A";404;"A";25;"A";1;"A";23;"A";2;"A";62.35;"A";45.43;"A";43.16;"A"
"2025-12-14 22:00";0.43;"A";86.75;"A";1010.59;"A";393;"A";25;"A";0;"A";22;"A";2;"A";51.94;"A";37.8;"A";35.87;"A"
"2025-12-14 22:15";0.3;"A";87;"A";1010.47;"A";353;"A";23;"A";0;"A";20;"A";3;"A";42.14;"A";30.62;"A";29.01;"A"
"2025-12-14 22:30";0.3;"A";87.34;"A";1010.63;"A";339;"A";23;"A";0;"A";20;"A";3;"A";44.81;"A";32.58;"A";30.89;"A"
"2025-12-14 22:45";0.27;"A";87.19;"A";1010.78;"A";321;"A";22;"A";0;"A";19;"A";4;"A";46.13;"A";33.55;"A";31.81;"A"
"2025-12-14 23:00";0.21;"A";87.02;"A";1010.81;"A";283;"A";23;"A";0;"A";19;"A";4;"A";46.45;"A";33.78;"A";32.03;"A"
"2025-12-14 23:15";0.22;"A";86.9;"A";1010.66;"A";259;"A";23;"A";0;"A";18;"A";5;"A";40.09;"A";29.12;"A";27.58;"A"
"2025-12-14 23:30";0.23;"A";86.76;"A";1010.8;"A";219;"A";23;"A";1;"A";17;"A";6;"A";35.26;"A";25.59;"A";24.2;"A"
"2025-12-14 23:45";0.14;"A";86.94;"A";1010.74;"A";211;"A";23;"A";1;"A";17;"A";7;"A";34.56;"A";25.07;"A";23.71;"A"
"2025-12-15 00:00";0.13;"A";87.01;"A";1010.68;"A";195;"A";23;"A";1;"A";17;"A";6;"A";33.63;"A";24.39;"A";23.06;"A"
"2025-12-15 00:15";0.13;"A";86.83;"A";1010.54;"A";177;"A";23;"A";0;"A";16;"A";7;"A";36.5;"A";26.5;"A";25.07;"A"
"2025-12-15 00:30";0.13;"A";86.91;"A";1010.88;"A";169;"A";23;"A";1;"A";15;"A";8;"A";36.77;"A";26.69;"A";25.25;"A"
"2025-12-15 00:45";0.13;"A";87.21;"A";1011.18;"A";182;"A";24;"A";0;"A";20;"A";4;"A";35.75;"A";25.94;"A";24.54;"A"
"2025-12-15 01:00";0.11;"A";87.23;"A";1011.41;"A";178;"A";24;"A";0;"A";20;"A";4;"A";37.49;"A";27.22;"A";25.76;"A"
"2025-12-15 01:15";0.04;"A";87.3;"A";1011.41;"A";175;"A";24;"A";0;"A";20;"A";3;"A";38.88;"A";28.24;"A";26.73;"A"
"2025-12-15 01:30";0.11;"A";86.92;"A";1011.58;"A";162;"A";24;"A";0;"A";21;"A";3;"A";39.3;"A";28.54;"A";27.02;"A"
"2025-12-15 01:45";0.13;"A";87.14;"A";1011.94;"A";157;"A";24;"A";0;"A";22;"A";2;"A";41.17;"A";29.91;"A";28.33;"A"
"2025-12-15 02:00";0.03;"A";86.73;"A";1012;"A";157;"A";24;"A";0;"A";22;"A";2;"A";41.32;"A";30.02;"A";28.44;"A"
"2025-12-15 02:15";-0.05;"A";86.88;"A";1011.84;"A";149;"A";23;"A";0;"A";20;"A";4;"A";38.33;"A";27.83;"A";26.34;"A"
"2025-12-15 02:30";-0.03;"A";86.85;"A";1011.91;"A";154;"A";23;"A";1;"A";16;"A";6;"A";36.33;"A";26.37;"A";24.95;"A"
"2025-12-15 02:45";-0.04;"A";86.83;"A";1012.14;"A";144;"A";23;"A";1;"A";17;"A";5;"A";31.5;"A";22.83;"A";21.57;"A"
"2025-12-15 03:00";-0.02;"A";86.93;"A";1012.37;"A";132;"A";23;"A";0;"A";18;"A";4;"A";27.68;"A";20.03;"A";18.89;"A"
"2025-12-15 03:15";-0.06;"A";86.8;"A";1012.26;"A";124;"A";23;"A";1;"A";17;"A";5;"A";25.77;"A";18.63;"A";17.56;"A"
"2025-12-15 03:30";-0.06;"A";86.35;"A";1012.19;"A";120;"A";23;"A";0;"A";17;"A";6;"A";23.7;"A";17.11;"A";16.11;"A"
"2025-12-15 03:45";-0.13;"A";86.82;"A";1012.19;"A";123;"A";22;"A";1;"A";15;"A";8;"A";25.76;"A";18.62;"A";17.55;"A"
"2025-12-15 04:00";-0.1;"A";87.07;"A";1012.24;"A";133;"A";22;"A";1;"A";15;"A";7;"A";31.05;"A";22.5;"A";21.25;"A"
"2025-12-15 04:15";-0.06;"A";87.15;"A";1012.12;"A";131;"A";22;"A";1;"A";17;"A";5;"A";33.04;"A";23.96;"A";22.64;"A"
"2025-12-15 04:30";-0.06;"A";86.72;"A";1012.21;"A";127;"A";23;"A";0;"A";17;"A";6;"A";30.36;"A";21.99;"A";20.77;"A"
"2025-12-15 04:45";-0.1;"A";86.82;"A";1012.13;"A";127;"A";23;"A";0;"A";18;"A";5;"A";32.74;"A";23.74;"A";22.43;"A"
"2025-12-15 05:00";-0.12;"A";86.69;"A";1011.86;"A";126;"A";25;"A";0;"A";23;"A";2;"A";30.83;"A";22.34;"A";21.1;"A"
"2025-12-15 05:15";-0.17;"A";86.26;"A";1012.06;"A";116;"A";25;"A";0;"A";23;"A";2;"A";26.71;"A";19.32;"A";18.21;"A"
"2025-12-15 05:30";-0.25;"A";86.1;"A";1012.11;"A";114;"A";25;"A";0;"A";22;"A";3;"A";30.77;"A";22.29;"A";21.05;"A"
"2025-12-15 05:45";-0.19;"A";86.33;"A";1012.05;"A";120;"A";25;"A";0;"A";24;"A";2;"A";30.7;"A";22.24;"A";21;"A"
"2025-12-15 06:00";-0.25;"A";86.69;"A";1012.3;"A";142;"A";26;"A";0;"A";24;"A";2;"A";30.9;"A";22.39;"A";21.15;"A"
"2025-12-15 06:15";-0.24;"A";87.07;"A";1012.42;"A";164;"A";24;"A";0;"A";21;"A";3;"A";34.26;"A";24.85;"A";23.49;"A"
"2025-12-15 06:30";-0.18;"A";87.16;"A";1012.82;"A";263;"A";31;"A";0;"A";32;"A";2;"A";44.29;"A";32.2;"A";30.52;"A"
"2025-12-15 06:45";-0.09;"A";87.73;"A";1012.92;"A";1310;"A";143;"A";0;"A";158;"A";3;"A";45.61;"A";33.17;"A";31.44;"A"
"2025-12-15 07:00";-0.03;"A";86.93;"A";1012.9;"A";367;"A";33;"A";0;"A";27;"A";6;"A";32.19;"A";23.33;"A";22.05;"A"
"2025-12-15 07:15";-0.02;"A";86.85;"A";1012.81;"A";239;"A";26;"A";0;"A";22;"A";3;"A";29.17;"A";21.13;"A";19.94;"A"
"2025-12-15 07:30";-0.01;"A";86.6;"A";1012.8;"A";293;"A";34;"A";0;"A";34;"A";3;"A";29.9;"A";21.66;"A";20.45;"A"
"2025-12-15 07:45";0.01;"A";86.39;"A";1013.13;"A";436;"A";40;"A";0;"A";37;"A";5;"A";29.59;"A";21.43;"A";20.23;"A"
"2025-12-15 08:00";0.08;"A";86.19;"A";1013.06;"A";255;"A";24;"A";0;"A";20;"A";4;"A";26.57;"A";19.22;"A";18.12;"A"
"2025-12-15 08:15";0.12;"A";85.48;"A";1012.78;"A";231;"A";23;"A";0;"A";18;"A";5;"A";26.29;"A";19.01;"A";17.92;"A"
"2025-12-15 08:30";0.27;"A";84.2;"A";1012.84;"A";215;"A";24;"A";0;"A";18;"A";6;"A";24.73;"A";17.87;"A";16.83;"A"
"2025-12-15 08:45";0.5;"A";84.02;"A";1013.04;"A";402;"A";32;"A";0;"A";29;"A";4;"A";52.75;"A";38.4;"A";36.44;"A"
"2025-12-15 09:00";0.59;"A";83.35;"A";1013.16;"A";378;"A";26;"A";0;"A";22;"A";4;"A";29.89;"A";22.09;"A";20.32;"A"
"2025-12-15 09:15";0.64;"A";83.2;"A";1013;"A";369;"A";28;"A";0;"A";24;"A";4;"A";50.07;"A";36.44;"A";34.57;"A"
"2025-12-15 09:30";0.78;"A";83.6;"A";1012.94;"A";460;"A";28;"A";0;"A";25;"A";3;"A";59.95;"A";43.67;"A";41.48;"A"
"2025-12-15 09:45";0.92;"A";83.86;"A";1012.99;"A";378;"A";28;"A";0;"A";26;"A";3;"A";48.91;"A";35.58;"A";33.75;"A"
"2025-12-15 10:00";1.05;"A";83.41;"A";1013.03;"A";298;"A";26;"A";0;"A";21;"A";6;"A";40.57;"A";29.47;"A";27.91;"A"
"2025-12-15 10:15";1.19;"A";83.29;"A";1013.05;"A";251;"A";25;"A";0;"A";18;"A";6;"A";36.32;"A";26.84;"A";24.81;"A"
"2025-12-15 10:30";1.25;"A";83.82;"A";1013.29;"A";274;"A";24;"A";0;"A";18;"A";6;"A";39.77;"A";28.88;"A";27.35;"A"
"2025-12-15 10:45";1.4;"A";83.88;"A";1013.29;"A";267;"A";24;"A";0;"A";18;"A";5;"A";46.28;"A";33.66;"A";31.91;"A"
"2025-12-15 11:00";1.52;"A";83.88;"A";1013.37;"A";309;"A";24;"A";0;"A";20;"A";4;"A";49.92;"A";36.33;"A";34.46;"A"
"2025-12-15 11:15";1.73;"A";84.19;"A";1013.24;"A";390;"A";28;"A";0;"A";24;"A";5;"A";64.87;"A";47.28;"A";44.93;"A"
"2025-12-15 11:30";1.99;"A";83.69;"A";1013.04;"A";359;"A";25;"A";0;"A";21;"A";5;"A";63.33;"A";46.15;"A";43.85;"A"
"2025-12-15 11:45";2.06;"A";82.84;"A";1012.94;"A";322;"A";23;"A";1;"A";16;"A";7;"A";53.85;"A";39.2;"A";37.21;"A"
"2025-12-15 12:00";2.1;"A";83.1;"A";1012.92;"A";313;"A";24;"A";1;"A";18;"A";6;"A";60.62;"A";44.16;"A";41.95;"A"
"2025-12-15 12:15";2.24;"A";82.63;"A";1012.85;"A";282;"A";23;"A";1;"A";16;"A";7;"A";53.36;"A";38.84;"A";36.87;"A"
"2025-12-15 12:30";2.42;"A";82.31;"A";1012.63;"A";274;"A";23;"A";1;"A";15;"A";8;"A";53.25;"A";38.77;"A";36.79;"A"
"2025-12-15 12:45";2.56;"A";82.14;"A";1012.43;"A";292;"A";23;"A";0;"A";16;"A";7;"A";47.75;"A";34.73;"A";32.94;"A"
"2025-12-15 13:00";2.58;"A";81.49;"A";1012.34;"A";300;"A";24;"A";0;"A";17;"A";7;"A";43.73;"A";31.79;"A";30.13;"A"
"2025-12-15 13:15";2.54;"A";82.21;"A";1012.09;"A";278;"A";24;"A";0;"A";17;"A";7;"A";47.53;"A";35.19;"A";31.87;"A"
"2025-12-15 13:30";2.58;"A";82.18;"A";1012.17;"A";319;"A";23;"A";0;"A";17;"A";6;"A";53.11;"A";38.66;"A";36.69;"A"
"2025-12-15 13:45";2.57;"A";81.97;"A";1012.2;"A";310;"A";24;"A";0;"A";17;"A";6;"A";54.35;"A";39.57;"A";37.56;"A"
"2025-12-15 14:00";2.59;"A";82.18;"A";1012.37;"A";295;"A";25;"A";0;"A";19;"A";5;"A";47.98;"A";34.91;"A";33.1;"A"
"2025-12-15 14:15";2.55;"A";82.55;"A";1012.36;"A";311;"A";24;"A";0;"A";19;"A";5;"A";47.08;"A";34.24;"A";32.47;"A"
"2025-12-15 14:30";2.6;"A";82.36;"A";1011.85;"A";351;"A";25;"A";0;"A";19;"A";6;"A";48.31;"A";35.69;"A";32.97;"A"
"2025-12-15 14:45";2.62;"A";82.88;"A";1011.75;"A";312;"A";24;"A";0;"A";18;"A";6;"A";50.36;"A";36.65;"A";34.77;"A"
"2025-12-15 15:00";2.63;"A";82.93;"A";1011.79;"A";295;"A";25;"A";0;"A";21;"A";4;"A";52.54;"A";38.24;"A";36.29;"A"
"2025-12-15 15:15";2.67;"A";83.16;"A";1011.66;"A";315;"A";25;"A";0;"A";22;"A";3;"A";61.81;"A";45.03;"A";42.78;"A"
"2025-12-15 15:30";2.72;"A";83.45;"A";1011.81;"A";331;"A";25;"A";1;"A";20;"A";4;"A";63.31;"A";46.13;"A";43.83;"A"
"2025-12-15 15:45";2.72;"A";83.58;"A";1011.68;"A";338;"A";24;"A";1;"A";21;"A";3;"A";53.57;"A";39;"A";37.02;"A"
"2025-12-15 16:00";2.63;"A";84.05;"A";1011.73;"A";381;"A";24;"A";1;"A";20;"A";4;"A";57.89;"A";42.16;"A";40.04;"A"
"2025-12-15 16:15";2.54;"A";84.46;"A";1011.49;"A";421;"A";24;"A";1;"A";22;"A";3;"A";50.06;"A";36.43;"A";34.56;"A"
"2025-12-15 16:30";2.37;"A";85.48;"A";1011.78;"A";458;"A";24;"A";1;"A";21;"A";2;"A";47.8;"A";34.77;"A";32.98;"A"
"2025-12-15 16:45";2.42;"A";85.8;"A";1011.91;"A";550;"A";24;"A";1;"A";22;"A";3;"A";61.81;"A";45.04;"A";42.78;"A"
"2025-12-15 17:00";2.5;"A";85.9;"A";1011.82;"A";467;"A";24;"A";1;"A";21;"A";4;"A";40.52;"A";29.44;"A";27.88;"A"
"2025-12-15 17:15";2.68;"A";86.32;"A";1012;"A";398;"A";23;"A";1;"A";19;"A";4;"A";33.54;"A";24.32;"A";22.99;"A"
"2025-12-15 17:30";2.77;"A";86.39;"A";1011.64;"A";362;"A";23;"A";0;"A";20;"A";3;"A";33.76;"A";24.48;"A";23.15;"A"
"2025-12-15 17:45";2.84;"A";86.53;"A";1011.45;"A";383;"A";23;"A";1;"A";20;"A";3;"A";39.59;"A";28.76;"A";27.23;"A"
"2025-12-15 18:00";2.89;"A";86.74;"A";1011.12;"A";384;"A";23;"A";1;"A";20;"A";3;"A";29.84;"A";21.61;"A";20.4;"A"
"2025-12-15 18:15";2.94;"A";86.99;"A";1011.11;"A";334;"A";23;"A";1;"A";20;"A";3;"A";32.65;"A";23.67;"A";22.37;"A"
"2025-12-15 18:30";3.09;"A";86.78;"A";1011.11;"A";370;"A";24;"A";1;"A";20;"A";3;"A";35.72;"A";25.92;"A";24.52;"A"
"2025-12-15 18:45";3.21;"A";86.94;"A";1010.95;"A";405;"A";24;"A";0;"A";21;"A";3;"A";37.96;"A";27.56;"A";26.09;"A"
"2025-12-15 19:00";3.33;"A";87.09;"A";1010.77;"A";331;"A";22;"A";1;"A";16;"A";7;"A";34.48;"A";25.01;"A";23.65;"A"
"2025-12-15 19:15";3.43;"A";87.15;"A";1010.82;"A";301;"A";23;"A";1;"A";16;"A";6;"A";34.72;"A";25.19;"A";23.82;"A"
"2025-12-15 19:30";3.54;"A";87.03;"A";1010.58;"A";300;"A";23;"A";1;"A";17;"A";6;"A";35.27;"A";25.59;"A";24.2;"A"
"2025-12-15 19:45";3.44;"A";87.03;"A";1010.6;"A";243;"A";22;"A";1;"A";14;"A";8;"A";25.53;"A";18.46;"A";17.39;"A"
"2025-12-15 20:00";3.4;"A";86.96;"A";1010.83;"A";221;"A";21;"A";1;"A";13;"A";8;"A";27.24;"A";19.71;"A";18.58;"A"
"2025-12-15 20:15";3.34;"A";86.9;"A";1010.86;"A";247;"A";21;"A";1;"A";14;"A";7;"A";29.67;"A";21.49;"A";20.29;"A"
"2025-12-15 20:30";3.33;"A";86.81;"A";1010.63;"A";244;"A";21;"A";1;"A";15;"A";6;"A";27.86;"A";20.16;"A";19.02;"A"
"2025-12-15 20:45";3.31;"A";86.79;"A";1010.93;"A";299;"A";22;"A";1;"A";15;"A";6;"A";32.14;"A";23.3;"A";22.01;"A"
"2025-12-15 21:00";3.3;"A";86.87;"A";1010.95;"A";345;"A";21;"A";1;"A";17;"A";5;"A";47.95;"A";34.88;"A";33.08;"A"
"2025-12-15 21:15";3.21;"A";86.92;"A";1010.9;"A";495;"A";22;"A";1;"A";17;"A";4;"A";44.1;"A";32.06;"A";30.39;"A"
"2025-12-15 21:30";3.18;"A";87.1;"A";1011.01;"A";363;"A";22;"A";1;"A";18;"A";4;"A";43.62;"A";31.71;"A";30.05;"A"
"2025-12-15 21:45";3.2;"A";87.13;"A";1011.1;"A";367;"A";22;"A";1;"A";17;"A";5;"A";48.12;"A";35;"A";33.2;"A"
"2025-12-15 22:00";3.2;"A";87.18;"A";1011.03;"A";335;"A";22;"A";1;"A";17;"A";4;"A";47.29;"A";34.4;"A";32.62;"A"
"2025-12-15 22:15";3.25;"A";87.22;"A";1010.93;"A";456;"A";22;"A";1;"A";19;"A";4;"A";74;"A";53.96;"A";51.31;"A"
"2025-12-15 22:30";3.42;"A";86.98;"A";1011.04;"A";330;"A";22;"A";2;"A";18;"A";5;"A";45.81;"A";33.31;"A";31.58;"A"
"2025-12-15 22:45";3.57;"A";86.51;"A";1011.14;"A";223;"A";22;"A";1;"A";14;"A";8;"A";36.22;"A";26.29;"A";24.87;"A"
"2025-12-15 23:00";3.62;"A";86;"A";1011.27;"A";217;"A";23;"A";1;"A";15;"A";8;"A";36.79;"A";26.7;"A";25.27;"A"
"2025-12-15 23:15";3.54;"A";86.34;"A";1011.47;"A";206;"A";22;"A";1;"A";14;"A";8;"A";35.16;"A";25.51;"A";24.13;"A"
"2025-12-15 23:30";3.52;"A";86.13;"A";1011.48;"A";195;"A";23;"A";1;"A";15;"A";7;"A";34.41;"A";24.96;"A";23.6;"A"
"2025-12-15 23:45";3.47;"A";85.98;"A";1011.46;"A";182;"A";23;"A";1;"A";16;"A";7;"A";34.59;"A";25.1;"A";23.73;"A"
"2025-12-16 00:00";3.44;"A";86.18;"A";1011.77;"A";184;"A";22;"A";1;"A";15;"A";8;"A";36.73;"A";26.66;"A";25.23;"A"
"2025-12-16 00:15";3.42;"A";86.12;"A";1011.67;"A";191;"A";23;"A";1;"A";19;"A";4;"A";36.96;"A";26.83;"A";25.39;"A"
"2025-12-16 00:30";3.38;"A";86.22;"A";1011.73;"A";191;"A";24;"A";0;"A";21;"A";3;"A";37.54;"A";27.26;"A";25.8;"A"
"2025-12-16 00:45";3.35;"A";86.52;"A";1011.77;"A";217;"A";24;"A";0;"A";21;"A";3;"A";38.96;"A";28.29;"A";26.79;"A"
"2025-12-16 01:00";3.38;"A";86.2;"A";1011.9;"A";201;"A";24;"A";0;"A";21;"A";3;"A";40.98;"A";29.78;"A";28.2;"A"
"2025-12-16 01:15";3.39;"A";86.41;"A";1011.86;"A";190;"A";23;"A";0;"A";20;"A";4;"A";42.7;"A";31.03;"A";29.4;"A"
"2025-12-16 01:30";3.45;"A";86.11;"A";1011.86;"A";182;"A";22;"A";0;"A";17;"A";5;"A";42.96;"A";31.22;"A";29.59;"A"
"2025-12-16 01:45";3.53;"A";85.76;"A";1011.82;"A";180;"A";23;"A";0;"A";18;"A";5;"A";44.01;"A";32;"A";30.33;"A"
"2025-12-16 02:00";3.61;"A";85.59;"A";1011.92;"A";184;"A";23;"A";0;"A";19;"A";4;"A";44.35;"A";32.24;"A";30.56;"A"
"2025-12-16 02:15";3.62;"A";85.46;"A";1012.06;"A";182;"A";23;"A";0;"A";19;"A";4;"A";45.45;"A";33.05;"A";31.33;"A"
"2025-12-16 02:30";3.64;"A";85.27;"A";1012.13;"A";195;"A";23;"A";0;"A";20;"A";3;"A";47.22;"A";34.35;"A";32.57;"A"
"2025-12-16 02:45";3.64;"A";85.5;"A";1012.15;"A";210;"A";24;"A";0;"A";21;"A";3;"A";48.79;"A";35.49;"A";33.67;"A"
"2025-12-16 03:00";3.65;"A";85.73;"A";1012.24;"A";208;"A";24;"A";0;"A";21;"A";3;"A";47.67;"A";34.68;"A";32.88;"A"
"2025-12-16 03:15";3.67;"A";85.79;"A";1012.31;"A";211;"A";24;"A";1;"A";21;"A";3;"A";47.51;"A";34.56;"A";32.77;"A"
"2025-12-16 03:30";3.67;"A";85.77;"A";1012.3;"A";219;"A";23;"A";1;"A";20;"A";3;"A";46.92;"A";34.13;"A";32.36;"A"
"2025-12-16 03:45";3.67;"A";85.62;"A";1012.41;"A";194;"A";22;"A";0;"A";17;"A";5;"A";45.73;"A";33.25;"A";31.52;"A"
"2025-12-16 04:00";3.7;"A";85.57;"A";1012.66;"A";189;"A";21;"A";1;"A";13;"A";8;"A";43.56;"A";31.67;"A";30.01;"A"
"2025-12-16 04:15";3.65;"A";85.6;"A";1012.7;"A";190;"A";20;"A";1;"A";11;"A";9;"A";44.47;"A";32.33;"A";30.64;"A"
"2025-12-16 04:30";3.68;"A";85.73;"A";1012.83;"A";193;"A";19;"A";1;"A";11;"A";8;"A";44.72;"A";32.51;"A";30.82;"A"
"2025-12-16 04:45";3.74;"A";85.73;"A";1012.97;"A";199;"A";20;"A";1;"A";12;"A";8;"A";45.75;"A";33.27;"A";31.54;"A"
"2025-12-16 05:00";3.81;"A";85.59;"A";1013.05;"A";194;"A";20;"A";1;"A";12;"A";8;"A";44.94;"A";32.67;"A";30.97;"A"
"2025-12-16 05:15";3.84;"A";85.72;"A";1013.35;"A";192;"A";21;"A";1;"A";13;"A";8;"A";47.31;"A";34.41;"A";32.63;"A"
"2025-12-16 05:30";3.87;"A";85.56;"A";1013.59;"A";180;"A";21;"A";1;"A";13;"A";9;"A";43.8;"A";31.84;"A";30.17;"A"
"2025-12-16 05:45";3.87;"A";85.58;"A";1013.65;"A";171;"A";22;"A";1;"A";12;"A";10;"A";43.11;"A";31.34;"A";29.69;"A"
"2025-12-16 06:00";3.78;"A";85.38;"A";1013.84;"A";170;"A";23;"A";1;"A";14;"A";9;"A";51.49;"A";37.47;"A";35.56;"A"
"2025-12-16 06:15";3.74;"A";85.56;"A";1014;"A";164;"A";25;"A";0;"A";15;"A";10;"A";50.3;"A";36.6;"A";34.72;"A"
"2025-12-16 06:30";3.77;"A";85.99;"A";1014.34;"A";182;"A";24;"A";0;"A";17;"A";8;"A";58.28;"A";42.45;"A";40.31;"A"
"2025-12-16 06:45";3.73;"A";86.1;"A";1014.55;"A";200;"A";24;"A";0;"A";17;"A";7;"A";62.78;"A";45.75;"A";43.46;"A"
"2025-12-16 07:00";3.69;"A";86.02;"A";1014.78;"A";186;"A";24;"A";0;"A";17;"A";7;"A";57.12;"A";41.6;"A";39.5;"A"
"2025-12-16 07:15";3.65;"A";86.32;"A";1015.02;"A";210;"A";25;"A";0;"A";18;"A";7;"A";62.1;"A";45.25;"A";42.99;"A"
"2025-12-16 07:30";3.68;"A";86.25;"A";1015.22;"A";231;"A";25;"A";0;"A";20;"A";5;"A";62.71;"A";45.69;"A";43.41;"A"
"2025-12-16 07:45";3.67;"A";85.99;"A";1015.39;"A";217;"A";26;"A";0;"A";20;"A";6;"A";44.76;"A";32.54;"A";30.85;"A"
"2025-12-16 08:00";3.7;"A";85.74;"A";1015.45;"A";256;"A";28;"A";0;"A";23;"A";5;"A";40.65;"A";29.53;"A";27.97;"A"
"2025-12-16 08:15";3.63;"A";86.17;"A";1015.71;"A";207;"A";27;"A";0;"A";20;"A";7;"A";37.04;"A";26.89;"A";25.44;"A"
"2025-12-16 08:30";3.56;"A";86.36;"A";1015.78;"A";200;"A";26;"A";0;"A";19;"A";7;"A";36.21;"A";26.28;"A";24.86;"A"
"2025-12-16 08:45";3.52;"A";86.74;"A";1015.92;"A";213;"A";27;"A";0;"A";20;"A";6;"A";35.63;"A";25.85;"A";24.45;"A"
"2025-12-16 09:00";3.65;"A";86;"A";1016.08;"A";324;"A";28;"A";0;"A";22;"A";6;"A";32.05;"A";23.23;"A";21.95;"A"
"2025-12-16 09:15";3.73;"A";85.55;"A";1016.21;"A";364;"A";29;"A";0;"A";24;"A";5;"A";28.67;"A";20.76;"A";19.58;"A"
"2025-12-16 09:30";3.97;"A";84.23;"A";1016.44;"A";412;"A";30;"A";0;"A";24;"A";6;"A";19.21;"A";13.83;"A";12.96;"A"
"2025-12-16 09:45";4.1;"A";83.68;"A";1016.68;"A";333;"A";30;"A";0;"A";23;"A";8;"A";18.32;"A";13.17;"A";12.34;"A"
"2025-12-16 10:00";4.18;"A";83.45;"A";1016.95;"A";339;"A";30;"A";0;"A";23;"A";7;"A";21.01;"A";15.15;"A";14.22;"A"
"2025-12-16 10:15";4.24;"A";83.52;"A";1017;"A";291;"A";30;"A";0;"A";20;"A";10;"A";21.41;"A";15.44;"A";14.5;"A"
"2025-12-16 10:30";4.32;"A";83.01;"A";1017.04;"A";259;"A";29;"A";0;"A";17;"A";12;"A";19.51;"A";14.05;"A";13.17;"A"
"2025-12-16 10:45";4.34;"A";82.79;"A";1017.22;"A";203;"A";29;"A";0;"A";18;"A";11;"A";19.31;"A";13.9;"A";13.03;"A"
"2025-12-16 11:00";4.34;"A";82.45;"A";1017.15;"A";171;"A";30;"A";0;"A";19;"A";11;"A";19.08;"A";13.73;"A";12.87;"A"
"2025-12-16 11:15";4.49;"A";82.7;"A";1017.2;"A";175;"A";29;"A";0;"A";17;"A";13;"A";19.95;"A";14.37;"A";13.48;"A"
"2025-12-16 11:30";4.56;"A";82.33;"A";1017.28;"A";155;"A";28;"A";0;"A";15;"A";14;"A";20.26;"A";14.6;"A";13.7;"A"
"2025-12-16 11:45";4.64;"A";82.54;"A";1017.44;"A";151;"A";29;"A";0;"A";16;"A";12;"A";21.07;"A";15.19;"A";14.27;"A"
"2025-12-16 12:00";4.74;"A";82.24;"A";1017.4;"A";193;"A";29;"A";0;"A";17;"A";12;"A";22.05;"A";16.03;"A";14.77;"A"
"2025-12-16 12:15";4.83;"A";81.78;"A";1017.56;"A";213;"A";29;"A";0;"A";18;"A";10;"A";22.02;"A";16.14;"A";14.83;"A"
"2025-12-16 12:30";4.83;"A";82;"A";1017.78;"A";212;"A";29;"A";0;"A";19;"A";10;"A";21.65;"A";15.61;"A";14.67;"A"
"2025-12-16 12:45";4.75;"A";82.59;"A";1017.71;"A";223;"A";28;"A";0;"A";17;"A";11;"A";26.82;"A";19.4;"A";18.29;"A"
"2025-12-16 13:00";4.75;"A";82.16;"A";1017.73;"A";234;"A";27;"A";0;"A";16;"A";11;"A";41.56;"A";30.2;"A";28.61;"A"
"2025-12-16 13:15";4.88;"A";81.13;"A";1017.91;"A";238;"A";28;"A";0;"A";19;"A";9;"A";38.26;"A";27.79;"A";26.3;"A"
"2025-12-16 13:30";4.93;"A";80.87;"A";1017.84;"A";264;"A";29;"A";0;"A";18;"A";11;"A";29.28;"A";21.2;"A";20.01;"A"
"2025-12-16 13:45";4.85;"A";81.02;"A";1017.78;"A";606;"A";29;"A";0;"A";19;"A";10;"A";30.48;"A";22.08;"A";20.85;"A"
"2025-12-16 14:00";4.87;"A";80.34;"A";1017.86;"A";329;"A";30;"A";0;"A";18;"A";12;"A";23.91;"A";17.27;"A";16.25;"A"
"2025-12-16 14:15";4.86;"A";80.35;"A";1017.86;"A";194;"A";31;"A";0;"A";19;"A";12;"A";21.38;"A";15.41;"A";14.48;"A"
"2025-12-16 14:30";4.84;"A";80.2;"A";1017.88;"A";266;"A";31;"A";0;"A";17;"A";14;"A";22.08;"A";15.93;"A";14.97;"A"
"2025-12-16 14:45";4.85;"A";80.3;"A";1018.16;"A";244;"A";31;"A";0;"A";19;"A";12;"A";21.5;"A";15.5;"A";14.56;"A"
"2025-12-16 15:00";4.84;"A";80.04;"A";1018.22;"A";228;"A";32;"A";0;"A";20;"A";12;"A";18.47;"A";13.28;"A";12.44;"A"
"2025-12-16 15:15";4.89;"A";79.83;"A";1018.25;"A";254;"A";32;"A";0;"A";20;"A";12;"A";20.47;"A";14.75;"A";13.85;"A"
"2025-12-16 15:30";4.9;"A";79.46;"A";1018.36;"A";729;"A";33;"A";0;"A";22;"A";12;"A";24.87;"A";17.97;"A";16.2;"A"
"2025-12-16 15:45";4.82;"A";80.37;"A";1018.49;"A";447;"A";32;"A";0;"A";20;"A";12;"A";23.67;"A";17.09;"A";16.09;"A"
"2025-12-16 16:00";4.82;"A";79.75;"A";1018.52;"A";198;"A";32;"A";0;"A";20;"A";12;"A";27.22;"A";21.86;"A";18.05;"A"
"2025-12-16 16:15";4.73;"A";80.03;"A";1018.68;"A";217;"A";32;"A";0;"A";21;"A";11;"A";30.88;"A";22.57;"A";20.14;"A"
"2025-12-16 16:30";4.63;"A";80.5;"A";1018.89;"A";200;"A";31;"A";0;"A";20;"A";11;"A";31.61;"A";22.91;"A";21.65;"A"
"2025-12-16 16:45";4.52;"A";80.17;"A";1019.02;"A";223;"A";32;"A";0;"A";22;"A";10;"A";36.73;"A";27.03;"A";23.59;"A"
"2025-12-16 17:00";4.56;"A";80.12;"A";1019.03;"A";236;"A";33;"A";0;"A";24;"A";8;"A";34.39;"A";24.94;"A";23.59;"A"
"2025-12-16 17:15";4.53;"A";80.18;"A";1018.9;"A";269;"A";31;"A";0;"A";23;"A";8;"A";37.36;"A";27.12;"A";25.67;"A"
"2025-12-16 17:30";4.42;"A";80.03;"A";1019.15;"A";428;"A";30;"A";0;"A";21;"A";10;"A";37.92;"A";30.74;"A";23.29;"A"
"2025-12-16 17:45";4.28;"A";80.01;"A";1019.31;"A";316;"A";31;"A";0;"A";20;"A";11;"A";33.79;"A";26.64;"A";22.4;"A"
"2025-12-16 18:00";4.16;"A";80.26;"A";1019.28;"A";191;"A";30;"A";0;"A";19;"A";11;"A";34.62;"A";26.04;"A";23.55;"A"
"2025-12-16 18:15";4.03;"A";80.55;"A";1019.15;"A";240;"A";31;"A";0;"A";21;"A";10;"A";34.88;"A";25.33;"A";23.1;"A"
"2025-12-16 18:30";3.92;"A";79.95;"A";1019.3;"A";725;"A";32;"A";0;"A";22;"A";10;"A";41.47;"A";32.91;"A";24.09;"A"
"2025-12-16 18:45";3.9;"A";79.22;"A";1019.4;"A";457;"A";34;"A";0;"A";25;"A";9;"A";57.53;"A";45.47;"A";31.8;"A"
"2025-12-16 19:00";3.89;"A";79.26;"A";1019.44;"A";295;"A";34;"A";0;"A";23;"A";10;"A";44.15;"A";35.02;"A";25.32;"A"
"2025-12-16 19:15";3.88;"A";79.54;"A";1019.41;"A";326;"A";33;"A";0;"A";23;"A";11;"A";36.1;"A";27.18;"A";23.95;"A"
"2025-12-16 19:30";3.91;"A";79.47;"A";1019.39;"A";374;"A";33;"A";0;"A";22;"A";11;"A";33.22;"A";24.39;"A";22.15;"A"
"2025-12-16 19:45";3.91;"A";79.65;"A";1019.62;"A";381;"A";33;"A";0;"A";23;"A";10;"A";46.04;"A";33.74;"A";30.24;"A"
"2025-12-16 20:00";3.9;"A";79.7;"A";1019.78;"A";393;"A";33;"A";0;"A";22;"A";10;"A";40.76;"A";29.61;"A";28.05;"A"
"2025-12-16 20:15";3.91;"A";79.54;"A";1019.69;"A";198;"A";33;"A";0;"A";21;"A";11;"A";25.6;"A";18.53;"A";16.73;"A"
"2025-12-16 20:30";3.89;"A";79.85;"A";1019.83;"A";194;"A";32;"A";0;"A";20;"A";12;"A";25.95;"A";18.88;"A";17.31;"A"
"2025-12-16 20:45";3.84;"A";80.41;"A";1019.7;"A";260;"A";32;"A";0;"A";20;"A";11;"A";38.31;"A";27.82;"A";26.33;"A"
"2025-12-16 21:00";3.75;"A";81.2;"A";1019.78;"A";381;"A";31;"A";0;"A";23;"A";8;"A";50.33;"A";36.62;"A";34.74;"A"
"2025-12-16 21:15";3.65;"A";81.92;"A";1019.89;"A";483;"A";30;"A";0;"A";23;"A";6;"A";51.96;"A";37.82;"A";35.89;"A"
"2025-12-16 21:30";3.65;"A";82.13;"A";1020.07;"A";531;"A";30;"A";0;"A";27;"A";3;"A";53.33;"A";38.82;"A";36.84;"A"
"2025-12-16 21:45";3.66;"A";81.71;"A";1019.84;"A";447;"A";31;"A";0;"A";29;"A";3;"A";53.73;"A";39.11;"A";37.13;"A"
"2025-12-16 22:00";3.64;"A";81.64;"A";1019.59;"A";321;"A";33;"A";0;"A";31;"A";2;"A";40.03;"A";29.08;"A";27.54;"A"
"2025-12-16 22:15";3.6;"A";82.79;"A";1019.67;"A";193;"A";29;"A";0;"A";20;"A";9;"A";35.33;"A";25.64;"A";24.25;"A"
"2025-12-16 22:30";3.36;"A";84.94;"A";1019.89;"A";340;"A";24;"A";0;"A";16;"A";8;"A";61.46;"A";44.78;"A";42.54;"A"
"2025-12-16 22:45";3.16;"A";85.74;"A";1020.03;"A";231;"A";23;"A";1;"A";15;"A";8;"A";42.29;"A";30.74;"A";29.12;"A"
"2025-12-16 23:00";3.15;"A";86.3;"A";1020.24;"A";191;"A";23;"A";1;"A";14;"A";9;"A";42.06;"A";30.57;"A";28.96;"A"
"2025-12-16 23:15";3.21;"A";86.45;"A";1020.31;"A";193;"A";23;"A";0;"A";14;"A";9;"A";46.49;"A";33.81;"A";32.06;"A"
"2025-12-16 23:30";3.23;"A";86.34;"A";1020.35;"A";179;"A";23;"A";0;"A";16;"A";7;"A";39.96;"A";29.03;"A";27.49;"A"
"2025-12-16 23:45";3.25;"A";86.34;"A";1020.45;"A";165;"A";24;"A";0;"A";15;"A";8;"A";35.6;"A";25.83;"A";24.43;"A"
"2025-12-17 00:00";3.28;"A";86.17;"A";1020.51;"A";177;"A";23;"A";0;"A";16;"A";7;"A";35.31;"A";25.62;"A";24.23;"A"
"2025-12-17 00:15";3.35;"A";85.73;"A";1020.45;"A";172;"A";24;"A";0;"A";18;"A";6;"A";32.53;"A";23.59;"A";22.29;"A"
"2025-12-17 00:30";3.39;"A";85.53;"A";1020.41;"A";166;"A";24;"A";0;"A";17;"A";6;"A";32.56;"A";23.6;"A";22.3;"A"
"2025-12-17 00:45";3.42;"A";85.36;"A";1020.37;"A";161;"A";25;"A";0;"A";17;"A";8;"A";35.57;"A";25.81;"A";24.41;"A"
"2025-12-17 01:00";3.35;"A";85.52;"A";1020.25;"A";160;"A";25;"A";0;"A";16;"A";9;"A";34.77;"A";25.23;"A";23.86;"A"
"2025-12-17 01:15";3.38;"A";85.55;"A";1020.35;"A";149;"A";25;"A";0;"A";15;"A";10;"A";33.61;"A";24.37;"A";23.04;"A"
"2025-12-17 01:30";3.43;"A";85.32;"A";1020.46;"A";149;"A";25;"A";0;"A";14;"A";11;"A";35.19;"A";25.53;"A";24.15;"A"
"2025-12-17 01:45";3.52;"A";85.22;"A";1020.63;"A";157;"A";25;"A";0;"A";17;"A";8;"A";37.03;"A";26.88;"A";25.44;"A"
"2025-12-17 02:00";3.52;"A";85.3;"A";1020.69;"A";177;"A";26;"A";0;"A";21;"A";4;"A";36.7;"A";26.64;"A";25.21;"A"
"2025-12-17 02:15";3.53;"A";85.43;"A";1020.74;"A";181;"A";26;"A";0;"A";24;"A";2;"A";37.07;"A";26.91;"A";25.46;"A"
"2025-12-17 02:30";3.52;"A";85.43;"A";1020.84;"A";175;"A";26;"A";0;"A";24;"A";2;"A";37.29;"A";27.07;"A";25.62;"A"
"2025-12-17 02:45";3.52;"A";85.1;"A";1020.78;"A";161;"A";26;"A";0;"A";23;"A";3;"A";41.28;"A";30;"A";28.41;"A"
"2025-12-17 03:00";3.43;"A";85.34;"A";1020.71;"A";153;"A";25;"A";0;"A";18;"A";7;"A";39.97;"A";29.04;"A";27.5;"A"
"2025-12-17 03:15";3.47;"A";85.16;"A";1020.43;"A";167;"A";25;"A";0;"A";20;"A";5;"A";39.68;"A";28.83;"A";27.29;"A"
"2025-12-17 03:30";3.56;"A";84.68;"A";1020.02;"A";163;"A";27;"A";0;"A";26;"A";2;"A";37.33;"A";27.1;"A";25.65;"A"
"2025-12-17 03:45";3.6;"A";84.39;"A";1019.98;"A";160;"A";29;"A";0;"A";28;"A";1;"A";38.29;"A";27.81;"A";26.32;"A"
"2025-12-17 04:00";3.64;"A";84.18;"A";1019.94;"A";157;"A";29;"A";0;"A";27;"A";2;"A";40.82;"A";29.66;"A";28.09;"A"
"2025-12-17 04:15";3.57;"A";84.39;"A";1020.1;"A";150;"A";27;"A";0;"A";22;"A";5;"A";41.66;"A";30.27;"A";28.68;"A"
"2025-12-17 04:30";3.55;"A";84.65;"A";1020.02;"A";158;"A";25;"A";0;"A";18;"A";7;"A";44.06;"A";32.03;"A";30.36;"A"
"2025-12-17 04:45";3.61;"A";84.6;"A";1020.1;"A";163;"A";25;"A";0;"A";17;"A";8;"A";47.52;"A";34.56;"A";32.78;"A"
"2025-12-17 05:00";3.65;"A";84.21;"A";1020.21;"A";152;"A";25;"A";0;"A";15;"A";10;"A";40.47;"A";29.4;"A";27.85;"A"
"2025-12-17 05:15";3.66;"A";84.18;"A";1020.12;"A";144;"A";26;"A";0;"A";14;"A";11;"A";41.55;"A";30.19;"A";28.6;"A"
"2025-12-17 05:30";3.67;"A";84.3;"A";1019.77;"A";137;"A";26;"A";0;"A";15;"A";11;"A";42.13;"A";30.62;"A";29.01;"A"
"2025-12-17 05:45";3.71;"A";84.95;"A";1019.8;"A";196;"A";26;"A";0;"A";18;"A";8;"A";40.86;"A";29.69;"A";28.12;"A"
"2025-12-17 06:00";3.69;"A";85.86;"A";1020.01;"A";169;"A";24;"A";0;"A";15;"A";9;"A";42.74;"A";31.07;"A";29.44;"A"
"2025-12-17 06:15";3.64;"A";86.55;"A";1019.94;"A";154;"A";24;"A";0;"A";14;"A";9;"A";43.72;"A";31.78;"A";30.12;"A"
"2025-12-17 06:30";3.65;"A";86.65;"A";1019.98;"A";166;"A";24;"A";0;"A";19;"A";5;"A";43.23;"A";31.42;"A";29.78;"A"
"2025-12-17 06:45";3.68;"A";86.79;"A";1020.12;"A";168;"A";25;"A";0;"A";20;"A";5;"A";41.61;"A";30.24;"A";28.64;"A"
"2025-12-17 07:00";3.67;"A";87.07;"A";1020.41;"A";160;"A";25;"A";0;"A";19;"A";6;"A";39.15;"A";28.44;"A";26.92;"A"
"2025-12-17 07:15";3.68;"A";86.98;"A";1020.61;"A";190;"A";25;"A";0;"A";21;"A";5;"A";39;"A";28.33;"A";26.82;"A"
"2025-12-17 07:30";3.69;"A";86.78;"A";1020.7;"A";215;"A";26;"A";0;"A";21;"A";4;"A";38.73;"A";28.13;"A";26.63;"A"
"2025-12-17 07:45";3.79;"A";86.38;"A";1020.64;"A";210;"A";27;"A";0;"A";23;"A";4;"A";37.83;"A";27.47;"A";26;"A"
"2025-12-17 08:00";3.79;"A";86.27;"A";1020.57;"A";261;"A";26;"A";0;"A";22;"A";5;"A";40.85;"A";29.68;"A";28.11;"A"
"2025-12-17 08:15";3.81;"A";86.12;"A";1020.63;"A";204;"A";26;"A";0;"A";19;"A";7;"A";41.88;"A";30.44;"A";28.83;"A"
"2025-12-17 08:30";3.82;"A";85.85;"A";1020.7;"A";243;"A";27;"A";0;"A";21;"A";6;"A";42.74;"A";31.06;"A";29.43;"A"
"2025-12-17 08:45";3.88;"A";84.96;"A";1020.85;"A";186;"A";28;"A";0;"A";18;"A";9;"A";37.69;"A";27.37;"A";25.9;"A"
"2025-12-17 09:00";3.95;"A";84.6;"A";1020.87;"A";166;"A";28;"A";0;"A";19;"A";9;"A";37.97;"A";27.57;"A";26.1;"A"
"2025-12-17 09:15";4.02;"A";83.94;"A";1020.86;"A";164;"A";29;"A";0;"A";18;"A";10;"A";36.06;"A";26.17;"A";24.76;"A"
"2025-12-17 09:30";4.09;"A";83.61;"A";1020.91;"A";165;"A";30;"A";0;"A";19;"A";11;"A";34.43;"A";24.98;"A";23.62;"A"
"2025-12-17 09:45";4.13;"A";83.3;"A";1021.08;"A";172;"A";30;"A";0;"A";19;"A";11;"A";31.13;"A";22.56;"A";21.31;"A"
"2025-12-17 10:00";4.13;"A";82.82;"A";1021.11;"A";131;"A";31;"A";0;"A";18;"A";13;"A";29.89;"A";21.65;"A";20.44;"A"
"2025-12-17 10:15";4.14;"A";83.14;"A";1021.11;"A";125;"A";31;"A";0;"A";19;"A";12;"A";34.85;"A";25.28;"A";23.91;"A"
"2025-12-17 10:30";4.12;"A";82.73;"A";1021.01;"A";143;"A";31;"A";0;"A";18;"A";13;"A";34.9;"A";25.32;"A";23.95;"A"
"2025-12-17 10:45";4;"A";83.01;"A";1020.89;"A";127;"A";32;"A";0;"A";17;"A";15;"A";32.96;"A";23.9;"A";22.59;"A"
"2025-12-17 11:00";4;"A";83.21;"A";1020.69;"A";167;"A";31;"A";0;"A";18;"A";13;"A";33.86;"A";24.56;"A";23.22;"A"
"2025-12-17 11:15";3.93;"A";83.14;"A";1020.83;"A";138;"A";31;"A";0;"A";18;"A";13;"A";31.72;"A";22.99;"A";21.72;"A"
"2025-12-17 11:30";3.89;"A";83.28;"A";1021.08;"A";131;"A";31;"A";0;"A";17;"A";14;"A";34.6;"A";25.1;"A";23.74;"A"
"2025-12-17 11:45";3.81;"A";83.31;"A";1021.22;"A";160;"A";31;"A";0;"A";17;"A";14;"A";31.63;"A";22.92;"A";21.65;"A"
"2025-12-17 12:00";3.77;"A";83.48;"A";1020.93;"A";133;"A";32;"A";0;"A";18;"A";13;"A";29.05;"A";21.03;"A";19.85;"A"
"2025-12-17 12:15";3.77;"A";83.38;"A";1020.76;"A";149;"A";32;"A";0;"A";20;"A";12;"A";30.01;"A";21.74;"A";20.52;"A"
"2025-12-17 12:30";3.88;"A";83.18;"A";1020.4;"A";133;"A";33;"A";0;"A";20;"A";12;"A";24.34;"A";17.59;"A";16.55;"A"
"2025-12-17 12:45";3.92;"A";83.02;"A";1020.39;"A";140;"A";32;"A";0;"A";19;"A";13;"A";20.64;"A";14.87;"A";13.96;"A"
"2025-12-17 13:00";3.95;"A";83.27;"A";1020.27;"A";134;"A";33;"A";0;"A";20;"A";13;"A";22.12;"A";15.96;"A";15;"A"
"2025-12-17 13:15";3.97;"A";83.05;"A";1020.3;"A";134;"A";32;"A";0;"A";20;"A";13;"A";24.11;"A";17.42;"A";16.39;"A"
"2025-12-17 13:30";4.04;"A";82.83;"A";1020.35;"A";160;"A";32;"A";0;"A";19;"A";13;"A";22.63;"A";16.33;"A";15.35;"A"
"2025-12-17 13:45";4.13;"A";82.72;"A";1020.18;"A";135;"A";33;"A";0;"A";20;"A";13;"A";21.12;"A";15.23;"A";14.3;"A"
"2025-12-17 14:00";4.26;"A";82.51;"A";1020.25;"A";147;"A";32;"A";0;"A";20;"A";12;"A";21.3;"A";15.36;"A";14.43;"A"
"2025-12-17 14:15";4.27;"A";82.56;"A";1019.92;"A";147;"A";33;"A";0;"A";20;"A";13;"A";22.53;"A";16.26;"A";15.28;"A"
"2025-12-17 14:30";4.29;"A";82.6;"A";1019.81;"A";148;"A";33;"A";0;"A";20;"A";13;"A";21.3;"A";15.35;"A";14.42;"A"
"2025-12-17 14:45";4.28;"A";82.78;"A";1019.8;"A";135;"A";33;"A";0;"A";20;"A";12;"A";22.44;"A";16.19;"A";15.22;"A"
"2025-12-17 15:00";4.28;"A";82.8;"A";1019.83;"A";159;"A";33;"A";0;"A";20;"A";12;"A";23.25;"A";16.79;"A";15.79;"A"
"2025-12-17 15:15";4.29;"A";82.71;"A";1019.9;"A";153;"A";33;"A";0;"A";21;"A";12;"A";22.46;"A";16.2;"A";15.24;"A"
"2025-12-17 15:30";4.22;"A";82.96;"A";1019.84;"A";147;"A";32;"A";0;"A";21;"A";12;"A";21.37;"A";15.41;"A";14.47;"A"
"2025-12-17 15:45";4.27;"A";83.13;"A";1019.83;"A";152;"A";32;"A";0;"A";21;"A";11;"A";18.88;"A";13.59;"A";12.73;"A"
"2025-12-17 16:00";4.25;"A";83.28;"A";1019.96;"A";149;"A";32;"A";0;"A";21;"A";12;"A";19.83;"A";14.28;"A";13.39;"A"
"2025-12-17 16:15";4.21;"A";83.5;"A";1020.03;"A";204;"A";32;"A";0;"A";23;"A";9;"A";21.08;"A";15.2;"A";14.27;"A"
"2025-12-17 16:30";4.17;"A";83.82;"A";1019.83;"A";319;"A";33;"A";0;"A";26;"A";7;"A";23.48;"A";16.95;"A";15.95;"A"
"2025-12-17 16:45";4.12;"A";84.26;"A";1019.68;"A";224;"A";33;"A";0;"A";25;"A";8;"A";22.74;"A";16.41;"A";15.44;"A"
"2025-12-17 17:00";4.06;"A";84.55;"A";1019.62;"A";268;"A";33;"A";0;"A";25;"A";7;"A";21.86;"A";15.76;"A";14.82;"A"
"2025-12-17 17:15";4.06;"A";84.82;"A";1019.66;"A";225;"A";32;"A";0;"A";23;"A";9;"A";19.79;"A";14.25;"A";13.37;"A"
"2025-12-17 17:30";3.97;"A";84.87;"A";1019.65;"A";217;"A";32;"A";0;"A";22;"A";10;"A";18.09;"A";13;"A";12.18;"A"
"2025-12-17 17:45";3.86;"A";85.35;"A";1019.66;"A";182;"A";32;"A";0;"A";22;"A";10;"A";17.89;"A";12.86;"A";12.04;"A"
"2025-12-17 18:00";3.72;"A";86;"A";1019.57;"A";198;"A";32;"A";0;"A";24;"A";8;"A";18.26;"A";13.13;"A";12.29;"A"
"2025-12-17 18:15";3.64;"A";86.59;"A";1019.65;"A";182;"A";32;"A";0;"A";24;"A";8;"A";17.16;"A";12.32;"A";11.53;"A"
"2025-12-17 18:30";3.57;"A";87.2;"A";1019.73;"A";190;"A";32;"A";0;"A";24;"A";8;"A";19.21;"A";13.83;"A";12.96;"A"
"2025-12-17 18:45";3.59;"A";87.27;"A";1019.79;"A";229;"A";31;"A";0;"A";23;"A";9;"A";17.85;"A";12.83;"A";12.01;"A"
"2025-12-17 19:00";3.64;"A";87.21;"A";1019.79;"A";189;"A";31;"A";0;"A";22;"A";9;"A";18.61;"A";13.38;"A";12.54;"A"
"2025-12-17 19:15";3.56;"A";87.56;"A";1019.6;"A";187;"A";31;"A";0;"A";18;"A";12;"A";18.27;"A";13.14;"A";12.31;"A"
"2025-12-17 19:30";3.53;"A";87.9;"A";1019.48;"A";165;"A";31;"A";0;"A";22;"A";9;"A";14.65;"A";10.48;"A";9.77;"A"
"2025-12-17 19:45";3.64;"A";87.47;"A";1019.54;"A";225;"A";31;"A";0;"A";24;"A";7;"A";16.44;"A";11.8;"A";11.02;"A"
"2025-12-17 20:00";3.69;"A";87.32;"A";1019.5;"A";540;"A";30;"A";0;"A";25;"A";5;"A";27.74;"A";20.07;"A";18.93;"A"
"2025-12-17 20:15";3.67;"A";86.83;"A";1019.52;"A";239;"A";30;"A";0;"A";19;"A";11;"A";16.95;"A";12.17;"A";11.38;"A"
"2025-12-17 20:30";3.76;"A";86.4;"A";1019.48;"A";227;"A";31;"A";0;"A";21;"A";9;"A";22.37;"A";16.14;"A";15.18;"A"
"2025-12-17 20:45";3.77;"A";86.44;"A";1019.49;"A";954;"A";31;"A";0;"A";26;"A";5;"A";35.63;"A";25.85;"A";24.45;"A"
"2025-12-17 21:00";3.84;"A";86.06;"A";1019.56;"A";515;"A";31;"A";0;"A";24;"A";6;"A";32.19;"A";23.33;"A";22.05;"A"
"2025-12-17 21:15";3.85;"A";85.91;"A";1019.58;"A";750;"A";31;"A";0;"A";22;"A";9;"A";36.85;"A";26.75;"A";25.31;"A"
"2025-12-17 21:30";3.92;"A";85.69;"A";1019.49;"A";543;"A";30;"A";0;"A";21;"A";9;"A";25.15;"A";18.18;"A";17.12;"A"
"2025-12-17 21:45";3.97;"A";85.72;"A";1019.5;"A";312;"A";29;"A";0;"A";20;"A";9;"A";23.07;"A";16.65;"A";15.67;"A"
"2025-12-17 22:00";4.06;"A";85.52;"A";1019.38;"A";451;"A";29;"A";0;"A";21;"A";9;"A";26.14;"A";18.9;"A";17.81;"A"
"2025-12-17 22:15";4.14;"A";85.57;"A";1019.29;"A";441;"A";30;"A";0;"A";21;"A";9;"A";27.64;"A";20;"A";18.86;"A"
"2025-12-17 22:30";4.28;"A";85.47;"A";1019.18;"A";656;"A";30;"A";0;"A";22;"A";8;"A";31.94;"A";23.15;"A";21.87;"A"
"2025-12-17 22:45";4.38;"A";85.23;"A";1019;"A";845;"A";29;"A";0;"A";22;"A";7;"A";38.84;"A";28.21;"A";26.7;"A"
"2025-12-17 23:00";4.5;"A";85.27;"A";1018.9;"A";1408;"A";30;"A";0;"A";24;"A";6;"A";55.91;"A";40.71;"A";38.65;"A"
"2025-12-17 23:15";4.6;"A";85.53;"A";1018.78;"A";2658;"A";30;"A";0;"A";26;"A";4;"A";62.11;"A";45.25;"A";42.99;"A"
"2025-12-17 23:30";4.56;"A";85.09;"A";1018.71;"A";939;"A";30;"A";0;"A";23;"A";7;"A";51.38;"A";37.39;"A";35.48;"A"
"2025-12-17 23:45";4.53;"A";85.28;"A";1018.81;"A";1039;"A";29;"A";0;"A";21;"A";9;"A";40.07;"A";29.11;"A";27.57;"A"
"2025-12-18 00:00";4.56;"A";85.64;"A";1018.72;"A";1229;"A";29;"A";0;"A";21;"A";8;"A";37.09;"A";26.92;"A";25.48;"A"
"2025-12-18 00:15";4.64;"A";85.98;"A";1018.77;"A";969;"A";29;"A";0;"A";20;"A";9;"A";34.21;"A";24.81;"A";23.46;"A"
"2025-12-18 00:30";4.81;"A";86.56;"A";1018.83;"A";1683;"A";28;"A";0;"A";21;"A";7;"A";41.27;"A";29.99;"A";28.41;"A"
"2025-12-18 00:45";4.94;"A";86.34;"A";1018.83;"A";467;"A";27;"A";0;"A";17;"A";10;"A";35.33;"A";25.64;"A";24.25;"A"
"2025-12-18 01:00";5.03;"A";86.25;"A";1018.8;"A";343;"A";28;"A";0;"A";20;"A";7;"A";42.65;"A";31;"A";29.37;"A"
"2025-12-18 01:15";5.12;"A";86.25;"A";1018.8;"A";281;"A";28;"A";0;"A";21;"A";8;"A";29.72;"A";21.52;"A";20.32;"A"
"2025-12-18 01:30";5.17;"A";86.21;"A";1018.87;"A";228;"A";26;"A";0;"A";15;"A";11;"A";27.77;"A";20.1;"A";18.96;"A"
"2025-12-18 01:45";5.25;"A";86.31;"A";1018.79;"A";355;"A";26;"A";0;"A";16;"A";10;"A";38.06;"A";27.64;"A";26.16;"A"
"2025-12-18 02:00";5.28;"A";86.35;"A";1018.81;"A";282;"A";25;"A";0;"A";14;"A";11;"A";31.5;"A";22.83;"A";21.56;"A"
"2025-12-18 02:15";5.27;"A";86.46;"A";1018.69;"A";254;"A";25;"A";0;"A";14;"A";10;"A";32.71;"A";23.72;"A";22.41;"A"
"2025-12-18 02:30";5.22;"A";86.71;"A";1018.78;"A";468;"A";25;"A";0;"A";19;"A";6;"A";56.77;"A";41.34;"A";39.26;"A"
"2025-12-18 02:45";5.34;"A";86.53;"A";1018.58;"A";657;"A";26;"A";0;"A";21;"A";5;"A";56.53;"A";41.17;"A";39.09;"A"
"2025-12-18 03:00";5.42;"A";86.45;"A";1018.11;"A";749;"A";26;"A";0;"A";19;"A";6;"A";42.5;"A";30.89;"A";29.27;"A"
"2025-12-18 03:15";5.48;"A";86.49;"A";1017.82;"A";686;"A";27;"A";0;"A";23;"A";4;"A";44.63;"A";32.45;"A";30.76;"A"
"2025-12-18 03:30";5.49;"A";86.3;"A";1017.72;"A";925;"A";26;"A";0;"A";20;"A";6;"A";53.06;"A";38.62;"A";36.66;"A"
"2025-12-18 03:45";5.41;"A";86.42;"A";1017.46;"A";1196;"A";24;"A";1;"A";15;"A";9;"A";52.18;"A";37.98;"A";36.04;"A"
"2025-12-18 04:00";5.23;"A";86.73;"A";1017.27;"A";1152;"A";22;"A";1;"A";14;"A";9;"A";64.5;"A";47.01;"A";44.67;"A"
"2025-12-18 04:15";5.13;"A";87.4;"A";1017.19;"A";1002;"A";24;"A";0;"A";18;"A";6;"A";69.73;"A";50.83;"A";48.32;"A"
"2025-12-18 04:30";5.12;"A";87.58;"A";1017.11;"A";1114;"A";25;"A";0;"A";19;"A";6;"A";52.97;"A";38.56;"A";36.6;"A"
"2025-12-18 04:45";5.2;"A";87.36;"A";1017.19;"A";1262;"A";25;"A";0;"A";16;"A";10;"A";31.81;"A";23.05;"A";21.78;"A"
"2025-12-18 05:00";5.15;"A";87.26;"A";1017.18;"A";276;"A";24;"A";0;"A";14;"A";10;"A";29.72;"A";21.53;"A";20.32;"A"
"2025-12-18 05:15";5.19;"A";87.44;"A";1017.07;"A";210;"A";25;"A";0;"A";16;"A";9;"A";26.78;"A";19.37;"A";18.26;"A"
"2025-12-18 05:30";5.33;"A";88;"A";1017.14;"A";217;"A";26;"A";0;"A";17;"A";9;"A";25.06;"A";18.11;"A";17.06;"A"
"2025-12-18 05:45";5.36;"A";88.34;"A";1017.12;"A";222;"A";26;"A";0;"A";17;"A";9;"A";26.01;"A";18.81;"A";17.72;"A"
"2025-12-18 06:00";5.47;"A";88.74;"A";1017.19;"A";198;"A";26;"A";0;"A";17;"A";9;"A";21.45;"A";15.47;"A";14.53;"A"
"2025-12-18 06:15";5.65;"A";88.85;"A";1017.05;"A";181;"A";26;"A";0;"A";15;"A";11;"A";18.49;"A";13.29;"A";12.46;"A"
"2025-12-18 06:30";5.9;"A";88.64;"A";1017.01;"A";217;"A";27;"A";0;"A";17;"A";9;"A";18.33;"A";13.18;"A";12.35;"A"
"2025-12-18 06:45";6.11;"A";88.73;"A";1017.01;"A";177;"A";27;"A";0;"A";17;"A";10;"A";18.69;"A";13.44;"A";12.6;"A"
"2025-12-18 07:00";6.2;"A";88.7;"A";1017.02;"A";174;"A";28;"A";0;"A";18;"A";10;"A";19.53;"A";14.06;"A";13.19;"A"
"2025-12-18 07:15";6.27;"A";88.8;"A";1016.95;"A";179;"A";28;"A";0;"A";18;"A";10;"A";20.52;"A";14.78;"A";13.88;"A"
"2025-12-18 07:30";6.39;"A";88.35;"A";1016.9;"A";183;"A";27;"A";0;"A";17;"A";11;"A";20.44;"A";14.73;"A";13.82;"A"
"2025-12-18 07:45";6.53;"A";88.13;"A";1016.94;"A";206;"A";29;"A";0;"A";19;"A";9;"A";19.9;"A";14.33;"A";13.45;"A"
"2025-12-18 08:00";6.62;"A";88.26;"A";1016.94;"A";205;"A";28;"A";0;"A";19;"A";9;"A";18.98;"A";13.66;"A";12.8;"A"
"2025-12-18 08:15";6.73;"A";88.02;"A";1016.97;"A";223;"A";29;"A";0;"A";18;"A";11;"A";18.81;"A";13.53;"A";12.68;"A"
"2025-12-18 08:30";6.79;"A";88.23;"A";1017;"A";215;"A";29;"A";0;"A";18;"A";11;"A";18.92;"A";13.61;"A";12.76;"A"
"2025-12-18 08:45";6.92;"A";88.27;"A";1017.06;"A";201;"A";29;"A";0;"A";19;"A";11;"A";19.94;"A";14.36;"A";13.47;"A"
"2025-12-18 09:00";7.07;"A";88.31;"A";1017.15;"A";234;"A";29;"A";0;"A";19;"A";11;"A";17.42;"A";12.51;"A";11.71;"A"
"2025-12-18 09:15";7.27;"A";87.86;"A";1017.11;"A";232;"A";30;"A";0;"A";17;"A";13;"A";16.69;"A";11.98;"A";11.2;"A"
"2025-12-18 09:30";7.49;"A";87.16;"A";1017.13;"A";204;"A";30;"A";0;"A";17;"A";13;"A";17.57;"A";12.62;"A";11.82;"A"
"2025-12-18 09:45";7.8;"A";86.39;"A";1016.96;"A";233;"A";31;"A";0;"A";17;"A";13;"A";19.1;"A";13.75;"A";12.89;"A"
"2025-12-18 10:00";8.14;"A";85.5;"A";1016.97;"A";230;"A";32;"A";0;"A";19;"A";13;"A";17.03;"A";12.23;"A";11.44;"A"
"2025-12-18 10:15";8.43;"A";84.74;"A";1016.94;"A";230;"A";33;"A";0;"A";18;"A";15;"A";14.98;"A";10.72;"A";10;"A"
"2025-12-18 10:30";8.73;"A";84.29;"A";1016.87;"A";254;"A";32;"A";0;"A";18;"A";15;"A";17.19;"A";12.34;"A";11.55;"A"
"2025-12-18 10:45";9.13;"A";83.29;"A";1016.81;"A";191;"A";33;"A";0;"A";16;"A";17;"A";14.89;"A";10.66;"A";9.94;"A"
"2025-12-18 11:00";9.38;"A";82.7;"A";1016.74;"A";207;"A";34;"A";0;"A";17;"A";17;"A";17.26;"A";12.4;"A";11.6;"A"
"2025-12-18 11:15";9.77;"A";81.23;"A";1016.34;"A";201;"A";34;"A";0;"A";18;"A";16;"A";16.04;"A";11.5;"A";10.74;"A"
"2025-12-18 11:30";10.07;"A";79.86;"A";1016.48;"A";198;"A";37;"A";0;"A";20;"A";17;"A";15.41;"A";11.04;"A";10.3;"A"
"2025-12-18 11:45";10.34;"A";79.39;"A";1016.61;"A";224;"A";37;"A";0;"A";17;"A";20;"A";14.02;"A";10.02;"A";9.33;"A"
"2025-12-18 12:00";10.48;"A";79.07;"A";1016.48;"A";188;"A";36;"A";0;"A";17;"A";19;"A";14.38;"A";10.28;"A";9.58;"A"
"2025-12-18 12:15";10.52;"A";78.82;"A";1016.28;"A";200;"A";37;"A";0;"A";20;"A";16;"A";14.71;"A";10.53;"A";9.81;"A"
"2025-12-18 12:30";10.53;"A";78.88;"A";1016.13;"A";214;"A";37;"A";0;"A";23;"A";15;"A";14.55;"A";10.41;"A";9.7;"A"
"2025-12-18 12:45";10.36;"A";79.66;"A";1016.07;"A";191;"A";37;"A";0;"A";20;"A";17;"A";14.14;"A";10.11;"A";9.42;"A"
"2025-12-18 13:00";10.34;"A";80.07;"A";1015.9;"A";240;"A";37;"A";0;"A";23;"A";13;"A";16.01;"A";11.48;"A";10.72;"A"
"2025-12-18 13:15";10.38;"A";79.82;"A";1015.85;"A";239;"A";37;"A";0;"A";20;"A";17;"A";15.63;"A";11.21;"A";10.46;"A"
"2025-12-18 13:30";10.3;"A";80.21;"A";1015.69;"A";234;"A";37;"A";0;"A";19;"A";17;"A";16;"A";11.47;"A";10.71;"A"
"2025-12-18 13:45";10.16;"A";79.95;"A";1015.6;"A";223;"A";36;"A";0;"A";17;"A";19;"A";17.1;"A";12.28;"A";11.49;"A"
"2025-12-18 14:00";10.05;"A";79.7;"A";1015.51;"A";228;"A";37;"A";0;"A";18;"A";19;"A";18.86;"A";13.57;"A";12.72;"A"
"2025-12-18 14:15";10.04;"A";79.41;"A";1015.51;"A";244;"A";38;"A";0;"A";20;"A";18;"A";20.5;"A";14.77;"A";13.87;"A"
"2025-12-18 14:30";10.07;"A";79.33;"A";1015.52;"A";236;"A";38;"A";0;"A";20;"A";18;"A";20.85;"A";15.03;"A";14.11;"A"
"2025-12-18 14:45";9.95;"A";80.17;"A";1015.69;"A";232;"A";36;"A";0;"A";20;"A";17;"A";27.05;"A";19.57;"A";18.45;"A"
"2025-12-18 15:00";9.79;"A";80.13;"A";1015.8;"A";215;"A";36;"A";0;"A";18;"A";18;"A";24.77;"A";17.9;"A";16.86;"A"
"2025-12-18 15:15";9.65;"A";77.95;"A";1015.75;"A";201;"A";37;"A";0;"A";17;"A";20;"A";26.93;"A";21.08;"A";16.31;"A"
"2025-12-18 15:30";9.51;"A";78.12;"A";1015.62;"A";239;"A";40;"A";0;"A";23;"A";16;"A";29.42;"A";24.01;"A";18.25;"A"
"2025-12-18 15:45";9.26;"A";78.96;"A";1015.86;"A";225;"A";38;"A";0;"A";23;"A";16;"A";28.12;"A";20.35;"A";19.2;"A"
"2025-12-18 16:00";8.97;"A";78.92;"A";1016;"A";198;"A";36;"A";0;"A";18;"A";18;"A";31.48;"A";24.69;"A";20.21;"A"
"2025-12-18 16:15";8.67;"A";79.57;"A";1015.84;"A";220;"A";37;"A";0;"A";18;"A";18;"A";30.9;"A";22.39;"A";21.15;"A"
"2025-12-18 16:30";8.43;"A";80.28;"A";1015.82;"A";305;"A";39;"A";0;"A";28;"A";11;"A";36.5;"A";26.49;"A";25.07;"A"
"2025-12-18 16:45";8.19;"A";80.72;"A";1015.89;"A";310;"A";36;"A";0;"A";24;"A";12;"A";32.08;"A";23.25;"A";21.97;"A"
"2025-12-18 17:00";8.06;"A";81.4;"A";1016.01;"A";322;"A";35;"A";0;"A";23;"A";11;"A";34.98;"A";25.38;"A";24;"A"
"2025-12-18 17:15";7.93;"A";81.31;"A";1016.07;"A";334;"A";34;"A";0;"A";24;"A";10;"A";34.6;"A";25.1;"A";23.74;"A"
"2025-12-18 17:30";7.73;"A";81.08;"A";1015.91;"A";285;"A";35;"A";0;"A";21;"A";14;"A";33.37;"A";24.2;"A";22.88;"A"
"2025-12-18 17:45";7.43;"A";81.68;"A";1015.95;"A";271;"A";35;"A";0;"A";23;"A";12;"A";38.04;"A";27.62;"A";26.15;"A"
"2025-12-18 18:00";7.04;"A";82.51;"A";1016.16;"A";316;"A";35;"A";0;"A";27;"A";9;"A";49.42;"A";35.96;"A";34.11;"A"
"2025-12-18 18:15";6.78;"A";82.95;"A";1016.16;"A";432;"A";34;"A";0;"A";27;"A";8;"A";61.08;"A";44.5;"A";42.27;"A"
"2025-12-18 18:30";6.65;"A";83.17;"A";1016.19;"A";366;"A";34;"A";0;"A";26;"A";8;"A";54.83;"A";39.92;"A";37.9;"A"
"2025-12-18 18:45";6.43;"A";83.7;"A";1016.09;"A";296;"A";32;"A";0;"A";23;"A";9;"A";48.39;"A";35.2;"A";33.39;"A"
"2025-12-18 19:00";6.45;"A";83.86;"A";1016.18;"A";248;"A";31;"A";0;"A";21;"A";10;"A";47.03;"A";34.21;"A";32.44;"A"
"2025-12-18 19:15";6.26;"A";84.17;"A";1016.26;"A";261;"A";31;"A";0;"A";21;"A";9;"A";49.13;"A";35.75;"A";33.91;"A"
"2025-12-18 19:30";6.08;"A";84.45;"A";1016.29;"A";256;"A";31;"A";0;"A";22;"A";9;"A";49.2;"A";35.8;"A";33.95;"A"
"2025-12-18 19:45";5.91;"A";84.91;"A";1016.35;"A";267;"A";31;"A";0;"A";26;"A";6;"A";51.04;"A";37.14;"A";35.24;"A"
"2025-12-18 20:00";5.78;"A";85.15;"A";1016.49;"A";317;"A";31;"A";0;"A";25;"A";6;"A";71.45;"A";52.1;"A";49.53;"A"
"2025-12-18 20:15";5.47;"A";85.57;"A";1016.36;"A";381;"A";29;"A";0;"A";25;"A";4;"A";80.28;"A";58.57;"A";55.71;"A"
"2025-12-18 20:30";5.29;"A";86.12;"A";1016.33;"A";330;"A";29;"A";0;"A";22;"A";7;"A";67.22;"A";49;"A";46.57;"A"
"2025-12-18 20:45";5.21;"A";86.48;"A";1016.36;"A";331;"A";29;"A";0;"A";23;"A";6;"A";68.46;"A";49.9;"A";47.43;"A"
"2025-12-18 21:00";5.16;"A";86.68;"A";1016.35;"A";355;"A";30;"A";0;"A";24;"A";5;"A";64.98;"A";47.35;"A";45;"A"
"2025-12-18 21:15";5.08;"A";86.72;"A";1016.49;"A";341;"A";29;"A";0;"A";27;"A";2;"A";69.66;"A";50.78;"A";48.28;"A"
"2025-12-18 21:30";5.02;"A";87.03;"A";1016.5;"A";365;"A";31;"A";0;"A";29;"A";1;"A";70.94;"A";51.73;"A";49.18;"A"
"2025-12-18 21:45";5.02;"A";87.08;"A";1016.57;"A";394;"A";31;"A";0;"A";30;"A";1;"A";91.28;"A";66.62;"A";63.41;"A"
"2025-12-18 22:00";4.94;"A";87.15;"A";1016.56;"A";341;"A";30;"A";0;"A";29;"A";2;"A";75.93;"A";55.38;"A";52.67;"A"
"2025-12-18 22:15";4.83;"A";87.33;"A";1016.83;"A";350;"A";29;"A";0;"A";27;"A";2;"A";75.84;"A";55.31;"A";52.6;"A"
"2025-12-18 22:30";4.62;"A";87.38;"A";1017.04;"A";362;"A";28;"A";0;"A";26;"A";2;"A";72.23;"A";52.67;"A";50.08;"A"
"2025-12-18 22:45";4.54;"A";87.6;"A";1017.1;"A";315;"A";26;"A";0;"A";23;"A";4;"A";74.03;"A";53.98;"A";51.33;"A"
"2025-12-18 23:00";4.42;"A";87.82;"A";1017.14;"A";268;"A";26;"A";0;"A";19;"A";7;"A";76.3;"A";55.65;"A";52.93;"A"
"2025-12-18 23:15";4.36;"A";88.04;"A";1017.14;"A";243;"A";26;"A";0;"A";18;"A";8;"A";64.31;"A";46.87;"A";44.53;"A"
"2025-12-18 23:30";4.21;"A";88.3;"A";1017.23;"A";256;"A";26;"A";0;"A";19;"A";7;"A";70.44;"A";51.36;"A";48.83;"A"
"2025-12-18 23:45";4.08;"A";88.37;"A";1017.39;"A";248;"A";25;"A";0;"A";18;"A";7;"A";70.12;"A";51.12;"A";48.6;"A"
"2025-12-19 00:00";3.92;"A";88.31;"A";1017.33;"A";252;"A";24;"A";0;"A";18;"A";6;"A";65.78;"A";47.94;"A";45.56;"A"
"2025-12-19 00:15";3.77;"A";88.74;"A";1017.45;"A";242;"A";24;"A";0;"A";19;"A";5;"A";66.83;"A";48.71;"A";46.3;"A"
"2025-12-19 00:30";3.6;"A";89.18;"A";1017.58;"A";238;"A";23;"A";1;"A";18;"A";6;"A";65.3;"A";47.59;"A";45.22;"A"
"2025-12-19 00:45";3.52;"A";89.54;"A";1017.47;"A";231;"A";23;"A";1;"A";16;"A";7;"A";57.64;"A";41.98;"A";39.86;"A"
"2025-12-19 01:00";3.37;"A";89.41;"A";1017.39;"A";243;"A";22;"A";1;"A";16;"A";6;"A";55.22;"A";40.21;"A";38.17;"A"
"2025-12-19 01:15";3.13;"A";89.28;"A";1017.4;"A";235;"A";21;"A";1;"A";14;"A";6;"A";52.77;"A";38.41;"A";36.45;"A"
"2025-12-19 01:30";2.81;"A";89.88;"A";1017.39;"A";275;"A";22;"A";1;"A";19;"A";4;"A";57.19;"A";41.65;"A";39.55;"A"
"2025-12-19 01:45";2.66;"A";90.12;"A";1017.42;"A";350;"A";23;"A";1;"A";21;"A";2;"A";57.29;"A";41.72;"A";39.62;"A"
"2025-12-19 02:00";2.39;"A";90.78;"A";1017.57;"A";367;"A";22;"A";1;"A";19;"A";3;"A";60.66;"A";44.19;"A";41.97;"A"
"2025-12-19 02:15";2.28;"A";90.52;"A";1017.51;"A";319;"A";20;"A";1;"A";17;"A";4;"A";48.94;"A";35.61;"A";33.77;"A"
"2025-12-19 02:30";2.26;"A";90.01;"A";1017.51;"A";349;"A";20;"A";1;"A";16;"A";4;"A";47.32;"A";34.42;"A";32.64;"A"
"2025-12-19 02:45";2.21;"A";89.93;"A";1017.45;"A";;"N";19;"A";2;"A";15;"A";4;"A";46.34;"A";33.7;"A";31.96;"A"
"2025-12-19 03:00";1.93;"A";89.32;"A";1017.53;"A";;"N";19;"A";2;"A";15;"A";4;"A";57.67;"A";42;"A";39.89;"A"
"2025-12-19 03:15";1.81;"A";89.31;"A";1017.45;"A";466;"A";20;"A";2;"A";17;"A";3;"A";64.48;"A";46.99;"A";44.65;"A"
"2025-12-19 03:30";1.66;"A";89.3;"A";1017.25;"A";480;"A";19;"A";2;"A";15;"A";4;"A";66.18;"A";48.24;"A";45.84;"A"
"2025-12-19 03:45";1.65;"A";89.72;"A";1017.26;"A";480;"A";19;"A";1;"A";15;"A";4;"A";64.22;"A";46.8;"A";44.47;"A"
"2025-12-19 04:00";1.72;"A";90.07;"A";1017.3;"A";453;"A";19;"A";2;"A";15;"A";4;"A";63.14;"A";46.01;"A";43.71;"A"
"2025-12-19 04:15";1.93;"A";90.45;"A";1017.35;"A";446;"A";20;"A";2;"A";16;"A";4;"A";61.42;"A";44.75;"A";42.51;"A"
"2025-12-19 04:30";2.17;"A";90.44;"A";1017.32;"A";440;"A";20;"A";2;"A";16;"A";5;"A";58.26;"A";42.44;"A";40.3;"A"
"2025-12-19 04:45";2.18;"A";90.07;"A";1017.34;"A";446;"A";20;"A";2;"A";15;"A";5;"A";58.97;"A";42.95;"A";40.79;"A"
"2025-12-19 05:00";2.29;"A";90.08;"A";1017.46;"A";481;"A";22;"A";1;"A";18;"A";4;"A";66.78;"A";48.68;"A";46.26;"A"
"2025-12-19 05:15";2.34;"A";89.83;"A";1017.36;"A";503;"A";21;"A";1;"A";16;"A";5;"A";64.92;"A";47.31;"A";44.96;"A"
"2025-12-19 05:30";2.29;"A";89.63;"A";1017.33;"A";525;"A";21;"A";1;"A";17;"A";4;"A";70.53;"A";51.43;"A";48.89;"A"
"2025-12-19 05:45";2.14;"A";89.45;"A";1017.17;"A";543;"A";22;"A";1;"A";18;"A";4;"A";80.92;"A";59.03;"A";56.16;"A"
"2025-12-19 06:00";2.09;"A";89.79;"A";1017.24;"A";683;"A";25;"A";1;"A";21;"A";4;"A";100.71;"A";73.53;"A";70.01;"A"
"2025-12-19 06:15";2.04;"A";89.93;"A";1017.2;"A";677;"A";24;"A";2;"A";21;"A";4;"A";103.38;"A";75.49;"A";71.88;"A"
"2025-12-19 06:30";2.02;"A";89.72;"A";1017.18;"A";739;"A";23;"A";2;"A";19;"A";4;"A";110.97;"A";81.05;"A";77.19;"A"
"2025-12-19 06:45";1.97;"A";89.4;"A";1017.18;"A";685;"A";21;"A";3;"A";17;"A";4;"A";109.05;"A";79.64;"A";75.85;"A"
"2025-12-19 07:00";1.8;"A";88.8;"A";1017.34;"A";659;"A";20;"A";3;"A";16;"A";4;"A";93.36;"A";68.15;"A";64.87;"A"
"2025-12-19 07:15";1.85;"A";89.54;"A";1017.46;"A";2249;"A";126;"A";1;"A";127;"A";8;"A";149.21;"A";109.06;"A";103.96;"A"
"2025-12-19 07:30";1.8;"A";88.81;"A";1017.53;"A";1031;"A";39;"A";0;"A";32;"A";9;"A";97.42;"A";71.13;"A";67.71;"A"
"2025-12-19 07:45";1.78;"A";88.33;"A";1017.67;"A";934;"A";25;"A";1;"A";20;"A";6;"A";86.15;"A";62.87;"A";59.82;"A"
"2025-12-19 08:00";1.78;"A";88.32;"A";1017.71;"A";1209;"A";27;"A";1;"A";22;"A";5;"A";97.59;"A";71.25;"A";67.83;"A"
"2025-12-19 08:15";1.89;"A";88.27;"A";1017.91;"A";1579;"A";31;"A";1;"A";26;"A";5;"A";130.37;"A";95.26;"A";90.77;"A"
"2025-12-19 08:30";1.89;"A";88.31;"A";1017.96;"A";2090;"A";34;"A";3;"A";29;"A";5;"A";167.04;"A";122.12;"A";116.44;"A"
"2025-12-19 08:45";1.97;"A";88.74;"A";1018.01;"A";2014;"A";37;"A";4;"A";34;"A";3;"A";185.09;"A";135.35;"A";129.08;"A"
"2025-12-19 09:00";2.24;"A";89.21;"A";1018.05;"A";1918;"A";39;"A";2;"A";35;"A";4;"A";135.75;"A";99.21;"A";94.54;"A"
"2025-12-19 09:15";2.56;"A";89.45;"A";1018.09;"A";1224;"A";27;"A";3;"A";22;"A";5;"A";102.5;"A";74.84;"A";71.27;"A"
"2025-12-19 09:30";3.26;"A";87.88;"A";1018.03;"A";871;"A";23;"A";3;"A";19;"A";5;"A";88.91;"A";64.89;"A";61.75;"A"
"2025-12-19 09:45";3.68;"A";86.34;"A";1018.27;"A";874;"A";23;"A";4;"A";18;"A";5;"A";83.74;"A";61.1;"A";58.13;"A"
"2025-12-19 10:00";4.1;"A";85.55;"A";1018.19;"A";734;"A";27;"A";2;"A";23;"A";4;"A";73.51;"A";53.6;"A";50.97;"A"
"2025-12-19 10:15";4.44;"A";84.81;"A";1018.14;"A";687;"A";24;"A";3;"A";20;"A";4;"A";74.21;"A";54.12;"A";51.46;"A"
"2025-12-19 10:30";4.49;"A";85.11;"A";1018.22;"A";1124;"A";26;"A";9;"A";23;"A";3;"A";87.74;"A";64.03;"A";60.93;"A"
"2025-12-19 10:45";4.61;"A";85.17;"A";1018.24;"A";1272;"A";30;"A";6;"A";28;"A";2;"A";87.79;"A";64.07;"A";60.97;"A"
"2025-12-19 11:00";5.17;"A";83.65;"A";1018.15;"A";1002;"A";28;"A";3;"A";24;"A";3;"A";87.67;"A";63.98;"A";60.88;"A"
"2025-12-19 11:15";5.49;"A";83.13;"A";1017.9;"A";1243;"A";29;"A";3;"A";26;"A";3;"A";100.98;"A";73.73;"A";70.2;"A"
"2025-12-19 11:30";6.07;"A";81.93;"A";1017.72;"A";1307;"A";33;"A";2;"A";30;"A";3;"A";96.64;"A";70.55;"A";67.16;"A"
"2025-12-19 11:45";6.44;"A";81.43;"A";1017.53;"A";1307;"A";34;"A";1;"A";31;"A";2;"A";108.08;"A";79.9;"A";74.05;"A"
"2025-12-19 12:00";6.6;"A";80.5;"A";1017.28;"A";1240;"A";32;"A";2;"A";31;"A";1;"A";114.48;"A";83.62;"A";79.65;"A"
"2025-12-19 12:15";6.68;"A";79.96;"A";1017.23;"A";975;"A";30;"A";2;"A";28;"A";2;"A";95.93;"A";70.03;"A";66.67;"A"
"2025-12-19 12:30";6.67;"A";79.01;"A";1017.08;"A";804;"A";29;"A";2;"A";25;"A";4;"A";101.22;"A";78.96;"A";65.39;"A"
"2025-12-19 12:45";6.66;"A";78.24;"A";1016.94;"A";755;"A";28;"A";2;"A";24;"A";4;"A";110.06;"A";89.76;"A";64.54;"A"
"2025-12-19 13:00";6.64;"A";78.14;"A";1016.94;"A";1273;"A";29;"A";3;"A";24;"A";5;"A";89.94;"A";75.46;"A";53.21;"A"
"2025-12-19 13:15";6.63;"A";78.55;"A";1016.97;"A";980;"A";30;"A";2;"A";25;"A";4;"A";95.19;"A";77.15;"A";58.34;"A"
"2025-12-19 13:30";6.68;"A";79.21;"A";1016.99;"A";796;"A";28;"A";2;"A";23;"A";5;"A";91.08;"A";69.79;"A";60.89;"A"
"2025-12-19 13:45";6.69;"A";78.68;"A";1016.99;"A";574;"A";24;"A";2;"A";17;"A";8;"A";79.17;"A";60.52;"A";52.23;"A"
"2025-12-19 14:00";6.53;"A";78.22;"A";1017.1;"A";445;"A";26;"A";1;"A";19;"A";7;"A";82.36;"A";68.94;"A";49.61;"A"
"2025-12-19 14:15";6.32;"A";79.69;"A";1017.03;"A";473;"A";26;"A";1;"A";20;"A";6;"A";88.44;"A";74.12;"A";53.04;"A"
"2025-12-19 14:30";5.95;"A";82.02;"A";1017.27;"A";449;"A";24;"A";1;"A";18;"A";6;"A";88.18;"A";64.35;"A";61.24;"A"
"2025-12-19 14:45";5.81;"A";82.83;"A";1017.29;"A";505;"A";23;"A";1;"A";18;"A";5;"A";89.28;"A";65.16;"A";62.01;"A"
"2025-12-19 15:00";5.48;"A";83.15;"A";1017.48;"A";562;"A";22;"A";1;"A";17;"A";6;"A";89.59;"A";65.38;"A";62.23;"A"
"2025-12-19 15:15";5.04;"A";83.9;"A";1017.71;"A";414;"A";22;"A";1;"A";16;"A";6;"A";89.61;"A";65.4;"A";62.24;"A"
"2025-12-19 15:30";4.55;"A";85.16;"A";1017.81;"A";411;"A";22;"A";1;"A";16;"A";6;"A";91.93;"A";67.1;"A";63.87;"A"
"2025-12-19 15:45";4.21;"A";85.77;"A";1017.83;"A";419;"A";22;"A";1;"A";17;"A";6;"A";91.54;"A";66.82;"A";63.6;"A"
"2025-12-19 16:00";3.8;"A";86.33;"A";1017.83;"A";458;"A";22;"A";1;"A";17;"A";5;"A";108.58;"A";79.3;"A";75.52;"A"
"2025-12-19 16:15";3.37;"A";87.01;"A";1017.73;"A";387;"A";22;"A";1;"A";17;"A";5;"A";84.39;"A";61.58;"A";58.59;"A"
"2025-12-19 16:30";3.21;"A";87.85;"A";1017.79;"A";439;"A";22;"A";1;"A";18;"A";4;"A";95.49;"A";69.71;"A";66.36;"A"
"2025-12-19 16:45";3.03;"A";88.22;"A";1017.71;"A";449;"A";23;"A";1;"A";18;"A";4;"A";90.22;"A";65.85;"A";62.67;"A"
"2025-12-19 17:00";3.02;"A";88.67;"A";1017.77;"A";433;"A";23;"A";1;"A";19;"A";3;"A";95.08;"A";69.4;"A";66.07;"A"
"2025-12-19 17:15";2.93;"A";88.61;"A";1017.69;"A";460;"A";22;"A";1;"A";18;"A";4;"A";99.51;"A";72.66;"A";69.18;"A"
"2025-12-19 17:30";2.71;"A";89.02;"A";1017.63;"A";461;"A";23;"A";1;"A";20;"A";3;"A";101.63;"A";74.2;"A";70.65;"A"
"2025-12-19 17:45";2.72;"A";89.51;"A";1017.66;"A";478;"A";22;"A";1;"A";19;"A";3;"A";112.76;"A";82.36;"A";78.45;"A"
"2025-12-19 18:00";2.6;"A";89.87;"A";1017.8;"A";565;"A";22;"A";1;"A";18;"A";4;"A";118.2;"A";86.34;"A";82.26;"A"
"2025-12-19 18:15";2.59;"A";89.97;"A";1018.02;"A";534;"A";22;"A";2;"A";18;"A";4;"A";103.34;"A";75.46;"A";71.85;"A"
"2025-12-19 18:30";2.58;"A";89.68;"A";1018.21;"A";528;"A";22;"A";2;"A";18;"A";4;"A";95.67;"A";69.84;"A";66.48;"A"
"2025-12-19 18:45";2.3;"A";89.46;"A";1018.3;"A";379;"A";22;"A";1;"A";17;"A";5;"A";78.41;"A";57.19;"A";54.4;"A"
"2025-12-19 19:00";2.24;"A";89.4;"A";1018.4;"A";418;"A";21;"A";2;"A";16;"A";5;"A";75.8;"A";55.28;"A";52.58;"A"
"2025-12-19 19:15";2.08;"A";89.68;"A";1018.32;"A";382;"A";21;"A";2;"A";16;"A";5;"A";71.96;"A";52.47;"A";49.89;"A"
"2025-12-19 19:30";2.13;"A";89.55;"A";1018.31;"A";437;"A";21;"A";2;"A";16;"A";5;"A";75.11;"A";54.78;"A";52.09;"A"
"2025-12-19 19:45";1.97;"A";89.49;"A";1018.22;"A";391;"A";21;"A";1;"A";16;"A";5;"A";74.53;"A";54.35;"A";51.69;"A"
"2025-12-19 20:00";1.94;"A";89.66;"A";1018.05;"A";432;"A";21;"A";2;"A";15;"A";6;"A";81.45;"A";59.42;"A";56.53;"A"
"2025-12-19 20:15";1.98;"A";89.76;"A";1018.08;"A";439;"A";21;"A";1;"A";16;"A";5;"A";82.15;"A";59.93;"A";57.02;"A"
"2025-12-19 20:30";1.9;"A";89.88;"A";1018.08;"A";460;"A";21;"A";2;"A";16;"A";5;"A";86.04;"A";62.79;"A";59.75;"A"
"2025-12-19 20:45";1.96;"A";90.24;"A";1018.17;"A";457;"A";21;"A";2;"A";16;"A";5;"A";97.23;"A";70.98;"A";67.58;"A"
"2025-12-19 21:00";1.92;"A";90.64;"A";1018;"A";497;"A";22;"A";1;"A";17;"A";4;"A";112.73;"A";82.33;"A";78.42;"A"
"2025-12-19 21:15";1.98;"A";90.62;"A";1017.97;"A";528;"A";22;"A";1;"A";19;"A";4;"A";112.37;"A";82.07;"A";78.17;"A"
"2025-12-19 21:30";1.96;"A";90.46;"A";1017.85;"A";541;"A";22;"A";1;"A";18;"A";4;"A";110.91;"A";81.01;"A";77.15;"A"
"2025-12-19 21:45";1.98;"A";90.29;"A";1017.95;"A";476;"A";22;"A";1;"A";17;"A";4;"A";110.5;"A";80.71;"A";76.87;"A"
"2025-12-19 22:00";1.86;"A";90.42;"A";1017.84;"A";473;"A";21;"A";1;"A";17;"A";5;"A";102.34;"A";74.72;"A";71.15;"A"
"2025-12-19 22:15";1.82;"A";90.84;"A";1017.82;"A";467;"A";22;"A";1;"A";17;"A";5;"A";100.9;"A";73.67;"A";70.15;"A"
"2025-12-19 22:30";1.74;"A";91.02;"A";1018.02;"A";409;"A";22;"A";2;"A";16;"A";6;"A";89.82;"A";65.55;"A";62.39;"A"
"2025-12-19 22:45";1.77;"A";91.14;"A";1018.04;"A";398;"A";22;"A";1;"A";16;"A";5;"A";89.19;"A";65.1;"A";61.95;"A"
"2025-12-19 23:00";1.76;"A";90.85;"A";1018.01;"A";338;"A";21;"A";2;"A";13;"A";8;"A";73.47;"A";53.58;"A";50.95;"A"
"2025-12-19 23:15";1.72;"A";90.41;"A";1017.97;"A";314;"A";21;"A";1;"A";12;"A";8;"A";70.27;"A";51.23;"A";48.7;"A"
"2025-12-19 23:30";1.7;"A";90.41;"A";1018.03;"A";336;"A";21;"A";1;"A";13;"A";8;"A";75.07;"A";54.75;"A";52.06;"A"
"2025-12-19 23:45";1.78;"A";90.84;"A";1017.99;"A";329;"A";21;"A";1;"A";12;"A";8;"A";83.98;"A";61.28;"A";58.31;"A"
"2025-12-20 00:00";1.88;"A";90.77;"A";1018.07;"A";315;"A";21;"A";1;"A";12;"A";9;"A";91.86;"A";67.05;"A";63.81;"A"
"2025-12-20 00:15";2.04;"A";90.72;"A";1018.09;"A";287;"A";21;"A";2;"A";11;"A";9;"A";93.98;"A";68.6;"A";65.3;"A"
"2025-12-20 00:30";2.15;"A";90.1;"A";1018.08;"A";305;"A";21;"A";1;"A";12;"A";9;"A";109.84;"A";80.22;"A";76.4;"A"
"2025-12-20 00:45";2.26;"A";90.24;"A";1017.93;"A";311;"A";21;"A";1;"A";13;"A";9;"A";121.32;"A";88.63;"A";84.44;"A"
"2025-12-20 01:00";2.4;"A";90.2;"A";1017.92;"A";274;"A";21;"A";1;"A";12;"A";9;"A";117.72;"A";85.99;"A";81.92;"A"
"2025-12-20 01:15";2.41;"A";89.5;"A";1017.91;"A";292;"A";21;"A";1;"A";12;"A";9;"A";121.92;"A";89.07;"A";84.86;"A"
"2025-12-20 01:30";2.39;"A";89.33;"A";1017.81;"A";336;"A";22;"A";1;"A";14;"A";9;"A";129.62;"A";94.71;"A";90.25;"A"
"2025-12-20 01:45";2.46;"A";89.38;"A";1017.8;"A";370;"A";23;"A";1;"A";14;"A";8;"A";138.69;"A";101.35;"A";96.6;"A"
"2025-12-20 02:00";2.47;"A";89.37;"A";1017.79;"A";396;"A";23;"A";1;"A";15;"A";8;"A";146.8;"A";107.3;"A";102.28;"A"
"2025-12-20 02:15";2.46;"A";89.09;"A";1017.71;"A";445;"A";23;"A";1;"A";15;"A";8;"A";146.33;"A";106.95;"A";101.95;"A"
"2025-12-20 02:30";2.52;"A";89.12;"A";1017.51;"A";472;"A";22;"A";1;"A";14;"A";8;"A";152.36;"A";111.37;"A";106.17;"A"
"2025-12-20 02:45";2.44;"A";89.49;"A";1017.31;"A";403;"A";22;"A";1;"A";12;"A";10;"A";135.11;"A";98.73;"A";94.09;"A"
"2025-12-20 03:00";2.38;"A";88.98;"A";1017.2;"A";339;"A";23;"A";1;"A";12;"A";11;"A";118.38;"A";86.48;"A";82.38;"A"
"2025-12-20 03:15";2.34;"A";89.12;"A";1016.86;"A";291;"A";24;"A";1;"A";12;"A";12;"A";109.14;"A";79.71;"A";75.92;"A"
"2025-12-20 03:30";2.26;"A";89.42;"A";1016.94;"A";266;"A";24;"A";0;"A";13;"A";12;"A";108.29;"A";79.09;"A";75.32;"A"
"2025-12-20 03:45";2.24;"A";88.72;"A";1017.1;"A";248;"A";25;"A";1;"A";13;"A";12;"A";89.89;"A";65.61;"A";62.44;"A"
"2025-12-20 04:00";2.18;"A";88.85;"A";1017.1;"A";228;"A";25;"A";1;"A";12;"A";13;"A";87.97;"A";64.2;"A";61.09;"A"
"2025-12-20 04:15";2.18;"A";89.03;"A";1017.03;"A";207;"A";25;"A";0;"A";12;"A";13;"A";89.37;"A";65.23;"A";62.08;"A"
"2025-12-20 04:30";2.17;"A";89.25;"A";1016.79;"A";206;"A";25;"A";1;"A";12;"A";13;"A";92.18;"A";67.29;"A";64.04;"A"
"2025-12-20 04:45";2.2;"A";89.28;"A";1016.55;"A";199;"A";25;"A";0;"A";12;"A";13;"A";94.5;"A";68.98;"A";65.67;"A"
"2025-12-20 05:00";2.13;"A";89.28;"A";1016.5;"A";203;"A";24;"A";0;"A";13;"A";11;"A";106.94;"A";78.09;"A";74.37;"A"
"2025-12-20 05:15";2.05;"A";89.29;"A";1016.53;"A";255;"A";25;"A";0;"A";15;"A";10;"A";124.39;"A";90.88;"A";86.59;"A"
"2025-12-20 05:30";2;"A";89.08;"A";1016.49;"A";213;"A";25;"A";0;"A";15;"A";10;"A";112.09;"A";81.87;"A";77.98;"A"
"2025-12-20 05:45";2.02;"A";88.96;"A";1016.52;"A";210;"A";25;"A";1;"A";15;"A";11;"A";110.14;"A";80.44;"A";76.62;"A"
"2025-12-20 06:00";1.98;"A";89.28;"A";1016.65;"A";213;"A";24;"A";0;"A";14;"A";11;"A";110.88;"A";80.98;"A";77.13;"A"
"2025-12-20 06:15";1.9;"A";89.63;"A";1016.7;"A";246;"A";24;"A";0;"A";16;"A";8;"A";163.18;"A";119.3;"A";113.74;"A"
"2025-12-20 06:30";1.93;"A";90.04;"A";1016.81;"A";269;"A";24;"A";1;"A";17;"A";7;"A";158.01;"A";115.51;"A";110.12;"A"
"2025-12-20 06:45";1.87;"A";90.29;"A";1016.92;"A";286;"A";23;"A";0;"A";15;"A";8;"A";142.65;"A";104.26;"A";99.37;"A"
"2025-12-20 07:00";1.91;"A";90.5;"A";1016.93;"A";281;"A";25;"A";1;"A";18;"A";7;"A";116.47;"A";85.08;"A";81.04;"A"
"2025-12-20 07:15";1.89;"A";90.18;"A";1017.06;"A";262;"A";24;"A";0;"A";16;"A";8;"A";100.04;"A";73.04;"A";69.54;"A"
"2025-12-20 07:30";1.78;"A";90.23;"A";1017.08;"A";268;"A";24;"A";0;"A";17;"A";7;"A";89.74;"A";65.49;"A";62.33;"A"
"2025-12-20 07:45";1.66;"A";90.07;"A";1017.12;"A";235;"A";24;"A";0;"A";17;"A";7;"A";84.44;"A";61.61;"A";58.62;"A"
"2025-12-20 08:00";1.6;"A";90.26;"A";1017.14;"A";283;"A";25;"A";0;"A";19;"A";6;"A";88.49;"A";64.58;"A";61.46;"A"
"2025-12-20 08:15";1.61;"A";90.07;"A";1017.12;"A";318;"A";25;"A";0;"A";19;"A";6;"A";96.94;"A";70.77;"A";67.37;"A"
"2025-12-20 08:30";1.55;"A";90.42;"A";1017.05;"A";346;"A";25;"A";0;"A";21;"A";4;"A";94.8;"A";69.2;"A";65.87;"A"
"2025-12-20 08:45";1.56;"A";90.41;"A";1017.05;"A";351;"A";25;"A";0;"A";20;"A";5;"A";86.74;"A";63.3;"A";60.24;"A"
"2025-12-20 09:00";1.48;"A";90.35;"A";1016.96;"A";327;"A";26;"A";0;"A";21;"A";5;"A";80.99;"A";59.08;"A";56.21;"A"
"2025-12-20 09:15";1.49;"A";90.13;"A";1016.86;"A";325;"A";25;"A";1;"A";19;"A";6;"A";76.96;"A";56.13;"A";53.39;"A"
"2025-12-20 09:30";1.44;"A";90.22;"A";1016.91;"A";275;"A";24;"A";0;"A";18;"A";7;"A";68.78;"A";50.14;"A";47.66;"A"
"2025-12-20 09:45";1.53;"A";90.41;"A";1017.01;"A";306;"A";25;"A";1;"A";20;"A";5;"A";79.69;"A";58.13;"A";55.3;"A"
"2025-12-20 10:00";1.44;"A";89.63;"A";1016.95;"A";405;"A";25;"A";1;"A";18;"A";7;"A";59.51;"A";43.35;"A";41.18;"A"
"2025-12-20 10:15";1.51;"A";89.61;"A";1016.95;"A";345;"A";25;"A";1;"A";18;"A";8;"A";54.82;"A";39.91;"A";37.89;"A"
"2025-12-20 10:30";1.57;"A";90;"A";1016.78;"A";286;"A";25;"A";1;"A";18;"A";8;"A";56.91;"A";41.44;"A";39.35;"A"
"2025-12-20 10:45";1.54;"A";89.78;"A";1016.69;"A";245;"A";25;"A";0;"A";15;"A";10;"A";51.18;"A";37.25;"A";35.34;"A"
"2025-12-20 11:00";1.54;"A";89.88;"A";1016.62;"A";241;"A";25;"A";0;"A";16;"A";9;"A";50.95;"A";37.08;"A";35.18;"A"
"2025-12-20 11:15";1.6;"A";90.04;"A";1016.54;"A";215;"A";25;"A";0;"A";16;"A";9;"A";46.6;"A";33.89;"A";32.14;"A"
"2025-12-20 11:30";1.56;"A";90.24;"A";1016.49;"A";272;"A";26;"A";0;"A";17;"A";8;"A";47.71;"A";34.7;"A";32.91;"A"
"2025-12-20 11:45";1.48;"A";89.88;"A";1016.29;"A";239;"A";26;"A";0;"A";16;"A";10;"A";43.07;"A";31.31;"A";29.67;"A"
"2025-12-20 12:00";1.45;"A";89.81;"A";1016.33;"A";241;"A";26;"A";0;"A";17;"A";9;"A";43.46;"A";31.59;"A";29.94;"A"
"2025-12-20 12:15";1.46;"A";89.15;"A";1016.24;"A";261;"A";27;"A";0;"A";16;"A";11;"A";38.46;"A";27.93;"A";26.44;"A"
"2025-12-20 12:30";1.42;"A";89.4;"A";1016.17;"A";238;"A";27;"A";0;"A";18;"A";9;"A";41.91;"A";30.46;"A";28.86;"A"
"2025-12-20 12:45";1.48;"A";89.99;"A";1016.12;"A";266;"A";27;"A";0;"A";18;"A";9;"A";51.12;"A";37.21;"A";35.3;"A"
"2025-12-20 13:00";1.52;"A";90.14;"A";1015.95;"A";365;"A";27;"A";0;"A";19;"A";8;"A";58.95;"A";42.94;"A";40.78;"A"
"2025-12-20 13:15";1.5;"A";90.37;"A";1015.83;"A";391;"A";26;"A";1;"A";18;"A";8;"A";51.22;"A";37.28;"A";35.37;"A"
"2025-12-20 13:30";1.46;"A";90.06;"A";1015.82;"A";261;"A";27;"A";0;"A";18;"A";9;"A";41.53;"A";30.17;"A";28.58;"A"
"2025-12-20 13:45";1.42;"A";89.52;"A";1015.87;"A";226;"A";27;"A";0;"A";18;"A";9;"A";38.85;"A";28.21;"A";26.71;"A"
"2025-12-20 14:00";1.46;"A";89.98;"A";1015.66;"A";229;"A";27;"A";0;"A";17;"A";10;"A";43.1;"A";31.33;"A";29.69;"A"
"2025-12-20 14:15";1.49;"A";89.7;"A";1015.67;"A";171;"A";25;"A";0;"A";15;"A";10;"A";45.17;"A";32.85;"A";31.14;"A"
"2025-12-20 14:30";1.38;"A";88.62;"A";1015.85;"A";162;"A";26;"A";0;"A";16;"A";10;"A";43.57;"A";31.67;"A";30.02;"A"
"2025-12-20 14:45";1.36;"A";88.27;"A";1015.88;"A";162;"A";27;"A";0;"A";16;"A";11;"A";36.14;"A";26.23;"A";24.82;"A"
"2025-12-20 15:00";1.42;"A";88.95;"A";1015.77;"A";173;"A";27;"A";0;"A";18;"A";9;"A";44.84;"A";32.6;"A";30.9;"A"
"2025-12-20 15:15";1.4;"A";88.76;"A";1015.68;"A";164;"A";26;"A";0;"A";17;"A";10;"A";36.76;"A";26.68;"A";25.25;"A"
"2025-12-20 15:30";1.4;"A";88.97;"A";1015.5;"A";165;"A";27;"A";0;"A";17;"A";10;"A";36.72;"A";26.66;"A";25.22;"A"
"2025-12-20 15:45";1.4;"A";89.58;"A";1015.27;"A";171;"A";27;"A";0;"A";17;"A";10;"A";35.95;"A";26.09;"A";24.68;"A"
"2025-12-20 16:00";1.37;"A";89.41;"A";1015.36;"A";174;"A";26;"A";0;"A";16;"A";10;"A";36.84;"A";26.74;"A";25.3;"A"
"2025-12-20 16:15";1.22;"A";89.18;"A";1015.35;"A";147;"A";27;"A";0;"A";15;"A";12;"A";30.96;"A";22.43;"A";21.19;"A"
"2025-12-20 16:30";1.2;"A";89.68;"A";1015.45;"A";150;"A";26;"A";0;"A";16;"A";11;"A";36.25;"A";26.31;"A";24.89;"A"
"2025-12-20 16:45";1.17;"A";89.26;"A";1015.26;"A";165;"A";26;"A";0;"A";16;"A";10;"A";34.01;"A";24.67;"A";23.32;"A"
"2025-12-20 17:00";1.23;"A";90.01;"A";1015.09;"A";194;"A";26;"A";0;"A";17;"A";9;"A";43.56;"A";31.67;"A";30.01;"A"
"2025-12-20 17:15";1.19;"A";90.13;"A";1015.13;"A";190;"A";25;"A";0;"A";15;"A";10;"A";38.69;"A";28.1;"A";26.6;"A"
"2025-12-20 17:30";1.19;"A";89.96;"A";1014.93;"A";215;"A";25;"A";0;"A";15;"A";10;"A";47.02;"A";34.2;"A";32.43;"A"
"2025-12-20 17:45";1.14;"A";90.04;"A";1015.06;"A";292;"A";25;"A";0;"A";18;"A";7;"A";55.32;"A";40.28;"A";38.24;"A"
"2025-12-20 18:00";1.13;"A";90.16;"A";1015.15;"A";337;"A";25;"A";0;"A";18;"A";7;"A";56.64;"A";41.24;"A";39.16;"A"
"2025-12-20 18:15";1.07;"A";90.32;"A";1015.09;"A";366;"A";24;"A";1;"A";17;"A";8;"A";57.73;"A";42.05;"A";39.93;"A"
"2025-12-20 18:30";1.03;"A";90.49;"A";1014.91;"A";371;"A";24;"A";0;"A";17;"A";7;"A";64.64;"A";47.11;"A";44.76;"A"
"2025-12-20 18:45";1.11;"A";90.75;"A";1014.89;"A";350;"A";23;"A";1;"A";16;"A";7;"A";72.85;"A";53.12;"A";50.51;"A"
"2025-12-20 19:00";1.14;"A";90.63;"A";1014.75;"A";315;"A";24;"A";0;"A";17;"A";6;"A";86.78;"A";63.33;"A";60.26;"A"
"2025-12-20 19:15";1.13;"A";90.5;"A";1014.6;"A";286;"A";24;"A";0;"A";18;"A";7;"A";85;"A";62.03;"A";59.02;"A"
"2025-12-20 19:30";1.06;"A";90.71;"A";1014.61;"A";296;"A";24;"A";1;"A";16;"A";8;"A";64.27;"A";46.83;"A";44.5;"A"
"2025-12-20 19:45";1.07;"A";91.23;"A";1014.73;"A";306;"A";24;"A";1;"A";16;"A";7;"A";64.42;"A";46.95;"A";44.61;"A"
"2025-12-20 20:00";1.12;"A";90.79;"A";1014.72;"A";301;"A";24;"A";0;"A";17;"A";7;"A";144.93;"A";105.93;"A";100.97;"A"
"2025-12-20 20:15";1.08;"A";90.89;"A";1014.73;"A";327;"A";23;"A";0;"A";17;"A";6;"A";98.19;"A";71.69;"A";68.25;"A"
"2025-12-20 20:30";0.99;"A";90.76;"A";1014.53;"A";329;"A";24;"A";0;"A";17;"A";7;"A";80.19;"A";58.5;"A";55.65;"A"
"2025-12-20 20:45";1;"A";90.74;"A";1014.33;"A";339;"A";23;"A";1;"A";16;"A";7;"A";82.25;"A";60.01;"A";57.09;"A"
"2025-12-20 21:00";1;"A";90.51;"A";1014.27;"A";325;"A";23;"A";0;"A";16;"A";7;"A";73.49;"A";53.59;"A";50.96;"A"
"2025-12-20 21:15";1;"A";90.15;"A";1014.35;"A";286;"A";23;"A";1;"A";16;"A";8;"A";65.15;"A";47.48;"A";45.12;"A"
"2025-12-20 21:30";0.93;"A";89.85;"A";1014.25;"A";232;"A";24;"A";1;"A";15;"A";10;"A";54.23;"A";39.48;"A";37.48;"A"
"2025-12-20 21:45";0.94;"A";89.77;"A";1014.22;"A";199;"A";25;"A";0;"A";15;"A";10;"A";48.62;"A";35.37;"A";33.55;"A"
"2025-12-20 22:00";0.97;"A";90.38;"A";1014.14;"A";186;"A";25;"A";0;"A";14;"A";10;"A";49.1;"A";35.72;"A";33.89;"A"
"2025-12-20 22:15";1.12;"A";90.27;"A";1013.87;"A";186;"A";25;"A";0;"A";14;"A";11;"A";52.7;"A";38.36;"A";36.4;"A"
"2025-12-20 22:30";1.09;"A";89.54;"A";1013.74;"A";161;"A";25;"A";0;"A";14;"A";11;"A";43.87;"A";31.89;"A";30.22;"A"
"2025-12-20 22:45";1.11;"A";90.04;"A";1013.62;"A";138;"A";26;"A";0;"A";14;"A";11;"A";40.87;"A";29.69;"A";28.12;"A"
"2025-12-20 23:00";1.15;"A";89.97;"A";1013.55;"A";129;"A";26;"A";0;"A";14;"A";11;"A";35.48;"A";25.74;"A";24.35;"A"
"2025-12-20 23:15";1.17;"A";89.98;"A";1013.44;"A";130;"A";25;"A";0;"A";15;"A";10;"A";38.48;"A";27.94;"A";26.45;"A"
"2025-12-20 23:30";1.19;"A";89.74;"A";1013.38;"A";131;"A";26;"A";0;"A";14;"A";12;"A";33.08;"A";23.99;"A";22.67;"A"
"2025-12-20 23:45";1.19;"A";89.66;"A";1013.43;"A";125;"A";26;"A";0;"A";14;"A";12;"A";34.08;"A";24.72;"A";23.37;"A"
"2025-12-21 00:00";1.18;"A";90.17;"A";1013.42;"A";130;"A";26;"A";0;"A";14;"A";12;"A";38.62;"A";28.05;"A";26.55;"A"
"2025-12-21 00:15";1.15;"A";89.84;"A";1013.47;"A";132;"A";26;"A";0;"A";14;"A";12;"A";41.66;"A";30.27;"A";28.67;"A"
"2025-12-21 00:30";1.04;"A";89.57;"A";1013.4;"A";132;"A";26;"A";0;"A";13;"A";13;"A";50.07;"A";36.43;"A";34.56;"A"
"2025-12-21 00:45";0.97;"A";89.69;"A";1013.25;"A";138;"A";26;"A";0;"A";15;"A";11;"A";67.79;"A";49.41;"A";46.97;"A"
"2025-12-21 01:00";0.95;"A";89.6;"A";1013.08;"A";530;"A";26;"A";0;"A";15;"A";11;"A";57.08;"A";41.57;"A";39.47;"A"
"2025-12-21 01:15";0.87;"A";89.44;"A";1013.01;"A";164;"A";26;"A";0;"A";14;"A";12;"A";40.95;"A";29.75;"A";28.18;"A"
"2025-12-21 01:30";0.83;"A";89.47;"A";1012.83;"A";133;"A";26;"A";0;"A";14;"A";11;"A";52.41;"A";38.15;"A";36.2;"A"
"2025-12-21 01:45";0.81;"A";89.67;"A";1012.78;"A";129;"A";25;"A";0;"A";13;"A";12;"A";43.37;"A";31.53;"A";29.88;"A"
"2025-12-21 02:00";0.83;"A";89.69;"A";1012.68;"A";399;"A";25;"A";0;"A";16;"A";10;"A";80.42;"A";58.67;"A";55.81;"A"
"2025-12-21 02:15";0.73;"A";89.23;"A";1012.7;"A";261;"A";25;"A";0;"A";14;"A";11;"A";58.66;"A";42.73;"A";40.58;"A"
"2025-12-21 02:30";0.61;"A";89.4;"A";1012.61;"A";120;"A";26;"A";0;"A";14;"A";12;"A";35.89;"A";26.05;"A";24.64;"A"
"2025-12-21 02:45";0.53;"A";89.36;"A";1012.53;"A";113;"A";26;"A";0;"A";14;"A";12;"A";42.45;"A";30.85;"A";29.23;"A"
"2025-12-21 03:00";0.55;"A";89.76;"A";1012.44;"A";114;"A";26;"A";0;"A";14;"A";12;"A";39.24;"A";28.5;"A";26.98;"A"
"2025-12-21 03:15";0.62;"A";89.79;"A";1012.2;"A";136;"A";25;"A";0;"A";15;"A";10;"A";57.74;"A";42.05;"A";39.93;"A"
"2025-12-21 03:30";0.63;"A";89.79;"A";1012.21;"A";302;"A";25;"A";0;"A";14;"A";11;"A";51.48;"A";37.46;"A";35.55;"A"
"2025-12-21 03:45";0.63;"A";89.66;"A";1012.05;"A";521;"A";24;"A";0;"A";15;"A";9;"A";68.19;"A";49.7;"A";47.25;"A"
"2025-12-21 04:00";0.64;"A";89.51;"A";1012.01;"A";143;"A";25;"A";0;"A";15;"A";10;"A";63.06;"A";45.95;"A";43.66;"A"
"2025-12-21 04:15";0.52;"A";89.29;"A";1011.87;"A";209;"A";25;"A";0;"A";16;"A";9;"A";85.72;"A";62.55;"A";59.52;"A"
"2025-12-21 04:30";0.38;"A";89.57;"A";1011.75;"A";199;"A";25;"A";0;"A";17;"A";8;"A";63.19;"A";46.04;"A";43.75;"A"
"2025-12-21 04:45";0.37;"A";88.44;"A";1011.77;"A";114;"A";25;"A";0;"A";14;"A";11;"A";48.7;"A";35.43;"A";33.6;"A"
"2025-12-21 05:00";0.32;"A";89.03;"A";1011.73;"A";141;"A";27;"A";0;"A";20;"A";7;"A";72.5;"A";52.87;"A";50.27;"A"
"2025-12-21 05:15";0.27;"A";89.64;"A";1011.67;"A";624;"A";27;"A";0;"A";21;"A";6;"A";66.97;"A";48.81;"A";46.39;"A"
"2025-12-21 05:30";0.19;"A";89.88;"A";1011.6;"A";152;"A";26;"A";0;"A";17;"A";10;"A";64.81;"A";47.23;"A";44.88;"A"
"2025-12-21 05:45";0.23;"A";90.24;"A";1011.49;"A";210;"A";26;"A";0;"A";17;"A";9;"A";71.18;"A";51.9;"A";49.34;"A"
"2025-12-21 06:00";0.34;"A";90.13;"A";1011.44;"A";372;"A";26;"A";0;"A";21;"A";5;"A";87.93;"A";64.17;"A";61.07;"A"
"2025-12-21 06:15";0.4;"A";90.39;"A";1011.52;"A";321;"A";26;"A";0;"A";20;"A";6;"A";76.41;"A";55.73;"A";53;"A"
"2025-12-21 06:30";0.42;"A";90.19;"A";1011.4;"A";334;"A";26;"A";0;"A";20;"A";6;"A";77.58;"A";56.59;"A";53.82;"A"
"2025-12-21 06:45";0.49;"A";90.04;"A";1011.52;"A";398;"A";26;"A";0;"A";19;"A";7;"A";69.26;"A";50.49;"A";48;"A"
"2025-12-21 07:00";0.59;"A";90.4;"A";1011.7;"A";253;"A";27;"A";0;"A";18;"A";9;"A";51.26;"A";37.31;"A";35.4;"A"
"2025-12-21 07:15";0.65;"A";89.93;"A";1011.79;"A";149;"A";27;"A";0;"A";17;"A";9;"A";42.67;"A";31.01;"A";29.38;"A"
"2025-12-21 07:30";0.74;"A";89.98;"A";1011.91;"A";199;"A";30;"A";0;"A";23;"A";8;"A";45.62;"A";33.17;"A";31.45;"A"
"2025-12-21 07:45";0.84;"A";89.55;"A";1011.98;"A";221;"A";27;"A";0;"A";17;"A";10;"A";55.72;"A";40.57;"A";38.52;"A"
"2025-12-21 08:00";0.92;"A";89.7;"A";1012.13;"A";264;"A";26;"A";0;"A";18;"A";8;"A";63.84;"A";46.52;"A";44.2;"A"
"2025-12-21 08:15";0.99;"A";89.38;"A";1012.26;"A";256;"A";26;"A";0;"A";18;"A";8;"A";64.14;"A";46.74;"A";44.41;"A"
"2025-12-21 08:30";0.99;"A";89.65;"A";1012.16;"A";266;"A";27;"A";0;"A";20;"A";7;"A";67.66;"A";49.32;"A";46.88;"A"
"2025-12-21 08:45";1.2;"A";89.2;"A";1012.02;"A";272;"A";27;"A";0;"A";20;"A";7;"A";65.65;"A";47.85;"A";45.47;"A"
"2025-12-21 09:00";1.18;"A";89.02;"A";1011.92;"A";212;"A";27;"A";0;"A";20;"A";7;"A";54.35;"A";39.57;"A";37.56;"A"
"2025-12-21 09:15";1.18;"A";88.73;"A";1011.95;"A";167;"A";28;"A";0;"A";20;"A";8;"A";40.35;"A";29.32;"A";27.76;"A"
"2025-12-21 09:30";1.29;"A";88.34;"A";1011.91;"A";189;"A";28;"A";0;"A";19;"A";9;"A";39.46;"A";28.66;"A";27.13;"A"
"2025-12-21 09:45";1.32;"A";88.52;"A";1011.75;"A";181;"A";27;"A";0;"A";19;"A";9;"A";39.35;"A";28.58;"A";27.06;"A"
"2025-12-21 10:00";1.33;"A";88.69;"A";1011.56;"A";183;"A";28;"A";0;"A";20;"A";7;"A";37.11;"A";26.94;"A";25.49;"A"
"2025-12-21 10:15";1.28;"A";88.77;"A";1011.41;"A";152;"A";28;"A";0;"A";20;"A";8;"A";32.56;"A";23.61;"A";22.31;"A"
"2025-12-21 10:30";1.36;"A";88.81;"A";1011.23;"A";151;"A";28;"A";0;"A";20;"A";7;"A";33.85;"A";24.55;"A";23.21;"A"
"2025-12-21 10:45";1.32;"A";88.68;"A";1011.12;"A";177;"A";28;"A";0;"A";19;"A";9;"A";31.15;"A";22.57;"A";21.32;"A"
"2025-12-21 11:00";1.4;"A";88.73;"A";1011.09;"A";141;"A";27;"A";0;"A";18;"A";9;"A";31.66;"A";22.95;"A";21.68;"A"
"2025-12-21 11:15";1.53;"A";88.61;"A";1010.99;"A";165;"A";27;"A";0;"A";20;"A";7;"A";28.97;"A";20.98;"A";19.79;"A"
"2025-12-21 11:30";1.55;"A";88.28;"A";1010.88;"A";142;"A";27;"A";0;"A";18;"A";9;"A";27.57;"A";19.95;"A";18.81;"A"
"2025-12-21 11:45";1.66;"A";88.09;"A";1010.78;"A";149;"A";27;"A";0;"A";17;"A";9;"A";23.6;"A";17.04;"A";16.03;"A"
"2025-12-21 12:00";1.66;"A";87.65;"A";1010.57;"A";144;"A";26;"A";0;"A";15;"A";11;"A";21.25;"A";15.32;"A";14.39;"A"
"2025-12-21 12:15";1.75;"A";87.86;"A";1010.34;"A";145;"A";26;"A";0;"A";16;"A";10;"A";22.27;"A";16.07;"A";15.11;"A"
"2025-12-21 12:30";1.82;"A";87.68;"A";1010.2;"A";163;"A";26;"A";0;"A";16;"A";10;"A";22.76;"A";16.43;"A";15.45;"A"
"2025-12-21 12:45";1.94;"A";87.95;"A";1010.2;"A";176;"A";26;"A";0;"A";17;"A";9;"A";25.26;"A";18.26;"A";17.2;"A"
"2025-12-21 13:00";1.88;"A";87.85;"A";1010.1;"A";143;"A";26;"A";0;"A";15;"A";11;"A";22.62;"A";16.33;"A";15.35;"A"
"2025-12-21 13:15";1.93;"A";87.8;"A";1009.9;"A";168;"A";26;"A";0;"A";15;"A";12;"A";21.04;"A";15.17;"A";14.24;"A"
"2025-12-21 13:30";2.01;"A";87.88;"A";1009.99;"A";195;"A";26;"A";0;"A";16;"A";10;"A";27.1;"A";19.61;"A";18.49;"A"
"2025-12-21 13:45";2;"A";88.01;"A";1010.03;"A";190;"A";26;"A";0;"A";17;"A";9;"A";25.41;"A";18.37;"A";17.3;"A"
"2025-12-21 14:00";1.93;"A";87.69;"A";1009.96;"A";165;"A";25;"A";0;"A";15;"A";11;"A";20.99;"A";15.13;"A";14.21;"A"
"2025-12-21 14:15";1.86;"A";87.8;"A";1010.07;"A";135;"A";26;"A";0;"A";15;"A";11;"A";19.4;"A";13.96;"A";13.1;"A"
"2025-12-21 14:30";1.73;"A";87.99;"A";1010.21;"A";159;"A";26;"A";0;"A";14;"A";11;"A";20.18;"A";14.54;"A";13.64;"A"
"2025-12-21 14:45";1.72;"A";88.3;"A";1010.22;"A";180;"A";26;"A";0;"A";17;"A";9;"A";21.88;"A";15.78;"A";14.83;"A"
"2025-12-21 15:00";1.66;"A";88.11;"A";1010.21;"A";221;"A";26;"A";0;"A";17;"A";9;"A";27.67;"A";20.02;"A";18.88;"A"
"2025-12-21 15:15";1.54;"A";88.08;"A";1010.15;"A";228;"A";26;"A";0;"A";17;"A";9;"A";24.11;"A";17.41;"A";16.39;"A"
"2025-12-21 15:30";1.42;"A";88.06;"A";1010.27;"A";176;"A";26;"A";0;"A";15;"A";10;"A";16.3;"A";11.69;"A";10.92;"A"
"2025-12-21 15:45";1.33;"A";88.11;"A";1010.18;"A";213;"A";25;"A";0;"A";15;"A";10;"A";20.55;"A";14.81;"A";13.9;"A"
"2025-12-21 16:00";1.29;"A";87.95;"A";1010.15;"A";198;"A";25;"A";0;"A";16;"A";9;"A";18.61;"A";13.38;"A";12.54;"A"
"2025-12-21 16:15";1.31;"A";88.16;"A";1010.19;"A";253;"A";30;"A";0;"A";25;"A";7;"A";22.71;"A";16.39;"A";15.41;"A"
"2025-12-21 16:30";1.29;"A";88.24;"A";1010.11;"A";398;"A";38;"A";0;"A";34;"A";8;"A";28.45;"A";20.59;"A";19.43;"A"
"2025-12-21 16:45";1.34;"A";88.02;"A";1010.26;"A";371;"A";27;"A";0;"A";24;"A";4;"A";22.78;"A";16.44;"A";15.46;"A"
"2025-12-21 17:00";1.45;"A";88.09;"A";1010.18;"A";338;"A";26;"A";0;"A";22;"A";4;"A";22.27;"A";16.07;"A";15.1;"A"
"2025-12-21 17:15";1.5;"A";87.98;"A";1010.2;"A";355;"A";25;"A";0;"A";21;"A";4;"A";21.47;"A";15.48;"A";14.54;"A"
"2025-12-21 17:30";1.53;"A";87.82;"A";1010.1;"A";243;"A";25;"A";0;"A";18;"A";7;"A";16.15;"A";11.59;"A";10.82;"A"
"2025-12-21 17:45";1.59;"A";87.63;"A";1010.2;"A";219;"A";25;"A";0;"A";17;"A";8;"A";19.04;"A";13.7;"A";12.84;"A"
"2025-12-21 18:00";1.6;"A";88.64;"A";1010.15;"A";322;"A";26;"A";0;"A";20;"A";6;"A";29.17;"A";21.12;"A";19.93;"A"
"2025-12-21 18:15";1.65;"A";89.26;"A";1010.1;"A";343;"A";24;"A";1;"A";18;"A";6;"A";33.34;"A";24.18;"A";22.86;"A"
"2025-12-21 18:30";1.67;"A";88.95;"A";1009.96;"A";271;"A";26;"A";0;"A";21;"A";5;"A";17.75;"A";12.75;"A";11.94;"A"
"2025-12-21 18:45";1.71;"A";89.24;"A";1010.03;"A";477;"A";24;"A";1;"A";19;"A";5;"A";35.94;"A";26.08;"A";24.67;"A"
"2025-12-21 19:00";1.77;"A";89.45;"A";1010.06;"A";505;"A";24;"A";1;"A";18;"A";5;"A";46.09;"A";33.51;"A";31.78;"A"
"2025-12-21 19:15";1.78;"A";89.09;"A";1009.95;"A";533;"A";24;"A";1;"A";18;"A";5;"A";53.63;"A";39.04;"A";37.06;"A"
"2025-12-21 19:30";1.83;"A";88.64;"A";1009.88;"A";584;"A";24;"A";1;"A";18;"A";6;"A";44.37;"A";32.26;"A";30.58;"A"
"2025-12-21 19:45";1.89;"A";88.38;"A";1009.88;"A";455;"A";24;"A";1;"A";17;"A";6;"A";28.84;"A";20.88;"A";19.71;"A"
"2025-12-21 20:00";1.93;"A";88.82;"A";1009.95;"A";428;"A";24;"A";1;"A";20;"A";4;"A";29.1;"A";21.07;"A";19.89;"A"
"2025-12-21 20:15";2;"A";88.66;"A";1009.98;"A";531;"A";25;"A";1;"A";23;"A";2;"A";38.31;"A";27.81;"A";26.33;"A"
"2025-12-21 20:30";2.02;"A";88.78;"A";1009.89;"A";476;"A";24;"A";1;"A";21;"A";3;"A";36.95;"A";26.82;"A";25.38;"A"
"2025-12-21 20:45";2;"A";89.03;"A";1009.98;"A";452;"A";24;"A";1;"A";22;"A";2;"A";33.37;"A";24.2;"A";22.88;"A"
"2025-12-21 21:00";1.96;"A";89.27;"A";1010.24;"A";432;"A";25;"A";1;"A";24;"A";1;"A";42.71;"A";31.04;"A";29.41;"A"
"2025-12-21 21:15";2.06;"A";89.42;"A";1010.3;"A";358;"A";25;"A";1;"A";23;"A";2;"A";27.59;"A";19.96;"A";18.83;"A"
"2025-12-21 21:30";2.17;"A";89.24;"A";1010.16;"A";286;"A";24;"A";1;"A";19;"A";4;"A";34.86;"A";25.29;"A";23.92;"A"
"2025-12-21 21:45";2.21;"A";89.73;"A";1009.97;"A";283;"A";23;"A";1;"A";18;"A";4;"A";31.61;"A";22.91;"A";21.64;"A"
"2025-12-21 22:00";2.3;"A";90.06;"A";1009.77;"A";280;"A";22;"A";1;"A";16;"A";6;"A";27.76;"A";20.09;"A";18.95;"A"
"2025-12-21 22:15";2.36;"A";90.03;"A";1009.88;"A";274;"A";21;"A";1;"A";15;"A";7;"A";29.51;"A";21.37;"A";20.17;"A"
"2025-12-21 22:30";2.52;"A";89.85;"A";1009.87;"A";283;"A";20;"A";2;"A";14;"A";7;"A";33.23;"A";24.1;"A";22.78;"A"
"2025-12-21 22:45";2.56;"A";89.68;"A";1009.83;"A";288;"A";21;"A";2;"A";13;"A";8;"A";35.99;"A";26.12;"A";24.71;"A"
"2025-12-21 23:00";2.61;"A";89.82;"A";1009.74;"A";261;"A";20;"A";1;"A";13;"A";8;"A";29.71;"A";21.52;"A";20.31;"A"
"2025-12-21 23:15";2.71;"A";89.8;"A";1009.8;"A";237;"A";21;"A";1;"A";13;"A";8;"A";27.46;"A";19.87;"A";18.74;"A"
"2025-12-21 23:30";2.77;"A";89.01;"A";1010;"A";201;"A";24;"A";1;"A";12;"A";12;"A";25.8;"A";18.65;"A";17.58;"A"
"2025-12-21 23:45";2.69;"A";88.68;"A";1009.98;"A";179;"A";25;"A";0;"A";12;"A";13;"A";26.13;"A";18.9;"A";17.81;"A"
"2025-12-22 00:00";2.59;"A";88.49;"A";1009.93;"A";169;"A";26;"A";0;"A";13;"A";13;"A";23.78;"A";17.17;"A";16.16;"A"
"2025-12-22 00:15";2.57;"A";88.46;"A";1009.99;"A";179;"A";27;"A";0;"A";14;"A";13;"A";27.2;"A";19.68;"A";18.56;"A"
"2025-12-22 00:30";2.55;"A";88.66;"A";1009.96;"A";187;"A";26;"A";0;"A";13;"A";13;"A";31.27;"A";22.66;"A";21.41;"A"
"2025-12-22 00:45";2.57;"A";88.96;"A";1009.89;"A";182;"A";25;"A";0;"A";13;"A";13;"A";32.97;"A";23.9;"A";22.59;"A"
"2025-12-22 01:00";2.57;"A";89.4;"A";1009.83;"A";180;"A";25;"A";0;"A";13;"A";12;"A";34.47;"A";25.01;"A";23.65;"A"
"2025-12-22 01:15";2.61;"A";89.42;"A";1009.76;"A";176;"A";25;"A";0;"A";12;"A";12;"A";31.58;"A";22.89;"A";21.62;"A"
"2025-12-22 01:30";2.64;"A";89.18;"A";1009.7;"A";171;"A";25;"A";0;"A";12;"A";12;"A";26.56;"A";19.21;"A";18.11;"A"
"2025-12-22 01:45";2.62;"A";88.97;"A";1009.67;"A";165;"A";25;"A";1;"A";12;"A";12;"A";27.35;"A";19.79;"A";18.66;"A"
"2025-12-22 02:00";2.53;"A";89.53;"A";1009.69;"A";182;"A";24;"A";0;"A";12;"A";12;"A";31.47;"A";22.81;"A";21.54;"A"
"2025-12-22 02:15";2.49;"A";89.74;"A";1009.76;"A";185;"A";23;"A";1;"A";11;"A";12;"A";28.35;"A";20.52;"A";19.36;"A"
"2025-12-22 02:30";2.41;"A";90.31;"A";1009.75;"A";155;"A";24;"A";1;"A";12;"A";12;"A";32.6;"A";23.64;"A";22.34;"A"
"2025-12-22 02:45";2.4;"A";90.73;"A";1009.75;"A";156;"A";24;"A";0;"A";12;"A";12;"A";36.72;"A";26.66;"A";25.22;"A"
"2025-12-22 03:00";2.48;"A";90.92;"A";1009.79;"A";164;"A";23;"A";0;"A";11;"A";12;"A";38.64;"A";28.06;"A";26.57;"A"
"2025-12-22 03:15";2.52;"A";91.08;"A";1009.73;"A";173;"A";23;"A";0;"A";12;"A";11;"A";41.99;"A";30.51;"A";28.91;"A"
"2025-12-22 03:30";2.6;"A";90.9;"A";1009.65;"A";174;"A";24;"A";1;"A";12;"A";11;"A";41.52;"A";30.17;"A";28.58;"A"
"2025-12-22 03:45";2.74;"A";90.5;"A";1009.59;"A";151;"A";25;"A";0;"A";12;"A";13;"A";39.32;"A";28.56;"A";27.04;"A"
"2025-12-22 04:00";2.82;"A";90.29;"A";1009.45;"A";144;"A";25;"A";0;"A";12;"A";13;"A";40.82;"A";29.66;"A";28.09;"A"
"2025-12-22 04:15";2.89;"A";90.08;"A";1009.45;"A";146;"A";26;"A";0;"A";13;"A";13;"A";41.92;"A";30.46;"A";28.86;"A"
"2025-12-22 04:30";3.02;"A";89.8;"A";1009.41;"A";144;"A";26;"A";0;"A";13;"A";13;"A";41.4;"A";30.09;"A";28.5;"A"
"2025-12-22 04:45";3.11;"A";89.67;"A";1009.25;"A";141;"A";26;"A";0;"A";13;"A";13;"A";40.46;"A";29.39;"A";27.84;"A"
"2025-12-22 05:00";3.19;"A";89.44;"A";1009.18;"A";142;"A";26;"A";0;"A";13;"A";13;"A";38.91;"A";28.26;"A";26.75;"A"
"2025-12-22 05:15";3.25;"A";89.18;"A";1009.17;"A";147;"A";27;"A";0;"A";13;"A";13;"A";37.46;"A";27.2;"A";25.74;"A"
"2025-12-22 05:30";3.32;"A";88.85;"A";1009.3;"A";152;"A";26;"A";0;"A";13;"A";13;"A";34.4;"A";24.96;"A";23.6;"A"
"2025-12-22 05:45";3.33;"A";88.38;"A";1009.32;"A";165;"A";24;"A";0;"A";13;"A";11;"A";34.28;"A";24.87;"A";23.51;"A"
"2025-12-22 06:00";3.25;"A";88.46;"A";1009.46;"A";173;"A";22;"A";1;"A";11;"A";11;"A";32.73;"A";23.73;"A";22.43;"A"
"2025-12-22 06:15";3.26;"A";88.61;"A";1009.49;"A";185;"A";21;"A";0;"A";12;"A";10;"A";36.97;"A";26.84;"A";25.39;"A"
"2025-12-22 06:30";3.28;"A";88.58;"A";1009.62;"A";207;"A";21;"A";1;"A";12;"A";9;"A";38.31;"A";27.82;"A";26.33;"A"
"2025-12-22 06:45";3.31;"A";88.66;"A";1009.75;"A";210;"A";21;"A";1;"A";13;"A";8;"A";39.47;"A";28.67;"A";27.14;"A"
"2025-12-22 07:00";3.34;"A";88.17;"A";1009.94;"A";219;"A";21;"A";1;"A";13;"A";8;"A";42.49;"A";30.88;"A";29.26;"A"
"2025-12-22 07:15";3.31;"A";88.14;"A";1010.03;"A";216;"A";20;"A";1;"A";12;"A";8;"A";41.83;"A";30.39;"A";28.79;"A"
"2025-12-22 07:30";3.32;"A";88.12;"A";1010.15;"A";235;"A";20;"A";1;"A";13;"A";7;"A";44.25;"A";32.17;"A";30.49;"A"
"2025-12-22 07:45";3.31;"A";88.03;"A";1010.24;"A";230;"A";20;"A";1;"A";13;"A";7;"A";45.23;"A";32.89;"A";31.18;"A"
"2025-12-22 08:00";3.31;"A";88.05;"A";1010.39;"A";256;"A";21;"A";1;"A";14;"A";7;"A";48.99;"A";35.64;"A";33.81;"A"
"2025-12-22 08:15";3.31;"A";88.18;"A";1010.48;"A";283;"A";20;"A";1;"A";13;"A";6;"A";51.99;"A";37.84;"A";35.91;"A"
"2025-12-22 08:30";3.36;"A";88.29;"A";1010.66;"A";362;"A";20;"A";2;"A";14;"A";6;"A";56.66;"A";41.26;"A";39.18;"A"
"2025-12-22 08:45";3.46;"A";87.73;"A";1010.75;"A";388;"A";26;"A";1;"A";23;"A";4;"A";58.59;"A";42.67;"A";40.53;"A"
"2025-12-22 09:00";3.57;"A";87.27;"A";1010.9;"A";323;"A";20;"A";2;"A";13;"A";6;"A";55.84;"A";40.66;"A";38.61;"A"
"2025-12-22 09:15";3.59;"A";87.89;"A";1010.97;"A";315;"A";19;"A";2;"A";12;"A";6;"A";60.91;"A";44.37;"A";42.15;"A"
"2025-12-22 09:30";3.54;"A";87.76;"A";1010.94;"A";401;"A";22;"A";2;"A";16;"A";6;"A";50.09;"A";36.45;"A";34.58;"A"
"2025-12-22 09:45";3.65;"A";86.71;"A";1011.02;"A";333;"A";26;"A";1;"A";20;"A";6;"A";45.66;"A";33.2;"A";31.48;"A"
"2025-12-22 10:00";3.65;"A";85.58;"A";1010.96;"A";277;"A";24;"A";1;"A";16;"A";8;"A";37.72;"A";27.38;"A";25.92;"A"
"2025-12-22 10:15";3.73;"A";84.9;"A";1011.01;"A";242;"A";25;"A";1;"A";17;"A";8;"A";37.41;"A";27.16;"A";25.7;"A"
"2025-12-22 10:30";4.03;"A";84.08;"A";1010.83;"A";272;"A";27;"A";0;"A";17;"A";10;"A";27.71;"A";20.05;"A";18.91;"A"
"2025-12-22 10:45";4.78;"A";81.14;"A";1010.7;"A";223;"A";27;"A";0;"A";16;"A";11;"A";24.25;"A";18.22;"A";16;"A"
"2025-12-22 11:00";5.17;"A";77.94;"A";1010.47;"A";203;"A";30;"A";0;"A";16;"A";14;"A";16.8;"A";13.9;"A";10.01;"A"
"2025-12-22 11:15";5.41;"A";74.11;"A";1010.26;"A";169;"A";35;"A";0;"A";19;"A";16;"A";11.29;"A";8;"A";5.89;"A"
"2025-12-22 11:30";5.59;"A";73.08;"A";1010.22;"A";159;"A";37;"A";0;"A";23;"A";14;"A";10.39;"A";7.54;"A";5.17;"A"
"2025-12-22 11:45";5.72;"A";74.65;"A";1010.22;"A";191;"A";36;"A";0;"A";23;"A";13;"A";13.34;"A";10.29;"A";7.2;"A"
"2025-12-22 12:00";5.52;"A";74.32;"A";1010.04;"A";181;"A";37;"A";0;"A";23;"A";14;"A";11.77;"A";8.18;"A";5.73;"A"
"2025-12-22 12:15";5.69;"A";72.23;"A";1009.97;"A";197;"A";38;"A";0;"A";25;"A";13;"A";12.3;"A";9.26;"A";6.55;"A"
"2025-12-22 12:30";6.25;"A";69.41;"A";1010.03;"A";182;"A";39;"A";0;"A";24;"A";15;"A";8.46;"A";5.81;"A";3.96;"A"
"2025-12-22 12:45";6.49;"A";67.31;"A";1010.06;"A";164;"A";39;"A";0;"A";23;"A";16;"A";9.85;"A";5.68;"A";3.74;"A"
"2025-12-22 13:00";6.53;"A";67.14;"A";1010.08;"A";168;"A";39;"A";0;"A";24;"A";16;"A";12.36;"A";7.84;"A";5.16;"A"
"2025-12-22 13:15";6.26;"A";65.49;"A";1009.95;"A";493;"A";41;"A";0;"A";26;"A";15;"A";10.55;"A";7.14;"A";5.18;"A"
"2025-12-22 13:30";5.98;"A";66.02;"A";1010.03;"A";184;"A";42;"A";0;"A";27;"A";14;"A";8.78;"A";5.22;"A";3.34;"A"
"2025-12-22 13:45";5.77;"A";67.73;"A";1010.04;"A";215;"A";41;"A";0;"A";30;"A";12;"A";10.44;"A";6.48;"A";4.46;"A"
"2025-12-22 14:00";5.73;"A";67.97;"A";1010.15;"A";215;"A";40;"A";0;"A";29;"A";11;"A";8;"A";5.23;"A";3.72;"A"
"2025-12-22 14:15";5.59;"A";65.23;"A";1010.19;"A";163;"A";40;"A";0;"A";26;"A";13;"A";7.65;"A";4.88;"A";3.13;"A"
"2025-12-22 14:30";5.51;"A";65.38;"A";1010.23;"A";168;"A";41;"A";0;"A";27;"A";13;"A";7.03;"A";4.58;"A";3.36;"A"
"2025-12-22 14:45";5.45;"A";64.91;"A";1010.33;"A";176;"A";41;"A";0;"A";28;"A";13;"A";7.75;"A";4.85;"A";3.26;"A"
"2025-12-22 15:00";5.41;"A";65.52;"A";1010.36;"A";159;"A";42;"A";0;"A";30;"A";12;"A";7.55;"A";5.05;"A";3.38;"A"
"2025-12-22 15:15";5.35;"A";65.35;"A";1010.52;"A";148;"A";41;"A";0;"A";28;"A";13;"A";7.45;"A";4.48;"A";3.13;"A"
"2025-12-22 15:30";5.3;"A";65.47;"A";1010.58;"A";188;"A";41;"A";0;"A";31;"A";10;"A";10.3;"A";6.22;"A";4.19;"A"
"2025-12-22 15:45";5.19;"A";68.31;"A";1010.79;"A";238;"A";40;"A";0;"A";37;"A";4;"A";12.99;"A";9.01;"A";6.63;"A"
"2025-12-22 16:00";5.13;"A";67.78;"A";1011.06;"A";245;"A";39;"A";0;"A";33;"A";6;"A";24.41;"A";19.29;"A";14.02;"A"
"2025-12-22 16:15";5.03;"A";67.3;"A";1011.23;"A";188;"A";39;"A";0;"A";30;"A";10;"A";9.27;"A";5.7;"A";4.04;"A"
"2025-12-22 16:30";4.96;"A";69.23;"A";1011.16;"A";269;"A";44;"A";0;"A";39;"A";7;"A";10.7;"A";6.68;"A";4.68;"A"
"2025-12-22 16:45";4.94;"A";69.24;"A";1011.27;"A";355;"A";39;"A";0;"A";35;"A";4;"A";10.73;"A";7.19;"A";4.95;"A"
"2025-12-22 17:00";4.81;"A";68.54;"A";1011.31;"A";302;"A";42;"A";0;"A";38;"A";4;"A";17.26;"A";10.45;"A";7.66;"A"
"2025-12-22 17:15";4.75;"A";68.13;"A";1011.37;"A";250;"A";39;"A";0;"A";30;"A";9;"A";11.2;"A";8.06;"A";5.96;"A"
"2025-12-22 17:30";4.67;"A";68.72;"A";1011.32;"A";220;"A";38;"A";0;"A";29;"A";10;"A";10.29;"A";7.28;"A";5.21;"A"
"2025-12-22 17:45";4.63;"A";68.5;"A";1011.38;"A";235;"A";38;"A";0;"A";30;"A";8;"A";10.56;"A";7.75;"A";5.35;"A"
"2025-12-22 18:00";4.62;"A";68;"A";1011.37;"A";218;"A";38;"A";0;"A";27;"A";10;"A";12.35;"A";8.93;"A";6.44;"A"
"2025-12-22 18:15";4.58;"A";68.91;"A";1011.47;"A";163;"A";38;"A";0;"A";27;"A";11;"A";10.74;"A";7.72;"A";5.51;"A"
"2025-12-22 18:30";4.62;"A";68.9;"A";1011.54;"A";142;"A";37;"A";0;"A";26;"A";11;"A";9.46;"A";6.33;"A";4.26;"A"
"2025-12-22 18:45";4.59;"A";70.4;"A";1011.67;"A";166;"A";37;"A";0;"A";27;"A";9;"A";12.95;"A";8.18;"A";5.88;"A"
"2025-12-22 19:00";4.69;"A";69.97;"A";1011.67;"A";166;"A";37;"A";0;"A";29;"A";7;"A";13.84;"A";9.67;"A";6.95;"A"
"2025-12-22 19:15";4.71;"A";69.23;"A";1011.94;"A";163;"A";36;"A";0;"A";24;"A";12;"A";15.38;"A";11.52;"A";8.34;"A"
"2025-12-22 19:30";4.61;"A";69.72;"A";1011.91;"A";162;"A";36;"A";0;"A";25;"A";12;"A";20.91;"A";16.2;"A";11.36;"A"
"2025-12-22 19:45";4.62;"A";68.25;"A";1011.93;"A";155;"A";36;"A";0;"A";24;"A";12;"A";16.49;"A";12.93;"A";9.43;"A"
"2025-12-22 20:00";4.57;"A";68.39;"A";1012;"A";130;"A";37;"A";0;"A";24;"A";12;"A";15.88;"A";12.32;"A";8.88;"A"
"2025-12-22 20:15";4.49;"A";69.58;"A";1012.05;"A";149;"A";36;"A";0;"A";24;"A";11;"A";16;"A";12.93;"A";9.53;"A"
"2025-12-22 20:30";4.52;"A";68.52;"A";1012.04;"A";129;"A";37;"A";0;"A";24;"A";13;"A";15.5;"A";11.18;"A";8.36;"A"
"2025-12-22 20:45";4.47;"A";69.59;"A";1011.98;"A";131;"A";37;"A";0;"A";29;"A";8;"A";19.41;"A";15.95;"A";11.34;"A"
"2025-12-22 21:00";4.49;"A";68.99;"A";1012.05;"A";129;"A";36;"A";0;"A";28;"A";8;"A";14.26;"A";10.77;"A";8.07;"A"
"2025-12-22 21:15";4.48;"A";68.46;"A";1012.07;"A";130;"A";36;"A";0;"A";24;"A";12;"A";15.16;"A";11.97;"A";8.96;"A"
"2025-12-22 21:30";4.49;"A";68.53;"A";1012.14;"A";131;"A";36;"A";0;"A";23;"A";13;"A";19.59;"A";15.45;"A";10.92;"A"
"2025-12-22 21:45";4.44;"A";68.99;"A";1012.15;"A";134;"A";35;"A";0;"A";23;"A";13;"A";16.77;"A";12.43;"A";9.31;"A"
"2025-12-22 22:00";4.38;"A";69.58;"A";1012.28;"A";141;"A";35;"A";0;"A";23;"A";12;"A";19.47;"A";14.6;"A";10.84;"A"
"2025-12-22 22:15";4.26;"A";71.74;"A";1012.34;"A";150;"A";35;"A";0;"A";25;"A";10;"A";16.54;"A";13.14;"A";9.73;"A"
"2025-12-22 22:30";4.22;"A";71.16;"A";1012.32;"A";140;"A";34;"A";0;"A";24;"A";11;"A";15.38;"A";11.84;"A";8.78;"A"
"2025-12-22 22:45";4.15;"A";71.67;"A";1012.4;"A";138;"A";34;"A";0;"A";25;"A";9;"A";16.43;"A";12.79;"A";9.18;"A"
"2025-12-22 23:00";4.08;"A";71.81;"A";1012.27;"A";155;"A";34;"A";0;"A";23;"A";11;"A";16.66;"A";13;"A";9.6;"A"
"2025-12-22 23:15";3.99;"A";72.6;"A";1012.18;"A";219;"A";34;"A";0;"A";24;"A";10;"A";24.37;"A";19.29;"A";14.3;"A"
"2025-12-22 23:30";3.98;"A";71.75;"A";1012.24;"A";204;"A";33;"A";0;"A";24;"A";10;"A";31.3;"A";24.28;"A";17.68;"A"
"2025-12-22 23:45";3.97;"A";71.1;"A";1012.25;"A";152;"A";35;"A";0;"A";26;"A";9;"A";34.15;"A";26.74;"A";18.68;"A"
"2025-12-23 00:00";3.93;"A";70.8;"A";1012.19;"A";138;"A";35;"A";0;"A";26;"A";9;"A";33.52;"A";28.05;"A";20.05;"A"
"2025-12-23 00:15";3.88;"A";71.94;"A";1012.08;"A";154;"A";35;"A";0;"A";33;"A";3;"A";30.67;"A";25.4;"A";17.93;"A"
"2025-12-23 00:30";3.95;"A";70.31;"A";1012.11;"A";126;"A";35;"A";0;"A";28;"A";6;"A";27.83;"A";23.05;"A";16.47;"A"
"2025-12-23 00:45";3.93;"A";70.07;"A";1012.04;"A";130;"A";36;"A";0;"A";28;"A";8;"A";31.04;"A";25.31;"A";18.6;"A"
"2025-12-23 01:00";3.94;"A";70.07;"A";1012.03;"A";128;"A";36;"A";0;"A";27;"A";9;"A";30.46;"A";25.26;"A";18.43;"A"
"2025-12-23 01:15";3.95;"A";71.08;"A";1011.99;"A";125;"A";34;"A";0;"A";25;"A";10;"A";34.72;"A";28.61;"A";20.09;"A"
"2025-12-23 01:30";3.99;"A";70.92;"A";1012.02;"A";129;"A";34;"A";0;"A";24;"A";10;"A";31.22;"A";26.09;"A";18.26;"A"
"2025-12-23 01:45";4.08;"A";68.86;"A";1012.09;"A";130;"A";34;"A";0;"A";24;"A";11;"A";28.56;"A";25.01;"A";18.38;"A"
"2025-12-23 02:00";4.11;"A";68.69;"A";1012.22;"A";102;"A";36;"A";0;"A";23;"A";13;"A";24.65;"A";21.06;"A";15.59;"A"
"2025-12-23 02:15";4.08;"A";70.51;"A";1012.21;"A";206;"A";35;"A";0;"A";25;"A";10;"A";39.24;"A";32.85;"A";23.89;"A"
"2025-12-23 02:30";4.03;"A";70.74;"A";1012.19;"A";157;"A";34;"A";0;"A";24;"A";11;"A";23.7;"A";20.38;"A";14.55;"A"
"2025-12-23 02:45";3.94;"A";72.41;"A";1012.08;"A";178;"A";33;"A";0;"A";24;"A";9;"A";26.88;"A";22.49;"A";16.48;"A"
"2025-12-23 03:00";3.87;"A";72.56;"A";1012.08;"A";215;"A";32;"A";0;"A";24;"A";9;"A";31.74;"A";25.52;"A";18.28;"A"
"2025-12-23 03:15";3.84;"A";72.6;"A";1012.01;"A";174;"A";32;"A";0;"A";23;"A";9;"A";26.73;"A";21.85;"A";15.82;"A"
"2025-12-23 03:30";3.86;"A";71.9;"A";1011.91;"A";160;"A";32;"A";0;"A";24;"A";8;"A";27.86;"A";22.77;"A";15.69;"A"
"2025-12-23 03:45";3.75;"A";72.11;"A";1011.81;"A";142;"A";33;"A";0;"A";25;"A";7;"A";28.79;"A";23.74;"A";16.6;"A"
"2025-12-23 04:00";3.72;"A";72.99;"A";1011.83;"A";148;"A";32;"A";0;"A";25;"A";8;"A";35.96;"A";29.6;"A";21.21;"A"
"2025-12-23 04:15";3.72;"A";72.89;"A";1011.69;"A";186;"A";31;"A";0;"A";24;"A";7;"A";42.54;"A";35.27;"A";24.84;"A"
"2025-12-23 04:30";3.74;"A";71.77;"A";1011.6;"A";132;"A";32;"A";0;"A";24;"A";8;"A";30.62;"A";25.82;"A";18.71;"A"
"2025-12-23 04:45";3.68;"A";72.25;"A";1011.55;"A";144;"A";33;"A";0;"A";25;"A";7;"A";39.55;"A";32.24;"A";22.88;"A"
"2025-12-23 05:00";3.67;"A";72.58;"A";1011.57;"A";181;"A";33;"A";0;"A";26;"A";7;"A";41;"A";34.67;"A";25.17;"A"
"2025-12-23 05:15";3.67;"A";72.57;"A";1011.41;"A";185;"A";31;"A";0;"A";24;"A";7;"A";36.65;"A";30.53;"A";22.27;"A"
"2025-12-23 05:30";3.69;"A";72.16;"A";1011.33;"A";131;"A";32;"A";0;"A";23;"A";8;"A";28.32;"A";23.43;"A";17.47;"A"
"2025-12-23 05:45";3.62;"A";72.26;"A";1011.24;"A";142;"A";32;"A";0;"A";24;"A";8;"A";28.65;"A";23.45;"A";16.84;"A"
"2025-12-23 06:00";3.54;"A";72.31;"A";1011.31;"A";128;"A";32;"A";0;"A";24;"A";8;"A";24.75;"A";20.12;"A";14.59;"A"
"2025-12-23 06:15";3.47;"A";74.18;"A";1011.32;"A";148;"A";32;"A";0;"A";25;"A";7;"A";25.75;"A";21.31;"A";15.18;"A"
"2025-12-23 06:30";3.43;"A";73.7;"A";1011.37;"A";204;"A";32;"A";0;"A";28;"A";3;"A";26.12;"A";21.95;"A";15.87;"A"
"2025-12-23 06:45";3.49;"A";73.7;"A";1011.42;"A";173;"A";33;"A";0;"A";32;"A";2;"A";28.48;"A";22.72;"A";16.31;"A"
"2025-12-23 07:00";3.44;"A";73.99;"A";1011.51;"A";246;"A";34;"A";0;"A";37;"A";0;"A";33.25;"A";26.9;"A";18.8;"A"
"2025-12-23 07:15";3.44;"A";74.99;"A";1011.55;"A";325;"A";36;"A";0;"A";40;"A";0;"A";59;"A";49.85;"A";34.5;"A"
"2025-12-23 07:30";3.5;"A";74.1;"A";1011.61;"A";320;"A";35;"A";0;"A";39;"A";0;"A";49.5;"A";40.11;"A";28.73;"A"
"2025-12-23 07:45";3.48;"A";74.95;"A";1011.66;"A";450;"A";36;"A";0;"A";40;"A";0;"A";85.72;"A";69.68;"A";50.21;"A"
"2025-12-23 08:00";3.52;"A";73.86;"A";1011.65;"A";571;"A";37;"A";0;"A";41;"A";0;"A";83.89;"A";66.77;"A";48.42;"A"
"2025-12-23 08:15";3.51;"A";74.3;"A";1011.71;"A";570;"A";38;"A";0;"A";41;"A";0;"A";70.2;"A";56.61;"A";40.5;"A"
"2025-12-23 08:30";3.52;"A";74.47;"A";1011.75;"A";580;"A";37;"A";0;"A";41;"A";0;"A";71.72;"A";55.7;"A";39.41;"A"
"2025-12-23 08:45";3.65;"A";72.99;"A";1011.83;"A";686;"A";36;"A";0;"A";40;"A";0;"A";62.2;"A";48.46;"A";33.94;"A"
"2025-12-23 09:00";3.65;"A";73.15;"A";1011.84;"A";679;"A";39;"A";0;"A";43;"A";0;"A";75.11;"A";58.75;"A";41.49;"A"
"2025-12-23 09:15";3.65;"A";73.82;"A";1011.77;"A";575;"A";35;"A";0;"A";39;"A";0;"A";82.35;"A";65.81;"A";46.2;"A"
"2025-12-23 09:30";3.62;"A";72.97;"A";1011.8;"A";726;"A";40;"A";0;"A";45;"A";0;"A";113.52;"A";88.57;"A";62.33;"A"
"2025-12-23 09:45";3.67;"A";72.54;"A";1011.82;"A";656;"A";37;"A";0;"A";41;"A";0;"A";69.84;"A";54.22;"A";38.45;"A"
"2025-12-23 10:00";3.67;"A";72.68;"A";1011.79;"A";783;"A";35;"A";0;"A";40;"A";0;"A";70.42;"A";52.09;"A";37;"A"
"2025-12-23 10:15";3.67;"A";73.15;"A";1011.8;"A";930;"A";35;"A";0;"A";39;"A";0;"A";63.58;"A";47.41;"A";33.02;"A"
"2025-12-23 10:30";3.68;"A";73.05;"A";1011.79;"A";543;"A";34;"A";0;"A";37;"A";0;"A";53.57;"A";41.47;"A";29.74;"A"
"2025-12-23 10:45";3.75;"A";72.5;"A";1011.78;"A";523;"A";34;"A";0;"A";37;"A";0;"A";47.83;"A";36.2;"A";25.8;"A"
"2025-12-23 11:00";3.83;"A";69.95;"A";1011.65;"A";334;"A";34;"A";0;"A";30;"A";3;"A";25.89;"A";20.46;"A";15.19;"A"
"2025-12-23 11:15";3.8;"A";69.77;"A";1011.69;"A";263;"A";34;"A";0;"A";26;"A";8;"A";32.28;"A";25.38;"A";19.06;"A"
"2025-12-23 11:30";3.84;"A";69.72;"A";1011.49;"A";291;"A";34;"A";0;"A";31;"A";3;"A";27.39;"A";22.16;"A";16.3;"A"
"2025-12-23 11:45";3.89;"A";68.67;"A";1011.41;"A";262;"A";34;"A";0;"A";26;"A";7;"A";27.5;"A";22.54;"A";16.41;"A"
"2025-12-23 12:00";3.98;"A";68;"A";1011.3;"A";354;"A";37;"A";0;"A";32;"A";5;"A";38.07;"A";29.71;"A";23.41;"A"
"2025-12-23 12:15";3.98;"A";67.24;"A";1011.13;"A";309;"A";34;"A";0;"A";28;"A";6;"A";26.83;"A";22.19;"A";15.97;"A"
"2025-12-23 12:30";4.02;"A";67.21;"A";1011.12;"A";268;"A";35;"A";0;"A";27;"A";7;"A";24.08;"A";19.19;"A";14.26;"A"
"2025-12-23 12:45";4.08;"A";67.07;"A";1011.07;"A";209;"A";34;"A";0;"A";29;"A";5;"A";19.89;"A";15.81;"A";11.86;"A"
"2025-12-23 13:00";4.15;"A";63.77;"A";1011.06;"A";282;"A";35;"A";0;"A";30;"A";5;"A";43.07;"A";34.76;"A";24.11;"A"
"2025-12-23 13:15";4.18;"A";62.63;"A";1011.07;"A";264;"A";37;"A";0;"A";29;"A";8;"A";20.76;"A";16.21;"A";12.14;"A"
"2025-12-23 13:30";4.13;"A";61.73;"A";1011.03;"A";165;"A";36;"A";0;"A";26;"A";10;"A";12.32;"A";8.82;"A";6.32;"A"
"2025-12-23 13:45";4.1;"A";62.3;"A";1011.05;"A";205;"A";37;"A";0;"A";29;"A";7;"A";22.85;"A";17.21;"A";12.48;"A"
"2025-12-23 14:00";4.04;"A";65.26;"A";1011.08;"A";288;"A";41;"A";0;"A";35;"A";6;"A";13.2;"A";8.99;"A";6.64;"A"
"2025-12-23 14:15";3.97;"A";68.8;"A";1011.18;"A";271;"A";35;"A";0;"A";31;"A";4;"A";18.88;"A";15.14;"A";11.48;"A"
"2025-12-23 14:30";3.86;"A";70.85;"A";1011.27;"A";265;"A";32;"A";0;"A";30;"A";2;"A";22.24;"A";18.03;"A";13.71;"A"
"2025-12-23 14:45";3.75;"A";73.55;"A";1011.42;"A";232;"A";31;"A";0;"A";26;"A";5;"A";24.45;"A";18.22;"A";13.42;"A"
"2025-12-23 15:00";3.61;"A";74.11;"A";1011.48;"A";265;"A";30;"A";0;"A";26;"A";4;"A";32.49;"A";24.91;"A";18.11;"A"
"2025-12-23 15:15";3.47;"A";75.06;"A";1011.5;"A";305;"A";31;"A";0;"A";29;"A";2;"A";48.91;"A";38.14;"A";27.2;"A"
"2025-12-23 15:30";3.43;"A";75.93;"A";1011.56;"A";226;"A";31;"A";0;"A";26;"A";5;"A";45.93;"A";36.95;"A";25.96;"A"
"2025-12-23 15:45";3.39;"A";76.7;"A";1011.54;"A";258;"A";30;"A";0;"A";24;"A";5;"A";26.97;"A";20.51;"A";14.64;"A"
"2025-12-23 16:00";3.38;"A";77.47;"A";1011.56;"A";268;"A";29;"A";0;"A";26;"A";3;"A";32.94;"A";25.28;"A";17.99;"A"
"2025-12-23 16:15";3.33;"A";77.63;"A";1011.7;"A";255;"A";29;"A";0;"A";25;"A";4;"A";56.23;"A";43.64;"A";30.15;"A"
"2025-12-23 16:30";3.3;"A";76.14;"A";1011.74;"A";246;"A";29;"A";0;"A";26;"A";3;"A";43.38;"A";34.3;"A";24.56;"A"
"2025-12-23 16:45";3.29;"A";75.52;"A";1011.75;"A";229;"A";30;"A";0;"A";27;"A";3;"A";24.05;"A";18.95;"A";13.86;"A"
"2025-12-23 17:00";3.23;"A";74.39;"A";1011.77;"A";215;"A";31;"A";0;"A";25;"A";6;"A";19.37;"A";15.31;"A";10.77;"A"
"2025-12-23 17:15";3.2;"A";74.1;"A";1011.81;"A";588;"A";32;"A";0;"A";28;"A";4;"A";18.85;"A";14.92;"A";10.84;"A"
"2025-12-23 17:30";3.17;"A";74.02;"A";1011.79;"A";256;"A";31;"A";0;"A";27;"A";4;"A";20.53;"A";15.96;"A";11.51;"A"
"2025-12-23 17:45";3.11;"A";74.4;"A";1011.83;"A";287;"A";32;"A";0;"A";29;"A";3;"A";21.22;"A";15.84;"A";11.24;"A"
"2025-12-23 18:00";3.05;"A";74.52;"A";1011.91;"A";221;"A";31;"A";0;"A";28;"A";4;"A";39.23;"A";32.33;"A";22.9;"A"
"2025-12-23 18:15";3.04;"A";74.86;"A";1012.14;"A";321;"A";36;"A";0;"A";36;"A";1;"A";32.87;"A";26;"A";18.64;"A"
"2025-12-23 18:30";2.94;"A";75.47;"A";1012.33;"A";268;"A";31;"A";0;"A";29;"A";2;"A";28.05;"A";20.31;"A";14.93;"A"
"2025-12-23 18:45";2.88;"A";75.73;"A";1012.46;"A";282;"A";31;"A";0;"A";30;"A";1;"A";41.3;"A";34.87;"A";25.12;"A"
"2025-12-23 19:00";2.81;"A";76.43;"A";1012.48;"A";264;"A";31;"A";0;"A";28;"A";3;"A";21.79;"A";16.88;"A";12.01;"A"
"2025-12-23 19:15";2.77;"A";77.36;"A";1012.56;"A";204;"A";31;"A";0;"A";26;"A";5;"A";21.34;"A";16.61;"A";11.82;"A"
"2025-12-23 19:30";2.67;"A";78.3;"A";1012.64;"A";214;"A";30;"A";0;"A";26;"A";4;"A";26.72;"A";21.59;"A";15.74;"A"
"2025-12-23 19:45";2.61;"A";78.47;"A";1012.75;"A";259;"A";32;"A";0;"A";30;"A";2;"A";32.35;"A";26.42;"A";18.74;"A"
"2025-12-23 20:00";2.52;"A";78.92;"A";1012.68;"A";289;"A";32;"A";0;"A";32;"A";1;"A";49.29;"A";40.27;"A";28.04;"A"
"2025-12-23 20:15";2.48;"A";77.3;"A";1012.69;"A";331;"A";31;"A";0;"A";32;"A";0;"A";28.47;"A";22.83;"A";16.86;"A"
"2025-12-23 20:30";2.41;"A";73.94;"A";1012.88;"A";251;"A";30;"A";0;"A";29;"A";2;"A";19.68;"A";15.83;"A";11.5;"A"
"2025-12-23 20:45";2.34;"A";72.13;"A";1012.9;"A";187;"A";32;"A";0;"A";27;"A";4;"A";12.13;"A";9.83;"A";7.39;"A"
"2025-12-23 21:00";2.24;"A";71.78;"A";1012.96;"A";171;"A";32;"A";0;"A";25;"A";7;"A";11.88;"A";9.38;"A";6.91;"A"
"2025-12-23 21:15";2.2;"A";72.02;"A";1013.08;"A";161;"A";31;"A";0;"A";26;"A";6;"A";11.87;"A";9.17;"A";6.88;"A"
"2025-12-23 21:30";2.11;"A";72.69;"A";1013.12;"A";188;"A";31;"A";0;"A";26;"A";5;"A";12.36;"A";9.52;"A";7.1;"A"
"2025-12-23 21:45";2.03;"A";72.88;"A";1013.17;"A";161;"A";31;"A";0;"A";23;"A";8;"A";12.91;"A";10.73;"A";7.58;"A"
"2025-12-23 22:00";2.01;"A";73.53;"A";1013.41;"A";137;"A";31;"A";0;"A";22;"A";8;"A";16.49;"A";13.21;"A";9.42;"A"
"2025-12-23 22:15";2;"A";72.71;"A";1013.64;"A";142;"A";31;"A";0;"A";22;"A";9;"A";17.9;"A";14.59;"A";10.9;"A"
"2025-12-23 22:30";2.01;"A";73.3;"A";1013.67;"A";114;"A";30;"A";0;"A";21;"A";9;"A";15.08;"A";11.68;"A";8.27;"A"
"2025-12-23 22:45";2.02;"A";73.44;"A";1013.74;"A";123;"A";30;"A";0;"A";21;"A";9;"A";14.64;"A";11.83;"A";8.65;"A"
"2025-12-23 23:00";2.03;"A";74.34;"A";1013.65;"A";127;"A";30;"A";0;"A";21;"A";8;"A";21.82;"A";16.68;"A";12.18;"A"
"2025-12-23 23:15";2.03;"A";73.58;"A";1013.71;"A";118;"A";29;"A";0;"A";21;"A";8;"A";16.25;"A";12.9;"A";9.78;"A"
"2025-12-23 23:30";2.02;"A";73.87;"A";1013.78;"A";117;"A";30;"A";0;"A";22;"A";8;"A";12.81;"A";10.72;"A";7.85;"A"
"2025-12-23 23:45";2.02;"A";73.71;"A";1013.81;"A";112;"A";29;"A";0;"A";21;"A";8;"A";13.85;"A";11.89;"A";8.2;"A"
"2025-12-24 00:00";2;"A";73.49;"A";1013.84;"A";109;"A";29;"A";0;"A";21;"A";8;"A";13.35;"A";11.53;"A";8.28;"A"
"2025-12-24 00:15";1.95;"A";71.55;"A";1013.81;"A";94;"A";30;"A";0;"A";22;"A";8;"A";12.62;"A";10.31;"A";7.27;"A"
"2025-12-24 00:30";1.93;"A";71.53;"A";1013.96;"A";88;"A";31;"A";0;"A";23;"A";8;"A";10.98;"A";8.73;"A";6.82;"A"
"2025-12-24 00:45";1.92;"A";71.46;"A";1014.04;"A";83;"A";30;"A";0;"A";21;"A";9;"A";10.25;"A";8.81;"A";6.72;"A"
"2025-12-24 01:00";1.91;"A";71.62;"A";1014.21;"A";86;"A";30;"A";0;"A";21;"A";9;"A";11.45;"A";9.5;"A";7.26;"A"
"2025-12-24 01:15";1.85;"A";75.27;"A";1014.42;"A";102;"A";28;"A";0;"A";21;"A";7;"A";17.84;"A";14.57;"A";10.23;"A"
"2025-12-24 01:30";1.79;"A";76.8;"A";1014.51;"A";98;"A";27;"A";0;"A";19;"A";8;"A";19.56;"A";15.55;"A";11.1;"A"
"2025-12-24 01:45";1.72;"A";77.06;"A";1014.63;"A";88;"A";26;"A";0;"A";18;"A";8;"A";16.97;"A";13.48;"A";9.84;"A"
"2025-12-24 02:00";1.68;"A";76.93;"A";1014.7;"A";88;"A";26;"A";0;"A";19;"A";7;"A";15.03;"A";12.34;"A";9.28;"A"
"2025-12-24 02:15";1.66;"A";76.48;"A";1014.82;"A";81;"A";27;"A";0;"A";19;"A";8;"A";15.32;"A";12.36;"A";8.75;"A"
"2025-12-24 02:30";1.67;"A";76.11;"A";1014.93;"A";86;"A";27;"A";0;"A";19;"A";8;"A";21.07;"A";17.1;"A";12.3;"A"
"2025-12-24 02:45";1.61;"A";76.6;"A";1015.02;"A";81;"A";27;"A";0;"A";19;"A";8;"A";16.57;"A";12.88;"A";9.11;"A"
"2025-12-24 03:00";1.58;"A";76.24;"A";1015.18;"A";79;"A";27;"A";0;"A";19;"A";8;"A";21.67;"A";17.65;"A";12.59;"A"
"2025-12-24 03:15";1.54;"A";76.03;"A";1015.36;"A";66;"A";27;"A";0;"A";18;"A";9;"A";19.91;"A";16.38;"A";12.13;"A"
"2025-12-24 03:30";1.53;"A";75.99;"A";1015.41;"A";64;"A";27;"A";0;"A";18;"A";9;"A";16.03;"A";13.7;"A";9.79;"A"
"2025-12-24 03:45";1.5;"A";76.08;"A";1015.44;"A";68;"A";27;"A";0;"A";19;"A";8;"A";16.99;"A";13.63;"A";9.69;"A"
"2025-12-24 04:00";1.43;"A";76.89;"A";1015.46;"A";69;"A";27;"A";0;"A";21;"A";7;"A";14.54;"A";12.08;"A";8.33;"A"
"2025-12-24 04:15";1.4;"A";77.84;"A";1015.52;"A";69;"A";26;"A";0;"A";20;"A";6;"A";18.6;"A";14.02;"A";9.72;"A"
"2025-12-24 04:30";1.4;"A";79;"A";1015.67;"A";80;"A";26;"A";0;"A";22;"A";4;"A";28.67;"A";23.12;"A";16.73;"A"
"2025-12-24 04:45";1.38;"A";79.15;"A";1015.7;"A";74;"A";26;"A";0;"A";22;"A";3;"A";20.74;"A";16.37;"A";11.76;"A"
"2025-12-24 05:00";1.32;"A";78.68;"A";1015.79;"A";75;"A";25;"A";0;"A";20;"A";5;"A";19.02;"A";16.23;"A";11.59;"A"
"2025-12-24 05:15";1.29;"A";77.75;"A";1015.74;"A";70;"A";26;"A";0;"A";18;"A";7;"A";15.25;"A";12.21;"A";8.6;"A"
"2025-12-24 05:30";1.28;"A";77.12;"A";1015.73;"A";77;"A";26;"A";0;"A";18;"A";7;"A";12.43;"A";10.12;"A";7.31;"A"
"2025-12-24 05:45";1.31;"A";75.57;"A";1015.93;"A";73;"A";26;"A";0;"A";20;"A";7;"A";10.09;"A";7.9;"A";5.77;"A"
"2025-12-24 06:00";1.29;"A";75.7;"A";1016.09;"A";64;"A";27;"A";0;"A";21;"A";6;"A";10.49;"A";8.51;"A";5.92;"A"
"2025-12-24 06:15";1.25;"A";75.31;"A";1016.14;"A";67;"A";27;"A";0;"A";21;"A";6;"A";12.59;"A";8.97;"A";6.5;"A"
"2025-12-24 06:30";1.24;"A";74.71;"A";1016.3;"A";71;"A";27;"A";0;"A";21;"A";7;"A";11.05;"A";8.61;"A";5.86;"A"
"2025-12-24 06:45";1.18;"A";76.62;"A";1016.51;"A";80;"A";27;"A";0;"A";20;"A";7;"A";10.52;"A";7.97;"A";5.8;"A"
"2025-12-24 07:00";1.12;"A";78.39;"A";1016.83;"A";73;"A";26;"A";0;"A";19;"A";7;"A";11.84;"A";9.96;"A";6.86;"A"
"2025-12-24 07:15";1.04;"A";79.66;"A";1016.99;"A";71;"A";25;"A";0;"A";18;"A";7;"A";12.06;"A";9.72;"A";6.7;"A"
"2025-12-24 07:30";0.95;"A";79.91;"A";1017.27;"A";82;"A";24;"A";0;"A";18;"A";7;"A";14.69;"A";12.55;"A";8.76;"A"
"2025-12-24 07:45";0.82;"A";80.12;"A";1017.49;"A";108;"A";24;"A";0;"A";19;"A";5;"A";8.53;"A";6.56;"A";4.88;"A"
"2025-12-24 08:00";0.69;"A";80.4;"A";1017.62;"A";157;"A";25;"A";0;"A";21;"A";4;"A";13.13;"A";10.36;"A";7.97;"A"
"2025-12-24 08:15";0.55;"A";82.41;"A";1017.96;"A";233;"A";25;"A";0;"A";22;"A";3;"A";30.17;"A";21.85;"A";20.63;"A"
"2025-12-24 08:30";0.5;"A";81.79;"A";1018.22;"A";304;"A";25;"A";0;"A";24;"A";2;"A";21.75;"A";15.69;"A";14.74;"A"
"2025-12-24 08:45";0.4;"A";82.28;"A";1018.33;"A";283;"A";26;"A";0;"A";25;"A";2;"A";36.17;"A";26.25;"A";24.83;"A"
"2025-12-24 09:00";0.33;"A";81.41;"A";1018.51;"A";220;"A";25;"A";0;"A";22;"A";2;"A";21.37;"A";16.1;"A";13.82;"A"
"2025-12-24 09:15";0.24;"A";81.29;"A";1018.62;"A";214;"A";25;"A";0;"A";23;"A";2;"A";14.99;"A";11.12;"A";9.73;"A"
"2025-12-24 09:30";0.23;"A";80.06;"A";1018.83;"A";317;"A";33;"A";0;"A";34;"A";1;"A";30.84;"A";23.63;"A";18.48;"A"
"2025-12-24 09:45";0.15;"A";78.44;"A";1019.03;"A";348;"A";27;"A";0;"A";26;"A";2;"A";45.62;"A";35.69;"A";25.67;"A"
"2025-12-24 10:00";-0.11;"A";77.41;"A";1019.28;"A";478;"A";28;"A";0;"A";28;"A";1;"A";58.08;"A";47.52;"A";33.2;"A"
"2025-12-24 10:15";-0.24;"A";77.27;"A";1019.52;"A";301;"A";26;"A";0;"A";24;"A";3;"A";28.76;"A";24.55;"A";17.67;"A"
"2025-12-24 10:30";-0.23;"A";77.26;"A";1019.67;"A";337;"A";26;"A";0;"A";22;"A";4;"A";27.71;"A";21.88;"A";15.99;"A"
"2025-12-24 10:45";-0.14;"A";77.41;"A";1019.72;"A";438;"A";25;"A";0;"A";23;"A";3;"A";57.35;"A";47.94;"A";34.69;"A"
"2025-12-24 11:00";-0.16;"A";76.77;"A";1019.81;"A";546;"A";25;"A";1;"A";22;"A";3;"A";34.27;"A";29.39;"A";22.09;"A"
"2025-12-24 11:15";-0.16;"A";77.29;"A";1019.99;"A";470;"A";25;"A";1;"A";23;"A";2;"A";27.06;"A";21.83;"A";16.54;"A"
"2025-12-24 11:30";-0.36;"A";76.76;"A";1020.06;"A";358;"A";25;"A";1;"A";22;"A";3;"A";17.72;"A";13.72;"A";9.71;"A"
"2025-12-24 11:45";-0.5;"A";75.8;"A";1020.17;"A";296;"A";25;"A";1;"A";21;"A";4;"A";28.76;"A";24.89;"A";18.25;"A"
"2025-12-24 12:00";-0.5;"A";76.21;"A";1020.33;"A";283;"A";26;"A";0;"A";22;"A";4;"A";17.86;"A";13.88;"A";10.18;"A"
"2025-12-24 12:15";-0.55;"A";75.5;"A";1020.38;"A";245;"A";25;"A";0;"A";19;"A";6;"A";17.85;"A";13.78;"A";10.04;"A"
"2025-12-24 12:30";-0.62;"A";75.67;"A";1020.54;"A";297;"A";27;"A";0;"A";23;"A";4;"A";20.91;"A";16.3;"A";12.05;"A"
"2025-12-24 12:45";-0.58;"A";75.34;"A";1020.69;"A";264;"A";27;"A";0;"A";24;"A";3;"A";28.52;"A";23.21;"A";16.88;"A"
"2025-12-24 13:00";-0.72;"A";75.06;"A";1020.8;"A";330;"A";25;"A";0;"A";20;"A";5;"A";24.12;"A";19.49;"A";14.52;"A"
"2025-12-24 13:15";-0.68;"A";75.03;"A";1020.86;"A";253;"A";26;"A";0;"A";21;"A";6;"A";18.59;"A";14.58;"A";10.85;"A"
"2025-12-24 13:30";-0.76;"A";75.03;"A";1020.97;"A";224;"A";26;"A";0;"A";19;"A";6;"A";34.48;"A";28.27;"A";19.66;"A"
"2025-12-24 13:45";-0.81;"A";74.74;"A";1021.08;"A";231;"A";26;"A";0;"A";20;"A";6;"A";22.27;"A";17.63;"A";12.68;"A"
"2025-12-24 14:00";-0.92;"A";74.45;"A";1021.33;"A";222;"A";27;"A";0;"A";22;"A";5;"A";22.42;"A";17.88;"A";13.12;"A"
"2025-12-24 14:15";-0.92;"A";73.62;"A";1021.6;"A";237;"A";26;"A";0;"A";20;"A";6;"A";28.64;"A";23.23;"A";17.21;"A"
"2025-12-24 14:30";-0.95;"A";72.36;"A";1021.8;"A";227;"A";26;"A";0;"A";21;"A";6;"A";27.66;"A";22.54;"A";16.14;"A"
"2025-12-24 14:45";-1.12;"A";73.18;"A";1021.96;"A";223;"A";27;"A";0;"A";21;"A";5;"A";26.36;"A";22.38;"A";16.55;"A"
"2025-12-24 15:00";-1.16;"A";73.86;"A";1022.04;"A";279;"A";26;"A";0;"A";22;"A";5;"A";25.55;"A";20.59;"A";15.3;"A"
"2025-12-24 15:15";-1.25;"A";72.39;"A";1022.21;"A";244;"A";27;"A";0;"A";22;"A";5;"A";32.25;"A";26.26;"A";18.99;"A"
"2025-12-24 15:30";-1.55;"A";70.67;"A";1022.44;"A";190;"A";27;"A";0;"A";21;"A";6;"A";22.44;"A";18.21;"A";13.35;"A"
"2025-12-24 15:45";-1.67;"A";71.67;"A";1022.64;"A";198;"A";28;"A";0;"A";22;"A";5;"A";35.47;"A";28.94;"A";20.86;"A"
"2025-12-24 16:00";-1.63;"A";72.7;"A";1022.8;"A";218;"A";28;"A";0;"A";24;"A";4;"A";57.21;"A";44.05;"A";31.18;"A"
"2025-12-24 16:15";-1.83;"A";71.63;"A";1022.89;"A";232;"A";28;"A";0;"A";25;"A";3;"A";18.77;"A";15.46;"A";11.54;"A"
"2025-12-24 16:30";-1.96;"A";71.93;"A";1022.97;"A";287;"A";30;"A";0;"A";29;"A";1;"A";19.06;"A";15.04;"A";10.83;"A"
"2025-12-24 16:45";-2.05;"A";69.42;"A";1023.23;"A";313;"A";30;"A";0;"A";29;"A";2;"A";13.93;"A";10.99;"A";8.48;"A"
"2025-12-24 17:00";-2.32;"A";68.85;"A";1023.37;"A";265;"A";32;"A";0;"A";30;"A";2;"A";10.8;"A";8.24;"A";6.06;"A"
"2025-12-24 17:15";-2.5;"A";69.14;"A";1023.44;"A";240;"A";32;"A";0;"A";30;"A";2;"A";14.46;"A";10.5;"A";7.4;"A"
"2025-12-24 17:30";-2.63;"A";69.99;"A";1023.61;"A";221;"A";33;"A";0;"A";33;"A";1;"A";18.26;"A";12.91;"A";9.46;"A"
"2025-12-24 17:45";-2.78;"A";70.52;"A";1023.76;"A";241;"A";32;"A";0;"A";32;"A";1;"A";18.82;"A";14.09;"A";10.15;"A"
"2025-12-24 18:00";-2.93;"A";70.17;"A";1024.05;"A";237;"A";32;"A";0;"A";32;"A";1;"A";18.18;"A";14.64;"A";10.81;"A"
"2025-12-24 18:15";-3.13;"A";70.3;"A";1024.23;"A";227;"A";31;"A";0;"A";29;"A";2;"A";18.25;"A";14.73;"A";10.91;"A"
"2025-12-24 18:30";-3.57;"A";70.96;"A";1024.31;"A";163;"A";31;"A";0;"A";28;"A";3;"A";19.68;"A";15.79;"A";11.4;"A"
"2025-12-24 18:45";-3.87;"A";71.36;"A";1024.45;"A";161;"A";31;"A";0;"A";29;"A";2;"A";24.53;"A";19.39;"A";14.65;"A"
"2025-12-24 19:00";-4.02;"A";70.86;"A";1024.67;"A";139;"A";30;"A";0;"A";27;"A";3;"A";25.44;"A";19.73;"A";14.02;"A"
"2025-12-24 19:15";-4.22;"A";70.14;"A";1024.81;"A";130;"A";30;"A";0;"A";26;"A";4;"A";14.19;"A";11.29;"A";8.22;"A"
"2025-12-24 19:30";-4.24;"A";69.39;"A";1025.07;"A";108;"A";30;"A";0;"A";25;"A";5;"A";14.99;"A";11.17;"A";7.85;"A"
"2025-12-24 19:45";-4.31;"A";69.4;"A";1025.17;"A";92;"A";30;"A";0;"A";25;"A";5;"A";14.94;"A";11.14;"A";8.23;"A"
"2025-12-24 20:00";-4.4;"A";69.3;"A";1025.2;"A";99;"A";30;"A";0;"A";27;"A";4;"A";14.85;"A";11.98;"A";9.12;"A"
"2025-12-24 20:15";-4.44;"A";69.34;"A";1025.48;"A";102;"A";31;"A";0;"A";27;"A";4;"A";18.21;"A";14.18;"A";10.8;"A"
"2025-12-24 20:30";-4.43;"A";68.3;"A";1025.59;"A";99;"A";30;"A";0;"A";26;"A";4;"A";19.44;"A";15.76;"A";11.98;"A"
"2025-12-24 20:45";-4.47;"A";68.46;"A";1025.8;"A";109;"A";31;"A";0;"A";27;"A";4;"A";25.84;"A";21.09;"A";15.39;"A"
"2025-12-24 21:00";-4.61;"A";68.64;"A";1025.94;"A";93;"A";31;"A";0;"A";26;"A";4;"A";16.22;"A";12.73;"A";9.36;"A"
"2025-12-24 21:15";-4.69;"A";69.31;"A";1026.1;"A";87;"A";31;"A";0;"A";27;"A";4;"A";15.46;"A";12.31;"A";9.04;"A"
"2025-12-24 21:30";-4.76;"A";69.13;"A";1026.27;"A";87;"A";31;"A";0;"A";26;"A";5;"A";16.84;"A";13.33;"A";10.02;"A"
"2025-12-24 21:45";-5.08;"A";68.94;"A";1026.54;"A";66;"A";31;"A";0;"A";27;"A";4;"A";14.65;"A";11.7;"A";8.17;"A"
"2025-12-24 22:00";-5.32;"A";69.6;"A";1026.65;"A";67;"A";31;"A";0;"A";27;"A";4;"A";11.5;"A";9.66;"A";7.18;"A"
"2025-12-24 22:15";-5.4;"A";70.02;"A";1026.78;"A";71;"A";31;"A";0;"A";27;"A";4;"A";12.27;"A";9.94;"A";7.17;"A"
"2025-12-24 22:30";-5.52;"A";70.68;"A";1026.93;"A";72;"A";31;"A";0;"A";26;"A";5;"A";34.39;"A";27.24;"A";18.94;"A"
"2025-12-24 22:45";-5.7;"A";70.89;"A";1027.02;"A";105;"A";30;"A";0;"A";26;"A";5;"A";24.83;"A";20.21;"A";14.77;"A"
"2025-12-24 23:00";-5.88;"A";71.17;"A";1027.17;"A";60;"A";31;"A";0;"A";26;"A";4;"A";11.5;"A";8.98;"A";6.8;"A"
"2025-12-24 23:15";-6.03;"A";71.55;"A";1027.2;"A";50;"A";31;"A";0;"A";26;"A";5;"A";12.18;"A";9.23;"A";6.8;"A"
"2025-12-24 23:30";-6.13;"A";71.86;"A";1027.34;"A";45;"A";30;"A";0;"A";26;"A";4;"A";11.99;"A";9.5;"A";6.95;"A"
"2025-12-24 23:45";-6.36;"A";72;"A";1027.43;"A";41;"A";31;"A";0;"A";26;"A";5;"A";11.65;"A";9.03;"A";6.59;"A"
"2025-12-25 00:00";-6.37;"A";72.35;"A";1027.39;"A";42;"A";30;"A";0;"A";26;"A";5;"A";16.37;"A";13.26;"A";9.69;"A"
"2025-12-25 00:15";-6.51;"A";72.96;"A";1027.38;"A";50;"A";30;"A";0;"A";25;"A";5;"A";22.34;"A";19.01;"A";13.63;"A"
"2025-12-25 00:30";-6.64;"A";73.21;"A";1027.47;"A";47;"A";30;"A";0;"A";27;"A";3;"A";11.79;"A";9.39;"A";6.77;"A"
"2025-12-25 00:45";-6.78;"A";73.77;"A";1027.41;"A";43;"A";31;"A";0;"A";28;"A";3;"A";14.55;"A";11.84;"A";8.61;"A"
"2025-12-25 01:00";-6.89;"A";73.81;"A";1027.28;"A";36;"A";30;"A";0;"A";25;"A";5;"A";11.06;"A";9.22;"A";6.55;"A"
"2025-12-25 01:15";-6.95;"A";73.79;"A";1027.32;"A";37;"A";30;"A";0;"A";26;"A";4;"A";11.26;"A";8.99;"A";6.67;"A"
"2025-12-25 01:30";-7.1;"A";74.25;"A";1027.26;"A";57;"A";30;"A";0;"A";26;"A";3;"A";13.04;"A";10.27;"A";7.52;"A"
"2025-12-25 01:45";-7.13;"A";74.31;"A";1027.38;"A";44;"A";30;"A";0;"A";27;"A";3;"A";11.21;"A";9.46;"A";7.04;"A"
"2025-12-25 02:00";-7.03;"A";75.74;"A";1027.54;"A";36;"A";29;"A";0;"A";26;"A";4;"A";15.37;"A";12.47;"A";9.49;"A"
"2025-12-25 02:15";-7;"A";76.13;"A";1027.62;"A";35;"A";29;"A";0;"A";25;"A";4;"A";17.27;"A";14.35;"A";10.69;"A"
"2025-12-25 02:30";-6.96;"A";75.43;"A";1027.71;"A";38;"A";28;"A";0;"A";25;"A";4;"A";17.14;"A";14.23;"A";10.47;"A"
"2025-12-25 02:45";-7.1;"A";74.81;"A";1027.74;"A";36;"A";29;"A";0;"A";25;"A";3;"A";16.63;"A";13.67;"A";10.21;"A"
"2025-12-25 03:00";-7.06;"A";74.79;"A";1027.78;"A";37;"A";29;"A";0;"A";26;"A";3;"A";17.06;"A";13.79;"A";10.42;"A"
"2025-12-25 03:15";-7.22;"A";74.54;"A";1027.74;"A";33;"A";29;"A";0;"A";26;"A";3;"A";15.69;"A";13.3;"A";9.78;"A"
"2025-12-25 03:30";-7.39;"A";74.75;"A";1027.93;"A";30;"A";29;"A";0;"A";26;"A";3;"A";16.88;"A";13.86;"A";10.49;"A"
"2025-12-25 03:45";-7.61;"A";75.05;"A";1027.83;"A";31;"A";28;"A";0;"A";26;"A";3;"A";18.61;"A";15.19;"A";11.13;"A"
"2025-12-25 04:00";-7.78;"A";76.15;"A";1027.84;"A";31;"A";28;"A";0;"A";26;"A";3;"A";19.23;"A";15.58;"A";11.62;"A"
"2025-12-25 04:15";-7.75;"A";77.31;"A";1027.92;"A";37;"A";28;"A";0;"A";27;"A";2;"A";20.73;"A";17.15;"A";12.21;"A"
"2025-12-25 04:30";-7.74;"A";77.16;"A";1027.7;"A";28;"A";28;"A";0;"A";26;"A";2;"A";19.58;"A";15.97;"A";11.38;"A"
"2025-12-25 04:45";-7.77;"A";77.46;"A";1027.74;"A";31;"A";28;"A";0;"A";28;"A";1;"A";18.98;"A";16.02;"A";11.27;"A"
"2025-12-25 05:00";-8;"A";76.9;"A";1027.79;"A";26;"A";27;"A";0;"A";25;"A";2;"A";17.99;"A";14.39;"A";10.48;"A"
"2025-12-25 05:15";-8.08;"A";77.72;"A";1027.77;"A";24;"A";28;"A";0;"A";26;"A";2;"A";18.16;"A";14.52;"A";10.81;"A"
"2025-12-25 05:30";-8.22;"A";78.37;"A";1027.83;"A";26;"A";27;"A";0;"A";25;"A";2;"A";19.15;"A";15.64;"A";11.24;"A"
"2025-12-25 05:45";-8.18;"A";78.46;"A";1027.84;"A";25;"A";27;"A";0;"A";25;"A";2;"A";18.84;"A";14.72;"A";10.42;"A"
"2025-12-25 06:00";-8.18;"A";78.87;"A";1027.69;"A";26;"A";27;"A";0;"A";24;"A";3;"A";18.85;"A";14.61;"A";10.54;"A"
"2025-12-25 06:15";-8.33;"A";78.8;"A";1027.62;"A";24;"A";27;"A";0;"A";25;"A";2;"A";16.7;"A";13.85;"A";10.04;"A"
"2025-12-25 06:30";-8.42;"A";78.78;"A";1027.58;"A";27;"A";27;"A";0;"A";25;"A";3;"A";16.75;"A";13.83;"A";9.97;"A"
"2025-12-25 06:45";-8.43;"A";79.23;"A";1027.55;"A";29;"A";27;"A";0;"A";24;"A";3;"A";18.2;"A";15.24;"A";10.92;"A"
"2025-12-25 07:00";-8.26;"A";79.27;"A";1027.57;"A";31;"A";27;"A";0;"A";24;"A";3;"A";22.13;"A";16.09;"A";11.87;"A"
"2025-12-25 07:15";-8.23;"A";78.97;"A";1027.66;"A";46;"A";27;"A";0;"A";24;"A";2;"A";18.72;"A";15.51;"A";11.38;"A"
"2025-12-25 07:30";-8.27;"A";79.15;"A";1027.68;"A";46;"A";27;"A";0;"A";25;"A";2;"A";20.81;"A";17.3;"A";12.55;"A"
"2025-12-25 07:45";-8.23;"A";79.52;"A";1027.77;"A";54;"A";27;"A";0;"A";25;"A";1;"A";21.81;"A";17.6;"A";12.7;"A"
"2025-12-25 08:00";-8.25;"A";79.75;"A";1027.74;"A";104;"A";28;"A";0;"A";31;"A";0;"A";24.39;"A";19.47;"A";14.23;"A"
"2025-12-25 08:15";-8.15;"A";78.53;"A";1027.77;"A";77;"A";30;"A";0;"A";31;"A";0;"A";17.07;"A";13.13;"A";9.62;"A"
"2025-12-25 08:30";-8.07;"A";78.47;"A";1027.92;"A";114;"A";29;"A";0;"A";29;"A";1;"A";35.3;"A";28.95;"A";22.29;"A"
"2025-12-25 08:45";-7.87;"A";78.2;"A";1028.21;"A";112;"A";28;"A";0;"A";28;"A";1;"A";27.92;"A";23.3;"A";17.38;"A"
"2025-12-25 09:00";-7.65;"A";77.66;"A";1028.11;"A";119;"A";29;"A";0;"A";31;"A";0;"A";39.45;"A";30.54;"A";22.23;"A"
"2025-12-25 09:15";-7.46;"A";76.97;"A";1028.32;"A";155;"A";28;"A";0;"A";31;"A";0;"A";60.21;"A";44.81;"A";29.92;"A"
"2025-12-25 09:30";-7.37;"A";76.25;"A";1028.27;"A";182;"A";30;"A";0;"A";32;"A";0;"A";28.62;"A";20.77;"A";14.98;"A"
"2025-12-25 09:45";-7.12;"A";76;"A";1028.03;"A";95;"A";29;"A";0;"A";30;"A";0;"A";27.36;"A";20.58;"A";14.79;"A"
"2025-12-25 10:00";-6.75;"A";75.39;"A";1027.98;"A";92;"A";29;"A";0;"A";29;"A";0;"A";23;"A";18.26;"A";13.21;"A"
"2025-12-25 10:15";-6.4;"A";74.52;"A";1027.93;"A";76;"A";29;"A";0;"A";29;"A";1;"A";25.04;"A";18.66;"A";13.61;"A"
"2025-12-25 10:30";-6;"A";73.21;"A";1027.74;"A";86;"A";29;"A";0;"A";28;"A";1;"A";23.76;"A";17.75;"A";12.47;"A"
"2025-12-25 10:45";-5.53;"A";71.77;"A";1027.24;"A";137;"A";32;"A";0;"A";33;"A";0;"A";23.18;"A";17.95;"A";12.76;"A"
"2025-12-25 11:00";-4.98;"A";69.6;"A";1027.06;"A";82;"A";29;"A";0;"A";25;"A";4;"A";15.08;"A";11.96;"A";8.62;"A"
"2025-12-25 11:15";-4.4;"A";66.4;"A";1026.74;"A";106;"A";30;"A";0;"A";26;"A";4;"A";16.98;"A";13.24;"A";9.83;"A"
"2025-12-25 11:30";-4.12;"A";65.77;"A";1026.19;"A";123;"A";32;"A";0;"A";28;"A";4;"A";14.75;"A";11.21;"A";8.35;"A"
"2025-12-25 11:45";-4.04;"A";65.69;"A";1025.75;"A";79;"A";31;"A";0;"A";28;"A";4;"A";15.34;"A";12.08;"A";9.03;"A"
"2025-12-25 12:00";-3.71;"A";65.93;"A";1025.63;"A";71;"A";31;"A";0;"A";27;"A";4;"A";15.49;"A";12.42;"A";8.89;"A"
"2025-12-25 12:15";-3.11;"A";63.74;"A";1025.34;"A";128;"A";31;"A";0;"A";26;"A";5;"A";20.14;"A";16.36;"A";11.77;"A"
"2025-12-25 12:30";-2.47;"A";60.27;"A";1025.14;"A";78;"A";31;"A";0;"A";25;"A";6;"A";19.83;"A";15.81;"A";11.21;"A"
"2025-12-25 12:45";-2.26;"A";57.21;"A";1024.73;"A";86;"A";33;"A";0;"A";28;"A";5;"A";13.74;"A";10.9;"A";8.19;"A"
"2025-12-25 13:00";-2.04;"A";54.79;"A";1024.52;"A";117;"A";33;"A";0;"A";27;"A";6;"A";18.41;"A";13.93;"A";10.16;"A"
"2025-12-25 13:15";-2.04;"A";54.13;"A";1024.39;"A";154;"A";33;"A";0;"A";28;"A";6;"A";24.03;"A";19.6;"A";14.25;"A"
"2025-12-25 13:30";-2.07;"A";55;"A";1024.26;"A";134;"A";36;"A";0;"A";32;"A";4;"A";18.81;"A";12.56;"A";8.92;"A"
"2025-12-25 13:45";-2.12;"A";55.75;"A";1024.08;"A";122;"A";33;"A";0;"A";28;"A";5;"A";17.01;"A";11.98;"A";8.16;"A"
"2025-12-25 14:00";-2.12;"A";55.98;"A";1023.96;"A";145;"A";36;"A";0;"A";34;"A";3;"A";15.12;"A";11.42;"A";8.22;"A"
"2025-12-25 14:15";-2.08;"A";56.16;"A";1023.83;"A";132;"A";32;"A";0;"A";27;"A";6;"A";12.61;"A";9.87;"A";7.07;"A"
"2025-12-25 14:30";-1.94;"A";54.98;"A";1023.8;"A";122;"A";32;"A";0;"A";27;"A";5;"A";12.19;"A";9.49;"A";6.77;"A"
"2025-12-25 14:45";-1.98;"A";55.08;"A";1023.77;"A";115;"A";33;"A";0;"A";28;"A";5;"A";19.5;"A";15.91;"A";11.58;"A"
"2025-12-25 15:00";-2.18;"A";56.19;"A";1023.74;"A";160;"A";33;"A";0;"A";31;"A";2;"A";25.64;"A";20.74;"A";15.4;"A"
"2025-12-25 15:15";-2.62;"A";57.42;"A";1023.74;"A";118;"A";33;"A";0;"A";30;"A";3;"A";17.48;"A";13.57;"A";9.92;"A"
"2025-12-25 15:30";-2.95;"A";58.9;"A";1023.61;"A";141;"A";32;"A";0;"A";31;"A";2;"A";17.3;"A";13.54;"A";9.7;"A"
"2025-12-25 15:45";-3.17;"A";60.75;"A";1023.49;"A";154;"A";32;"A";0;"A";30;"A";1;"A";25.82;"A";21.04;"A";15.51;"A"
"2025-12-25 16:00";-3.45;"A";62.58;"A";1023.45;"A";199;"A";31;"A";0;"A";32;"A";0;"A";23.09;"A";17.7;"A";12.57;"A"
"2025-12-25 16:15";-3.72;"A";64.54;"A";1023.27;"A";191;"A";31;"A";0;"A";32;"A";0;"A";28.73;"A";23.16;"A";16.66;"A"
"2025-12-25 16:30";-3.86;"A";65.79;"A";1023.08;"A";167;"A";30;"A";0;"A";31;"A";0;"A";24.11;"A";18.68;"A";13.05;"A"
"2025-12-25 16:45";-4.01;"A";66.97;"A";1022.85;"A";206;"A";29;"A";0;"A";32;"A";0;"A";50.37;"A";42.12;"A";29.9;"A"
"2025-12-25 17:00";-4.28;"A";69.18;"A";1022.87;"A";243;"A";30;"A";0;"A";34;"A";0;"A";33.83;"A";26.21;"A";19.07;"A"
"2025-12-25 17:15";-4.38;"A";70.2;"A";1022.65;"A";244;"A";29;"A";0;"A";34;"A";0;"A";30.18;"A";23.25;"A";16.59;"A"
"2025-12-25 17:30";-4.58;"A";71.51;"A";1022.52;"A";242;"A";28;"A";0;"A";31;"A";0;"A";39.58;"A";30.99;"A";22.63;"A"
"2025-12-25 17:45";-4.67;"A";72.67;"A";1022.35;"A";314;"A";28;"A";0;"A";30;"A";0;"A";41.09;"A";33.95;"A";24.17;"A"
"2025-12-25 18:00";-4.6;"A";73.49;"A";1022.39;"A";224;"A";27;"A";0;"A";28;"A";0;"A";35.02;"A";28.11;"A";20.78;"A"
"2025-12-25 18:15";-4.54;"A";73.97;"A";1022.32;"A";172;"A";28;"A";0;"A";27;"A";1;"A";31.19;"A";25.09;"A";18.05;"A"
"2025-12-25 18:30";-4.4;"A";73.93;"A";1022.21;"A";129;"A";29;"A";0;"A";28;"A";1;"A";21.25;"A";17.34;"A";12.74;"A"
"2025-12-25 18:45";-4.29;"A";73.42;"A";1022.05;"A";106;"A";30;"A";0;"A";29;"A";2;"A";22.39;"A";16.65;"A";12.31;"A"
"2025-12-25 19:00";-4.25;"A";72.83;"A";1021.88;"A";77;"A";31;"A";0;"A";28;"A";3;"A";26;"A";21.06;"A";15;"A"
"2025-12-25 19:15";-4.22;"A";72.48;"A";1021.62;"A";74;"A";30;"A";0;"A";27;"A";3;"A";25.02;"A";19.9;"A";14.62;"A"
"2025-12-25 19:30";-4.18;"A";72.03;"A";1021.41;"A";66;"A";31;"A";0;"A";28;"A";3;"A";25.14;"A";20.33;"A";14.49;"A"
"2025-12-25 19:45";-4.15;"A";72.6;"A";1021.22;"A";94;"A";32;"A";0;"A";29;"A";3;"A";26.07;"A";20.34;"A";15.1;"A"
"2025-12-25 20:00";-4.14;"A";73.3;"A";1020.86;"A";93;"A";32;"A";0;"A";30;"A";2;"A";24.53;"A";19.04;"A";13.9;"A"
"2025-12-25 20:15";-4;"A";73.99;"A";1020.52;"A";107;"A";31;"A";0;"A";29;"A";2;"A";26.84;"A";20.88;"A";15.58;"A"
"2025-12-25 20:30";-3.82;"A";73.68;"A";1020.05;"A";111;"A";31;"A";0;"A";28;"A";3;"A";28.55;"A";23.17;"A";17.08;"A"
"2025-12-25 20:45";-3.65;"A";73.93;"A";1019.76;"A";93;"A";32;"A";0;"A";29;"A";3;"A";27.34;"A";22.28;"A";15.82;"A"
"2025-12-25 21:00";-3.47;"A";74.49;"A";1019.5;"A";92;"A";33;"A";0;"A";30;"A";3;"A";19.14;"A";15.73;"A";11.97;"A"
"2025-12-25 21:15";-3.3;"A";74.69;"A";1019.39;"A";86;"A";33;"A";0;"A";29;"A";4;"A";15.39;"A";12.68;"A";9.5;"A"
"2025-12-25 21:30";-3.18;"A";75.09;"A";1019.13;"A";82;"A";34;"A";0;"A";29;"A";4;"A";14.13;"A";11.31;"A";8.38;"A"
"2025-12-25 21:45";-3.07;"A";75.23;"A";1019.02;"A";78;"A";34;"A";0;"A";30;"A";4;"A";13.51;"A";10.6;"A";7.99;"A"
"2025-12-25 22:00";-2.95;"A";75.51;"A";1018.88;"A";87;"A";34;"A";0;"A";29;"A";5;"A";16.74;"A";13.5;"A";9.63;"A"
"2025-12-25 22:15";-2.86;"A";75.9;"A";1018.6;"A";69;"A";34;"A";0;"A";29;"A";5;"A";10.83;"A";8.54;"A";6.29;"A"
"2025-12-25 22:30";-2.86;"A";75.64;"A";1018.45;"A";52;"A";35;"A";0;"A";29;"A";6;"A";10.02;"A";7.99;"A";5.89;"A"
"2025-12-25 22:45";-2.93;"A";75.82;"A";1018.15;"A";59;"A";35;"A";0;"A";29;"A";6;"A";16.3;"A";12.99;"A";9.23;"A"
"2025-12-25 23:00";-2.99;"A";75.31;"A";1017.9;"A";60;"A";34;"A";0;"A";28;"A";6;"A";15.11;"A";12.3;"A";8.61;"A"
"2025-12-25 23:15";-3.02;"A";75.02;"A";1017.46;"A";56;"A";34;"A";0;"A";28;"A";6;"A";13.36;"A";10.64;"A";7.41;"A"
"2025-12-25 23:30";-3.07;"A";74.87;"A";1017.37;"A";53;"A";34;"A";0;"A";28;"A";6;"A";14.21;"A";10.76;"A";7.71;"A"
"2025-12-25 23:45";-3.12;"A";74.95;"A";1017.01;"A";45;"A";35;"A";0;"A";29;"A";6;"A";9.62;"A";7.26;"A";5.53;"A"
"2025-12-26 00:00";-3.15;"A";75.32;"A";1016.7;"A";51;"A";34;"A";0;"A";29;"A";5;"A";10.03;"A";8.1;"A";5.81;"A"
"2025-12-26 00:15";-3.21;"A";75.41;"A";1016.28;"A";48;"A";34;"A";0;"A";28;"A";6;"A";8.1;"A";6.15;"A";4.73;"A"
"2025-12-26 00:30";-3.23;"A";75.89;"A";1015.95;"A";46;"A";33;"A";0;"A";28;"A";6;"A";8.67;"A";6.07;"A";4.31;"A"
"2025-12-26 00:45";-3.27;"A";75.7;"A";1015.74;"A";43;"A";34;"A";0;"A";28;"A";6;"A";7.36;"A";5.66;"A";4.05;"A"
"2025-12-26 01:00";-3.34;"A";75.73;"A";1015.46;"A";45;"A";33;"A";0;"A";27;"A";6;"A";8.05;"A";6.21;"A";4.54;"A"
"2025-12-26 01:15";-3.42;"A";76;"A";1015;"A";44;"A";33;"A";0;"A";27;"A";5;"A";7;"A";5.49;"A";4.16;"A"
"2025-12-26 01:30";-3.47;"A";76.63;"A";1014.77;"A";43;"A";32;"A";0;"A";26;"A";6;"A";7.12;"A";5.56;"A";4.13;"A"
"2025-12-26 01:45";-3.62;"A";76.93;"A";1014.51;"A";41;"A";32;"A";0;"A";27;"A";5;"A";7.75;"A";6.13;"A";4.19;"A"
"2025-12-26 02:00";-3.74;"A";77.44;"A";1014.4;"A";43;"A";30;"A";0;"A";25;"A";5;"A";9.25;"A";7.6;"A";5.33;"A"
"2025-12-26 02:15";-3.95;"A";78.25;"A";1014.17;"A";50;"A";28;"A";0;"A";22;"A";5;"A";11.47;"A";9.65;"A";7;"A"
"2025-12-26 02:30";-4.12;"A";78.54;"A";1013.83;"A";52;"A";28;"A";0;"A";22;"A";5;"A";12.26;"A";9.68;"A";7.03;"A"
"2025-12-26 02:45";-4.36;"A";78.47;"A";1013.56;"A";53;"A";28;"A";0;"A";23;"A";5;"A";11.94;"A";9.84;"A";7.38;"A"
"2025-12-26 03:00";-4.47;"A";78.33;"A";1013.06;"A";48;"A";28;"A";0;"A";23;"A";5;"A";13.34;"A";10.33;"A";7.35;"A"
"2025-12-26 03:15";-4.69;"A";78.42;"A";1012.74;"A";53;"A";27;"A";0;"A";23;"A";5;"A";13.75;"A";11.02;"A";7.89;"A"
"2025-12-26 03:30";-4.99;"A";78.23;"A";1012.45;"A";56;"A";26;"A";0;"A";22;"A";5;"A";15.54;"A";12.09;"A";8.87;"A"
"2025-12-26 03:45";-5.23;"A";78.33;"A";1012.3;"A";54;"A";26;"A";0;"A";22;"A";4;"A";14.11;"A";11.57;"A";8.73;"A"
"2025-12-26 04:00";-5.4;"A";78.56;"A";1011.85;"A";49;"A";27;"A";0;"A";22;"A";5;"A";14.27;"A";11.47;"A";8.26;"A"
"2025-12-26 04:15";-5.55;"A";78.84;"A";1011.28;"A";48;"A";26;"A";0;"A";22;"A";4;"A";14.04;"A";11.88;"A";8.63;"A"
"2025-12-26 04:30";-5.59;"A";78.83;"A";1010.65;"A";48;"A";26;"A";0;"A";22;"A";4;"A";15.05;"A";12.46;"A";8.96;"A"
"2025-12-26 04:45";-5.65;"A";78.72;"A";1010.19;"A";50;"A";26;"A";0;"A";22;"A";4;"A";15.17;"A";12.87;"A";9.22;"A"
"2025-12-26 05:00";-5.61;"A";78.27;"A";1009.92;"A";54;"A";26;"A";0;"A";22;"A";4;"A";16.42;"A";13.87;"A";9.71;"A"
"2025-12-26 05:15";-5.54;"A";77.65;"A";1009.53;"A";54;"A";26;"A";0;"A";22;"A";4;"A";18.06;"A";14.38;"A";10.27;"A"
"2025-12-26 05:30";-5.4;"A";75.7;"A";1009.16;"A";53;"A";27;"A";0;"A";23;"A";4;"A";18.88;"A";14.34;"A";10.44;"A"
"2025-12-26 05:45";-5.2;"A";72.43;"A";1009.03;"A";51;"A";27;"A";0;"A";24;"A";4;"A";16.01;"A";12.49;"A";9.2;"A"
"2025-12-26 06:00";-5.15;"A";71.19;"A";1008.66;"A";51;"A";27;"A";0;"A";24;"A";3;"A";15.9;"A";12.47;"A";8.92;"A"
"2025-12-26 06:15";-5.1;"A";67.94;"A";1008.27;"A";57;"A";27;"A";0;"A";24;"A";3;"A";15.87;"A";12.89;"A";9.32;"A"
"2025-12-26 06:30";-5.03;"A";64.3;"A";1007.68;"A";62;"A";27;"A";0;"A";24;"A";3;"A";14.24;"A";11.74;"A";8.55;"A"
"2025-12-26 06:45";-5;"A";63.04;"A";1007.36;"A";76;"A";27;"A";0;"A";25;"A";2;"A";16.3;"A";13.58;"A";9.96;"A"
"2025-12-26 07:00";-4.95;"A";61.82;"A";1007.09;"A";90;"A";28;"A";0;"A";25;"A";3;"A";17.93;"A";14.44;"A";10.91;"A"
"2025-12-26 07:15";-4.88;"A";60.66;"A";1006.84;"A";92;"A";28;"A";0;"A";25;"A";3;"A";20.39;"A";15.66;"A";11.5;"A"
"2025-12-26 07:30";-4.71;"A";59.09;"A";1006.72;"A";96;"A";28;"A";0;"A";25;"A";2;"A";19.7;"A";16.11;"A";11.8;"A"
"2025-12-26 07:45";-4.64;"A";58.77;"A";1006.42;"A";115;"A";28;"A";0;"A";26;"A";2;"A";24.58;"A";19.52;"A";13.51;"A"
"2025-12-26 08:00";-4.45;"A";58.04;"A";1006.27;"A";119;"A";28;"A";0;"A";26;"A";1;"A";22.93;"A";17.66;"A";12.89;"A"
"2025-12-26 08:15";-4.31;"A";57.64;"A";1006.04;"A";108;"A";28;"A";0;"A";26;"A";2;"A";23.06;"A";18.06;"A";12.9;"A"
"2025-12-26 08:30";-4.22;"A";57.27;"A";1005.74;"A";108;"A";28;"A";0;"A";27;"A";1;"A";25.79;"A";20.51;"A";14.66;"A"
"2025-12-26 08:45";-4.01;"A";56.16;"A";1005.49;"A";136;"A";28;"A";0;"A";26;"A";2;"A";27.09;"A";19.94;"A";14.54;"A"
"2025-12-26 09:00";-3.86;"A";55.29;"A";1005.24;"A";142;"A";28;"A";0;"A";27;"A";2;"A";26.16;"A";21.46;"A";15.58;"A"
"2025-12-26 09:15";-3.71;"A";54.75;"A";1004.96;"A";116;"A";28;"A";0;"A";26;"A";3;"A";19.79;"A";15.37;"A";11.2;"A"
"2025-12-26 09:30";-3.69;"A";60.12;"A";1004.69;"A";180;"A";30;"A";0;"A";28;"A";2;"A";29.25;"A";20.33;"A";15.09;"A"
"2025-12-26 09:45";-4.16;"A";75.92;"A";1004.34;"A";190;"A";36;"A";0;"A";40;"A";0;"A";39.84;"A";30.21;"A";22;"A"
"2025-12-26 10:00";-4.34;"A";77.02;"A";1004.04;"A";111;"A";29;"A";0;"A";26;"A";3;"A";29.56;"A";20.57;"A";14.51;"A"
"2025-12-26 10:15";-4.47;"A";80.18;"A";1003.91;"A";105;"A";29;"A";0;"A";26;"A";3;"A";34.6;"A";26.69;"A";18.44;"A"
"2025-12-26 10:30";-4.45;"A";80.77;"A";1003.64;"A";307;"A";28;"A";0;"A";26;"A";2;"A";22.46;"A";17.6;"A";12.85;"A"
"2025-12-26 10:45";-4.38;"A";81.68;"A";1003.47;"A";143;"A";28;"A";0;"A";26;"A";3;"A";21.98;"A";16.93;"A";12.4;"A"
"2025-12-26 11:00";-4.27;"A";82.16;"A";1003.09;"A";206;"A";33;"A";0;"A";34;"A";2;"A";17.94;"A";13.11;"A";11.95;"A"
"2025-12-26 11:15";-4.34;"A";82.94;"A";1002.76;"A";158;"A";30;"A";0;"A";28;"A";2;"A";16.78;"A";12.04;"A";11.26;"A"
"2025-12-26 11:30";-4.32;"A";84.21;"A";1002.64;"A";626;"A";29;"A";0;"A";27;"A";2;"A";19.57;"A";14.09;"A";13.21;"A"
"2025-12-26 11:45";-4.38;"A";84.88;"A";1002.35;"A";162;"A";29;"A";0;"A";26;"A";2;"A";23.11;"A";16.68;"A";15.69;"A"
"2025-12-26 12:00";-4.32;"A";85.1;"A";1002.34;"A";199;"A";30;"A";0;"A";31;"A";1;"A";21.64;"A";15.61;"A";14.66;"A"
"2025-12-26 12:15";-4.21;"A";85.4;"A";1002.09;"A";235;"A";28;"A";0;"A";28;"A";1;"A";26.34;"A";19.05;"A";17.95;"A"
"2025-12-26 12:30";-3.84;"A";83.73;"A";1001.98;"A";196;"A";29;"A";0;"A";28;"A";1;"A";20.54;"A";14.8;"A";13.89;"A"
"2025-12-26 12:45";-3.62;"A";82.69;"A";1001.46;"A";148;"A";28;"A";0;"A";26;"A";2;"A";20.18;"A";14.54;"A";13.64;"A"
"2025-12-26 13:00";-3.39;"A";82.28;"A";1001.38;"A";144;"A";28;"A";0;"A";27;"A";2;"A";18.12;"A";13.03;"A";12.2;"A"
"2025-12-26 13:15";-3.1;"A";81.99;"A";1001.28;"A";154;"A";29;"A";0;"A";27;"A";2;"A";17.29;"A";12.42;"A";11.62;"A"
"2025-12-26 13:30";-2.91;"A";81.9;"A";1001.1;"A";133;"A";29;"A";0;"A";26;"A";3;"A";17.19;"A";12.35;"A";11.55;"A"
"2025-12-26 13:45";-2.68;"A";82.8;"A";1000.83;"A";164;"A";30;"A";0;"A";28;"A";2;"A";22.17;"A";15.99;"A";15.03;"A"
"2025-12-26 14:00";-2.54;"A";83.71;"A";1000.92;"A";190;"A";30;"A";0;"A";29;"A";0;"A";20.24;"A";14.58;"A";13.68;"A"
"2025-12-26 14:15";-2.48;"A";84.41;"A";1000.77;"A";190;"A";30;"A";0;"A";30;"A";1;"A";20.15;"A";14.52;"A";13.62;"A"
"2025-12-26 14:30";-2.32;"A";83.65;"A";1000.73;"A";197;"A";30;"A";0;"A";31;"A";1;"A";31.32;"A";22.69;"A";21.44;"A"
"2025-12-26 14:45";-2.24;"A";82.96;"A";1000.62;"A";169;"A";30;"A";0;"A";29;"A";1;"A";19.97;"A";14.38;"A";13.49;"A"
"2025-12-26 15:00";-2.15;"A";82.37;"A";1000.54;"A";174;"A";29;"A";0;"A";29;"A";1;"A";22.22;"A";16.03;"A";15.07;"A"
"2025-12-26 15:15";-2.02;"A";82.1;"A";1000.51;"A";177;"A";29;"A";0;"A";29;"A";1;"A";26.25;"A";18.98;"A";17.89;"A"
"2025-12-26 15:30";-1.96;"A";81.99;"A";1000.69;"A";171;"A";29;"A";0;"A";29;"A";1;"A";22.31;"A";16.09;"A";15.13;"A"
"2025-12-26 15:45";-1.84;"A";82.09;"A";1000.67;"A";289;"A";39;"A";0;"A";46;"A";0;"A";35.72;"A";25.92;"A";24.52;"A"
"2025-12-26 16:00";-1.8;"A";82.09;"A";1000.55;"A";213;"A";30;"A";0;"A";30;"A";1;"A";22.57;"A";16.29;"A";15.32;"A"
"2025-12-26 16:15";-1.74;"A";82.4;"A";1000.53;"A";220;"A";29;"A";0;"A";31;"A";0;"A";42.16;"A";30.64;"A";29.02;"A"
"2025-12-26 16:30";-1.62;"A";82.28;"A";1000.43;"A";223;"A";30;"A";0;"A";31;"A";0;"A";23.36;"A";16.86;"A";15.87;"A"
"2025-12-26 16:45";-1.46;"A";82.14;"A";1000.13;"A";182;"A";29;"A";0;"A";27;"A";2;"A";21.47;"A";15.48;"A";14.54;"A"
"2025-12-26 17:00";-1.28;"A";81.93;"A";1000.1;"A";195;"A";28;"A";0;"A";26;"A";2;"A";24.67;"A";17.83;"A";16.78;"A"
"2025-12-26 17:15";-1.14;"A";81.87;"A";1000.14;"A";212;"A";28;"A";0;"A";26;"A";3;"A";26.03;"A";18.82;"A";17.73;"A"
"2025-12-26 17:30";-1.06;"A";81.69;"A";1000.08;"A";210;"A";28;"A";0;"A";26;"A";2;"A";22.88;"A";16.52;"A";15.53;"A"
"2025-12-26 17:45";-0.98;"A";81.88;"A";1000.01;"A";201;"A";28;"A";0;"A";26;"A";2;"A";21.45;"A";15.47;"A";14.53;"A"
"2025-12-26 18:00";-0.89;"A";82.12;"A";1000.03;"A";183;"A";28;"A";0;"A";26;"A";2;"A";22.16;"A";15.99;"A";15.03;"A"
"2025-12-26 18:15";-0.81;"A";82.39;"A";1000;"A";192;"A";27;"A";0;"A";25;"A";3;"A";27.39;"A";19.82;"A";18.69;"A"
"2025-12-26 18:30";-0.69;"A";82.59;"A";1000.04;"A";185;"A";27;"A";0;"A";24;"A";3;"A";25.78;"A";18.64;"A";17.56;"A"
"2025-12-26 18:45";-0.57;"A";82.58;"A";1000.14;"A";185;"A";27;"A";0;"A";24;"A";4;"A";27.81;"A";20.12;"A";18.98;"A"
"2025-12-26 19:00";-0.47;"A";82.69;"A";1000.06;"A";171;"A";27;"A";0;"A";23;"A";4;"A";25.13;"A";18.16;"A";17.1;"A"
"2025-12-26 19:15";-0.39;"A";82.66;"A";1000.01;"A";150;"A";27;"A";0;"A";22;"A";5;"A";22.76;"A";16.43;"A";15.45;"A"
"2025-12-26 19:30";-0.32;"A";82.67;"A";1000.07;"A";139;"A";27;"A";0;"A";21;"A";5;"A";25.59;"A";18.5;"A";17.43;"A"
"2025-12-26 19:45";-0.25;"A";82.99;"A";999.99;"A";135;"A";26;"A";0;"A";21;"A";5;"A";22.8;"A";16.46;"A";15.48;"A"
"2025-12-26 20:00";-0.16;"A";83.08;"A";1000.07;"A";132;"A";26;"A";0;"A";21;"A";5;"A";19.86;"A";14.3;"A";13.42;"A"
"2025-12-26 20:15";-0.1;"A";83.16;"A";1000.17;"A";129;"A";26;"A";0;"A";21;"A";5;"A";19.45;"A";14;"A";13.13;"A"
"2025-12-26 20:30";-0.06;"A";83.58;"A";1000.28;"A";128;"A";26;"A";0;"A";21;"A";6;"A";19.44;"A";13.99;"A";13.12;"A"
"2025-12-26 20:45";0.02;"A";83.42;"A";1000.19;"A";130;"A";26;"A";0;"A";20;"A";6;"A";19.27;"A";13.87;"A";13.01;"A"
"2025-12-26 21:00";0.15;"A";83.2;"A";1000.18;"A";250;"A";35;"A";0;"A";36;"A";3;"A";25.65;"A";18.55;"A";17.47;"A"
"2025-12-26 21:15";0.2;"A";83.43;"A";1000.11;"A";168;"A";27;"A";0;"A";21;"A";5;"A";18.98;"A";13.66;"A";12.8;"A"
"2025-12-26 21:30";0.3;"A";83.48;"A";1000.27;"A";165;"A";26;"A";0;"A";22;"A";4;"A";19.94;"A";14.36;"A";13.48;"A"
"2025-12-26 21:45";0.39;"A";83.62;"A";1000.22;"A";182;"A";26;"A";0;"A";22;"A";4;"A";20.87;"A";15.04;"A";14.13;"A"
"2025-12-26 22:00";0.46;"A";83.64;"A";1000.28;"A";163;"A";26;"A";0;"A";21;"A";5;"A";19.62;"A";14.13;"A";13.25;"A"
"2025-12-26 22:15";0.52;"A";83.68;"A";1000.28;"A";158;"A";26;"A";0;"A";21;"A";4;"A";19.26;"A";13.86;"A";13;"A"
"2025-12-26 22:30";0.6;"A";83.87;"A";1000.44;"A";142;"A";26;"A";0;"A";21;"A";5;"A";19.15;"A";13.78;"A";12.92;"A"
"2025-12-26 22:45";0.71;"A";83.83;"A";1000.45;"A";129;"A";26;"A";0;"A";20;"A";6;"A";18.35;"A";13.2;"A";12.36;"A"
"2025-12-26 23:00";0.73;"A";83.79;"A";1000.39;"A";130;"A";26;"A";0;"A";21;"A";6;"A";18.77;"A";13.5;"A";12.65;"A"
"2025-12-26 23:15";0.8;"A";83.57;"A";1000.36;"A";133;"A";27;"A";0;"A";21;"A";5;"A";19.42;"A";13.98;"A";13.11;"A"
"2025-12-26 23:30";0.82;"A";83.42;"A";1000.32;"A";123;"A";27;"A";0;"A";21;"A";6;"A";20.21;"A";14.56;"A";13.66;"A"
"2025-12-26 23:45";0.85;"A";83.17;"A";1000.21;"A";117;"A";27;"A";0;"A";19;"A";7;"A";21.27;"A";15.34;"A";14.41;"A"
"2025-12-27 00:00";0.88;"A";82.85;"A";1000.18;"A";120;"A";26;"A";0;"A";20;"A";7;"A";24;"A";17.33;"A";16.31;"A"
"2025-12-27 00:15";0.92;"A";82.52;"A";1000.3;"A";126;"A";27;"A";0;"A";20;"A";7;"A";26.28;"A";19.01;"A";17.91;"A"
"2025-12-27 00:30";0.96;"A";82.35;"A";1000.43;"A";120;"A";27;"A";0;"A";20;"A";6;"A";24.56;"A";17.75;"A";16.71;"A"
"2025-12-27 00:45";0.91;"A";82.41;"A";1000.44;"A";116;"A";27;"A";0;"A";20;"A";7;"A";20.46;"A";14.74;"A";13.84;"A"
"2025-12-27 01:00";0.9;"A";82.32;"A";1000.51;"A";106;"A";27;"A";0;"A";20;"A";7;"A";19.23;"A";13.84;"A";12.98;"A"
"2025-12-27 01:15";0.94;"A";82.28;"A";1000.45;"A";98;"A";28;"A";0;"A";20;"A";8;"A";19.19;"A";13.81;"A";12.95;"A"
"2025-12-27 01:30";1.04;"A";82.26;"A";1000.51;"A";86;"A";28;"A";0;"A";20;"A";8;"A";18.96;"A";13.64;"A";12.79;"A"
"2025-12-27 01:45";1.12;"A";82.27;"A";1000.52;"A";81;"A";28;"A";0;"A";21;"A";8;"A";16.95;"A";12.17;"A";11.38;"A"
"2025-12-27 02:00";1.16;"A";82.18;"A";1000.64;"A";80;"A";29;"A";0;"A";21;"A";8;"A";14.99;"A";10.73;"A";10.01;"A"
"2025-12-27 02:15";1.22;"A";82.16;"A";1000.62;"A";78;"A";29;"A";0;"A";21;"A";9;"A";15.14;"A";10.85;"A";10.11;"A"
"2025-12-27 02:30";1.23;"A";82.05;"A";1000.53;"A";78;"A";30;"A";0;"A";21;"A";8;"A";13.68;"A";9.77;"A";9.09;"A"
"2025-12-27 02:45";1.25;"A";81.92;"A";1000.55;"A";73;"A";30;"A";0;"A";22;"A";7;"A";16.82;"A";12.07;"A";11.29;"A"
"2025-12-27 03:00";1.26;"A";81.89;"A";1000.67;"A";73;"A";29;"A";0;"A";22;"A";8;"A";13.06;"A";9.32;"A";8.66;"A"
"2025-12-27 03:15";1.28;"A";81.8;"A";1000.78;"A";69;"A";30;"A";0;"A";21;"A";9;"A";8.52;"A";5.99;"A";5.48;"A"
"2025-12-27 03:30";1.22;"A";82.4;"A";1000.67;"A";64;"A";30;"A";0;"A";22;"A";9;"A";7.14;"A";4.98;"A";4.51;"A"
"2025-12-27 03:45";1.1;"A";82.71;"A";1000.64;"A";63;"A";31;"A";0;"A";22;"A";9;"A";7.63;"A";5.34;"A";4.85;"A"
"2025-12-27 04:00";1.07;"A";81.94;"A";1000.8;"A";61;"A";31;"A";0;"A";22;"A";9;"A";6.2;"A";4.3;"A";3.86;"A"
"2025-12-27 04:15";1.03;"A";81.35;"A";1000.62;"A";56;"A";31;"A";0;"A";22;"A";9;"A";5.83;"A";4.02;"A";3.59;"A"
"2025-12-27 04:30";0.98;"A";81.24;"A";1000.55;"A";53;"A";31;"A";0;"A";23;"A";8;"A";5.63;"A";3.95;"A";3.46;"A"
"2025-12-27 04:45";0.94;"A";80.41;"A";1000.53;"A";53;"A";31;"A";0;"A";23;"A";8;"A";6.36;"A";4.48;"A";3.46;"A"
"2025-12-27 05:00";0.97;"A";79.73;"A";1000.52;"A";49;"A";32;"A";0;"A";24;"A";8;"A";6.11;"A";4.16;"A";2.8;"A"
"2025-12-27 05:15";0.92;"A";79.43;"A";1000.39;"A";49;"A";33;"A";0;"A";24;"A";9;"A";6.32;"A";4.25;"A";2.87;"A"
"2025-12-27 05:30";0.83;"A";79.34;"A";1000.48;"A";51;"A";33;"A";0;"A";25;"A";8;"A";6.14;"A";4.35;"A";2.97;"A"
"2025-12-27 05:45";0.71;"A";79.69;"A";1000.47;"A";47;"A";33;"A";0;"A";26;"A";7;"A";6.16;"A";4.1;"A";2.92;"A"
"2025-12-27 06:00";0.63;"A";80.02;"A";1000.53;"A";48;"A";32;"A";0;"A";25;"A";7;"A";6.73;"A";4.71;"A";2.87;"A"
"2025-12-27 06:15";0.64;"A";79.92;"A";1000.68;"A";50;"A";32;"A";0;"A";26;"A";6;"A";6.21;"A";4.52;"A";2.77;"A"
"2025-12-27 06:30";0.76;"A";79.84;"A";1000.81;"A";51;"A";34;"A";0;"A";27;"A";6;"A";4.49;"A";2.88;"A";2.09;"A"
"2025-12-27 06:45";0.86;"A";79.96;"A";1001.06;"A";44;"A";34;"A";0;"A";26;"A";8;"A";3.49;"A";2.31;"A";1.96;"A"
"2025-12-27 07:00";0.72;"A";79.89;"A";1001.19;"A";53;"A";34;"A";0;"A";26;"A";8;"A";4.75;"A";3.32;"A";2.08;"A"
"2025-12-27 07:15";0.59;"A";79.61;"A";1001.17;"A";53;"A";34;"A";0;"A";27;"A";7;"A";4.37;"A";2.99;"A";1.79;"A"
"2025-12-27 07:30";0.41;"A";80.01;"A";1001.26;"A";206;"A";42;"A";0;"A";44;"A";3;"A";14.74;"A";11.37;"A";8.88;"A"
"2025-12-27 07:45";0.27;"A";80.52;"A";1001.28;"A";78;"A";33;"A";0;"A";28;"A";5;"A";20.27;"A";16.35;"A";11.06;"A"
"2025-12-27 08:00";0.1;"A";81.3;"A";1001.36;"A";72;"A";33;"A";0;"A";27;"A";5;"A";5.92;"A";4.09;"A";3.66;"A"
"2025-12-27 08:15";0.14;"A";82.01;"A";1001.69;"A";81;"A";33;"A";0;"A";27;"A";6;"A";5.48;"A";3.77;"A";3.35;"A"
"2025-12-27 08:30";0.36;"A";81.95;"A";1001.73;"A";82;"A";33;"A";0;"A";26;"A";6;"A";4.43;"A";3;"A";2.62;"A"
"2025-12-27 08:45";0.54;"A";81.75;"A";1002.05;"A";96;"A";32;"A";0;"A";28;"A";4;"A";5.78;"A";3.99;"A";3.56;"A"
"2025-12-27 09:00";0.72;"A";81.23;"A";1002.19;"A";81;"A";32;"A";0;"A";27;"A";6;"A";5.64;"A";3.88;"A";3.46;"A"
"2025-12-27 09:15";0.81;"A";81.14;"A";1002.21;"A";95;"A";32;"A";0;"A";27;"A";5;"A";5.06;"A";3.46;"A";3.06;"A"
"2025-12-27 09:30";0.92;"A";80.88;"A";1002.1;"A";94;"A";33;"A";0;"A";27;"A";7;"A";4.59;"A";3.12;"A";2.73;"A"
"2025-12-27 09:45";0.97;"A";80.75;"A";1002.2;"A";84;"A";33;"A";0;"A";27;"A";6;"A";4.71;"A";3.2;"A";2.81;"A"
"2025-12-27 10:00";1.05;"A";80.78;"A";1002.13;"A";102;"A";33;"A";0;"A";28;"A";6;"A";5.22;"A";3.58;"A";3.17;"A"
"2025-12-27 10:15";1.45;"A";79.82;"A";1002.22;"A";99;"A";34;"A";0;"A";30;"A";4;"A";7.54;"A";5.31;"A";4.72;"A"
"2025-12-27 10:30";1.81;"A";77.94;"A";1002.02;"A";87;"A";32;"A";0;"A";27;"A";5;"A";5.87;"A";4.19;"A";3.22;"A"
"2025-12-27 10:45";1.83;"A";77.2;"A";1001.9;"A";95;"A";34;"A";0;"A";27;"A";6;"A";7.97;"A";5.11;"A";3.41;"A"
"2025-12-27 11:00";1.91;"A";76.8;"A";1001.89;"A";99;"A";34;"A";0;"A";28;"A";6;"A";12.38;"A";9.69;"A";6.81;"A"
"2025-12-27 11:15";1.97;"A";76.76;"A";1001.72;"A";90;"A";34;"A";0;"A";28;"A";6;"A";7.33;"A";4.79;"A";3.44;"A"
"2025-12-27 11:30";2.02;"A";76.09;"A";1001.62;"A";85;"A";34;"A";0;"A";28;"A";6;"A";6.55;"A";5.12;"A";3.52;"A"
"2025-12-27 11:45";2.15;"A";75.63;"A";1001.72;"A";86;"A";34;"A";0;"A";28;"A";6;"A";6.75;"A";5.06;"A";3.31;"A"
"2025-12-27 12:00";2.21;"A";74.73;"A";1001.73;"A";83;"A";34;"A";0;"A";28;"A";6;"A";7.31;"A";5.31;"A";3.81;"A"
"2025-12-27 12:15";2.31;"A";73.74;"A";1001.71;"A";79;"A";35;"A";0;"A";28;"A";6;"A";6.07;"A";4.57;"A";3.18;"A"
"2025-12-27 12:30";2.35;"A";73.54;"A";1001.55;"A";88;"A";35;"A";0;"A";29;"A";6;"A";8.86;"A";6.39;"A";4.41;"A"
"2025-12-27 12:45";2.41;"A";73.42;"A";1001.33;"A";79;"A";35;"A";0;"A";29;"A";6;"A";6.71;"A";5.07;"A";3.33;"A"
"2025-12-27 13:00";2.2;"A";74.63;"A";1001.39;"A";95;"A";35;"A";0;"A";29;"A";6;"A";5.61;"A";4.21;"A";3.06;"A"
"2025-12-27 13:15";2.04;"A";74.82;"A";1001.41;"A";93;"A";35;"A";0;"A";28;"A";6;"A";6.43;"A";4.94;"A";3.45;"A"
"2025-12-27 13:30";1.9;"A";75.73;"A";1001.27;"A";112;"A";34;"A";0;"A";27;"A";7;"A";10.62;"A";8.1;"A";5.58;"A"
"2025-12-27 13:45";1.92;"A";74.46;"A";1001.12;"A";108;"A";33;"A";0;"A";28;"A";6;"A";9.71;"A";7.75;"A";5.78;"A"
"2025-12-27 14:00";1.82;"A";74.23;"A";1001.16;"A";88;"A";34;"A";0;"A";29;"A";6;"A";6.3;"A";4.82;"A";3.37;"A"
"2025-12-27 14:15";1.81;"A";74.07;"A";1001.2;"A";107;"A";34;"A";0;"A";31;"A";3;"A";6.95;"A";5.11;"A";3.64;"A"
"2025-12-27 14:30";1.82;"A";73.12;"A";1001.24;"A";129;"A";34;"A";0;"A";30;"A";4;"A";9.04;"A";7.01;"A";5.15;"A"
"2025-12-27 14:45";1.73;"A";74.02;"A";1001.25;"A";103;"A";35;"A";0;"A";31;"A";4;"A";10.46;"A";8.13;"A";5.8;"A"
"2025-12-27 15:00";1.65;"A";75.39;"A";1001.47;"A";90;"A";34;"A";0;"A";29;"A";5;"A";9.11;"A";7.08;"A";5.19;"A"
"2025-12-27 15:15";1.49;"A";77.18;"A";1001.49;"A";91;"A";34;"A";0;"A";30;"A";3;"A";7.14;"A";5.02;"A";3.44;"A"
"2025-12-27 15:30";1.43;"A";78.05;"A";1001.54;"A";92;"A";33;"A";0;"A";31;"A";3;"A";9.18;"A";7.38;"A";5.08;"A"
"2025-12-27 15:45";1.35;"A";78.9;"A";1001.26;"A";108;"A";33;"A";0;"A";31;"A";1;"A";10.83;"A";8.86;"A";6.45;"A"
"2025-12-27 16:00";1.37;"A";78.29;"A";1001.03;"A";125;"A";32;"A";0;"A";28;"A";4;"A";11.26;"A";8.69;"A";6.64;"A"
"2025-12-27 16:15";1.4;"A";77.03;"A";1000.97;"A";137;"A";32;"A";0;"A";28;"A";4;"A";12.93;"A";9.85;"A";7.14;"A"
"2025-12-27 16:30";1.37;"A";76.81;"A";1000.8;"A";146;"A";32;"A";0;"A";28;"A";4;"A";11.32;"A";8.79;"A";6.17;"A"
"2025-12-27 16:45";1.32;"A";76.17;"A";1000.58;"A";587;"A";32;"A";1;"A";31;"A";1;"A";18.28;"A";14.91;"A";11.15;"A"
"2025-12-27 17:00";1.37;"A";74.02;"A";1000.39;"A";228;"A";32;"A";0;"A";30;"A";2;"A";17.17;"A";12.99;"A";9.73;"A"
"2025-12-27 17:15";1.29;"A";73.22;"A";1000.25;"A";218;"A";32;"A";0;"A";28;"A";4;"A";12.65;"A";10.07;"A";7.26;"A"
"2025-12-27 17:30";1.26;"A";73.66;"A";1000;"A";174;"A";33;"A";0;"A";30;"A";3;"A";11.46;"A";9.79;"A";7.13;"A"
"2025-12-27 17:45";1.24;"A";74.55;"A";999.8;"A";156;"A";33;"A";0;"A";30;"A";2;"A";14.26;"A";11.27;"A";7.87;"A"
"2025-12-27 18:00";1.18;"A";78.45;"A";999.82;"A";153;"A";33;"A";0;"A";29;"A";4;"A";17.19;"A";13.4;"A";9.37;"A"
"2025-12-27 18:15";1.14;"A";80.28;"A";999.62;"A";189;"A";31;"A";0;"A";29;"A";2;"A";21.1;"A";16.31;"A";13.17;"A"
"2025-12-27 18:30";1.03;"A";81.09;"A";999.36;"A";241;"A";30;"A";0;"A";28;"A";2;"A";29.56;"A";21.41;"A";20.21;"A"
"2025-12-27 18:45";0.84;"A";82.78;"A";999.61;"A";208;"A";29;"A";0;"A";27;"A";2;"A";30.91;"A";22.4;"A";21.15;"A"
"2025-12-27 19:00";0.75;"A";83.95;"A";999.13;"A";217;"A";29;"A";0;"A";27;"A";2;"A";30.78;"A";22.3;"A";21.06;"A"
"2025-12-27 19:15";0.69;"A";84.83;"A";998.87;"A";286;"A";28;"A";0;"A";28;"A";0;"A";32.54;"A";23.59;"A";22.29;"A"
"2025-12-27 19:30";0.68;"A";85.35;"A";998.67;"A";320;"A";28;"A";0;"A";26;"A";2;"A";31.9;"A";23.12;"A";21.85;"A"
"2025-12-27 19:45";0.59;"A";86.01;"A";998.7;"A";285;"A";27;"A";0;"A";24;"A";3;"A";33.77;"A";24.49;"A";23.16;"A"
"2025-12-27 20:00";0.52;"A";86.15;"A";998.61;"A";281;"A";26;"A";0;"A";24;"A";2;"A";46.29;"A";33.67;"A";31.92;"A"
"2025-12-27 20:15";0.6;"A";85.46;"A";998.39;"A";318;"A";26;"A";0;"A";23;"A";3;"A";38.17;"A";27.71;"A";26.23;"A"
"2025-12-27 20:30";0.59;"A";84.81;"A";998.13;"A";315;"A";26;"A";0;"A";23;"A";3;"A";28.92;"A";20.94;"A";19.76;"A"
"2025-12-27 20:45";0.57;"A";84.36;"A";998.04;"A";312;"A";26;"A";0;"A";23;"A";4;"A";25.67;"A";18.56;"A";17.49;"A"
"2025-12-27 21:00";0.54;"A";83.39;"A";997.82;"A";261;"A";27;"A";0;"A";22;"A";5;"A";20.67;"A";14.89;"A";13.98;"A"
"2025-12-27 21:15";0.58;"A";81.86;"A";997.29;"A";226;"A";28;"A";0;"A";23;"A";5;"A";20.24;"A";14.45;"A";13.56;"A"
"2025-12-27 21:30";0.59;"A";80.23;"A";996.75;"A";233;"A";29;"A";0;"A";25;"A";4;"A";18.76;"A";14.34;"A";11.62;"A"
"2025-12-27 21:45";0.55;"A";78.77;"A";995.86;"A";167;"A";31;"A";0;"A";29;"A";2;"A";16.91;"A";12.36;"A";8.78;"A"
"2025-12-27 22:00";0.53;"A";78.01;"A";995.26;"A";136;"A";32;"A";0;"A";29;"A";3;"A";17.73;"A";12.51;"A";8.77;"A"
"2025-12-27 22:15";0.55;"A";77.06;"A";994.86;"A";112;"A";33;"A";0;"A";28;"A";5;"A";13.99;"A";9.74;"A";6.67;"A"
"2025-12-27 22:30";0.58;"A";75.99;"A";994.33;"A";93;"A";33;"A";0;"A";27;"A";6;"A";11.81;"A";8.29;"A";5.73;"A"
"2025-12-27 22:45";0.6;"A";76;"A";993.52;"A";81;"A";34;"A";0;"A";27;"A";7;"A";13.32;"A";9.43;"A";6.56;"A"
"2025-12-27 23:00";0.46;"A";78.49;"A";993.02;"A";87;"A";32;"A";0;"A";27;"A";6;"A";15.69;"A";10.69;"A";7.44;"A"
"2025-12-27 23:15";0.42;"A";78.38;"A";992.74;"A";79;"A";32;"A";0;"A";26;"A";6;"A";13.72;"A";9.84;"A";6.77;"A"
"2025-12-27 23:30";0.4;"A";78.72;"A";992.31;"A";78;"A";32;"A";0;"A";26;"A";6;"A";14.22;"A";9.43;"A";6.91;"A"
"2025-12-27 23:45";0.34;"A";79.7;"A";992.18;"A";76;"A";31;"A";0;"A";25;"A";6;"A";13.47;"A";8.49;"A";6.46;"A"
"2025-12-28 00:00";0.3;"A";80.22;"A";991.99;"A";97;"A";31;"A";0;"A";25;"A";6;"A";17.43;"A";12.78;"A";11.46;"A"
"2025-12-28 00:15";0.43;"A";79.2;"A";991.83;"A";70;"A";31;"A";0;"A";24;"A";7;"A";14.5;"A";10.59;"A";8.45;"A"
"2025-12-28 00:30";0.55;"A";78.87;"A";991.49;"A";65;"A";32;"A";0;"A";25;"A";7;"A";17.14;"A";11.38;"A";7.47;"A"
"2025-12-28 00:45";0.55;"A";81.03;"A";990.93;"A";57;"A";32;"A";0;"A";26;"A";6;"A";11.4;"A";8;"A";6.71;"A"
"2025-12-28 01:00";0.41;"A";83.33;"A";990.6;"A";57;"A";31;"A";0;"A";25;"A";6;"A";9.6;"A";6.78;"A";6.23;"A"
"2025-12-28 01:15";0.33;"A";84.94;"A";989.94;"A";59;"A";30;"A";0;"A";24;"A";6;"A";10.39;"A";7.36;"A";6.79;"A"
"2025-12-28 01:30";0.25;"A";85.72;"A";989.33;"A";53;"A";30;"A";0;"A";23;"A";7;"A";9.28;"A";6.55;"A";6.01;"A"
"2025-12-28 01:45";0.28;"A";86.12;"A";988.97;"A";52;"A";29;"A";0;"A";22;"A";7;"A";9.42;"A";6.65;"A";6.11;"A"
"2025-12-28 02:00";0.3;"A";86.25;"A";988.54;"A";61;"A";28;"A";0;"A";21;"A";7;"A";9.58;"A";6.77;"A";6.22;"A"
"2025-12-28 02:15";0.38;"A";86.25;"A";987.91;"A";56;"A";28;"A";0;"A";20;"A";7;"A";9.33;"A";6.59;"A";6.05;"A"
"2025-12-28 02:30";0.38;"A";87.06;"A";987.49;"A";61;"A";27;"A";0;"A";20;"A";7;"A";10.53;"A";7.47;"A";6.89;"A"
"2025-12-28 02:45";0.39;"A";87.43;"A";987.05;"A";62;"A";26;"A";0;"A";20;"A";6;"A";10.67;"A";7.57;"A";6.99;"A"
"2025-12-28 03:00";0.39;"A";88.06;"A";986.53;"A";66;"A";26;"A";0;"A";20;"A";6;"A";11.56;"A";8.22;"A";7.61;"A"
"2025-12-28 03:15";0.46;"A";87.79;"A";986.09;"A";69;"A";25;"A";0;"A";19;"A";6;"A";11.75;"A";8.36;"A";7.74;"A"
"2025-12-28 03:30";0.5;"A";87.83;"A";985.67;"A";74;"A";26;"A";0;"A";19;"A";6;"A";13.15;"A";9.39;"A";8.72;"A"
"2025-12-28 03:45";0.53;"A";87.95;"A";985.31;"A";81;"A";25;"A";0;"A";19;"A";6;"A";13.46;"A";9.62;"A";8.94;"A"
"2025-12-28 04:00";0.54;"A";88.14;"A";984.92;"A";84;"A";24;"A";0;"A";17;"A";7;"A";13.56;"A";9.69;"A";9.01;"A"
"2025-12-28 04:15";0.53;"A";88.25;"A";984.59;"A";87;"A";23;"A";0;"A";18;"A";5;"A";13.02;"A";9.29;"A";8.63;"A"
"2025-12-28 04:30";0.52;"A";88.85;"A";984.08;"A";89;"A";23;"A";0;"A";17;"A";6;"A";11.71;"A";8.33;"A";7.71;"A"
"2025-12-28 04:45";0.53;"A";89.28;"A";983.66;"A";91;"A";23;"A";0;"A";16;"A";7;"A";10.26;"A";7.27;"A";6.7;"A"
"2025-12-28 05:00";0.57;"A";89.54;"A";983.4;"A";95;"A";22;"A";0;"A";14;"A";8;"A";9.85;"A";6.97;"A";6.41;"A"
"2025-12-28 05:15";0.58;"A";89.82;"A";983.15;"A";112;"A";22;"A";0;"A";15;"A";7;"A";9.46;"A";6.68;"A";6.14;"A"
"2025-12-28 05:30";0.69;"A";89.97;"A";982.97;"A";100;"A";22;"A";0;"A";14;"A";8;"A";8.51;"A";5.98;"A";5.47;"A"
"2025-12-28 05:45";0.77;"A";90.13;"A";982.93;"A";95;"A";23;"A";0;"A";15;"A";7;"A";7.08;"A";4.94;"A";4.47;"A"
"2025-12-28 06:00";0.83;"A";90.26;"A";982.82;"A";100;"A";22;"A";0;"A";15;"A";7;"A";6.39;"A";4.44;"A";3.99;"A"
"2025-12-28 06:15";0.91;"A";90.04;"A";982.61;"A";97;"A";22;"A";0;"A";15;"A";7;"A";6.1;"A";4.22;"A";3.78;"A"
"2025-12-28 06:30";0.97;"A";89.74;"A";982.81;"A";94;"A";22;"A";0;"A";15;"A";7;"A";6.71;"A";4.67;"A";4.21;"A"
"2025-12-28 06:45";0.98;"A";89.83;"A";982.96;"A";98;"A";22;"A";0;"A";16;"A";6;"A";7.88;"A";5.53;"A";5.03;"A"
"2025-12-28 07:00";1.04;"A";89.6;"A";983.02;"A";102;"A";23;"A";0;"A";17;"A";6;"A";7.42;"A";5.19;"A";4.71;"A"
"2025-12-28 07:15";1.08;"A";89.48;"A";983.16;"A";90;"A";24;"A";0;"A";15;"A";8;"A";5.09;"A";3.48;"A";3.08;"A"
"2025-12-28 07:30";1.19;"A";88.81;"A";983.24;"A";94;"A";24;"A";0;"A";16;"A";8;"A";6.06;"A";4.19;"A";3.75;"A"
"2025-12-28 07:45";1.26;"A";88.26;"A";983.48;"A";74;"A";26;"A";0;"A";17;"A";9;"A";6.98;"A";4.87;"A";4.4;"A"
"2025-12-28 08:00";1.44;"A";86.99;"A";983.6;"A";78;"A";26;"A";0;"A";18;"A";8;"A";6.92;"A";4.82;"A";4.36;"A"
"2025-12-28 08:15";1.55;"A";85.43;"A";983.82;"A";66;"A";28;"A";0;"A";19;"A";9;"A";6.19;"A";4.29;"A";3.85;"A"
"2025-12-28 08:30";1.59;"A";84.49;"A";983.97;"A";59;"A";30;"A";0;"A";20;"A";10;"A";6.35;"A";4.4;"A";3.96;"A"
"2025-12-28 08:45";1.61;"A";83.97;"A";984.02;"A";57;"A";31;"A";0;"A";23;"A";8;"A";6.95;"A";4.85;"A";4.38;"A"
"2025-12-28 09:00";1.59;"A";83.8;"A";984.03;"A";65;"A";31;"A";0;"A";22;"A";9;"A";7.83;"A";5.49;"A";5;"A"
"2025-12-28 09:15";1.47;"A";83.42;"A";984.1;"A";69;"A";32;"A";0;"A";23;"A";9;"A";8.5;"A";5.98;"A";5.46;"A"
"2025-12-28 09:30";1.61;"A";82.18;"A";984.01;"A";133;"A";33;"A";0;"A";25;"A";8;"A";8.01;"A";5.64;"A";5.1;"A"
"2025-12-28 09:45";1.68;"A";81.34;"A";984.07;"A";117;"A";33;"A";0;"A";24;"A";10;"A";9.28;"A";6.64;"A";5.59;"A"
"2025-12-28 10:00";1.65;"A";80.71;"A";983.96;"A";101;"A";35;"A";0;"A";26;"A";9;"A";9.37;"A";6.35;"A";4.71;"A"
"2025-12-28 10:15";1.83;"A";79.51;"A";983.86;"A";62;"A";36;"A";0;"A";26;"A";10;"A";8.58;"A";6.1;"A";4.06;"A"
"2025-12-28 10:30";1.94;"A";80.46;"A";983.7;"A";66;"A";36;"A";0;"A";26;"A";10;"A";7.56;"A";5.29;"A";4.34;"A"
"2025-12-28 10:45";2.21;"A";79;"A";983.84;"A";66;"A";35;"A";0;"A";24;"A";11;"A";6.3;"A";4.8;"A";3.4;"A"
"2025-12-28 11:00";2.15;"A";78.22;"A";983.88;"A";60;"A";35;"A";0;"A";25;"A";10;"A";7.71;"A";4.76;"A";3.3;"A"
"2025-12-28 11:15";1.93;"A";77.38;"A";983.86;"A";65;"A";37;"A";0;"A";27;"A";10;"A";8.54;"A";5.26;"A";3.55;"A"
"2025-12-28 11:30";2.13;"A";77.31;"A";983.87;"A";71;"A";37;"A";0;"A";28;"A";9;"A";8.78;"A";5.57;"A";3.8;"A"
"2025-12-28 11:45";2.31;"A";77.63;"A";984.02;"A";75;"A";37;"A";0;"A";27;"A";10;"A";8.07;"A";5.58;"A";3.94;"A"
"2025-12-28 12:00";2.31;"A";78.15;"A";983.86;"A";78;"A";37;"A";0;"A";28;"A";10;"A";7.84;"A";5.47;"A";3.91;"A"
"2025-12-28 12:15";2.29;"A";78.45;"A";983.82;"A";89;"A";37;"A";0;"A";28;"A";9;"A";12.09;"A";8.25;"A";5.61;"A"
"2025-12-28 12:30";2.21;"A";79.82;"A";983.75;"A";92;"A";37;"A";0;"A";28;"A";9;"A";12.11;"A";8.42;"A";5.92;"A"
"2025-12-28 12:45";2.28;"A";79.93;"A";983.81;"A";90;"A";36;"A";0;"A";27;"A";9;"A";10.17;"A";7.78;"A";5.52;"A"
"2025-12-28 13:00";2.27;"A";79.91;"A";983.69;"A";80;"A";36;"A";0;"A";27;"A";9;"A";11.29;"A";7.73;"A";5.14;"A"
"2025-12-28 13:15";2.45;"A";79.39;"A";983.47;"A";87;"A";36;"A";0;"A";26;"A";9;"A";10.37;"A";7.54;"A";5.2;"A"
"2025-12-28 13:30";2.46;"A";79.44;"A";983.45;"A";82;"A";35;"A";0;"A";26;"A";9;"A";10.03;"A";6.97;"A";4.83;"A"
"2025-12-28 13:45";2.67;"A";78.97;"A";983.45;"A";71;"A";35;"A";0;"A";26;"A";9;"A";10.48;"A";6.82;"A";4.6;"A"
"2025-12-28 14:00";2.63;"A";79.09;"A";983.53;"A";76;"A";35;"A";0;"A";25;"A";9;"A";9.13;"A";6.74;"A";4.55;"A"
"2025-12-28 14:15";2.52;"A";79.7;"A";983.56;"A";79;"A";35;"A";0;"A";26;"A";9;"A";9.08;"A";6.22;"A";4.35;"A"
"2025-12-28 14:30";2.49;"A";79.83;"A";983.71;"A";84;"A";35;"A";0;"A";26;"A";9;"A";8.4;"A";5.89;"A";4.17;"A"
"2025-12-28 14:45";2.4;"A";80.02;"A";983.85;"A";95;"A";35;"A";0;"A";27;"A";8;"A";8.58;"A";6.2;"A";4.35;"A"
"2025-12-28 15:00";2.32;"A";80.48;"A";983.96;"A";100;"A";35;"A";0;"A";27;"A";8;"A";8.69;"A";5.9;"A";4.83;"A"
"2025-12-28 15:15";2.24;"A";80.89;"A";983.99;"A";92;"A";35;"A";0;"A";26;"A";8;"A";6.69;"A";4.65;"A";4.2;"A"
"2025-12-28 15:30";2.09;"A";81.79;"A";984.08;"A";89;"A";34;"A";0;"A";27;"A";8;"A";6.82;"A";4.75;"A";4.29;"A"
"2025-12-28 15:45";1.92;"A";82.99;"A";984.3;"A";95;"A";34;"A";0;"A";27;"A";7;"A";5.92;"A";4.09;"A";3.66;"A"
"2025-12-28 16:00";1.82;"A";83.54;"A";984.37;"A";100;"A";34;"A";0;"A";26;"A";7;"A";7.15;"A";4.99;"A";4.52;"A"
"2025-12-28 16:15";1.78;"A";83.56;"A";984.51;"A";130;"A";33;"A";0;"A";27;"A";6;"A";10.81;"A";7.67;"A";7.08;"A"
"2025-12-28 16:30";1.78;"A";83.41;"A";984.63;"A";144;"A";33;"A";0;"A";26;"A";7;"A";8.29;"A";5.82;"A";5.32;"A"
"2025-12-28 16:45";1.78;"A";83.13;"A";984.56;"A";116;"A";33;"A";0;"A";26;"A";7;"A";9.26;"A";6.54;"A";6;"A"
"2025-12-28 17:00";1.74;"A";83.59;"A";984.6;"A";112;"A";33;"A";0;"A";26;"A";6;"A";10.56;"A";7.49;"A";6.91;"A"
"2025-12-28 17:15";1.27;"A";85.79;"A";984.91;"A";124;"A";33;"A";0;"A";26;"A";8;"A";8.99;"A";6.34;"A";5.81;"A"
"2025-12-28 17:30";0.94;"A";82.72;"A";984.98;"A";77;"A";35;"A";0;"A";27;"A";8;"A";6.89;"A";4.85;"A";3.68;"A"
"2025-12-28 17:45";0.71;"A";82.09;"A";985.28;"A";97;"A";37;"A";0;"A";31;"A";6;"A";7.07;"A";4.93;"A";4.29;"A"
"2025-12-28 18:00";0.57;"A";82.12;"A";985.37;"A";130;"A";37;"A";0;"A";34;"A";3;"A";8.16;"A";5.73;"A";5.23;"A"
"2025-12-28 18:15";0.43;"A";82.19;"A";985.35;"A";120;"A";36;"A";0;"A";31;"A";5;"A";11.11;"A";7.89;"A";7.29;"A"
"2025-12-28 18:30";0.29;"A";82.27;"A";985.24;"A";156;"A";36;"A";0;"A";33;"A";3;"A";10.1;"A";7.15;"A";6.58;"A"
"2025-12-28 18:45";0.11;"A";82.27;"A";985.34;"A";144;"A";36;"A";0;"A";32;"A";4;"A";12.38;"A";8.82;"A";8.18;"A"
"2025-12-28 19:00";0.02;"A";82.42;"A";985.44;"A";116;"A";36;"A";0;"A";31;"A";5;"A";8.97;"A";6.33;"A";5.8;"A"
"2025-12-28 19:15";-0.09;"A";82.52;"A";985.42;"A";92;"A";35;"A";0;"A";30;"A";5;"A";9.34;"A";6.6;"A";6.05;"A"
"2025-12-28 19:30";-0.12;"A";82.28;"A";985.43;"A";86;"A";35;"A";0;"A";29;"A";6;"A";11.17;"A";7.94;"A";7.34;"A"
"2025-12-28 19:45";0;"A";81.46;"A";985.45;"A";80;"A";35;"A";0;"A";29;"A";7;"A";11.82;"A";8.41;"A";7.79;"A"
"2025-12-28 20:00";0.07;"A";81.53;"A";985.45;"A";79;"A";35;"A";0;"A";28;"A";7;"A";11.24;"A";7.99;"A";7.38;"A"
"2025-12-28 20:15";0.2;"A";80.95;"A";985.5;"A";73;"A";35;"A";0;"A";28;"A";7;"A";10.46;"A";7.48;"A";6.71;"A"
"2025-12-28 20:30";0.31;"A";81.24;"A";985.46;"A";73;"A";35;"A";0;"A";28;"A";7;"A";13.03;"A";9.29;"A";8.63;"A"
"2025-12-28 20:45";0.33;"A";81.04;"A";985.48;"A";80;"A";34;"A";0;"A";28;"A";7;"A";12.07;"A";8.66;"A";7.66;"A"
"2025-12-28 21:00";0.37;"A";81.49;"A";985.48;"A";80;"A";35;"A";0;"A";27;"A";7;"A";9.03;"A";6.37;"A";5.84;"A"
"2025-12-28 21:15";0.48;"A";81.1;"A";985.48;"A";72;"A";34;"A";0;"A";27;"A";7;"A";7.21;"A";5.1;"A";4.32;"A"
"2025-12-28 21:30";0.53;"A";80.53;"A";985.49;"A";65;"A";35;"A";0;"A";27;"A";8;"A";8.76;"A";6.65;"A";5.64;"A"
"2025-12-28 21:45";0.55;"A";80.73;"A";985.37;"A";68;"A";35;"A";0;"A";26;"A";9;"A";9.88;"A";6.93;"A";6.37;"A"
"2025-12-28 22:00";0.59;"A";80.27;"A";985.34;"A";70;"A";34;"A";0;"A";27;"A";7;"A";7.04;"A";5.38;"A";4.2;"A"
"2025-12-28 22:15";0.48;"A";80.63;"A";985.23;"A";99;"A";34;"A";0;"A";27;"A";7;"A";10.59;"A";8.37;"A";5.89;"A"
"2025-12-28 22:30";0.32;"A";81.7;"A";985.17;"A";115;"A";33;"A";0;"A";26;"A";7;"A";15.51;"A";11.39;"A";10.52;"A"
"2025-12-28 22:45";0.3;"A";81.71;"A";984.98;"A";96;"A";33;"A";0;"A";25;"A";8;"A";9.27;"A";6.55;"A";6.01;"A"
"2025-12-28 23:00";0.34;"A";83.04;"A";984.85;"A";62;"A";33;"A";0;"A";26;"A";7;"A";6.35;"A";4.41;"A";3.96;"A"
"2025-12-28 23:15";0.22;"A";85.27;"A";984.64;"A";60;"A";34;"A";0;"A";26;"A";8;"A";6.64;"A";4.62;"A";4.16;"A"
"2025-12-28 23:30";0.19;"A";86.18;"A";984.57;"A";56;"A";34;"A";0;"A";25;"A";8;"A";5.31;"A";3.65;"A";3.24;"A"
"2025-12-28 23:45";0.24;"A";86.57;"A";984.33;"A";56;"A";33;"A";0;"A";25;"A";8;"A";5.17;"A";3.54;"A";3.13;"A"
"2025-12-29 00:00";0.28;"A";86.86;"A";984.28;"A";57;"A";33;"A";0;"A";25;"A";8;"A";5.18;"A";3.55;"A";3.14;"A"
"2025-12-29 00:15";0.37;"A";86.72;"A";984.17;"A";55;"A";33;"A";0;"A";24;"A";9;"A";4.81;"A";3.28;"A";2.88;"A"
"2025-12-29 00:30";0.41;"A";86.98;"A";983.89;"A";52;"A";32;"A";0;"A";24;"A";8;"A";4.6;"A";3.12;"A";2.73;"A"
"2025-12-29 00:45";0.49;"A";87.39;"A";983.77;"A";56;"A";32;"A";0;"A";23;"A";9;"A";4.65;"A";3.16;"A";2.77;"A"
"2025-12-29 01:00";0.77;"A";86.55;"A";983.76;"A";45;"A";31;"A";0;"A";22;"A";9;"A";3.15;"A";2.06;"A";1.72;"A"
"2025-12-29 01:15";0.85;"A";86.16;"A";983.65;"A";40;"A";31;"A";0;"A";21;"A";10;"A";2.46;"A";1.56;"A";1.24;"A"
"2025-12-29 01:30";0.83;"A";86.04;"A";983.63;"A";39;"A";31;"A";0;"A";22;"A";9;"A";2.76;"A";1.77;"A";1.45;"A"
"2025-12-29 01:45";0.75;"A";86.49;"A";983.75;"A";38;"A";31;"A";0;"A";21;"A";9;"A";2.71;"A";1.74;"A";1.41;"A"
"2025-12-29 02:00";0.7;"A";86.26;"A";983.77;"A";38;"A";31;"A";0;"A";22;"A";9;"A";2.92;"A";1.89;"A";1.56;"A"
"2025-12-29 02:15";0.73;"A";85.45;"A";983.88;"A";37;"A";31;"A";0;"A";22;"A";9;"A";2.82;"A";1.82;"A";1.49;"A"
"2025-12-29 02:30";0.57;"A";86.78;"A";983.85;"A";36;"A";31;"A";0;"A";23;"A";8;"A";2.81;"A";1.81;"A";1.49;"A"
"2025-12-29 02:45";0.51;"A";86.39;"A";983.96;"A";38;"A";31;"A";0;"A";21;"A";9;"A";2.76;"A";1.77;"A";1.45;"A"
"2025-12-29 03:00";0.52;"A";85.71;"A";984.08;"A";38;"A";30;"A";0;"A";22;"A";8;"A";2.92;"A";1.89;"A";1.56;"A"
"2025-12-29 03:15";0.53;"A";84.55;"A";984.19;"A";38;"A";30;"A";0;"A";22;"A";8;"A";3.65;"A";2.42;"A";2.07;"A"
"2025-12-29 03:30";0.45;"A";85.03;"A";984.25;"A";36;"A";31;"A";0;"A";23;"A";8;"A";4.2;"A";2.83;"A";2.46;"A"
"2025-12-29 03:45";0.35;"A";85.93;"A";984.3;"A";35;"A";31;"A";0;"A";23;"A";8;"A";4.31;"A";2.91;"A";2.53;"A"
"2025-12-29 04:00";0.3;"A";85.06;"A";984.42;"A";35;"A";30;"A";0;"A";22;"A";8;"A";4.55;"A";3.08;"A";2.7;"A"
"2025-12-29 04:15";0.23;"A";85.39;"A";984.5;"A";35;"A";31;"A";0;"A";22;"A";9;"A";3.9;"A";2.61;"A";2.25;"A"
"2025-12-29 04:30";0.15;"A";85.67;"A";984.53;"A";36;"A";30;"A";0;"A";21;"A";9;"A";3.81;"A";2.54;"A";2.18;"A"
"2025-12-29 04:45";0.1;"A";85.68;"A";984.68;"A";35;"A";29;"A";0;"A";21;"A";8;"A";4.91;"A";3.35;"A";2.95;"A"
"2025-12-29 05:00";0.01;"A";85.71;"A";984.79;"A";35;"A";29;"A";0;"A";21;"A";9;"A";4.96;"A";3.38;"A";2.99;"A"
"2025-12-29 05:15";-0.01;"A";84.13;"A";984.88;"A";35;"A";29;"A";0;"A";20;"A";9;"A";6.12;"A";4.24;"A";3.8;"A"
"2025-12-29 05:30";0.01;"A";83.06;"A";985.05;"A";42;"A";29;"A";0;"A";22;"A";8;"A";5.78;"A";3.98;"A";3.56;"A"
"2025-12-29 05:45";-0.05;"A";82.04;"A";985.14;"A";40;"A";29;"A";0;"A";21;"A";8;"A";7.59;"A";6.14;"A";4.91;"A"
"2025-12-29 06:00";-0.18;"A";82.45;"A";985.29;"A";39;"A";29;"A";0;"A";22;"A";7;"A";9.4;"A";6.72;"A";6.07;"A"
"2025-12-29 06:15";-0.28;"A";83.66;"A";985.37;"A";46;"A";29;"A";0;"A";22;"A";7;"A";9.35;"A";6.6;"A";6.06;"A"
"2025-12-29 06:30";-0.35;"A";84.89;"A";985.46;"A";49;"A";29;"A";0;"A";22;"A";7;"A";8.57;"A";6.03;"A";5.51;"A"
"2025-12-29 06:45";-0.31;"A";84.14;"A";985.65;"A";45;"A";28;"A";0;"A";21;"A";7;"A";8.73;"A";6.15;"A";5.63;"A"
"2025-12-29 07:00";-0.24;"A";84.31;"A";985.73;"A";45;"A";29;"A";0;"A";22;"A";7;"A";7.45;"A";5.21;"A";4.73;"A"
"2025-12-29 07:15";-0.34;"A";84.95;"A";985.98;"A";43;"A";29;"A";0;"A";22;"A";7;"A";6.01;"A";4.16;"A";3.72;"A"
"2025-12-29 07:30";-0.39;"A";85.42;"A";986.07;"A";56;"A";30;"A";0;"A";24;"A";6;"A";9.53;"A";6.74;"A";6.19;"A"
"2025-12-29 07:45";-0.35;"A";86.15;"A";986.29;"A";76;"A";30;"A";0;"A";24;"A";6;"A";9;"A";6.35;"A";5.82;"A"
"2025-12-29 08:00";-0.35;"A";84.67;"A";986.59;"A";70;"A";31;"A";0;"A";24;"A";7;"A";5.16;"A";3.53;"A";3.13;"A"
"2025-12-29 08:15";-0.36;"A";84.29;"A";986.78;"A";116;"A";32;"A";0;"A";28;"A";4;"A";8.82;"A";6.21;"A";5.69;"A"
"2025-12-29 08:30";-0.48;"A";83.99;"A";987.03;"A";70;"A";33;"A";0;"A";25;"A";7;"A";4.81;"A";3.28;"A";2.89;"A"
"2025-12-29 08:45";-0.53;"A";83.49;"A";987.25;"A";135;"A";33;"A";0;"A";27;"A";6;"A";8.05;"A";5.62;"A";5.01;"A"
"2025-12-29 09:00";-0.59;"A";83.14;"A";987.52;"A";92;"A";35;"A";0;"A";29;"A";5;"A";7.35;"A";5.13;"A";4.38;"A"
"2025-12-29 09:15";-0.64;"A";82.89;"A";987.57;"A";190;"A";33;"A";0;"A";27;"A";7;"A";13.51;"A";9.65;"A";8.97;"A"
"2025-12-29 09:30";-0.6;"A";82.43;"A";987.64;"A";85;"A";34;"A";0;"A";28;"A";6;"A";8.15;"A";5.74;"A";5.22;"A"
"2025-12-29 09:45";-0.54;"A";82.17;"A";987.85;"A";166;"A";33;"A";0;"A";27;"A";6;"A";17.4;"A";12.9;"A";11.38;"A"
"2025-12-29 10:00";-0.52;"A";81.47;"A";988.01;"A";130;"A";36;"A";0;"A";31;"A";5;"A";8.4;"A";6.19;"A";4.82;"A"
"2025-12-29 10:15";-0.42;"A";81;"A";987.97;"A";264;"A";34;"A";0;"A";28;"A";6;"A";7.7;"A";5.61;"A";4.11;"A"
"2025-12-29 10:30";-0.35;"A";80.62;"A";988.2;"A";86;"A";34;"A";0;"A";27;"A";6;"A";12.18;"A";9.58;"A";7.2;"A"
"2025-12-29 10:45";-0.35;"A";80.74;"A";988.21;"A";157;"A";37;"A";0;"A";34;"A";4;"A";15.19;"A";11.66;"A";9.11;"A"
"2025-12-29 11:00";-0.42;"A";81.36;"A";988.15;"A";77;"A";34;"A";0;"A";28;"A";7;"A";8.32;"A";6.29;"A";4.48;"A"
"2025-12-29 11:15";-0.49;"A";80.9;"A";988.19;"A";81;"A";34;"A";0;"A";28;"A";6;"A";7.88;"A";5.58;"A";4.34;"A"
"2025-12-29 11:30";-0.53;"A";81.2;"A";988.19;"A";81;"A";35;"A";0;"A";30;"A";5;"A";9.35;"A";7.04;"A";4.94;"A"
"2025-12-29 11:45";-0.6;"A";81.25;"A";988.12;"A";139;"A";35;"A";0;"A";29;"A";5;"A";16.38;"A";12.35;"A";8.6;"A"
"2025-12-29 12:00";-0.54;"A";80.99;"A";988.15;"A";116;"A";35;"A";0;"A";31;"A";5;"A";13.11;"A";10.39;"A";7.79;"A"
"2025-12-29 12:15";-0.55;"A";82.19;"A";988.26;"A";118;"A";35;"A";0;"A";32;"A";3;"A";9.18;"A";6.56;"A";5.39;"A"
"2025-12-29 12:30";-0.61;"A";82.13;"A";988.42;"A";100;"A";34;"A";0;"A";30;"A";4;"A";9.94;"A";6.85;"A";6.1;"A"
"2025-12-29 12:45";-0.72;"A";82;"A";988.43;"A";98;"A";34;"A";0;"A";30;"A";4;"A";9.29;"A";6.71;"A";5.9;"A"
"2025-12-29 13:00";-0.59;"A";80.2;"A";988.65;"A";123;"A";34;"A";0;"A";30;"A";4;"A";12.76;"A";9.7;"A";7.06;"A"
"2025-12-29 13:15";-0.59;"A";79.81;"A";988.86;"A";301;"A";34;"A";0;"A";31;"A";3;"A";8.04;"A";5.88;"A";4.15;"A"
"2025-12-29 13:30";-0.6;"A";80.14;"A";988.96;"A";107;"A";34;"A";0;"A";31;"A";4;"A";9.09;"A";6.78;"A";4.94;"A"
"2025-12-29 13:45";-0.73;"A";80;"A";989.18;"A";89;"A";35;"A";0;"A";31;"A";4;"A";8.48;"A";6.09;"A";4.27;"A"
"2025-12-29 14:00";-0.85;"A";80.08;"A";989.29;"A";116;"A";35;"A";0;"A";31;"A";3;"A";8.43;"A";6.16;"A";4.55;"A"
"2025-12-29 14:15";-1.01;"A";81.52;"A";989.5;"A";112;"A";35;"A";0;"A";31;"A";3;"A";10.59;"A";7.16;"A";5.21;"A"
"2025-12-29 14:30";-1.07;"A";80.25;"A";989.86;"A";116;"A";35;"A";0;"A";31;"A";4;"A";10.75;"A";8.29;"A";6.43;"A"
"2025-12-29 14:45";-1.21;"A";80.24;"A";990.24;"A";121;"A";35;"A";0;"A";32;"A";3;"A";9.21;"A";6.89;"A";4.87;"A"
"2025-12-29 15:00";-1.45;"A";79.59;"A";990.44;"A";120;"A";35;"A";0;"A";32;"A";3;"A";9.71;"A";7.08;"A";5;"A"
"2025-12-29 15:15";-1.57;"A";78.34;"A";990.5;"A";123;"A";35;"A";0;"A";32;"A";2;"A";23.22;"A";18.73;"A";12.94;"A"
"2025-12-29 15:30";-1.73;"A";78.33;"A";990.7;"A";120;"A";34;"A";0;"A";32;"A";2;"A";14.81;"A";10.92;"A";7.85;"A"
"2025-12-29 15:45";-1.81;"A";78.08;"A";990.94;"A";130;"A";34;"A";0;"A";33;"A";1;"A";12.85;"A";10.05;"A";7.09;"A"
"2025-12-29 16:00";-1.93;"A";77.95;"A";991.03;"A";150;"A";34;"A";0;"A";34;"A";0;"A";13.1;"A";9.8;"A";7.14;"A"
"2025-12-29 16:15";-2.07;"A";77.78;"A";991.11;"A";165;"A";34;"A";0;"A";35;"A";0;"A";21.05;"A";16.72;"A";12.47;"A"
"2025-12-29 16:30";-2.23;"A";78.38;"A";991.13;"A";153;"A";34;"A";0;"A";34;"A";1;"A";14.26;"A";11.02;"A";8.22;"A"
"2025-12-29 16:45";-2.35;"A";78.27;"A";991.24;"A";181;"A";36;"A";0;"A";38;"A";1;"A";12.35;"A";9.56;"A";7.08;"A"
"2025-12-29 17:00";-2.61;"A";77.55;"A";991.7;"A";126;"A";34;"A";0;"A";32;"A";1;"A";10.71;"A";8.14;"A";5.82;"A"
"2025-12-29 17:15";-2.69;"A";77.16;"A";991.75;"A";147;"A";34;"A";0;"A";33;"A";1;"A";12.54;"A";9.37;"A";7.07;"A"
"2025-12-29 17:30";-2.72;"A";76.59;"A";991.89;"A";122;"A";35;"A";0;"A";33;"A";1;"A";12.16;"A";8.78;"A";6.08;"A"
"2025-12-29 17:45";-2.82;"A";75.87;"A";991.95;"A";122;"A";36;"A";0;"A";35;"A";1;"A";11.94;"A";8.47;"A";5.94;"A"
"2025-12-29 18:00";-2.91;"A";75.6;"A";992;"A";118;"A";36;"A";0;"A";35;"A";2;"A";13;"A";9.41;"A";6.66;"A"
"2025-12-29 18:15";-2.88;"A";74.84;"A";991.87;"A";116;"A";36;"A";0;"A";35;"A";1;"A";18.68;"A";14.17;"A";9.95;"A"
"2025-12-29 18:30";-2.98;"A";75.34;"A";991.81;"A";111;"A";36;"A";0;"A";34;"A";2;"A";21.7;"A";16.71;"A";11.97;"A"
"2025-12-29 18:45";-3.08;"A";75.99;"A";991.91;"A";108;"A";36;"A";0;"A";34;"A";2;"A";17.05;"A";13.7;"A";9.99;"A"
"2025-12-29 19:00";-3.04;"A";77.03;"A";991.89;"A";109;"A";36;"A";0;"A";34;"A";2;"A";20.22;"A";15.71;"A";10.62;"A"
"2025-12-29 19:15";-2.74;"A";78.72;"A";992.16;"A";95;"A";37;"A";0;"A";34;"A";3;"A";18.96;"A";14.28;"A";10.19;"A"
"2025-12-29 19:30";-2.4;"A";79.74;"A";992.3;"A";88;"A";36;"A";0;"A";33;"A";3;"A";14.74;"A";10.36;"A";7.26;"A"
"2025-12-29 19:45";-2.04;"A";80.89;"A";992.24;"A";86;"A";36;"A";0;"A";32;"A";4;"A";11.88;"A";8.52;"A";6.78;"A"
"2025-12-29 20:00";-1.7;"A";81.81;"A";992.26;"A";85;"A";35;"A";0;"A";32;"A";3;"A";11.56;"A";8.22;"A";7.61;"A"
"2025-12-29 20:15";-1.43;"A";82.7;"A";992.37;"A";113;"A";35;"A";0;"A";32;"A";3;"A";11.37;"A";8.08;"A";7.48;"A"
"2025-12-29 20:30";-1.49;"A";83.12;"A";992.33;"A";136;"A";34;"A";0;"A";31;"A";4;"A";16.39;"A";11.76;"A";10.99;"A"
"2025-12-29 20:45";-1.6;"A";84.62;"A";992.13;"A";148;"A";35;"A";0;"A";31;"A";3;"A";19.2;"A";13.82;"A";12.95;"A"
"2025-12-29 21:00";-1.49;"A";85.39;"A";992.17;"A";162;"A";34;"A";0;"A";31;"A";3;"A";38.66;"A";28.07;"A";26.57;"A"
"2025-12-29 21:15";-1.24;"A";86.12;"A";992.06;"A";159;"A";33;"A";0;"A";31;"A";2;"A";33.73;"A";24.47;"A";23.13;"A"
"2025-12-29 21:30";-1.05;"A";86.18;"A";992.02;"A";153;"A";32;"A";0;"A";30;"A";3;"A";30.31;"A";21.96;"A";20.73;"A"
"2025-12-29 21:45";-0.41;"A";84.76;"A";992.05;"A";113;"A";33;"A";0;"A";29;"A";4;"A";15.26;"A";10.94;"A";10.2;"A"
"2025-12-29 22:00";0.04;"A";82.52;"A";991.98;"A";77;"A";33;"A";0;"A";27;"A";7;"A";11.54;"A";8.21;"A";7.6;"A"
"2025-12-29 22:15";0.22;"A";81.55;"A";992.08;"A";84;"A";34;"A";0;"A";28;"A";6;"A";14.32;"A";10.24;"A";9.54;"A"
"2025-12-29 22:30";0.32;"A";80.9;"A";992.26;"A";84;"A";35;"A";0;"A";29;"A";6;"A";13.37;"A";9.55;"A";8.87;"A"
"2025-12-29 22:45";0.27;"A";80.04;"A";992.25;"A";78;"A";35;"A";0;"A";29;"A";6;"A";16.42;"A";11.89;"A";8.92;"A"
"2025-12-29 23:00";0.29;"A";79.58;"A";992.22;"A";77;"A";35;"A";0;"A";29;"A";6;"A";15.57;"A";11.74;"A";8.02;"A"
"2025-12-29 23:15";0.32;"A";78.9;"A";992.22;"A";70;"A";35;"A";0;"A";29;"A";6;"A";12.9;"A";9.67;"A";7.06;"A"
"2025-12-29 23:30";0.27;"A";79.07;"A";992.23;"A";71;"A";35;"A";0;"A";28;"A";7;"A";13.28;"A";10.34;"A";7.38;"A"
"2025-12-29 23:45";0.23;"A";79.16;"A";992.21;"A";74;"A";35;"A";0;"A";28;"A";6;"A";15.55;"A";11.35;"A";8.38;"A"
"2025-12-30 00:00";0.19;"A";78.55;"A";992.22;"A";66;"A";35;"A";0;"A";28;"A";7;"A";20.06;"A";14.39;"A";10.47;"A"
"2025-12-30 00:15";0.12;"A";78.33;"A";992.2;"A";62;"A";35;"A";0;"A";28;"A";6;"A";14.27;"A";11.25;"A";8.25;"A"
"2025-12-30 00:30";0.02;"A";78.64;"A";992.21;"A";58;"A";35;"A";0;"A";27;"A";7;"A";15.11;"A";11.46;"A";8.51;"A"
"2025-12-30 00:45";-0.08;"A";78.57;"A";992.12;"A";58;"A";34;"A";0;"A";27;"A";7;"A";15.43;"A";12.5;"A";8.9;"A"
"2025-12-30 01:00";-0.2;"A";78.86;"A";992.33;"A";66;"A";34;"A";0;"A";28;"A";7;"A";17.43;"A";12.85;"A";9.24;"A"
"2025-12-30 01:15";-0.34;"A";78.26;"A";992.19;"A";65;"A";34;"A";0;"A";28;"A";6;"A";19.46;"A";14.99;"A";10.34;"A"
"2025-12-30 01:30";-0.4;"A";77.9;"A";992.09;"A";65;"A";34;"A";0;"A";28;"A";7;"A";17.05;"A";12.42;"A";9.22;"A"
"2025-12-30 01:45";-0.56;"A";77.02;"A";991.99;"A";58;"A";34;"A";0;"A";28;"A";7;"A";17.2;"A";12.74;"A";9.23;"A"
"2025-12-30 02:00";-0.74;"A";75.92;"A";991.98;"A";57;"A";35;"A";0;"A";28;"A";6;"A";17.27;"A";13.53;"A";9.68;"A"
"2025-12-30 02:15";-0.95;"A";75.92;"A";991.85;"A";58;"A";34;"A";0;"A";29;"A";5;"A";18.48;"A";14.55;"A";10.57;"A"
"2025-12-30 02:30";-1.39;"A";76.94;"A";991.68;"A";71;"A";34;"A";0;"A";29;"A";5;"A";18.03;"A";14.43;"A";10.47;"A"
"2025-12-30 02:45";-1.83;"A";77.35;"A";991.52;"A";62;"A";34;"A";0;"A";28;"A";6;"A";15.55;"A";12.52;"A";9.24;"A"
"2025-12-30 03:00";-2.19;"A";77.59;"A";991.4;"A";54;"A";33;"A";0;"A";28;"A";5;"A";18.28;"A";14.2;"A";10.17;"A"
"2025-12-30 03:15";-2.47;"A";78.89;"A";991.47;"A";56;"A";33;"A";0;"A";29;"A";4;"A";18.34;"A";15.01;"A";11.25;"A"
"2025-12-30 03:30";-2.35;"A";79.01;"A";991.4;"A";48;"A";33;"A";0;"A";30;"A";2;"A";18.77;"A";14.71;"A";10.43;"A"
"2025-12-30 03:45";-2.29;"A";78.9;"A";991.34;"A";45;"A";33;"A";0;"A";28;"A";5;"A";20.53;"A";16;"A";10.86;"A"
"2025-12-30 04:00";-2.23;"A";79.8;"A";991.25;"A";45;"A";32;"A";0;"A";27;"A";5;"A";20.12;"A";16.23;"A";11.32;"A"
"2025-12-30 04:15";-1.99;"A";80.1;"A";991.08;"A";45;"A";32;"A";0;"A";27;"A";6;"A";21.72;"A";17.12;"A";12.22;"A"
"2025-12-30 04:30";-1.73;"A";80.28;"A";990.92;"A";47;"A";32;"A";0;"A";26;"A";5;"A";21.62;"A";17.35;"A";12.87;"A"
"2025-12-30 04:45";-1.57;"A";80.29;"A";990.79;"A";52;"A";31;"A";0;"A";26;"A";5;"A";24.77;"A";19.33;"A";14.08;"A"
"2025-12-30 05:00";-1.56;"A";80.17;"A";990.76;"A";53;"A";31;"A";0;"A";29;"A";2;"A";24.11;"A";19.73;"A";13.95;"A"
"2025-12-30 05:15";-1.54;"A";80.1;"A";990.59;"A";54;"A";31;"A";0;"A";29;"A";3;"A";24.77;"A";19.66;"A";13.88;"A"
"2025-12-30 05:30";-1.46;"A";80.6;"A";990.61;"A";52;"A";31;"A";0;"A";27;"A";4;"A";26.5;"A";21.72;"A";14.57;"A"
"2025-12-30 05:45";-1.25;"A";81.1;"A";990.59;"A";53;"A";30;"A";0;"A";28;"A";3;"A";22.21;"A";17.1;"A";14.4;"A"
"2025-12-30 06:00";-1.18;"A";81.42;"A";990.51;"A";54;"A";30;"A";0;"A";26;"A";4;"A";20.55;"A";14.81;"A";13.9;"A"
"2025-12-30 06:15";-1.04;"A";81.66;"A";990.6;"A";65;"A";30;"A";0;"A";26;"A";4;"A";22.16;"A";15.98;"A";15.02;"A"
"2025-12-30 06:30";-0.88;"A";81.73;"A";990.58;"A";73;"A";30;"A";0;"A";26;"A";4;"A";22.32;"A";16.1;"A";15.14;"A"
"2025-12-30 06:45";-0.83;"A";81.82;"A";990.49;"A";73;"A";29;"A";0;"A";25;"A";5;"A";21.12;"A";15.23;"A";14.3;"A"
"2025-12-30 07:00";-0.79;"A";82.69;"A";990.36;"A";75;"A";29;"A";0;"A";25;"A";5;"A";22.98;"A";16.59;"A";15.6;"A"
"2025-12-30 07:15";-0.67;"A";83.49;"A";990.33;"A";81;"A";29;"A";0;"A";24;"A";5;"A";24.55;"A";17.74;"A";16.7;"A"
"2025-12-30 07:30";-0.66;"A";83.57;"A";990.33;"A";87;"A";29;"A";0;"A";24;"A";4;"A";24.66;"A";17.82;"A";16.78;"A"
"2025-12-30 07:45";-0.51;"A";82.69;"A";990.43;"A";90;"A";28;"A";0;"A";24;"A";4;"A";23.43;"A";16.92;"A";15.92;"A"
"2025-12-30 08:00";-0.46;"A";82.1;"A";990.46;"A";98;"A";29;"A";0;"A";26;"A";3;"A";22.91;"A";16.54;"A";15.55;"A"
"2025-12-30 08:15";-0.4;"A";81.81;"A";990.5;"A";85;"A";29;"A";0;"A";24;"A";4;"A";22.73;"A";16.4;"A";15.42;"A"
"2025-12-30 08:30";-0.27;"A";81.44;"A";990.51;"A";96;"A";29;"A";0;"A";25;"A";4;"A";27.02;"A";19.94;"A";18.18;"A"
"2025-12-30 08:45";-0.2;"A";80.84;"A";990.47;"A";116;"A";28;"A";0;"A";24;"A";4;"A";30.38;"A";22.66;"A";19.18;"A"
"2025-12-30 09:00";-0.09;"A";80.31;"A";990.54;"A";121;"A";29;"A";0;"A";25;"A";4;"A";28.56;"A";24.03;"A";17.02;"A"
"2025-12-30 09:15";-0.05;"A";80.12;"A";990.67;"A";126;"A";29;"A";0;"A";26;"A";4;"A";27.26;"A";21.93;"A";15.78;"A"
"2025-12-30 09:30";0.01;"A";79.8;"A";990.83;"A";234;"A";32;"A";0;"A";31;"A";2;"A";30.02;"A";25.03;"A";18.54;"A"
"2025-12-30 09:45";0.13;"A";79.91;"A";990.83;"A";365;"A";30;"A";0;"A";26;"A";4;"A";29.68;"A";24.17;"A";16.93;"A"
"2025-12-30 10:00";0.19;"A";79.79;"A";990.93;"A";150;"A";30;"A";0;"A";26;"A";4;"A";27.02;"A";21.98;"A";15.71;"A"
"2025-12-30 10:15";0.28;"A";79.18;"A";990.95;"A";133;"A";30;"A";0;"A";26;"A";4;"A";26.95;"A";21.27;"A";15.2;"A"
"2025-12-30 10:30";0.51;"A";78.39;"A";990.86;"A";163;"A";30;"A";0;"A";27;"A";4;"A";32.08;"A";25.77;"A";18.88;"A"
"2025-12-30 10:45";0.51;"A";78.43;"A";990.62;"A";158;"A";30;"A";0;"A";25;"A";5;"A";33.25;"A";26.35;"A";18.8;"A"
"2025-12-30 11:00";0.86;"A";77.77;"A";990.41;"A";155;"A";31;"A";0;"A";26;"A";5;"A";27.3;"A";22.19;"A";15.96;"A"
"2025-12-30 11:15";1.11;"A";76.56;"A";990.16;"A";123;"A";31;"A";0;"A";24;"A";7;"A";25.38;"A";20.33;"A";14.62;"A"
"2025-12-30 11:30";1.19;"A";76.15;"A";990.13;"A";152;"A";31;"A";0;"A";25;"A";6;"A";23.34;"A";19.39;"A";14.22;"A"
"2025-12-30 11:45";0.97;"A";76.89;"A";990.21;"A";140;"A";32;"A";0;"A";28;"A";4;"A";26.84;"A";21.98;"A";15.18;"A"
"2025-12-30 12:00";0.84;"A";77.88;"A";990.49;"A";163;"A";32;"A";0;"A";28;"A";4;"A";29.69;"A";24.94;"A";18.27;"A"
"2025-12-30 12:15";0.86;"A";78.45;"A";990.5;"A";184;"A";33;"A";0;"A";30;"A";4;"A";28.07;"A";24.03;"A";17.61;"A"
"2025-12-30 12:30";1.01;"A";76.32;"A";990.22;"A";139;"A";33;"A";0;"A";28;"A";5;"A";22.87;"A";17.57;"A";12.84;"A"
"2025-12-30 12:45";1;"A";74.11;"A";990.16;"A";123;"A";35;"A";0;"A";31;"A";4;"A";16.06;"A";12.72;"A";9.47;"A"
"2025-12-30 13:00";0.91;"A";73.95;"A";990.31;"A";129;"A";36;"A";0;"A";33;"A";3;"A";18.82;"A";14.57;"A";10.67;"A"
"2025-12-30 13:15";0.79;"A";72.22;"A";990.22;"A";129;"A";37;"A";0;"A";33;"A";4;"A";14.46;"A";10.99;"A";7.93;"A"
"2025-12-30 13:30";0.85;"A";70.63;"A";990.34;"A";131;"A";38;"A";0;"A";35;"A";3;"A";13.93;"A";10.05;"A";7.31;"A"
"2025-12-30 13:45";0.97;"A";68.42;"A";990.38;"A";128;"A";38;"A";0;"A";32;"A";6;"A";11.13;"A";8.37;"A";5.93;"A"
"2025-12-30 14:00";0.47;"A";67.97;"A";990.62;"A";121;"A";39;"A";0;"A";36;"A";3;"A";11.77;"A";8.6;"A";6.08;"A"
"2025-12-30 14:15";0.1;"A";69.39;"A";990.76;"A";138;"A";40;"A";0;"A";38;"A";2;"A";11.46;"A";8.51;"A";5.8;"A"
"2025-12-30 14:30";0.05;"A";68.93;"A";990.98;"A";142;"A";39;"A";0;"A";37;"A";2;"A";11.53;"A";8.54;"A";5.82;"A"
"2025-12-30 14:45";-0.16;"A";67.12;"A";991.09;"A";130;"A";39;"A";0;"A";36;"A";3;"A";8.63;"A";5.73;"A";4.05;"A"
"2025-12-30 15:00";-0.49;"A";67.5;"A";990.93;"A";152;"A";40;"A";0;"A";41;"A";1;"A";13.81;"A";9.83;"A";6.79;"A"
"2025-12-30 15:15";-0.54;"A";70.35;"A";991.02;"A";140;"A";40;"A";0;"A";40;"A";1;"A";11.79;"A";8.52;"A";6.05;"A"
"2025-12-30 15:30";-0.69;"A";71.12;"A";991.39;"A";98;"A";38;"A";0;"A";35;"A";3;"A";17.94;"A";12.83;"A";8.65;"A"
"2025-12-30 15:45";-0.91;"A";71.05;"A";991.49;"A";93;"A";38;"A";0;"A";35;"A";3;"A";10.97;"A";8.05;"A";5.6;"A"
"2025-12-30 16:00";-1.17;"A";70.51;"A";991.5;"A";108;"A";38;"A";0;"A";37;"A";1;"A";11.09;"A";7.72;"A";5.03;"A"
"2025-12-30 16:15";-1.36;"A";68.4;"A";991.63;"A";66;"A";38;"A";0;"A";35;"A";3;"A";8.73;"A";5.72;"A";3.85;"A"
"2025-12-30 16:30";-1.49;"A";68.86;"A";991.87;"A";146;"A";46;"A";0;"A";50;"A";2;"A";12.6;"A";9.49;"A";6.45;"A"
"2025-12-30 16:45";-1.66;"A";69.1;"A";992.04;"A";102;"A";41;"A";0;"A";41;"A";2;"A";15.39;"A";11.07;"A";8.2;"A"
"2025-12-30 17:00";-1.83;"A";70.14;"A";992.31;"A";660;"A";38;"A";2;"A";37;"A";1;"A";15.24;"A";11.18;"A";7.58;"A"
"2025-12-30 17:15";-1.86;"A";69.14;"A";992.53;"A";219;"A";39;"A";0;"A";39;"A";2;"A";13.3;"A";8.31;"A";5.73;"A"
"2025-12-30 17:30";-1.79;"A";68.82;"A";992.43;"A";165;"A";43;"A";0;"A";47;"A";0;"A";12.75;"A";9.13;"A";6.29;"A"
"2025-12-30 17:45";-1.88;"A";70.15;"A";992.34;"A";125;"A";37;"A";0;"A";37;"A";1;"A";18.4;"A";12.7;"A";9.24;"A"
"2025-12-30 18:00";-2.26;"A";70.58;"A";992.46;"A";183;"A";36;"A";0;"A";36;"A";0;"A";35.35;"A";24.83;"A";17.88;"A"
"2025-12-30 18:15";-2.64;"A";70.97;"A";992.5;"A";257;"A";35;"A";0;"A";38;"A";0;"A";34.92;"A";26.89;"A";18.93;"A"
"2025-12-30 18:30";-3.11;"A";71.33;"A";992.41;"A";310;"A";35;"A";0;"A";39;"A";0;"A";54.15;"A";41.22;"A";29.52;"A"
"2025-12-30 18:45";-3.43;"A";72.77;"A";992.42;"A";308;"A";34;"A";0;"A";38;"A";0;"A";54.56;"A";41.06;"A";29.5;"A"
"2025-12-30 19:00";-3.6;"A";73.06;"A";992.55;"A";320;"A";33;"A";0;"A";37;"A";0;"A";87.86;"A";70.19;"A";48.54;"A"
"2025-12-30 19:15";-3.87;"A";74.36;"A";992.58;"A";247;"A";34;"A";0;"A";36;"A";0;"A";47.81;"A";37.04;"A";26.46;"A"
"2025-12-30 19:30";-4.17;"A";74.97;"A";992.75;"A";253;"A";33;"A";0;"A";35;"A";0;"A";34.26;"A";25.3;"A";18.32;"A"
"2025-12-30 19:45";-4.32;"A";74.91;"A";992.86;"A";180;"A";33;"A";0;"A";35;"A";0;"A";19.41;"A";14.76;"A";10.34;"A"
"2025-12-30 20:00";-4.54;"A";76.17;"A";993.16;"A";186;"A";34;"A";0;"A";35;"A";0;"A";19.49;"A";14.26;"A";10.06;"A"
"2025-12-30 20:15";-4.64;"A";76.22;"A";993.13;"A";165;"A";33;"A";0;"A";34;"A";0;"A";18.02;"A";13.24;"A";9.62;"A"
"2025-12-30 20:30";-4.7;"A";76.26;"A";993.18;"A";166;"A";34;"A";0;"A";34;"A";0;"A";17.44;"A";12.78;"A";8.96;"A"
"2025-12-30 20:45";-4.58;"A";76.81;"A";993.26;"A";169;"A";33;"A";0;"A";34;"A";0;"A";20.85;"A";14.71;"A";10.29;"A"
"2025-12-30 21:00";-4.27;"A";75.42;"A";993.14;"A";183;"A";32;"A";0;"A";36;"A";0;"A";25.97;"A";19.36;"A";13.94;"A"
"2025-12-30 21:15";-4.15;"A";74.87;"A";993.28;"A";182;"A";32;"A";0;"A";36;"A";0;"A";30.74;"A";22.45;"A";16.07;"A"
"2025-12-30 21:30";-4.06;"A";75.07;"A";993.27;"A";161;"A";33;"A";0;"A";35;"A";0;"A";26.81;"A";19.91;"A";14.29;"A"
"2025-12-30 21:45";-3.92;"A";75.73;"A";993.21;"A";130;"A";33;"A";0;"A";34;"A";0;"A";19.72;"A";14.93;"A";10.28;"A"
"2025-12-30 22:00";-3.77;"A";75.2;"A";993.04;"A";139;"A";37;"A";0;"A";43;"A";0;"A";34.28;"A";26.22;"A";18.55;"A"
"2025-12-30 22:15";-3.91;"A";75.16;"A";992.88;"A";102;"A";33;"A";0;"A";32;"A";1;"A";17.92;"A";13.21;"A";9.27;"A"
"2025-12-30 22:30";-4.02;"A";75.29;"A";992.89;"A";85;"A";33;"A";0;"A";33;"A";0;"A";18.07;"A";13.26;"A";9.28;"A"
"2025-12-30 22:45";-4.12;"A";75.14;"A";992.76;"A";73;"A";32;"A";0;"A";33;"A";0;"A";12.78;"A";8.85;"A";6.37;"A"
"2025-12-30 23:00";-4.07;"A";75.47;"A";992.73;"A";79;"A";32;"A";0;"A";32;"A";0;"A";12.43;"A";9.15;"A";6.82;"A"
"2025-12-30 23:15";-3.88;"A";73.5;"A";992.56;"A";76;"A";32;"A";0;"A";33;"A";0;"A";13.89;"A";10.11;"A";7.19;"A"
"2025-12-30 23:30";-3.92;"A";72.89;"A";992.44;"A";74;"A";31;"A";0;"A";34;"A";0;"A";14.04;"A";10.26;"A";7.01;"A"
"2025-12-30 23:45";-3.99;"A";73.61;"A";992.4;"A";70;"A";32;"A";0;"A";33;"A";0;"A";15.2;"A";11.02;"A";7.67;"A"
"2025-12-31 00:00";-3.92;"A";74.59;"A";992.47;"A";69;"A";32;"A";0;"A";33;"A";0;"A";14.37;"A";10.26;"A";7.3;"A"
"2025-12-31 00:15";-3.81;"A";74.44;"A";992.41;"A";66;"A";32;"A";0;"A";31;"A";1;"A";15.49;"A";11.02;"A";7.81;"A"
"2025-12-31 00:30";-3.91;"A";75.46;"A";992.33;"A";64;"A";32;"A";0;"A";31;"A";0;"A";14.47;"A";9.99;"A";7.25;"A"
"2025-12-31 00:45";-4.12;"A";76;"A";992.11;"A";56;"A";31;"A";0;"A";30;"A";1;"A";11.71;"A";8.32;"A";5.86;"A"
"2025-12-31 01:00";-4.33;"A";76.2;"A";992.16;"A";56;"A";31;"A";0;"A";29;"A";2;"A";10.4;"A";8.1;"A";5.75;"A"
"2025-12-31 01:15";-4.46;"A";76.4;"A";992.18;"A";50;"A";31;"A";0;"A";29;"A";2;"A";12.07;"A";8.65;"A";5.88;"A"
"2025-12-31 01:30";-4.53;"A";76.94;"A";992.22;"A";61;"A";31;"A";0;"A";29;"A";1;"A";14.88;"A";10.6;"A";7.54;"A"
"2025-12-31 01:45";-4.6;"A";77.42;"A";992.07;"A";54;"A";31;"A";0;"A";30;"A";1;"A";14.81;"A";11.3;"A";8.38;"A"
"2025-12-31 02:00";-4.64;"A";77.44;"A";992.17;"A";50;"A";30;"A";0;"A";30;"A";1;"A";13.3;"A";10.56;"A";7.53;"A"
"2025-12-31 02:15";-4.75;"A";77.77;"A";992.15;"A";51;"A";30;"A";0;"A";30;"A";1;"A";14.46;"A";10.54;"A";7.54;"A"
"2025-12-31 02:30";-4.86;"A";78.26;"A";992.09;"A";52;"A";30;"A";0;"A";30;"A";1;"A";13.96;"A";11.24;"A";8.19;"A"
"2025-12-31 02:45";-4.9;"A";78.45;"A";992.05;"A";63;"A";31;"A";0;"A";32;"A";1;"A";16.73;"A";11.78;"A";8.45;"A"
"2025-12-31 03:00";-4.91;"A";78.79;"A";991.83;"A";48;"A";30;"A";0;"A";29;"A";1;"A";14.17;"A";10.67;"A";7.44;"A"
"2025-12-31 03:15";-4.98;"A";79.01;"A";991.85;"A";47;"A";30;"A";0;"A";29;"A";1;"A";12.71;"A";9.65;"A";6.82;"A"
"2025-12-31 03:30";-5.08;"A";79.2;"A";991.72;"A";45;"A";30;"A";0;"A";29;"A";1;"A";13.01;"A";9.55;"A";6.64;"A"
"2025-12-31 03:45";-5.15;"A";79.73;"A";991.73;"A";42;"A";29;"A";0;"A";28;"A";1;"A";13.52;"A";9.82;"A";6.8;"A"
"2025-12-31 04:00";-5.15;"A";79.4;"A";991.43;"A";43;"A";29;"A";0;"A";29;"A";1;"A";12.84;"A";9.59;"A";6.9;"A"
"2025-12-31 04:15";-5.28;"A";79.27;"A";991.4;"A";42;"A";29;"A";0;"A";29;"A";1;"A";13.55;"A";9.53;"A";6.66;"A"
"2025-12-31 04:30";-5.33;"A";79.55;"A";991.26;"A";41;"A";29;"A";0;"A";28;"A";1;"A";13.51;"A";9.5;"A";7;"A"
"2025-12-31 04:45";-5.26;"A";79.47;"A";991.07;"A";40;"A";29;"A";0;"A";29;"A";0;"A";14.47;"A";10.06;"A";7.25;"A"
"2025-12-31 05:00";-5.31;"A";79.65;"A";990.82;"A";48;"A";29;"A";0;"A";28;"A";1;"A";16.88;"A";12.31;"A";8.65;"A"
"2025-12-31 05:15";-5.42;"A";79.74;"A";990.71;"A";53;"A";28;"A";0;"A";27;"A";1;"A";15.65;"A";11.69;"A";8.38;"A"
"2025-12-31 05:30";-5.46;"A";79.8;"A";990.77;"A";47;"A";29;"A";0;"A";27;"A";1;"A";16.76;"A";11.41;"A";7.84;"A"
"2025-12-31 05:45";-5.43;"A";79.6;"A";990.54;"A";43;"A";29;"A";0;"A";29;"A";0;"A";16.22;"A";12.22;"A";8.82;"A"
"2025-12-31 06:00";-5.44;"A";79.29;"A";990.5;"A";41;"A";29;"A";0;"A";29;"A";0;"A";14.11;"A";10.05;"A";7.12;"A"
"2025-12-31 06:15";-5.48;"A";79.49;"A";990.57;"A";41;"A";28;"A";0;"A";28;"A";0;"A";12.89;"A";8.52;"A";6.41;"A"
"2025-12-31 06:30";-5.47;"A";79.42;"A";990.44;"A";41;"A";29;"A";0;"A";28;"A";1;"A";11.48;"A";8.18;"A";6.15;"A"
"2025-12-31 06:45";-5.45;"A";79.26;"A";990.51;"A";57;"A";30;"A";0;"A";32;"A";0;"A";11.79;"A";8.73;"A";6.13;"A"
"2025-12-31 07:00";-5.41;"A";78.86;"A";990.4;"A";42;"A";29;"A";0;"A";27;"A";1;"A";12.16;"A";8.37;"A";5.45;"A"
"2025-12-31 07:15";-5.27;"A";80.59;"A";990.36;"A";55;"A";30;"A";0;"A";30;"A";1;"A";12.76;"A";8.93;"A";6.74;"A"
"2025-12-31 07:30";-5.21;"A";83.03;"A";990.37;"A";58;"A";29;"A";0;"A";29;"A";0;"A";13.13;"A";9.2;"A";7.73;"A"
"2025-12-31 07:45";-5.01;"A";83.33;"A";990.58;"A";68;"A";29;"A";0;"A";28;"A";1;"A";14.47;"A";10.35;"A";9.65;"A"
"2025-12-31 08:00";-4.84;"A";82.61;"A";990.59;"A";61;"A";29;"A";0;"A";29;"A";1;"A";11.99;"A";8.45;"A";7.59;"A"
"2025-12-31 08:15";-4.63;"A";81.82;"A";990.63;"A";65;"A";28;"A";0;"A";27;"A";1;"A";15.39;"A";11.03;"A";10.29;"A"
"2025-12-31 08:30";-4.38;"A";79.99;"A";990.83;"A";64;"A";29;"A";0;"A";28;"A";1;"A";15.45;"A";11.32;"A";8.29;"A"
"2025-12-31 08:45";-4.17;"A";78.82;"A";991.07;"A";69;"A";29;"A";0;"A";28;"A";1;"A";12.25;"A";8.96;"A";6.42;"A"
"2025-12-31 09:00";-3.87;"A";78.46;"A";991.02;"A";111;"A";30;"A";0;"A";30;"A";1;"A";14.73;"A";10.27;"A";7.55;"A"
"2025-12-31 09:15";-3.65;"A";77.97;"A";991.09;"A";96;"A";30;"A";0;"A";29;"A";1;"A";12.03;"A";9.69;"A";6.62;"A"
"2025-12-31 09:30";-3.51;"A";77.23;"A";991.35;"A";109;"A";31;"A";0;"A";30;"A";1;"A";17.47;"A";13.93;"A";9.72;"A"
"2025-12-31 09:45";-3.11;"A";75.62;"A";991.47;"A";419;"A";41;"A";0;"A";47;"A";1;"A";30.08;"A";23.42;"A";18.7;"A"
"2025-12-31 10:00";-2.85;"A";73.44;"A";991.68;"A";107;"A";32;"A";0;"A";30;"A";2;"A";9.76;"A";6.65;"A";4.67;"A"
"2025-12-31 10:15";-2.76;"A";71.26;"A";991.81;"A";89;"A";33;"A";0;"A";31;"A";2;"A";10.11;"A";7.54;"A";5.47;"A"
"2025-12-31 10:30";-2.87;"A";70.61;"A";991.96;"A";108;"A";34;"A";0;"A";32;"A";2;"A";7.22;"A";5.08;"A";3.74;"A"
"2025-12-31 10:45";-2.84;"A";69.74;"A";991.86;"A";83;"A";35;"A";0;"A";34;"A";1;"A";7.45;"A";5.52;"A";3.78;"A"
"2025-12-31 11:00";-2.47;"A";65.62;"A";991.68;"A";66;"A";34;"A";0;"A";31;"A";3;"A";5.43;"A";4.15;"A";2.93;"A"
"2025-12-31 11:15";-2.07;"A";61.85;"A";991.43;"A";71;"A";34;"A";0;"A";30;"A";4;"A";8.11;"A";5.65;"A";3.89;"A"
"2025-12-31 11:30";-1.93;"A";61.03;"A";991.47;"A";215;"A";35;"A";0;"A";33;"A";3;"A";8.85;"A";7.17;"A";5;"A"
"2025-12-31 11:45";-1.73;"A";60.8;"A";991.47;"A";70;"A";35;"A";0;"A";33;"A";2;"A";11.42;"A";8.78;"A";6.33;"A"
"2025-12-31 12:00";-1.4;"A";60.33;"A";991.29;"A";88;"A";35;"A";0;"A";32;"A";3;"A";11.21;"A";7.34;"A";4.84;"A"
"2025-12-31 12:15";-1.09;"A";60.15;"A";991.2;"A";68;"A";35;"A";0;"A";31;"A";4;"A";7.08;"A";4.77;"A";3.41;"A"
"2025-12-31 12:30";-0.84;"A";60.35;"A";991.23;"A";74;"A";34;"A";0;"A";30;"A";4;"A";10.51;"A";7.11;"A";4.99;"A"
"2025-12-31 12:45";-1.16;"A";61.06;"A";991.13;"A";83;"A";35;"A";0;"A";32;"A";4;"A";10.42;"A";7.54;"A";5.69;"A"
"2025-12-31 13:00";-1.44;"A";61.44;"A";990.96;"A";76;"A";36;"A";0;"A";33;"A";3;"A";9.32;"A";6.86;"A";4.72;"A"
"2025-12-31 13:15";-1.58;"A";62.51;"A";990.96;"A";148;"A";35;"A";0;"A";31;"A";3;"A";9.93;"A";7.12;"A";4.66;"A"
"2025-12-31 13:30";-1.95;"A";63.62;"A";991.16;"A";93;"A";36;"A";0;"A";34;"A";2;"A";17.42;"A";13.25;"A";9.79;"A"
"2025-12-31 13:45";-2.41;"A";68.26;"A";991.25;"A";105;"A";36;"A";0;"A";34;"A";2;"A";13.6;"A";10.21;"A";7.17;"A"
"2025-12-31 14:00";-2.51;"A";71.87;"A";991.56;"A";122;"A";36;"A";0;"A";36;"A";2;"A";20.88;"A";16.34;"A";12.35;"A"
"2025-12-31 14:15";-2.46;"A";71.16;"A";991.72;"A";66;"A";34;"A";0;"A";32;"A";2;"A";11.06;"A";7.73;"A";5.52;"A"
"2025-12-31 14:30";-2.32;"A";70.27;"A";991.8;"A";60;"A";34;"A";0;"A";33;"A";2;"A";9.65;"A";7;"A";5.1;"A"
"2025-12-31 14:45";-2.33;"A";70.26;"A";991.87;"A";59;"A";35;"A";0;"A";32;"A";3;"A";10.58;"A";7.59;"A";4.95;"A"
"2025-12-31 15:00";-2.39;"A";71.1;"A";992.15;"A";64;"A";35;"A";0;"A";33;"A";2;"A";10.91;"A";8.26;"A";6.11;"A"
"2025-12-31 15:15";-2.58;"A";72.09;"A";992.41;"A";217;"A";35;"A";0;"A";33;"A";2;"A";11.92;"A";9.42;"A";6.74;"A"
"2025-12-31 15:30";-2.71;"A";71.41;"A";992.39;"A";72;"A";35;"A";0;"A";33;"A";1;"A";19.41;"A";15.29;"A";10.66;"A"
"2025-12-31 15:45";-2.91;"A";72.01;"A";992.46;"A";67;"A";34;"A";0;"A";32;"A";2;"A";16.95;"A";13.99;"A";9.76;"A"
"2025-12-31 16:00";-3.19;"A";72.52;"A";992.55;"A";71;"A";34;"A";0;"A";33;"A";2;"A";19.66;"A";15.27;"A";10.78;"A"
"2025-12-31 16:15";-3.51;"A";73.72;"A";992.8;"A";89;"A";33;"A";0;"A";33;"A";1;"A";25.77;"A";20.68;"A";14.27;"A"
"2025-12-31 16:30";-3.71;"A";73.84;"A";992.89;"A";99;"A";33;"A";0;"A";33;"A";0;"A";21.13;"A";16.67;"A";11.72;"A"
"2025-12-31 16:45";-4.09;"A";74.79;"A";993.02;"A";159;"A";32;"A";0;"A";34;"A";0;"A";29.11;"A";22.88;"A";16.19;"A"
"2025-12-31 17:00";-4.41;"A";75.86;"A";993.17;"A";182;"A";32;"A";0;"A";34;"A";0;"A";29.24;"A";22.27;"A";15.84;"A"
"2025-12-31 17:15";-4.63;"A";76.2;"A";993.52;"A";157;"A";31;"A";0;"A";33;"A";0;"A";31.47;"A";24.3;"A";17.08;"A"
"2025-12-31 17:30";-4.83;"A";76.23;"A";993.6;"A";159;"A";31;"A";0;"A";33;"A";0;"A";34.44;"A";25.16;"A";17.65;"A"
"2025-12-31 17:45";-5.05;"A";76.52;"A";993.67;"A";148;"A";31;"A";0;"A";32;"A";0;"A";37.32;"A";28.04;"A";19.77;"A"
"2025-12-31 18:00";-5.23;"A";77.21;"A";993.82;"A";149;"A";30;"A";0;"A";32;"A";0;"A";40.28;"A";31.27;"A";22.28;"A"
"2025-12-31 18:15";-5.37;"A";78.04;"A";993.92;"A";172;"A";30;"A";0;"A";33;"A";0;"A";28.65;"A";23.11;"A";17.11;"A"
"2025-12-31 18:30";-5.47;"A";79.11;"A";994.09;"A";170;"A";30;"A";0;"A";31;"A";0;"A";26.64;"A";21;"A";15.57;"A"
"2025-12-31 18:45";-5.52;"A";80.12;"A";994.13;"A";143;"A";30;"A";0;"A";30;"A";0;"A";22.09;"A";17.78;"A";12.97;"A"
"2025-12-31 19:00";-5.67;"A";80.05;"A";994.39;"A";119;"A";29;"A";0;"A";30;"A";0;"A";20.65;"A";17.39;"A";12.69;"A"
"2025-12-31 19:15";-5.89;"A";80.68;"A";994.62;"A";128;"A";29;"A";0;"A";29;"A";0;"A";20.19;"A";16.71;"A";12.09;"A"
"2025-12-31 19:30";-5.98;"A";81.19;"A";994.73;"A";130;"A";29;"A";0;"A";29;"A";0;"A";22.4;"A";18.36;"A";13.42;"A"
"2025-12-31 19:45";-6;"A";81.44;"A";994.77;"A";117;"A";28;"A";0;"A";29;"A";0;"A";24.58;"A";19.2;"A";13.92;"A"
"2025-12-31 20:00";-6.16;"A";81.49;"A";995.01;"A";113;"A";28;"A";0;"A";29;"A";0;"A";21.72;"A";17.24;"A";12.34;"A"
"2025-12-31 20:15";-6.19;"A";80.99;"A";995.36;"A";178;"A";27;"A";0;"A";29;"A";0;"A";33.12;"A";26.59;"A";18.81;"A"
"2025-12-31 20:30";-6.24;"A";81.05;"A";995.54;"A";236;"A";27;"A";0;"A";29;"A";0;"A";42.93;"A";35.77;"A";26.05;"A"
"2025-12-31 20:45";-6.24;"A";81.47;"A";995.97;"A";280;"A";27;"A";0;"A";29;"A";0;"A";49.85;"A";40.86;"A";29.1;"A"
"2025-12-31 21:00";-6.32;"A";81.67;"A";996.17;"A";238;"A";26;"A";0;"A";28;"A";0;"A";33.35;"A";27.48;"A";19.99;"A"
"2025-12-31 21:15";-6.36;"A";81.71;"A";996.24;"A";196;"A";26;"A";0;"A";27;"A";0;"A";34.58;"A";27.72;"A";20.46;"A"
"2025-12-31 21:30";-6.39;"A";81.74;"A";996.29;"A";258;"A";26;"A";0;"A";28;"A";0;"A";37.42;"A";29.84;"A";22.02;"A"
"2025-12-31 21:45";-6.48;"A";81.36;"A";996.35;"A";194;"A";26;"A";0;"A";28;"A";0;"A";38.53;"A";30.15;"A";21.23;"A"
"2025-12-31 22:00";-6.44;"A";81.2;"A";996.54;"A";190;"A";26;"A";0;"A";27;"A";0;"A";36.37;"A";28.52;"A";20.18;"A"
"2025-12-31 22:15";-6.26;"A";80.63;"A";996.77;"A";197;"A";27;"A";0;"A";29;"A";0;"A";36.49;"A";28.81;"A";21.14;"A"
"2025-12-31 22:30";-6.14;"A";80.14;"A";997.06;"A";159;"A";27;"A";0;"A";28;"A";0;"A";37.67;"A";30.26;"A";21.38;"A"
"2025-12-31 22:45";-6.16;"A";79.73;"A";997.23;"A";124;"A";27;"A";0;"A";27;"A";0;"A";27.24;"A";22.08;"A";16.24;"A"
"2025-12-31 23:00";-6.39;"A";80.23;"A";997.13;"A";119;"A";27;"A";0;"A";27;"A";0;"A";29.85;"A";24.1;"A";16.89;"A"
"2025-12-31 23:15";-6.51;"A";80.32;"A";997.22;"A";144;"A";27;"A";0;"A";28;"A";0;"A";33.46;"A";27.54;"A";19.72;"A"
"2025-12-31 23:30";-6.65;"A";80.9;"A";997.4;"A";119;"A";27;"A";0;"A";27;"A";0;"A";29.51;"A";23.82;"A";16.57;"A"
"2025-12-31 23:45";-6.72;"A";80.7;"A";997.44;"A";127;"A";27;"A";0;"A";27;"A";0;"A";38.34;"A";31.18;"A";21.76;"A"
"2026-01-01 00:00";-6.91;"A";80.9;"A";997.54;"A";122;"A";27;"A";0;"A";27;"A";0;"A";40.26;"A";32.65;"A";23.22;"A"