"timestamp";"TC~T-QM[Cairnet CXM24280940]";"in °C";"HR~T-QM[Cairnet CXM24280940]";"in %";"PA~T-QM[Cairnet CXM24280940]";"in hPa";"CO~4672-QM[Cairnet CXM24280940]";"in ppb";"O3-NO2~4694-QM[Cairnet CXM24280940]";"in ppb";"SO2~4715-QM[Cairnet CXM24280940]";"in ppb";"NO2~4581-QM[Cairnet CXM24280940]";"in ppb";"O3~0940-QM[Cairnet CXM24280940]";"in ppb";"PM10~D641-QM[Cairnet CXM24280940]";"in µg/m3";"PM2.5~D641-QM[Cairnet CXM24280940]";"in µg/m3";"PM1~D641-QM[Cairnet CXM24280940]";"in µg/m3"
"(in display TZ)";"value";"qc";"value";"qc";"value";"qc";"value";"qc";"value";"qc";"value";"qc";"value";"qc";"value";"qc";"value";"qc";"value";"qc";"value";"qc"
"2025-04-01 00:15";12.78;"A";82.85;"A";1000.91;"A";160;"A";22;"A";0;"A";9;"A";12;"A";28.35;"A";20.52;"A";19.36;"A"
"2025-04-01 00:30";12.72;"A";81.46;"A";1000.99;"A";142;"A";22;"A";1;"A";9;"A";13;"A";31.7;"A";22.98;"A";21.71;"A"
"2025-04-01 00:45";12.61;"A";77.24;"A";1000.88;"A";111;"A";25;"A";0;"A";6;"A";19;"A";29.25;"A";21.55;"A";16.87;"A"
"2025-04-01 01:00";12.47;"A";75.81;"A";1000.88;"A";102;"A";28;"A";0;"A";6;"A";22;"A";25.3;"A";19.74;"A";14.25;"A"
"2025-04-01 01:15";12.32;"A";75.62;"A";1000.84;"A";104;"A";28;"A";0;"A";6;"A";22;"A";24.33;"A";18.9;"A";13.34;"A"
"2025-04-01 01:30";12.27;"A";75.37;"A";1000.9;"A";106;"A";29;"A";0;"A";7;"A";22;"A";21.36;"A";17.17;"A";12.56;"A"
"2025-04-01 01:45";12.16;"A";75.35;"A";1000.96;"A";109;"A";29;"A";0;"A";6;"A";23;"A";22.03;"A";17.31;"A";12.12;"A"
"2025-04-01 02:00";12.07;"A";75.06;"A";1000.99;"A";119;"A";28;"A";0;"A";6;"A";22;"A";24.26;"A";19.43;"A";14.12;"A"
"2025-04-01 02:15";11.84;"A";75.63;"A";1000.85;"A";126;"A";27;"A";0;"A";6;"A";22;"A";24.93;"A";19.47;"A";13.82;"A"
"2025-04-01 02:30";11.66;"A";76.41;"A";1000.91;"A";148;"A";27;"A";0;"A";6;"A";21;"A";23.62;"A";18.59;"A";13.87;"A"
"2025-04-01 02:45";11.47;"A";77.2;"A";1000.98;"A";138;"A";27;"A";0;"A";6;"A";21;"A";18.72;"A";13.47;"A";12.62;"A"
"2025-04-01 03:00";11.23;"A";78.16;"A";1000.91;"A";92;"A";26;"A";0;"A";6;"A";21;"A";13.75;"A";9.82;"A";9.14;"A"
"2025-04-01 03:15";11.01;"A";78.27;"A";1000.87;"A";89;"A";26;"A";0;"A";6;"A";20;"A";12.59;"A";8.98;"A";8.33;"A"
"2025-04-01 03:30";10.85;"A";78.46;"A";1000.71;"A";91;"A";26;"A";0;"A";6;"A";21;"A";14.01;"A";10.01;"A";9.32;"A"
"2025-04-01 03:45";10.78;"A";78.94;"A";1000.71;"A";90;"A";25;"A";0;"A";6;"A";20;"A";13.93;"A";9.96;"A";9.27;"A"
"2025-04-01 04:00";10.68;"A";79.42;"A";1000.67;"A";86;"A";25;"A";0;"A";6;"A";19;"A";14.81;"A";10.6;"A";9.88;"A"
"2025-04-01 04:15";10.57;"A";80.2;"A";1000.88;"A";89;"A";24;"A";0;"A";6;"A";18;"A";16.06;"A";11.52;"A";10.76;"A"
"2025-04-01 04:30";10.47;"A";80.97;"A";1000.76;"A";88;"A";23;"A";0;"A";7;"A";16;"A";17.6;"A";12.64;"A";11.83;"A"
"2025-04-01 04:45";10.43;"A";81.41;"A";1000.72;"A";102;"A";22;"A";1;"A";6;"A";16;"A";19.38;"A";13.95;"A";13.08;"A"
"2025-04-01 05:00";10.38;"A";81.58;"A";1000.65;"A";94;"A";21;"A";1;"A";6;"A";15;"A";19.48;"A";14.03;"A";13.15;"A"
"2025-04-01 05:15";10.25;"A";81.99;"A";1000.75;"A";91;"A";21;"A";0;"A";6;"A";15;"A";22.12;"A";15.96;"A";15;"A"
"2025-04-01 05:30";10.14;"A";82.2;"A";1001.03;"A";96;"A";22;"A";0;"A";6;"A";15;"A";21.5;"A";15.5;"A";14.57;"A"
"2025-04-01 05:45";10.01;"A";82.29;"A";1001.04;"A";92;"A";22;"A";1;"A";7;"A";15;"A";21.28;"A";15.34;"A";14.41;"A"
"2025-04-01 06:00";9.94;"A";82.38;"A";1000.97;"A";102;"A";23;"A";0;"A";11;"A";12;"A";22.81;"A";16.47;"A";15.49;"A"
"2025-04-01 06:15";9.85;"A";82.83;"A";1001.12;"A";110;"A";23;"A";0;"A";12;"A";11;"A";24.13;"A";17.43;"A";16.41;"A"
"2025-04-01 06:30";9.84;"A";82.72;"A";1001.22;"A";142;"A";23;"A";0;"A";13;"A";11;"A";26.31;"A";19.02;"A";17.93;"A"
"2025-04-01 06:45";9.78;"A";82.55;"A";1001.24;"A";104;"A";22;"A";0;"A";10;"A";12;"A";26.35;"A";19.06;"A";17.96;"A"
"2025-04-01 07:00";9.66;"A";83.18;"A";1001.5;"A";107;"A";22;"A";1;"A";10;"A";12;"A";28.48;"A";20.62;"A";19.45;"A"
"2025-04-01 07:15";9.56;"A";83.76;"A";1001.62;"A";136;"A";22;"A";1;"A";8;"A";13;"A";29.05;"A";21.04;"A";19.85;"A"
"2025-04-01 07:30";9.63;"A";83.67;"A";1001.69;"A";123;"A";22;"A";1;"A";10;"A";11;"A";29.61;"A";21.45;"A";20.24;"A"
"2025-04-01 07:45";9.57;"A";84.18;"A";1001.61;"A";157;"A";22;"A";1;"A";9;"A";13;"A";31.81;"A";23.06;"A";21.78;"A"
"2025-04-01 08:00";9.55;"A";85.18;"A";1001.62;"A";143;"A";22;"A";1;"A";8;"A";13;"A";37.92;"A";27.53;"A";26.06;"A"
"2025-04-01 08:15";9.67;"A";84.96;"A";1001.69;"A";151;"A";22;"A";0;"A";8;"A";14;"A";38.34;"A";27.84;"A";26.35;"A"
"2025-04-01 08:30";9.77;"A";84.76;"A";1001.8;"A";138;"A";23;"A";1;"A";9;"A";13;"A";36.54;"A";26.53;"A";25.1;"A"
"2025-04-01 08:45";9.9;"A";84.53;"A";1001.82;"A";140;"A";24;"A";0;"A";11;"A";12;"A";39.57;"A";28.74;"A";27.22;"A"
"2025-04-01 09:00";10.07;"A";84.09;"A";1001.99;"A";148;"A";25;"A";0;"A";12;"A";12;"A";40.57;"A";29.47;"A";27.91;"A"
"2025-04-01 09:15";10.2;"A";84.01;"A";1002.05;"A";170;"A";25;"A";0;"A";12;"A";13;"A";44.47;"A";32.33;"A";30.64;"A"
"2025-04-01 09:30";10.4;"A";83.52;"A";1002.32;"A";142;"A";25;"A";0;"A";12;"A";13;"A";43.26;"A";31.45;"A";29.8;"A"
"2025-04-01 09:45";10.57;"A";83.56;"A";1002.43;"A";195;"A";26;"A";0;"A";14;"A";13;"A";45.04;"A";32.75;"A";31.04;"A"
"2025-04-01 10:00";10.68;"A";84.05;"A";1002.45;"A";197;"A";26;"A";0;"A";13;"A";13;"A";46.04;"A";33.48;"A";31.74;"A"
"2025-04-01 10:15";10.66;"A";86.18;"A";1002.54;"A";186;"A";25;"A";0;"A";12;"A";13;"A";41.78;"A";30.36;"A";28.76;"A"
"2025-04-01 10:30";10.7;"A";86.44;"A";1002.65;"A";153;"A";25;"A";0;"A";13;"A";13;"A";45.47;"A";33.06;"A";31.34;"A"
"2025-04-01 10:45";10.78;"A";85.99;"A";1002.61;"A";149;"A";24;"A";0;"A";11;"A";13;"A";32.48;"A";23.55;"A";22.25;"A"
"2025-04-01 11:00";10.83;"A";86.8;"A";1002.53;"A";162;"A";23;"A";0;"A";11;"A";12;"A";30.42;"A";22.04;"A";20.81;"A"
"2025-04-01 11:15";10.98;"A";86.49;"A";1002.42;"A";151;"A";22;"A";1;"A";10;"A";12;"A";28.24;"A";20.44;"A";19.29;"A"
"2025-04-01 11:30";11.16;"A";86.1;"A";1002.4;"A";143;"A";21;"A";1;"A";9;"A";12;"A";27.3;"A";19.75;"A";18.63;"A"
"2025-04-01 11:45";11.21;"A";86.11;"A";1002.51;"A";153;"A";21;"A";1;"A";10;"A";11;"A";31.45;"A";22.79;"A";21.53;"A"
"2025-04-01 12:00";11.38;"A";85.19;"A";1002.65;"A";146;"A";20;"A";1;"A";9;"A";11;"A";29.7;"A";21.51;"A";20.3;"A"
"2025-04-01 12:15";11.62;"A";84.78;"A";1002.66;"A";154;"A";20;"A";1;"A";9;"A";11;"A";28.85;"A";20.89;"A";19.71;"A"
"2025-04-01 12:30";11.89;"A";84.11;"A";1002.81;"A";141;"A";20;"A";0;"A";9;"A";11;"A";24.06;"A";17.38;"A";16.36;"A"
"2025-04-01 12:45";12.33;"A";83.44;"A";1002.84;"A";153;"A";20;"A";1;"A";8;"A";12;"A";21.37;"A";15.41;"A";14.48;"A"
"2025-04-01 13:00";12.61;"A";82.55;"A";1002.77;"A";145;"A";20;"A";1;"A";8;"A";12;"A";22.1;"A";15.95;"A";14.99;"A"
"2025-04-01 13:15";13.04;"A";81.37;"A";1002.79;"A";156;"A";22;"A";1;"A";10;"A";12;"A";21.22;"A";15.3;"A";14.37;"A"
"2025-04-01 13:30";13.54;"A";79.95;"A";1002.75;"A";143;"A";22;"A";1;"A";8;"A";14;"A";17.66;"A";12.69;"A";11.88;"A"
"2025-04-01 13:45";13.97;"A";77.5;"A";1002.75;"A";129;"A";24;"A";0;"A";7;"A";16;"A";16.09;"A";11.54;"A";10.78;"A"
"2025-04-01 14:00";14.13;"A";76.4;"A";1002.85;"A";138;"A";24;"A";0;"A";9;"A";15;"A";17.42;"A";12.82;"A";11.34;"A"
"2025-04-01 14:15";14.04;"A";76.24;"A";1002.79;"A";136;"A";25;"A";0;"A";10;"A";15;"A";16.94;"A";12.16;"A";11.37;"A"
"2025-04-01 14:30";14.15;"A";75.91;"A";1002.81;"A";137;"A";26;"A";0;"A";10;"A";15;"A";17.27;"A";13.1;"A";11.24;"A"
"2025-04-01 14:45";14.23;"A";75.88;"A";1002.67;"A";139;"A";27;"A";0;"A";9;"A";17;"A";22.57;"A";16.29;"A";15.31;"A"
"2025-04-01 15:00";14.53;"A";74.28;"A";1002.62;"A";163;"A";26;"A";0;"A";7;"A";19;"A";28.08;"A";21.74;"A";17.72;"A"
"2025-04-01 15:15";14.79;"A";71.05;"A";1002.4;"A";125;"A";27;"A";0;"A";6;"A";21;"A";26.08;"A";20.89;"A";15.23;"A"
"2025-04-01 15:30";15.14;"A";70.18;"A";1002.38;"A";121;"A";30;"A";0;"A";7;"A";23;"A";25.68;"A";20.66;"A";14.65;"A"
"2025-04-01 15:45";15.12;"A";69.44;"A";1002.28;"A";132;"A";29;"A";0;"A";6;"A";23;"A";28.08;"A";22.62;"A";16.4;"A"
"2025-04-01 16:00";15.29;"A";68.97;"A";1002.43;"A";144;"A";30;"A";0;"A";7;"A";22;"A";31.9;"A";25.3;"A";18.23;"A"
"2025-04-01 16:15";15.62;"A";66.87;"A";1002.44;"A";136;"A";28;"A";0;"A";6;"A";22;"A";35.7;"A";28.15;"A";19.79;"A"
"2025-04-01 16:30";15.74;"A";65.32;"A";1002.44;"A";176;"A";30;"A";0;"A";8;"A";22;"A";37.32;"A";30.69;"A";21.7;"A"
"2025-04-01 16:45";15.96;"A";64.22;"A";1002.48;"A";153;"A";30;"A";0;"A";8;"A";23;"A";37.14;"A";30.35;"A";21.98;"A"
"2025-04-01 17:00";15.92;"A";62.82;"A";1002.33;"A";155;"A";31;"A";0;"A";7;"A";24;"A";33.87;"A";27.43;"A";20.08;"A"
"2025-04-01 17:15";15.86;"A";62.56;"A";1002.21;"A";154;"A";33;"A";0;"A";9;"A";25;"A";34.75;"A";28.1;"A";19.97;"A"
"2025-04-01 17:30";15.85;"A";62.7;"A";1002.12;"A";157;"A";32;"A";0;"A";9;"A";24;"A";36.4;"A";29.55;"A";21.01;"A"
"2025-04-01 17:45";15.77;"A";63.63;"A";1002.17;"A";157;"A";32;"A";0;"A";8;"A";24;"A";39.19;"A";32.04;"A";23.22;"A"
"2025-04-01 18:00";15.76;"A";64.07;"A";1002.2;"A";165;"A";31;"A";0;"A";8;"A";23;"A";41.98;"A";34.63;"A";24.39;"A"
"2025-04-01 18:15";15.46;"A";64.99;"A";1002.2;"A";146;"A";31;"A";0;"A";7;"A";24;"A";38.07;"A";30.46;"A";21.69;"A"
"2025-04-01 18:30";15.25;"A";65.91;"A";1002.16;"A";172;"A";32;"A";0;"A";10;"A";22;"A";36.24;"A";29.41;"A";20.77;"A"
"2025-04-01 18:45";15.15;"A";65.5;"A";1002.07;"A";192;"A";32;"A";0;"A";11;"A";21;"A";37.36;"A";29.29;"A";21.38;"A"
"2025-04-01 19:00";15.08;"A";65;"A";1002.2;"A";232;"A";34;"A";0;"A";13;"A";20;"A";33.84;"A";26.71;"A";19.34;"A"
"2025-04-01 19:15";14.82;"A";66.04;"A";1002.21;"A";217;"A";33;"A";0;"A";15;"A";19;"A";34.18;"A";26.91;"A";19.22;"A"
"2025-04-01 19:30";14.36;"A";66.85;"A";1002.34;"A";277;"A";32;"A";0;"A";16;"A";17;"A";38.03;"A";29.43;"A";20.86;"A"
"2025-04-01 19:45";14.12;"A";66.97;"A";1002.34;"A";287;"A";35;"A";0;"A";21;"A";14;"A";36.59;"A";28.6;"A";20.26;"A"
"2025-04-01 20:00";13.97;"A";67.1;"A";1002.36;"A";291;"A";35;"A";0;"A";22;"A";13;"A";34.13;"A";26.99;"A";19.66;"A"
"2025-04-01 20:15";13.63;"A";68.18;"A";1002.38;"A";203;"A";34;"A";0;"A";14;"A";19;"A";23.39;"A";16.67;"A";12.37;"A"
"2025-04-01 20:30";13.45;"A";69.11;"A";1002.5;"A";199;"A";32;"A";0;"A";13;"A";19;"A";19.11;"A";14.88;"A";10.56;"A"
"2025-04-01 20:45";13.22;"A";69.75;"A";1002.69;"A";291;"A";33;"A";0;"A";16;"A";17;"A";72.67;"A";71.6;"A";46.67;"A"
"2025-04-01 21:00";12.97;"A";70.79;"A";1002.61;"A";342;"A";32;"A";0;"A";17;"A";14;"A";44.67;"A";36.93;"A";28.05;"A"
"2025-04-01 21:15";13.04;"A";70.69;"A";1002.63;"A";262;"A";31;"A";0;"A";16;"A";15;"A";29.71;"A";23.58;"A";17.3;"A"
"2025-04-01 21:30";13.1;"A";70.61;"A";1002.61;"A";204;"A";30;"A";0;"A";12;"A";19;"A";29.32;"A";24.43;"A";17.17;"A"
"2025-04-01 21:45";13.04;"A";70.64;"A";1002.73;"A";260;"A";30;"A";0;"A";13;"A";18;"A";28.41;"A";23.62;"A";17.14;"A"
"2025-04-01 22:00";12.92;"A";70.96;"A";1002.63;"A";254;"A";32;"A";0;"A";17;"A";15;"A";27.22;"A";22.18;"A";16.48;"A"
"2025-04-01 22:15";12.6;"A";72.67;"A";1002.49;"A";337;"A";29;"A";0;"A";17;"A";11;"A";39.16;"A";32.28;"A";24.17;"A"
"2025-04-01 22:30";12.31;"A";72.85;"A";1002.36;"A";349;"A";29;"A";0;"A";17;"A";12;"A";45.41;"A";37.1;"A";27;"A"
"2025-04-01 22:45";12.1;"A";73.37;"A";1002.48;"A";388;"A";31;"A";0;"A";20;"A";12;"A";46.55;"A";38.05;"A";28.25;"A"
"2025-04-01 23:00";11.78;"A";74.74;"A";1002.4;"A";269;"A";28;"A";0;"A";15;"A";13;"A";35.6;"A";28.8;"A";20.63;"A"
"2025-04-01 23:15";11.68;"A";74.7;"A";1002.35;"A";234;"A";29;"A";0;"A";16;"A";13;"A";27.72;"A";22.22;"A";16.38;"A"
"2025-04-01 23:30";11.58;"A";75.17;"A";1002.4;"A";283;"A";32;"A";0;"A";24;"A";7;"A";30.4;"A";23.88;"A";17.29;"A"
"2025-04-01 23:45";11.34;"A";75.91;"A";1002.13;"A";239;"A";32;"A";0;"A";26;"A";6;"A";27.62;"A";21.46;"A";16.23;"A"
"2025-04-02 00:00";11.09;"A";77.09;"A";1001.84;"A";198;"A";31;"A";0;"A";25;"A";6;"A";21.18;"A";15.26;"A";14.15;"A"
"2025-04-02 00:15";10.92;"A";78.11;"A";1001.85;"A";189;"A";30;"A";0;"A";24;"A";6;"A";19.46;"A";14.01;"A";13.14;"A"
"2025-04-02 00:30";10.79;"A";79.07;"A";1001.88;"A";281;"A";29;"A";0;"A";23;"A";6;"A";18.63;"A";13.4;"A";12.56;"A"
"2025-04-02 00:45";11.1;"A";78.11;"A";1001.81;"A";444;"A";29;"A";0;"A";22;"A";8;"A";17.04;"A";12.23;"A";11.44;"A"
"2025-04-02 01:00";10.89;"A";78.36;"A";1001.69;"A";254;"A";29;"A";0;"A";22;"A";7;"A";17.78;"A";12.78;"A";11.96;"A"
"2025-04-02 01:15";10.78;"A";78.26;"A";1001.69;"A";189;"A";28;"A";0;"A";19;"A";9;"A";22.91;"A";16.54;"A";15.55;"A"
"2025-04-02 01:30";10.49;"A";79.05;"A";1001.89;"A";168;"A";27;"A";0;"A";18;"A";10;"A";22.92;"A";16.54;"A";15.56;"A"
"2025-04-02 01:45";10.24;"A";79.74;"A";1001.76;"A";164;"A";27;"A";0;"A";18;"A";9;"A";22.99;"A";16.6;"A";15.61;"A"
"2025-04-02 02:00";10.2;"A";79.72;"A";1001.71;"A";147;"A";27;"A";0;"A";18;"A";9;"A";21.47;"A";15.48;"A";14.54;"A"
"2025-04-02 02:15";10.05;"A";79.89;"A";1001.52;"A";128;"A";27;"A";0;"A";19;"A";8;"A";20.76;"A";14.96;"A";14.05;"A"
"2025-04-02 02:30";10.02;"A";80.17;"A";1001.56;"A";117;"A";30;"A";0;"A";23;"A";6;"A";20.79;"A";14.98;"A";14.07;"A"
"2025-04-02 02:45";9.88;"A";80.78;"A";1001.4;"A";117;"A";29;"A";0;"A";24;"A";6;"A";21.98;"A";15.86;"A";14.9;"A"
"2025-04-02 03:00";9.88;"A";80.55;"A";1001.34;"A";119;"A";30;"A";0;"A";24;"A";6;"A";25.09;"A";18.13;"A";17.08;"A"
"2025-04-02 03:15";9.81;"A";80.83;"A";1001.17;"A";116;"A";30;"A";0;"A";24;"A";6;"A";28.65;"A";20.74;"A";19.57;"A"
"2025-04-02 03:30";9.78;"A";80.78;"A";1001.12;"A";109;"A";28;"A";0;"A";21;"A";7;"A";31.2;"A";22.61;"A";21.36;"A"
"2025-04-02 03:45";9.54;"A";81.23;"A";1001.05;"A";143;"A";25;"A";0;"A";18;"A";7;"A";33.27;"A";24.13;"A";22.81;"A"
"2025-04-02 04:00";9.41;"A";81.81;"A";1001;"A";136;"A";26;"A";0;"A";16;"A";10;"A";45.44;"A";33.04;"A";31.33;"A"
"2025-04-02 04:15";9.31;"A";81.91;"A";1001.01;"A";126;"A";26;"A";0;"A";15;"A";12;"A";69.41;"A";50.6;"A";48.1;"A"
"2025-04-02 04:30";9.21;"A";82.31;"A";1000.86;"A";120;"A";26;"A";0;"A";15;"A";11;"A";63.87;"A";46.55;"A";44.23;"A"
"2025-04-02 04:45";9.08;"A";82.69;"A";1000.86;"A";112;"A";26;"A";0;"A";13;"A";12;"A";52.39;"A";38.14;"A";36.19;"A"
"2025-04-02 05:00";9.03;"A";82.83;"A";1000.79;"A";326;"A";24;"A";0;"A";11;"A";13;"A";51.28;"A";37.32;"A";35.41;"A"
"2025-04-02 05:15";8.96;"A";83.12;"A";1000.6;"A";324;"A";24;"A";1;"A";11;"A";13;"A";48.64;"A";35.39;"A";33.56;"A"
"2025-04-02 05:30";8.9;"A";83.01;"A";1000.54;"A";193;"A";25;"A";0;"A";14;"A";11;"A";49.64;"A";36.12;"A";34.26;"A"
"2025-04-02 05:45";8.75;"A";83.84;"A";1000.54;"A";217;"A";26;"A";0;"A";18;"A";8;"A";49.14;"A";35.75;"A";33.91;"A"
"2025-04-02 06:00";8.72;"A";83.85;"A";1000.47;"A";169;"A";26;"A";0;"A";17;"A";9;"A";46.9;"A";34.11;"A";32.35;"A"
"2025-04-02 06:15";8.42;"A";83.89;"A";1000.45;"A";193;"A";24;"A";0;"A";16;"A";8;"A";46.53;"A";33.84;"A";32.09;"A"
"2025-04-02 06:30";8.12;"A";84.1;"A";1000.52;"A";452;"A";24;"A";1;"A";17;"A";7;"A";47.16;"A";34.3;"A";32.52;"A"
"2025-04-02 06:45";8.16;"A";84.86;"A";1000.61;"A";267;"A";26;"A";0;"A";18;"A";7;"A";51.11;"A";37.2;"A";35.29;"A"
"2025-04-02 07:00";7.99;"A";84.53;"A";1000.57;"A";286;"A";23;"A";1;"A";16;"A";8;"A";50.07;"A";36.43;"A";34.56;"A"
"2025-04-02 07:15";7.89;"A";84.85;"A";1000.56;"A";520;"A";24;"A";1;"A";17;"A";7;"A";50.42;"A";36.69;"A";34.81;"A"
"2025-04-02 07:30";8.31;"A";84.4;"A";1000.59;"A";491;"A";25;"A";1;"A";18;"A";7;"A";55.52;"A";40.43;"A";38.38;"A"
"2025-04-02 07:45";8.8;"A";83.32;"A";1000.64;"A";552;"A";25;"A";1;"A";18;"A";7;"A";71.09;"A";51.83;"A";49.28;"A"
"2025-04-02 08:00";9.47;"A";81.83;"A";1000.6;"A";1004;"A";30;"A";1;"A";24;"A";6;"A";96.87;"A";70.72;"A";67.33;"A"
"2025-04-02 08:15";10.3;"A";79.93;"A";1000.4;"A";1231;"A";31;"A";1;"A";24;"A";8;"A";112.22;"A";81.96;"A";78.07;"A"
"2025-04-02 08:30";10.93;"A";76.57;"A";1000.42;"A";1409;"A";36;"A";1;"A";27;"A";9;"A";107.24;"A";78.32;"A";74.58;"A"
"2025-04-02 08:45";11.62;"A";74.17;"A";1000.54;"A";1371;"A";36;"A";1;"A";27;"A";10;"A";119.56;"A";90.68;"A";72.96;"A"
"2025-04-02 09:00";12.55;"A";71.07;"A";1000.54;"A";1373;"A";32;"A";2;"A";19;"A";13;"A";320.7;"A";243.91;"A";166.25;"A"
"2025-04-02 09:15";13.55;"A";67.67;"A";1000.65;"A";1109;"A";34;"A";1;"A";19;"A";15;"A";244.75;"A";186.74;"A";127.96;"A"
"2025-04-02 09:30";14.12;"A";65.03;"A";1000.63;"A";725;"A";35;"A";1;"A";19;"A";17;"A";139.32;"A";95.76;"A";66.16;"A"
"2025-04-02 09:45";15.12;"A";61.94;"A";1000.66;"A";655;"A";35;"A";0;"A";19;"A";16;"A";75.59;"A";41.08;"A";27.3;"A"
"2025-04-02 10:00";15.39;"A";60.42;"A";1000.77;"A";512;"A";38;"A";0;"A";17;"A";22;"A";66.86;"A";47.12;"A";34.15;"A"
"2025-04-02 10:15";16.21;"A";59.18;"A";1000.66;"A";1002;"A";42;"A";0;"A";23;"A";19;"A";60.78;"A";43.08;"A";30.9;"A"
"2025-04-02 10:30";16.25;"A";58.8;"A";1000.6;"A";2112;"A";39;"A";0;"A";17;"A";22;"A";76.91;"A";56.83;"A";39.93;"A"
"2025-04-02 10:45";16.05;"A";60.39;"A";1000.73;"A";2109;"A";39;"A";0;"A";19;"A";21;"A";73.16;"A";54.32;"A";39.41;"A"
"2025-04-02 11:00";15.83;"A";60.2;"A";1000.59;"A";1024;"A";39;"A";0;"A";17;"A";22;"A";82.1;"A";62.52;"A";45.42;"A"
"2025-04-02 11:15";15.43;"A";62.05;"A";1000.5;"A";677;"A";39;"A";0;"A";18;"A";21;"A";88.28;"A";69.6;"A";50.8;"A"
"2025-04-02 11:30";15.43;"A";61.19;"A";1000.39;"A";872;"A";39;"A";0;"A";18;"A";21;"A";82.96;"A";69.24;"A";50.42;"A"
"2025-04-02 11:45";15.31;"A";61.44;"A";1000.38;"A";777;"A";40;"A";0;"A";19;"A";21;"A";93.28;"A";75.49;"A";54.28;"A"
"2025-04-02 12:00";15.53;"A";60.93;"A";1000.31;"A";926;"A";45;"A";0;"A";25;"A";21;"A";87.18;"A";69.48;"A";53.77;"A"
"2025-04-02 12:15";15.9;"A";60.08;"A";1000.14;"A";770;"A";41;"A";0;"A";18;"A";23;"A";80.96;"A";65.19;"A";48.1;"A"
"2025-04-02 12:30";15.99;"A";59.51;"A";1000.18;"A";820;"A";42;"A";0;"A";17;"A";26;"A";69.89;"A";56.39;"A";41.2;"A"
"2025-04-02 12:45";16.06;"A";59.53;"A";1000.01;"A";842;"A";47;"A";0;"A";24;"A";23;"A";65.65;"A";54.28;"A";41.28;"A"
"2025-04-02 13:00";16.23;"A";58.6;"A";999.93;"A";760;"A";43;"A";0;"A";17;"A";26;"A";55.68;"A";44.65;"A";33.72;"A"
"2025-04-02 13:15";16.44;"A";57.45;"A";999.89;"A";562;"A";41;"A";0;"A";12;"A";30;"A";48.39;"A";40.44;"A";30.98;"A"
"2025-04-02 13:30";16.93;"A";56.31;"A";999.72;"A";625;"A";42;"A";0;"A";12;"A";30;"A";45.69;"A";37.42;"A";29.11;"A"
"2025-04-02 13:45";17.13;"A";54.98;"A";999.65;"A";665;"A";43;"A";0;"A";12;"A";31;"A";40.15;"A";32.46;"A";25.01;"A"
"2025-04-02 14:00";17;"A";54.76;"A";999.63;"A";434;"A";44;"A";0;"A";10;"A";34;"A";39.05;"A";30.51;"A";22.13;"A"
"2025-04-02 14:15";17.1;"A";53.73;"A";999.67;"A";303;"A";45;"A";0;"A";10;"A";35;"A";27.81;"A";21.86;"A";16.94;"A"
"2025-04-02 14:30";17;"A";53.48;"A";999.55;"A";275;"A";46;"A";0;"A";9;"A";37;"A";21.91;"A";17.65;"A";12.92;"A"
"2025-04-02 14:45";17.22;"A";53.82;"A";999.64;"A";262;"A";44;"A";0;"A";8;"A";37;"A";19.3;"A";15.29;"A";11.38;"A"
"2025-04-02 15:00";17.31;"A";52.56;"A";999.59;"A";248;"A";46;"A";0;"A";8;"A";38;"A";23.63;"A";17.08;"A";12.4;"A"
"2025-04-02 15:15";17.57;"A";51.15;"A";999.59;"A";213;"A";46;"A";0;"A";6;"A";40;"A";15.5;"A";12.06;"A";9.28;"A"
"2025-04-02 15:30";17.79;"A";52.05;"A";999.56;"A";253;"A";45;"A";0;"A";9;"A";37;"A";21.76;"A";16.2;"A";12.01;"A"
"2025-04-02 15:45";17.91;"A";51.34;"A";999.49;"A";220;"A";47;"A";0;"A";8;"A";39;"A";18.04;"A";14.05;"A";10.55;"A"
"2025-04-02 16:00";18.36;"A";50.43;"A";999.39;"A";226;"A";45;"A";0;"A";9;"A";37;"A";21.51;"A";16.13;"A";12.68;"A"
"2025-04-02 16:15";18.14;"A";50.68;"A";999.5;"A";219;"A";46;"A";0;"A";7;"A";39;"A";17.21;"A";13.27;"A";9.57;"A"
"2025-04-02 16:30";17.77;"A";51.8;"A";999.57;"A";219;"A";46;"A";0;"A";10;"A";36;"A";18.44;"A";14.91;"A";11.32;"A"
"2025-04-02 16:45";17.53;"A";51.93;"A";999.48;"A";197;"A";46;"A";0;"A";9;"A";37;"A";19.61;"A";14.91;"A";11.03;"A"
"2025-04-02 17:00";17.42;"A";52.88;"A";999.41;"A";198;"A";45;"A";0;"A";10;"A";35;"A";25.43;"A";19.32;"A";13.85;"A"
"2025-04-02 17:15";17.3;"A";53.72;"A";999.36;"A";226;"A";44;"A";0;"A";10;"A";34;"A";30.58;"A";23.74;"A";17.54;"A"
"2025-04-02 17:30";17.18;"A";54.32;"A";999.34;"A";209;"A";44;"A";0;"A";12;"A";32;"A";29.5;"A";21.59;"A";16.23;"A"
"2025-04-02 17:45";17.09;"A";55.38;"A";999.38;"A";209;"A";44;"A";0;"A";12;"A";31;"A";31.24;"A";24.62;"A";17.8;"A"
"2025-04-02 18:00";16.87;"A";57.17;"A";999.33;"A";205;"A";44;"A";0;"A";13;"A";32;"A";35.33;"A";28.74;"A";21.35;"A"
"2025-04-02 18:15";16.68;"A";58.63;"A";999.29;"A";186;"A";44;"A";0;"A";10;"A";34;"A";36.66;"A";29.9;"A";22.27;"A"
"2025-04-02 18:30";16.48;"A";60.59;"A";999.43;"A";190;"A";42;"A";0;"A";9;"A";32;"A";35.88;"A";29.71;"A";22.29;"A"
"2025-04-02 18:45";16.37;"A";61.17;"A";999.56;"A";204;"A";42;"A";0;"A";10;"A";32;"A";37.9;"A";30.56;"A";22.22;"A"
"2025-04-02 19:00";16.25;"A";61.41;"A";999.55;"A";231;"A";41;"A";0;"A";10;"A";31;"A";59.18;"A";48.81;"A";36.36;"A"
"2025-04-02 19:15";16.13;"A";62.21;"A";999.62;"A";204;"A";42;"A";0;"A";13;"A";29;"A";37.42;"A";29.92;"A";22.09;"A"
"2025-04-02 19:30";15.98;"A";62.78;"A";999.65;"A";207;"A";42;"A";0;"A";17;"A";25;"A";35.01;"A";28.85;"A";21.39;"A"
"2025-04-02 19:45";15.87;"A";62.93;"A";999.86;"A";209;"A";42;"A";0;"A";11;"A";30;"A";38.75;"A";30.53;"A";22.38;"A"
"2025-04-02 20:00";15.67;"A";63.81;"A";999.97;"A";221;"A";40;"A";0;"A";11;"A";30;"A";38.57;"A";30;"A";22.26;"A"
"2025-04-02 20:15";15.47;"A";64.45;"A";1000.02;"A";206;"A";40;"A";0;"A";10;"A";30;"A";36.17;"A";29.42;"A";21.21;"A"
"2025-04-02 20:30";15.27;"A";64.87;"A";1000.15;"A";215;"A";39;"A";0;"A";11;"A";28;"A";33.56;"A";27.21;"A";19.34;"A"
"2025-04-02 20:45";15.01;"A";65.62;"A";1000.06;"A";225;"A";38;"A";0;"A";13;"A";25;"A";30.91;"A";24.53;"A";18.57;"A"
"2025-04-02 21:00";14.93;"A";65.55;"A";1000.15;"A";191;"A";37;"A";0;"A";12;"A";25;"A";26.93;"A";22.01;"A";16.24;"A"
"2025-04-02 21:15";14.71;"A";66.19;"A";1000.18;"A";176;"A";37;"A";0;"A";13;"A";24;"A";25.26;"A";20.3;"A";14.78;"A"
"2025-04-02 21:30";14.45;"A";67.02;"A";1000.12;"A";175;"A";36;"A";0;"A";14;"A";22;"A";27.2;"A";21.4;"A";15.75;"A"
"2025-04-02 21:45";14.24;"A";67.61;"A";1000.08;"A";174;"A";36;"A";0;"A";13;"A";23;"A";27.32;"A";21.74;"A";15.85;"A"
"2025-04-02 22:00";14.09;"A";68.1;"A";1000.08;"A";148;"A";36;"A";0;"A";10;"A";26;"A";28.23;"A";22.13;"A";16.45;"A"
"2025-04-02 22:15";13.83;"A";68.93;"A";1000.2;"A";137;"A";35;"A";0;"A";8;"A";27;"A";31.33;"A";25.32;"A";18.92;"A"
"2025-04-02 22:30";13.52;"A";69.71;"A";1000.22;"A";157;"A";35;"A";0;"A";11;"A";24;"A";38.34;"A";30.54;"A";22.47;"A"
"2025-04-02 22:45";13.33;"A";70.65;"A";1000.32;"A";152;"A";34;"A";0;"A";9;"A";25;"A";46.39;"A";37.75;"A";27.82;"A"
"2025-04-02 23:00";13.16;"A";71.66;"A";1000.47;"A";158;"A";33;"A";0;"A";9;"A";24;"A";54.87;"A";44.38;"A";31.72;"A"
"2025-04-02 23:15";13.2;"A";71.62;"A";1000.44;"A";159;"A";33;"A";0;"A";9;"A";24;"A";59.43;"A";48.75;"A";34.53;"A"
"2025-04-02 23:30";13.25;"A";71.11;"A";1000.69;"A";162;"A";33;"A";0;"A";8;"A";25;"A";57.41;"A";46.49;"A";33.65;"A"
"2025-04-02 23:45";13.3;"A";70.36;"A";1000.69;"A";159;"A";34;"A";0;"A";9;"A";25;"A";54.81;"A";43.82;"A";31.56;"A"
"2025-04-03 00:00";13.32;"A";69.48;"A";1000.69;"A";158;"A";36;"A";0;"A";11;"A";26;"A";52.88;"A";42.54;"A";30.18;"A"
"2025-04-03 00:15";13.33;"A";69.4;"A";1000.72;"A";150;"A";37;"A";0;"A";9;"A";28;"A";50.21;"A";40.01;"A";29.37;"A"
"2025-04-03 00:30";13.3;"A";70.35;"A";1000.69;"A";145;"A";36;"A";0;"A";9;"A";28;"A";48.71;"A";40.42;"A";28.58;"A"
"2025-04-03 00:45";13.25;"A";71.65;"A";1000.65;"A";138;"A";35;"A";0;"A";7;"A";28;"A";48.76;"A";39.15;"A";28.23;"A"
"2025-04-03 01:00";13.2;"A";72.89;"A";1000.69;"A";141;"A";35;"A";0;"A";7;"A";28;"A";47.23;"A";39.05;"A";28.11;"A"
"2025-04-03 01:15";13.09;"A";73.81;"A";1000.73;"A";128;"A";35;"A";0;"A";6;"A";29;"A";45.27;"A";35.99;"A";27.35;"A"
"2025-04-03 01:30";13.08;"A";73.87;"A";1000.72;"A";122;"A";34;"A";0;"A";6;"A";28;"A";41.16;"A";30.45;"A";27.18;"A"
"2025-04-03 01:45";13.16;"A";73.04;"A";1000.64;"A";117;"A";35;"A";0;"A";6;"A";29;"A";44.85;"A";37.05;"A";26.83;"A"
"2025-04-03 02:00";13.18;"A";72.77;"A";1000.71;"A";117;"A";35;"A";0;"A";7;"A";28;"A";46.01;"A";37.59;"A";27.07;"A"
"2025-04-03 02:15";13.25;"A";72.57;"A";1000.67;"A";115;"A";35;"A";0;"A";7;"A";28;"A";45.84;"A";36.91;"A";27.06;"A"
"2025-04-03 02:30";13.39;"A";70.86;"A";1000.67;"A";104;"A";35;"A";0;"A";5;"A";30;"A";41.49;"A";34.57;"A";25.01;"A"
"2025-04-03 02:45";13.41;"A";70.17;"A";1000.67;"A";100;"A";36;"A";0;"A";5;"A";31;"A";41.36;"A";33.32;"A";24.15;"A"
"2025-04-03 03:00";13.34;"A";70.08;"A";1000.64;"A";102;"A";36;"A";0;"A";5;"A";31;"A";41.53;"A";33.6;"A";24.13;"A"
"2025-04-03 03:15";13.25;"A";70.14;"A";1000.67;"A";105;"A";36;"A";0;"A";5;"A";30;"A";38.65;"A";32.62;"A";23.45;"A"
"2025-04-03 03:30";13.15;"A";70.14;"A";1000.76;"A";105;"A";35;"A";0;"A";5;"A";30;"A";38.23;"A";31.31;"A";22.78;"A"
"2025-04-03 03:45";13.09;"A";70.46;"A";1000.83;"A";103;"A";35;"A";0;"A";5;"A";30;"A";38.31;"A";31.05;"A";22.32;"A"
"2025-04-03 04:00";12.99;"A";71.06;"A";1000.85;"A";104;"A";35;"A";0;"A";5;"A";30;"A";39.06;"A";31.87;"A";22.68;"A"
"2025-04-03 04:15";12.86;"A";71.41;"A";1001;"A";107;"A";34;"A";0;"A";5;"A";29;"A";39.61;"A";32.45;"A";22.98;"A"
"2025-04-03 04:30";12.8;"A";71.61;"A";1001.04;"A";115;"A";34;"A";0;"A";5;"A";28;"A";40.37;"A";32.96;"A";23.45;"A"
"2025-04-03 04:45";12.74;"A";71.53;"A";1001.06;"A";115;"A";33;"A";0;"A";6;"A";28;"A";39.72;"A";32.29;"A";23.36;"A"
"2025-04-03 05:00";12.69;"A";71.81;"A";1001.1;"A";115;"A";33;"A";0;"A";6;"A";27;"A";36.7;"A";31.13;"A";23.07;"A"
"2025-04-03 05:15";12.59;"A";71.99;"A";1001.09;"A";115;"A";33;"A";0;"A";6;"A";27;"A";37.03;"A";30.12;"A";22.1;"A"
"2025-04-03 05:30";12.53;"A";71.59;"A";1001.13;"A";113;"A";33;"A";0;"A";6;"A";28;"A";36.63;"A";29.58;"A";20.78;"A"
"2025-04-03 05:45";12.42;"A";71.95;"A";1001.12;"A";123;"A";33;"A";0;"A";6;"A";27;"A";34.48;"A";28.37;"A";20.48;"A"
"2025-04-03 06:00";12.32;"A";72.43;"A";1001.23;"A";125;"A";33;"A";0;"A";7;"A";26;"A";35.06;"A";28.84;"A";20.42;"A"
"2025-04-03 06:15";12.17;"A";73.33;"A";1001.45;"A";124;"A";33;"A";0;"A";7;"A";26;"A";33.53;"A";28.36;"A";20.74;"A"
"2025-04-03 06:30";12.17;"A";74.18;"A";1001.4;"A";117;"A";32;"A";0;"A";7;"A";25;"A";33.62;"A";27.15;"A";20.17;"A"
"2025-04-03 06:45";12.1;"A";75.12;"A";1001.45;"A";113;"A";33;"A";0;"A";7;"A";26;"A";29.84;"A";21.61;"A";20.4;"A"
"2025-04-03 07:00";12.08;"A";76.87;"A";1001.57;"A";114;"A";34;"A";0;"A";6;"A";28;"A";29.54;"A";21.4;"A";20.2;"A"
"2025-04-03 07:15";12.09;"A";77.58;"A";1001.75;"A";118;"A";34;"A";0;"A";6;"A";28;"A";29.79;"A";21.58;"A";20.37;"A"
"2025-04-03 07:30";11.92;"A";79.45;"A";1001.87;"A";106;"A";35;"A";0;"A";7;"A";28;"A";30.66;"A";22.22;"A";20.98;"A"
"2025-04-03 07:45";11.73;"A";81.9;"A";1001.89;"A";112;"A";34;"A";0;"A";7;"A";27;"A";32.14;"A";23.3;"A";22.01;"A"
"2025-04-03 08:00";11.81;"A";81.78;"A";1001.97;"A";133;"A";35;"A";0;"A";11;"A";25;"A";34.22;"A";24.82;"A";23.47;"A"
"2025-04-03 08:15";11.76;"A";82.99;"A";1002.16;"A";131;"A";34;"A";0;"A";8;"A";26;"A";38.6;"A";28.03;"A";26.53;"A"
"2025-04-03 08:30";11.71;"A";84.07;"A";1002.18;"A";160;"A";36;"A";0;"A";12;"A";24;"A";34.5;"A";25.03;"A";23.67;"A"
"2025-04-03 08:45";11.64;"A";84.49;"A";1002.28;"A";128;"A";34;"A";0;"A";8;"A";25;"A";36.04;"A";26.15;"A";24.74;"A"
"2025-04-03 09:00";11.68;"A";83.97;"A";1002.39;"A";133;"A";34;"A";0;"A";11;"A";22;"A";40.1;"A";29.13;"A";27.59;"A"
"2025-04-03 09:15";11.76;"A";84.25;"A";1002.39;"A";136;"A";33;"A";0;"A";10;"A";23;"A";40.61;"A";29.5;"A";27.94;"A"
"2025-04-03 09:30";11.84;"A";83.83;"A";1002.66;"A";130;"A";32;"A";0;"A";9;"A";24;"A";42.5;"A";30.89;"A";29.27;"A"
"2025-04-03 09:45";11.91;"A";83.94;"A";1002.82;"A";127;"A";33;"A";0;"A";9;"A";23;"A";42.42;"A";30.83;"A";29.21;"A"
"2025-04-03 10:00";12.13;"A";83.46;"A";1002.93;"A";132;"A";33;"A";0;"A";9;"A";24;"A";42.62;"A";30.98;"A";29.35;"A"
"2025-04-03 10:15";12.25;"A";83.06;"A";1003.08;"A";145;"A";31;"A";0;"A";8;"A";23;"A";44.96;"A";32.69;"A";30.99;"A"
"2025-04-03 10:30";12.29;"A";82.27;"A";1003.14;"A";207;"A";34;"A";0;"A";13;"A";21;"A";42.45;"A";30.85;"A";29.23;"A"
"2025-04-03 10:45";12.5;"A";81.95;"A";1003.14;"A";140;"A";31;"A";0;"A";8;"A";23;"A";42.47;"A";30.87;"A";29.25;"A"
"2025-04-03 11:00";12.78;"A";80.21;"A";1003.12;"A";136;"A";30;"A";0;"A";7;"A";23;"A";41.83;"A";30.4;"A";28.8;"A"
"2025-04-03 11:15";12.81;"A";80.14;"A";1003.45;"A";131;"A";30;"A";0;"A";8;"A";22;"A";41.33;"A";30.03;"A";28.45;"A"
"2025-04-03 11:30";13.03;"A";79.94;"A";1003.45;"A";139;"A";30;"A";0;"A";8;"A";22;"A";46.38;"A";33.73;"A";31.98;"A"
"2025-04-03 11:45";13.53;"A";78.71;"A";1003.54;"A";151;"A";30;"A";0;"A";7;"A";23;"A";46.2;"A";33.59;"A";31.85;"A"
"2025-04-03 12:00";13.65;"A";77.14;"A";1003.67;"A";145;"A";30;"A";0;"A";7;"A";23;"A";44.27;"A";32.18;"A";30.5;"A"
"2025-04-03 12:15";13.66;"A";75.68;"A";1003.73;"A";142;"A";32;"A";0;"A";7;"A";25;"A";48.03;"A";36.01;"A";31.79;"A"
"2025-04-03 12:30";13.59;"A";75.24;"A";1003.85;"A";153;"A";33;"A";0;"A";9;"A";23;"A";43.81;"A";34.6;"A";28.8;"A"
"2025-04-03 12:45";13.49;"A";75.44;"A";1003.91;"A";139;"A";32;"A";0;"A";7;"A";25;"A";44.89;"A";32.64;"A";30.94;"A"
"2025-04-03 13:00";13.37;"A";75.55;"A";1004.07;"A";136;"A";32;"A";0;"A";7;"A";25;"A";46.9;"A";34.12;"A";32.35;"A"
"2025-04-03 13:15";13.4;"A";75.1;"A";1004.16;"A";149;"A";31;"A";0;"A";8;"A";24;"A";44.16;"A";32.5;"A";30.26;"A"
"2025-04-03 13:30";13.35;"A";74.82;"A";1004.22;"A";130;"A";32;"A";0;"A";7;"A";25;"A";45.89;"A";36.93;"A";29.19;"A"
"2025-04-03 13:45";13.41;"A";74.34;"A";1004.28;"A";130;"A";32;"A";0;"A";8;"A";24;"A";43.27;"A";32.55;"A";28.75;"A"
"2025-04-03 14:00";13.54;"A";73.7;"A";1004.34;"A";284;"A";33;"A";0;"A";7;"A";26;"A";41.53;"A";34.7;"A";27.14;"A"
"2025-04-03 14:15";13.72;"A";73.79;"A";1004.39;"A";130;"A";33;"A";0;"A";7;"A";26;"A";38.22;"A";28.88;"A";25.57;"A"
"2025-04-03 14:30";13.83;"A";73.99;"A";1004.48;"A";132;"A";33;"A";0;"A";7;"A";26;"A";37.9;"A";30.78;"A";25.17;"A"
"2025-04-03 14:45";13.87;"A";73.35;"A";1004.44;"A";123;"A";35;"A";0;"A";7;"A";28;"A";37.71;"A";32.19;"A";23.13;"A"
"2025-04-03 15:00";13.96;"A";73.46;"A";1004.47;"A";131;"A";35;"A";0;"A";8;"A";28;"A";40.31;"A";33.9;"A";25.29;"A"
"2025-04-03 15:15";14.07;"A";73.56;"A";1004.43;"A";143;"A";36;"A";0;"A";8;"A";27;"A";38.84;"A";31;"A";24.62;"A"
"2025-04-03 15:30";14.35;"A";72.39;"A";1004.55;"A";131;"A";36;"A";0;"A";7;"A";29;"A";39.97;"A";33.3;"A";24.98;"A"
"2025-04-03 15:45";14.65;"A";72.17;"A";1004.61;"A";135;"A";36;"A";0;"A";7;"A";29;"A";39.36;"A";32.61;"A";23.77;"A"
"2025-04-03 16:00";14.68;"A";71.5;"A";1004.63;"A";130;"A";37;"A";0;"A";7;"A";30;"A";39.24;"A";31.86;"A";23.18;"A"
"2025-04-03 16:15";14.77;"A";70.4;"A";1004.68;"A";132;"A";38;"A";0;"A";7;"A";31;"A";38.03;"A";31.19;"A";22.68;"A"
"2025-04-03 16:30";14.89;"A";69.56;"A";1004.69;"A";133;"A";40;"A";0;"A";7;"A";33;"A";37.57;"A";30.58;"A";22.31;"A"
"2025-04-03 16:45";14.98;"A";69.61;"A";1004.67;"A";150;"A";40;"A";0;"A";8;"A";32;"A";35.16;"A";29.73;"A";21.58;"A"
"2025-04-03 17:00";14.98;"A";69.12;"A";1004.73;"A";133;"A";40;"A";0;"A";8;"A";32;"A";32.89;"A";26.75;"A";19.86;"A"
"2025-04-03 17:15";14.85;"A";69.75;"A";1004.75;"A";126;"A";41;"A";0;"A";8;"A";33;"A";30.93;"A";26.1;"A";18.93;"A"
"2025-04-03 17:30";14.81;"A";70.22;"A";1004.77;"A";127;"A";40;"A";0;"A";8;"A";32;"A";30.33;"A";25.2;"A";18.91;"A"
"2025-04-03 17:45";14.76;"A";69.65;"A";1004.87;"A";142;"A";40;"A";0;"A";8;"A";32;"A";29.51;"A";24.99;"A";17.66;"A"
"2025-04-03 18:00";14.66;"A";69.84;"A";1005.01;"A";129;"A";40;"A";0;"A";7;"A";33;"A";28.67;"A";24.27;"A";17.98;"A"
"2025-04-03 18:15";14.56;"A";69.9;"A";1005.22;"A";124;"A";41;"A";0;"A";7;"A";34;"A";29.99;"A";24.99;"A";17.95;"A"
"2025-04-03 18:30";14.48;"A";70.26;"A";1005.19;"A";126;"A";40;"A";0;"A";7;"A";34;"A";28.53;"A";23.04;"A";17.22;"A"
"2025-04-03 18:45";14.43;"A";70.33;"A";1005.3;"A";131;"A";40;"A";0;"A";7;"A";33;"A";25.93;"A";22.09;"A";16.6;"A"
"2025-04-03 19:00";14.4;"A";70.73;"A";1005.3;"A";120;"A";40;"A";0;"A";7;"A";33;"A";25.59;"A";21.49;"A";16.08;"A"
"2025-04-03 19:15";14.35;"A";70.81;"A";1005.49;"A";126;"A";40;"A";0;"A";8;"A";32;"A";27.73;"A";22.51;"A";16.76;"A"
"2025-04-03 19:30";14.32;"A";71.1;"A";1005.68;"A";124;"A";41;"A";0;"A";7;"A";33;"A";28.19;"A";24.01;"A";17.34;"A"
"2025-04-03 19:45";14.28;"A";71.49;"A";1005.9;"A";124;"A";40;"A";0;"A";7;"A";33;"A";29.52;"A";25.11;"A";18.05;"A"
"2025-04-03 20:00";14.22;"A";71.38;"A";1006.11;"A";124;"A";39;"A";0;"A";7;"A";33;"A";32.79;"A";27.44;"A";19.56;"A"
"2025-04-03 20:15";14.19;"A";71.59;"A";1006.3;"A";119;"A";40;"A";0;"A";7;"A";33;"A";32.49;"A";27.05;"A";20.07;"A"
"2025-04-03 20:30";14.13;"A";71.71;"A";1006.42;"A";127;"A";39;"A";0;"A";7;"A";32;"A";33.6;"A";28.97;"A";21.49;"A"
"2025-04-03 20:45";14.09;"A";71.89;"A";1006.51;"A";129;"A";39;"A";0;"A";8;"A";32;"A";36.66;"A";30.24;"A";21.88;"A"
"2025-04-03 21:00";14.02;"A";72.23;"A";1006.7;"A";133;"A";39;"A";0;"A";8;"A";31;"A";39.54;"A";33.46;"A";23.41;"A"
"2025-04-03 21:15";13.95;"A";72.55;"A";1006.79;"A";131;"A";38;"A";0;"A";9;"A";30;"A";39.56;"A";33.07;"A";24.14;"A"
"2025-04-03 21:30";13.84;"A";73.07;"A";1006.91;"A";126;"A";38;"A";0;"A";8;"A";30;"A";36.01;"A";30.58;"A";22.2;"A"
"2025-04-03 21:45";13.75;"A";73.67;"A";1006.97;"A";129;"A";37;"A";0;"A";8;"A";29;"A";33.73;"A";29.41;"A";20.98;"A"
"2025-04-03 22:00";13.67;"A";74.09;"A";1006.9;"A";128;"A";37;"A";0;"A";7;"A";30;"A";33.24;"A";26.37;"A";20.84;"A"
"2025-04-03 22:15";13.59;"A";74.54;"A";1006.99;"A";133;"A";36;"A";0;"A";8;"A";28;"A";30.33;"A";21.97;"A";20.75;"A"
"2025-04-03 22:30";13.52;"A";75.14;"A";1006.98;"A";137;"A";36;"A";0;"A";8;"A";28;"A";30.89;"A";22.38;"A";21.14;"A"
"2025-04-03 22:45";13.43;"A";75.28;"A";1006.88;"A";131;"A";36;"A";0;"A";8;"A";27;"A";31.54;"A";22.91;"A";21.43;"A"
"2025-04-03 23:00";13.33;"A";75.85;"A";1006.95;"A";120;"A";36;"A";0;"A";8;"A";27;"A";31.11;"A";22.54;"A";21.29;"A"
"2025-04-03 23:15";13.23;"A";75.63;"A";1006.94;"A";112;"A";35;"A";0;"A";8;"A";28;"A";30.62;"A";22.19;"A";20.95;"A"
"2025-04-03 23:30";13.16;"A";74.98;"A";1006.97;"A";99;"A";36;"A";0;"A";6;"A";30;"A";29.89;"A";21.72;"A";20.21;"A"
"2025-04-03 23:45";13.12;"A";74.22;"A";1007.02;"A";95;"A";37;"A";0;"A";6;"A";31;"A";32.43;"A";25.13;"A";20.72;"A"
"2025-04-04 00:00";13.07;"A";73.94;"A";1007;"A";93;"A";37;"A";0;"A";5;"A";32;"A";30.69;"A";23.76;"A";19.72;"A"
"2025-04-04 00:15";13.03;"A";73.41;"A";1007.05;"A";87;"A";38;"A";0;"A";6;"A";31;"A";31.47;"A";26.46;"A";19.08;"A"
"2025-04-04 00:30";12.95;"A";73.27;"A";1007.06;"A";90;"A";37;"A";0;"A";6;"A";32;"A";32.79;"A";27.11;"A";19;"A"
"2025-04-04 00:45";12.92;"A";72.79;"A";1007.19;"A";86;"A";38;"A";0;"A";6;"A";32;"A";31.59;"A";25.32;"A";18.78;"A"
"2025-04-04 01:00";12.91;"A";72.24;"A";1007.26;"A";83;"A";39;"A";0;"A";5;"A";33;"A";27.96;"A";22.42;"A";16.16;"A"
"2025-04-04 01:15";12.88;"A";71.48;"A";1007.44;"A";80;"A";39;"A";0;"A";5;"A";34;"A";23.93;"A";19.72;"A";14.4;"A"
"2025-04-04 01:30";12.85;"A";70.86;"A";1007.32;"A";81;"A";39;"A";0;"A";5;"A";34;"A";21.18;"A";17.46;"A";13.06;"A"
"2025-04-04 01:45";12.76;"A";70.68;"A";1007.33;"A";80;"A";39;"A";0;"A";5;"A";34;"A";20.78;"A";16.52;"A";12.09;"A"
"2025-04-04 02:00";12.67;"A";70.17;"A";1007.25;"A";77;"A";39;"A";0;"A";4;"A";35;"A";20.51;"A";16.28;"A";11.81;"A"
"2025-04-04 02:15";12.55;"A";70.26;"A";1007.16;"A";78;"A";39;"A";0;"A";5;"A";34;"A";18.88;"A";15.16;"A";11.54;"A"
"2025-04-04 02:30";12.4;"A";70.55;"A";1007.09;"A";78;"A";39;"A";0;"A";5;"A";33;"A";19.4;"A";15.21;"A";11.37;"A"
"2025-04-04 02:45";12.27;"A";70.74;"A";1007.02;"A";79;"A";38;"A";0;"A";5;"A";33;"A";19.65;"A";15.79;"A";11.84;"A"
"2025-04-04 03:00";12.16;"A";71.53;"A";1006.97;"A";80;"A";37;"A";0;"A";5;"A";32;"A";20.28;"A";16.37;"A";12.41;"A"
"2025-04-04 03:15";12.05;"A";71.21;"A";1006.98;"A";80;"A";37;"A";0;"A";5;"A";32;"A";20.77;"A";17.27;"A";12.28;"A"
"2025-04-04 03:30";11.96;"A";71.05;"A";1006.98;"A";85;"A";36;"A";0;"A";5;"A";31;"A";21.51;"A";16.86;"A";12.11;"A"
"2025-04-04 03:45";11.88;"A";71.13;"A";1006.94;"A";108;"A";37;"A";0;"A";5;"A";31;"A";22.22;"A";17.42;"A";12.61;"A"
"2025-04-04 04:00";11.83;"A";71.33;"A";1006.92;"A";105;"A";36;"A";0;"A";5;"A";31;"A";23.38;"A";18.37;"A";13.59;"A"
"2025-04-04 04:15";11.76;"A";71.71;"A";1006.86;"A";92;"A";36;"A";0;"A";5;"A";31;"A";23.7;"A";18.73;"A";13.78;"A"
"2025-04-04 04:30";11.68;"A";72.14;"A";1006.81;"A";95;"A";35;"A";0;"A";5;"A";30;"A";23.88;"A";18.78;"A";13.96;"A"
"2025-04-04 04:45";11.55;"A";72.58;"A";1006.63;"A";100;"A";35;"A";0;"A";6;"A";29;"A";24.87;"A";19.94;"A";14.28;"A"
"2025-04-04 05:00";11.49;"A";71.94;"A";1006.59;"A";96;"A";35;"A";0;"A";6;"A";29;"A";23.36;"A";19.34;"A";14;"A"
"2025-04-04 05:15";11.41;"A";72.04;"A";1006.67;"A";92;"A";36;"A";0;"A";6;"A";30;"A";24.18;"A";19.06;"A";13.87;"A"
"2025-04-04 05:30";11.33;"A";71.74;"A";1006.75;"A";88;"A";36;"A";0;"A";6;"A";29;"A";21.11;"A";17.49;"A";13.01;"A"
"2025-04-04 05:45";11.22;"A";71.33;"A";1006.81;"A";98;"A";36;"A";0;"A";7;"A";29;"A";22.43;"A";17.82;"A";13.04;"A"
"2025-04-04 06:00";11.22;"A";71.52;"A";1006.74;"A";113;"A";36;"A";0;"A";8;"A";28;"A";27.37;"A";22.2;"A";16.31;"A"
"2025-04-04 06:15";11.12;"A";71.08;"A";1006.74;"A";129;"A";36;"A";0;"A";8;"A";29;"A";30.95;"A";24.92;"A";18.41;"A"
"2025-04-04 06:30";11.12;"A";71.43;"A";1006.84;"A";139;"A";37;"A";0;"A";9;"A";28;"A";33.4;"A";25.98;"A";19.1;"A"
"2025-04-04 06:45";11.24;"A";71.27;"A";1006.98;"A";143;"A";37;"A";0;"A";9;"A";28;"A";34.22;"A";27.27;"A";19.89;"A"
"2025-04-04 07:00";11.2;"A";71.13;"A";1007;"A";151;"A";36;"A";0;"A";11;"A";24;"A";35.2;"A";27.17;"A";19.76;"A"
"2025-04-04 07:15";11.18;"A";70.77;"A";1007.17;"A";166;"A";37;"A";0;"A";13;"A";23;"A";35.49;"A";26.82;"A";19.58;"A"
"2025-04-04 07:30";11.19;"A";70.09;"A";1007.32;"A";162;"A";36;"A";0;"A";15;"A";22;"A";27.75;"A";21.68;"A";15.49;"A"
"2025-04-04 07:45";11.28;"A";69.34;"A";1007.32;"A";206;"A";40;"A";0;"A";20;"A";20;"A";25.42;"A";19.43;"A";14.35;"A"
"2025-04-04 08:00";11.46;"A";67.59;"A";1007.33;"A";186;"A";38;"A";0;"A";15;"A";22;"A";25.79;"A";19.23;"A";13.98;"A"
"2025-04-04 08:15";11.63;"A";66.35;"A";1007.29;"A";178;"A";39;"A";0;"A";15;"A";25;"A";25.75;"A";18.16;"A";13.22;"A"
"2025-04-04 08:30";11.92;"A";66.23;"A";1007.38;"A";196;"A";40;"A";0;"A";16;"A";23;"A";27.77;"A";19.44;"A";14.11;"A"
"2025-04-04 08:45";12.16;"A";65.73;"A";1007.27;"A";619;"A";40;"A";0;"A";17;"A";23;"A";27.44;"A";20.99;"A";14.91;"A"
"2025-04-04 09:00";12.4;"A";65.72;"A";1007.29;"A";251;"A";41;"A";0;"A";22;"A";19;"A";30.62;"A";22.03;"A";15.84;"A"
"2025-04-04 09:15";12.69;"A";64.69;"A";1007.37;"A";245;"A";41;"A";0;"A";19;"A";21;"A";28.39;"A";21.2;"A";15.42;"A"
"2025-04-04 09:30";13.05;"A";63.75;"A";1007.2;"A";215;"A";42;"A";0;"A";16;"A";25;"A";27.56;"A";19.98;"A";14.65;"A"
"2025-04-04 09:45";13.72;"A";62.6;"A";1007.29;"A";243;"A";42;"A";0;"A";16;"A";26;"A";28.17;"A";20.02;"A";14.62;"A"
"2025-04-04 10:00";14.48;"A";60.84;"A";1007.34;"A";232;"A";41;"A";0;"A";14;"A";27;"A";26.61;"A";19.77;"A";14.64;"A"
"2025-04-04 10:15";15.09;"A";59.37;"A";1007.25;"A";224;"A";42;"A";0;"A";15;"A";27;"A";27.25;"A";19.64;"A";14.84;"A"
"2025-04-04 10:30";15.7;"A";58.2;"A";1007.17;"A";210;"A";42;"A";0;"A";11;"A";31;"A";28.31;"A";20.31;"A";15.17;"A"
"2025-04-04 10:45";16.43;"A";57.77;"A";1007.11;"A";227;"A";42;"A";0;"A";11;"A";32;"A";29.93;"A";21.51;"A";15.7;"A"
"2025-04-04 11:00";16.99;"A";55.89;"A";1006.89;"A";206;"A";43;"A";0;"A";10;"A";33;"A";22.78;"A";17.73;"A";13.44;"A"
"2025-04-04 11:15";17.66;"A";54.57;"A";1006.88;"A";173;"A";45;"A";0;"A";9;"A";36;"A";23.17;"A";17.12;"A";12.81;"A"
"2025-04-04 11:30";18.49;"A";52.99;"A";1006.88;"A";178;"A";46;"A";0;"A";7;"A";39;"A";22.56;"A";17.5;"A";12.43;"A"
"2025-04-04 11:45";18.98;"A";51.35;"A";1006.7;"A";201;"A";47;"A";0;"A";7;"A";40;"A";20.84;"A";15.87;"A";11.78;"A"
"2025-04-04 12:00";19.21;"A";50.06;"A";1006.54;"A";171;"A";49;"A";0;"A";6;"A";42;"A";17.7;"A";12.42;"A";9.47;"A"
"2025-04-04 12:15";19.56;"A";48.47;"A";1006.16;"A";183;"A";49;"A";0;"A";7;"A";42;"A";18.64;"A";13.52;"A";9.89;"A"
"2025-04-04 12:30";19.61;"A";49.17;"A";1005.97;"A";178;"A";51;"A";0;"A";7;"A";44;"A";16.97;"A";13.19;"A";10.03;"A"
"2025-04-04 12:45";19.95;"A";47.73;"A";1005.97;"A";169;"A";50;"A";0;"A";6;"A";44;"A";17.88;"A";12.92;"A";9.9;"A"
"2025-04-04 13:00";20.26;"A";43.4;"A";1005.96;"A";162;"A";49;"A";0;"A";5;"A";44;"A";16.88;"A";12.97;"A";9.47;"A"
"2025-04-04 13:15";20.41;"A";44.11;"A";1005.83;"A";159;"A";53;"A";0;"A";8;"A";45;"A";16.9;"A";13.21;"A";9.68;"A"
"2025-04-04 13:30";20.67;"A";43.82;"A";1005.66;"A";186;"A";52;"A";0;"A";7;"A";45;"A";18.1;"A";13.12;"A";9.66;"A"
"2025-04-04 13:45";20.87;"A";44.13;"A";1005.39;"A";186;"A";51;"A";0;"A";6;"A";44;"A";18.93;"A";13.79;"A";10.65;"A"
"2025-04-04 14:00";20.83;"A";41.23;"A";1005.25;"A";160;"A";50;"A";0;"A";5;"A";46;"A";18.5;"A";13.78;"A";10.31;"A"
"2025-04-04 14:15";21;"A";40.84;"A";1005.08;"A";182;"A";54;"A";0;"A";7;"A";47;"A";18.43;"A";12.51;"A";8.96;"A"
"2025-04-04 14:30";21.3;"A";40.74;"A";1004.91;"A";167;"A";53;"A";0;"A";7;"A";47;"A";20.41;"A";13.85;"A";9.75;"A"
"2025-04-04 14:45";21.6;"A";41.88;"A";1004.8;"A";206;"A";52;"A";0;"A";7;"A";45;"A";27.11;"A";19.64;"A";14.22;"A"
"2025-04-04 15:00";21.86;"A";41.91;"A";1004.68;"A";182;"A";52;"A";0;"A";8;"A";44;"A";18.46;"A";13.34;"A";9.68;"A"
"2025-04-04 15:15";21.75;"A";39.97;"A";1004.36;"A";276;"A";53;"A";0;"A";8;"A";44;"A";22.7;"A";15.95;"A";11.68;"A"
"2025-04-04 15:30";21.3;"A";40.76;"A";1003.96;"A";239;"A";54;"A";0;"A";9;"A";45;"A";22.06;"A";15.25;"A";11.55;"A"
"2025-04-04 15:45";20.89;"A";42.06;"A";1003.79;"A";361;"A";55;"A";0;"A";12;"A";43;"A";27.38;"A";20.21;"A";14.25;"A"
"2025-04-04 16:00";20.5;"A";42.66;"A";1003.64;"A";538;"A";55;"A";0;"A";11;"A";44;"A";26.18;"A";18.7;"A";13.72;"A"
"2025-04-04 16:15";20.39;"A";42.76;"A";1003.45;"A";529;"A";54;"A";0;"A";10;"A";43;"A";27.17;"A";19.18;"A";14.2;"A"
"2025-04-04 16:30";20.25;"A";43.54;"A";1003.27;"A";401;"A";54;"A";0;"A";12;"A";42;"A";27.86;"A";19.47;"A";13.82;"A"
"2025-04-04 16:45";20.64;"A";42.76;"A";1003.14;"A";407;"A";53;"A";0;"A";11;"A";43;"A";27.55;"A";19.3;"A";13.95;"A"
"2025-04-04 17:00";20.43;"A";43.96;"A";1003.08;"A";425;"A";54;"A";0;"A";12;"A";41;"A";27.37;"A";19.45;"A";13.97;"A"
"2025-04-04 17:15";20.2;"A";44.49;"A";1002.93;"A";341;"A";54;"A";0;"A";13;"A";42;"A";25.69;"A";18.34;"A";13.44;"A"
"2025-04-04 17:30";19.9;"A";46.45;"A";1002.73;"A";305;"A";53;"A";0;"A";11;"A";43;"A";24.69;"A";16.94;"A";12.48;"A"
"2025-04-04 17:45";19.94;"A";50.56;"A";1002.51;"A";206;"A";52;"A";0;"A";11;"A";41;"A";24.01;"A";15.82;"A";11.4;"A"
"2025-04-04 18:00";19.92;"A";50.58;"A";1002.34;"A";258;"A";50;"A";0;"A";9;"A";42;"A";22.21;"A";16.06;"A";11.28;"A"
"2025-04-04 18:15";19.5;"A";54.12;"A";1002.23;"A";184;"A";50;"A";0;"A";10;"A";40;"A";26.16;"A";19.33;"A";13.75;"A"
"2025-04-04 18:30";18.96;"A";56.57;"A";1002.25;"A";167;"A";48;"A";0;"A";9;"A";38;"A";30.05;"A";21.45;"A";15.39;"A"
"2025-04-04 18:45";18.54;"A";59.37;"A";1002.11;"A";163;"A";46;"A";0;"A";9;"A";37;"A";33.57;"A";24.25;"A";17.87;"A"
"2025-04-04 19:00";18.08;"A";61.59;"A";1001.87;"A";171;"A";44;"A";0;"A";9;"A";36;"A";43.75;"A";33.5;"A";24.43;"A"
"2025-04-04 19:15";17.61;"A";63.79;"A";1001.79;"A";184;"A";43;"A";0;"A";10;"A";33;"A";44.76;"A";35.29;"A";25.87;"A"
"2025-04-04 19:30";17.15;"A";64.54;"A";1001.95;"A";192;"A";41;"A";0;"A";10;"A";31;"A";47.13;"A";37.58;"A";27.54;"A"
"2025-04-04 19:45";16.72;"A";64.7;"A";1001.92;"A";209;"A";42;"A";0;"A";11;"A";31;"A";49.23;"A";38.95;"A";27.84;"A"
"2025-04-04 20:00";16.5;"A";64.27;"A";1002.14;"A";210;"A";42;"A";0;"A";11;"A";31;"A";39.32;"A";30.58;"A";22.66;"A"
"2025-04-04 20:15";16.24;"A";64.51;"A";1002.06;"A";203;"A";43;"A";0;"A";11;"A";31;"A";39.1;"A";29.68;"A";22.22;"A"
"2025-04-04 20:30";15.76;"A";65.45;"A";1002.04;"A";220;"A";41;"A";0;"A";12;"A";28;"A";41.17;"A";32.45;"A";23.72;"A"
"2025-04-04 20:45";15.51;"A";65.79;"A";1002.15;"A";291;"A";41;"A";0;"A";17;"A";24;"A";46.89;"A";37.5;"A";27.26;"A"
"2025-04-04 21:00";15.31;"A";66.75;"A";1002;"A";304;"A";43;"A";0;"A";28;"A";16;"A";49.06;"A";38.48;"A";28.58;"A"
"2025-04-04 21:15";15.33;"A";68.3;"A";1002.07;"A";209;"A";41;"A";0;"A";17;"A";23;"A";47.49;"A";37.42;"A";26.91;"A"
"2025-04-04 21:30";15.3;"A";68.76;"A";1001.9;"A";158;"A";40;"A";0;"A";16;"A";23;"A";47.84;"A";37.12;"A";26.31;"A"
"2025-04-04 21:45";15.04;"A";69.35;"A";1001.8;"A";160;"A";39;"A";0;"A";22;"A";17;"A";46.96;"A";37.28;"A";26.78;"A"
"2025-04-04 22:00";14.84;"A";70;"A";1001.66;"A";194;"A";38;"A";0;"A";20;"A";18;"A";50.71;"A";39.18;"A";28.59;"A"
"2025-04-04 22:15";14.59;"A";70.4;"A";1001.56;"A";225;"A";38;"A";0;"A";18;"A";19;"A";54.45;"A";42.97;"A";30.39;"A"
"2025-04-04 22:30";14.33;"A";71.11;"A";1001.6;"A";279;"A";37;"A";0;"A";19;"A";18;"A";60.66;"A";48.34;"A";35.08;"A"
"2025-04-04 22:45";14.14;"A";71.77;"A";1001.52;"A";190;"A";36;"A";0;"A";16;"A";20;"A";49.02;"A";39.43;"A";28.01;"A"
"2025-04-04 23:00";14.09;"A";72.25;"A";1001.4;"A";112;"A";35;"A";0;"A";9;"A";26;"A";43.06;"A";35.13;"A";25.01;"A"
"2025-04-04 23:15";13.98;"A";72.71;"A";1001.32;"A";115;"A";34;"A";0;"A";7;"A";26;"A";41.07;"A";32.95;"A";23.77;"A"
"2025-04-04 23:30";13.83;"A";73.39;"A";1001.21;"A";108;"A";33;"A";0;"A";7;"A";26;"A";43.62;"A";34.62;"A";24.8;"A"
"2025-04-04 23:45";13.93;"A";72.45;"A";1001.16;"A";104;"A";33;"A";0;"A";6;"A";27;"A";41.71;"A";33.77;"A";24.7;"A"
"2025-04-05 00:00";13.95;"A";72.11;"A";1001.01;"A";102;"A";34;"A";0;"A";5;"A";29;"A";40.18;"A";32.53;"A";22.97;"A"
"2025-04-05 00:15";13.96;"A";72.36;"A";1000.9;"A";97;"A";34;"A";0;"A";6;"A";28;"A";40.34;"A";31.74;"A";22.82;"A"
"2025-04-05 00:30";13.89;"A";72.95;"A";1000.65;"A";96;"A";33;"A";0;"A";6;"A";27;"A";42.17;"A";35;"A";25.17;"A"
"2025-04-05 00:45";13.77;"A";73.83;"A";1000.56;"A";93;"A";33;"A";0;"A";8;"A";25;"A";46.66;"A";37.48;"A";27.14;"A"
"2025-04-05 01:00";13.64;"A";74.71;"A";1000.38;"A";92;"A";32;"A";0;"A";7;"A";25;"A";41.64;"A";30.72;"A";28.23;"A"
"2025-04-05 01:15";13.62;"A";75.39;"A";1000.23;"A";100;"A";31;"A";0;"A";8;"A";23;"A";43.07;"A";31.3;"A";29.66;"A"
"2025-04-05 01:30";13.6;"A";75.88;"A";1000.04;"A";95;"A";30;"A";0;"A";8;"A";22;"A";44.92;"A";32.66;"A";30.96;"A"
"2025-04-05 01:45";13.61;"A";75.74;"A";999.69;"A";107;"A";30;"A";0;"A";12;"A";18;"A";46.78;"A";34.03;"A";32.26;"A"
"2025-04-05 02:00";13.52;"A";76.14;"A";999.55;"A";102;"A";31;"A";0;"A";14;"A";17;"A";45.96;"A";33.42;"A";31.69;"A"
"2025-04-05 02:15";13.43;"A";76.68;"A";999.45;"A";105;"A";30;"A";0;"A";10;"A";20;"A";45.45;"A";33.05;"A";31.33;"A"
"2025-04-05 02:30";13.34;"A";76.97;"A";999.31;"A";95;"A";30;"A";0;"A";9;"A";21;"A";45.39;"A";33;"A";31.29;"A"
"2025-04-05 02:45";13.36;"A";76.87;"A";999.25;"A";95;"A";31;"A";0;"A";12;"A";20;"A";44.79;"A";32.57;"A";30.87;"A"
"2025-04-05 03:00";13.26;"A";77.37;"A";999.02;"A";90;"A";31;"A";0;"A";11;"A";20;"A";44.3;"A";32.2;"A";30.52;"A"
"2025-04-05 03:15";13.22;"A";77.45;"A";998.84;"A";86;"A";31;"A";0;"A";9;"A";22;"A";43.64;"A";31.72;"A";30.06;"A"
"2025-04-05 03:30";13.19;"A";77.65;"A";998.71;"A";86;"A";30;"A";0;"A";9;"A";21;"A";42.16;"A";30.64;"A";29.03;"A"
"2025-04-05 03:45";13.04;"A";78.44;"A";998.45;"A";84;"A";30;"A";0;"A";9;"A";21;"A";39.59;"A";28.76;"A";27.23;"A"
"2025-04-05 04:00";13.01;"A";78.83;"A";998.34;"A";82;"A";29;"A";0;"A";8;"A";21;"A";38.64;"A";28.06;"A";26.56;"A"
"2025-04-05 04:15";12.96;"A";79.1;"A";998.32;"A";82;"A";30;"A";0;"A";8;"A";21;"A";38.25;"A";27.78;"A";26.29;"A"
"2025-04-05 04:30";12.92;"A";78.85;"A";998.24;"A";79;"A";29;"A";0;"A";8;"A";22;"A";37.02;"A";26.87;"A";25.43;"A"
"2025-04-05 04:45";12.81;"A";78.55;"A";998.07;"A";76;"A";30;"A";0;"A";7;"A";22;"A";35.84;"A";26.01;"A";24.61;"A"
"2025-04-05 05:00";12.75;"A";78.05;"A";997.92;"A";75;"A";31;"A";0;"A";7;"A";24;"A";35.17;"A";25.52;"A";24.14;"A"
"2025-04-05 05:15";12.69;"A";77.23;"A";997.86;"A";78;"A";32;"A";0;"A";9;"A";23;"A";33.4;"A";24.22;"A";22.89;"A"
"2025-04-05 05:30";12.62;"A";76.37;"A";997.58;"A";80;"A";33;"A";0;"A";8;"A";25;"A";32.5;"A";23.57;"A";22.27;"A"
"2025-04-05 05:45";12.46;"A";75.25;"A";997.35;"A";75;"A";34;"A";0;"A";8;"A";26;"A";34.72;"A";27.26;"A";20.52;"A"
"2025-04-05 06:00";12.34;"A";75.16;"A";997.25;"A";74;"A";35;"A";0;"A";10;"A";25;"A";31.29;"A";23.66;"A";20.6;"A"
"2025-04-05 06:15";12.21;"A";74.96;"A";997.16;"A";81;"A";34;"A";0;"A";12;"A";23;"A";30.11;"A";22.23;"A";18.82;"A"
"2025-04-05 06:30";12.17;"A";74.22;"A";997.08;"A";84;"A";36;"A";0;"A";10;"A";26;"A";29.53;"A";22.99;"A";16.48;"A"
"2025-04-05 06:45";12.06;"A";74.38;"A";996.9;"A";79;"A";36;"A";0;"A";10;"A";27;"A";30.12;"A";23.57;"A";16.68;"A"
"2025-04-05 07:00";12.07;"A";74.37;"A";996.82;"A";87;"A";36;"A";0;"A";9;"A";28;"A";28.49;"A";23.15;"A";16.59;"A"
"2025-04-05 07:15";12.06;"A";74.44;"A";996.79;"A";75;"A";37;"A";0;"A";7;"A";30;"A";29.66;"A";24.6;"A";17.27;"A"
"2025-04-05 07:30";12.09;"A";74.57;"A";996.66;"A";79;"A";36;"A";0;"A";6;"A";30;"A";31.73;"A";25.64;"A";18.79;"A"
"2025-04-05 07:45";12.17;"A";74.83;"A";996.59;"A";94;"A";35;"A";0;"A";7;"A";29;"A";30.18;"A";22.06;"A";20.59;"A"
"2025-04-05 08:00";12.29;"A";74.49;"A";996.42;"A";95;"A";34;"A";0;"A";6;"A";28;"A";32.05;"A";23.69;"A";21.71;"A"
"2025-04-05 08:15";12.56;"A";72.96;"A";996.26;"A";91;"A";35;"A";0;"A";7;"A";29;"A";34.39;"A";27.92;"A";19.98;"A"
"2025-04-05 08:30";13.05;"A";70.74;"A";996.29;"A";92;"A";38;"A";0;"A";8;"A";30;"A";29.46;"A";23.77;"A";17.16;"A"
"2025-04-05 08:45";13.25;"A";69.52;"A";996.27;"A";117;"A";39;"A";0;"A";12;"A";28;"A";29.07;"A";22.9;"A";16.5;"A"
"2025-04-05 09:00";13.78;"A";67.91;"A";996.18;"A";99;"A";39;"A";0;"A";10;"A";29;"A";25.94;"A";21.16;"A";15.53;"A"
"2025-04-05 09:15";14.84;"A";64.67;"A";995.94;"A";89;"A";38;"A";0;"A";6;"A";32;"A";23.71;"A";19.46;"A";13.89;"A"
"2025-04-05 09:30";15.5;"A";62.32;"A";995.86;"A";124;"A";38;"A";0;"A";7;"A";31;"A";22.29;"A";17.18;"A";12.45;"A"
"2025-04-05 09:45";15.94;"A";61.03;"A";995.9;"A";126;"A";39;"A";0;"A";7;"A";31;"A";19.1;"A";15.01;"A";10.71;"A"
"2025-04-05 10:00";15.86;"A";60.85;"A";995.78;"A";123;"A";38;"A";0;"A";7;"A";31;"A";16.28;"A";12.52;"A";8.8;"A"
"2025-04-05 10:15";15.95;"A";60.17;"A";995.7;"A";140;"A";40;"A";0;"A";8;"A";32;"A";13.4;"A";10.17;"A";7.39;"A"
"2025-04-05 10:30";16.15;"A";60.13;"A";995.64;"A";138;"A";39;"A";0;"A";7;"A";32;"A";12.02;"A";8.74;"A";6.5;"A"
"2025-04-05 10:45";15.59;"A";61.96;"A";995.5;"A";114;"A";37;"A";0;"A";6;"A";31;"A";13.41;"A";9.56;"A";6.79;"A"
"2025-04-05 11:00";15.04;"A";63.59;"A";995.23;"A";141;"A";38;"A";0;"A";6;"A";31;"A";12.52;"A";9.73;"A";7.14;"A"
"2025-04-05 11:15";14.67;"A";64.81;"A";995.28;"A";121;"A";37;"A";0;"A";7;"A";30;"A";14.12;"A";9.27;"A";6.69;"A"
"2025-04-05 11:30";14.11;"A";66.8;"A";995.27;"A";116;"A";36;"A";0;"A";6;"A";29;"A";12.03;"A";9.25;"A";6.66;"A"
"2025-04-05 11:45";13.75;"A";68.46;"A";995.19;"A";110;"A";35;"A";0;"A";7;"A";28;"A";13.36;"A";8.63;"A";6.48;"A"
"2025-04-05 12:00";13.61;"A";69.29;"A";995.12;"A";112;"A";35;"A";0;"A";7;"A";28;"A";12.49;"A";8.85;"A";5.96;"A"
"2025-04-05 12:15";13.49;"A";69.88;"A";994.9;"A";124;"A";36;"A";0;"A";7;"A";29;"A";12.18;"A";8.94;"A";6.18;"A"
"2025-04-05 12:30";13.58;"A";70.07;"A";994.8;"A";105;"A";37;"A";0;"A";7;"A";31;"A";12.6;"A";8.7;"A";6.41;"A"
"2025-04-05 12:45";13.74;"A";69.96;"A";994.7;"A";137;"A";37;"A";0;"A";7;"A";30;"A";12.89;"A";9.79;"A";6.84;"A"
"2025-04-05 13:00";13.86;"A";70.18;"A";994.62;"A";111;"A";38;"A";0;"A";8;"A";30;"A";13.18;"A";9.22;"A";6.67;"A"
"2025-04-05 13:15";13.94;"A";70.5;"A";994.47;"A";160;"A";38;"A";0;"A";7;"A";31;"A";15.75;"A";11.38;"A";7.88;"A"
"2025-04-05 13:30";13.84;"A";70.99;"A";994.35;"A";114;"A";38;"A";0;"A";6;"A";32;"A";17.53;"A";13.38;"A";9.52;"A"
"2025-04-05 13:45";13.87;"A";72.08;"A";994.09;"A";110;"A";39;"A";0;"A";7;"A";32;"A";16.34;"A";12.85;"A";9.24;"A"
"2025-04-05 14:00";13.98;"A";72.09;"A";994.03;"A";109;"A";38;"A";0;"A";5;"A";33;"A";14.37;"A";10.94;"A";7.91;"A"
"2025-04-05 14:15";13.86;"A";73.75;"A";993.78;"A";112;"A";40;"A";0;"A";7;"A";33;"A";16.15;"A";11.55;"A";8.82;"A"
"2025-04-05 14:30";13.74;"A";77.1;"A";993.54;"A";126;"A";39;"A";0;"A";10;"A";29;"A";17.46;"A";12.76;"A";11.35;"A"
"2025-04-05 14:45";13.93;"A";73.37;"A";993.34;"A";126;"A";38;"A";0;"A";6;"A";31;"A";15.14;"A";11.46;"A";8.61;"A"
"2025-04-05 15:00";14.27;"A";71.94;"A";992.82;"A";110;"A";40;"A";0;"A";8;"A";33;"A";14.2;"A";10.36;"A";7.57;"A"
"2025-04-05 15:15";14.68;"A";69.8;"A";992.61;"A";99;"A";40;"A";0;"A";7;"A";33;"A";12.49;"A";8.9;"A";6.29;"A"
"2025-04-05 15:30";15.14;"A";67.19;"A";992.46;"A";94;"A";41;"A";0;"A";5;"A";35;"A";9.67;"A";6.75;"A";4.93;"A"
"2025-04-05 15:45";15.82;"A";63.68;"A";992.07;"A";89;"A";42;"A";0;"A";5;"A";37;"A";8.99;"A";6.01;"A";4.34;"A"
"2025-04-05 16:00";16.57;"A";61.27;"A";991.76;"A";100;"A";42;"A";0;"A";4;"A";37;"A";9.49;"A";6.05;"A";4.06;"A"
"2025-04-05 16:15";17.27;"A";57.64;"A";991.42;"A";99;"A";44;"A";0;"A";5;"A";39;"A";8.27;"A";4.74;"A";3.31;"A"
"2025-04-05 16:30";17.47;"A";56.86;"A";991.21;"A";95;"A";45;"A";0;"A";6;"A";39;"A";8.88;"A";6.21;"A";4.49;"A"
"2025-04-05 16:45";17.51;"A";56.77;"A";991.03;"A";109;"A";46;"A";0;"A";7;"A";39;"A";8.03;"A";5.26;"A";3.67;"A"
"2025-04-05 17:00";17.76;"A";54.91;"A";990.83;"A";109;"A";46;"A";0;"A";6;"A";40;"A";8.41;"A";5.18;"A";3.3;"A"
"2025-04-05 17:15";17.71;"A";54.41;"A";990.68;"A";101;"A";46;"A";0;"A";5;"A";41;"A";9.39;"A";4.56;"A";2.93;"A"
"2025-04-05 17:30";17.14;"A";55.29;"A";990.42;"A";96;"A";48;"A";0;"A";6;"A";42;"A";7.34;"A";4.33;"A";3.08;"A"
"2025-04-05 17:45";16.51;"A";57.13;"A";990.47;"A";100;"A";47;"A";0;"A";6;"A";40;"A";7.4;"A";4.23;"A";2.91;"A"
"2025-04-05 18:00";16.1;"A";58.3;"A";990.4;"A";111;"A";47;"A";0;"A";6;"A";40;"A";8.74;"A";5.9;"A";3.94;"A"
"2025-04-05 18:15";15.82;"A";59.1;"A";990.3;"A";93;"A";47;"A";0;"A";7;"A";40;"A";9.85;"A";4.68;"A";3.38;"A"
"2025-04-05 18:30";15.62;"A";59.62;"A";990.14;"A";95;"A";46;"A";0;"A";6;"A";39;"A";7.97;"A";4.76;"A";3.38;"A"
"2025-04-05 18:45";15.42;"A";60.44;"A";990.1;"A";103;"A";45;"A";0;"A";7;"A";39;"A";10.03;"A";6.36;"A";4.17;"A"
"2025-04-05 19:00";15.23;"A";60.67;"A";990.07;"A";103;"A";45;"A";0;"A";6;"A";39;"A";9.24;"A";5.52;"A";3.79;"A"
"2025-04-05 19:15";14.96;"A";62.25;"A";989.98;"A";120;"A";44;"A";0;"A";6;"A";38;"A";9.73;"A";6.93;"A";4.93;"A"
"2025-04-05 19:30";14.59;"A";63.85;"A";990.03;"A";98;"A";43;"A";0;"A";6;"A";37;"A";8.08;"A";4.79;"A";3.46;"A"
"2025-04-05 19:45";14.22;"A";65.58;"A";990.07;"A";115;"A";43;"A";0;"A";6;"A";36;"A";9.45;"A";5.81;"A";4.09;"A"
"2025-04-05 20:00";13.75;"A";66.92;"A";990.23;"A";103;"A";41;"A";0;"A";6;"A";35;"A";9.03;"A";6.16;"A";4.18;"A"
"2025-04-05 20:15";13.38;"A";67.97;"A";990.13;"A";91;"A";42;"A";0;"A";6;"A";36;"A";8.73;"A";6.96;"A";4.87;"A"
"2025-04-05 20:30";12.9;"A";69.31;"A";989.96;"A";91;"A";40;"A";0;"A";6;"A";35;"A";10.24;"A";7.15;"A";4.81;"A"
"2025-04-05 20:45";12.45;"A";70.83;"A";990.08;"A";103;"A";39;"A";0;"A";6;"A";33;"A";13.28;"A";9.7;"A";7.03;"A"
"2025-04-05 21:00";12.05;"A";72.51;"A";990.25;"A";98;"A";39;"A";0;"A";7;"A";32;"A";12.77;"A";9.33;"A";6.86;"A"
"2025-04-05 21:15";11.72;"A";73.71;"A";990.45;"A";95;"A";38;"A";0;"A";8;"A";30;"A";12.37;"A";9.25;"A";6.76;"A"
"2025-04-05 21:30";11.47;"A";74.51;"A";990.67;"A";92;"A";38;"A";0;"A";7;"A";31;"A";15.15;"A";10.75;"A";7.86;"A"
"2025-04-05 21:45";11.32;"A";74.35;"A";990.78;"A";84;"A";39;"A";0;"A";6;"A";33;"A";12.84;"A";8.85;"A";6.5;"A"
"2025-04-05 22:00";11.1;"A";75.11;"A";990.65;"A";78;"A";39;"A";0;"A";5;"A";34;"A";11.36;"A";8.56;"A";6.31;"A"
"2025-04-05 22:15";11.08;"A";74.98;"A";990.66;"A";79;"A";38;"A";0;"A";5;"A";33;"A";13.09;"A";9.95;"A";7.01;"A"
"2025-04-05 22:30";11.07;"A";74.55;"A";990.61;"A";68;"A";38;"A";0;"A";5;"A";33;"A";11.24;"A";8.33;"A";6.05;"A"
"2025-04-05 22:45";11.13;"A";74.14;"A";990.59;"A";69;"A";39;"A";0;"A";6;"A";33;"A";10.92;"A";8.14;"A";5.84;"A"
"2025-04-05 23:00";11.19;"A";73.33;"A";990.49;"A";65;"A";40;"A";0;"A";5;"A";35;"A";9.33;"A";7.2;"A";5.33;"A"
"2025-04-05 23:15";11.16;"A";73.59;"A";990.31;"A";62;"A";40;"A";0;"A";5;"A";34;"A";10.17;"A";7.88;"A";5.9;"A"
"2025-04-05 23:30";11.07;"A";73.94;"A";990.12;"A";65;"A";40;"A";0;"A";5;"A";35;"A";13.87;"A";10.91;"A";7.86;"A"
"2025-04-05 23:45";11.08;"A";74.25;"A";990.1;"A";65;"A";40;"A";0;"A";5;"A";35;"A";15.89;"A";13.31;"A";9.55;"A"
"2025-04-06 00:00";11;"A";74.69;"A";990.07;"A";63;"A";40;"A";0;"A";5;"A";35;"A";17.64;"A";12.93;"A";11.11;"A"
"2025-04-06 00:15";11;"A";75.07;"A";989.99;"A";66;"A";41;"A";0;"A";5;"A";36;"A";18.91;"A";14.39;"A";12.13;"A"
"2025-04-06 00:30";10.88;"A";75.48;"A";989.83;"A";60;"A";40;"A";0;"A";4;"A";36;"A";20.5;"A";15.31;"A";13.63;"A"
"2025-04-06 00:45";10.87;"A";75.4;"A";989.62;"A";58;"A";40;"A";0;"A";5;"A";36;"A";23.2;"A";16.75;"A";15.76;"A"
"2025-04-06 01:00";10.73;"A";75.92;"A";989.59;"A";62;"A";42;"A";0;"A";5;"A";37;"A";29.18;"A";21.13;"A";19.94;"A"
"2025-04-06 01:15";10.66;"A";76.19;"A";989.58;"A";60;"A";42;"A";0;"A";5;"A";37;"A";31.01;"A";22.47;"A";21.22;"A"
"2025-04-06 01:30";10.64;"A";76.27;"A";989.46;"A";59;"A";42;"A";0;"A";5;"A";37;"A";31.35;"A";22.72;"A";21.46;"A"
"2025-04-06 01:45";10.63;"A";76.64;"A";989.32;"A";64;"A";42;"A";0;"A";5;"A";37;"A";32.1;"A";23.27;"A";21.99;"A"
"2025-04-06 02:00";10.6;"A";76.44;"A";989.35;"A";61;"A";41;"A";0;"A";5;"A";36;"A";31.8;"A";23.05;"A";21.78;"A"
"2025-04-06 02:15";10.69;"A";76.1;"A";989.28;"A";67;"A";41;"A";0;"A";5;"A";36;"A";31.55;"A";22.87;"A";21.6;"A"
"2025-04-06 02:30";10.65;"A";76.56;"A";989.11;"A";63;"A";41;"A";0;"A";5;"A";36;"A";33.41;"A";24.23;"A";22.91;"A"
"2025-04-06 02:45";10.65;"A";76.92;"A";988.96;"A";69;"A";40;"A";0;"A";5;"A";35;"A";33.65;"A";24.4;"A";23.07;"A"
"2025-04-06 03:00";10.68;"A";77.17;"A";988.97;"A";77;"A";40;"A";0;"A";6;"A";34;"A";36.22;"A";26.28;"A";24.87;"A"
"2025-04-06 03:15";10.7;"A";76.91;"A";988.84;"A";81;"A";40;"A";0;"A";6;"A";34;"A";38.45;"A";27.92;"A";26.43;"A"
"2025-04-06 03:30";10.69;"A";76.92;"A";988.66;"A";76;"A";40;"A";0;"A";5;"A";35;"A";39.3;"A";28.55;"A";27.03;"A"
"2025-04-06 03:45";10.69;"A";76.6;"A";988.58;"A";75;"A";40;"A";0;"A";6;"A";35;"A";37.94;"A";27.55;"A";26.07;"A"
"2025-04-06 04:00";10.72;"A";76.44;"A";988.4;"A";74;"A";40;"A";0;"A";6;"A";35;"A";36.68;"A";26.63;"A";25.19;"A"
"2025-04-06 04:15";10.59;"A";77.8;"A";988.15;"A";85;"A";40;"A";0;"A";6;"A";34;"A";36.87;"A";26.76;"A";25.32;"A"
"2025-04-06 04:30";10.51;"A";78.54;"A";988.06;"A";93;"A";39;"A";0;"A";6;"A";33;"A";37.53;"A";27.24;"A";25.78;"A"
"2025-04-06 04:45";10.31;"A";79.19;"A";988;"A";111;"A";40;"A";0;"A";6;"A";34;"A";35.05;"A";25.43;"A";24.05;"A"
"2025-04-06 05:00";10.16;"A";79.74;"A";987.85;"A";80;"A";40;"A";0;"A";6;"A";34;"A";30.33;"A";21.97;"A";20.75;"A"
"2025-04-06 05:15";10.1;"A";79.97;"A";987.87;"A";74;"A";40;"A";0;"A";6;"A";34;"A";29.99;"A";21.72;"A";20.51;"A"
"2025-04-06 05:30";10.07;"A";80.22;"A";987.78;"A";197;"A";39;"A";0;"A";8;"A";31;"A";46.19;"A";33.59;"A";31.85;"A"
"2025-04-06 05:45";10.04;"A";80.29;"A";987.86;"A";293;"A";39;"A";0;"A";9;"A";30;"A";47.46;"A";34.52;"A";32.74;"A"
"2025-04-06 06:00";10;"A";80.6;"A";987.71;"A";136;"A";38;"A";0;"A";6;"A";32;"A";33.63;"A";24.39;"A";23.06;"A"
"2025-04-06 06:15";9.98;"A";81.31;"A";987.61;"A";101;"A";38;"A";0;"A";7;"A";32;"A";32.22;"A";23.36;"A";22.07;"A"
"2025-04-06 06:30";10.01;"A";81.97;"A";987.57;"A";89;"A";38;"A";0;"A";7;"A";31;"A";33.28;"A";24.14;"A";22.81;"A"
"2025-04-06 06:45";9.99;"A";83.21;"A";987.53;"A";90;"A";38;"A";0;"A";8;"A";30;"A";33.99;"A";24.65;"A";23.31;"A"
"2025-04-06 07:00";10;"A";84.25;"A";987.54;"A";91;"A";37;"A";0;"A";7;"A";30;"A";29.83;"A";21.61;"A";20.4;"A"
"2025-04-06 07:15";10.03;"A";84.87;"A";987.46;"A";91;"A";37;"A";0;"A";7;"A";30;"A";28.94;"A";20.96;"A";19.78;"A"
"2025-04-06 07:30";10.1;"A";85.57;"A";987.46;"A";100;"A";37;"A";0;"A";8;"A";29;"A";35.91;"A";26.06;"A";24.66;"A"
"2025-04-06 07:45";10.23;"A";86.05;"A";987.47;"A";92;"A";36;"A";0;"A";7;"A";29;"A";41.9;"A";30.45;"A";28.85;"A"
"2025-04-06 08:00";10.31;"A";85.78;"A";987.42;"A";85;"A";38;"A";0;"A";7;"A";31;"A";44.91;"A";32.65;"A";30.95;"A"
"2025-04-06 08:15";10.4;"A";85.59;"A";987.19;"A";79;"A";37;"A";0;"A";5;"A";32;"A";44.52;"A";32.37;"A";30.68;"A"
"2025-04-06 08:30";10.5;"A";85.19;"A";987.07;"A";85;"A";38;"A";0;"A";6;"A";32;"A";42.03;"A";30.55;"A";28.94;"A"
"2025-04-06 08:45";10.59;"A";84.88;"A";987.07;"A";84;"A";38;"A";0;"A";6;"A";32;"A";36.76;"A";26.68;"A";25.24;"A"
"2025-04-06 09:00";10.68;"A";84.17;"A";987.06;"A";82;"A";38;"A";0;"A";7;"A";31;"A";33.59;"A";24.36;"A";23.03;"A"
"2025-04-06 09:15";10.87;"A";82.76;"A";987.18;"A";80;"A";39;"A";0;"A";6;"A";33;"A";27.67;"A";20.03;"A";18.89;"A"
"2025-04-06 09:30";10.93;"A";83.06;"A";987.31;"A";67;"A";39;"A";0;"A";6;"A";33;"A";27.78;"A";20.1;"A";18.96;"A"
"2025-04-06 09:45";11.07;"A";82.27;"A";987.23;"A";85;"A";39;"A";0;"A";6;"A";33;"A";23.46;"A";16.94;"A";15.94;"A"
"2025-04-06 10:00";11.13;"A";81.57;"A";987.29;"A";69;"A";41;"A";0;"A";5;"A";35;"A";20.04;"A";14.43;"A";13.54;"A"
"2025-04-06 10:15";11.24;"A";80.98;"A";987.33;"A";73;"A";41;"A";0;"A";6;"A";35;"A";19.07;"A";13.73;"A";12.87;"A"
"2025-04-06 10:30";11.34;"A";80.38;"A";987.34;"A";93;"A";41;"A";0;"A";6;"A";35;"A";18.91;"A";13.6;"A";12.75;"A"
"2025-04-06 10:45";11.43;"A";79.86;"A";987.43;"A";84;"A";41;"A";0;"A";6;"A";35;"A";19.53;"A";14.06;"A";13.19;"A"
"2025-04-06 11:00";11.08;"A";79.17;"A";987.67;"A";87;"A";39;"A";0;"A";6;"A";33;"A";19.63;"A";14.08;"A";12.31;"A"
"2025-04-06 11:15";9.35;"A";79.3;"A";987.88;"A";98;"A";32;"A";0;"A";6;"A";26;"A";10.68;"A";7.25;"A";5.08;"A"
"2025-04-06 11:30";8.21;"A";82.04;"A";988.18;"A";81;"A";34;"A";0;"A";8;"A";26;"A";7.1;"A";4.53;"A";3.19;"A"
"2025-04-06 11:45";7.44;"A";82.2;"A";988.71;"A";90;"A";34;"A";0;"A";10;"A";24;"A";6.39;"A";4.08;"A";3.24;"A"
"2025-04-06 12:00";6.65;"A";82.68;"A";989.08;"A";63;"A";34;"A";0;"A";9;"A";25;"A";5.47;"A";3.74;"A";2.96;"A"
"2025-04-06 12:15";6.32;"A";82.69;"A";989.18;"A";61;"A";35;"A";0;"A";9;"A";26;"A";3.35;"A";2.24;"A";1.81;"A"
"2025-04-06 12:30";5.95;"A";82.48;"A";989.2;"A";65;"A";33;"A";0;"A";9;"A";24;"A";2.69;"A";1.7;"A";1.3;"A"
"2025-04-06 12:45";5.83;"A";82.54;"A";989.07;"A";63;"A";34;"A";0;"A";8;"A";26;"A";3.37;"A";2.22;"A";1.87;"A"
"2025-04-06 13:00";5.66;"A";82.72;"A";989.64;"A";59;"A";37;"A";0;"A";7;"A";30;"A";4.62;"A";3.13;"A";2.75;"A"
"2025-04-06 13:15";5.51;"A";82.67;"A";989.79;"A";62;"A";37;"A";0;"A";9;"A";28;"A";3.8;"A";2.61;"A";2.16;"A"
"2025-04-06 13:30";5.24;"A";81.74;"A";990.08;"A";49;"A";36;"A";0;"A";6;"A";30;"A";3.44;"A";2.28;"A";1.92;"A"
"2025-04-06 13:45";5.04;"A";82.67;"A";990.51;"A";55;"A";38;"A";0;"A";7;"A";30;"A";3.02;"A";1.96;"A";1.63;"A"
"2025-04-06 14:00";4.85;"A";82.93;"A";990.78;"A";54;"A";37;"A";0;"A";7;"A";30;"A";3.32;"A";2.18;"A";1.84;"A"
"2025-04-06 14:15";4.71;"A";83.18;"A";990.92;"A";51;"A";38;"A";0;"A";7;"A";31;"A";6.95;"A";4.84;"A";4.38;"A"
"2025-04-06 14:30";4.77;"A";83.78;"A";991.15;"A";52;"A";38;"A";0;"A";7;"A";31;"A";4.03;"A";2.7;"A";2.33;"A"
"2025-04-06 14:45";4.89;"A";83.01;"A";991.27;"A";49;"A";37;"A";0;"A";8;"A";29;"A";5.15;"A";3.53;"A";3.12;"A"
"2025-04-06 15:00";5.13;"A";82.17;"A";991.31;"A";58;"A";37;"A";0;"A";7;"A";31;"A";4.65;"A";3.16;"A";2.77;"A"
"2025-04-06 15:15";5.2;"A";80.45;"A";991.7;"A";49;"A";38;"A";0;"A";6;"A";31;"A";3.06;"A";1.99;"A";1.66;"A"
"2025-04-06 15:30";5.17;"A";79.77;"A";992.18;"A";52;"A";39;"A";0;"A";9;"A";30;"A";3.34;"A";2.25;"A";1.7;"A"
"2025-04-06 15:45";4.91;"A";79.05;"A";992.44;"A";43;"A";38;"A";0;"A";6;"A";32;"A";2.1;"A";1.37;"A";0.96;"A"
"2025-04-06 16:00";5;"A";78.69;"A";992.55;"A";48;"A";39;"A";0;"A";7;"A";32;"A";2.64;"A";1.77;"A";1.39;"A"
"2025-04-06 16:15";5.21;"A";78.38;"A";992.69;"A";45;"A";39;"A";0;"A";7;"A";32;"A";3.01;"A";2;"A";1.55;"A"
"2025-04-06 16:30";5.46;"A";77.07;"A";992.92;"A";48;"A";38;"A";0;"A";6;"A";33;"A";2.73;"A";1.8;"A";1.34;"A"
"2025-04-06 16:45";5.6;"A";75.9;"A";993.02;"A";53;"A";39;"A";0;"A";6;"A";33;"A";3.41;"A";2.28;"A";1.57;"A"
"2025-04-06 17:00";5.77;"A";75.21;"A";993.13;"A";53;"A";40;"A";0;"A";5;"A";35;"A";2.94;"A";1.87;"A";1.32;"A"
"2025-04-06 17:15";5.77;"A";75.23;"A";993.39;"A";48;"A";41;"A";0;"A";6;"A";35;"A";4.13;"A";3.08;"A";2.03;"A"
"2025-04-06 17:30";5.89;"A";73.68;"A";993.47;"A";50;"A";42;"A";0;"A";6;"A";36;"A";5.23;"A";3.65;"A";2.43;"A"
"2025-04-06 17:45";5.91;"A";72.28;"A";993.75;"A";45;"A";42;"A";0;"A";5;"A";37;"A";10.82;"A";8.52;"A";5.9;"A"
"2025-04-06 18:00";6.02;"A";71.72;"A";993.91;"A";45;"A";43;"A";0;"A";7;"A";37;"A";16.39;"A";13.02;"A";9.41;"A"
"2025-04-06 18:15";6.06;"A";70.43;"A";994.15;"A";69;"A";43;"A";0;"A";7;"A";36;"A";16.63;"A";13.85;"A";9.86;"A"
"2025-04-06 18:30";6.12;"A";70.58;"A";994.52;"A";58;"A";42;"A";0;"A";8;"A";35;"A";18.81;"A";14.32;"A";9.61;"A"
"2025-04-06 18:45";6.06;"A";70.6;"A";994.7;"A";54;"A";42;"A";0;"A";6;"A";36;"A";12.43;"A";9.91;"A";6.83;"A"
"2025-04-06 19:00";6.06;"A";70.37;"A";995.01;"A";56;"A";42;"A";0;"A";6;"A";36;"A";8.9;"A";6.81;"A";4.76;"A"
"2025-04-06 19:15";6.1;"A";71.33;"A";995.28;"A";74;"A";41;"A";0;"A";7;"A";34;"A";12.34;"A";9.42;"A";7.1;"A"
"2025-04-06 19:30";6.04;"A";70.83;"A";995.38;"A";83;"A";40;"A";0;"A";8;"A";33;"A";11.57;"A";9.28;"A";6.76;"A"
"2025-04-06 19:45";6.02;"A";71.25;"A";995.49;"A";74;"A";40;"A";0;"A";7;"A";32;"A";11.66;"A";8.66;"A";6.27;"A"
"2025-04-06 20:00";5.92;"A";71.25;"A";995.76;"A";71;"A";38;"A";0;"A";6;"A";31;"A";9.74;"A";7.62;"A";5.72;"A"
"2025-04-06 20:15";5.75;"A";71.78;"A";995.99;"A";79;"A";38;"A";0;"A";8;"A";30;"A";11.28;"A";8.28;"A";6.15;"A"
"2025-04-06 20:30";5.62;"A";72.03;"A";996.26;"A";82;"A";37;"A";0;"A";8;"A";29;"A";10.27;"A";8.12;"A";5.89;"A"
"2025-04-06 20:45";5.45;"A";73.44;"A";996.56;"A";169;"A";37;"A";0;"A";11;"A";26;"A";16.78;"A";13.6;"A";9.99;"A"
"2025-04-06 21:00";5.17;"A";76;"A";996.83;"A";194;"A";34;"A";0;"A";9;"A";25;"A";40.09;"A";32.5;"A";22.63;"A"
"2025-04-06 21:15";5.08;"A";76.46;"A";997.01;"A";163;"A";32;"A";0;"A";7;"A";25;"A";19.99;"A";16.79;"A";12.22;"A"
"2025-04-06 21:30";5.12;"A";75.42;"A";997.17;"A";129;"A";34;"A";0;"A";12;"A";22;"A";16.74;"A";12.89;"A";9.34;"A"
"2025-04-06 21:45";5.28;"A";73.1;"A";997.17;"A";103;"A";36;"A";0;"A";15;"A";21;"A";12.17;"A";8.46;"A";6.01;"A"
"2025-04-06 22:00";5.27;"A";72.14;"A";997.33;"A";98;"A";38;"A";0;"A";14;"A";23;"A";10.18;"A";7.74;"A";5.49;"A"
"2025-04-06 22:15";5.13;"A";72.96;"A";997.36;"A";98;"A";39;"A";0;"A";16;"A";22;"A";14.02;"A";10.52;"A";7.53;"A"
"2025-04-06 22:30";5.06;"A";73.54;"A";997.57;"A";92;"A";38;"A";0;"A";17;"A";21;"A";16.97;"A";11.41;"A";8.22;"A"
"2025-04-06 22:45";5.05;"A";73.64;"A";997.74;"A";110;"A";37;"A";0;"A";14;"A";23;"A";18.67;"A";12.92;"A";8.91;"A"
"2025-04-06 23:00";5.06;"A";72.66;"A";997.82;"A";97;"A";38;"A";0;"A";11;"A";27;"A";12.11;"A";8.67;"A";5.99;"A"
"2025-04-06 23:15";5.01;"A";72.75;"A";997.85;"A";58;"A";38;"A";0;"A";10;"A";28;"A";12.19;"A";9.62;"A";7.06;"A"
"2025-04-06 23:30";5;"A";72.62;"A";997.97;"A";58;"A";37;"A";0;"A";11;"A";26;"A";13.82;"A";10.11;"A";7.26;"A"
"2025-04-06 23:45";4.84;"A";72.2;"A";998.16;"A";48;"A";35;"A";0;"A";7;"A";28;"A";10.7;"A";8.06;"A";5.87;"A"
"2025-04-07 00:00";4.51;"A";73.23;"A";998.33;"A";48;"A";34;"A";0;"A";8;"A";26;"A";11.48;"A";8.94;"A";6.44;"A"
"2025-04-07 00:15";4.29;"A";73.68;"A";998.46;"A";48;"A";33;"A";0;"A";9;"A";24;"A";10.55;"A";8.62;"A";6.25;"A"
"2025-04-07 00:30";3.98;"A";74.92;"A";998.61;"A";56;"A";32;"A";0;"A";9;"A";23;"A";13.36;"A";10.98;"A";7.98;"A"
"2025-04-07 00:45";3.67;"A";75.78;"A";998.65;"A";85;"A";31;"A";0;"A";6;"A";24;"A";11.86;"A";9.5;"A";6.92;"A"
"2025-04-07 01:00";3.4;"A";75.32;"A";998.9;"A";54;"A";31;"A";0;"A";5;"A";26;"A";11.44;"A";8.61;"A";6.17;"A"
"2025-04-07 01:15";3.12;"A";75.52;"A";998.93;"A";82;"A";31;"A";0;"A";5;"A";26;"A";13.54;"A";11.48;"A";8.71;"A"
"2025-04-07 01:30";2.83;"A";77.39;"A";999.05;"A";83;"A";31;"A";0;"A";6;"A";24;"A";20.46;"A";17.26;"A";12.23;"A"
"2025-04-07 01:45";2.66;"A";77.42;"A";999.04;"A";60;"A";31;"A";0;"A";8;"A";23;"A";11.57;"A";9.51;"A";6.8;"A"
"2025-04-07 02:00";2.34;"A";76.63;"A";999.23;"A";72;"A";31;"A";0;"A";7;"A";24;"A";9.98;"A";8.45;"A";6.02;"A"
"2025-04-07 02:15";2.12;"A";76.5;"A";999.2;"A";117;"A";31;"A";0;"A";7;"A";24;"A";8.36;"A";6.6;"A";4.66;"A"
"2025-04-07 02:30";1.81;"A";76.73;"A";999.27;"A";48;"A";31;"A";0;"A";9;"A";22;"A";7.52;"A";5.71;"A";4.12;"A"
"2025-04-07 02:45";1.55;"A";76.66;"A";999.42;"A";49;"A";31;"A";0;"A";7;"A";24;"A";8.09;"A";6.23;"A";4.32;"A"
"2025-04-07 03:00";1.45;"A";76.37;"A";999.47;"A";66;"A";32;"A";0;"A";9;"A";23;"A";9.35;"A";7.87;"A";5.6;"A"
"2025-04-07 03:15";1.29;"A";76.57;"A";999.52;"A";57;"A";32;"A";0;"A";9;"A";23;"A";8.31;"A";6.36;"A";4.67;"A"
"2025-04-07 03:30";1.26;"A";75.49;"A";999.59;"A";47;"A";33;"A";0;"A";8;"A";25;"A";7.47;"A";5.42;"A";4.01;"A"
"2025-04-07 03:45";1.16;"A";75.5;"A";1000.04;"A";42;"A";34;"A";0;"A";8;"A";26;"A";7;"A";5.42;"A";3.75;"A"
"2025-04-07 04:00";1.01;"A";75.81;"A";1000.27;"A";38;"A";34;"A";0;"A";8;"A";25;"A";7.54;"A";5.14;"A";3.81;"A"
"2025-04-07 04:15";0.88;"A";76.4;"A";1000.37;"A";38;"A";34;"A";0;"A";8;"A";26;"A";7.76;"A";5.36;"A";4.09;"A"
"2025-04-07 04:30";0.73;"A";76.7;"A";1000.32;"A";41;"A";33;"A";0;"A";8;"A";26;"A";9.47;"A";6.99;"A";5.13;"A"
"2025-04-07 04:45";0.64;"A";77.51;"A";1000.31;"A";58;"A";33;"A";0;"A";8;"A";25;"A";11.09;"A";8.81;"A";6.12;"A"
"2025-04-07 05:00";0.67;"A";77.6;"A";1000.31;"A";41;"A";33;"A";0;"A";8;"A";25;"A";9.4;"A";7.5;"A";5.49;"A"
"2025-04-07 05:15";0.65;"A";77.86;"A";1000.28;"A";47;"A";32;"A";0;"A";9;"A";24;"A";12.68;"A";9.08;"A";7.02;"A"
"2025-04-07 05:30";0.67;"A";78.24;"A";1000.34;"A";48;"A";31;"A";0;"A";7;"A";24;"A";12.87;"A";9.46;"A";7.42;"A"
"2025-04-07 05:45";0.67;"A";78.49;"A";1000.54;"A";52;"A";31;"A";0;"A";7;"A";25;"A";9.93;"A";7.08;"A";6.41;"A"
"2025-04-07 06:00";0.76;"A";78.69;"A";1000.63;"A";70;"A";31;"A";0;"A";6;"A";25;"A";11.83;"A";8.42;"A";7.8;"A"
"2025-04-07 06:15";0.83;"A";78.63;"A";1000.79;"A";96;"A";31;"A";0;"A";6;"A";25;"A";14.76;"A";10.65;"A";9.74;"A"
"2025-04-07 06:30";0.83;"A";78.76;"A";1000.99;"A";57;"A";31;"A";0;"A";6;"A";25;"A";11.36;"A";8.37;"A";7.43;"A"
"2025-04-07 06:45";1.01;"A";78.92;"A";1001.3;"A";54;"A";31;"A";0;"A";8;"A";24;"A";12.03;"A";8.56;"A";7.94;"A"
"2025-04-07 07:00";1.09;"A";78.81;"A";1001.44;"A";55;"A";32;"A";0;"A";9;"A";23;"A";11.87;"A";8.48;"A";7.85;"A"
"2025-04-07 07:15";1.14;"A";78.99;"A";1001.41;"A";61;"A";31;"A";0;"A";8;"A";24;"A";11.76;"A";8.38;"A";7.65;"A"
"2025-04-07 07:30";1.36;"A";78.37;"A";1001.7;"A";63;"A";32;"A";0;"A";10;"A";22;"A";13.49;"A";9.91;"A";8.8;"A"
"2025-04-07 07:45";1.69;"A";75.58;"A";1001.67;"A";78;"A";33;"A";0;"A";9;"A";24;"A";11.15;"A";8.48;"A";6.66;"A"
"2025-04-07 08:00";1.85;"A";69.72;"A";1001.44;"A";70;"A";36;"A";0;"A";8;"A";29;"A";7.85;"A";5.45;"A";3.97;"A"
"2025-04-07 08:15";2.06;"A";69.33;"A";1001.71;"A";75;"A";39;"A";0;"A";12;"A";28;"A";10;"A";6.79;"A";5.03;"A"
"2025-04-07 08:30";1.98;"A";66.99;"A";1001.92;"A";68;"A";39;"A";0;"A";9;"A";30;"A";7.97;"A";6.14;"A";4.41;"A"
"2025-04-07 08:45";2.04;"A";66.97;"A";1002.08;"A";91;"A";42;"A";0;"A";12;"A";30;"A";11.31;"A";8.75;"A";6.32;"A"
"2025-04-07 09:00";2.5;"A";65.14;"A";1002.18;"A";91;"A";41;"A";0;"A";9;"A";32;"A";7.12;"A";4.77;"A";3.3;"A"
"2025-04-07 09:15";3.06;"A";63.1;"A";1002.16;"A";108;"A";46;"A";0;"A";16;"A";30;"A";13.27;"A";9.97;"A";7.75;"A"
"2025-04-07 09:30";3.69;"A";61.76;"A";1002.18;"A";81;"A";41;"A";0;"A";9;"A";33;"A";8.86;"A";6.63;"A";4.93;"A"
"2025-04-07 09:45";4.15;"A";58.72;"A";1002.2;"A";100;"A";41;"A";0;"A";7;"A";34;"A";16.42;"A";12.6;"A";8.6;"A"
"2025-04-07 10:00";4.78;"A";55.94;"A";1002.39;"A";65;"A";43;"A";0;"A";6;"A";36;"A";7.32;"A";4.91;"A";3.53;"A"
"2025-04-07 10:15";5.33;"A";56.03;"A";1002.4;"A";74;"A";43;"A";0;"A";8;"A";36;"A";6.16;"A";4.29;"A";3.24;"A"
"2025-04-07 10:30";5.01;"A";53.19;"A";1002.59;"A";119;"A";43;"A";0;"A";7;"A";36;"A";6.44;"A";3.95;"A";2.84;"A"
"2025-04-07 10:45";5.56;"A";52.83;"A";1002.67;"A";57;"A";43;"A";0;"A";5;"A";37;"A";6.14;"A";4.41;"A";3.01;"A"
"2025-04-07 11:00";5.85;"A";51.51;"A";1002.61;"A";149;"A";43;"A";0;"A";6;"A";37;"A";6.99;"A";4.57;"A";3.23;"A"
"2025-04-07 11:15";6.11;"A";48.75;"A";1002.7;"A";67;"A";44;"A";0;"A";7;"A";37;"A";6.36;"A";3.66;"A";2.53;"A"
"2025-04-07 11:30";6.53;"A";46.56;"A";1002.52;"A";64;"A";43;"A";0;"A";5;"A";37;"A";5.53;"A";3.82;"A";2.53;"A"
"2025-04-07 11:45";6.27;"A";47.81;"A";1002.69;"A";66;"A";43;"A";0;"A";6;"A";37;"A";6.12;"A";3.76;"A";2.69;"A"
"2025-04-07 12:00";5.84;"A";47.53;"A";1002.93;"A";61;"A";45;"A";0;"A";7;"A";38;"A";5.72;"A";3.78;"A";2.49;"A"
"2025-04-07 12:15";6.27;"A";48.88;"A";1002.67;"A";63;"A";43;"A";0;"A";6;"A";37;"A";5.73;"A";4.15;"A";2.64;"A"
"2025-04-07 12:30";6.32;"A";45.85;"A";1002.65;"A";63;"A";43;"A";0;"A";5;"A";38;"A";4.63;"A";3.41;"A";2.38;"A"
"2025-04-07 12:45";6.22;"A";46.13;"A";1002.66;"A";56;"A";44;"A";0;"A";6;"A";38;"A";4.66;"A";3.12;"A";2.24;"A"
"2025-04-07 13:00";6.26;"A";47.2;"A";1002.7;"A";57;"A";44;"A";0;"A";6;"A";38;"A";5.28;"A";3.65;"A";2.8;"A"
"2025-04-07 13:15";6.3;"A";45.67;"A";1002.78;"A";61;"A";44;"A";0;"A";6;"A";38;"A";4.68;"A";3.43;"A";2.35;"A"
"2025-04-07 13:30";6.53;"A";46.5;"A";1002.73;"A";61;"A";44;"A";0;"A";6;"A";37;"A";5.97;"A";4.36;"A";3.05;"A"
"2025-04-07 13:45";6.84;"A";44.85;"A";1002.8;"A";68;"A";43;"A";0;"A";5;"A";38;"A";5.9;"A";4.08;"A";3.02;"A"
"2025-04-07 14:00";6.9;"A";44.79;"A";1002.76;"A";78;"A";43;"A";0;"A";6;"A";37;"A";5.79;"A";3.73;"A";2.5;"A"
"2025-04-07 14:15";6.99;"A";46.32;"A";1002.85;"A";72;"A";44;"A";0;"A";6;"A";38;"A";5.29;"A";3.42;"A";2.36;"A"
"2025-04-07 14:30";6.83;"A";45.53;"A";1002.78;"A";69;"A";44;"A";0;"A";6;"A";38;"A";9.2;"A";7.05;"A";5.07;"A"
"2025-04-07 14:45";7.25;"A";44.66;"A";1002.63;"A";61;"A";44;"A";0;"A";5;"A";38;"A";5.25;"A";4.03;"A";2.89;"A"
"2025-04-07 15:00";7.7;"A";44.22;"A";1002.62;"A";107;"A";47;"A";0;"A";13;"A";34;"A";8.13;"A";5.7;"A";4.12;"A"
"2025-04-07 15:15";7.54;"A";44.33;"A";1002.6;"A";147;"A";43;"A";0;"A";7;"A";36;"A";6.24;"A";3.79;"A";2.66;"A"
"2025-04-07 15:30";7.32;"A";44.14;"A";1002.6;"A";175;"A";44;"A";0;"A";8;"A";37;"A";6.07;"A";3.75;"A";2.74;"A"
"2025-04-07 15:45";7.3;"A";44.83;"A";1002.7;"A";80;"A";44;"A";0;"A";8;"A";37;"A";5.94;"A";4.14;"A";2.91;"A"
"2025-04-07 16:00";7.29;"A";43.64;"A";1002.7;"A";80;"A";43;"A";0;"A";7;"A";37;"A";7.29;"A";4.79;"A";3.32;"A"
"2025-04-07 16:15";7.34;"A";43.02;"A";1002.68;"A";72;"A";43;"A";0;"A";6;"A";37;"A";7.54;"A";5.09;"A";3.71;"A"
"2025-04-07 16:30";7.27;"A";44.23;"A";1002.68;"A";92;"A";44;"A";0;"A";7;"A";37;"A";7.15;"A";5.35;"A";3.97;"A"
"2025-04-07 16:45";7.01;"A";44.39;"A";1002.63;"A";98;"A";44;"A";0;"A";8;"A";35;"A";9.64;"A";6.39;"A";4.65;"A"
"2025-04-07 17:00";6.83;"A";44.25;"A";1002.48;"A";66;"A";44;"A";0;"A";7;"A";37;"A";7.68;"A";5.62;"A";4.17;"A"
"2025-04-07 17:15";6.72;"A";44.87;"A";1002.55;"A";73;"A";44;"A";0;"A";7;"A";37;"A";12.18;"A";9.25;"A";6.71;"A"
"2025-04-07 17:30";6.5;"A";45.81;"A";1002.75;"A";83;"A";43;"A";0;"A";8;"A";35;"A";9.29;"A";6.76;"A";4.83;"A"
"2025-04-07 17:45";6.31;"A";45.89;"A";1002.81;"A";81;"A";43;"A";0;"A";8;"A";35;"A";8.35;"A";5.25;"A";3.45;"A"
"2025-04-07 18:00";5.94;"A";46.56;"A";1002.92;"A";71;"A";44;"A";0;"A";9;"A";35;"A";6.73;"A";4.11;"A";3.12;"A"
"2025-04-07 18:15";5.8;"A";46.51;"A";1003.24;"A";70;"A";44;"A";0;"A";10;"A";34;"A";7.63;"A";4.77;"A";3.26;"A"
"2025-04-07 18:30";5.62;"A";47.27;"A";1003.43;"A";73;"A";43;"A";0;"A";9;"A";35;"A";7.31;"A";5.08;"A";3.53;"A"
"2025-04-07 18:45";5.53;"A";47.02;"A";1003.45;"A";70;"A";43;"A";0;"A";9;"A";34;"A";7.87;"A";5.31;"A";4.04;"A"
"2025-04-07 19:00";5.47;"A";46.78;"A";1003.46;"A";72;"A";43;"A";0;"A";11;"A";32;"A";9.06;"A";5.96;"A";4.56;"A"
"2025-04-07 19:15";5.3;"A";47.15;"A";1003.47;"A";71;"A";43;"A";0;"A";8;"A";35;"A";10.23;"A";7.15;"A";5.1;"A"
"2025-04-07 19:30";5.12;"A";47.54;"A";1003.54;"A";72;"A";43;"A";0;"A";7;"A";36;"A";9.11;"A";6.65;"A";4.97;"A"
"2025-04-07 19:45";4.97;"A";48.97;"A";1003.51;"A";69;"A";43;"A";0;"A";8;"A";35;"A";9.99;"A";7.19;"A";5.1;"A"
"2025-04-07 20:00";4.9;"A";50.66;"A";1003.65;"A";81;"A";42;"A";0;"A";7;"A";35;"A";11.05;"A";8.07;"A";5.69;"A"
"2025-04-07 20:15";4.61;"A";51.64;"A";1003.99;"A";85;"A";42;"A";0;"A";8;"A";34;"A";9.94;"A";7.87;"A";5.97;"A"
"2025-04-07 20:30";4.5;"A";52.29;"A";1004.25;"A";77;"A";42;"A";0;"A";8;"A";34;"A";15.14;"A";9.9;"A";7.06;"A"
"2025-04-07 20:45";4.45;"A";53.13;"A";1004.54;"A";78;"A";41;"A";0;"A";8;"A";34;"A";12.24;"A";8.53;"A";6.16;"A"
"2025-04-07 21:00";4.43;"A";53.78;"A";1004.55;"A";85;"A";40;"A";0;"A";9;"A";31;"A";14.32;"A";9.84;"A";7.04;"A"
"2025-04-07 21:15";4.49;"A";53.96;"A";1004.62;"A";94;"A";41;"A";0;"A";10;"A";31;"A";16.65;"A";12.39;"A";9.22;"A"
"2025-04-07 21:30";4.49;"A";54.68;"A";1004.7;"A";86;"A";41;"A";0;"A";8;"A";33;"A";14.64;"A";11.22;"A";8.22;"A"
"2025-04-07 21:45";4.43;"A";55.13;"A";1004.78;"A";74;"A";40;"A";0;"A";7;"A";33;"A";14.55;"A";11.06;"A";7.66;"A"
"2025-04-07 22:00";4.33;"A";55.67;"A";1004.89;"A";64;"A";41;"A";0;"A";7;"A";34;"A";10.08;"A";7.74;"A";5.24;"A"
"2025-04-07 22:15";4.22;"A";56.87;"A";1004.86;"A";59;"A";40;"A";0;"A";7;"A";34;"A";10.68;"A";7.62;"A";5.48;"A"
"2025-04-07 22:30";4.08;"A";56.17;"A";1004.88;"A";69;"A";41;"A";0;"A";6;"A";35;"A";10.67;"A";8.35;"A";5.87;"A"
"2025-04-07 22:45";4.01;"A";55.03;"A";1004.9;"A";55;"A";41;"A";0;"A";6;"A";36;"A";9.9;"A";7.07;"A";5.16;"A"
"2025-04-07 23:00";3.97;"A";54.74;"A";1004.78;"A";54;"A";42;"A";0;"A";6;"A";36;"A";8.61;"A";6.55;"A";4.54;"A"
"2025-04-07 23:15";3.86;"A";54.96;"A";1004.69;"A";54;"A";42;"A";0;"A";6;"A";36;"A";8.89;"A";6.09;"A";4.04;"A"
"2025-04-07 23:30";3.7;"A";56.89;"A";1004.81;"A";46;"A";43;"A";0;"A";6;"A";36;"A";9.76;"A";6.65;"A";4.81;"A"
"2025-04-07 23:45";3.68;"A";58.49;"A";1004.73;"A";56;"A";41;"A";0;"A";5;"A";35;"A";11.47;"A";7.87;"A";5.53;"A"
"2025-04-08 00:00";3.72;"A";56.5;"A";1004.69;"A";49;"A";40;"A";0;"A";5;"A";36;"A";9.31;"A";6.9;"A";4.86;"A"
"2025-04-08 00:15";3.58;"A";56.29;"A";1004.63;"A";40;"A";42;"A";0;"A";5;"A";37;"A";9.15;"A";6.38;"A";4.35;"A"
"2025-04-08 00:30";3.43;"A";58.2;"A";1004.6;"A";42;"A";42;"A";0;"A";6;"A";36;"A";9.21;"A";6.98;"A";4.91;"A"
"2025-04-08 00:45";3.29;"A";59.84;"A";1004.43;"A";42;"A";41;"A";0;"A";6;"A";35;"A";9.47;"A";6.83;"A";4.78;"A"
"2025-04-08 01:00";3.03;"A";61.47;"A";1004.43;"A";51;"A";39;"A";0;"A";6;"A";34;"A";11.76;"A";8.23;"A";5.91;"A"
"2025-04-08 01:15";2.7;"A";62.63;"A";1004.59;"A";54;"A";37;"A";0;"A";6;"A";31;"A";11.81;"A";8.48;"A";6.05;"A"
"2025-04-08 01:30";2.47;"A";64.85;"A";1004.64;"A";51;"A";37;"A";0;"A";7;"A";30;"A";13.37;"A";9.89;"A";7.07;"A"
"2025-04-08 01:45";2.23;"A";66.24;"A";1004.6;"A";127;"A";35;"A";0;"A";7;"A";28;"A";39.52;"A";32.44;"A";22.12;"A"
"2025-04-08 02:00";2.21;"A";66.95;"A";1004.63;"A";151;"A";34;"A";0;"A";7;"A";27;"A";35.24;"A";27.9;"A";19.87;"A"
"2025-04-08 02:15";2.16;"A";66.41;"A";1004.69;"A";93;"A";34;"A";0;"A";6;"A";28;"A";17.59;"A";13.77;"A";10.25;"A"
"2025-04-08 02:30";2.15;"A";66.13;"A";1004.59;"A";50;"A";34;"A";0;"A";6;"A";28;"A";16.17;"A";11.23;"A";7.77;"A"
"2025-04-08 02:45";2.1;"A";67.01;"A";1004.6;"A";53;"A";34;"A";0;"A";6;"A";28;"A";16.81;"A";12.36;"A";8.71;"A"
"2025-04-08 03:00";2.19;"A";66.35;"A";1004.55;"A";54;"A";34;"A";0;"A";6;"A";28;"A";14.06;"A";10.68;"A";7.85;"A"
"2025-04-08 03:15";2.15;"A";66.74;"A";1004.6;"A";53;"A";34;"A";0;"A";6;"A";29;"A";13.71;"A";10.18;"A";7.45;"A"
"2025-04-08 03:30";1.95;"A";68.83;"A";1004.55;"A";50;"A";33;"A";0;"A";6;"A";27;"A";13.86;"A";11.03;"A";7.92;"A"
"2025-04-08 03:45";1.85;"A";69.33;"A";1004.45;"A";48;"A";31;"A";0;"A";6;"A";25;"A";15;"A";11.38;"A";8.05;"A"
"2025-04-08 04:00";1.73;"A";69.83;"A";1004.47;"A";57;"A";32;"A";0;"A";6;"A";26;"A";15.81;"A";11.87;"A";8.54;"A"
"2025-04-08 04:15";1.48;"A";70.37;"A";1004.49;"A";52;"A";34;"A";0;"A";6;"A";28;"A";15.2;"A";11.46;"A";8.18;"A"
"2025-04-08 04:30";1.53;"A";69.03;"A";1004.49;"A";35;"A";38;"A";0;"A";5;"A";33;"A";10.51;"A";8.05;"A";5.81;"A"
"2025-04-08 04:45";1.36;"A";70.77;"A";1004.5;"A";40;"A";36;"A";0;"A";6;"A";30;"A";11.93;"A";8.64;"A";6.61;"A"
"2025-04-08 05:00";1.15;"A";71.63;"A";1004.62;"A";39;"A";38;"A";0;"A";5;"A";33;"A";11.16;"A";7.75;"A";5.54;"A"
"2025-04-08 05:15";1.01;"A";72.48;"A";1004.73;"A";36;"A";39;"A";0;"A";5;"A";34;"A";10.63;"A";7.61;"A";5.44;"A"
"2025-04-08 05:30";0.83;"A";72.87;"A";1004.77;"A";33;"A";39;"A";0;"A";6;"A";33;"A";17.43;"A";12.15;"A";8.63;"A"
"2025-04-08 05:45";0.74;"A";73.12;"A";1004.82;"A";33;"A";38;"A";0;"A";6;"A";32;"A";11.54;"A";8.75;"A";6.14;"A"
"2025-04-08 06:00";0.61;"A";73.22;"A";1004.94;"A";37;"A";38;"A";0;"A";7;"A";31;"A";12.2;"A";9.54;"A";6.65;"A"
"2025-04-08 06:15";0.33;"A";74.23;"A";1005.12;"A";42;"A";37;"A";0;"A";7;"A";30;"A";13.51;"A";10.09;"A";7.23;"A"
"2025-04-08 06:30";0.1;"A";74.97;"A";1005.31;"A";41;"A";36;"A";0;"A";7;"A";29;"A";15.12;"A";11.36;"A";7.98;"A"
"2025-04-08 06:45";0.21;"A";73.95;"A";1005.28;"A";45;"A";36;"A";0;"A";8;"A";28;"A";14.82;"A";10.01;"A";7.22;"A"
"2025-04-08 07:00";0.32;"A";71.95;"A";1005.35;"A";40;"A";37;"A";0;"A";7;"A";30;"A";12.64;"A";8.78;"A";6.21;"A"
"2025-04-08 07:15";0.37;"A";72.14;"A";1005.21;"A";43;"A";38;"A";0;"A";8;"A";30;"A";12.74;"A";9.16;"A";6.23;"A"
"2025-04-08 07:30";0.5;"A";73.48;"A";1005.31;"A";52;"A";38;"A";0;"A";10;"A";27;"A";14.84;"A";10.4;"A";7.42;"A"
"2025-04-08 07:45";0.98;"A";72.71;"A";1005.3;"A";55;"A";37;"A";0;"A";9;"A";28;"A";15.58;"A";10.93;"A";7.36;"A"
"2025-04-08 08:00";1.21;"A";72.02;"A";1005.34;"A";54;"A";37;"A";0;"A";9;"A";29;"A";13.46;"A";9.64;"A";6.61;"A"
"2025-04-08 08:15";1.39;"A";69.26;"A";1005.46;"A";49;"A";38;"A";0;"A";10;"A";28;"A";13.89;"A";9.69;"A";6.53;"A"
"2025-04-08 08:30";1.61;"A";66.47;"A";1005.4;"A";53;"A";39;"A";0;"A";8;"A";30;"A";11.86;"A";8.39;"A";5.98;"A"
"2025-04-08 08:45";1.96;"A";62.82;"A";1005.36;"A";178;"A";53;"A";0;"A";28;"A";26;"A";26.8;"A";20.55;"A";15.21;"A"
"2025-04-08 09:00";2.88;"A";58.2;"A";1005.48;"A";73;"A";42;"A";0;"A";13;"A";29;"A";20.31;"A";13.62;"A";9.83;"A"
"2025-04-08 09:15";4.24;"A";51.79;"A";1005.44;"A";49;"A";41;"A";0;"A";5;"A";36;"A";17.12;"A";7.75;"A";5.07;"A"
"2025-04-08 09:30";5.1;"A";46.4;"A";1005.55;"A";68;"A";45;"A";0;"A";8;"A";37;"A";12.17;"A";7.37;"A";4.88;"A"
"2025-04-08 09:45";4.86;"A";46.06;"A";1005.73;"A";116;"A";53;"A";0;"A";26;"A";27;"A";14.8;"A";9.01;"A";6.26;"A"
"2025-04-08 10:00";4.32;"A";48.47;"A";1005.8;"A";126;"A";56;"A";0;"A";33;"A";23;"A";20.77;"A";10.68;"A";6.73;"A"
"2025-04-08 10:15";4.23;"A";50.07;"A";1005.84;"A";124;"A";56;"A";0;"A";33;"A";23;"A";17.07;"A";11.73;"A";8.46;"A"
"2025-04-08 10:30";4.5;"A";48.73;"A";1005.85;"A";148;"A";56;"A";0;"A";36;"A";20;"A";17.95;"A";10.26;"A";6.59;"A"
"2025-04-08 10:45";4.7;"A";48.02;"A";1005.88;"A";128;"A";56;"A";0;"A";34;"A";22;"A";19.25;"A";9.43;"A";6.29;"A"
"2025-04-08 11:00";5.39;"A";46.67;"A";1005.93;"A";131;"A";54;"A";0;"A";30;"A";23;"A";16.5;"A";9.46;"A";6.42;"A"
"2025-04-08 11:15";5.8;"A";42.72;"A";1005.87;"A";152;"A";54;"A";0;"A";31;"A";23;"A";26.57;"A";18.68;"A";13.3;"A"
"2025-04-08 11:30";5.66;"A";42.84;"A";1005.82;"A";191;"A";61;"A";0;"A";42;"A";19;"A";13.59;"A";8.77;"A";6.4;"A"
"2025-04-08 11:45";5.75;"A";41.03;"A";1005.92;"A";131;"A";52;"A";0;"A";25;"A";27;"A";11.09;"A";7.08;"A";5.53;"A"
"2025-04-08 12:00";5.72;"A";39.15;"A";1005.95;"A";162;"A";50;"A";0;"A";18;"A";32;"A";14.27;"A";8.86;"A";6.24;"A"
"2025-04-08 12:15";6.19;"A";37.9;"A";1006.07;"A";90;"A";49;"A";0;"A";13;"A";36;"A";9.62;"A";5.37;"A";3.41;"A"
"2025-04-08 12:30";6.58;"A";36.96;"A";1006.08;"A";91;"A";49;"A";0;"A";12;"A";37;"A";10.7;"A";6.37;"A";4.21;"A"
"2025-04-08 12:45";6.65;"A";39.77;"A";1006.17;"A";88;"A";50;"A";0;"A";14;"A";36;"A";13.57;"A";6.72;"A";4.45;"A"
"2025-04-08 13:00";7.08;"A";37.72;"A";1006.16;"A";90;"A";48;"A";0;"A";14;"A";34;"A";12.79;"A";6.54;"A";4.3;"A"
"2025-04-08 13:15";6.62;"A";42.7;"A";1006.34;"A";103;"A";51;"A";0;"A";17;"A";35;"A";15.26;"A";8.62;"A";5.53;"A"
"2025-04-08 13:30";6.94;"A";41.5;"A";1006.46;"A";96;"A";49;"A";0;"A";14;"A";34;"A";12.39;"A";6.94;"A";4.44;"A"
"2025-04-08 13:45";6.38;"A";45.72;"A";1006.77;"A";93;"A";50;"A";0;"A";14;"A";36;"A";21.26;"A";10.92;"A";6.98;"A"
"2025-04-08 14:00";6.39;"A";48.24;"A";1006.78;"A";85;"A";51;"A";0;"A";13;"A";37;"A";19.04;"A";9.42;"A";6.18;"A"
"2025-04-08 14:15";7.19;"A";44.12;"A";1006.75;"A";81;"A";47;"A";0;"A";9;"A";38;"A";14.23;"A";7.98;"A";5.21;"A"
"2025-04-08 14:30";7.7;"A";41.67;"A";1006.66;"A";90;"A";48;"A";0;"A";13;"A";36;"A";12.91;"A";6.82;"A";4.61;"A"
"2025-04-08 14:45";8.09;"A";37.81;"A";1006.49;"A";79;"A";46;"A";0;"A";7;"A";39;"A";18.58;"A";12.27;"A";8.44;"A"
"2025-04-08 15:00";9.22;"A";37.11;"A";1006.47;"A";77;"A";47;"A";0;"A";7;"A";39;"A";16.16;"A";9.96;"A";6.44;"A"
"2025-04-08 15:15";9.29;"A";34.04;"A";1006.53;"A";90;"A";47;"A";0;"A";6;"A";41;"A";11.68;"A";7.28;"A";4.76;"A"
"2025-04-08 15:30";9.81;"A";29.75;"A";1006.39;"A";76;"A";46;"A";0;"A";6;"A";40;"A";9.48;"A";5.17;"A";3.38;"A"
"2025-04-08 15:45";9.51;"A";28.94;"A";1006.52;"A";84;"A";48;"A";0;"A";7;"A";41;"A";8.84;"A";4.95;"A";3.44;"A"
"2025-04-08 16:00";9.45;"A";30.01;"A";1006.57;"A";95;"A";49;"A";0;"A";10;"A";39;"A";16.59;"A";12.36;"A";8.83;"A"
"2025-04-08 16:15";9.93;"A";28.09;"A";1006.46;"A";89;"A";46;"A";0;"A";6;"A";40;"A";13.64;"A";10.27;"A";6.85;"A"
"2025-04-08 16:30";9.22;"A";29.48;"A";1006.66;"A";77;"A";48;"A";0;"A";7;"A";41;"A";8.76;"A";4.89;"A";3.45;"A"
"2025-04-08 16:45";8.8;"A";31.57;"A";1006.66;"A";81;"A";48;"A";0;"A";8;"A";40;"A";8.13;"A";5.36;"A";3.84;"A"
"2025-04-08 17:00";9.42;"A";30.71;"A";1006.73;"A";117;"A";46;"A";0;"A";7;"A";39;"A";8.96;"A";5.73;"A";4;"A"
"2025-04-08 17:15";9.27;"A";29.39;"A";1006.81;"A";87;"A";47;"A";0;"A";6;"A";41;"A";7.76;"A";4.81;"A";3.36;"A"
"2025-04-08 17:30";8.98;"A";31.69;"A";1006.68;"A";96;"A";48;"A";0;"A";8;"A";40;"A";7.09;"A";4.62;"A";3.04;"A"
"2025-04-08 17:45";8.53;"A";32.74;"A";1006.61;"A";88;"A";47;"A";0;"A";9;"A";38;"A";8.56;"A";5.03;"A";3.31;"A"
"2025-04-08 18:00";8.56;"A";33.38;"A";1006.55;"A";87;"A";47;"A";0;"A";8;"A";38;"A";9.09;"A";5.23;"A";3.87;"A"
"2025-04-08 18:15";8.27;"A";32.83;"A";1006.47;"A";77;"A";46;"A";0;"A";9;"A";37;"A";8.2;"A";5.2;"A";3.44;"A"
"2025-04-08 18:30";7.98;"A";31.42;"A";1006.52;"A";76;"A";47;"A";0;"A";9;"A";38;"A";9.67;"A";6.46;"A";4.56;"A"
"2025-04-08 18:45";7.68;"A";32.21;"A";1006.47;"A";70;"A";46;"A";0;"A";8;"A";39;"A";9.03;"A";5.96;"A";4.2;"A"
"2025-04-08 19:00";7.42;"A";33.69;"A";1006.69;"A";86;"A";46;"A";0;"A";10;"A";36;"A";11.59;"A";7.3;"A";5.23;"A"
"2025-04-08 19:15";7.07;"A";35.69;"A";1006.78;"A";145;"A";46;"A";0;"A";12;"A";33;"A";17.02;"A";12.04;"A";9.06;"A"
"2025-04-08 19:30";6.62;"A";37.97;"A";1006.95;"A";167;"A";44;"A";0;"A";14;"A";30;"A";27.79;"A";20.04;"A";14.48;"A"
"2025-04-08 19:45";6.39;"A";37.4;"A";1006.9;"A";198;"A";43;"A";0;"A";12;"A";31;"A";26.5;"A";19.28;"A";13.98;"A"
"2025-04-08 20:00";6.33;"A";36.68;"A";1007.04;"A";119;"A";44;"A";0;"A";10;"A";34;"A";14.52;"A";10.63;"A";7.59;"A"
"2025-04-08 20:15";6.15;"A";37.2;"A";1007.23;"A";116;"A";45;"A";0;"A";12;"A";33;"A";17.89;"A";11.57;"A";8.13;"A"
"2025-04-08 20:30";5.94;"A";38.42;"A";1007.35;"A";157;"A";45;"A";0;"A";13;"A";32;"A";15.21;"A";10.02;"A";6.99;"A"
"2025-04-08 20:45";5.83;"A";38.52;"A";1007.53;"A";117;"A";44;"A";0;"A";14;"A";31;"A";15.27;"A";10.54;"A";7.26;"A"
"2025-04-08 21:00";5.7;"A";39.1;"A";1007.49;"A";89;"A";44;"A";0;"A";14;"A";30;"A";14.05;"A";9.67;"A";6.14;"A"
"2025-04-08 21:15";5.64;"A";39.31;"A";1007.46;"A";81;"A";44;"A";0;"A";14;"A";30;"A";14.98;"A";9.11;"A";6.13;"A"
"2025-04-08 21:30";5.6;"A";39.46;"A";1007.51;"A";84;"A";44;"A";0;"A";14;"A";30;"A";16.08;"A";9.98;"A";6.3;"A"
"2025-04-08 21:45";5.52;"A";39.67;"A";1007.45;"A";80;"A";44;"A";0;"A";14;"A";30;"A";17.39;"A";9.6;"A";6.59;"A"
"2025-04-08 22:00";5.48;"A";40.3;"A";1007.44;"A";72;"A";44;"A";0;"A";11;"A";33;"A";13.8;"A";8.64;"A";5.84;"A"
"2025-04-08 22:15";4.97;"A";42.35;"A";1007.46;"A";67;"A";42;"A";0;"A";10;"A";32;"A";14;"A";9.01;"A";6.3;"A"
"2025-04-08 22:30";4.32;"A";45.54;"A";1007.36;"A";104;"A";40;"A";0;"A";8;"A";32;"A";31.24;"A";22.55;"A";15.91;"A"
"2025-04-08 22:45";3.72;"A";47.8;"A";1007.41;"A";120;"A";38;"A";0;"A";9;"A";29;"A";20.58;"A";14.87;"A";10.47;"A"
"2025-04-08 23:00";3.39;"A";48.89;"A";1007.49;"A";142;"A";37;"A";0;"A";11;"A";26;"A";18.52;"A";13.14;"A";9.1;"A"
"2025-04-08 23:15";3.05;"A";51.48;"A";1007.34;"A";98;"A";36;"A";0;"A";10;"A";26;"A";15.77;"A";11.48;"A";8.59;"A"
"2025-04-08 23:30";3.07;"A";50.83;"A";1007.33;"A";108;"A";35;"A";0;"A";12;"A";23;"A";19.69;"A";14.68;"A";10.5;"A"
"2025-04-08 23:45";3.07;"A";51.25;"A";1007.23;"A";103;"A";35;"A";0;"A";18;"A";18;"A";16.48;"A";12.29;"A";8.51;"A"
"2025-04-09 00:00";2.82;"A";53.76;"A";1007.19;"A";119;"A";35;"A";0;"A";19;"A";15;"A";34.94;"A";25.18;"A";17.95;"A"
"2025-04-09 00:15";2.69;"A";54.54;"A";1007.16;"A";153;"A";34;"A";0;"A";23;"A";11;"A";38.67;"A";28.84;"A";20.49;"A"
"2025-04-09 00:30";2.34;"A";56.33;"A";1007.09;"A";140;"A";34;"A";0;"A";23;"A";11;"A";32.22;"A";22.83;"A";15.99;"A"
"2025-04-09 00:45";2.18;"A";58.42;"A";1007.07;"A";118;"A";34;"A";0;"A";24;"A";10;"A";25.05;"A";16.9;"A";12.16;"A"
"2025-04-09 01:00";2.08;"A";59.43;"A";1007.04;"A";116;"A";32;"A";0;"A";23;"A";9;"A";21.2;"A";15.14;"A";10.94;"A"
"2025-04-09 01:15";2.02;"A";59.41;"A";1006.83;"A";112;"A";33;"A";0;"A";15;"A";18;"A";31.02;"A";22.8;"A";16.21;"A"
"2025-04-09 01:30";1.86;"A";60.32;"A";1006.7;"A";111;"A";32;"A";0;"A";12;"A";20;"A";23.42;"A";17.93;"A";12.6;"A"
"2025-04-09 01:45";1.6;"A";62.31;"A";1006.59;"A";130;"A";31;"A";0;"A";14;"A";17;"A";27.33;"A";20.31;"A";14.5;"A"
"2025-04-09 02:00";1.43;"A";63.97;"A";1006.44;"A";150;"A";31;"A";0;"A";15;"A";16;"A";21.4;"A";17.01;"A";12.34;"A"
"2025-04-09 02:15";1.35;"A";63.48;"A";1006.44;"A";200;"A";31;"A";0;"A";17;"A";15;"A";58.29;"A";45.48;"A";32.85;"A"
"2025-04-09 02:30";1.31;"A";64.39;"A";1006.36;"A";366;"A";31;"A";0;"A";20;"A";12;"A";84.16;"A";66.47;"A";47.06;"A"
"2025-04-09 02:45";1.48;"A";64.52;"A";1006.26;"A";210;"A";32;"A";0;"A";23;"A";9;"A";35.27;"A";26.73;"A";19.14;"A"
"2025-04-09 03:00";1.63;"A";64.11;"A";1006.24;"A";180;"A";33;"A";0;"A";25;"A";8;"A";31.84;"A";22.86;"A";16.51;"A"
"2025-04-09 03:15";1.72;"A";65.56;"A";1006.14;"A";152;"A";34;"A";0;"A";32;"A";2;"A";31.39;"A";21.23;"A";14.51;"A"
"2025-04-09 03:30";1.93;"A";65.18;"A";1006.13;"A";120;"A";33;"A";0;"A";31;"A";2;"A";26.08;"A";17.04;"A";12.63;"A"
"2025-04-09 03:45";1.88;"A";65.61;"A";1006.01;"A";91;"A";33;"A";0;"A";24;"A";9;"A";14.46;"A";11.33;"A";8.14;"A"
"2025-04-09 04:00";1.5;"A";67.61;"A";1005.88;"A";72;"A";33;"A";0;"A";19;"A";14;"A";15.08;"A";10.53;"A";7.8;"A"
"2025-04-09 04:15";1.42;"A";68.18;"A";1005.95;"A";79;"A";32;"A";0;"A";15;"A";17;"A";16.78;"A";12.08;"A";8.86;"A"
"2025-04-09 04:30";1.42;"A";68.91;"A";1005.81;"A";95;"A";31;"A";0;"A";15;"A";17;"A";19.13;"A";14.35;"A";10.45;"A"
"2025-04-09 04:45";1.51;"A";69.14;"A";1005.74;"A";85;"A";31;"A";0;"A";14;"A";17;"A";17.1;"A";12.88;"A";9.37;"A"
"2025-04-09 05:00";1.58;"A";70.73;"A";1005.56;"A";84;"A";30;"A";0;"A";14;"A";16;"A";17.69;"A";12.08;"A";8.98;"A"
"2025-04-09 05:15";1.74;"A";73.02;"A";1005.35;"A";72;"A";34;"A";0;"A";23;"A";11;"A";14.21;"A";10.38;"A";7.57;"A"
"2025-04-09 05:30";1.77;"A";73.7;"A";1005.27;"A";68;"A";35;"A";0;"A";20;"A";14;"A";12.74;"A";9.08;"A";6.62;"A"
"2025-04-09 05:45";1.83;"A";74.41;"A";1005.32;"A";63;"A";34;"A";0;"A";19;"A";16;"A";13.75;"A";9.68;"A";7.27;"A"
"2025-04-09 06:00";1.7;"A";75.81;"A";1005.51;"A";67;"A";35;"A";0;"A";27;"A";8;"A";20.07;"A";15.89;"A";11.25;"A"
"2025-04-09 06:15";1.64;"A";76.31;"A";1005.47;"A";59;"A";35;"A";0;"A";20;"A";16;"A";13.96;"A";11.29;"A";8.41;"A"
"2025-04-09 06:30";1.41;"A";77.71;"A";1005.47;"A";56;"A";34;"A";0;"A";9;"A";25;"A";16.24;"A";12.89;"A";9.87;"A"
"2025-04-09 06:45";1.32;"A";80.02;"A";1005.48;"A";57;"A";34;"A";0;"A";9;"A";25;"A";18.74;"A";13.48;"A";12.64;"A"
"2025-04-09 07:00";1.29;"A";81.4;"A";1005.54;"A";68;"A";33;"A";0;"A";9;"A";25;"A";16.82;"A";12.07;"A";11.29;"A"
"2025-04-09 07:15";1.18;"A";82.8;"A";1005.68;"A";71;"A";33;"A";0;"A";11;"A";22;"A";21.57;"A";15.55;"A";14.61;"A"
"2025-04-09 07:30";1.22;"A";82.93;"A";1005.9;"A";87;"A";32;"A";0;"A";15;"A";17;"A";23.6;"A";17.04;"A";16.03;"A"
"2025-04-09 07:45";1.22;"A";83.09;"A";1006.05;"A";84;"A";32;"A";0;"A";16;"A";16;"A";23.47;"A";16.95;"A";15.95;"A"
"2025-04-09 08:00";1.21;"A";83.47;"A";1006.08;"A";97;"A";34;"A";0;"A";16;"A";18;"A";29.23;"A";21.16;"A";19.97;"A"
"2025-04-09 08:15";1.45;"A";83.03;"A";1005.9;"A";130;"A";36;"A";0;"A";21;"A";15;"A";27.99;"A";20.26;"A";19.11;"A"
"2025-04-09 08:30";1.61;"A";81.75;"A";1005.92;"A";123;"A";34;"A";0;"A";14;"A";21;"A";30.49;"A";22.09;"A";20.86;"A"
"2025-04-09 08:45";1.7;"A";80.26;"A";1006.08;"A";173;"A";36;"A";0;"A";12;"A";24;"A";53.3;"A";38.8;"A";36.83;"A"
"2025-04-09 09:00";1.64;"A";78.26;"A";1006.09;"A";254;"A";37;"A";0;"A";11;"A";26;"A";24.15;"A";19.53;"A";15.22;"A"
"2025-04-09 09:15";1.67;"A";78.69;"A";1006.27;"A";178;"A";38;"A";0;"A";14;"A";24;"A";17.71;"A";13.45;"A";11.51;"A"
"2025-04-09 09:30";1.64;"A";80.74;"A";1006.38;"A";122;"A";37;"A";0;"A";11;"A";26;"A";16.66;"A";11.96;"A";11.18;"A"
"2025-04-09 09:45";1.62;"A";79.59;"A";1006.47;"A";158;"A";39;"A";0;"A";9;"A";29;"A";15.53;"A";11.77;"A";9.54;"A"
"2025-04-09 10:00";1.55;"A";80.16;"A";1006.55;"A";93;"A";43;"A";0;"A";9;"A";34;"A";12.24;"A";8.81;"A";7.81;"A"
"2025-04-09 10:15";1.8;"A";81.48;"A";1006.57;"A";136;"A";43;"A";0;"A";9;"A";34;"A";13.71;"A";9.8;"A";9.12;"A"
"2025-04-09 10:30";2.25;"A";79.6;"A";1006.58;"A";73;"A";42;"A";0;"A";8;"A";34;"A";11.11;"A";7.98;"A";6.98;"A"
"2025-04-09 10:45";2.7;"A";78.16;"A";1006.46;"A";86;"A";41;"A";0;"A";8;"A";33;"A";13.59;"A";10.03;"A";8.49;"A"
"2025-04-09 11:00";3.31;"A";77.67;"A";1006.44;"A";118;"A";42;"A";0;"A";11;"A";31;"A";12.78;"A";9.52;"A";8.34;"A"
"2025-04-09 11:15";4.15;"A";71.47;"A";1006.1;"A";90;"A";43;"A";0;"A";7;"A";35;"A";9.23;"A";6.84;"A";4.86;"A"
"2025-04-09 11:30";4.87;"A";66.23;"A";1006.16;"A";184;"A";48;"A";0;"A";17;"A";31;"A";23.55;"A";19.02;"A";14.88;"A"
"2025-04-09 11:45";5.36;"A";63.34;"A";1005.93;"A";151;"A";48;"A";0;"A";14;"A";34;"A";9.88;"A";7.39;"A";5.42;"A"
"2025-04-09 12:00";5.85;"A";59.61;"A";1005.79;"A";90;"A";45;"A";0;"A";8;"A";37;"A";11.93;"A";9.57;"A";7.06;"A"
"2025-04-09 12:15";6.14;"A";59.19;"A";1005.64;"A";115;"A";45;"A";0;"A";7;"A";37;"A";9.74;"A";7.2;"A";5.2;"A"
"2025-04-09 12:30";6.3;"A";56.19;"A";1005.58;"A";106;"A";44;"A";0;"A";8;"A";36;"A";10.32;"A";7.3;"A";5.24;"A"
"2025-04-09 12:45";6.55;"A";55.28;"A";1005.54;"A";106;"A";45;"A";0;"A";8;"A";37;"A";7.7;"A";5.55;"A";4;"A"
"2025-04-09 13:00";6.28;"A";53.31;"A";1005.34;"A";88;"A";45;"A";0;"A";7;"A";38;"A";7.31;"A";5.65;"A";4.3;"A"
"2025-04-09 13:15";6.27;"A";51.72;"A";1005.4;"A";108;"A";46;"A";0;"A";9;"A";37;"A";8.74;"A";6.48;"A";4.7;"A"
"2025-04-09 13:30";6.68;"A";49.73;"A";1005.16;"A";97;"A";44;"A";0;"A";8;"A";37;"A";8.6;"A";5.39;"A";3.93;"A"
"2025-04-09 13:45";7.3;"A";43.34;"A";1004.83;"A";87;"A";44;"A";0;"A";6;"A";38;"A";6.93;"A";4.79;"A";3.58;"A"
"2025-04-09 14:00";7.67;"A";40.15;"A";1004.65;"A";89;"A";46;"A";0;"A";6;"A";40;"A";6.09;"A";4.44;"A";3.12;"A"
"2025-04-09 14:15";7.76;"A";39.45;"A";1004.53;"A";70;"A";48;"A";0;"A";7;"A";41;"A";6.87;"A";4.35;"A";3.12;"A"
"2025-04-09 14:30";7.91;"A";38.33;"A";1004.28;"A";97;"A";46;"A";0;"A";6;"A";39;"A";7.05;"A";4.36;"A";2.86;"A"
"2025-04-09 14:45";8.32;"A";34.94;"A";1004.07;"A";79;"A";47;"A";0;"A";7;"A";40;"A";6.14;"A";4.03;"A";2.94;"A"
"2025-04-09 15:00";8.17;"A";35.72;"A";1004.04;"A";110;"A";48;"A";0;"A";12;"A";36;"A";6.46;"A";3.89;"A";2.72;"A"
"2025-04-09 15:15";8.36;"A";35.32;"A";1003.79;"A";97;"A";48;"A";0;"A";7;"A";41;"A";6.25;"A";4.67;"A";3.29;"A"
"2025-04-09 15:30";8.56;"A";34.03;"A";1003.73;"A";97;"A";48;"A";0;"A";7;"A";40;"A";6.69;"A";5.11;"A";3.73;"A"
"2025-04-09 15:45";9.09;"A";31.31;"A";1003.62;"A";99;"A";47;"A";0;"A";6;"A";40;"A";8.84;"A";6.56;"A";4.81;"A"
"2025-04-09 16:00";9.25;"A";30.37;"A";1003.48;"A";156;"A";47;"A";0;"A";6;"A";41;"A";8.62;"A";6.01;"A";4.39;"A"
"2025-04-09 16:15";9.12;"A";30.36;"A";1003.49;"A";143;"A";48;"A";0;"A";8;"A";40;"A";7.1;"A";4.65;"A";3.19;"A"
"2025-04-09 16:30";8.7;"A";27.26;"A";1003.34;"A";110;"A";47;"A";0;"A";9;"A";38;"A";5.59;"A";3.41;"A";2.28;"A"
"2025-04-09 16:45";8.3;"A";31.23;"A";1003.42;"A";100;"A";50;"A";0;"A";13;"A";37;"A";7.23;"A";4.78;"A";3.39;"A"
"2025-04-09 17:00";8.17;"A";32.12;"A";1003.66;"A";101;"A";47;"A";0;"A";11;"A";36;"A";12.48;"A";6.27;"A";3.78;"A"
"2025-04-09 17:15";8.1;"A";31.91;"A";1003.63;"A";72;"A";46;"A";0;"A";6;"A";40;"A";5.69;"A";3.41;"A";2.47;"A"
"2025-04-09 17:30";8.33;"A";32.88;"A";1003.7;"A";72;"A";46;"A";0;"A";7;"A";39;"A";9.77;"A";4.73;"A";2.84;"A"
"2025-04-09 17:45";8.16;"A";32.07;"A";1003.75;"A";91;"A";46;"A";0;"A";10;"A";36;"A";14.01;"A";7.93;"A";4.82;"A"
"2025-04-09 18:00";7.67;"A";32.2;"A";1003.7;"A";89;"A";47;"A";0;"A";9;"A";38;"A";5.69;"A";3.28;"A";2.26;"A"
"2025-04-09 18:15";7.3;"A";31.91;"A";1003.75;"A";67;"A";47;"A";0;"A";7;"A";39;"A";5.55;"A";2.96;"A";2.03;"A"
"2025-04-09 18:30";6.94;"A";32.81;"A";1003.78;"A";62;"A";46;"A";0;"A";7;"A";39;"A";5.15;"A";2.53;"A";1.73;"A"
"2025-04-09 18:45";6.58;"A";34.37;"A";1004.04;"A";101;"A";46;"A";0;"A";9;"A";37;"A";13.82;"A";10.85;"A";8.31;"A"
"2025-04-09 19:00";6.31;"A";34.53;"A";1004.17;"A";76;"A";45;"A";0;"A";8;"A";36;"A";5.9;"A";3.88;"A";2.86;"A"
"2025-04-09 19:15";5.97;"A";36.35;"A";1004.29;"A";141;"A";46;"A";0;"A";14;"A";32;"A";22.34;"A";15.46;"A";11.47;"A"
"2025-04-09 19:30";5.67;"A";37.62;"A";1004.54;"A";112;"A";44;"A";0;"A";12;"A";31;"A";10.27;"A";7;"A";4.84;"A"
"2025-04-09 19:45";5.45;"A";36.8;"A";1004.64;"A";132;"A";45;"A";0;"A";14;"A";31;"A";16.85;"A";12.72;"A";9.16;"A"
"2025-04-09 20:00";5.07;"A";39.41;"A";1004.74;"A";150;"A";43;"A";0;"A";19;"A";25;"A";16.55;"A";11.92;"A";8.29;"A"
"2025-04-09 20:15";4.6;"A";42.46;"A";1005.06;"A";202;"A";41;"A";0;"A";16;"A";24;"A";22.97;"A";14.97;"A";10.85;"A"
"2025-04-09 20:30";4.61;"A";42.46;"A";1005.13;"A";166;"A";40;"A";0;"A";13;"A";27;"A";16.94;"A";12.99;"A";9.3;"A"
"2025-04-09 20:45";4.37;"A";43.11;"A";1005.17;"A";299;"A";41;"A";0;"A";19;"A";21;"A";63.69;"A";51.03;"A";37.94;"A"
"2025-04-09 21:00";4.08;"A";47.35;"A";1005.23;"A";346;"A";39;"A";0;"A";22;"A";17;"A";54.36;"A";43.69;"A";31.88;"A"
"2025-04-09 21:15";3.64;"A";49.56;"A";1005.29;"A";411;"A";38;"A";0;"A";23;"A";15;"A";94.57;"A";73.92;"A";52.54;"A"
"2025-04-09 21:30";3.48;"A";49.59;"A";1005.2;"A";353;"A";37;"A";0;"A";21;"A";16;"A";73.52;"A";59.86;"A";43.01;"A"
"2025-04-09 21:45";2.85;"A";52.92;"A";1005.35;"A";355;"A";37;"A";0;"A";25;"A";13;"A";68.72;"A";54.61;"A";39.02;"A"
"2025-04-09 22:00";2.59;"A";56.33;"A";1005.35;"A";304;"A";35;"A";0;"A";25;"A";10;"A";40.06;"A";31.73;"A";22.51;"A"
"2025-04-09 22:15";2.56;"A";56.4;"A";1005.37;"A";225;"A";36;"A";0;"A";29;"A";7;"A";27.98;"A";21.6;"A";15.53;"A"
"2025-04-09 22:30";2.39;"A";56.48;"A";1005.16;"A";192;"A";36;"A";0;"A";29;"A";7;"A";22.8;"A";16.43;"A";12.4;"A"
"2025-04-09 22:45";2.06;"A";58.29;"A";1005;"A";177;"A";35;"A";0;"A";23;"A";12;"A";21.2;"A";15.49;"A";11.38;"A"
"2025-04-09 23:00";1.71;"A";62.14;"A";1004.96;"A";199;"A";33;"A";0;"A";24;"A";9;"A";22.55;"A";16.68;"A";12.59;"A"
"2025-04-09 23:15";1.52;"A";62.27;"A";1004.88;"A";219;"A";31;"A";0;"A";25;"A";6;"A";32.86;"A";24.95;"A";18.45;"A"
"2025-04-09 23:30";1.62;"A";61.84;"A";1004.79;"A";204;"A";32;"A";0;"A";19;"A";13;"A";35.53;"A";26.71;"A";19.65;"A"
"2025-04-09 23:45";1.89;"A";59.88;"A";1004.53;"A";173;"A";34;"A";0;"A";10;"A";24;"A";23.68;"A";18.91;"A";13.81;"A"
"2025-04-10 00:00";1.82;"A";62.89;"A";1004.41;"A";113;"A";37;"A";0;"A";8;"A";29;"A";22.26;"A";17.79;"A";13.02;"A"
"2025-04-10 00:15";1.58;"A";65.9;"A";1004.2;"A";104;"A";36;"A";0;"A";7;"A";29;"A";15.54;"A";12.8;"A";9.58;"A"
"2025-04-10 00:30";1.28;"A";67.33;"A";1004.09;"A";174;"A";35;"A";0;"A";8;"A";27;"A";17.37;"A";13.49;"A";9.86;"A"
"2025-04-10 00:45";0.92;"A";68.7;"A";1003.94;"A";190;"A";32;"A";0;"A";10;"A";22;"A";41.26;"A";30.12;"A";21.52;"A"
"2025-04-10 01:00";0.9;"A";69.87;"A";1003.72;"A";191;"A";33;"A";0;"A";12;"A";20;"A";49.49;"A";38.89;"A";27.9;"A"
"2025-04-10 01:15";0.56;"A";71.65;"A";1003.55;"A";233;"A";32;"A";0;"A";14;"A";17;"A";60.91;"A";47;"A";32.99;"A"
"2025-04-10 01:30";0.63;"A";72.45;"A";1003.53;"A";189;"A";33;"A";0;"A";11;"A";22;"A";37.89;"A";30.79;"A";22.82;"A"
"2025-04-10 01:45";0.51;"A";72.75;"A";1003.35;"A";193;"A";34;"A";0;"A";12;"A";22;"A";35.7;"A";28.79;"A";21.45;"A"
"2025-04-10 02:00";0.36;"A";73.14;"A";1003.17;"A";227;"A";34;"A";0;"A";14;"A";21;"A";37.45;"A";30.82;"A";23.14;"A"
"2025-04-10 02:15";0.23;"A";73.97;"A";1003.04;"A";236;"A";34;"A";0;"A";14;"A";20;"A";38.37;"A";31.12;"A";23.37;"A"
"2025-04-10 02:30";0.12;"A";73.95;"A";1002.9;"A";235;"A";33;"A";0;"A";16;"A";18;"A";39.76;"A";31.41;"A";23.18;"A"
"2025-04-10 02:45";-0.05;"A";74.83;"A";1002.75;"A";152;"A";34;"A";0;"A";14;"A";20;"A";34.5;"A";26.65;"A";19.48;"A"
"2025-04-10 03:00";-0.12;"A";75.26;"A";1002.49;"A";94;"A";34;"A";0;"A";10;"A";24;"A";23.15;"A";17.72;"A";13.19;"A"
"2025-04-10 03:15";-0.18;"A";75.7;"A";1002.49;"A";83;"A";33;"A";0;"A";12;"A";21;"A";19.45;"A";16.23;"A";12.13;"A"
"2025-04-10 03:30";-0.33;"A";75.64;"A";1002.34;"A";77;"A";33;"A";0;"A";14;"A";19;"A";19.52;"A";15.66;"A";11.72;"A"
"2025-04-10 03:45";-0.38;"A";76.03;"A";1002.19;"A";73;"A";33;"A";0;"A";15;"A";19;"A";17.4;"A";14.17;"A";10.45;"A"
"2025-04-10 04:00";-0.53;"A";76.23;"A";1002.07;"A";85;"A";33;"A";0;"A";13;"A";21;"A";16.72;"A";13.4;"A";9.98;"A"
"2025-04-10 04:15";-0.64;"A";76.04;"A";1001.94;"A";82;"A";33;"A";0;"A";11;"A";22;"A";16.2;"A";12.98;"A";10.16;"A"
"2025-04-10 04:30";-0.83;"A";76.07;"A";1001.9;"A";60;"A";33;"A";0;"A";9;"A";25;"A";16.58;"A";13.47;"A";10.05;"A"
"2025-04-10 04:45";-1.11;"A";76.69;"A";1002.07;"A";56;"A";33;"A";0;"A";8;"A";25;"A";16.31;"A";13.55;"A";10.16;"A"
"2025-04-10 05:00";-1.43;"A";76.92;"A";1001.95;"A";95;"A";32;"A";0;"A";8;"A";24;"A";20.41;"A";16.79;"A";12.18;"A"
"2025-04-10 05:15";-1.54;"A";77.06;"A";1001.79;"A";56;"A";33;"A";0;"A";8;"A";25;"A";20.39;"A";16.08;"A";11.81;"A"
"2025-04-10 05:30";-1.57;"A";77.61;"A";1001.69;"A";60;"A";31;"A";0;"A";9;"A";22;"A";21.44;"A";16.36;"A";12.11;"A"
"2025-04-10 05:45";-1.51;"A";77.73;"A";1001.59;"A";89;"A";32;"A";0;"A";11;"A";21;"A";23.04;"A";19.43;"A";13.99;"A"
"2025-04-10 06:00";-1.44;"A";77.3;"A";1001.52;"A";71;"A";34;"A";0;"A";11;"A";23;"A";21.73;"A";17.42;"A";12.7;"A"
"2025-04-10 06:15";-1.4;"A";77.6;"A";1001.45;"A";52;"A";34;"A";0;"A";10;"A";24;"A";19.27;"A";15;"A";11.35;"A"
"2025-04-10 06:30";-1.5;"A";78.06;"A";1001.18;"A";79;"A";34;"A";0;"A";13;"A";21;"A";22.93;"A";18.47;"A";14.85;"A"
"2025-04-10 06:45";-1.39;"A";77.83;"A";1000.9;"A";100;"A";34;"A";0;"A";17;"A";17;"A";22.39;"A";17.03;"A";14.65;"A"
"2025-04-10 07:00";-1.07;"A";76.85;"A";1000.61;"A";128;"A";35;"A";0;"A";21;"A";14;"A";27.21;"A";20.95;"A";16.96;"A"
"2025-04-10 07:15";-0.34;"A";74.59;"A";1000.44;"A";117;"A";35;"A";0;"A";24;"A";11;"A";31.4;"A";25.12;"A";18.4;"A"
"2025-04-10 07:30";0.63;"A";71.31;"A";1000.39;"A";136;"A";36;"A";0;"A";18;"A";18;"A";23.29;"A";17.92;"A";13.26;"A"
"2025-04-10 07:45";1.18;"A";69.53;"A";1000.27;"A";180;"A";45;"A";0;"A";29;"A";17;"A";23.19;"A";17.43;"A";13.15;"A"
"2025-04-10 08:00";1.68;"A";67.14;"A";1000.01;"A";114;"A";39;"A";0;"A";14;"A";25;"A";16.45;"A";12.97;"A";10.05;"A"
"2025-04-10 08:15";2.13;"A";65.4;"A";999.77;"A";107;"A";39;"A";0;"A";13;"A";26;"A";17.4;"A";13.21;"A";10.07;"A"
"2025-04-10 08:30";2.67;"A";62.94;"A";999.69;"A";101;"A";39;"A";0;"A";12;"A";27;"A";18.55;"A";14.28;"A";10.53;"A"
"2025-04-10 08:45";3.17;"A";61.1;"A";999.5;"A";75;"A";40;"A";0;"A";11;"A";29;"A";21.16;"A";16.71;"A";12.29;"A"
"2025-04-10 09:00";4.68;"A";56.64;"A";999.37;"A";96;"A";41;"A";0;"A";12;"A";28;"A";20.26;"A";14.8;"A";11.18;"A"
"2025-04-10 09:15";5.7;"A";53.35;"A";999.19;"A";101;"A";41;"A";0;"A";10;"A";31;"A";17.32;"A";13.27;"A";9.53;"A"
"2025-04-10 09:30";6.27;"A";51.92;"A";999.14;"A";93;"A";42;"A";0;"A";10;"A";32;"A";16.71;"A";12.12;"A";8.99;"A"
"2025-04-10 09:45";6.83;"A";49.11;"A";998.78;"A";94;"A";43;"A";0;"A";9;"A";34;"A";13.24;"A";9.59;"A";7.11;"A"
"2025-04-10 10:00";7.57;"A";45.29;"A";998.72;"A";110;"A";45;"A";0;"A";13;"A";33;"A";11.5;"A";8.1;"A";6.01;"A"
"2025-04-10 10:15";7.69;"A";42.8;"A";998.56;"A";138;"A";46;"A";0;"A";15;"A";31;"A";10.42;"A";7.01;"A";4.93;"A"
"2025-04-10 10:30";7.03;"A";42.46;"A";998.35;"A";100;"A";48;"A";0;"A";10;"A";38;"A";10.18;"A";5.61;"A";4.04;"A"
"2025-04-10 10:45";7.27;"A";40.24;"A";998.08;"A";103;"A";48;"A";0;"A";14;"A";35;"A";9.15;"A";5.76;"A";3.92;"A"
"2025-04-10 11:00";7.59;"A";38.72;"A";998.05;"A";85;"A";48;"A";0;"A";11;"A";36;"A";10.56;"A";5.98;"A";3.93;"A"
"2025-04-10 11:15";7.96;"A";37.88;"A";997.93;"A";103;"A";48;"A";0;"A";12;"A";36;"A";10.51;"A";6.88;"A";4.67;"A"
"2025-04-10 11:30";7.99;"A";38.63;"A";997.71;"A";92;"A";47;"A";0;"A";9;"A";38;"A";10.47;"A";6.26;"A";4.42;"A"
"2025-04-10 11:45";8.22;"A";38.5;"A";997.42;"A";97;"A";47;"A";0;"A";7;"A";40;"A";12.06;"A";7.14;"A";4.77;"A"
"2025-04-10 12:00";8.32;"A";37.82;"A";997.21;"A";87;"A";47;"A";0;"A";8;"A";40;"A";11.54;"A";7.02;"A";4.96;"A"
"2025-04-10 12:15";8.73;"A";38.74;"A";996.85;"A";89;"A";47;"A";0;"A";7;"A";40;"A";11.34;"A";7.52;"A";5.3;"A"
"2025-04-10 12:30";9.03;"A";38.78;"A";996.55;"A";90;"A";47;"A";0;"A";7;"A";40;"A";12.81;"A";8.57;"A";6.62;"A"
"2025-04-10 12:45";9.29;"A";39.49;"A";996.55;"A";87;"A";48;"A";0;"A";7;"A";41;"A";12.83;"A";9.94;"A";7.43;"A"
"2025-04-10 13:00";9.28;"A";39.56;"A";996.28;"A";86;"A";48;"A";0;"A";7;"A";41;"A";13.18;"A";9.17;"A";6.88;"A"
"2025-04-10 13:15";9.26;"A";39.74;"A";996.21;"A";87;"A";48;"A";0;"A";7;"A";41;"A";12.82;"A";9.2;"A";6.7;"A"
"2025-04-10 13:30";9.21;"A";39.88;"A";996.08;"A";91;"A";48;"A";0;"A";8;"A";41;"A";14.55;"A";10.02;"A";7.3;"A"
"2025-04-10 13:45";8.98;"A";40.56;"A";995.96;"A";81;"A";49;"A";0;"A";7;"A";42;"A";12.54;"A";8.75;"A";6.47;"A"
"2025-04-10 14:00";8.86;"A";41.15;"A";995.73;"A";81;"A";49;"A";0;"A";8;"A";41;"A";12.13;"A";8.29;"A";6.43;"A"
"2025-04-10 14:15";8.76;"A";43.23;"A";995.72;"A";78;"A";49;"A";0;"A";7;"A";41;"A";16.01;"A";10.11;"A";7.26;"A"
"2025-04-10 14:30";9.07;"A";42.55;"A";995.71;"A";84;"A";49;"A";0;"A";7;"A";41;"A";14.55;"A";9.63;"A";6.88;"A"
"2025-04-10 14:45";8.96;"A";43.6;"A";995.61;"A";76;"A";48;"A";0;"A";8;"A";41;"A";14.33;"A";9.18;"A";6.56;"A"
"2025-04-10 15:00";9.03;"A";42.05;"A";995.47;"A";75;"A";48;"A";0;"A";7;"A";41;"A";13.72;"A";8.33;"A";6.06;"A"
"2025-04-10 15:15";9.43;"A";41.45;"A";995.35;"A";70;"A";49;"A";0;"A";8;"A";41;"A";14.9;"A";9.05;"A";6.16;"A"
"2025-04-10 15:30";9.82;"A";41.74;"A";995.25;"A";78;"A";48;"A";0;"A";7;"A";40;"A";14.2;"A";8.38;"A";5.87;"A"
"2025-04-10 15:45";9.61;"A";42.92;"A";995.04;"A";78;"A";49;"A";0;"A";8;"A";41;"A";12.68;"A";7.56;"A";5.54;"A"
"2025-04-10 16:00";9.42;"A";44.7;"A";994.96;"A";88;"A";49;"A";0;"A";8;"A";41;"A";13.99;"A";8.28;"A";5.97;"A"
"2025-04-10 16:15";9.26;"A";46.66;"A";995;"A";79;"A";50;"A";0;"A";8;"A";42;"A";14.93;"A";9.51;"A";6.76;"A"
"2025-04-10 16:30";9.04;"A";48.94;"A";994.94;"A";86;"A";49;"A";0;"A";7;"A";41;"A";16.06;"A";10.94;"A";8.12;"A"
"2025-04-10 16:45";8.49;"A";53.27;"A";994.87;"A";90;"A";49;"A";0;"A";8;"A";41;"A";18.23;"A";11.02;"A";8.15;"A"
"2025-04-10 17:00";7.89;"A";57.8;"A";994.95;"A";80;"A";49;"A";0;"A";8;"A";41;"A";18.8;"A";11.59;"A";8.06;"A"
"2025-04-10 17:15";8.09;"A";54.13;"A";994.68;"A";78;"A";47;"A";0;"A";8;"A";40;"A";16.31;"A";9.84;"A";7.23;"A"
"2025-04-10 17:30";8.13;"A";54.3;"A";994.54;"A";73;"A";48;"A";0;"A";9;"A";39;"A";19.42;"A";10.33;"A";7.08;"A"
"2025-04-10 17:45";8.16;"A";53.77;"A";994.41;"A";82;"A";48;"A";0;"A";9;"A";39;"A";17.37;"A";10.6;"A";7.61;"A"
"2025-04-10 18:00";8.12;"A";55.23;"A";994.33;"A";114;"A";48;"A";0;"A";10;"A";38;"A";14.29;"A";8.95;"A";6.4;"A"
"2025-04-10 18:15";7.78;"A";59.26;"A";994.57;"A";86;"A";48;"A";0;"A";9;"A";39;"A";12.37;"A";9.04;"A";6.39;"A"
"2025-04-10 18:30";7.28;"A";64.88;"A";994.65;"A";79;"A";49;"A";0;"A";8;"A";41;"A";14.9;"A";9.94;"A";7.39;"A"
"2025-04-10 18:45";6.58;"A";72.52;"A";995.01;"A";89;"A";47;"A";0;"A";10;"A";38;"A";15.79;"A";11.23;"A";8.65;"A"
"2025-04-10 19:00";6.07;"A";74.21;"A";994.8;"A";82;"A";45;"A";0;"A";8;"A";37;"A";15.05;"A";11.99;"A";8.57;"A"
"2025-04-10 19:15";5.75;"A";76.99;"A";994.7;"A";106;"A";44;"A";0;"A";10;"A";35;"A";14.2;"A";11.47;"A";8.36;"A"
"2025-04-10 19:30";5.53;"A";78.13;"A";994.58;"A";94;"A";43;"A";0;"A";10;"A";32;"A";13.24;"A";10.07;"A";8.36;"A"
"2025-04-10 19:45";5.51;"A";79.34;"A";994.62;"A";116;"A";41;"A";0;"A";11;"A";31;"A";17.28;"A";12.53;"A";11.34;"A"
"2025-04-10 20:00";5.42;"A";80.61;"A";994.44;"A";125;"A";39;"A";0;"A";9;"A";30;"A";24.84;"A";17.95;"A";16.9;"A"
"2025-04-10 20:15";5.4;"A";80.48;"A";994.55;"A";136;"A";40;"A";0;"A";10;"A";30;"A";26.39;"A";19.09;"A";17.99;"A"
"2025-04-10 20:30";5.38;"A";80.14;"A";994.52;"A";151;"A";40;"A";0;"A";10;"A";30;"A";27.71;"A";20.26;"A";19.07;"A"
"2025-04-10 20:45";5.43;"A";80.63;"A";994.5;"A";139;"A";40;"A";0;"A";10;"A";30;"A";23.08;"A";16.73;"A";15.41;"A"
"2025-04-10 21:00";5.42;"A";81.14;"A";994.41;"A";135;"A";39;"A";0;"A";11;"A";28;"A";22.16;"A";16;"A";15.04;"A"
"2025-04-10 21:15";5.55;"A";78.56;"A";994.45;"A";304;"A";42;"A";0;"A";13;"A";28;"A";31.39;"A";23.96;"A";19.72;"A"
"2025-04-10 21:30";5.47;"A";80.66;"A";994.27;"A";224;"A";41;"A";0;"A";15;"A";26;"A";34.91;"A";25.73;"A";23.81;"A"
"2025-04-10 21:45";5.31;"A";80.33;"A";994.27;"A";169;"A";41;"A";0;"A";11;"A";30;"A";22.63;"A";16.96;"A";15.03;"A"
"2025-04-10 22:00";5.17;"A";80.55;"A";994.29;"A";109;"A";43;"A";0;"A";9;"A";34;"A";14;"A";10.29;"A";9.3;"A"
"2025-04-10 22:15";4.95;"A";81.11;"A";994.2;"A";99;"A";44;"A";0;"A";8;"A";36;"A";11.91;"A";8.48;"A";7.85;"A"
"2025-04-10 22:30";4.42;"A";81.17;"A";994.22;"A";99;"A";42;"A";0;"A";10;"A";32;"A";13.13;"A";9.85;"A";8.64;"A"
"2025-04-10 22:45";4.12;"A";82.32;"A";994.09;"A";62;"A";41;"A";0;"A";12;"A";29;"A";13.78;"A";9.85;"A";9.16;"A"
"2025-04-10 23:00";3.97;"A";83.61;"A";993.99;"A";68;"A";41;"A";0;"A";10;"A";31;"A";12.7;"A";9.06;"A";8.41;"A"
"2025-04-10 23:15";3.95;"A";83.84;"A";993.91;"A";68;"A";40;"A";0;"A";9;"A";31;"A";14.31;"A";10.24;"A";9.53;"A"
"2025-04-10 23:30";4.03;"A";83.67;"A";993.98;"A";231;"A";39;"A";0;"A";8;"A";31;"A";16.05;"A";11.51;"A";10.75;"A"
"2025-04-10 23:45";3.59;"A";83.25;"A";993.96;"A";85;"A";35;"A";0;"A";6;"A";29;"A";12.08;"A";8.6;"A";7.72;"A"
"2025-04-11 00:00";3.06;"A";82.98;"A";993.89;"A";58;"A";33;"A";0;"A";10;"A";23;"A";5.85;"A";4.04;"A";3.61;"A"
"2025-04-11 00:15";2.73;"A";84.12;"A";993.89;"A";48;"A";33;"A";0;"A";9;"A";24;"A";4.07;"A";2.74;"A";2.37;"A"
"2025-04-11 00:30";2.64;"A";84.81;"A";993.93;"A";42;"A";32;"A";0;"A";7;"A";25;"A";3.89;"A";2.6;"A";2.24;"A"
"2025-04-11 00:45";2.59;"A";84.85;"A";993.72;"A";46;"A";32;"A";0;"A";7;"A";25;"A";4.32;"A";2.92;"A";2.54;"A"
"2025-04-11 01:00";2.51;"A";85.19;"A";993.7;"A";45;"A";32;"A";0;"A";7;"A";25;"A";4.25;"A";2.87;"A";2.49;"A"
"2025-04-11 01:15";2.61;"A";85.77;"A";993.63;"A";52;"A";32;"A";0;"A";9;"A";23;"A";6.55;"A";4.55;"A";4.1;"A"
"2025-04-11 01:30";2.61;"A";85.69;"A";993.6;"A";52;"A";31;"A";0;"A";9;"A";22;"A";9.23;"A";6.51;"A";5.98;"A"
"2025-04-11 01:45";2.6;"A";85.31;"A";993.49;"A";47;"A";31;"A";0;"A";8;"A";23;"A";8.66;"A";6.1;"A";5.58;"A"
"2025-04-11 02:00";2.49;"A";85.1;"A";993.48;"A";43;"A";30;"A";0;"A";8;"A";22;"A";8.62;"A";6.07;"A";5.55;"A"
"2025-04-11 02:15";2.37;"A";85.62;"A";993.57;"A";39;"A";30;"A";0;"A";10;"A";19;"A";8.17;"A";5.74;"A";5.24;"A"
"2025-04-11 02:30";2.39;"A";86.09;"A";993.61;"A";39;"A";29;"A";0;"A";12;"A";17;"A";9.11;"A";6.42;"A";5.89;"A"
"2025-04-11 02:45";2.34;"A";85.81;"A";993.43;"A";39;"A";28;"A";0;"A";11;"A";17;"A";9.54;"A";6.74;"A";6.19;"A"
"2025-04-11 03:00";2.35;"A";85.72;"A";993.23;"A";39;"A";29;"A";0;"A";10;"A";19;"A";8.95;"A";6.31;"A";5.78;"A"
"2025-04-11 03:15";2.41;"A";85.9;"A";993.11;"A";40;"A";28;"A";0;"A";8;"A";20;"A";10.07;"A";7.13;"A";6.56;"A"
"2025-04-11 03:30";2.39;"A";85.86;"A";993.27;"A";42;"A";28;"A";0;"A";7;"A";21;"A";10.17;"A";7.21;"A";6.64;"A"
"2025-04-11 03:45";2.46;"A";85.88;"A";993.33;"A";43;"A";28;"A";0;"A";7;"A";21;"A";10.1;"A";7.15;"A";6.59;"A"
"2025-04-11 04:00";2.34;"A";85.46;"A";993.26;"A";41;"A";28;"A";0;"A";7;"A";21;"A";10.72;"A";7.61;"A";7.02;"A"
"2025-04-11 04:15";2.3;"A";86.06;"A";993.33;"A";41;"A";28;"A";0;"A";10;"A";18;"A";11.61;"A";8.26;"A";7.64;"A"
"2025-04-11 04:30";2.14;"A";86.47;"A";993.21;"A";39;"A";28;"A";0;"A";11;"A";17;"A";12.41;"A";8.84;"A";8.2;"A"
"2025-04-11 04:45";2.14;"A";86.59;"A";993.12;"A";41;"A";27;"A";0;"A";8;"A";19;"A";12.68;"A";9.04;"A";8.39;"A"
"2025-04-11 05:00";2.1;"A";86.53;"A";993.09;"A";44;"A";27;"A";0;"A";6;"A";21;"A";11.38;"A";8.09;"A";7.48;"A"
"2025-04-11 05:15";2.18;"A";87.03;"A";992.97;"A";44;"A";27;"A";0;"A";6;"A";21;"A";10.97;"A";7.79;"A";7.19;"A"
"2025-04-11 05:30";2.17;"A";87.04;"A";992.99;"A";45;"A";27;"A";0;"A";6;"A";21;"A";12.3;"A";8.76;"A";8.12;"A"
"2025-04-11 05:45";2.13;"A";86.87;"A";993.13;"A";41;"A";28;"A";0;"A";6;"A";22;"A";14.01;"A";10.01;"A";9.32;"A"
"2025-04-11 06:00";2.17;"A";86.76;"A";993.17;"A";49;"A";28;"A";0;"A";7;"A";21;"A";15.27;"A";10.94;"A";10.2;"A"
"2025-04-11 06:15";2.17;"A";86.68;"A";993.19;"A";52;"A";28;"A";0;"A";7;"A";20;"A";15.16;"A";10.86;"A";10.13;"A"
"2025-04-11 06:30";2.17;"A";86.6;"A";993.17;"A";52;"A";28;"A";0;"A";7;"A";21;"A";17.31;"A";12.43;"A";11.63;"A"
"2025-04-11 06:45";2.3;"A";86.97;"A";993.17;"A";52;"A";27;"A";0;"A";7;"A";20;"A";21.03;"A";15.16;"A";14.24;"A"
"2025-04-11 07:00";2.32;"A";87.17;"A";993.1;"A";63;"A";27;"A";0;"A";8;"A";19;"A";25.34;"A";18.31;"A";17.25;"A"
"2025-04-11 07:15";2.26;"A";87.25;"A";992.99;"A";62;"A";27;"A";0;"A";8;"A";19;"A";23.86;"A";17.23;"A";16.22;"A"
"2025-04-11 07:30";2.34;"A";87.18;"A";993.04;"A";72;"A";27;"A";0;"A";8;"A";19;"A";20.04;"A";14.44;"A";13.55;"A"
"2025-04-11 07:45";2.44;"A";87.34;"A";993;"A";82;"A";28;"A";0;"A";11;"A";17;"A";19.57;"A";14.09;"A";13.22;"A"
"2025-04-11 08:00";2.51;"A";87.25;"A";993.1;"A";87;"A";28;"A";0;"A";11;"A";18;"A";22.65;"A";16.34;"A";15.37;"A"
"2025-04-11 08:15";2.58;"A";87.08;"A";993.25;"A";99;"A";29;"A";0;"A";12;"A";17;"A";23.28;"A";16.81;"A";15.81;"A"
"2025-04-11 08:30";2.72;"A";87.19;"A";993.39;"A";95;"A";28;"A";0;"A";11;"A";17;"A";19.07;"A";13.72;"A";12.86;"A"
"2025-04-11 08:45";2.84;"A";86.89;"A";993.55;"A";95;"A";29;"A";0;"A";11;"A";18;"A";19.94;"A";14.36;"A";13.47;"A"
"2025-04-11 09:00";2.95;"A";86.98;"A";993.6;"A";110;"A";29;"A";0;"A";13;"A";16;"A";21.65;"A";15.61;"A";14.67;"A"
"2025-04-11 09:15";3.11;"A";87.03;"A";993.6;"A";128;"A";30;"A";0;"A";13;"A";17;"A";23.48;"A";16.95;"A";15.95;"A"
"2025-04-11 09:30";3.39;"A";87.32;"A";993.58;"A";163;"A";30;"A";0;"A";12;"A";18;"A";35.03;"A";25.41;"A";24.03;"A"
"2025-04-11 09:45";3.48;"A";87.01;"A";993.75;"A";148;"A";29;"A";0;"A";11;"A";18;"A";28.64;"A";20.74;"A";19.57;"A"
"2025-04-11 10:00";3.69;"A";87.61;"A";993.72;"A";127;"A";30;"A";0;"A";11;"A";19;"A";28.35;"A";20.52;"A";19.36;"A"
"2025-04-11 10:15";4.15;"A";87.85;"A";993.78;"A";120;"A";30;"A";0;"A";12;"A";18;"A";30.21;"A";21.88;"A";20.66;"A"
"2025-04-11 10:30";4.56;"A";87.83;"A";993.71;"A";154;"A";31;"A";0;"A";13;"A";18;"A";31.27;"A";22.66;"A";21.41;"A"
"2025-04-11 10:45";4.85;"A";87.45;"A";993.63;"A";168;"A";33;"A";0;"A";15;"A";18;"A";33.22;"A";24.09;"A";22.77;"A"
"2025-04-11 11:00";5.31;"A";88.14;"A";993.58;"A";263;"A";34;"A";0;"A";18;"A";16;"A";34.55;"A";25.06;"A";23.7;"A"
"2025-04-11 11:15";5.54;"A";86.87;"A";993.44;"A";229;"A";32;"A";0;"A";14;"A";19;"A";32.42;"A";23.5;"A";22.21;"A"
"2025-04-11 11:30";5.82;"A";86.88;"A";993.31;"A";324;"A";33;"A";0;"A";14;"A";19;"A";34.78;"A";25.23;"A";23.86;"A"
"2025-04-11 11:45";6.26;"A";86.38;"A";993.08;"A";347;"A";34;"A";0;"A";15;"A";18;"A";32.26;"A";23.39;"A";22.1;"A"
"2025-04-11 12:00";6.59;"A";85.57;"A";992.85;"A";195;"A";35;"A";0;"A";16;"A";19;"A";26.23;"A";18.97;"A";17.88;"A"
"2025-04-11 12:15";7.99;"A";82.61;"A";992.52;"A";129;"A";40;"A";0;"A";9;"A";31;"A";11.78;"A";8.38;"A";7.76;"A"
"2025-04-11 12:30";8.13;"A";78.39;"A";992.6;"A";89;"A";41;"A";0;"A";5;"A";36;"A";11.69;"A";7.88;"A";6.61;"A"
"2025-04-11 12:45";8.36;"A";77.37;"A";992.54;"A";83;"A";48;"A";0;"A";9;"A";38;"A";11.61;"A";7.9;"A";6.98;"A"
"2025-04-11 13:00";8.07;"A";77.7;"A";992.81;"A";99;"A";47;"A";0;"A";11;"A";35;"A";12.82;"A";8.16;"A";6.19;"A"
"2025-04-11 13:15";7.67;"A";80.74;"A";992.79;"A";98;"A";47;"A";0;"A";11;"A";36;"A";7.25;"A";5.06;"A";4.59;"A"
"2025-04-11 13:30";8.15;"A";80.59;"A";992.84;"A";84;"A";46;"A";0;"A";8;"A";38;"A";6.74;"A";4.69;"A";4.23;"A"
"2025-04-11 13:45";8.6;"A";77.24;"A";992.78;"A";105;"A";44;"A";0;"A";6;"A";38;"A";7.31;"A";5.13;"A";3.97;"A"
"2025-04-11 14:00";8.85;"A";74.29;"A";992.85;"A";83;"A";46;"A";0;"A";7;"A";39;"A";4.94;"A";3.14;"A";2.26;"A"
"2025-04-11 14:15";9.23;"A";72.57;"A";992.85;"A";85;"A";46;"A";0;"A";7;"A";39;"A";4.94;"A";2.98;"A";2;"A"
"2025-04-11 14:30";9.45;"A";65.7;"A";992.91;"A";114;"A";44;"A";0;"A";10;"A";34;"A";16.33;"A";12.54;"A";8.73;"A"
"2025-04-11 14:45";9.48;"A";64.49;"A";992.95;"A";138;"A";42;"A";0;"A";9;"A";34;"A";28.11;"A";21.19;"A";14.45;"A"
"2025-04-11 15:00";9.45;"A";61.95;"A";993.05;"A";141;"A";39;"A";0;"A";7;"A";32;"A";16.98;"A";12.01;"A";8.29;"A"
"2025-04-11 15:15";9.81;"A";57.01;"A";993.1;"A";148;"A";41;"A";0;"A";7;"A";34;"A";12.42;"A";8.83;"A";5.82;"A"
"2025-04-11 15:30";10.52;"A";51.78;"A";993.4;"A";164;"A";42;"A";0;"A";8;"A";33;"A";16.88;"A";12.07;"A";8.11;"A"
"2025-04-11 15:45";11.22;"A";50.54;"A";993.35;"A";423;"A";39;"A";0;"A";5;"A";34;"A";9.94;"A";5.62;"A";3.86;"A"
"2025-04-11 16:00";11.11;"A";49.4;"A";993.43;"A";247;"A";40;"A";0;"A";6;"A";34;"A";10.71;"A";7.79;"A";5.68;"A"
"2025-04-11 16:15";11.39;"A";47.78;"A";993.54;"A";222;"A";40;"A";0;"A";6;"A";33;"A";9.13;"A";6.56;"A";4.43;"A"
"2025-04-11 16:30";11.78;"A";45.14;"A";993.73;"A";266;"A";39;"A";0;"A";6;"A";33;"A";7.48;"A";4.98;"A";3.57;"A"
"2025-04-11 16:45";11.73;"A";47.41;"A";993.92;"A";220;"A";40;"A";0;"A";6;"A";34;"A";9.49;"A";6.57;"A";5.06;"A"
"2025-04-11 17:00";11.29;"A";41.72;"A";994.1;"A";244;"A";40;"A";0;"A";6;"A";35;"A";10.17;"A";7.05;"A";4.78;"A"
"2025-04-11 17:15";11.15;"A";44.77;"A";994.25;"A";262;"A";42;"A";0;"A";9;"A";34;"A";9.74;"A";6.77;"A";4.85;"A"
"2025-04-11 17:30";10.68;"A";46.61;"A";994.46;"A";291;"A";41;"A";0;"A";6;"A";35;"A";9.65;"A";7.25;"A";5.06;"A"
"2025-04-11 17:45";10.19;"A";44.74;"A";994.73;"A";455;"A";41;"A";0;"A";6;"A";36;"A";11.87;"A";8.6;"A";6.83;"A"
"2025-04-11 18:00";9.74;"A";45.52;"A";994.8;"A";574;"A";42;"A";0;"A";7;"A";34;"A";12.22;"A";8.67;"A";6.38;"A"
"2025-04-11 18:15";9.43;"A";42.25;"A";994.86;"A";219;"A";41;"A";0;"A";7;"A";34;"A";12.39;"A";8.68;"A";6.21;"A"
"2025-04-11 18:30";9.03;"A";39.18;"A";995.04;"A";185;"A";43;"A";0;"A";7;"A";36;"A";14;"A";10.53;"A";7.4;"A"
"2025-04-11 18:45";8.8;"A";41.08;"A";995.17;"A";124;"A";44;"A";0;"A";8;"A";36;"A";12.99;"A";9.63;"A";6.6;"A"
"2025-04-11 19:00";8.47;"A";43.3;"A";995.29;"A";104;"A";42;"A";0;"A";10;"A";31;"A";15.2;"A";10.81;"A";7.85;"A"
"2025-04-11 19:15";8.09;"A";42.92;"A";995.58;"A";86;"A";42;"A";0;"A";9;"A";32;"A";5.39;"A";2.13;"A";1.43;"A"
"2025-04-11 19:30";7.67;"A";43.33;"A";995.76;"A";81;"A";42;"A";0;"A";10;"A";32;"A";5.31;"A";2.59;"A";1.47;"A"
"2025-04-11 19:45";7.33;"A";46.61;"A";995.97;"A";83;"A";42;"A";0;"A";9;"A";32;"A";5.23;"A";2.51;"A";1.55;"A"
"2025-04-11 20:00";7.11;"A";49.35;"A";996.25;"A";93;"A";40;"A";0;"A";10;"A";30;"A";10.31;"A";5.01;"A";3.12;"A"
"2025-04-11 20:15";7.01;"A";50.49;"A";996.47;"A";88;"A";40;"A";0;"A";13;"A";27;"A";13.38;"A";6.55;"A";4.25;"A"
"2025-04-11 20:30";6.91;"A";51.84;"A";996.53;"A";95;"A";39;"A";0;"A";11;"A";28;"A";11.99;"A";6.04;"A";3.92;"A"
"2025-04-11 20:45";6.79;"A";53.57;"A";996.56;"A";117;"A";37;"A";0;"A";11;"A";26;"A";15.43;"A";8.17;"A";5.26;"A"
"2025-04-11 21:00";6.62;"A";55.37;"A";996.63;"A";114;"A";38;"A";0;"A";12;"A";26;"A";15.16;"A";7.23;"A";4.54;"A"
"2025-04-11 21:15";6.36;"A";57.3;"A";996.84;"A";111;"A";36;"A";0;"A";12;"A";25;"A";10.19;"A";5.41;"A";3.37;"A"
"2025-04-11 21:30";6.22;"A";58.08;"A";996.98;"A";132;"A";35;"A";0;"A";13;"A";22;"A";12.76;"A";7.58;"A";5.09;"A"
"2025-04-11 21:45";6.2;"A";58.63;"A";997.03;"A";155;"A";35;"A";0;"A";12;"A";23;"A";18.92;"A";12;"A";8.64;"A"
"2025-04-11 22:00";5.98;"A";62.36;"A";997.16;"A";206;"A";35;"A";0;"A";16;"A";19;"A";24.08;"A";17.43;"A";12.53;"A"
"2025-04-11 22:15";5.83;"A";61.47;"A";997.16;"A";220;"A";34;"A";0;"A";15;"A";19;"A";27.58;"A";20.23;"A";15.11;"A"
"2025-04-11 22:30";5.48;"A";63.42;"A";997.26;"A";223;"A";33;"A";0;"A";14;"A";19;"A";26.62;"A";20.75;"A";14.68;"A"
"2025-04-11 22:45";5.17;"A";63.85;"A";997.3;"A";203;"A";32;"A";0;"A";14;"A";18;"A";25.29;"A";18.15;"A";13.04;"A"
"2025-04-11 23:00";4.86;"A";64.86;"A";997.38;"A";189;"A";31;"A";0;"A";14;"A";18;"A";24.11;"A";17.63;"A";12.49;"A"
"2025-04-11 23:15";4.72;"A";65.14;"A";997.4;"A";180;"A";31;"A";0;"A";12;"A";19;"A";23.7;"A";17.53;"A";12.41;"A"
"2025-04-11 23:30";4.44;"A";68.23;"A";997.47;"A";163;"A";30;"A";0;"A";10;"A";20;"A";26.37;"A";18.38;"A";12.83;"A"
"2025-04-11 23:45";4.28;"A";67.29;"A";997.42;"A";148;"A";30;"A";0;"A";10;"A";21;"A";25.97;"A";18.67;"A";13.28;"A"
"2025-04-12 00:00";3.95;"A";70.37;"A";997.59;"A";148;"A";29;"A";0;"A";9;"A";20;"A";24.18;"A";18.06;"A";13.12;"A"
"2025-04-12 00:15";3.24;"A";71.81;"A";997.84;"A";186;"A";28;"A";0;"A";12;"A";15;"A";30.06;"A";23.21;"A";16.52;"A"
"2025-04-12 00:30";3.1;"A";71.71;"A";998.07;"A";292;"A";28;"A";0;"A";17;"A";11;"A";39.31;"A";30.69;"A";22.32;"A"
"2025-04-12 00:45";2.79;"A";73.22;"A";998.04;"A";373;"A";28;"A";0;"A";23;"A";4;"A";58.08;"A";46.06;"A";32.62;"A"
"2025-04-12 01:00";2.4;"A";74.93;"A";997.95;"A";400;"A";26;"A";0;"A";24;"A";2;"A";56.32;"A";42.71;"A";30.46;"A"
"2025-04-12 01:15";2.15;"A";76;"A";998.24;"A";336;"A";25;"A";0;"A";18;"A";7;"A";41.76;"A";34.6;"A";24.54;"A"
"2025-04-12 01:30";2;"A";76.45;"A";998.31;"A";298;"A";25;"A";0;"A";16;"A";9;"A";44.68;"A";33.86;"A";24.55;"A"
"2025-04-12 01:45";1.85;"A";77.75;"A";998.29;"A";282;"A";24;"A";0;"A";15;"A";9;"A";37.97;"A";29.92;"A";21.86;"A"
"2025-04-12 02:00";1.58;"A";78.68;"A";998.27;"A";242;"A";23;"A";0;"A";13;"A";10;"A";33.57;"A";26.53;"A";21.25;"A"
"2025-04-12 02:15";1.46;"A";79.35;"A";998.23;"A";248;"A";23;"A";0;"A";11;"A";12;"A";39.21;"A";28.47;"A";26.96;"A"
"2025-04-12 02:30";1.38;"A";80.11;"A";998.18;"A";235;"A";22;"A";0;"A";11;"A";12;"A";46.7;"A";33.97;"A";32.21;"A"
"2025-04-12 02:45";1.18;"A";80.87;"A";998.2;"A";213;"A";21;"A";1;"A";10;"A";11;"A";40.98;"A";29.78;"A";28.21;"A"
"2025-04-12 03:00";1.04;"A";81.08;"A";998.3;"A";237;"A";21;"A";1;"A";12;"A";9;"A";36.43;"A";26.44;"A";25.02;"A"
"2025-04-12 03:15";0.88;"A";81.64;"A";998.3;"A";224;"A";21;"A";1;"A";12;"A";9;"A";37.25;"A";27.04;"A";25.59;"A"
"2025-04-12 03:30";0.93;"A";82.11;"A";998.29;"A";202;"A";22;"A";0;"A";15;"A";8;"A";31.85;"A";23.08;"A";21.81;"A"
"2025-04-12 03:45";0.97;"A";82.52;"A";998.26;"A";159;"A";23;"A";0;"A";16;"A";7;"A";25.66;"A";18.55;"A";17.48;"A"
"2025-04-12 04:00";1.11;"A";83.23;"A";998.34;"A";119;"A";24;"A";0;"A";13;"A";11;"A";21.44;"A";15.46;"A";14.53;"A"
"2025-04-12 04:15";1.06;"A";83.16;"A";998.44;"A";149;"A";23;"A";0;"A";13;"A";10;"A";22.85;"A";16.49;"A";15.51;"A"
"2025-04-12 04:30";0.98;"A";83.35;"A";998.39;"A";148;"A";23;"A";0;"A";17;"A";6;"A";25.57;"A";18.48;"A";17.41;"A"
"2025-04-12 04:45";0.88;"A";84.1;"A";998.46;"A";112;"A";26;"A";0;"A";24;"A";3;"A";28.85;"A";20.89;"A";19.71;"A"
"2025-04-12 05:00";0.83;"A";84.32;"A";998.77;"A";103;"A";28;"A";0;"A";26;"A";2;"A";29.65;"A";21.47;"A";20.27;"A"
"2025-04-12 05:15";0.78;"A";84.19;"A";999.15;"A";104;"A";27;"A";0;"A";22;"A";5;"A";30.2;"A";21.88;"A";20.66;"A"
"2025-04-12 05:30";0.69;"A";84.42;"A";999.57;"A";131;"A";26;"A";0;"A";14;"A";11;"A";28.5;"A";20.63;"A";19.46;"A"
"2025-04-12 05:45";0.68;"A";85.87;"A";999.94;"A";94;"A";28;"A";0;"A";11;"A";17;"A";27.19;"A";19.67;"A";18.55;"A"
"2025-04-12 06:00";0.77;"A";87.58;"A";1000.02;"A";82;"A";29;"A";0;"A";8;"A";21;"A";36.6;"A";26.56;"A";25.13;"A"
"2025-04-12 06:15";0.97;"A";88.1;"A";1000.2;"A";78;"A";29;"A";0;"A";8;"A";21;"A";50.66;"A";36.86;"A";34.98;"A"
"2025-04-12 06:30";1.08;"A";88.21;"A";1000.19;"A";86;"A";30;"A";0;"A";10;"A";20;"A";59.84;"A";43.59;"A";41.4;"A"
"2025-04-12 06:45";1.23;"A";88.11;"A";1000.4;"A";86;"A";30;"A";0;"A";11;"A";19;"A";56.25;"A";40.96;"A";38.89;"A"
"2025-04-12 07:00";1.43;"A";87.95;"A";1000.45;"A";91;"A";30;"A";0;"A";12;"A";18;"A";57.46;"A";41.85;"A";39.74;"A"
"2025-04-12 07:15";1.61;"A";87.12;"A";1000.64;"A";80;"A";31;"A";0;"A";12;"A";19;"A";51.12;"A";37.2;"A";35.3;"A"
"2025-04-12 07:30";1.73;"A";86.26;"A";1000.62;"A";84;"A";31;"A";0;"A";12;"A";19;"A";54.24;"A";39.49;"A";37.48;"A"
"2025-04-12 07:45";2.2;"A";85.17;"A";1001.1;"A";104;"A";32;"A";0;"A";14;"A";18;"A";51.51;"A";37.49;"A";35.57;"A"
"2025-04-12 08:00";2.84;"A";83.62;"A";1001.32;"A";122;"A";31;"A";0;"A";14;"A";17;"A";41.07;"A";29.84;"A";28.26;"A"
"2025-04-12 08:15";3.09;"A";81.59;"A";1001.54;"A";117;"A";32;"A";0;"A";13;"A";19;"A";26.49;"A";19.16;"A";18.06;"A"
"2025-04-12 08:30";3.66;"A";79.65;"A";1001.66;"A";121;"A";33;"A";0;"A";15;"A";18;"A";24.05;"A";17.37;"A";16.35;"A"
"2025-04-12 08:45";4.06;"A";77.34;"A";1001.85;"A";106;"A";33;"A";0;"A";12;"A";21;"A";17.23;"A";12.98;"A";11.16;"A"
"2025-04-12 09:00";5.65;"A";71.96;"A";1001.9;"A";121;"A";33;"A";0;"A";12;"A";21;"A";16.2;"A";12.1;"A";10.3;"A"
"2025-04-12 09:15";6.98;"A";67.2;"A";1002.08;"A";129;"A";33;"A";0;"A";9;"A";24;"A";16.48;"A";13.3;"A";9.72;"A"
"2025-04-12 09:30";7.87;"A";63.25;"A";1002.19;"A";134;"A";34;"A";0;"A";8;"A";25;"A";16.98;"A";13.21;"A";9.21;"A"
"2025-04-12 09:45";8.69;"A";62.24;"A";1002.3;"A";147;"A";36;"A";0;"A";9;"A";27;"A";15.1;"A";11.28;"A";8.23;"A"
"2025-04-12 10:00";9.3;"A";60.54;"A";1002.43;"A";145;"A";37;"A";0;"A";9;"A";27;"A";12.42;"A";9.34;"A";7.04;"A"
"2025-04-12 10:15";9.77;"A";56.23;"A";1002.5;"A";124;"A";38;"A";0;"A";7;"A";31;"A";10.13;"A";6.05;"A";4.3;"A"
"2025-04-12 10:30";9.95;"A";56.54;"A";1002.63;"A";135;"A";39;"A";0;"A";8;"A";31;"A";10.74;"A";8.31;"A";5.61;"A"
"2025-04-12 10:45";10.55;"A";52.64;"A";1002.73;"A";125;"A";37;"A";0;"A";6;"A";32;"A";8.75;"A";5.37;"A";3.6;"A"
"2025-04-12 11:00";10.78;"A";49.32;"A";1002.74;"A";109;"A";42;"A";0;"A";7;"A";35;"A";7.09;"A";4.09;"A";2.63;"A"
"2025-04-12 11:15";10.81;"A";49.44;"A";1002.85;"A";111;"A";42;"A";0;"A";7;"A";35;"A";6.13;"A";3.68;"A";2.57;"A"
"2025-04-12 11:30";11.25;"A";51.91;"A";1002.72;"A";120;"A";41;"A";0;"A";7;"A";33;"A";9.79;"A";5.94;"A";3.94;"A"
"2025-04-12 11:45";11.24;"A";50.42;"A";1002.65;"A";112;"A";40;"A";0;"A";6;"A";33;"A";9.13;"A";5.14;"A";3.39;"A"
"2025-04-12 12:00";11.53;"A";49.51;"A";1002.82;"A";113;"A";40;"A";0;"A";6;"A";34;"A";6.94;"A";4.45;"A";3.2;"A"
"2025-04-12 12:15";12.11;"A";51.82;"A";1003.02;"A";124;"A";41;"A";0;"A";7;"A";34;"A";9.46;"A";5.96;"A";4.05;"A"
"2025-04-12 12:30";12.2;"A";50.4;"A";1003.16;"A";127;"A";42;"A";0;"A";8;"A";34;"A";9.18;"A";5.92;"A";3.84;"A"
"2025-04-12 12:45";12.06;"A";50.65;"A";1003.13;"A";119;"A";41;"A";0;"A";7;"A";34;"A";9.84;"A";5.86;"A";4.12;"A"
"2025-04-12 13:00";12.25;"A";49.63;"A";1003.12;"A";120;"A";42;"A";0;"A";7;"A";35;"A";8.41;"A";5.75;"A";3.85;"A"
"2025-04-12 13:15";13;"A";47.37;"A";1003.3;"A";120;"A";42;"A";0;"A";6;"A";36;"A";7.95;"A";5.13;"A";3.65;"A"
"2025-04-12 13:30";13.07;"A";45.87;"A";1003.38;"A";116;"A";43;"A";0;"A";6;"A";37;"A";6.74;"A";4.62;"A";3.07;"A"
"2025-04-12 13:45";13.69;"A";43.75;"A";1003.34;"A";98;"A";45;"A";0;"A";6;"A";39;"A";6.44;"A";3.56;"A";2.4;"A"
"2025-04-12 14:00";14.17;"A";43.59;"A";1003.36;"A";102;"A";46;"A";0;"A";7;"A";39;"A";6.42;"A";4.16;"A";2.7;"A"
"2025-04-12 14:15";14.25;"A";41.65;"A";1003.35;"A";109;"A";45;"A";0;"A";6;"A";39;"A";5.75;"A";3.71;"A";2.34;"A"
"2025-04-12 14:30";15.08;"A";41.39;"A";1003.43;"A";114;"A";46;"A";0;"A";6;"A";39;"A";6.06;"A";3.38;"A";2.32;"A"
"2025-04-12 14:45";14.74;"A";40.88;"A";1003.42;"A";122;"A";45;"A";0;"A";5;"A";40;"A";6.1;"A";3.46;"A";2.44;"A"
"2025-04-12 15:00";14.31;"A";43.66;"A";1003.49;"A";128;"A";48;"A";0;"A";8;"A";40;"A";6.54;"A";3.8;"A";2.53;"A"
"2025-04-12 15:15";14.9;"A";41.44;"A";1003.37;"A";121;"A";45;"A";0;"A";7;"A";38;"A";6.43;"A";4;"A";2.64;"A"
"2025-04-12 15:30";14.66;"A";43.21;"A";1003.36;"A";143;"A";45;"A";0;"A";5;"A";39;"A";5.52;"A";3.9;"A";2.66;"A"
"2025-04-12 15:45";14.48;"A";45.9;"A";1003.41;"A";125;"A";48;"A";0;"A";9;"A";38;"A";7.83;"A";5;"A";3.51;"A"
"2025-04-12 16:00";13.79;"A";50.05;"A";1003.41;"A";170;"A";47;"A";0;"A";16;"A";31;"A";16.13;"A";10.7;"A";7.51;"A"
"2025-04-12 16:15";13.42;"A";50.62;"A";1003.42;"A";137;"A";44;"A";0;"A";10;"A";34;"A";12.18;"A";8.19;"A";5.81;"A"
"2025-04-12 16:30";13.63;"A";51.52;"A";1003.52;"A";134;"A";44;"A";0;"A";10;"A";34;"A";14.21;"A";9.8;"A";6.88;"A"
"2025-04-12 16:45";13.91;"A";51.46;"A";1003.72;"A";117;"A";42;"A";0;"A";7;"A";35;"A";9.73;"A";6.93;"A";5.03;"A"
"2025-04-12 17:00";13.46;"A";52.3;"A";1003.75;"A";109;"A";44;"A";0;"A";9;"A";35;"A";10.49;"A";6.94;"A";4.84;"A"
"2025-04-12 17:15";13.43;"A";52.39;"A";1003.91;"A";112;"A";43;"A";0;"A";7;"A";36;"A";8.75;"A";6.06;"A";4.5;"A"
"2025-04-12 17:30";13.39;"A";52.52;"A";1003.92;"A";101;"A";43;"A";0;"A";7;"A";36;"A";16.21;"A";8.45;"A";5.83;"A"
"2025-04-12 17:45";12.92;"A";53.12;"A";1004.02;"A";100;"A";43;"A";0;"A";8;"A";36;"A";9.71;"A";6.51;"A";4.76;"A"
"2025-04-12 18:00";12.64;"A";53.76;"A";1004.19;"A";94;"A";45;"A";0;"A";9;"A";36;"A";8.81;"A";6.22;"A";4.45;"A"
"2025-04-12 18:15";12.27;"A";54.06;"A";1004.22;"A";95;"A";44;"A";0;"A";8;"A";36;"A";9.26;"A";6.47;"A";4.61;"A"
"2025-04-12 18:30";12.03;"A";54.04;"A";1004.33;"A";91;"A";44;"A";0;"A";7;"A";37;"A";8.87;"A";6.51;"A";4.85;"A"
"2025-04-12 18:45";11.74;"A";53.51;"A";1004.58;"A";85;"A";45;"A";0;"A";7;"A";38;"A";8.03;"A";5.86;"A";4.46;"A"
"2025-04-12 19:00";11.57;"A";54.39;"A";1004.8;"A";88;"A";45;"A";0;"A";9;"A";35;"A";8.78;"A";6.76;"A";4.9;"A"
"2025-04-12 19:15";11.4;"A";54.66;"A";1005.03;"A";92;"A";45;"A";0;"A";9;"A";36;"A";8.86;"A";6.12;"A";4.44;"A"
"2025-04-12 19:30";11.3;"A";54.44;"A";1005.35;"A";110;"A";45;"A";0;"A";9;"A";36;"A";11.14;"A";7.47;"A";5.72;"A"
"2025-04-12 19:45";11.2;"A";55.19;"A";1005.66;"A";126;"A";45;"A";0;"A";9;"A";36;"A";10.46;"A";7.36;"A";5.17;"A"
"2025-04-12 20:00";10.71;"A";61.53;"A";1005.72;"A";114;"A";45;"A";0;"A";10;"A";36;"A";11.25;"A";7.9;"A";5.69;"A"
"2025-04-12 20:15";10.06;"A";64.26;"A";1005.79;"A";113;"A";42;"A";0;"A";8;"A";35;"A";12.47;"A";9.16;"A";6.49;"A"
"2025-04-12 20:30";9.63;"A";65.04;"A";1005.8;"A";116;"A";42;"A";0;"A";8;"A";34;"A";13.81;"A";9.74;"A";7.27;"A"
"2025-04-12 20:45";9.36;"A";66.49;"A";1006.08;"A";124;"A";41;"A";0;"A";10;"A";31;"A";21.81;"A";14.48;"A";10.11;"A"
"2025-04-12 21:00";9.17;"A";67.04;"A";1006.28;"A";139;"A";41;"A";0;"A";11;"A";30;"A";21.74;"A";15.45;"A";11.53;"A"
"2025-04-12 21:15";8.82;"A";68.26;"A";1006.24;"A";139;"A";41;"A";0;"A";11;"A";29;"A";24.31;"A";18.16;"A";13.03;"A"
"2025-04-12 21:30";8.47;"A";69.87;"A";1006.31;"A";168;"A";38;"A";0;"A";12;"A";26;"A";25.49;"A";18.74;"A";13.69;"A"
"2025-04-12 21:45";8.37;"A";70.58;"A";1006.47;"A";173;"A";37;"A";0;"A";12;"A";24;"A";22;"A";15.96;"A";11.75;"A"
"2025-04-12 22:00";8.32;"A";71.9;"A";1006.39;"A";173;"A";36;"A";0;"A";10;"A";26;"A";20.35;"A";15.01;"A";11.21;"A"
"2025-04-12 22:15";8.31;"A";72.41;"A";1006.5;"A";166;"A";35;"A";0;"A";9;"A";26;"A";19.55;"A";14.88;"A";10.85;"A"
"2025-04-12 22:30";8.34;"A";72.77;"A";1006.49;"A";179;"A";35;"A";0;"A";10;"A";25;"A";19.78;"A";14.88;"A";10.95;"A"
"2025-04-12 22:45";8.39;"A";72.81;"A";1006.56;"A";187;"A";34;"A";0;"A";13;"A";22;"A";23.42;"A";18.32;"A";13.63;"A"
"2025-04-12 23:00";8.36;"A";73.12;"A";1006.58;"A";195;"A";36;"A";0;"A";13;"A";23;"A";31.59;"A";24.69;"A";17.9;"A"
"2025-04-12 23:15";8.37;"A";73.39;"A";1006.67;"A";244;"A";35;"A";0;"A";12;"A";23;"A";41.31;"A";33.57;"A";25.2;"A"
"2025-04-12 23:30";8.37;"A";73.35;"A";1006.8;"A";262;"A";34;"A";0;"A";14;"A";21;"A";41.15;"A";34.37;"A";26.1;"A"
"2025-04-12 23:45";8.36;"A";73.86;"A";1006.86;"A";262;"A";34;"A";0;"A";14;"A";20;"A";40.64;"A";34.35;"A";25.98;"A"
"2025-04-13 00:00";8.24;"A";75.5;"A";1006.88;"A";232;"A";34;"A";0;"A";14;"A";21;"A";26.94;"A";21.19;"A";17.36;"A"
"2025-04-13 00:15";8.17;"A";78.24;"A";1007;"A";195;"A";33;"A";0;"A";11;"A";22;"A";21.48;"A";15.49;"A";14.55;"A"
"2025-04-13 00:30";8.01;"A";79.46;"A";1006.9;"A";215;"A";31;"A";0;"A";12;"A";19;"A";33.67;"A";24.42;"A";23.09;"A"
"2025-04-13 00:45";7.98;"A";78.93;"A";1007.08;"A";205;"A";31;"A";0;"A";12;"A";19;"A";27.99;"A";20.26;"A";19.11;"A"
"2025-04-13 01:00";7.93;"A";78.68;"A";1007.08;"A";210;"A";33;"A";0;"A";24;"A";9;"A";26.18;"A";18.93;"A";17.84;"A"
"2025-04-13 01:15";7.83;"A";79.04;"A";1007.14;"A";215;"A";38;"A";0;"A";37;"A";1;"A";26.14;"A";18.91;"A";17.82;"A"
"2025-04-13 01:30";7.83;"A";79.31;"A";1007.09;"A";219;"A";36;"A";0;"A";34;"A";2;"A";26.9;"A";19.46;"A";18.34;"A"
"2025-04-13 01:45";7.68;"A";80.64;"A";1007.09;"A";219;"A";36;"A";0;"A";34;"A";2;"A";27.22;"A";19.7;"A";18.57;"A"
"2025-04-13 02:00";7.52;"A";80.48;"A";1007.14;"A";212;"A";36;"A";0;"A";33;"A";3;"A";28.13;"A";20.36;"A";19.2;"A"
"2025-04-13 02:15";7.39;"A";81.92;"A";1007.17;"A";219;"A";33;"A";0;"A";31;"A";2;"A";28.64;"A";20.74;"A";19.57;"A"
"2025-04-13 02:30";7.15;"A";82.29;"A";1007.08;"A";325;"A";30;"A";0;"A";27;"A";3;"A";28.18;"A";20.4;"A";19.24;"A"
"2025-04-13 02:45";7.08;"A";81.96;"A";1007.09;"A";270;"A";32;"A";0;"A";29;"A";3;"A";32.5;"A";23.56;"A";22.27;"A"
"2025-04-13 03:00";7.1;"A";80.8;"A";1007.12;"A";291;"A";40;"A";0;"A";37;"A";3;"A";34.82;"A";25.26;"A";23.89;"A"
"2025-04-13 03:15";6.95;"A";81.14;"A";1007.1;"A";344;"A";37;"A";0;"A";34;"A";3;"A";38.96;"A";28.29;"A";26.79;"A"
"2025-04-13 03:30";6.82;"A";80.93;"A";1007.23;"A";310;"A";32;"A";0;"A";29;"A";3;"A";38.46;"A";27.93;"A";26.44;"A"
"2025-04-13 03:45";6.73;"A";79.73;"A";1007.45;"A";272;"A";28;"A";0;"A";17;"A";11;"A";42.33;"A";30.76;"A";29.15;"A"
"2025-04-13 04:00";6.4;"A";80.63;"A";1007.37;"A";336;"A";26;"A";0;"A";16;"A";10;"A";51.33;"A";37.35;"A";35.44;"A"
"2025-04-13 04:15";6.09;"A";81.66;"A";1007.25;"A";359;"A";25;"A";0;"A";16;"A";8;"A";47.52;"A";34.56;"A";32.78;"A"
"2025-04-13 04:30";5.8;"A";82.03;"A";1007.41;"A";276;"A";24;"A";0;"A";13;"A";11;"A";39.13;"A";28.42;"A";26.91;"A"
"2025-04-13 04:45";5.6;"A";82.43;"A";1007.43;"A";269;"A";23;"A";0;"A";12;"A";10;"A";42.11;"A";30.6;"A";28.99;"A"
"2025-04-13 05:00";5.44;"A";81.97;"A";1007.59;"A";256;"A";22;"A";0;"A";11;"A";11;"A";37.61;"A";27.3;"A";25.84;"A"
"2025-04-13 05:15";5.21;"A";82.14;"A";1007.66;"A";196;"A";23;"A";0;"A";11;"A";12;"A";31.6;"A";22.9;"A";21.64;"A"
"2025-04-13 05:30";5.02;"A";83.36;"A";1007.83;"A";170;"A";22;"A";0;"A";10;"A";12;"A";31.61;"A";22.91;"A";21.65;"A"
"2025-04-13 05:45";5.04;"A";83.73;"A";1007.89;"A";169;"A";21;"A";1;"A";10;"A";11;"A";32.31;"A";23.42;"A";22.13;"A"
"2025-04-13 06:00";5.12;"A";83.12;"A";1007.94;"A";201;"A";20;"A";0;"A";13;"A";7;"A";32.62;"A";23.65;"A";22.35;"A"
"2025-04-13 06:15";5.07;"A";82.46;"A";1008.09;"A";241;"A";21;"A";0;"A";15;"A";6;"A";41.79;"A";30.37;"A";28.77;"A"
"2025-04-13 06:30";5.18;"A";83.13;"A";1008.26;"A";311;"A";22;"A";0;"A";16;"A";6;"A";43.9;"A";31.91;"A";30.24;"A"
"2025-04-13 06:45";5.32;"A";82.26;"A";1008.46;"A";264;"A";23;"A";0;"A";17;"A";6;"A";43.33;"A";31.5;"A";29.85;"A"
"2025-04-13 07:00";5.27;"A";82.3;"A";1008.75;"A";271;"A";23;"A";0;"A";17;"A";6;"A";41.33;"A";30.03;"A";28.45;"A"
"2025-04-13 07:15";5.37;"A";82.33;"A";1008.9;"A";323;"A";24;"A";0;"A";18;"A";5;"A";45.46;"A";33.06;"A";31.34;"A"
"2025-04-13 07:30";5.59;"A";81.67;"A";1009.08;"A";401;"A";22;"A";0;"A";16;"A";5;"A";43.63;"A";31.72;"A";30.06;"A"
"2025-04-13 07:45";5.97;"A";80.2;"A";1009.17;"A";414;"A";23;"A";0;"A";18;"A";6;"A";44.63;"A";32.45;"A";30.75;"A"
"2025-04-13 08:00";6.53;"A";78.79;"A";1009.34;"A";313;"A";27;"A";0;"A";20;"A";8;"A";55.72;"A";40.57;"A";38.52;"A"
"2025-04-13 08:15";7;"A";77.55;"A";1009.35;"A";241;"A";31;"A";0;"A";23;"A";8;"A";41.31;"A";30.02;"A";28.43;"A"
"2025-04-13 08:30";7.76;"A";75.92;"A";1009.6;"A";239;"A";33;"A";0;"A";23;"A";11;"A";38.03;"A";27.61;"A";26.14;"A"
"2025-04-13 08:45";8.43;"A";74.12;"A";1009.68;"A";188;"A";35;"A";0;"A";21;"A";14;"A";36.45;"A";27.24;"A";23.27;"A"
"2025-04-13 09:00";9.7;"A";69.56;"A";1009.7;"A";204;"A";36;"A";0;"A";18;"A";17;"A";40.14;"A";32.2;"A";23.89;"A"
"2025-04-13 09:15";11.13;"A";64.8;"A";1009.84;"A";204;"A";36;"A";0;"A";15;"A";21;"A";36.53;"A";28.79;"A";21.14;"A"
"2025-04-13 09:30";11.73;"A";62.51;"A";1009.79;"A";314;"A";38;"A";0;"A";14;"A";24;"A";35.28;"A";29.5;"A";21.76;"A"
"2025-04-13 09:45";12.07;"A";58.8;"A";1009.95;"A";695;"A";42;"A";0;"A";13;"A";29;"A";41.31;"A";32.88;"A";24.42;"A"
"2025-04-13 10:00";11.82;"A";59.97;"A";1010.19;"A";483;"A";45;"A";0;"A";15;"A";31;"A";28.16;"A";21.45;"A";16.58;"A"
"2025-04-13 10:15";11.67;"A";59.83;"A";1010.33;"A";380;"A";43;"A";0;"A";10;"A";33;"A";23.64;"A";19.22;"A";14.42;"A"
"2025-04-13 10:30";11.57;"A";61.68;"A";1010.34;"A";398;"A";44;"A";0;"A";12;"A";32;"A";26.47;"A";19.92;"A";14.74;"A"
"2025-04-13 10:45";11.49;"A";60.51;"A";1010.41;"A";376;"A";43;"A";0;"A";10;"A";33;"A";26.28;"A";18.99;"A";13.65;"A"
"2025-04-13 11:00";11.57;"A";60.94;"A";1010.46;"A";360;"A";43;"A";0;"A";11;"A";33;"A";23.44;"A";18.63;"A";14.18;"A"
"2025-04-13 11:15";11.72;"A";60.09;"A";1010.63;"A";308;"A";43;"A";0;"A";9;"A";33;"A";20.97;"A";15.77;"A";11.49;"A"
"2025-04-13 11:30";11.86;"A";59.35;"A";1010.68;"A";289;"A";44;"A";0;"A";9;"A";35;"A";19.01;"A";14.36;"A";10.43;"A"
"2025-04-13 11:45";11.91;"A";59.17;"A";1010.73;"A";332;"A";45;"A";0;"A";11;"A";34;"A";18.07;"A";13.84;"A";10.47;"A"
"2025-04-13 12:00";11.93;"A";58.1;"A";1010.75;"A";239;"A";45;"A";0;"A";9;"A";36;"A";16.6;"A";11.98;"A";8.97;"A"
"2025-04-13 12:15";12.07;"A";56.48;"A";1010.76;"A";235;"A";46;"A";0;"A";8;"A";37;"A";14.2;"A";10.65;"A";7.93;"A"
"2025-04-13 12:30";12.52;"A";55.67;"A";1010.82;"A";209;"A";48;"A";0;"A";8;"A";40;"A";12.16;"A";9.58;"A";7.09;"A"
"2025-04-13 12:45";13.36;"A";53.6;"A";1010.77;"A";156;"A";47;"A";0;"A";5;"A";41;"A";11.61;"A";8.47;"A";6.54;"A"
"2025-04-13 13:00";13.67;"A";52.02;"A";1010.63;"A";165;"A";48;"A";0;"A";8;"A";41;"A";12.83;"A";9.17;"A";6.69;"A"
"2025-04-13 13:15";14.17;"A";49.19;"A";1010.48;"A";144;"A";48;"A";0;"A";6;"A";42;"A";11.38;"A";7.76;"A";5.87;"A"
"2025-04-13 13:30";14.41;"A";46.99;"A";1010.39;"A";184;"A";50;"A";0;"A";7;"A";43;"A";12.92;"A";8.7;"A";6.29;"A"
"2025-04-13 13:45";15.33;"A";46;"A";1010.42;"A";183;"A";50;"A";0;"A";7;"A";43;"A";12.39;"A";8.35;"A";6.04;"A"
"2025-04-13 14:00";15.06;"A";46.48;"A";1010.4;"A";171;"A";50;"A";0;"A";5;"A";44;"A";11.02;"A";8.17;"A";6.23;"A"
"2025-04-13 14:15";15.13;"A";47.31;"A";1010.37;"A";162;"A";50;"A";0;"A";8;"A";42;"A";12.39;"A";8.04;"A";6.05;"A"
"2025-04-13 14:30";15.1;"A";47.05;"A";1010.38;"A";157;"A";50;"A";0;"A";8;"A";42;"A";12.06;"A";8.69;"A";6.2;"A"
"2025-04-13 14:45";15.48;"A";45.96;"A";1010.44;"A";286;"A";51;"A";0;"A";9;"A";43;"A";15.18;"A";9.94;"A";7.5;"A"
"2025-04-13 15:00";15.91;"A";43.54;"A";1010.3;"A";257;"A";51;"A";0;"A";7;"A";43;"A";10.84;"A";7.53;"A";5.68;"A"
"2025-04-13 15:15";16.56;"A";41.9;"A";1010.34;"A";139;"A";51;"A";0;"A";6;"A";45;"A";8.64;"A";5.8;"A";4.27;"A"
"2025-04-13 15:30";17.05;"A";40.38;"A";1010.29;"A";142;"A";50;"A";0;"A";6;"A";44;"A";8.84;"A";6.23;"A";4.41;"A"
"2025-04-13 15:45";17.34;"A";39.21;"A";1010.28;"A";133;"A";52;"A";0;"A";5;"A";46;"A";8.8;"A";5.7;"A";4.17;"A"
"2025-04-13 16:00";17.06;"A";37.87;"A";1010.26;"A";145;"A";53;"A";0;"A";7;"A";46;"A";9.3;"A";5.42;"A";4.03;"A"
"2025-04-13 16:15";17.28;"A";35.61;"A";1010.32;"A";160;"A";53;"A";0;"A";6;"A";47;"A";7.58;"A";5.76;"A";4.13;"A"
"2025-04-13 16:30";17.55;"A";36.28;"A";1010.4;"A";156;"A";54;"A";0;"A";11;"A";43;"A";8.8;"A";5.93;"A";4.46;"A"
"2025-04-13 16:45";16.82;"A";35.96;"A";1010.41;"A";140;"A";53;"A";0;"A";8;"A";46;"A";7.87;"A";5.15;"A";3.8;"A"
"2025-04-13 17:00";16.58;"A";37.63;"A";1010.43;"A";131;"A";53;"A";0;"A";7;"A";46;"A";8.15;"A";4.74;"A";3.6;"A"
"2025-04-13 17:15";16.3;"A";39.47;"A";1010.6;"A";136;"A";51;"A";0;"A";8;"A";44;"A";9.56;"A";6.09;"A";4.58;"A"
"2025-04-13 17:30";15.96;"A";40.7;"A";1010.75;"A";130;"A";49;"A";0;"A";8;"A";42;"A";18.84;"A";8.07;"A";5.34;"A"
"2025-04-13 17:45";15.53;"A";42.78;"A";1010.79;"A";133;"A";49;"A";0;"A";7;"A";41;"A";9.2;"A";5.93;"A";4.52;"A"
"2025-04-13 18:00";15.19;"A";43.49;"A";1010.71;"A";143;"A";49;"A";0;"A";8;"A";40;"A";10.59;"A";7.33;"A";5.18;"A"
"2025-04-13 18:15";14.98;"A";44.5;"A";1010.87;"A";134;"A";48;"A";0;"A";8;"A";40;"A";9.69;"A";6.47;"A";4.52;"A"
"2025-04-13 18:30";14.6;"A";46.6;"A";1010.86;"A";138;"A";47;"A";0;"A";8;"A";39;"A";9.15;"A";6.31;"A";4.45;"A"
"2025-04-13 18:45";14.4;"A";47.99;"A";1011.11;"A";151;"A";46;"A";0;"A";8;"A";38;"A";9.06;"A";6.27;"A";4.94;"A"
"2025-04-13 19:00";14.19;"A";49.51;"A";1011.31;"A";135;"A";46;"A";0;"A";8;"A";38;"A";11.56;"A";8.1;"A";5.87;"A"
"2025-04-13 19:15";14.15;"A";49.91;"A";1011.45;"A";171;"A";46;"A";0;"A";8;"A";38;"A";16.43;"A";11.93;"A";8.65;"A"
"2025-04-13 19:30";13.88;"A";50.19;"A";1011.61;"A";292;"A";47;"A";0;"A";13;"A";34;"A";18.87;"A";12.21;"A";8.92;"A"
"2025-04-13 19:45";13.7;"A";51.12;"A";1011.8;"A";276;"A";47;"A";0;"A";14;"A";33;"A";15.76;"A";11.28;"A";8.52;"A"
"2025-04-13 20:00";13.47;"A";50.72;"A";1012.01;"A";169;"A";46;"A";0;"A";11;"A";36;"A";20.15;"A";13.66;"A";9.54;"A"
"2025-04-13 20:15";13.27;"A";51.46;"A";1012.26;"A";248;"A";47;"A";0;"A";13;"A";34;"A";18.55;"A";13.05;"A";9.48;"A"
"2025-04-13 20:30";13.17;"A";51.5;"A";1012.37;"A";187;"A";46;"A";0;"A";13;"A";33;"A";30.94;"A";22.96;"A";16.44;"A"
"2025-04-13 20:45";13.01;"A";52.29;"A";1012.47;"A";162;"A";46;"A";0;"A";12;"A";34;"A";17.54;"A";13.15;"A";9.93;"A"
"2025-04-13 21:00";12.82;"A";53.1;"A";1012.67;"A";162;"A";46;"A";0;"A";15;"A";31;"A";20.72;"A";14.42;"A";10.46;"A"
"2025-04-13 21:15";12.65;"A";53.35;"A";1012.68;"A";163;"A";46;"A";0;"A";16;"A";30;"A";20.17;"A";13.64;"A";9.96;"A"
"2025-04-13 21:30";12.36;"A";54.87;"A";1012.81;"A";160;"A";46;"A";0;"A";17;"A";30;"A";21.71;"A";14.7;"A";11.12;"A"
"2025-04-13 21:45";12.06;"A";55.05;"A";1013.13;"A";186;"A";45;"A";0;"A";13;"A";32;"A";18.24;"A";10.96;"A";7.9;"A"
"2025-04-13 22:00";11.61;"A";57.72;"A";1013.15;"A";109;"A";43;"A";0;"A";10;"A";33;"A";13.3;"A";9.13;"A";6.31;"A"
"2025-04-13 22:15";11.31;"A";59.29;"A";1013.14;"A";97;"A";42;"A";0;"A";9;"A";33;"A";10.72;"A";7.85;"A";5.81;"A"
"2025-04-13 22:30";10.96;"A";60.98;"A";1013.34;"A";108;"A";42;"A";0;"A";9;"A";33;"A";11.59;"A";8.52;"A";6.31;"A"
"2025-04-13 22:45";10.6;"A";62.01;"A";1013.49;"A";86;"A";41;"A";0;"A";9;"A";32;"A";9.95;"A";7.32;"A";5.71;"A"
"2025-04-13 23:00";10.37;"A";62.01;"A";1013.52;"A";81;"A";40;"A";0;"A";7;"A";33;"A";11.66;"A";8.36;"A";6.07;"A"
"2025-04-13 23:15";10.16;"A";62.45;"A";1013.66;"A";88;"A";40;"A";0;"A";8;"A";32;"A";11.19;"A";7.84;"A";5.4;"A"
"2025-04-13 23:30";10;"A";63.66;"A";1013.79;"A";73;"A";40;"A";0;"A";9;"A";32;"A";9.74;"A";6.95;"A";5.1;"A"
"2025-04-13 23:45";9.8;"A";64.78;"A";1013.88;"A";81;"A";39;"A";0;"A";10;"A";29;"A";11.77;"A";7.73;"A";5.83;"A"
"2025-04-14 00:00";9.51;"A";65.52;"A";1014.01;"A";111;"A";38;"A";0;"A";11;"A";27;"A";12.63;"A";8.13;"A";6.08;"A"
"2025-04-14 00:15";9.26;"A";65.91;"A";1014.01;"A";87;"A";36;"A";0;"A";10;"A";26;"A";13.5;"A";9.04;"A";6.41;"A"
"2025-04-14 00:30";9.08;"A";66.66;"A";1014.07;"A";130;"A";35;"A";0;"A";10;"A";26;"A";16.05;"A";10.82;"A";7.5;"A"
"2025-04-14 00:45";8.73;"A";67.74;"A";1014.18;"A";103;"A";35;"A";0;"A";11;"A";24;"A";16.85;"A";11.32;"A";8.25;"A"
"2025-04-14 01:00";8.47;"A";68.86;"A";1014.37;"A";107;"A";34;"A";0;"A";13;"A";21;"A";17.49;"A";12.88;"A";9.36;"A"
"2025-04-14 01:15";8.23;"A";70.32;"A";1014.39;"A";92;"A";34;"A";0;"A";12;"A";22;"A";16.71;"A";13.73;"A";10.52;"A"
"2025-04-14 01:30";8.04;"A";70.97;"A";1014.4;"A";100;"A";35;"A";0;"A";12;"A";22;"A";21.3;"A";15.94;"A";11.95;"A"
"2025-04-14 01:45";7.92;"A";70.5;"A";1014.46;"A";95;"A";36;"A";0;"A";14;"A";22;"A";23.22;"A";18.25;"A";13.42;"A"
"2025-04-14 02:00";7.73;"A";69.67;"A";1014.59;"A";88;"A";38;"A";0;"A";15;"A";23;"A";20.97;"A";16.68;"A";12.57;"A"
"2025-04-14 02:15";7.43;"A";69.53;"A";1014.55;"A";79;"A";38;"A";0;"A";15;"A";23;"A";18.48;"A";15.22;"A";11.86;"A"
"2025-04-14 02:30";7.19;"A";69.7;"A";1014.57;"A";71;"A";38;"A";0;"A";12;"A";25;"A";18.49;"A";15.28;"A";11.49;"A"
"2025-04-14 02:45";7.12;"A";68.71;"A";1014.67;"A";62;"A";39;"A";0;"A";9;"A";29;"A";16.12;"A";13.07;"A";10.15;"A"
"2025-04-14 03:00";6.85;"A";70;"A";1014.73;"A";60;"A";39;"A";0;"A";11;"A";28;"A";18.14;"A";14.29;"A";10.92;"A"
"2025-04-14 03:15";6.56;"A";71.25;"A";1014.97;"A";63;"A";37;"A";0;"A";11;"A";26;"A";18.05;"A";14.53;"A";11.23;"A"
"2025-04-14 03:30";6.34;"A";71.74;"A";1014.9;"A";66;"A";37;"A";0;"A";9;"A";28;"A";20.46;"A";16.37;"A";12.1;"A"
"2025-04-14 03:45";6.12;"A";72.44;"A";1014.91;"A";62;"A";36;"A";0;"A";11;"A";25;"A";21.38;"A";17.49;"A";12.39;"A"
"2025-04-14 04:00";5.82;"A";73.67;"A";1014.85;"A";74;"A";36;"A";0;"A";15;"A";21;"A";22.94;"A";18.63;"A";13.67;"A"
"2025-04-14 04:15";5.66;"A";74.22;"A";1014.93;"A";81;"A";36;"A";0;"A";16;"A";19;"A";22.54;"A";18.21;"A";13.62;"A"
"2025-04-14 04:30";5.56;"A";74.76;"A";1015.08;"A";72;"A";35;"A";0;"A";16;"A";19;"A";23.49;"A";19;"A";14.19;"A"
"2025-04-14 04:45";5.46;"A";75.07;"A";1015.22;"A";91;"A";36;"A";0;"A";17;"A";19;"A";25.49;"A";20.55;"A";14.81;"A"
"2025-04-14 05:00";5.37;"A";75.62;"A";1015.32;"A";115;"A";35;"A";0;"A";16;"A";20;"A";23.74;"A";18.17;"A";15.23;"A"
"2025-04-14 05:15";5.3;"A";75.96;"A";1015.3;"A";88;"A";35;"A";0;"A";16;"A";20;"A";22.17;"A";16;"A";15.04;"A"
"2025-04-14 05:30";5.14;"A";76.53;"A";1015.37;"A";79;"A";35;"A";0;"A";16;"A";19;"A";21.91;"A";15.8;"A";14.85;"A"
"2025-04-14 05:45";5.08;"A";76.85;"A";1015.6;"A";81;"A";34;"A";0;"A";17;"A";17;"A";23.22;"A";16.76;"A";15.77;"A"
"2025-04-14 06:00";4.96;"A";77.15;"A";1015.81;"A";101;"A";32;"A";0;"A";19;"A";14;"A";30.06;"A";21.78;"A";20.56;"A"
"2025-04-14 06:15";4.68;"A";77.97;"A";1015.9;"A";163;"A";32;"A";0;"A";21;"A";11;"A";33.44;"A";24.3;"A";22.83;"A"
"2025-04-14 06:30";4.52;"A";78.73;"A";1016.37;"A";188;"A";31;"A";0;"A";20;"A";11;"A";28.51;"A";20.64;"A";19.47;"A"
"2025-04-14 06:45";4.59;"A";78.92;"A";1016.66;"A";248;"A";30;"A";0;"A";26;"A";5;"A";33.22;"A";24.09;"A";22.77;"A"
"2025-04-14 07:00";4.93;"A";78.31;"A";1016.67;"A";282;"A";34;"A";0;"A";31;"A";3;"A";32.62;"A";23.65;"A";22.35;"A"
"2025-04-14 07:15";5.95;"A";75.19;"A";1016.69;"A";548;"A";40;"A";0;"A";38;"A";3;"A";42.96;"A";31.23;"A";29.59;"A"
"2025-04-14 07:30";6.8;"A";71.98;"A";1016.86;"A";597;"A";36;"A";0;"A";31;"A";5;"A";45.43;"A";33.62;"A";30.75;"A"
"2025-04-14 07:45";7.67;"A";67.77;"A";1017.05;"A";194;"A";42;"A";0;"A";27;"A";15;"A";28.64;"A";22.91;"A";16.92;"A"
"2025-04-14 08:00";8.26;"A";65.64;"A";1017.03;"A";214;"A";43;"A";0;"A";26;"A";17;"A";24.39;"A";19.31;"A";14.29;"A"
"2025-04-14 08:15";8.58;"A";63.81;"A";1017.21;"A";210;"A";44;"A";0;"A";23;"A";21;"A";31.78;"A";25.24;"A";18.65;"A"
"2025-04-14 08:30";9.13;"A";61.73;"A";1017.29;"A";172;"A";46;"A";0;"A";18;"A";28;"A";23.23;"A";18.51;"A";13.84;"A"
"2025-04-14 08:45";9.71;"A";61.06;"A";1017.52;"A";171;"A";46;"A";0;"A";19;"A";27;"A";23.53;"A";17.65;"A";12.99;"A"
"2025-04-14 09:00";11.1;"A";57.61;"A";1017.66;"A";156;"A";45;"A";0;"A";22;"A";24;"A";22.19;"A";17.37;"A";12.73;"A"
"2025-04-14 09:15";12.22;"A";53.52;"A";1017.69;"A";129;"A";45;"A";0;"A";11;"A";34;"A";10.44;"A";7.15;"A";5.46;"A"
"2025-04-14 09:30";12.99;"A";51.2;"A";1017.8;"A";138;"A";47;"A";0;"A";8;"A";39;"A";9.08;"A";6.71;"A";4.76;"A"
"2025-04-14 09:45";13.36;"A";51.13;"A";1018.12;"A";148;"A";46;"A";0;"A";9;"A";37;"A";8.56;"A";5.36;"A";3.8;"A"
"2025-04-14 10:00";13.49;"A";49.98;"A";1018.26;"A";143;"A";47;"A";0;"A";9;"A";38;"A";10.52;"A";6.25;"A";4.29;"A"
"2025-04-14 10:15";13.92;"A";50.11;"A";1018.27;"A";130;"A";48;"A";0;"A";9;"A";38;"A";9.81;"A";5.63;"A";3.89;"A"
"2025-04-14 10:30";14.38;"A";49.7;"A";1018.2;"A";132;"A";46;"A";0;"A";8;"A";38;"A";12.08;"A";6.69;"A";4.42;"A"
"2025-04-14 10:45";14.81;"A";49.26;"A";1018.29;"A";135;"A";45;"A";0;"A";8;"A";37;"A";10.6;"A";6.72;"A";4.93;"A"
"2025-04-14 11:00";15.08;"A";46.84;"A";1018.35;"A";223;"A";47;"A";0;"A";8;"A";38;"A";14;"A";8.61;"A";6.14;"A"
"2025-04-14 11:15";15.08;"A";45.83;"A";1018.32;"A";235;"A";48;"A";0;"A";9;"A";39;"A";10.57;"A";6.61;"A";4.67;"A"
"2025-04-14 11:30";14.75;"A";47.52;"A";1018.22;"A";259;"A";48;"A";0;"A";8;"A";40;"A";10.69;"A";7.62;"A";5.51;"A"
"2025-04-14 11:45";14.88;"A";47.14;"A";1018.21;"A";137;"A";47;"A";0;"A";7;"A";40;"A";11.66;"A";7;"A";4.75;"A"
"2025-04-14 12:00";15.07;"A";45.75;"A";1018.22;"A";239;"A";47;"A";0;"A";7;"A";40;"A";8.66;"A";5.65;"A";4.22;"A"
"2025-04-14 12:15";15.58;"A";43.82;"A";1018.21;"A";208;"A";47;"A";0;"A";8;"A";40;"A";9;"A";5.95;"A";4.09;"A"
"2025-04-14 12:30";15.48;"A";43.56;"A";1018.21;"A";278;"A";49;"A";0;"A";8;"A";40;"A";9.65;"A";6.37;"A";4.73;"A"
"2025-04-14 12:45";15.6;"A";43.28;"A";1018.13;"A";156;"A";50;"A";0;"A";8;"A";42;"A";8.05;"A";4.75;"A";3.34;"A"
"2025-04-14 13:00";15.8;"A";41.37;"A";1018.13;"A";168;"A";48;"A";0;"A";6;"A";42;"A";8.95;"A";5.65;"A";3.99;"A"
"2025-04-14 13:15";16.07;"A";40.93;"A";1017.96;"A";294;"A";48;"A";0;"A";8;"A";40;"A";13.48;"A";8.76;"A";6.11;"A"
"2025-04-14 13:30";16.55;"A";38.96;"A";1017.91;"A";268;"A";48;"A";0;"A";7;"A";41;"A";12.15;"A";7.3;"A";4.99;"A"
"2025-04-14 13:45";17.01;"A";38.94;"A";1017.67;"A";259;"A";49;"A";0;"A";7;"A";41;"A";10.61;"A";6.57;"A";4.51;"A"
"2025-04-14 14:00";17.26;"A";37.11;"A";1017.31;"A";246;"A";49;"A";0;"A";7;"A";42;"A";10.42;"A";5.2;"A";3.35;"A"
"2025-04-14 14:15";17.42;"A";36.97;"A";1017.39;"A";138;"A";49;"A";0;"A";7;"A";43;"A";4.91;"A";2.77;"A";1.97;"A"
"2025-04-14 14:30";17.76;"A";35.03;"A";1017.29;"A";108;"A";49;"A";0;"A";6;"A";42;"A";6.58;"A";3.39;"A";2.11;"A"
"2025-04-14 14:45";17.9;"A";34.25;"A";1017.23;"A";106;"A";50;"A";0;"A";6;"A";44;"A";4.33;"A";2.7;"A";1.82;"A"
"2025-04-14 15:00";18.38;"A";33.99;"A";1017.25;"A";105;"A";50;"A";0;"A";7;"A";43;"A";3.81;"A";2.26;"A";1.43;"A"
"2025-04-14 15:15";18.77;"A";32.53;"A";1017.16;"A";120;"A";50;"A";0;"A";7;"A";43;"A";4.22;"A";2.44;"A";1.49;"A"
"2025-04-14 15:30";19.12;"A";32.96;"A";1017.15;"A";121;"A";49;"A";0;"A";7;"A";42;"A";4.88;"A";2.39;"A";1.6;"A"
"2025-04-14 15:45";19.02;"A";31.61;"A";1017.13;"A";170;"A";49;"A";0;"A";6;"A";42;"A";6.93;"A";2.88;"A";1.65;"A"
"2025-04-14 16:00";19.38;"A";32.29;"A";1017.04;"A";136;"A";50;"A";0;"A";7;"A";43;"A";4.32;"A";2.16;"A";1.51;"A"
"2025-04-14 16:15";19.62;"A";31.71;"A";1016.92;"A";142;"A";48;"A";0;"A";7;"A";41;"A";6.52;"A";3.12;"A";1.78;"A"
"2025-04-14 16:30";19.54;"A";30.61;"A";1016.97;"A";134;"A";49;"A";0;"A";7;"A";43;"A";8.53;"A";4.96;"A";3.18;"A"
"2025-04-14 16:45";19.44;"A";29.8;"A";1016.92;"A";143;"A";51;"A";0;"A";7;"A";43;"A";5.09;"A";2.97;"A";1.81;"A"
"2025-04-14 17:00";18.94;"A";30.19;"A";1016.93;"A";126;"A";50;"A";0;"A";8;"A";42;"A";4.48;"A";2.2;"A";1.26;"A"
"2025-04-14 17:15";18.79;"A";31.02;"A";1016.8;"A";114;"A";50;"A";0;"A";7;"A";43;"A";3.89;"A";2.16;"A";1.29;"A"
"2025-04-14 17:30";18.42;"A";31.11;"A";1016.9;"A";112;"A";50;"A";0;"A";7;"A";43;"A";5.09;"A";2.68;"A";1.72;"A"
"2025-04-14 17:45";18;"A";32.38;"A";1016.85;"A";111;"A";51;"A";0;"A";8;"A";43;"A";6.44;"A";3.11;"A";1.85;"A"
"2025-04-14 18:00";17.53;"A";33.47;"A";1016.78;"A";108;"A";51;"A";0;"A";8;"A";43;"A";5.9;"A";2.55;"A";1.52;"A"
"2025-04-14 18:15";17.31;"A";33.7;"A";1016.68;"A";118;"A";50;"A";0;"A";7;"A";43;"A";4.32;"A";2.87;"A";1.77;"A"
"2025-04-14 18:30";16.86;"A";34;"A";1016.72;"A";106;"A";51;"A";0;"A";8;"A";43;"A";5.38;"A";2.89;"A";1.71;"A"
"2025-04-14 18:45";16.57;"A";34.99;"A";1016.97;"A";106;"A";51;"A";0;"A";8;"A";43;"A";5.61;"A";3.05;"A";1.93;"A"
"2025-04-14 19:00";16.26;"A";35.95;"A";1016.96;"A";101;"A";50;"A";0;"A";7;"A";43;"A";5.54;"A";3.32;"A";2.06;"A"
"2025-04-14 19:15";15.95;"A";36.25;"A";1016.91;"A";108;"A";50;"A";0;"A";9;"A";41;"A";5.77;"A";3.59;"A";2.4;"A"
"2025-04-14 19:30";15.76;"A";36.19;"A";1017.14;"A";102;"A";49;"A";0;"A";9;"A";40;"A";7.91;"A";4.16;"A";2.58;"A"
"2025-04-14 19:45";15.39;"A";37.52;"A";1017.24;"A";138;"A";49;"A";0;"A";14;"A";35;"A";8.01;"A";4.26;"A";2.76;"A"
"2025-04-14 20:00";15.01;"A";38.95;"A";1017.3;"A";159;"A";49;"A";0;"A";15;"A";34;"A";10.5;"A";5.07;"A";3.38;"A"
"2025-04-14 20:15";14.86;"A";39.02;"A";1017.51;"A";154;"A";48;"A";0;"A";13;"A";35;"A";12.99;"A";7.76;"A";5.17;"A"
"2025-04-14 20:30";14.61;"A";39.98;"A";1017.53;"A";158;"A";48;"A";0;"A";14;"A";34;"A";13.4;"A";6.62;"A";4.39;"A"
"2025-04-14 20:45";14.36;"A";40.41;"A";1017.63;"A";137;"A";49;"A";0;"A";16;"A";33;"A";14.08;"A";7.51;"A";5.23;"A"
"2025-04-14 21:00";14.06;"A";40.66;"A";1017.85;"A";139;"A";48;"A";0;"A";16;"A";32;"A";13.83;"A";7.75;"A";5.14;"A"
"2025-04-14 21:15";13.72;"A";41.69;"A";1017.97;"A";362;"A";47;"A";0;"A";18;"A";29;"A";14.88;"A";8.08;"A";5.85;"A"
"2025-04-14 21:30";13.3;"A";43.53;"A";1017.93;"A";307;"A";46;"A";0;"A";25;"A";20;"A";21.28;"A";12.76;"A";8.77;"A"
"2025-04-14 21:45";12.85;"A";45.39;"A";1017.89;"A";396;"A";45;"A";0;"A";30;"A";14;"A";24.6;"A";15.39;"A";10.57;"A"
"2025-04-14 22:00";12.64;"A";44.96;"A";1017.96;"A";207;"A";46;"A";0;"A";21;"A";25;"A";20.56;"A";10.63;"A";7.21;"A"
"2025-04-14 22:15";12.11;"A";47.8;"A";1017.98;"A";147;"A";43;"A";0;"A";18;"A";25;"A";19.03;"A";10.5;"A";7;"A"
"2025-04-14 22:30";11.55;"A";50.13;"A";1018.19;"A";153;"A";40;"A";0;"A";18;"A";22;"A";20.93;"A";10.38;"A";6.99;"A"
"2025-04-14 22:45";11.29;"A";51.69;"A";1018.19;"A";184;"A";41;"A";0;"A";23;"A";17;"A";22.92;"A";14.03;"A";9.35;"A"
"2025-04-14 23:00";10.92;"A";53.7;"A";1018.23;"A";161;"A";40;"A";0;"A";22;"A";18;"A";17.56;"A";12.18;"A";8.52;"A"
"2025-04-14 23:15";10.66;"A";53.58;"A";1018.25;"A";198;"A";40;"A";0;"A";18;"A";22;"A";19.05;"A";13.49;"A";9.81;"A"
"2025-04-14 23:30";10.47;"A";53.55;"A";1018.18;"A";143;"A";41;"A";0;"A";16;"A";25;"A";12.84;"A";9.82;"A";6.76;"A"
"2025-04-14 23:45";10.22;"A";54.55;"A";1018.22;"A";94;"A";40;"A";0;"A";13;"A";27;"A";7.57;"A";5.05;"A";3.69;"A"
"2025-04-15 00:00";9.95;"A";56.22;"A";1018.32;"A";93;"A";40;"A";0;"A";14;"A";26;"A";8.92;"A";5.64;"A";3.77;"A"
"2025-04-15 00:15";9.76;"A";56.68;"A";1018.37;"A";100;"A";39;"A";0;"A";11;"A";28;"A";9.1;"A";6.56;"A";4.76;"A"
"2025-04-15 00:30";9.49;"A";58.06;"A";1018.21;"A";100;"A";38;"A";0;"A";10;"A";27;"A";10.12;"A";7.44;"A";5.43;"A"
"2025-04-15 00:45";9.27;"A";58.69;"A";1018.22;"A";96;"A";38;"A";0;"A";11;"A";26;"A";9.53;"A";6.95;"A";4.89;"A"
"2025-04-15 01:00";9.11;"A";59.17;"A";1018.27;"A";94;"A";37;"A";0;"A";12;"A";25;"A";9.62;"A";6.3;"A";4.6;"A"
"2025-04-15 01:15";8.85;"A";60.29;"A";1018.24;"A";86;"A";37;"A";0;"A";11;"A";26;"A";9.86;"A";7.09;"A";4.91;"A"
"2025-04-15 01:30";8.59;"A";61.22;"A";1018.16;"A";93;"A";36;"A";0;"A";12;"A";24;"A";12.66;"A";8.68;"A";6.32;"A"
"2025-04-15 01:45";8.13;"A";63.85;"A";1018.28;"A";90;"A";32;"A";0;"A";11;"A";21;"A";12.83;"A";9.09;"A";6.25;"A"
"2025-04-15 02:00";7.74;"A";64.89;"A";1018.25;"A";86;"A";32;"A";0;"A";12;"A";20;"A";12.59;"A";8.92;"A";6.42;"A"
"2025-04-15 02:15";7.23;"A";66.18;"A";1018.13;"A";90;"A";30;"A";0;"A";10;"A";20;"A";14.33;"A";9.95;"A";7.18;"A"
"2025-04-15 02:30";6.94;"A";67.36;"A";1018.22;"A";107;"A";30;"A";0;"A";10;"A";20;"A";13.78;"A";10.21;"A";7.24;"A"
"2025-04-15 02:45";6.73;"A";67.95;"A";1018.29;"A";102;"A";30;"A";0;"A";11;"A";19;"A";17.87;"A";12.83;"A";9.27;"A"
"2025-04-15 03:00";6.46;"A";69.01;"A";1018.3;"A";92;"A";28;"A";0;"A";10;"A";18;"A";18.98;"A";14.55;"A";10.62;"A"
"2025-04-15 03:15";6.15;"A";70;"A";1018.21;"A";96;"A";28;"A";0;"A";11;"A";17;"A";16.68;"A";12.04;"A";9.16;"A"
"2025-04-15 03:30";5.95;"A";70.56;"A";1018.24;"A";122;"A";28;"A";0;"A";10;"A";18;"A";16.07;"A";13.52;"A";9.89;"A"
"2025-04-15 03:45";5.8;"A";71.23;"A";1018.38;"A";101;"A";27;"A";0;"A";10;"A";17;"A";19.68;"A";15.03;"A";11.08;"A"
"2025-04-15 04:00";5.61;"A";72.09;"A";1018.41;"A";113;"A";27;"A";0;"A";11;"A";16;"A";16.06;"A";12.3;"A";9.55;"A"
"2025-04-15 04:15";5.38;"A";72.75;"A";1018.51;"A";130;"A";25;"A";0;"A";11;"A";15;"A";16.17;"A";11.33;"A";8.38;"A"
"2025-04-15 04:30";5.36;"A";73.22;"A";1018.67;"A";150;"A";25;"A";0;"A";12;"A";13;"A";16.06;"A";12.11;"A";8.85;"A"
"2025-04-15 04:45";5.31;"A";73.06;"A";1018.64;"A";150;"A";25;"A";0;"A";11;"A";14;"A";16.17;"A";12.32;"A";9.47;"A"
"2025-04-15 05:00";5.01;"A";73.84;"A";1018.65;"A";199;"A";25;"A";0;"A";13;"A";13;"A";19.53;"A";15.15;"A";11.21;"A"
"2025-04-15 05:15";5;"A";74.16;"A";1018.78;"A";127;"A";25;"A";0;"A";14;"A";12;"A";16.03;"A";11.29;"A";7.95;"A"
"2025-04-15 05:30";4.84;"A";74.05;"A";1018.67;"A";127;"A";26;"A";0;"A";11;"A";14;"A";14.55;"A";11.13;"A";8.15;"A"
"2025-04-15 05:45";4.81;"A";74.52;"A";1018.7;"A";203;"A";27;"A";0;"A";17;"A";10;"A";20.69;"A";15.04;"A";10.93;"A"
"2025-04-15 06:00";4.72;"A";74.71;"A";1018.67;"A";233;"A";27;"A";0;"A";22;"A";4;"A";20.75;"A";14.28;"A";9.88;"A"
"2025-04-15 06:15";4.67;"A";75.11;"A";1018.8;"A";230;"A";28;"A";0;"A";25;"A";3;"A";21.05;"A";14.12;"A";9.73;"A"
"2025-04-15 06:30";4.73;"A";74.86;"A";1018.68;"A";317;"A";30;"A";0;"A";28;"A";3;"A";27.25;"A";18.85;"A";13.41;"A"
"2025-04-15 06:45";4.95;"A";75.04;"A";1018.77;"A";402;"A";29;"A";0;"A";27;"A";3;"A";36.14;"A";23.51;"A";16.57;"A"
"2025-04-15 07:00";5.54;"A";74.07;"A";1018.74;"A";377;"A";29;"A";0;"A";27;"A";3;"A";32.96;"A";19.96;"A";13.69;"A"
"2025-04-15 07:15";7.04;"A";69.87;"A";1018.54;"A";404;"A";33;"A";0;"A";25;"A";8;"A";30.06;"A";21.94;"A";15.44;"A"
"2025-04-15 07:30";8.16;"A";64.37;"A";1018.8;"A";197;"A";39;"A";0;"A";17;"A";22;"A";25.52;"A";17.51;"A";12.7;"A"
"2025-04-15 07:45";8.99;"A";59.35;"A";1018.55;"A";194;"A";43;"A";0;"A";18;"A";25;"A";23;"A";15.82;"A";11.18;"A"
"2025-04-15 08:00";9.71;"A";57.47;"A";1018.61;"A";186;"A";44;"A";0;"A";16;"A";28;"A";20.81;"A";13.94;"A";10.14;"A"
"2025-04-15 08:15";10.04;"A";57.32;"A";1018.67;"A";189;"A";45;"A";0;"A";19;"A";26;"A";18.74;"A";13.76;"A";10.24;"A"
"2025-04-15 08:30";10.87;"A";55.4;"A";1018.72;"A";211;"A";44;"A";0;"A";21;"A";24;"A";22.51;"A";16.16;"A";11.89;"A"
"2025-04-15 08:45";11.55;"A";54.4;"A";1018.77;"A";224;"A";45;"A";0;"A";17;"A";28;"A";29.79;"A";20.04;"A";13.8;"A"
"2025-04-15 09:00";12.98;"A";51.42;"A";1018.76;"A";241;"A";44;"A";0;"A";15;"A";30;"A";23.49;"A";16.2;"A";11.51;"A"
"2025-04-15 09:15";14.91;"A";46.97;"A";1018.81;"A";248;"A";42;"A";0;"A";11;"A";31;"A";21.91;"A";15.77;"A";11.08;"A"
"2025-04-15 09:30";15.9;"A";45.04;"A";1018.87;"A";250;"A";46;"A";0;"A";12;"A";33;"A";19.1;"A";13.22;"A";9.98;"A"
"2025-04-15 09:45";17.05;"A";40.29;"A";1018.81;"A";324;"A";51;"A";0;"A";17;"A";34;"A";21.53;"A";15.53;"A";12.3;"A"
"2025-04-15 10:00";17.39;"A";39.9;"A";1018.79;"A";210;"A";50;"A";0;"A";11;"A";39;"A";15.08;"A";9.39;"A";6.49;"A"
"2025-04-15 10:15";17.89;"A";37.52;"A";1018.65;"A";213;"A";50;"A";0;"A";8;"A";42;"A";11.12;"A";6.52;"A";4.35;"A"
"2025-04-15 10:30";18.37;"A";35.98;"A";1018.75;"A";180;"A";50;"A";0;"A";8;"A";42;"A";11.93;"A";6.77;"A";4.29;"A"
"2025-04-15 10:45";18.81;"A";35.67;"A";1018.79;"A";177;"A";50;"A";0;"A";9;"A";41;"A";10.62;"A";5.19;"A";3.48;"A"
"2025-04-15 11:00";18.71;"A";34.08;"A";1018.74;"A";171;"A";52;"A";0;"A";10;"A";42;"A";8.04;"A";4.29;"A";2.76;"A"
"2025-04-15 11:15";18.71;"A";34.44;"A";1018.71;"A";175;"A";52;"A";0;"A";9;"A";43;"A";10.61;"A";6.32;"A";4.22;"A"
"2025-04-15 11:30";18.79;"A";33.78;"A";1018.54;"A";155;"A";52;"A";0;"A";7;"A";45;"A";11.51;"A";6.11;"A";4.14;"A"
"2025-04-15 11:45";19.18;"A";32.84;"A";1018.39;"A";144;"A";53;"A";0;"A";8;"A";44;"A";10.99;"A";5.58;"A";3.98;"A"
"2025-04-15 12:00";19.21;"A";32.42;"A";1018.31;"A";184;"A";53;"A";0;"A";9;"A";44;"A";10.23;"A";5.98;"A";4.1;"A"
"2025-04-15 12:15";18.8;"A";32.48;"A";1018.14;"A";178;"A";55;"A";0;"A";9;"A";46;"A";9.97;"A";6.69;"A";4.9;"A"
"2025-04-15 12:30";19.11;"A";33.53;"A";1018.05;"A";168;"A";54;"A";0;"A";8;"A";46;"A";12.5;"A";7.42;"A";4.97;"A"
"2025-04-15 12:45";19.27;"A";32.68;"A";1017.96;"A";186;"A";55;"A";0;"A";9;"A";46;"A";11.82;"A";7.77;"A";5.56;"A"
"2025-04-15 13:00";19.53;"A";32.06;"A";1017.74;"A";231;"A";54;"A";0;"A";9;"A";45;"A";13.36;"A";8.68;"A";6.31;"A"
"2025-04-15 13:15";19.87;"A";31.58;"A";1017.7;"A";239;"A";57;"A";0;"A";14;"A";43;"A";14.27;"A";8.89;"A";6.29;"A"
"2025-04-15 13:30";19.98;"A";30.57;"A";1017.51;"A";158;"A";56;"A";0;"A";9;"A";47;"A";10.04;"A";7.14;"A";4.97;"A"
"2025-04-15 13:45";20.24;"A";29.65;"A";1017.32;"A";236;"A";54;"A";0;"A";7;"A";48;"A";10.86;"A";7.45;"A";5.43;"A"
"2025-04-15 14:00";20.85;"A";28.91;"A";1017.21;"A";184;"A";56;"A";0;"A";9;"A";47;"A";11.18;"A";7.12;"A";4.7;"A"
"2025-04-15 14:15";20.73;"A";27.71;"A";1017.04;"A";148;"A";57;"A";0;"A";8;"A";49;"A";8.66;"A";5.91;"A";4.26;"A"
"2025-04-15 14:30";21.15;"A";27.87;"A";1017.01;"A";190;"A";56;"A";0;"A";8;"A";48;"A";10.68;"A";7.92;"A";5.57;"A"
"2025-04-15 14:45";21.54;"A";26.8;"A";1017;"A";217;"A";55;"A";0;"A";8;"A";47;"A";9.02;"A";5.95;"A";4.07;"A"
"2025-04-15 15:00";21.97;"A";25.07;"A";1016.95;"A";307;"A";55;"A";0;"A";9;"A";47;"A";12.47;"A";8.02;"A";5.87;"A"
"2025-04-15 15:15";22.17;"A";25.51;"A";1016.91;"A";207;"A";56;"A";0;"A";8;"A";47;"A";9.91;"A";5.98;"A";4.43;"A"
"2025-04-15 15:30";22.68;"A";26.16;"A";1016.67;"A";310;"A";55;"A";0;"A";8;"A";47;"A";13.11;"A";8.41;"A";6.05;"A"
"2025-04-15 15:45";22.43;"A";25.51;"A";1016.63;"A";267;"A";55;"A";0;"A";8;"A";47;"A";11.38;"A";7.22;"A";4.94;"A"
"2025-04-15 16:00";22.78;"A";25.68;"A";1016.61;"A";297;"A";55;"A";0;"A";9;"A";46;"A";9.7;"A";6.1;"A";3.98;"A"
"2025-04-15 16:15";22.66;"A";25.64;"A";1016.64;"A";342;"A";55;"A";0;"A";8;"A";48;"A";8.71;"A";5.54;"A";4.06;"A"
"2025-04-15 16:30";22.62;"A";25.47;"A";1016.6;"A";263;"A";54;"A";0;"A";9;"A";45;"A";8.88;"A";4.92;"A";3.67;"A"
"2025-04-15 16:45";22.61;"A";25.14;"A";1016.55;"A";202;"A";56;"A";0;"A";15;"A";41;"A";8.53;"A";5.17;"A";3.97;"A"
"2025-04-15 17:00";22.61;"A";25.96;"A";1016.47;"A";271;"A";53;"A";0;"A";9;"A";44;"A";6.18;"A";3.62;"A";2.51;"A"
"2025-04-15 17:15";22.26;"A";26.26;"A";1016.51;"A";219;"A";53;"A";0;"A";8;"A";45;"A";6.88;"A";3.95;"A";2.71;"A"
"2025-04-15 17:30";21.94;"A";26.47;"A";1016.4;"A";158;"A";53;"A";0;"A";7;"A";45;"A";7.55;"A";4.53;"A";3.05;"A"
"2025-04-15 17:45";21.67;"A";27.66;"A";1016.33;"A";201;"A";52;"A";0;"A";9;"A";43;"A";9.51;"A";5.37;"A";3.47;"A"
"2025-04-15 18:00";21.12;"A";28.09;"A";1016.36;"A";170;"A";53;"A";0;"A";8;"A";45;"A";7.47;"A";4.25;"A";3.07;"A"
"2025-04-15 18:15";20.8;"A";28.69;"A";1016.22;"A";167;"A";53;"A";0;"A";8;"A";45;"A";6.63;"A";3.82;"A";2.52;"A"
"2025-04-15 18:30";20.41;"A";29.23;"A";1016.42;"A";256;"A";52;"A";0;"A";8;"A";44;"A";8.81;"A";5.69;"A";3.98;"A"
"2025-04-15 18:45";19.88;"A";30.19;"A";1016.33;"A";136;"A";53;"A";0;"A";9;"A";44;"A";8.92;"A";4.88;"A";3.36;"A"
"2025-04-15 19:00";19.5;"A";31.22;"A";1016.41;"A";129;"A";53;"A";0;"A";10;"A";43;"A";11.3;"A";5.79;"A";3.51;"A"
"2025-04-15 19:15";19.13;"A";32.83;"A";1016.65;"A";148;"A";51;"A";0;"A";11;"A";40;"A";14.25;"A";6.37;"A";4.24;"A"
"2025-04-15 19:30";18.81;"A";33.25;"A";1016.65;"A";135;"A";51;"A";0;"A";11;"A";39;"A";24.87;"A";9.9;"A";5.83;"A"
"2025-04-15 19:45";18.42;"A";34.53;"A";1016.76;"A";145;"A";50;"A";0;"A";13;"A";37;"A";19.24;"A";8.75;"A";5.74;"A"
"2025-04-15 20:00";17.9;"A";36.3;"A";1016.93;"A";153;"A";47;"A";0;"A";13;"A";33;"A";19.5;"A";9.17;"A";6.09;"A"
"2025-04-15 20:15";17.55;"A";38.22;"A";1016.97;"A";231;"A";46;"A";0;"A";13;"A";33;"A";18.92;"A";10.29;"A";7.09;"A"
"2025-04-15 20:30";17.29;"A";38.49;"A";1016.9;"A";366;"A";46;"A";0;"A";16;"A";30;"A";23.31;"A";11.24;"A";7.37;"A"
"2025-04-15 20:45";17.1;"A";39.28;"A";1016.99;"A";221;"A";46;"A";0;"A";14;"A";32;"A";19.01;"A";8.94;"A";5.83;"A"
"2025-04-15 21:00";16.79;"A";40.41;"A";1017.32;"A";209;"A";46;"A";0;"A";14;"A";32;"A";22.48;"A";14.57;"A";9.97;"A"
"2025-04-15 21:15";15.85;"A";44.45;"A";1017.29;"A";309;"A";42;"A";0;"A";19;"A";23;"A";43.45;"A";28.84;"A";21.05;"A"
"2025-04-15 21:30";15.48;"A";44.09;"A";1017.21;"A";427;"A";39;"A";0;"A";25;"A";14;"A";72.76;"A";50.34;"A";35.06;"A"
"2025-04-15 21:45";15.06;"A";45.24;"A";1017.17;"A";394;"A";38;"A";0;"A";23;"A";15;"A";75.56;"A";49.36;"A";34.46;"A"
"2025-04-15 22:00";14.6;"A";47.2;"A";1017.18;"A";365;"A";37;"A";0;"A";23;"A";15;"A";69.05;"A";42.78;"A";29.34;"A"
"2025-04-15 22:15";14.38;"A";47.35;"A";1017.02;"A";266;"A";38;"A";0;"A";19;"A";19;"A";53.62;"A";31.79;"A";21.13;"A"
"2025-04-15 22:30";14.03;"A";47.89;"A";1017.06;"A";234;"A";39;"A";0;"A";22;"A";17;"A";50.98;"A";27.53;"A";18.91;"A"
"2025-04-15 22:45";13.8;"A";49.33;"A";1017.19;"A";249;"A";39;"A";0;"A";26;"A";13;"A";54.96;"A";29.31;"A";19.68;"A"
"2025-04-15 23:00";13.5;"A";49.63;"A";1017.25;"A";249;"A";38;"A";0;"A";23;"A";15;"A";56.89;"A";31.49;"A";21.61;"A"
"2025-04-15 23:15";13.2;"A";50.51;"A";1017.29;"A";216;"A";38;"A";0;"A";21;"A";16;"A";56.6;"A";31.59;"A";21.51;"A"
"2025-04-15 23:30";13.32;"A";49.88;"A";1017.39;"A";286;"A";38;"A";0;"A";18;"A";20;"A";59.96;"A";35.35;"A";24.4;"A"
"2025-04-15 23:45";13.45;"A";49.25;"A";1017.47;"A";370;"A";40;"A";0;"A";18;"A";23;"A";52.3;"A";34.24;"A";24.33;"A"
"2025-04-16 00:00";13.22;"A";50.1;"A";1017.54;"A";502;"A";39;"A";0;"A";18;"A";21;"A";54.74;"A";34.88;"A";24.93;"A"
"2025-04-16 00:15";12.8;"A";52.35;"A";1017.43;"A";610;"A";39;"A";0;"A";16;"A";23;"A";57.34;"A";36.97;"A";26.2;"A"
"2025-04-16 00:30";12.96;"A";51.37;"A";1017.45;"A";714;"A";40;"A";0;"A";16;"A";24;"A";62.73;"A";45.45;"A";33.21;"A"
"2025-04-16 00:45";12.61;"A";54.19;"A";1017.42;"A";1020;"A";37;"A";0;"A";18;"A";19;"A";69.23;"A";49.34;"A";35.07;"A"
"2025-04-16 01:00";12.07;"A";56.49;"A";1017.68;"A";1015;"A";35;"A";0;"A";18;"A";18;"A";69.76;"A";47.67;"A";33.84;"A"
"2025-04-16 01:15";11.71;"A";58.67;"A";1017.75;"A";982;"A";32;"A";0;"A";16;"A";16;"A";67.84;"A";46.26;"A";32.5;"A"
"2025-04-16 01:30";11.47;"A";59.26;"A";1017.87;"A";942;"A";32;"A";0;"A";15;"A";17;"A";54.78;"A";36.34;"A";26.79;"A"
"2025-04-16 01:45";11.46;"A";60.06;"A";1017.96;"A";721;"A";32;"A";0;"A";14;"A";18;"A";44.4;"A";28.29;"A";20.04;"A"
"2025-04-16 02:00";11.36;"A";59.7;"A";1017.96;"A";686;"A";30;"A";0;"A";13;"A";17;"A";41.79;"A";27.96;"A";20.38;"A"
"2025-04-16 02:15";11.1;"A";62.07;"A";1017.96;"A";559;"A";29;"A";0;"A";14;"A";16;"A";41.57;"A";26.26;"A";18.45;"A"
"2025-04-16 02:30";10.77;"A";63.31;"A";1017.81;"A";606;"A";29;"A";0;"A";14;"A";14;"A";44.4;"A";29.87;"A";21.06;"A"
"2025-04-16 02:45";10.71;"A";62.81;"A";1017.85;"A";550;"A";31;"A";0;"A";16;"A";15;"A";47.54;"A";30.37;"A";21.85;"A"
"2025-04-16 03:00";10.63;"A";63.7;"A";1017.87;"A";541;"A";28;"A";0;"A";18;"A";10;"A";54.91;"A";34.32;"A";24.85;"A"
"2025-04-16 03:15";10.43;"A";65.27;"A";1017.85;"A";534;"A";27;"A";0;"A";19;"A";9;"A";57.97;"A";37.96;"A";26.73;"A"
"2025-04-16 03:30";10.18;"A";66.64;"A";1017.86;"A";496;"A";26;"A";0;"A";17;"A";9;"A";57.08;"A";38.5;"A";26.88;"A"
"2025-04-16 03:45";10;"A";67.18;"A";1018.08;"A";479;"A";28;"A";0;"A";23;"A";5;"A";59.41;"A";37.66;"A";26.84;"A"
"2025-04-16 04:00";9.91;"A";67.97;"A";1018.15;"A";423;"A";26;"A";0;"A";18;"A";7;"A";53.06;"A";35.26;"A";25.19;"A"
"2025-04-16 04:15";9.66;"A";68.59;"A";1018.08;"A";370;"A";26;"A";0;"A";17;"A";9;"A";49.81;"A";34.29;"A";23.54;"A"
"2025-04-16 04:30";9.61;"A";68.16;"A";1018.12;"A";330;"A";27;"A";0;"A";19;"A";8;"A";47.91;"A";32.16;"A";23.21;"A"
"2025-04-16 04:45";9.34;"A";70;"A";1018.18;"A";289;"A";28;"A";0;"A";22;"A";6;"A";40.4;"A";28.63;"A";20.26;"A"
"2025-04-16 05:00";9.14;"A";70.05;"A";1018.18;"A";285;"A";27;"A";0;"A";23;"A";4;"A";44.22;"A";27.63;"A";19.43;"A"
"2025-04-16 05:15";8.97;"A";70.35;"A";1018.24;"A";308;"A";29;"A";0;"A";26;"A";3;"A";44.79;"A";30.05;"A";21.6;"A"
"2025-04-16 05:30";8.92;"A";70.66;"A";1018.35;"A";330;"A";28;"A";0;"A";27;"A";2;"A";50.03;"A";33.72;"A";23.47;"A"
"2025-04-16 05:45";8.84;"A";71.37;"A";1018.3;"A";380;"A";29;"A";0;"A";27;"A";2;"A";54.78;"A";37;"A";25.84;"A"
"2025-04-16 06:00";8.92;"A";71;"A";1018.36;"A";401;"A";30;"A";0;"A";28;"A";2;"A";53.7;"A";35.44;"A";25.7;"A"
"2025-04-16 06:15";8.82;"A";71.77;"A";1018.58;"A";428;"A";30;"A";0;"A";28;"A";2;"A";54.32;"A";37.55;"A";26.11;"A"
"2025-04-16 06:30";8.88;"A";72.12;"A";1018.76;"A";443;"A";30;"A";0;"A";28;"A";2;"A";53.39;"A";35.83;"A";25.27;"A"
"2025-04-16 06:45";8.96;"A";71.61;"A";1018.89;"A";454;"A";31;"A";0;"A";28;"A";2;"A";54.44;"A";35.79;"A";24.92;"A"
"2025-04-16 07:00";9.46;"A";68.03;"A";1019.19;"A";453;"A";32;"A";0;"A";28;"A";4;"A";52.91;"A";34.98;"A";24.88;"A"
"2025-04-16 07:15";10.03;"A";65.33;"A";1019.43;"A";315;"A";34;"A";0;"A";21;"A";13;"A";43.26;"A";26.56;"A";18.65;"A"
"2025-04-16 07:30";10.55;"A";63.96;"A";1019.65;"A";224;"A";35;"A";0;"A";19;"A";16;"A";30.19;"A";18.84;"A";13.2;"A"
"2025-04-16 07:45";11.32;"A";61.88;"A";1019.66;"A";214;"A";37;"A";0;"A";19;"A";17;"A";47.68;"A";24.9;"A";15.67;"A"
"2025-04-16 08:00";12.09;"A";59.13;"A";1019.92;"A";192;"A";37;"A";0;"A";19;"A";18;"A";40.83;"A";18.44;"A";12.01;"A"
"2025-04-16 08:15";12.6;"A";58.07;"A";1019.96;"A";166;"A";40;"A";0;"A";17;"A";23;"A";32.52;"A";15.68;"A";10.04;"A"
"2025-04-16 08:30";13.53;"A";56.15;"A";1020.01;"A";181;"A";39;"A";0;"A";18;"A";21;"A";43.9;"A";21.17;"A";13.35;"A"
"2025-04-16 08:45";14.61;"A";52.5;"A";1020.15;"A";189;"A";41;"A";0;"A";16;"A";25;"A";46.17;"A";21.89;"A";13.77;"A"
"2025-04-16 09:00";15.92;"A";49.15;"A";1020.21;"A";213;"A";43;"A";0;"A";18;"A";25;"A";44.57;"A";24.41;"A";15.68;"A"
"2025-04-16 09:15";17.21;"A";46.07;"A";1020.25;"A";341;"A";45;"A";0;"A";16;"A";29;"A";46.77;"A";27.92;"A";19.15;"A"
"2025-04-16 09:30";18.02;"A";44.85;"A";1020.12;"A";354;"A";47;"A";0;"A";17;"A";30;"A";35.37;"A";21.62;"A";15.03;"A"
"2025-04-16 09:45";19;"A";43.06;"A";1020.13;"A";648;"A";47;"A";0;"A";14;"A";33;"A";31.52;"A";21.31;"A";14.81;"A"
"2025-04-16 10:00";19.16;"A";43.85;"A";1020.16;"A";720;"A";49;"A";0;"A";14;"A";35;"A";23.62;"A";16.3;"A";12.5;"A"
"2025-04-16 10:15";19.59;"A";44.08;"A";1020.06;"A";408;"A";47;"A";0;"A";11;"A";36;"A";17.55;"A";12.5;"A";9.19;"A"
"2025-04-16 10:30";19.9;"A";43.96;"A";1020.23;"A";541;"A";47;"A";0;"A";9;"A";38;"A";17.23;"A";11.91;"A";9.31;"A"
"2025-04-16 10:45";19.73;"A";44.45;"A";1020.27;"A";377;"A";46;"A";0;"A";8;"A";38;"A";15.02;"A";9.59;"A";7.04;"A"
"2025-04-16 11:00";19.89;"A";43.68;"A";1020.2;"A";428;"A";47;"A";0;"A";7;"A";40;"A";11.72;"A";8.24;"A";6.09;"A"
"2025-04-16 11:15";19.97;"A";43.12;"A";1020.35;"A";455;"A";47;"A";0;"A";7;"A";40;"A";20.77;"A";15.59;"A";12;"A"
"2025-04-16 11:30";19.93;"A";43.11;"A";1020.34;"A";332;"A";48;"A";0;"A";6;"A";41;"A";13.59;"A";8.41;"A";5.76;"A"
"2025-04-16 11:45";20.13;"A";43.67;"A";1020.25;"A";462;"A";48;"A";0;"A";8;"A";40;"A";14.26;"A";8.46;"A";6.27;"A"
"2025-04-16 12:00";20.55;"A";41.47;"A";1020.29;"A";412;"A";48;"A";0;"A";7;"A";41;"A";14.12;"A";8.38;"A";6.03;"A"
"2025-04-16 12:15";20.55;"A";41.39;"A";1020.19;"A";322;"A";50;"A";0;"A";8;"A";42;"A";12.36;"A";7.94;"A";5.56;"A"
"2025-04-16 12:30";20.61;"A";41.24;"A";1020.22;"A";323;"A";50;"A";0;"A";9;"A";41;"A";16.58;"A";10.7;"A";8.03;"A"
"2025-04-16 12:45";20.68;"A";41.02;"A";1020.14;"A";208;"A";50;"A";0;"A";8;"A";42;"A";13.22;"A";7.53;"A";5.6;"A"
"2025-04-16 13:00";21.39;"A";39.12;"A";1019.96;"A";202;"A";48;"A";0;"A";7;"A";42;"A";11.46;"A";7.02;"A";5.35;"A"
"2025-04-16 13:15";21.55;"A";38.18;"A";1019.83;"A";453;"A";50;"A";0;"A";7;"A";43;"A";13.53;"A";8.97;"A";6.2;"A"
"2025-04-16 13:30";21.72;"A";37.82;"A";1019.79;"A";366;"A";51;"A";0;"A";8;"A";43;"A";13.26;"A";7.92;"A";5.72;"A"
"2025-04-16 13:45";22.03;"A";37.07;"A";1019.64;"A";219;"A";49;"A";0;"A";7;"A";42;"A";11.69;"A";6.66;"A";4.77;"A"
"2025-04-16 14:00";22.06;"A";36.46;"A";1019.52;"A";279;"A";49;"A";0;"A";7;"A";42;"A";14.74;"A";8.97;"A";6.4;"A"
"2025-04-16 14:15";22.12;"A";37.13;"A";1019.49;"A";356;"A";51;"A";0;"A";8;"A";43;"A";15.16;"A";8.97;"A";6.62;"A"
"2025-04-16 14:30";21.97;"A";37.36;"A";1019.34;"A";193;"A";50;"A";0;"A";7;"A";43;"A";11.98;"A";6.79;"A";4.94;"A"
"2025-04-16 14:45";21.94;"A";38.24;"A";1019.33;"A";258;"A";50;"A";0;"A";8;"A";42;"A";12.64;"A";7.75;"A";5.71;"A"
"2025-04-16 15:00";21.93;"A";37.36;"A";1019.2;"A";199;"A";49;"A";0;"A";7;"A";42;"A";13.6;"A";8.67;"A";6.39;"A"
"2025-04-16 15:15";21.83;"A";37.83;"A";1019.18;"A";355;"A";50;"A";0;"A";7;"A";43;"A";17.05;"A";11.8;"A";8.98;"A"
"2025-04-16 15:30";21.84;"A";38.51;"A";1019.09;"A";381;"A";50;"A";0;"A";7;"A";42;"A";13;"A";7.81;"A";5.68;"A"
"2025-04-16 15:45";21.59;"A";38.78;"A";1019.13;"A";333;"A";49;"A";0;"A";7;"A";42;"A";12.57;"A";7.38;"A";5.15;"A"
"2025-04-16 16:00";21.59;"A";39.18;"A";1019.12;"A";290;"A";49;"A";0;"A";8;"A";41;"A";14.63;"A";9.49;"A";6.74;"A"
"2025-04-16 16:15";21.62;"A";39.27;"A";1019.04;"A";344;"A";49;"A";0;"A";9;"A";40;"A";17.9;"A";11.72;"A";8.61;"A"
"2025-04-16 16:30";21.68;"A";39.69;"A";1019.17;"A";489;"A";49;"A";0;"A";8;"A";40;"A";24.37;"A";15.29;"A";11.31;"A"
"2025-04-16 16:45";21.78;"A";39.27;"A";1019.12;"A";289;"A";48;"A";0;"A";8;"A";40;"A";13.96;"A";8.12;"A";5.6;"A"
"2025-04-16 17:00";21.72;"A";39.21;"A";1019;"A";167;"A";48;"A";0;"A";8;"A";40;"A";10.91;"A";6.82;"A";4.76;"A"
"2025-04-16 17:15";21.66;"A";39.38;"A";1019.01;"A";495;"A";49;"A";0;"A";8;"A";40;"A";15.06;"A";8.47;"A";6.16;"A"
"2025-04-16 17:30";21.52;"A";39.61;"A";1018.92;"A";246;"A";49;"A";0;"A";7;"A";42;"A";12.58;"A";7.19;"A";5.44;"A"
"2025-04-16 17:45";21.44;"A";39.84;"A";1018.91;"A";270;"A";48;"A";0;"A";8;"A";40;"A";12.86;"A";6.67;"A";5.02;"A"
"2025-04-16 18:00";21.25;"A";39.83;"A";1018.82;"A";248;"A";48;"A";0;"A";8;"A";40;"A";13.61;"A";7.92;"A";5.5;"A"
"2025-04-16 18:15";21.12;"A";39.88;"A";1018.77;"A";324;"A";49;"A";0;"A";9;"A";40;"A";15.45;"A";9.79;"A";7.03;"A"
"2025-04-16 18:30";21.05;"A";40.2;"A";1018.69;"A";1018;"A";48;"A";0;"A";9;"A";40;"A";30.17;"A";19.15;"A";14.37;"A"
"2025-04-16 18:45";20.96;"A";40.7;"A";1018.59;"A";919;"A";48;"A";0;"A";10;"A";38;"A";26.18;"A";15.58;"A";11.56;"A"
"2025-04-16 19:00";20.89;"A";40.58;"A";1018.52;"A";433;"A";48;"A";0;"A";8;"A";40;"A";16.97;"A";10.56;"A";7.52;"A"
"2025-04-16 19:15";20.68;"A";41.75;"A";1018.54;"A";291;"A";47;"A";0;"A";7;"A";40;"A";15.79;"A";10.73;"A";7.84;"A"
"2025-04-16 19:30";20.55;"A";42.51;"A";1018.5;"A";236;"A";47;"A";0;"A";8;"A";39;"A";29.22;"A";20.04;"A";15.4;"A"
"2025-04-16 19:45";20.38;"A";42.17;"A";1018.48;"A";256;"A";47;"A";0;"A";8;"A";39;"A";19.04;"A";12.22;"A";9.3;"A"
"2025-04-16 20:00";20.21;"A";42.52;"A";1018.59;"A";200;"A";47;"A";0;"A";8;"A";39;"A";18.04;"A";10.17;"A";7.39;"A"
"2025-04-16 20:15";20.05;"A";43.05;"A";1018.59;"A";252;"A";47;"A";0;"A";9;"A";38;"A";18.96;"A";11.18;"A";7.81;"A"
"2025-04-16 20:30";19.84;"A";43.05;"A";1018.57;"A";1081;"A";46;"A";0;"A";9;"A";37;"A";20.88;"A";13.3;"A";10.04;"A"
"2025-04-16 20:45";19.63;"A";42.92;"A";1018.71;"A";203;"A";46;"A";0;"A";10;"A";36;"A";18.68;"A";10.4;"A";7.3;"A"
"2025-04-16 21:00";19.29;"A";44.4;"A";1018.77;"A";204;"A";44;"A";0;"A";12;"A";32;"A";23.18;"A";13.08;"A";9.55;"A"
"2025-04-16 21:15";19.01;"A";45.21;"A";1018.76;"A";158;"A";43;"A";0;"A";12;"A";31;"A";21.24;"A";12.87;"A";9.54;"A"
"2025-04-16 21:30";18.75;"A";45.47;"A";1018.83;"A";186;"A";43;"A";0;"A";15;"A";28;"A";19.05;"A";11.16;"A";8;"A"
"2025-04-16 21:45";18.59;"A";45.02;"A";1018.73;"A";172;"A";43;"A";0;"A";13;"A";30;"A";16.8;"A";9.48;"A";6.77;"A"
"2025-04-16 22:00";18.44;"A";44.57;"A";1018.69;"A";188;"A";43;"A";0;"A";12;"A";31;"A";21.31;"A";11.5;"A";8.12;"A"
"2025-04-16 22:15";18.2;"A";44.72;"A";1018.69;"A";164;"A";44;"A";0;"A";9;"A";34;"A";37.22;"A";27.86;"A";21.29;"A"
"2025-04-16 22:30";17.87;"A";45.43;"A";1018.72;"A";128;"A";44;"A";0;"A";10;"A";34;"A";19.22;"A";11.72;"A";8.24;"A"
"2025-04-16 22:45";17.56;"A";46.55;"A";1018.97;"A";152;"A";42;"A";0;"A";9;"A";33;"A";19.31;"A";10.49;"A";7.17;"A"
"2025-04-16 23:00";17.3;"A";47.07;"A";1018.97;"A";150;"A";41;"A";0;"A";8;"A";33;"A";17.4;"A";9.43;"A";6.39;"A"
"2025-04-16 23:15";17.15;"A";46.19;"A";1018.96;"A";156;"A";42;"A";0;"A";7;"A";36;"A";16.48;"A";8.98;"A";6.1;"A"
"2025-04-16 23:30";16.93;"A";47.05;"A";1019.01;"A";163;"A";42;"A";0;"A";8;"A";35;"A";19.34;"A";10.13;"A";6.99;"A"
"2025-04-16 23:45";16.73;"A";48.03;"A";1019.2;"A";156;"A";42;"A";0;"A";9;"A";33;"A";19.07;"A";10.12;"A";7.02;"A"
"2025-04-17 00:00";16.67;"A";48.02;"A";1019.27;"A";168;"A";42;"A";0;"A";8;"A";34;"A";24.28;"A";13.9;"A";10.19;"A"
"2025-04-17 00:15";16.65;"A";47.65;"A";1019.33;"A";152;"A";42;"A";0;"A";7;"A";36;"A";22.99;"A";13.52;"A";10.27;"A"
"2025-04-17 00:30";16.6;"A";48.1;"A";1019.31;"A";301;"A";43;"A";0;"A";12;"A";32;"A";25.33;"A";14.46;"A";9.85;"A"
"2025-04-17 00:45";16.65;"A";47.75;"A";1019.26;"A";244;"A";44;"A";0;"A";12;"A";31;"A";16.82;"A";10.77;"A";7.8;"A"
"2025-04-17 01:00";16.6;"A";47.52;"A";1019.27;"A";178;"A";44;"A";0;"A";11;"A";33;"A";15.38;"A";9.04;"A";6.43;"A"
"2025-04-17 01:15";16.38;"A";48.42;"A";1019.18;"A";186;"A";43;"A";0;"A";9;"A";35;"A";16.35;"A";8.72;"A";6.35;"A"
"2025-04-17 01:30";16.28;"A";48.49;"A";1019.3;"A";141;"A";44;"A";0;"A";8;"A";36;"A";16.57;"A";9.44;"A";6.7;"A"
"2025-04-17 01:45";16.13;"A";49.97;"A";1019.33;"A";111;"A";42;"A";0;"A";9;"A";32;"A";16.84;"A";9.47;"A";6.74;"A"
"2025-04-17 02:00";15.81;"A";52.09;"A";1019.23;"A";105;"A";39;"A";0;"A";9;"A";30;"A";16.15;"A";10.04;"A";7.16;"A"
"2025-04-17 02:15";15.59;"A";52.93;"A";1019.22;"A";107;"A";37;"A";0;"A";10;"A";28;"A";15.4;"A";9.93;"A";7.07;"A"
"2025-04-17 02:30";15.42;"A";53.65;"A";1019.27;"A";106;"A";38;"A";0;"A";11;"A";27;"A";15.73;"A";10.01;"A";7.51;"A"
"2025-04-17 02:45";15.31;"A";53.84;"A";1019.32;"A";105;"A";36;"A";0;"A";10;"A";26;"A";14.97;"A";10.56;"A";7.68;"A"
"2025-04-17 03:00";15.24;"A";53.58;"A";1019.17;"A";97;"A";39;"A";0;"A";11;"A";28;"A";17.43;"A";10.82;"A";7.84;"A"
"2025-04-17 03:15";15.37;"A";52.12;"A";1019.25;"A";103;"A";41;"A";0;"A";9;"A";32;"A";15.38;"A";9.65;"A";6.9;"A"
"2025-04-17 03:30";15.06;"A";55.46;"A";1019.38;"A";113;"A";38;"A";0;"A";10;"A";28;"A";16.39;"A";10.27;"A";7.26;"A"
"2025-04-17 03:45";14.84;"A";57.05;"A";1019.28;"A";122;"A";36;"A";0;"A";9;"A";27;"A";15.09;"A";9.6;"A";7.07;"A"
"2025-04-17 04:00";14.77;"A";55.87;"A";1019.36;"A";155;"A";37;"A";0;"A";9;"A";28;"A";18.75;"A";11.23;"A";8.13;"A"
"2025-04-17 04:15";14.59;"A";57.38;"A";1019.28;"A";193;"A";37;"A";0;"A";15;"A";22;"A";30.68;"A";18.54;"A";13.22;"A"
"2025-04-17 04:30";14.44;"A";56.85;"A";1019.17;"A";141;"A";37;"A";0;"A";15;"A";22;"A";34.45;"A";21.48;"A";15.4;"A"
"2025-04-17 04:45";14.32;"A";56.38;"A";1018.96;"A";109;"A";37;"A";0;"A";9;"A";28;"A";25.35;"A";17.41;"A";12.59;"A"
"2025-04-17 05:00";14.05;"A";57.15;"A";1018.89;"A";96;"A";36;"A";0;"A";8;"A";28;"A";15.96;"A";10.57;"A";8.07;"A"
"2025-04-17 05:15";13.74;"A";58.82;"A";1018.82;"A";104;"A";35;"A";0;"A";9;"A";26;"A";17.7;"A";11.84;"A";8.73;"A"
"2025-04-17 05:30";13.59;"A";59.39;"A";1019.07;"A";118;"A";34;"A";0;"A";8;"A";25;"A";20.88;"A";13.92;"A";10.03;"A"
"2025-04-17 05:45";13.55;"A";58.44;"A";1019.11;"A";113;"A";35;"A";0;"A";7;"A";27;"A";23.82;"A";14.67;"A";10.54;"A"
"2025-04-17 06:00";13.52;"A";59.02;"A";1019.1;"A";123;"A";36;"A";0;"A";8;"A";28;"A";21.24;"A";13.79;"A";9.83;"A"
"2025-04-17 06:15";13.49;"A";59.47;"A";1019.28;"A";140;"A";36;"A";0;"A";10;"A";26;"A";20.26;"A";12.34;"A";8.62;"A"
"2025-04-17 06:30";13.51;"A";59.17;"A";1019.36;"A";126;"A";36;"A";0;"A";10;"A";26;"A";21.44;"A";13.29;"A";9.84;"A"
"2025-04-17 06:45";13.47;"A";59.04;"A";1019.42;"A";126;"A";35;"A";0;"A";10;"A";25;"A";36.48;"A";26.79;"A";19.05;"A"
"2025-04-17 07:00";13.51;"A";59.26;"A";1019.37;"A";140;"A";35;"A";0;"A";12;"A";23;"A";38.41;"A";25.59;"A";18.53;"A"
"2025-04-17 07:15";13.61;"A";59.22;"A";1019.34;"A";138;"A";36;"A";0;"A";14;"A";21;"A";30.65;"A";19.5;"A";14.45;"A"
"2025-04-17 07:30";13.7;"A";58.99;"A";1019.35;"A";188;"A";37;"A";0;"A";16;"A";21;"A";27.91;"A";17.14;"A";12.63;"A"
"2025-04-17 07:45";13.78;"A";59.26;"A";1019.42;"A";230;"A";38;"A";0;"A";16;"A";22;"A";29.12;"A";19.5;"A";14.02;"A"
"2025-04-17 08:00";14.05;"A";59.2;"A";1019.59;"A";224;"A";38;"A";0;"A";17;"A";20;"A";33.52;"A";20.63;"A";14.5;"A"
"2025-04-17 08:15";14.79;"A";56.76;"A";1019.67;"A";189;"A";39;"A";0;"A";16;"A";23;"A";68.76;"A";33.86;"A";22.77;"A"
"2025-04-17 08:30";15.52;"A";54.28;"A";1019.67;"A";151;"A";41;"A";0;"A";13;"A";28;"A";63.61;"A";34.04;"A";22.58;"A"
"2025-04-17 08:45";16.05;"A";52.94;"A";1019.82;"A";168;"A";44;"A";0;"A";17;"A";27;"A";31.44;"A";17.45;"A";11.65;"A"
"2025-04-17 09:00";17.54;"A";49;"A";1019.9;"A";187;"A";43;"A";0;"A";14;"A";30;"A";37.37;"A";22.06;"A";15.01;"A"
"2025-04-17 09:15";19.31;"A";44.14;"A";1019.88;"A";487;"A";44;"A";0;"A";12;"A";32;"A";51.45;"A";35.63;"A";25.27;"A"
"2025-04-17 09:30";20.4;"A";41.37;"A";1020.06;"A";936;"A";46;"A";0;"A";11;"A";35;"A";30.37;"A";19.97;"A";14.17;"A"
"2025-04-17 09:45";20.85;"A";41.09;"A";1020.07;"A";600;"A";47;"A";0;"A";12;"A";35;"A";37;"A";23.26;"A";15.94;"A"
"2025-04-17 10:00";21.29;"A";39.14;"A";1020.14;"A";549;"A";48;"A";0;"A";13;"A";35;"A";36.75;"A";21.53;"A";14.74;"A"
"2025-04-17 10:15";21.43;"A";37.62;"A";1019.98;"A";374;"A";48;"A";0;"A";11;"A";37;"A";21.66;"A";11.49;"A";7.61;"A"
"2025-04-17 10:30";21.61;"A";36.05;"A";1019.78;"A";418;"A";50;"A";0;"A";8;"A";42;"A";13.97;"A";7.23;"A";4.66;"A"
"2025-04-17 10:45";21.86;"A";35.06;"A";1019.64;"A";562;"A";49;"A";0;"A";7;"A";42;"A";16.82;"A";8.74;"A";6.13;"A"
"2025-04-17 11:00";21.76;"A";34.84;"A";1019.54;"A";544;"A";50;"A";0;"A";9;"A";41;"A";15.34;"A";7.87;"A";5.27;"A"
"2025-04-17 11:15";21.93;"A";34.72;"A";1019.36;"A";398;"A";48;"A";0;"A";7;"A";41;"A";12.24;"A";6.25;"A";4.46;"A"
"2025-04-17 11:30";21.91;"A";34.56;"A";1019.15;"A";299;"A";49;"A";0;"A";7;"A";42;"A";13.15;"A";8.31;"A";5.81;"A"
"2025-04-17 11:45";21.99;"A";34.78;"A";1019.09;"A";309;"A";49;"A";0;"A";7;"A";42;"A";15.81;"A";8.72;"A";6.02;"A"
"2025-04-17 12:00";21.92;"A";34.67;"A";1019.04;"A";276;"A";50;"A";0;"A";7;"A";43;"A";10.55;"A";6.38;"A";4.36;"A"
"2025-04-17 12:15";21.98;"A";35.14;"A";1018.85;"A";177;"A";50;"A";0;"A";7;"A";43;"A";12.36;"A";5.8;"A";4.12;"A"
"2025-04-17 12:30";22.21;"A";34.84;"A";1018.87;"A";190;"A";49;"A";0;"A";7;"A";42;"A";11.68;"A";7.91;"A";5.45;"A"
"2025-04-17 12:45";22.28;"A";34.4;"A";1018.78;"A";282;"A";50;"A";0;"A";6;"A";44;"A";8.12;"A";5.29;"A";3.77;"A"
"2025-04-17 13:00";22.64;"A";34.03;"A";1018.68;"A";307;"A";50;"A";0;"A";6;"A";44;"A";13.22;"A";6.58;"A";4.43;"A"
"2025-04-17 13:15";22.73;"A";33.13;"A";1018.53;"A";239;"A";50;"A";0;"A";7;"A";43;"A";15.19;"A";7.51;"A";4.92;"A"
"2025-04-17 13:30";23.03;"A";32.18;"A";1018.41;"A";164;"A";51;"A";0;"A";7;"A";43;"A";10.19;"A";5.94;"A";3.75;"A"
"2025-04-17 13:45";23.4;"A";30.97;"A";1018.33;"A";181;"A";51;"A";0;"A";7;"A";44;"A";10.56;"A";6.13;"A";4.24;"A"
"2025-04-17 14:00";23.46;"A";29.98;"A";1018.03;"A";321;"A";52;"A";0;"A";7;"A";45;"A";11;"A";6.32;"A";4.27;"A"
"2025-04-17 14:15";23.7;"A";29.89;"A";1017.84;"A";516;"A";50;"A";0;"A";6;"A";44;"A";11.18;"A";5.46;"A";3.76;"A"
"2025-04-17 14:30";24.04;"A";29.58;"A";1017.44;"A";377;"A";50;"A";0;"A";7;"A";44;"A";11.48;"A";6.34;"A";4.14;"A"
"2025-04-17 14:45";24.35;"A";28.67;"A";1017.21;"A";296;"A";50;"A";0;"A";7;"A";43;"A";11.63;"A";7.16;"A";4.72;"A"
"2025-04-17 15:00";24.94;"A";28.13;"A";1017.18;"A";360;"A";50;"A";0;"A";6;"A";43;"A";13.62;"A";7.33;"A";4.91;"A"
"2025-04-17 15:15";25.16;"A";27.76;"A";1017.11;"A";414;"A";51;"A";0;"A";8;"A";43;"A";12.51;"A";7.61;"A";5.03;"A"
"2025-04-17 15:30";25.02;"A";28.24;"A";1016.83;"A";295;"A";51;"A";0;"A";6;"A";44;"A";10.58;"A";6.05;"A";4.12;"A"
"2025-04-17 15:45";25.11;"A";28.38;"A";1016.78;"A";267;"A";50;"A";0;"A";6;"A";44;"A";10.2;"A";5.25;"A";3.81;"A"
"2025-04-17 16:00";25.06;"A";28.36;"A";1016.48;"A";356;"A";51;"A";0;"A";7;"A";44;"A";14.88;"A";7.53;"A";5.2;"A"
"2025-04-17 16:15";25.28;"A";27.46;"A";1016.22;"A";260;"A";49;"A";0;"A";7;"A";42;"A";10.46;"A";6.43;"A";4.91;"A"
"2025-04-17 16:30";25.33;"A";27.86;"A";1016.18;"A";269;"A";51;"A";0;"A";8;"A";43;"A";10.65;"A";5.9;"A";4.08;"A"
"2025-04-17 16:45";25.29;"A";27.74;"A";1016.14;"A";296;"A";49;"A";0;"A";7;"A";42;"A";10.84;"A";5.88;"A";4.12;"A"
"2025-04-17 17:00";24.91;"A";27.52;"A";1016.18;"A";184;"A";49;"A";0;"A";7;"A";42;"A";10.01;"A";4.78;"A";3.31;"A"
"2025-04-17 17:15";24.63;"A";27.81;"A";1016.13;"A";466;"A";50;"A";0;"A";8;"A";42;"A";13.62;"A";9.07;"A";6.16;"A"
"2025-04-17 17:30";24.43;"A";28.13;"A";1016.05;"A";412;"A";49;"A";0;"A";8;"A";42;"A";10.79;"A";6.51;"A";4.69;"A"
"2025-04-17 17:45";24.06;"A";28.56;"A";1015.92;"A";189;"A";49;"A";0;"A";8;"A";41;"A";9.34;"A";5.17;"A";3.39;"A"
"2025-04-17 18:00";23.52;"A";29.48;"A";1015.78;"A";213;"A";49;"A";0;"A";8;"A";41;"A";11.17;"A";6.31;"A";4.16;"A"
"2025-04-17 18:15";23.12;"A";31.04;"A";1015.81;"A";549;"A";49;"A";0;"A";8;"A";41;"A";14.16;"A";8.42;"A";5.8;"A"
"2025-04-17 18:30";22.72;"A";31.45;"A";1015.82;"A";223;"A";48;"A";0;"A";8;"A";40;"A";11.12;"A";5.96;"A";4.07;"A"
"2025-04-17 18:45";22.22;"A";32.24;"A";1015.75;"A";238;"A";48;"A";0;"A";8;"A";40;"A";9.16;"A";5.74;"A";3.94;"A"
"2025-04-17 19:00";21.83;"A";32.83;"A";1015.88;"A";300;"A";48;"A";0;"A";9;"A";39;"A";13.67;"A";7.55;"A";4.87;"A"
"2025-04-17 19:15";21.42;"A";33.6;"A";1015.8;"A";185;"A";47;"A";0;"A";8;"A";39;"A";10.08;"A";5.77;"A";3.92;"A"
"2025-04-17 19:30";21.01;"A";34.26;"A";1015.73;"A";169;"A";47;"A";0;"A";8;"A";38;"A";10.65;"A";6.29;"A";4.05;"A"
"2025-04-17 19:45";20.67;"A";35.01;"A";1015.71;"A";167;"A";46;"A";0;"A";9;"A";37;"A";13.61;"A";6.78;"A";4.54;"A"
"2025-04-17 20:00";20.27;"A";35.77;"A";1015.75;"A";169;"A";45;"A";0;"A";8;"A";38;"A";12.45;"A";6.6;"A";4.59;"A"
"2025-04-17 20:15";19.89;"A";36.64;"A";1015.95;"A";177;"A";45;"A";0;"A";11;"A";34;"A";14.58;"A";7.61;"A";5.16;"A"
"2025-04-17 20:30";19.54;"A";37.56;"A";1016.05;"A";149;"A";44;"A";0;"A";11;"A";33;"A";18.8;"A";8.94;"A";5.85;"A"
"2025-04-17 20:45";19.25;"A";38.48;"A";1016.22;"A";138;"A";44;"A";0;"A";9;"A";34;"A";23.45;"A";15.25;"A";10.93;"A"
"2025-04-17 21:00";18.89;"A";39.63;"A";1016.19;"A";133;"A";43;"A";0;"A";10;"A";33;"A";22.32;"A";12.1;"A";8.5;"A"
"2025-04-17 21:15";18.58;"A";40.57;"A";1016.21;"A";126;"A";43;"A";0;"A";10;"A";33;"A";21;"A";11.02;"A";7.18;"A"
"2025-04-17 21:30";18.28;"A";41.57;"A";1016.14;"A";94;"A";43;"A";0;"A";9;"A";34;"A";16.33;"A";8.4;"A";5.74;"A"
"2025-04-17 21:45";17.97;"A";42.8;"A";1016.11;"A";88;"A";43;"A";0;"A";9;"A";33;"A";15.08;"A";8.09;"A";5.11;"A"
"2025-04-17 22:00";17.62;"A";44.08;"A";1016.03;"A";110;"A";41;"A";0;"A";13;"A";29;"A";14.59;"A";7.94;"A";5.6;"A"
"2025-04-17 22:15";17.37;"A";43.66;"A";1015.9;"A";79;"A";42;"A";0;"A";10;"A";32;"A";14.01;"A";8.08;"A";5.55;"A"
"2025-04-17 22:30";17.1;"A";43.25;"A";1015.82;"A";73;"A";43;"A";0;"A";9;"A";34;"A";15.29;"A";10.51;"A";7.61;"A"
"2025-04-17 22:45";16.87;"A";43.19;"A";1015.64;"A";99;"A";44;"A";0;"A";9;"A";35;"A";11.93;"A";7.25;"A";5.45;"A"
"2025-04-17 23:00";16.71;"A";43.08;"A";1015.57;"A";110;"A";45;"A";0;"A";11;"A";34;"A";14.25;"A";8.09;"A";5.73;"A"
"2025-04-17 23:15";16.49;"A";43.53;"A";1015.68;"A";119;"A";45;"A";0;"A";11;"A";34;"A";18.17;"A";9.27;"A";6.36;"A"
"2025-04-17 23:30";16.34;"A";43.96;"A";1015.85;"A";86;"A";45;"A";0;"A";9;"A";36;"A";14.99;"A";9.1;"A";5.94;"A"
"2025-04-17 23:45";16.09;"A";45.07;"A";1015.86;"A";95;"A";44;"A";0;"A";8;"A";37;"A";13.22;"A";7.89;"A";5.49;"A"
"2025-04-18 00:00";15.86;"A";45.94;"A";1015.78;"A";122;"A";43;"A";0;"A";9;"A";34;"A";13.12;"A";7.95;"A";6.05;"A"
"2025-04-18 00:15";15.24;"A";49.45;"A";1015.78;"A";90;"A";39;"A";0;"A";11;"A";29;"A";12.99;"A";8.47;"A";6.16;"A"
"2025-04-18 00:30";14.58;"A";51.9;"A";1015.7;"A";90;"A";37;"A";0;"A";10;"A";27;"A";11.41;"A";7.85;"A";5.96;"A"
"2025-04-18 00:45";14.07;"A";53.3;"A";1015.54;"A";108;"A";36;"A";0;"A";14;"A";22;"A";14.64;"A";9.32;"A";6.79;"A"
"2025-04-18 01:00";13.58;"A";54.97;"A";1015.52;"A";93;"A";35;"A";0;"A";10;"A";25;"A";13.61;"A";8.83;"A";6.28;"A"
"2025-04-18 01:15";13.27;"A";55.53;"A";1015.42;"A";82;"A";34;"A";0;"A";9;"A";25;"A";14.73;"A";8.88;"A";6.45;"A"
"2025-04-18 01:30";12.82;"A";57.76;"A";1015.4;"A";90;"A";33;"A";0;"A";10;"A";24;"A";15.04;"A";9.66;"A";7.02;"A"
"2025-04-18 01:45";12.58;"A";58.94;"A";1015.39;"A";113;"A";32;"A";0;"A";9;"A";24;"A";15.85;"A";9.87;"A";6.71;"A"
"2025-04-18 02:00";12.25;"A";59.65;"A";1015.25;"A";102;"A";32;"A";0;"A";9;"A";23;"A";14.39;"A";9.5;"A";7.04;"A"
"2025-04-18 02:15";12.05;"A";60.82;"A";1015.24;"A";113;"A";32;"A";0;"A";9;"A";22;"A";17.86;"A";10.76;"A";7.61;"A"
"2025-04-18 02:30";11.8;"A";62.37;"A";1015.14;"A";137;"A";30;"A";0;"A";12;"A";19;"A";19.3;"A";10.85;"A";7.87;"A"
"2025-04-18 02:45";11.59;"A";63.34;"A";1015.08;"A";189;"A";30;"A";0;"A";15;"A";16;"A";22.49;"A";12.83;"A";9.41;"A"
"2025-04-18 03:00";11.46;"A";64.27;"A";1015.14;"A";255;"A";29;"A";0;"A";13;"A";16;"A";26.83;"A";16.51;"A";11.83;"A"
"2025-04-18 03:15";11.18;"A";65.6;"A";1014.9;"A";302;"A";28;"A";0;"A";12;"A";15;"A";31.19;"A";19.09;"A";13.8;"A"
"2025-04-18 03:30";11.02;"A";66.28;"A";1014.9;"A";385;"A";27;"A";0;"A";13;"A";14;"A";35.64;"A";23.6;"A";16.53;"A"
"2025-04-18 03:45";10.94;"A";66.79;"A";1014.71;"A";464;"A";26;"A";0;"A";13;"A";13;"A";41.48;"A";27.06;"A";19.04;"A"
"2025-04-18 04:00";10.81;"A";67.14;"A";1014.74;"A";421;"A";27;"A";0;"A";15;"A";12;"A";40.19;"A";26.58;"A";19.02;"A"
"2025-04-18 04:15";10.78;"A";67.19;"A";1014.69;"A";352;"A";28;"A";0;"A";15;"A";13;"A";41.8;"A";26.73;"A";19.12;"A"
"2025-04-18 04:30";10.71;"A";67;"A";1014.61;"A";299;"A";27;"A";0;"A";13;"A";14;"A";36.57;"A";24.66;"A";17.67;"A"
"2025-04-18 04:45";10.49;"A";67.81;"A";1014.6;"A";229;"A";28;"A";0;"A";12;"A";17;"A";30.62;"A";21.16;"A";15.14;"A"
"2025-04-18 05:00";10.35;"A";68.49;"A";1014.48;"A";226;"A";25;"A";0;"A";12;"A";14;"A";31.32;"A";20.9;"A";15.46;"A"
"2025-04-18 05:15";10.16;"A";69.36;"A";1014.45;"A";200;"A";26;"A";0;"A";13;"A";14;"A";28.54;"A";19.21;"A";13.95;"A"
"2025-04-18 05:30";9.97;"A";69.11;"A";1014.47;"A";179;"A";28;"A";0;"A";13;"A";15;"A";24.11;"A";17.2;"A";12.49;"A"
"2025-04-18 05:45";9.7;"A";70.14;"A";1014.37;"A";170;"A";28;"A";0;"A";15;"A";13;"A";26.27;"A";17.18;"A";12.49;"A"
"2025-04-18 06:00";9.49;"A";71.34;"A";1014.32;"A";180;"A";27;"A";0;"A";19;"A";8;"A";24.87;"A";17.97;"A";13.05;"A"
"2025-04-18 06:15";9.56;"A";71.06;"A";1014.46;"A";166;"A";28;"A";0;"A";19;"A";8;"A";25.1;"A";16.7;"A";12.28;"A"
"2025-04-18 06:30";9.65;"A";71.89;"A";1014.57;"A";243;"A";27;"A";0;"A";18;"A";9;"A";28.52;"A";18.09;"A";12.54;"A"
"2025-04-18 06:45";9.82;"A";72.43;"A";1014.6;"A";278;"A";25;"A";0;"A";20;"A";5;"A";34.91;"A";21.05;"A";14.94;"A"
"2025-04-18 07:00";10.57;"A";69.18;"A";1014.65;"A";271;"A";26;"A";0;"A";21;"A";5;"A";32.24;"A";19.91;"A";14.38;"A"
"2025-04-18 07:15";11.6;"A";64.59;"A";1014.5;"A";251;"A";29;"A";0;"A";22;"A";6;"A";27.69;"A";19.09;"A";13.69;"A"
"2025-04-18 07:30";12.43;"A";58.77;"A";1014.72;"A";321;"A";48;"A";0;"A";38;"A";11;"A";28.94;"A";19.75;"A";14.82;"A"
"2025-04-18 07:45";13.05;"A";56.65;"A";1014.51;"A";249;"A";42;"A";0;"A";25;"A";18;"A";31.56;"A";20.35;"A";14.39;"A"
"2025-04-18 08:00";13.86;"A";53.24;"A";1014.55;"A";208;"A";41;"A";0;"A";18;"A";23;"A";27.27;"A";16;"A";11.32;"A"
"2025-04-18 08:15";14.68;"A";51.12;"A";1014.59;"A";227;"A";44;"A";0;"A";18;"A";26;"A";22.53;"A";13.39;"A";9.75;"A"
"2025-04-18 08:30";15.53;"A";49.43;"A";1014.35;"A";199;"A";45;"A";0;"A";14;"A";31;"A";18.85;"A";11.38;"A";8.17;"A"
"2025-04-18 08:45";16.56;"A";46.55;"A";1014.12;"A";151;"A";46;"A";0;"A";11;"A";34;"A";16.19;"A";9.86;"A";7.04;"A"
"2025-04-18 09:00";18.48;"A";41.28;"A";1014.23;"A";134;"A";48;"A";0;"A";10;"A";38;"A";17.02;"A";9.47;"A";6.5;"A"
"2025-04-18 09:15";20.07;"A";38.11;"A";1014.16;"A";131;"A";49;"A";0;"A";10;"A";39;"A";23.46;"A";12.12;"A";8.07;"A"
"2025-04-18 09:30";20.94;"A";36.15;"A";1014.16;"A";138;"A";52;"A";0;"A";10;"A";42;"A";19.68;"A";10.52;"A";7.22;"A"
"2025-04-18 09:45";21.35;"A";35.52;"A";1014.11;"A";174;"A";53;"A";0;"A";9;"A";44;"A";20.43;"A";10.6;"A";7.1;"A"
"2025-04-18 10:00";21.78;"A";35.06;"A";1013.97;"A";395;"A";53;"A";0;"A";10;"A";43;"A";16.56;"A";10.25;"A";7.22;"A"
"2025-04-18 10:15";22.36;"A";34.98;"A";1013.81;"A";243;"A";51;"A";0;"A";8;"A";43;"A";14.54;"A";8.4;"A";6.07;"A"
"2025-04-18 10:30";22.7;"A";33.37;"A";1013.55;"A";181;"A";54;"A";0;"A";8;"A";46;"A";13.78;"A";7.73;"A";5.57;"A"
"2025-04-18 10:45";22.86;"A";33.03;"A";1013.48;"A";170;"A";55;"A";0;"A";7;"A";48;"A";12.76;"A";7.07;"A";4.98;"A"
"2025-04-18 11:00";22.81;"A";33.84;"A";1013.4;"A";171;"A";53;"A";0;"A";7;"A";45;"A";12.17;"A";7.48;"A";5.59;"A"
"2025-04-18 11:15";22.77;"A";33.73;"A";1013.19;"A";179;"A";54;"A";0;"A";8;"A";47;"A";13.98;"A";8.47;"A";6.02;"A"
"2025-04-18 11:30";23;"A";34.04;"A";1013.15;"A";194;"A";54;"A";0;"A";9;"A";45;"A";16.34;"A";9.94;"A";6.64;"A"
"2025-04-18 11:45";23.07;"A";33.34;"A";1013.08;"A";179;"A";54;"A";0;"A";8;"A";46;"A";13.99;"A";8.01;"A";5.75;"A"
"2025-04-18 12:00";23.17;"A";33.03;"A";1012.9;"A";144;"A";56;"A";0;"A";7;"A";49;"A";12.69;"A";8.29;"A";6.09;"A"
"2025-04-18 12:15";23.21;"A";32.66;"A";1012.86;"A";138;"A";55;"A";0;"A";7;"A";48;"A";10.69;"A";6.92;"A";5.07;"A"
"2025-04-18 12:30";23.22;"A";32.65;"A";1012.62;"A";127;"A";55;"A";0;"A";7;"A";48;"A";12.19;"A";7.2;"A";5.02;"A"
"2025-04-18 12:45";23.36;"A";31.56;"A";1012.43;"A";129;"A";55;"A";0;"A";7;"A";48;"A";12.02;"A";7.18;"A";5.03;"A"
"2025-04-18 13:00";23.48;"A";31.05;"A";1012.27;"A";125;"A";55;"A";0;"A";7;"A";48;"A";10.37;"A";6.79;"A";4.94;"A"
"2025-04-18 13:15";23.76;"A";30.01;"A";1012.09;"A";124;"A";54;"A";0;"A";7;"A";46;"A";11.25;"A";6.91;"A";4.95;"A"
"2025-04-18 13:30";24.1;"A";29.98;"A";1012.02;"A";139;"A";53;"A";0;"A";8;"A";46;"A";12.38;"A";6.74;"A";4.86;"A"
"2025-04-18 13:45";24.21;"A";29.24;"A";1011.99;"A";127;"A";53;"A";0;"A";7;"A";46;"A";11.26;"A";7.04;"A";4.91;"A"
"2025-04-18 14:00";24.52;"A";28.84;"A";1011.78;"A";122;"A";54;"A";0;"A";7;"A";46;"A";13.54;"A";6.93;"A";4.94;"A"
"2025-04-18 14:15";24.83;"A";28.08;"A";1011.67;"A";125;"A";53;"A";0;"A";7;"A";46;"A";11.47;"A";6.8;"A";4.94;"A"
"2025-04-18 14:30";25;"A";27.41;"A";1011.59;"A";119;"A";52;"A";0;"A";6;"A";46;"A";10.55;"A";6.06;"A";4.31;"A"
"2025-04-18 14:45";25.25;"A";27.46;"A";1011.24;"A";126;"A";52;"A";0;"A";8;"A";44;"A";11.67;"A";6.63;"A";4.38;"A"
"2025-04-18 15:00";25.54;"A";27.67;"A";1011.05;"A";145;"A";50;"A";0;"A";7;"A";44;"A";12.34;"A";8.02;"A";5.73;"A"
"2025-04-18 15:15";25.84;"A";26.75;"A";1010.81;"A";131;"A";51;"A";0;"A";7;"A";44;"A";11.29;"A";6.38;"A";4.43;"A"
"2025-04-18 15:30";26.05;"A";27.16;"A";1010.64;"A";117;"A";51;"A";0;"A";6;"A";44;"A";8.4;"A";5.31;"A";3.92;"A"
"2025-04-18 15:45";26.33;"A";26.03;"A";1010.49;"A";122;"A";50;"A";0;"A";7;"A";44;"A";9.5;"A";5.7;"A";3.95;"A"
"2025-04-18 16:00";26.2;"A";25.89;"A";1010.17;"A";120;"A";51;"A";0;"A";6;"A";45;"A";9.37;"A";5.55;"A";4.09;"A"
"2025-04-18 16:15";26.24;"A";25.78;"A";1010.14;"A";123;"A";51;"A";0;"A";7;"A";44;"A";10.27;"A";5.25;"A";3.78;"A"
"2025-04-18 16:30";26.18;"A";26.25;"A";1009.91;"A";120;"A";50;"A";0;"A";6;"A";44;"A";9.75;"A";6.08;"A";3.84;"A"
"2025-04-18 16:45";26.27;"A";25.51;"A";1009.85;"A";108;"A";50;"A";0;"A";6;"A";44;"A";8.01;"A";4.72;"A";3.33;"A"
"2025-04-18 17:00";26;"A";26.03;"A";1009.74;"A";116;"A";50;"A";0;"A";7;"A";43;"A";9.45;"A";5.07;"A";3.46;"A"
"2025-04-18 17:15";25.65;"A";26.57;"A";1009.57;"A";130;"A";50;"A";0;"A";6;"A";43;"A";10.32;"A";6;"A";4.21;"A"
"2025-04-18 17:30";25.53;"A";26.78;"A";1009.51;"A";115;"A";49;"A";0;"A";7;"A";42;"A";10.01;"A";5.98;"A";4.12;"A"
"2025-04-18 17:45";24.94;"A";28.31;"A";1009.28;"A";112;"A";50;"A";0;"A";7;"A";42;"A";10.81;"A";6.82;"A";4.5;"A"
"2025-04-18 18:00";24.58;"A";27.97;"A";1009.36;"A";118;"A";50;"A";0;"A";8;"A";41;"A";12.11;"A";7.13;"A";5.14;"A"
"2025-04-18 18:15";24.18;"A";28.53;"A";1009.35;"A";119;"A";50;"A";0;"A";9;"A";41;"A";12.71;"A";6.92;"A";5;"A"
"2025-04-18 18:30";23.83;"A";29.37;"A";1009.32;"A";121;"A";49;"A";0;"A";10;"A";39;"A";12.28;"A";6.51;"A";4.67;"A"
"2025-04-18 18:45";23.51;"A";29.5;"A";1009.19;"A";116;"A";48;"A";0;"A";8;"A";40;"A";12.38;"A";7.4;"A";5.05;"A"
"2025-04-18 19:00";23.16;"A";29.28;"A";1009.1;"A";90;"A";48;"A";0;"A";6;"A";41;"A";12.4;"A";6.3;"A";4.43;"A"
"2025-04-18 19:15";22.78;"A";29.23;"A";1009.1;"A";95;"A";47;"A";0;"A";7;"A";41;"A";13.59;"A";7.8;"A";5.34;"A"
"2025-04-18 19:30";22.37;"A";29.75;"A";1008.97;"A";235;"A";47;"A";0;"A";8;"A";38;"A";16.35;"A";9.23;"A";6.32;"A"
"2025-04-18 19:45";21.96;"A";31.05;"A";1009.03;"A";251;"A";45;"A";0;"A";9;"A";36;"A";17.77;"A";11.32;"A";7.84;"A"
"2025-04-18 20:00";21.47;"A";31.66;"A";1009.03;"A";246;"A";44;"A";0;"A";12;"A";32;"A";43.58;"A";28.53;"A";21.23;"A"
"2025-04-18 20:15";21.1;"A";31.15;"A";1009.01;"A";156;"A";44;"A";0;"A";12;"A";32;"A";33.66;"A";20.74;"A";14.63;"A"
"2025-04-18 20:30";20.4;"A";33.63;"A";1009.12;"A";172;"A";43;"A";0;"A";13;"A";30;"A";38.35;"A";23.49;"A";16.74;"A"
"2025-04-18 20:45";19.8;"A";35.19;"A";1009.17;"A";179;"A";41;"A";0;"A";13;"A";27;"A";38.83;"A";21.9;"A";15.03;"A"
"2025-04-18 21:00";19.16;"A";36.96;"A";1009.22;"A";187;"A";39;"A";0;"A";13;"A";26;"A";46.31;"A";28.18;"A";18.99;"A"
"2025-04-18 21:15";18.87;"A";37.53;"A";1009.26;"A";220;"A";36;"A";0;"A";12;"A";25;"A";46.25;"A";26.67;"A";18.46;"A"
"2025-04-18 21:30";18.82;"A";35.86;"A";1009.42;"A";216;"A";43;"A";0;"A";9;"A";34;"A";19.81;"A";11.59;"A";7.67;"A"
"2025-04-18 21:45";18.42;"A";36.77;"A";1009.38;"A";114;"A";42;"A";0;"A";7;"A";35;"A";11.93;"A";6.09;"A";4.07;"A"
"2025-04-18 22:00";17.97;"A";37;"A";1009.22;"A";139;"A";42;"A";0;"A";7;"A";35;"A";10.58;"A";5.56;"A";3.97;"A"
"2025-04-18 22:15";17.56;"A";37.56;"A";1009.26;"A";166;"A";43;"A";0;"A";9;"A";34;"A";11.68;"A";5.91;"A";3.73;"A"
"2025-04-18 22:30";17.31;"A";38.18;"A";1009.3;"A";113;"A";43;"A";0;"A";10;"A";34;"A";9.62;"A";5.53;"A";3.8;"A"
"2025-04-18 22:45";17.04;"A";38.83;"A";1009.21;"A";138;"A";43;"A";0;"A";10;"A";33;"A";11.4;"A";6;"A";4.16;"A"
"2025-04-18 23:00";16.99;"A";38.48;"A";1009.15;"A";109;"A";44;"A";0;"A";9;"A";35;"A";10.7;"A";5.6;"A";3.86;"A"
"2025-04-18 23:15";16.8;"A";38.86;"A";1009.17;"A";109;"A";44;"A";0;"A";8;"A";36;"A";12.49;"A";6.32;"A";4.24;"A"
"2025-04-18 23:30";16.36;"A";41.25;"A";1009.11;"A";132;"A";41;"A";0;"A";10;"A";31;"A";15.07;"A";9.06;"A";6.5;"A"
"2025-04-18 23:45";15.67;"A";43.78;"A";1008.95;"A";148;"A";38;"A";0;"A";10;"A";28;"A";14.71;"A";9.26;"A";6.72;"A"
"2025-04-19 00:00";15.07;"A";45.33;"A";1008.8;"A";152;"A";37;"A";0;"A";11;"A";27;"A";14.96;"A";9.84;"A";7.08;"A"
"2025-04-19 00:15";14.4;"A";48.16;"A";1008.73;"A";164;"A";35;"A";0;"A";11;"A";24;"A";16.06;"A";10.26;"A";7.72;"A"
"2025-04-19 00:30";13.75;"A";50.31;"A";1008.53;"A";188;"A";33;"A";0;"A";12;"A";21;"A";17.56;"A";11.38;"A";7.95;"A"
"2025-04-19 00:45";13.21;"A";52.42;"A";1008.59;"A";285;"A";32;"A";0;"A";14;"A";18;"A";20.1;"A";12.95;"A";9.73;"A"
"2025-04-19 01:00";12.85;"A";53.09;"A";1008.47;"A";412;"A";32;"A";0;"A";13;"A";19;"A";23.25;"A";15.52;"A";11.19;"A"
"2025-04-19 01:15";12.52;"A";54.46;"A";1008.41;"A";660;"A";31;"A";0;"A";14;"A";17;"A";32.46;"A";21.42;"A";15.79;"A"
"2025-04-19 01:30";12.23;"A";55.82;"A";1008.36;"A";800;"A";30;"A";0;"A";16;"A";15;"A";46.31;"A";31.53;"A";23.18;"A"
"2025-04-19 01:45";12.04;"A";56.67;"A";1008.23;"A";599;"A";31;"A";0;"A";19;"A";12;"A";58.47;"A";39.2;"A";27.26;"A"
"2025-04-19 02:00";11.68;"A";58.04;"A";1008.11;"A";468;"A";30;"A";0;"A";17;"A";13;"A";55.63;"A";37.97;"A";25.94;"A"
"2025-04-19 02:15";11.58;"A";58.51;"A";1008.06;"A";314;"A";30;"A";0;"A";19;"A";12;"A";52.73;"A";34.5;"A";23.95;"A"
"2025-04-19 02:30";11.36;"A";60.16;"A";1008;"A";243;"A";28;"A";0;"A";15;"A";12;"A";45.95;"A";29.27;"A";20.96;"A"
"2025-04-19 02:45";11.15;"A";60.98;"A";1008.03;"A";182;"A";28;"A";0;"A";13;"A";15;"A";39.56;"A";24.92;"A";17.35;"A"
"2025-04-19 03:00";10.81;"A";62.94;"A";1007.97;"A";163;"A";27;"A";0;"A";12;"A";15;"A";34.58;"A";21.83;"A";15.39;"A"
"2025-04-19 03:15";10.48;"A";64.58;"A";1007.95;"A";145;"A";26;"A";0;"A";11;"A";15;"A";30.62;"A";20.04;"A";14.28;"A"
"2025-04-19 03:30";10.29;"A";64.85;"A";1008.03;"A";120;"A";26;"A";0;"A";9;"A";17;"A";23.55;"A";14.94;"A";10.86;"A"
"2025-04-19 03:45";10.1;"A";64.96;"A";1008.08;"A";107;"A";25;"A";0;"A";8;"A";17;"A";20.89;"A";13.62;"A";10;"A"
"2025-04-19 04:00";9.95;"A";65.38;"A";1008.02;"A";87;"A";26;"A";0;"A";8;"A";18;"A";18.93;"A";12.5;"A";9.05;"A"
"2025-04-19 04:15";9.91;"A";65.4;"A";1007.96;"A";82;"A";26;"A";0;"A";7;"A";19;"A";18.71;"A";12.04;"A";8.7;"A"
"2025-04-19 04:30";10.14;"A";63.61;"A";1007.75;"A";72;"A";27;"A";0;"A";7;"A";20;"A";17.74;"A";12.09;"A";8.71;"A"
"2025-04-19 04:45";10.59;"A";58.81;"A";1007.74;"A";55;"A";31;"A";0;"A";7;"A";25;"A";15.11;"A";10.31;"A";7.93;"A"
"2025-04-19 05:00";10.92;"A";55.84;"A";1007.65;"A";47;"A";34;"A";0;"A";7;"A";28;"A";13.61;"A";8.83;"A";6.25;"A"
"2025-04-19 05:15";11.27;"A";55.11;"A";1007.55;"A";53;"A";35;"A";0;"A";6;"A";29;"A";13.4;"A";9.25;"A";6.54;"A"
"2025-04-19 05:30";11.4;"A";54.15;"A";1007.48;"A";62;"A";35;"A";0;"A";7;"A";29;"A";15.01;"A";10.09;"A";7.29;"A"
"2025-04-19 05:45";11.48;"A";53.91;"A";1007.55;"A";68;"A";35;"A";0;"A";7;"A";28;"A";14.55;"A";9.77;"A";6.96;"A"
"2025-04-19 06:00";11.23;"A";55.09;"A";1007.54;"A";74;"A";34;"A";0;"A";7;"A";27;"A";15.35;"A";10.38;"A";7.43;"A"
"2025-04-19 06:15";11.22;"A";55.97;"A";1007.56;"A";77;"A";34;"A";0;"A";7;"A";26;"A";19.97;"A";11.34;"A";7.72;"A"
"2025-04-19 06:30";11.33;"A";55.68;"A";1007.56;"A";80;"A";34;"A";0;"A";8;"A";25;"A";15.7;"A";11.02;"A";7.98;"A"
"2025-04-19 06:45";11.54;"A";54.35;"A";1007.61;"A";83;"A";33;"A";0;"A";8;"A";25;"A";19.64;"A";12.59;"A";8.9;"A"
"2025-04-19 07:00";11.92;"A";53.75;"A";1007.63;"A";88;"A";34;"A";0;"A";9;"A";25;"A";19.44;"A";11.59;"A";8.49;"A"
"2025-04-19 07:15";12.75;"A";51.46;"A";1007.77;"A";84;"A";33;"A";0;"A";7;"A";26;"A";16.96;"A";9.7;"A";6.86;"A"
"2025-04-19 07:30";12.91;"A";51.55;"A";1007.72;"A";87;"A";35;"A";0;"A";8;"A";27;"A";16.7;"A";9.85;"A";6.43;"A"
"2025-04-19 07:45";13.21;"A";50.73;"A";1007.58;"A";99;"A";35;"A";0;"A";8;"A";27;"A";17.89;"A";9.77;"A";6.41;"A"
"2025-04-19 08:00";13.63;"A";50.63;"A";1007.43;"A";93;"A";35;"A";0;"A";7;"A";28;"A";17.12;"A";9.84;"A";6.32;"A"
"2025-04-19 08:15";13.94;"A";50.15;"A";1007.37;"A";93;"A";36;"A";0;"A";8;"A";28;"A";15.46;"A";9.1;"A";6.38;"A"
"2025-04-19 08:30";14.59;"A";49.36;"A";1007.48;"A";95;"A";36;"A";0;"A";9;"A";27;"A";17.89;"A";10.29;"A";6.72;"A"
"2025-04-19 08:45";15.42;"A";47.51;"A";1007.54;"A";117;"A";35;"A";0;"A";7;"A";28;"A";16.3;"A";9.58;"A";6.38;"A"
"2025-04-19 09:00";17.18;"A";43.35;"A";1007.6;"A";97;"A";36;"A";0;"A";6;"A";30;"A";16.9;"A";9.22;"A";6.17;"A"
"2025-04-19 09:15";18.68;"A";39.81;"A";1007.75;"A";91;"A";38;"A";0;"A";6;"A";32;"A";13.74;"A";7.79;"A";5.37;"A"
"2025-04-19 09:30";19.41;"A";38.31;"A";1007.69;"A";104;"A";40;"A";0;"A";7;"A";33;"A";12.02;"A";7.09;"A";4.94;"A"
"2025-04-19 09:45";20.27;"A";37.05;"A";1007.48;"A";118;"A";41;"A";0;"A";8;"A";34;"A";14.82;"A";8.05;"A";5.32;"A"
"2025-04-19 10:00";20.48;"A";35.87;"A";1007.52;"A";113;"A";43;"A";0;"A";6;"A";37;"A";12.62;"A";7.34;"A";4.75;"A"
"2025-04-19 10:15";20.93;"A";34.84;"A";1007.6;"A";115;"A";44;"A";0;"A";6;"A";38;"A";12.89;"A";7.06;"A";4.45;"A"
"2025-04-19 10:30";21.47;"A";34.03;"A";1007.53;"A";114;"A";45;"A";0;"A";6;"A";39;"A";13.05;"A";6.63;"A";4.2;"A"
"2025-04-19 10:45";22.05;"A";33.51;"A";1007.41;"A";114;"A";46;"A";0;"A";6;"A";39;"A";11.87;"A";5.37;"A";3.59;"A"
"2025-04-19 11:00";21.89;"A";32.68;"A";1007.37;"A";106;"A";46;"A";0;"A";6;"A";40;"A";10.83;"A";5.06;"A";3.2;"A"
"2025-04-19 11:15";22.09;"A";32.98;"A";1007.25;"A";108;"A";47;"A";0;"A";6;"A";40;"A";9.06;"A";4.86;"A";3.22;"A"
"2025-04-19 11:30";21.94;"A";30.5;"A";1007.09;"A";97;"A";47;"A";0;"A";6;"A";42;"A";10.23;"A";4.46;"A";2.94;"A"
"2025-04-19 11:45";22.1;"A";30.79;"A";1007.01;"A";90;"A";49;"A";0;"A";7;"A";42;"A";9.02;"A";4.48;"A";2.86;"A"
"2025-04-19 12:00";22.37;"A";29.85;"A";1006.92;"A";90;"A";46;"A";0;"A";5;"A";41;"A";10.71;"A";4.73;"A";2.87;"A"
"2025-04-19 12:15";22.22;"A";27.65;"A";1006.78;"A";83;"A";49;"A";0;"A";5;"A";43;"A";9.94;"A";4.94;"A";3.02;"A"
"2025-04-19 12:30";22.56;"A";26.8;"A";1006.71;"A";80;"A";49;"A";0;"A";6;"A";43;"A";10.58;"A";4.96;"A";3.03;"A"
"2025-04-19 12:45";22.85;"A";26.98;"A";1006.67;"A";80;"A";48;"A";0;"A";5;"A";43;"A";10.35;"A";5.08;"A";3.17;"A"
"2025-04-19 13:00";23.5;"A";24.95;"A";1006.52;"A";92;"A";47;"A";0;"A";6;"A";42;"A";13.94;"A";6.1;"A";3.59;"A"
"2025-04-19 13:15";24.08;"A";22.82;"A";1006.35;"A";74;"A";49;"A";0;"A";6;"A";43;"A";12.34;"A";5.64;"A";3.26;"A"
"2025-04-19 13:30";24.24;"A";21.12;"A";1006.21;"A";87;"A";49;"A";0;"A";6;"A";44;"A";13.64;"A";5.99;"A";2.91;"A"
"2025-04-19 13:45";24.7;"A";19.81;"A";1005.98;"A";76;"A";49;"A";0;"A";5;"A";44;"A";11.34;"A";5.09;"A";3.18;"A"
"2025-04-19 14:00";25.02;"A";20.43;"A";1005.86;"A";79;"A";50;"A";0;"A";5;"A";44;"A";13.1;"A";5.26;"A";3.05;"A"
"2025-04-19 14:15";25.41;"A";20.37;"A";1005.95;"A";88;"A";49;"A";0;"A";5;"A";44;"A";12.56;"A";5.34;"A";3.19;"A"
"2025-04-19 14:30";25.41;"A";20.55;"A";1005.8;"A";90;"A";49;"A";0;"A";5;"A";44;"A";10.95;"A";4.85;"A";3.28;"A"
"2025-04-19 14:45";25.89;"A";20.65;"A";1005.61;"A";92;"A";46;"A";0;"A";5;"A";42;"A";11.69;"A";5.17;"A";3.09;"A"
"2025-04-19 15:00";26.4;"A";19.13;"A";1005.53;"A";82;"A";48;"A";0;"A";5;"A";42;"A";9.75;"A";4.53;"A";2.8;"A"
"2025-04-19 15:15";26.92;"A";18.69;"A";1005.3;"A";94;"A";47;"A";0;"A";5;"A";42;"A";9.38;"A";4.5;"A";2.9;"A"
"2025-04-19 15:30";27.3;"A";17.28;"A";1005.17;"A";96;"A";48;"A";0;"A";5;"A";42;"A";9.9;"A";4.8;"A";2.97;"A"
"2025-04-19 15:45";27.27;"A";16.64;"A";1005.05;"A";86;"A";49;"A";0;"A";5;"A";44;"A";9.42;"A";4.14;"A";2.83;"A"
"2025-04-19 16:00";27.51;"A";17.65;"A";1005;"A";102;"A";49;"A";0;"A";5;"A";43;"A";9.77;"A";4.77;"A";2.84;"A"
"2025-04-19 16:15";27.53;"A";19.02;"A";1004.83;"A";100;"A";47;"A";0;"A";5;"A";42;"A";8.95;"A";4.18;"A";2.77;"A"
"2025-04-19 16:30";27.47;"A";17.76;"A";1004.68;"A";88;"A";47;"A";0;"A";5;"A";42;"A";8.18;"A";3.99;"A";2.66;"A"
"2025-04-19 16:45";27.38;"A";18.13;"A";1004.64;"A";94;"A";47;"A";0;"A";5;"A";42;"A";7.94;"A";4.4;"A";2.52;"A"
"2025-04-19 17:00";27.24;"A";18.86;"A";1004.64;"A";93;"A";46;"A";0;"A";4;"A";42;"A";9.29;"A";4;"A";2.55;"A"
"2025-04-19 17:15";26.97;"A";19.38;"A";1004.45;"A";90;"A";46;"A";0;"A";4;"A";42;"A";6.81;"A";3.87;"A";2.26;"A"
"2025-04-19 17:30";26.84;"A";19.11;"A";1004.27;"A";98;"A";47;"A";0;"A";4;"A";42;"A";7.19;"A";3.59;"A";2.45;"A"
"2025-04-19 17:45";26.28;"A";19.74;"A";1004.1;"A";96;"A";48;"A";0;"A";5;"A";43;"A";6.65;"A";3.74;"A";2.4;"A"
"2025-04-19 18:00";25.72;"A";21.19;"A";1004.09;"A";117;"A";48;"A";0;"A";5;"A";43;"A";8.66;"A";4.39;"A";2.84;"A"
"2025-04-19 18:15";25.49;"A";21.07;"A";1003.98;"A";91;"A";49;"A";0;"A";5;"A";44;"A";9.03;"A";4.52;"A";2.79;"A"
"2025-04-19 18:30";25.13;"A";22.33;"A";1003.93;"A";95;"A";48;"A";0;"A";5;"A";43;"A";9.6;"A";4.75;"A";2.87;"A"
"2025-04-19 18:45";24.83;"A";21.93;"A";1003.96;"A";102;"A";48;"A";0;"A";5;"A";43;"A";9.37;"A";4.45;"A";2.6;"A"
"2025-04-19 19:00";24.46;"A";22.71;"A";1003.91;"A";109;"A";49;"A";0;"A";8;"A";42;"A";11.97;"A";6.44;"A";4.47;"A"
"2025-04-19 19:15";23.81;"A";23.06;"A";1003.84;"A";95;"A";49;"A";0;"A";6;"A";43;"A";12.86;"A";6.03;"A";3.81;"A"
"2025-04-19 19:30";23.22;"A";23.6;"A";1003.99;"A";84;"A";49;"A";0;"A";7;"A";41;"A";14.46;"A";6.93;"A";4.07;"A"
"2025-04-19 19:45";22.58;"A";25.07;"A";1004.12;"A";83;"A";47;"A";0;"A";9;"A";38;"A";24.79;"A";10.25;"A";5.53;"A"
"2025-04-19 20:00";21.83;"A";28.13;"A";1004.29;"A";97;"A";45;"A";0;"A";9;"A";35;"A";16.27;"A";7.97;"A";4.98;"A"
"2025-04-19 20:15";21.11;"A";29.89;"A";1004.16;"A";112;"A";41;"A";0;"A";11;"A";30;"A";16.44;"A";8.16;"A";5.83;"A"
"2025-04-19 20:30";20.38;"A";32.16;"A";1004.16;"A";128;"A";39;"A";0;"A";12;"A";27;"A";22.34;"A";10.43;"A";6.82;"A"
"2025-04-19 20:45";19.76;"A";33.13;"A";1004.42;"A";139;"A";38;"A";0;"A";12;"A";27;"A";26.21;"A";13.11;"A";8.33;"A"
"2025-04-19 21:00";18.93;"A";35.82;"A";1004.31;"A";213;"A";37;"A";0;"A";18;"A";19;"A";29.18;"A";14.48;"A";9.34;"A"
"2025-04-19 21:15";18.63;"A";36.78;"A";1004.43;"A";213;"A";34;"A";0;"A";15;"A";19;"A";25.17;"A";13.51;"A";8.74;"A"
"2025-04-19 21:30";18.58;"A";36.93;"A";1004.55;"A";196;"A";34;"A";0;"A";13;"A";21;"A";25.81;"A";12.79;"A";8.52;"A"
"2025-04-19 21:45";18.75;"A";34.59;"A";1004.53;"A";154;"A";37;"A";0;"A";13;"A";25;"A";33.47;"A";17.26;"A";10.87;"A"
"2025-04-19 22:00";18.57;"A";36.4;"A";1004.58;"A";126;"A";39;"A";0;"A";13;"A";26;"A";39.01;"A";18.7;"A";11.9;"A"
"2025-04-19 22:15";18.21;"A";37.31;"A";1004.53;"A";126;"A";38;"A";0;"A";12;"A";26;"A";36.32;"A";18.44;"A";11.96;"A"
"2025-04-19 22:30";17.81;"A";39.43;"A";1004.49;"A";123;"A";35;"A";0;"A";10;"A";25;"A";32.89;"A";17.1;"A";11.12;"A"
"2025-04-19 22:45";17.23;"A";42.18;"A";1004.48;"A";144;"A";33;"A";0;"A";12;"A";21;"A";35.37;"A";16.56;"A";10.9;"A"
"2025-04-19 23:00";16.69;"A";43.46;"A";1004.34;"A";132;"A";34;"A";0;"A";12;"A";21;"A";34.07;"A";15.8;"A";10.08;"A"
"2025-04-19 23:15";16.22;"A";44.62;"A";1004.29;"A";129;"A";33;"A";0;"A";12;"A";21;"A";29.62;"A";14.28;"A";9.34;"A"
"2025-04-19 23:30";15.83;"A";46.26;"A";1004.13;"A";144;"A";32;"A";0;"A";12;"A";20;"A";27.03;"A";12.75;"A";8.67;"A"
"2025-04-19 23:45";15.45;"A";48.2;"A";1004.41;"A";147;"A";31;"A";0;"A";13;"A";19;"A";21.29;"A";11.75;"A";7.7;"A"
"2025-04-20 00:00";15.32;"A";48.86;"A";1004.34;"A";119;"A";30;"A";0;"A";9;"A";21;"A";17.27;"A";10.52;"A";7.04;"A"
"2025-04-20 00:15";15.08;"A";49.23;"A";1004.26;"A";104;"A";31;"A";0;"A";9;"A";22;"A";20.75;"A";10.91;"A";7.67;"A"
"2025-04-20 00:30";14.94;"A";49.69;"A";1004.34;"A";100;"A";30;"A";0;"A";9;"A";21;"A";20.07;"A";10.96;"A";7.25;"A"
"2025-04-20 00:45";14.72;"A";49.15;"A";1004.36;"A";83;"A";33;"A";0;"A";8;"A";25;"A";18.04;"A";10.23;"A";6.79;"A"
"2025-04-20 01:00";14.23;"A";51.05;"A";1004.27;"A";81;"A";30;"A";0;"A";8;"A";22;"A";16.33;"A";9.5;"A";6.6;"A"
"2025-04-20 01:15";13.91;"A";51.86;"A";1004.16;"A";76;"A";28;"A";0;"A";7;"A";21;"A";17.17;"A";9.64;"A";6.59;"A"
"2025-04-20 01:30";13.48;"A";53.08;"A";1004.11;"A";68;"A";28;"A";0;"A";7;"A";21;"A";16.63;"A";8.85;"A";6.2;"A"
"2025-04-20 01:45";13.6;"A";51.85;"A";1004;"A";62;"A";28;"A";0;"A";6;"A";21;"A";15.87;"A";8.53;"A";6.04;"A"
"2025-04-20 02:00";13.63;"A";50.82;"A";1003.93;"A";52;"A";31;"A";0;"A";7;"A";23;"A";16.25;"A";8.9;"A";6.31;"A"
"2025-04-20 02:15";13.38;"A";52.04;"A";1003.81;"A";68;"A";29;"A";0;"A";8;"A";21;"A";16.67;"A";9.71;"A";7.28;"A"
"2025-04-20 02:30";13.16;"A";53.36;"A";1003.74;"A";86;"A";28;"A";0;"A";10;"A";18;"A";17.26;"A";10.62;"A";7.53;"A"
"2025-04-20 02:45";13.03;"A";53.76;"A";1003.73;"A";84;"A";28;"A";0;"A";9;"A";19;"A";17.35;"A";10.48;"A";7.34;"A"
"2025-04-20 03:00";12.43;"A";56.11;"A";1003.61;"A";94;"A";27;"A";0;"A";14;"A";13;"A";19;"A";11.91;"A";8.23;"A"
"2025-04-20 03:15";12;"A";58.39;"A";1003.54;"A";93;"A";25;"A";0;"A";13;"A";12;"A";17.15;"A";11.99;"A";8.36;"A"
"2025-04-20 03:30";11.97;"A";57.99;"A";1003.41;"A";92;"A";24;"A";0;"A";11;"A";13;"A";18.53;"A";12.01;"A";8.7;"A"
"2025-04-20 03:45";11.91;"A";58.25;"A";1003.37;"A";83;"A";26;"A";0;"A";9;"A";16;"A";20.99;"A";13.47;"A";9.32;"A"
"2025-04-20 04:00";12;"A";57.19;"A";1003.35;"A";77;"A";26;"A";0;"A";7;"A";19;"A";19.41;"A";11.88;"A";8.36;"A"
"2025-04-20 04:15";11.91;"A";57.81;"A";1003.29;"A";74;"A";27;"A";0;"A";7;"A";20;"A";17.39;"A";10.99;"A";7.89;"A"
"2025-04-20 04:30";11.61;"A";59.07;"A";1003.21;"A";73;"A";26;"A";0;"A";6;"A";20;"A";17.74;"A";11.14;"A";7.86;"A"
"2025-04-20 04:45";11.57;"A";59.17;"A";1003.07;"A";95;"A";27;"A";0;"A";7;"A";21;"A";31.19;"A";20.75;"A";14.99;"A"
"2025-04-20 05:00";11.56;"A";59.34;"A";1002.82;"A";122;"A";27;"A";0;"A";7;"A";20;"A";53.22;"A";37.3;"A";26.09;"A"
"2025-04-20 05:15";11.59;"A";59.71;"A";1002.85;"A";142;"A";27;"A";0;"A";6;"A";20;"A";73.55;"A";51.03;"A";35.77;"A"
"2025-04-20 05:30";11.6;"A";59.67;"A";1002.79;"A";112;"A";28;"A";0;"A";7;"A";21;"A";55.37;"A";34.9;"A";24.67;"A"
"2025-04-20 05:45";11.6;"A";60.24;"A";1002.84;"A";94;"A";28;"A";0;"A";7;"A";21;"A";36.06;"A";23.82;"A";16.66;"A"
"2025-04-20 06:00";11.61;"A";60.5;"A";1002.97;"A";88;"A";28;"A";0;"A";8;"A";21;"A";31.25;"A";20.97;"A";14.21;"A"
"2025-04-20 06:15";11.63;"A";59.83;"A";1003.16;"A";88;"A";29;"A";0;"A";8;"A";21;"A";30.12;"A";16.52;"A";11.25;"A"
"2025-04-20 06:30";11.66;"A";59.47;"A";1003.26;"A";81;"A";29;"A";0;"A";8;"A";21;"A";29.05;"A";14.34;"A";9.25;"A"
"2025-04-20 06:45";11.97;"A";58.18;"A";1003.44;"A";75;"A";30;"A";0;"A";7;"A";23;"A";20.26;"A";10.6;"A";6.88;"A"
"2025-04-20 07:00";12.46;"A";56.35;"A";1003.65;"A";83;"A";31;"A";0;"A";7;"A";24;"A";24.22;"A";11.8;"A";7.54;"A"
"2025-04-20 07:15";13.59;"A";53.09;"A";1003.74;"A";109;"A";31;"A";0;"A";6;"A";25;"A";24.86;"A";12.7;"A";8.49;"A"
"2025-04-20 07:30";13.98;"A";51.42;"A";1003.8;"A";132;"A";33;"A";0;"A";7;"A";26;"A";26.14;"A";13.99;"A";9.36;"A"
"2025-04-20 07:45";14.43;"A";50.15;"A";1003.78;"A";155;"A";34;"A";0;"A";7;"A";26;"A";28.18;"A";14.39;"A";9.87;"A"
"2025-04-20 08:00";14.8;"A";49.29;"A";1003.72;"A";161;"A";34;"A";0;"A";7;"A";27;"A";27.73;"A";14.6;"A";9.84;"A"
"2025-04-20 08:15";15.16;"A";49.45;"A";1003.73;"A";166;"A";34;"A";0;"A";8;"A";26;"A";30.94;"A";15.63;"A";10.01;"A"
"2025-04-20 08:30";15.77;"A";49.43;"A";1003.66;"A";156;"A";34;"A";0;"A";7;"A";27;"A";28.4;"A";14.66;"A";9.99;"A"
"2025-04-20 08:45";16.46;"A";47.69;"A";1003.79;"A";131;"A";34;"A";0;"A";6;"A";29;"A";31.43;"A";15.39;"A";9.4;"A"
"2025-04-20 09:00";18.14;"A";43.79;"A";1003.59;"A";124;"A";35;"A";0;"A";5;"A";30;"A";32.4;"A";14.45;"A";9.49;"A"
"2025-04-20 09:15";19.74;"A";40.59;"A";1003.65;"A";126;"A";36;"A";0;"A";5;"A";31;"A";32.84;"A";15.14;"A";9.42;"A"
"2025-04-20 09:30";20.74;"A";39.18;"A";1003.54;"A";141;"A";39;"A";0;"A";6;"A";32;"A";35.07;"A";16.13;"A";9.78;"A"
"2025-04-20 09:45";21.48;"A";38.02;"A";1003.7;"A";142;"A";40;"A";0;"A";6;"A";34;"A";36.97;"A";16.39;"A";10;"A"
"2025-04-20 10:00";21.82;"A";37.48;"A";1003.59;"A";151;"A";42;"A";0;"A";6;"A";36;"A";38.98;"A";17.07;"A";10.19;"A"
"2025-04-20 10:15";22.09;"A";36.9;"A";1003.5;"A";137;"A";43;"A";0;"A";5;"A";38;"A";40.82;"A";17.43;"A";10.34;"A"
"2025-04-20 10:30";22.44;"A";35.79;"A";1003.37;"A";144;"A";44;"A";0;"A";6;"A";38;"A";40.59;"A";17.74;"A";10.39;"A"
"2025-04-20 10:45";22.48;"A";35.83;"A";1003.34;"A";155;"A";43;"A";0;"A";5;"A";38;"A";44.29;"A";18.83;"A";10.74;"A"
"2025-04-20 11:00";22.65;"A";34.05;"A";1003.18;"A";141;"A";43;"A";0;"A";5;"A";38;"A";42.99;"A";18.46;"A";11.12;"A"
"2025-04-20 11:15";22.62;"A";33.84;"A";1003.03;"A";125;"A";46;"A";0;"A";5;"A";41;"A";42.83;"A";18.55;"A";10.09;"A"
"2025-04-20 11:30";22.54;"A";32.99;"A";1002.97;"A";148;"A";47;"A";0;"A";6;"A";42;"A";41.19;"A";18.19;"A";11.17;"A"
"2025-04-20 11:45";22.72;"A";31.69;"A";1002.83;"A";107;"A";46;"A";0;"A";5;"A";41;"A";38.3;"A";14.82;"A";9.01;"A"
"2025-04-20 12:00";22.89;"A";32.22;"A";1002.85;"A";103;"A";47;"A";0;"A";5;"A";42;"A";33.16;"A";14.9;"A";9.02;"A"
"2025-04-20 12:15";23.02;"A";31.63;"A";1002.82;"A";98;"A";46;"A";0;"A";5;"A";41;"A";33.11;"A";14.65;"A";8.87;"A"
"2025-04-20 12:30";23.3;"A";31.02;"A";1002.71;"A";88;"A";47;"A";0;"A";5;"A";43;"A";34.73;"A";14.43;"A";8.79;"A"
"2025-04-20 12:45";23.48;"A";30.91;"A";1002.62;"A";88;"A";47;"A";0;"A";5;"A";42;"A";36.58;"A";15.05;"A";8.92;"A"
"2025-04-20 13:00";23.86;"A";30.39;"A";1002.68;"A";91;"A";46;"A";0;"A";5;"A";41;"A";37.68;"A";15.57;"A";9.45;"A"
"2025-04-20 13:15";24.29;"A";30.6;"A";1002.71;"A";90;"A";45;"A";0;"A";5;"A";40;"A";33.59;"A";13.59;"A";8.14;"A"
"2025-04-20 13:30";24.47;"A";29.3;"A";1002.7;"A";82;"A";46;"A";0;"A";4;"A";41;"A";27.86;"A";12.43;"A";7.48;"A"
"2025-04-20 13:45";24.92;"A";27.87;"A";1002.61;"A";79;"A";46;"A";0;"A";5;"A";41;"A";26.74;"A";11.55;"A";6.48;"A"
"2025-04-20 14:00";25.14;"A";26.95;"A";1002.63;"A";93;"A";47;"A";0;"A";5;"A";42;"A";25.85;"A";11.54;"A";7.4;"A"
"2025-04-20 14:15";25.39;"A";28.38;"A";1002.51;"A";98;"A";47;"A";0;"A";5;"A";43;"A";24.32;"A";11.12;"A";6.72;"A"
"2025-04-20 14:30";25.49;"A";27.96;"A";1002.33;"A";95;"A";46;"A";0;"A";4;"A";42;"A";23.76;"A";11.1;"A";6.99;"A"
"2025-04-20 14:45";25.82;"A";27.52;"A";1002.22;"A";94;"A";46;"A";0;"A";4;"A";41;"A";22.77;"A";10.33;"A";6.46;"A"
"2025-04-20 15:00";25.99;"A";27.34;"A";1002.25;"A";90;"A";45;"A";0;"A";4;"A";41;"A";23.79;"A";10.41;"A";6.06;"A"
"2025-04-20 15:15";26.29;"A";27.6;"A";1002.24;"A";97;"A";45;"A";0;"A";5;"A";41;"A";21.84;"A";9.92;"A";6.12;"A"
"2025-04-20 15:30";26.48;"A";28.53;"A";1002.11;"A";104;"A";44;"A";0;"A";4;"A";40;"A";23.69;"A";10.53;"A";6.41;"A"
"2025-04-20 15:45";26.66;"A";28.61;"A";1002.07;"A";98;"A";45;"A";0;"A";4;"A";40;"A";21.66;"A";10.03;"A";6.09;"A"
"2025-04-20 16:00";26.51;"A";28.44;"A";1002.11;"A";99;"A";45;"A";0;"A";4;"A";40;"A";21.07;"A";9.46;"A";5.79;"A"
"2025-04-20 16:15";26.12;"A";29.01;"A";1002.05;"A";95;"A";45;"A";0;"A";4;"A";41;"A";20.3;"A";9.21;"A";5.66;"A"
"2025-04-20 16:30";26.28;"A";28.5;"A";1002.08;"A";95;"A";44;"A";0;"A";4;"A";40;"A";19.61;"A";8.91;"A";5.64;"A"
"2025-04-20 16:45";26.46;"A";27.79;"A";1001.98;"A";111;"A";45;"A";0;"A";4;"A";41;"A";20.56;"A";9.34;"A";5.94;"A"
"2025-04-20 17:00";25.81;"A";29.11;"A";1001.9;"A";138;"A";49;"A";0;"A";5;"A";44;"A";21.34;"A";10.82;"A";6.73;"A"
"2025-04-20 17:15";25.48;"A";29.73;"A";1001.88;"A";169;"A";48;"A";0;"A";4;"A";44;"A";26.22;"A";12.45;"A";7.72;"A"
"2025-04-20 17:30";25.28;"A";30.29;"A";1001.91;"A";165;"A";47;"A";0;"A";5;"A";42;"A";25.76;"A";12.77;"A";7.68;"A"
"2025-04-20 17:45";24.79;"A";31.17;"A";1001.98;"A";144;"A";47;"A";0;"A";5;"A";42;"A";22.77;"A";11.3;"A";7.15;"A"
"2025-04-20 18:00";24.36;"A";30.95;"A";1002.08;"A";135;"A";47;"A";0;"A";7;"A";40;"A";23.82;"A";11.81;"A";7.54;"A"
"2025-04-20 18:15";23.85;"A";31.62;"A";1002.02;"A";109;"A";47;"A";0;"A";6;"A";42;"A";20.41;"A";10.23;"A";6.64;"A"
"2025-04-20 18:30";23.59;"A";32;"A";1001.91;"A";104;"A";47;"A";0;"A";5;"A";41;"A";22.95;"A";10.75;"A";6.59;"A"
"2025-04-20 18:45";23.25;"A";31.23;"A";1001.91;"A";84;"A";46;"A";0;"A";5;"A";41;"A";21.35;"A";9.93;"A";6.47;"A"
"2025-04-20 19:00";22.87;"A";31.8;"A";1002.01;"A";88;"A";46;"A";0;"A";5;"A";41;"A";21.81;"A";10.1;"A";5.97;"A"
"2025-04-20 19:15";22.36;"A";33.98;"A";1001.88;"A";85;"A";45;"A";0;"A";6;"A";38;"A";22.67;"A";10.49;"A";6.39;"A"
"2025-04-20 19:30";22.07;"A";34.74;"A";1002.06;"A";89;"A";42;"A";0;"A";5;"A";36;"A";25.51;"A";11.83;"A";7.49;"A"
"2025-04-20 19:45";21.49;"A";36.42;"A";1002.21;"A";91;"A";41;"A";0;"A";7;"A";35;"A";33.2;"A";13.46;"A";8.46;"A"
"2025-04-20 20:00";20.96;"A";37.21;"A";1002.28;"A";97;"A";40;"A";0;"A";7;"A";33;"A";35.2;"A";16.37;"A";10.06;"A"
"2025-04-20 20:15";20.36;"A";38.76;"A";1002.27;"A";110;"A";38;"A";0;"A";8;"A";30;"A";41.5;"A";19.58;"A";11.86;"A"
"2025-04-20 20:30";19.93;"A";40.48;"A";1002.37;"A";109;"A";38;"A";0;"A";7;"A";30;"A";40.61;"A";18.62;"A";11.65;"A"
"2025-04-20 20:45";19.57;"A";40.79;"A";1002.44;"A";112;"A";37;"A";0;"A";8;"A";29;"A";46.11;"A";20.74;"A";13.22;"A"
"2025-04-20 21:00";19.03;"A";43.08;"A";1002.67;"A";132;"A";36;"A";0;"A";10;"A";26;"A";45.02;"A";20.34;"A";12.63;"A"
"2025-04-20 21:15";18.67;"A";44.19;"A";1002.63;"A";155;"A";34;"A";0;"A";11;"A";24;"A";40.76;"A";18.54;"A";11.71;"A"
"2025-04-20 21:30";18.36;"A";45.45;"A";1002.56;"A";172;"A";34;"A";0;"A";12;"A";22;"A";36.93;"A";17.43;"A";11.13;"A"
"2025-04-20 21:45";17.93;"A";46.84;"A";1002.63;"A";167;"A";34;"A";0;"A";9;"A";24;"A";38.07;"A";17.86;"A";11.61;"A"
"2025-04-20 22:00";17.64;"A";48.49;"A";1002.82;"A";185;"A";33;"A";0;"A";12;"A";21;"A";38.69;"A";19.06;"A";12.19;"A"
"2025-04-20 22:15";17.61;"A";48.36;"A";1003;"A";171;"A";32;"A";0;"A";10;"A";22;"A";45.04;"A";20.08;"A";12.53;"A"
"2025-04-20 22:30";17.84;"A";47.28;"A";1003;"A";184;"A";35;"A";0;"A";10;"A";25;"A";39.27;"A";18.29;"A";11.85;"A"
"2025-04-20 22:45";17.78;"A";48.7;"A";1003.06;"A";154;"A";35;"A";0;"A";11;"A";24;"A";47.5;"A";22.53;"A";14.36;"A"
"2025-04-20 23:00";17.58;"A";50.85;"A";1003.14;"A";159;"A";34;"A";0;"A";12;"A";22;"A";63.41;"A";29.34;"A";17.64;"A"
"2025-04-20 23:15";17.16;"A";53.64;"A";1003.11;"A";302;"A";32;"A";0;"A";12;"A";20;"A";74.24;"A";38.02;"A";24.69;"A"
"2025-04-20 23:30";16.92;"A";54.87;"A";1003.24;"A";341;"A";31;"A";0;"A";12;"A";19;"A";74.64;"A";36.38;"A";23;"A"
"2025-04-20 23:45";16.63;"A";56.55;"A";1003.43;"A";332;"A";30;"A";0;"A";12;"A";18;"A";72.02;"A";35.42;"A";22.58;"A"
"2025-04-21 00:00";16.73;"A";56.23;"A";1003.34;"A";499;"A";31;"A";0;"A";10;"A";21;"A";91.45;"A";42.79;"A";26.97;"A"
"2025-04-21 00:15";16.73;"A";56.82;"A";1003.3;"A";690;"A";32;"A";0;"A";10;"A";22;"A";75.87;"A";39.62;"A";25.33;"A"
"2025-04-21 00:30";16.32;"A";58.72;"A";1003.1;"A";364;"A";30;"A";0;"A";11;"A";20;"A";93.81;"A";54;"A";35.88;"A"
"2025-04-21 00:45";15.85;"A";60.84;"A";1002.95;"A";373;"A";28;"A";0;"A";10;"A";19;"A";87.62;"A";53.27;"A";35.72;"A"
"2025-04-21 01:00";15.31;"A";63.4;"A";1002.91;"A";331;"A";26;"A";0;"A";9;"A";17;"A";83.12;"A";46.38;"A";30.56;"A"
"2025-04-21 01:15";15;"A";64.92;"A";1002.92;"A";354;"A";27;"A";0;"A";12;"A";15;"A";79.31;"A";43.23;"A";28.71;"A"
"2025-04-21 01:30";14.65;"A";66.68;"A";1002.97;"A";291;"A";25;"A";0;"A";9;"A";16;"A";75.84;"A";44.85;"A";29.82;"A"
"2025-04-21 01:45";14.27;"A";68.85;"A";1002.92;"A";289;"A";24;"A";0;"A";7;"A";16;"A";87.31;"A";52.63;"A";34.94;"A"
"2025-04-21 02:00";13.96;"A";70.52;"A";1002.87;"A";318;"A";22;"A";0;"A";6;"A";16;"A";90.1;"A";57.18;"A";38.18;"A"
"2025-04-21 02:15";13.7;"A";71.96;"A";1002.99;"A";386;"A";22;"A";0;"A";7;"A";16;"A";102.98;"A";61.65;"A";41.28;"A"
"2025-04-21 02:30";13.51;"A";73.25;"A";1003.04;"A";481;"A";21;"A";0;"A";8;"A";13;"A";122.15;"A";67.12;"A";44.13;"A"
"2025-04-21 02:45";13.34;"A";73.68;"A";1003.08;"A";459;"A";21;"A";0;"A";8;"A";13;"A";109.37;"A";62.94;"A";40.97;"A"
"2025-04-21 03:00";13.22;"A";74.81;"A";1003.04;"A";544;"A";23;"A";0;"A";8;"A";15;"A";89.82;"A";51.54;"A";34.3;"A"
"2025-04-21 03:15";12.99;"A";75.06;"A";1003.12;"A";482;"A";22;"A";0;"A";7;"A";14;"A";81.6;"A";49.58;"A";33.69;"A"
"2025-04-21 03:30";12.8;"A";75.16;"A";1003.14;"A";374;"A";22;"A";0;"A";7;"A";15;"A";82.97;"A";50.11;"A";33.42;"A"
"2025-04-21 03:45";12.57;"A";75.61;"A";1003.07;"A";336;"A";22;"A";0;"A";8;"A";13;"A";82.36;"A";51.88;"A";35.01;"A"
"2025-04-21 04:00";12.33;"A";76.11;"A";1003.21;"A";321;"A";22;"A";0;"A";11;"A";12;"A";83.99;"A";53.62;"A";37.23;"A"
"2025-04-21 04:15";12.15;"A";76.4;"A";1003.22;"A";321;"A";21;"A";0;"A";11;"A";10;"A";72.09;"A";44.08;"A";30.01;"A"
"2025-04-21 04:30";11.93;"A";76.9;"A";1003.25;"A";270;"A";23;"A";0;"A";14;"A";9;"A";71.2;"A";40.55;"A";26.84;"A"
"2025-04-21 04:45";11.76;"A";77.55;"A";1003.22;"A";247;"A";23;"A";0;"A";14;"A";9;"A";68.64;"A";38.2;"A";25.84;"A"
"2025-04-21 05:00";11.57;"A";77.84;"A";1003.17;"A";228;"A";22;"A";0;"A";13;"A";9;"A";67.59;"A";37.26;"A";24.39;"A"
"2025-04-21 05:15";11.36;"A";78.19;"A";1003.22;"A";165;"A";22;"A";0;"A";13;"A";9;"A";60.95;"A";35.04;"A";23.33;"A"
"2025-04-21 05:30";11.15;"A";78.73;"A";1003.39;"A";144;"A";21;"A";0;"A";14;"A";8;"A";52.76;"A";30.56;"A";23.28;"A"
"2025-04-21 05:45";11.02;"A";79.07;"A";1003.44;"A";150;"A";22;"A";0;"A";14;"A";7;"A";36.85;"A";26.75;"A";25.31;"A"
"2025-04-21 06:00";10.92;"A";78.97;"A";1003.48;"A";155;"A";21;"A";0;"A";14;"A";7;"A";34.85;"A";25.28;"A";23.91;"A"
"2025-04-21 06:15";10.84;"A";78.99;"A";1003.59;"A";157;"A";21;"A";0;"A";14;"A";7;"A";31.74;"A";23.01;"A";21.74;"A"
"2025-04-21 06:30";10.88;"A";79.02;"A";1003.77;"A";191;"A";21;"A";0;"A";15;"A";6;"A";29.64;"A";21.47;"A";20.26;"A"
"2025-04-21 06:45";11.13;"A";78.92;"A";1003.76;"A";208;"A";23;"A";0;"A";17;"A";6;"A";25.86;"A";18.7;"A";17.62;"A"
"2025-04-21 07:00";12.01;"A";76.58;"A";1003.52;"A";190;"A";24;"A";0;"A";17;"A";7;"A";23.42;"A";16.91;"A";15.91;"A"
"2025-04-21 07:15";13.37;"A";73.25;"A";1003.8;"A";176;"A";26;"A";0;"A";13;"A";13;"A";21.65;"A";15.09;"A";13.88;"A"
"2025-04-21 07:30";13.78;"A";72.71;"A";1003.84;"A";126;"A";31;"A";0;"A";11;"A";20;"A";36.68;"A";19.89;"A";12.54;"A"
"2025-04-21 07:45";14.2;"A";72.08;"A";1003.96;"A";112;"A";33;"A";0;"A";8;"A";25;"A";36.41;"A";18.82;"A";11.98;"A"
"2025-04-21 08:00";14.66;"A";71;"A";1003.96;"A";133;"A";33;"A";0;"A";8;"A";25;"A";34.79;"A";18.02;"A";11.87;"A"
"2025-04-21 08:15";15.28;"A";70.12;"A";1004.02;"A";147;"A";35;"A";0;"A";12;"A";24;"A";34.43;"A";17.56;"A";11.51;"A"
"2025-04-21 08:30";15.94;"A";67.88;"A";1003.81;"A";136;"A";33;"A";0;"A";7;"A";26;"A";41.16;"A";22.06;"A";14.67;"A"
"2025-04-21 08:45";16.82;"A";65.11;"A";1003.99;"A";132;"A";36;"A";0;"A";10;"A";26;"A";35.21;"A";17.31;"A";11.27;"A"
"2025-04-21 09:00";18.13;"A";59.94;"A";1003.97;"A";131;"A";39;"A";0;"A";11;"A";28;"A";34.01;"A";16.92;"A";11.04;"A"
"2025-04-21 09:15";19.9;"A";54.16;"A";1003.75;"A";121;"A";38;"A";0;"A";7;"A";30;"A";30.26;"A";13.87;"A";8.89;"A"
"2025-04-21 09:30";21.08;"A";51.38;"A";1003.83;"A";136;"A";39;"A";0;"A";9;"A";30;"A";29.69;"A";14.15;"A";8.8;"A"
"2025-04-21 09:45";21.8;"A";49.43;"A";1003.96;"A";162;"A";41;"A";0;"A";7;"A";33;"A";28.67;"A";13.9;"A";9.19;"A"
"2025-04-21 10:00";22.22;"A";47.04;"A";1003.9;"A";163;"A";44;"A";0;"A";6;"A";38;"A";28.93;"A";14.01;"A";8.8;"A"
"2025-04-21 10:15";22.63;"A";45.43;"A";1003.86;"A";172;"A";45;"A";0;"A";6;"A";39;"A";28.22;"A";13.35;"A";8.4;"A"
"2025-04-21 10:30";22.86;"A";44.41;"A";1003.73;"A";156;"A";46;"A";0;"A";5;"A";40;"A";28.04;"A";12.53;"A";8.17;"A"
"2025-04-21 10:45";23.14;"A";44.03;"A";1003.73;"A";169;"A";45;"A";0;"A";5;"A";40;"A";25.93;"A";13.53;"A";8.82;"A"
"2025-04-21 11:00";23.2;"A";42.73;"A";1003.63;"A";165;"A";46;"A";0;"A";5;"A";40;"A";23.99;"A";12.16;"A";7.91;"A"
"2025-04-21 11:15";23.41;"A";42.12;"A";1003.67;"A";182;"A";47;"A";0;"A";6;"A";41;"A";23.77;"A";13.3;"A";8.84;"A"
"2025-04-21 11:30";23.4;"A";41.26;"A";1003.65;"A";163;"A";47;"A";0;"A";5;"A";42;"A";22.8;"A";11.89;"A";7.65;"A"
"2025-04-21 11:45";23.35;"A";40.83;"A";1003.61;"A";163;"A";47;"A";0;"A";5;"A";42;"A";20.52;"A";11.79;"A";7.88;"A"
"2025-04-21 12:00";23.56;"A";39.47;"A";1003.61;"A";114;"A";47;"A";0;"A";5;"A";42;"A";18.07;"A";8.4;"A";5.46;"A"
"2025-04-21 12:15";23.2;"A";40.07;"A";1003.54;"A";137;"A";46;"A";0;"A";5;"A";41;"A";20.24;"A";9.19;"A";6.11;"A"
"2025-04-21 12:30";23.29;"A";39.94;"A";1003.53;"A";121;"A";46;"A";0;"A";7;"A";40;"A";21.54;"A";10.65;"A";6.96;"A"
"2025-04-21 12:45";23.85;"A";38.42;"A";1003.55;"A";116;"A";46;"A";0;"A";5;"A";41;"A";21.9;"A";10.41;"A";6.21;"A"
"2025-04-21 13:00";23.6;"A";37.65;"A";1003.53;"A";151;"A";47;"A";0;"A";5;"A";42;"A";23.73;"A";11.25;"A";6.68;"A"
"2025-04-21 13:15";23.68;"A";37.81;"A";1003.53;"A";131;"A";46;"A";0;"A";6;"A";41;"A";24.13;"A";11.77;"A";7.14;"A"
"2025-04-21 13:30";23.97;"A";36.09;"A";1003.45;"A";115;"A";46;"A";0;"A";5;"A";41;"A";26.61;"A";12.92;"A";7.53;"A"
"2025-04-21 13:45";24.49;"A";35.75;"A";1003.66;"A";160;"A";47;"A";0;"A";8;"A";39;"A";32.9;"A";15.79;"A";10.45;"A"
"2025-04-21 14:00";24.65;"A";35.49;"A";1003.63;"A";198;"A";47;"A";0;"A";11;"A";36;"A";32.96;"A";15.68;"A";10.1;"A"
"2025-04-21 14:15";24.26;"A";35.51;"A";1003.48;"A";152;"A";46;"A";0;"A";6;"A";41;"A";34.93;"A";18.68;"A";12.1;"A"
"2025-04-21 14:30";24.39;"A";35.68;"A";1003.49;"A";174;"A";47;"A";0;"A";7;"A";40;"A";34.31;"A";15.25;"A";9.25;"A"
"2025-04-21 14:45";25.17;"A";34.05;"A";1003.45;"A";125;"A";44;"A";0;"A";4;"A";40;"A";38.86;"A";17.69;"A";10.42;"A"
"2025-04-21 15:00";24.87;"A";34.64;"A";1003.56;"A";123;"A";46;"A";0;"A";6;"A";40;"A";46.17;"A";19;"A";10.98;"A"
"2025-04-21 15:15";24.55;"A";35;"A";1003.38;"A";136;"A";48;"A";0;"A";8;"A";40;"A";46.29;"A";18.96;"A";11.84;"A"
"2025-04-21 15:30";24.87;"A";34.15;"A";1003.28;"A";114;"A";45;"A";0;"A";5;"A";41;"A";39.67;"A";16.5;"A";10.29;"A"
"2025-04-21 15:45";24.69;"A";35.11;"A";1003.2;"A";110;"A";45;"A";0;"A";6;"A";39;"A";35.83;"A";15.84;"A";9.21;"A"
"2025-04-21 16:00";24.41;"A";35.74;"A";1003.13;"A";112;"A";44;"A";0;"A";5;"A";39;"A";38.43;"A";16.92;"A";10.12;"A"
"2025-04-21 16:15";24.93;"A";34.12;"A";1003.05;"A";100;"A";44;"A";0;"A";5;"A";40;"A";34.14;"A";14.48;"A";8.86;"A"
"2025-04-21 16:30";24.89;"A";34.49;"A";1002.98;"A";183;"A";52;"A";0;"A";20;"A";32;"A";40.99;"A";18.82;"A";12.36;"A"
"2025-04-21 16:45";25.01;"A";34.54;"A";1002.95;"A";153;"A";46;"A";0;"A";8;"A";38;"A";35.58;"A";16.09;"A";9.84;"A"
"2025-04-21 17:00";24.64;"A";35.08;"A";1003.04;"A";118;"A";44;"A";0;"A";6;"A";38;"A";38.62;"A";15.37;"A";9.35;"A"
"2025-04-21 17:15";24.18;"A";36.31;"A";1003.04;"A";114;"A";45;"A";0;"A";7;"A";39;"A";37.04;"A";16.4;"A";9.87;"A"
"2025-04-21 17:30";24.07;"A";36.14;"A";1002.96;"A";123;"A";44;"A";0;"A";6;"A";38;"A";37.2;"A";15.89;"A";9.9;"A"
"2025-04-21 17:45";24.26;"A";35.7;"A";1003.05;"A";108;"A";45;"A";0;"A";5;"A";39;"A";36.26;"A";15.93;"A";9.51;"A"
"2025-04-21 18:00";24.1;"A";35.74;"A";1003.04;"A";111;"A";45;"A";0;"A";6;"A";39;"A";35.75;"A";15.22;"A";9.48;"A"
"2025-04-21 18:15";23.89;"A";36.04;"A";1003.04;"A";103;"A";46;"A";0;"A";5;"A";41;"A";34.48;"A";15.5;"A";9.15;"A"
"2025-04-21 18:30";23.75;"A";36.09;"A";1003.05;"A";101;"A";45;"A";0;"A";6;"A";39;"A";33.94;"A";15.1;"A";9.33;"A"
"2025-04-21 18:45";23.46;"A";36.85;"A";1003.09;"A";118;"A";45;"A";0;"A";6;"A";39;"A";54.55;"A";31;"A";20.37;"A"
"2025-04-21 19:00";22.9;"A";38.68;"A";1003.05;"A";129;"A";46;"A";0;"A";8;"A";37;"A";37.76;"A";16.12;"A";9.98;"A"
"2025-04-21 19:15";22.62;"A";39.58;"A";1003;"A";156;"A";42;"A";0;"A";8;"A";34;"A";38.61;"A";16.01;"A";9.63;"A"
"2025-04-21 19:30";22.06;"A";41.9;"A";1003.13;"A";137;"A";42;"A";0;"A";9;"A";33;"A";34.96;"A";16.22;"A";9.96;"A"
"2025-04-21 19:45";21.33;"A";44.64;"A";1003.26;"A";150;"A";38;"A";0;"A";9;"A";28;"A";39.55;"A";17.3;"A";10.53;"A"
"2025-04-21 20:00";20.54;"A";47.25;"A";1003.27;"A";177;"A";36;"A";0;"A";12;"A";24;"A";40.09;"A";17.23;"A";10.35;"A"
"2025-04-21 20:15";19.9;"A";48.95;"A";1003.52;"A";240;"A";36;"A";0;"A";20;"A";16;"A";37.91;"A";17.76;"A";11.1;"A"
"2025-04-21 20:30";19.33;"A";51.32;"A";1003.76;"A";274;"A";35;"A";0;"A";22;"A";12;"A";39.05;"A";18.69;"A";11.87;"A"
"2025-04-21 20:45";18.8;"A";52.87;"A";1003.81;"A";374;"A";37;"A";0;"A";33;"A";4;"A";46.15;"A";21.01;"A";13.1;"A"
"2025-04-21 21:00";18.57;"A";53.48;"A";1003.87;"A";450;"A";35;"A";0;"A";31;"A";4;"A";42.63;"A";20.53;"A";12.98;"A"
"2025-04-21 21:15";18.32;"A";54.57;"A";1004.05;"A";458;"A";35;"A";0;"A";31;"A";4;"A";49.16;"A";22.7;"A";14.06;"A"
"2025-04-21 21:30";18;"A";55.43;"A";1004.14;"A";405;"A";36;"A";0;"A";33;"A";3;"A";45.72;"A";21.59;"A";13.72;"A"
"2025-04-21 21:45";17.78;"A";55.89;"A";1004.29;"A";384;"A";35;"A";0;"A";30;"A";5;"A";42.15;"A";21.25;"A";13.41;"A"
"2025-04-21 22:00";17.72;"A";56.02;"A";1004.32;"A";343;"A";36;"A";0;"A";28;"A";7;"A";40.08;"A";19.58;"A";12.65;"A"
"2025-04-21 22:15";17.9;"A";55.49;"A";1004.3;"A";307;"A";34;"A";0;"A";23;"A";11;"A";41.68;"A";19.99;"A";12.79;"A"
"2025-04-21 22:30";17.81;"A";55.22;"A";1004.44;"A";284;"A";35;"A";0;"A";22;"A";12;"A";44.96;"A";21.79;"A";14.12;"A"
"2025-04-21 22:45";17.54;"A";55.94;"A";1004.24;"A";303;"A";34;"A";0;"A";22;"A";12;"A";48.13;"A";24.12;"A";15.76;"A"
"2025-04-21 23:00";18.08;"A";53.72;"A";1004.38;"A";374;"A";38;"A";0;"A";18;"A";20;"A";58.74;"A";29;"A";18.19;"A"
"2025-04-21 23:15";18;"A";57.46;"A";1004.53;"A";487;"A";38;"A";0;"A";11;"A";27;"A";57.79;"A";29.31;"A";18.21;"A"
"2025-04-21 23:30";17.55;"A";62.76;"A";1004.78;"A";754;"A";36;"A";0;"A";9;"A";27;"A";72.41;"A";38.35;"A";25.42;"A"
"2025-04-21 23:45";17.12;"A";67.79;"A";1004.9;"A";512;"A";33;"A";0;"A";8;"A";24;"A";108.55;"A";66.88;"A";45.85;"A"
"2025-04-22 00:00";16.79;"A";69.49;"A";1004.97;"A";296;"A";31;"A";0;"A";8;"A";23;"A";52.13;"A";33.63;"A";23.35;"A"
"2025-04-22 00:15";16.53;"A";70.14;"A";1004.93;"A";209;"A";30;"A";0;"A";11;"A";20;"A";63.58;"A";41.97;"A";29.33;"A"
"2025-04-22 00:30";16.29;"A";70.47;"A";1004.96;"A";639;"A";34;"A";0;"A";9;"A";25;"A";55.42;"A";40.8;"A";29.27;"A"
"2025-04-22 00:45";16.02;"A";71.25;"A";1004.83;"A";1022;"A";35;"A";0;"A";9;"A";26;"A";24.63;"A";15.21;"A";10.37;"A"
"2025-04-22 01:00";15.74;"A";71.92;"A";1004.88;"A";865;"A";35;"A";0;"A";9;"A";26;"A";27.92;"A";19.62;"A";14.25;"A"
"2025-04-22 01:15";15.55;"A";72.59;"A";1004.79;"A";807;"A";35;"A";0;"A";7;"A";28;"A";39.84;"A";28.36;"A";20.73;"A"
"2025-04-22 01:30";15.3;"A";73.33;"A";1004.74;"A";1662;"A";34;"A";0;"A";9;"A";25;"A";31.05;"A";22.77;"A";17.09;"A"
"2025-04-22 01:45";14.79;"A";74.94;"A";1004.73;"A";1828;"A";32;"A";0;"A";10;"A";22;"A";30.82;"A";22.8;"A";16.97;"A"
"2025-04-22 02:00";14.59;"A";75.46;"A";1004.77;"A";1265;"A";31;"A";0;"A";11;"A";20;"A";31.59;"A";23.65;"A";17.08;"A"
"2025-04-22 02:15";14.13;"A";76.69;"A";1004.66;"A";902;"A";30;"A";0;"A";11;"A";20;"A";34.03;"A";24.31;"A";17.34;"A"
"2025-04-22 02:30";13.69;"A";77.95;"A";1004.63;"A";799;"A";29;"A";0;"A";11;"A";18;"A";39.3;"A";27.66;"A";19.89;"A"
"2025-04-22 02:45";13.5;"A";78.41;"A";1004.51;"A";834;"A";27;"A";0;"A";11;"A";16;"A";48.07;"A";33.97;"A";24.42;"A"
"2025-04-22 03:00";13.12;"A";79.01;"A";1004.49;"A";812;"A";25;"A";0;"A";12;"A";13;"A";52.4;"A";37.06;"A";25.85;"A"
"2025-04-22 03:15";12.81;"A";80.12;"A";1004.47;"A";690;"A";27;"A";0;"A";14;"A";13;"A";56.07;"A";40.96;"A";29.97;"A"
"2025-04-22 03:30";12.59;"A";80.43;"A";1004.48;"A";617;"A";26;"A";0;"A";14;"A";12;"A";45.93;"A";33.4;"A";31.67;"A"
"2025-04-22 03:45";12.51;"A";80.29;"A";1004.53;"A";591;"A";24;"A";0;"A";14;"A";11;"A";45.56;"A";33.13;"A";31.41;"A"
"2025-04-22 04:00";12.2;"A";80.91;"A";1004.56;"A";538;"A";25;"A";0;"A";15;"A";9;"A";47.55;"A";34.59;"A";32.8;"A"
"2025-04-22 04:15";11.99;"A";81.09;"A";1004.68;"A";474;"A";23;"A";0;"A";15;"A";8;"A";48.08;"A";34.97;"A";33.17;"A"
"2025-04-22 04:30";11.79;"A";81.52;"A";1004.91;"A";454;"A";23;"A";0;"A";15;"A";8;"A";48.08;"A";34.98;"A";33.17;"A"
"2025-04-22 04:45";11.82;"A";81.56;"A";1004.97;"A";424;"A";24;"A";0;"A";18;"A";7;"A";49.44;"A";35.97;"A";34.12;"A"
"2025-04-22 05:00";11.76;"A";81.46;"A";1005.07;"A";350;"A";23;"A";0;"A";17;"A";6;"A";44.2;"A";32.14;"A";30.46;"A"
"2025-04-22 05:15";11.65;"A";81.67;"A";1005.07;"A";272;"A";25;"A";0;"A";16;"A";9;"A";36.03;"A";26.15;"A";24.74;"A"
"2025-04-22 05:30";11.47;"A";81.92;"A";1005.02;"A";207;"A";24;"A";0;"A";12;"A";12;"A";31.51;"A";22.84;"A";21.57;"A"
"2025-04-22 05:45";11.2;"A";82.15;"A";1005;"A";195;"A";24;"A";0;"A";12;"A";11;"A";32.29;"A";23.41;"A";22.12;"A"
"2025-04-22 06:00";11.11;"A";82.24;"A";1005.16;"A";190;"A";24;"A";0;"A";13;"A";11;"A";31.45;"A";22.79;"A";21.53;"A"
"2025-04-22 06:15";11.1;"A";82.25;"A";1005.4;"A";194;"A";24;"A";0;"A";14;"A";9;"A";32.76;"A";23.76;"A";22.45;"A"
"2025-04-22 06:30";11.39;"A";82.02;"A";1005.41;"A";208;"A";24;"A";0;"A";17;"A";8;"A";32.33;"A";23.44;"A";22.15;"A"
"2025-04-22 06:45";11.62;"A";81.65;"A";1005.41;"A";182;"A";26;"A";0;"A";13;"A";12;"A";26.22;"A";18.96;"A";17.87;"A"
"2025-04-22 07:00";12.26;"A";80.25;"A";1005.29;"A";265;"A";28;"A";0;"A";14;"A";14;"A";36.57;"A";26.54;"A";25.11;"A"
"2025-04-22 07:15";13.07;"A";77.64;"A";1005.36;"A";516;"A";28;"A";0;"A";13;"A";15;"A";52.86;"A";38.48;"A";36.52;"A"
"2025-04-22 07:30";13.48;"A";76.53;"A";1005.49;"A";609;"A";30;"A";0;"A";14;"A";16;"A";50.83;"A";36.99;"A";35.1;"A"
"2025-04-22 07:45";13.97;"A";75.15;"A";1005.69;"A";612;"A";32;"A";0;"A";20;"A";12;"A";59.1;"A";40.66;"A";36.87;"A"
"2025-04-22 08:00";14.33;"A";74.53;"A";1005.64;"A";693;"A";34;"A";0;"A";24;"A";10;"A";75.65;"A";49.28;"A";40.34;"A"
"2025-04-22 08:15";14.78;"A";73.8;"A";1005.76;"A";852;"A";37;"A";0;"A";24;"A";13;"A";92.12;"A";61.28;"A";45.49;"A"
"2025-04-22 08:30";15.32;"A";72.2;"A";1005.81;"A";934;"A";36;"A";0;"A";24;"A";12;"A";90.33;"A";61.44;"A";42.78;"A"
"2025-04-22 08:45";16.12;"A";70.45;"A";1005.86;"A";973;"A";38;"A";0;"A";28;"A";10;"A";82.72;"A";54.91;"A";39.28;"A"
"2025-04-22 09:00";17.77;"A";65.72;"A";1006.05;"A";998;"A";38;"A";0;"A";28;"A";11;"A";77.07;"A";52.39;"A";37.25;"A"
"2025-04-22 09:15";19.21;"A";61.19;"A";1005.87;"A";358;"A";35;"A";0;"A";14;"A";21;"A";46.02;"A";29.3;"A";20.72;"A"
"2025-04-22 09:30";20.29;"A";57.28;"A";1006.13;"A";367;"A";37;"A";0;"A";15;"A";23;"A";53.74;"A";39.45;"A";28.18;"A"
"2025-04-22 09:45";21.11;"A";54.64;"A";1005.98;"A";370;"A";41;"A";0;"A";17;"A";23;"A";48.52;"A";29.33;"A";19.89;"A"
"2025-04-22 10:00";21.25;"A";52.83;"A";1005.91;"A";389;"A";42;"A";0;"A";17;"A";25;"A";51.22;"A";31.24;"A";21.53;"A"
"2025-04-22 10:15";21.45;"A";51.16;"A";1005.85;"A";338;"A";44;"A";0;"A";17;"A";27;"A";40.43;"A";24.88;"A";16.93;"A"
"2025-04-22 10:30";21.82;"A";49.73;"A";1005.83;"A";340;"A";43;"A";0;"A";17;"A";26;"A";33.8;"A";21.13;"A";14.56;"A"
"2025-04-22 10:45";22.65;"A";45.01;"A";1005.95;"A";321;"A";45;"A";0;"A";16;"A";29;"A";31.87;"A";17.52;"A";11.97;"A"
"2025-04-22 11:00";23.12;"A";41.72;"A";1005.88;"A";268;"A";46;"A";0;"A";13;"A";32;"A";29.46;"A";15.62;"A";10.41;"A"
"2025-04-22 11:15";23.49;"A";37.37;"A";1005.88;"A";235;"A";48;"A";0;"A";9;"A";39;"A";23.89;"A";13.27;"A";9.12;"A"
"2025-04-22 11:30";24.06;"A";37.02;"A";1005.72;"A";225;"A";50;"A";0;"A";11;"A";39;"A";27.52;"A";15.3;"A";10.89;"A"
"2025-04-22 11:45";24.46;"A";36.55;"A";1005.73;"A";214;"A";49;"A";0;"A";9;"A";40;"A";22.2;"A";12.19;"A";7.98;"A"
"2025-04-22 12:00";24.78;"A";35.38;"A";1005.6;"A";203;"A";50;"A";0;"A";9;"A";41;"A";24.37;"A";12.52;"A";8.44;"A"
"2025-04-22 12:15";24.79;"A";34.62;"A";1005.51;"A";177;"A";53;"A";0;"A";8;"A";45;"A";19.54;"A";10.2;"A";6.91;"A"
"2025-04-22 12:30";25.19;"A";33.72;"A";1005.41;"A";191;"A";52;"A";0;"A";6;"A";46;"A";27.23;"A";14.58;"A";9.79;"A"
"2025-04-22 12:45";25.44;"A";32.15;"A";1005.39;"A";188;"A";51;"A";0;"A";7;"A";44;"A";22.82;"A";10.98;"A";7.17;"A"
"2025-04-22 13:00";25.98;"A";29.79;"A";1005.28;"A";151;"A";51;"A";0;"A";6;"A";45;"A";23.26;"A";10.81;"A";6.8;"A"
"2025-04-22 13:15";26.1;"A";28.77;"A";1005.24;"A";158;"A";49;"A";0;"A";5;"A";44;"A";25.87;"A";11.68;"A";7.07;"A"
"2025-04-22 13:30";26.23;"A";28.35;"A";1005.11;"A";230;"A";51;"A";0;"A";6;"A";45;"A";25.73;"A";11.47;"A";7.26;"A"
"2025-04-22 13:45";26.82;"A";27.66;"A";1005.02;"A";152;"A";49;"A";0;"A";5;"A";44;"A";25.78;"A";11.41;"A";6.65;"A"
"2025-04-22 14:00";27.3;"A";27;"A";1004.94;"A";154;"A";47;"A";0;"A";4;"A";43;"A";24.03;"A";11.84;"A";7.45;"A"
"2025-04-22 14:15";27.26;"A";26.54;"A";1004.85;"A";159;"A";50;"A";0;"A";9;"A";41;"A";22.82;"A";11;"A";6.3;"A"
"2025-04-22 14:30";26.82;"A";26.69;"A";1004.78;"A";162;"A";50;"A";0;"A";6;"A";44;"A";22.26;"A";10.27;"A";6.68;"A"
"2025-04-22 14:45";27.31;"A";26.85;"A";1004.83;"A";158;"A";50;"A";0;"A";7;"A";43;"A";21.87;"A";10.47;"A";6.5;"A"
"2025-04-22 15:00";26.8;"A";26.6;"A";1004.72;"A";218;"A";50;"A";0;"A";5;"A";44;"A";20.68;"A";9.59;"A";6.3;"A"
"2025-04-22 15:15";27.35;"A";25.39;"A";1004.64;"A";158;"A";52;"A";0;"A";7;"A";45;"A";20.02;"A";10.13;"A";6.04;"A"
"2025-04-22 15:30";27.76;"A";25.08;"A";1004.47;"A";155;"A";50;"A";0;"A";6;"A";44;"A";22.39;"A";9.97;"A";6.39;"A"
"2025-04-22 15:45";28.03;"A";25.03;"A";1004.39;"A";143;"A";50;"A";0;"A";6;"A";44;"A";17.99;"A";8.84;"A";5.53;"A"
"2025-04-22 16:00";28.28;"A";23.63;"A";1004.3;"A";141;"A";51;"A";0;"A";6;"A";44;"A";18.97;"A";9.23;"A";5.87;"A"
"2025-04-22 16:15";28.58;"A";22.48;"A";1004.15;"A";139;"A";50;"A";0;"A";5;"A";45;"A";16.32;"A";8.53;"A";5.34;"A"
"2025-04-22 16:30";28.86;"A";23.04;"A";1004.16;"A";364;"A";53;"A";0;"A";11;"A";42;"A";17.36;"A";9.09;"A";5.62;"A"
"2025-04-22 16:45";28.92;"A";22.51;"A";1004.2;"A";166;"A";50;"A";0;"A";6;"A";44;"A";18.74;"A";8.63;"A";5.56;"A"
"2025-04-22 17:00";28.77;"A";21.88;"A";1004.04;"A";152;"A";50;"A";0;"A";7;"A";44;"A";16.38;"A";7.92;"A";5.19;"A"
"2025-04-22 17:15";28.68;"A";22.77;"A";1004.04;"A";156;"A";50;"A";0;"A";6;"A";44;"A";16.14;"A";7.91;"A";5.21;"A"
"2025-04-22 17:30";28.48;"A";23.89;"A";1003.99;"A";158;"A";50;"A";0;"A";6;"A";44;"A";17.73;"A";8.59;"A";5.8;"A"
"2025-04-22 17:45";27.78;"A";23.99;"A";1004.08;"A";160;"A";50;"A";0;"A";7;"A";44;"A";20.22;"A";9.44;"A";6.28;"A"
"2025-04-22 18:00";27.16;"A";24.34;"A";1004.18;"A";174;"A";50;"A";0;"A";7;"A";43;"A";18;"A";9.13;"A";5.81;"A"
"2025-04-22 18:15";26.79;"A";27.84;"A";1004.32;"A";162;"A";51;"A";0;"A";8;"A";43;"A";20.05;"A";10.19;"A";6.81;"A"
"2025-04-22 18:30";26.06;"A";33.89;"A";1004.38;"A";176;"A";46;"A";0;"A";6;"A";40;"A";23.64;"A";12.96;"A";8.35;"A"
"2025-04-22 18:45";25.25;"A";36.48;"A";1004.56;"A";187;"A";45;"A";0;"A";9;"A";36;"A";29.91;"A";14.18;"A";8.86;"A"
"2025-04-22 19:00";24.59;"A";37.79;"A";1004.61;"A";164;"A";45;"A";0;"A";9;"A";36;"A";28.39;"A";15.19;"A";9.94;"A"
"2025-04-22 19:15";24.02;"A";38.05;"A";1004.71;"A";196;"A";46;"A";0;"A";8;"A";38;"A";32.28;"A";16.39;"A";11.26;"A"
"2025-04-22 19:30";23.52;"A";38.46;"A";1004.81;"A";208;"A";48;"A";0;"A";9;"A";39;"A";32.92;"A";17.7;"A";12.33;"A"
"2025-04-22 19:45";22.97;"A";39.59;"A";1005.13;"A";221;"A";48;"A";0;"A";11;"A";37;"A";39.26;"A";20.66;"A";14.22;"A"
"2025-04-22 20:00";22.42;"A";40.41;"A";1005.42;"A";216;"A";47;"A";0;"A";9;"A";38;"A";31.05;"A";17.69;"A";12.44;"A"
"2025-04-22 20:15";22;"A";41.73;"A";1005.53;"A";177;"A";45;"A";0;"A";8;"A";36;"A";28.51;"A";16.76;"A";11.59;"A"
"2025-04-22 20:30";21.47;"A";43.45;"A";1005.72;"A";154;"A";44;"A";0;"A";10;"A";34;"A";26.77;"A";13.11;"A";8.73;"A"
"2025-04-22 20:45";20.95;"A";44.9;"A";1005.84;"A";139;"A";43;"A";0;"A";10;"A";33;"A";27.98;"A";14.84;"A";9.66;"A"
"2025-04-22 21:00";20.6;"A";46.61;"A";1006.07;"A";128;"A";42;"A";0;"A";9;"A";33;"A";33.98;"A";16.94;"A";11.21;"A"
"2025-04-22 21:15";20.06;"A";49.99;"A";1006.12;"A";114;"A";41;"A";0;"A";8;"A";33;"A";34.9;"A";15.78;"A";10.12;"A"
"2025-04-22 21:30";19.62;"A";53.23;"A";1006.22;"A";121;"A";39;"A";0;"A";10;"A";30;"A";39.45;"A";17.97;"A";11.66;"A"
"2025-04-22 21:45";19.2;"A";56.57;"A";1006.43;"A";151;"A";37;"A";0;"A";11;"A";26;"A";39.96;"A";24.22;"A";16.74;"A"
"2025-04-22 22:00";18.67;"A";60.36;"A";1006.68;"A";590;"A";35;"A";0;"A";10;"A";25;"A";42.29;"A";28.5;"A";20.43;"A"
"2025-04-22 22:15";18.15;"A";62.94;"A";1006.73;"A";1158;"A";33;"A";0;"A";6;"A";27;"A";34.19;"A";20.75;"A";14.33;"A"
"2025-04-22 22:30";17.65;"A";63.64;"A";1006.8;"A";630;"A";35;"A";0;"A";6;"A";29;"A";30.59;"A";20.49;"A";15;"A"
"2025-04-22 22:45";17.43;"A";64.22;"A";1006.77;"A";777;"A";36;"A";0;"A";7;"A";29;"A";51.53;"A";29.38;"A";19.92;"A"
"2025-04-22 23:00";17.15;"A";65.32;"A";1006.89;"A";927;"A";35;"A";0;"A";8;"A";28;"A";52.17;"A";29.19;"A";20.2;"A"
"2025-04-22 23:15";16.8;"A";65.63;"A";1006.74;"A";373;"A";36;"A";0;"A";7;"A";29;"A";48.14;"A";35.91;"A";27.81;"A"
"2025-04-22 23:30";16.55;"A";66.31;"A";1006.83;"A";858;"A";36;"A";0;"A";8;"A";28;"A";56.83;"A";38.95;"A";30.31;"A"
"2025-04-22 23:45";16.29;"A";66.85;"A";1006.83;"A";596;"A";36;"A";0;"A";9;"A";27;"A";49.69;"A";34.85;"A";25.66;"A"
"2025-04-23 00:00";15.95;"A";66.86;"A";1006.79;"A";186;"A";37;"A";0;"A";7;"A";30;"A";16.73;"A";9.88;"A";6.96;"A"
"2025-04-23 00:15";15.8;"A";66.71;"A";1006.8;"A";123;"A";37;"A";0;"A";7;"A";30;"A";15.93;"A";9.12;"A";6.21;"A"
"2025-04-23 00:30";15.5;"A";67.18;"A";1006.91;"A";322;"A";37;"A";0;"A";9;"A";28;"A";23.17;"A";16.36;"A";10.91;"A"
"2025-04-23 00:45";15.31;"A";67.43;"A";1006.95;"A";189;"A";37;"A";0;"A";8;"A";29;"A";24.43;"A";14.31;"A";9.28;"A"
"2025-04-23 01:00";15.03;"A";67.91;"A";1006.88;"A";105;"A";34;"A";0;"A";7;"A";27;"A";17.36;"A";11.7;"A";7.79;"A"
"2025-04-23 01:15";14.83;"A";68.31;"A";1006.87;"A";74;"A";34;"A";0;"A";8;"A";26;"A";14;"A";9.43;"A";6.51;"A"
"2025-04-23 01:30";14.66;"A";68.8;"A";1006.89;"A";78;"A";35;"A";0;"A";9;"A";26;"A";14.12;"A";9.67;"A";6.78;"A"
"2025-04-23 01:45";14.19;"A";70.53;"A";1006.74;"A";85;"A";33;"A";0;"A";9;"A";24;"A";16.46;"A";10.49;"A";7.4;"A"
"2025-04-23 02:00";14.03;"A";70.97;"A";1006.7;"A";85;"A";33;"A";0;"A";9;"A";24;"A";16.8;"A";11.14;"A";8.01;"A"
"2025-04-23 02:15";13.54;"A";72.48;"A";1006.59;"A";80;"A";30;"A";0;"A";8;"A";22;"A";16.89;"A";10.98;"A";7.91;"A"
"2025-04-23 02:30";13.12;"A";73.6;"A";1006.48;"A";79;"A";28;"A";0;"A";10;"A";19;"A";17.86;"A";12.44;"A";8.4;"A"
"2025-04-23 02:45";12.85;"A";74.74;"A";1006.37;"A";78;"A";28;"A";0;"A";9;"A";19;"A";20.08;"A";12.56;"A";8.66;"A"
"2025-04-23 03:00";12.77;"A";74.99;"A";1006.48;"A";89;"A";25;"A";0;"A";9;"A";17;"A";21.32;"A";14.05;"A";9.54;"A"
"2025-04-23 03:15";12.61;"A";75.92;"A";1006.68;"A";99;"A";29;"A";0;"A";19;"A";10;"A";20.27;"A";14.46;"A";10.26;"A"
"2025-04-23 03:30";12.43;"A";76.09;"A";1006.8;"A";93;"A";28;"A";0;"A";20;"A";9;"A";20.43;"A";13.83;"A";10.29;"A"
"2025-04-23 03:45";12.4;"A";76.31;"A";1006.74;"A";87;"A";29;"A";0;"A";23;"A";6;"A";20.43;"A";13.47;"A";9.42;"A"
"2025-04-23 04:00";12.41;"A";76.01;"A";1006.7;"A";92;"A";28;"A";0;"A";25;"A";4;"A";18.84;"A";13.53;"A";9.68;"A"
"2025-04-23 04:15";12.15;"A";77;"A";1006.73;"A";106;"A";29;"A";0;"A";26;"A";4;"A";17.29;"A";12.26;"A";9.89;"A"
"2025-04-23 04:30";12.23;"A";77.47;"A";1006.63;"A";91;"A";32;"A";0;"A";28;"A";4;"A";14.08;"A";10.07;"A";9.37;"A"
"2025-04-23 04:45";11.99;"A";77.79;"A";1006.57;"A";94;"A";29;"A";0;"A";25;"A";4;"A";15.02;"A";10.75;"A";9.27;"A"
"2025-04-23 05:00";11.84;"A";78.18;"A";1006.5;"A";98;"A";28;"A";0;"A";24;"A";4;"A";16.25;"A";11.27;"A";10.08;"A"
"2025-04-23 05:15";11.71;"A";78.99;"A";1006.35;"A";120;"A";29;"A";0;"A";25;"A";4;"A";19.76;"A";14.23;"A";13.35;"A"
"2025-04-23 05:30";11.71;"A";79.16;"A";1006.34;"A";130;"A";30;"A";0;"A";26;"A";4;"A";19.71;"A";14.19;"A";13.31;"A"
"2025-04-23 05:45";11.57;"A";79.23;"A";1006.35;"A";133;"A";28;"A";0;"A";24;"A";4;"A";18.52;"A";13.32;"A";12.48;"A"
"2025-04-23 06:00";11.39;"A";79.97;"A";1006.5;"A";140;"A";28;"A";0;"A";24;"A";4;"A";18.85;"A";13.56;"A";12.71;"A"
"2025-04-23 06:15";11.44;"A";79.6;"A";1006.48;"A";164;"A";26;"A";0;"A";21;"A";5;"A";20.41;"A";14.7;"A";13.8;"A"
"2025-04-23 06:30";11.6;"A";78.21;"A";1006.55;"A";302;"A";25;"A";0;"A";20;"A";5;"A";22.53;"A";16.26;"A";15.28;"A"
"2025-04-23 06:45";11.83;"A";77.51;"A";1006.5;"A";295;"A";26;"A";0;"A";21;"A";5;"A";22.65;"A";16.34;"A";15.37;"A"
"2025-04-23 07:00";12.56;"A";76.37;"A";1006.48;"A";326;"A";29;"A";0;"A";24;"A";5;"A";22.48;"A";16.22;"A";15.25;"A"
"2025-04-23 07:15";13.8;"A";73.47;"A";1006.37;"A";287;"A";32;"A";0;"A";23;"A";9;"A";18.51;"A";13;"A";11.75;"A"
"2025-04-23 07:30";14.35;"A";71.66;"A";1006.42;"A";158;"A";38;"A";0;"A";21;"A";17;"A";27.78;"A";17.87;"A";12.51;"A"
"2025-04-23 07:45";14.83;"A";70.65;"A";1006.42;"A";158;"A";38;"A";0;"A";19;"A";19;"A";18.06;"A";11.9;"A";8.47;"A"
"2025-04-23 08:00";15.3;"A";69.37;"A";1006.46;"A";165;"A";40;"A";0;"A";18;"A";22;"A";26.6;"A";14.52;"A";9.82;"A"
"2025-04-23 08:15";15.75;"A";68.21;"A";1006.37;"A";164;"A";41;"A";0;"A";18;"A";23;"A";23.34;"A";15.24;"A";10.77;"A"
"2025-04-23 08:30";16.42;"A";66.79;"A";1006.39;"A";155;"A";41;"A";0;"A";14;"A";27;"A";20.31;"A";12.01;"A";8.07;"A"
"2025-04-23 08:45";17.11;"A";64.3;"A";1006.28;"A";161;"A";42;"A";0;"A";14;"A";28;"A";22.65;"A";14.78;"A";9.97;"A"
"2025-04-23 09:00";18.55;"A";59.89;"A";1006.34;"A";362;"A";40;"A";0;"A";12;"A";28;"A";31.03;"A";20.75;"A";14;"A"
"2025-04-23 09:15";20.16;"A";55.36;"A";1006.2;"A";2079;"A";40;"A";2;"A";10;"A";30;"A";17.34;"A";11.35;"A";8.04;"A"
"2025-04-23 09:30";21.44;"A";50.95;"A";1006.23;"A";1155;"A";42;"A";0;"A";10;"A";32;"A";14.45;"A";8.33;"A";5.72;"A"
"2025-04-23 09:45";22.38;"A";47.1;"A";1006.3;"A";179;"A";46;"A";0;"A";13;"A";33;"A";14.73;"A";8.04;"A";5.4;"A"
"2025-04-23 10:00";22.56;"A";46.18;"A";1006.29;"A";208;"A";48;"A";0;"A";13;"A";35;"A";15.32;"A";10.26;"A";7.2;"A"
"2025-04-23 10:15";22.86;"A";43.53;"A";1006.36;"A";200;"A";48;"A";0;"A";9;"A";39;"A";13.55;"A";8.72;"A";6.02;"A"
"2025-04-23 10:30";23.12;"A";43.06;"A";1006.31;"A";187;"A";50;"A";0;"A";9;"A";41;"A";13.53;"A";7.99;"A";5.35;"A"
"2025-04-23 10:45";23.52;"A";41.73;"A";1006.21;"A";182;"A";48;"A";0;"A";7;"A";41;"A";14.7;"A";8.55;"A";5.88;"A"
"2025-04-23 11:00";23.67;"A";41.11;"A";1006.09;"A";185;"A";51;"A";0;"A";8;"A";43;"A";13.61;"A";8.25;"A";5.45;"A"
"2025-04-23 11:15";23.8;"A";40.23;"A";1005.99;"A";204;"A";52;"A";0;"A";8;"A";43;"A";15.7;"A";8.66;"A";6.04;"A"
"2025-04-23 11:30";24.47;"A";40.31;"A";1005.97;"A";235;"A";53;"A";0;"A";10;"A";43;"A";19.96;"A";10.72;"A";7.4;"A"
"2025-04-23 11:45";24.64;"A";38.04;"A";1005.87;"A";167;"A";53;"A";0;"A";7;"A";47;"A";18.13;"A";10.08;"A";6.9;"A"
"2025-04-23 12:00";24.96;"A";37.81;"A";1005.58;"A";158;"A";54;"A";0;"A";6;"A";48;"A";18.97;"A";10.16;"A";6.83;"A"
"2025-04-23 12:15";25.31;"A";36.96;"A";1005.55;"A";156;"A";54;"A";0;"A";7;"A";48;"A";19.53;"A";9.45;"A";6.53;"A"
"2025-04-23 12:30";25.72;"A";35.34;"A";1005.4;"A";181;"A";53;"A";0;"A";6;"A";47;"A";23.35;"A";12.12;"A";7.62;"A"
"2025-04-23 12:45";25.61;"A";35.64;"A";1005.29;"A";163;"A";55;"A";0;"A";6;"A";49;"A";20.85;"A";11.1;"A";7.56;"A"
"2025-04-23 13:00";26.17;"A";34.74;"A";1005.17;"A";158;"A";52;"A";0;"A";6;"A";46;"A";19.81;"A";10.58;"A";6.95;"A"
"2025-04-23 13:15";26.17;"A";34.15;"A";1004.96;"A";151;"A";52;"A";0;"A";6;"A";46;"A";21.21;"A";12.46;"A";8.05;"A"
"2025-04-23 13:30";26.69;"A";32.67;"A";1004.74;"A";271;"A";54;"A";0;"A";15;"A";39;"A";28.23;"A";15.77;"A";11.35;"A"
"2025-04-23 13:45";26.21;"A";32.37;"A";1004.77;"A";155;"A";52;"A";0;"A";6;"A";46;"A";19.88;"A";11.15;"A";7.44;"A"
"2025-04-23 14:00";26.57;"A";30.44;"A";1004.63;"A";146;"A";51;"A";0;"A";6;"A";45;"A";20.28;"A";9.64;"A";5.89;"A"
"2025-04-23 14:15";27.66;"A";29.49;"A";1004.42;"A";138;"A";50;"A";0;"A";6;"A";45;"A";17.59;"A";8.98;"A";5.91;"A"
"2025-04-23 14:30";27.88;"A";28.16;"A";1004.16;"A";137;"A";50;"A";0;"A";5;"A";45;"A";17.31;"A";8.27;"A";5.39;"A"
"2025-04-23 14:45";27.88;"A";27.77;"A";1003.86;"A";163;"A";53;"A";0;"A";7;"A";46;"A";18.37;"A";9.18;"A";5.7;"A"
"2025-04-23 15:00";27.88;"A";27.45;"A";1003.71;"A";148;"A";50;"A";0;"A";6;"A";44;"A";18.85;"A";8.91;"A";5.72;"A"
"2025-04-23 15:15";27.9;"A";27.05;"A";1003.48;"A";143;"A";52;"A";0;"A";7;"A";45;"A";15.71;"A";8.19;"A";5.36;"A"
"2025-04-23 15:30";28.49;"A";26.04;"A";1003.21;"A";144;"A";49;"A";0;"A";5;"A";44;"A";19.84;"A";10.97;"A";7.06;"A"
"2025-04-23 15:45";27.27;"A";27.59;"A";1003.28;"A";143;"A";52;"A";0;"A";7;"A";45;"A";15.22;"A";8.08;"A";5.24;"A"
"2025-04-23 16:00";27.72;"A";26.75;"A";1002.95;"A";147;"A";51;"A";0;"A";7;"A";44;"A";18.2;"A";8.3;"A";5.33;"A"
"2025-04-23 16:15";28.53;"A";26.41;"A";1002.81;"A";164;"A";52;"A";0;"A";11;"A";42;"A";16.85;"A";8.44;"A";5.38;"A"
"2025-04-23 16:30";28.95;"A";24.63;"A";1002.6;"A";157;"A";53;"A";0;"A";12;"A";41;"A";17.47;"A";8.8;"A";5.68;"A"
"2025-04-23 16:45";28.73;"A";24.12;"A";1002.54;"A";147;"A";50;"A";0;"A";7;"A";43;"A";14.48;"A";7.44;"A";4.75;"A"
"2025-04-23 17:00";28.74;"A";23.24;"A";1002.36;"A";136;"A";50;"A";0;"A";7;"A";43;"A";15.03;"A";7.5;"A";4.84;"A"
"2025-04-23 17:15";28.81;"A";23.6;"A";1002.26;"A";174;"A";52;"A";0;"A";10;"A";41;"A";14.6;"A";6.96;"A";4.63;"A"
"2025-04-23 17:30";28.47;"A";22.78;"A";1002.16;"A";154;"A";51;"A";0;"A";11;"A";40;"A";14.7;"A";7.46;"A";4.78;"A"
"2025-04-23 17:45";28.04;"A";23.25;"A";1002.01;"A";135;"A";51;"A";0;"A";9;"A";43;"A";12.84;"A";6.67;"A";4.52;"A"
"2025-04-23 18:00";27.65;"A";24.54;"A";1002.04;"A";129;"A";49;"A";0;"A";7;"A";42;"A";13.62;"A";7.54;"A";5.13;"A"
"2025-04-23 18:15";27.35;"A";25.14;"A";1001.96;"A";132;"A";48;"A";0;"A";6;"A";42;"A";12.99;"A";7.23;"A";4.92;"A"
"2025-04-23 18:30";27.24;"A";25.1;"A";1001.89;"A";132;"A";49;"A";0;"A";7;"A";42;"A";14.28;"A";7.45;"A";5.15;"A"
"2025-04-23 18:45";26.83;"A";25.73;"A";1001.87;"A";171;"A";48;"A";0;"A";8;"A";40;"A";16.47;"A";8.39;"A";5.67;"A"
"2025-04-23 19:00";26.35;"A";26.49;"A";1001.93;"A";130;"A";48;"A";0;"A";6;"A";42;"A";15.14;"A";8.56;"A";5.83;"A"
"2025-04-23 19:15";25.81;"A";28.03;"A";1001.9;"A";129;"A";49;"A";0;"A";8;"A";41;"A";19.55;"A";9.08;"A";5.99;"A"
"2025-04-23 19:30";25.25;"A";29.36;"A";1001.98;"A";152;"A";48;"A";0;"A";10;"A";38;"A";20.05;"A";9.56;"A";6.46;"A"
"2025-04-23 19:45";24.56;"A";30.75;"A";1001.99;"A";217;"A";47;"A";0;"A";12;"A";34;"A";25.6;"A";12.19;"A";7.85;"A"
"2025-04-23 20:00";23.78;"A";33.84;"A";1002.01;"A";252;"A";44;"A";0;"A";16;"A";28;"A";23.63;"A";11.78;"A";7.86;"A"
"2025-04-23 20:15";22.93;"A";36.39;"A";1002.01;"A";269;"A";41;"A";0;"A";20;"A";21;"A";26.95;"A";13.42;"A";9.18;"A"
"2025-04-23 20:30";22.12;"A";38.65;"A";1002.1;"A";348;"A";38;"A";0;"A";22;"A";16;"A";34.29;"A";16.27;"A";10.7;"A"
"2025-04-23 20:45";21.41;"A";39.87;"A";1002.27;"A";344;"A";39;"A";0;"A";25;"A";14;"A";31.15;"A";15.5;"A";10.07;"A"
"2025-04-23 21:00";20.9;"A";41.25;"A";1002.4;"A";491;"A";39;"A";0;"A";28;"A";10;"A";31.87;"A";15.67;"A";10.66;"A"
"2025-04-23 21:15";21.88;"A";36.21;"A";1002.64;"A";278;"A";42;"A";0;"A";17;"A";25;"A";33.01;"A";16.75;"A";11.13;"A"
"2025-04-23 21:30";21.54;"A";38.16;"A";1002.85;"A";197;"A";42;"A";0;"A";17;"A";25;"A";32.19;"A";16.34;"A";11.22;"A"
"2025-04-23 21:45";21.34;"A";38.6;"A";1002.93;"A";202;"A";42;"A";0;"A";17;"A";25;"A";39.12;"A";20.5;"A";14.12;"A"
"2025-04-23 22:00";20.91;"A";40.5;"A";1002.79;"A";694;"A";40;"A";0;"A";16;"A";24;"A";77.54;"A";43.07;"A";29.98;"A"
"2025-04-23 22:15";20.41;"A";42.28;"A";1002.61;"A";1323;"A";38;"A";0;"A";14;"A";24;"A";100.55;"A";59.04;"A";41.34;"A"
"2025-04-23 22:30";19.75;"A";44.25;"A";1002.44;"A";1545;"A";36;"A";0;"A";12;"A";24;"A";75.61;"A";45.4;"A";33.14;"A"
"2025-04-23 22:45";19.45;"A";45.39;"A";1002.31;"A";1286;"A";36;"A";0;"A";17;"A";20;"A";50.29;"A";29.13;"A";21.28;"A"
"2025-04-23 23:00";19.11;"A";46.77;"A";1002.35;"A";964;"A";34;"A";0;"A";17;"A";17;"A";41.32;"A";25.08;"A";18.23;"A"
"2025-04-23 23:15";18.75;"A";47.46;"A";1002.28;"A";667;"A";35;"A";0;"A";15;"A";20;"A";35.5;"A";19.34;"A";13.83;"A"
"2025-04-23 23:30";18.18;"A";49.78;"A";1002.03;"A";489;"A";33;"A";0;"A";11;"A";22;"A";29.92;"A";16.95;"A";12.13;"A"
"2025-04-23 23:45";17.75;"A";51.13;"A";1001.97;"A";655;"A";32;"A";0;"A";14;"A";17;"A";31.99;"A";19.8;"A";13.91;"A"
"2025-04-24 00:00";17.34;"A";51.92;"A";1002.15;"A";589;"A";33;"A";0;"A";15;"A";18;"A";35.42;"A";19.4;"A";13.93;"A"
"2025-04-24 00:15";17.19;"A";52.98;"A";1002.05;"A";366;"A";32;"A";0;"A";12;"A";20;"A";32.61;"A";17.9;"A";12.42;"A"
"2025-04-24 00:30";16.76;"A";54.41;"A";1001.99;"A";425;"A";30;"A";0;"A";15;"A";15;"A";32.2;"A";18.43;"A";12.79;"A"
"2025-04-24 00:45";16.48;"A";54.51;"A";1002.08;"A";397;"A";32;"A";0;"A";15;"A";17;"A";30.24;"A";18.3;"A";12.5;"A"
"2025-04-24 01:00";16.19;"A";56.4;"A";1001.92;"A";402;"A";30;"A";0;"A";14;"A";16;"A";30.11;"A";17.63;"A";13.01;"A"
"2025-04-24 01:15";15.95;"A";56.96;"A";1001.97;"A";343;"A";30;"A";0;"A";13;"A";17;"A";34.06;"A";18.96;"A";13.23;"A"
"2025-04-24 01:30";15.71;"A";58.27;"A";1001.9;"A";309;"A";29;"A";0;"A";13;"A";16;"A";31.77;"A";18.83;"A";13.25;"A"
"2025-04-24 01:45";15.48;"A";59.19;"A";1001.89;"A";322;"A";28;"A";0;"A";14;"A";14;"A";32.92;"A";20.53;"A";14.26;"A"
"2025-04-24 02:00";15.3;"A";59.35;"A";1001.79;"A";321;"A";30;"A";0;"A";18;"A";12;"A";38.22;"A";23.34;"A";16.3;"A"
"2025-04-24 02:15";15.3;"A";59.97;"A";1001.75;"A";352;"A";27;"A";0;"A";21;"A";6;"A";38.73;"A";23.85;"A";17.32;"A"
"2025-04-24 02:30";14.92;"A";61.3;"A";1001.65;"A";376;"A";29;"A";0;"A";26;"A";2;"A";51.8;"A";30.86;"A";21.85;"A"
"2025-04-24 02:45";14.6;"A";63.01;"A";1001.5;"A";400;"A";28;"A";0;"A";26;"A";3;"A";51.89;"A";32.98;"A";23.33;"A"
"2025-04-24 03:00";14.44;"A";63.91;"A";1001.6;"A";378;"A";28;"A";0;"A";26;"A";2;"A";49.56;"A";32.59;"A";22.79;"A"
"2025-04-24 03:15";14.12;"A";65.65;"A";1001.62;"A";371;"A";27;"A";0;"A";24;"A";3;"A";47;"A";30.72;"A";21.46;"A"
"2025-04-24 03:30";13.86;"A";66.77;"A";1001.49;"A";369;"A";25;"A";0;"A";22;"A";3;"A";48.08;"A";30.68;"A";21.92;"A"
"2025-04-24 03:45";13.81;"A";66.5;"A";1001.33;"A";374;"A";27;"A";0;"A";24;"A";3;"A";47.82;"A";30.79;"A";21.73;"A"
"2025-04-24 04:00";13.78;"A";67.16;"A";1001.29;"A";351;"A";27;"A";0;"A";24;"A";3;"A";44.07;"A";28.1;"A";20.48;"A"
"2025-04-24 04:15";13.44;"A";68.35;"A";1001.25;"A";343;"A";26;"A";0;"A";24;"A";3;"A";42.04;"A";28.27;"A";20.33;"A"
"2025-04-24 04:30";13.21;"A";68.81;"A";1001.09;"A";392;"A";26;"A";0;"A";24;"A";2;"A";48.3;"A";32.27;"A";23.27;"A"
"2025-04-24 04:45";13.37;"A";68.38;"A";1001.1;"A";371;"A";27;"A";0;"A";24;"A";3;"A";48.37;"A";31.7;"A";22.26;"A"
"2025-04-24 05:00";13.13;"A";69.69;"A";1001.03;"A";356;"A";26;"A";0;"A";22;"A";3;"A";45.24;"A";30.69;"A";21.71;"A"
"2025-04-24 05:15";13.06;"A";69.89;"A";1000.95;"A";374;"A";25;"A";0;"A";21;"A";3;"A";45.41;"A";30.73;"A";22.24;"A"
"2025-04-24 05:30";12.63;"A";71.47;"A";1000.83;"A";363;"A";23;"A";0;"A";19;"A";4;"A";45.89;"A";29.48;"A";21.61;"A"
"2025-04-24 05:45";12.61;"A";71.51;"A";1000.84;"A";376;"A";25;"A";0;"A";21;"A";4;"A";46.29;"A";30.06;"A";21.56;"A"
"2025-04-24 06:00";12.81;"A";71.59;"A";1000.92;"A";335;"A";23;"A";0;"A";19;"A";4;"A";48.22;"A";30.36;"A";21.22;"A"
"2025-04-24 06:15";12.69;"A";72.73;"A";1000.9;"A";298;"A";23;"A";0;"A";18;"A";4;"A";46.76;"A";28.78;"A";19.83;"A"
"2025-04-24 06:30";12.63;"A";73.42;"A";1000.88;"A";286;"A";21;"A";0;"A";16;"A";5;"A";43.52;"A";27.69;"A";19.08;"A"
"2025-04-24 06:45";12.94;"A";73;"A";1000.93;"A";361;"A";21;"A";0;"A";16;"A";5;"A";46.83;"A";29.6;"A";21.04;"A"
"2025-04-24 07:00";13.73;"A";71.41;"A";1000.88;"A";511;"A";22;"A";0;"A";18;"A";4;"A";83.85;"A";40.79;"A";26.62;"A"
"2025-04-24 07:15";14.7;"A";68.2;"A";1000.83;"A";392;"A";21;"A";0;"A";17;"A";5;"A";68.73;"A";34.78;"A";22.34;"A"
"2025-04-24 07:30";15.06;"A";67.32;"A";1000.93;"A";482;"A";26;"A";0;"A";21;"A";5;"A";55.81;"A";32.27;"A";22.46;"A"
"2025-04-24 07:45";15.3;"A";66.41;"A";1001.11;"A";525;"A";27;"A";0;"A";22;"A";5;"A";48.01;"A";27.94;"A";19.78;"A"
"2025-04-24 08:00";15.85;"A";65.35;"A";1001.28;"A";579;"A";28;"A";0;"A";23;"A";4;"A";59.32;"A";32.94;"A";22.59;"A"
"2025-04-24 08:15";16.28;"A";61.58;"A";1001.24;"A";501;"A";33;"A";0;"A";29;"A";4;"A";52.38;"A";29.49;"A";20.03;"A"
"2025-04-24 08:30";17.05;"A";56.6;"A";1001.07;"A";411;"A";39;"A";0;"A";33;"A";5;"A";57.43;"A";35.08;"A";24.02;"A"
"2025-04-24 08:45";18.16;"A";50.64;"A";1001;"A";386;"A";39;"A";0;"A";27;"A";11;"A";39.35;"A";22.76;"A";15.1;"A"
"2025-04-24 09:00";20.16;"A";44.45;"A";1000.96;"A";370;"A";46;"A";0;"A";31;"A";15;"A";47;"A";25.97;"A";18.04;"A"
"2025-04-24 09:15";21.87;"A";40.64;"A";1000.76;"A";332;"A";42;"A";0;"A";21;"A";21;"A";38.32;"A";24.26;"A";16.67;"A"
"2025-04-24 09:30";23.16;"A";39.07;"A";1000.72;"A";433;"A";44;"A";0;"A";22;"A";22;"A";37.32;"A";21.93;"A";16.24;"A"
"2025-04-24 09:45";23.92;"A";37.3;"A";1000.83;"A";366;"A";45;"A";0;"A";21;"A";24;"A";30.58;"A";15.81;"A";10.4;"A"
"2025-04-24 10:00";24.16;"A";36.67;"A";1000.81;"A";320;"A";46;"A";0;"A";19;"A";26;"A";28.22;"A";14.04;"A";9.53;"A"
"2025-04-24 10:15";24.74;"A";33.33;"A";1000.79;"A";254;"A";46;"A";0;"A";12;"A";34;"A";23.05;"A";11.64;"A";7.93;"A"
"2025-04-24 10:30";25.36;"A";31.65;"A";1000.72;"A";250;"A";49;"A";0;"A";11;"A";39;"A";32.91;"A";19.76;"A";13.58;"A"
"2025-04-24 10:45";25.86;"A";30.03;"A";1000.73;"A";367;"A";50;"A";0;"A";11;"A";40;"A";22.39;"A";11.6;"A";7.3;"A"
"2025-04-24 11:00";26.41;"A";27.42;"A";1000.54;"A";208;"A";51;"A";0;"A";9;"A";42;"A";21.45;"A";10.2;"A";7.02;"A"
"2025-04-24 11:15";26.68;"A";25.63;"A";1000.43;"A";197;"A";55;"A";0;"A";9;"A";46;"A";19.65;"A";10.26;"A";6.41;"A"
"2025-04-24 11:30";27.21;"A";24.99;"A";1000.34;"A";193;"A";56;"A";0;"A";7;"A";48;"A";19.47;"A";9.9;"A";6.68;"A"
"2025-04-24 11:45";27.22;"A";23.33;"A";1000.14;"A";179;"A";57;"A";0;"A";8;"A";49;"A";21.36;"A";9.48;"A";6.41;"A"
"2025-04-24 12:00";27.5;"A";23.81;"A";1000.13;"A";255;"A";57;"A";0;"A";9;"A";48;"A";22.31;"A";10.14;"A";6.63;"A"
"2025-04-24 12:15";27.48;"A";22.84;"A";999.97;"A";182;"A";57;"A";0;"A";8;"A";49;"A";20.68;"A";9.9;"A";6.52;"A"
"2025-04-24 12:30";27.15;"A";24.18;"A";999.82;"A";200;"A";57;"A";0;"A";8;"A";49;"A";28.09;"A";15.24;"A";9.99;"A"
"2025-04-24 12:45";26.79;"A";23.89;"A";999.7;"A";178;"A";58;"A";0;"A";8;"A";50;"A";22.32;"A";12.7;"A";8.78;"A"
"2025-04-24 13:00";26.77;"A";22.76;"A";999.59;"A";159;"A";59;"A";0;"A";10;"A";49;"A";19.13;"A";10.56;"A";6.79;"A"
"2025-04-24 13:15";26.78;"A";22.56;"A";999.62;"A";176;"A";56;"A";0;"A";8;"A";48;"A";18.12;"A";9.28;"A";6.28;"A"
"2025-04-24 13:30";27.05;"A";22.82;"A";999.53;"A";156;"A";57;"A";0;"A";8;"A";49;"A";20.61;"A";9.63;"A";6.42;"A"
"2025-04-24 13:45";27.45;"A";22.06;"A";999.51;"A";137;"A";56;"A";0;"A";7;"A";49;"A";33.68;"A";13.09;"A";7.97;"A"
"2025-04-24 14:00";27.4;"A";21.74;"A";999.53;"A";143;"A";55;"A";0;"A";7;"A";48;"A";24.35;"A";11.08;"A";7.15;"A"
"2025-04-24 14:15";28.36;"A";19.63;"A";999.4;"A";132;"A";54;"A";0;"A";7;"A";47;"A";17.09;"A";8.49;"A";5.56;"A"
"2025-04-24 14:30";28.87;"A";19.12;"A";999.26;"A";124;"A";54;"A";0;"A";5;"A";49;"A";17.01;"A";8.79;"A";6.13;"A"
"2025-04-24 14:45";28.9;"A";20.57;"A";999.2;"A";146;"A";54;"A";0;"A";7;"A";47;"A";19.22;"A";10.02;"A";6.4;"A"
"2025-04-24 15:00";29.35;"A";20.82;"A";999.09;"A";141;"A";53;"A";0;"A";6;"A";47;"A";15.96;"A";8.66;"A";5.84;"A"
"2025-04-24 15:15";29.67;"A";20.47;"A";998.99;"A";143;"A";51;"A";0;"A";6;"A";46;"A";18.66;"A";9.53;"A";6.13;"A"
"2025-04-24 15:30";29.92;"A";20.62;"A";998.87;"A";220;"A";52;"A";0;"A";8;"A";44;"A";19.32;"A";11.2;"A";7.25;"A"
"2025-04-24 15:45";30.04;"A";20.04;"A";998.81;"A";145;"A";52;"A";0;"A";6;"A";46;"A";17.61;"A";9.26;"A";6.28;"A"
"2025-04-24 16:00";30.13;"A";20.11;"A";998.52;"A";146;"A";52;"A";0;"A";6;"A";46;"A";18.17;"A";9.01;"A";5.99;"A"
"2025-04-24 16:15";30.16;"A";19.81;"A";998.36;"A";144;"A";50;"A";0;"A";6;"A";44;"A";17.53;"A";8.57;"A";5.67;"A"
"2025-04-24 16:30";29.74;"A";19.7;"A";998.28;"A";177;"A";57;"A";0;"A";19;"A";38;"A";19.31;"A";9.72;"A";6.64;"A"
"2025-04-24 16:45";30.1;"A";19.17;"A";998.18;"A";159;"A";51;"A";0;"A";10;"A";41;"A";18.2;"A";8.48;"A";5.82;"A"
"2025-04-24 17:00";29.88;"A";18.47;"A";998.13;"A";292;"A";55;"A";0;"A";14;"A";41;"A";14.89;"A";7.91;"A";5.55;"A"
"2025-04-24 17:15";29.8;"A";18.72;"A";998.11;"A";143;"A";51;"A";0;"A";7;"A";44;"A";17.35;"A";8.48;"A";5.6;"A"
"2025-04-24 17:30";29.12;"A";21.82;"A";998.21;"A";155;"A";50;"A";0;"A";6;"A";44;"A";24.06;"A";10.3;"A";6.93;"A"
"2025-04-24 17:45";28.12;"A";22.33;"A";998.16;"A";150;"A";49;"A";0;"A";7;"A";42;"A";19.27;"A";10.34;"A";6.77;"A"
"2025-04-24 18:00";27.54;"A";23.12;"A";998.03;"A";146;"A";49;"A";0;"A";9;"A";40;"A";16.54;"A";8.29;"A";5.88;"A"
"2025-04-24 18:15";27.06;"A";25.23;"A";998.03;"A";151;"A";47;"A";0;"A";9;"A";38;"A";19.23;"A";8.86;"A";6.03;"A"
"2025-04-24 18:30";26.74;"A";26.47;"A";997.97;"A";170;"A";45;"A";0;"A";9;"A";36;"A";16.44;"A";9.55;"A";6.11;"A"
"2025-04-24 18:45";26.73;"A";25.14;"A";997.88;"A";164;"A";47;"A";0;"A";13;"A";35;"A";19.71;"A";9.45;"A";6.32;"A"
"2025-04-24 19:00";26.72;"A";24.82;"A";997.89;"A";147;"A";46;"A";0;"A";8;"A";38;"A";19.69;"A";9.65;"A";6.28;"A"
"2025-04-24 19:15";26.35;"A";24.6;"A";997.89;"A";97;"A";49;"A";0;"A";6;"A";43;"A";19.06;"A";8.51;"A";5.68;"A"
"2025-04-24 19:30";25.68;"A";25.86;"A";997.91;"A";125;"A";47;"A";0;"A";7;"A";40;"A";17.48;"A";9;"A";5.84;"A"
"2025-04-24 19:45";24.87;"A";28.5;"A";998.1;"A";157;"A";46;"A";0;"A";14;"A";32;"A";19.34;"A";9.55;"A";6.44;"A"
"2025-04-24 20:00";24.42;"A";30.01;"A";998.27;"A";367;"A";43;"A";0;"A";15;"A";29;"A";26.94;"A";13.51;"A";8.78;"A"
"2025-04-24 20:15";24.35;"A";31.7;"A";998.51;"A";1180;"A";45;"A";0;"A";9;"A";36;"A";27.77;"A";15.62;"A";11.06;"A"
"2025-04-24 20:30";23.91;"A";32.95;"A";998.66;"A";286;"A";44;"A";0;"A";9;"A";34;"A";30.77;"A";15.14;"A";9.97;"A"
"2025-04-24 20:45";23.41;"A";34.41;"A";998.87;"A";237;"A";43;"A";0;"A";11;"A";32;"A";31.87;"A";15.82;"A";10.62;"A"
"2025-04-24 21:00";23;"A";34.96;"A";998.88;"A";225;"A";43;"A";0;"A";12;"A";31;"A";31.06;"A";16.9;"A";11.68;"A"
"2025-04-24 21:15";22.6;"A";35.81;"A";998.94;"A";200;"A";43;"A";0;"A";14;"A";28;"A";42.16;"A";25.32;"A";17.65;"A"
"2025-04-24 21:30";22.17;"A";36.25;"A";998.85;"A";135;"A";44;"A";0;"A";10;"A";34;"A";24.77;"A";12.72;"A";8.52;"A"
"2025-04-24 21:45";21.87;"A";36.85;"A";998.81;"A";113;"A";44;"A";0;"A";9;"A";35;"A";22.34;"A";11.07;"A";7.82;"A"
"2025-04-24 22:00";21.29;"A";39.13;"A";998.71;"A";128;"A";41;"A";0;"A";13;"A";28;"A";19.96;"A";11.88;"A";8.08;"A"
"2025-04-24 22:15";20.76;"A";40.26;"A";998.55;"A";143;"A";40;"A";0;"A";14;"A";26;"A";19.21;"A";11.58;"A";8;"A"
"2025-04-24 22:30";20.5;"A";41.47;"A";998.46;"A";131;"A";39;"A";0;"A";10;"A";29;"A";19.55;"A";10.23;"A";7.12;"A"
"2025-04-24 22:45";20.47;"A";42.28;"A";998.43;"A";144;"A";39;"A";0;"A";9;"A";30;"A";16.39;"A";8.48;"A";6.1;"A"
"2025-04-24 23:00";20.14;"A";43.44;"A";998.37;"A";93;"A";39;"A";0;"A";7;"A";31;"A";15.74;"A";9.04;"A";6.03;"A"
"2025-04-24 23:15";19.83;"A";44.73;"A";998.32;"A";102;"A";38;"A";0;"A";9;"A";30;"A";16.92;"A";9.2;"A";6.31;"A"
"2025-04-24 23:30";19.38;"A";45.47;"A";998.3;"A";89;"A";38;"A";0;"A";8;"A";30;"A";16.4;"A";8.73;"A";5.91;"A"
"2025-04-24 23:45";19.14;"A";46.5;"A";998.25;"A";105;"A";37;"A";0;"A";8;"A";29;"A";18.17;"A";9.53;"A";6.49;"A"
"2025-04-25 00:00";18.69;"A";48.15;"A";998.02;"A";99;"A";35;"A";0;"A";8;"A";27;"A";17.12;"A";9.24;"A";6.48;"A"
"2025-04-25 00:15";18.4;"A";49.68;"A";997.95;"A";92;"A";36;"A";0;"A";8;"A";28;"A";18.08;"A";9.95;"A";6.71;"A"
"2025-04-25 00:30";18.16;"A";50.14;"A";997.88;"A";110;"A";36;"A";0;"A";9;"A";27;"A";17.28;"A";9.74;"A";6.59;"A"
"2025-04-25 00:45";17.93;"A";50.82;"A";997.71;"A";100;"A";35;"A";0;"A";11;"A";24;"A";19.46;"A";10.48;"A";7.33;"A"
"2025-04-25 01:00";17.67;"A";51.8;"A";997.59;"A";96;"A";34;"A";0;"A";11;"A";23;"A";30.28;"A";17.79;"A";12.6;"A"
"2025-04-25 01:15";17.68;"A";52.96;"A";997.55;"A";89;"A";35;"A";0;"A";7;"A";28;"A";34.66;"A";19.94;"A";14.13;"A"
"2025-04-25 01:30";17.51;"A";54.23;"A";997.52;"A";84;"A";35;"A";0;"A";7;"A";27;"A";28.18;"A";16.18;"A";11.75;"A"
"2025-04-25 01:45";17.3;"A";55.31;"A";997.49;"A";91;"A";34;"A";0;"A";7;"A";26;"A";42.55;"A";25.49;"A";18.77;"A"
"2025-04-25 02:00";16.9;"A";57.15;"A";997.36;"A";84;"A";33;"A";0;"A";7;"A";26;"A";33.1;"A";20.37;"A";14.33;"A"
"2025-04-25 02:15";16.61;"A";58.2;"A";997.25;"A";90;"A";33;"A";0;"A";7;"A";25;"A";37.37;"A";24.28;"A";17.99;"A"
"2025-04-25 02:30";16.47;"A";58.14;"A";997.14;"A";74;"A";33;"A";0;"A";7;"A";26;"A";26.22;"A";15.1;"A";11.06;"A"
"2025-04-25 02:45";15.83;"A";60.62;"A";997;"A";69;"A";32;"A";0;"A";6;"A";26;"A";20.45;"A";11.87;"A";8.71;"A"
"2025-04-25 03:00";15.51;"A";61.3;"A";997.17;"A";69;"A";32;"A";0;"A";7;"A";25;"A";18.64;"A";10.6;"A";7.8;"A"
"2025-04-25 03:15";15.26;"A";62.47;"A";997.23;"A";68;"A";32;"A";0;"A";7;"A";24;"A";19.15;"A";11.25;"A";8.23;"A"
"2025-04-25 03:30";14.92;"A";64.04;"A";997.31;"A";70;"A";29;"A";0;"A";7;"A";22;"A";20.99;"A";11.6;"A";8.05;"A"
"2025-04-25 03:45";14.46;"A";66.02;"A";997.34;"A";73;"A";27;"A";0;"A";7;"A";21;"A";20.19;"A";12.32;"A";8.54;"A"
"2025-04-25 04:00";14.2;"A";67.18;"A";997.29;"A";74;"A";27;"A";0;"A";7;"A";20;"A";21.09;"A";12.7;"A";9.18;"A"
"2025-04-25 04:15";13.99;"A";68.26;"A";997.24;"A";76;"A";24;"A";0;"A";8;"A";17;"A";21.24;"A";12.38;"A";9.25;"A"
"2025-04-25 04:30";13.96;"A";68.59;"A";997.2;"A";77;"A";25;"A";0;"A";7;"A";18;"A";23.22;"A";13.83;"A";9.99;"A"
"2025-04-25 04:45";13.8;"A";69.06;"A";997.2;"A";81;"A";25;"A";0;"A";7;"A";18;"A";22.41;"A";13.54;"A";9.98;"A"
"2025-04-25 05:00";13.73;"A";69.74;"A";997.19;"A";86;"A";26;"A";0;"A";9;"A";17;"A";20.7;"A";13.84;"A";10.11;"A"
"2025-04-25 05:15";13.5;"A";70.63;"A";997.16;"A";141;"A";28;"A";0;"A";17;"A";10;"A";23.01;"A";14.52;"A";10.18;"A"
"2025-04-25 05:30";13.45;"A";71;"A";997.05;"A";118;"A";27;"A";0;"A";20;"A";7;"A";23.1;"A";14.3;"A";10.42;"A"
"2025-04-25 05:45";13.23;"A";71.84;"A";996.96;"A";138;"A";27;"A";0;"A";22;"A";5;"A";26.06;"A";15.63;"A";10.92;"A"
"2025-04-25 06:00";13.11;"A";72.46;"A";996.87;"A";146;"A";26;"A";0;"A";21;"A";4;"A";26.02;"A";15.79;"A";10.92;"A"
"2025-04-25 06:15";13.11;"A";72.55;"A";996.87;"A";194;"A";25;"A";0;"A";21;"A";4;"A";27.75;"A";16.76;"A";12.05;"A"
"2025-04-25 06:30";13.33;"A";72.05;"A";997;"A";232;"A";24;"A";0;"A";20;"A";4;"A";33.43;"A";19.23;"A";13.52;"A"
"2025-04-25 06:45";13.51;"A";72.21;"A";997;"A";423;"A";25;"A";0;"A";21;"A";3;"A";46.84;"A";23.87;"A";16.73;"A"
"2025-04-25 07:00";14.1;"A";71.23;"A";997.17;"A";407;"A";25;"A";0;"A";21;"A";3;"A";42.4;"A";22.59;"A";15.09;"A"
"2025-04-25 07:15";15.11;"A";69.23;"A";997.23;"A";536;"A";27;"A";0;"A";24;"A";3;"A";44.5;"A";25.38;"A";17.57;"A"
"2025-04-25 07:30";15.82;"A";66.4;"A";997.01;"A";460;"A";30;"A";0;"A";27;"A";3;"A";44.9;"A";24.78;"A";17.36;"A"
"2025-04-25 07:45";16.52;"A";63.8;"A";997.03;"A";454;"A";32;"A";0;"A";28;"A";3;"A";41.78;"A";25.66;"A";17.39;"A"
"2025-04-25 08:00";17.41;"A";58.38;"A";997.02;"A";402;"A";36;"A";0;"A";33;"A";3;"A";41.35;"A";24.28;"A";16.69;"A"
"2025-04-25 08:15";18.36;"A";48.91;"A";997.04;"A";247;"A";39;"A";0;"A";28;"A";11;"A";30.56;"A";16.95;"A";11.75;"A"
"2025-04-25 08:30";19.01;"A";46.4;"A";997.23;"A";215;"A";43;"A";0;"A";27;"A";16;"A";29.89;"A";16.95;"A";11.74;"A"
"2025-04-25 08:45";19.15;"A";49.83;"A";997.33;"A";222;"A";43;"A";0;"A";28;"A";15;"A";29.96;"A";16.11;"A";10.62;"A"
"2025-04-25 09:00";19.52;"A";49.38;"A";997.25;"A";317;"A";39;"A";0;"A";26;"A";13;"A";33.73;"A";17.31;"A";12.04;"A"
"2025-04-25 09:15";20.7;"A";45.27;"A";997.16;"A";321;"A";42;"A";0;"A";29;"A";13;"A";32.73;"A";16.78;"A";11.4;"A"
"2025-04-25 09:30";22.33;"A";40.89;"A";997.24;"A";403;"A";44;"A";0;"A";27;"A";17;"A";31.85;"A";16.72;"A";11.67;"A"
"2025-04-25 09:45";22.2;"A";43.91;"A";997.34;"A";421;"A";43;"A";0;"A";30;"A";13;"A";33.46;"A";18.49;"A";12.79;"A"
"2025-04-25 10:00";23.12;"A";39.89;"A";997.22;"A";300;"A";46;"A";0;"A";22;"A";24;"A";44.41;"A";27.28;"A";18.79;"A"
"2025-04-25 10:15";23.81;"A";37.22;"A";997.08;"A";327;"A";47;"A";0;"A";20;"A";27;"A";32.18;"A";17.38;"A";12.59;"A"
"2025-04-25 10:30";24.58;"A";34.33;"A";997.05;"A";240;"A";52;"A";0;"A";15;"A";37;"A";28.45;"A";14.9;"A";10;"A"
"2025-04-25 10:45";25.55;"A";33.28;"A";996.9;"A";236;"A";53;"A";0;"A";13;"A";40;"A";29.18;"A";15.62;"A";10.67;"A"
"2025-04-25 11:00";25.87;"A";31.19;"A";996.77;"A";252;"A";54;"A";0;"A";14;"A";40;"A";27.93;"A";15.37;"A";10.77;"A"
"2025-04-25 11:15";26.36;"A";28.67;"A";996.73;"A";225;"A";56;"A";0;"A";12;"A";44;"A";25.45;"A";14.5;"A";10.26;"A"
"2025-04-25 11:30";26.71;"A";28.61;"A";996.73;"A";209;"A";56;"A";0;"A";12;"A";44;"A";28.31;"A";14.71;"A";9.58;"A"
"2025-04-25 11:45";27;"A";28.58;"A";996.55;"A";208;"A";56;"A";0;"A";10;"A";46;"A";24.76;"A";13.66;"A";9.54;"A"
"2025-04-25 12:00";27.56;"A";25.45;"A";996.53;"A";180;"A";57;"A";0;"A";8;"A";49;"A";22.45;"A";11.39;"A";7.69;"A"
"2025-04-25 12:15";27.78;"A";26.21;"A";996.47;"A";179;"A";60;"A";0;"A";9;"A";51;"A";22.72;"A";12.37;"A";7.92;"A"
"2025-04-25 12:30";28.1;"A";25.52;"A";996.37;"A";182;"A";57;"A";0;"A";7;"A";50;"A";25.64;"A";12.15;"A";8.2;"A"
"2025-04-25 12:45";28.31;"A";25.2;"A";996.14;"A";165;"A";57;"A";0;"A";8;"A";49;"A";22.95;"A";11.54;"A";7.88;"A"
"2025-04-25 13:00";28.62;"A";23.98;"A";995.98;"A";161;"A";56;"A";0;"A";8;"A";48;"A";23.59;"A";11.63;"A";7.96;"A"
"2025-04-25 13:15";28.84;"A";23.54;"A";996.01;"A";156;"A";57;"A";0;"A";8;"A";49;"A";20.89;"A";12.15;"A";7.75;"A"
"2025-04-25 13:30";27.99;"A";24.69;"A";995.99;"A";174;"A";56;"A";0;"A";9;"A";48;"A";35.99;"A";16.16;"A";9.79;"A"
"2025-04-25 13:45";27.41;"A";27.28;"A";995.99;"A";171;"A";56;"A";0;"A";10;"A";46;"A";22.25;"A";11.17;"A";7.55;"A"
"2025-04-25 14:00";26.63;"A";28.07;"A";996.42;"A";181;"A";53;"A";0;"A";8;"A";45;"A";20.37;"A";10.69;"A";7.24;"A"
"2025-04-25 14:15";25.97;"A";29.12;"A";996.27;"A";149;"A";55;"A";0;"A";7;"A";47;"A";35.39;"A";14.32;"A";8.55;"A"
"2025-04-25 14:30";25.42;"A";30.63;"A";996.19;"A";154;"A";54;"A";0;"A";7;"A";48;"A";26.64;"A";13.04;"A";8.2;"A"
"2025-04-25 14:45";25.18;"A";30.11;"A";996.22;"A";135;"A";55;"A";0;"A";7;"A";48;"A";37.1;"A";15.3;"A";9.28;"A"
"2025-04-25 15:00";24.53;"A";34.15;"A";996.27;"A";125;"A";56;"A";0;"A";8;"A";48;"A";13.78;"A";7.14;"A";5.06;"A"
"2025-04-25 15:15";24.78;"A";29.24;"A";996.14;"A";102;"A";52;"A";0;"A";5;"A";47;"A";14.65;"A";7.85;"A";5.12;"A"
"2025-04-25 15:30";25.3;"A";26.88;"A";995.73;"A";90;"A";55;"A";0;"A";7;"A";48;"A";16.78;"A";8.35;"A";5.63;"A"
"2025-04-25 15:45";25.7;"A";26.93;"A";995.52;"A";243;"A";54;"A";0;"A";9;"A";45;"A";21.55;"A";11.48;"A";7.91;"A"
"2025-04-25 16:00";26.02;"A";29.82;"A";995.6;"A";204;"A";53;"A";0;"A";12;"A";41;"A";19.54;"A";11.14;"A";7.53;"A"
"2025-04-25 16:15";26.58;"A";27.32;"A";995.59;"A";195;"A";49;"A";0;"A";8;"A";42;"A";16.84;"A";9.51;"A";7.22;"A"
"2025-04-25 16:30";26.74;"A";28.54;"A";995.66;"A";212;"A";50;"A";0;"A";9;"A";41;"A";16.53;"A";9.03;"A";6.42;"A"
"2025-04-25 16:45";27.22;"A";25.71;"A";995.74;"A";160;"A";54;"A";0;"A";12;"A";43;"A";18.88;"A";9.25;"A";6.51;"A"
"2025-04-25 17:00";27.17;"A";26.78;"A";995.79;"A";137;"A";54;"A";0;"A";9;"A";45;"A";18.11;"A";9.69;"A";6.9;"A"
"2025-04-25 17:15";26.84;"A";27.89;"A";995.6;"A";176;"A";51;"A";0;"A";10;"A";41;"A";18.63;"A";10.06;"A";6.97;"A"
"2025-04-25 17:30";26.57;"A";28.15;"A";995.48;"A";175;"A";53;"A";0;"A";11;"A";42;"A";19.95;"A";11.58;"A";8.15;"A"
"2025-04-25 17:45";26.12;"A";32.09;"A";995.52;"A";269;"A";50;"A";0;"A";14;"A";35;"A";18.91;"A";10.5;"A";7.4;"A"
"2025-04-25 18:00";25.64;"A";32.51;"A";995.41;"A";234;"A";49;"A";0;"A";13;"A";36;"A";18.82;"A";10.69;"A";7.28;"A"
"2025-04-25 18:15";25.33;"A";32.93;"A";995.4;"A";269;"A";49;"A";0;"A";19;"A";30;"A";20.35;"A";10.63;"A";7.39;"A"
"2025-04-25 18:30";25.43;"A";30.79;"A";995.46;"A";270;"A";50;"A";0;"A";17;"A";33;"A";23.3;"A";12.43;"A";8.23;"A"
"2025-04-25 18:45";25.23;"A";31.96;"A";995.39;"A";412;"A";51;"A";0;"A";23;"A";28;"A";24.02;"A";12.05;"A";8.55;"A"
"2025-04-25 19:00";25.01;"A";32.01;"A";995.37;"A";383;"A";49;"A";0;"A";21;"A";28;"A";30.2;"A";14.92;"A";10.48;"A"
"2025-04-25 19:15";24.75;"A";32.78;"A";995.62;"A";214;"A";51;"A";0;"A";17;"A";33;"A";23.18;"A";12.85;"A";8.69;"A"
"2025-04-25 19:30";24.23;"A";34.33;"A";995.76;"A";155;"A";50;"A";0;"A";9;"A";41;"A";24.5;"A";12.21;"A";8.07;"A"
"2025-04-25 19:45";23.81;"A";35.49;"A";996.12;"A";166;"A";48;"A";0;"A";11;"A";37;"A";21.05;"A";10.46;"A";7.19;"A"
"2025-04-25 20:00";23.58;"A";35.39;"A";996.5;"A";159;"A";49;"A";0;"A";11;"A";39;"A";21.3;"A";10.58;"A";7.28;"A"
"2025-04-25 20:15";23.29;"A";36.37;"A";996.76;"A";458;"A";48;"A";0;"A";9;"A";39;"A";29.28;"A";17.17;"A";12.06;"A"
"2025-04-25 20:30";22.74;"A";37.63;"A";997.03;"A";207;"A";49;"A";0;"A";8;"A";41;"A";19.86;"A";12.12;"A";8.26;"A"
"2025-04-25 20:45";22.31;"A";39.01;"A";997.13;"A";122;"A";48;"A";0;"A";8;"A";41;"A";20.15;"A";9.86;"A";6.73;"A"
"2025-04-25 21:00";21.73;"A";40.99;"A";997.13;"A";116;"A";48;"A";0;"A";9;"A";39;"A";21.88;"A";10.2;"A";7.02;"A"
"2025-04-25 21:15";21.61;"A";42.3;"A";997.46;"A";116;"A";46;"A";0;"A";11;"A";35;"A";21.48;"A";10.39;"A";6.88;"A"
"2025-04-25 21:30";21.47;"A";46;"A";997.68;"A";123;"A";44;"A";0;"A";9;"A";35;"A";18.23;"A";9.29;"A";6.39;"A"
"2025-04-25 21:45";21.22;"A";46.69;"A";997.73;"A";108;"A";43;"A";0;"A";8;"A";35;"A";12.92;"A";8.21;"A";5.48;"A"
"2025-04-25 22:00";20.79;"A";48.93;"A";997.65;"A";105;"A";42;"A";0;"A";8;"A";34;"A";14.16;"A";7.88;"A";5.61;"A"
"2025-04-25 22:15";20.43;"A";51.03;"A";997.5;"A";114;"A";40;"A";0;"A";8;"A";32;"A";14.5;"A";7.98;"A";5.74;"A"
"2025-04-25 22:30";20.26;"A";51.75;"A";997.28;"A";141;"A";40;"A";0;"A";8;"A";32;"A";16.96;"A";9.77;"A";6.82;"A"
"2025-04-25 22:45";20.01;"A";53.17;"A";997.14;"A";134;"A";38;"A";0;"A";7;"A";31;"A";16.72;"A";9.58;"A";6.31;"A"
"2025-04-25 23:00";19.77;"A";54.39;"A";997.14;"A";124;"A";36;"A";0;"A";7;"A";29;"A";15.51;"A";8.77;"A";5.97;"A"
"2025-04-25 23:15";19.96;"A";53.49;"A";996.88;"A";116;"A";39;"A";0;"A";8;"A";31;"A";16.55;"A";9.51;"A";6.5;"A"
"2025-04-25 23:30";19.97;"A";53.56;"A";996.74;"A";125;"A";38;"A";0;"A";11;"A";27;"A";19.12;"A";10.18;"A";7.31;"A"
"2025-04-25 23:45";19.81;"A";54.35;"A";996.73;"A";106;"A";38;"A";0;"A";14;"A";24;"A";21.85;"A";11.07;"A";7.64;"A"
"2025-04-26 00:00";19.52;"A";56.12;"A";996.83;"A";108;"A";36;"A";0;"A";13;"A";23;"A";21.7;"A";11.4;"A";8;"A"
"2025-04-26 00:15";19.36;"A";56.16;"A";996.89;"A";110;"A";37;"A";0;"A";12;"A";24;"A";19.5;"A";11.5;"A";7.86;"A"
"2025-04-26 00:30";19.45;"A";55.33;"A";996.84;"A";103;"A";37;"A";0;"A";15;"A";22;"A";19.44;"A";10.63;"A";7.42;"A"
"2025-04-26 00:45";19.54;"A";54.9;"A";996.73;"A";89;"A";40;"A";0;"A";14;"A";26;"A";16.06;"A";9.53;"A";6.69;"A"
"2025-04-26 01:00";19.26;"A";56.27;"A";996.7;"A";81;"A";39;"A";0;"A";10;"A";28;"A";17.15;"A";9.28;"A";6.51;"A"
"2025-04-26 01:15";19.16;"A";56.74;"A";996.88;"A";84;"A";38;"A";0;"A";8;"A";30;"A";15.5;"A";9.56;"A";6.48;"A"
"2025-04-26 01:30";18.95;"A";57.3;"A";996.9;"A";93;"A";37;"A";0;"A";7;"A";30;"A";16.73;"A";10.07;"A";7.07;"A"
"2025-04-26 01:45";18.52;"A";58.39;"A";996.98;"A";108;"A";36;"A";0;"A";9;"A";27;"A";17.06;"A";10.54;"A";7.58;"A"
"2025-04-26 02:00";18.19;"A";59.36;"A";996.77;"A";114;"A";36;"A";0;"A";12;"A";24;"A";18.74;"A";10.75;"A";7.52;"A"
"2025-04-26 02:15";18;"A";60.32;"A";996.64;"A";107;"A";34;"A";0;"A";11;"A";22;"A";19.16;"A";10.47;"A";7.71;"A"
"2025-04-26 02:30";17.56;"A";62.18;"A";996.46;"A";108;"A";32;"A";0;"A";10;"A";22;"A";16.98;"A";10.97;"A";7.7;"A"
"2025-04-26 02:45";17.23;"A";63.63;"A";996.33;"A";113;"A";30;"A";0;"A";9;"A";21;"A";17.57;"A";11.2;"A";7.55;"A"
"2025-04-26 03:00";17.09;"A";64.1;"A";996.32;"A";108;"A";30;"A";0;"A";10;"A";20;"A";18.43;"A";11.43;"A";8.15;"A"
"2025-04-26 03:15";17.09;"A";63.36;"A";996.28;"A";103;"A";29;"A";0;"A";9;"A";20;"A";18.02;"A";10.98;"A";7.84;"A"
"2025-04-26 03:30";16.71;"A";65.39;"A";996.23;"A";104;"A";28;"A";0;"A";9;"A";19;"A";19.11;"A";11.17;"A";7.85;"A"
"2025-04-26 03:45";16.51;"A";66.17;"A";996.08;"A";106;"A";27;"A";0;"A";9;"A";19;"A";18.45;"A";11.02;"A";7.83;"A"
"2025-04-26 04:00";16.37;"A";65.82;"A";996.13;"A";101;"A";28;"A";0;"A";8;"A";20;"A";18.96;"A";10.71;"A";7.94;"A"
"2025-04-26 04:15";16.37;"A";64.29;"A";996.08;"A";110;"A";31;"A";0;"A";7;"A";24;"A";16.77;"A";10.55;"A";7.57;"A"
"2025-04-26 04:30";15.95;"A";66.8;"A";995.97;"A";103;"A";29;"A";0;"A";9;"A";21;"A";19.7;"A";11.51;"A";8.31;"A"
"2025-04-26 04:45";15.58;"A";68.95;"A";995.87;"A";97;"A";28;"A";0;"A";10;"A";18;"A";19.27;"A";12.19;"A";8.98;"A"
"2025-04-26 05:00";15.38;"A";70.16;"A";995.72;"A";103;"A";27;"A";0;"A";9;"A";18;"A";19.62;"A";13.04;"A";9.14;"A"
"2025-04-26 05:15";15.13;"A";71.15;"A";995.78;"A";133;"A";25;"A";0;"A";10;"A";15;"A";22.24;"A";13.54;"A";9.55;"A"
"2025-04-26 05:30";15.04;"A";71.22;"A";995.9;"A";115;"A";26;"A";0;"A";8;"A";18;"A";18.32;"A";13.11;"A";9.48;"A"
"2025-04-26 05:45";14.96;"A";71.4;"A";995.92;"A";149;"A";27;"A";0;"A";11;"A";16;"A";20.6;"A";13.72;"A";10.01;"A"
"2025-04-26 06:00";15.02;"A";69.38;"A";996.11;"A";156;"A";28;"A";0;"A";12;"A";15;"A";24.07;"A";14.82;"A";10.57;"A"
"2025-04-26 06:15";14.92;"A";66.64;"A";996.49;"A";100;"A";32;"A";0;"A";10;"A";22;"A";22.48;"A";16.28;"A";12.02;"A"
"2025-04-26 06:30";14.6;"A";66.72;"A";996.67;"A";93;"A";32;"A";0;"A";11;"A";21;"A";23.5;"A";14;"A";10.18;"A"
"2025-04-26 06:45";14.76;"A";65.11;"A";996.69;"A";88;"A";34;"A";0;"A";11;"A";23;"A";24.75;"A";13.81;"A";9.69;"A"
"2025-04-26 07:00";15.44;"A";61.68;"A";996.88;"A";80;"A";36;"A";0;"A";9;"A";27;"A";20.1;"A";12.53;"A";9.1;"A"
"2025-04-26 07:15";15.75;"A";61.49;"A";997.04;"A";132;"A";38;"A";0;"A";14;"A";24;"A";23.2;"A";14.04;"A";9.72;"A"
"2025-04-26 07:30";15.97;"A";61.85;"A";997.16;"A";278;"A";35;"A";0;"A";11;"A";24;"A";21.41;"A";13.01;"A";9.87;"A"
"2025-04-26 07:45";16.26;"A";61.39;"A";997.31;"A";167;"A";32;"A";0;"A";7;"A";25;"A";21.36;"A";11.5;"A";8.66;"A"
"2025-04-26 08:00";16.52;"A";61.44;"A";997.5;"A";123;"A";31;"A";0;"A";8;"A";23;"A";21.43;"A";12.99;"A";9.06;"A"
"2025-04-26 08:15";16.82;"A";60.35;"A";997.54;"A";108;"A";32;"A";0;"A";9;"A";22;"A";20.73;"A";12.41;"A";9.1;"A"
"2025-04-26 08:30";17.24;"A";58.77;"A";997.66;"A";103;"A";32;"A";0;"A";6;"A";25;"A";16.81;"A";11.37;"A";7.94;"A"
"2025-04-26 08:45";17.8;"A";56.4;"A";997.59;"A";104;"A";33;"A";0;"A";7;"A";26;"A";18.68;"A";11.24;"A";7.85;"A"
"2025-04-26 09:00";19.03;"A";51.64;"A";997.99;"A";103;"A";35;"A";0;"A";6;"A";29;"A";19.2;"A";10.82;"A";7.43;"A"
"2025-04-26 09:15";19.99;"A";48.95;"A";998.18;"A";101;"A";35;"A";0;"A";5;"A";30;"A";22.8;"A";12.21;"A";8.36;"A"
"2025-04-26 09:30";20.64;"A";46.99;"A";998.17;"A";119;"A";37;"A";0;"A";6;"A";31;"A";19.5;"A";10.37;"A";7.37;"A"
"2025-04-26 09:45";21.02;"A";45.88;"A";998.27;"A";129;"A";37;"A";0;"A";5;"A";32;"A";16.78;"A";9.89;"A";6.92;"A"
"2025-04-26 10:00";21.23;"A";45.77;"A";998.48;"A";134;"A";38;"A";0;"A";6;"A";32;"A";17.12;"A";10.55;"A";7.25;"A"
"2025-04-26 10:15";21.28;"A";44.72;"A";998.59;"A";128;"A";38;"A";0;"A";6;"A";32;"A";21.1;"A";10.45;"A";7.06;"A"
"2025-04-26 10:30";21.28;"A";44.79;"A";998.66;"A";118;"A";38;"A";0;"A";5;"A";33;"A";18.41;"A";9.71;"A";6.31;"A"
"2025-04-26 10:45";21.36;"A";44.9;"A";998.75;"A";123;"A";37;"A";0;"A";5;"A";32;"A";21.86;"A";10.3;"A";6.78;"A"
"2025-04-26 11:00";21.1;"A";45.21;"A";998.96;"A";111;"A";39;"A";0;"A";5;"A";34;"A";19.53;"A";9.81;"A";6.16;"A"
"2025-04-26 11:15";20.83;"A";46.38;"A";999.43;"A";109;"A";37;"A";0;"A";6;"A";32;"A";26.32;"A";11.45;"A";7.22;"A"
"2025-04-26 11:30";20.14;"A";47.92;"A";999.74;"A";116;"A";36;"A";0;"A";7;"A";29;"A";70.05;"A";27.03;"A";15.6;"A"
"2025-04-26 11:45";19.12;"A";50.32;"A";999.69;"A";102;"A";36;"A";0;"A";7;"A";29;"A";42.81;"A";17.41;"A";10.53;"A"
"2025-04-26 12:00";18;"A";55.6;"A";1000.01;"A";99;"A";36;"A";0;"A";7;"A";29;"A";26.19;"A";12.04;"A";6.9;"A"
"2025-04-26 12:15";17.64;"A";56.39;"A";1000.4;"A";90;"A";35;"A";0;"A";6;"A";29;"A";29.14;"A";11.71;"A";6.84;"A"
"2025-04-26 12:30";17.63;"A";55.96;"A";1000.49;"A";82;"A";36;"A";0;"A";5;"A";30;"A";21.28;"A";9.35;"A";5.84;"A"
"2025-04-26 12:45";17.67;"A";55.7;"A";1000.45;"A";77;"A";38;"A";0;"A";6;"A";32;"A";11.71;"A";6.06;"A";3.92;"A"
"2025-04-26 13:00";18.88;"A";53.81;"A";1000.41;"A";86;"A";38;"A";0;"A";5;"A";32;"A";11.77;"A";6.57;"A";4.29;"A"
"2025-04-26 13:15";19.55;"A";51.32;"A";1000.49;"A";80;"A";39;"A";0;"A";5;"A";34;"A";16.69;"A";7.3;"A";4.69;"A"
"2025-04-26 13:30";19.46;"A";49.41;"A";1000.56;"A";72;"A";42;"A";0;"A";5;"A";37;"A";17.29;"A";8.35;"A";5.39;"A"
"2025-04-26 13:45";19.9;"A";47.99;"A";1000.64;"A";80;"A";43;"A";0;"A";6;"A";37;"A";15.33;"A";7.58;"A";5.05;"A"
"2025-04-26 14:00";20.36;"A";45.76;"A";1000.7;"A";77;"A";43;"A";0;"A";5;"A";38;"A";14.25;"A";6.26;"A";4.18;"A"
"2025-04-26 14:15";20.92;"A";44.34;"A";1000.77;"A";81;"A";43;"A";0;"A";5;"A";39;"A";13.03;"A";5.53;"A";3.43;"A"
"2025-04-26 14:30";21.22;"A";41.37;"A";1000.86;"A";79;"A";46;"A";0;"A";5;"A";40;"A";10.54;"A";4.76;"A";2.93;"A"
"2025-04-26 14:45";21.14;"A";38.75;"A";1000.8;"A";82;"A";46;"A";0;"A";5;"A";41;"A";31.44;"A";13.41;"A";7.65;"A"
"2025-04-26 15:00";21.19;"A";37.84;"A";1000.83;"A";72;"A";47;"A";0;"A";7;"A";40;"A";18.34;"A";7.45;"A";4.08;"A"
"2025-04-26 15:15";20.88;"A";36.94;"A";1000.75;"A";75;"A";45;"A";0;"A";6;"A";39;"A";23.32;"A";10.64;"A";6.17;"A"
"2025-04-26 15:30";20.53;"A";35.84;"A";1000.96;"A";70;"A";45;"A";0;"A";6;"A";39;"A";26.56;"A";9.66;"A";5.6;"A"
"2025-04-26 15:45";19.83;"A";35.64;"A";1001.02;"A";74;"A";44;"A";0;"A";6;"A";38;"A";22.95;"A";8.62;"A";4.93;"A"
"2025-04-26 16:00";19.47;"A";35.86;"A";1001.05;"A";76;"A";45;"A";0;"A";6;"A";39;"A";14.8;"A";7.07;"A";3.76;"A"
"2025-04-26 16:15";19.13;"A";37.12;"A";1001.22;"A";75;"A";44;"A";0;"A";5;"A";39;"A";15.64;"A";6.8;"A";3.91;"A"
"2025-04-26 16:30";19.42;"A";36.1;"A";1001.58;"A";65;"A";43;"A";0;"A";5;"A";38;"A";13.28;"A";5.38;"A";3.13;"A"
"2025-04-26 16:45";19.67;"A";33.86;"A";1001.77;"A";60;"A";42;"A";0;"A";5;"A";37;"A";10.53;"A";4.46;"A";2.49;"A"
"2025-04-26 17:00";19.49;"A";34.37;"A";1001.79;"A";62;"A";43;"A";0;"A";6;"A";38;"A";15.57;"A";6.12;"A";3.43;"A"
"2025-04-26 17:15";19.38;"A";35.23;"A";1001.85;"A";68;"A";42;"A";0;"A";5;"A";37;"A";24.61;"A";10.62;"A";6.24;"A"
"2025-04-26 17:30";19.03;"A";36.64;"A";1002.03;"A";73;"A";43;"A";0;"A";6;"A";37;"A";25.79;"A";10.61;"A";6.47;"A"
"2025-04-26 17:45";18.43;"A";37.56;"A";1002.18;"A";73;"A";42;"A";0;"A";6;"A";37;"A";24.07;"A";9.59;"A";5.67;"A"
"2025-04-26 18:00";17.97;"A";37.85;"A";1002.12;"A";62;"A";43;"A";0;"A";5;"A";38;"A";22.91;"A";8.87;"A";5.38;"A"
"2025-04-26 18:15";17.75;"A";39.17;"A";1002.3;"A";63;"A";42;"A";0;"A";6;"A";36;"A";18.26;"A";8.16;"A";4.85;"A"
"2025-04-26 18:30";17.45;"A";40.72;"A";1002.66;"A";63;"A";41;"A";0;"A";6;"A";36;"A";11.1;"A";4.88;"A";3.03;"A"
"2025-04-26 18:45";17.02;"A";41.04;"A";1002.92;"A";65;"A";40;"A";0;"A";6;"A";35;"A";6.94;"A";3.92;"A";2.65;"A"
"2025-04-26 19:00";16.62;"A";41.63;"A";1003.14;"A";59;"A";41;"A";0;"A";6;"A";35;"A";11.17;"A";5.32;"A";3.42;"A"
"2025-04-26 19:15";16.32;"A";42.73;"A";1003.16;"A";56;"A";41;"A";0;"A";6;"A";35;"A";9.61;"A";4.66;"A";3.17;"A"
"2025-04-26 19:30";16.12;"A";42.5;"A";1003.45;"A";57;"A";40;"A";0;"A";6;"A";34;"A";6.45;"A";4.14;"A";2.87;"A"
"2025-04-26 19:45";15.72;"A";40.94;"A";1003.46;"A";51;"A";41;"A";0;"A";7;"A";34;"A";13.7;"A";6.51;"A";4.2;"A"
"2025-04-26 20:00";15.48;"A";41.83;"A";1003.6;"A";54;"A";41;"A";0;"A";8;"A";33;"A";14.36;"A";7.2;"A";4.55;"A"
"2025-04-26 20:15";15.18;"A";44.46;"A";1004.08;"A";58;"A";40;"A";0;"A";5;"A";34;"A";10.49;"A";5.31;"A";3.03;"A"
"2025-04-26 20:30";14.95;"A";45.43;"A";1004.34;"A";55;"A";39;"A";0;"A";6;"A";33;"A";9.22;"A";4.61;"A";2.82;"A"
"2025-04-26 20:45";14.69;"A";47.26;"A";1004.67;"A";63;"A";38;"A";0;"A";7;"A";31;"A";8.99;"A";5.09;"A";3.08;"A"
"2025-04-26 21:00";14.36;"A";47.78;"A";1004.91;"A";57;"A";37;"A";0;"A";6;"A";31;"A";9.54;"A";5.24;"A";3.37;"A"
"2025-04-26 21:15";14.21;"A";44.49;"A";1005.11;"A";45;"A";38;"A";0;"A";6;"A";33;"A";8.45;"A";4.92;"A";3.19;"A"
"2025-04-26 21:30";13.91;"A";48.43;"A";1005.35;"A";53;"A";39;"A";0;"A";7;"A";32;"A";7.76;"A";4.93;"A";3.31;"A"
"2025-04-26 21:45";13.64;"A";50.09;"A";1005.63;"A";52;"A";37;"A";0;"A";6;"A";31;"A";9.31;"A";4.97;"A";3.17;"A"
"2025-04-26 22:00";13.34;"A";50.77;"A";1005.85;"A";49;"A";37;"A";0;"A";6;"A";31;"A";9.11;"A";4.46;"A";2.97;"A"
"2025-04-26 22:15";13.08;"A";51.45;"A";1006.01;"A";55;"A";36;"A";0;"A";6;"A";30;"A";8.26;"A";4.57;"A";3.08;"A"
"2025-04-26 22:30";12.73;"A";50.77;"A";1006.13;"A";51;"A";35;"A";0;"A";7;"A";28;"A";8.58;"A";4.89;"A";3.5;"A"
"2025-04-26 22:45";12.5;"A";48.76;"A";1006.4;"A";43;"A";37;"A";0;"A";10;"A";26;"A";9.03;"A";5.59;"A";3.83;"A"
"2025-04-26 23:00";12.18;"A";49.59;"A";1006.75;"A";54;"A";37;"A";0;"A";9;"A";28;"A";7.63;"A";4.76;"A";3.36;"A"
"2025-04-26 23:15";11.67;"A";50.8;"A";1006.84;"A";72;"A";36;"A";0;"A";9;"A";26;"A";9.92;"A";5.54;"A";3.73;"A"
"2025-04-26 23:30";11.32;"A";50.63;"A";1007.01;"A";40;"A";35;"A";0;"A";10;"A";24;"A";9.17;"A";5.42;"A";3.63;"A"
"2025-04-26 23:45";10.91;"A";47.94;"A";1007.07;"A";30;"A";35;"A";0;"A";9;"A";26;"A";8.14;"A";4.48;"A";3.02;"A"
"2025-04-27 00:00";10.59;"A";45.48;"A";1007.16;"A";28;"A";37;"A";0;"A";9;"A";29;"A";9.71;"A";4.36;"A";2.79;"A"
"2025-04-27 00:15";10.29;"A";44.89;"A";1007.23;"A";27;"A";37;"A";0;"A";8;"A";29;"A";7.37;"A";3.73;"A";2.55;"A"
"2025-04-27 00:30";10.14;"A";44.05;"A";1007.37;"A";28;"A";37;"A";0;"A";9;"A";29;"A";10.29;"A";4.7;"A";3.17;"A"
"2025-04-27 00:45";9.87;"A";44.13;"A";1007.5;"A";30;"A";37;"A";0;"A";8;"A";29;"A";10.38;"A";5.9;"A";4.02;"A"
"2025-04-27 01:00";9.76;"A";43.55;"A";1007.65;"A";36;"A";38;"A";0;"A";8;"A";29;"A";11.85;"A";7.58;"A";5.09;"A"
"2025-04-27 01:15";9.59;"A";43.72;"A";1007.59;"A";34;"A";38;"A";0;"A";10;"A";28;"A";13.4;"A";7.14;"A";5.01;"A"
"2025-04-27 01:30";9.46;"A";42.19;"A";1007.55;"A";32;"A";38;"A";0;"A";10;"A";28;"A";12.94;"A";7.08;"A";4.44;"A"
"2025-04-27 01:45";9.32;"A";42.04;"A";1007.53;"A";31;"A";39;"A";0;"A";9;"A";29;"A";11.49;"A";6.4;"A";4.36;"A"
"2025-04-27 02:00";9.22;"A";41.01;"A";1007.64;"A";30;"A";39;"A";0;"A";8;"A";31;"A";11.93;"A";6.61;"A";4.31;"A"
"2025-04-27 02:15";9.05;"A";40.86;"A";1007.79;"A";29;"A";40;"A";0;"A";8;"A";32;"A";12.57;"A";6.86;"A";4.45;"A"
"2025-04-27 02:30";8.86;"A";41.11;"A";1007.79;"A";28;"A";40;"A";0;"A";13;"A";27;"A";12.56;"A";6.86;"A";4.41;"A"
"2025-04-27 02:45";8.57;"A";42.12;"A";1007.88;"A";28;"A";39;"A";0;"A";15;"A";24;"A";11.34;"A";6.41;"A";4.22;"A"
"2025-04-27 03:00";8.33;"A";43.18;"A";1007.99;"A";27;"A";38;"A";0;"A";14;"A";25;"A";9.62;"A";5.7;"A";3.75;"A"
"2025-04-27 03:15";8.1;"A";43.75;"A";1008.28;"A";27;"A";38;"A";0;"A";13;"A";25;"A";8.81;"A";5.14;"A";3.3;"A"
"2025-04-27 03:30";7.97;"A";44.84;"A";1008.39;"A";24;"A";39;"A";0;"A";11;"A";27;"A";9.25;"A";5.19;"A";3.76;"A"
"2025-04-27 03:45";7.69;"A";46.34;"A";1008.55;"A";24;"A";37;"A";0;"A";9;"A";28;"A";9.21;"A";5.16;"A";3.52;"A"
"2025-04-27 04:00";7.47;"A";47.11;"A";1008.77;"A";24;"A";37;"A";0;"A";11;"A";26;"A";10.04;"A";5.46;"A";3.67;"A"
"2025-04-27 04:15";7.37;"A";47.44;"A";1008.91;"A";23;"A";37;"A";0;"A";12;"A";25;"A";9.56;"A";5.38;"A";3.57;"A"
"2025-04-27 04:30";7.14;"A";47.89;"A";1009.01;"A";22;"A";37;"A";0;"A";11;"A";25;"A";8.64;"A";4.91;"A";3.49;"A"
"2025-04-27 04:45";7.04;"A";48.13;"A";1009.07;"A";24;"A";36;"A";0;"A";11;"A";24;"A";9.06;"A";5.45;"A";3.51;"A"
"2025-04-27 05:00";6.92;"A";47.83;"A";1009.22;"A";25;"A";36;"A";0;"A";10;"A";26;"A";9.07;"A";5.62;"A";3.53;"A"
"2025-04-27 05:15";6.8;"A";49.44;"A";1009.41;"A";24;"A";36;"A";0;"A";13;"A";23;"A";8.95;"A";5.51;"A";3.64;"A"
"2025-04-27 05:30";6.51;"A";49.92;"A";1009.77;"A";27;"A";35;"A";0;"A";11;"A";24;"A";9.7;"A";5.15;"A";3.37;"A"
"2025-04-27 05:45";6.34;"A";50.4;"A";1009.81;"A";27;"A";35;"A";0;"A";9;"A";25;"A";9.37;"A";5.14;"A";3.52;"A"
"2025-04-27 06:00";6.19;"A";50.84;"A";1010;"A";26;"A";34;"A";0;"A";10;"A";24;"A";8.93;"A";5.4;"A";3.41;"A"
"2025-04-27 06:15";6.09;"A";50.5;"A";1010.27;"A";29;"A";34;"A";0;"A";9;"A";25;"A";8.88;"A";4.9;"A";3.38;"A"
"2025-04-27 06:30";6.06;"A";50.58;"A";1010.4;"A";23;"A";34;"A";0;"A";7;"A";27;"A";8.74;"A";4.95;"A";3.13;"A"
"2025-04-27 06:45";6.15;"A";50.84;"A";1010.66;"A";28;"A";33;"A";0;"A";8;"A";25;"A";8.94;"A";5.21;"A";3.42;"A"
"2025-04-27 07:00";6.66;"A";49.35;"A";1010.86;"A";31;"A";34;"A";0;"A";9;"A";24;"A";10.43;"A";6.15;"A";3.89;"A"
"2025-04-27 07:15";7.56;"A";44.91;"A";1010.91;"A";37;"A";34;"A";0;"A";8;"A";26;"A";12.44;"A";6.75;"A";4.89;"A"
"2025-04-27 07:30";7.84;"A";43.58;"A";1011.17;"A";37;"A";36;"A";0;"A";9;"A";27;"A";13.01;"A";8.01;"A";5.32;"A"
"2025-04-27 07:45";8.45;"A";41.61;"A";1011.49;"A";39;"A";36;"A";0;"A";8;"A";28;"A";11.49;"A";6.74;"A";4.88;"A"
"2025-04-27 08:00";8.69;"A";39.93;"A";1011.68;"A";35;"A";38;"A";0;"A";7;"A";31;"A";12.13;"A";6.95;"A";4.91;"A"
"2025-04-27 08:15";9.11;"A";38.55;"A";1011.72;"A";41;"A";39;"A";0;"A";7;"A";32;"A";10.98;"A";6.13;"A";4.18;"A"
"2025-04-27 08:30";9.61;"A";36.41;"A";1011.84;"A";38;"A";39;"A";0;"A";6;"A";33;"A";9.84;"A";5.78;"A";4.06;"A"
"2025-04-27 08:45";10.01;"A";35.21;"A";1011.97;"A";37;"A";40;"A";0;"A";7;"A";34;"A";9.12;"A";4.64;"A";3.35;"A"
"2025-04-27 09:00";11.3;"A";32.62;"A";1012.21;"A";36;"A";40;"A";0;"A";7;"A";33;"A";8.64;"A";5.3;"A";3.28;"A"
"2025-04-27 09:15";12.09;"A";28.92;"A";1012.19;"A";47;"A";42;"A";0;"A";7;"A";34;"A";10.68;"A";5.24;"A";3.46;"A"
"2025-04-27 09:30";12.71;"A";27.76;"A";1012.39;"A";47;"A";44;"A";0;"A";7;"A";37;"A";9.96;"A";5.16;"A";3.38;"A"
"2025-04-27 09:45";12.65;"A";27.4;"A";1012.52;"A";59;"A";44;"A";0;"A";7;"A";37;"A";12.55;"A";5.76;"A";3.52;"A"
"2025-04-27 10:00";12.75;"A";27.07;"A";1012.71;"A";58;"A";44;"A";0;"A";7;"A";37;"A";11.55;"A";5.14;"A";3.02;"A"
"2025-04-27 10:15";13.06;"A";26.67;"A";1012.82;"A";54;"A";44;"A";0;"A";6;"A";38;"A";9.85;"A";4.15;"A";2.76;"A"
"2025-04-27 10:30";12.76;"A";27.71;"A";1012.85;"A";58;"A";44;"A";0;"A";6;"A";38;"A";10;"A";4.9;"A";3.24;"A"
"2025-04-27 10:45";13.02;"A";28.48;"A";1012.86;"A";56;"A";43;"A";0;"A";6;"A";37;"A";7.21;"A";4.44;"A";2.84;"A"
"2025-04-27 11:00";13.24;"A";27.77;"A";1012.93;"A";53;"A";44;"A";0;"A";5;"A";39;"A";11.13;"A";5.5;"A";3.32;"A"
"2025-04-27 11:15";13.73;"A";26.75;"A";1013.04;"A";53;"A";45;"A";0;"A";7;"A";38;"A";10.39;"A";4.89;"A";3.16;"A"
"2025-04-27 11:30";13.65;"A";26.27;"A";1013.03;"A";47;"A";45;"A";0;"A";6;"A";39;"A";7.61;"A";4.02;"A";2.41;"A"
"2025-04-27 11:45";13.68;"A";27.43;"A";1012.96;"A";53;"A";44;"A";0;"A";7;"A";38;"A";8.76;"A";4.18;"A";2.69;"A"
"2025-04-27 12:00";13.94;"A";25.83;"A";1013.08;"A";48;"A";45;"A";0;"A";6;"A";39;"A";13.39;"A";5.53;"A";3.29;"A"
"2025-04-27 12:15";14.05;"A";25.5;"A";1012.9;"A";45;"A";45;"A";0;"A";6;"A";39;"A";8.73;"A";3.83;"A";2.51;"A"
"2025-04-27 12:30";14.3;"A";26.64;"A";1013.01;"A";48;"A";45;"A";0;"A";6;"A";39;"A";8.93;"A";4.43;"A";2.75;"A"
"2025-04-27 12:45";14.53;"A";25.85;"A";1012.92;"A";57;"A";45;"A";0;"A";6;"A";39;"A";11.88;"A";6.12;"A";3.84;"A"
"2025-04-27 13:00";14.98;"A";25.35;"A";1013.06;"A";54;"A";45;"A";0;"A";6;"A";39;"A";12.91;"A";6.63;"A";4.47;"A"
"2025-04-27 13:15";14.82;"A";25.08;"A";1013.19;"A";54;"A";46;"A";0;"A";6;"A";40;"A";11.87;"A";5.92;"A";3.77;"A"
"2025-04-27 13:30";15.13;"A";24.77;"A";1013;"A";53;"A";46;"A";0;"A";6;"A";40;"A";11.31;"A";5.69;"A";3.87;"A"
"2025-04-27 13:45";15.38;"A";24.11;"A";1013;"A";54;"A";46;"A";0;"A";6;"A";40;"A";10.2;"A";6.36;"A";3.93;"A"
"2025-04-27 14:00";15.92;"A";24.08;"A";1013.02;"A";57;"A";45;"A";0;"A";5;"A";39;"A";13.58;"A";6.36;"A";4.36;"A"
"2025-04-27 14:15";15.94;"A";23.12;"A";1013.07;"A";56;"A";46;"A";0;"A";6;"A";39;"A";17.84;"A";8.13;"A";4.92;"A"
"2025-04-27 14:30";16.25;"A";22.99;"A";1013.25;"A";54;"A";44;"A";0;"A";6;"A";38;"A";12.99;"A";5.37;"A";3.34;"A"
"2025-04-27 14:45";16.19;"A";22.36;"A";1013.32;"A";53;"A";44;"A";0;"A";6;"A";38;"A";8.33;"A";4.37;"A";2.58;"A"
"2025-04-27 15:00";16.47;"A";22.91;"A";1013.5;"A";54;"A";44;"A";0;"A";6;"A";38;"A";10.02;"A";4.02;"A";2.26;"A"
"2025-04-27 15:15";16.67;"A";22.91;"A";1013.56;"A";54;"A";44;"A";0;"A";6;"A";38;"A";10.69;"A";4.41;"A";2.51;"A"
"2025-04-27 15:30";16.67;"A";22.91;"A";1013.61;"A";56;"A";44;"A";0;"A";6;"A";38;"A";8.85;"A";3.77;"A";2.32;"A"
"2025-04-27 15:45";16.73;"A";21.98;"A";1013.69;"A";58;"A";44;"A";0;"A";6;"A";38;"A";7.33;"A";3.62;"A";2.24;"A"
"2025-04-27 16:00";16.48;"A";21.63;"A";1013.82;"A";54;"A";45;"A";0;"A";6;"A";39;"A";14.63;"A";5.07;"A";3.01;"A"
"2025-04-27 16:15";16.55;"A";22.06;"A";1013.91;"A";53;"A";45;"A";0;"A";6;"A";39;"A";11.04;"A";5.11;"A";3.1;"A"
"2025-04-27 16:30";16.03;"A";22.69;"A";1013.89;"A";57;"A";45;"A";0;"A";6;"A";39;"A";18.66;"A";8.76;"A";5.82;"A"
"2025-04-27 16:45";16.21;"A";22.02;"A";1014.07;"A";63;"A";45;"A";0;"A";6;"A";40;"A";14.92;"A";9.39;"A";6.49;"A"
"2025-04-27 17:00";16;"A";22.22;"A";1014.1;"A";67;"A";45;"A";0;"A";6;"A";39;"A";18.23;"A";10.18;"A";7.16;"A"
"2025-04-27 17:15";15.81;"A";22.77;"A";1014.11;"A";69;"A";46;"A";0;"A";6;"A";40;"A";16.56;"A";10.54;"A";7.21;"A"
"2025-04-27 17:30";15.23;"A";22.56;"A";1014.52;"A";60;"A";45;"A";0;"A";6;"A";39;"A";22.05;"A";10.59;"A";6.82;"A"
"2025-04-27 17:45";14.64;"A";22.48;"A";1014.72;"A";55;"A";47;"A";0;"A";7;"A";40;"A";26.85;"A";11.88;"A";7.26;"A"
"2025-04-27 18:00";14.23;"A";22.98;"A";1014.88;"A";47;"A";45;"A";0;"A";6;"A";39;"A";13.55;"A";6.43;"A";4.25;"A"
"2025-04-27 18:15";13.8;"A";23.5;"A";1014.92;"A";48;"A";46;"A";0;"A";6;"A";40;"A";15.83;"A";8.42;"A";5.32;"A"
"2025-04-27 18:30";13.56;"A";24.59;"A";1014.97;"A";66;"A";45;"A";0;"A";7;"A";38;"A";18.5;"A";11.18;"A";7.57;"A"
"2025-04-27 18:45";13.24;"A";24.66;"A";1015.21;"A";44;"A";45;"A";0;"A";7;"A";38;"A";22.1;"A";8.86;"A";5.4;"A"
"2025-04-27 19:00";12.82;"A";24.77;"A";1015.34;"A";37;"A";45;"A";0;"A";6;"A";39;"A";11.41;"A";5.59;"A";3.4;"A"
"2025-04-27 19:15";12.45;"A";24.57;"A";1015.56;"A";37;"A";45;"A";0;"A";6;"A";39;"A";23.52;"A";9.94;"A";6.23;"A"
"2025-04-27 19:30";12.13;"A";25.17;"A";1015.78;"A";36;"A";45;"A";0;"A";6;"A";40;"A";13.76;"A";7.6;"A";4.81;"A"
"2025-04-27 19:45";11.84;"A";27;"A";1016.08;"A";33;"A";45;"A";0;"A";7;"A";38;"A";14.87;"A";6.6;"A";3.8;"A"
"2025-04-27 20:00";11.52;"A";28.53;"A";1016.47;"A";38;"A";43;"A";0;"A";6;"A";37;"A";8.87;"A";4.58;"A";2.81;"A"
"2025-04-27 20:15";11.33;"A";29.37;"A";1016.77;"A";43;"A";42;"A";0;"A";7;"A";35;"A";6.97;"A";3.55;"A";2.24;"A"
"2025-04-27 20:30";10.92;"A";30.63;"A";1017.03;"A";43;"A";42;"A";0;"A";7;"A";35;"A";6.89;"A";3.68;"A";2.38;"A"
"2025-04-27 20:45";10.59;"A";31.55;"A";1017.28;"A";45;"A";41;"A";0;"A";8;"A";33;"A";6.4;"A";3.46;"A";2.21;"A"
"2025-04-27 21:00";10.34;"A";32;"A";1017.3;"A";47;"A";40;"A";0;"A";9;"A";31;"A";8.42;"A";4.23;"A";2.79;"A"
"2025-04-27 21:15";9.96;"A";33.39;"A";1017.38;"A";51;"A";39;"A";0;"A";10;"A";30;"A";9.37;"A";4.82;"A";3.21;"A"
"2025-04-27 21:30";9.52;"A";34.46;"A";1017.64;"A";53;"A";38;"A";0;"A";12;"A";27;"A";8.79;"A";5.25;"A";3.49;"A"
"2025-04-27 21:45";9.17;"A";35.93;"A";1017.62;"A";61;"A";38;"A";0;"A";16;"A";22;"A";10.67;"A";5.4;"A";3.53;"A"
"2025-04-27 22:00";9.06;"A";36.66;"A";1017.72;"A";54;"A";37;"A";0;"A";23;"A";14;"A";10.65;"A";4.7;"A";3.1;"A"
"2025-04-27 22:15";9.26;"A";35.16;"A";1017.92;"A";46;"A";37;"A";0;"A";15;"A";22;"A";10.76;"A";4.57;"A";2.87;"A"
"2025-04-27 22:30";9.43;"A";34;"A";1018.2;"A";33;"A";39;"A";0;"A";10;"A";28;"A";12.96;"A";5.73;"A";3.19;"A"
"2025-04-27 22:45";9.21;"A";34.27;"A";1018.3;"A";32;"A";39;"A";0;"A";10;"A";29;"A";8.93;"A";5.19;"A";3.29;"A"
"2025-04-27 23:00";9.01;"A";33.7;"A";1018.59;"A";30;"A";38;"A";0;"A";7;"A";32;"A";10.24;"A";5.03;"A";3.3;"A"
"2025-04-27 23:15";8.94;"A";33;"A";1018.67;"A";28;"A";39;"A";0;"A";7;"A";32;"A";12.37;"A";6.21;"A";4.08;"A"
"2025-04-27 23:30";8.81;"A";33.25;"A";1018.98;"A";24;"A";39;"A";0;"A";7;"A";32;"A";13.97;"A";6.36;"A";3.97;"A"
"2025-04-27 23:45";8.43;"A";34.48;"A";1019.22;"A";29;"A";38;"A";0;"A";7;"A";31;"A";14.52;"A";7.52;"A";4.46;"A"
"2025-04-28 00:00";8.14;"A";35.97;"A";1019.46;"A";38;"A";37;"A";0;"A";7;"A";30;"A";15.29;"A";7.33;"A";4.81;"A"
"2025-04-28 00:15";8.05;"A";36.56;"A";1019.51;"A";28;"A";38;"A";0;"A";7;"A";31;"A";11.98;"A";5.56;"A";3.29;"A"
"2025-04-28 00:30";7.9;"A";37.44;"A";1019.65;"A";24;"A";38;"A";0;"A";6;"A";32;"A";9.59;"A";4.58;"A";2.62;"A"
"2025-04-28 00:45";7.67;"A";37.81;"A";1019.75;"A";21;"A";38;"A";0;"A";6;"A";32;"A";9.35;"A";4.56;"A";2.86;"A"
"2025-04-28 01:00";7.26;"A";39.52;"A";1019.92;"A";20;"A";37;"A";0;"A";6;"A";31;"A";9.54;"A";4.69;"A";3.21;"A"
"2025-04-28 01:15";6.76;"A";40.5;"A";1020.06;"A";23;"A";36;"A";0;"A";6;"A";29;"A";14.76;"A";9.15;"A";6.67;"A"
"2025-04-28 01:30";6.35;"A";41.64;"A";1020.16;"A";23;"A";35;"A";0;"A";6;"A";29;"A";12.93;"A";7.33;"A";5.07;"A"
"2025-04-28 01:45";6.1;"A";42.47;"A";1020.45;"A";22;"A";35;"A";0;"A";5;"A";30;"A";9.26;"A";5;"A";3.3;"A"
"2025-04-28 02:00";5.76;"A";44.27;"A";1020.59;"A";20;"A";34;"A";0;"A";6;"A";28;"A";9.77;"A";5.2;"A";3.25;"A"
"2025-04-28 02:15";5.45;"A";46.61;"A";1020.64;"A";21;"A";33;"A";0;"A";6;"A";26;"A";9.83;"A";5.14;"A";3.44;"A"
"2025-04-28 02:30";5.11;"A";48.72;"A";1020.55;"A";22;"A";31;"A";0;"A";6;"A";25;"A";10.11;"A";5.67;"A";3.53;"A"
"2025-04-28 02:45";4.72;"A";50.82;"A";1020.71;"A";22;"A";30;"A";0;"A";6;"A";24;"A";10.4;"A";6.11;"A";4.01;"A"
"2025-04-28 03:00";4.36;"A";51.53;"A";1020.8;"A";25;"A";30;"A";0;"A";6;"A";23;"A";11.03;"A";6.23;"A";4.29;"A"
"2025-04-28 03:15";4.08;"A";52.37;"A";1020.78;"A";24;"A";30;"A";0;"A";6;"A";23;"A";11.39;"A";6.59;"A";4.48;"A"
"2025-04-28 03:30";4.07;"A";53.16;"A";1020.72;"A";23;"A";29;"A";0;"A";7;"A";22;"A";11.16;"A";6.47;"A";4.67;"A"
"2025-04-28 03:45";3.89;"A";53.98;"A";1020.84;"A";25;"A";28;"A";0;"A";7;"A";22;"A";12.27;"A";6.32;"A";4.53;"A"
"2025-04-28 04:00";3.71;"A";55.02;"A";1021;"A";27;"A";28;"A";0;"A";7;"A";21;"A";12.88;"A";7.79;"A";5.25;"A"
"2025-04-28 04:15";3.72;"A";56.07;"A";1021.01;"A";30;"A";27;"A";0;"A";9;"A";18;"A";13.82;"A";8.27;"A";5.88;"A"
"2025-04-28 04:30";3.54;"A";56.98;"A";1021.16;"A";39;"A";25;"A";0;"A";10;"A";15;"A";19.14;"A";11.59;"A";8.47;"A"
"2025-04-28 04:45";3.4;"A";58.19;"A";1021.2;"A";49;"A";24;"A";0;"A";13;"A";11;"A";21.96;"A";14.84;"A";10.06;"A"
"2025-04-28 05:00";2.99;"A";60.48;"A";1021.22;"A";57;"A";23;"A";0;"A";14;"A";10;"A";23.17;"A";15.78;"A";10.94;"A"
"2025-04-28 05:15";3.01;"A";60.48;"A";1021.35;"A";66;"A";23;"A";0;"A";17;"A";6;"A";23.93;"A";15.89;"A";11.96;"A"
"2025-04-28 05:30";2.91;"A";58.83;"A";1021.48;"A";118;"A";22;"A";0;"A";17;"A";5;"A";37.88;"A";26.61;"A";18.8;"A"
"2025-04-28 05:45";2.77;"A";59.1;"A";1021.7;"A";128;"A";25;"A";0;"A";18;"A";7;"A";50.66;"A";34.93;"A";24.72;"A"
"2025-04-28 06:00";2.62;"A";60.13;"A";1021.85;"A";130;"A";25;"A";0;"A";18;"A";7;"A";62.45;"A";33.48;"A";22.52;"A"
"2025-04-28 06:15";2.77;"A";60.41;"A";1022.01;"A";129;"A";25;"A";0;"A";18;"A";7;"A";60.39;"A";33.07;"A";21.75;"A"
"2025-04-28 06:30";3.21;"A";58.46;"A";1022.02;"A";211;"A";25;"A";0;"A";21;"A";4;"A";112.81;"A";51.98;"A";32.39;"A"
"2025-04-28 06:45";3.55;"A";57.37;"A";1022.28;"A";194;"A";25;"A";0;"A";21;"A";4;"A";48.55;"A";30.67;"A";21.44;"A"
"2025-04-28 07:00";4.48;"A";54.18;"A";1022.45;"A";189;"A";28;"A";0;"A";22;"A";6;"A";41.46;"A";25.95;"A";17.93;"A"
"2025-04-28 07:15";5.78;"A";49.07;"A";1022.41;"A";174;"A";30;"A";0;"A";18;"A";11;"A";31.45;"A";19.93;"A";13.88;"A"
"2025-04-28 07:30";6.08;"A";46.98;"A";1022.57;"A";95;"A";33;"A";0;"A";17;"A";16;"A";24.45;"A";15.04;"A";10.46;"A"
"2025-04-28 07:45";6.64;"A";43.92;"A";1022.77;"A";95;"A";35;"A";0;"A";13;"A";23;"A";26.39;"A";16.96;"A";11.69;"A"
"2025-04-28 08:00";6.98;"A";42.81;"A";1022.78;"A";65;"A";37;"A";0;"A";13;"A";24;"A";19.07;"A";8.67;"A";5.44;"A"
"2025-04-28 08:15";7.18;"A";40.85;"A";1022.65;"A";68;"A";38;"A";0;"A";13;"A";26;"A";32.97;"A";22.62;"A";15.46;"A"
"2025-04-28 08:30";7.72;"A";39.77;"A";1022.55;"A";61;"A";38;"A";0;"A";9;"A";29;"A";14.37;"A";8.7;"A";5.64;"A"
"2025-04-28 08:45";8.39;"A";35.81;"A";1022.6;"A";66;"A";40;"A";0;"A";10;"A";30;"A";30.13;"A";18.49;"A";12.85;"A"
"2025-04-28 09:00";9.74;"A";33.1;"A";1022.73;"A";87;"A";43;"A";0;"A";17;"A";26;"A";12.74;"A";7.17;"A";4.69;"A"
"2025-04-28 09:15";11.3;"A";30.03;"A";1022.82;"A";98;"A";41;"A";0;"A";12;"A";29;"A";13.91;"A";7.62;"A";5.07;"A"
"2025-04-28 09:30";12;"A";27.38;"A";1022.78;"A";67;"A";43;"A";0;"A";9;"A";34;"A";9.06;"A";4.65;"A";3.13;"A"
"2025-04-28 09:45";12.06;"A";27;"A";1022.72;"A";66;"A";46;"A";0;"A";10;"A";36;"A";10.95;"A";4.56;"A";2.55;"A"
"2025-04-28 10:00";12.15;"A";26.19;"A";1022.74;"A";69;"A";45;"A";0;"A";8;"A";37;"A";18.89;"A";12.78;"A";8.45;"A"
"2025-04-28 10:15";12.26;"A";25.49;"A";1022.8;"A";71;"A";45;"A";0;"A";7;"A";38;"A";8.67;"A";4.38;"A";2.84;"A"
"2025-04-28 10:30";12.56;"A";26.03;"A";1022.82;"A";74;"A";45;"A";0;"A";10;"A";35;"A";8.55;"A";4.25;"A";2.68;"A"
"2025-04-28 10:45";12.77;"A";25.87;"A";1022.78;"A";66;"A";45;"A";0;"A";8;"A";36;"A";7.93;"A";3.65;"A";2.27;"A"
"2025-04-28 11:00";12.82;"A";26.11;"A";1022.75;"A";70;"A";45;"A";0;"A";8;"A";37;"A";10.28;"A";5.67;"A";3.84;"A"
"2025-04-28 11:15";12.92;"A";25.8;"A";1022.69;"A";62;"A";44;"A";0;"A";7;"A";37;"A";6.97;"A";3.29;"A";2.18;"A"
"2025-04-28 11:30";13.31;"A";25.56;"A";1022.62;"A";57;"A";45;"A";0;"A";7;"A";38;"A";7.46;"A";3.8;"A";2.5;"A"
"2025-04-28 11:45";13.22;"A";25.35;"A";1022.63;"A";58;"A";45;"A";0;"A";7;"A";38;"A";8.2;"A";4.18;"A";2.4;"A"
"2025-04-28 12:00";13.47;"A";24.5;"A";1022.38;"A";67;"A";45;"A";0;"A";8;"A";37;"A";10.11;"A";5.49;"A";3.41;"A"
"2025-04-28 12:15";13.69;"A";24.48;"A";1022.28;"A";63;"A";45;"A";0;"A";7;"A";38;"A";7.67;"A";4.23;"A";2.63;"A"
"2025-04-28 12:30";14.18;"A";23.36;"A";1022.2;"A";57;"A";45;"A";0;"A";7;"A";38;"A";9.09;"A";4.79;"A";2.81;"A"
"2025-04-28 12:45";14.27;"A";23.78;"A";1021.94;"A";59;"A";46;"A";0;"A";8;"A";38;"A";8.85;"A";4.33;"A";2.72;"A"
"2025-04-28 13:00";14.76;"A";23.24;"A";1021.84;"A";89;"A";44;"A";0;"A";6;"A";37;"A";9.6;"A";5.7;"A";3.92;"A"
"2025-04-28 13:15";14.5;"A";23.11;"A";1021.77;"A";58;"A";45;"A";0;"A";6;"A";39;"A";6.83;"A";3.43;"A";2.14;"A"
"2025-04-28 13:30";15.21;"A";22.29;"A";1021.82;"A";56;"A";46;"A";0;"A";9;"A";38;"A";7.97;"A";3.81;"A";2.42;"A"
"2025-04-28 13:45";15.53;"A";22.59;"A";1021.61;"A";56;"A";45;"A";0;"A";6;"A";39;"A";6.61;"A";3.68;"A";2.49;"A"
"2025-04-28 14:00";15.77;"A";22.63;"A";1021.34;"A";63;"A";45;"A";0;"A";7;"A";38;"A";8.62;"A";4.42;"A";2.54;"A"
"2025-04-28 14:15";15.89;"A";21.69;"A";1021.24;"A";60;"A";46;"A";0;"A";7;"A";39;"A";7.01;"A";3.89;"A";2.48;"A"
"2025-04-28 14:30";16.2;"A";21.54;"A";1021.2;"A";55;"A";45;"A";0;"A";6;"A";39;"A";6.34;"A";3.88;"A";2.38;"A"
"2025-04-28 14:45";16.81;"A";20.94;"A";1020.98;"A";59;"A";45;"A";0;"A";6;"A";39;"A";6.07;"A";3.6;"A";2.27;"A"
"2025-04-28 15:00";17.2;"A";20.79;"A";1020.75;"A";72;"A";46;"A";0;"A";7;"A";38;"A";7.89;"A";4.89;"A";3.47;"A"
"2025-04-28 15:15";17.45;"A";20.74;"A";1020.43;"A";62;"A";46;"A";0;"A";6;"A";41;"A";6.75;"A";3.5;"A";2.33;"A"
"2025-04-28 15:30";17.97;"A";20.19;"A";1020.18;"A";60;"A";46;"A";0;"A";5;"A";40;"A";5.92;"A";3.18;"A";2.21;"A"
"2025-04-28 15:45";18.19;"A";19.89;"A";1020;"A";67;"A";46;"A";0;"A";6;"A";40;"A";6.87;"A";3.73;"A";2.41;"A"
"2025-04-28 16:00";18.21;"A";19.6;"A";1019.74;"A";67;"A";46;"A";0;"A";6;"A";40;"A";7.3;"A";3.95;"A";2.61;"A"
"2025-04-28 16:15";18.26;"A";19.33;"A";1019.68;"A";66;"A";46;"A";0;"A";6;"A";40;"A";8.67;"A";3.93;"A";2.41;"A"
"2025-04-28 16:30";18.8;"A";19.54;"A";1019.64;"A";115;"A";47;"A";0;"A";12;"A";35;"A";12.88;"A";4.92;"A";2.91;"A"
"2025-04-28 16:45";18.62;"A";19.52;"A";1019.54;"A";90;"A";46;"A";0;"A";6;"A";40;"A";7.83;"A";3.76;"A";2.39;"A"
"2025-04-28 17:00";18.48;"A";19.77;"A";1019.38;"A";81;"A";46;"A";0;"A";6;"A";40;"A";6.27;"A";4.07;"A";2.48;"A"
"2025-04-28 17:15";18.17;"A";19.75;"A";1019.26;"A";72;"A";46;"A";0;"A";6;"A";40;"A";7.65;"A";3.51;"A";2.42;"A"
"2025-04-28 17:30";17.82;"A";20.23;"A";1019.06;"A";71;"A";46;"A";0;"A";6;"A";41;"A";8.14;"A";4.11;"A";2.67;"A"
"2025-04-28 17:45";17.33;"A";20.7;"A";1019.11;"A";72;"A";46;"A";0;"A";6;"A";41;"A";8.14;"A";4.49;"A";2.94;"A"
"2025-04-28 18:00";16.94;"A";21.47;"A";1018.92;"A";68;"A";46;"A";0;"A";6;"A";40;"A";9.45;"A";4.82;"A";3.01;"A"
"2025-04-28 18:15";16.71;"A";22.23;"A";1018.81;"A";73;"A";46;"A";0;"A";6;"A";40;"A";9.41;"A";4.96;"A";3.04;"A"
"2025-04-28 18:30";16.56;"A";21.81;"A";1018.77;"A";62;"A";46;"A";0;"A";6;"A";40;"A";8.2;"A";4.7;"A";3.1;"A"
"2025-04-28 18:45";16.45;"A";22.4;"A";1018.79;"A";57;"A";46;"A";0;"A";6;"A";40;"A";9.42;"A";5.33;"A";3.47;"A"
"2025-04-28 19:00";15.88;"A";23.41;"A";1018.69;"A";60;"A";46;"A";0;"A";7;"A";39;"A";10.21;"A";5.21;"A";3.45;"A"
"2025-04-28 19:15";15.46;"A";23.48;"A";1018.66;"A";67;"A";46;"A";0;"A";7;"A";39;"A";10.08;"A";5.65;"A";3.77;"A"
"2025-04-28 19:30";14.87;"A";25.3;"A";1018.6;"A";63;"A";45;"A";0;"A";8;"A";37;"A";12.84;"A";6.97;"A";4.36;"A"
"2025-04-28 19:45";14.29;"A";27.81;"A";1018.7;"A";114;"A";44;"A";0;"A";9;"A";35;"A";13.75;"A";6.96;"A";4.7;"A"
"2025-04-28 20:00";13.63;"A";29.91;"A";1018.54;"A";195;"A";41;"A";0;"A";12;"A";29;"A";14.04;"A";7.19;"A";4.55;"A"
"2025-04-28 20:15";13.05;"A";31.71;"A";1018.55;"A";160;"A";41;"A";0;"A";21;"A";20;"A";16.82;"A";8.28;"A";5.2;"A"
"2025-04-28 20:30";12.49;"A";33.16;"A";1018.61;"A";138;"A";39;"A";0;"A";20;"A";19;"A";17.03;"A";8.59;"A";5.53;"A"
"2025-04-28 20:45";11.87;"A";35.21;"A";1018.83;"A";181;"A";37;"A";0;"A";22;"A";14;"A";18.57;"A";9.86;"A";6.27;"A"
"2025-04-28 21:00";11.43;"A";36.56;"A";1018.94;"A";176;"A";37;"A";0;"A";21;"A";15;"A";18.04;"A";9.57;"A";6.44;"A"
"2025-04-28 21:15";11.12;"A";37.76;"A";1018.86;"A";179;"A";35;"A";0;"A";20;"A";15;"A";19.18;"A";10.42;"A";7.04;"A"
"2025-04-28 21:30";11.09;"A";37.97;"A";1018.85;"A";174;"A";35;"A";0;"A";25;"A";10;"A";21.15;"A";11.59;"A";7.96;"A"
"2025-04-28 21:45";10.94;"A";37.92;"A";1018.9;"A";292;"A";35;"A";0;"A";26;"A";9;"A";40.91;"A";23.22;"A";15.51;"A"
"2025-04-28 22:00";10.75;"A";38.41;"A";1018.74;"A";319;"A";36;"A";0;"A";26;"A";9;"A";53.3;"A";30.05;"A";20.27;"A"
"2025-04-28 22:15";10.77;"A";38.43;"A";1018.72;"A";1089;"A";38;"A";0;"A";32;"A";7;"A";59.1;"A";33.59;"A";22.88;"A"
"2025-04-28 22:30";10.66;"A";38.71;"A";1018.68;"A";1410;"A";37;"A";0;"A";28;"A";8;"A";53.55;"A";30.98;"A";21.45;"A"
"2025-04-28 22:45";11.05;"A";36.48;"A";1018.69;"A";663;"A";36;"A";0;"A";21;"A";16;"A";37.44;"A";21.2;"A";13.66;"A"
"2025-04-28 23:00";11.55;"A";33.39;"A";1018.87;"A";269;"A";37;"A";0;"A";15;"A";22;"A";26.11;"A";15.32;"A";10.07;"A"
"2025-04-28 23:15";11.7;"A";31.58;"A";1018.88;"A";152;"A";39;"A";0;"A";13;"A";26;"A";26.21;"A";12.87;"A";8.46;"A"
"2025-04-28 23:30";11.72;"A";31.12;"A";1018.93;"A";133;"A";40;"A";0;"A";13;"A";28;"A";23.33;"A";11.22;"A";7.02;"A"
"2025-04-28 23:45";11.71;"A";31.17;"A";1018.94;"A";136;"A";41;"A";0;"A";12;"A";29;"A";20.13;"A";9.55;"A";5.99;"A"
"2025-04-29 00:00";11.58;"A";31.04;"A";1019.04;"A";104;"A";40;"A";0;"A";10;"A";30;"A";16.4;"A";7.76;"A";5.15;"A"
"2025-04-29 00:15";10.94;"A";32.58;"A";1019;"A";59;"A";39;"A";0;"A";10;"A";30;"A";15.88;"A";7.7;"A";5.06;"A"
"2025-04-29 00:30";10.25;"A";35.03;"A";1018.97;"A";60;"A";37;"A";0;"A";11;"A";27;"A";14.54;"A";8.44;"A";5.58;"A"
"2025-04-29 00:45";9.84;"A";36.94;"A";1018.76;"A";63;"A";35;"A";0;"A";11;"A";24;"A";15.43;"A";8.65;"A";5.97;"A"
"2025-04-29 01:00";9.49;"A";38.75;"A";1018.7;"A";63;"A";34;"A";0;"A";11;"A";22;"A";16.94;"A";9.03;"A";5.97;"A"
"2025-04-29 01:15";9.37;"A";39.78;"A";1018.74;"A";60;"A";33;"A";0;"A";12;"A";22;"A";18.08;"A";9.6;"A";6.45;"A"
"2025-04-29 01:30";9.26;"A";41.85;"A";1018.78;"A";58;"A";35;"A";0;"A";13;"A";22;"A";17.73;"A";9.24;"A";6.02;"A"
"2025-04-29 01:45";9.16;"A";43.33;"A";1018.7;"A";55;"A";35;"A";0;"A";11;"A";24;"A";15.8;"A";8.34;"A";5.37;"A"
"2025-04-29 02:00";8.88;"A";44.19;"A";1018.67;"A";53;"A";34;"A";0;"A";11;"A";24;"A";16.25;"A";8.43;"A";5.52;"A"
"2025-04-29 02:15";8.78;"A";44.7;"A";1018.39;"A";51;"A";34;"A";0;"A";10;"A";24;"A";15.82;"A";7.51;"A";4.81;"A"
"2025-04-29 02:30";8.71;"A";44.89;"A";1018.38;"A";50;"A";34;"A";0;"A";10;"A";24;"A";15.36;"A";7.49;"A";4.52;"A"
"2025-04-29 02:45";8.34;"A";46.89;"A";1018.33;"A";43;"A";33;"A";0;"A";9;"A";24;"A";14.54;"A";6.62;"A";4.44;"A"
"2025-04-29 03:00";7.99;"A";48.1;"A";1018.38;"A";42;"A";33;"A";0;"A";10;"A";23;"A";14.16;"A";7.35;"A";4.47;"A"
"2025-04-29 03:15";7.73;"A";49.01;"A";1018.42;"A";41;"A";33;"A";0;"A";9;"A";24;"A";13.68;"A";7.23;"A";4.54;"A"
"2025-04-29 03:30";7.5;"A";49.75;"A";1018.35;"A";39;"A";32;"A";0;"A";9;"A";22;"A";14.06;"A";7.05;"A";4.84;"A"
"2025-04-29 03:45";7.37;"A";50.11;"A";1018.18;"A";37;"A";33;"A";0;"A";10;"A";23;"A";14.89;"A";7.59;"A";4.68;"A"
"2025-04-29 04:00";7.22;"A";51.37;"A";1018.15;"A";36;"A";32;"A";0;"A";8;"A";24;"A";13.84;"A";7.84;"A";5.04;"A"
"2025-04-29 04:15";7.14;"A";52.63;"A";1018.07;"A";36;"A";33;"A";0;"A";7;"A";25;"A";15.85;"A";7.01;"A";4.81;"A"
"2025-04-29 04:30";7.04;"A";53.23;"A";1018.02;"A";37;"A";33;"A";0;"A";9;"A";24;"A";15.81;"A";8.46;"A";5.5;"A"
"2025-04-29 04:45";6.93;"A";53.55;"A";1018.11;"A";38;"A";33;"A";0;"A";11;"A";22;"A";16.11;"A";8.58;"A";5.51;"A"
"2025-04-29 05:00";6.8;"A";54.05;"A";1018.07;"A";34;"A";33;"A";0;"A";10;"A";23;"A";12.99;"A";7.11;"A";4.46;"A"
"2025-04-29 05:15";6.72;"A";54.31;"A";1018;"A";33;"A";33;"A";0;"A";9;"A";23;"A";13.01;"A";7.68;"A";4.55;"A"
"2025-04-29 05:30";6.68;"A";54.32;"A";1017.93;"A";41;"A";33;"A";0;"A";9;"A";24;"A";12.75;"A";6.87;"A";4.73;"A"
"2025-04-29 05:45";6.51;"A";54.78;"A";1018;"A";37;"A";33;"A";0;"A";10;"A";23;"A";14.14;"A";7.72;"A";4.75;"A"
"2025-04-29 06:00";6.43;"A";55.67;"A";1017.97;"A";42;"A";33;"A";0;"A";11;"A";22;"A";15.93;"A";7.87;"A";5.05;"A"
"2025-04-29 06:15";6.51;"A";55.28;"A";1017.9;"A";55;"A";33;"A";0;"A";13;"A";19;"A";14.66;"A";8;"A";5.28;"A"
"2025-04-29 06:30";6.76;"A";54.39;"A";1017.85;"A";59;"A";33;"A";0;"A";14;"A";19;"A";18.29;"A";8.96;"A";5.89;"A"
"2025-04-29 06:45";7.32;"A";51.56;"A";1018.1;"A";57;"A";34;"A";0;"A";11;"A";23;"A";16.27;"A";7.92;"A";5.31;"A"
"2025-04-29 07:00";8.11;"A";49.24;"A";1018.1;"A";50;"A";36;"A";0;"A";11;"A";25;"A";15.22;"A";8.04;"A";5.16;"A"
"2025-04-29 07:15";8.97;"A";46.41;"A";1017.98;"A";79;"A";36;"A";0;"A";12;"A";24;"A";15.28;"A";7.57;"A";4.75;"A"
"2025-04-29 07:30";9.35;"A";45.3;"A";1018.01;"A";70;"A";38;"A";0;"A";12;"A";25;"A";15.19;"A";7.74;"A";5.24;"A"
"2025-04-29 07:45";10.05;"A";42.31;"A";1018.19;"A";76;"A";39;"A";0;"A";11;"A";28;"A";24.51;"A";15.31;"A";10.47;"A"
"2025-04-29 08:00";10.22;"A";42.15;"A";1018.22;"A";82;"A";39;"A";0;"A";11;"A";28;"A";17.61;"A";9.5;"A";6.44;"A"
"2025-04-29 08:15";10.63;"A";40.14;"A";1018.08;"A";65;"A";39;"A";0;"A";11;"A";28;"A";13.75;"A";6.62;"A";4.18;"A"
"2025-04-29 08:30";11.19;"A";38.7;"A";1018.21;"A";83;"A";40;"A";0;"A";12;"A";28;"A";24.46;"A";13.2;"A";8.63;"A"
"2025-04-29 08:45";11.9;"A";37.1;"A";1018.17;"A";69;"A";40;"A";0;"A";11;"A";29;"A";14.84;"A";7.32;"A";4.73;"A"
"2025-04-29 09:00";13.34;"A";34.69;"A";1018.03;"A";85;"A";40;"A";0;"A";10;"A";31;"A";11.82;"A";6.03;"A";3.77;"A"
"2025-04-29 09:15";14.99;"A";31.43;"A";1017.97;"A";69;"A";41;"A";0;"A";10;"A";31;"A";12.69;"A";5.84;"A";3.59;"A"
"2025-04-29 09:30";15.85;"A";29.85;"A";1017.82;"A";105;"A";43;"A";0;"A";12;"A";31;"A";15.14;"A";6.23;"A";3.81;"A"
"2025-04-29 09:45";16.25;"A";29.18;"A";1017.75;"A";89;"A";45;"A";0;"A";12;"A";33;"A";13.33;"A";5.9;"A";3.74;"A"
"2025-04-29 10:00";16.4;"A";29.31;"A";1017.56;"A";96;"A";45;"A";0;"A";11;"A";34;"A";13.77;"A";6.46;"A";4.05;"A"
"2025-04-29 10:15";16.68;"A";28.73;"A";1017.53;"A";96;"A";46;"A";0;"A";9;"A";37;"A";14.75;"A";6.65;"A";3.85;"A"
"2025-04-29 10:30";16.89;"A";28.95;"A";1017.4;"A";123;"A";45;"A";0;"A";8;"A";37;"A";13.92;"A";6.58;"A";3.89;"A"
"2025-04-29 10:45";17.35;"A";29.31;"A";1017.16;"A";97;"A";47;"A";0;"A";7;"A";40;"A";14.29;"A";6.9;"A";4.22;"A"
"2025-04-29 11:00";17.54;"A";29.45;"A";1016.98;"A";96;"A";47;"A";0;"A";8;"A";40;"A";14.16;"A";6.2;"A";3.49;"A"
"2025-04-29 11:15";17.63;"A";29.11;"A";1016.8;"A";102;"A";47;"A";0;"A";7;"A";40;"A";14.14;"A";5.7;"A";3.59;"A"
"2025-04-29 11:30";17.73;"A";28.66;"A";1016.57;"A";85;"A";48;"A";0;"A";7;"A";41;"A";12.22;"A";6.04;"A";3.38;"A"
"2025-04-29 11:45";18.15;"A";28.92;"A";1016.29;"A";93;"A";47;"A";0;"A";7;"A";41;"A";11.44;"A";5.34;"A";3.61;"A"
"2025-04-29 12:00";18.18;"A";27.67;"A";1016.06;"A";86;"A";47;"A";0;"A";7;"A";40;"A";11.81;"A";5.82;"A";3.54;"A"
"2025-04-29 12:15";18.34;"A";27.61;"A";1015.95;"A";83;"A";48;"A";0;"A";6;"A";42;"A";13.55;"A";5.56;"A";3.48;"A"
"2025-04-29 12:30";18.6;"A";27.05;"A";1015.72;"A";87;"A";48;"A";0;"A";7;"A";41;"A";12.39;"A";5.32;"A";3.49;"A"
"2025-04-29 12:45";18.85;"A";26.09;"A";1015.48;"A";87;"A";47;"A";0;"A";7;"A";40;"A";11.45;"A";5.77;"A";3.69;"A"
"2025-04-29 13:00";19.47;"A";26.05;"A";1015.3;"A";94;"A";46;"A";0;"A";7;"A";39;"A";11.64;"A";6.04;"A";4.03;"A"
"2025-04-29 13:15";19.82;"A";24.97;"A";1015.19;"A";83;"A";47;"A";0;"A";6;"A";41;"A";10.18;"A";5.4;"A";3.44;"A"
"2025-04-29 13:30";19.97;"A";23.57;"A";1014.96;"A";78;"A";47;"A";0;"A";6;"A";41;"A";11;"A";6.05;"A";3.74;"A"
"2025-04-29 13:45";20.66;"A";23.01;"A";1014.95;"A";84;"A";47;"A";0;"A";6;"A";42;"A";16.14;"A";9.14;"A";6.16;"A"
"2025-04-29 14:00";21.22;"A";21.99;"A";1014.77;"A";90;"A";48;"A";0;"A";7;"A";42;"A";12.22;"A";5.08;"A";3.12;"A"
"2025-04-29 14:15";21.31;"A";22.76;"A";1014.65;"A";88;"A";49;"A";0;"A";7;"A";42;"A";12.39;"A";5.14;"A";3.28;"A"
"2025-04-29 14:30";21.79;"A";22.53;"A";1014.35;"A";95;"A";47;"A";0;"A";6;"A";41;"A";13.05;"A";7.2;"A";4.86;"A"
"2025-04-29 14:45";21.67;"A";21.82;"A";1014.14;"A";92;"A";49;"A";0;"A";6;"A";43;"A";12.68;"A";6;"A";3.43;"A"
"2025-04-29 15:00";21.9;"A";21.83;"A";1013.84;"A";87;"A";48;"A";0;"A";6;"A";42;"A";9.38;"A";4.68;"A";2.95;"A"
"2025-04-29 15:15";22.36;"A";21.13;"A";1013.48;"A";91;"A";49;"A";0;"A";6;"A";43;"A";9.57;"A";4.71;"A";2.99;"A"
"2025-04-29 15:30";22.56;"A";21.35;"A";1013.22;"A";87;"A";48;"A";0;"A";7;"A";41;"A";11.26;"A";5.41;"A";3.04;"A"
"2025-04-29 15:45";22.79;"A";20.51;"A";1013.06;"A";87;"A";48;"A";0;"A";6;"A";42;"A";10.28;"A";5.16;"A";3.17;"A"
"2025-04-29 16:00";22.58;"A";20.5;"A";1012.79;"A";94;"A";49;"A";0;"A";6;"A";43;"A";12.2;"A";5.81;"A";3.48;"A"
"2025-04-29 16:15";22.58;"A";21.26;"A";1012.6;"A";100;"A";49;"A";0;"A";7;"A";42;"A";13.57;"A";6.01;"A";3.59;"A"
"2025-04-29 16:30";22.63;"A";20.96;"A";1012.44;"A";131;"A";48;"A";0;"A";7;"A";41;"A";13.29;"A";6.2;"A";4.09;"A"
"2025-04-29 16:45";22.8;"A";20.88;"A";1012.4;"A";91;"A";49;"A";0;"A";7;"A";42;"A";12.77;"A";5.87;"A";3.52;"A"
"2025-04-29 17:00";22.49;"A";20.85;"A";1012.04;"A";99;"A";48;"A";0;"A";6;"A";42;"A";12.88;"A";5.8;"A";3.45;"A"
"2025-04-29 17:15";22.36;"A";21.52;"A";1011.83;"A";96;"A";47;"A";0;"A";6;"A";41;"A";12.24;"A";5.81;"A";3.63;"A"
"2025-04-29 17:30";22.03;"A";21.37;"A";1011.57;"A";107;"A";47;"A";0;"A";7;"A";40;"A";15.15;"A";8.5;"A";5.27;"A"
"2025-04-29 17:45";21.17;"A";22.08;"A";1011.42;"A";94;"A";48;"A";0;"A";6;"A";42;"A";12.43;"A";6.03;"A";3.91;"A"
"2025-04-29 18:00";20.62;"A";22.85;"A";1011.41;"A";85;"A";47;"A";0;"A";6;"A";41;"A";13.37;"A";5.56;"A";3.63;"A"
"2025-04-29 18:15";20.58;"A";23.38;"A";1011.38;"A";85;"A";45;"A";0;"A";6;"A";39;"A";14.08;"A";5.78;"A";3.73;"A"
"2025-04-29 18:30";20.07;"A";23.4;"A";1011.18;"A";96;"A";47;"A";0;"A";6;"A";41;"A";12.67;"A";5.71;"A";3.74;"A"
"2025-04-29 18:45";19.47;"A";24.27;"A";1011.09;"A";87;"A";45;"A";0;"A";6;"A";39;"A";14.52;"A";7.09;"A";4.9;"A"
"2025-04-29 19:00";18.97;"A";25.44;"A";1010.93;"A";100;"A";45;"A";0;"A";6;"A";38;"A";11.4;"A";5.59;"A";3.54;"A"
"2025-04-29 19:15";18.73;"A";25.14;"A";1010.89;"A";79;"A";44;"A";0;"A";6;"A";38;"A";12.14;"A";6.04;"A";3.83;"A"
"2025-04-29 19:30";18.38;"A";26.67;"A";1010.82;"A";81;"A";46;"A";0;"A";6;"A";40;"A";15.49;"A";6.68;"A";4.13;"A"
"2025-04-29 19:45";17.95;"A";27.86;"A";1011;"A";93;"A";46;"A";0;"A";7;"A";39;"A";13.95;"A";7.75;"A";4.97;"A"
"2025-04-29 20:00";17.49;"A";29.09;"A";1011.08;"A";86;"A";46;"A";0;"A";7;"A";38;"A";16.11;"A";7.25;"A";4.49;"A"
"2025-04-29 20:15";17.06;"A";30.03;"A";1011.17;"A";75;"A";45;"A";0;"A";8;"A";38;"A";17.08;"A";8.24;"A";4.87;"A"
"2025-04-29 20:30";16.79;"A";30.1;"A";1011.13;"A";68;"A";45;"A";0;"A";7;"A";39;"A";19.17;"A";10;"A";6.25;"A"
"2025-04-29 20:45";16.48;"A";30.4;"A";1011.04;"A";66;"A";45;"A";0;"A";7;"A";38;"A";14.26;"A";7.24;"A";4.5;"A"
"2025-04-29 21:00";16.13;"A";30.62;"A";1011.15;"A";59;"A";44;"A";0;"A";7;"A";38;"A";17.22;"A";8.55;"A";5.38;"A"
"2025-04-29 21:15";15.73;"A";31.05;"A";1011.15;"A";54;"A";44;"A";0;"A";7;"A";37;"A";18.43;"A";9.46;"A";5.85;"A"
"2025-04-29 21:30";15.39;"A";31.6;"A";1011.14;"A";54;"A";44;"A";0;"A";7;"A";36;"A";16.48;"A";7.84;"A";4.92;"A"
"2025-04-29 21:45";15.13;"A";32.11;"A";1011.01;"A";55;"A";43;"A";0;"A";8;"A";36;"A";17.09;"A";7.65;"A";4.72;"A"
"2025-04-29 22:00";14.82;"A";32.69;"A";1010.86;"A";54;"A";44;"A";0;"A";7;"A";37;"A";16.57;"A";7.81;"A";4.79;"A"
"2025-04-29 22:15";14.46;"A";32.6;"A";1010.94;"A";49;"A";43;"A";0;"A";7;"A";36;"A";15.82;"A";7.43;"A";4.53;"A"
"2025-04-29 22:30";14.23;"A";30.99;"A";1011;"A";38;"A";44;"A";0;"A";8;"A";36;"A";12.88;"A";5.81;"A";4.02;"A"
"2025-04-29 22:45";13.9;"A";31.48;"A";1010.94;"A";40;"A";44;"A";0;"A";8;"A";35;"A";13.37;"A";6.15;"A";3.83;"A"
"2025-04-29 23:00";13.53;"A";32.29;"A";1010.91;"A";52;"A";42;"A";0;"A";8;"A";34;"A";13.2;"A";6.37;"A";3.86;"A"
"2025-04-29 23:15";13.35;"A";31.13;"A";1010.9;"A";41;"A";42;"A";0;"A";9;"A";33;"A";11.22;"A";6.07;"A";3.86;"A"
"2025-04-29 23:30";13.18;"A";30.46;"A";1010.95;"A";48;"A";42;"A";0;"A";8;"A";34;"A";10.56;"A";5.8;"A";3.76;"A"
"2025-04-29 23:45";13.05;"A";29.6;"A";1010.78;"A";32;"A";44;"A";0;"A";8;"A";36;"A";11.76;"A";6.23;"A";3.95;"A"
"2025-04-30 00:00";13.03;"A";29.5;"A";1010.83;"A";32;"A";43;"A";0;"A";8;"A";35;"A";11.6;"A";5.91;"A";3.59;"A"
"2025-04-30 00:15";12.77;"A";29.84;"A";1010.75;"A";32;"A";44;"A";0;"A";7;"A";36;"A";12.25;"A";6.33;"A";3.94;"A"
"2025-04-30 00:30";12.49;"A";30.28;"A";1010.68;"A";32;"A";44;"A";0;"A";7;"A";37;"A";11.33;"A";5.32;"A";3.33;"A"
"2025-04-30 00:45";12.24;"A";30.88;"A";1010.64;"A";31;"A";44;"A";0;"A";8;"A";36;"A";11.43;"A";5.31;"A";3.41;"A"
"2025-04-30 01:00";12.08;"A";31.29;"A";1010.53;"A";31;"A";44;"A";0;"A";7;"A";36;"A";10.06;"A";5.42;"A";3.48;"A"
"2025-04-30 01:15";11.89;"A";31.8;"A";1010.56;"A";29;"A";43;"A";0;"A";8;"A";35;"A";9.93;"A";4.9;"A";3.34;"A"
"2025-04-30 01:30";11.74;"A";32.33;"A";1010.41;"A";28;"A";43;"A";0;"A";8;"A";36;"A";10.2;"A";4.65;"A";2.97;"A"
"2025-04-30 01:45";11.57;"A";32.76;"A";1010.24;"A";28;"A";43;"A";0;"A";8;"A";35;"A";10.31;"A";5;"A";3.1;"A"
"2025-04-30 02:00";11.49;"A";32.69;"A";1010.13;"A";27;"A";43;"A";0;"A";7;"A";36;"A";8.85;"A";4.85;"A";3.12;"A"
"2025-04-30 02:15";11.44;"A";33.04;"A";1009.91;"A";25;"A";43;"A";0;"A";7;"A";36;"A";9.06;"A";4.66;"A";2.96;"A"
"2025-04-30 02:30";11.33;"A";33.44;"A";1009.94;"A";25;"A";42;"A";0;"A";8;"A";35;"A";9.82;"A";4.8;"A";2.89;"A"
"2025-04-30 02:45";11.18;"A";33.91;"A";1009.88;"A";44;"A";42;"A";0;"A";9;"A";33;"A";8.41;"A";4.41;"A";2.92;"A"
"2025-04-30 03:00";11.12;"A";34.4;"A";1009.91;"A";29;"A";42;"A";0;"A";9;"A";33;"A";8.88;"A";4.75;"A";3.25;"A"
"2025-04-30 03:15";10.89;"A";35.49;"A";1009.98;"A";32;"A";42;"A";0;"A";8;"A";33;"A";8.17;"A";4.36;"A";3.01;"A"
"2025-04-30 03:30";10.78;"A";36.41;"A";1010.09;"A";26;"A";42;"A";0;"A";9;"A";33;"A";8.86;"A";4.48;"A";2.92;"A"
"2025-04-30 03:45";10.78;"A";36.25;"A";1009.92;"A";25;"A";41;"A";0;"A";8;"A";34;"A";8.23;"A";4.19;"A";2.71;"A"
"2025-04-30 04:00";10.85;"A";35.76;"A";1009.66;"A";22;"A";42;"A";0;"A";7;"A";35;"A";8.29;"A";4.75;"A";3.05;"A"
"2025-04-30 04:15";10.97;"A";35.48;"A";1009.57;"A";22;"A";43;"A";0;"A";8;"A";35;"A";10;"A";5.09;"A";3.51;"A"
"2025-04-30 04:30";11.1;"A";35.1;"A";1009.4;"A";24;"A";43;"A";0;"A";8;"A";35;"A";9.69;"A";5.88;"A";3.87;"A"
"2025-04-30 04:45";11.24;"A";34.79;"A";1009.19;"A";23;"A";43;"A";0;"A";9;"A";34;"A";10.13;"A";5.42;"A";3.43;"A"
"2025-04-30 05:00";11.33;"A";34.74;"A";1009.2;"A";23;"A";43;"A";0;"A";9;"A";34;"A";9.22;"A";4.85;"A";3.16;"A"
"2025-04-30 05:15";11.4;"A";35.75;"A";1009.08;"A";27;"A";43;"A";0;"A";9;"A";34;"A";10.96;"A";5.69;"A";3.67;"A"
"2025-04-30 05:30";11.34;"A";37.19;"A";1008.99;"A";32;"A";43;"A";0;"A";9;"A";34;"A";9.23;"A";5.51;"A";3.47;"A"
"2025-04-30 05:45";11.36;"A";38;"A";1008.92;"A";34;"A";43;"A";0;"A";9;"A";34;"A";10.7;"A";5.69;"A";3.43;"A"
"2025-04-30 06:00";11.32;"A";38.77;"A";1008.95;"A";37;"A";43;"A";0;"A";10;"A";33;"A";11.57;"A";5.71;"A";3.55;"A"
"2025-04-30 06:15";11.22;"A";39.78;"A";1009.15;"A";41;"A";41;"A";0;"A";10;"A";32;"A";10.38;"A";5.85;"A";3.72;"A"
"2025-04-30 06:30";11.15;"A";41.13;"A";1009.17;"A";39;"A";41;"A";0;"A";10;"A";30;"A";12.23;"A";6.26;"A";3.77;"A"
"2025-04-30 06:45";11.37;"A";41.63;"A";1009.05;"A";47;"A";40;"A";0;"A";9;"A";30;"A";12.41;"A";6.62;"A";4.34;"A"
"2025-04-30 07:00";11.37;"A";42.09;"A";1008.9;"A";40;"A";39;"A";0;"A";8;"A";31;"A";11.36;"A";6.42;"A";4.49;"A"
"2025-04-30 07:15";11.42;"A";43.03;"A";1008.88;"A";183;"A";51;"A";0;"A";30;"A";21;"A";17.48;"A";10.99;"A";8.26;"A"
"2025-04-30 07:30";11.38;"A";44.64;"A";1008.92;"A";69;"A";39;"A";0;"A";9;"A";30;"A";12.72;"A";7.35;"A";5;"A"
"2025-04-30 07:45";11.49;"A";44.67;"A";1008.96;"A";74;"A";38;"A";0;"A";9;"A";30;"A";14.11;"A";8.15;"A";5.84;"A"
"2025-04-30 08:00";11.66;"A";45.32;"A";1009.03;"A";81;"A";38;"A";0;"A";11;"A";27;"A";16.46;"A";8.23;"A";5.21;"A"
"2025-04-30 08:15";12.08;"A";45.4;"A";1008.99;"A";102;"A";37;"A";0;"A";9;"A";28;"A";12.25;"A";6.8;"A";4.73;"A"
"2025-04-30 08:30";12.6;"A";45.44;"A";1009.06;"A";85;"A";37;"A";0;"A";8;"A";29;"A";14.59;"A";7.72;"A";5.15;"A"
"2025-04-30 08:45";13.04;"A";45.62;"A";1009.03;"A";126;"A";37;"A";0;"A";9;"A";28;"A";15.15;"A";8.3;"A";5.26;"A"
"2025-04-30 09:00";14.44;"A";41.27;"A";1008.88;"A";77;"A";38;"A";0;"A";7;"A";30;"A";16.14;"A";8.34;"A";5.47;"A"
"2025-04-30 09:15";15.51;"A";39.73;"A";1008.82;"A";99;"A";38;"A";0;"A";9;"A";30;"A";15.95;"A";9.88;"A";6.73;"A"
"2025-04-30 09:30";16.19;"A";38.86;"A";1008.84;"A";91;"A";40;"A";0;"A";9;"A";31;"A";12.26;"A";6.29;"A";4.31;"A"
"2025-04-30 09:45";16.48;"A";38.53;"A";1008.9;"A";116;"A";40;"A";0;"A";8;"A";32;"A";14.21;"A";7.83;"A";5.02;"A"
"2025-04-30 10:00";16.76;"A";38.91;"A";1008.92;"A";103;"A";40;"A";0;"A";8;"A";31;"A";15.23;"A";8.38;"A";5.47;"A"
"2025-04-30 10:15";17.2;"A";38;"A";1008.96;"A";107;"A";39;"A";0;"A";7;"A";33;"A";12.72;"A";6.59;"A";4.41;"A"
"2025-04-30 10:30";17.35;"A";38.15;"A";1008.91;"A";90;"A";40;"A";0;"A";7;"A";33;"A";14.81;"A";7.54;"A";5.01;"A"
"2025-04-30 10:45";18.05;"A";37.26;"A";1008.91;"A";93;"A";41;"A";0;"A";6;"A";34;"A";15.08;"A";9.88;"A";6.81;"A"
"2025-04-30 11:00";18.3;"A";37.41;"A";1008.98;"A";408;"A";42;"A";0;"A";8;"A";34;"A";13.45;"A";7.77;"A";5.05;"A"
"2025-04-30 11:15";18.85;"A";37.45;"A";1008.92;"A";98;"A";41;"A";0;"A";6;"A";35;"A";13.79;"A";8.1;"A";5.37;"A"
"2025-04-30 11:30";19.17;"A";36.53;"A";1008.92;"A";108;"A";42;"A";0;"A";8;"A";35;"A";14.18;"A";7.38;"A";5;"A"
"2025-04-30 11:45";19.59;"A";35.87;"A";1008.88;"A";95;"A";42;"A";0;"A";6;"A";36;"A";14.53;"A";7.51;"A";4.93;"A"
"2025-04-30 12:00";19.8;"A";35.32;"A";1008.6;"A";116;"A";44;"A";0;"A";7;"A";37;"A";13.94;"A";7.51;"A";5.07;"A"
"2025-04-30 12:15";20.22;"A";34.63;"A";1008.37;"A";99;"A";45;"A";0;"A";7;"A";38;"A";14.83;"A";7.55;"A";4.9;"A"
"2025-04-30 12:30";21;"A";34.02;"A";1008.34;"A";102;"A";44;"A";0;"A";6;"A";38;"A";14.71;"A";7.16;"A";4.86;"A"
"2025-04-30 12:45";21.37;"A";32.09;"A";1008.31;"A";98;"A";46;"A";0;"A";7;"A";39;"A";13.65;"A";6.98;"A";4.51;"A"
"2025-04-30 13:00";21.92;"A";30.75;"A";1008.18;"A";97;"A";46;"A";0;"A";6;"A";40;"A";12.53;"A";6.56;"A";4.5;"A"
"2025-04-30 13:15";22.33;"A";30.52;"A";1008.09;"A";101;"A";49;"A";0;"A";7;"A";42;"A";17.03;"A";8.85;"A";6.17;"A"
"2025-04-30 13:30";22.82;"A";29.93;"A";1007.99;"A";104;"A";48;"A";0;"A";6;"A";42;"A";12.72;"A";6.79;"A";4.72;"A"
"2025-04-30 13:45";23.56;"A";28.98;"A";1008.06;"A";112;"A";48;"A";0;"A";6;"A";42;"A";12.53;"A";6.84;"A";4.59;"A"
"2025-04-30 14:00";24.18;"A";28.2;"A";1007.79;"A";109;"A";49;"A";0;"A";6;"A";43;"A";13.64;"A";7.39;"A";4.95;"A"
"2025-04-30 14:15";24.84;"A";27.29;"A";1007.77;"A";114;"A";49;"A";0;"A";6;"A";43;"A";12.19;"A";6.57;"A";4.53;"A"
"2025-04-30 14:30";25.23;"A";26.92;"A";1007.66;"A";117;"A";50;"A";0;"A";6;"A";44;"A";12.65;"A";6.78;"A";4.37;"A"
"2025-04-30 14:45";25.75;"A";25.49;"A";1007.35;"A";152;"A";49;"A";0;"A";6;"A";43;"A";14.01;"A";6.58;"A";4.56;"A"
"2025-04-30 15:00";26.23;"A";24.45;"A";1007.43;"A";118;"A";51;"A";0;"A";6;"A";45;"A";11.83;"A";6.65;"A";4.41;"A"
"2025-04-30 15:15";26.12;"A";25.01;"A";1007.26;"A";134;"A";51;"A";0;"A";6;"A";45;"A";10.14;"A";6.23;"A";4.31;"A"
"2025-04-30 15:30";26.61;"A";24.2;"A";1007.14;"A";135;"A";52;"A";0;"A";6;"A";46;"A";12.19;"A";6.22;"A";4.29;"A"
"2025-04-30 15:45";26.9;"A";23.12;"A";1007.1;"A";132;"A";52;"A";0;"A";7;"A";45;"A";12.24;"A";6.4;"A";4.35;"A"
"2025-04-30 16:00";26.17;"A";22.99;"A";1006.95;"A";120;"A";52;"A";0;"A";7;"A";45;"A";10.16;"A";5.6;"A";4.05;"A"
"2025-04-30 16:15";26.06;"A";24.03;"A";1006.93;"A";132;"A";52;"A";0;"A";6;"A";46;"A";9.74;"A";5.94;"A";3.91;"A"
"2025-04-30 16:30";25.73;"A";23.88;"A";1006.85;"A";155;"A";52;"A";0;"A";9;"A";43;"A";11.11;"A";6.43;"A";4.63;"A"
"2025-04-30 16:45";25.44;"A";24.62;"A";1006.7;"A";120;"A";51;"A";0;"A";6;"A";44;"A";12.19;"A";6.69;"A";4.78;"A"
"2025-04-30 17:00";25.14;"A";25.1;"A";1006.48;"A";120;"A";50;"A";0;"A";7;"A";43;"A";12.43;"A";7.23;"A";4.68;"A"
"2025-04-30 17:15";25.06;"A";25.44;"A";1006.51;"A";123;"A";51;"A";0;"A";8;"A";43;"A";11.22;"A";6.55;"A";4.46;"A"
"2025-04-30 17:30";24.95;"A";25.11;"A";1006.48;"A";112;"A";50;"A";0;"A";6;"A";44;"A";11.22;"A";6.17;"A";4.17;"A"
"2025-04-30 17:45";24.63;"A";25.59;"A";1006.47;"A";106;"A";50;"A";0;"A";7;"A";43;"A";33.13;"A";13.13;"A";7.87;"A"
"2025-04-30 18:00";24.48;"A";25.3;"A";1006.49;"A";103;"A";49;"A";0;"A";6;"A";43;"A";86.93;"A";28;"A";14.67;"A"
"2025-04-30 18:15";24.36;"A";25.25;"A";1006.44;"A";99;"A";49;"A";0;"A";6;"A";43;"A";12.2;"A";7.34;"A";4.63;"A"
"2025-04-30 18:30";24.15;"A";26.26;"A";1006.45;"A";101;"A";49;"A";0;"A";6;"A";43;"A";14.81;"A";7.49;"A";4.81;"A"
"2025-04-30 18:45";23.79;"A";26.95;"A";1006.41;"A";94;"A";48;"A";0;"A";6;"A";42;"A";11.59;"A";6.37;"A";4.28;"A"
"2025-04-30 19:00";23.57;"A";27.55;"A";1006.43;"A";102;"A";47;"A";0;"A";6;"A";40;"A";12.6;"A";7.19;"A";4.52;"A"
"2025-04-30 19:15";23.2;"A";28.56;"A";1006.48;"A";129;"A";46;"A";0;"A";7;"A";39;"A";16.11;"A";7.89;"A";5.37;"A"
"2025-04-30 19:30";22.55;"A";30.31;"A";1006.49;"A";135;"A";43;"A";0;"A";8;"A";36;"A";14.11;"A";8.16;"A";5.57;"A"
"2025-04-30 19:45";21.89;"A";31.56;"A";1006.35;"A";139;"A";43;"A";0;"A";9;"A";34;"A";15.02;"A";7.73;"A";5.28;"A"
"2025-04-30 20:00";21.36;"A";33.58;"A";1006.39;"A";175;"A";42;"A";0;"A";14;"A";28;"A";16.79;"A";8.2;"A";5.53;"A"
"2025-04-30 20:15";20.93;"A";34.71;"A";1006.55;"A";200;"A";38;"A";0;"A";12;"A";26;"A";15.5;"A";8.78;"A";5.51;"A"
"2025-04-30 20:30";20.42;"A";36.05;"A";1006.55;"A";264;"A";38;"A";0;"A";15;"A";24;"A";17.03;"A";8.27;"A";5.5;"A"
"2025-04-30 20:45";19.84;"A";37.18;"A";1006.56;"A";400;"A";37;"A";0;"A";20;"A";17;"A";19;"A";9.71;"A";6.69;"A"
"2025-04-30 21:00";19.38;"A";38.72;"A";1006.73;"A";305;"A";37;"A";0;"A";24;"A";13;"A";22.05;"A";11.68;"A";7.23;"A"
"2025-04-30 21:15";19.19;"A";38.16;"A";1006.93;"A";269;"A";37;"A";0;"A";29;"A";8;"A";22.07;"A";10.93;"A";7.16;"A"
"2025-04-30 21:30";19.34;"A";38.12;"A";1007.18;"A";226;"A";40;"A";0;"A";29;"A";12;"A";29.31;"A";13.68;"A";9.14;"A"
"2025-04-30 21:45";19.02;"A";40.13;"A";1007.46;"A";172;"A";38;"A";0;"A";17;"A";21;"A";26.32;"A";13.08;"A";8.3;"A"
"2025-04-30 22:00";18.55;"A";41.66;"A";1007.64;"A";159;"A";37;"A";0;"A";15;"A";21;"A";27.16;"A";12.94;"A";8.45;"A"
"2025-04-30 22:15";18.24;"A";43.09;"A";1007.6;"A";183;"A";35;"A";0;"A";11;"A";24;"A";19.09;"A";9.82;"A";6.27;"A"
"2025-04-30 22:30";17.92;"A";43.2;"A";1007.58;"A";74;"A";36;"A";0;"A";6;"A";29;"A";16.7;"A";9.05;"A";5.98;"A"
"2025-04-30 22:45";17.43;"A";44.53;"A";1007.51;"A";82;"A";35;"A";0;"A";7;"A";28;"A";23.51;"A";12.54;"A";8.34;"A"
"2025-04-30 23:00";17.1;"A";45.11;"A";1007.5;"A";77;"A";34;"A";0;"A";11;"A";23;"A";20.88;"A";11.03;"A";7.3;"A"
"2025-04-30 23:15";16.55;"A";46.45;"A";1007.58;"A";83;"A";34;"A";0;"A";12;"A";23;"A";18.76;"A";9.84;"A";6.53;"A"
"2025-04-30 23:30";16.43;"A";46.05;"A";1007.62;"A";70;"A";34;"A";0;"A";11;"A";23;"A";18.03;"A";9.24;"A";6.07;"A"
"2025-04-30 23:45";16.17;"A";46.24;"A";1007.79;"A";67;"A";34;"A";0;"A";13;"A";21;"A";17.37;"A";8.16;"A";5.59;"A"
"2025-05-01 00:00";15.7;"A";46.96;"A";1007.66;"A";69;"A";34;"A";0;"A";13;"A";21;"A";18.98;"A";10.22;"A";6.75;"A"