"timestamp";"TC~T-QM[Cairnet CXM24280940]";"in °C";"HR~T-QM[Cairnet CXM24280940]";"in %";"PA~T-QM[Cairnet CXM24280940]";"in hPa";"CO~4672-QM[Cairnet CXM24280940]";"in ppb";"O3-NO2~4694-QM[Cairnet CXM24280940]";"in ppb";"SO2~4715-QM[Cairnet CXM24280940]";"in ppb";"NO2~4581-QM[Cairnet CXM24280940]";"in ppb";"O3~0940-QM[Cairnet CXM24280940]";"in ppb";"PM10~D641-QM[Cairnet CXM24280940]";"in µg/m3";"PM2.5~D641-QM[Cairnet CXM24280940]";"in µg/m3";"PM1~D641-QM[Cairnet CXM24280940]";"in µg/m3"
"(in display TZ)";"value";"qc";"value";"qc";"value";"qc";"value";"qc";"value";"qc";"value";"qc";"value";"qc";"value";"qc";"value";"qc";"value";"qc";"value";"qc"
"2025-07-01 00:15";20.02;"A";51.83;"A";999.06;"A";55;"A";35;"A";0;"A";5;"A";29;"A";9.02;"A";4.87;"A";2.96;"A"
"2025-07-01 00:30";19.81;"A";52.04;"A";999.1;"A";54;"A";34;"A";0;"A";5;"A";29;"A";9.64;"A";5.09;"A";3.27;"A"
"2025-07-01 00:45";19.51;"A";53.26;"A";999.02;"A";49;"A";34;"A";0;"A";5;"A";29;"A";9.59;"A";4.54;"A";3.17;"A"
"2025-07-01 01:00";19.27;"A";53.24;"A";999.04;"A";49;"A";34;"A";0;"A";5;"A";29;"A";8.94;"A";4.61;"A";3.01;"A"
"2025-07-01 01:15";19.21;"A";53.73;"A";998.96;"A";50;"A";34;"A";0;"A";5;"A";29;"A";9.42;"A";4.99;"A";3.22;"A"
"2025-07-01 01:30";19.22;"A";50.75;"A";998.88;"A";36;"A";35;"A";0;"A";4;"A";31;"A";8.53;"A";4.37;"A";2.77;"A"
"2025-07-01 01:45";19.11;"A";50.59;"A";998.84;"A";38;"A";36;"A";0;"A";6;"A";31;"A";8.01;"A";4.57;"A";2.77;"A"
"2025-07-01 02:00";19.12;"A";50.88;"A";998.79;"A";42;"A";36;"A";0;"A";5;"A";31;"A";7.29;"A";4.46;"A";2.89;"A"
"2025-07-01 02:15";19.15;"A";50.91;"A";998.74;"A";42;"A";36;"A";0;"A";5;"A";31;"A";8.84;"A";4.61;"A";2.94;"A"
"2025-07-01 02:30";19.05;"A";51.94;"A";998.82;"A";46;"A";37;"A";0;"A";5;"A";31;"A";8.37;"A";4.66;"A";3.2;"A"
"2025-07-01 02:45";18.9;"A";53.01;"A";998.9;"A";45;"A";36;"A";0;"A";6;"A";30;"A";7.78;"A";4.54;"A";3.03;"A"
"2025-07-01 03:00";18.72;"A";53.97;"A";998.96;"A";43;"A";36;"A";0;"A";5;"A";31;"A";7.31;"A";3.92;"A";2.62;"A"
"2025-07-01 03:15";18.56;"A";54.81;"A";998.94;"A";40;"A";37;"A";0;"A";6;"A";31;"A";7.09;"A";3.66;"A";2.43;"A"
"2025-07-01 03:30";18.36;"A";55.66;"A";998.97;"A";39;"A";37;"A";0;"A";6;"A";31;"A";6.63;"A";4.2;"A";2.64;"A"
"2025-07-01 03:45";18.16;"A";56.24;"A";999.06;"A";40;"A";37;"A";0;"A";6;"A";32;"A";7.46;"A";4.5;"A";2.89;"A"
"2025-07-01 04:00";17.95;"A";57.06;"A";999.11;"A";40;"A";38;"A";0;"A";6;"A";32;"A";7.13;"A";4.65;"A";3.05;"A"
"2025-07-01 04:15";17.74;"A";57.85;"A";999.25;"A";40;"A";37;"A";0;"A";6;"A";31;"A";7.46;"A";3.93;"A";2.54;"A"
"2025-07-01 04:30";17.49;"A";58.67;"A";999.25;"A";38;"A";37;"A";0;"A";6;"A";31;"A";6.03;"A";3.75;"A";2.41;"A"
"2025-07-01 04:45";17.29;"A";59.46;"A";999.35;"A";39;"A";37;"A";0;"A";6;"A";31;"A";7.08;"A";3.72;"A";2.28;"A"
"2025-07-01 05:00";17.1;"A";60.34;"A";999.36;"A";38;"A";36;"A";0;"A";6;"A";31;"A";8.43;"A";4.37;"A";2.65;"A"
"2025-07-01 05:15";16.93;"A";61.3;"A";999.33;"A";45;"A";36;"A";0;"A";6;"A";30;"A";8.18;"A";4.26;"A";2.74;"A"
"2025-07-01 05:30";16.79;"A";62.26;"A";999.28;"A";46;"A";35;"A";0;"A";6;"A";29;"A";7.14;"A";4.45;"A";2.84;"A"
"2025-07-01 05:45";16.65;"A";62.95;"A";999.43;"A";46;"A";35;"A";0;"A";6;"A";29;"A";7.72;"A";4.34;"A";2.82;"A"
"2025-07-01 06:00";16.64;"A";64;"A";999.6;"A";50;"A";34;"A";0;"A";7;"A";28;"A";8.56;"A";4.25;"A";2.81;"A"
"2025-07-01 06:15";16.67;"A";64.65;"A";999.7;"A";54;"A";34;"A";0;"A";7;"A";27;"A";8.71;"A";4.7;"A";2.98;"A"
"2025-07-01 06:30";16.72;"A";64.98;"A";999.71;"A";49;"A";34;"A";0;"A";6;"A";28;"A";7.95;"A";4.62;"A";3.06;"A"
"2025-07-01 06:45";16.88;"A";65.07;"A";999.67;"A";47;"A";33;"A";0;"A";6;"A";27;"A";7.29;"A";4.52;"A";3.07;"A"
"2025-07-01 07:00";17.14;"A";64.23;"A";999.74;"A";57;"A";33;"A";0;"A";6;"A";27;"A";9.54;"A";6.36;"A";4.21;"A"
"2025-07-01 07:15";17.56;"A";63.05;"A";999.98;"A";54;"A";33;"A";0;"A";7;"A";26;"A";9.74;"A";5.88;"A";3.82;"A"
"2025-07-01 07:30";17.93;"A";61.07;"A";1000.21;"A";54;"A";33;"A";0;"A";6;"A";27;"A";7.46;"A";4.14;"A";2.8;"A"
"2025-07-01 07:45";19;"A";57.31;"A";1000.24;"A";50;"A";34;"A";0;"A";6;"A";28;"A";7.69;"A";4.17;"A";2.83;"A"
"2025-07-01 08:00";20.85;"A";52.06;"A";1000.35;"A";54;"A";33;"A";0;"A";5;"A";28;"A";8.82;"A";4.43;"A";2.75;"A"
"2025-07-01 08:15";21.89;"A";48.54;"A";1000.44;"A";67;"A";35;"A";0;"A";8;"A";27;"A";8.57;"A";4.02;"A";2.61;"A"
"2025-07-01 08:30";22.47;"A";46.85;"A";1000.48;"A";135;"A";37;"A";0;"A";10;"A";27;"A";11.34;"A";6.89;"A";5.09;"A"
"2025-07-01 08:45";22.96;"A";44.86;"A";1000.65;"A";134;"A";37;"A";0;"A";8;"A";28;"A";14.06;"A";9.09;"A";6.34;"A"
"2025-07-01 09:00";23.39;"A";43.22;"A";1000.79;"A";89;"A";37;"A";0;"A";6;"A";31;"A";8.03;"A";3.86;"A";2.53;"A"
"2025-07-01 09:15";23.75;"A";41.94;"A";1000.67;"A";141;"A";40;"A";0;"A";10;"A";30;"A";10.84;"A";5.63;"A";3.7;"A"
"2025-07-01 09:30";24.43;"A";39.79;"A";1000.69;"A";118;"A";40;"A";0;"A";12;"A";28;"A";6.88;"A";3.81;"A";2.48;"A"
"2025-07-01 09:45";24.79;"A";38.67;"A";1000.57;"A";96;"A";39;"A";0;"A";8;"A";31;"A";7.96;"A";3.38;"A";2.25;"A"
"2025-07-01 10:00";24.78;"A";38.65;"A";1000.67;"A";103;"A";39;"A";0;"A";6;"A";33;"A";7.08;"A";3.21;"A";2.08;"A"
"2025-07-01 10:15";24.11;"A";39.44;"A";1000.72;"A";102;"A";40;"A";0;"A";7;"A";33;"A";6.6;"A";3.04;"A";1.73;"A"
"2025-07-01 10:30";24.27;"A";39.12;"A";1000.79;"A";89;"A";38;"A";0;"A";6;"A";32;"A";6.59;"A";3.16;"A";2.06;"A"
"2025-07-01 10:45";23.99;"A";39.86;"A";1000.58;"A";92;"A";39;"A";0;"A";7;"A";32;"A";5.63;"A";3.32;"A";2.05;"A"
"2025-07-01 11:00";23.81;"A";40.01;"A";1000.5;"A";156;"A";38;"A";0;"A";6;"A";32;"A";5.54;"A";2.91;"A";1.63;"A"
"2025-07-01 11:15";24.15;"A";39.65;"A";1000.54;"A";88;"A";38;"A";0;"A";6;"A";32;"A";5.4;"A";2.37;"A";1.55;"A"
"2025-07-01 11:30";24.24;"A";38.77;"A";1000.43;"A";81;"A";38;"A";0;"A";5;"A";33;"A";5.52;"A";2.72;"A";1.51;"A"
"2025-07-01 11:45";24.53;"A";38.35;"A";1000.49;"A";84;"A";39;"A";0;"A";6;"A";32;"A";5.52;"A";2.66;"A";1.37;"A"
"2025-07-01 12:00";24.7;"A";38.24;"A";1000.53;"A";78;"A";39;"A";0;"A";7;"A";33;"A";5.23;"A";2.25;"A";1.3;"A"
"2025-07-01 12:15";24.71;"A";38.71;"A";1000.5;"A";95;"A";39;"A";0;"A";6;"A";32;"A";5.15;"A";2.16;"A";1.44;"A"
"2025-07-01 12:30";24.94;"A";37.63;"A";1000.53;"A";83;"A";39;"A";0;"A";6;"A";33;"A";6.69;"A";2.57;"A";1.5;"A"
"2025-07-01 12:45";24.99;"A";37.54;"A";1000.5;"A";81;"A";39;"A";0;"A";5;"A";33;"A";5.95;"A";2.31;"A";1.43;"A"
"2025-07-01 13:00";25.11;"A";37.38;"A";1000.52;"A";88;"A";40;"A";0;"A";7;"A";33;"A";6.74;"A";2.77;"A";1.64;"A"
"2025-07-01 13:15";25.13;"A";37.51;"A";1000.67;"A";86;"A";38;"A";0;"A";6;"A";32;"A";6.67;"A";2.54;"A";1.49;"A"
"2025-07-01 13:30";24.89;"A";37.7;"A";1000.67;"A";89;"A";38;"A";0;"A";6;"A";32;"A";6.2;"A";2.77;"A";1.45;"A"
"2025-07-01 13:45";25.06;"A";37.56;"A";1000.57;"A";90;"A";39;"A";0;"A";6;"A";33;"A";5.08;"A";2.33;"A";1.38;"A"
"2025-07-01 14:00";24.68;"A";37.83;"A";1000.76;"A";86;"A";39;"A";0;"A";7;"A";32;"A";5;"A";2.54;"A";1.68;"A"
"2025-07-01 14:15";24.49;"A";38.23;"A";1001.07;"A";98;"A";39;"A";0;"A";6;"A";33;"A";5.34;"A";2.98;"A";1.9;"A"
"2025-07-01 14:30";24.39;"A";38.54;"A";1001.19;"A";99;"A";39;"A";0;"A";7;"A";32;"A";5.94;"A";3.48;"A";2.22;"A"
"2025-07-01 14:45";24.96;"A";38.33;"A";1001.05;"A";77;"A";39;"A";0;"A";7;"A";32;"A";5.15;"A";2.55;"A";1.66;"A"
"2025-07-01 15:00";26.02;"A";35.97;"A";1000.93;"A";77;"A";37;"A";0;"A";5;"A";32;"A";5.6;"A";2.46;"A";1.47;"A"
"2025-07-01 15:15";25.81;"A";35.64;"A";1001.07;"A";81;"A";41;"A";0;"A";6;"A";35;"A";4.29;"A";2.6;"A";1.65;"A"
"2025-07-01 15:30";25.81;"A";36;"A";1001.06;"A";89;"A";41;"A";0;"A";8;"A";33;"A";4.37;"A";2.42;"A";1.57;"A"
"2025-07-01 15:45";25.67;"A";35.31;"A";1001.01;"A";85;"A";40;"A";0;"A";6;"A";34;"A";4.66;"A";2.26;"A";1.5;"A"
"2025-07-01 16:00";25.35;"A";35.55;"A";1001.06;"A";93;"A";42;"A";0;"A";8;"A";34;"A";8.3;"A";3.51;"A";2.17;"A"
"2025-07-01 16:15";25.72;"A";35.63;"A";1001.1;"A";100;"A";42;"A";0;"A";8;"A";34;"A";5.76;"A";2.62;"A";1.75;"A"
"2025-07-01 16:30";26.21;"A";34.62;"A";1001.14;"A";81;"A";40;"A";0;"A";5;"A";35;"A";4.75;"A";3.03;"A";2.01;"A"
"2025-07-01 16:45";25.83;"A";34.77;"A";1001.18;"A";78;"A";43;"A";0;"A";7;"A";36;"A";5.01;"A";2.92;"A";2.03;"A"
"2025-07-01 17:00";25.32;"A";35.47;"A";1001.21;"A";84;"A";43;"A";0;"A";8;"A";35;"A";6.69;"A";3.14;"A";1.97;"A"
"2025-07-01 17:15";25.3;"A";35.68;"A";1001.26;"A";82;"A";42;"A";0;"A";7;"A";35;"A";5.7;"A";3.18;"A";2;"A"
"2025-07-01 17:30";25.3;"A";35.39;"A";1001.33;"A";77;"A";41;"A";0;"A";7;"A";35;"A";19.17;"A";6.25;"A";3.71;"A"
"2025-07-01 17:45";25.2;"A";35.37;"A";1001.41;"A";78;"A";41;"A";0;"A";6;"A";35;"A";5.67;"A";3.53;"A";2.36;"A"
"2025-07-01 18:00";25.03;"A";36.05;"A";1001.61;"A";74;"A";42;"A";0;"A";6;"A";36;"A";5.76;"A";3.24;"A";2.2;"A"
"2025-07-01 18:15";24.9;"A";36.75;"A";1001.77;"A";83;"A";42;"A";0;"A";6;"A";36;"A";5.75;"A";3.1;"A";2.22;"A"
"2025-07-01 18:30";24.68;"A";37.7;"A";1001.88;"A";79;"A";41;"A";0;"A";6;"A";34;"A";10.59;"A";4.41;"A";2.67;"A"
"2025-07-01 18:45";24.51;"A";37.48;"A";1001.91;"A";76;"A";41;"A";0;"A";7;"A";35;"A";5.73;"A";3.23;"A";2.23;"A"
"2025-07-01 19:00";24.36;"A";37.2;"A";1002.14;"A";78;"A";41;"A";0;"A";7;"A";34;"A";6.32;"A";3.46;"A";2.42;"A"
"2025-07-01 19:15";24.25;"A";37.32;"A";1002.28;"A";80;"A";42;"A";0;"A";7;"A";34;"A";8.18;"A";4.01;"A";2.58;"A"
"2025-07-01 19:30";24.12;"A";37.1;"A";1002.44;"A";77;"A";41;"A";0;"A";6;"A";35;"A";6.82;"A";3.75;"A";2.43;"A"
"2025-07-01 19:45";24;"A";37.91;"A";1002.46;"A";78;"A";41;"A";0;"A";7;"A";34;"A";5.74;"A";3.51;"A";2.36;"A"
"2025-07-01 20:00";23.68;"A";38.35;"A";1002.45;"A";81;"A";40;"A";0;"A";8;"A";32;"A";5.78;"A";3.26;"A";2.22;"A"
"2025-07-01 20:15";23.41;"A";38.61;"A";1002.68;"A";75;"A";40;"A";0;"A";8;"A";32;"A";6.6;"A";3.73;"A";2.26;"A"
"2025-07-01 20:30";23.26;"A";38.93;"A";1002.82;"A";75;"A";39;"A";0;"A";8;"A";32;"A";5.09;"A";3.37;"A";2.36;"A"
"2025-07-01 20:45";23.04;"A";39.6;"A";1002.89;"A";82;"A";39;"A";0;"A";10;"A";29;"A";7.68;"A";4.01;"A";2.65;"A"
"2025-07-01 21:00";22.9;"A";40.79;"A";1003.02;"A";91;"A";38;"A";0;"A";12;"A";26;"A";11.63;"A";5.75;"A";3.64;"A"
"2025-07-01 21:15";22.76;"A";42.06;"A";1003.22;"A";83;"A";38;"A";0;"A";9;"A";29;"A";9.98;"A";4.82;"A";3.18;"A"
"2025-07-01 21:30";22.56;"A";43.02;"A";1003.33;"A";73;"A";37;"A";0;"A";10;"A";28;"A";6.3;"A";3.84;"A";2.47;"A"
"2025-07-01 21:45";22.33;"A";44.21;"A";1003.45;"A";83;"A";37;"A";0;"A";14;"A";23;"A";8.74;"A";5.5;"A";3.62;"A"
"2025-07-01 22:00";22.06;"A";45.32;"A";1003.51;"A";80;"A";37;"A";0;"A";13;"A";24;"A";9.44;"A";4.43;"A";2.88;"A"
"2025-07-01 22:15";21.9;"A";45.89;"A";1003.66;"A";164;"A";36;"A";0;"A";14;"A";22;"A";7.06;"A";4.18;"A";3.05;"A"
"2025-07-01 22:30";21.79;"A";46.31;"A";1003.64;"A";115;"A";36;"A";0;"A";17;"A";19;"A";7.24;"A";4.87;"A";3.43;"A"
"2025-07-01 22:45";21.67;"A";45.97;"A";1003.71;"A";84;"A";37;"A";0;"A";17;"A";19;"A";8.33;"A";4.6;"A";3.09;"A"
"2025-07-01 23:00";21.58;"A";46.28;"A";1003.81;"A";70;"A";37;"A";0;"A";17;"A";20;"A";7.46;"A";4.68;"A";3.01;"A"
"2025-07-01 23:15";21.38;"A";47.21;"A";1003.81;"A";68;"A";36;"A";0;"A";15;"A";21;"A";7.45;"A";4.51;"A";3.09;"A"
"2025-07-01 23:30";21.13;"A";47.47;"A";1003.84;"A";65;"A";34;"A";0;"A";9;"A";26;"A";6.48;"A";4.37;"A";2.84;"A"
"2025-07-01 23:45";20.85;"A";48.49;"A";1003.9;"A";65;"A";34;"A";0;"A";6;"A";28;"A";7.16;"A";4.82;"A";3.3;"A"
"2025-07-02 00:00";20.66;"A";48.85;"A";1003.9;"A";65;"A";33;"A";0;"A";6;"A";27;"A";7.18;"A";4.65;"A";3.24;"A"
"2025-07-02 00:15";20.59;"A";48.2;"A";1003.85;"A";55;"A";34;"A";0;"A";9;"A";25;"A";6.47;"A";3.91;"A";2.6;"A"
"2025-07-02 00:30";20.44;"A";48.55;"A";1003.84;"A";55;"A";35;"A";0;"A";6;"A";28;"A";5.88;"A";3.65;"A";2.55;"A"
"2025-07-02 00:45";20.16;"A";49.64;"A";1003.87;"A";56;"A";34;"A";0;"A";5;"A";29;"A";6.11;"A";3.76;"A";2.56;"A"
"2025-07-02 01:00";19.86;"A";50.71;"A";1004;"A";57;"A";33;"A";0;"A";5;"A";27;"A";5.22;"A";3.47;"A";2.42;"A"
"2025-07-02 01:15";19.69;"A";51.16;"A";1004.02;"A";54;"A";33;"A";0;"A";5;"A";27;"A";5.33;"A";3.38;"A";2.21;"A"
"2025-07-02 01:30";19.53;"A";52.03;"A";1003.99;"A";58;"A";33;"A";0;"A";6;"A";27;"A";5.85;"A";3.8;"A";2.48;"A"
"2025-07-02 01:45";19.34;"A";52.95;"A";1003.88;"A";71;"A";31;"A";0;"A";6;"A";25;"A";7.2;"A";4.5;"A";2.99;"A"
"2025-07-02 02:00";19.27;"A";53.26;"A";1003.9;"A";70;"A";30;"A";0;"A";7;"A";24;"A";7.56;"A";4.8;"A";3.41;"A"
"2025-07-02 02:15";19.3;"A";53.69;"A";1003.89;"A";63;"A";30;"A";0;"A";7;"A";24;"A";8.34;"A";5.46;"A";4.08;"A"
"2025-07-02 02:30";19.28;"A";54.88;"A";1003.89;"A";60;"A";31;"A";0;"A";6;"A";25;"A";6.21;"A";4.08;"A";2.8;"A"
"2025-07-02 02:45";19.01;"A";55.92;"A";1003.76;"A";60;"A";30;"A";0;"A";5;"A";25;"A";7.01;"A";4.21;"A";2.91;"A"
"2025-07-02 03:00";18.73;"A";56.2;"A";1003.73;"A";59;"A";30;"A";0;"A";5;"A";25;"A";6.84;"A";4.56;"A";3.08;"A"
"2025-07-02 03:15";18.6;"A";56.37;"A";1003.69;"A";62;"A";30;"A";0;"A";6;"A";24;"A";8.92;"A";5.52;"A";4.09;"A"
"2025-07-02 03:30";18.3;"A";57.32;"A";1003.88;"A";61;"A";28;"A";0;"A";6;"A";23;"A";8.6;"A";5.47;"A";3.91;"A"
"2025-07-02 03:45";18;"A";57.89;"A";1003.91;"A";58;"A";29;"A";0;"A";6;"A";23;"A";9.08;"A";5.38;"A";3.7;"A"
"2025-07-02 04:00";17.78;"A";58.38;"A";1003.97;"A";55;"A";28;"A";0;"A";5;"A";23;"A";9.09;"A";5.44;"A";3.8;"A"
"2025-07-02 04:15";17.62;"A";58.65;"A";1003.92;"A";53;"A";28;"A";0;"A";5;"A";22;"A";7.95;"A";5.01;"A";3.38;"A"
"2025-07-02 04:30";17.4;"A";59.01;"A";1004.08;"A";50;"A";28;"A";0;"A";6;"A";22;"A";7.76;"A";4.53;"A";2.92;"A"
"2025-07-02 04:45";17.17;"A";59.73;"A";1004.02;"A";48;"A";28;"A";0;"A";6;"A";22;"A";8.17;"A";3.82;"A";2.55;"A"
"2025-07-02 05:00";17.01;"A";59.83;"A";1004.09;"A";48;"A";27;"A";0;"A";5;"A";22;"A";5.77;"A";3.52;"A";2.31;"A"
"2025-07-02 05:15";16.94;"A";60.15;"A";1004.25;"A";45;"A";28;"A";0;"A";5;"A";23;"A";6.18;"A";3.51;"A";2.17;"A"
"2025-07-02 05:30";16.86;"A";60.78;"A";1004.19;"A";47;"A";28;"A";0;"A";5;"A";22;"A";7.99;"A";4.14;"A";2.46;"A"
"2025-07-02 05:45";16.88;"A";61.17;"A";1004.18;"A";56;"A";28;"A";0;"A";6;"A";22;"A";8.79;"A";4.64;"A";2.67;"A"
"2025-07-02 06:00";16.96;"A";61.42;"A";1004.22;"A";74;"A";28;"A";0;"A";9;"A";19;"A";9.57;"A";5.1;"A";3.21;"A"
"2025-07-02 06:15";17.08;"A";61.33;"A";1004.24;"A";74;"A";28;"A";0;"A";9;"A";19;"A";10.49;"A";5.54;"A";3.8;"A"
"2025-07-02 06:30";17.24;"A";60.99;"A";1004.3;"A";86;"A";29;"A";0;"A";8;"A";21;"A";9.83;"A";5.45;"A";3.66;"A"
"2025-07-02 06:45";17.51;"A";60.29;"A";1004.26;"A";84;"A";29;"A";0;"A";7;"A";21;"A";10.65;"A";5.86;"A";3.99;"A"
"2025-07-02 07:00";17.87;"A";58.96;"A";1004.22;"A";71;"A";30;"A";0;"A";7;"A";22;"A";9.74;"A";5.75;"A";3.9;"A"
"2025-07-02 07:15";18.25;"A";57.93;"A";1004.17;"A";67;"A";30;"A";0;"A";6;"A";24;"A";7.73;"A";4.01;"A";2.81;"A"
"2025-07-02 07:30";18.68;"A";56.98;"A";1004.11;"A";83;"A";31;"A";0;"A";7;"A";24;"A";13.27;"A";8.85;"A";5.99;"A"
"2025-07-02 07:45";19.92;"A";54.23;"A";1004.16;"A";73;"A";31;"A";0;"A";6;"A";25;"A";7.28;"A";3.83;"A";2.49;"A"
"2025-07-02 08:00";21.8;"A";49.32;"A";1004.28;"A";126;"A";34;"A";0;"A";9;"A";25;"A";8.46;"A";4.27;"A";3.19;"A"
"2025-07-02 08:15";23.05;"A";46.35;"A";1004.17;"A";116;"A";33;"A";0;"A";8;"A";25;"A";12.25;"A";6.01;"A";4.03;"A"
"2025-07-02 08:30";23.67;"A";44.99;"A";1004.21;"A";135;"A";35;"A";0;"A";6;"A";29;"A";7.43;"A";4.33;"A";2.88;"A"
"2025-07-02 08:45";24.21;"A";43.7;"A";1004.21;"A";198;"A";39;"A";0;"A";15;"A";24;"A";28.07;"A";20.94;"A";14.32;"A"
"2025-07-02 09:00";24.92;"A";42.51;"A";1004.27;"A";142;"A";37;"A";0;"A";7;"A";30;"A";10.01;"A";5.05;"A";3.33;"A"
"2025-07-02 09:15";24.85;"A";42.42;"A";1004.24;"A";223;"A";38;"A";0;"A";8;"A";31;"A";8.76;"A";4.8;"A";2.97;"A"
"2025-07-02 09:30";24.13;"A";43.87;"A";1004.02;"A";158;"A";41;"A";0;"A";9;"A";32;"A";8.52;"A";4.93;"A";3.58;"A"
"2025-07-02 09:45";23.65;"A";43.86;"A";1004.1;"A";190;"A";40;"A";0;"A";9;"A";31;"A";6.78;"A";3.82;"A";2.47;"A"
"2025-07-02 10:00";23.69;"A";43.45;"A";1004.09;"A";123;"A";39;"A";0;"A";7;"A";32;"A";7.2;"A";3.84;"A";2.66;"A"
"2025-07-02 10:15";23.88;"A";42.75;"A";1003.94;"A";94;"A";40;"A";0;"A";7;"A";33;"A";7.38;"A";4.34;"A";2.69;"A"
"2025-07-02 10:30";24.51;"A";41.15;"A";1003.86;"A";82;"A";40;"A";0;"A";6;"A";33;"A";7.21;"A";3.79;"A";2.72;"A"
"2025-07-02 10:45";24.69;"A";41.06;"A";1003.96;"A";80;"A";41;"A";0;"A";6;"A";35;"A";6.8;"A";3.77;"A";2.62;"A"
"2025-07-02 11:00";25.12;"A";40.33;"A";1003.98;"A";83;"A";40;"A";0;"A";6;"A";35;"A";6.08;"A";3.76;"A";2.54;"A"
"2025-07-02 11:15";25.09;"A";40.02;"A";1003.98;"A";137;"A";43;"A";0;"A";9;"A";34;"A";8.74;"A";4.14;"A";2.75;"A"
"2025-07-02 11:30";24.94;"A";39.73;"A";1003.96;"A";88;"A";42;"A";0;"A";6;"A";36;"A";7.36;"A";3.87;"A";2.6;"A"
"2025-07-02 11:45";25;"A";39.37;"A";1003.93;"A";79;"A";42;"A";0;"A";7;"A";35;"A";7.05;"A";3.93;"A";2.52;"A"
"2025-07-02 12:00";25.27;"A";39.02;"A";1003.77;"A";85;"A";41;"A";0;"A";5;"A";36;"A";6.24;"A";3.52;"A";2.43;"A"
"2025-07-02 12:15";25.18;"A";37.88;"A";1003.68;"A";77;"A";42;"A";0;"A";6;"A";35;"A";6.02;"A";3.31;"A";2.11;"A"
"2025-07-02 12:30";25.03;"A";39.05;"A";1003.72;"A";92;"A";43;"A";0;"A";9;"A";34;"A";8.31;"A";4.14;"A";2.68;"A"
"2025-07-02 12:45";25.31;"A";38.72;"A";1003.59;"A";84;"A";41;"A";0;"A";6;"A";35;"A";6.02;"A";3.38;"A";2.49;"A"
"2025-07-02 13:00";25.48;"A";38.57;"A";1003.58;"A";83;"A";40;"A";0;"A";7;"A";34;"A";6.19;"A";3.37;"A";2.43;"A"
"2025-07-02 13:15";25.54;"A";38.39;"A";1003.5;"A";445;"A";41;"A";0;"A";7;"A";34;"A";6.01;"A";3.8;"A";2.7;"A"
"2025-07-02 13:30";25.67;"A";38.1;"A";1003.41;"A";90;"A";41;"A";0;"A";6;"A";35;"A";5.96;"A";3.54;"A";2.49;"A"
"2025-07-02 13:45";25.57;"A";38.71;"A";1003.41;"A";93;"A";41;"A";0;"A";6;"A";35;"A";6.82;"A";4.16;"A";2.69;"A"
"2025-07-02 14:00";25.25;"A";38.72;"A";1003.34;"A";110;"A";41;"A";0;"A";10;"A";32;"A";9.55;"A";6.07;"A";4.27;"A"
"2025-07-02 14:15";25.39;"A";38.48;"A";1003.32;"A";90;"A";41;"A";0;"A";7;"A";34;"A";9.06;"A";5.55;"A";3.95;"A"
"2025-07-02 14:30";25.7;"A";38.13;"A";1003.27;"A";78;"A";42;"A";0;"A";6;"A";36;"A";7.21;"A";4.16;"A";2.84;"A"
"2025-07-02 14:45";26;"A";38.16;"A";1003.1;"A";89;"A";42;"A";0;"A";7;"A";35;"A";7.59;"A";4.31;"A";2.77;"A"
"2025-07-02 15:00";26.58;"A";35.98;"A";1002.95;"A";73;"A";42;"A";0;"A";5;"A";37;"A";6.75;"A";3.85;"A";2.65;"A"
"2025-07-02 15:15";27.22;"A";35.43;"A";1002.89;"A";87;"A";43;"A";0;"A";6;"A";37;"A";6.32;"A";3.7;"A";2.5;"A"
"2025-07-02 15:30";27.64;"A";34.04;"A";1002.7;"A";83;"A";43;"A";0;"A";5;"A";38;"A";6.61;"A";3.67;"A";2.39;"A"
"2025-07-02 15:45";27.54;"A";33.96;"A";1002.65;"A";95;"A";44;"A";0;"A";7;"A";38;"A";7.39;"A";5.15;"A";3.57;"A"
"2025-07-02 16:00";27.81;"A";33.23;"A";1002.42;"A";103;"A";44;"A";0;"A";6;"A";38;"A";7.07;"A";3.68;"A";2.42;"A"
"2025-07-02 16:15";28.06;"A";32.82;"A";1002.26;"A";89;"A";45;"A";0;"A";6;"A";39;"A";7.64;"A";4.16;"A";2.47;"A"
"2025-07-02 16:30";28.4;"A";31.67;"A";1002.28;"A";94;"A";44;"A";0;"A";6;"A";38;"A";4.58;"A";3.02;"A";2.11;"A"
"2025-07-02 16:45";28.1;"A";31.99;"A";1002.3;"A";146;"A";45;"A";0;"A";7;"A";38;"A";6.53;"A";3.49;"A";2.41;"A"
"2025-07-02 17:00";27.4;"A";32.94;"A";1002.48;"A";134;"A";45;"A";0;"A";8;"A";37;"A";6.02;"A";3.4;"A";2.37;"A"
"2025-07-02 17:15";26.96;"A";33.08;"A";1002.47;"A";99;"A";44;"A";0;"A";8;"A";37;"A";6.83;"A";3.74;"A";2.36;"A"
"2025-07-02 17:30";26.58;"A";34.15;"A";1002.73;"A";91;"A";44;"A";0;"A";7;"A";38;"A";8.33;"A";4.24;"A";2.78;"A"
"2025-07-02 17:45";26.36;"A";35.05;"A";1002.78;"A";85;"A";44;"A";0;"A";7;"A";37;"A";6.82;"A";3.94;"A";2.55;"A"
"2025-07-02 18:00";26.1;"A";35.67;"A";1002.76;"A";80;"A";44;"A";0;"A";7;"A";37;"A";8.93;"A";4.86;"A";3.01;"A"
"2025-07-02 18:15";26.04;"A";36.16;"A";1002.7;"A";80;"A";43;"A";0;"A";6;"A";37;"A";7.75;"A";4.07;"A";2.7;"A"
"2025-07-02 18:30";25.87;"A";36.48;"A";1002.64;"A";76;"A";43;"A";0;"A";7;"A";37;"A";7.07;"A";3.9;"A";2.65;"A"
"2025-07-02 18:45";25.64;"A";36.97;"A";1002.79;"A";78;"A";43;"A";0;"A";7;"A";36;"A";7.98;"A";4.41;"A";2.89;"A"
"2025-07-02 19:00";25.58;"A";37.24;"A";1002.78;"A";79;"A";43;"A";0;"A";7;"A";36;"A";6.72;"A";4.32;"A";2.74;"A"
"2025-07-02 19:15";25.44;"A";37.41;"A";1003;"A";80;"A";44;"A";0;"A";6;"A";38;"A";6.67;"A";4.07;"A";2.86;"A"
"2025-07-02 19:30";25.31;"A";37.83;"A";1003.15;"A";85;"A";44;"A";0;"A";6;"A";38;"A";6.36;"A";3.96;"A";2.73;"A"
"2025-07-02 19:45";25.13;"A";38.17;"A";1003.09;"A";84;"A";44;"A";0;"A";6;"A";37;"A";6.53;"A";4.12;"A";2.89;"A"
"2025-07-02 20:00";25.02;"A";38.24;"A";1003.16;"A";79;"A";44;"A";0;"A";6;"A";38;"A";7.73;"A";4.46;"A";2.86;"A"
"2025-07-02 20:15";24.76;"A";40.72;"A";1003.35;"A";91;"A";43;"A";0;"A";7;"A";36;"A";7.32;"A";4.29;"A";3;"A"
"2025-07-02 20:30";24.57;"A";40.09;"A";1003.23;"A";91;"A";42;"A";0;"A";7;"A";35;"A";6.37;"A";4.34;"A";3.02;"A"
"2025-07-02 20:45";24.5;"A";39.96;"A";1003.35;"A";88;"A";42;"A";0;"A";10;"A";32;"A";6.75;"A";4.2;"A";3.17;"A"
"2025-07-02 21:00";23.48;"A";49.39;"A";1004.46;"A";104;"A";45;"A";0;"A";12;"A";34;"A";10.71;"A";4.72;"A";3.45;"A"
"2025-07-02 21:15";22.25;"A";57.34;"A";1004.7;"A";103;"A";41;"A";0;"A";7;"A";33;"A";8.22;"A";5.11;"A";3.42;"A"
"2025-07-02 21:30";20.86;"A";65.58;"A";1004.52;"A";95;"A";34;"A";0;"A";5;"A";29;"A";9.78;"A";6.07;"A";4.48;"A"
"2025-07-02 21:45";20.02;"A";68.56;"A";1004.73;"A";80;"A";31;"A";0;"A";5;"A";26;"A";10.93;"A";8.01;"A";5.98;"A"
"2025-07-02 22:00";19.59;"A";70.61;"A";1004.72;"A";76;"A";31;"A";0;"A";6;"A";25;"A";11.45;"A";7.88;"A";5.49;"A"
"2025-07-02 22:15";19.41;"A";72.81;"A";1005.07;"A";79;"A";30;"A";0;"A";6;"A";24;"A";10.39;"A";7.65;"A";5.32;"A"
"2025-07-02 22:30";19.07;"A";74.5;"A";1004.89;"A";68;"A";31;"A";0;"A";6;"A";24;"A";9.35;"A";6.05;"A";4.22;"A"
"2025-07-02 22:45";18.78;"A";75.39;"A";1004.95;"A";65;"A";29;"A";0;"A";6;"A";23;"A";9.58;"A";6.51;"A";4.56;"A"
"2025-07-02 23:00";18.57;"A";75.77;"A";1004.92;"A";59;"A";29;"A";0;"A";7;"A";22;"A";7.73;"A";5.43;"A";3.8;"A"
"2025-07-02 23:15";18.45;"A";76.98;"A";1004.9;"A";67;"A";27;"A";0;"A";6;"A";21;"A";7.22;"A";5.48;"A";3.81;"A"
"2025-07-02 23:30";18.52;"A";75.91;"A";1004.88;"A";61;"A";28;"A";0;"A";7;"A";22;"A";7.6;"A";5.49;"A";3.94;"A"
"2025-07-02 23:45";18.57;"A";73.98;"A";1005.05;"A";50;"A";30;"A";0;"A";11;"A";18;"A";8.08;"A";5.77;"A";4.1;"A"
"2025-07-03 00:00";18.62;"A";74.47;"A";1005.14;"A";48;"A";30;"A";0;"A";10;"A";20;"A";7.47;"A";5.04;"A";3.34;"A"
"2025-07-03 00:15";18.59;"A";73.47;"A";1005.19;"A";43;"A";29;"A";0;"A";10;"A";19;"A";7.72;"A";5.12;"A";3.47;"A"
"2025-07-03 00:30";18.48;"A";73.84;"A";1005.24;"A";44;"A";30;"A";0;"A";11;"A";19;"A";7.87;"A";5.12;"A";3.6;"A"
"2025-07-03 00:45";18.41;"A";72.79;"A";1005.14;"A";41;"A";30;"A";0;"A";10;"A";20;"A";6.31;"A";4.52;"A";3.27;"A"
"2025-07-03 01:00";18.29;"A";72.5;"A";1005.28;"A";41;"A";30;"A";0;"A";9;"A";21;"A";6.97;"A";4.72;"A";3.19;"A"
"2025-07-03 01:15";18.17;"A";72.92;"A";1005.42;"A";42;"A";30;"A";0;"A";9;"A";21;"A";6.39;"A";4.45;"A";3.04;"A"
"2025-07-03 01:30";17.97;"A";73.5;"A";1005.41;"A";41;"A";29;"A";0;"A";6;"A";22;"A";6.85;"A";4.75;"A";3.29;"A"
"2025-07-03 01:45";17.68;"A";74.36;"A";1005.5;"A";43;"A";28;"A";0;"A";6;"A";23;"A";7.39;"A";4.73;"A";3.44;"A"
"2025-07-03 02:00";17.47;"A";75.6;"A";1005.51;"A";45;"A";27;"A";0;"A";5;"A";22;"A";6.67;"A";5.04;"A";3.59;"A"
"2025-07-03 02:15";17.25;"A";76.45;"A";1005.55;"A";48;"A";26;"A";0;"A";5;"A";21;"A";8.38;"A";6.01;"A";4.18;"A"
"2025-07-03 02:30";17.08;"A";76.53;"A";1005.78;"A";45;"A";26;"A";0;"A";5;"A";21;"A";11.17;"A";7.65;"A";5.32;"A"
"2025-07-03 02:45";16.99;"A";76.92;"A";1005.69;"A";48;"A";26;"A";0;"A";6;"A";20;"A";10.26;"A";8.64;"A";6.3;"A"
"2025-07-03 03:00";16.82;"A";77.28;"A";1005.73;"A";47;"A";25;"A";0;"A";6;"A";20;"A";14.44;"A";10.77;"A";7.9;"A"
"2025-07-03 03:15";16.64;"A";77.51;"A";1005.72;"A";45;"A";26;"A";0;"A";6;"A";19;"A";14.53;"A";11.48;"A";8.88;"A"
"2025-07-03 03:30";16.55;"A";77.59;"A";1005.79;"A";42;"A";26;"A";0;"A";8;"A";18;"A";14.18;"A";10.11;"A";8.59;"A"
"2025-07-03 03:45";16.45;"A";78.04;"A";1005.96;"A";42;"A";25;"A";0;"A";6;"A";19;"A";10.25;"A";7.26;"A";6.69;"A"
"2025-07-03 04:00";16.34;"A";78.43;"A";1006.17;"A";42;"A";25;"A";0;"A";6;"A";19;"A";8.04;"A";5.64;"A";5.14;"A"
"2025-07-03 04:15";16.19;"A";78.68;"A";1006.39;"A";39;"A";25;"A";0;"A";6;"A";19;"A";7.38;"A";5.16;"A";4.68;"A"
"2025-07-03 04:30";16;"A";79.04;"A";1006.45;"A";42;"A";24;"A";0;"A";9;"A";15;"A";8.12;"A";5.7;"A";5.2;"A"
"2025-07-03 04:45";15.91;"A";79.35;"A";1006.66;"A";46;"A";24;"A";0;"A";9;"A";15;"A";12.54;"A";8.94;"A";8.29;"A"
"2025-07-03 05:00";15.72;"A";79.83;"A";1006.6;"A";48;"A";23;"A";0;"A";8;"A";15;"A";8.05;"A";5.65;"A";5.15;"A"
"2025-07-03 05:15";15.7;"A";79.74;"A";1006.78;"A";47;"A";23;"A";0;"A";5;"A";18;"A";7.02;"A";4.9;"A";4.43;"A"
"2025-07-03 05:30";15.74;"A";79.24;"A";1007;"A";50;"A";24;"A";0;"A";5;"A";18;"A";7.08;"A";4.94;"A";4.47;"A"
"2025-07-03 05:45";15.77;"A";79.25;"A";1006.99;"A";58;"A";25;"A";0;"A";10;"A";15;"A";12.05;"A";8.58;"A";7.95;"A"
"2025-07-03 06:00";15.87;"A";78.79;"A";1006.92;"A";56;"A";25;"A";0;"A";10;"A";15;"A";9.59;"A";6.78;"A";6.23;"A"
"2025-07-03 06:15";16.02;"A";78.14;"A";1007.03;"A";57;"A";25;"A";0;"A";8;"A";17;"A";8.6;"A";6.05;"A";5.54;"A"
"2025-07-03 06:30";16.4;"A";77.18;"A";1007.22;"A";66;"A";25;"A";0;"A";9;"A";15;"A";7.87;"A";5.52;"A";5.03;"A"
"2025-07-03 06:45";16.67;"A";76.29;"A";1007.26;"A";64;"A";25;"A";0;"A";7;"A";18;"A";8.77;"A";6.6;"A";5.37;"A"
"2025-07-03 07:00";17.1;"A";75.39;"A";1007.18;"A";77;"A";25;"A";0;"A";7;"A";18;"A";9.82;"A";6.77;"A";5.42;"A"
"2025-07-03 07:15";17.47;"A";73.89;"A";1007.29;"A";70;"A";26;"A";0;"A";7;"A";19;"A";11.9;"A";8.05;"A";5.53;"A"
"2025-07-03 07:30";17.88;"A";72.47;"A";1007.47;"A";69;"A";27;"A";0;"A";8;"A";19;"A";9.05;"A";6.24;"A";4.68;"A"
"2025-07-03 07:45";19.23;"A";68.05;"A";1007.73;"A";76;"A";27;"A";0;"A";7;"A";20;"A";9.96;"A";6.56;"A";4.76;"A"
"2025-07-03 08:00";21.06;"A";61.33;"A";1007.66;"A";70;"A";27;"A";0;"A";5;"A";22;"A";9.44;"A";6.74;"A";4.62;"A"
"2025-07-03 08:15";22.37;"A";56.54;"A";1007.68;"A";87;"A";28;"A";0;"A";5;"A";23;"A";11.73;"A";7.51;"A";5.17;"A"
"2025-07-03 08:30";22.9;"A";54.5;"A";1007.93;"A";80;"A";30;"A";0;"A";5;"A";26;"A";6.82;"A";5.15;"A";3.77;"A"
"2025-07-03 08:45";23.37;"A";52.02;"A";1007.99;"A";128;"A";33;"A";0;"A";5;"A";28;"A";19.46;"A";15.74;"A";11.47;"A"
"2025-07-03 09:00";23.94;"A";48.04;"A";1008.06;"A";85;"A";35;"A";0;"A";5;"A";30;"A";6.4;"A";4.22;"A";2.83;"A"
"2025-07-03 09:15";24.48;"A";47.15;"A";1007.91;"A";126;"A";41;"A";0;"A";12;"A";29;"A";5.68;"A";3.69;"A";2.6;"A"
"2025-07-03 09:30";25.05;"A";44.88;"A";1007.85;"A";105;"A";38;"A";0;"A";4;"A";33;"A";11.46;"A";6.31;"A";4.1;"A"
"2025-07-03 09:45";25.7;"A";41.73;"A";1007.8;"A";77;"A";40;"A";0;"A";4;"A";36;"A";5.24;"A";2.92;"A";1.96;"A"
"2025-07-03 10:00";26.04;"A";42.53;"A";1007.92;"A";98;"A";42;"A";0;"A";6;"A";36;"A";6.85;"A";3.8;"A";2.84;"A"
"2025-07-03 10:15";26.01;"A";42.75;"A";1007.94;"A";130;"A";42;"A";0;"A";6;"A";36;"A";12.53;"A";9.11;"A";6.29;"A"
"2025-07-03 10:30";25.95;"A";43.23;"A";1007.86;"A";132;"A";43;"A";0;"A";6;"A";37;"A";6.67;"A";4.19;"A";3.05;"A"
"2025-07-03 10:45";25.52;"A";44.34;"A";1007.89;"A";108;"A";43;"A";0;"A";5;"A";37;"A";7.91;"A";5.03;"A";3.37;"A"
"2025-07-03 11:00";25.42;"A";45.08;"A";1007.75;"A";102;"A";43;"A";0;"A";6;"A";37;"A";7.7;"A";4.66;"A";3.47;"A"
"2025-07-03 11:15";25.93;"A";43.83;"A";1007.68;"A";94;"A";41;"A";0;"A";4;"A";37;"A";8.29;"A";5.31;"A";3.63;"A"
"2025-07-03 11:30";26.02;"A";42.66;"A";1007.64;"A";96;"A";43;"A";0;"A";5;"A";38;"A";10.8;"A";7.82;"A";5.54;"A"
"2025-07-03 11:45";26.23;"A";41.76;"A";1007.7;"A";101;"A";45;"A";0;"A";6;"A";39;"A";6.91;"A";4.64;"A";3.5;"A"
"2025-07-03 12:00";26.67;"A";41.88;"A";1007.81;"A";101;"A";44;"A";0;"A";6;"A";38;"A";6.92;"A";4.88;"A";3.43;"A"
"2025-07-03 12:15";27;"A";40.6;"A";1007.71;"A";105;"A";44;"A";0;"A";5;"A";39;"A";6.38;"A";4.26;"A";3.14;"A"
"2025-07-03 12:30";27.38;"A";40.04;"A";1007.75;"A";101;"A";44;"A";0;"A";5;"A";39;"A";9.68;"A";6.12;"A";4.44;"A"
"2025-07-03 12:45";27.63;"A";38.87;"A";1007.76;"A";100;"A";44;"A";0;"A";5;"A";39;"A";6.59;"A";4.19;"A";2.94;"A"
"2025-07-03 13:00";27.47;"A";39.65;"A";1007.73;"A";126;"A";45;"A";0;"A";6;"A";39;"A";6.99;"A";4.98;"A";3.4;"A"
"2025-07-03 13:15";27.71;"A";39.28;"A";1007.75;"A";111;"A";44;"A";0;"A";6;"A";39;"A";7.56;"A";4.85;"A";3.35;"A"
"2025-07-03 13:30";28.53;"A";38;"A";1007.62;"A";111;"A";43;"A";0;"A";4;"A";39;"A";5.96;"A";4.37;"A";3.11;"A"
"2025-07-03 13:45";29.26;"A";36.43;"A";1007.56;"A";147;"A";44;"A";0;"A";5;"A";39;"A";8.44;"A";4.85;"A";3.49;"A"
"2025-07-03 14:00";29.47;"A";35.99;"A";1007.49;"A";108;"A";45;"A";0;"A";5;"A";40;"A";7.65;"A";4.35;"A";2.89;"A"
"2025-07-03 14:15";29.74;"A";35.35;"A";1007.27;"A";113;"A";45;"A";0;"A";6;"A";39;"A";8.46;"A";4.66;"A";3.14;"A"
"2025-07-03 14:30";30.23;"A";34.67;"A";1007.12;"A";119;"A";46;"A";0;"A";5;"A";40;"A";6.83;"A";4.29;"A";2.85;"A"
"2025-07-03 14:45";30.67;"A";33.37;"A";1007.08;"A";99;"A";45;"A";0;"A";4;"A";41;"A";5.92;"A";3.74;"A";2.61;"A"
"2025-07-03 15:00";31.01;"A";33.25;"A";1007.12;"A";110;"A";47;"A";0;"A";9;"A";39;"A";6.1;"A";3.96;"A";2.5;"A"
"2025-07-03 15:15";31.35;"A";32.63;"A";1007.18;"A";109;"A";44;"A";0;"A";4;"A";40;"A";5.97;"A";3.67;"A";2.61;"A"
"2025-07-03 15:30";31.98;"A";31.71;"A";1007.06;"A";117;"A";44;"A";0;"A";5;"A";39;"A";8.08;"A";3.8;"A";2.8;"A"
"2025-07-03 15:45";31.98;"A";31.44;"A";1006.97;"A";115;"A";45;"A";0;"A";5;"A";40;"A";7.53;"A";3.74;"A";2.58;"A"
"2025-07-03 16:00";32.4;"A";30.45;"A";1007.01;"A";112;"A";45;"A";0;"A";5;"A";40;"A";5.29;"A";3.49;"A";2.4;"A"
"2025-07-03 16:15";32.28;"A";30.63;"A";1007.01;"A";110;"A";45;"A";0;"A";4;"A";41;"A";5.43;"A";3.7;"A";2.43;"A"
"2025-07-03 16:30";31.85;"A";31.68;"A";1006.99;"A";137;"A";46;"A";0;"A";8;"A";38;"A";7.56;"A";4.61;"A";3.06;"A"
"2025-07-03 16:45";31.7;"A";31.69;"A";1006.9;"A";124;"A";45;"A";0;"A";6;"A";39;"A";6.28;"A";3.6;"A";2.49;"A"
"2025-07-03 17:00";31.37;"A";32.1;"A";1006.94;"A";115;"A";45;"A";0;"A";5;"A";40;"A";5.55;"A";3.46;"A";2.41;"A"
"2025-07-03 17:15";31.05;"A";32.54;"A";1006.85;"A";119;"A";45;"A";0;"A";6;"A";39;"A";6.19;"A";4.18;"A";3.11;"A"
"2025-07-03 17:30";30.65;"A";32.43;"A";1006.82;"A";126;"A";47;"A";0;"A";6;"A";41;"A";7.48;"A";5.26;"A";4.05;"A"
"2025-07-03 17:45";30.71;"A";32.99;"A";1006.81;"A";116;"A";45;"A";0;"A";6;"A";40;"A";6.94;"A";4.13;"A";2.8;"A"
"2025-07-03 18:00";30.64;"A";33.29;"A";1006.87;"A";117;"A";45;"A";0;"A";5;"A";40;"A";5.52;"A";4.06;"A";2.88;"A"
"2025-07-03 18:15";30.46;"A";33.93;"A";1006.93;"A";123;"A";44;"A";0;"A";5;"A";40;"A";7.71;"A";4.96;"A";3.35;"A"
"2025-07-03 18:30";30.32;"A";33.37;"A";1006.96;"A";118;"A";45;"A";0;"A";5;"A";40;"A";7.71;"A";4.57;"A";3.13;"A"
"2025-07-03 18:45";30.03;"A";33.58;"A";1006.95;"A";110;"A";46;"A";0;"A";5;"A";41;"A";6.29;"A";4.33;"A";3.04;"A"
"2025-07-03 19:00";29.79;"A";33.71;"A";1006.98;"A";110;"A";46;"A";0;"A";5;"A";41;"A";6.26;"A";4.27;"A";3.03;"A"
"2025-07-03 19:15";29.52;"A";34.47;"A";1007.1;"A";111;"A";47;"A";0;"A";5;"A";42;"A";5.19;"A";3.89;"A";2.85;"A"
"2025-07-03 19:30";29.27;"A";35.11;"A";1007.2;"A";110;"A";45;"A";0;"A";6;"A";40;"A";5.3;"A";3.64;"A";2.29;"A"
"2025-07-03 19:45";29.03;"A";35.57;"A";1007.23;"A";116;"A";45;"A";0;"A";5;"A";39;"A";5.86;"A";3.47;"A";2.35;"A"
"2025-07-03 20:00";28.79;"A";35.94;"A";1007.45;"A";105;"A";45;"A";0;"A";5;"A";39;"A";5.33;"A";3.6;"A";2.38;"A"
"2025-07-03 20:15";28.46;"A";36.77;"A";1007.5;"A";109;"A";42;"A";0;"A";5;"A";37;"A";5.64;"A";3.31;"A";2.3;"A"
"2025-07-03 20:30";28.11;"A";37.46;"A";1007.54;"A";124;"A";41;"A";0;"A";5;"A";36;"A";5.38;"A";3.01;"A";2.12;"A"
"2025-07-03 20:45";27.74;"A";38.25;"A";1007.57;"A";124;"A";42;"A";0;"A";7;"A";35;"A";12.28;"A";4.61;"A";2.79;"A"
"2025-07-03 21:00";27.38;"A";39.14;"A";1007.83;"A";119;"A";40;"A";0;"A";9;"A";31;"A";6.2;"A";3.22;"A";2.37;"A"
"2025-07-03 21:15";26.93;"A";40.46;"A";1007.83;"A";125;"A";39;"A";0;"A";11;"A";28;"A";6.64;"A";3.62;"A";2.41;"A"
"2025-07-03 21:30";26.58;"A";41.19;"A";1008.04;"A";121;"A";38;"A";0;"A";14;"A";25;"A";8.52;"A";4.5;"A";2.81;"A"
"2025-07-03 21:45";26.3;"A";41.53;"A";1007.9;"A";121;"A";39;"A";0;"A";14;"A";25;"A";6.26;"A";3.84;"A";2.64;"A"
"2025-07-03 22:00";25.81;"A";43.47;"A";1007.73;"A";122;"A";38;"A";0;"A";11;"A";27;"A";6.57;"A";3.58;"A";2.51;"A"
"2025-07-03 22:15";25.13;"A";45.65;"A";1007.76;"A";133;"A";36;"A";0;"A";12;"A";25;"A";7.75;"A";3.92;"A";2.65;"A"
"2025-07-03 22:30";24.45;"A";48.04;"A";1007.82;"A";165;"A";35;"A";0;"A";16;"A";19;"A";7.94;"A";5.06;"A";3.1;"A"
"2025-07-03 22:45";23.87;"A";49.98;"A";1007.83;"A";181;"A";34;"A";0;"A";20;"A";13;"A";9.08;"A";5.31;"A";3.54;"A"
"2025-07-03 23:00";23.36;"A";51.76;"A";1008.03;"A";200;"A";31;"A";0;"A";17;"A";15;"A";8.76;"A";6.02;"A";4.24;"A"
"2025-07-03 23:15";22.94;"A";53.06;"A";1008.01;"A";309;"A";30;"A";0;"A";17;"A";13;"A";10.34;"A";6.65;"A";4.54;"A"
"2025-07-03 23:30";22.51;"A";54.44;"A";1007.97;"A";229;"A";30;"A";0;"A";17;"A";12;"A";10.63;"A";6.89;"A";4.6;"A"
"2025-07-03 23:45";22.18;"A";55.48;"A";1007.97;"A";259;"A";29;"A";0;"A";17;"A";11;"A";10.95;"A";6.9;"A";4.73;"A"
"2025-07-04 00:00";21.87;"A";56.42;"A";1007.91;"A";264;"A";29;"A";0;"A";16;"A";13;"A";9.83;"A";6.54;"A";4.78;"A"
"2025-07-04 00:15";21.65;"A";57.51;"A";1007.98;"A";238;"A";27;"A";0;"A";13;"A";14;"A";9.45;"A";6.51;"A";4.88;"A"
"2025-07-04 00:30";21.48;"A";58.19;"A";1008.14;"A";214;"A";28;"A";0;"A";12;"A";16;"A";9.44;"A";7.04;"A";4.75;"A"
"2025-07-04 00:45";21.36;"A";59.29;"A";1008.22;"A";247;"A";26;"A";0;"A";14;"A";12;"A";11.18;"A";7.23;"A";5.15;"A"
"2025-07-04 01:00";21.19;"A";60.28;"A";1008.23;"A";261;"A";26;"A";0;"A";17;"A";9;"A";11.78;"A";7.64;"A";5.48;"A"
"2025-07-04 01:15";20.83;"A";60.95;"A";1008.1;"A";227;"A";27;"A";0;"A";18;"A";8;"A";12.4;"A";8.31;"A";6.02;"A"
"2025-07-04 01:30";20.66;"A";61.71;"A";1008.03;"A";225;"A";26;"A";0;"A";19;"A";7;"A";12.73;"A";8.84;"A";6.6;"A"
"2025-07-04 01:45";20.48;"A";62.45;"A";1007.97;"A";226;"A";26;"A";0;"A";20;"A";7;"A";15.3;"A";10.12;"A";7.33;"A"
"2025-07-04 02:00";20.32;"A";63.64;"A";1008.09;"A";210;"A";26;"A";0;"A";19;"A";7;"A";13.94;"A";10.18;"A";7.2;"A"
"2025-07-04 02:15";20.06;"A";64.97;"A";1008.17;"A";199;"A";25;"A";0;"A";16;"A";9;"A";14.01;"A";9.48;"A";7.18;"A"
"2025-07-04 02:30";19.82;"A";66.25;"A";1008.09;"A";195;"A";25;"A";0;"A";16;"A";9;"A";13.32;"A";9.78;"A";7.03;"A"
"2025-07-04 02:45";19.62;"A";67.47;"A";1008.11;"A";189;"A";24;"A";0;"A";17;"A";7;"A";14.94;"A";9.83;"A";7.01;"A"
"2025-07-04 03:00";19.42;"A";68.46;"A";1008.12;"A";190;"A";23;"A";0;"A";17;"A";6;"A";14.36;"A";10.32;"A";7.11;"A"
"2025-07-04 03:15";19.26;"A";69.04;"A";1008.18;"A";198;"A";23;"A";0;"A";16;"A";6;"A";13.82;"A";9.41;"A";6.98;"A"
"2025-07-04 03:30";19.03;"A";70.21;"A";1008.2;"A";194;"A";22;"A";0;"A";16;"A";6;"A";15.73;"A";10.22;"A";7.18;"A"
"2025-07-04 03:45";18.89;"A";71.35;"A";1008.12;"A";183;"A";22;"A";0;"A";15;"A";7;"A";14.06;"A";9.52;"A";7.25;"A"
"2025-07-04 04:00";18.82;"A";71.76;"A";1008.26;"A";174;"A";21;"A";0;"A";12;"A";9;"A";15.64;"A";10.2;"A";7.18;"A"
"2025-07-04 04:15";18.72;"A";72.44;"A";1008.34;"A";171;"A";21;"A";0;"A";12;"A";8;"A";14.65;"A";10.23;"A";7.36;"A"
"2025-07-04 04:30";18.59;"A";72.72;"A";1008.27;"A";174;"A";20;"A";0;"A";13;"A";7;"A";17.07;"A";10.8;"A";7.6;"A"
"2025-07-04 04:45";18.44;"A";73.35;"A";1008.07;"A";168;"A";20;"A";0;"A";12;"A";8;"A";15.93;"A";11.21;"A";7.73;"A"
"2025-07-04 05:00";18.31;"A";73.36;"A";1008.15;"A";186;"A";21;"A";0;"A";12;"A";8;"A";16.83;"A";10.82;"A";7.67;"A"
"2025-07-04 05:15";18.27;"A";73.4;"A";1008.23;"A";209;"A";20;"A";0;"A";14;"A";6;"A";19.5;"A";11.7;"A";8.13;"A"
"2025-07-04 05:30";18.27;"A";72.5;"A";1008.2;"A";212;"A";19;"A";0;"A";12;"A";7;"A";17.67;"A";10.9;"A";7.66;"A"
"2025-07-04 05:45";18.35;"A";72.25;"A";1008.26;"A";185;"A";21;"A";0;"A";12;"A";9;"A";21.18;"A";11.72;"A";8.34;"A"
"2025-07-04 06:00";18.56;"A";70.65;"A";1008.34;"A";222;"A";22;"A";0;"A";13;"A";9;"A";19.78;"A";12.75;"A";8.64;"A"
"2025-07-04 06:15";18.88;"A";69.8;"A";1008.54;"A";218;"A";24;"A";0;"A";14;"A";9;"A";19.18;"A";12.75;"A";8.81;"A"
"2025-07-04 06:30";19.31;"A";69;"A";1008.65;"A";217;"A";23;"A";0;"A";12;"A";10;"A";18.72;"A";11.53;"A";8.21;"A"
"2025-07-04 06:45";19.92;"A";66.49;"A";1008.61;"A";181;"A";26;"A";0;"A";11;"A";15;"A";16.73;"A";11.03;"A";7.74;"A"
"2025-07-04 07:00";20.52;"A";63.57;"A";1008.51;"A";150;"A";30;"A";0;"A";9;"A";21;"A";14.92;"A";9.47;"A";6.84;"A"
"2025-07-04 07:15";21.09;"A";62.34;"A";1008.53;"A";144;"A";32;"A";0;"A";11;"A";21;"A";18.23;"A";11.12;"A";7.63;"A"
"2025-07-04 07:30";21.8;"A";59.98;"A";1008.77;"A";163;"A";35;"A";0;"A";12;"A";22;"A";17.13;"A";10.64;"A";7.67;"A"
"2025-07-04 07:45";23.41;"A";55.5;"A";1008.76;"A";175;"A";37;"A";0;"A";15;"A";22;"A";15.52;"A";10.31;"A";7.14;"A"
"2025-07-04 08:00";25.66;"A";49.79;"A";1008.7;"A";267;"A";41;"A";0;"A";20;"A";21;"A";23.35;"A";12.35;"A";8.35;"A"
"2025-07-04 08:15";27.28;"A";44.51;"A";1008.82;"A";266;"A";43;"A";0;"A";16;"A";27;"A";30.26;"A";22.19;"A";15.88;"A"
"2025-07-04 08:30";27.96;"A";43.89;"A";1008.8;"A";323;"A";47;"A";0;"A";22;"A";25;"A";22.14;"A";14.44;"A";9.76;"A"
"2025-07-04 08:45";28.78;"A";41.38;"A";1008.63;"A";299;"A";46;"A";0;"A";17;"A";29;"A";18.04;"A";10.94;"A";7.56;"A"
"2025-07-04 09:00";29.82;"A";39.11;"A";1008.53;"A";314;"A";47;"A";0;"A";16;"A";30;"A";17.96;"A";11.2;"A";8.22;"A"
"2025-07-04 09:15";30.32;"A";37.4;"A";1008.35;"A";239;"A";49;"A";0;"A";15;"A";34;"A";13.66;"A";9.03;"A";6.32;"A"
"2025-07-04 09:30";31.08;"A";35.99;"A";1008.36;"A";178;"A";51;"A";0;"A";9;"A";42;"A";9.95;"A";5.63;"A";3.85;"A"
"2025-07-04 09:45";31.93;"A";34.24;"A";1008.38;"A";164;"A";51;"A";0;"A";7;"A";44;"A";9.85;"A";5.81;"A";4.19;"A"
"2025-07-04 10:00";32.23;"A";33.98;"A";1008.37;"A";182;"A";52;"A";0;"A";8;"A";44;"A";10.71;"A";6.62;"A";4.52;"A"
"2025-07-04 10:15";32.08;"A";33.27;"A";1008.29;"A";184;"A";55;"A";0;"A";9;"A";46;"A";9.96;"A";6.21;"A";4.43;"A"
"2025-07-04 10:30";31.9;"A";32.51;"A";1008.25;"A";152;"A";53;"A";0;"A";6;"A";47;"A";8.22;"A";6;"A";4.07;"A"
"2025-07-04 10:45";32;"A";31.84;"A";1008.21;"A";307;"A";55;"A";0;"A";8;"A";47;"A";8.94;"A";5.69;"A";3.93;"A"
"2025-07-04 11:00";31.87;"A";32.45;"A";1008.09;"A";374;"A";57;"A";0;"A";11;"A";46;"A";9.2;"A";6.07;"A";4.2;"A"
"2025-07-04 11:15";31.75;"A";32.29;"A";1008.24;"A";162;"A";55;"A";0;"A";7;"A";48;"A";11.74;"A";7.41;"A";5.23;"A"
"2025-07-04 11:30";31.78;"A";32.36;"A";1008.11;"A";139;"A";58;"A";0;"A";7;"A";51;"A";8.54;"A";5.88;"A";4.03;"A"
"2025-07-04 11:45";31.97;"A";31.55;"A";1008.11;"A";144;"A";56;"A";0;"A";6;"A";50;"A";11.21;"A";7.65;"A";5.48;"A"
"2025-07-04 12:00";31.95;"A";31.46;"A";1007.92;"A";136;"A";58;"A";0;"A";7;"A";51;"A";9.74;"A";7.19;"A";5.11;"A"
"2025-07-04 12:15";32.18;"A";31.57;"A";1007.9;"A";151;"A";57;"A";0;"A";6;"A";51;"A";12.21;"A";7.93;"A";5.86;"A"
"2025-07-04 12:30";32.22;"A";31.6;"A";1007.81;"A";189;"A";57;"A";0;"A";7;"A";51;"A";15.17;"A";10.27;"A";7.44;"A"
"2025-07-04 12:45";32.32;"A";31.05;"A";1007.62;"A";177;"A";57;"A";0;"A";7;"A";50;"A";11.95;"A";7.89;"A";5.59;"A"
"2025-07-04 13:00";32.64;"A";30.61;"A";1007.53;"A";207;"A";60;"A";0;"A";17;"A";43;"A";14.71;"A";9.89;"A";7.93;"A"
"2025-07-04 13:15";32.87;"A";30.15;"A";1007.39;"A";141;"A";57;"A";0;"A";6;"A";51;"A";12.72;"A";9.25;"A";7.02;"A"
"2025-07-04 13:30";33.28;"A";29.29;"A";1007.18;"A";137;"A";56;"A";0;"A";5;"A";51;"A";19.29;"A";13.97;"A";10.38;"A"
"2025-07-04 13:45";33.59;"A";29.47;"A";1007.16;"A";144;"A";59;"A";0;"A";6;"A";53;"A";35.38;"A";25.61;"A";19.57;"A"
"2025-07-04 14:00";34.05;"A";28.94;"A";1007.04;"A";141;"A";59;"A";0;"A";6;"A";53;"A";18.1;"A";12.97;"A";9.8;"A"
"2025-07-04 14:15";34.44;"A";28.14;"A";1006.91;"A";131;"A";58;"A";0;"A";5;"A";54;"A";10.33;"A";7.5;"A";5.54;"A"
"2025-07-04 14:30";34.7;"A";27.41;"A";1006.78;"A";122;"A";59;"A";0;"A";4;"A";54;"A";9.53;"A";6.19;"A";4.63;"A"
"2025-07-04 14:45";34.85;"A";27.73;"A";1006.59;"A";149;"A";58;"A";0;"A";6;"A";52;"A";9.15;"A";6.19;"A";4.45;"A"
"2025-07-04 15:00";35.25;"A";26.96;"A";1006.58;"A";130;"A";55;"A";0;"A";4;"A";50;"A";7.29;"A";5.37;"A";3.72;"A"
"2025-07-04 15:15";35.65;"A";26.06;"A";1006.35;"A";141;"A";56;"A";0;"A";5;"A";51;"A";8.47;"A";5.31;"A";3.44;"A"
"2025-07-04 15:30";36.16;"A";25.68;"A";1006.3;"A";134;"A";52;"A";0;"A";4;"A";47;"A";6.29;"A";3.87;"A";2.99;"A"
"2025-07-04 15:45";36.42;"A";24.41;"A";1006.19;"A";114;"A";52;"A";0;"A";5;"A";47;"A";6.81;"A";4.3;"A";2.79;"A"
"2025-07-04 16:00";36.52;"A";23.91;"A";1005.99;"A";115;"A";52;"A";0;"A";4;"A";48;"A";6.26;"A";3.86;"A";2.56;"A"
"2025-07-04 16:15";36.91;"A";23.96;"A";1005.63;"A";126;"A";51;"A";0;"A";5;"A";46;"A";7.77;"A";4.55;"A";3.27;"A"
"2025-07-04 16:30";36.98;"A";24.11;"A";1005.63;"A";136;"A";49;"A";0;"A";4;"A";45;"A";7.04;"A";4.82;"A";3.48;"A"
"2025-07-04 16:45";36.76;"A";24.6;"A";1005.53;"A";150;"A";49;"A";0;"A";6;"A";43;"A";8.2;"A";5.34;"A";3.89;"A"
"2025-07-04 17:00";36.5;"A";25.26;"A";1005.53;"A";135;"A";47;"A";0;"A";4;"A";43;"A";6.54;"A";4.1;"A";2.89;"A"
"2025-07-04 17:15";36.13;"A";25.65;"A";1005.59;"A";136;"A";48;"A";0;"A";4;"A";43;"A";7.95;"A";4.09;"A";2.9;"A"
"2025-07-04 17:30";35.77;"A";26.63;"A";1005.48;"A";147;"A";45;"A";0;"A";4;"A";42;"A";6.38;"A";3.85;"A";2.94;"A"
"2025-07-04 17:45";35.6;"A";26.97;"A";1005.37;"A";133;"A";45;"A";0;"A";4;"A";41;"A";6.99;"A";4.35;"A";3.04;"A"
"2025-07-04 18:00";35.59;"A";26.92;"A";1005.33;"A";128;"A";44;"A";0;"A";3;"A";40;"A";13.48;"A";6.19;"A";3.96;"A"
"2025-07-04 18:15";35.4;"A";27.31;"A";1005.29;"A";235;"A";46;"A";0;"A";5;"A";42;"A";8.69;"A";5.65;"A";3.96;"A"
"2025-07-04 18:30";35.17;"A";27.56;"A";1005.24;"A";238;"A";44;"A";0;"A";4;"A";39;"A";10.26;"A";6.57;"A";4.72;"A"
"2025-07-04 18:45";34.84;"A";28.02;"A";1005.27;"A";183;"A";44;"A";0;"A";5;"A";40;"A";9.73;"A";6.21;"A";4.44;"A"
"2025-07-04 19:00";34.58;"A";28.74;"A";1005.16;"A";173;"A";44;"A";0;"A";6;"A";38;"A";11.11;"A";7;"A";5.13;"A"
"2025-07-04 19:15";34.35;"A";29.59;"A";1005.01;"A";179;"A";44;"A";0;"A";7;"A";37;"A";9.06;"A";5.63;"A";4.06;"A"
"2025-07-04 19:30";34.05;"A";29.66;"A";1005.2;"A";168;"A";42;"A";0;"A";4;"A";38;"A";7.06;"A";4.86;"A";3.63;"A"
"2025-07-04 19:45";33.78;"A";30.02;"A";1005.24;"A";216;"A";43;"A";0;"A";10;"A";33;"A";9.86;"A";6.87;"A";5.02;"A"
"2025-07-04 20:00";33.42;"A";30.92;"A";1005.36;"A";205;"A";42;"A";0;"A";7;"A";36;"A";11.17;"A";7.88;"A";5.69;"A"
"2025-07-04 20:15";32.84;"A";32.41;"A";1005.3;"A";241;"A";40;"A";0;"A";11;"A";29;"A";12.26;"A";8.72;"A";6.69;"A"
"2025-07-04 20:30";32.09;"A";34.02;"A";1005.19;"A";314;"A";37;"A";0;"A";10;"A";27;"A";12.21;"A";6.86;"A";4.83;"A"
"2025-07-04 20:45";31.33;"A";34.84;"A";1005.16;"A";361;"A";38;"A";0;"A";12;"A";26;"A";14.46;"A";7.59;"A";5.07;"A"
"2025-07-04 21:00";30.56;"A";37.42;"A";1005.13;"A";335;"A";35;"A";0;"A";13;"A";21;"A";11.14;"A";6.24;"A";4.59;"A"
"2025-07-04 21:15";29.71;"A";39;"A";1005.32;"A";432;"A";35;"A";0;"A";18;"A";18;"A";14.38;"A";7.14;"A";4.96;"A"
"2025-07-04 21:30";28.92;"A";40.79;"A";1005.42;"A";379;"A";34;"A";0;"A";20;"A";14;"A";13.9;"A";7.74;"A";5.35;"A"
"2025-07-04 21:45";28.24;"A";42.44;"A";1005.56;"A";296;"A";33;"A";0;"A";15;"A";18;"A";12.37;"A";7.52;"A";5.18;"A"
"2025-07-04 22:00";27.78;"A";44.14;"A";1005.62;"A";320;"A";30;"A";0;"A";16;"A";14;"A";14.24;"A";8.37;"A";5.8;"A"
"2025-07-04 22:15";27.45;"A";44.91;"A";1005.51;"A";352;"A";30;"A";0;"A";19;"A";11;"A";15.88;"A";9.25;"A";6.51;"A"
"2025-07-04 22:30";27.41;"A";44.09;"A";1005.46;"A";353;"A";31;"A";0;"A";18;"A";13;"A";17.05;"A";10.49;"A";7.17;"A"
"2025-07-04 22:45";27.81;"A";40.58;"A";1005.62;"A";232;"A";36;"A";0;"A";14;"A";22;"A";13.53;"A";8.75;"A";5.98;"A"
"2025-07-04 23:00";27.98;"A";39.9;"A";1005.67;"A";176;"A";38;"A";0;"A";10;"A";29;"A";15.34;"A";8.36;"A";5.62;"A"
"2025-07-04 23:15";27.81;"A";40.79;"A";1005.62;"A";142;"A";38;"A";0;"A";7;"A";31;"A";13.76;"A";8.51;"A";6.01;"A"
"2025-07-04 23:30";27.68;"A";40.89;"A";1005.5;"A";136;"A";38;"A";0;"A";9;"A";30;"A";17.49;"A";10.53;"A";6.96;"A"
"2025-07-04 23:45";27.38;"A";42.37;"A";1005.26;"A";138;"A";38;"A";0;"A";10;"A";28;"A";22.59;"A";12.3;"A";8.35;"A"
"2025-07-05 00:00";27.23;"A";42.63;"A";1005.18;"A";141;"A";37;"A";0;"A";10;"A";27;"A";28.98;"A";13.06;"A";8.71;"A"
"2025-07-05 00:15";26.96;"A";43.29;"A";1005.13;"A";151;"A";37;"A";0;"A";10;"A";27;"A";28.68;"A";14.36;"A";9.93;"A"
"2025-07-05 00:30";26.61;"A";44.69;"A";1005.09;"A";190;"A";35;"A";0;"A";10;"A";25;"A";33.4;"A";17.24;"A";12.39;"A"
"2025-07-05 00:45";26.26;"A";45.4;"A";1005.13;"A";254;"A";34;"A";0;"A";12;"A";22;"A";41.96;"A";22.96;"A";15.97;"A"
"2025-07-05 01:00";26.1;"A";45.9;"A";1005.07;"A";534;"A";34;"A";0;"A";11;"A";23;"A";48.03;"A";30.6;"A";22.09;"A"
"2025-07-05 01:15";25.89;"A";47.17;"A";1004.93;"A";1067;"A";33;"A";0;"A";10;"A";23;"A";56.07;"A";40.04;"A";28.9;"A"
"2025-07-05 01:30";25.54;"A";48.7;"A";1004.97;"A";1554;"A";32;"A";0;"A";10;"A";22;"A";54.24;"A";38.37;"A";27.2;"A"
"2025-07-05 01:45";25.04;"A";50.31;"A";1004.79;"A";1935;"A";31;"A";0;"A";9;"A";22;"A";57.22;"A";42.12;"A";31.22;"A"
"2025-07-05 02:00";24.69;"A";51.44;"A";1004.66;"A";2085;"A";29;"A";0;"A";10;"A";20;"A";64.06;"A";45.26;"A";32.97;"A"
"2025-07-05 02:15";24.42;"A";51.84;"A";1004.56;"A";2123;"A";29;"A";1;"A";11;"A";19;"A";69.66;"A";46.86;"A";33.37;"A"
"2025-07-05 02:30";24.07;"A";53.57;"A";1004.66;"A";2034;"A";28;"A";1;"A";10;"A";17;"A";60.12;"A";39.76;"A";29.12;"A"
"2025-07-05 02:45";23.73;"A";54.26;"A";1004.68;"A";1776;"A";25;"A";2;"A";9;"A";16;"A";55.93;"A";39.22;"A";28.31;"A"
"2025-07-05 03:00";23.41;"A";55.47;"A";1004.59;"A";1441;"A";25;"A";2;"A";10;"A";15;"A";51.96;"A";36.17;"A";27.31;"A"
"2025-07-05 03:15";23.18;"A";56.16;"A";1004.62;"A";1244;"A";24;"A";2;"A";8;"A";15;"A";45.81;"A";32.88;"A";24.1;"A"
"2025-07-05 03:30";23.15;"A";56.31;"A";1004.69;"A";1124;"A";24;"A";2;"A";8;"A";16;"A";39.78;"A";27.74;"A";20.77;"A"
"2025-07-05 03:45";23.13;"A";55.74;"A";1004.55;"A";988;"A";25;"A";1;"A";9;"A";15;"A";36.26;"A";24.18;"A";18.15;"A"
"2025-07-05 04:00";23.12;"A";55.01;"A";1004.48;"A";746;"A";27;"A";0;"A";12;"A";15;"A";34.3;"A";21.96;"A";15.93;"A"
"2025-07-05 04:15";23.13;"A";54.45;"A";1004.54;"A";579;"A";29;"A";0;"A";15;"A";14;"A";34.06;"A";20.56;"A";14.66;"A"
"2025-07-05 04:30";23.28;"A";51.86;"A";1004.59;"A";353;"A";31;"A";0;"A";14;"A";18;"A";27.44;"A";15.84;"A";10.99;"A"
"2025-07-05 04:45";23.5;"A";50.05;"A";1004.72;"A";171;"A";35;"A";0;"A";9;"A";26;"A";22.23;"A";10.91;"A";7.74;"A"
"2025-07-05 05:00";23.42;"A";51.41;"A";1004.76;"A";160;"A";36;"A";0;"A";8;"A";28;"A";20.66;"A";10.96;"A";7.62;"A"
"2025-07-05 05:15";23.17;"A";60.33;"A";1004.91;"A";201;"A";35;"A";0;"A";11;"A";24;"A";19.53;"A";11.41;"A";8.17;"A"
"2025-07-05 05:30";22.96;"A";67.46;"A";1004.95;"A";191;"A";30;"A";0;"A";7;"A";23;"A";16.77;"A";11.09;"A";8.75;"A"
"2025-07-05 05:45";22.81;"A";72.04;"A";1005;"A";156;"A";28;"A";0;"A";4;"A";24;"A";18.6;"A";12.56;"A";9.41;"A"
"2025-07-05 06:00";22.71;"A";72.73;"A";1005.47;"A";132;"A";28;"A";0;"A";4;"A";24;"A";19;"A";13.96;"A";10.52;"A"
"2025-07-05 06:15";22.68;"A";72.41;"A";1005.8;"A";118;"A";28;"A";0;"A";6;"A";22;"A";24.24;"A";16.6;"A";12.04;"A"
"2025-07-05 06:30";22.87;"A";70.52;"A";1005.74;"A";113;"A";29;"A";0;"A";4;"A";25;"A";18.62;"A";12.98;"A";9.68;"A"
"2025-07-05 06:45";23.04;"A";67.91;"A";1005.66;"A";96;"A";31;"A";0;"A";4;"A";28;"A";14.65;"A";10.05;"A";7.67;"A"
"2025-07-05 07:00";23.28;"A";66.32;"A";1005.8;"A";99;"A";33;"A";0;"A";4;"A";28;"A";13.71;"A";9.97;"A";7.43;"A"
"2025-07-05 07:15";23.5;"A";65.26;"A";1006.5;"A";100;"A";34;"A";0;"A";5;"A";29;"A";14.48;"A";9.94;"A";7.41;"A"
"2025-07-05 07:30";23.73;"A";63.42;"A";1006.86;"A";99;"A";35;"A";0;"A";4;"A";31;"A";14.25;"A";9.03;"A";6.93;"A"
"2025-07-05 07:45";24.38;"A";60.13;"A";1006.81;"A";97;"A";38;"A";0;"A";5;"A";33;"A";14.61;"A";8.83;"A";6.69;"A"
"2025-07-05 08:00";25.43;"A";56.35;"A";1006.55;"A";91;"A";39;"A";0;"A";4;"A";35;"A";15.64;"A";8.55;"A";6.17;"A"
"2025-07-05 08:15";25.02;"A";57.32;"A";1006.39;"A";111;"A";43;"A";0;"A";6;"A";38;"A";11.1;"A";7.5;"A";5.78;"A"
"2025-07-05 08:30";24.39;"A";59.07;"A";1005.7;"A";127;"A";45;"A";0;"A";6;"A";39;"A";11.2;"A";7.01;"A";5.55;"A"
"2025-07-05 08:45";24.12;"A";59.46;"A";1005.99;"A";118;"A";45;"A";0;"A";6;"A";39;"A";10.38;"A";7.3;"A";5.62;"A"
"2025-07-05 09:00";24.19;"A";59.36;"A";1005.81;"A";130;"A";44;"A";0;"A";7;"A";37;"A";10;"A";7.29;"A";5.51;"A"
"2025-07-05 09:15";24.34;"A";59.02;"A";1005.98;"A";127;"A";46;"A";0;"A";8;"A";38;"A";13.12;"A";8.77;"A";6.46;"A"
"2025-07-05 09:30";25.33;"A";56.34;"A";1006.2;"A";107;"A";50;"A";0;"A";6;"A";44;"A";13.35;"A";8.63;"A";6.43;"A"
"2025-07-05 09:45";25.77;"A";56.32;"A";1006.59;"A";120;"A";52;"A";0;"A";8;"A";44;"A";11.62;"A";8.09;"A";6.13;"A"
"2025-07-05 10:00";26.21;"A";56.04;"A";1006.82;"A";121;"A";51;"A";0;"A";7;"A";44;"A";63.96;"A";24.2;"A";14.07;"A"
"2025-07-05 10:15";26.04;"A";56.45;"A";1006.94;"A";126;"A";50;"A";0;"A";8;"A";43;"A";27.2;"A";12.5;"A";8.3;"A"
"2025-07-05 10:30";25.66;"A";57.27;"A";1007.02;"A";126;"A";48;"A";0;"A";7;"A";41;"A";13.45;"A";9.02;"A";6.57;"A"
"2025-07-05 10:45";25.46;"A";58.31;"A";1006.61;"A";112;"A";44;"A";0;"A";5;"A";39;"A";11.68;"A";8.5;"A";6.41;"A"
"2025-07-05 11:00";25.3;"A";59.23;"A";1006.79;"A";115;"A";45;"A";0;"A";7;"A";38;"A";17.51;"A";10.05;"A";7.35;"A"
"2025-07-05 11:15";25.3;"A";61.09;"A";1006.92;"A";117;"A";40;"A";0;"A";5;"A";35;"A";13.14;"A";9.09;"A";6.77;"A"
"2025-07-05 11:30";24.81;"A";63.89;"A";1007.11;"A";124;"A";39;"A";0;"A";7;"A";32;"A";13.25;"A";10.14;"A";7.65;"A"
"2025-07-05 11:45";24.6;"A";64.79;"A";1007.65;"A";117;"A";37;"A";0;"A";7;"A";31;"A";15.31;"A";10.44;"A";7.94;"A"
"2025-07-05 12:00";24.25;"A";66.52;"A";1008.78;"A";127;"A";37;"A";0;"A";6;"A";31;"A";15.38;"A";9.99;"A";7.39;"A"
"2025-07-05 12:15";24.08;"A";65.61;"A";1009.06;"A";130;"A";35;"A";0;"A";5;"A";30;"A";16.6;"A";12.06;"A";8.78;"A"
"2025-07-05 12:30";24.04;"A";64.53;"A";1009.04;"A";121;"A";36;"A";0;"A";7;"A";29;"A";14.72;"A";10.48;"A";7.63;"A"
"2025-07-05 12:45";23.7;"A";68.46;"A";1008.8;"A";163;"A";39;"A";0;"A";9;"A";30;"A";24.07;"A";17.2;"A";12.19;"A"
"2025-07-05 13:00";22.71;"A";76.08;"A";1008.45;"A";186;"A";31;"A";0;"A";7;"A";24;"A";23.31;"A";13.62;"A";9.87;"A"
"2025-07-05 13:15";22.38;"A";79.12;"A";1007.86;"A";175;"A";32;"A";0;"A";9;"A";22;"A";13.36;"A";9.59;"A";7.92;"A"
"2025-07-05 13:30";22.59;"A";79.6;"A";1007.51;"A";143;"A";30;"A";0;"A";6;"A";24;"A";11.18;"A";7.95;"A";7.35;"A"
"2025-07-05 13:45";23.53;"A";73.74;"A";1007.54;"A";107;"A";36;"A";0;"A";5;"A";30;"A";9.93;"A";7.42;"A";5.74;"A"
"2025-07-05 14:00";24.68;"A";67.03;"A";1007.12;"A";91;"A";41;"A";0;"A";6;"A";35;"A";10.24;"A";6.95;"A";5.13;"A"
"2025-07-05 14:15";25.62;"A";60.22;"A";1006.95;"A";77;"A";48;"A";0;"A";7;"A";41;"A";10.24;"A";6.93;"A";4.86;"A"
"2025-07-05 14:30";26.58;"A";55.41;"A";1006.92;"A";87;"A";47;"A";0;"A";8;"A";40;"A";9.91;"A";6.45;"A";4.74;"A"
"2025-07-05 14:45";27.49;"A";54.49;"A";1006.83;"A";100;"A";47;"A";0;"A";6;"A";42;"A";10.42;"A";6.89;"A";4.89;"A"
"2025-07-05 15:00";27.98;"A";51.85;"A";1006.69;"A";102;"A";49;"A";0;"A";5;"A";44;"A";9.45;"A";6.66;"A";4.96;"A"
"2025-07-05 15:15";28.77;"A";50.98;"A";1006.51;"A";120;"A";50;"A";0;"A";6;"A";44;"A";10.23;"A";7.54;"A";5.41;"A"
"2025-07-05 15:30";29.43;"A";48.66;"A";1006.32;"A";133;"A";50;"A";0;"A";6;"A";44;"A";10.73;"A";7.63;"A";5.63;"A"
"2025-07-05 15:45";30.08;"A";47.09;"A";1006.2;"A";121;"A";52;"A";0;"A";6;"A";45;"A";8.77;"A";6.25;"A";4.49;"A"
"2025-07-05 16:00";30.64;"A";44.03;"A";1006.18;"A";121;"A";51;"A";0;"A";5;"A";46;"A";8.56;"A";5.89;"A";4.13;"A"
"2025-07-05 16:15";31.31;"A";39.76;"A";1006.16;"A";138;"A";54;"A";0;"A";6;"A";48;"A";6.3;"A";4.61;"A";3.32;"A"
"2025-07-05 16:30";31.6;"A";37.1;"A";1006.23;"A";169;"A";56;"A";0;"A";6;"A";50;"A";6.19;"A";4.57;"A";3.37;"A"
"2025-07-05 16:45";31.49;"A";36.58;"A";1006.19;"A";138;"A";57;"A";0;"A";7;"A";50;"A";6.84;"A";4.5;"A";3.16;"A"
"2025-07-05 17:00";31.38;"A";36.56;"A";1006.15;"A";128;"A";56;"A";0;"A";6;"A";50;"A";7.62;"A";4.45;"A";3.07;"A"
"2025-07-05 17:15";31.11;"A";36.17;"A";1006.06;"A";125;"A";56;"A";0;"A";6;"A";50;"A";7.24;"A";4.71;"A";3.24;"A"
"2025-07-05 17:30";30.86;"A";36.3;"A";1006.01;"A";128;"A";56;"A";0;"A";7;"A";49;"A";7.28;"A";4.98;"A";3.33;"A"
"2025-07-05 17:45";30.56;"A";36.94;"A";1006.08;"A";132;"A";55;"A";0;"A";7;"A";48;"A";7.32;"A";4.99;"A";3.52;"A"
"2025-07-05 18:00";30.25;"A";37.9;"A";1006.18;"A";124;"A";55;"A";0;"A";6;"A";49;"A";7.84;"A";4.96;"A";3.42;"A"
"2025-07-05 18:15";30.05;"A";38.07;"A";1006.21;"A";126;"A";53;"A";0;"A";6;"A";47;"A";8.18;"A";5.28;"A";3.67;"A"
"2025-07-05 18:30";29.71;"A";37.59;"A";1006.25;"A";117;"A";54;"A";0;"A";6;"A";48;"A";8.63;"A";5.16;"A";3.74;"A"
"2025-07-05 18:45";29.39;"A";37.63;"A";1006.24;"A";115;"A";54;"A";0;"A";7;"A";47;"A";8.24;"A";5.17;"A";3.65;"A"
"2025-07-05 19:00";29.03;"A";36.52;"A";1006.37;"A";109;"A";53;"A";0;"A";5;"A";47;"A";8.16;"A";4.9;"A";3.37;"A"
"2025-07-05 19:15";28.65;"A";37;"A";1006.54;"A";99;"A";54;"A";0;"A";6;"A";48;"A";7.49;"A";4.78;"A";3.21;"A"
"2025-07-05 19:30";28.29;"A";37.09;"A";1006.74;"A";94;"A";54;"A";0;"A";6;"A";48;"A";8.01;"A";4.87;"A";3.22;"A"
"2025-07-05 19:45";27.89;"A";37.87;"A";1006.82;"A";98;"A";53;"A";0;"A";6;"A";47;"A";7.78;"A";4.76;"A";3.21;"A"
"2025-07-05 20:00";27.58;"A";37.55;"A";1007.02;"A";96;"A";53;"A";0;"A";6;"A";47;"A";7.35;"A";4.83;"A";3.24;"A"
"2025-07-05 20:15";27.24;"A";38;"A";1007.18;"A";91;"A";53;"A";0;"A";6;"A";46;"A";7.7;"A";4.25;"A";3.23;"A"
"2025-07-05 20:30";26.82;"A";39.13;"A";1007.17;"A";95;"A";51;"A";0;"A";6;"A";45;"A";7.31;"A";4.63;"A";3.24;"A"
"2025-07-05 20:45";26.42;"A";40.85;"A";1007.37;"A";101;"A";50;"A";0;"A";7;"A";43;"A";9.13;"A";4.9;"A";3.24;"A"
"2025-07-05 21:00";26.07;"A";41.86;"A";1007.35;"A";102;"A";50;"A";0;"A";7;"A";42;"A";8.67;"A";5.36;"A";3.59;"A"
"2025-07-05 21:15";25.74;"A";42.43;"A";1007.44;"A";104;"A";48;"A";0;"A";10;"A";38;"A";9.27;"A";5.77;"A";4.14;"A"
"2025-07-05 21:30";25.46;"A";43.56;"A";1007.75;"A";107;"A";46;"A";0;"A";9;"A";38;"A";10.1;"A";6.36;"A";4.15;"A"
"2025-07-05 21:45";25.12;"A";44.29;"A";1007.94;"A";104;"A";44;"A";0;"A";7;"A";37;"A";9.21;"A";5.71;"A";3.76;"A"
"2025-07-05 22:00";24.85;"A";45;"A";1007.97;"A";102;"A";43;"A";0;"A";7;"A";36;"A";9.11;"A";5.19;"A";3.44;"A"
"2025-07-05 22:15";24.56;"A";44.85;"A";1008.15;"A";96;"A";42;"A";0;"A";7;"A";35;"A";9.58;"A";5.71;"A";3.88;"A"
"2025-07-05 22:30";24.27;"A";44.36;"A";1008.24;"A";90;"A";42;"A";0;"A";6;"A";36;"A";7.28;"A";4.57;"A";2.98;"A"
"2025-07-05 22:45";24;"A";44.74;"A";1008.3;"A";87;"A";41;"A";0;"A";6;"A";35;"A";6.94;"A";4.19;"A";2.81;"A"
"2025-07-05 23:00";23.63;"A";45.65;"A";1008.47;"A";84;"A";41;"A";0;"A";6;"A";35;"A";7.05;"A";3.97;"A";2.56;"A"
"2025-07-05 23:15";23.34;"A";46.69;"A";1008.38;"A";84;"A";40;"A";0;"A";7;"A";32;"A";7.25;"A";3.82;"A";2.6;"A"
"2025-07-05 23:30";22.96;"A";48.14;"A";1008.42;"A";84;"A";38;"A";0;"A";7;"A";30;"A";7.15;"A";4.39;"A";2.58;"A"
"2025-07-05 23:45";22.59;"A";49.7;"A";1008.39;"A";82;"A";36;"A";0;"A";7;"A";29;"A";7.78;"A";4.4;"A";2.78;"A"
"2025-07-06 00:00";22.18;"A";51.61;"A";1008.41;"A";77;"A";35;"A";0;"A";7;"A";29;"A";7.91;"A";4.41;"A";3.11;"A"
"2025-07-06 00:15";21.78;"A";52.87;"A";1008.51;"A";79;"A";33;"A";0;"A";7;"A";26;"A";8.04;"A";4.53;"A";3.12;"A"
"2025-07-06 00:30";21.51;"A";52.26;"A";1008.51;"A";78;"A";33;"A";0;"A";7;"A";26;"A";7.09;"A";4.73;"A";2.98;"A"
"2025-07-06 00:45";21.37;"A";50.55;"A";1008.47;"A";70;"A";34;"A";0;"A";6;"A";28;"A";7.75;"A";4.62;"A";3.23;"A"
"2025-07-06 01:00";21.35;"A";47.73;"A";1008.39;"A";59;"A";36;"A";0;"A";6;"A";31;"A";8.69;"A";5.08;"A";3.39;"A"
"2025-07-06 01:15";21.31;"A";45.97;"A";1008.42;"A";54;"A";38;"A";0;"A";5;"A";33;"A";8.23;"A";5.13;"A";3.38;"A"
"2025-07-06 01:30";21.25;"A";45.3;"A";1008.41;"A";50;"A";39;"A";0;"A";5;"A";34;"A";6.13;"A";4.04;"A";2.79;"A"
"2025-07-06 01:45";21.19;"A";44.88;"A";1008.36;"A";48;"A";40;"A";0;"A";6;"A";34;"A";4.9;"A";3.49;"A";2.23;"A"
"2025-07-06 02:00";21.08;"A";45.3;"A";1008.37;"A";49;"A";40;"A";0;"A";5;"A";34;"A";5.69;"A";3.14;"A";2.07;"A"
"2025-07-06 02:15";20.91;"A";46.02;"A";1008.39;"A";51;"A";39;"A";0;"A";6;"A";34;"A";5.33;"A";3.19;"A";2.31;"A"
"2025-07-06 02:30";20.65;"A";47.33;"A";1008.36;"A";53;"A";38;"A";0;"A";6;"A";32;"A";5.67;"A";3.7;"A";2.48;"A"
"2025-07-06 02:45";20.36;"A";48.76;"A";1008.52;"A";53;"A";37;"A";0;"A";6;"A";30;"A";6.4;"A";4.29;"A";2.95;"A"
"2025-07-06 03:00";20.11;"A";50.24;"A";1008.48;"A";54;"A";36;"A";0;"A";7;"A";29;"A";7.87;"A";5.35;"A";3.43;"A"
"2025-07-06 03:15";19.87;"A";51.08;"A";1008.53;"A";55;"A";35;"A";0;"A";7;"A";29;"A";7.57;"A";5.41;"A";3.84;"A"
"2025-07-06 03:30";19.67;"A";51.39;"A";1008.58;"A";54;"A";35;"A";0;"A";8;"A";27;"A";8.99;"A";5.98;"A";4.31;"A"
"2025-07-06 03:45";19.49;"A";51.94;"A";1008.49;"A";54;"A";34;"A";0;"A";7;"A";27;"A";9.83;"A";7.18;"A";5.05;"A"
"2025-07-06 04:00";19.32;"A";52.73;"A";1008.5;"A";53;"A";35;"A";0;"A";7;"A";28;"A";12.61;"A";8.62;"A";6.32;"A"
"2025-07-06 04:15";19.29;"A";52.26;"A";1008.46;"A";61;"A";35;"A";0;"A";7;"A";28;"A";16.63;"A";13.18;"A";10.03;"A"
"2025-07-06 04:30";19.47;"A";51.16;"A";1008.32;"A";53;"A";37;"A";0;"A";6;"A";31;"A";12.46;"A";9.34;"A";6.83;"A"
"2025-07-06 04:45";19.48;"A";51.34;"A";1008.35;"A";46;"A";38;"A";0;"A";6;"A";32;"A";6.74;"A";4.46;"A";3.28;"A"
"2025-07-06 05:00";19.38;"A";51.9;"A";1008.48;"A";53;"A";37;"A";0;"A";6;"A";31;"A";6.24;"A";4.7;"A";3.2;"A"
"2025-07-06 05:15";19.18;"A";53.02;"A";1008.49;"A";64;"A";36;"A";0;"A";7;"A";29;"A";9.43;"A";6.72;"A";4.82;"A"
"2025-07-06 05:30";19.07;"A";53.37;"A";1008.5;"A";85;"A";35;"A";0;"A";7;"A";28;"A";12.67;"A";8.69;"A";6.02;"A"
"2025-07-06 05:45";19.09;"A";53.81;"A";1008.52;"A";101;"A";35;"A";0;"A";8;"A";27;"A";14.46;"A";10.48;"A";7.86;"A"
"2025-07-06 06:00";19.17;"A";54.11;"A";1008.56;"A";139;"A";34;"A";0;"A";8;"A";26;"A";17.08;"A";12.29;"A";9.18;"A"
"2025-07-06 06:15";19.31;"A";53.88;"A";1008.65;"A";180;"A";34;"A";0;"A";8;"A";26;"A";19.34;"A";13.05;"A";9.87;"A"
"2025-07-06 06:30";19.52;"A";52.89;"A";1008.64;"A";140;"A";35;"A";0;"A";7;"A";28;"A";17.68;"A";11.95;"A";8.36;"A"
"2025-07-06 06:45";19.77;"A";52.74;"A";1008.68;"A";122;"A";35;"A";0;"A";7;"A";28;"A";14.75;"A";10.82;"A";7.38;"A"
"2025-07-06 07:00";20.06;"A";53.57;"A";1008.69;"A";116;"A";35;"A";0;"A";8;"A";28;"A";14.49;"A";9.12;"A";6.49;"A"
"2025-07-06 07:15";20.54;"A";52.32;"A";1008.6;"A";112;"A";34;"A";0;"A";7;"A";27;"A";11.11;"A";7.01;"A";4.78;"A"
"2025-07-06 07:30";21.01;"A";51.82;"A";1008.47;"A";106;"A";37;"A";0;"A";9;"A";28;"A";8.73;"A";5.32;"A";3.94;"A"
"2025-07-06 07:45";22.59;"A";48.09;"A";1008.66;"A";94;"A";35;"A";0;"A";6;"A";28;"A";8.01;"A";5.54;"A";3.63;"A"
"2025-07-06 08:00";24.67;"A";43;"A";1008.75;"A";96;"A";37;"A";0;"A";7;"A";30;"A";8.83;"A";5.31;"A";3.6;"A"
"2025-07-06 08:15";25.79;"A";40.97;"A";1008.76;"A";115;"A";39;"A";0;"A";6;"A";33;"A";7.46;"A";4.81;"A";3.43;"A"
"2025-07-06 08:30";26.23;"A";41;"A";1008.69;"A";135;"A";41;"A";0;"A";7;"A";34;"A";8.78;"A";4.83;"A";3.53;"A"
"2025-07-06 08:45";26.81;"A";39.78;"A";1008.73;"A";137;"A";42;"A";0;"A";7;"A";35;"A";8.13;"A";4.93;"A";3.26;"A"
"2025-07-06 09:00";27.88;"A";36.72;"A";1008.78;"A";125;"A";44;"A";0;"A";6;"A";38;"A";8.15;"A";5.07;"A";3.11;"A"
"2025-07-06 09:15";27.89;"A";36.11;"A";1008.7;"A";130;"A";48;"A";0;"A";6;"A";42;"A";8.69;"A";4.46;"A";2.97;"A"
"2025-07-06 09:30";28.82;"A";34.86;"A";1008.55;"A";120;"A";48;"A";0;"A";6;"A";43;"A";7.15;"A";4.14;"A";2.67;"A"
"2025-07-06 09:45";29.5;"A";33.69;"A";1008.42;"A";133;"A";48;"A";0;"A";5;"A";43;"A";7.02;"A";4.5;"A";3.06;"A"
"2025-07-06 10:00";29.44;"A";32.26;"A";1008.41;"A";130;"A";50;"A";0;"A";5;"A";45;"A";8.33;"A";5.52;"A";3.32;"A"
"2025-07-06 10:15";28.96;"A";31.51;"A";1008.3;"A";179;"A";54;"A";0;"A";6;"A";47;"A";7.91;"A";4.95;"A";3.15;"A"
"2025-07-06 10:30";28.94;"A";31.52;"A";1008.26;"A";204;"A";54;"A";0;"A";6;"A";47;"A";9.05;"A";5.56;"A";4.14;"A"
"2025-07-06 10:45";29.27;"A";29.96;"A";1008.15;"A";284;"A";56;"A";0;"A";6;"A";50;"A";10.38;"A";6.23;"A";4.47;"A"
"2025-07-06 11:00";29.11;"A";30.1;"A";1008.12;"A";236;"A";58;"A";0;"A";7;"A";51;"A";7.85;"A";5.28;"A";3.91;"A"
"2025-07-06 11:15";29.26;"A";30.4;"A";1007.97;"A";233;"A";56;"A";0;"A";6;"A";51;"A";9.95;"A";5.86;"A";3.8;"A"
"2025-07-06 11:30";29.79;"A";29.27;"A";1007.72;"A";164;"A";58;"A";0;"A";7;"A";51;"A";7.55;"A";4.83;"A";3.28;"A"
"2025-07-06 11:45";29.83;"A";29.73;"A";1007.57;"A";145;"A";58;"A";0;"A";7;"A";51;"A";6.59;"A";4.55;"A";2.83;"A"
"2025-07-06 12:00";29.79;"A";29.45;"A";1007.53;"A";176;"A";62;"A";0;"A";6;"A";55;"A";7.89;"A";5;"A";3.45;"A"
"2025-07-06 12:15";30.01;"A";29.22;"A";1007.3;"A";148;"A";60;"A";0;"A";6;"A";54;"A";7.03;"A";4.15;"A";2.93;"A"
"2025-07-06 12:30";30.03;"A";27.96;"A";1007.16;"A";160;"A";64;"A";0;"A";7;"A";57;"A";8.2;"A";4.87;"A";3.46;"A"
"2025-07-06 12:45";30.23;"A";28.1;"A";1007.09;"A";160;"A";65;"A";0;"A";7;"A";57;"A";7.76;"A";5.07;"A";3.5;"A"
"2025-07-06 13:00";30.63;"A";28.14;"A";1007.02;"A";163;"A";63;"A";0;"A";6;"A";57;"A";7.16;"A";4.8;"A";3.3;"A"
"2025-07-06 13:15";31.26;"A";26.79;"A";1006.87;"A";130;"A";61;"A";0;"A";5;"A";56;"A";6.34;"A";4.18;"A";2.89;"A"
"2025-07-06 13:30";31.97;"A";25.87;"A";1006.83;"A";106;"A";60;"A";0;"A";6;"A";54;"A";6.91;"A";4.07;"A";2.71;"A"
"2025-07-06 13:45";32.08;"A";25.26;"A";1006.78;"A";114;"A";62;"A";0;"A";7;"A";56;"A";6.17;"A";3.89;"A";2.85;"A"
"2025-07-06 14:00";32.7;"A";24.82;"A";1006.72;"A";116;"A";59;"A";0;"A";6;"A";53;"A";6.93;"A";3.98;"A";2.69;"A"
"2025-07-06 14:15";32.96;"A";23.36;"A";1006.58;"A";104;"A";59;"A";0;"A";5;"A";54;"A";6.21;"A";3.73;"A";2.57;"A"
"2025-07-06 14:30";33.11;"A";23.21;"A";1006.46;"A";108;"A";61;"A";0;"A";5;"A";55;"A";5.66;"A";3.69;"A";2.52;"A"
"2025-07-06 14:45";33.59;"A";22.87;"A";1006.5;"A";111;"A";60;"A";0;"A";6;"A";54;"A";5.99;"A";3.67;"A";2.49;"A"
"2025-07-06 15:00";33.92;"A";22.24;"A";1006.32;"A";108;"A";60;"A";0;"A";5;"A";55;"A";6.35;"A";3.91;"A";2.48;"A"
"2025-07-06 15:15";33.96;"A";22.2;"A";1006.22;"A";118;"A";59;"A";0;"A";6;"A";54;"A";6.07;"A";3.63;"A";2.53;"A"
"2025-07-06 15:30";34.2;"A";21.69;"A";1006.07;"A";114;"A";59;"A";0;"A";5;"A";54;"A";5.89;"A";3.66;"A";2.55;"A"
"2025-07-06 15:45";34.44;"A";20.81;"A";1005.83;"A";109;"A";60;"A";0;"A";4;"A";55;"A";5.68;"A";3.67;"A";2.44;"A"
"2025-07-06 16:00";34.88;"A";19.72;"A";1005.75;"A";131;"A";58;"A";0;"A";4;"A";54;"A";5.54;"A";3.55;"A";2.36;"A"
"2025-07-06 16:15";34.88;"A";19.75;"A";1005.62;"A";109;"A";62;"A";0;"A";5;"A";57;"A";5.81;"A";3.45;"A";2.37;"A"
"2025-07-06 16:30";35.01;"A";19.57;"A";1005.59;"A";120;"A";58;"A";0;"A";4;"A";54;"A";4.81;"A";3.6;"A";2.49;"A"
"2025-07-06 16:45";34.57;"A";19.91;"A";1005.47;"A";113;"A";60;"A";0;"A";5;"A";56;"A";5.71;"A";3.61;"A";2.37;"A"
"2025-07-06 17:00";34.37;"A";20.43;"A";1005.32;"A";121;"A";59;"A";0;"A";4;"A";55;"A";8.84;"A";4.77;"A";2.87;"A"
"2025-07-06 17:15";34.07;"A";21.13;"A";1005.25;"A";128;"A";57;"A";0;"A";5;"A";53;"A";9.39;"A";5.32;"A";3.65;"A"
"2025-07-06 17:30";33.72;"A";21.11;"A";1005.29;"A";111;"A";58;"A";0;"A";5;"A";53;"A";6.85;"A";4.04;"A";2.67;"A"
"2025-07-06 17:45";33.43;"A";21.62;"A";1005.21;"A";109;"A";57;"A";0;"A";4;"A";53;"A";5.86;"A";3.86;"A";2.67;"A"
"2025-07-06 18:00";33.29;"A";23.02;"A";1005.06;"A";128;"A";57;"A";0;"A";5;"A";52;"A";7.02;"A";4.06;"A";2.78;"A"
"2025-07-06 18:15";33.13;"A";23.29;"A";1005.05;"A";119;"A";54;"A";0;"A";5;"A";49;"A";6.71;"A";4.57;"A";2.95;"A"
"2025-07-06 18:30";32.97;"A";23.24;"A";1005.02;"A";125;"A";53;"A";0;"A";5;"A";48;"A";6.48;"A";4.16;"A";2.96;"A"
"2025-07-06 18:45";32.52;"A";24.72;"A";1004.77;"A";146;"A";55;"A";0;"A";7;"A";48;"A";6.34;"A";4.1;"A";2.9;"A"
"2025-07-06 19:00";32.16;"A";25.59;"A";1004.58;"A";156;"A";50;"A";0;"A";5;"A";45;"A";7.51;"A";4.39;"A";2.96;"A"
"2025-07-06 19:15";31.99;"A";26.37;"A";1004.55;"A";161;"A";52;"A";0;"A";7;"A";45;"A";6.54;"A";4.04;"A";2.93;"A"
"2025-07-06 19:30";31.68;"A";28.58;"A";1004.54;"A";196;"A";47;"A";0;"A";5;"A";42;"A";7.8;"A";4.86;"A";3.04;"A"
"2025-07-06 19:45";31.33;"A";27.83;"A";1004.52;"A";174;"A";49;"A";0;"A";8;"A";42;"A";8.74;"A";4.97;"A";3.14;"A"
"2025-07-06 20:00";31.01;"A";27.67;"A";1004.29;"A";209;"A";53;"A";0;"A";13;"A";40;"A";7.67;"A";4.89;"A";3.11;"A"
"2025-07-06 20:15";30.5;"A";28.11;"A";1004.23;"A";194;"A";50;"A";0;"A";11;"A";39;"A";8.48;"A";4.63;"A";3.15;"A"
"2025-07-06 20:30";29.9;"A";30.53;"A";1004.2;"A";250;"A";46;"A";0;"A";10;"A";37;"A";7.46;"A";4.55;"A";3.03;"A"
"2025-07-06 20:45";29.3;"A";30.07;"A";1004.13;"A";231;"A";47;"A";0;"A";10;"A";36;"A";9.04;"A";5.42;"A";3.65;"A"
"2025-07-06 21:00";28.76;"A";32.27;"A";1004.01;"A";249;"A";44;"A";0;"A";12;"A";32;"A";12.72;"A";6.25;"A";4.35;"A"
"2025-07-06 21:15";28.13;"A";33.85;"A";1004.16;"A";292;"A";41;"A";0;"A";14;"A";27;"A";11.63;"A";7.23;"A";4.8;"A"
"2025-07-06 21:30";27.61;"A";34.46;"A";1004.27;"A";292;"A";39;"A";0;"A";15;"A";24;"A";12.45;"A";8.12;"A";5.59;"A"
"2025-07-06 21:45";27.3;"A";34.67;"A";1004.34;"A";272;"A";40;"A";0;"A";22;"A";18;"A";15.77;"A";8.78;"A";5.92;"A"
"2025-07-06 22:00";26.98;"A";34.46;"A";1004.36;"A";259;"A";39;"A";0;"A";14;"A";26;"A";14.15;"A";7.96;"A";5.74;"A"
"2025-07-06 22:15";26.87;"A";34.15;"A";1004.29;"A";228;"A";42;"A";0;"A";15;"A";28;"A";13.58;"A";8.54;"A";5.63;"A"
"2025-07-06 22:30";26.71;"A";33.47;"A";1004.29;"A";224;"A";43;"A";0;"A";13;"A";29;"A";13.49;"A";8.39;"A";5.72;"A"
"2025-07-06 22:45";26.51;"A";34.19;"A";1004.27;"A";215;"A";45;"A";0;"A";14;"A";31;"A";14.16;"A";8.6;"A";6.08;"A"
"2025-07-06 23:00";26.16;"A";35.15;"A";1004.36;"A";200;"A";44;"A";0;"A";10;"A";34;"A";15.35;"A";10.13;"A";6.93;"A"
"2025-07-06 23:15";25.84;"A";35.91;"A";1004.45;"A";219;"A";43;"A";0;"A";11;"A";33;"A";17.33;"A";10.95;"A";7.81;"A"
"2025-07-06 23:30";25.78;"A";36.67;"A";1004.52;"A";212;"A";41;"A";0;"A";9;"A";32;"A";18.97;"A";11.4;"A";8.08;"A"
"2025-07-06 23:45";25.77;"A";37.32;"A";1004.45;"A";198;"A";39;"A";0;"A";10;"A";29;"A";27.68;"A";15.74;"A";11.04;"A"
"2025-07-07 00:00";25.87;"A";35.43;"A";1004.48;"A";165;"A";42;"A";0;"A";9;"A";34;"A";35.76;"A";17.93;"A";12.12;"A"
"2025-07-07 00:15";26.02;"A";34.94;"A";1004.48;"A";126;"A";46;"A";0;"A";8;"A";37;"A";15.04;"A";10.02;"A";6.8;"A"
"2025-07-07 00:30";25.98;"A";34.71;"A";1004.49;"A";124;"A";44;"A";0;"A";7;"A";36;"A";13.66;"A";8.54;"A";5.88;"A"
"2025-07-07 00:45";26.02;"A";33.97;"A";1004.62;"A";116;"A";44;"A";0;"A";8;"A";37;"A";14.88;"A";9.11;"A";6.1;"A"
"2025-07-07 01:00";25.78;"A";35.39;"A";1004.51;"A";208;"A";42;"A";0;"A";9;"A";33;"A";20.53;"A";12.07;"A";8.21;"A"
"2025-07-07 01:15";25.57;"A";35.22;"A";1004.35;"A";154;"A";42;"A";0;"A";10;"A";32;"A";22.33;"A";11.7;"A";8.11;"A"
"2025-07-07 01:30";25.47;"A";35.95;"A";1004.32;"A";117;"A";42;"A";0;"A";9;"A";33;"A";21.62;"A";12.37;"A";8.16;"A"
"2025-07-07 01:45";25.31;"A";36.61;"A";1004.3;"A";128;"A";40;"A";0;"A";9;"A";32;"A";34.24;"A";20.87;"A";14.24;"A"
"2025-07-07 02:00";25.17;"A";37.34;"A";1004.17;"A";160;"A";39;"A";0;"A";11;"A";28;"A";49.9;"A";31.01;"A";21.91;"A"
"2025-07-07 02:15";25.04;"A";37.53;"A";1003.92;"A";149;"A";40;"A";0;"A";12;"A";27;"A";57.62;"A";29.99;"A";19.64;"A"
"2025-07-07 02:30";24.85;"A";38.02;"A";1003.94;"A";129;"A";39;"A";0;"A";10;"A";29;"A";32.95;"A";17.76;"A";11.99;"A"
"2025-07-07 02:45";24.78;"A";37.57;"A";1003.78;"A";111;"A";40;"A";0;"A";8;"A";32;"A";21.28;"A";11.94;"A";8.01;"A"
"2025-07-07 03:00";24.61;"A";37.93;"A";1003.72;"A";106;"A";41;"A";0;"A";9;"A";32;"A";17.53;"A";10.31;"A";6.94;"A"
"2025-07-07 03:15";24.16;"A";40.09;"A";1003.6;"A";111;"A";38;"A";0;"A";8;"A";30;"A";15.8;"A";9.27;"A";6.22;"A"
"2025-07-07 03:30";23.68;"A";41.3;"A";1003.64;"A";143;"A";36;"A";0;"A";8;"A";28;"A";17.73;"A";10;"A";6.92;"A"
"2025-07-07 03:45";23.29;"A";43.2;"A";1003.72;"A";208;"A";33;"A";0;"A";7;"A";26;"A";19.56;"A";11.14;"A";7.82;"A"
"2025-07-07 04:00";22.88;"A";45.24;"A";1003.66;"A";405;"A";31;"A";0;"A";9;"A";22;"A";24.88;"A";15.05;"A";10.58;"A"
"2025-07-07 04:15";22.47;"A";46.65;"A";1003.63;"A";410;"A";30;"A";0;"A";9;"A";21;"A";25.37;"A";15.71;"A";10.77;"A"
"2025-07-07 04:30";22.19;"A";47.87;"A";1003.59;"A";415;"A";29;"A";0;"A";9;"A";20;"A";29.35;"A";17.81;"A";13.05;"A"
"2025-07-07 04:45";21.98;"A";49.31;"A";1003.41;"A";431;"A";27;"A";0;"A";10;"A";17;"A";32.56;"A";20.04;"A";13.82;"A"
"2025-07-07 05:00";21.96;"A";50.1;"A";1003.42;"A";531;"A";27;"A";0;"A";12;"A";15;"A";41.08;"A";24.8;"A";17.58;"A"
"2025-07-07 05:15";21.99;"A";50.63;"A";1003.32;"A";550;"A";26;"A";0;"A";13;"A";14;"A";38.96;"A";26.06;"A";18.49;"A"
"2025-07-07 05:30";22.06;"A";51.3;"A";1003.42;"A";622;"A";28;"A";0;"A";15;"A";13;"A";40.61;"A";27.23;"A";19.08;"A"
"2025-07-07 05:45";22.4;"A";51.74;"A";1003.47;"A";747;"A";29;"A";0;"A";17;"A";12;"A";40.63;"A";26.54;"A";18.83;"A"
"2025-07-07 06:00";22.66;"A";52.71;"A";1003.3;"A";778;"A";27;"A";0;"A";16;"A";11;"A";39.5;"A";24.91;"A";18.32;"A"
"2025-07-07 06:15";22.85;"A";53.75;"A";1003.22;"A";891;"A";28;"A";0;"A";17;"A";11;"A";42.12;"A";26.95;"A";18.93;"A"
"2025-07-07 06:30";23.03;"A";53.77;"A";1003.28;"A";1226;"A";29;"A";0;"A";18;"A";12;"A";38.95;"A";25.93;"A";18.46;"A"
"2025-07-07 06:45";23.31;"A";54.15;"A";1003.48;"A";1586;"A";31;"A";0;"A";19;"A";12;"A";46.3;"A";29.39;"A";21.23;"A"
"2025-07-07 07:00";23.72;"A";52.78;"A";1003.32;"A";1742;"A";32;"A";0;"A";21;"A";11;"A";48.21;"A";31.79;"A";22.93;"A"
"2025-07-07 07:15";24.26;"A";52.24;"A";1003.3;"A";1033;"A";39;"A";0;"A";27;"A";11;"A";41.45;"A";25.91;"A";18.5;"A"
"2025-07-07 07:30";24.81;"A";52.2;"A";1003.45;"A";864;"A";37;"A";0;"A";22;"A";15;"A";36.87;"A";23.09;"A";16.65;"A"
"2025-07-07 07:45";26.02;"A";49.58;"A";1003.5;"A";390;"A";45;"A";0;"A";21;"A";24;"A";33.17;"A";18.16;"A";12.56;"A"
"2025-07-07 08:00";26.87;"A";49.81;"A";1003.61;"A";342;"A";48;"A";0;"A";22;"A";26;"A";32.09;"A";16.52;"A";11.99;"A"
"2025-07-07 08:15";27.41;"A";48.44;"A";1003.59;"A";257;"A";53;"A";0;"A";17;"A";37;"A";30.65;"A";19.14;"A";13.84;"A"
"2025-07-07 08:30";28.2;"A";46.61;"A";1003.61;"A";306;"A";54;"A";0;"A";24;"A";30;"A";23.47;"A";12.93;"A";9.12;"A"
"2025-07-07 08:45";28.23;"A";45.99;"A";1003.57;"A";232;"A";58;"A";0;"A";15;"A";44;"A";27.65;"A";14.61;"A";10.1;"A"
"2025-07-07 09:00";28.61;"A";45.94;"A";1003.61;"A";295;"A";58;"A";0;"A";15;"A";42;"A";27.71;"A";15.03;"A";10.74;"A"
"2025-07-07 09:15";28.66;"A";44.96;"A";1003.65;"A";226;"A";58;"A";0;"A";12;"A";46;"A";27.99;"A";16.37;"A";11.17;"A"
"2025-07-07 09:30";30.05;"A";42.41;"A";1003.56;"A";208;"A";57;"A";0;"A";11;"A";46;"A";23.23;"A";13.1;"A";8.94;"A"
"2025-07-07 09:45";31.37;"A";39.96;"A";1003.52;"A";217;"A";58;"A";0;"A";9;"A";50;"A";20.61;"A";11.31;"A";8.03;"A"
"2025-07-07 10:00";32.05;"A";38.44;"A";1003.64;"A";228;"A";61;"A";0;"A";9;"A";51;"A";21.74;"A";11.41;"A";7.72;"A"
"2025-07-07 10:15";32.21;"A";37.31;"A";1003.64;"A";219;"A";62;"A";0;"A";9;"A";53;"A";20.55;"A";11.14;"A";7.89;"A"
"2025-07-07 10:30";32.59;"A";36.52;"A";1003.59;"A";204;"A";61;"A";0;"A";8;"A";53;"A";18.06;"A";9.35;"A";6.78;"A"
"2025-07-07 10:45";33.08;"A";35.33;"A";1003.48;"A";282;"A";62;"A";0;"A";6;"A";55;"A";16.55;"A";9.29;"A";6.45;"A"
"2025-07-07 11:00";33.49;"A";32.74;"A";1003.19;"A";197;"A";62;"A";0;"A";8;"A";54;"A";15.37;"A";7.63;"A";5.51;"A"
"2025-07-07 11:15";33.85;"A";32.07;"A";1003.16;"A";197;"A";62;"A";0;"A";8;"A";54;"A";16.54;"A";7.94;"A";5.44;"A"
"2025-07-07 11:30";34.07;"A";30.56;"A";1003.1;"A";176;"A";63;"A";0;"A";6;"A";56;"A";18.39;"A";7.77;"A";5.35;"A"
"2025-07-07 11:45";34.32;"A";30.11;"A";1003;"A";182;"A";63;"A";0;"A";9;"A";55;"A";15.62;"A";7.47;"A";5.22;"A"
"2025-07-07 12:00";34.68;"A";29.4;"A";1002.96;"A";217;"A";64;"A";0;"A";14;"A";50;"A";21.45;"A";11.61;"A";7.86;"A"
"2025-07-07 12:15";34.6;"A";28.82;"A";1002.97;"A";165;"A";64;"A";0;"A";7;"A";57;"A";13.7;"A";6.83;"A";4.76;"A"
"2025-07-07 12:30";34.44;"A";28.49;"A";1002.77;"A";212;"A";63;"A";0;"A";10;"A";52;"A";13.77;"A";7.25;"A";5.14;"A"
"2025-07-07 12:45";34.42;"A";28.99;"A";1002.75;"A";201;"A";61;"A";0;"A";8;"A";53;"A";15.51;"A";7.59;"A";5.01;"A"
"2025-07-07 13:00";34.35;"A";29.76;"A";1002.73;"A";202;"A";61;"A";0;"A";10;"A";51;"A";15.3;"A";8.16;"A";5.6;"A"
"2025-07-07 13:15";34.42;"A";29.27;"A";1002.67;"A";184;"A";59;"A";0;"A";6;"A";54;"A";16;"A";8.87;"A";6.11;"A"
"2025-07-07 13:30";34.75;"A";28.64;"A";1002.59;"A";160;"A";59;"A";0;"A";6;"A";53;"A";14.81;"A";7.7;"A";5.18;"A"
"2025-07-07 13:45";35.11;"A";28.73;"A";1002.35;"A";186;"A";58;"A";0;"A";7;"A";52;"A";14.88;"A";7.6;"A";5.41;"A"
"2025-07-07 14:00";35.69;"A";27.36;"A";1002.17;"A";159;"A";58;"A";0;"A";5;"A";53;"A";14.61;"A";7.76;"A";5.3;"A"
"2025-07-07 14:15";36.05;"A";26.04;"A";1002.21;"A";151;"A";60;"A";0;"A";6;"A";54;"A";14.35;"A";7.45;"A";4.74;"A"
"2025-07-07 14:30";35.62;"A";26.93;"A";1002.06;"A";161;"A";61;"A";0;"A";6;"A";55;"A";13.35;"A";6.34;"A";4.7;"A"
"2025-07-07 14:45";35.78;"A";26.21;"A";1001.93;"A";167;"A";59;"A";0;"A";9;"A";51;"A";13.97;"A";7.06;"A";4.93;"A"
"2025-07-07 15:00";35.85;"A";26.82;"A";1001.79;"A";162;"A";59;"A";0;"A";6;"A";53;"A";11.05;"A";6.55;"A";4.66;"A"
"2025-07-07 15:15";36.82;"A";26.05;"A";1001.57;"A";156;"A";57;"A";0;"A";4;"A";53;"A";13.81;"A";6.69;"A";4.62;"A"
"2025-07-07 15:30";37.47;"A";25.6;"A";1001.42;"A";170;"A";59;"A";0;"A";5;"A";53;"A";14.46;"A";7.55;"A";5.26;"A"
"2025-07-07 15:45";37.86;"A";25.44;"A";1001.31;"A";172;"A";59;"A";0;"A";4;"A";55;"A";12.57;"A";6.67;"A";4.81;"A"
"2025-07-07 16:00";38.28;"A";25.53;"A";1001.11;"A";195;"A";59;"A";0;"A";5;"A";54;"A";14.51;"A";8.49;"A";6.12;"A"
"2025-07-07 16:15";37.87;"A";26.27;"A";1001;"A";210;"A";59;"A";0;"A";7;"A";51;"A";13.54;"A";7.94;"A";5.46;"A"
"2025-07-07 16:30";37.1;"A";26.97;"A";1000.69;"A";229;"A";57;"A";0;"A";6;"A";51;"A";12.85;"A";8.04;"A";5.9;"A"
"2025-07-07 16:45";36.85;"A";26.63;"A";1000.67;"A";263;"A";56;"A";0;"A";7;"A";49;"A";14.25;"A";7.72;"A";5.7;"A"
"2025-07-07 17:00";36.96;"A";26.48;"A";1000.54;"A";185;"A";57;"A";0;"A";5;"A";52;"A";11.66;"A";7.41;"A";5.38;"A"
"2025-07-07 17:15";36.81;"A";26.61;"A";1000.45;"A";188;"A";58;"A";0;"A";5;"A";52;"A";11.96;"A";6.96;"A";5.32;"A"
"2025-07-07 17:30";36.65;"A";26.83;"A";1000.42;"A";183;"A";56;"A";0;"A";4;"A";52;"A";14.21;"A";7.34;"A";5.52;"A"
"2025-07-07 17:45";36.51;"A";27.61;"A";1000.37;"A";211;"A";57;"A";0;"A";7;"A";49;"A";15.44;"A";8.1;"A";5.96;"A"
"2025-07-07 18:00";36;"A";29.13;"A";1000.47;"A";288;"A";54;"A";0;"A";6;"A";48;"A";21.43;"A";12.86;"A";9.27;"A"
"2025-07-07 18:15";34.88;"A";33.06;"A";1000.53;"A";230;"A";55;"A";0;"A";6;"A";48;"A";22.45;"A";12.25;"A";8.13;"A"
"2025-07-07 18:30";33.72;"A";36.08;"A";1000.64;"A";209;"A";51;"A";0;"A";4;"A";47;"A";20.47;"A";11.51;"A";8;"A"
"2025-07-07 18:45";32.66;"A";38.34;"A";1000.61;"A";193;"A";51;"A";0;"A";5;"A";46;"A";21.38;"A";11.6;"A";8.31;"A"
"2025-07-07 19:00";31.97;"A";39.41;"A";1000.67;"A";174;"A";49;"A";0;"A";4;"A";45;"A";18.55;"A";11.7;"A";8.08;"A"
"2025-07-07 19:15";31.49;"A";40.05;"A";1000.8;"A";155;"A";51;"A";0;"A";5;"A";46;"A";18.03;"A";10.76;"A";7.79;"A"
"2025-07-07 19:30";31.11;"A";41.12;"A";1000.85;"A";165;"A";49;"A";0;"A";5;"A";44;"A";17.78;"A";11.72;"A";8.24;"A"
"2025-07-07 19:45";31.05;"A";40.82;"A";1001.01;"A";199;"A";49;"A";0;"A";8;"A";41;"A";26.23;"A";17.77;"A";12.78;"A"
"2025-07-07 20:00";31.21;"A";39.56;"A";1001.13;"A";402;"A";51;"A";0;"A";12;"A";38;"A";38.31;"A";27.17;"A";20.45;"A"
"2025-07-07 20:15";31.17;"A";39.17;"A";1001.16;"A";809;"A";51;"A";0;"A";8;"A";43;"A";38.97;"A";29.11;"A";21.58;"A"
"2025-07-07 20:30";31.07;"A";38.56;"A";1001.2;"A";1626;"A";51;"A";0;"A";8;"A";43;"A";67.44;"A";49.92;"A";36.6;"A"
"2025-07-07 20:45";30.98;"A";37.72;"A";1001.14;"A";718;"A";53;"A";0;"A";8;"A";45;"A";45.01;"A";29.47;"A";22.52;"A"
"2025-07-07 21:00";30.81;"A";37.79;"A";1001.27;"A";308;"A";54;"A";0;"A";8;"A";46;"A";16.9;"A";10.11;"A";7.69;"A"
"2025-07-07 21:15";30.55;"A";38.18;"A";1001.27;"A";336;"A";52;"A";0;"A";8;"A";43;"A";16.87;"A";10.82;"A";7.82;"A"
"2025-07-07 21:30";30.3;"A";38.55;"A";1001.38;"A";536;"A";50;"A";0;"A";11;"A";39;"A";22.6;"A";12.66;"A";9.19;"A"
"2025-07-07 21:45";29.98;"A";39.19;"A";1001.4;"A";259;"A";49;"A";0;"A";11;"A";38;"A";21.4;"A";12.67;"A";9.07;"A"
"2025-07-07 22:00";29.62;"A";40.04;"A";1001.34;"A";252;"A";46;"A";0;"A";12;"A";34;"A";23.05;"A";13.71;"A";9.5;"A"
"2025-07-07 22:15";29.33;"A";41.15;"A";1001.16;"A";400;"A";44;"A";0;"A";15;"A";29;"A";23.9;"A";14.07;"A";9.94;"A"
"2025-07-07 22:30";29.37;"A";37.62;"A";1001.15;"A";388;"A";48;"A";0;"A";10;"A";38;"A";20.59;"A";11.96;"A";8.49;"A"
"2025-07-07 22:45";29.28;"A";37.9;"A";1001.14;"A";1019;"A";50;"A";0;"A";13;"A";37;"A";30.3;"A";17.38;"A";13.23;"A"
"2025-07-07 23:00";29.16;"A";36.8;"A";1001.11;"A";867;"A";49;"A";0;"A";10;"A";39;"A";22.01;"A";12.7;"A";9.14;"A"
"2025-07-07 23:15";28.9;"A";36.88;"A";1001.15;"A";478;"A";48;"A";0;"A";10;"A";37;"A";20.56;"A";10.85;"A";7.9;"A"
"2025-07-07 23:30";28.7;"A";36.63;"A";1001.32;"A";371;"A";47;"A";0;"A";10;"A";37;"A";20.53;"A";12.38;"A";8.55;"A"
"2025-07-07 23:45";28.55;"A";37;"A";1001.26;"A";244;"A";47;"A";0;"A";9;"A";38;"A";21.47;"A";12.18;"A";8.54;"A"
"2025-07-08 00:00";28.32;"A";38.66;"A";1001.23;"A";177;"A";44;"A";0;"A";8;"A";35;"A";19.82;"A";11.02;"A";7.91;"A"
"2025-07-08 00:15";27.73;"A";41.15;"A";1001.12;"A";181;"A";39;"A";0;"A";7;"A";32;"A";20.45;"A";10.8;"A";7.49;"A"
"2025-07-08 00:30";27.11;"A";42.78;"A";1001.06;"A";178;"A";38;"A";0;"A";8;"A";30;"A";20.56;"A";11.6;"A";7.95;"A"
"2025-07-08 00:45";26.51;"A";44.49;"A";1001.01;"A";166;"A";37;"A";0;"A";9;"A";29;"A";23.73;"A";12.53;"A";9.08;"A"
"2025-07-08 01:00";26.03;"A";46.5;"A";1001.09;"A";167;"A";35;"A";0;"A";8;"A";27;"A";22.14;"A";12.87;"A";9.15;"A"
"2025-07-08 01:15";25.77;"A";47.78;"A";1001.04;"A";257;"A";33;"A";0;"A";10;"A";23;"A";24.21;"A";12.84;"A";9.08;"A"
"2025-07-08 01:30";25.51;"A";49.11;"A";1000.99;"A";283;"A";31;"A";0;"A";8;"A";23;"A";21.3;"A";13.09;"A";8.95;"A"
"2025-07-08 01:45";25.27;"A";49.77;"A";1001.04;"A";283;"A";31;"A";0;"A";8;"A";23;"A";21.94;"A";12.58;"A";8.73;"A"
"2025-07-08 02:00";25.02;"A";50.87;"A";1001.25;"A";266;"A";31;"A";0;"A";8;"A";23;"A";19.54;"A";11.84;"A";8.66;"A"
"2025-07-08 02:15";24.77;"A";51.98;"A";1001.41;"A";262;"A";30;"A";0;"A";8;"A";22;"A";20.53;"A";11.97;"A";8.76;"A"
"2025-07-08 02:30";24.47;"A";52.57;"A";1001.39;"A";255;"A";30;"A";0;"A";8;"A";22;"A";22.47;"A";12.83;"A";9.08;"A"
"2025-07-08 02:45";24.23;"A";53.38;"A";1001.43;"A";243;"A";31;"A";0;"A";9;"A";22;"A";23.47;"A";13.59;"A";9.6;"A"
"2025-07-08 03:00";23.87;"A";55.01;"A";1001.49;"A";248;"A";29;"A";0;"A";9;"A";20;"A";22.23;"A";13.44;"A";9.54;"A"
"2025-07-08 03:15";23.65;"A";55.82;"A";1001.52;"A";261;"A";29;"A";0;"A";9;"A";20;"A";21.61;"A";13.61;"A";9.94;"A"
"2025-07-08 03:30";23.42;"A";56.72;"A";1001.42;"A";305;"A";27;"A";0;"A";9;"A";18;"A";26.64;"A";16.85;"A";12.49;"A"
"2025-07-08 03:45";23.16;"A";56.42;"A";1001.2;"A";354;"A";28;"A";0;"A";13;"A";14;"A";37.04;"A";22.8;"A";16.44;"A"
"2025-07-08 04:00";22.93;"A";56.13;"A";1001.09;"A";428;"A";28;"A";0;"A";16;"A";12;"A";40.83;"A";26.85;"A";19.31;"A"
"2025-07-08 04:15";22.75;"A";57.06;"A";1001.05;"A";485;"A";26;"A";0;"A";15;"A";11;"A";41.8;"A";26.91;"A";19.39;"A"
"2025-07-08 04:30";22.54;"A";57.64;"A";1001.09;"A";552;"A";25;"A";0;"A";14;"A";11;"A";40.21;"A";27.03;"A";18.7;"A"
"2025-07-08 04:45";22.47;"A";55.56;"A";1001.08;"A";647;"A";27;"A";0;"A";14;"A";13;"A";48.36;"A";34.44;"A";25.05;"A"
"2025-07-08 05:00";22.33;"A";55.33;"A";1001.21;"A";664;"A";30;"A";0;"A";18;"A";12;"A";74.31;"A";50.95;"A";36.78;"A"
"2025-07-08 05:15";22.19;"A";56.47;"A";1001.15;"A";575;"A";27;"A";1;"A";15;"A";12;"A";65.67;"A";47.64;"A";34.68;"A"
"2025-07-08 05:30";22.24;"A";55.87;"A";1001.2;"A";520;"A";29;"A";0;"A";16;"A";13;"A";66.4;"A";45.57;"A";32.85;"A"
"2025-07-08 05:45";22.33;"A";55.91;"A";1001.26;"A";533;"A";31;"A";0;"A";14;"A";17;"A";57.09;"A";38.64;"A";27.98;"A"
"2025-07-08 06:00";22.55;"A";56.37;"A";1001.32;"A";598;"A";32;"A";0;"A";13;"A";19;"A";46.43;"A";31.34;"A";22.78;"A"
"2025-07-08 06:15";22.86;"A";57.46;"A";1001.46;"A";716;"A";34;"A";0;"A";13;"A";21;"A";46.19;"A";30.75;"A";22.38;"A"
"2025-07-08 06:30";23.22;"A";58.11;"A";1001.51;"A";1016;"A";37;"A";0;"A";14;"A";23;"A";50.02;"A";32;"A";22.57;"A"
"2025-07-08 06:45";23.69;"A";58.26;"A";1001.67;"A";1314;"A";42;"A";0;"A";15;"A";26;"A";60.42;"A";40.53;"A";29.39;"A"
"2025-07-08 07:00";24.17;"A";56.22;"A";1001.81;"A";1537;"A";46;"A";0;"A";13;"A";33;"A";54.82;"A";38.05;"A";27.82;"A"
"2025-07-08 07:15";24.66;"A";55.31;"A";1001.81;"A";1569;"A";51;"A";0;"A";15;"A";36;"A";42.39;"A";28.68;"A";21.02;"A"
"2025-07-08 07:30";25.31;"A";54.34;"A";1001.75;"A";1577;"A";52;"A";0;"A";16;"A";36;"A";44.19;"A";31.78;"A";23.9;"A"
"2025-07-08 07:45";27.01;"A";50.32;"A";1001.84;"A";1265;"A";54;"A";0;"A";18;"A";36;"A";53.89;"A";41.07;"A";30.09;"A"
"2025-07-08 08:00";28.71;"A";44.93;"A";1001.79;"A";1649;"A";56;"A";0;"A";17;"A";39;"A";47.35;"A";30.87;"A";22.17;"A"
"2025-07-08 08:15";30.06;"A";42.41;"A";1001.72;"A";1844;"A";60;"A";0;"A";16;"A";44;"A";44.22;"A";31.86;"A";22.78;"A"
"2025-07-08 08:30";30.37;"A";42.49;"A";1001.78;"A";2032;"A";60;"A";0;"A";15;"A";45;"A";41.73;"A";30.01;"A";22.55;"A"
"2025-07-08 08:45";30.99;"A";40.81;"A";1001.77;"A";1150;"A";61;"A";0;"A";11;"A";50;"A";25.53;"A";16.98;"A";13.14;"A"
"2025-07-08 09:00";31.98;"A";39.2;"A";1001.88;"A";1592;"A";59;"A";0;"A";8;"A";52;"A";21.69;"A";13.61;"A";9.79;"A"
"2025-07-08 09:15";32.25;"A";38.39;"A";1001.95;"A";920;"A";61;"A";0;"A";9;"A";52;"A";19.68;"A";12.34;"A";9.01;"A"
"2025-07-08 09:30";33.17;"A";36.23;"A";1001.85;"A";416;"A";61;"A";0;"A";8;"A";54;"A";18.54;"A";12.13;"A";8.92;"A"
"2025-07-08 09:45";33.89;"A";34.83;"A";1001.75;"A";628;"A";60;"A";0;"A";7;"A";53;"A";18.96;"A";11.29;"A";7.98;"A"
"2025-07-08 10:00";34.18;"A";33.79;"A";1001.71;"A";556;"A";66;"A";0;"A";13;"A";53;"A";25.81;"A";14.92;"A";10.43;"A"
"2025-07-08 10:15";33.96;"A";34.43;"A";1001.52;"A";478;"A";65;"A";0;"A";8;"A";57;"A";15.6;"A";9.1;"A";6.13;"A"
"2025-07-08 10:30";34.11;"A";33.95;"A";1001.46;"A";538;"A";67;"A";0;"A";8;"A";59;"A";17.81;"A";10.25;"A";7.8;"A"
"2025-07-08 10:45";34.31;"A";33.69;"A";1001.41;"A";487;"A";68;"A";0;"A";8;"A";60;"A";19.27;"A";10.76;"A";8.04;"A"
"2025-07-08 11:00";34.5;"A";33.48;"A";1001.4;"A";539;"A";66;"A";0;"A";8;"A";58;"A";16.69;"A";9.85;"A";7.01;"A"
"2025-07-08 11:15";34.66;"A";33.02;"A";1001.12;"A";378;"A";66;"A";0;"A";7;"A";58;"A";14.73;"A";8.8;"A";6.33;"A"
"2025-07-08 11:30";35.03;"A";31.84;"A";1000.91;"A";577;"A";65;"A";0;"A";7;"A";58;"A";19.05;"A";10.8;"A";8.06;"A"
"2025-07-08 11:45";35.43;"A";31.56;"A";1000.82;"A";709;"A";67;"A";0;"A";9;"A";58;"A";21.47;"A";11.84;"A";8.32;"A"
"2025-07-08 12:00";35.38;"A";31.3;"A";1000.86;"A";466;"A";66;"A";0;"A";8;"A";58;"A";16.49;"A";9.26;"A";6.67;"A"
"2025-07-08 12:15";35.32;"A";30.98;"A";1000.74;"A";492;"A";67;"A";0;"A";6;"A";61;"A";17.2;"A";8.19;"A";6.14;"A"
"2025-07-08 12:30";35.12;"A";30.62;"A";1000.62;"A";429;"A";68;"A";0;"A";7;"A";61;"A";13.8;"A";8.05;"A";5.9;"A"
"2025-07-08 12:45";35.47;"A";29.53;"A";1000.61;"A";324;"A";67;"A";0;"A";7;"A";60;"A";14.32;"A";7.59;"A";5.52;"A"
"2025-07-08 13:00";35.92;"A";28.45;"A";1000.52;"A";305;"A";67;"A";0;"A";6;"A";60;"A";14.74;"A";7.44;"A";5.4;"A"
"2025-07-08 13:15";36.32;"A";26.67;"A";1000.29;"A";670;"A";66;"A";0;"A";6;"A";60;"A";15.5;"A";8;"A";5.66;"A"
"2025-07-08 13:30";36.8;"A";25.87;"A";1000.28;"A";238;"A";67;"A";0;"A";7;"A";60;"A";13.68;"A";6.83;"A";4.71;"A"
"2025-07-08 13:45";37.15;"A";25.27;"A";1000.07;"A";231;"A";65;"A";0;"A";5;"A";60;"A";12.53;"A";6.89;"A";4.54;"A"
"2025-07-08 14:00";37.56;"A";24.99;"A";1000.02;"A";239;"A";66;"A";0;"A";6;"A";61;"A";13.43;"A";6.77;"A";4.67;"A"
"2025-07-08 14:15";37.95;"A";23.63;"A";999.9;"A";261;"A";64;"A";0;"A";5;"A";59;"A";13.59;"A";7.26;"A";5.07;"A"
"2025-07-08 14:30";38.14;"A";23.54;"A";999.69;"A";384;"A";65;"A";0;"A";6;"A";60;"A";14.89;"A";7.92;"A";5.55;"A"
"2025-07-08 14:45";38.47;"A";23.47;"A";999.47;"A";357;"A";64;"A";0;"A";5;"A";60;"A";11.06;"A";6.55;"A";4.44;"A"
"2025-07-08 15:00";38.65;"A";22.66;"A";999.39;"A";353;"A";64;"A";0;"A";6;"A";58;"A";12.28;"A";6.9;"A";5.08;"A"
"2025-07-08 15:15";39.08;"A";22.58;"A";999.24;"A";252;"A";63;"A";0;"A";4;"A";58;"A";15.09;"A";7.23;"A";5.02;"A"
"2025-07-08 15:30";39.46;"A";22.04;"A";999.09;"A";492;"A";61;"A";0;"A";4;"A";57;"A";13.82;"A";8.15;"A";5.92;"A"
"2025-07-08 15:45";39.74;"A";22.16;"A";998.84;"A";308;"A";62;"A";0;"A";5;"A";57;"A";15.21;"A";7.94;"A";5.22;"A"
"2025-07-08 16:00";39.89;"A";21.8;"A";998.71;"A";520;"A";62;"A";0;"A";5;"A";56;"A";15;"A";8.1;"A";5.62;"A"
"2025-07-08 16:15";40.11;"A";21.69;"A";998.57;"A";1109;"A";61;"A";0;"A";6;"A";55;"A";18.26;"A";9.94;"A";7.22;"A"
"2025-07-08 16:30";39.97;"A";21.72;"A";998.48;"A";223;"A";61;"A";0;"A";5;"A";56;"A";13.62;"A";6.9;"A";4.9;"A"
"2025-07-08 16:45";39.95;"A";21.9;"A";998.33;"A";369;"A";63;"A";0;"A";10;"A";53;"A";15.59;"A";9.1;"A";6.97;"A"
"2025-07-08 17:00";39.83;"A";21.99;"A";998.17;"A";367;"A";60;"A";0;"A";4;"A";56;"A";14.21;"A";8.4;"A";5.8;"A"
"2025-07-08 17:15";39.5;"A";22.33;"A";998.01;"A";315;"A";61;"A";0;"A";7;"A";54;"A";16.34;"A";8.81;"A";5.75;"A"
"2025-07-08 17:30";39.28;"A";22.95;"A";998.07;"A";502;"A";60;"A";0;"A";5;"A";55;"A";15.87;"A";9.02;"A";6.29;"A"
"2025-07-08 17:45";38.33;"A";23.9;"A";998.11;"A";259;"A";58;"A";0;"A";4;"A";53;"A";17.49;"A";8.57;"A";5.86;"A"
"2025-07-08 18:00";37.32;"A";25.34;"A";998.05;"A";213;"A";57;"A";0;"A";5;"A";51;"A";22.46;"A";9.59;"A";6.76;"A"
"2025-07-08 18:15";37.01;"A";25.95;"A";998;"A";205;"A";55;"A";0;"A";5;"A";49;"A";17.03;"A";9.71;"A";6.43;"A"
"2025-07-08 18:30";36.8;"A";26.82;"A";998.26;"A";246;"A";54;"A";0;"A";7;"A";46;"A";20.68;"A";10.49;"A";7.01;"A"
"2025-07-08 18:45";35.84;"A";29.45;"A";998.46;"A";214;"A";55;"A";0;"A";5;"A";50;"A";18.43;"A";9.2;"A";6.57;"A"
"2025-07-08 19:00";35.04;"A";31.47;"A";998.68;"A";226;"A";50;"A";0;"A";6;"A";44;"A";19.18;"A";9.69;"A";6.64;"A"
"2025-07-08 19:15";34.58;"A";31.8;"A";998.38;"A";215;"A";48;"A";0;"A";6;"A";42;"A";15.37;"A";8.27;"A";6.03;"A"
"2025-07-08 19:30";34.13;"A";32.72;"A";998.22;"A";214;"A";48;"A";0;"A";7;"A";41;"A";14.72;"A";7.44;"A";5.38;"A"
"2025-07-08 19:45";33.65;"A";33.76;"A";998.2;"A";250;"A";47;"A";0;"A";10;"A";38;"A";15.4;"A";8.37;"A";5.79;"A"
"2025-07-08 20:00";33.27;"A";34.78;"A";998.23;"A";397;"A";45;"A";0;"A";12;"A";33;"A";19.93;"A";10.9;"A";7.78;"A"
"2025-07-08 20:15";32.83;"A";35.79;"A";998.11;"A";848;"A";45;"A";0;"A";17;"A";28;"A";23.48;"A";13.69;"A";10.07;"A"
"2025-07-08 20:30";32.44;"A";36.76;"A";997.94;"A";868;"A";44;"A";0;"A";16;"A";28;"A";23.92;"A";14.14;"A";10.2;"A"
"2025-07-08 20:45";32.18;"A";36.21;"A";997.94;"A";765;"A";44;"A";0;"A";17;"A";27;"A";23.77;"A";13.66;"A";9.04;"A"
"2025-07-08 21:00";31.86;"A";36.7;"A";998.01;"A";618;"A";44;"A";0;"A";17;"A";27;"A";22.46;"A";12.44;"A";8.57;"A"
"2025-07-08 21:15";31.7;"A";35.71;"A";998.06;"A";379;"A";45;"A";0;"A";12;"A";33;"A";24.57;"A";12.78;"A";9.1;"A"
"2025-07-08 21:30";31.63;"A";34.8;"A";998.13;"A";271;"A";46;"A";0;"A";13;"A";32;"A";29.47;"A";15.57;"A";10.74;"A"
"2025-07-08 21:45";31.74;"A";33.33;"A";998.24;"A";310;"A";46;"A";0;"A";12;"A";34;"A";42.07;"A";22.18;"A";15.18;"A"
"2025-07-08 22:00";32.15;"A";30.78;"A";998.39;"A";1102;"A";50;"A";0;"A";9;"A";40;"A";49.18;"A";29.63;"A";21.7;"A"
"2025-07-08 22:15";32.27;"A";30.36;"A";998.47;"A";1825;"A";50;"A";0;"A";7;"A";43;"A";34.53;"A";20.84;"A";14.32;"A"
"2025-07-08 22:30";32.14;"A";30.4;"A";998.51;"A";2346;"A";50;"A";0;"A";6;"A";44;"A";37.69;"A";19.77;"A";13.64;"A"
"2025-07-08 22:45";32.02;"A";30.91;"A";998.68;"A";1290;"A";51;"A";0;"A";7;"A";44;"A";63.27;"A";36.93;"A";25.96;"A"
"2025-07-08 23:00";31.88;"A";30.91;"A";998.79;"A";1615;"A";50;"A";0;"A";8;"A";43;"A";35.16;"A";20.54;"A";15.42;"A"
"2025-07-08 23:15";31.6;"A";31.26;"A";998.82;"A";829;"A";50;"A";0;"A";7;"A";43;"A";23.26;"A";11.27;"A";7.76;"A"
"2025-07-08 23:30";31.41;"A";31.7;"A";998.8;"A";847;"A";49;"A";0;"A";8;"A";41;"A";24.57;"A";13.63;"A";9.65;"A"
"2025-07-08 23:45";31.33;"A";31.91;"A";998.8;"A";844;"A";49;"A";0;"A";7;"A";42;"A";23.13;"A";12.21;"A";8.19;"A"
"2025-07-09 00:00";31.3;"A";32.15;"A";998.71;"A";420;"A";49;"A";0;"A";7;"A";42;"A";27.08;"A";13.97;"A";9.64;"A"
"2025-07-09 00:15";31.15;"A";33.2;"A";998.67;"A";775;"A";50;"A";0;"A";8;"A";42;"A";31.98;"A";18.95;"A";14.51;"A"
"2025-07-09 00:30";30.79;"A";34.26;"A";998.8;"A";653;"A";47;"A";0;"A";8;"A";39;"A";23.67;"A";13.84;"A";10.06;"A"
"2025-07-09 00:45";30.25;"A";35.4;"A";998.75;"A";311;"A";44;"A";0;"A";7;"A";37;"A";26.49;"A";13.82;"A";9.53;"A"
"2025-07-09 01:00";29.64;"A";36.96;"A";998.63;"A";333;"A";42;"A";0;"A";8;"A";35;"A";28.13;"A";13.73;"A";10.11;"A"
"2025-07-09 01:15";28.99;"A";39.01;"A";998.69;"A";355;"A";37;"A";0;"A";7;"A";31;"A";27.16;"A";14.41;"A";10.14;"A"
"2025-07-09 01:30";28.27;"A";40.87;"A";998.54;"A";435;"A";36;"A";0;"A";7;"A";30;"A";32.17;"A";16.21;"A";11.33;"A"
"2025-07-09 01:45";27.5;"A";43.44;"A";998.53;"A";590;"A";34;"A";0;"A";8;"A";26;"A";32.51;"A";18.63;"A";13.8;"A"
"2025-07-09 02:00";26.85;"A";44.93;"A";998.45;"A";1223;"A";30;"A";0;"A";8;"A";22;"A";54.42;"A";34.88;"A";25.54;"A"
"2025-07-09 02:15";26.46;"A";45.39;"A";998.37;"A";1250;"A";28;"A";1;"A";11;"A";17;"A";74.87;"A";49.34;"A";35.23;"A"
"2025-07-09 02:30";26.07;"A";46.79;"A";998.35;"A";1085;"A";27;"A";2;"A";14;"A";14;"A";65.04;"A";43.41;"A";31.01;"A"
"2025-07-09 02:45";25.63;"A";47.99;"A";998.49;"A";1154;"A";26;"A";3;"A";13;"A";13;"A";62.18;"A";38.98;"A";27.58;"A"
"2025-07-09 03:00";25.35;"A";48.61;"A";998.28;"A";1112;"A";26;"A";2;"A";13;"A";14;"A";61.24;"A";37.26;"A";25.61;"A"
"2025-07-09 03:15";25.32;"A";48.26;"A";998.26;"A";1096;"A";29;"A";1;"A";10;"A";19;"A";55.55;"A";36.59;"A";26.46;"A"
"2025-07-09 03:30";25.27;"A";48.29;"A";998.3;"A";1137;"A";31;"A";1;"A";9;"A";22;"A";47.67;"A";30.32;"A";21.97;"A"
"2025-07-09 03:45";25.06;"A";48.94;"A";998.53;"A";1137;"A";31;"A";1;"A";8;"A";23;"A";50.69;"A";32.56;"A";23.91;"A"
"2025-07-09 04:00";24.93;"A";49.49;"A";998.5;"A";1113;"A";31;"A";1;"A";8;"A";23;"A";48.7;"A";31.48;"A";23.51;"A"
"2025-07-09 04:15";24.71;"A";50.96;"A";998.56;"A";1001;"A";30;"A";1;"A";9;"A";22;"A";44.16;"A";27.2;"A";19.95;"A"
"2025-07-09 04:30";24.4;"A";52.1;"A";998.47;"A";937;"A";29;"A";0;"A";8;"A";21;"A";40.22;"A";26.08;"A";19.2;"A"
"2025-07-09 04:45";24.2;"A";52.94;"A";998.49;"A";845;"A";27;"A";1;"A";8;"A";19;"A";39.97;"A";25.85;"A";18.75;"A"
"2025-07-09 05:00";24.07;"A";53.44;"A";998.48;"A";836;"A";26;"A";1;"A";9;"A";17;"A";43.95;"A";27.27;"A";19.59;"A"
"2025-07-09 05:15";23.87;"A";54.15;"A";998.62;"A";838;"A";26;"A";1;"A";8;"A";18;"A";40.79;"A";25.96;"A";18.67;"A"
"2025-07-09 05:30";23.87;"A";54.65;"A";998.67;"A";850;"A";25;"A";1;"A";10;"A";15;"A";41.94;"A";26.86;"A";19.45;"A"
"2025-07-09 05:45";24;"A";55.22;"A";998.66;"A";930;"A";26;"A";1;"A";10;"A";16;"A";42.03;"A";27.72;"A";20.22;"A"
"2025-07-09 06:00";24.27;"A";54.27;"A";998.63;"A";896;"A";27;"A";1;"A";9;"A";18;"A";48.68;"A";28.28;"A";20.85;"A"
"2025-07-09 06:15";24.83;"A";51.07;"A";998.66;"A";456;"A";38;"A";0;"A";15;"A";23;"A";47.47;"A";23.96;"A";16.81;"A"
"2025-07-09 06:30";25.08;"A";48.58;"A";999.02;"A";258;"A";41;"A";0;"A";11;"A";30;"A";27.19;"A";13.94;"A";10.07;"A"
"2025-07-09 06:45";25.38;"A";47.68;"A";999;"A";227;"A";42;"A";0;"A";11;"A";31;"A";25.53;"A";12.6;"A";8.83;"A"
"2025-07-09 07:00";25.82;"A";47.42;"A";998.88;"A";228;"A";42;"A";0;"A";12;"A";30;"A";22.53;"A";12.62;"A";8.54;"A"
"2025-07-09 07:15";26.37;"A";46.53;"A";998.84;"A";222;"A";44;"A";0;"A";13;"A";31;"A";26.16;"A";14.57;"A";10.13;"A"
"2025-07-09 07:30";27.02;"A";45.59;"A";998.91;"A";222;"A";45;"A";0;"A";10;"A";35;"A";23.73;"A";12.36;"A";8.66;"A"
"2025-07-09 07:45";28.69;"A";42.59;"A";998.75;"A";220;"A";49;"A";0;"A";10;"A";39;"A";23.98;"A";12.72;"A";8.93;"A"
"2025-07-09 08:00";30.3;"A";39.49;"A";998.58;"A";239;"A";51;"A";0;"A";11;"A";40;"A";24.07;"A";12.83;"A";8.84;"A"
"2025-07-09 08:15";31.59;"A";38;"A";998.54;"A";331;"A";54;"A";0;"A";17;"A";37;"A";28.29;"A";16.05;"A";11.87;"A"
"2025-07-09 08:30";32.14;"A";36.63;"A";998.53;"A";528;"A";56;"A";0;"A";20;"A";37;"A";29.65;"A";17.49;"A";12.35;"A"
"2025-07-09 08:45";32.97;"A";34.4;"A";998.5;"A";455;"A";60;"A";0;"A";18;"A";42;"A";28.2;"A";16.1;"A";11.44;"A"
"2025-07-09 09:00";33.92;"A";33.69;"A";998.38;"A";424;"A";60;"A";0;"A";19;"A";41;"A";31.87;"A";19.02;"A";13.85;"A"
"2025-07-09 09:15";34.3;"A";32.82;"A";998.46;"A";556;"A";62;"A";0;"A";16;"A";46;"A";37.71;"A";22.3;"A";16.3;"A"
"2025-07-09 09:30";35.17;"A";32.06;"A";998.46;"A";458;"A";60;"A";0;"A";10;"A";50;"A";28.62;"A";16.39;"A";11.46;"A"
"2025-07-09 09:45";35.87;"A";30.9;"A";998.36;"A";984;"A";62;"A";0;"A";11;"A";51;"A";40.69;"A";24.03;"A";17.42;"A"
"2025-07-09 10:00";36.03;"A";31.17;"A";998.28;"A";905;"A";63;"A";0;"A";13;"A";50;"A";34.94;"A";19.97;"A";14.05;"A"
"2025-07-09 10:15";36.31;"A";29.85;"A";998.23;"A";471;"A";63;"A";0;"A";10;"A";53;"A";29.03;"A";15.35;"A";10.7;"A"
"2025-07-09 10:30";36.45;"A";29.09;"A";998.12;"A";341;"A";63;"A";0;"A";7;"A";56;"A";23.69;"A";12.57;"A";8.93;"A"
"2025-07-09 10:45";36.59;"A";28.83;"A";998.28;"A";291;"A";62;"A";0;"A";7;"A";55;"A";23.55;"A";11.84;"A";8.08;"A"
"2025-07-09 11:00";36.47;"A";28.37;"A";998.13;"A";269;"A";59;"A";0;"A";5;"A";54;"A";25.67;"A";11.17;"A";7.42;"A"
"2025-07-09 11:15";36.53;"A";28.3;"A";998.03;"A";281;"A";58;"A";0;"A";5;"A";53;"A";21.77;"A";12.09;"A";8.01;"A"
"2025-07-09 11:30";37.14;"A";26.09;"A";997.89;"A";255;"A";58;"A";0;"A";5;"A";53;"A";26.84;"A";12.71;"A";8.34;"A"
"2025-07-09 11:45";37.35;"A";23.32;"A";997.77;"A";307;"A";60;"A";0;"A";5;"A";55;"A";25.92;"A";12.71;"A";8.45;"A"
"2025-07-09 12:00";37.22;"A";22.58;"A";997.5;"A";360;"A";62;"A";0;"A";6;"A";56;"A";31.1;"A";14.29;"A";9.48;"A"
"2025-07-09 12:15";37.32;"A";21.13;"A";997.38;"A";229;"A";62;"A";0;"A";7;"A";55;"A";25.47;"A";11.38;"A";7.28;"A"
"2025-07-09 12:30";37.53;"A";21.29;"A";997.37;"A";203;"A";58;"A";0;"A";4;"A";55;"A";23.79;"A";9.58;"A";6.35;"A"
"2025-07-09 12:45";37.65;"A";21.49;"A";997.34;"A";234;"A";58;"A";0;"A";5;"A";54;"A";24.24;"A";10.62;"A";6.81;"A"
"2025-07-09 13:00";37.86;"A";21.68;"A";997.32;"A";241;"A";57;"A";0;"A";5;"A";52;"A";20.06;"A";9.04;"A";6.08;"A"
"2025-07-09 13:15";38.06;"A";20.82;"A";997.34;"A";205;"A";56;"A";0;"A";4;"A";53;"A";22.75;"A";8.93;"A";5.78;"A"
"2025-07-09 13:30";38.22;"A";20.12;"A";997.3;"A";179;"A";55;"A";0;"A";3;"A";52;"A";19.26;"A";8.54;"A";5.54;"A"
"2025-07-09 13:45";38.64;"A";20.29;"A";997.04;"A";197;"A";55;"A";0;"A";4;"A";50;"A";18.86;"A";8.63;"A";5.8;"A"
"2025-07-09 14:00";38.81;"A";19.16;"A";997.13;"A";168;"A";55;"A";0;"A";3;"A";51;"A";16.2;"A";7.05;"A";4.53;"A"
"2025-07-09 14:15";38.9;"A";19.35;"A";997.02;"A";204;"A";57;"A";0;"A";10;"A";48;"A";14.86;"A";6.47;"A";4.4;"A"
"2025-07-09 14:30";39.28;"A";18.44;"A";996.95;"A";197;"A";55;"A";0;"A";4;"A";51;"A";14.42;"A";6.82;"A";4.36;"A"
"2025-07-09 14:45";39.46;"A";18.25;"A";996.8;"A";220;"A";54;"A";0;"A";3;"A";51;"A";17.52;"A";8.17;"A";5.68;"A"
"2025-07-09 15:00";39.66;"A";18.07;"A";996.58;"A";189;"A";54;"A";0;"A";3;"A";51;"A";13.14;"A";6.53;"A";4.35;"A"
"2025-07-09 15:15";39.96;"A";17.34;"A";996.48;"A";181;"A";52;"A";0;"A";4;"A";49;"A";10.64;"A";5.32;"A";3.57;"A"
"2025-07-09 15:30";40.12;"A";16.86;"A";996.42;"A";173;"A";52;"A";0;"A";2;"A";50;"A";11.85;"A";5.84;"A";3.6;"A"
"2025-07-09 15:45";40.26;"A";16.89;"A";996.31;"A";193;"A";51;"A";0;"A";3;"A";49;"A";9.86;"A";5.19;"A";3.55;"A"
"2025-07-09 16:00";40.32;"A";16.28;"A";996.33;"A";183;"A";53;"A";0;"A";2;"A";51;"A";10.49;"A";5.36;"A";3.35;"A"
"2025-07-09 16:15";40.37;"A";16.17;"A";996.2;"A";193;"A";51;"A";0;"A";3;"A";48;"A";10.98;"A";4.99;"A";3.46;"A"
"2025-07-09 16:30";40.33;"A";16.11;"A";996.12;"A";233;"A";52;"A";0;"A";3;"A";48;"A";11.8;"A";5.69;"A";3.79;"A"
"2025-07-09 16:45";39.99;"A";15.91;"A";995.94;"A";192;"A";52;"A";0;"A";3;"A";49;"A";10.05;"A";5.13;"A";3.45;"A"
"2025-07-09 17:00";39.75;"A";15.82;"A";995.82;"A";166;"A";52;"A";0;"A";2;"A";49;"A";8.27;"A";4.53;"A";3.02;"A"
"2025-07-09 17:15";39.3;"A";15.51;"A";995.62;"A";191;"A";52;"A";0;"A";3;"A";49;"A";9.04;"A";4.51;"A";2.99;"A"
"2025-07-09 17:30";39.02;"A";15.84;"A";995.69;"A";182;"A";52;"A";0;"A";3;"A";49;"A";10.26;"A";5.19;"A";3.3;"A"
"2025-07-09 17:45";38.74;"A";15.76;"A";995.74;"A";174;"A";53;"A";0;"A";2;"A";50;"A";11.04;"A";5.19;"A";3.39;"A"
"2025-07-09 18:00";38.43;"A";15.36;"A";995.62;"A";173;"A";53;"A";0;"A";2;"A";50;"A";10.31;"A";5.22;"A";3.65;"A"
"2025-07-09 18:15";38.05;"A";14.11;"A";995.53;"A";143;"A";55;"A";0;"A";3;"A";52;"A";11.75;"A";6.49;"A";4.58;"A"
"2025-07-09 18:30";37.68;"A";13.74;"A";995.54;"A";163;"A";57;"A";0;"A";3;"A";53;"A";13.03;"A";8;"A";5.71;"A"
"2025-07-09 18:45";37.28;"A";13.81;"A";995.44;"A";177;"A";56;"A";0;"A";3;"A";53;"A";13.91;"A";7.87;"A";5.51;"A"
"2025-07-09 19:00";36.87;"A";14.65;"A";995.31;"A";154;"A";54;"A";0;"A";3;"A";51;"A";11.72;"A";7.16;"A";5.09;"A"
"2025-07-09 19:15";36.5;"A";14.98;"A";995.3;"A";169;"A";51;"A";0;"A";3;"A";49;"A";12.47;"A";6.66;"A";4.72;"A"
"2025-07-09 19:30";36.13;"A";15.74;"A";995.34;"A";165;"A";50;"A";0;"A";4;"A";46;"A";15.96;"A";8.33;"A";5.42;"A"
"2025-07-09 19:45";35.61;"A";17.56;"A";995.42;"A";167;"A";48;"A";0;"A";4;"A";44;"A";15.88;"A";8.11;"A";5.35;"A"
"2025-07-09 20:00";35.18;"A";18.98;"A";995.33;"A";175;"A";47;"A";0;"A";4;"A";43;"A";17.73;"A";8.92;"A";5.97;"A"
"2025-07-09 20:15";34.74;"A";20.96;"A";995.31;"A";203;"A";45;"A";0;"A";5;"A";40;"A";18.91;"A";9.86;"A";6.58;"A"
"2025-07-09 20:30";34.11;"A";22.68;"A";995.39;"A";194;"A";42;"A";0;"A";5;"A";37;"A";17.89;"A";9.28;"A";6.11;"A"
"2025-07-09 20:45";33.75;"A";22.55;"A";995.6;"A";165;"A";43;"A";0;"A";5;"A";37;"A";21.4;"A";11.24;"A";7.76;"A"
"2025-07-09 21:00";33.32;"A";22.95;"A";995.65;"A";174;"A";43;"A";0;"A";5;"A";38;"A";25.35;"A";12.8;"A";8.81;"A"
"2025-07-09 21:15";32.92;"A";23.33;"A";995.66;"A";170;"A";45;"A";0;"A";6;"A";39;"A";28.95;"A";14.7;"A";10.27;"A"
"2025-07-09 21:30";32.53;"A";24.36;"A";995.72;"A";163;"A";43;"A";0;"A";6;"A";37;"A";23.25;"A";12.21;"A";9.02;"A"
"2025-07-09 21:45";32.14;"A";25.41;"A";995.97;"A";164;"A";41;"A";0;"A";6;"A";35;"A";21.89;"A";12.3;"A";8.64;"A"
"2025-07-09 22:00";31.66;"A";27.12;"A";995.82;"A";156;"A";40;"A";0;"A";7;"A";33;"A";24.72;"A";13.06;"A";9.02;"A"
"2025-07-09 22:15";31.3;"A";28.15;"A";995.76;"A";160;"A";39;"A";0;"A";7;"A";32;"A";31.84;"A";16.99;"A";11.29;"A"
"2025-07-09 22:30";30.94;"A";29.33;"A";995.75;"A";156;"A";40;"A";0;"A";9;"A";31;"A";32.11;"A";17.4;"A";12.19;"A"
"2025-07-09 22:45";30.7;"A";30.94;"A";995.83;"A";150;"A";40;"A";0;"A";8;"A";32;"A";27.57;"A";14.63;"A";10.21;"A"
"2025-07-09 23:00";30.45;"A";32.32;"A";995.8;"A";148;"A";39;"A";0;"A";6;"A";33;"A";25.13;"A";11.43;"A";8.08;"A"
"2025-07-09 23:15";30.13;"A";33.42;"A";995.96;"A";162;"A";40;"A";0;"A";6;"A";34;"A";50.3;"A";23.75;"A";15.85;"A"
"2025-07-09 23:30";29.78;"A";35.13;"A";995.97;"A";292;"A";39;"A";0;"A";8;"A";31;"A";78.38;"A";41.17;"A";27.71;"A"
"2025-07-09 23:45";29.54;"A";36.72;"A";996.1;"A";479;"A";38;"A";0;"A";9;"A";30;"A";71.97;"A";40.84;"A";28.23;"A"
"2025-07-10 00:00";29.21;"A";38.08;"A";996.12;"A";507;"A";38;"A";0;"A";9;"A";30;"A";88.6;"A";51.86;"A";35.59;"A"
"2025-07-10 00:15";28.87;"A";39.73;"A";996.03;"A";552;"A";40;"A";0;"A";9;"A";31;"A";78.3;"A";51.72;"A";37.54;"A"
"2025-07-10 00:30";28.53;"A";41.03;"A";995.88;"A";565;"A";39;"A";0;"A";9;"A";30;"A";80.18;"A";54.74;"A";39.19;"A"
"2025-07-10 00:45";28.17;"A";42.48;"A";995.8;"A";609;"A";39;"A";0;"A";9;"A";30;"A";86.09;"A";57;"A";40.15;"A"
"2025-07-10 01:00";28;"A";43.33;"A";995.79;"A";846;"A";40;"A";0;"A";8;"A";32;"A";93.19;"A";62.87;"A";44.03;"A"
"2025-07-10 01:15";27.74;"A";44.45;"A";995.93;"A";787;"A";41;"A";0;"A";9;"A";32;"A";94.21;"A";65.16;"A";46.76;"A"
"2025-07-10 01:30";27.41;"A";45.64;"A";995.88;"A";811;"A";41;"A";0;"A";9;"A";32;"A";98.82;"A";70.42;"A";49;"A"
"2025-07-10 01:45";27.08;"A";47.27;"A";995.74;"A";1151;"A";40;"A";0;"A";8;"A";31;"A";111.63;"A";78.58;"A";55.4;"A"
"2025-07-10 02:00";26.77;"A";47.67;"A";995.67;"A";1469;"A";40;"A";0;"A";7;"A";33;"A";56.7;"A";38.62;"A";27.54;"A"
"2025-07-10 02:15";26.5;"A";48.45;"A";995.73;"A";1314;"A";40;"A";0;"A";8;"A";33;"A";43.16;"A";26.1;"A";18.48;"A"
"2025-07-10 02:30";26.21;"A";49.46;"A";995.67;"A";1354;"A";40;"A";0;"A";8;"A";32;"A";75.06;"A";51.25;"A";36.66;"A"
"2025-07-10 02:45";25.94;"A";50.22;"A";995.55;"A";1424;"A";40;"A";0;"A";8;"A";31;"A";111.18;"A";76.61;"A";54.24;"A"
"2025-07-10 03:00";25.59;"A";51.25;"A";995.28;"A";1026;"A";39;"A";0;"A";9;"A";31;"A";99.28;"A";67.81;"A";47.89;"A"
"2025-07-10 03:15";25.24;"A";52.1;"A";995.25;"A";413;"A";40;"A";0;"A";9;"A";30;"A";55.86;"A";37.2;"A";26.56;"A"
"2025-07-10 03:30";24.86;"A";53.62;"A";995.24;"A";220;"A";41;"A";0;"A";10;"A";30;"A";40.24;"A";23.66;"A";16.41;"A"
"2025-07-10 03:45";24.52;"A";55.04;"A";995.3;"A";195;"A";40;"A";0;"A";9;"A";31;"A";30.82;"A";16.63;"A";11.71;"A"
"2025-07-10 04:00";24.25;"A";55.62;"A";995.44;"A";176;"A";40;"A";0;"A";7;"A";33;"A";26.51;"A";15.05;"A";10.62;"A"
"2025-07-10 04:15";23.98;"A";56.37;"A";995.88;"A";161;"A";39;"A";0;"A";6;"A";33;"A";26.35;"A";14.51;"A";10.17;"A"
"2025-07-10 04:30";23.79;"A";57.23;"A";996.08;"A";168;"A";37;"A";0;"A";7;"A";30;"A";42.09;"A";18.5;"A";12.27;"A"
"2025-07-10 04:45";23.54;"A";58.36;"A";996.02;"A";173;"A";35;"A";0;"A";8;"A";27;"A";30.65;"A";15.45;"A";10.83;"A"
"2025-07-10 05:00";23.29;"A";59.49;"A";995.66;"A";179;"A";35;"A";0;"A";7;"A";28;"A";31.15;"A";17.49;"A";12.63;"A"
"2025-07-10 05:15";23.36;"A";61.4;"A";995.91;"A";207;"A";38;"A";0;"A";9;"A";30;"A";40.83;"A";24.42;"A";17.47;"A"
"2025-07-10 05:30";23.4;"A";62.34;"A";995.79;"A";173;"A";39;"A";0;"A";9;"A";30;"A";33.92;"A";18.63;"A";12.58;"A"
"2025-07-10 05:45";23.42;"A";63.2;"A";995.97;"A";183;"A";40;"A";0;"A";14;"A";26;"A";39.75;"A";22.78;"A";15.86;"A"
"2025-07-10 06:00";23.48;"A";63.87;"A";995.83;"A";247;"A";41;"A";0;"A";13;"A";28;"A";41.68;"A";25.13;"A";16.92;"A"
"2025-07-10 06:15";23.6;"A";64.4;"A";995.82;"A";194;"A";42;"A";0;"A";12;"A";30;"A";39.71;"A";21.99;"A";15.06;"A"
"2025-07-10 06:30";23.64;"A";65.09;"A";995.99;"A";231;"A";42;"A";0;"A";11;"A";31;"A";43.86;"A";25.44;"A";18.02;"A"
"2025-07-10 06:45";23.85;"A";65.62;"A";996.09;"A";361;"A";41;"A";0;"A";12;"A";29;"A";70.47;"A";42.79;"A";30.09;"A"
"2025-07-10 07:00";24.26;"A";66.26;"A";996.13;"A";847;"A";41;"A";0;"A";12;"A";29;"A";154.02;"A";101.91;"A";69.56;"A"
"2025-07-10 07:15";24.65;"A";66.91;"A";996.1;"A";1569;"A";42;"A";0;"A";13;"A";29;"A";245.93;"A";170.27;"A";119.02;"A"
"2025-07-10 07:30";25.12;"A";66.13;"A";995.99;"A";3998;"A";44;"A";0;"A";13;"A";32;"A";68.48;"A";47.96;"A";35.59;"A"
"2025-07-10 07:45";26.58;"A";62.07;"A";996.01;"A";3568;"A";45;"A";0;"A";14;"A";32;"A";230.6;"A";147.88;"A";102.39;"A"
"2025-07-10 08:00";27.9;"A";58.92;"A";996.09;"A";2527;"A";50;"A";0;"A";26;"A";24;"A";181.2;"A";121.31;"A";85.36;"A"
"2025-07-10 08:15";28.99;"A";55.25;"A";996.16;"A";2078;"A";48;"A";0;"A";13;"A";35;"A";262.58;"A";175.88;"A";122.34;"A"
"2025-07-10 08:30";29.28;"A";54.21;"A";996.15;"A";1076;"A";52;"A";0;"A";22;"A";31;"A";91.06;"A";62.43;"A";45.49;"A"
"2025-07-10 08:45";30.08;"A";51.21;"A";996.05;"A";336;"A";48;"A";0;"A";14;"A";34;"A";29.94;"A";17.72;"A";12.37;"A"
"2025-07-10 09:00";31.17;"A";47.53;"A";996.05;"A";376;"A";48;"A";0;"A";11;"A";37;"A";36.64;"A";21.99;"A";15.35;"A"
"2025-07-10 09:15";32.08;"A";41.92;"A";996.06;"A";421;"A";54;"A";0;"A";18;"A";36;"A";40.1;"A";22.4;"A";16.32;"A"
"2025-07-10 09:30";33.22;"A";39.34;"A";995.91;"A";797;"A";56;"A";0;"A";14;"A";42;"A";79.97;"A";49.14;"A";34.69;"A"
"2025-07-10 09:45";33.98;"A";36.33;"A";995.9;"A";862;"A";57;"A";0;"A";9;"A";48;"A";58.54;"A";36.15;"A";25.69;"A"
"2025-07-10 10:00";34.4;"A";34.17;"A";995.79;"A";664;"A";60;"A";0;"A";9;"A";51;"A";25.79;"A";14.92;"A";10.43;"A"
"2025-07-10 10:15";34.61;"A";33.53;"A";995.76;"A";1070;"A";60;"A";0;"A";7;"A";53;"A";23.45;"A";13.06;"A";9.09;"A"
"2025-07-10 10:30";34.89;"A";32.75;"A";995.69;"A";683;"A";59;"A";0;"A";9;"A";50;"A";20.78;"A";12.58;"A";9.27;"A"
"2025-07-10 10:45";35.26;"A";31.05;"A";995.67;"A";323;"A";63;"A";0;"A";6;"A";57;"A";16.99;"A";9.01;"A";6.33;"A"
"2025-07-10 11:00";35.64;"A";29.97;"A";995.72;"A";516;"A";60;"A";0;"A";5;"A";56;"A";27.52;"A";17.35;"A";12.34;"A"
"2025-07-10 11:15";35.84;"A";29.23;"A";995.58;"A";588;"A";62;"A";0;"A";6;"A";57;"A";30.11;"A";19.41;"A";13.93;"A"
"2025-07-10 11:30";36.07;"A";28.36;"A";995.56;"A";471;"A";60;"A";0;"A";5;"A";56;"A";23.22;"A";12.92;"A";9.26;"A"
"2025-07-10 11:45";36.36;"A";28.45;"A";995.54;"A";672;"A";60;"A";0;"A";5;"A";54;"A";19.31;"A";10.79;"A";7.93;"A"
"2025-07-10 12:00";36.42;"A";28.05;"A";995.46;"A";347;"A";60;"A";0;"A";5;"A";55;"A";14.54;"A";7.41;"A";5.21;"A"
"2025-07-10 12:15";36.82;"A";28.63;"A";995.31;"A";375;"A";59;"A";0;"A";5;"A";54;"A";19.09;"A";9.18;"A";6.68;"A"
"2025-07-10 12:30";36.94;"A";28.59;"A";995.37;"A";464;"A";58;"A";0;"A";4;"A";54;"A";18.9;"A";9.97;"A";6.65;"A"
"2025-07-10 12:45";36.95;"A";28.53;"A";995.27;"A";740;"A";57;"A";0;"A";5;"A";52;"A";53.68;"A";35.9;"A";26.42;"A"
"2025-07-10 13:00";37.06;"A";27.53;"A";995.16;"A";467;"A";57;"A";0;"A";5;"A";52;"A";33.76;"A";18.71;"A";12.76;"A"
"2025-07-10 13:15";37.61;"A";27.99;"A";995.19;"A";491;"A";58;"A";0;"A";6;"A";52;"A";35.63;"A";20.22;"A";14.71;"A"
"2025-07-10 13:30";37.62;"A";28.08;"A";995.08;"A";370;"A";57;"A";0;"A";5;"A";52;"A";31.57;"A";18.66;"A";13.65;"A"
"2025-07-10 13:45";37.95;"A";27.74;"A";995.06;"A";588;"A";55;"A";0;"A";5;"A";50;"A";23.15;"A";12.98;"A";9.03;"A"
"2025-07-10 14:00";38.31;"A";26.31;"A";994.94;"A";242;"A";54;"A";0;"A";4;"A";49;"A";17.69;"A";8.88;"A";5.66;"A"
"2025-07-10 14:15";38.27;"A";26.89;"A";994.92;"A";922;"A";55;"A";0;"A";4;"A";51;"A";17.27;"A";10.04;"A";7.06;"A"
"2025-07-10 14:30";38.18;"A";27.14;"A";994.77;"A";517;"A";55;"A";0;"A";5;"A";49;"A";19.11;"A";11.3;"A";7.54;"A"
"2025-07-10 14:45";38.2;"A";26.45;"A";994.68;"A";367;"A";55;"A";0;"A";4;"A";51;"A";21.42;"A";12.4;"A";8.78;"A"
"2025-07-10 15:00";37.79;"A";27.29;"A";994.39;"A";921;"A";56;"A";0;"A";5;"A";51;"A";20.6;"A";11.66;"A";8.31;"A"
"2025-07-10 15:15";37.63;"A";27.43;"A";994.31;"A";569;"A";55;"A";0;"A";7;"A";48;"A";25.76;"A";17.26;"A";12.08;"A"
"2025-07-10 15:30";37.81;"A";27.46;"A";994.23;"A";331;"A";54;"A";0;"A";6;"A";48;"A";21.75;"A";11.04;"A";8.11;"A"
"2025-07-10 15:45";37.32;"A";27.82;"A";994.03;"A";277;"A";55;"A";0;"A";6;"A";49;"A";21;"A";10.62;"A";7.41;"A"
"2025-07-10 16:00";37.79;"A";27.39;"A";993.9;"A";410;"A";56;"A";0;"A";6;"A";50;"A";29.88;"A";15.64;"A";10.77;"A"
"2025-07-10 16:15";38.13;"A";26.81;"A";993.7;"A";371;"A";54;"A";0;"A";4;"A";50;"A";24.86;"A";12.45;"A";8.57;"A"
"2025-07-10 16:30";34.88;"A";46.63;"A";993.83;"A";477;"A";54;"A";0;"A";21;"A";33;"A";46.06;"A";19.36;"A";12.36;"A"
"2025-07-10 16:45";31.87;"A";48.44;"A";993.47;"A";279;"A";36;"A";0;"A";19;"A";18;"A";25.87;"A";13.08;"A";9.14;"A"
"2025-07-10 17:00";31.63;"A";47.48;"A";993.65;"A";254;"A";39;"A";0;"A";20;"A";19;"A";28.68;"A";15.05;"A";10.75;"A"
"2025-07-10 17:15";31.47;"A";48.42;"A";993.98;"A";417;"A";42;"A";0;"A";15;"A";28;"A";25.94;"A";13.42;"A";9.47;"A"
"2025-07-10 17:30";29.92;"A";53.65;"A";993.89;"A";191;"A";46;"A";0;"A";10;"A";36;"A";17.93;"A";10.11;"A";6.82;"A"
"2025-07-10 17:45";28.57;"A";63.35;"A";993.78;"A";238;"A";35;"A";0;"A";10;"A";25;"A";18;"A";10.75;"A";7.36;"A"
"2025-07-10 18:00";28.31;"A";56.26;"A";994.46;"A";149;"A";39;"A";0;"A";7;"A";32;"A";19.16;"A";10.94;"A";7.62;"A"
"2025-07-10 18:15";27.75;"A";56.83;"A";994.22;"A";160;"A";45;"A";0;"A";6;"A";39;"A";16.83;"A";9.45;"A";6.77;"A"
"2025-07-10 18:30";27.56;"A";60.55;"A";993.99;"A";171;"A";44;"A";0;"A";13;"A";31;"A";17.12;"A";9.75;"A";6.74;"A"
"2025-07-10 18:45";27.68;"A";59.17;"A";994.1;"A";188;"A";43;"A";0;"A";10;"A";33;"A";17.82;"A";10.48;"A";7.74;"A"
"2025-07-10 19:00";27.87;"A";60.49;"A";994.17;"A";207;"A";42;"A";0;"A";11;"A";31;"A";19.76;"A";11.25;"A";7.85;"A"
"2025-07-10 19:15";28.06;"A";63.15;"A";994.25;"A";284;"A";38;"A";0;"A";13;"A";25;"A";18.73;"A";11.73;"A";8.59;"A"
"2025-07-10 19:30";28.25;"A";62.15;"A";994.43;"A";390;"A";35;"A";0;"A";14;"A";21;"A";20.03;"A";12.66;"A";9.19;"A"
"2025-07-10 19:45";28.1;"A";63.73;"A";994.52;"A";428;"A";42;"A";0;"A";22;"A";20;"A";22.84;"A";14.39;"A";10.38;"A"
"2025-07-10 20:00";27.81;"A";65.53;"A";994.61;"A";544;"A";35;"A";0;"A";20;"A";15;"A";27.07;"A";15.58;"A";11.1;"A"
"2025-07-10 20:15";27.52;"A";66.69;"A";994.84;"A";566;"A";37;"A";0;"A";22;"A";14;"A";25.6;"A";15.97;"A";11.33;"A"
"2025-07-10 20:30";27.33;"A";68.81;"A";994.96;"A";622;"A";32;"A";0;"A";24;"A";8;"A";27.52;"A";17.22;"A";12.02;"A"
"2025-07-10 20:45";27.15;"A";68.55;"A";995.04;"A";650;"A";32;"A";0;"A";26;"A";6;"A";26.19;"A";17.27;"A";12.33;"A"
"2025-07-10 21:00";26.94;"A";69.92;"A";995.05;"A";618;"A";33;"A";0;"A";28;"A";6;"A";27.96;"A";17.18;"A";11.85;"A"
"2025-07-10 21:15";26.78;"A";71.18;"A";995.24;"A";587;"A";32;"A";0;"A";26;"A";6;"A";28.73;"A";16.47;"A";11.92;"A"
"2025-07-10 21:30";26.8;"A";70.17;"A";995.33;"A";585;"A";31;"A";0;"A";25;"A";7;"A";30.27;"A";17.89;"A";12.32;"A"
"2025-07-10 21:45";26.88;"A";70.28;"A";995.45;"A";675;"A";30;"A";0;"A";24;"A";6;"A";27.97;"A";17.96;"A";12.68;"A"
"2025-07-10 22:00";26.92;"A";69.89;"A";995.37;"A";821;"A";33;"A";0;"A";30;"A";3;"A";30.52;"A";19.15;"A";13.84;"A"
"2025-07-10 22:15";26.81;"A";69.26;"A";995.49;"A";827;"A";36;"A";0;"A";33;"A";3;"A";28.68;"A";18.35;"A";12.69;"A"
"2025-07-10 22:30";26.68;"A";69.24;"A";995.54;"A";693;"A";39;"A";0;"A";36;"A";3;"A";28.81;"A";17.28;"A";12.24;"A"
"2025-07-10 22:45";26.51;"A";69.84;"A";995.5;"A";653;"A";36;"A";0;"A";33;"A";3;"A";27.61;"A";17.22;"A";12.31;"A"
"2025-07-10 23:00";26.25;"A";69.3;"A";995.66;"A";660;"A";38;"A";0;"A";34;"A";4;"A";29.03;"A";17.82;"A";12.86;"A"
"2025-07-10 23:15";26.03;"A";71.19;"A";995.69;"A";698;"A";36;"A";0;"A";33;"A";3;"A";29.83;"A";18.54;"A";12.96;"A"
"2025-07-10 23:30";26;"A";69.55;"A";995.69;"A";543;"A";32;"A";0;"A";24;"A";8;"A";28.71;"A";18.29;"A";13.22;"A"
"2025-07-10 23:45";25.91;"A";68.57;"A";995.88;"A";444;"A";30;"A";0;"A";16;"A";14;"A";28.36;"A";17.95;"A";13.13;"A"
"2025-07-11 00:00";25.78;"A";67.3;"A";995.92;"A";340;"A";30;"A";0;"A";10;"A";20;"A";29.1;"A";17.47;"A";12.37;"A"
"2025-07-11 00:15";25.73;"A";66.02;"A";995.93;"A";251;"A";32;"A";0;"A";8;"A";24;"A";29.3;"A";17.53;"A";12.74;"A"
"2025-07-11 00:30";25.5;"A";66.56;"A";995.95;"A";239;"A";33;"A";0;"A";9;"A";24;"A";29.88;"A";18.43;"A";13.04;"A"
"2025-07-11 00:45";25.39;"A";66.62;"A";995.98;"A";224;"A";32;"A";0;"A";9;"A";22;"A";32.03;"A";19.44;"A";13.21;"A"
"2025-07-11 01:00";25.17;"A";68.44;"A";995.99;"A";215;"A";30;"A";0;"A";11;"A";19;"A";32.79;"A";20.29;"A";14.26;"A"
"2025-07-11 01:15";24.95;"A";69.23;"A";996.07;"A";211;"A";28;"A";0;"A";9;"A";19;"A";38.01;"A";23.18;"A";16.1;"A"
"2025-07-11 01:30";24.66;"A";70.53;"A";996.11;"A";196;"A";28;"A";0;"A";8;"A";20;"A";38.73;"A";25.13;"A";18.19;"A"
"2025-07-11 01:45";24.39;"A";69.93;"A";996.07;"A";170;"A";29;"A";0;"A";5;"A";24;"A";41.45;"A";27.49;"A";20.08;"A"
"2025-07-11 02:00";24.23;"A";70.01;"A";996.38;"A";164;"A";31;"A";0;"A";5;"A";27;"A";44.9;"A";30.57;"A";21.47;"A"
"2025-07-11 02:15";24.1;"A";70.58;"A";996.41;"A";168;"A";32;"A";0;"A";5;"A";27;"A";48.03;"A";33.04;"A";23.61;"A"
"2025-07-11 02:30";24.04;"A";70.28;"A";996.41;"A";154;"A";33;"A";0;"A";6;"A";27;"A";39.12;"A";27.3;"A";19.21;"A"
"2025-07-11 02:45";23.92;"A";70.76;"A";996.6;"A";145;"A";33;"A";0;"A";4;"A";28;"A";29.94;"A";21.28;"A";15.48;"A"
"2025-07-11 03:00";23.77;"A";70.88;"A";996.65;"A";136;"A";33;"A";0;"A";4;"A";29;"A";22.5;"A";17.25;"A";12.72;"A"
"2025-07-11 03:15";23.63;"A";71.43;"A";996.71;"A";132;"A";32;"A";0;"A";4;"A";28;"A";23.06;"A";16.5;"A";12.82;"A"
"2025-07-11 03:30";23.43;"A";70.77;"A";996.79;"A";127;"A";31;"A";0;"A";4;"A";27;"A";20.39;"A";16.06;"A";12.39;"A"
"2025-07-11 03:45";23.28;"A";70.35;"A";996.9;"A";122;"A";31;"A";0;"A";4;"A";28;"A";20.24;"A";14.94;"A";11.27;"A"
"2025-07-11 04:00";23.09;"A";69.37;"A";997.06;"A";115;"A";32;"A";0;"A";3;"A";28;"A";17.98;"A";13.11;"A";9.86;"A"
"2025-07-11 04:15";22.91;"A";67.49;"A";997.14;"A";103;"A";34;"A";0;"A";4;"A";30;"A";14.06;"A";10.15;"A";7.91;"A"
"2025-07-11 04:30";22.66;"A";68.53;"A";997.17;"A";107;"A";33;"A";0;"A";4;"A";28;"A";14.92;"A";11.08;"A";8.21;"A"
"2025-07-11 04:45";22.43;"A";67.58;"A";997.34;"A";101;"A";32;"A";0;"A";5;"A";28;"A";13.06;"A";9.33;"A";6.91;"A"
"2025-07-11 05:00";22.18;"A";68.71;"A";997.46;"A";107;"A";32;"A";0;"A";5;"A";27;"A";13.99;"A";9.63;"A";6.77;"A"
"2025-07-11 05:15";21.96;"A";68.4;"A";997.52;"A";106;"A";31;"A";0;"A";5;"A";26;"A";11.57;"A";8.07;"A";6;"A"
"2025-07-11 05:30";21.79;"A";68.09;"A";997.63;"A";98;"A";31;"A";0;"A";5;"A";26;"A";10.46;"A";7.08;"A";5.04;"A"
"2025-07-11 05:45";21.58;"A";67.93;"A";997.81;"A";94;"A";30;"A";0;"A";5;"A";25;"A";8.82;"A";5.79;"A";4.13;"A"
"2025-07-11 06:00";21.47;"A";68.18;"A";998.06;"A";99;"A";30;"A";0;"A";5;"A";25;"A";7.89;"A";5.23;"A";3.56;"A"
"2025-07-11 06:15";21.42;"A";67.88;"A";998.34;"A";104;"A";30;"A";0;"A";5;"A";25;"A";7.25;"A";5.07;"A";3.34;"A"
"2025-07-11 06:30";21.56;"A";68.01;"A";998.37;"A";104;"A";29;"A";0;"A";6;"A";23;"A";6.98;"A";4.65;"A";3.38;"A"
"2025-07-11 06:45";21.78;"A";67.17;"A";998.44;"A";106;"A";30;"A";0;"A";6;"A";24;"A";8.9;"A";5.05;"A";3.52;"A"
"2025-07-11 07:00";22.05;"A";66.88;"A";998.59;"A";105;"A";29;"A";0;"A";5;"A";24;"A";6.59;"A";4.99;"A";3.46;"A"
"2025-07-11 07:15";22.31;"A";65.59;"A";998.71;"A";106;"A";30;"A";0;"A";4;"A";25;"A";6.55;"A";5.07;"A";3.73;"A"
"2025-07-11 07:30";22.61;"A";65.27;"A";998.97;"A";113;"A";30;"A";0;"A";5;"A";25;"A";7.54;"A";4.53;"A";3.24;"A"
"2025-07-11 07:45";23.72;"A";62.69;"A";999.13;"A";126;"A";30;"A";0;"A";5;"A";26;"A";6.31;"A";4.26;"A";3.19;"A"
"2025-07-11 08:00";24.88;"A";58.55;"A";999.2;"A";125;"A";29;"A";0;"A";4;"A";26;"A";7.27;"A";4.84;"A";3.16;"A"
"2025-07-11 08:15";25.7;"A";56.1;"A";999.17;"A";145;"A";33;"A";0;"A";4;"A";29;"A";8.72;"A";5.37;"A";3.76;"A"
"2025-07-11 08:30";25.24;"A";56.82;"A";999.41;"A";181;"A";37;"A";0;"A";11;"A";26;"A";9.36;"A";6.49;"A";4.64;"A"
"2025-07-11 08:45";25.27;"A";56.95;"A";999.37;"A";220;"A";36;"A";0;"A";11;"A";25;"A";13.07;"A";8.03;"A";5.89;"A"
"2025-07-11 09:00";25.65;"A";55.99;"A";999.44;"A";192;"A";36;"A";0;"A";8;"A";28;"A";10.34;"A";6.64;"A";4.8;"A"
"2025-07-11 09:15";26.51;"A";53.88;"A";999.27;"A";179;"A";35;"A";0;"A";6;"A";29;"A";7.97;"A";4.94;"A";3.42;"A"
"2025-07-11 09:30";27.66;"A";50.63;"A";999.3;"A";133;"A";38;"A";0;"A";4;"A";33;"A";6.01;"A";4.12;"A";2.73;"A"
"2025-07-11 09:45";28.38;"A";48.61;"A";999.49;"A";150;"A";39;"A";0;"A";5;"A";34;"A";6.56;"A";3.78;"A";2.75;"A"
"2025-07-11 10:00";28.72;"A";47.56;"A";999.57;"A";181;"A";41;"A";0;"A";5;"A";36;"A";14.31;"A";9.45;"A";6.77;"A"
"2025-07-11 10:15";28.77;"A";48.41;"A";999.63;"A";181;"A";43;"A";0;"A";6;"A";37;"A";6.48;"A";4.29;"A";3.11;"A"
"2025-07-11 10:30";28.77;"A";48.81;"A";999.78;"A";189;"A";43;"A";0;"A";6;"A";37;"A";11.25;"A";7.75;"A";5.43;"A"
"2025-07-11 10:45";29.26;"A";48.64;"A";999.95;"A";168;"A";43;"A";0;"A";5;"A";38;"A";6.96;"A";4.88;"A";3.4;"A"
"2025-07-11 11:00";29.22;"A";48.23;"A";1000.03;"A";181;"A";46;"A";0;"A";6;"A";40;"A";8.05;"A";4.96;"A";3.5;"A"
"2025-07-11 11:15";29.37;"A";47.96;"A";1000.21;"A";204;"A";47;"A";0;"A";6;"A";41;"A";7.74;"A";4.5;"A";3.19;"A"
"2025-07-11 11:30";29.77;"A";47.25;"A";1000.24;"A";161;"A";47;"A";0;"A";5;"A";42;"A";6.6;"A";4.22;"A";3.12;"A"
"2025-07-11 11:45";30.02;"A";46.23;"A";1000.17;"A";162;"A";50;"A";0;"A";5;"A";45;"A";7.82;"A";4.61;"A";3.3;"A"
"2025-07-11 12:00";30.43;"A";45.22;"A";1000.22;"A";177;"A";52;"A";0;"A";5;"A";46;"A";6.69;"A";4.81;"A";3.48;"A"
"2025-07-11 12:15";30.49;"A";45.06;"A";1000.24;"A";189;"A";52;"A";0;"A";6;"A";46;"A";8.34;"A";5.17;"A";3.67;"A"
"2025-07-11 12:30";30.71;"A";43.75;"A";1000.37;"A";208;"A";53;"A";0;"A";6;"A";47;"A";7.57;"A";4.74;"A";3.5;"A"
"2025-07-11 12:45";31.07;"A";42.62;"A";1000.47;"A";173;"A";54;"A";0;"A";5;"A";48;"A";7.36;"A";4.7;"A";3.34;"A"
"2025-07-11 13:00";31.43;"A";40.26;"A";1000.46;"A";159;"A";54;"A";0;"A";5;"A";49;"A";6.95;"A";4.65;"A";3.26;"A"
"2025-07-11 13:15";31.95;"A";38.91;"A";1000.46;"A";177;"A";56;"A";0;"A";7;"A";49;"A";7.4;"A";5.28;"A";3.91;"A"
"2025-07-11 13:30";32.27;"A";37.32;"A";1000.47;"A";169;"A";57;"A";0;"A";6;"A";51;"A";7.49;"A";4.43;"A";3.21;"A"
"2025-07-11 13:45";32.85;"A";36.77;"A";1000.52;"A";198;"A";57;"A";0;"A";7;"A";50;"A";6.72;"A";3.95;"A";2.93;"A"
"2025-07-11 14:00";33.3;"A";35.7;"A";1000.56;"A";187;"A";57;"A";0;"A";6;"A";51;"A";7.05;"A";4.87;"A";3.6;"A"
"2025-07-11 14:15";33.54;"A";35.42;"A";1000.56;"A";181;"A";59;"A";0;"A";7;"A";52;"A";6.91;"A";3.9;"A";2.86;"A"
"2025-07-11 14:30";33.87;"A";34.76;"A";1000.66;"A";190;"A";59;"A";0;"A";8;"A";52;"A";5.58;"A";3.6;"A";2.76;"A"
"2025-07-11 14:45";34.38;"A";33.4;"A";1000.66;"A";189;"A";59;"A";0;"A";6;"A";53;"A";6.31;"A";4.27;"A";2.78;"A"
"2025-07-11 15:00";34.47;"A";33.06;"A";1000.56;"A";171;"A";60;"A";0;"A";5;"A";55;"A";6.7;"A";3.84;"A";2.74;"A"
"2025-07-11 15:15";34.6;"A";32.2;"A";1000.48;"A";183;"A";60;"A";0;"A";5;"A";54;"A";6.93;"A";3.91;"A";2.9;"A"
"2025-07-11 15:30";34.76;"A";31.54;"A";1000.36;"A";324;"A";63;"A";0;"A";7;"A";56;"A";7.04;"A";4.46;"A";3.11;"A"
"2025-07-11 15:45";34.65;"A";30.74;"A";1000.31;"A";202;"A";62;"A";0;"A";6;"A";56;"A";8.23;"A";5.27;"A";3.75;"A"
"2025-07-11 16:00";35.3;"A";30.08;"A";1000.36;"A";166;"A";60;"A";0;"A";5;"A";55;"A";7.57;"A";4.92;"A";3.33;"A"
"2025-07-11 16:15";35.43;"A";29.25;"A";1000.36;"A";156;"A";61;"A";0;"A";5;"A";56;"A";6.45;"A";3.7;"A";2.62;"A"
"2025-07-11 16:30";35.7;"A";28.54;"A";1000.3;"A";167;"A";59;"A";0;"A";6;"A";53;"A";8.29;"A";5.15;"A";3.39;"A"
"2025-07-11 16:45";35.55;"A";28.15;"A";1000.22;"A";156;"A";60;"A";0;"A";5;"A";56;"A";5.79;"A";3.35;"A";2.32;"A"
"2025-07-11 17:00";35.38;"A";28.41;"A";1000.28;"A";172;"A";60;"A";0;"A";6;"A";54;"A";5.57;"A";3.03;"A";2;"A"
"2025-07-11 17:15";34.89;"A";29.11;"A";1000.05;"A";159;"A";60;"A";0;"A";6;"A";54;"A";5.45;"A";2.81;"A";1.93;"A"
"2025-07-11 17:30";34.6;"A";29.45;"A";1000.15;"A";165;"A";59;"A";0;"A";5;"A";54;"A";5.13;"A";2.96;"A";2.07;"A"
"2025-07-11 17:45";34.36;"A";29.39;"A";1000.04;"A";185;"A";57;"A";0;"A";5;"A";53;"A";6.78;"A";3.65;"A";2.44;"A"
"2025-07-11 18:00";34.11;"A";29.66;"A";1000.25;"A";145;"A";57;"A";0;"A";5;"A";51;"A";5.67;"A";2.87;"A";2.06;"A"
"2025-07-11 18:15";33.89;"A";29.22;"A";1000.38;"A";137;"A";56;"A";0;"A";5;"A";52;"A";5.09;"A";2.84;"A";1.85;"A"
"2025-07-11 18:30";33.6;"A";30.16;"A";1000.41;"A";168;"A";56;"A";0;"A";5;"A";51;"A";5.34;"A";3.04;"A";2.06;"A"
"2025-07-11 18:45";33.31;"A";30.19;"A";1000.46;"A";147;"A";56;"A";0;"A";6;"A";49;"A";5.6;"A";2.97;"A";1.98;"A"
"2025-07-11 19:00";33.01;"A";30.71;"A";1000.59;"A";137;"A";54;"A";0;"A";5;"A";49;"A";6.12;"A";2.89;"A";1.98;"A"
"2025-07-11 19:15";32.74;"A";31.78;"A";1000.71;"A";147;"A";54;"A";0;"A";6;"A";49;"A";5.91;"A";3.14;"A";2.22;"A"
"2025-07-11 19:30";32.43;"A";31.74;"A";1000.67;"A";159;"A";53;"A";0;"A";6;"A";47;"A";6.07;"A";2.93;"A";2.07;"A"
"2025-07-11 19:45";32.15;"A";32.09;"A";1000.83;"A";148;"A";53;"A";0;"A";6;"A";47;"A";5.71;"A";3.37;"A";2.05;"A"
"2025-07-11 20:00";31.91;"A";32.59;"A";1000.94;"A";149;"A";51;"A";0;"A";6;"A";45;"A";6.78;"A";3.33;"A";2.06;"A"
"2025-07-11 20:15";31.62;"A";33.45;"A";1001.08;"A";156;"A";51;"A";0;"A";7;"A";44;"A";7.08;"A";3.57;"A";2.26;"A"
"2025-07-11 20:30";31.27;"A";35.17;"A";1001.14;"A";161;"A";51;"A";0;"A";6;"A";45;"A";6.73;"A";3.28;"A";2.22;"A"
"2025-07-11 20:45";30.91;"A";35.75;"A";1001.16;"A";150;"A";50;"A";0;"A";6;"A";44;"A";6.18;"A";3.23;"A";2.05;"A"
"2025-07-11 21:00";30.53;"A";36.5;"A";1001.23;"A";164;"A";49;"A";0;"A";7;"A";42;"A";6.41;"A";3.03;"A";1.93;"A"
"2025-07-11 21:15";30.17;"A";37.1;"A";1001.45;"A";166;"A";47;"A";0;"A";7;"A";40;"A";8.53;"A";4.38;"A";3.2;"A"
"2025-07-11 21:30";29.82;"A";37.66;"A";1001.49;"A";148;"A";46;"A";0;"A";9;"A";38;"A";8.9;"A";4.64;"A";3.12;"A"
"2025-07-11 21:45";29.38;"A";38.78;"A";1001.45;"A";150;"A";46;"A";0;"A";8;"A";38;"A";9.21;"A";3.79;"A";2.54;"A"
"2025-07-11 22:00";28.99;"A";39.83;"A";1001.58;"A";151;"A";45;"A";0;"A";7;"A";38;"A";11.74;"A";4.87;"A";3.2;"A"
"2025-07-11 22:15";28.56;"A";41.14;"A";1001.64;"A";149;"A";43;"A";0;"A";8;"A";36;"A";10.86;"A";5.05;"A";3.16;"A"
"2025-07-11 22:30";28.16;"A";41.95;"A";1001.62;"A";138;"A";43;"A";0;"A";6;"A";37;"A";9.29;"A";4.23;"A";2.66;"A"
"2025-07-11 22:45";27.81;"A";43.18;"A";1001.64;"A";140;"A";43;"A";0;"A";6;"A";37;"A";7.33;"A";3.65;"A";2.51;"A"
"2025-07-11 23:00";27.5;"A";44.54;"A";1001.67;"A";141;"A";42;"A";0;"A";6;"A";37;"A";7.3;"A";3.55;"A";2.51;"A"
"2025-07-11 23:15";27.23;"A";45.68;"A";1001.91;"A";134;"A";42;"A";0;"A";5;"A";37;"A";13.27;"A";7.27;"A";4.89;"A"
"2025-07-11 23:30";27.06;"A";46.36;"A";1002.09;"A";137;"A";40;"A";0;"A";5;"A";35;"A";16.45;"A";9.54;"A";6.68;"A"
"2025-07-11 23:45";26.92;"A";46.81;"A";1002.11;"A";135;"A";40;"A";0;"A";4;"A";36;"A";19.58;"A";11.84;"A";7.95;"A"
"2025-07-12 00:00";26.83;"A";46.73;"A";1002.03;"A";138;"A";40;"A";0;"A";5;"A";35;"A";20.74;"A";13.48;"A";9.51;"A"
"2025-07-12 00:15";26.78;"A";46.25;"A";1001.98;"A";138;"A";41;"A";0;"A";5;"A";36;"A";19.92;"A";13.03;"A";9.02;"A"
"2025-07-12 00:30";26.75;"A";46.53;"A";1002.03;"A";127;"A";42;"A";0;"A";5;"A";37;"A";17.08;"A";10.23;"A";7.51;"A"
"2025-07-12 00:45";26.63;"A";46.92;"A";1002.29;"A";122;"A";42;"A";0;"A";7;"A";34;"A";19.07;"A";10.3;"A";7.09;"A"
"2025-07-12 01:00";26.36;"A";48.54;"A";1002.41;"A";118;"A";39;"A";0;"A";10;"A";29;"A";21.66;"A";10.8;"A";7.5;"A"
"2025-07-12 01:15";26.06;"A";49.56;"A";1002.36;"A";117;"A";39;"A";0;"A";7;"A";32;"A";19.39;"A";9.37;"A";6.36;"A"
"2025-07-12 01:30";25.71;"A";51.31;"A";1002.4;"A";118;"A";38;"A";0;"A";8;"A";30;"A";18.4;"A";8.58;"A";5.72;"A"
"2025-07-12 01:45";25.36;"A";53.25;"A";1002.53;"A";115;"A";37;"A";0;"A";13;"A";23;"A";19.1;"A";9.86;"A";6.7;"A"
"2025-07-12 02:00";25.18;"A";54.67;"A";1002.71;"A";111;"A";36;"A";0;"A";11;"A";26;"A";11.85;"A";6.07;"A";3.89;"A"
"2025-07-12 02:15";25.06;"A";55.66;"A";1002.66;"A";103;"A";37;"A";0;"A";8;"A";29;"A";7.52;"A";3.83;"A";2.64;"A"
"2025-07-12 02:30";25.01;"A";56.62;"A";1002.52;"A";101;"A";38;"A";0;"A";6;"A";32;"A";6.55;"A";3.25;"A";2.21;"A"
"2025-07-12 02:45";24.88;"A";57.93;"A";1002.57;"A";101;"A";38;"A";0;"A";5;"A";33;"A";4.78;"A";3.09;"A";2.06;"A"
"2025-07-12 03:00";24.75;"A";59.06;"A";1002.63;"A";101;"A";38;"A";0;"A";5;"A";33;"A";5.62;"A";2.87;"A";2.05;"A"
"2025-07-12 03:15";24.67;"A";59.74;"A";1002.86;"A";100;"A";37;"A";0;"A";7;"A";30;"A";7.42;"A";4.4;"A";2.93;"A"
"2025-07-12 03:30";24.63;"A";59.89;"A";1003.04;"A";99;"A";38;"A";0;"A";7;"A";31;"A";9.8;"A";4.83;"A";3.58;"A"
"2025-07-12 03:45";24.63;"A";60.11;"A";1003.12;"A";99;"A";38;"A";0;"A";6;"A";33;"A";7.49;"A";4.42;"A";3.21;"A"
"2025-07-12 04:00";24.48;"A";60.7;"A";1003.14;"A";97;"A";39;"A";0;"A";5;"A";35;"A";5.73;"A";3.21;"A";2.53;"A"
"2025-07-12 04:15";24.37;"A";61;"A";1003.28;"A";98;"A";39;"A";0;"A";5;"A";33;"A";5.92;"A";3.75;"A";2.67;"A"
"2025-07-12 04:30";24.3;"A";61.12;"A";1003.31;"A";96;"A";39;"A";0;"A";5;"A";34;"A";6.73;"A";4.36;"A";3.13;"A"
"2025-07-12 04:45";24.23;"A";60.94;"A";1003.4;"A";99;"A";39;"A";0;"A";4;"A";34;"A";11.13;"A";5.54;"A";3.92;"A"
"2025-07-12 05:00";24.19;"A";60.96;"A";1003.48;"A";102;"A";39;"A";0;"A";7;"A";32;"A";11.94;"A";5.76;"A";4.11;"A"
"2025-07-12 05:15";24.05;"A";61.75;"A";1003.44;"A";110;"A";39;"A";0;"A";9;"A";30;"A";12.45;"A";7.9;"A";5.72;"A"
"2025-07-12 05:30";23.81;"A";63.01;"A";1003.55;"A";110;"A";38;"A";0;"A";10;"A";28;"A";14.89;"A";8.97;"A";6.64;"A"
"2025-07-12 05:45";23.77;"A";63.1;"A";1003.62;"A";101;"A";37;"A";0;"A";8;"A";29;"A";13.6;"A";7.09;"A";4.89;"A"
"2025-07-12 06:00";23.74;"A";62.94;"A";1003.59;"A";97;"A";38;"A";0;"A";8;"A";30;"A";6.82;"A";4.74;"A";3.2;"A"
"2025-07-12 06:15";23.72;"A";62.93;"A";1003.62;"A";100;"A";38;"A";0;"A";7;"A";30;"A";9.28;"A";5.24;"A";3.5;"A"
"2025-07-12 06:30";23.85;"A";62.2;"A";1003.51;"A";106;"A";37;"A";0;"A";8;"A";29;"A";9.75;"A";5.08;"A";3.43;"A"
"2025-07-12 06:45";24.14;"A";61.01;"A";1003.52;"A";108;"A";37;"A";0;"A";7;"A";30;"A";8.23;"A";5.23;"A";3.8;"A"
"2025-07-12 07:00";24.63;"A";59.2;"A";1003.6;"A";108;"A";37;"A";0;"A";6;"A";31;"A";7.93;"A";4.95;"A";3.4;"A"
"2025-07-12 07:15";24.82;"A";58;"A";1003.73;"A";102;"A";38;"A";0;"A";6;"A";33;"A";6.31;"A";4.1;"A";2.94;"A"
"2025-07-12 07:30";25.24;"A";56.97;"A";1003.73;"A";106;"A";39;"A";0;"A";6;"A";34;"A";6.19;"A";3.94;"A";2.78;"A"
"2025-07-12 07:45";26.65;"A";53.02;"A";1003.82;"A";118;"A";38;"A";0;"A";5;"A";33;"A";9.83;"A";6.42;"A";4.54;"A"
"2025-07-12 08:00";27.85;"A";50.08;"A";1003.93;"A";121;"A";39;"A";0;"A";4;"A";35;"A";8.77;"A";4.85;"A";3.41;"A"
"2025-07-12 08:15";28.58;"A";48.16;"A";1003.75;"A";130;"A";41;"A";0;"A";5;"A";36;"A";9.67;"A";6.09;"A";4.21;"A"
"2025-07-12 08:30";28.68;"A";47.63;"A";1003.89;"A";141;"A";43;"A";0;"A";5;"A";38;"A";9.19;"A";5.72;"A";4.09;"A"
"2025-07-12 08:45";28.93;"A";46.66;"A";1004.05;"A";140;"A";44;"A";0;"A";5;"A";39;"A";8.75;"A";5.74;"A";3.96;"A"
"2025-07-12 09:00";29.74;"A";44.77;"A";1004.14;"A";148;"A";43;"A";0;"A";5;"A";38;"A";8.87;"A";5.64;"A";4.08;"A"
"2025-07-12 09:15";30;"A";43.27;"A";1004.14;"A";136;"A";46;"A";0;"A";5;"A";41;"A";9.07;"A";5.06;"A";3.6;"A"
"2025-07-12 09:30";30.94;"A";41.62;"A";1004.04;"A";148;"A";45;"A";0;"A";5;"A";41;"A";9.51;"A";6.15;"A";4.38;"A"
"2025-07-12 09:45";31.63;"A";40.1;"A";1004.17;"A";151;"A";45;"A";0;"A";3;"A";42;"A";8.8;"A";5.69;"A";3.87;"A"
"2025-07-12 10:00";32.03;"A";39.66;"A";1004.31;"A";158;"A";48;"A";0;"A";5;"A";43;"A";8.14;"A";4.75;"A";3.38;"A"
"2025-07-12 10:15";31.84;"A";39.4;"A";1004.31;"A";175;"A";48;"A";0;"A";5;"A";43;"A";6.8;"A";3.88;"A";2.85;"A"
"2025-07-12 10:30";31.99;"A";38.29;"A";1004.33;"A";170;"A";50;"A";0;"A";5;"A";45;"A";6.16;"A";3.47;"A";2.24;"A"
"2025-07-12 10:45";31.93;"A";36.88;"A";1004.32;"A";160;"A";53;"A";0;"A";7;"A";47;"A";8.83;"A";4.7;"A";3.43;"A"
"2025-07-12 11:00";31.7;"A";37.66;"A";1004.39;"A";163;"A";52;"A";0;"A";7;"A";46;"A";6.23;"A";2.74;"A";1.94;"A"
"2025-07-12 11:15";31.51;"A";37.07;"A";1004.33;"A";140;"A";52;"A";0;"A";5;"A";46;"A";6.68;"A";4.12;"A";2.87;"A"
"2025-07-12 11:30";32.26;"A";36.56;"A";1004.23;"A";151;"A";50;"A";0;"A";4;"A";45;"A";8.55;"A";5.15;"A";3.93;"A"
"2025-07-12 11:45";32.48;"A";36.59;"A";1004.3;"A";152;"A";51;"A";0;"A";5;"A";46;"A";6.02;"A";3.62;"A";2.48;"A"
"2025-07-12 12:00";32.61;"A";36.23;"A";1004.35;"A";143;"A";51;"A";0;"A";4;"A";46;"A";5.67;"A";2.74;"A";2.03;"A"
"2025-07-12 12:15";32.73;"A";36.42;"A";1004.3;"A";147;"A";51;"A";0;"A";5;"A";46;"A";5.42;"A";2.8;"A";1.86;"A"
"2025-07-12 12:30";32.83;"A";35.51;"A";1004.29;"A";138;"A";52;"A";0;"A";4;"A";47;"A";7.12;"A";3.95;"A";2.69;"A"
"2025-07-12 12:45";33.25;"A";35.03;"A";1004.25;"A";142;"A";51;"A";0;"A";5;"A";46;"A";5.95;"A";3.1;"A";2.23;"A"
"2025-07-12 13:00";33.52;"A";34.2;"A";1004.13;"A";145;"A";52;"A";0;"A";5;"A";48;"A";5.69;"A";3.36;"A";2.19;"A"
"2025-07-12 13:15";34.1;"A";32.77;"A";1004.11;"A";145;"A";52;"A";0;"A";4;"A";48;"A";9.36;"A";4.93;"A";3.39;"A"
"2025-07-12 13:30";34.55;"A";31.77;"A";1004.06;"A";159;"A";53;"A";0;"A";5;"A";49;"A";6.04;"A";3.27;"A";2.25;"A"
"2025-07-12 13:45";34.86;"A";30.55;"A";1003.93;"A";141;"A";52;"A";0;"A";4;"A";48;"A";5.61;"A";3.08;"A";2.01;"A"
"2025-07-12 14:00";35.15;"A";30.07;"A";1004.07;"A";147;"A";54;"A";0;"A";4;"A";50;"A";7.05;"A";3.74;"A";2.47;"A"
"2025-07-12 14:15";35.32;"A";29.59;"A";1004.14;"A";160;"A";55;"A";0;"A";5;"A";50;"A";7.68;"A";4.37;"A";3.32;"A"
"2025-07-12 14:30";35.61;"A";28.67;"A";1004.21;"A";138;"A";56;"A";0;"A";4;"A";52;"A";6.84;"A";3.54;"A";2.4;"A"
"2025-07-12 14:45";35.45;"A";29.43;"A";1004.26;"A";150;"A";56;"A";0;"A";5;"A";51;"A";7.36;"A";3.73;"A";2.5;"A"
"2025-07-12 15:00";35.27;"A";29.43;"A";1004.18;"A";157;"A";56;"A";0;"A";4;"A";51;"A";7.13;"A";4.07;"A";2.76;"A"
"2025-07-12 15:15";35.3;"A";29.51;"A";1004.13;"A";138;"A";55;"A";0;"A";4;"A";51;"A";7.23;"A";3.84;"A";2.73;"A"
"2025-07-12 15:30";35.92;"A";28.8;"A";1003.81;"A";152;"A";54;"A";0;"A";5;"A";49;"A";8.04;"A";4.75;"A";3.36;"A"
"2025-07-12 15:45";36.29;"A";27.95;"A";1003.65;"A";142;"A";53;"A";0;"A";4;"A";49;"A";8.85;"A";4.45;"A";2.91;"A"
"2025-07-12 16:00";36.29;"A";28.02;"A";1003.6;"A";147;"A";55;"A";0;"A";4;"A";51;"A";8.41;"A";4.75;"A";3.31;"A"
"2025-07-12 16:15";36.52;"A";28.03;"A";1003.62;"A";155;"A";53;"A";0;"A";4;"A";49;"A";9.17;"A";4.12;"A";2.78;"A"
"2025-07-12 16:30";36.78;"A";27.51;"A";1003.69;"A";189;"A";55;"A";0;"A";6;"A";49;"A";16.71;"A";8.82;"A";6.47;"A"
"2025-07-12 16:45";36.37;"A";28.39;"A";1003.66;"A";154;"A";52;"A";0;"A";4;"A";48;"A";10.18;"A";4.33;"A";2.73;"A"
"2025-07-12 17:00";35.98;"A";28.76;"A";1003.6;"A";151;"A";50;"A";0;"A";3;"A";47;"A";9.78;"A";4.46;"A";2.99;"A"
"2025-07-12 17:15";35.23;"A";29.46;"A";1003.78;"A";147;"A";51;"A";0;"A";4;"A";47;"A";7.55;"A";3.96;"A";2.52;"A"
"2025-07-12 17:30";34.58;"A";30.24;"A";1003.65;"A";147;"A";50;"A";0;"A";4;"A";46;"A";8.19;"A";3.68;"A";2.54;"A"
"2025-07-12 17:45";33.83;"A";31.03;"A";1003.59;"A";140;"A";50;"A";0;"A";5;"A";45;"A";9.76;"A";4.07;"A";2.8;"A"
"2025-07-12 18:00";33.43;"A";31.51;"A";1003.61;"A";135;"A";48;"A";0;"A";5;"A";44;"A";18.19;"A";6.61;"A";3.86;"A"
"2025-07-12 18:15";33;"A";32.21;"A";1003.67;"A";126;"A";48;"A";0;"A";5;"A";44;"A";7.71;"A";3.84;"A";2.64;"A"
"2025-07-12 18:30";32.6;"A";32.81;"A";1003.71;"A";127;"A";48;"A";0;"A";4;"A";44;"A";7.19;"A";3.97;"A";2.39;"A"
"2025-07-12 18:45";32.36;"A";33.09;"A";1003.85;"A";132;"A";47;"A";0;"A";5;"A";42;"A";7.44;"A";3.84;"A";2.67;"A"
"2025-07-12 19:00";32.1;"A";33.45;"A";1003.84;"A";122;"A";48;"A";0;"A";4;"A";43;"A";8.79;"A";4.04;"A";2.66;"A"
"2025-07-12 19:15";31.93;"A";33.92;"A";1003.89;"A";125;"A";47;"A";0;"A";4;"A";43;"A";7.29;"A";3.85;"A";2.43;"A"
"2025-07-12 19:30";31.62;"A";33.94;"A";1003.89;"A";117;"A";48;"A";0;"A";5;"A";43;"A";8.44;"A";3.88;"A";2.64;"A"
"2025-07-12 19:45";31.33;"A";34.42;"A";1004.09;"A";128;"A";47;"A";0;"A";4;"A";43;"A";7.85;"A";3.79;"A";2.63;"A"
"2025-07-12 20:00";31.11;"A";34.54;"A";1004.17;"A";104;"A";47;"A";0;"A";4;"A";43;"A";6.3;"A";3.53;"A";2.53;"A"
"2025-07-12 20:15";30.86;"A";35.01;"A";1004.14;"A";110;"A";47;"A";0;"A";4;"A";43;"A";6.92;"A";3.86;"A";2.65;"A"
"2025-07-12 20:30";30.57;"A";35.44;"A";1004.08;"A";110;"A";47;"A";0;"A";5;"A";42;"A";6.31;"A";3.55;"A";2.51;"A"
"2025-07-12 20:45";30.29;"A";35.8;"A";1004.25;"A";106;"A";45;"A";0;"A";5;"A";40;"A";7.92;"A";4.04;"A";2.6;"A"
"2025-07-12 21:00";30.03;"A";35.92;"A";1004.54;"A";102;"A";46;"A";0;"A";4;"A";42;"A";5.92;"A";3.28;"A";2.26;"A"
"2025-07-12 21:15";29.85;"A";36.38;"A";1004.56;"A";106;"A";46;"A";0;"A";6;"A";40;"A";7.25;"A";3.57;"A";2.47;"A"
"2025-07-12 21:30";29.62;"A";36.78;"A";1004.61;"A";107;"A";44;"A";0;"A";7;"A";37;"A";8.33;"A";3.78;"A";2.7;"A"
"2025-07-12 21:45";29.35;"A";37.29;"A";1004.58;"A";104;"A";44;"A";0;"A";6;"A";38;"A";7.95;"A";3.62;"A";2.55;"A"
"2025-07-12 22:00";29.11;"A";37.89;"A";1004.56;"A";109;"A";44;"A";0;"A";9;"A";35;"A";7.95;"A";3.63;"A";2.77;"A"
"2025-07-12 22:15";28.88;"A";38.38;"A";1004.48;"A";104;"A";43;"A";0;"A";7;"A";35;"A";6.86;"A";3.81;"A";2.57;"A"
"2025-07-12 22:30";28.64;"A";38.67;"A";1004.45;"A";110;"A";41;"A";0;"A";6;"A";36;"A";7.34;"A";4.11;"A";2.78;"A"
"2025-07-12 22:45";28.42;"A";38.8;"A";1004.55;"A";115;"A";42;"A";0;"A";6;"A";36;"A";9.53;"A";4.43;"A";2.96;"A"
"2025-07-12 23:00";28.19;"A";39.87;"A";1004.62;"A";109;"A";42;"A";0;"A";5;"A";37;"A";9.24;"A";4.72;"A";3.08;"A"
"2025-07-12 23:15";27.98;"A";40.86;"A";1004.6;"A";110;"A";42;"A";0;"A";4;"A";38;"A";8.98;"A";4.9;"A";3.46;"A"
"2025-07-12 23:30";27.74;"A";42.01;"A";1004.71;"A";100;"A";42;"A";0;"A";4;"A";38;"A";9.66;"A";4.91;"A";3.24;"A"
"2025-07-12 23:45";27.54;"A";42.9;"A";1004.79;"A";95;"A";41;"A";0;"A";5;"A";36;"A";10.52;"A";4.99;"A";3.36;"A"
"2025-07-13 00:00";27.31;"A";44.01;"A";1004.88;"A";99;"A";40;"A";0;"A";5;"A";35;"A";9.67;"A";4.71;"A";3.31;"A"
"2025-07-13 00:15";27.1;"A";45.22;"A";1004.92;"A";102;"A";40;"A";0;"A";6;"A";34;"A";11.06;"A";6.21;"A";4.36;"A"
"2025-07-13 00:30";26.82;"A";46.59;"A";1004.99;"A";100;"A";39;"A";0;"A";10;"A";29;"A";11.47;"A";6.6;"A";4.58;"A"
"2025-07-13 00:45";26.63;"A";47.8;"A";1004.96;"A";104;"A";39;"A";0;"A";10;"A";29;"A";10.37;"A";6.17;"A";4.23;"A"
"2025-07-13 01:00";26.47;"A";48.88;"A";1004.95;"A";97;"A";38;"A";0;"A";9;"A";29;"A";8.13;"A";5.01;"A";3.57;"A"
"2025-07-13 01:15";26.27;"A";50.01;"A";1005.14;"A";96;"A";38;"A";0;"A";7;"A";31;"A";8.77;"A";4.98;"A";3.47;"A"
"2025-07-13 01:30";26.13;"A";50.93;"A";1005.21;"A";109;"A";38;"A";0;"A";8;"A";30;"A";10.47;"A";6.18;"A";4.46;"A"
"2025-07-13 01:45";26.03;"A";51.98;"A";1005.19;"A";116;"A";38;"A";0;"A";7;"A";31;"A";11.47;"A";6.78;"A";4.91;"A"
"2025-07-13 02:00";25.96;"A";52.51;"A";1005.23;"A";117;"A";37;"A";0;"A";5;"A";32;"A";9.25;"A";6.45;"A";4.74;"A"
"2025-07-13 02:15";25.89;"A";52.8;"A";1005.43;"A";110;"A";37;"A";0;"A";4;"A";33;"A";8.99;"A";6.38;"A";4.52;"A"
"2025-07-13 02:30";25.68;"A";53.23;"A";1005.46;"A";100;"A";37;"A";0;"A";5;"A";32;"A";8.82;"A";5.82;"A";4.09;"A"
"2025-07-13 02:45";25.49;"A";54.13;"A";1005.54;"A";104;"A";37;"A";0;"A";5;"A";33;"A";9.08;"A";6.02;"A";4.48;"A"
"2025-07-13 03:00";25.34;"A";55.03;"A";1005.51;"A";110;"A";36;"A";0;"A";4;"A";32;"A";9.79;"A";6.75;"A";5.04;"A"
"2025-07-13 03:15";25.19;"A";55.88;"A";1005.43;"A";115;"A";35;"A";0;"A";5;"A";30;"A";10.83;"A";7.34;"A";5.74;"A"
"2025-07-13 03:30";25.05;"A";56.79;"A";1005.47;"A";119;"A";34;"A";0;"A";5;"A";29;"A";12.48;"A";8.35;"A";6.14;"A"
"2025-07-13 03:45";24.9;"A";57.54;"A";1005.42;"A";120;"A";34;"A";0;"A";5;"A";30;"A";11.07;"A";8.27;"A";6.12;"A"
"2025-07-13 04:00";24.79;"A";58.29;"A";1005.37;"A";121;"A";35;"A";0;"A";4;"A";30;"A";12.67;"A";8.94;"A";6.55;"A"
"2025-07-13 04:15";24.63;"A";58.76;"A";1005.53;"A";127;"A";33;"A";0;"A";5;"A";29;"A";15.79;"A";11.11;"A";8.26;"A"
"2025-07-13 04:30";24.48;"A";58.84;"A";1005.57;"A";126;"A";34;"A";0;"A";8;"A";26;"A";14.31;"A";10.13;"A";7.24;"A"
"2025-07-13 04:45";24.29;"A";58.71;"A";1005.57;"A";105;"A";35;"A";0;"A";9;"A";26;"A";10.57;"A";7.29;"A";5.41;"A"
"2025-07-13 05:00";24.09;"A";59.58;"A";1005.58;"A";101;"A";34;"A";0;"A";6;"A";29;"A";9.58;"A";6.79;"A";5.03;"A"
"2025-07-13 05:15";23.9;"A";60.56;"A";1005.55;"A";103;"A";34;"A";0;"A";6;"A";28;"A";10.33;"A";7.06;"A";5.41;"A"
"2025-07-13 05:30";23.93;"A";60.94;"A";1005.78;"A";112;"A";33;"A";0;"A";9;"A";24;"A";11.42;"A";7.85;"A";5.84;"A"
"2025-07-13 05:45";24.01;"A";61.3;"A";1005.75;"A";119;"A";34;"A";0;"A";16;"A";18;"A";13.57;"A";8.35;"A";6.28;"A"
"2025-07-13 06:00";24.03;"A";62.57;"A";1005.94;"A";121;"A";34;"A";0;"A";10;"A";24;"A";13.34;"A";8.95;"A";6.46;"A"
"2025-07-13 06:15";24.13;"A";62.62;"A";1006.13;"A";129;"A";33;"A";0;"A";11;"A";23;"A";15.28;"A";9.87;"A";6.95;"A"
"2025-07-13 06:30";24.4;"A";62.74;"A";1006.2;"A";127;"A";33;"A";0;"A";15;"A";18;"A";14.14;"A";9.61;"A";7.28;"A"
"2025-07-13 06:45";24.48;"A";62.77;"A";1006.11;"A";124;"A";33;"A";0;"A";10;"A";23;"A";14.91;"A";9.18;"A";6.93;"A"
"2025-07-13 07:00";24.62;"A";62.84;"A";1006.21;"A";140;"A";32;"A";0;"A";10;"A";23;"A";14.11;"A";9.25;"A";6.56;"A"
"2025-07-13 07:15";24.86;"A";63.1;"A";1006.27;"A";134;"A";34;"A";0;"A";9;"A";24;"A";13.74;"A";8.92;"A";6.56;"A"
"2025-07-13 07:30";25.41;"A";62.95;"A";1006.38;"A";133;"A";35;"A";0;"A";8;"A";27;"A";15.01;"A";9.41;"A";6.84;"A"
"2025-07-13 07:45";26.92;"A";58.7;"A";1006.55;"A";121;"A";36;"A";0;"A";4;"A";32;"A";12.64;"A";8.39;"A";6.1;"A"
"2025-07-13 08:00";28.29;"A";54.53;"A";1006.63;"A";116;"A";40;"A";0;"A";4;"A";36;"A";11.28;"A";7.41;"A";5.68;"A"
"2025-07-13 08:15";29.21;"A";51.92;"A";1006.58;"A";135;"A";43;"A";0;"A";5;"A";39;"A";11.55;"A";7.45;"A";5.48;"A"
"2025-07-13 08:30";29.2;"A";52.37;"A";1006.64;"A";156;"A";45;"A";0;"A";7;"A";38;"A";13.55;"A";8.95;"A";6.43;"A"
"2025-07-13 08:45";29.49;"A";52.08;"A";1006.54;"A";158;"A";45;"A";0;"A";9;"A";36;"A";13.59;"A";8.54;"A";6.43;"A"
"2025-07-13 09:00";29.83;"A";50.72;"A";1006.47;"A";158;"A";46;"A";0;"A";7;"A";39;"A";14.63;"A";8.92;"A";6.37;"A"
"2025-07-13 09:15";30.16;"A";49.46;"A";1006.56;"A";162;"A";50;"A";0;"A";8;"A";42;"A";13.1;"A";8.56;"A";6.37;"A"
"2025-07-13 09:30";31.21;"A";46.71;"A";1006.63;"A";163;"A";49;"A";0;"A";6;"A";44;"A";16.38;"A";10.08;"A";7.44;"A"
"2025-07-13 09:45";32.13;"A";44.35;"A";1006.73;"A";160;"A";51;"A";0;"A";4;"A";47;"A";13.71;"A";8.95;"A";6.63;"A"
"2025-07-13 10:00";32.26;"A";43.33;"A";1006.69;"A";164;"A";53;"A";0;"A";4;"A";49;"A";12.2;"A";8;"A";5.86;"A"
"2025-07-13 10:15";32.14;"A";42.61;"A";1006.64;"A";177;"A";54;"A";0;"A";4;"A";50;"A";13.16;"A";8.76;"A";6.38;"A"
"2025-07-13 10:30";32.13;"A";41.35;"A";1006.65;"A";168;"A";55;"A";0;"A";5;"A";51;"A";10.46;"A";7.4;"A";5.36;"A"
"2025-07-13 10:45";32.58;"A";39.19;"A";1006.81;"A";153;"A";56;"A";0;"A";4;"A";52;"A";12.08;"A";7.44;"A";5.46;"A"
"2025-07-13 11:00";33;"A";36.97;"A";1006.75;"A";162;"A";58;"A";0;"A";4;"A";54;"A";11.99;"A";7.82;"A";5.78;"A"
"2025-07-13 11:15";33.07;"A";35.68;"A";1006.7;"A";190;"A";60;"A";0;"A";5;"A";55;"A";16.07;"A";11.29;"A";8.33;"A"
"2025-07-13 11:30";33.05;"A";34.79;"A";1006.69;"A";222;"A";60;"A";0;"A";5;"A";55;"A";18.34;"A";13.68;"A";11.1;"A"
"2025-07-13 11:45";33.31;"A";34.67;"A";1006.66;"A";229;"A";59;"A";0;"A";6;"A";54;"A";19.13;"A";13.88;"A";10.2;"A"
"2025-07-13 12:00";33.5;"A";32.53;"A";1006.73;"A";183;"A";59;"A";0;"A";4;"A";54;"A";11.65;"A";8.74;"A";6.31;"A"
"2025-07-13 12:15";33.55;"A";31.45;"A";1006.76;"A";148;"A";58;"A";0;"A";5;"A";54;"A";10.11;"A";6.4;"A";4.69;"A"
"2025-07-13 12:30";33.72;"A";32.16;"A";1006.83;"A";161;"A";57;"A";0;"A";5;"A";52;"A";9.08;"A";6.43;"A";4.6;"A"
"2025-07-13 12:45";33.72;"A";30.7;"A";1006.82;"A";134;"A";55;"A";0;"A";4;"A";51;"A";6.99;"A";5.12;"A";3.79;"A"
"2025-07-13 13:00";33.72;"A";29.48;"A";1006.79;"A";142;"A";58;"A";0;"A";5;"A";53;"A";7.21;"A";4.92;"A";3.72;"A"
"2025-07-13 13:15";34.25;"A";27.59;"A";1006.73;"A";121;"A";58;"A";0;"A";6;"A";53;"A";7.67;"A";5.08;"A";3.63;"A"
"2025-07-13 13:30";34.51;"A";26.84;"A";1006.72;"A";117;"A";59;"A";0;"A";6;"A";53;"A";7.86;"A";5.23;"A";3.8;"A"
"2025-07-13 13:45";34.59;"A";27.74;"A";1006.62;"A";141;"A";57;"A";0;"A";5;"A";53;"A";7.77;"A";4.88;"A";3.63;"A"
"2025-07-13 14:00";34.91;"A";27.47;"A";1006.44;"A";135;"A";57;"A";0;"A";5;"A";52;"A";7.47;"A";4.62;"A";3.5;"A"
"2025-07-13 14:15";35.54;"A";27.34;"A";1006.39;"A";135;"A";55;"A";0;"A";5;"A";50;"A";8.94;"A";5.48;"A";3.61;"A"
"2025-07-13 14:30";35.77;"A";26.7;"A";1006.34;"A";129;"A";54;"A";0;"A";3;"A";51;"A";8.28;"A";4.96;"A";3.59;"A"
"2025-07-13 14:45";35.1;"A";27;"A";1006.41;"A";140;"A";57;"A";0;"A";5;"A";51;"A";9.24;"A";5.6;"A";3.69;"A"
"2025-07-13 15:00";34.96;"A";26.72;"A";1006.36;"A";119;"A";55;"A";0;"A";4;"A";51;"A";8.04;"A";4.55;"A";3.28;"A"
"2025-07-13 15:15";34.55;"A";27.29;"A";1006.13;"A";129;"A";56;"A";0;"A";5;"A";50;"A";7.32;"A";5.01;"A";3.44;"A"
"2025-07-13 15:30";34.59;"A";26.83;"A";1006.1;"A";113;"A";54;"A";0;"A";3;"A";50;"A";7.94;"A";4.9;"A";3.48;"A"
"2025-07-13 15:45";34.56;"A";26.87;"A";1006.06;"A";116;"A";54;"A";0;"A";4;"A";50;"A";7.72;"A";4.89;"A";3.34;"A"
"2025-07-13 16:00";35.1;"A";26.02;"A";1006.11;"A";110;"A";54;"A";0;"A";5;"A";50;"A";7.76;"A";4.66;"A";3.2;"A"
"2025-07-13 16:15";35.55;"A";24.84;"A";1006.02;"A";106;"A";55;"A";0;"A";3;"A";51;"A";7.81;"A";4.3;"A";3.11;"A"
"2025-07-13 16:30";35.98;"A";24.13;"A";1006.15;"A";103;"A";55;"A";0;"A";4;"A";51;"A";7.48;"A";4.34;"A";3.06;"A"
"2025-07-13 16:45";36.03;"A";24.27;"A";1006.19;"A";109;"A";56;"A";0;"A";4;"A";52;"A";6.95;"A";4.26;"A";3.23;"A"
"2025-07-13 17:00";35.99;"A";24.13;"A";1006.19;"A";116;"A";55;"A";0;"A";4;"A";51;"A";7.82;"A";4.29;"A";3.15;"A"
"2025-07-13 17:15";35.44;"A";24.69;"A";1006.14;"A";117;"A";56;"A";0;"A";4;"A";52;"A";7.98;"A";4.26;"A";3.2;"A"
"2025-07-13 17:30";35.2;"A";25.22;"A";1005.97;"A";121;"A";54;"A";0;"A";4;"A";50;"A";7.61;"A";4.65;"A";3.31;"A"
"2025-07-13 17:45";34.91;"A";25.25;"A";1005.9;"A";110;"A";54;"A";0;"A";4;"A";50;"A";7.07;"A";4.47;"A";3.22;"A"
"2025-07-13 18:00";34.66;"A";25.66;"A";1005.94;"A";118;"A";54;"A";0;"A";5;"A";49;"A";7.1;"A";4.55;"A";3.18;"A"
"2025-07-13 18:15";34.29;"A";25.5;"A";1006.11;"A";109;"A";53;"A";0;"A";4;"A";50;"A";8.75;"A";4.32;"A";3.06;"A"
"2025-07-13 18:30";33.9;"A";25.85;"A";1006.2;"A";107;"A";54;"A";0;"A";4;"A";50;"A";7.52;"A";4.34;"A";3.15;"A"
"2025-07-13 18:45";33.57;"A";26.73;"A";1006.31;"A";112;"A";53;"A";0;"A";4;"A";49;"A";7.72;"A";4.76;"A";3.38;"A"
"2025-07-13 19:00";33.09;"A";26.8;"A";1006.18;"A";106;"A";54;"A";0;"A";5;"A";49;"A";7.21;"A";4.47;"A";3.1;"A"
"2025-07-13 19:15";32.65;"A";27.5;"A";1006.11;"A";107;"A";53;"A";0;"A";5;"A";48;"A";8.27;"A";4.77;"A";3.58;"A"
"2025-07-13 19:30";32.38;"A";27.91;"A";1006.16;"A";111;"A";53;"A";0;"A";5;"A";47;"A";6.82;"A";4.85;"A";3.72;"A"
"2025-07-13 19:45";31.98;"A";28.36;"A";1006.15;"A";108;"A";52;"A";0;"A";4;"A";48;"A";7.74;"A";5.06;"A";3.45;"A"
"2025-07-13 20:00";31.58;"A";28.9;"A";1006.19;"A";102;"A";52;"A";0;"A";4;"A";48;"A";6.83;"A";4.8;"A";3.47;"A"
"2025-07-13 20:15";31.19;"A";28.98;"A";1006.13;"A";97;"A";51;"A";0;"A";4;"A";47;"A";6.98;"A";4.46;"A";3.27;"A"
"2025-07-13 20:30";30.82;"A";28.68;"A";1006.17;"A";90;"A";52;"A";0;"A";4;"A";47;"A";7.51;"A";4.55;"A";3.08;"A"
"2025-07-13 20:45";30.47;"A";29.02;"A";1006.22;"A";92;"A";51;"A";0;"A";5;"A";46;"A";8.27;"A";5.54;"A";3.67;"A"
"2025-07-13 21:00";30.12;"A";29.53;"A";1006.24;"A";92;"A";50;"A";0;"A";5;"A";44;"A";7.46;"A";4.49;"A";3.17;"A"
"2025-07-13 21:15";29.74;"A";30.34;"A";1006.27;"A";97;"A";49;"A";0;"A";7;"A";42;"A";8.46;"A";4.47;"A";3.09;"A"
"2025-07-13 21:30";29.33;"A";31.38;"A";1006.26;"A";109;"A";47;"A";0;"A";8;"A";39;"A";10.51;"A";6.43;"A";4.46;"A"
"2025-07-13 21:45";28.97;"A";32.31;"A";1006.48;"A";131;"A";46;"A";0;"A";9;"A";37;"A";11.46;"A";7.39;"A";5.57;"A"
"2025-07-13 22:00";28.53;"A";33.23;"A";1006.55;"A";147;"A";45;"A";0;"A";7;"A";38;"A";13.15;"A";8.61;"A";6.17;"A"
"2025-07-13 22:15";28.23;"A";33.94;"A";1006.5;"A";159;"A";44;"A";0;"A";6;"A";38;"A";13.95;"A";9.5;"A";7.02;"A"
"2025-07-13 22:30";28.06;"A";34.03;"A";1006.46;"A";133;"A";44;"A";0;"A";7;"A";38;"A";13.85;"A";8.8;"A";6.44;"A"
"2025-07-13 22:45";27.84;"A";35.13;"A";1006.48;"A";114;"A";45;"A";0;"A";7;"A";38;"A";16.98;"A";8.76;"A";5.8;"A"
"2025-07-13 23:00";27.61;"A";36.86;"A";1006.53;"A";112;"A";44;"A";0;"A";6;"A";37;"A";13.35;"A";7.82;"A";5.28;"A"
"2025-07-13 23:15";27.45;"A";38.15;"A";1006.52;"A";108;"A";43;"A";0;"A";6;"A";37;"A";11.34;"A";6.88;"A";4.71;"A"
"2025-07-13 23:30";27.17;"A";39.29;"A";1006.63;"A";101;"A";42;"A";0;"A";6;"A";36;"A";11.63;"A";6.53;"A";4.44;"A"
"2025-07-13 23:45";26.95;"A";40.2;"A";1006.79;"A";94;"A";41;"A";0;"A";5;"A";36;"A";12.48;"A";6.8;"A";4.4;"A"
"2025-07-14 00:00";26.76;"A";40.88;"A";1006.65;"A";92;"A";42;"A";0;"A";6;"A";36;"A";11.19;"A";6.25;"A";4.34;"A"
"2025-07-14 00:15";26.66;"A";41.3;"A";1006.76;"A";86;"A";42;"A";0;"A";5;"A";37;"A";10.94;"A";6.08;"A";4.14;"A"
"2025-07-14 00:30";26.51;"A";41.43;"A";1006.6;"A";79;"A";43;"A";0;"A";5;"A";38;"A";11.79;"A";6.08;"A";4.21;"A"
"2025-07-14 00:45";26.29;"A";41.73;"A";1006.86;"A";79;"A";42;"A";0;"A";5;"A";37;"A";10.25;"A";5.68;"A";4.04;"A"
"2025-07-14 01:00";26.04;"A";41.87;"A";1006.91;"A";79;"A";41;"A";0;"A";5;"A";36;"A";9.17;"A";5.94;"A";4.06;"A"
"2025-07-14 01:15";25.84;"A";42.11;"A";1006.93;"A";77;"A";42;"A";0;"A";5;"A";36;"A";9.87;"A";5.49;"A";3.96;"A"
"2025-07-14 01:30";25.54;"A";42.63;"A";1006.83;"A";81;"A";41;"A";0;"A";5;"A";36;"A";9.09;"A";5.22;"A";3.77;"A"
"2025-07-14 01:45";25.32;"A";42.97;"A";1006.84;"A";83;"A";40;"A";0;"A";5;"A";35;"A";9.67;"A";6.09;"A";4.07;"A"
"2025-07-14 02:00";25.03;"A";43.69;"A";1006.98;"A";82;"A";40;"A";0;"A";6;"A";34;"A";9.68;"A";6.12;"A";4.41;"A"
"2025-07-14 02:15";24.79;"A";44.4;"A";1006.93;"A";87;"A";40;"A";0;"A";8;"A";32;"A";11.82;"A";6.83;"A";4.9;"A"
"2025-07-14 02:30";24.63;"A";45.04;"A";1006.94;"A";89;"A";39;"A";0;"A";11;"A";28;"A";11.04;"A";7.02;"A";5.27;"A"
"2025-07-14 02:45";24.42;"A";45.56;"A";1006.85;"A";88;"A";38;"A";0;"A";10;"A";29;"A";12.18;"A";7.37;"A";5.45;"A"
"2025-07-14 03:00";24.32;"A";45.63;"A";1006.74;"A";87;"A";38;"A";0;"A";9;"A";29;"A";13.06;"A";8.04;"A";5.92;"A"
"2025-07-14 03:15";24.21;"A";46.12;"A";1006.78;"A";91;"A";38;"A";0;"A";9;"A";30;"A";13.29;"A";8.11;"A";5.58;"A"
"2025-07-14 03:30";23.97;"A";47.09;"A";1006.75;"A";97;"A";38;"A";0;"A";8;"A";29;"A";12.99;"A";8.1;"A";5.89;"A"
"2025-07-14 03:45";23.8;"A";47.46;"A";1006.67;"A";101;"A";37;"A";0;"A";9;"A";29;"A";12.49;"A";7.85;"A";5.61;"A"
"2025-07-14 04:00";23.71;"A";47.92;"A";1006.69;"A";99;"A";38;"A";0;"A";8;"A";29;"A";12.13;"A";7.59;"A";5.4;"A"
"2025-07-14 04:15";23.54;"A";48.74;"A";1006.8;"A";97;"A";36;"A";0;"A";8;"A";28;"A";11.76;"A";7.27;"A";5.03;"A"
"2025-07-14 04:30";23.43;"A";49.15;"A";1006.92;"A";96;"A";36;"A";0;"A";7;"A";28;"A";10.67;"A";6.94;"A";4.98;"A"
"2025-07-14 04:45";23.25;"A";50.09;"A";1007.13;"A";96;"A";36;"A";0;"A";8;"A";28;"A";11.28;"A";7.09;"A";5.2;"A"
"2025-07-14 05:00";22.95;"A";50.95;"A";1007.03;"A";107;"A";35;"A";0;"A";8;"A";26;"A";12.07;"A";7.31;"A";5.17;"A"
"2025-07-14 05:15";22.67;"A";51.62;"A";1006.95;"A";93;"A";36;"A";0;"A";8;"A";28;"A";10.72;"A";6.91;"A";5.11;"A"
"2025-07-14 05:30";22.37;"A";52.54;"A";1006.9;"A";119;"A";34;"A";0;"A";9;"A";25;"A";13.73;"A";9.19;"A";6.71;"A"
"2025-07-14 05:45";21.99;"A";53.09;"A";1006.85;"A";207;"A";31;"A";0;"A";12;"A";19;"A";27.14;"A";17.09;"A";12.48;"A"
"2025-07-14 06:00";21.79;"A";54.48;"A";1006.71;"A";177;"A";30;"A";0;"A";13;"A";17;"A";25.18;"A";14.93;"A";10.66;"A"
"2025-07-14 06:15";21.78;"A";55.45;"A";1006.56;"A";208;"A";29;"A";0;"A";15;"A";14;"A";63.77;"A";23.49;"A";14.95;"A"
"2025-07-14 06:30";22.01;"A";55.16;"A";1006.67;"A";192;"A";31;"A";0;"A";15;"A";16;"A";18.7;"A";11.52;"A";8.08;"A"
"2025-07-14 06:45";22.26;"A";55.03;"A";1006.47;"A";177;"A";33;"A";0;"A";15;"A";18;"A";18.04;"A";10.34;"A";7.81;"A"
"2025-07-14 07:00";22.61;"A";54.51;"A";1006.53;"A";175;"A";34;"A";0;"A";17;"A";16;"A";18.08;"A";10.87;"A";7.74;"A"
"2025-07-14 07:15";23.14;"A";53.08;"A";1006.76;"A";143;"A";36;"A";0;"A";19;"A";17;"A";15.28;"A";9.62;"A";6.69;"A"
"2025-07-14 07:30";23.91;"A";50.49;"A";1006.69;"A";141;"A";38;"A";0;"A";17;"A";21;"A";15.27;"A";9.24;"A";6.68;"A"
"2025-07-14 07:45";25.73;"A";45.77;"A";1006.82;"A";150;"A";42;"A";0;"A";17;"A";25;"A";15.55;"A";9.35;"A";6.64;"A"
"2025-07-14 08:00";27.7;"A";41.34;"A";1006.96;"A";215;"A";46;"A";0;"A";19;"A";27;"A";13.52;"A";7.65;"A";5.97;"A"
"2025-07-14 08:15";28.88;"A";38.29;"A";1006.98;"A";203;"A";48;"A";0;"A";13;"A";34;"A";17.08;"A";11.25;"A";8.06;"A"
"2025-07-14 08:30";29.13;"A";37.39;"A";1006.94;"A";216;"A";52;"A";0;"A";19;"A";33;"A";16.55;"A";8.43;"A";5.93;"A"
"2025-07-14 08:45";29.6;"A";36.26;"A";1006.96;"A";251;"A";59;"A";0;"A";25;"A";34;"A";13.9;"A";8.02;"A";5.89;"A"
"2025-07-14 09:00";30.11;"A";34.63;"A";1006.82;"A";203;"A";52;"A";0;"A";10;"A";42;"A";12.8;"A";7.46;"A";5.19;"A"
"2025-07-14 09:15";30.48;"A";33.44;"A";1006.75;"A";176;"A";55;"A";0;"A";13;"A";42;"A";11.94;"A";7.54;"A";5.24;"A"
"2025-07-14 09:30";31.47;"A";31.95;"A";1006.82;"A";143;"A";55;"A";0;"A";7;"A";48;"A";7.99;"A";4.86;"A";3.46;"A"
"2025-07-14 09:45";32.09;"A";30.4;"A";1006.8;"A";141;"A";54;"A";0;"A";6;"A";48;"A";7.81;"A";4.99;"A";3.45;"A"
"2025-07-14 10:00";32.51;"A";28.99;"A";1006.75;"A";152;"A";56;"A";0;"A";6;"A";50;"A";8.12;"A";4.82;"A";3.46;"A"
"2025-07-14 10:15";32.33;"A";28.33;"A";1006.62;"A";151;"A";57;"A";0;"A";6;"A";52;"A";19.22;"A";14.44;"A";10.16;"A"
"2025-07-14 10:30";32.17;"A";28.13;"A";1006.44;"A";147;"A";59;"A";0;"A";7;"A";52;"A";8.33;"A";5.3;"A";3.7;"A"
"2025-07-14 10:45";32.58;"A";27.61;"A";1006.21;"A";127;"A";57;"A";0;"A";6;"A";52;"A";7.38;"A";4.4;"A";2.97;"A"
"2025-07-14 11:00";32.87;"A";26.9;"A";1006.22;"A";125;"A";56;"A";0;"A";5;"A";51;"A";8.73;"A";5.45;"A";3.84;"A"
"2025-07-14 11:15";32.91;"A";27.07;"A";1006.25;"A";125;"A";57;"A";0;"A";5;"A";52;"A";7.52;"A";4.84;"A";3.22;"A"
"2025-07-14 11:30";33.09;"A";26.82;"A";1006.19;"A";134;"A";55;"A";0;"A";5;"A";50;"A";7.97;"A";4.91;"A";3.81;"A"
"2025-07-14 11:45";33.26;"A";26.79;"A";1006.23;"A";122;"A";55;"A";0;"A";5;"A";50;"A";8.1;"A";4.33;"A";3.2;"A"
"2025-07-14 12:00";33.17;"A";26.6;"A";1006.11;"A";116;"A";57;"A";0;"A";5;"A";52;"A";6.6;"A";4.14;"A";3.06;"A"
"2025-07-14 12:15";33.21;"A";25.99;"A";1006.04;"A";116;"A";57;"A";0;"A";6;"A";51;"A";8.27;"A";4.91;"A";3.67;"A"
"2025-07-14 12:30";33.14;"A";25.99;"A";1005.91;"A";238;"A";59;"A";0;"A";6;"A";52;"A";6.65;"A";4.36;"A";3.12;"A"
"2025-07-14 12:45";33.03;"A";26.18;"A";1005.84;"A";179;"A";58;"A";0;"A";6;"A";52;"A";8.45;"A";4.2;"A";3.09;"A"
"2025-07-14 13:00";33.37;"A";25.61;"A";1005.7;"A";114;"A";56;"A";0;"A";9;"A";47;"A";7.09;"A";4.22;"A";2.95;"A"
"2025-07-14 13:15";33.85;"A";24.77;"A";1005.67;"A";104;"A";54;"A";0;"A";4;"A";50;"A";7.5;"A";4.37;"A";2.98;"A"
"2025-07-14 13:30";34.26;"A";23.91;"A";1005.35;"A";115;"A";57;"A";0;"A";7;"A";51;"A";6.23;"A";3.65;"A";2.86;"A"
"2025-07-14 13:45";34.61;"A";23.92;"A";1005.43;"A";112;"A";55;"A";0;"A";5;"A";50;"A";7.36;"A";4.33;"A";3.11;"A"
"2025-07-14 14:00";34.73;"A";23.77;"A";1005.43;"A";114;"A";57;"A";0;"A";6;"A";51;"A";8.2;"A";4.57;"A";3.25;"A"
"2025-07-14 14:15";34.79;"A";23.95;"A";1005.45;"A";130;"A";56;"A";0;"A";5;"A";52;"A";8.41;"A";4.71;"A";3.36;"A"
"2025-07-14 14:30";35.29;"A";23.27;"A";1005.32;"A";108;"A";58;"A";0;"A";5;"A";53;"A";7.62;"A";4.4;"A";3.15;"A"
"2025-07-14 14:45";35.49;"A";23.15;"A";1005.24;"A";103;"A";58;"A";0;"A";5;"A";53;"A";7.36;"A";4.44;"A";2.99;"A"
"2025-07-14 15:00";35.62;"A";23.22;"A";1005.12;"A";144;"A";57;"A";0;"A";5;"A";52;"A";6.71;"A";4.15;"A";2.99;"A"
"2025-07-14 15:15";35.9;"A";23.49;"A";1005.15;"A";114;"A";56;"A";0;"A";4;"A";52;"A";9.73;"A";4.85;"A";3.39;"A"
"2025-07-14 15:30";35.52;"A";23.42;"A";1005.03;"A";110;"A";55;"A";0;"A";4;"A";51;"A";6.73;"A";4.13;"A";3.19;"A"
"2025-07-14 15:45";35.91;"A";23.47;"A";1004.82;"A";119;"A";55;"A";0;"A";4;"A";51;"A";7.72;"A";4.29;"A";3.08;"A"
"2025-07-14 16:00";36.33;"A";22.72;"A";1004.61;"A";112;"A";55;"A";0;"A";4;"A";51;"A";7.63;"A";4.2;"A";3.2;"A"
"2025-07-14 16:15";36.54;"A";22.3;"A";1004.41;"A";114;"A";56;"A";0;"A";5;"A";51;"A";7.51;"A";4.63;"A";3.31;"A"
"2025-07-14 16:30";36.72;"A";21.98;"A";1004.3;"A";118;"A";55;"A";0;"A";4;"A";51;"A";7.79;"A";4.35;"A";3.15;"A"
"2025-07-14 16:45";36.54;"A";21.45;"A";1004.29;"A";107;"A";56;"A";0;"A";4;"A";52;"A";7.91;"A";4.47;"A";3.11;"A"
"2025-07-14 17:00";36.35;"A";21.66;"A";1004.14;"A";110;"A";56;"A";0;"A";3;"A";53;"A";6.14;"A";3.85;"A";2.9;"A"
"2025-07-14 17:15";35.85;"A";22.55;"A";1004.03;"A";126;"A";55;"A";0;"A";4;"A";52;"A";7.28;"A";4.59;"A";3.3;"A"
"2025-07-14 17:30";35.73;"A";22.99;"A";1004.03;"A";120;"A";55;"A";0;"A";4;"A";51;"A";7.04;"A";4.22;"A";3.07;"A"
"2025-07-14 17:45";35.24;"A";23.4;"A";1003.85;"A";115;"A";55;"A";0;"A";3;"A";52;"A";6.95;"A";4.23;"A";3.03;"A"
"2025-07-14 18:00";34.93;"A";23.91;"A";1003.75;"A";119;"A";55;"A";0;"A";4;"A";52;"A";6.03;"A";4.25;"A";3.21;"A"
"2025-07-14 18:15";34.65;"A";24.33;"A";1003.69;"A";123;"A";54;"A";0;"A";4;"A";50;"A";7.38;"A";4.77;"A";3.44;"A"
"2025-07-14 18:30";34.33;"A";24.51;"A";1003.57;"A";111;"A";54;"A";0;"A";4;"A";50;"A";7.86;"A";4.96;"A";3.43;"A"
"2025-07-14 18:45";33.95;"A";25.09;"A";1003.53;"A";114;"A";54;"A";0;"A";4;"A";50;"A";8.83;"A";5.23;"A";3.56;"A"
"2025-07-14 19:00";33.63;"A";25.63;"A";1003.4;"A";132;"A";53;"A";0;"A";4;"A";49;"A";7.86;"A";4.82;"A";3.49;"A"
"2025-07-14 19:15";33.3;"A";25.75;"A";1003.35;"A";126;"A";53;"A";0;"A";5;"A";48;"A";8.37;"A";5.13;"A";3.64;"A"
"2025-07-14 19:30";32.96;"A";25.89;"A";1003.33;"A";106;"A";54;"A";0;"A";4;"A";50;"A";7.98;"A";5.26;"A";3.82;"A"
"2025-07-14 19:45";32.55;"A";27.1;"A";1003.22;"A";149;"A";53;"A";0;"A";7;"A";46;"A";84.8;"A";28.63;"A";16.82;"A"
"2025-07-14 20:00";32.22;"A";28.12;"A";1003.43;"A";139;"A";50;"A";0;"A";5;"A";44;"A";29.37;"A";10.98;"A";6.67;"A"
"2025-07-14 20:15";31.9;"A";28.69;"A";1003.29;"A";139;"A";51;"A";0;"A";7;"A";44;"A";9.25;"A";5.82;"A";3.94;"A"
"2025-07-14 20:30";31.3;"A";29.74;"A";1003.31;"A";158;"A";49;"A";0;"A";9;"A";40;"A";8.41;"A";5.43;"A";4.19;"A"
"2025-07-14 20:45";30.65;"A";31.04;"A";1003.3;"A";230;"A";47;"A";0;"A";9;"A";38;"A";10.43;"A";6.86;"A";4.83;"A"
"2025-07-14 21:00";30.11;"A";31.95;"A";1003.28;"A";205;"A";46;"A";0;"A";11;"A";35;"A";13.33;"A";8.85;"A";6.91;"A"
"2025-07-14 21:15";29.6;"A";32.57;"A";1003.44;"A";191;"A";45;"A";0;"A";10;"A";35;"A";16.94;"A";11.69;"A";8.6;"A"
"2025-07-14 21:30";29.25;"A";33.17;"A";1003.47;"A";238;"A";45;"A";0;"A";19;"A";27;"A";19.56;"A";11.95;"A";9.01;"A"
"2025-07-14 21:45";28.98;"A";33.8;"A";1003.39;"A";197;"A";43;"A";0;"A";9;"A";34;"A";17.86;"A";11.95;"A";9.47;"A"
"2025-07-14 22:00";28.74;"A";34.27;"A";1003.4;"A";220;"A";43;"A";0;"A";10;"A";33;"A";16.02;"A";11.48;"A";8.64;"A"
"2025-07-14 22:15";28.61;"A";34.09;"A";1003.39;"A";170;"A";42;"A";0;"A";9;"A";33;"A";13.85;"A";8.94;"A";6.86;"A"
"2025-07-14 22:30";28.35;"A";34.74;"A";1003.2;"A";169;"A";42;"A";0;"A";8;"A";34;"A";15.61;"A";10.83;"A";7.85;"A"
"2025-07-14 22:45";28.09;"A";35.38;"A";1003.2;"A";162;"A";43;"A";0;"A";7;"A";36;"A";11.01;"A";7.5;"A";5.62;"A"
"2025-07-14 23:00";27.5;"A";36.93;"A";1003.19;"A";180;"A";41;"A";0;"A";7;"A";34;"A";11.56;"A";7.28;"A";5.45;"A"
"2025-07-14 23:15";26.9;"A";38.48;"A";1003.37;"A";242;"A";39;"A";0;"A";11;"A";28;"A";14.72;"A";9.17;"A";6.67;"A"
"2025-07-14 23:30";26.48;"A";39.65;"A";1003.21;"A";217;"A";38;"A";0;"A";10;"A";27;"A";16.25;"A";9.68;"A";7.26;"A"
"2025-07-14 23:45";26.25;"A";40.48;"A";1003.23;"A";191;"A";36;"A";0;"A";9;"A";27;"A";18.03;"A";12.89;"A";10.16;"A"
"2025-07-15 00:00";26.07;"A";40.66;"A";1003.25;"A";175;"A";37;"A";0;"A";9;"A";28;"A";24.3;"A";17.62;"A";13.86;"A"
"2025-07-15 00:15";25.93;"A";41.33;"A";1003.31;"A";180;"A";36;"A";0;"A";10;"A";27;"A";27.59;"A";21.61;"A";16.88;"A"
"2025-07-15 00:30";25.77;"A";41.34;"A";1003.38;"A";175;"A";39;"A";0;"A";8;"A";30;"A";27.6;"A";20.37;"A";15.76;"A"
"2025-07-15 00:45";25.56;"A";41.74;"A";1003.55;"A";173;"A";39;"A";0;"A";7;"A";32;"A";24.41;"A";17.59;"A";13.75;"A"
"2025-07-15 01:00";25.3;"A";43.34;"A";1003.35;"A";187;"A";35;"A";0;"A";8;"A";27;"A";24.62;"A";17.76;"A";13.83;"A"
"2025-07-15 01:15";24.99;"A";44.55;"A";1003.23;"A";206;"A";33;"A";0;"A";7;"A";25;"A";23.16;"A";17.47;"A";13.56;"A"
"2025-07-15 01:30";24.7;"A";45.43;"A";1003.43;"A";203;"A";33;"A";0;"A";8;"A";25;"A";22;"A";16.09;"A";12.73;"A"
"2025-07-15 01:45";24.43;"A";46.26;"A";1003.26;"A";200;"A";32;"A";0;"A";9;"A";24;"A";23.13;"A";15.96;"A";12.07;"A"
"2025-07-15 02:00";24.08;"A";48.54;"A";1003.13;"A";214;"A";31;"A";0;"A";12;"A";19;"A";20.21;"A";14.43;"A";11.09;"A"
"2025-07-15 02:15";23.8;"A";50.07;"A";1003.12;"A";216;"A";30;"A";0;"A";15;"A";14;"A";18.18;"A";13.21;"A";10.23;"A"
"2025-07-15 02:30";23.51;"A";50.43;"A";1003.04;"A";208;"A";29;"A";0;"A";12;"A";16;"A";18.83;"A";14.15;"A";10.77;"A"
"2025-07-15 02:45";23.28;"A";50.97;"A";1003.02;"A";201;"A";28;"A";0;"A";13;"A";15;"A";21.48;"A";14.75;"A";11;"A"
"2025-07-15 03:00";23.25;"A";50.94;"A";1003.02;"A";194;"A";30;"A";0;"A";20;"A";11;"A";20.06;"A";14.15;"A";10.72;"A"
"2025-07-15 03:15";23.15;"A";51.95;"A";1002.97;"A";212;"A";27;"A";0;"A";20;"A";7;"A";19.25;"A";14.32;"A";10.93;"A"
"2025-07-15 03:30";23.06;"A";53.3;"A";1002.96;"A";234;"A";27;"A";0;"A";21;"A";6;"A";21.26;"A";14.61;"A";11.06;"A"
"2025-07-15 03:45";22.83;"A";55.48;"A";1002.81;"A";264;"A";28;"A";0;"A";25;"A";3;"A";21.97;"A";14.64;"A";11.13;"A"
"2025-07-15 04:00";22.56;"A";57.51;"A";1002.67;"A";268;"A";26;"A";0;"A";24;"A";2;"A";21.23;"A";14.92;"A";11.23;"A"
"2025-07-15 04:15";22.3;"A";57.51;"A";1002.83;"A";259;"A";26;"A";0;"A";23;"A";3;"A";21.42;"A";14.96;"A";11.21;"A"
"2025-07-15 04:30";22.24;"A";58.18;"A";1002.83;"A";271;"A";27;"A";0;"A";25;"A";2;"A";21.91;"A";14.73;"A";11.51;"A"
"2025-07-15 04:45";22.18;"A";58.88;"A";1002.73;"A";290;"A";24;"A";0;"A";21;"A";3;"A";24.58;"A";16.05;"A";11.61;"A"
"2025-07-15 05:00";22.01;"A";59.71;"A";1002.81;"A";298;"A";25;"A";0;"A";22;"A";3;"A";24.3;"A";15.99;"A";11.93;"A"
"2025-07-15 05:15";21.86;"A";60.79;"A";1002.64;"A";306;"A";26;"A";0;"A";23;"A";3;"A";25.52;"A";16.73;"A";12.72;"A"
"2025-07-15 05:30";21.84;"A";61.19;"A";1002.67;"A";360;"A";24;"A";0;"A";21;"A";3;"A";26.42;"A";16.99;"A";13.1;"A"
"2025-07-15 05:45";21.87;"A";61.83;"A";1002.62;"A";378;"A";23;"A";0;"A";19;"A";4;"A";31.49;"A";19.74;"A";14.28;"A"
"2025-07-15 06:00";21.98;"A";62.41;"A";1002.64;"A";355;"A";23;"A";0;"A";19;"A";4;"A";26.4;"A";17.8;"A";13.16;"A"
"2025-07-15 06:15";22.23;"A";63.22;"A";1002.51;"A";309;"A";25;"A";0;"A";20;"A";4;"A";27.02;"A";17.94;"A";12.93;"A"
"2025-07-15 06:30";22.51;"A";63.64;"A";1002.39;"A";319;"A";24;"A";0;"A";20;"A";4;"A";26.31;"A";17.57;"A";13;"A"
"2025-07-15 06:45";22.88;"A";63.79;"A";1002.36;"A";335;"A";24;"A";0;"A";19;"A";5;"A";31.21;"A";19.14;"A";13.33;"A"
"2025-07-15 07:00";23.52;"A";62.44;"A";1002.29;"A";357;"A";26;"A";0;"A";22;"A";4;"A";30.31;"A";17.68;"A";12.81;"A"
"2025-07-15 07:15";24.09;"A";58.14;"A";1002.36;"A";338;"A";32;"A";0;"A";26;"A";6;"A";31.83;"A";19.61;"A";14.09;"A"
"2025-07-15 07:30";24.79;"A";57.63;"A";1002.22;"A";337;"A";34;"A";0;"A";28;"A";6;"A";30.8;"A";17.57;"A";12.6;"A"
"2025-07-15 07:45";26.6;"A";50.81;"A";1002.19;"A";288;"A";37;"A";0;"A";27;"A";10;"A";27.1;"A";16.03;"A";11.62;"A"
"2025-07-15 08:00";28.45;"A";45.45;"A";1002.05;"A";447;"A";44;"A";0;"A";32;"A";12;"A";30.06;"A";17.11;"A";12.4;"A"
"2025-07-15 08:15";29.37;"A";44.57;"A";1002.17;"A";653;"A";48;"A";0;"A";39;"A";9;"A";50.85;"A";30.13;"A";21.2;"A"
"2025-07-15 08:30";29.59;"A";44.77;"A";1002.14;"A";990;"A";48;"A";0;"A";37;"A";11;"A";53.52;"A";30.26;"A";21.46;"A"
"2025-07-15 08:45";29.97;"A";42.2;"A";1002.22;"A";1139;"A";53;"A";0;"A";37;"A";15;"A";56.29;"A";33.87;"A";24.83;"A"
"2025-07-15 09:00";30.5;"A";40.31;"A";1002.19;"A";1376;"A";57;"A";0;"A";37;"A";20;"A";59.66;"A";37.17;"A";27.41;"A"
"2025-07-15 09:15";30.97;"A";37.01;"A";1002.06;"A";1029;"A";61;"A";0;"A";28;"A";34;"A";42.89;"A";28.31;"A";21.06;"A"
"2025-07-15 09:30";32.04;"A";33.31;"A";1002.04;"A";498;"A";63;"A";0;"A";20;"A";43;"A";24.57;"A";14.92;"A";10.34;"A"
"2025-07-15 09:45";32.96;"A";29.75;"A";1001.74;"A";298;"A";64;"A";0;"A";14;"A";50;"A";16.51;"A";9.39;"A";6.66;"A"
"2025-07-15 10:00";33.28;"A";29.47;"A";1001.78;"A";244;"A";66;"A";0;"A";13;"A";53;"A";13.58;"A";8.59;"A";6.11;"A"
"2025-07-15 10:15";33.4;"A";29.97;"A";1001.67;"A";366;"A";69;"A";0;"A";23;"A";46;"A";19.34;"A";12.2;"A";9.09;"A"
"2025-07-15 10:30";33.36;"A";29.3;"A";1001.66;"A";238;"A";67;"A";0;"A";12;"A";55;"A";14.16;"A";8.44;"A";6.05;"A"
"2025-07-15 10:45";33.61;"A";28.38;"A";1001.49;"A";241;"A";65;"A";0;"A";10;"A";55;"A";14.49;"A";8.68;"A";6.07;"A"
"2025-07-15 11:00";33.89;"A";28.2;"A";1001.36;"A";270;"A";72;"A";0;"A";17;"A";55;"A";15.42;"A";10.96;"A";8.56;"A"
"2025-07-15 11:15";34.06;"A";27.85;"A";1001.27;"A";368;"A";71;"A";0;"A";18;"A";53;"A";15.25;"A";8.91;"A";6.47;"A"
"2025-07-15 11:30";34.25;"A";27.69;"A";1001.16;"A";250;"A";73;"A";0;"A";18;"A";55;"A";17.45;"A";8.83;"A";6.3;"A"
"2025-07-15 11:45";34.27;"A";27.03;"A";1001.16;"A";201;"A";71;"A";0;"A";10;"A";62;"A";12.55;"A";6.69;"A";5.03;"A"
"2025-07-15 12:00";34.28;"A";26.78;"A";1000.96;"A";168;"A";70;"A";0;"A";8;"A";62;"A";9.31;"A";5.64;"A";4.44;"A"
"2025-07-15 12:15";34.63;"A";26.06;"A";1000.61;"A";154;"A";66;"A";0;"A";7;"A";59;"A";10.95;"A";6.27;"A";4.44;"A"
"2025-07-15 12:30";34.75;"A";26.3;"A";1000.53;"A";170;"A";64;"A";0;"A";7;"A";57;"A";9.87;"A";6;"A";4.54;"A"
"2025-07-15 12:45";35.09;"A";25.67;"A";1000.37;"A";205;"A";63;"A";0;"A";7;"A";56;"A";11.43;"A";7.93;"A";5.97;"A"
"2025-07-15 13:00";35.42;"A";25.73;"A";1000.4;"A";164;"A";63;"A";0;"A";6;"A";58;"A";11.46;"A";6.65;"A";4.9;"A"
"2025-07-15 13:15";35.9;"A";24.66;"A";1000.23;"A";160;"A";62;"A";0;"A";6;"A";56;"A";10.37;"A";6.24;"A";4.64;"A"
"2025-07-15 13:30";36.18;"A";24.87;"A";1000.14;"A";176;"A";62;"A";0;"A";9;"A";54;"A";12.64;"A";7.95;"A";6;"A"
"2025-07-15 13:45";36.15;"A";24.16;"A";999.93;"A";145;"A";63;"A";0;"A";7;"A";56;"A";9.66;"A";5.76;"A";4.48;"A"
"2025-07-15 14:00";36.65;"A";23.79;"A";999.95;"A";165;"A";62;"A";0;"A";7;"A";55;"A";11.79;"A";6.53;"A";4.83;"A"
"2025-07-15 14:15";36.75;"A";24.17;"A";999.83;"A";159;"A";62;"A";0;"A";5;"A";56;"A";10.99;"A";7.16;"A";5.06;"A"
"2025-07-15 14:30";36.55;"A";24.19;"A";999.7;"A";182;"A";62;"A";0;"A";6;"A";56;"A";11.18;"A";8.07;"A";6.14;"A"
"2025-07-15 14:45";36.83;"A";23.49;"A";999.41;"A";143;"A";62;"A";0;"A";5;"A";58;"A";10.07;"A";6.83;"A";5.15;"A"
"2025-07-15 15:00";36.51;"A";24.46;"A";999.32;"A";147;"A";62;"A";0;"A";5;"A";56;"A";10.34;"A";7.24;"A";5.16;"A"
"2025-07-15 15:15";37.19;"A";23.68;"A";999.13;"A";170;"A";59;"A";0;"A";5;"A";55;"A";14.01;"A";10.43;"A";7.56;"A"
"2025-07-15 15:30";37.47;"A";23.05;"A";998.9;"A";145;"A";59;"A";0;"A";5;"A";55;"A";8.19;"A";5.56;"A";4.46;"A"
"2025-07-15 15:45";37.46;"A";23.22;"A";998.72;"A";181;"A";58;"A";0;"A";5;"A";54;"A";13.76;"A";10.06;"A";6.96;"A"
"2025-07-15 16:00";37.81;"A";22.72;"A";998.56;"A";142;"A";60;"A";0;"A";4;"A";56;"A";9.64;"A";6.41;"A";4.65;"A"
"2025-07-15 16:15";37.84;"A";22.13;"A";998.3;"A";155;"A";58;"A";0;"A";3;"A";54;"A";10.69;"A";7.7;"A";5.42;"A"
"2025-07-15 16:30";37.98;"A";21.73;"A";998.09;"A";223;"A";58;"A";0;"A";5;"A";54;"A";11.75;"A";7.65;"A";5.79;"A"
"2025-07-15 16:45";37.91;"A";21.99;"A";998;"A";144;"A";58;"A";0;"A";4;"A";54;"A";11.01;"A";5.88;"A";4.07;"A"
"2025-07-15 17:00";37.59;"A";22.05;"A";997.77;"A";159;"A";58;"A";0;"A";4;"A";53;"A";9.02;"A";5.54;"A";4.11;"A"
"2025-07-15 17:15";37.17;"A";22.64;"A";997.69;"A";155;"A";57;"A";0;"A";4;"A";53;"A";9.65;"A";5.3;"A";4.07;"A"
"2025-07-15 17:30";36.94;"A";22.44;"A";997.46;"A";140;"A";56;"A";0;"A";3;"A";53;"A";9.08;"A";5.42;"A";3.84;"A"
"2025-07-15 17:45";36.21;"A";23.93;"A";997.48;"A";162;"A";54;"A";0;"A";4;"A";50;"A";10.42;"A";5.3;"A";4.01;"A"
"2025-07-15 18:00";36.03;"A";23.55;"A";997.37;"A";148;"A";56;"A";0;"A";4;"A";52;"A";9.6;"A";5.46;"A";4.04;"A"
"2025-07-15 18:15";36.16;"A";23.59;"A";997.28;"A";132;"A";55;"A";0;"A";4;"A";51;"A";10.52;"A";5.88;"A";4.16;"A"
"2025-07-15 18:30";36.03;"A";23.9;"A";997.11;"A";138;"A";55;"A";0;"A";4;"A";51;"A";9.85;"A";5.8;"A";4.13;"A"
"2025-07-15 18:45";35.92;"A";24.73;"A";997.11;"A";150;"A";55;"A";0;"A";4;"A";50;"A";10.84;"A";6.53;"A";4.51;"A"
"2025-07-15 19:00";35.65;"A";25.24;"A";997.13;"A";162;"A";55;"A";0;"A";4;"A";50;"A";10.81;"A";6.55;"A";4.89;"A"
"2025-07-15 19:15";35.15;"A";27.41;"A";997.28;"A";147;"A";57;"A";0;"A";6;"A";51;"A";12.85;"A";7.09;"A";5;"A"
"2025-07-15 19:30";34.35;"A";31.31;"A";997.41;"A";184;"A";51;"A";0;"A";3;"A";48;"A";17.56;"A";8.82;"A";5.99;"A"
"2025-07-15 19:45";33.74;"A";32.47;"A";997.38;"A";168;"A";51;"A";0;"A";3;"A";47;"A";13.6;"A";7.53;"A";5.58;"A"
"2025-07-15 20:00";33.38;"A";32.77;"A";997.53;"A";155;"A";51;"A";0;"A";4;"A";48;"A";12.61;"A";7.6;"A";5.58;"A"
"2025-07-15 20:15";33.08;"A";32.98;"A";997.71;"A";141;"A";51;"A";0;"A";4;"A";47;"A";12.29;"A";7.06;"A";5.25;"A"
"2025-07-15 20:30";32.76;"A";33.07;"A";997.82;"A";144;"A";52;"A";0;"A";4;"A";48;"A";12.46;"A";7.43;"A";5.22;"A"
"2025-07-15 20:45";32.49;"A";33.76;"A";997.88;"A";136;"A";52;"A";0;"A";5;"A";47;"A";11.17;"A";6.59;"A";5.01;"A"
"2025-07-15 21:00";32.24;"A";34.37;"A";997.88;"A";142;"A";50;"A";0;"A";6;"A";44;"A";20.63;"A";9.29;"A";6.25;"A"
"2025-07-15 21:15";32.08;"A";34.33;"A";998.08;"A";132;"A";52;"A";0;"A";5;"A";47;"A";20.26;"A";10.2;"A";7.04;"A"
"2025-07-15 21:30";31.88;"A";34.71;"A";998.27;"A";143;"A";52;"A";0;"A";5;"A";47;"A";20.47;"A";10.66;"A";7.65;"A"
"2025-07-15 21:45";31.67;"A";34.48;"A";998.3;"A";145;"A";52;"A";0;"A";5;"A";47;"A";18.64;"A";11.31;"A";8.07;"A"
"2025-07-15 22:00";31.49;"A";34.6;"A";998.23;"A";145;"A";53;"A";0;"A";6;"A";47;"A";18.99;"A";11.03;"A";7.96;"A"
"2025-07-15 22:15";31.27;"A";35.15;"A";998.39;"A";141;"A";51;"A";0;"A";5;"A";46;"A";17.82;"A";10.48;"A";7.6;"A"
"2025-07-15 22:30";31;"A";35.95;"A";998.53;"A";141;"A";52;"A";0;"A";5;"A";47;"A";18.84;"A";10.16;"A";7.25;"A"
"2025-07-15 22:45";30.77;"A";36.68;"A";998.66;"A";144;"A";51;"A";0;"A";5;"A";46;"A";17.24;"A";10.19;"A";7.32;"A"
"2025-07-15 23:00";30.51;"A";37.05;"A";998.57;"A";147;"A";51;"A";0;"A";5;"A";46;"A";13.54;"A";8.61;"A";6.23;"A"
"2025-07-15 23:15";30.29;"A";37.59;"A";998.66;"A";140;"A";51;"A";0;"A";5;"A";46;"A";13.54;"A";7.94;"A";5.92;"A"
"2025-07-15 23:30";30.04;"A";38.1;"A";998.72;"A";132;"A";51;"A";0;"A";6;"A";46;"A";12.16;"A";7.85;"A";5.72;"A"
"2025-07-15 23:45";29.81;"A";38.91;"A";998.62;"A";133;"A";51;"A";0;"A";5;"A";46;"A";12.97;"A";7.84;"A";5.89;"A"
"2025-07-16 00:00";29.62;"A";39.35;"A";998.64;"A";126;"A";51;"A";0;"A";5;"A";46;"A";12.29;"A";7.96;"A";6.12;"A"
"2025-07-16 00:15";29.48;"A";39.93;"A";998.71;"A";128;"A";50;"A";0;"A";5;"A";45;"A";10.86;"A";8.07;"A";6.29;"A"
"2025-07-16 00:30";29.38;"A";40.11;"A";998.65;"A";120;"A";52;"A";0;"A";5;"A";47;"A";12.73;"A";8.7;"A";6.48;"A"
"2025-07-16 00:45";29.15;"A";40.89;"A";998.78;"A";122;"A";52;"A";0;"A";6;"A";46;"A";14.17;"A";9.3;"A";6.87;"A"
"2025-07-16 01:00";28.84;"A";41.84;"A";998.78;"A";182;"A";51;"A";0;"A";6;"A";44;"A";16.28;"A";9.53;"A";7.2;"A"
"2025-07-16 01:15";28.7;"A";42.24;"A";998.8;"A";133;"A";52;"A";0;"A";5;"A";47;"A";12.49;"A";9.11;"A";6.96;"A"
"2025-07-16 01:30";28.6;"A";42.7;"A";998.78;"A";126;"A";51;"A";0;"A";8;"A";44;"A";15.46;"A";9.41;"A";7.35;"A"
"2025-07-16 01:45";28.38;"A";43.63;"A";998.68;"A";131;"A";50;"A";0;"A";7;"A";44;"A";14.22;"A";9.46;"A";7.06;"A"
"2025-07-16 02:00";28.1;"A";44.32;"A";998.65;"A";198;"A";49;"A";0;"A";6;"A";42;"A";15.6;"A";9.77;"A";7.54;"A"
"2025-07-16 02:15";27.9;"A";44.69;"A";998.5;"A";180;"A";48;"A";0;"A";9;"A";39;"A";17.25;"A";9.95;"A";7.51;"A"
"2025-07-16 02:30";27.57;"A";45.72;"A";998.61;"A";132;"A";48;"A";0;"A";8;"A";40;"A";15.71;"A";10.16;"A";7.48;"A"
"2025-07-16 02:45";27.34;"A";46.59;"A";998.55;"A";134;"A";46;"A";0;"A";6;"A";40;"A";16.03;"A";10.1;"A";7.76;"A"
"2025-07-16 03:00";26.99;"A";47.96;"A";998.44;"A";139;"A";43;"A";0;"A";10;"A";33;"A";16.78;"A";10.66;"A";8.11;"A"
"2025-07-16 03:15";26.6;"A";49.12;"A";998.37;"A";136;"A";43;"A";0;"A";9;"A";35;"A";16.95;"A";10.49;"A";8.09;"A"
"2025-07-16 03:30";26.15;"A";50.93;"A";998.26;"A";142;"A";39;"A";0;"A";8;"A";31;"A";16.57;"A";11.66;"A";8.44;"A"
"2025-07-16 03:45";25.75;"A";51.99;"A";998.38;"A";141;"A";39;"A";0;"A";10;"A";29;"A";17;"A";11.54;"A";8.96;"A"
"2025-07-16 04:00";25.46;"A";53.04;"A";998.38;"A";152;"A";35;"A";0;"A";9;"A";26;"A";18.31;"A";11.64;"A";9.01;"A"
"2025-07-16 04:15";25.18;"A";53.55;"A";998.45;"A";165;"A";37;"A";0;"A";11;"A";27;"A";20.07;"A";14.05;"A";10.93;"A"
"2025-07-16 04:30";24.93;"A";54.02;"A";998.44;"A";159;"A";37;"A";0;"A";12;"A";25;"A";20.97;"A";13.82;"A";10.59;"A"
"2025-07-16 04:45";24.7;"A";54.71;"A";998.43;"A";148;"A";39;"A";0;"A";16;"A";23;"A";24.48;"A";15.31;"A";11.11;"A"
"2025-07-16 05:00";24.5;"A";55.7;"A";998.38;"A";154;"A";39;"A";0;"A";19;"A";19;"A";25.41;"A";16.46;"A";12.42;"A"
"2025-07-16 05:15";24.43;"A";56.21;"A";998.38;"A";137;"A";41;"A";0;"A";24;"A";16;"A";29.25;"A";18.1;"A";13.16;"A"
"2025-07-16 05:30";24.3;"A";56.68;"A";998.45;"A";138;"A";42;"A";0;"A";32;"A";10;"A";27.62;"A";16.27;"A";12.47;"A"
"2025-07-16 05:45";24.1;"A";57.62;"A";998.41;"A";148;"A";42;"A";0;"A";24;"A";18;"A";25.54;"A";15.87;"A";11.77;"A"
"2025-07-16 06:00";24.11;"A";58.09;"A";998.42;"A";150;"A";41;"A";0;"A";21;"A";20;"A";23.8;"A";15.69;"A";11.63;"A"
"2025-07-16 06:15";24.23;"A";58.92;"A";998.47;"A";192;"A";39;"A";0;"A";24;"A";15;"A";24.44;"A";15.54;"A";11.67;"A"
"2025-07-16 06:30";24.5;"A";57.56;"A";998.5;"A";196;"A";42;"A";0;"A";29;"A";13;"A";47.11;"A";20.49;"A";14.02;"A"
"2025-07-16 06:45";24.79;"A";54.71;"A";998.58;"A";126;"A";46;"A";0;"A";19;"A";27;"A";24.11;"A";14.2;"A";9.84;"A"
"2025-07-16 07:00";25.01;"A";53.71;"A";998.61;"A";121;"A";48;"A";0;"A";15;"A";33;"A";16.44;"A";11.45;"A";8.72;"A"
"2025-07-16 07:15";25.15;"A";52.95;"A";998.7;"A";125;"A";48;"A";0;"A";15;"A";34;"A";15.34;"A";11.34;"A";8.48;"A"
"2025-07-16 07:30";25.57;"A";52.59;"A";998.55;"A";142;"A";48;"A";0;"A";15;"A";33;"A";16.15;"A";11.13;"A";8.16;"A"
"2025-07-16 07:45";26.99;"A";48.05;"A";998.46;"A";155;"A";48;"A";0;"A";13;"A";36;"A";17.36;"A";11.14;"A";7.99;"A"
"2025-07-16 08:00";28.53;"A";44.59;"A";998.55;"A";147;"A";52;"A";0;"A";15;"A";37;"A";16.07;"A";8.86;"A";6.35;"A"
"2025-07-16 08:15";29.27;"A";43.18;"A";998.61;"A";155;"A";54;"A";0;"A";11;"A";43;"A";12.61;"A";7.96;"A";5.79;"A"
"2025-07-16 08:30";29.37;"A";42.61;"A";998.64;"A";151;"A";58;"A";0;"A";13;"A";46;"A";11.73;"A";7.48;"A";5.37;"A"
"2025-07-16 08:45";29.7;"A";41.76;"A";998.7;"A";173;"A";58;"A";0;"A";13;"A";44;"A";20.28;"A";12.56;"A";8.61;"A"
"2025-07-16 09:00";30.3;"A";39.69;"A";998.84;"A";147;"A";59;"A";0;"A";10;"A";49;"A";14.95;"A";8.31;"A";5.82;"A"
"2025-07-16 09:15";30.98;"A";38.36;"A";998.86;"A";819;"A";60;"A";0;"A";12;"A";48;"A";14.78;"A";8.08;"A";5.77;"A"
"2025-07-16 09:30";32.19;"A";35.75;"A";998.64;"A";233;"A";62;"A";0;"A";9;"A";54;"A";10.2;"A";6.68;"A";4.55;"A"
"2025-07-16 09:45";33.29;"A";32.75;"A";998.73;"A";148;"A";62;"A";0;"A";7;"A";55;"A";10.15;"A";6.45;"A";4.55;"A"
"2025-07-16 10:00";33.44;"A";30.58;"A";998.63;"A";137;"A";65;"A";0;"A";7;"A";58;"A";9.83;"A";4.94;"A";3.57;"A"
"2025-07-16 10:15";33.56;"A";29.82;"A";998.52;"A";135;"A";65;"A";0;"A";5;"A";59;"A";6.84;"A";4.73;"A";3.37;"A"
"2025-07-16 10:30";33.23;"A";28.68;"A";998.62;"A";136;"A";68;"A";0;"A";8;"A";60;"A";7;"A";4.04;"A";3.01;"A"
"2025-07-16 10:45";33.45;"A";28.32;"A";998.52;"A";131;"A";65;"A";0;"A";6;"A";59;"A";6.55;"A";4.23;"A";2.88;"A"
"2025-07-16 11:00";33.56;"A";26.77;"A";998.34;"A";112;"A";68;"A";0;"A";6;"A";62;"A";7.24;"A";4.46;"A";3.01;"A"
"2025-07-16 11:15";33.58;"A";26.18;"A";998.31;"A";123;"A";67;"A";0;"A";7;"A";60;"A";8.48;"A";4.55;"A";3.32;"A"
"2025-07-16 11:30";33.66;"A";27.85;"A";998.24;"A";147;"A";68;"A";0;"A";7;"A";61;"A";7.34;"A";4.87;"A";3.55;"A"
"2025-07-16 11:45";34.02;"A";27.67;"A";998.25;"A";137;"A";66;"A";0;"A";7;"A";59;"A";7.54;"A";5.23;"A";3.61;"A"
"2025-07-16 12:00";33.83;"A";27.36;"A";998.22;"A";131;"A";66;"A";0;"A";6;"A";60;"A";6.22;"A";4.23;"A";3.13;"A"
"2025-07-16 12:15";34.05;"A";27.13;"A";998.23;"A";121;"A";65;"A";0;"A";6;"A";59;"A";7.1;"A";4.2;"A";2.98;"A"
"2025-07-16 12:30";33.76;"A";27.86;"A";998.15;"A";152;"A";65;"A";0;"A";8;"A";57;"A";8.14;"A";5.3;"A";3.77;"A"
"2025-07-16 12:45";33.63;"A";27.96;"A";998.13;"A";134;"A";62;"A";0;"A";6;"A";57;"A";8.37;"A";5.07;"A";3.92;"A"
"2025-07-16 13:00";33.61;"A";28.95;"A";998.08;"A";124;"A";64;"A";0;"A";7;"A";57;"A";7.07;"A";4.4;"A";3.27;"A"
"2025-07-16 13:15";33.77;"A";28.62;"A";998.04;"A";154;"A";60;"A";0;"A";6;"A";54;"A";8.88;"A";5.54;"A";3.97;"A"
"2025-07-16 13:30";34.4;"A";26.79;"A";998.05;"A";102;"A";64;"A";0;"A";6;"A";58;"A";6.21;"A";4.15;"A";3.05;"A"
"2025-07-16 13:45";34.83;"A";26.16;"A";997.96;"A";114;"A";59;"A";0;"A";5;"A";55;"A";6.68;"A";4.24;"A";3.01;"A"
"2025-07-16 14:00";35.14;"A";26.58;"A";997.71;"A";124;"A";61;"A";0;"A";5;"A";56;"A";7.93;"A";4.62;"A";3.28;"A"
"2025-07-16 14:15";35.59;"A";26.22;"A";997.66;"A";125;"A";61;"A";0;"A";6;"A";56;"A";6.28;"A";4.25;"A";2.98;"A"
"2025-07-16 14:30";35.96;"A";26.09;"A";997.61;"A";127;"A";60;"A";0;"A";4;"A";55;"A";6.03;"A";4.03;"A";2.94;"A"
"2025-07-16 14:45";35.99;"A";25.67;"A";997.56;"A";117;"A";62;"A";0;"A";4;"A";58;"A";6.33;"A";3.98;"A";2.92;"A"
"2025-07-16 15:00";36.28;"A";25.08;"A";997.48;"A";122;"A";62;"A";0;"A";5;"A";57;"A";6.33;"A";4.11;"A";2.9;"A"
"2025-07-16 15:15";36.54;"A";24.83;"A";997.19;"A";117;"A";61;"A";0;"A";4;"A";57;"A";17.29;"A";6.99;"A";4.21;"A"
"2025-07-16 15:30";37.02;"A";23.71;"A";997.02;"A";117;"A";60;"A";0;"A";4;"A";56;"A";10.81;"A";4.49;"A";3.11;"A"
"2025-07-16 15:45";37.21;"A";23.07;"A";996.84;"A";120;"A";61;"A";0;"A";4;"A";57;"A";6.37;"A";3.79;"A";2.79;"A"
"2025-07-16 16:00";37.33;"A";23.05;"A";996.81;"A";123;"A";61;"A";0;"A";4;"A";57;"A";7.47;"A";4.37;"A";2.94;"A"
"2025-07-16 16:15";37.67;"A";22.64;"A";996.82;"A";138;"A";61;"A";0;"A";6;"A";55;"A";8.49;"A";5.5;"A";3.98;"A"
"2025-07-16 16:30";37.65;"A";22.17;"A";996.69;"A";159;"A";60;"A";0;"A";4;"A";56;"A";6.03;"A";3.97;"A";2.68;"A"
"2025-07-16 16:45";37.62;"A";22.31;"A";996.65;"A";131;"A";60;"A";0;"A";4;"A";56;"A";7.17;"A";4.1;"A";3.08;"A"
"2025-07-16 17:00";37.73;"A";22.28;"A";996.64;"A";135;"A";59;"A";0;"A";4;"A";55;"A";8.46;"A";5.44;"A";4.11;"A"
"2025-07-16 17:15";37.25;"A";22.22;"A";996.53;"A";138;"A";59;"A";0;"A";4;"A";55;"A";8.11;"A";5.57;"A";4.02;"A"
"2025-07-16 17:30";36.85;"A";22.66;"A";996.61;"A";146;"A";59;"A";0;"A";5;"A";55;"A";13.88;"A";6.49;"A";4.29;"A"
"2025-07-16 17:45";36.43;"A";23.39;"A";996.56;"A";195;"A";59;"A";0;"A";4;"A";55;"A";11.53;"A";7.3;"A";4.89;"A"
"2025-07-16 18:00";36.1;"A";23.63;"A";996.8;"A";139;"A";58;"A";0;"A";4;"A";55;"A";10.34;"A";5.05;"A";3.35;"A"
"2025-07-16 18:15";35.74;"A";23.59;"A";996.79;"A";120;"A";59;"A";0;"A";4;"A";54;"A";7;"A";4.07;"A";2.73;"A"
"2025-07-16 18:30";35.38;"A";24.39;"A";996.87;"A";129;"A";59;"A";0;"A";5;"A";54;"A";7.15;"A";4.61;"A";3.49;"A"
"2025-07-16 18:45";35.08;"A";24.75;"A";996.98;"A";126;"A";58;"A";0;"A";5;"A";54;"A";8.86;"A";5.25;"A";3.66;"A"
"2025-07-16 19:00";34.71;"A";25.15;"A";996.93;"A";126;"A";57;"A";0;"A";4;"A";53;"A";8.31;"A";5.17;"A";3.6;"A"
"2025-07-16 19:15";34.22;"A";26.25;"A";996.93;"A";123;"A";58;"A";0;"A";4;"A";53;"A";7.38;"A";4.36;"A";3.27;"A"
"2025-07-16 19:30";33.77;"A";27.58;"A";996.82;"A";150;"A";54;"A";0;"A";6;"A";48;"A";8.49;"A";5.76;"A";4.27;"A"
"2025-07-16 19:45";33.06;"A";29.24;"A";996.82;"A";238;"A";51;"A";0;"A";7;"A";44;"A";17.27;"A";12.18;"A";8.85;"A"
"2025-07-16 20:00";32.48;"A";30.01;"A";997.03;"A";250;"A";51;"A";0;"A";9;"A";42;"A";30.73;"A";14.21;"A";9.56;"A"
"2025-07-16 20:15";31.85;"A";30.97;"A";996.95;"A";266;"A";48;"A";0;"A";12;"A";36;"A";15.42;"A";9.38;"A";6.93;"A"
"2025-07-16 20:30";31.29;"A";32.09;"A";996.94;"A";281;"A";49;"A";0;"A";14;"A";35;"A";21.78;"A";11.9;"A";7.95;"A"
"2025-07-16 20:45";30.74;"A";33.04;"A";997.08;"A";331;"A";46;"A";0;"A";13;"A";33;"A";29.81;"A";18.28;"A";13.07;"A"
"2025-07-16 21:00";30.32;"A";34.81;"A";997.24;"A";339;"A";43;"A";0;"A";16;"A";27;"A";26.23;"A";14.63;"A";10.52;"A"
"2025-07-16 21:15";29.98;"A";35.24;"A";997.36;"A";395;"A";41;"A";0;"A";17;"A";24;"A";31;"A";22.24;"A";15.38;"A"
"2025-07-16 21:30";29.7;"A";34.76;"A";997.42;"A";385;"A";42;"A";0;"A";16;"A";26;"A";30.94;"A";20.35;"A";14.47;"A"
"2025-07-16 21:45";29.52;"A";34.77;"A";997.33;"A";328;"A";44;"A";0;"A";16;"A";28;"A";22.84;"A";14.35;"A";10.09;"A"
"2025-07-16 22:00";29.35;"A";35.33;"A";997.35;"A";290;"A";43;"A";0;"A";14;"A";29;"A";18.77;"A";11.18;"A";7.99;"A"
"2025-07-16 22:15";29.32;"A";35.22;"A";997.51;"A";279;"A";42;"A";0;"A";12;"A";30;"A";19.98;"A";12.13;"A";8.35;"A"
"2025-07-16 22:30";28.93;"A";38.74;"A";997.66;"A";200;"A";44;"A";0;"A";10;"A";35;"A";19.51;"A";9.85;"A";7.07;"A"
"2025-07-16 22:45";28.39;"A";41.81;"A";997.66;"A";155;"A";42;"A";0;"A";5;"A";37;"A";19.31;"A";9.46;"A";6.45;"A"
"2025-07-16 23:00";27.99;"A";43.21;"A";997.67;"A";145;"A";40;"A";0;"A";7;"A";32;"A";20.26;"A";9.98;"A";6.83;"A"
"2025-07-16 23:15";27.7;"A";44.34;"A";997.7;"A";132;"A";40;"A";0;"A";7;"A";33;"A";20.88;"A";11.14;"A";7.52;"A"
"2025-07-16 23:30";27.36;"A";45.76;"A";997.66;"A";145;"A";40;"A";0;"A";9;"A";31;"A";24.12;"A";13.18;"A";9.58;"A"
"2025-07-16 23:45";27.01;"A";47.03;"A";997.61;"A";152;"A";39;"A";0;"A";12;"A";27;"A";25.14;"A";14.98;"A";10.78;"A"
"2025-07-17 00:00";26.65;"A";48.27;"A";997.59;"A";158;"A";39;"A";0;"A";14;"A";25;"A";26.49;"A";16.3;"A";11.54;"A"
"2025-07-17 00:15";26.41;"A";49.25;"A";997.56;"A";149;"A";38;"A";0;"A";13;"A";24;"A";23.96;"A";14.2;"A";10.14;"A"
"2025-07-17 00:30";26.14;"A";50.44;"A";997.67;"A";149;"A";35;"A";0;"A";14;"A";21;"A";19.48;"A";12.7;"A";9.33;"A"
"2025-07-17 00:45";25.93;"A";50.98;"A";997.77;"A";134;"A";36;"A";0;"A";6;"A";29;"A";19.79;"A";11.09;"A";7.87;"A"
"2025-07-17 01:00";25.71;"A";52.65;"A";997.93;"A";126;"A";37;"A";0;"A";6;"A";31;"A";18.02;"A";10.63;"A";7.47;"A"
"2025-07-17 01:15";25.5;"A";54.63;"A";997.9;"A";122;"A";37;"A";0;"A";5;"A";32;"A";18.14;"A";10.85;"A";7.42;"A"
"2025-07-17 01:30";25.19;"A";55.46;"A";998.04;"A";113;"A";37;"A";0;"A";5;"A";32;"A";16.6;"A";9.6;"A";6.61;"A"
"2025-07-17 01:45";24.9;"A";56.52;"A";998.32;"A";103;"A";39;"A";0;"A";5;"A";34;"A";13.89;"A";8.21;"A";6.1;"A"
"2025-07-17 02:00";24.64;"A";57.68;"A";998.38;"A";94;"A";40;"A";0;"A";5;"A";35;"A";13.25;"A";8.39;"A";5.83;"A"
"2025-07-17 02:15";24.44;"A";58.89;"A";998.52;"A";92;"A";40;"A";0;"A";5;"A";34;"A";11.46;"A";7.93;"A";5.66;"A"
"2025-07-17 02:30";24.34;"A";59.64;"A";998.51;"A";89;"A";41;"A";0;"A";6;"A";35;"A";12.45;"A";7.87;"A";5.79;"A"
"2025-07-17 02:45";24.24;"A";60.36;"A";998.51;"A";87;"A";42;"A";0;"A";6;"A";36;"A";11.89;"A";7.98;"A";6.03;"A"
"2025-07-17 03:00";24.26;"A";60.26;"A";998.56;"A";84;"A";43;"A";0;"A";8;"A";35;"A";11.96;"A";8.48;"A";6.39;"A"
"2025-07-17 03:15";24.18;"A";60.65;"A";998.3;"A";85;"A";43;"A";0;"A";6;"A";37;"A";11.3;"A";7.92;"A";5.86;"A"
"2025-07-17 03:30";24.15;"A";60.93;"A";998.26;"A";88;"A";44;"A";0;"A";6;"A";38;"A";10.81;"A";7.61;"A";5.61;"A"
"2025-07-17 03:45";24.14;"A";60.97;"A";998.15;"A";89;"A";44;"A";0;"A";8;"A";36;"A";11.94;"A";8.46;"A";6.51;"A"
"2025-07-17 04:00";24.15;"A";60.5;"A";998.06;"A";83;"A";46;"A";0;"A";11;"A";35;"A";11.78;"A";8.92;"A";7.07;"A"
"2025-07-17 04:15";24.17;"A";60.16;"A";998.01;"A";80;"A";46;"A";0;"A";9;"A";37;"A";10.12;"A";7.22;"A";5.6;"A"
"2025-07-17 04:30";24.14;"A";60.15;"A";998.02;"A";80;"A";46;"A";0;"A";11;"A";35;"A";10.35;"A";7.37;"A";5.53;"A"
"2025-07-17 04:45";24.09;"A";60.02;"A";997.98;"A";82;"A";46;"A";0;"A";10;"A";37;"A";10.25;"A";7.6;"A";5.43;"A"
"2025-07-17 05:00";24.08;"A";59.92;"A";997.82;"A";81;"A";46;"A";0;"A";9;"A";38;"A";9.8;"A";7.32;"A";5.28;"A"
"2025-07-17 05:15";24.04;"A";60.24;"A";997.69;"A";80;"A";47;"A";0;"A";8;"A";39;"A";9.42;"A";6.97;"A";5.22;"A"
"2025-07-17 05:30";24;"A";60.73;"A";997.59;"A";86;"A";46;"A";0;"A";7;"A";39;"A";12.55;"A";8.22;"A";5.76;"A"
"2025-07-17 05:45";24.03;"A";60.84;"A";997.68;"A";91;"A";46;"A";0;"A";11;"A";35;"A";17.27;"A";10.15;"A";7.42;"A"
"2025-07-17 06:00";24.09;"A";60.82;"A";997.85;"A";98;"A";46;"A";0;"A";12;"A";34;"A";28.75;"A";12.8;"A";8.58;"A"
"2025-07-17 06:15";24.06;"A";61.15;"A";998;"A";101;"A";46;"A";0;"A";11;"A";34;"A";13.59;"A";9.22;"A";6.62;"A"
"2025-07-17 06:30";23.87;"A";61.79;"A";998.03;"A";98;"A";46;"A";0;"A";8;"A";38;"A";13.32;"A";8.28;"A";5.84;"A"
"2025-07-17 06:45";23.8;"A";62.74;"A";998.43;"A";98;"A";46;"A";0;"A";8;"A";38;"A";17.14;"A";9.59;"A";6.44;"A"
"2025-07-17 07:00";23.65;"A";64.95;"A";998.87;"A";108;"A";45;"A";0;"A";9;"A";36;"A";17.07;"A";9.65;"A";7.01;"A"
"2025-07-17 07:15";23.2;"A";70.79;"A";998.65;"A";121;"A";44;"A";0;"A";10;"A";34;"A";12.99;"A";8.74;"A";6.39;"A"
"2025-07-17 07:30";22.98;"A";72.24;"A";999.08;"A";120;"A";41;"A";0;"A";8;"A";34;"A";11.4;"A";8.58;"A";6.52;"A"
"2025-07-17 07:45";22.98;"A";72.08;"A";998.79;"A";121;"A";42;"A";0;"A";8;"A";34;"A";13.66;"A";10.1;"A";7.58;"A"
"2025-07-17 08:00";23.17;"A";72.7;"A";998.81;"A";148;"A";43;"A";0;"A";15;"A";29;"A";23.62;"A";18.83;"A";14.27;"A"
"2025-07-17 08:15";23.33;"A";70.39;"A";998.88;"A";145;"A";44;"A";0;"A";12;"A";32;"A";14.44;"A";11.08;"A";8.36;"A"
"2025-07-17 08:30";23.62;"A";70.16;"A";998.73;"A";157;"A";47;"A";0;"A";14;"A";33;"A";13.37;"A";9.32;"A";7.02;"A"
"2025-07-17 08:45";24.57;"A";66.84;"A";998.57;"A";156;"A";45;"A";0;"A";9;"A";37;"A";13.5;"A";9.53;"A";7.16;"A"
"2025-07-17 09:00";24.69;"A";64.91;"A";998.71;"A";159;"A";50;"A";0;"A";10;"A";40;"A";14.58;"A";9.7;"A";7.5;"A"
"2025-07-17 09:15";25.04;"A";64.87;"A";998.91;"A";143;"A";50;"A";0;"A";10;"A";40;"A";14.84;"A";11.01;"A";8.27;"A"
"2025-07-17 09:30";25.56;"A";61.7;"A";998.77;"A";137;"A";49;"A";0;"A";8;"A";41;"A";15.18;"A";10.43;"A";7.54;"A"
"2025-07-17 09:45";25.58;"A";61.55;"A";998.87;"A";129;"A";53;"A";0;"A";8;"A";45;"A";12.37;"A";9.65;"A";7.23;"A"
"2025-07-17 10:00";26.09;"A";59.95;"A";998.82;"A";150;"A";51;"A";0;"A";6;"A";45;"A";12.69;"A";8.49;"A";6.59;"A"
"2025-07-17 10:15";26.64;"A";57.86;"A";998.95;"A";131;"A";55;"A";0;"A";10;"A";45;"A";11.63;"A";7.81;"A";5.91;"A"
"2025-07-17 10:30";26.91;"A";56.79;"A";999.07;"A";130;"A";55;"A";0;"A";7;"A";48;"A";10.23;"A";7.73;"A";5.95;"A"
"2025-07-17 10:45";27.52;"A";55.55;"A";999.3;"A";145;"A";56;"A";0;"A";7;"A";48;"A";11.27;"A";7.84;"A";6.03;"A"
"2025-07-17 11:00";27.75;"A";55.22;"A";999.5;"A";140;"A";55;"A";0;"A";6;"A";49;"A";10.86;"A";8.42;"A";6.18;"A"
"2025-07-17 11:15";27.79;"A";55.12;"A";999.56;"A";151;"A";56;"A";0;"A";7;"A";49;"A";10.2;"A";7.54;"A";5.86;"A"
"2025-07-17 11:30";28.25;"A";54.06;"A";999.48;"A";141;"A";57;"A";0;"A";7;"A";50;"A";10.34;"A";7.39;"A";5.76;"A"
"2025-07-17 11:45";28.82;"A";50.92;"A";999.4;"A";144;"A";57;"A";0;"A";7;"A";51;"A";11.88;"A";8.47;"A";6.71;"A"
"2025-07-17 12:00";29.23;"A";47.27;"A";999.47;"A";135;"A";64;"A";0;"A";7;"A";56;"A";11.55;"A";8.22;"A";6.24;"A"
"2025-07-17 12:15";29.42;"A";45.82;"A";999.67;"A";145;"A";67;"A";0;"A";7;"A";60;"A";11.42;"A";8.04;"A";5.99;"A"
"2025-07-17 12:30";29.37;"A";44.81;"A";999.67;"A";150;"A";68;"A";0;"A";8;"A";60;"A";9.28;"A";6.77;"A";5.1;"A"
"2025-07-17 12:45";29.4;"A";46.12;"A";999.7;"A";158;"A";68;"A";0;"A";8;"A";60;"A";11.19;"A";8.36;"A";5.97;"A"
"2025-07-17 13:00";29.81;"A";45.24;"A";999.62;"A";153;"A";67;"A";0;"A";7;"A";60;"A";12.43;"A";8.26;"A";6.18;"A"
"2025-07-17 13:15";29.79;"A";44.06;"A";999.46;"A";151;"A";68;"A";0;"A";8;"A";59;"A";10.99;"A";8.22;"A";5.78;"A"
"2025-07-17 13:30";29.94;"A";43.73;"A";999.38;"A";152;"A";68;"A";0;"A";8;"A";60;"A";10.78;"A";7.79;"A";5.61;"A"
"2025-07-17 13:45";30;"A";43.64;"A";999.31;"A";166;"A";67;"A";0;"A";7;"A";60;"A";10.71;"A";7.77;"A";5.72;"A"
"2025-07-17 14:00";30.04;"A";43.14;"A";999.16;"A";157;"A";68;"A";0;"A";7;"A";61;"A";10.5;"A";7.78;"A";5.72;"A"
"2025-07-17 14:15";29.94;"A";43.36;"A";999.14;"A";182;"A";70;"A";0;"A";9;"A";61;"A";11.32;"A";8.01;"A";5.95;"A"
"2025-07-17 14:30";29.07;"A";51.59;"A";999.1;"A";508;"A";77;"A";0;"A";19;"A";58;"A";18.25;"A";10.22;"A";7.42;"A"
"2025-07-17 14:45";27.3;"A";68.01;"A";999.14;"A";279;"A";55;"A";0;"A";16;"A";39;"A";19.11;"A";12.76;"A";9.28;"A"
"2025-07-17 15:00";26.88;"A";72.88;"A";998.94;"A";273;"A";44;"A";0;"A";15;"A";29;"A";16.34;"A";12.16;"A";8.78;"A"
"2025-07-17 15:15";27.31;"A";69.63;"A";998.86;"A";280;"A";41;"A";0;"A";13;"A";28;"A";18.54;"A";13.86;"A";10.14;"A"
"2025-07-17 15:30";28.23;"A";60.38;"A";998.83;"A";164;"A";56;"A";0;"A";18;"A";38;"A";14.46;"A";11.2;"A";8.24;"A"
"2025-07-17 15:45";28.69;"A";57.84;"A";998.76;"A";198;"A";57;"A";0;"A";20;"A";37;"A";12.8;"A";9.03;"A";6.71;"A"
"2025-07-17 16:00";28.92;"A";55.22;"A";998.74;"A";249;"A";62;"A";0;"A";24;"A";39;"A";13.69;"A";10.15;"A";7.85;"A"
"2025-07-17 16:15";29.23;"A";50.74;"A";998.78;"A";204;"A";51;"A";0;"A";9;"A";43;"A";11.11;"A";7.54;"A";5.79;"A"
"2025-07-17 16:30";29.46;"A";43.33;"A";998.78;"A";130;"A";68;"A";0;"A";16;"A";51;"A";8.92;"A";6.31;"A";4.84;"A"
"2025-07-17 16:45";29.49;"A";45.07;"A";998.97;"A";187;"A";64;"A";0;"A";13;"A";51;"A";9.33;"A";6.38;"A";4.79;"A"
"2025-07-17 17:00";29.19;"A";46.18;"A";999.04;"A";163;"A";63;"A";0;"A";9;"A";55;"A";10.95;"A";7.26;"A";5.43;"A"
"2025-07-17 17:15";29.01;"A";45.81;"A";999.02;"A";165;"A";63;"A";0;"A";8;"A";54;"A";11.62;"A";7.71;"A";5.76;"A"
"2025-07-17 17:30";28.98;"A";42.19;"A";999;"A";162;"A";62;"A";0;"A";9;"A";53;"A";9;"A";6.88;"A";5.17;"A"
"2025-07-17 17:45";28.96;"A";44.33;"A";998.87;"A";157;"A";64;"A";0;"A";9;"A";54;"A";8.77;"A";6.36;"A";4.85;"A"
"2025-07-17 18:00";29.08;"A";45.27;"A";998.92;"A";157;"A";61;"A";0;"A";8;"A";53;"A";8.91;"A";5.91;"A";4.48;"A"
"2025-07-17 18:15";29.02;"A";42.93;"A";999.19;"A";137;"A";62;"A";0;"A";8;"A";54;"A";7.23;"A";5.53;"A";4.03;"A"
"2025-07-17 18:30";29;"A";41.81;"A";999.42;"A";147;"A";62;"A";0;"A";9;"A";52;"A";7.38;"A";5.52;"A";3.94;"A"
"2025-07-17 18:45";29.03;"A";40.9;"A";999.46;"A";141;"A";62;"A";0;"A";8;"A";54;"A";7.81;"A";5.69;"A";4.18;"A"
"2025-07-17 19:00";28.92;"A";42.36;"A";999.44;"A";159;"A";63;"A";0;"A";8;"A";55;"A";9.28;"A";7.48;"A";5.61;"A"
"2025-07-17 19:15";28.65;"A";45.64;"A";999.46;"A";180;"A";63;"A";0;"A";10;"A";53;"A";13.67;"A";10.12;"A";7.75;"A"
"2025-07-17 19:30";28.41;"A";48.26;"A";999.65;"A";199;"A";62;"A";0;"A";10;"A";52;"A";18.49;"A";13.23;"A";9.67;"A"
"2025-07-17 19:45";28.2;"A";48.12;"A";999.78;"A";200;"A";60;"A";0;"A";11;"A";49;"A";16.15;"A";11.21;"A";8.5;"A"
"2025-07-17 20:00";27.95;"A";49.32;"A";999.87;"A";216;"A";58;"A";0;"A";10;"A";49;"A";13.8;"A";10.41;"A";7.94;"A"
"2025-07-17 20:15";27.55;"A";50.44;"A";999.85;"A";196;"A";58;"A";0;"A";11;"A";47;"A";14.3;"A";10.66;"A";7.87;"A"
"2025-07-17 20:30";27.09;"A";53.2;"A";999.91;"A";209;"A";54;"A";0;"A";13;"A";41;"A";13.5;"A";9.93;"A";7.37;"A"
"2025-07-17 20:45";26.62;"A";55.38;"A";1000.11;"A";268;"A";51;"A";0;"A";18;"A";33;"A";14.21;"A";10.74;"A";8;"A"
"2025-07-17 21:00";26.52;"A";55.23;"A";1000.28;"A";260;"A";49;"A";0;"A";14;"A";35;"A";15.38;"A";11.55;"A";8.51;"A"
"2025-07-17 21:15";26.45;"A";55.57;"A";1000.42;"A";187;"A";54;"A";0;"A";14;"A";40;"A";11.95;"A";9.37;"A";7.25;"A"
"2025-07-17 21:30";26.3;"A";57.92;"A";1000.42;"A";156;"A";53;"A";0;"A";9;"A";44;"A";12.04;"A";9.37;"A";7.07;"A"
"2025-07-17 21:45";26.06;"A";59.08;"A";1000.55;"A";156;"A";51;"A";0;"A";10;"A";41;"A";12.63;"A";9.67;"A";7.48;"A"
"2025-07-17 22:00";25.81;"A";60.82;"A";1000.5;"A";166;"A";50;"A";0;"A";10;"A";39;"A";13.16;"A";9.93;"A";7.59;"A"
"2025-07-17 22:15";25.52;"A";62.07;"A";1000.41;"A";158;"A";48;"A";0;"A";8;"A";40;"A";11.21;"A";9.29;"A";7.15;"A"
"2025-07-17 22:30";25.17;"A";64.15;"A";1000.28;"A";170;"A";47;"A";0;"A";9;"A";38;"A";11.85;"A";9.1;"A";7.24;"A"
"2025-07-17 22:45";24.8;"A";65.79;"A";1000.26;"A";175;"A";45;"A";0;"A";10;"A";35;"A";12.76;"A";10.46;"A";7.61;"A"
"2025-07-17 23:00";24.61;"A";66.01;"A";1000.12;"A";184;"A";44;"A";0;"A";9;"A";35;"A";17.85;"A";13.69;"A";10.49;"A"
"2025-07-17 23:15";24.54;"A";66.08;"A";1000.12;"A";201;"A";46;"A";0;"A";9;"A";37;"A";23.84;"A";18.85;"A";15.19;"A"
"2025-07-17 23:30";24.33;"A";67.1;"A";1000.11;"A";196;"A";45;"A";0;"A";9;"A";37;"A";23.04;"A";19.24;"A";15.14;"A"
"2025-07-17 23:45";24.08;"A";68.26;"A";1000.02;"A";195;"A";44;"A";0;"A";9;"A";35;"A";24.41;"A";20.17;"A";15.24;"A"
"2025-07-18 00:00";23.8;"A";69;"A";999.93;"A";198;"A";43;"A";0;"A";9;"A";34;"A";27.18;"A";21.47;"A";16.14;"A"
"2025-07-18 00:15";23.52;"A";70.2;"A";999.83;"A";190;"A";40;"A";0;"A";9;"A";32;"A";28.25;"A";22.36;"A";17.22;"A"
"2025-07-18 00:30";23.34;"A";70.93;"A";999.99;"A";190;"A";40;"A";0;"A";9;"A";31;"A";30.66;"A";24.37;"A";18.54;"A"
"2025-07-18 00:45";23.14;"A";71.41;"A";999.93;"A";203;"A";40;"A";0;"A";9;"A";31;"A";33.77;"A";26.11;"A";19.88;"A"
"2025-07-18 01:00";22.96;"A";72.33;"A";999.99;"A";230;"A";38;"A";0;"A";10;"A";29;"A";31.74;"A";25.89;"A";20.05;"A"
"2025-07-18 01:15";22.78;"A";72.5;"A";1000.03;"A";198;"A";37;"A";0;"A";8;"A";29;"A";28.9;"A";23.05;"A";17.54;"A"
"2025-07-18 01:30";22.71;"A";72.89;"A";1000.03;"A";175;"A";37;"A";0;"A";8;"A";29;"A";22.76;"A";18.55;"A";14.6;"A"
"2025-07-18 01:45";22.64;"A";72.6;"A";999.9;"A";153;"A";39;"A";0;"A";7;"A";32;"A";19.45;"A";15.54;"A";11.97;"A"
"2025-07-18 02:00";22.75;"A";71.48;"A";999.84;"A";163;"A";41;"A";0;"A";7;"A";34;"A";18.94;"A";14.91;"A";11.53;"A"
"2025-07-18 02:15";22.78;"A";70.76;"A";999.85;"A";146;"A";42;"A";0;"A";7;"A";36;"A";16.29;"A";12;"A";9.27;"A"
"2025-07-18 02:30";22.72;"A";70.98;"A";999.88;"A";130;"A";44;"A";0;"A";7;"A";37;"A";16.08;"A";12.4;"A";9.42;"A"
"2025-07-18 02:45";22.54;"A";71.59;"A";999.87;"A";153;"A";41;"A";0;"A";7;"A";33;"A";22.37;"A";17.95;"A";13.91;"A"
"2025-07-18 03:00";22.34;"A";72.69;"A";1000.07;"A";164;"A";38;"A";0;"A";7;"A";31;"A";22.29;"A";18.75;"A";14.5;"A"
"2025-07-18 03:15";22.27;"A";73.12;"A";1000.09;"A";175;"A";36;"A";0;"A";7;"A";29;"A";26.5;"A";21.84;"A";17.05;"A"
"2025-07-18 03:30";22.34;"A";71.96;"A";1000.09;"A";208;"A";42;"A";0;"A";9;"A";33;"A";41.47;"A";34.36;"A";26.04;"A"
"2025-07-18 03:45";22.43;"A";70.37;"A";999.86;"A";145;"A";47;"A";0;"A";6;"A";41;"A";17.63;"A";14.7;"A";11.17;"A"
"2025-07-18 04:00";22.42;"A";70.41;"A";999.88;"A";121;"A";48;"A";0;"A";6;"A";43;"A";13.18;"A";10.93;"A";8.39;"A"
"2025-07-18 04:15";22.32;"A";71.36;"A";999.89;"A";124;"A";47;"A";0;"A";6;"A";41;"A";14.33;"A";11.07;"A";8.27;"A"
"2025-07-18 04:30";22.32;"A";72.82;"A";999.87;"A";125;"A";44;"A";0;"A";6;"A";38;"A";13.82;"A";11.35;"A";8.71;"A"
"2025-07-18 04:45";22.43;"A";72.67;"A";999.89;"A";124;"A";44;"A";0;"A";5;"A";39;"A";15.13;"A";12.08;"A";9.4;"A"
"2025-07-18 05:00";22.39;"A";73.28;"A";1000.04;"A";136;"A";44;"A";0;"A";6;"A";38;"A";16.49;"A";12.93;"A";9.77;"A"
"2025-07-18 05:15";22.31;"A";74.11;"A";1000;"A";143;"A";43;"A";0;"A";6;"A";37;"A";19.51;"A";14.79;"A";11.41;"A"
"2025-07-18 05:30";22.31;"A";74.47;"A";1000.16;"A";143;"A";42;"A";0;"A";6;"A";36;"A";33.67;"A";19.28;"A";13.5;"A"
"2025-07-18 05:45";22.4;"A";74.79;"A";1000.05;"A";134;"A";42;"A";0;"A";7;"A";36;"A";25.17;"A";17.28;"A";12.51;"A"
"2025-07-18 06:00";22.49;"A";74.87;"A";999.93;"A";155;"A";40;"A";0;"A";8;"A";33;"A";32.83;"A";20.07;"A";13.86;"A"
"2025-07-18 06:15";22.61;"A";74.73;"A";999.8;"A";162;"A";41;"A";0;"A";9;"A";33;"A";37.82;"A";24.67;"A";17.11;"A"
"2025-07-18 06:30";22.66;"A";74.77;"A";999.78;"A";156;"A";42;"A";0;"A";8;"A";35;"A";26.52;"A";21.45;"A";15.9;"A"
"2025-07-18 06:45";22.8;"A";74.58;"A";999.85;"A";158;"A";42;"A";0;"A";8;"A";34;"A";24.57;"A";19.94;"A";14.61;"A"
"2025-07-18 07:00";22.93;"A";74.2;"A";999.92;"A";164;"A";42;"A";0;"A";8;"A";34;"A";22.34;"A";18.78;"A";14.1;"A"
"2025-07-18 07:15";23.21;"A";74.37;"A";1000.1;"A";186;"A";41;"A";0;"A";8;"A";33;"A";23.51;"A";19.57;"A";14.16;"A"
"2025-07-18 07:30";23.81;"A";72.78;"A";999.97;"A";197;"A";42;"A";0;"A";8;"A";34;"A";24.39;"A";19.18;"A";14.33;"A"
"2025-07-18 07:45";24.51;"A";70.38;"A";999.96;"A";223;"A";43;"A";0;"A";9;"A";34;"A";24.32;"A";19.71;"A";14.59;"A"
"2025-07-18 08:00";24.9;"A";68.7;"A";999.85;"A";245;"A";45;"A";0;"A";11;"A";34;"A";25.4;"A";20.06;"A";14.97;"A"
"2025-07-18 08:15";24.95;"A";68.75;"A";999.72;"A";276;"A";46;"A";0;"A";12;"A";34;"A";27.8;"A";22.02;"A";16.48;"A"
"2025-07-18 08:30";24.89;"A";69.07;"A";999.64;"A";321;"A";47;"A";0;"A";13;"A";34;"A";29.74;"A";22.85;"A";17.36;"A"
"2025-07-18 08:45";24.93;"A";70.47;"A";999.65;"A";361;"A";46;"A";0;"A";16;"A";30;"A";30.23;"A";23.13;"A";17.54;"A"
"2025-07-18 09:00";25.09;"A";71.4;"A";999.72;"A";407;"A";44;"A";0;"A";15;"A";28;"A";30.99;"A";23.6;"A";17.51;"A"
"2025-07-18 09:15";25.33;"A";69.41;"A";999.94;"A";331;"A";47;"A";0;"A";11;"A";36;"A";29.3;"A";21.32;"A";16.05;"A"
"2025-07-18 09:30";25.42;"A";69.31;"A";1000.05;"A";271;"A";49;"A";0;"A";9;"A";41;"A";28.69;"A";21.61;"A";16.03;"A"
"2025-07-18 09:45";25.19;"A";74.78;"A";999.86;"A";319;"A";49;"A";0;"A";14;"A";35;"A";30.48;"A";23.09;"A";16.82;"A"
"2025-07-18 10:00";24.99;"A";77.02;"A";999.86;"A";402;"A";43;"A";0;"A";18;"A";25;"A";27.66;"A";21.64;"A";17.14;"A"
"2025-07-18 10:15";24.87;"A";77.2;"A";1000;"A";380;"A";43;"A";0;"A";13;"A";29;"A";28.78;"A";21.98;"A";18.25;"A"
"2025-07-18 10:30";24.81;"A";80.34;"A";1000.12;"A";417;"A";41;"A";0;"A";18;"A";23;"A";29.06;"A";21.04;"A";19.86;"A"
"2025-07-18 10:45";24.69;"A";81.04;"A";1000.26;"A";495;"A";39;"A";0;"A";21;"A";18;"A";30.16;"A";21.85;"A";20.63;"A"
"2025-07-18 11:00";24.77;"A";81.7;"A";1000.24;"A";565;"A";39;"A";0;"A";23;"A";15;"A";31.34;"A";22.71;"A";21.45;"A"
"2025-07-18 11:15";24.93;"A";80.58;"A";1000;"A";571;"A";41;"A";0;"A";24;"A";17;"A";32.57;"A";24.02;"A";21.92;"A"
"2025-07-18 11:30";25.44;"A";76.93;"A";999.85;"A";565;"A";48;"A";0;"A";23;"A";26;"A";33.32;"A";25.5;"A";22.43;"A"
"2025-07-18 11:45";26.28;"A";70.95;"A";999.77;"A";388;"A";49;"A";0;"A";13;"A";36;"A";30.65;"A";23.91;"A";18.79;"A"
"2025-07-18 12:00";26.67;"A";62.55;"A";999.64;"A";231;"A";58;"A";0;"A";11;"A";47;"A";25.12;"A";18.69;"A";14.19;"A"
"2025-07-18 12:15";26.83;"A";59.55;"A";999.65;"A";213;"A";62;"A";0;"A";10;"A";51;"A";22.35;"A";16.2;"A";11.93;"A"
"2025-07-18 12:30";27.03;"A";57.68;"A";999.59;"A";217;"A";64;"A";0;"A";10;"A";53;"A";25.05;"A";17.09;"A";12.59;"A"
"2025-07-18 12:45";27.78;"A";55.08;"A";999.52;"A";271;"A";64;"A";0;"A";11;"A";53;"A";26.34;"A";18.86;"A";13.78;"A"
"2025-07-18 13:00";28.7;"A";50.23;"A";999.3;"A";531;"A";63;"A";0;"A";8;"A";55;"A";26.22;"A";19.26;"A";13.99;"A"
"2025-07-18 13:15";29.6;"A";46.89;"A";999.39;"A";524;"A";65;"A";0;"A";11;"A";54;"A";18.63;"A";13.83;"A";10.47;"A"
"2025-07-18 13:30";30.03;"A";44.02;"A";999.24;"A";572;"A";66;"A";0;"A";8;"A";58;"A";16.17;"A";10.8;"A";8.54;"A"
"2025-07-18 13:45";30.42;"A";41.96;"A";999.2;"A";451;"A";69;"A";0;"A";9;"A";60;"A";15.28;"A";10.49;"A";7.44;"A"
"2025-07-18 14:00";30.95;"A";41.28;"A";999.1;"A";425;"A";70;"A";0;"A";11;"A";60;"A";17.24;"A";11.72;"A";8.92;"A"
"2025-07-18 14:15";31.09;"A";39.57;"A";998.96;"A";377;"A";71;"A";0;"A";9;"A";61;"A";15.22;"A";9.84;"A";7.45;"A"
"2025-07-18 14:30";31.51;"A";39.33;"A";998.73;"A";437;"A";69;"A";0;"A";10;"A";58;"A";14.71;"A";9.78;"A";7.37;"A"
"2025-07-18 14:45";31.92;"A";37.58;"A";998.6;"A";317;"A";70;"A";0;"A";9;"A";61;"A";13.93;"A";8.83;"A";6.62;"A"
"2025-07-18 15:00";32.48;"A";36.13;"A";998.54;"A";305;"A";69;"A";0;"A";9;"A";60;"A";11.74;"A";7.69;"A";5.81;"A"
"2025-07-18 15:15";32.79;"A";35.94;"A";998.44;"A";357;"A";71;"A";0;"A";11;"A";61;"A";14.42;"A";9.16;"A";6.84;"A"
"2025-07-18 15:30";33.01;"A";35.75;"A";998.29;"A";204;"A";69;"A";0;"A";8;"A";62;"A";12.42;"A";7.99;"A";5.85;"A"
"2025-07-18 15:45";32.94;"A";35.48;"A";998.29;"A";275;"A";69;"A";0;"A";9;"A";60;"A";13.51;"A";8.74;"A";6.37;"A"
"2025-07-18 16:00";32.89;"A";36.2;"A";997.95;"A";360;"A";69;"A";0;"A";12;"A";57;"A";13.58;"A";8.3;"A";6.13;"A"
"2025-07-18 16:15";33.22;"A";35.63;"A";997.86;"A";454;"A";66;"A";0;"A";11;"A";55;"A";16.33;"A";9.99;"A";7.44;"A"
"2025-07-18 16:30";33.36;"A";34.58;"A";997.56;"A";288;"A";66;"A";0;"A";9;"A";57;"A";13.06;"A";8.2;"A";6.43;"A"
"2025-07-18 16:45";33.63;"A";33.38;"A";997.45;"A";227;"A";67;"A";0;"A";9;"A";58;"A";13.46;"A";8.17;"A";6.27;"A"
"2025-07-18 17:00";33.47;"A";32.19;"A";997.26;"A";179;"A";71;"A";0;"A";8;"A";63;"A";11.43;"A";7.18;"A";5.32;"A"
"2025-07-18 17:15";33.36;"A";33.42;"A";997.1;"A";212;"A";70;"A";0;"A";9;"A";61;"A";12.32;"A";8.19;"A";6.27;"A"
"2025-07-18 17:30";33.35;"A";33.2;"A";997;"A";213;"A";70;"A";0;"A";9;"A";61;"A";12.04;"A";7.88;"A";6.3;"A"
"2025-07-18 17:45";33.2;"A";33.73;"A";996.94;"A";211;"A";70;"A";0;"A";10;"A";60;"A";13.14;"A";8.72;"A";6.26;"A"
"2025-07-18 18:00";33.09;"A";34.37;"A";996.89;"A";196;"A";70;"A";0;"A";10;"A";60;"A";14.21;"A";8.61;"A";6.17;"A"
"2025-07-18 18:15";33.09;"A";35.03;"A";996.95;"A";188;"A";67;"A";0;"A";9;"A";57;"A";16.14;"A";8.65;"A";6;"A"
"2025-07-18 18:30";32.91;"A";35.99;"A";997.12;"A";181;"A";67;"A";0;"A";9;"A";58;"A";14.55;"A";8.21;"A";6.12;"A"
"2025-07-18 18:45";32.54;"A";37.94;"A";997.37;"A";174;"A";68;"A";0;"A";9;"A";60;"A";14.71;"A";8.05;"A";5.76;"A"
"2025-07-18 19:00";32.12;"A";39.43;"A";997.38;"A";177;"A";66;"A";0;"A";10;"A";56;"A";14.47;"A";7.9;"A";5.8;"A"
"2025-07-18 19:15";31.71;"A";41.74;"A";997.5;"A";189;"A";66;"A";0;"A";10;"A";56;"A";13.01;"A";8.77;"A";6.7;"A"
"2025-07-18 19:30";31.22;"A";43.69;"A";997.64;"A";176;"A";63;"A";0;"A";7;"A";56;"A";12.94;"A";8.64;"A";5.86;"A"
"2025-07-18 19:45";30.8;"A";44.87;"A";997.87;"A";192;"A";61;"A";0;"A";7;"A";53;"A";12.38;"A";8.62;"A";6.67;"A"
"2025-07-18 20:00";30.3;"A";45.71;"A";997.99;"A";182;"A";59;"A";0;"A";7;"A";52;"A";12.04;"A";8.09;"A";6.12;"A"
"2025-07-18 20:15";29.68;"A";44.85;"A";998;"A";180;"A";58;"A";0;"A";7;"A";51;"A";14.39;"A";9.64;"A";7.01;"A"
"2025-07-18 20:30";29.04;"A";43.65;"A";998.09;"A";237;"A";57;"A";0;"A";8;"A";50;"A";28.43;"A";21.37;"A";15.89;"A"
"2025-07-18 20:45";28.48;"A";43.42;"A";998.14;"A";168;"A";58;"A";0;"A";8;"A";50;"A";9.63;"A";6.22;"A";4.38;"A"
"2025-07-18 21:00";28.11;"A";43.66;"A";998.23;"A";131;"A";57;"A";0;"A";8;"A";49;"A";10.74;"A";5.78;"A";4;"A"
"2025-07-18 21:15";27.75;"A";42.39;"A";998.41;"A";125;"A";55;"A";0;"A";8;"A";47;"A";9.81;"A";5.43;"A";3.66;"A"
"2025-07-18 21:30";27.38;"A";38.52;"A";998.47;"A";106;"A";55;"A";0;"A";7;"A";48;"A";7.1;"A";4.3;"A";3.04;"A"
"2025-07-18 21:45";27.01;"A";35.8;"A";998.36;"A";90;"A";57;"A";0;"A";8;"A";49;"A";5.68;"A";3.13;"A";2.29;"A"
"2025-07-18 22:00";26.69;"A";37.66;"A";998.35;"A";105;"A";58;"A";0;"A";10;"A";48;"A";6.93;"A";3.84;"A";2.47;"A"
"2025-07-18 22:15";26.34;"A";39.57;"A";998.23;"A";126;"A";54;"A";0;"A";9;"A";45;"A";11.29;"A";7.11;"A";4.94;"A"
"2025-07-18 22:30";26.04;"A";41.94;"A";998.41;"A";135;"A";54;"A";0;"A";10;"A";44;"A";13.23;"A";9.51;"A";6.88;"A"
"2025-07-18 22:45";25.71;"A";44.75;"A";998.65;"A";120;"A";52;"A";0;"A";10;"A";43;"A";10.77;"A";6.65;"A";4.57;"A"
"2025-07-18 23:00";25.44;"A";47.87;"A";998.68;"A";118;"A";52;"A";0;"A";10;"A";41;"A";11.35;"A";7.55;"A";5.26;"A"
"2025-07-18 23:15";25.19;"A";52;"A";998.99;"A";121;"A";51;"A";0;"A";9;"A";43;"A";16.12;"A";10.46;"A";7.23;"A"
"2025-07-18 23:30";24.94;"A";54.86;"A";999.04;"A";124;"A";51;"A";0;"A";8;"A";43;"A";15.32;"A";10.82;"A";7.29;"A"
"2025-07-18 23:45";24.71;"A";56.97;"A";998.9;"A";121;"A";50;"A";0;"A";9;"A";41;"A";14.46;"A";10.67;"A";7.35;"A"
"2025-07-19 00:00";24.5;"A";58.82;"A";998.93;"A";120;"A";50;"A";0;"A";9;"A";41;"A";14.55;"A";10.98;"A";7.94;"A"
"2025-07-19 00:15";24.28;"A";60.13;"A";998.95;"A";122;"A";49;"A";0;"A";8;"A";41;"A";16.1;"A";12.54;"A";9.25;"A"
"2025-07-19 00:30";24.06;"A";61.04;"A";999.05;"A";118;"A";49;"A";0;"A";7;"A";42;"A";15.46;"A";11.41;"A";8.49;"A"
"2025-07-19 00:45";23.92;"A";61.7;"A";999.14;"A";113;"A";49;"A";0;"A";8;"A";41;"A";14.44;"A";10.77;"A";7.9;"A"
"2025-07-19 01:00";23.79;"A";62.09;"A";999.26;"A";110;"A";49;"A";0;"A";8;"A";40;"A";14.85;"A";10.83;"A";7.47;"A"
"2025-07-19 01:15";23.61;"A";62.23;"A";999.27;"A";106;"A";47;"A";0;"A";8;"A";39;"A";13.61;"A";9.86;"A";7.06;"A"
"2025-07-19 01:30";23.41;"A";62.21;"A";999.1;"A";104;"A";47;"A";0;"A";9;"A";38;"A";13.81;"A";9.57;"A";6.97;"A"
"2025-07-19 01:45";23.16;"A";62.56;"A";999.17;"A";106;"A";45;"A";0;"A";10;"A";36;"A";11.96;"A";8.97;"A";6.69;"A"
"2025-07-19 02:00";22.92;"A";62.85;"A";999.13;"A";103;"A";44;"A";0;"A";9;"A";35;"A";11.1;"A";8.9;"A";6.36;"A"
"2025-07-19 02:15";22.69;"A";62.74;"A";999.2;"A";104;"A";44;"A";0;"A";9;"A";35;"A";12.82;"A";9.05;"A";6.19;"A"
"2025-07-19 02:30";22.48;"A";62.1;"A";999.04;"A";100;"A";43;"A";0;"A";9;"A";34;"A";11.75;"A";8.24;"A";5.78;"A"
"2025-07-19 02:45";22.34;"A";61.68;"A";999.06;"A";96;"A";44;"A";0;"A";9;"A";36;"A";10.96;"A";7.23;"A";5.01;"A"
"2025-07-19 03:00";21.97;"A";63.61;"A";999.13;"A";99;"A";44;"A";0;"A";8;"A";36;"A";11.02;"A";7.88;"A";5.37;"A"
"2025-07-19 03:15";21.58;"A";65.57;"A";999.22;"A";100;"A";41;"A";0;"A";7;"A";34;"A";11.63;"A";8.57;"A";5.71;"A"
"2025-07-19 03:30";21.25;"A";66.2;"A";999.15;"A";98;"A";40;"A";0;"A";7;"A";33;"A";11.04;"A";8.03;"A";5.51;"A"
"2025-07-19 03:45";20.99;"A";65.7;"A";999.06;"A";94;"A";40;"A";0;"A";7;"A";33;"A";9.92;"A";6.91;"A";5.06;"A"
"2025-07-19 04:00";20.77;"A";65.39;"A";999.13;"A";90;"A";40;"A";0;"A";7;"A";34;"A";9.7;"A";6.68;"A";4.78;"A"
"2025-07-19 04:15";20.54;"A";65.38;"A";999.1;"A";86;"A";40;"A";0;"A";6;"A";33;"A";8.65;"A";6.92;"A";4.59;"A"
"2025-07-19 04:30";20.35;"A";65.27;"A";999.06;"A";86;"A";41;"A";0;"A";7;"A";34;"A";8.36;"A";5.89;"A";4.17;"A"
"2025-07-19 04:45";20.08;"A";65.61;"A";999.11;"A";91;"A";42;"A";0;"A";8;"A";34;"A";7.72;"A";5.82;"A";4.07;"A"
"2025-07-19 05:00";19.96;"A";65.99;"A";999.27;"A";93;"A";40;"A";0;"A";9;"A";31;"A";7.18;"A";5.22;"A";3.84;"A"
"2025-07-19 05:15";19.83;"A";66.38;"A";999.31;"A";93;"A";43;"A";0;"A";12;"A";31;"A";7.87;"A";5.22;"A";3.79;"A"
"2025-07-19 05:30";19.7;"A";66.81;"A";999.35;"A";96;"A";42;"A";0;"A";15;"A";28;"A";8.47;"A";5.9;"A";3.92;"A"
"2025-07-19 05:45";19.71;"A";65.58;"A";999.46;"A";95;"A";43;"A";0;"A";14;"A";29;"A";7.81;"A";5.18;"A";3.52;"A"
"2025-07-19 06:00";19.79;"A";64.18;"A";999.5;"A";81;"A";48;"A";0;"A";10;"A";37;"A";6.02;"A";4.23;"A";2.72;"A"
"2025-07-19 06:15";19.86;"A";63.69;"A";999.63;"A";81;"A";48;"A";0;"A";11;"A";37;"A";5.31;"A";3.68;"A";2.58;"A"
"2025-07-19 06:30";19.96;"A";63.08;"A";999.71;"A";88;"A";48;"A";0;"A";10;"A";38;"A";6.3;"A";4.22;"A";2.71;"A"
"2025-07-19 06:45";20.13;"A";62.04;"A";999.89;"A";95;"A";48;"A";0;"A";13;"A";35;"A";6.31;"A";3.93;"A";2.69;"A"
"2025-07-19 07:00";20.14;"A";61.42;"A";999.91;"A";73;"A";49;"A";0;"A";9;"A";39;"A";5.24;"A";3.12;"A";2.43;"A"
"2025-07-19 07:15";20.16;"A";61.65;"A";999.99;"A";72;"A";49;"A";0;"A";8;"A";41;"A";6.03;"A";3.44;"A";2.51;"A"
"2025-07-19 07:30";20.43;"A";61;"A";1000.12;"A";72;"A";48;"A";0;"A";7;"A";41;"A";5.83;"A";3.83;"A";2.58;"A"
"2025-07-19 07:45";22.07;"A";56.7;"A";999.95;"A";79;"A";46;"A";0;"A";6;"A";40;"A";7.84;"A";5.51;"A";3.74;"A"
"2025-07-19 08:00";23.27;"A";53.64;"A";1000.03;"A";78;"A";48;"A";0;"A";7;"A";41;"A";4.69;"A";3.24;"A";2.3;"A"
"2025-07-19 08:15";23.17;"A";53.44;"A";1000;"A";93;"A";49;"A";0;"A";7;"A";42;"A";4.07;"A";2.89;"A";1.99;"A"
"2025-07-19 08:30";22.9;"A";54.43;"A";999.99;"A";109;"A";51;"A";0;"A";9;"A";42;"A";4.62;"A";3.2;"A";2.23;"A"
"2025-07-19 08:45";23.13;"A";53.71;"A";1000.07;"A";110;"A";50;"A";0;"A";8;"A";42;"A";4.96;"A";3.17;"A";2.37;"A"
"2025-07-19 09:00";23.49;"A";53;"A";1000.12;"A";103;"A";50;"A";0;"A";8;"A";42;"A";6;"A";3.85;"A";2.75;"A"
"2025-07-19 09:15";24.01;"A";51.87;"A";1000.13;"A";121;"A";51;"A";0;"A";8;"A";42;"A";6.67;"A";4.24;"A";3;"A"
"2025-07-19 09:30";24.79;"A";49.65;"A";999.98;"A";96;"A";51;"A";0;"A";7;"A";44;"A";6.8;"A";3.9;"A";2.7;"A"
"2025-07-19 09:45";25.62;"A";47.57;"A";999.97;"A";119;"A";51;"A";0;"A";7;"A";43;"A";7.07;"A";3.9;"A";2.88;"A"
"2025-07-19 10:00";25.54;"A";47.63;"A";999.94;"A";118;"A";53;"A";0;"A";8;"A";45;"A";6.53;"A";4.33;"A";2.82;"A"
"2025-07-19 10:15";25.43;"A";47.97;"A";999.99;"A";139;"A";53;"A";0;"A";8;"A";45;"A";7.67;"A";4.2;"A";3.07;"A"
"2025-07-19 10:30";25.46;"A";47.87;"A";999.99;"A";127;"A";54;"A";0;"A";7;"A";46;"A";7.79;"A";4.58;"A";3.25;"A"
"2025-07-19 10:45";25.87;"A";46.86;"A";999.89;"A";116;"A";55;"A";0;"A";8;"A";47;"A";6.46;"A";4.51;"A";3.26;"A"
"2025-07-19 11:00";26.47;"A";44.94;"A";999.72;"A";139;"A";56;"A";0;"A";7;"A";49;"A";6.95;"A";4.79;"A";3.35;"A"
"2025-07-19 11:15";27.07;"A";43.54;"A";999.85;"A";125;"A";57;"A";0;"A";8;"A";49;"A";6.64;"A";4.17;"A";3.21;"A"
"2025-07-19 11:30";27.42;"A";42.27;"A";999.9;"A";124;"A";56;"A";0;"A";7;"A";49;"A";7.02;"A";4.01;"A";2.68;"A"
"2025-07-19 11:45";27.47;"A";41.65;"A";999.74;"A";117;"A";56;"A";0;"A";7;"A";49;"A";6.44;"A";3.83;"A";2.66;"A"
"2025-07-19 12:00";27.78;"A";40.68;"A";999.67;"A";130;"A";56;"A";0;"A";9;"A";47;"A";6;"A";3.89;"A";2.59;"A"
"2025-07-19 12:15";27.99;"A";40.08;"A";999.65;"A";127;"A";58;"A";0;"A";7;"A";51;"A";7.21;"A";3.73;"A";2.82;"A"
"2025-07-19 12:30";28.14;"A";39.44;"A";999.5;"A";123;"A";58;"A";0;"A";7;"A";51;"A";6.88;"A";4.46;"A";3.15;"A"
"2025-07-19 12:45";28.54;"A";38.43;"A";999.4;"A";131;"A";56;"A";0;"A";8;"A";49;"A";7.35;"A";4.42;"A";3.24;"A"
"2025-07-19 13:00";28.96;"A";37.09;"A";999.36;"A";118;"A";58;"A";0;"A";7;"A";51;"A";8.14;"A";4.81;"A";3.53;"A"
"2025-07-19 13:15";29.37;"A";36.49;"A";999.47;"A";124;"A";56;"A";0;"A";6;"A";50;"A";7.43;"A";5.27;"A";3.63;"A"
"2025-07-19 13:30";29.54;"A";36.17;"A";999.33;"A";126;"A";59;"A";0;"A";7;"A";52;"A";7.71;"A";4.77;"A";3.53;"A"
"2025-07-19 13:45";29.72;"A";35.21;"A";999.21;"A";137;"A";58;"A";0;"A";7;"A";51;"A";8.61;"A";5.66;"A";4.19;"A"
"2025-07-19 14:00";29.93;"A";34.91;"A";999.19;"A";127;"A";58;"A";0;"A";7;"A";51;"A";9.04;"A";5.9;"A";4.17;"A"
"2025-07-19 14:15";30.17;"A";34.21;"A";999.18;"A";136;"A";59;"A";0;"A";7;"A";52;"A";10.01;"A";6.34;"A";4.36;"A"
"2025-07-19 14:30";30.4;"A";34.13;"A";999.27;"A";128;"A";60;"A";0;"A";7;"A";53;"A";8.33;"A";5.41;"A";4;"A"
"2025-07-19 14:45";30.46;"A";34.36;"A";999.39;"A";138;"A";58;"A";0;"A";7;"A";51;"A";9.19;"A";5.55;"A";4;"A"
"2025-07-19 15:00";30.56;"A";34.43;"A";999.27;"A";132;"A";59;"A";0;"A";7;"A";52;"A";8.6;"A";5.54;"A";3.93;"A"
"2025-07-19 15:15";30.53;"A";34.18;"A";999.26;"A";129;"A";57;"A";0;"A";7;"A";50;"A";8.2;"A";5.53;"A";3.95;"A"
"2025-07-19 15:30";30.6;"A";34.08;"A";999.16;"A";124;"A";57;"A";0;"A";6;"A";52;"A";7.93;"A";5.36;"A";3.84;"A"
"2025-07-19 15:45";31.17;"A";32.46;"A";998.94;"A";120;"A";57;"A";0;"A";6;"A";50;"A";8.63;"A";5.64;"A";3.93;"A"
"2025-07-19 16:00";31.74;"A";31.42;"A";998.83;"A";117;"A";57;"A";0;"A";6;"A";51;"A";8.37;"A";5.86;"A";3.99;"A"
"2025-07-19 16:15";31.7;"A";30.83;"A";998.68;"A";123;"A";57;"A";0;"A";5;"A";52;"A";7.82;"A";5.38;"A";3.71;"A"
"2025-07-19 16:30";31.64;"A";30.2;"A";998.68;"A";118;"A";58;"A";0;"A";6;"A";52;"A";10.31;"A";6.29;"A";4.54;"A"
"2025-07-19 16:45";31.48;"A";30.91;"A";998.6;"A";133;"A";58;"A";0;"A";7;"A";51;"A";7.69;"A";5.44;"A";3.89;"A"
"2025-07-19 17:00";31.86;"A";30.35;"A";998.61;"A";125;"A";57;"A";0;"A";5;"A";51;"A";7.29;"A";5.16;"A";3.95;"A"
"2025-07-19 17:15";31.75;"A";30.52;"A";998.51;"A";146;"A";58;"A";0;"A";7;"A";51;"A";8.17;"A";5.6;"A";4.11;"A"
"2025-07-19 17:30";31.45;"A";30.81;"A";998.4;"A";146;"A";58;"A";0;"A";7;"A";51;"A";11.36;"A";7.27;"A";5.18;"A"
"2025-07-19 17:45";30.94;"A";31.74;"A";998.42;"A";129;"A";59;"A";0;"A";7;"A";52;"A";7.33;"A";4.97;"A";3.44;"A"
"2025-07-19 18:00";30.67;"A";31.49;"A";998.49;"A";120;"A";58;"A";0;"A";6;"A";52;"A";7.62;"A";4.95;"A";3.49;"A"
"2025-07-19 18:15";30.17;"A";32.05;"A";998.51;"A";128;"A";58;"A";0;"A";8;"A";50;"A";6.78;"A";4.68;"A";3.29;"A"
"2025-07-19 18:30";30.3;"A";32.13;"A";998.55;"A";138;"A";56;"A";0;"A";7;"A";49;"A";7.66;"A";4.96;"A";3.47;"A"
"2025-07-19 18:45";30.05;"A";32.12;"A";998.61;"A";105;"A";57;"A";0;"A";6;"A";51;"A";7.89;"A";4.76;"A";3.35;"A"
"2025-07-19 19:00";29.63;"A";32.99;"A";998.55;"A";117;"A";58;"A";0;"A";6;"A";52;"A";7.73;"A";4.91;"A";3.37;"A"
"2025-07-19 19:15";29.2;"A";33.97;"A";998.61;"A";127;"A";59;"A";0;"A";8;"A";51;"A";9.12;"A";5.24;"A";3.82;"A"
"2025-07-19 19:30";28.42;"A";40.96;"A";998.91;"A";167;"A";64;"A";0;"A";16;"A";48;"A";15.69;"A";9.12;"A";6.53;"A"
"2025-07-19 19:45";25.41;"A";61.89;"A";998.85;"A";202;"A";46;"A";0;"A";9;"A";37;"A";11.16;"A";6.79;"A";4.46;"A"
"2025-07-19 20:00";24.19;"A";69.89;"A";998.9;"A";225;"A";38;"A";0;"A";11;"A";27;"A";10.56;"A";6.4;"A";4.73;"A"
"2025-07-19 20:15";23.73;"A";70.84;"A";999.19;"A";278;"A";30;"A";0;"A";8;"A";22;"A";11.21;"A";7.28;"A";5.23;"A"
"2025-07-19 20:30";23.47;"A";72.06;"A";999.17;"A";212;"A";37;"A";0;"A";13;"A";24;"A";12.5;"A";8.78;"A";6.26;"A"
"2025-07-19 20:45";23.33;"A";73.72;"A";999.29;"A";247;"A";32;"A";0;"A";13;"A";19;"A";12.37;"A";8.5;"A";6.22;"A"
"2025-07-19 21:00";23.12;"A";74.65;"A";999.6;"A";231;"A";29;"A";0;"A";11;"A";18;"A";12.83;"A";8.64;"A";6.35;"A"
"2025-07-19 21:15";23.02;"A";73.78;"A";999.68;"A";201;"A";28;"A";0;"A";10;"A";19;"A";13.22;"A";9.39;"A";7.15;"A"
"2025-07-19 21:30";22.88;"A";70.74;"A";999.81;"A";190;"A";30;"A";0;"A";8;"A";22;"A";11.96;"A";7.84;"A";6.02;"A"
"2025-07-19 21:45";22.89;"A";66.3;"A";999.93;"A";146;"A";33;"A";0;"A";8;"A";25;"A";11.25;"A";7.68;"A";5.68;"A"
"2025-07-19 22:00";22.91;"A";63.21;"A";1000.12;"A";115;"A";38;"A";0;"A";10;"A";28;"A";9.92;"A";6.52;"A";4.89;"A"
"2025-07-19 22:15";22.79;"A";62.72;"A";1000.13;"A";112;"A";37;"A";0;"A";10;"A";26;"A";10.02;"A";6.56;"A";4.45;"A"
"2025-07-19 22:30";22.6;"A";62.31;"A";1000.21;"A";116;"A";37;"A";0;"A";11;"A";26;"A";10.34;"A";6.13;"A";4.54;"A"
"2025-07-19 22:45";22.42;"A";62.34;"A";1000.27;"A";121;"A";37;"A";0;"A";9;"A";28;"A";9.65;"A";6.36;"A";4.59;"A"
"2025-07-19 23:00";22.25;"A";62.62;"A";1000.15;"A";127;"A";37;"A";0;"A";9;"A";28;"A";11.15;"A";6.94;"A";4.99;"A"
"2025-07-19 23:15";22.11;"A";63.55;"A";1000.3;"A";139;"A";37;"A";0;"A";8;"A";28;"A";9.93;"A";6.67;"A";5;"A"
"2025-07-19 23:30";22.09;"A";61.45;"A";1000.31;"A";121;"A";38;"A";0;"A";11;"A";27;"A";11.39;"A";7.39;"A";5.45;"A"
"2025-07-19 23:45";21.97;"A";63.07;"A";1000.37;"A";124;"A";37;"A";0;"A";13;"A";24;"A";10.81;"A";7.03;"A";5.25;"A"
"2025-07-20 00:00";22.01;"A";62.52;"A";1000.47;"A";101;"A";37;"A";0;"A";11;"A";27;"A";10.56;"A";6.1;"A";4.51;"A"
"2025-07-20 00:15";21.85;"A";61.72;"A";1000.38;"A";123;"A";41;"A";0;"A";19;"A";22;"A";9.97;"A";6.72;"A";4.61;"A"
"2025-07-20 00:30";21.74;"A";60.2;"A";1000.28;"A";109;"A";38;"A";0;"A";13;"A";25;"A";8.76;"A";6.5;"A";4.74;"A"
"2025-07-20 00:45";21.63;"A";60.9;"A";1000.12;"A";97;"A";39;"A";0;"A";13;"A";26;"A";10.13;"A";6.74;"A";4.97;"A"
"2025-07-20 01:00";21.48;"A";60.69;"A";1000.09;"A";103;"A";40;"A";0;"A";11;"A";29;"A";13.2;"A";9.43;"A";6.82;"A"
"2025-07-20 01:15";21.26;"A";62.47;"A";1000.01;"A";107;"A";38;"A";0;"A";8;"A";31;"A";14.17;"A";10.47;"A";7.56;"A"
"2025-07-20 01:30";21.07;"A";61.91;"A";1000;"A";90;"A";40;"A";0;"A";7;"A";32;"A";10.86;"A";7.73;"A";5.78;"A"
"2025-07-20 01:45";20.91;"A";63.12;"A";999.92;"A";87;"A";38;"A";0;"A";6;"A";32;"A";10.29;"A";7.33;"A";5.5;"A"
"2025-07-20 02:00";20.77;"A";63.27;"A";999.89;"A";84;"A";39;"A";0;"A";6;"A";32;"A";9.5;"A";7.25;"A";5.06;"A"
"2025-07-20 02:15";20.64;"A";63.24;"A";999.76;"A";83;"A";39;"A";0;"A";7;"A";33;"A";8.59;"A";6.29;"A";4.66;"A"
"2025-07-20 02:30";20.48;"A";63.5;"A";999.74;"A";80;"A";40;"A";0;"A";6;"A";33;"A";8.57;"A";6.52;"A";4.55;"A"
"2025-07-20 02:45";20.38;"A";63.54;"A";999.69;"A";77;"A";41;"A";0;"A";9;"A";32;"A";7.69;"A";6.04;"A";4.43;"A"
"2025-07-20 03:00";20.15;"A";65.08;"A";999.58;"A";82;"A";40;"A";0;"A";10;"A";30;"A";8.41;"A";5.99;"A";4.6;"A"
"2025-07-20 03:15";19.94;"A";66.49;"A";999.65;"A";83;"A";39;"A";0;"A";13;"A";26;"A";8.61;"A";6.17;"A";4.54;"A"
"2025-07-20 03:30";19.77;"A";66.93;"A";999.68;"A";84;"A";38;"A";0;"A";15;"A";23;"A";9.21;"A";6.36;"A";4.64;"A"
"2025-07-20 03:45";19.55;"A";67.95;"A";999.73;"A";86;"A";35;"A";0;"A";13;"A";21;"A";8.39;"A";6.26;"A";4.8;"A"
"2025-07-20 04:00";19.35;"A";68.54;"A";999.65;"A";85;"A";37;"A";0;"A";16;"A";21;"A";9.1;"A";6.92;"A";4.93;"A"
"2025-07-20 04:15";19.16;"A";69.82;"A";999.61;"A";89;"A";33;"A";0;"A";13;"A";19;"A";8.82;"A";6.74;"A";4.96;"A"
"2025-07-20 04:30";19.04;"A";70.36;"A";999.59;"A";89;"A";35;"A";0;"A";15;"A";20;"A";10.1;"A";7.05;"A";5.11;"A"
"2025-07-20 04:45";18.96;"A";70.96;"A";999.44;"A";91;"A";34;"A";0;"A";14;"A";21;"A";8.66;"A";6.36;"A";4.93;"A"
"2025-07-20 05:00";18.9;"A";71.82;"A";999.42;"A";92;"A";32;"A";0;"A";13;"A";19;"A";9.57;"A";6.92;"A";5.09;"A"
"2025-07-20 05:15";18.84;"A";71.83;"A";999.58;"A";101;"A";32;"A";0;"A";15;"A";17;"A";10.94;"A";7.75;"A";5.33;"A"
"2025-07-20 05:30";18.79;"A";72.37;"A";999.74;"A";112;"A";30;"A";0;"A";15;"A";15;"A";11.14;"A";7.73;"A";5.81;"A"
"2025-07-20 05:45";18.94;"A";71.38;"A";999.9;"A";154;"A";32;"A";0;"A";14;"A";17;"A";11.61;"A";8.55;"A";6.6;"A"
"2025-07-20 06:00";19.25;"A";67.69;"A";1000.11;"A";116;"A";37;"A";0;"A";11;"A";26;"A";9.17;"A";6.64;"A";4.77;"A"
"2025-07-20 06:15";19.49;"A";66.55;"A";1000.19;"A";82;"A";40;"A";0;"A";9;"A";32;"A";9.49;"A";6.27;"A";4.55;"A"
"2025-07-20 06:30";19.7;"A";66.4;"A";1000.05;"A";95;"A";39;"A";0;"A";8;"A";31;"A";8.73;"A";6.34;"A";4.66;"A"
"2025-07-20 06:45";20.03;"A";64.39;"A";1000.15;"A";109;"A";40;"A";0;"A";10;"A";30;"A";10.28;"A";7.07;"A";5.11;"A"
"2025-07-20 07:00";20.44;"A";63.73;"A";1000.33;"A";108;"A";40;"A";0;"A";9;"A";31;"A";9.76;"A";7.19;"A";5.18;"A"
"2025-07-20 07:15";20.86;"A";60.57;"A";1000.26;"A";108;"A";43;"A";0;"A";9;"A";34;"A";10.06;"A";7.04;"A";5.16;"A"
"2025-07-20 07:30";21.64;"A";58.25;"A";1000.2;"A";103;"A";46;"A";0;"A";8;"A";37;"A";8.8;"A";6.58;"A";4.88;"A"
"2025-07-20 07:45";23.54;"A";52.79;"A";1000.33;"A";116;"A";45;"A";0;"A";8;"A";37;"A";8.39;"A";6.3;"A";4.79;"A"
"2025-07-20 08:00";24.82;"A";49.75;"A";1000.18;"A";108;"A";49;"A";0;"A";7;"A";42;"A";8.97;"A";6.48;"A";4.75;"A"
"2025-07-20 08:15";24.99;"A";50.08;"A";1000.24;"A";133;"A";51;"A";0;"A";8;"A";43;"A";10.26;"A";6.86;"A";5.08;"A"
"2025-07-20 08:30";24.84;"A";50.99;"A";1000.23;"A";141;"A";52;"A";0;"A";9;"A";43;"A";7.96;"A";5.63;"A";4.34;"A"
"2025-07-20 08:45";25.24;"A";49.68;"A";1000.24;"A";130;"A";53;"A";0;"A";8;"A";45;"A";8.29;"A";6.14;"A";4.46;"A"
"2025-07-20 09:00";25.8;"A";48.71;"A";1000.33;"A";131;"A";52;"A";0;"A";7;"A";44;"A";7.09;"A";5.14;"A";4.13;"A"
"2025-07-20 09:15";26.47;"A";46.22;"A";1000.22;"A";121;"A";53;"A";0;"A";7;"A";46;"A";6.88;"A";4.87;"A";3.83;"A"
"2025-07-20 09:30";27.46;"A";43.9;"A";1000.25;"A";124;"A";55;"A";0;"A";8;"A";48;"A";7.03;"A";4.81;"A";3.65;"A"
"2025-07-20 09:45";28.21;"A";42.03;"A";1000.31;"A";136;"A";54;"A";0;"A";7;"A";48;"A";7.4;"A";5.01;"A";3.6;"A"
"2025-07-20 10:00";28.22;"A";41.24;"A";1000.29;"A";133;"A";59;"A";0;"A";7;"A";52;"A";6.27;"A";4.67;"A";3.25;"A"
"2025-07-20 10:15";28.14;"A";41.35;"A";1000.18;"A";144;"A";60;"A";0;"A";8;"A";52;"A";5.2;"A";4.13;"A";3.21;"A"
"2025-07-20 10:30";28.29;"A";40.32;"A";1000.02;"A";139;"A";60;"A";0;"A";7;"A";52;"A";5.97;"A";4.46;"A";3.24;"A"
"2025-07-20 10:45";28.59;"A";39.81;"A";999.97;"A";137;"A";60;"A";0;"A";8;"A";52;"A";6.37;"A";4.6;"A";3.4;"A"
"2025-07-20 11:00";29.18;"A";38.24;"A";999.92;"A";125;"A";58;"A";0;"A";7;"A";51;"A";5.58;"A";3.74;"A";2.91;"A"
"2025-07-20 11:15";29.31;"A";37.69;"A";999.79;"A";131;"A";59;"A";0;"A";7;"A";52;"A";6.44;"A";4.04;"A";2.76;"A"
"2025-07-20 11:30";29.49;"A";37.08;"A";999.76;"A";126;"A";61;"A";0;"A";8;"A";53;"A";6.17;"A";3.93;"A";2.89;"A"
"2025-07-20 11:45";29.71;"A";36.59;"A";999.68;"A";123;"A";59;"A";0;"A";6;"A";52;"A";5.95;"A";4.13;"A";2.98;"A"
"2025-07-20 12:00";29.71;"A";35.98;"A";999.66;"A";131;"A";62;"A";0;"A";8;"A";54;"A";6.96;"A";4.02;"A";3;"A"
"2025-07-20 12:15";29.95;"A";35.76;"A";999.57;"A";129;"A";60;"A";0;"A";7;"A";53;"A";5.82;"A";3.86;"A";2.95;"A"
"2025-07-20 12:30";29.85;"A";35.75;"A";999.5;"A";117;"A";60;"A";0;"A";7;"A";53;"A";5.85;"A";3.89;"A";2.83;"A"
"2025-07-20 12:45";29.88;"A";35.58;"A";999.32;"A";131;"A";60;"A";0;"A";8;"A";52;"A";7.12;"A";4.45;"A";3;"A"
"2025-07-20 13:00";30.35;"A";34.69;"A";999.38;"A";121;"A";57;"A";0;"A";7;"A";50;"A";6.23;"A";4.03;"A";2.93;"A"
"2025-07-20 13:15";30.31;"A";34.74;"A";999.18;"A";112;"A";59;"A";0;"A";7;"A";53;"A";6.03;"A";4.17;"A";2.92;"A"
"2025-07-20 13:30";30.09;"A";35.16;"A";999;"A";126;"A";59;"A";0;"A";8;"A";51;"A";8.06;"A";4.48;"A";3.28;"A"
"2025-07-20 13:45";29.82;"A";35.23;"A";998.81;"A";170;"A";59;"A";0;"A";8;"A";51;"A";6.77;"A";4.44;"A";3.15;"A"
"2025-07-20 14:00";29.88;"A";35.11;"A";998.71;"A";119;"A";59;"A";0;"A";8;"A";51;"A";6.82;"A";4.11;"A";3.05;"A"
"2025-07-20 14:15";29.91;"A";34.55;"A";998.57;"A";126;"A";58;"A";0;"A";7;"A";51;"A";6.47;"A";4.18;"A";3.1;"A"
"2025-07-20 14:30";29.97;"A";35.03;"A";998.56;"A";130;"A";58;"A";0;"A";7;"A";51;"A";6.8;"A";4.35;"A";3.14;"A"
"2025-07-20 14:45";30.2;"A";34.35;"A";998.47;"A";143;"A";59;"A";0;"A";8;"A";51;"A";9.37;"A";5.9;"A";4.47;"A"
"2025-07-20 15:00";30.96;"A";33.2;"A";998.28;"A";121;"A";58;"A";0;"A";7;"A";51;"A";6.54;"A";4;"A";2.98;"A"
"2025-07-20 15:15";31.29;"A";31.7;"A";998.18;"A";115;"A";58;"A";0;"A";7;"A";52;"A";6.72;"A";3.74;"A";2.72;"A"
"2025-07-20 15:30";31.37;"A";31.91;"A";998;"A";115;"A";60;"A";0;"A";7;"A";53;"A";6.14;"A";3.82;"A";2.72;"A"
"2025-07-20 15:45";32.07;"A";30.94;"A";997.87;"A";126;"A";58;"A";0;"A";7;"A";52;"A";5.92;"A";3.71;"A";2.83;"A"
"2025-07-20 16:00";32.08;"A";30.31;"A";997.76;"A";115;"A";59;"A";0;"A";6;"A";53;"A";6.02;"A";3.88;"A";2.71;"A"
"2025-07-20 16:15";31.92;"A";30.76;"A";997.74;"A";129;"A";60;"A";0;"A";8;"A";52;"A";5.97;"A";3.84;"A";2.93;"A"
"2025-07-20 16:30";31.69;"A";31.21;"A";997.71;"A";127;"A";59;"A";0;"A";7;"A";52;"A";6.04;"A";3.92;"A";2.85;"A"
"2025-07-20 16:45";31.27;"A";30.8;"A";997.52;"A";125;"A";59;"A";0;"A";7;"A";52;"A";6.96;"A";3.95;"A";2.74;"A"
"2025-07-20 17:00";31.11;"A";31.56;"A";997.48;"A";146;"A";59;"A";0;"A";7;"A";52;"A";7.64;"A";4.5;"A";3.1;"A"
"2025-07-20 17:15";29.69;"A";38.84;"A";997.87;"A";158;"A";62;"A";0;"A";11;"A";51;"A";16.99;"A";7.75;"A";5.06;"A"
"2025-07-20 17:30";27.84;"A";46.67;"A";997.96;"A";175;"A";55;"A";0;"A";11;"A";44;"A";13.28;"A";6.95;"A";4.55;"A"
"2025-07-20 17:45";27.2;"A";47.7;"A";998.14;"A";208;"A";53;"A";0;"A";15;"A";38;"A";15.96;"A";7.69;"A";5.27;"A"
"2025-07-20 18:00";27.01;"A";47.91;"A";998.06;"A";403;"A";53;"A";0;"A";13;"A";40;"A";16.5;"A";8.82;"A";5.98;"A"
"2025-07-20 18:15";27.22;"A";47.82;"A";998.06;"A";233;"A";53;"A";0;"A";14;"A";39;"A";14.01;"A";7.55;"A";5.33;"A"
"2025-07-20 18:30";27.36;"A";46.83;"A";998.02;"A";159;"A";51;"A";0;"A";11;"A";40;"A";9.31;"A";5.51;"A";3.7;"A"
"2025-07-20 18:45";27.41;"A";45.45;"A";998.2;"A";140;"A";53;"A";0;"A";9;"A";44;"A";8.75;"A";4.49;"A";3.07;"A"
"2025-07-20 19:00";27.29;"A";45.99;"A";998.27;"A";117;"A";57;"A";0;"A";8;"A";49;"A";7.38;"A";4.6;"A";3.24;"A"
"2025-07-20 19:15";26.86;"A";46.41;"A";998.45;"A";123;"A";56;"A";0;"A";8;"A";48;"A";9.18;"A";4.91;"A";3.47;"A"
"2025-07-20 19:30";26.42;"A";45.46;"A";998.39;"A";104;"A";56;"A";0;"A";7;"A";49;"A";11.19;"A";5.56;"A";3.54;"A"
"2025-07-20 19:45";25.93;"A";46.55;"A";998.42;"A";102;"A";58;"A";0;"A";9;"A";49;"A";10.43;"A";4.74;"A";3.27;"A"
"2025-07-20 20:00";25.59;"A";47.83;"A";998.41;"A";111;"A";58;"A";0;"A";12;"A";46;"A";7.92;"A";4.4;"A";2.68;"A"
"2025-07-20 20:15";25.13;"A";48.94;"A";998.35;"A";120;"A";58;"A";0;"A";12;"A";46;"A";17.72;"A";6.47;"A";3.73;"A"
"2025-07-20 20:30";24.65;"A";50.71;"A";998.35;"A";208;"A";57;"A";0;"A";12;"A";46;"A";18.25;"A";8.56;"A";5.82;"A"
"2025-07-20 20:45";24.38;"A";51.54;"A";998.34;"A";285;"A";56;"A";0;"A";13;"A";43;"A";15.35;"A";8.64;"A";5.72;"A"
"2025-07-20 21:00";24.2;"A";52.52;"A";998.38;"A";155;"A";54;"A";0;"A";12;"A";42;"A";9.27;"A";5.21;"A";3.64;"A"
"2025-07-20 21:15";24.13;"A";52.67;"A";998.44;"A";222;"A";53;"A";0;"A";15;"A";39;"A";7.88;"A";4.42;"A";2.78;"A"
"2025-07-20 21:30";23.99;"A";53.3;"A";998.63;"A";223;"A";50;"A";0;"A";12;"A";37;"A";9.33;"A";5.05;"A";3.35;"A"
"2025-07-20 21:45";23.83;"A";53.63;"A";998.57;"A";164;"A";49;"A";0;"A";14;"A";35;"A";7.81;"A";5.02;"A";3.34;"A"
"2025-07-20 22:00";23.44;"A";55.28;"A";998.7;"A";155;"A";46;"A";0;"A";12;"A";34;"A";9.72;"A";5.61;"A";3.85;"A"
"2025-07-20 22:15";23.2;"A";56.01;"A";998.71;"A";158;"A";46;"A";0;"A";12;"A";34;"A";11.9;"A";6.44;"A";4.13;"A"
"2025-07-20 22:30";23.04;"A";56.38;"A";998.55;"A";143;"A";46;"A";0;"A";13;"A";33;"A";14.18;"A";7.62;"A";5.04;"A"
"2025-07-20 22:45";22.89;"A";56.95;"A";998.42;"A";149;"A";45;"A";0;"A";15;"A";30;"A";14.52;"A";7.63;"A";5.25;"A"
"2025-07-20 23:00";22.74;"A";57.37;"A";998.54;"A";180;"A";45;"A";0;"A";16;"A";29;"A";12.67;"A";7.14;"A";4.78;"A"
"2025-07-20 23:15";22.69;"A";57.34;"A";998.49;"A";171;"A";46;"A";0;"A";18;"A";27;"A";11.45;"A";6.97;"A";4.72;"A"
"2025-07-20 23:30";22.62;"A";57.79;"A";998.48;"A";164;"A";45;"A";0;"A";23;"A";23;"A";10.09;"A";6.28;"A";4.39;"A"
"2025-07-20 23:45";22.41;"A";58.92;"A";998.48;"A";156;"A";44;"A";0;"A";21;"A";23;"A";9.2;"A";5.83;"A";4.05;"A"
"2025-07-21 00:00";22.31;"A";59.48;"A";998.42;"A";144;"A";44;"A";0;"A";17;"A";27;"A";9.99;"A";6.43;"A";4.62;"A"
"2025-07-21 00:15";22.42;"A";60.27;"A";998.42;"A";131;"A";47;"A";0;"A";14;"A";33;"A";10.54;"A";7.22;"A";5.25;"A"
"2025-07-21 00:30";22.78;"A";60.69;"A";998.5;"A";121;"A";50;"A";0;"A";12;"A";38;"A";12.16;"A";8.43;"A";6.09;"A"
"2025-07-21 00:45";22.98;"A";62.15;"A";998.44;"A";118;"A";52;"A";0;"A";12;"A";40;"A";11.79;"A";8.47;"A";6.11;"A"
"2025-07-21 01:00";23.05;"A";64.24;"A";998.27;"A";106;"A";51;"A";0;"A";11;"A";39;"A";9.83;"A";6.34;"A";4.56;"A"
"2025-07-21 01:15";23.06;"A";65.03;"A";998.26;"A";100;"A";50;"A";0;"A";10;"A";41;"A";8.16;"A";5.54;"A";3.97;"A"
"2025-07-21 01:30";23.03;"A";66.31;"A";998.23;"A";94;"A";51;"A";0;"A";8;"A";43;"A";9.27;"A";6.3;"A";4.22;"A"
"2025-07-21 01:45";23.01;"A";68.61;"A";998.12;"A";98;"A";51;"A";0;"A";9;"A";42;"A";13.34;"A";7.32;"A";5.35;"A"
"2025-07-21 02:00";22.94;"A";68.89;"A";998.04;"A";129;"A";48;"A";0;"A";10;"A";38;"A";16.37;"A";10.1;"A";7.14;"A"
"2025-07-21 02:15";22.8;"A";69.85;"A";997.95;"A";137;"A";48;"A";0;"A";9;"A";39;"A";14.99;"A";9.03;"A";6.85;"A"
"2025-07-21 02:30";22.67;"A";71.61;"A";997.99;"A";208;"A";47;"A";0;"A";11;"A";36;"A";10.92;"A";7.22;"A";5.22;"A"
"2025-07-21 02:45";22.59;"A";74.3;"A";998.12;"A";208;"A";46;"A";0;"A";12;"A";34;"A";13.49;"A";9.21;"A";6.54;"A"
"2025-07-21 03:00";22.57;"A";76.21;"A";998.03;"A";131;"A";44;"A";0;"A";10;"A";34;"A";14.97;"A";9.43;"A";6.73;"A"
"2025-07-21 03:15";22.51;"A";77.53;"A";998.03;"A";126;"A";42;"A";0;"A";8;"A";35;"A";10.43;"A";7.3;"A";6.68;"A"
"2025-07-21 03:30";22.41;"A";78.93;"A";997.99;"A";162;"A";43;"A";0;"A";8;"A";35;"A";13.84;"A";9.89;"A";9.2;"A"
"2025-07-21 03:45";22.38;"A";79.69;"A";998;"A";163;"A";41;"A";0;"A";8;"A";34;"A";18.86;"A";13.57;"A";12.72;"A"
"2025-07-21 04:00";22.22;"A";80.35;"A";998.08;"A";121;"A";39;"A";0;"A";5;"A";33;"A";13.93;"A";9.96;"A";9.27;"A"
"2025-07-21 04:15";22.1;"A";81.01;"A";997.93;"A";108;"A";38;"A";0;"A";6;"A";32;"A";13.03;"A";9.3;"A";8.64;"A"
"2025-07-21 04:30";22.06;"A";81.94;"A";997.97;"A";110;"A";39;"A";0;"A";7;"A";32;"A";14.14;"A";10.11;"A";9.41;"A"
"2025-07-21 04:45";22.05;"A";82.08;"A";997.94;"A";114;"A";38;"A";0;"A";8;"A";30;"A";14.89;"A";10.66;"A";9.94;"A"
"2025-07-21 05:00";21.99;"A";82.25;"A";997.82;"A";115;"A";37;"A";0;"A";10;"A";27;"A";15.11;"A";10.82;"A";10.09;"A"
"2025-07-21 05:15";21.98;"A";82.59;"A";997.87;"A";121;"A";36;"A";0;"A";9;"A";27;"A";21.04;"A";15.17;"A";14.24;"A"
"2025-07-21 05:30";22.01;"A";83.17;"A";997.9;"A";142;"A";38;"A";0;"A";9;"A";29;"A";18.75;"A";13.49;"A";12.64;"A"
"2025-07-21 05:45";21.97;"A";83.25;"A";997.87;"A";182;"A";37;"A";0;"A";9;"A";27;"A";18.13;"A";13.04;"A";12.21;"A"
"2025-07-21 06:00";21.99;"A";83.41;"A";998.01;"A";241;"A";37;"A";0;"A";12;"A";26;"A";19.75;"A";14.22;"A";13.34;"A"
"2025-07-21 06:15";22;"A";83.58;"A";998.06;"A";197;"A";38;"A";0;"A";9;"A";29;"A";22.02;"A";15.89;"A";14.93;"A"
"2025-07-21 06:30";22.08;"A";83.5;"A";998.18;"A";148;"A";37;"A";0;"A";7;"A";30;"A";23.48;"A";16.95;"A";15.95;"A"
"2025-07-21 06:45";22.2;"A";83.22;"A";998.16;"A";148;"A";37;"A";0;"A";7;"A";30;"A";22.89;"A";16.52;"A";15.54;"A"
"2025-07-21 07:00";22.15;"A";82.83;"A";998.16;"A";144;"A";38;"A";0;"A";7;"A";31;"A";24.8;"A";17.92;"A";16.88;"A"
"2025-07-21 07:15";22.19;"A";82.48;"A";998.28;"A";148;"A";38;"A";0;"A";7;"A";31;"A";26.42;"A";19.11;"A";18.01;"A"
"2025-07-21 07:30";22.31;"A";82.19;"A";998.25;"A";168;"A";39;"A";0;"A";8;"A";31;"A";24.5;"A";17.7;"A";16.67;"A"
"2025-07-21 07:45";22.39;"A";81.8;"A";998.24;"A";199;"A";39;"A";0;"A";8;"A";31;"A";24.29;"A";17.55;"A";16.52;"A"
"2025-07-21 08:00";23.29;"A";78.94;"A";998.35;"A";186;"A";38;"A";0;"A";8;"A";30;"A";21.14;"A";15.24;"A";14.31;"A"
"2025-07-21 08:15";23.89;"A";75.67;"A";998.25;"A";206;"A";41;"A";0;"A";10;"A";30;"A";22.25;"A";16.55;"A";14.49;"A"
"2025-07-21 08:30";24.23;"A";73.93;"A";998.35;"A";220;"A";43;"A";0;"A";10;"A";33;"A";24.12;"A";18.2;"A";12.6;"A"
"2025-07-21 08:45";24.94;"A";70.37;"A";998.54;"A";189;"A";44;"A";0;"A";8;"A";36;"A";24;"A";18.32;"A";13.4;"A"
"2025-07-21 09:00";26.11;"A";65.93;"A";998.46;"A";186;"A";45;"A";0;"A";8;"A";37;"A";20.34;"A";15.2;"A";11.43;"A"
"2025-07-21 09:15";26.39;"A";63.65;"A";998.39;"A";201;"A";48;"A";0;"A";8;"A";40;"A";24.18;"A";17.98;"A";13.04;"A"
"2025-07-21 09:30";26.73;"A";62.26;"A";998.49;"A";173;"A";49;"A";0;"A";8;"A";42;"A";17.77;"A";12.96;"A";9.22;"A"
"2025-07-21 09:45";27.15;"A";60.11;"A";998.63;"A";192;"A";49;"A";0;"A";6;"A";43;"A";18.22;"A";13.2;"A";10.05;"A"
"2025-07-21 10:00";27.61;"A";58.1;"A";998.7;"A";209;"A";52;"A";0;"A";8;"A";44;"A";22.98;"A";16.62;"A";12.72;"A"
"2025-07-21 10:15";28.19;"A";56.6;"A";998.53;"A";222;"A";53;"A";0;"A";7;"A";46;"A";20.24;"A";15.1;"A";11.26;"A"
"2025-07-21 10:30";28.75;"A";53.43;"A";998.7;"A";211;"A";55;"A";0;"A";8;"A";47;"A";18.64;"A";13.48;"A";10.08;"A"
"2025-07-21 10:45";29.25;"A";50.77;"A";998.71;"A";184;"A";58;"A";0;"A";8;"A";50;"A";14.4;"A";10.84;"A";8.17;"A"
"2025-07-21 11:00";29.16;"A";49.04;"A";998.57;"A";197;"A";59;"A";0;"A";7;"A";53;"A";13.77;"A";10.31;"A";7.68;"A"
"2025-07-21 11:15";29.39;"A";47.56;"A";998.42;"A";191;"A";62;"A";0;"A";7;"A";56;"A";13.76;"A";10.41;"A";7.9;"A"
"2025-07-21 11:30";30.15;"A";42.57;"A";998.46;"A";162;"A";60;"A";0;"A";9;"A";51;"A";10.11;"A";6.69;"A";5.17;"A"
"2025-07-21 11:45";31.19;"A";37.96;"A";998.27;"A";136;"A";61;"A";0;"A";8;"A";53;"A";7.12;"A";4.96;"A";3.71;"A"
"2025-07-21 12:00";31.42;"A";37.73;"A";998.2;"A";147;"A";65;"A";0;"A";8;"A";57;"A";6.39;"A";4.88;"A";3.58;"A"
"2025-07-21 12:15";31.2;"A";39.26;"A";998.16;"A";196;"A";63;"A";0;"A";9;"A";54;"A";8.75;"A";6.03;"A";4.37;"A"
"2025-07-21 12:30";31.57;"A";36.94;"A";997.93;"A";171;"A";61;"A";0;"A";7;"A";54;"A";7.82;"A";5.69;"A";4.19;"A"
"2025-07-21 12:45";31.88;"A";36.05;"A";997.98;"A";166;"A";62;"A";0;"A";7;"A";55;"A";8.83;"A";5.86;"A";4.45;"A"
"2025-07-21 13:00";32.35;"A";35.75;"A";997.85;"A";169;"A";61;"A";0;"A";7;"A";55;"A";7.67;"A";5.17;"A";3.74;"A"
"2025-07-21 13:15";32.67;"A";34.34;"A";997.8;"A";163;"A";63;"A";0;"A";8;"A";54;"A";7.45;"A";5.01;"A";3.46;"A"
"2025-07-21 13:30";33.21;"A";33.28;"A";997.48;"A";155;"A";62;"A";0;"A";7;"A";55;"A";6.57;"A";4.35;"A";3.3;"A"
"2025-07-21 13:45";33.12;"A";33.77;"A";997.48;"A";161;"A";63;"A";0;"A";7;"A";56;"A";12.95;"A";6.84;"A";4.82;"A"
"2025-07-21 14:00";32.96;"A";34.87;"A";997.42;"A";191;"A";62;"A";0;"A";8;"A";54;"A";7.81;"A";5.01;"A";3.84;"A"
"2025-07-21 14:15";33.51;"A";33.05;"A";997.09;"A";163;"A";60;"A";0;"A";7;"A";53;"A";6.41;"A";4.47;"A";3.42;"A"
"2025-07-21 14:30";33.8;"A";32.69;"A";997.14;"A";162;"A";59;"A";0;"A";5;"A";54;"A";7.45;"A";4.84;"A";3.49;"A"
"2025-07-21 14:45";33.96;"A";31.66;"A";997.09;"A";157;"A";61;"A";0;"A";7;"A";55;"A";7.43;"A";4.61;"A";3.41;"A"
"2025-07-21 15:00";34.02;"A";31.21;"A";997.01;"A";167;"A";62;"A";0;"A";6;"A";56;"A";7.52;"A";4.89;"A";3.58;"A"
"2025-07-21 15:15";34.24;"A";30.79;"A";996.91;"A";163;"A";64;"A";0;"A";8;"A";57;"A";7.7;"A";4.11;"A";3.24;"A"
"2025-07-21 15:30";34.46;"A";29.88;"A";996.69;"A";152;"A";63;"A";0;"A";6;"A";57;"A";7.42;"A";4.57;"A";3.33;"A"
"2025-07-21 15:45";34.86;"A";29.85;"A";996.54;"A";174;"A";63;"A";0;"A";7;"A";56;"A";6.81;"A";4.49;"A";3.24;"A"
"2025-07-21 16:00";34.65;"A";29.3;"A";996.44;"A";168;"A";65;"A";0;"A";10;"A";55;"A";6.98;"A";4.55;"A";3.14;"A"
"2025-07-21 16:15";34.42;"A";29.88;"A";996.34;"A";165;"A";66;"A";0;"A";10;"A";56;"A";7.64;"A";5.05;"A";3.56;"A"
"2025-07-21 16:30";34.27;"A";29.59;"A";996.38;"A";176;"A";68;"A";0;"A";10;"A";57;"A";8.53;"A";4.84;"A";3.51;"A"
"2025-07-21 16:45";34.46;"A";29.85;"A";996.26;"A";182;"A";67;"A";0;"A";9;"A";58;"A";8.85;"A";5.86;"A";4.37;"A"
"2025-07-21 17:00";34.19;"A";30.44;"A";996.4;"A";184;"A";67;"A";0;"A";8;"A";59;"A";8.67;"A";5.78;"A";4.27;"A"
"2025-07-21 17:15";33.7;"A";31.85;"A";996.54;"A";192;"A";65;"A";0;"A";9;"A";56;"A";8.68;"A";5.47;"A";4.23;"A"
"2025-07-21 17:30";33.65;"A";32.85;"A";996.51;"A";175;"A";61;"A";0;"A";7;"A";53;"A";9.59;"A";5.6;"A";3.95;"A"
"2025-07-21 17:45";33.86;"A";31.21;"A";996.52;"A";162;"A";64;"A";0;"A";7;"A";57;"A";7.46;"A";4.66;"A";3.33;"A"
"2025-07-21 18:00";33.75;"A";31.14;"A";996.34;"A";157;"A";66;"A";0;"A";7;"A";59;"A";7.99;"A";4.58;"A";3.27;"A"
"2025-07-21 18:15";33.92;"A";31.4;"A";996.43;"A";169;"A";65;"A";0;"A";6;"A";58;"A";7.07;"A";4.53;"A";3.14;"A"
"2025-07-21 18:30";33.86;"A";31.39;"A";996.36;"A";164;"A";64;"A";0;"A";9;"A";56;"A";7.58;"A";4.84;"A";3.26;"A"
"2025-07-21 18:45";33.56;"A";31.88;"A";996.37;"A";159;"A";65;"A";0;"A";7;"A";58;"A";6.62;"A";4.61;"A";3.29;"A"
"2025-07-21 19:00";33.04;"A";36.49;"A";996.48;"A";191;"A";64;"A";0;"A";12;"A";52;"A";8.9;"A";5.5;"A";4.05;"A"
"2025-07-21 19:15";32.12;"A";42.07;"A";996.78;"A";207;"A";52;"A";0;"A";7;"A";45;"A";9.03;"A";6.99;"A";5.21;"A"
"2025-07-21 19:30";31.4;"A";44.01;"A";996.76;"A";219;"A";52;"A";0;"A";8;"A";44;"A";15.58;"A";11.01;"A";7.99;"A"
"2025-07-21 19:45";30.88;"A";45.31;"A";996.84;"A";243;"A";51;"A";0;"A";9;"A";42;"A";19.93;"A";13.92;"A";10.49;"A"
"2025-07-21 20:00";30.57;"A";46.15;"A";997.02;"A";222;"A";50;"A";0;"A";8;"A";42;"A";17.48;"A";12.21;"A";8.84;"A"
"2025-07-21 20:15";30.23;"A";46.85;"A";997.09;"A";214;"A";49;"A";0;"A";8;"A";41;"A";16.89;"A";11.69;"A";8.84;"A"
"2025-07-21 20:30";29.88;"A";47.29;"A";997.29;"A";202;"A";49;"A";0;"A";8;"A";41;"A";14.75;"A";9.91;"A";7.35;"A"
"2025-07-21 20:45";29.53;"A";48.02;"A";997.4;"A";182;"A";49;"A";0;"A";8;"A";41;"A";11.4;"A";8.24;"A";6.13;"A"
"2025-07-21 21:00";29.19;"A";49.13;"A";997.47;"A";180;"A";47;"A";0;"A";8;"A";39;"A";10.81;"A";8.05;"A";5.95;"A"
"2025-07-21 21:15";28.82;"A";50.35;"A";997.65;"A";178;"A";46;"A";0;"A";8;"A";38;"A";10.54;"A";7.71;"A";5.91;"A"
"2025-07-21 21:30";28.57;"A";51.18;"A";997.83;"A";180;"A";45;"A";0;"A";8;"A";37;"A";12.65;"A";8.16;"A";6.19;"A"
"2025-07-21 21:45";28.33;"A";51.73;"A";997.87;"A";177;"A";45;"A";0;"A";7;"A";37;"A";12.15;"A";8.78;"A";6.76;"A"
"2025-07-21 22:00";28.11;"A";52.5;"A";998;"A";186;"A";43;"A";0;"A";7;"A";36;"A";13.43;"A";9.55;"A";7.2;"A"
"2025-07-21 22:15";27.98;"A";52.77;"A";997.96;"A";191;"A";43;"A";0;"A";8;"A";36;"A";13.81;"A";10.36;"A";7.8;"A"
"2025-07-21 22:30";27.62;"A";53.77;"A";997.88;"A";220;"A";42;"A";0;"A";9;"A";33;"A";14.12;"A";9.85;"A";7.48;"A"
"2025-07-21 22:45";27.28;"A";54.89;"A";998;"A";346;"A";41;"A";0;"A";10;"A";31;"A";14.06;"A";9.68;"A";7.14;"A"
"2025-07-21 23:00";26.92;"A";55.74;"A";997.98;"A";197;"A";41;"A";0;"A";8;"A";33;"A";13.25;"A";9.08;"A";6.95;"A"
"2025-07-21 23:15";26.72;"A";56.27;"A";998.02;"A";188;"A";41;"A";0;"A";8;"A";32;"A";14.71;"A";9.6;"A";6.95;"A"
"2025-07-21 23:30";26.43;"A";56.91;"A";997.99;"A";180;"A";40;"A";0;"A";7;"A";32;"A";11.78;"A";8.68;"A";6.65;"A"
"2025-07-21 23:45";26.24;"A";57.16;"A";997.81;"A";168;"A";41;"A";0;"A";7;"A";34;"A";11.27;"A";8.92;"A";6.57;"A"
"2025-07-22 00:00";25.9;"A";58.51;"A";997.82;"A";176;"A";39;"A";0;"A";7;"A";32;"A";12.83;"A";9.29;"A";6.77;"A"
"2025-07-22 00:15";25.57;"A";59.8;"A";998.03;"A";184;"A";36;"A";0;"A";7;"A";29;"A";12.1;"A";9.2;"A";6.82;"A"
"2025-07-22 00:30";25.33;"A";60.28;"A";998.03;"A";196;"A";36;"A";0;"A";8;"A";29;"A";13.08;"A";9.85;"A";7.48;"A"
"2025-07-22 00:45";25.05;"A";61.51;"A";998.03;"A";190;"A";36;"A";0;"A";7;"A";29;"A";14.29;"A";10.45;"A";7.65;"A"
"2025-07-22 01:00";24.74;"A";62.73;"A";998.26;"A";191;"A";34;"A";0;"A";7;"A";27;"A";14.16;"A";10.41;"A";7.98;"A"
"2025-07-22 01:15";24.5;"A";63.49;"A";998.18;"A";197;"A";34;"A";0;"A";7;"A";26;"A";12.85;"A";9.92;"A";7.49;"A"
"2025-07-22 01:30";24.33;"A";63.83;"A";998.05;"A";198;"A";33;"A";0;"A";8;"A";25;"A";12.3;"A";9.57;"A";7.31;"A"
"2025-07-22 01:45";24.14;"A";64.71;"A";998.11;"A";193;"A";33;"A";0;"A";8;"A";25;"A";12.55;"A";9.13;"A";7.22;"A"
"2025-07-22 02:00";23.98;"A";65.3;"A";998.14;"A";203;"A";31;"A";0;"A";8;"A";24;"A";14.18;"A";10.85;"A";7.87;"A"
"2025-07-22 02:15";24;"A";65.63;"A";998.19;"A";244;"A";27;"A";0;"A";7;"A";20;"A";16.66;"A";12.69;"A";9.75;"A"
"2025-07-22 02:30";24.03;"A";67.32;"A";998.2;"A";252;"A";28;"A";0;"A";12;"A";16;"A";17.69;"A";13;"A";10.06;"A"
"2025-07-22 02:45";24.1;"A";68.87;"A";998.19;"A";249;"A";31;"A";0;"A";11;"A";19;"A";19.76;"A";15.38;"A";11.31;"A"
"2025-07-22 03:00";24.01;"A";68.7;"A";998.22;"A";243;"A";29;"A";0;"A";12;"A";17;"A";22.18;"A";16.69;"A";12.07;"A"
"2025-07-22 03:15";23.74;"A";69.56;"A";998.32;"A";267;"A";27;"A";0;"A";16;"A";11;"A";20.8;"A";16.54;"A";12.3;"A"
"2025-07-22 03:30";23.41;"A";70.98;"A";998.42;"A";266;"A";26;"A";0;"A";15;"A";11;"A";20;"A";15.89;"A";11.97;"A"
"2025-07-22 03:45";23.26;"A";71.68;"A";998.4;"A";252;"A";25;"A";0;"A";14;"A";12;"A";20.81;"A";16.1;"A";11.88;"A"
"2025-07-22 04:00";23.08;"A";72.38;"A";998.35;"A";247;"A";25;"A";0;"A";13;"A";12;"A";22.06;"A";16.56;"A";11.89;"A"
"2025-07-22 04:15";22.86;"A";73.37;"A";998.38;"A";226;"A";25;"A";0;"A";11;"A";14;"A";21;"A";16.45;"A";12.2;"A"
"2025-07-22 04:30";22.7;"A";74.11;"A";998.54;"A";277;"A";25;"A";0;"A";10;"A";15;"A";22.48;"A";16.44;"A";12.17;"A"
"2025-07-22 04:45";22.43;"A";74.78;"A";998.53;"A";245;"A";23;"A";0;"A";10;"A";13;"A";20.78;"A";15.64;"A";11.91;"A"
"2025-07-22 05:00";22.26;"A";75.74;"A";998.49;"A";228;"A";26;"A";0;"A";19;"A";7;"A";22.1;"A";16.67;"A";12.32;"A"
"2025-07-22 05:15";22.23;"A";75.54;"A";998.57;"A";233;"A";24;"A";0;"A";14;"A";10;"A";39.67;"A";20.98;"A";14.33;"A"
"2025-07-22 05:30";22.15;"A";75.36;"A";998.59;"A";278;"A";22;"A";0;"A";14;"A";8;"A";24.04;"A";19.31;"A";14.01;"A"
"2025-07-22 05:45";22.11;"A";75.53;"A";998.54;"A";274;"A";25;"A";0;"A";16;"A";9;"A";26.64;"A";19.72;"A";14.93;"A"
"2025-07-22 06:00";22.23;"A";75.07;"A";998.62;"A";276;"A";24;"A";0;"A";15;"A";9;"A";31.36;"A";22.24;"A";16.1;"A"
"2025-07-22 06:15";22.37;"A";74.73;"A";998.67;"A";259;"A";25;"A";0;"A";15;"A";10;"A";55.34;"A";25.67;"A";17.42;"A"
"2025-07-22 06:30";22.62;"A";73.88;"A";998.88;"A";285;"A";26;"A";0;"A";16;"A";10;"A";26.72;"A";19.62;"A";14.26;"A"
"2025-07-22 06:45";22.99;"A";72.88;"A";999;"A";423;"A";28;"A";0;"A";19;"A";10;"A";28.2;"A";20.98;"A";15.14;"A"
"2025-07-22 07:00";23.45;"A";70.15;"A";998.99;"A";327;"A";29;"A";0;"A";15;"A";14;"A";27.47;"A";19.38;"A";14.06;"A"
"2025-07-22 07:15";24.03;"A";62.7;"A";999.1;"A";259;"A";38;"A";0;"A";15;"A";23;"A";20.28;"A";14.5;"A";10.57;"A"
"2025-07-22 07:30";24.98;"A";59.74;"A";998.99;"A";204;"A";45;"A";0;"A";15;"A";31;"A";21.03;"A";12.67;"A";9.09;"A"
"2025-07-22 07:45";27.2;"A";53.36;"A";998.96;"A";348;"A";43;"A";0;"A";15;"A";29;"A";16.25;"A";11.1;"A";8.09;"A"
"2025-07-22 08:00";28.74;"A";48.99;"A";999.1;"A";341;"A";48;"A";0;"A";21;"A";27;"A";18.57;"A";12.79;"A";9.09;"A"
"2025-07-22 08:15";28.93;"A";47.58;"A";999.29;"A";355;"A";53;"A";0;"A";23;"A";30;"A";19.41;"A";15;"A";10.82;"A"
"2025-07-22 08:30";28.72;"A";46.55;"A";999.21;"A";223;"A";56;"A";0;"A";13;"A";44;"A";9.8;"A";6.89;"A";5.06;"A"
"2025-07-22 08:45";29.12;"A";46.32;"A";999.32;"A";226;"A";56;"A";0;"A";14;"A";42;"A";15.27;"A";9.91;"A";7.45;"A"
"2025-07-22 09:00";29.85;"A";42.51;"A";999.38;"A";200;"A";58;"A";0;"A";12;"A";47;"A";9.52;"A";5.92;"A";4.17;"A"
"2025-07-22 09:15";30.54;"A";41.12;"A";999.52;"A";178;"A";59;"A";0;"A";9;"A";50;"A";9.25;"A";5.91;"A";4.29;"A"
"2025-07-22 09:30";31.6;"A";38.21;"A";999.54;"A";170;"A";61;"A";0;"A";10;"A";51;"A";8.64;"A";5.24;"A";3.84;"A"
"2025-07-22 09:45";31.95;"A";37.83;"A";999.43;"A";172;"A";62;"A";0;"A";10;"A";52;"A";10.2;"A";6.26;"A";4.28;"A"
"2025-07-22 10:00";31.91;"A";37.86;"A";999.45;"A";204;"A";62;"A";0;"A";14;"A";48;"A";10.61;"A";6.41;"A";4.55;"A"
"2025-07-22 10:15";31.77;"A";37.45;"A";999.48;"A";180;"A";63;"A";0;"A";9;"A";54;"A";9.66;"A";6.02;"A";4.45;"A"
"2025-07-22 10:30";31.78;"A";36.88;"A";999.52;"A";203;"A";65;"A";0;"A";9;"A";56;"A";12.19;"A";8.68;"A";6.29;"A"
"2025-07-22 10:45";32.29;"A";35.71;"A";999.54;"A";210;"A";64;"A";0;"A";10;"A";55;"A";12.94;"A";7.96;"A";6.08;"A"
"2025-07-22 11:00";32.88;"A";34.19;"A";999.49;"A";160;"A";63;"A";0;"A";6;"A";57;"A";8.27;"A";4.99;"A";3.65;"A"
"2025-07-22 11:15";33.25;"A";32.72;"A";999.49;"A";187;"A";64;"A";0;"A";8;"A";56;"A";7.59;"A";4.71;"A";3.28;"A"
"2025-07-22 11:30";33.41;"A";33.17;"A";999.55;"A";189;"A";64;"A";0;"A";9;"A";55;"A";7.15;"A";4.9;"A";3.63;"A"
"2025-07-22 11:45";33.61;"A";32.04;"A";999.36;"A";165;"A";60;"A";0;"A";7;"A";54;"A";8.86;"A";5.15;"A";3.65;"A"
"2025-07-22 12:00";33.65;"A";31.87;"A";999.28;"A";157;"A";66;"A";0;"A";7;"A";58;"A";8.4;"A";5.27;"A";3.74;"A"
"2025-07-22 12:15";33.77;"A";32.46;"A";999.08;"A";164;"A";65;"A";0;"A";8;"A";57;"A";8.98;"A";5.34;"A";3.66;"A"
"2025-07-22 12:30";34.08;"A";32.14;"A";998.83;"A";152;"A";60;"A";0;"A";6;"A";55;"A";7.18;"A";5.02;"A";3.66;"A"
"2025-07-22 12:45";34.11;"A";31.93;"A";998.64;"A";167;"A";61;"A";0;"A";7;"A";54;"A";7.17;"A";5.02;"A";3.61;"A"
"2025-07-22 13:00";34.41;"A";31.49;"A";998.65;"A";149;"A";61;"A";0;"A";6;"A";54;"A";8.34;"A";5.42;"A";3.84;"A"
"2025-07-22 13:15";34.56;"A";31.67;"A";998.58;"A";168;"A";62;"A";0;"A";6;"A";55;"A";8.31;"A";5.75;"A";4.22;"A"
"2025-07-22 13:30";34.92;"A";31.76;"A";998.54;"A";160;"A";59;"A";0;"A";5;"A";54;"A";9.15;"A";5.65;"A";3.96;"A"
"2025-07-22 13:45";34.99;"A";31.46;"A";998.39;"A";176;"A";62;"A";0;"A";7;"A";54;"A";9.37;"A";5.77;"A";4.29;"A"
"2025-07-22 14:00";35.4;"A";30.71;"A";998.12;"A";162;"A";61;"A";0;"A";6;"A";55;"A";9.9;"A";6.22;"A";4.56;"A"
"2025-07-22 14:15";35.72;"A";30.6;"A";997.97;"A";166;"A";60;"A";0;"A";5;"A";55;"A";8.65;"A";5.74;"A";4.42;"A"
"2025-07-22 14:30";36.27;"A";30.13;"A";997.91;"A";185;"A";62;"A";0;"A";7;"A";56;"A";8.48;"A";5.92;"A";4.44;"A"
"2025-07-22 14:45";36.64;"A";29;"A";997.69;"A";174;"A";62;"A";0;"A";7;"A";56;"A";9.58;"A";6.33;"A";4.68;"A"
"2025-07-22 15:00";36.95;"A";28.8;"A";997.46;"A";183;"A";63;"A";0;"A";5;"A";58;"A";9.38;"A";5.98;"A";4.65;"A"
"2025-07-22 15:15";36.25;"A";29.39;"A";997.31;"A";184;"A";66;"A";0;"A";7;"A";59;"A";10.9;"A";7.1;"A";5.34;"A"
"2025-07-22 15:30";35.81;"A";31.35;"A";997.24;"A";204;"A";69;"A";0;"A";8;"A";61;"A";17.14;"A";9.45;"A";6.71;"A"
"2025-07-22 15:45";35.75;"A";32.28;"A";997.21;"A";184;"A";69;"A";0;"A";7;"A";62;"A";17.3;"A";9.16;"A";6.8;"A"
"2025-07-22 16:00";35.79;"A";32.03;"A";996.94;"A";194;"A";69;"A";0;"A";9;"A";60;"A";13.35;"A";8.1;"A";5.99;"A"
"2025-07-22 16:15";36.02;"A";31.43;"A";996.88;"A";192;"A";70;"A";0;"A";7;"A";63;"A";13.73;"A";7.7;"A";5.72;"A"
"2025-07-22 16:30";35.6;"A";32.21;"A";996.76;"A";191;"A";71;"A";0;"A";7;"A";65;"A";13.93;"A";9.76;"A";6.98;"A"
"2025-07-22 16:45";34.99;"A";34.01;"A";996.58;"A";312;"A";73;"A";0;"A";14;"A";59;"A";17.59;"A";10.49;"A";7.84;"A"
"2025-07-22 17:00";34.65;"A";34.89;"A";996.47;"A";304;"A";70;"A";0;"A";14;"A";57;"A";21.37;"A";11.42;"A";7.97;"A"
"2025-07-22 17:15";34.46;"A";35.42;"A";996.4;"A";240;"A";68;"A";0;"A";11;"A";57;"A";23.58;"A";12.54;"A";9;"A"
"2025-07-22 17:30";34.26;"A";36.39;"A";996.59;"A";213;"A";68;"A";0;"A";9;"A";59;"A";20.31;"A";11.14;"A";7.67;"A"
"2025-07-22 17:45";34.2;"A";36.32;"A";996.93;"A";229;"A";65;"A";0;"A";8;"A";57;"A";19.59;"A";10.61;"A";7.25;"A"
"2025-07-22 18:00";33.91;"A";37.24;"A";996.78;"A";231;"A";63;"A";0;"A";9;"A";54;"A";17.72;"A";9.86;"A";6.94;"A"
"2025-07-22 18:15";33.66;"A";37.67;"A";996.78;"A";198;"A";63;"A";0;"A";7;"A";56;"A";21.13;"A";10.01;"A";6.86;"A"
"2025-07-22 18:30";33.32;"A";38.54;"A";996.56;"A";189;"A";64;"A";0;"A";7;"A";57;"A";19.28;"A";9.76;"A";6.46;"A"
"2025-07-22 18:45";32.96;"A";39.24;"A";996.54;"A";187;"A";63;"A";0;"A";7;"A";56;"A";19.99;"A";10.23;"A";7.42;"A"
"2025-07-22 19:00";32.14;"A";44.81;"A";997.05;"A";186;"A";63;"A";0;"A";9;"A";54;"A";22.03;"A";11.33;"A";7.73;"A"
"2025-07-22 19:15";31.1;"A";48.04;"A";996.98;"A";182;"A";56;"A";0;"A";8;"A";48;"A";19.7;"A";10.08;"A";6.75;"A"
"2025-07-22 19:30";30.45;"A";47.53;"A";997.18;"A";164;"A";58;"A";0;"A";7;"A";50;"A";13.49;"A";8.4;"A";6.04;"A"
"2025-07-22 19:45";30.08;"A";46.46;"A";997.37;"A";145;"A";58;"A";0;"A";6;"A";51;"A";11.2;"A";7.47;"A";5.36;"A"
"2025-07-22 20:00";29.97;"A";47.22;"A";997.4;"A";133;"A";60;"A";0;"A";8;"A";53;"A";13.81;"A";8.65;"A";6.07;"A"
"2025-07-22 20:15";29.7;"A";48.85;"A";997.47;"A";146;"A";58;"A";0;"A";7;"A";52;"A";16.09;"A";8.77;"A";6.32;"A"
"2025-07-22 20:30";29.38;"A";48.02;"A";997.27;"A";124;"A";61;"A";0;"A";7;"A";53;"A";12.94;"A";7.28;"A";5.05;"A"
"2025-07-22 20:45";28.64;"A";51.19;"A";997.37;"A";130;"A";61;"A";0;"A";10;"A";51;"A";13.6;"A";6.62;"A";4.7;"A"
"2025-07-22 21:00";27.9;"A";53.02;"A";997.31;"A";126;"A";56;"A";0;"A";10;"A";46;"A";9.57;"A";5.72;"A";3.89;"A"
"2025-07-22 21:15";27.21;"A";58.01;"A";997.33;"A";148;"A";54;"A";0;"A";10;"A";44;"A";9.33;"A";6.09;"A";4.3;"A"
"2025-07-22 21:30";26.7;"A";58.96;"A";997.44;"A";148;"A";50;"A";0;"A";13;"A";37;"A";9.84;"A";6.03;"A";4.37;"A"
"2025-07-22 21:45";26.43;"A";62.74;"A";997.19;"A";153;"A";52;"A";0;"A";14;"A";37;"A";11.54;"A";7.87;"A";5.7;"A"
"2025-07-22 22:00";26.37;"A";65.26;"A";996.97;"A";150;"A";49;"A";0;"A";15;"A";34;"A";12.38;"A";9.64;"A";7.1;"A"
"2025-07-22 22:15";26.53;"A";58.14;"A";996.92;"A";108;"A";48;"A";0;"A";6;"A";41;"A";12.27;"A";8.45;"A";6.27;"A"
"2025-07-22 22:30";26.72;"A";58.1;"A";996.97;"A";104;"A";56;"A";0;"A";9;"A";47;"A";12.17;"A";7.95;"A";5.78;"A"
"2025-07-22 22:45";26.7;"A";60.03;"A";997.03;"A";127;"A";52;"A";0;"A";10;"A";43;"A";15.31;"A";9.62;"A";6.95;"A"
"2025-07-22 23:00";26.51;"A";59.85;"A";997.19;"A";123;"A";48;"A";0;"A";8;"A";40;"A";13.15;"A";8.5;"A";6.12;"A"
"2025-07-22 23:15";26.66;"A";59.91;"A";997.36;"A";112;"A";54;"A";0;"A";8;"A";46;"A";15;"A";8.97;"A";6.46;"A"
"2025-07-22 23:30";26.62;"A";61.47;"A";997.29;"A";109;"A";52;"A";0;"A";6;"A";46;"A";14.11;"A";8.26;"A";5.77;"A"
"2025-07-22 23:45";26.58;"A";62.12;"A";997.3;"A";103;"A";52;"A";0;"A";6;"A";45;"A";13.52;"A";7.77;"A";5.46;"A"
"2025-07-23 00:00";26.54;"A";62.92;"A";997.36;"A";99;"A";51;"A";0;"A";7;"A";44;"A";11.7;"A";7.95;"A";5.26;"A"
"2025-07-23 00:15";26.47;"A";63.98;"A";998.37;"A";97;"A";50;"A";0;"A";7;"A";43;"A";12.95;"A";7.53;"A";5.24;"A"
"2025-07-23 00:30";26.19;"A";65.94;"A";999.16;"A";110;"A";45;"A";0;"A";6;"A";39;"A";13.66;"A";8.93;"A";5.71;"A"
"2025-07-23 00:45";26.02;"A";66.45;"A";998.84;"A";124;"A";42;"A";0;"A";5;"A";37;"A";14.38;"A";9.37;"A";6.52;"A"
"2025-07-23 01:00";25.74;"A";67.99;"A";998.29;"A";123;"A";43;"A";0;"A";6;"A";37;"A";13.44;"A";9.3;"A";6.69;"A"
"2025-07-23 01:15";25.33;"A";69.57;"A";998.13;"A";120;"A";41;"A";0;"A";5;"A";36;"A";14.22;"A";9.91;"A";7.07;"A"
"2025-07-23 01:30";25;"A";70.18;"A";998.35;"A";120;"A";39;"A";0;"A";6;"A";34;"A";13.96;"A";9.84;"A";7.09;"A"
"2025-07-23 01:45";24.69;"A";70.73;"A";998.17;"A";110;"A";41;"A";0;"A";5;"A";36;"A";12.56;"A";8.77;"A";6.96;"A"
"2025-07-23 02:00";24.44;"A";71.72;"A";997.96;"A";110;"A";41;"A";0;"A";6;"A";36;"A";14.86;"A";9.99;"A";7.14;"A"
"2025-07-23 02:15";24.15;"A";72.86;"A";998.06;"A";112;"A";38;"A";0;"A";5;"A";33;"A";12.47;"A";9.22;"A";7.06;"A"
"2025-07-23 02:30";24.11;"A";71.92;"A";997.79;"A";112;"A";39;"A";0;"A";5;"A";34;"A";13.79;"A";10.19;"A";7.13;"A"
"2025-07-23 02:45";24.12;"A";71.84;"A";997.89;"A";112;"A";40;"A";0;"A";5;"A";35;"A";13.8;"A";9.89;"A";7.53;"A"
"2025-07-23 03:00";24.02;"A";72.17;"A";997.76;"A";245;"A";39;"A";0;"A";8;"A";32;"A";15.46;"A";11.6;"A";8.32;"A"
"2025-07-23 03:15";23.94;"A";73.11;"A";997.54;"A";479;"A";38;"A";0;"A";8;"A";30;"A";18.73;"A";13.25;"A";9.74;"A"
"2025-07-23 03:30";23.64;"A";75.02;"A";997.72;"A";483;"A";34;"A";0;"A";8;"A";26;"A";17.22;"A";13;"A";9.58;"A"
"2025-07-23 03:45";23.39;"A";75.86;"A";997.48;"A";495;"A";32;"A";0;"A";8;"A";24;"A";19.71;"A";13.5;"A";10;"A"
"2025-07-23 04:00";23.33;"A";76.64;"A";997.72;"A";723;"A";30;"A";0;"A";8;"A";22;"A";33.72;"A";23.3;"A";17.1;"A"
"2025-07-23 04:15";23.31;"A";76.75;"A";997.76;"A";628;"A";30;"A";0;"A";8;"A";22;"A";59.07;"A";44.6;"A";31.02;"A"
"2025-07-23 04:30";23.15;"A";77.47;"A";998;"A";613;"A";28;"A";0;"A";9;"A";20;"A";48.7;"A";35.24;"A";28.7;"A"
"2025-07-23 04:45";23.06;"A";77.53;"A";998.08;"A";602;"A";31;"A";0;"A";14;"A";17;"A";38.86;"A";29.05;"A";23.09;"A"
"2025-07-23 05:00";22.93;"A";77.15;"A";998.08;"A";532;"A";31;"A";0;"A";16;"A";15;"A";30.12;"A";21.46;"A";15.48;"A"
"2025-07-23 05:15";22.76;"A";77.11;"A";998.05;"A";353;"A";32;"A";0;"A";12;"A";19;"A";23.73;"A";17.28;"A";13.01;"A"
"2025-07-23 05:30";22.64;"A";76.63;"A";998.17;"A";246;"A";35;"A";0;"A";12;"A";23;"A";22.52;"A";16.28;"A";11.93;"A"
"2025-07-23 05:45";22.58;"A";76.54;"A";998.26;"A";198;"A";38;"A";0;"A";16;"A";22;"A";20.35;"A";15.43;"A";11.12;"A"
"2025-07-23 06:00";22.57;"A";76.75;"A";998.36;"A";265;"A";36;"A";0;"A";14;"A";22;"A";21.81;"A";16.1;"A";11.8;"A"
"2025-07-23 06:15";22.63;"A";76.8;"A";998.43;"A";271;"A";34;"A";0;"A";15;"A";19;"A";20.39;"A";14.66;"A";11.9;"A"
"2025-07-23 06:30";22.83;"A";76.45;"A";998.55;"A";315;"A";35;"A";0;"A";16;"A";19;"A";25.42;"A";17.88;"A";14.38;"A"
"2025-07-23 06:45";23.19;"A";76.03;"A";998.58;"A";257;"A";38;"A";0;"A";14;"A";23;"A";26.99;"A";18.61;"A";15.11;"A"
"2025-07-23 07:00";23.55;"A";75.39;"A";998.69;"A";250;"A";38;"A";0;"A";15;"A";23;"A";19.02;"A";13.99;"A";11.38;"A"
"2025-07-23 07:15";23.94;"A";74.21;"A";998.64;"A";205;"A";41;"A";0;"A";13;"A";27;"A";21.46;"A";15.68;"A";11.7;"A"
"2025-07-23 07:30";24.83;"A";71.28;"A";998.6;"A";221;"A";41;"A";0;"A";13;"A";28;"A";19.55;"A";14.72;"A";10.68;"A"
"2025-07-23 07:45";26.67;"A";64.15;"A";998.51;"A";229;"A";43;"A";0;"A";6;"A";36;"A";31.23;"A";22.56;"A";16.51;"A"
"2025-07-23 08:00";27.61;"A";59.69;"A";998.66;"A";188;"A";47;"A";0;"A";7;"A";41;"A";16.12;"A";11.73;"A";9.07;"A"
"2025-07-23 08:15";27.52;"A";58.19;"A";998.67;"A";221;"A";52;"A";0;"A";9;"A";43;"A";17.95;"A";13.8;"A";10.02;"A"
"2025-07-23 08:30";27.16;"A";58.45;"A";998.76;"A";294;"A";54;"A";0;"A";15;"A";39;"A";36.06;"A";26.74;"A";19.62;"A"
"2025-07-23 08:45";27.25;"A";57.59;"A";998.83;"A";243;"A";53;"A";0;"A";14;"A";40;"A";20.44;"A";15.02;"A";11.18;"A"
"2025-07-23 09:00";27.75;"A";56.93;"A";998.91;"A";229;"A";54;"A";0;"A";8;"A";46;"A";16.29;"A";12.49;"A";9.54;"A"
"2025-07-23 09:15";28.44;"A";57.29;"A";999.05;"A";227;"A";51;"A";0;"A";10;"A";42;"A";19.66;"A";16.03;"A";12.3;"A"
"2025-07-23 09:30";29.38;"A";55.87;"A";999.22;"A";220;"A";49;"A";0;"A";6;"A";43;"A";27;"A";21.81;"A";16.26;"A"
"2025-07-23 09:45";29.86;"A";54.66;"A";999.25;"A";222;"A";50;"A";0;"A";7;"A";44;"A";22.59;"A";17.51;"A";13.9;"A"
"2025-07-23 10:00";29.8;"A";55.55;"A";999.24;"A";235;"A";52;"A";0;"A";9;"A";43;"A";23.39;"A";18.74;"A";14.2;"A"
"2025-07-23 10:15";29.83;"A";55.81;"A";999.38;"A";232;"A";52;"A";0;"A";8;"A";44;"A";23.13;"A";18.58;"A";14.23;"A"
"2025-07-23 10:30";29.95;"A";54.95;"A";999.3;"A";206;"A";54;"A";0;"A";7;"A";47;"A";21.81;"A";17.43;"A";12.91;"A"
"2025-07-23 10:45";30.24;"A";52.72;"A";999.49;"A";200;"A";57;"A";0;"A";6;"A";51;"A";19.78;"A";15.31;"A";11.68;"A"
"2025-07-23 11:00";30.64;"A";51.7;"A";999.72;"A";377;"A";58;"A";0;"A";8;"A";50;"A";20;"A";15.48;"A";11.44;"A"
"2025-07-23 11:15";30.86;"A";49.18;"A";999.76;"A";237;"A";59;"A";0;"A";8;"A";51;"A";17.74;"A";13.9;"A";10.71;"A"
"2025-07-23 11:30";30.82;"A";46.19;"A";999.71;"A";183;"A";61;"A";0;"A";6;"A";54;"A";12.72;"A";10.04;"A";7.66;"A"
"2025-07-23 11:45";30.81;"A";44.94;"A";999.79;"A";166;"A";61;"A";0;"A";7;"A";54;"A";11.27;"A";7.83;"A";5.7;"A"
"2025-07-23 12:00";30.85;"A";44.64;"A";999.81;"A";171;"A";60;"A";0;"A";7;"A";53;"A";9.57;"A";7.11;"A";5.34;"A"
"2025-07-23 12:15";30.92;"A";42.58;"A";999.88;"A";163;"A";62;"A";0;"A";7;"A";55;"A";8.1;"A";5.75;"A";4.59;"A"
"2025-07-23 12:30";30.76;"A";42.55;"A";999.97;"A";168;"A";61;"A";0;"A";6;"A";55;"A";11.04;"A";7.35;"A";5.44;"A"
"2025-07-23 12:45";30.76;"A";40.83;"A";999.89;"A";144;"A";63;"A";0;"A";7;"A";56;"A";7.3;"A";4.86;"A";3.66;"A"
"2025-07-23 13:00";31.33;"A";38.86;"A";999.93;"A";147;"A";60;"A";0;"A";6;"A";54;"A";6.78;"A";3.78;"A";2.8;"A"
"2025-07-23 13:15";31.6;"A";36.36;"A";999.76;"A";149;"A";62;"A";0;"A";6;"A";56;"A";7.11;"A";3.8;"A";2.51;"A"
"2025-07-23 13:30";32;"A";34.82;"A";999.59;"A";142;"A";63;"A";0;"A";7;"A";55;"A";5.74;"A";3.17;"A";2.42;"A"
"2025-07-23 13:45";32.4;"A";33.51;"A";999.72;"A";145;"A";63;"A";0;"A";9;"A";54;"A";6.66;"A";3.48;"A";2.22;"A"
"2025-07-23 14:00";32.84;"A";33.2;"A";999.69;"A";134;"A";61;"A";0;"A";6;"A";55;"A";6.8;"A";3.15;"A";2.32;"A"
"2025-07-23 14:15";33.23;"A";32.95;"A";999.68;"A";141;"A";62;"A";0;"A";6;"A";56;"A";5.56;"A";3.24;"A";2.28;"A"
"2025-07-23 14:30";33.48;"A";32.66;"A";999.71;"A";141;"A";63;"A";0;"A";7;"A";56;"A";7.43;"A";3.77;"A";2.31;"A"
"2025-07-23 14:45";33.75;"A";31.46;"A";999.63;"A";149;"A";62;"A";0;"A";6;"A";56;"A";6.85;"A";3.52;"A";2.41;"A"
"2025-07-23 15:00";34.23;"A";31.12;"A";999.29;"A";162;"A";63;"A";0;"A";7;"A";56;"A";7.11;"A";3.75;"A";2.46;"A"
"2025-07-23 15:15";34.15;"A";30.22;"A";999.32;"A";141;"A";63;"A";0;"A";6;"A";57;"A";6.39;"A";3.57;"A";2.38;"A"
"2025-07-23 15:30";34.58;"A";30.51;"A";999.38;"A";153;"A";63;"A";0;"A";7;"A";56;"A";7.15;"A";4.16;"A";2.84;"A"
"2025-07-23 15:45";34.82;"A";29.89;"A";999.33;"A";163;"A";62;"A";0;"A";6;"A";55;"A";6.36;"A";3.93;"A";2.78;"A"
"2025-07-23 16:00";34.73;"A";30.11;"A";999.28;"A";156;"A";61;"A";0;"A";6;"A";55;"A";7.1;"A";3.78;"A";2.42;"A"
"2025-07-23 16:15";34.74;"A";29.84;"A";999.29;"A";160;"A";61;"A";0;"A";8;"A";54;"A";7.68;"A";4.15;"A";2.68;"A"
"2025-07-23 16:30";34.9;"A";29.13;"A";999.36;"A";169;"A";60;"A";0;"A";7;"A";52;"A";8.73;"A";4.5;"A";3.31;"A"
"2025-07-23 16:45";34.92;"A";29.05;"A";999.4;"A";151;"A";61;"A";0;"A";7;"A";53;"A";7.09;"A";3.36;"A";2.3;"A"
"2025-07-23 17:00";35.19;"A";28.87;"A";999.42;"A";141;"A";59;"A";0;"A";5;"A";54;"A";5.3;"A";3.11;"A";2.13;"A"
"2025-07-23 17:15";34.94;"A";29.13;"A";999.38;"A";165;"A";58;"A";0;"A";7;"A";51;"A";5.95;"A";3.34;"A";2.21;"A"
"2025-07-23 17:30";34.24;"A";29.69;"A";999.24;"A";167;"A";60;"A";0;"A";7;"A";53;"A";6.74;"A";3.56;"A";2.32;"A"
"2025-07-23 17:45";33.78;"A";30.6;"A";999.5;"A";160;"A";60;"A";0;"A";7;"A";53;"A";5.57;"A";3.08;"A";2.26;"A"
"2025-07-23 18:00";33.38;"A";30.39;"A";999.64;"A";138;"A";59;"A";0;"A";5;"A";54;"A";6.6;"A";3.52;"A";2.37;"A"
"2025-07-23 18:15";32.95;"A";30.66;"A";999.54;"A";140;"A";60;"A";0;"A";6;"A";53;"A";6.31;"A";3.46;"A";2.26;"A"
"2025-07-23 18:30";32.67;"A";31.19;"A";999.66;"A";144;"A";59;"A";0;"A";6;"A";53;"A";5.18;"A";3.21;"A";2.2;"A"
"2025-07-23 18:45";32.45;"A";31.72;"A";999.78;"A";130;"A";58;"A";0;"A";7;"A";51;"A";5.74;"A";3.37;"A";2.17;"A"
"2025-07-23 19:00";31.98;"A";31.98;"A";999.85;"A";132;"A";57;"A";0;"A";6;"A";51;"A";4.81;"A";3.25;"A";2.15;"A"
"2025-07-23 19:15";31.66;"A";32.24;"A";1000.02;"A";127;"A";58;"A";0;"A";6;"A";52;"A";5.29;"A";2.82;"A";1.95;"A"
"2025-07-23 19:30";31.39;"A";32.7;"A";1000.1;"A";130;"A";56;"A";0;"A";7;"A";49;"A";5.07;"A";2.97;"A";1.92;"A"
"2025-07-23 19:45";31.09;"A";33.24;"A";1000.34;"A";122;"A";56;"A";0;"A";6;"A";50;"A";6.93;"A";2.76;"A";1.76;"A"
"2025-07-23 20:00";30.78;"A";34.05;"A";1000.43;"A";129;"A";55;"A";0;"A";7;"A";48;"A";5.99;"A";3.01;"A";1.93;"A"
"2025-07-23 20:15";30.51;"A";34.73;"A";1000.41;"A";134;"A";54;"A";0;"A";7;"A";47;"A";5.86;"A";3.34;"A";2.19;"A"
"2025-07-23 20:30";30.2;"A";35.21;"A";1000.4;"A";128;"A";53;"A";0;"A";7;"A";45;"A";6.19;"A";3.31;"A";2.16;"A"
"2025-07-23 20:45";29.87;"A";35.82;"A";1000.66;"A";135;"A";52;"A";0;"A";11;"A";41;"A";6.1;"A";3.32;"A";2.05;"A"
"2025-07-23 21:00";29.53;"A";36.66;"A";1000.69;"A";155;"A";49;"A";0;"A";12;"A";37;"A";5.99;"A";3.45;"A";2.13;"A"
"2025-07-23 21:15";29.08;"A";37.62;"A";1000.71;"A";163;"A";48;"A";0;"A";14;"A";34;"A";7.11;"A";3.52;"A";2.47;"A"
"2025-07-23 21:30";28.57;"A";38.68;"A";1000.8;"A";182;"A";48;"A";0;"A";19;"A";29;"A";7.16;"A";4.19;"A";2.78;"A"
"2025-07-23 21:45";28.14;"A";39.85;"A";1000.9;"A";184;"A";46;"A";0;"A";21;"A";26;"A";8.14;"A";4.76;"A";3.04;"A"
"2025-07-23 22:00";27.79;"A";40.63;"A";1000.98;"A";194;"A";44;"A";0;"A";17;"A";27;"A";6.5;"A";3.88;"A";2.57;"A"
"2025-07-23 22:15";27.4;"A";41.91;"A";1001.02;"A";196;"A";45;"A";0;"A";16;"A";28;"A";6.72;"A";3.44;"A";2.44;"A"
"2025-07-23 22:30";26.99;"A";42.85;"A";1001;"A";186;"A";43;"A";0;"A";13;"A";30;"A";6.81;"A";4.32;"A";2.84;"A"
"2025-07-23 22:45";26.73;"A";43.3;"A";1001.14;"A";189;"A";43;"A";0;"A";11;"A";32;"A";9.14;"A";5.25;"A";3.81;"A"
"2025-07-23 23:00";26.4;"A";44.6;"A";1001.26;"A";180;"A";42;"A";0;"A";10;"A";32;"A";8.62;"A";5.2;"A";3.65;"A"
"2025-07-23 23:15";26.03;"A";45.64;"A";1001.36;"A";166;"A";41;"A";0;"A";9;"A";32;"A";8.34;"A";4.98;"A";3.45;"A"
"2025-07-23 23:30";25.67;"A";46.59;"A";1001.32;"A";188;"A";41;"A";0;"A";11;"A";30;"A";7.23;"A";4.43;"A";3.19;"A"
"2025-07-23 23:45";25.37;"A";47.92;"A";1001.42;"A";158;"A";39;"A";0;"A";8;"A";31;"A";9.06;"A";4.58;"A";3.24;"A"
"2025-07-24 00:00";25.06;"A";49.17;"A";1001.59;"A";155;"A";37;"A";0;"A";7;"A";29;"A";7.93;"A";4.9;"A";3.52;"A"
"2025-07-24 00:15";24.88;"A";50.56;"A";1001.71;"A";167;"A";37;"A";0;"A";8;"A";29;"A";8.61;"A";5.17;"A";3.72;"A"
"2025-07-24 00:30";24.66;"A";52.35;"A";1001.72;"A";178;"A";35;"A";0;"A";8;"A";27;"A";10.4;"A";5.61;"A";3.91;"A"
"2025-07-24 00:45";24.5;"A";52.84;"A";1001.6;"A";168;"A";34;"A";0;"A";8;"A";27;"A";9.67;"A";5.31;"A";3.87;"A"
"2025-07-24 01:00";24.35;"A";53.48;"A";1001.64;"A";149;"A";35;"A";0;"A";7;"A";29;"A";9.15;"A";5.9;"A";4.1;"A"
"2025-07-24 01:15";24.19;"A";53.92;"A";1001.79;"A";149;"A";36;"A";0;"A";6;"A";30;"A";9.37;"A";5.65;"A";4.3;"A"
"2025-07-24 01:30";23.93;"A";54.95;"A";1001.8;"A";148;"A";35;"A";0;"A";6;"A";29;"A";10.61;"A";6.79;"A";4.57;"A"
"2025-07-24 01:45";23.71;"A";55.77;"A";1001.77;"A";156;"A";34;"A";0;"A";6;"A";28;"A";9.86;"A";6.31;"A";4.61;"A"
"2025-07-24 02:00";23.56;"A";56.39;"A";1001.83;"A";175;"A";34;"A";0;"A";6;"A";28;"A";10.94;"A";6.6;"A";4.78;"A"
"2025-07-24 02:15";23.44;"A";56.09;"A";1001.87;"A";182;"A";35;"A";0;"A";6;"A";29;"A";10.52;"A";6.81;"A";4.93;"A"
"2025-07-24 02:30";23.31;"A";56.9;"A";1001.99;"A";175;"A";34;"A";0;"A";6;"A";27;"A";10.15;"A";6.51;"A";4.58;"A"
"2025-07-24 02:45";23.12;"A";57.35;"A";1001.98;"A";157;"A";33;"A";0;"A";6;"A";26;"A";9.49;"A";6.02;"A";4.36;"A"
"2025-07-24 03:00";22.97;"A";57.21;"A";1001.95;"A";136;"A";34;"A";0;"A";6;"A";27;"A";10.23;"A";5.65;"A";4.11;"A"
"2025-07-24 03:15";22.96;"A";56.65;"A";1001.92;"A";127;"A";34;"A";0;"A";6;"A";29;"A";8.82;"A";5.22;"A";3.89;"A"
"2025-07-24 03:30";22.96;"A";56.06;"A";1002.02;"A";107;"A";36;"A";0;"A";6;"A";30;"A";8.06;"A";4.54;"A";3.43;"A"
"2025-07-24 03:45";23.03;"A";54.9;"A";1002.14;"A";89;"A";37;"A";0;"A";6;"A";31;"A";7.08;"A";4.27;"A";3.05;"A"
"2025-07-24 04:00";23.07;"A";54.82;"A";1002.13;"A";88;"A";38;"A";0;"A";6;"A";32;"A";6.82;"A";4.18;"A";2.75;"A"
"2025-07-24 04:15";22.88;"A";55.94;"A";1002.2;"A";95;"A";36;"A";0;"A";6;"A";30;"A";8.24;"A";4.82;"A";3.39;"A"
"2025-07-24 04:30";22.64;"A";56.82;"A";1002.15;"A";104;"A";34;"A";0;"A";6;"A";28;"A";9.41;"A";5.3;"A";3.34;"A"
"2025-07-24 04:45";22.6;"A";56.88;"A";1002.1;"A";115;"A";34;"A";0;"A";6;"A";29;"A";9.18;"A";5.97;"A";4.23;"A"
"2025-07-24 05:00";22.67;"A";56.31;"A";1002.12;"A";110;"A";37;"A";0;"A";7;"A";30;"A";9.02;"A";5.57;"A";4.09;"A"
"2025-07-24 05:15";22.67;"A";56.12;"A";1002.17;"A";94;"A";38;"A";0;"A";7;"A";31;"A";6.41;"A";4.1;"A";3.15;"A"
"2025-07-24 05:30";22.53;"A";56.71;"A";1002.26;"A";99;"A";37;"A";0;"A";8;"A";29;"A";7.59;"A";4.44;"A";3.09;"A"
"2025-07-24 05:45";22.44;"A";57.2;"A";1002.29;"A";105;"A";37;"A";0;"A";9;"A";28;"A";8.59;"A";4.91;"A";3.43;"A"
"2025-07-24 06:00";22.44;"A";57.49;"A";1002.4;"A";101;"A";38;"A";0;"A";9;"A";29;"A";9.15;"A";5.18;"A";3.71;"A"
"2025-07-24 06:15";22.45;"A";57.6;"A";1002.54;"A";103;"A";38;"A";0;"A";10;"A";28;"A";8.88;"A";5.02;"A";3.49;"A"
"2025-07-24 06:30";22.48;"A";57.61;"A";1002.56;"A";109;"A";38;"A";0;"A";8;"A";30;"A";7.57;"A";4.77;"A";3.35;"A"
"2025-07-24 06:45";22.63;"A";57.74;"A";1002.62;"A";124;"A";37;"A";0;"A";9;"A";28;"A";7.57;"A";5.09;"A";3.37;"A"
"2025-07-24 07:00";22.9;"A";57.44;"A";1002.82;"A";124;"A";37;"A";0;"A";9;"A";28;"A";8.46;"A";4.97;"A";3.57;"A"
"2025-07-24 07:15";23.33;"A";56.37;"A";1003.02;"A";134;"A";39;"A";0;"A";10;"A";29;"A";8.04;"A";5.14;"A";3.47;"A"
"2025-07-24 07:30";24.47;"A";53.02;"A";1003.16;"A";116;"A";40;"A";0;"A";9;"A";31;"A";7.88;"A";4.44;"A";3.16;"A"
"2025-07-24 07:45";26.57;"A";47.68;"A";1003.15;"A";113;"A";40;"A";0;"A";6;"A";34;"A";8.64;"A";4.29;"A";2.94;"A"
"2025-07-24 08:00";27.56;"A";45.35;"A";1003.21;"A";148;"A";46;"A";0;"A";12;"A";34;"A";8.23;"A";4.43;"A";3.2;"A"
"2025-07-24 08:15";27.77;"A";44.72;"A";1003.18;"A";185;"A";47;"A";0;"A";12;"A";35;"A";10.33;"A";6.22;"A";4.17;"A"
"2025-07-24 08:30";27.49;"A";44.8;"A";1003.21;"A";201;"A";50;"A";0;"A";14;"A";36;"A";14.07;"A";8.3;"A";5.67;"A"
"2025-07-24 08:45";28.11;"A";43.25;"A";1003.16;"A";156;"A";49;"A";0;"A";8;"A";41;"A";6.82;"A";4.54;"A";3.01;"A"
"2025-07-24 09:00";28.6;"A";41.94;"A";1003.12;"A";156;"A";51;"A";0;"A";10;"A";41;"A";9;"A";5.79;"A";4.09;"A"
"2025-07-24 09:15";29.41;"A";39.91;"A";1003.31;"A";176;"A";51;"A";0;"A";9;"A";41;"A";7.55;"A";3.94;"A";2.78;"A"
"2025-07-24 09:30";30.58;"A";36.9;"A";1003.24;"A";126;"A";54;"A";0;"A";7;"A";47;"A";5.5;"A";3.1;"A";2.27;"A"
"2025-07-24 09:45";30.97;"A";35.41;"A";1003.36;"A";156;"A";55;"A";0;"A";7;"A";48;"A";5.96;"A";3.67;"A";2.54;"A"
"2025-07-24 10:00";30.82;"A";35.44;"A";1003.42;"A";161;"A";57;"A";0;"A";8;"A";49;"A";6.28;"A";3.24;"A";2.06;"A"
"2025-07-24 10:15";30.71;"A";34.54;"A";1003.32;"A";146;"A";56;"A";0;"A";7;"A";49;"A";4.48;"A";2.49;"A";1.75;"A"
"2025-07-24 10:30";30.76;"A";33.99;"A";1003.27;"A";154;"A";59;"A";0;"A";10;"A";49;"A";5.22;"A";2.59;"A";1.65;"A"
"2025-07-24 10:45";30.91;"A";33.39;"A";1003.32;"A";130;"A";57;"A";0;"A";7;"A";51;"A";4.24;"A";2.54;"A";1.6;"A"
"2025-07-24 11:00";31.14;"A";31.88;"A";1003.21;"A";127;"A";58;"A";0;"A";7;"A";51;"A";4.95;"A";2.61;"A";1.7;"A"
"2025-07-24 11:15";31.33;"A";30.57;"A";1003.24;"A";121;"A";59;"A";0;"A";7;"A";52;"A";4.47;"A";2.68;"A";1.56;"A"
"2025-07-24 11:30";31.41;"A";30.49;"A";1003.06;"A";123;"A";60;"A";0;"A";8;"A";52;"A";4.29;"A";2.5;"A";1.78;"A"
"2025-07-24 11:45";31.56;"A";30.55;"A";1003.09;"A";122;"A";59;"A";0;"A";7;"A";53;"A";5.37;"A";2.64;"A";1.63;"A"
"2025-07-24 12:00";31.73;"A";30.26;"A";1003.07;"A";118;"A";58;"A";0;"A";5;"A";53;"A";5.11;"A";2.6;"A";1.86;"A"
"2025-07-24 12:15";31.84;"A";30.09;"A";1003.06;"A";128;"A";61;"A";0;"A";9;"A";52;"A";5.61;"A";2.62;"A";1.76;"A"
"2025-07-24 12:30";31.94;"A";28.61;"A";1003.21;"A";120;"A";60;"A";0;"A";6;"A";54;"A";5.17;"A";2.8;"A";1.67;"A"
"2025-07-24 12:45";32.07;"A";27.42;"A";1003.17;"A";109;"A";61;"A";0;"A";7;"A";55;"A";4.71;"A";2.52;"A";1.7;"A"
"2025-07-24 13:00";32.32;"A";28.1;"A";1003.2;"A";116;"A";61;"A";0;"A";7;"A";54;"A";4.63;"A";2.3;"A";1.59;"A"
"2025-07-24 13:15";32.65;"A";27.57;"A";1003.05;"A";113;"A";61;"A";0;"A";7;"A";54;"A";5.22;"A";2.54;"A";1.56;"A"
"2025-07-24 13:30";32.87;"A";28.09;"A";1003;"A";120;"A";60;"A";0;"A";7;"A";54;"A";6.01;"A";2.77;"A";1.7;"A"
"2025-07-24 13:45";33.34;"A";27.68;"A";1002.92;"A";133;"A";59;"A";0;"A";7;"A";52;"A";5.4;"A";2.89;"A";1.79;"A"
"2025-07-24 14:00";33.8;"A";25.73;"A";1002.98;"A";117;"A";58;"A";0;"A";5;"A";53;"A";4;"A";2.07;"A";1.46;"A"
"2025-07-24 14:15";34.14;"A";25.72;"A";1002.84;"A";125;"A";61;"A";0;"A";7;"A";54;"A";7.02;"A";2.88;"A";1.68;"A"
"2025-07-24 14:30";34.37;"A";25.06;"A";1002.64;"A";131;"A";61;"A";0;"A";6;"A";55;"A";6.88;"A";2.77;"A";1.75;"A"
"2025-07-24 14:45";34.67;"A";24.82;"A";1002.82;"A";128;"A";62;"A";0;"A";6;"A";56;"A";4.46;"A";2.32;"A";1.58;"A"
"2025-07-24 15:00";34.9;"A";25.13;"A";1002.77;"A";130;"A";61;"A";0;"A";5;"A";56;"A";5.11;"A";2.35;"A";1.52;"A"
"2025-07-24 15:15";35.16;"A";24.66;"A";1002.78;"A";126;"A";60;"A";0;"A";5;"A";55;"A";4.86;"A";2.35;"A";1.52;"A"
"2025-07-24 15:30";35.36;"A";24.2;"A";1002.56;"A";121;"A";61;"A";0;"A";6;"A";55;"A";4.72;"A";2.2;"A";1.42;"A"
"2025-07-24 15:45";35.47;"A";23.83;"A";1002.39;"A";123;"A";60;"A";0;"A";5;"A";55;"A";4.58;"A";2.39;"A";1.51;"A"
"2025-07-24 16:00";35.62;"A";23.62;"A";1002.31;"A";127;"A";60;"A";0;"A";6;"A";55;"A";7.89;"A";3.37;"A";2.14;"A"
"2025-07-24 16:15";35.99;"A";23.14;"A";1002.32;"A";133;"A";59;"A";0;"A";6;"A";53;"A";5.52;"A";2.63;"A";1.68;"A"
"2025-07-24 16:30";35.78;"A";23.3;"A";1002.29;"A";118;"A";60;"A";0;"A";5;"A";55;"A";4.85;"A";2.37;"A";1.52;"A"
"2025-07-24 16:45";35.94;"A";23.81;"A";1002.3;"A";149;"A";58;"A";0;"A";5;"A";53;"A";5.97;"A";2.92;"A";2.05;"A"
"2025-07-24 17:00";35.8;"A";23.61;"A";1002.23;"A";131;"A";59;"A";0;"A";5;"A";54;"A";7.7;"A";3.01;"A";2.03;"A"
"2025-07-24 17:15";35.45;"A";24.26;"A";1002.08;"A";162;"A";58;"A";0;"A";4;"A";54;"A";4.99;"A";2.97;"A";1.99;"A"
"2025-07-24 17:30";34.9;"A";24.93;"A";1002.31;"A";139;"A";59;"A";0;"A";5;"A";54;"A";5.19;"A";2.9;"A";2.07;"A"
"2025-07-24 17:45";34.5;"A";25.1;"A";1002.29;"A";132;"A";58;"A";0;"A";5;"A";53;"A";6.06;"A";3.25;"A";2.13;"A"
"2025-07-24 18:00";34.22;"A";25.97;"A";1002.21;"A";138;"A";59;"A";0;"A";6;"A";53;"A";7.11;"A";3.66;"A";2.35;"A"
"2025-07-24 18:15";33.9;"A";26.26;"A";1002.36;"A";131;"A";59;"A";0;"A";5;"A";54;"A";7.78;"A";3.57;"A";2.29;"A"
"2025-07-24 18:30";33.54;"A";26.76;"A";1002.51;"A";131;"A";59;"A";0;"A";5;"A";54;"A";5.81;"A";3.31;"A";2.3;"A"
"2025-07-24 18:45";33.2;"A";27.55;"A";1002.54;"A";132;"A";58;"A";0;"A";6;"A";53;"A";5.04;"A";3.2;"A";2.16;"A"
"2025-07-24 19:00";32.81;"A";28.21;"A";1002.57;"A";124;"A";58;"A";0;"A";6;"A";52;"A";5.67;"A";3.19;"A";2.07;"A"
"2025-07-24 19:15";32.54;"A";28.51;"A";1002.69;"A";122;"A";57;"A";0;"A";6;"A";52;"A";5.98;"A";3.2;"A";2.11;"A"
"2025-07-24 19:30";32.15;"A";29.13;"A";1002.73;"A";125;"A";57;"A";0;"A";6;"A";51;"A";7.25;"A";3.53;"A";2.44;"A"
"2025-07-24 19:45";31.92;"A";29.47;"A";1002.78;"A";122;"A";56;"A";0;"A";6;"A";50;"A";6.29;"A";3.5;"A";2.16;"A"
"2025-07-24 20:00";31.63;"A";29.92;"A";1002.71;"A";118;"A";54;"A";0;"A";6;"A";48;"A";5.14;"A";2.93;"A";1.91;"A"
"2025-07-24 20:15";31.29;"A";30.28;"A";1002.77;"A";123;"A";54;"A";0;"A";6;"A";47;"A";5.78;"A";2.98;"A";1.94;"A"
"2025-07-24 20:30";30.9;"A";31.85;"A";1002.93;"A";132;"A";53;"A";0;"A";7;"A";46;"A";5.87;"A";3.05;"A";1.92;"A"
"2025-07-24 20:45";30.41;"A";33.43;"A";1002.96;"A";157;"A";50;"A";0;"A";8;"A";42;"A";7.46;"A";3.75;"A";2.26;"A"
"2025-07-24 21:00";30;"A";34.79;"A";1003;"A";179;"A";51;"A";0;"A";11;"A";40;"A";6.36;"A";3.92;"A";2.69;"A"
"2025-07-24 21:15";29.39;"A";36.49;"A";1003.13;"A";194;"A";50;"A";0;"A";10;"A";39;"A";9.76;"A";4.73;"A";3.21;"A"
"2025-07-24 21:30";28.82;"A";37.9;"A";1003.25;"A";230;"A";47;"A";0;"A";11;"A";36;"A";9.25;"A";5.01;"A";3.6;"A"
"2025-07-24 21:45";28.25;"A";39.34;"A";1003.3;"A";218;"A";45;"A";0;"A";13;"A";32;"A";10.24;"A";6.38;"A";4.57;"A"
"2025-07-24 22:00";27.76;"A";40.62;"A";1003.32;"A";229;"A";45;"A";0;"A";15;"A";30;"A";13.51;"A";8.24;"A";5.94;"A"
"2025-07-24 22:15";27.47;"A";41.24;"A";1003.34;"A";237;"A";44;"A";0;"A";13;"A";31;"A";15.08;"A";9.77;"A";6.99;"A"
"2025-07-24 22:30";27.45;"A";40.81;"A";1003.33;"A";214;"A";45;"A";0;"A";12;"A";33;"A";16.73;"A";12.81;"A";9.4;"A"
"2025-07-24 22:45";27.28;"A";41.03;"A";1003.32;"A";215;"A";45;"A";0;"A";12;"A";33;"A";24.02;"A";16.71;"A";12.79;"A"
"2025-07-24 23:00";26.81;"A";41.84;"A";1003.34;"A";205;"A";46;"A";0;"A";12;"A";34;"A";23.02;"A";16.27;"A";12.56;"A"
"2025-07-24 23:15";26.25;"A";43.47;"A";1003.28;"A";199;"A";45;"A";0;"A";12;"A";33;"A";21.12;"A";15.16;"A";11.08;"A"
"2025-07-24 23:30";25.72;"A";45.08;"A";1003.45;"A";200;"A";41;"A";0;"A";12;"A";29;"A";22.13;"A";15.21;"A";11.34;"A"
"2025-07-24 23:45";25.34;"A";45.97;"A";1003.54;"A";189;"A";41;"A";0;"A";12;"A";29;"A";22.02;"A";15.22;"A";11.29;"A"
"2025-07-25 00:00";24.9;"A";47.27;"A";1003.51;"A";237;"A";37;"A";0;"A";13;"A";24;"A";21.72;"A";15.29;"A";11.43;"A"
"2025-07-25 00:15";24.73;"A";47.65;"A";1003.66;"A";190;"A";38;"A";0;"A";11;"A";27;"A";20.74;"A";14.41;"A";10.64;"A"
"2025-07-25 00:30";24.49;"A";48.53;"A";1003.72;"A";176;"A";38;"A";0;"A";11;"A";28;"A";17.64;"A";12.58;"A";9.7;"A"
"2025-07-25 00:45";24.21;"A";49.7;"A";1003.69;"A";178;"A";38;"A";0;"A";11;"A";28;"A";18.96;"A";13.05;"A";10.18;"A"
"2025-07-25 01:00";24.05;"A";49.89;"A";1003.68;"A";185;"A";36;"A";0;"A";11;"A";26;"A";21.71;"A";15.4;"A";11.73;"A"
"2025-07-25 01:15";24.01;"A";50.98;"A";1003.81;"A";201;"A";32;"A";0;"A";10;"A";22;"A";19.84;"A";14.78;"A";10.98;"A"
"2025-07-25 01:30";23.76;"A";51.75;"A";1003.9;"A";214;"A";31;"A";0;"A";10;"A";21;"A";21.21;"A";14.25;"A";11.19;"A"
"2025-07-25 01:45";23.82;"A";52.16;"A";1003.89;"A";230;"A";28;"A";0;"A";11;"A";17;"A";18.76;"A";13.48;"A";10.41;"A"
"2025-07-25 02:00";23.76;"A";52.7;"A";1003.89;"A";228;"A";32;"A";0;"A";17;"A";15;"A";13.94;"A";10.32;"A";7.98;"A"
"2025-07-25 02:15";23.57;"A";53.09;"A";1003.98;"A";218;"A";32;"A";0;"A";15;"A";17;"A";15.98;"A";11.24;"A";8.72;"A"
"2025-07-25 02:30";23.47;"A";53.86;"A";1004.11;"A";223;"A";32;"A";0;"A";17;"A";15;"A";15.67;"A";11.03;"A";7.89;"A"
"2025-07-25 02:45";23.22;"A";54.4;"A";1004.08;"A";217;"A";31;"A";0;"A";14;"A";16;"A";15.45;"A";11.04;"A";8.38;"A"
"2025-07-25 03:00";23.01;"A";55.09;"A";1004.07;"A";209;"A";32;"A";0;"A";15;"A";17;"A";16.79;"A";11.34;"A";8.05;"A"
"2025-07-25 03:15";22.87;"A";55.96;"A";1003.93;"A";209;"A";31;"A";0;"A";15;"A";16;"A";16.16;"A";11.36;"A";8.51;"A"
"2025-07-25 03:30";22.76;"A";56.59;"A";1003.97;"A";210;"A";30;"A";0;"A";14;"A";16;"A";16.7;"A";11.71;"A";8.61;"A"
"2025-07-25 03:45";22.8;"A";56.95;"A";1003.86;"A";208;"A";30;"A";0;"A";14;"A";16;"A";18.28;"A";11.75;"A";8.87;"A"
"2025-07-25 04:00";22.64;"A";57.4;"A";1003.64;"A";210;"A";28;"A";0;"A";13;"A";14;"A";17.81;"A";12.13;"A";9.14;"A"
"2025-07-25 04:15";22.47;"A";58.38;"A";1003.62;"A";215;"A";28;"A";0;"A";14;"A";13;"A";16.94;"A";11.89;"A";8.83;"A"
"2025-07-25 04:30";22.33;"A";59.24;"A";1003.58;"A";218;"A";29;"A";0;"A";19;"A";10;"A";17.84;"A";11.78;"A";8.95;"A"
"2025-07-25 04:45";22.37;"A";59.61;"A";1003.77;"A";234;"A";30;"A";0;"A";26;"A";4;"A";19.56;"A";12.72;"A";9.38;"A"
"2025-07-25 05:00";22.31;"A";60.13;"A";1004.04;"A";260;"A";28;"A";0;"A";23;"A";5;"A";18.37;"A";12.15;"A";8.8;"A"
"2025-07-25 05:15";22.08;"A";60.97;"A";1004.28;"A";273;"A";25;"A";0;"A";20;"A";5;"A";25.13;"A";13.97;"A";9.74;"A"
"2025-07-25 05:30";22.04;"A";59.97;"A";1004.38;"A";259;"A";29;"A";0;"A";20;"A";8;"A";24.25;"A";16.32;"A";11.68;"A"
"2025-07-25 05:45";22.16;"A";60.05;"A";1004.4;"A";237;"A";30;"A";0;"A";22;"A";8;"A";41.51;"A";19.66;"A";13.09;"A"
"2025-07-25 06:00";22.02;"A";60.95;"A";1004.27;"A";235;"A";30;"A";0;"A";22;"A";8;"A";22.17;"A";13.29;"A";9.89;"A"
"2025-07-25 06:15";22.05;"A";61.55;"A";1004.37;"A";243;"A";30;"A";0;"A";24;"A";7;"A";24.36;"A";14.32;"A";10.2;"A"
"2025-07-25 06:30";22.35;"A";61.9;"A";1004.31;"A";379;"A";27;"A";0;"A";21;"A";6;"A";23.83;"A";14.82;"A";10.48;"A"
"2025-07-25 06:45";22.92;"A";60.45;"A";1004.18;"A";368;"A";29;"A";0;"A";24;"A";5;"A";33.18;"A";17.29;"A";11.96;"A"
"2025-07-25 07:00";23.33;"A";60.2;"A";1004.11;"A";375;"A";33;"A";0;"A";28;"A";5;"A";29.97;"A";17.15;"A";12.17;"A"
"2025-07-25 07:15";23.9;"A";58.38;"A";1004.14;"A";422;"A";35;"A";0;"A";31;"A";4;"A";40.46;"A";21.85;"A";15.51;"A"
"2025-07-25 07:30";25.04;"A";55.02;"A";1004.12;"A";661;"A";43;"A";0;"A";39;"A";5;"A";42.02;"A";23.98;"A";17.41;"A"
"2025-07-25 07:45";26.86;"A";50.3;"A";1004.22;"A";819;"A";42;"A";0;"A";34;"A";8;"A";40.18;"A";24.23;"A";17.33;"A"
"2025-07-25 08:00";27.59;"A";48.55;"A";1004.27;"A";947;"A";50;"A";0;"A";38;"A";12;"A";36.78;"A";21.83;"A";15.27;"A"
"2025-07-25 08:15";27.66;"A";44.84;"A";1004.38;"A";739;"A";52;"A";0;"A";24;"A";28;"A";25.52;"A";15.46;"A";11.73;"A"
"2025-07-25 08:30";27.6;"A";44.21;"A";1004.42;"A";706;"A";57;"A";0;"A";28;"A";30;"A";31.48;"A";20.1;"A";14.64;"A"
"2025-07-25 08:45";27.74;"A";45;"A";1004.34;"A";358;"A";56;"A";0;"A";23;"A";33;"A";18.24;"A";10.19;"A";7.48;"A"
"2025-07-25 09:00";27.88;"A";42.65;"A";1004.23;"A";295;"A";55;"A";0;"A";18;"A";37;"A";17.72;"A";9.19;"A";6.54;"A"
"2025-07-25 09:15";28.11;"A";41.56;"A";1004.33;"A";286;"A";58;"A";0;"A";17;"A";42;"A";13.29;"A";7.8;"A";5.28;"A"
"2025-07-25 09:30";28.35;"A";41.52;"A";1004.14;"A";230;"A";58;"A";0;"A";14;"A";44;"A";10.1;"A";5.76;"A";4.14;"A"
"2025-07-25 09:45";28.42;"A";41.11;"A";1004.25;"A";218;"A";60;"A";0;"A";15;"A";45;"A";12.88;"A";6.42;"A";4.59;"A"
"2025-07-25 10:00";28.42;"A";41.26;"A";1004.31;"A";197;"A";58;"A";0;"A";15;"A";43;"A";11.22;"A";6.28;"A";3.85;"A"
"2025-07-25 10:15";28.32;"A";42.03;"A";1004.29;"A";238;"A";56;"A";0;"A";18;"A";38;"A";17.22;"A";7.51;"A";5.05;"A"
"2025-07-25 10:30";28.48;"A";40.83;"A";1004.32;"A";197;"A";58;"A";0;"A";16;"A";43;"A";19.72;"A";8.44;"A";5.81;"A"
"2025-07-25 10:45";28.59;"A";41.07;"A";1004.31;"A";243;"A";58;"A";0;"A";16;"A";42;"A";15.75;"A";8.04;"A";5.73;"A"
"2025-07-25 11:00";28.72;"A";42.88;"A";1004.27;"A";259;"A";56;"A";0;"A";21;"A";35;"A";15.81;"A";8;"A";5.6;"A"
"2025-07-25 11:15";29.02;"A";40.71;"A";1004.31;"A";360;"A";56;"A";0;"A";16;"A";40;"A";18.98;"A";10.57;"A";7.29;"A"
"2025-07-25 11:30";29.44;"A";39.81;"A";1004.26;"A";521;"A";57;"A";0;"A";16;"A";41;"A";25.2;"A";15.29;"A";11.31;"A"
"2025-07-25 11:45";30.18;"A";38.39;"A";1004.31;"A";559;"A";63;"A";0;"A";18;"A";45;"A";24.29;"A";15.04;"A";10.66;"A"
"2025-07-25 12:00";30.7;"A";37.56;"A";1004.16;"A";1030;"A";64;"A";0;"A";16;"A";48;"A";33.15;"A";20.61;"A";15.61;"A"
"2025-07-25 12:15";30.9;"A";35.47;"A";1004.12;"A";1205;"A";67;"A";0;"A";17;"A";50;"A";28.86;"A";18.64;"A";13.85;"A"
"2025-07-25 12:30";31.52;"A";34.57;"A";1004.01;"A";722;"A";68;"A";0;"A";14;"A";53;"A";20.65;"A";12.96;"A";9.75;"A"
"2025-07-25 12:45";32.3;"A";32.75;"A";1004.03;"A";776;"A";69;"A";0;"A";11;"A";57;"A";17.35;"A";11.21;"A";8.12;"A"
"2025-07-25 13:00";32.95;"A";31.77;"A";1003.95;"A";416;"A";69;"A";0;"A";10;"A";59;"A";15.07;"A";8.22;"A";6.09;"A"
"2025-07-25 13:15";33.48;"A";31.03;"A";1003.77;"A";321;"A";68;"A";0;"A";9;"A";59;"A";10.43;"A";5.95;"A";3.93;"A"
"2025-07-25 13:30";33.53;"A";30.28;"A";1003.55;"A";235;"A";67;"A";0;"A";7;"A";60;"A";8.2;"A";4.86;"A";3.46;"A"
"2025-07-25 13:45";33.92;"A";30.34;"A";1003.51;"A";657;"A";68;"A";0;"A";10;"A";58;"A";12.65;"A";7.54;"A";5.47;"A"
"2025-07-25 14:00";33.85;"A";30.81;"A";1003.34;"A";378;"A";67;"A";0;"A";10;"A";57;"A";10.24;"A";6.31;"A";4.33;"A"
"2025-07-25 14:15";33.83;"A";30.14;"A";1003.22;"A";212;"A";65;"A";0;"A";8;"A";57;"A";7.87;"A";4.73;"A";3.3;"A"
"2025-07-25 14:30";34.25;"A";30.2;"A";1003.22;"A";177;"A";63;"A";0;"A";8;"A";55;"A";10.18;"A";6.46;"A";4.35;"A"
"2025-07-25 14:45";34.61;"A";30.59;"A";1003;"A";205;"A";61;"A";0;"A";9;"A";52;"A";12.66;"A";6.08;"A";3.96;"A"
"2025-07-25 15:00";34.93;"A";29.7;"A";1003.04;"A";175;"A";61;"A";0;"A";7;"A";54;"A";10.53;"A";5.03;"A";3.54;"A"
"2025-07-25 15:15";35.2;"A";29.21;"A";1003.02;"A";188;"A";62;"A";0;"A";7;"A";55;"A";8.01;"A";5.42;"A";3.76;"A"
"2025-07-25 15:30";35.55;"A";28.49;"A";1002.87;"A";169;"A";61;"A";0;"A";6;"A";56;"A";7.35;"A";4.75;"A";3.52;"A"
"2025-07-25 15:45";35.72;"A";28.33;"A";1002.75;"A";191;"A";63;"A";0;"A";9;"A";54;"A";8.75;"A";5.26;"A";3.78;"A"
"2025-07-25 16:00";35.5;"A";27.73;"A";1002.61;"A";165;"A";63;"A";0;"A";7;"A";56;"A";7.41;"A";4.55;"A";3.25;"A"
"2025-07-25 16:15";35.63;"A";28.69;"A";1002.45;"A";203;"A";62;"A";0;"A";9;"A";54;"A";6.51;"A";4.55;"A";3.3;"A"
"2025-07-25 16:30";35.97;"A";28.3;"A";1002.43;"A";187;"A";60;"A";0;"A";8;"A";52;"A";9.03;"A";5.19;"A";3.58;"A"
"2025-07-25 16:45";36.48;"A";27.74;"A";1002.51;"A";177;"A";60;"A";0;"A";8;"A";53;"A";6.61;"A";4.22;"A";3.19;"A"
"2025-07-25 17:00";36.88;"A";27.01;"A";1002.29;"A";202;"A";62;"A";0;"A";6;"A";56;"A";6.68;"A";4.16;"A";3.11;"A"
"2025-07-25 17:15";36.87;"A";27;"A";1002.18;"A";278;"A";63;"A";0;"A";6;"A";57;"A";7.45;"A";4.26;"A";3.16;"A"
"2025-07-25 17:30";36.43;"A";27.33;"A";1002.1;"A";245;"A";64;"A";0;"A";6;"A";58;"A";8.3;"A";4.86;"A";3.5;"A"
"2025-07-25 17:45";35.99;"A";27.82;"A";1001.97;"A";179;"A";66;"A";0;"A";7;"A";58;"A";7.56;"A";4.68;"A";3.41;"A"
"2025-07-25 18:00";35.55;"A";28.44;"A";1001.79;"A";213;"A";63;"A";0;"A";9;"A";54;"A";9.83;"A";5.21;"A";3.78;"A"
"2025-07-25 18:15";35.45;"A";28.87;"A";1001.59;"A";188;"A";61;"A";0;"A";7;"A";54;"A";8.41;"A";5.43;"A";3.87;"A"
"2025-07-25 18:30";35.35;"A";28.91;"A";1001.57;"A";221;"A";63;"A";0;"A";7;"A";55;"A";9.89;"A";6;"A";4.36;"A"
"2025-07-25 18:45";35.1;"A";28.92;"A";1001.57;"A";194;"A";61;"A";0;"A";7;"A";54;"A";8.42;"A";5.1;"A";3.74;"A"
"2025-07-25 19:00";34.63;"A";29.92;"A";1001.79;"A";205;"A";58;"A";0;"A";8;"A";50;"A";9.13;"A";5.36;"A";3.73;"A"
"2025-07-25 19:15";34.3;"A";30.98;"A";1001.8;"A";224;"A";59;"A";0;"A";11;"A";48;"A";11.89;"A";6.34;"A";4.69;"A"
"2025-07-25 19:30";33.83;"A";33.35;"A";1001.79;"A";330;"A";53;"A";0;"A";12;"A";41;"A";15.64;"A";9.76;"A";6.79;"A"
"2025-07-25 19:45";33.49;"A";33.64;"A";1001.73;"A";386;"A";52;"A";0;"A";11;"A";41;"A";15.19;"A";9.92;"A";7.42;"A"
"2025-07-25 20:00";33.11;"A";34.7;"A";1001.72;"A";368;"A";50;"A";0;"A";12;"A";38;"A";21.2;"A";12.33;"A";8.84;"A"
"2025-07-25 20:15";32.75;"A";34.61;"A";1001.71;"A";359;"A";49;"A";0;"A";11;"A";38;"A";16.07;"A";10.75;"A";7.69;"A"
"2025-07-25 20:30";32.3;"A";35.68;"A";1001.88;"A";321;"A";50;"A";0;"A";14;"A";35;"A";13.76;"A";8.82;"A";6.29;"A"
"2025-07-25 20:45";31.94;"A";37.74;"A";1002.04;"A";356;"A";49;"A";0;"A";19;"A";29;"A";18.5;"A";10.42;"A";7.49;"A"
"2025-07-25 21:00";30.8;"A";48.65;"A";1002.23;"A";505;"A";43;"A";0;"A";25;"A";18;"A";20.31;"A";10.98;"A";7.77;"A"
"2025-07-25 21:15";30.11;"A";51.38;"A";1002.31;"A";462;"A";36;"A";0;"A";20;"A";16;"A";17.99;"A";11.08;"A";7.95;"A"
"2025-07-25 21:30";29.81;"A";48.2;"A";1002.22;"A";394;"A";41;"A";0;"A";24;"A";18;"A";18.72;"A";11.62;"A";8.71;"A"
"2025-07-25 21:45";29.93;"A";45.63;"A";1002.31;"A";284;"A";41;"A";0;"A";19;"A";22;"A";15.83;"A";8.4;"A";6.35;"A"
"2025-07-25 22:00";29.83;"A";46.74;"A";1002.36;"A";276;"A";41;"A";0;"A";19;"A";22;"A";13.72;"A";8.25;"A";5.89;"A"
"2025-07-25 22:15";29.82;"A";43.49;"A";1002.34;"A";243;"A";40;"A";0;"A";15;"A";24;"A";11.99;"A";7.41;"A";5.4;"A"
"2025-07-25 22:30";29.56;"A";44.86;"A";1002.55;"A";282;"A";38;"A";0;"A";14;"A";24;"A";12.57;"A";7.96;"A";5.65;"A"
"2025-07-25 22:45";29.23;"A";43.21;"A";1002.66;"A";219;"A";38;"A";0;"A";11;"A";28;"A";11.45;"A";6.47;"A";4.69;"A"
"2025-07-25 23:00";29.09;"A";41.8;"A";1002.72;"A";202;"A";42;"A";0;"A";14;"A";28;"A";10.59;"A";6.39;"A";4.28;"A"
"2025-07-25 23:15";29.54;"A";37.67;"A";1002.89;"A";107;"A";49;"A";0;"A";8;"A";41;"A";9.07;"A";4.74;"A";3.4;"A"
"2025-07-25 23:30";29.47;"A";38.77;"A";1002.92;"A";121;"A";48;"A";0;"A";9;"A";39;"A";10.1;"A";5.17;"A";3.64;"A"
"2025-07-25 23:45";28.99;"A";40.67;"A";1002.84;"A";137;"A";44;"A";0;"A";8;"A";36;"A";9.21;"A";5.27;"A";3.71;"A"
"2025-07-26 00:00";28.39;"A";42.7;"A";1002.76;"A";158;"A";41;"A";0;"A";11;"A";31;"A";11.14;"A";5.86;"A";4.18;"A"
"2025-07-26 00:15";27.95;"A";44.06;"A";1002.62;"A";159;"A";39;"A";0;"A";9;"A";29;"A";10.97;"A";6.28;"A";4.27;"A"
"2025-07-26 00:30";27.64;"A";45.29;"A";1002.62;"A";160;"A";37;"A";0;"A";8;"A";29;"A";10.24;"A";5.74;"A";4.27;"A"
"2025-07-26 00:45";27.21;"A";47.34;"A";1002.54;"A";156;"A";37;"A";0;"A";9;"A";29;"A";10.03;"A";6.01;"A";4.28;"A"
"2025-07-26 01:00";26.94;"A";48.06;"A";1002.43;"A";186;"A";35;"A";0;"A";8;"A";27;"A";12.27;"A";7.34;"A";5.13;"A"
"2025-07-26 01:15";26.67;"A";49.56;"A";1002.51;"A";231;"A";33;"A";0;"A";10;"A";23;"A";14.97;"A";9.17;"A";6.44;"A"
"2025-07-26 01:30";26.39;"A";50.55;"A";1002.32;"A";263;"A";34;"A";0;"A";10;"A";25;"A";22.44;"A";14.91;"A";10.87;"A"
"2025-07-26 01:45";26.1;"A";52.09;"A";1002.34;"A";266;"A";33;"A";0;"A";9;"A";24;"A";27.47;"A";16.4;"A";11.79;"A"
"2025-07-26 02:00";25.83;"A";53.22;"A";1002.27;"A";263;"A";32;"A";0;"A";8;"A";24;"A";27.35;"A";16.92;"A";12.26;"A"
"2025-07-26 02:15";25.71;"A";54.19;"A";1002.51;"A";240;"A";34;"A";0;"A";7;"A";27;"A";28.91;"A";17.23;"A";11.93;"A"
"2025-07-26 02:30";25.44;"A";55.33;"A";1002.65;"A";255;"A";31;"A";0;"A";7;"A";24;"A";26.07;"A";16.43;"A";12.08;"A"
"2025-07-26 02:45";25.17;"A";56.12;"A";1002.52;"A";275;"A";32;"A";0;"A";8;"A";24;"A";27.69;"A";16.93;"A";12.61;"A"
"2025-07-26 03:00";25.08;"A";56.57;"A";1002.47;"A";278;"A";32;"A";0;"A";9;"A";23;"A";25.78;"A";15.92;"A";11.47;"A"
"2025-07-26 03:15";24.92;"A";57.5;"A";1002.28;"A";281;"A";31;"A";0;"A";10;"A";21;"A";22.6;"A";14.87;"A";11.03;"A"
"2025-07-26 03:30";24.77;"A";57.93;"A";1002.23;"A";295;"A";31;"A";0;"A";11;"A";20;"A";24.97;"A";14.91;"A";11.36;"A"
"2025-07-26 03:45";24.73;"A";58.37;"A";1002.17;"A";282;"A";32;"A";0;"A";12;"A";20;"A";26.15;"A";15.71;"A";11.4;"A"
"2025-07-26 04:00";24.71;"A";58.61;"A";1002.19;"A";298;"A";31;"A";0;"A";13;"A";18;"A";27.35;"A";16.88;"A";12.71;"A"
"2025-07-26 04:15";24.57;"A";59.19;"A";1002.16;"A";284;"A";30;"A";0;"A";12;"A";18;"A";27.39;"A";16.23;"A";12.3;"A"
"2025-07-26 04:30";24.48;"A";59.54;"A";1002.32;"A";244;"A";32;"A";0;"A";13;"A";19;"A";25.65;"A";15.54;"A";11.21;"A"
"2025-07-26 04:45";24.34;"A";59.7;"A";1002.43;"A";211;"A";33;"A";0;"A";13;"A";19;"A";21.96;"A";13.68;"A";10.37;"A"
"2025-07-26 05:00";24.35;"A";58.89;"A";1002.4;"A";205;"A";34;"A";0;"A";18;"A";16;"A";23.88;"A";14.59;"A";10.68;"A"
"2025-07-26 05:15";24.21;"A";59.25;"A";1002.34;"A";216;"A";35;"A";0;"A";27;"A";8;"A";24.35;"A";14.34;"A";10.68;"A"
"2025-07-26 05:30";24;"A";60.82;"A";1002.25;"A";222;"A";32;"A";0;"A";25;"A";8;"A";26.23;"A";15.5;"A";11.53;"A"
"2025-07-26 05:45";23.77;"A";61.79;"A";1002.14;"A";220;"A";31;"A";0;"A";24;"A";7;"A";22.27;"A";14.57;"A";11;"A"
"2025-07-26 06:00";23.68;"A";62.9;"A";1002.2;"A";233;"A";31;"A";0;"A";23;"A";7;"A";22.15;"A";14.99;"A";11.17;"A"
"2025-07-26 06:15";23.92;"A";62.96;"A";1002.31;"A";239;"A";31;"A";0;"A";24;"A";6;"A";24.14;"A";14.75;"A";10.98;"A"
"2025-07-26 06:30";24.3;"A";63.49;"A";1002.43;"A";273;"A";29;"A";0;"A";23;"A";6;"A";23.39;"A";14.43;"A";10.61;"A"
"2025-07-26 06:45";24.63;"A";62.97;"A";1002.35;"A";311;"A";30;"A";0;"A";23;"A";6;"A";24.12;"A";14.83;"A";11.16;"A"
"2025-07-26 07:00";25.14;"A";60.39;"A";1002.35;"A";317;"A";32;"A";0;"A";25;"A";7;"A";27.59;"A";14.79;"A";10.78;"A"
"2025-07-26 07:15";25.52;"A";58.98;"A";1002.38;"A";271;"A";39;"A";0;"A";28;"A";10;"A";22.31;"A";12.75;"A";9.65;"A"
"2025-07-26 07:30";25.97;"A";57.27;"A";1002.35;"A";282;"A";39;"A";0;"A";28;"A";11;"A";24.36;"A";14.48;"A";10.42;"A"
"2025-07-26 07:45";26.24;"A";58.36;"A";1002.4;"A";324;"A";42;"A";0;"A";32;"A";9;"A";23.38;"A";14.39;"A";10.87;"A"
"2025-07-26 08:00";26.46;"A";57.03;"A";1002.42;"A";325;"A";40;"A";0;"A";25;"A";15;"A";24.53;"A";15.35;"A";11.14;"A"
"2025-07-26 08:15";26.86;"A";55.66;"A";1002.41;"A";363;"A";44;"A";0;"A";28;"A";16;"A";22.77;"A";15.02;"A";11.37;"A"
"2025-07-26 08:30";27.43;"A";54.38;"A";1002.36;"A";362;"A";46;"A";0;"A";25;"A";21;"A";18.76;"A";12.9;"A";9.8;"A"
"2025-07-26 08:45";28.32;"A";51.92;"A";1002.29;"A";380;"A";47;"A";0;"A";23;"A";24;"A";17.59;"A";12.5;"A";9.33;"A"
"2025-07-26 09:00";28.88;"A";51.75;"A";1002.26;"A";378;"A";49;"A";0;"A";23;"A";26;"A";17.33;"A";12.36;"A";9.16;"A"
"2025-07-26 09:15";29.82;"A";47.73;"A";1002.28;"A";365;"A";48;"A";0;"A";19;"A";29;"A";15.35;"A";10.25;"A";7.92;"A"
"2025-07-26 09:30";31.08;"A";44.43;"A";1002.45;"A";306;"A";53;"A";0;"A";15;"A";38;"A";14.34;"A";9.83;"A";7.49;"A"
"2025-07-26 09:45";31.27;"A";43.17;"A";1002.3;"A";303;"A";57;"A";0;"A";17;"A";39;"A";14.99;"A";9.78;"A";7.31;"A"
"2025-07-26 10:00";31.81;"A";41.5;"A";1002.48;"A";314;"A";60;"A";0;"A";14;"A";46;"A";13.68;"A";8.97;"A";6.86;"A"
"2025-07-26 10:15";32;"A";40.03;"A";1002.51;"A";289;"A";66;"A";0;"A";13;"A";53;"A";14.24;"A";9.59;"A";6.64;"A"
"2025-07-26 10:30";32.39;"A";39.57;"A";1002.41;"A";295;"A";69;"A";0;"A";11;"A";58;"A";13.5;"A";8.71;"A";6.64;"A"
"2025-07-26 10:45";32.51;"A";39.15;"A";1002.44;"A";290;"A";71;"A";0;"A";11;"A";60;"A";13.44;"A";8.94;"A";6.31;"A"
"2025-07-26 11:00";32.7;"A";39.07;"A";1002.44;"A";294;"A";73;"A";0;"A";12;"A";61;"A";13.22;"A";9;"A";7.07;"A"
"2025-07-26 11:15";33.07;"A";37.62;"A";1002.39;"A";329;"A";74;"A";0;"A";14;"A";60;"A";15.11;"A";9.77;"A";7.24;"A"
"2025-07-26 11:30";33.28;"A";36.58;"A";1002.36;"A";276;"A";78;"A";0;"A";14;"A";63;"A";11.77;"A";8.1;"A";5.91;"A"
"2025-07-26 11:45";33.46;"A";36.18;"A";1002.39;"A";284;"A";73;"A";0;"A";11;"A";62;"A";11.86;"A";8.27;"A";6.11;"A"
"2025-07-26 12:00";34.04;"A";34.23;"A";1002.36;"A";464;"A";77;"A";0;"A";10;"A";67;"A";18.21;"A";12.02;"A";9.09;"A"
"2025-07-26 12:15";34.42;"A";33.14;"A";1002.27;"A";625;"A";81;"A";0;"A";14;"A";67;"A";16.23;"A";12.31;"A";9.16;"A"
"2025-07-26 12:30";35.16;"A";31.37;"A";1002.24;"A";345;"A";73;"A";0;"A";8;"A";65;"A";12.06;"A";7.91;"A";5.9;"A"
"2025-07-26 12:45";35.73;"A";29.82;"A";1002.09;"A";398;"A";77;"A";0;"A";9;"A";67;"A";14.44;"A";9.18;"A";6.59;"A"
"2025-07-26 13:00";36.13;"A";29.28;"A";1002.2;"A";279;"A";76;"A";0;"A";11;"A";65;"A";12.74;"A";7.77;"A";5.46;"A"
"2025-07-26 13:15";36.34;"A";29.68;"A";1002.24;"A";272;"A";77;"A";0;"A";10;"A";67;"A";14.16;"A";7.86;"A";5.72;"A"
"2025-07-26 13:30";36.23;"A";29.9;"A";1002.15;"A";260;"A";79;"A";0;"A";11;"A";68;"A";13.85;"A";8.13;"A";5.88;"A"
"2025-07-26 13:45";36.22;"A";30.04;"A";1002.22;"A";251;"A";77;"A";0;"A";9;"A";68;"A";12.52;"A";7.61;"A";5.77;"A"
"2025-07-26 14:00";36.64;"A";29.89;"A";1002.26;"A";247;"A";75;"A";0;"A";9;"A";66;"A";11.9;"A";7.61;"A";5.57;"A"
"2025-07-26 14:15";37.04;"A";29.18;"A";1001.98;"A";230;"A";68;"A";0;"A";6;"A";61;"A";11.65;"A";6.95;"A";5.08;"A"
"2025-07-26 14:30";36.69;"A";29.41;"A";1001.95;"A";225;"A";68;"A";0;"A";8;"A";60;"A";10.9;"A";6.37;"A";4.95;"A"
"2025-07-26 14:45";36.41;"A";30.02;"A";1001.95;"A";233;"A";66;"A";0;"A";8;"A";59;"A";9.85;"A";6.2;"A";4.7;"A"
"2025-07-26 15:00";37.25;"A";28.97;"A";1001.73;"A";202;"A";64;"A";0;"A";6;"A";58;"A";9.3;"A";6.83;"A";4.9;"A"
"2025-07-26 15:15";38.02;"A";28.01;"A";1001.69;"A";199;"A";65;"A";0;"A";6;"A";59;"A";10.73;"A";6.95;"A";4.92;"A"
"2025-07-26 15:30";38;"A";27.8;"A";1001.59;"A";200;"A";65;"A";0;"A";6;"A";59;"A";10.08;"A";6.77;"A";5.22;"A"
"2025-07-26 15:45";38.31;"A";27.14;"A";1001.26;"A";213;"A";64;"A";0;"A";5;"A";58;"A";9.73;"A";6.85;"A";5.29;"A"
"2025-07-26 16:00";38.99;"A";26.68;"A";1001.1;"A";199;"A";63;"A";0;"A";5;"A";58;"A";10.35;"A";7.6;"A";5.67;"A"
"2025-07-26 16:15";39.47;"A";26.47;"A";1000.94;"A";207;"A";64;"A";0;"A";5;"A";59;"A";10.11;"A";7.21;"A";5.5;"A"
"2025-07-26 16:30";39.71;"A";26.2;"A";1000.87;"A";217;"A";64;"A";0;"A";5;"A";59;"A";10.79;"A";7.17;"A";5.36;"A"
"2025-07-26 16:45";39.93;"A";25.68;"A";1000.75;"A";215;"A";61;"A";0;"A";4;"A";57;"A";11.12;"A";7.56;"A";5.7;"A"
"2025-07-26 17:00";39.91;"A";25.42;"A";1000.61;"A";194;"A";62;"A";0;"A";4;"A";58;"A";10.3;"A";7.58;"A";5.54;"A"
"2025-07-26 17:15";39.61;"A";26.04;"A";1000.64;"A";208;"A";62;"A";0;"A";5;"A";57;"A";11.48;"A";7.82;"A";5.86;"A"
"2025-07-26 17:30";39.04;"A";26.68;"A";1000.71;"A";233;"A";62;"A";0;"A";5;"A";57;"A";10.86;"A";7.67;"A";5.87;"A"
"2025-07-26 17:45";38.46;"A";27.78;"A";1000.89;"A";236;"A";60;"A";0;"A";5;"A";55;"A";11.75;"A";7.76;"A";6.17;"A"
"2025-07-26 18:00";38.06;"A";28.36;"A";1000.96;"A";219;"A";60;"A";0;"A";5;"A";55;"A";12;"A";8.61;"A";6.48;"A"
"2025-07-26 18:15";37.68;"A";28.92;"A";1000.8;"A";234;"A";59;"A";0;"A";5;"A";54;"A";11.2;"A";8.57;"A";6.72;"A"
"2025-07-26 18:30";37.44;"A";28.94;"A";1000.77;"A";206;"A";59;"A";0;"A";5;"A";54;"A";10.54;"A";7.52;"A";5.92;"A"
"2025-07-26 18:45";37.13;"A";29.77;"A";1000.85;"A";229;"A";57;"A";0;"A";5;"A";52;"A";10.7;"A";7.85;"A";6.12;"A"
"2025-07-26 19:00";36.67;"A";30.61;"A";1000.86;"A";274;"A";57;"A";0;"A";5;"A";52;"A";14.22;"A";10.11;"A";7.89;"A"
"2025-07-26 19:15";36.38;"A";31.14;"A";1000.8;"A";278;"A";55;"A";0;"A";5;"A";50;"A";14.52;"A";9.12;"A";6.77;"A"
"2025-07-26 19:30";36.07;"A";31.4;"A";1000.91;"A";230;"A";57;"A";0;"A";5;"A";52;"A";10.52;"A";6.96;"A";5.26;"A"
"2025-07-26 19:45";35.71;"A";32.2;"A";1001.07;"A";252;"A";56;"A";0;"A";6;"A";51;"A";11.05;"A";7.35;"A";5.3;"A"
"2025-07-26 20:00";35.35;"A";33.07;"A";1000.95;"A";219;"A";56;"A";0;"A";6;"A";50;"A";10.26;"A";7.3;"A";5.52;"A"
"2025-07-26 20:15";34.82;"A";35.23;"A";1000.86;"A";248;"A";58;"A";0;"A";6;"A";52;"A";12.94;"A";8.16;"A";6.43;"A"
"2025-07-26 20:30";34.35;"A";36.15;"A";1001.1;"A";243;"A";56;"A";0;"A";6;"A";50;"A";12.26;"A";8.39;"A";5.86;"A"
"2025-07-26 20:45";33.92;"A";36.79;"A";1001.2;"A";246;"A";56;"A";0;"A";7;"A";49;"A";12.18;"A";8.03;"A";5.96;"A"
"2025-07-26 21:00";33.49;"A";37.79;"A";1001.4;"A";247;"A";54;"A";0;"A";8;"A";47;"A";12.08;"A";8.39;"A";5.99;"A"
"2025-07-26 21:15";33.06;"A";38.74;"A";1001.41;"A";265;"A";53;"A";0;"A";9;"A";44;"A";13.22;"A";8.37;"A";6.08;"A"
"2025-07-26 21:30";32.63;"A";39.76;"A";1001.49;"A";271;"A";51;"A";0;"A";9;"A";42;"A";13.13;"A";8.75;"A";6.52;"A"
"2025-07-26 21:45";32.21;"A";40.6;"A";1001.84;"A";300;"A";48;"A";0;"A";8;"A";40;"A";15.21;"A";10.15;"A";7.66;"A"
"2025-07-26 22:00";31.82;"A";41.37;"A";1001.82;"A";303;"A";48;"A";0;"A";8;"A";40;"A";15.05;"A";10.25;"A";7.54;"A"
"2025-07-26 22:15";31.49;"A";42.11;"A";1001.84;"A";246;"A";49;"A";0;"A";8;"A";42;"A";13.72;"A";8.8;"A";6.64;"A"
"2025-07-26 22:30";31.06;"A";43.29;"A";1001.64;"A";244;"A";48;"A";0;"A";8;"A";40;"A";14.4;"A";8.91;"A";6.44;"A"
"2025-07-26 22:45";30.65;"A";44.42;"A";1001.74;"A";263;"A";44;"A";0;"A";9;"A";35;"A";13.32;"A";8.21;"A";6.3;"A"
"2025-07-26 23:00";30.35;"A";45.32;"A";1001.84;"A";242;"A";45;"A";0;"A";9;"A";36;"A";13.35;"A";8.56;"A";6.33;"A"
"2025-07-26 23:15";30.05;"A";46.02;"A";1001.88;"A";216;"A";45;"A";0;"A";8;"A";37;"A";13.01;"A";8.44;"A";6.35;"A"
"2025-07-26 23:30";29.84;"A";46.55;"A";1001.97;"A";192;"A";45;"A";0;"A";7;"A";38;"A";14.43;"A";8.94;"A";6.56;"A"
"2025-07-26 23:45";29.63;"A";47.74;"A";1002.03;"A";188;"A";45;"A";0;"A";7;"A";38;"A";13.21;"A";8.99;"A";6.73;"A"
"2025-07-27 00:00";29.39;"A";48.94;"A";1002.01;"A";177;"A";44;"A";0;"A";6;"A";38;"A";13.88;"A";9.33;"A";6.74;"A"
"2025-07-27 00:15";29.19;"A";49.8;"A";1002.22;"A";169;"A";44;"A";0;"A";7;"A";36;"A";13.02;"A";8.88;"A";6.72;"A"
"2025-07-27 00:30";28.96;"A";50.77;"A";1002.15;"A";165;"A";43;"A";0;"A";6;"A";36;"A";12.03;"A";8.63;"A";6.74;"A"
"2025-07-27 00:45";28.7;"A";51.78;"A";1002.02;"A";165;"A";42;"A";0;"A";6;"A";36;"A";13.7;"A";9;"A";6.99;"A"
"2025-07-27 01:00";28.47;"A";52.47;"A";1001.99;"A";164;"A";40;"A";0;"A";7;"A";34;"A";13.46;"A";9.3;"A";6.97;"A"
"2025-07-27 01:15";28.19;"A";53.27;"A";1002.07;"A";157;"A";40;"A";0;"A";7;"A";33;"A";13.48;"A";9.17;"A";7.06;"A"
"2025-07-27 01:30";27.93;"A";53.98;"A";1002.01;"A";155;"A";39;"A";0;"A";7;"A";32;"A";13.23;"A";8.94;"A";6.73;"A"
"2025-07-27 01:45";27.56;"A";54.98;"A";1001.95;"A";152;"A";39;"A";0;"A";7;"A";32;"A";13.49;"A";8.77;"A";6.64;"A"
"2025-07-27 02:00";27.14;"A";56.53;"A";1002.03;"A";148;"A";38;"A";0;"A";7;"A";31;"A";13.18;"A";9.17;"A";6.83;"A"
"2025-07-27 02:15";26.89;"A";57.15;"A";1001.9;"A";149;"A";37;"A";0;"A";7;"A";30;"A";13.99;"A";8.86;"A";6.88;"A"
"2025-07-27 02:30";26.82;"A";56.91;"A";1001.92;"A";137;"A";38;"A";0;"A";6;"A";32;"A";12.59;"A";8.87;"A";6.62;"A"
"2025-07-27 02:45";26.73;"A";56.89;"A";1001.99;"A";125;"A";40;"A";0;"A";5;"A";34;"A";12.03;"A";8.35;"A";6.22;"A"
"2025-07-27 03:00";26.47;"A";57.71;"A";1001.96;"A";127;"A";40;"A";0;"A";6;"A";34;"A";10.3;"A";7.86;"A";6.45;"A"
"2025-07-27 03:15";26.22;"A";58.54;"A";1001.77;"A";126;"A";39;"A";0;"A";7;"A";32;"A";12.14;"A";8.46;"A";6.54;"A"
"2025-07-27 03:30";26.09;"A";58.66;"A";1001.72;"A";125;"A";38;"A";0;"A";7;"A";31;"A";12.27;"A";9.04;"A";6.77;"A"
"2025-07-27 03:45";25.81;"A";59.67;"A";1001.69;"A";125;"A";37;"A";0;"A";7;"A";30;"A";12.84;"A";9.27;"A";6.75;"A"
"2025-07-27 04:00";25.52;"A";60.66;"A";1001.48;"A";125;"A";37;"A";0;"A";8;"A";29;"A";12.7;"A";9.33;"A";7.03;"A"
"2025-07-27 04:15";25.47;"A";59.73;"A";1001.47;"A";118;"A";37;"A";0;"A";6;"A";31;"A";12.06;"A";8.56;"A";6.47;"A"
"2025-07-27 04:30";25.63;"A";58.28;"A";1001.47;"A";103;"A";41;"A";0;"A";6;"A";36;"A";9.95;"A";7.36;"A";5.73;"A"
"2025-07-27 04:45";25.56;"A";58.46;"A";1001.56;"A";104;"A";43;"A";0;"A";6;"A";37;"A";10.13;"A";7.71;"A";5.95;"A"
"2025-07-27 05:00";25.52;"A";58.51;"A";1001.75;"A";96;"A";45;"A";0;"A";6;"A";39;"A";10.77;"A";8.38;"A";6.2;"A"
"2025-07-27 05:15";25.47;"A";58.55;"A";1001.83;"A";96;"A";45;"A";0;"A";6;"A";39;"A";12.02;"A";8.3;"A";6.23;"A"
"2025-07-27 05:30";25.39;"A";59;"A";1001.94;"A";103;"A";45;"A";0;"A";6;"A";38;"A";13.2;"A";9.2;"A";6.59;"A"
"2025-07-27 05:45";25.3;"A";59.53;"A";1002;"A";110;"A";44;"A";0;"A";7;"A";38;"A";13.61;"A";9.37;"A";6.86;"A"
"2025-07-27 06:00";25.25;"A";60.05;"A";1001.87;"A";115;"A";43;"A";0;"A";7;"A";36;"A";14.35;"A";10.62;"A";8.26;"A"
"2025-07-27 06:15";25.34;"A";60.16;"A";1001.89;"A";127;"A";42;"A";0;"A";8;"A";34;"A";15.91;"A";11.91;"A";8.85;"A"
"2025-07-27 06:30";25.46;"A";60.11;"A";1001.92;"A";134;"A";42;"A";0;"A";9;"A";34;"A";15.61;"A";10.71;"A";8.23;"A"
"2025-07-27 06:45";25.68;"A";59.9;"A";1002.14;"A";122;"A";43;"A";0;"A";7;"A";36;"A";11.89;"A";7.98;"A";6.24;"A"
"2025-07-27 07:00";25.78;"A";59.43;"A";1002.29;"A";131;"A";41;"A";0;"A";6;"A";35;"A";10.59;"A";7.43;"A";6.02;"A"
"2025-07-27 07:15";25.74;"A";59.39;"A";1002.5;"A";124;"A";44;"A";0;"A";8;"A";36;"A";10.84;"A";7.75;"A";6.1;"A"
"2025-07-27 07:30";25.72;"A";59.11;"A";1003.05;"A";150;"A";42;"A";0;"A";11;"A";31;"A";13.79;"A";8.75;"A";6.73;"A"
"2025-07-27 07:45";25.73;"A";60.6;"A";1002.95;"A";163;"A";40;"A";0;"A";14;"A";26;"A";16.95;"A";11.22;"A";8.39;"A"
"2025-07-27 08:00";25.71;"A";61.04;"A";1003.01;"A";195;"A";37;"A";0;"A";11;"A";26;"A";27.44;"A";16.05;"A";11.47;"A"
"2025-07-27 08:15";25.93;"A";60.1;"A";1002.76;"A";160;"A";37;"A";0;"A";10;"A";28;"A";23.18;"A";14.79;"A";10.7;"A"
"2025-07-27 08:30";26.1;"A";59.32;"A";1002.41;"A";128;"A";40;"A";0;"A";10;"A";30;"A";15.86;"A";11.72;"A";8.89;"A"
"2025-07-27 08:45";26.3;"A";59.09;"A";1002.76;"A";145;"A";41;"A";0;"A";11;"A";31;"A";25.29;"A";19.11;"A";13.48;"A"
"2025-07-27 09:00";26.62;"A";58.23;"A";1003.08;"A";199;"A";42;"A";0;"A";12;"A";30;"A";22.45;"A";14.68;"A";10.64;"A"
"2025-07-27 09:15";26.96;"A";57.53;"A";1003.28;"A";157;"A";43;"A";0;"A";13;"A";30;"A";33.59;"A";24.29;"A";17.86;"A"
"2025-07-27 09:30";28.34;"A";53.19;"A";1002.77;"A";117;"A";45;"A";4;"A";11;"A";34;"A";64.44;"A";48.8;"A";34.06;"A"
"2025-07-27 09:45";28.3;"A";53.62;"A";1002.52;"A";135;"A";49;"A";66;"A";16;"A";34;"A";126.27;"A";97.47;"A";67.8;"A"
"2025-07-27 10:00";28.3;"A";53.81;"A";1001.98;"A";154;"A";47;"A";36;"A";11;"A";36;"A";86.99;"A";68.36;"A";48.23;"A"
"2025-07-27 10:15";28.85;"A";51.42;"A";1002.03;"A";157;"A";49;"A";42;"A";7;"A";42;"A";84.2;"A";65.09;"A";44.88;"A"
"2025-07-27 10:30";29.7;"A";49.62;"A";1001.9;"A";180;"A";51;"A";18;"A";6;"A";45;"A";53.1;"A";40.78;"A";29.78;"A"
"2025-07-27 10:45";30.37;"A";47.19;"A";1001.71;"A";151;"A";53;"A";0;"A";6;"A";48;"A";25.74;"A";20.28;"A";14.99;"A"
"2025-07-27 11:00";30.94;"A";42.98;"A";1001.59;"A";129;"A";57;"A";0;"A";6;"A";52;"A";14.96;"A";10.63;"A";8.21;"A"
"2025-07-27 11:15";31.44;"A";41.45;"A";1001.35;"A";131;"A";61;"A";0;"A";7;"A";54;"A";15.83;"A";11.73;"A";8.39;"A"
"2025-07-27 11:30";31.71;"A";40.54;"A";1001.25;"A";143;"A";63;"A";0;"A";8;"A";54;"A";11.71;"A";7.43;"A";5.35;"A"
"2025-07-27 11:45";32.1;"A";40.16;"A";1001.15;"A";142;"A";60;"A";0;"A";6;"A";54;"A";10.46;"A";7.85;"A";5.88;"A"
"2025-07-27 12:00";32.56;"A";39.74;"A";1001.09;"A";147;"A";58;"A";0;"A";6;"A";52;"A";7.73;"A";5.96;"A";4.54;"A"
"2025-07-27 12:15";32.86;"A";39.48;"A";1001.13;"A";163;"A";59;"A";0;"A";7;"A";53;"A";7.29;"A";5.4;"A";3.96;"A"
"2025-07-27 12:30";33.25;"A";38.33;"A";1001.31;"A";145;"A";60;"A";0;"A";5;"A";54;"A";7.68;"A";5.37;"A";3.84;"A"
"2025-07-27 12:45";33.63;"A";37.28;"A";1001.15;"A";167;"A";61;"A";0;"A";6;"A";55;"A";7.6;"A";5.3;"A";3.79;"A"
"2025-07-27 13:00";34;"A";36.63;"A";1001.08;"A";150;"A";62;"A";0;"A";6;"A";55;"A";7.86;"A";6.04;"A";4.18;"A"
"2025-07-27 13:15";34.36;"A";35.62;"A";1001.01;"A";161;"A";62;"A";0;"A";6;"A";56;"A";10.65;"A";7.03;"A";5.31;"A"
"2025-07-27 13:30";34.77;"A";34.32;"A";1000.83;"A";148;"A";63;"A";0;"A";6;"A";57;"A";7.55;"A";5.06;"A";3.71;"A"
"2025-07-27 13:45";35.33;"A";33.14;"A";1000.77;"A";156;"A";63;"A";0;"A";5;"A";58;"A";14.12;"A";7.89;"A";5.51;"A"
"2025-07-27 14:00";35.91;"A";32.32;"A";1000.77;"A";161;"A";62;"A";0;"A";5;"A";57;"A";7.44;"A";4.81;"A";3.68;"A"
"2025-07-27 14:15";36.44;"A";29.53;"A";1000.64;"A";148;"A";64;"A";0;"A";6;"A";59;"A";8.6;"A";5.37;"A";3.96;"A"
"2025-07-27 14:30";37.09;"A";29.27;"A";1000.78;"A";156;"A";64;"A";0;"A";5;"A";59;"A";7.41;"A";5;"A";3.66;"A"
"2025-07-27 14:45";37.52;"A";27.97;"A";1000.75;"A";145;"A";65;"A";0;"A";5;"A";61;"A";8.23;"A";5.05;"A";3.74;"A"
"2025-07-27 15:00";37.95;"A";27.59;"A";1000.52;"A";258;"A";66;"A";0;"A";6;"A";60;"A";7.52;"A";4.96;"A";3.61;"A"
"2025-07-27 15:15";38.34;"A";27.34;"A";1000.2;"A";246;"A";66;"A";0;"A";6;"A";60;"A";10.41;"A";5.45;"A";4.11;"A"
"2025-07-27 15:30";38.6;"A";27.03;"A";999.87;"A";161;"A";66;"A";0;"A";5;"A";61;"A";10.37;"A";6.02;"A";4.52;"A"
"2025-07-27 15:45";38.92;"A";26.51;"A";999.57;"A";156;"A";66;"A";0;"A";4;"A";62;"A";9.62;"A";5.64;"A";4.01;"A"
"2025-07-27 16:00";38.99;"A";26.36;"A";999.49;"A";158;"A";66;"A";0;"A";5;"A";61;"A";9.53;"A";5.2;"A";3.8;"A"
"2025-07-27 16:15";38.39;"A";26.2;"A";999.43;"A";155;"A";65;"A";0;"A";5;"A";60;"A";10.68;"A";5.99;"A";4.29;"A"
"2025-07-27 16:30";37.98;"A";26.7;"A";999.45;"A";152;"A";64;"A";0;"A";5;"A";59;"A";8.85;"A";5.37;"A";3.97;"A"
"2025-07-27 16:45";38.19;"A";26.79;"A";999.44;"A";146;"A";63;"A";0;"A";4;"A";59;"A";9.77;"A";5.8;"A";4.03;"A"
"2025-07-27 17:00";38.5;"A";26.66;"A";999.35;"A";146;"A";61;"A";0;"A";4;"A";57;"A";10.24;"A";6.08;"A";4.01;"A"
"2025-07-27 17:15";38.29;"A";27;"A";999.26;"A";152;"A";62;"A";0;"A";4;"A";58;"A";10.36;"A";5.79;"A";4.07;"A"
"2025-07-27 17:30";37.6;"A";27.68;"A";999.22;"A";152;"A";61;"A";0;"A";4;"A";57;"A";8.75;"A";5.46;"A";3.9;"A"
"2025-07-27 17:45";37.06;"A";28.67;"A";999.24;"A";160;"A";61;"A";0;"A";5;"A";56;"A";9.68;"A";5.58;"A";3.96;"A"
"2025-07-27 18:00";36.48;"A";29.94;"A";999.25;"A";167;"A";58;"A";0;"A";5;"A";54;"A";8.23;"A";4.85;"A";3.56;"A"
"2025-07-27 18:15";35.9;"A";31.27;"A";999.02;"A";166;"A";56;"A";0;"A";4;"A";52;"A";8.23;"A";5.23;"A";3.49;"A"
"2025-07-27 18:30";35.46;"A";32.42;"A";999.04;"A";167;"A";55;"A";0;"A";5;"A";51;"A";7.81;"A";5.4;"A";3.9;"A"
"2025-07-27 18:45";35.1;"A";33.33;"A";999.06;"A";165;"A";55;"A";0;"A";4;"A";50;"A";9.59;"A";6.57;"A";4.67;"A"
"2025-07-27 19:00";34.71;"A";33.3;"A";998.96;"A";157;"A";56;"A";0;"A";6;"A";50;"A";9.19;"A";5.98;"A";4.55;"A"
"2025-07-27 19:15";34.39;"A";33.94;"A";998.92;"A";169;"A";54;"A";0;"A";5;"A";49;"A";8.05;"A";5.97;"A";4.5;"A"
"2025-07-27 19:30";34.01;"A";35.8;"A";998.89;"A";206;"A";54;"A";0;"A";6;"A";47;"A";9.64;"A";6.61;"A";5.03;"A"
"2025-07-27 19:45";33.59;"A";36.21;"A";999.1;"A";214;"A";52;"A";0;"A";6;"A";46;"A";8.93;"A";6.7;"A";4.64;"A"
"2025-07-27 20:00";33.17;"A";36.81;"A";999.02;"A";231;"A";50;"A";0;"A";7;"A";43;"A";8.8;"A";6.29;"A";4.52;"A"
"2025-07-27 20:15";32.77;"A";37.5;"A";999;"A";234;"A";49;"A";0;"A";7;"A";42;"A";9.14;"A";5.92;"A";4.37;"A"
"2025-07-27 20:30";32.35;"A";38.57;"A";999.01;"A";244;"A";47;"A";0;"A";8;"A";39;"A";10.06;"A";6.7;"A";4.84;"A"
"2025-07-27 20:45";31.8;"A";39.52;"A";998.96;"A";256;"A";46;"A";0;"A";9;"A";36;"A";10.34;"A";6.91;"A";4.91;"A"
"2025-07-27 21:00";31.55;"A";39.29;"A";998.95;"A";265;"A";45;"A";0;"A";9;"A";36;"A";14.25;"A";9.82;"A";7.49;"A"
"2025-07-27 21:15";31.33;"A";39.04;"A";999.06;"A";252;"A";48;"A";0;"A";10;"A";38;"A";15.2;"A";11.17;"A";8.38;"A"
"2025-07-27 21:30";31.06;"A";39.41;"A";998.98;"A";263;"A";48;"A";0;"A";11;"A";37;"A";16.73;"A";11.91;"A";9.11;"A"
"2025-07-27 21:45";30.79;"A";39.65;"A";998.87;"A";244;"A";47;"A";0;"A";9;"A";38;"A";16.18;"A";11.21;"A";8.44;"A"
"2025-07-27 22:00";30.65;"A";39.35;"A";998.82;"A";215;"A";49;"A";0;"A";8;"A";41;"A";15.85;"A";10.92;"A";8.5;"A"
"2025-07-27 22:15";30.45;"A";39.47;"A";998.86;"A";194;"A";49;"A";0;"A";6;"A";43;"A";12.66;"A";8.94;"A";6.71;"A"
"2025-07-27 22:30";30.26;"A";39.91;"A";998.91;"A";177;"A";49;"A";0;"A";6;"A";43;"A";10.6;"A";7.25;"A";5.56;"A"
"2025-07-27 22:45";30.01;"A";40.63;"A";998.83;"A";166;"A";48;"A";0;"A";5;"A";43;"A";8.57;"A";6.28;"A";4.76;"A"
"2025-07-27 23:00";29.76;"A";41.28;"A";998.66;"A";152;"A";46;"A";0;"A";5;"A";41;"A";8.88;"A";6.34;"A";4.68;"A"
"2025-07-27 23:15";29.48;"A";41.74;"A";998.56;"A";145;"A";46;"A";0;"A";5;"A";41;"A";8.97;"A";6.19;"A";4.64;"A"
"2025-07-27 23:30";29.3;"A";42.05;"A";998.47;"A";144;"A";45;"A";0;"A";5;"A";40;"A";8.94;"A";6.33;"A";4.76;"A"
"2025-07-27 23:45";29.13;"A";42.34;"A";998.37;"A";143;"A";45;"A";0;"A";6;"A";40;"A";9.16;"A";6.65;"A";4.9;"A"
"2025-07-28 00:00";28.94;"A";42.62;"A";998.46;"A";141;"A";45;"A";0;"A";6;"A";40;"A";8.94;"A";6.44;"A";5.06;"A"
"2025-07-28 00:15";28.76;"A";43.05;"A";998.41;"A";143;"A";44;"A";0;"A";6;"A";38;"A";8.56;"A";6.29;"A";5.15;"A"
"2025-07-28 00:30";28.63;"A";43.12;"A";998.3;"A";137;"A";44;"A";0;"A";6;"A";38;"A";10.29;"A";6.72;"A";5.13;"A"
"2025-07-28 00:45";28.52;"A";43.32;"A";998.29;"A";133;"A";44;"A";0;"A";6;"A";38;"A";9.38;"A";7.11;"A";5.29;"A"
"2025-07-28 01:00";28.38;"A";43.59;"A";998.28;"A";133;"A";44;"A";0;"A";6;"A";38;"A";10.01;"A";6.68;"A";5.34;"A"
"2025-07-28 01:15";28.22;"A";43.84;"A";998.32;"A";131;"A";44;"A";0;"A";6;"A";38;"A";9.57;"A";6.98;"A";5.27;"A"
"2025-07-28 01:30";28.08;"A";44.04;"A";998.33;"A";132;"A";43;"A";0;"A";6;"A";38;"A";9.44;"A";6.81;"A";5.39;"A"
"2025-07-28 01:45";27.87;"A";44.58;"A";998.21;"A";130;"A";43;"A";0;"A";6;"A";37;"A";10.51;"A";7.06;"A";5.53;"A"
"2025-07-28 02:00";27.71;"A";44.83;"A";998.15;"A";129;"A";43;"A";0;"A";6;"A";37;"A";10.59;"A";7.28;"A";5.38;"A"
"2025-07-28 02:15";27.54;"A";45.3;"A";998.2;"A";123;"A";44;"A";0;"A";6;"A";38;"A";9.58;"A";7.07;"A";5.5;"A"
"2025-07-28 02:30";27.35;"A";45.67;"A";998.25;"A";123;"A";42;"A";0;"A";5;"A";37;"A";9.39;"A";6.86;"A";5.39;"A"
"2025-07-28 02:45";27.22;"A";45.92;"A";998.05;"A";121;"A";43;"A";0;"A";6;"A";37;"A";9.86;"A";6.89;"A";5.43;"A"
"2025-07-28 03:00";27.06;"A";46.27;"A";997.96;"A";124;"A";42;"A";0;"A";6;"A";36;"A";9.03;"A";7.12;"A";5.46;"A"
"2025-07-28 03:15";26.9;"A";46.64;"A";997.73;"A";123;"A";42;"A";0;"A";7;"A";35;"A";10.22;"A";7.59;"A";5.48;"A"
"2025-07-28 03:30";26.72;"A";46.98;"A";997.57;"A";128;"A";42;"A";0;"A";6;"A";36;"A";10.77;"A";7.43;"A";5.56;"A"
"2025-07-28 03:45";26.61;"A";47.09;"A";997.41;"A";132;"A";42;"A";0;"A";6;"A";36;"A";9.97;"A";7.71;"A";5.77;"A"
"2025-07-28 04:00";26.53;"A";47.18;"A";997.47;"A";135;"A";43;"A";0;"A";5;"A";37;"A";10.29;"A";7.65;"A";6.07;"A"
"2025-07-28 04:15";26.33;"A";47.81;"A";997.35;"A";138;"A";42;"A";0;"A";6;"A";37;"A";11.87;"A";8.95;"A";6.43;"A"
"2025-07-28 04:30";26.12;"A";48.57;"A";997.19;"A";141;"A";41;"A";0;"A";5;"A";36;"A";12.09;"A";8.95;"A";6.71;"A"
"2025-07-28 04:45";25.99;"A";49.08;"A";997.24;"A";140;"A";41;"A";0;"A";6;"A";35;"A";12.41;"A";9.3;"A";7.21;"A"
"2025-07-28 05:00";25.77;"A";49.82;"A";997.26;"A";143;"A";40;"A";0;"A";6;"A";34;"A";14.26;"A";9.56;"A";7.55;"A"
"2025-07-28 05:15";25.61;"A";50.42;"A";997.33;"A";147;"A";40;"A";0;"A";6;"A";33;"A";14.94;"A";10.74;"A";7.87;"A"
"2025-07-28 05:30";25.37;"A";51.17;"A";997.49;"A";151;"A";39;"A";0;"A";6;"A";33;"A";15.23;"A";10.52;"A";7.95;"A"
"2025-07-28 05:45";25.14;"A";52.19;"A";997.46;"A";161;"A";39;"A";0;"A";6;"A";32;"A";16.13;"A";11.15;"A";8.48;"A"
"2025-07-28 06:00";25.08;"A";52.8;"A";997.5;"A";174;"A";38;"A";0;"A";7;"A";30;"A";15.45;"A";11.86;"A";8.91;"A"
"2025-07-28 06:15";25.02;"A";53.93;"A";997.51;"A";187;"A";38;"A";0;"A";8;"A";30;"A";19.31;"A";12.51;"A";9.34;"A"
"2025-07-28 06:30";25.09;"A";55.12;"A";997.58;"A";201;"A";38;"A";0;"A";10;"A";28;"A";17.01;"A";12.97;"A";9.84;"A"
"2025-07-28 06:45";25.24;"A";56.02;"A";997.62;"A";208;"A";38;"A";0;"A";9;"A";29;"A";19.48;"A";13.24;"A";9.93;"A"
"2025-07-28 07:00";25.49;"A";56.66;"A";997.82;"A";209;"A";40;"A";0;"A";10;"A";29;"A";19.38;"A";13.74;"A";10.31;"A"
"2025-07-28 07:15";25.91;"A";56.61;"A";997.81;"A";214;"A";43;"A";0;"A";12;"A";31;"A";21.02;"A";13.75;"A";10.14;"A"
"2025-07-28 07:30";27.2;"A";54.85;"A";997.86;"A";255;"A";47;"A";0;"A";16;"A";31;"A";22.29;"A";14.4;"A";10.46;"A"
"2025-07-28 07:45";28.54;"A";53.27;"A";997.9;"A";254;"A";49;"A";0;"A";13;"A";36;"A";20.72;"A";13.43;"A";9.91;"A"
"2025-07-28 08:00";28.83;"A";53.67;"A";998.05;"A";274;"A";53;"A";0;"A";17;"A";36;"A";23.57;"A";14.6;"A";10.45;"A"
"2025-07-28 08:15";28.8;"A";53.77;"A";998.1;"A";330;"A";54;"A";0;"A";14;"A";39;"A";20.71;"A";13.71;"A";9.9;"A"
"2025-07-28 08:30";29.03;"A";53.77;"A";998.04;"A";260;"A";54;"A";0;"A";13;"A";41;"A";20.88;"A";13.79;"A";9.91;"A"
"2025-07-28 08:45";29.69;"A";52.82;"A";998.05;"A";233;"A";56;"A";0;"A";10;"A";46;"A";20.88;"A";12.51;"A";9.24;"A"
"2025-07-28 09:00";30.64;"A";49.93;"A";998.01;"A";190;"A";60;"A";0;"A";8;"A";52;"A";18.65;"A";11.98;"A";8.49;"A"
"2025-07-28 09:15";31.66;"A";46.98;"A";997.98;"A";198;"A";63;"A";0;"A";10;"A";53;"A";18.34;"A";11.73;"A";8.35;"A"
"2025-07-28 09:30";32.75;"A";43.37;"A";998.05;"A";161;"A";62;"A";0;"A";7;"A";55;"A";15.52;"A";9.36;"A";6.96;"A"
"2025-07-28 09:45";32.99;"A";41.87;"A";998.03;"A";180;"A";66;"A";0;"A";10;"A";56;"A";14.5;"A";9.53;"A";6.25;"A"
"2025-07-28 10:00";33.09;"A";42.3;"A";998.02;"A";223;"A";65;"A";0;"A";11;"A";54;"A";11.1;"A";7.82;"A";5.91;"A"
"2025-07-28 10:15";33.11;"A";41.14;"A";998.06;"A";211;"A";66;"A";0;"A";12;"A";54;"A";11.74;"A";7.06;"A";5.23;"A"
"2025-07-28 10:30";33.28;"A";40.81;"A";997.84;"A";190;"A";65;"A";0;"A";9;"A";56;"A";12.11;"A";7.33;"A";5.18;"A"
"2025-07-28 10:45";33.69;"A";39.15;"A";997.57;"A";171;"A";66;"A";0;"A";7;"A";58;"A";11.27;"A";7.09;"A";4.91;"A"
"2025-07-28 11:00";34.12;"A";38.35;"A";997.62;"A";171;"A";67;"A";0;"A";7;"A";60;"A";10.43;"A";6.53;"A";5.01;"A"
"2025-07-28 11:15";34.32;"A";37.55;"A";997.56;"A";244;"A";68;"A";0;"A";10;"A";58;"A";13.31;"A";7.67;"A";5.41;"A"
"2025-07-28 11:30";34.42;"A";36.92;"A";997.49;"A";187;"A";68;"A";0;"A";9;"A";60;"A";10.49;"A";6.39;"A";4.72;"A"
"2025-07-28 11:45";34.72;"A";36.54;"A";997.43;"A";198;"A";67;"A";0;"A";7;"A";59;"A";9.89;"A";6.27;"A";4.6;"A"
"2025-07-28 12:00";34.84;"A";35.29;"A";997.41;"A";193;"A";69;"A";0;"A";8;"A";61;"A";11.35;"A";6.65;"A";5;"A"
"2025-07-28 12:15";35.1;"A";34.99;"A";997.27;"A";192;"A";71;"A";0;"A";8;"A";63;"A";10.97;"A";7.31;"A";5.3;"A"
"2025-07-28 12:30";35.12;"A";34.23;"A";997.23;"A";190;"A";72;"A";0;"A";7;"A";65;"A";10.92;"A";6.71;"A";5.11;"A"
"2025-07-28 12:45";35.29;"A";33.2;"A";997.19;"A";189;"A";69;"A";0;"A";7;"A";62;"A";10.38;"A";6.34;"A";4.85;"A"
"2025-07-28 13:00";35.52;"A";32.78;"A";997.18;"A";198;"A";70;"A";0;"A";8;"A";62;"A";11.59;"A";6.92;"A";5.07;"A"
"2025-07-28 13:15";35.72;"A";32.49;"A";997.04;"A";210;"A";69;"A";0;"A";7;"A";62;"A";10.63;"A";6.42;"A";4.81;"A"
"2025-07-28 13:30";36.01;"A";31.92;"A";997;"A";183;"A";68;"A";0;"A";6;"A";61;"A";10.13;"A";6.83;"A";4.6;"A"
"2025-07-28 13:45";36.44;"A";31.39;"A";996.76;"A";206;"A";66;"A";0;"A";6;"A";60;"A";12.69;"A";7.2;"A";5.12;"A"
"2025-07-28 14:00";36.91;"A";30.39;"A";996.7;"A";192;"A";65;"A";0;"A";7;"A";58;"A";15.11;"A";7.47;"A";5.5;"A"
"2025-07-28 14:15";37.43;"A";28.99;"A";996.64;"A";181;"A";64;"A";0;"A";6;"A";58;"A";9.92;"A";6.45;"A";4.71;"A"
"2025-07-28 14:30";37.59;"A";28.41;"A";996.51;"A";199;"A";67;"A";0;"A";6;"A";61;"A";12.62;"A";6.83;"A";4.92;"A"
"2025-07-28 14:45";37.74;"A";27.49;"A";996.49;"A";212;"A";68;"A";0;"A";7;"A";61;"A";13.19;"A";7;"A";5.02;"A"
"2025-07-28 15:00";37.94;"A";27.01;"A";996.35;"A";197;"A";67;"A";0;"A";7;"A";60;"A";11.33;"A";7.13;"A";5.27;"A"
"2025-07-28 15:15";38.25;"A";26.55;"A";996.26;"A";191;"A";67;"A";0;"A";6;"A";61;"A";13.26;"A";8.45;"A";6.33;"A"
"2025-07-28 15:30";38.46;"A";25.91;"A";996.16;"A";219;"A";70;"A";0;"A";12;"A";58;"A";13.59;"A";9.64;"A";7.25;"A"
"2025-07-28 15:45";38.45;"A";25.67;"A";996.14;"A";194;"A";68;"A";0;"A";6;"A";62;"A";11.98;"A";7.75;"A";5.94;"A"
"2025-07-28 16:00";38.57;"A";25.68;"A";996.08;"A";193;"A";66;"A";0;"A";6;"A";60;"A";9.46;"A";6.44;"A";4.75;"A"
"2025-07-28 16:15";38.73;"A";25.26;"A";995.98;"A";189;"A";66;"A";0;"A";5;"A";61;"A";11.48;"A";7.39;"A";5.1;"A"
"2025-07-28 16:30";38.84;"A";25.37;"A";995.95;"A";214;"A";67;"A";0;"A";6;"A";62;"A";25.48;"A";16.75;"A";12.87;"A"
"2025-07-28 16:45";38.78;"A";24.74;"A";995.81;"A";300;"A";69;"A";0;"A";11;"A";58;"A";31.03;"A";21.3;"A";16.94;"A"
"2025-07-28 17:00";38.81;"A";24.93;"A";995.71;"A";237;"A";67;"A";0;"A";8;"A";59;"A";13.17;"A";8.12;"A";5.76;"A"
"2025-07-28 17:15";38.63;"A";24.84;"A";995.57;"A";265;"A";70;"A";0;"A";6;"A";64;"A";13.61;"A";9.62;"A";7.11;"A"
"2025-07-28 17:30";37.89;"A";25.15;"A";995.48;"A";223;"A";70;"A";0;"A";6;"A";64;"A";12.12;"A";8.9;"A";6.48;"A"
"2025-07-28 17:45";37.3;"A";25.95;"A";995.36;"A";223;"A";71;"A";0;"A";6;"A";65;"A";13.62;"A";9.39;"A";7.12;"A"
"2025-07-28 18:00";36.98;"A";26.21;"A";995.43;"A";234;"A";74;"A";0;"A";6;"A";68;"A";16.81;"A";10.94;"A";8.69;"A"
"2025-07-28 18:15";36.66;"A";26.76;"A";995.37;"A";263;"A";73;"A";0;"A";7;"A";66;"A";16.41;"A";12.45;"A";9.98;"A"
"2025-07-28 18:30";36.29;"A";27.56;"A";995.33;"A";325;"A";75;"A";0;"A";9;"A";65;"A";27.45;"A";17.74;"A";13.4;"A"
"2025-07-28 18:45";35.91;"A";28.23;"A";995.29;"A";346;"A";73;"A";0;"A";9;"A";65;"A";24.31;"A";18.84;"A";15.45;"A"
"2025-07-28 19:00";35.57;"A";28.87;"A";995.29;"A";426;"A";75;"A";0;"A";10;"A";65;"A";30.18;"A";23.07;"A";18.65;"A"
"2025-07-28 19:15";35.21;"A";28.96;"A";995.26;"A";440;"A";76;"A";0;"A";8;"A";68;"A";30.75;"A";24.14;"A";20.31;"A"
"2025-07-28 19:30";34.87;"A";29.29;"A";995.12;"A";432;"A";72;"A";0;"A";7;"A";65;"A";26.99;"A";22.3;"A";18.36;"A"
"2025-07-28 19:45";34.57;"A";29.38;"A";995.15;"A";385;"A";70;"A";0;"A";8;"A";63;"A";24.62;"A";19.63;"A";15.82;"A"
"2025-07-28 20:00";34.24;"A";29.74;"A";995.09;"A";347;"A";68;"A";0;"A";8;"A";60;"A";22.04;"A";17.09;"A";13.91;"A"
"2025-07-28 20:15";33.94;"A";29.8;"A";995.1;"A";346;"A";68;"A";0;"A";8;"A";60;"A";23.27;"A";17.5;"A";14.18;"A"
"2025-07-28 20:30";33.63;"A";30.12;"A";995.28;"A";333;"A";68;"A";0;"A";8;"A";60;"A";21.51;"A";16.91;"A";13.53;"A"
"2025-07-28 20:45";33.26;"A";30.54;"A";995.33;"A";322;"A";66;"A";0;"A";8;"A";58;"A";21.92;"A";17.27;"A";13.1;"A"
"2025-07-28 21:00";32.89;"A";31.16;"A";995.27;"A";303;"A";65;"A";0;"A";8;"A";57;"A";21.48;"A";16.44;"A";12.92;"A"
"2025-07-28 21:15";32.59;"A";31.51;"A";995.35;"A";306;"A";63;"A";0;"A";9;"A";54;"A";22.61;"A";18.26;"A";13.84;"A"
"2025-07-28 21:30";32.25;"A";31.94;"A";995.67;"A";295;"A";62;"A";0;"A";8;"A";54;"A";24.75;"A";18.42;"A";14.43;"A"
"2025-07-28 21:45";31.88;"A";32.27;"A";995.88;"A";267;"A";59;"A";0;"A";8;"A";52;"A";22.14;"A";15.93;"A";12.25;"A"
"2025-07-28 22:00";31.52;"A";32.43;"A";995.87;"A";234;"A";58;"A";0;"A";8;"A";50;"A";18.36;"A";13.24;"A";10.02;"A"
"2025-07-28 22:15";31.05;"A";33.78;"A";996.06;"A";241;"A";54;"A";0;"A";8;"A";46;"A";17.71;"A";13.04;"A";10.02;"A"
"2025-07-28 22:30";30.69;"A";34.3;"A";996.05;"A";241;"A";52;"A";0;"A";9;"A";43;"A";16.87;"A";12.71;"A";9.48;"A"
"2025-07-28 22:45";30.32;"A";35.2;"A";996.07;"A";233;"A";50;"A";0;"A";8;"A";42;"A";17.06;"A";12.24;"A";9.42;"A"
"2025-07-28 23:00";29.86;"A";35.87;"A";996.24;"A";225;"A";48;"A";0;"A";8;"A";40;"A";15.64;"A";11.65;"A";9.11;"A"
"2025-07-28 23:15";29.4;"A";36.62;"A";996.29;"A";216;"A";46;"A";0;"A";8;"A";38;"A";15.27;"A";10.78;"A";8.57;"A"
"2025-07-28 23:30";29.04;"A";37.19;"A";996.28;"A";194;"A";46;"A";0;"A";7;"A";38;"A";15.27;"A";10.67;"A";7.99;"A"
"2025-07-28 23:45";28.72;"A";37.65;"A";996.17;"A";178;"A";45;"A";0;"A";7;"A";38;"A";15.91;"A";10.38;"A";7.59;"A"
"2025-07-29 00:00";28.55;"A";37.32;"A";996.04;"A";174;"A";45;"A";0;"A";7;"A";39;"A";14.16;"A";9.58;"A";7.27;"A"
"2025-07-29 00:15";28.49;"A";36.66;"A";996.01;"A";225;"A";45;"A";0;"A";6;"A";39;"A";15.64;"A";11.3;"A";8.66;"A"
"2025-07-29 00:30";28.31;"A";36.43;"A";995.82;"A";238;"A";46;"A";0;"A";6;"A";40;"A";15.96;"A";11.17;"A";8.82;"A"
"2025-07-29 00:45";28.05;"A";36.79;"A";995.73;"A";262;"A";46;"A";0;"A";6;"A";39;"A";17.72;"A";13.49;"A";9.8;"A"
"2025-07-29 01:00";27.79;"A";36.95;"A";995.7;"A";352;"A";44;"A";0;"A";6;"A";38;"A";22.08;"A";15.81;"A";11.98;"A"
"2025-07-29 01:15";27.54;"A";37.13;"A";995.6;"A";396;"A";44;"A";0;"A";6;"A";38;"A";22.35;"A";16.6;"A";12.6;"A"
"2025-07-29 01:30";27.32;"A";37.13;"A";995.66;"A";366;"A";43;"A";0;"A";6;"A";37;"A";19.84;"A";15.3;"A";12.11;"A"
"2025-07-29 01:45";27.12;"A";37.35;"A";995.67;"A";339;"A";44;"A";0;"A";6;"A";38;"A";21.02;"A";15.53;"A";11.56;"A"
"2025-07-29 02:00";26.91;"A";37.55;"A";995.53;"A";321;"A";43;"A";0;"A";6;"A";37;"A";21.47;"A";15.09;"A";11.91;"A"
"2025-07-29 02:15";26.72;"A";37.69;"A";995.43;"A";331;"A";44;"A";0;"A";6;"A";38;"A";21.89;"A";16.76;"A";12.66;"A"
"2025-07-29 02:30";26.59;"A";37.26;"A";995.35;"A";316;"A";44;"A";0;"A";6;"A";38;"A";20.61;"A";15.67;"A";12;"A"
"2025-07-29 02:45";26.48;"A";36.88;"A";995.47;"A";254;"A";46;"A";0;"A";6;"A";39;"A";19.51;"A";15;"A";11.34;"A"
"2025-07-29 03:00";26.32;"A";36.86;"A";995.47;"A";229;"A";47;"A";0;"A";7;"A";40;"A";20.26;"A";15.31;"A";11.32;"A"
"2025-07-29 03:15";26.14;"A";36.82;"A";995.39;"A";208;"A";47;"A";0;"A";7;"A";40;"A";18.83;"A";14.41;"A";11.05;"A"
"2025-07-29 03:30";25.99;"A";36.27;"A";995.29;"A";200;"A";47;"A";0;"A";7;"A";40;"A";22.05;"A";15.89;"A";11.87;"A"
"2025-07-29 03:45";25.79;"A";36.01;"A";995.13;"A";205;"A";46;"A";0;"A";7;"A";40;"A";21.33;"A";16.4;"A";12.53;"A"
"2025-07-29 04:00";25.66;"A";35.19;"A";995.12;"A";196;"A";45;"A";0;"A";7;"A";38;"A";21.16;"A";15.56;"A";12.29;"A"
"2025-07-29 04:15";25.56;"A";34.64;"A";995.04;"A";192;"A";46;"A";0;"A";7;"A";38;"A";20.51;"A";15.66;"A";11.94;"A"
"2025-07-29 04:30";25.46;"A";34.44;"A";994.99;"A";195;"A";45;"A";0;"A";7;"A";38;"A";20.18;"A";15.22;"A";11.63;"A"
"2025-07-29 04:45";25.34;"A";34.26;"A";995;"A";196;"A";45;"A";0;"A";7;"A";38;"A";20.81;"A";15.1;"A";11.42;"A"
"2025-07-29 05:00";25.23;"A";34.18;"A";995.03;"A";200;"A";44;"A";0;"A";8;"A";37;"A";18.29;"A";14.43;"A";11.12;"A"
"2025-07-29 05:15";25.16;"A";34.13;"A";995.01;"A";199;"A";44;"A";0;"A";7;"A";37;"A";18.71;"A";14.37;"A";10.43;"A"
"2025-07-29 05:30";25.1;"A";34.21;"A";995.02;"A";196;"A";43;"A";0;"A";7;"A";36;"A";17.58;"A";13.11;"A";10.17;"A"
"2025-07-29 05:45";25.04;"A";34.37;"A";995.14;"A";195;"A";43;"A";0;"A";8;"A";35;"A";17.71;"A";13.36;"A";10.14;"A"
"2025-07-29 06:00";24.99;"A";34.82;"A";995.21;"A";194;"A";43;"A";0;"A";8;"A";35;"A";17.81;"A";13;"A";9.7;"A"
"2025-07-29 06:15";24.93;"A";35.33;"A";995.28;"A";198;"A";41;"A";0;"A";8;"A";33;"A";18.9;"A";13.33;"A";10.05;"A"
"2025-07-29 06:30";24.99;"A";35.41;"A";995.43;"A";201;"A";42;"A";0;"A";8;"A";33;"A";18.65;"A";13.53;"A";9.88;"A"
"2025-07-29 06:45";25.15;"A";35.69;"A";995.5;"A";202;"A";42;"A";0;"A";8;"A";34;"A";18.08;"A";12.54;"A";9.26;"A"
"2025-07-29 07:00";25.38;"A";35.42;"A";995.6;"A";195;"A";42;"A";0;"A";8;"A";34;"A";17.41;"A";12.13;"A";8.68;"A"
"2025-07-29 07:15";25.77;"A";35.8;"A";995.58;"A";197;"A";41;"A";0;"A";8;"A";33;"A";17.85;"A";12.5;"A";8.71;"A"
"2025-07-29 07:30";26.17;"A";35.47;"A";995.74;"A";196;"A";42;"A";0;"A";9;"A";33;"A";17.44;"A";10.84;"A";8.31;"A"
"2025-07-29 07:45";26.77;"A";34.93;"A";995.8;"A";216;"A";44;"A";0;"A";11;"A";33;"A";16.98;"A";11.07;"A";7.72;"A"
"2025-07-29 08:00";27.35;"A";34.59;"A";995.84;"A";193;"A";45;"A";0;"A";10;"A";35;"A";15.95;"A";11.11;"A";7.93;"A"
"2025-07-29 08:15";27.63;"A";34.92;"A";995.87;"A";191;"A";46;"A";0;"A";15;"A";31;"A";22.13;"A";13.62;"A";9.1;"A"
"2025-07-29 08:30";28.16;"A";34.51;"A";995.9;"A";174;"A";47;"A";0;"A";10;"A";37;"A";18.99;"A";11.68;"A";8.29;"A"
"2025-07-29 08:45";28.94;"A";34.34;"A";996.02;"A";196;"A";48;"A";0;"A";11;"A";36;"A";17.19;"A";11.23;"A";7.93;"A"
"2025-07-29 09:00";29.9;"A";34.18;"A";995.98;"A";205;"A";49;"A";0;"A";11;"A";39;"A";20.19;"A";12.55;"A";9.21;"A"
"2025-07-29 09:15";30.99;"A";33.05;"A";995.68;"A";199;"A";51;"A";0;"A";8;"A";43;"A";21.34;"A";12.93;"A";9.24;"A"
"2025-07-29 09:30";32.13;"A";32.26;"A";995.72;"A";214;"A";53;"A";0;"A";7;"A";46;"A";22.94;"A";13.96;"A";9.99;"A"
"2025-07-29 09:45";32.77;"A";33.08;"A";995.59;"A";253;"A";54;"A";0;"A";8;"A";46;"A";19.8;"A";13.23;"A";9.24;"A"
"2025-07-29 10:00";33;"A";33.12;"A";995.6;"A";250;"A";54;"A";0;"A";7;"A";47;"A";18.04;"A";12.53;"A";9.04;"A"
"2025-07-29 10:15";33.27;"A";33.69;"A";995.52;"A";254;"A";56;"A";0;"A";8;"A";48;"A";20.6;"A";12.74;"A";9.37;"A"
"2025-07-29 10:30";33.68;"A";34.17;"A";995.49;"A";253;"A";55;"A";0;"A";7;"A";48;"A";22.11;"A";14.33;"A";10.32;"A"
"2025-07-29 10:45";34.11;"A";35.67;"A";995.18;"A";272;"A";57;"A";0;"A";7;"A";50;"A";22.22;"A";15.19;"A";11.25;"A"
"2025-07-29 11:00";34.53;"A";36.12;"A";995.26;"A";278;"A";58;"A";0;"A";7;"A";51;"A";24.08;"A";17.1;"A";12.32;"A"
"2025-07-29 11:15";34.66;"A";36.79;"A";995.11;"A";290;"A";59;"A";0;"A";8;"A";51;"A";25.26;"A";17.78;"A";12.77;"A"
"2025-07-29 11:30";34.86;"A";37.03;"A";995.06;"A";285;"A";59;"A";0;"A";7;"A";52;"A";24.55;"A";17.22;"A";12.78;"A"
"2025-07-29 11:45";34.84;"A";36.91;"A";995.08;"A";265;"A";61;"A";0;"A";7;"A";54;"A";23.72;"A";16.19;"A";12.13;"A"
"2025-07-29 12:00";35.05;"A";37.26;"A";995.07;"A";265;"A";60;"A";0;"A";6;"A";54;"A";23.91;"A";16.17;"A";11.98;"A"
"2025-07-29 12:15";35.3;"A";36.05;"A";995.01;"A";255;"A";62;"A";0;"A";6;"A";56;"A";24.77;"A";15.34;"A";11.6;"A"
"2025-07-29 12:30";35.57;"A";35.32;"A";994.9;"A";262;"A";62;"A";0;"A";6;"A";56;"A";24.11;"A";16.36;"A";11.84;"A"
"2025-07-29 12:45";35.99;"A";35.18;"A";994.82;"A";285;"A";63;"A";0;"A";9;"A";54;"A";26.35;"A";17.3;"A";12.53;"A"
"2025-07-29 13:00";36.2;"A";34.59;"A";994.61;"A";301;"A";64;"A";0;"A";7;"A";57;"A";27.53;"A";18.74;"A";14.16;"A"
"2025-07-29 13:15";36.04;"A";34.39;"A";994.51;"A";292;"A";67;"A";0;"A";8;"A";59;"A";29.78;"A";19.53;"A";14.86;"A"
"2025-07-29 13:30";36.22;"A";34.34;"A";994.45;"A";280;"A";65;"A";0;"A";7;"A";59;"A";28.98;"A";18.27;"A";13.36;"A"
"2025-07-29 13:45";36.44;"A";34.22;"A";994.12;"A";296;"A";65;"A";0;"A";7;"A";58;"A";27.61;"A";19.17;"A";14.51;"A"
"2025-07-29 14:00";36.63;"A";33.6;"A";994.07;"A";285;"A";66;"A";0;"A";7;"A";59;"A";27.67;"A";18.42;"A";13.33;"A"
"2025-07-29 14:15";37.07;"A";32.57;"A";993.89;"A";320;"A";67;"A";0;"A";8;"A";59;"A";28.82;"A";19.07;"A";14.08;"A"
"2025-07-29 14:30";37.52;"A";31.38;"A";993.75;"A";268;"A";65;"A";0;"A";6;"A";59;"A";26.36;"A";17.35;"A";13.18;"A"
"2025-07-29 14:45";37.98;"A";30.26;"A";993.81;"A";290;"A";67;"A";0;"A";7;"A";60;"A";25.76;"A";16.96;"A";12.82;"A"
"2025-07-29 15:00";37.9;"A";29.93;"A";993.78;"A";294;"A";66;"A";0;"A";8;"A";58;"A";25.93;"A";16.11;"A";11.77;"A"
"2025-07-29 15:15";37.79;"A";29.87;"A";993.62;"A";275;"A";66;"A";0;"A";8;"A";59;"A";23.95;"A";15.36;"A";11.67;"A"
"2025-07-29 15:30";37.75;"A";30.05;"A";993.47;"A";272;"A";65;"A";0;"A";7;"A";58;"A";25.41;"A";16.01;"A";12.04;"A"
"2025-07-29 15:45";38.09;"A";29.59;"A";993.34;"A";315;"A";64;"A";0;"A";8;"A";56;"A";28.75;"A";17.91;"A";12.8;"A"
"2025-07-29 16:00";38.09;"A";29.16;"A";993.01;"A";298;"A";65;"A";0;"A";8;"A";57;"A";27.04;"A";15.86;"A";11.71;"A"
"2025-07-29 16:15";38.07;"A";29.29;"A";992.57;"A";286;"A";64;"A";0;"A";8;"A";56;"A";27.96;"A";16.57;"A";11.95;"A"
"2025-07-29 16:30";37.41;"A";29.59;"A";992.71;"A";264;"A";65;"A";0;"A";8;"A";57;"A";25.32;"A";15.67;"A";11.9;"A"
"2025-07-29 16:45";36.77;"A";30.23;"A";992.79;"A";246;"A";64;"A";0;"A";7;"A";57;"A";26.24;"A";15.73;"A";11.46;"A"
"2025-07-29 17:00";36.31;"A";30.93;"A";993.01;"A";278;"A";62;"A";0;"A";11;"A";51;"A";29.87;"A";18.92;"A";12.99;"A"
"2025-07-29 17:15";35.94;"A";31.13;"A";993.25;"A";283;"A";62;"A";0;"A";10;"A";52;"A";31.69;"A";20.43;"A";14.66;"A"
"2025-07-29 17:30";35.65;"A";31.57;"A";994.04;"A";360;"A";62;"A";0;"A";14;"A";48;"A";37.23;"A";24.32;"A";17.59;"A"
"2025-07-29 17:45";32.98;"A";45.83;"A";995.14;"A";503;"A";61;"A";0;"A";13;"A";48;"A";54.83;"A";24.55;"A";16.25;"A"
"2025-07-29 18:00";30.1;"A";56.27;"A";995.6;"A";301;"A";52;"A";0;"A";7;"A";44;"A";26.74;"A";15.06;"A";10.91;"A"
"2025-07-29 18:15";28.22;"A";65.18;"A";995.56;"A";285;"A";46;"A";0;"A";7;"A";39;"A";23.54;"A";16.82;"A";11.59;"A"
"2025-07-29 18:30";27.25;"A";68.33;"A";995.3;"A";242;"A";43;"A";0;"A";7;"A";36;"A";25.06;"A";18.23;"A";13.33;"A"
"2025-07-29 18:45";26.6;"A";69.4;"A";995.69;"A";225;"A";42;"A";0;"A";6;"A";36;"A";21.55;"A";16.33;"A";12;"A"
"2025-07-29 19:00";26.47;"A";66.86;"A";995.55;"A";176;"A";44;"A";0;"A";6;"A";38;"A";20.35;"A";14.24;"A";10.64;"A"
"2025-07-29 19:15";26.5;"A";66.89;"A";995.17;"A";168;"A";47;"A";0;"A";9;"A";38;"A";21.05;"A";15.82;"A";11.83;"A"
"2025-07-29 19:30";26.46;"A";68.2;"A";995.76;"A";193;"A";45;"A";0;"A";10;"A";34;"A";25.17;"A";16.73;"A";12.39;"A"
"2025-07-29 19:45";26.35;"A";71.49;"A";995.41;"A";215;"A";42;"A";0;"A";10;"A";33;"A";25.48;"A";17.76;"A";13.26;"A"
"2025-07-29 20:00";26.22;"A";70.47;"A";995.17;"A";255;"A";40;"A";0;"A";11;"A";29;"A";27.75;"A";19.91;"A";14.17;"A"
"2025-07-29 20:15";26.32;"A";69.35;"A";995.79;"A";250;"A";43;"A";0;"A";12;"A";32;"A";29.34;"A";20.45;"A";15.05;"A"
"2025-07-29 20:30";26.27;"A";73.39;"A";995.99;"A";292;"A";41;"A";0;"A";12;"A";28;"A";29.58;"A";20.67;"A";15.74;"A"
"2025-07-29 20:45";25.91;"A";75.21;"A";996;"A";267;"A";39;"A";0;"A";11;"A";29;"A";27.15;"A";20.84;"A";15.76;"A"
"2025-07-29 21:00";25.79;"A";74.71;"A";996.28;"A";302;"A";37;"A";0;"A";13;"A";24;"A";29.63;"A";22.84;"A";16.44;"A"
"2025-07-29 21:15";25.78;"A";75.4;"A";996.28;"A";270;"A";36;"A";0;"A";14;"A";22;"A";30;"A";22.53;"A";17.08;"A"
"2025-07-29 21:30";25.53;"A";77.62;"A";995.87;"A";226;"A";37;"A";0;"A";18;"A";20;"A";30.13;"A";22.13;"A";16.8;"A"
"2025-07-29 21:45";25.2;"A";78.88;"A";995.39;"A";215;"A";35;"A";0;"A";13;"A";23;"A";25.25;"A";18.27;"A";16.19;"A"
"2025-07-29 22:00";25.06;"A";80.06;"A";995.05;"A";226;"A";34;"A";0;"A";12;"A";22;"A";25.16;"A";18.28;"A";16.71;"A"
"2025-07-29 22:15";24.88;"A";81.08;"A";994.81;"A";256;"A";29;"A";0;"A";12;"A";17;"A";27.77;"A";20.09;"A";18.95;"A"
"2025-07-29 22:30";24.83;"A";77.17;"A";994.65;"A";318;"A";28;"A";0;"A";10;"A";17;"A";31.6;"A";23.66;"A";20.25;"A"
"2025-07-29 22:45";25.22;"A";68.01;"A";994.61;"A";178;"A";43;"A";0;"A";10;"A";33;"A";26.24;"A";18.8;"A";13.92;"A"
"2025-07-29 23:00";25.47;"A";65.79;"A";994.68;"A";168;"A";46;"A";0;"A";10;"A";36;"A";23.75;"A";17.43;"A";12.72;"A"
"2025-07-29 23:15";25.42;"A";66.22;"A";994.67;"A";177;"A";44;"A";0;"A";9;"A";36;"A";22.25;"A";16.95;"A";12.45;"A"
"2025-07-29 23:30";25.26;"A";67.38;"A";994.78;"A";195;"A";40;"A";0;"A";7;"A";32;"A";23.16;"A";16.83;"A";12.63;"A"
"2025-07-29 23:45";25.06;"A";67.49;"A";994.78;"A";188;"A";38;"A";0;"A";8;"A";31;"A";23.27;"A";16.87;"A";12.36;"A"
"2025-07-30 00:00";24.91;"A";67.28;"A";994.83;"A";179;"A";36;"A";0;"A";6;"A";30;"A";22.47;"A";16.93;"A";12.55;"A"
"2025-07-30 00:15";24.79;"A";68.74;"A";994.81;"A";186;"A";36;"A";0;"A";7;"A";28;"A";23.03;"A";16.51;"A";12.37;"A"
"2025-07-30 00:30";24.84;"A";66.25;"A";994.74;"A";173;"A";35;"A";0;"A";7;"A";28;"A";21.46;"A";16.15;"A";12.1;"A"
"2025-07-30 00:45";24.99;"A";64.21;"A";994.62;"A";170;"A";36;"A";0;"A";8;"A";29;"A";21.53;"A";16.27;"A";11.82;"A"
"2025-07-30 01:00";25.12;"A";62.27;"A";994.61;"A";166;"A";40;"A";0;"A";8;"A";31;"A";21.36;"A";15.78;"A";11.75;"A"
"2025-07-30 01:15";25.21;"A";59.45;"A";994.44;"A";179;"A";40;"A";0;"A";9;"A";31;"A";23.36;"A";16.3;"A";11.76;"A"
"2025-07-30 01:30";25.17;"A";61.3;"A";994.43;"A";186;"A";37;"A";0;"A";6;"A";31;"A";21.84;"A";15.75;"A";11.99;"A"
"2025-07-30 01:45";25.23;"A";59.52;"A";994.44;"A";177;"A";41;"A";0;"A";9;"A";33;"A";24.53;"A";16.36;"A";12.04;"A"
"2025-07-30 02:00";25.28;"A";57.14;"A";994.51;"A";182;"A";41;"A";0;"A";7;"A";34;"A";21.06;"A";16.35;"A";11.86;"A"
"2025-07-30 02:15";25.02;"A";59.33;"A";994.39;"A";206;"A";38;"A";0;"A";7;"A";30;"A";21.39;"A";15.53;"A";11.86;"A"
"2025-07-30 02:30";24.79;"A";58.37;"A";994.26;"A";211;"A";34;"A";0;"A";7;"A";28;"A";22.91;"A";16.65;"A";12.34;"A"
"2025-07-30 02:45";25;"A";52.34;"A";994.21;"A";202;"A";36;"A";0;"A";8;"A";28;"A";22.04;"A";15.26;"A";11.71;"A"
"2025-07-30 03:00";25.2;"A";47.57;"A";994.16;"A";177;"A";44;"A";0;"A";7;"A";37;"A";18.67;"A";13.96;"A";10.57;"A"
"2025-07-30 03:15";25.49;"A";44.03;"A";994.43;"A";187;"A";45;"A";0;"A";7;"A";38;"A";19.61;"A";13.74;"A";10.25;"A"
"2025-07-30 03:30";25.52;"A";44.55;"A";994.43;"A";212;"A";47;"A";0;"A";10;"A";36;"A";17.9;"A";13.23;"A";9.89;"A"
"2025-07-30 03:45";25.32;"A";46.44;"A";994.4;"A";231;"A";41;"A";0;"A";8;"A";33;"A";18.55;"A";13.41;"A";10.04;"A"
"2025-07-30 04:00";25.13;"A";46.44;"A";994.37;"A";228;"A";39;"A";0;"A";7;"A";33;"A";17.42;"A";13.1;"A";9.75;"A"
"2025-07-30 04:15";24.84;"A";47.41;"A";994.3;"A";232;"A";41;"A";0;"A";9;"A";32;"A";18.91;"A";14.14;"A";10.04;"A"
"2025-07-30 04:30";24.62;"A";48.78;"A";994.14;"A";246;"A";37;"A";0;"A";7;"A";30;"A";19.52;"A";14.19;"A";11.04;"A"
"2025-07-30 04:45";24.43;"A";49.07;"A";994.03;"A";256;"A";37;"A";0;"A";9;"A";28;"A";23.59;"A";17.23;"A";12.19;"A"
"2025-07-30 05:00";24.43;"A";47.57;"A";993.97;"A";268;"A";37;"A";0;"A";9;"A";27;"A";26.27;"A";19.56;"A";14.66;"A"
"2025-07-30 05:15";24.53;"A";44.86;"A";993.94;"A";274;"A";36;"A";0;"A";8;"A";28;"A";26.73;"A";19.39;"A";14.79;"A"
"2025-07-30 05:30";24.56;"A";44.62;"A";993.91;"A";298;"A";39;"A";0;"A";10;"A";28;"A";25.24;"A";18.32;"A";13.88;"A"
"2025-07-30 05:45";24.51;"A";43.68;"A";994.07;"A";273;"A";38;"A";0;"A";8;"A";30;"A";24.84;"A";17.69;"A";12.84;"A"
"2025-07-30 06:00";24.44;"A";45.58;"A";994.22;"A";309;"A";38;"A";0;"A";11;"A";27;"A";25.86;"A";18.19;"A";13.31;"A"
"2025-07-30 06:15";24.39;"A";47.49;"A";994.23;"A";338;"A";37;"A";0;"A";14;"A";23;"A";26.02;"A";17.9;"A";13.2;"A"
"2025-07-30 06:30";24.33;"A";49.82;"A";994.21;"A";360;"A";34;"A";0;"A";13;"A";22;"A";23.36;"A";16.54;"A";12.81;"A"
"2025-07-30 06:45";24.36;"A";48.83;"A";994.1;"A";426;"A";32;"A";0;"A";15;"A";16;"A";25.47;"A";18.26;"A";13.74;"A"
"2025-07-30 07:00";24.64;"A";46.09;"A";994.31;"A";425;"A";36;"A";0;"A";16;"A";20;"A";27.01;"A";18.17;"A";13.5;"A"
"2025-07-30 07:15";24.84;"A";45.52;"A";994.52;"A";339;"A";38;"A";0;"A";15;"A";24;"A";39.63;"A";20.75;"A";14.83;"A"
"2025-07-30 07:30";24.92;"A";45.85;"A";994.76;"A";369;"A";43;"A";0;"A";24;"A";19;"A";29.17;"A";19.65;"A";14.52;"A"
"2025-07-30 07:45";25.1;"A";47.02;"A";994.76;"A";420;"A";38;"A";0;"A";22;"A";16;"A";30.84;"A";21.02;"A";15;"A"
"2025-07-30 08:00";25.29;"A";43.52;"A";994.8;"A";471;"A";39;"A";0;"A";23;"A";16;"A";38.64;"A";25.5;"A";18.64;"A"
"2025-07-30 08:15";25.64;"A";41.35;"A";994.86;"A";405;"A";45;"A";0;"A";23;"A";22;"A";46.82;"A";30.27;"A";22.23;"A"
"2025-07-30 08:30";25.53;"A";48.75;"A";994.9;"A";413;"A";45;"A";0;"A";26;"A";20;"A";39.66;"A";24.24;"A";17.39;"A"
"2025-07-30 08:45";25.68;"A";50.14;"A";994.98;"A";808;"A";38;"A";0;"A";29;"A";9;"A";66.19;"A";41.46;"A";29.22;"A"
"2025-07-30 09:00";26.23;"A";44.66;"A";995.08;"A";635;"A";40;"A";0;"A";27;"A";12;"A";41.84;"A";25.94;"A";19.22;"A"
"2025-07-30 09:15";26.89;"A";42.86;"A";995;"A";450;"A";43;"A";0;"A";21;"A";22;"A";28.36;"A";17.63;"A";12.76;"A"
"2025-07-30 09:30";27.32;"A";40.81;"A";995.09;"A";577;"A";46;"A";0;"A";21;"A";25;"A";22.97;"A";15.91;"A";11.52;"A"
"2025-07-30 09:45";27.65;"A";40.66;"A";995.15;"A";411;"A";46;"A";0;"A";20;"A";26;"A";26.58;"A";16.14;"A";11.45;"A"
"2025-07-30 10:00";27.89;"A";40.18;"A";995.07;"A";365;"A";47;"A";0;"A";16;"A";31;"A";22.94;"A";14.73;"A";10.46;"A"
"2025-07-30 10:15";28.3;"A";39.44;"A";995.04;"A";382;"A";48;"A";0;"A";22;"A";26;"A";24.18;"A";16.69;"A";12.19;"A"
"2025-07-30 10:30";28.57;"A";42.23;"A";994.98;"A";336;"A";49;"A";0;"A";16;"A";33;"A";25.58;"A";17.23;"A";13.26;"A"
"2025-07-30 10:45";28.85;"A";40.62;"A";995.1;"A";329;"A";49;"A";0;"A";15;"A";34;"A";26.84;"A";17.51;"A";12.89;"A"
"2025-07-30 11:00";29.23;"A";40.81;"A";995.21;"A";336;"A";54;"A";0;"A";18;"A";36;"A";25.5;"A";16.36;"A";12.44;"A"
"2025-07-30 11:15";29.59;"A";41.82;"A";995.19;"A";330;"A";50;"A";0;"A";12;"A";38;"A";22.93;"A";16.31;"A";12.25;"A"
"2025-07-30 11:30";30.03;"A";40.29;"A";995.06;"A";305;"A";54;"A";0;"A";13;"A";41;"A";22.14;"A";15.98;"A";11.9;"A"
"2025-07-30 11:45";30.35;"A";38.9;"A";995.04;"A";312;"A";58;"A";0;"A";13;"A";45;"A";22.16;"A";15.58;"A";11.62;"A"
"2025-07-30 12:00";30.66;"A";38.63;"A";995.05;"A";313;"A";61;"A";0;"A";14;"A";47;"A";22.16;"A";15.17;"A";11.63;"A"
"2025-07-30 12:15";30.95;"A";38.49;"A";995.09;"A";339;"A";63;"A";0;"A";14;"A";49;"A";23.87;"A";15.4;"A";11.21;"A"
"2025-07-30 12:30";30.99;"A";37.9;"A";995.06;"A";446;"A";65;"A";0;"A";14;"A";51;"A";22.6;"A";15.52;"A";11.54;"A"
"2025-07-30 12:45";31.16;"A";38.28;"A";995;"A";378;"A";68;"A";0;"A";15;"A";53;"A";22.49;"A";15.45;"A";11.32;"A"
"2025-07-30 13:00";31.57;"A";37.83;"A";994.88;"A";367;"A";70;"A";0;"A";15;"A";54;"A";26.58;"A";18.41;"A";13.92;"A"
"2025-07-30 13:15";32.34;"A";36.76;"A";994.65;"A";554;"A";72;"A";0;"A";14;"A";57;"A";32.36;"A";20.43;"A";15.33;"A"
"2025-07-30 13:30";32.77;"A";35.98;"A";994.76;"A";525;"A";77;"A";0;"A";13;"A";64;"A";26.99;"A";18.34;"A";13.61;"A"
"2025-07-30 13:45";33.35;"A";36.78;"A";995.01;"A";469;"A";78;"A";0;"A";14;"A";64;"A";26.42;"A";17.2;"A";12.83;"A"
"2025-07-30 14:00";33.86;"A";35.9;"A";994.97;"A";414;"A";78;"A";0;"A";12;"A";66;"A";24.53;"A";16.78;"A";12.5;"A"
"2025-07-30 14:15";34.32;"A";35.61;"A";994.88;"A";426;"A";80;"A";0;"A";11;"A";68;"A";23.35;"A";15.81;"A";12.09;"A"
"2025-07-30 14:30";34.47;"A";34.72;"A";994.95;"A";354;"A";77;"A";0;"A";10;"A";67;"A";22.86;"A";14.89;"A";11.08;"A"
"2025-07-30 14:45";34.41;"A";35.99;"A";995.06;"A";361;"A";79;"A";0;"A";11;"A";68;"A";23.63;"A";15.59;"A";11.7;"A"
"2025-07-30 15:00";34.56;"A";35.77;"A";995.13;"A";373;"A";77;"A";0;"A";10;"A";67;"A";25.09;"A";16.67;"A";12.96;"A"
"2025-07-30 15:15";34.76;"A";35.66;"A";995.2;"A";333;"A";77;"A";0;"A";10;"A";67;"A";22.16;"A";16.89;"A";13.03;"A"
"2025-07-30 15:30";34.71;"A";35.87;"A";995.28;"A";306;"A";74;"A";0;"A";10;"A";64;"A";24.32;"A";16.87;"A";12.55;"A"
"2025-07-30 15:45";34.93;"A";36.91;"A";995.26;"A";335;"A";73;"A";0;"A";10;"A";63;"A";24.16;"A";17.91;"A";13.57;"A"
"2025-07-30 16:00";34.84;"A";37.52;"A";995.34;"A";360;"A";72;"A";0;"A";11;"A";61;"A";26.4;"A";18.17;"A";14.14;"A"
"2025-07-30 16:15";34.8;"A";37.97;"A";995.23;"A";371;"A";71;"A";0;"A";9;"A";61;"A";28.41;"A";21.65;"A";16.39;"A"
"2025-07-30 16:30";34.89;"A";38.26;"A";995.07;"A";365;"A";70;"A";0;"A";10;"A";60;"A";25.09;"A";18.32;"A";14.41;"A"
"2025-07-30 16:45";34.88;"A";38.48;"A";995.12;"A";360;"A";70;"A";0;"A";9;"A";61;"A";23.59;"A";17.68;"A";13.82;"A"
"2025-07-30 17:00";34.91;"A";38.57;"A";995.13;"A";351;"A";69;"A";0;"A";9;"A";60;"A";24.4;"A";17.99;"A";13.69;"A"
"2025-07-30 17:15";34.63;"A";39.33;"A";995.14;"A";336;"A";68;"A";0;"A";10;"A";58;"A";22.68;"A";16.95;"A";12.74;"A"
"2025-07-30 17:30";33.96;"A";40.87;"A";995.11;"A";298;"A";69;"A";0;"A";9;"A";59;"A";21.48;"A";16.05;"A";12.16;"A"
"2025-07-30 17:45";33.31;"A";42.63;"A";995.15;"A";273;"A";69;"A";0;"A";9;"A";60;"A";19.24;"A";15.38;"A";12;"A"
"2025-07-30 18:00";32.79;"A";43.73;"A";995.16;"A";259;"A";65;"A";0;"A";7;"A";57;"A";20.74;"A";15.13;"A";11.54;"A"
"2025-07-30 18:15";32.28;"A";44.34;"A";995.33;"A";235;"A";64;"A";0;"A";9;"A";55;"A";18.28;"A";13.71;"A";11.02;"A"
"2025-07-30 18:30";31.59;"A";45.63;"A";995.51;"A";230;"A";63;"A";0;"A";8;"A";55;"A";17.98;"A";13.62;"A";10.23;"A"
"2025-07-30 18:45";31.15;"A";47.66;"A";995.67;"A";228;"A";62;"A";0;"A";9;"A";53;"A";17.54;"A";13.65;"A";10.42;"A"
"2025-07-30 19:00";30.7;"A";49.37;"A";995.93;"A";226;"A";57;"A";0;"A";7;"A";50;"A";18.07;"A";12.91;"A";9.94;"A"
"2025-07-30 19:15";30.24;"A";50.23;"A";996.23;"A";204;"A";56;"A";0;"A";8;"A";48;"A";15.82;"A";12.62;"A";9.06;"A"
"2025-07-30 19:30";29.7;"A";51.78;"A";996.59;"A";204;"A";53;"A";0;"A";8;"A";45;"A";14.57;"A";11.19;"A";8.71;"A"
"2025-07-30 19:45";29.22;"A";53.18;"A";996.72;"A";188;"A";52;"A";0;"A";8;"A";45;"A";15.01;"A";11.02;"A";8.2;"A"
"2025-07-30 20:00";28.8;"A";54.06;"A";996.84;"A";182;"A";50;"A";0;"A";7;"A";44;"A";13.32;"A";10.51;"A";7.85;"A"
"2025-07-30 20:15";28.3;"A";55.42;"A";997.02;"A";168;"A";50;"A";0;"A";7;"A";43;"A";12.49;"A";9.73;"A";7.11;"A"
"2025-07-30 20:30";27.87;"A";57.14;"A";997.06;"A";168;"A";45;"A";0;"A";6;"A";40;"A";13.13;"A";8.11;"A";6.07;"A"
"2025-07-30 20:45";27.43;"A";58.12;"A";997.29;"A";151;"A";44;"A";0;"A";6;"A";38;"A";10.46;"A";7.04;"A";5.39;"A"
"2025-07-30 21:00";26.99;"A";59.7;"A";997.52;"A";158;"A";42;"A";0;"A";6;"A";36;"A";8.75;"A";6.08;"A";4.54;"A"
"2025-07-30 21:15";26.6;"A";60.71;"A";997.55;"A";152;"A";40;"A";0;"A";6;"A";34;"A";7.23;"A";5.18;"A";3.77;"A"
"2025-07-30 21:30";26.21;"A";61.8;"A";997.6;"A";141;"A";38;"A";0;"A";6;"A";32;"A";6.78;"A";4.65;"A";3.48;"A"
"2025-07-30 21:45";25.79;"A";62.82;"A";997.67;"A";136;"A";37;"A";0;"A";5;"A";32;"A";6.26;"A";4.33;"A";3.22;"A"
"2025-07-30 22:00";25.4;"A";63.14;"A";997.99;"A";127;"A";38;"A";0;"A";5;"A";33;"A";4.84;"A";3.78;"A";2.73;"A"
"2025-07-30 22:15";24.99;"A";63.28;"A";998.02;"A";119;"A";39;"A";0;"A";5;"A";34;"A";4.69;"A";3.41;"A";2.3;"A"
"2025-07-30 22:30";24.6;"A";63.3;"A";998.06;"A";106;"A";41;"A";0;"A";5;"A";36;"A";4.54;"A";2.87;"A";1.88;"A"
"2025-07-30 22:45";24.32;"A";64.1;"A";998.02;"A";102;"A";42;"A";0;"A";6;"A";36;"A";4.22;"A";2.84;"A";1.96;"A"
"2025-07-30 23:00";23.96;"A";65.02;"A";998.07;"A";101;"A";42;"A";0;"A";5;"A";37;"A";4.29;"A";2.54;"A";1.82;"A"
"2025-07-30 23:15";23.72;"A";65.66;"A";998.14;"A";98;"A";42;"A";0;"A";6;"A";37;"A";3.42;"A";2.45;"A";1.76;"A"
"2025-07-30 23:30";23.51;"A";65.91;"A";998.26;"A";94;"A";43;"A";0;"A";5;"A";37;"A";3.49;"A";2.56;"A";1.64;"A"
"2025-07-30 23:45";23.34;"A";65.71;"A";998.35;"A";88;"A";44;"A";0;"A";6;"A";38;"A";3.46;"A";2.3;"A";1.61;"A"
"2025-07-31 00:00";23.13;"A";65.74;"A";998.36;"A";86;"A";46;"A";0;"A";6;"A";40;"A";3.89;"A";2.63;"A";1.71;"A"
"2025-07-31 00:15";22.91;"A";65.98;"A";998.27;"A";85;"A";47;"A";0;"A";6;"A";41;"A";4.49;"A";3.14;"A";2.27;"A"
"2025-07-31 00:30";22.82;"A";66.54;"A";998.42;"A";86;"A";46;"A";0;"A";6;"A";40;"A";4.81;"A";3.37;"A";2.27;"A"
"2025-07-31 00:45";22.65;"A";67.27;"A";998.44;"A";84;"A";45;"A";0;"A";6;"A";40;"A";4.53;"A";2.99;"A";2;"A"
"2025-07-31 01:00";22.56;"A";67.54;"A";998.44;"A";84;"A";44;"A";0;"A";6;"A";38;"A";3.87;"A";2.95;"A";2.11;"A"
"2025-07-31 01:15";22.42;"A";68.09;"A";998.49;"A";83;"A";43;"A";0;"A";6;"A";38;"A";3.98;"A";2.94;"A";2.12;"A"
"2025-07-31 01:30";22.28;"A";68.59;"A";998.4;"A";83;"A";41;"A";0;"A";6;"A";36;"A";4.52;"A";3.06;"A";2.22;"A"
"2025-07-31 01:45";22.2;"A";69.41;"A";998.38;"A";82;"A";41;"A";0;"A";6;"A";35;"A";4.1;"A";2.96;"A";2.18;"A"
"2025-07-31 02:00";22.09;"A";70.67;"A";998.36;"A";90;"A";38;"A";0;"A";6;"A";32;"A";4.62;"A";3.04;"A";2.25;"A"
"2025-07-31 02:15";21.94;"A";71.33;"A";998.44;"A";84;"A";33;"A";0;"A";4;"A";29;"A";4.01;"A";2.99;"A";2.09;"A"
"2025-07-31 02:30";21.87;"A";71.27;"A";998.52;"A";72;"A";31;"A";0;"A";4;"A";27;"A";4.03;"A";2.67;"A";1.93;"A"
"2025-07-31 02:45";21.81;"A";71.24;"A";998.47;"A";70;"A";30;"A";0;"A";4;"A";27;"A";3.95;"A";2.76;"A";1.98;"A"
"2025-07-31 03:00";21.7;"A";71.76;"A";998.55;"A";71;"A";31;"A";0;"A";4;"A";26;"A";3.97;"A";2.93;"A";2.05;"A"
"2025-07-31 03:15";21.59;"A";72.09;"A";998.6;"A";72;"A";30;"A";0;"A";4;"A";27;"A";4.14;"A";3.1;"A";2.22;"A"
"2025-07-31 03:30";21.53;"A";72.52;"A";998.57;"A";77;"A";29;"A";0;"A";4;"A";25;"A";4.48;"A";3.38;"A";2.47;"A"
"2025-07-31 03:45";21.46;"A";72.35;"A";998.61;"A";74;"A";30;"A";0;"A";4;"A";25;"A";4.84;"A";3.48;"A";2.55;"A"
"2025-07-31 04:00";21.42;"A";71.83;"A";998.47;"A";73;"A";30;"A";0;"A";4;"A";26;"A";5.31;"A";3.64;"A";2.58;"A"
"2025-07-31 04:15";21.29;"A";71.48;"A";998.43;"A";69;"A";31;"A";0;"A";4;"A";27;"A";4.94;"A";3.36;"A";2.47;"A"
"2025-07-31 04:30";21.19;"A";71;"A";998.4;"A";67;"A";32;"A";0;"A";4;"A";28;"A";4.96;"A";3.53;"A";2.53;"A"
"2025-07-31 04:45";21.07;"A";71.15;"A";998.41;"A";67;"A";32;"A";0;"A";5;"A";28;"A";5.31;"A";3.5;"A";2.45;"A"
"2025-07-31 05:00";21.02;"A";71.7;"A";998.53;"A";67;"A";32;"A";0;"A";5;"A";27;"A";5.12;"A";3.65;"A";2.53;"A"
"2025-07-31 05:15";21.02;"A";71.3;"A";998.61;"A";67;"A";31;"A";0;"A";4;"A";27;"A";5.48;"A";3.76;"A";2.78;"A"
"2025-07-31 05:30";21;"A";70.36;"A";998.7;"A";65;"A";32;"A";0;"A";5;"A";27;"A";6.39;"A";4.15;"A";2.99;"A"
"2025-07-31 05:45";20.9;"A";69.25;"A";998.98;"A";63;"A";35;"A";0;"A";5;"A";30;"A";6.09;"A";3.96;"A";2.74;"A"
"2025-07-31 06:00";20.88;"A";68.59;"A";999.12;"A";76;"A";37;"A";0;"A";5;"A";32;"A";19.09;"A";7.73;"A";4.82;"A"
"2025-07-31 06:15";20.93;"A";67.99;"A";999.02;"A";75;"A";38;"A";0;"A";6;"A";32;"A";28.7;"A";12.32;"A";7.31;"A"
"2025-07-31 06:30";20.96;"A";67.67;"A";999.23;"A";85;"A";38;"A";0;"A";6;"A";32;"A";16.25;"A";7.1;"A";4.4;"A"
"2025-07-31 06:45";20.9;"A";67.37;"A";999.34;"A";76;"A";39;"A";0;"A";6;"A";33;"A";4.95;"A";3.59;"A";2.63;"A"
"2025-07-31 07:00";20.89;"A";67.3;"A";999.44;"A";76;"A";40;"A";0;"A";6;"A";34;"A";6.01;"A";3.64;"A";2.55;"A"
"2025-07-31 07:15";20.9;"A";66.72;"A";999.48;"A";82;"A";40;"A";0;"A";7;"A";34;"A";6.04;"A";3.75;"A";2.45;"A"
"2025-07-31 07:30";20.97;"A";66.42;"A";999.41;"A";102;"A";41;"A";0;"A";8;"A";34;"A";5.4;"A";3.27;"A";2.19;"A"
"2025-07-31 07:45";21.03;"A";66.04;"A";999.57;"A";98;"A";40;"A";0;"A";8;"A";32;"A";5.69;"A";3.64;"A";2.48;"A"
"2025-07-31 08:00";21.2;"A";65.73;"A";999.33;"A";118;"A";40;"A";0;"A";10;"A";30;"A";6.66;"A";3.66;"A";2.5;"A"
"2025-07-31 08:15";21.4;"A";65.63;"A";999.23;"A";109;"A";39;"A";0;"A";8;"A";31;"A";5.93;"A";3.58;"A";2.57;"A"
"2025-07-31 08:30";21.64;"A";64.84;"A";999.33;"A";144;"A";40;"A";0;"A";11;"A";29;"A";10.14;"A";5.92;"A";4.16;"A"
"2025-07-31 08:45";21.85;"A";63.94;"A";999.37;"A";110;"A";40;"A";0;"A";8;"A";33;"A";8.12;"A";5.54;"A";3.67;"A"
"2025-07-31 09:00";21.96;"A";63.15;"A";999.45;"A";107;"A";40;"A";0;"A";7;"A";32;"A";5.68;"A";3.51;"A";2.46;"A"
"2025-07-31 09:15";22.08;"A";62.34;"A";999.58;"A";113;"A";42;"A";0;"A";10;"A";32;"A";11.63;"A";6.31;"A";4.13;"A"
"2025-07-31 09:30";22.83;"A";60.48;"A";999.56;"A";107;"A";42;"A";0;"A";7;"A";35;"A";8.79;"A";5.87;"A";4.05;"A"
"2025-07-31 09:45";23.62;"A";57.77;"A";999.68;"A";139;"A";44;"A";0;"A";7;"A";36;"A";6.78;"A";3.99;"A";2.81;"A"
"2025-07-31 10:00";24.18;"A";56;"A";999.61;"A";117;"A";46;"A";0;"A";8;"A";38;"A";6.53;"A";4.27;"A";2.78;"A"
"2025-07-31 10:15";24.47;"A";55.95;"A";999.55;"A";116;"A";47;"A";0;"A";8;"A";39;"A";6.66;"A";3.66;"A";2.49;"A"
"2025-07-31 10:30";24.83;"A";54.86;"A";999.45;"A";115;"A";47;"A";0;"A";7;"A";40;"A";6.88;"A";4.39;"A";3.32;"A"
"2025-07-31 10:45";25.29;"A";53.44;"A";999.67;"A";109;"A";48;"A";0;"A";7;"A";41;"A";7.94;"A";4.8;"A";3.38;"A"
"2025-07-31 11:00";25.6;"A";52.61;"A";999.55;"A";137;"A";49;"A";0;"A";8;"A";41;"A";10.74;"A";7.48;"A";5.12;"A"
"2025-07-31 11:15";25.87;"A";51.9;"A";999.45;"A";122;"A";51;"A";0;"A";8;"A";43;"A";9.12;"A";5.42;"A";3.63;"A"
"2025-07-31 11:30";26.18;"A";50.97;"A";999.45;"A";116;"A";50;"A";0;"A";6;"A";44;"A";8.16;"A";5.57;"A";3.7;"A"
"2025-07-31 11:45";26.6;"A";50.23;"A";999.24;"A";131;"A";53;"A";0;"A";10;"A";43;"A";8.96;"A";5.09;"A";3.34;"A"
"2025-07-31 12:00";26.9;"A";48.51;"A";999.34;"A";118;"A";52;"A";0;"A";7;"A";45;"A";7.31;"A";4.3;"A";3.08;"A"
"2025-07-31 12:15";27.15;"A";47.95;"A";999.39;"A";123;"A";53;"A";0;"A";7;"A";46;"A";9.12;"A";5.57;"A";3.83;"A"
"2025-07-31 12:30";27.37;"A";45.66;"A";999.28;"A";110;"A";52;"A";0;"A";6;"A";46;"A";8.48;"A";5.03;"A";3.24;"A"
"2025-07-31 12:45";27.62;"A";44.12;"A";999.34;"A";115;"A";52;"A";0;"A";7;"A";45;"A";8.74;"A";5.34;"A";3.69;"A"
"2025-07-31 13:00";28.01;"A";42.89;"A";999.31;"A";119;"A";52;"A";0;"A";7;"A";45;"A";8.62;"A";5.48;"A";3.92;"A"
"2025-07-31 13:15";28.48;"A";42;"A";999.24;"A";124;"A";51;"A";0;"A";6;"A";45;"A";8.45;"A";5.34;"A";3.76;"A"
"2025-07-31 13:30";28.91;"A";40.84;"A";999.25;"A";126;"A";52;"A";0;"A";7;"A";45;"A";8.88;"A";5.51;"A";3.8;"A"
"2025-07-31 13:45";29.28;"A";39.94;"A";999.29;"A";127;"A";51;"A";0;"A";6;"A";45;"A";10.53;"A";6.03;"A";3.99;"A"
"2025-07-31 14:00";29.95;"A";38.12;"A";999.3;"A";121;"A";51;"A";0;"A";6;"A";45;"A";9.76;"A";6.03;"A";4.08;"A"
"2025-07-31 14:15";30.52;"A";36.53;"A";999.31;"A";139;"A";53;"A";0;"A";8;"A";45;"A";9.15;"A";5.53;"A";3.84;"A"
"2025-07-31 14:30";31.12;"A";34.48;"A";999.3;"A";188;"A";52;"A";0;"A";5;"A";47;"A";8.49;"A";5.52;"A";3.85;"A"
"2025-07-31 14:45";31.21;"A";34.54;"A";999.3;"A";206;"A";56;"A";0;"A";8;"A";48;"A";9.01;"A";5.68;"A";4.06;"A"
"2025-07-31 15:00";31.59;"A";33.64;"A";999.03;"A";146;"A";55;"A";0;"A";9;"A";46;"A";9.87;"A";6.26;"A";4.15;"A"
"2025-07-31 15:15";32.03;"A";33.18;"A";999.08;"A";148;"A";53;"A";0;"A";7;"A";47;"A";8.61;"A";5.94;"A";4.15;"A"
"2025-07-31 15:30";32.28;"A";32.79;"A";999.13;"A";138;"A";55;"A";0;"A";7;"A";48;"A";9;"A";6.16;"A";4.48;"A"
"2025-07-31 15:45";32.43;"A";32.36;"A";999.05;"A";146;"A";54;"A";0;"A";7;"A";48;"A";10.25;"A";6.15;"A";4.41;"A"
"2025-07-31 16:00";32.59;"A";31.66;"A";998.96;"A";144;"A";54;"A";0;"A";6;"A";48;"A";10.02;"A";6.2;"A";4.4;"A"
"2025-07-31 16:15";32.92;"A";30.45;"A";998.97;"A";148;"A";54;"A";0;"A";7;"A";47;"A";12.06;"A";7.45;"A";5.2;"A"
"2025-07-31 16:30";33.04;"A";29.38;"A";998.95;"A";158;"A";55;"A";0;"A";7;"A";48;"A";9.05;"A";6;"A";4.27;"A"
"2025-07-31 16:45";33.1;"A";29.15;"A";998.95;"A";221;"A";57;"A";0;"A";12;"A";45;"A";8.94;"A";6.27;"A";4.33;"A"
"2025-07-31 17:00";33.13;"A";29.01;"A";999.02;"A";175;"A";55;"A";0;"A";6;"A";49;"A";8.37;"A";5.8;"A";4.23;"A"
"2025-07-31 17:15";33.04;"A";28.69;"A";998.93;"A";161;"A";55;"A";0;"A";6;"A";49;"A";8.54;"A";5.88;"A";4.13;"A"
"2025-07-31 17:30";32.29;"A";29.27;"A";999.05;"A";155;"A";58;"A";0;"A";9;"A";49;"A";9.06;"A";6.26;"A";4.08;"A"
"2025-07-31 17:45";31.6;"A";30.25;"A";999.06;"A";153;"A";56;"A";0;"A";7;"A";48;"A";8.43;"A";5.9;"A";4.23;"A"
"2025-07-31 18:00";31.17;"A";31.6;"A";999.13;"A";177;"A";54;"A";0;"A";8;"A";46;"A";9.58;"A";5.81;"A";3.99;"A"
"2025-07-31 18:15";30.73;"A";31.76;"A";999.15;"A";201;"A";53;"A";0;"A";8;"A";46;"A";8.43;"A";5.61;"A";3.9;"A"
"2025-07-31 18:30";30.31;"A";32.11;"A";999.21;"A";139;"A";53;"A";0;"A";8;"A";45;"A";10.2;"A";6.15;"A";4.19;"A"
"2025-07-31 18:45";29.91;"A";33.21;"A";999.17;"A";133;"A";53;"A";0;"A";8;"A";45;"A";10.09;"A";6.4;"A";4.25;"A"
"2025-07-31 19:00";29.41;"A";33.22;"A";999.3;"A";127;"A";52;"A";0;"A";7;"A";45;"A";9.38;"A";6.13;"A";4.23;"A"
"2025-07-31 19:15";29.07;"A";33.02;"A";999.27;"A";126;"A";51;"A";0;"A";8;"A";43;"A";9.95;"A";5.91;"A";4.06;"A"
"2025-07-31 19:30";28.7;"A";32.98;"A";999.35;"A";128;"A";50;"A";0;"A";8;"A";43;"A";9.44;"A";6.11;"A";4.16;"A"
"2025-07-31 19:45";28.39;"A";33.21;"A";999.35;"A";126;"A";50;"A";0;"A";8;"A";43;"A";8.75;"A";5.85;"A";4;"A"
"2025-07-31 20:00";28.09;"A";33.31;"A";999.47;"A";140;"A";50;"A";0;"A";9;"A";41;"A";9.51;"A";6.01;"A";4.15;"A"
"2025-07-31 20:15";27.79;"A";34.26;"A";999.59;"A";139;"A";49;"A";0;"A";10;"A";39;"A";10.65;"A";6.63;"A";4.51;"A"
"2025-07-31 20:30";27.46;"A";34.98;"A";999.64;"A";144;"A";47;"A";0;"A";10;"A";37;"A";10.93;"A";6.96;"A";4.73;"A"
"2025-07-31 20:45";27.07;"A";35.69;"A";999.69;"A";134;"A";46;"A";0;"A";9;"A";38;"A";10.01;"A";6.44;"A";4.4;"A"
"2025-07-31 21:00";26.57;"A";36.82;"A";999.86;"A";142;"A";45;"A";0;"A";8;"A";36;"A";9.81;"A";6.88;"A";4.53;"A"
"2025-07-31 21:15";26.06;"A";37.92;"A";999.96;"A";162;"A";43;"A";0;"A";9;"A";33;"A";10.3;"A";7.33;"A";5.07;"A"
"2025-07-31 21:30";25.61;"A";38.85;"A";1000.05;"A";154;"A";42;"A";0;"A";9;"A";32;"A";13.37;"A";8.54;"A";5.95;"A"
"2025-07-31 21:45";25.21;"A";39.97;"A";999.96;"A";151;"A";41;"A";0;"A";10;"A";31;"A";14.6;"A";9.66;"A";6.62;"A"
"2025-07-31 22:00";24.83;"A";41.39;"A";1000.08;"A";138;"A";40;"A";0;"A";9;"A";31;"A";12.78;"A";8.72;"A";6.05;"A"
"2025-07-31 22:15";24.41;"A";42.78;"A";1000.26;"A";153;"A";39;"A";0;"A";9;"A";30;"A";11.74;"A";8.54;"A";6.29;"A"
"2025-07-31 22:30";24.02;"A";44.45;"A";1000.2;"A";187;"A";38;"A";0;"A";10;"A";27;"A";14.79;"A";10.43;"A";7.55;"A"
"2025-07-31 22:45";23.76;"A";45.58;"A";1000.25;"A";185;"A";37;"A";0;"A";10;"A";27;"A";14.21;"A";9.8;"A";7;"A"
"2025-07-31 23:00";23.68;"A";47.23;"A";1000.39;"A";165;"A";36;"A";0;"A";10;"A";26;"A";13.64;"A";9.21;"A";6.3;"A"
"2025-07-31 23:15";23.6;"A";46.64;"A";1000.54;"A";114;"A";37;"A";0;"A";12;"A";25;"A";10.37;"A";7.15;"A";5.48;"A"
"2025-07-31 23:30";23.49;"A";47.46;"A";1000.48;"A";98;"A";37;"A";0;"A";8;"A";29;"A";11.34;"A";7.32;"A";5.09;"A"
"2025-07-31 23:45";23.21;"A";48.47;"A";1000.41;"A";106;"A";36;"A";0;"A";7;"A";29;"A";9.54;"A";7.33;"A";5.34;"A"
"2025-08-01 00:00";22.77;"A";49.78;"A";1000.27;"A";107;"A";34;"A";0;"A";8;"A";27;"A";11.38;"A";7.41;"A";5.23;"A"