"timestamp";"TC~T-QM[Cairnet CXM24280940]";"in °C";"HR~T-QM[Cairnet CXM24280940]";"in %";"PA~T-QM[Cairnet CXM24280940]";"in hPa";"CO~4672-QM[Cairnet CXM24280940]";"in ppb";"O3-NO2~4694-QM[Cairnet CXM24280940]";"in ppb";"SO2~4715-QM[Cairnet CXM24280940]";"in ppb";"NO2~4581-QM[Cairnet CXM24280940]";"in ppb";"O3~0940-QM[Cairnet CXM24280940]";"in ppb";"PM10~D641-QM[Cairnet CXM24280940]";"in µg/m3";"PM2.5~D641-QM[Cairnet CXM24280940]";"in µg/m3";"PM1~D641-QM[Cairnet CXM24280940]";"in µg/m3"
"(in display TZ)";"value";"qc";"value";"qc";"value";"qc";"value";"qc";"value";"qc";"value";"qc";"value";"qc";"value";"qc";"value";"qc";"value";"qc";"value";"qc"
"2025-01-01 00:15";1.95;"A";86.05;"A";1015.46;"A";204;"A";25;"A";1;"A";7;"A";17;"A";32.82;"A";23.79;"A";22.49;"A"
"2025-01-01 00:30";1.87;"A";86.02;"A";1015.43;"A";204;"A";24;"A";1;"A";7;"A";18;"A";33.85;"A";24.55;"A";23.21;"A"
"2025-01-01 00:45";1.78;"A";86.19;"A";1015.55;"A";213;"A";25;"A";2;"A";8;"A";17;"A";35.02;"A";25.41;"A";24.03;"A"
"2025-01-01 01:00";1.8;"A";86.08;"A";1015.79;"A";210;"A";25;"A";1;"A";7;"A";18;"A";35.56;"A";25.81;"A";24.41;"A"
"2025-01-01 01:15";1.78;"A";86.13;"A";1015.76;"A";226;"A";25;"A";2;"A";7;"A";18;"A";35.96;"A";26.1;"A";24.69;"A"
"2025-01-01 01:30";1.8;"A";85.97;"A";1015.66;"A";249;"A";25;"A";2;"A";8;"A";18;"A";44.11;"A";32.07;"A";30.39;"A"
"2025-01-01 01:45";1.71;"A";86.22;"A";1015.78;"A";263;"A";25;"A";1;"A";7;"A";18;"A";52.62;"A";38.3;"A";36.35;"A"
"2025-01-01 02:00";1.64;"A";86.39;"A";1015.97;"A";244;"A";25;"A";2;"A";7;"A";18;"A";47.98;"A";34.9;"A";33.1;"A"
"2025-01-01 02:15";1.56;"A";86.82;"A";1015.92;"A";252;"A";25;"A";2;"A";7;"A";18;"A";50.47;"A";36.73;"A";34.85;"A"
"2025-01-01 02:30";1.47;"A";87.16;"A";1015.95;"A";301;"A";25;"A";2;"A";8;"A";17;"A";51.32;"A";37.35;"A";35.44;"A"
"2025-01-01 02:45";1.43;"A";87.22;"A";1016.01;"A";271;"A";25;"A";1;"A";8;"A";17;"A";39.14;"A";28.43;"A";26.91;"A"
"2025-01-01 03:00";1.43;"A";87.16;"A";1015.98;"A";266;"A";25;"A";1;"A";8;"A";17;"A";40.83;"A";29.66;"A";28.1;"A"
"2025-01-01 03:15";1.45;"A";86.93;"A";1015.99;"A";270;"A";26;"A";1;"A";10;"A";16;"A";42.75;"A";31.07;"A";29.44;"A"
"2025-01-01 03:30";1.45;"A";87;"A";1016.02;"A";243;"A";26;"A";1;"A";9;"A";16;"A";37.4;"A";27.15;"A";25.7;"A"
"2025-01-01 03:45";1.33;"A";87.25;"A";1016.06;"A";253;"A";26;"A";1;"A";9;"A";17;"A";41.44;"A";30.11;"A";28.52;"A"
"2025-01-01 04:00";1.21;"A";87.47;"A";1016.13;"A";273;"A";26;"A";1;"A";10;"A";16;"A";45.29;"A";32.94;"A";31.22;"A"
"2025-01-01 04:15";1.02;"A";87.97;"A";1016.12;"A";283;"A";25;"A";1;"A";10;"A";15;"A";44.23;"A";32.15;"A";30.48;"A"
"2025-01-01 04:30";0.79;"A";88.38;"A";1016.15;"A";246;"A";25;"A";2;"A";10;"A";15;"A";36.57;"A";26.54;"A";25.11;"A"
"2025-01-01 04:45";0.7;"A";88.78;"A";1016.28;"A";247;"A";24;"A";1;"A";9;"A";15;"A";43.37;"A";31.53;"A";29.88;"A"
"2025-01-01 05:00";0.58;"A";89.33;"A";1016.28;"A";285;"A";24;"A";2;"A";9;"A";15;"A";51;"A";37.11;"A";35.21;"A"
"2025-01-01 05:15";0.55;"A";89.58;"A";1016.35;"A";266;"A";24;"A";2;"A";9;"A";15;"A";46.18;"A";33.58;"A";31.84;"A"
"2025-01-01 05:30";0.65;"A";88.98;"A";1016.47;"A";227;"A";24;"A";2;"A";8;"A";16;"A";38.85;"A";28.21;"A";26.71;"A"
"2025-01-01 05:45";0.57;"A";89.31;"A";1016.43;"A";240;"A";24;"A";2;"A";9;"A";15;"A";39.66;"A";28.81;"A";27.28;"A"
"2025-01-01 06:00";0.52;"A";89.36;"A";1016.54;"A";241;"A";24;"A";2;"A";10;"A";15;"A";39.2;"A";28.47;"A";26.96;"A"
"2025-01-01 06:15";0.68;"A";89.01;"A";1016.54;"A";218;"A";25;"A";1;"A";10;"A";15;"A";37.26;"A";27.05;"A";25.6;"A"
"2025-01-01 06:30";0.75;"A";88.37;"A";1016.76;"A";211;"A";25;"A";1;"A";11;"A";14;"A";32.68;"A";23.7;"A";22.39;"A"
"2025-01-01 06:45";0.61;"A";88.58;"A";1016.72;"A";210;"A";25;"A";1;"A";12;"A";13;"A";33.47;"A";24.27;"A";22.94;"A"
"2025-01-01 07:00";0.43;"A";89.07;"A";1016.61;"A";235;"A";25;"A";1;"A";14;"A";12;"A";35.85;"A";26.02;"A";24.61;"A"
"2025-01-01 07:15";0.43;"A";88.91;"A";1016.62;"A";263;"A";26;"A";1;"A";15;"A";11;"A";36.8;"A";26.71;"A";25.27;"A"
"2025-01-01 07:30";0.37;"A";88.95;"A";1016.56;"A";262;"A";25;"A";1;"A";14;"A";11;"A";42.77;"A";31.08;"A";29.45;"A"
"2025-01-01 07:45";0.32;"A";88.86;"A";1016.52;"A";256;"A";25;"A";1;"A";14;"A";11;"A";43.7;"A";31.76;"A";30.1;"A"
"2025-01-01 08:00";0.46;"A";88.27;"A";1016.6;"A";274;"A";24;"A";1;"A";12;"A";12;"A";46.32;"A";33.69;"A";31.94;"A"
"2025-01-01 08:15";0.34;"A";88.82;"A";1016.68;"A";277;"A";24;"A";1;"A";14;"A";10;"A";48.4;"A";35.21;"A";33.39;"A"
"2025-01-01 08:30";0.71;"A";88.2;"A";1016.89;"A";349;"A";29;"A";0;"A";21;"A";7;"A";69.39;"A";50.59;"A";48.09;"A"
"2025-01-01 08:45";0.98;"A";87.24;"A";1017.1;"A";533;"A";30;"A";1;"A";24;"A";6;"A";109.99;"A";80.33;"A";76.51;"A"
"2025-01-01 09:00";1.43;"A";86.32;"A";1017.2;"A";363;"A";29;"A";1;"A";21;"A";8;"A";61.6;"A";44.88;"A";42.63;"A"
"2025-01-01 09:15";1.92;"A";84.98;"A";1017.33;"A";266;"A";28;"A";1;"A";18;"A";11;"A";37.43;"A";27.17;"A";25.72;"A"
"2025-01-01 09:30";2.82;"A";81.09;"A";1017.07;"A";242;"A";28;"A";1;"A";16;"A";12;"A";33.87;"A";25.82;"A";22.19;"A"
"2025-01-01 09:45";3.35;"A";78.14;"A";1016.85;"A";240;"A";26;"A";1;"A";11;"A";15;"A";35.34;"A";28.72;"A";21.52;"A"
"2025-01-01 10:00";3.6;"A";77.3;"A";1016.74;"A";223;"A";29;"A";0;"A";14;"A";15;"A";38.33;"A";31.32;"A";24.19;"A"
"2025-01-01 10:15";3.93;"A";75.7;"A";1016.76;"A";238;"A";30;"A";0;"A";14;"A";15;"A";38.05;"A";31.98;"A";24.38;"A"
"2025-01-01 10:30";4.21;"A";75.24;"A";1016.67;"A";217;"A";29;"A";1;"A";10;"A";19;"A";31.1;"A";26.43;"A";20.05;"A"
"2025-01-01 10:45";4.92;"A";72.89;"A";1016.28;"A";225;"A";29;"A";1;"A";9;"A";20;"A";32.79;"A";25.9;"A";19.78;"A"
"2025-01-01 11:00";5.82;"A";69.54;"A";1015.82;"A";220;"A";28;"A";1;"A";7;"A";21;"A";32.44;"A";26.3;"A";20.06;"A"
"2025-01-01 11:15";6.71;"A";66.19;"A";1015.81;"A";255;"A";28;"A";1;"A";8;"A";20;"A";36.61;"A";29.25;"A";22.95;"A"
"2025-01-01 11:30";7.22;"A";64.96;"A";1015.31;"A";247;"A";29;"A";1;"A";9;"A";20;"A";30.25;"A";24.92;"A";18.72;"A"
"2025-01-01 11:45";7.75;"A";63.73;"A";1015.11;"A";274;"A";30;"A";1;"A";9;"A";21;"A";28.04;"A";21.35;"A";16.63;"A"
"2025-01-01 12:00";7.94;"A";63.54;"A";1014.95;"A";229;"A";31;"A";0;"A";9;"A";22;"A";26.18;"A";21.63;"A";16.31;"A"
"2025-01-01 12:15";8.71;"A";61;"A";1014.74;"A";215;"A";31;"A";0;"A";9;"A";22;"A";29.14;"A";22.46;"A";16.66;"A"
"2025-01-01 12:30";9.69;"A";58.74;"A";1014.67;"A";233;"A";29;"A";1;"A";6;"A";23;"A";27.31;"A";20.36;"A";15.72;"A"
"2025-01-01 12:45";9.93;"A";57.05;"A";1014.4;"A";253;"A";31;"A";1;"A";8;"A";23;"A";25.38;"A";19.2;"A";14.3;"A"
"2025-01-01 13:00";10.14;"A";55.85;"A";1014.1;"A";218;"A";32;"A";0;"A";8;"A";24;"A";22.91;"A";17.42;"A";13.02;"A"
"2025-01-01 13:15";10.38;"A";54.3;"A";1013.97;"A";234;"A";32;"A";0;"A";7;"A";25;"A";21.71;"A";15.97;"A";11.74;"A"
"2025-01-01 13:30";10.44;"A";53.7;"A";1013.61;"A";190;"A";34;"A";0;"A";7;"A";26;"A";23.48;"A";16.22;"A";12.1;"A"
"2025-01-01 13:45";10.35;"A";54.08;"A";1013.45;"A";193;"A";35;"A";0;"A";9;"A";26;"A";19.78;"A";14.79;"A";10.71;"A"
"2025-01-01 14:00";10.46;"A";54.26;"A";1013.28;"A";197;"A";34;"A";0;"A";8;"A";26;"A";18.69;"A";12.93;"A";9.3;"A"
"2025-01-01 14:15";10.72;"A";52.85;"A";1012.93;"A";185;"A";34;"A";0;"A";8;"A";26;"A";16.28;"A";11.89;"A";9;"A"
"2025-01-01 14:30";10.97;"A";51.65;"A";1012.61;"A";185;"A";34;"A";0;"A";9;"A";25;"A";16.44;"A";11.65;"A";8.75;"A"
"2025-01-01 14:45";11.26;"A";51.12;"A";1012.53;"A";179;"A";34;"A";0;"A";9;"A";25;"A";15.52;"A";11.62;"A";8.5;"A"
"2025-01-01 15:00";11.04;"A";52.21;"A";1012.5;"A";176;"A";35;"A";0;"A";8;"A";27;"A";14.32;"A";10.19;"A";7.58;"A"
"2025-01-01 15:15";10.64;"A";53.68;"A";1012.26;"A";172;"A";36;"A";0;"A";8;"A";27;"A";12.33;"A";9.16;"A";6.94;"A"
"2025-01-01 15:30";10.22;"A";55.48;"A";1012.33;"A";180;"A";36;"A";0;"A";8;"A";28;"A";11.08;"A";9;"A";6.63;"A"
"2025-01-01 15:45";9.81;"A";57.77;"A";1012.39;"A";191;"A";35;"A";0;"A";7;"A";28;"A";10.68;"A";8.01;"A";6.4;"A"
"2025-01-01 16:00";9.27;"A";60.24;"A";1012.38;"A";164;"A";35;"A";0;"A";9;"A";26;"A";13.46;"A";9.91;"A";7.21;"A"
"2025-01-01 16:15";8.81;"A";61.71;"A";1012.48;"A";176;"A";35;"A";0;"A";10;"A";25;"A";13.45;"A";10.55;"A";7.87;"A"
"2025-01-01 16:30";8.36;"A";65.89;"A";1012.38;"A";170;"A";35;"A";0;"A";12;"A";23;"A";13.52;"A";10.63;"A";7.92;"A"
"2025-01-01 16:45";7.62;"A";72.25;"A";1012.43;"A";182;"A";34;"A";0;"A";9;"A";24;"A";19.84;"A";17.19;"A";12.62;"A"
"2025-01-01 17:00";7.09;"A";76.56;"A";1012.12;"A";192;"A";33;"A";0;"A";9;"A";23;"A";24.76;"A";21.31;"A";15.94;"A"
"2025-01-01 17:15";6.78;"A";79.79;"A";1012.02;"A";183;"A";32;"A";0;"A";8;"A";24;"A";28.48;"A";24.38;"A";18.16;"A"
"2025-01-01 17:30";6.41;"A";82.82;"A";1012.12;"A";188;"A";31;"A";0;"A";7;"A";24;"A";32.37;"A";25.97;"A";20.82;"A"
"2025-01-01 17:45";6.36;"A";84.26;"A";1012.17;"A";239;"A";31;"A";0;"A";8;"A";23;"A";35.46;"A";25.73;"A";24.34;"A"
"2025-01-01 18:00";6.25;"A";84.62;"A";1012.1;"A";190;"A";31;"A";0;"A";8;"A";23;"A";36.74;"A";26.67;"A";25.23;"A"
"2025-01-01 18:15";5.91;"A";85.38;"A";1012.12;"A";200;"A";31;"A";0;"A";9;"A";22;"A";38.28;"A";27.8;"A";26.31;"A"
"2025-01-01 18:30";5.75;"A";85.45;"A";1012.12;"A";189;"A";30;"A";0;"A";9;"A";22;"A";37.41;"A";27.16;"A";25.7;"A"
"2025-01-01 18:45";5.59;"A";84.08;"A";1011.86;"A";188;"A";31;"A";0;"A";8;"A";23;"A";36.91;"A";26.79;"A";25.35;"A"
"2025-01-01 19:00";5.43;"A";83.63;"A";1012;"A";188;"A";30;"A";0;"A";8;"A";22;"A";36.94;"A";26.81;"A";25.37;"A"
"2025-01-01 19:15";5.27;"A";83.25;"A";1011.96;"A";193;"A";30;"A";0;"A";8;"A";22;"A";36.62;"A";26.58;"A";25.15;"A"
"2025-01-01 19:30";5.14;"A";82.61;"A";1011.96;"A";196;"A";30;"A";0;"A";8;"A";22;"A";39.02;"A";28.34;"A";26.83;"A"
"2025-01-01 19:45";4.92;"A";82.63;"A";1011.81;"A";245;"A";30;"A";0;"A";9;"A";21;"A";48.19;"A";35.28;"A";32.69;"A"
"2025-01-01 20:00";4.7;"A";82.37;"A";1011.75;"A";255;"A";30;"A";0;"A";9;"A";21;"A";42.75;"A";32.82;"A";27.51;"A"
"2025-01-01 20:15";4.6;"A";81.83;"A";1011.72;"A";207;"A";30;"A";0;"A";7;"A";22;"A";38.75;"A";32.01;"A";23.64;"A"
"2025-01-01 20:30";4.36;"A";82.08;"A";1011.75;"A";215;"A";30;"A";0;"A";8;"A";22;"A";37.35;"A";30.48;"A";22.45;"A"
"2025-01-01 20:45";4.16;"A";82.09;"A";1011.58;"A";200;"A";30;"A";0;"A";9;"A";20;"A";35.98;"A";30.51;"A";22.36;"A"
"2025-01-01 21:00";4.01;"A";82.09;"A";1011.64;"A";211;"A";30;"A";0;"A";11;"A";19;"A";39.2;"A";32.37;"A";23.61;"A"
"2025-01-01 21:15";3.9;"A";81.77;"A";1011.66;"A";206;"A";30;"A";0;"A";11;"A";18;"A";38.03;"A";31.27;"A";22.67;"A"
"2025-01-01 21:30";3.69;"A";81.91;"A";1011.48;"A";210;"A";30;"A";0;"A";13;"A";17;"A";36.56;"A";30.65;"A";22.56;"A"
"2025-01-01 21:45";3.49;"A";82.42;"A";1011.33;"A";187;"A";29;"A";0;"A";11;"A";18;"A";38.39;"A";31.52;"A";22.72;"A"
"2025-01-01 22:00";3.41;"A";81.66;"A";1011.18;"A";202;"A";29;"A";0;"A";10;"A";18;"A";34.18;"A";28.2;"A";20.94;"A"
"2025-01-01 22:15";3.27;"A";81.79;"A";1011.08;"A";187;"A";28;"A";0;"A";11;"A";17;"A";36.22;"A";28.29;"A";20.22;"A"
"2025-01-01 22:30";3.25;"A";80.27;"A";1010.94;"A";192;"A";28;"A";0;"A";10;"A";18;"A";33.79;"A";28.06;"A";20.54;"A"
"2025-01-01 22:45";3.34;"A";78.63;"A";1010.87;"A";190;"A";28;"A";0;"A";10;"A";18;"A";33.18;"A";27.22;"A";19.52;"A"
"2025-01-01 23:00";3.1;"A";79.24;"A";1010.87;"A";184;"A";29;"A";0;"A";13;"A";16;"A";36.26;"A";29.62;"A";22.12;"A"
"2025-01-01 23:15";2.79;"A";80.14;"A";1010.9;"A";195;"A";30;"A";0;"A";17;"A";12;"A";40.67;"A";33.54;"A";25.08;"A"
"2025-01-01 23:30";2.58;"A";80.57;"A";1011.04;"A";210;"A";28;"A";0;"A";15;"A";13;"A";42.83;"A";35.7;"A";25.52;"A"
"2025-01-01 23:45";2.5;"A";79.75;"A";1011.04;"A";216;"A";28;"A";0;"A";15;"A";14;"A";37.05;"A";30.1;"A";22.14;"A"
"2025-01-02 00:00";2.52;"A";79.45;"A";1010.84;"A";181;"A";27;"A";1;"A";11;"A";16;"A";32.04;"A";27.07;"A";20.28;"A"
"2025-01-02 00:15";2.39;"A";80.16;"A";1010.79;"A";190;"A";27;"A";1;"A";10;"A";16;"A";39.15;"A";32.68;"A";23.56;"A"
"2025-01-02 00:30";2.26;"A";80.59;"A";1010.63;"A";189;"A";27;"A";1;"A";12;"A";15;"A";38.85;"A";31.14;"A";23.09;"A"
"2025-01-02 00:45";2.14;"A";81.31;"A";1010.55;"A";184;"A";27;"A";0;"A";14;"A";13;"A";35.41;"A";30.16;"A";22.49;"A"
"2025-01-02 01:00";1.96;"A";82.57;"A";1010.49;"A";188;"A";27;"A";0;"A";14;"A";13;"A";41.05;"A";34.4;"A";25.22;"A"
"2025-01-02 01:15";1.82;"A";83.26;"A";1010.4;"A";198;"A";26;"A";0;"A";14;"A";12;"A";45.21;"A";36.04;"A";27.92;"A"
"2025-01-02 01:30";1.96;"A";83.39;"A";1010.23;"A";196;"A";27;"A";0;"A";14;"A";13;"A";42.16;"A";30.64;"A";29.02;"A"
"2025-01-02 01:45";1.93;"A";84.24;"A";1010.29;"A";189;"A";26;"A";1;"A";13;"A";13;"A";43.6;"A";31.69;"A";30.04;"A"
"2025-01-02 02:00";2.02;"A";83.81;"A";1010.2;"A";189;"A";27;"A";0;"A";13;"A";14;"A";44.36;"A";32.25;"A";30.57;"A"
"2025-01-02 02:15";2.01;"A";83.8;"A";1010.22;"A";190;"A";26;"A";0;"A";13;"A";13;"A";46.58;"A";33.88;"A";32.12;"A"
"2025-01-02 02:30";2.05;"A";83.68;"A";1010.22;"A";193;"A";26;"A";1;"A";12;"A";14;"A";46.86;"A";34.08;"A";32.32;"A"
"2025-01-02 02:45";2.07;"A";83.5;"A";1010.17;"A";206;"A";26;"A";1;"A";11;"A";15;"A";48;"A";34.92;"A";33.12;"A"
"2025-01-02 03:00";2;"A";84.25;"A";1009.98;"A";207;"A";26;"A";1;"A";11;"A";16;"A";51.27;"A";37.31;"A";35.4;"A"
"2025-01-02 03:15";1.95;"A";84.95;"A";1009.89;"A";208;"A";26;"A";1;"A";10;"A";15;"A";55.03;"A";40.06;"A";38.03;"A"
"2025-01-02 03:30";1.83;"A";86.2;"A";1009.93;"A";206;"A";26;"A";1;"A";12;"A";14;"A";57.95;"A";42.2;"A";40.08;"A"
"2025-01-02 03:45";1.86;"A";85.88;"A";1009.77;"A";214;"A";26;"A";1;"A";13;"A";13;"A";59.3;"A";43.2;"A";41.03;"A"
"2025-01-02 04:00";1.91;"A";85.78;"A";1009.66;"A";215;"A";26;"A";1;"A";14;"A";12;"A";60.77;"A";44.27;"A";42.05;"A"
"2025-01-02 04:15";1.91;"A";85.8;"A";1009.62;"A";223;"A";26;"A";1;"A";14;"A";12;"A";63.23;"A";46.07;"A";43.78;"A"
"2025-01-02 04:30";1.93;"A";86.3;"A";1009.32;"A";218;"A";25;"A";1;"A";11;"A";14;"A";63.44;"A";46.23;"A";43.92;"A"
"2025-01-02 04:45";1.79;"A";86.95;"A";1009.27;"A";224;"A";25;"A";1;"A";10;"A";15;"A";66.13;"A";48.2;"A";45.81;"A"
"2025-01-02 05:00";1.66;"A";88.15;"A";1009.27;"A";219;"A";26;"A";1;"A";13;"A";13;"A";68.3;"A";49.79;"A";47.32;"A"
"2025-01-02 05:15";1.56;"A";88.93;"A";1009.48;"A";218;"A";26;"A";1;"A";14;"A";12;"A";72.3;"A";52.72;"A";50.13;"A"
"2025-01-02 05:30";1.45;"A";89.7;"A";1009.4;"A";229;"A";26;"A";1;"A";15;"A";11;"A";75.25;"A";54.88;"A";52.19;"A"
"2025-01-02 05:45";1.43;"A";90.77;"A";1009.45;"A";228;"A";26;"A";1;"A";12;"A";13;"A";73.38;"A";53.51;"A";50.88;"A"
"2025-01-02 06:00";1.47;"A";90.71;"A";1009.49;"A";230;"A";26;"A";1;"A";12;"A";14;"A";73.36;"A";53.5;"A";50.87;"A"
"2025-01-02 06:15";1.56;"A";90.1;"A";1009.46;"A";223;"A";26;"A";1;"A";13;"A";13;"A";70.04;"A";51.06;"A";48.54;"A"
"2025-01-02 06:30";1.5;"A";90.11;"A";1009.41;"A";230;"A";27;"A";1;"A";15;"A";12;"A";68.99;"A";50.3;"A";47.81;"A"
"2025-01-02 06:45";1.49;"A";89.73;"A";1009.27;"A";252;"A";28;"A";0;"A";15;"A";12;"A";67.93;"A";49.52;"A";47.06;"A"
"2025-01-02 07:00";1.38;"A";89.83;"A";1009.2;"A";237;"A";27;"A";1;"A";14;"A";13;"A";67.04;"A";48.87;"A";46.44;"A"
"2025-01-02 07:15";1.48;"A";90.13;"A";1009.09;"A";261;"A";28;"A";1;"A";14;"A";13;"A";63.62;"A";46.36;"A";44.05;"A"
"2025-01-02 07:30";1.67;"A";89.84;"A";1008.92;"A";245;"A";28;"A";1;"A";14;"A";13;"A";64.23;"A";46.81;"A";44.47;"A"
"2025-01-02 07:45";1.91;"A";88.54;"A";1008.73;"A";263;"A";27;"A";1;"A";12;"A";15;"A";62.46;"A";45.51;"A";43.23;"A"
"2025-01-02 08:00";2.02;"A";88.84;"A";1008.64;"A";290;"A";27;"A";1;"A";13;"A";14;"A";64.8;"A";47.23;"A";44.88;"A"
"2025-01-02 08:15";2.11;"A";88.79;"A";1008.63;"A";225;"A";27;"A";1;"A";10;"A";17;"A";58.73;"A";42.78;"A";40.63;"A"
"2025-01-02 08:30";2.23;"A";88.09;"A";1008.65;"A";239;"A";27;"A";1;"A";11;"A";16;"A";58.02;"A";42.26;"A";40.13;"A"
"2025-01-02 08:45";2.54;"A";86.5;"A";1008.6;"A";242;"A";28;"A";1;"A";12;"A";16;"A";52.85;"A";38.47;"A";36.51;"A"
"2025-01-02 09:00";2.85;"A";85.16;"A";1008.72;"A";229;"A";29;"A";1;"A";12;"A";17;"A";53.69;"A";39.09;"A";37.1;"A"
"2025-01-02 09:15";3.16;"A";83.96;"A";1008.48;"A";214;"A";29;"A";0;"A";12;"A";17;"A";46.56;"A";33.86;"A";32.11;"A"
"2025-01-02 09:30";4.03;"A";79.67;"A";1008.41;"A";211;"A";29;"A";1;"A";11;"A";18;"A";45.6;"A";34.69;"A";29.74;"A"
"2025-01-02 09:45";4.5;"A";76.76;"A";1008.26;"A";201;"A";28;"A";0;"A";9;"A";19;"A";41.8;"A";35.63;"A";26.52;"A"
"2025-01-02 10:00";4.64;"A";76.59;"A";1008.15;"A";191;"A";31;"A";0;"A";12;"A";19;"A";40.29;"A";33.53;"A";25.37;"A"
"2025-01-02 10:15";4.88;"A";76.03;"A";1008.12;"A";172;"A";31;"A";0;"A";9;"A";21;"A";36.1;"A";30.78;"A";22.89;"A"
"2025-01-02 10:30";5.15;"A";75.23;"A";1008.02;"A";178;"A";30;"A";0;"A";10;"A";20;"A";37.64;"A";30.12;"A";22.27;"A"
"2025-01-02 10:45";5.7;"A";71.44;"A";1007.96;"A";189;"A";31;"A";0;"A";10;"A";21;"A";34.89;"A";29.56;"A";21.26;"A"
"2025-01-02 11:00";6.58;"A";67.16;"A";1007.74;"A";182;"A";30;"A";0;"A";8;"A";22;"A";34.39;"A";28.25;"A";20.95;"A"
"2025-01-02 11:15";7.4;"A";62.94;"A";1007.55;"A";176;"A";30;"A";0;"A";8;"A";22;"A";30.7;"A";25.28;"A";18.83;"A"
"2025-01-02 11:30";7.9;"A";61.29;"A";1007.32;"A";186;"A";32;"A";0;"A";10;"A";23;"A";27.44;"A";22.92;"A";17.35;"A"
"2025-01-02 11:45";8.17;"A";60.57;"A";1007.15;"A";188;"A";32;"A";0;"A";9;"A";23;"A";24.77;"A";21.34;"A";15.88;"A"
"2025-01-02 12:00";8.48;"A";59.99;"A";1006.82;"A";194;"A";32;"A";0;"A";8;"A";24;"A";25.36;"A";20.45;"A";15.3;"A"
"2025-01-02 12:15";9.25;"A";58.14;"A";1006.64;"A";179;"A";33;"A";0;"A";8;"A";25;"A";24.08;"A";19.34;"A";14.6;"A"
"2025-01-02 12:30";9.89;"A";56.25;"A";1006.36;"A";189;"A";31;"A";0;"A";6;"A";25;"A";22.71;"A";18.4;"A";13.89;"A"
"2025-01-02 12:45";9.91;"A";56.04;"A";1006.27;"A";183;"A";34;"A";0;"A";9;"A";25;"A";23.05;"A";18.45;"A";13.64;"A"
"2025-01-02 13:00";10.01;"A";56.81;"A";1006.05;"A";183;"A";34;"A";0;"A";9;"A";25;"A";22.51;"A";17.66;"A";13.05;"A"
"2025-01-02 13:15";10.31;"A";56.64;"A";1005.82;"A";179;"A";33;"A";0;"A";8;"A";25;"A";21.39;"A";17.25;"A";12.81;"A"
"2025-01-02 13:30";10.07;"A";58.3;"A";1005.64;"A";175;"A";34;"A";0;"A";8;"A";26;"A";21.21;"A";16.46;"A";12.59;"A"
"2025-01-02 13:45";10.1;"A";58.87;"A";1005.36;"A";165;"A";35;"A";0;"A";8;"A";27;"A";20.51;"A";16.18;"A";12.11;"A"
"2025-01-02 14:00";10.13;"A";59.26;"A";1005.12;"A";158;"A";34;"A";0;"A";7;"A";27;"A";22.51;"A";17.66;"A";12.84;"A"
"2025-01-02 14:15";10.57;"A";57.74;"A";1005.05;"A";148;"A";33;"A";0;"A";7;"A";26;"A";20.09;"A";15.73;"A";11.99;"A"
"2025-01-02 14:30";10.69;"A";57.75;"A";1004.85;"A";144;"A";33;"A";0;"A";6;"A";27;"A";19.02;"A";14.07;"A";10.45;"A"
"2025-01-02 14:45";10.86;"A";58.29;"A";1004.83;"A";138;"A";34;"A";0;"A";8;"A";26;"A";18.31;"A";14.16;"A";10.27;"A"
"2025-01-02 15:00";10.65;"A";58.78;"A";1004.84;"A";148;"A";35;"A";0;"A";7;"A";28;"A";17.98;"A";13.45;"A";9.95;"A"
"2025-01-02 15:15";10.19;"A";60.71;"A";1004.72;"A";152;"A";36;"A";0;"A";9;"A";27;"A";16.72;"A";12.36;"A";8.85;"A"
"2025-01-02 15:30";9.79;"A";63.32;"A";1004.58;"A";165;"A";35;"A";0;"A";9;"A";26;"A";17.58;"A";12.57;"A";9.21;"A"
"2025-01-02 15:45";9.55;"A";64.94;"A";1004.65;"A";161;"A";35;"A";0;"A";9;"A";26;"A";19.17;"A";14;"A";10.59;"A"
"2025-01-02 16:00";9.23;"A";65.29;"A";1004.4;"A";160;"A";35;"A";0;"A";9;"A";26;"A";19.04;"A";14.73;"A";10.81;"A"
"2025-01-02 16:15";8.96;"A";66.41;"A";1004.34;"A";146;"A";35;"A";0;"A";10;"A";25;"A";20.15;"A";15.72;"A";11.52;"A"
"2025-01-02 16:30";8.56;"A";69.46;"A";1004.24;"A";158;"A";35;"A";0;"A";9;"A";25;"A";22.37;"A";17.49;"A";13.19;"A"
"2025-01-02 16:45";8.29;"A";70.16;"A";1004.26;"A";180;"A";34;"A";0;"A";9;"A";25;"A";25.01;"A";19.72;"A";14.25;"A"
"2025-01-02 17:00";8.02;"A";71.89;"A";1004.19;"A";162;"A";34;"A";0;"A";9;"A";25;"A";21.48;"A";16.54;"A";12.42;"A"
"2025-01-02 17:15";7.78;"A";72.76;"A";1003.95;"A";171;"A";34;"A";0;"A";10;"A";25;"A";22.28;"A";17.67;"A";13.18;"A"
"2025-01-02 17:30";7.49;"A";73.37;"A";1003.93;"A";153;"A";34;"A";0;"A";10;"A";24;"A";24.87;"A";18.36;"A";13.22;"A"
"2025-01-02 17:45";7.26;"A";73.36;"A";1003.8;"A";144;"A";34;"A";0;"A";9;"A";26;"A";24.68;"A";18.01;"A";13.5;"A"
"2025-01-02 18:00";7.1;"A";73.58;"A";1003.84;"A";147;"A";34;"A";0;"A";9;"A";25;"A";28.82;"A";21.2;"A";15.38;"A"
"2025-01-02 18:15";6.81;"A";74.19;"A";1003.62;"A";139;"A";34;"A";0;"A";9;"A";25;"A";25.58;"A";19.82;"A";14.74;"A"
"2025-01-02 18:30";6.51;"A";75.11;"A";1003.57;"A";134;"A";33;"A";0;"A";8;"A";25;"A";28.49;"A";20.8;"A";15.23;"A"
"2025-01-02 18:45";6.24;"A";75.1;"A";1003.65;"A";137;"A";33;"A";0;"A";9;"A";24;"A";29.71;"A";22.46;"A";16.64;"A"
"2025-01-02 19:00";6.12;"A";73.91;"A";1003.72;"A";145;"A";33;"A";0;"A";8;"A";25;"A";29.11;"A";23.49;"A";17.22;"A"
"2025-01-02 19:15";5.93;"A";74.09;"A";1003.66;"A";146;"A";33;"A";0;"A";8;"A";25;"A";30.76;"A";24.63;"A";17.88;"A"
"2025-01-02 19:30";5.79;"A";74.15;"A";1003.6;"A";145;"A";33;"A";0;"A";8;"A";25;"A";30.55;"A";23.69;"A";17.8;"A"
"2025-01-02 19:45";5.58;"A";74.48;"A";1003.53;"A";153;"A";32;"A";0;"A";8;"A";24;"A";33.5;"A";26.67;"A";19.71;"A"
"2025-01-02 20:00";5.52;"A";73.69;"A";1003.44;"A";157;"A";32;"A";0;"A";8;"A";24;"A";34.97;"A";27.85;"A";20.53;"A"
"2025-01-02 20:15";5.51;"A";73.85;"A";1003.16;"A";155;"A";33;"A";0;"A";8;"A";25;"A";31.24;"A";25.19;"A";19.1;"A"
"2025-01-02 20:30";5.34;"A";74.68;"A";1003.23;"A";154;"A";32;"A";0;"A";9;"A";24;"A";34.96;"A";27.52;"A";19.91;"A"
"2025-01-02 20:45";5.18;"A";75.1;"A";1003.17;"A";150;"A";33;"A";0;"A";10;"A";23;"A";33.27;"A";27.38;"A";19.96;"A"
"2025-01-02 21:00";5.13;"A";75.25;"A";1003.18;"A";144;"A";32;"A";0;"A";9;"A";23;"A";34.48;"A";27.12;"A";20.16;"A"
"2025-01-02 21:15";5.08;"A";75.56;"A";1002.99;"A";135;"A";33;"A";0;"A";11;"A";22;"A";30.63;"A";24.27;"A";18.02;"A"
"2025-01-02 21:30";5.07;"A";76.14;"A";1002.94;"A";127;"A";32;"A";0;"A";10;"A";23;"A";30.33;"A";24.16;"A";17.6;"A"
"2025-01-02 21:45";5.17;"A";76.07;"A";1002.85;"A";114;"A";33;"A";0;"A";8;"A";24;"A";28.36;"A";21.03;"A";15.12;"A"
"2025-01-02 22:00";5.12;"A";76.56;"A";1002.82;"A";108;"A";32;"A";0;"A";9;"A";24;"A";26.95;"A";20.81;"A";14.98;"A"
"2025-01-02 22:15";5.15;"A";77.09;"A";1002.76;"A";101;"A";33;"A";0;"A";9;"A";24;"A";25.35;"A";19.78;"A";14.68;"A"
"2025-01-02 22:30";5.19;"A";77.13;"A";1002.65;"A";94;"A";33;"A";0;"A";8;"A";24;"A";23.34;"A";18;"A";13.39;"A"
"2025-01-02 22:45";5.28;"A";77.61;"A";1002.61;"A";93;"A";33;"A";0;"A";9;"A";24;"A";23.23;"A";18.09;"A";13.36;"A"
"2025-01-02 23:00";5.18;"A";78.4;"A";1002.66;"A";95;"A";33;"A";0;"A";8;"A";24;"A";25.83;"A";19.31;"A";13.89;"A"
"2025-01-02 23:15";5.06;"A";80.34;"A";1002.84;"A";106;"A";33;"A";0;"A";9;"A";24;"A";24.27;"A";17.17;"A";12.51;"A"
"2025-01-02 23:30";4.84;"A";82.19;"A";1002.61;"A";96;"A";33;"A";0;"A";9;"A";24;"A";20.73;"A";14.94;"A";14.03;"A"
"2025-01-02 23:45";4.69;"A";83.73;"A";1002.5;"A";85;"A";33;"A";0;"A";9;"A";24;"A";19.73;"A";14.21;"A";13.33;"A"
"2025-01-03 00:00";4.49;"A";85.41;"A";1002.39;"A";94;"A";32;"A";0;"A";9;"A";23;"A";20.54;"A";14.8;"A";13.89;"A"
"2025-01-03 00:15";4.5;"A";85.92;"A";1002.22;"A";91;"A";32;"A";0;"A";9;"A";23;"A";22.44;"A";16.19;"A";15.22;"A"
"2025-01-03 00:30";4.47;"A";86.4;"A";1002.13;"A";83;"A";31;"A";0;"A";8;"A";23;"A";20.11;"A";14.48;"A";13.59;"A"
"2025-01-03 00:45";4.36;"A";87.02;"A";1001.9;"A";73;"A";32;"A";0;"A";9;"A";23;"A";20.52;"A";14.79;"A";13.88;"A"
"2025-01-03 01:00";4.26;"A";87.71;"A";1001.72;"A";77;"A";31;"A";0;"A";8;"A";23;"A";22.25;"A";16.05;"A";15.09;"A"
"2025-01-03 01:15";4.19;"A";88.07;"A";1001.67;"A";80;"A";31;"A";0;"A";7;"A";24;"A";22.5;"A";16.23;"A";15.26;"A"
"2025-01-03 01:30";4.17;"A";87.96;"A";1001.69;"A";87;"A";31;"A";0;"A";7;"A";23;"A";23.83;"A";17.21;"A";16.2;"A"
"2025-01-03 01:45";4.08;"A";88.11;"A";1001.78;"A";93;"A";31;"A";0;"A";9;"A";22;"A";25.7;"A";18.58;"A";17.5;"A"
"2025-01-03 02:00";4.11;"A";88.28;"A";1001.88;"A";84;"A";31;"A";0;"A";9;"A";22;"A";23.89;"A";17.25;"A";16.24;"A"
"2025-01-03 02:15";4.03;"A";87.78;"A";1001.84;"A";86;"A";30;"A";0;"A";9;"A";21;"A";23.65;"A";17.08;"A";16.07;"A"
"2025-01-03 02:30";3.94;"A";87.44;"A";1001.88;"A";83;"A";31;"A";0;"A";10;"A";20;"A";24.86;"A";17.97;"A";16.92;"A"
"2025-01-03 02:45";3.8;"A";86.81;"A";1001.71;"A";87;"A";30;"A";0;"A";9;"A";21;"A";25.67;"A";18.56;"A";17.49;"A"
"2025-01-03 03:00";3.67;"A";86.93;"A";1001.51;"A";95;"A";30;"A";0;"A";9;"A";21;"A";26.14;"A";18.9;"A";17.82;"A"
"2025-01-03 03:15";3.62;"A";86.42;"A";1001.17;"A";94;"A";30;"A";0;"A";9;"A";21;"A";27.71;"A";20.05;"A";18.91;"A"
"2025-01-03 03:30";3.39;"A";87.11;"A";1001.12;"A";107;"A";29;"A";0;"A";10;"A";20;"A";26.8;"A";19.38;"A";18.27;"A"
"2025-01-03 03:45";3.14;"A";88.08;"A";1001.04;"A";90;"A";29;"A";0;"A";8;"A";21;"A";29.3;"A";21.22;"A";20.03;"A"
"2025-01-03 04:00";3.05;"A";88.19;"A";1000.87;"A";97;"A";29;"A";0;"A";9;"A";20;"A";30.66;"A";22.21;"A";20.98;"A"
"2025-01-03 04:15";3;"A";88.12;"A";1000.75;"A";99;"A";29;"A";0;"A";11;"A";18;"A";29.4;"A";21.29;"A";20.1;"A"
"2025-01-03 04:30";2.98;"A";88.17;"A";1000.51;"A";87;"A";28;"A";0;"A";9;"A";19;"A";28.41;"A";20.56;"A";19.4;"A"
"2025-01-03 04:45";2.97;"A";88.35;"A";1000.25;"A";84;"A";29;"A";0;"A";7;"A";21;"A";28.17;"A";20.39;"A";19.23;"A"
"2025-01-03 05:00";2.97;"A";88.22;"A";1000.26;"A";85;"A";28;"A";0;"A";8;"A";20;"A";29.12;"A";21.09;"A";19.9;"A"
"2025-01-03 05:15";2.75;"A";88.77;"A";1000.28;"A";112;"A";28;"A";0;"A";10;"A";19;"A";32.61;"A";23.64;"A";22.34;"A"
"2025-01-03 05:30";2.71;"A";89.1;"A";1000.24;"A";108;"A";29;"A";0;"A";10;"A";20;"A";29.28;"A";21.2;"A";20.01;"A"
"2025-01-03 05:45";2.64;"A";89.49;"A";1000.31;"A";109;"A";30;"A";0;"A";11;"A";19;"A";31.29;"A";22.67;"A";21.42;"A"
"2025-01-03 06:00";2.69;"A";89.15;"A";1000.21;"A";105;"A";30;"A";0;"A";11;"A";19;"A";30.67;"A";22.22;"A";20.98;"A"
"2025-01-03 06:15";2.72;"A";88.75;"A";1000.2;"A";129;"A";30;"A";0;"A";13;"A";17;"A";30.68;"A";22.23;"A";20.99;"A"
"2025-01-03 06:30";2.78;"A";88.17;"A";1000.1;"A";130;"A";30;"A";0;"A";13;"A";17;"A";30.41;"A";22.03;"A";20.8;"A"
"2025-01-03 06:45";2.74;"A";88.1;"A";999.98;"A";125;"A";30;"A";0;"A";14;"A";16;"A";28.43;"A";20.58;"A";19.42;"A"
"2025-01-03 07:00";2.69;"A";87.86;"A";1000.13;"A";142;"A";30;"A";0;"A";14;"A";16;"A";30.1;"A";21.8;"A";20.59;"A"
"2025-01-03 07:15";2.72;"A";86.9;"A";1000.29;"A";160;"A";30;"A";0;"A";15;"A";15;"A";33.53;"A";24.32;"A";22.99;"A"
"2025-01-03 07:30";2.62;"A";86.83;"A";1000.26;"A";125;"A";29;"A";0;"A";11;"A";17;"A";31.28;"A";22.66;"A";21.41;"A"
"2025-01-03 07:45";2.42;"A";86.92;"A";1000.11;"A";125;"A";29;"A";0;"A";10;"A";18;"A";31.9;"A";23.12;"A";21.84;"A"
"2025-01-03 08:00";2.3;"A";86.92;"A";1000.17;"A";180;"A";29;"A";0;"A";13;"A";16;"A";37.26;"A";27.05;"A";25.6;"A"
"2025-01-03 08:15";2.12;"A";87.14;"A";1000.02;"A";155;"A";28;"A";0;"A";12;"A";16;"A";35.53;"A";25.78;"A";24.39;"A"
"2025-01-03 08:30";2.27;"A";85.9;"A";999.72;"A";204;"A";28;"A";0;"A";13;"A";15;"A";37.89;"A";27.51;"A";26.04;"A"
"2025-01-03 08:45";2.41;"A";85.45;"A";999.73;"A";183;"A";30;"A";0;"A";17;"A";13;"A";36.7;"A";26.64;"A";25.2;"A"
"2025-01-03 09:00";2.35;"A";86.05;"A";1000.19;"A";188;"A";30;"A";0;"A";18;"A";12;"A";39.62;"A";28.78;"A";27.25;"A"
"2025-01-03 09:15";2.35;"A";85.66;"A";1000.08;"A";186;"A";28;"A";0;"A";12;"A";16;"A";34.61;"A";25.11;"A";23.74;"A"
"2025-01-03 09:30";2.45;"A";85.71;"A";1000.2;"A";173;"A";28;"A";0;"A";11;"A";16;"A";37.11;"A";26.94;"A";25.49;"A"
"2025-01-03 09:45";2.65;"A";84.96;"A";1000.38;"A";171;"A";28;"A";0;"A";11;"A";17;"A";42.46;"A";30.86;"A";29.24;"A"
"2025-01-03 10:00";2.94;"A";83.46;"A";1000.76;"A";162;"A";28;"A";0;"A";11;"A";16;"A";40.15;"A";29.17;"A";27.62;"A"
"2025-01-03 10:15";3.11;"A";82.37;"A";1000.88;"A";145;"A";28;"A";0;"A";9;"A";18;"A";40.85;"A";31.15;"A";26.56;"A"
"2025-01-03 10:30";3.26;"A";81.4;"A";1000.61;"A";150;"A";29;"A";0;"A";10;"A";18;"A";39.58;"A";33.72;"A";25.33;"A"
"2025-01-03 10:45";3.43;"A";80.9;"A";1000.43;"A";165;"A";28;"A";0;"A";12;"A";17;"A";43.49;"A";35.53;"A";26.06;"A"
"2025-01-03 11:00";3.71;"A";79.96;"A";1000.4;"A";172;"A";29;"A";0;"A";12;"A";17;"A";44.02;"A";35.19;"A";25.91;"A"
"2025-01-03 11:15";3.98;"A";78.55;"A";1000.34;"A";186;"A";30;"A";0;"A";13;"A";17;"A";40.78;"A";33.94;"A";25.04;"A"
"2025-01-03 11:30";4.19;"A";78.26;"A";1000.2;"A";163;"A";29;"A";0;"A";11;"A";18;"A";38.36;"A";32.34;"A";24.61;"A"
"2025-01-03 11:45";4.68;"A";76.84;"A";1000.11;"A";167;"A";28;"A";0;"A";10;"A";18;"A";34.72;"A";29.46;"A";22.5;"A"
"2025-01-03 12:00";4.68;"A";76.45;"A";1000.03;"A";156;"A";29;"A";0;"A";10;"A";19;"A";33.99;"A";28.68;"A";21.67;"A"
"2025-01-03 12:15";4.78;"A";77.34;"A";999.91;"A";157;"A";30;"A";0;"A";10;"A";19;"A";34.54;"A";29.28;"A";22.38;"A"
"2025-01-03 12:30";4.94;"A";77.21;"A";999.58;"A";165;"A";29;"A";0;"A";10;"A";20;"A";37.63;"A";31.83;"A";23.5;"A"
"2025-01-03 12:45";5.11;"A";76.58;"A";999.35;"A";192;"A";30;"A";0;"A";11;"A";19;"A";40.23;"A";32.69;"A";23.98;"A"
"2025-01-03 13:00";5.23;"A";76.32;"A";999.12;"A";178;"A";31;"A";0;"A";12;"A";19;"A";39.49;"A";30.86;"A";23.23;"A"
"2025-01-03 13:15";5.38;"A";76.02;"A";998.8;"A";192;"A";31;"A";0;"A";12;"A";19;"A";48.91;"A";39.84;"A";29.21;"A"
"2025-01-03 13:30";5.6;"A";75.68;"A";998.92;"A";195;"A";31;"A";0;"A";12;"A";20;"A";44.02;"A";33.57;"A";24.7;"A"
"2025-01-03 13:45";5.86;"A";76.24;"A";999.07;"A";239;"A";31;"A";0;"A";12;"A";19;"A";42.15;"A";35.97;"A";26.88;"A"
"2025-01-03 14:00";6.04;"A";75.62;"A";999.09;"A";214;"A";31;"A";0;"A";11;"A";20;"A";39.16;"A";32.29;"A";24.35;"A"
"2025-01-03 14:15";6.15;"A";75.91;"A";998.89;"A";201;"A";31;"A";0;"A";11;"A";19;"A";40.6;"A";32.95;"A";24.81;"A"
"2025-01-03 14:30";6.17;"A";76.66;"A";998.87;"A";225;"A";31;"A";0;"A";13;"A";18;"A";45.4;"A";36.46;"A";26.54;"A"
"2025-01-03 14:45";6.16;"A";77.67;"A";998.86;"A";268;"A";33;"A";0;"A";17;"A";16;"A";49.69;"A";40.29;"A";30.15;"A"
"2025-01-03 15:00";6.13;"A";78.21;"A";998.83;"A";308;"A";32;"A";0;"A";19;"A";14;"A";73.44;"A";60.34;"A";43.08;"A"
"2025-01-03 15:15";6.02;"A";79.19;"A";998.91;"A";420;"A";33;"A";0;"A";22;"A";11;"A";77.58;"A";63.1;"A";46.32;"A"
"2025-01-03 15:30";5.87;"A";80.56;"A";998.82;"A";409;"A";33;"A";0;"A";24;"A";9;"A";64.16;"A";51.07;"A";37.96;"A"
"2025-01-03 15:45";5.66;"A";81.32;"A";998.72;"A";380;"A";35;"A";0;"A";27;"A";8;"A";61.97;"A";49.92;"A";36.59;"A"
"2025-01-03 16:00";5.55;"A";81.43;"A";998.63;"A";429;"A";34;"A";0;"A";27;"A";7;"A";65;"A";52.42;"A";38.43;"A"
"2025-01-03 16:15";5.4;"A";81.86;"A";998.81;"A";385;"A";34;"A";0;"A";28;"A";6;"A";61.78;"A";50.49;"A";37.49;"A"
"2025-01-03 16:30";5.44;"A";81.65;"A";998.55;"A";457;"A";35;"A";0;"A";29;"A";6;"A";57.66;"A";46.73;"A";34.44;"A"
"2025-01-03 16:45";5.54;"A";80.25;"A";998.45;"A";480;"A";33;"A";0;"A";25;"A";8;"A";54.47;"A";45.71;"A";35.03;"A"
"2025-01-03 17:00";5.66;"A";78.19;"A";998.33;"A";412;"A";34;"A";0;"A";24;"A";10;"A";60.66;"A";51.64;"A";38.58;"A"
"2025-01-03 17:15";5.74;"A";78.77;"A";998.25;"A";304;"A";34;"A";0;"A";28;"A";7;"A";42.19;"A";35.24;"A";26.38;"A"
"2025-01-03 17:30";5.65;"A";79.81;"A";998.06;"A";274;"A";34;"A";0;"A";26;"A";8;"A";41.18;"A";35.05;"A";25.99;"A"
"2025-01-03 17:45";5.72;"A";80.68;"A";998.02;"A";270;"A";35;"A";0;"A";28;"A";7;"A";40.89;"A";31.72;"A";24.21;"A"
"2025-01-03 18:00";5.64;"A";81.06;"A";997.98;"A";271;"A";35;"A";0;"A";28;"A";6;"A";44.34;"A";35.35;"A";26.59;"A"
"2025-01-03 18:15";5.41;"A";82.25;"A";998.39;"A";494;"A";34;"A";0;"A";30;"A";4;"A";65.62;"A";50.13;"A";43.16;"A"
"2025-01-03 18:30";5.28;"A";83.2;"A";998.62;"A";548;"A";34;"A";0;"A";29;"A";5;"A";70.02;"A";51.05;"A";48.53;"A"
"2025-01-03 18:45";5.31;"A";83.04;"A";998.51;"A";455;"A";33;"A";0;"A";28;"A";6;"A";47.2;"A";34.33;"A";32.56;"A"
"2025-01-03 19:00";5.15;"A";83.84;"A";998.48;"A";305;"A";30;"A";0;"A";22;"A";9;"A";47.19;"A";34.32;"A";32.55;"A"
"2025-01-03 19:15";5.15;"A";84.03;"A";998.47;"A";369;"A";31;"A";0;"A";23;"A";7;"A";49.22;"A";35.81;"A";33.97;"A"
"2025-01-03 19:30";5.05;"A";84.42;"A";998.53;"A";303;"A";29;"A";0;"A";19;"A";10;"A";44.32;"A";32.22;"A";30.54;"A"
"2025-01-03 19:45";4.84;"A";84.32;"A";998.51;"A";285;"A";28;"A";1;"A";15;"A";13;"A";45.65;"A";33.2;"A";31.47;"A"
"2025-01-03 20:00";4.51;"A";85.75;"A";998.32;"A";222;"A";27;"A";1;"A";10;"A";16;"A";39;"A";28.32;"A";26.81;"A"
"2025-01-03 20:15";4.18;"A";87.35;"A";998.28;"A";178;"A";26;"A";1;"A";8;"A";18;"A";35.91;"A";26.06;"A";24.65;"A"
"2025-01-03 20:30";3.86;"A";88.68;"A";998.36;"A";170;"A";26;"A";1;"A";9;"A";17;"A";36.3;"A";26.34;"A";24.92;"A"
"2025-01-03 20:45";3.74;"A";88.14;"A";998.47;"A";162;"A";26;"A";1;"A";11;"A";15;"A";35.47;"A";25.74;"A";24.34;"A"
"2025-01-03 21:00";3.57;"A";88.82;"A";998.78;"A";168;"A";25;"A";1;"A";10;"A";15;"A";36.91;"A";26.79;"A";25.35;"A"
"2025-01-03 21:15";3.39;"A";88.38;"A";998.68;"A";172;"A";26;"A";0;"A";13;"A";13;"A";32.68;"A";23.69;"A";22.39;"A"
"2025-01-03 21:30";3.25;"A";89.14;"A";998.77;"A";174;"A";26;"A";0;"A";16;"A";10;"A";33.51;"A";24.3;"A";22.97;"A"
"2025-01-03 21:45";3.07;"A";88.67;"A";998.8;"A";178;"A";24;"A";1;"A";12;"A";12;"A";30.73;"A";22.27;"A";21.03;"A"
"2025-01-03 22:00";2.78;"A";89.38;"A";998.81;"A";164;"A";24;"A";1;"A";12;"A";13;"A";28.21;"A";20.42;"A";19.26;"A"
"2025-01-03 22:15";2.49;"A";89.83;"A";999.19;"A";192;"A";25;"A";1;"A";15;"A";10;"A";30.41;"A";22.03;"A";20.81;"A"
"2025-01-03 22:30";2.08;"A";90.76;"A";999.45;"A";189;"A";25;"A";0;"A";16;"A";9;"A";27.64;"A";20;"A";18.87;"A"
"2025-01-03 22:45";1.75;"A";91.58;"A";999.57;"A";181;"A";26;"A";0;"A";18;"A";8;"A";24.32;"A";17.57;"A";16.54;"A"
"2025-01-03 23:00";1.66;"A";91.74;"A";999.89;"A";175;"A";27;"A";0;"A";20;"A";7;"A";22.29;"A";16.08;"A";15.12;"A"
"2025-01-03 23:15";1.43;"A";92.86;"A";999.93;"A";166;"A";27;"A";0;"A";20;"A";7;"A";23.4;"A";16.9;"A";15.9;"A"
"2025-01-03 23:30";1.53;"A";92.36;"A";1000.16;"A";174;"A";25;"A";1;"A";14;"A";11;"A";25.57;"A";18.49;"A";17.42;"A"
"2025-01-03 23:45";1.51;"A";92.6;"A";1000.27;"A";191;"A";23;"A";2;"A";8;"A";16;"A";29.43;"A";21.32;"A";20.12;"A"
"2025-01-04 00:00";1.56;"A";92.38;"A";1000.46;"A";176;"A";24;"A";1;"A";7;"A";17;"A";24.13;"A";17.43;"A";16.41;"A"
"2025-01-04 00:15";1.55;"A";92.43;"A";1000.46;"A";140;"A";25;"A";1;"A";7;"A";18;"A";17.57;"A";12.62;"A";11.81;"A"
"2025-01-04 00:30";1.58;"A";92.21;"A";1000.46;"A";129;"A";26;"A";1;"A";7;"A";18;"A";15.89;"A";11.39;"A";10.64;"A"
"2025-01-04 00:45";1.56;"A";92.73;"A";1000.47;"A";130;"A";25;"A";1;"A";6;"A";19;"A";16.54;"A";11.87;"A";11.09;"A"
"2025-01-04 01:00";1.63;"A";92.33;"A";1000.6;"A";131;"A";26;"A";1;"A";6;"A";19;"A";15.79;"A";11.32;"A";10.57;"A"
"2025-01-04 01:15";1.65;"A";91.51;"A";1000.63;"A";121;"A";26;"A";1;"A";6;"A";20;"A";14.38;"A";10.28;"A";9.58;"A"
"2025-01-04 01:30";1.62;"A";91.51;"A";1000.66;"A";105;"A";27;"A";1;"A";6;"A";21;"A";14.23;"A";10.18;"A";9.48;"A"
"2025-01-04 01:45";1.39;"A";92.41;"A";1000.65;"A";108;"A";27;"A";1;"A";6;"A";21;"A";15.53;"A";11.13;"A";10.38;"A"
"2025-01-04 02:00";1.32;"A";91.75;"A";1000.73;"A";112;"A";27;"A";0;"A";7;"A";20;"A";18.85;"A";13.56;"A";12.71;"A"
"2025-01-04 02:15";1.27;"A";90.56;"A";1000.69;"A";93;"A";28;"A";0;"A";6;"A";22;"A";22.47;"A";16.21;"A";15.24;"A"
"2025-01-04 02:30";1.18;"A";90.34;"A";1000.78;"A";89;"A";28;"A";1;"A";6;"A";22;"A";28.64;"A";20.73;"A";19.56;"A"
"2025-01-04 02:45";1.07;"A";90.38;"A";1001.04;"A";89;"A";29;"A";0;"A";6;"A";22;"A";29.52;"A";21.38;"A";20.18;"A"
"2025-01-04 03:00";1;"A";90.1;"A";1001.07;"A";90;"A";28;"A";0;"A";6;"A";22;"A";28.05;"A";20.3;"A";19.15;"A"
"2025-01-04 03:15";0.83;"A";90.15;"A";1001.12;"A";79;"A";29;"A";0;"A";6;"A";23;"A";24.37;"A";17.6;"A";16.57;"A"
"2025-01-04 03:30";0.67;"A";89.77;"A";1001.11;"A";76;"A";29;"A";0;"A";6;"A";23;"A";22.09;"A";15.94;"A";14.98;"A"
"2025-01-04 03:45";0.51;"A";90.22;"A";1000.95;"A";76;"A";30;"A";0;"A";6;"A";23;"A";20.14;"A";14.5;"A";13.61;"A"
"2025-01-04 04:00";0.42;"A";90.21;"A";1000.93;"A";75;"A";29;"A";0;"A";6;"A";23;"A";19.31;"A";13.9;"A";13.03;"A"
"2025-01-04 04:15";0.33;"A";90.16;"A";1001.18;"A";74;"A";29;"A";0;"A";6;"A";23;"A";19.43;"A";13.99;"A";13.12;"A"
"2025-01-04 04:30";0.28;"A";89.27;"A";1001.33;"A";87;"A";29;"A";0;"A";6;"A";23;"A";22.39;"A";16.16;"A";15.19;"A"
"2025-01-04 04:45";0.22;"A";89.63;"A";1001.35;"A";91;"A";30;"A";0;"A";8;"A";22;"A";26.86;"A";19.43;"A";18.32;"A"
"2025-01-04 05:00";0.11;"A";89.13;"A";1001.57;"A";91;"A";29;"A";0;"A";8;"A";21;"A";26.68;"A";19.3;"A";18.19;"A"
"2025-01-04 05:15";-0.08;"A";89.39;"A";1001.83;"A";102;"A";29;"A";0;"A";8;"A";21;"A";26.53;"A";19.18;"A";18.08;"A"
"2025-01-04 05:30";-0.26;"A";88.2;"A";1001.8;"A";104;"A";29;"A";0;"A";8;"A";21;"A";24.08;"A";17.39;"A";16.37;"A"
"2025-01-04 05:45";-0.43;"A";87.31;"A";1001.81;"A";84;"A";30;"A";0;"A";8;"A";22;"A";20.51;"A";14.77;"A";13.87;"A"
"2025-01-04 06:00";-0.52;"A";86.91;"A";1002.04;"A";79;"A";30;"A";0;"A";8;"A";22;"A";19.56;"A";14.08;"A";13.21;"A"
"2025-01-04 06:15";-0.58;"A";87.84;"A";1002.27;"A";91;"A";31;"A";0;"A";9;"A";22;"A";20.22;"A";14.57;"A";13.67;"A"
"2025-01-04 06:30";-0.71;"A";88.17;"A";1002.17;"A";130;"A";30;"A";0;"A";12;"A";18;"A";26.44;"A";19.12;"A";18.03;"A"
"2025-01-04 06:45";-0.88;"A";88.77;"A";1002.54;"A";173;"A";31;"A";0;"A";16;"A";15;"A";32.35;"A";23.45;"A";22.16;"A"
"2025-01-04 07:00";-1.13;"A";88.49;"A";1002.45;"A";165;"A";32;"A";0;"A";18;"A";14;"A";34.39;"A";24.95;"A";23.59;"A"
"2025-01-04 07:15";-1.43;"A";88.84;"A";1002.62;"A";154;"A";31;"A";0;"A";15;"A";15;"A";26.87;"A";19.44;"A";18.32;"A"
"2025-01-04 07:30";-1.61;"A";88.61;"A";1002.48;"A";133;"A";31;"A";0;"A";16;"A";15;"A";23.46;"A";16.94;"A";15.93;"A"
"2025-01-04 07:45";-1.76;"A";89.15;"A";1002.47;"A";123;"A";30;"A";0;"A";16;"A";15;"A";26.21;"A";18.96;"A";17.87;"A"
"2025-01-04 08:00";-1.79;"A";88.71;"A";1002.72;"A";184;"A";32;"A";0;"A";19;"A";13;"A";34.83;"A";25.27;"A";23.9;"A"
"2025-01-04 08:15";-1.78;"A";89.07;"A";1002.86;"A";185;"A";30;"A";0;"A";12;"A";18;"A";40.94;"A";29.74;"A";28.17;"A"
"2025-01-04 08:30";-1.75;"A";89.62;"A";1003.17;"A";172;"A";30;"A";0;"A";14;"A";16;"A";29.38;"A";21.27;"A";20.08;"A"
"2025-01-04 08:45";-1.63;"A";88.41;"A";1003.13;"A";106;"A";30;"A";0;"A";10;"A";20;"A";24.49;"A";17.7;"A";16.66;"A"
"2025-01-04 09:00";-1.45;"A";89.52;"A";1003.17;"A";122;"A";30;"A";0;"A";10;"A";20;"A";28.7;"A";20.78;"A";19.61;"A"
"2025-01-04 09:15";-1.22;"A";88.42;"A";1003.1;"A";108;"A";30;"A";0;"A";9;"A";21;"A";27.36;"A";19.8;"A";18.67;"A"
"2025-01-04 09:30";-0.54;"A";85.71;"A";1003.2;"A";124;"A";29;"A";0;"A";10;"A";19;"A";29.54;"A";21.39;"A";20.19;"A"
"2025-01-04 09:45";-0.13;"A";84.25;"A";1002.88;"A";144;"A";29;"A";0;"A";8;"A";20;"A";34.48;"A";26.07;"A";22.58;"A"
"2025-01-04 10:00";0;"A";84.65;"A";1002.97;"A";150;"A";30;"A";0;"A";10;"A";21;"A";33.7;"A";25.42;"A";22.52;"A"
"2025-01-04 10:15";0.32;"A";83.49;"A";1002.92;"A";156;"A";30;"A";0;"A";9;"A";21;"A";33.25;"A";25.18;"A";22.24;"A"
"2025-01-04 10:30";0.82;"A";81.54;"A";1002.87;"A";165;"A";30;"A";0;"A";9;"A";21;"A";37.8;"A";30.01;"A";23.36;"A"
"2025-01-04 10:45";1.24;"A";77.94;"A";1002.91;"A";132;"A";31;"A";0;"A";8;"A";23;"A";24.98;"A";19.8;"A";14.43;"A"
"2025-01-04 11:00";1.41;"A";76.72;"A";1002.88;"A";104;"A";33;"A";0;"A";10;"A";24;"A";21.69;"A";16.6;"A";12.22;"A"
"2025-01-04 11:15";1.89;"A";74.8;"A";1002.68;"A";126;"A";31;"A";0;"A";7;"A";24;"A";25.11;"A";19.91;"A";14.77;"A"
"2025-01-04 11:30";1.9;"A";73.33;"A";1002.65;"A";112;"A";33;"A";0;"A";8;"A";25;"A";19.83;"A";16.22;"A";11.56;"A"
"2025-01-04 11:45";1.83;"A";74.03;"A";1002.79;"A";101;"A";34;"A";0;"A";9;"A";25;"A";21.32;"A";16.4;"A";11.65;"A"
"2025-01-04 12:00";2.34;"A";73.49;"A";1002.48;"A";110;"A";33;"A";0;"A";7;"A";25;"A";18.72;"A";14.93;"A";10.9;"A"
"2025-01-04 12:15";2.9;"A";67.73;"A";1002.58;"A";95;"A";33;"A";0;"A";6;"A";27;"A";14.54;"A";10.64;"A";8.01;"A"
"2025-01-04 12:30";3.37;"A";66.32;"A";1002.54;"A";97;"A";32;"A";0;"A";6;"A";27;"A";13.39;"A";10.29;"A";7.57;"A"
"2025-01-04 12:45";3.4;"A";66.37;"A";1002.59;"A";133;"A";35;"A";0;"A";9;"A";26;"A";13.44;"A";10.91;"A";7.98;"A"
"2025-01-04 13:00";3.55;"A";66.57;"A";1002.68;"A";142;"A";34;"A";0;"A";7;"A";27;"A";12.4;"A";10.16;"A";7.76;"A"
"2025-01-04 13:15";3.29;"A";67.93;"A";1002.58;"A";141;"A";35;"A";0;"A";7;"A";27;"A";13.26;"A";10.64;"A";7.51;"A"
"2025-01-04 13:30";3.35;"A";67.96;"A";1002.65;"A";119;"A";35;"A";0;"A";7;"A";28;"A";13.32;"A";10.44;"A";7.53;"A"
"2025-01-04 13:45";3.04;"A";69.29;"A";1002.7;"A";111;"A";35;"A";0;"A";6;"A";29;"A";13.61;"A";10.14;"A";7.55;"A"
"2025-01-04 14:00";2.99;"A";70.4;"A";1002.79;"A";119;"A";35;"A";0;"A";7;"A";28;"A";15.94;"A";12.58;"A";8.85;"A"
"2025-01-04 14:15";3.03;"A";70.18;"A";1002.91;"A";132;"A";34;"A";0;"A";6;"A";28;"A";15.62;"A";12.42;"A";9.3;"A"
"2025-01-04 14:30";3.38;"A";68.72;"A";1003.04;"A";110;"A";33;"A";0;"A";6;"A";27;"A";14.94;"A";11.64;"A";8.59;"A"
"2025-01-04 14:45";3.5;"A";67.35;"A";1003.34;"A";104;"A";33;"A";0;"A";7;"A";27;"A";11.34;"A";8.91;"A";6.67;"A"
"2025-01-04 15:00";3.32;"A";68;"A";1003.49;"A";106;"A";35;"A";0;"A";8;"A";27;"A";13.05;"A";9.94;"A";7.6;"A"
"2025-01-04 15:15";3.01;"A";69.45;"A";1003.82;"A";103;"A";35;"A";0;"A";8;"A";27;"A";17.18;"A";13.76;"A";10.12;"A"
"2025-01-04 15:30";2.58;"A";71.48;"A";1004.08;"A";109;"A";35;"A";0;"A";7;"A";27;"A";16.34;"A";13.19;"A";9.82;"A"
"2025-01-04 15:45";2.34;"A";69.71;"A";1004.56;"A";110;"A";34;"A";0;"A";7;"A";27;"A";11.89;"A";9.35;"A";7.09;"A"
"2025-01-04 16:00";2.1;"A";68.24;"A";1004.62;"A";101;"A";34;"A";0;"A";8;"A";26;"A";11.84;"A";9.56;"A";6.6;"A"
"2025-01-04 16:15";1.86;"A";68.52;"A";1004.86;"A";100;"A";36;"A";0;"A";10;"A";26;"A";12.11;"A";9.24;"A";6.67;"A"
"2025-01-04 16:30";1.68;"A";68.67;"A";1005.05;"A";127;"A";38;"A";0;"A";14;"A";24;"A";16.23;"A";13;"A";9.81;"A"
"2025-01-04 16:45";1.55;"A";69.32;"A";1005.4;"A";113;"A";35;"A";0;"A";10;"A";25;"A";13.08;"A";10.11;"A";7.68;"A"
"2025-01-04 17:00";1.61;"A";64.56;"A";1005.62;"A";81;"A";34;"A";0;"A";7;"A";27;"A";10.79;"A";8.42;"A";6.04;"A"
"2025-01-04 17:15";1.6;"A";64.96;"A";1005.88;"A";76;"A";35;"A";0;"A";8;"A";27;"A";10.91;"A";8.41;"A";6.01;"A"
"2025-01-04 17:30";1.44;"A";67.51;"A";1006.04;"A";84;"A";35;"A";0;"A";9;"A";26;"A";10.86;"A";8.23;"A";6.08;"A"
"2025-01-04 17:45";1.18;"A";70.4;"A";1006.24;"A";127;"A";34;"A";0;"A";10;"A";24;"A";18.21;"A";14.23;"A";10.69;"A"
"2025-01-04 18:00";1.07;"A";72.3;"A";1006.44;"A";175;"A";34;"A";0;"A";13;"A";21;"A";31.89;"A";24.3;"A";17.48;"A"
"2025-01-04 18:15";1.07;"A";73.42;"A";1006.76;"A";190;"A";33;"A";0;"A";14;"A";19;"A";27.61;"A";21.5;"A";16.26;"A"
"2025-01-04 18:30";1.2;"A";70.59;"A";1007.08;"A";118;"A";33;"A";0;"A";9;"A";24;"A";15.55;"A";11.83;"A";9.15;"A"
"2025-01-04 18:45";1;"A";70.07;"A";1007.46;"A";108;"A";34;"A";0;"A";9;"A";25;"A";14.45;"A";11.5;"A";8.63;"A"
"2025-01-04 19:00";0.83;"A";68.03;"A";1007.85;"A";84;"A";34;"A";0;"A";7;"A";26;"A";13.08;"A";9.27;"A";6.51;"A"
"2025-01-04 19:15";0.6;"A";68.54;"A";1008;"A";74;"A";35;"A";0;"A";8;"A";26;"A";12.67;"A";8.57;"A";6.03;"A"
"2025-01-04 19:30";0.48;"A";70.5;"A";1008.23;"A";90;"A";35;"A";0;"A";10;"A";25;"A";13.75;"A";9.49;"A";6.81;"A"
"2025-01-04 19:45";0.44;"A";69.01;"A";1008.44;"A";79;"A";34;"A";0;"A";8;"A";26;"A";10.58;"A";7.92;"A";5.63;"A"
"2025-01-04 20:00";0.41;"A";66.04;"A";1008.7;"A";60;"A";34;"A";0;"A";6;"A";27;"A";10.81;"A";7.88;"A";5.3;"A"
"2025-01-04 20:15";0.25;"A";65.76;"A";1008.96;"A";54;"A";34;"A";0;"A";7;"A";27;"A";10.89;"A";7.21;"A";5.09;"A"
"2025-01-04 20:30";0.08;"A";66.57;"A";1009.19;"A";58;"A";34;"A";0;"A";7;"A";27;"A";12.11;"A";7.89;"A";5.76;"A"
"2025-01-04 20:45";-0.04;"A";66.42;"A";1009.26;"A";75;"A";34;"A";0;"A";7;"A";27;"A";12.2;"A";8.71;"A";6.28;"A"
"2025-01-04 21:00";-0.15;"A";68.37;"A";1009.55;"A";75;"A";33;"A";0;"A";7;"A";26;"A";13.65;"A";9.32;"A";6.56;"A"
"2025-01-04 21:15";-0.42;"A";71.75;"A";1009.6;"A";112;"A";33;"A";0;"A";9;"A";24;"A";17.72;"A";13.53;"A";9.63;"A"
"2025-01-04 21:30";-0.62;"A";71.07;"A";1009.86;"A";99;"A";32;"A";0;"A";8;"A";24;"A";17.41;"A";12.65;"A";9.16;"A"
"2025-01-04 21:45";-0.74;"A";70.47;"A";1010.12;"A";78;"A";32;"A";0;"A";7;"A";24;"A";15.46;"A";11.16;"A";8.3;"A"
"2025-01-04 22:00";-0.9;"A";70.42;"A";1010.27;"A";66;"A";32;"A";0;"A";7;"A";25;"A";12.65;"A";8.4;"A";6.11;"A"
"2025-01-04 22:15";-1.1;"A";70.63;"A";1010.3;"A";64;"A";32;"A";0;"A";7;"A";25;"A";15.72;"A";11.33;"A";7.88;"A"
"2025-01-04 22:30";-1.2;"A";70.41;"A";1010.41;"A";70;"A";32;"A";0;"A";7;"A";25;"A";15.08;"A";10.85;"A";7.82;"A"
"2025-01-04 22:45";-1.34;"A";69.9;"A";1010.73;"A";53;"A";32;"A";0;"A";7;"A";26;"A";16.76;"A";11.33;"A";8.46;"A"
"2025-01-04 23:00";-1.51;"A";70.1;"A";1010.79;"A";56;"A";32;"A";0;"A";7;"A";26;"A";13.44;"A";9.91;"A";6.93;"A"
"2025-01-04 23:15";-1.63;"A";70.05;"A";1010.81;"A";51;"A";32;"A";0;"A";6;"A";26;"A";15.42;"A";10.02;"A";7.01;"A"
"2025-01-04 23:30";-1.72;"A";70.33;"A";1011.01;"A";46;"A";32;"A";0;"A";7;"A";25;"A";14.08;"A";9.32;"A";6.68;"A"
"2025-01-04 23:45";-1.84;"A";70.82;"A";1011.14;"A";46;"A";32;"A";0;"A";7;"A";25;"A";11.78;"A";7.73;"A";5.76;"A"
"2025-01-05 00:00";-1.95;"A";71.08;"A";1011.22;"A";46;"A";31;"A";0;"A";7;"A";25;"A";13.65;"A";9.52;"A";6.66;"A"
"2025-01-05 00:15";-2.04;"A";71.44;"A";1011.41;"A";50;"A";31;"A";0;"A";7;"A";25;"A";15.08;"A";10.95;"A";7.79;"A"
"2025-01-05 00:30";-2.17;"A";72.69;"A";1011.39;"A";50;"A";31;"A";0;"A";7;"A";24;"A";12.91;"A";9.51;"A";6.95;"A"
"2025-01-05 00:45";-2.27;"A";73.75;"A";1011.47;"A";49;"A";31;"A";0;"A";7;"A";24;"A";14.37;"A";10.01;"A";7.27;"A"
"2025-01-05 01:00";-2.36;"A";73.99;"A";1011.58;"A";45;"A";31;"A";0;"A";7;"A";24;"A";13.94;"A";9.41;"A";6.82;"A"
"2025-01-05 01:15";-2.39;"A";74.37;"A";1011.78;"A";46;"A";31;"A";0;"A";6;"A";25;"A";15.18;"A";9.98;"A";7.05;"A"
"2025-01-05 01:30";-2.42;"A";74.17;"A";1011.97;"A";44;"A";31;"A";0;"A";6;"A";24;"A";14.08;"A";9.79;"A";7.03;"A"
"2025-01-05 01:45";-2.41;"A";73.5;"A";1012.07;"A";43;"A";30;"A";0;"A";6;"A";24;"A";12.94;"A";9.41;"A";6.87;"A"
"2025-01-05 02:00";-2.59;"A";75.12;"A";1012.27;"A";52;"A";30;"A";0;"A";7;"A";23;"A";15.67;"A";11.76;"A";8.38;"A"
"2025-01-05 02:15";-2.85;"A";75.35;"A";1012.4;"A";66;"A";30;"A";0;"A";7;"A";23;"A";18.86;"A";13.65;"A";10.08;"A"
"2025-01-05 02:30";-2.99;"A";75.66;"A";1012.54;"A";70;"A";30;"A";0;"A";7;"A";22;"A";18.17;"A";13.33;"A";9.35;"A"
"2025-01-05 02:45";-3.18;"A";76.29;"A";1012.69;"A";60;"A";29;"A";0;"A";7;"A";22;"A";21.12;"A";15.16;"A";10.45;"A"
"2025-01-05 03:00";-3.28;"A";76.48;"A";1012.78;"A";57;"A";29;"A";0;"A";7;"A";22;"A";15.81;"A";10.43;"A";8.13;"A"
"2025-01-05 03:15";-3.27;"A";76.89;"A";1012.76;"A";48;"A";29;"A";0;"A";7;"A";22;"A";13.18;"A";9.86;"A";7.21;"A"
"2025-01-05 03:30";-3.33;"A";77.56;"A";1012.85;"A";51;"A";29;"A";0;"A";7;"A";23;"A";15.98;"A";11.23;"A";8.15;"A"
"2025-01-05 03:45";-3.29;"A";77.17;"A";1012.79;"A";51;"A";29;"A";0;"A";7;"A";23;"A";15.13;"A";11.35;"A";8.19;"A"
"2025-01-05 04:00";-3.27;"A";76.42;"A";1012.72;"A";46;"A";30;"A";0;"A";6;"A";23;"A";14.42;"A";10.57;"A";7.6;"A"
"2025-01-05 04:15";-3.32;"A";77.1;"A";1012.87;"A";45;"A";29;"A";0;"A";6;"A";23;"A";14.6;"A";10.67;"A";7.78;"A"
"2025-01-05 04:30";-3.31;"A";76.79;"A";1012.99;"A";44;"A";30;"A";0;"A";6;"A";24;"A";15.48;"A";10.7;"A";7.64;"A"
"2025-01-05 04:45";-3.35;"A";77.03;"A";1013.03;"A";43;"A";30;"A";0;"A";6;"A";23;"A";14.71;"A";10.3;"A";7.41;"A"
"2025-01-05 05:00";-3.42;"A";77.24;"A";1012.93;"A";45;"A";29;"A";0;"A";7;"A";23;"A";13.87;"A";10.94;"A";8.06;"A"
"2025-01-05 05:15";-3.46;"A";77.16;"A";1013.08;"A";47;"A";29;"A";0;"A";7;"A";23;"A";14.12;"A";10.95;"A";8;"A"
"2025-01-05 05:30";-3.54;"A";77.72;"A";1013.22;"A";50;"A";30;"A";0;"A";7;"A";22;"A";15.37;"A";11.96;"A";8.26;"A"
"2025-01-05 05:45";-3.64;"A";78.41;"A";1013.31;"A";57;"A";29;"A";0;"A";8;"A";21;"A";16.31;"A";11.78;"A";8.5;"A"
"2025-01-05 06:00";-3.63;"A";77.91;"A";1013.45;"A";49;"A";29;"A";0;"A";8;"A";21;"A";14.96;"A";10.37;"A";7.7;"A"
"2025-01-05 06:15";-3.71;"A";77.72;"A";1013.57;"A";61;"A";29;"A";0;"A";7;"A";22;"A";20.93;"A";16.53;"A";11.69;"A"
"2025-01-05 06:30";-3.96;"A";78.46;"A";1013.82;"A";122;"A";29;"A";0;"A";10;"A";20;"A";27.03;"A";20.51;"A";14.83;"A"
"2025-01-05 06:45";-4.21;"A";78.72;"A";1013.88;"A";72;"A";29;"A";0;"A";9;"A";20;"A";21.65;"A";15.8;"A";11.44;"A"
"2025-01-05 07:00";-4.55;"A";80.47;"A";1014.15;"A";87;"A";28;"A";0;"A";10;"A";18;"A";26.1;"A";19.22;"A";13.82;"A"
"2025-01-05 07:15";-4.69;"A";80.88;"A";1014.32;"A";91;"A";29;"A";0;"A";13;"A";16;"A";24.89;"A";19.23;"A";14.41;"A"
"2025-01-05 07:30";-4.81;"A";81.03;"A";1014.4;"A";73;"A";28;"A";0;"A";11;"A";17;"A";29.92;"A";22.43;"A";15.96;"A"
"2025-01-05 07:45";-4.93;"A";80.28;"A";1014.41;"A";74;"A";27;"A";0;"A";10;"A";17;"A";19.37;"A";14.42;"A";11.05;"A"
"2025-01-05 08:00";-5.1;"A";81.64;"A";1014.46;"A";100;"A";28;"A";0;"A";13;"A";15;"A";23.32;"A";18.85;"A";13.98;"A"
"2025-01-05 08:15";-5.2;"A";82.26;"A";1014.65;"A";106;"A";27;"A";0;"A";15;"A";12;"A";24.81;"A";19.3;"A";14.1;"A"
"2025-01-05 08:30";-5.1;"A";81.76;"A";1014.7;"A";125;"A";28;"A";0;"A";17;"A";11;"A";26.69;"A";20.92;"A";15.14;"A"
"2025-01-05 08:45";-4.94;"A";81.31;"A";1014.78;"A";134;"A";28;"A";0;"A";16;"A";12;"A";46.42;"A";36.57;"A";27.04;"A"
"2025-01-05 09:00";-4.53;"A";80.06;"A";1015.03;"A";136;"A";28;"A";0;"A";14;"A";14;"A";38.88;"A";31.95;"A";22.74;"A"
"2025-01-05 09:15";-3.94;"A";78.55;"A";1015.18;"A";130;"A";29;"A";0;"A";14;"A";15;"A";32.6;"A";25.78;"A";19.29;"A"
"2025-01-05 09:30";-3.2;"A";74.74;"A";1015.16;"A";82;"A";29;"A";0;"A";14;"A";15;"A";23.18;"A";17.97;"A";12.88;"A"
"2025-01-05 09:45";-2.53;"A";72.73;"A";1015.33;"A";76;"A";29;"A";0;"A";14;"A";15;"A";22.65;"A";17.78;"A";12.53;"A"
"2025-01-05 10:00";-2.52;"A";72.34;"A";1015.45;"A";91;"A";31;"A";0;"A";15;"A";16;"A";29.33;"A";21.65;"A";15.65;"A"
"2025-01-05 10:15";-2.2;"A";71.68;"A";1015.39;"A";90;"A";29;"A";0;"A";13;"A";17;"A";22.19;"A";17.26;"A";12.58;"A"
"2025-01-05 10:30";-1.96;"A";70.85;"A";1015.23;"A";87;"A";30;"A";0;"A";10;"A";19;"A";22.46;"A";18.15;"A";13.53;"A"
"2025-01-05 10:45";-1.51;"A";70.08;"A";1015.06;"A";96;"A";31;"A";0;"A";11;"A";19;"A";21.8;"A";17.16;"A";12.81;"A"
"2025-01-05 11:00";-0.75;"A";67.47;"A";1014.81;"A";96;"A";30;"A";0;"A";12;"A";18;"A";26.95;"A";20.4;"A";14.72;"A"
"2025-01-05 11:15";-0.11;"A";66.32;"A";1014.77;"A";121;"A";30;"A";0;"A";15;"A";16;"A";27.12;"A";20.37;"A";15.09;"A"
"2025-01-05 11:30";0.28;"A";64.05;"A";1014.52;"A";159;"A";30;"A";0;"A";12;"A";18;"A";25.03;"A";18.71;"A";13.31;"A"
"2025-01-05 11:45";0.51;"A";64.07;"A";1014.48;"A";192;"A";32;"A";0;"A";13;"A";19;"A";25.46;"A";19.65;"A";13.97;"A"
"2025-01-05 12:00";0.78;"A";63.81;"A";1014.32;"A";110;"A";31;"A";0;"A";9;"A";22;"A";23.37;"A";16.94;"A";12.46;"A"
"2025-01-05 12:15";1.36;"A";60.36;"A";1013.97;"A";120;"A";32;"A";0;"A";10;"A";22;"A";22.1;"A";15.34;"A";11.19;"A"
"2025-01-05 12:30";2.01;"A";58.73;"A";1013.78;"A";102;"A";31;"A";0;"A";9;"A";22;"A";22.29;"A";16.48;"A";11.83;"A"
"2025-01-05 12:45";2.15;"A";57.72;"A";1013.55;"A";115;"A";32;"A";0;"A";11;"A";21;"A";23.22;"A";16.46;"A";11.64;"A"
"2025-01-05 13:00";2.46;"A";54.91;"A";1013.45;"A";96;"A";33;"A";0;"A";8;"A";25;"A";15.44;"A";11.7;"A";8.58;"A"
"2025-01-05 13:15";2.56;"A";53.69;"A";1013.5;"A";96;"A";33;"A";0;"A";7;"A";26;"A";15.14;"A";10.87;"A";8.01;"A"
"2025-01-05 13:30";2.53;"A";51.82;"A";1013.44;"A";129;"A";34;"A";0;"A";7;"A";27;"A";13.64;"A";9.67;"A";6.99;"A"
"2025-01-05 13:45";2.45;"A";50.54;"A";1013.45;"A";157;"A";36;"A";0;"A";8;"A";28;"A";12.97;"A";9.2;"A";6.45;"A"
"2025-01-05 14:00";2.33;"A";51.98;"A";1013.41;"A";90;"A";36;"A";0;"A";9;"A";26;"A";15.48;"A";10.58;"A";7.44;"A"
"2025-01-05 14:15";2.45;"A";52.37;"A";1013.35;"A";89;"A";33;"A";0;"A";7;"A";26;"A";12.23;"A";8.78;"A";6.51;"A"
"2025-01-05 14:30";2.83;"A";52.1;"A";1013.36;"A";96;"A";33;"A";0;"A";8;"A";25;"A";12.33;"A";8.9;"A";6.4;"A"
"2025-01-05 14:45";2.72;"A";51.33;"A";1013.4;"A";95;"A";33;"A";0;"A";8;"A";25;"A";13.92;"A";10.16;"A";6.87;"A"
"2025-01-05 15:00";2.74;"A";49.9;"A";1013.34;"A";94;"A";35;"A";0;"A";11;"A";24;"A";14.44;"A";8.52;"A";5.91;"A"
"2025-01-05 15:15";2.11;"A";51.67;"A";1013.3;"A";102;"A";36;"A";0;"A";12;"A";24;"A";11.5;"A";7.89;"A";5.72;"A"
"2025-01-05 15:30";1.87;"A";52;"A";1013.33;"A";86;"A";36;"A";0;"A";11;"A";24;"A";14.43;"A";10.85;"A";7.66;"A"
"2025-01-05 15:45";1.26;"A";54.32;"A";1013.16;"A";122;"A";35;"A";0;"A";11;"A";24;"A";17.58;"A";11.72;"A";8.79;"A"
"2025-01-05 16:00";0.91;"A";56.22;"A";1013.14;"A";141;"A";34;"A";0;"A";11;"A";23;"A";15.6;"A";11.03;"A";8.45;"A"
"2025-01-05 16:15";0.61;"A";57.32;"A";1013.25;"A";190;"A";34;"A";0;"A";12;"A";22;"A";26.55;"A";19.9;"A";14.55;"A"
"2025-01-05 16:30";0.18;"A";60.2;"A";1013.2;"A";342;"A";39;"A";0;"A";24;"A";15;"A";64.67;"A";50.08;"A";36.16;"A"
"2025-01-05 16:45";0.01;"A";61.14;"A";1013.21;"A";425;"A";34;"A";0;"A";23;"A";11;"A";116.24;"A";91.46;"A";66.04;"A"
"2025-01-05 17:00";-0.36;"A";63.53;"A";1013.11;"A";451;"A";35;"A";0;"A";26;"A";8;"A";90.08;"A";69.81;"A";50.56;"A"
"2025-01-05 17:15";-0.31;"A";63.19;"A";1013.09;"A";319;"A";36;"A";0;"A";28;"A";8;"A";37.88;"A";28.05;"A";20.02;"A"
"2025-01-05 17:30";-0.26;"A";62.48;"A";1013.12;"A";385;"A";37;"A";0;"A";31;"A";6;"A";46.64;"A";33.09;"A";23.61;"A"
"2025-01-05 17:45";-0.46;"A";64.17;"A";1013.26;"A";251;"A";36;"A";0;"A";27;"A";8;"A";37.75;"A";28.26;"A";20.48;"A"
"2025-01-05 18:00";-0.43;"A";61.46;"A";1013.35;"A";227;"A";36;"A";0;"A";25;"A";11;"A";29.19;"A";21.31;"A";15.15;"A"
"2025-01-05 18:15";-0.6;"A";63.94;"A";1013.33;"A";226;"A";35;"A";0;"A";25;"A";10;"A";41.54;"A";28.72;"A";20.21;"A"
"2025-01-05 18:30";-0.69;"A";63.44;"A";1013.4;"A";237;"A";36;"A";0;"A";28;"A";8;"A";37.23;"A";24.61;"A";17.5;"A"
"2025-01-05 18:45";-0.86;"A";64.85;"A";1013.53;"A";186;"A";34;"A";0;"A";22;"A";12;"A";49.3;"A";32.27;"A";22.94;"A"
"2025-01-05 19:00";-1.02;"A";65.26;"A";1013.42;"A";215;"A";34;"A";0;"A";21;"A";12;"A";43.89;"A";27.5;"A";19.27;"A"
"2025-01-05 19:15";-1.19;"A";66.18;"A";1013.66;"A";167;"A";33;"A";0;"A";19;"A";14;"A";38.26;"A";24.41;"A";17.05;"A"
"2025-01-05 19:30";-1.29;"A";66.18;"A";1013.7;"A";417;"A";32;"A";0;"A";17;"A";16;"A";33.85;"A";22.02;"A";15.21;"A"
"2025-01-05 19:45";-1.47;"A";66.24;"A";1013.7;"A";253;"A";33;"A";0;"A";18;"A";15;"A";63.13;"A";42.49;"A";28.88;"A"
"2025-01-05 20:00";-1.5;"A";66.76;"A";1013.63;"A";209;"A";33;"A";0;"A";20;"A";13;"A";56.55;"A";36.72;"A";25.45;"A"
"2025-01-05 20:15";-1.58;"A";67.25;"A";1013.64;"A";189;"A";32;"A";0;"A";17;"A";15;"A";52.84;"A";34.32;"A";23.41;"A"
"2025-01-05 20:30";-1.83;"A";68.72;"A";1013.5;"A";288;"A";33;"A";0;"A";23;"A";10;"A";60.6;"A";42.4;"A";29.86;"A"
"2025-01-05 20:45";-2.02;"A";68.59;"A";1013.42;"A";246;"A";34;"A";0;"A";23;"A";11;"A";50.23;"A";35.4;"A";25.11;"A"
"2025-01-05 21:00";-2.38;"A";71.41;"A";1013.38;"A";239;"A";32;"A";0;"A";23;"A";9;"A";44.26;"A";31.67;"A";23.17;"A"
"2025-01-05 21:15";-2.75;"A";72.87;"A";1013.37;"A";243;"A";31;"A";0;"A";23;"A";8;"A";47.36;"A";33.4;"A";23.98;"A"
"2025-01-05 21:30";-2.78;"A";71.82;"A";1013.28;"A";232;"A";31;"A";0;"A";23;"A";8;"A";42.55;"A";32.27;"A";23.1;"A"
"2025-01-05 21:45";-2.36;"A";67.61;"A";1013.13;"A";176;"A";32;"A";0;"A";17;"A";14;"A";37.92;"A";28.88;"A";21.18;"A"
"2025-01-05 22:00";-2.34;"A";67.48;"A";1013.03;"A";156;"A";32;"A";0;"A";15;"A";17;"A";35.53;"A";25.47;"A";18.39;"A"
"2025-01-05 22:15";-2.45;"A";67.71;"A";1013.01;"A";151;"A";32;"A";0;"A";14;"A";18;"A";31.4;"A";24.33;"A";17.42;"A"
"2025-01-05 22:30";-2.32;"A";67.17;"A";1012.94;"A";144;"A";31;"A";0;"A";13;"A";18;"A";29.32;"A";20.94;"A";15.02;"A"
"2025-01-05 22:45";-2.41;"A";68.07;"A";1012.99;"A";171;"A";31;"A";0;"A";13;"A";18;"A";22.35;"A";17.3;"A";12.67;"A"
"2025-01-05 23:00";-2.39;"A";68.07;"A";1012.94;"A";106;"A";31;"A";0;"A";12;"A";19;"A";16.49;"A";12.88;"A";9.23;"A"
"2025-01-05 23:15";-2.35;"A";68.69;"A";1012.86;"A";71;"A";32;"A";0;"A";11;"A";21;"A";19.08;"A";13.8;"A";10.24;"A"
"2025-01-05 23:30";-2.32;"A";69.71;"A";1012.76;"A";84;"A";32;"A";0;"A";13;"A";20;"A";32.78;"A";22.99;"A";16.89;"A"
"2025-01-05 23:45";-2.46;"A";70.93;"A";1012.86;"A";88;"A";32;"A";0;"A";12;"A";20;"A";28.32;"A";17.97;"A";13.16;"A"
"2025-01-06 00:00";-2.56;"A";71.66;"A";1012.74;"A";75;"A";32;"A";0;"A";12;"A";19;"A";22.92;"A";15.61;"A";10.97;"A"
"2025-01-06 00:15";-2.43;"A";71.1;"A";1012.78;"A";62;"A";31;"A";0;"A";10;"A";21;"A";19.63;"A";14.47;"A";10.56;"A"
"2025-01-06 00:30";-2.34;"A";71.19;"A";1012.64;"A";82;"A";32;"A";0;"A";11;"A";21;"A";36.31;"A";25.81;"A";19.07;"A"
"2025-01-06 00:45";-2.2;"A";72.32;"A";1012.47;"A";114;"A";32;"A";0;"A";12;"A";20;"A";42.26;"A";31.7;"A";23.08;"A"
"2025-01-06 01:00";-2.12;"A";71.33;"A";1011.98;"A";541;"A";32;"A";0;"A";16;"A";15;"A";62.07;"A";47.7;"A";34.93;"A"
"2025-01-06 01:15";-2.08;"A";69.8;"A";1012.25;"A";576;"A";31;"A";0;"A";10;"A";21;"A";41.94;"A";31.16;"A";23.18;"A"
"2025-01-06 01:30";-2.01;"A";68.33;"A";1012.43;"A";145;"A";31;"A";0;"A";9;"A";22;"A";29.27;"A";22.05;"A";15.51;"A"
"2025-01-06 01:45";-2.17;"A";70.28;"A";1012.31;"A";89;"A";31;"A";0;"A";9;"A";22;"A";29.72;"A";22.22;"A";15.75;"A"
"2025-01-06 02:00";-2.09;"A";70.2;"A";1012.38;"A";77;"A";31;"A";0;"A";7;"A";23;"A";27.31;"A";20.67;"A";14.73;"A"
"2025-01-06 02:15";-1.95;"A";70.62;"A";1012.12;"A";265;"A";32;"A";0;"A";12;"A";20;"A";71.07;"A";55.52;"A";38.91;"A"
"2025-01-06 02:30";-1.79;"A";71.71;"A";1011.82;"A";641;"A";33;"A";0;"A";20;"A";13;"A";58.43;"A";44.92;"A";32.15;"A"
"2025-01-06 02:45";-1.96;"A";73.03;"A";1011.79;"A";388;"A";29;"A";0;"A";8;"A";21;"A";46.58;"A";35.18;"A";25.85;"A"
"2025-01-06 03:00";-2.05;"A";74.21;"A";1011.79;"A";643;"A";30;"A";0;"A";10;"A";20;"A";43.96;"A";33.22;"A";24.45;"A"
"2025-01-06 03:15";-2.03;"A";73.8;"A";1011.56;"A";475;"A";30;"A";0;"A";11;"A";19;"A";37.63;"A";28.05;"A";20.23;"A"
"2025-01-06 03:30";-2.11;"A";74.15;"A";1011.34;"A";455;"A";29;"A";0;"A";6;"A";22;"A";22.6;"A";16.89;"A";11.95;"A"
"2025-01-06 03:45";-2.12;"A";74.6;"A";1011.17;"A";321;"A";29;"A";0;"A";8;"A";21;"A";30.56;"A";22.21;"A";16.09;"A"
"2025-01-06 04:00";-2.04;"A";74.16;"A";1011.14;"A";397;"A";29;"A";0;"A";8;"A";21;"A";33.16;"A";25.79;"A";18.34;"A"
"2025-01-06 04:15";-2.01;"A";73.52;"A";1011.03;"A";477;"A";29;"A";0;"A";7;"A";22;"A";40.84;"A";29.74;"A";22.53;"A"
"2025-01-06 04:30";-1.97;"A";74.25;"A";1010.86;"A";392;"A";30;"A";0;"A";7;"A";23;"A";20.82;"A";15.16;"A";10.85;"A"
"2025-01-06 04:45";-1.93;"A";75.93;"A";1010.65;"A";265;"A";30;"A";0;"A";7;"A";23;"A";42.73;"A";32.49;"A";22.57;"A"
"2025-01-06 05:00";-1.79;"A";76.7;"A";1010.43;"A";194;"A";29;"A";0;"A";7;"A";22;"A";88.51;"A";67.41;"A";46.91;"A"
"2025-01-06 05:15";-1.77;"A";76.66;"A";1010.23;"A";191;"A";29;"A";0;"A";9;"A";20;"A";80.25;"A";61.79;"A";43.68;"A"
"2025-01-06 05:30";-1.72;"A";76.85;"A";1010.15;"A";136;"A";29;"A";0;"A";12;"A";17;"A";78.98;"A";58.26;"A";40.4;"A"
"2025-01-06 05:45";-1.64;"A";76.93;"A";1010.11;"A";121;"A";30;"A";0;"A";12;"A";18;"A";64.9;"A";49.1;"A";34.23;"A"
"2025-01-06 06:00";-1.63;"A";77.72;"A";1010.23;"A";176;"A";30;"A";0;"A";12;"A";18;"A";68.07;"A";52.54;"A";37.08;"A"
"2025-01-06 06:15";-1.64;"A";77.67;"A";1010.07;"A";135;"A";29;"A";0;"A";12;"A";17;"A";43.01;"A";34.17;"A";25;"A"
"2025-01-06 06:30";-1.85;"A";78.93;"A";1010.12;"A";96;"A";28;"A";0;"A";10;"A";18;"A";34.64;"A";27.76;"A";19.81;"A"
"2025-01-06 06:45";-1.88;"A";79.68;"A";1009.97;"A";89;"A";28;"A";0;"A";11;"A";17;"A";43.58;"A";32.52;"A";23.15;"A"
"2025-01-06 07:00";-1.68;"A";80.22;"A";1009.92;"A";93;"A";30;"A";0;"A";13;"A";17;"A";50.49;"A";39.64;"A";28.06;"A"
"2025-01-06 07:15";-1.55;"A";80.81;"A";1009.96;"A";90;"A";29;"A";0;"A";11;"A";18;"A";35.26;"A";25.82;"A";19.38;"A"
"2025-01-06 07:30";-1.29;"A";82.16;"A";1009.86;"A";157;"A";29;"A";0;"A";10;"A";19;"A";25.39;"A";18.35;"A";17.29;"A"
"2025-01-06 07:45";-1.03;"A";81.72;"A";1009.96;"A";157;"A";29;"A";0;"A";7;"A";21;"A";17.21;"A";12.36;"A";11.56;"A"
"2025-01-06 08:00";-0.96;"A";83.1;"A";1010.02;"A";420;"A";29;"A";0;"A";8;"A";22;"A";13.91;"A";9.94;"A";9.25;"A"
"2025-01-06 08:15";-0.83;"A";83.58;"A";1010.03;"A";448;"A";29;"A";0;"A";8;"A";21;"A";15.09;"A";10.68;"A";9.7;"A"
"2025-01-06 08:30";-0.53;"A";82.51;"A";1009.59;"A";343;"A";30;"A";0;"A";7;"A";22;"A";29.28;"A";21.42;"A";19.91;"A"
"2025-01-06 08:45";-0.3;"A";82.35;"A";1009.36;"A";213;"A";30;"A";0;"A";9;"A";21;"A";71.06;"A";51.86;"A";46.85;"A"
"2025-01-06 09:00";-0.05;"A";82.51;"A";1009.39;"A";238;"A";30;"A";0;"A";11;"A";19;"A";69.06;"A";50.34;"A";47.86;"A"
"2025-01-06 09:15";0.29;"A";82.73;"A";1009.39;"A";211;"A";30;"A";0;"A";10;"A";21;"A";43.24;"A";31.43;"A";29.78;"A"
"2025-01-06 09:30";0.66;"A";82.77;"A";1009.28;"A";260;"A";30;"A";0;"A";8;"A";22;"A";27.14;"A";19.64;"A";18.52;"A"
"2025-01-06 09:45";0.94;"A";83.49;"A";1009.18;"A";230;"A";31;"A";0;"A";8;"A";23;"A";29.66;"A";21.48;"A";20.28;"A"
"2025-01-06 10:00";1.17;"A";83.39;"A";1009.24;"A";343;"A";31;"A";0;"A";9;"A";22;"A";19.03;"A";13.69;"A";12.84;"A"
"2025-01-06 10:15";1.43;"A";82.39;"A";1009.16;"A";588;"A";31;"A";0;"A";8;"A";23;"A";21.76;"A";15.7;"A";14.75;"A"
"2025-01-06 10:30";1.71;"A";81.52;"A";1009.06;"A";609;"A";31;"A";0;"A";9;"A";22;"A";26.62;"A";19.25;"A";18.15;"A"
"2025-01-06 10:45";1.89;"A";81.38;"A";1008.72;"A";698;"A";32;"A";0;"A";10;"A";21;"A";19.94;"A";14.36;"A";13.47;"A"
"2025-01-06 11:00";1.92;"A";82.18;"A";1008.32;"A";784;"A";31;"A";0;"A";9;"A";22;"A";21.46;"A";15.48;"A";14.54;"A"
"2025-01-06 11:15";2.08;"A";82.74;"A";1008.07;"A";634;"A";31;"A";0;"A";9;"A";22;"A";18.72;"A";13.47;"A";12.62;"A"
"2025-01-06 11:30";2.13;"A";84.54;"A";1007.83;"A";495;"A";31;"A";0;"A";9;"A";22;"A";20.9;"A";15.06;"A";14.14;"A"
"2025-01-06 11:45";2.27;"A";84.77;"A";1007.7;"A";423;"A";30;"A";0;"A";9;"A";21;"A";19.71;"A";14.19;"A";13.32;"A"
"2025-01-06 12:00";2.4;"A";85.08;"A";1007.49;"A";869;"A";31;"A";0;"A";9;"A";22;"A";15.56;"A";11.15;"A";10.41;"A"
"2025-01-06 12:15";2.54;"A";85.41;"A";1007.25;"A";780;"A";30;"A";0;"A";8;"A";22;"A";14.94;"A";10.69;"A";9.97;"A"
"2025-01-06 12:30";2.69;"A";85.74;"A";1006.99;"A";799;"A";31;"A";0;"A";9;"A";22;"A";14.33;"A";10.25;"A";9.55;"A"
"2025-01-06 12:45";2.82;"A";86.46;"A";1006.74;"A";984;"A";31;"A";0;"A";9;"A";22;"A";16.89;"A";12.13;"A";11.34;"A"
"2025-01-06 13:00";3;"A";86.87;"A";1006.7;"A";972;"A";31;"A";0;"A";8;"A";23;"A";17.83;"A";12.82;"A";12;"A"
"2025-01-06 13:15";3.03;"A";87.79;"A";1006.64;"A";717;"A";31;"A";0;"A";9;"A";22;"A";16.62;"A";11.93;"A";11.15;"A"
"2025-01-06 13:30";3.12;"A";88.64;"A";1006.52;"A";468;"A";31;"A";0;"A";10;"A";21;"A";42.52;"A";30.9;"A";29.28;"A"
"2025-01-06 13:45";3.38;"A";88.85;"A";1006.36;"A";1596;"A";32;"A";0;"A";13;"A";19;"A";41.32;"A";30.03;"A";28.44;"A"
"2025-01-06 14:00";3.5;"A";89.04;"A";1006.3;"A";2704;"A";32;"A";0;"A";13;"A";19;"A";23.77;"A";17.17;"A";16.16;"A"
"2025-01-06 14:15";3.67;"A";89.45;"A";1006.1;"A";525;"A";32;"A";0;"A";13;"A";19;"A";19.03;"A";13.69;"A";12.83;"A"
"2025-01-06 14:30";3.89;"A";89.55;"A";1006.09;"A";496;"A";32;"A";0;"A";13;"A";20;"A";68.61;"A";50.01;"A";47.54;"A"
"2025-01-06 14:45";4.19;"A";90.22;"A";1006.08;"A";2714;"A";33;"A";0;"A";14;"A";20;"A";33.72;"A";24.45;"A";23.12;"A"
"2025-01-06 15:00";4.43;"A";90.31;"A";1006.13;"A";2069;"A";34;"A";0;"A";14;"A";20;"A";15.22;"A";10.9;"A";10.17;"A"
"2025-01-06 15:15";4.61;"A";90.26;"A";1006.13;"A";363;"A";34;"A";0;"A";14;"A";20;"A";26.63;"A";19.26;"A";18.16;"A"
"2025-01-06 15:30";4.72;"A";89.86;"A";1006.12;"A";869;"A";34;"A";0;"A";13;"A";20;"A";30.09;"A";21.79;"A";20.58;"A"
"2025-01-06 15:45";4.78;"A";89.91;"A";1006.07;"A";2320;"A";34;"A";0;"A";16;"A";19;"A";25.42;"A";18.38;"A";17.31;"A"
"2025-01-06 16:00";4.85;"A";89.9;"A";1006.11;"A";468;"A";34;"A";0;"A";15;"A";19;"A";31.32;"A";22.7;"A";21.44;"A"
"2025-01-06 16:15";4.89;"A";90.18;"A";1006.06;"A";2338;"A";34;"A";0;"A";15;"A";19;"A";29.84;"A";21.61;"A";20.4;"A"
"2025-01-06 16:30";4.88;"A";90.54;"A";1006.03;"A";562;"A";35;"A";0;"A";17;"A";18;"A";23.03;"A";16.63;"A";15.64;"A"
"2025-01-06 16:45";5.05;"A";90.74;"A";1006.05;"A";357;"A";34;"A";0;"A";17;"A";18;"A";23.47;"A";16.95;"A";15.95;"A"
"2025-01-06 17:00";5.07;"A";90.86;"A";1006.03;"A";3523;"A";34;"A";0;"A";18;"A";17;"A";32.5;"A";23.57;"A";22.27;"A"
"2025-01-06 17:15";5.18;"A";91.09;"A";1006.05;"A";2094;"A";35;"A";0;"A";17;"A";18;"A";15.57;"A";11.16;"A";10.41;"A"
"2025-01-06 17:30";5.28;"A";91.49;"A";1005.91;"A";315;"A";35;"A";0;"A";16;"A";19;"A";14.17;"A";10.14;"A";9.44;"A"
"2025-01-06 17:45";5.35;"A";92.03;"A";1005.78;"A";298;"A";34;"A";0;"A";14;"A";20;"A";15.47;"A";11.09;"A";10.35;"A"
"2025-01-06 18:00";5.53;"A";91.75;"A";1005.77;"A";500;"A";34;"A";0;"A";13;"A";21;"A";25.92;"A";18.74;"A";17.66;"A"
"2025-01-06 18:15";5.61;"A";91.42;"A";1005.92;"A";1533;"A";34;"A";0;"A";14;"A";20;"A";16.52;"A";11.86;"A";11.08;"A"
"2025-01-06 18:30";5.69;"A";90.93;"A";1005.82;"A";747;"A";35;"A";0;"A";15;"A";20;"A";18.64;"A";13.41;"A";12.56;"A"
"2025-01-06 18:45";5.62;"A";90.52;"A";1005.87;"A";615;"A";35;"A";0;"A";15;"A";20;"A";16.01;"A";11.48;"A";10.72;"A"
"2025-01-06 19:00";5.61;"A";90.66;"A";1005.97;"A";293;"A";33;"A";0;"A";11;"A";22;"A";20.18;"A";14.54;"A";13.64;"A"
"2025-01-06 19:15";5.71;"A";90.54;"A";1006;"A";517;"A";34;"A";0;"A";12;"A";22;"A";29.7;"A";21.51;"A";20.31;"A"
"2025-01-06 19:30";5.76;"A";90.44;"A";1006;"A";471;"A";34;"A";0;"A";13;"A";21;"A";45.17;"A";32.85;"A";31.14;"A"
"2025-01-06 19:45";5.89;"A";90.19;"A";1006.2;"A";466;"A";34;"A";0;"A";12;"A";22;"A";43.16;"A";31.37;"A";29.73;"A"
"2025-01-06 20:00";5.94;"A";90.12;"A";1006.17;"A";459;"A";34;"A";0;"A";11;"A";23;"A";46.65;"A";33.93;"A";32.17;"A"
"2025-01-06 20:15";5.99;"A";89.93;"A";1006.15;"A";472;"A";34;"A";0;"A";10;"A";24;"A";53.7;"A";39.1;"A";37.11;"A"
"2025-01-06 20:30";6.01;"A";90.1;"A";1006.12;"A";477;"A";34;"A";0;"A";11;"A";23;"A";52.08;"A";37.91;"A";35.97;"A"
"2025-01-06 20:45";5.99;"A";90.2;"A";1006.05;"A";420;"A";34;"A";0;"A";12;"A";22;"A";45.15;"A";32.83;"A";31.12;"A"
"2025-01-06 21:00";6.05;"A";90.45;"A";1006.04;"A";391;"A";34;"A";0;"A";11;"A";23;"A";43.58;"A";31.68;"A";30.02;"A"
"2025-01-06 21:15";6.11;"A";90.26;"A";1006.09;"A";262;"A";33;"A";0;"A";8;"A";25;"A";25.01;"A";18.07;"A";17.02;"A"
"2025-01-06 21:30";6.09;"A";90.51;"A";1006.04;"A";193;"A";33;"A";0;"A";7;"A";26;"A";17.06;"A";12.25;"A";11.46;"A"
"2025-01-06 21:45";6.06;"A";90.78;"A";1006.17;"A";127;"A";33;"A";0;"A";6;"A";27;"A";14.39;"A";10.29;"A";9.59;"A"
"2025-01-06 22:00";6.14;"A";90.7;"A";1006.33;"A";114;"A";33;"A";0;"A";7;"A";26;"A";15.56;"A";11.15;"A";10.41;"A"
"2025-01-06 22:15";6.21;"A";90.69;"A";1006.38;"A";110;"A";33;"A";0;"A";7;"A";26;"A";16.37;"A";11.75;"A";10.98;"A"
"2025-01-06 22:30";6.23;"A";90.9;"A";1006.5;"A";128;"A";33;"A";0;"A";7;"A";26;"A";15.63;"A";11.2;"A";10.46;"A"
"2025-01-06 22:45";6.3;"A";91;"A";1006.59;"A";108;"A";33;"A";0;"A";7;"A";27;"A";15.51;"A";11.11;"A";10.37;"A"
"2025-01-06 23:00";6.3;"A";91.11;"A";1006.79;"A";103;"A";33;"A";0;"A";7;"A";27;"A";16.26;"A";11.66;"A";10.9;"A"
"2025-01-06 23:15";6.33;"A";91.25;"A";1006.69;"A";102;"A";33;"A";0;"A";7;"A";26;"A";16.62;"A";11.93;"A";11.15;"A"
"2025-01-06 23:30";6.39;"A";91.27;"A";1006.71;"A";99;"A";33;"A";0;"A";6;"A";26;"A";17.28;"A";12.41;"A";11.61;"A"
"2025-01-06 23:45";6.43;"A";91.1;"A";1006.75;"A";98;"A";33;"A";0;"A";6;"A";26;"A";17.74;"A";12.75;"A";11.94;"A"
"2025-01-07 00:00";6.5;"A";91.04;"A";1006.71;"A";100;"A";33;"A";0;"A";6;"A";27;"A";18.32;"A";13.18;"A";12.34;"A"
"2025-01-07 00:15";6.58;"A";91.18;"A";1006.72;"A";97;"A";33;"A";0;"A";6;"A";27;"A";19.36;"A";13.94;"A";13.07;"A"
"2025-01-07 00:30";6.62;"A";91.01;"A";1006.47;"A";96;"A";33;"A";0;"A";6;"A";27;"A";20.05;"A";14.44;"A";13.55;"A"
"2025-01-07 00:45";6.63;"A";90.91;"A";1006.51;"A";95;"A";32;"A";0;"A";6;"A";26;"A";21.03;"A";15.16;"A";14.24;"A"
"2025-01-07 01:00";6.57;"A";90.93;"A";1006.74;"A";93;"A";32;"A";0;"A";7;"A";26;"A";21.8;"A";15.73;"A";14.78;"A"
"2025-01-07 01:15";6.5;"A";91.08;"A";1006.78;"A";91;"A";32;"A";0;"A";7;"A";26;"A";22.91;"A";16.53;"A";15.55;"A"
"2025-01-07 01:30";6.5;"A";91.3;"A";1006.9;"A";95;"A";32;"A";0;"A";7;"A";25;"A";26.52;"A";19.18;"A";18.08;"A"
"2025-01-07 01:45";6.55;"A";91.27;"A";1007.01;"A";100;"A";31;"A";0;"A";7;"A";25;"A";26.47;"A";19.14;"A";18.04;"A"
"2025-01-07 02:00";6.61;"A";91.25;"A";1007.07;"A";101;"A";31;"A";0;"A";7;"A";25;"A";28.24;"A";20.44;"A";19.29;"A"
"2025-01-07 02:15";6.7;"A";91.11;"A";1006.98;"A";99;"A";31;"A";0;"A";7;"A";24;"A";30.2;"A";21.88;"A";20.65;"A"
"2025-01-07 02:30";6.77;"A";91.07;"A";1006.96;"A";101;"A";31;"A";0;"A";7;"A";24;"A";32.29;"A";23.41;"A";22.12;"A"
"2025-01-07 02:45";6.88;"A";91.09;"A";1006.95;"A";108;"A";32;"A";0;"A";8;"A";24;"A";33.86;"A";24.56;"A";23.22;"A"
"2025-01-07 03:00";7.01;"A";90.87;"A";1006.75;"A";105;"A";31;"A";0;"A";7;"A";24;"A";34.51;"A";25.03;"A";23.67;"A"
"2025-01-07 03:15";7.14;"A";90.46;"A";1006.68;"A";104;"A";31;"A";0;"A";7;"A";24;"A";33.81;"A";24.52;"A";23.18;"A"
"2025-01-07 03:30";7.16;"A";90.51;"A";1006.59;"A";103;"A";31;"A";0;"A";7;"A";24;"A";34.39;"A";24.95;"A";23.59;"A"
"2025-01-07 03:45";7.2;"A";90.3;"A";1006.55;"A";105;"A";31;"A";0;"A";7;"A";24;"A";35;"A";25.4;"A";24.02;"A"
"2025-01-07 04:00";7.21;"A";90.35;"A";1006.45;"A";101;"A";31;"A";0;"A";7;"A";24;"A";35.92;"A";26.07;"A";24.66;"A"
"2025-01-07 04:15";7.33;"A";90.09;"A";1006.54;"A";99;"A";32;"A";0;"A";7;"A";25;"A";35.52;"A";25.78;"A";24.38;"A"
"2025-01-07 04:30";7.33;"A";90.17;"A";1006.62;"A";99;"A";31;"A";0;"A";6;"A";25;"A";36.72;"A";26.66;"A";25.22;"A"
"2025-01-07 04:45";7.43;"A";89.68;"A";1006.7;"A";97;"A";31;"A";0;"A";7;"A";25;"A";36.98;"A";26.85;"A";25.4;"A"
"2025-01-07 05:00";7.37;"A";89.56;"A";1006.75;"A";98;"A";31;"A";0;"A";6;"A";25;"A";37.05;"A";26.9;"A";25.45;"A"
"2025-01-07 05:15";7.32;"A";89.63;"A";1006.83;"A";99;"A";31;"A";0;"A";6;"A";25;"A";38.5;"A";27.96;"A";26.47;"A"
"2025-01-07 05:30";7.23;"A";89.69;"A";1006.97;"A";100;"A";31;"A";0;"A";7;"A";24;"A";39.19;"A";28.46;"A";26.95;"A"
"2025-01-07 05:45";7.14;"A";89.71;"A";1006.86;"A";98;"A";31;"A";0;"A";8;"A";23;"A";39.07;"A";28.38;"A";26.87;"A"
"2025-01-07 06:00";7.14;"A";89.62;"A";1006.77;"A";112;"A";31;"A";0;"A";8;"A";23;"A";42.27;"A";30.72;"A";29.11;"A"
"2025-01-07 06:15";7.07;"A";89.77;"A";1006.64;"A";139;"A";31;"A";0;"A";10;"A";21;"A";46.96;"A";34.15;"A";32.39;"A"
"2025-01-07 06:30";6.98;"A";89.92;"A";1006.71;"A";252;"A";31;"A";0;"A";12;"A";19;"A";53.83;"A";39.19;"A";37.2;"A"
"2025-01-07 06:45";6.96;"A";90.02;"A";1006.96;"A";524;"A";31;"A";0;"A";12;"A";19;"A";50.92;"A";37.06;"A";35.16;"A"
"2025-01-07 07:00";7.05;"A";90.49;"A";1006.75;"A";201;"A";31;"A";0;"A";11;"A";20;"A";45.1;"A";32.79;"A";31.08;"A"
"2025-01-07 07:15";7.24;"A";90.44;"A";1006.89;"A";115;"A";31;"A";0;"A";8;"A";23;"A";39.85;"A";28.95;"A";27.41;"A"
"2025-01-07 07:30";7.36;"A";90.9;"A";1007.06;"A";110;"A";30;"A";0;"A";7;"A";24;"A";40.4;"A";29.35;"A";27.79;"A"
"2025-01-07 07:45";7.45;"A";91.2;"A";1007.18;"A";112;"A";31;"A";0;"A";8;"A";23;"A";41.44;"A";30.11;"A";28.53;"A"
"2025-01-07 08:00";7.6;"A";90.87;"A";1007.35;"A";143;"A";31;"A";0;"A";8;"A";23;"A";41.31;"A";30.02;"A";28.43;"A"
"2025-01-07 08:15";7.78;"A";90.27;"A";1007.29;"A";120;"A";31;"A";0;"A";8;"A";23;"A";39.55;"A";28.73;"A";27.2;"A"
"2025-01-07 08:30";7.89;"A";89.99;"A";1007.51;"A";117;"A";31;"A";0;"A";8;"A";23;"A";39.63;"A";28.78;"A";27.25;"A"
"2025-01-07 08:45";8.04;"A";89.48;"A";1007.33;"A";123;"A";31;"A";0;"A";9;"A";22;"A";41.71;"A";30.31;"A";28.71;"A"
"2025-01-07 09:00";8.18;"A";88.92;"A";1007.14;"A";138;"A";30;"A";0;"A";9;"A";21;"A";43.74;"A";31.8;"A";30.13;"A"
"2025-01-07 09:15";8.26;"A";88.79;"A";1007.34;"A";127;"A";30;"A";0;"A";9;"A";20;"A";47.4;"A";34.48;"A";32.7;"A"
"2025-01-07 09:30";8.34;"A";88.61;"A";1007.47;"A";140;"A";30;"A";0;"A";10;"A";20;"A";49.17;"A";35.78;"A";33.94;"A"
"2025-01-07 09:45";8.43;"A";88.52;"A";1007.47;"A";140;"A";29;"A";0;"A";10;"A";20;"A";48.31;"A";35.14;"A";33.33;"A"
"2025-01-07 10:00";8.63;"A";87.99;"A";1007.33;"A";142;"A";30;"A";0;"A";10;"A";20;"A";49.09;"A";35.72;"A";33.88;"A"
"2025-01-07 10:15";8.85;"A";87.28;"A";1007.29;"A";153;"A";30;"A";0;"A";10;"A";20;"A";47.29;"A";34.4;"A";32.62;"A"
"2025-01-07 10:30";8.84;"A";87.46;"A";1007.25;"A";156;"A";30;"A";0;"A";9;"A";21;"A";47.32;"A";34.42;"A";32.64;"A"
"2025-01-07 10:45";8.84;"A";87.66;"A";1007.22;"A";156;"A";30;"A";0;"A";10;"A";20;"A";47.42;"A";34.49;"A";32.71;"A"
"2025-01-07 11:00";8.89;"A";87.8;"A";1006.97;"A";148;"A";30;"A";0;"A";9;"A";21;"A";45.63;"A";33.18;"A";31.46;"A"
"2025-01-07 11:15";9.01;"A";87.64;"A";1006.83;"A";139;"A";31;"A";0;"A";10;"A";21;"A";43.66;"A";31.74;"A";30.08;"A"
"2025-01-07 11:30";9.22;"A";87.07;"A";1006.87;"A";147;"A";32;"A";0;"A";10;"A";22;"A";40.49;"A";29.42;"A";27.86;"A"
"2025-01-07 11:45";9.39;"A";86.83;"A";1006.75;"A";134;"A";32;"A";0;"A";9;"A";23;"A";38.35;"A";27.85;"A";26.36;"A"
"2025-01-07 12:00";9.74;"A";85.84;"A";1006.43;"A";133;"A";31;"A";0;"A";8;"A";24;"A";36.82;"A";26.73;"A";25.29;"A"
"2025-01-07 12:15";9.94;"A";85.44;"A";1006.45;"A";134;"A";32;"A";0;"A";8;"A";24;"A";34.33;"A";24.9;"A";23.54;"A"
"2025-01-07 12:30";10.21;"A";84.4;"A";1006.42;"A";133;"A";33;"A";0;"A";8;"A";25;"A";32.13;"A";23.29;"A";22.01;"A"
"2025-01-07 12:45";10.46;"A";83.54;"A";1006.33;"A";123;"A";33;"A";0;"A";7;"A";26;"A";30;"A";21.73;"A";20.52;"A"
"2025-01-07 13:00";10.78;"A";81.91;"A";1006.28;"A";124;"A";33;"A";0;"A";7;"A";27;"A";28.11;"A";20.35;"A";19.2;"A"
"2025-01-07 13:15";11.14;"A";80.21;"A";1006.16;"A";135;"A";33;"A";0;"A";7;"A";26;"A";31.97;"A";23.15;"A";19.34;"A"
"2025-01-07 13:30";11.23;"A";79.92;"A";1006.24;"A";136;"A";34;"A";0;"A";7;"A";28;"A";29.71;"A";21.71;"A";17.98;"A"
"2025-01-07 13:45";11.18;"A";79.38;"A";1006.33;"A";131;"A";35;"A";0;"A";7;"A";28;"A";32.36;"A";24.77;"A";17.94;"A"
"2025-01-07 14:00";11.23;"A";79.41;"A";1006.32;"A";127;"A";36;"A";0;"A";7;"A";28;"A";30.68;"A";23.64;"A";17.6;"A"
"2025-01-07 14:15";11.32;"A";79.48;"A";1006.15;"A";138;"A";34;"A";0;"A";7;"A";27;"A";36.39;"A";26.88;"A";19.04;"A"
"2025-01-07 14:30";11.41;"A";79.51;"A";1006;"A";154;"A";34;"A";0;"A";7;"A";26;"A";37.45;"A";28.11;"A";20.18;"A"
"2025-01-07 14:45";11.48;"A";80.05;"A";1005.96;"A";167;"A";34;"A";0;"A";9;"A";25;"A";40.02;"A";31.34;"A";22.55;"A"
"2025-01-07 15:00";11.44;"A";80.27;"A";1006.06;"A";153;"A";34;"A";0;"A";9;"A";25;"A";44.61;"A";32.45;"A";23.65;"A"
"2025-01-07 15:15";11.27;"A";80.31;"A";1006.19;"A";154;"A";35;"A";0;"A";9;"A";26;"A";43.24;"A";32.37;"A";23.86;"A"
"2025-01-07 15:30";10.95;"A";81.62;"A";1006.21;"A";152;"A";35;"A";0;"A";10;"A";25;"A";46.98;"A";35.17;"A";24.76;"A"
"2025-01-07 15:45";10.81;"A";82.26;"A";1006.3;"A";158;"A";34;"A";0;"A";10;"A";24;"A";38.09;"A";27.79;"A";25.95;"A"
"2025-01-07 16:00";10.59;"A";83.23;"A";1006.47;"A";159;"A";34;"A";0;"A";10;"A";24;"A";38.38;"A";27.87;"A";26.38;"A"
"2025-01-07 16:15";10.5;"A";83.74;"A";1006.64;"A";165;"A";34;"A";0;"A";11;"A";23;"A";38.47;"A";27.93;"A";26.44;"A"
"2025-01-07 16:30";10.46;"A";84.05;"A";1006.6;"A";163;"A";33;"A";0;"A";10;"A";23;"A";39.82;"A";28.93;"A";27.39;"A"
"2025-01-07 16:45";10.53;"A";83.97;"A";1006.49;"A";182;"A";34;"A";0;"A";10;"A";24;"A";41.02;"A";29.8;"A";28.23;"A"
"2025-01-07 17:00";10.52;"A";84.04;"A";1006.56;"A";182;"A";34;"A";0;"A";10;"A";25;"A";40.33;"A";29.3;"A";27.74;"A"
"2025-01-07 17:15";10.52;"A";84.23;"A";1006.62;"A";198;"A";35;"A";0;"A";13;"A";22;"A";40.05;"A";29.09;"A";27.55;"A"
"2025-01-07 17:30";10.43;"A";85.12;"A";1006.8;"A";200;"A";35;"A";0;"A";14;"A";21;"A";46.57;"A";33.87;"A";32.11;"A"
"2025-01-07 17:45";10.38;"A";85.89;"A";1006.87;"A";202;"A";34;"A";0;"A";15;"A";19;"A";45.7;"A";33.23;"A";31.51;"A"
"2025-01-07 18:00";10.33;"A";86.08;"A";1006.8;"A";199;"A";34;"A";0;"A";14;"A";20;"A";41.15;"A";29.9;"A";28.32;"A"
"2025-01-07 18:15";10.41;"A";85.23;"A";1006.78;"A";179;"A";34;"A";0;"A";13;"A";21;"A";38.99;"A";28.32;"A";26.81;"A"
"2025-01-07 18:30";10.47;"A";84.4;"A";1006.92;"A";154;"A";34;"A";0;"A";11;"A";24;"A";35.96;"A";26.1;"A";24.69;"A"
"2025-01-07 18:45";10.47;"A";83.68;"A";1006.8;"A";151;"A";35;"A";0;"A";8;"A";27;"A";39.51;"A";28.7;"A";27.17;"A"
"2025-01-07 19:00";10.39;"A";84.52;"A";1006.8;"A";174;"A";35;"A";0;"A";9;"A";26;"A";41.14;"A";29.89;"A";28.32;"A"
"2025-01-07 19:15";10.36;"A";84.76;"A";1006.8;"A";145;"A";34;"A";0;"A";10;"A";25;"A";36.91;"A";26.8;"A";25.36;"A"
"2025-01-07 19:30";10.35;"A";84.77;"A";1006.87;"A";154;"A";34;"A";0;"A";10;"A";25;"A";39;"A";28.33;"A";26.82;"A"
"2025-01-07 19:45";10.29;"A";85;"A";1006.68;"A";143;"A";34;"A";0;"A";9;"A";25;"A";39.03;"A";28.35;"A";26.84;"A"
"2025-01-07 20:00";10.26;"A";85.68;"A";1006.73;"A";146;"A";34;"A";0;"A";8;"A";26;"A";40.95;"A";29.76;"A";28.18;"A"
"2025-01-07 20:15";10.11;"A";87.28;"A";1006.74;"A";148;"A";32;"A";0;"A";9;"A";24;"A";44.48;"A";32.34;"A";30.65;"A"
"2025-01-07 20:30";10.06;"A";87.5;"A";1006.3;"A";140;"A";33;"A";0;"A";8;"A";24;"A";46.39;"A";33.74;"A";31.99;"A"
"2025-01-07 20:45";10;"A";87.88;"A";1006.28;"A";136;"A";33;"A";0;"A";8;"A";25;"A";45.85;"A";33.34;"A";31.61;"A"
"2025-01-07 21:00";9.95;"A";87.94;"A";1006.22;"A";135;"A";33;"A";0;"A";8;"A";25;"A";46.72;"A";33.98;"A";32.22;"A"
"2025-01-07 21:15";9.92;"A";88.13;"A";1006.2;"A";137;"A";33;"A";0;"A";8;"A";26;"A";50.58;"A";36.81;"A";34.92;"A"
"2025-01-07 21:30";9.85;"A";88.29;"A";1006.13;"A";132;"A";33;"A";0;"A";8;"A";25;"A";46.66;"A";33.93;"A";32.18;"A"
"2025-01-07 21:45";9.82;"A";88.15;"A";1006.04;"A";129;"A";32;"A";0;"A";8;"A";25;"A";44.91;"A";32.65;"A";30.95;"A"
"2025-01-07 22:00";9.81;"A";87.85;"A";1006.11;"A";129;"A";33;"A";0;"A";8;"A";24;"A";44.41;"A";32.29;"A";30.6;"A"
"2025-01-07 22:15";9.76;"A";87.75;"A";1006.06;"A";129;"A";32;"A";0;"A";9;"A";24;"A";43.87;"A";31.89;"A";30.22;"A"
"2025-01-07 22:30";9.62;"A";88.29;"A";1006.04;"A";131;"A";32;"A";0;"A";8;"A";24;"A";44.72;"A";32.51;"A";30.82;"A"
"2025-01-07 22:45";9.5;"A";88.57;"A";1006.04;"A";137;"A";31;"A";0;"A";7;"A";23;"A";45.45;"A";33.05;"A";31.33;"A"
"2025-01-07 23:00";9.42;"A";88.61;"A";1006.02;"A";132;"A";31;"A";0;"A";8;"A";23;"A";43.3;"A";31.47;"A";29.83;"A"
"2025-01-07 23:15";9.35;"A";88.64;"A";1005.73;"A";129;"A";30;"A";0;"A";8;"A";22;"A";41.22;"A";29.95;"A";28.37;"A"
"2025-01-07 23:30";9.31;"A";88.53;"A";1005.58;"A";130;"A";30;"A";0;"A";8;"A";23;"A";40.82;"A";29.66;"A";28.09;"A"
"2025-01-07 23:45";9.32;"A";88.24;"A";1005.58;"A";136;"A";30;"A";0;"A";7;"A";23;"A";40.25;"A";29.24;"A";27.69;"A"
"2025-01-08 00:00";9.27;"A";88.16;"A";1005.38;"A";121;"A";31;"A";0;"A";8;"A";23;"A";36.48;"A";26.48;"A";25.05;"A"
"2025-01-08 00:15";9.27;"A";88.08;"A";1005.28;"A";115;"A";31;"A";0;"A";8;"A";24;"A";34.93;"A";25.34;"A";23.97;"A"
"2025-01-08 00:30";9.28;"A";88.07;"A";1005.26;"A";106;"A";32;"A";0;"A";7;"A";24;"A";34.6;"A";25.1;"A";23.73;"A"
"2025-01-08 00:45";9.29;"A";87.99;"A";1005.22;"A";104;"A";32;"A";0;"A";6;"A";25;"A";32.12;"A";23.28;"A";22;"A"
"2025-01-08 01:00";9.29;"A";88.18;"A";1005.02;"A";98;"A";32;"A";0;"A";6;"A";25;"A";33.18;"A";24.06;"A";22.74;"A"
"2025-01-08 01:15";9.25;"A";88.29;"A";1005.08;"A";97;"A";32;"A";0;"A";7;"A";25;"A";33.24;"A";24.11;"A";22.79;"A"
"2025-01-08 01:30";9.27;"A";88.18;"A";1005.04;"A";96;"A";32;"A";0;"A";6;"A";26;"A";34.27;"A";24.86;"A";23.5;"A"
"2025-01-08 01:45";9.25;"A";88.43;"A";1004.94;"A";92;"A";33;"A";0;"A";7;"A";26;"A";36.22;"A";26.29;"A";24.87;"A"
"2025-01-08 02:00";9.25;"A";89.1;"A";1005;"A";95;"A";33;"A";0;"A";8;"A";25;"A";38.96;"A";28.29;"A";26.79;"A"
"2025-01-08 02:15";9.26;"A";90.04;"A";1004.99;"A";97;"A";33;"A";0;"A";8;"A";25;"A";44.55;"A";32.39;"A";30.7;"A"
"2025-01-08 02:30";9.3;"A";90.64;"A";1004.78;"A";97;"A";32;"A";0;"A";7;"A";25;"A";49.55;"A";36.05;"A";34.2;"A"
"2025-01-08 02:45";9.42;"A";90.92;"A";1004.55;"A";101;"A";32;"A";0;"A";7;"A";25;"A";52.86;"A";38.47;"A";36.52;"A"
"2025-01-08 03:00";9.53;"A";91.11;"A";1004.46;"A";102;"A";32;"A";0;"A";7;"A";25;"A";56.67;"A";41.27;"A";39.18;"A"
"2025-01-08 03:15";9.7;"A";91;"A";1004.16;"A";104;"A";32;"A";0;"A";7;"A";25;"A";58.58;"A";42.67;"A";40.52;"A"
"2025-01-08 03:30";9.79;"A";90.71;"A";1004;"A";103;"A";31;"A";0;"A";6;"A";25;"A";56.04;"A";40.8;"A";38.74;"A"
"2025-01-08 03:45";9.87;"A";90.5;"A";1003.95;"A";104;"A";32;"A";0;"A";7;"A";25;"A";52.58;"A";38.27;"A";36.32;"A"
"2025-01-08 04:00";9.86;"A";90.73;"A";1003.89;"A";101;"A";32;"A";0;"A";7;"A";25;"A";51.79;"A";37.69;"A";35.77;"A"
"2025-01-08 04:15";9.89;"A";91.43;"A";1003.99;"A";102;"A";31;"A";0;"A";7;"A";24;"A";53.57;"A";39;"A";37.02;"A"
"2025-01-08 04:30";9.79;"A";92.06;"A";1003.86;"A";148;"A";30;"A";0;"A";7;"A";23;"A";59.36;"A";43.24;"A";41.07;"A"
"2025-01-08 04:45";9.64;"A";92.38;"A";1003.76;"A";174;"A";30;"A";0;"A";7;"A";22;"A";64.21;"A";46.79;"A";44.46;"A"
"2025-01-08 05:00";9.53;"A";92.7;"A";1003.74;"A";101;"A";30;"A";0;"A";7;"A";23;"A";53.38;"A";38.86;"A";36.88;"A"
"2025-01-08 05:15";9.53;"A";92.86;"A";1003.66;"A";97;"A";30;"A";0;"A";8;"A";22;"A";51.14;"A";37.22;"A";35.31;"A"
"2025-01-08 05:30";9.51;"A";93.02;"A";1003.6;"A";97;"A";30;"A";0;"A";8;"A";23;"A";51.25;"A";37.3;"A";35.39;"A"
"2025-01-08 05:45";9.56;"A";92.97;"A";1003.69;"A";102;"A";31;"A";0;"A";8;"A";23;"A";49.83;"A";36.26;"A";34.39;"A"
"2025-01-08 06:00";9.59;"A";92.63;"A";1003.56;"A";100;"A";31;"A";0;"A";8;"A";23;"A";49.26;"A";35.84;"A";34;"A"
"2025-01-08 06:15";9.62;"A";92.57;"A";1003.48;"A";97;"A";31;"A";0;"A";8;"A";23;"A";47.6;"A";34.62;"A";32.83;"A"
"2025-01-08 06:30";9.66;"A";92.69;"A";1003.43;"A";96;"A";31;"A";0;"A";8;"A";23;"A";47.32;"A";34.42;"A";32.64;"A"
"2025-01-08 06:45";9.72;"A";92.51;"A";1003.57;"A";94;"A";31;"A";0;"A";7;"A";23;"A";45.48;"A";33.07;"A";31.35;"A"
"2025-01-08 07:00";9.82;"A";92.05;"A";1003.55;"A";91;"A";31;"A";0;"A";7;"A";24;"A";43.05;"A";31.29;"A";29.65;"A"
"2025-01-08 07:15";9.91;"A";91.76;"A";1003.61;"A";91;"A";31;"A";0;"A";7;"A";24;"A";40.18;"A";29.19;"A";27.64;"A"
"2025-01-08 07:30";9.97;"A";91.66;"A";1003.75;"A";95;"A";32;"A";0;"A";7;"A";24;"A";38.78;"A";28.16;"A";26.66;"A"
"2025-01-08 07:45";10.07;"A";91.22;"A";1003.93;"A";103;"A";32;"A";0;"A";8;"A";23;"A";38.66;"A";28.07;"A";26.58;"A"
"2025-01-08 08:00";10.1;"A";91.16;"A";1004.09;"A";129;"A";32;"A";0;"A";8;"A";24;"A";38.38;"A";27.87;"A";26.38;"A"
"2025-01-08 08:15";10.22;"A";90.72;"A";1004.35;"A";107;"A";32;"A";0;"A";8;"A";24;"A";38.44;"A";27.91;"A";26.42;"A"
"2025-01-08 08:30";10.23;"A";90.85;"A";1004.43;"A";137;"A";32;"A";0;"A";7;"A";24;"A";41.37;"A";30.06;"A";28.48;"A"
"2025-01-08 08:45";10.26;"A";90.63;"A";1004.28;"A";121;"A";32;"A";0;"A";8;"A";24;"A";41.02;"A";29.8;"A";28.23;"A"
"2025-01-08 09:00";10.33;"A";90.19;"A";1004.24;"A";135;"A";32;"A";0;"A";9;"A";23;"A";40.54;"A";29.45;"A";27.89;"A"
"2025-01-08 09:15";10.43;"A";89.81;"A";1004.26;"A";140;"A";32;"A";0;"A";9;"A";23;"A";39.92;"A";29;"A";27.46;"A"
"2025-01-08 09:30";10.48;"A";89.51;"A";1004.25;"A";134;"A";32;"A";0;"A";9;"A";23;"A";38.71;"A";28.11;"A";26.61;"A"
"2025-01-08 09:45";10.55;"A";89.06;"A";1004.33;"A";157;"A";32;"A";0;"A";9;"A";24;"A";38.11;"A";27.67;"A";26.19;"A"
"2025-01-08 10:00";10.62;"A";88.56;"A";1004.64;"A";138;"A";33;"A";0;"A";9;"A";24;"A";36.66;"A";26.61;"A";25.18;"A"
"2025-01-08 10:15";10.76;"A";87.61;"A";1004.85;"A";156;"A";33;"A";0;"A";7;"A";25;"A";36.21;"A";26.28;"A";24.87;"A"
"2025-01-08 10:30";10.84;"A";87.1;"A";1004.84;"A";120;"A";33;"A";0;"A";8;"A";25;"A";31.52;"A";22.84;"A";21.58;"A"
"2025-01-08 10:45";10.95;"A";86.2;"A";1004.5;"A";143;"A";33;"A";0;"A";8;"A";25;"A";32.59;"A";23.63;"A";22.33;"A"
"2025-01-08 11:00";11.09;"A";85.58;"A";1004.11;"A";110;"A";32;"A";0;"A";7;"A";26;"A";29.84;"A";21.61;"A";20.4;"A"
"2025-01-08 11:15";11.59;"A";83.97;"A";1003.8;"A";111;"A";32;"A";0;"A";6;"A";25;"A";28.09;"A";20.33;"A";19.18;"A"
"2025-01-08 11:30";12.03;"A";82.05;"A";1003.53;"A";110;"A";31;"A";0;"A";5;"A";26;"A";27.14;"A";19.63;"A";18.51;"A"
"2025-01-08 11:45";12.18;"A";81.19;"A";1003.7;"A";126;"A";33;"A";0;"A";7;"A";26;"A";29.65;"A";21.39;"A";18.77;"A"
"2025-01-08 12:00";12.25;"A";80.49;"A";1003.55;"A";131;"A";34;"A";0;"A";7;"A";27;"A";31.99;"A";21.69;"A";17.78;"A"
"2025-01-08 12:15";12.44;"A";79.98;"A";1003.31;"A";123;"A";34;"A";0;"A";7;"A";27;"A";35.65;"A";24.76;"A";17.34;"A"
"2025-01-08 12:30";13.14;"A";76.88;"A";1003.11;"A";129;"A";32;"A";0;"A";5;"A";27;"A";35.07;"A";24.07;"A";16.83;"A"
"2025-01-08 12:45";13.56;"A";74.85;"A";1003.2;"A";124;"A";33;"A";0;"A";6;"A";27;"A";33.88;"A";22.6;"A";16.18;"A"
"2025-01-08 13:00";13.76;"A";73.14;"A";1003.1;"A";131;"A";33;"A";0;"A";7;"A";27;"A";30.74;"A";20.89;"A";14.82;"A"
"2025-01-08 13:15";13.78;"A";73.01;"A";1002.99;"A";138;"A";34;"A";0;"A";7;"A";27;"A";28.93;"A";20.1;"A";14.57;"A"
"2025-01-08 13:30";13.53;"A";73.97;"A";1003.13;"A";131;"A";35;"A";0;"A";7;"A";28;"A";28.47;"A";20.6;"A";14.76;"A"
"2025-01-08 13:45";13.44;"A";74.34;"A";1003.21;"A";131;"A";34;"A";0;"A";7;"A";28;"A";32.84;"A";21.72;"A";15.64;"A"
"2025-01-08 14:00";13.39;"A";74.94;"A";1003.03;"A";134;"A";34;"A";0;"A";6;"A";28;"A";34.15;"A";23.3;"A";16.88;"A"
"2025-01-08 14:15";13.26;"A";75.91;"A";1002.86;"A";135;"A";34;"A";0;"A";8;"A";27;"A";32.98;"A";22.18;"A";15.4;"A"
"2025-01-08 14:30";13.18;"A";75.7;"A";1002.82;"A";122;"A";34;"A";0;"A";7;"A";27;"A";36.88;"A";22.12;"A";15.41;"A"
"2025-01-08 14:45";13.25;"A";75.63;"A";1002.91;"A";140;"A";34;"A";0;"A";8;"A";26;"A";30.79;"A";21.6;"A";14.7;"A"
"2025-01-08 15:00";13.65;"A";73.91;"A";1002.91;"A";153;"A";33;"A";0;"A";7;"A";26;"A";32.4;"A";20.16;"A";13.91;"A"
"2025-01-08 15:15";13.59;"A";73.55;"A";1002.98;"A";135;"A";34;"A";0;"A";8;"A";26;"A";33.41;"A";20.58;"A";13.76;"A"
"2025-01-08 15:30";13.34;"A";73.99;"A";1002.84;"A";148;"A";35;"A";0;"A";8;"A";27;"A";26.02;"A";17.37;"A";12.08;"A"
"2025-01-08 15:45";13.15;"A";74.63;"A";1002.72;"A";169;"A";35;"A";0;"A";10;"A";25;"A";28.5;"A";17.47;"A";12.28;"A"
"2025-01-08 16:00";12.99;"A";75.6;"A";1002.82;"A";255;"A";35;"A";0;"A";12;"A";23;"A";30.97;"A";20.26;"A";14.19;"A"
"2025-01-08 16:15";12.72;"A";76.04;"A";1002.87;"A";234;"A";35;"A";0;"A";12;"A";23;"A";29.75;"A";19.6;"A";13.82;"A"
"2025-01-08 16:30";12.38;"A";76.62;"A";1002.93;"A";203;"A";36;"A";0;"A";14;"A";21;"A";33.07;"A";21.76;"A";14.98;"A"
"2025-01-08 16:45";12.05;"A";77.5;"A";1003.09;"A";274;"A";37;"A";0;"A";21;"A";16;"A";37.44;"A";27.42;"A";19.97;"A"
"2025-01-08 17:00";11.81;"A";77.59;"A";1002.9;"A";200;"A";35;"A";0;"A";14;"A";21;"A";41.84;"A";29.82;"A";21.06;"A"
"2025-01-08 17:15";11.65;"A";78.06;"A";1002.79;"A";169;"A";34;"A";0;"A";12;"A";23;"A";29.72;"A";21.2;"A";14.75;"A"
"2025-01-08 17:30";11.39;"A";79;"A";1002.92;"A";186;"A";35;"A";0;"A";14;"A";21;"A";34.54;"A";22.52;"A";14.85;"A"
"2025-01-08 17:45";11.19;"A";80.03;"A";1003.04;"A";170;"A";33;"A";0;"A";12;"A";22;"A";36.97;"A";24.88;"A";17.3;"A"
"2025-01-08 18:00";10.9;"A";81.16;"A";1002.88;"A";145;"A";32;"A";0;"A";9;"A";23;"A";33.42;"A";21.51;"A";15.07;"A"
"2025-01-08 18:15";10.71;"A";82.02;"A";1002.95;"A";153;"A";33;"A";0;"A";9;"A";24;"A";23.33;"A";16.84;"A";15.84;"A"
"2025-01-08 18:30";10.46;"A";82.54;"A";1002.88;"A";171;"A";33;"A";0;"A";10;"A";23;"A";23.31;"A";16.83;"A";15.84;"A"
"2025-01-08 18:45";10.23;"A";83.18;"A";1003.04;"A";191;"A";33;"A";0;"A";12;"A";22;"A";29.64;"A";21.47;"A";20.26;"A"
"2025-01-08 19:00";10.05;"A";83.76;"A";1003.16;"A";206;"A";33;"A";0;"A";8;"A";25;"A";24.43;"A";17.65;"A";16.62;"A"
"2025-01-08 19:15";9.75;"A";84.52;"A";1002.92;"A";180;"A";32;"A";0;"A";8;"A";24;"A";24.06;"A";17.38;"A";16.36;"A"
"2025-01-08 19:30";9.52;"A";84.58;"A";1002.71;"A";136;"A";31;"A";0;"A";8;"A";24;"A";22.81;"A";16.46;"A";15.48;"A"
"2025-01-08 19:45";9.4;"A";84.77;"A";1002.73;"A";109;"A";32;"A";0;"A";8;"A";24;"A";21.82;"A";15.74;"A";14.79;"A"
"2025-01-08 20:00";9.24;"A";86.12;"A";1002.64;"A";102;"A";32;"A";0;"A";8;"A";24;"A";21.52;"A";15.52;"A";14.58;"A"
"2025-01-08 20:15";9.1;"A";86.9;"A";1002.59;"A";111;"A";31;"A";0;"A";7;"A";24;"A";22.05;"A";15.91;"A";14.95;"A"
"2025-01-08 20:30";8.93;"A";87.19;"A";1002.81;"A";114;"A";30;"A";0;"A";7;"A";23;"A";22.58;"A";16.3;"A";15.32;"A"
"2025-01-08 20:45";8.79;"A";87.43;"A";1002.49;"A";106;"A";30;"A";0;"A";7;"A";23;"A";25.14;"A";18.17;"A";17.11;"A"
"2025-01-08 21:00";8.66;"A";87.6;"A";1002.47;"A";109;"A";30;"A";0;"A";8;"A";23;"A";25.65;"A";18.55;"A";17.47;"A"
"2025-01-08 21:15";8.56;"A";88.13;"A";1002.47;"A";111;"A";30;"A";0;"A";7;"A";23;"A";26.4;"A";19.09;"A";18;"A"
"2025-01-08 21:30";8.41;"A";88.99;"A";1002.56;"A";111;"A";29;"A";0;"A";7;"A";23;"A";28.53;"A";20.65;"A";19.49;"A"
"2025-01-08 21:45";8.33;"A";89.27;"A";1002.79;"A";110;"A";29;"A";0;"A";7;"A";22;"A";29.28;"A";21.21;"A";20.01;"A"
"2025-01-08 22:00";8.24;"A";89.39;"A";1002.69;"A";109;"A";29;"A";0;"A";7;"A";22;"A";28.9;"A";20.93;"A";19.75;"A"
"2025-01-08 22:15";8.24;"A";89.42;"A";1002.44;"A";106;"A";29;"A";0;"A";7;"A";22;"A";28.19;"A";20.4;"A";19.25;"A"
"2025-01-08 22:30";8.31;"A";89.06;"A";1002.62;"A";122;"A";29;"A";0;"A";7;"A";22;"A";27.08;"A";19.59;"A";18.47;"A"
"2025-01-08 22:45";8.32;"A";88.8;"A";1002.59;"A";109;"A";29;"A";0;"A";7;"A";22;"A";26.63;"A";19.26;"A";18.15;"A"
"2025-01-08 23:00";8.34;"A";88.21;"A";1002.53;"A";114;"A";28;"A";0;"A";6;"A";23;"A";25.82;"A";18.67;"A";17.59;"A"
"2025-01-08 23:15";8.44;"A";86.95;"A";1002.32;"A";91;"A";29;"A";0;"A";6;"A";23;"A";23.03;"A";16.62;"A";15.64;"A"
"2025-01-08 23:30";8.54;"A";86.23;"A";1002.3;"A";86;"A";29;"A";0;"A";6;"A";24;"A";21.91;"A";15.8;"A";14.85;"A"
"2025-01-08 23:45";8.45;"A";86.1;"A";1002.37;"A";87;"A";29;"A";0;"A";6;"A";23;"A";21.64;"A";15.61;"A";14.66;"A"
"2025-01-09 00:00";8.45;"A";85.95;"A";1002.24;"A";88;"A";29;"A";0;"A";6;"A";23;"A";21.26;"A";15.32;"A";14.4;"A"
"2025-01-09 00:15";8.45;"A";85.99;"A";1002.43;"A";85;"A";29;"A";0;"A";7;"A";22;"A";20.91;"A";15.07;"A";14.15;"A"
"2025-01-09 00:30";8.42;"A";85.94;"A";1002.5;"A";90;"A";29;"A";0;"A";6;"A";22;"A";20.54;"A";14.8;"A";13.89;"A"
"2025-01-09 00:45";8.44;"A";85.84;"A";1002.78;"A";80;"A";29;"A";0;"A";7;"A";22;"A";19.52;"A";14.05;"A";13.18;"A"
"2025-01-09 01:00";8.51;"A";85.42;"A";1002.94;"A";81;"A";30;"A";0;"A";9;"A";21;"A";18.84;"A";13.56;"A";12.71;"A"
"2025-01-09 01:15";8.51;"A";85.3;"A";1002.91;"A";83;"A";30;"A";0;"A";9;"A";21;"A";18.72;"A";13.47;"A";12.62;"A"
"2025-01-09 01:30";8.45;"A";85.44;"A";1002.94;"A";79;"A";30;"A";0;"A";9;"A";21;"A";18.94;"A";13.63;"A";12.77;"A"
"2025-01-09 01:45";8.34;"A";85.78;"A";1003.13;"A";82;"A";30;"A";0;"A";9;"A";21;"A";18.94;"A";13.63;"A";12.77;"A"
"2025-01-09 02:00";8.3;"A";85.92;"A";1003.28;"A";83;"A";30;"A";0;"A";10;"A";20;"A";19.61;"A";14.12;"A";13.25;"A"
"2025-01-09 02:15";8.31;"A";86.03;"A";1003.47;"A";93;"A";30;"A";0;"A";9;"A";21;"A";20.39;"A";14.69;"A";13.79;"A"
"2025-01-09 02:30";8.29;"A";86.1;"A";1003.79;"A";88;"A";30;"A";0;"A";9;"A";20;"A";20.37;"A";14.68;"A";13.78;"A"
"2025-01-09 02:45";8.28;"A";86.1;"A";1003.82;"A";86;"A";29;"A";0;"A";10;"A";20;"A";20.13;"A";14.5;"A";13.61;"A"
"2025-01-09 03:00";8.22;"A";86.24;"A";1003.91;"A";89;"A";29;"A";0;"A";9;"A";20;"A";19.81;"A";14.26;"A";13.38;"A"
"2025-01-09 03:15";8.21;"A";86.29;"A";1003.93;"A";94;"A";29;"A";0;"A";9;"A";20;"A";20.34;"A";14.65;"A";13.75;"A"
"2025-01-09 03:30";8.27;"A";86.14;"A";1004.04;"A";92;"A";29;"A";0;"A";9;"A";20;"A";20.6;"A";14.85;"A";13.94;"A"
"2025-01-09 03:45";8.32;"A";86.01;"A";1004.11;"A";91;"A";29;"A";0;"A";9;"A";19;"A";20.5;"A";14.77;"A";13.86;"A"
"2025-01-09 04:00";8.48;"A";85.53;"A";1004.23;"A";89;"A";29;"A";0;"A";10;"A";19;"A";20.23;"A";14.57;"A";13.68;"A"
"2025-01-09 04:15";8.63;"A";84.97;"A";1004.56;"A";94;"A";29;"A";0;"A";9;"A";20;"A";21.15;"A";15.25;"A";14.32;"A"
"2025-01-09 04:30";8.53;"A";85.14;"A";1004.87;"A";94;"A";29;"A";0;"A";11;"A";18;"A";21.01;"A";15.14;"A";14.22;"A"
"2025-01-09 04:45";8.43;"A";85.19;"A";1005.03;"A";102;"A";28;"A";0;"A";10;"A";18;"A";22.72;"A";16.4;"A";15.42;"A"
"2025-01-09 05:00";8.17;"A";85.74;"A";1004.96;"A";141;"A";27;"A";0;"A";10;"A";17;"A";22.63;"A";16.33;"A";15.36;"A"
"2025-01-09 05:15";7.84;"A";86.6;"A";1005.12;"A";142;"A";28;"A";0;"A";12;"A";17;"A";22.7;"A";16.38;"A";15.41;"A"
"2025-01-09 05:30";7.69;"A";87.03;"A";1005.25;"A";131;"A";28;"A";0;"A";11;"A";17;"A";22.46;"A";16.2;"A";15.24;"A"
"2025-01-09 05:45";7.52;"A";87.38;"A";1005.55;"A";121;"A";28;"A";0;"A";12;"A";16;"A";22.74;"A";16.41;"A";15.44;"A"
"2025-01-09 06:00";7.28;"A";87.96;"A";1005.69;"A";134;"A";28;"A";0;"A";13;"A";15;"A";23.98;"A";17.32;"A";16.3;"A"
"2025-01-09 06:15";6.94;"A";88.66;"A";1006.02;"A";203;"A";28;"A";0;"A";15;"A";13;"A";25.5;"A";18.44;"A";17.37;"A"
"2025-01-09 06:30";6.81;"A";89.09;"A";1006.16;"A";173;"A";28;"A";0;"A";16;"A";12;"A";27.25;"A";19.72;"A";18.59;"A"
"2025-01-09 06:45";6.64;"A";89.35;"A";1006.46;"A";198;"A";29;"A";0;"A";18;"A";10;"A";27.36;"A";19.79;"A";18.66;"A"
"2025-01-09 07:00";6.47;"A";89.89;"A";1006.54;"A";207;"A";29;"A";0;"A";21;"A";9;"A";27.81;"A";20.12;"A";18.98;"A"
"2025-01-09 07:15";6.34;"A";90.14;"A";1006.54;"A";241;"A";30;"A";0;"A";23;"A";8;"A";29.08;"A";21.06;"A";19.88;"A"
"2025-01-09 07:30";6.24;"A";90.16;"A";1006.7;"A";240;"A";30;"A";0;"A";23;"A";7;"A";41.35;"A";30.05;"A";28.46;"A"
"2025-01-09 07:45";6.18;"A";90.41;"A";1006.87;"A";377;"A";32;"A";0;"A";25;"A";7;"A";38.04;"A";27.62;"A";26.14;"A"
"2025-01-09 08:00";5.97;"A";90.58;"A";1006.94;"A";479;"A";30;"A";0;"A";23;"A";7;"A";65.21;"A";47.52;"A";45.16;"A"
"2025-01-09 08:15";6.07;"A";90.56;"A";1007.03;"A";643;"A";30;"A";1;"A";23;"A";7;"A";57.93;"A";42.19;"A";40.06;"A"
"2025-01-09 08:30";6.29;"A";90.2;"A";1007.22;"A";725;"A";32;"A";0;"A";25;"A";7;"A";68.87;"A";50.21;"A";47.73;"A"
"2025-01-09 08:45";6.48;"A";90.14;"A";1007.51;"A";1024;"A";42;"A";0;"A";36;"A";6;"A";64.88;"A";47.28;"A";44.93;"A"
"2025-01-09 09:00";6.91;"A";89.32;"A";1008;"A";600;"A";33;"A";0;"A";26;"A";7;"A";42.93;"A";31.2;"A";29.56;"A"
"2025-01-09 09:15";6.95;"A";88.85;"A";1008.2;"A";531;"A";31;"A";0;"A";23;"A";8;"A";63.48;"A";46.26;"A";43.95;"A"
"2025-01-09 09:30";7.18;"A";88.15;"A";1008.38;"A";906;"A";37;"A";0;"A";29;"A";9;"A";60.42;"A";44.02;"A";41.81;"A"
"2025-01-09 09:45";7.48;"A";86.96;"A";1008.64;"A";406;"A";29;"A";1;"A";20;"A";9;"A";44.33;"A";32.23;"A";30.55;"A"
"2025-01-09 10:00";7.67;"A";86.61;"A";1008.82;"A";448;"A";30;"A";1;"A";22;"A";9;"A";46.27;"A";33.65;"A";31.9;"A"
"2025-01-09 10:15";7.89;"A";85.67;"A";1008.77;"A";313;"A";27;"A";1;"A";16;"A";11;"A";35.69;"A";25.9;"A";24.5;"A"
"2025-01-09 10:30";8.1;"A";84.67;"A";1008.86;"A";310;"A";27;"A";1;"A";16;"A";11;"A";36.02;"A";26.14;"A";24.73;"A"
"2025-01-09 10:45";8.36;"A";83.54;"A";1008.71;"A";262;"A";28;"A";0;"A";17;"A";11;"A";36.63;"A";26.59;"A";25.16;"A"
"2025-01-09 11:00";9.12;"A";80.48;"A";1008.61;"A";295;"A";27;"A";0;"A";15;"A";12;"A";32.19;"A";24.24;"A";21.87;"A"
"2025-01-09 11:15";9.91;"A";77.03;"A";1008.71;"A";308;"A";27;"A";1;"A";13;"A";14;"A";33;"A";26.84;"A";20.8;"A"
"2025-01-09 11:30";10.71;"A";74.03;"A";1008.49;"A";358;"A";29;"A";0;"A";16;"A";13;"A";38.06;"A";31.83;"A";23.86;"A"
"2025-01-09 11:45";11.23;"A";72.9;"A";1008.69;"A";378;"A";31;"A";0;"A";17;"A";14;"A";39.79;"A";33.19;"A";24.65;"A"
"2025-01-09 12:00";11.89;"A";70.69;"A";1008.71;"A";416;"A";31;"A";0;"A";17;"A";14;"A";45.34;"A";37.69;"A";28.45;"A"
"2025-01-09 12:15";12.4;"A";67.63;"A";1008.67;"A";368;"A";31;"A";0;"A";16;"A";15;"A";36.45;"A";30.91;"A";23.68;"A"
"2025-01-09 12:30";12.91;"A";65.82;"A";1008.64;"A";327;"A";31;"A";0;"A";13;"A";18;"A";34.45;"A";28.63;"A";22.2;"A"
"2025-01-09 12:45";13.12;"A";64.68;"A";1008.54;"A";405;"A";33;"A";0;"A";17;"A";16;"A";40.43;"A";33.85;"A";26.18;"A"
"2025-01-09 13:00";13.31;"A";62.75;"A";1008.37;"A";331;"A";32;"A";0;"A";14;"A";18;"A";35.01;"A";28.39;"A";21.34;"A"
"2025-01-09 13:15";13.65;"A";61.02;"A";1008.13;"A";300;"A";31;"A";0;"A";12;"A";20;"A";35.2;"A";28.43;"A";20.81;"A"
"2025-01-09 13:30";13.54;"A";63.39;"A";1007.98;"A";279;"A";32;"A";0;"A";12;"A";20;"A";30.23;"A";24.84;"A";18.99;"A"
"2025-01-09 13:45";13.54;"A";62.76;"A";1007.99;"A";246;"A";31;"A";0;"A";11;"A";20;"A";30.35;"A";25.21;"A";19.37;"A"
"2025-01-09 14:00";13.58;"A";63.34;"A";1007.93;"A";242;"A";31;"A";0;"A";10;"A";20;"A";35.03;"A";29.57;"A";22.61;"A"
"2025-01-09 14:15";13.7;"A";62.55;"A";1007.97;"A";220;"A";31;"A";0;"A";10;"A";20;"A";32.85;"A";26.87;"A";20.59;"A"
"2025-01-09 14:30";13.91;"A";62.22;"A";1008.06;"A";227;"A";30;"A";0;"A";9;"A";20;"A";28.78;"A";22.24;"A";16.9;"A"
"2025-01-09 14:45";13.88;"A";62.16;"A";1008.04;"A";194;"A";31;"A";0;"A";10;"A";21;"A";34.54;"A";26.48;"A";19.41;"A"
"2025-01-09 15:00";13.73;"A";64.33;"A";1007.92;"A";209;"A";32;"A";0;"A";13;"A";19;"A";32.03;"A";24.97;"A";19.18;"A"
"2025-01-09 15:15";13.31;"A";65.89;"A";1007.98;"A";217;"A";32;"A";0;"A";12;"A";19;"A";35.78;"A";28.54;"A";21.69;"A"
"2025-01-09 15:30";12.99;"A";67.01;"A";1008.15;"A";188;"A";31;"A";0;"A";11;"A";20;"A";32.64;"A";24.58;"A";18.67;"A"
"2025-01-09 15:45";12.49;"A";69.37;"A";1008.15;"A";194;"A";31;"A";0;"A";10;"A";21;"A";26.25;"A";19.89;"A";15.32;"A"
"2025-01-09 16:00";12.1;"A";70.81;"A";1008.23;"A";171;"A";30;"A";0;"A";10;"A";20;"A";25.71;"A";19.83;"A";14.58;"A"
"2025-01-09 16:15";11.66;"A";72.28;"A";1008.3;"A";185;"A";30;"A";0;"A";11;"A";18;"A";25.96;"A";19.82;"A";14.84;"A"
"2025-01-09 16:30";11.17;"A";74.52;"A";1008.39;"A";181;"A";30;"A";0;"A";13;"A";17;"A";30.58;"A";23.12;"A";17.28;"A"
"2025-01-09 16:45";10.77;"A";76.09;"A";1008.35;"A";230;"A";29;"A";0;"A";14;"A";15;"A";29.98;"A";23.96;"A";18.13;"A"
"2025-01-09 17:00";10.45;"A";78;"A";1008.27;"A";190;"A";29;"A";0;"A";13;"A";16;"A";46.18;"A";35.53;"A";25.77;"A"
"2025-01-09 17:15";10.15;"A";79.44;"A";1008.31;"A";193;"A";28;"A";0;"A";12;"A";16;"A";52.49;"A";40.8;"A";30.21;"A"
"2025-01-09 17:30";9.94;"A";80.26;"A";1008.19;"A";200;"A";27;"A";0;"A";13;"A";15;"A";63.05;"A";48.82;"A";35.13;"A"
"2025-01-09 17:45";9.5;"A";81.99;"A";1008.2;"A";204;"A";26;"A";0;"A";11;"A";15;"A";71.24;"A";55.71;"A";44.5;"A"
"2025-01-09 18:00";9.22;"A";83.08;"A";1008.23;"A";203;"A";27;"A";0;"A";13;"A";14;"A";50;"A";36.38;"A";34.51;"A"
"2025-01-09 18:15";8.82;"A";84.68;"A";1008.24;"A";189;"A";27;"A";0;"A";13;"A";13;"A";44.31;"A";32.21;"A";30.53;"A"
"2025-01-09 18:30";8.36;"A";87.52;"A";1008.54;"A";243;"A";26;"A";0;"A";13;"A";13;"A";110.45;"A";80.67;"A";76.83;"A"
"2025-01-09 18:45";8.13;"A";89.2;"A";1008.46;"A";187;"A";25;"A";1;"A";10;"A";15;"A";90.07;"A";65.74;"A";62.56;"A"
"2025-01-09 19:00";7.93;"A";90.41;"A";1008.36;"A";156;"A";24;"A";1;"A";8;"A";16;"A";74.63;"A";54.43;"A";51.76;"A"
"2025-01-09 19:15";7.69;"A";91.22;"A";1008.31;"A";136;"A";25;"A";1;"A";7;"A";18;"A";61.9;"A";45.1;"A";42.85;"A"
"2025-01-09 19:30";7.64;"A";92.01;"A";1008.35;"A";115;"A";25;"A";1;"A";6;"A";19;"A";52.15;"A";37.96;"A";36.02;"A"
"2025-01-09 19:45";7.56;"A";92.74;"A";1008.33;"A";121;"A";25;"A";1;"A";7;"A";18;"A";61.45;"A";44.77;"A";42.53;"A"
"2025-01-09 20:00";7.59;"A";93.13;"A";1008.24;"A";131;"A";25;"A";1;"A";7;"A";18;"A";62.65;"A";45.65;"A";43.37;"A"
"2025-01-09 20:15";7.78;"A";93.08;"A";1008.17;"A";147;"A";25;"A";1;"A";8;"A";17;"A";75.94;"A";55.38;"A";52.67;"A"
"2025-01-09 20:30";7.97;"A";93.06;"A";1007.98;"A";156;"A";26;"A";0;"A";9;"A";17;"A";92.75;"A";67.7;"A";64.44;"A"
"2025-01-09 20:45";8.13;"A";93.01;"A";1007.89;"A";222;"A";26;"A";1;"A";10;"A";16;"A";139.15;"A";101.7;"A";96.92;"A"
"2025-01-09 21:00";8.41;"A";92.7;"A";1007.66;"A";255;"A";25;"A";1;"A";8;"A";17;"A";104.86;"A";76.57;"A";72.91;"A"
"2025-01-09 21:15";8.57;"A";92.44;"A";1007.67;"A";207;"A";26;"A";1;"A";6;"A";20;"A";54.65;"A";39.79;"A";37.77;"A"
"2025-01-09 21:30";8.71;"A";91.95;"A";1007.49;"A";286;"A";26;"A";1;"A";6;"A";20;"A";43.17;"A";31.38;"A";29.74;"A"
"2025-01-09 21:45";8.72;"A";91.74;"A";1007.4;"A";387;"A";27;"A";1;"A";6;"A";21;"A";41.57;"A";30.21;"A";28.62;"A"
"2025-01-09 22:00";8.76;"A";91.55;"A";1007.49;"A";314;"A";28;"A";1;"A";6;"A";22;"A";36.03;"A";26.15;"A";24.74;"A"
"2025-01-09 22:15";8.86;"A";91.25;"A";1007.51;"A";361;"A";29;"A";0;"A";8;"A";21;"A";35.26;"A";25.59;"A";24.2;"A"
"2025-01-09 22:30";8.96;"A";91.02;"A";1007.41;"A";316;"A";29;"A";0;"A";8;"A";22;"A";35.96;"A";26.09;"A";24.68;"A"
"2025-01-09 22:45";9.02;"A";90.89;"A";1007.46;"A";1546;"A";31;"A";0;"A";9;"A";22;"A";51.53;"A";37.5;"A";35.58;"A"
"2025-01-09 23:00";9.11;"A";90.84;"A";1007.45;"A";1584;"A";32;"A";0;"A";10;"A";21;"A";45.31;"A";32.94;"A";31.23;"A"
"2025-01-09 23:15";9.19;"A";90.95;"A";1007.34;"A";286;"A";32;"A";0;"A";12;"A";20;"A";46.63;"A";33.91;"A";32.16;"A"
"2025-01-09 23:30";9.21;"A";91.27;"A";1007.18;"A";273;"A";31;"A";0;"A";10;"A";21;"A";40.94;"A";29.75;"A";28.18;"A"
"2025-01-09 23:45";9.11;"A";91.57;"A";1007.28;"A";577;"A";29;"A";0;"A";6;"A";23;"A";36.18;"A";26.26;"A";24.84;"A"
"2025-01-10 00:00";9.01;"A";91.36;"A";1007.15;"A";310;"A";29;"A";0;"A";6;"A";22;"A";42.09;"A";30.59;"A";28.98;"A"
"2025-01-10 00:15";8.93;"A";90.65;"A";1007.01;"A";109;"A";30;"A";0;"A";5;"A";24;"A";26.89;"A";19.45;"A";18.34;"A"
"2025-01-10 00:30";8.8;"A";90.61;"A";1006.85;"A";199;"A";31;"A";0;"A";9;"A";22;"A";22.68;"A";16.37;"A";15.39;"A"
"2025-01-10 00:45";8.7;"A";90.94;"A";1006.8;"A";215;"A";31;"A";0;"A";9;"A";22;"A";21.35;"A";15.39;"A";14.46;"A"
"2025-01-10 01:00";8.67;"A";91.3;"A";1006.66;"A";173;"A";30;"A";0;"A";8;"A";22;"A";23.5;"A";16.97;"A";15.97;"A"
"2025-01-10 01:15";8.65;"A";91.32;"A";1006.72;"A";126;"A";30;"A";0;"A";7;"A";23;"A";23.52;"A";16.98;"A";15.98;"A"
"2025-01-10 01:30";8.63;"A";91.43;"A";1006.57;"A";263;"A";30;"A";0;"A";9;"A";21;"A";23.76;"A";17.16;"A";16.15;"A"
"2025-01-10 01:45";8.63;"A";91.24;"A";1006.45;"A";270;"A";31;"A";0;"A";10;"A";21;"A";23.19;"A";16.74;"A";15.75;"A"
"2025-01-10 02:00";8.64;"A";90.99;"A";1006.35;"A";207;"A";31;"A";0;"A";9;"A";22;"A";23.84;"A";17.21;"A";16.2;"A"
"2025-01-10 02:15";8.66;"A";90.95;"A";1006.3;"A";280;"A";31;"A";0;"A";10;"A";21;"A";25.12;"A";18.15;"A";17.1;"A"
"2025-01-10 02:30";8.72;"A";90.8;"A";1006.21;"A";288;"A";31;"A";0;"A";11;"A";20;"A";27.66;"A";20.01;"A";18.88;"A"
"2025-01-10 02:45";8.7;"A";90.96;"A";1006.17;"A";278;"A";31;"A";0;"A";8;"A";23;"A";32.14;"A";23.3;"A";22.01;"A"
"2025-01-10 03:00";8.74;"A";90.86;"A";1006.09;"A";295;"A";32;"A";0;"A";10;"A";21;"A";34.08;"A";24.72;"A";23.37;"A"
"2025-01-10 03:15";8.81;"A";90.78;"A";1006.08;"A";747;"A";32;"A";0;"A";11;"A";21;"A";52.53;"A";38.23;"A";36.28;"A"
"2025-01-10 03:30";8.88;"A";90.7;"A";1005.92;"A";845;"A";33;"A";0;"A";11;"A";21;"A";74.08;"A";54.02;"A";51.37;"A"
"2025-01-10 03:45";9.01;"A";90.64;"A";1005.84;"A";255;"A";32;"A";0;"A";8;"A";24;"A";56.66;"A";41.26;"A";39.18;"A"
"2025-01-10 04:00";9.14;"A";90.79;"A";1005.88;"A";138;"A";31;"A";0;"A";6;"A";25;"A";37.99;"A";27.58;"A";26.11;"A"
"2025-01-10 04:15";9.26;"A";90.68;"A";1005.71;"A";337;"A";32;"A";0;"A";8;"A";24;"A";70.5;"A";51.4;"A";48.86;"A"
"2025-01-10 04:30";9.41;"A";90.4;"A";1005.6;"A";390;"A";32;"A";0;"A";10;"A";22;"A";73;"A";53.23;"A";50.61;"A"
"2025-01-10 04:45";9.52;"A";90.52;"A";1005.56;"A";458;"A";32;"A";0;"A";9;"A";23;"A";55.13;"A";40.14;"A";38.11;"A"
"2025-01-10 05:00";9.58;"A";90.57;"A";1005.38;"A";460;"A";33;"A";0;"A";11;"A";21;"A";31.81;"A";23.05;"A";21.78;"A"
"2025-01-10 05:15";9.59;"A";90.73;"A";1005.16;"A";386;"A";33;"A";0;"A";11;"A";22;"A";43.22;"A";31.42;"A";29.77;"A"
"2025-01-10 05:30";9.59;"A";90.74;"A";1005.2;"A";288;"A";33;"A";0;"A";9;"A";24;"A";45.52;"A";33.1;"A";31.38;"A"
"2025-01-10 05:45";9.64;"A";91.04;"A";1005.2;"A";453;"A";33;"A";0;"A";11;"A";22;"A";61;"A";44.44;"A";42.21;"A"
"2025-01-10 06:00";9.79;"A";90.78;"A";1005.24;"A";457;"A";34;"A";0;"A";13;"A";21;"A";57.28;"A";41.71;"A";39.61;"A"
"2025-01-10 06:15";9.93;"A";90.43;"A";1005.16;"A";434;"A";33;"A";0;"A";12;"A";21;"A";81.57;"A";59.51;"A";56.61;"A"
"2025-01-10 06:30";10.06;"A";90.44;"A";1005.07;"A";418;"A";33;"A";0;"A";12;"A";21;"A";83.42;"A";60.86;"A";57.91;"A"
"2025-01-10 06:45";10.16;"A";90.53;"A";1005.17;"A";277;"A";32;"A";0;"A";10;"A";22;"A";69.17;"A";50.43;"A";47.93;"A"
"2025-01-10 07:00";10.3;"A";90.33;"A";1005.13;"A";337;"A";31;"A";0;"A";10;"A";21;"A";80.7;"A";58.87;"A";56;"A"
"2025-01-10 07:15";10.46;"A";89.41;"A";1005.31;"A";578;"A";32;"A";0;"A";12;"A";20;"A";78.43;"A";57.21;"A";54.42;"A"
"2025-01-10 07:30";10.59;"A";88.57;"A";1005.5;"A";491;"A";32;"A";0;"A";12;"A";20;"A";88.42;"A";64.53;"A";61.41;"A"
"2025-01-10 07:45";10.63;"A";88.15;"A";1005.54;"A";490;"A";33;"A";0;"A";14;"A";19;"A";82.48;"A";60.18;"A";57.25;"A"
"2025-01-10 08:00";10.61;"A";87.63;"A";1005.59;"A";230;"A";32;"A";0;"A";10;"A";21;"A";58.72;"A";42.77;"A";40.62;"A"
"2025-01-10 08:15";10.66;"A";86.59;"A";1005.47;"A";322;"A";33;"A";0;"A";12;"A";21;"A";38.44;"A";27.91;"A";26.42;"A"
"2025-01-10 08:30";10.53;"A";86.26;"A";1005.57;"A";1032;"A";33;"A";0;"A";13;"A";20;"A";42.07;"A";30.58;"A";28.97;"A"
"2025-01-10 08:45";10.54;"A";85.3;"A";1005.73;"A";1371;"A";33;"A";0;"A";12;"A";21;"A";38.63;"A";28.06;"A";26.56;"A"
"2025-01-10 09:00";10.49;"A";84.7;"A";1005.74;"A";571;"A";33;"A";0;"A";13;"A";20;"A";34.73;"A";25.2;"A";23.83;"A"
"2025-01-10 09:15";10.53;"A";84.02;"A";1005.7;"A";296;"A";34;"A";0;"A";12;"A";22;"A";35.86;"A";26.02;"A";24.62;"A"
"2025-01-10 09:30";10.63;"A";83.36;"A";1005.52;"A";1716;"A";34;"A";0;"A";13;"A";21;"A";40.02;"A";29.07;"A";27.53;"A"
"2025-01-10 09:45";10.77;"A";82.98;"A";1005.47;"A";1346;"A";33;"A";0;"A";11;"A";22;"A";39.56;"A";28.73;"A";27.21;"A"
"2025-01-10 10:00";11.34;"A";80.98;"A";1005.36;"A";489;"A";34;"A";0;"A";11;"A";22;"A";31.33;"A";22.71;"A";21.45;"A"
"2025-01-10 10:15";11.74;"A";78.91;"A";1005.26;"A";542;"A";33;"A";0;"A";9;"A";24;"A";29.65;"A";22.33;"A";19.16;"A"
"2025-01-10 10:30";11.83;"A";77.92;"A";1004.85;"A";986;"A";35;"A";0;"A";9;"A";26;"A";30.65;"A";24.21;"A";17.98;"A"
"2025-01-10 10:45";11.96;"A";77.16;"A";1004.6;"A";848;"A";36;"A";0;"A";12;"A";24;"A";28.68;"A";22.86;"A";17.27;"A"
"2025-01-10 11:00";12.49;"A";74.86;"A";1004.4;"A";321;"A";35;"A";0;"A";10;"A";25;"A";22.64;"A";18.74;"A";14.15;"A"
"2025-01-10 11:15";13.14;"A";72.75;"A";1004.16;"A";384;"A";35;"A";0;"A";9;"A";26;"A";22.42;"A";16.56;"A";11.81;"A"
"2025-01-10 11:30";13.33;"A";71.54;"A";1004.08;"A";453;"A";36;"A";0;"A";10;"A";26;"A";20.1;"A";14.12;"A";10.33;"A"
"2025-01-10 11:45";13.18;"A";71.31;"A";1003.83;"A";403;"A";36;"A";0;"A";10;"A";27;"A";19.84;"A";14.39;"A";10.93;"A"
"2025-01-10 12:00";13.56;"A";70.36;"A";1003.71;"A";966;"A";36;"A";0;"A";10;"A";27;"A";21.67;"A";16.14;"A";12.23;"A"
"2025-01-10 12:15";14.11;"A";67.76;"A";1003.56;"A";1349;"A";34;"A";0;"A";8;"A";27;"A";22.29;"A";16.62;"A";12.19;"A"
"2025-01-10 12:30";14.02;"A";67.58;"A";1003.3;"A";334;"A";36;"A";0;"A";10;"A";26;"A";16.4;"A";11.16;"A";8.63;"A"
"2025-01-10 12:45";14.14;"A";67.15;"A";1003.13;"A";845;"A";38;"A";0;"A";11;"A";27;"A";21.58;"A";16.98;"A";13.07;"A"
"2025-01-10 13:00";14.54;"A";65.57;"A";1002.74;"A";699;"A";35;"A";0;"A";6;"A";28;"A";17.18;"A";12.63;"A";9.83;"A"
"2025-01-10 13:15";14.66;"A";64.3;"A";1002.63;"A";417;"A";34;"A";0;"A";5;"A";28;"A";16.96;"A";11.11;"A";8.5;"A"
"2025-01-10 13:30";14.73;"A";64.07;"A";1002.39;"A";455;"A";35;"A";0;"A";6;"A";29;"A";18.92;"A";14.49;"A";10.57;"A"
"2025-01-10 13:45";14.58;"A";64.38;"A";1002.43;"A";472;"A";36;"A";0;"A";7;"A";29;"A";16.38;"A";11.26;"A";8.45;"A"
"2025-01-10 14:00";14.61;"A";64.62;"A";1002.39;"A";523;"A";37;"A";0;"A";8;"A";29;"A";15.32;"A";10.43;"A";7.83;"A"
"2025-01-10 14:15";14.67;"A";64.99;"A";1002.27;"A";418;"A";36;"A";0;"A";8;"A";28;"A";13.98;"A";9.94;"A";7.05;"A"
"2025-01-10 14:30";14.6;"A";64.86;"A";1002.09;"A";393;"A";36;"A";0;"A";9;"A";27;"A";12.3;"A";8.98;"A";6.85;"A"
"2025-01-10 14:45";14.65;"A";64.09;"A";1001.99;"A";423;"A";37;"A";0;"A";10;"A";27;"A";14.31;"A";10.53;"A";7.67;"A"
"2025-01-10 15:00";14.41;"A";65.83;"A";1001.95;"A";680;"A";37;"A";0;"A";10;"A";27;"A";22.14;"A";15.29;"A";11.5;"A"
"2025-01-10 15:15";14.1;"A";68.61;"A";1001.93;"A";745;"A";36;"A";0;"A";9;"A";27;"A";23.87;"A";16.75;"A";12.19;"A"
"2025-01-10 15:30";13.89;"A";70.29;"A";1001.77;"A";550;"A";35;"A";0;"A";8;"A";27;"A";27.56;"A";20.81;"A";15.6;"A"
"2025-01-10 15:45";13.78;"A";71.33;"A";1001.79;"A";376;"A";35;"A";0;"A";7;"A";28;"A";30.06;"A";22.76;"A";16.59;"A"
"2025-01-10 16:00";13.5;"A";73.11;"A";1001.69;"A";392;"A";35;"A";0;"A";8;"A";26;"A";32.05;"A";23.66;"A";17.09;"A"
"2025-01-10 16:15";13.21;"A";74.65;"A";1001.44;"A";289;"A";33;"A";0;"A";8;"A";26;"A";26.8;"A";21.07;"A";16.05;"A"
"2025-01-10 16:30";13;"A";75.41;"A";1001.31;"A";251;"A";33;"A";0;"A";7;"A";25;"A";30.23;"A";23.67;"A";17.66;"A"
"2025-01-10 16:45";12.65;"A";76.3;"A";1001.07;"A";350;"A";33;"A";0;"A";8;"A";25;"A";27.91;"A";23.04;"A";17.11;"A"
"2025-01-10 17:00";12.28;"A";77;"A";1000.89;"A";413;"A";33;"A";0;"A";8;"A";25;"A";27.76;"A";21.54;"A";16.02;"A"
"2025-01-10 17:15";12.05;"A";77.36;"A";1000.93;"A";465;"A";32;"A";0;"A";8;"A";24;"A";29.51;"A";23.28;"A";17.63;"A"
"2025-01-10 17:30";11.86;"A";77.45;"A";1000.92;"A";641;"A";32;"A";0;"A";11;"A";21;"A";40.31;"A";31.97;"A";24.15;"A"
"2025-01-10 17:45";11.84;"A";76.75;"A";1000.87;"A";1690;"A";32;"A";0;"A";11;"A";21;"A";38.11;"A";28.44;"A";20.84;"A"
"2025-01-10 18:00";11.6;"A";76.94;"A";1000.73;"A";2277;"A";32;"A";0;"A";10;"A";22;"A";39.32;"A";28.67;"A";21.08;"A"
"2025-01-10 18:15";11.55;"A";76.64;"A";1000.76;"A";1592;"A";31;"A";0;"A";9;"A";22;"A";39.82;"A";29.53;"A";21.21;"A"
"2025-01-10 18:30";11.47;"A";76.71;"A";1000.7;"A";1402;"A";32;"A";0;"A";10;"A";22;"A";44.1;"A";33.61;"A";24.12;"A"
"2025-01-10 18:45";11.23;"A";77.3;"A";1000.51;"A";1251;"A";31;"A";0;"A";9;"A";22;"A";43.69;"A";34.65;"A";25.46;"A"
"2025-01-10 19:00";11.11;"A";77.34;"A";1000.26;"A";959;"A";30;"A";0;"A";8;"A";23;"A";52.45;"A";40.5;"A";29.03;"A"
"2025-01-10 19:15";10.95;"A";77.27;"A";1000.32;"A";789;"A";30;"A";0;"A";8;"A";23;"A";40.78;"A";33.1;"A";24.25;"A"
"2025-01-10 19:30";10.78;"A";77.32;"A";1000.29;"A";702;"A";31;"A";0;"A";8;"A";22;"A";39.61;"A";29.62;"A";21.86;"A"
"2025-01-10 19:45";10.72;"A";76.31;"A";1000.22;"A";801;"A";31;"A";0;"A";9;"A";22;"A";50;"A";37.82;"A";27.81;"A"
"2025-01-10 20:00";10.57;"A";76.28;"A";1000.09;"A";870;"A";32;"A";0;"A";9;"A";23;"A";57.96;"A";44.71;"A";33.42;"A"
"2025-01-10 20:15";10.49;"A";76.14;"A";1000.12;"A";1174;"A";33;"A";0;"A";11;"A";22;"A";60.37;"A";45.65;"A";33.43;"A"
"2025-01-10 20:30";10.59;"A";75.68;"A";1000.18;"A";1530;"A";34;"A";0;"A";13;"A";20;"A";50.51;"A";37.05;"A";26.85;"A"
"2025-01-10 20:45";10.48;"A";76.43;"A";999.97;"A";446;"A";34;"A";0;"A";14;"A";20;"A";46.12;"A";36.14;"A";25.89;"A"
"2025-01-10 21:00";10.45;"A";77.06;"A";999.75;"A";1491;"A";34;"A";0;"A";15;"A";19;"A";53.84;"A";45.04;"A";33.84;"A"
"2025-01-10 21:15";10.38;"A";77.26;"A";999.46;"A";2073;"A";34;"A";0;"A";14;"A";20;"A";48.77;"A";38.56;"A";29.12;"A"
"2025-01-10 21:30";10.19;"A";77.95;"A";999.45;"A";773;"A";33;"A";0;"A";12;"A";21;"A";38.25;"A";30.77;"A";23.15;"A"
"2025-01-10 21:45";10.05;"A";78.57;"A";999.33;"A";682;"A";33;"A";0;"A";12;"A";22;"A";38.4;"A";29.45;"A";22.55;"A"
"2025-01-10 22:00";9.94;"A";78.84;"A";999.36;"A";404;"A";33;"A";0;"A";12;"A";22;"A";31.82;"A";24.71;"A";18.23;"A"
"2025-01-10 22:15";9.76;"A";79.5;"A";999.37;"A";356;"A";33;"A";0;"A";11;"A";23;"A";41.1;"A";31.7;"A";24.81;"A"
"2025-01-10 22:30";9.72;"A";80.18;"A";999.1;"A";619;"A";34;"A";0;"A";13;"A";21;"A";42.01;"A";30.53;"A";28.92;"A"
"2025-01-10 22:45";9.57;"A";80.57;"A";998.9;"A";529;"A";34;"A";0;"A";14;"A";20;"A";37.28;"A";27.07;"A";25.61;"A"
"2025-01-10 23:00";9.52;"A";81.28;"A";998.85;"A";531;"A";34;"A";0;"A";14;"A";21;"A";40.16;"A";29.17;"A";27.63;"A"
"2025-01-10 23:15";9.52;"A";81.66;"A";998.59;"A";608;"A";34;"A";0;"A";11;"A";22;"A";61.85;"A";45.06;"A";42.81;"A"
"2025-01-10 23:30";9.37;"A";82.49;"A";998.52;"A";470;"A";33;"A";0;"A";10;"A";23;"A";77.3;"A";56.38;"A";53.62;"A"
"2025-01-10 23:45";9.21;"A";83.01;"A";998.69;"A";385;"A";32;"A";0;"A";9;"A";23;"A";65.23;"A";47.54;"A";45.18;"A"
"2025-01-11 00:00";9.15;"A";83.72;"A";998.47;"A";202;"A";32;"A";0;"A";8;"A";24;"A";46.58;"A";33.88;"A";32.12;"A"
"2025-01-11 00:15";9.18;"A";84.74;"A";998.31;"A";291;"A";32;"A";0;"A";8;"A";24;"A";71.11;"A";51.85;"A";49.29;"A"
"2025-01-11 00:30";9.17;"A";85.69;"A";997.91;"A";294;"A";32;"A";0;"A";8;"A";24;"A";73.85;"A";53.85;"A";51.21;"A"
"2025-01-11 00:45";9.28;"A";86.22;"A";997.88;"A";185;"A";32;"A";0;"A";8;"A";25;"A";62.44;"A";45.49;"A";43.22;"A"
"2025-01-11 01:00";9.31;"A";86.57;"A";997.81;"A";127;"A";32;"A";0;"A";7;"A";25;"A";52.31;"A";38.08;"A";36.14;"A"
"2025-01-11 01:15";9.48;"A";86.65;"A";997.57;"A";117;"A";32;"A";0;"A";7;"A";25;"A";48.02;"A";34.93;"A";33.13;"A"
"2025-01-11 01:30";9.71;"A";86.38;"A";997.6;"A";116;"A";32;"A";0;"A";6;"A";26;"A";47.51;"A";34.56;"A";32.77;"A"
"2025-01-11 01:45";9.88;"A";85.91;"A";997.6;"A";111;"A";32;"A";0;"A";6;"A";26;"A";49.74;"A";36.19;"A";34.33;"A"
"2025-01-11 02:00";9.96;"A";85.73;"A";997.75;"A";107;"A";32;"A";0;"A";6;"A";26;"A";48.3;"A";35.14;"A";33.33;"A"
"2025-01-11 02:15";10.02;"A";85.72;"A";997.71;"A";109;"A";32;"A";0;"A";6;"A";26;"A";47.84;"A";34.8;"A";33;"A"
"2025-01-11 02:30";10.1;"A";85.78;"A";997.72;"A";106;"A";31;"A";0;"A";6;"A";26;"A";49.5;"A";36.02;"A";34.17;"A"
"2025-01-11 02:45";10.14;"A";85.91;"A";997.59;"A";105;"A";31;"A";0;"A";5;"A";26;"A";50.35;"A";36.64;"A";34.76;"A"
"2025-01-11 03:00";10.23;"A";85.81;"A";997.47;"A";103;"A";31;"A";0;"A";5;"A";26;"A";51.84;"A";37.73;"A";35.8;"A"
"2025-01-11 03:15";10.31;"A";85.71;"A";997.27;"A";103;"A";31;"A";0;"A";5;"A";26;"A";53.17;"A";38.71;"A";36.74;"A"
"2025-01-11 03:30";10.33;"A";85.73;"A";997.13;"A";102;"A";30;"A";0;"A";5;"A";25;"A";54.46;"A";39.65;"A";37.63;"A"
"2025-01-11 03:45";10.35;"A";85.69;"A";997.03;"A";101;"A";30;"A";0;"A";6;"A";24;"A";54.37;"A";39.59;"A";37.58;"A"
"2025-01-11 04:00";10.33;"A";85.86;"A";997.12;"A";101;"A";30;"A";0;"A";7;"A";24;"A";56.61;"A";41.22;"A";39.14;"A"
"2025-01-11 04:15";10.31;"A";85.8;"A";997.25;"A";103;"A";30;"A";0;"A";6;"A";24;"A";55.37;"A";40.31;"A";38.27;"A"
"2025-01-11 04:30";10.33;"A";85.35;"A";997.2;"A";100;"A";30;"A";0;"A";6;"A";24;"A";53.94;"A";39.27;"A";37.28;"A"
"2025-01-11 04:45";10.32;"A";85.19;"A";997.15;"A";102;"A";29;"A";0;"A";6;"A";24;"A";53.82;"A";39.18;"A";37.19;"A"
"2025-01-11 05:00";10.34;"A";84.32;"A";997.24;"A";105;"A";29;"A";0;"A";5;"A";23;"A";53.23;"A";38.75;"A";36.78;"A"
"2025-01-11 05:15";10.27;"A";84.27;"A";997.27;"A";106;"A";30;"A";0;"A";7;"A";23;"A";52.68;"A";38.34;"A";36.39;"A"
"2025-01-11 05:30";10.13;"A";84.63;"A";997.48;"A";110;"A";29;"A";0;"A";7;"A";22;"A";55.64;"A";40.51;"A";38.46;"A"
"2025-01-11 05:45";9.88;"A";84.91;"A";997.63;"A";104;"A";29;"A";0;"A";6;"A";23;"A";57.21;"A";41.67;"A";39.56;"A"
"2025-01-11 06:00";8.79;"A";83.14;"A";998.07;"A";108;"A";24;"A";0;"A";4;"A";20;"A";27.65;"A";20.35;"A";18.15;"A"
"2025-01-11 06:15";7.17;"A";84.65;"A";998.56;"A";105;"A";27;"A";0;"A";8;"A";19;"A";5.92;"A";3.55;"A";2.1;"A"
"2025-01-11 06:30";6.3;"A";84.88;"A";998.93;"A";95;"A";26;"A";1;"A";5;"A";21;"A";3.22;"A";2;"A";1.39;"A"
"2025-01-11 06:45";5.55;"A";85.41;"A";999.2;"A";80;"A";27;"A";0;"A";5;"A";21;"A";2.66;"A";1.51;"A";1.02;"A"
"2025-01-11 07:00";4.99;"A";85.01;"A";999.46;"A";76;"A";27;"A";0;"A";5;"A";22;"A";2.67;"A";1.75;"A";1.28;"A"
"2025-01-11 07:15";4.71;"A";85.98;"A";999.8;"A";77;"A";27;"A";0;"A";6;"A";21;"A";3.05;"A";1.99;"A";1.65;"A"
"2025-01-11 07:30";4.5;"A";87.04;"A";1000.41;"A";77;"A";27;"A";0;"A";6;"A";21;"A";3.66;"A";2.43;"A";2.08;"A"
"2025-01-11 07:45";4.5;"A";86.02;"A";1000.64;"A";80;"A";27;"A";0;"A";6;"A";21;"A";3.73;"A";2.48;"A";2.12;"A"
"2025-01-11 08:00";4.43;"A";86.04;"A";1000.7;"A";79;"A";27;"A";0;"A";6;"A";21;"A";3.33;"A";2.19;"A";1.85;"A"
"2025-01-11 08:15";4.37;"A";85.73;"A";1001.03;"A";70;"A";27;"A";0;"A";5;"A";22;"A";3.24;"A";2.13;"A";1.78;"A"
"2025-01-11 08:30";3.98;"A";85.72;"A";1001.32;"A";76;"A";28;"A";0;"A";6;"A";22;"A";4.67;"A";3.17;"A";2.78;"A"
"2025-01-11 08:45";3.68;"A";85.66;"A";1001.28;"A";74;"A";28;"A";0;"A";7;"A";22;"A";3.78;"A";2.52;"A";2.16;"A"
"2025-01-11 09:00";3.58;"A";85.96;"A";1001.71;"A";80;"A";29;"A";0;"A";7;"A";22;"A";3.91;"A";2.62;"A";2.25;"A"
"2025-01-11 09:15";3.45;"A";85.64;"A";1002.14;"A";84;"A";28;"A";0;"A";7;"A";21;"A";4.07;"A";2.74;"A";2.37;"A"
"2025-01-11 09:30";3.55;"A";85.57;"A";1002.12;"A";87;"A";28;"A";0;"A";8;"A";20;"A";4.22;"A";2.85;"A";2.47;"A"
"2025-01-11 09:45";3.65;"A";84.91;"A";1002.49;"A";80;"A";28;"A";0;"A";7;"A";21;"A";5.1;"A";3.49;"A";3.09;"A"
"2025-01-11 10:00";3.83;"A";84.26;"A";1002.77;"A";83;"A";28;"A";0;"A";8;"A";20;"A";5.48;"A";3.77;"A";3.35;"A"
"2025-01-11 10:15";3.92;"A";83.65;"A";1003.17;"A";87;"A";29;"A";0;"A";8;"A";20;"A";5.54;"A";3.9;"A";3.4;"A"
"2025-01-11 10:30";3.95;"A";82.7;"A";1003.22;"A";86;"A";29;"A";0;"A";9;"A";21;"A";5.18;"A";3.66;"A";2.89;"A"
"2025-01-11 10:45";4;"A";81.79;"A";1003.57;"A";86;"A";30;"A";0;"A";8;"A";22;"A";4.31;"A";3.08;"A";2.48;"A"
"2025-01-11 11:00";3.97;"A";81.11;"A";1003.39;"A";88;"A";31;"A";0;"A";9;"A";22;"A";5.76;"A";3.86;"A";2.79;"A"
"2025-01-11 11:15";4.03;"A";81.38;"A";1003.53;"A";103;"A";32;"A";0;"A";9;"A";22;"A";4.46;"A";3.23;"A";2.67;"A"
"2025-01-11 11:30";4.18;"A";80.99;"A";1003.5;"A";88;"A";31;"A";0;"A";9;"A";22;"A";5.41;"A";3.79;"A";3.25;"A"
"2025-01-11 11:45";4.22;"A";80.2;"A";1003.83;"A";94;"A";31;"A";0;"A";8;"A";23;"A";4.13;"A";3.29;"A";2.61;"A"
"2025-01-11 12:00";4.19;"A";78.54;"A";1003.69;"A";78;"A";31;"A";0;"A";7;"A";24;"A";4.4;"A";3.46;"A";2.38;"A"
"2025-01-11 12:15";4.25;"A";77.99;"A";1003.85;"A";89;"A";32;"A";0;"A";9;"A";23;"A";5.18;"A";3.51;"A";2.56;"A"
"2025-01-11 12:30";4.25;"A";77.34;"A";1003.82;"A";87;"A";32;"A";0;"A";7;"A";25;"A";6.18;"A";4.64;"A";3.32;"A"
"2025-01-11 12:45";4.36;"A";76.82;"A";1003.83;"A";84;"A";33;"A";0;"A";8;"A";25;"A";5;"A";3.54;"A";2.57;"A"
"2025-01-11 13:00";4.58;"A";74;"A";1003.53;"A";73;"A";34;"A";0;"A";8;"A";26;"A";5.01;"A";3.64;"A";2.81;"A"
"2025-01-11 13:15";5.07;"A";71.86;"A";1003.6;"A";72;"A";32;"A";0;"A";6;"A";26;"A";5.87;"A";3.73;"A";2.7;"A"
"2025-01-11 13:30";5.26;"A";70.92;"A";1003.69;"A";90;"A";33;"A";0;"A";7;"A";26;"A";6.25;"A";4.32;"A";3.13;"A"
"2025-01-11 13:45";5.43;"A";70.63;"A";1003.85;"A";78;"A";34;"A";0;"A";7;"A";27;"A";5.28;"A";3.67;"A";2.87;"A"
"2025-01-11 14:00";5.33;"A";68.44;"A";1004.1;"A";99;"A";34;"A";0;"A";7;"A";26;"A";6.55;"A";4.36;"A";3.19;"A"
"2025-01-11 14:15";5.3;"A";68.07;"A";1004.3;"A";91;"A";36;"A";0;"A";12;"A";23;"A";7.01;"A";4.58;"A";3.26;"A"
"2025-01-11 14:30";5.23;"A";67.71;"A";1004.35;"A";100;"A";35;"A";0;"A";9;"A";26;"A";6.51;"A";5.12;"A";3.96;"A"
"2025-01-11 14:45";5.24;"A";66.46;"A";1004.56;"A";78;"A";35;"A";0;"A";8;"A";26;"A";7.46;"A";5.14;"A";3.54;"A"
"2025-01-11 15:00";5.2;"A";66.54;"A";1004.61;"A";87;"A";35;"A";0;"A";8;"A";27;"A";6.97;"A";4.98;"A";3.7;"A"
"2025-01-11 15:15";5.12;"A";66.49;"A";1004.64;"A";76;"A";35;"A";0;"A";9;"A";26;"A";7.02;"A";5.34;"A";3.92;"A"
"2025-01-11 15:30";4.97;"A";68.15;"A";1004.92;"A";73;"A";34;"A";0;"A";8;"A";26;"A";7.9;"A";5.81;"A";4.18;"A"
"2025-01-11 15:45";4.83;"A";66.24;"A";1005.17;"A";91;"A";34;"A";0;"A";8;"A";26;"A";10.35;"A";7.35;"A";5.43;"A"
"2025-01-11 16:00";4.58;"A";67.91;"A";1005.24;"A";124;"A";35;"A";0;"A";11;"A";24;"A";20.66;"A";15.05;"A";10.83;"A"
"2025-01-11 16:15";4.42;"A";68.86;"A";1005.17;"A";172;"A";34;"A";0;"A";10;"A";24;"A";15.73;"A";11.72;"A";8.84;"A"
"2025-01-11 16:30";4.21;"A";70.51;"A";1005.35;"A";175;"A";33;"A";0;"A";11;"A";22;"A";14.4;"A";11.2;"A";8.17;"A"
"2025-01-11 16:45";4.13;"A";71;"A";1005.47;"A";114;"A";34;"A";0;"A";16;"A";19;"A";11.76;"A";7.87;"A";6.18;"A"
"2025-01-11 17:00";4.04;"A";71.1;"A";1005.8;"A";109;"A";33;"A";0;"A";13;"A";20;"A";12.33;"A";9.03;"A";6.71;"A"
"2025-01-11 17:15";3.65;"A";73.14;"A";1005.76;"A";130;"A";33;"A";0;"A";18;"A";16;"A";17.72;"A";12.18;"A";9.38;"A"
"2025-01-11 17:30";3.35;"A";74.63;"A";1006;"A";169;"A";34;"A";0;"A";22;"A";12;"A";22.77;"A";15.45;"A";11.41;"A"
"2025-01-11 17:45";3.21;"A";75.56;"A";1006.39;"A";165;"A";35;"A";0;"A";25;"A";10;"A";18.85;"A";14.25;"A";10.42;"A"
"2025-01-11 18:00";3.12;"A";75.71;"A";1006.69;"A";152;"A";34;"A";0;"A";26;"A";8;"A";15.91;"A";12.6;"A";9.63;"A"
"2025-01-11 18:15";3.19;"A";76.2;"A";1006.91;"A";147;"A";34;"A";0;"A";25;"A";9;"A";19.28;"A";15.3;"A";11.29;"A"
"2025-01-11 18:30";3.19;"A";74.84;"A";1006.88;"A";203;"A";33;"A";0;"A";20;"A";13;"A";19.44;"A";15.01;"A";11.06;"A"
"2025-01-11 18:45";3.36;"A";73.11;"A";1007.1;"A";270;"A";34;"A";0;"A";23;"A";12;"A";30.01;"A";24.08;"A";17.71;"A"
"2025-01-11 19:00";3.11;"A";75.04;"A";1007.01;"A";372;"A";34;"A";0;"A";25;"A";10;"A";56.3;"A";45.55;"A";34.22;"A"
"2025-01-11 19:15";2.78;"A";76.15;"A";1006.94;"A";334;"A";33;"A";0;"A";22;"A";11;"A";48.89;"A";38.53;"A";29.02;"A"
"2025-01-11 19:30";2.49;"A";78.26;"A";1007.11;"A";541;"A";34;"A";0;"A";28;"A";6;"A";65.47;"A";51.52;"A";38.21;"A"
"2025-01-11 19:45";2.27;"A";79.01;"A";1007.21;"A";684;"A";35;"A";0;"A";31;"A";4;"A";81.17;"A";64.86;"A";48.64;"A"
"2025-01-11 20:00";1.98;"A";81.27;"A";1007.34;"A";923;"A";35;"A";0;"A";31;"A";4;"A";130.79;"A";105.08;"A";76.91;"A"
"2025-01-11 20:15";1.89;"A";81.77;"A";1007.42;"A";1224;"A";34;"A";1;"A";30;"A";4;"A";174.12;"A";138.39;"A";106.73;"A"
"2025-01-11 20:30";1.58;"A";82.24;"A";1007.61;"A";1126;"A";33;"A";1;"A";29;"A";4;"A";155.98;"A";125.05;"A";95.59;"A"
"2025-01-11 20:45";1.28;"A";83.01;"A";1007.75;"A";1226;"A";32;"A";2;"A";28;"A";4;"A";163.08;"A";126.79;"A";101.64;"A"
"2025-01-11 21:00";0.96;"A";84.21;"A";1008;"A";1254;"A";32;"A";3;"A";28;"A";4;"A";175.96;"A";128.66;"A";122.69;"A"
"2025-01-11 21:15";0.94;"A";83.82;"A";1008.15;"A";1254;"A";32;"A";3;"A";28;"A";4;"A";191.82;"A";140.28;"A";133.79;"A"
"2025-01-11 21:30";0.9;"A";83.95;"A";1008.22;"A";1192;"A";32;"A";3;"A";29;"A";4;"A";233.67;"A";172.03;"A";159.09;"A"
"2025-01-11 21:45";0.89;"A";83.41;"A";1008.32;"A";1003;"A";32;"A";3;"A";28;"A";4;"A";180.73;"A";133.59;"A";121.95;"A"
"2025-01-11 22:00";0.68;"A";83.57;"A";1008.35;"A";1175;"A";31;"A";4;"A";28;"A";4;"A";192.04;"A";140.44;"A";133.94;"A"
"2025-01-11 22:15";0.5;"A";84.3;"A";1008.4;"A";1106;"A";31;"A";5;"A";28;"A";3;"A";176.9;"A";129.35;"A";123.34;"A"
"2025-01-11 22:30";0.42;"A";84.33;"A";1008.52;"A";1041;"A";30;"A";4;"A";27;"A";4;"A";164.08;"A";119.96;"A";114.37;"A"
"2025-01-11 22:45";0.3;"A";84.67;"A";1008.54;"A";1092;"A";29;"A";5;"A";25;"A";4;"A";160.21;"A";117.12;"A";111.66;"A"
"2025-01-11 23:00";0.45;"A";83.4;"A";1008.65;"A";671;"A";29;"A";4;"A";23;"A";6;"A";82.55;"A";61.49;"A";56.39;"A"
"2025-01-11 23:15";0.69;"A";81.15;"A";1008.59;"A";333;"A";28;"A";3;"A";18;"A";11;"A";46.63;"A";38.92;"A";28.88;"A"
"2025-01-11 23:30";0.72;"A";80.85;"A";1008.67;"A";300;"A";29;"A";2;"A";17;"A";12;"A";44.31;"A";35.57;"A";28.33;"A"
"2025-01-11 23:45";0.35;"A";82.36;"A";1008.67;"A";291;"A";28;"A";2;"A";18;"A";10;"A";40.13;"A";30.33;"A";27.34;"A"
"2025-01-12 00:00";0.17;"A";82.95;"A";1008.67;"A";350;"A";28;"A";2;"A";18;"A";10;"A";97.69;"A";73.27;"A";65.93;"A"
"2025-01-12 00:15";-0.06;"A";83.83;"A";1008.73;"A";485;"A";26;"A";2;"A";19;"A";7;"A";118.76;"A";86.75;"A";82.65;"A"
"2025-01-12 00:30";-0.29;"A";84.83;"A";1008.7;"A";587;"A";26;"A";3;"A";21;"A";5;"A";118.13;"A";88.02;"A";80.3;"A"
"2025-01-12 00:45";-0.41;"A";85.18;"A";1008.75;"A";540;"A";27;"A";3;"A";21;"A";5;"A";100.17;"A";75.21;"A";68.05;"A"
"2025-01-12 01:00";-0.65;"A";86.07;"A";1008.78;"A";534;"A";26;"A";2;"A";21;"A";5;"A";95.14;"A";69.45;"A";66.12;"A"
"2025-01-12 01:15";-0.8;"A";86.25;"A";1008.88;"A";469;"A";25;"A";2;"A";20;"A";5;"A";84.33;"A";61.53;"A";58.55;"A"
"2025-01-12 01:30";-0.8;"A";85.84;"A";1009.02;"A";544;"A";25;"A";2;"A";21;"A";4;"A";102.96;"A";75.18;"A";71.58;"A"
"2025-01-12 01:45";-0.97;"A";86.48;"A";1009.23;"A";643;"A";26;"A";2;"A";21;"A";5;"A";111.04;"A";81.1;"A";77.24;"A"
"2025-01-12 02:00";-1.06;"A";87.09;"A";1009.4;"A";654;"A";26;"A";3;"A";21;"A";5;"A";101.29;"A";73.95;"A";70.42;"A"
"2025-01-12 02:15";-1.09;"A";86.76;"A";1009.5;"A";726;"A";26;"A";3;"A";21;"A";5;"A";123.74;"A";90.41;"A";86.14;"A"
"2025-01-12 02:30";-1.14;"A";87.16;"A";1009.46;"A";694;"A";26;"A";3;"A";22;"A";4;"A";116.29;"A";84.95;"A";80.92;"A"
"2025-01-12 02:45";-1.24;"A";87.43;"A";1009.44;"A";590;"A";26;"A";3;"A";20;"A";5;"A";90.89;"A";66.34;"A";63.14;"A"
"2025-01-12 03:00";-1.43;"A";87.52;"A";1009.3;"A";528;"A";24;"A";3;"A";19;"A";5;"A";80.6;"A";58.8;"A";55.93;"A"
"2025-01-12 03:15";-1.55;"A";87.48;"A";1009.28;"A";505;"A";22;"A";3;"A";17;"A";5;"A";76.24;"A";55.6;"A";52.88;"A"
"2025-01-12 03:30";-1.62;"A";87.71;"A";1009.3;"A";490;"A";23;"A";3;"A";17;"A";6;"A";72.36;"A";52.76;"A";50.17;"A"
"2025-01-12 03:45";-1.61;"A";87.58;"A";1009.17;"A";393;"A";22;"A";3;"A";16;"A";7;"A";62.27;"A";45.37;"A";43.1;"A"
"2025-01-12 04:00";-1.7;"A";87.12;"A";1009.22;"A";363;"A";21;"A";4;"A";14;"A";7;"A";58.27;"A";42.44;"A";40.31;"A"
"2025-01-12 04:15";-1.78;"A";87.62;"A";1009.22;"A";378;"A";21;"A";4;"A";14;"A";7;"A";57.72;"A";42.04;"A";39.92;"A"
"2025-01-12 04:30";-1.74;"A";86.97;"A";1009.42;"A";367;"A";21;"A";3;"A";14;"A";6;"A";56.41;"A";41.08;"A";39.01;"A"
"2025-01-12 04:45";-1.85;"A";87.07;"A";1009.54;"A";374;"A";21;"A";3;"A";15;"A";6;"A";58.24;"A";42.85;"A";39.48;"A"
"2025-01-12 05:00";-1.89;"A";87.88;"A";1009.52;"A";355;"A";24;"A";2;"A";18;"A";5;"A";58.47;"A";42.59;"A";40.44;"A"
"2025-01-12 05:15";-1.9;"A";87.32;"A";1009.61;"A";391;"A";26;"A";2;"A";21;"A";5;"A";60.35;"A";43.96;"A";41.76;"A"
"2025-01-12 05:30";-2.01;"A";87.49;"A";1009.74;"A";446;"A";24;"A";2;"A";19;"A";5;"A";66.96;"A";48.81;"A";46.39;"A"
"2025-01-12 05:45";-2.24;"A";86.32;"A";1009.73;"A";567;"A";23;"A";3;"A";18;"A";5;"A";85.97;"A";62.73;"A";59.69;"A"
"2025-01-12 06:00";-2.52;"A";86.52;"A";1009.67;"A";676;"A";24;"A";3;"A";19;"A";5;"A";101.05;"A";73.78;"A";70.25;"A"
"2025-01-12 06:15";-2.47;"A";87.63;"A";1009.73;"A";577;"A";25;"A";3;"A";20;"A";5;"A";83.62;"A";61.01;"A";58.05;"A"
"2025-01-12 06:30";-2.48;"A";87.42;"A";1009.68;"A";661;"A";23;"A";3;"A";18;"A";5;"A";74.13;"A";54.06;"A";51.4;"A"
"2025-01-12 06:45";-2.43;"A";87.88;"A";1009.78;"A";538;"A";24;"A";2;"A";19;"A";5;"A";71.13;"A";51.86;"A";49.31;"A"
"2025-01-12 07:00";-2.48;"A";87.54;"A";1009.76;"A";483;"A";24;"A";3;"A";20;"A";5;"A";70.18;"A";51.17;"A";48.64;"A"
"2025-01-12 07:15";-2.51;"A";87.19;"A";1009.87;"A";692;"A";24;"A";3;"A";19;"A";5;"A";73.92;"A";53.9;"A";51.26;"A"
"2025-01-12 07:30";-2.38;"A";87.61;"A";1010.09;"A";553;"A";24;"A";3;"A";19;"A";5;"A";71.46;"A";52.1;"A";49.54;"A"
"2025-01-12 07:45";-2.41;"A";86.66;"A";1010.3;"A";841;"A";25;"A";3;"A";21;"A";4;"A";98.94;"A";73.1;"A";65.04;"A"
"2025-01-12 08:00";-2.48;"A";87;"A";1010.38;"A";1321;"A";30;"A";3;"A";26;"A";3;"A";171.78;"A";126.54;"A";115.84;"A"
"2025-01-12 08:15";-2.36;"A";87.45;"A";1010.43;"A";1119;"A";30;"A";3;"A";27;"A";3;"A";127.3;"A";93.01;"A";88.62;"A"
"2025-01-12 08:30";-2.13;"A";87;"A";1010.54;"A";1136;"A";27;"A";5;"A";22;"A";4;"A";119.12;"A";88.16;"A";81.19;"A"
"2025-01-12 08:45";-1.79;"A";86.48;"A";1010.7;"A";1185;"A";28;"A";4;"A";24;"A";5;"A";121.56;"A";88.8;"A";84.6;"A"
"2025-01-12 09:00";-1.61;"A";86.61;"A";1010.91;"A";1319;"A";33;"A";4;"A";30;"A";3;"A";163.34;"A";119.42;"A";113.86;"A"
"2025-01-12 09:15";-1.12;"A";85.89;"A";1010.98;"A";1176;"A";34;"A";3;"A";31;"A";3;"A";146.55;"A";107.11;"A";102.1;"A"
"2025-01-12 09:30";-0.27;"A";83.86;"A";1011.01;"A";795;"A";32;"A";2;"A";27;"A";4;"A";103.83;"A";76.25;"A";71.19;"A"
"2025-01-12 09:45";0.39;"A";82.31;"A";1010.94;"A";671;"A";31;"A";3;"A";26;"A";5;"A";87.09;"A";64.84;"A";59.69;"A"
"2025-01-12 10:00";0.84;"A";81.99;"A";1011.17;"A";583;"A";32;"A";2;"A";27;"A";5;"A";82.93;"A";62.37;"A";55.03;"A"
"2025-01-12 10:15";1.37;"A";79.51;"A";1011.15;"A";482;"A";32;"A";1;"A";26;"A";6;"A";71.97;"A";56.33;"A";45.35;"A"
"2025-01-12 10:30";1.78;"A";78.77;"A";1011;"A";419;"A";33;"A";1;"A";27;"A";7;"A";68.33;"A";56.38;"A";41.86;"A"
"2025-01-12 10:45";2.34;"A";77.23;"A";1010.88;"A";402;"A";35;"A";1;"A";28;"A";7;"A";67.84;"A";55.26;"A";40.96;"A"
"2025-01-12 11:00";3.14;"A";74.24;"A";1010.61;"A";441;"A";36;"A";0;"A";29;"A";7;"A";64.14;"A";50.37;"A";37.55;"A"
"2025-01-12 11:15";4.16;"A";67.65;"A";1010.49;"A";302;"A";34;"A";1;"A";20;"A";14;"A";37.68;"A";30.96;"A";22.63;"A"
"2025-01-12 11:30";4.44;"A";65.61;"A";1010.5;"A";298;"A";35;"A";0;"A";17;"A";18;"A";30.83;"A";24.74;"A";18.79;"A"
"2025-01-12 11:45";4.88;"A";64.42;"A";1010.59;"A";271;"A";35;"A";1;"A";15;"A";21;"A";25.68;"A";19.56;"A";15.1;"A"
"2025-01-12 12:00";4.99;"A";61.71;"A";1010.48;"A";232;"A";34;"A";1;"A";9;"A";25;"A";23.85;"A";18.28;"A";13.71;"A"
"2025-01-12 12:15";5.6;"A";59.95;"A";1010.34;"A";233;"A";35;"A";0;"A";9;"A";25;"A";23.85;"A";17.63;"A";12.93;"A"
"2025-01-12 12:30";5.9;"A";58.47;"A";1010.35;"A";247;"A";33;"A";0;"A";9;"A";25;"A";24.27;"A";17.67;"A";13.16;"A"
"2025-01-12 12:45";6.1;"A";58.13;"A";1010.2;"A";231;"A";35;"A";0;"A";9;"A";26;"A";22.74;"A";18.13;"A";13.6;"A"
"2025-01-12 13:00";6.37;"A";56.27;"A";1010.2;"A";242;"A";35;"A";0;"A";9;"A";26;"A";23.29;"A";18.45;"A";13.82;"A"
"2025-01-12 13:15";6.41;"A";55.51;"A";1010.22;"A";232;"A";34;"A";0;"A";8;"A";26;"A";26.37;"A";18.9;"A";14.23;"A"
"2025-01-12 13:30";6.48;"A";53.55;"A";1010.05;"A";207;"A";36;"A";0;"A";8;"A";28;"A";21.17;"A";15.55;"A";11.47;"A"
"2025-01-12 13:45";6.26;"A";54.27;"A";1009.98;"A";188;"A";37;"A";0;"A";8;"A";29;"A";18.19;"A";13.77;"A";10.56;"A"
"2025-01-12 14:00";6.27;"A";54.05;"A";1009.95;"A";196;"A";37;"A";0;"A";9;"A";28;"A";17.22;"A";13.14;"A";10.04;"A"
"2025-01-12 14:15";5.97;"A";55.02;"A";1009.9;"A";185;"A";36;"A";0;"A";9;"A";27;"A";18.14;"A";13.71;"A";9.95;"A"
"2025-01-12 14:30";5.53;"A";57.1;"A";1010.11;"A";193;"A";36;"A";0;"A";9;"A";27;"A";27.26;"A";20.77;"A";14.91;"A"
"2025-01-12 14:45";5.27;"A";58.41;"A";1010.01;"A";237;"A";36;"A";0;"A";11;"A";25;"A";25.56;"A";18.84;"A";13.95;"A"
"2025-01-12 15:00";5.06;"A";60.52;"A";1010.3;"A";239;"A";35;"A";0;"A";12;"A";23;"A";30.71;"A";22.65;"A";16.19;"A"
"2025-01-12 15:15";5.04;"A";59.8;"A";1010.24;"A";203;"A";35;"A";0;"A";12;"A";23;"A";26.46;"A";18.53;"A";13.55;"A"
"2025-01-12 15:30";4.82;"A";61.89;"A";1010.47;"A";278;"A";37;"A";0;"A";20;"A";16;"A";40.7;"A";29.06;"A";21.55;"A"
"2025-01-12 15:45";4.62;"A";61.95;"A";1010.5;"A";319;"A";37;"A";0;"A";18;"A";19;"A";57.11;"A";45.4;"A";32.52;"A"
"2025-01-12 16:00";4.47;"A";61.64;"A";1010.43;"A";214;"A";36;"A";0;"A";17;"A";20;"A";33.91;"A";24.39;"A";17.89;"A"
"2025-01-12 16:15";4.35;"A";60.94;"A";1010.46;"A";180;"A";37;"A";0;"A";17;"A";20;"A";23.27;"A";15.33;"A";11.26;"A"
"2025-01-12 16:30";4.29;"A";61.83;"A";1010.4;"A";147;"A";37;"A";0;"A";17;"A";20;"A";23.53;"A";16.56;"A";11.98;"A"
"2025-01-12 16:45";4.05;"A";65.72;"A";1010.34;"A";306;"A";37;"A";0;"A";20;"A";17;"A";33.78;"A";25.23;"A";18.85;"A"
"2025-01-12 17:00";3.85;"A";67.3;"A";1010.42;"A";522;"A";36;"A";0;"A";21;"A";16;"A";44.49;"A";33.59;"A";25.47;"A"
"2025-01-12 17:15";3.71;"A";68.51;"A";1010.43;"A";357;"A";34;"A";0;"A";20;"A";14;"A";50.47;"A";37.94;"A";28.22;"A"
"2025-01-12 17:30";3.65;"A";67.82;"A";1010.6;"A";249;"A";35;"A";0;"A";18;"A";16;"A";47.16;"A";34.78;"A";25.91;"A"
"2025-01-12 17:45";3.44;"A";69.57;"A";1010.66;"A";1150;"A";35;"A";0;"A";21;"A";14;"A";51.25;"A";38.09;"A";28.32;"A"
"2025-01-12 18:00";3.41;"A";69.65;"A";1010.62;"A";946;"A";34;"A";0;"A";19;"A";15;"A";49.98;"A";41.04;"A";31.33;"A"
"2025-01-12 18:15";3.17;"A";73.11;"A";1010.82;"A";575;"A";33;"A";0;"A";19;"A";14;"A";40.26;"A";32.16;"A";25.03;"A"
"2025-01-12 18:30";3.3;"A";70.3;"A";1010.89;"A";401;"A";32;"A";0;"A";19;"A";13;"A";41.91;"A";32.9;"A";25.07;"A"
"2025-01-12 18:45";3.26;"A";70.03;"A";1011;"A";187;"A";34;"A";0;"A";19;"A";15;"A";34.12;"A";24.66;"A";17.79;"A"
"2025-01-12 19:00";3.31;"A";70.08;"A";1011.18;"A";153;"A";34;"A";0;"A";17;"A";16;"A";35.69;"A";25.72;"A";18.62;"A"
"2025-01-12 19:15";3.17;"A";70.75;"A";1011.05;"A";120;"A";33;"A";0;"A";16;"A";17;"A";30.44;"A";22.84;"A";16.82;"A"
"2025-01-12 19:30";3.15;"A";70.62;"A";1011.09;"A";122;"A";34;"A";0;"A";16;"A";18;"A";28.71;"A";21.39;"A";14.99;"A"
"2025-01-12 19:45";3.17;"A";70.98;"A";1011.12;"A";167;"A";33;"A";0;"A";15;"A";18;"A";46.42;"A";30.3;"A";20.66;"A"
"2025-01-12 20:00";3.08;"A";71.89;"A";1011.34;"A";152;"A";33;"A";0;"A";13;"A";20;"A";33.4;"A";25.01;"A";17.97;"A"
"2025-01-12 20:15";2.93;"A";72.51;"A";1011.58;"A";135;"A";33;"A";0;"A";15;"A";18;"A";27.68;"A";21.79;"A";15.85;"A"
"2025-01-12 20:30";2.91;"A";72.66;"A";1011.77;"A";126;"A";33;"A";0;"A";14;"A";18;"A";30.83;"A";24.43;"A";17.62;"A"
"2025-01-12 20:45";2.71;"A";73.2;"A";1012.05;"A";200;"A";33;"A";0;"A";15;"A";18;"A";30.98;"A";25.51;"A";19.17;"A"
"2025-01-12 21:00";2.54;"A";74.11;"A";1012.25;"A";139;"A";32;"A";0;"A";12;"A";20;"A";28.87;"A";24.07;"A";18.03;"A"
"2025-01-12 21:15";2.51;"A";74.38;"A";1012.35;"A";129;"A";32;"A";0;"A";10;"A";21;"A";28.27;"A";24.73;"A";18.51;"A"
"2025-01-12 21:30";2.56;"A";74.54;"A";1012.36;"A";120;"A";32;"A";0;"A";9;"A";22;"A";29.02;"A";24.55;"A";18.27;"A"
"2025-01-12 21:45";2.54;"A";74.35;"A";1012.43;"A";118;"A";31;"A";0;"A";10;"A";21;"A";29.65;"A";24.81;"A";18.17;"A"
"2025-01-12 22:00";2.47;"A";74.04;"A";1012.65;"A";130;"A";32;"A";0;"A";12;"A";20;"A";27.39;"A";22.21;"A";16.75;"A"
"2025-01-12 22:15";2.27;"A";74.72;"A";1012.74;"A";106;"A";32;"A";0;"A";9;"A";23;"A";27.77;"A";22.72;"A";16.62;"A"
"2025-01-12 22:30";2.15;"A";75.15;"A";1012.87;"A";117;"A";31;"A";0;"A";8;"A";23;"A";29.63;"A";24.64;"A";18.13;"A"
"2025-01-12 22:45";2.07;"A";75.84;"A";1012.86;"A";142;"A";31;"A";0;"A";12;"A";19;"A";42.69;"A";33.49;"A";24.4;"A"
"2025-01-12 23:00";2.08;"A";75.3;"A";1012.88;"A";130;"A";31;"A";0;"A";10;"A";21;"A";40.72;"A";30.33;"A";22.37;"A"
"2025-01-12 23:15";1.77;"A";76.4;"A";1012.92;"A";125;"A";30;"A";0;"A";8;"A";22;"A";37.59;"A";29.04;"A";21.04;"A"
"2025-01-12 23:30";1.42;"A";78.16;"A";1012.93;"A";129;"A";29;"A";0;"A";9;"A";21;"A";37.94;"A";30.17;"A";22.67;"A"
"2025-01-12 23:45";1.07;"A";79.21;"A";1012.88;"A";129;"A";28;"A";0;"A";9;"A";19;"A";39.26;"A";31.85;"A";23.38;"A"
"2025-01-13 00:00";0.79;"A";80.13;"A";1012.9;"A";126;"A";28;"A";0;"A";10;"A";18;"A";41.69;"A";33.2;"A";24.09;"A"
"2025-01-13 00:15";0.65;"A";80.44;"A";1013.03;"A";140;"A";28;"A";0;"A";12;"A";16;"A";44.32;"A";36.87;"A";27.48;"A"
"2025-01-13 00:30";0.87;"A";79.56;"A";1012.93;"A";142;"A";31;"A";0;"A";16;"A";14;"A";44.31;"A";36.34;"A";26.07;"A"
"2025-01-13 00:45";0.99;"A";79.27;"A";1012.89;"A";135;"A";30;"A";0;"A";13;"A";17;"A";40.4;"A";33.81;"A";24.77;"A"
"2025-01-13 01:00";0.88;"A";79.68;"A";1012.94;"A";138;"A";31;"A";0;"A";14;"A";17;"A";46.4;"A";36.69;"A";26.49;"A"
"2025-01-13 01:15";0.75;"A";80.24;"A";1013.07;"A";135;"A";30;"A";0;"A";12;"A";18;"A";49.78;"A";38.94;"A";28.02;"A"
"2025-01-13 01:30";0.67;"A";80.64;"A";1013.14;"A";130;"A";29;"A";0;"A";11;"A";18;"A";44.05;"A";35.62;"A";26.22;"A"
"2025-01-13 01:45";0.58;"A";81.18;"A";1013.21;"A";125;"A";29;"A";0;"A";10;"A";19;"A";47.69;"A";36.41;"A";26.97;"A"
"2025-01-13 02:00";0.47;"A";81.29;"A";1013.26;"A";121;"A";28;"A";0;"A";9;"A";19;"A";50.9;"A";39.96;"A";27.64;"A"
"2025-01-13 02:15";0.2;"A";81.95;"A";1013.33;"A";134;"A";28;"A";0;"A";10;"A";18;"A";54.63;"A";42.35;"A";30.29;"A"
"2025-01-13 02:30";0;"A";82.41;"A";1013.32;"A";168;"A";28;"A";0;"A";11;"A";17;"A";55.01;"A";41.71;"A";32.92;"A"
"2025-01-13 02:45";0.15;"A";81.6;"A";1013.53;"A";143;"A";29;"A";0;"A";13;"A";16;"A";41.35;"A";32.46;"A";25.63;"A"
"2025-01-13 03:00";0.23;"A";81.55;"A";1013.49;"A";113;"A";30;"A";0;"A";16;"A";14;"A";33.19;"A";24.16;"A";22.33;"A"
"2025-01-13 03:15";0.17;"A";81.86;"A";1013.51;"A";111;"A";31;"A";0;"A";18;"A";13;"A";33.12;"A";24.01;"A";22.7;"A"
"2025-01-13 03:30";-0.05;"A";82.63;"A";1013.6;"A";122;"A";31;"A";0;"A";21;"A";10;"A";34.56;"A";25.07;"A";23.7;"A"
"2025-01-13 03:45";-0.31;"A";82.89;"A";1013.79;"A";143;"A";29;"A";0;"A";20;"A";9;"A";39.12;"A";30.43;"A";25.83;"A"
"2025-01-13 04:00";-0.41;"A";83.42;"A";1013.95;"A";157;"A";30;"A";0;"A";23;"A";7;"A";40.34;"A";30.08;"A";26.83;"A"
"2025-01-13 04:15";-0.85;"A";84.81;"A";1013.92;"A";158;"A";29;"A";0;"A";22;"A";6;"A";40.16;"A";29.77;"A";26.99;"A"
"2025-01-13 04:30";-0.94;"A";85.15;"A";1014.26;"A";142;"A";29;"A";0;"A";23;"A";6;"A";37.7;"A";27.37;"A";25.9;"A"
"2025-01-13 04:45";-1.11;"A";85.34;"A";1014.64;"A";160;"A";29;"A";0;"A";24;"A";5;"A";39.02;"A";29.05;"A";26.53;"A"
"2025-01-13 05:00";-1.14;"A";85.68;"A";1014.65;"A";174;"A";30;"A";0;"A";25;"A";4;"A";47.68;"A";34.68;"A";32.89;"A"
"2025-01-13 05:15";-1.4;"A";86.3;"A";1014.69;"A";175;"A";28;"A";0;"A";23;"A";5;"A";46.76;"A";34.06;"A";32.19;"A"
"2025-01-13 05:30";-1.69;"A";86.39;"A";1014.73;"A";183;"A";26;"A";0;"A";21;"A";5;"A";69.05;"A";50.34;"A";47.85;"A"
"2025-01-13 05:45";-1.99;"A";86.44;"A";1015.01;"A";290;"A";26;"A";0;"A";21;"A";4;"A";100.78;"A";73.58;"A";70.06;"A"
"2025-01-13 06:00";-2.09;"A";86.47;"A";1015.27;"A";308;"A";26;"A";0;"A";21;"A";4;"A";111.7;"A";81.58;"A";77.71;"A"
"2025-01-13 06:15";-2.27;"A";86.4;"A";1015.53;"A";320;"A";25;"A";1;"A";21;"A";4;"A";109.12;"A";79.81;"A";74.08;"A"
"2025-01-13 06:30";-2.48;"A";86.59;"A";1015.54;"A";368;"A";27;"A";0;"A";23;"A";4;"A";91.19;"A";66.56;"A";63.35;"A"
"2025-01-13 06:45";-2.67;"A";86.72;"A";1015.59;"A";330;"A";26;"A";1;"A";21;"A";4;"A";82.96;"A";60.53;"A";57.59;"A"
"2025-01-13 07:00";-2.74;"A";86.55;"A";1015.75;"A";317;"A";25;"A";1;"A";21;"A";4;"A";77.4;"A";56.45;"A";53.69;"A"
"2025-01-13 07:15";-2.78;"A";85.92;"A";1016.16;"A";364;"A";26;"A";1;"A";22;"A";4;"A";99.69;"A";72.78;"A";69.3;"A"
"2025-01-13 07:30";-3.02;"A";86.04;"A";1016.42;"A";326;"A";27;"A";0;"A";24;"A";3;"A";77.55;"A";56.68;"A";52.27;"A"
"2025-01-13 07:45";-3.26;"A";85.89;"A";1016.75;"A";319;"A";26;"A";1;"A";22;"A";4;"A";57.8;"A";41.43;"A";37.12;"A"
"2025-01-13 08:00";-3.34;"A";85.72;"A";1017.1;"A";320;"A";26;"A";1;"A";22;"A";5;"A";57.66;"A";41.99;"A";39.87;"A"
"2025-01-13 08:15";-3.07;"A";85.73;"A";1017.26;"A";341;"A";27;"A";1;"A";23;"A";4;"A";60.33;"A";43.95;"A";41.75;"A"
"2025-01-13 08:30";-2.79;"A";85.81;"A";1017.21;"A";335;"A";27;"A";1;"A";22;"A";4;"A";61.97;"A";45.15;"A";42.89;"A"
"2025-01-13 08:45";-2.45;"A";85.21;"A";1017.46;"A";365;"A";28;"A";1;"A";23;"A";5;"A";63.79;"A";46.48;"A";44.17;"A"
"2025-01-13 09:00";-2.28;"A";84.98;"A";1017.65;"A";350;"A";27;"A";0;"A";22;"A";5;"A";69.9;"A";50.96;"A";48.44;"A"
"2025-01-13 09:15";-2.1;"A";85.29;"A";1017.77;"A";536;"A";26;"A";1;"A";21;"A";6;"A";102.27;"A";74.68;"A";71.11;"A"
"2025-01-13 09:30";-1.76;"A";84.09;"A";1018.1;"A";570;"A";27;"A";2;"A";20;"A";7;"A";122.85;"A";89.45;"A";81.06;"A"
"2025-01-13 09:45";-1.48;"A";84.13;"A";1018.38;"A";516;"A";26;"A";1;"A";20;"A";6;"A";111.88;"A";82.02;"A";76.21;"A"
"2025-01-13 10:00";-1.22;"A";83.83;"A";1018.51;"A";493;"A";28;"A";1;"A";22;"A";6;"A";107.44;"A";78.13;"A";72.83;"A"
"2025-01-13 10:15";-1.29;"A";85.18;"A";1018.76;"A";355;"A";29;"A";0;"A";23;"A";6;"A";92.98;"A";67.87;"A";64.6;"A"
"2025-01-13 10:30";-1.21;"A";85.39;"A";1018.76;"A";311;"A";29;"A";1;"A";24;"A";5;"A";79.41;"A";57.93;"A";55.1;"A"
"2025-01-13 10:45";-0.89;"A";84.67;"A";1018.66;"A";299;"A";28;"A";0;"A";22;"A";6;"A";71.17;"A";51.96;"A";49.19;"A"
"2025-01-13 11:00";-0.77;"A";84.82;"A";1018.65;"A";322;"A";29;"A";0;"A";24;"A";5;"A";77.06;"A";56.03;"A";53.14;"A"
"2025-01-13 11:15";-0.62;"A";85.23;"A";1018.59;"A";323;"A";30;"A";0;"A";25;"A";5;"A";82.82;"A";60.42;"A";57.49;"A"
"2025-01-13 11:30";-0.42;"A";84.95;"A";1018.61;"A";307;"A";29;"A";0;"A";24;"A";6;"A";66.95;"A";48.8;"A";46.38;"A"
"2025-01-13 11:45";-0.27;"A";84.14;"A";1018.63;"A";304;"A";29;"A";0;"A";23;"A";6;"A";63.36;"A";46.31;"A";41.49;"A"
"2025-01-13 12:00";-0.02;"A";83.36;"A";1018.72;"A";434;"A";30;"A";0;"A";25;"A";5;"A";69.81;"A";50.89;"A";48.38;"A"
"2025-01-13 12:15";0.21;"A";82.95;"A";1018.94;"A";476;"A";32;"A";0;"A";27;"A";5;"A";82.05;"A";59.89;"A";56.94;"A"
"2025-01-13 12:30";0.19;"A";82.64;"A";1018.99;"A";408;"A";32;"A";0;"A";27;"A";5;"A";68.8;"A";51.53;"A";45.04;"A"
"2025-01-13 12:45";0.26;"A";83.12;"A";1019.05;"A";395;"A";30;"A";0;"A";26;"A";4;"A";66.9;"A";48.76;"A";46.35;"A"
"2025-01-13 13:00";0.29;"A";83.75;"A";1019.18;"A";386;"A";30;"A";0;"A";25;"A";5;"A";68.67;"A";50.26;"A";47.09;"A"
"2025-01-13 13:15";0.34;"A";83.78;"A";1019.26;"A";358;"A";29;"A";0;"A";24;"A";5;"A";70.85;"A";51.66;"A";49.11;"A"
"2025-01-13 13:30";0.59;"A";83.74;"A";1019.36;"A";274;"A";27;"A";1;"A";20;"A";7;"A";54.88;"A";40.37;"A";37.82;"A"
"2025-01-13 13:45";1.12;"A";82.03;"A";1019.31;"A";236;"A";26;"A";1;"A";16;"A";10;"A";44.85;"A";33.34;"A";30.89;"A"
"2025-01-13 14:00";1.82;"A";77.91;"A";1019.52;"A";198;"A";25;"A";1;"A";11;"A";14;"A";37.41;"A";29.44;"A";24.78;"A"
"2025-01-13 14:15";2.29;"A";75.35;"A";1019.64;"A";191;"A";26;"A";1;"A";10;"A";15;"A";36.33;"A";30.52;"A";22.81;"A"
"2025-01-13 14:30";2.59;"A";74.24;"A";1019.86;"A";201;"A";26;"A";1;"A";11;"A";15;"A";32.06;"A";27.53;"A";20.72;"A"
"2025-01-13 14:45";2.81;"A";74.07;"A";1020.2;"A";232;"A";28;"A";1;"A";16;"A";12;"A";35.01;"A";29.07;"A";21.38;"A"
"2025-01-13 15:00";2.81;"A";74.84;"A";1020.31;"A";223;"A";28;"A";1;"A";14;"A";14;"A";30.62;"A";25.34;"A";19.24;"A"
"2025-01-13 15:15";2.46;"A";75.63;"A";1020.63;"A";200;"A";28;"A";0;"A";13;"A";15;"A";33.38;"A";27.92;"A";21.05;"A"
"2025-01-13 15:30";2.17;"A";77.34;"A";1020.7;"A";189;"A";29;"A";1;"A";13;"A";16;"A";38.35;"A";31.93;"A";23.91;"A"
"2025-01-13 15:45";2.15;"A";77.9;"A";1020.85;"A";205;"A";29;"A";0;"A";14;"A";14;"A";40.26;"A";33.53;"A";25.03;"A"
"2025-01-13 16:00";1.87;"A";78.8;"A";1020.9;"A";220;"A";28;"A";1;"A";12;"A";16;"A";43.64;"A";37.32;"A";28.34;"A"
"2025-01-13 16:15";1.72;"A";78.88;"A";1021.18;"A";205;"A";29;"A";0;"A";13;"A";15;"A";47.93;"A";41.68;"A";31.12;"A"
"2025-01-13 16:30";1.59;"A";79.31;"A";1021.5;"A";193;"A";30;"A";0;"A";14;"A";15;"A";49.16;"A";43.06;"A";32.31;"A"
"2025-01-13 16:45";1.42;"A";77.84;"A";1021.76;"A";172;"A";29;"A";0;"A";12;"A";17;"A";45.64;"A";39.68;"A";29.57;"A"
"2025-01-13 17:00";1.33;"A";78.05;"A";1021.8;"A";177;"A";30;"A";0;"A";13;"A";17;"A";46.1;"A";40.61;"A";30.34;"A"
"2025-01-13 17:15";1.2;"A";77.17;"A";1021.97;"A";176;"A";32;"A";0;"A";14;"A";18;"A";36.79;"A";32.18;"A";24.26;"A"
"2025-01-13 17:30";1.04;"A";76.77;"A";1022.14;"A";141;"A";31;"A";0;"A";10;"A";21;"A";32.1;"A";27.89;"A";20.62;"A"
"2025-01-13 17:45";0.76;"A";76.01;"A";1022.37;"A";145;"A";31;"A";0;"A";10;"A";21;"A";36.12;"A";30.61;"A";22.96;"A"
"2025-01-13 18:00";0.55;"A";76.31;"A";1022.43;"A";174;"A";31;"A";0;"A";10;"A";21;"A";67.18;"A";57.72;"A";42.1;"A"
"2025-01-13 18:15";0.37;"A";76.69;"A";1022.61;"A";171;"A";32;"A";0;"A";11;"A";21;"A";53.33;"A";45.83;"A";33.41;"A"
"2025-01-13 18:30";0.23;"A";77.57;"A";1022.76;"A";182;"A";32;"A";0;"A";14;"A";18;"A";41.34;"A";35.82;"A";25.48;"A"
"2025-01-13 18:45";0.21;"A";77.45;"A";1022.76;"A";177;"A";32;"A";0;"A";13;"A";18;"A";45.1;"A";38.29;"A";28;"A"
"2025-01-13 19:00";0.09;"A";78.29;"A";1022.92;"A";178;"A";31;"A";0;"A";13;"A";18;"A";51.29;"A";42.86;"A";30.68;"A"
"2025-01-13 19:15";0.08;"A";78.83;"A";1023.08;"A";161;"A";31;"A";0;"A";13;"A";19;"A";44.75;"A";37.85;"A";27.32;"A"
"2025-01-13 19:30";0.13;"A";79.19;"A";1023.16;"A";140;"A";32;"A";0;"A";15;"A";17;"A";39.28;"A";33.93;"A";25.23;"A"
"2025-01-13 19:45";0.1;"A";79.26;"A";1023.2;"A";143;"A";32;"A";0;"A";16;"A";15;"A";43.74;"A";37.38;"A";27.42;"A"
"2025-01-13 20:00";0.06;"A";79.6;"A";1023.25;"A";140;"A";31;"A";0;"A";14;"A";17;"A";46.24;"A";39.91;"A";28.69;"A"
"2025-01-13 20:15";0.05;"A";79.88;"A";1023.31;"A";154;"A";31;"A";0;"A";15;"A";16;"A";45.75;"A";38.44;"A";28.4;"A"
"2025-01-13 20:30";0.04;"A";80.13;"A";1023.43;"A";154;"A";31;"A";0;"A";16;"A";14;"A";44.32;"A";37.59;"A";27.16;"A"
"2025-01-13 20:45";-0.26;"A";81.35;"A";1023.45;"A";153;"A";32;"A";0;"A";23;"A";9;"A";41.21;"A";35.89;"A";25.76;"A"
"2025-01-13 21:00";-0.29;"A";81.92;"A";1023.44;"A";167;"A";33;"A";0;"A";27;"A";6;"A";44.3;"A";38.14;"A";27.98;"A"
"2025-01-13 21:15";-0.41;"A";82.34;"A";1023.43;"A";205;"A";31;"A";0;"A";23;"A";8;"A";51.77;"A";41.21;"A";34.33;"A"
"2025-01-13 21:30";-0.55;"A";82.58;"A";1023.54;"A";301;"A";29;"A";0;"A";17;"A";12;"A";62.57;"A";48.46;"A";41.23;"A"
"2025-01-13 21:45";-0.7;"A";83.38;"A";1023.71;"A";318;"A";31;"A";0;"A";23;"A";8;"A";62.71;"A";46.34;"A";43.3;"A"
"2025-01-13 22:00";-0.53;"A";83.17;"A";1023.86;"A";339;"A";30;"A";0;"A";20;"A";9;"A";76.94;"A";56.12;"A";53.38;"A"
"2025-01-13 22:15";-0.54;"A";83.26;"A";1024.07;"A";527;"A";30;"A";0;"A";24;"A";6;"A";104.02;"A";75.96;"A";72.33;"A"
"2025-01-13 22:30";-0.36;"A";83.49;"A";1023.96;"A";438;"A";30;"A";0;"A";22;"A";8;"A";86.97;"A";63.47;"A";60.39;"A"
"2025-01-13 22:45";-0.32;"A";83.65;"A";1024;"A";403;"A";29;"A";0;"A";18;"A";10;"A";86.26;"A";62.95;"A";59.9;"A"
"2025-01-13 23:00";-0.34;"A";83.7;"A";1024.05;"A";433;"A";29;"A";1;"A";22;"A";7;"A";98.33;"A";71.79;"A";68.35;"A"
"2025-01-13 23:15";-0.21;"A";83.41;"A";1023.98;"A";297;"A";28;"A";1;"A";16;"A";11;"A";62.46;"A";45.51;"A";43.24;"A"
"2025-01-13 23:30";-0.19;"A";83.54;"A";1024.02;"A";250;"A";27;"A";1;"A";14;"A";13;"A";55.75;"A";40.6;"A";38.54;"A"
"2025-01-13 23:45";-0.17;"A";83.62;"A";1023.97;"A";218;"A";26;"A";1;"A";11;"A";15;"A";50.32;"A";36.62;"A";34.74;"A"
"2025-01-14 00:00";-0.16;"A";83.77;"A";1024.05;"A";189;"A";25;"A";1;"A";9;"A";17;"A";45.44;"A";33.04;"A";31.33;"A"
"2025-01-14 00:15";-0.15;"A";84.03;"A";1024.14;"A";163;"A";25;"A";1;"A";9;"A";16;"A";42.39;"A";30.81;"A";29.19;"A"
"2025-01-14 00:30";-0.02;"A";84;"A";1024.2;"A";143;"A";27;"A";1;"A";14;"A";12;"A";39.37;"A";28.6;"A";27.07;"A"
"2025-01-14 00:45";-0.02;"A";84.04;"A";1024.23;"A";144;"A";26;"A";1;"A";14;"A";12;"A";39.95;"A";29.02;"A";27.48;"A"
"2025-01-14 01:00";0.03;"A";84.07;"A";1024.29;"A";146;"A";26;"A";1;"A";14;"A";12;"A";40.05;"A";29.09;"A";27.55;"A"
"2025-01-14 01:15";0.12;"A";83.8;"A";1024.24;"A";136;"A";27;"A";0;"A";17;"A";10;"A";41.41;"A";30.09;"A";28.5;"A"
"2025-01-14 01:30";0.14;"A";83.22;"A";1024.13;"A";129;"A";27;"A";0;"A";17;"A";10;"A";37.14;"A";26.96;"A";25.52;"A"
"2025-01-14 01:45";0.11;"A";82.37;"A";1024.18;"A";116;"A";28;"A";0;"A";18;"A";10;"A";34.98;"A";26.71;"A";23.69;"A"
"2025-01-14 02:00";0.08;"A";81.15;"A";1024.3;"A";111;"A";29;"A";0;"A";18;"A";11;"A";36.06;"A";29.33;"A";23.73;"A"
"2025-01-14 02:15";0.08;"A";80.19;"A";1024.33;"A";102;"A";29;"A";0;"A";17;"A";13;"A";39.12;"A";33.47;"A";24.43;"A"
"2025-01-14 02:30";0.1;"A";79.38;"A";1024.32;"A";99;"A";30;"A";0;"A";20;"A";10;"A";40.44;"A";35;"A";25.47;"A"
"2025-01-14 02:45";0.09;"A";79.74;"A";1024.34;"A";100;"A";30;"A";0;"A";17;"A";13;"A";41.81;"A";36.25;"A";26.27;"A"
"2025-01-14 03:00";0.1;"A";79.7;"A";1024.25;"A";118;"A";27;"A";1;"A";10;"A";17;"A";42.09;"A";36.58;"A";26.95;"A"
"2025-01-14 03:15";0.02;"A";79.7;"A";1024.18;"A";112;"A";27;"A";1;"A";8;"A";19;"A";38.91;"A";34.33;"A";25.55;"A"
"2025-01-14 03:30";0.02;"A";79.13;"A";1023.98;"A";104;"A";26;"A";1;"A";7;"A";19;"A";37.16;"A";32.98;"A";24.26;"A"
"2025-01-14 03:45";-0.08;"A";79.34;"A";1023.89;"A";104;"A";27;"A";1;"A";7;"A";20;"A";39.53;"A";33.86;"A";24.95;"A"
"2025-01-14 04:00";-0.12;"A";79.42;"A";1023.94;"A";106;"A";26;"A";1;"A";7;"A";19;"A";38.61;"A";33.49;"A";25.04;"A"
"2025-01-14 04:15";-0.22;"A";79.33;"A";1023.83;"A";101;"A";26;"A";1;"A";6;"A";19;"A";38.05;"A";33.06;"A";24.25;"A"
"2025-01-14 04:30";-0.28;"A";78.48;"A";1023.83;"A";100;"A";26;"A";1;"A";7;"A";19;"A";34.97;"A";30.05;"A";22.21;"A"
"2025-01-14 04:45";-0.38;"A";77.88;"A";1023.74;"A";97;"A";26;"A";1;"A";7;"A";19;"A";33.22;"A";28.83;"A";21.38;"A"
"2025-01-14 05:00";-0.4;"A";77.21;"A";1023.78;"A";93;"A";27;"A";1;"A";9;"A";19;"A";32.12;"A";28.72;"A";20.83;"A"
"2025-01-14 05:15";-0.46;"A";77.66;"A";1023.99;"A";95;"A";29;"A";0;"A";15;"A";14;"A";32.86;"A";28.24;"A";21.16;"A"
"2025-01-14 05:30";-0.45;"A";77.34;"A";1024.08;"A";97;"A";28;"A";0;"A";13;"A";16;"A";32.82;"A";28.25;"A";20.45;"A"
"2025-01-14 05:45";-0.42;"A";76.76;"A";1024.13;"A";93;"A";28;"A";0;"A";13;"A";16;"A";32.66;"A";27.43;"A";20.28;"A"
"2025-01-14 06:00";-0.46;"A";77.12;"A";1024.04;"A";97;"A";28;"A";0;"A";11;"A";17;"A";33.45;"A";28.77;"A";21.22;"A"
"2025-01-14 06:15";-0.5;"A";77.81;"A";1023.98;"A";110;"A";28;"A";0;"A";12;"A";16;"A";33.87;"A";28.69;"A";21.25;"A"
"2025-01-14 06:30";-0.46;"A";77.69;"A";1023.88;"A";114;"A";27;"A";0;"A";11;"A";16;"A";31.92;"A";27.92;"A";21.29;"A"
"2025-01-14 06:45";-0.54;"A";78.62;"A";1023.97;"A";115;"A";26;"A";1;"A";9;"A";17;"A";33.98;"A";29.46;"A";22.11;"A"
"2025-01-14 07:00";-0.52;"A";78.69;"A";1024.02;"A";152;"A";27;"A";0;"A";12;"A";15;"A";36.32;"A";30.95;"A";22.37;"A"
"2025-01-14 07:15";-0.58;"A";79.09;"A";1024.02;"A";198;"A";27;"A";0;"A";14;"A";13;"A";44.27;"A";37.18;"A";27.14;"A"
"2025-01-14 07:30";-0.47;"A";79.34;"A";1023.96;"A";237;"A";32;"A";0;"A";24;"A";8;"A";61.41;"A";51.17;"A";38.04;"A"
"2025-01-14 07:45";-0.42;"A";79.26;"A";1024.13;"A";217;"A";29;"A";0;"A";21;"A";8;"A";58.83;"A";50.2;"A";35.48;"A"
"2025-01-14 08:00";-0.37;"A";79.48;"A";1024.28;"A";279;"A";29;"A";0;"A";22;"A";7;"A";72.3;"A";61.6;"A";44.3;"A"
"2025-01-14 08:15";-0.29;"A";78.77;"A";1024.27;"A";229;"A";29;"A";0;"A";20;"A";9;"A";43.89;"A";35.7;"A";26.69;"A"
"2025-01-14 08:30";-0.26;"A";78.09;"A";1024.32;"A";179;"A";27;"A";0;"A";15;"A";12;"A";36.01;"A";30.37;"A";22.05;"A"
"2025-01-14 08:45";-0.15;"A";78.02;"A";1024.34;"A";191;"A";28;"A";0;"A";16;"A";12;"A";42.35;"A";36.42;"A";26.81;"A"
"2025-01-14 09:00";-0.1;"A";77.98;"A";1024.31;"A";195;"A";28;"A";0;"A";16;"A";12;"A";39.13;"A";32.97;"A";24.43;"A"
"2025-01-14 09:15";0.02;"A";77.19;"A";1024.46;"A";337;"A";27;"A";1;"A";14;"A";13;"A";59.03;"A";50.19;"A";36.23;"A"
"2025-01-14 09:30";0.12;"A";76.45;"A";1024.47;"A";357;"A";30;"A";0;"A";18;"A";13;"A";62.76;"A";53.11;"A";38.79;"A"
"2025-01-14 09:45";0.19;"A";75.71;"A";1024.47;"A";160;"A";27;"A";0;"A";12;"A";15;"A";31.06;"A";26.02;"A";19.53;"A"
"2025-01-14 10:00";0.17;"A";75.57;"A";1024.57;"A";165;"A";27;"A";1;"A";11;"A";16;"A";29.83;"A";24.57;"A";18.34;"A"
"2025-01-14 10:15";0.31;"A";74.43;"A";1024.7;"A";150;"A";27;"A";1;"A";10;"A";17;"A";28.44;"A";23.75;"A";17.52;"A"
"2025-01-14 10:30";0.38;"A";72.93;"A";1024.58;"A";140;"A";27;"A";1;"A";9;"A";18;"A";27.46;"A";22.92;"A";16.4;"A"
"2025-01-14 10:45";0.5;"A";72.07;"A";1024.56;"A";146;"A";28;"A";1;"A";10;"A";17;"A";30.55;"A";24.35;"A";17.84;"A"
"2025-01-14 11:00";0.57;"A";71.21;"A";1024.45;"A";132;"A";27;"A";0;"A";9;"A";18;"A";23.79;"A";19.38;"A";14.23;"A"
"2025-01-14 11:15";0.68;"A";70.71;"A";1024.26;"A";117;"A";28;"A";1;"A";8;"A";20;"A";21.3;"A";17.21;"A";13.34;"A"
"2025-01-14 11:30";0.93;"A";69.74;"A";1024.12;"A";133;"A";28;"A";1;"A";8;"A";19;"A";20.23;"A";15.84;"A";11.63;"A"
"2025-01-14 11:45";1.08;"A";67.94;"A";1023.85;"A";115;"A";28;"A";0;"A";8;"A";20;"A";18.29;"A";14.38;"A";10.89;"A"
"2025-01-14 12:00";1.19;"A";66.27;"A";1023.56;"A";113;"A";29;"A";0;"A";8;"A";20;"A";16.65;"A";13.63;"A";10.05;"A"
"2025-01-14 12:15";1.11;"A";66.07;"A";1023.34;"A";115;"A";29;"A";0;"A";7;"A";21;"A";24.02;"A";19.82;"A";14.96;"A"
"2025-01-14 12:30";1.13;"A";64.54;"A";1022.96;"A";118;"A";31;"A";0;"A";11;"A";20;"A";17.17;"A";14.01;"A";10.5;"A"
"2025-01-14 12:45";1.41;"A";58.54;"A";1022.53;"A";101;"A";30;"A";0;"A";7;"A";23;"A";14.73;"A";10.91;"A";8;"A"
"2025-01-14 13:00";1.25;"A";61.33;"A";1022.47;"A";120;"A";31;"A";0;"A";9;"A";22;"A";17.17;"A";13.82;"A";10.52;"A"
"2025-01-14 13:15";1.12;"A";59.49;"A";1022.28;"A";110;"A";31;"A";0;"A";8;"A";23;"A";14.55;"A";11.27;"A";8.08;"A"
"2025-01-14 13:30";0.97;"A";60.59;"A";1022.29;"A";96;"A";31;"A";0;"A";8;"A";23;"A";12.81;"A";9.96;"A";7.22;"A"
"2025-01-14 13:45";0.77;"A";60.64;"A";1022.29;"A";95;"A";31;"A";0;"A";8;"A";23;"A";12.93;"A";9.88;"A";7.42;"A"
"2025-01-14 14:00";0.77;"A";60.89;"A";1022.19;"A";97;"A";31;"A";0;"A";8;"A";23;"A";12.92;"A";10.11;"A";7.83;"A"
"2025-01-14 14:15";0.64;"A";61.6;"A";1022.09;"A";101;"A";31;"A";0;"A";8;"A";23;"A";13.01;"A";10.1;"A";7.46;"A"
"2025-01-14 14:30";0.6;"A";62.09;"A";1022.01;"A";99;"A";31;"A";0;"A";7;"A";24;"A";14.82;"A";11.43;"A";8.32;"A"
"2025-01-14 14:45";0.56;"A";62.17;"A";1021.94;"A";111;"A";31;"A";0;"A";8;"A";23;"A";18.46;"A";14.82;"A";10.9;"A"
"2025-01-14 15:00";0.58;"A";62.46;"A";1021.73;"A";97;"A";30;"A";0;"A";7;"A";23;"A";17.89;"A";14.03;"A";10.21;"A"
"2025-01-14 15:15";0.36;"A";62.71;"A";1021.61;"A";101;"A";31;"A";0;"A";8;"A";23;"A";16.26;"A";12.38;"A";9.08;"A"
"2025-01-14 15:30";0.34;"A";63.73;"A";1021.46;"A";102;"A";31;"A";0;"A";9;"A";22;"A";15.18;"A";11.38;"A";8.31;"A"
"2025-01-14 15:45";0.27;"A";64.85;"A";1021.41;"A";113;"A";32;"A";0;"A";10;"A";21;"A";21.59;"A";17.97;"A";13.55;"A"
"2025-01-14 16:00";0.11;"A";64.42;"A";1021.57;"A";96;"A";31;"A";0;"A";10;"A";21;"A";18.23;"A";14.11;"A";10.32;"A"
"2025-01-14 16:15";0.05;"A";64.53;"A";1021.64;"A";93;"A";31;"A";0;"A";9;"A";22;"A";15.15;"A";11.55;"A";8.47;"A"
"2025-01-14 16:30";-0.02;"A";65;"A";1021.48;"A";116;"A";31;"A";0;"A";9;"A";22;"A";19.35;"A";15.28;"A";11.63;"A"
"2025-01-14 16:45";-0.09;"A";65.37;"A";1021.45;"A";151;"A";31;"A";0;"A";8;"A";23;"A";20.22;"A";16.29;"A";11.94;"A"
"2025-01-14 17:00";-0.25;"A";66.84;"A";1021.3;"A";108;"A";31;"A";0;"A";8;"A";22;"A";22.65;"A";18.08;"A";13.59;"A"
"2025-01-14 17:15";-0.49;"A";67.74;"A";1021.31;"A";119;"A";30;"A";0;"A";9;"A";21;"A";25.07;"A";20.76;"A";15.45;"A"
"2025-01-14 17:30";-0.77;"A";69.78;"A";1021.28;"A";187;"A";31;"A";0;"A";15;"A";16;"A";39;"A";31.06;"A";22.11;"A"
"2025-01-14 17:45";-1.05;"A";71.88;"A";1021.17;"A";217;"A";31;"A";0;"A";20;"A";11;"A";43.86;"A";35.67;"A";26.62;"A"
"2025-01-14 18:00";-1.28;"A";73.41;"A";1021.13;"A";341;"A";31;"A";0;"A";21;"A";9;"A";69.38;"A";56.83;"A";41.6;"A"
"2025-01-14 18:15";-1.47;"A";74.73;"A";1020.94;"A";340;"A";30;"A";0;"A";21;"A";9;"A";62.97;"A";51.58;"A";38.19;"A"
"2025-01-14 18:30";-1.52;"A";74.74;"A";1020.76;"A";278;"A";29;"A";0;"A";16;"A";12;"A";50.9;"A";41.47;"A";30.24;"A"
"2025-01-14 18:45";-1.39;"A";73.7;"A";1020.61;"A";192;"A";28;"A";0;"A";13;"A";16;"A";37.99;"A";31.7;"A";23.77;"A"
"2025-01-14 19:00";-1.39;"A";74.06;"A";1020.41;"A";185;"A";29;"A";0;"A";12;"A";16;"A";41.13;"A";34.05;"A";24.54;"A"
"2025-01-14 19:15";-1.36;"A";73.13;"A";1020.3;"A";184;"A";29;"A";0;"A";13;"A";16;"A";41.22;"A";35.07;"A";26.17;"A"
"2025-01-14 19:30";-1.41;"A";72.91;"A";1020.15;"A";187;"A";29;"A";0;"A";11;"A";18;"A";40.63;"A";34.41;"A";25.18;"A"
"2025-01-14 19:45";-1.55;"A";73.54;"A";1020.02;"A";195;"A";29;"A";0;"A";13;"A";16;"A";42.36;"A";35.84;"A";26.81;"A"
"2025-01-14 20:00";-1.6;"A";73.26;"A";1019.81;"A";227;"A";29;"A";0;"A";13;"A";16;"A";47.49;"A";40.26;"A";29.42;"A"
"2025-01-14 20:15";-1.81;"A";73.78;"A";1019.72;"A";204;"A";29;"A";0;"A";13;"A";15;"A";65.53;"A";53.42;"A";38.44;"A"
"2025-01-14 20:30";-1.85;"A";74.12;"A";1019.55;"A";217;"A";29;"A";0;"A";15;"A";14;"A";57.68;"A";48.51;"A";34.71;"A"
"2025-01-14 20:45";-2.01;"A";74.6;"A";1019.43;"A";192;"A";29;"A";0;"A";18;"A";12;"A";44.17;"A";36.22;"A";26.65;"A"
"2025-01-14 21:00";-2.05;"A";74.5;"A";1019.18;"A";178;"A";30;"A";0;"A";17;"A";13;"A";43.48;"A";34.6;"A";25.45;"A"
"2025-01-14 21:15";-2.06;"A";73.98;"A";1019.11;"A";156;"A";29;"A";0;"A";14;"A";15;"A";34.06;"A";28.31;"A";20.72;"A"
"2025-01-14 21:30";-2.14;"A";74.68;"A";1019.11;"A";191;"A";29;"A";0;"A";15;"A";14;"A";39.98;"A";33.45;"A";25.17;"A"
"2025-01-14 21:45";-2.27;"A";75.16;"A";1018.83;"A";208;"A";29;"A";0;"A";16;"A";13;"A";46.56;"A";38.86;"A";27.88;"A"
"2025-01-14 22:00";-2.26;"A";75.34;"A";1018.75;"A";145;"A";28;"A";0;"A";11;"A";17;"A";38.89;"A";33.12;"A";24.46;"A"
"2025-01-14 22:15";-2.33;"A";75.9;"A";1018.72;"A";147;"A";27;"A";1;"A";11;"A";16;"A";40.03;"A";33.59;"A";24.07;"A"
"2025-01-14 22:30";-2.5;"A";75.85;"A";1018.67;"A";116;"A";27;"A";0;"A";11;"A";16;"A";33.76;"A";29.18;"A";21.44;"A"
"2025-01-14 22:45";-2.63;"A";76.77;"A";1018.66;"A";101;"A";28;"A";0;"A";13;"A";15;"A";32.41;"A";27.44;"A";19.94;"A"
"2025-01-14 23:00";-2.64;"A";77.03;"A";1018.51;"A";121;"A";27;"A";0;"A";12;"A";16;"A";40.63;"A";33.4;"A";23.42;"A"
"2025-01-14 23:15";-2.64;"A";77.07;"A";1018.34;"A";97;"A";27;"A";0;"A";10;"A";17;"A";36.74;"A";30.74;"A";21.79;"A"
"2025-01-14 23:30";-2.56;"A";77.52;"A";1018.1;"A";94;"A";27;"A";0;"A";10;"A";17;"A";35.05;"A";29.72;"A";21.43;"A"
"2025-01-14 23:45";-2.54;"A";77.67;"A";1017.92;"A";99;"A";27;"A";0;"A";10;"A";17;"A";35.88;"A";30.54;"A";22.01;"A"
"2025-01-15 00:00";-2.68;"A";78.28;"A";1017.72;"A";107;"A";27;"A";0;"A";10;"A";17;"A";37.12;"A";32.4;"A";23.6;"A"
"2025-01-15 00:15";-2.83;"A";78.41;"A";1017.73;"A";107;"A";26;"A";0;"A";11;"A";16;"A";33.75;"A";28.61;"A";20.67;"A"
"2025-01-15 00:30";-3.02;"A";78.92;"A";1017.72;"A";95;"A";26;"A";1;"A";11;"A";15;"A";32.7;"A";28.18;"A";20.71;"A"
"2025-01-15 00:45";-3.22;"A";79.41;"A";1017.55;"A";96;"A";26;"A";0;"A";13;"A";13;"A";37.39;"A";31.82;"A";23.16;"A"
"2025-01-15 01:00";-3.22;"A";79.9;"A";1017.15;"A";98;"A";26;"A";0;"A";13;"A";13;"A";39.26;"A";33.18;"A";23.85;"A"
"2025-01-15 01:15";-3.29;"A";80.11;"A";1016.91;"A";88;"A";26;"A";0;"A";12;"A";14;"A";34.59;"A";28.88;"A";20.97;"A"
"2025-01-15 01:30";-3.33;"A";81.05;"A";1016.78;"A";96;"A";26;"A";0;"A";12;"A";14;"A";36.48;"A";31.79;"A";22.91;"A"
"2025-01-15 01:45";-3.37;"A";81.4;"A";1016.65;"A";118;"A";26;"A";0;"A";14;"A";12;"A";43.31;"A";37.46;"A";26.47;"A"
"2025-01-15 02:00";-3.32;"A";81.03;"A";1016.52;"A";105;"A";26;"A";0;"A";13;"A";13;"A";43.17;"A";37.26;"A";27.01;"A"
"2025-01-15 02:15";-3.2;"A";80.49;"A";1016.42;"A";105;"A";25;"A";1;"A";10;"A";15;"A";40.89;"A";36.34;"A";27.01;"A"
"2025-01-15 02:30";-3.08;"A";79.66;"A";1016.18;"A";109;"A";26;"A";0;"A";10;"A";16;"A";42.75;"A";36.95;"A";27.11;"A"
"2025-01-15 02:45";-3.19;"A";79.61;"A";1016.01;"A";98;"A";26;"A";1;"A";10;"A";15;"A";39.63;"A";34.34;"A";24.63;"A"
"2025-01-15 03:00";-3.23;"A";79.13;"A";1015.77;"A";101;"A";26;"A";1;"A";10;"A";16;"A";40.7;"A";34.99;"A";25.1;"A"
"2025-01-15 03:15";-3.3;"A";79.26;"A";1015.67;"A";93;"A";26;"A";1;"A";9;"A";16;"A";38.14;"A";32.22;"A";23.46;"A"
"2025-01-15 03:30";-3.37;"A";79.26;"A";1015.41;"A";91;"A";25;"A";1;"A";9;"A";17;"A";35.75;"A";31.47;"A";23.02;"A"
"2025-01-15 03:45";-3.55;"A";79.58;"A";1015.33;"A";93;"A";25;"A";1;"A";9;"A";16;"A";34.22;"A";30.21;"A";22.29;"A"
"2025-01-15 04:00";-3.67;"A";80.11;"A";1015.34;"A";83;"A";25;"A";1;"A";10;"A";15;"A";33.73;"A";29.08;"A";21.55;"A"
"2025-01-15 04:15";-3.67;"A";80.08;"A";1015.13;"A";92;"A";25;"A";1;"A";10;"A";15;"A";36.28;"A";31.65;"A";23.03;"A"
"2025-01-15 04:30";-3.78;"A";80.39;"A";1014.85;"A";86;"A";25;"A";1;"A";10;"A";15;"A";37.34;"A";32.42;"A";23.05;"A"
"2025-01-15 04:45";-3.79;"A";80.32;"A";1014.73;"A";93;"A";25;"A";0;"A";10;"A";15;"A";40.85;"A";34.82;"A";25.19;"A"
"2025-01-15 05:00";-3.81;"A";79.66;"A";1014.75;"A";90;"A";26;"A";0;"A";11;"A";15;"A";38.64;"A";33.41;"A";24.74;"A"
"2025-01-15 05:15";-3.86;"A";79.84;"A";1014.68;"A";94;"A";26;"A";0;"A";10;"A";15;"A";39.11;"A";34.23;"A";25.21;"A"
"2025-01-15 05:30";-3.98;"A";80.1;"A";1014.74;"A";93;"A";26;"A";0;"A";12;"A";14;"A";39.26;"A";34.69;"A";25.34;"A"
"2025-01-15 05:45";-3.96;"A";80.23;"A";1014.55;"A";98;"A";26;"A";0;"A";11;"A";15;"A";45.56;"A";38.2;"A";27.92;"A"
"2025-01-15 06:00";-3.85;"A";79.78;"A";1014.42;"A";115;"A";26;"A";0;"A";12;"A";14;"A";52.12;"A";43.97;"A";31.53;"A"
"2025-01-15 06:15";-3.74;"A";78.75;"A";1014.43;"A";115;"A";27;"A";0;"A";11;"A";16;"A";44.26;"A";37.99;"A";27.73;"A"
"2025-01-15 06:30";-3.89;"A";78.48;"A";1014.34;"A";130;"A";27;"A";0;"A";14;"A";13;"A";50.13;"A";43.45;"A";31.34;"A"
"2025-01-15 06:45";-3.93;"A";78.57;"A";1014.22;"A";135;"A";27;"A";0;"A";15;"A";12;"A";47.97;"A";40.5;"A";29.32;"A"
"2025-01-15 07:00";-4;"A";78.56;"A";1014.22;"A";126;"A";27;"A";0;"A";13;"A";14;"A";51.37;"A";42.63;"A";31.04;"A"
"2025-01-15 07:15";-4;"A";78.64;"A";1014.19;"A";122;"A";27;"A";0;"A";15;"A";12;"A";48.63;"A";41.47;"A";29.74;"A"
"2025-01-15 07:30";-3.96;"A";78.15;"A";1014.12;"A";130;"A";28;"A";0;"A";16;"A";12;"A";44.55;"A";37.88;"A";28.24;"A"
"2025-01-15 07:45";-4.05;"A";78.6;"A";1014.11;"A";148;"A";27;"A";0;"A";15;"A";12;"A";49.61;"A";42.32;"A";30.67;"A"
"2025-01-15 08:00";-4.04;"A";78.35;"A";1014.15;"A";198;"A";27;"A";0;"A";16;"A";11;"A";56.4;"A";46.78;"A";34.08;"A"
"2025-01-15 08:15";-3.94;"A";77.97;"A";1014.17;"A";214;"A";28;"A";0;"A";17;"A";11;"A";72.07;"A";57.03;"A";40.13;"A"
"2025-01-15 08:30";-3.7;"A";76.89;"A";1014.27;"A";189;"A";28;"A";0;"A";16;"A";12;"A";62.74;"A";50.73;"A";36.3;"A"
"2025-01-15 08:45";-3.43;"A";76.26;"A";1014.42;"A";194;"A";28;"A";0;"A";17;"A";11;"A";54.8;"A";46.05;"A";32.73;"A"
"2025-01-15 09:00";-3.04;"A";75.1;"A";1014.47;"A";192;"A";29;"A";0;"A";19;"A";10;"A";54.34;"A";45.47;"A";33.05;"A"
"2025-01-15 09:15";-2.63;"A";73.48;"A";1014.54;"A";197;"A";28;"A";0;"A";18;"A";10;"A";54.48;"A";46.23;"A";33.63;"A"
"2025-01-15 09:30";-2.13;"A";72;"A";1014.53;"A";207;"A";27;"A";0;"A";15;"A";12;"A";47.81;"A";40.64;"A";30.13;"A"
"2025-01-15 09:45";-1.49;"A";70.11;"A";1014.52;"A";182;"A";26;"A";1;"A";13;"A";13;"A";43.74;"A";37.49;"A";27.39;"A"
"2025-01-15 10:00";-0.78;"A";67.59;"A";1014.43;"A";186;"A";28;"A";0;"A";15;"A";12;"A";46.59;"A";39.05;"A";28.37;"A"
"2025-01-15 10:15";-0.67;"A";66.47;"A";1014.38;"A";169;"A";29;"A";0;"A";14;"A";15;"A";44.7;"A";38.38;"A";28.58;"A"
"2025-01-15 10:30";-0.63;"A";66;"A";1014.45;"A";169;"A";29;"A";0;"A";12;"A";17;"A";46.29;"A";38.65;"A";28.05;"A"
"2025-01-15 10:45";-0.33;"A";65.85;"A";1014.4;"A";166;"A";30;"A";0;"A";12;"A";18;"A";39.47;"A";32.93;"A";24.6;"A"
"2025-01-15 11:00";0.32;"A";64.17;"A";1014.36;"A";167;"A";29;"A";0;"A";11;"A";17;"A";39.81;"A";32.77;"A";23.87;"A"
"2025-01-15 11:15";1.06;"A";62.4;"A";1014.27;"A";170;"A";29;"A";0;"A";10;"A";18;"A";39.22;"A";32.58;"A";24.94;"A"
"2025-01-15 11:30";1.51;"A";61.12;"A";1014;"A";160;"A";29;"A";0;"A";9;"A";19;"A";35.33;"A";30.06;"A";22.27;"A"
"2025-01-15 11:45";1.7;"A";60.17;"A";1014;"A";161;"A";31;"A";0;"A";12;"A";19;"A";32.48;"A";27.92;"A";20.49;"A"
"2025-01-15 12:00";2.17;"A";58.43;"A";1014.04;"A";155;"A";31;"A";0;"A";10;"A";21;"A";28.52;"A";23.02;"A";17.39;"A"
"2025-01-15 12:15";2.8;"A";57.14;"A";1013.94;"A";160;"A";31;"A";0;"A";10;"A";21;"A";28.28;"A";22.05;"A";16.47;"A"
"2025-01-15 12:30";3.13;"A";56.25;"A";1013.64;"A";163;"A";32;"A";0;"A";10;"A";22;"A";28.55;"A";21.59;"A";15.86;"A"
"2025-01-15 12:45";3.74;"A";53.59;"A";1013.23;"A";158;"A";32;"A";0;"A";9;"A";23;"A";26.29;"A";20.36;"A";14.79;"A"
"2025-01-15 13:00";4.07;"A";51.93;"A";1013.14;"A";150;"A";33;"A";0;"A";11;"A";22;"A";25.43;"A";20.49;"A";15.09;"A"
"2025-01-15 13:15";4.1;"A";51.6;"A";1013.11;"A";154;"A";33;"A";0;"A";10;"A";23;"A";25.69;"A";20.14;"A";15.01;"A"
"2025-01-15 13:30";4.32;"A";49.5;"A";1013.13;"A";140;"A";33;"A";0;"A";8;"A";25;"A";22.29;"A";17.11;"A";13.05;"A"
"2025-01-15 13:45";4.29;"A";49.79;"A";1013.12;"A";145;"A";34;"A";0;"A";9;"A";25;"A";25.21;"A";19.48;"A";14.89;"A"
"2025-01-15 14:00";4.19;"A";49.65;"A";1013.15;"A";157;"A";34;"A";0;"A";9;"A";25;"A";23.37;"A";18.87;"A";14;"A"
"2025-01-15 14:15";4.6;"A";48.77;"A";1013.03;"A";168;"A";33;"A";0;"A";8;"A";25;"A";26.02;"A";20.3;"A";14.94;"A"
"2025-01-15 14:30";4.78;"A";47.39;"A";1013;"A";142;"A";33;"A";0;"A";8;"A";25;"A";25.43;"A";19.7;"A";14.02;"A"
"2025-01-15 14:45";4.87;"A";46.61;"A";1013.01;"A";138;"A";33;"A";0;"A";9;"A";25;"A";19.61;"A";15.57;"A";11.66;"A"
"2025-01-15 15:00";5.16;"A";46.49;"A";1013.05;"A";152;"A";34;"A";0;"A";13;"A";22;"A";22.16;"A";15.85;"A";11.54;"A"
"2025-01-15 15:15";4.72;"A";47.78;"A";1013.01;"A";156;"A";34;"A";0;"A";12;"A";23;"A";22.55;"A";17.74;"A";12.99;"A"
"2025-01-15 15:30";4.22;"A";49.18;"A";1013.02;"A";156;"A";35;"A";0;"A";12;"A";23;"A";26.29;"A";20.55;"A";15.76;"A"
"2025-01-15 15:45";3.66;"A";50.7;"A";1012.95;"A";176;"A";35;"A";0;"A";12;"A";22;"A";30.67;"A";24.37;"A";18.2;"A"
"2025-01-15 16:00";3.29;"A";52.29;"A";1013.22;"A";207;"A";35;"A";0;"A";14;"A";20;"A";35.88;"A";27.71;"A";19.9;"A"
"2025-01-15 16:15";2.99;"A";53.11;"A";1013.31;"A";233;"A";35;"A";0;"A";18;"A";17;"A";34.84;"A";28.46;"A";20.75;"A"
"2025-01-15 16:30";2.61;"A";53.77;"A";1013.41;"A";226;"A";34;"A";0;"A";15;"A";19;"A";29.01;"A";23.3;"A";16.94;"A"
"2025-01-15 16:45";2.32;"A";54.7;"A";1013.42;"A";243;"A";36;"A";0;"A";22;"A";13;"A";40;"A";29.35;"A";21.21;"A"
"2025-01-15 17:00";1.83;"A";56.8;"A";1013.56;"A";290;"A";36;"A";0;"A";24;"A";12;"A";46.74;"A";36.87;"A";27.24;"A"
"2025-01-15 17:15";1.37;"A";58.35;"A";1013.71;"A";408;"A";36;"A";0;"A";29;"A";7;"A";57.94;"A";44.96;"A";33.74;"A"
"2025-01-15 17:30";1.07;"A";59.72;"A";1014.04;"A";847;"A";37;"A";0;"A";34;"A";3;"A";81.44;"A";64.02;"A";46.79;"A"
"2025-01-15 17:45";0.74;"A";61.67;"A";1014.31;"A";519;"A";37;"A";0;"A";35;"A";2;"A";101.66;"A";74.73;"A";53.35;"A"
"2025-01-15 18:00";0.5;"A";62.54;"A";1014.38;"A";416;"A";35;"A";0;"A";31;"A";4;"A";57.11;"A";44.09;"A";32.42;"A"
"2025-01-15 18:15";0.37;"A";63.01;"A";1014.47;"A";323;"A";33;"A";0;"A";26;"A";7;"A";53.22;"A";41.94;"A";31.25;"A"
"2025-01-15 18:30";0.29;"A";62.99;"A";1014.52;"A";349;"A";33;"A";0;"A";25;"A";7;"A";69.66;"A";54.37;"A";39.56;"A"
"2025-01-15 18:45";0.09;"A";63.71;"A";1014.81;"A";506;"A";33;"A";0;"A";28;"A";5;"A";113.95;"A";89.2;"A";64.96;"A"
"2025-01-15 19:00";-0.03;"A";63.94;"A";1014.9;"A";520;"A";34;"A";0;"A";29;"A";5;"A";87.17;"A";69.8;"A";50.5;"A"
"2025-01-15 19:15";-0.09;"A";64.4;"A";1014.93;"A";406;"A";32;"A";0;"A";26;"A";7;"A";55.81;"A";45.11;"A";33.22;"A"
"2025-01-15 19:30";-0.24;"A";65.16;"A";1014.94;"A";318;"A";32;"A";0;"A";25;"A";7;"A";44.49;"A";35.43;"A";26.41;"A"
"2025-01-15 19:45";-0.41;"A";65.52;"A";1015.01;"A";279;"A";31;"A";0;"A";21;"A";10;"A";42.38;"A";34.1;"A";25.86;"A"
"2025-01-15 20:00";-0.5;"A";65.86;"A";1015.1;"A";244;"A";30;"A";0;"A";17;"A";13;"A";37.32;"A";31.16;"A";22.48;"A"
"2025-01-15 20:15";-0.61;"A";65.79;"A";1015.25;"A";211;"A";29;"A";1;"A";16;"A";13;"A";41.32;"A";33.35;"A";24.41;"A"
"2025-01-15 20:30";-0.98;"A";67.61;"A";1015.49;"A";212;"A";29;"A";1;"A";17;"A";11;"A";36.92;"A";31.06;"A";23.19;"A"
"2025-01-15 20:45";-1.31;"A";69.46;"A";1015.57;"A";234;"A";28;"A";0;"A";17;"A";11;"A";41.63;"A";33.81;"A";24.95;"A"
"2025-01-15 21:00";-1.37;"A";69.86;"A";1015.52;"A";294;"A";28;"A";0;"A";21;"A";7;"A";53.34;"A";42.17;"A";30.99;"A"
"2025-01-15 21:15";-1.4;"A";69.61;"A";1015.7;"A";343;"A";28;"A";0;"A";21;"A";8;"A";65.02;"A";51.93;"A";38.39;"A"
"2025-01-15 21:30";-1.49;"A";70.24;"A";1015.85;"A";391;"A";30;"A";0;"A";24;"A";5;"A";67.75;"A";54.24;"A";40.26;"A"
"2025-01-15 21:45";-1.33;"A";72.87;"A";1016.18;"A";304;"A";29;"A";0;"A";22;"A";7;"A";52.08;"A";43.76;"A";32.8;"A"
"2025-01-15 22:00";-1.2;"A";73.86;"A";1016.26;"A";265;"A";28;"A";0;"A";18;"A";10;"A";49.34;"A";41.71;"A";30.57;"A"
"2025-01-15 22:15";-1.4;"A";74.63;"A";1016.27;"A";332;"A";28;"A";0;"A";21;"A";7;"A";60.73;"A";50.04;"A";36.89;"A"
"2025-01-15 22:30";-1.55;"A";75.96;"A";1016.37;"A";271;"A";27;"A";1;"A";19;"A";8;"A";52.35;"A";43.05;"A";31.61;"A"
"2025-01-15 22:45";-1.44;"A";76.37;"A";1016.5;"A";293;"A";27;"A";0;"A";19;"A";8;"A";54.72;"A";46.72;"A";34.61;"A"
"2025-01-15 23:00";-1.27;"A";76.46;"A";1016.51;"A";235;"A";26;"A";1;"A";13;"A";13;"A";53.97;"A";46.68;"A";34.14;"A"
"2025-01-15 23:15";-1.13;"A";77.18;"A";1016.62;"A";176;"A";26;"A";1;"A";11;"A";15;"A";44.58;"A";38.38;"A";28.34;"A"
"2025-01-15 23:30";-1.1;"A";77.57;"A";1016.69;"A";163;"A";26;"A";1;"A";11;"A";15;"A";45.65;"A";38.18;"A";27.76;"A"
"2025-01-15 23:45";-0.91;"A";78.3;"A";1016.62;"A";176;"A";26;"A";1;"A";10;"A";16;"A";51.08;"A";42.61;"A";31.15;"A"
"2025-01-16 00:00";-0.77;"A";78.72;"A";1016.67;"A";225;"A";26;"A";1;"A";10;"A";15;"A";59.37;"A";50.59;"A";36.75;"A"
"2025-01-16 00:15";-0.68;"A";78.99;"A";1016.64;"A";251;"A";25;"A";1;"A";11;"A";14;"A";56.81;"A";47.83;"A";35.28;"A"
"2025-01-16 00:30";-0.5;"A";79.96;"A";1016.66;"A";205;"A";26;"A";1;"A";13;"A";13;"A";52.83;"A";43.09;"A";32.9;"A"
"2025-01-16 00:45";-0.31;"A";80.79;"A";1016.64;"A";166;"A";28;"A";0;"A";18;"A";10;"A";42.63;"A";30.98;"A";29.36;"A"
"2025-01-16 01:00";0.05;"A";80.66;"A";1016.56;"A";171;"A";29;"A";0;"A";19;"A";9;"A";42.2;"A";30.67;"A";29.06;"A"
"2025-01-16 01:15";0.29;"A";79.96;"A";1016.51;"A";152;"A";28;"A";0;"A";16;"A";12;"A";43.57;"A";35.33;"A";28.35;"A"
"2025-01-16 01:30";0.34;"A";80.07;"A";1016.7;"A";154;"A";26;"A";1;"A";10;"A";16;"A";43.44;"A";33.49;"A";28.69;"A"
"2025-01-16 01:45";0.43;"A";80.36;"A";1016.83;"A";157;"A";26;"A";1;"A";10;"A";15;"A";43.89;"A";32.88;"A";29.79;"A"
"2025-01-16 02:00";0.48;"A";80.54;"A";1016.97;"A";173;"A";26;"A";1;"A";11;"A";15;"A";47.33;"A";37.35;"A";30.71;"A"
"2025-01-16 02:15";0.52;"A";81.51;"A";1016.91;"A";170;"A";27;"A";1;"A";15;"A";12;"A";47.07;"A";34.24;"A";32.47;"A"
"2025-01-16 02:30";0.65;"A";81.15;"A";1017.01;"A";164;"A";27;"A";0;"A";16;"A";11;"A";46.56;"A";33.86;"A";32.11;"A"
"2025-01-16 02:45";0.7;"A";81.27;"A";1017.1;"A";168;"A";26;"A";1;"A";15;"A";11;"A";46.98;"A";34.56;"A";32.17;"A"
"2025-01-16 03:00";0.8;"A";80.92;"A";1017.38;"A";219;"A";25;"A";1;"A";13;"A";13;"A";56.76;"A";41.33;"A";39.25;"A"
"2025-01-16 03:15";0.86;"A";80.9;"A";1017.44;"A";298;"A";26;"A";1;"A";14;"A";12;"A";66.88;"A";51.73;"A";44.17;"A"
"2025-01-16 03:30";0.82;"A";80.71;"A";1017.4;"A";373;"A";26;"A";1;"A";15;"A";11;"A";70.21;"A";58.89;"A";42.94;"A"
"2025-01-16 03:45";0.83;"A";80.48;"A";1017.61;"A";343;"A";27;"A";0;"A";18;"A";9;"A";66.5;"A";57.36;"A";43.42;"A"
"2025-01-16 04:00";0.84;"A";81.35;"A";1017.77;"A";298;"A";26;"A";1;"A";15;"A";11;"A";59.19;"A";43.12;"A";40.95;"A"
"2025-01-16 04:15";0.92;"A";81.48;"A";1017.79;"A";264;"A";25;"A";1;"A";13;"A";13;"A";57.88;"A";42.15;"A";40.03;"A"
"2025-01-16 04:30";0.91;"A";81.82;"A";1017.9;"A";250;"A";25;"A";1;"A";11;"A";14;"A";56.02;"A";40.79;"A";38.73;"A"
"2025-01-16 04:45";0.9;"A";82.14;"A";1018.01;"A";244;"A";25;"A";1;"A";10;"A";14;"A";53.39;"A";38.87;"A";36.89;"A"
"2025-01-16 05:00";0.93;"A";82.27;"A";1018.14;"A";211;"A";24;"A";2;"A";9;"A";14;"A";50.83;"A";36.99;"A";35.1;"A"
"2025-01-16 05:15";0.96;"A";82.28;"A";1018.06;"A";192;"A";24;"A";1;"A";11;"A";13;"A";49.34;"A";35.9;"A";34.05;"A"
"2025-01-16 05:30";0.93;"A";82.33;"A";1018.31;"A";179;"A";23;"A";1;"A";9;"A";14;"A";47.96;"A";34.89;"A";33.09;"A"
"2025-01-16 05:45";0.9;"A";82.67;"A";1018.25;"A";206;"A";23;"A";2;"A";9;"A";14;"A";49.76;"A";36.21;"A";34.35;"A"
"2025-01-16 06:00";0.89;"A";82.83;"A";1018.32;"A";251;"A";23;"A";1;"A";12;"A";11;"A";50.83;"A";36.99;"A";35.1;"A"
"2025-01-16 06:15";0.93;"A";82.66;"A";1018.4;"A";302;"A";24;"A";1;"A";15;"A";9;"A";52.97;"A";38.56;"A";36.6;"A"
"2025-01-16 06:30";0.98;"A";82.56;"A";1018.37;"A";327;"A";25;"A";1;"A";18;"A";7;"A";56.62;"A";41.23;"A";39.15;"A"
"2025-01-16 06:45";0.98;"A";82.86;"A";1018.48;"A";308;"A";25;"A";1;"A";18;"A";7;"A";54.5;"A";39.68;"A";37.66;"A"
"2025-01-16 07:00";1.03;"A";82.84;"A";1018.72;"A";270;"A";25;"A";1;"A";17;"A";8;"A";49.41;"A";35.95;"A";34.1;"A"
"2025-01-16 07:15";1.07;"A";82.91;"A";1018.98;"A";261;"A";25;"A";1;"A";17;"A";8;"A";48.12;"A";35.01;"A";33.2;"A"
"2025-01-16 07:30";1.05;"A";83.2;"A";1019.11;"A";277;"A";25;"A";1;"A";18;"A";7;"A";53;"A";38.58;"A";36.61;"A"
"2025-01-16 07:45";1.15;"A";82.72;"A";1019.23;"A";301;"A";26;"A";1;"A";18;"A";8;"A";57.29;"A";41.72;"A";39.62;"A"
"2025-01-16 08:00";1.23;"A";82.45;"A";1019.35;"A";387;"A";27;"A";1;"A";19;"A";8;"A";58.37;"A";42.52;"A";40.38;"A"
"2025-01-16 08:15";1.29;"A";82.24;"A";1019.41;"A";323;"A";26;"A";1;"A";17;"A";8;"A";65.92;"A";48.05;"A";45.66;"A"
"2025-01-16 08:30";1.38;"A";81.89;"A";1019.39;"A";331;"A";27;"A";1;"A";19;"A";8;"A";67.7;"A";49.75;"A";46.74;"A"
"2025-01-16 08:45";1.51;"A";81.88;"A";1019.44;"A";342;"A";27;"A";1;"A";18;"A";9;"A";75.42;"A";55;"A";52.31;"A"
"2025-01-16 09:00";1.57;"A";81.76;"A";1019.48;"A";302;"A";26;"A";1;"A";16;"A";10;"A";60.33;"A";43.95;"A";41.75;"A"
"2025-01-16 09:15";1.78;"A";81.43;"A";1019.74;"A";303;"A";26;"A";1;"A";16;"A";10;"A";59.63;"A";43.44;"A";41.26;"A"
"2025-01-16 09:30";1.91;"A";81.11;"A";1020.01;"A";285;"A";24;"A";1;"A";13;"A";11;"A";74.02;"A";53.98;"A";51.33;"A"
"2025-01-16 09:45";1.98;"A";81.15;"A";1020.28;"A";421;"A";24;"A";2;"A";11;"A";13;"A";60.92;"A";44.38;"A";42.16;"A"
"2025-01-16 10:00";2.35;"A";80.33;"A";1020.56;"A";494;"A";25;"A";2;"A";12;"A";13;"A";59.12;"A";43.8;"A";40.55;"A"
"2025-01-16 10:15";2.61;"A";79.55;"A";1020.76;"A";430;"A";23;"A";2;"A";9;"A";14;"A";59.54;"A";49.02;"A";37.87;"A"
"2025-01-16 10:30";2.62;"A";79.37;"A";1020.87;"A";337;"A";24;"A";2;"A";11;"A";14;"A";61.25;"A";50.35;"A";37.62;"A"
"2025-01-16 10:45";2.79;"A";79.25;"A";1020.91;"A";256;"A";25;"A";1;"A";12;"A";13;"A";55.25;"A";47.7;"A";36.54;"A"
"2025-01-16 11:00";2.94;"A";78.89;"A";1020.94;"A";258;"A";25;"A";2;"A";12;"A";13;"A";61.05;"A";52.6;"A";38.04;"A"
"2025-01-16 11:15";3;"A";78.25;"A";1020.78;"A";577;"A";26;"A";2;"A";12;"A";14;"A";67.49;"A";58.39;"A";42.64;"A"
"2025-01-16 11:30";3.02;"A";78.54;"A";1020.78;"A";232;"A";26;"A";1;"A";12;"A";14;"A";58.75;"A";50.16;"A";37.18;"A"
"2025-01-16 11:45";3.05;"A";78.4;"A";1020.73;"A";239;"A";26;"A";1;"A";12;"A";14;"A";61.98;"A";53.22;"A";39.04;"A"
"2025-01-16 12:00";3.02;"A";78.09;"A";1020.72;"A";369;"A";26;"A";2;"A";10;"A";15;"A";70.26;"A";59.51;"A";43.09;"A"
"2025-01-16 12:15";3.11;"A";78.21;"A";1020.73;"A";305;"A";26;"A";1;"A";13;"A";14;"A";75.86;"A";63.16;"A";45.94;"A"
"2025-01-16 12:30";3.14;"A";78;"A";1020.73;"A";236;"A";26;"A";1;"A";13;"A";13;"A";77.76;"A";63.56;"A";46.31;"A"
"2025-01-16 12:45";3.19;"A";77.79;"A";1020.62;"A";255;"A";26;"A";0;"A";13;"A";13;"A";96.43;"A";79.56;"A";56.53;"A"
"2025-01-16 13:00";3.2;"A";77.12;"A";1020.6;"A";236;"A";26;"A";1;"A";10;"A";16;"A";73.35;"A";59.97;"A";42.84;"A"
"2025-01-16 13:15";3.15;"A";77.36;"A";1020.56;"A";264;"A";28;"A";1;"A";14;"A";14;"A";74.72;"A";61.82;"A";45.11;"A"
"2025-01-16 13:30";3.13;"A";77.45;"A";1020.6;"A";229;"A";28;"A";1;"A";13;"A";15;"A";78.87;"A";64.03;"A";45.61;"A"
"2025-01-16 13:45";2.97;"A";77.17;"A";1020.65;"A";230;"A";27;"A";1;"A";10;"A";17;"A";76.38;"A";63.8;"A";46.09;"A"
"2025-01-16 14:00";2.8;"A";77.01;"A";1020.57;"A";214;"A";28;"A";1;"A";12;"A";17;"A";61.62;"A";50.57;"A";36.23;"A"
"2025-01-16 14:15";2.76;"A";77.04;"A";1020.53;"A";206;"A";28;"A";1;"A";12;"A";16;"A";69.46;"A";56.87;"A";39.93;"A"
"2025-01-16 14:30";2.76;"A";77.59;"A";1020.71;"A";321;"A";32;"A";0;"A";19;"A";13;"A";106;"A";85.48;"A";62.38;"A"
"2025-01-16 14:45";2.65;"A";78.21;"A";1020.6;"A";232;"A";27;"A";1;"A";12;"A";15;"A";85.35;"A";70.61;"A";50.06;"A"
"2025-01-16 15:00";2.59;"A";77.59;"A";1020.6;"A";213;"A";27;"A";1;"A";10;"A";16;"A";59.33;"A";48.87;"A";35.21;"A"
"2025-01-16 15:15";2.54;"A";76.91;"A";1020.53;"A";213;"A";28;"A";0;"A";11;"A";17;"A";57.14;"A";47.97;"A";34.48;"A"
"2025-01-16 15:30";2.5;"A";77.67;"A";1020.7;"A";240;"A";29;"A";0;"A";13;"A";15;"A";78.05;"A";66.35;"A";47.49;"A"
"2025-01-16 15:45";2.45;"A";77.47;"A";1020.86;"A";206;"A";28;"A";1;"A";11;"A";17;"A";35.31;"A";29.59;"A";22.68;"A"
"2025-01-16 16:00";2.46;"A";77.27;"A";1020.93;"A";217;"A";28;"A";0;"A";11;"A";17;"A";34.16;"A";29.56;"A";22.05;"A"
"2025-01-16 16:15";2.42;"A";77.45;"A";1020.87;"A";197;"A";28;"A";0;"A";10;"A";18;"A";27.56;"A";22.38;"A";16.55;"A"
"2025-01-16 16:30";2.41;"A";77.51;"A";1020.88;"A";210;"A";28;"A";0;"A";11;"A";17;"A";33.94;"A";29.4;"A";21.5;"A"
"2025-01-16 16:45";2.44;"A";77.61;"A";1020.78;"A";223;"A";29;"A";0;"A";14;"A";15;"A";37.01;"A";31.4;"A";23.89;"A"
"2025-01-16 17:00";2.43;"A";77.91;"A";1020.84;"A";242;"A";28;"A";0;"A";15;"A";13;"A";36.87;"A";31.52;"A";24.04;"A"
"2025-01-16 17:15";2.42;"A";77.56;"A";1020.71;"A";266;"A";31;"A";0;"A";18;"A";13;"A";38.03;"A";32.07;"A";24.12;"A"
"2025-01-16 17:30";2.42;"A";77.13;"A";1020.57;"A";216;"A";29;"A";0;"A";13;"A";16;"A";32.45;"A";28.04;"A";20.32;"A"
"2025-01-16 17:45";2.43;"A";77.09;"A";1020.6;"A";209;"A";28;"A";0;"A";12;"A";17;"A";30.43;"A";25.36;"A";18.7;"A"
"2025-01-16 18:00";2.44;"A";77.53;"A";1020.64;"A";197;"A";28;"A";0;"A";11;"A";17;"A";31.65;"A";27.01;"A";19.66;"A"
"2025-01-16 18:15";2.39;"A";78.15;"A";1020.79;"A";205;"A";27;"A";1;"A";10;"A";17;"A";37.22;"A";32.32;"A";23.69;"A"
"2025-01-16 18:30";2.39;"A";78.41;"A";1020.75;"A";223;"A";27;"A";0;"A";12;"A";15;"A";43.6;"A";37.39;"A";27.5;"A"
"2025-01-16 18:45";2.35;"A";78.96;"A";1020.71;"A";200;"A";26;"A";1;"A";11;"A";16;"A";45.71;"A";39.13;"A";28.92;"A"
"2025-01-16 19:00";2.33;"A";79.7;"A";1020.67;"A";197;"A";26;"A";1;"A";10;"A";16;"A";48.26;"A";42.44;"A";31.54;"A"
"2025-01-16 19:15";2.33;"A";79.78;"A";1020.72;"A";211;"A";26;"A";1;"A";11;"A";15;"A";51.26;"A";44.29;"A";32.74;"A"
"2025-01-16 19:30";2.32;"A";79.9;"A";1020.65;"A";215;"A";26;"A";1;"A";9;"A";17;"A";41.01;"A";35.76;"A";26.89;"A"
"2025-01-16 19:45";2.34;"A";79.94;"A";1020.7;"A";202;"A";26;"A";1;"A";10;"A";16;"A";36.82;"A";32.64;"A";24.02;"A"
"2025-01-16 20:00";2.33;"A";79.89;"A";1020.64;"A";185;"A";26;"A";1;"A";9;"A";17;"A";31.1;"A";27.99;"A";21.1;"A"
"2025-01-16 20:15";2.35;"A";80.13;"A";1020.71;"A";180;"A";25;"A";1;"A";8;"A";17;"A";32.4;"A";27.73;"A";21.06;"A"
"2025-01-16 20:30";2.3;"A";80.55;"A";1020.68;"A";186;"A";25;"A";0;"A";8;"A";17;"A";31.33;"A";23.06;"A";21.49;"A"
"2025-01-16 20:45";2.29;"A";80.91;"A";1020.63;"A";186;"A";26;"A";1;"A";8;"A";17;"A";30.69;"A";22.24;"A";21;"A"
"2025-01-16 21:00";2.3;"A";81.05;"A";1020.73;"A";188;"A";25;"A";1;"A";8;"A";17;"A";33.26;"A";24.12;"A";22.8;"A"
"2025-01-16 21:15";2.29;"A";81.12;"A";1020.57;"A";185;"A";25;"A";1;"A";8;"A";17;"A";26.9;"A";19.46;"A";18.35;"A"
"2025-01-16 21:30";2.25;"A";80.93;"A";1020.55;"A";157;"A";25;"A";1;"A";7;"A";19;"A";22.79;"A";16.45;"A";15.47;"A"
"2025-01-16 21:45";2.21;"A";81.32;"A";1020.46;"A";158;"A";25;"A";1;"A";7;"A";19;"A";22.07;"A";15.92;"A";14.97;"A"
"2025-01-16 22:00";2.18;"A";81.65;"A";1020.35;"A";159;"A";25;"A";1;"A";7;"A";18;"A";20.28;"A";14.61;"A";13.71;"A"
"2025-01-16 22:15";2.17;"A";81.56;"A";1020.34;"A";141;"A";25;"A";1;"A";6;"A";19;"A";20.11;"A";14.48;"A";13.59;"A"
"2025-01-16 22:30";2.14;"A";81.94;"A";1020.45;"A";147;"A";25;"A";1;"A";6;"A";19;"A";20;"A";14.4;"A";13.51;"A"
"2025-01-16 22:45";2.09;"A";81.93;"A";1020.35;"A";140;"A";25;"A";1;"A";6;"A";19;"A";21.29;"A";15.35;"A";14.42;"A"
"2025-01-16 23:00";2.06;"A";82.27;"A";1020.43;"A";134;"A";25;"A";1;"A";6;"A";19;"A";22.24;"A";16.05;"A";15.09;"A"
"2025-01-16 23:15";2.08;"A";82.45;"A";1020.49;"A";128;"A";25;"A";1;"A";6;"A";19;"A";22.36;"A";16.13;"A";15.17;"A"
"2025-01-16 23:30";2.07;"A";82.68;"A";1020.37;"A";126;"A";24;"A";1;"A";6;"A";18;"A";22.72;"A";16.4;"A";15.42;"A"
"2025-01-16 23:45";2.04;"A";83.06;"A";1020.17;"A";129;"A";24;"A";1;"A";6;"A";18;"A";23.33;"A";16.85;"A";15.85;"A"
"2025-01-17 00:00";2.04;"A";82.99;"A";1020.1;"A";119;"A";24;"A";1;"A";6;"A";19;"A";19.26;"A";13.86;"A";13;"A"
"2025-01-17 00:15";1.97;"A";83.41;"A";1020.1;"A";113;"A";25;"A";1;"A";5;"A";19;"A";17.67;"A";12.69;"A";11.88;"A"
"2025-01-17 00:30";1.96;"A";83.59;"A";1019.98;"A";113;"A";25;"A";1;"A";6;"A";19;"A";17.16;"A";12.32;"A";11.53;"A"
"2025-01-17 00:45";1.89;"A";83.84;"A";1019.74;"A";113;"A";24;"A";1;"A";6;"A";19;"A";16.59;"A";11.91;"A";11.13;"A"
"2025-01-17 01:00";1.82;"A";83.97;"A";1019.61;"A";108;"A";25;"A";1;"A";6;"A";19;"A";14.56;"A";10.42;"A";9.71;"A"
"2025-01-17 01:15";1.78;"A";84.27;"A";1019.43;"A";109;"A";25;"A";1;"A";6;"A";19;"A";13.24;"A";9.45;"A";8.79;"A"
"2025-01-17 01:30";1.69;"A";84.27;"A";1019.44;"A";98;"A";25;"A";1;"A";6;"A";20;"A";11.29;"A";8.02;"A";7.42;"A"
"2025-01-17 01:45";1.65;"A";84.21;"A";1019.49;"A";87;"A";27;"A";0;"A";5;"A";21;"A";10.23;"A";7.25;"A";6.68;"A"
"2025-01-17 02:00";1.61;"A";84.58;"A";1019.44;"A";88;"A";27;"A";0;"A";6;"A";21;"A";11.37;"A";8.08;"A";7.47;"A"
"2025-01-17 02:15";1.55;"A";85.01;"A";1019.39;"A";87;"A";26;"A";1;"A";6;"A";20;"A";12.25;"A";8.73;"A";8.09;"A"
"2025-01-17 02:30";1.56;"A";84.58;"A";1019.33;"A";85;"A";26;"A";1;"A";5;"A";20;"A";13.03;"A";9.3;"A";8.64;"A"
"2025-01-17 02:45";1.5;"A";84.58;"A";1019.14;"A";86;"A";26;"A";0;"A";5;"A";20;"A";13.65;"A";9.75;"A";9.07;"A"
"2025-01-17 03:00";1.55;"A";84.06;"A";1019.16;"A";89;"A";26;"A";0;"A";5;"A";20;"A";15.5;"A";11.11;"A";10.37;"A"
"2025-01-17 03:15";1.59;"A";83.6;"A";1019.26;"A";91;"A";26;"A";0;"A";5;"A";21;"A";17.43;"A";12.52;"A";11.72;"A"
"2025-01-17 03:30";1.59;"A";83.85;"A";1019.25;"A";90;"A";26;"A";0;"A";5;"A";20;"A";19.29;"A";13.89;"A";13.02;"A"
"2025-01-17 03:45";1.6;"A";83.73;"A";1019.13;"A";91;"A";26;"A";1;"A";6;"A";20;"A";21;"A";15.14;"A";14.21;"A"
"2025-01-17 04:00";1.61;"A";83.78;"A";1018.7;"A";94;"A";25;"A";0;"A";5;"A";20;"A";22.16;"A";15.99;"A";15.03;"A"
"2025-01-17 04:15";1.61;"A";83.98;"A";1018.66;"A";93;"A";25;"A";0;"A";6;"A";19;"A";22.27;"A";16.07;"A";15.11;"A"
"2025-01-17 04:30";1.63;"A";83.36;"A";1018.73;"A";93;"A";25;"A";1;"A";6;"A";20;"A";22.77;"A";16.44;"A";15.46;"A"
"2025-01-17 04:45";1.6;"A";83.53;"A";1018.67;"A";93;"A";26;"A";1;"A";5;"A";20;"A";21.76;"A";15.69;"A";14.75;"A"
"2025-01-17 05:00";1.63;"A";83.19;"A";1018.77;"A";91;"A";26;"A";1;"A";6;"A";20;"A";20.05;"A";14.44;"A";13.55;"A"
"2025-01-17 05:15";1.57;"A";83.06;"A";1018.73;"A";91;"A";26;"A";0;"A";5;"A";20;"A";19.1;"A";13.74;"A";12.88;"A"
"2025-01-17 05:30";1.56;"A";82.74;"A";1018.61;"A";92;"A";26;"A";0;"A";6;"A";20;"A";19.25;"A";13.85;"A";12.99;"A"
"2025-01-17 05:45";1.52;"A";82.54;"A";1018.44;"A";97;"A";26;"A";1;"A";6;"A";20;"A";20.07;"A";14.46;"A";13.57;"A"
"2025-01-17 06:00";1.51;"A";82.65;"A";1018.48;"A";106;"A";26;"A";0;"A";6;"A";20;"A";20.13;"A";14.5;"A";13.61;"A"
"2025-01-17 06:15";1.48;"A";83.06;"A";1018.43;"A";111;"A";26;"A";0;"A";6;"A";19;"A";21.14;"A";15.24;"A";14.32;"A"
"2025-01-17 06:30";1.46;"A";83.36;"A";1018.39;"A";109;"A";26;"A";0;"A";7;"A";19;"A";21.58;"A";15.56;"A";14.62;"A"
"2025-01-17 06:45";1.44;"A";83.75;"A";1018.04;"A";110;"A";26;"A";0;"A";8;"A";18;"A";22.71;"A";16.39;"A";15.41;"A"
"2025-01-17 07:00";1.43;"A";83.87;"A";1017.94;"A";118;"A";26;"A";0;"A";8;"A";18;"A";24.31;"A";17.56;"A";16.53;"A"
"2025-01-17 07:15";1.4;"A";84.51;"A";1017.92;"A";122;"A";26;"A";0;"A";9;"A";17;"A";24.96;"A";18.04;"A";16.99;"A"
"2025-01-17 07:30";1.34;"A";85.64;"A";1018.04;"A";135;"A";26;"A";1;"A";8;"A";18;"A";28.43;"A";20.58;"A";19.42;"A"
"2025-01-17 07:45";1.35;"A";85.97;"A";1017.81;"A";162;"A";26;"A";0;"A";11;"A";15;"A";31.28;"A";22.67;"A";21.41;"A"
"2025-01-17 08:00";1.36;"A";86.28;"A";1017.55;"A";170;"A";27;"A";0;"A";12;"A";14;"A";40.25;"A";29.24;"A";27.69;"A"
"2025-01-17 08:15";1.39;"A";86.33;"A";1017.72;"A";171;"A";26;"A";1;"A";11;"A";14;"A";33.94;"A";24.62;"A";23.27;"A"
"2025-01-17 08:30";1.5;"A";85.99;"A";1017.63;"A";170;"A";26;"A";0;"A";12;"A";14;"A";30.06;"A";21.77;"A";20.55;"A"
"2025-01-17 08:45";1.69;"A";85.96;"A";1017.51;"A";170;"A";27;"A";1;"A";13;"A";13;"A";31.15;"A";22.57;"A";21.32;"A"
"2025-01-17 09:00";1.76;"A";86.01;"A";1017.38;"A";193;"A";26;"A";0;"A";12;"A";14;"A";29.18;"A";21.13;"A";19.94;"A"
"2025-01-17 09:15";1.85;"A";85.89;"A";1017.33;"A";176;"A";26;"A";1;"A";12;"A";14;"A";32.79;"A";23.77;"A";22.47;"A"
"2025-01-17 09:30";1.96;"A";85.52;"A";1017.47;"A";210;"A";26;"A";1;"A";11;"A";15;"A";30.31;"A";21.96;"A";20.73;"A"
"2025-01-17 09:45";2.11;"A";84.97;"A";1017.48;"A";166;"A";25;"A";0;"A";10;"A";15;"A";28.15;"A";20.38;"A";19.22;"A"
"2025-01-17 10:00";2.24;"A";84.62;"A";1017.41;"A";179;"A";30;"A";0;"A";15;"A";15;"A";28.39;"A";20.55;"A";19.39;"A"
"2025-01-17 10:15";2.32;"A";84.39;"A";1017.59;"A";151;"A";26;"A";0;"A";10;"A";16;"A";29.1;"A";21.07;"A";19.89;"A"
"2025-01-17 10:30";2.49;"A";84.11;"A";1017.38;"A";161;"A";25;"A";1;"A";9;"A";16;"A";33.25;"A";24.11;"A";22.79;"A"
"2025-01-17 10:45";2.56;"A";83.9;"A";1017.12;"A";156;"A";25;"A";1;"A";9;"A";16;"A";35.57;"A";25.81;"A";24.42;"A"
"2025-01-17 11:00";2.66;"A";83.9;"A";1016.95;"A";151;"A";25;"A";1;"A";8;"A";17;"A";36.75;"A";26.67;"A";25.24;"A"
"2025-01-17 11:15";2.76;"A";83.95;"A";1016.88;"A";188;"A";25;"A";1;"A";10;"A";15;"A";47.58;"A";34.61;"A";32.82;"A"
"2025-01-17 11:30";2.84;"A";83.59;"A";1016.78;"A";193;"A";26;"A";1;"A";11;"A";15;"A";41.63;"A";30.25;"A";28.65;"A"
"2025-01-17 11:45";2.88;"A";83.62;"A";1016.58;"A";174;"A";26;"A";0;"A";10;"A";16;"A";40.29;"A";29.27;"A";27.72;"A"
"2025-01-17 12:00";2.85;"A";83.77;"A";1016.5;"A";179;"A";26;"A";1;"A";9;"A";17;"A";41.77;"A";30.35;"A";28.76;"A"
"2025-01-17 12:15";2.84;"A";83.78;"A";1016.4;"A";193;"A";26;"A";0;"A";10;"A";16;"A";41.84;"A";30.41;"A";28.8;"A"
"2025-01-17 12:30";2.87;"A";84.02;"A";1016.3;"A";703;"A";26;"A";1;"A";11;"A";16;"A";47.14;"A";34.28;"A";32.51;"A"
"2025-01-17 12:45";2.89;"A";84.23;"A";1016.18;"A";1243;"A";27;"A";3;"A";12;"A";15;"A";53.65;"A";39.06;"A";37.07;"A"
"2025-01-17 13:00";2.98;"A";83.97;"A";1016;"A";270;"A";27;"A";0;"A";12;"A";16;"A";44.05;"A";32.02;"A";30.35;"A"
"2025-01-17 13:15";2.88;"A";83.89;"A";1015.84;"A";194;"A";26;"A";1;"A";10;"A";16;"A";36.89;"A";26.78;"A";25.34;"A"
"2025-01-17 13:30";2.83;"A";84.37;"A";1015.83;"A";158;"A";26;"A";1;"A";9;"A";17;"A";33.05;"A";23.97;"A";22.65;"A"
"2025-01-17 13:45";2.84;"A";83.87;"A";1015.85;"A";159;"A";26;"A";1;"A";9;"A";17;"A";34.16;"A";24.77;"A";23.42;"A"
"2025-01-17 14:00";2.84;"A";83.93;"A";1015.82;"A";153;"A";26;"A";0;"A";8;"A";18;"A";32.21;"A";23.35;"A";22.06;"A"
"2025-01-17 14:15";2.8;"A";84.39;"A";1015.66;"A";157;"A";27;"A";1;"A";9;"A";18;"A";31.29;"A";22.67;"A";21.42;"A"
"2025-01-17 14:30";2.72;"A";85.59;"A";1015.7;"A";171;"A";27;"A";1;"A";9;"A";18;"A";32.13;"A";23.29;"A";22.01;"A"
"2025-01-17 14:45";2.74;"A";85.83;"A";1015.79;"A";158;"A";26;"A";1;"A";8;"A";18;"A";32.52;"A";23.58;"A";22.28;"A"
"2025-01-17 15:00";2.71;"A";86.37;"A";1015.81;"A";161;"A";26;"A";0;"A";10;"A";17;"A";32.99;"A";23.92;"A";22.61;"A"
"2025-01-17 15:15";2.64;"A";86.75;"A";1015.65;"A";167;"A";26;"A";1;"A";9;"A";17;"A";32.15;"A";23.31;"A";22.02;"A"
"2025-01-17 15:30";2.68;"A";86.75;"A";1015.62;"A";1133;"A";28;"A";1;"A";12;"A";16;"A";30.28;"A";21.94;"A";20.71;"A"
"2025-01-17 15:45";2.64;"A";86.79;"A";1015.58;"A";214;"A";27;"A";0;"A";12;"A";15;"A";28.43;"A";20.58;"A";19.42;"A"
"2025-01-17 16:00";2.66;"A";86.85;"A";1015.64;"A";184;"A";26;"A";1;"A";10;"A";16;"A";23.54;"A";16.99;"A";15.99;"A"
"2025-01-17 16:15";2.66;"A";86.84;"A";1015.6;"A";309;"A";29;"A";0;"A";17;"A";13;"A";31.87;"A";23.1;"A";21.82;"A"
"2025-01-17 16:30";2.67;"A";86.99;"A";1015.5;"A";236;"A";28;"A";0;"A";15;"A";13;"A";27.52;"A";19.92;"A";18.78;"A"
"2025-01-17 16:45";2.63;"A";87.29;"A";1015.45;"A";256;"A";28;"A";0;"A";16;"A";12;"A";27.57;"A";19.95;"A";18.81;"A"
"2025-01-17 17:00";2.59;"A";87.44;"A";1015.49;"A";262;"A";27;"A";1;"A";14;"A";13;"A";27.28;"A";19.73;"A";18.61;"A"
"2025-01-17 17:15";2.53;"A";87.87;"A";1015.59;"A";247;"A";26;"A";0;"A";13;"A";14;"A";24.87;"A";17.97;"A";16.92;"A"
"2025-01-17 17:30";2.51;"A";88.18;"A";1015.48;"A";220;"A";26;"A";1;"A";10;"A";16;"A";27.85;"A";20.15;"A";19.01;"A"
"2025-01-17 17:45";2.45;"A";88.23;"A";1015.53;"A";195;"A";25;"A";1;"A";9;"A";16;"A";21.98;"A";15.86;"A";14.9;"A"
"2025-01-17 18:00";2.44;"A";88.41;"A";1015.6;"A";189;"A";25;"A";1;"A";10;"A";15;"A";22.26;"A";16.06;"A";15.1;"A"
"2025-01-17 18:15";2.42;"A";88.36;"A";1015.57;"A";181;"A";25;"A";1;"A";11;"A";14;"A";21.87;"A";15.78;"A";14.83;"A"
"2025-01-17 18:30";2.46;"A";88.25;"A";1015.45;"A";179;"A";25;"A";1;"A";11;"A";14;"A";22.6;"A";16.31;"A";15.33;"A"
"2025-01-17 18:45";2.5;"A";87.93;"A";1015.34;"A";168;"A";25;"A";0;"A";11;"A";15;"A";21.35;"A";15.39;"A";14.46;"A"
"2025-01-17 19:00";2.51;"A";87.82;"A";1015.38;"A";160;"A";25;"A";1;"A";10;"A";15;"A";22.2;"A";16.02;"A";15.05;"A"
"2025-01-17 19:15";2.54;"A";87.69;"A";1015.45;"A";151;"A";25;"A";0;"A";10;"A";15;"A";22.67;"A";16.36;"A";15.39;"A"
"2025-01-17 19:30";2.52;"A";87.72;"A";1015.43;"A";153;"A";25;"A";1;"A";9;"A";16;"A";25;"A";18.06;"A";17.01;"A"
"2025-01-17 19:45";2.56;"A";87.53;"A";1015.52;"A";177;"A";27;"A";0;"A";13;"A";14;"A";29.18;"A";21.13;"A";19.94;"A"
"2025-01-17 20:00";2.62;"A";87.39;"A";1015.43;"A";149;"A";24;"A";1;"A";9;"A";15;"A";28.19;"A";20.4;"A";19.25;"A"
"2025-01-17 20:15";2.68;"A";87.03;"A";1015.4;"A";157;"A";24;"A";1;"A";9;"A";16;"A";32.64;"A";23.66;"A";22.36;"A"
"2025-01-17 20:30";2.68;"A";86.99;"A";1015.28;"A";181;"A";24;"A";1;"A";9;"A";15;"A";34.04;"A";24.69;"A";23.34;"A"
"2025-01-17 20:45";2.69;"A";87.57;"A";1015.44;"A";168;"A";24;"A";1;"A";9;"A";15;"A";40.01;"A";29.07;"A";27.52;"A"
"2025-01-17 21:00";2.69;"A";87.95;"A";1015.37;"A";160;"A";24;"A";1;"A";8;"A";16;"A";37.32;"A";27.09;"A";25.64;"A"
"2025-01-17 21:15";2.63;"A";88.41;"A";1015.41;"A";148;"A";23;"A";1;"A";8;"A";15;"A";33.8;"A";24.52;"A";23.18;"A"
"2025-01-17 21:30";2.65;"A";88.62;"A";1015.41;"A";167;"A";23;"A";1;"A";8;"A";15;"A";33.91;"A";24.6;"A";23.26;"A"
"2025-01-17 21:45";2.65;"A";88.91;"A";1015.29;"A";142;"A";23;"A";1;"A";9;"A";14;"A";33.72;"A";24.46;"A";23.12;"A"
"2025-01-17 22:00";2.71;"A";88.96;"A";1015.33;"A";136;"A";23;"A";1;"A";9;"A";14;"A";34.75;"A";25.21;"A";23.84;"A"
"2025-01-17 22:15";2.7;"A";89.2;"A";1015.3;"A";135;"A";23;"A";1;"A";8;"A";15;"A";35.24;"A";25.57;"A";24.18;"A"
"2025-01-17 22:30";2.72;"A";89.04;"A";1015.25;"A";132;"A";23;"A";1;"A";9;"A";14;"A";35.4;"A";25.68;"A";24.29;"A"
"2025-01-17 22:45";2.74;"A";88.94;"A";1015.25;"A";132;"A";24;"A";1;"A";13;"A";12;"A";34.03;"A";24.69;"A";23.34;"A"
"2025-01-17 23:00";2.81;"A";88.47;"A";1015.37;"A";123;"A";25;"A";0;"A";14;"A";11;"A";28.65;"A";20.74;"A";19.57;"A"
"2025-01-17 23:15";2.88;"A";88.01;"A";1015.11;"A";107;"A";25;"A";0;"A";14;"A";11;"A";25.47;"A";18.41;"A";17.34;"A"
"2025-01-17 23:30";2.98;"A";87.41;"A";1015.17;"A";99;"A";24;"A";1;"A";9;"A";15;"A";20.31;"A";14.63;"A";13.73;"A"
"2025-01-17 23:45";3.08;"A";86.58;"A";1015.09;"A";95;"A";25;"A";0;"A";11;"A";14;"A";24.41;"A";17.64;"A";16.6;"A"
"2025-01-18 00:00";3.11;"A";86.49;"A";1015.12;"A";89;"A";26;"A";0;"A";11;"A";15;"A";17.6;"A";12.65;"A";11.83;"A"
"2025-01-18 00:15";3.13;"A";86.41;"A";1015.1;"A";86;"A";25;"A";0;"A";10;"A";16;"A";10.01;"A";7.08;"A";6.52;"A"
"2025-01-18 00:30";3.15;"A";86.28;"A";1015.1;"A";84;"A";26;"A";1;"A";9;"A";17;"A";8.35;"A";5.87;"A";5.36;"A"
"2025-01-18 00:45";3.15;"A";86.37;"A";1015.11;"A";78;"A";25;"A";0;"A";8;"A";18;"A";7.58;"A";5.31;"A";4.82;"A"
"2025-01-18 01:00";3.18;"A";86.06;"A";1015;"A";72;"A";25;"A";1;"A";8;"A";18;"A";6.07;"A";4.2;"A";3.77;"A"
"2025-01-18 01:15";3.16;"A";86.35;"A";1014.92;"A";73;"A";25;"A";0;"A";8;"A";17;"A";9.42;"A";6.65;"A";6.11;"A"
"2025-01-18 01:30";3.17;"A";85.89;"A";1015.1;"A";66;"A";25;"A";0;"A";7;"A";19;"A";5.01;"A";3.43;"A";3.03;"A"
"2025-01-18 01:45";3.15;"A";85.86;"A";1015.16;"A";67;"A";26;"A";0;"A";7;"A";19;"A";4.64;"A";3.15;"A";2.77;"A"
"2025-01-18 02:00";3.13;"A";85.77;"A";1015.3;"A";63;"A";26;"A";0;"A";7;"A";18;"A";5.02;"A";3.43;"A";3.03;"A"
"2025-01-18 02:15";3.08;"A";86.02;"A";1015.19;"A";63;"A";26;"A";1;"A";6;"A";19;"A";5.69;"A";3.92;"A";3.5;"A"
"2025-01-18 02:30";3.05;"A";86.34;"A";1015.07;"A";65;"A";26;"A";0;"A";8;"A";18;"A";7.33;"A";5.13;"A";4.65;"A"
"2025-01-18 02:45";3.04;"A";85.82;"A";1015.02;"A";64;"A";26;"A";0;"A";7;"A";19;"A";7.64;"A";5.35;"A";4.86;"A"
"2025-01-18 03:00";3.09;"A";85.88;"A";1014.96;"A";64;"A";26;"A";0;"A";7;"A";19;"A";5.72;"A";3.94;"A";3.52;"A"
"2025-01-18 03:15";3.03;"A";86.3;"A";1014.9;"A";70;"A";25;"A";1;"A";7;"A";19;"A";5.89;"A";4.07;"A";3.64;"A"
"2025-01-18 03:30";3;"A";86.12;"A";1014.8;"A";65;"A";25;"A";1;"A";6;"A";19;"A";5.56;"A";3.83;"A";3.41;"A"
"2025-01-18 03:45";2.99;"A";86.2;"A";1014.87;"A";63;"A";25;"A";0;"A";6;"A";20;"A";5.14;"A";3.52;"A";3.11;"A"
"2025-01-18 04:00";2.95;"A";86.22;"A";1014.83;"A";62;"A";26;"A";0;"A";8;"A";18;"A";5.54;"A";3.81;"A";3.4;"A"
"2025-01-18 04:15";2.88;"A";86.03;"A";1014.82;"A";58;"A";26;"A";0;"A";7;"A";19;"A";5.01;"A";3.42;"A";3.02;"A"
"2025-01-18 04:30";2.91;"A";85.86;"A";1014.71;"A";58;"A";26;"A";0;"A";7;"A";19;"A";5.26;"A";3.61;"A";3.2;"A"
"2025-01-18 04:45";2.81;"A";86.14;"A";1014.54;"A";57;"A";26;"A";1;"A";6;"A";20;"A";5.38;"A";3.69;"A";3.28;"A"
"2025-01-18 05:00";2.83;"A";86.08;"A";1014.46;"A";58;"A";26;"A";0;"A";8;"A";18;"A";5.98;"A";4.14;"A";3.7;"A"
"2025-01-18 05:15";2.79;"A";85.92;"A";1014.53;"A";57;"A";27;"A";0;"A";11;"A";16;"A";5.32;"A";3.65;"A";3.24;"A"
"2025-01-18 05:30";2.72;"A";85.89;"A";1014.57;"A";58;"A";26;"A";0;"A";7;"A";19;"A";6.79;"A";4.73;"A";4.27;"A"
"2025-01-18 05:45";2.7;"A";86.37;"A";1014.61;"A";59;"A";26;"A";0;"A";7;"A";19;"A";5.74;"A";3.96;"A";3.53;"A"
"2025-01-18 06:00";2.64;"A";86.89;"A";1014.72;"A";61;"A";27;"A";0;"A";10;"A";17;"A";7.66;"A";5.36;"A";4.87;"A"
"2025-01-18 06:15";2.64;"A";86.83;"A";1014.76;"A";65;"A";26;"A";0;"A";9;"A";18;"A";7.33;"A";5.12;"A";4.65;"A"
"2025-01-18 06:30";2.57;"A";86.81;"A";1014.66;"A";63;"A";26;"A";0;"A";10;"A";16;"A";7.09;"A";4.94;"A";4.48;"A"
"2025-01-18 06:45";2.51;"A";87.54;"A";1014.57;"A";67;"A";27;"A";0;"A";12;"A";15;"A";8.05;"A";5.65;"A";5.15;"A"
"2025-01-18 07:00";2.53;"A";87;"A";1014.65;"A";65;"A";27;"A";0;"A";12;"A";15;"A";9.02;"A";6.36;"A";5.83;"A"
"2025-01-18 07:15";2.47;"A";87.03;"A";1014.71;"A";67;"A";27;"A";0;"A";9;"A";17;"A";10.78;"A";7.65;"A";7.06;"A"
"2025-01-18 07:30";2.52;"A";86.92;"A";1014.47;"A";134;"A";39;"A";0;"A";25;"A";14;"A";19.08;"A";13.73;"A";12.87;"A"
"2025-01-18 07:45";2.53;"A";87.16;"A";1014.36;"A";94;"A";28;"A";0;"A";11;"A";17;"A";21.31;"A";15.36;"A";14.43;"A"
"2025-01-18 08:00";2.56;"A";86.92;"A";1014.35;"A";92;"A";26;"A";0;"A";9;"A";17;"A";15.57;"A";11.16;"A";10.41;"A"
"2025-01-18 08:15";2.56;"A";86.66;"A";1014.09;"A";85;"A";27;"A";0;"A";10;"A";17;"A";21.4;"A";15.43;"A";14.5;"A"
"2025-01-18 08:30";2.61;"A";86.58;"A";1014.18;"A";83;"A";27;"A";0;"A";10;"A";17;"A";31.16;"A";22.58;"A";21.33;"A"
"2025-01-18 08:45";2.65;"A";86.44;"A";1014.03;"A";118;"A";27;"A";0;"A";13;"A";14;"A";50.93;"A";37.06;"A";35.16;"A"
"2025-01-18 09:00";2.66;"A";86.37;"A";1014.17;"A";114;"A";26;"A";0;"A";11;"A";16;"A";69.78;"A";50.87;"A";48.36;"A"
"2025-01-18 09:15";2.57;"A";85.98;"A";1014.09;"A";98;"A";26;"A";0;"A";9;"A";17;"A";39.19;"A";28.46;"A";26.95;"A"
"2025-01-18 09:30";2.57;"A";85.97;"A";1014.09;"A";96;"A";27;"A";0;"A";10;"A";18;"A";23.62;"A";17.05;"A";16.05;"A"
"2025-01-18 09:45";2.59;"A";86.32;"A";1014.2;"A";104;"A";27;"A";0;"A";10;"A";16;"A";23.96;"A";17.3;"A";16.29;"A"
"2025-01-18 10:00";2.6;"A";86.06;"A";1014.38;"A";128;"A";26;"A";0;"A";10;"A";16;"A";27.63;"A";19.99;"A";18.86;"A"
"2025-01-18 10:15";2.57;"A";85.97;"A";1014.25;"A";127;"A";26;"A";0;"A";9;"A";17;"A";21.43;"A";15.46;"A";14.52;"A"
"2025-01-18 10:30";2.55;"A";85.81;"A";1014.14;"A";119;"A";26;"A";0;"A";10;"A";16;"A";21.1;"A";15.21;"A";14.29;"A"
"2025-01-18 10:45";2.52;"A";86.17;"A";1014.13;"A";124;"A";26;"A";0;"A";10;"A";16;"A";24.89;"A";17.99;"A";16.94;"A"
"2025-01-18 11:00";2.46;"A";85.92;"A";1013.92;"A";104;"A";26;"A";0;"A";8;"A";17;"A";18.88;"A";13.59;"A";12.73;"A"
"2025-01-18 11:15";2.5;"A";85.98;"A";1013.88;"A";107;"A";26;"A";0;"A";8;"A";18;"A";14.23;"A";10.18;"A";9.48;"A"
"2025-01-18 11:30";2.51;"A";85.8;"A";1013.74;"A";101;"A";26;"A";0;"A";8;"A";18;"A";11.14;"A";7.91;"A";7.31;"A"
"2025-01-18 11:45";2.54;"A";85.85;"A";1013.62;"A";119;"A";26;"A";0;"A";9;"A";17;"A";12.61;"A";8.99;"A";8.34;"A"
"2025-01-18 12:00";2.53;"A";85.91;"A";1013.39;"A";113;"A";26;"A";0;"A";9;"A";18;"A";15.36;"A";11.01;"A";10.27;"A"
"2025-01-18 12:15";2.57;"A";85.59;"A";1013.14;"A";119;"A";26;"A";1;"A";9;"A";17;"A";18.01;"A";12.95;"A";12.12;"A"
"2025-01-18 12:30";2.57;"A";85.62;"A";1012.94;"A";106;"A";26;"A";0;"A";9;"A";17;"A";12.17;"A";8.67;"A";8.04;"A"
"2025-01-18 12:45";2.51;"A";85.9;"A";1012.49;"A";99;"A";26;"A";0;"A";9;"A";17;"A";10.89;"A";7.73;"A";7.14;"A"
"2025-01-18 13:00";2.59;"A";85.59;"A";1012.01;"A";94;"A";25;"A";0;"A";8;"A";18;"A";10.32;"A";7.32;"A";6.74;"A"
"2025-01-18 13:15";2.65;"A";85.67;"A";1011.39;"A";94;"A";26;"A";0;"A";8;"A";18;"A";10.15;"A";7.19;"A";6.62;"A"
"2025-01-18 13:30";2.76;"A";85.68;"A";1011.14;"A";104;"A";26;"A";0;"A";9;"A";17;"A";13.4;"A";9.57;"A";8.89;"A"
"2025-01-18 13:45";2.83;"A";85.8;"A";1011.11;"A";116;"A";26;"A";0;"A";10;"A";16;"A";15.93;"A";11.42;"A";10.67;"A"
"2025-01-18 14:00";2.9;"A";85.9;"A";1010.76;"A";103;"A";26;"A";0;"A";8;"A";17;"A";14.49;"A";10.37;"A";9.66;"A"
"2025-01-18 14:15";2.95;"A";85.8;"A";1010.55;"A";96;"A";26;"A";1;"A";8;"A";18;"A";13.47;"A";9.62;"A";8.95;"A"
"2025-01-18 14:30";2.96;"A";86.02;"A";1010.31;"A";107;"A";26;"A";1;"A";9;"A";17;"A";15.29;"A";10.96;"A";10.22;"A"
"2025-01-18 14:45";3.02;"A";85.74;"A";1010.47;"A";105;"A";26;"A";0;"A";8;"A";18;"A";15.32;"A";10.98;"A";10.24;"A"
"2025-01-18 15:00";3.02;"A";86.03;"A";1009.95;"A";117;"A";26;"A";0;"A";9;"A";17;"A";19.31;"A";13.9;"A";13.03;"A"
"2025-01-18 15:15";3.07;"A";86.03;"A";1009.51;"A";130;"A";25;"A";0;"A";9;"A";16;"A";25.24;"A";18.25;"A";17.19;"A"
"2025-01-18 15:30";3.11;"A";85.99;"A";1009.23;"A";126;"A";25;"A";1;"A";7;"A";18;"A";25.12;"A";18.16;"A";17.1;"A"
"2025-01-18 15:45";3.23;"A";85.9;"A";1008.97;"A";134;"A";25;"A";1;"A";9;"A";16;"A";27.27;"A";19.73;"A";18.61;"A"
"2025-01-18 16:00";3.35;"A";85.77;"A";1008.86;"A";144;"A";25;"A";0;"A";9;"A";15;"A";33.35;"A";24.18;"A";22.86;"A"
"2025-01-18 16:15";3.42;"A";85.56;"A";1008.88;"A";139;"A";24;"A";1;"A";8;"A";16;"A";32.1;"A";23.27;"A";21.99;"A"
"2025-01-18 16:30";3.5;"A";85.31;"A";1008.9;"A";309;"A";25;"A";1;"A";9;"A";16;"A";31.22;"A";22.62;"A";21.37;"A"
"2025-01-18 16:45";3.5;"A";85.35;"A";1008.84;"A";153;"A";25;"A";1;"A";9;"A";15;"A";33.98;"A";24.64;"A";23.3;"A"
"2025-01-18 17:00";3.31;"A";85.81;"A";1008.96;"A";157;"A";24;"A";1;"A";9;"A";15;"A";36.39;"A";26.41;"A";24.99;"A"
"2025-01-18 17:15";3.18;"A";85.97;"A";1008.97;"A";176;"A";25;"A";0;"A";11;"A";14;"A";41.02;"A";29.8;"A";28.23;"A"
"2025-01-18 17:30";3.07;"A";86.12;"A";1009.14;"A";191;"A";25;"A";0;"A";12;"A";13;"A";46.62;"A";33.91;"A";32.15;"A"
"2025-01-18 17:45";3.08;"A";86.46;"A";1009.15;"A";214;"A";25;"A";0;"A";14;"A";11;"A";51.38;"A";37.39;"A";35.48;"A"
"2025-01-18 18:00";3.15;"A";86.35;"A";1008.7;"A";211;"A";25;"A";1;"A";13;"A";12;"A";53.46;"A";38.92;"A";36.94;"A"
"2025-01-18 18:15";3.31;"A";85.96;"A";1008.64;"A";196;"A";25;"A";1;"A";13;"A";12;"A";48.55;"A";35.32;"A";33.5;"A"
"2025-01-18 18:30";3.44;"A";85.53;"A";1008.5;"A";182;"A";24;"A";1;"A";12;"A";13;"A";47.52;"A";34.57;"A";32.78;"A"
"2025-01-18 18:45";3.62;"A";85.11;"A";1008.29;"A";182;"A";25;"A";1;"A";11;"A";13;"A";50.63;"A";36.84;"A";34.96;"A"
"2025-01-18 19:00";3.87;"A";84.79;"A";1008.31;"A";189;"A";26;"A";1;"A";12;"A";14;"A";54.34;"A";39.56;"A";37.55;"A"
"2025-01-18 19:15";4.09;"A";84.32;"A";1008.05;"A";170;"A";25;"A";1;"A";9;"A";16;"A";56.64;"A";41.25;"A";39.16;"A"
"2025-01-18 19:30";4.21;"A";84.24;"A";1007.7;"A";183;"A";25;"A";1;"A";10;"A";15;"A";58.5;"A";42.61;"A";40.46;"A"
"2025-01-18 19:45";4.31;"A";84.13;"A";1007.47;"A";184;"A";25;"A";1;"A";9;"A";15;"A";61.87;"A";45.08;"A";42.83;"A"
"2025-01-18 20:00";4.46;"A";84.13;"A";1007.39;"A";179;"A";25;"A";1;"A";9;"A";16;"A";63.73;"A";46.44;"A";44.13;"A"
"2025-01-18 20:15";4.52;"A";84.31;"A";1007.51;"A";165;"A";25;"A";1;"A";8;"A";17;"A";63.84;"A";46.52;"A";44.2;"A"
"2025-01-18 20:30";4.67;"A";84.33;"A";1007.68;"A";145;"A";25;"A";1;"A";8;"A";17;"A";60.5;"A";44.07;"A";41.87;"A"
"2025-01-18 20:45";4.72;"A";83.91;"A";1007.89;"A";107;"A";27;"A";0;"A";8;"A";18;"A";45.12;"A";32.81;"A";31.1;"A"
"2025-01-18 21:00";4.63;"A";82.22;"A";1007.9;"A";89;"A";27;"A";0;"A";7;"A";20;"A";34.24;"A";25.79;"A";22.74;"A"
"2025-01-18 21:15";4.44;"A";81.52;"A";1007.6;"A";85;"A";28;"A";0;"A";8;"A";20;"A";33.42;"A";27.09;"A";22.28;"A"
"2025-01-18 21:30";4.3;"A";81.92;"A";1007.8;"A";84;"A";28;"A";0;"A";7;"A";21;"A";34.23;"A";24.83;"A";23.48;"A"
"2025-01-18 21:45";4.19;"A";82.08;"A";1008.07;"A";87;"A";27;"A";0;"A";7;"A";20;"A";33.41;"A";24.23;"A";22.9;"A"
"2025-01-18 22:00";4.12;"A";82.58;"A";1008.15;"A";84;"A";27;"A";0;"A";9;"A";18;"A";36.22;"A";26.28;"A";24.87;"A"
"2025-01-18 22:15";4.02;"A";82.67;"A";1008.6;"A";86;"A";27;"A";0;"A";9;"A";18;"A";33.77;"A";24.5;"A";23.16;"A"
"2025-01-18 22:30";4;"A";82.76;"A";1008.34;"A";87;"A";27;"A";0;"A";10;"A";17;"A";33.11;"A";24.01;"A";22.69;"A"
"2025-01-18 22:45";4.01;"A";81.46;"A";1008.64;"A";81;"A";27;"A";0;"A";7;"A";20;"A";31.08;"A";22.81;"A";21.17;"A"
"2025-01-18 23:00";4.01;"A";80.44;"A";1008.64;"A";74;"A";28;"A";0;"A";7;"A";21;"A";29.58;"A";24.75;"A";18.24;"A"
"2025-01-18 23:15";3.94;"A";80.47;"A";1008.51;"A";74;"A";29;"A";0;"A";8;"A";21;"A";25.98;"A";20.76;"A";16.22;"A"
"2025-01-18 23:30";3.8;"A";81.23;"A";1008.23;"A";68;"A";29;"A";0;"A";8;"A";22;"A";20.62;"A";14.96;"A";14;"A"
"2025-01-18 23:45";3.76;"A";81.76;"A";1008.32;"A";69;"A";29;"A";0;"A";8;"A";21;"A";20.82;"A";15;"A";14.09;"A"
"2025-01-19 00:00";3.76;"A";81.4;"A";1008.49;"A";72;"A";28;"A";0;"A";8;"A";20;"A";22.18;"A";16.2;"A";14.96;"A"
"2025-01-19 00:15";3.72;"A";80.95;"A";1008.47;"A";67;"A";29;"A";0;"A";6;"A";23;"A";19.48;"A";15.55;"A";12.35;"A"
"2025-01-19 00:30";3.67;"A";81.03;"A";1008.45;"A";66;"A";29;"A";0;"A";7;"A";22;"A";17.7;"A";12.86;"A";11.29;"A"
"2025-01-19 00:45";3.64;"A";80.77;"A";1008.44;"A";65;"A";29;"A";0;"A";7;"A";22;"A";17.05;"A";13.85;"A";10.51;"A"
"2025-01-19 01:00";3.64;"A";80.76;"A";1008.45;"A";63;"A";29;"A";0;"A";7;"A";23;"A";15.15;"A";11.44;"A";9.79;"A"
"2025-01-19 01:15";3.6;"A";80.74;"A";1008.32;"A";65;"A";30;"A";0;"A";8;"A";22;"A";13.75;"A";10.25;"A";9.06;"A"
"2025-01-19 01:30";3.63;"A";80.42;"A";1008.47;"A";67;"A";30;"A";0;"A";8;"A";22;"A";13.97;"A";10.41;"A";8.81;"A"
"2025-01-19 01:45";3.63;"A";80.35;"A";1008.58;"A";67;"A";30;"A";0;"A";8;"A";22;"A";12.13;"A";10.42;"A";8.16;"A"
"2025-01-19 02:00";3.65;"A";79.51;"A";1008.46;"A";64;"A";30;"A";0;"A";8;"A";22;"A";12.99;"A";10.27;"A";7.67;"A"
"2025-01-19 02:15";3.64;"A";79.21;"A";1008.27;"A";63;"A";30;"A";0;"A";8;"A";22;"A";12.51;"A";10.45;"A";8.03;"A"
"2025-01-19 02:30";3.65;"A";78.88;"A";1008.16;"A";65;"A";30;"A";0;"A";9;"A";22;"A";12.44;"A";11.16;"A";7.98;"A"
"2025-01-19 02:45";3.65;"A";78.63;"A";1007.98;"A";66;"A";29;"A";0;"A";8;"A";21;"A";12.07;"A";10.3;"A";7.94;"A"
"2025-01-19 03:00";3.68;"A";78.22;"A";1007.86;"A";65;"A";30;"A";0;"A";7;"A";22;"A";13.79;"A";11.36;"A";8.34;"A"
"2025-01-19 03:15";3.69;"A";77.9;"A";1007.86;"A";64;"A";30;"A";0;"A";8;"A";22;"A";15.21;"A";12.88;"A";9.35;"A"
"2025-01-19 03:30";3.75;"A";77.44;"A";1007.97;"A";63;"A";29;"A";0;"A";6;"A";24;"A";18.62;"A";16.28;"A";11.42;"A"
"2025-01-19 03:45";3.7;"A";77.58;"A";1007.8;"A";63;"A";29;"A";0;"A";6;"A";24;"A";21.59;"A";18.57;"A";13.64;"A"
"2025-01-19 04:00";3.76;"A";77.17;"A";1007.79;"A";64;"A";30;"A";0;"A";7;"A";23;"A";19.76;"A";16.33;"A";11.81;"A"
"2025-01-19 04:15";3.7;"A";77.91;"A";1007.77;"A";65;"A";30;"A";0;"A";8;"A";21;"A";16.77;"A";14.06;"A";10.36;"A"
"2025-01-19 04:30";3.67;"A";78.47;"A";1007.88;"A";67;"A";29;"A";0;"A";8;"A";21;"A";15.62;"A";13.89;"A";10.21;"A"
"2025-01-19 04:45";3.7;"A";78.6;"A";1007.83;"A";64;"A";30;"A";0;"A";9;"A";21;"A";17.19;"A";13.81;"A";10.27;"A"
"2025-01-19 05:00";3.69;"A";78.57;"A";1007.83;"A";61;"A";31;"A";0;"A";12;"A";19;"A";14.11;"A";11.36;"A";8.52;"A"
"2025-01-19 05:15";3.89;"A";76.9;"A";1007.72;"A";61;"A";31;"A";0;"A";8;"A";23;"A";12.37;"A";9.31;"A";6.72;"A"
"2025-01-19 05:30";3.97;"A";75.3;"A";1007.57;"A";57;"A";32;"A";0;"A";8;"A";24;"A";9.3;"A";7.72;"A";5.63;"A"
"2025-01-19 05:45";4.05;"A";73.76;"A";1007.69;"A";54;"A";32;"A";0;"A";7;"A";25;"A";9.44;"A";7.49;"A";5.31;"A"
"2025-01-19 06:00";4.08;"A";73.36;"A";1007.86;"A";56;"A";33;"A";0;"A";8;"A";26;"A";10.52;"A";7.74;"A";5.25;"A"
"2025-01-19 06:15";4.06;"A";73.19;"A";1007.96;"A";51;"A";34;"A";0;"A";9;"A";25;"A";9.93;"A";6.93;"A";4.89;"A"
"2025-01-19 06:30";4.11;"A";72.78;"A";1008.1;"A";51;"A";34;"A";0;"A";8;"A";26;"A";11.08;"A";7.15;"A";5.1;"A"
"2025-01-19 06:45";4.08;"A";73.06;"A";1008.06;"A";53;"A";34;"A";0;"A";8;"A";25;"A";10.88;"A";7.51;"A";5.34;"A"
"2025-01-19 07:00";4.1;"A";72.85;"A";1008.19;"A";54;"A";34;"A";0;"A";9;"A";25;"A";11.23;"A";7.35;"A";5.12;"A"
"2025-01-19 07:15";4.1;"A";73.41;"A";1008.44;"A";66;"A";33;"A";0;"A";7;"A";27;"A";10.76;"A";7.63;"A";5.13;"A"
"2025-01-19 07:30";4.15;"A";73.25;"A";1008.55;"A";51;"A";33;"A";0;"A";6;"A";27;"A";10.85;"A";6.94;"A";5.07;"A"
"2025-01-19 07:45";4.17;"A";72.72;"A";1008.72;"A";53;"A";33;"A";0;"A";6;"A";27;"A";11.55;"A";7.25;"A";4.99;"A"
"2025-01-19 08:00";4.24;"A";71.71;"A";1008.97;"A";55;"A";34;"A";0;"A";6;"A";28;"A";10.81;"A";7.37;"A";4.87;"A"
"2025-01-19 08:15";4.28;"A";71.77;"A";1009.04;"A";61;"A";35;"A";0;"A";8;"A";27;"A";11.79;"A";7.27;"A";5.33;"A"
"2025-01-19 08:30";4.33;"A";71.57;"A";1009.14;"A";54;"A";34;"A";0;"A";8;"A";26;"A";11.67;"A";7.53;"A";5.29;"A"
"2025-01-19 08:45";4.36;"A";72.04;"A";1009.35;"A";61;"A";36;"A";0;"A";13;"A";23;"A";13.08;"A";8.23;"A";5.69;"A"
"2025-01-19 09:00";4.38;"A";72.14;"A";1009.44;"A";64;"A";35;"A";0;"A";11;"A";24;"A";14.23;"A";9.68;"A";6.61;"A"
"2025-01-19 09:15";4.39;"A";71.76;"A";1009.66;"A";54;"A";34;"A";0;"A";10;"A";24;"A";13.63;"A";9.32;"A";6.22;"A"
"2025-01-19 09:30";4.43;"A";71.2;"A";1009.75;"A";58;"A";35;"A";0;"A";9;"A";25;"A";13.84;"A";8.51;"A";5.97;"A"
"2025-01-19 09:45";4.52;"A";70.01;"A";1009.91;"A";63;"A";35;"A";0;"A";9;"A";26;"A";14.34;"A";9.37;"A";6.51;"A"
"2025-01-19 10:00";4.61;"A";69.69;"A";1009.94;"A";74;"A";35;"A";0;"A";10;"A";25;"A";12.28;"A";8.1;"A";5.22;"A"
"2025-01-19 10:15";4.72;"A";69.38;"A";1010.04;"A";76;"A";36;"A";0;"A";11;"A";25;"A";12.87;"A";8.6;"A";6.11;"A"
"2025-01-19 10:30";4.81;"A";69.4;"A";1010.01;"A";64;"A";36;"A";0;"A";10;"A";26;"A";12.5;"A";7.83;"A";5.41;"A"
"2025-01-19 10:45";5;"A";68.27;"A";1009.97;"A";66;"A";36;"A";0;"A";11;"A";25;"A";13.05;"A";8.01;"A";5.42;"A"
"2025-01-19 11:00";5.16;"A";67.21;"A";1009.93;"A";63;"A";36;"A";0;"A";11;"A";25;"A";13.57;"A";7.86;"A";5.3;"A"
"2025-01-19 11:15";5.17;"A";66.62;"A";1009.83;"A";67;"A";36;"A";0;"A";8;"A";27;"A";11.38;"A";7.09;"A";4.8;"A"
"2025-01-19 11:30";5.16;"A";65.88;"A";1009.84;"A";57;"A";37;"A";0;"A";10;"A";27;"A";12.2;"A";7.51;"A";4.98;"A"
"2025-01-19 11:45";5.31;"A";65.87;"A";1009.9;"A";66;"A";36;"A";0;"A";9;"A";27;"A";11.27;"A";7.02;"A";5.01;"A"
"2025-01-19 12:00";5.53;"A";64.28;"A";1009.82;"A";62;"A";36;"A";0;"A";8;"A";28;"A";11.43;"A";7.25;"A";4.6;"A"
"2025-01-19 12:15";5.53;"A";62.46;"A";1009.89;"A";56;"A";36;"A";0;"A";6;"A";30;"A";9.51;"A";6.21;"A";4.08;"A"
"2025-01-19 12:30";5.46;"A";60.5;"A";1009.78;"A";51;"A";37;"A";0;"A";8;"A";29;"A";13.81;"A";7.74;"A";5.16;"A"
"2025-01-19 12:45";5.49;"A";59.92;"A";1009.8;"A";56;"A";38;"A";0;"A";8;"A";30;"A";10.83;"A";6.59;"A";4.43;"A"
"2025-01-19 13:00";5.46;"A";58.45;"A";1009.8;"A";52;"A";38;"A";0;"A";8;"A";30;"A";10.44;"A";6.53;"A";4.2;"A"
"2025-01-19 13:15";5.51;"A";59.42;"A";1009.72;"A";58;"A";38;"A";0;"A";8;"A";30;"A";11.11;"A";6.49;"A";4.33;"A"
"2025-01-19 13:30";5.38;"A";58.45;"A";1009.76;"A";48;"A";37;"A";0;"A";6;"A";32;"A";10.3;"A";5.92;"A";3.82;"A"
"2025-01-19 13:45";5.52;"A";58.49;"A";1009.84;"A";50;"A";38;"A";0;"A";7;"A";32;"A";10.36;"A";6.3;"A";3.98;"A"
"2025-01-19 14:00";5.39;"A";61.72;"A";1009.77;"A";65;"A";37;"A";0;"A";10;"A";27;"A";12.19;"A";7.55;"A";4.88;"A"
"2025-01-19 14:15";5.4;"A";59.28;"A";1009.83;"A";55;"A";37;"A";0;"A";8;"A";29;"A";12.35;"A";7.32;"A";4.65;"A"
"2025-01-19 14:30";5.41;"A";58.1;"A";1009.97;"A";46;"A";37;"A";0;"A";7;"A";30;"A";10.27;"A";6.2;"A";4.14;"A"
"2025-01-19 14:45";5.21;"A";60.99;"A";1010.27;"A";60;"A";37;"A";0;"A";9;"A";29;"A";11.99;"A";6.99;"A";4.59;"A"
"2025-01-19 15:00";5.01;"A";62.21;"A";1010.53;"A";76;"A";37;"A";0;"A";9;"A";28;"A";12.17;"A";7.97;"A";5.15;"A"
"2025-01-19 15:15";4.86;"A";60.74;"A";1010.55;"A";64;"A";37;"A";0;"A";9;"A";28;"A";12.93;"A";8.28;"A";5.7;"A"
"2025-01-19 15:30";4.73;"A";62.02;"A";1010.62;"A";58;"A";37;"A";0;"A";9;"A";28;"A";12.48;"A";8.55;"A";5.98;"A"
"2025-01-19 15:45";4.52;"A";62.36;"A";1010.7;"A";52;"A";37;"A";0;"A";9;"A";28;"A";12.82;"A";7.89;"A";4.75;"A"
"2025-01-19 16:00";4.36;"A";63.24;"A";1010.79;"A";59;"A";37;"A";0;"A";10;"A";26;"A";13.5;"A";8.38;"A";5.3;"A"
"2025-01-19 16:15";4.18;"A";63.76;"A";1011.11;"A";57;"A";36;"A";0;"A";8;"A";28;"A";15.8;"A";9.96;"A";6.66;"A"
"2025-01-19 16:30";3.95;"A";63.89;"A";1011.39;"A";53;"A";37;"A";0;"A";9;"A";28;"A";12.25;"A";7.44;"A";4.83;"A"
"2025-01-19 16:45";3.73;"A";63.77;"A";1011.64;"A";51;"A";37;"A";0;"A";8;"A";29;"A";10.69;"A";6.59;"A";4.6;"A"
"2025-01-19 17:00";3.56;"A";64.7;"A";1011.56;"A";40;"A";37;"A";0;"A";7;"A";29;"A";11.09;"A";7.54;"A";4.75;"A"
"2025-01-19 17:15";3.42;"A";65.88;"A";1011.68;"A";41;"A";36;"A";0;"A";7;"A";29;"A";12.86;"A";7.95;"A";5.3;"A"
"2025-01-19 17:30";3.26;"A";66.6;"A";1011.75;"A";44;"A";36;"A";0;"A";8;"A";28;"A";11.95;"A";7.38;"A";4.82;"A"
"2025-01-19 17:45";2.99;"A";67.93;"A";1011.85;"A";46;"A";36;"A";0;"A";8;"A";27;"A";11.17;"A";6.98;"A";4.49;"A"
"2025-01-19 18:00";2.74;"A";68.88;"A";1012.25;"A";44;"A";36;"A";0;"A";9;"A";27;"A";10.58;"A";6.72;"A";4.64;"A"
"2025-01-19 18:15";2.49;"A";70.01;"A";1012.29;"A";63;"A";36;"A";0;"A";10;"A";26;"A";12.87;"A";8.18;"A";5.61;"A"
"2025-01-19 18:30";2.27;"A";71.22;"A";1012.34;"A";69;"A";36;"A";0;"A";13;"A";24;"A";17.81;"A";11.44;"A";8.26;"A"
"2025-01-19 18:45";2.01;"A";72.44;"A";1012.38;"A";72;"A";36;"A";0;"A";16;"A";20;"A";15.86;"A";10.28;"A";6.93;"A"
"2025-01-19 19:00";1.81;"A";73.21;"A";1012.36;"A";94;"A";35;"A";0;"A";14;"A";21;"A";14.71;"A";9.98;"A";6.64;"A"
"2025-01-19 19:15";1.59;"A";74.44;"A";1012.61;"A";123;"A";34;"A";0;"A";16;"A";18;"A";19.57;"A";13.37;"A";9.29;"A"
"2025-01-19 19:30";1.4;"A";75.43;"A";1012.55;"A";166;"A";33;"A";0;"A";17;"A";17;"A";23.55;"A";17.51;"A";12.65;"A"
"2025-01-19 19:45";1.28;"A";76.15;"A";1012.55;"A";174;"A";33;"A";0;"A";17;"A";17;"A";22.99;"A";16.44;"A";11.74;"A"
"2025-01-19 20:00";1.17;"A";77.06;"A";1012.55;"A";188;"A";33;"A";0;"A";16;"A";17;"A";22.44;"A";15.4;"A";10.61;"A"
"2025-01-19 20:15";1.05;"A";77.64;"A";1012.69;"A";142;"A";33;"A";0;"A";16;"A";17;"A";19.44;"A";12.77;"A";9.14;"A"
"2025-01-19 20:30";0.88;"A";78.83;"A";1012.77;"A";132;"A";31;"A";0;"A";16;"A";15;"A";20.7;"A";13.9;"A";9.93;"A"
"2025-01-19 20:45";0.78;"A";78.84;"A";1012.95;"A";138;"A";32;"A";0;"A";18;"A";14;"A";25.12;"A";17.43;"A";12.27;"A"
"2025-01-19 21:00";0.71;"A";79.33;"A";1013.33;"A";136;"A";34;"A";0;"A";24;"A";9;"A";29.89;"A";20.65;"A";14.98;"A"
"2025-01-19 21:15";0.6;"A";79.77;"A";1013.32;"A";183;"A";36;"A";0;"A";33;"A";3;"A";27.8;"A";20.28;"A";14.53;"A"
"2025-01-19 21:30";0.49;"A";80.5;"A";1013.3;"A";160;"A";34;"A";0;"A";30;"A";4;"A";28.53;"A";20.16;"A";14.51;"A"
"2025-01-19 21:45";0.4;"A";80.95;"A";1013.31;"A";138;"A";34;"A";0;"A";28;"A";5;"A";29.58;"A";21.17;"A";15.2;"A"
"2025-01-19 22:00";0.43;"A";81.14;"A";1013.37;"A";116;"A";34;"A";0;"A";29;"A";5;"A";25.41;"A";19.07;"A";13.5;"A"
"2025-01-19 22:15";0.51;"A";81.4;"A";1013.44;"A";92;"A";33;"A";0;"A";25;"A";8;"A";16.51;"A";11.81;"A";10.64;"A"
"2025-01-19 22:30";0.51;"A";81.34;"A";1013.56;"A";104;"A";33;"A";0;"A";24;"A";9;"A";19.84;"A";14.09;"A";12.64;"A"
"2025-01-19 22:45";0.22;"A";80.93;"A";1013.58;"A";427;"A";31;"A";0;"A";24;"A";7;"A";79.05;"A";64.75;"A";46.97;"A"
"2025-01-19 23:00";0.18;"A";81.29;"A";1013.77;"A";556;"A";32;"A";0;"A";28;"A";5;"A";96.57;"A";77.08;"A";55.84;"A"
"2025-01-19 23:15";0.16;"A";81.89;"A";1013.79;"A";377;"A";31;"A";0;"A";21;"A";10;"A";59.5;"A";43.83;"A";40.24;"A"
"2025-01-19 23:30";0.06;"A";81.96;"A";1013.76;"A";313;"A";30;"A";0;"A";19;"A";12;"A";54.56;"A";39.72;"A";37.71;"A"
"2025-01-19 23:45";-0.19;"A";82.76;"A";1013.94;"A";333;"A";29;"A";0;"A";19;"A";10;"A";56.25;"A";40.96;"A";38.89;"A"
"2025-01-20 00:00";-0.33;"A";83.48;"A";1014.03;"A";365;"A";28;"A";0;"A";18;"A";9;"A";58.39;"A";42.53;"A";40.39;"A"
"2025-01-20 00:15";-0.26;"A";83.27;"A";1014;"A";371;"A";29;"A";0;"A";19;"A";10;"A";69.1;"A";50.38;"A";47.89;"A"
"2025-01-20 00:30";-0.48;"A";83.71;"A";1014;"A";420;"A";28;"A";0;"A";20;"A";8;"A";91.36;"A";66.68;"A";63.46;"A"
"2025-01-20 00:45";-0.57;"A";83.64;"A";1013.86;"A";336;"A";28;"A";0;"A";19;"A";8;"A";70.54;"A";51.43;"A";48.89;"A"
"2025-01-20 01:00";-0.6;"A";83.83;"A";1013.73;"A";242;"A";27;"A";0;"A";17;"A";10;"A";55.88;"A";40.69;"A";38.63;"A"
"2025-01-20 01:15";-0.69;"A";84.06;"A";1013.82;"A";266;"A";27;"A";1;"A";17;"A";10;"A";71.21;"A";51.92;"A";49.36;"A"
"2025-01-20 01:30";-0.64;"A";83.87;"A";1014.01;"A";234;"A";27;"A";1;"A";16;"A";11;"A";56.31;"A";41;"A";38.93;"A"
"2025-01-20 01:45";-0.77;"A";83.72;"A";1013.98;"A";177;"A";26;"A";1;"A";14;"A";12;"A";37.18;"A";26.99;"A";25.54;"A"
"2025-01-20 02:00";-0.9;"A";83.81;"A";1013.98;"A";201;"A";26;"A";0;"A";15;"A";11;"A";44.2;"A";32.13;"A";30.45;"A"
"2025-01-20 02:15";-1.06;"A";84.15;"A";1014.18;"A";192;"A";26;"A";1;"A";14;"A";12;"A";36.5;"A";26.49;"A";25.06;"A"
"2025-01-20 02:30";-1.1;"A";84.38;"A";1014.14;"A";161;"A";25;"A";1;"A";11;"A";14;"A";30.74;"A";22.27;"A";21.03;"A"
"2025-01-20 02:45";-1.18;"A";84.64;"A";1014.07;"A";158;"A";25;"A";1;"A";10;"A";15;"A";50.64;"A";36.85;"A";34.96;"A"
"2025-01-20 03:00";-1.29;"A";84.68;"A";1014.14;"A";174;"A";24;"A";1;"A";12;"A";12;"A";36.51;"A";26.5;"A";25.08;"A"
"2025-01-20 03:15";-1.4;"A";85.04;"A";1014.12;"A";168;"A";24;"A";1;"A";13;"A";12;"A";33.49;"A";24.29;"A";22.96;"A"
"2025-01-20 03:30";-1.54;"A";85.43;"A";1014.01;"A";185;"A";25;"A";1;"A";14;"A";10;"A";34.26;"A";24.85;"A";23.5;"A"
"2025-01-20 03:45";-1.43;"A";85.19;"A";1013.92;"A";188;"A";25;"A";1;"A";13;"A";11;"A";34.09;"A";24.73;"A";23.38;"A"
"2025-01-20 04:00";-1.48;"A";85.52;"A";1014.01;"A";195;"A";25;"A";1;"A";14;"A";11;"A";39.24;"A";28.5;"A";26.98;"A"
"2025-01-20 04:15";-1.65;"A";85.88;"A";1013.84;"A";207;"A";24;"A";1;"A";14;"A";10;"A";56.28;"A";40.98;"A";38.91;"A"
"2025-01-20 04:30";-1.74;"A";86.05;"A";1013.83;"A";182;"A";24;"A";1;"A";13;"A";11;"A";46.98;"A";34.17;"A";32.4;"A"
"2025-01-20 04:45";-1.75;"A";86;"A";1013.94;"A";147;"A";23;"A";1;"A";11;"A";12;"A";37.77;"A";27.43;"A";25.96;"A"
"2025-01-20 05:00";-1.86;"A";85.98;"A";1013.84;"A";191;"A";24;"A";1;"A";15;"A";9;"A";58.05;"A";42.28;"A";40.15;"A"
"2025-01-20 05:15";-1.74;"A";85.79;"A";1013.66;"A";196;"A";25;"A";1;"A";15;"A";10;"A";75.11;"A";54.78;"A";52.09;"A"
"2025-01-20 05:30";-1.92;"A";86.34;"A";1013.54;"A";199;"A";24;"A";1;"A";14;"A";10;"A";77.54;"A";56.56;"A";53.79;"A"
"2025-01-20 05:45";-1.71;"A";85.85;"A";1013.66;"A";193;"A";25;"A";1;"A";14;"A";11;"A";57.55;"A";41.91;"A";39.8;"A"
"2025-01-20 06:00";-1.85;"A";85.93;"A";1013.59;"A";194;"A";25;"A";1;"A";15;"A";10;"A";50.65;"A";36.86;"A";34.97;"A"
"2025-01-20 06:15";-2.01;"A";86.36;"A";1013.61;"A";211;"A";25;"A";1;"A";16;"A";9;"A";48.69;"A";35.42;"A";33.6;"A"
"2025-01-20 06:30";-2.16;"A";86.32;"A";1013.54;"A";164;"A";24;"A";1;"A";16;"A";8;"A";42.07;"A";30.57;"A";28.97;"A"
"2025-01-20 06:45";-2.12;"A";86.3;"A";1013.33;"A";165;"A";25;"A";1;"A";15;"A";9;"A";44.36;"A";32.25;"A";30.57;"A"
"2025-01-20 07:00";-2.32;"A";86.81;"A";1013.35;"A";176;"A";25;"A";1;"A";18;"A";7;"A";42.06;"A";30.57;"A";28.96;"A"
"2025-01-20 07:15";-2.35;"A";86.82;"A";1013.36;"A";187;"A";26;"A";0;"A";21;"A";5;"A";32.23;"A";23.37;"A";22.08;"A"
"2025-01-20 07:30";-2.28;"A";86.34;"A";1013.44;"A";195;"A";26;"A";1;"A";20;"A";6;"A";46.57;"A";33.87;"A";32.11;"A"
"2025-01-20 07:45";-2.2;"A";86.31;"A";1013.4;"A";209;"A";25;"A";1;"A";17;"A";7;"A";54.65;"A";39.79;"A";37.77;"A"
"2025-01-20 08:00";-2.11;"A";86.47;"A";1013.27;"A";287;"A";25;"A";1;"A";19;"A";6;"A";45.6;"A";33.16;"A";31.44;"A"
"2025-01-20 08:15";-1.89;"A";86.3;"A";1013.35;"A";238;"A";25;"A";0;"A";18;"A";7;"A";37.67;"A";27.35;"A";25.88;"A"
"2025-01-20 08:30";-1.63;"A";86.12;"A";1013.28;"A";163;"A";24;"A";1;"A";13;"A";11;"A";34.21;"A";24.81;"A";23.46;"A"
"2025-01-20 08:45";-1.26;"A";85.78;"A";1013.2;"A";219;"A";24;"A";1;"A";12;"A";12;"A";44.84;"A";32.6;"A";30.91;"A"
"2025-01-20 09:00";-0.61;"A";84.57;"A";1013.17;"A";224;"A";28;"A";1;"A";18;"A";10;"A";29.84;"A";21.61;"A";20.4;"A"
"2025-01-20 09:15";0.22;"A";82.98;"A";1013.24;"A";154;"A";24;"A";1;"A";11;"A";13;"A";46.01;"A";33.46;"A";31.72;"A"
"2025-01-20 09:30";1.32;"A";81.01;"A";1012.96;"A";252;"A";27;"A";1;"A";16;"A";11;"A";26.73;"A";19.34;"A";18.23;"A"
"2025-01-20 09:45";2.39;"A";77.96;"A";1012.83;"A";176;"A";27;"A";1;"A";13;"A";14;"A";23.22;"A";17.4;"A";14.23;"A"
"2025-01-20 10:00";3.04;"A";76.59;"A";1012.61;"A";164;"A";27;"A";1;"A";12;"A";15;"A";23.64;"A";17.37;"A";12.27;"A"
"2025-01-20 10:15";3.58;"A";75.4;"A";1012.42;"A";190;"A";27;"A";1;"A";11;"A";16;"A";38.4;"A";29.52;"A";21.38;"A"
"2025-01-20 10:30";3.98;"A";75.4;"A";1012.22;"A";176;"A";27;"A";0;"A";9;"A";18;"A";24.89;"A";19.16;"A";14.17;"A"
"2025-01-20 10:45";4.33;"A";74.62;"A";1012.04;"A";139;"A";28;"A";0;"A";8;"A";20;"A";20.53;"A";15.9;"A";11.45;"A"
"2025-01-20 11:00";5.26;"A";70.85;"A";1011.71;"A";137;"A";27;"A";0;"A";7;"A";20;"A";21.56;"A";16.86;"A";11.7;"A"
"2025-01-20 11:15";6.35;"A";66.43;"A";1011.36;"A";151;"A";28;"A";0;"A";7;"A";21;"A";25.95;"A";19.79;"A";14.35;"A"
"2025-01-20 11:30";6.89;"A";64.55;"A";1011.42;"A";158;"A";30;"A";0;"A";7;"A";22;"A";20.37;"A";14.84;"A";10.76;"A"
"2025-01-20 11:45";7.38;"A";62.14;"A";1011.28;"A";174;"A";32;"A";0;"A";10;"A";22;"A";25.02;"A";19.28;"A";14.36;"A"
"2025-01-20 12:00";8.11;"A";59.62;"A";1011.15;"A";160;"A";30;"A";0;"A";7;"A";23;"A";18.84;"A";14.48;"A";10.47;"A"
"2025-01-20 12:15";8.65;"A";56.89;"A";1011.04;"A";167;"A";31;"A";0;"A";8;"A";23;"A";17.67;"A";13.44;"A";9.71;"A"
"2025-01-20 12:30";9.37;"A";54.62;"A";1010.85;"A";244;"A";34;"A";0;"A";9;"A";25;"A";26.95;"A";20.65;"A";15.08;"A"
"2025-01-20 12:45";9.93;"A";52.99;"A";1010.73;"A";154;"A";31;"A";0;"A";6;"A";25;"A";15.43;"A";10.99;"A";7.83;"A"
"2025-01-20 13:00";10.31;"A";52.15;"A";1010.61;"A";174;"A";32;"A";0;"A";8;"A";24;"A";15.72;"A";11.19;"A";8.31;"A"
"2025-01-20 13:15";10.39;"A";51.54;"A";1010.64;"A";187;"A";34;"A";0;"A";9;"A";25;"A";25.82;"A";20.69;"A";14.94;"A"
"2025-01-20 13:30";10.18;"A";52.06;"A";1010.62;"A";472;"A";35;"A";0;"A";9;"A";25;"A";15.88;"A";11.46;"A";8.76;"A"
"2025-01-20 13:45";10.19;"A";52.91;"A";1010.62;"A";261;"A";34;"A";0;"A";8;"A";26;"A";14.21;"A";9.42;"A";6.81;"A"
"2025-01-20 14:00";10.38;"A";52.93;"A";1010.71;"A";215;"A";33;"A";0;"A";8;"A";25;"A";22.36;"A";13.47;"A";9.47;"A"
"2025-01-20 14:15";10.64;"A";52.13;"A";1010.82;"A";182;"A";33;"A";0;"A";8;"A";25;"A";15.67;"A";11.1;"A";7.94;"A"
"2025-01-20 14:30";10.98;"A";51.48;"A";1011.03;"A";166;"A";33;"A";0;"A";8;"A";25;"A";14.1;"A";10.97;"A";7.91;"A"
"2025-01-20 14:45";10.91;"A";51.17;"A";1011.18;"A";169;"A";33;"A";0;"A";8;"A";25;"A";15.93;"A";12.66;"A";9.46;"A"
"2025-01-20 15:00";10.52;"A";52.42;"A";1011.17;"A";197;"A";34;"A";0;"A";9;"A";24;"A";27.18;"A";22.28;"A";16.35;"A"
"2025-01-20 15:15";9.91;"A";53.9;"A";1011.22;"A";188;"A";34;"A";0;"A";10;"A";23;"A";19.11;"A";14.83;"A";11.04;"A"
"2025-01-20 15:30";9.1;"A";56.82;"A";1011.38;"A";191;"A";35;"A";0;"A";15;"A";21;"A";19.64;"A";15.46;"A";11.3;"A"
"2025-01-20 15:45";8.29;"A";60.43;"A";1011.73;"A";201;"A";33;"A";0;"A";12;"A";21;"A";17.22;"A";13.53;"A";10;"A"
"2025-01-20 16:00";7.54;"A";62.77;"A";1011.86;"A";195;"A";33;"A";0;"A";12;"A";21;"A";18.33;"A";14.85;"A";11.06;"A"
"2025-01-20 16:15";5.95;"A";68.32;"A";1012.1;"A";205;"A";29;"A";0;"A";10;"A";19;"A";36.13;"A";29.28;"A";21.74;"A"
"2025-01-20 16:30";4.42;"A";73.32;"A";1012.32;"A";231;"A";28;"A";0;"A";11;"A";18;"A";46.02;"A";38.75;"A";28.32;"A"
"2025-01-20 16:45";3.74;"A";76.08;"A";1012.61;"A";237;"A";29;"A";0;"A";14;"A";15;"A";54.8;"A";45.02;"A";33.47;"A"
"2025-01-20 17:00";3.04;"A";78.51;"A";1013.22;"A";170;"A";26;"A";0;"A";10;"A";16;"A";49.07;"A";40.7;"A";29.67;"A"
"2025-01-20 17:15";2.72;"A";79.79;"A";1013.33;"A";141;"A";26;"A";0;"A";9;"A";17;"A";47.56;"A";39.78;"A";29.01;"A"
"2025-01-20 17:30";2.54;"A";80.81;"A";1013.45;"A";144;"A";26;"A";0;"A";10;"A";16;"A";48.83;"A";41.01;"A";29.88;"A"
"2025-01-20 17:45";2.34;"A";81.29;"A";1013.48;"A";124;"A";26;"A";0;"A";10;"A";16;"A";40.91;"A";34.34;"A";24.64;"A"
"2025-01-20 18:00";2.16;"A";81.48;"A";1013.63;"A";105;"A";26;"A";0;"A";9;"A";17;"A";36.67;"A";29.95;"A";21.17;"A"
"2025-01-20 18:15";1.97;"A";81.42;"A";1013.86;"A";116;"A";26;"A";0;"A";9;"A";17;"A";29.9;"A";24.82;"A";18.45;"A"
"2025-01-20 18:30";1.79;"A";81.7;"A";1013.98;"A";101;"A";26;"A";0;"A";8;"A";18;"A";26;"A";21.96;"A";16.03;"A"
"2025-01-20 18:45";1.65;"A";82.22;"A";1014.09;"A";92;"A";26;"A";0;"A";8;"A";18;"A";23.76;"A";18.87;"A";15.3;"A"
"2025-01-20 19:00";1.48;"A";83.09;"A";1014.17;"A";108;"A";26;"A";0;"A";9;"A";18;"A";28.2;"A";20.41;"A";19.26;"A"
"2025-01-20 19:15";1.48;"A";83.49;"A";1014.22;"A";108;"A";26;"A";0;"A";8;"A";17;"A";31.46;"A";22.8;"A";21.54;"A"
"2025-01-20 19:30";1.5;"A";83.65;"A";1014.31;"A";115;"A";26;"A";0;"A";10;"A";16;"A";44.09;"A";32.05;"A";30.38;"A"
"2025-01-20 19:45";1.55;"A";83.84;"A";1014.41;"A";122;"A";26;"A";0;"A";12;"A";14;"A";45.38;"A";32.99;"A";31.28;"A"
"2025-01-20 20:00";1.51;"A";83.9;"A";1014.51;"A";103;"A";25;"A";0;"A";11;"A";14;"A";38.45;"A";27.92;"A";26.43;"A"
"2025-01-20 20:15";1.51;"A";83.95;"A";1014.69;"A";116;"A";25;"A";0;"A";11;"A";14;"A";40.12;"A";29.14;"A";27.6;"A"
"2025-01-20 20:30";1.57;"A";83.77;"A";1014.82;"A";99;"A";25;"A";0;"A";9;"A";16;"A";38.15;"A";27.7;"A";26.22;"A"
"2025-01-20 20:45";1.56;"A";83.72;"A";1014.99;"A";89;"A";26;"A";1;"A";9;"A";17;"A";27.68;"A";20.03;"A";18.9;"A"
"2025-01-20 21:00";1.41;"A";83.71;"A";1015.25;"A";104;"A";26;"A";0;"A";8;"A";18;"A";20.71;"A";14.92;"A";14.01;"A"
"2025-01-20 21:15";1.5;"A";83;"A";1015.37;"A";82;"A";26;"A";0;"A";8;"A";18;"A";18.15;"A";13.05;"A";12.22;"A"
"2025-01-20 21:30";1.47;"A";82.19;"A";1015.46;"A";75;"A";27;"A";0;"A";7;"A";19;"A";14.89;"A";10.98;"A";9.91;"A"
"2025-01-20 21:45";1.43;"A";82.09;"A";1015.32;"A";62;"A";27;"A";0;"A";7;"A";20;"A";15.16;"A";10.94;"A";9.89;"A"
"2025-01-20 22:00";1.43;"A";82.42;"A";1015.39;"A";84;"A";27;"A";0;"A";7;"A";20;"A";14.82;"A";10.61;"A";9.89;"A"
"2025-01-20 22:15";1.44;"A";82.61;"A";1015.45;"A";71;"A";27;"A";0;"A";7;"A";20;"A";17.56;"A";12.62;"A";11.81;"A"
"2025-01-20 22:30";1.35;"A";83.46;"A";1015.78;"A";65;"A";26;"A";0;"A";7;"A";20;"A";17.99;"A";12.93;"A";12.11;"A"
"2025-01-20 22:45";1.34;"A";83.61;"A";1015.87;"A";67;"A";26;"A";0;"A";7;"A";20;"A";15.06;"A";10.78;"A";10.06;"A"
"2025-01-20 23:00";1.28;"A";83.88;"A";1016.01;"A";67;"A";27;"A";0;"A";6;"A";20;"A";14.76;"A";10.57;"A";9.85;"A"
"2025-01-20 23:15";1.29;"A";83.89;"A";1016.07;"A";58;"A";26;"A";0;"A";6;"A";21;"A";13.54;"A";9.67;"A";8.99;"A"
"2025-01-20 23:30";1.28;"A";83.54;"A";1016.25;"A";92;"A";26;"A";0;"A";6;"A";20;"A";13.46;"A";9.62;"A";8.94;"A"
"2025-01-20 23:45";1.29;"A";83.35;"A";1016.39;"A";69;"A";27;"A";0;"A";7;"A";19;"A";11.91;"A";8.48;"A";7.85;"A"
"2025-01-21 00:00";1.36;"A";83.4;"A";1016.37;"A";62;"A";26;"A";0;"A";6;"A";20;"A";12.31;"A";8.77;"A";8.13;"A"
"2025-01-21 00:15";1.32;"A";83.66;"A";1016.35;"A";64;"A";26;"A";0;"A";7;"A";19;"A";11.83;"A";8.42;"A";7.8;"A"
"2025-01-21 00:30";1.3;"A";84.04;"A";1016.39;"A";49;"A";26;"A";0;"A";6;"A";20;"A";11.39;"A";8.09;"A";7.49;"A"
"2025-01-21 00:45";1.28;"A";84.17;"A";1016.4;"A";49;"A";26;"A";0;"A";5;"A";21;"A";11.12;"A";7.9;"A";7.3;"A"
"2025-01-21 01:00";1.19;"A";84.58;"A";1016.3;"A";49;"A";26;"A";0;"A";5;"A";21;"A";11.34;"A";8.06;"A";7.46;"A"
"2025-01-21 01:15";1.16;"A";84.94;"A";1016.39;"A";45;"A";26;"A";0;"A";6;"A";20;"A";13.04;"A";9.3;"A";8.64;"A"
"2025-01-21 01:30";1.17;"A";84.83;"A";1016.4;"A";50;"A";26;"A";0;"A";6;"A";20;"A";13.49;"A";9.64;"A";8.96;"A"
"2025-01-21 01:45";1.17;"A";84.94;"A";1016.44;"A";49;"A";26;"A";0;"A";6;"A";20;"A";15.15;"A";10.85;"A";10.12;"A"
"2025-01-21 02:00";1.15;"A";85.24;"A";1016.38;"A";55;"A";26;"A";0;"A";7;"A";19;"A";16.86;"A";12.11;"A";11.32;"A"
"2025-01-21 02:15";1.11;"A";85.45;"A";1016.41;"A";55;"A";26;"A";0;"A";7;"A";19;"A";17.17;"A";12.33;"A";11.54;"A"
"2025-01-21 02:30";1.04;"A";85.7;"A";1016.58;"A";44;"A";26;"A";0;"A";5;"A";20;"A";14.99;"A";10.73;"A";10.01;"A"
"2025-01-21 02:45";0.96;"A";86.07;"A";1016.39;"A";42;"A";25;"A";0;"A";5;"A";20;"A";13.28;"A";9.48;"A";8.81;"A"
"2025-01-21 03:00";0.98;"A";86.27;"A";1016.3;"A";42;"A";25;"A";0;"A";5;"A";20;"A";13.7;"A";9.79;"A";9.11;"A"
"2025-01-21 03:15";0.94;"A";86.38;"A";1016.41;"A";43;"A";25;"A";0;"A";5;"A";20;"A";15.44;"A";11.06;"A";10.32;"A"
"2025-01-21 03:30";0.86;"A";86.77;"A";1016.35;"A";46;"A";25;"A";0;"A";5;"A";20;"A";18.31;"A";13.17;"A";12.33;"A"
"2025-01-21 03:45";0.9;"A";86.51;"A";1016.32;"A";52;"A";25;"A";0;"A";5;"A";19;"A";21.15;"A";15.25;"A";14.32;"A"
"2025-01-21 04:00";0.82;"A";86.51;"A";1016.4;"A";52;"A";25;"A";0;"A";5;"A";20;"A";23.71;"A";17.12;"A";16.11;"A"
"2025-01-21 04:15";0.75;"A";86.2;"A";1016.5;"A";50;"A";25;"A";0;"A";5;"A";20;"A";21.73;"A";15.67;"A";14.73;"A"
"2025-01-21 04:30";0.69;"A";86.51;"A";1016.49;"A";46;"A";25;"A";0;"A";6;"A";20;"A";20.79;"A";14.98;"A";14.07;"A"
"2025-01-21 04:45";0.68;"A";86.61;"A";1016.57;"A";45;"A";25;"A";0;"A";5;"A";20;"A";19.99;"A";14.4;"A";13.51;"A"
"2025-01-21 05:00";0.72;"A";86.77;"A";1016.64;"A";46;"A";25;"A";0;"A";5;"A";20;"A";22.27;"A";16.06;"A";15.1;"A"
"2025-01-21 05:15";0.64;"A";87.14;"A";1016.71;"A";49;"A";25;"A";0;"A";5;"A";20;"A";23.91;"A";17.27;"A";16.25;"A"
"2025-01-21 05:30";0.68;"A";87.13;"A";1016.73;"A";61;"A";24;"A";1;"A";6;"A";18;"A";29.21;"A";21.15;"A";19.96;"A"
"2025-01-21 05:45";0.66;"A";87;"A";1016.81;"A";109;"A";24;"A";0;"A";6;"A";17;"A";52.55;"A";38.25;"A";36.3;"A"
"2025-01-21 06:00";0.66;"A";87.17;"A";1016.96;"A";147;"A";24;"A";0;"A";7;"A";17;"A";69.53;"A";50.69;"A";48.19;"A"
"2025-01-21 06:15";0.58;"A";86.96;"A";1017.06;"A";124;"A";24;"A";0;"A";7;"A";17;"A";55.12;"A";40.13;"A";38.1;"A"
"2025-01-21 06:30";0.57;"A";87.13;"A";1017.05;"A";79;"A";25;"A";1;"A";6;"A";18;"A";43.07;"A";31.3;"A";29.66;"A"
"2025-01-21 06:45";0.43;"A";87.23;"A";1017.11;"A";60;"A";25;"A";0;"A";6;"A";19;"A";30.26;"A";21.92;"A";20.7;"A"
"2025-01-21 07:00";0.41;"A";87.62;"A";1016.99;"A";61;"A";25;"A";0;"A";6;"A";19;"A";27.4;"A";19.82;"A";18.69;"A"
"2025-01-21 07:15";0.42;"A";87.52;"A";1016.98;"A";61;"A";25;"A";0;"A";6;"A";19;"A";30.68;"A";22.23;"A";20.99;"A"
"2025-01-21 07:30";0.39;"A";87.68;"A";1017.01;"A";71;"A";24;"A";1;"A";7;"A";18;"A";38.13;"A";27.69;"A";26.21;"A"
"2025-01-21 07:45";0.3;"A";87.6;"A";1017.15;"A";73;"A";24;"A";0;"A";6;"A";18;"A";38.84;"A";28.21;"A";26.71;"A"
"2025-01-21 08:00";0.34;"A";87.73;"A";1017.06;"A";100;"A";26;"A";0;"A";11;"A";15;"A";38.92;"A";28.26;"A";26.76;"A"
"2025-01-21 08:15";0.33;"A";87.1;"A";1017.2;"A";88;"A";26;"A";0;"A";9;"A";17;"A";26.15;"A";18.91;"A";17.82;"A"
"2025-01-21 08:30";0.29;"A";87.62;"A";1017.32;"A";88;"A";25;"A";0;"A";8;"A";18;"A";23.56;"A";17.02;"A";16.01;"A"
"2025-01-21 08:45";0.35;"A";87.54;"A";1017.09;"A";89;"A";25;"A";0;"A";8;"A";17;"A";20.5;"A";14.77;"A";13.86;"A"
"2025-01-21 09:00";0.38;"A";87.81;"A";1016.98;"A";117;"A";25;"A";0;"A";9;"A";16;"A";22.58;"A";16.29;"A";15.32;"A"
"2025-01-21 09:15";0.3;"A";87.35;"A";1016.92;"A";90;"A";27;"A";0;"A";12;"A";15;"A";18.2;"A";13.08;"A";12.25;"A"
"2025-01-21 09:30";0.34;"A";87.51;"A";1016.96;"A";70;"A";25;"A";0;"A";7;"A";18;"A";17.69;"A";12.71;"A";11.9;"A"
"2025-01-21 09:45";0.31;"A";87.71;"A";1017.51;"A";68;"A";25;"A";0;"A";9;"A";17;"A";20.61;"A";14.85;"A";13.94;"A"
"2025-01-21 10:00";0.31;"A";87.6;"A";1017.77;"A";91;"A";25;"A";0;"A";9;"A";17;"A";19.88;"A";14.32;"A";13.43;"A"
"2025-01-21 10:15";0.33;"A";87.88;"A";1017.82;"A";66;"A";25;"A";0;"A";8;"A";17;"A";26.55;"A";19.21;"A";18.1;"A"
"2025-01-21 10:30";0.42;"A";87.41;"A";1017.82;"A";127;"A";25;"A";1;"A";10;"A";15;"A";34.35;"A";24.92;"A";23.56;"A"
"2025-01-21 10:45";0.4;"A";87.45;"A";1017.58;"A";108;"A";25;"A";0;"A";9;"A";15;"A";42.17;"A";30.65;"A";29.03;"A"
"2025-01-21 11:00";0.41;"A";87.45;"A";1017.32;"A";159;"A";25;"A";0;"A";9;"A";15;"A";52.88;"A";38.49;"A";36.53;"A"
"2025-01-21 11:15";0.39;"A";87.13;"A";1017.1;"A";154;"A";25;"A";0;"A";9;"A";16;"A";54.52;"A";39.7;"A";37.68;"A"
"2025-01-21 11:30";0.47;"A";87.17;"A";1016.92;"A";141;"A";25;"A";1;"A";10;"A";15;"A";52.38;"A";38.12;"A";36.18;"A"
"2025-01-21 11:45";0.47;"A";86.95;"A";1016.89;"A";94;"A";25;"A";0;"A";8;"A";17;"A";36.18;"A";26.26;"A";24.84;"A"
"2025-01-21 12:00";0.5;"A";86.11;"A";1016.82;"A";75;"A";25;"A";0;"A";8;"A";17;"A";27.67;"A";20.02;"A";18.88;"A"
"2025-01-21 12:15";0.7;"A";85.84;"A";1016.76;"A";67;"A";25;"A";0;"A";8;"A";18;"A";23.64;"A";17.07;"A";16.06;"A"
"2025-01-21 12:30";0.8;"A";85.89;"A";1016.71;"A";82;"A";25;"A";0;"A";8;"A";17;"A";24.7;"A";17.85;"A";16.81;"A"
"2025-01-21 12:45";0.94;"A";84.51;"A";1016.61;"A";86;"A";25;"A";0;"A";8;"A";17;"A";26.57;"A";19.49;"A";18.14;"A"
"2025-01-21 13:00";0.74;"A";84.76;"A";1016.39;"A";66;"A";26;"A";0;"A";7;"A";19;"A";27.93;"A";20.79;"A";18.62;"A"
"2025-01-21 13:15";0.73;"A";85.15;"A";1016.18;"A";68;"A";26;"A";0;"A";8;"A";18;"A";29.37;"A";21.27;"A";20.08;"A"
"2025-01-21 13:30";0.79;"A";85.51;"A";1016.15;"A";82;"A";26;"A";0;"A";8;"A";18;"A";38.79;"A";28.17;"A";26.67;"A"
"2025-01-21 13:45";0.83;"A";85.92;"A";1016.23;"A";84;"A";26;"A";0;"A";9;"A";17;"A";32.42;"A";23.5;"A";22.21;"A"
"2025-01-21 14:00";0.75;"A";86.41;"A";1016.38;"A";71;"A";25;"A";0;"A";8;"A";18;"A";26.9;"A";19.46;"A";18.35;"A"
"2025-01-21 14:15";0.77;"A";86.6;"A";1016.33;"A";88;"A";26;"A";0;"A";8;"A";18;"A";27.4;"A";19.82;"A";18.69;"A"
"2025-01-21 14:30";0.83;"A";86.7;"A";1016.47;"A";100;"A";26;"A";0;"A";9;"A";16;"A";27.32;"A";19.77;"A";18.64;"A"
"2025-01-21 14:45";0.79;"A";86.98;"A";1016.51;"A";91;"A";25;"A";0;"A";7;"A";18;"A";24.44;"A";17.65;"A";16.62;"A"
"2025-01-21 15:00";0.76;"A";87.03;"A";1016.53;"A";77;"A";26;"A";0;"A";7;"A";18;"A";23.4;"A";16.9;"A";15.9;"A"
"2025-01-21 15:15";0.72;"A";87.34;"A";1016.53;"A";66;"A";26;"A";0;"A";8;"A";18;"A";22.8;"A";16.46;"A";15.48;"A"
"2025-01-21 15:30";0.71;"A";86.47;"A";1016.43;"A";72;"A";26;"A";0;"A";8;"A";18;"A";20.48;"A";14.75;"A";13.85;"A"
"2025-01-21 15:45";0.7;"A";85.95;"A";1016.35;"A";73;"A";27;"A";0;"A";9;"A";18;"A";19.5;"A";14.03;"A";13.16;"A"
"2025-01-21 16:00";0.74;"A";85.91;"A";1016.19;"A";90;"A";27;"A";0;"A";9;"A";18;"A";20.58;"A";14.83;"A";13.92;"A"
"2025-01-21 16:15";0.78;"A";85.53;"A";1015.99;"A";117;"A";27;"A";0;"A";9;"A";18;"A";21.4;"A";15.43;"A";14.49;"A"
"2025-01-21 16:30";0.82;"A";85.44;"A";1015.79;"A";118;"A";27;"A";0;"A";9;"A";19;"A";23.61;"A";17.05;"A";16.05;"A"
"2025-01-21 16:45";0.85;"A";85.67;"A";1015.79;"A";87;"A";28;"A";0;"A";10;"A";18;"A";25.61;"A";18.51;"A";17.44;"A"
"2025-01-21 17:00";0.9;"A";85.43;"A";1015.81;"A";107;"A";28;"A";0;"A";9;"A";18;"A";27.54;"A";19.93;"A";18.8;"A"
"2025-01-21 17:15";0.98;"A";85.3;"A";1015.7;"A";126;"A";28;"A";0;"A";10;"A";18;"A";29.27;"A";21.2;"A";20.01;"A"
"2025-01-21 17:30";1.03;"A";85.71;"A";1015.68;"A";97;"A";28;"A";0;"A";10;"A";18;"A";32.73;"A";23.73;"A";22.43;"A"
"2025-01-21 17:45";1.17;"A";85.86;"A";1015.74;"A";109;"A";28;"A";0;"A";12;"A";16;"A";35.44;"A";25.72;"A";24.33;"A"
"2025-01-21 18:00";1.24;"A";86.22;"A";1015.84;"A";143;"A";27;"A";0;"A";10;"A";17;"A";37.06;"A";26.9;"A";25.46;"A"
"2025-01-21 18:15";1.32;"A";86.19;"A";1015.68;"A";106;"A";27;"A";0;"A";9;"A";18;"A";35.54;"A";25.79;"A";24.39;"A"
"2025-01-21 18:30";1.38;"A";86.15;"A";1015.76;"A";117;"A";27;"A";0;"A";10;"A";17;"A";37.19;"A";27;"A";25.55;"A"
"2025-01-21 18:45";1.46;"A";86.23;"A";1015.74;"A";119;"A";27;"A";0;"A";9;"A";18;"A";38.6;"A";28.03;"A";26.53;"A"
"2025-01-21 19:00";1.58;"A";86.17;"A";1015.63;"A";103;"A";27;"A";0;"A";9;"A";18;"A";39.72;"A";28.85;"A";27.32;"A"
"2025-01-21 19:15";1.61;"A";86.73;"A";1015.67;"A";84;"A";27;"A";0;"A";7;"A";19;"A";43.52;"A";31.63;"A";29.98;"A"
"2025-01-21 19:30";1.63;"A";87.02;"A";1015.47;"A";87;"A";27;"A";0;"A";8;"A";19;"A";50.22;"A";36.54;"A";34.67;"A"
"2025-01-21 19:45";1.68;"A";87.47;"A";1015.57;"A";88;"A";27;"A";0;"A";9;"A";19;"A";53.88;"A";39.23;"A";37.23;"A"
"2025-01-21 20:00";1.82;"A";87.22;"A";1015.36;"A";82;"A";27;"A";0;"A";8;"A";19;"A";53.84;"A";39.2;"A";37.21;"A"
"2025-01-21 20:15";1.83;"A";87.53;"A";1015.17;"A";128;"A";27;"A";0;"A";9;"A";18;"A";54.46;"A";39.65;"A";37.64;"A"
"2025-01-21 20:30";1.89;"A";87.85;"A";1014.99;"A";107;"A";27;"A";0;"A";9;"A";18;"A";53.89;"A";39.23;"A";37.24;"A"
"2025-01-21 20:45";1.93;"A";87.76;"A";1015.09;"A";115;"A";27;"A";0;"A";9;"A";18;"A";54.84;"A";39.93;"A";37.9;"A"
"2025-01-21 21:00";1.98;"A";87.91;"A";1015.11;"A";106;"A";27;"A";0;"A";9;"A";19;"A";54.87;"A";39.95;"A";37.92;"A"
"2025-01-21 21:15";1.97;"A";88.34;"A";1015.09;"A";101;"A";28;"A";0;"A";10;"A";18;"A";54.23;"A";39.48;"A";37.48;"A"
"2025-01-21 21:30";2.04;"A";88.49;"A";1015.03;"A";98;"A";27;"A";0;"A";9;"A";18;"A";53.29;"A";38.79;"A";36.82;"A"
"2025-01-21 21:45";2.06;"A";88.66;"A";1015.05;"A";98;"A";27;"A";0;"A";10;"A";17;"A";54.8;"A";39.9;"A";37.88;"A"
"2025-01-21 22:00";2.15;"A";88.73;"A";1015.19;"A";98;"A";27;"A";0;"A";10;"A";17;"A";65.5;"A";47.74;"A";45.36;"A"
"2025-01-21 22:15";2.23;"A";88.66;"A";1015.15;"A";111;"A";27;"A";0;"A";11;"A";16;"A";90.3;"A";65.91;"A";62.73;"A"
"2025-01-21 22:30";2.28;"A";88.69;"A";1015.15;"A";96;"A";27;"A";0;"A";11;"A";16;"A";66.87;"A";48.74;"A";46.33;"A"
"2025-01-21 22:45";2.37;"A";88.57;"A";1015.15;"A";95;"A";28;"A";0;"A";10;"A";17;"A";62.18;"A";45.3;"A";43.04;"A"
"2025-01-21 23:00";2.53;"A";87.98;"A";1015.05;"A";100;"A";29;"A";0;"A";11;"A";18;"A";72.26;"A";52.69;"A";50.1;"A"
"2025-01-21 23:15";2.61;"A";87.78;"A";1014.97;"A";89;"A";31;"A";0;"A";12;"A";18;"A";52.51;"A";38.22;"A";36.27;"A"
"2025-01-21 23:30";2.44;"A";88.86;"A";1014.87;"A";88;"A";28;"A";0;"A";9;"A";19;"A";49.45;"A";35.98;"A";34.13;"A"
"2025-01-21 23:45";2.29;"A";90.29;"A";1014.88;"A";89;"A";25;"A";0;"A";7;"A";18;"A";54.25;"A";39.49;"A";37.49;"A"
"2025-01-22 00:00";2.2;"A";90.96;"A";1014.82;"A";92;"A";24;"A";0;"A";7;"A";17;"A";62.82;"A";45.77;"A";43.49;"A"
"2025-01-22 00:15";2.17;"A";90.97;"A";1014.78;"A";98;"A";23;"A";1;"A";6;"A";17;"A";67.55;"A";49.24;"A";46.8;"A"
"2025-01-22 00:30";2.11;"A";91.11;"A";1014.83;"A";94;"A";23;"A";1;"A";6;"A";17;"A";68.25;"A";49.75;"A";47.29;"A"
"2025-01-22 00:45";2.1;"A";91.47;"A";1014.43;"A";94;"A";23;"A";1;"A";7;"A";16;"A";75.17;"A";54.82;"A";52.14;"A"
"2025-01-22 01:00";2.16;"A";91;"A";1014.32;"A";91;"A";22;"A";1;"A";7;"A";16;"A";72.55;"A";52.9;"A";50.3;"A"
"2025-01-22 01:15";2.24;"A";90.64;"A";1014.22;"A";87;"A";23;"A";1;"A";7;"A";16;"A";74.31;"A";54.19;"A";51.53;"A"
"2025-01-22 01:30";2.32;"A";90.18;"A";1014.02;"A";90;"A";23;"A";1;"A";8;"A";15;"A";77.08;"A";56.22;"A";53.47;"A"
"2025-01-22 01:45";2.41;"A";89.69;"A";1014.02;"A";91;"A";23;"A";1;"A";10;"A";14;"A";77.93;"A";56.84;"A";54.07;"A"
"2025-01-22 02:00";2.47;"A";89.41;"A";1014.17;"A";88;"A";23;"A";0;"A";10;"A";14;"A";77.07;"A";56.22;"A";53.47;"A"
"2025-01-22 02:15";2.49;"A";89.18;"A";1014.23;"A";80;"A";23;"A";1;"A";8;"A";15;"A";79.73;"A";58.16;"A";55.32;"A"
"2025-01-22 02:30";2.49;"A";89.04;"A";1014.03;"A";80;"A";24;"A";0;"A";9;"A";15;"A";74.25;"A";54.14;"A";51.49;"A"
"2025-01-22 02:45";2.5;"A";88.89;"A";1013.74;"A";82;"A";24;"A";1;"A";9;"A";15;"A";69.16;"A";50.42;"A";47.93;"A"
"2025-01-22 03:00";2.48;"A";88.97;"A";1013.75;"A";82;"A";24;"A";1;"A";9;"A";15;"A";69.1;"A";50.37;"A";47.89;"A"
"2025-01-22 03:15";2.55;"A";88.41;"A";1013.66;"A";80;"A";23;"A";1;"A";8;"A";16;"A";65.31;"A";47.6;"A";45.23;"A"
"2025-01-22 03:30";2.53;"A";88.23;"A";1013.64;"A";75;"A";23;"A";0;"A";6;"A";17;"A";60.74;"A";44.25;"A";42.03;"A"
"2025-01-22 03:45";2.54;"A";88.14;"A";1013.48;"A";77;"A";23;"A";0;"A";7;"A";17;"A";57.9;"A";42.17;"A";40.04;"A"
"2025-01-22 04:00";2.57;"A";88;"A";1013.33;"A";76;"A";24;"A";1;"A";7;"A";17;"A";54.83;"A";39.92;"A";37.9;"A"
"2025-01-22 04:15";2.57;"A";87.62;"A";1013.21;"A";81;"A";24;"A";1;"A";7;"A";17;"A";52.75;"A";38.4;"A";36.44;"A"
"2025-01-22 04:30";2.57;"A";87.41;"A";1013.18;"A";77;"A";23;"A";1;"A";6;"A";17;"A";50.08;"A";36.44;"A";34.57;"A"
"2025-01-22 04:45";2.54;"A";87.36;"A";1013.25;"A";75;"A";24;"A";1;"A";6;"A";18;"A";48.22;"A";35.08;"A";33.27;"A"
"2025-01-22 05:00";2.52;"A";87.65;"A";1013.36;"A";84;"A";24;"A";1;"A";7;"A";17;"A";49.07;"A";35.7;"A";33.86;"A"
"2025-01-22 05:15";2.46;"A";87.97;"A";1013.22;"A";94;"A";24;"A";1;"A";7;"A";17;"A";49.1;"A";35.72;"A";33.89;"A"
"2025-01-22 05:30";2.43;"A";88.06;"A";1013.03;"A";92;"A";24;"A";1;"A";6;"A";17;"A";45.99;"A";33.45;"A";31.71;"A"
"2025-01-22 05:45";2.37;"A";88.12;"A";1013.22;"A";99;"A";24;"A";0;"A";7;"A";17;"A";46.98;"A";34.17;"A";32.4;"A"
"2025-01-22 06:00";2.38;"A";88.14;"A";1013.24;"A";111;"A";24;"A";0;"A";8;"A";16;"A";46.85;"A";34.08;"A";32.31;"A"
"2025-01-22 06:15";2.46;"A";87.59;"A";1013.34;"A";117;"A";24;"A";1;"A";8;"A";16;"A";44.42;"A";32.29;"A";30.61;"A"
"2025-01-22 06:30";2.51;"A";87.37;"A";1013.27;"A";104;"A";24;"A";1;"A";8;"A";16;"A";42.79;"A";31.1;"A";29.47;"A"
"2025-01-22 06:45";2.55;"A";87.28;"A";1013.23;"A";101;"A";24;"A";0;"A";8;"A";16;"A";42.35;"A";30.78;"A";29.16;"A"
"2025-01-22 07:00";2.6;"A";87.37;"A";1013.35;"A";103;"A";24;"A";0;"A";9;"A";16;"A";42.97;"A";31.23;"A";29.59;"A"
"2025-01-22 07:15";2.61;"A";87.44;"A";1013.53;"A";111;"A";24;"A";0;"A";9;"A";15;"A";43.65;"A";31.73;"A";30.07;"A"
"2025-01-22 07:30";2.63;"A";87.53;"A";1013.61;"A";112;"A";24;"A";0;"A";10;"A";15;"A";45.24;"A";32.89;"A";31.18;"A"
"2025-01-22 07:45";2.69;"A";87.52;"A";1013.72;"A";117;"A";24;"A";0;"A";10;"A";14;"A";46.25;"A";33.64;"A";31.89;"A"
"2025-01-22 08:00";2.78;"A";87.44;"A";1013.82;"A";117;"A";24;"A";0;"A";10;"A";14;"A";48.51;"A";35.29;"A";33.47;"A"
"2025-01-22 08:15";2.86;"A";87.26;"A";1013.94;"A";112;"A";24;"A";0;"A";10;"A";14;"A";47.55;"A";34.59;"A";32.8;"A"
"2025-01-22 08:30";2.9;"A";87.41;"A";1013.97;"A";112;"A";25;"A";0;"A";12;"A";13;"A";48.08;"A";34.97;"A";33.17;"A"
"2025-01-22 08:45";3.01;"A";87.09;"A";1013.88;"A";115;"A";25;"A";0;"A";12;"A";13;"A";47.86;"A";34.81;"A";33.02;"A"
"2025-01-22 09:00";3.15;"A";86.62;"A";1013.98;"A";92;"A";26;"A";0;"A";10;"A";15;"A";47.32;"A";34.42;"A";32.64;"A"
"2025-01-22 09:15";3.21;"A";86.41;"A";1013.92;"A";97;"A";25;"A";0;"A";10;"A";15;"A";46.73;"A";33.99;"A";32.23;"A"
"2025-01-22 09:30";3.31;"A";85.89;"A";1013.9;"A";194;"A";26;"A";1;"A";10;"A";16;"A";55.65;"A";40.52;"A";38.47;"A"
"2025-01-22 09:45";3.37;"A";84.94;"A";1013.76;"A";87;"A";26;"A";1;"A";10;"A";17;"A";47.15;"A";34.29;"A";32.52;"A"
"2025-01-22 10:00";3.34;"A";85.09;"A";1013.78;"A";92;"A";26;"A";0;"A";11;"A";16;"A";45.42;"A";33.03;"A";31.31;"A"
"2025-01-22 10:15";3.31;"A";85.13;"A";1013.85;"A";112;"A";27;"A";0;"A";10;"A";17;"A";45.63;"A";33.18;"A";31.46;"A"
"2025-01-22 10:30";3.35;"A";84.58;"A";1013.8;"A";93;"A";27;"A";0;"A";9;"A";18;"A";44.78;"A";32.56;"A";30.86;"A"
"2025-01-22 10:45";3.35;"A";84.53;"A";1013.72;"A";90;"A";28;"A";0;"A";9;"A";19;"A";41.52;"A";30.17;"A";28.58;"A"
"2025-01-22 11:00";3.39;"A";84.4;"A";1013.49;"A";92;"A";28;"A";0;"A";9;"A";19;"A";39.88;"A";28.96;"A";27.43;"A"
"2025-01-22 11:15";3.41;"A";83.96;"A";1013.44;"A";79;"A";29;"A";0;"A";8;"A";21;"A";37.83;"A";27.47;"A";26;"A"
"2025-01-22 11:30";3.43;"A";84.01;"A";1013.11;"A";76;"A";30;"A";0;"A";9;"A";21;"A";36.23;"A";26.29;"A";24.88;"A"
"2025-01-22 11:45";3.52;"A";83.73;"A";1012.84;"A";75;"A";30;"A";0;"A";9;"A";21;"A";35.82;"A";26;"A";24.59;"A"
"2025-01-22 12:00";3.52;"A";83.56;"A";1012.69;"A";75;"A";30;"A";0;"A";9;"A";22;"A";36.71;"A";26.65;"A";25.21;"A"
"2025-01-22 12:15";3.54;"A";83.75;"A";1012.51;"A";79;"A";31;"A";0;"A";9;"A";22;"A";38.34;"A";27.84;"A";26.35;"A"
"2025-01-22 12:30";3.59;"A";83.29;"A";1012.43;"A";84;"A";30;"A";0;"A";9;"A";21;"A";37.04;"A";26.89;"A";25.44;"A"
"2025-01-22 12:45";3.62;"A";83.08;"A";1012.32;"A";82;"A";31;"A";0;"A";8;"A";22;"A";36.9;"A";26.79;"A";25.35;"A"
"2025-01-22 13:00";3.65;"A";83.28;"A";1012.28;"A";84;"A";31;"A";0;"A";9;"A";22;"A";36.8;"A";26.71;"A";25.28;"A"
"2025-01-22 13:15";3.67;"A";83.22;"A";1012.24;"A";80;"A";31;"A";0;"A";9;"A";22;"A";36.05;"A";26.16;"A";24.75;"A"
"2025-01-22 13:30";3.62;"A";83.72;"A";1012.37;"A";89;"A";32;"A";0;"A";10;"A";22;"A";38.13;"A";27.69;"A";26.21;"A"
"2025-01-22 13:45";3.51;"A";85.07;"A";1012.4;"A";102;"A";30;"A";0;"A";10;"A";21;"A";44.01;"A";32;"A";30.33;"A"
"2025-01-22 14:00";3.39;"A";85.15;"A";1012.31;"A";109;"A";30;"A";0;"A";10;"A";20;"A";43.33;"A";31.49;"A";29.84;"A"
"2025-01-22 14:15";3.24;"A";85.57;"A";1012.31;"A";111;"A";30;"A";0;"A";10;"A";20;"A";41.84;"A";30.4;"A";28.8;"A"
"2025-01-22 14:30";3.15;"A";85.37;"A";1012.21;"A";104;"A";31;"A";0;"A";10;"A";20;"A";38.84;"A";28.21;"A";26.71;"A"
"2025-01-22 14:45";3.04;"A";85.67;"A";1012.24;"A";109;"A";31;"A";0;"A";10;"A";20;"A";38.41;"A";27.89;"A";26.4;"A"
"2025-01-22 15:00";2.87;"A";85.55;"A";1012.29;"A";100;"A";30;"A";0;"A";9;"A";21;"A";35.48;"A";25.74;"A";24.35;"A"
"2025-01-22 15:15";2.81;"A";85.95;"A";1012.28;"A";97;"A";31;"A";0;"A";9;"A";22;"A";33.66;"A";24.41;"A";23.08;"A"
"2025-01-22 15:30";2.91;"A";85.78;"A";1012.11;"A";93;"A";30;"A";0;"A";8;"A";22;"A";32.24;"A";23.37;"A";22.09;"A"
"2025-01-22 15:45";2.9;"A";85.19;"A";1012.15;"A";86;"A";31;"A";0;"A";7;"A";23;"A";28.11;"A";20.35;"A";19.19;"A"
"2025-01-22 16:00";2.94;"A";84.53;"A";1011.97;"A";87;"A";32;"A";0;"A";8;"A";24;"A";26.5;"A";19.17;"A";18.07;"A"
"2025-01-22 16:15";2.9;"A";84.35;"A";1011.92;"A";84;"A";33;"A";0;"A";8;"A";25;"A";25.77;"A";18.63;"A";17.56;"A"
"2025-01-22 16:30";2.9;"A";84.26;"A";1011.82;"A";94;"A";33;"A";0;"A";9;"A";24;"A";25.72;"A";18.6;"A";17.52;"A"
"2025-01-22 16:45";2.84;"A";84.12;"A";1011.9;"A";106;"A";33;"A";0;"A";9;"A";24;"A";25.06;"A";18.11;"A";17.06;"A"
"2025-01-22 17:00";2.8;"A";84.39;"A";1011.83;"A";97;"A";33;"A";0;"A";9;"A";24;"A";25.73;"A";18.6;"A";17.53;"A"
"2025-01-22 17:15";2.81;"A";83.69;"A";1011.76;"A";94;"A";33;"A";0;"A";10;"A";24;"A";27.27;"A";19.73;"A";18.61;"A"
"2025-01-22 17:30";2.79;"A";83.83;"A";1011.93;"A";87;"A";34;"A";0;"A";12;"A";21;"A";28.58;"A";20.69;"A";19.52;"A"
"2025-01-22 17:45";2.72;"A";83.69;"A";1012.07;"A";66;"A";33;"A";0;"A";9;"A";24;"A";29.39;"A";21.28;"A";20.09;"A"
"2025-01-22 18:00";2.57;"A";83.25;"A";1012.13;"A";73;"A";33;"A";0;"A";9;"A";24;"A";32.77;"A";23.76;"A";22.45;"A"
"2025-01-22 18:15";2.48;"A";83.64;"A";1012.1;"A";63;"A";32;"A";0;"A";8;"A";25;"A";33.17;"A";24.05;"A";22.73;"A"
"2025-01-22 18:30";2.36;"A";83.35;"A";1012;"A";65;"A";33;"A";0;"A";8;"A";24;"A";30.85;"A";22.35;"A";21.11;"A"
"2025-01-22 18:45";2.11;"A";84.64;"A";1011.97;"A";68;"A";32;"A";0;"A";9;"A";23;"A";31.34;"A";22.71;"A";21.45;"A"
"2025-01-22 19:00";1.97;"A";84.94;"A";1012.1;"A";55;"A";32;"A";0;"A";7;"A";24;"A";31.81;"A";23.06;"A";21.78;"A"
"2025-01-22 19:15";1.87;"A";85.02;"A";1012.15;"A";52;"A";31;"A";0;"A";8;"A";23;"A";30;"A";21.73;"A";20.51;"A"
"2025-01-22 19:30";1.85;"A";85.13;"A";1012.1;"A";50;"A";32;"A";0;"A";9;"A";23;"A";28.72;"A";20.8;"A";19.62;"A"
"2025-01-22 19:45";1.77;"A";85.33;"A";1011.99;"A";47;"A";31;"A";0;"A";7;"A";23;"A";26.78;"A";19.37;"A";18.26;"A"
"2025-01-22 20:00";1.75;"A";85.75;"A";1011.93;"A";52;"A";31;"A";0;"A";7;"A";24;"A";27.26;"A";19.72;"A";18.6;"A"
"2025-01-22 20:15";1.72;"A";86.03;"A";1011.57;"A";53;"A";30;"A";0;"A";7;"A";23;"A";26.74;"A";19.34;"A";18.24;"A"
"2025-01-22 20:30";1.69;"A";86.33;"A";1011.59;"A";51;"A";31;"A";0;"A";9;"A";22;"A";29.11;"A";21.08;"A";19.89;"A"
"2025-01-22 20:45";1.72;"A";86.96;"A";1011.58;"A";48;"A";31;"A";0;"A";9;"A";22;"A";31.68;"A";22.96;"A";21.69;"A"
"2025-01-22 21:00";1.7;"A";87.13;"A";1011.43;"A";54;"A";31;"A";0;"A";9;"A";21;"A";35.45;"A";25.72;"A";24.33;"A"
"2025-01-22 21:15";1.64;"A";87.28;"A";1011.37;"A";56;"A";30;"A";0;"A";9;"A";21;"A";38.84;"A";28.21;"A";26.71;"A"
"2025-01-22 21:30";1.64;"A";87.27;"A";1011.26;"A";52;"A";30;"A";0;"A";8;"A";22;"A";37.27;"A";27.06;"A";25.61;"A"
"2025-01-22 21:45";1.62;"A";87.79;"A";1011.19;"A";58;"A";30;"A";0;"A";8;"A";22;"A";37.99;"A";27.59;"A";26.11;"A"
"2025-01-22 22:00";1.58;"A";87.7;"A";1011.07;"A";65;"A";29;"A";0;"A";6;"A";23;"A";38.27;"A";27.79;"A";26.3;"A"
"2025-01-22 22:15";1.58;"A";87.61;"A";1011.08;"A";63;"A";28;"A";0;"A";6;"A";22;"A";36.87;"A";26.76;"A";25.33;"A"
"2025-01-22 22:30";1.57;"A";87.72;"A";1011.04;"A";57;"A";28;"A";0;"A";6;"A";22;"A";35.98;"A";26.11;"A";24.7;"A"
"2025-01-22 22:45";1.62;"A";87.7;"A";1010.83;"A";57;"A";28;"A";0;"A";6;"A";22;"A";36.15;"A";26.24;"A";24.82;"A"
"2025-01-22 23:00";1.65;"A";87.73;"A";1010.86;"A";61;"A";28;"A";0;"A";7;"A";21;"A";36.23;"A";26.29;"A";24.88;"A"
"2025-01-22 23:15";1.59;"A";87.89;"A";1010.82;"A";60;"A";27;"A";0;"A";6;"A";21;"A";36.36;"A";26.39;"A";24.97;"A"
"2025-01-22 23:30";1.63;"A";88.08;"A";1010.85;"A";55;"A";27;"A";0;"A";6;"A";20;"A";36.18;"A";26.26;"A";24.84;"A"
"2025-01-22 23:45";1.65;"A";88.04;"A";1010.81;"A";53;"A";27;"A";0;"A";6;"A";21;"A";35.88;"A";26.04;"A";24.63;"A"
"2025-01-23 00:00";1.65;"A";88.2;"A";1010.69;"A";50;"A";27;"A";0;"A";5;"A";21;"A";37.08;"A";26.92;"A";25.47;"A"
"2025-01-23 00:15";1.64;"A";88.31;"A";1010.6;"A";51;"A";27;"A";0;"A";6;"A";21;"A";37.7;"A";27.37;"A";25.9;"A"
"2025-01-23 00:30";1.5;"A";88.51;"A";1010.44;"A";54;"A";26;"A";0;"A";6;"A";20;"A";35.02;"A";25.41;"A";24.03;"A"
"2025-01-23 00:45";1.56;"A";88.56;"A";1010.33;"A";56;"A";26;"A";0;"A";6;"A";20;"A";34;"A";24.66;"A";23.32;"A"
"2025-01-23 01:00";1.6;"A";88.59;"A";1010.2;"A";58;"A";26;"A";0;"A";5;"A";21;"A";34.2;"A";24.8;"A";23.45;"A"
"2025-01-23 01:15";1.63;"A";88.96;"A";1010.02;"A";55;"A";26;"A";1;"A";5;"A";21;"A";34.39;"A";24.95;"A";23.59;"A"
"2025-01-23 01:30";1.66;"A";88.92;"A";1010.03;"A";51;"A";26;"A";0;"A";5;"A";21;"A";33.28;"A";24.13;"A";22.81;"A"
"2025-01-23 01:45";1.7;"A";89.08;"A";1010.06;"A";49;"A";25;"A";0;"A";5;"A";20;"A";35.72;"A";25.92;"A";24.52;"A"
"2025-01-23 02:00";1.73;"A";88.86;"A";1010.11;"A";47;"A";25;"A";0;"A";5;"A";20;"A";38.62;"A";28.05;"A";26.55;"A"
"2025-01-23 02:15";1.82;"A";88.95;"A";1009.98;"A";56;"A";25;"A";0;"A";6;"A";20;"A";39.62;"A";28.78;"A";27.25;"A"
"2025-01-23 02:30";1.84;"A";88.95;"A";1009.83;"A";52;"A";25;"A";0;"A";6;"A";19;"A";39.81;"A";28.92;"A";27.39;"A"
"2025-01-23 02:45";1.86;"A";89.03;"A";1009.66;"A";59;"A";25;"A";0;"A";6;"A";20;"A";40.98;"A";29.77;"A";28.2;"A"
"2025-01-23 03:00";1.96;"A";88.87;"A";1009.41;"A";69;"A";25;"A";0;"A";6;"A";19;"A";41.46;"A";30.13;"A";28.54;"A"
"2025-01-23 03:15";2.01;"A";88.79;"A";1009.32;"A";63;"A";25;"A";0;"A";6;"A";20;"A";40.77;"A";29.62;"A";28.06;"A"
"2025-01-23 03:30";2.05;"A";88.73;"A";1008.97;"A";58;"A";25;"A";0;"A";6;"A";19;"A";41.27;"A";29.99;"A";28.4;"A"
"2025-01-23 03:45";2.09;"A";88.58;"A";1008.91;"A";66;"A";25;"A";0;"A";6;"A";19;"A";41.23;"A";29.96;"A";28.38;"A"
"2025-01-23 04:00";2.09;"A";88.68;"A";1008.96;"A";57;"A";26;"A";0;"A";7;"A";18;"A";41.58;"A";30.22;"A";28.62;"A"
"2025-01-23 04:15";2.13;"A";88.6;"A";1008.88;"A";51;"A";26;"A";0;"A";8;"A";18;"A";41.46;"A";30.12;"A";28.53;"A"
"2025-01-23 04:30";2.14;"A";88.15;"A";1008.86;"A";47;"A";26;"A";0;"A";8;"A";18;"A";41.81;"A";30.38;"A";28.78;"A"
"2025-01-23 04:45";2.16;"A";88.1;"A";1008.81;"A";47;"A";26;"A";0;"A";8;"A";18;"A";42.87;"A";31.16;"A";29.52;"A"
"2025-01-23 05:00";2.11;"A";87.79;"A";1008.79;"A";50;"A";25;"A";0;"A";7;"A";19;"A";40.5;"A";29.42;"A";27.86;"A"
"2025-01-23 05:15";2.07;"A";87.37;"A";1008.77;"A";49;"A";26;"A";0;"A";7;"A";19;"A";39.09;"A";28.39;"A";26.88;"A"
"2025-01-23 05:30";1.98;"A";87.29;"A";1008.76;"A";47;"A";25;"A";0;"A";7;"A";18;"A";36.43;"A";26.44;"A";25.02;"A"
"2025-01-23 05:45";1.96;"A";87;"A";1008.69;"A";48;"A";26;"A";0;"A";8;"A";18;"A";34.71;"A";25.18;"A";23.81;"A"
"2025-01-23 06:00";1.94;"A";87.22;"A";1008.67;"A";57;"A";26;"A";0;"A";9;"A";17;"A";33.26;"A";24.12;"A";22.8;"A"
"2025-01-23 06:15";1.97;"A";86.92;"A";1008.79;"A";60;"A";25;"A";0;"A";7;"A";18;"A";31.63;"A";22.93;"A";21.66;"A"
"2025-01-23 06:30";1.96;"A";86.76;"A";1008.88;"A";59;"A";24;"A";0;"A";7;"A";17;"A";30.7;"A";22.24;"A";21;"A"
"2025-01-23 06:45";1.99;"A";86.45;"A";1008.87;"A";65;"A";25;"A";0;"A";7;"A";17;"A";30.61;"A";22.18;"A";20.94;"A"
"2025-01-23 07:00";2;"A";86.12;"A";1008.89;"A";73;"A";25;"A";0;"A";8;"A";17;"A";32.03;"A";23.21;"A";21.93;"A"
"2025-01-23 07:15";1.96;"A";86.36;"A";1008.78;"A";86;"A";25;"A";0;"A";9;"A";16;"A";32.81;"A";23.79;"A";22.48;"A"
"2025-01-23 07:30";1.92;"A";86.73;"A";1008.86;"A";88;"A";25;"A";0;"A";9;"A";16;"A";32.57;"A";23.62;"A";22.32;"A"
"2025-01-23 07:45";1.92;"A";86.53;"A";1008.95;"A";105;"A";25;"A";0;"A";9;"A";15;"A";33.36;"A";24.19;"A";22.87;"A"
"2025-01-23 08:00";1.86;"A";86.62;"A";1009.12;"A";103;"A";25;"A";0;"A";9;"A";16;"A";32.52;"A";23.58;"A";22.28;"A"
"2025-01-23 08:15";1.86;"A";86.71;"A";1009.19;"A";102;"A";25;"A";0;"A";10;"A";15;"A";31.15;"A";22.57;"A";21.32;"A"
"2025-01-23 08:30";1.88;"A";86.81;"A";1009.12;"A";123;"A";25;"A";0;"A";10;"A";14;"A";32.59;"A";23.62;"A";22.33;"A"
"2025-01-23 08:45";1.86;"A";86.58;"A";1009.12;"A";115;"A";24;"A";0;"A";9;"A";15;"A";32.85;"A";23.82;"A";22.51;"A"
"2025-01-23 09:00";1.78;"A";86.65;"A";1009.22;"A";103;"A";24;"A";0;"A";9;"A";16;"A";32.29;"A";23.41;"A";22.12;"A"
"2025-01-23 09:15";1.77;"A";87.12;"A";1009.3;"A";103;"A";25;"A";0;"A";9;"A";15;"A";33;"A";23.93;"A";22.62;"A"
"2025-01-23 09:30";1.8;"A";87.18;"A";1009.2;"A";106;"A";25;"A";0;"A";10;"A";15;"A";34.88;"A";25.31;"A";23.93;"A"
"2025-01-23 09:45";1.81;"A";87.57;"A";1009.33;"A";100;"A";25;"A";0;"A";11;"A";14;"A";33.43;"A";24.24;"A";22.92;"A"
"2025-01-23 10:00";1.8;"A";87.27;"A";1009.49;"A";75;"A";26;"A";0;"A";10;"A";16;"A";29.04;"A";21.03;"A";19.84;"A"
"2025-01-23 10:15";1.77;"A";87.61;"A";1009.62;"A";67;"A";26;"A";0;"A";10;"A";15;"A";24.59;"A";17.77;"A";16.73;"A"
"2025-01-23 10:30";1.77;"A";87.98;"A";1009.6;"A";84;"A";26;"A";0;"A";11;"A";15;"A";26.57;"A";19.22;"A";18.12;"A"
"2025-01-23 10:45";1.78;"A";88.62;"A";1009.45;"A";89;"A";26;"A";0;"A";11;"A";15;"A";24.55;"A";17.73;"A";16.7;"A"
"2025-01-23 11:00";1.9;"A";88.18;"A";1008.99;"A";104;"A";25;"A";0;"A";10;"A";15;"A";25.78;"A";18.64;"A";17.56;"A"
"2025-01-23 11:15";1.98;"A";88.41;"A";1008.84;"A";89;"A";25;"A";0;"A";9;"A";16;"A";22.54;"A";16.26;"A";15.29;"A"
"2025-01-23 11:30";1.98;"A";88.14;"A";1008.83;"A";115;"A";25;"A";0;"A";10;"A";16;"A";26.69;"A";19.3;"A";18.2;"A"
"2025-01-23 11:45";2.05;"A";88.01;"A";1008.77;"A";100;"A";26;"A";0;"A";11;"A";15;"A";24.47;"A";17.68;"A";16.64;"A"
"2025-01-23 12:00";2.07;"A";88.1;"A";1008.72;"A";100;"A";26;"A";0;"A";12;"A";14;"A";23.17;"A";16.72;"A";15.73;"A"
"2025-01-23 12:15";2.13;"A";88.36;"A";1008.58;"A";105;"A";26;"A";0;"A";12;"A";14;"A";25.02;"A";18.09;"A";17.03;"A"
"2025-01-23 12:30";2.17;"A";88.03;"A";1008.44;"A";84;"A";26;"A";0;"A";11;"A";15;"A";22.51;"A";16.24;"A";15.27;"A"
"2025-01-23 12:45";2.22;"A";87.94;"A";1008.39;"A";89;"A";26;"A";0;"A";11;"A";15;"A";22.58;"A";16.29;"A";15.32;"A"
"2025-01-23 13:00";2.24;"A";88.16;"A";1008.33;"A";86;"A";26;"A";0;"A";12;"A";15;"A";24.46;"A";17.67;"A";16.64;"A"
"2025-01-23 13:15";2.34;"A";88.18;"A";1008.33;"A";108;"A";25;"A";0;"A";11;"A";14;"A";24.46;"A";17.67;"A";16.64;"A"
"2025-01-23 13:30";2.38;"A";88.49;"A";1008.24;"A";82;"A";25;"A";0;"A";10;"A";15;"A";29.8;"A";21.58;"A";20.38;"A"
"2025-01-23 13:45";2.41;"A";88.82;"A";1008.12;"A";104;"A";25;"A";0;"A";10;"A";15;"A";27.46;"A";19.87;"A";18.74;"A"
"2025-01-23 14:00";2.42;"A";89.22;"A";1007.95;"A";86;"A";25;"A";0;"A";10;"A";15;"A";27.16;"A";19.65;"A";18.53;"A"
"2025-01-23 14:15";2.51;"A";89.29;"A";1007.88;"A";83;"A";25;"A";0;"A";10;"A";15;"A";27.43;"A";19.85;"A";18.72;"A"
"2025-01-23 14:30";2.57;"A";89.19;"A";1007.75;"A";92;"A";25;"A";0;"A";10;"A";15;"A";28.18;"A";20.4;"A";19.24;"A"
"2025-01-23 14:45";2.58;"A";89.28;"A";1007.79;"A";87;"A";24;"A";0;"A";9;"A";15;"A";28.59;"A";20.7;"A";19.53;"A"
"2025-01-23 15:00";2.65;"A";89.3;"A";1007.84;"A";95;"A";25;"A";0;"A";10;"A";15;"A";29.46;"A";21.33;"A";20.14;"A"
"2025-01-23 15:15";2.7;"A";89.28;"A";1007.8;"A";87;"A";24;"A";0;"A";11;"A";14;"A";32.13;"A";23.29;"A";22.01;"A"
"2025-01-23 15:30";2.74;"A";89.35;"A";1007.9;"A";118;"A";25;"A";0;"A";12;"A";13;"A";36.47;"A";26.47;"A";25.04;"A"
"2025-01-23 15:45";2.75;"A";89.51;"A";1007.87;"A";108;"A";25;"A";0;"A";11;"A";13;"A";31.91;"A";23.13;"A";21.85;"A"
"2025-01-23 16:00";2.79;"A";89.54;"A";1007.98;"A";107;"A";25;"A";0;"A";11;"A";13;"A";31.15;"A";22.57;"A";21.32;"A"
"2025-01-23 16:15";2.83;"A";89.73;"A";1008.01;"A";132;"A";25;"A";0;"A";13;"A";12;"A";31.09;"A";22.53;"A";21.28;"A"
"2025-01-23 16:30";2.89;"A";89.51;"A";1008.01;"A";129;"A";25;"A";0;"A";14;"A";11;"A";31.36;"A";22.73;"A";21.47;"A"
"2025-01-23 16:45";2.89;"A";89.67;"A";1008.04;"A";140;"A";24;"A";0;"A";13;"A";12;"A";31.41;"A";22.77;"A";21.5;"A"
"2025-01-23 17:00";2.96;"A";89.6;"A";1008.18;"A";112;"A";24;"A";0;"A";12;"A";12;"A";35.69;"A";25.9;"A";24.5;"A"
"2025-01-23 17:15";2.99;"A";89.62;"A";1008.27;"A";161;"A";24;"A";0;"A";12;"A";12;"A";36.76;"A";26.68;"A";25.25;"A"
"2025-01-23 17:30";2.98;"A";90.13;"A";1008.22;"A";115;"A";24;"A";0;"A";12;"A";12;"A";37.26;"A";27.05;"A";25.59;"A"
"2025-01-23 17:45";3.06;"A";89.83;"A";1008.23;"A";128;"A";24;"A";1;"A";12;"A";12;"A";31.43;"A";22.78;"A";21.52;"A"
"2025-01-23 18:00";3.11;"A";89.77;"A";1008.3;"A";114;"A";24;"A";0;"A";11;"A";12;"A";29.98;"A";21.71;"A";20.5;"A"
"2025-01-23 18:15";3.14;"A";89.89;"A";1008.4;"A";117;"A";23;"A";1;"A";11;"A";12;"A";31.01;"A";22.47;"A";21.23;"A"
"2025-01-23 18:30";3.13;"A";90.1;"A";1008.42;"A";125;"A";24;"A";1;"A";12;"A";12;"A";34.07;"A";24.71;"A";23.36;"A"
"2025-01-23 18:45";3.19;"A";90.15;"A";1008.41;"A";129;"A";24;"A";0;"A";12;"A";12;"A";35.13;"A";25.49;"A";24.11;"A"
"2025-01-23 19:00";3.26;"A";89.98;"A";1008.34;"A";131;"A";23;"A";1;"A";12;"A";11;"A";35.76;"A";25.95;"A";24.55;"A"
"2025-01-23 19:15";3.3;"A";89.87;"A";1008.39;"A";137;"A";23;"A";1;"A";12;"A";11;"A";36.97;"A";26.84;"A";25.4;"A"
"2025-01-23 19:30";3.34;"A";90.04;"A";1008.53;"A";133;"A";23;"A";1;"A";11;"A";12;"A";35.5;"A";25.76;"A";24.37;"A"
"2025-01-23 19:45";3.35;"A";90.21;"A";1008.41;"A";114;"A";23;"A";1;"A";10;"A";12;"A";34.1;"A";24.73;"A";23.39;"A"
"2025-01-23 20:00";3.42;"A";90.15;"A";1008.46;"A";106;"A";23;"A";1;"A";11;"A";12;"A";33.38;"A";24.2;"A";22.88;"A"
"2025-01-23 20:15";3.45;"A";89.97;"A";1008.5;"A";100;"A";23;"A";1;"A";12;"A";11;"A";29.19;"A";21.14;"A";19.95;"A"
"2025-01-23 20:30";3.51;"A";89.83;"A";1008.59;"A";105;"A";23;"A";1;"A";13;"A";10;"A";28.57;"A";20.69;"A";19.52;"A"
"2025-01-23 20:45";3.61;"A";89.68;"A";1008.53;"A";105;"A";22;"A";1;"A";11;"A";11;"A";31.45;"A";22.8;"A";21.53;"A"
"2025-01-23 21:00";3.63;"A";89.84;"A";1008.52;"A";101;"A";22;"A";1;"A";10;"A";12;"A";33.76;"A";24.48;"A";23.15;"A"
"2025-01-23 21:15";3.64;"A";89.76;"A";1008.51;"A";107;"A";22;"A";1;"A";11;"A";11;"A";30.66;"A";22.21;"A";20.98;"A"
"2025-01-23 21:30";3.69;"A";89.67;"A";1008.49;"A";105;"A";22;"A";1;"A";11;"A";11;"A";29.21;"A";21.15;"A";19.96;"A"
"2025-01-23 21:45";3.75;"A";89.61;"A";1008.47;"A";104;"A";22;"A";1;"A";12;"A";11;"A";31.19;"A";22.6;"A";21.35;"A"
"2025-01-23 22:00";3.8;"A";89.6;"A";1008.46;"A";115;"A";23;"A";1;"A";14;"A";9;"A";41.99;"A";30.52;"A";28.91;"A"
"2025-01-23 22:15";3.83;"A";89.7;"A";1008.46;"A";109;"A";22;"A";1;"A";12;"A";10;"A";41.09;"A";29.86;"A";28.28;"A"
"2025-01-23 22:30";3.87;"A";89.82;"A";1008.45;"A";117;"A";22;"A";1;"A";12;"A";10;"A";44.02;"A";32;"A";30.33;"A"
"2025-01-23 22:45";3.94;"A";89.76;"A";1008.56;"A";123;"A";22;"A";1;"A";13;"A";9;"A";50.88;"A";37.02;"A";35.13;"A"
"2025-01-23 23:00";3.94;"A";89.92;"A";1008.65;"A";126;"A";22;"A";1;"A";14;"A";9;"A";57.12;"A";41.6;"A";39.5;"A"
"2025-01-23 23:15";3.98;"A";89.95;"A";1008.65;"A";126;"A";22;"A";1;"A";13;"A";9;"A";68.91;"A";50.24;"A";47.76;"A"
"2025-01-23 23:30";4.04;"A";89.92;"A";1008.52;"A";125;"A";22;"A";1;"A";13;"A";9;"A";69.55;"A";50.71;"A";48.2;"A"
"2025-01-23 23:45";4;"A";90.21;"A";1008.47;"A";118;"A";21;"A";1;"A";12;"A";9;"A";56.98;"A";41.5;"A";39.4;"A"
"2025-01-24 00:00";4.04;"A";90.08;"A";1008.46;"A";111;"A";21;"A";1;"A";12;"A";9;"A";71.79;"A";52.34;"A";49.77;"A"
"2025-01-24 00:15";4.1;"A";89.91;"A";1008.36;"A";125;"A";21;"A";1;"A";12;"A";9;"A";82.96;"A";60.53;"A";57.58;"A"
"2025-01-24 00:30";4.13;"A";89.58;"A";1008.18;"A";151;"A";21;"A";1;"A";10;"A";10;"A";99.64;"A";72.74;"A";69.26;"A"
"2025-01-24 00:45";4.18;"A";89.34;"A";1008.24;"A";144;"A";21;"A";2;"A";11;"A";10;"A";100.48;"A";73.36;"A";69.85;"A"
"2025-01-24 01:00";4.16;"A";89.52;"A";1008.34;"A";166;"A";21;"A";1;"A";12;"A";9;"A";106.93;"A";78.09;"A";74.36;"A"
"2025-01-24 01:15";4.14;"A";89.79;"A";1008.62;"A";165;"A";20;"A";1;"A";12;"A";8;"A";105.44;"A";76.99;"A";73.32;"A"
"2025-01-24 01:30";4.12;"A";89.89;"A";1008.72;"A";140;"A";21;"A";1;"A";13;"A";8;"A";101.57;"A";74.16;"A";70.61;"A"
"2025-01-24 01:45";4.19;"A";89.83;"A";1008.79;"A";143;"A";21;"A";1;"A";13;"A";8;"A";106.75;"A";77.95;"A";74.24;"A"
"2025-01-24 02:00";4.21;"A";89.9;"A";1008.76;"A";159;"A";21;"A";2;"A";13;"A";8;"A";107.75;"A";78.69;"A";74.94;"A"
"2025-01-24 02:15";4.24;"A";89.81;"A";1008.72;"A";171;"A";21;"A";1;"A";13;"A";8;"A";109.46;"A";79.94;"A";76.14;"A"
"2025-01-24 02:30";4.19;"A";89.92;"A";1008.53;"A";148;"A";21;"A";1;"A";13;"A";8;"A";100.95;"A";73.71;"A";70.18;"A"
"2025-01-24 02:45";4.17;"A";89.63;"A";1008.5;"A";130;"A";21;"A";1;"A";13;"A";9;"A";74.99;"A";54.69;"A";52.01;"A"
"2025-01-24 03:00";4.18;"A";89.52;"A";1008.47;"A";126;"A";21;"A";1;"A";12;"A";9;"A";58.97;"A";42.95;"A";40.79;"A"
"2025-01-24 03:15";4.14;"A";89.57;"A";1008.42;"A";128;"A";21;"A";1;"A";12;"A";9;"A";57.56;"A";41.92;"A";39.81;"A"
"2025-01-24 03:30";4.12;"A";89.7;"A";1008.43;"A";146;"A";20;"A";2;"A";12;"A";9;"A";54.67;"A";39.8;"A";37.78;"A"
"2025-01-24 03:45";4.08;"A";89.94;"A";1008.5;"A";181;"A";21;"A";2;"A";11;"A";9;"A";48.92;"A";35.59;"A";33.76;"A"
"2025-01-24 04:00";4.05;"A";89.93;"A";1008.55;"A";181;"A";20;"A";1;"A";11;"A";9;"A";51.57;"A";37.53;"A";35.61;"A"
"2025-01-24 04:15";4.08;"A";89.92;"A";1008.62;"A";134;"A";20;"A";1;"A";12;"A";8;"A";50.66;"A";36.87;"A";34.98;"A"
"2025-01-24 04:30";4.1;"A";89.7;"A";1008.7;"A";111;"A";21;"A";1;"A";13;"A";8;"A";60.63;"A";44.17;"A";41.96;"A"
"2025-01-24 04:45";4.08;"A";89.88;"A";1008.72;"A";130;"A";21;"A";1;"A";13;"A";8;"A";75.36;"A";54.96;"A";52.27;"A"
"2025-01-24 05:00";4.13;"A";89.77;"A";1008.61;"A";160;"A";21;"A";1;"A";13;"A";8;"A";66.49;"A";48.46;"A";46.06;"A"
"2025-01-24 05:15";4.18;"A";89.26;"A";1008.76;"A";128;"A";20;"A";1;"A";12;"A";8;"A";57.97;"A";42.22;"A";40.09;"A"
"2025-01-24 05:30";4.15;"A";89.24;"A";1008.83;"A";147;"A";21;"A";1;"A";13;"A";8;"A";66.15;"A";48.21;"A";45.82;"A"
"2025-01-24 05:45";4.13;"A";89.34;"A";1008.69;"A";235;"A";21;"A";1;"A";13;"A";8;"A";106;"A";77.41;"A";73.72;"A"
"2025-01-24 06:00";4.12;"A";89.5;"A";1008.72;"A";324;"A";21;"A";2;"A";13;"A";8;"A";108.24;"A";79.05;"A";75.29;"A"
"2025-01-24 06:15";4.11;"A";89.41;"A";1008.78;"A";175;"A";21;"A";2;"A";14;"A";7;"A";94.1;"A";68.69;"A";65.39;"A"
"2025-01-24 06:30";4.12;"A";89.4;"A";1008.94;"A";154;"A";21;"A";1;"A";14;"A";8;"A";93.88;"A";68.53;"A";65.23;"A"
"2025-01-24 06:45";4.09;"A";89.56;"A";1008.91;"A";188;"A";21;"A";1;"A";14;"A";7;"A";86.49;"A";63.12;"A";60.06;"A"
"2025-01-24 07:00";4.04;"A";90.07;"A";1008.89;"A";206;"A";21;"A";1;"A";14;"A";7;"A";79.35;"A";57.88;"A";55.06;"A"
"2025-01-24 07:15";4.01;"A";90.25;"A";1009.01;"A";190;"A";21;"A";2;"A";13;"A";7;"A";79.11;"A";57.71;"A";54.89;"A"
"2025-01-24 07:30";4.06;"A";89.93;"A";1009.19;"A";185;"A";21;"A";1;"A";13;"A";8;"A";54.61;"A";39.76;"A";37.74;"A"
"2025-01-24 07:45";4.05;"A";89.73;"A";1009.24;"A";207;"A";21;"A";1;"A";14;"A";8;"A";46.86;"A";34.09;"A";32.32;"A"
"2025-01-24 08:00";4.07;"A";89.88;"A";1009.3;"A";188;"A";22;"A";1;"A";14;"A";8;"A";49.21;"A";35.8;"A";33.96;"A"
"2025-01-24 08:15";4.12;"A";89.61;"A";1009.38;"A";169;"A";22;"A";1;"A";14;"A";7;"A";51.41;"A";37.41;"A";35.5;"A"
"2025-01-24 08:30";4.11;"A";89.53;"A";1009.41;"A";181;"A";22;"A";1;"A";14;"A";8;"A";58.58;"A";42.67;"A";40.52;"A"
"2025-01-24 08:45";4.23;"A";89.1;"A";1009.42;"A";257;"A";23;"A";1;"A";16;"A";8;"A";72.54;"A";52.9;"A";50.3;"A"
"2025-01-24 09:00";4.32;"A";88.82;"A";1009.48;"A";275;"A";21;"A";2;"A";14;"A";8;"A";71.84;"A";52.38;"A";49.8;"A"
"2025-01-24 09:15";4.43;"A";89.06;"A";1009.58;"A";251;"A";22;"A";1;"A";14;"A";8;"A";82.35;"A";60.08;"A";57.16;"A"
"2025-01-24 09:30";4.49;"A";89.16;"A";1009.56;"A";246;"A";23;"A";1;"A";16;"A";7;"A";74.02;"A";53.98;"A";51.33;"A"
"2025-01-24 09:45";4.66;"A";89.2;"A";1009.49;"A";265;"A";22;"A";1;"A";13;"A";8;"A";61.32;"A";44.67;"A";42.44;"A"
"2025-01-24 10:00";4.81;"A";88.24;"A";1009.61;"A";255;"A";21;"A";2;"A";13;"A";9;"A";56.65;"A";41.25;"A";39.17;"A"
"2025-01-24 10:15";4.91;"A";88.43;"A";1009.44;"A";245;"A";21;"A";2;"A";12;"A";9;"A";52.06;"A";37.89;"A";35.96;"A"
"2025-01-24 10:30";5.15;"A";87.34;"A";1009.51;"A";215;"A";20;"A";2;"A";10;"A";10;"A";47.59;"A";34.61;"A";32.83;"A"
"2025-01-24 10:45";5.26;"A";87.2;"A";1009.51;"A";214;"A";21;"A";2;"A";11;"A";10;"A";46.86;"A";34.08;"A";32.32;"A"
"2025-01-24 11:00";5.45;"A";86.91;"A";1009.48;"A";218;"A";21;"A";2;"A";12;"A";10;"A";46.99;"A";34.18;"A";32.41;"A"
"2025-01-24 11:15";5.55;"A";86.68;"A";1009.4;"A";194;"A";22;"A";1;"A";12;"A";10;"A";41.26;"A";29.98;"A";28.39;"A"
"2025-01-24 11:30";5.65;"A";86.77;"A";1009.31;"A";203;"A";22;"A";2;"A";12;"A";10;"A";41.48;"A";30.14;"A";28.55;"A"
"2025-01-24 11:45";5.72;"A";86.9;"A";1009.21;"A";257;"A";22;"A";1;"A";11;"A";11;"A";60.75;"A";44.26;"A";42.04;"A"
"2025-01-24 12:00";5.76;"A";86.82;"A";1009.33;"A";391;"A";21;"A";1;"A";10;"A";11;"A";52.56;"A";38.26;"A";36.31;"A"
"2025-01-24 12:15";5.81;"A";86.8;"A";1009.38;"A";555;"A";21;"A";2;"A";9;"A";12;"A";72.86;"A";53.13;"A";50.51;"A"
"2025-01-24 12:30";5.87;"A";86.67;"A";1009.34;"A";383;"A";22;"A";2;"A";10;"A";12;"A";59.65;"A";43.45;"A";41.27;"A"
"2025-01-24 12:45";5.87;"A";86.55;"A";1009.21;"A";203;"A";23;"A";1;"A";10;"A";13;"A";37.99;"A";27.58;"A";26.11;"A"
"2025-01-24 13:00";5.88;"A";86.67;"A";1009.08;"A";308;"A";25;"A";1;"A";11;"A";14;"A";43.79;"A";31.83;"A";30.17;"A"
"2025-01-24 13:15";5.85;"A";86.34;"A";1009.11;"A";294;"A";25;"A";1;"A";10;"A";15;"A";40.48;"A";29.41;"A";27.85;"A"
"2025-01-24 13:30";5.87;"A";86.63;"A";1009.01;"A";243;"A";25;"A";1;"A";9;"A";16;"A";39.48;"A";28.68;"A";27.15;"A"
"2025-01-24 13:45";5.79;"A";86.9;"A";1008.99;"A";202;"A";25;"A";1;"A";10;"A";15;"A";46.79;"A";34.03;"A";32.27;"A"
"2025-01-24 14:00";5.85;"A";86.8;"A";1008.91;"A";209;"A";27;"A";1;"A";9;"A";17;"A";48.29;"A";35.13;"A";33.32;"A"
"2025-01-24 14:15";6.09;"A";85.42;"A";1008.84;"A";198;"A";28;"A";0;"A";9;"A";19;"A";52.28;"A";38.05;"A";36.11;"A"
"2025-01-24 14:30";6.31;"A";84.07;"A";1008.88;"A";305;"A";30;"A";0;"A";10;"A";20;"A";64.98;"A";47.36;"A";45;"A"
"2025-01-24 14:45";6.39;"A";83.82;"A";1008.8;"A";754;"A";32;"A";0;"A";17;"A";15;"A";102.52;"A";74.86;"A";71.28;"A"
"2025-01-24 15:00";6.5;"A";83.43;"A";1008.61;"A";810;"A";31;"A";0;"A";15;"A";16;"A";82.9;"A";60.49;"A";57.55;"A"
"2025-01-24 15:15";6.43;"A";83.56;"A";1008.51;"A";422;"A";31;"A";0;"A";12;"A";19;"A";71.27;"A";51.97;"A";49.41;"A"
"2025-01-24 15:30";6.44;"A";83.37;"A";1008.62;"A";246;"A";32;"A";0;"A";13;"A";18;"A";60.37;"A";43.98;"A";41.77;"A"
"2025-01-24 15:45";6.45;"A";83.62;"A";1008.84;"A";184;"A";31;"A";0;"A";12;"A";19;"A";55.49;"A";40.4;"A";38.36;"A"
"2025-01-24 16:00";6.46;"A";83.56;"A";1008.81;"A";461;"A";32;"A";0;"A";13;"A";19;"A";57.79;"A";42.09;"A";39.97;"A"
"2025-01-24 16:15";6.43;"A";83.49;"A";1008.87;"A";1542;"A";33;"A";0;"A";12;"A";22;"A";48.67;"A";35.41;"A";33.59;"A"
"2025-01-24 16:30";6.42;"A";83.59;"A";1009.02;"A";1072;"A";34;"A";0;"A";14;"A";20;"A";51.93;"A";37.79;"A";35.87;"A"
"2025-01-24 16:45";6.37;"A";83.79;"A";1009.07;"A";406;"A";33;"A";0;"A";11;"A";22;"A";51.56;"A";37.52;"A";35.61;"A"
"2025-01-24 17:00";6.44;"A";83.36;"A";1009.13;"A";402;"A";33;"A";0;"A";12;"A";22;"A";53.32;"A";38.81;"A";36.84;"A"
"2025-01-24 17:15";6.33;"A";83.94;"A";1009.13;"A";486;"A";36;"A";0;"A";22;"A";14;"A";58.76;"A";42.8;"A";40.65;"A"
"2025-01-24 17:30";6.3;"A";84.03;"A";1009.18;"A";326;"A";35;"A";0;"A";20;"A";15;"A";52.25;"A";38.03;"A";36.09;"A"
"2025-01-24 17:45";6.31;"A";84.31;"A";1009.18;"A";336;"A";35;"A";0;"A";22;"A";12;"A";60.66;"A";44.19;"A";41.98;"A"
"2025-01-24 18:00";6.25;"A";84.72;"A";1009.18;"A";416;"A";34;"A";0;"A";22;"A";12;"A";80.77;"A";58.93;"A";56.06;"A"
"2025-01-24 18:15";6.24;"A";84.7;"A";1009.22;"A";369;"A";33;"A";0;"A";20;"A";13;"A";66.87;"A";48.74;"A";46.32;"A"
"2025-01-24 18:30";6.24;"A";84.79;"A";1009.28;"A";363;"A";32;"A";0;"A";20;"A";13;"A";73.69;"A";53.74;"A";51.1;"A"
"2025-01-24 18:45";6.14;"A";85.39;"A";1009.36;"A";319;"A";31;"A";0;"A";17;"A";14;"A";74.37;"A";54.24;"A";51.57;"A"
"2025-01-24 19:00";6.21;"A";85.1;"A";1009.37;"A";283;"A";30;"A";0;"A";15;"A";15;"A";66.89;"A";48.76;"A";46.34;"A"
"2025-01-24 19:15";6.12;"A";85.42;"A";1009.43;"A";249;"A";29;"A";0;"A";11;"A";18;"A";61.67;"A";44.93;"A";42.69;"A"
"2025-01-24 19:30";6.05;"A";85.56;"A";1009.41;"A";242;"A";29;"A";0;"A";12;"A";17;"A";62.25;"A";45.35;"A";43.09;"A"
"2025-01-24 19:45";6.04;"A";85.57;"A";1009.4;"A";231;"A";29;"A";0;"A";11;"A";18;"A";59.93;"A";43.66;"A";41.47;"A"
"2025-01-24 20:00";6.01;"A";85.61;"A";1009.32;"A";234;"A";29;"A";0;"A";10;"A";19;"A";62.36;"A";45.43;"A";43.16;"A"
"2025-01-24 20:15";5.92;"A";85.67;"A";1009.36;"A";215;"A";30;"A";0;"A";10;"A";20;"A";68.17;"A";49.69;"A";47.24;"A"
"2025-01-24 20:30";5.92;"A";85.4;"A";1009.33;"A";216;"A";29;"A";0;"A";9;"A";20;"A";70.36;"A";51.3;"A";48.77;"A"
"2025-01-24 20:45";5.85;"A";85.73;"A";1009.25;"A";220;"A";29;"A";0;"A";8;"A";21;"A";71.09;"A";51.83;"A";49.28;"A"
"2025-01-24 21:00";5.86;"A";85.88;"A";1009.18;"A";230;"A";29;"A";0;"A";9;"A";20;"A";70.7;"A";51.55;"A";49.01;"A"
"2025-01-24 21:15";5.8;"A";86.32;"A";1009.21;"A";194;"A";28;"A";0;"A";8;"A";20;"A";67.67;"A";49.33;"A";46.89;"A"
"2025-01-24 21:30";5.76;"A";86.83;"A";1009.3;"A";193;"A";27;"A";0;"A";8;"A";20;"A";61.76;"A";45;"A";42.75;"A"
"2025-01-24 21:45";5.79;"A";87.15;"A";1009.38;"A";187;"A";26;"A";1;"A";7;"A";20;"A";58.83;"A";42.85;"A";40.7;"A"
"2025-01-24 22:00";5.78;"A";87.37;"A";1009.4;"A";193;"A";25;"A";1;"A";7;"A";19;"A";58.34;"A";42.49;"A";40.35;"A"
"2025-01-24 22:15";5.78;"A";87.65;"A";1009.36;"A";176;"A";25;"A";1;"A";7;"A";18;"A";56.33;"A";41.02;"A";38.95;"A"
"2025-01-24 22:30";5.86;"A";87.83;"A";1009.25;"A";181;"A";25;"A";1;"A";8;"A";17;"A";56.11;"A";40.86;"A";38.79;"A"
"2025-01-24 22:45";5.87;"A";88.53;"A";1009.28;"A";182;"A";24;"A";1;"A";8;"A";16;"A";61.88;"A";45.09;"A";42.83;"A"
"2025-01-24 23:00";5.85;"A";89.59;"A";1009.19;"A";183;"A";24;"A";1;"A";10;"A";14;"A";74.63;"A";54.42;"A";51.75;"A"
"2025-01-24 23:15";5.99;"A";89.49;"A";1009.27;"A";187;"A";24;"A";1;"A";9;"A";15;"A";84.92;"A";61.97;"A";58.96;"A"
"2025-01-24 23:30";6.01;"A";89.48;"A";1009.38;"A";173;"A";24;"A";1;"A";8;"A";16;"A";89.48;"A";65.31;"A";62.15;"A"
"2025-01-24 23:45";5.95;"A";89.65;"A";1009.34;"A";171;"A";23;"A";1;"A";7;"A";16;"A";94.11;"A";68.69;"A";65.39;"A"
"2025-01-25 00:00";5.93;"A";89.64;"A";1009.27;"A";171;"A";23;"A";1;"A";7;"A";16;"A";96.58;"A";70.51;"A";67.12;"A"
"2025-01-25 00:15";6;"A";89.57;"A";1009.4;"A";175;"A";23;"A";1;"A";8;"A";15;"A";104.74;"A";76.49;"A";72.83;"A"
"2025-01-25 00:30";6.04;"A";89.49;"A";1009.47;"A";176;"A";23;"A";1;"A";8;"A";15;"A";107.11;"A";78.22;"A";74.49;"A"
"2025-01-25 00:45";6.04;"A";89.75;"A";1009.38;"A";177;"A";24;"A";1;"A";8;"A";15;"A";109.07;"A";79.65;"A";75.86;"A"
"2025-01-25 01:00";6.11;"A";89.54;"A";1009.5;"A";174;"A";23;"A";1;"A";8;"A";16;"A";104.73;"A";76.47;"A";72.82;"A"
"2025-01-25 01:15";6.09;"A";89.44;"A";1009.54;"A";178;"A";23;"A";1;"A";7;"A";16;"A";116.49;"A";85.09;"A";81.06;"A"
"2025-01-25 01:30";6.1;"A";89.51;"A";1009.54;"A";171;"A";24;"A";1;"A";7;"A";17;"A";106.41;"A";77.71;"A";74;"A"
"2025-01-25 01:45";6.19;"A";89.26;"A";1009.65;"A";168;"A";24;"A";1;"A";6;"A";17;"A";99.76;"A";72.84;"A";69.35;"A"
"2025-01-25 02:00";6.21;"A";89.14;"A";1009.79;"A";170;"A";24;"A";1;"A";6;"A";18;"A";99.57;"A";72.7;"A";69.21;"A"
"2025-01-25 02:15";6.24;"A";89.03;"A";1009.85;"A";170;"A";24;"A";1;"A";6;"A";19;"A";97.09;"A";70.88;"A";67.48;"A"
"2025-01-25 02:30";6.26;"A";88.69;"A";1009.85;"A";166;"A";25;"A";1;"A";6;"A";19;"A";97.21;"A";70.97;"A";67.56;"A"
"2025-01-25 02:45";6.24;"A";87.82;"A";1009.91;"A";158;"A";26;"A";0;"A";6;"A";20;"A";86.15;"A";62.87;"A";59.82;"A"
"2025-01-25 03:00";6.19;"A";87.38;"A";1009.88;"A";148;"A";28;"A";0;"A";6;"A";23;"A";77.3;"A";56.38;"A";53.62;"A"
"2025-01-25 03:15";6.16;"A";87.56;"A";1009.91;"A";151;"A";28;"A";0;"A";6;"A";23;"A";78.75;"A";57.44;"A";54.64;"A"
"2025-01-25 03:30";6.09;"A";88.08;"A";1009.92;"A";165;"A";28;"A";0;"A";6;"A";22;"A";84.46;"A";61.63;"A";58.64;"A"
"2025-01-25 03:45";6.06;"A";88.5;"A";1009.91;"A";164;"A";28;"A";1;"A";5;"A";23;"A";88.08;"A";64.28;"A";61.17;"A"
"2025-01-25 04:00";5.96;"A";88.78;"A";1009.97;"A";163;"A";27;"A";0;"A";5;"A";22;"A";87.92;"A";64.16;"A";61.06;"A"
"2025-01-25 04:15";5.93;"A";88.55;"A";1009.89;"A";160;"A";28;"A";0;"A";5;"A";22;"A";83.23;"A";60.73;"A";57.78;"A"
"2025-01-25 04:30";5.96;"A";88.5;"A";1010.03;"A";156;"A";28;"A";0;"A";6;"A";22;"A";82.18;"A";59.96;"A";57.04;"A"
"2025-01-25 04:45";5.87;"A";88.87;"A";1010.26;"A";153;"A";28;"A";0;"A";6;"A";22;"A";82.1;"A";59.9;"A";56.99;"A"
"2025-01-25 05:00";5.86;"A";89.31;"A";1010.19;"A";166;"A";27;"A";0;"A";5;"A";22;"A";87.85;"A";64.11;"A";61.01;"A"
"2025-01-25 05:15";5.83;"A";89.37;"A";1010.38;"A";170;"A";26;"A";1;"A";5;"A";20;"A";89.99;"A";65.68;"A";62.51;"A"
"2025-01-25 05:30";5.79;"A";89.21;"A";1010.35;"A";170;"A";26;"A";1;"A";6;"A";20;"A";84.1;"A";61.37;"A";58.39;"A"
"2025-01-25 05:45";5.81;"A";88.74;"A";1010.59;"A";190;"A";26;"A";1;"A";7;"A";20;"A";82.25;"A";60.01;"A";57.09;"A"
"2025-01-25 06:00";5.76;"A";88.62;"A";1010.77;"A";194;"A";26;"A";1;"A";7;"A";19;"A";76.74;"A";55.97;"A";53.23;"A"
"2025-01-25 06:15";5.78;"A";88.86;"A";1010.88;"A";200;"A";27;"A";0;"A";8;"A";18;"A";78.52;"A";57.27;"A";54.48;"A"
"2025-01-25 06:30";5.68;"A";89.09;"A";1011.07;"A";185;"A";26;"A";1;"A";7;"A";18;"A";75.45;"A";55.03;"A";52.33;"A"
"2025-01-25 06:45";5.66;"A";88.93;"A";1011.48;"A";169;"A";26;"A";1;"A";7;"A";19;"A";69.73;"A";50.84;"A";48.33;"A"
"2025-01-25 07:00";5.67;"A";88.85;"A";1011.72;"A";175;"A";26;"A";0;"A";7;"A";19;"A";65.29;"A";47.59;"A";45.22;"A"
"2025-01-25 07:15";5.59;"A";89.13;"A";1012.03;"A";189;"A";26;"A";0;"A";8;"A";18;"A";64.7;"A";47.15;"A";44.8;"A"
"2025-01-25 07:30";5.66;"A";88.69;"A";1012.21;"A";171;"A";26;"A";1;"A";7;"A";19;"A";58.7;"A";42.76;"A";40.61;"A"
"2025-01-25 07:45";5.69;"A";88.42;"A";1012.29;"A";181;"A";28;"A";0;"A";10;"A";18;"A";55.55;"A";40.45;"A";38.4;"A"
"2025-01-25 08:00";5.75;"A";88.34;"A";1012.49;"A";189;"A";27;"A";0;"A";9;"A";18;"A";60.51;"A";44.08;"A";41.87;"A"
"2025-01-25 08:15";5.72;"A";88.83;"A";1012.63;"A";196;"A";26;"A";0;"A";9;"A";17;"A";69.82;"A";50.9;"A";48.39;"A"
"2025-01-25 08:30";5.79;"A";88.67;"A";1012.71;"A";216;"A";27;"A";0;"A";11;"A";16;"A";72.02;"A";52.51;"A";49.93;"A"
"2025-01-25 08:45";5.75;"A";88.47;"A";1012.85;"A";207;"A";27;"A";0;"A";10;"A";17;"A";59.86;"A";43.61;"A";41.42;"A"
"2025-01-25 09:00";5.76;"A";88.96;"A";1012.98;"A";234;"A";27;"A";0;"A";10;"A";17;"A";65.95;"A";48.07;"A";45.68;"A"
"2025-01-25 09:15";5.75;"A";88.86;"A";1012.96;"A";232;"A";27;"A";0;"A";11;"A";16;"A";63.51;"A";46.28;"A";43.97;"A"
"2025-01-25 09:30";5.9;"A";88.38;"A";1013.15;"A";179;"A";26;"A";0;"A";10;"A";16;"A";59.69;"A";43.48;"A";41.3;"A"
"2025-01-25 09:45";5.99;"A";88.32;"A";1013.17;"A";182;"A";25;"A";1;"A";9;"A";16;"A";60.07;"A";43.76;"A";41.57;"A"
"2025-01-25 10:00";6.11;"A";87.26;"A";1013.25;"A";185;"A";25;"A";1;"A";9;"A";16;"A";47.03;"A";34.2;"A";32.43;"A"
"2025-01-25 10:15";6.07;"A";87.86;"A";1013.4;"A";190;"A";26;"A";0;"A";8;"A";18;"A";46.58;"A";33.87;"A";32.12;"A"
"2025-01-25 10:30";6.17;"A";86.78;"A";1013.2;"A";187;"A";26;"A";1;"A";8;"A";19;"A";43.52;"A";31.64;"A";29.98;"A"
"2025-01-25 10:45";6.2;"A";86.75;"A";1013.05;"A";177;"A";28;"A";0;"A";8;"A";20;"A";36.99;"A";26.85;"A";25.41;"A"
"2025-01-25 11:00";6.24;"A";87.09;"A";1013.17;"A";183;"A";27;"A";0;"A";9;"A";19;"A";42.48;"A";30.87;"A";29.25;"A"
"2025-01-25 11:15";6.27;"A";86.49;"A";1013.21;"A";170;"A";28;"A";0;"A";8;"A";20;"A";33.65;"A";24.41;"A";23.07;"A"
"2025-01-25 11:30";6.31;"A";86.93;"A";1013.29;"A";163;"A";28;"A";0;"A";8;"A";20;"A";33.48;"A";24.28;"A";22.95;"A"
"2025-01-25 11:45";6.34;"A";86.5;"A";1013.36;"A";179;"A";29;"A";0;"A";10;"A";20;"A";33.79;"A";24.51;"A";23.17;"A"
"2025-01-25 12:00";6.5;"A";85.8;"A";1013.43;"A";167;"A";31;"A";0;"A";9;"A";23;"A";27.22;"A";19.7;"A";18.57;"A"
"2025-01-25 12:15";6.51;"A";86.55;"A";1013.44;"A";163;"A";32;"A";0;"A";9;"A";23;"A";32.77;"A";23.76;"A";22.45;"A"
"2025-01-25 12:30";6.78;"A";85.97;"A";1013.4;"A";193;"A";32;"A";0;"A";11;"A";21;"A";37.05;"A";26.89;"A";25.45;"A"
"2025-01-25 12:45";6.74;"A";86;"A";1013.34;"A";172;"A";31;"A";0;"A";9;"A";21;"A";43.08;"A";31.31;"A";29.67;"A"
"2025-01-25 13:00";6.8;"A";85.67;"A";1013.45;"A";172;"A";30;"A";0;"A";9;"A";21;"A";44.06;"A";32.03;"A";30.36;"A"
"2025-01-25 13:15";6.97;"A";85.59;"A";1013.51;"A";174;"A";30;"A";0;"A";9;"A";21;"A";41.26;"A";29.98;"A";28.4;"A"
"2025-01-25 13:30";7.04;"A";84.85;"A";1013.36;"A";171;"A";30;"A";0;"A";9;"A";22;"A";39.12;"A";28.41;"A";26.9;"A"
"2025-01-25 13:45";6.98;"A";85.34;"A";1013.34;"A";168;"A";30;"A";0;"A";9;"A";21;"A";39.91;"A";28.99;"A";27.45;"A"
"2025-01-25 14:00";7.01;"A";85.24;"A";1013.3;"A";147;"A";32;"A";0;"A";8;"A";24;"A";38.99;"A";28.32;"A";26.81;"A"
"2025-01-25 14:15";6.98;"A";85.29;"A";1013.38;"A";167;"A";32;"A";0;"A";9;"A";23;"A";40.39;"A";29.34;"A";27.79;"A"
"2025-01-25 14:30";6.97;"A";85.06;"A";1013.66;"A";148;"A";32;"A";0;"A";9;"A";24;"A";36.86;"A";26.76;"A";25.32;"A"
"2025-01-25 14:45";6.98;"A";84.97;"A";1013.75;"A";171;"A";32;"A";0;"A";9;"A";23;"A";35.69;"A";25.9;"A";24.5;"A"
"2025-01-25 15:00";6.95;"A";85.15;"A";1013.88;"A";164;"A";32;"A";0;"A";9;"A";23;"A";37.79;"A";27.44;"A";25.97;"A"
"2025-01-25 15:15";6.86;"A";85.44;"A";1013.97;"A";141;"A";32;"A";0;"A";8;"A";24;"A";34.45;"A";24.99;"A";23.63;"A"
"2025-01-25 15:30";6.69;"A";85.98;"A";1014.15;"A";139;"A";32;"A";0;"A";8;"A";25;"A";37.31;"A";27.08;"A";25.63;"A"
"2025-01-25 15:45";6.66;"A";86.39;"A";1014.22;"A";150;"A";32;"A";0;"A";7;"A";25;"A";45.59;"A";33.15;"A";31.43;"A"
"2025-01-25 16:00";6.68;"A";86.53;"A";1014.21;"A";172;"A";32;"A";0;"A";8;"A";23;"A";43.3;"A";31.47;"A";29.82;"A"
"2025-01-25 16:15";6.74;"A";85.87;"A";1014.48;"A";169;"A";32;"A";0;"A";9;"A";22;"A";39.42;"A";28.63;"A";27.11;"A"
"2025-01-25 16:30";6.71;"A";86.16;"A";1014.5;"A";171;"A";32;"A";0;"A";9;"A";23;"A";39.13;"A";28.42;"A";26.91;"A"
"2025-01-25 16:45";6.7;"A";85.92;"A";1014.58;"A";156;"A";32;"A";0;"A";8;"A";23;"A";37.46;"A";27.19;"A";25.74;"A"
"2025-01-25 17:00";6.54;"A";86.64;"A";1014.88;"A";157;"A";32;"A";0;"A";9;"A";23;"A";40.66;"A";29.54;"A";27.98;"A"
"2025-01-25 17:15";6.51;"A";86.83;"A";1015.05;"A";145;"A";31;"A";0;"A";8;"A";24;"A";39.27;"A";28.52;"A";27.01;"A"
"2025-01-25 17:30";6.53;"A";86.93;"A";1015.27;"A";148;"A";31;"A";0;"A";8;"A";23;"A";44.96;"A";32.69;"A";30.98;"A"
"2025-01-25 17:45";6.54;"A";86.96;"A";1015.42;"A";142;"A";31;"A";0;"A";8;"A";22;"A";55.79;"A";40.62;"A";38.57;"A"
"2025-01-25 18:00";6.46;"A";87.2;"A";1015.64;"A";143;"A";30;"A";0;"A";8;"A";22;"A";60.66;"A";44.19;"A";41.98;"A"
"2025-01-25 18:15";6.4;"A";87.34;"A";1015.58;"A";201;"A";31;"A";0;"A";10;"A";20;"A";81.45;"A";59.42;"A";56.53;"A"
"2025-01-25 18:30";6.38;"A";86.79;"A";1015.69;"A";276;"A";31;"A";0;"A";9;"A";22;"A";69.47;"A";50.65;"A";48.15;"A"
"2025-01-25 18:45";6.29;"A";86.97;"A";1015.64;"A";359;"A";32;"A";0;"A";9;"A";23;"A";71.1;"A";51.84;"A";49.29;"A"
"2025-01-25 19:00";6.22;"A";87.54;"A";1015.65;"A";231;"A";31;"A";0;"A";9;"A";23;"A";74.42;"A";54.27;"A";51.61;"A"
"2025-01-25 19:15";6.31;"A";86.64;"A";1015.66;"A";539;"A";32;"A";0;"A";7;"A";24;"A";77;"A";56.16;"A";53.41;"A"
"2025-01-25 19:30";6.17;"A";87.88;"A";1015.51;"A";579;"A";31;"A";0;"A";10;"A";21;"A";75.52;"A";55.08;"A";52.38;"A"
"2025-01-25 19:45";6.21;"A";87.75;"A";1015.43;"A";544;"A";30;"A";0;"A";11;"A";19;"A";87.37;"A";63.76;"A";60.68;"A"
"2025-01-25 20:00";6.21;"A";87.58;"A";1015.58;"A";549;"A";31;"A";0;"A";16;"A";15;"A";84.59;"A";61.72;"A";58.73;"A"
"2025-01-25 20:15";6.17;"A";87.75;"A";1015.82;"A";352;"A";30;"A";0;"A";13;"A";17;"A";81.9;"A";59.75;"A";56.85;"A"
"2025-01-25 20:30";6.14;"A";87.95;"A";1016.01;"A";245;"A";30;"A";0;"A";12;"A";18;"A";76.42;"A";55.74;"A";53.01;"A"
"2025-01-25 20:45";6.11;"A";87.94;"A";1016.17;"A";281;"A";30;"A";0;"A";12;"A";17;"A";73.82;"A";53.84;"A";51.19;"A"
"2025-01-25 21:00";6.17;"A";87.52;"A";1016.19;"A";297;"A";30;"A";0;"A";12;"A";18;"A";76.13;"A";55.52;"A";52.81;"A"
"2025-01-25 21:15";6.2;"A";87.45;"A";1016.18;"A";366;"A";29;"A";0;"A";12;"A";17;"A";79.37;"A";57.9;"A";55.08;"A"
"2025-01-25 21:30";6.17;"A";87.46;"A";1016.13;"A";310;"A";29;"A";0;"A";13;"A";16;"A";86.76;"A";63.31;"A";60.24;"A"
"2025-01-25 21:45";6.18;"A";87.5;"A";1016.12;"A";293;"A";30;"A";0;"A";13;"A";16;"A";97.43;"A";71.13;"A";67.72;"A"
"2025-01-25 22:00";6.14;"A";87.54;"A";1016.11;"A";293;"A";29;"A";0;"A";14;"A";15;"A";101.2;"A";73.89;"A";70.36;"A"
"2025-01-25 22:15";6.22;"A";87.23;"A";1016.09;"A";294;"A";29;"A";0;"A";15;"A";14;"A";91.87;"A";67.05;"A";63.82;"A"
"2025-01-25 22:30";6.33;"A";86.57;"A";1016.09;"A";296;"A";30;"A";0;"A";14;"A";16;"A";80.18;"A";58.49;"A";55.64;"A"
"2025-01-25 22:45";6.3;"A";86.77;"A";1016;"A";325;"A";31;"A";0;"A";16;"A";16;"A";80.81;"A";58.95;"A";56.08;"A"
"2025-01-25 23:00";6.26;"A";87.19;"A";1016.14;"A";312;"A";31;"A";0;"A";14;"A";17;"A";79.78;"A";58.2;"A";55.36;"A"
"2025-01-25 23:15";6.21;"A";87.88;"A";1016.09;"A";243;"A";30;"A";0;"A";12;"A";18;"A";73.69;"A";53.74;"A";51.1;"A"
"2025-01-25 23:30";6.15;"A";88.39;"A";1016.2;"A";226;"A";29;"A";0;"A";11;"A";17;"A";76.78;"A";56;"A";53.26;"A"
"2025-01-25 23:45";6.21;"A";88.42;"A";1016.37;"A";213;"A";27;"A";0;"A";9;"A";18;"A";76.67;"A";55.92;"A";53.18;"A"
"2025-01-26 00:00";6.2;"A";88.67;"A";1016.44;"A";199;"A";27;"A";1;"A";9;"A";18;"A";79.42;"A";57.94;"A";55.11;"A"
"2025-01-26 00:15";6.24;"A";88.83;"A";1016.53;"A";186;"A";27;"A";0;"A";8;"A";19;"A";83.58;"A";60.98;"A";58.02;"A"
"2025-01-26 00:30";6.29;"A";88.94;"A";1016.39;"A";194;"A";28;"A";0;"A";9;"A";19;"A";83.86;"A";61.19;"A";58.22;"A"
"2025-01-26 00:45";6.34;"A";89.13;"A";1016.45;"A";210;"A";28;"A";0;"A";10;"A";18;"A";93.19;"A";68.02;"A";64.75;"A"
"2025-01-26 01:00";6.37;"A";89.12;"A";1016.55;"A";207;"A";27;"A";0;"A";11;"A";16;"A";103.83;"A";75.82;"A";72.2;"A"
"2025-01-26 01:15";6.4;"A";89.15;"A";1016.47;"A";217;"A";26;"A";0;"A";11;"A";16;"A";105.22;"A";76.83;"A";73.17;"A"
"2025-01-26 01:30";6.44;"A";88.83;"A";1016.36;"A";233;"A";25;"A";0;"A";11;"A";14;"A";103.17;"A";75.33;"A";71.73;"A"
"2025-01-26 01:45";6.59;"A";88.55;"A";1016.31;"A";544;"A";26;"A";1;"A";11;"A";15;"A";98.84;"A";72.16;"A";68.7;"A"
"2025-01-26 02:00";6.7;"A";88.2;"A";1016.37;"A";485;"A";27;"A";0;"A";14;"A";13;"A";103.37;"A";75.48;"A";71.88;"A"
"2025-01-26 02:15";6.7;"A";88.88;"A";1016.25;"A";286;"A";30;"A";0;"A";19;"A";10;"A";108.63;"A";79.33;"A";75.55;"A"
"2025-01-26 02:30";6.68;"A";89.29;"A";1016.11;"A";261;"A";28;"A";0;"A";11;"A";16;"A";87.24;"A";63.66;"A";60.58;"A"
"2025-01-26 02:45";6.66;"A";89.27;"A";1016.05;"A";270;"A";26;"A";1;"A";7;"A";20;"A";67.15;"A";48.95;"A";46.52;"A"
"2025-01-26 03:00";6.61;"A";89.17;"A";1016.03;"A";430;"A";28;"A";1;"A";10;"A";18;"A";66.23;"A";48.27;"A";45.88;"A"
"2025-01-26 03:15";6.58;"A";88.6;"A";1015.96;"A";788;"A";31;"A";0;"A";10;"A";21;"A";44.11;"A";32.07;"A";30.39;"A"
"2025-01-26 03:30";6.58;"A";87.69;"A";1015.93;"A";371;"A";35;"A";0;"A";10;"A";25;"A";60.51;"A";44.08;"A";41.87;"A"
"2025-01-26 03:45";6.55;"A";88.36;"A";1015.94;"A";560;"A";36;"A";0;"A";11;"A";25;"A";95.24;"A";69.53;"A";66.18;"A"
"2025-01-26 04:00";6.6;"A";88.05;"A";1016.07;"A";489;"A";36;"A";0;"A";10;"A";26;"A";86;"A";62.75;"A";59.71;"A"
"2025-01-26 04:15";6.66;"A";87.79;"A";1016.09;"A";293;"A";36;"A";0;"A";8;"A";28;"A";66.85;"A";48.73;"A";46.31;"A"
"2025-01-26 04:30";6.7;"A";86.49;"A";1016.3;"A";556;"A";35;"A";0;"A";10;"A";25;"A";96.37;"A";70.35;"A";66.97;"A"
"2025-01-26 04:45";6.71;"A";85.08;"A";1016.47;"A";626;"A";35;"A";0;"A";12;"A";22;"A";98.32;"A";71.78;"A";68.34;"A"
"2025-01-26 05:00";6.72;"A";85.02;"A";1016.61;"A";421;"A";34;"A";0;"A";10;"A";24;"A";78.72;"A";57.42;"A";54.62;"A"
"2025-01-26 05:15";6.66;"A";84.94;"A";1016.67;"A";486;"A";34;"A";0;"A";12;"A";22;"A";82.12;"A";59.91;"A";57;"A"
"2025-01-26 05:30";6.58;"A";84.59;"A";1016.69;"A";410;"A";35;"A";0;"A";15;"A";20;"A";65.73;"A";47.91;"A";45.53;"A"
"2025-01-26 05:45";6.46;"A";85.42;"A";1016.72;"A";865;"A";36;"A";0;"A";20;"A";16;"A";68.67;"A";50.06;"A";47.58;"A"
"2025-01-26 06:00";6.28;"A";85.61;"A";1016.79;"A";563;"A";34;"A";0;"A";17;"A";17;"A";67.85;"A";49.46;"A";47.01;"A"
"2025-01-26 06:15";5.95;"A";86.08;"A";1016.88;"A";403;"A";29;"A";0;"A";9;"A";20;"A";60.54;"A";44.1;"A";41.89;"A"
"2025-01-26 06:30";5.64;"A";86.37;"A";1016.97;"A";487;"A";30;"A";0;"A";9;"A";21;"A";61.45;"A";44.77;"A";42.53;"A"
"2025-01-26 06:45";5.21;"A";86.34;"A";1016.93;"A";295;"A";30;"A";0;"A";7;"A";23;"A";50.66;"A";36.87;"A";34.98;"A"
"2025-01-26 07:00";4.83;"A";86.71;"A";1017.17;"A";335;"A";30;"A";0;"A";7;"A";23;"A";41.52;"A";30.17;"A";28.58;"A"
"2025-01-26 07:15";4.7;"A";87.05;"A";1017.3;"A";333;"A";30;"A";0;"A";7;"A";23;"A";41.9;"A";30.45;"A";28.85;"A"
"2025-01-26 07:30";4.59;"A";87.62;"A";1017.5;"A";280;"A";29;"A";0;"A";8;"A";22;"A";38.59;"A";28.02;"A";26.53;"A"
"2025-01-26 07:45";4.41;"A";87.59;"A";1017.63;"A";183;"A";30;"A";0;"A";7;"A";22;"A";34.01;"A";24.66;"A";23.32;"A"
"2025-01-26 08:00";4.27;"A";87.45;"A";1017.59;"A";254;"A";30;"A";0;"A";7;"A";23;"A";30.7;"A";22.24;"A";21;"A"
"2025-01-26 08:15";4.11;"A";87.53;"A";1017.53;"A";216;"A";30;"A";0;"A";6;"A";23;"A";28.23;"A";20.43;"A";19.28;"A"
"2025-01-26 08:30";4.1;"A";87.25;"A";1017.65;"A";287;"A";29;"A";0;"A";7;"A";22;"A";34;"A";24.66;"A";23.31;"A"
"2025-01-26 08:45";4.15;"A";87.49;"A";1017.71;"A";246;"A";29;"A";0;"A";7;"A";22;"A";46.01;"A";33.46;"A";31.72;"A"
"2025-01-26 09:00";4.24;"A";86.81;"A";1017.65;"A";352;"A";28;"A";0;"A";8;"A";21;"A";49.36;"A";35.91;"A";34.07;"A"
"2025-01-26 09:15";4.32;"A";86.29;"A";1017.74;"A";419;"A";28;"A";0;"A";8;"A";20;"A";51.95;"A";37.81;"A";35.88;"A"
"2025-01-26 09:30";4.34;"A";86.01;"A";1017.75;"A";285;"A";29;"A";0;"A";7;"A";21;"A";25.92;"A";18.74;"A";17.66;"A"
"2025-01-26 09:45";4.42;"A";86.21;"A";1017.84;"A";348;"A";29;"A";0;"A";7;"A";22;"A";27.85;"A";20.15;"A";19.01;"A"
"2025-01-26 10:00";4.57;"A";86.37;"A";1017.87;"A";346;"A";29;"A";0;"A";8;"A";21;"A";34.79;"A";25.24;"A";23.87;"A"
"2025-01-26 10:15";4.66;"A";86.42;"A";1017.94;"A";238;"A";29;"A";0;"A";7;"A";22;"A";40.22;"A";29.22;"A";27.67;"A"
"2025-01-26 10:30";4.78;"A";85.95;"A";1018.03;"A";200;"A";29;"A";0;"A";7;"A";22;"A";32.05;"A";23.23;"A";21.95;"A"
"2025-01-26 10:45";4.92;"A";86.01;"A";1017.87;"A";255;"A";29;"A";0;"A";8;"A";22;"A";38.11;"A";27.67;"A";26.2;"A"
"2025-01-26 11:00";5.01;"A";85.44;"A";1017.89;"A";197;"A";30;"A";0;"A";6;"A";24;"A";27.51;"A";19.91;"A";18.77;"A"
"2025-01-26 11:15";5.17;"A";85.55;"A";1017.52;"A";204;"A";30;"A";0;"A";7;"A";23;"A";33.98;"A";24.64;"A";23.3;"A"
"2025-01-26 11:30";5.23;"A";84.44;"A";1017.2;"A";292;"A";30;"A";0;"A";6;"A";23;"A";33;"A";23.93;"A";22.62;"A"
"2025-01-26 11:45";5.34;"A";84.74;"A";1017.06;"A";644;"A";31;"A";0;"A";7;"A";24;"A";45.99;"A";33.44;"A";31.71;"A"
"2025-01-26 12:00";5.42;"A";84.29;"A";1016.85;"A";513;"A";30;"A";0;"A";7;"A";24;"A";48.16;"A";35.03;"A";33.23;"A"
"2025-01-26 12:15";5.47;"A";84.02;"A";1016.7;"A";404;"A";31;"A";0;"A";7;"A";24;"A";40.81;"A";29.65;"A";28.08;"A"
"2025-01-26 12:30";5.4;"A";84.9;"A";1016.66;"A";354;"A";31;"A";0;"A";7;"A";24;"A";39.48;"A";28.67;"A";27.15;"A"
"2025-01-26 12:45";5.22;"A";85.3;"A";1016.66;"A";365;"A";32;"A";0;"A";8;"A";24;"A";39.56;"A";28.74;"A";27.21;"A"
"2025-01-26 13:00";5.06;"A";85.29;"A";1016.66;"A";449;"A";31;"A";0;"A";7;"A";24;"A";32.4;"A";23.49;"A";22.2;"A"
"2025-01-26 13:15";5.09;"A";84.98;"A";1016.34;"A";333;"A";33;"A";0;"A";7;"A";26;"A";31.26;"A";22.65;"A";21.4;"A"
"2025-01-26 13:30";5.14;"A";85.42;"A";1016.18;"A";180;"A";32;"A";0;"A";9;"A";23;"A";78.09;"A";56.96;"A";54.18;"A"
"2025-01-26 13:45";5.17;"A";85.32;"A";1016.28;"A";171;"A";33;"A";0;"A";7;"A";26;"A";36.57;"A";26.54;"A";25.11;"A"
"2025-01-26 14:00";5.16;"A";85.71;"A";1016.34;"A";288;"A";32;"A";0;"A";7;"A";25;"A";32.71;"A";23.71;"A";22.41;"A"
"2025-01-26 14:15";5.18;"A";85.66;"A";1016.28;"A";522;"A";32;"A";0;"A";7;"A";25;"A";41.24;"A";29.97;"A";28.39;"A"
"2025-01-26 14:30";5.24;"A";85.85;"A";1016.14;"A";1106;"A";33;"A";0;"A";7;"A";25;"A";34.32;"A";24.9;"A";23.54;"A"
"2025-01-26 14:45";5.3;"A";85.95;"A";1016.16;"A";181;"A";33;"A";0;"A";6;"A";26;"A";28.45;"A";20.59;"A";19.43;"A"
"2025-01-26 15:00";5.42;"A";85.9;"A";1015.92;"A";228;"A";33;"A";0;"A";7;"A";26;"A";31.92;"A";23.14;"A";21.86;"A"
"2025-01-26 15:15";5.44;"A";85.91;"A";1015.88;"A";920;"A";34;"A";0;"A";10;"A";24;"A";37.07;"A";26.91;"A";25.47;"A"
"2025-01-26 15:30";5.49;"A";85.94;"A";1015.81;"A";523;"A";34;"A";0;"A";9;"A";25;"A";47.99;"A";34.91;"A";33.11;"A"
"2025-01-26 15:45";5.4;"A";86.52;"A";1015.8;"A";155;"A";34;"A";0;"A";8;"A";26;"A";41.21;"A";29.94;"A";28.36;"A"
"2025-01-26 16:00";5.32;"A";86.86;"A";1015.56;"A";275;"A";35;"A";0;"A";9;"A";26;"A";48.71;"A";35.44;"A";33.61;"A"
"2025-01-26 16:15";5.28;"A";86.95;"A";1015.61;"A";749;"A";35;"A";0;"A";8;"A";27;"A";36.13;"A";26.22;"A";24.8;"A"
"2025-01-26 16:30";5.34;"A";87.01;"A";1015.66;"A";302;"A";35;"A";0;"A";9;"A";27;"A";38.61;"A";28.04;"A";26.54;"A"
"2025-01-26 16:45";5.35;"A";87.54;"A";1015.61;"A";201;"A";36;"A";0;"A";12;"A";24;"A";39.31;"A";28.55;"A";27.03;"A"
"2025-01-26 17:00";5.38;"A";87.93;"A";1015.72;"A";238;"A";35;"A";0;"A";12;"A";23;"A";40.11;"A";29.14;"A";27.59;"A"
"2025-01-26 17:15";5.38;"A";87.66;"A";1015.74;"A";217;"A";35;"A";0;"A";9;"A";26;"A";47.98;"A";34.91;"A";33.1;"A"
"2025-01-26 17:30";5.34;"A";87.9;"A";1015.8;"A";200;"A";35;"A";0;"A";9;"A";26;"A";45.86;"A";33.35;"A";31.62;"A"
"2025-01-26 17:45";5.36;"A";88.22;"A";1015.85;"A";206;"A";35;"A";0;"A";11;"A";24;"A";43.65;"A";31.73;"A";30.07;"A"
"2025-01-26 18:00";5.31;"A";88.41;"A";1015.8;"A";477;"A";36;"A";0;"A";12;"A";24;"A";52.2;"A";38;"A";36.06;"A"
"2025-01-26 18:15";5.3;"A";88.9;"A";1015.9;"A";1212;"A";35;"A";0;"A";12;"A";23;"A";43.02;"A";31.27;"A";29.63;"A"
"2025-01-26 18:30";5.31;"A";89.09;"A";1015.97;"A";532;"A";35;"A";0;"A";14;"A";22;"A";40.81;"A";29.65;"A";28.08;"A"
"2025-01-26 18:45";5.47;"A";88.59;"A";1016.04;"A";274;"A";36;"A";0;"A";14;"A";22;"A";41.86;"A";30.42;"A";28.82;"A"
"2025-01-26 19:00";5.47;"A";87.72;"A";1016.07;"A";361;"A";35;"A";0;"A";12;"A";23;"A";52.81;"A";38.44;"A";36.48;"A"
"2025-01-26 19:15";5.54;"A";87.62;"A";1016.05;"A";363;"A";36;"A";0;"A";11;"A";25;"A";54.81;"A";39.91;"A";37.88;"A"
"2025-01-26 19:30";5.55;"A";87.97;"A";1015.97;"A";368;"A";36;"A";0;"A";13;"A";23;"A";40.94;"A";29.75;"A";28.18;"A"
"2025-01-26 19:45";5.57;"A";87.62;"A";1015.88;"A";314;"A";37;"A";0;"A";15;"A";22;"A";42.04;"A";30.55;"A";28.94;"A"
"2025-01-26 20:00";5.58;"A";87.93;"A";1015.95;"A";1298;"A";37;"A";0;"A";15;"A";22;"A";44.76;"A";32.54;"A";30.85;"A"
"2025-01-26 20:15";5.6;"A";87.86;"A";1015.95;"A";1374;"A";36;"A";0;"A";13;"A";23;"A";58.27;"A";42.44;"A";40.31;"A"
"2025-01-26 20:30";5.56;"A";87.76;"A";1015.92;"A";322;"A";35;"A";0;"A";9;"A";26;"A";40.7;"A";29.57;"A";28;"A"
"2025-01-26 20:45";5.52;"A";87.85;"A";1015.99;"A";287;"A";36;"A";0;"A";13;"A";23;"A";36.39;"A";26.41;"A";24.99;"A"
"2025-01-26 21:00";5.5;"A";87.94;"A";1015.82;"A";1181;"A";36;"A";0;"A";12;"A";24;"A";34.85;"A";25.28;"A";23.91;"A"
"2025-01-26 21:15";5.52;"A";87.92;"A";1015.8;"A";530;"A";35;"A";0;"A";10;"A";25;"A";47.12;"A";34.27;"A";32.5;"A"
"2025-01-26 21:30";5.47;"A";88;"A";1015.85;"A";481;"A";33;"A";0;"A";8;"A";25;"A";57.21;"A";41.66;"A";39.56;"A"
"2025-01-26 21:45";5.27;"A";87.65;"A";1015.78;"A";521;"A";32;"A";0;"A";7;"A";25;"A";51.72;"A";37.64;"A";35.72;"A"
"2025-01-26 22:00";5.18;"A";87.69;"A";1015.68;"A";629;"A";32;"A";0;"A";7;"A";25;"A";34.42;"A";24.97;"A";23.61;"A"
"2025-01-26 22:15";5.09;"A";87.4;"A";1015.57;"A";368;"A";32;"A";0;"A";7;"A";26;"A";27.34;"A";19.78;"A";18.66;"A"
"2025-01-26 22:30";5.13;"A";87.46;"A";1015.55;"A";579;"A";33;"A";0;"A";7;"A";26;"A";27.56;"A";19.94;"A";18.8;"A"
"2025-01-26 22:45";5.18;"A";87.4;"A";1015.41;"A";575;"A";33;"A";0;"A";7;"A";26;"A";37.72;"A";27.39;"A";25.92;"A"
"2025-01-26 23:00";5.11;"A";87.05;"A";1015.4;"A";555;"A";31;"A";0;"A";6;"A";25;"A";39.37;"A";28.59;"A";27.07;"A"
"2025-01-26 23:15";4.79;"A";86.35;"A";1015.48;"A";461;"A";31;"A";0;"A";6;"A";25;"A";41.63;"A";30.25;"A";28.66;"A"
"2025-01-26 23:30";4.43;"A";86.71;"A";1015.77;"A";521;"A";31;"A";0;"A";6;"A";24;"A";43.39;"A";31.54;"A";29.89;"A"
"2025-01-26 23:45";4.1;"A";86.98;"A";1015.81;"A";413;"A";30;"A";0;"A";6;"A";24;"A";25.89;"A";18.72;"A";17.64;"A"
"2025-01-27 00:00";3.89;"A";86.33;"A";1015.77;"A";315;"A";30;"A";0;"A";7;"A";23;"A";51.89;"A";37.77;"A";35.84;"A"
"2025-01-27 00:15";3.49;"A";85.93;"A";1015.67;"A";251;"A";30;"A";0;"A";6;"A";24;"A";37.27;"A";27.06;"A";25.61;"A"
"2025-01-27 00:30";3.29;"A";86.31;"A";1015.52;"A";319;"A";31;"A";0;"A";6;"A";25;"A";30.32;"A";21.96;"A";20.74;"A"
"2025-01-27 00:45";3.31;"A";86.82;"A";1015.58;"A";416;"A";31;"A";0;"A";6;"A";24;"A";27.97;"A";20.24;"A";19.1;"A"
"2025-01-27 01:00";3.23;"A";86.6;"A";1015.53;"A";246;"A";30;"A";0;"A";5;"A";24;"A";30.31;"A";21.96;"A";20.73;"A"
"2025-01-27 01:15";3.2;"A";86.56;"A";1015.35;"A";380;"A";30;"A";0;"A";6;"A";24;"A";39.32;"A";28.56;"A";27.04;"A"
"2025-01-27 01:30";3.26;"A";86.4;"A";1015.27;"A";373;"A";30;"A";0;"A";6;"A";24;"A";35.73;"A";25.93;"A";24.52;"A"
"2025-01-27 01:45";3.27;"A";86.69;"A";1015.09;"A";410;"A";30;"A";0;"A";6;"A";24;"A";30.78;"A";22.3;"A";21.06;"A"
"2025-01-27 02:00";3.29;"A";86.7;"A";1015.08;"A";247;"A";30;"A";0;"A";7;"A";23;"A";64.96;"A";47.34;"A";44.99;"A"
"2025-01-27 02:15";3.31;"A";86.77;"A";1015.06;"A";271;"A";31;"A";0;"A";6;"A";24;"A";37.59;"A";27.29;"A";25.83;"A"
"2025-01-27 02:30";3.38;"A";86.76;"A";1015.04;"A";250;"A";31;"A";0;"A";6;"A";25;"A";26.53;"A";19.19;"A";18.08;"A"
"2025-01-27 02:45";3.47;"A";86.76;"A";1014.79;"A";300;"A";32;"A";0;"A";6;"A";26;"A";32.23;"A";23.36;"A";22.07;"A"
"2025-01-27 03:00";3.57;"A";86.52;"A";1014.84;"A";470;"A";32;"A";0;"A";6;"A";26;"A";43.33;"A";31.5;"A";29.85;"A"
"2025-01-27 03:15";3.58;"A";86.84;"A";1014.91;"A";276;"A";33;"A";0;"A";7;"A";26;"A";41.91;"A";30.45;"A";28.85;"A"
"2025-01-27 03:30";3.67;"A";87.1;"A";1014.81;"A";280;"A";33;"A";0;"A";8;"A";25;"A";45.94;"A";33.4;"A";31.67;"A"
"2025-01-27 03:45";3.83;"A";86.95;"A";1014.51;"A";627;"A";32;"A";0;"A";9;"A";24;"A";66.24;"A";48.28;"A";45.88;"A"
"2025-01-27 04:00";3.96;"A";86.83;"A";1014.21;"A";400;"A";32;"A";0;"A";9;"A";24;"A";33.26;"A";24.12;"A";22.8;"A"
"2025-01-27 04:15";4.09;"A";86.69;"A";1014.18;"A";1031;"A";32;"A";0;"A";11;"A";21;"A";51.35;"A";37.37;"A";35.46;"A"
"2025-01-27 04:30";4.23;"A";86.48;"A";1014.07;"A";805;"A";33;"A";0;"A";9;"A";24;"A";32.93;"A";23.87;"A";22.56;"A"
"2025-01-27 04:45";4.32;"A";86.2;"A";1013.88;"A";425;"A";32;"A";0;"A";8;"A";24;"A";36.84;"A";26.74;"A";25.3;"A"
"2025-01-27 05:00";4.43;"A";85.78;"A";1013.71;"A";450;"A";33;"A";0;"A";9;"A";24;"A";45.41;"A";33.02;"A";31.3;"A"
"2025-01-27 05:15";4.61;"A";85.61;"A";1013.73;"A";1733;"A";33;"A";0;"A";10;"A";24;"A";70.63;"A";51.5;"A";48.96;"A"
"2025-01-27 05:30";4.74;"A";85.34;"A";1013.69;"A";613;"A";34;"A";0;"A";12;"A";23;"A";63.16;"A";46.03;"A";43.73;"A"
"2025-01-27 05:45";4.61;"A";85.25;"A";1013.54;"A";402;"A";33;"A";0;"A";8;"A";25;"A";49.97;"A";36.36;"A";34.49;"A"
"2025-01-27 06:00";4.43;"A";85.42;"A";1013.59;"A";570;"A";32;"A";0;"A";8;"A";24;"A";48.28;"A";35.12;"A";33.31;"A"
"2025-01-27 06:15";4.39;"A";85.61;"A";1013.59;"A";469;"A";32;"A";0;"A";9;"A";24;"A";39.66;"A";28.81;"A";27.28;"A"
"2025-01-27 06:30";4.35;"A";85.84;"A";1013.52;"A";364;"A";32;"A";0;"A";9;"A";23;"A";33.17;"A";24.06;"A";22.74;"A"
"2025-01-27 06:45";4.38;"A";86.16;"A";1013.51;"A";346;"A";33;"A";0;"A";13;"A";20;"A";31.2;"A";22.61;"A";21.35;"A"
"2025-01-27 07:00";4.42;"A";85.98;"A";1013.59;"A";827;"A";33;"A";0;"A";12;"A";21;"A";30.77;"A";22.3;"A";21.06;"A"
"2025-01-27 07:15";4.4;"A";86.02;"A";1013.57;"A";1846;"A";34;"A";0;"A";14;"A";20;"A";28.09;"A";20.33;"A";19.18;"A"
"2025-01-27 07:30";4.38;"A";86;"A";1013.71;"A";742;"A";34;"A";0;"A";15;"A";18;"A";25.66;"A";18.55;"A";17.48;"A"
"2025-01-27 07:45";4.36;"A";85.67;"A";1013.69;"A";953;"A";34;"A";0;"A";16;"A";18;"A";44.77;"A";32.55;"A";30.86;"A"
"2025-01-27 08:00";4.26;"A";85.49;"A";1013.95;"A";875;"A";32;"A";0;"A";10;"A";22;"A";35.58;"A";25.82;"A";24.42;"A"
"2025-01-27 08:15";4.29;"A";85.12;"A";1013.84;"A";1585;"A";34;"A";0;"A";14;"A";20;"A";30.99;"A";22.46;"A";21.21;"A"
"2025-01-27 08:30";4.2;"A";84.75;"A";1013.7;"A";923;"A";33;"A";0;"A";11;"A";22;"A";30.48;"A";22.08;"A";20.85;"A"
"2025-01-27 08:45";4.1;"A";84.69;"A";1013.56;"A";566;"A";33;"A";0;"A";12;"A";22;"A";27.63;"A";19.99;"A";18.85;"A"
"2025-01-27 09:00";4.17;"A";84.71;"A";1013.67;"A";2983;"A";33;"A";0;"A";13;"A";20;"A";29.2;"A";21.15;"A";19.96;"A"
"2025-01-27 09:15";4.21;"A";84.53;"A";1013.72;"A";616;"A";32;"A";0;"A";10;"A";22;"A";37.29;"A";27.07;"A";25.62;"A"
"2025-01-27 09:30";4.1;"A";84.61;"A";1013.66;"A";348;"A";33;"A";0;"A";14;"A";19;"A";31.31;"A";22.69;"A";21.43;"A"
"2025-01-27 09:45";3.99;"A";85.25;"A";1013.66;"A";1191;"A";34;"A";0;"A";16;"A";18;"A";48.55;"A";35.32;"A";33.5;"A"
"2025-01-27 10:00";3.82;"A";85.9;"A";1013.66;"A";575;"A";33;"A";0;"A";14;"A";19;"A";30.39;"A";22.02;"A";20.79;"A"
"2025-01-27 10:15";3.8;"A";86.26;"A";1013.5;"A";506;"A";34;"A";0;"A";15;"A";19;"A";38.56;"A";28;"A";26.51;"A"
"2025-01-27 10:30";3.86;"A";86.33;"A";1013.55;"A";467;"A";33;"A";0;"A";16;"A";18;"A";45.18;"A";32.85;"A";31.14;"A"
"2025-01-27 10:45";3.81;"A";86.49;"A";1013.71;"A";1260;"A";33;"A";0;"A";13;"A";19;"A";43.19;"A";31.39;"A";29.75;"A"
"2025-01-27 11:00";3.88;"A";86.81;"A";1013.77;"A";566;"A";33;"A";0;"A";14;"A";19;"A";52.68;"A";38.35;"A";36.39;"A"
"2025-01-27 11:15";4.12;"A";86.88;"A";1013.6;"A";635;"A";34;"A";0;"A";16;"A";18;"A";62.82;"A";45.78;"A";43.49;"A"
"2025-01-27 11:30";4.4;"A";85.84;"A";1013.45;"A";644;"A";33;"A";0;"A";17;"A";17;"A";47.42;"A";34.49;"A";32.71;"A"
"2025-01-27 11:45";4.68;"A";85.39;"A";1013.35;"A";755;"A";34;"A";0;"A";17;"A";18;"A";44.96;"A";32.69;"A";30.98;"A"
"2025-01-27 12:00";5.18;"A";84.79;"A";1013.18;"A";1319;"A";34;"A";0;"A";15;"A";19;"A";63.57;"A";46.32;"A";44.02;"A"
"2025-01-27 12:15";5.36;"A";84.29;"A";1013.15;"A";816;"A";33;"A";0;"A";12;"A";21;"A";40.76;"A";29.62;"A";28.05;"A"
"2025-01-27 12:30";5.41;"A";84.46;"A";1013.5;"A";546;"A";34;"A";0;"A";11;"A";23;"A";28.73;"A";20.8;"A";19.62;"A"
"2025-01-27 12:45";5.57;"A";84.69;"A";1013.47;"A";387;"A";34;"A";0;"A";14;"A";21;"A";34.73;"A";25.2;"A";23.83;"A"
"2025-01-27 13:00";5.81;"A";84.88;"A";1013.42;"A";1232;"A";36;"A";0;"A";17;"A";19;"A";55.46;"A";40.38;"A";38.34;"A"
"2025-01-27 13:15";5.98;"A";84.74;"A";1013.37;"A";1181;"A";35;"A";0;"A";17;"A";18;"A";52.27;"A";38.04;"A";36.1;"A"
"2025-01-27 13:30";6.17;"A";84.92;"A";1012.91;"A";711;"A";36;"A";0;"A";18;"A";18;"A";57.94;"A";42.2;"A";40.07;"A"
"2025-01-27 13:45";6.56;"A";83.99;"A";1012.64;"A";628;"A";37;"A";0;"A";20;"A";17;"A";51.78;"A";37.69;"A";35.76;"A"
"2025-01-27 14:00";6.88;"A";82.9;"A";1012.62;"A";1519;"A";36;"A";0;"A";16;"A";21;"A";46.35;"A";33.71;"A";31.96;"A"
"2025-01-27 14:15";6.99;"A";82.64;"A";1012.52;"A";1010;"A";37;"A";0;"A";15;"A";23;"A";45.11;"A";32.8;"A";31.09;"A"
"2025-01-27 14:30";7.11;"A";81.66;"A";1012.43;"A";442;"A";38;"A";0;"A";14;"A";24;"A";39.67;"A";28.82;"A";27.29;"A"
"2025-01-27 14:45";7.25;"A";81.58;"A";1012.38;"A";486;"A";38;"A";0;"A";16;"A";22;"A";40.03;"A";29.08;"A";27.54;"A"
"2025-01-27 15:00";7.15;"A";81.65;"A";1012.1;"A";1211;"A";37;"A";0;"A";14;"A";24;"A";44.73;"A";32.52;"A";30.82;"A"
"2025-01-27 15:15";6.71;"A";82.65;"A";1012.05;"A";410;"A";34;"A";0;"A";8;"A";26;"A";29.3;"A";21.22;"A";20.03;"A"
"2025-01-27 15:30";6.35;"A";83.66;"A";1011.88;"A";302;"A";34;"A";0;"A";8;"A";25;"A";41.21;"A";29.94;"A";28.36;"A"
"2025-01-27 15:45";5.99;"A";84.54;"A";1011.73;"A";205;"A";33;"A";0;"A";9;"A";24;"A";55.23;"A";40.21;"A";38.17;"A"
"2025-01-27 16:00";5.66;"A";84.75;"A";1011.79;"A";215;"A";33;"A";0;"A";7;"A";26;"A";43.59;"A";31.69;"A";30.03;"A"
"2025-01-27 16:15";5.41;"A";83.9;"A";1011.94;"A";213;"A";34;"A";0;"A";11;"A";24;"A";77.79;"A";56.74;"A";53.97;"A"
"2025-01-27 16:30";5.12;"A";84.44;"A";1011.77;"A";198;"A";34;"A";0;"A";15;"A";20;"A";107.83;"A";78.75;"A";74.99;"A"
"2025-01-27 16:45";4.91;"A";85.2;"A";1011.7;"A";298;"A";33;"A";0;"A";18;"A";16;"A";160.95;"A";117.66;"A";112.18;"A"
"2025-01-27 17:00";4.78;"A";85.14;"A";1011.47;"A";279;"A";32;"A";0;"A";17;"A";15;"A";125.1;"A";91.4;"A";87.08;"A"
"2025-01-27 17:15";4.64;"A";85.39;"A";1011.34;"A";196;"A";31;"A";0;"A";15;"A";16;"A";82.17;"A";59.95;"A";57.03;"A"
"2025-01-27 17:30";4.57;"A";85.52;"A";1011.35;"A";208;"A";32;"A";0;"A";14;"A";18;"A";97.61;"A";71.26;"A";67.84;"A"
"2025-01-27 17:45";4.44;"A";85.62;"A";1011.48;"A";204;"A";32;"A";0;"A";15;"A";17;"A";97.09;"A";70.88;"A";67.48;"A"
"2025-01-27 18:00";4.46;"A";85.94;"A";1011.3;"A";169;"A";31;"A";0;"A";13;"A";18;"A";68.79;"A";50.15;"A";47.67;"A"
"2025-01-27 18:15";4.32;"A";86.62;"A";1011.37;"A";183;"A";30;"A";0;"A";13;"A";18;"A";85.67;"A";62.51;"A";59.48;"A"
"2025-01-27 18:30";4.38;"A";86.14;"A";1011.43;"A";243;"A";31;"A";0;"A";13;"A";18;"A";155.89;"A";113.96;"A";108.64;"A"
"2025-01-27 18:45";4.34;"A";86.41;"A";1011.55;"A";214;"A";30;"A";0;"A";10;"A";19;"A";119.05;"A";86.97;"A";82.85;"A"
"2025-01-27 19:00";4.39;"A";86.4;"A";1011.49;"A";190;"A";29;"A";0;"A";10;"A";19;"A";113.94;"A";83.23;"A";79.28;"A"
"2025-01-27 19:15";4.41;"A";86.3;"A";1011.5;"A";194;"A";29;"A";0;"A";11;"A";18;"A";97.55;"A";71.22;"A";67.8;"A"
"2025-01-27 19:30";4.39;"A";86.2;"A";1011.28;"A";210;"A";29;"A";0;"A";10;"A";18;"A";100.16;"A";73.13;"A";69.63;"A"
"2025-01-27 19:45";4.35;"A";86.41;"A";1011.19;"A";231;"A";29;"A";0;"A";11;"A";18;"A";129.74;"A";94.8;"A";90.34;"A"
"2025-01-27 20:00";4.3;"A";86.54;"A";1010.98;"A";243;"A";29;"A";0;"A";12;"A";18;"A";119.24;"A";87.11;"A";82.98;"A"
"2025-01-27 20:15";4.23;"A";86.86;"A";1010.98;"A";231;"A";30;"A";0;"A";13;"A";17;"A";119.83;"A";87.54;"A";83.4;"A"
"2025-01-27 20:30";4.25;"A";86.69;"A";1011.02;"A";275;"A";30;"A";0;"A";13;"A";17;"A";138.9;"A";101.51;"A";96.74;"A"
"2025-01-27 20:45";4.21;"A";86.76;"A";1010.96;"A";327;"A";30;"A";0;"A";15;"A";15;"A";189.93;"A";138.9;"A";132.47;"A"
"2025-01-27 21:00";4.19;"A";85.88;"A";1010.99;"A";299;"A";29;"A";1;"A";12;"A";17;"A";165.86;"A";121.26;"A";115.62;"A"
"2025-01-27 21:15";4.19;"A";85.81;"A";1010.91;"A";239;"A";29;"A";0;"A";12;"A";17;"A";168.67;"A";123.32;"A";117.58;"A"
"2025-01-27 21:30";4.07;"A";86.71;"A";1010.89;"A";187;"A";29;"A";0;"A";12;"A";17;"A";136.92;"A";100.06;"A";95.36;"A"
"2025-01-27 21:45";4.13;"A";85.79;"A";1011;"A";294;"A";29;"A";0;"A";13;"A";16;"A";191.41;"A";139.98;"A";133.5;"A"
"2025-01-27 22:00";4.14;"A";85.47;"A";1011.02;"A";278;"A";29;"A";1;"A";13;"A";17;"A";188.41;"A";137.78;"A";131.4;"A"
"2025-01-27 22:15";4.07;"A";85.59;"A";1010.94;"A";255;"A";30;"A";1;"A";12;"A";17;"A";163.38;"A";119.45;"A";113.88;"A"
"2025-01-27 22:30";4.04;"A";85.39;"A";1010.83;"A";264;"A";29;"A";1;"A";10;"A";19;"A";134.48;"A";98.27;"A";93.65;"A"
"2025-01-27 22:45";3.9;"A";85.54;"A";1010.85;"A";185;"A";30;"A";1;"A";8;"A";22;"A";84.75;"A";61.84;"A";58.84;"A"
"2025-01-27 23:00";3.97;"A";85.84;"A";1010.94;"A";284;"A";29;"A";1;"A";12;"A";18;"A";182.89;"A";133.74;"A";127.54;"A"
"2025-01-27 23:15";3.99;"A";85.49;"A";1010.96;"A";346;"A";29;"A";1;"A";8;"A";20;"A";79.8;"A";58.21;"A";55.37;"A"
"2025-01-27 23:30";4;"A";85.7;"A";1010.95;"A";308;"A";30;"A";0;"A";8;"A";22;"A";52.83;"A";38.46;"A";36.5;"A"
"2025-01-27 23:45";4.08;"A";85.84;"A";1010.76;"A";336;"A";30;"A";0;"A";8;"A";22;"A";90.39;"A";65.97;"A";62.79;"A"
"2025-01-28 00:00";4.07;"A";86.06;"A";1010.65;"A";380;"A";29;"A";1;"A";7;"A";22;"A";71.44;"A";52.09;"A";49.52;"A"
"2025-01-28 00:15";4.19;"A";86.16;"A";1010.56;"A";335;"A";29;"A";1;"A";8;"A";21;"A";105.9;"A";77.33;"A";73.65;"A"
"2025-01-28 00:30";4.27;"A";85.85;"A";1010.46;"A";323;"A";29;"A";1;"A";10;"A";18;"A";185.25;"A";135.46;"A";129.19;"A"
"2025-01-28 00:45";4.2;"A";85.73;"A";1010.34;"A";376;"A";29;"A";1;"A";8;"A";21;"A";111.95;"A";81.77;"A";77.88;"A"
"2025-01-28 01:00";4.16;"A";86.18;"A";1010.26;"A";358;"A";29;"A";1;"A";8;"A";22;"A";54.63;"A";39.78;"A";37.76;"A"
"2025-01-28 01:15";4.14;"A";86.37;"A";1010.17;"A";376;"A";29;"A";0;"A";9;"A";20;"A";65.04;"A";47.4;"A";45.04;"A"
"2025-01-28 01:30";4.12;"A";86.21;"A";1010.08;"A";308;"A";29;"A";1;"A";9;"A";20;"A";92.49;"A";67.51;"A";64.26;"A"
"2025-01-28 01:45";4.13;"A";85.94;"A";1010.08;"A";307;"A";29;"A";1;"A";8;"A";20;"A";76.47;"A";55.77;"A";53.04;"A"
"2025-01-28 02:00";4.13;"A";85.84;"A";1010;"A";284;"A";29;"A";1;"A";8;"A";21;"A";71.17;"A";51.89;"A";49.33;"A"
"2025-01-28 02:15";4.19;"A";85.86;"A";1010;"A";303;"A";28;"A";1;"A";9;"A";19;"A";127.16;"A";92.91;"A";88.53;"A"
"2025-01-28 02:30";4.18;"A";86.02;"A";1009.98;"A";196;"A";29;"A";0;"A";12;"A";17;"A";110.77;"A";80.9;"A";77.05;"A"
"2025-01-28 02:45";4.19;"A";86.72;"A";1010.04;"A";219;"A";29;"A";0;"A";12;"A";17;"A";94.95;"A";69.31;"A";65.98;"A"
"2025-01-28 03:00";4.29;"A";87.49;"A";1009.94;"A";363;"A";29;"A";1;"A";9;"A";20;"A";111.68;"A";81.57;"A";77.69;"A"
"2025-01-28 03:15";4.36;"A";87.56;"A";1009.92;"A";332;"A";29;"A";1;"A";9;"A";20;"A";129.36;"A";94.52;"A";90.06;"A"
"2025-01-28 03:30";4.41;"A";87.63;"A";1009.76;"A";268;"A";29;"A";1;"A";10;"A";19;"A";114.82;"A";83.87;"A";79.89;"A"
"2025-01-28 03:45";4.56;"A";87.96;"A";1009.83;"A";318;"A";29;"A";1;"A";9;"A";21;"A";113.36;"A";82.8;"A";78.87;"A"
"2025-01-28 04:00";4.72;"A";88.17;"A";1009.86;"A";429;"A";30;"A";1;"A";7;"A";23;"A";82.41;"A";60.13;"A";57.2;"A"
"2025-01-28 04:15";4.81;"A";88.37;"A";1009.78;"A";462;"A";31;"A";0;"A";8;"A";23;"A";46.2;"A";33.6;"A";31.85;"A"
"2025-01-28 04:30";4.95;"A";88;"A";1009.54;"A";466;"A";31;"A";0;"A";8;"A";24;"A";37.17;"A";26.98;"A";25.53;"A"
"2025-01-28 04:45";5.12;"A";87.85;"A";1009.35;"A";452;"A";32;"A";0;"A";8;"A";24;"A";51.66;"A";37.6;"A";35.68;"A"
"2025-01-28 05:00";5.25;"A";87.83;"A";1009.28;"A";570;"A";32;"A";0;"A";9;"A";23;"A";69.89;"A";50.96;"A";48.44;"A"
"2025-01-28 05:15";5.32;"A";87.84;"A";1009.3;"A";409;"A";32;"A";1;"A";6;"A";25;"A";43.99;"A";31.98;"A";30.31;"A"
"2025-01-28 05:30";5.39;"A";87.99;"A";1009.23;"A";316;"A";32;"A";0;"A";6;"A";26;"A";43.03;"A";31.28;"A";29.64;"A"
"2025-01-28 05:45";5.53;"A";87.94;"A";1009.23;"A";485;"A";33;"A";0;"A";8;"A";25;"A";52.54;"A";38.24;"A";36.29;"A"
"2025-01-28 06:00";5.67;"A";87.77;"A";1009.22;"A";872;"A";34;"A";0;"A";9;"A";25;"A";59.66;"A";43.46;"A";41.28;"A"
"2025-01-28 06:15";5.74;"A";87.4;"A";1009.38;"A";1083;"A";33;"A";0;"A";9;"A";24;"A";52.58;"A";38.27;"A";36.32;"A"
"2025-01-28 06:30";5.84;"A";87.2;"A";1009.48;"A";868;"A";33;"A";0;"A";10;"A";24;"A";59.04;"A";43;"A";40.84;"A"
"2025-01-28 06:45";5.91;"A";86.87;"A";1009.41;"A";791;"A";34;"A";0;"A";9;"A";24;"A";57.14;"A";41.61;"A";39.51;"A"
"2025-01-28 07:00";5.91;"A";87.02;"A";1009.49;"A";700;"A";34;"A";0;"A";11;"A";23;"A";63.56;"A";46.32;"A";44.01;"A"
"2025-01-28 07:15";5.95;"A";86.95;"A";1009.59;"A";756;"A";34;"A";0;"A";8;"A";26;"A";46.71;"A";33.97;"A";32.21;"A"
"2025-01-28 07:30";5.96;"A";86.86;"A";1009.63;"A";745;"A";34;"A";0;"A";8;"A";26;"A";43.82;"A";31.86;"A";30.19;"A"
"2025-01-28 07:45";6;"A";86.55;"A";1009.67;"A";1049;"A";34;"A";0;"A";9;"A";25;"A";47.33;"A";34.43;"A";32.65;"A"
"2025-01-28 08:00";6.01;"A";86.38;"A";1009.7;"A";1023;"A";34;"A";0;"A";10;"A";24;"A";50.34;"A";36.63;"A";34.75;"A"
"2025-01-28 08:15";6.02;"A";86.66;"A";1009.85;"A";933;"A";34;"A";0;"A";11;"A";23;"A";45.84;"A";33.33;"A";31.6;"A"
"2025-01-28 08:30";6.06;"A";86.66;"A";1009.97;"A";571;"A";33;"A";0;"A";10;"A";23;"A";52.31;"A";38.07;"A";36.13;"A"
"2025-01-28 08:45";6.14;"A";86.63;"A";1009.94;"A";573;"A";34;"A";0;"A";10;"A";24;"A";66.37;"A";48.38;"A";45.98;"A"
"2025-01-28 09:00";6.18;"A";86.5;"A";1009.89;"A";435;"A";33;"A";0;"A";8;"A";25;"A";58.45;"A";42.58;"A";40.43;"A"
"2025-01-28 09:15";6.24;"A";86.37;"A";1009.87;"A";496;"A";33;"A";0;"A";8;"A";25;"A";50.26;"A";36.57;"A";34.7;"A"
"2025-01-28 09:30";6.38;"A";86;"A";1010.04;"A";566;"A";33;"A";0;"A";8;"A";25;"A";52.59;"A";38.28;"A";36.33;"A"
"2025-01-28 09:45";6.49;"A";85.63;"A";1010.05;"A";586;"A";34;"A";0;"A";10;"A";24;"A";53.5;"A";38.95;"A";36.97;"A"
"2025-01-28 10:00";6.68;"A";84.8;"A";1010.03;"A";778;"A";34;"A";0;"A";10;"A";24;"A";61.92;"A";45.11;"A";42.86;"A"
"2025-01-28 10:15";6.84;"A";84.3;"A";1010.08;"A";842;"A";35;"A";0;"A";10;"A";24;"A";66.6;"A";48.55;"A";46.14;"A"
"2025-01-28 10:30";6.99;"A";83.63;"A";1010;"A";1040;"A";34;"A";0;"A";10;"A";24;"A";87.57;"A";63.91;"A";60.82;"A"
"2025-01-28 10:45";7.17;"A";83.04;"A";1009.87;"A";701;"A";35;"A";0;"A";10;"A";25;"A";51.74;"A";37.65;"A";35.73;"A"
"2025-01-28 11:00";7.32;"A";82.48;"A";1009.75;"A";673;"A";35;"A";0;"A";9;"A";26;"A";55.61;"A";40.49;"A";38.44;"A"
"2025-01-28 11:15";7.41;"A";82.33;"A";1009.52;"A";851;"A";36;"A";0;"A";11;"A";25;"A";54.98;"A";40.03;"A";38;"A"
"2025-01-28 11:30";7.46;"A";82.2;"A";1009.5;"A";642;"A";36;"A";0;"A";11;"A";25;"A";56.15;"A";40.89;"A";38.82;"A"
"2025-01-28 11:45";7.64;"A";81.7;"A";1009.49;"A";831;"A";36;"A";0;"A";14;"A";22;"A";52.35;"A";38.1;"A";36.16;"A"
"2025-01-28 12:00";7.77;"A";80.83;"A";1009.45;"A";1010;"A";36;"A";0;"A";14;"A";23;"A";58.3;"A";42.46;"A";40.33;"A"
"2025-01-28 12:15";7.87;"A";80.81;"A";1009.3;"A";1875;"A";37;"A";0;"A";16;"A";21;"A";52.61;"A";38.29;"A";36.34;"A"
"2025-01-28 12:30";7.96;"A";80.41;"A";1009.19;"A";728;"A";37;"A";0;"A";14;"A";23;"A";51.38;"A";37.39;"A";35.48;"A"
"2025-01-28 12:45";8.03;"A";80.4;"A";1009.1;"A";412;"A";37;"A";0;"A";15;"A";22;"A";48.92;"A";35.59;"A";33.76;"A"
"2025-01-28 13:00";8.13;"A";79.79;"A";1009.02;"A";1079;"A";37;"A";0;"A";14;"A";23;"A";55.73;"A";40.58;"A";38.53;"A"
"2025-01-28 13:15";8.19;"A";79.8;"A";1008.98;"A";586;"A";37;"A";0;"A";14;"A";22;"A";52.6;"A";38.29;"A";36.34;"A"
"2025-01-28 13:30";8.25;"A";80.19;"A";1008.83;"A";356;"A";36;"A";0;"A";14;"A";22;"A";46.68;"A";33.95;"A";32.19;"A"
"2025-01-28 13:45";8.32;"A";80.23;"A";1008.94;"A";468;"A";36;"A";0;"A";12;"A";24;"A";47.15;"A";34.29;"A";32.52;"A"
"2025-01-28 14:00";8.28;"A";80.79;"A";1008.88;"A";813;"A";35;"A";0;"A";10;"A";25;"A";51.46;"A";37.45;"A";35.54;"A"
"2025-01-28 14:15";8.39;"A";80.39;"A";1008.71;"A";375;"A";35;"A";0;"A";13;"A";23;"A";60.07;"A";43.76;"A";41.56;"A"
"2025-01-28 14:30";8.52;"A";79.65;"A";1008.71;"A";355;"A";35;"A";0;"A";12;"A";23;"A";53.34;"A";38.83;"A";36.85;"A"
"2025-01-28 14:45";8.6;"A";79.33;"A";1008.63;"A";306;"A";36;"A";0;"A";13;"A";23;"A";46.63;"A";33.91;"A";32.15;"A"
"2025-01-28 15:00";8.53;"A";79.8;"A";1008.86;"A";313;"A";36;"A";0;"A";13;"A";22;"A";49.54;"A";36.05;"A";34.2;"A"
"2025-01-28 15:15";8.46;"A";80.15;"A";1008.91;"A";271;"A";35;"A";0;"A";13;"A";22;"A";51.44;"A";37.44;"A";35.52;"A"
"2025-01-28 15:30";8.46;"A";80.28;"A";1008.89;"A";284;"A";35;"A";0;"A";12;"A";23;"A";53.63;"A";39.04;"A";37.06;"A"
"2025-01-28 15:45";8.4;"A";80.65;"A";1008.89;"A";704;"A";35;"A";0;"A";14;"A";22;"A";50.87;"A";37.02;"A";35.12;"A"
"2025-01-28 16:00";8.41;"A";81.1;"A";1008.95;"A";1287;"A";50;"A";0;"A";31;"A";19;"A";63.31;"A";46.13;"A";43.83;"A"
"2025-01-28 16:15";8.32;"A";81.52;"A";1009.04;"A";2119;"A";35;"A";0;"A";15;"A";20;"A";55.71;"A";40.56;"A";38.51;"A"
"2025-01-28 16:30";8.3;"A";81.69;"A";1009.1;"A";534;"A";35;"A";0;"A";12;"A";22;"A";56.04;"A";40.81;"A";38.74;"A"
"2025-01-28 16:45";8.22;"A";82.51;"A";1008.83;"A";558;"A";35;"A";0;"A";16;"A";19;"A";63.02;"A";45.92;"A";43.63;"A"
"2025-01-28 17:00";8.11;"A";83.12;"A";1008.87;"A";600;"A";33;"A";0;"A";14;"A";19;"A";73.87;"A";53.87;"A";51.23;"A"
"2025-01-28 17:15";8.11;"A";82.85;"A";1008.85;"A";1575;"A";33;"A";0;"A";14;"A";19;"A";68.6;"A";50.01;"A";47.54;"A"
"2025-01-28 17:30";8.13;"A";82.23;"A";1008.92;"A";1637;"A";34;"A";0;"A";15;"A";19;"A";59.75;"A";43.52;"A";41.34;"A"
"2025-01-28 17:45";8.17;"A";81.49;"A";1008.86;"A";857;"A";34;"A";0;"A";14;"A";20;"A";58.17;"A";42.37;"A";40.24;"A"
"2025-01-28 18:00";8.14;"A";81.51;"A";1009.04;"A";1339;"A";34;"A";0;"A";14;"A";20;"A";54.64;"A";39.78;"A";37.76;"A"
"2025-01-28 18:15";8;"A";81.94;"A";1009.29;"A";796;"A";32;"A";0;"A";11;"A";21;"A";55.75;"A";40.59;"A";38.54;"A"
"2025-01-28 18:30";7.91;"A";82.03;"A";1009.38;"A";621;"A";32;"A";0;"A";10;"A";22;"A";58.48;"A";42.6;"A";40.45;"A"
"2025-01-28 18:45";7.78;"A";82.09;"A";1009.42;"A";715;"A";31;"A";0;"A";9;"A";22;"A";52.52;"A";38.23;"A";36.28;"A"
"2025-01-28 19:00";7.73;"A";81.97;"A";1009.48;"A";741;"A";32;"A";0;"A";9;"A";22;"A";55.97;"A";40.76;"A";38.7;"A"
"2025-01-28 19:15";7.77;"A";81.82;"A";1009.55;"A";1043;"A";32;"A";0;"A";9;"A";22;"A";70.01;"A";51.04;"A";48.52;"A"
"2025-01-28 19:30";7.78;"A";81.76;"A";1009.63;"A";1047;"A";32;"A";0;"A";12;"A";21;"A";79.39;"A";57.92;"A";55.09;"A"
"2025-01-28 19:45";7.84;"A";81.53;"A";1009.69;"A";602;"A";34;"A";0;"A";15;"A";19;"A";56.99;"A";41.5;"A";39.41;"A"
"2025-01-28 20:00";7.8;"A";81.46;"A";1009.71;"A";462;"A";34;"A";0;"A";13;"A";21;"A";68.14;"A";49.67;"A";47.21;"A"
"2025-01-28 20:15";7.83;"A";81.34;"A";1009.63;"A";678;"A";34;"A";0;"A";9;"A";24;"A";68.79;"A";50.15;"A";47.67;"A"
"2025-01-28 20:30";7.73;"A";81.64;"A";1009.52;"A";599;"A";34;"A";0;"A";9;"A";26;"A";60.41;"A";44.01;"A";41.81;"A"
"2025-01-28 20:45";7.77;"A";81.65;"A";1009.52;"A";566;"A";34;"A";0;"A";9;"A";26;"A";48.62;"A";35.37;"A";33.55;"A"
"2025-01-28 21:00";7.73;"A";81.89;"A";1009.41;"A";657;"A";34;"A";0;"A";9;"A";26;"A";63.6;"A";46.35;"A";44.04;"A"
"2025-01-28 21:15";7.74;"A";81.95;"A";1009.48;"A";942;"A";34;"A";0;"A";8;"A";26;"A";76.5;"A";55.8;"A";53.06;"A"
"2025-01-28 21:30";7.75;"A";81.84;"A";1009.42;"A";1039;"A";34;"A";0;"A";8;"A";26;"A";74.36;"A";54.23;"A";51.57;"A"
"2025-01-28 21:45";7.77;"A";81.59;"A";1009.41;"A";986;"A";34;"A";0;"A";7;"A";27;"A";76.56;"A";55.84;"A";53.11;"A"
"2025-01-28 22:00";7.81;"A";80.88;"A";1009.4;"A";965;"A";35;"A";0;"A";7;"A";28;"A";58.97;"A";42.95;"A";40.79;"A"
"2025-01-28 22:15";7.8;"A";80.42;"A";1009.47;"A";813;"A";36;"A";0;"A";7;"A";30;"A";48.56;"A";35.32;"A";33.5;"A"
"2025-01-28 22:30";7.76;"A";80.76;"A";1009.45;"A";550;"A";36;"A";0;"A";7;"A";29;"A";56.2;"A";40.93;"A";38.86;"A"
"2025-01-28 22:45";7.71;"A";80.97;"A";1009.33;"A";440;"A";35;"A";0;"A";6;"A";29;"A";57.53;"A";41.9;"A";39.79;"A"
"2025-01-28 23:00";7.66;"A";80.54;"A";1009.35;"A";269;"A";35;"A";0;"A";6;"A";29;"A";52.14;"A";37.95;"A";36.02;"A"
"2025-01-28 23:15";7.59;"A";80.46;"A";1009.39;"A";258;"A";35;"A";0;"A";6;"A";29;"A";45.6;"A";33.16;"A";31.44;"A"
"2025-01-28 23:30";7.53;"A";80.24;"A";1009.44;"A";280;"A";36;"A";0;"A";6;"A";30;"A";42.69;"A";31.03;"A";29.4;"A"
"2025-01-28 23:45";7.47;"A";80.49;"A";1009.41;"A";299;"A";36;"A";0;"A";6;"A";30;"A";48.57;"A";35.34;"A";33.52;"A"
"2025-01-29 00:00";7.43;"A";80.85;"A";1009.36;"A";510;"A";35;"A";0;"A";6;"A";29;"A";41.3;"A";30.01;"A";28.42;"A"
"2025-01-29 00:15";7.32;"A";81.26;"A";1009.24;"A";261;"A";34;"A";0;"A";6;"A";29;"A";41.87;"A";30.42;"A";28.82;"A"
"2025-01-29 00:30";7.24;"A";81.48;"A";1009.16;"A";230;"A";33;"A";0;"A";6;"A";27;"A";47.71;"A";34.71;"A";32.91;"A"
"2025-01-29 00:45";7.13;"A";81.6;"A";1009.19;"A";209;"A";32;"A";0;"A";6;"A";26;"A";47.59;"A";34.62;"A";32.83;"A"
"2025-01-29 01:00";7.09;"A";81.61;"A";1009.26;"A";239;"A";32;"A";0;"A";7;"A";26;"A";53.17;"A";38.7;"A";36.73;"A"
"2025-01-29 01:15";6.95;"A";81.73;"A";1009.24;"A";239;"A";32;"A";0;"A";6;"A";26;"A";49.28;"A";35.86;"A";34.02;"A"
"2025-01-29 01:30";6.88;"A";81.54;"A";1009.25;"A";262;"A";33;"A";0;"A";5;"A";27;"A";43.9;"A";31.91;"A";30.24;"A"
"2025-01-29 01:45";6.92;"A";81.68;"A";1009.21;"A";248;"A";33;"A";0;"A";8;"A";25;"A";60.91;"A";44.38;"A";42.15;"A"
"2025-01-29 02:00";6.89;"A";81.79;"A";1009.12;"A";292;"A";32;"A";0;"A";8;"A";24;"A";93.31;"A";68.11;"A";64.83;"A"
"2025-01-29 02:15";6.81;"A";81.61;"A";1009.09;"A";305;"A";32;"A";0;"A";7;"A";25;"A";78.43;"A";57.21;"A";54.42;"A"
"2025-01-29 02:30";6.69;"A";82.1;"A";1008.91;"A";271;"A";31;"A";0;"A";7;"A";24;"A";63.31;"A";46.13;"A";43.83;"A"
"2025-01-29 02:45";6.68;"A";82.23;"A";1008.77;"A";317;"A";31;"A";0;"A";7;"A";24;"A";78.82;"A";57.5;"A";54.69;"A"
"2025-01-29 03:00";6.62;"A";82.64;"A";1008.59;"A";469;"A";31;"A";0;"A";7;"A";24;"A";63.67;"A";46.39;"A";44.08;"A"
"2025-01-29 03:15";6.68;"A";83.07;"A";1008.69;"A";746;"A";32;"A";0;"A";7;"A";24;"A";66.45;"A";48.44;"A";46.03;"A"
"2025-01-29 03:30";6.67;"A";82.91;"A";1008.76;"A";710;"A";31;"A";0;"A";7;"A";24;"A";66.49;"A";48.46;"A";46.06;"A"
"2025-01-29 03:45";6.6;"A";82.89;"A";1008.64;"A";505;"A";31;"A";0;"A";6;"A";24;"A";64.99;"A";47.36;"A";45.01;"A"
"2025-01-29 04:00";6.61;"A";83.09;"A";1008.62;"A";323;"A";30;"A";0;"A";7;"A";23;"A";69.76;"A";50.86;"A";48.35;"A"
"2025-01-29 04:15";6.68;"A";83.09;"A";1008.57;"A";422;"A";31;"A";0;"A";7;"A";24;"A";65.99;"A";48.1;"A";45.71;"A"
"2025-01-29 04:30";6.66;"A";82.9;"A";1008.57;"A";363;"A";31;"A";0;"A";7;"A";24;"A";59.36;"A";43.24;"A";41.07;"A"
"2025-01-29 04:45";6.64;"A";82.96;"A";1008.47;"A";247;"A";30;"A";0;"A";7;"A";24;"A";58.43;"A";42.56;"A";40.42;"A"
"2025-01-29 05:00";6.62;"A";83.32;"A";1008.53;"A";238;"A";31;"A";0;"A";6;"A";25;"A";73.48;"A";53.59;"A";50.95;"A"
"2025-01-29 05:15";6.66;"A";83.2;"A";1008.45;"A";398;"A";31;"A";0;"A";6;"A";25;"A";51.21;"A";37.27;"A";35.36;"A"
"2025-01-29 05:30";6.7;"A";83.24;"A";1008.45;"A";281;"A";32;"A";0;"A";6;"A";26;"A";47.46;"A";34.52;"A";32.73;"A"
"2025-01-29 05:45";6.69;"A";83.36;"A";1008.47;"A";275;"A";32;"A";0;"A";6;"A";26;"A";47.19;"A";34.32;"A";32.55;"A"
"2025-01-29 06:00";6.71;"A";83.41;"A";1008.52;"A";455;"A";33;"A";0;"A";7;"A";26;"A";47.09;"A";34.25;"A";32.48;"A"
"2025-01-29 06:15";6.74;"A";83.29;"A";1008.51;"A";628;"A";33;"A";0;"A";6;"A";27;"A";45.74;"A";33.26;"A";31.53;"A"
"2025-01-29 06:30";6.73;"A";83.37;"A";1008.59;"A";696;"A";34;"A";0;"A";6;"A";28;"A";48.03;"A";34.94;"A";33.14;"A"
"2025-01-29 06:45";6.73;"A";83.37;"A";1008.57;"A";362;"A";35;"A";0;"A";6;"A";29;"A";48.72;"A";35.45;"A";33.62;"A"
"2025-01-29 07:00";6.74;"A";83.45;"A";1008.62;"A";460;"A";34;"A";0;"A";7;"A";28;"A";54.53;"A";39.7;"A";37.69;"A"
"2025-01-29 07:15";6.73;"A";83.53;"A";1008.57;"A";353;"A";34;"A";0;"A";6;"A";28;"A";56.6;"A";41.22;"A";39.13;"A"
"2025-01-29 07:30";6.71;"A";83.64;"A";1008.62;"A";257;"A";35;"A";0;"A";6;"A";28;"A";53.25;"A";38.76;"A";36.79;"A"
"2025-01-29 07:45";6.68;"A";83.88;"A";1008.82;"A";188;"A";35;"A";0;"A";7;"A";28;"A";54.54;"A";39.71;"A";37.7;"A"
"2025-01-29 08:00";6.67;"A";83.93;"A";1008.81;"A";293;"A";35;"A";0;"A";11;"A";25;"A";67.51;"A";49.21;"A";46.77;"A"
"2025-01-29 08:15";6.68;"A";83.53;"A";1008.77;"A";153;"A";34;"A";0;"A";11;"A";24;"A";55.09;"A";40.11;"A";38.08;"A"
"2025-01-29 08:30";6.66;"A";83.24;"A";1008.71;"A";187;"A";35;"A";0;"A";12;"A";23;"A";55.53;"A";40.44;"A";38.39;"A"
"2025-01-29 08:45";6.66;"A";83.48;"A";1008.73;"A";152;"A";33;"A";0;"A";11;"A";22;"A";59.73;"A";43.51;"A";41.32;"A"
"2025-01-29 09:00";6.68;"A";82.83;"A";1008.8;"A";149;"A";32;"A";0;"A";10;"A";22;"A";70.58;"A";51.46;"A";48.92;"A"
"2025-01-29 09:15";6.68;"A";82.75;"A";1008.98;"A";150;"A";32;"A";0;"A";11;"A";21;"A";74.85;"A";54.59;"A";51.91;"A"
"2025-01-29 09:30";6.7;"A";82.47;"A";1009.14;"A";139;"A";32;"A";0;"A";11;"A";21;"A";72.4;"A";52.79;"A";50.2;"A"
"2025-01-29 09:45";6.8;"A";82.38;"A";1009.12;"A";144;"A";33;"A";0;"A";13;"A";20;"A";70.2;"A";51.18;"A";48.66;"A"
"2025-01-29 10:00";6.98;"A";81.87;"A";1008.98;"A";138;"A";33;"A";0;"A";11;"A";22;"A";71.96;"A";52.47;"A";49.89;"A"
"2025-01-29 10:15";7.04;"A";81.96;"A";1009.06;"A";148;"A";33;"A";0;"A";11;"A";22;"A";78.08;"A";56.95;"A";54.17;"A"
"2025-01-29 10:30";7.19;"A";81.83;"A";1009.1;"A";208;"A";33;"A";0;"A";13;"A";21;"A";84.38;"A";61.57;"A";58.58;"A"
"2025-01-29 10:45";7.34;"A";81.43;"A";1009.17;"A";195;"A";33;"A";0;"A";13;"A";20;"A";85.59;"A";62.45;"A";59.43;"A"
"2025-01-29 11:00";7.62;"A";80.75;"A";1009.26;"A";285;"A";34;"A";0;"A";12;"A";22;"A";90.09;"A";65.75;"A";62.58;"A"
"2025-01-29 11:15";7.84;"A";79.95;"A";1009.15;"A";244;"A";33;"A";0;"A";8;"A";25;"A";76.56;"A";55.84;"A";53.11;"A"
"2025-01-29 11:30";8.07;"A";79.82;"A";1008.76;"A";244;"A";33;"A";0;"A";8;"A";25;"A";76.45;"A";55.76;"A";53.03;"A"
"2025-01-29 11:45";8.45;"A";78.7;"A";1008.6;"A";419;"A";35;"A";0;"A";8;"A";27;"A";64.39;"A";46.92;"A";44.59;"A"
"2025-01-29 12:00";8.64;"A";78.16;"A";1008.44;"A";363;"A";35;"A";0;"A";7;"A";28;"A";61.99;"A";45.16;"A";42.91;"A"
"2025-01-29 12:15";8.78;"A";77.98;"A";1008.47;"A";774;"A";36;"A";0;"A";8;"A";28;"A";55.47;"A";40.39;"A";38.35;"A"
"2025-01-29 12:30";9;"A";77.77;"A";1008.26;"A";485;"A";36;"A";0;"A";8;"A";28;"A";52.84;"A";38.46;"A";36.5;"A"
"2025-01-29 12:45";9.19;"A";77.57;"A";1008.25;"A";297;"A";36;"A";0;"A";8;"A";29;"A";56.66;"A";41.26;"A";39.18;"A"
"2025-01-29 13:00";9.34;"A";77.54;"A";1008.25;"A";273;"A";36;"A";0;"A";7;"A";29;"A";52.96;"A";38.55;"A";36.59;"A"
"2025-01-29 13:15";9.56;"A";77.55;"A";1008.26;"A";504;"A";36;"A";0;"A";8;"A";28;"A";52.21;"A";38;"A";36.06;"A"
"2025-01-29 13:30";9.74;"A";77.46;"A";1008.34;"A";678;"A";36;"A";0;"A";8;"A";27;"A";53.59;"A";39.02;"A";37.03;"A"
"2025-01-29 13:45";9.89;"A";77.65;"A";1008.45;"A";583;"A";36;"A";0;"A";8;"A";28;"A";56.73;"A";41.31;"A";39.23;"A"
"2025-01-29 14:00";10.1;"A";76.95;"A";1008.48;"A";289;"A";36;"A";0;"A";8;"A";28;"A";50.69;"A";36.89;"A";35;"A"
"2025-01-29 14:15";10.15;"A";77.25;"A";1008.39;"A";1147;"A";37;"A";0;"A";10;"A";27;"A";45.41;"A";33.02;"A";31.3;"A"
"2025-01-29 14:30";10.26;"A";77.32;"A";1008.35;"A";1521;"A";38;"A";0;"A";11;"A";26;"A";52.19;"A";37.98;"A";36.05;"A"
"2025-01-29 14:45";10.34;"A";77.33;"A";1008.33;"A";620;"A";37;"A";0;"A";10;"A";26;"A";47.88;"A";34.83;"A";33.03;"A"
"2025-01-29 15:00";10.46;"A";77.23;"A";1008.24;"A";784;"A";36;"A";0;"A";10;"A";26;"A";44.35;"A";32.24;"A";30.56;"A"
"2025-01-29 15:15";10.64;"A";76.76;"A";1008.3;"A";897;"A";35;"A";0;"A";9;"A";26;"A";48.33;"A";35.16;"A";33.35;"A"
"2025-01-29 15:30";10.77;"A";76.96;"A";1008.12;"A";595;"A";35;"A";0;"A";8;"A";27;"A";42.55;"A";30.92;"A";29.3;"A"
"2025-01-29 15:45";10.84;"A";77;"A";1008.19;"A";377;"A";35;"A";0;"A";9;"A";27;"A";43.01;"A";31.26;"A";29.62;"A"
"2025-01-29 16:00";10.95;"A";77;"A";1008.29;"A";260;"A";35;"A";0;"A";8;"A";27;"A";44.78;"A";32.56;"A";30.86;"A"
"2025-01-29 16:15";11.15;"A";76.7;"A";1008.39;"A";367;"A";35;"A";0;"A";7;"A";28;"A";43.44;"A";31.57;"A";29.92;"A"
"2025-01-29 16:30";11.19;"A";77.11;"A";1008.46;"A";303;"A";35;"A";0;"A";11;"A";24;"A";58.96;"A";42.95;"A";40.79;"A"
"2025-01-29 16:45";11.28;"A";76.92;"A";1008.4;"A";386;"A";35;"A";0;"A";12;"A";23;"A";63.14;"A";46.01;"A";43.72;"A"
"2025-01-29 17:00";11.25;"A";77.1;"A";1008.34;"A";381;"A";34;"A";0;"A";11;"A";23;"A";80.69;"A";58.87;"A";56;"A"
"2025-01-29 17:15";11.14;"A";77.29;"A";1008.35;"A";351;"A";35;"A";0;"A";14;"A";21;"A";89.37;"A";65.22;"A";62.07;"A"
"2025-01-29 17:30";11.17;"A";77.42;"A";1008.58;"A";414;"A";35;"A";0;"A";13;"A";22;"A";110.85;"A";80.96;"A";77.11;"A"
"2025-01-29 17:45";11.21;"A";77.33;"A";1008.58;"A";417;"A";35;"A";0;"A";13;"A";22;"A";118.36;"A";86.46;"A";82.36;"A"
"2025-01-29 18:00";11.19;"A";77.44;"A";1008.77;"A";422;"A";34;"A";0;"A";14;"A";20;"A";125.62;"A";91.78;"A";87.45;"A"
"2025-01-29 18:15";11.23;"A";77.27;"A";1008.97;"A";424;"A";33;"A";0;"A";12;"A";21;"A";94.79;"A";69.19;"A";65.87;"A"
"2025-01-29 18:30";11.22;"A";77.35;"A";1008.87;"A";321;"A";33;"A";0;"A";9;"A";24;"A";59.83;"A";43.58;"A";41.39;"A"
"2025-01-29 18:45";11.23;"A";77.41;"A";1008.94;"A";384;"A";33;"A";0;"A";9;"A";24;"A";53.97;"A";39.29;"A";37.29;"A"
"2025-01-29 19:00";11.23;"A";77.83;"A";1009.07;"A";941;"A";33;"A";1;"A";9;"A";25;"A";42.09;"A";30.59;"A";28.98;"A"
"2025-01-29 19:15";11.36;"A";77.88;"A";1009.2;"A";740;"A";36;"A";0;"A";12;"A";24;"A";41.13;"A";29.88;"A";28.3;"A"
"2025-01-29 19:30";11.39;"A";77.64;"A";1009.23;"A";556;"A";37;"A";0;"A";14;"A";23;"A";53.91;"A";39.25;"A";37.25;"A"
"2025-01-29 19:45";11.36;"A";77.48;"A";1009.43;"A";517;"A";38;"A";0;"A";14;"A";24;"A";38.72;"A";28.12;"A";26.62;"A"
"2025-01-29 20:00";11.45;"A";76.47;"A";1009.59;"A";991;"A";40;"A";0;"A";17;"A";23;"A";42.56;"A";30.93;"A";29.31;"A"
"2025-01-29 20:15";11.39;"A";76.89;"A";1009.57;"A";555;"A";41;"A";0;"A";17;"A";24;"A";41.25;"A";29.97;"A";28.39;"A"
"2025-01-29 20:30";11.32;"A";77.49;"A";1009.58;"A";1961;"A";41;"A";0;"A";19;"A";23;"A";47.04;"A";34.22;"A";32.45;"A"
"2025-01-29 20:45";11.24;"A";77.93;"A";1009.88;"A";672;"A";40;"A";0;"A";16;"A";24;"A";44.65;"A";32.46;"A";30.77;"A"
"2025-01-29 21:00";11.17;"A";77.3;"A";1010.14;"A";376;"A";38;"A";0;"A";10;"A";28;"A";35.27;"A";25.59;"A";24.2;"A"
"2025-01-29 21:15";11.13;"A";76.86;"A";1010.37;"A";271;"A";39;"A";0;"A";10;"A";29;"A";33.04;"A";23.96;"A";22.65;"A"
"2025-01-29 21:30";11.07;"A";77.18;"A";1010.52;"A";240;"A";39;"A";0;"A";12;"A";27;"A";32.5;"A";23.56;"A";22.27;"A"
"2025-01-29 21:45";11.04;"A";76.67;"A";1010.73;"A";217;"A";40;"A";0;"A";14;"A";26;"A";33.21;"A";24.08;"A";22.76;"A"
"2025-01-29 22:00";10.4;"A";78.28;"A";1010.59;"A";247;"A";35;"A";0;"A";17;"A";17;"A";47.25;"A";34.37;"A";32.59;"A"
"2025-01-29 22:15";9.98;"A";79.67;"A";1010.63;"A";216;"A";32;"A";0;"A";18;"A";13;"A";58.74;"A";42.79;"A";40.63;"A"
"2025-01-29 22:30";9.75;"A";80.38;"A";1010.72;"A";218;"A";30;"A";0;"A";14;"A";15;"A";52.89;"A";38.5;"A";36.54;"A"
"2025-01-29 22:45";9.58;"A";80.52;"A";1010.76;"A";172;"A";29;"A";0;"A";12;"A";17;"A";55.35;"A";40.3;"A";38.26;"A"
"2025-01-29 23:00";9.25;"A";80.89;"A";1011.05;"A";185;"A";27;"A";0;"A";10;"A";18;"A";49.02;"A";35.66;"A";33.83;"A"
"2025-01-29 23:15";9.05;"A";80.66;"A";1011.36;"A";170;"A";28;"A";1;"A";9;"A";18;"A";42.87;"A";31.16;"A";29.53;"A"
"2025-01-29 23:30";8.91;"A";81.12;"A";1011.4;"A";158;"A";28;"A";0;"A";10;"A";18;"A";47.67;"A";34.68;"A";32.89;"A"
"2025-01-29 23:45";8.81;"A";81.06;"A";1011.31;"A";151;"A";28;"A";0;"A";10;"A";18;"A";41.52;"A";30.17;"A";28.58;"A"
"2025-01-30 00:00";8.75;"A";81.42;"A";1011.58;"A";145;"A";29;"A";0;"A";12;"A";17;"A";46.4;"A";33.75;"A";32;"A"
"2025-01-30 00:15";8.74;"A";81.59;"A";1011.65;"A";143;"A";28;"A";0;"A";13;"A";15;"A";49.6;"A";36.09;"A";34.23;"A"
"2025-01-30 00:30";8.71;"A";81.76;"A";1011.83;"A";143;"A";28;"A";0;"A";11;"A";16;"A";48.13;"A";35.01;"A";33.2;"A"
"2025-01-30 00:45";8.76;"A";81.75;"A";1011.82;"A";156;"A";28;"A";0;"A";11;"A";16;"A";69.14;"A";50.4;"A";47.91;"A"
"2025-01-30 01:00";8.74;"A";81.83;"A";1011.84;"A";156;"A";28;"A";0;"A";12;"A";15;"A";57.15;"A";41.62;"A";39.52;"A"
"2025-01-30 01:15";8.83;"A";81.51;"A";1011.9;"A";160;"A";28;"A";0;"A";15;"A";13;"A";61.98;"A";45.16;"A";42.9;"A"
"2025-01-30 01:30";8.81;"A";81.87;"A";1011.99;"A";185;"A";29;"A";0;"A";15;"A";13;"A";74.6;"A";54.4;"A";51.73;"A"
"2025-01-30 01:45";8.82;"A";81.92;"A";1012.18;"A";197;"A";27;"A";0;"A";16;"A";12;"A";71.25;"A";51.95;"A";49.39;"A"
"2025-01-30 02:00";8.81;"A";81.9;"A";1012.32;"A";191;"A";28;"A";0;"A";17;"A";11;"A";68.22;"A";49.73;"A";47.27;"A"
"2025-01-30 02:15";8.76;"A";82.14;"A";1012.28;"A";184;"A";28;"A";0;"A";17;"A";11;"A";65.41;"A";47.67;"A";45.3;"A"
"2025-01-30 02:30";8.83;"A";81.74;"A";1012.3;"A";196;"A";28;"A";0;"A";16;"A";12;"A";72.79;"A";53.08;"A";50.47;"A"
"2025-01-30 02:45";8.75;"A";81.9;"A";1012.37;"A";193;"A";27;"A";1;"A";14;"A";13;"A";65.73;"A";47.91;"A";45.53;"A"
"2025-01-30 03:00";8.74;"A";81.75;"A";1012.22;"A";181;"A";26;"A";1;"A";10;"A";16;"A";51.46;"A";37.45;"A";35.54;"A"
"2025-01-30 03:15";8.66;"A";81.88;"A";1012.15;"A";188;"A";26;"A";1;"A";10;"A";16;"A";53.8;"A";39.16;"A";37.17;"A"
"2025-01-30 03:30";8.65;"A";81.85;"A";1012.23;"A";168;"A";26;"A";0;"A";11;"A";15;"A";53.21;"A";38.73;"A";36.76;"A"
"2025-01-30 03:45";8.6;"A";82.06;"A";1012.21;"A";174;"A";27;"A";1;"A";14;"A";13;"A";59.3;"A";43.19;"A";41.02;"A"
"2025-01-30 04:00";8.58;"A";82.05;"A";1012.29;"A";181;"A";27;"A";0;"A";14;"A";13;"A";61.63;"A";44.9;"A";42.65;"A"
"2025-01-30 04:15";8.48;"A";82.43;"A";1012.5;"A";187;"A";25;"A";1;"A";11;"A";14;"A";60.82;"A";44.31;"A";42.09;"A"
"2025-01-30 04:30";8.47;"A";82.53;"A";1012.57;"A";169;"A";25;"A";1;"A";10;"A";14;"A";62;"A";45.18;"A";42.92;"A"
"2025-01-30 04:45";8.51;"A";82.25;"A";1012.77;"A";175;"A";25;"A";0;"A";10;"A";14;"A";59.03;"A";43;"A";40.84;"A"
"2025-01-30 05:00";8.5;"A";82.08;"A";1012.86;"A";202;"A";25;"A";1;"A";11;"A";14;"A";59.67;"A";43.47;"A";41.29;"A"
"2025-01-30 05:15";8.49;"A";82.16;"A";1012.85;"A";207;"A";26;"A";0;"A";12;"A";14;"A";55.38;"A";40.33;"A";38.28;"A"
"2025-01-30 05:30";8.44;"A";82.32;"A";1013;"A";182;"A";25;"A";0;"A";11;"A";14;"A";53.01;"A";38.59;"A";36.62;"A"
"2025-01-30 05:45";8.43;"A";82.31;"A";1013.12;"A";186;"A";25;"A";1;"A";11;"A";14;"A";53.57;"A";39;"A";37.01;"A"
"2025-01-30 06:00";8.3;"A";82.83;"A";1013.4;"A";189;"A";25;"A";1;"A";12;"A";13;"A";50.9;"A";37.04;"A";35.15;"A"
"2025-01-30 06:15";8.3;"A";82.64;"A";1013.41;"A";229;"A";25;"A";1;"A";13;"A";12;"A";52.37;"A";38.12;"A";36.18;"A"
"2025-01-30 06:30";8.34;"A";82.36;"A";1013.31;"A";276;"A";26;"A";1;"A";14;"A";11;"A";54.47;"A";39.66;"A";37.65;"A"
"2025-01-30 06:45";8.27;"A";82.32;"A";1013.59;"A";280;"A";25;"A";1;"A";13;"A";12;"A";55.42;"A";40.36;"A";38.31;"A"
"2025-01-30 07:00";8.21;"A";82.5;"A";1013.87;"A";258;"A";26;"A";1;"A";14;"A";12;"A";52.79;"A";38.42;"A";36.47;"A"
"2025-01-30 07:15";8.18;"A";82.64;"A";1014.08;"A";241;"A";26;"A";1;"A";15;"A";10;"A";51.77;"A";37.68;"A";35.76;"A"
"2025-01-30 07:30";8.21;"A";82.53;"A";1014.23;"A";288;"A";26;"A";1;"A";17;"A";8;"A";54.64;"A";39.78;"A";37.76;"A"
"2025-01-30 07:45";8.24;"A";82.36;"A";1014.4;"A";356;"A";26;"A";1;"A";18;"A";8;"A";54.92;"A";39.99;"A";37.96;"A"
"2025-01-30 08:00";8.27;"A";82.45;"A";1014.45;"A";530;"A";27;"A";1;"A";19;"A";7;"A";59.89;"A";43.63;"A";41.44;"A"
"2025-01-30 08:15";8.35;"A";81.9;"A";1014.41;"A";731;"A";27;"A";2;"A";19;"A";8;"A";62.53;"A";45.56;"A";43.29;"A"
"2025-01-30 08:30";8.57;"A";80.83;"A";1014.58;"A";510;"A";28;"A";1;"A";20;"A";8;"A";59.56;"A";43.39;"A";41.21;"A"
"2025-01-30 08:45";8.68;"A";80.3;"A";1014.54;"A";430;"A";29;"A";1;"A";20;"A";8;"A";55;"A";40.05;"A";38.02;"A"
"2025-01-30 09:00";8.76;"A";79.88;"A";1014.69;"A";356;"A";29;"A";1;"A";20;"A";10;"A";54.41;"A";39.61;"A";37.6;"A"
"2025-01-30 09:15";8.98;"A";78.71;"A";1014.64;"A";297;"A";30;"A";0;"A";19;"A";12;"A";52.82;"A";38.45;"A";36.49;"A"
"2025-01-30 09:30";9.17;"A";77.9;"A";1014.57;"A";260;"A";31;"A";0;"A";18;"A";13;"A";55.23;"A";40.22;"A";38.18;"A"
"2025-01-30 09:45";9.43;"A";76.78;"A";1014.57;"A";296;"A";32;"A";0;"A";19;"A";13;"A";61.73;"A";44.98;"A";42.73;"A"
"2025-01-30 10:00";9.58;"A";75.98;"A";1014.61;"A";330;"A";33;"A";0;"A";18;"A";16;"A";69.78;"A";50.87;"A";48.36;"A"
"2025-01-30 10:15";9.74;"A";75.04;"A";1014.72;"A";300;"A";34;"A";0;"A";17;"A";17;"A";59.9;"A";43.85;"A";40.81;"A"
"2025-01-30 10:30";9.78;"A";74.58;"A";1014.81;"A";274;"A";35;"A";0;"A";18;"A";17;"A";58.3;"A";42.46;"A";40.33;"A"
"2025-01-30 10:45";9.91;"A";73.52;"A";1014.99;"A";240;"A";36;"A";0;"A";18;"A";19;"A";65.11;"A";49.66;"A";41.16;"A"
"2025-01-30 11:00";9.92;"A";73.24;"A";1014.89;"A";224;"A";36;"A";0;"A";15;"A";22;"A";69.58;"A";54.97;"A";39.33;"A"
"2025-01-30 11:15";10.11;"A";72.68;"A";1014.83;"A";239;"A";36;"A";0;"A";15;"A";22;"A";69.57;"A";56.78;"A";41.35;"A"
"2025-01-30 11:30";10.21;"A";71.84;"A";1014.61;"A";236;"A";37;"A";0;"A";13;"A";24;"A";80.57;"A";64.73;"A";45.75;"A"
"2025-01-30 11:45";10.24;"A";70.8;"A";1014.6;"A";207;"A";37;"A";0;"A";11;"A";26;"A";74.33;"A";59.7;"A";42.84;"A"
"2025-01-30 12:00";10.25;"A";70.62;"A";1014.6;"A";186;"A";39;"A";0;"A";10;"A";29;"A";63.89;"A";50.77;"A";37.13;"A"
"2025-01-30 12:15";10.42;"A";69.48;"A";1014.75;"A";160;"A";38;"A";0;"A";9;"A";29;"A";71.19;"A";55.98;"A";40.35;"A"
"2025-01-30 12:30";10.5;"A";68.59;"A";1014.65;"A";143;"A";39;"A";0;"A";8;"A";31;"A";63.07;"A";48.79;"A";35.85;"A"
"2025-01-30 12:45";10.64;"A";68.89;"A";1014.62;"A";141;"A";38;"A";0;"A";8;"A";31;"A";62.54;"A";49.49;"A";35.68;"A"
"2025-01-30 13:00";10.64;"A";68.46;"A";1014.59;"A";153;"A";39;"A";0;"A";8;"A";31;"A";59.65;"A";46.12;"A";33.06;"A"
"2025-01-30 13:15";10.68;"A";68.51;"A";1014.62;"A";169;"A";39;"A";0;"A";8;"A";31;"A";58.02;"A";45.95;"A";33.08;"A"
"2025-01-30 13:30";10.7;"A";68.91;"A";1014.65;"A";151;"A";37;"A";0;"A";7;"A";30;"A";56.21;"A";44.92;"A";32.27;"A"
"2025-01-30 13:45";10.65;"A";69.3;"A";1014.8;"A";166;"A";38;"A";0;"A";8;"A";31;"A";57.23;"A";46.45;"A";33.56;"A"
"2025-01-30 14:00";10.63;"A";69.58;"A";1014.89;"A";151;"A";39;"A";0;"A";6;"A";32;"A";47.4;"A";38;"A";28.56;"A"
"2025-01-30 14:15";10.67;"A";69.34;"A";1014.93;"A";171;"A";40;"A";0;"A";8;"A";31;"A";54.56;"A";42.89;"A";31.34;"A"
"2025-01-30 14:30";10.74;"A";69.61;"A";1015.09;"A";184;"A";39;"A";0;"A";8;"A";31;"A";52.95;"A";41.99;"A";30.96;"A"
"2025-01-30 14:45";10.62;"A";69.86;"A";1015.14;"A";183;"A";39;"A";0;"A";7;"A";32;"A";47.53;"A";38.11;"A";27.48;"A"
"2025-01-30 15:00";10.64;"A";70.37;"A";1015.13;"A";196;"A";39;"A";0;"A";9;"A";30;"A";49.46;"A";39.13;"A";28.63;"A"
"2025-01-30 15:15";10.57;"A";69.98;"A";1014.96;"A";173;"A";39;"A";0;"A";7;"A";31;"A";44.76;"A";35.95;"A";26.02;"A"
"2025-01-30 15:30";10.55;"A";69.7;"A";1015.1;"A";162;"A";40;"A";0;"A";8;"A";33;"A";40.5;"A";31.4;"A";22.71;"A"
"2025-01-30 15:45";10.46;"A";70.3;"A";1015.24;"A";185;"A";40;"A";0;"A";7;"A";33;"A";39.79;"A";31.82;"A";23.56;"A"
"2025-01-30 16:00";10.45;"A";71.04;"A";1015.16;"A";170;"A";39;"A";0;"A";8;"A";31;"A";46.62;"A";36.24;"A";25.83;"A"
"2025-01-30 16:15";10.43;"A";70.83;"A";1015.14;"A";191;"A";39;"A";0;"A";8;"A";31;"A";46.4;"A";36.87;"A";26.92;"A"
"2025-01-30 16:30";10.35;"A";71.79;"A";1015.2;"A";218;"A";39;"A";0;"A";10;"A";28;"A";48.05;"A";37.78;"A";27.68;"A"
"2025-01-30 16:45";10.29;"A";72.32;"A";1015.27;"A";225;"A";39;"A";0;"A";10;"A";29;"A";47.05;"A";37.83;"A";27.32;"A"
"2025-01-30 17:00";10.25;"A";72.8;"A";1015.54;"A";235;"A";38;"A";0;"A";11;"A";27;"A";54.72;"A";43.96;"A";32.34;"A"
"2025-01-30 17:15";10.22;"A";72.8;"A";1015.57;"A";247;"A";38;"A";0;"A";13;"A";25;"A";55.3;"A";44.88;"A";32.52;"A"
"2025-01-30 17:30";10.13;"A";73.1;"A";1015.44;"A";220;"A";37;"A";0;"A";11;"A";26;"A";54.05;"A";41.87;"A";30.31;"A"
"2025-01-30 17:45";9.91;"A";73.61;"A";1015.61;"A";219;"A";36;"A";0;"A";11;"A";25;"A";54.03;"A";44.15;"A";32.15;"A"
"2025-01-30 18:00";9.77;"A";73.73;"A";1015.53;"A";226;"A";37;"A";0;"A";12;"A";26;"A";53.93;"A";43.36;"A";31.61;"A"
"2025-01-30 18:15";9.56;"A";73.93;"A";1015.59;"A";233;"A";38;"A";0;"A";13;"A";24;"A";57.22;"A";45.97;"A";32.93;"A"
"2025-01-30 18:30";9.29;"A";74.44;"A";1015.86;"A";289;"A";37;"A";0;"A";15;"A";22;"A";59.15;"A";48.27;"A";35.04;"A"
"2025-01-30 18:45";9.21;"A";74.71;"A";1015.97;"A";297;"A";37;"A";0;"A";16;"A";21;"A";62.43;"A";51.16;"A";37.43;"A"
"2025-01-30 19:00";9;"A";75.17;"A";1015.84;"A";309;"A";37;"A";0;"A";19;"A";18;"A";67.82;"A";55.22;"A";39.25;"A"
"2025-01-30 19:15";8.83;"A";75.24;"A";1015.79;"A";274;"A";37;"A";0;"A";18;"A";19;"A";57.05;"A";41.66;"A";39.36;"A"
"2025-01-30 19:30";8.59;"A";75.76;"A";1015.69;"A";263;"A";36;"A";0;"A";17;"A";19;"A";57.78;"A";42.08;"A";39.96;"A"
"2025-01-30 19:45";8.42;"A";76.18;"A";1015.53;"A";280;"A";36;"A";0;"A";19;"A";18;"A";58.08;"A";42.3;"A";40.17;"A"
"2025-01-30 20:00";8.38;"A";76.53;"A";1015.6;"A";272;"A";36;"A";0;"A";16;"A";19;"A";58.16;"A";42.36;"A";40.23;"A"
"2025-01-30 20:15";8.21;"A";76.81;"A";1015.52;"A";252;"A";35;"A";0;"A";14;"A";21;"A";59.45;"A";43.31;"A";41.13;"A"
"2025-01-30 20:30";8.12;"A";76.57;"A";1015.68;"A";239;"A";35;"A";0;"A";13;"A";22;"A";59.24;"A";43.15;"A";40.98;"A"
"2025-01-30 20:45";7.85;"A";76.91;"A";1015.72;"A";231;"A";35;"A";0;"A";12;"A";23;"A";58.02;"A";42.26;"A";40.13;"A"
"2025-01-30 21:00";7.81;"A";77.38;"A";1015.65;"A";245;"A";35;"A";0;"A";11;"A";23;"A";61.36;"A";44.7;"A";42.47;"A"
"2025-01-30 21:15";7.57;"A";77.86;"A";1015.61;"A";228;"A";34;"A";0;"A";11;"A";23;"A";64.1;"A";46.71;"A";44.39;"A"
"2025-01-30 21:30";7.39;"A";78.48;"A";1015.55;"A";236;"A";33;"A";0;"A";11;"A";22;"A";66.34;"A";48.35;"A";45.95;"A"
"2025-01-30 21:45";7.28;"A";78.81;"A";1015.6;"A";230;"A";33;"A";0;"A";10;"A";22;"A";68.68;"A";50.07;"A";47.59;"A"
"2025-01-30 22:00";7.17;"A";79.64;"A";1015.75;"A";220;"A";32;"A";0;"A";10;"A";22;"A";67.78;"A";49.41;"A";46.96;"A"
"2025-01-30 22:15";6.93;"A";80.16;"A";1015.83;"A";229;"A";32;"A";0;"A";12;"A";20;"A";69.21;"A";50.46;"A";47.97;"A"
"2025-01-30 22:30";6.98;"A";80.24;"A";1015.88;"A";221;"A";32;"A";0;"A";12;"A";20;"A";71.76;"A";52.32;"A";49.74;"A"
"2025-01-30 22:45";6.91;"A";80.07;"A";1015.93;"A";241;"A";33;"A";0;"A";11;"A";22;"A";74.79;"A";54.54;"A";51.87;"A"
"2025-01-30 23:00";6.8;"A";79.95;"A";1016.05;"A";226;"A";32;"A";0;"A";10;"A";22;"A";73.73;"A";53.76;"A";51.12;"A"
"2025-01-30 23:15";6.55;"A";80.63;"A";1015.97;"A";206;"A";32;"A";0;"A";10;"A";22;"A";74.12;"A";54.05;"A";51.4;"A"
"2025-01-30 23:30";6.14;"A";81.33;"A";1015.92;"A";195;"A";30;"A";0;"A";9;"A";21;"A";72.91;"A";53.17;"A";50.55;"A"
"2025-01-30 23:45";5.76;"A";81.91;"A";1015.94;"A";183;"A";29;"A";0;"A";9;"A";20;"A";71.14;"A";51.87;"A";49.31;"A"
"2025-01-31 00:00";5.53;"A";82.48;"A";1016.12;"A";231;"A";29;"A";0;"A";12;"A";17;"A";75.94;"A";55.38;"A";52.67;"A"
"2025-01-31 00:15";5.37;"A";83.49;"A";1016.07;"A";250;"A";27;"A";0;"A";11;"A";16;"A";94.08;"A";68.68;"A";65.37;"A"
"2025-01-31 00:30";5.01;"A";83.14;"A";1016;"A";300;"A";24;"A";0;"A";12;"A";12;"A";100.26;"A";73.2;"A";69.7;"A"
"2025-01-31 00:45";4.88;"A";83.56;"A";1015.89;"A";320;"A";26;"A";1;"A";14;"A";12;"A";97.99;"A";71.54;"A";68.11;"A"
"2025-01-31 01:00";4.57;"A";83.58;"A";1015.95;"A";335;"A";24;"A";1;"A";11;"A";13;"A";99.43;"A";72.6;"A";69.12;"A"
"2025-01-31 01:15";3.88;"A";84.23;"A";1016.33;"A";355;"A";23;"A";1;"A";12;"A";11;"A";91.1;"A";66.49;"A";63.28;"A"
"2025-01-31 01:30";3.47;"A";86.11;"A";1016.34;"A";327;"A";23;"A";1;"A";12;"A";11;"A";94.76;"A";69.17;"A";65.85;"A"
"2025-01-31 01:45";3.52;"A";87.49;"A";1016.38;"A";255;"A";25;"A";1;"A";10;"A";15;"A";77.86;"A";56.79;"A";54.02;"A"
"2025-01-31 02:00";3.68;"A";86.84;"A";1016.49;"A";193;"A";24;"A";1;"A";9;"A";16;"A";68.96;"A";50.27;"A";47.79;"A"
"2025-01-31 02:15";3.62;"A";85.91;"A";1016.56;"A";199;"A";23;"A";1;"A";7;"A";16;"A";67.6;"A";49.28;"A";46.84;"A"
"2025-01-31 02:30";3.65;"A";86.09;"A";1016.44;"A";225;"A";24;"A";1;"A";8;"A";15;"A";81.43;"A";59.41;"A";56.52;"A"
"2025-01-31 02:45";3.71;"A";86.49;"A";1016.44;"A";245;"A";23;"A";1;"A";10;"A";13;"A";88.21;"A";64.37;"A";61.26;"A"
"2025-01-31 03:00";3.85;"A";86.53;"A";1016.39;"A";259;"A";23;"A";1;"A";11;"A";12;"A";82.62;"A";60.28;"A";57.35;"A"
"2025-01-31 03:15";4.12;"A";86.18;"A";1016.38;"A";309;"A";24;"A";1;"A";14;"A";10;"A";88.18;"A";64.35;"A";61.24;"A"
"2025-01-31 03:30";4.47;"A";85.63;"A";1016.38;"A";316;"A";25;"A";1;"A";14;"A";10;"A";89.77;"A";65.52;"A";62.35;"A"
"2025-01-31 03:45";4.69;"A";85.38;"A";1016.09;"A";343;"A";25;"A";1;"A";14;"A";11;"A";91.23;"A";66.59;"A";63.38;"A"
"2025-01-31 04:00";5.03;"A";85.44;"A";1015.89;"A";330;"A";25;"A";1;"A";13;"A";13;"A";91.3;"A";66.64;"A";63.43;"A"
"2025-01-31 04:15";5.52;"A";84.84;"A";1015.87;"A";280;"A";27;"A";1;"A";9;"A";18;"A";80.5;"A";58.73;"A";55.87;"A"
"2025-01-31 04:30";5.79;"A";84.23;"A";1015.91;"A";264;"A";28;"A";1;"A";9;"A";20;"A";74.46;"A";54.3;"A";51.64;"A"
"2025-01-31 04:45";5.96;"A";83.45;"A";1015.75;"A";261;"A";29;"A";0;"A";8;"A";20;"A";71.9;"A";52.42;"A";49.84;"A"
"2025-01-31 05:00";6.11;"A";82.81;"A";1015.7;"A";243;"A";30;"A";0;"A";8;"A";22;"A";67.16;"A";48.96;"A";46.53;"A"
"2025-01-31 05:15";6.23;"A";82.17;"A";1015.62;"A";226;"A";30;"A";0;"A";7;"A";23;"A";65.62;"A";47.82;"A";45.45;"A"
"2025-01-31 05:30";6.25;"A";82.09;"A";1015.67;"A";222;"A";30;"A";0;"A";7;"A";23;"A";65.3;"A";47.59;"A";45.23;"A"
"2025-01-31 05:45";6.29;"A";82.42;"A";1015.66;"A";209;"A";31;"A";0;"A";8;"A";23;"A";64.21;"A";46.79;"A";44.46;"A"
"2025-01-31 06:00";6.29;"A";82.68;"A";1015.79;"A";196;"A";31;"A";0;"A";8;"A";23;"A";64.04;"A";46.67;"A";44.35;"A"
"2025-01-31 06:15";6.31;"A";83.25;"A";1015.77;"A";209;"A";31;"A";0;"A";9;"A";22;"A";66.07;"A";48.16;"A";45.77;"A"
"2025-01-31 06:30";6.36;"A";83.69;"A";1015.77;"A";215;"A";30;"A";0;"A";9;"A";21;"A";64.32;"A";46.88;"A";44.54;"A"
"2025-01-31 06:45";6.48;"A";83.69;"A";1015.89;"A";201;"A";30;"A";0;"A";9;"A";21;"A";59.27;"A";43.17;"A";41;"A"
"2025-01-31 07:00";6.59;"A";83.65;"A";1016.08;"A";189;"A";31;"A";0;"A";9;"A";22;"A";54.11;"A";39.39;"A";37.39;"A"
"2025-01-31 07:15";6.59;"A";83.54;"A";1016.14;"A";190;"A";30;"A";0;"A";9;"A";21;"A";51.99;"A";37.84;"A";35.91;"A"
"2025-01-31 07:30";6.61;"A";83.3;"A";1016.16;"A";241;"A";29;"A";0;"A";8;"A";21;"A";56.57;"A";41.2;"A";39.12;"A"
"2025-01-31 07:45";6.71;"A";82.97;"A";1016.2;"A";314;"A";30;"A";0;"A";12;"A";18;"A";64.92;"A";47.31;"A";44.96;"A"
"2025-01-31 08:00";6.87;"A";82.25;"A";1016.22;"A";328;"A";31;"A";0;"A";13;"A";18;"A";65.24;"A";47.55;"A";45.19;"A"
"2025-01-31 08:15";6.95;"A";81.92;"A";1016.22;"A";324;"A";31;"A";0;"A";15;"A";16;"A";64.25;"A";46.82;"A";44.49;"A"
"2025-01-31 08:30";7.06;"A";81.49;"A";1016.41;"A";281;"A";30;"A";0;"A";13;"A";17;"A";64.64;"A";47.11;"A";44.76;"A"
"2025-01-31 08:45";7.14;"A";81.19;"A";1016.45;"A";293;"A";33;"A";0;"A";18;"A";15;"A";60.42;"A";44.02;"A";41.81;"A"
"2025-01-31 09:00";7.25;"A";80.8;"A";1016.46;"A";253;"A";31;"A";0;"A";16;"A";16;"A";58.5;"A";42.61;"A";40.47;"A"
"2025-01-31 09:15";7.33;"A";80.68;"A";1016.49;"A";240;"A";32;"A";0;"A";16;"A";16;"A";56.98;"A";41.49;"A";39.4;"A"
"2025-01-31 09:30";7.38;"A";80.2;"A";1016.51;"A";218;"A";30;"A";0;"A";13;"A";17;"A";61.25;"A";44.62;"A";42.39;"A"
"2025-01-31 09:45";7.45;"A";79.7;"A";1016.35;"A";394;"A";32;"A";0;"A";16;"A";16;"A";52.91;"A";38.52;"A";36.56;"A"
"2025-01-31 10:00";7.46;"A";79.72;"A";1016.36;"A";197;"A";30;"A";0;"A";12;"A";18;"A";52.8;"A";38.43;"A";36.47;"A"
"2025-01-31 10:15";7.52;"A";79.62;"A";1016.27;"A";241;"A";31;"A";0;"A";15;"A";16;"A";52.68;"A";38.34;"A";36.39;"A"
"2025-01-31 10:30";7.65;"A";79.53;"A";1016.39;"A";209;"A";31;"A";0;"A";14;"A";16;"A";49.26;"A";35.84;"A";34;"A"
"2025-01-31 10:45";7.77;"A";79.18;"A";1016.29;"A";215;"A";30;"A";0;"A";14;"A";16;"A";51.64;"A";37.59;"A";35.67;"A"
"2025-01-31 11:00";7.95;"A";79.19;"A";1016.27;"A";209;"A";31;"A";0;"A";14;"A";17;"A";50.75;"A";36.93;"A";35.04;"A"
"2025-01-31 11:15";7.97;"A";79.49;"A";1016.25;"A";191;"A";32;"A";0;"A";11;"A";21;"A";49.08;"A";35.71;"A";33.88;"A"
"2025-01-31 11:30";8.04;"A";79.52;"A";1016.27;"A";180;"A";31;"A";0;"A";11;"A";20;"A";50.38;"A";36.66;"A";34.78;"A"
"2025-01-31 11:45";8.09;"A";79.69;"A";1016.11;"A";185;"A";32;"A";0;"A";12;"A";20;"A";50.71;"A";36.9;"A";35.01;"A"
"2025-01-31 12:00";8.12;"A";79.96;"A";1016.04;"A";167;"A";31;"A";0;"A";9;"A";22;"A";50.42;"A";36.69;"A";34.81;"A"
"2025-01-31 12:15";8.31;"A";79.85;"A";1015.83;"A";160;"A";30;"A";0;"A";8;"A";22;"A";52.4;"A";38.14;"A";36.2;"A"
"2025-01-31 12:30";8.45;"A";79.72;"A";1015.78;"A";224;"A";30;"A";0;"A";9;"A";21;"A";57.17;"A";41.63;"A";39.53;"A"
"2025-01-31 12:45";8.55;"A";79.69;"A";1015.68;"A";203;"A";31;"A";0;"A";10;"A";21;"A";56.49;"A";41.14;"A";39.06;"A"
"2025-01-31 13:00";8.58;"A";79.77;"A";1015.57;"A";199;"A";31;"A";0;"A";10;"A";21;"A";56.87;"A";41.41;"A";39.32;"A"
"2025-01-31 13:15";8.51;"A";79.9;"A";1015.55;"A";189;"A";30;"A";0;"A";9;"A";22;"A";60.04;"A";43.74;"A";41.54;"A"
"2025-01-31 13:30";8.61;"A";79.84;"A";1015.52;"A";196;"A";30;"A";0;"A";10;"A";20;"A";61.55;"A";44.84;"A";42.6;"A"
"2025-01-31 13:45";8.62;"A";79.89;"A";1015.51;"A";209;"A";30;"A";0;"A";10;"A";20;"A";62.9;"A";45.83;"A";43.55;"A"
"2025-01-31 14:00";8.66;"A";80.18;"A";1015.54;"A";210;"A";30;"A";0;"A";11;"A";19;"A";64.02;"A";46.65;"A";44.33;"A"
"2025-01-31 14:15";8.66;"A";80.54;"A";1015.49;"A";226;"A";30;"A";0;"A";12;"A";18;"A";63.34;"A";46.16;"A";43.86;"A"
"2025-01-31 14:30";8.78;"A";80.7;"A";1015.42;"A";219;"A";30;"A";0;"A";11;"A";19;"A";64.15;"A";46.75;"A";44.42;"A"
"2025-01-31 14:45";8.88;"A";80.65;"A";1015.41;"A";220;"A";31;"A";0;"A";12;"A";18;"A";63.67;"A";46.4;"A";44.08;"A"
"2025-01-31 15:00";8.93;"A";80.85;"A";1015.46;"A";226;"A";31;"A";0;"A";12;"A";19;"A";60.14;"A";43.81;"A";41.62;"A"
"2025-01-31 15:15";8.98;"A";81.05;"A";1015.52;"A";211;"A";31;"A";0;"A";12;"A";19;"A";60.19;"A";43.84;"A";41.65;"A"
"2025-01-31 15:30";8.93;"A";80.97;"A";1015.52;"A";230;"A";30;"A";0;"A";11;"A";20;"A";62.59;"A";45.6;"A";43.33;"A"
"2025-01-31 15:45";8.95;"A";81.18;"A";1015.54;"A";214;"A";30;"A";0;"A";11;"A";19;"A";65.83;"A";47.98;"A";45.6;"A"
"2025-01-31 16:00";8.98;"A";81.15;"A";1015.53;"A";241;"A";30;"A";0;"A";13;"A";17;"A";65.26;"A";47.56;"A";45.2;"A"
"2025-01-31 16:15";8.95;"A";81.49;"A";1015.49;"A";240;"A";29;"A";0;"A";12;"A";17;"A";66.16;"A";48.22;"A";45.83;"A"
"2025-01-31 16:30";8.96;"A";81.87;"A";1015.49;"A";259;"A";31;"A";0;"A";14;"A";16;"A";81.81;"A";59.69;"A";56.78;"A"
"2025-01-31 16:45";8.95;"A";82.13;"A";1015.44;"A";237;"A";30;"A";0;"A";14;"A";16;"A";70.98;"A";51.75;"A";49.2;"A"
"2025-01-31 17:00";8.92;"A";82.42;"A";1015.52;"A";234;"A";30;"A";0;"A";14;"A";16;"A";72;"A";52.5;"A";49.92;"A"
"2025-01-31 17:15";8.87;"A";82.9;"A";1015.51;"A";257;"A";29;"A";0;"A";14;"A";15;"A";73.37;"A";53.51;"A";50.88;"A"
"2025-01-31 17:30";8.8;"A";83.54;"A";1015.5;"A";404;"A";28;"A";1;"A";15;"A";13;"A";142.34;"A";104.03;"A";99.15;"A"
"2025-01-31 17:45";8.8;"A";83.83;"A";1015.46;"A";316;"A";29;"A";1;"A";15;"A";13;"A";78.58;"A";57.32;"A";54.52;"A"
"2025-01-31 18:00";8.78;"A";84.11;"A";1015.44;"A";285;"A";29;"A";0;"A";15;"A";14;"A";80.41;"A";58.66;"A";55.8;"A"
"2025-01-31 18:15";8.78;"A";84.29;"A";1015.5;"A";297;"A";28;"A";0;"A";14;"A";14;"A";84.01;"A";61.3;"A";58.32;"A"
"2025-01-31 18:30";8.7;"A";84.95;"A";1015.48;"A";290;"A";28;"A";1;"A";12;"A";15;"A";88.85;"A";64.85;"A";61.71;"A"
"2025-01-31 18:45";8.7;"A";85.23;"A";1015.5;"A";262;"A";27;"A";1;"A";11;"A";16;"A";89.72;"A";65.48;"A";62.32;"A"
"2025-01-31 19:00";8.67;"A";85.66;"A";1015.56;"A";237;"A";26;"A";0;"A";11;"A";15;"A";92.5;"A";67.52;"A";64.26;"A"
"2025-01-31 19:15";8.57;"A";86.37;"A";1015.48;"A";260;"A";26;"A";0;"A";13;"A";14;"A";99.12;"A";72.37;"A";68.9;"A"
"2025-01-31 19:30";8.56;"A";86.64;"A";1015.43;"A";242;"A";25;"A";1;"A";11;"A";14;"A";98.66;"A";72.03;"A";68.58;"A"
"2025-01-31 19:45";8.54;"A";86.92;"A";1015.45;"A";201;"A";26;"A";0;"A";12;"A";14;"A";94.95;"A";69.31;"A";65.98;"A"
"2025-01-31 20:00";8.57;"A";86.94;"A";1015.46;"A";194;"A";26;"A";1;"A";13;"A";13;"A";102.59;"A";74.91;"A";71.33;"A"
"2025-01-31 20:15";8.54;"A";87.08;"A";1015.43;"A";201;"A";25;"A";1;"A";11;"A";14;"A";109.95;"A";80.3;"A";76.48;"A"
"2025-01-31 20:30";8.67;"A";86.7;"A";1015.41;"A";238;"A";25;"A";1;"A";11;"A";14;"A";121.64;"A";88.87;"A";84.67;"A"
"2025-01-31 20:45";8.74;"A";86.1;"A";1015.46;"A";299;"A";24;"A";1;"A";10;"A";14;"A";100.47;"A";73.36;"A";69.85;"A"
"2025-01-31 21:00";8.83;"A";85.45;"A";1015.43;"A";575;"A";26;"A";1;"A";10;"A";15;"A";89.72;"A";65.48;"A";62.32;"A"
"2025-01-31 21:15";8.92;"A";85.17;"A";1015.49;"A";1345;"A";27;"A";1;"A";14;"A";13;"A";96.65;"A";70.56;"A";67.17;"A"
"2025-01-31 21:30";8.93;"A";84.92;"A";1015.42;"A";1448;"A";28;"A";1;"A";14;"A";14;"A";91.89;"A";67.07;"A";63.84;"A"
"2025-01-31 21:45";9.03;"A";84.49;"A";1015.5;"A";749;"A";27;"A";1;"A";11;"A";16;"A";102.21;"A";74.63;"A";71.06;"A"
"2025-01-31 22:00";9.03;"A";84.16;"A";1015.47;"A";726;"A";27;"A";1;"A";10;"A";17;"A";113.65;"A";83.01;"A";79.07;"A"
"2025-01-31 22:15";9.06;"A";84.2;"A";1015.46;"A";351;"A";27;"A";1;"A";12;"A";16;"A";119.67;"A";87.42;"A";83.28;"A"
"2025-01-31 22:30";9.05;"A";84.18;"A";1015.56;"A";282;"A";25;"A";1;"A";10;"A";15;"A";102.91;"A";75.14;"A";71.55;"A"
"2025-01-31 22:45";9.14;"A";83.72;"A";1015.46;"A";280;"A";26;"A";1;"A";10;"A";16;"A";85.54;"A";62.42;"A";59.39;"A"
"2025-01-31 23:00";9.1;"A";83.72;"A";1015.44;"A";283;"A";27;"A";0;"A";10;"A";17;"A";84.31;"A";61.52;"A";58.53;"A"
"2025-01-31 23:15";9.13;"A";83.85;"A";1015.31;"A";305;"A";27;"A";0;"A";12;"A";15;"A";83.85;"A";61.18;"A";58.21;"A"
"2025-01-31 23:30";9.12;"A";83.79;"A";1015.1;"A";336;"A";27;"A";1;"A";13;"A";15;"A";86.1;"A";62.83;"A";59.79;"A"
"2025-01-31 23:45";9.02;"A";84.2;"A";1015.09;"A";568;"A";25;"A";1;"A";12;"A";13;"A";89.55;"A";65.36;"A";62.2;"A"
"2025-02-01 00:00";9.12;"A";84.03;"A";1014.9;"A";582;"A";25;"A";1;"A";11;"A";14;"A";88.92;"A";64.89;"A";61.76;"A"