"timestamp";"TC~T-QM[Cairnet CXM24280940]";"in °C";"HR~T-QM[Cairnet CXM24280940]";"in %";"PA~T-QM[Cairnet CXM24280940]";"in hPa";"CO~4672-QM[Cairnet CXM24280940]";"in ppb";"O3-NO2~4694-QM[Cairnet CXM24280940]";"in ppb";"SO2~4715-QM[Cairnet CXM24280940]";"in ppb";"NO2~4581-QM[Cairnet CXM24280940]";"in ppb";"O3~0940-QM[Cairnet CXM24280940]";"in ppb";"PM10~D641-QM[Cairnet CXM24280940]";"in µg/m3";"PM2.5~D641-QM[Cairnet CXM24280940]";"in µg/m3";"PM1~D641-QM[Cairnet CXM24280940]";"in µg/m3"
"(in display TZ)";"value";"qc";"value";"qc";"value";"qc";"value";"qc";"value";"qc";"value";"qc";"value";"qc";"value";"qc";"value";"qc";"value";"qc";"value";"qc"
"2025-05-01 00:15";15.57;"A";45.56;"A";1007.62;"A";59;"A";35;"A";0;"A";9;"A";26;"A";19.07;"A";10.29;"A";7.02;"A"
"2025-05-01 00:30";15.24;"A";46.26;"A";1007.48;"A";51;"A";35;"A";0;"A";8;"A";27;"A";17.6;"A";9.36;"A";6.33;"A"
"2025-05-01 00:45";14.84;"A";47.46;"A";1007.37;"A";50;"A";34;"A";0;"A";9;"A";25;"A";12.29;"A";7.33;"A";4.98;"A"
"2025-05-01 01:00";14.34;"A";49.36;"A";1007.23;"A";51;"A";33;"A";0;"A";9;"A";24;"A";13.31;"A";7.23;"A";4.73;"A"
"2025-05-01 01:15";13.78;"A";51.21;"A";1007.14;"A";48;"A";33;"A";0;"A";8;"A";25;"A";13.21;"A";6.88;"A";4.33;"A"
"2025-05-01 01:30";13.39;"A";52.53;"A";1006.91;"A";48;"A";32;"A";0;"A";8;"A";24;"A";13.41;"A";6.8;"A";4.5;"A"
"2025-05-01 01:45";13.02;"A";54.01;"A";1006.8;"A";49;"A";31;"A";0;"A";8;"A";23;"A";15.53;"A";8.03;"A";5.12;"A"
"2025-05-01 02:00";12.96;"A";54.01;"A";1006.8;"A";50;"A";31;"A";0;"A";8;"A";23;"A";16.54;"A";8.58;"A";5.44;"A"
"2025-05-01 02:15";12.58;"A";55.45;"A";1006.92;"A";45;"A";31;"A";0;"A";7;"A";23;"A";14.03;"A";7.53;"A";4.66;"A"
"2025-05-01 02:30";12.42;"A";55.6;"A";1006.91;"A";41;"A";30;"A";0;"A";7;"A";23;"A";11.96;"A";6.94;"A";4.71;"A"
"2025-05-01 02:45";12.36;"A";55.58;"A";1006.7;"A";39;"A";30;"A";0;"A";8;"A";22;"A";15.94;"A";7.17;"A";4.92;"A"
"2025-05-01 03:00";12.33;"A";55.95;"A";1006.71;"A";51;"A";30;"A";0;"A";7;"A";23;"A";23.55;"A";14.58;"A";9.98;"A"
"2025-05-01 03:15";12.15;"A";56.84;"A";1006.72;"A";62;"A";30;"A";0;"A";7;"A";22;"A";33.13;"A";20.89;"A";14.6;"A"
"2025-05-01 03:30";12.03;"A";57.54;"A";1006.72;"A";63;"A";29;"A";0;"A";7;"A";22;"A";30.8;"A";18.99;"A";13.75;"A"
"2025-05-01 03:45";11.76;"A";58.87;"A";1006.7;"A";70;"A";28;"A";0;"A";8;"A";20;"A";27.75;"A";17.42;"A";12.28;"A"
"2025-05-01 04:00";11.61;"A";59.57;"A";1006.74;"A";84;"A";27;"A";0;"A";12;"A";14;"A";28.88;"A";18.63;"A";12.6;"A"
"2025-05-01 04:15";11.72;"A";58.61;"A";1006.56;"A";81;"A";28;"A";0;"A";18;"A";10;"A";29.68;"A";17.67;"A";12.11;"A"
"2025-05-01 04:30";11.55;"A";58.81;"A";1006.56;"A";63;"A";28;"A";0;"A";15;"A";13;"A";19.3;"A";11.06;"A";7.48;"A"
"2025-05-01 04:45";11.41;"A";59.32;"A";1006.52;"A";53;"A";28;"A";0;"A";10;"A";18;"A";15.01;"A";9.21;"A";6.37;"A"
"2025-05-01 05:00";11.18;"A";60.25;"A";1006.35;"A";56;"A";28;"A";0;"A";9;"A";19;"A";20.92;"A";11.28;"A";7.78;"A"
"2025-05-01 05:15";11.24;"A";59.99;"A";1006.33;"A";79;"A";29;"A";0;"A";9;"A";20;"A";35.76;"A";21.33;"A";14.86;"A"
"2025-05-01 05:30";10.93;"A";62.08;"A";1006.23;"A";78;"A";28;"A";0;"A";9;"A";19;"A";41.46;"A";26.55;"A";18.16;"A"
"2025-05-01 05:45";10.62;"A";63.42;"A";1006.12;"A";76;"A";28;"A";0;"A";12;"A";16;"A";37.03;"A";23.03;"A";16.04;"A"
"2025-05-01 06:00";10.91;"A";62.43;"A";1006.13;"A";90;"A";28;"A";0;"A";15;"A";13;"A";28.96;"A";16.46;"A";11.04;"A"
"2025-05-01 06:15";10.91;"A";62.16;"A";1006.3;"A";75;"A";28;"A";0;"A";16;"A";13;"A";20.91;"A";10.82;"A";7.3;"A"
"2025-05-01 06:30";10.93;"A";63.32;"A";1006.44;"A";121;"A";27;"A";0;"A";16;"A";11;"A";22.67;"A";12.55;"A";8.21;"A"
"2025-05-01 06:45";11.24;"A";61.83;"A";1006.36;"A";106;"A";27;"A";0;"A";14;"A";13;"A";23.18;"A";10.88;"A";7.28;"A"
"2025-05-01 07:00";11.82;"A";60.52;"A";1006.44;"A";160;"A";28;"A";0;"A";16;"A";13;"A";23.7;"A";11.89;"A";7.63;"A"
"2025-05-01 07:15";13.19;"A";57.2;"A";1006.37;"A";158;"A";27;"A";0;"A";16;"A";11;"A";21.96;"A";11.83;"A";7.69;"A"
"2025-05-01 07:30";13.96;"A";55.27;"A";1006.38;"A";176;"A";30;"A";0;"A";16;"A";14;"A";34.79;"A";21.57;"A";14.82;"A"
"2025-05-01 07:45";14.56;"A";53.6;"A";1006.44;"A";176;"A";32;"A";0;"A";19;"A";13;"A";25.38;"A";12.66;"A";8.63;"A"
"2025-05-01 08:00";14.94;"A";52.04;"A";1006.59;"A";172;"A";37;"A";0;"A";21;"A";16;"A";25.92;"A";12.98;"A";7.92;"A"
"2025-05-01 08:15";15.61;"A";49.94;"A";1006.64;"A";187;"A";37;"A";0;"A";21;"A";16;"A";22.94;"A";12.61;"A";7.8;"A"
"2025-05-01 08:30";16.44;"A";45.19;"A";1006.74;"A";141;"A";39;"A";0;"A";14;"A";25;"A";21.46;"A";12.27;"A";8.33;"A"
"2025-05-01 08:45";17.09;"A";42.57;"A";1006.59;"A";168;"A";42;"A";0;"A";18;"A";24;"A";25.5;"A";13.89;"A";9.42;"A"
"2025-05-01 09:00";19.03;"A";40;"A";1006.54;"A";198;"A";42;"A";0;"A";20;"A";23;"A";20.82;"A";11.76;"A";7.97;"A"
"2025-05-01 09:15";20.74;"A";37.06;"A";1006.52;"A";217;"A";41;"A";0;"A";19;"A";22;"A";22.35;"A";12.27;"A";8.28;"A"
"2025-05-01 09:30";22.23;"A";32.6;"A";1006.5;"A";183;"A";45;"A";0;"A";15;"A";31;"A";19.04;"A";9.27;"A";6.15;"A"
"2025-05-01 09:45";22.37;"A";30.09;"A";1006.47;"A";176;"A";49;"A";0;"A";11;"A";38;"A";13.1;"A";6.12;"A";4.34;"A"
"2025-05-01 10:00";22.59;"A";28.41;"A";1006.47;"A";139;"A";50;"A";0;"A";9;"A";41;"A";13.98;"A";7.58;"A";5.23;"A"
"2025-05-01 10:15";22.7;"A";28.32;"A";1006.56;"A";121;"A";51;"A";0;"A";11;"A";39;"A";12.74;"A";7.52;"A";5.56;"A"
"2025-05-01 10:30";22.76;"A";28.78;"A";1006.62;"A";221;"A";50;"A";0;"A";9;"A";42;"A";12.14;"A";5.8;"A";3.8;"A"
"2025-05-01 10:45";23.36;"A";27.79;"A";1006.31;"A";138;"A";50;"A";0;"A";13;"A";37;"A";15.48;"A";7.27;"A";4.48;"A"
"2025-05-01 11:00";23.52;"A";26.36;"A";1006.16;"A";246;"A";51;"A";0;"A";9;"A";42;"A";11.38;"A";4.94;"A";2.94;"A"
"2025-05-01 11:15";23.69;"A";26.58;"A";1005.99;"A";120;"A";52;"A";0;"A";9;"A";43;"A";15.18;"A";6.22;"A";3.82;"A"
"2025-05-01 11:30";23.64;"A";25.99;"A";1006.12;"A";101;"A";51;"A";0;"A";8;"A";43;"A";15.17;"A";5.95;"A";3.85;"A"
"2025-05-01 11:45";23.6;"A";26.02;"A";1006.05;"A";111;"A";52;"A";0;"A";6;"A";46;"A";12.63;"A";5.23;"A";3.12;"A"
"2025-05-01 12:00";24.05;"A";25.57;"A";1005.92;"A";111;"A";51;"A";0;"A";7;"A";44;"A";13.92;"A";5.52;"A";3.4;"A"
"2025-05-01 12:15";24.08;"A";24.88;"A";1005.71;"A";92;"A";51;"A";0;"A";6;"A";44;"A";13.92;"A";5.49;"A";3.27;"A"
"2025-05-01 12:30";24.31;"A";24.48;"A";1005.47;"A";118;"A";50;"A";0;"A";8;"A";43;"A";17.83;"A";9.03;"A";5.5;"A"
"2025-05-01 12:45";24.5;"A";24.26;"A";1005.24;"A";98;"A";50;"A";0;"A";7;"A";44;"A";10.57;"A";4.38;"A";2.86;"A"
"2025-05-01 13:00";24.82;"A";23.47;"A";1005.13;"A";101;"A";49;"A";0;"A";6;"A";42;"A";11.22;"A";5.23;"A";2.92;"A"
"2025-05-01 13:15";25.19;"A";24.01;"A";1004.98;"A";111;"A";48;"A";0;"A";6;"A";42;"A";9.88;"A";4.33;"A";2.78;"A"
"2025-05-01 13:30";25.58;"A";24.01;"A";1004.88;"A";103;"A";47;"A";0;"A";6;"A";41;"A";8.7;"A";4.46;"A";2.89;"A"
"2025-05-01 13:45";25.97;"A";23.63;"A";1004.75;"A";112;"A";47;"A";0;"A";6;"A";41;"A";11.35;"A";6.79;"A";4.5;"A"
"2025-05-01 14:00";26.74;"A";22.92;"A";1004.56;"A";111;"A";48;"A";0;"A";6;"A";42;"A";11.69;"A";7.07;"A";4.9;"A"
"2025-05-01 14:15";27.22;"A";22.68;"A";1004.58;"A";114;"A";47;"A";0;"A";6;"A";42;"A";11.77;"A";7.47;"A";5.03;"A"
"2025-05-01 14:30";27.46;"A";22.08;"A";1004.41;"A";133;"A";47;"A";0;"A";5;"A";42;"A";10.68;"A";6.69;"A";4.96;"A"
"2025-05-01 14:45";27.59;"A";21.72;"A";1004.17;"A";170;"A";47;"A";0;"A";5;"A";42;"A";11.27;"A";6.06;"A";4.49;"A"
"2025-05-01 15:00";27.98;"A";21.57;"A";1003.93;"A";112;"A";48;"A";0;"A";5;"A";43;"A";10.87;"A";6.52;"A";4.26;"A"
"2025-05-01 15:15";28.26;"A";20.99;"A";1003.62;"A";113;"A";47;"A";0;"A";6;"A";41;"A";12.77;"A";5.82;"A";4.07;"A"
"2025-05-01 15:30";28.32;"A";21.27;"A";1003.49;"A";107;"A";46;"A";0;"A";6;"A";40;"A";9.85;"A";4.47;"A";3.07;"A"
"2025-05-01 15:45";28.39;"A";21.48;"A";1003.53;"A";112;"A";47;"A";0;"A";8;"A";39;"A";11.06;"A";5.08;"A";3.03;"A"
"2025-05-01 16:00";28.41;"A";21.25;"A";1003.42;"A";98;"A";44;"A";0;"A";5;"A";40;"A";7.57;"A";3.79;"A";2.27;"A"
"2025-05-01 16:15";28.59;"A";20.87;"A";1003.43;"A";99;"A";44;"A";0;"A";5;"A";39;"A";8.88;"A";3.85;"A";2.37;"A"
"2025-05-01 16:30";28.52;"A";20.56;"A";1003.35;"A";91;"A";44;"A";0;"A";5;"A";39;"A";6.87;"A";3.12;"A";2.11;"A"
"2025-05-01 16:45";28.37;"A";20.97;"A";1003.25;"A";116;"A";44;"A";0;"A";7;"A";37;"A";10.38;"A";4.09;"A";2.29;"A"
"2025-05-01 17:00";28.33;"A";20.88;"A";1003.08;"A";104;"A";43;"A";0;"A";6;"A";37;"A";8.44;"A";3.47;"A";2.16;"A"
"2025-05-01 17:15";28.08;"A";21.35;"A";1003.07;"A";118;"A";41;"A";0;"A";5;"A";37;"A";8.32;"A";3.43;"A";2.02;"A"
"2025-05-01 17:30";27.48;"A";21.6;"A";1003.1;"A";118;"A";42;"A";0;"A";5;"A";37;"A";8.26;"A";3.69;"A";2.09;"A"
"2025-05-01 17:45";26.94;"A";21.83;"A";1003.24;"A";117;"A";42;"A";0;"A";5;"A";37;"A";8.85;"A";4.27;"A";2.57;"A"
"2025-05-01 18:00";26.53;"A";22.14;"A";1003.12;"A";110;"A";43;"A";0;"A";5;"A";38;"A";9.67;"A";3.93;"A";2.39;"A"
"2025-05-01 18:15";26.17;"A";22.58;"A";1002.92;"A";95;"A";43;"A";0;"A";5;"A";38;"A";8.58;"A";3.98;"A";2.46;"A"
"2025-05-01 18:30";25.49;"A";23.26;"A";1002.92;"A";96;"A";43;"A";0;"A";6;"A";37;"A";12.18;"A";4.95;"A";3.14;"A"
"2025-05-01 18:45";24.46;"A";28.15;"A";1003.16;"A";101;"A";42;"A";0;"A";6;"A";35;"A";46.07;"A";16.09;"A";9.26;"A"
"2025-05-01 19:00";23.54;"A";30.54;"A";1003.36;"A";102;"A";39;"A";0;"A";4;"A";34;"A";47.7;"A";16.75;"A";9.79;"A"
"2025-05-01 19:15";22.86;"A";31.62;"A";1003.57;"A";84;"A";40;"A";0;"A";4;"A";36;"A";33.63;"A";12.42;"A";7.39;"A"
"2025-05-01 19:30";22.24;"A";33.38;"A";1004;"A";84;"A";40;"A";0;"A";5;"A";35;"A";29.78;"A";12.25;"A";7.25;"A"
"2025-05-01 19:45";21.65;"A";34.27;"A";1004.26;"A";68;"A";41;"A";0;"A";5;"A";36;"A";16.09;"A";7.42;"A";4.54;"A"
"2025-05-01 20:00";21.13;"A";35.53;"A";1004.21;"A";70;"A";40;"A";0;"A";5;"A";35;"A";13.45;"A";6.04;"A";3.95;"A"
"2025-05-01 20:15";20.78;"A";36.02;"A";1004.49;"A";72;"A";38;"A";0;"A";5;"A";33;"A";12.83;"A";5.5;"A";3.35;"A"
"2025-05-01 20:30";20.34;"A";35.01;"A";1004.7;"A";53;"A";38;"A";0;"A";5;"A";33;"A";11.66;"A";4.66;"A";2.68;"A"
"2025-05-01 20:45";20.07;"A";34.86;"A";1004.94;"A";53;"A";38;"A";0;"A";5;"A";33;"A";11.3;"A";4.3;"A";2.53;"A"
"2025-05-01 21:00";19.72;"A";34.78;"A";1005.04;"A";51;"A";39;"A";0;"A";5;"A";33;"A";9.6;"A";4.13;"A";2.66;"A"
"2025-05-01 21:15";19.38;"A";35.09;"A";1005.1;"A";52;"A";38;"A";0;"A";5;"A";33;"A";10.72;"A";4.88;"A";3.07;"A"
"2025-05-01 21:30";19.01;"A";35.26;"A";1005.33;"A";62;"A";38;"A";0;"A";6;"A";32;"A";12.43;"A";5.9;"A";3.63;"A"
"2025-05-01 21:45";18.7;"A";35.09;"A";1005.42;"A";59;"A";37;"A";0;"A";5;"A";32;"A";14.73;"A";6.18;"A";4;"A"
"2025-05-01 22:00";18.38;"A";34.21;"A";1005.46;"A";45;"A";37;"A";0;"A";5;"A";32;"A";18.42;"A";8.34;"A";5.21;"A"
"2025-05-01 22:15";18.08;"A";32.07;"A";1005.56;"A";40;"A";39;"A";0;"A";5;"A";34;"A";17.16;"A";8.96;"A";5.77;"A"
"2025-05-01 22:30";17.88;"A";31.28;"A";1005.5;"A";39;"A";40;"A";0;"A";6;"A";34;"A";19.77;"A";8.66;"A";5.65;"A"
"2025-05-01 22:45";17.65;"A";31.62;"A";1005.62;"A";40;"A";39;"A";0;"A";5;"A";34;"A";20.07;"A";9.15;"A";5.75;"A"
"2025-05-01 23:00";17.36;"A";32.02;"A";1005.83;"A";54;"A";39;"A";0;"A";5;"A";33;"A";19.38;"A";8.98;"A";5.56;"A"
"2025-05-01 23:15";16.92;"A";33.95;"A";1006.1;"A";45;"A";38;"A";0;"A";6;"A";32;"A";25.85;"A";11.21;"A";6.79;"A"
"2025-05-01 23:30";16.6;"A";36.04;"A";1006.16;"A";46;"A";35;"A";0;"A";5;"A";30;"A";39.58;"A";14.12;"A";8.43;"A"
"2025-05-01 23:45";16.23;"A";37.43;"A";1006.37;"A";43;"A";34;"A";0;"A";5;"A";29;"A";30.36;"A";11.52;"A";6.71;"A"
"2025-05-02 00:00";15.9;"A";38.16;"A";1006.58;"A";38;"A";33;"A";0;"A";4;"A";29;"A";27.11;"A";10;"A";5.43;"A"
"2025-05-02 00:15";15.55;"A";38.6;"A";1006.98;"A";32;"A";32;"A";0;"A";4;"A";28;"A";25.87;"A";9.4;"A";5.07;"A"
"2025-05-02 00:30";15.23;"A";38.78;"A";1007.13;"A";30;"A";32;"A";0;"A";5;"A";27;"A";23.39;"A";9.42;"A";5.24;"A"
"2025-05-02 00:45";15;"A";39.33;"A";1007.23;"A";29;"A";32;"A";0;"A";5;"A";27;"A";23.84;"A";8.15;"A";4.79;"A"
"2025-05-02 01:00";14.62;"A";40.02;"A";1007.36;"A";27;"A";32;"A";0;"A";4;"A";28;"A";20.9;"A";7.65;"A";4.24;"A"
"2025-05-02 01:15";14.19;"A";40.87;"A";1007.42;"A";27;"A";32;"A";0;"A";5;"A";27;"A";17.8;"A";6.67;"A";3.79;"A"
"2025-05-02 01:30";13.91;"A";41.38;"A";1007.39;"A";27;"A";32;"A";0;"A";5;"A";27;"A";18.5;"A";7.06;"A";3.8;"A"
"2025-05-02 01:45";13.66;"A";41.95;"A";1007.39;"A";27;"A";31;"A";0;"A";5;"A";27;"A";17.54;"A";5.88;"A";3.61;"A"
"2025-05-02 02:00";13.37;"A";42.39;"A";1007.37;"A";23;"A";32;"A";0;"A";5;"A";27;"A";17.54;"A";6.02;"A";3.37;"A"
"2025-05-02 02:15";13.12;"A";43.14;"A";1007.63;"A";23;"A";32;"A";0;"A";5;"A";27;"A";16.08;"A";6.42;"A";3.41;"A"
"2025-05-02 02:30";12.83;"A";44.46;"A";1008.11;"A";25;"A";32;"A";0;"A";5;"A";27;"A";15.44;"A";5.94;"A";3.19;"A"
"2025-05-02 02:45";12.47;"A";45.94;"A";1008.22;"A";25;"A";31;"A";0;"A";4;"A";27;"A";15.84;"A";5.98;"A";3.4;"A"
"2025-05-02 03:00";12.14;"A";47.44;"A";1008.46;"A";25;"A";30;"A";0;"A";4;"A";26;"A";14.26;"A";5.22;"A";3.2;"A"
"2025-05-02 03:15";11.95;"A";48.64;"A";1008.73;"A";26;"A";30;"A";0;"A";6;"A";24;"A";15.82;"A";6.44;"A";3.84;"A"
"2025-05-02 03:30";11.62;"A";47.68;"A";1008.79;"A";23;"A";29;"A";0;"A";6;"A";23;"A";11.84;"A";5.64;"A";3.6;"A"
"2025-05-02 03:45";11.42;"A";46.95;"A";1008.8;"A";20;"A";31;"A";0;"A";7;"A";24;"A";11.71;"A";5.23;"A";3.5;"A"
"2025-05-02 04:00";11.12;"A";47.8;"A";1008.72;"A";22;"A";31;"A";0;"A";8;"A";23;"A";12.55;"A";6.29;"A";4.06;"A"
"2025-05-02 04:15";10.99;"A";47.35;"A";1008.75;"A";21;"A";31;"A";0;"A";6;"A";25;"A";12.02;"A";5.51;"A";3.33;"A"
"2025-05-02 04:30";10.77;"A";46.33;"A";1008.92;"A";20;"A";33;"A";0;"A";6;"A";27;"A";10.68;"A";4.37;"A";2.72;"A"
"2025-05-02 04:45";10.56;"A";45.9;"A";1008.92;"A";18;"A";34;"A";0;"A";6;"A";28;"A";10.57;"A";4.93;"A";3.2;"A"
"2025-05-02 05:00";10.28;"A";46.54;"A";1009.17;"A";20;"A";33;"A";0;"A";7;"A";26;"A";11.87;"A";5.44;"A";3.52;"A"
"2025-05-02 05:15";9.88;"A";46.44;"A";1009.22;"A";18;"A";34;"A";0;"A";6;"A";28;"A";7.96;"A";4.09;"A";2.43;"A"
"2025-05-02 05:30";9.66;"A";46.38;"A";1009.32;"A";18;"A";35;"A";0;"A";6;"A";29;"A";10.08;"A";4.05;"A";2.6;"A"
"2025-05-02 05:45";9.43;"A";46.68;"A";1009.43;"A";20;"A";34;"A";0;"A";6;"A";29;"A";8.07;"A";4.07;"A";2.7;"A"
"2025-05-02 06:00";9.29;"A";47.88;"A";1009.67;"A";21;"A";34;"A";0;"A";6;"A";28;"A";10.08;"A";4.99;"A";2.79;"A"
"2025-05-02 06:15";9.05;"A";49.55;"A";1009.69;"A";24;"A";33;"A";0;"A";8;"A";25;"A";10.71;"A";5.38;"A";3.36;"A"
"2025-05-02 06:30";9.06;"A";50.66;"A";1009.86;"A";37;"A";32;"A";0;"A";10;"A";21;"A";11.32;"A";5.91;"A";3.57;"A"
"2025-05-02 06:45";9.23;"A";49.59;"A";1010;"A";29;"A";32;"A";0;"A";8;"A";23;"A";12.11;"A";6.51;"A";3.99;"A"
"2025-05-02 07:00";9.79;"A";46.44;"A";1010.04;"A";25;"A";32;"A";0;"A";7;"A";24;"A";10.85;"A";5.46;"A";3.5;"A"
"2025-05-02 07:15";10.78;"A";41.72;"A";1010.12;"A";23;"A";34;"A";0;"A";7;"A";27;"A";9.54;"A";4.62;"A";3.02;"A"
"2025-05-02 07:30";11;"A";39.8;"A";1010.19;"A";23;"A";37;"A";0;"A";7;"A";30;"A";12.16;"A";6.02;"A";3.58;"A"
"2025-05-02 07:45";10.83;"A";39.71;"A";1010.41;"A";30;"A";39;"A";0;"A";9;"A";30;"A";11.42;"A";5.68;"A";3.52;"A"
"2025-05-02 08:00";10.8;"A";38.92;"A";1010.33;"A";30;"A";38;"A";0;"A";8;"A";31;"A";8.38;"A";4.41;"A";2.91;"A"
"2025-05-02 08:15";11;"A";37.99;"A";1010.24;"A";30;"A";38;"A";0;"A";8;"A";30;"A";14.49;"A";5.85;"A";3.94;"A"
"2025-05-02 08:30";11.25;"A";37.98;"A";1010.29;"A";38;"A";39;"A";0;"A";9;"A";30;"A";18.08;"A";7.78;"A";4.93;"A"
"2025-05-02 08:45";11.71;"A";37.71;"A";1010.41;"A";32;"A";39;"A";0;"A";7;"A";31;"A";16.42;"A";6.58;"A";3.75;"A"
"2025-05-02 09:00";12.07;"A";36.81;"A";1010.48;"A";42;"A";39;"A";0;"A";8;"A";30;"A";15.66;"A";5.94;"A";3.87;"A"
"2025-05-02 09:15";13.44;"A";34.97;"A";1010.49;"A";35;"A";39;"A";0;"A";7;"A";32;"A";12.03;"A";5.21;"A";3.26;"A"
"2025-05-02 09:30";14.29;"A";33.92;"A";1010.25;"A";44;"A";39;"A";0;"A";8;"A";31;"A";11.01;"A";4.68;"A";2.82;"A"
"2025-05-02 09:45";14.46;"A";33.8;"A";1010.32;"A";53;"A";40;"A";0;"A";7;"A";33;"A";14.99;"A";6.45;"A";3.57;"A"
"2025-05-02 10:00";14.31;"A";33.06;"A";1010.21;"A";48;"A";40;"A";0;"A";6;"A";34;"A";18.89;"A";7.79;"A";4.36;"A"
"2025-05-02 10:15";14.47;"A";31.7;"A";1010.13;"A";56;"A";41;"A";0;"A";7;"A";34;"A";22.52;"A";9.33;"A";5.2;"A"
"2025-05-02 10:30";14.75;"A";31.25;"A";1010.29;"A";44;"A";42;"A";0;"A";6;"A";36;"A";14.14;"A";6.29;"A";3.8;"A"
"2025-05-02 10:45";15.25;"A";31.57;"A";1010.29;"A";47;"A";42;"A";0;"A";6;"A";36;"A";11.64;"A";5.46;"A";3.26;"A"
"2025-05-02 11:00";15.46;"A";33.04;"A";1010.16;"A";51;"A";40;"A";0;"A";6;"A";34;"A";14.32;"A";5.69;"A";3.41;"A"
"2025-05-02 11:15";15.03;"A";33.26;"A";1010.23;"A";49;"A";39;"A";0;"A";5;"A";34;"A";16.29;"A";6.38;"A";3.93;"A"
"2025-05-02 11:30";15.11;"A";33.69;"A";1010.18;"A";49;"A";39;"A";0;"A";6;"A";33;"A";18.28;"A";7.24;"A";4.14;"A"
"2025-05-02 11:45";15.09;"A";33.88;"A";1010.13;"A";54;"A";39;"A";0;"A";7;"A";32;"A";12.98;"A";5.63;"A";3.27;"A"
"2025-05-02 12:00";15.38;"A";33.34;"A";1010.07;"A";67;"A";41;"A";0;"A";13;"A";29;"A";22.54;"A";7.94;"A";4.69;"A"
"2025-05-02 12:15";15.66;"A";32.08;"A";1009.93;"A";50;"A";40;"A";0;"A";7;"A";32;"A";11.02;"A";4.89;"A";3.09;"A"
"2025-05-02 12:30";15.91;"A";31.74;"A";1009.84;"A";46;"A";40;"A";0;"A";7;"A";33;"A";11.44;"A";5;"A";2.91;"A"
"2025-05-02 12:45";16.19;"A";31.19;"A";1009.74;"A";53;"A";40;"A";0;"A";8;"A";33;"A";14.43;"A";6.35;"A";3.77;"A"
"2025-05-02 13:00";16.49;"A";30.82;"A";1009.63;"A";57;"A";39;"A";0;"A";7;"A";32;"A";14.06;"A";5.51;"A";3.26;"A"
"2025-05-02 13:15";16.69;"A";29.83;"A";1009.57;"A";57;"A";41;"A";0;"A";6;"A";35;"A";14.96;"A";5.62;"A";3.33;"A"
"2025-05-02 13:30";17.02;"A";29.85;"A";1009.37;"A";56;"A";42;"A";0;"A";7;"A";35;"A";10.25;"A";4.34;"A";2.57;"A"
"2025-05-02 13:45";17.75;"A";28.45;"A";1009.3;"A";57;"A";39;"A";0;"A";5;"A";34;"A";10.6;"A";4.75;"A";3.07;"A"
"2025-05-02 14:00";17.95;"A";28.04;"A";1009.2;"A";63;"A";41;"A";0;"A";6;"A";34;"A";12.71;"A";5.4;"A";3.32;"A"
"2025-05-02 14:15";18.63;"A";26.11;"A";1009.23;"A";59;"A";41;"A";0;"A";6;"A";35;"A";9.1;"A";4.16;"A";2.62;"A"
"2025-05-02 14:30";18.95;"A";24.93;"A";1009.19;"A";59;"A";42;"A";0;"A";6;"A";36;"A";12.22;"A";5.27;"A";2.91;"A"
"2025-05-02 14:45";19.26;"A";24.26;"A";1009.18;"A";61;"A";42;"A";0;"A";5;"A";37;"A";10.02;"A";4.19;"A";2.51;"A"
"2025-05-02 15:00";19.79;"A";23.63;"A";1009.05;"A";69;"A";42;"A";0;"A";6;"A";36;"A";13.31;"A";5.81;"A";3.3;"A"
"2025-05-02 15:15";20;"A";22.05;"A";1008.99;"A";60;"A";43;"A";0;"A";5;"A";37;"A";9.84;"A";4.21;"A";2.56;"A"
"2025-05-02 15:30";20.14;"A";22.93;"A";1008.96;"A";69;"A";43;"A";0;"A";6;"A";37;"A";9.83;"A";4.52;"A";2.74;"A"
"2025-05-02 15:45";19.99;"A";22.75;"A";1008.94;"A";72;"A";42;"A";0;"A";6;"A";37;"A";7.65;"A";4.16;"A";2.51;"A"
"2025-05-02 16:00";20.22;"A";22.76;"A";1008.89;"A";88;"A";44;"A";0;"A";9;"A";35;"A";14.65;"A";7.44;"A";5.02;"A"
"2025-05-02 16:15";20.27;"A";23.03;"A";1008.89;"A";79;"A";42;"A";0;"A";5;"A";37;"A";8.82;"A";4.58;"A";2.94;"A"
"2025-05-02 16:30";20.13;"A";22.39;"A";1008.97;"A";78;"A";43;"A";0;"A";6;"A";37;"A";10.96;"A";5.47;"A";3.42;"A"
"2025-05-02 16:45";20;"A";21.61;"A";1008.95;"A";87;"A";43;"A";0;"A";6;"A";37;"A";11.92;"A";6.31;"A";4.16;"A"
"2025-05-02 17:00";19.69;"A";21.35;"A";1008.91;"A";72;"A";44;"A";0;"A";5;"A";38;"A";8.96;"A";3.62;"A";2.26;"A"
"2025-05-02 17:15";19.4;"A";21.63;"A";1009.01;"A";71;"A";44;"A";0;"A";6;"A";38;"A";7.57;"A";3.51;"A";2.34;"A"
"2025-05-02 17:30";19.05;"A";23.07;"A";1008.98;"A";78;"A";44;"A";0;"A";7;"A";36;"A";9.2;"A";4.69;"A";2.66;"A"
"2025-05-02 17:45";18.56;"A";23.23;"A";1008.83;"A";69;"A";44;"A";0;"A";6;"A";38;"A";8.1;"A";3.35;"A";2.16;"A"
"2025-05-02 18:00";18.45;"A";23.93;"A";1008.76;"A";72;"A";43;"A";0;"A";6;"A";36;"A";6.74;"A";3.45;"A";2.11;"A"
"2025-05-02 18:15";18.03;"A";24.64;"A";1008.7;"A";59;"A";42;"A";0;"A";6;"A";37;"A";7.78;"A";3.74;"A";2.27;"A"
"2025-05-02 18:30";17.73;"A";25.09;"A";1008.64;"A";65;"A";42;"A";0;"A";7;"A";35;"A";6.81;"A";3.16;"A";2.11;"A"
"2025-05-02 18:45";17.26;"A";26.17;"A";1008.75;"A";66;"A";41;"A";0;"A";8;"A";33;"A";9.1;"A";4.06;"A";2.45;"A"
"2025-05-02 19:00";16.85;"A";26.53;"A";1008.78;"A";57;"A";41;"A";0;"A";7;"A";34;"A";7.93;"A";3.59;"A";2.29;"A"
"2025-05-02 19:15";16.55;"A";26.67;"A";1008.8;"A";52;"A";40;"A";0;"A";6;"A";34;"A";7.39;"A";3.26;"A";2.06;"A"
"2025-05-02 19:30";16.23;"A";27.14;"A";1008.9;"A";49;"A";40;"A";0;"A";7;"A";34;"A";8.06;"A";3.82;"A";2.58;"A"
"2025-05-02 19:45";15.98;"A";27.37;"A";1008.9;"A";47;"A";40;"A";0;"A";6;"A";34;"A";8.02;"A";3.68;"A";2.31;"A"
"2025-05-02 20:00";15.43;"A";28.87;"A";1008.91;"A";62;"A";40;"A";0;"A";7;"A";33;"A";9.23;"A";5.49;"A";3.53;"A"
"2025-05-02 20:15";14.88;"A";30.64;"A";1008.91;"A";74;"A";39;"A";0;"A";7;"A";32;"A";9.4;"A";4.48;"A";2.87;"A"
"2025-05-02 20:30";14.34;"A";32.25;"A";1008.93;"A";109;"A";38;"A";0;"A";9;"A";29;"A";8.81;"A";4.57;"A";3.04;"A"
"2025-05-02 20:45";13.96;"A";33.23;"A";1008.85;"A";201;"A";37;"A";0;"A";11;"A";25;"A";11.5;"A";6.04;"A";3.9;"A"
"2025-05-02 21:00";13.51;"A";34.71;"A";1009.09;"A";135;"A";36;"A";0;"A";23;"A";13;"A";12.89;"A";6.71;"A";4.3;"A"
"2025-05-02 21:15";13.17;"A";35.49;"A";1009.22;"A";155;"A";35;"A";0;"A";24;"A";11;"A";16.52;"A";9.65;"A";6.51;"A"
"2025-05-02 21:30";13.04;"A";35.72;"A";1009.23;"A";130;"A";35;"A";0;"A";17;"A";18;"A";11.49;"A";6.2;"A";4.14;"A"
"2025-05-02 21:45";12.87;"A";35.65;"A";1009.28;"A";100;"A";35;"A";0;"A";15;"A";20;"A";11.32;"A";5.66;"A";3.81;"A"
"2025-05-02 22:00";12.99;"A";33.83;"A";1009.18;"A";71;"A";36;"A";0;"A";14;"A";22;"A";13.06;"A";7.52;"A";5.21;"A"
"2025-05-02 22:15";12.82;"A";34.94;"A";1009.18;"A";57;"A";36;"A";0;"A";13;"A";23;"A";13.33;"A";8.07;"A";5.91;"A"
"2025-05-02 22:30";12.02;"A";37.84;"A";1009.26;"A";68;"A";35;"A";0;"A";14;"A";21;"A";12.99;"A";8.75;"A";6.32;"A"
"2025-05-02 22:45";11.21;"A";40.22;"A";1009.15;"A";96;"A";33;"A";0;"A";21;"A";12;"A";13.54;"A";8.04;"A";5.8;"A"
"2025-05-02 23:00";10.7;"A";41.66;"A";1009.06;"A";129;"A";33;"A";0;"A";26;"A";6;"A";16.13;"A";8.5;"A";5.64;"A"
"2025-05-02 23:15";10.23;"A";43.7;"A";1009.12;"A";134;"A";32;"A";0;"A";24;"A";8;"A";15.07;"A";7.89;"A";5.47;"A"
"2025-05-02 23:30";9.95;"A";45.01;"A";1009.15;"A";120;"A";31;"A";0;"A";21;"A";11;"A";12.68;"A";7.11;"A";5.03;"A"
"2025-05-02 23:45";9.88;"A";46.45;"A";1009.07;"A";124;"A";29;"A";0;"A";19;"A";10;"A";12.7;"A";7.7;"A";5.35;"A"
"2025-05-03 00:00";9.81;"A";46.07;"A";1009.15;"A";113;"A";29;"A";0;"A";16;"A";13;"A";13.2;"A";7.87;"A";5.55;"A"
"2025-05-03 00:15";9.52;"A";45.99;"A";1009.16;"A";104;"A";30;"A";0;"A";16;"A";14;"A";12.03;"A";7.31;"A";5.22;"A"
"2025-05-03 00:30";9.34;"A";46.73;"A";1009.03;"A";136;"A";30;"A";0;"A";19;"A";11;"A";15.99;"A";8.4;"A";5.82;"A"
"2025-05-03 00:45";9.1;"A";46.88;"A";1009.07;"A";135;"A";29;"A";0;"A";16;"A";12;"A";13.92;"A";8.23;"A";6.13;"A"
"2025-05-03 01:00";8.78;"A";48.54;"A";1008.98;"A";129;"A";29;"A";0;"A";16;"A";13;"A";15.24;"A";9.78;"A";7.09;"A"
"2025-05-03 01:15";8.4;"A";49.85;"A";1008.95;"A";135;"A";27;"A";0;"A";14;"A";13;"A";16.58;"A";11.33;"A";8.21;"A"
"2025-05-03 01:30";8.15;"A";50.65;"A";1009.08;"A";120;"A";27;"A";0;"A";13;"A";13;"A";17.38;"A";11.82;"A";8.49;"A"
"2025-05-03 01:45";7.95;"A";51.34;"A";1008.97;"A";140;"A";26;"A";0;"A";13;"A";14;"A";19.09;"A";13.67;"A";9.83;"A"
"2025-05-03 02:00";7.54;"A";53.7;"A";1008.88;"A";127;"A";26;"A";0;"A";13;"A";13;"A";18.73;"A";12.73;"A";9.08;"A"
"2025-05-03 02:15";7.41;"A";55.27;"A";1008.86;"A";112;"A";25;"A";0;"A";12;"A";14;"A";18.6;"A";12.16;"A";8.81;"A"
"2025-05-03 02:30";7.13;"A";56.91;"A";1008.72;"A";107;"A";24;"A";0;"A";10;"A";14;"A";16.2;"A";11.57;"A";8.35;"A"
"2025-05-03 02:45";6.96;"A";58.49;"A";1008.58;"A";106;"A";25;"A";0;"A";10;"A";15;"A";18.01;"A";12.37;"A";8.91;"A"
"2025-05-03 03:00";6.82;"A";60.71;"A";1008.53;"A";113;"A";23;"A";0;"A";10;"A";13;"A";19.36;"A";13.24;"A";9.56;"A"
"2025-05-03 03:15";6.58;"A";62.85;"A";1008.42;"A";112;"A";22;"A";0;"A";10;"A";13;"A";19.93;"A";13.17;"A";9.68;"A"
"2025-05-03 03:30";6.45;"A";63.83;"A";1008.47;"A";116;"A";21;"A";0;"A";10;"A";11;"A";19.18;"A";13.28;"A";9.25;"A"
"2025-05-03 03:45";6.37;"A";65.59;"A";1008.4;"A";121;"A";21;"A";0;"A";11;"A";10;"A";21.45;"A";14.22;"A";9.98;"A"
"2025-05-03 04:00";6.14;"A";67.81;"A";1008.5;"A";128;"A";20;"A";0;"A";12;"A";8;"A";20.71;"A";14.66;"A";10.38;"A"
"2025-05-03 04:15";5.81;"A";69.29;"A";1008.41;"A";126;"A";20;"A";0;"A";12;"A";8;"A";20.9;"A";14.24;"A";10.48;"A"
"2025-05-03 04:30";5.61;"A";70.84;"A";1008.24;"A";115;"A";20;"A";0;"A";12;"A";8;"A";21.67;"A";14.72;"A";9.91;"A"
"2025-05-03 04:45";5.67;"A";71.42;"A";1008.21;"A";109;"A";20;"A";0;"A";11;"A";10;"A";20.18;"A";13.88;"A";9.5;"A"
"2025-05-03 05:00";5.63;"A";70.76;"A";1008.22;"A";105;"A";20;"A";0;"A";10;"A";9;"A";18.54;"A";13.03;"A";9.29;"A"
"2025-05-03 05:15";5.66;"A";70.97;"A";1008.31;"A";145;"A";19;"A";0;"A";11;"A";8;"A";19.6;"A";13.51;"A";9.21;"A"
"2025-05-03 05:30";5.6;"A";72.76;"A";1008.35;"A";173;"A";19;"A";0;"A";14;"A";5;"A";21.31;"A";15.05;"A";10.53;"A"
"2025-05-03 05:45";5.62;"A";74.7;"A";1008.44;"A";156;"A";19;"A";0;"A";15;"A";4;"A";24.38;"A";15.98;"A";10.96;"A"
"2025-05-03 06:00";5.76;"A";74.6;"A";1008.41;"A";166;"A";18;"A";0;"A";14;"A";5;"A";25.41;"A";16.49;"A";11.51;"A"
"2025-05-03 06:15";5.89;"A";73.83;"A";1008.47;"A";170;"A";18;"A";0;"A";14;"A";5;"A";24.21;"A";16.75;"A";11.73;"A"
"2025-05-03 06:30";6.27;"A";73.19;"A";1008.64;"A";226;"A";18;"A";0;"A";15;"A";4;"A";39.37;"A";24.16;"A";16.35;"A"
"2025-05-03 06:45";6.54;"A";71.94;"A";1008.7;"A";269;"A";18;"A";0;"A";13;"A";4;"A";55.12;"A";30.53;"A";19.58;"A"
"2025-05-03 07:00";7.34;"A";68.32;"A";1008.78;"A";295;"A";19;"A";0;"A";15;"A";4;"A";37.01;"A";23.24;"A";16.28;"A"
"2025-05-03 07:15";9.07;"A";62.08;"A";1008.71;"A";289;"A";19;"A";0;"A";15;"A";4;"A";32.32;"A";20.68;"A";14.38;"A"
"2025-05-03 07:30";9.63;"A";60.4;"A";1008.62;"A";218;"A";21;"A";0;"A";16;"A";6;"A";27.09;"A";17.62;"A";12.24;"A"
"2025-05-03 07:45";9.94;"A";58.15;"A";1008.79;"A";177;"A";25;"A";0;"A";20;"A";5;"A";27.23;"A";16.71;"A";11.3;"A"
"2025-05-03 08:00";10.64;"A";54.95;"A";1008.83;"A";177;"A";27;"A";0;"A";21;"A";6;"A";26.11;"A";15.7;"A";11.23;"A"
"2025-05-03 08:15";11.61;"A";49.85;"A";1008.99;"A";449;"A";30;"A";0;"A";24;"A";6;"A";117.3;"A";48.27;"A";28.2;"A"
"2025-05-03 08:30";12.75;"A";44.63;"A";1008.99;"A";195;"A";33;"A";0;"A";25;"A";8;"A";25.13;"A";13.25;"A";8.83;"A"
"2025-05-03 08:45";13.93;"A";37.97;"A";1008.8;"A";187;"A";35;"A";0;"A";20;"A";15;"A";22.06;"A";11.78;"A";7.73;"A"
"2025-05-03 09:00";15.15;"A";34.05;"A";1008.82;"A";158;"A";40;"A";0;"A";23;"A";17;"A";21.24;"A";11.2;"A";7.21;"A"
"2025-05-03 09:15";16.57;"A";28.79;"A";1008.72;"A";163;"A";42;"A";0;"A";13;"A";30;"A";17.2;"A";8.31;"A";5.43;"A"
"2025-05-03 09:30";17.56;"A";25.76;"A";1008.56;"A";181;"A";46;"A";0;"A";9;"A";36;"A";14.21;"A";6.96;"A";4.23;"A"
"2025-05-03 09:45";17.6;"A";25.39;"A";1008.42;"A";156;"A";47;"A";0;"A";9;"A";38;"A";11.68;"A";5.66;"A";3.66;"A"
"2025-05-03 10:00";17.55;"A";26.52;"A";1008.42;"A";200;"A";46;"A";0;"A";11;"A";35;"A";11.86;"A";6.1;"A";3.78;"A"
"2025-05-03 10:15";17.63;"A";26.17;"A";1008.33;"A";134;"A";45;"A";0;"A";10;"A";35;"A";13.34;"A";6.28;"A";3.85;"A"
"2025-05-03 10:30";18.07;"A";26.24;"A";1008.25;"A";141;"A";45;"A";0;"A";9;"A";36;"A";13.37;"A";6.01;"A";3.89;"A"
"2025-05-03 10:45";18.54;"A";24.94;"A";1008.03;"A";113;"A";46;"A";0;"A";8;"A";38;"A";12.64;"A";6.09;"A";3.76;"A"
"2025-05-03 11:00";18.8;"A";24.7;"A";1007.97;"A";109;"A";48;"A";0;"A";8;"A";40;"A";12.01;"A";5.23;"A";3.39;"A"
"2025-05-03 11:15";18.84;"A";24.11;"A";1007.93;"A";93;"A";48;"A";0;"A";7;"A";40;"A";11.72;"A";5.71;"A";3.19;"A"
"2025-05-03 11:30";19.02;"A";24.03;"A";1007.8;"A";96;"A";48;"A";0;"A";7;"A";42;"A";8.91;"A";4.62;"A";2.98;"A"
"2025-05-03 11:45";19.44;"A";24.63;"A";1007.59;"A";91;"A";48;"A";0;"A";7;"A";41;"A";12;"A";4.56;"A";2.83;"A"
"2025-05-03 12:00";19.68;"A";24.31;"A";1007.47;"A";87;"A";48;"A";0;"A";7;"A";41;"A";10.4;"A";4.67;"A";3.05;"A"
"2025-05-03 12:15";20.12;"A";24.26;"A";1007.27;"A";86;"A";48;"A";0;"A";6;"A";42;"A";10.52;"A";4.45;"A";2.9;"A"
"2025-05-03 12:30";20.52;"A";24.03;"A";1007.21;"A";88;"A";48;"A";0;"A";6;"A";42;"A";9.79;"A";4.86;"A";3.03;"A"
"2025-05-03 12:45";20.7;"A";23.27;"A";1007.17;"A";91;"A";48;"A";0;"A";6;"A";42;"A";10.79;"A";5.14;"A";3.02;"A"
"2025-05-03 13:00";21.03;"A";22.99;"A";1007.15;"A";92;"A";48;"A";0;"A";6;"A";42;"A";10.25;"A";5.23;"A";3.02;"A"
"2025-05-03 13:15";21.53;"A";22.82;"A";1006.83;"A";89;"A";48;"A";0;"A";6;"A";42;"A";10.41;"A";4.94;"A";3.23;"A"
"2025-05-03 13:30";21.97;"A";22.32;"A";1006.65;"A";91;"A";47;"A";0;"A";6;"A";42;"A";9.86;"A";4.5;"A";2.77;"A"
"2025-05-03 13:45";22.55;"A";21.59;"A";1006.59;"A";88;"A";47;"A";0;"A";5;"A";42;"A";10.21;"A";5.1;"A";3.01;"A"
"2025-05-03 14:00";22.98;"A";21.65;"A";1006.52;"A";91;"A";48;"A";0;"A";6;"A";42;"A";10.62;"A";5.03;"A";2.88;"A"
"2025-05-03 14:15";23.7;"A";21.34;"A";1006.19;"A";104;"A";47;"A";0;"A";6;"A";41;"A";10.17;"A";4.54;"A";2.85;"A"
"2025-05-03 14:30";24.12;"A";20.8;"A";1005.97;"A";116;"A";47;"A";0;"A";6;"A";42;"A";13;"A";6;"A";3.81;"A"
"2025-05-03 14:45";24.22;"A";20.65;"A";1005.8;"A";112;"A";49;"A";0;"A";6;"A";42;"A";14.26;"A";6.3;"A";3.81;"A"
"2025-05-03 15:00";24.35;"A";20.23;"A";1005.68;"A";102;"A";48;"A";0;"A";5;"A";43;"A";10.78;"A";5.42;"A";3.37;"A"
"2025-05-03 15:15";24.61;"A";19.98;"A";1005.42;"A";105;"A";48;"A";0;"A";6;"A";42;"A";12.42;"A";5.36;"A";3.11;"A"
"2025-05-03 15:30";24.56;"A";19.69;"A";1005.24;"A";106;"A";49;"A";0;"A";6;"A";43;"A";12.19;"A";4.93;"A";3.23;"A"
"2025-05-03 15:45";24.84;"A";19.41;"A";1005.15;"A";107;"A";48;"A";0;"A";5;"A";42;"A";12.63;"A";5.78;"A";3.53;"A"
"2025-05-03 16:00";25.29;"A";18.96;"A";1005.06;"A";97;"A";48;"A";0;"A";5;"A";43;"A";12.78;"A";5;"A";3.24;"A"
"2025-05-03 16:15";25.38;"A";19.13;"A";1004.97;"A";88;"A";49;"A";0;"A";5;"A";44;"A";10.98;"A";5.04;"A";2.96;"A"
"2025-05-03 16:30";25.47;"A";19.38;"A";1004.74;"A";95;"A";48;"A";0;"A";7;"A";41;"A";13.05;"A";5.22;"A";3.09;"A"
"2025-05-03 16:45";25.72;"A";19.12;"A";1004.72;"A";87;"A";48;"A";0;"A";5;"A";43;"A";14.46;"A";5.57;"A";3.28;"A"
"2025-05-03 17:00";25.39;"A";19.49;"A";1004.58;"A";91;"A";47;"A";0;"A";5;"A";42;"A";13.9;"A";5.6;"A";3.33;"A"
"2025-05-03 17:15";25.14;"A";19.81;"A";1004.5;"A";93;"A";47;"A";0;"A";5;"A";42;"A";14.63;"A";5.98;"A";3.4;"A"
"2025-05-03 17:30";24.52;"A";20.29;"A";1004.39;"A";89;"A";47;"A";0;"A";5;"A";42;"A";13.07;"A";5.81;"A";3.37;"A"
"2025-05-03 17:45";24.27;"A";20.81;"A";1004.18;"A";106;"A";46;"A";0;"A";6;"A";39;"A";22.6;"A";13.79;"A";9.59;"A"
"2025-05-03 18:00";23.92;"A";21.1;"A";1004.14;"A";80;"A";45;"A";0;"A";5;"A";40;"A";12.91;"A";5.9;"A";3.56;"A"
"2025-05-03 18:15";23.65;"A";22.01;"A";1004.17;"A";85;"A";44;"A";0;"A";5;"A";39;"A";13;"A";5.34;"A";3.15;"A"
"2025-05-03 18:30";23.18;"A";22.13;"A";1004.22;"A";76;"A";45;"A";0;"A";5;"A";41;"A";12.95;"A";5.55;"A";3.47;"A"
"2025-05-03 18:45";22.62;"A";22.91;"A";1004.29;"A";77;"A";45;"A";0;"A";5;"A";40;"A";13.25;"A";5.97;"A";3.72;"A"
"2025-05-03 19:00";22.09;"A";23.08;"A";1004.27;"A";73;"A";45;"A";0;"A";5;"A";40;"A";13.85;"A";5.79;"A";3.73;"A"
"2025-05-03 19:15";21.56;"A";23.28;"A";1004.33;"A";69;"A";45;"A";0;"A";5;"A";41;"A";14.16;"A";5.72;"A";3.82;"A"
"2025-05-03 19:30";21.1;"A";23.61;"A";1004.2;"A";68;"A";45;"A";0;"A";5;"A";40;"A";10.59;"A";5.43;"A";3.28;"A"
"2025-05-03 19:45";20.64;"A";24.01;"A";1004.22;"A";74;"A";44;"A";0;"A";5;"A";39;"A";13.98;"A";6.27;"A";3.78;"A"
"2025-05-03 20:00";20.17;"A";24.4;"A";1004.4;"A";59;"A";44;"A";0;"A";6;"A";38;"A";11.84;"A";6.39;"A";3.45;"A"
"2025-05-03 20:15";19.72;"A";25.02;"A";1004.46;"A";62;"A";44;"A";0;"A";5;"A";39;"A";15.52;"A";6.73;"A";3.77;"A"
"2025-05-03 20:30";19.36;"A";25.9;"A";1004.39;"A";59;"A";43;"A";0;"A";6;"A";37;"A";14.99;"A";6.43;"A";3.95;"A"
"2025-05-03 20:45";18.83;"A";27.32;"A";1004.33;"A";56;"A";43;"A";0;"A";7;"A";37;"A";21.17;"A";11.07;"A";7.15;"A"
"2025-05-03 21:00";18.36;"A";28.72;"A";1004.5;"A";57;"A";42;"A";0;"A";7;"A";35;"A";15.5;"A";8.95;"A";6.03;"A"
"2025-05-03 21:15";17.88;"A";29.72;"A";1004.52;"A";56;"A";41;"A";0;"A";7;"A";34;"A";17.49;"A";7.69;"A";4.73;"A"
"2025-05-03 21:30";17.5;"A";30.76;"A";1004.56;"A";53;"A";41;"A";0;"A";8;"A";33;"A";14.4;"A";6.06;"A";3.7;"A"
"2025-05-03 21:45";17.16;"A";30.95;"A";1004.54;"A";50;"A";41;"A";0;"A";7;"A";34;"A";13.21;"A";5.9;"A";3.66;"A"
"2025-05-03 22:00";16.89;"A";30.36;"A";1004.45;"A";40;"A";42;"A";0;"A";7;"A";35;"A";13.87;"A";5.98;"A";3.59;"A"
"2025-05-03 22:15";16.52;"A";30.85;"A";1004.38;"A";38;"A";42;"A";0;"A";6;"A";36;"A";11.96;"A";5.84;"A";3.62;"A"
"2025-05-03 22:30";16.12;"A";32.46;"A";1004.2;"A";44;"A";41;"A";0;"A";6;"A";35;"A";13.96;"A";6.52;"A";4.16;"A"
"2025-05-03 22:45";15.68;"A";33.85;"A";1004.18;"A";41;"A";40;"A";0;"A";5;"A";35;"A";19.66;"A";8.06;"A";4.89;"A"
"2025-05-03 23:00";15.38;"A";35.15;"A";1004.53;"A";39;"A";40;"A";0;"A";5;"A";35;"A";17.71;"A";7.71;"A";4.81;"A"
"2025-05-03 23:15";15.16;"A";34.96;"A";1004.36;"A";35;"A";40;"A";0;"A";5;"A";35;"A";12.56;"A";6.15;"A";3.97;"A"
"2025-05-03 23:30";15;"A";34.92;"A";1004.44;"A";38;"A";41;"A";0;"A";6;"A";35;"A";10.94;"A";5.23;"A";3.45;"A"
"2025-05-03 23:45";14.73;"A";35.23;"A";1004.34;"A";31;"A";41;"A";0;"A";6;"A";35;"A";10.16;"A";5.34;"A";3.73;"A"
"2025-05-04 00:00";14.53;"A";36.2;"A";1004.55;"A";31;"A";41;"A";0;"A";6;"A";36;"A";11.43;"A";4.82;"A";2.89;"A"
"2025-05-04 00:15";14.49;"A";35.28;"A";1004.64;"A";28;"A";42;"A";0;"A";6;"A";35;"A";10.58;"A";5.49;"A";3.56;"A"
"2025-05-04 00:30";14.5;"A";34.42;"A";1004.51;"A";25;"A";43;"A";0;"A";7;"A";35;"A";9.28;"A";4.97;"A";3.35;"A"
"2025-05-04 00:45";14.34;"A";35.28;"A";1004.6;"A";28;"A";42;"A";0;"A";8;"A";35;"A";9.86;"A";4.87;"A";2.92;"A"
"2025-05-04 01:00";14.24;"A";35.5;"A";1004.54;"A";29;"A";42;"A";0;"A";8;"A";33;"A";10.02;"A";4.64;"A";2.91;"A"
"2025-05-04 01:15";14.11;"A";35.69;"A";1004.48;"A";27;"A";42;"A";0;"A";7;"A";35;"A";9.84;"A";4.79;"A";3.12;"A"
"2025-05-04 01:30";14.13;"A";35.19;"A";1004.41;"A";26;"A";42;"A";0;"A";7;"A";35;"A";9.21;"A";4.74;"A";2.76;"A"
"2025-05-04 01:45";14.09;"A";35.14;"A";1004.28;"A";24;"A";43;"A";0;"A";8;"A";35;"A";10.49;"A";4.46;"A";2.77;"A"
"2025-05-04 02:00";14.04;"A";35.14;"A";1004.04;"A";25;"A";43;"A";0;"A";8;"A";35;"A";9.41;"A";4.42;"A";2.66;"A"
"2025-05-04 02:15";14.02;"A";34.83;"A";1004.07;"A";24;"A";43;"A";0;"A";8;"A";35;"A";7.76;"A";3.95;"A";2.59;"A"
"2025-05-04 02:30";14.08;"A";34.18;"A";1003.93;"A";24;"A";43;"A";0;"A";8;"A";35;"A";7.63;"A";4.12;"A";2.47;"A"
"2025-05-04 02:45";14.04;"A";34.09;"A";1003.88;"A";23;"A";43;"A";0;"A";8;"A";35;"A";9.43;"A";4.23;"A";2.6;"A"
"2025-05-04 03:00";13.9;"A";35.54;"A";1003.86;"A";25;"A";43;"A";0;"A";9;"A";34;"A";9.12;"A";3.99;"A";2.56;"A"
"2025-05-04 03:15";13.67;"A";37.89;"A";1003.8;"A";32;"A";42;"A";0;"A";7;"A";35;"A";10.75;"A";5.57;"A";3.69;"A"
"2025-05-04 03:30";13.54;"A";39.64;"A";1003.79;"A";33;"A";41;"A";0;"A";6;"A";35;"A";11.69;"A";6.06;"A";3.93;"A"
"2025-05-04 03:45";13.33;"A";42.41;"A";1003.73;"A";32;"A";41;"A";0;"A";6;"A";35;"A";10.48;"A";5.07;"A";3.47;"A"
"2025-05-04 04:00";13.04;"A";44.05;"A";1003.6;"A";36;"A";40;"A";0;"A";5;"A";34;"A";11.91;"A";7.24;"A";4.9;"A"
"2025-05-04 04:15";12.85;"A";45.16;"A";1003.5;"A";36;"A";40;"A";0;"A";6;"A";34;"A";13.21;"A";7.37;"A";5.5;"A"
"2025-05-04 04:30";12.57;"A";47.45;"A";1003.56;"A";31;"A";39;"A";0;"A";6;"A";33;"A";10.94;"A";5.75;"A";3.75;"A"
"2025-05-04 04:45";12.25;"A";50.44;"A";1003.46;"A";32;"A";39;"A";0;"A";6;"A";33;"A";9.91;"A";5.51;"A";3.41;"A"
"2025-05-04 05:00";11.82;"A";52.9;"A";1003.28;"A";39;"A";37;"A";0;"A";6;"A";31;"A";12.82;"A";6.85;"A";3.97;"A"
"2025-05-04 05:15";11.41;"A";54.52;"A";1003.14;"A";46;"A";36;"A";0;"A";6;"A";29;"A";11.59;"A";6.73;"A";4.31;"A"
"2025-05-04 05:30";11.09;"A";55.1;"A";1003.55;"A";77;"A";35;"A";0;"A";8;"A";28;"A";13.23;"A";6.76;"A";4.56;"A"
"2025-05-04 05:45";10.97;"A";55.94;"A";1003.73;"A";49;"A";36;"A";0;"A";8;"A";28;"A";13.9;"A";7.53;"A";4.98;"A"
"2025-05-04 06:00";11.01;"A";55.93;"A";1003.92;"A";50;"A";37;"A";0;"A";7;"A";30;"A";17.49;"A";10.04;"A";6.99;"A"
"2025-05-04 06:15";11.09;"A";56.31;"A";1003.93;"A";51;"A";37;"A";0;"A";7;"A";30;"A";18.89;"A";10.97;"A";7.3;"A"
"2025-05-04 06:30";11.16;"A";56.74;"A";1004.1;"A";49;"A";37;"A";0;"A";7;"A";30;"A";14.71;"A";7.95;"A";5.27;"A"
"2025-05-04 06:45";11.37;"A";56.84;"A";1004.05;"A";50;"A";38;"A";0;"A";8;"A";30;"A";15.63;"A";8.51;"A";5.56;"A"
"2025-05-04 07:00";11.52;"A";56.88;"A";1003.99;"A";58;"A";38;"A";0;"A";9;"A";29;"A";17.04;"A";9.25;"A";6.17;"A"
"2025-05-04 07:15";11.61;"A";57.83;"A";1003.83;"A";58;"A";38;"A";0;"A";8;"A";30;"A";15.48;"A";8.75;"A";6.23;"A"
"2025-05-04 07:30";12.31;"A";56.76;"A";1003.76;"A";75;"A";40;"A";0;"A";12;"A";28;"A";20.88;"A";12.26;"A";8.1;"A"
"2025-05-04 07:45";12.9;"A";55.07;"A";1003.62;"A";51;"A";40;"A";0;"A";7;"A";33;"A";15.15;"A";7.73;"A";5.45;"A"
"2025-05-04 08:00";13.17;"A";54;"A";1003.67;"A";46;"A";40;"A";0;"A";7;"A";33;"A";15.65;"A";8.37;"A";5.48;"A"
"2025-05-04 08:15";13.71;"A";51.48;"A";1003.49;"A";44;"A";41;"A";0;"A";7;"A";35;"A";14.72;"A";7.21;"A";4.54;"A"
"2025-05-04 08:30";14.43;"A";47.55;"A";1003.47;"A";35;"A";44;"A";0;"A";7;"A";37;"A";14.54;"A";6.43;"A";4.15;"A"
"2025-05-04 08:45";15.27;"A";44.04;"A";1003.42;"A";45;"A";44;"A";0;"A";6;"A";37;"A";15.35;"A";7.11;"A";4.24;"A"
"2025-05-04 09:00";16.5;"A";40.01;"A";1003.59;"A";35;"A";45;"A";0;"A";6;"A";39;"A";18.51;"A";7.25;"A";4.63;"A"
"2025-05-04 09:15";17.97;"A";34.62;"A";1003.39;"A";34;"A";46;"A";0;"A";6;"A";41;"A";19.99;"A";7.76;"A";4.65;"A"
"2025-05-04 09:30";18.99;"A";30.64;"A";1003.44;"A";37;"A";49;"A";0;"A";7;"A";42;"A";18.93;"A";7.8;"A";4.47;"A"
"2025-05-04 09:45";19.23;"A";28.25;"A";1003.52;"A";45;"A";50;"A";0;"A";7;"A";43;"A";21.52;"A";9.01;"A";5.13;"A"
"2025-05-04 10:00";19.47;"A";29.01;"A";1003.46;"A";61;"A";50;"A";0;"A";7;"A";43;"A";27.3;"A";10.99;"A";7.07;"A"
"2025-05-04 10:15";19.64;"A";27.24;"A";1003.16;"A";60;"A";48;"A";0;"A";5;"A";43;"A";30.3;"A";12.09;"A";6.76;"A"
"2025-05-04 10:30";20.14;"A";24.33;"A";1003.08;"A";63;"A";50;"A";0;"A";6;"A";43;"A";35.23;"A";13.55;"A";7.69;"A"
"2025-05-04 10:45";20.49;"A";25.17;"A";1003.2;"A";60;"A";50;"A";0;"A";7;"A";44;"A";29.48;"A";11.89;"A";6.62;"A"
"2025-05-04 11:00";20.51;"A";23.64;"A";1003.09;"A";59;"A";49;"A";0;"A";5;"A";44;"A";27.58;"A";11.82;"A";6.81;"A"
"2025-05-04 11:15";20.64;"A";23.25;"A";1003.04;"A";62;"A";51;"A";0;"A";6;"A";45;"A";16.96;"A";7.9;"A";4.43;"A"
"2025-05-04 11:30";20.51;"A";24.01;"A";1003.11;"A";72;"A";50;"A";0;"A";6;"A";43;"A";18.96;"A";7.67;"A";4.29;"A"
"2025-05-04 11:45";20.63;"A";23.44;"A";1003.01;"A";64;"A";50;"A";0;"A";6;"A";44;"A";10.79;"A";5.04;"A";3.01;"A"
"2025-05-04 12:00";21.03;"A";22.37;"A";1002.89;"A";59;"A";49;"A";0;"A";5;"A";44;"A";10.92;"A";5.1;"A";3.09;"A"
"2025-05-04 12:15";21.57;"A";21.12;"A";1002.83;"A";63;"A";51;"A";0;"A";7;"A";44;"A";10.31;"A";5.26;"A";3.04;"A"
"2025-05-04 12:30";21.97;"A";19.55;"A";1002.57;"A";51;"A";51;"A";0;"A";6;"A";45;"A";16.52;"A";7.14;"A";3.88;"A"
"2025-05-04 12:45";22.51;"A";19.09;"A";1002.27;"A";61;"A";50;"A";0;"A";5;"A";45;"A";14.05;"A";5.62;"A";3.28;"A"
"2025-05-04 13:00";23.1;"A";16.32;"A";1002.23;"A";67;"A";50;"A";0;"A";6;"A";45;"A";16.48;"A";6.61;"A";3.75;"A"
"2025-05-04 13:15";23.46;"A";16.31;"A";1002.16;"A";60;"A";52;"A";0;"A";6;"A";46;"A";21.2;"A";8.68;"A";5.21;"A"
"2025-05-04 13:30";23.78;"A";16.41;"A";1002.11;"A";70;"A";51;"A";0;"A";6;"A";45;"A";17;"A";7.3;"A";4.37;"A"
"2025-05-04 13:45";24.24;"A";16.21;"A";1001.97;"A";74;"A";50;"A";0;"A";6;"A";45;"A";12.42;"A";5.82;"A";3.3;"A"
"2025-05-04 14:00";24.86;"A";16.33;"A";1001.91;"A";75;"A";50;"A";0;"A";6;"A";44;"A";14.35;"A";6.55;"A";3.89;"A"
"2025-05-04 14:15";25.27;"A";16.87;"A";1001.68;"A";76;"A";50;"A";0;"A";6;"A";44;"A";18.63;"A";7.04;"A";3.73;"A"
"2025-05-04 14:30";25.88;"A";16.37;"A";1001.56;"A";80;"A";49;"A";0;"A";6;"A";43;"A";22.73;"A";8.96;"A";5.38;"A"
"2025-05-04 14:45";26;"A";16.6;"A";1001.4;"A";77;"A";50;"A";0;"A";5;"A";45;"A";19.79;"A";8.21;"A";4.85;"A"
"2025-05-04 15:00";26;"A";17.2;"A";1001.42;"A";78;"A";50;"A";0;"A";5;"A";45;"A";29.31;"A";12.61;"A";7.12;"A"
"2025-05-04 15:15";26.52;"A";17.05;"A";1001.09;"A";83;"A";48;"A";0;"A";5;"A";44;"A";21.77;"A";8.98;"A";5.45;"A"
"2025-05-04 15:30";26.58;"A";16.68;"A";1001;"A";82;"A";49;"A";0;"A";5;"A";44;"A";19.15;"A";8.85;"A";5.65;"A"
"2025-05-04 15:45";26.7;"A";16.84;"A";1000.84;"A";84;"A";49;"A";0;"A";5;"A";44;"A";20.38;"A";9.43;"A";5.86;"A"
"2025-05-04 16:00";26.86;"A";17.22;"A";1000.55;"A";72;"A";48;"A";0;"A";4;"A";43;"A";22.75;"A";9.52;"A";5.84;"A"
"2025-05-04 16:15";27.13;"A";16.96;"A";1000.48;"A";117;"A";49;"A";0;"A";6;"A";42;"A";28.35;"A";14.24;"A";9.29;"A"
"2025-05-04 16:30";26.91;"A";16.43;"A";1000.56;"A";73;"A";49;"A";0;"A";5;"A";44;"A";14.44;"A";5.81;"A";3.26;"A"
"2025-05-04 16:45";26.58;"A";16.88;"A";1000.56;"A";79;"A";48;"A";0;"A";5;"A";43;"A";16.53;"A";6.66;"A";4.21;"A"
"2025-05-04 17:00";26.33;"A";17.13;"A";1000.62;"A";78;"A";48;"A";0;"A";5;"A";43;"A";16.96;"A";6.99;"A";4.06;"A"
"2025-05-04 17:15";26.18;"A";17.27;"A";1000.61;"A";86;"A";48;"A";0;"A";5;"A";43;"A";22.6;"A";9.33;"A";5.92;"A"
"2025-05-04 17:30";25.48;"A";18.05;"A";1000.6;"A";86;"A";47;"A";0;"A";4;"A";43;"A";17.74;"A";9.36;"A";5.94;"A"
"2025-05-04 17:45";25.03;"A";18.18;"A";1000.45;"A";75;"A";47;"A";0;"A";5;"A";42;"A";20.03;"A";9.82;"A";5.68;"A"
"2025-05-04 18:00";24.64;"A";18.43;"A";1000.5;"A";72;"A";46;"A";0;"A";5;"A";41;"A";28.69;"A";11.58;"A";7.15;"A"
"2025-05-04 18:15";24.24;"A";18.4;"A";1000.46;"A";66;"A";47;"A";0;"A";5;"A";42;"A";31.05;"A";12.62;"A";7.78;"A"
"2025-05-04 18:30";23.68;"A";19.17;"A";1000.23;"A";70;"A";48;"A";0;"A";5;"A";43;"A";33.09;"A";13.13;"A";7.76;"A"
"2025-05-04 18:45";23.24;"A";19.14;"A";1000.41;"A";59;"A";46;"A";0;"A";4;"A";42;"A";39.4;"A";16.54;"A";9.3;"A"
"2025-05-04 19:00";22.71;"A";19.37;"A";1000.16;"A";55;"A";46;"A";0;"A";4;"A";42;"A";28.35;"A";12.55;"A";7.38;"A"
"2025-05-04 19:15";22.12;"A";20.31;"A";1000.05;"A";61;"A";46;"A";0;"A";5;"A";42;"A";21.99;"A";9.15;"A";5.56;"A"
"2025-05-04 19:30";21.54;"A";21.31;"A";999.99;"A";61;"A";46;"A";0;"A";5;"A";42;"A";14.72;"A";5.87;"A";3.7;"A"
"2025-05-04 19:45";21.05;"A";21.9;"A";1000.01;"A";56;"A";47;"A";0;"A";5;"A";42;"A";13.95;"A";6.24;"A";3.92;"A"
"2025-05-04 20:00";20.66;"A";22.61;"A";1000.05;"A";60;"A";45;"A";0;"A";5;"A";40;"A";14.85;"A";7.45;"A";4.7;"A"
"2025-05-04 20:15";20.15;"A";23.85;"A";1000.3;"A";67;"A";44;"A";0;"A";6;"A";38;"A";20.4;"A";9.84;"A";6.16;"A"
"2025-05-04 20:30";19.74;"A";23.84;"A";1000.41;"A";60;"A";45;"A";0;"A";5;"A";39;"A";25.98;"A";12.06;"A";7.14;"A"
"2025-05-04 20:45";19.36;"A";24.86;"A";1000.7;"A";68;"A";45;"A";0;"A";6;"A";39;"A";24.29;"A";11.75;"A";7.19;"A"
"2025-05-04 21:00";18.83;"A";26.62;"A";1000.91;"A";63;"A";44;"A";0;"A";6;"A";38;"A";25.4;"A";12.18;"A";8.05;"A"
"2025-05-04 21:15";18.46;"A";28.07;"A";1001.25;"A";61;"A";44;"A";0;"A";6;"A";38;"A";16.96;"A";8.12;"A";5.24;"A"
"2025-05-04 21:30";18.09;"A";28.66;"A";1001.21;"A";58;"A";45;"A";0;"A";7;"A";39;"A";18.09;"A";8.55;"A";5.51;"A"
"2025-05-04 21:45";17.64;"A";29.67;"A";1001.13;"A";57;"A";45;"A";0;"A";6;"A";39;"A";13.51;"A";7.07;"A";5.13;"A"
"2025-05-04 22:00";17.18;"A";30.71;"A";1001.11;"A";54;"A";44;"A";0;"A";6;"A";39;"A";13.87;"A";7.32;"A";5.29;"A"
"2025-05-04 22:15";16.78;"A";32.47;"A";1001.19;"A";79;"A";44;"A";0;"A";5;"A";39;"A";14.33;"A";9.08;"A";6.54;"A"
"2025-05-04 22:30";16.43;"A";33.68;"A";1001.49;"A";83;"A";44;"A";0;"A";6;"A";38;"A";16.57;"A";10.3;"A";7.31;"A"
"2025-05-04 22:45";16.05;"A";36.3;"A";1001.65;"A";84;"A";44;"A";0;"A";8;"A";36;"A";19;"A";10.95;"A";7.66;"A"
"2025-05-04 23:00";15.78;"A";37.75;"A";1001.44;"A";68;"A";43;"A";0;"A";6;"A";37;"A";16.38;"A";9.12;"A";6.49;"A"
"2025-05-04 23:15";15.27;"A";40.74;"A";1001.33;"A";68;"A";43;"A";0;"A";6;"A";37;"A";13.91;"A";9.21;"A";6.4;"A"
"2025-05-04 23:30";14.95;"A";42.66;"A";1001.4;"A";76;"A";42;"A";0;"A";6;"A";36;"A";14.21;"A";8.92;"A";6.47;"A"
"2025-05-04 23:45";14.58;"A";45.89;"A";1001.23;"A";61;"A";42;"A";0;"A";6;"A";37;"A";14.16;"A";8.52;"A";6.09;"A"
"2025-05-05 00:00";14.44;"A";46;"A";1001.25;"A";48;"A";42;"A";0;"A";6;"A";36;"A";11.76;"A";7.14;"A";5.01;"A"
"2025-05-05 00:15";14.3;"A";43.21;"A";1001.45;"A";36;"A";42;"A";0;"A";6;"A";36;"A";13.05;"A";7.68;"A";5.35;"A"
"2025-05-05 00:30";14.09;"A";44.86;"A";1001.41;"A";58;"A";43;"A";0;"A";9;"A";35;"A";16.19;"A";8.94;"A";6.02;"A"
"2025-05-05 00:45";13.82;"A";48.36;"A";1001.35;"A";89;"A";41;"A";0;"A";8;"A";33;"A";11.9;"A";7.81;"A";5.71;"A"
"2025-05-05 01:00";13.61;"A";49.95;"A";1001.24;"A";43;"A";40;"A";0;"A";7;"A";34;"A";13.95;"A";8.13;"A";5.44;"A"
"2025-05-05 01:15";13.39;"A";51.32;"A";1001.09;"A";54;"A";40;"A";0;"A";7;"A";33;"A";13.35;"A";7.87;"A";5.36;"A"
"2025-05-05 01:30";13.29;"A";51.37;"A";1000.97;"A";82;"A";40;"A";0;"A";9;"A";31;"A";12.43;"A";7.23;"A";5.02;"A"
"2025-05-05 01:45";13.01;"A";51.97;"A";1000.9;"A";55;"A";40;"A";0;"A";9;"A";31;"A";12.74;"A";8.01;"A";5.38;"A"
"2025-05-05 02:00";12.88;"A";51.87;"A";1000.89;"A";35;"A";40;"A";0;"A";8;"A";33;"A";12.02;"A";7.81;"A";5.32;"A"
"2025-05-05 02:15";12.67;"A";52.22;"A";1001.1;"A";35;"A";41;"A";0;"A";7;"A";33;"A";16.69;"A";9.24;"A";6.33;"A"
"2025-05-05 02:30";12.46;"A";53.48;"A";1001;"A";31;"A";42;"A";0;"A";6;"A";35;"A";13.99;"A";8.57;"A";5.75;"A"
"2025-05-05 02:45";12.35;"A";55.25;"A";1000.77;"A";33;"A";41;"A";0;"A";7;"A";34;"A";14.31;"A";8.14;"A";5.87;"A"
"2025-05-05 03:00";12.18;"A";56.95;"A";1000.8;"A";39;"A";41;"A";0;"A";6;"A";34;"A";17.14;"A";10.22;"A";7.37;"A"
"2025-05-05 03:15";11.96;"A";58.5;"A";1000.75;"A";67;"A";41;"A";0;"A";7;"A";33;"A";19;"A";11.15;"A";7.64;"A"
"2025-05-05 03:30";11.81;"A";59.79;"A";1000.77;"A";35;"A";41;"A";0;"A";7;"A";34;"A";16.47;"A";9.61;"A";6.72;"A"
"2025-05-05 03:45";11.69;"A";60.98;"A";1000.49;"A";33;"A";41;"A";0;"A";7;"A";35;"A";19.41;"A";10.35;"A";7.03;"A"
"2025-05-05 04:00";11.71;"A";61.77;"A";1000.37;"A";35;"A";42;"A";0;"A";6;"A";35;"A";16.64;"A";9.41;"A";6.49;"A"
"2025-05-05 04:15";11.55;"A";62.55;"A";1000.2;"A";45;"A";41;"A";0;"A";7;"A";34;"A";17.43;"A";9.8;"A";6.71;"A"
"2025-05-05 04:30";11.41;"A";62.92;"A";1000.29;"A";80;"A";40;"A";0;"A";8;"A";32;"A";16.87;"A";9.93;"A";6.53;"A"
"2025-05-05 04:45";11.33;"A";63.54;"A";1000.23;"A";82;"A";40;"A";0;"A";8;"A";31;"A";14.33;"A";9.12;"A";6.4;"A"
"2025-05-05 05:00";11.29;"A";64.29;"A";1000.16;"A";50;"A";40;"A";0;"A";9;"A";31;"A";16.24;"A";9.32;"A";6.51;"A"
"2025-05-05 05:15";11.2;"A";64.68;"A";1000.1;"A";75;"A";40;"A";0;"A";9;"A";31;"A";14.98;"A";9.08;"A";6.65;"A"
"2025-05-05 05:30";11.14;"A";65.71;"A";1000.18;"A";100;"A";40;"A";0;"A";9;"A";31;"A";17.91;"A";10.3;"A";6.98;"A"
"2025-05-05 05:45";11.19;"A";66.48;"A";1000.03;"A";84;"A";40;"A";0;"A";10;"A";29;"A";17.64;"A";10.27;"A";7.09;"A"
"2025-05-05 06:00";11.28;"A";66.62;"A";1000.21;"A";69;"A";40;"A";0;"A";9;"A";30;"A";16.75;"A";10.72;"A";7.01;"A"
"2025-05-05 06:15";11.17;"A";66.91;"A";1000.32;"A";57;"A";39;"A";0;"A";8;"A";32;"A";16.64;"A";10.58;"A";7.1;"A"
"2025-05-05 06:30";11.24;"A";67.82;"A";1000.31;"A";67;"A";39;"A";0;"A";10;"A";29;"A";18.81;"A";11.03;"A";7.22;"A"
"2025-05-05 06:45";11.52;"A";67.75;"A";1000.31;"A";103;"A";38;"A";0;"A";11;"A";27;"A";17.32;"A";9.53;"A";6.81;"A"
"2025-05-05 07:00";11.89;"A";68.35;"A";1000.32;"A";64;"A";40;"A";0;"A";9;"A";31;"A";17.21;"A";9.87;"A";6.49;"A"
"2025-05-05 07:15";12.4;"A";68.19;"A";1000.24;"A";76;"A";40;"A";0;"A";9;"A";31;"A";22.85;"A";12.71;"A";8.62;"A"
"2025-05-05 07:30";12.92;"A";67.27;"A";1000.32;"A";71;"A";41;"A";0;"A";11;"A";30;"A";22.92;"A";12.37;"A";8.26;"A"
"2025-05-05 07:45";13.24;"A";66.62;"A";1000.28;"A";80;"A";41;"A";0;"A";10;"A";32;"A";19.43;"A";10.35;"A";6.96;"A"
"2025-05-05 08:00";13.69;"A";65.62;"A";1000.46;"A";80;"A";42;"A";0;"A";11;"A";31;"A";20.94;"A";11.65;"A";7.76;"A"
"2025-05-05 08:15";14.29;"A";63.55;"A";1000.18;"A";61;"A";42;"A";0;"A";7;"A";34;"A";14.61;"A";7.6;"A";5.15;"A"
"2025-05-05 08:30";14.62;"A";60.98;"A";1000.31;"A";84;"A";43;"A";0;"A";8;"A";35;"A";13.9;"A";7.52;"A";5.03;"A"
"2025-05-05 08:45";14.67;"A";60.61;"A";1000.43;"A";66;"A";43;"A";0;"A";9;"A";34;"A";14.61;"A";7.83;"A";5.1;"A"
"2025-05-05 09:00";15;"A";59.92;"A";1000.57;"A";99;"A";42;"A";0;"A";10;"A";31;"A";17.62;"A";8.36;"A";5.73;"A"
"2025-05-05 09:15";15.58;"A";57.75;"A";1000.55;"A";94;"A";41;"A";0;"A";9;"A";32;"A";15.71;"A";7.87;"A";5.17;"A"
"2025-05-05 09:30";16.13;"A";52.59;"A";1000.55;"A";83;"A";42;"A";0;"A";8;"A";34;"A";16.41;"A";8.31;"A";5.63;"A"
"2025-05-05 09:45";16.44;"A";48.82;"A";1000.59;"A";92;"A";45;"A";0;"A";9;"A";36;"A";13.16;"A";6.49;"A";4.28;"A"
"2025-05-05 10:00";16.7;"A";48.72;"A";1000.79;"A";83;"A";45;"A";0;"A";11;"A";34;"A";17.28;"A";8.8;"A";5.51;"A"
"2025-05-05 10:15";17.01;"A";45.84;"A";1000.64;"A";80;"A";44;"A";0;"A";12;"A";33;"A";15.33;"A";7.62;"A";4.66;"A"
"2025-05-05 10:30";17.44;"A";40.26;"A";1000.55;"A";67;"A";46;"A";0;"A";11;"A";36;"A";15.15;"A";7.05;"A";4.3;"A"
"2025-05-05 10:45";18.02;"A";38.58;"A";1000.64;"A";64;"A";49;"A";0;"A";10;"A";39;"A";15.92;"A";6.83;"A";4.25;"A"
"2025-05-05 11:00";18.48;"A";37.32;"A";1000.6;"A";67;"A";48;"A";0;"A";7;"A";41;"A";19.29;"A";11.37;"A";7.53;"A"
"2025-05-05 11:15";19.01;"A";36.33;"A";1000.3;"A";65;"A";50;"A";0;"A";9;"A";41;"A";13.44;"A";6.61;"A";4.29;"A"
"2025-05-05 11:30";19.37;"A";34.68;"A";1000.42;"A";73;"A";49;"A";0;"A";6;"A";42;"A";13.19;"A";6.77;"A";4.2;"A"
"2025-05-05 11:45";19.78;"A";35.2;"A";1000.37;"A";67;"A";51;"A";0;"A";8;"A";43;"A";13.91;"A";6.73;"A";4.1;"A"
"2025-05-05 12:00";20.61;"A";35.64;"A";1000.46;"A";71;"A";49;"A";0;"A";6;"A";43;"A";12.4;"A";5.88;"A";3.66;"A"
"2025-05-05 12:15";21.62;"A";33.64;"A";1000.27;"A";61;"A";50;"A";0;"A";6;"A";43;"A";14.52;"A";6.41;"A";4;"A"
"2025-05-05 12:30";22.17;"A";32.82;"A";1000.21;"A";71;"A";49;"A";0;"A";6;"A";43;"A";16.74;"A";7.11;"A";4.05;"A"
"2025-05-05 12:45";21.88;"A";30.64;"A";1000.18;"A";76;"A";50;"A";0;"A";7;"A";44;"A";16.04;"A";6.54;"A";3.97;"A"
"2025-05-05 13:00";21.74;"A";30.91;"A";1000.21;"A";80;"A";50;"A";0;"A";7;"A";43;"A";16.3;"A";7.05;"A";4.1;"A"
"2025-05-05 13:15";20.04;"A";44.88;"A";1000.47;"A";114;"A";50;"A";0;"A";11;"A";39;"A";18.08;"A";7.15;"A";4.21;"A"
"2025-05-05 13:30";18.35;"A";57.18;"A";1000.46;"A";138;"A";41;"A";0;"A";9;"A";32;"A";14.69;"A";7.97;"A";5.38;"A"
"2025-05-05 13:45";17.92;"A";58.53;"A";1000.43;"A";138;"A";37;"A";0;"A";9;"A";28;"A";21.57;"A";13.8;"A";8.89;"A"
"2025-05-05 14:00";18.04;"A";57.83;"A";1000.36;"A";163;"A";40;"A";0;"A";16;"A";24;"A";13.07;"A";7.85;"A";5.48;"A"
"2025-05-05 14:15";18.56;"A";53.89;"A";1000.22;"A";108;"A";38;"A";0;"A";9;"A";29;"A";12.11;"A";6.32;"A";3.96;"A"
"2025-05-05 14:30";19.28;"A";44.76;"A";1000.08;"A";56;"A";46;"A";0;"A";10;"A";36;"A";9.89;"A";5.26;"A";3.67;"A"
"2025-05-05 14:45";19.96;"A";43.75;"A";999.92;"A";76;"A";47;"A";0;"A";9;"A";38;"A";12.53;"A";7.78;"A";5.1;"A"
"2025-05-05 15:00";21.33;"A";36.75;"A";999.48;"A";242;"A";46;"A";0;"A";6;"A";40;"A";14.9;"A";6.77;"A";4.37;"A"
"2025-05-05 15:15";22.37;"A";35.6;"A";999.15;"A";358;"A";48;"A";0;"A";9;"A";39;"A";16.51;"A";9.38;"A";6.09;"A"
"2025-05-05 15:30";23.62;"A";34.69;"A";999.19;"A";267;"A";48;"A";0;"A";11;"A";37;"A";13.95;"A";7.48;"A";4.76;"A"
"2025-05-05 15:45";23.47;"A";35.21;"A";999.12;"A";104;"A";48;"A";0;"A";8;"A";40;"A";9.32;"A";4.98;"A";3.31;"A"
"2025-05-05 16:00";24.12;"A";34.49;"A";999;"A";129;"A";47;"A";0;"A";10;"A";38;"A";14.3;"A";8.34;"A";5.62;"A"
"2025-05-05 16:15";24.92;"A";31.9;"A";998.92;"A";87;"A";48;"A";0;"A";7;"A";41;"A";10.76;"A";5.62;"A";3.77;"A"
"2025-05-05 16:30";25.35;"A";31.28;"A";998.66;"A";99;"A";48;"A";0;"A";6;"A";42;"A";10.47;"A";4.99;"A";3.14;"A"
"2025-05-05 16:45";25.56;"A";29.75;"A";998.6;"A";106;"A";51;"A";0;"A";6;"A";44;"A";9.33;"A";4.47;"A";2.87;"A"
"2025-05-05 17:00";25.57;"A";30.54;"A";998.61;"A";108;"A";51;"A";0;"A";7;"A";44;"A";9.86;"A";4.39;"A";2.89;"A"
"2025-05-05 17:15";25.06;"A";31.83;"A";998.64;"A";166;"A";51;"A";0;"A";7;"A";44;"A";9.01;"A";4.63;"A";2.6;"A"
"2025-05-05 17:30";24.95;"A";32.71;"A";998.56;"A";112;"A";50;"A";0;"A";7;"A";43;"A";9.11;"A";4.66;"A";2.79;"A"
"2025-05-05 17:45";24.63;"A";33.81;"A";998.56;"A";112;"A";49;"A";0;"A";6;"A";42;"A";10.31;"A";5.17;"A";3.24;"A"
"2025-05-05 18:00";24.36;"A";32.61;"A";998.55;"A";93;"A";49;"A";0;"A";6;"A";43;"A";9.38;"A";4.76;"A";2.99;"A"
"2025-05-05 18:15";24.09;"A";31.96;"A";998.47;"A";109;"A";49;"A";0;"A";7;"A";42;"A";10.9;"A";4.96;"A";2.94;"A"
"2025-05-05 18:30";23.55;"A";31.13;"A";998.68;"A";78;"A";51;"A";0;"A";7;"A";44;"A";9.33;"A";4.62;"A";2.98;"A"
"2025-05-05 18:45";23.34;"A";33.98;"A";998.78;"A";100;"A";49;"A";0;"A";7;"A";42;"A";10.64;"A";5.07;"A";2.94;"A"
"2025-05-05 19:00";22.78;"A";35.16;"A";998.93;"A";93;"A";46;"A";0;"A";5;"A";41;"A";10.85;"A";5.45;"A";3.26;"A"
"2025-05-05 19:15";22.05;"A";36.95;"A";998.95;"A";81;"A";48;"A";0;"A";7;"A";40;"A";10.1;"A";4.96;"A";2.99;"A"
"2025-05-05 19:30";21.51;"A";38.2;"A";999.01;"A";97;"A";44;"A";0;"A";5;"A";39;"A";19.8;"A";11.4;"A";8.45;"A"
"2025-05-05 19:45";20.9;"A";40;"A";999.17;"A";90;"A";45;"A";0;"A";6;"A";39;"A";17.65;"A";9.84;"A";6.61;"A"
"2025-05-05 20:00";20.51;"A";42.12;"A";999.33;"A";133;"A";44;"A";0;"A";8;"A";36;"A";16.75;"A";8.3;"A";5.32;"A"
"2025-05-05 20:15";20.15;"A";42.45;"A";999.65;"A";94;"A";43;"A";0;"A";9;"A";34;"A";20.1;"A";7.61;"A";4.63;"A"
"2025-05-05 20:30";19.82;"A";41.34;"A";999.78;"A";87;"A";42;"A";0;"A";7;"A";35;"A";12.53;"A";5.62;"A";3.42;"A"
"2025-05-05 20:45";19.41;"A";41.43;"A";999.78;"A";89;"A";43;"A";0;"A";8;"A";35;"A";10.86;"A";4.91;"A";3.01;"A"
"2025-05-05 21:00";19.18;"A";42.08;"A";999.78;"A";77;"A";43;"A";0;"A";8;"A";36;"A";12.63;"A";7.08;"A";4.68;"A"
"2025-05-05 21:15";18.91;"A";41.8;"A";999.87;"A";68;"A";41;"A";0;"A";7;"A";34;"A";13.33;"A";7.51;"A";4.81;"A"
"2025-05-05 21:30";18.81;"A";39.46;"A";1000.1;"A";61;"A";43;"A";0;"A";9;"A";34;"A";18.23;"A";9.96;"A";6.4;"A"
"2025-05-05 21:45";18.57;"A";39.45;"A";1000.08;"A";53;"A";43;"A";0;"A";8;"A";35;"A";16.12;"A";7.85;"A";5.32;"A"
"2025-05-05 22:00";18.43;"A";40.21;"A";1000.32;"A";56;"A";44;"A";0;"A";9;"A";35;"A";11.89;"A";5.54;"A";3.56;"A"
"2025-05-05 22:15";18.24;"A";40.41;"A";1000.53;"A";55;"A";43;"A";0;"A";9;"A";34;"A";13.64;"A";6.48;"A";4.36;"A"
"2025-05-05 22:30";17.95;"A";42.15;"A";1000.56;"A";64;"A";44;"A";0;"A";10;"A";34;"A";15.64;"A";8.81;"A";5.87;"A"
"2025-05-05 22:45";17.63;"A";42.56;"A";1000.54;"A";56;"A";42;"A";0;"A";10;"A";32;"A";17.91;"A";9.67;"A";6.53;"A"
"2025-05-05 23:00";17.22;"A";43.4;"A";1000.72;"A";52;"A";42;"A";0;"A";9;"A";32;"A";22.74;"A";12.5;"A";8.3;"A"
"2025-05-05 23:15";16.71;"A";45.47;"A";1001.09;"A";54;"A";39;"A";0;"A";9;"A";31;"A";12.94;"A";6.17;"A";3.6;"A"
"2025-05-05 23:30";16.32;"A";46.84;"A";1001.36;"A";60;"A";37;"A";0;"A";9;"A";28;"A";9;"A";4.77;"A";3.03;"A"
"2025-05-05 23:45";16.04;"A";48.06;"A";1001.4;"A";48;"A";39;"A";0;"A";10;"A";28;"A";9.11;"A";4.15;"A";2.74;"A"
"2025-05-06 00:00";15.58;"A";50.08;"A";1001.43;"A";49;"A";37;"A";0;"A";10;"A";27;"A";9.89;"A";4.65;"A";3;"A"
"2025-05-06 00:15";15.07;"A";52.02;"A";1001.42;"A";48;"A";36;"A";0;"A";10;"A";26;"A";10.13;"A";4.76;"A";2.97;"A"
"2025-05-06 00:30";15.11;"A";52.32;"A";1001.59;"A";43;"A";39;"A";0;"A";9;"A";30;"A";9.92;"A";4.71;"A";2.96;"A"
"2025-05-06 00:45";15.07;"A";52.36;"A";1001.69;"A";38;"A";40;"A";0;"A";8;"A";32;"A";9.81;"A";4.46;"A";2.92;"A"
"2025-05-06 01:00";14.82;"A";54.23;"A";1001.61;"A";39;"A";41;"A";0;"A";11;"A";29;"A";10.45;"A";5.33;"A";3.27;"A"
"2025-05-06 01:15";14.62;"A";55.32;"A";1001.58;"A";39;"A";40;"A";0;"A";12;"A";27;"A";10.68;"A";5.13;"A";3.46;"A"
"2025-05-06 01:30";14.18;"A";59.82;"A";1001.73;"A";50;"A";39;"A";0;"A";13;"A";26;"A";13.34;"A";8.09;"A";5.47;"A"
"2025-05-06 01:45";13.7;"A";65.01;"A";1001.65;"A";54;"A";37;"A";0;"A";9;"A";28;"A";14.06;"A";7.81;"A";5.56;"A"
"2025-05-06 02:00";13.35;"A";64.08;"A";1001.56;"A";40;"A";35;"A";0;"A";5;"A";30;"A";11.52;"A";6.64;"A";4.49;"A"
"2025-05-06 02:15";12.87;"A";65.95;"A";1001.4;"A";35;"A";35;"A";0;"A";5;"A";30;"A";12.06;"A";6.18;"A";4.31;"A"
"2025-05-06 02:30";12.72;"A";66.36;"A";1001.23;"A";36;"A";33;"A";0;"A";5;"A";28;"A";10.54;"A";6.47;"A";4.41;"A"
"2025-05-06 02:45";12.4;"A";67.76;"A";1001.2;"A";36;"A";33;"A";0;"A";5;"A";28;"A";11.98;"A";7.03;"A";4.49;"A"
"2025-05-06 03:00";12.4;"A";67.69;"A";1001.19;"A";37;"A";31;"A";0;"A";5;"A";26;"A";11.28;"A";6.97;"A";4.6;"A"
"2025-05-06 03:15";12.05;"A";68.89;"A";1001.14;"A";37;"A";30;"A";0;"A";6;"A";23;"A";12.34;"A";6.96;"A";4.52;"A"
"2025-05-06 03:30";11.75;"A";70.39;"A";1001.27;"A";41;"A";30;"A";0;"A";7;"A";23;"A";12.22;"A";7.52;"A";5.28;"A"
"2025-05-06 03:45";11.7;"A";70.67;"A";1001.4;"A";46;"A";29;"A";0;"A";7;"A";22;"A";13.21;"A";7.57;"A";5.02;"A"
"2025-05-06 04:00";11.4;"A";72.18;"A";1001.16;"A";41;"A";29;"A";0;"A";7;"A";22;"A";12.55;"A";7.27;"A";5.03;"A"
"2025-05-06 04:15";11.6;"A";73.39;"A";1001.13;"A";41;"A";31;"A";0;"A";6;"A";24;"A";12.75;"A";7.43;"A";5.01;"A"
"2025-05-06 04:30";11.66;"A";72.81;"A";1001.55;"A";40;"A";31;"A";0;"A";7;"A";24;"A";14.05;"A";8.05;"A";5.52;"A"
"2025-05-06 04:45";11.44;"A";73.16;"A";1001.52;"A";44;"A";28;"A";0;"A";8;"A";20;"A";16.35;"A";9.65;"A";6.4;"A"
"2025-05-06 05:00";11.49;"A";73.34;"A";1001.42;"A";52;"A";28;"A";0;"A";7;"A";21;"A";26.29;"A";19.97;"A";14.25;"A"
"2025-05-06 05:15";11.6;"A";73.58;"A";1001.61;"A";52;"A";29;"A";0;"A";8;"A";20;"A";15.44;"A";11.09;"A";8.12;"A"
"2025-05-06 05:30";11.73;"A";73.8;"A";1001.72;"A";45;"A";30;"A";0;"A";11;"A";19;"A";15.58;"A";9.01;"A";6.24;"A"
"2025-05-06 05:45";11.9;"A";74.44;"A";1001.74;"A";50;"A";29;"A";0;"A";11;"A";19;"A";17.32;"A";10.13;"A";7.06;"A"
"2025-05-06 06:00";12.01;"A";74.41;"A";1002.03;"A";75;"A";27;"A";0;"A";13;"A";14;"A";16.61;"A";10.57;"A";7.36;"A"
"2025-05-06 06:15";11.88;"A";73.85;"A";1002.06;"A";96;"A";27;"A";0;"A";18;"A";9;"A";17.57;"A";10.2;"A";6.54;"A"
"2025-05-06 06:30";12;"A";73.91;"A";1002.17;"A";98;"A";28;"A";0;"A";21;"A";7;"A";20.44;"A";12.75;"A";8.35;"A"
"2025-05-06 06:45";12.07;"A";75;"A";1002.32;"A";119;"A";27;"A";0;"A";18;"A";9;"A";27.94;"A";14.42;"A";9.41;"A"
"2025-05-06 07:00";12.15;"A";77.4;"A";1002.18;"A";112;"A";26;"A";0;"A";19;"A";7;"A";20;"A";11.37;"A";9.42;"A"
"2025-05-06 07:15";12.42;"A";76.98;"A";1002.29;"A";84;"A";26;"A";0;"A";20;"A";7;"A";14.03;"A";10.16;"A";9.11;"A"
"2025-05-06 07:30";12.54;"A";76.58;"A";1002.34;"A";85;"A";26;"A";0;"A";16;"A";10;"A";21.47;"A";16.06;"A";13.58;"A"
"2025-05-06 07:45";12.97;"A";75.71;"A";1002.41;"A";113;"A";27;"A";0;"A";15;"A";12;"A";20.82;"A";14.16;"A";12.46;"A"
"2025-05-06 08:00";13.21;"A";75.15;"A";1002.49;"A";181;"A";28;"A";0;"A";17;"A";10;"A";24.85;"A";17.16;"A";12.8;"A"
"2025-05-06 08:15";13.38;"A";75.29;"A";1002.59;"A";161;"A";27;"A";0;"A";16;"A";11;"A";25.49;"A";17.01;"A";12.19;"A"
"2025-05-06 08:30";13.59;"A";74.43;"A";1002.59;"A";204;"A";29;"A";0;"A";18;"A";11;"A";27.81;"A";21.11;"A";15.83;"A"
"2025-05-06 08:45";14.03;"A";73.23;"A";1002.72;"A";513;"A";34;"A";0;"A";25;"A";9;"A";53.09;"A";37.02;"A";26.63;"A"
"2025-05-06 09:00";14.55;"A";71.88;"A";1002.89;"A";269;"A";30;"A";0;"A";18;"A";12;"A";27.76;"A";18.93;"A";13.42;"A"
"2025-05-06 09:15";14.99;"A";70.24;"A";1003.09;"A";163;"A";30;"A";0;"A";13;"A";17;"A";17.25;"A";11.42;"A";8.38;"A"
"2025-05-06 09:30";15.38;"A";68.3;"A";1002.98;"A";158;"A";31;"A";0;"A";12;"A";19;"A";28.58;"A";19.01;"A";13.27;"A"
"2025-05-06 09:45";15.64;"A";67.11;"A";1003.14;"A";134;"A";31;"A";0;"A";8;"A";23;"A";12.7;"A";8.78;"A";6.22;"A"
"2025-05-06 10:00";15.75;"A";68.52;"A";1003.14;"A";110;"A";33;"A";0;"A";9;"A";24;"A";13.65;"A";8.78;"A";6.47;"A"
"2025-05-06 10:15";15.86;"A";70.03;"A";1003.32;"A";131;"A";30;"A";0;"A";8;"A";22;"A";20.6;"A";15.27;"A";11;"A"
"2025-05-06 10:30";16.02;"A";68.48;"A";1003.37;"A";109;"A";31;"A";0;"A";9;"A";23;"A";16.79;"A";11.96;"A";8.47;"A"
"2025-05-06 10:45";16.29;"A";68.99;"A";1003.49;"A";101;"A";33;"A";0;"A";9;"A";24;"A";20.08;"A";12.28;"A";8.65;"A"
"2025-05-06 11:00";16.81;"A";68.94;"A";1003.57;"A";127;"A";31;"A";0;"A";7;"A";24;"A";31.39;"A";24.74;"A";17.68;"A"
"2025-05-06 11:15";17.29;"A";67.78;"A";1003.59;"A";134;"A";33;"A";0;"A";8;"A";25;"A";18.28;"A";12.99;"A";9.52;"A"
"2025-05-06 11:30";17.77;"A";64.45;"A";1003.49;"A";163;"A";34;"A";0;"A";7;"A";27;"A";18.74;"A";12.8;"A";9.3;"A"
"2025-05-06 11:45";18.41;"A";61.96;"A";1003.34;"A";246;"A";35;"A";0;"A";9;"A";26;"A";21.7;"A";14.74;"A";10.85;"A"
"2025-05-06 12:00";18.71;"A";60.15;"A";1003.31;"A";393;"A";37;"A";0;"A";10;"A";27;"A";24.37;"A";17.12;"A";12.91;"A"
"2025-05-06 12:15";18.88;"A";58.12;"A";1003.4;"A";791;"A";39;"A";0;"A";12;"A";27;"A";43.41;"A";31.57;"A";22.32;"A"
"2025-05-06 12:30";18.84;"A";56.61;"A";1003.34;"A";514;"A";41;"A";0;"A";17;"A";25;"A";34.48;"A";22.99;"A";16.53;"A"
"2025-05-06 12:45";18.75;"A";57.11;"A";1003.22;"A";724;"A";43;"A";0;"A";24;"A";19;"A";50.81;"A";33.94;"A";24.18;"A"
"2025-05-06 13:00";18.62;"A";55.89;"A";1003.15;"A";558;"A";42;"A";0;"A";14;"A";28;"A";42.89;"A";27.53;"A";19.15;"A"
"2025-05-06 13:15";18.52;"A";58.7;"A";1002.96;"A";339;"A";42;"A";0;"A";14;"A";28;"A";38.6;"A";23.32;"A";16.32;"A"
"2025-05-06 13:30";18.69;"A";53.91;"A";1003.08;"A";314;"A";45;"A";0;"A";11;"A";34;"A";32.43;"A";21.97;"A";16.02;"A"
"2025-05-06 13:45";19.15;"A";53.9;"A";1003.23;"A";202;"A";50;"A";0;"A";13;"A";37;"A";23.36;"A";14.67;"A";9.9;"A"
"2025-05-06 14:00";19.28;"A";52.86;"A";1003.23;"A";122;"A";48;"A";0;"A";7;"A";41;"A";17.91;"A";11.03;"A";7.77;"A"
"2025-05-06 14:15";19.42;"A";52.69;"A";1003.16;"A";110;"A";51;"A";0;"A";9;"A";42;"A";17.21;"A";10.21;"A";7.05;"A"
"2025-05-06 14:30";19.71;"A";50.72;"A";1003.05;"A";104;"A";51;"A";0;"A";7;"A";45;"A";17.63;"A";12.65;"A";8.62;"A"
"2025-05-06 14:45";19.94;"A";50.63;"A";1002.9;"A";107;"A";55;"A";0;"A";9;"A";46;"A";16.26;"A";9.21;"A";6.68;"A"
"2025-05-06 15:00";20.14;"A";52.03;"A";1002.8;"A";114;"A";50;"A";0;"A";8;"A";41;"A";17.18;"A";9.87;"A";7.15;"A"
"2025-05-06 15:15";20.12;"A";52.39;"A";1002.61;"A";120;"A";50;"A";0;"A";8;"A";42;"A";16.24;"A";9.92;"A";6.99;"A"
"2025-05-06 15:30";19.96;"A";54.42;"A";1002.45;"A";155;"A";49;"A";0;"A";9;"A";40;"A";16.88;"A";10.26;"A";7.15;"A"
"2025-05-06 15:45";19.7;"A";57.73;"A";1002.35;"A";174;"A";49;"A";0;"A";12;"A";36;"A";21.2;"A";13.86;"A";9.56;"A"
"2025-05-06 16:00";19.74;"A";55.69;"A";1002.36;"A";111;"A";48;"A";0;"A";8;"A";40;"A";16.22;"A";8.67;"A";6.2;"A"
"2025-05-06 16:15";19.43;"A";58.59;"A";1002.44;"A";141;"A";51;"A";0;"A";14;"A";38;"A";15.41;"A";8.82;"A";5.81;"A"
"2025-05-06 16:30";19.18;"A";59.93;"A";1002.54;"A";118;"A";46;"A";0;"A";8;"A";39;"A";15.61;"A";9.04;"A";6.19;"A"
"2025-05-06 16:45";18.96;"A";63.37;"A";1002.64;"A";108;"A";46;"A";0;"A";9;"A";38;"A";15.65;"A";8.84;"A";6.12;"A"
"2025-05-06 17:00";19.18;"A";62.13;"A";1002.53;"A";106;"A";44;"A";0;"A";7;"A";36;"A";14.75;"A";8.28;"A";5.75;"A"
"2025-05-06 17:15";19.22;"A";61.33;"A";1002.5;"A";85;"A";44;"A";0;"A";7;"A";38;"A";13.46;"A";8.24;"A";5.77;"A"
"2025-05-06 17:30";19.25;"A";60.65;"A";1002.4;"A";100;"A";46;"A";0;"A";8;"A";38;"A";18.03;"A";10.76;"A";7.32;"A"
"2025-05-06 17:45";19.47;"A";60.16;"A";1002.24;"A";117;"A";46;"A";0;"A";10;"A";36;"A";17.59;"A";10.61;"A";7.95;"A"
"2025-05-06 18:00";19.47;"A";59.94;"A";1002.07;"A";100;"A";45;"A";0;"A";8;"A";37;"A";16.68;"A";9.78;"A";6.31;"A"
"2025-05-06 18:15";19.41;"A";60.12;"A";1001.94;"A";112;"A";45;"A";0;"A";9;"A";36;"A";16.62;"A";9.41;"A";6.54;"A"
"2025-05-06 18:30";19.37;"A";60.45;"A";1001.81;"A";106;"A";45;"A";0;"A";9;"A";37;"A";15.28;"A";9.23;"A";6.37;"A"
"2025-05-06 18:45";19.41;"A";60.68;"A";1001.97;"A";110;"A";44;"A";0;"A";8;"A";35;"A";18.53;"A";10.73;"A";7.18;"A"
"2025-05-06 19:00";19.23;"A";62.23;"A";1002.13;"A";105;"A";45;"A";0;"A";8;"A";37;"A";18.83;"A";10.84;"A";7.21;"A"
"2025-05-06 19:15";19.06;"A";63.53;"A";1002.13;"A";101;"A";47;"A";0;"A";6;"A";41;"A";14.74;"A";9.31;"A";6.64;"A"
"2025-05-06 19:30";18.97;"A";64.45;"A";1002.22;"A";112;"A";46;"A";0;"A";8;"A";39;"A";17.75;"A";10.52;"A";7.54;"A"
"2025-05-06 19:45";18.88;"A";64.99;"A";1002.38;"A";108;"A";45;"A";0;"A";8;"A";37;"A";21.24;"A";13.46;"A";9.78;"A"
"2025-05-06 20:00";18.78;"A";65.14;"A";1002.44;"A";114;"A";45;"A";0;"A";8;"A";37;"A";21.86;"A";14.16;"A";9.89;"A"
"2025-05-06 20:15";18.64;"A";65.2;"A";1002.48;"A";109;"A";46;"A";0;"A";7;"A";38;"A";19.61;"A";12.78;"A";8.87;"A"
"2025-05-06 20:30";18.58;"A";65.14;"A";1002.59;"A";105;"A";46;"A";0;"A";7;"A";38;"A";19.18;"A";11.76;"A";8.24;"A"
"2025-05-06 20:45";18.39;"A";64.62;"A";1002.58;"A";102;"A";46;"A";0;"A";8;"A";37;"A";18.77;"A";11.29;"A";7.84;"A"
"2025-05-06 21:00";18.36;"A";64.33;"A";1002.6;"A";95;"A";46;"A";0;"A";8;"A";38;"A";20.13;"A";12.36;"A";8.55;"A"
"2025-05-06 21:15";18.33;"A";63.41;"A";1002.53;"A";93;"A";46;"A";0;"A";8;"A";38;"A";20.14;"A";12.39;"A";8.74;"A"
"2025-05-06 21:30";18.23;"A";61.98;"A";1002.45;"A";81;"A";47;"A";0;"A";8;"A";39;"A";20.06;"A";11.9;"A";8.1;"A"
"2025-05-06 21:45";18.08;"A";62.15;"A";1002.6;"A";82;"A";47;"A";0;"A";8;"A";38;"A";22.02;"A";12.88;"A";8.78;"A"
"2025-05-06 22:00";17.96;"A";62.15;"A";1002.63;"A";85;"A";45;"A";0;"A";8;"A";38;"A";22.28;"A";13.19;"A";8.77;"A"
"2025-05-06 22:15";17.78;"A";61.78;"A";1002.57;"A";95;"A";45;"A";0;"A";10;"A";36;"A";25.95;"A";16.23;"A";11.92;"A"
"2025-05-06 22:30";17.72;"A";60.61;"A";1002.62;"A";83;"A";45;"A";0;"A";9;"A";35;"A";24.34;"A";13.29;"A";9.3;"A"
"2025-05-06 22:45";17.65;"A";59.45;"A";1002.66;"A";74;"A";44;"A";0;"A";9;"A";35;"A";24.98;"A";13.69;"A";9.39;"A"
"2025-05-06 23:00";17.55;"A";58.34;"A";1002.6;"A";61;"A";44;"A";0;"A";8;"A";37;"A";18.71;"A";10.42;"A";7.12;"A"
"2025-05-06 23:15";17.41;"A";58.29;"A";1002.59;"A";60;"A";45;"A";0;"A";7;"A";37;"A";20.89;"A";11.87;"A";8.14;"A"
"2025-05-06 23:30";17.3;"A";58.6;"A";1002.47;"A";62;"A";43;"A";0;"A";7;"A";36;"A";23.24;"A";12.69;"A";8.36;"A"
"2025-05-06 23:45";17.13;"A";58.69;"A";1002.41;"A";60;"A";43;"A";0;"A";7;"A";36;"A";18.02;"A";9.92;"A";6.47;"A"
"2025-05-07 00:00";17.07;"A";58.7;"A";1002.48;"A";69;"A";42;"A";0;"A";7;"A";35;"A";19.58;"A";12.25;"A";8.47;"A"
"2025-05-07 00:15";16.85;"A";59.14;"A";1002.49;"A";86;"A";41;"A";0;"A";9;"A";32;"A";19.16;"A";12.38;"A";9.16;"A"
"2025-05-07 00:30";16.89;"A";57.34;"A";1002.53;"A";76;"A";40;"A";0;"A";10;"A";30;"A";17.36;"A";10.84;"A";7.41;"A"
"2025-05-07 00:45";16.54;"A";59.03;"A";1002.43;"A";70;"A";39;"A";0;"A";12;"A";28;"A";16.95;"A";9.98;"A";6.75;"A"
"2025-05-07 01:00";16.42;"A";55.97;"A";1002.33;"A";55;"A";40;"A";0;"A";10;"A";30;"A";12.72;"A";7.33;"A";4.84;"A"
"2025-05-07 01:15";16.42;"A";54.69;"A";1002.37;"A";52;"A";42;"A";0;"A";14;"A";28;"A";11.14;"A";6.99;"A";4.95;"A"
"2025-05-07 01:30";16.37;"A";52.66;"A";1002.39;"A";47;"A";43;"A";0;"A";13;"A";31;"A";12.56;"A";6.99;"A";4.88;"A"
"2025-05-07 01:45";16.32;"A";53.26;"A";1002.51;"A";56;"A";43;"A";0;"A";17;"A";26;"A";19.54;"A";9.01;"A";5.96;"A"
"2025-05-07 02:00";16.16;"A";54.23;"A";1002.45;"A";52;"A";44;"A";0;"A";17;"A";27;"A";13.95;"A";8.93;"A";6.48;"A"
"2025-05-07 02:15";16.07;"A";55.65;"A";1002.28;"A";50;"A";41;"A";0;"A";8;"A";33;"A";14.39;"A";8.91;"A";6.1;"A"
"2025-05-07 02:30";15.72;"A";59.27;"A";1002.28;"A";81;"A";40;"A";0;"A";9;"A";31;"A";13.09;"A";7.56;"A";4.93;"A"
"2025-05-07 02:45";15.43;"A";59.63;"A";1002.01;"A";51;"A";40;"A";0;"A";6;"A";34;"A";9.47;"A";5.45;"A";3.87;"A"
"2025-05-07 03:00";15.32;"A";58.44;"A";1001.95;"A";40;"A";41;"A";0;"A";6;"A";35;"A";11.43;"A";5.96;"A";4;"A"
"2025-05-07 03:15";15.16;"A";59.99;"A";1001.74;"A";42;"A";40;"A";0;"A";7;"A";33;"A";11.65;"A";6.38;"A";4.35;"A"
"2025-05-07 03:30";15.02;"A";59.85;"A";1001.57;"A";41;"A";41;"A";0;"A";8;"A";33;"A";11.52;"A";6.41;"A";4.52;"A"
"2025-05-07 03:45";15.06;"A";58.61;"A";1001.5;"A";40;"A";42;"A";0;"A";10;"A";31;"A";10.9;"A";6.23;"A";4.32;"A"
"2025-05-07 04:00";15.07;"A";58.13;"A";1001.35;"A";38;"A";43;"A";0;"A";13;"A";30;"A";9.27;"A";5.96;"A";4.03;"A"
"2025-05-07 04:15";15.09;"A";58.37;"A";1001.28;"A";42;"A";43;"A";0;"A";10;"A";33;"A";10.41;"A";6.42;"A";4.49;"A"
"2025-05-07 04:30";15.01;"A";59.38;"A";1001.16;"A";49;"A";43;"A";0;"A";8;"A";35;"A";14.07;"A";7.83;"A";5.03;"A"
"2025-05-07 04:45";14.96;"A";59.78;"A";1001.03;"A";51;"A";43;"A";0;"A";8;"A";36;"A";13.4;"A";7.48;"A";5.18;"A"
"2025-05-07 05:00";14.93;"A";61.06;"A";1000.98;"A";49;"A";42;"A";0;"A";7;"A";35;"A";16.7;"A";8.74;"A";5.85;"A"
"2025-05-07 05:15";14.86;"A";64.37;"A";1000.89;"A";65;"A";42;"A";0;"A";10;"A";33;"A";15.55;"A";8.62;"A";6.06;"A"
"2025-05-07 05:30";14.63;"A";67.07;"A";1000.94;"A";65;"A";41;"A";0;"A";8;"A";33;"A";19.63;"A";10.84;"A";7.35;"A"
"2025-05-07 05:45";14.48;"A";69.74;"A";1000.92;"A";64;"A";41;"A";0;"A";7;"A";33;"A";21.85;"A";12.96;"A";8.96;"A"
"2025-05-07 06:00";14.5;"A";70.4;"A";1001.04;"A";72;"A";38;"A";0;"A";10;"A";29;"A";23.32;"A";14.7;"A";10.16;"A"
"2025-05-07 06:15";14.4;"A";71.27;"A";1000.98;"A";78;"A";38;"A";0;"A";9;"A";29;"A";20.66;"A";12.74;"A";9.08;"A"
"2025-05-07 06:30";14.59;"A";70.84;"A";1001.08;"A";89;"A";40;"A";0;"A";14;"A";26;"A";18.41;"A";11.23;"A";8.11;"A"
"2025-05-07 06:45";14.61;"A";71.18;"A";1001.11;"A";88;"A";38;"A";0;"A";16;"A";23;"A";19.09;"A";12.26;"A";8.16;"A"
"2025-05-07 07:00";14.82;"A";70.42;"A";1001.04;"A";78;"A";41;"A";0;"A";18;"A";23;"A";19.1;"A";11.16;"A";7.5;"A"
"2025-05-07 07:15";14.87;"A";70.61;"A";1001.05;"A";110;"A";42;"A";0;"A";18;"A";23;"A";17.18;"A";10.41;"A";7.16;"A"
"2025-05-07 07:30";14.96;"A";70.33;"A";1001.08;"A";96;"A";42;"A";0;"A";14;"A";27;"A";17.89;"A";9.81;"A";7.1;"A"
"2025-05-07 07:45";14.98;"A";70.75;"A";1001.06;"A";88;"A";43;"A";0;"A";10;"A";32;"A";14.53;"A";9.37;"A";6.38;"A"
"2025-05-07 08:00";15.35;"A";69.66;"A";1000.83;"A";131;"A";43;"A";0;"A";13;"A";31;"A";22.66;"A";15.59;"A";11.08;"A"
"2025-05-07 08:15";15.62;"A";69.05;"A";1000.69;"A";107;"A";44;"A";0;"A";10;"A";34;"A";18.44;"A";10.24;"A";6.96;"A"
"2025-05-07 08:30";16.2;"A";66.68;"A";1000.54;"A";128;"A";45;"A";0;"A";14;"A";31;"A";26.4;"A";19.01;"A";13.55;"A"
"2025-05-07 08:45";16.8;"A";64.2;"A";1000.23;"A";176;"A";45;"A";0;"A";10;"A";36;"A";18.42;"A";11.38;"A";8.19;"A"
"2025-05-07 09:00";17.27;"A";62.21;"A";1000.18;"A";214;"A";48;"A";0;"A";13;"A";34;"A";18.72;"A";11.26;"A";7.94;"A"
"2025-05-07 09:15";18.34;"A";57.75;"A";1000.25;"A";179;"A";50;"A";0;"A";19;"A";31;"A";16.51;"A";10.21;"A";7;"A"
"2025-05-07 09:30";19.35;"A";55.18;"A";1000.12;"A";120;"A";47;"A";0;"A";8;"A";38;"A";15.74;"A";9.15;"A";6.21;"A"
"2025-05-07 09:45";19.53;"A";52.65;"A";1000.15;"A";125;"A";49;"A";0;"A";8;"A";41;"A";13.66;"A";8.08;"A";5.67;"A"
"2025-05-07 10:00";19.37;"A";51.85;"A";1000.09;"A";428;"A";52;"A";0;"A";13;"A";39;"A";18.28;"A";11.2;"A";7.95;"A"
"2025-05-07 10:15";19.62;"A";50.15;"A";1000.03;"A";622;"A";51;"A";0;"A";11;"A";39;"A";27.86;"A";18;"A";13.02;"A"
"2025-05-07 10:30";19.72;"A";46.28;"A";1000.01;"A";832;"A";55;"A";0;"A";15;"A";40;"A";31.5;"A";20.55;"A";14.96;"A"
"2025-05-07 10:45";19.51;"A";49.13;"A";1000.13;"A";332;"A";56;"A";0;"A";10;"A";45;"A";20.19;"A";12.88;"A";8.92;"A"
"2025-05-07 11:00";19.43;"A";50.04;"A";1000.16;"A";341;"A";53;"A";0;"A";8;"A";45;"A";18.63;"A";12.05;"A";8.36;"A"
"2025-05-07 11:15";19.33;"A";51.58;"A";1000.28;"A";106;"A";53;"A";0;"A";7;"A";45;"A";14.3;"A";8.66;"A";5.64;"A"
"2025-05-07 11:30";19.52;"A";51.87;"A";1000.09;"A";100;"A";52;"A";0;"A";7;"A";45;"A";15.49;"A";9.45;"A";6.53;"A"
"2025-05-07 11:45";19.75;"A";53.63;"A";1000.14;"A";99;"A";52;"A";0;"A";7;"A";46;"A";16.65;"A";11.08;"A";7.79;"A"
"2025-05-07 12:00";19.7;"A";54.75;"A";1000.15;"A";101;"A";52;"A";0;"A";7;"A";45;"A";15.2;"A";9.43;"A";6.75;"A"
"2025-05-07 12:15";19.45;"A";56.87;"A";1000.08;"A";111;"A";51;"A";0;"A";9;"A";43;"A";18.85;"A";10.69;"A";7.27;"A"
"2025-05-07 12:30";19.52;"A";57.62;"A";1000.1;"A";100;"A";50;"A";0;"A";7;"A";43;"A";16.83;"A";10.76;"A";7.71;"A"
"2025-05-07 12:45";19.57;"A";58.03;"A";999.94;"A";130;"A";52;"A";0;"A";16;"A";36;"A";34.27;"A";18.39;"A";12.1;"A"
"2025-05-07 13:00";19.32;"A";58.85;"A";999.86;"A";136;"A";53;"A";0;"A";16;"A";37;"A";30.43;"A";18.22;"A";12.58;"A"
"2025-05-07 13:15";19.23;"A";59.67;"A";999.88;"A";137;"A";52;"A";0;"A";9;"A";43;"A";23.67;"A";16.04;"A";11.69;"A"
"2025-05-07 13:30";19.05;"A";60.79;"A";999.57;"A";123;"A";52;"A";0;"A";7;"A";45;"A";24.21;"A";17.06;"A";12.23;"A"
"2025-05-07 13:45";19.1;"A";61.29;"A";999.55;"A";127;"A";52;"A";0;"A";9;"A";42;"A";27.49;"A";18.73;"A";13.01;"A"
"2025-05-07 14:00";19;"A";62.63;"A";999.45;"A";151;"A";51;"A";0;"A";8;"A";43;"A";30.33;"A";20.65;"A";15.2;"A"
"2025-05-07 14:15";18.83;"A";66.15;"A";999.3;"A";138;"A";51;"A";0;"A";9;"A";42;"A";29.67;"A";21.56;"A";16.08;"A"
"2025-05-07 14:30";18.81;"A";65.39;"A";999.18;"A";121;"A";49;"A";0;"A";9;"A";41;"A";26.98;"A";19.68;"A";14.05;"A"
"2025-05-07 14:45";18.66;"A";64.65;"A";999.05;"A";115;"A";51;"A";0;"A";8;"A";43;"A";26.56;"A";19.16;"A";14.02;"A"
"2025-05-07 15:00";19.04;"A";64.62;"A";998.99;"A";121;"A";52;"A";0;"A";10;"A";42;"A";25.01;"A";18.99;"A";13.5;"A"
"2025-05-07 15:15";19.67;"A";62.49;"A";999.1;"A";122;"A";51;"A";0;"A";7;"A";44;"A";25.91;"A";18.26;"A";13.63;"A"
"2025-05-07 15:30";19.95;"A";60.26;"A";998.84;"A";107;"A";53;"A";0;"A";7;"A";46;"A";24.7;"A";16.78;"A";12.62;"A"
"2025-05-07 15:45";19.77;"A";61.4;"A";998.93;"A";192;"A";54;"A";0;"A";9;"A";45;"A";27.51;"A";19.91;"A";14.74;"A"
"2025-05-07 16:00";19.45;"A";63.8;"A";998.91;"A";446;"A";52;"A";0;"A";10;"A";42;"A";36.77;"A";26.56;"A";18.71;"A"
"2025-05-07 16:15";19.15;"A";65.07;"A";998.77;"A";473;"A";51;"A";0;"A";10;"A";41;"A";40.31;"A";28.51;"A";20.55;"A"
"2025-05-07 16:30";19.05;"A";65.08;"A";998.87;"A";232;"A";51;"A";0;"A";12;"A";40;"A";28.49;"A";21.02;"A";15.41;"A"
"2025-05-07 16:45";18.84;"A";66.3;"A";998.86;"A";128;"A";50;"A";0;"A";8;"A";42;"A";30.31;"A";22.46;"A";16.03;"A"
"2025-05-07 17:00";18.47;"A";69.78;"A";998.87;"A";138;"A";51;"A";0;"A";13;"A";38;"A";30.25;"A";23.43;"A";16.92;"A"
"2025-05-07 17:15";17.98;"A";73.15;"A";998.9;"A";145;"A";46;"A";0;"A";8;"A";38;"A";33.92;"A";25.56;"A";18.5;"A"
"2025-05-07 17:30";17.7;"A";75.28;"A";998.96;"A";147;"A";45;"A";0;"A";9;"A";35;"A";34.61;"A";27.08;"A";19.94;"A"
"2025-05-07 17:45";17.44;"A";76.11;"A";998.93;"A";141;"A";43;"A";0;"A";9;"A";34;"A";29.35;"A";21.59;"A";19.3;"A"
"2025-05-07 18:00";17;"A";77.01;"A";998.75;"A";153;"A";43;"A";0;"A";12;"A";31;"A";28.17;"A";20.47;"A";18.9;"A"
"2025-05-07 18:15";16.61;"A";77.34;"A";998.63;"A";129;"A";39;"A";0;"A";10;"A";29;"A";14.6;"A";10.61;"A";9.4;"A"
"2025-05-07 18:30";16.07;"A";78;"A";998.72;"A";111;"A";35;"A";0;"A";9;"A";26;"A";22.91;"A";16.96;"A";15.01;"A"
"2025-05-07 18:45";15.68;"A";79.25;"A";998.73;"A";100;"A";34;"A";0;"A";10;"A";25;"A";16.29;"A";11.69;"A";10.92;"A"
"2025-05-07 19:00";15.34;"A";79.76;"A";998.88;"A";115;"A";33;"A";0;"A";7;"A";27;"A";11.59;"A";8.24;"A";7.63;"A"
"2025-05-07 19:15";15.06;"A";80.67;"A";998.99;"A";88;"A";33;"A";0;"A";6;"A";27;"A";10.28;"A";7.28;"A";6.71;"A"
"2025-05-07 19:30";14.89;"A";81.16;"A";999.1;"A";97;"A";33;"A";0;"A";7;"A";26;"A";14.71;"A";10.53;"A";9.82;"A"
"2025-05-07 19:45";14.78;"A";81.44;"A";999.2;"A";84;"A";31;"A";0;"A";6;"A";26;"A";9.58;"A";6.77;"A";6.22;"A"
"2025-05-07 20:00";14.6;"A";81.04;"A";999.17;"A";75;"A";32;"A";0;"A";5;"A";27;"A";8.51;"A";5.99;"A";5.47;"A"
"2025-05-07 20:15";14.56;"A";80.87;"A";999.26;"A";69;"A";32;"A";0;"A";5;"A";27;"A";6.95;"A";4.84;"A";4.38;"A"
"2025-05-07 20:30";14.44;"A";80.89;"A";999.25;"A";71;"A";31;"A";0;"A";5;"A";26;"A";6.55;"A";4.55;"A";4.1;"A"
"2025-05-07 20:45";14.33;"A";80.5;"A";999.38;"A";74;"A";33;"A";0;"A";5;"A";28;"A";23.24;"A";16.78;"A";15.78;"A"
"2025-05-07 21:00";14.3;"A";80.95;"A";999.48;"A";71;"A";32;"A";0;"A";5;"A";26;"A";6.42;"A";4.46;"A";4.01;"A"
"2025-05-07 21:15";14.24;"A";82;"A";999.53;"A";75;"A";31;"A";0;"A";5;"A";26;"A";12.54;"A";8.94;"A";8.29;"A"
"2025-05-07 21:30";14.18;"A";82.61;"A";999.6;"A";79;"A";30;"A";0;"A";6;"A";24;"A";15.07;"A";10.8;"A";10.07;"A"
"2025-05-07 21:45";14.1;"A";82;"A";999.62;"A";84;"A";31;"A";0;"A";5;"A";25;"A";15.84;"A";11.36;"A";10.61;"A"
"2025-05-07 22:00";14.01;"A";82.46;"A";999.57;"A";73;"A";31;"A";0;"A";8;"A";23;"A";11.68;"A";8.31;"A";7.69;"A"
"2025-05-07 22:15";13.93;"A";82.49;"A";999.56;"A";64;"A";31;"A";0;"A";9;"A";22;"A";8.39;"A";5.9;"A";5.39;"A"
"2025-05-07 22:30";13.82;"A";82.86;"A";999.65;"A";61;"A";31;"A";0;"A";8;"A";23;"A";8.84;"A";6.23;"A";5.7;"A"
"2025-05-07 22:45";13.7;"A";83.51;"A";999.87;"A";62;"A";32;"A";0;"A";10;"A";22;"A";10.88;"A";7.73;"A";7.13;"A"
"2025-05-07 23:00";13.61;"A";83.31;"A";999.96;"A";60;"A";32;"A";0;"A";11;"A";21;"A";11.65;"A";8.29;"A";7.67;"A"
"2025-05-07 23:15";13.55;"A";83.03;"A";999.79;"A";57;"A";30;"A";0;"A";6;"A";23;"A";10.39;"A";7.36;"A";6.79;"A"
"2025-05-07 23:30";13.39;"A";83.51;"A";999.83;"A";51;"A";31;"A";0;"A";7;"A";24;"A";9.4;"A";6.64;"A";6.1;"A"
"2025-05-07 23:45";13.3;"A";83.88;"A";999.78;"A";48;"A";31;"A";0;"A";8;"A";24;"A";10;"A";7.08;"A";6.52;"A"
"2025-05-08 00:00";13.17;"A";83.68;"A";999.73;"A";51;"A";32;"A";0;"A";5;"A";27;"A";7.63;"A";5.34;"A";4.86;"A"
"2025-05-08 00:15";13.13;"A";83.45;"A";999.72;"A";49;"A";32;"A";0;"A";4;"A";28;"A";4.88;"A";3.33;"A";2.93;"A"
"2025-05-08 00:30";13.05;"A";83.36;"A";999.69;"A";42;"A";33;"A";0;"A";4;"A";29;"A";4.01;"A";2.69;"A";2.32;"A"
"2025-05-08 00:45";13.04;"A";83.3;"A";999.68;"A";40;"A";33;"A";0;"A";4;"A";29;"A";3.89;"A";2.6;"A";2.24;"A"
"2025-05-08 01:00";12.96;"A";83.67;"A";999.7;"A";46;"A";32;"A";0;"A";7;"A";26;"A";10.71;"A";7.6;"A";7.01;"A"
"2025-05-08 01:15";12.89;"A";83.67;"A";999.7;"A";45;"A";32;"A";0;"A";7;"A";24;"A";13.68;"A";9.78;"A";9.09;"A"
"2025-05-08 01:30";12.83;"A";83.31;"A";999.64;"A";44;"A";32;"A";0;"A";7;"A";26;"A";13.37;"A";9.55;"A";8.87;"A"
"2025-05-08 01:45";12.76;"A";83.47;"A";999.57;"A";42;"A";33;"A";0;"A";8;"A";25;"A";14.97;"A";10.72;"A";10;"A"
"2025-05-08 02:00";12.7;"A";82.58;"A";999.52;"A";44;"A";32;"A";0;"A";6;"A";26;"A";11.75;"A";8.36;"A";7.74;"A"
"2025-05-08 02:15";12.7;"A";81.98;"A";999.5;"A";41;"A";33;"A";0;"A";5;"A";27;"A";12.53;"A";8.93;"A";8.29;"A"
"2025-05-08 02:30";12.66;"A";82.84;"A";999.45;"A";43;"A";32;"A";0;"A";7;"A";24;"A";13.48;"A";9.63;"A";8.95;"A"
"2025-05-08 02:45";12.61;"A";82.89;"A";999.54;"A";41;"A";31;"A";0;"A";8;"A";23;"A";12.02;"A";8.56;"A";7.93;"A"
"2025-05-08 03:00";12.53;"A";82.22;"A";999.59;"A";40;"A";30;"A";0;"A";6;"A";25;"A";10.11;"A";7.16;"A";6.59;"A"
"2025-05-08 03:15";12.45;"A";82.41;"A";999.67;"A";38;"A";31;"A";0;"A";5;"A";26;"A";10.5;"A";7.45;"A";6.87;"A"
"2025-05-08 03:30";12.31;"A";81.97;"A";999.62;"A";38;"A";32;"A";0;"A";5;"A";27;"A";12.94;"A";9.23;"A";8.57;"A"
"2025-05-08 03:45";12.23;"A";81.66;"A";999.75;"A";41;"A";33;"A";0;"A";6;"A";26;"A";15.88;"A";11.39;"A";10.63;"A"
"2025-05-08 04:00";12.17;"A";82.2;"A";999.68;"A";37;"A";32;"A";0;"A";7;"A";25;"A";15.5;"A";11.11;"A";10.37;"A"
"2025-05-08 04:15";12.14;"A";82.45;"A";999.7;"A";39;"A";31;"A";0;"A";6;"A";26;"A";13.35;"A";9.54;"A";8.86;"A"
"2025-05-08 04:30";12.11;"A";81.75;"A";999.6;"A";38;"A";31;"A";0;"A";5;"A";26;"A";13.06;"A";9.32;"A";8.66;"A"
"2025-05-08 04:45";12.07;"A";81.8;"A";999.65;"A";38;"A";31;"A";0;"A";5;"A";26;"A";13.99;"A";10;"A";9.31;"A"
"2025-05-08 05:00";12.01;"A";81.45;"A";999.7;"A";44;"A";33;"A";0;"A";12;"A";21;"A";15.79;"A";11.32;"A";10.57;"A"
"2025-05-08 05:15";11.97;"A";81.14;"A";999.74;"A";45;"A";32;"A";0;"A";14;"A";19;"A";16.37;"A";11.74;"A";10.97;"A"
"2025-05-08 05:30";12;"A";80.78;"A";999.85;"A";51;"A";33;"A";0;"A";16;"A";18;"A";16.52;"A";11.85;"A";11.08;"A"
"2025-05-08 05:45";11.99;"A";81.12;"A";999.99;"A";62;"A";32;"A";0;"A";12;"A";20;"A";15.76;"A";11.3;"A";10.54;"A"
"2025-05-08 06:00";12.03;"A";79.68;"A";1000.14;"A";57;"A";32;"A";0;"A";11;"A";20;"A";16.02;"A";11.49;"A";10.73;"A"
"2025-05-08 06:15";11.94;"A";79.62;"A";1000.4;"A";56;"A";32;"A";0;"A";14;"A";18;"A";16.31;"A";11.7;"A";10.93;"A"
"2025-05-08 06:30";11.71;"A";80.68;"A";1000.6;"A";63;"A";30;"A";0;"A";9;"A";21;"A";16.88;"A";12.12;"A";11.33;"A"
"2025-05-08 06:45";11.89;"A";78.95;"A";1000.71;"A";68;"A";30;"A";0;"A";8;"A";22;"A";16.24;"A";11.65;"A";10.88;"A"
"2025-05-08 07:00";12.25;"A";77.62;"A";1000.84;"A";67;"A";30;"A";0;"A";8;"A";23;"A";14.73;"A";10.54;"A";9.82;"A"
"2025-05-08 07:15";12.89;"A";75.59;"A";1000.82;"A";69;"A";30;"A";0;"A";7;"A";23;"A";14.84;"A";10.78;"A";9.79;"A"
"2025-05-08 07:30";13.28;"A";73.35;"A";1000.85;"A";71;"A";30;"A";0;"A";6;"A";24;"A";16.29;"A";12.17;"A";9.16;"A"
"2025-05-08 07:45";13.33;"A";73.54;"A";1000.88;"A";116;"A";32;"A";0;"A";11;"A";22;"A";25.67;"A";19.8;"A";14.01;"A"
"2025-05-08 08:00";13.34;"A";73.37;"A";1001.08;"A";98;"A";34;"A";0;"A";11;"A";23;"A";15.47;"A";11.83;"A";8.62;"A"
"2025-05-08 08:15";13.66;"A";71.71;"A";1001.05;"A";95;"A";32;"A";0;"A";6;"A";26;"A";20.75;"A";15.29;"A";11.11;"A"
"2025-05-08 08:30";14.03;"A";70.33;"A";1001.27;"A";106;"A";33;"A";0;"A";7;"A";26;"A";29.83;"A";23.97;"A";17.47;"A"
"2025-05-08 08:45";14.47;"A";68.08;"A";1001.23;"A";220;"A";37;"A";0;"A";13;"A";24;"A";18.18;"A";13.8;"A";9.82;"A"
"2025-05-08 09:00";15.65;"A";64.97;"A";1001.44;"A";226;"A";36;"A";0;"A";11;"A";25;"A";15.85;"A";11.86;"A";8.67;"A"
"2025-05-08 09:15";16.86;"A";56.37;"A";1001.47;"A";75;"A";38;"A";0;"A";5;"A";34;"A";10.14;"A";6.48;"A";4.83;"A"
"2025-05-08 09:30";17.79;"A";52.47;"A";1001.4;"A";88;"A";40;"A";0;"A";6;"A";34;"A";11.12;"A";6.3;"A";4.65;"A"
"2025-05-08 09:45";17.9;"A";51.36;"A";1001.42;"A";99;"A";43;"A";0;"A";8;"A";36;"A";10.95;"A";6.61;"A";4.64;"A"
"2025-05-08 10:00";17.88;"A";52.33;"A";1001.54;"A";105;"A";43;"A";0;"A";8;"A";35;"A";9.32;"A";6.47;"A";4.57;"A"
"2025-05-08 10:15";17.87;"A";51.9;"A";1001.6;"A";120;"A";44;"A";0;"A";10;"A";33;"A";12.05;"A";8.1;"A";5.93;"A"
"2025-05-08 10:30";18.44;"A";46.35;"A";1001.8;"A";93;"A";43;"A";0;"A";6;"A";37;"A";8.06;"A";5.33;"A";3.86;"A"
"2025-05-08 10:45";18.54;"A";41.2;"A";1001.89;"A";99;"A";46;"A";0;"A";5;"A";41;"A";8.85;"A";5.89;"A";3.8;"A"
"2025-05-08 11:00";18.77;"A";42.4;"A";1001.99;"A";101;"A";48;"A";0;"A";6;"A";42;"A";11.96;"A";8.57;"A";5.91;"A"
"2025-05-08 11:15";18.94;"A";38.13;"A";1001.84;"A";93;"A";48;"A";0;"A";6;"A";42;"A";10.18;"A";6.35;"A";4.52;"A"
"2025-05-08 11:30";19.21;"A";35.58;"A";1001.79;"A";79;"A";51;"A";0;"A";8;"A";43;"A";8.61;"A";4.76;"A";3.35;"A"
"2025-05-08 11:45";19.39;"A";36.06;"A";1001.82;"A";78;"A";51;"A";0;"A";6;"A";45;"A";7.37;"A";5.01;"A";3.43;"A"
"2025-05-08 12:00";19.62;"A";33.63;"A";1001.81;"A";77;"A";51;"A";0;"A";6;"A";45;"A";7.67;"A";4.5;"A";3.07;"A"
"2025-05-08 12:15";19.61;"A";32.81;"A";1001.8;"A";80;"A";54;"A";0;"A";7;"A";46;"A";8.42;"A";4.37;"A";3.02;"A"
"2025-05-08 12:30";19.99;"A";33.65;"A";1001.96;"A";74;"A";53;"A";0;"A";6;"A";46;"A";7.28;"A";4.57;"A";3.2;"A"
"2025-05-08 12:45";20.13;"A";31.48;"A";1001.94;"A";71;"A";53;"A";0;"A";6;"A";47;"A";7.47;"A";4.24;"A";2.95;"A"
"2025-05-08 13:00";20.3;"A";32.37;"A";1001.91;"A";78;"A";53;"A";0;"A";6;"A";47;"A";7.24;"A";4.12;"A";2.78;"A"
"2025-05-08 13:15";20.68;"A";31.4;"A";1002.08;"A";76;"A";52;"A";0;"A";6;"A";46;"A";9.29;"A";5.79;"A";4.13;"A"
"2025-05-08 13:30";20.85;"A";29.95;"A";1002.09;"A";76;"A";54;"A";0;"A";7;"A";47;"A";7.16;"A";3.99;"A";2.64;"A"
"2025-05-08 13:45";21.34;"A";28.63;"A";1002.08;"A";76;"A";51;"A";0;"A";6;"A";45;"A";6.33;"A";3.85;"A";2.56;"A"
"2025-05-08 14:00";21.63;"A";29.74;"A";1002.22;"A";75;"A";53;"A";0;"A";7;"A";47;"A";6.6;"A";3.95;"A";2.65;"A"
"2025-05-08 14:15";21.98;"A";28.42;"A";1002.12;"A";78;"A";52;"A";0;"A";6;"A";46;"A";6.46;"A";3.58;"A";2.51;"A"
"2025-05-08 14:30";21.74;"A";28.78;"A";1002.18;"A";92;"A";55;"A";0;"A";10;"A";45;"A";8.45;"A";6.01;"A";4.08;"A"
"2025-05-08 14:45";21.38;"A";29.79;"A";1002.25;"A";136;"A";56;"A";0;"A";23;"A";32;"A";14.3;"A";5.97;"A";3.76;"A"
"2025-05-08 15:00";21.52;"A";30.92;"A";1002.24;"A";136;"A";55;"A";0;"A";21;"A";33;"A";11.09;"A";5.98;"A";4.24;"A"
"2025-05-08 15:15";22.24;"A";30.4;"A";1002.05;"A";114;"A";52;"A";0;"A";16;"A";36;"A";11.99;"A";6.55;"A";4.27;"A"
"2025-05-08 15:30";22.26;"A";29.59;"A";1002.06;"A";86;"A";51;"A";0;"A";6;"A";44;"A";7.67;"A";4.53;"A";2.99;"A"
"2025-05-08 15:45";22.66;"A";29.51;"A";1002.1;"A";95;"A";51;"A";0;"A";7;"A";43;"A";7.39;"A";4.34;"A";2.98;"A"
"2025-05-08 16:00";22.86;"A";28.82;"A";1002.1;"A";92;"A";50;"A";0;"A";6;"A";44;"A";7.83;"A";4.89;"A";3.38;"A"
"2025-05-08 16:15";22.05;"A";29.09;"A";1002.09;"A";205;"A";54;"A";0;"A";17;"A";38;"A";16;"A";9.85;"A";7.53;"A"
"2025-05-08 16:30";21.59;"A";29.63;"A";1002.13;"A";90;"A";52;"A";0;"A";7;"A";44;"A";6.47;"A";4.12;"A";2.78;"A"
"2025-05-08 16:45";21.84;"A";29.97;"A";1002.09;"A";107;"A";51;"A";0;"A";9;"A";42;"A";8.04;"A";4.15;"A";2.8;"A"
"2025-05-08 17:00";21.65;"A";30.32;"A";1002.21;"A";124;"A";50;"A";0;"A";7;"A";43;"A";6.39;"A";4.07;"A";2.72;"A"
"2025-05-08 17:15";21.45;"A";30.49;"A";1002.25;"A";98;"A";50;"A";0;"A";8;"A";43;"A";6.87;"A";4.14;"A";2.89;"A"
"2025-05-08 17:30";21.35;"A";31.63;"A";1002.38;"A";87;"A";50;"A";0;"A";8;"A";42;"A";7.3;"A";4.34;"A";2.62;"A"
"2025-05-08 17:45";20.96;"A";33.02;"A";1002.48;"A";79;"A";50;"A";0;"A";7;"A";43;"A";7;"A";4.16;"A";2.63;"A"
"2025-05-08 18:00";20.56;"A";32.79;"A";1002.35;"A";82;"A";49;"A";0;"A";7;"A";42;"A";7.37;"A";3.9;"A";2.58;"A"
"2025-05-08 18:15";20.29;"A";33.34;"A";1002.44;"A";78;"A";49;"A";0;"A";8;"A";41;"A";6.98;"A";4.24;"A";2.65;"A"
"2025-05-08 18:30";19.97;"A";34.65;"A";1002.41;"A";81;"A";49;"A";0;"A";8;"A";41;"A";6.97;"A";4.17;"A";2.85;"A"
"2025-05-08 18:45";19.58;"A";34.7;"A";1002.4;"A";76;"A";49;"A";0;"A";8;"A";41;"A";7.61;"A";4.14;"A";2.75;"A"
"2025-05-08 19:00";19.13;"A";35.89;"A";1002.52;"A";72;"A";49;"A";0;"A";8;"A";41;"A";7.39;"A";4.19;"A";2.72;"A"
"2025-05-08 19:15";18.71;"A";36.84;"A";1002.47;"A";76;"A";49;"A";0;"A";8;"A";41;"A";7.21;"A";3.9;"A";2.83;"A"
"2025-05-08 19:30";18.36;"A";37.82;"A";1002.32;"A";65;"A";47;"A";0;"A";7;"A";40;"A";8.26;"A";4.58;"A";3.1;"A"
"2025-05-08 19:45";18.07;"A";38.77;"A";1002.31;"A";69;"A";46;"A";0;"A";9;"A";38;"A";9.63;"A";5.16;"A";3.49;"A"
"2025-05-08 20:00";17.86;"A";38.81;"A";1002.38;"A";73;"A";46;"A";0;"A";10;"A";36;"A";10.83;"A";5.92;"A";3.8;"A"
"2025-05-08 20:15";17.62;"A";39.83;"A";1002.48;"A";84;"A";46;"A";0;"A";9;"A";36;"A";11.04;"A";6.59;"A";4.6;"A"
"2025-05-08 20:30";17.37;"A";39.92;"A";1002.52;"A";78;"A";46;"A";0;"A";9;"A";37;"A";10.56;"A";5.1;"A";3.72;"A"
"2025-05-08 20:45";17.1;"A";41.31;"A";1002.76;"A";92;"A";45;"A";0;"A";8;"A";36;"A";10.69;"A";6.24;"A";4.3;"A"
"2025-05-08 21:00";16.62;"A";43.26;"A";1003.01;"A";159;"A";44;"A";0;"A";9;"A";35;"A";9.65;"A";5.98;"A";4.29;"A"
"2025-05-08 21:15";16.61;"A";43.95;"A";1003.18;"A";164;"A";43;"A";0;"A";11;"A";33;"A";8.46;"A";5.46;"A";4.07;"A"
"2025-05-08 21:30";16.48;"A";44.24;"A";1003.23;"A";132;"A";42;"A";0;"A";11;"A";32;"A";10.82;"A";6.81;"A";4.4;"A"
"2025-05-08 21:45";16.37;"A";44.46;"A";1003.23;"A";132;"A";42;"A";0;"A";9;"A";33;"A";16.46;"A";10.75;"A";7.04;"A"
"2025-05-08 22:00";16.25;"A";45.03;"A";1003.21;"A";127;"A";42;"A";0;"A";10;"A";31;"A";14.94;"A";8.97;"A";5.95;"A"
"2025-05-08 22:15";16.11;"A";43.95;"A";1003.11;"A";127;"A";42;"A";0;"A";10;"A";33;"A";15.49;"A";9.38;"A";6.32;"A"
"2025-05-08 22:30";15.91;"A";43.62;"A";1003.08;"A";98;"A";43;"A";0;"A";9;"A";34;"A";13.7;"A";9.37;"A";6.88;"A"
"2025-05-08 22:45";15.65;"A";43.26;"A";1003.09;"A";82;"A";42;"A";0;"A";7;"A";35;"A";11.11;"A";6.7;"A";4.69;"A"
"2025-05-08 23:00";15.47;"A";43.46;"A";1003.04;"A";74;"A";42;"A";0;"A";6;"A";36;"A";9.37;"A";5.47;"A";3.79;"A"
"2025-05-08 23:15";15.34;"A";43.75;"A";1003.02;"A";70;"A";42;"A";0;"A";6;"A";36;"A";8.35;"A";4.91;"A";3.42;"A"
"2025-05-08 23:30";15.14;"A";44.3;"A";1003.1;"A";57;"A";42;"A";0;"A";6;"A";36;"A";8.18;"A";4.86;"A";3.32;"A"
"2025-05-08 23:45";14.99;"A";44.26;"A";1003.18;"A";54;"A";41;"A";0;"A";6;"A";35;"A";8.9;"A";5.76;"A";4.01;"A"
"2025-05-09 00:00";14.87;"A";44.43;"A";1003.12;"A";44;"A";41;"A";0;"A";6;"A";35;"A";6.84;"A";4.41;"A";2.89;"A"
"2025-05-09 00:15";14.82;"A";43.92;"A";1003.11;"A";46;"A";41;"A";0;"A";6;"A";34;"A";7.47;"A";4.07;"A";2.77;"A"
"2025-05-09 00:30";14.84;"A";44.54;"A";1002.98;"A";41;"A";41;"A";0;"A";6;"A";35;"A";8.14;"A";3.92;"A";2.7;"A"
"2025-05-09 00:45";14.78;"A";44.59;"A";1003.05;"A";46;"A";40;"A";0;"A";7;"A";34;"A";6.44;"A";3.95;"A";2.6;"A"
"2025-05-09 01:00";14.6;"A";45.2;"A";1002.98;"A";49;"A";40;"A";0;"A";7;"A";33;"A";8.03;"A";4.16;"A";2.86;"A"
"2025-05-09 01:15";14.5;"A";44.55;"A";1002.85;"A";53;"A";39;"A";0;"A";7;"A";32;"A";7.77;"A";5.12;"A";3.45;"A"
"2025-05-09 01:30";14.32;"A";44.76;"A";1002.64;"A";49;"A";40;"A";0;"A";7;"A";33;"A";8.83;"A";5.72;"A";3.99;"A"
"2025-05-09 01:45";14.01;"A";45.47;"A";1002.49;"A";42;"A";39;"A";0;"A";7;"A";32;"A";8.92;"A";5.35;"A";3.54;"A"
"2025-05-09 02:00";13.85;"A";46.39;"A";1002.4;"A";37;"A";39;"A";0;"A";7;"A";31;"A";7.3;"A";4.59;"A";3.2;"A"
"2025-05-09 02:15";13.64;"A";46.94;"A";1002.38;"A";40;"A";38;"A";0;"A";7;"A";32;"A";7.13;"A";4.3;"A";3.18;"A"
"2025-05-09 02:30";13.44;"A";48.17;"A";1002.34;"A";37;"A";39;"A";0;"A";7;"A";32;"A";8.72;"A";4.74;"A";3.34;"A"
"2025-05-09 02:45";13.2;"A";49.11;"A";1002.25;"A";36;"A";38;"A";0;"A";7;"A";32;"A";7.52;"A";4.68;"A";3.34;"A"
"2025-05-09 03:00";13.02;"A";49.43;"A";1002.34;"A";32;"A";38;"A";0;"A";6;"A";31;"A";6.99;"A";4.58;"A";3.22;"A"
"2025-05-09 03:15";12.99;"A";48.98;"A";1002.18;"A";32;"A";38;"A";0;"A";6;"A";32;"A";7.93;"A";4.78;"A";3.31;"A"
"2025-05-09 03:30";13.05;"A";48.35;"A";1001.92;"A";30;"A";38;"A";0;"A";6;"A";33;"A";7.4;"A";4.76;"A";3.14;"A"
"2025-05-09 03:45";13.09;"A";48.19;"A";1001.8;"A";31;"A";39;"A";0;"A";6;"A";33;"A";8.71;"A";4.89;"A";3.27;"A"
"2025-05-09 04:00";12.93;"A";49.92;"A";1001.7;"A";31;"A";39;"A";0;"A";6;"A";33;"A";8.95;"A";4.94;"A";3.55;"A"
"2025-05-09 04:15";12.87;"A";49.96;"A";1001.55;"A";33;"A";39;"A";0;"A";6;"A";33;"A";7.42;"A";5.27;"A";3.61;"A"
"2025-05-09 04:30";12.76;"A";50.35;"A";1001.42;"A";36;"A";39;"A";0;"A";6;"A";32;"A";9.87;"A";6.47;"A";4.42;"A"
"2025-05-09 04:45";12.7;"A";50.67;"A";1001.26;"A";46;"A";37;"A";0;"A";6;"A";32;"A";11.82;"A";7.7;"A";5.56;"A"
"2025-05-09 05:00";12.51;"A";51.45;"A";1001.06;"A";42;"A";37;"A";0;"A";6;"A";31;"A";10.55;"A";6.72;"A";4.77;"A"
"2025-05-09 05:15";12.38;"A";52.2;"A";1001.12;"A";74;"A";37;"A";0;"A";6;"A";31;"A";15.25;"A";9.65;"A";6.87;"A"
"2025-05-09 05:30";12.3;"A";52.63;"A";1001.19;"A";80;"A";36;"A";0;"A";7;"A";30;"A";15.51;"A";9.93;"A";6.95;"A"
"2025-05-09 05:45";12.14;"A";52.96;"A";1001.03;"A";80;"A";36;"A";0;"A";8;"A";28;"A";16.25;"A";9.56;"A";6.63;"A"
"2025-05-09 06:00";12.02;"A";53.94;"A";1001.12;"A";74;"A";36;"A";0;"A";8;"A";27;"A";14.87;"A";8.47;"A";5.99;"A"
"2025-05-09 06:15";12.1;"A";54.63;"A";1001.14;"A";90;"A";35;"A";0;"A";9;"A";26;"A";15.87;"A";9.74;"A";6.79;"A"
"2025-05-09 06:30";12.17;"A";54.4;"A";1001.18;"A";99;"A";35;"A";0;"A";9;"A";27;"A";15.35;"A";9.57;"A";6.82;"A"
"2025-05-09 06:45";12.26;"A";54.37;"A";1001.11;"A";96;"A";35;"A";0;"A";9;"A";26;"A";15.41;"A";10.43;"A";7.07;"A"
"2025-05-09 07:00";12.36;"A";54.5;"A";1000.81;"A";108;"A";35;"A";0;"A";9;"A";26;"A";15.41;"A";9.49;"A";6.65;"A"
"2025-05-09 07:15";12.5;"A";54.3;"A";1000.68;"A";99;"A";36;"A";0;"A";9;"A";28;"A";14;"A";9.24;"A";6.54;"A"
"2025-05-09 07:30";12.67;"A";54.24;"A";1000.69;"A";102;"A";37;"A";0;"A";10;"A";27;"A";14.37;"A";9.49;"A";6.48;"A"
"2025-05-09 07:45";12.69;"A";55.34;"A";1000.6;"A";115;"A";37;"A";0;"A";11;"A";26;"A";16.28;"A";10.37;"A";7.15;"A"
"2025-05-09 08:00";12.69;"A";56.05;"A";1000.46;"A";140;"A";37;"A";0;"A";12;"A";25;"A";16.04;"A";10.7;"A";8.01;"A"
"2025-05-09 08:15";12.6;"A";57.73;"A";1000.29;"A";137;"A";37;"A";0;"A";12;"A";26;"A";16.51;"A";10.48;"A";7.86;"A"
"2025-05-09 08:30";12.51;"A";59.14;"A";1000.26;"A";130;"A";37;"A";0;"A";10;"A";27;"A";16.45;"A";10.06;"A";7.15;"A"
"2025-05-09 08:45";12.58;"A";59.99;"A";1000.14;"A";292;"A";38;"A";0;"A";14;"A";24;"A";32.3;"A";24.13;"A";17.85;"A"
"2025-05-09 09:00";12.65;"A";61.1;"A";1000.15;"A";135;"A";37;"A";0;"A";12;"A";25;"A";14.45;"A";9.19;"A";6.65;"A"
"2025-05-09 09:15";12.92;"A";60.05;"A";999.99;"A";155;"A";36;"A";0;"A";11;"A";25;"A";16.13;"A";10.48;"A";7.64;"A"
"2025-05-09 09:30";12.83;"A";62.28;"A";999.81;"A";139;"A";38;"A";0;"A";12;"A";26;"A";14.94;"A";9.92;"A";6.95;"A"
"2025-05-09 09:45";12.72;"A";67.47;"A";999.93;"A";190;"A";37;"A";0;"A";11;"A";25;"A";15.69;"A";10.27;"A";7.21;"A"
"2025-05-09 10:00";12.32;"A";71.05;"A";1000.02;"A";130;"A";36;"A";0;"A";13;"A";23;"A";18.72;"A";11.64;"A";8.43;"A"
"2025-05-09 10:15";12.02;"A";76.41;"A";999.92;"A";138;"A";33;"A";0;"A";13;"A";20;"A";17.74;"A";12.4;"A";9.82;"A"
"2025-05-09 10:30";12.02;"A";78.87;"A";999.92;"A";182;"A";31;"A";0;"A";15;"A";16;"A";16.81;"A";12;"A";11.07;"A"
"2025-05-09 10:45";11.98;"A";79.72;"A";999.73;"A";184;"A";31;"A";0;"A";17;"A";14;"A";19.71;"A";14.24;"A";13.26;"A"
"2025-05-09 11:00";12.09;"A";80.11;"A";999.46;"A";147;"A";32;"A";0;"A";15;"A";17;"A";17.57;"A";12.63;"A";11.82;"A"
"2025-05-09 11:15";12.31;"A";81.43;"A";999.51;"A";134;"A";32;"A";0;"A";12;"A";21;"A";16.2;"A";11.62;"A";10.86;"A"
"2025-05-09 11:30";12.47;"A";82.12;"A";999.29;"A";142;"A";33;"A";0;"A";14;"A";18;"A";16.62;"A";11.93;"A";11.15;"A"
"2025-05-09 11:45";12.73;"A";82.1;"A";999.17;"A";145;"A";34;"A";0;"A";16;"A";18;"A";15.12;"A";10.83;"A";10.1;"A"
"2025-05-09 12:00";12.76;"A";83.01;"A";998.94;"A";142;"A";33;"A";0;"A";13;"A";20;"A";14.99;"A";10.74;"A";10.01;"A"
"2025-05-09 12:15";12.62;"A";83.52;"A";998.83;"A";124;"A";32;"A";0;"A";11;"A";21;"A";14.33;"A";10.25;"A";9.54;"A"
"2025-05-09 12:30";12.55;"A";84.05;"A";998.64;"A";93;"A";31;"A";0;"A";10;"A";21;"A";13.91;"A";9.94;"A";9.25;"A"
"2025-05-09 12:45";12.65;"A";85.01;"A";998.34;"A";102;"A";31;"A";0;"A";10;"A";22;"A";14.57;"A";10.42;"A";9.71;"A"
"2025-05-09 13:00";12.8;"A";85.23;"A";998.22;"A";109;"A";30;"A";0;"A";9;"A";21;"A";14.27;"A";10.21;"A";9.5;"A"
"2025-05-09 13:15";12.96;"A";85.81;"A";998.02;"A";93;"A";31;"A";0;"A";10;"A";21;"A";13.59;"A";9.71;"A";9.03;"A"
"2025-05-09 13:30";13.05;"A";85.84;"A";997.83;"A";115;"A";30;"A";0;"A";11;"A";19;"A";12.67;"A";9.03;"A";8.38;"A"
"2025-05-09 13:45";13.16;"A";86.31;"A";997.9;"A";123;"A";30;"A";0;"A";13;"A";17;"A";17.67;"A";12.7;"A";11.89;"A"
"2025-05-09 14:00";13.45;"A";86.74;"A";997.65;"A";317;"A";31;"A";0;"A";15;"A";15;"A";24.92;"A";18.01;"A";16.96;"A"
"2025-05-09 14:15";13.73;"A";86.5;"A";997.67;"A";638;"A";31;"A";0;"A";14;"A";17;"A";17.64;"A";12.67;"A";11.86;"A"
"2025-05-09 14:30";13.7;"A";86.2;"A";997.65;"A";315;"A";30;"A";0;"A";14;"A";16;"A";20.01;"A";14.41;"A";13.52;"A"
"2025-05-09 14:45";13.7;"A";85.98;"A";997.04;"A";274;"A";30;"A";0;"A";16;"A";15;"A";17.02;"A";12.22;"A";11.43;"A"
"2025-05-09 15:00";13.85;"A";84.69;"A";997.48;"A";256;"A";33;"A";0;"A";20;"A";14;"A";11.25;"A";7.99;"A";7.39;"A"
"2025-05-09 15:15";13.61;"A";84.42;"A";997.42;"A";140;"A";32;"A";0;"A";12;"A";19;"A";7.49;"A";5.24;"A";4.76;"A"
"2025-05-09 15:30";13.28;"A";83.34;"A";997.55;"A";131;"A";31;"A";0;"A";12;"A";19;"A";12.66;"A";9.03;"A";8.38;"A"
"2025-05-09 15:45";12.72;"A";82.76;"A";997.59;"A";116;"A";30;"A";0;"A";12;"A";18;"A";17.6;"A";12.65;"A";11.83;"A"
"2025-05-09 16:00";12.27;"A";82.64;"A";997.76;"A";88;"A";30;"A";0;"A";10;"A";20;"A";12.01;"A";8.55;"A";7.92;"A"
"2025-05-09 16:15";11.92;"A";82.72;"A";997.99;"A";85;"A";31;"A";0;"A";9;"A";22;"A";9.99;"A";7.07;"A";6.51;"A"
"2025-05-09 16:30";11.7;"A";82.11;"A";998.39;"A";77;"A";31;"A";0;"A";8;"A";23;"A";9.37;"A";6.62;"A";6.08;"A"
"2025-05-09 16:45";11.36;"A";81.44;"A";998.57;"A";81;"A";32;"A";0;"A";9;"A";23;"A";10.98;"A";7.8;"A";7.2;"A"
"2025-05-09 17:00";11.12;"A";80.44;"A";999.07;"A";72;"A";33;"A";0;"A";9;"A";24;"A";12.23;"A";8.83;"A";8.07;"A"
"2025-05-09 17:15";10.88;"A";80.75;"A";999.2;"A";67;"A";34;"A";0;"A";8;"A";26;"A";10.92;"A";7.83;"A";6.38;"A"
"2025-05-09 17:30";10.44;"A";80.42;"A";999.64;"A";74;"A";32;"A";0;"A";8;"A";24;"A";8.71;"A";6.16;"A";5.21;"A"
"2025-05-09 17:45";10.06;"A";79.88;"A";999.87;"A";61;"A";33;"A";0;"A";7;"A";26;"A";8.04;"A";6.04;"A";4.83;"A"
"2025-05-09 18:00";9.64;"A";79.28;"A";1000.49;"A";57;"A";34;"A";0;"A";8;"A";26;"A";7.23;"A";5.26;"A";4;"A"
"2025-05-09 18:15";9.35;"A";80.73;"A";1000.77;"A";53;"A";35;"A";0;"A";8;"A";27;"A";5.73;"A";4.03;"A";3.43;"A"
"2025-05-09 18:30";9.12;"A";81.2;"A";1001.1;"A";58;"A";35;"A";0;"A";8;"A";27;"A";5.87;"A";4.06;"A";3.63;"A"
"2025-05-09 18:45";9.15;"A";80.5;"A";1001.46;"A";55;"A";35;"A";0;"A";8;"A";27;"A";6.21;"A";4.05;"A";3.4;"A"
"2025-05-09 19:00";9.02;"A";80.11;"A";1001.75;"A";49;"A";35;"A";0;"A";7;"A";29;"A";5.66;"A";3.88;"A";3.41;"A"
"2025-05-09 19:15";8.91;"A";79.55;"A";1001.88;"A";40;"A";38;"A";0;"A";7;"A";31;"A";6.06;"A";4.19;"A";3.75;"A"
"2025-05-09 19:30";8.77;"A";79.27;"A";1002.13;"A";39;"A";38;"A";0;"A";6;"A";32;"A";6.19;"A";4.07;"A";3.31;"A"
"2025-05-09 19:45";8.66;"A";79.83;"A";1002.27;"A";41;"A";38;"A";0;"A";6;"A";31;"A";5.94;"A";4.22;"A";3.64;"A"
"2025-05-09 20:00";8.58;"A";79.43;"A";1002.63;"A";38;"A";38;"A";0;"A";6;"A";32;"A";5.58;"A";3.84;"A";3.42;"A"
"2025-05-09 20:15";8.55;"A";79.56;"A";1002.79;"A";47;"A";37;"A";0;"A";6;"A";32;"A";5.08;"A";3.48;"A";3.07;"A"
"2025-05-09 20:30";8.43;"A";79.18;"A";1003.21;"A";39;"A";38;"A";0;"A";6;"A";31;"A";4.33;"A";2.98;"A";2.54;"A"
"2025-05-09 20:45";8.33;"A";79.02;"A";1003.55;"A";39;"A";38;"A";0;"A";9;"A";29;"A";4.72;"A";3.21;"A";2.82;"A"
"2025-05-09 21:00";8.26;"A";78.81;"A";1003.91;"A";32;"A";38;"A";0;"A";6;"A";32;"A";5.35;"A";3.64;"A";2.85;"A"
"2025-05-09 21:15";8.07;"A";77.63;"A";1004.05;"A";30;"A";39;"A";0;"A";6;"A";33;"A";5.72;"A";4.01;"A";2.63;"A"
"2025-05-09 21:30";8.02;"A";78.28;"A";1004.3;"A";33;"A";38;"A";0;"A";6;"A";32;"A";5.4;"A";3.53;"A";2.5;"A"
"2025-05-09 21:45";7.99;"A";78.33;"A";1004.38;"A";34;"A";36;"A";0;"A";6;"A";30;"A";4.17;"A";2.79;"A";2.14;"A"
"2025-05-09 22:00";7.94;"A";78.4;"A";1004.39;"A";37;"A";35;"A";0;"A";5;"A";30;"A";3.64;"A";2.41;"A";2.09;"A"
"2025-05-09 22:15";7.94;"A";78.89;"A";1004.45;"A";34;"A";35;"A";0;"A";6;"A";29;"A";3.64;"A";2.51;"A";2.05;"A"
"2025-05-09 22:30";7.92;"A";79.13;"A";1004.56;"A";38;"A";35;"A";0;"A";7;"A";28;"A";4.52;"A";3.13;"A";2.62;"A"
"2025-05-09 22:45";7.96;"A";78.74;"A";1004.65;"A";42;"A";34;"A";0;"A";6;"A";28;"A";3.92;"A";2.59;"A";2.11;"A"
"2025-05-09 23:00";8;"A";79.33;"A";1004.96;"A";31;"A";34;"A";0;"A";5;"A";28;"A";3.98;"A";2.58;"A";2.21;"A"
"2025-05-09 23:15";7.99;"A";78.73;"A";1005.03;"A";34;"A";33;"A";0;"A";5;"A";28;"A";3.73;"A";2.55;"A";2.14;"A"
"2025-05-09 23:30";7.94;"A";78.38;"A";1005.1;"A";31;"A";33;"A";0;"A";5;"A";28;"A";3.54;"A";2.42;"A";2.06;"A"
"2025-05-09 23:45";7.89;"A";78.26;"A";1005.37;"A";32;"A";34;"A";0;"A";5;"A";29;"A";3.75;"A";2.54;"A";2.18;"A"
"2025-05-10 00:00";7.74;"A";78.49;"A";1005.59;"A";31;"A";33;"A";0;"A";5;"A";28;"A";4.37;"A";3;"A";2.45;"A"
"2025-05-10 00:15";7.73;"A";79.1;"A";1005.79;"A";31;"A";33;"A";0;"A";6;"A";27;"A";5.17;"A";3.65;"A";2.91;"A"
"2025-05-10 00:30";7.77;"A";79.34;"A";1005.71;"A";32;"A";33;"A";0;"A";6;"A";27;"A";6.43;"A";4.48;"A";3.88;"A"
"2025-05-10 00:45";7.74;"A";78.92;"A";1005.91;"A";30;"A";33;"A";0;"A";5;"A";28;"A";5.54;"A";3.81;"A";3.39;"A"
"2025-05-10 01:00";7.73;"A";79.32;"A";1005.94;"A";31;"A";33;"A";0;"A";5;"A";28;"A";6.54;"A";4.54;"A";4.09;"A"
"2025-05-10 01:15";7.69;"A";78.89;"A";1006.21;"A";28;"A";34;"A";0;"A";5;"A";29;"A";8.53;"A";6.47;"A";5.02;"A"
"2025-05-10 01:30";7.58;"A";79.24;"A";1006.24;"A";30;"A";34;"A";0;"A";5;"A";29;"A";8.93;"A";6.39;"A";5.78;"A"
"2025-05-10 01:45";7.28;"A";80.58;"A";1006.54;"A";30;"A";33;"A";0;"A";6;"A";27;"A";10.24;"A";7.34;"A";6.56;"A"
"2025-05-10 02:00";7;"A";80.83;"A";1006.34;"A";33;"A";32;"A";0;"A";5;"A";27;"A";10.69;"A";7.95;"A";6.86;"A"
"2025-05-10 02:15";6.79;"A";80.72;"A";1006.21;"A";27;"A";32;"A";0;"A";6;"A";26;"A";10.44;"A";7.8;"A";6.73;"A"
"2025-05-10 02:30";6.55;"A";81.54;"A";1006.49;"A";29;"A";31;"A";0;"A";5;"A";26;"A";10.25;"A";7.26;"A";6.69;"A"
"2025-05-10 02:45";6.29;"A";82.8;"A";1006.8;"A";29;"A";30;"A";0;"A";5;"A";26;"A";10.33;"A";7.32;"A";6.75;"A"
"2025-05-10 03:00";5.95;"A";83.48;"A";1006.73;"A";32;"A";28;"A";0;"A";5;"A";23;"A";12.4;"A";8.83;"A";8.19;"A"
"2025-05-10 03:15";5.86;"A";84.16;"A";1006.53;"A";36;"A";27;"A";0;"A";5;"A";21;"A";12.03;"A";8.56;"A";7.93;"A"
"2025-05-10 03:30";5.7;"A";84.13;"A";1006.64;"A";30;"A";28;"A";0;"A";5;"A";23;"A";10.33;"A";7.32;"A";6.75;"A"
"2025-05-10 03:45";5.66;"A";83.77;"A";1006.76;"A";30;"A";28;"A";0;"A";5;"A";23;"A";9.94;"A";7.03;"A";6.47;"A"
"2025-05-10 04:00";5.56;"A";83.85;"A";1006.94;"A";37;"A";28;"A";0;"A";5;"A";23;"A";10.02;"A";7.09;"A";6.53;"A"
"2025-05-10 04:15";5.35;"A";84.43;"A";1006.83;"A";57;"A";27;"A";0;"A";6;"A";21;"A";12.01;"A";8.55;"A";7.92;"A"
"2025-05-10 04:30";5.33;"A";84.41;"A";1006.44;"A";57;"A";27;"A";0;"A";6;"A";21;"A";14.23;"A";10.18;"A";9.48;"A"
"2025-05-10 04:45";5.28;"A";83.84;"A";1006.38;"A";53;"A";26;"A";0;"A";6;"A";20;"A";11.95;"A";8.51;"A";7.88;"A"
"2025-05-10 05:00";5.3;"A";82.62;"A";1006.51;"A";36;"A";27;"A";0;"A";6;"A";21;"A";11.12;"A";7.9;"A";7.3;"A"
"2025-05-10 05:15";5.19;"A";82.71;"A";1006.6;"A";42;"A";28;"A";0;"A";6;"A";22;"A";11.22;"A";7.97;"A";7.37;"A"
"2025-05-10 05:30";5.06;"A";82.66;"A";1006.6;"A";33;"A";28;"A";0;"A";6;"A";21;"A";11.02;"A";7.82;"A";7.23;"A"
"2025-05-10 05:45";4.95;"A";83.01;"A";1006.82;"A";38;"A";27;"A";0;"A";7;"A";19;"A";11.41;"A";8.11;"A";7.5;"A"
"2025-05-10 06:00";4.83;"A";83.4;"A";1006.93;"A";49;"A";26;"A";0;"A";8;"A";18;"A";10.92;"A";7.75;"A";7.16;"A"
"2025-05-10 06:15";4.83;"A";82.88;"A";1007.08;"A";41;"A";26;"A";0;"A";7;"A";19;"A";11.08;"A";7.87;"A";7.27;"A"
"2025-05-10 06:30";4.98;"A";82.77;"A";1007.09;"A";42;"A";27;"A";0;"A";8;"A";19;"A";11.49;"A";8.17;"A";7.56;"A"
"2025-05-10 06:45";5.13;"A";82.86;"A";1007.21;"A";51;"A";26;"A";0;"A";10;"A";16;"A";12.58;"A";8.97;"A";8.32;"A"
"2025-05-10 07:00";5.3;"A";81.86;"A";1007.3;"A";50;"A";27;"A";0;"A";10;"A";17;"A";12.58;"A";8.97;"A";8.32;"A"
"2025-05-10 07:15";5.8;"A";80.53;"A";1007.13;"A";48;"A";27;"A";0;"A";10;"A";17;"A";12.53;"A";8.93;"A";8.29;"A"
"2025-05-10 07:30";6.1;"A";79.37;"A";1007.13;"A";60;"A";26;"A";0;"A";9;"A";17;"A";13.14;"A";9.47;"A";8.68;"A"
"2025-05-10 07:45";6.47;"A";78.27;"A";1007.26;"A";77;"A";28;"A";0;"A";11;"A";17;"A";13.58;"A";9.86;"A";8.92;"A"
"2025-05-10 08:00";7.17;"A";75.74;"A";1007.48;"A";86;"A";27;"A";0;"A";10;"A";17;"A";14.86;"A";11;"A";9.04;"A"
"2025-05-10 08:15";8.01;"A";71.19;"A";1007.49;"A";76;"A";31;"A";0;"A";9;"A";21;"A";17.57;"A";12.07;"A";8.9;"A"
"2025-05-10 08:30";8.71;"A";67.81;"A";1007.51;"A";91;"A";32;"A";0;"A";10;"A";22;"A";14.92;"A";11.62;"A";8.19;"A"
"2025-05-10 08:45";9.51;"A";64.48;"A";1007.68;"A";64;"A";34;"A";0;"A";9;"A";26;"A";14.66;"A";10.58;"A";7.58;"A"
"2025-05-10 09:00";10.58;"A";61.9;"A";1007.49;"A";76;"A";34;"A";0;"A";8;"A";26;"A";14.66;"A";10.43;"A";7.48;"A"
"2025-05-10 09:15";12.07;"A";55.63;"A";1007.38;"A";78;"A";35;"A";0;"A";7;"A";28;"A";11.97;"A";8.78;"A";6.44;"A"
"2025-05-10 09:30";13.53;"A";49.1;"A";1007.12;"A";82;"A";38;"A";0;"A";8;"A";30;"A";11.59;"A";8.09;"A";5.62;"A"
"2025-05-10 09:45";13.78;"A";42.3;"A";1007.09;"A";79;"A";42;"A";0;"A";6;"A";35;"A";8.96;"A";6.15;"A";4.4;"A"
"2025-05-10 10:00";13.39;"A";38.56;"A";1006.97;"A";80;"A";47;"A";0;"A";8;"A";39;"A";9.12;"A";5.66;"A";4;"A"
"2025-05-10 10:15";13.09;"A";34.91;"A";1006.89;"A";69;"A";49;"A";0;"A";8;"A";41;"A";8.01;"A";5.2;"A";3.73;"A"
"2025-05-10 10:30";13.51;"A";34.2;"A";1006.9;"A";66;"A";50;"A";0;"A";10;"A";40;"A";7.59;"A";5.03;"A";3.4;"A"
"2025-05-10 10:45";13.87;"A";33.21;"A";1007.03;"A";71;"A";49;"A";0;"A";7;"A";42;"A";7.53;"A";4.67;"A";3.24;"A"
"2025-05-10 11:00";13.99;"A";32.29;"A";1006.88;"A";72;"A";50;"A";0;"A";8;"A";42;"A";7.92;"A";5.08;"A";3.48;"A"
"2025-05-10 11:15";14.05;"A";33.47;"A";1006.67;"A";66;"A";51;"A";0;"A";8;"A";43;"A";6.91;"A";4.53;"A";3.18;"A"
"2025-05-10 11:30";14.09;"A";32.34;"A";1006.52;"A";65;"A";50;"A";0;"A";6;"A";44;"A";8.18;"A";4.94;"A";3.55;"A"
"2025-05-10 11:45";14.08;"A";33.61;"A";1006.57;"A";65;"A";50;"A";0;"A";7;"A";43;"A";7.55;"A";5;"A";3.49;"A"
"2025-05-10 12:00";14.49;"A";33.93;"A";1006.5;"A";75;"A";50;"A";0;"A";9;"A";42;"A";7.8;"A";5.39;"A";3.68;"A"
"2025-05-10 12:15";14.68;"A";35.03;"A";1006.54;"A";67;"A";50;"A";0;"A";7;"A";43;"A";7.51;"A";4.93;"A";3.48;"A"
"2025-05-10 12:30";14.67;"A";33.94;"A";1006.44;"A";67;"A";49;"A";0;"A";6;"A";43;"A";7.1;"A";4.85;"A";3.47;"A"
"2025-05-10 12:45";14.96;"A";34.86;"A";1006.53;"A";71;"A";49;"A";0;"A";7;"A";42;"A";7.99;"A";5.21;"A";3.56;"A"
"2025-05-10 13:00";15.14;"A";35.79;"A";1006.57;"A";66;"A";50;"A";0;"A";7;"A";43;"A";8.09;"A";5.18;"A";3.52;"A"
"2025-05-10 13:15";15.15;"A";34.92;"A";1006.58;"A";69;"A";48;"A";0;"A";7;"A";41;"A";7.53;"A";5.23;"A";3.64;"A"
"2025-05-10 13:30";15.44;"A";34.53;"A";1006.5;"A";79;"A";49;"A";0;"A";7;"A";42;"A";7.3;"A";4.74;"A";3.27;"A"
"2025-05-10 13:45";15.76;"A";34.51;"A";1006.43;"A";68;"A";48;"A";0;"A";6;"A";42;"A";7.8;"A";5.2;"A";3.73;"A"
"2025-05-10 14:00";16.32;"A";34.17;"A";1006.52;"A";62;"A";49;"A";0;"A";7;"A";43;"A";7.64;"A";4.95;"A";3.49;"A"
"2025-05-10 14:15";16.61;"A";33.3;"A";1006.43;"A";74;"A";48;"A";0;"A";8;"A";40;"A";7.8;"A";5.38;"A";3.61;"A"
"2025-05-10 14:30";16.61;"A";32.95;"A";1006.34;"A";71;"A";50;"A";0;"A";7;"A";42;"A";7.68;"A";5.21;"A";3.55;"A"
"2025-05-10 14:45";16.76;"A";33.05;"A";1006.31;"A";71;"A";49;"A";0;"A";7;"A";42;"A";7.89;"A";5.56;"A";3.63;"A"
"2025-05-10 15:00";16.64;"A";33.63;"A";1006.3;"A";72;"A";48;"A";0;"A";7;"A";41;"A";6.63;"A";4.7;"A";3.55;"A"
"2025-05-10 15:15";16.24;"A";35.02;"A";1006.1;"A";77;"A";49;"A";0;"A";8;"A";41;"A";7.48;"A";5.28;"A";3.67;"A"
"2025-05-10 15:30";16.62;"A";34.35;"A";1006.02;"A";67;"A";48;"A";0;"A";7;"A";41;"A";7.81;"A";5.24;"A";3.77;"A"
"2025-05-10 15:45";17.08;"A";33.94;"A";1005.93;"A";70;"A";47;"A";0;"A";6;"A";40;"A";7.19;"A";5.03;"A";3.6;"A"
"2025-05-10 16:00";17.48;"A";32.99;"A";1005.84;"A";63;"A";46;"A";0;"A";6;"A";41;"A";7.39;"A";4.97;"A";3.63;"A"
"2025-05-10 16:15";17.8;"A";33.71;"A";1005.85;"A";67;"A";47;"A";0;"A";7;"A";40;"A";7.78;"A";4.9;"A";3.67;"A"
"2025-05-10 16:30";17.45;"A";32.17;"A";1005.79;"A";67;"A";48;"A";0;"A";7;"A";41;"A";8.26;"A";5.53;"A";3.89;"A"
"2025-05-10 16:45";17.03;"A";33.74;"A";1005.7;"A";80;"A";48;"A";0;"A";7;"A";40;"A";8.17;"A";5.04;"A";3.56;"A"
"2025-05-10 17:00";17.2;"A";34.82;"A";1005.87;"A";73;"A";48;"A";0;"A";6;"A";41;"A";8.16;"A";5.2;"A";3.56;"A"
"2025-05-10 17:15";16.98;"A";35.31;"A";1005.75;"A";61;"A";47;"A";0;"A";6;"A";41;"A";7.78;"A";5.34;"A";3.62;"A"
"2025-05-10 17:30";16.57;"A";35.36;"A";1005.67;"A";80;"A";48;"A";0;"A";7;"A";41;"A";7.74;"A";5.35;"A";3.5;"A"
"2025-05-10 17:45";16.4;"A";34.71;"A";1005.52;"A";64;"A";48;"A";0;"A";7;"A";41;"A";8.49;"A";5.31;"A";3.58;"A"
"2025-05-10 18:00";16.21;"A";35.71;"A";1005.43;"A";59;"A";48;"A";0;"A";7;"A";42;"A";8.06;"A";5.39;"A";3.56;"A"
"2025-05-10 18:15";15.96;"A";36.02;"A";1005.45;"A";62;"A";48;"A";0;"A";7;"A";41;"A";7.87;"A";5.47;"A";3.7;"A"
"2025-05-10 18:30";15.63;"A";38.01;"A";1005.44;"A";68;"A";48;"A";0;"A";9;"A";39;"A";7.57;"A";5.35;"A";3.76;"A"
"2025-05-10 18:45";15.48;"A";38.23;"A";1005.52;"A";59;"A";47;"A";0;"A";8;"A";39;"A";7.98;"A";5.27;"A";3.72;"A"
"2025-05-10 19:00";15.16;"A";38.87;"A";1005.59;"A";77;"A";46;"A";0;"A";8;"A";38;"A";9.23;"A";5.89;"A";4.36;"A"
"2025-05-10 19:15";14.78;"A";39.67;"A";1005.64;"A";75;"A";47;"A";0;"A";8;"A";39;"A";9.72;"A";6.25;"A";4.22;"A"
"2025-05-10 19:30";14.49;"A";40.82;"A";1005.77;"A";75;"A";47;"A";0;"A";8;"A";38;"A";9.81;"A";6.37;"A";4.54;"A"
"2025-05-10 19:45";14.03;"A";43.39;"A";1005.98;"A";84;"A";46;"A";0;"A";8;"A";38;"A";8.92;"A";6.8;"A";5.09;"A"
"2025-05-10 20:00";13.55;"A";45.31;"A";1006.03;"A";92;"A";45;"A";0;"A";9;"A";36;"A";10.76;"A";6.99;"A";4.88;"A"
"2025-05-10 20:15";12.97;"A";47.22;"A";1006.12;"A";104;"A";44;"A";0;"A";11;"A";33;"A";12.44;"A";8.28;"A";5.77;"A"
"2025-05-10 20:30";12.48;"A";50.34;"A";1006.12;"A";124;"A";42;"A";0;"A";12;"A";30;"A";12.74;"A";9.04;"A";6.69;"A"
"2025-05-10 20:45";12.03;"A";51.67;"A";1006.31;"A";154;"A";40;"A";0;"A";15;"A";25;"A";13.34;"A";8.94;"A";6.35;"A"
"2025-05-10 21:00";11.57;"A";52.82;"A";1006.31;"A";186;"A";41;"A";0;"A";20;"A";22;"A";14.52;"A";9.37;"A";6.45;"A"
"2025-05-10 21:15";11.15;"A";56.01;"A";1006.46;"A";161;"A";40;"A";0;"A";22;"A";18;"A";13.46;"A";9.36;"A";6.49;"A"
"2025-05-10 21:30";10.63;"A";59.28;"A";1006.6;"A";258;"A";36;"A";0;"A";19;"A";17;"A";13.71;"A";9.15;"A";6.43;"A"
"2025-05-10 21:45";10.3;"A";60.33;"A";1006.6;"A";254;"A";37;"A";0;"A";21;"A";16;"A";16.39;"A";10.11;"A";7.26;"A"
"2025-05-10 22:00";9.91;"A";63.61;"A";1006.5;"A";224;"A";33;"A";0;"A";20;"A";13;"A";16.62;"A";10.17;"A";7.27;"A"
"2025-05-10 22:15";9.6;"A";64.69;"A";1006.5;"A";184;"A";31;"A";0;"A";15;"A";16;"A";14.54;"A";9.92;"A";7.15;"A"
"2025-05-10 22:30";9.37;"A";65.37;"A";1006.59;"A";168;"A";31;"A";0;"A";15;"A";16;"A";13.95;"A";10.29;"A";7.35;"A"
"2025-05-10 22:45";9.39;"A";66.46;"A";1006.6;"A";171;"A";32;"A";0;"A";16;"A";16;"A";16.29;"A";10.79;"A";7.84;"A"
"2025-05-10 23:00";9.6;"A";65.45;"A";1006.41;"A";188;"A";31;"A";0;"A";17;"A";14;"A";17.73;"A";12.02;"A";8.8;"A"
"2025-05-10 23:15";9.73;"A";65.16;"A";1006.21;"A";313;"A";32;"A";0;"A";17;"A";14;"A";26.8;"A";18.36;"A";12.36;"A"
"2025-05-10 23:30";9.44;"A";66.68;"A";1006.03;"A";462;"A";32;"A";0;"A";20;"A";11;"A";36.93;"A";26.86;"A";18.83;"A"
"2025-05-10 23:45";9.2;"A";67.19;"A";1006.17;"A";564;"A";32;"A";0;"A";21;"A";11;"A";47.5;"A";32.65;"A";23.69;"A"
"2025-05-11 00:00";9.07;"A";66.96;"A";1006.16;"A";616;"A";32;"A";0;"A";21;"A";12;"A";50.09;"A";36.12;"A";26.08;"A"
"2025-05-11 00:15";9.02;"A";67.05;"A";1006.12;"A";567;"A";32;"A";0;"A";20;"A";13;"A";53.27;"A";37.45;"A";26.95;"A"
"2025-05-11 00:30";8.91;"A";67.34;"A";1006.15;"A";608;"A";32;"A";0;"A";17;"A";15;"A";53.07;"A";38.51;"A";27.61;"A"
"2025-05-11 00:45";9.01;"A";66.33;"A";1006.1;"A";740;"A";33;"A";0;"A";16;"A";17;"A";56.64;"A";40.2;"A";29.52;"A"
"2025-05-11 01:00";9.95;"A";58.42;"A";1006.13;"A";770;"A";36;"A";0;"A";13;"A";23;"A";24.55;"A";17.08;"A";12.56;"A"
"2025-05-11 01:15";10.25;"A";56.61;"A";1006.11;"A";697;"A";42;"A";0;"A";13;"A";29;"A";23.45;"A";15.15;"A";10.3;"A"
"2025-05-11 01:30";10.2;"A";57.92;"A";1006.16;"A";90;"A";42;"A";0;"A";12;"A";30;"A";16.92;"A";11.88;"A";8.79;"A"
"2025-05-11 01:45";10.16;"A";60.9;"A";1006.01;"A";75;"A";42;"A";0;"A";10;"A";31;"A";19.61;"A";13.78;"A";9.74;"A"
"2025-05-11 02:00";10.11;"A";63.58;"A";1005.92;"A";72;"A";41;"A";0;"A";9;"A";32;"A";21.91;"A";14.62;"A";10.26;"A"
"2025-05-11 02:15";10.09;"A";65.36;"A";1005.81;"A";55;"A";41;"A";0;"A";8;"A";32;"A";18.84;"A";13.11;"A";8.79;"A"
"2025-05-11 02:30";10.11;"A";67.61;"A";1005.83;"A";56;"A";40;"A";0;"A";8;"A";32;"A";17.92;"A";11.91;"A";8.59;"A"
"2025-05-11 02:45";10.16;"A";69.38;"A";1005.78;"A";50;"A";40;"A";0;"A";8;"A";32;"A";16.79;"A";11.97;"A";8.14;"A"
"2025-05-11 03:00";10.16;"A";70.33;"A";1005.68;"A";48;"A";39;"A";0;"A";8;"A";32;"A";16.13;"A";11.62;"A";8.27;"A"
"2025-05-11 03:15";10.04;"A";71.26;"A";1005.42;"A";44;"A";39;"A";0;"A";7;"A";32;"A";14.53;"A";11.09;"A";7.79;"A"
"2025-05-11 03:30";9.95;"A";72.19;"A";1005.26;"A";42;"A";39;"A";0;"A";7;"A";32;"A";15.74;"A";11.26;"A";7.76;"A"
"2025-05-11 03:45";9.95;"A";73.16;"A";1005.1;"A";41;"A";39;"A";0;"A";7;"A";32;"A";15.82;"A";11.08;"A";7.88;"A"
"2025-05-11 04:00";9.93;"A";73.75;"A";1004.98;"A";37;"A";39;"A";0;"A";6;"A";32;"A";15.01;"A";10.7;"A";7.67;"A"
"2025-05-11 04:15";9.89;"A";74.6;"A";1004.85;"A";38;"A";38;"A";0;"A";6;"A";32;"A";15.05;"A";11.43;"A";7.88;"A"
"2025-05-11 04:30";9.84;"A";75.28;"A";1004.9;"A";36;"A";37;"A";0;"A";6;"A";31;"A";16.97;"A";11.88;"A";8.34;"A"
"2025-05-11 04:45";9.87;"A";76.22;"A";1004.75;"A";37;"A";37;"A";0;"A";7;"A";30;"A";12.97;"A";9.38;"A";8.44;"A"
"2025-05-11 05:00";9.92;"A";76.8;"A";1004.75;"A";37;"A";38;"A";0;"A";7;"A";31;"A";14.61;"A";10.45;"A";9.74;"A"
"2025-05-11 05:15";10;"A";77.26;"A";1004.71;"A";35;"A";37;"A";0;"A";7;"A";30;"A";13.95;"A";9.97;"A";9.28;"A"
"2025-05-11 05:30";10.12;"A";77.4;"A";1004.63;"A";36;"A";37;"A";0;"A";8;"A";29;"A";14.07;"A";10.06;"A";9.36;"A"
"2025-05-11 05:45";10.1;"A";77.45;"A";1004.61;"A";39;"A";37;"A";0;"A";9;"A";28;"A";13.94;"A";9.96;"A";9.27;"A"
"2025-05-11 06:00";10.05;"A";77.22;"A";1004.55;"A";44;"A";37;"A";0;"A";9;"A";28;"A";13.69;"A";9.78;"A";9.1;"A"
"2025-05-11 06:15";10.03;"A";77.16;"A";1004.66;"A";40;"A";35;"A";0;"A";9;"A";26;"A";14.36;"A";10.28;"A";9.57;"A"
"2025-05-11 06:30";10.02;"A";77.2;"A";1004.83;"A";43;"A";35;"A";0;"A";10;"A";25;"A";15.13;"A";10.83;"A";10.1;"A"
"2025-05-11 06:45";10.03;"A";76.78;"A";1004.63;"A";48;"A";34;"A";0;"A";11;"A";23;"A";15.45;"A";10.9;"A";9.91;"A"
"2025-05-11 07:00";10.2;"A";76.19;"A";1004.71;"A";48;"A";34;"A";0;"A";10;"A";24;"A";15.06;"A";10.82;"A";10.05;"A"
"2025-05-11 07:15";10.27;"A";75.59;"A";1004.76;"A";46;"A";33;"A";0;"A";8;"A";25;"A";17.01;"A";11.81;"A";10.07;"A"
"2025-05-11 07:30";10.35;"A";75.06;"A";1004.73;"A";42;"A";33;"A";0;"A";6;"A";27;"A";18.25;"A";13.68;"A";10.33;"A"
"2025-05-11 07:45";10.37;"A";74.84;"A";1004.52;"A";44;"A";32;"A";0;"A";6;"A";26;"A";17.29;"A";13.54;"A";10.06;"A"
"2025-05-11 08:00";10.62;"A";73.91;"A";1004.54;"A";51;"A";34;"A";0;"A";9;"A";24;"A";19.22;"A";14.67;"A";10.21;"A"
"2025-05-11 08:15";10.73;"A";73.82;"A";1004.74;"A";52;"A";34;"A";0;"A";11;"A";22;"A";20.11;"A";14.85;"A";10.55;"A"
"2025-05-11 08:30";10.85;"A";73.49;"A";1004.81;"A";57;"A";33;"A";0;"A";9;"A";24;"A";20.38;"A";14.77;"A";10.49;"A"
"2025-05-11 08:45";11.26;"A";72.59;"A";1004.79;"A";58;"A";33;"A";0;"A";10;"A";23;"A";18.89;"A";14.48;"A";10.45;"A"
"2025-05-11 09:00";11.61;"A";71.08;"A";1004.81;"A";50;"A";32;"A";0;"A";9;"A";23;"A";17.35;"A";13.1;"A";9.68;"A"
"2025-05-11 09:15";12.09;"A";70.6;"A";1004.49;"A";61;"A";33;"A";0;"A";10;"A";23;"A";17.17;"A";12.86;"A";9.7;"A"
"2025-05-11 09:30";12.28;"A";69.65;"A";1004.45;"A";64;"A";33;"A";0;"A";10;"A";24;"A";18.02;"A";13.36;"A";9.5;"A"
"2025-05-11 09:45";12.75;"A";67.82;"A";1004.54;"A";63;"A";35;"A";0;"A";9;"A";26;"A";18.05;"A";12.16;"A";8.62;"A"
"2025-05-11 10:00";13.34;"A";65.99;"A";1004.67;"A";64;"A";36;"A";0;"A";9;"A";27;"A";15.26;"A";11.37;"A";8.06;"A"
"2025-05-11 10:15";13.85;"A";64.71;"A";1004.66;"A";70;"A";37;"A";0;"A";8;"A";29;"A";15.43;"A";11.36;"A";8.32;"A"
"2025-05-11 10:30";14.35;"A";63.53;"A";1004.67;"A";77;"A";38;"A";0;"A";7;"A";31;"A";13.98;"A";11.2;"A";7.96;"A"
"2025-05-11 10:45";14.55;"A";61.79;"A";1004.49;"A";74;"A";40;"A";0;"A";7;"A";32;"A";13.87;"A";10.18;"A";7.71;"A"
"2025-05-11 11:00";14.55;"A";60.1;"A";1004.38;"A";96;"A";43;"A";0;"A";9;"A";34;"A";10.84;"A";7.7;"A";5.85;"A"
"2025-05-11 11:15";14.44;"A";59.62;"A";1004.44;"A";77;"A";42;"A";0;"A";7;"A";35;"A";9.35;"A";7.03;"A";5.48;"A"
"2025-05-11 11:30";14.68;"A";59.36;"A";1004.33;"A";78;"A";41;"A";0;"A";6;"A";35;"A";8.67;"A";6.36;"A";4.69;"A"
"2025-05-11 11:45";15.2;"A";58.99;"A";1004.5;"A";83;"A";40;"A";0;"A";6;"A";34;"A";8.41;"A";5.92;"A";4.44;"A"
"2025-05-11 12:00";14.89;"A";60.86;"A";1004.51;"A";88;"A";38;"A";0;"A";6;"A";32;"A";9.47;"A";6.6;"A";4.79;"A"
"2025-05-11 12:15";15.32;"A";58.56;"A";1004.41;"A";83;"A";39;"A";0;"A";5;"A";34;"A";8.6;"A";5.81;"A";4.18;"A"
"2025-05-11 12:30";14.97;"A";58.44;"A";1004.29;"A";84;"A";41;"A";0;"A";7;"A";35;"A";7.83;"A";5.14;"A";3.8;"A"
"2025-05-11 12:45";15.47;"A";56.04;"A";1004.38;"A";76;"A";42;"A";0;"A";5;"A";37;"A";6.69;"A";4.57;"A";3.25;"A"
"2025-05-11 13:00";15.65;"A";54.08;"A";1004.19;"A";73;"A";44;"A";0;"A";6;"A";38;"A";4.64;"A";3.65;"A";2.6;"A"
"2025-05-11 13:15";15.81;"A";52.62;"A";1004.14;"A";79;"A";44;"A";0;"A";5;"A";39;"A";6.05;"A";3.31;"A";2.51;"A"
"2025-05-11 13:30";16.54;"A";49.63;"A";1004.27;"A";71;"A";45;"A";0;"A";6;"A";39;"A";4.69;"A";3.17;"A";2.23;"A"
"2025-05-11 13:45";16.55;"A";47.03;"A";1004.25;"A";67;"A";44;"A";0;"A";5;"A";40;"A";4;"A";2.8;"A";1.94;"A"
"2025-05-11 14:00";16.65;"A";45.43;"A";1004.23;"A";70;"A";47;"A";0;"A";7;"A";41;"A";4.93;"A";3.21;"A";2.31;"A"
"2025-05-11 14:15";17.28;"A";44.2;"A";1004.42;"A";72;"A";47;"A";0;"A";6;"A";41;"A";5.09;"A";3.42;"A";2.35;"A"
"2025-05-11 14:30";17.09;"A";44.18;"A";1004.41;"A";68;"A";47;"A";0;"A";6;"A";42;"A";4.83;"A";3.34;"A";2.59;"A"
"2025-05-11 14:45";17.3;"A";44.53;"A";1004.26;"A";83;"A";47;"A";0;"A";6;"A";41;"A";5.54;"A";3.3;"A";2.58;"A"
"2025-05-11 15:00";17.83;"A";42.46;"A";1004.05;"A";110;"A";46;"A";0;"A";6;"A";41;"A";5.07;"A";3.63;"A";2.64;"A"
"2025-05-11 15:15";17.72;"A";42.05;"A";1004.05;"A";70;"A";48;"A";0;"A";6;"A";42;"A";4.89;"A";3.49;"A";2.61;"A"
"2025-05-11 15:30";17.78;"A";41.42;"A";1003.97;"A";68;"A";47;"A";0;"A";5;"A";42;"A";4.25;"A";3.15;"A";2.35;"A"
"2025-05-11 15:45";17.27;"A";41.1;"A";1003.98;"A";87;"A";48;"A";0;"A";6;"A";42;"A";4.91;"A";3.36;"A";2.4;"A"
"2025-05-11 16:00";17.58;"A";41.1;"A";1003.82;"A";80;"A";49;"A";0;"A";7;"A";42;"A";4.03;"A";3.07;"A";2.32;"A"
"2025-05-11 16:15";18.04;"A";40.42;"A";1003.74;"A";70;"A";47;"A";0;"A";6;"A";41;"A";4.76;"A";3.12;"A";2.14;"A"
"2025-05-11 16:30";17.94;"A";40.64;"A";1003.77;"A";66;"A";47;"A";0;"A";5;"A";42;"A";4.14;"A";2.97;"A";2.25;"A"
"2025-05-11 16:45";17.81;"A";40.31;"A";1003.83;"A";82;"A";49;"A";0;"A";9;"A";39;"A";4.76;"A";3.34;"A";2.52;"A"
"2025-05-11 17:00";17.33;"A";40.86;"A";1004.03;"A";90;"A";48;"A";0;"A";7;"A";40;"A";5.97;"A";4.19;"A";2.87;"A"
"2025-05-11 17:15";17.15;"A";41.32;"A";1004.1;"A";86;"A";47;"A";0;"A";7;"A";40;"A";5.24;"A";3.86;"A";2.66;"A"
"2025-05-11 17:30";16.94;"A";41.78;"A";1004.1;"A";93;"A";47;"A";0;"A";8;"A";40;"A";10.02;"A";7.83;"A";5.72;"A"
"2025-05-11 17:45";16.57;"A";41.45;"A";1004.02;"A";83;"A";47;"A";0;"A";6;"A";41;"A";5.92;"A";3.75;"A";2.74;"A"
"2025-05-11 18:00";16.38;"A";42.76;"A";1004.04;"A";83;"A";46;"A";0;"A";7;"A";39;"A";5.82;"A";4.52;"A";3.39;"A"
"2025-05-11 18:15";16.1;"A";42.03;"A";1003.94;"A";73;"A";46;"A";0;"A";7;"A";39;"A";4.83;"A";3.8;"A";2.94;"A"
"2025-05-11 18:30";15.91;"A";42.42;"A";1003.95;"A";84;"A";47;"A";0;"A";7;"A";40;"A";11.79;"A";9.82;"A";7.04;"A"
"2025-05-11 18:45";15.66;"A";44.15;"A";1003.86;"A";93;"A";46;"A";0;"A";8;"A";39;"A";7.58;"A";5.5;"A";4;"A"
"2025-05-11 19:00";15.21;"A";49.75;"A";1004.01;"A";87;"A";45;"A";0;"A";9;"A";37;"A";6.53;"A";4.7;"A";3.29;"A"
"2025-05-11 19:15";14.89;"A";51.79;"A";1004.07;"A";77;"A";43;"A";0;"A";7;"A";36;"A";9.17;"A";5.17;"A";3.7;"A"
"2025-05-11 19:30";14.69;"A";52.8;"A";1004.14;"A";63;"A";43;"A";0;"A";7;"A";36;"A";7.01;"A";4.69;"A";3.5;"A"
"2025-05-11 19:45";14.35;"A";54.89;"A";1004.17;"A";66;"A";43;"A";0;"A";7;"A";35;"A";6.6;"A";4.8;"A";3.71;"A"
"2025-05-11 20:00";14.13;"A";55.4;"A";1004.2;"A";64;"A";42;"A";0;"A";7;"A";36;"A";7.01;"A";5.5;"A";4.25;"A"
"2025-05-11 20:15";13.83;"A";56.78;"A";1004.14;"A";64;"A";42;"A";0;"A";7;"A";35;"A";6.77;"A";5.36;"A";3.92;"A"
"2025-05-11 20:30";13.41;"A";57.8;"A";1004.11;"A";71;"A";42;"A";0;"A";8;"A";34;"A";6.69;"A";5.08;"A";3.86;"A"
"2025-05-11 20:45";13.15;"A";59.72;"A";1004.18;"A";81;"A";41;"A";0;"A";9;"A";32;"A";11.06;"A";8.37;"A";5.94;"A"
"2025-05-11 21:00";13.03;"A";58.92;"A";1004.24;"A";101;"A";41;"A";0;"A";11;"A";30;"A";19.3;"A";15.05;"A";11.58;"A"
"2025-05-11 21:15";12.89;"A";59.9;"A";1004.22;"A";78;"A";42;"A";0;"A";13;"A";29;"A";12.72;"A";8.84;"A";6.5;"A"
"2025-05-11 21:30";12.67;"A";60.89;"A";1004.12;"A";108;"A";40;"A";0;"A";11;"A";29;"A";18.79;"A";13.58;"A";10.62;"A"
"2025-05-11 21:45";12.45;"A";61.16;"A";1003.96;"A";127;"A";40;"A";0;"A";10;"A";30;"A";11.21;"A";8.28;"A";6.17;"A"
"2025-05-11 22:00";12.26;"A";61.53;"A";1003.92;"A";145;"A";40;"A";0;"A";9;"A";31;"A";10.31;"A";7.61;"A";5.56;"A"
"2025-05-11 22:15";12.07;"A";62.16;"A";1003.74;"A";156;"A";40;"A";0;"A";9;"A";30;"A";11.17;"A";8.43;"A";6.17;"A"
"2025-05-11 22:30";11.93;"A";63.16;"A";1003.57;"A";182;"A";38;"A";0;"A";9;"A";29;"A";10.32;"A";7.9;"A";5.75;"A"
"2025-05-11 22:45";11.82;"A";63.64;"A";1003.41;"A";172;"A";38;"A";0;"A";11;"A";27;"A";12.77;"A";9.62;"A";7.19;"A"
"2025-05-11 23:00";11.76;"A";63.8;"A";1003.32;"A";170;"A";38;"A";0;"A";11;"A";27;"A";16.66;"A";13.41;"A";9.99;"A"
"2025-05-11 23:15";11.76;"A";63.37;"A";1003.33;"A";144;"A";38;"A";0;"A";11;"A";27;"A";20.44;"A";17.04;"A";13.02;"A"
"2025-05-11 23:30";11.92;"A";61.91;"A";1003.24;"A";95;"A";39;"A";0;"A";9;"A";30;"A";13.04;"A";10.23;"A";7.53;"A"
"2025-05-11 23:45";12.11;"A";59.82;"A";1003.21;"A";85;"A";41;"A";0;"A";7;"A";33;"A";8.17;"A";6.39;"A";4.67;"A"
"2025-05-12 00:00";12.15;"A";60.17;"A";1003.17;"A";62;"A";42;"A";0;"A";7;"A";35;"A";7.62;"A";6.16;"A";4.67;"A"
"2025-05-12 00:15";12.1;"A";60.91;"A";1003.17;"A";53;"A";42;"A";0;"A";7;"A";35;"A";9.39;"A";7.32;"A";5.23;"A"
"2025-05-12 00:30";12.11;"A";62.2;"A";1003.14;"A";56;"A";40;"A";0;"A";7;"A";34;"A";9.7;"A";7.76;"A";5.51;"A"
"2025-05-12 00:45";11.99;"A";63.56;"A";1003.06;"A";51;"A";41;"A";0;"A";6;"A";34;"A";8.77;"A";6.75;"A";4.99;"A"
"2025-05-12 01:00";11.68;"A";66.95;"A";1002.94;"A";48;"A";40;"A";0;"A";6;"A";34;"A";8.91;"A";6.79;"A";4.9;"A"
"2025-05-12 01:15";11.38;"A";70.47;"A";1002.87;"A";47;"A";39;"A";0;"A";6;"A";32;"A";9.5;"A";7.75;"A";5.4;"A"
"2025-05-12 01:30";11.22;"A";73.6;"A";1003.17;"A";53;"A";36;"A";0;"A";5;"A";31;"A";10.24;"A";7.95;"A";5.66;"A"
"2025-05-12 01:45";11.06;"A";75.8;"A";1003.26;"A";52;"A";34;"A";0;"A";6;"A";28;"A";10.93;"A";8.84;"A";6.48;"A"
"2025-05-12 02:00";10.87;"A";76.26;"A";1003.33;"A";50;"A";36;"A";0;"A";20;"A";16;"A";15.17;"A";11.88;"A";8.9;"A"
"2025-05-12 02:15";10.44;"A";79.55;"A";1003.55;"A";53;"A";34;"A";0;"A";7;"A";26;"A";16.18;"A";11.61;"A";10.84;"A"
"2025-05-12 02:30";10.24;"A";81.55;"A";1003.65;"A";50;"A";32;"A";0;"A";6;"A";27;"A";18.84;"A";13.56;"A";12.7;"A"
"2025-05-12 02:45";9.99;"A";81.91;"A";1003.42;"A";41;"A";32;"A";0;"A";6;"A";26;"A";12.81;"A";9.14;"A";8.49;"A"
"2025-05-12 03:00";9.77;"A";82.75;"A";1003.15;"A";35;"A";34;"A";0;"A";10;"A";23;"A";10.36;"A";7.34;"A";6.77;"A"
"2025-05-12 03:15";9.61;"A";82.81;"A";1002.94;"A";33;"A";34;"A";0;"A";9;"A";24;"A";10.79;"A";7.66;"A";7.07;"A"
"2025-05-12 03:30";9.59;"A";83.39;"A";1002.79;"A";33;"A";32;"A";0;"A";6;"A";26;"A";11.28;"A";8.02;"A";7.41;"A"
"2025-05-12 03:45";9.55;"A";82.72;"A";1002.83;"A";33;"A";33;"A";0;"A";6;"A";27;"A";13.23;"A";9.45;"A";8.78;"A"
"2025-05-12 04:00";9.46;"A";82.36;"A";1002.8;"A";33;"A";35;"A";0;"A";8;"A";27;"A";13.15;"A";9.39;"A";8.72;"A"
"2025-05-12 04:15";9.3;"A";82.92;"A";1002.65;"A";32;"A";35;"A";0;"A";7;"A";29;"A";11.47;"A";8.16;"A";7.55;"A"
"2025-05-12 04:30";9.27;"A";82.72;"A";1002.47;"A";33;"A";35;"A";0;"A";7;"A";28;"A";11.19;"A";7.95;"A";7.35;"A"
"2025-05-12 04:45";9.22;"A";83.63;"A";1002.36;"A";31;"A";35;"A";0;"A";10;"A";25;"A";10.95;"A";7.77;"A";7.18;"A"
"2025-05-12 05:00";9.07;"A";83.4;"A";1002.15;"A";29;"A";36;"A";0;"A";8;"A";28;"A";8.92;"A";6.29;"A";5.76;"A"
"2025-05-12 05:15";9.03;"A";84.3;"A";1001.88;"A";28;"A";36;"A";0;"A";7;"A";29;"A";10.32;"A";7.31;"A";6.74;"A"
"2025-05-12 05:30";8.96;"A";82.7;"A";1001.87;"A";29;"A";37;"A";0;"A";7;"A";30;"A";10.36;"A";7.34;"A";6.77;"A"
"2025-05-12 05:45";8.9;"A";83.55;"A";1001.8;"A";32;"A";38;"A";0;"A";7;"A";31;"A";8.83;"A";6.22;"A";5.7;"A"
"2025-05-12 06:00";8.95;"A";83.67;"A";1001.87;"A";34;"A";37;"A";0;"A";7;"A";30;"A";7.84;"A";5.5;"A";5.01;"A"
"2025-05-12 06:15";8.85;"A";83.71;"A";1002.04;"A";45;"A";38;"A";0;"A";8;"A";29;"A";7.97;"A";5.59;"A";5.09;"A"
"2025-05-12 06:30";8.88;"A";84.03;"A";1002.1;"A";49;"A";37;"A";0;"A";9;"A";29;"A";9.23;"A";6.51;"A";5.97;"A"
"2025-05-12 06:45";8.83;"A";84.17;"A";1002.04;"A";43;"A";38;"A";0;"A";12;"A";26;"A";13.09;"A";9.34;"A";8.68;"A"
"2025-05-12 07:00";8.75;"A";84.09;"A";1002;"A";37;"A";39;"A";0;"A";11;"A";27;"A";14.54;"A";10.4;"A";9.69;"A"
"2025-05-12 07:15";8.81;"A";84.63;"A";1001.96;"A";44;"A";38;"A";0;"A";11;"A";27;"A";16.67;"A";11.96;"A";11.18;"A"
"2025-05-12 07:30";8.82;"A";83.91;"A";1002.07;"A";168;"A";38;"A";0;"A";10;"A";28;"A";37.73;"A";27.39;"A";25.92;"A"
"2025-05-12 07:45";8.89;"A";84.21;"A";1002.17;"A";77;"A";39;"A";0;"A";12;"A";26;"A";11.21;"A";7.96;"A";7.36;"A"
"2025-05-12 08:00";8.82;"A";84.69;"A";1002.25;"A";109;"A";41;"A";0;"A";19;"A";22;"A";11.44;"A";8.14;"A";7.53;"A"
"2025-05-12 08:15";8.85;"A";84.62;"A";1001.98;"A";133;"A";39;"A";0;"A";16;"A";24;"A";12.1;"A";8.62;"A";7.99;"A"
"2025-05-12 08:30";8.87;"A";84.74;"A";1002.04;"A";82;"A";38;"A";0;"A";11;"A";27;"A";18.19;"A";13.08;"A";12.25;"A"
"2025-05-12 08:45";8.93;"A";84.62;"A";1001.87;"A";110;"A";39;"A";0;"A";20;"A";19;"A";9.49;"A";6.7;"A";6.16;"A"
"2025-05-12 09:00";8.96;"A";84.59;"A";1001.93;"A";251;"A";39;"A";0;"A";15;"A";25;"A";16.88;"A";12.12;"A";11.33;"A"
"2025-05-12 09:15";8.69;"A";83.33;"A";1002.09;"A";86;"A";39;"A";0;"A";10;"A";28;"A";11.39;"A";8.1;"A";7.49;"A"
"2025-05-12 09:30";8.41;"A";83.4;"A";1002.16;"A";61;"A";41;"A";0;"A";12;"A";29;"A";12.95;"A";9.24;"A";8.58;"A"
"2025-05-12 09:45";8.33;"A";83.46;"A";1002.07;"A";107;"A";42;"A";0;"A";15;"A";28;"A";19.46;"A";14.01;"A";13.13;"A"
"2025-05-12 10:00";8.37;"A";83.58;"A";1002.19;"A";85;"A";42;"A";0;"A";13;"A";29;"A";17.93;"A";12.88;"A";12.06;"A"
"2025-05-12 10:15";8.43;"A";83.02;"A";1002.2;"A";66;"A";41;"A";0;"A";9;"A";31;"A";13.98;"A";10;"A";9.3;"A"
"2025-05-12 10:30";8.56;"A";82.38;"A";1002.21;"A";61;"A";41;"A";0;"A";10;"A";31;"A";16.48;"A";11.83;"A";11.05;"A"
"2025-05-12 10:45";8.71;"A";81.29;"A";1002.26;"A";60;"A";40;"A";0;"A";10;"A";30;"A";18.24;"A";13.12;"A";12.28;"A"
"2025-05-12 11:00";8.9;"A";80.96;"A";1002.12;"A";62;"A";41;"A";0;"A";11;"A";30;"A";19.68;"A";14.65;"A";13.26;"A"
"2025-05-12 11:15";9.09;"A";79.81;"A";1002.15;"A";66;"A";41;"A";0;"A";11;"A";29;"A";18.6;"A";13.38;"A";12.54;"A"
"2025-05-12 11:30";9.3;"A";79.78;"A";1002.14;"A";76;"A";42;"A";0;"A";12;"A";30;"A";10.1;"A";7.15;"A";6.59;"A"
"2025-05-12 11:45";9.53;"A";79.05;"A";1002.04;"A";91;"A";42;"A";0;"A";14;"A";28;"A";13.08;"A";9.32;"A";8.65;"A"
"2025-05-12 12:00";9.74;"A";77.79;"A";1001.99;"A";80;"A";42;"A";0;"A";12;"A";30;"A";8.08;"A";6;"A";5.21;"A"
"2025-05-12 12:15";10.18;"A";77.44;"A";1001.97;"A";72;"A";42;"A";0;"A";10;"A";32;"A";9.83;"A";6.93;"A";5.94;"A"
"2025-05-12 12:30";10.44;"A";76;"A";1001.9;"A";75;"A";39;"A";0;"A";7;"A";32;"A";10.03;"A";7.52;"A";5.97;"A"
"2025-05-12 12:45";10.45;"A";74.98;"A";1001.88;"A";73;"A";42;"A";0;"A";11;"A";31;"A";7.71;"A";6.37;"A";4.68;"A"
"2025-05-12 13:00";10.55;"A";74.2;"A";1001.84;"A";90;"A";42;"A";0;"A";12;"A";30;"A";14.2;"A";11.54;"A";8.53;"A"
"2025-05-12 13:15";10.83;"A";73.68;"A";1001.6;"A";74;"A";41;"A";0;"A";8;"A";33;"A";7.77;"A";5.54;"A";4.01;"A"
"2025-05-12 13:30";11.22;"A";72.95;"A";1001.6;"A";73;"A";40;"A";0;"A";8;"A";33;"A";6.8;"A";5.34;"A";3.97;"A"
"2025-05-12 13:45";11;"A";71.68;"A";1001.57;"A";66;"A";41;"A";0;"A";8;"A";33;"A";6.66;"A";5.09;"A";3.73;"A"
"2025-05-12 14:00";11.16;"A";71.15;"A";1001.53;"A";63;"A";42;"A";0;"A";9;"A";34;"A";7.3;"A";5.08;"A";3.56;"A"
"2025-05-12 14:15";11.38;"A";70.41;"A";1001.55;"A";61;"A";41;"A";0;"A";7;"A";34;"A";6.48;"A";4.61;"A";3.36;"A"
"2025-05-12 14:30";11.58;"A";69.27;"A";1001.58;"A";60;"A";42;"A";0;"A";7;"A";35;"A";7.62;"A";6.09;"A";4.53;"A"
"2025-05-12 14:45";11.54;"A";68.47;"A";1001.59;"A";62;"A";43;"A";0;"A";8;"A";35;"A";5.93;"A";4.79;"A";3.54;"A"
"2025-05-12 15:00";11.43;"A";69.63;"A";1001.44;"A";60;"A";43;"A";0;"A";7;"A";36;"A";6.59;"A";4.45;"A";3.25;"A"
"2025-05-12 15:15";11.66;"A";69.23;"A";1001.38;"A";78;"A";44;"A";0;"A";15;"A";29;"A";9.22;"A";6.92;"A";5.05;"A"
"2025-05-12 15:30";11.73;"A";68.49;"A";1001.34;"A";101;"A";48;"A";0;"A";25;"A";22;"A";9.99;"A";7.97;"A";5.61;"A"
"2025-05-12 15:45";11.84;"A";68.56;"A";1001.48;"A";115;"A";49;"A";0;"A";29;"A";20;"A";9.46;"A";7.57;"A";5.43;"A"
"2025-05-12 16:00";11.68;"A";69.44;"A";1001.54;"A";96;"A";44;"A";0;"A";14;"A";31;"A";9.79;"A";7.51;"A";5.43;"A"
"2025-05-12 16:15";11.36;"A";69.73;"A";1001.52;"A";85;"A";43;"A";0;"A";11;"A";32;"A";7.1;"A";5.35;"A";4.13;"A"
"2025-05-12 16:30";11.17;"A";70.18;"A";1001.43;"A";82;"A";42;"A";0;"A";10;"A";32;"A";6.73;"A";4.68;"A";3.29;"A"
"2025-05-12 16:45";11.15;"A";69.85;"A";1001.42;"A";65;"A";42;"A";0;"A";7;"A";35;"A";7.13;"A";5.34;"A";3.73;"A"
"2025-05-12 17:00";11.18;"A";70.41;"A";1001.31;"A";73;"A";42;"A";0;"A";9;"A";33;"A";9.51;"A";6.17;"A";4.38;"A"
"2025-05-12 17:15";11.44;"A";70.5;"A";1001.41;"A";82;"A";41;"A";0;"A";10;"A";31;"A";10.46;"A";6.85;"A";4.9;"A"
"2025-05-12 17:30";11.34;"A";68.29;"A";1001.38;"A";83;"A";42;"A";0;"A";8;"A";33;"A";7.92;"A";5.54;"A";4.03;"A"
"2025-05-12 17:45";11.24;"A";69.05;"A";1001.36;"A";72;"A";42;"A";0;"A";9;"A";33;"A";5.31;"A";3.92;"A";2.73;"A"
"2025-05-12 18:00";11.67;"A";67.49;"A";1001.22;"A";70;"A";43;"A";0;"A";8;"A";35;"A";4.68;"A";3.34;"A";2.49;"A"
"2025-05-12 18:15";11.69;"A";65.8;"A";1001.14;"A";51;"A";43;"A";0;"A";7;"A";36;"A";4.36;"A";2.99;"A";2.16;"A"
"2025-05-12 18:30";11.97;"A";65.08;"A";1001.04;"A";56;"A";43;"A";0;"A";7;"A";36;"A";3.68;"A";2.46;"A";1.72;"A"
"2025-05-12 18:45";12.02;"A";64.48;"A";1001.11;"A";63;"A";43;"A";0;"A";8;"A";36;"A";4.67;"A";2.96;"A";1.83;"A"
"2025-05-12 19:00";11.95;"A";64.29;"A";1001.2;"A";71;"A";43;"A";0;"A";8;"A";36;"A";4.78;"A";3.63;"A";2.61;"A"
"2025-05-12 19:15";11.81;"A";62.56;"A";1001.23;"A";50;"A";43;"A";0;"A";6;"A";37;"A";5.49;"A";3.61;"A";2.45;"A"
"2025-05-12 19:30";11.62;"A";65.4;"A";1001.42;"A";64;"A";44;"A";0;"A";8;"A";36;"A";6.95;"A";4.96;"A";3.32;"A"
"2025-05-12 19:45";11.48;"A";64.97;"A";1001.51;"A";69;"A";42;"A";0;"A";8;"A";34;"A";6.09;"A";4.02;"A";2.65;"A"
"2025-05-12 20:00";11.25;"A";65.64;"A";1001.47;"A";75;"A";42;"A";0;"A";9;"A";33;"A";6.66;"A";4.26;"A";2.99;"A"
"2025-05-12 20:15";11.02;"A";66.35;"A";1001.5;"A";85;"A";42;"A";0;"A";9;"A";33;"A";5.09;"A";3.9;"A";2.68;"A"
"2025-05-12 20:30";10.62;"A";69.61;"A";1001.62;"A";89;"A";40;"A";0;"A";10;"A";30;"A";10.15;"A";7.19;"A";5;"A"
"2025-05-12 20:45";10.3;"A";71.1;"A";1001.97;"A";94;"A";37;"A";0;"A";10;"A";27;"A";7.9;"A";5.24;"A";3.58;"A"
"2025-05-12 21:00";10;"A";72.73;"A";1001.93;"A";104;"A";37;"A";0;"A";16;"A";21;"A";12.9;"A";7.84;"A";5.18;"A"
"2025-05-12 21:15";9.56;"A";74.25;"A";1002;"A";144;"A";37;"A";0;"A";18;"A";19;"A";13.47;"A";8.21;"A";5.82;"A"
"2025-05-12 21:30";9.28;"A";76.32;"A";1001.99;"A";139;"A";35;"A";0;"A";18;"A";17;"A";12.41;"A";8.7;"A";6.36;"A"
"2025-05-12 21:45";8.94;"A";77.7;"A";1001.99;"A";164;"A";32;"A";0;"A";18;"A";14;"A";13.83;"A";10.39;"A";7.98;"A"
"2025-05-12 22:00";8.61;"A";79.05;"A";1002.07;"A";200;"A";32;"A";0;"A";22;"A";10;"A";13.93;"A";10.51;"A";8.23;"A"
"2025-05-12 22:15";8.39;"A";80.53;"A";1002.04;"A";218;"A";33;"A";0;"A";28;"A";5;"A";12.04;"A";8.57;"A";7.94;"A"
"2025-05-12 22:30";8.27;"A";80.34;"A";1002.1;"A";185;"A";31;"A";0;"A";26;"A";5;"A";11.5;"A";8.18;"A";7.57;"A"
"2025-05-12 22:45";8.56;"A";78.33;"A";1002.1;"A";126;"A";35;"A";0;"A";19;"A";15;"A";12.98;"A";9.62;"A";7.95;"A"
"2025-05-12 23:00";8.88;"A";75.56;"A";1002.03;"A";90;"A";35;"A";0;"A";9;"A";26;"A";13.63;"A";10.59;"A";7.97;"A"
"2025-05-12 23:15";8.76;"A";75.59;"A";1002.08;"A";80;"A";35;"A";0;"A";8;"A";27;"A";11.6;"A";8.83;"A";7.05;"A"
"2025-05-12 23:30";8.71;"A";75.35;"A";1002.14;"A";53;"A";36;"A";0;"A";8;"A";27;"A";9.06;"A";7.29;"A";5.25;"A"
"2025-05-12 23:45";8.63;"A";75.36;"A";1002.05;"A";47;"A";37;"A";0;"A";11;"A";26;"A";9.1;"A";7.4;"A";5.08;"A"
"2025-05-13 00:00";8.48;"A";76.01;"A";1002.12;"A";60;"A";36;"A";0;"A";11;"A";25;"A";9.12;"A";6.73;"A";4.9;"A"
"2025-05-13 00:15";8.4;"A";76.01;"A";1002.03;"A";48;"A";36;"A";0;"A";10;"A";26;"A";8.84;"A";6.73;"A";4.89;"A"
"2025-05-13 00:30";8.16;"A";77.04;"A";1002.07;"A";50;"A";36;"A";0;"A";15;"A";21;"A";10.07;"A";7.54;"A";5.25;"A"
"2025-05-13 00:45";7.63;"A";78.86;"A";1002.08;"A";55;"A";35;"A";0;"A";21;"A";14;"A";10.84;"A";8.08;"A";6.08;"A"
"2025-05-13 01:00";7.26;"A";79.86;"A";1002.19;"A";55;"A";32;"A";0;"A";15;"A";18;"A";9.85;"A";6.97;"A";6.41;"A"
"2025-05-13 01:15";7.05;"A";80.3;"A";1002.1;"A";61;"A";31;"A";0;"A";8;"A";23;"A";14.16;"A";10.15;"A";9.44;"A"
"2025-05-13 01:30";6.76;"A";81.44;"A";1001.99;"A";105;"A";27;"A";0;"A";9;"A";18;"A";21.67;"A";15.71;"A";14.64;"A"
"2025-05-13 01:45";6.39;"A";82.99;"A";1001.93;"A";119;"A";24;"A";0;"A";8;"A";16;"A";18.9;"A";13.6;"A";12.75;"A"
"2025-05-13 02:00";6.38;"A";83.02;"A";1001.99;"A";90;"A";25;"A";0;"A";7;"A";19;"A";15.92;"A";11.41;"A";10.66;"A"
"2025-05-13 02:15";6.29;"A";83.44;"A";1001.94;"A";61;"A";25;"A";0;"A";6;"A";19;"A";15.35;"A";11;"A";10.26;"A"
"2025-05-13 02:30";6.17;"A";83.43;"A";1001.98;"A";61;"A";25;"A";0;"A";6;"A";19;"A";14.18;"A";10.14;"A";9.44;"A"
"2025-05-13 02:45";6.2;"A";82.83;"A";1001.97;"A";59;"A";26;"A";0;"A";6;"A";20;"A";15.49;"A";11.1;"A";10.36;"A"
"2025-05-13 03:00";6.33;"A";80.79;"A";1001.91;"A";45;"A";30;"A";0;"A";7;"A";23;"A";15.22;"A";10.87;"A";10.06;"A"
"2025-05-13 03:15";6.32;"A";80.69;"A";1001.86;"A";39;"A";31;"A";0;"A";11;"A";20;"A";12.67;"A";9.03;"A";8.38;"A"
"2025-05-13 03:30";6.22;"A";80.9;"A";1001.86;"A";36;"A";31;"A";0;"A";9;"A";22;"A";10.9;"A";7.86;"A";7.04;"A"
"2025-05-13 03:45";6.1;"A";80.72;"A";1001.94;"A";34;"A";31;"A";0;"A";6;"A";24;"A";9.77;"A";6.91;"A";6.36;"A"
"2025-05-13 04:00";6.09;"A";81.11;"A";1001.97;"A";35;"A";30;"A";0;"A";6;"A";24;"A";9.95;"A";7.04;"A";6.48;"A"
"2025-05-13 04:15";6.32;"A";80.43;"A";1002.02;"A";36;"A";29;"A";0;"A";5;"A";24;"A";10.66;"A";7.56;"A";6.98;"A"
"2025-05-13 04:30";6.32;"A";79.6;"A";1002.01;"A";34;"A";31;"A";0;"A";5;"A";25;"A";10.08;"A";7.16;"A";6.36;"A"
"2025-05-13 04:45";6.17;"A";79.37;"A";1002.04;"A";32;"A";31;"A";0;"A";6;"A";26;"A";10.25;"A";7.35;"A";6.35;"A"
"2025-05-13 05:00";6.03;"A";79.72;"A";1002.08;"A";34;"A";32;"A";0;"A";6;"A";26;"A";9.94;"A";7.04;"A";6.48;"A"
"2025-05-13 05:15";5.96;"A";79.53;"A";1002.09;"A";38;"A";32;"A";0;"A";6;"A";25;"A";12.43;"A";8.64;"A";7.46;"A"
"2025-05-13 05:30";5.84;"A";79.96;"A";1002.24;"A";47;"A";31;"A";0;"A";7;"A";24;"A";13.93;"A";9.96;"A";8.65;"A"
"2025-05-13 05:45";5.69;"A";82.03;"A";1002.37;"A";83;"A";28;"A";0;"A";8;"A";20;"A";23.54;"A";17;"A";15.99;"A"
"2025-05-13 06:00";5.56;"A";82.56;"A";1002.47;"A";83;"A";24;"A";0;"A";8;"A";16;"A";18.57;"A";13.35;"A";12.51;"A"
"2025-05-13 06:15";5.69;"A";82.24;"A";1002.61;"A";78;"A";26;"A";0;"A";10;"A";16;"A";16.35;"A";11.73;"A";10.96;"A"
"2025-05-13 06:30";6.22;"A";79.81;"A";1002.58;"A";94;"A";30;"A";0;"A";13;"A";17;"A";17.34;"A";12.68;"A";11.33;"A"
"2025-05-13 06:45";6.84;"A";77.28;"A";1002.65;"A";120;"A";32;"A";0;"A";12;"A";20;"A";16.72;"A";11.95;"A";10.38;"A"
"2025-05-13 07:00";7.4;"A";74.83;"A";1002.72;"A";95;"A";35;"A";0;"A";11;"A";24;"A";17.68;"A";12.89;"A";9.81;"A"
"2025-05-13 07:15";8.54;"A";71.21;"A";1002.79;"A";66;"A";37;"A";0;"A";10;"A";27;"A";17.14;"A";13.8;"A";9.35;"A"
"2025-05-13 07:30";9.94;"A";66.63;"A";1002.77;"A";86;"A";37;"A";0;"A";10;"A";27;"A";15.23;"A";12.65;"A";8.93;"A"
"2025-05-13 07:45";10.22;"A";65.63;"A";1002.82;"A";94;"A";38;"A";0;"A";10;"A";28;"A";15.02;"A";12.08;"A";8.62;"A"
"2025-05-13 08:00";10.09;"A";66.98;"A";1002.79;"A";206;"A";46;"A";0;"A";24;"A";22;"A";16.5;"A";12.88;"A";9.59;"A"
"2025-05-13 08:15";10.34;"A";67.25;"A";1002.82;"A";215;"A";42;"A";0;"A";20;"A";22;"A";17.91;"A";12.47;"A";8.82;"A"
"2025-05-13 08:30";10.81;"A";66.84;"A";1002.85;"A";153;"A";37;"A";0;"A";12;"A";25;"A";16.09;"A";12.15;"A";8.46;"A"
"2025-05-13 08:45";11.49;"A";65.03;"A";1002.5;"A";164;"A";40;"A";0;"A";14;"A";26;"A";23.74;"A";19.59;"A";14.4;"A"
"2025-05-13 09:00";12.73;"A";61.01;"A";1002.67;"A";175;"A";38;"A";0;"A";10;"A";28;"A";16.25;"A";11.88;"A";8.41;"A"
"2025-05-13 09:15";13.47;"A";58.75;"A";1002.69;"A";161;"A";42;"A";0;"A";14;"A";28;"A";28.45;"A";22.6;"A";16.28;"A"
"2025-05-13 09:30";13.88;"A";52.66;"A";1002.63;"A";123;"A";40;"A";0;"A";9;"A";31;"A";15.29;"A";11.21;"A";8.08;"A"
"2025-05-13 09:45";14.15;"A";52.23;"A";1002.61;"A";168;"A";45;"A";0;"A";12;"A";33;"A";10.42;"A";7.89;"A";5.91;"A"
"2025-05-13 10:00";14.38;"A";51.08;"A";1002.66;"A";197;"A";46;"A";0;"A";13;"A";33;"A";8.66;"A";6.42;"A";4.71;"A"
"2025-05-13 10:15";15.04;"A";42.71;"A";1002.55;"A";95;"A";44;"A";0;"A";8;"A";36;"A";10.3;"A";6.69;"A";4.7;"A"
"2025-05-13 10:30";15.2;"A";39.2;"A";1002.39;"A";82;"A";49;"A";0;"A";11;"A";38;"A";7.65;"A";5;"A";3.58;"A"
"2025-05-13 10:45";15.5;"A";37.8;"A";1002.42;"A";79;"A";49;"A";0;"A";7;"A";41;"A";7.11;"A";5;"A";3.51;"A"
"2025-05-13 11:00";14.71;"A";45.61;"A";1002.54;"A";94;"A";50;"A";0;"A";11;"A";39;"A";8.6;"A";5.53;"A";3.83;"A"
"2025-05-13 11:15";14.29;"A";48.43;"A";1002.53;"A";114;"A";44;"A";0;"A";12;"A";33;"A";8.98;"A";5.6;"A";4.01;"A"
"2025-05-13 11:30";15.03;"A";42.86;"A";1002.36;"A";88;"A";46;"A";0;"A";11;"A";35;"A";7.74;"A";5.05;"A";3.51;"A"
"2025-05-13 11:45";15.47;"A";39.87;"A";1002.3;"A";92;"A";47;"A";0;"A";9;"A";38;"A";15.08;"A";12.7;"A";8.87;"A"
"2025-05-13 12:00";15.63;"A";38.72;"A";1002.28;"A";78;"A";48;"A";0;"A";8;"A";40;"A";6.93;"A";4.38;"A";3.08;"A"
"2025-05-13 12:15";16.08;"A";39.4;"A";1002.37;"A";71;"A";48;"A";0;"A";8;"A";40;"A";6.63;"A";4.66;"A";3.16;"A"
"2025-05-13 12:30";15.6;"A";40.45;"A";1002.18;"A";79;"A";47;"A";0;"A";8;"A";39;"A";5.97;"A";4.1;"A";3.07;"A"
"2025-05-13 12:45";15.45;"A";42.6;"A";1002.23;"A";108;"A";48;"A";0;"A";12;"A";36;"A";8.81;"A";6.38;"A";4.62;"A"
"2025-05-13 13:00";14.44;"A";51.18;"A";1002.34;"A";93;"A";47;"A";0;"A";13;"A";34;"A";8.08;"A";4.8;"A";3.16;"A"
"2025-05-13 13:15";14.6;"A";50.7;"A";1002.41;"A";77;"A";44;"A";0;"A";9;"A";35;"A";6.6;"A";5;"A";3.47;"A"
"2025-05-13 13:30";15.31;"A";46.57;"A";1002.17;"A";64;"A";45;"A";0;"A";8;"A";38;"A";7.42;"A";5.28;"A";3.71;"A"
"2025-05-13 13:45";15.44;"A";43.41;"A";1002.2;"A";62;"A";44;"A";0;"A";6;"A";38;"A";6.71;"A";4.77;"A";3.56;"A"
"2025-05-13 14:00";15.18;"A";45.05;"A";1002.11;"A";75;"A";47;"A";0;"A";10;"A";37;"A";8.56;"A";5.64;"A";3.9;"A"
"2025-05-13 14:15";14.9;"A";47.99;"A";1002.02;"A";92;"A";45;"A";0;"A";11;"A";34;"A";9.22;"A";6.81;"A";5.15;"A"
"2025-05-13 14:30";15.11;"A";43.73;"A";1002.09;"A";84;"A";45;"A";0;"A";8;"A";37;"A";6.72;"A";5.57;"A";3.95;"A"
"2025-05-13 14:45";15.21;"A";44.09;"A";1002;"A";76;"A";47;"A";0;"A";8;"A";39;"A";7.57;"A";6.04;"A";4.16;"A"
"2025-05-13 15:00";15.74;"A";43.68;"A";1002.08;"A";392;"A";45;"A";0;"A";7;"A";38;"A";7.29;"A";4.61;"A";3.35;"A"
"2025-05-13 15:15";15.75;"A";45.29;"A";1002.04;"A";128;"A";45;"A";0;"A";9;"A";36;"A";8.16;"A";5.17;"A";3.79;"A"
"2025-05-13 15:30";15.91;"A";44.71;"A";1002.01;"A";81;"A";43;"A";0;"A";8;"A";36;"A";7.39;"A";5.03;"A";3.59;"A"
"2025-05-13 15:45";15.61;"A";44.46;"A";1001.98;"A";83;"A";45;"A";0;"A";9;"A";36;"A";10.77;"A";7.47;"A";5.48;"A"
"2025-05-13 16:00";16.5;"A";41.07;"A";1002.03;"A";75;"A";43;"A";0;"A";7;"A";36;"A";5.49;"A";3.94;"A";2.61;"A"
"2025-05-13 16:15";17.03;"A";41.37;"A";1001.97;"A";73;"A";44;"A";0;"A";7;"A";36;"A";5.67;"A";4.12;"A";2.94;"A"
"2025-05-13 16:30";17.23;"A";42.3;"A";1001.71;"A";80;"A";44;"A";0;"A";8;"A";36;"A";7;"A";5;"A";3.84;"A"
"2025-05-13 16:45";17.3;"A";41.51;"A";1001.67;"A";98;"A";44;"A";0;"A";9;"A";35;"A";7.38;"A";5.14;"A";3.52;"A"
"2025-05-13 17:00";17.29;"A";42.04;"A";1001.76;"A";86;"A";44;"A";0;"A";8;"A";36;"A";7.92;"A";5.2;"A";3.78;"A"
"2025-05-13 17:15";17.13;"A";44.86;"A";1001.85;"A";93;"A";44;"A";0;"A";9;"A";35;"A";7.12;"A";5.34;"A";3.68;"A"
"2025-05-13 17:30";16.36;"A";44.86;"A";1002.01;"A";92;"A";44;"A";0;"A";9;"A";36;"A";8.04;"A";5.42;"A";3.75;"A"
"2025-05-13 17:45";15.36;"A";53.48;"A";1002.06;"A";84;"A";46;"A";0;"A";10;"A";36;"A";7.71;"A";5.6;"A";3.77;"A"
"2025-05-13 18:00";15.19;"A";53.65;"A";1001.96;"A";84;"A";41;"A";0;"A";6;"A";35;"A";5.79;"A";4.46;"A";2.95;"A"
"2025-05-13 18:15";14.92;"A";50.73;"A";1001.76;"A";72;"A";44;"A";0;"A";7;"A";37;"A";4.94;"A";3.64;"A";2.72;"A"
"2025-05-13 18:30";14.8;"A";50.86;"A";1001.76;"A";67;"A";45;"A";0;"A";9;"A";36;"A";6.12;"A";4.24;"A";3.07;"A"
"2025-05-13 18:45";14.73;"A";49.92;"A";1001.77;"A";51;"A";45;"A";0;"A";7;"A";37;"A";5.89;"A";4.17;"A";2.91;"A"
"2025-05-13 19:00";14.62;"A";51.92;"A";1001.89;"A";59;"A";45;"A";0;"A";10;"A";35;"A";6.9;"A";5.11;"A";3.44;"A"
"2025-05-13 19:15";14.48;"A";53.39;"A";1001.99;"A";61;"A";44;"A";0;"A";12;"A";33;"A";6.89;"A";5.24;"A";3.62;"A"
"2025-05-13 19:30";14.17;"A";56;"A";1001.97;"A";89;"A";42;"A";0;"A";8;"A";35;"A";6.94;"A";5.64;"A";4.02;"A"
"2025-05-13 19:45";13.65;"A";57.89;"A";1001.97;"A";96;"A";42;"A";0;"A";8;"A";33;"A";8.05;"A";6.4;"A";4.78;"A"
"2025-05-13 20:00";13.19;"A";60.52;"A";1001.97;"A";108;"A";40;"A";0;"A";10;"A";29;"A";9.72;"A";7.25;"A";5.47;"A"
"2025-05-13 20:15";12.74;"A";62.68;"A";1001.96;"A";148;"A";37;"A";0;"A";14;"A";23;"A";12.34;"A";8.61;"A";6.43;"A"
"2025-05-13 20:30";12.18;"A";64.4;"A";1002.07;"A";174;"A";36;"A";0;"A";16;"A";20;"A";14.64;"A";10.22;"A";7.47;"A"
"2025-05-13 20:45";12.09;"A";63.51;"A";1002.22;"A";278;"A";36;"A";0;"A";23;"A";14;"A";24.31;"A";18.44;"A";13.43;"A"
"2025-05-13 21:00";11.84;"A";64.09;"A";1002.39;"A";186;"A";38;"A";0;"A";16;"A";22;"A";18.16;"A";13.98;"A";10.47;"A"
"2025-05-13 21:15";11.47;"A";66.16;"A";1002.39;"A";149;"A";39;"A";0;"A";12;"A";27;"A";13.72;"A";10.5;"A";7.06;"A"
"2025-05-13 21:30";11;"A";68;"A";1002.37;"A";125;"A";38;"A";0;"A";11;"A";27;"A";14.42;"A";11.82;"A";8.71;"A"
"2025-05-13 21:45";10.69;"A";69.38;"A";1002.7;"A";102;"A";37;"A";0;"A";10;"A";27;"A";19.28;"A";14.09;"A";10.41;"A"
"2025-05-13 22:00";10.41;"A";70.83;"A";1002.8;"A";89;"A";37;"A";0;"A";10;"A";27;"A";16.53;"A";12.71;"A";9.41;"A"
"2025-05-13 22:15";10.11;"A";71.75;"A";1002.75;"A";85;"A";37;"A";0;"A";9;"A";28;"A";16.07;"A";12.75;"A";9.14;"A"
"2025-05-13 22:30";9.84;"A";72.9;"A";1002.66;"A";90;"A";35;"A";0;"A";9;"A";27;"A";14.4;"A";11.27;"A";8.12;"A"
"2025-05-13 22:45";9.65;"A";73.05;"A";1002.69;"A";90;"A";36;"A";0;"A";10;"A";26;"A";14.19;"A";11.13;"A";7.77;"A"
"2025-05-13 23:00";9.35;"A";73.98;"A";1002.67;"A";89;"A";35;"A";0;"A";11;"A";23;"A";13.41;"A";10.15;"A";7.39;"A"
"2025-05-13 23:15";9.19;"A";74.55;"A";1002.72;"A";93;"A";33;"A";0;"A";11;"A";23;"A";15.2;"A";11.82;"A";8.2;"A"
"2025-05-13 23:30";9.04;"A";75.33;"A";1002.76;"A";88;"A";32;"A";0;"A";10;"A";23;"A";13.46;"A";10.37;"A";7.56;"A"
"2025-05-13 23:45";8.96;"A";74.98;"A";1002.89;"A";71;"A";34;"A";0;"A";9;"A";24;"A";13.78;"A";10.72;"A";8.1;"A"
"2025-05-14 00:00";8.71;"A";76.16;"A";1002.8;"A";69;"A";32;"A";0;"A";9;"A";23;"A";13.28;"A";10.89;"A";7.87;"A"
"2025-05-14 00:15";8.6;"A";75.61;"A";1002.77;"A";63;"A";32;"A";0;"A";8;"A";24;"A";12.96;"A";10.33;"A";7.13;"A"
"2025-05-14 00:30";8.56;"A";75.64;"A";1002.78;"A";58;"A";33;"A";0;"A";9;"A";24;"A";12.48;"A";9.9;"A";6.82;"A"
"2025-05-14 00:45";8.45;"A";76.07;"A";1002.71;"A";64;"A";33;"A";0;"A";8;"A";24;"A";19.51;"A";15.77;"A";11.65;"A"
"2025-05-14 01:00";8.35;"A";76.58;"A";1002.81;"A";75;"A";32;"A";0;"A";9;"A";23;"A";38.85;"A";29.68;"A";22.01;"A"
"2025-05-14 01:15";8.32;"A";76.91;"A";1002.8;"A";86;"A";31;"A";0;"A";9;"A";22;"A";36.83;"A";28.02;"A";20.54;"A"
"2025-05-14 01:30";8.14;"A";77.53;"A";1002.71;"A";100;"A";28;"A";0;"A";8;"A";20;"A";32.53;"A";25.72;"A";18.7;"A"
"2025-05-14 01:45";8.14;"A";77.89;"A";1002.66;"A";77;"A";30;"A";0;"A";9;"A";21;"A";17.86;"A";13.15;"A";11.73;"A"
"2025-05-14 02:00";7.97;"A";78.6;"A";1002.71;"A";74;"A";30;"A";0;"A";7;"A";23;"A";15.44;"A";11.06;"A";10.32;"A"
"2025-05-14 02:15";7.79;"A";79.37;"A";1002.82;"A";65;"A";30;"A";0;"A";7;"A";23;"A";14.1;"A";10.08;"A";9.38;"A"
"2025-05-14 02:30";7.78;"A";79.63;"A";1002.83;"A";56;"A";30;"A";0;"A";7;"A";24;"A";12.68;"A";9.04;"A";8.39;"A"
"2025-05-14 02:45";7.65;"A";79.99;"A";1002.86;"A";51;"A";29;"A";0;"A";7;"A";22;"A";11.99;"A";8.54;"A";7.91;"A"
"2025-05-14 03:00";7.7;"A";79.67;"A";1002.88;"A";51;"A";29;"A";0;"A";7;"A";21;"A";11.47;"A";8.16;"A";7.55;"A"
"2025-05-14 03:15";7.53;"A";80.27;"A";1002.85;"A";55;"A";28;"A";0;"A";7;"A";22;"A";10.99;"A";7.8;"A";7.21;"A"
"2025-05-14 03:30";7.24;"A";81.03;"A";1002.74;"A";45;"A";26;"A";0;"A";6;"A";20;"A";10.57;"A";7.49;"A";6.91;"A"
"2025-05-14 03:45";7.19;"A";81.08;"A";1002.65;"A";44;"A";28;"A";0;"A";6;"A";21;"A";12.92;"A";9.22;"A";8.56;"A"
"2025-05-14 04:00";7.18;"A";80.52;"A";1002.63;"A";58;"A";25;"A";0;"A";8;"A";17;"A";14.02;"A";10.02;"A";9.33;"A"
"2025-05-14 04:15";7.09;"A";80.39;"A";1002.61;"A";53;"A";24;"A";0;"A";8;"A";16;"A";13.96;"A";9.98;"A";9.29;"A"
"2025-05-14 04:30";7.24;"A";80.57;"A";1002.53;"A";44;"A";27;"A";0;"A";6;"A";21;"A";12.21;"A";8.7;"A";8.06;"A"
"2025-05-14 04:45";7.24;"A";80.06;"A";1002.52;"A";36;"A";28;"A";0;"A";7;"A";22;"A";9.64;"A";6.82;"A";6.27;"A"
"2025-05-14 05:00";7.24;"A";80.06;"A";1002.55;"A";39;"A";29;"A";0;"A";8;"A";21;"A";9.35;"A";6.6;"A";6.06;"A"
"2025-05-14 05:15";7.14;"A";80.28;"A";1002.64;"A";41;"A";28;"A";0;"A";8;"A";20;"A";9.01;"A";6.35;"A";5.82;"A"
"2025-05-14 05:30";7.1;"A";80.2;"A";1002.58;"A";44;"A";28;"A";0;"A";9;"A";20;"A";10.88;"A";7.72;"A";7.13;"A"
"2025-05-14 05:45";7.09;"A";79.88;"A";1002.69;"A";78;"A";30;"A";0;"A";13;"A";17;"A";28.33;"A";20.51;"A";19.35;"A"
"2025-05-14 06:00";7.14;"A";79.74;"A";1002.76;"A";77;"A";31;"A";0;"A";11;"A";19;"A";21;"A";15.14;"A";14.22;"A"
"2025-05-14 06:15";7.34;"A";79.36;"A";1002.82;"A";112;"A";30;"A";0;"A";11;"A";19;"A";21.36;"A";15.4;"A";14.47;"A"
"2025-05-14 06:30";7.58;"A";78.93;"A";1002.89;"A";99;"A";31;"A";0;"A";15;"A";16;"A";15.68;"A";11.4;"A";10.47;"A"
"2025-05-14 06:45";7.87;"A";78.24;"A";1003.02;"A";90;"A";31;"A";0;"A";13;"A";18;"A";15.19;"A";10.92;"A";9.75;"A"
"2025-05-14 07:00";8.29;"A";77.93;"A";1002.96;"A";99;"A";31;"A";0;"A";15;"A";16;"A";14.92;"A";10.68;"A";9.96;"A"
"2025-05-14 07:15";9.45;"A";75.05;"A";1002.93;"A";129;"A";32;"A";0;"A";17;"A";14;"A";23.25;"A";16.97;"A";15.44;"A"
"2025-05-14 07:30";11.39;"A";68.27;"A";1002.75;"A";133;"A";31;"A";0;"A";15;"A";16;"A";16.41;"A";11.64;"A";8.1;"A"
"2025-05-14 07:45";11.76;"A";66.63;"A";1002.89;"A";166;"A";34;"A";0;"A";16;"A";18;"A";28.27;"A";22.79;"A";16;"A"
"2025-05-14 08:00";11.57;"A";67.27;"A";1002.75;"A";175;"A";38;"A";0;"A";21;"A";17;"A";16.47;"A";11.41;"A";7.8;"A"
"2025-05-14 08:15";11.63;"A";67.39;"A";1002.77;"A";181;"A";39;"A";0;"A";22;"A";17;"A";15.23;"A";10.65;"A";7.73;"A"
"2025-05-14 08:30";12.13;"A";66.63;"A";1002.85;"A";157;"A";35;"A";0;"A";14;"A";20;"A";12.6;"A";9.17;"A";6.32;"A"
"2025-05-14 08:45";12.84;"A";64.61;"A";1002.88;"A";165;"A";35;"A";0;"A";14;"A";21;"A";12.53;"A";8.99;"A";6.54;"A"
"2025-05-14 09:00";13.82;"A";61.06;"A";1002.9;"A";195;"A";37;"A";0;"A";12;"A";25;"A";13.29;"A";8.79;"A";6.35;"A"
"2025-05-14 09:15";15.05;"A";56.53;"A";1002.95;"A";123;"A";38;"A";0;"A";9;"A";29;"A";11.76;"A";7.88;"A";5.32;"A"
"2025-05-14 09:30";16;"A";54.61;"A";1002.89;"A";117;"A";39;"A";0;"A";8;"A";30;"A";25.11;"A";14.62;"A";9.04;"A"
"2025-05-14 09:45";16.07;"A";50.55;"A";1002.99;"A";105;"A";41;"A";0;"A";9;"A";32;"A";10.54;"A";6.25;"A";4.36;"A"
"2025-05-14 10:00";16.26;"A";49.21;"A";1003.03;"A";106;"A";45;"A";0;"A";8;"A";37;"A";8.59;"A";5.43;"A";3.82;"A"
"2025-05-14 10:15";16.52;"A";48.86;"A";1003.04;"A";105;"A";46;"A";0;"A";10;"A";37;"A";12.9;"A";9.18;"A";6.1;"A"
"2025-05-14 10:30";16.9;"A";48.69;"A";1002.99;"A";99;"A";42;"A";0;"A";8;"A";35;"A";8.01;"A";5.61;"A";3.95;"A"
"2025-05-14 10:45";17.16;"A";40.84;"A";1002.93;"A";116;"A";43;"A";0;"A";6;"A";37;"A";11.91;"A";8.45;"A";5.69;"A"
"2025-05-14 11:00";17.39;"A";37.7;"A";1002.83;"A";94;"A";48;"A";0;"A";6;"A";42;"A";9.74;"A";6.48;"A";4.22;"A"
"2025-05-14 11:15";17.68;"A";40.23;"A";1002.71;"A";87;"A";49;"A";0;"A";8;"A";41;"A";6.89;"A";3.87;"A";2.66;"A"
"2025-05-14 11:30";17.38;"A";42.39;"A";1002.7;"A";99;"A";47;"A";0;"A";7;"A";40;"A";7.9;"A";5.64;"A";3.93;"A"
"2025-05-14 11:45";17.62;"A";42.86;"A";1002.58;"A";100;"A";49;"A";0;"A";8;"A";41;"A";8.63;"A";5.32;"A";3.61;"A"
"2025-05-14 12:00";18.02;"A";40.06;"A";1002.24;"A";86;"A";47;"A";0;"A";6;"A";41;"A";7.58;"A";4.49;"A";2.93;"A"
"2025-05-14 12:15";18;"A";39.3;"A";1002.18;"A";71;"A";49;"A";0;"A";7;"A";42;"A";6.92;"A";4.59;"A";2.91;"A"
"2025-05-14 12:30";17.89;"A";38.5;"A";1001.85;"A";73;"A";50;"A";0;"A";7;"A";43;"A";6.41;"A";4.17;"A";2.73;"A"
"2025-05-14 12:45";18.11;"A";38.12;"A";1001.75;"A";73;"A";49;"A";0;"A";7;"A";42;"A";6.41;"A";3.72;"A";2.44;"A"
"2025-05-14 13:00";17.89;"A";37.83;"A";1001.62;"A";73;"A";49;"A";0;"A";9;"A";41;"A";6.57;"A";3.91;"A";2.41;"A"
"2025-05-14 13:15";17.49;"A";39.95;"A";1001.87;"A";89;"A";49;"A";0;"A";9;"A";41;"A";10.45;"A";6.13;"A";4.4;"A"
"2025-05-14 13:30";15.86;"A";51.75;"A";1002.48;"A";89;"A";50;"A";0;"A";10;"A";40;"A";8.07;"A";4.12;"A";2.63;"A"
"2025-05-14 13:45";13.54;"A";61.24;"A";1002.98;"A";91;"A";52;"A";0;"A";9;"A";43;"A";10.63;"A";5.87;"A";3.8;"A"
"2025-05-14 14:00";12.67;"A";65.75;"A";1003.41;"A";96;"A";51;"A";0;"A";12;"A";40;"A";6.62;"A";4.47;"A";3.1;"A"
"2025-05-14 14:15";12.31;"A";67.38;"A";1003.1;"A";93;"A";50;"A";0;"A";10;"A";41;"A";7.13;"A";4.45;"A";2.71;"A"
"2025-05-14 14:30";12.51;"A";74.96;"A";1002.44;"A";198;"A";51;"A";0;"A";17;"A";33;"A";18.13;"A";13.96;"A";10.23;"A"
"2025-05-14 14:45";14.12;"A";69.55;"A";1002.37;"A";102;"A";44;"A";0;"A";8;"A";36;"A";6.28;"A";3.97;"A";3.08;"A"
"2025-05-14 15:00";14.98;"A";56.47;"A";1002.57;"A";88;"A";50;"A";0;"A";13;"A";37;"A";5.07;"A";3.55;"A";2.46;"A"
"2025-05-14 15:15";13.54;"A";62.21;"A";1003.26;"A";69;"A";51;"A";0;"A";10;"A";41;"A";5.07;"A";2.99;"A";1.98;"A"
"2025-05-14 15:30";12.32;"A";68.96;"A";1003.16;"A";164;"A";51;"A";0;"A";10;"A";41;"A";4.95;"A";3.03;"A";2.06;"A"
"2025-05-14 15:45";11.88;"A";68.97;"A";1002.42;"A";70;"A";50;"A";0;"A";10;"A";39;"A";5.47;"A";3.67;"A";2.51;"A"
"2025-05-14 16:00";12.36;"A";72.44;"A";1002.14;"A";179;"A";50;"A";0;"A";20;"A";30;"A";12.08;"A";7.99;"A";5.61;"A"
"2025-05-14 16:15";14.38;"A";63.64;"A";1001.98;"A";218;"A";44;"A";0;"A";10;"A";34;"A";8.96;"A";6.36;"A";4.71;"A"
"2025-05-14 16:30";15.61;"A";56.49;"A";1001.95;"A";85;"A";48;"A";0;"A";13;"A";35;"A";7.35;"A";5;"A";3.72;"A"
"2025-05-14 16:45";15.37;"A";55.74;"A";1002.15;"A";97;"A";52;"A";0;"A";19;"A";33;"A";5.21;"A";3.41;"A";2.52;"A"
"2025-05-14 17:00";15.7;"A";53.72;"A";1002.3;"A";91;"A";52;"A";0;"A";20;"A";32;"A";5.67;"A";3.91;"A";2.74;"A"
"2025-05-14 17:15";15.92;"A";50.98;"A";1002.16;"A";95;"A";52;"A";0;"A";12;"A";40;"A";7.61;"A";3.92;"A";2.84;"A"
"2025-05-14 17:30";15.9;"A";48.03;"A";1002.03;"A";84;"A";52;"A";0;"A";8;"A";44;"A";5.18;"A";2.98;"A";2.09;"A"
"2025-05-14 17:45";16;"A";48.39;"A";1001.84;"A";72;"A";52;"A";0;"A";11;"A";42;"A";5.73;"A";3.42;"A";2.29;"A"
"2025-05-14 18:00";16.11;"A";50.95;"A";1001.78;"A";79;"A";51;"A";0;"A";11;"A";40;"A";6.09;"A";3.47;"A";2.39;"A"
"2025-05-14 18:15";16.09;"A";48.78;"A";1001.86;"A";88;"A";52;"A";0;"A";14;"A";39;"A";5.79;"A";3.57;"A";2.5;"A"
"2025-05-14 18:30";16.05;"A";50.94;"A";1001.82;"A";83;"A";52;"A";0;"A";12;"A";40;"A";6.22;"A";4.03;"A";2.65;"A"
"2025-05-14 18:45";16.06;"A";52.1;"A";1001.84;"A";83;"A";50;"A";0;"A";11;"A";39;"A";8.07;"A";5.3;"A";3.78;"A"
"2025-05-14 19:00";15.73;"A";53.63;"A";1001.73;"A";127;"A";50;"A";0;"A";10;"A";39;"A";14.61;"A";11.66;"A";8.78;"A"
"2025-05-14 19:15";15.58;"A";54.46;"A";1001.68;"A";121;"A";50;"A";0;"A";15;"A";35;"A";25.34;"A";20.03;"A";15.54;"A"
"2025-05-14 19:30";15.2;"A";56.93;"A";1001.76;"A";162;"A";45;"A";0;"A";13;"A";32;"A";28.28;"A";22.53;"A";17.43;"A"
"2025-05-14 19:45";15.13;"A";53.76;"A";1001.72;"A";144;"A";45;"A";0;"A";11;"A";34;"A";10.47;"A";7.41;"A";5.63;"A"
"2025-05-14 20:00";15.04;"A";55.57;"A";1001.73;"A";112;"A";49;"A";0;"A";11;"A";38;"A";9.31;"A";6.05;"A";4.29;"A"
"2025-05-14 20:15";14.86;"A";55.94;"A";1001.88;"A";136;"A";45;"A";0;"A";13;"A";33;"A";9.34;"A";6.2;"A";4.62;"A"
"2025-05-14 20:30";14.26;"A";60.96;"A";1001.99;"A";120;"A";44;"A";0;"A";12;"A";32;"A";11.32;"A";8.21;"A";5.87;"A"
"2025-05-14 20:45";13.76;"A";61.32;"A";1002;"A";160;"A";43;"A";0;"A";16;"A";27;"A";16.74;"A";12.33;"A";8.29;"A"
"2025-05-14 21:00";13.42;"A";64.58;"A";1002.18;"A";170;"A";41;"A";0;"A";15;"A";26;"A";14.68;"A";10.57;"A";7.5;"A"
"2025-05-14 21:15";13.2;"A";65.88;"A";1002.18;"A";210;"A";39;"A";0;"A";15;"A";24;"A";15.42;"A";11.45;"A";8.61;"A"
"2025-05-14 21:30";13.46;"A";62.85;"A";1002.28;"A";190;"A";40;"A";0;"A";17;"A";23;"A";15.9;"A";12.13;"A";8.55;"A"
"2025-05-14 21:45";13.65;"A";61.61;"A";1002.5;"A";101;"A";45;"A";0;"A";21;"A";24;"A";10.58;"A";6.88;"A";4.86;"A"
"2025-05-14 22:00";13.47;"A";63.86;"A";1002.64;"A";64;"A";44;"A";0;"A";15;"A";30;"A";7.85;"A";5.52;"A";3.66;"A"
"2025-05-14 22:15";13.26;"A";64.67;"A";1002.51;"A";62;"A";41;"A";0;"A";8;"A";33;"A";7.99;"A";5.7;"A";4.14;"A"
"2025-05-14 22:30";13.29;"A";64.07;"A";1002.45;"A";70;"A";42;"A";0;"A";7;"A";36;"A";7.36;"A";5.08;"A";3.49;"A"
"2025-05-14 22:45";13.16;"A";64.4;"A";1002.48;"A";65;"A";43;"A";0;"A";10;"A";33;"A";7.32;"A";4.91;"A";3.44;"A"
"2025-05-14 23:00";12.87;"A";65.43;"A";1002.47;"A";61;"A";43;"A";0;"A";12;"A";30;"A";8.76;"A";5.28;"A";3.64;"A"
"2025-05-14 23:15";12.62;"A";66.6;"A";1002.63;"A";67;"A";42;"A";0;"A";13;"A";29;"A";8.94;"A";5.77;"A";3.9;"A"
"2025-05-14 23:30";12.41;"A";66.46;"A";1002.64;"A";59;"A";42;"A";0;"A";12;"A";31;"A";7.91;"A";5.57;"A";3.85;"A"
"2025-05-14 23:45";12.26;"A";66.63;"A";1002.72;"A";50;"A";42;"A";0;"A";11;"A";31;"A";7.56;"A";5.16;"A";3.56;"A"
"2025-05-15 00:00";12.18;"A";65.98;"A";1002.7;"A";43;"A";43;"A";0;"A";10;"A";32;"A";7.38;"A";5.03;"A";3.54;"A"
"2025-05-15 00:15";11.83;"A";68.15;"A";1002.65;"A";48;"A";41;"A";0;"A";12;"A";29;"A";6.88;"A";4.88;"A";3.46;"A"
"2025-05-15 00:30";11.37;"A";70.83;"A";1002.6;"A";52;"A";36;"A";0;"A";10;"A";27;"A";7.63;"A";5.05;"A";3.63;"A"
"2025-05-15 00:45";11.37;"A";69.85;"A";1002.51;"A";48;"A";37;"A";0;"A";9;"A";28;"A";7.78;"A";5.19;"A";3.66;"A"
"2025-05-15 01:00";11.83;"A";65.86;"A";1002.64;"A";40;"A";42;"A";0;"A";11;"A";32;"A";7.1;"A";5.16;"A";3.56;"A"
"2025-05-15 01:15";11.83;"A";65.82;"A";1002.53;"A";41;"A";42;"A";0;"A";12;"A";31;"A";7.69;"A";5.2;"A";3.73;"A"
"2025-05-15 01:30";11.75;"A";66.22;"A";1002.48;"A";40;"A";42;"A";0;"A";12;"A";30;"A";7.93;"A";5.62;"A";4.02;"A"
"2025-05-15 01:45";11.69;"A";65.79;"A";1002.5;"A";37;"A";42;"A";0;"A";12;"A";30;"A";8.93;"A";6.1;"A";4.34;"A"
"2025-05-15 02:00";11.7;"A";65.54;"A";1002.34;"A";41;"A";42;"A";0;"A";12;"A";30;"A";9.84;"A";6.52;"A";4.43;"A"
"2025-05-15 02:15";11.72;"A";66.13;"A";1002.29;"A";40;"A";42;"A";0;"A";11;"A";31;"A";10.28;"A";6.1;"A";4.46;"A"
"2025-05-15 02:30";11.81;"A";66.36;"A";1002.26;"A";42;"A";42;"A";0;"A";9;"A";33;"A";8.08;"A";5.7;"A";4.23;"A"
"2025-05-15 02:45";11.94;"A";65.95;"A";1002.27;"A";40;"A";41;"A";0;"A";8;"A";33;"A";9.47;"A";6.3;"A";4.25;"A"
"2025-05-15 03:00";11.93;"A";66.14;"A";1002.26;"A";41;"A";41;"A";0;"A";9;"A";32;"A";8.1;"A";5.8;"A";4.15;"A"
"2025-05-15 03:15";11.8;"A";66.75;"A";1002.12;"A";41;"A";40;"A";0;"A";10;"A";31;"A";7.85;"A";5.79;"A";4.16;"A"
"2025-05-15 03:30";11.64;"A";67.62;"A";1002.04;"A";41;"A";40;"A";0;"A";10;"A";30;"A";8.92;"A";6.92;"A";4.57;"A"
"2025-05-15 03:45";11.5;"A";68.41;"A";1002;"A";42;"A";39;"A";0;"A";11;"A";28;"A";9.98;"A";6.62;"A";4.67;"A"
"2025-05-15 04:00";11.37;"A";68.61;"A";1001.9;"A";40;"A";39;"A";0;"A";9;"A";29;"A";9.36;"A";6.38;"A";4.69;"A"
"2025-05-15 04:15";11.19;"A";69.34;"A";1001.77;"A";41;"A";38;"A";0;"A";9;"A";29;"A";9.94;"A";7.19;"A";5.14;"A"
"2025-05-15 04:30";10.96;"A";70.57;"A";1001.67;"A";43;"A";38;"A";0;"A";8;"A";30;"A";10.55;"A";7.5;"A";5.28;"A"
"2025-05-15 04:45";10.88;"A";70.76;"A";1001.55;"A";40;"A";37;"A";0;"A";7;"A";30;"A";9.68;"A";7.2;"A";5.18;"A"
"2025-05-15 05:00";10.81;"A";70.89;"A";1001.52;"A";42;"A";38;"A";0;"A";8;"A";31;"A";11.16;"A";7.42;"A";5.09;"A"
"2025-05-15 05:15";10.35;"A";73.56;"A";1001.83;"A";112;"A";36;"A";0;"A";9;"A";27;"A";13.67;"A";9.15;"A";6.41;"A"
"2025-05-15 05:30";10.38;"A";73;"A";1001.86;"A";127;"A";36;"A";0;"A";10;"A";26;"A";14.6;"A";9.67;"A";6.86;"A"
"2025-05-15 05:45";10.41;"A";72.71;"A";1001.89;"A";94;"A";37;"A";0;"A";11;"A";25;"A";14.75;"A";9.61;"A";6.96;"A"
"2025-05-15 06:00";10.45;"A";72.59;"A";1001.97;"A";71;"A";37;"A";0;"A";10;"A";28;"A";14.38;"A";9.74;"A";6.76;"A"
"2025-05-15 06:15";10.44;"A";73.47;"A";1002;"A";85;"A";37;"A";0;"A";11;"A";25;"A";16.58;"A";10.58;"A";7.25;"A"
"2025-05-15 06:30";10.52;"A";73.99;"A";1002.05;"A";85;"A";37;"A";0;"A";11;"A";26;"A";15.41;"A";10.86;"A";7.16;"A"
"2025-05-15 06:45";10.62;"A";74.76;"A";1002.1;"A";99;"A";37;"A";0;"A";12;"A";24;"A";14.28;"A";9.75;"A";6.84;"A"
"2025-05-15 07:00";10.93;"A";73.9;"A";1001.91;"A";63;"A";37;"A";0;"A";10;"A";28;"A";14.89;"A";9.79;"A";6.94;"A"
"2025-05-15 07:15";11.82;"A";72.03;"A";1002.08;"A";67;"A";39;"A";0;"A";11;"A";28;"A";17.02;"A";10.74;"A";7.38;"A"
"2025-05-15 07:30";13.38;"A";66.7;"A";1002.05;"A";73;"A";39;"A";0;"A";7;"A";31;"A";13.84;"A";8.06;"A";5.99;"A"
"2025-05-15 07:45";13.74;"A";66.17;"A";1002.1;"A";72;"A";41;"A";0;"A";8;"A";33;"A";12.08;"A";8.34;"A";5.72;"A"
"2025-05-15 08:00";13.59;"A";67.57;"A";1002.03;"A";108;"A";44;"A";0;"A";14;"A";30;"A";14.16;"A";8.64;"A";6.15;"A"
"2025-05-15 08:15";13.83;"A";67.16;"A";1002.1;"A";103;"A";43;"A";0;"A";11;"A";33;"A";17.09;"A";10.96;"A";7.75;"A"
"2025-05-15 08:30";14.37;"A";66.16;"A";1002.17;"A";105;"A";43;"A";0;"A";10;"A";34;"A";15.97;"A";10.11;"A";7.42;"A"
"2025-05-15 08:45";15.16;"A";64.83;"A";1002.23;"A";119;"A";42;"A";0;"A";9;"A";34;"A";31.49;"A";24.36;"A";16.3;"A"
"2025-05-15 09:00";16;"A";62.98;"A";1002.32;"A";224;"A";44;"A";0;"A";13;"A";31;"A";20.19;"A";14.88;"A";10.9;"A"
"2025-05-15 09:15";17.24;"A";57.27;"A";1002.2;"A";100;"A";46;"A";0;"A";8;"A";38;"A";12.2;"A";8.66;"A";6.46;"A"
"2025-05-15 09:30";17.68;"A";54.91;"A";1002.08;"A";125;"A";49;"A";0;"A";9;"A";40;"A";9.44;"A";6.06;"A";4.38;"A"
"2025-05-15 09:45";17.58;"A";55.11;"A";1002.29;"A";106;"A";50;"A";0;"A";10;"A";40;"A";9.56;"A";5.67;"A";4.01;"A"
"2025-05-15 10:00";17.57;"A";54.1;"A";1002.3;"A";93;"A";50;"A";0;"A";7;"A";43;"A";9.86;"A";5.67;"A";4.07;"A"
"2025-05-15 10:15";17.89;"A";54.81;"A";1002.2;"A";104;"A";49;"A";0;"A";8;"A";41;"A";11.32;"A";6.65;"A";4.37;"A"
"2025-05-15 10:30";18.25;"A";53.32;"A";1002.37;"A";86;"A";50;"A";0;"A";6;"A";43;"A";10.18;"A";5.17;"A";3.68;"A"
"2025-05-15 10:45";18.37;"A";51.06;"A";1002.47;"A";80;"A";50;"A";0;"A";6;"A";44;"A";8.27;"A";4.73;"A";3.27;"A"
"2025-05-15 11:00";18.38;"A";50.2;"A";1002.45;"A";83;"A";51;"A";0;"A";6;"A";44;"A";7.72;"A";4.45;"A";3.13;"A"
"2025-05-15 11:15";18.54;"A";47.37;"A";1002.45;"A";91;"A";51;"A";0;"A";8;"A";43;"A";6.66;"A";4.43;"A";2.93;"A"
"2025-05-15 11:30";18.96;"A";44.17;"A";1002.49;"A";81;"A";52;"A";0;"A";8;"A";44;"A";8.35;"A";4.21;"A";2.92;"A"
"2025-05-15 11:45";19.19;"A";43.26;"A";1002.42;"A";77;"A";53;"A";0;"A";8;"A";46;"A";10.5;"A";5.02;"A";3.28;"A"
"2025-05-15 12:00";19.27;"A";42;"A";1002.39;"A";80;"A";52;"A";0;"A";6;"A";46;"A";9.12;"A";4.56;"A";3.14;"A"
"2025-05-15 12:15";19.03;"A";43.15;"A";1002.44;"A";76;"A";53;"A";0;"A";7;"A";46;"A";9.55;"A";4.39;"A";2.91;"A"
"2025-05-15 12:30";19.19;"A";40.92;"A";1002.34;"A";78;"A";53;"A";0;"A";8;"A";45;"A";8.88;"A";4.98;"A";3.13;"A"
"2025-05-15 12:45";18.93;"A";40.73;"A";1002.42;"A";82;"A";53;"A";0;"A";7;"A";46;"A";11.21;"A";5.45;"A";3.51;"A"
"2025-05-15 13:00";19.3;"A";39.46;"A";1002.28;"A";75;"A";54;"A";0;"A";7;"A";46;"A";11.74;"A";5.46;"A";3.42;"A"
"2025-05-15 13:15";19.55;"A";39.22;"A";1002.2;"A";68;"A";53;"A";0;"A";7;"A";47;"A";11.22;"A";5.38;"A";3.17;"A"
"2025-05-15 13:30";20.2;"A";38.01;"A";1002.31;"A";74;"A";55;"A";0;"A";8;"A";46;"A";15.02;"A";6.61;"A";4.08;"A"
"2025-05-15 13:45";20.32;"A";38.73;"A";1002.42;"A";71;"A";52;"A";0;"A";8;"A";45;"A";11.99;"A";5.07;"A";3.08;"A"
"2025-05-15 14:00";20.84;"A";40.08;"A";1002.45;"A";78;"A";53;"A";0;"A";7;"A";46;"A";13.9;"A";6.52;"A";3.95;"A"
"2025-05-15 14:15";21.1;"A";38.95;"A";1002.37;"A";81;"A";52;"A";0;"A";6;"A";45;"A";10.06;"A";5.47;"A";3.24;"A"
"2025-05-15 14:30";20.59;"A";39.73;"A";1002.22;"A";91;"A";53;"A";0;"A";8;"A";45;"A";8.56;"A";4.66;"A";2.96;"A"
"2025-05-15 14:45";20.29;"A";39.79;"A";1002;"A";84;"A";52;"A";0;"A";8;"A";45;"A";10.66;"A";5.24;"A";3.31;"A"
"2025-05-15 15:00";20.34;"A";38.2;"A";1002.05;"A";84;"A";53;"A";0;"A";7;"A";46;"A";15.52;"A";7.33;"A";4.57;"A"
"2025-05-15 15:15";20.74;"A";37.71;"A";1002.09;"A";108;"A";53;"A";0;"A";7;"A";46;"A";18.65;"A";10.79;"A";6.85;"A"
"2025-05-15 15:30";21.08;"A";36.69;"A";1002.09;"A";77;"A";53;"A";0;"A";7;"A";46;"A";16.92;"A";8.66;"A";5.92;"A"
"2025-05-15 15:45";21.22;"A";37.34;"A";1002.02;"A";91;"A";53;"A";0;"A";10;"A";43;"A";21.1;"A";10.15;"A";6.1;"A"
"2025-05-15 16:00";21.73;"A";35.41;"A";1002.01;"A";82;"A";52;"A";0;"A";7;"A";45;"A";16.28;"A";7.72;"A";4.79;"A"
"2025-05-15 16:15";21.67;"A";34.55;"A";1001.97;"A";83;"A";53;"A";0;"A";7;"A";45;"A";16.96;"A";8.27;"A";4.99;"A"
"2025-05-15 16:30";21.87;"A";34.38;"A";1002.01;"A";82;"A";54;"A";0;"A";9;"A";45;"A";20.33;"A";9.48;"A";5.8;"A"
"2025-05-15 16:45";21.43;"A";34.98;"A";1002.05;"A";92;"A";53;"A";0;"A";9;"A";44;"A";21.73;"A";9.52;"A";6.14;"A"
"2025-05-15 17:00";21.08;"A";35.91;"A";1002.19;"A";80;"A";54;"A";0;"A";7;"A";46;"A";21.41;"A";9.61;"A";5.67;"A"
"2025-05-15 17:15";20.96;"A";35.77;"A";1002.21;"A";88;"A";54;"A";0;"A";8;"A";46;"A";20.84;"A";10.31;"A";6.68;"A"
"2025-05-15 17:30";20.91;"A";37.19;"A";1002.22;"A";101;"A";52;"A";0;"A";8;"A";44;"A";17.2;"A";9.1;"A";6.16;"A"
"2025-05-15 17:45";20.83;"A";37.5;"A";1002.24;"A";80;"A";54;"A";0;"A";7;"A";47;"A";15.16;"A";7.93;"A";4.99;"A"
"2025-05-15 18:00";20.86;"A";37.77;"A";1002.3;"A";85;"A";53;"A";0;"A";8;"A";45;"A";23.37;"A";11.16;"A";6.79;"A"
"2025-05-15 18:15";20.53;"A";36.32;"A";1002.28;"A";75;"A";53;"A";0;"A";7;"A";47;"A";16.69;"A";7.91;"A";4.92;"A"
"2025-05-15 18:30";20.06;"A";36.18;"A";1002.34;"A";78;"A";54;"A";0;"A";7;"A";47;"A";9.73;"A";5.48;"A";3.3;"A"
"2025-05-15 18:45";19.68;"A";38.58;"A";1002.42;"A";82;"A";54;"A";0;"A";9;"A";46;"A";19.37;"A";12.08;"A";8.31;"A"
"2025-05-15 19:00";19.4;"A";38.93;"A";1002.65;"A";77;"A";52;"A";0;"A";7;"A";45;"A";13.32;"A";7.52;"A";5.02;"A"
"2025-05-15 19:15";19.11;"A";38.39;"A";1002.78;"A";74;"A";51;"A";0;"A";7;"A";44;"A";11.98;"A";6.3;"A";3.94;"A"
"2025-05-15 19:30";18.77;"A";40.65;"A";1002.78;"A";81;"A";52;"A";0;"A";9;"A";42;"A";18.03;"A";11.21;"A";7.7;"A"
"2025-05-15 19:45";18.46;"A";44.16;"A";1002.84;"A";79;"A";52;"A";0;"A";9;"A";43;"A";15.8;"A";7.84;"A";5.19;"A"
"2025-05-15 20:00";18.16;"A";46.63;"A";1003.16;"A";77;"A";51;"A";0;"A";9;"A";42;"A";14.11;"A";7.07;"A";4.58;"A"
"2025-05-15 20:15";17.85;"A";48.15;"A";1003.32;"A";66;"A";51;"A";0;"A";7;"A";44;"A";12.63;"A";6.92;"A";4.38;"A"
"2025-05-15 20:30";17.56;"A";50.09;"A";1003.56;"A";80;"A";51;"A";0;"A";9;"A";42;"A";14.07;"A";6.69;"A";4.61;"A"
"2025-05-15 20:45";17.23;"A";50.64;"A";1003.78;"A";68;"A";50;"A";0;"A";10;"A";40;"A";12.85;"A";6.54;"A";4.25;"A"
"2025-05-15 21:00";16.89;"A";50.93;"A";1003.88;"A";61;"A";51;"A";0;"A";9;"A";42;"A";11.66;"A";6;"A";3.86;"A"
"2025-05-15 21:15";16.6;"A";51.85;"A";1004.14;"A";62;"A";51;"A";0;"A";9;"A";42;"A";21.62;"A";15.64;"A";10.77;"A"
"2025-05-15 21:30";16.29;"A";52.62;"A";1004.28;"A";53;"A";50;"A";0;"A";9;"A";41;"A";11.83;"A";6.09;"A";3.97;"A"
"2025-05-15 21:45";15.95;"A";53.25;"A";1004.29;"A";54;"A";50;"A";0;"A";8;"A";42;"A";10.96;"A";6.32;"A";3.93;"A"
"2025-05-15 22:00";15.65;"A";53.42;"A";1004.58;"A";58;"A";50;"A";0;"A";8;"A";42;"A";13.49;"A";7.58;"A";4.93;"A"
"2025-05-15 22:15";15.29;"A";53.93;"A";1004.64;"A";72;"A";50;"A";0;"A";9;"A";41;"A";15.59;"A";9.25;"A";6.29;"A"
"2025-05-15 22:30";14.98;"A";53.21;"A";1004.72;"A";76;"A";49;"A";0;"A";8;"A";41;"A";19.33;"A";9.46;"A";6.31;"A"
"2025-05-15 22:45";14.74;"A";52.63;"A";1004.85;"A";70;"A";49;"A";0;"A";8;"A";41;"A";19.23;"A";10.14;"A";6.42;"A"
"2025-05-15 23:00";14.52;"A";52.54;"A";1005.01;"A";56;"A";50;"A";0;"A";8;"A";41;"A";19.98;"A";10.05;"A";6.66;"A"
"2025-05-15 23:15";14.33;"A";52.98;"A";1005.07;"A";55;"A";49;"A";0;"A";8;"A";40;"A";23.46;"A";10.92;"A";6.87;"A"
"2025-05-15 23:30";14.17;"A";53.26;"A";1005.13;"A";46;"A";48;"A";0;"A";8;"A";41;"A";14.4;"A";7.63;"A";4.93;"A"
"2025-05-15 23:45";13.97;"A";53.59;"A";1005.15;"A";47;"A";48;"A";0;"A";8;"A";40;"A";16.63;"A";8.64;"A";5.43;"A"
"2025-05-16 00:00";13.79;"A";53.93;"A";1005.14;"A";40;"A";47;"A";0;"A";9;"A";39;"A";12.55;"A";6.75;"A";4.41;"A"
"2025-05-16 00:15";13.6;"A";54.32;"A";1005.21;"A";37;"A";47;"A";0;"A";9;"A";38;"A";11.36;"A";6.3;"A";4.12;"A"
"2025-05-16 00:30";13.33;"A";55.81;"A";1005.3;"A";38;"A";47;"A";0;"A";10;"A";37;"A";12.25;"A";6.98;"A";4.59;"A"
"2025-05-16 00:45";13.07;"A";57.22;"A";1005.27;"A";46;"A";47;"A";0;"A";10;"A";37;"A";15.53;"A";9.01;"A";5.39;"A"
"2025-05-16 01:00";12.84;"A";60;"A";1005.35;"A";59;"A";47;"A";0;"A";9;"A";38;"A";21.82;"A";10.55;"A";6.57;"A"
"2025-05-16 01:15";12.66;"A";61.22;"A";1005.22;"A";68;"A";46;"A";0;"A";8;"A";37;"A";22.21;"A";11.08;"A";7.13;"A"
"2025-05-16 01:30";12.42;"A";62.23;"A";1005.14;"A";68;"A";46;"A";0;"A";8;"A";38;"A";15.58;"A";9.22;"A";5.95;"A"
"2025-05-16 01:45";12.25;"A";63.06;"A";1005.29;"A";97;"A";45;"A";0;"A";7;"A";38;"A";17.29;"A";8.76;"A";5.85;"A"
"2025-05-16 02:00";12.02;"A";63.94;"A";1005.59;"A";142;"A";45;"A";0;"A";8;"A";37;"A";17.27;"A";9.26;"A";5.98;"A"
"2025-05-16 02:15";11.82;"A";64.88;"A";1005.68;"A";109;"A";45;"A";0;"A";8;"A";36;"A";19.03;"A";10.1;"A";6.64;"A"
"2025-05-16 02:30";11.56;"A";66.09;"A";1005.68;"A";84;"A";44;"A";0;"A";8;"A";37;"A";19.77;"A";10.57;"A";6.9;"A"
"2025-05-16 02:45";11.35;"A";67.02;"A";1005.59;"A";141;"A";43;"A";0;"A";8;"A";35;"A";28.65;"A";17.35;"A";12.3;"A"
"2025-05-16 03:00";11.11;"A";68.4;"A";1005.63;"A";183;"A";42;"A";0;"A";9;"A";33;"A";26.52;"A";15.33;"A";10.7;"A"
"2025-05-16 03:15";10.94;"A";69.57;"A";1005.62;"A";182;"A";42;"A";0;"A";9;"A";33;"A";21.51;"A";13.4;"A";9.39;"A"
"2025-05-16 03:30";10.91;"A";70.37;"A";1005.73;"A";201;"A";42;"A";0;"A";9;"A";33;"A";23.51;"A";13.59;"A";9.29;"A"
"2025-05-16 03:45";10.78;"A";71.32;"A";1005.72;"A";233;"A";42;"A";0;"A";10;"A";32;"A";22.86;"A";14.45;"A";10.2;"A"
"2025-05-16 04:00";10.63;"A";72.08;"A";1005.73;"A";285;"A";41;"A";0;"A";10;"A";32;"A";24.66;"A";15.75;"A";10.79;"A"
"2025-05-16 04:15";10.47;"A";73.04;"A";1005.74;"A";124;"A";41;"A";0;"A";7;"A";34;"A";19.31;"A";10.98;"A";7.84;"A"
"2025-05-16 04:30";10.37;"A";73.35;"A";1005.79;"A";114;"A";41;"A";0;"A";8;"A";33;"A";20.49;"A";13.05;"A";8.7;"A"
"2025-05-16 04:45";10.33;"A";73.67;"A";1005.78;"A";318;"A";42;"A";0;"A";12;"A";30;"A";44.69;"A";32.77;"A";23.1;"A"
"2025-05-16 05:00";10.27;"A";73.99;"A";1005.92;"A";484;"A";41;"A";0;"A";13;"A";27;"A";49.44;"A";37.13;"A";25.9;"A"
"2025-05-16 05:15";10.17;"A";74.44;"A";1006.08;"A";968;"A";41;"A";0;"A";14;"A";27;"A";45.96;"A";33.63;"A";22.55;"A"
"2025-05-16 05:30";10.14;"A";74.84;"A";1006.11;"A";358;"A";40;"A";0;"A";11;"A";30;"A";32.83;"A";22.67;"A";15.79;"A"
"2025-05-16 05:45";10.18;"A";75.17;"A";1006.2;"A";168;"A";41;"A";0;"A";11;"A";30;"A";15.79;"A";11.41;"A";10.43;"A"
"2025-05-16 06:00";10.34;"A";75.39;"A";1006.23;"A";129;"A";42;"A";0;"A";9;"A";33;"A";14.47;"A";10.35;"A";9.64;"A"
"2025-05-16 06:15";10.55;"A";75.24;"A";1006.21;"A";1161;"A";42;"A";0;"A";13;"A";29;"A";27.42;"A";20.04;"A";17.91;"A"
"2025-05-16 06:30";10.55;"A";74.96;"A";1006.12;"A";776;"A";41;"A";0;"A";15;"A";26;"A";30.07;"A";21.78;"A";20.57;"A"
"2025-05-16 06:45";10.63;"A";74.76;"A";1006.34;"A";694;"A";39;"A";0;"A";14;"A";25;"A";30.83;"A";22.96;"A";18.24;"A"
"2025-05-16 07:00";11.02;"A";75.02;"A";1006.5;"A";1037;"A";41;"A";0;"A";15;"A";26;"A";36.79;"A";26.71;"A";25.27;"A"
"2025-05-16 07:15";11.78;"A";72.92;"A";1006.49;"A";2107;"A";42;"A";0;"A";16;"A";26;"A";43.71;"A";32.34;"A";25.9;"A"
"2025-05-16 07:30";12.85;"A";69.37;"A";1006.41;"A";654;"A";43;"A";0;"A";13;"A";30;"A";36.61;"A";27.22;"A";18.56;"A"
"2025-05-16 07:45";13.49;"A";67.08;"A";1006.53;"A";598;"A";44;"A";0;"A";14;"A";30;"A";39.26;"A";28.43;"A";19.18;"A"
"2025-05-16 08:00";13.79;"A";64.47;"A";1006.55;"A";564;"A";46;"A";0;"A";16;"A";29;"A";28.9;"A";19.83;"A";13.65;"A"
"2025-05-16 08:15";14.2;"A";60.65;"A";1006.48;"A";715;"A";47;"A";0;"A";15;"A";32;"A";27.48;"A";19;"A";13.4;"A"
"2025-05-16 08:30";14.69;"A";56.68;"A";1006.49;"A";747;"A";47;"A";0;"A";14;"A";33;"A";26.77;"A";16.69;"A";12.12;"A"
"2025-05-16 08:45";15.36;"A";53.3;"A";1006.66;"A";550;"A";49;"A";0;"A";12;"A";36;"A";20.13;"A";12.86;"A";8.95;"A"
"2025-05-16 09:00";16.04;"A";47.9;"A";1006.63;"A";640;"A";47;"A";0;"A";12;"A";35;"A";18.19;"A";11.21;"A";7.99;"A"
"2025-05-16 09:15";17.13;"A";45.9;"A";1006.64;"A";306;"A";51;"A";0;"A";10;"A";41;"A";17.06;"A";9.9;"A";6.5;"A"
"2025-05-16 09:30";17.83;"A";44.13;"A";1006.69;"A";516;"A";50;"A";0;"A";11;"A";39;"A";17.46;"A";10.51;"A";7.52;"A"
"2025-05-16 09:45";17.94;"A";42.89;"A";1006.69;"A";618;"A";52;"A";0;"A";12;"A";40;"A";17.66;"A";9.76;"A";6.69;"A"
"2025-05-16 10:00";18.34;"A";43.02;"A";1006.68;"A";210;"A";52;"A";0;"A";9;"A";43;"A";10.87;"A";6.66;"A";4.7;"A"
"2025-05-16 10:15";18.5;"A";41.89;"A";1006.61;"A";573;"A";51;"A";0;"A";7;"A";44;"A";13.38;"A";7.82;"A";5.33;"A"
"2025-05-16 10:30";18.55;"A";39.81;"A";1006.48;"A";599;"A";51;"A";0;"A";7;"A";44;"A";11.09;"A";6.45;"A";4.27;"A"
"2025-05-16 10:45";18.53;"A";39.61;"A";1006.53;"A";245;"A";53;"A";0;"A";10;"A";43;"A";13.03;"A";7.16;"A";4.82;"A"
"2025-05-16 11:00";18.77;"A";40.18;"A";1006.47;"A";358;"A";50;"A";0;"A";9;"A";42;"A";12.63;"A";6.24;"A";3.71;"A"
"2025-05-16 11:15";19.08;"A";40.87;"A";1006.37;"A";219;"A";50;"A";0;"A";7;"A";43;"A";10.06;"A";5.72;"A";4.27;"A"
"2025-05-16 11:30";19.55;"A";36.14;"A";1006.09;"A";342;"A";50;"A";0;"A";8;"A";43;"A";11.33;"A";6.11;"A";3.9;"A"
"2025-05-16 11:45";19.99;"A";33.99;"A";1006.04;"A";546;"A";52;"A";0;"A";10;"A";43;"A";13.37;"A";6.45;"A";4.36;"A"
"2025-05-16 12:00";20.21;"A";32.81;"A";1005.99;"A";477;"A";52;"A";0;"A";9;"A";43;"A";12.21;"A";5.83;"A";3.73;"A"
"2025-05-16 12:15";20.46;"A";31.92;"A";1005.97;"A";507;"A";51;"A";0;"A";8;"A";43;"A";12.23;"A";6.91;"A";4.48;"A"
"2025-05-16 12:30";20.69;"A";30.51;"A";1005.84;"A";381;"A";55;"A";0;"A";10;"A";44;"A";14.23;"A";7.01;"A";4.77;"A"
"2025-05-16 12:45";21.13;"A";29.9;"A";1005.61;"A";882;"A";55;"A";0;"A";9;"A";46;"A";13.03;"A";7.86;"A";5.18;"A"
"2025-05-16 13:00";21.42;"A";28.48;"A";1005.62;"A";731;"A";54;"A";0;"A";8;"A";46;"A";20.04;"A";12.81;"A";9.78;"A"
"2025-05-16 13:15";21.62;"A";29.89;"A";1005.71;"A";240;"A";55;"A";0;"A";9;"A";46;"A";14.15;"A";8.22;"A";5.72;"A"
"2025-05-16 13:30";21.97;"A";29.34;"A";1005.63;"A";236;"A";54;"A";0;"A";9;"A";45;"A";10.72;"A";5.49;"A";3.51;"A"
"2025-05-16 13:45";22.48;"A";30.34;"A";1005.69;"A";451;"A";53;"A";0;"A";8;"A";45;"A";15.99;"A";9.1;"A";6.31;"A"
"2025-05-16 14:00";22.89;"A";29.57;"A";1005.62;"A";328;"A";53;"A";0;"A";8;"A";44;"A";12.37;"A";6.57;"A";4.31;"A"
"2025-05-16 14:15";23.2;"A";30.72;"A";1005.59;"A";896;"A";54;"A";0;"A";9;"A";45;"A";13.56;"A";6.31;"A";4.02;"A"
"2025-05-16 14:30";23.23;"A";29.63;"A";1005.4;"A";514;"A";54;"A";0;"A";7;"A";47;"A";13.53;"A";6.67;"A";4.13;"A"
"2025-05-16 14:45";23.62;"A";27.22;"A";1005.23;"A";307;"A";54;"A";0;"A";8;"A";46;"A";16.9;"A";9.13;"A";6.58;"A"
"2025-05-16 15:00";23.3;"A";27.84;"A";1005.27;"A";540;"A";54;"A";0;"A";8;"A";45;"A";18.81;"A";11.23;"A";7.91;"A"
"2025-05-16 15:15";22.94;"A";29.43;"A";1005.15;"A";706;"A";55;"A";0;"A";10;"A";46;"A";14.75;"A";8.1;"A";5.53;"A"
"2025-05-16 15:30";22.92;"A";29.99;"A";1005.15;"A";813;"A";52;"A";0;"A";7;"A";45;"A";16.5;"A";7.76;"A";4.93;"A"
"2025-05-16 15:45";22.69;"A";30.71;"A";1004.98;"A";594;"A";53;"A";0;"A";8;"A";45;"A";28.04;"A";14.64;"A";9.75;"A"
"2025-05-16 16:00";22.48;"A";31.36;"A";1004.95;"A";288;"A";53;"A";0;"A";8;"A";45;"A";26.41;"A";11.93;"A";7.12;"A"
"2025-05-16 16:15";22.24;"A";30.2;"A";1004.89;"A";418;"A";52;"A";0;"A";7;"A";44;"A";25.29;"A";13.38;"A";9.11;"A"
"2025-05-16 16:30";22.04;"A";29.86;"A";1004.7;"A";224;"A";53;"A";0;"A";9;"A";44;"A";23.52;"A";14.03;"A";9.21;"A"
"2025-05-16 16:45";22.04;"A";29.55;"A";1004.75;"A";538;"A";52;"A";0;"A";9;"A";43;"A";28.02;"A";16.6;"A";11.75;"A"
"2025-05-16 17:00";21.9;"A";29.9;"A";1004.62;"A";573;"A";52;"A";0;"A";10;"A";42;"A";30.57;"A";19.46;"A";13.61;"A"
"2025-05-16 17:15";21.74;"A";29.39;"A";1004.37;"A";341;"A";52;"A";0;"A";10;"A";42;"A";22.19;"A";11.45;"A";7.98;"A"
"2025-05-16 17:30";21.38;"A";31.33;"A";1004.22;"A";325;"A";53;"A";0;"A";11;"A";42;"A";15.15;"A";7.59;"A";4.74;"A"
"2025-05-16 17:45";21.13;"A";30.98;"A";1004.08;"A";534;"A";51;"A";0;"A";10;"A";41;"A";19.73;"A";9.21;"A";5.82;"A"
"2025-05-16 18:00";20.86;"A";33.31;"A";1004.15;"A";492;"A";50;"A";0;"A";10;"A";40;"A";19.51;"A";10.25;"A";6.86;"A"
"2025-05-16 18:15";20.69;"A";34.31;"A";1004.06;"A";319;"A";49;"A";0;"A";8;"A";41;"A";22.71;"A";14.42;"A";9.88;"A"
"2025-05-16 18:30";20.5;"A";36.39;"A";1004.01;"A";793;"A";50;"A";0;"A";10;"A";40;"A";26.11;"A";16.67;"A";11.81;"A"
"2025-05-16 18:45";20.29;"A";36.21;"A";1003.91;"A";300;"A";48;"A";0;"A";11;"A";37;"A";28.16;"A";20.2;"A";14.18;"A"
"2025-05-16 19:00";20.04;"A";37.95;"A";1003.96;"A";202;"A";49;"A";0;"A";9;"A";40;"A";14.55;"A";8.31;"A";5.68;"A"
"2025-05-16 19:15";19.9;"A";40.09;"A";1004.04;"A";206;"A";49;"A";0;"A";11;"A";37;"A";15.82;"A";10.83;"A";7.71;"A"
"2025-05-16 19:30";19.7;"A";41.67;"A";1004.17;"A";381;"A";48;"A";0;"A";11;"A";38;"A";14.17;"A";7.86;"A";5.23;"A"
"2025-05-16 19:45";19.43;"A";42.86;"A";1004.16;"A";630;"A";48;"A";0;"A";9;"A";38;"A";14.99;"A";8.13;"A";5.15;"A"
"2025-05-16 20:00";19.06;"A";44.33;"A";1004.1;"A";257;"A";48;"A";0;"A";8;"A";40;"A";10.96;"A";5.87;"A";3.76;"A"
"2025-05-16 20:15";18.68;"A";45.61;"A";1003.99;"A";401;"A";48;"A";0;"A";8;"A";41;"A";10.54;"A";5.78;"A";3.89;"A"
"2025-05-16 20:30";18.39;"A";47.45;"A";1004.15;"A";169;"A";47;"A";0;"A";9;"A";38;"A";14.53;"A";9.16;"A";6.32;"A"
"2025-05-16 20:45";18.17;"A";49.15;"A";1004.19;"A";135;"A";47;"A";0;"A";11;"A";36;"A";15.71;"A";9.04;"A";6.34;"A"
"2025-05-16 21:00";17.83;"A";50.17;"A";1004.14;"A";85;"A";47;"A";0;"A";7;"A";39;"A";11.85;"A";6.32;"A";4;"A"
"2025-05-16 21:15";17.57;"A";51.37;"A";1004.1;"A";80;"A";47;"A";0;"A";8;"A";39;"A";20.74;"A";9.84;"A";5.98;"A"
"2025-05-16 21:30";17.35;"A";50.97;"A";1004.03;"A";100;"A";46;"A";0;"A";11;"A";35;"A";30.23;"A";13.95;"A";8.67;"A"
"2025-05-16 21:45";17.04;"A";49.42;"A";1003.66;"A";71;"A";47;"A";0;"A";9;"A";38;"A";30.55;"A";13.55;"A";8.24;"A"
"2025-05-16 22:00";16.84;"A";49.3;"A";1003.57;"A";83;"A";48;"A";0;"A";13;"A";35;"A";23.2;"A";9.92;"A";5.99;"A"
"2025-05-16 22:15";16.63;"A";50.29;"A";1003.34;"A";60;"A";48;"A";0;"A";9;"A";39;"A";11.44;"A";5.91;"A";3.64;"A"
"2025-05-16 22:30";16.43;"A";51.86;"A";1003.27;"A";85;"A";48;"A";0;"A";12;"A";37;"A";12.81;"A";6.8;"A";3.98;"A"
"2025-05-16 22:45";16.25;"A";52.67;"A";1002.97;"A";80;"A";48;"A";0;"A";10;"A";38;"A";11.07;"A";5.67;"A";3.58;"A"
"2025-05-16 23:00";16.19;"A";52.78;"A";1003;"A";58;"A";47;"A";0;"A";9;"A";38;"A";10.79;"A";5.57;"A";3.58;"A"
"2025-05-16 23:15";16.08;"A";53.74;"A";1003.15;"A";73;"A";48;"A";0;"A";10;"A";38;"A";11.96;"A";6.29;"A";4.14;"A"
"2025-05-16 23:30";16.03;"A";54.52;"A";1003.15;"A";78;"A";46;"A";0;"A";10;"A";37;"A";16.4;"A";10.25;"A";6.88;"A"
"2025-05-16 23:45";15.91;"A";55.21;"A";1003;"A";96;"A";47;"A";0;"A";11;"A";36;"A";17.16;"A";10.52;"A";7.28;"A"
"2025-05-17 00:00";15.85;"A";55.64;"A";1002.98;"A";69;"A";47;"A";0;"A";8;"A";38;"A";14.66;"A";9.34;"A";6.23;"A"
"2025-05-17 00:15";15.74;"A";56.77;"A";1002.87;"A";83;"A";46;"A";0;"A";9;"A";37;"A";14.4;"A";10.03;"A";6.91;"A"
"2025-05-17 00:30";15.71;"A";56.58;"A";1002.61;"A";57;"A";46;"A";0;"A";8;"A";38;"A";24.21;"A";13.28;"A";9.13;"A"
"2025-05-17 00:45";15.52;"A";57.74;"A";1002.53;"A";68;"A";46;"A";0;"A";9;"A";37;"A";17.12;"A";8.66;"A";5.75;"A"
"2025-05-17 01:00";15.42;"A";58.38;"A";1002.45;"A";64;"A";45;"A";0;"A";9;"A";36;"A";16.1;"A";8.63;"A";5.8;"A"
"2025-05-17 01:15";15.36;"A";58.82;"A";1002.23;"A";72;"A";45;"A";0;"A";8;"A";36;"A";14.88;"A";8.93;"A";6.24;"A"
"2025-05-17 01:30";15.27;"A";59.14;"A";1002.11;"A";64;"A";45;"A";0;"A";7;"A";37;"A";11.77;"A";8.34;"A";5.71;"A"
"2025-05-17 01:45";15.16;"A";60.31;"A";1002.18;"A";88;"A";44;"A";0;"A";10;"A";35;"A";21.5;"A";15.06;"A";10.21;"A"
"2025-05-17 02:00";15.09;"A";60.95;"A";1002.01;"A";104;"A";44;"A";0;"A";11;"A";33;"A";19.74;"A";13.31;"A";9.65;"A"
"2025-05-17 02:15";14.97;"A";61.4;"A";1001.85;"A";89;"A";44;"A";0;"A";10;"A";33;"A";18.12;"A";11.9;"A";8.46;"A"
"2025-05-17 02:30";14.87;"A";62.61;"A";1001.64;"A";69;"A";43;"A";0;"A";9;"A";34;"A";19.64;"A";12.04;"A";7.89;"A"
"2025-05-17 02:45";14.81;"A";63.05;"A";1001.53;"A";60;"A";41;"A";0;"A";9;"A";32;"A";24.65;"A";12.86;"A";8.42;"A"
"2025-05-17 03:00";14.68;"A";63.84;"A";1001.28;"A";62;"A";42;"A";0;"A";11;"A";31;"A";20.3;"A";10.75;"A";6.66;"A"
"2025-05-17 03:15";14.59;"A";64.44;"A";1001.1;"A";65;"A";41;"A";0;"A";10;"A";30;"A";27.11;"A";13.43;"A";8.61;"A"
"2025-05-17 03:30";14.54;"A";64.38;"A";1000.91;"A";63;"A";41;"A";0;"A";11;"A";30;"A";36.78;"A";17.04;"A";10.31;"A"
"2025-05-17 03:45";14.49;"A";65.15;"A";1000.72;"A";55;"A";41;"A";0;"A";9;"A";32;"A";18.61;"A";9.88;"A";6.2;"A"
"2025-05-17 04:00";14.43;"A";65.38;"A";1000.58;"A";55;"A";41;"A";0;"A";9;"A";32;"A";13.41;"A";8.01;"A";5.22;"A"
"2025-05-17 04:15";14.4;"A";65.27;"A";1000.3;"A";50;"A";41;"A";0;"A";10;"A";31;"A";12.6;"A";6.29;"A";4.39;"A"
"2025-05-17 04:30";14.27;"A";65.76;"A";999.94;"A";42;"A";40;"A";0;"A";7;"A";33;"A";9.13;"A";5.53;"A";3.72;"A"
"2025-05-17 04:45";14.27;"A";66.07;"A";999.71;"A";41;"A";40;"A";0;"A";6;"A";34;"A";7.97;"A";4.78;"A";3.25;"A"
"2025-05-17 05:00";14.13;"A";67.73;"A";999.52;"A";42;"A";41;"A";0;"A";5;"A";35;"A";9.14;"A";5.07;"A";3.49;"A"
"2025-05-17 05:15";14.12;"A";67.88;"A";999.34;"A";42;"A";39;"A";0;"A";5;"A";34;"A";7.72;"A";5.3;"A";3.41;"A"
"2025-05-17 05:30";14.15;"A";67.97;"A";999.12;"A";42;"A";40;"A";0;"A";5;"A";35;"A";7.61;"A";5.06;"A";3.32;"A"
"2025-05-17 05:45";14.1;"A";69.08;"A";999.08;"A";43;"A";39;"A";0;"A";6;"A";33;"A";7.91;"A";5.06;"A";3.55;"A"
"2025-05-17 06:00";14.11;"A";68.69;"A";998.86;"A";50;"A";40;"A";0;"A";8;"A";32;"A";10.09;"A";5.81;"A";3.98;"A"
"2025-05-17 06:15";14.17;"A";69.07;"A";998.83;"A";46;"A";41;"A";0;"A";8;"A";33;"A";8.32;"A";4.81;"A";3.41;"A"
"2025-05-17 06:30";14.27;"A";70.66;"A";998.98;"A";44;"A";41;"A";0;"A";9;"A";31;"A";7.45;"A";4.5;"A";3.11;"A"
"2025-05-17 06:45";14.21;"A";71.45;"A";999.05;"A";53;"A";40;"A";0;"A";9;"A";31;"A";7.5;"A";4.88;"A";3.37;"A"
"2025-05-17 07:00";14.17;"A";72.52;"A";998.96;"A";59;"A";38;"A";0;"A";8;"A";29;"A";8.23;"A";5.11;"A";3.56;"A"
"2025-05-17 07:15";14.29;"A";71.95;"A";998.87;"A";62;"A";38;"A";0;"A";9;"A";29;"A";8.58;"A";5.7;"A";3.95;"A"
"2025-05-17 07:30";14.43;"A";70.84;"A";998.56;"A";65;"A";39;"A";0;"A";10;"A";29;"A";23.05;"A";13.57;"A";8.67;"A"
"2025-05-17 07:45";14.54;"A";71.01;"A";998.44;"A";73;"A";39;"A";0;"A";8;"A";31;"A";9.19;"A";5.78;"A";3.95;"A"
"2025-05-17 08:00";14.69;"A";71.1;"A";998.15;"A";104;"A";39;"A";0;"A";9;"A";30;"A";8.67;"A";5.38;"A";3.8;"A"
"2025-05-17 08:15";14.88;"A";72.01;"A";997.92;"A";94;"A";38;"A";0;"A";9;"A";29;"A";8.09;"A";5.67;"A";4.13;"A"
"2025-05-17 08:30";15.11;"A";71.61;"A";997.94;"A";86;"A";38;"A";0;"A";8;"A";30;"A";9.99;"A";6.9;"A";4.76;"A"
"2025-05-17 08:45";15.31;"A";71.95;"A";997.8;"A";100;"A";38;"A";0;"A";8;"A";30;"A";11.4;"A";7.92;"A";5.7;"A"
"2025-05-17 09:00";15.5;"A";72.47;"A";997.63;"A";111;"A";37;"A";0;"A";9;"A";29;"A";12.2;"A";8.89;"A";6.03;"A"
"2025-05-17 09:15";15.86;"A";71.64;"A";997.27;"A";122;"A";37;"A";0;"A";8;"A";29;"A";12.63;"A";8.82;"A";6.18;"A"
"2025-05-17 09:30";16.34;"A";68.39;"A";997.17;"A";112;"A";37;"A";0;"A";8;"A";29;"A";12.56;"A";7.43;"A";5.11;"A"
"2025-05-17 09:45";16.73;"A";64.12;"A";996.94;"A";92;"A";39;"A";0;"A";8;"A";32;"A";11.16;"A";6.04;"A";4.07;"A"
"2025-05-17 10:00";17.13;"A";62.16;"A";996.76;"A";91;"A";41;"A";0;"A";9;"A";32;"A";10.96;"A";6.04;"A";3.99;"A"
"2025-05-17 10:15";17.59;"A";60.36;"A";996.88;"A";105;"A";40;"A";0;"A";8;"A";32;"A";9.72;"A";5.85;"A";3.72;"A"
"2025-05-17 10:30";17.94;"A";58.34;"A";996.88;"A";101;"A";42;"A";0;"A";11;"A";30;"A";11.85;"A";5.85;"A";3.93;"A"
"2025-05-17 10:45";18.22;"A";57.2;"A";996.83;"A";121;"A";42;"A";0;"A";14;"A";27;"A";14.52;"A";6.85;"A";4.38;"A"
"2025-05-17 11:00";18.73;"A";56.58;"A";996.77;"A";104;"A";43;"A";0;"A";10;"A";33;"A";18.93;"A";9.95;"A";6.61;"A"
"2025-05-17 11:15";19.51;"A";48.15;"A";996.6;"A";220;"A";42;"A";0;"A";8;"A";33;"A";23.7;"A";11.62;"A";7.52;"A"
"2025-05-17 11:30";19.96;"A";44.87;"A";996.31;"A";299;"A";50;"A";0;"A";10;"A";39;"A";25.7;"A";13.75;"A";9.51;"A"
"2025-05-17 11:45";19.84;"A";46.42;"A";996.36;"A";293;"A";48;"A";0;"A";12;"A";36;"A";20.15;"A";12.42;"A";8.76;"A"
"2025-05-17 12:00";19.43;"A";46.8;"A";996.36;"A";650;"A";48;"A";0;"A";9;"A";39;"A";13.68;"A";7.27;"A";4.78;"A"
"2025-05-17 12:15";19.1;"A";49.46;"A";996.37;"A";574;"A";48;"A";0;"A";12;"A";36;"A";14.31;"A";7.01;"A";4.73;"A"
"2025-05-17 12:30";18.81;"A";54.96;"A";996.53;"A";448;"A";45;"A";0;"A";14;"A";31;"A";14.37;"A";8.03;"A";5.36;"A"
"2025-05-17 12:45";19.14;"A";49.82;"A";996.49;"A";579;"A";43;"A";0;"A";14;"A";29;"A";23.78;"A";15.66;"A";11.53;"A"
"2025-05-17 13:00";19.67;"A";48.4;"A";996.28;"A";511;"A";45;"A";0;"A";15;"A";31;"A";19.31;"A";10.25;"A";7;"A"
"2025-05-17 13:15";19.83;"A";47.66;"A";996.21;"A";178;"A";47;"A";0;"A";18;"A";29;"A";17.98;"A";9.61;"A";6.67;"A"
"2025-05-17 13:30";19.53;"A";50.18;"A";996.47;"A";146;"A";45;"A";0;"A";16;"A";29;"A";11.44;"A";6.8;"A";4.39;"A"
"2025-05-17 13:45";19.15;"A";51.46;"A";996.57;"A";122;"A";45;"A";0;"A";13;"A";32;"A";10.23;"A";5.76;"A";3.38;"A"
"2025-05-17 14:00";18.08;"A";60.12;"A";996.52;"A";148;"A";47;"A";0;"A";15;"A";32;"A";12.83;"A";5.81;"A";3.73;"A"
"2025-05-17 14:15";17.11;"A";64.56;"A";996.68;"A";148;"A";42;"A";0;"A";13;"A";29;"A";13.93;"A";7.6;"A";5.05;"A"
"2025-05-17 14:30";16.3;"A";63.21;"A";996.82;"A";209;"A";46;"A";0;"A";8;"A";38;"A";19.6;"A";12.56;"A";9.06;"A"
"2025-05-17 14:45";15.65;"A";69.23;"A";996.8;"A";203;"A";47;"A";0;"A";11;"A";36;"A";19.17;"A";12.85;"A";9.04;"A"
"2025-05-17 15:00";15.26;"A";70.52;"A";997.1;"A";564;"A";43;"A";0;"A";9;"A";34;"A";47.22;"A";27.08;"A";17.91;"A"
"2025-05-17 15:15";14.92;"A";74.42;"A";996.94;"A";558;"A";44;"A";0;"A";10;"A";34;"A";44.38;"A";25.45;"A";16.47;"A"
"2025-05-17 15:30";14.93;"A";75.85;"A";996.89;"A";995;"A";38;"A";0;"A";10;"A";29;"A";46.47;"A";26.44;"A";19.06;"A"
"2025-05-17 15:45";15.03;"A";76.46;"A";996.77;"A";853;"A";38;"A";0;"A";13;"A";25;"A";35.29;"A";23.3;"A";20.45;"A"
"2025-05-17 16:00";15.16;"A";76.7;"A";996.71;"A";707;"A";37;"A";0;"A";14;"A";23;"A";34.51;"A";25.03;"A";23.67;"A"
"2025-05-17 16:15";15.21;"A";76.79;"A";996.69;"A";536;"A";37;"A";0;"A";21;"A";17;"A";36.61;"A";26.55;"A";24.02;"A"
"2025-05-17 16:30";15.3;"A";76.78;"A";996.51;"A";477;"A";39;"A";0;"A";24;"A";15;"A";32.03;"A";23.21;"A";21.93;"A"
"2025-05-17 16:45";15.31;"A";76.67;"A";996.22;"A";343;"A";40;"A";0;"A";27;"A";13;"A";25.34;"A";18.15;"A";16.56;"A"
"2025-05-17 17:00";15.32;"A";75.24;"A";995.98;"A";298;"A";41;"A";0;"A";28;"A";13;"A";27.31;"A";19.02;"A";15.53;"A"
"2025-05-17 17:15";15.14;"A";75.78;"A";996.32;"A";277;"A";44;"A";0;"A";35;"A";9;"A";25.69;"A";18.86;"A";15.01;"A"
"2025-05-17 17:30";15;"A";77.51;"A";996.61;"A";340;"A";39;"A";0;"A";22;"A";16;"A";26.34;"A";19.06;"A";17.87;"A"
"2025-05-17 17:45";15.05;"A";75.47;"A";996.3;"A";328;"A";39;"A";0;"A";18;"A";21;"A";24.82;"A";17.88;"A";14.67;"A"
"2025-05-17 18:00";15.07;"A";76.14;"A";996.02;"A";257;"A";40;"A";0;"A";18;"A";22;"A";16.3;"A";11.7;"A";10.93;"A"
"2025-05-17 18:15";15.04;"A";76.05;"A";995.98;"A";186;"A";38;"A";0;"A";14;"A";24;"A";12.18;"A";8.94;"A";7.91;"A"
"2025-05-17 18:30";15.01;"A";76.73;"A";995.91;"A";161;"A";38;"A";0;"A";12;"A";26;"A";11.66;"A";8.33;"A";7.19;"A"
"2025-05-17 18:45";15.05;"A";76.7;"A";995.88;"A";190;"A";38;"A";0;"A";12;"A";25;"A";11.9;"A";8.47;"A";7.85;"A"
"2025-05-17 19:00";14.88;"A";77.42;"A";995.95;"A";187;"A";38;"A";0;"A";13;"A";25;"A";15.13;"A";11.14;"A";9.74;"A"
"2025-05-17 19:15";14.88;"A";77.61;"A";996;"A";178;"A";37;"A";0;"A";12;"A";24;"A";11.8;"A";8.39;"A";7.27;"A"
"2025-05-17 19:30";14.78;"A";78.56;"A";995.94;"A";198;"A";36;"A";0;"A";13;"A";23;"A";11.58;"A";8.24;"A";7.62;"A"
"2025-05-17 19:45";14.8;"A";78.24;"A";995.96;"A";239;"A";36;"A";0;"A";15;"A";21;"A";24.2;"A";17.48;"A";16.45;"A"
"2025-05-17 20:00";14.63;"A";79.48;"A";995.8;"A";241;"A";34;"A";0;"A";17;"A";17;"A";16.86;"A";12.1;"A";11.32;"A"
"2025-05-17 20:15";14.6;"A";78.7;"A";995.65;"A";204;"A";36;"A";0;"A";17;"A";19;"A";16.84;"A";12.09;"A";11.31;"A"
"2025-05-17 20:30";14.46;"A";79.06;"A";995.66;"A";189;"A";37;"A";0;"A";18;"A";19;"A";26.45;"A";19.13;"A";18.03;"A"
"2025-05-17 20:45";14.53;"A";78.46;"A";995.84;"A";155;"A";37;"A";0;"A";16;"A";21;"A";27.24;"A";19.71;"A";18.58;"A"
"2025-05-17 21:00";14.41;"A";79.05;"A";996.04;"A";180;"A";36;"A";0;"A";14;"A";22;"A";25.41;"A";18.43;"A";16.93;"A"
"2025-05-17 21:15";14.46;"A";78.09;"A";996.44;"A";126;"A";38;"A";0;"A";12;"A";26;"A";21.65;"A";15.74;"A";14.41;"A"
"2025-05-17 21:30";14.31;"A";80.15;"A";996.72;"A";241;"A";34;"A";0;"A";18;"A";16;"A";38.29;"A";27.81;"A";26.32;"A"
"2025-05-17 21:45";14.21;"A";80.78;"A";996.74;"A";269;"A";31;"A";0;"A";16;"A";15;"A";30.88;"A";22.38;"A";21.13;"A"
"2025-05-17 22:00";14.2;"A";80.26;"A";996.7;"A";227;"A";30;"A";0;"A";13;"A";17;"A";24.32;"A";17.57;"A";16.54;"A"
"2025-05-17 22:15";14.08;"A";80.78;"A";996.7;"A";206;"A";30;"A";0;"A";12;"A";18;"A";20.44;"A";14.72;"A";13.82;"A"
"2025-05-17 22:30";14.2;"A";79.55;"A";996.59;"A";187;"A";31;"A";0;"A";10;"A";21;"A";16.34;"A";11.72;"A";10.95;"A"
"2025-05-17 22:45";14.05;"A";80.17;"A";996.51;"A";159;"A";33;"A";0;"A";9;"A";24;"A";15.02;"A";10.76;"A";10.03;"A"
"2025-05-17 23:00";14.07;"A";80;"A";996.56;"A";168;"A";31;"A";0;"A";9;"A";22;"A";15.03;"A";10.77;"A";10.04;"A"
"2025-05-17 23:15";14.04;"A";80.84;"A";996.44;"A";114;"A";30;"A";0;"A";7;"A";24;"A";12.32;"A";8.78;"A";8.14;"A"
"2025-05-17 23:30";14;"A";80.64;"A";996.49;"A";93;"A";30;"A";0;"A";5;"A";25;"A";11.06;"A";7.86;"A";7.26;"A"
"2025-05-17 23:45";13.65;"A";81.66;"A";996.6;"A";70;"A";31;"A";0;"A";5;"A";26;"A";10.21;"A";7.24;"A";6.67;"A"
"2025-05-18 00:00";13.25;"A";82.44;"A";996.63;"A";66;"A";30;"A";0;"A";5;"A";26;"A";9.96;"A";7.05;"A";6.48;"A"
"2025-05-18 00:15";12.98;"A";83.14;"A";996.54;"A";66;"A";29;"A";0;"A";5;"A";24;"A";9.89;"A";6.99;"A";6.44;"A"
"2025-05-18 00:30";13.15;"A";82.69;"A";996.67;"A";65;"A";31;"A";0;"A";5;"A";26;"A";10.29;"A";7.29;"A";6.72;"A"
"2025-05-18 00:45";13.31;"A";82.04;"A";996.77;"A";68;"A";32;"A";0;"A";5;"A";27;"A";26;"A";18.8;"A";17.71;"A"
"2025-05-18 01:00";13.37;"A";82.32;"A";996.85;"A";70;"A";32;"A";0;"A";5;"A";27;"A";26.9;"A";19.46;"A";18.35;"A"
"2025-05-18 01:15";13.48;"A";82.16;"A";996.98;"A";64;"A";32;"A";0;"A";6;"A";26;"A";18.49;"A";13.29;"A";12.46;"A"
"2025-05-18 01:30";13.59;"A";81.95;"A";996.92;"A";56;"A";35;"A";0;"A";7;"A";27;"A";12.16;"A";8.66;"A";8.03;"A"
"2025-05-18 01:45";13.64;"A";82.05;"A";996.81;"A";52;"A";35;"A";0;"A";6;"A";29;"A";11.97;"A";8.52;"A";7.89;"A"
"2025-05-18 02:00";13.68;"A";81.86;"A";996.89;"A";53;"A";35;"A";0;"A";6;"A";29;"A";11.96;"A";8.51;"A";7.89;"A"
"2025-05-18 02:15";13.71;"A";81.91;"A";996.94;"A";49;"A";35;"A";0;"A";6;"A";29;"A";13;"A";9.27;"A";8.61;"A"
"2025-05-18 02:30";13.68;"A";82.09;"A";997;"A";51;"A";38;"A";0;"A";8;"A";30;"A";13.54;"A";9.67;"A";8.99;"A"
"2025-05-18 02:45";13.69;"A";82.46;"A";997.06;"A";60;"A";38;"A";0;"A";8;"A";30;"A";14.89;"A";10.66;"A";9.94;"A"
"2025-05-18 03:00";13.74;"A";82.27;"A";997.02;"A";57;"A";39;"A";0;"A";10;"A";28;"A";14.59;"A";10.44;"A";9.73;"A"
"2025-05-18 03:15";13.75;"A";82.29;"A";997.08;"A";47;"A";38;"A";0;"A";7;"A";31;"A";14.55;"A";10.41;"A";9.7;"A"
"2025-05-18 03:30";13.81;"A";82.63;"A";997.09;"A";49;"A";37;"A";0;"A";9;"A";28;"A";16.18;"A";11.6;"A";10.84;"A"
"2025-05-18 03:45";13.86;"A";82.49;"A";997.1;"A";50;"A";36;"A";0;"A";7;"A";29;"A";16.34;"A";11.72;"A";10.95;"A"
"2025-05-18 04:00";13.89;"A";82.3;"A";997.16;"A";49;"A";35;"A";0;"A";7;"A";28;"A";15.71;"A";11.26;"A";10.51;"A"
"2025-05-18 04:15";13.89;"A";81.99;"A";997.11;"A";49;"A";36;"A";0;"A";8;"A";28;"A";14.29;"A";10.22;"A";9.52;"A"
"2025-05-18 04:30";13.85;"A";81.84;"A";997.05;"A";51;"A";36;"A";0;"A";9;"A";26;"A";13.87;"A";9.91;"A";9.22;"A"
"2025-05-18 04:45";13.87;"A";81.67;"A";997.09;"A";53;"A";36;"A";0;"A";11;"A";25;"A";14.03;"A";10.03;"A";9.33;"A"
"2025-05-18 05:00";13.83;"A";81.8;"A";997.11;"A";75;"A";36;"A";0;"A";10;"A";26;"A";13.1;"A";9.35;"A";8.68;"A"
"2025-05-18 05:15";13.81;"A";81.47;"A";997.15;"A";63;"A";35;"A";0;"A";8;"A";27;"A";12.79;"A";9.13;"A";8.47;"A"
"2025-05-18 05:30";13.76;"A";81.3;"A";997.24;"A";53;"A";34;"A";0;"A";7;"A";27;"A";13.09;"A";9.34;"A";8.68;"A"
"2025-05-18 05:45";13.74;"A";81.83;"A";997.45;"A";55;"A";34;"A";0;"A";9;"A";26;"A";13.43;"A";9.59;"A";8.92;"A"
"2025-05-18 06:00";13.64;"A";82.77;"A";997.56;"A";60;"A";33;"A";0;"A";9;"A";25;"A";15;"A";10.74;"A";10.01;"A"
"2025-05-18 06:15";13.53;"A";82.74;"A";997.65;"A";58;"A";33;"A";0;"A";8;"A";24;"A";17.55;"A";12.61;"A";11.8;"A"
"2025-05-18 06:30";13.45;"A";82.31;"A";997.82;"A";66;"A";33;"A";0;"A";8;"A";25;"A";21.34;"A";15.39;"A";14.46;"A"
"2025-05-18 06:45";13.4;"A";82.87;"A";997.9;"A";64;"A";33;"A";0;"A";7;"A";25;"A";21.88;"A";15.78;"A";14.83;"A"
"2025-05-18 07:00";13.42;"A";82.86;"A";998;"A";64;"A";32;"A";0;"A";7;"A";25;"A";21.61;"A";15.58;"A";14.64;"A"
"2025-05-18 07:15";13.48;"A";82.37;"A";998.05;"A";74;"A";32;"A";0;"A";5;"A";26;"A";23.83;"A";17.21;"A";16.2;"A"
"2025-05-18 07:30";13.49;"A";82.25;"A";998.08;"A";63;"A";30;"A";0;"A";4;"A";26;"A";25.21;"A";18.22;"A";17.17;"A"
"2025-05-18 07:45";13.6;"A";82.01;"A";998.25;"A";72;"A";29;"A";0;"A";5;"A";25;"A";24.69;"A";17.84;"A";16.8;"A"
"2025-05-18 08:00";13.71;"A";81.96;"A";998.42;"A";76;"A";29;"A";0;"A";6;"A";23;"A";20.93;"A";15.08;"A";14.17;"A"
"2025-05-18 08:15";13.91;"A";79.86;"A";998.57;"A";97;"A";28;"A";0;"A";5;"A";24;"A";16.8;"A";12.06;"A";11.28;"A"
"2025-05-18 08:30";14.01;"A";78.85;"A";998.69;"A";88;"A";30;"A";0;"A";5;"A";25;"A";13.04;"A";9.3;"A";8.64;"A"
"2025-05-18 08:45";14.15;"A";77.68;"A";998.81;"A";95;"A";30;"A";0;"A";5;"A";25;"A";9.45;"A";6.68;"A";6.13;"A"
"2025-05-18 09:00";14.13;"A";75.45;"A";998.92;"A";83;"A";34;"A";0;"A";5;"A";29;"A";11.67;"A";9.17;"A";6.71;"A"
"2025-05-18 09:15";14.54;"A";74.73;"A";999.11;"A";86;"A";36;"A";0;"A";5;"A";31;"A";7.5;"A";5.6;"A";4.39;"A"
"2025-05-18 09:30";14.31;"A";74.82;"A";999.31;"A";97;"A";34;"A";0;"A";5;"A";29;"A";14.14;"A";11.45;"A";8.5;"A"
"2025-05-18 09:45";14.48;"A";74.56;"A";999.43;"A";89;"A";36;"A";0;"A";5;"A";31;"A";15.16;"A";12.44;"A";8.63;"A"
"2025-05-18 10:00";14.63;"A";72.45;"A";999.61;"A";93;"A";36;"A";0;"A";5;"A";32;"A";12.4;"A";9.72;"A";6.77;"A"
"2025-05-18 10:15";14.79;"A";71.99;"A";999.78;"A";83;"A";38;"A";0;"A";5;"A";32;"A";8.22;"A";6.52;"A";4.63;"A"
"2025-05-18 10:30";15.08;"A";71.49;"A";999.97;"A";94;"A";35;"A";0;"A";5;"A";31;"A";10.06;"A";7.81;"A";5.73;"A"
"2025-05-18 10:45";15.47;"A";71.05;"A";1000.08;"A";124;"A";36;"A";0;"A";5;"A";31;"A";14.36;"A";11.3;"A";7.79;"A"
"2025-05-18 11:00";15.67;"A";69.16;"A";1000.26;"A";94;"A";37;"A";0;"A";6;"A";31;"A";10.01;"A";7.94;"A";5.84;"A"
"2025-05-18 11:15";15.47;"A";67.81;"A";1000.51;"A";80;"A";40;"A";0;"A";4;"A";35;"A";8.74;"A";5.94;"A";4.03;"A"
"2025-05-18 11:30";15.55;"A";65.16;"A";1000.62;"A";62;"A";45;"A";0;"A";5;"A";39;"A";5.71;"A";3.96;"A";2.75;"A"
"2025-05-18 11:45";15.96;"A";64.64;"A";1000.69;"A";66;"A";45;"A";0;"A";5;"A";40;"A";5.24;"A";3.55;"A";2.48;"A"
"2025-05-18 12:00";16.21;"A";61.56;"A";1000.73;"A";60;"A";45;"A";0;"A";5;"A";40;"A";9.45;"A";7.36;"A";5.22;"A"
"2025-05-18 12:15";16.59;"A";62.03;"A";1000.75;"A";83;"A";45;"A";0;"A";5;"A";40;"A";7.41;"A";5.38;"A";3.75;"A"
"2025-05-18 12:30";16.75;"A";59.6;"A";1000.88;"A";67;"A";45;"A";0;"A";5;"A";40;"A";5.95;"A";3.37;"A";2.38;"A"
"2025-05-18 12:45";16.45;"A";57.86;"A";1001.03;"A";64;"A";48;"A";0;"A";5;"A";43;"A";5.87;"A";3.61;"A";2.38;"A"
"2025-05-18 13:00";16.3;"A";58.2;"A";1001.36;"A";70;"A";48;"A";0;"A";7;"A";41;"A";7.66;"A";5.19;"A";3.6;"A"
"2025-05-18 13:15";16.31;"A";58.75;"A";1001.38;"A";100;"A";46;"A";0;"A";6;"A";40;"A";15.47;"A";11.86;"A";8.32;"A"
"2025-05-18 13:30";16.77;"A";57.63;"A";1001.25;"A";77;"A";46;"A";0;"A";5;"A";41;"A";6.02;"A";3.85;"A";3.01;"A"
"2025-05-18 13:45";16.97;"A";56.15;"A";1001.2;"A";77;"A";47;"A";0;"A";5;"A";42;"A";9.85;"A";6.6;"A";4.92;"A"
"2025-05-18 14:00";17.36;"A";54.98;"A";1001.04;"A";75;"A";48;"A";0;"A";5;"A";42;"A";8.03;"A";6.17;"A";4.52;"A"
"2025-05-18 14:15";17.56;"A";52.88;"A";1001.15;"A";72;"A";47;"A";0;"A";5;"A";42;"A";8.03;"A";5.37;"A";4.16;"A"
"2025-05-18 14:30";18.01;"A";52.43;"A";1001.38;"A";79;"A";48;"A";0;"A";6;"A";42;"A";7.61;"A";5.25;"A";3.92;"A"
"2025-05-18 14:45";19.11;"A";48.97;"A";1001.43;"A";75;"A";47;"A";0;"A";5;"A";42;"A";5.82;"A";4.28;"A";3.25;"A"
"2025-05-18 15:00";19.58;"A";47.96;"A";1001.25;"A";81;"A";46;"A";0;"A";5;"A";41;"A";6.3;"A";4.38;"A";3.32;"A"
"2025-05-18 15:15";20;"A";46.98;"A";1001.2;"A";94;"A";47;"A";0;"A";6;"A";42;"A";9.36;"A";6.95;"A";5.2;"A"
"2025-05-18 15:30";20.3;"A";41.18;"A";1001.32;"A";82;"A";48;"A";0;"A";6;"A";42;"A";6.23;"A";4.32;"A";2.77;"A"
"2025-05-18 15:45";20.44;"A";42.96;"A";1001.25;"A";91;"A";51;"A";0;"A";7;"A";43;"A";5.74;"A";4.32;"A";3.03;"A"
"2025-05-18 16:00";20.95;"A";43.08;"A";1001.2;"A";108;"A";48;"A";0;"A";6;"A";42;"A";7.59;"A";5.32;"A";3.71;"A"
"2025-05-18 16:15";21.53;"A";40.47;"A";1001.24;"A";90;"A";47;"A";0;"A";4;"A";43;"A";5.96;"A";4.11;"A";3.09;"A"
"2025-05-18 16:30";21.8;"A";38.72;"A";1001.2;"A";108;"A";50;"A";0;"A";8;"A";42;"A";5.74;"A";3.86;"A";2.62;"A"
"2025-05-18 16:45";22.12;"A";39.47;"A";1001.25;"A";104;"A";50;"A";0;"A";6;"A";43;"A";5.38;"A";3.41;"A";2.41;"A"
"2025-05-18 17:00";21.8;"A";40.73;"A";1001.23;"A";112;"A";48;"A";0;"A";6;"A";42;"A";5.51;"A";3.81;"A";2.71;"A"
"2025-05-18 17:15";21.22;"A";41.39;"A";1001.27;"A";99;"A";50;"A";0;"A";6;"A";44;"A";3.64;"A";2.72;"A";1.84;"A"
"2025-05-18 17:30";20.75;"A";41.33;"A";1001.38;"A";100;"A";50;"A";0;"A";6;"A";44;"A";9.57;"A";7.15;"A";4.82;"A"
"2025-05-18 17:45";20.7;"A";40.17;"A";1001.4;"A";93;"A";50;"A";0;"A";6;"A";44;"A";5.22;"A";2.82;"A";1.8;"A"
"2025-05-18 18:00";19.26;"A";43.36;"A";1001.8;"A";89;"A";51;"A";0;"A";7;"A";44;"A";9.16;"A";4.11;"A";2.56;"A"
"2025-05-18 18:15";17.75;"A";51.14;"A";1001.83;"A";90;"A";53;"A";0;"A";10;"A";42;"A";7.09;"A";3.38;"A";2.16;"A"
"2025-05-18 18:30";17.34;"A";52.91;"A";1002.1;"A";88;"A";47;"A";0;"A";6;"A";41;"A";5.5;"A";2.83;"A";1.86;"A"
"2025-05-18 18:45";16.98;"A";52.98;"A";1002.11;"A";74;"A";47;"A";0;"A";7;"A";40;"A";4.6;"A";2.63;"A";1.63;"A"
"2025-05-18 19:00";16.79;"A";52.84;"A";1002.07;"A";73;"A";47;"A";0;"A";8;"A";39;"A";4.52;"A";2.48;"A";1.51;"A"
"2025-05-18 19:15";16.5;"A";53.88;"A";1002.1;"A";65;"A";47;"A";0;"A";6;"A";41;"A";6.9;"A";2.85;"A";1.69;"A"
"2025-05-18 19:30";16.15;"A";55.97;"A";1002.27;"A";67;"A";47;"A";0;"A";8;"A";39;"A";5.97;"A";3.79;"A";2.37;"A"
"2025-05-18 19:45";15.86;"A";58.01;"A";1002.36;"A";79;"A";45;"A";0;"A";8;"A";38;"A";5.21;"A";2.49;"A";1.83;"A"
"2025-05-18 20:00";15.43;"A";59.98;"A";1002.37;"A";101;"A";43;"A";0;"A";9;"A";34;"A";6.68;"A";3.79;"A";2.64;"A"
"2025-05-18 20:15";15.17;"A";60.37;"A";1002.58;"A";109;"A";43;"A";0;"A";12;"A";32;"A";5.6;"A";3.54;"A";2.38;"A"
"2025-05-18 20:30";14.8;"A";63.55;"A";1003.01;"A";166;"A";40;"A";0;"A";15;"A";26;"A";12.53;"A";8.05;"A";5.24;"A"
"2025-05-18 20:45";14.44;"A";63.84;"A";1003.2;"A";196;"A";38;"A";0;"A";13;"A";25;"A";13.74;"A";9.86;"A";6.65;"A"
"2025-05-18 21:00";14.73;"A";60.45;"A";1003.34;"A";175;"A";40;"A";0;"A";13;"A";27;"A";14.64;"A";10.8;"A";7.77;"A"
"2025-05-18 21:15";14.82;"A";60.71;"A";1003.42;"A";88;"A";46;"A";0;"A";12;"A";34;"A";6.51;"A";4.74;"A";3.43;"A"
"2025-05-18 21:30";14.82;"A";60.98;"A";1003.39;"A";75;"A";46;"A";0;"A";10;"A";36;"A";7.92;"A";4.33;"A";2.95;"A"
"2025-05-18 21:45";14.6;"A";63.04;"A";1003.43;"A";75;"A";45;"A";0;"A";9;"A";36;"A";7.75;"A";4.75;"A";3.35;"A"
"2025-05-18 22:00";14.41;"A";64.39;"A";1003.47;"A";77;"A";44;"A";0;"A";11;"A";34;"A";10.82;"A";7.09;"A";4.54;"A"
"2025-05-18 22:15";14.35;"A";64.93;"A";1003.54;"A";73;"A";44;"A";0;"A";11;"A";32;"A";9.8;"A";5.79;"A";3.87;"A"
"2025-05-18 22:30";14.3;"A";65.51;"A";1003.47;"A";65;"A";43;"A";0;"A";10;"A";33;"A";13.2;"A";8.54;"A";5.85;"A"
"2025-05-18 22:45";14.25;"A";65.66;"A";1003.45;"A";89;"A";43;"A";0;"A";9;"A";33;"A";10.17;"A";7.88;"A";5.68;"A"
"2025-05-18 23:00";14.16;"A";66.03;"A";1003.48;"A";68;"A";43;"A";0;"A";9;"A";34;"A";8.82;"A";6.56;"A";5.12;"A"
"2025-05-18 23:15";14.14;"A";65.3;"A";1003.62;"A";62;"A";42;"A";0;"A";8;"A";34;"A";8.23;"A";5.56;"A";3.97;"A"
"2025-05-18 23:30";14.15;"A";64.91;"A";1003.67;"A";57;"A";44;"A";0;"A";10;"A";34;"A";6.19;"A";4.01;"A";2.78;"A"
"2025-05-18 23:45";14.1;"A";65.41;"A";1003.82;"A";51;"A";44;"A";0;"A";9;"A";35;"A";6.49;"A";4.45;"A";3.16;"A"
"2025-05-19 00:00";13.98;"A";66.05;"A";1003.77;"A";47;"A";43;"A";0;"A";7;"A";36;"A";7.82;"A";4.98;"A";3.39;"A"
"2025-05-19 00:15";13.93;"A";66.39;"A";1003.69;"A";48;"A";43;"A";0;"A";6;"A";36;"A";7.23;"A";4.67;"A";3.17;"A"
"2025-05-19 00:30";13.89;"A";66.33;"A";1003.49;"A";47;"A";43;"A";0;"A";6;"A";37;"A";10.08;"A";5.69;"A";3.93;"A"
"2025-05-19 00:45";13.81;"A";66.96;"A";1003.45;"A";45;"A";43;"A";0;"A";7;"A";37;"A";9.19;"A";5.08;"A";3.44;"A"
"2025-05-19 01:00";13.71;"A";68.43;"A";1003.32;"A";66;"A";43;"A";0;"A";9;"A";34;"A";9.48;"A";5.77;"A";3.9;"A"
"2025-05-19 01:15";13.51;"A";70.43;"A";1003.37;"A";58;"A";42;"A";0;"A";8;"A";34;"A";6.55;"A";4.85;"A";3.26;"A"
"2025-05-19 01:30";13.34;"A";71.9;"A";1003.21;"A";48;"A";40;"A";0;"A";7;"A";33;"A";10.78;"A";6.47;"A";3.97;"A"
"2025-05-19 01:45";13.36;"A";72.05;"A";1003.08;"A";47;"A";40;"A";0;"A";7;"A";34;"A";10.25;"A";5.56;"A";3.73;"A"
"2025-05-19 02:00";13.35;"A";72.36;"A";1003.07;"A";69;"A";41;"A";0;"A";7;"A";34;"A";10.42;"A";6.72;"A";4.4;"A"
"2025-05-19 02:15";13.17;"A";73.51;"A";1003;"A";56;"A";41;"A";0;"A";6;"A";35;"A";9.29;"A";6.11;"A";4.16;"A"
"2025-05-19 02:30";13.05;"A";75.11;"A";1002.77;"A";43;"A";40;"A";0;"A";7;"A";34;"A";9.02;"A";5.89;"A";4.21;"A"
"2025-05-19 02:45";13;"A";76.47;"A";1002.89;"A";42;"A";41;"A";0;"A";5;"A";35;"A";7.51;"A";5.25;"A";4.77;"A"
"2025-05-19 03:00";12.88;"A";77.79;"A";1002.89;"A";44;"A";40;"A";0;"A";5;"A";35;"A";9.04;"A";6.37;"A";5.84;"A"
"2025-05-19 03:15";12.77;"A";78.92;"A";1002.87;"A";44;"A";39;"A";0;"A";5;"A";34;"A";9.75;"A";6.9;"A";6.34;"A"
"2025-05-19 03:30";12.71;"A";79.48;"A";1002.8;"A";46;"A";39;"A";0;"A";6;"A";33;"A";10.59;"A";7.51;"A";6.93;"A"
"2025-05-19 03:45";12.64;"A";79.87;"A";1002.8;"A";50;"A";38;"A";0;"A";6;"A";32;"A";12.2;"A";8.69;"A";8.05;"A"
"2025-05-19 04:00";12.46;"A";80.36;"A";1002.72;"A";47;"A";38;"A";0;"A";6;"A";32;"A";10.93;"A";7.76;"A";7.16;"A"
"2025-05-19 04:15";12.32;"A";81.08;"A";1002.56;"A";48;"A";37;"A";0;"A";6;"A";31;"A";11.6;"A";8.25;"A";7.64;"A"
"2025-05-19 04:30";12.31;"A";81.4;"A";1002.53;"A";47;"A";37;"A";0;"A";5;"A";32;"A";12.1;"A";8.62;"A";7.99;"A"
"2025-05-19 04:45";12.23;"A";81.52;"A";1002.6;"A";96;"A";36;"A";0;"A";6;"A";30;"A";13.53;"A";9.66;"A";8.99;"A"
"2025-05-19 05:00";12.07;"A";81.83;"A";1002.56;"A";124;"A";36;"A";0;"A";8;"A";28;"A";12.95;"A";9.24;"A";8.58;"A"
"2025-05-19 05:15";11.88;"A";82.41;"A";1002.54;"A";164;"A";35;"A";0;"A";9;"A";26;"A";14.72;"A";10.54;"A";9.82;"A"
"2025-05-19 05:30";11.79;"A";82.91;"A";1002.61;"A";98;"A";35;"A";0;"A";8;"A";27;"A";15.62;"A";11.2;"A";10.45;"A"
"2025-05-19 05:45";11.76;"A";83.15;"A";1002.58;"A";58;"A";35;"A";0;"A";7;"A";27;"A";16.17;"A";11.6;"A";10.83;"A"
"2025-05-19 06:00";11.76;"A";82.82;"A";1002.67;"A";54;"A";35;"A";0;"A";8;"A";27;"A";15.46;"A";11.08;"A";10.34;"A"
"2025-05-19 06:15";11.76;"A";82.49;"A";1002.76;"A";54;"A";35;"A";0;"A";6;"A";29;"A";15.27;"A";10.94;"A";10.2;"A"
"2025-05-19 06:30";11.81;"A";82.18;"A";1002.8;"A";64;"A";35;"A";0;"A";8;"A";27;"A";16.28;"A";11.68;"A";10.91;"A"
"2025-05-19 06:45";12.18;"A";80.34;"A";1002.98;"A";69;"A";35;"A";0;"A";8;"A";27;"A";14.27;"A";10.21;"A";9.51;"A"
"2025-05-19 07:00";12.57;"A";78.74;"A";1003.03;"A";60;"A";35;"A";0;"A";7;"A";28;"A";13.18;"A";9.41;"A";8.74;"A"
"2025-05-19 07:15";12.79;"A";77.66;"A";1003.08;"A";62;"A";36;"A";0;"A";7;"A";28;"A";11.61;"A";8.26;"A";7.64;"A"
"2025-05-19 07:30";12.82;"A";77.81;"A";1003.21;"A";72;"A";37;"A";0;"A";10;"A";27;"A";12.42;"A";8.85;"A";8.21;"A"
"2025-05-19 07:45";12.8;"A";78.8;"A";1003.25;"A";79;"A";36;"A";0;"A";9;"A";28;"A";14.22;"A";10.17;"A";9.47;"A"
"2025-05-19 08:00";12.91;"A";79.37;"A";1003.22;"A";92;"A";36;"A";0;"A";10;"A";26;"A";15.53;"A";11.13;"A";10.39;"A"
"2025-05-19 08:15";13.33;"A";78.78;"A";1003.18;"A";97;"A";37;"A";0;"A";12;"A";26;"A";12.88;"A";9.19;"A";8.53;"A"
"2025-05-19 08:30";13.58;"A";78.64;"A";1003.16;"A";102;"A";37;"A";0;"A";11;"A";26;"A";14.28;"A";10.21;"A";9.51;"A"
"2025-05-19 08:45";13.8;"A";78.44;"A";1003.16;"A";99;"A";37;"A";0;"A";11;"A";27;"A";14.03;"A";10.03;"A";9.34;"A"
"2025-05-19 09:00";14.23;"A";77.61;"A";1002.98;"A";151;"A";38;"A";0;"A";11;"A";27;"A";13.6;"A";9.72;"A";9.04;"A"
"2025-05-19 09:15";15.59;"A";73.45;"A";1003;"A";175;"A";39;"A";0;"A";9;"A";29;"A";14.32;"A";10.16;"A";9.28;"A"
"2025-05-19 09:30";16.78;"A";67.61;"A";1002.97;"A";119;"A";38;"A";0;"A";5;"A";33;"A";13.1;"A";9.02;"A";6.31;"A"
"2025-05-19 09:45";17.28;"A";64.81;"A";1002.7;"A";95;"A";43;"A";0;"A";7;"A";36;"A";12.82;"A";7.54;"A";5.24;"A"
"2025-05-19 10:00";17.78;"A";63.21;"A";1002.43;"A";88;"A";46;"A";0;"A";8;"A";38;"A";12.32;"A";7.29;"A";5.06;"A"
"2025-05-19 10:15";18.19;"A";61.9;"A";1002.36;"A";98;"A";44;"A";0;"A";6;"A";39;"A";12.86;"A";7.86;"A";5.28;"A"
"2025-05-19 10:30";18.33;"A";61.57;"A";1002.41;"A";102;"A";46;"A";0;"A";6;"A";40;"A";12.22;"A";7.42;"A";5.21;"A"
"2025-05-19 10:45";18.46;"A";60.09;"A";1002.39;"A";76;"A";47;"A";0;"A";5;"A";42;"A";11.41;"A";6.69;"A";4.37;"A"
"2025-05-19 11:00";18.87;"A";59.69;"A";1002.32;"A";86;"A";47;"A";0;"A";6;"A";41;"A";11.01;"A";6.54;"A";4.38;"A"
"2025-05-19 11:15";19.17;"A";57.31;"A";1002.28;"A";82;"A";47;"A";0;"A";5;"A";42;"A";12.53;"A";7.76;"A";5.08;"A"
"2025-05-19 11:30";19.65;"A";54.92;"A";1001.97;"A";74;"A";48;"A";0;"A";5;"A";43;"A";10.25;"A";5.53;"A";3.47;"A"
"2025-05-19 11:45";20.03;"A";50.18;"A";1001.85;"A";63;"A";51;"A";0;"A";6;"A";45;"A";8.83;"A";4.3;"A";2.63;"A"
"2025-05-19 12:00";20.51;"A";47.67;"A";1001.75;"A";74;"A";53;"A";0;"A";7;"A";46;"A";8.24;"A";3.66;"A";2.21;"A"
"2025-05-19 12:15";20.98;"A";47.32;"A";1001.71;"A";75;"A";52;"A";0;"A";6;"A";46;"A";6.11;"A";3.62;"A";2.17;"A"
"2025-05-19 12:30";21.23;"A";44.14;"A";1001.55;"A";100;"A";52;"A";0;"A";6;"A";46;"A";6.57;"A";2.94;"A";1.86;"A"
"2025-05-19 12:45";21.43;"A";41.28;"A";1001.39;"A";92;"A";54;"A";0;"A";6;"A";48;"A";8.67;"A";4.51;"A";2.72;"A"
"2025-05-19 13:00";21.86;"A";41.9;"A";1001.09;"A";91;"A";56;"A";0;"A";6;"A";49;"A";7.27;"A";2.6;"A";1.72;"A"
"2025-05-19 13:15";21.91;"A";42.9;"A";1000.94;"A";85;"A";53;"A";0;"A";6;"A";47;"A";6.7;"A";2.96;"A";1.83;"A"
"2025-05-19 13:30";22.12;"A";40.02;"A";1000.82;"A";150;"A";55;"A";0;"A";10;"A";45;"A";10.09;"A";6.05;"A";4.52;"A"
"2025-05-19 13:45";22.19;"A";40.32;"A";1000.7;"A";89;"A";53;"A";0;"A";7;"A";46;"A";5.62;"A";2.86;"A";1.8;"A"
"2025-05-19 14:00";22.85;"A";39.31;"A";1000.58;"A";84;"A";52;"A";0;"A";7;"A";45;"A";5.96;"A";2.37;"A";1.55;"A"
"2025-05-19 14:15";23.18;"A";38.45;"A";1000.67;"A";83;"A";51;"A";0;"A";5;"A";46;"A";6.24;"A";3.1;"A";1.67;"A"
"2025-05-19 14:30";22.91;"A";38.92;"A";1000.28;"A";93;"A";53;"A";0;"A";6;"A";46;"A";6.81;"A";2.73;"A";1.59;"A"
"2025-05-19 14:45";22.76;"A";38.15;"A";1000.2;"A";92;"A";53;"A";0;"A";7;"A";46;"A";5.74;"A";2.51;"A";1.57;"A"
"2025-05-19 15:00";22.76;"A";38.64;"A";1000.06;"A";100;"A";51;"A";0;"A";7;"A";44;"A";5.54;"A";2.78;"A";1.81;"A"
"2025-05-19 15:15";22.63;"A";37.68;"A";999.85;"A";79;"A";53;"A";0;"A";7;"A";46;"A";6.17;"A";3.25;"A";1.99;"A"
"2025-05-19 15:30";22.46;"A";38.07;"A";999.69;"A";85;"A";53;"A";0;"A";7;"A";46;"A";5.46;"A";2.34;"A";1.49;"A"
"2025-05-19 15:45";22.83;"A";36.56;"A";999.74;"A";88;"A";54;"A";0;"A";8;"A";46;"A";5.56;"A";2.7;"A";1.69;"A"
"2025-05-19 16:00";22.51;"A";38.06;"A";999.55;"A";84;"A";53;"A";0;"A";8;"A";44;"A";4.5;"A";2.57;"A";1.8;"A"
"2025-05-19 16:15";22.72;"A";38.62;"A";999.43;"A";120;"A";51;"A";0;"A";11;"A";40;"A";5.16;"A";3.05;"A";2.04;"A"
"2025-05-19 16:30";22.92;"A";36.83;"A";999.39;"A";100;"A";50;"A";0;"A";6;"A";44;"A";4.79;"A";2.24;"A";1.45;"A"
"2025-05-19 16:45";23.39;"A";34.99;"A";999.17;"A";89;"A";52;"A";0;"A";8;"A";44;"A";4.88;"A";2.45;"A";1.46;"A"
"2025-05-19 17:00";23.34;"A";35.2;"A";999.02;"A";94;"A";51;"A";0;"A";7;"A";44;"A";4.74;"A";2.11;"A";1.19;"A"
"2025-05-19 17:15";22.97;"A";35.18;"A";998.87;"A";85;"A";53;"A";0;"A";7;"A";46;"A";5.11;"A";2.44;"A";1.26;"A"
"2025-05-19 17:30";22.71;"A";35.79;"A";999.02;"A";91;"A";53;"A";0;"A";8;"A";45;"A";5.97;"A";2.45;"A";1.37;"A"
"2025-05-19 17:45";22.73;"A";36.25;"A";998.95;"A";106;"A";52;"A";0;"A";8;"A";45;"A";5.38;"A";2.61;"A";1.72;"A"
"2025-05-19 18:00";22.16;"A";37.75;"A";998.8;"A";95;"A";53;"A";0;"A";7;"A";46;"A";6.82;"A";3.42;"A";2.11;"A"
"2025-05-19 18:15";21.63;"A";38.9;"A";998.77;"A";89;"A";54;"A";0;"A";7;"A";46;"A";5.92;"A";2.57;"A";1.64;"A"
"2025-05-19 18:30";21.26;"A";37.91;"A";998.79;"A";81;"A";52;"A";0;"A";8;"A";45;"A";4.43;"A";2.18;"A";1.36;"A"
"2025-05-19 18:45";21.02;"A";38;"A";998.77;"A";78;"A";51;"A";0;"A";7;"A";44;"A";5.2;"A";2.59;"A";1.36;"A"
"2025-05-19 19:00";20.59;"A";37.02;"A";999.01;"A";57;"A";53;"A";0;"A";7;"A";46;"A";6.89;"A";2.74;"A";1.72;"A"
"2025-05-19 19:15";20.15;"A";39.12;"A";999.3;"A";67;"A";53;"A";0;"A";9;"A";44;"A";5.6;"A";2.78;"A";1.84;"A"
"2025-05-19 19:30";19.72;"A";42.52;"A";999.19;"A";69;"A";51;"A";0;"A";7;"A";44;"A";5.36;"A";2.52;"A";1.6;"A"
"2025-05-19 19:45";19.57;"A";43.91;"A";999.27;"A";86;"A";49;"A";0;"A";8;"A";42;"A";9.43;"A";5.63;"A";3.66;"A"
"2025-05-19 20:00";19.35;"A";44.67;"A";999.16;"A";70;"A";51;"A";0;"A";7;"A";44;"A";7.4;"A";3.54;"A";2.23;"A"
"2025-05-19 20:15";19.11;"A";44.6;"A";999.08;"A";67;"A";50;"A";0;"A";8;"A";42;"A";8.12;"A";4.63;"A";2.62;"A"
"2025-05-19 20:30";18.88;"A";44.14;"A";999.11;"A";60;"A";51;"A";0;"A";8;"A";42;"A";7.84;"A";4.15;"A";2.47;"A"
"2025-05-19 20:45";18.61;"A";45.05;"A";998.97;"A";79;"A";50;"A";0;"A";7;"A";43;"A";7.29;"A";3.31;"A";2.04;"A"
"2025-05-19 21:00";18.33;"A";47.41;"A";999.03;"A";59;"A";52;"A";0;"A";8;"A";44;"A";8.32;"A";3.78;"A";2.44;"A"
"2025-05-19 21:15";18.12;"A";50.57;"A";999.14;"A";59;"A";51;"A";0;"A";8;"A";43;"A";7.9;"A";3.88;"A";2.3;"A"
"2025-05-19 21:30";17.8;"A";53.21;"A";999.2;"A";62;"A";49;"A";0;"A";9;"A";40;"A";8.4;"A";3.79;"A";2.59;"A"
"2025-05-19 21:45";17.55;"A";56.07;"A";999.33;"A";62;"A";48;"A";0;"A";9;"A";39;"A";7.39;"A";3.76;"A";2.32;"A"
"2025-05-19 22:00";17.26;"A";56.78;"A";998.99;"A";52;"A";46;"A";0;"A";7;"A";39;"A";7.08;"A";3.53;"A";2.46;"A"
"2025-05-19 22:15";16.99;"A";57.82;"A";998.78;"A";53;"A";45;"A";0;"A";7;"A";38;"A";8.5;"A";4.7;"A";2.99;"A"
"2025-05-19 22:30";16.66;"A";59.25;"A";998.91;"A";67;"A";44;"A";0;"A";8;"A";36;"A";7.41;"A";3.92;"A";2.71;"A"
"2025-05-19 22:45";16.35;"A";60.36;"A";999.12;"A";90;"A";43;"A";0;"A";9;"A";34;"A";7.36;"A";4.93;"A";3.41;"A"
"2025-05-19 23:00";16.03;"A";60.07;"A";999.32;"A";73;"A";42;"A";0;"A";9;"A";33;"A";8.02;"A";4.77;"A";3.12;"A"
"2025-05-19 23:15";15.61;"A";60.32;"A";999.4;"A";58;"A";46;"A";0;"A";8;"A";37;"A";7.48;"A";3.6;"A";2.53;"A"
"2025-05-19 23:30";15.52;"A";59.84;"A";999.51;"A";48;"A";47;"A";0;"A";8;"A";39;"A";5.32;"A";3.11;"A";2.07;"A"
"2025-05-19 23:45";15.38;"A";60.3;"A";999.34;"A";37;"A";48;"A";0;"A";8;"A";40;"A";4.07;"A";2.27;"A";1.47;"A"
"2025-05-20 00:00";15.25;"A";61.03;"A";999.27;"A";41;"A";48;"A";0;"A";8;"A";39;"A";10.07;"A";6.24;"A";4.61;"A"
"2025-05-20 00:15";15.15;"A";61.74;"A";999.23;"A";42;"A";46;"A";0;"A";10;"A";36;"A";5.32;"A";3.12;"A";2.15;"A"
"2025-05-20 00:30";15.03;"A";62.65;"A";998.93;"A";36;"A";47;"A";0;"A";8;"A";39;"A";5.39;"A";3.38;"A";2.11;"A"
"2025-05-20 00:45";14.86;"A";64.26;"A";998.76;"A";37;"A";48;"A";0;"A";8;"A";39;"A";5.69;"A";3.37;"A";2.09;"A"
"2025-05-20 01:00";14.8;"A";65.11;"A";998.5;"A";34;"A";47;"A";0;"A";9;"A";38;"A";6.19;"A";3.05;"A";2;"A"
"2025-05-20 01:15";14.66;"A";65.89;"A";998.32;"A";65;"A";46;"A";0;"A";8;"A";38;"A";7.67;"A";3.6;"A";2.39;"A"
"2025-05-20 01:30";14.65;"A";66.6;"A";998.2;"A";194;"A";45;"A";0;"A";8;"A";38;"A";17.81;"A";8;"A";5.36;"A"
"2025-05-20 01:45";14.55;"A";69.36;"A";998.12;"A";70;"A";47;"A";0;"A";8;"A";39;"A";12.67;"A";6.56;"A";4.16;"A"
"2025-05-20 02:00";14.42;"A";71.42;"A";998.05;"A";37;"A";46;"A";0;"A";6;"A";41;"A";14.7;"A";6.84;"A";4.48;"A"
"2025-05-20 02:15";14.35;"A";72.66;"A";998.01;"A";35;"A";45;"A";0;"A";6;"A";39;"A";12.41;"A";6.59;"A";4.34;"A"
"2025-05-20 02:30";14.34;"A";72.29;"A";997.9;"A";36;"A";44;"A";0;"A";6;"A";38;"A";11.22;"A";6.92;"A";4.63;"A"
"2025-05-20 02:45";14.32;"A";71.47;"A";997.87;"A";34;"A";44;"A";0;"A";5;"A";38;"A";10.31;"A";5.85;"A";3.77;"A"
"2025-05-20 03:00";14.28;"A";70.67;"A";997.69;"A";30;"A";45;"A";0;"A";6;"A";39;"A";9.24;"A";5.57;"A";3.45;"A"
"2025-05-20 03:15";14.22;"A";70.81;"A";997.39;"A";29;"A";45;"A";0;"A";6;"A";40;"A";14.22;"A";7.14;"A";4.51;"A"
"2025-05-20 03:30";14.15;"A";71.09;"A";997.22;"A";51;"A";45;"A";0;"A";6;"A";39;"A";11.45;"A";6.37;"A";3.96;"A"
"2025-05-20 03:45";14.06;"A";71.81;"A";997.1;"A";123;"A";46;"A";0;"A";7;"A";39;"A";6.94;"A";4.36;"A";2.88;"A"
"2025-05-20 04:00";13.84;"A";73.35;"A";996.97;"A";58;"A";45;"A";0;"A";7;"A";38;"A";7.82;"A";5.1;"A";3.21;"A"
"2025-05-20 04:15";13.63;"A";74.88;"A";996.93;"A";138;"A";45;"A";0;"A";6;"A";38;"A";8.45;"A";4.31;"A";2.99;"A"
"2025-05-20 04:30";13.41;"A";77.16;"A";996.83;"A";44;"A";44;"A";0;"A";6;"A";38;"A";6.9;"A";4.6;"A";4.14;"A"
"2025-05-20 04:45";13.09;"A";80.02;"A";996.83;"A";35;"A";43;"A";0;"A";5;"A";38;"A";8.38;"A";5.89;"A";5.38;"A"
"2025-05-20 05:00";12.83;"A";82.69;"A";996.77;"A";34;"A";41;"A";0;"A";5;"A";35;"A";9.82;"A";6.95;"A";6.39;"A"
"2025-05-20 05:15";12.67;"A";83.29;"A";996.81;"A";36;"A";38;"A";0;"A";6;"A";33;"A";6.19;"A";4.28;"A";3.85;"A"
"2025-05-20 05:30";12.53;"A";83.85;"A";997.02;"A";36;"A";36;"A";0;"A";6;"A";31;"A";5.12;"A";3.5;"A";3.1;"A"
"2025-05-20 05:45";12.26;"A";83.14;"A";997.2;"A";34;"A";36;"A";0;"A";5;"A";31;"A";4.22;"A";2.84;"A";2.47;"A"
"2025-05-20 06:00";12.08;"A";82.88;"A";997.19;"A";30;"A";40;"A";0;"A";5;"A";35;"A";3.24;"A";2.15;"A";1.76;"A"
"2025-05-20 06:15";11.96;"A";84.26;"A";996.86;"A";37;"A";39;"A";0;"A";6;"A";33;"A";3.3;"A";2.17;"A";1.82;"A"
"2025-05-20 06:30";12;"A";84.77;"A";997.06;"A";60;"A";38;"A";0;"A";7;"A";31;"A";3.23;"A";2.12;"A";1.77;"A"
"2025-05-20 06:45";12.07;"A";84.57;"A";997.23;"A";91;"A";38;"A";0;"A";10;"A";29;"A";4.13;"A";2.77;"A";2.4;"A"
"2025-05-20 07:00";12.36;"A";84.64;"A";997.15;"A";69;"A";37;"A";0;"A";14;"A";23;"A";5.76;"A";3.97;"A";3.55;"A"
"2025-05-20 07:15";12.69;"A";84.68;"A";997.14;"A";79;"A";35;"A";0;"A";9;"A";26;"A";7.53;"A";5.27;"A";4.79;"A"
"2025-05-20 07:30";12.76;"A";84.14;"A";996.97;"A";123;"A";37;"A";0;"A";16;"A";21;"A";12.36;"A";8.81;"A";8.17;"A"
"2025-05-20 07:45";12.9;"A";83.7;"A";997.04;"A";98;"A";32;"A";0;"A";9;"A";23;"A";8.75;"A";6.17;"A";5.64;"A"
"2025-05-20 08:00";13;"A";82.29;"A";997.2;"A";76;"A";32;"A";0;"A";8;"A";24;"A";9.69;"A";6.85;"A";6.3;"A"
"2025-05-20 08:15";13.29;"A";81.34;"A";997.28;"A";109;"A";37;"A";0;"A";14;"A";22;"A";9.64;"A";6.81;"A";6.26;"A"
"2025-05-20 08:30";13.8;"A";79.67;"A";997.42;"A";113;"A";35;"A";0;"A";10;"A";26;"A";19.24;"A";13.85;"A";12.98;"A"
"2025-05-20 08:45";13.96;"A";78.01;"A";997.29;"A";108;"A";36;"A";0;"A";8;"A";28;"A";9.91;"A";7.53;"A";6.48;"A"
"2025-05-20 09:00";13.8;"A";76.31;"A";997.27;"A";76;"A";38;"A";0;"A";7;"A";31;"A";7.38;"A";4.89;"A";3.72;"A"
"2025-05-20 09:15";14.44;"A";74.27;"A";997.35;"A";93;"A";39;"A";0;"A";9;"A";30;"A";8.66;"A";6.15;"A";5.14;"A"
"2025-05-20 09:30";14.23;"A";75.48;"A";997.45;"A";97;"A";39;"A";0;"A";7;"A";32;"A";22.19;"A";16.87;"A";11.32;"A"
"2025-05-20 09:45";13.63;"A";78.5;"A";997.44;"A";80;"A";37;"A";0;"A";7;"A";29;"A";5.64;"A";3.85;"A";3.15;"A"
"2025-05-20 10:00";13.85;"A";75.89;"A";997.45;"A";101;"A";38;"A";0;"A";10;"A";28;"A";6.45;"A";4.47;"A";3.78;"A"
"2025-05-20 10:15";14.2;"A";72.75;"A";997.44;"A";63;"A";39;"A";0;"A";6;"A";32;"A";7.8;"A";5.83;"A";4.37;"A"
"2025-05-20 10:30";15.03;"A";68.86;"A";997.5;"A";104;"A";41;"A";0;"A";6;"A";35;"A";11.76;"A";9.45;"A";6.84;"A"
"2025-05-20 10:45";15.02;"A";69.69;"A";997.55;"A";115;"A";41;"A";0;"A";8;"A";33;"A";14.48;"A";12.02;"A";8.64;"A"
"2025-05-20 11:00";15.24;"A";67.05;"A";997.7;"A";65;"A";42;"A";0;"A";7;"A";35;"A";13.92;"A";11.14;"A";8.04;"A"
"2025-05-20 11:15";15;"A";67.83;"A";997.82;"A";64;"A";40;"A";0;"A";7;"A";33;"A";12.45;"A";9.99;"A";7.25;"A"
"2025-05-20 11:30";15.31;"A";67.56;"A";997.69;"A";73;"A";39;"A";0;"A";6;"A";33;"A";11.61;"A";9.46;"A";6.97;"A"
"2025-05-20 11:45";15.35;"A";65.72;"A";997.6;"A";56;"A";42;"A";0;"A";7;"A";35;"A";13.43;"A";11.13;"A";8.12;"A"
"2025-05-20 12:00";15.82;"A";63.97;"A";997.42;"A";65;"A";43;"A";0;"A";6;"A";37;"A";12.6;"A";10.41;"A";7.57;"A"
"2025-05-20 12:15";15.96;"A";62.45;"A";997.38;"A";69;"A";44;"A";0;"A";7;"A";37;"A";12.05;"A";10.22;"A";7.07;"A"
"2025-05-20 12:30";15.72;"A";62.92;"A";997.31;"A";62;"A";43;"A";0;"A";7;"A";37;"A";14.47;"A";11.73;"A";8.5;"A"
"2025-05-20 12:45";16.11;"A";60.86;"A";997.26;"A";57;"A";43;"A";0;"A";6;"A";37;"A";13.58;"A";11.29;"A";7.81;"A"
"2025-05-20 13:00";16.35;"A";58.41;"A";997.33;"A";72;"A";46;"A";0;"A";6;"A";40;"A";16.33;"A";12.8;"A";9.06;"A"
"2025-05-20 13:15";16.36;"A";57.64;"A";997.12;"A";83;"A";47;"A";0;"A";6;"A";41;"A";12.63;"A";9.84;"A";7.31;"A"
"2025-05-20 13:30";16.16;"A";57.68;"A";997.06;"A";92;"A";48;"A";0;"A";8;"A";40;"A";12.59;"A";9.91;"A";7.23;"A"
"2025-05-20 13:45";16.08;"A";59.25;"A";997.06;"A";75;"A";46;"A";0;"A";6;"A";40;"A";12.87;"A";10.34;"A";7.21;"A"
"2025-05-20 14:00";14.94;"A";59.06;"A";997.34;"A";63;"A";48;"A";0;"A";7;"A";41;"A";7.43;"A";4.96;"A";3.64;"A"
"2025-05-20 14:15";13.78;"A";65.45;"A";997.6;"A";67;"A";52;"A";0;"A";10;"A";41;"A";11.16;"A";7.39;"A";5.12;"A"
"2025-05-20 14:30";13;"A";72.55;"A";997.71;"A";91;"A";49;"A";0;"A";9;"A";40;"A";9.25;"A";5.94;"A";3.99;"A"
"2025-05-20 14:45";12.56;"A";76.16;"A";997.69;"A";83;"A";47;"A";0;"A";10;"A";37;"A";9.57;"A";6.09;"A";3.7;"A"
"2025-05-20 15:00";12.21;"A";77.9;"A";997.58;"A";70;"A";48;"A";0;"A";12;"A";36;"A";8.36;"A";5.05;"A";3.23;"A"
"2025-05-20 15:15";11.93;"A";77.09;"A";997.61;"A";58;"A";49;"A";0;"A";8;"A";41;"A";7.48;"A";4.19;"A";3.16;"A"
"2025-05-20 15:30";11.9;"A";77.4;"A";997.54;"A";50;"A";53;"A";0;"A";9;"A";43;"A";6.23;"A";4.42;"A";3.41;"A"
"2025-05-20 15:45";12.12;"A";79.01;"A";997.62;"A";107;"A";52;"A";0;"A";15;"A";37;"A";6.2;"A";4.29;"A";3.85;"A"
"2025-05-20 16:00";12.25;"A";78.77;"A";997.84;"A";103;"A";48;"A";0;"A";13;"A";35;"A";15.94;"A";11.43;"A";10.67;"A"
"2025-05-20 16:15";12.36;"A";78.38;"A";997.99;"A";104;"A";48;"A";0;"A";13;"A";34;"A";6.23;"A";4.32;"A";3.71;"A"
"2025-05-20 16:30";12.38;"A";80.22;"A";998.24;"A";118;"A";46;"A";0;"A";15;"A";31;"A";5.45;"A";3.74;"A";3.33;"A"
"2025-05-20 16:45";12.37;"A";81.07;"A";998.38;"A";240;"A";45;"A";0;"A";16;"A";29;"A";5.58;"A";3.84;"A";3.42;"A"
"2025-05-20 17:00";12.39;"A";79.23;"A";998.42;"A";147;"A";47;"A";0;"A";17;"A";29;"A";6.44;"A";4.56;"A";3.67;"A"
"2025-05-20 17:15";12.26;"A";80.04;"A";998.71;"A";117;"A";47;"A";0;"A";18;"A";29;"A";5.62;"A";3.99;"A";3.42;"A"
"2025-05-20 17:30";12.15;"A";81.77;"A";998.51;"A";109;"A";46;"A";0;"A";19;"A";28;"A";4.27;"A";2.88;"A";2.5;"A"
"2025-05-20 17:45";12.17;"A";82.68;"A";998.53;"A";113;"A";44;"A";0;"A";16;"A";28;"A";4.5;"A";3.05;"A";2.66;"A"
"2025-05-20 18:00";12.23;"A";82.62;"A";998.21;"A";118;"A";43;"A";0;"A";16;"A";27;"A";5.38;"A";3.7;"A";3.29;"A"
"2025-05-20 18:15";12.35;"A";81.78;"A";998.16;"A";132;"A";45;"A";0;"A";15;"A";30;"A";6.32;"A";4.39;"A";3.94;"A"
"2025-05-20 18:30";12.42;"A";81.83;"A";998.33;"A";103;"A";46;"A";0;"A";11;"A";35;"A";7.58;"A";5.3;"A";4.82;"A"
"2025-05-20 18:45";12.39;"A";81.46;"A";998.38;"A";105;"A";46;"A";0;"A";13;"A";33;"A";6.78;"A";4.72;"A";4.26;"A"
"2025-05-20 19:00";12.36;"A";81.95;"A";998.5;"A";100;"A";45;"A";0;"A";13;"A";32;"A";7.89;"A";5.53;"A";5.04;"A"
"2025-05-20 19:15";12.38;"A";82.59;"A";998.45;"A";102;"A";44;"A";0;"A";14;"A";29;"A";6.21;"A";4.3;"A";3.86;"A"
"2025-05-20 19:30";12.49;"A";82.61;"A";998.67;"A";116;"A";42;"A";0;"A";14;"A";28;"A";6.61;"A";4.6;"A";4.14;"A"
"2025-05-20 19:45";12.52;"A";82.53;"A";998.94;"A";186;"A";42;"A";0;"A";12;"A";30;"A";4.45;"A";3.01;"A";2.63;"A"
"2025-05-20 20:00";12.42;"A";81.88;"A";999.01;"A";100;"A";42;"A";0;"A";14;"A";28;"A";4.83;"A";3.29;"A";2.89;"A"
"2025-05-20 20:15";12.22;"A";82.75;"A";999.1;"A";88;"A";41;"A";0;"A";10;"A";31;"A";5.6;"A";3.85;"A";3.43;"A"
"2025-05-20 20:30";12.21;"A";83.25;"A";999.09;"A";95;"A";37;"A";0;"A";10;"A";27;"A";5.06;"A";3.46;"A";3.06;"A"
"2025-05-20 20:45";12.26;"A";83.84;"A";999.38;"A";84;"A";37;"A";0;"A";11;"A";26;"A";6.33;"A";4.39;"A";3.95;"A"
"2025-05-20 21:00";12.46;"A";81.11;"A";999.49;"A";93;"A";36;"A";0;"A";7;"A";29;"A";5.61;"A";3.87;"A";3.45;"A"
"2025-05-20 21:15";12.52;"A";77.57;"A";999.64;"A";47;"A";46;"A";0;"A";6;"A";40;"A";4.64;"A";3.15;"A";2.68;"A"
"2025-05-20 21:30";12.18;"A";79.19;"A";999.73;"A";67;"A";47;"A";0;"A";9;"A";38;"A";5.55;"A";3.94;"A";3.34;"A"
"2025-05-20 21:45";12.04;"A";80.45;"A";999.79;"A";67;"A";44;"A";0;"A";9;"A";35;"A";6.58;"A";4.55;"A";3.9;"A"
"2025-05-20 22:00";11.97;"A";82.53;"A";999.79;"A";78;"A";40;"A";0;"A";9;"A";31;"A";7.27;"A";5.08;"A";4.61;"A"
"2025-05-20 22:15";12;"A";83.47;"A";999.93;"A";90;"A";36;"A";0;"A";8;"A";28;"A";9.01;"A";6.35;"A";5.82;"A"
"2025-05-20 22:30";12.07;"A";82.53;"A";1000.04;"A";86;"A";33;"A";0;"A";7;"A";26;"A";8.82;"A";6.22;"A";5.69;"A"
"2025-05-20 22:45";12.4;"A";79.5;"A";1000.21;"A";63;"A";36;"A";0;"A";5;"A";31;"A";8.08;"A";5.67;"A";5.17;"A"
"2025-05-20 23:00";12.27;"A";79.92;"A";1000.28;"A";57;"A";36;"A";0;"A";6;"A";30;"A";8.78;"A";6.18;"A";5.66;"A"
"2025-05-20 23:15";12.07;"A";80.46;"A";1000.24;"A";56;"A";35;"A";0;"A";6;"A";30;"A";9.42;"A";6.65;"A";6.11;"A"
"2025-05-20 23:30";11.82;"A";81.03;"A";1000.45;"A";60;"A";34;"A";0;"A";4;"A";29;"A";9.85;"A";6.97;"A";6.41;"A"
"2025-05-20 23:45";11.65;"A";81.25;"A";1000.65;"A";59;"A";34;"A";0;"A";5;"A";28;"A";10.2;"A";7.23;"A";6.66;"A"
"2025-05-21 00:00";11.56;"A";81.43;"A";1000.78;"A";67;"A";32;"A";0;"A";5;"A";27;"A";10.75;"A";7.63;"A";7.04;"A"
"2025-05-21 00:15";11.36;"A";82.03;"A";1000.95;"A";62;"A";31;"A";0;"A";5;"A";26;"A";11.43;"A";8.13;"A";7.52;"A"
"2025-05-21 00:30";11.14;"A";82.13;"A";1000.93;"A";65;"A";31;"A";0;"A";5;"A";26;"A";12.47;"A";8.89;"A";8.24;"A"
"2025-05-21 00:45";10.79;"A";83.48;"A";1000.87;"A";78;"A";28;"A";0;"A";6;"A";22;"A";19.01;"A";13.68;"A";12.82;"A"
"2025-05-21 01:00";10.6;"A";83.94;"A";1000.82;"A";82;"A";26;"A";0;"A";6;"A";21;"A";24.27;"A";17.53;"A";16.51;"A"
"2025-05-21 01:15";10.35;"A";83.76;"A";1000.92;"A";73;"A";27;"A";0;"A";5;"A";21;"A";18.81;"A";13.53;"A";12.68;"A"
"2025-05-21 01:30";10.18;"A";83.97;"A";1001.22;"A";69;"A";27;"A";0;"A";6;"A";21;"A";16.76;"A";12.03;"A";11.25;"A"
"2025-05-21 01:45";10.07;"A";84.34;"A";1001.22;"A";65;"A";26;"A";0;"A";6;"A";20;"A";16.05;"A";11.51;"A";10.75;"A"
"2025-05-21 02:00";9.94;"A";84.59;"A";1001.34;"A";62;"A";25;"A";0;"A";6;"A";19;"A";14.96;"A";10.71;"A";9.99;"A"
"2025-05-21 02:15";9.86;"A";84.79;"A";1001.36;"A";59;"A";24;"A";0;"A";5;"A";19;"A";14.47;"A";10.35;"A";9.65;"A"
"2025-05-21 02:30";9.83;"A";84.9;"A";1001.32;"A";60;"A";23;"A";0;"A";5;"A";17;"A";14.86;"A";10.64;"A";9.92;"A"
"2025-05-21 02:45";9.73;"A";84.93;"A";1001.45;"A";59;"A";23;"A";0;"A";5;"A";18;"A";14.78;"A";10.58;"A";9.86;"A"
"2025-05-21 03:00";9.74;"A";85.2;"A";1001.56;"A";60;"A";23;"A";0;"A";5;"A";17;"A";14.9;"A";10.67;"A";9.95;"A"
"2025-05-21 03:15";9.86;"A";85.79;"A";1001.64;"A";62;"A";23;"A";0;"A";5;"A";18;"A";15.23;"A";10.91;"A";10.17;"A"
"2025-05-21 03:30";10.03;"A";85.62;"A";1001.67;"A";63;"A";24;"A";0;"A";5;"A";19;"A";15.14;"A";10.84;"A";10.11;"A"
"2025-05-21 03:45";10.03;"A";85.72;"A";1001.73;"A";66;"A";23;"A";0;"A";5;"A";18;"A";14.79;"A";10.59;"A";9.87;"A"
"2025-05-21 04:00";10.09;"A";86.3;"A";1002;"A";68;"A";22;"A";0;"A";5;"A";17;"A";15.56;"A";11.15;"A";10.41;"A"
"2025-05-21 04:15";10.42;"A";86.35;"A";1002.09;"A";62;"A";24;"A";0;"A";5;"A";18;"A";15.76;"A";11.3;"A";10.55;"A"
"2025-05-21 04:30";10.64;"A";85.79;"A";1002.12;"A";60;"A";24;"A";0;"A";4;"A";20;"A";16.44;"A";11.79;"A";11.02;"A"
"2025-05-21 04:45";10.7;"A";85.79;"A";1002.13;"A";60;"A";23;"A";0;"A";4;"A";19;"A";17.35;"A";12.46;"A";11.66;"A"
"2025-05-21 05:00";10.67;"A";85.81;"A";1002.09;"A";63;"A";24;"A";0;"A";5;"A";19;"A";19.52;"A";14.05;"A";13.18;"A"
"2025-05-21 05:15";10.64;"A";85.49;"A";1002.26;"A";80;"A";23;"A";0;"A";5;"A";17;"A";20.56;"A";14.81;"A";13.91;"A"
"2025-05-21 05:30";10.54;"A";85.83;"A";1002.33;"A";81;"A";23;"A";0;"A";6;"A";17;"A";23.25;"A";16.78;"A";15.79;"A"
"2025-05-21 05:45";10.65;"A";85.96;"A";1002.56;"A";82;"A";23;"A";0;"A";6;"A";17;"A";24.58;"A";17.76;"A";16.72;"A"
"2025-05-21 06:00";10.93;"A";85.76;"A";1002.64;"A";76;"A";24;"A";0;"A";5;"A";18;"A";27.28;"A";19.74;"A";18.61;"A"
"2025-05-21 06:15";11.23;"A";85.29;"A";1002.66;"A";92;"A";24;"A";0;"A";6;"A";18;"A";30.06;"A";21.78;"A";20.56;"A"
"2025-05-21 06:30";11.62;"A";84.27;"A";1002.91;"A";100;"A";25;"A";0;"A";7;"A";18;"A";33.12;"A";24.02;"A";22.7;"A"
"2025-05-21 06:45";12.19;"A";82.61;"A";1003.12;"A";91;"A";26;"A";0;"A";6;"A";20;"A";32.87;"A";23.83;"A";22.53;"A"
"2025-05-21 07:00";12.69;"A";81.92;"A";1003.42;"A";85;"A";27;"A";0;"A";7;"A";21;"A";33.73;"A";24.46;"A";23.12;"A"
"2025-05-21 07:15";12.98;"A";80;"A";1003.57;"A";85;"A";27;"A";0;"A";6;"A";22;"A";34.22;"A";24.82;"A";23.47;"A"
"2025-05-21 07:30";13.97;"A";76.28;"A";1003.8;"A";88;"A";28;"A";0;"A";5;"A";22;"A";34.83;"A";25.27;"A";23.9;"A"
"2025-05-21 07:45";14.49;"A";75.33;"A";1003.99;"A";107;"A";28;"A";0;"A";6;"A";22;"A";35.61;"A";26.58;"A";23.74;"A"
"2025-05-21 08:00";14.45;"A";74.79;"A";1004.02;"A";142;"A";30;"A";0;"A";11;"A";19;"A";40.85;"A";33.92;"A";25.41;"A"
"2025-05-21 08:15";14.69;"A";74.56;"A";1004.09;"A";115;"A";31;"A";0;"A";7;"A";24;"A";39.1;"A";32.43;"A";23.3;"A"
"2025-05-21 08:30";15.16;"A";73.29;"A";1004.1;"A";164;"A";32;"A";0;"A";12;"A";21;"A";41.67;"A";33.37;"A";26.48;"A"
"2025-05-21 08:45";15.96;"A";71.54;"A";1003.98;"A";171;"A";32;"A";0;"A";9;"A";23;"A";37.94;"A";32.28;"A";23.04;"A"
"2025-05-21 09:00";16.54;"A";69.8;"A";1004.18;"A";138;"A";32;"A";0;"A";7;"A";26;"A";34.38;"A";28.54;"A";20.8;"A"
"2025-05-21 09:15";17.54;"A";67.26;"A";1004.3;"A";150;"A";33;"A";0;"A";6;"A";27;"A";32.46;"A";26.25;"A";19.51;"A"
"2025-05-21 09:30";18.15;"A";66.26;"A";1004.27;"A";116;"A";32;"A";0;"A";5;"A";28;"A";28.59;"A";24.06;"A";17.35;"A"
"2025-05-21 09:45";18.17;"A";65.41;"A";1004.33;"A";131;"A";36;"A";0;"A";6;"A";30;"A";27.59;"A";22.61;"A";16.19;"A"
"2025-05-21 10:00";18.36;"A";64.88;"A";1004.43;"A";142;"A";37;"A";0;"A";8;"A";30;"A";24.69;"A";20.55;"A";15.04;"A"
"2025-05-21 10:15";18.64;"A";64.87;"A";1004.49;"A";135;"A";37;"A";0;"A";7;"A";30;"A";26.43;"A";20.6;"A";14.9;"A"
"2025-05-21 10:30";18.88;"A";64.15;"A";1004.44;"A";122;"A";38;"A";0;"A";6;"A";32;"A";23.37;"A";17.91;"A";13.49;"A"
"2025-05-21 10:45";19.33;"A";63.58;"A";1004.62;"A";113;"A";40;"A";0;"A";6;"A";35;"A";21.95;"A";17.26;"A";12.81;"A"
"2025-05-21 11:00";19.4;"A";61.6;"A";1004.7;"A";115;"A";40;"A";0;"A";6;"A";34;"A";18.03;"A";15.12;"A";11.46;"A"
"2025-05-21 11:15";19.65;"A";61.59;"A";1004.83;"A";109;"A";43;"A";0;"A";7;"A";36;"A";18.06;"A";13.62;"A";10.4;"A"
"2025-05-21 11:30";20.18;"A";60.83;"A";1004.89;"A";109;"A";44;"A";0;"A";7;"A";37;"A";19.03;"A";14.42;"A";10.4;"A"
"2025-05-21 11:45";20.43;"A";58.31;"A";1004.75;"A";96;"A";45;"A";0;"A";6;"A";40;"A";15.21;"A";11.6;"A";8.43;"A"
"2025-05-21 12:00";20.85;"A";58.11;"A";1004.83;"A";101;"A";46;"A";0;"A";6;"A";40;"A";16.99;"A";12.09;"A";8.79;"A"
"2025-05-21 12:15";21.15;"A";57.86;"A";1004.88;"A";109;"A";46;"A";0;"A";6;"A";40;"A";15.88;"A";11.55;"A";8.27;"A"
"2025-05-21 12:30";21.47;"A";55.68;"A";1004.81;"A";109;"A";47;"A";0;"A";6;"A";41;"A";13.79;"A";10.73;"A";7.7;"A"
"2025-05-21 12:45";21.54;"A";55.12;"A";1004.81;"A";112;"A";48;"A";0;"A";6;"A";41;"A";15.08;"A";10.8;"A";7.77;"A"
"2025-05-21 13:00";21.81;"A";54.13;"A";1004.9;"A";203;"A";48;"A";0;"A";5;"A";42;"A";15.36;"A";10.05;"A";7.31;"A"
"2025-05-21 13:15";22.01;"A";52.66;"A";1004.91;"A";113;"A";48;"A";0;"A";6;"A";42;"A";15.78;"A";10.95;"A";7.88;"A"
"2025-05-21 13:30";22.29;"A";51.3;"A";1004.95;"A";131;"A";48;"A";0;"A";5;"A";43;"A";13;"A";9.22;"A";6.48;"A"
"2025-05-21 13:45";22.25;"A";48.35;"A";1004.96;"A";96;"A";49;"A";0;"A";5;"A";44;"A";11.92;"A";7.81;"A";5.78;"A"
"2025-05-21 14:00";22.53;"A";48.11;"A";1004.82;"A";98;"A";52;"A";0;"A";6;"A";45;"A";11.51;"A";7.96;"A";5.68;"A"
"2025-05-21 14:15";23.19;"A";47.15;"A";1004.68;"A";105;"A";50;"A";0;"A";6;"A";43;"A";11.88;"A";8.25;"A";6.02;"A"
"2025-05-21 14:30";23.3;"A";44.65;"A";1004.7;"A";96;"A";51;"A";0;"A";5;"A";45;"A";11.05;"A";7.64;"A";5.33;"A"
"2025-05-21 14:45";23.68;"A";43.73;"A";1004.73;"A";112;"A";52;"A";0;"A";7;"A";44;"A";11.34;"A";6.95;"A";5.2;"A"
"2025-05-21 15:00";24.3;"A";43.41;"A";1004.69;"A";107;"A";51;"A";0;"A";6;"A";45;"A";12.17;"A";7.41;"A";5.49;"A"
"2025-05-21 15:15";24.47;"A";40.49;"A";1004.55;"A";122;"A";52;"A";0;"A";7;"A";45;"A";11.33;"A";7.14;"A";5.14;"A"
"2025-05-21 15:30";23.84;"A";43.03;"A";1004.62;"A";130;"A";51;"A";0;"A";6;"A";45;"A";9.94;"A";6.48;"A";4.91;"A"
"2025-05-21 15:45";23.67;"A";40.76;"A";1004.55;"A";109;"A";52;"A";0;"A";7;"A";44;"A";11.43;"A";6.59;"A";4.67;"A"
"2025-05-21 16:00";23.45;"A";42.1;"A";1004.47;"A";107;"A";52;"A";0;"A";8;"A";44;"A";10.42;"A";6.71;"A";4.61;"A"
"2025-05-21 16:15";23.47;"A";41.22;"A";1004.38;"A";124;"A";52;"A";0;"A";8;"A";44;"A";9.63;"A";6.42;"A";4.61;"A"
"2025-05-21 16:30";24.1;"A";40.79;"A";1004.27;"A";102;"A";52;"A";0;"A";7;"A";46;"A";9.54;"A";6.26;"A";4.47;"A"
"2025-05-21 16:45";24.6;"A";38.8;"A";1004.29;"A";93;"A";52;"A";0;"A";6;"A";46;"A";8.58;"A";5.95;"A";4.3;"A"
"2025-05-21 17:00";24.48;"A";39.64;"A";1004.31;"A";100;"A";51;"A";0;"A";6;"A";44;"A";8.71;"A";5.94;"A";4.42;"A"
"2025-05-21 17:15";24.35;"A";38.88;"A";1004.25;"A";134;"A";53;"A";0;"A";8;"A";45;"A";8.52;"A";5.33;"A";3.91;"A"
"2025-05-21 17:30";24.4;"A";37.4;"A";1004.23;"A";112;"A";51;"A";0;"A";7;"A";44;"A";8.39;"A";5.1;"A";3.86;"A"
"2025-05-21 17:45";24.09;"A";39.89;"A";1004.38;"A";102;"A";52;"A";0;"A";8;"A";44;"A";8.54;"A";6.01;"A";4.11;"A"
"2025-05-21 18:00";23.9;"A";38.92;"A";1004.36;"A";124;"A";51;"A";0;"A";5;"A";46;"A";8.98;"A";5.64;"A";4.12;"A"
"2025-05-21 18:15";23.4;"A";40.33;"A";1004.35;"A";157;"A";52;"A";0;"A";8;"A";43;"A";8.88;"A";5.85;"A";4.27;"A"
"2025-05-21 18:30";22.57;"A";43.03;"A";1004.34;"A";127;"A";49;"A";0;"A";9;"A";40;"A";10.52;"A";6.68;"A";4.55;"A"
"2025-05-21 18:45";22.23;"A";44.5;"A";1004.33;"A";140;"A";48;"A";0;"A";9;"A";39;"A";10.37;"A";6.92;"A";4.92;"A"
"2025-05-21 19:00";22.21;"A";45.03;"A";1004.36;"A";179;"A";47;"A";0;"A";8;"A";39;"A";9.18;"A";5.97;"A";4.52;"A"
"2025-05-21 19:15";22.25;"A";43.54;"A";1004.43;"A";90;"A";49;"A";0;"A";8;"A";41;"A";9.7;"A";6.01;"A";4.47;"A"
"2025-05-21 19:30";21.99;"A";44.54;"A";1004.57;"A";102;"A";49;"A";0;"A";8;"A";40;"A";9.14;"A";6.29;"A";4.43;"A"
"2025-05-21 19:45";21.7;"A";45.61;"A";1004.51;"A";140;"A";48;"A";0;"A";10;"A";38;"A";11.59;"A";7.27;"A";4.94;"A"
"2025-05-21 20:00";21.3;"A";46.32;"A";1004.52;"A";106;"A";47;"A";0;"A";8;"A";39;"A";12.4;"A";7.31;"A";5.02;"A"
"2025-05-21 20:15";20.81;"A";47.54;"A";1004.51;"A";111;"A";46;"A";0;"A";9;"A";37;"A";10.19;"A";6.51;"A";4.78;"A"
"2025-05-21 20:30";20.14;"A";49.52;"A";1004.59;"A";136;"A";43;"A";0;"A";10;"A";33;"A";9.39;"A";6.31;"A";4.57;"A"
"2025-05-21 20:45";19.65;"A";50.86;"A";1004.77;"A";157;"A";43;"A";0;"A";14;"A";29;"A";10.66;"A";6.87;"A";4.98;"A"
"2025-05-21 21:00";19.28;"A";50.2;"A";1004.81;"A";137;"A";44;"A";0;"A";14;"A";30;"A";11.43;"A";6.93;"A";4.84;"A"
"2025-05-21 21:15";18.81;"A";51.76;"A";1004.91;"A";124;"A";43;"A";0;"A";13;"A";30;"A";10.24;"A";6.18;"A";4.47;"A"
"2025-05-21 21:30";18.36;"A";54.52;"A";1005.15;"A";122;"A";43;"A";0;"A";14;"A";29;"A";9.48;"A";6.52;"A";4.59;"A"
"2025-05-21 21:45";18.99;"A";51.67;"A";1005.41;"A";95;"A";47;"A";0;"A";15;"A";33;"A";13.01;"A";8.28;"A";5.89;"A"
"2025-05-21 22:00";19.07;"A";54.57;"A";1005.39;"A";82;"A";47;"A";0;"A";13;"A";34;"A";11.54;"A";7.86;"A";5.6;"A"
"2025-05-21 22:15";18.81;"A";58.33;"A";1005.66;"A";84;"A";45;"A";0;"A";10;"A";35;"A";13.59;"A";8.65;"A";6.09;"A"
"2025-05-21 22:30";18.42;"A";60.21;"A";1005.71;"A";87;"A";45;"A";0;"A";8;"A";37;"A";11.98;"A";8.93;"A";6.8;"A"
"2025-05-21 22:45";18.1;"A";61.47;"A";1005.87;"A";80;"A";45;"A";0;"A";8;"A";36;"A";13.43;"A";10.27;"A";7.23;"A"
"2025-05-21 23:00";17.69;"A";63;"A";1006.06;"A";78;"A";44;"A";0;"A";8;"A";36;"A";14.88;"A";10.82;"A";7.63;"A"
"2025-05-21 23:15";17.3;"A";63.79;"A";1006.04;"A";74;"A";44;"A";0;"A";7;"A";37;"A";14.17;"A";10.37;"A";7.87;"A"
"2025-05-21 23:30";16.94;"A";64.59;"A";1006.12;"A";72;"A";44;"A";0;"A";7;"A";36;"A";14.62;"A";11.22;"A";8;"A"
"2025-05-21 23:45";16.59;"A";65.1;"A";1006.2;"A";72;"A";43;"A";0;"A";6;"A";36;"A";14.72;"A";11.44;"A";8.33;"A"
"2025-05-22 00:00";16.37;"A";65.2;"A";1006.3;"A";67;"A";43;"A";0;"A";8;"A";35;"A";15.63;"A";10.82;"A";8.25;"A"
"2025-05-22 00:15";16.2;"A";65.38;"A";1006.44;"A";61;"A";42;"A";0;"A";8;"A";35;"A";14.06;"A";10.6;"A";8.02;"A"
"2025-05-22 00:30";16;"A";66.11;"A";1006.47;"A";58;"A";43;"A";0;"A";7;"A";36;"A";14.32;"A";11.36;"A";8.03;"A"
"2025-05-22 00:45";15.82;"A";66.6;"A";1006.53;"A";58;"A";43;"A";0;"A";8;"A";35;"A";15.5;"A";12.05;"A";8.4;"A"
"2025-05-22 01:00";15.66;"A";66.85;"A";1006.6;"A";58;"A";42;"A";0;"A";8;"A";34;"A";16.27;"A";11.78;"A";8.95;"A"
"2025-05-22 01:15";15.49;"A";66.8;"A";1006.54;"A";54;"A";42;"A";0;"A";7;"A";35;"A";14.25;"A";11.4;"A";8.29;"A"
"2025-05-22 01:30";15.24;"A";67.84;"A";1006.6;"A";53;"A";42;"A";0;"A";8;"A";34;"A";15.54;"A";11.79;"A";8.46;"A"
"2025-05-22 01:45";15.15;"A";67.4;"A";1006.66;"A";53;"A";42;"A";0;"A";8;"A";34;"A";14.26;"A";11.38;"A";8.36;"A"
"2025-05-22 02:00";14.98;"A";67.92;"A";1006.73;"A";52;"A";42;"A";0;"A";8;"A";34;"A";15.03;"A";11.84;"A";8.66;"A"
"2025-05-22 02:15";14.77;"A";68.51;"A";1006.69;"A";52;"A";41;"A";0;"A";7;"A";34;"A";14.21;"A";11.43;"A";8.29;"A"
"2025-05-22 02:30";14.63;"A";68.89;"A";1006.71;"A";53;"A";41;"A";0;"A";8;"A";33;"A";14.58;"A";10.83;"A";8;"A"
"2025-05-22 02:45";14.39;"A";70.09;"A";1006.72;"A";52;"A";41;"A";0;"A";8;"A";33;"A";14.65;"A";11.66;"A";8.21;"A"
"2025-05-22 03:00";14.26;"A";71.2;"A";1006.81;"A";51;"A";41;"A";0;"A";9;"A";32;"A";14.12;"A";10.74;"A";7.95;"A"
"2025-05-22 03:15";14.16;"A";72.81;"A";1006.75;"A";52;"A";41;"A";0;"A";9;"A";33;"A";14.62;"A";11.49;"A";8.14;"A"
"2025-05-22 03:30";14.02;"A";74.71;"A";1006.71;"A";51;"A";41;"A";0;"A";8;"A";34;"A";15.53;"A";11.2;"A";8.37;"A"
"2025-05-22 03:45";13.96;"A";75.13;"A";1006.59;"A";56;"A";41;"A";0;"A";9;"A";32;"A";12.67;"A";9.23;"A";8.36;"A"
"2025-05-22 04:00";13.86;"A";75.96;"A";1006.56;"A";50;"A";41;"A";0;"A";10;"A";31;"A";13.02;"A";9.29;"A";8.63;"A"
"2025-05-22 04:15";13.57;"A";76.69;"A";1006.46;"A";51;"A";39;"A";0;"A";10;"A";29;"A";12.47;"A";8.89;"A";8.25;"A"
"2025-05-22 04:30";13.43;"A";77.04;"A";1006.35;"A";50;"A";39;"A";0;"A";10;"A";29;"A";12.65;"A";9.02;"A";8.37;"A"
"2025-05-22 04:45";13.34;"A";77.72;"A";1006.41;"A";47;"A";40;"A";0;"A";11;"A";29;"A";13.18;"A";9.41;"A";8.74;"A"
"2025-05-22 05:00";13.34;"A";77.94;"A";1006.42;"A";46;"A";40;"A";0;"A";10;"A";29;"A";13.38;"A";9.55;"A";8.88;"A"
"2025-05-22 05:15";13.3;"A";78.84;"A";1006.46;"A";52;"A";42;"A";0;"A";11;"A";30;"A";14.15;"A";10.12;"A";9.42;"A"
"2025-05-22 05:30";13.21;"A";79.96;"A";1006.51;"A";76;"A";39;"A";0;"A";10;"A";29;"A";14.62;"A";10.46;"A";9.75;"A"
"2025-05-22 05:45";13.12;"A";81.56;"A";1006.54;"A";72;"A";39;"A";0;"A";10;"A";29;"A";16.9;"A";12.14;"A";11.35;"A"
"2025-05-22 06:00";13.02;"A";82.71;"A";1006.74;"A";58;"A";40;"A";0;"A";8;"A";32;"A";16.5;"A";11.84;"A";11.07;"A"
"2025-05-22 06:15";13.04;"A";83.19;"A";1006.79;"A";62;"A";41;"A";0;"A";9;"A";32;"A";13.05;"A";9.32;"A";8.65;"A"
"2025-05-22 06:30";13.18;"A";82.38;"A";1006.91;"A";67;"A";41;"A";0;"A";11;"A";31;"A";11.53;"A";8.2;"A";7.59;"A"
"2025-05-22 06:45";13.28;"A";81.51;"A";1007;"A";75;"A";41;"A";0;"A";11;"A";30;"A";11.35;"A";8.07;"A";7.46;"A"
"2025-05-22 07:00";13.5;"A";80.25;"A";1007.1;"A";73;"A";43;"A";0;"A";11;"A";32;"A";11.47;"A";8.16;"A";7.55;"A"
"2025-05-22 07:15";13.9;"A";79.23;"A";1007.37;"A";83;"A";42;"A";0;"A";10;"A";32;"A";12.55;"A";8.94;"A";8.3;"A"
"2025-05-22 07:30";15.33;"A";73.78;"A";1007.49;"A";88;"A";42;"A";0;"A";8;"A";34;"A";9.17;"A";6.47;"A";5.94;"A"
"2025-05-22 07:45";16.69;"A";68.66;"A";1007.47;"A";76;"A";43;"A";0;"A";7;"A";37;"A";9.45;"A";6.74;"A";4.82;"A"
"2025-05-22 08:00";16.84;"A";68.09;"A";1007.68;"A";85;"A";46;"A";0;"A";7;"A";38;"A";10.12;"A";6.64;"A";4.7;"A"
"2025-05-22 08:15";16.6;"A";68.76;"A";1007.8;"A";104;"A";48;"A";0;"A";9;"A";39;"A";13.88;"A";7.98;"A";5.13;"A"
"2025-05-22 08:30";16.95;"A";67.22;"A";1007.8;"A";125;"A";47;"A";0;"A";8;"A";39;"A";15.73;"A";7.45;"A";4.89;"A"
"2025-05-22 08:45";17.83;"A";63.74;"A";1007.89;"A";172;"A";47;"A";0;"A";10;"A";37;"A";30.27;"A";21.89;"A";14.99;"A"
"2025-05-22 09:00";18.47;"A";60.87;"A";1008.06;"A";110;"A";51;"A";0;"A";10;"A";41;"A";9.48;"A";5.68;"A";3.77;"A"
"2025-05-22 09:15";19.21;"A";59.4;"A";1008.02;"A";143;"A";55;"A";0;"A";20;"A";35;"A";12.03;"A";7.44;"A";5.12;"A"
"2025-05-22 09:30";20.33;"A";55.47;"A";1007.89;"A";143;"A";50;"A";0;"A";11;"A";39;"A";23.51;"A";16.46;"A";11.35;"A"
"2025-05-22 09:45";20.58;"A";52.55;"A";1007.87;"A";136;"A";55;"A";0;"A";9;"A";45;"A";21.64;"A";14.71;"A";10.53;"A"
"2025-05-22 10:00";20.93;"A";46.01;"A";1007.87;"A";112;"A";56;"A";0;"A";8;"A";49;"A";9.49;"A";5.12;"A";3.28;"A"
"2025-05-22 10:15";21.12;"A";44.64;"A";1007.94;"A";90;"A";63;"A";0;"A";9;"A";54;"A";7.74;"A";4.48;"A";3.21;"A"
"2025-05-22 10:30";21.57;"A";42.5;"A";1007.85;"A";89;"A";60;"A";0;"A";6;"A";54;"A";6.34;"A";3.43;"A";2.28;"A"
"2025-05-22 10:45";22.04;"A";41.66;"A";1007.57;"A";113;"A";60;"A";0;"A";7;"A";54;"A";8.32;"A";4.89;"A";3.33;"A"
"2025-05-22 11:00";22.4;"A";40.91;"A";1007.58;"A";157;"A";60;"A";0;"A";8;"A";53;"A";10.23;"A";6.63;"A";4.88;"A"
"2025-05-22 11:15";22.46;"A";40.59;"A";1007.58;"A";137;"A";60;"A";0;"A";8;"A";52;"A";6.68;"A";3.32;"A";2.33;"A"
"2025-05-22 11:30";22.73;"A";39.57;"A";1007.65;"A";183;"A";60;"A";0;"A";7;"A";53;"A";7.07;"A";4.17;"A";2.71;"A"
"2025-05-22 11:45";22.94;"A";38.56;"A";1007.62;"A";222;"A";61;"A";0;"A";8;"A";53;"A";13.69;"A";9.55;"A";6.54;"A"
"2025-05-22 12:00";23.28;"A";37.56;"A";1007.7;"A";128;"A";60;"A";0;"A";7;"A";53;"A";7.49;"A";3.91;"A";2.82;"A"
"2025-05-22 12:15";23.61;"A";37.44;"A";1007.55;"A";138;"A";60;"A";0;"A";8;"A";52;"A";7.59;"A";3.86;"A";2.45;"A"
"2025-05-22 12:30";23.92;"A";35.34;"A";1007.42;"A";124;"A";58;"A";0;"A";7;"A";51;"A";6.05;"A";2.92;"A";1.88;"A"
"2025-05-22 12:45";24.08;"A";34.48;"A";1007.35;"A";100;"A";59;"A";0;"A";6;"A";53;"A";7.22;"A";4.49;"A";3.08;"A"
"2025-05-22 13:00";24.36;"A";34;"A";1007.11;"A";104;"A";59;"A";0;"A";7;"A";53;"A";5.92;"A";3.2;"A";2.4;"A"
"2025-05-22 13:15";24.93;"A";32.6;"A";1007.09;"A";105;"A";59;"A";0;"A";7;"A";52;"A";7.04;"A";3.33;"A";2.25;"A"
"2025-05-22 13:30";25.11;"A";30.81;"A";1006.9;"A";91;"A";59;"A";0;"A";7;"A";51;"A";5.68;"A";2.75;"A";1.58;"A"
"2025-05-22 13:45";25.61;"A";30.74;"A";1006.74;"A";99;"A";57;"A";0;"A";7;"A";50;"A";5.17;"A";2.65;"A";1.63;"A"
"2025-05-22 14:00";25.96;"A";29.2;"A";1006.85;"A";93;"A";57;"A";0;"A";8;"A";49;"A";5.17;"A";2.33;"A";1.52;"A"
"2025-05-22 14:15";26.33;"A";28.9;"A";1006.62;"A";106;"A";57;"A";0;"A";7;"A";49;"A";4.92;"A";2.27;"A";1.4;"A"
"2025-05-22 14:30";26.63;"A";30.1;"A";1006.59;"A";121;"A";55;"A";0;"A";7;"A";48;"A";8.05;"A";3.4;"A";2.29;"A"
"2025-05-22 14:45";26.9;"A";29.5;"A";1006.42;"A";116;"A";55;"A";0;"A";7;"A";48;"A";10.28;"A";5.64;"A";3.53;"A"
"2025-05-22 15:00";27.14;"A";28.23;"A";1006.3;"A";101;"A";55;"A";0;"A";7;"A";48;"A";5.16;"A";2.54;"A";1.45;"A"
"2025-05-22 15:15";27.56;"A";27.1;"A";1006.13;"A";109;"A";55;"A";0;"A";7;"A";48;"A";4.91;"A";2.65;"A";1.61;"A"
"2025-05-22 15:30";27.4;"A";26.26;"A";1005.96;"A";104;"A";57;"A";0;"A";8;"A";49;"A";6.73;"A";2.47;"A";1.5;"A"
"2025-05-22 15:45";27.78;"A";27.64;"A";1005.98;"A";134;"A";56;"A";0;"A";9;"A";48;"A";7.84;"A";3.65;"A";2.42;"A"
"2025-05-22 16:00";28.27;"A";25.93;"A";1005.74;"A";170;"A";55;"A";0;"A";9;"A";46;"A";11.82;"A";6.25;"A";4.53;"A"
"2025-05-22 16:15";28.1;"A";26.26;"A";1005.81;"A";108;"A";55;"A";0;"A";7;"A";48;"A";9.18;"A";3.94;"A";2.46;"A"
"2025-05-22 16:30";27.65;"A";26.64;"A";1005.87;"A";135;"A";57;"A";0;"A";12;"A";45;"A";9.67;"A";4.14;"A";2.46;"A"
"2025-05-22 16:45";27.42;"A";25.96;"A";1005.81;"A";115;"A";55;"A";0;"A";8;"A";47;"A";7;"A";3.6;"A";2.18;"A"
"2025-05-22 17:00";27.34;"A";26.04;"A";1005.65;"A";104;"A";54;"A";0;"A";7;"A";46;"A";6.28;"A";2.55;"A";1.42;"A"
"2025-05-22 17:15";26.57;"A";29.22;"A";1005.62;"A";112;"A";57;"A";0;"A";10;"A";48;"A";6.51;"A";3.03;"A";1.77;"A"
"2025-05-22 17:30";26.09;"A";30.47;"A";1005.63;"A";113;"A";53;"A";0;"A";7;"A";46;"A";6.59;"A";3.28;"A";1.95;"A"
"2025-05-22 17:45";25.68;"A";31.05;"A";1005.64;"A";121;"A";53;"A";0;"A";9;"A";44;"A";7.91;"A";3.25;"A";2.07;"A"
"2025-05-22 18:00";25.42;"A";31.54;"A";1005.61;"A";123;"A";54;"A";0;"A";7;"A";46;"A";7.2;"A";3.34;"A";2.16;"A"
"2025-05-22 18:15";25.17;"A";32.18;"A";1005.51;"A";97;"A";54;"A";0;"A";7;"A";47;"A";6.87;"A";3.3;"A";2.12;"A"
"2025-05-22 18:30";24.55;"A";33.79;"A";1005.47;"A";113;"A";55;"A";0;"A";8;"A";46;"A";6.52;"A";3.48;"A";2.23;"A"
"2025-05-22 18:45";24.19;"A";35.71;"A";1005.53;"A";111;"A";53;"A";0;"A";10;"A";43;"A";7.04;"A";3.14;"A";2.22;"A"
"2025-05-22 19:00";23.98;"A";36.05;"A";1005.51;"A";98;"A";52;"A";0;"A";7;"A";44;"A";7.27;"A";3.43;"A";2.18;"A"
"2025-05-22 19:15";23.64;"A";36.64;"A";1005.49;"A";82;"A";52;"A";0;"A";7;"A";45;"A";7.76;"A";3.57;"A";2.1;"A"
"2025-05-22 19:30";23.45;"A";37.55;"A";1005.57;"A";98;"A";52;"A";0;"A";9;"A";43;"A";7.53;"A";3.84;"A";2.49;"A"
"2025-05-22 19:45";22.97;"A";38.98;"A";1005.55;"A";102;"A";50;"A";0;"A";9;"A";41;"A";9.28;"A";3.97;"A";2.45;"A"
"2025-05-22 20:00";22.57;"A";40.44;"A";1005.66;"A";147;"A";50;"A";0;"A";9;"A";41;"A";11.17;"A";6.14;"A";4.14;"A"
"2025-05-22 20:15";22.03;"A";43.96;"A";1005.53;"A";166;"A";46;"A";0;"A";12;"A";34;"A";18.09;"A";10.62;"A";7.77;"A"
"2025-05-22 20:30";21.32;"A";46.72;"A";1005.5;"A";175;"A";43;"A";0;"A";13;"A";31;"A";14.58;"A";8.45;"A";5.71;"A"
"2025-05-22 20:45";20.72;"A";48.32;"A";1005.79;"A";179;"A";43;"A";0;"A";17;"A";26;"A";13.72;"A";8.17;"A";5.36;"A"
"2025-05-22 21:00";20.05;"A";50.21;"A";1006.03;"A";196;"A";43;"A";0;"A";23;"A";20;"A";16.79;"A";8.5;"A";5.64;"A"
"2025-05-22 21:15";19.43;"A";52.65;"A";1006.07;"A";216;"A";42;"A";0;"A";24;"A";17;"A";16.62;"A";9.45;"A";6.4;"A"
"2025-05-22 21:30";18.92;"A";54.94;"A";1006.33;"A";249;"A";38;"A";0;"A";22;"A";17;"A";18.91;"A";10.24;"A";6.67;"A"
"2025-05-22 21:45";18.58;"A";55.33;"A";1006.45;"A";260;"A";39;"A";0;"A";23;"A";16;"A";21.24;"A";12.17;"A";8.57;"A"
"2025-05-22 22:00";18.54;"A";54.95;"A";1006.61;"A";195;"A";40;"A";0;"A";21;"A";18;"A";20.39;"A";12.74;"A";8.98;"A"
"2025-05-22 22:15";18.93;"A";51.65;"A";1006.81;"A";571;"A";41;"A";0;"A";16;"A";25;"A";29.51;"A";14.93;"A";10.5;"A"
"2025-05-22 22:30";19.55;"A";43.74;"A";1006.71;"A";1829;"A";45;"A";0;"A";10;"A";35;"A";19.92;"A";13.49;"A";10.02;"A"
"2025-05-22 22:45";19.58;"A";42.27;"A";1006.59;"A";172;"A";47;"A";0;"A";11;"A";36;"A";9.42;"A";5.73;"A";4.04;"A"
"2025-05-22 23:00";19.52;"A";41.74;"A";1006.67;"A";183;"A";47;"A";0;"A";9;"A";38;"A";7.67;"A";5.1;"A";3.52;"A"
"2025-05-22 23:15";19.36;"A";41.91;"A";1006.82;"A";261;"A";46;"A";0;"A";10;"A";36;"A";9.24;"A";4.94;"A";3.21;"A"
"2025-05-22 23:30";19.24;"A";41.64;"A";1006.88;"A";267;"A";45;"A";0;"A";8;"A";36;"A";7.1;"A";4.42;"A";3.21;"A"
"2025-05-22 23:45";19.16;"A";40.11;"A";1006.73;"A";174;"A";44;"A";0;"A";8;"A";37;"A";8.05;"A";4.51;"A";3.45;"A"
"2025-05-23 00:00";19.02;"A";39.53;"A";1006.67;"A";267;"A";46;"A";0;"A";11;"A";36;"A";30.15;"A";17.8;"A";13.68;"A"
"2025-05-23 00:15";18.72;"A";38.97;"A";1006.69;"A";546;"A";46;"A";0;"A";7;"A";38;"A";28.13;"A";16.85;"A";11.93;"A"
"2025-05-23 00:30";18.41;"A";39.41;"A";1006.71;"A";660;"A";47;"A";0;"A";10;"A";38;"A";36.22;"A";25.43;"A";19.4;"A"
"2025-05-23 00:45";18.01;"A";41.61;"A";1006.63;"A";971;"A";46;"A";0;"A";11;"A";36;"A";52.33;"A";36.42;"A";27.26;"A"
"2025-05-23 01:00";17.79;"A";42.55;"A";1006.55;"A";764;"A";44;"A";0;"A";9;"A";34;"A";22.99;"A";11.96;"A";8.46;"A"
"2025-05-23 01:15";17.49;"A";42.65;"A";1006.52;"A";721;"A";45;"A";0;"A";9;"A";37;"A";16.41;"A";8.64;"A";5.72;"A"
"2025-05-23 01:30";17.26;"A";44.38;"A";1006.56;"A";560;"A";45;"A";0;"A";8;"A";37;"A";55.67;"A";35.9;"A";25.49;"A"
"2025-05-23 01:45";16.99;"A";45.13;"A";1006.45;"A";737;"A";44;"A";0;"A";8;"A";36;"A";40.74;"A";27.41;"A";19.92;"A"
"2025-05-23 02:00";16.8;"A";46.21;"A";1006.43;"A";607;"A";44;"A";0;"A";9;"A";36;"A";29.97;"A";18.85;"A";13.07;"A"
"2025-05-23 02:15";16.52;"A";49.58;"A";1006.3;"A";464;"A";43;"A";0;"A";8;"A";35;"A";43.02;"A";29.02;"A";20.67;"A"
"2025-05-23 02:30";16.18;"A";51.73;"A";1006.42;"A";286;"A";42;"A";0;"A";9;"A";33;"A";57.4;"A";40.06;"A";28.24;"A"
"2025-05-23 02:45";15.9;"A";52.99;"A";1006.31;"A";142;"A";42;"A";0;"A";8;"A";33;"A";28.44;"A";19.83;"A";14.11;"A"
"2025-05-23 03:00";15.56;"A";55.95;"A";1006.32;"A";116;"A";41;"A";0;"A";12;"A";29;"A";37.3;"A";20.81;"A";13.9;"A"
"2025-05-23 03:15";15.18;"A";59.31;"A";1006.34;"A";104;"A";41;"A";0;"A";13;"A";28;"A";32.68;"A";16.98;"A";11.23;"A"
"2025-05-23 03:30";14.91;"A";62.4;"A";1006.33;"A";107;"A";40;"A";0;"A";12;"A";28;"A";37.22;"A";19.53;"A";12.83;"A"
"2025-05-23 03:45";14.6;"A";64.21;"A";1006.11;"A";100;"A";39;"A";0;"A";12;"A";28;"A";35.41;"A";19.67;"A";13.12;"A"
"2025-05-23 04:00";14.33;"A";64.78;"A";1005.93;"A";68;"A";39;"A";0;"A";9;"A";30;"A";18.93;"A";9.63;"A";6.15;"A"
"2025-05-23 04:15";14.1;"A";64.98;"A";1005.97;"A";54;"A";38;"A";0;"A";7;"A";30;"A";12.66;"A";6.72;"A";4.38;"A"
"2025-05-23 04:30";13.94;"A";65.71;"A";1006;"A";49;"A";37;"A";0;"A";8;"A";29;"A";14.02;"A";6.86;"A";4.63;"A"
"2025-05-23 04:45";13.64;"A";66.94;"A";1005.94;"A";55;"A";37;"A";0;"A";9;"A";28;"A";16.64;"A";8.34;"A";5.12;"A"
"2025-05-23 05:00";13.36;"A";68.6;"A";1006.07;"A";47;"A";37;"A";0;"A";9;"A";27;"A";13.63;"A";7.5;"A";4.89;"A"
"2025-05-23 05:15";13.15;"A";70.74;"A";1006.08;"A";48;"A";36;"A";0;"A";9;"A";27;"A";14.68;"A";7.52;"A";5.08;"A"
"2025-05-23 05:30";13.04;"A";72.31;"A";1006.12;"A";48;"A";35;"A";0;"A";8;"A";27;"A";15.4;"A";8.07;"A";5.28;"A"
"2025-05-23 05:45";13.06;"A";73.44;"A";1006.13;"A";55;"A";35;"A";0;"A";8;"A";27;"A";13.26;"A";7.93;"A";5.47;"A"
"2025-05-23 06:00";13.11;"A";74.15;"A";1006.12;"A";54;"A";37;"A";0;"A";9;"A";28;"A";12.7;"A";7.94;"A";5.48;"A"
"2025-05-23 06:15";13.32;"A";73.2;"A";1006.2;"A";58;"A";37;"A";0;"A";9;"A";28;"A";13.54;"A";8.39;"A";6.01;"A"
"2025-05-23 06:30";13.52;"A";72.69;"A";1006.32;"A";60;"A";38;"A";0;"A";10;"A";28;"A";13.65;"A";8.27;"A";5.81;"A"
"2025-05-23 06:45";13.88;"A";71.7;"A";1006.41;"A";80;"A";39;"A";0;"A";11;"A";28;"A";13.83;"A";8.44;"A";5.92;"A"
"2025-05-23 07:00";14.34;"A";70.21;"A";1006.51;"A";73;"A";40;"A";0;"A";11;"A";30;"A";14.72;"A";9;"A";6.06;"A"
"2025-05-23 07:15";14.84;"A";69;"A";1006.48;"A";75;"A";41;"A";0;"A";10;"A";30;"A";17.96;"A";9.89;"A";6.81;"A"
"2025-05-23 07:30";16.45;"A";64.13;"A";1006.65;"A";82;"A";42;"A";0;"A";11;"A";31;"A";17.01;"A";9.22;"A";6.07;"A"
"2025-05-23 07:45";17.97;"A";59.35;"A";1006.67;"A";110;"A";43;"A";0;"A";12;"A";31;"A";27.94;"A";13.06;"A";8.42;"A"
"2025-05-23 08:00";18.87;"A";56.21;"A";1006.66;"A";134;"A";46;"A";0;"A";17;"A";29;"A";33.75;"A";14.85;"A";8.98;"A"
"2025-05-23 08:15";18.87;"A";53.72;"A";1006.62;"A";136;"A";48;"A";0;"A";16;"A";33;"A";27.26;"A";14.09;"A";8.36;"A"
"2025-05-23 08:30";19.25;"A";52.61;"A";1006.36;"A";166;"A";51;"A";0;"A";16;"A";35;"A";26.55;"A";14.8;"A";10.11;"A"
"2025-05-23 08:45";20.11;"A";51.84;"A";1006.39;"A";317;"A";55;"A";0;"A";24;"A";31;"A";39.62;"A";23.2;"A";15.35;"A"
"2025-05-23 09:00";21.05;"A";49.49;"A";1006.36;"A";175;"A";49;"A";0;"A";13;"A";36;"A";28.45;"A";13.8;"A";9.24;"A"
"2025-05-23 09:15";21.95;"A";44.85;"A";1006.35;"A";182;"A";51;"A";0;"A";14;"A";37;"A";20.65;"A";11.23;"A";7.24;"A"
"2025-05-23 09:30";22.94;"A";42.56;"A";1006.31;"A";130;"A";53;"A";0;"A";11;"A";43;"A";12.82;"A";5.93;"A";3.8;"A"
"2025-05-23 09:45";23.21;"A";40.95;"A";1006.16;"A";110;"A";60;"A";0;"A";9;"A";51;"A";10.57;"A";5.6;"A";3.27;"A"
"2025-05-23 10:00";23.39;"A";40.1;"A";1006.1;"A";128;"A";59;"A";0;"A";10;"A";49;"A";12.68;"A";6.76;"A";4.65;"A"
"2025-05-23 10:15";23.78;"A";40.05;"A";1005.95;"A";137;"A";59;"A";0;"A";9;"A";50;"A";13.02;"A";7.35;"A";4.97;"A"
"2025-05-23 10:30";23.99;"A";40.23;"A";1005.82;"A";142;"A";59;"A";0;"A";9;"A";49;"A";13.56;"A";7.07;"A";4.56;"A"
"2025-05-23 10:45";24.4;"A";38.58;"A";1005.74;"A";176;"A";58;"A";0;"A";8;"A";50;"A";13.5;"A";7.52;"A";5.37;"A"
"2025-05-23 11:00";24.89;"A";37.6;"A";1005.62;"A";129;"A";57;"A";0;"A";7;"A";50;"A";9.88;"A";5.93;"A";4.02;"A"
"2025-05-23 11:15";25.1;"A";35.99;"A";1005.63;"A";219;"A";56;"A";0;"A";8;"A";48;"A";10.98;"A";6.51;"A";4.37;"A"
"2025-05-23 11:30";25.17;"A";35.27;"A";1005.65;"A";159;"A";57;"A";13;"A";8;"A";50;"A";12.59;"A";7.73;"A";5.84;"A"
"2025-05-23 11:45";25.37;"A";33.27;"A";1005.59;"A";129;"A";57;"A";0;"A";7;"A";50;"A";8.95;"A";4.91;"A";3.26;"A"
"2025-05-23 12:00";25.83;"A";33.67;"A";1005.38;"A";267;"A";57;"A";3;"A";10;"A";47;"A";25.41;"A";15.77;"A";11.22;"A"
"2025-05-23 12:15";25.75;"A";34.65;"A";1005.28;"A";286;"A";57;"A";0;"A";8;"A";49;"A";13.02;"A";7.18;"A";4.85;"A"
"2025-05-23 12:30";26.2;"A";34.9;"A";1005.3;"A";361;"A";56;"A";0;"A";8;"A";48;"A";14.07;"A";7.91;"A";5.81;"A"
"2025-05-23 12:45";26.34;"A";34.28;"A";1005.19;"A";132;"A";54;"A";0;"A";6;"A";48;"A";7.44;"A";3.59;"A";2.37;"A"
"2025-05-23 13:00";26.68;"A";31.17;"A";1004.99;"A";164;"A";56;"A";0;"A";8;"A";48;"A";8.14;"A";4.07;"A";2.46;"A"
"2025-05-23 13:15";27.14;"A";30.96;"A";1004.79;"A";108;"A";56;"A";0;"A";7;"A";49;"A";8.21;"A";4.43;"A";2.75;"A"
"2025-05-23 13:30";27.32;"A";29.61;"A";1004.76;"A";134;"A";58;"A";0;"A";8;"A";50;"A";8.28;"A";3.71;"A";2.48;"A"
"2025-05-23 13:45";27.59;"A";29.45;"A";1004.61;"A";343;"A";56;"A";0;"A";8;"A";48;"A";15.92;"A";8.72;"A";5.97;"A"
"2025-05-23 14:00";27.85;"A";28.89;"A";1004.43;"A";148;"A";57;"A";0;"A";7;"A";50;"A";10.09;"A";5.36;"A";3.15;"A"
"2025-05-23 14:15";28.19;"A";27.95;"A";1004.21;"A";116;"A";57;"A";0;"A";8;"A";49;"A";8.37;"A";3.73;"A";2.35;"A"
"2025-05-23 14:30";28.45;"A";27.77;"A";1004.02;"A";118;"A";57;"A";0;"A";9;"A";48;"A";8.69;"A";4.14;"A";2.44;"A"
"2025-05-23 14:45";28.72;"A";27.59;"A";1003.94;"A";209;"A";57;"A";0;"A";8;"A";49;"A";14.89;"A";8.64;"A";6.19;"A"
"2025-05-23 15:00";29.08;"A";26.05;"A";1003.82;"A";134;"A";57;"A";0;"A";9;"A";48;"A";8.01;"A";3.79;"A";2.4;"A"
"2025-05-23 15:15";29.1;"A";26.38;"A";1003.82;"A";156;"A";58;"A";0;"A";9;"A";50;"A";11.82;"A";6.03;"A";3.88;"A"
"2025-05-23 15:30";29.15;"A";26.84;"A";1003.81;"A";128;"A";56;"A";0;"A";8;"A";48;"A";9.6;"A";4.28;"A";2.78;"A"
"2025-05-23 15:45";29.34;"A";26.17;"A";1003.64;"A";127;"A";56;"A";0;"A";7;"A";49;"A";7.85;"A";3.91;"A";2.69;"A"
"2025-05-23 16:00";29.27;"A";26.22;"A";1003.64;"A";142;"A";57;"A";0;"A";8;"A";49;"A";8.56;"A";4.15;"A";2.76;"A"
"2025-05-23 16:15";29.32;"A";25.91;"A";1003.56;"A";132;"A";56;"A";0;"A";8;"A";48;"A";8.61;"A";3.87;"A";2.39;"A"
"2025-05-23 16:30";29.22;"A";26.04;"A";1003.5;"A";141;"A";55;"A";0;"A";8;"A";47;"A";9.62;"A";4.88;"A";3.22;"A"
"2025-05-23 16:45";28.93;"A";25.87;"A";1003.45;"A";143;"A";57;"A";0;"A";10;"A";46;"A";9.77;"A";4.27;"A";2.68;"A"
"2025-05-23 17:00";28.42;"A";27.07;"A";1003.38;"A";157;"A";54;"A";0;"A";9;"A";45;"A";11.48;"A";5.42;"A";3.62;"A"
"2025-05-23 17:15";28.2;"A";28.11;"A";1003.27;"A";180;"A";54;"A";0;"A";11;"A";42;"A";17.25;"A";6.93;"A";4.13;"A"
"2025-05-23 17:30";28.1;"A";28.31;"A";1003.09;"A";140;"A";54;"A";0;"A";8;"A";47;"A";8.24;"A";3.56;"A";2.45;"A"
"2025-05-23 17:45";28.04;"A";28.31;"A";1003.07;"A";127;"A";53;"A";0;"A";7;"A";46;"A";9.32;"A";4.39;"A";2.89;"A"
"2025-05-23 18:00";28.1;"A";27.19;"A";1003.01;"A";161;"A";54;"A";0;"A";9;"A";46;"A";15.41;"A";8.62;"A";6.18;"A"
"2025-05-23 18:15";27.95;"A";28.37;"A";1003.05;"A";136;"A";54;"A";0;"A";8;"A";47;"A";10.46;"A";4.98;"A";3.07;"A"
"2025-05-23 18:30";27.62;"A";28.77;"A";1003.1;"A";119;"A";54;"A";0;"A";7;"A";47;"A";9.15;"A";4.12;"A";2.56;"A"
"2025-05-23 18:45";27.37;"A";29.65;"A";1002.99;"A";133;"A";53;"A";0;"A";9;"A";45;"A";8.52;"A";3.96;"A";2.58;"A"
"2025-05-23 19:00";27.1;"A";29.97;"A";1003.16;"A";126;"A";52;"A";0;"A";9;"A";44;"A";9.49;"A";4;"A";2.43;"A"
"2025-05-23 19:15";26.91;"A";30.13;"A";1003.27;"A";127;"A";53;"A";0;"A";10;"A";43;"A";10.04;"A";4.56;"A";3;"A"
"2025-05-23 19:30";26.46;"A";31.86;"A";1003.18;"A";126;"A";52;"A";0;"A";8;"A";43;"A";10.87;"A";4.65;"A";3.05;"A"
"2025-05-23 19:45";26.1;"A";31.93;"A";1003.09;"A";122;"A";51;"A";0;"A";8;"A";42;"A";8.67;"A";4.46;"A";2.89;"A"
"2025-05-23 20:00";25.7;"A";33.43;"A";1003.18;"A";145;"A";50;"A";0;"A";10;"A";40;"A";10.6;"A";5.58;"A";3.58;"A"
"2025-05-23 20:15";25.4;"A";33.43;"A";1003.3;"A";142;"A";49;"A";0;"A";12;"A";37;"A";13.08;"A";7.42;"A";4.71;"A"
"2025-05-23 20:30";24.96;"A";34.46;"A";1003.19;"A";122;"A";49;"A";0;"A";11;"A";38;"A";12.99;"A";6.44;"A";3.91;"A"
"2025-05-23 20:45";24.69;"A";34.31;"A";1003.46;"A";127;"A";48;"A";0;"A";10;"A";37;"A";24.26;"A";15.71;"A";10.67;"A"
"2025-05-23 21:00";24.31;"A";34.64;"A";1003.41;"A";117;"A";48;"A";0;"A";12;"A";36;"A";14.18;"A";5.71;"A";3.76;"A"
"2025-05-23 21:15";23.8;"A";36.36;"A";1003.41;"A";113;"A";47;"A";0;"A";13;"A";33;"A";11.78;"A";5.54;"A";3.47;"A"
"2025-05-23 21:30";23.41;"A";36.77;"A";1003.65;"A";115;"A";45;"A";0;"A";12;"A";33;"A";13.38;"A";5.87;"A";3.93;"A"
"2025-05-23 21:45";23.02;"A";37.69;"A";1003.62;"A";106;"A";46;"A";0;"A";13;"A";33;"A";20.97;"A";8.99;"A";5.66;"A"
"2025-05-23 22:00";22.78;"A";38.19;"A";1003.73;"A";115;"A";45;"A";0;"A";14;"A";31;"A";38.43;"A";15.08;"A";9.06;"A"
"2025-05-23 22:15";22.32;"A";38.67;"A";1003.8;"A";144;"A";42;"A";0;"A";14;"A";29;"A";53.8;"A";21.97;"A";13.14;"A"
"2025-05-23 22:30";22.07;"A";38.88;"A";1003.89;"A";153;"A";43;"A";0;"A";15;"A";28;"A";72.56;"A";28.51;"A";17.53;"A"
"2025-05-23 22:45";21.78;"A";41.16;"A";1004.04;"A";405;"A";41;"A";0;"A";12;"A";30;"A";55.25;"A";28.8;"A";19.76;"A"
"2025-05-23 23:00";21.85;"A";40.56;"A";1004.05;"A";919;"A";42;"A";0;"A";10;"A";32;"A";32.98;"A";19.64;"A";13.62;"A"
"2025-05-23 23:15";21.73;"A";41.62;"A";1004.17;"A";831;"A";44;"A";0;"A";10;"A";34;"A";32.83;"A";19.41;"A";13.64;"A"
"2025-05-23 23:30";21.3;"A";43.91;"A";1004.06;"A";611;"A";40;"A";0;"A";8;"A";32;"A";39.48;"A";27.32;"A";19.56;"A"
"2025-05-23 23:45";20.47;"A";47.93;"A";1003.95;"A";506;"A";36;"A";0;"A";9;"A";27;"A";52.95;"A";37.82;"A";27.31;"A"
"2025-05-24 00:00";19.76;"A";50;"A";1004.04;"A";354;"A";33;"A";0;"A";8;"A";25;"A";42.27;"A";29.58;"A";21.16;"A"
"2025-05-24 00:15";19.28;"A";51.77;"A";1004.17;"A";282;"A";33;"A";0;"A";9;"A";24;"A";34.88;"A";22.72;"A";15.32;"A"
"2025-05-24 00:30";19.05;"A";53.04;"A";1004.04;"A";219;"A";32;"A";0;"A";10;"A";23;"A";37.29;"A";21.7;"A";14.2;"A"
"2025-05-24 00:45";18.87;"A";53.7;"A";1003.99;"A";198;"A";32;"A";0;"A";11;"A";22;"A";38.13;"A";19.99;"A";13.77;"A"
"2025-05-24 01:00";18.76;"A";54.29;"A";1003.94;"A";174;"A";33;"A";0;"A";10;"A";23;"A";37.68;"A";19;"A";12.6;"A"
"2025-05-24 01:15";18.45;"A";54.78;"A";1003.96;"A";229;"A";32;"A";0;"A";9;"A";23;"A";45.41;"A";27.74;"A";19.73;"A"
"2025-05-24 01:30";18.2;"A";55.6;"A";1004.06;"A";217;"A";33;"A";0;"A";9;"A";24;"A";34.42;"A";21;"A";15.18;"A"
"2025-05-24 01:45";17.84;"A";56.57;"A";1004.14;"A";144;"A";33;"A";0;"A";7;"A";26;"A";22.18;"A";13.06;"A";9.4;"A"
"2025-05-24 02:00";17.5;"A";58.06;"A";1004.15;"A";195;"A";32;"A";0;"A";7;"A";25;"A";22.77;"A";12.15;"A";8.54;"A"
"2025-05-24 02:15";17.27;"A";58.23;"A";1004.18;"A";291;"A";31;"A";0;"A";6;"A";24;"A";19.77;"A";11.27;"A";8.39;"A"
"2025-05-24 02:30";17.38;"A";58.72;"A";1004.14;"A";193;"A";31;"A";0;"A";7;"A";24;"A";14.38;"A";8.88;"A";5.95;"A"
"2025-05-24 02:45";17.2;"A";59.67;"A";1004.13;"A";143;"A";30;"A";0;"A";6;"A";24;"A";12.2;"A";7.13;"A";5.01;"A"
"2025-05-24 03:00";17;"A";61.17;"A";1004.1;"A";118;"A";29;"A";0;"A";7;"A";22;"A";13.12;"A";7.56;"A";4.95;"A"
"2025-05-24 03:15";16.97;"A";60.1;"A";1004.05;"A";96;"A";29;"A";0;"A";7;"A";22;"A";10.9;"A";6.68;"A";4.7;"A"
"2025-05-24 03:30";16.72;"A";60.2;"A";1003.97;"A";125;"A";31;"A";0;"A";12;"A";19;"A";11.48;"A";7.71;"A";5.32;"A"
"2025-05-24 03:45";16.27;"A";61.84;"A";1003.67;"A";124;"A";30;"A";0;"A";13;"A";17;"A";11.19;"A";7.02;"A";5.28;"A"
"2025-05-24 04:00";15.73;"A";63.91;"A";1003.51;"A";118;"A";27;"A";0;"A";12;"A";15;"A";11.91;"A";7.19;"A";5.1;"A"
"2025-05-24 04:15";15.65;"A";63.85;"A";1003.53;"A";101;"A";27;"A";0;"A";13;"A";14;"A";11.02;"A";7.27;"A";4.97;"A"
"2025-05-24 04:30";15.58;"A";63.7;"A";1003.68;"A";96;"A";27;"A";0;"A";11;"A";16;"A";12.89;"A";7.69;"A";5.24;"A"
"2025-05-24 04:45";15.19;"A";65.16;"A";1003.8;"A";94;"A";26;"A";0;"A";10;"A";16;"A";11.62;"A";7.4;"A";5.19;"A"
"2025-05-24 05:00";14.97;"A";65.8;"A";1003.74;"A";105;"A";25;"A";0;"A";9;"A";16;"A";11.07;"A";7.02;"A";5.01;"A"
"2025-05-24 05:15";15.25;"A";64.2;"A";1003.73;"A";98;"A";25;"A";0;"A";8;"A";17;"A";10.65;"A";6.58;"A";4.72;"A"
"2025-05-24 05:30";15.88;"A";59.99;"A";1003.72;"A";63;"A";31;"A";0;"A";6;"A";25;"A";9.69;"A";5.41;"A";3.95;"A"
"2025-05-24 05:45";16.22;"A";57.99;"A";1003.74;"A";59;"A";35;"A";0;"A";7;"A";28;"A";9.83;"A";6.19;"A";4.08;"A"
"2025-05-24 06:00";16.4;"A";56.62;"A";1003.75;"A";64;"A";36;"A";0;"A";7;"A";29;"A";11.87;"A";6.71;"A";4.61;"A"
"2025-05-24 06:15";16.67;"A";56.02;"A";1003.74;"A";74;"A";38;"A";0;"A";8;"A";30;"A";12.28;"A";7.17;"A";4.59;"A"
"2025-05-24 06:30";17;"A";55.96;"A";1003.8;"A";93;"A";38;"A";0;"A";8;"A";29;"A";12.14;"A";7.25;"A";4.91;"A"
"2025-05-24 06:45";17.38;"A";55.38;"A";1003.84;"A";85;"A";38;"A";0;"A";8;"A";30;"A";12.62;"A";7.32;"A";5.13;"A"
"2025-05-24 07:00";17.67;"A";56.1;"A";1003.88;"A";86;"A";38;"A";0;"A";10;"A";28;"A";11.78;"A";7.57;"A";5.08;"A"
"2025-05-24 07:15";18.08;"A";56.65;"A";1003.92;"A";113;"A";39;"A";0;"A";14;"A";26;"A";15.41;"A";8.29;"A";5.56;"A"
"2025-05-24 07:30";19.09;"A";55.01;"A";1003.98;"A";126;"A";40;"A";0;"A";14;"A";26;"A";22.88;"A";11.76;"A";7.4;"A"
"2025-05-24 07:45";19.92;"A";54.47;"A";1004.21;"A";152;"A";40;"A";0;"A";17;"A";24;"A";24.15;"A";12.01;"A";8.29;"A"
"2025-05-24 08:00";20.38;"A";54.65;"A";1004.02;"A";142;"A";42;"A";0;"A";13;"A";29;"A";18.61;"A";10.04;"A";6.63;"A"
"2025-05-24 08:15";20.65;"A";55.3;"A";1004.02;"A";121;"A";41;"A";0;"A";11;"A";31;"A";17.64;"A";9.05;"A";6.27;"A"
"2025-05-24 08:30";21.34;"A";54.19;"A";1004.18;"A";109;"A";42;"A";0;"A";9;"A";33;"A";15.35;"A";9.01;"A";6.06;"A"
"2025-05-24 08:45";21.81;"A";53.21;"A";1004.15;"A";178;"A";44;"A";0;"A";14;"A";30;"A";17.47;"A";9.65;"A";6.28;"A"
"2025-05-24 09:00";22.3;"A";52.1;"A";1004.16;"A";252;"A";47;"A";0;"A";25;"A";22;"A";17.65;"A";9.08;"A";6.4;"A"
"2025-05-24 09:15";23.61;"A";48.57;"A";1003.95;"A";189;"A";48;"A";0;"A";15;"A";32;"A";17.36;"A";8.53;"A";5.89;"A"
"2025-05-24 09:30";24.57;"A";45.38;"A";1003.98;"A";210;"A";48;"A";0;"A";17;"A";31;"A";17.68;"A";8.42;"A";5.58;"A"
"2025-05-24 09:45";24.99;"A";44.65;"A";1003.91;"A";181;"A";51;"A";0;"A";13;"A";38;"A";13.91;"A";6.95;"A";4.62;"A"
"2025-05-24 10:00";25.86;"A";40.87;"A";1003.84;"A";146;"A";50;"A";0;"A";8;"A";43;"A";11.79;"A";5.94;"A";3.72;"A"
"2025-05-24 10:15";26.32;"A";37.36;"A";1003.7;"A";176;"A";54;"A";0;"A";12;"A";42;"A";10.81;"A";4.96;"A";3.04;"A"
"2025-05-24 10:30";26.76;"A";39.94;"A";1003.67;"A";163;"A";52;"A";0;"A";8;"A";44;"A";10.37;"A";5.82;"A";3.64;"A"
"2025-05-24 10:45";27.21;"A";40.07;"A";1003.71;"A";152;"A";50;"A";0;"A";8;"A";42;"A";11.16;"A";6;"A";4.07;"A"
"2025-05-24 11:00";27.76;"A";39.81;"A";1003.72;"A";154;"A";50;"A";0;"A";6;"A";44;"A";11.79;"A";6.47;"A";4.28;"A"
"2025-05-24 11:15";27.96;"A";38.87;"A";1003.56;"A";162;"A";50;"A";0;"A";8;"A";42;"A";12.63;"A";6.53;"A";4.35;"A"
"2025-05-24 11:30";28.39;"A";38.01;"A";1003.47;"A";165;"A";52;"A";0;"A";8;"A";44;"A";14.43;"A";7.15;"A";4.88;"A"
"2025-05-24 11:45";28.29;"A";37.16;"A";1003.4;"A";168;"A";54;"A";0;"A";9;"A";45;"A";15;"A";7.66;"A";5.02;"A"
"2025-05-24 12:00";28.6;"A";36.42;"A";1003.36;"A";308;"A";53;"A";0;"A";7;"A";46;"A";16.64;"A";8.35;"A";5.7;"A"
"2025-05-24 12:15";28.68;"A";36.88;"A";1003.26;"A";376;"A";54;"A";0;"A";8;"A";47;"A";15.66;"A";8.4;"A";5.85;"A"
"2025-05-24 12:30";28.88;"A";34.06;"A";1003.23;"A";493;"A";53;"A";0;"A";6;"A";47;"A";15.97;"A";8.16;"A";5.47;"A"
"2025-05-24 12:45";29.19;"A";34.59;"A";1003.18;"A";261;"A";54;"A";0;"A";7;"A";47;"A";12.17;"A";6.59;"A";4.89;"A"
"2025-05-24 13:00";29.49;"A";34.01;"A";1003.15;"A";224;"A";54;"A";0;"A";8;"A";46;"A";14.32;"A";7.67;"A";5.36;"A"
"2025-05-24 13:15";29.7;"A";33.04;"A";1002.99;"A";228;"A";53;"A";0;"A";6;"A";47;"A";14.59;"A";8.03;"A";5.32;"A"
"2025-05-24 13:30";29.85;"A";32.53;"A";1002.87;"A";223;"A";54;"A";0;"A";8;"A";46;"A";17.62;"A";9.23;"A";6.37;"A"
"2025-05-24 13:45";30.11;"A";32;"A";1002.76;"A";168;"A";55;"A";0;"A";10;"A";45;"A";19.81;"A";9.8;"A";6.33;"A"
"2025-05-24 14:00";29.91;"A";31.16;"A";1002.66;"A";256;"A";53;"A";0;"A";7;"A";46;"A";19.68;"A";9.38;"A";6.56;"A"
"2025-05-24 14:15";29.54;"A";33.12;"A";1002.57;"A";292;"A";53;"A";0;"A";9;"A";44;"A";24.12;"A";14.22;"A";10.35;"A"
"2025-05-24 14:30";29.49;"A";31.59;"A";1002.54;"A";315;"A";52;"A";0;"A";8;"A";44;"A";21.22;"A";12.3;"A";8.64;"A"
"2025-05-24 14:45";29.33;"A";31.11;"A";1002.56;"A";288;"A";52;"A";0;"A";7;"A";45;"A";15.59;"A";9.42;"A";6.58;"A"
"2025-05-24 15:00";29.27;"A";31.96;"A";1002.57;"A";173;"A";52;"A";0;"A";8;"A";44;"A";17.73;"A";10.01;"A";6.96;"A"
"2025-05-24 15:15";29.47;"A";33.19;"A";1002.33;"A";153;"A";50;"A";0;"A";7;"A";42;"A";13.74;"A";7.43;"A";4.85;"A"
"2025-05-24 15:30";29.56;"A";30.31;"A";1002.18;"A";169;"A";50;"A";0;"A";7;"A";44;"A";15.95;"A";9.12;"A";6.42;"A"
"2025-05-24 15:45";29.08;"A";30.69;"A";1002.23;"A";487;"A";52;"A";0;"A";8;"A";44;"A";26.58;"A";12.85;"A";8.41;"A"
"2025-05-24 16:00";27.71;"A";34.52;"A";1002.41;"A";239;"A";55;"A";0;"A";9;"A";46;"A";28.69;"A";11.77;"A";7;"A"
"2025-05-24 16:15";25.62;"A";44.6;"A";1003.07;"A";625;"A";52;"A";0;"A";13;"A";39;"A";26.91;"A";13.97;"A";9.66;"A"
"2025-05-24 16:30";23.07;"A";63.68;"A";1002.59;"A";509;"A";41;"A";0;"A";13;"A";28;"A";30.25;"A";18.98;"A";13.91;"A"
"2025-05-24 16:45";22.35;"A";65.19;"A";1003.07;"A";313;"A";35;"A";0;"A";13;"A";22;"A";23.65;"A";15.28;"A";10.94;"A"
"2025-05-24 17:00";22.03;"A";68.03;"A";1003.13;"A";239;"A";31;"A";0;"A";8;"A";23;"A";17.18;"A";11.76;"A";8.26;"A"
"2025-05-24 17:15";21.59;"A";69.14;"A";1003.23;"A";185;"A";33;"A";0;"A";8;"A";25;"A";18.01;"A";12.3;"A";8.69;"A"
"2025-05-24 17:30";21.39;"A";68.07;"A";1002.97;"A";164;"A";36;"A";0;"A";9;"A";27;"A";13.79;"A";8.36;"A";5.92;"A"
"2025-05-24 17:45";21.37;"A";71.46;"A";1003;"A";210;"A";36;"A";0;"A";15;"A";21;"A";13.92;"A";8.83;"A";6.4;"A"
"2025-05-24 18:00";21.7;"A";70.62;"A";1003.15;"A";288;"A";31;"A";0;"A";14;"A";18;"A";16.26;"A";11.24;"A";7.93;"A"
"2025-05-24 18:15";22.04;"A";69.11;"A";1003.29;"A";382;"A";34;"A";0;"A";19;"A";16;"A";18.13;"A";11.43;"A";7.67;"A"
"2025-05-24 18:30";22.48;"A";60.05;"A";1003.34;"A";315;"A";36;"A";0;"A";16;"A";20;"A";19.11;"A";12.08;"A";8.84;"A"
"2025-05-24 18:45";22.68;"A";57.74;"A";1003.28;"A";115;"A";45;"A";0;"A";15;"A";30;"A";14.59;"A";8.68;"A";6.05;"A"
"2025-05-24 19:00";22.46;"A";61.44;"A";1003.13;"A";182;"A";43;"A";0;"A";13;"A";31;"A";14.37;"A";8.9;"A";5.99;"A"
"2025-05-24 19:15";21.9;"A";64.58;"A";1003.13;"A";292;"A";38;"A";0;"A";14;"A";24;"A";18.39;"A";10.61;"A";7.25;"A"
"2025-05-24 19:30";21.25;"A";69.02;"A";1003.31;"A";280;"A";35;"A";0;"A";16;"A";19;"A";16.82;"A";10.34;"A";7.02;"A"
"2025-05-24 19:45";21.13;"A";72.58;"A";1003.31;"A";296;"A";35;"A";0;"A";19;"A";16;"A";17.37;"A";11.02;"A";7.62;"A"
"2025-05-24 20:00";20.92;"A";73.82;"A";1003.34;"A";385;"A";32;"A";0;"A";22;"A";10;"A";14.71;"A";9.38;"A";7.78;"A"
"2025-05-24 20:15";20.88;"A";73.45;"A";1003.44;"A";562;"A";32;"A";0;"A";25;"A";7;"A";15.13;"A";10.78;"A";9.08;"A"
"2025-05-24 20:30";21.14;"A";70.27;"A";1003.53;"A";920;"A";36;"A";0;"A";26;"A";10;"A";31.29;"A";20.11;"A";14.47;"A"
"2025-05-24 20:45";21.43;"A";64.2;"A";1003.58;"A";976;"A";34;"A";0;"A";19;"A";14;"A";32.82;"A";22.19;"A";15.94;"A"
"2025-05-24 21:00";21.72;"A";59.95;"A";1003.8;"A";660;"A";39;"A";0;"A";18;"A";21;"A";29.1;"A";18.39;"A";13.08;"A"
"2025-05-24 21:15";21.53;"A";60.04;"A";1003.87;"A";505;"A";39;"A";0;"A";16;"A";23;"A";28.64;"A";17.84;"A";12.67;"A"
"2025-05-24 21:30";21.41;"A";61.57;"A";1003.96;"A";533;"A";38;"A";0;"A";17;"A";21;"A";30.06;"A";20.12;"A";14.35;"A"
"2025-05-24 21:45";21.48;"A";56.24;"A";1003.96;"A";456;"A";37;"A";0;"A";18;"A";19;"A";27.65;"A";17.49;"A";13.14;"A"
"2025-05-24 22:00";21.47;"A";57.16;"A";1004.01;"A";348;"A";35;"A";0;"A";17;"A";19;"A";31.99;"A";19.58;"A";13.68;"A"
"2025-05-24 22:15";21.45;"A";51.47;"A";1003.96;"A";334;"A";39;"A";0;"A";17;"A";23;"A";43.8;"A";26.87;"A";19.87;"A"
"2025-05-24 22:30";21.43;"A";49.35;"A";1003.89;"A";457;"A";40;"A";0;"A";16;"A";24;"A";39.09;"A";24.34;"A";17.77;"A"
"2025-05-24 22:45";21.13;"A";51.39;"A";1003.86;"A";614;"A";40;"A";0;"A";18;"A";22;"A";31.26;"A";20.17;"A";14.63;"A"
"2025-05-24 23:00";20.7;"A";53.65;"A";1004;"A";496;"A";36;"A";0;"A";14;"A";22;"A";32.47;"A";22.02;"A";15.93;"A"
"2025-05-24 23:15";20.07;"A";55.77;"A";1003.86;"A";484;"A";33;"A";0;"A";15;"A";18;"A";46.15;"A";32.21;"A";23.52;"A"
"2025-05-24 23:30";19.81;"A";54.96;"A";1004.02;"A";434;"A";31;"A";0;"A";14;"A";16;"A";49.28;"A";35.36;"A";25.49;"A"
"2025-05-24 23:45";19.56;"A";58.98;"A";1004.01;"A";414;"A";31;"A";0;"A";15;"A";16;"A";42.41;"A";29.14;"A";21.08;"A"
"2025-05-25 00:00";19.43;"A";53.21;"A";1003.9;"A";412;"A";31;"A";0;"A";12;"A";19;"A";44.04;"A";30.77;"A";21.99;"A"
"2025-05-25 00:15";19.37;"A";56.06;"A";1003.79;"A";359;"A";35;"A";0;"A";14;"A";20;"A";56.52;"A";39.9;"A";28.63;"A"
"2025-05-25 00:30";19.36;"A";55.72;"A";1003.67;"A";238;"A";34;"A";0;"A";15;"A";19;"A";43.18;"A";26.18;"A";17.93;"A"
"2025-05-25 00:45";19.31;"A";53.17;"A";1003.7;"A";162;"A";37;"A";0;"A";13;"A";24;"A";27.53;"A";15.57;"A";10.38;"A"
"2025-05-25 01:00";19.31;"A";52.04;"A";1003.7;"A";133;"A";37;"A";0;"A";10;"A";27;"A";19.78;"A";11.81;"A";7.96;"A"
"2025-05-25 01:15";19.15;"A";52.12;"A";1003.61;"A";198;"A";39;"A";0;"A";14;"A";25;"A";24.82;"A";13.44;"A";9.39;"A"
"2025-05-25 01:30";18.77;"A";55.18;"A";1003.47;"A";331;"A";38;"A";0;"A";14;"A";24;"A";24.22;"A";15.91;"A";11.15;"A"
"2025-05-25 01:45";18.5;"A";55.32;"A";1003.24;"A";223;"A";36;"A";0;"A";10;"A";26;"A";24.87;"A";14.44;"A";10.62;"A"
"2025-05-25 02:00";18.02;"A";57.55;"A";1003.36;"A";157;"A";36;"A";0;"A";10;"A";27;"A";22.89;"A";13.71;"A";10.04;"A"
"2025-05-25 02:15";17.65;"A";60;"A";1003.34;"A";147;"A";33;"A";0;"A";8;"A";25;"A";22.86;"A";13;"A";9.18;"A"
"2025-05-25 02:30";17.41;"A";60.45;"A";1003.4;"A";116;"A";35;"A";0;"A";8;"A";27;"A";18.11;"A";10.93;"A";7.74;"A"
"2025-05-25 02:45";17.37;"A";58.74;"A";1003.53;"A";94;"A";36;"A";0;"A";7;"A";29;"A";15.46;"A";9.44;"A";6.26;"A"
"2025-05-25 03:00";17.31;"A";59.29;"A";1003.7;"A";82;"A";37;"A";0;"A";7;"A";29;"A";13.84;"A";7.93;"A";5.52;"A"
"2025-05-25 03:15";16.98;"A";61.66;"A";1003.63;"A";81;"A";35;"A";0;"A";6;"A";29;"A";12.97;"A";8.13;"A";5.64;"A"
"2025-05-25 03:30";16.69;"A";62.14;"A";1003.5;"A";83;"A";35;"A";0;"A";8;"A";27;"A";12.58;"A";7.81;"A";5.66;"A"
"2025-05-25 03:45";16.79;"A";58.76;"A";1003.31;"A";74;"A";35;"A";0;"A";7;"A";28;"A";13.41;"A";7.77;"A";5.48;"A"
"2025-05-25 04:00";16.71;"A";62.08;"A";1003.2;"A";65;"A";36;"A";0;"A";9;"A";27;"A";15.57;"A";7.93;"A";5.69;"A"
"2025-05-25 04:15";16.74;"A";60.35;"A";1003.19;"A";64;"A";37;"A";0;"A";7;"A";30;"A";15.12;"A";8.68;"A";5.57;"A"
"2025-05-25 04:30";16.57;"A";61.55;"A";1003.19;"A";67;"A";36;"A";0;"A";6;"A";30;"A";13.67;"A";8.21;"A";5.6;"A"
"2025-05-25 04:45";16.35;"A";61.29;"A";1003.07;"A";79;"A";35;"A";0;"A";6;"A";29;"A";14.61;"A";8.74;"A";6.3;"A"
"2025-05-25 05:00";16.47;"A";60.48;"A";1003.19;"A";86;"A";37;"A";0;"A";7;"A";30;"A";16.45;"A";10.04;"A";7.03;"A"
"2025-05-25 05:15";16.49;"A";59.2;"A";1003.12;"A";85;"A";36;"A";0;"A";6;"A";29;"A";17.22;"A";9.88;"A";6.96;"A"
"2025-05-25 05:30";16.8;"A";56.96;"A";1003.2;"A";76;"A";39;"A";0;"A";7;"A";31;"A";15.43;"A";10.16;"A";7.12;"A"
"2025-05-25 05:45";16.98;"A";57;"A";1003.24;"A";82;"A";40;"A";0;"A";9;"A";31;"A";17.42;"A";10.26;"A";7.12;"A"
"2025-05-25 06:00";17.29;"A";55.73;"A";1003.39;"A";88;"A";40;"A";0;"A";7;"A";33;"A";17.97;"A";10.83;"A";7.37;"A"
"2025-05-25 06:15";17.51;"A";55.66;"A";1003.36;"A";86;"A";39;"A";0;"A";7;"A";33;"A";16.44;"A";9.87;"A";7.26;"A"
"2025-05-25 06:30";17.89;"A";54.48;"A";1003.32;"A";86;"A";41;"A";0;"A";7;"A";34;"A";15.15;"A";10.69;"A";7.32;"A"
"2025-05-25 06:45";18.2;"A";55.8;"A";1003.21;"A";85;"A";41;"A";0;"A";7;"A";34;"A";16.57;"A";10.81;"A";7.78;"A"
"2025-05-25 07:00";18.64;"A";54.86;"A";1003.06;"A";93;"A";41;"A";0;"A";6;"A";34;"A";17.94;"A";11.04;"A";8.11;"A"
"2025-05-25 07:15";19.15;"A";54.84;"A";1002.9;"A";98;"A";42;"A";0;"A";6;"A";36;"A";17.03;"A";10.84;"A";7.55;"A"
"2025-05-25 07:30";19.95;"A";53.85;"A";1002.82;"A";94;"A";43;"A";0;"A";7;"A";36;"A";17.72;"A";10.18;"A";7.07;"A"
"2025-05-25 07:45";21.13;"A";52.18;"A";1003.08;"A";92;"A";44;"A";0;"A";6;"A";38;"A";15.25;"A";9.82;"A";7.17;"A"
"2025-05-25 08:00";21.74;"A";52.17;"A";1003.07;"A";110;"A";44;"A";0;"A";8;"A";37;"A";17.99;"A";10.11;"A";6.85;"A"
"2025-05-25 08:15";22.17;"A";51.57;"A";1002.96;"A";120;"A";45;"A";0;"A";8;"A";37;"A";19.85;"A";10.2;"A";6.9;"A"
"2025-05-25 08:30";22.51;"A";50.44;"A";1003.23;"A";115;"A";45;"A";0;"A";7;"A";38;"A";17.61;"A";9.68;"A";6.53;"A"
"2025-05-25 08:45";23.16;"A";48.51;"A";1003.15;"A";135;"A";45;"A";0;"A";8;"A";37;"A";18.98;"A";9.24;"A";6.21;"A"
"2025-05-25 09:00";24.01;"A";44.48;"A";1003.05;"A";106;"A";48;"A";0;"A";7;"A";41;"A";14.88;"A";8.28;"A";5.7;"A"
"2025-05-25 09:15";25.04;"A";43.68;"A";1003.04;"A";135;"A";47;"A";0;"A";8;"A";39;"A";13.67;"A";7.37;"A";5.14;"A"
"2025-05-25 09:30";26.05;"A";39.78;"A";1002.74;"A";115;"A";48;"A";0;"A";5;"A";43;"A";17.03;"A";7.48;"A";5.07;"A"
"2025-05-25 09:45";26.05;"A";40.24;"A";1002.7;"A";144;"A";52;"A";0;"A";8;"A";44;"A";16.64;"A";7.64;"A";5.32;"A"
"2025-05-25 10:00";25.67;"A";41.71;"A";1002.89;"A";158;"A";51;"A";0;"A";8;"A";44;"A";15.08;"A";7.29;"A";4.99;"A"
"2025-05-25 10:15";26.05;"A";43.05;"A";1002.82;"A";189;"A";50;"A";0;"A";10;"A";40;"A";20.45;"A";9.38;"A";5.64;"A"
"2025-05-25 10:30";26.58;"A";41.57;"A";1002.76;"A";185;"A";51;"A";0;"A";7;"A";44;"A";21.41;"A";10.06;"A";6.07;"A"
"2025-05-25 10:45";27.07;"A";41.89;"A";1002.65;"A";149;"A";51;"A";0;"A";7;"A";44;"A";17.22;"A";8.09;"A";5.31;"A"
"2025-05-25 11:00";27.31;"A";41.82;"A";1002.59;"A";173;"A";52;"A";0;"A";9;"A";43;"A";18.64;"A";8.24;"A";5.56;"A"
"2025-05-25 11:15";27.29;"A";42;"A";1002.69;"A";175;"A";51;"A";0;"A";10;"A";41;"A";18.42;"A";9.01;"A";5.72;"A"
"2025-05-25 11:30";27.52;"A";41.59;"A";1002.72;"A";160;"A";49;"A";0;"A";7;"A";42;"A";15.25;"A";9.06;"A";5.92;"A"
"2025-05-25 11:45";27.79;"A";41.06;"A";1002.49;"A";198;"A";49;"A";0;"A";7;"A";42;"A";20.62;"A";10.97;"A";7.71;"A"
"2025-05-25 12:00";27.88;"A";40.65;"A";1002.27;"A";162;"A";50;"A";0;"A";7;"A";43;"A";14.62;"A";7.39;"A";5.28;"A"
"2025-05-25 12:15";28.28;"A";40.53;"A";1002.29;"A";164;"A";49;"A";0;"A";7;"A";43;"A";18.15;"A";9.23;"A";5.95;"A"
"2025-05-25 12:30";28.57;"A";39.03;"A";1002.18;"A";193;"A";50;"A";0;"A";6;"A";44;"A";18.66;"A";10.91;"A";7.33;"A"
"2025-05-25 12:45";29.08;"A";37.42;"A";1002.24;"A";284;"A";52;"A";0;"A";8;"A";44;"A";15.93;"A";8.07;"A";5.15;"A"
"2025-05-25 13:00";29.35;"A";35.9;"A";1002.11;"A";289;"A";50;"A";0;"A";5;"A";45;"A";14.8;"A";7.62;"A";5.19;"A"
"2025-05-25 13:15";29.68;"A";34.23;"A";1002.09;"A";174;"A";54;"A";0;"A";7;"A";46;"A";14.45;"A";8.18;"A";5.84;"A"
"2025-05-25 13:30";30.05;"A";33.12;"A";1002.09;"A";206;"A";52;"A";0;"A";7;"A";45;"A";16.31;"A";8.73;"A";6.2;"A"
"2025-05-25 13:45";30.52;"A";32.24;"A";1002.05;"A";183;"A";52;"A";0;"A";7;"A";45;"A";15.83;"A";9.31;"A";6.68;"A"
"2025-05-25 14:00";30.6;"A";31.62;"A";1001.99;"A";357;"A";53;"A";0;"A";7;"A";46;"A";17.71;"A";10.3;"A";7.12;"A"
"2025-05-25 14:15";30.9;"A";32.15;"A";1001.8;"A";253;"A";53;"A";0;"A";11;"A";43;"A";16.6;"A";8.54;"A";5.94;"A"
"2025-05-25 14:30";30.82;"A";33.64;"A";1001.6;"A";206;"A";52;"A";0;"A";8;"A";44;"A";15.14;"A";7.94;"A";5.38;"A"
"2025-05-25 14:45";30.52;"A";32.9;"A";1001.37;"A";266;"A";51;"A";0;"A";8;"A";43;"A";18.29;"A";9.77;"A";6.74;"A"
"2025-05-25 15:00";30.26;"A";32.06;"A";1001.32;"A";420;"A";50;"A";0;"A";7;"A";43;"A";18.85;"A";9.48;"A";6.64;"A"
"2025-05-25 15:15";29.97;"A";31.98;"A";1001.29;"A";517;"A";50;"A";0;"A";8;"A";42;"A";19.47;"A";11.18;"A";7.55;"A"
"2025-05-25 15:30";29.88;"A";32.87;"A";1001.28;"A";359;"A";50;"A";0;"A";10;"A";40;"A";19.12;"A";10.02;"A";6.74;"A"
"2025-05-25 15:45";29.76;"A";31.76;"A";1001.27;"A";1185;"A";48;"A";0;"A";7;"A";41;"A";19.97;"A";10.75;"A";7.71;"A"
"2025-05-25 16:00";29.7;"A";32.73;"A";1001.37;"A";2939;"A";50;"A";0;"A";12;"A";38;"A";30.81;"A";19.8;"A";13.65;"A"
"2025-05-25 16:15";29.63;"A";32.32;"A";1001.23;"A";559;"A";48;"A";0;"A";7;"A";41;"A";27.52;"A";16.04;"A";11.04;"A"
"2025-05-25 16:30";29.3;"A";33.37;"A";1001.1;"A";668;"A";48;"A";0;"A";10;"A";38;"A";30.04;"A";17.24;"A";12.19;"A"
"2025-05-25 16:45";29.02;"A";35.49;"A";1000.62;"A";409;"A";50;"A";0;"A";11;"A";39;"A";28.48;"A";16.79;"A";11.6;"A"
"2025-05-25 17:00";29.39;"A";36.72;"A";1000.36;"A";179;"A";47;"A";0;"A";7;"A";40;"A";14.49;"A";7.64;"A";5.18;"A"
"2025-05-25 17:15";29.6;"A";35.75;"A";1000.27;"A";145;"A";48;"A";0;"A";5;"A";43;"A";17.07;"A";7.34;"A";4.92;"A"
"2025-05-25 17:30";29.35;"A";34.83;"A";1000.23;"A";183;"A";51;"A";0;"A";10;"A";41;"A";18.41;"A";7.65;"A";4.82;"A"
"2025-05-25 17:45";29.12;"A";35.11;"A";1000.14;"A";164;"A";51;"A";0;"A";9;"A";42;"A";17.27;"A";7.95;"A";4.99;"A"
"2025-05-25 18:00";29.08;"A";35.57;"A";1000.34;"A";159;"A";51;"A";0;"A";6;"A";45;"A";18.58;"A";8.29;"A";5.3;"A"
"2025-05-25 18:15";29.01;"A";34.97;"A";1000.41;"A";147;"A";49;"A";0;"A";6;"A";43;"A";19.35;"A";7.88;"A";5.37;"A"
"2025-05-25 18:30";28.79;"A";34.71;"A";1000.61;"A";192;"A";50;"A";0;"A";9;"A";41;"A";22.77;"A";12.34;"A";7.71;"A"
"2025-05-25 18:45";28.45;"A";35.38;"A";1001.33;"A";195;"A";51;"A";0;"A";8;"A";43;"A";25.66;"A";14.69;"A";9.98;"A"
"2025-05-25 19:00";28.08;"A";35.94;"A";1001.45;"A";211;"A";52;"A";0;"A";9;"A";43;"A";21.77;"A";13.93;"A";9.78;"A"
"2025-05-25 19:15";27.64;"A";36.97;"A";1001.64;"A";131;"A";52;"A";0;"A";5;"A";47;"A";14.98;"A";7.66;"A";5.44;"A"
"2025-05-25 19:30";27.44;"A";37.02;"A";1001.64;"A";135;"A";51;"A";0;"A";7;"A";44;"A";15.21;"A";8.98;"A";6.35;"A"
"2025-05-25 19:45";27.22;"A";37.56;"A";1001.74;"A";163;"A";51;"A";0;"A";8;"A";42;"A";17.54;"A";10.24;"A";7.37;"A"
"2025-05-25 20:00";26.88;"A";38.68;"A";1001.92;"A";347;"A";51;"A";0;"A";11;"A";39;"A";40.28;"A";26.39;"A";19.4;"A"
"2025-05-25 20:15";26.56;"A";39.04;"A";1002.19;"A";455;"A";50;"A";0;"A";10;"A";40;"A";41.74;"A";29.58;"A";21.31;"A"
"2025-05-25 20:30";26.24;"A";39.68;"A";1002.22;"A";420;"A";50;"A";0;"A";11;"A";39;"A";40.98;"A";30.16;"A";21.71;"A"
"2025-05-25 20:45";25.98;"A";38.67;"A";1002.23;"A";419;"A";49;"A";0;"A";11;"A";39;"A";39.44;"A";27.26;"A";20.07;"A"
"2025-05-25 21:00";25.76;"A";38.31;"A";1002.41;"A";319;"A";50;"A";0;"A";13;"A";38;"A";22.98;"A";14.79;"A";11.02;"A"
"2025-05-25 21:15";25.53;"A";38.66;"A";1002.64;"A";307;"A";50;"A";0;"A";8;"A";42;"A";30.98;"A";14.87;"A";9.79;"A"
"2025-05-25 21:30";25.28;"A";39.4;"A";1002.94;"A";332;"A";51;"A";0;"A";6;"A";44;"A";21.33;"A";10.42;"A";6.98;"A"
"2025-05-25 21:45";24.99;"A";40.33;"A";1003.17;"A";718;"A";50;"A";0;"A";7;"A";43;"A";21.12;"A";10.87;"A";6.88;"A"
"2025-05-25 22:00";24.86;"A";40.44;"A";1003;"A";921;"A";49;"A";0;"A";8;"A";42;"A";17.84;"A";8.74;"A";5.97;"A"
"2025-05-25 22:15";24.5;"A";41.71;"A";1003.05;"A";506;"A";49;"A";0;"A";7;"A";42;"A";15.67;"A";9.22;"A";6.29;"A"
"2025-05-25 22:30";24.34;"A";42.03;"A";1002.98;"A";409;"A";48;"A";0;"A";6;"A";41;"A";18.04;"A";10.44;"A";7.49;"A"
"2025-05-25 22:45";24;"A";43.61;"A";1002.64;"A";305;"A";47;"A";0;"A";9;"A";37;"A";23.73;"A";15.94;"A";11.74;"A"
"2025-05-25 23:00";23.74;"A";44.24;"A";1002.31;"A";129;"A";49;"A";0;"A";7;"A";42;"A";21.17;"A";10.89;"A";7.22;"A"
"2025-05-25 23:15";23.49;"A";44.4;"A";1001.91;"A";129;"A";48;"A";0;"A";8;"A";40;"A";28.37;"A";14.48;"A";9.19;"A"
"2025-05-25 23:30";23.14;"A";45.48;"A";1001.52;"A";108;"A";48;"A";0;"A";8;"A";40;"A";13.57;"A";7.62;"A";5.21;"A"
"2025-05-25 23:45";22.95;"A";46.16;"A";1001.49;"A";105;"A";49;"A";0;"A";8;"A";40;"A";13.36;"A";7.37;"A";5.09;"A"
"2025-05-26 00:00";22.77;"A";47.89;"A";1001.64;"A";126;"A";49;"A";0;"A";8;"A";41;"A";17.31;"A";8;"A";5.43;"A"
"2025-05-26 00:15";22.72;"A";48.12;"A";1001.62;"A";182;"A";50;"A";0;"A";12;"A";38;"A";16.06;"A";8.3;"A";5.67;"A"
"2025-05-26 00:30";22.74;"A";48.61;"A";1001.68;"A";187;"A";53;"A";0;"A";15;"A";38;"A";18.66;"A";9.71;"A";5.98;"A"
"2025-05-26 00:45";22.7;"A";50.5;"A";1001.63;"A";163;"A";53;"A";0;"A";13;"A";40;"A";23.2;"A";11.01;"A";7.2;"A"
"2025-05-26 01:00";22.63;"A";52.91;"A";1001.78;"A";167;"A";55;"A";0;"A";14;"A";42;"A";24.35;"A";12.67;"A";8.39;"A"
"2025-05-26 01:15";22.55;"A";54.64;"A";1001.67;"A";160;"A";55;"A";0;"A";10;"A";45;"A";28.36;"A";13.8;"A";9.01;"A"
"2025-05-26 01:30";22.48;"A";55.77;"A";1001.61;"A";183;"A";56;"A";0;"A";11;"A";45;"A";25.57;"A";13.49;"A";8.73;"A"
"2025-05-26 01:45";22.57;"A";55.96;"A";1001.94;"A";163;"A";57;"A";0;"A";10;"A";47;"A";27.77;"A";15.39;"A";10.82;"A"
"2025-05-26 02:00";22.53;"A";56.89;"A";1002.02;"A";325;"A";56;"A";0;"A";12;"A";44;"A";48.21;"A";34.48;"A";25.25;"A"
"2025-05-26 02:15";22.56;"A";57.12;"A";1002.22;"A";312;"A";56;"A";0;"A";13;"A";43;"A";50.15;"A";36.42;"A";27.13;"A"
"2025-05-26 02:30";22.44;"A";58.07;"A";1002.56;"A";349;"A";56;"A";0;"A";8;"A";48;"A";25.56;"A";18.47;"A";13.94;"A"
"2025-05-26 02:45";22.27;"A";59.04;"A";1002.47;"A";1870;"A";56;"A";0;"A";9;"A";47;"A";39.24;"A";27.37;"A";20.91;"A"
"2025-05-26 03:00";22.13;"A";59.36;"A";1002.51;"A";667;"A";56;"A";0;"A";7;"A";48;"A";44.57;"A";30.1;"A";22.98;"A"
"2025-05-26 03:15";21.92;"A";60.62;"A";1002.4;"A";1099;"A";54;"A";0;"A";7;"A";47;"A";27.15;"A";16.72;"A";12.3;"A"
"2025-05-26 03:30";21.68;"A";61.52;"A";1002.31;"A";631;"A";51;"A";0;"A";7;"A";44;"A";31.95;"A";19.71;"A";14.19;"A"
"2025-05-26 03:45";21.35;"A";62.58;"A";1002.2;"A";390;"A";47;"A";0;"A";7;"A";40;"A";27.75;"A";19.15;"A";13.91;"A"
"2025-05-26 04:00";21.15;"A";62.24;"A";1002.1;"A";171;"A";49;"A";0;"A";8;"A";41;"A";24.22;"A";14.52;"A";9.67;"A"
"2025-05-26 04:15";20.98;"A";62.14;"A";1002.04;"A";144;"A";48;"A";0;"A";7;"A";41;"A";21.33;"A";12.05;"A";8.27;"A"
"2025-05-26 04:30";20.65;"A";63.62;"A";1001.93;"A";124;"A";48;"A";0;"A";7;"A";41;"A";17.3;"A";10.49;"A";7.35;"A"
"2025-05-26 04:45";20.51;"A";62.36;"A";1001.81;"A";114;"A";48;"A";0;"A";7;"A";41;"A";17.49;"A";10.24;"A";6.98;"A"
"2025-05-26 05:00";20.4;"A";62.75;"A";1001.8;"A";108;"A";47;"A";0;"A";6;"A";41;"A";16.78;"A";9.84;"A";6.83;"A"
"2025-05-26 05:15";20.27;"A";63.26;"A";1001.79;"A";105;"A";45;"A";0;"A";5;"A";39;"A";14.62;"A";9.01;"A";6.59;"A"
"2025-05-26 05:30";20.19;"A";64.13;"A";1002.06;"A";103;"A";43;"A";0;"A";6;"A";38;"A";17.81;"A";9.88;"A";6.76;"A"
"2025-05-26 05:45";20.22;"A";64.47;"A";1002.35;"A";105;"A";41;"A";0;"A";8;"A";34;"A";19.4;"A";11.31;"A";7.57;"A"
"2025-05-26 06:00";20.28;"A";64.77;"A";1002.62;"A";106;"A";41;"A";0;"A";9;"A";32;"A";23.02;"A";12.24;"A";8.22;"A"
"2025-05-26 06:15";20.34;"A";64.91;"A";1002.63;"A";122;"A";40;"A";0;"A";10;"A";30;"A";37.35;"A";17.59;"A";11.94;"A"
"2025-05-26 06:30";20.48;"A";65.17;"A";1002.97;"A";147;"A";38;"A";0;"A";12;"A";27;"A";38.01;"A";20.05;"A";13.29;"A"
"2025-05-26 06:45";20.63;"A";65.48;"A";1002.74;"A";366;"A";38;"A";0;"A";14;"A";24;"A";47.63;"A";31.8;"A";22.56;"A"
"2025-05-26 07:00";20.81;"A";65.08;"A";1002.89;"A";199;"A";35;"A";0;"A";10;"A";26;"A";34.76;"A";23.48;"A";16.2;"A"
"2025-05-26 07:15";20.93;"A";65.57;"A";1002.85;"A";174;"A";36;"A";0;"A";13;"A";23;"A";43.91;"A";23.99;"A";16.12;"A"
"2025-05-26 07:30";20.95;"A";65.52;"A";1002.85;"A";168;"A";35;"A";0;"A";12;"A";23;"A";42.03;"A";22.04;"A";14.1;"A"
"2025-05-26 07:45";21.03;"A";65.51;"A";1003.13;"A";192;"A";35;"A";0;"A";13;"A";22;"A";44.68;"A";22.18;"A";14.94;"A"
"2025-05-26 08:00";21.33;"A";64.82;"A";1003.06;"A";252;"A";35;"A";0;"A";16;"A";19;"A";43.85;"A";26.9;"A";19.23;"A"
"2025-05-26 08:15";21.53;"A";64.55;"A";1003.04;"A";163;"A";35;"A";0;"A";11;"A";24;"A";30.23;"A";15.27;"A";10.68;"A"
"2025-05-26 08:30";21.66;"A";64.31;"A";1002.99;"A";187;"A";35;"A";0;"A";14;"A";21;"A";43.01;"A";23.28;"A";15.85;"A"
"2025-05-26 08:45";21.8;"A";64.61;"A";1003.03;"A";228;"A";35;"A";0;"A";17;"A";18;"A";53.45;"A";34.22;"A";23.42;"A"
"2025-05-26 09:00";21.97;"A";64.31;"A";1003.15;"A";197;"A";34;"A";0;"A";13;"A";21;"A";27.38;"A";14.23;"A";9.73;"A"
"2025-05-26 09:15";22.27;"A";63.83;"A";1003.19;"A";182;"A";33;"A";0;"A";9;"A";24;"A";25.08;"A";14.1;"A";9.71;"A"
"2025-05-26 09:30";22.49;"A";63.64;"A";1003.05;"A";128;"A";34;"A";0;"A";7;"A";27;"A";24.77;"A";13.47;"A";8.78;"A"
"2025-05-26 09:45";22.85;"A";62.47;"A";1002.93;"A";154;"A";35;"A";0;"A";8;"A";26;"A";25.3;"A";13.25;"A";8.11;"A"
"2025-05-26 10:00";23.23;"A";61.97;"A";1003.18;"A";190;"A";37;"A";0;"A";14;"A";23;"A";28.28;"A";13.1;"A";8.88;"A"
"2025-05-26 10:15";23.45;"A";60.96;"A";1003.09;"A";154;"A";36;"A";0;"A";9;"A";27;"A";23.51;"A";11.98;"A";7.92;"A"
"2025-05-26 10:30";23.65;"A";61.04;"A";1003.11;"A";180;"A";37;"A";0;"A";11;"A";25;"A";17.12;"A";9.41;"A";6.51;"A"
"2025-05-26 10:45";23.85;"A";60.13;"A";1003.05;"A";160;"A";37;"A";0;"A";9;"A";28;"A";16.75;"A";9.68;"A";6.52;"A"
"2025-05-26 11:00";24.13;"A";58.48;"A";1002.91;"A";162;"A";38;"A";0;"A";9;"A";29;"A";18.44;"A";9.88;"A";6.26;"A"
"2025-05-26 11:15";24.17;"A";58.05;"A";1002.75;"A";135;"A";39;"A";0;"A";8;"A";31;"A";16.96;"A";8.73;"A";5.65;"A"
"2025-05-26 11:30";24.18;"A";57.57;"A";1002.67;"A";134;"A";39;"A";0;"A";7;"A";33;"A";14.96;"A";8.05;"A";5.39;"A"
"2025-05-26 11:45";24.52;"A";55.42;"A";1003.03;"A";131;"A";38;"A";0;"A";6;"A";32;"A";18.5;"A";10.25;"A";6.54;"A"
"2025-05-26 12:00";24.72;"A";53.77;"A";1003.27;"A";156;"A";40;"A";0;"A";12;"A";27;"A";29.59;"A";13.44;"A";8.82;"A"
"2025-05-26 12:15";24.72;"A";52.61;"A";1003.23;"A";191;"A";41;"A";0;"A";10;"A";31;"A";23.83;"A";11.02;"A";6.74;"A"
"2025-05-26 12:30";24.79;"A";52.63;"A";1002.79;"A";148;"A";42;"A";0;"A";10;"A";33;"A";24.28;"A";11.31;"A";7.2;"A"
"2025-05-26 12:45";25.13;"A";51.53;"A";1002.74;"A";133;"A";41;"A";0;"A";7;"A";34;"A";17.77;"A";8.5;"A";5.66;"A"
"2025-05-26 13:00";25.41;"A";49.94;"A";1002.5;"A";200;"A";42;"A";0;"A";9;"A";33;"A";22.44;"A";9.35;"A";6.13;"A"
"2025-05-26 13:15";25.72;"A";46.53;"A";1002.17;"A";131;"A";43;"A";0;"A";8;"A";35;"A";18.2;"A";8.2;"A";5.32;"A"
"2025-05-26 13:30";25.89;"A";42.91;"A";1002.01;"A";101;"A";47;"A";0;"A";6;"A";41;"A";20.89;"A";9.37;"A";5.75;"A"
"2025-05-26 13:45";25.91;"A";42.97;"A";1001.82;"A";120;"A";48;"A";0;"A";7;"A";41;"A";19;"A";9.31;"A";5.88;"A"
"2025-05-26 14:00";25.92;"A";43.08;"A";1001.69;"A";136;"A";48;"A";0;"A";8;"A";40;"A";16.88;"A";8.57;"A";5.47;"A"
"2025-05-26 14:15";25.86;"A";41.68;"A";1001.76;"A";137;"A";47;"A";0;"A";9;"A";38;"A";17.12;"A";7.98;"A";4.97;"A"
"2025-05-26 14:30";26.09;"A";39.2;"A";1001.68;"A";145;"A";49;"A";0;"A";8;"A";41;"A";18.47;"A";8.32;"A";5.49;"A"
"2025-05-26 14:45";25.89;"A";39.91;"A";1001.41;"A";115;"A";50;"A";0;"A";8;"A";42;"A";21.93;"A";10.93;"A";6.58;"A"
"2025-05-26 15:00";25.57;"A";40.68;"A";1001.38;"A";120;"A";50;"A";0;"A";9;"A";41;"A";15.74;"A";7.32;"A";4.91;"A"
"2025-05-26 15:15";25.71;"A";39.8;"A";1001.4;"A";120;"A";50;"A";0;"A";10;"A";40;"A";19.02;"A";8.97;"A";5.74;"A"
"2025-05-26 15:30";26.09;"A";38.65;"A";1001.44;"A";116;"A";50;"A";0;"A";9;"A";40;"A";18.37;"A";8.84;"A";5.8;"A"
"2025-05-26 15:45";26.23;"A";38.01;"A";1001.34;"A";109;"A";50;"A";0;"A";8;"A";42;"A";20.66;"A";8.77;"A";5.33;"A"
"2025-05-26 16:00";26.3;"A";37.11;"A";1000.97;"A";121;"A";49;"A";0;"A";8;"A";41;"A";19.93;"A";8.82;"A";5.48;"A"
"2025-05-26 16:15";26.24;"A";36.28;"A";1000.72;"A";118;"A";49;"A";0;"A";8;"A";41;"A";15.98;"A";7.69;"A";4.64;"A"
"2025-05-26 16:30";26.17;"A";35.18;"A";1000.73;"A";122;"A";49;"A";0;"A";8;"A";41;"A";15.93;"A";6.9;"A";4.4;"A"
"2025-05-26 16:45";26.08;"A";35.2;"A";1000.51;"A";161;"A";49;"A";0;"A";9;"A";40;"A";14.95;"A";6.85;"A";4.57;"A"
"2025-05-26 17:00";26.03;"A";34.56;"A";1000.38;"A";126;"A";48;"A";0;"A";7;"A";41;"A";16.99;"A";6.83;"A";4.28;"A"
"2025-05-26 17:15";25.89;"A";34.84;"A";1000.09;"A";117;"A";49;"A";0;"A";8;"A";40;"A";14.84;"A";6.29;"A";4;"A"
"2025-05-26 17:30";25.99;"A";34.03;"A";999.79;"A";120;"A";48;"A";0;"A";7;"A";41;"A";14.4;"A";6.61;"A";4.21;"A"
"2025-05-26 17:45";26.1;"A";33.88;"A";999.76;"A";114;"A";48;"A";0;"A";7;"A";40;"A";17.25;"A";7.34;"A";4.64;"A"
"2025-05-26 18:00";26.16;"A";31.96;"A";999.77;"A";105;"A";47;"A";0;"A";6;"A";41;"A";13.58;"A";6;"A";3.78;"A"
"2025-05-26 18:15";26.25;"A";29.57;"A";1000;"A";82;"A";50;"A";0;"A";7;"A";42;"A";14.84;"A";6.34;"A";3.76;"A"
"2025-05-26 18:30";26.35;"A";29;"A";1000;"A";80;"A";49;"A";0;"A";7;"A";42;"A";15.16;"A";6.25;"A";3.86;"A"
"2025-05-26 18:45";26.36;"A";30.91;"A";999.91;"A";88;"A";50;"A";0;"A";7;"A";43;"A";18.62;"A";7.07;"A";4;"A"
"2025-05-26 19:00";26.18;"A";33;"A";999.93;"A";93;"A";49;"A";0;"A";6;"A";43;"A";17.76;"A";7.14;"A";4.34;"A"
"2025-05-26 19:15";25.92;"A";34.04;"A";999.95;"A";99;"A";48;"A";0;"A";7;"A";41;"A";16.91;"A";6.82;"A";4.09;"A"
"2025-05-26 19:30";25.81;"A";34.32;"A";999.87;"A";88;"A";48;"A";0;"A";7;"A";41;"A";17.68;"A";6.37;"A";3.84;"A"
"2025-05-26 19:45";25.65;"A";34.61;"A";1000.02;"A";85;"A";48;"A";0;"A";7;"A";41;"A";14.53;"A";6.15;"A";3.64;"A"
"2025-05-26 20:00";25.5;"A";35.15;"A";999.95;"A";84;"A";47;"A";0;"A";6;"A";40;"A";12.25;"A";5.78;"A";3.48;"A"
"2025-05-26 20:15";25.41;"A";35.59;"A";1000.17;"A";83;"A";46;"A";0;"A";6;"A";40;"A";14.31;"A";6.09;"A";3.66;"A"
"2025-05-26 20:30";25.19;"A";36.52;"A";1000.33;"A";78;"A";47;"A";0;"A";7;"A";40;"A";18.3;"A";7.64;"A";4.43;"A"
"2025-05-26 20:45";25.06;"A";36.47;"A";1000.62;"A";88;"A";47;"A";0;"A";8;"A";39;"A";21.82;"A";7.71;"A";4.73;"A"
"2025-05-26 21:00";25.19;"A";35.69;"A";1000.79;"A";121;"A";48;"A";0;"A";16;"A";31;"A";17.48;"A";8.11;"A";4.44;"A"
"2025-05-26 21:15";25;"A";36.42;"A";1001.39;"A";112;"A";47;"A";0;"A";13;"A";34;"A";18.91;"A";8.02;"A";4.7;"A"
"2025-05-26 21:30";24.92;"A";36.78;"A";1001.72;"A";69;"A";46;"A";0;"A";6;"A";41;"A";15.17;"A";6.08;"A";4.12;"A"
"2025-05-26 21:45";24.7;"A";38.23;"A";1002;"A";213;"A";45;"A";0;"A";9;"A";36;"A";23.81;"A";13.69;"A";9.23;"A"
"2025-05-26 22:00";24.14;"A";42.07;"A";1002.27;"A";870;"A";45;"A";0;"A";10;"A";34;"A";22.54;"A";12.75;"A";8.97;"A"
"2025-05-26 22:15";23.38;"A";47.55;"A";1002.16;"A";2672;"A";42;"A";0;"A";9;"A";34;"A";25.91;"A";16.43;"A";12.4;"A"
"2025-05-26 22:30";22.86;"A";49.58;"A";1001.93;"A";346;"A";41;"A";0;"A";8;"A";33;"A";15.91;"A";8.19;"A";5.65;"A"
"2025-05-26 22:45";22.53;"A";50.85;"A";1001.71;"A";285;"A";41;"A";0;"A";11;"A";31;"A";17.81;"A";8.04;"A";5.06;"A"
"2025-05-26 23:00";22.16;"A";53.1;"A";1001.85;"A";299;"A";38;"A";0;"A";11;"A";28;"A";20.86;"A";9.47;"A";5.83;"A"
"2025-05-26 23:15";22.05;"A";53.21;"A";1001.77;"A";243;"A";39;"A";0;"A";11;"A";28;"A";31.24;"A";20.08;"A";14.83;"A"
"2025-05-26 23:30";21.62;"A";56.19;"A";1001.64;"A";393;"A";35;"A";0;"A";10;"A";25;"A";59.46;"A";43.31;"A";32.56;"A"
"2025-05-26 23:45";21.26;"A";57.32;"A";1001.59;"A";589;"A";32;"A";0;"A";10;"A";22;"A";71.3;"A";53.37;"A";39.87;"A"
"2025-05-27 00:00";21.02;"A";58.14;"A";1001.41;"A";464;"A";31;"A";0;"A";8;"A";22;"A";58.85;"A";43.34;"A";31.18;"A"
"2025-05-27 00:15";20.82;"A";58.6;"A";1001.13;"A";295;"A";30;"A";0;"A";9;"A";21;"A";41.98;"A";26.8;"A";18.55;"A"
"2025-05-27 00:30";21.03;"A";54.41;"A";1000.82;"A";135;"A";32;"A";0;"A";6;"A";26;"A";23.92;"A";11.75;"A";7.46;"A"
"2025-05-27 00:45";21.25;"A";50.85;"A";1000.7;"A";76;"A";35;"A";0;"A";5;"A";31;"A";16.42;"A";7.44;"A";5.12;"A"
"2025-05-27 01:00";21.38;"A";48.98;"A";1000.46;"A";65;"A";38;"A";0;"A";5;"A";33;"A";14.59;"A";6.59;"A";4.12;"A"
"2025-05-27 01:15";21.43;"A";48.28;"A";1000.37;"A";70;"A";37;"A";0;"A";5;"A";32;"A";11.91;"A";6.08;"A";3.92;"A"
"2025-05-27 01:30";21.35;"A";48.07;"A";1000.16;"A";73;"A";37;"A";0;"A";5;"A";32;"A";10.95;"A";5.18;"A";3.44;"A"
"2025-05-27 01:45";21.28;"A";47.61;"A";1000.14;"A";66;"A";37;"A";0;"A";4;"A";33;"A";10.24;"A";4.86;"A";3.17;"A"
"2025-05-27 02:00";21.18;"A";47.94;"A";999.88;"A";62;"A";37;"A";0;"A";4;"A";33;"A";12.47;"A";5.37;"A";3.29;"A"
"2025-05-27 02:15";21.1;"A";48.43;"A";999.7;"A";62;"A";37;"A";0;"A";4;"A";33;"A";12.03;"A";5.69;"A";3.5;"A"
"2025-05-27 02:30";20.98;"A";48.18;"A";999.57;"A";60;"A";37;"A";0;"A";5;"A";32;"A";11.71;"A";5.51;"A";3.64;"A"
"2025-05-27 02:45";20.85;"A";48.82;"A";999.52;"A";60;"A";37;"A";0;"A";4;"A";32;"A";9.74;"A";5.54;"A";3.47;"A"
"2025-05-27 03:00";20.82;"A";48.99;"A";999.35;"A";59;"A";37;"A";0;"A";5;"A";33;"A";12.97;"A";5.91;"A";3.64;"A"
"2025-05-27 03:15";20.71;"A";48.84;"A";999.26;"A";61;"A";37;"A";0;"A";4;"A";33;"A";13.47;"A";5.75;"A";3.92;"A"
"2025-05-27 03:30";20.59;"A";49.54;"A";999.27;"A";63;"A";37;"A";0;"A";5;"A";32;"A";11.1;"A";5.85;"A";4.04;"A"
"2025-05-27 03:45";20.63;"A";48.36;"A";999.11;"A";61;"A";37;"A";0;"A";4;"A";33;"A";12.8;"A";7.05;"A";4.61;"A"
"2025-05-27 04:00";20.55;"A";48.35;"A";999.02;"A";62;"A";37;"A";0;"A";4;"A";33;"A";14.1;"A";7.32;"A";4.77;"A"
"2025-05-27 04:15";20.55;"A";48.04;"A";999;"A";65;"A";37;"A";0;"A";4;"A";33;"A";12.81;"A";7.61;"A";4.75;"A"
"2025-05-27 04:30";20.52;"A";48.08;"A";998.9;"A";66;"A";38;"A";0;"A";4;"A";33;"A";11.85;"A";6.75;"A";4.74;"A"
"2025-05-27 04:45";20.54;"A";47.65;"A";998.8;"A";65;"A";37;"A";0;"A";4;"A";33;"A";12.93;"A";6.65;"A";4.74;"A"
"2025-05-27 05:00";20.53;"A";47.02;"A";998.75;"A";64;"A";38;"A";0;"A";5;"A";33;"A";12.33;"A";7.06;"A";4.76;"A"
"2025-05-27 05:15";20.47;"A";47.22;"A";998.83;"A";66;"A";38;"A";0;"A";5;"A";33;"A";14.14;"A";7.36;"A";5.11;"A"
"2025-05-27 05:30";20.48;"A";46.3;"A";998.94;"A";73;"A";38;"A";0;"A";5;"A";34;"A";12.94;"A";6.99;"A";4.9;"A"
"2025-05-27 05:45";20.49;"A";45.68;"A";999;"A";76;"A";39;"A";0;"A";6;"A";33;"A";13.29;"A";7.31;"A";4.98;"A"
"2025-05-27 06:00";20.48;"A";45.61;"A";999.03;"A";77;"A";38;"A";0;"A";6;"A";33;"A";12.67;"A";6.43;"A";4.58;"A"
"2025-05-27 06:15";20.5;"A";45.8;"A";999.16;"A";84;"A";39;"A";0;"A";6;"A";33;"A";12.83;"A";7.6;"A";4.85;"A"
"2025-05-27 06:30";20.52;"A";46.39;"A";999.4;"A";91;"A";38;"A";0;"A";7;"A";31;"A";13.58;"A";6.81;"A";4.53;"A"
"2025-05-27 06:45";20.64;"A";46.79;"A";999.52;"A";88;"A";37;"A";0;"A";6;"A";31;"A";13.6;"A";6.77;"A";4.7;"A"
"2025-05-27 07:00";20.65;"A";46.96;"A";999.39;"A";87;"A";37;"A";0;"A";6;"A";31;"A";12.81;"A";7;"A";4.65;"A"
"2025-05-27 07:15";20.59;"A";47.88;"A";999.37;"A";102;"A";37;"A";0;"A";8;"A";28;"A";13.92;"A";6.15;"A";4.45;"A"
"2025-05-27 07:30";20.77;"A";46.11;"A";999.43;"A";97;"A";36;"A";0;"A";6;"A";30;"A";13.54;"A";6.23;"A";4.31;"A"
"2025-05-27 07:45";20.81;"A";46.1;"A";999.36;"A";87;"A";37;"A";0;"A";7;"A";30;"A";12.41;"A";6.72;"A";4.31;"A"
"2025-05-27 08:00";20.96;"A";45.82;"A";999.32;"A";96;"A";38;"A";0;"A";6;"A";32;"A";13.37;"A";7.16;"A";4.67;"A"
"2025-05-27 08:15";21.07;"A";45.66;"A";999.25;"A";99;"A";38;"A";0;"A";7;"A";31;"A";17.68;"A";8.45;"A";5.26;"A"
"2025-05-27 08:30";21.03;"A";46.27;"A";999.09;"A";108;"A";39;"A";0;"A";9;"A";30;"A";15.45;"A";6.64;"A";4.59;"A"
"2025-05-27 08:45";21.05;"A";46.09;"A";999.08;"A";123;"A";38;"A";0;"A";9;"A";29;"A";16.36;"A";8.91;"A";6.03;"A"
"2025-05-27 09:00";21.04;"A";46.49;"A";999.03;"A";113;"A";39;"A";0;"A";8;"A";31;"A";17.78;"A";9.92;"A";6.67;"A"
"2025-05-27 09:15";20.94;"A";47.49;"A";999.27;"A";110;"A";38;"A";0;"A";8;"A";30;"A";15.88;"A";7.45;"A";4.92;"A"
"2025-05-27 09:30";21.04;"A";48.7;"A";999.33;"A";134;"A";37;"A";0;"A";8;"A";29;"A";17.51;"A";8.45;"A";5.33;"A"
"2025-05-27 09:45";21.42;"A";47.67;"A";999.36;"A";87;"A";39;"A";0;"A";7;"A";32;"A";19.97;"A";9.73;"A";5.99;"A"
"2025-05-27 10:00";21.57;"A";47.66;"A";999.51;"A";84;"A";39;"A";0;"A";6;"A";33;"A";16.48;"A";8.64;"A";5.16;"A"
"2025-05-27 10:15";21.75;"A";47.76;"A";999.45;"A";80;"A";39;"A";0;"A";7;"A";32;"A";18.9;"A";8.23;"A";5;"A"
"2025-05-27 10:30";22.3;"A";46.72;"A";999.27;"A";125;"A";39;"A";0;"A";9;"A";30;"A";23.31;"A";11.74;"A";7.86;"A"
"2025-05-27 10:45";22.41;"A";47.42;"A";999.29;"A";90;"A";39;"A";0;"A";5;"A";33;"A";15.31;"A";7.34;"A";4.6;"A"
"2025-05-27 11:00";22.6;"A";46.56;"A";999.47;"A";97;"A";39;"A";0;"A";6;"A";33;"A";15.41;"A";8.52;"A";5.61;"A"
"2025-05-27 11:15";23.21;"A";45.72;"A";999.55;"A";105;"A";40;"A";0;"A";6;"A";33;"A";16.79;"A";8.48;"A";5.39;"A"
"2025-05-27 11:30";23.85;"A";45.16;"A";999.53;"A";103;"A";40;"A";0;"A";6;"A";34;"A";16.92;"A";8.02;"A";5.06;"A"
"2025-05-27 11:45";24.47;"A";44.47;"A";999.52;"A";108;"A";40;"A";0;"A";6;"A";35;"A";20.33;"A";8.98;"A";5.77;"A"
"2025-05-27 12:00";24.71;"A";43.1;"A";999.38;"A";98;"A";41;"A";0;"A";6;"A";35;"A";15.77;"A";8.29;"A";5.2;"A"
"2025-05-27 12:15";25.16;"A";42.38;"A";999.39;"A";171;"A";40;"A";0;"A";6;"A";35;"A";17.95;"A";9.27;"A";6.01;"A"
"2025-05-27 12:30";25.12;"A";42.12;"A";999.47;"A";102;"A";42;"A";0;"A";5;"A";37;"A";15.73;"A";7.31;"A";4.93;"A"
"2025-05-27 12:45";25.59;"A";42.42;"A";999.35;"A";119;"A";42;"A";0;"A";7;"A";35;"A";16.95;"A";7.64;"A";5.16;"A"
"2025-05-27 13:00";25.85;"A";41.41;"A";999.38;"A";118;"A";43;"A";0;"A";6;"A";36;"A";17.33;"A";8.11;"A";5.02;"A"
"2025-05-27 13:15";26.24;"A";40.3;"A";999.17;"A";120;"A";43;"A";0;"A";6;"A";37;"A";17.13;"A";8.32;"A";5.45;"A"
"2025-05-27 13:30";26.46;"A";40.04;"A";999.09;"A";107;"A";43;"A";0;"A";6;"A";38;"A";15.37;"A";7.45;"A";4.74;"A"
"2025-05-27 13:45";26.9;"A";39.18;"A";999.04;"A";106;"A";44;"A";0;"A";5;"A";39;"A";14;"A";7.27;"A";4.62;"A"
"2025-05-27 14:00";27.07;"A";38.84;"A";998.99;"A";117;"A";43;"A";0;"A";6;"A";37;"A";14.53;"A";7.15;"A";4.62;"A"
"2025-05-27 14:15";27.01;"A";39.1;"A";998.9;"A";130;"A";43;"A";0;"A";7;"A";37;"A";16.45;"A";7.6;"A";4.81;"A"
"2025-05-27 14:30";27.04;"A";40.61;"A";998.89;"A";129;"A";43;"A";0;"A";7;"A";37;"A";15.58;"A";7.88;"A";4.87;"A"
"2025-05-27 14:45";27.36;"A";39.53;"A";998.98;"A";111;"A";42;"A";0;"A";5;"A";37;"A";16.72;"A";8.36;"A";5.38;"A"
"2025-05-27 15:00";27.37;"A";39.13;"A";998.97;"A";112;"A";43;"A";0;"A";5;"A";37;"A";16.79;"A";8.5;"A";5.29;"A"
"2025-05-27 15:15";27.05;"A";40.4;"A";998.94;"A";127;"A";43;"A";0;"A";6;"A";37;"A";16.17;"A";7.79;"A";5.01;"A"
"2025-05-27 15:30";26.64;"A";40.62;"A";998.95;"A";117;"A";43;"A";0;"A";6;"A";36;"A";18.28;"A";8.57;"A";5.7;"A"
"2025-05-27 15:45";25.52;"A";45.1;"A";999.21;"A";129;"A";43;"A";0;"A";9;"A";34;"A";20.32;"A";9.85;"A";6.38;"A"
"2025-05-27 16:00";23.86;"A";55.33;"A";999.32;"A";152;"A";41;"A";0;"A";9;"A";32;"A";18.59;"A";9.59;"A";6.42;"A"
"2025-05-27 16:15";23.04;"A";59.59;"A";999.26;"A";147;"A";37;"A";0;"A";10;"A";28;"A";22.14;"A";11.6;"A";7.71;"A"
"2025-05-27 16:30";22.92;"A";59.02;"A";999.42;"A";389;"A";35;"A";0;"A";12;"A";23;"A";49.39;"A";31.74;"A";23.02;"A"
"2025-05-27 16:45";22.77;"A";58.64;"A";999.33;"A";533;"A";40;"A";0;"A";15;"A";25;"A";41.2;"A";25.34;"A";17.51;"A"
"2025-05-27 17:00";22.43;"A";61.09;"A";999.29;"A";615;"A";37;"A";0;"A";11;"A";26;"A";30.39;"A";19.33;"A";14.13;"A"
"2025-05-27 17:15";21.57;"A";66.81;"A";999.42;"A";968;"A";38;"A";0;"A";10;"A";28;"A";37.14;"A";24.54;"A";18.45;"A"
"2025-05-27 17:30";20.68;"A";70.81;"A";999.57;"A";3713;"A";36;"A";0;"A";10;"A";25;"A";24.77;"A";15.72;"A";12.06;"A"
"2025-05-27 17:45";20.3;"A";73.77;"A";999.64;"A";188;"A";33;"A";0;"A";7;"A";27;"A";19.24;"A";10.7;"A";7.06;"A"
"2025-05-27 18:00";20.06;"A";75.28;"A";999.73;"A";244;"A";34;"A";0;"A";9;"A";24;"A";22.9;"A";13.35;"A";9.08;"A"
"2025-05-27 18:15";19.8;"A";76.62;"A";999.77;"A";405;"A";32;"A";0;"A";10;"A";22;"A";22.61;"A";16.43;"A";15.03;"A"
"2025-05-27 18:30";19.62;"A";76.86;"A";999.93;"A";246;"A";33;"A";0;"A";7;"A";26;"A";12.62;"A";8.93;"A";8.1;"A"
"2025-05-27 18:45";19.42;"A";77.21;"A";999.88;"A";195;"A";33;"A";0;"A";6;"A";27;"A";11.45;"A";8.14;"A";7.53;"A"
"2025-05-27 19:00";19.3;"A";78.29;"A";1000.02;"A";158;"A";32;"A";0;"A";6;"A";26;"A";11.35;"A";8.07;"A";7.46;"A"
"2025-05-27 19:15";19.18;"A";78.59;"A";1000.17;"A";207;"A";31;"A";0;"A";8;"A";24;"A";20.16;"A";14.53;"A";13.63;"A"
"2025-05-27 19:30";18.98;"A";79.62;"A";1000.1;"A";245;"A";32;"A";0;"A";5;"A";27;"A";15.32;"A";10.97;"A";10.24;"A"
"2025-05-27 19:45";18.9;"A";80.21;"A";1000.1;"A";399;"A";30;"A";0;"A";6;"A";24;"A";12.41;"A";8.84;"A";8.2;"A"
"2025-05-27 20:00";18.91;"A";80.22;"A";1000.09;"A";288;"A";31;"A";0;"A";10;"A";20;"A";38.59;"A";28.02;"A";26.53;"A"
"2025-05-27 20:15";18.76;"A";80.7;"A";999.9;"A";302;"A";29;"A";0;"A";11;"A";18;"A";64.39;"A";46.92;"A";44.59;"A"
"2025-05-27 20:30";18.72;"A";80.44;"A";999.75;"A";320;"A";28;"A";0;"A";10;"A";18;"A";81.01;"A";59.1;"A";56.22;"A"
"2025-05-27 20:45";18.61;"A";81.26;"A";999.81;"A";215;"A";28;"A";0;"A";9;"A";19;"A";55.25;"A";40.23;"A";38.19;"A"
"2025-05-27 21:00";18.66;"A";80.69;"A";999.95;"A";214;"A";27;"A";0;"A";6;"A";21;"A";42.6;"A";30.96;"A";29.34;"A"
"2025-05-27 21:15";18.61;"A";80.66;"A";1000.1;"A";156;"A";30;"A";0;"A";7;"A";23;"A";34.59;"A";25.09;"A";23.73;"A"
"2025-05-27 21:30";18.62;"A";80.21;"A";1000.09;"A";135;"A";30;"A";0;"A";8;"A";22;"A";27.51;"A";19.9;"A";18.77;"A"
"2025-05-27 21:45";18.6;"A";81.14;"A";1000.22;"A";161;"A";31;"A";0;"A";10;"A";21;"A";36.69;"A";26.63;"A";25.2;"A"
"2025-05-27 22:00";18.61;"A";81.59;"A";1000.37;"A";556;"A";28;"A";0;"A";6;"A";22;"A";43.42;"A";31.56;"A";29.91;"A"
"2025-05-27 22:15";18.38;"A";81.79;"A";1000.51;"A";225;"A";28;"A";0;"A";5;"A";24;"A";10.38;"A";7.36;"A";6.78;"A"
"2025-05-27 22:30";18.15;"A";82.03;"A";1000.71;"A";80;"A";27;"A";0;"A";4;"A";23;"A";4.39;"A";2.97;"A";2.59;"A"
"2025-05-27 22:45";17.81;"A";82.16;"A";1000.62;"A";81;"A";28;"A";0;"A";4;"A";23;"A";3.91;"A";2.62;"A";2.25;"A"
"2025-05-27 23:00";17.48;"A";81.83;"A";1000.6;"A";69;"A";30;"A";0;"A";5;"A";25;"A";3.92;"A";2.62;"A";2.26;"A"
"2025-05-27 23:15";17.36;"A";82.68;"A";1000.39;"A";72;"A";30;"A";0;"A";6;"A";24;"A";7.14;"A";4.99;"A";4.52;"A"
"2025-05-27 23:30";17.19;"A";81.91;"A";1000.42;"A";84;"A";29;"A";0;"A";6;"A";23;"A";4.63;"A";3.14;"A";2.76;"A"
"2025-05-27 23:45";17.02;"A";82.16;"A";1000.52;"A";77;"A";30;"A";0;"A";7;"A";23;"A";4.64;"A";3.15;"A";2.76;"A"
"2025-05-28 00:00";16.91;"A";82.46;"A";1000.64;"A";75;"A";30;"A";0;"A";6;"A";24;"A";4.59;"A";3.11;"A";2.73;"A"
"2025-05-28 00:15";16.96;"A";82.91;"A";1000.61;"A";76;"A";28;"A";0;"A";6;"A";22;"A";3.67;"A";2.44;"A";2.08;"A"
"2025-05-28 00:30";16.89;"A";83.08;"A";1000.77;"A";83;"A";28;"A";0;"A";10;"A";18;"A";3.74;"A";2.49;"A";2.14;"A"
"2025-05-28 00:45";16.86;"A";82.58;"A";1000.66;"A";78;"A";28;"A";0;"A";10;"A";18;"A";4.19;"A";2.82;"A";2.45;"A"
"2025-05-28 01:00";16.82;"A";82.67;"A";1000.71;"A";82;"A";28;"A";0;"A";8;"A";19;"A";7.03;"A";4.91;"A";4.44;"A"
"2025-05-28 01:15";16.69;"A";82.92;"A";1000.62;"A";70;"A";28;"A";0;"A";8;"A";21;"A";3.45;"A";2.28;"A";1.93;"A"
"2025-05-28 01:30";16.62;"A";82.58;"A";1000.56;"A";69;"A";27;"A";0;"A";7;"A";20;"A";3.36;"A";2.22;"A";1.87;"A"
"2025-05-28 01:45";16.64;"A";82.66;"A";1000.62;"A";72;"A";26;"A";0;"A";7;"A";19;"A";3.43;"A";2.27;"A";1.92;"A"
"2025-05-28 02:00";16.59;"A";81.82;"A";1000.65;"A";74;"A";27;"A";0;"A";8;"A";19;"A";3.28;"A";2.15;"A";1.81;"A"
"2025-05-28 02:15";16.6;"A";82.4;"A";1000.66;"A";65;"A";29;"A";0;"A";9;"A";20;"A";3.51;"A";2.32;"A";1.97;"A"
"2025-05-28 02:30";16.48;"A";82.78;"A";1000.75;"A";76;"A";27;"A";0;"A";8;"A";19;"A";3.76;"A";2.51;"A";2.15;"A"
"2025-05-28 02:45";16.47;"A";81.68;"A";1000.84;"A";72;"A";27;"A";0;"A";6;"A";21;"A";3.48;"A";2.3;"A";1.95;"A"
"2025-05-28 03:00";16.43;"A";82.77;"A";1000.8;"A";70;"A";27;"A";0;"A";6;"A";21;"A";3.6;"A";2.39;"A";2.03;"A"
"2025-05-28 03:15";16.39;"A";82.91;"A";1000.61;"A";69;"A";26;"A";0;"A";5;"A";21;"A";3.77;"A";2.52;"A";2.16;"A"
"2025-05-28 03:30";16.21;"A";83.03;"A";1000.51;"A";66;"A";28;"A";0;"A";4;"A";24;"A";3.15;"A";2.06;"A";1.72;"A"
"2025-05-28 03:45";16.15;"A";82.89;"A";1000.51;"A";66;"A";27;"A";0;"A";4;"A";23;"A";2.96;"A";1.92;"A";1.59;"A"
"2025-05-28 04:00";16.15;"A";82.86;"A";1000.41;"A";59;"A";28;"A";0;"A";4;"A";24;"A";2.86;"A";1.85;"A";1.52;"A"
"2025-05-28 04:15";16.18;"A";82.68;"A";1000.16;"A";59;"A";28;"A";0;"A";4;"A";24;"A";2.85;"A";1.84;"A";1.51;"A"
"2025-05-28 04:30";16.16;"A";83.01;"A";1000.09;"A";62;"A";27;"A";0;"A";3;"A";23;"A";3.01;"A";1.95;"A";1.62;"A"
"2025-05-28 04:45";16.1;"A";83.16;"A";1000.23;"A";65;"A";26;"A";0;"A";3;"A";22;"A";2.73;"A";1.75;"A";1.42;"A"
"2025-05-28 05:00";16.12;"A";82.7;"A";1000.33;"A";60;"A";27;"A";0;"A";4;"A";23;"A";2.88;"A";1.87;"A";1.54;"A"
"2025-05-28 05:15";16.2;"A";82.99;"A";1000.33;"A";64;"A";26;"A";0;"A";4;"A";23;"A";2.74;"A";1.76;"A";1.44;"A"
"2025-05-28 05:30";16.29;"A";82.97;"A";1000.12;"A";67;"A";26;"A";0;"A";4;"A";22;"A";3.69;"A";2.46;"A";2.1;"A"
"2025-05-28 05:45";16.3;"A";82.7;"A";999.83;"A";68;"A";27;"A";0;"A";5;"A";22;"A";5.71;"A";3.94;"A";3.52;"A"
"2025-05-28 06:00";16.34;"A";82.93;"A";999.63;"A";72;"A";27;"A";0;"A";6;"A";21;"A";5.97;"A";4.12;"A";3.69;"A"
"2025-05-28 06:15";16.4;"A";82.58;"A";999.88;"A";96;"A";25;"A";0;"A";6;"A";19;"A";6.51;"A";4.52;"A";4.07;"A"
"2025-05-28 06:30";16.18;"A";83.35;"A";999.5;"A";102;"A";27;"A";0;"A";7;"A";20;"A";10.02;"A";7.09;"A";6.53;"A"
"2025-05-28 06:45";16.01;"A";84.26;"A";999.75;"A";136;"A";28;"A";0;"A";9;"A";19;"A";8.21;"A";5.76;"A";5.26;"A"
"2025-05-28 07:00";15.87;"A";84.73;"A";1000.05;"A";136;"A";30;"A";0;"A";15;"A";15;"A";8.86;"A";6.25;"A";5.72;"A"
"2025-05-28 07:15";15.83;"A";84.92;"A";999.94;"A";142;"A";28;"A";0;"A";12;"A";16;"A";13.94;"A";9.96;"A";9.27;"A"
"2025-05-28 07:30";15.85;"A";84.91;"A";1000.05;"A";148;"A";27;"A";0;"A";11;"A";16;"A";8.24;"A";5.79;"A";5.29;"A"
"2025-05-28 07:45";15.83;"A";84.96;"A";999.9;"A";181;"A";27;"A";0;"A";12;"A";15;"A";10.68;"A";7.57;"A";6.99;"A"
"2025-05-28 08:00";15.88;"A";84.66;"A";999.93;"A";178;"A";29;"A";0;"A";15;"A";14;"A";11.86;"A";8.44;"A";7.82;"A"
"2025-05-28 08:15";15.92;"A";84.47;"A";1000.03;"A";203;"A";29;"A";0;"A";15;"A";14;"A";16.38;"A";11.75;"A";10.98;"A"
"2025-05-28 08:30";16.03;"A";84.56;"A";1000.16;"A";213;"A";30;"A";0;"A";14;"A";15;"A";14.99;"A";10.73;"A";10.01;"A"
"2025-05-28 08:45";16.16;"A";84.88;"A";1000.21;"A";213;"A";29;"A";0;"A";15;"A";13;"A";12.45;"A";8.87;"A";8.23;"A"
"2025-05-28 09:00";16.06;"A";83.93;"A";1000.36;"A";160;"A";28;"A";0;"A";11;"A";17;"A";8.15;"A";5.72;"A";5.22;"A"
"2025-05-28 09:15";15.88;"A";83.69;"A";1000.24;"A";162;"A";29;"A";0;"A";10;"A";19;"A";9.13;"A";6.44;"A";5.9;"A"
"2025-05-28 09:30";15.8;"A";84.34;"A";1000.37;"A";170;"A";30;"A";0;"A";13;"A";17;"A";12.09;"A";8.61;"A";7.98;"A"
"2025-05-28 09:45";15.75;"A";84.32;"A";1000.4;"A";133;"A";29;"A";0;"A";8;"A";21;"A";6.73;"A";4.68;"A";4.23;"A"
"2025-05-28 10:00";15.74;"A";83.85;"A";1000.39;"A";116;"A";32;"A";0;"A";9;"A";23;"A";3.64;"A";2.42;"A";2.06;"A"
"2025-05-28 10:15";15.81;"A";83.91;"A";1000.46;"A";97;"A";33;"A";0;"A";8;"A";24;"A";3.85;"A";2.57;"A";2.21;"A"
"2025-05-28 10:30";15.79;"A";83.87;"A";1000.59;"A";146;"A";32;"A";0;"A";9;"A";23;"A";5.33;"A";3.66;"A";3.25;"A"
"2025-05-28 10:45";15.77;"A";83.8;"A";1000.6;"A";112;"A";33;"A";0;"A";11;"A";22;"A";5.74;"A";3.96;"A";3.54;"A"
"2025-05-28 11:00";15.81;"A";83.49;"A";1000.68;"A";118;"A";33;"A";0;"A";11;"A";23;"A";7.69;"A";5.39;"A";4.9;"A"
"2025-05-28 11:15";15.7;"A";83.66;"A";1000.78;"A";108;"A";33;"A";0;"A";8;"A";25;"A";4.91;"A";3.35;"A";2.95;"A"
"2025-05-28 11:30";15.64;"A";83.99;"A";1000.96;"A";130;"A";34;"A";0;"A";9;"A";25;"A";7.82;"A";5.48;"A";4.99;"A"
"2025-05-28 11:45";15.52;"A";84.65;"A";1001.07;"A";131;"A";34;"A";0;"A";9;"A";25;"A";17.02;"A";12.22;"A";11.43;"A"
"2025-05-28 12:00";15.44;"A";84.7;"A";1001.23;"A";103;"A";34;"A";0;"A";9;"A";24;"A";6.1;"A";4.22;"A";3.78;"A"
"2025-05-28 12:15";15.54;"A";84.71;"A";1001.38;"A";114;"A";37;"A";0;"A";15;"A";22;"A";6.31;"A";4.37;"A";3.93;"A"
"2025-05-28 12:30";15.62;"A";84.34;"A";1001.41;"A";107;"A";37;"A";0;"A";13;"A";24;"A";6.06;"A";4.19;"A";3.76;"A"
"2025-05-28 12:45";15.79;"A";84.14;"A";1001.44;"A";100;"A";40;"A";0;"A";15;"A";25;"A";8.84;"A";6.23;"A";5.71;"A"
"2025-05-28 13:00";16.01;"A";83.44;"A";1001.44;"A";85;"A";38;"A";0;"A";9;"A";29;"A";6.16;"A";4.26;"A";3.82;"A"
"2025-05-28 13:15";16.03;"A";82.47;"A";1001.52;"A";82;"A";38;"A";0;"A";8;"A";31;"A";7.77;"A";5.44;"A";4.95;"A"
"2025-05-28 13:30";16.2;"A";83.28;"A";1001.52;"A";84;"A";39;"A";0;"A";8;"A";31;"A";7.96;"A";5.58;"A";5.09;"A"
"2025-05-28 13:45";16.45;"A";82.21;"A";1001.36;"A";100;"A";37;"A";0;"A";8;"A";29;"A";5.72;"A";3.94;"A";3.52;"A"
"2025-05-28 14:00";16.77;"A";80.31;"A";1001.21;"A";68;"A";39;"A";0;"A";7;"A";33;"A";5.11;"A";3.49;"A";3.09;"A"
"2025-05-28 14:15";17.18;"A";79.44;"A";1001.03;"A";78;"A";40;"A";0;"A";8;"A";33;"A";6.38;"A";4.42;"A";3.98;"A"
"2025-05-28 14:30";17.67;"A";78.32;"A";1000.87;"A";140;"A";40;"A";0;"A";8;"A";32;"A";7.79;"A";5.46;"A";4.97;"A"
"2025-05-28 14:45";18.14;"A";78.32;"A";1000.89;"A";319;"A";42;"A";0;"A";11;"A";31;"A";13.91;"A";9.94;"A";9.25;"A"
"2025-05-28 15:00";18.67;"A";77.48;"A";1000.84;"A";1444;"A";40;"A";0;"A";12;"A";28;"A";62.6;"A";46.47;"A";41.59;"A"
"2025-05-28 15:15";18.96;"A";74.9;"A";1000.81;"A";1718;"A";43;"A";0;"A";20;"A";23;"A";144.49;"A";110.33;"A";85.73;"A"
"2025-05-28 15:30";19.07;"A";73.27;"A";1000.72;"A";910;"A";44;"A";0;"A";22;"A";22;"A";105.66;"A";75.37;"A";53.82;"A"
"2025-05-28 15:45";19.06;"A";72.1;"A";1000.65;"A";260;"A";41;"A";0;"A";15;"A";26;"A";43.85;"A";29.39;"A";20.6;"A"
"2025-05-28 16:00";19.24;"A";71.98;"A";1000.77;"A";218;"A";44;"A";0;"A";14;"A";30;"A";27.86;"A";17.25;"A";12.6;"A"
"2025-05-28 16:15";19.52;"A";71.4;"A";1000.64;"A";258;"A";42;"A";0;"A";12;"A";30;"A";32.42;"A";23.68;"A";16.22;"A"
"2025-05-28 16:30";19.7;"A";70.49;"A";1000.53;"A";390;"A";43;"A";0;"A";10;"A";33;"A";26.74;"A";17.78;"A";12.58;"A"
"2025-05-28 16:45";19.77;"A";69.25;"A";1000.37;"A";280;"A";41;"A";0;"A";12;"A";29;"A";18.87;"A";12.71;"A";9;"A"
"2025-05-28 17:00";19.76;"A";68.85;"A";1000.3;"A";132;"A";42;"A";0;"A";8;"A";34;"A";10.33;"A";4.96;"A";3.23;"A"
"2025-05-28 17:15";20.26;"A";67.73;"A";1000.45;"A";129;"A";41;"A";0;"A";5;"A";36;"A";6.59;"A";3.69;"A";2.38;"A"
"2025-05-28 17:30";20.48;"A";66.61;"A";1000.33;"A";107;"A";43;"A";0;"A";6;"A";37;"A";7.42;"A";4.1;"A";2.7;"A"
"2025-05-28 17:45";20.75;"A";66.77;"A";1000.13;"A";117;"A";42;"A";0;"A";6;"A";36;"A";7.9;"A";4.05;"A";2.48;"A"
"2025-05-28 18:00";20.65;"A";66.92;"A";1000.11;"A";109;"A";42;"A";0;"A";6;"A";36;"A";10.06;"A";6.43;"A";4.5;"A"
"2025-05-28 18:15";20.54;"A";66.78;"A";1000.08;"A";118;"A";41;"A";0;"A";7;"A";34;"A";13.94;"A";8.2;"A";5.57;"A"
"2025-05-28 18:30";20.27;"A";67.33;"A";1000;"A";138;"A";41;"A";0;"A";7;"A";34;"A";12.69;"A";7.49;"A";5.41;"A"
"2025-05-28 18:45";20.16;"A";68.14;"A";1000.12;"A";103;"A";42;"A";0;"A";6;"A";36;"A";12.01;"A";7.56;"A";5.41;"A"
"2025-05-28 19:00";20.13;"A";68.34;"A";1000.11;"A";112;"A";40;"A";0;"A";5;"A";35;"A";9.44;"A";5.51;"A";3.98;"A"
"2025-05-28 19:15";20;"A";68.9;"A";1000.08;"A";111;"A";40;"A";0;"A";6;"A";34;"A";12.74;"A";7.38;"A";4.99;"A"
"2025-05-28 19:30";19.85;"A";69.39;"A";1000.1;"A";108;"A";40;"A";0;"A";6;"A";34;"A";11.29;"A";6.36;"A";4.19;"A"
"2025-05-28 19:45";19.66;"A";69.38;"A";999.99;"A";123;"A";41;"A";0;"A";7;"A";34;"A";13.42;"A";6.89;"A";4.58;"A"
"2025-05-28 20:00";19.38;"A";70.87;"A";999.85;"A";117;"A";39;"A";0;"A";7;"A";32;"A";8.74;"A";5;"A";3.16;"A"
"2025-05-28 20:15";19.16;"A";71.2;"A";999.87;"A";108;"A";38;"A";0;"A";6;"A";32;"A";7.19;"A";4.03;"A";2.63;"A"
"2025-05-28 20:30";18.94;"A";71.56;"A";999.85;"A";113;"A";37;"A";0;"A";6;"A";31;"A";7.89;"A";4.24;"A";2.83;"A"
"2025-05-28 20:45";18.9;"A";70.55;"A";999.94;"A";98;"A";38;"A";0;"A";6;"A";32;"A";8.48;"A";4.59;"A";2.74;"A"
"2025-05-28 21:00";18.65;"A";72.38;"A";999.93;"A";98;"A";37;"A";0;"A";6;"A";31;"A";6.75;"A";4.19;"A";2.99;"A"
"2025-05-28 21:15";18.4;"A";74.6;"A";1000.13;"A";109;"A";36;"A";0;"A";6;"A";29;"A";8.25;"A";4.82;"A";3.52;"A"
"2025-05-28 21:30";18.2;"A";77.48;"A";1000.14;"A";137;"A";33;"A";0;"A";6;"A";27;"A";9.84;"A";6.96;"A";6.4;"A"
"2025-05-28 21:45";17.95;"A";78.84;"A";1000.18;"A";148;"A";30;"A";0;"A";6;"A";25;"A";11.65;"A";8.29;"A";7.67;"A"
"2025-05-28 22:00";17.83;"A";79;"A";1000.11;"A";135;"A";30;"A";0;"A";6;"A";25;"A";11.05;"A";7.85;"A";7.25;"A"
"2025-05-28 22:15";17.67;"A";79.63;"A";1000;"A";125;"A";29;"A";0;"A";5;"A";24;"A";10.6;"A";7.52;"A";6.94;"A"
"2025-05-28 22:30";17.46;"A";80.37;"A";999.91;"A";120;"A";28;"A";0;"A";6;"A";23;"A";10.66;"A";7.57;"A";6.98;"A"
"2025-05-28 22:45";17.26;"A";81.35;"A";999.7;"A";119;"A";28;"A";0;"A";5;"A";22;"A";11.7;"A";8.32;"A";7.7;"A"
"2025-05-28 23:00";17.03;"A";82.12;"A";999.55;"A";121;"A";26;"A";0;"A";5;"A";21;"A";12.53;"A";8.93;"A";8.29;"A"
"2025-05-28 23:15";16.9;"A";82.99;"A";999.57;"A";114;"A";25;"A";0;"A";7;"A";19;"A";12.51;"A";8.92;"A";8.27;"A"
"2025-05-28 23:30";16.92;"A";83.38;"A";999.43;"A";105;"A";25;"A";0;"A";7;"A";19;"A";13.53;"A";9.67;"A";8.99;"A"
"2025-05-28 23:45";16.98;"A";83.59;"A";999.53;"A";115;"A";25;"A";0;"A";8;"A";17;"A";14.03;"A";10.03;"A";9.34;"A"
"2025-05-29 00:00";17.1;"A";83.46;"A";999.62;"A";101;"A";25;"A";0;"A";8;"A";17;"A";13.65;"A";9.75;"A";9.07;"A"
"2025-05-29 00:15";17.15;"A";83.41;"A";999.64;"A";88;"A";24;"A";0;"A";7;"A";18;"A";12.3;"A";8.76;"A";8.13;"A"
"2025-05-29 00:30";17.09;"A";83.37;"A";999.56;"A";87;"A";24;"A";0;"A";6;"A";18;"A";13.28;"A";9.48;"A";8.81;"A"
"2025-05-29 00:45";16.98;"A";83.71;"A";999.55;"A";87;"A";25;"A";0;"A";8;"A";16;"A";14.25;"A";10.19;"A";9.49;"A"
"2025-05-29 01:00";17.11;"A";83.13;"A";999.56;"A";96;"A";25;"A";0;"A";9;"A";16;"A";20.29;"A";14.61;"A";13.72;"A"
"2025-05-29 01:15";17.08;"A";81.92;"A";999.41;"A";186;"A";25;"A";0;"A";8;"A";17;"A";42.74;"A";31.06;"A";29.43;"A"
"2025-05-29 01:30";16.85;"A";81.7;"A";999.33;"A";266;"A";24;"A";0;"A";7;"A";17;"A";52.35;"A";38.1;"A";36.16;"A"
"2025-05-29 01:45";16.69;"A";79.47;"A";999.37;"A";572;"A";27;"A";0;"A";8;"A";19;"A";40.71;"A";29.58;"A";28.01;"A"
"2025-05-29 02:00";16.56;"A";79.98;"A";999.29;"A";820;"A";28;"A";0;"A";9;"A";20;"A";37.92;"A";27.53;"A";26.06;"A"
"2025-05-29 02:15";16.4;"A";80.32;"A";999.24;"A";1100;"A";28;"A";0;"A";9;"A";18;"A";35.38;"A";25.67;"A";24.28;"A"
"2025-05-29 02:30";16.1;"A";80.44;"A";999.27;"A";1286;"A";26;"A";0;"A";8;"A";18;"A";47.08;"A";34.25;"A";32.47;"A"
"2025-05-29 02:45";15.86;"A";80.34;"A";999.1;"A";990;"A";24;"A";1;"A";7;"A";17;"A";46.44;"A";33.63;"A";31.62;"A"
"2025-05-29 03:00";15.42;"A";81.42;"A";999;"A";726;"A";25;"A";1;"A";7;"A";18;"A";35.44;"A";25.98;"A";24.16;"A"
"2025-05-29 03:15";15.29;"A";81.26;"A";999.07;"A";525;"A";26;"A";0;"A";7;"A";19;"A";23.63;"A";17.06;"A";16.05;"A"
"2025-05-29 03:30";14.97;"A";81.69;"A";998.95;"A";450;"A";26;"A";0;"A";7;"A";19;"A";17.24;"A";12.38;"A";11.58;"A"
"2025-05-29 03:45";14.58;"A";82.27;"A";998.99;"A";433;"A";26;"A";0;"A";7;"A";18;"A";16.7;"A";11.99;"A";11.21;"A"
"2025-05-29 04:00";14.36;"A";82.94;"A";998.89;"A";399;"A";26;"A";0;"A";8;"A";18;"A";13.64;"A";9.74;"A";9.06;"A"
"2025-05-29 04:15";14.27;"A";82.98;"A";998.89;"A";433;"A";27;"A";0;"A";9;"A";18;"A";11.41;"A";8.11;"A";7.5;"A"
"2025-05-29 04:30";14.37;"A";82.99;"A";998.87;"A";392;"A";27;"A";0;"A";9;"A";18;"A";11.23;"A";7.98;"A";7.38;"A"
"2025-05-29 04:45";14.18;"A";82.95;"A";998.85;"A";392;"A";26;"A";0;"A";8;"A";18;"A";15.17;"A";10.86;"A";10.13;"A"
"2025-05-29 05:00";14.1;"A";83.24;"A";998.86;"A";570;"A";27;"A";0;"A";9;"A";17;"A";22.49;"A";16.23;"A";15.26;"A"
"2025-05-29 05:15";14.21;"A";82.63;"A";998.97;"A";450;"A";27;"A";0;"A";9;"A";18;"A";19.54;"A";14.07;"A";13.19;"A"
"2025-05-29 05:30";14.09;"A";82.05;"A";999.02;"A";286;"A";31;"A";0;"A";11;"A";21;"A";13.98;"A";10;"A";9.3;"A"
"2025-05-29 05:45";14;"A";82.82;"A";999.01;"A";202;"A";28;"A";0;"A";11;"A";18;"A";12.77;"A";9.11;"A";8.46;"A"
"2025-05-29 06:00";13.95;"A";83.19;"A";999.07;"A";297;"A";26;"A";0;"A";12;"A";14;"A";17.4;"A";12.5;"A";11.7;"A"
"2025-05-29 06:15";14.35;"A";82.79;"A";999.25;"A";298;"A";27;"A";0;"A";14;"A";13;"A";17.23;"A";12.38;"A";11.58;"A"
"2025-05-29 06:30";14.78;"A";81.82;"A";999.34;"A";628;"A";31;"A";0;"A";17;"A";14;"A";27.42;"A";19.84;"A";18.71;"A"
"2025-05-29 06:45";15.34;"A";79.15;"A";999.33;"A";916;"A";32;"A";0;"A";14;"A";18;"A";47.9;"A";34.84;"A";33.05;"A"
"2025-05-29 07:00";15.9;"A";76.58;"A";999.17;"A";1094;"A";37;"A";0;"A";13;"A";25;"A";35.76;"A";26.62;"A";24.2;"A"
"2025-05-29 07:15";16.23;"A";75.5;"A";999.11;"A";1549;"A";41;"A";0;"A";11;"A";30;"A";55.56;"A";40.7;"A";37.33;"A"
"2025-05-29 07:30";17.06;"A";72.22;"A";999.05;"A";1498;"A";44;"A";0;"A";9;"A";34;"A";27.63;"A";19.57;"A";14.05;"A"
"2025-05-29 07:45";18.37;"A";68.55;"A";999.05;"A";464;"A";43;"A";0;"A";7;"A";36;"A";17.6;"A";13.45;"A";9.7;"A"
"2025-05-29 08:00";19.18;"A";66.69;"A";999.01;"A";456;"A";47;"A";0;"A";11;"A";37;"A";26.9;"A";20.02;"A";14.69;"A"
"2025-05-29 08:15";18.96;"A";67.23;"A";999.07;"A";769;"A";47;"A";0;"A";14;"A";33;"A";39.24;"A";29.91;"A";20.94;"A"
"2025-05-29 08:30";18.89;"A";65.68;"A";999.22;"A";1198;"A";49;"A";0;"A";19;"A";30;"A";47.16;"A";36.44;"A";25.31;"A"
"2025-05-29 08:45";19.36;"A";62.42;"A";999.31;"A";1307;"A";46;"A";0;"A";11;"A";35;"A";26.98;"A";18.59;"A";13.1;"A"
"2025-05-29 09:00";19.38;"A";61.99;"A";999.29;"A";582;"A";47;"A";0;"A";10;"A";36;"A";17.5;"A";11.46;"A";7.65;"A"
"2025-05-29 09:15";18.96;"A";63.07;"A";999.27;"A";298;"A";47;"A";0;"A";10;"A";38;"A";14.68;"A";8.58;"A";5.78;"A"
"2025-05-29 09:30";19.28;"A";64.13;"A";999.3;"A";278;"A";45;"A";0;"A";9;"A";36;"A";10.37;"A";6;"A";3.76;"A"
"2025-05-29 09:45";19.5;"A";64.23;"A";999.29;"A";608;"A";45;"A";0;"A";12;"A";33;"A";18.48;"A";11.26;"A";7.75;"A"
"2025-05-29 10:00";19.85;"A";60.68;"A";999.32;"A";1146;"A";46;"A";0;"A";12;"A";33;"A";25.52;"A";16.8;"A";11.16;"A"
"2025-05-29 10:15";20.07;"A";61.38;"A";999.42;"A";563;"A";48;"A";0;"A";11;"A";36;"A";13.42;"A";9.31;"A";6.34;"A"
"2025-05-29 10:30";19.89;"A";61.62;"A";999.49;"A";533;"A";47;"A";0;"A";10;"A";37;"A";11.53;"A";7.31;"A";4.78;"A"
"2025-05-29 10:45";19.63;"A";61.85;"A";999.51;"A";310;"A";48;"A";0;"A";8;"A";39;"A";7.99;"A";4.63;"A";3.08;"A"
"2025-05-29 11:00";19.46;"A";63.33;"A";999.56;"A";257;"A";47;"A";0;"A";8;"A";40;"A";9.09;"A";5.43;"A";3.53;"A"
"2025-05-29 11:15";19.47;"A";62.72;"A";999.55;"A";533;"A";47;"A";0;"A";9;"A";38;"A";11.69;"A";7.91;"A";5.35;"A"
"2025-05-29 11:30";19.56;"A";63.27;"A";999.71;"A";146;"A";47;"A";0;"A";6;"A";41;"A";8.04;"A";4.46;"A";3.13;"A"
"2025-05-29 11:45";19.99;"A";63.13;"A";999.76;"A";325;"A";45;"A";0;"A";7;"A";38;"A";11.89;"A";8.11;"A";6.07;"A"
"2025-05-29 12:00";20.4;"A";60.16;"A";999.74;"A";417;"A";45;"A";0;"A";6;"A";39;"A";13.29;"A";9.14;"A";6.39;"A"
"2025-05-29 12:15";20.4;"A";60.16;"A";999.72;"A";265;"A";47;"A";0;"A";6;"A";41;"A";10.97;"A";7;"A";5.11;"A"
"2025-05-29 12:30";20.07;"A";63.25;"A";999.77;"A";282;"A";46;"A";0;"A";7;"A";39;"A";15.43;"A";10.5;"A";7.48;"A"
"2025-05-29 12:45";19.67;"A";66.69;"A";999.68;"A";212;"A";44;"A";0;"A";7;"A";37;"A";19.91;"A";13.36;"A";9.26;"A"
"2025-05-29 13:00";19.96;"A";65.21;"A";999.72;"A";771;"A";43;"A";0;"A";7;"A";36;"A";16.25;"A";9.47;"A";6.38;"A"
"2025-05-29 13:15";19.84;"A";63.57;"A";999.67;"A";692;"A";42;"A";0;"A";5;"A";37;"A";15.4;"A";9.28;"A";6.38;"A"
"2025-05-29 13:30";19.86;"A";63.56;"A";999.75;"A";485;"A";45;"A";0;"A";10;"A";35;"A";13.26;"A";8.72;"A";6.52;"A"
"2025-05-29 13:45";19.89;"A";64.16;"A";999.89;"A";372;"A";42;"A";0;"A";8;"A";34;"A";23.07;"A";16.37;"A";12.01;"A"
"2025-05-29 14:00";19.99;"A";63.82;"A";999.88;"A";313;"A";42;"A";0;"A";8;"A";34;"A";18.25;"A";12.63;"A";8.99;"A"
"2025-05-29 14:15";20.44;"A";62.92;"A";999.77;"A";241;"A";44;"A";0;"A";10;"A";35;"A";19.05;"A";11.9;"A";8.52;"A"
"2025-05-29 14:30";20.66;"A";62.69;"A";999.86;"A";183;"A";43;"A";0;"A";10;"A";33;"A";26.65;"A";19.19;"A";13.64;"A"
"2025-05-29 14:45";20.42;"A";62.83;"A";999.94;"A";122;"A";45;"A";0;"A";7;"A";37;"A";12.35;"A";7.57;"A";4.87;"A"
"2025-05-29 15:00";20.5;"A";62.86;"A";1000.03;"A";131;"A";44;"A";0;"A";8;"A";36;"A";15.08;"A";8.05;"A";5.59;"A"
"2025-05-29 15:15";20.48;"A";62.94;"A";999.88;"A";189;"A";44;"A";0;"A";12;"A";32;"A";23.07;"A";14.91;"A";10.97;"A"
"2025-05-29 15:30";21.08;"A";62.54;"A";999.75;"A";315;"A";45;"A";0;"A";15;"A";30;"A";31.03;"A";21.86;"A";15.86;"A"
"2025-05-29 15:45";21.84;"A";59.24;"A";999.71;"A";277;"A";44;"A";0;"A";13;"A";31;"A";19.72;"A";11.51;"A";8.05;"A"
"2025-05-29 16:00";22.07;"A";59.32;"A";999.63;"A";359;"A";50;"A";0;"A";24;"A";26;"A";17.72;"A";9.62;"A";6.59;"A"
"2025-05-29 16:15";22.04;"A";58.75;"A";999.67;"A";253;"A";45;"A";0;"A";9;"A";36;"A";9.49;"A";5.44;"A";3.81;"A"
"2025-05-29 16:30";22.02;"A";58.48;"A";999.71;"A";689;"A";44;"A";0;"A";7;"A";37;"A";11.71;"A";7.08;"A";4.93;"A"
"2025-05-29 16:45";22.04;"A";58.8;"A";999.69;"A";677;"A";45;"A";0;"A";9;"A";37;"A";10.87;"A";7.05;"A";4.92;"A"
"2025-05-29 17:00";22.11;"A";57.17;"A";999.47;"A";311;"A";43;"A";0;"A";8;"A";36;"A";19.67;"A";13.3;"A";9.65;"A"
"2025-05-29 17:15";22.2;"A";57.12;"A";999.37;"A";596;"A";44;"A";0;"A";8;"A";36;"A";33.22;"A";24.35;"A";19.24;"A"
"2025-05-29 17:30";22.1;"A";56.37;"A";999.3;"A";669;"A";44;"A";0;"A";7;"A";37;"A";9.25;"A";5.69;"A";4.29;"A"
"2025-05-29 17:45";22.06;"A";57.24;"A";999.29;"A";509;"A";45;"A";0;"A";9;"A";36;"A";10.42;"A";5.98;"A";4.34;"A"
"2025-05-29 18:00";22.11;"A";56.33;"A";999.29;"A";347;"A";43;"A";0;"A";8;"A";35;"A";10.54;"A";7.18;"A";5.24;"A"
"2025-05-29 18:15";22.24;"A";55.82;"A";999.26;"A";458;"A";44;"A";0;"A";8;"A";36;"A";15.92;"A";10.01;"A";7.32;"A"
"2025-05-29 18:30";22.09;"A";56.38;"A";999.21;"A";386;"A";45;"A";0;"A";12;"A";32;"A";9.23;"A";6.2;"A";4.17;"A"
"2025-05-29 18:45";22.11;"A";56.12;"A";999.19;"A";270;"A";44;"A";0;"A";10;"A";35;"A";8.83;"A";4.79;"A";3.1;"A"
"2025-05-29 19:00";22.09;"A";55.84;"A";999.14;"A";870;"A";44;"A";0;"A";8;"A";36;"A";7.16;"A";4.11;"A";2.88;"A"
"2025-05-29 19:15";22.02;"A";54.57;"A";999.16;"A";387;"A";45;"A";0;"A";11;"A";34;"A";9.6;"A";4.46;"A";2.96;"A"
"2025-05-29 19:30";22.03;"A";53.87;"A";999.18;"A";1005;"A";45;"A";0;"A";7;"A";38;"A";7.69;"A";4.84;"A";3.82;"A"
"2025-05-29 19:45";21.96;"A";54.18;"A";999.36;"A";215;"A";48;"A";0;"A";10;"A";38;"A";7.86;"A";3.65;"A";2.38;"A"
"2025-05-29 20:00";21.74;"A";55.42;"A";999.42;"A";219;"A";45;"A";0;"A";10;"A";35;"A";8.09;"A";3.84;"A";2.62;"A"
"2025-05-29 20:15";21.63;"A";55.58;"A";999.38;"A";159;"A";47;"A";0;"A";7;"A";40;"A";5.25;"A";3.09;"A";2.17;"A"
"2025-05-29 20:30";21.25;"A";57.48;"A";999.31;"A";204;"A";46;"A";0;"A";6;"A";39;"A";6.9;"A";4.11;"A";2.72;"A"
"2025-05-29 20:45";20.85;"A";58.83;"A";999.46;"A";748;"A";45;"A";0;"A";11;"A";34;"A";14.65;"A";11.05;"A";8.64;"A"
"2025-05-29 21:00";20.25;"A";60.21;"A";999.57;"A";2513;"A";41;"A";0;"A";12;"A";29;"A";19.28;"A";14.59;"A";11.97;"A"
"2025-05-29 21:15";19.7;"A";62.71;"A";999.61;"A";2101;"A";39;"A";0;"A";14;"A";26;"A";16.6;"A";12.5;"A";10.23;"A"
"2025-05-29 21:30";19.15;"A";64.73;"A";999.7;"A";1272;"A";40;"A";0;"A";19;"A";20;"A";15.99;"A";11.56;"A";9.05;"A"
"2025-05-29 21:45";18.72;"A";65.92;"A";999.8;"A";778;"A";38;"A";0;"A";18;"A";20;"A";16.47;"A";10.42;"A";8.04;"A"
"2025-05-29 22:00";18.69;"A";65.77;"A";999.89;"A";497;"A";38;"A";0;"A";17;"A";21;"A";17.85;"A";11.23;"A";8.06;"A"
"2025-05-29 22:15";18.51;"A";66.74;"A";999.96;"A";410;"A";36;"A";0;"A";15;"A";22;"A";19.85;"A";12.18;"A";8.23;"A"
"2025-05-29 22:30";18.72;"A";64.03;"A";1000.02;"A";214;"A";38;"A";0;"A";12;"A";26;"A";13.16;"A";7.45;"A";5.1;"A"
"2025-05-29 22:45";18.49;"A";66.91;"A";1000.04;"A";171;"A";36;"A";0;"A";12;"A";24;"A";13.94;"A";8.27;"A";5.78;"A"
"2025-05-29 23:00";18.22;"A";67.72;"A";1000.11;"A";214;"A";33;"A";0;"A";13;"A";20;"A";17.78;"A";10.33;"A";7.14;"A"
"2025-05-29 23:15";17.92;"A";69.12;"A";1000.23;"A";234;"A";31;"A";0;"A";13;"A";18;"A";19.87;"A";11.76;"A";7.95;"A"
"2025-05-29 23:30";17.58;"A";70.25;"A";1000.08;"A";231;"A";31;"A";0;"A";14;"A";17;"A";22.79;"A";14.39;"A";10.13;"A"
"2025-05-29 23:45";17.28;"A";70.14;"A";1000.09;"A";207;"A";32;"A";0;"A";12;"A";19;"A";23.21;"A";12.27;"A";8.49;"A"
"2025-05-30 00:00";17.07;"A";70.5;"A";1000.13;"A";188;"A";30;"A";0;"A";10;"A";20;"A";19.66;"A";11.49;"A";8.14;"A"
"2025-05-30 00:15";16.85;"A";70.91;"A";1000.12;"A";168;"A";29;"A";0;"A";10;"A";19;"A";21.25;"A";11.32;"A";7.51;"A"
"2025-05-30 00:30";16.52;"A";72.57;"A";1000.26;"A";148;"A";28;"A";0;"A";9;"A";19;"A";19.62;"A";10.47;"A";7.13;"A"
"2025-05-30 00:45";16.21;"A";72.75;"A";1000.17;"A";126;"A";27;"A";0;"A";8;"A";19;"A";17.47;"A";10.06;"A";6.43;"A"
"2025-05-30 01:00";16.01;"A";73.97;"A";1000.14;"A";125;"A";28;"A";0;"A";10;"A";18;"A";14.56;"A";9.05;"A";6.23;"A"
"2025-05-30 01:15";15.88;"A";74.05;"A";1000.19;"A";117;"A";28;"A";0;"A";12;"A";16;"A";16.28;"A";8.14;"A";5.72;"A"
"2025-05-30 01:30";15.64;"A";75.59;"A";1000.24;"A";112;"A";28;"A";0;"A";12;"A";15;"A";13.68;"A";7.98;"A";5.47;"A"
"2025-05-30 01:45";15.55;"A";76.05;"A";1000.16;"A";117;"A";27;"A";0;"A";14;"A";13;"A";10.89;"A";6.84;"A";5.56;"A"
"2025-05-30 02:00";15.47;"A";76.61;"A";1000.19;"A";118;"A";27;"A";0;"A";15;"A";12;"A";9.3;"A";6.56;"A";5.89;"A"
"2025-05-30 02:15";15.44;"A";77.14;"A";1000.25;"A";119;"A";26;"A";0;"A";16;"A";11;"A";10.15;"A";7.19;"A";6.62;"A"
"2025-05-30 02:30";15.33;"A";77;"A";1000.36;"A";123;"A";29;"A";0;"A";18;"A";11;"A";12.15;"A";8.32;"A";7.34;"A"
"2025-05-30 02:45";15.09;"A";77.78;"A";1000.35;"A";107;"A";29;"A";0;"A";18;"A";11;"A";10.8;"A";7.63;"A";6.91;"A"
"2025-05-30 03:00";14.9;"A";78.55;"A";1000.42;"A";99;"A";30;"A";0;"A";21;"A";8;"A";10.68;"A";7.57;"A";6.99;"A"
"2025-05-30 03:15";14.85;"A";78.79;"A";1000.37;"A";108;"A";29;"A";0;"A";22;"A";8;"A";10.29;"A";7.29;"A";6.72;"A"
"2025-05-30 03:30";14.83;"A";78.23;"A";1000.3;"A";91;"A";30;"A";0;"A";20;"A";10;"A";8.77;"A";6.18;"A";5.65;"A"
"2025-05-30 03:45";14.73;"A";78.24;"A";1000.27;"A";79;"A";30;"A";0;"A";16;"A";14;"A";7.99;"A";5.61;"A";5.11;"A"
"2025-05-30 04:00";14.67;"A";78.72;"A";1000.24;"A";77;"A";30;"A";0;"A";15;"A";15;"A";8.15;"A";5.72;"A";5.22;"A"
"2025-05-30 04:15";14.57;"A";79.15;"A";1000.29;"A";70;"A";30;"A";0;"A";13;"A";17;"A";7.93;"A";5.56;"A";5.07;"A"
"2025-05-30 04:30";14.46;"A";79.88;"A";1000.29;"A";68;"A";29;"A";0;"A";14;"A";16;"A";8.45;"A";5.94;"A";5.43;"A"
"2025-05-30 04:45";14.43;"A";80.56;"A";1000.33;"A";95;"A";31;"A";0;"A";16;"A";15;"A";9.48;"A";6.7;"A";6.15;"A"
"2025-05-30 05:00";14.37;"A";81.22;"A";1000.45;"A";90;"A";29;"A";0;"A";11;"A";17;"A";9.75;"A";6.89;"A";6.34;"A"
"2025-05-30 05:15";14.32;"A";81.17;"A";1000.53;"A";71;"A";30;"A";0;"A";10;"A";20;"A";10.59;"A";7.51;"A";6.93;"A"
"2025-05-30 05:30";14.29;"A";81.41;"A";1000.54;"A";75;"A";30;"A";0;"A";12;"A";18;"A";11.21;"A";7.97;"A";7.36;"A"
"2025-05-30 05:45";14.32;"A";82.14;"A";1000.65;"A";87;"A";28;"A";0;"A";12;"A";16;"A";11.03;"A";7.83;"A";7.24;"A"
"2025-05-30 06:00";14.48;"A";82.01;"A";1000.68;"A";89;"A";29;"A";0;"A";11;"A";18;"A";12.4;"A";8.84;"A";8.2;"A"
"2025-05-30 06:15";14.87;"A";80.87;"A";1000.8;"A";121;"A";31;"A";0;"A";15;"A";16;"A";13.16;"A";9.39;"A";8.73;"A"
"2025-05-30 06:30";15.22;"A";80.16;"A";1000.81;"A";151;"A";32;"A";0;"A";20;"A";12;"A";14.62;"A";10.46;"A";9.75;"A"
"2025-05-30 06:45";15.61;"A";79.11;"A";1000.81;"A";122;"A";34;"A";0;"A";19;"A";15;"A";15.31;"A";10.97;"A";10.23;"A"
"2025-05-30 07:00";15.88;"A";78.32;"A";1000.86;"A";113;"A";36;"A";0;"A";19;"A";17;"A";14.01;"A";10.02;"A";9.32;"A"
"2025-05-30 07:15";16.02;"A";77.8;"A";1000.95;"A";130;"A";37;"A";0;"A";19;"A";18;"A";12.87;"A";9.18;"A";8.53;"A"
"2025-05-30 07:30";17.02;"A";74.54;"A";1000.83;"A";112;"A";35;"A";0;"A";12;"A";23;"A";16.81;"A";12.07;"A";11.28;"A"
"2025-05-30 07:45";18.72;"A";69;"A";1000.98;"A";115;"A";34;"A";0;"A";8;"A";26;"A";10.58;"A";7.57;"A";6.01;"A"
"2025-05-30 08:00";20.25;"A";64.17;"A";1000.93;"A";168;"A";39;"A";0;"A";14;"A";24;"A";13.4;"A";9.01;"A";6.45;"A"
"2025-05-30 08:15";20.37;"A";62.79;"A";1001.1;"A";146;"A";39;"A";0;"A";9;"A";30;"A";12.56;"A";7.95;"A";5.48;"A"
"2025-05-30 08:30";20.57;"A";62.7;"A";1001.19;"A";188;"A";41;"A";0;"A";11;"A";30;"A";14.34;"A";9.2;"A";6.82;"A"
"2025-05-30 08:45";21.1;"A";61.5;"A";1001.02;"A";166;"A";40;"A";0;"A";7;"A";33;"A";11.12;"A";6.93;"A";4.91;"A"
"2025-05-30 09:00";21.41;"A";60.02;"A";1000.93;"A";161;"A";42;"A";0;"A";7;"A";35;"A";9.46;"A";6.09;"A";4.3;"A"
"2025-05-30 09:15";21.79;"A";59.27;"A";1000.98;"A";133;"A";42;"A";0;"A";5;"A";36;"A";9.29;"A";5.39;"A";3.78;"A"
"2025-05-30 09:30";22.81;"A";56.25;"A";1001.01;"A";143;"A";42;"A";0;"A";5;"A";37;"A";7.13;"A";4.67;"A";3.31;"A"
"2025-05-30 09:45";23.03;"A";55.69;"A";1000.97;"A";139;"A";44;"A";0;"A";6;"A";38;"A";6.71;"A";4;"A";2.95;"A"
"2025-05-30 10:00";23.32;"A";54.22;"A";1001;"A";152;"A";44;"A";0;"A";5;"A";38;"A";6.52;"A";4.09;"A";2.82;"A"
"2025-05-30 10:15";23.05;"A";54.3;"A";1000.87;"A";166;"A";46;"A";0;"A";7;"A";39;"A";6.88;"A";3.9;"A";2.74;"A"
"2025-05-30 10:30";23.25;"A";51.95;"A";1000.9;"A";132;"A";48;"A";0;"A";7;"A";41;"A";6.67;"A";3.75;"A";2.48;"A"
"2025-05-30 10:45";23.82;"A";52.73;"A";1000.84;"A";143;"A";46;"A";0;"A";6;"A";40;"A";6.68;"A";4.27;"A";3.21;"A"
"2025-05-30 11:00";24;"A";50.5;"A";1000.95;"A";136;"A";46;"A";0;"A";6;"A";40;"A";5.71;"A";3.07;"A";2.19;"A"
"2025-05-30 11:15";24.27;"A";50.41;"A";1001.08;"A";141;"A";48;"A";0;"A";7;"A";41;"A";5.45;"A";3.25;"A";2.18;"A"
"2025-05-30 11:30";24.47;"A";48.43;"A";1001.07;"A";134;"A";46;"A";0;"A";7;"A";40;"A";5.91;"A";3.29;"A";2.13;"A"
"2025-05-30 11:45";24.57;"A";47.42;"A";1001.12;"A";122;"A";49;"A";0;"A";7;"A";41;"A";5.88;"A";3.36;"A";2.25;"A"
"2025-05-30 12:00";24.77;"A";44.96;"A";1001.08;"A";125;"A";47;"A";0;"A";7;"A";40;"A";4.93;"A";2.72;"A";2.01;"A"
"2025-05-30 12:15";25.02;"A";42.76;"A";1001;"A";116;"A";51;"A";0;"A";9;"A";43;"A";6.19;"A";3.14;"A";2.03;"A"
"2025-05-30 12:30";24.95;"A";45.35;"A";1000.98;"A";120;"A";52;"A";0;"A";8;"A";43;"A";7.01;"A";4.01;"A";2.44;"A"
"2025-05-30 12:45";25.39;"A";44.37;"A";1001.07;"A";112;"A";50;"A";0;"A";6;"A";44;"A";7.17;"A";3.96;"A";2.88;"A"
"2025-05-30 13:00";25.49;"A";45.12;"A";1001.05;"A";118;"A";51;"A";0;"A";6;"A";45;"A";6.34;"A";3.75;"A";2.5;"A"
"2025-05-30 13:15";25.69;"A";45.03;"A";1000.95;"A";124;"A";49;"A";0;"A";6;"A";43;"A";8.48;"A";4.62;"A";3.34;"A"
"2025-05-30 13:30";25.91;"A";44.43;"A";1000.89;"A";129;"A";49;"A";0;"A";7;"A";43;"A";7.69;"A";4.51;"A";2.9;"A"
"2025-05-30 13:45";26.64;"A";41.48;"A";1000.78;"A";115;"A";49;"A";0;"A";6;"A";43;"A";7.42;"A";3.87;"A";2.33;"A"
"2025-05-30 14:00";26.84;"A";39.47;"A";1000.55;"A";114;"A";51;"A";0;"A";5;"A";46;"A";6.77;"A";4.03;"A";2.51;"A"
"2025-05-30 14:15";27.15;"A";39.73;"A";1000.52;"A";116;"A";53;"A";0;"A";6;"A";47;"A";6.7;"A";3.9;"A";2.65;"A"
"2025-05-30 14:30";27.43;"A";38.22;"A";1000.45;"A";125;"A";52;"A";0;"A";6;"A";45;"A";7.1;"A";4.04;"A";2.69;"A"
"2025-05-30 14:45";27.65;"A";38.29;"A";1000.42;"A";124;"A";51;"A";0;"A";7;"A";45;"A";7.41;"A";3.81;"A";2.14;"A"
"2025-05-30 15:00";27.89;"A";36.62;"A";1000.49;"A";113;"A";52;"A";0;"A";6;"A";46;"A";5.87;"A";3.22;"A";2.18;"A"
"2025-05-30 15:15";28.32;"A";36.23;"A";1000.43;"A";124;"A";53;"A";0;"A";7;"A";46;"A";6.9;"A";3.88;"A";2.51;"A"
"2025-05-30 15:30";28.39;"A";35.12;"A";1000.33;"A";124;"A";52;"A";0;"A";5;"A";47;"A";5.07;"A";2.83;"A";1.91;"A"
"2025-05-30 15:45";28.79;"A";34.73;"A";1000.36;"A";146;"A";53;"A";0;"A";9;"A";44;"A";6.99;"A";3.27;"A";2.29;"A"
"2025-05-30 16:00";29.02;"A";34.28;"A";1000.35;"A";136;"A";54;"A";0;"A";8;"A";46;"A";5.31;"A";3.26;"A";1.93;"A"
"2025-05-30 16:15";29.29;"A";33.81;"A";1000.3;"A";179;"A";52;"A";0;"A";7;"A";45;"A";8.43;"A";4.22;"A";2.94;"A"
"2025-05-30 16:30";29.2;"A";32.92;"A";1000.27;"A";145;"A";52;"A";0;"A";8;"A";45;"A";6.48;"A";3.35;"A";2.36;"A"
"2025-05-30 16:45";29.07;"A";33.32;"A";1000.22;"A";144;"A";54;"A";0;"A";11;"A";43;"A";7.58;"A";3.33;"A";2.11;"A"
"2025-05-30 17:00";28.89;"A";33.37;"A";1000.22;"A";160;"A";52;"A";0;"A";9;"A";43;"A";6.3;"A";3.07;"A";1.83;"A"
"2025-05-30 17:15";28.45;"A";34.16;"A";1000.14;"A";137;"A";52;"A";0;"A";9;"A";43;"A";4.79;"A";2.56;"A";1.56;"A"
"2025-05-30 17:30";28.18;"A";34.99;"A";1000.2;"A";130;"A";50;"A";0;"A";8;"A";43;"A";4.86;"A";2.45;"A";1.59;"A"
"2025-05-30 17:45";27.61;"A";43.13;"A";1000.29;"A";157;"A";49;"A";0;"A";11;"A";38;"A";6.82;"A";3.28;"A";2.05;"A"
"2025-05-30 18:00";27.09;"A";44.37;"A";1000.42;"A";144;"A";44;"A";0;"A";7;"A";38;"A";5.35;"A";2.47;"A";1.62;"A"
"2025-05-30 18:15";26.63;"A";44.3;"A";1000.41;"A";123;"A";45;"A";0;"A";6;"A";38;"A";4.86;"A";2.66;"A";1.61;"A"
"2025-05-30 18:30";26.47;"A";44.54;"A";1000.57;"A";169;"A";43;"A";0;"A";7;"A";37;"A";5.37;"A";2.56;"A";1.75;"A"
"2025-05-30 18:45";26.05;"A";45.74;"A";1000.82;"A";144;"A";45;"A";0;"A";8;"A";37;"A";5.74;"A";2.88;"A";1.99;"A"
"2025-05-30 19:00";25.45;"A";47.27;"A";1001.07;"A";130;"A";44;"A";0;"A";6;"A";37;"A";5.99;"A";3.51;"A";2.06;"A"
"2025-05-30 19:15";24.58;"A";50;"A";1001.28;"A";113;"A";45;"A";0;"A";6;"A";39;"A";6.16;"A";3.17;"A";1.89;"A"
"2025-05-30 19:30";23.81;"A";51.92;"A";1001.31;"A";104;"A";44;"A";0;"A";7;"A";38;"A";5.51;"A";2.75;"A";1.71;"A"
"2025-05-30 19:45";23.35;"A";54.42;"A";1001.26;"A";115;"A";43;"A";0;"A";7;"A";35;"A";5.75;"A";3.27;"A";1.99;"A"
"2025-05-30 20:00";22.95;"A";56.14;"A";1001.23;"A";123;"A";40;"A";0;"A";7;"A";34;"A";8.02;"A";4.21;"A";2.74;"A"
"2025-05-30 20:15";22.58;"A";57.53;"A";1001.34;"A";104;"A";40;"A";0;"A";6;"A";34;"A";7.66;"A";3.31;"A";2.19;"A"
"2025-05-30 20:30";22.3;"A";57.91;"A";1001.5;"A";116;"A";39;"A";0;"A";7;"A";32;"A";6.18;"A";3.07;"A";1.97;"A"
"2025-05-30 20:45";21.93;"A";58.5;"A";1001.58;"A";110;"A";40;"A";0;"A";7;"A";33;"A";8.32;"A";4.6;"A";3.05;"A"
"2025-05-30 21:00";21.55;"A";58.73;"A";1001.82;"A";90;"A";40;"A";0;"A";6;"A";35;"A";6.43;"A";3.69;"A";2.68;"A"
"2025-05-30 21:15";21.11;"A";60.3;"A";1002.07;"A";93;"A";39;"A";0;"A";6;"A";33;"A";7.01;"A";3.92;"A";2.62;"A"
"2025-05-30 21:30";20.72;"A";61.55;"A";1002.09;"A";115;"A";39;"A";0;"A";7;"A";32;"A";6.8;"A";4.22;"A";3;"A"
"2025-05-30 21:45";20.46;"A";62.33;"A";1002.1;"A";130;"A";39;"A";0;"A";11;"A";27;"A";9.73;"A";4.84;"A";3.25;"A"
"2025-05-30 22:00";20.19;"A";63.75;"A";1002.14;"A";170;"A";38;"A";0;"A";13;"A";24;"A";7.51;"A";4.23;"A";3.03;"A"
"2025-05-30 22:15";19.91;"A";64.45;"A";1002.13;"A";334;"A";37;"A";0;"A";15;"A";22;"A";9.67;"A";5.14;"A";3.42;"A"
"2025-05-30 22:30";19.7;"A";65.63;"A";1002.14;"A";129;"A";36;"A";0;"A";16;"A";20;"A";8.71;"A";4.78;"A";3.5;"A"
"2025-05-30 22:45";19.72;"A";65.61;"A";1002.22;"A";138;"A";36;"A";0;"A";17;"A";19;"A";10.91;"A";6.07;"A";4.32;"A"
"2025-05-30 23:00";19.64;"A";66.17;"A";1002.24;"A";133;"A";36;"A";0;"A";19;"A";17;"A";9.25;"A";5.73;"A";3.77;"A"
"2025-05-30 23:15";19.41;"A";67.02;"A";1002.29;"A";109;"A";36;"A";0;"A";18;"A";18;"A";9.57;"A";5.32;"A";3.85;"A"
"2025-05-30 23:30";19.29;"A";67.7;"A";1002.34;"A";100;"A";34;"A";0;"A";12;"A";22;"A";8.48;"A";5.42;"A";4.03;"A"
"2025-05-30 23:45";19.28;"A";67.34;"A";1002.31;"A";82;"A";32;"A";0;"A";6;"A";26;"A";6.69;"A";4.72;"A";3.34;"A"
"2025-05-31 00:00";19.12;"A";67.62;"A";1002.27;"A";73;"A";33;"A";0;"A";5;"A";27;"A";6.97;"A";4.77;"A";3.19;"A"
"2025-05-31 00:15";18.93;"A";68.27;"A";1002.36;"A";74;"A";32;"A";0;"A";5;"A";27;"A";7.38;"A";4.59;"A";3.13;"A"
"2025-05-31 00:30";18.8;"A";68.17;"A";1002.45;"A";64;"A";32;"A";0;"A";5;"A";27;"A";6.39;"A";3.72;"A";2.63;"A"
"2025-05-31 00:45";18.48;"A";69.23;"A";1002.4;"A";58;"A";32;"A";0;"A";4;"A";27;"A";6.6;"A";3.35;"A";2.41;"A"
"2025-05-31 01:00";18.18;"A";70.6;"A";1002.39;"A";59;"A";30;"A";0;"A";5;"A";25;"A";6.4;"A";3.66;"A";2.64;"A"
"2025-05-31 01:15";17.94;"A";71.43;"A";1002.42;"A";58;"A";30;"A";0;"A";6;"A";25;"A";6.47;"A";3.92;"A";2.57;"A"
"2025-05-31 01:30";17.9;"A";71.64;"A";1002.36;"A";60;"A";32;"A";0;"A";9;"A";23;"A";6.36;"A";4.16;"A";2.72;"A"
"2025-05-31 01:45";17.56;"A";72.83;"A";1002.5;"A";57;"A";30;"A";0;"A";7;"A";23;"A";6.61;"A";3.86;"A";2.66;"A"
"2025-05-31 02:00";17.4;"A";73.54;"A";1002.57;"A";56;"A";30;"A";0;"A";7;"A";23;"A";5.97;"A";4.11;"A";2.82;"A"
"2025-05-31 02:15";17.3;"A";73.95;"A";1002.49;"A";59;"A";30;"A";0;"A";5;"A";24;"A";5.83;"A";4.25;"A";3.01;"A"
"2025-05-31 02:30";17.31;"A";74.47;"A";1002.49;"A";58;"A";30;"A";0;"A";5;"A";25;"A";7.41;"A";4.97;"A";3.46;"A"
"2025-05-31 02:45";17.23;"A";75.05;"A";1002.58;"A";61;"A";30;"A";0;"A";7;"A";23;"A";6.05;"A";4.18;"A";3.71;"A"
"2025-05-31 03:00";16.99;"A";76.14;"A";1002.64;"A";56;"A";30;"A";0;"A";7;"A";22;"A";5.65;"A";3.89;"A";3.47;"A"
"2025-05-31 03:15";16.91;"A";76.68;"A";1002.67;"A";57;"A";28;"A";0;"A";6;"A";22;"A";5.52;"A";3.8;"A";3.38;"A"
"2025-05-31 03:30";16.76;"A";77.46;"A";1002.73;"A";55;"A";26;"A";0;"A";4;"A";22;"A";5.58;"A";3.84;"A";3.42;"A"
"2025-05-31 03:45";16.67;"A";78.07;"A";1002.76;"A";55;"A";26;"A";0;"A";4;"A";21;"A";5.89;"A";4.06;"A";3.64;"A"
"2025-05-31 04:00";16.44;"A";78.82;"A";1002.78;"A";55;"A";24;"A";0;"A";4;"A";21;"A";6.29;"A";4.36;"A";3.92;"A"
"2025-05-31 04:15";16.29;"A";79.44;"A";1002.78;"A";54;"A";23;"A";0;"A";4;"A";19;"A";6.07;"A";4.2;"A";3.77;"A"
"2025-05-31 04:30";16.14;"A";79.67;"A";1002.84;"A";54;"A";22;"A";0;"A";4;"A";18;"A";6.49;"A";4.51;"A";4.06;"A"
"2025-05-31 04:45";16.01;"A";80.07;"A";1002.8;"A";54;"A";22;"A";0;"A";4;"A";18;"A";6.86;"A";4.78;"A";4.32;"A"
"2025-05-31 05:00";15.95;"A";80.27;"A";1002.83;"A";54;"A";22;"A";0;"A";5;"A";17;"A";7.77;"A";5.45;"A";4.96;"A"
"2025-05-31 05:15";15.85;"A";80.28;"A";1002.84;"A";63;"A";22;"A";0;"A";4;"A";18;"A";8.38;"A";5.89;"A";5.38;"A"
"2025-05-31 05:30";15.77;"A";80.52;"A";1002.96;"A";90;"A";22;"A";0;"A";5;"A";17;"A";9.54;"A";6.74;"A";6.19;"A"
"2025-05-31 05:45";15.9;"A";80.24;"A";1003.04;"A";75;"A";22;"A";0;"A";6;"A";17;"A";11.59;"A";8.24;"A";7.63;"A"
"2025-05-31 06:00";16.06;"A";80.2;"A";1003.03;"A";72;"A";23;"A";0;"A";8;"A";15;"A";16.6;"A";11.92;"A";11.14;"A"
"2025-05-31 06:15";16.24;"A";80.28;"A";1003.12;"A";73;"A";23;"A";0;"A";8;"A";15;"A";21.86;"A";15.77;"A";14.82;"A"
"2025-05-31 06:30";16.42;"A";79.9;"A";1003.27;"A";77;"A";24;"A";0;"A";7;"A";16;"A";24.57;"A";17.75;"A";16.71;"A"
"2025-05-31 06:45";16.64;"A";79.37;"A";1003.34;"A";75;"A";24;"A";0;"A";7;"A";17;"A";24.1;"A";17.41;"A";16.38;"A"
"2025-05-31 07:00";16.86;"A";78.63;"A";1003.27;"A";77;"A";24;"A";0;"A";8;"A";16;"A";24.36;"A";17.6;"A";16.57;"A"
"2025-05-31 07:15";17.08;"A";77.77;"A";1003.38;"A";74;"A";25;"A";0;"A";6;"A";20;"A";25.32;"A";18.3;"A";17.24;"A"
"2025-05-31 07:30";17.71;"A";76.21;"A";1003.42;"A";74;"A";26;"A";0;"A";5;"A";21;"A";26.51;"A";19.18;"A";18.07;"A"
"2025-05-31 07:45";18.98;"A";72.41;"A";1003.4;"A";85;"A";25;"A";0;"A";3;"A";21;"A";26.34;"A";19.07;"A";17.78;"A"
"2025-05-31 08:00";20.09;"A";69.31;"A";1003.42;"A";78;"A";26;"A";0;"A";4;"A";22;"A";30.79;"A";24.51;"A";17.6;"A"
"2025-05-31 08:15";20.3;"A";68.1;"A";1003.48;"A";92;"A";27;"A";0;"A";4;"A";23;"A";26.67;"A";21.4;"A";15.8;"A"
"2025-05-31 08:30";20.42;"A";67.66;"A";1003.59;"A";99;"A";31;"A";0;"A";5;"A";25;"A";24.41;"A";18.8;"A";14.36;"A"
"2025-05-31 08:45";21.33;"A";65.39;"A";1003.72;"A";95;"A";30;"A";0;"A";5;"A";26;"A";22.69;"A";17.72;"A";13.17;"A"
"2025-05-31 09:00";21.77;"A";64.53;"A";1003.73;"A";109;"A";32;"A";0;"A";5;"A";26;"A";22.79;"A";16.98;"A";12.38;"A"
"2025-05-31 09:15";22.29;"A";62.7;"A";1003.6;"A";104;"A";35;"A";0;"A";6;"A";29;"A";21.54;"A";15.14;"A";10.74;"A"
"2025-05-31 09:30";23.63;"A";59.85;"A";1003.61;"A";100;"A";34;"A";0;"A";3;"A";31;"A";15.69;"A";11.44;"A";8.52;"A"
"2025-05-31 09:45";23.77;"A";58.62;"A";1003.56;"A";108;"A";37;"A";0;"A";4;"A";33;"A";14.02;"A";9.82;"A";7.52;"A"
"2025-05-31 10:00";23.66;"A";59.13;"A";1003.58;"A";117;"A";39;"A";0;"A";5;"A";34;"A";13.08;"A";9.11;"A";6.77;"A"
"2025-05-31 10:15";23.81;"A";58.49;"A";1003.6;"A";142;"A";39;"A";0;"A";6;"A";34;"A";12.1;"A";7.89;"A";5.78;"A"
"2025-05-31 10:30";24.05;"A";56.59;"A";1003.55;"A";113;"A";40;"A";0;"A";4;"A";36;"A";8.49;"A";6.31;"A";4.62;"A"
"2025-05-31 10:45";24.31;"A";55.47;"A";1003.7;"A";114;"A";44;"A";0;"A";6;"A";38;"A";8.09;"A";5.5;"A";4.05;"A"
"2025-05-31 11:00";24.93;"A";53.94;"A";1003.85;"A";109;"A";42;"A";0;"A";4;"A";38;"A";7.71;"A";5.39;"A";3.82;"A"
"2025-05-31 11:15";24.78;"A";53.85;"A";1003.91;"A";118;"A";43;"A";0;"A";5;"A";38;"A";7.68;"A";5.11;"A";3.82;"A"
"2025-05-31 11:30";25.24;"A";52.76;"A";1003.86;"A";113;"A";45;"A";0;"A";5;"A";40;"A";7.61;"A";5.44;"A";3.78;"A"
"2025-05-31 11:45";25.15;"A";52.72;"A";1004.06;"A";113;"A";44;"A";0;"A";4;"A";39;"A";8.41;"A";5.6;"A";4.03;"A"
"2025-05-31 12:00";25.34;"A";52.12;"A";1004.03;"A";109;"A";46;"A";0;"A";5;"A";41;"A";6.74;"A";4.68;"A";3.61;"A"
"2025-05-31 12:15";25.53;"A";50.08;"A";1004.03;"A";116;"A";47;"A";0;"A";5;"A";42;"A";9.01;"A";4.89;"A";3.46;"A"
"2025-05-31 12:30";26.1;"A";48.59;"A";1003.86;"A";107;"A";46;"A";0;"A";4;"A";42;"A";7.14;"A";4.13;"A";3;"A"
"2025-05-31 12:45";26.46;"A";46.84;"A";1003.56;"A";103;"A";48;"A";0;"A";5;"A";44;"A";6.17;"A";4.13;"A";2.9;"A"
"2025-05-31 13:00";26.23;"A";46.99;"A";1003.56;"A";115;"A";48;"A";0;"A";5;"A";43;"A";6.93;"A";4.06;"A";2.95;"A"
"2025-05-31 13:15";26.41;"A";45.9;"A";1003.46;"A";121;"A";49;"A";0;"A";6;"A";43;"A";6.6;"A";3.71;"A";2.62;"A"
"2025-05-31 13:30";26.21;"A";45.89;"A";1003.31;"A";111;"A";49;"A";0;"A";5;"A";44;"A";6.6;"A";4.11;"A";2.95;"A"
"2025-05-31 13:45";26.12;"A";47.33;"A";1003.35;"A";131;"A";48;"A";0;"A";6;"A";42;"A";7.78;"A";4.13;"A";3.1;"A"
"2025-05-31 14:00";26.45;"A";46.04;"A";1003.16;"A";137;"A";48;"A";0;"A";6;"A";42;"A";8.24;"A";4.42;"A";3.21;"A"
"2025-05-31 14:15";27.3;"A";44.06;"A";1003.19;"A";119;"A";47;"A";0;"A";5;"A";42;"A";7.71;"A";4.49;"A";2.88;"A"
"2025-05-31 14:30";27.32;"A";43.88;"A";1003.18;"A";116;"A";49;"A";0;"A";6;"A";43;"A";6.87;"A";3.98;"A";2.82;"A"
"2025-05-31 14:45";27.31;"A";42.73;"A";1003.09;"A";120;"A";48;"A";0;"A";5;"A";44;"A";6.79;"A";3.86;"A";2.82;"A"
"2025-05-31 15:00";27.92;"A";41.74;"A";1002.96;"A";116;"A";49;"A";0;"A";6;"A";44;"A";6.52;"A";3.46;"A";2.67;"A"
"2025-05-31 15:15";28.04;"A";41.33;"A";1003.04;"A";126;"A";48;"A";0;"A";6;"A";43;"A";7.38;"A";4.06;"A";2.77;"A"
"2025-05-31 15:30";28.1;"A";41.07;"A";1003.07;"A";122;"A";47;"A";0;"A";4;"A";42;"A";7.5;"A";4.1;"A";2.7;"A"
"2025-05-31 15:45";27.78;"A";41.67;"A";1003.11;"A";129;"A";50;"A";0;"A";8;"A";42;"A";7.94;"A";4.1;"A";2.92;"A"
"2025-05-31 16:00";27.59;"A";42.06;"A";1003.16;"A";123;"A";46;"A";0;"A";5;"A";41;"A";8.28;"A";4.33;"A";2.85;"A"
"2025-05-31 16:15";27.18;"A";43.64;"A";1003.16;"A";134;"A";48;"A";0;"A";7;"A";41;"A";8.59;"A";4.3;"A";3.05;"A"
"2025-05-31 16:30";27.67;"A";42.3;"A";1003.16;"A";131;"A";45;"A";0;"A";6;"A";40;"A";7.19;"A";4.1;"A";2.85;"A"
"2025-05-31 16:45";28.14;"A";41.57;"A";1003.14;"A";137;"A";47;"A";0;"A";7;"A";40;"A";7.45;"A";4.11;"A";2.78;"A"
"2025-05-31 17:00";28.19;"A";41.78;"A";1003.12;"A";162;"A";48;"A";0;"A";9;"A";39;"A";8.51;"A";4.07;"A";2.91;"A"
"2025-05-31 17:15";28.03;"A";41.38;"A";1003.09;"A";130;"A";46;"A";0;"A";5;"A";41;"A";7.26;"A";3.77;"A";2.4;"A"
"2025-05-31 17:30";27.58;"A";41.05;"A";1003.14;"A";119;"A";47;"A";0;"A";6;"A";41;"A";7.84;"A";4.03;"A";2.55;"A"
"2025-05-31 17:45";27.03;"A";42.51;"A";1003.57;"A";132;"A";46;"A";0;"A";6;"A";41;"A";6.11;"A";3.35;"A";2.2;"A"
"2025-05-31 18:00";26.81;"A";43.14;"A";1003.57;"A";123;"A";46;"A";0;"A";6;"A";40;"A";6.9;"A";3.81;"A";2.71;"A"
"2025-05-31 18:15";26.49;"A";43.68;"A";1003.52;"A";137;"A";44;"A";0;"A";6;"A";38;"A";7.85;"A";4.32;"A";2.96;"A"
"2025-05-31 18:30";26.3;"A";43.37;"A";1003.55;"A";122;"A";45;"A";0;"A";6;"A";40;"A";6.89;"A";3.65;"A";2.41;"A"
"2025-05-31 18:45";26.11;"A";43.92;"A";1003.53;"A";118;"A";46;"A";0;"A";6;"A";40;"A";5.98;"A";3.66;"A";2.53;"A"
"2025-05-31 19:00";26.03;"A";43.51;"A";1003.58;"A";119;"A";44;"A";0;"A";5;"A";39;"A";6.11;"A";3.53;"A";2.55;"A"
"2025-05-31 19:15";25.92;"A";43.45;"A";1003.67;"A";120;"A";45;"A";0;"A";6;"A";39;"A";7.28;"A";4.08;"A";3.1;"A"
"2025-05-31 19:30";25.6;"A";44.66;"A";1003.88;"A";115;"A";46;"A";0;"A";6;"A";40;"A";6.4;"A";3.49;"A";2.33;"A"
"2025-05-31 19:45";25.32;"A";45.68;"A";1003.89;"A";131;"A";44;"A";0;"A";6;"A";38;"A";5.28;"A";3.2;"A";2.25;"A"
"2025-05-31 20:00";25.03;"A";46.38;"A";1003.87;"A";134;"A";44;"A";0;"A";5;"A";38;"A";6.86;"A";3.56;"A";2.54;"A"
"2025-05-31 20:15";24.69;"A";47.04;"A";1004.03;"A";117;"A";44;"A";0;"A";6;"A";39;"A";7.78;"A";4.57;"A";3.12;"A"
"2025-05-31 20:30";24.5;"A";47.59;"A";1004.16;"A";114;"A";44;"A";0;"A";6;"A";37;"A";7.15;"A";3.73;"A";2.41;"A"
"2025-05-31 20:45";24.26;"A";47.89;"A";1004.32;"A";116;"A";43;"A";0;"A";7;"A";36;"A";15.71;"A";10.26;"A";7.52;"A"
"2025-05-31 21:00";24.1;"A";47.78;"A";1004.47;"A";102;"A";44;"A";0;"A";7;"A";37;"A";7.76;"A";3.55;"A";2.44;"A"
"2025-05-31 21:15";23.78;"A";48.52;"A";1004.6;"A";102;"A";44;"A";0;"A";8;"A";36;"A";7.01;"A";3.81;"A";2.44;"A"
"2025-05-31 21:30";23.43;"A";49.54;"A";1004.78;"A";108;"A";43;"A";0;"A";7;"A";35;"A";7.91;"A";3.98;"A";2.91;"A"
"2025-05-31 21:45";22.96;"A";50.94;"A";1004.96;"A";112;"A";42;"A";0;"A";7;"A";35;"A";7.51;"A";4.01;"A";2.86;"A"
"2025-05-31 22:00";22.6;"A";51.75;"A";1005.06;"A";113;"A";42;"A";0;"A";9;"A";33;"A";6.54;"A";4.21;"A";2.85;"A"
"2025-05-31 22:15";22.11;"A";53.81;"A";1005.2;"A";96;"A";41;"A";0;"A";8;"A";33;"A";7.46;"A";3.93;"A";2.64;"A"
"2025-05-31 22:30";21.76;"A";54.06;"A";1005.13;"A";104;"A";40;"A";0;"A";7;"A";33;"A";7.53;"A";4.18;"A";2.75;"A"
"2025-05-31 22:45";21.73;"A";54.12;"A";1005.19;"A";117;"A";40;"A";0;"A";7;"A";33;"A";7.75;"A";4.09;"A";2.83;"A"
"2025-05-31 23:00";21.84;"A";53.57;"A";1005.24;"A";111;"A";39;"A";0;"A";6;"A";34;"A";8.2;"A";4.2;"A";2.85;"A"
"2025-05-31 23:15";21.47;"A";54.99;"A";1005.29;"A";124;"A";40;"A";0;"A";8;"A";32;"A";9.77;"A";4.83;"A";3.09;"A"
"2025-05-31 23:30";21.03;"A";56.77;"A";1005.19;"A";127;"A";38;"A";0;"A";10;"A";28;"A";10.34;"A";5.21;"A";3.44;"A"
"2025-05-31 23:45";20.63;"A";58.62;"A";1005.27;"A";111;"A";38;"A";0;"A";15;"A";22;"A";12.35;"A";6.56;"A";4.38;"A"
"2025-06-01 00:00";20.45;"A";58.03;"A";1005.42;"A";97;"A";37;"A";0;"A";15;"A";22;"A";12.73;"A";6.47;"A";4.33;"A"