timestamp;TC~T-QM[Cairnet CXM24280940];in °C;HR~T-QM[Cairnet CXM24280940];in %;PA~T-QM[Cairnet CXM24280940];in hPa;CO~4672-QM[Cairnet CXM24280940];in ppb;O3-NO2~4694-QM[Cairnet CXM24280940];in ppb;SO2~4715-QM[Cairnet CXM24280940];in ppb;NO2~4581-QM[Cairnet CXM24280940];in ppb;O3~0940-QM[Cairnet CXM24280940];in ppb;PM10~D641-QM[Cairnet CXM24280940];in µg/m3;PM2.5~D641-QM[Cairnet CXM24280940];in µg/m3;PM1~D641-QM[Cairnet CXM24280940];in µg/m3
(in display TZ);value;qc;value;qc;value;qc;value;qc;value;qc;value;qc;value;qc;value;qc;value;qc;value;qc;value;qc
01.10.2025 00:15;10.94;A;57.47;A;1012.76;A;43;A;33;A;0;A;18;A;15;A;10.1;A;6.12;A;4.25;A
01.10.2025 00:30;11;A;57.71;A;1012.77;A;45;A;32;A;0;A;17;A;15;A;8.78;A;5.91;A;4.65;A
01.10.2025 00:45;10.96;A;59.82;A;1012.69;A;52;A;33;A;0;A;17;A;15;A;9.19;A;5.99;A;4.35;A
01.10.2025 01:00;10.8;A;62.84;A;1012.72;A;48;A;32;A;0;A;17;A;15;A;8.2;A;5.54;A;4.04;A
01.10.2025 01:15;10.63;A;64.33;A;1012.71;A;37;A;32;A;0;A;17;A;16;A;8.05;A;4.71;A;3.33;A
01.10.2025 01:30;10.52;A;64.82;A;1012.55;A;31;A;32;A;0;A;17;A;15;A;7.51;A;4.53;A;3.16;A
01.10.2025 01:45;10.39;A;66.42;A;1012.43;A;28;A;32;A;0;A;17;A;15;A;6.94;A;4.52;A;3.22;A
01.10.2025 02:00;10.21;A;67.58;A;1012.32;A;30;A;31;A;0;A;16;A;15;A;8.49;A;4.97;A;3.5;A
01.10.2025 02:15;10.08;A;67.41;A;1012.4;A;29;A;32;A;0;A;17;A;15;A;7.62;A;4.9;A;3.67;A
01.10.2025 02:30;9.98;A;68.13;A;1012.2;A;33;A;31;A;0;A;16;A;15;A;7.57;A;5.38;A;3.96;A
01.10.2025 02:45;9.82;A;70.13;A;1012.08;A;47;A;31;A;0;A;18;A;14;A;9.47;A;5.93;A;4.5;A
01.10.2025 03:00;9.66;A;71.51;A;1012.05;A;48;A;29;A;0;A;16;A;13;A;10.38;A;6.53;A;4.68;A
01.10.2025 03:15;9.61;A;70.95;A;1012.01;A;42;A;29;A;0;A;15;A;13;A;10.39;A;6.2;A;4.67;A
01.10.2025 03:30;9.61;A;70.95;A;1012.03;A;35;A;30;A;0;A;16;A;13;A;9.87;A;6.03;A;4.65;A
01.10.2025 03:45;9.62;A;70.05;A;1011.82;A;30;A;30;A;0;A;17;A;13;A;9.67;A;6.15;A;4.21;A
01.10.2025 04:00;9.53;A;71.65;A;1011.74;A;30;A;30;A;0;A;16;A;13;A;9.01;A;5.95;A;4.19;A
01.10.2025 04:15;9.55;A;70.63;A;1011.69;A;28;A;29;A;0;A;14;A;15;A;9.53;A;5.81;A;4.33;A
01.10.2025 04:30;9.68;A;68.31;A;1011.66;A;26;A;30;A;0;A;16;A;14;A;9.63;A;5.82;A;4.13;A
01.10.2025 04:45;9.77;A;67.52;A;1011.57;A;31;A;30;A;0;A;16;A;14;A;9.84;A;5.63;A;4.15;A
01.10.2025 05:00;9.82;A;66.93;A;1011.32;A;39;A;30;A;0;A;16;A;14;A;9.15;A;5.91;A;4.33;A
01.10.2025 05:15;9.84;A;67.21;A;1011.32;A;46;A;30;A;0;A;16;A;14;A;11.2;A;6.31;A;4.5;A
01.10.2025 05:30;9.81;A;66.67;A;1011.34;A;47;A;30;A;0;A;17;A;13;A;12.39;A;6.64;A;4.66;A
01.10.2025 05:45;9.82;A;66.22;A;1011.23;A;45;A;29;A;0;A;17;A;12;A;11.12;A;6.41;A;4.41;A
01.10.2025 06:00;9.85;A;64.38;A;1011.24;A;39;A;28;A;0;A;15;A;13;A;9.91;A;5.72;A;4.27;A
01.10.2025 06:15;9.91;A;62.93;A;1011.43;A;35;A;30;A;0;A;17;A;12;A;10.36;A;6.52;A;4.5;A
01.10.2025 06:30;9.98;A;60.51;A;1011.39;A;37;A;30;A;0;A;17;A;13;A;11.71;A;6.64;A;4.66;A
01.10.2025 06:45;10.05;A;59.08;A;1011.39;A;42;A;30;A;0;A;17;A;12;A;10.62;A;6.41;A;4.68;A
01.10.2025 07:00;10.06;A;60.3;A;1011.38;A;44;A;29;A;0;A;18;A;12;A;11.07;A;6.28;A;4.56;A
01.10.2025 07:15;10.01;A;60.68;A;1011.4;A;54;A;29;A;0;A;17;A;12;A;11.64;A;6.02;A;4.52;A
01.10.2025 07:30;9.97;A;59.04;A;1011.46;A;46;A;29;A;0;A;16;A;12;A;11.78;A;6.32;A;4.4;A
01.10.2025 07:45;9.87;A;59.78;A;1011.52;A;51;A;30;A;0;A;17;A;12;A;11.16;A;6.34;A;4.43;A
01.10.2025 08:00;9.7;A;60.89;A;1011.73;A;145;A;30;A;0;A;19;A;11;A;10.28;A;6.39;A;4.79;A
01.10.2025 08:15;9.55;A;62.34;A;1011.82;A;71;A;30;A;0;A;18;A;12;A;10.58;A;6.66;A;4.7;A
01.10.2025 08:30;9.41;A;64.96;A;1011.9;A;69;A;30;A;0;A;18;A;12;A;11.37;A;7.31;A;5.19;A
01.10.2025 08:45;9.23;A;66.84;A;1011.98;A;57;A;29;A;0;A;18;A;12;A;10.84;A;6.37;A;4.56;A
01.10.2025 09:00;8.96;A;69.04;A;1012.1;A;67;A;29;A;0;A;18;A;11;A;11.49;A;7.22;A;4.84;A
01.10.2025 09:15;8.67;A;72.3;A;1011.97;A;73;A;29;A;0;A;18;A;10;A;10.6;A;7.35;A;5.58;A
01.10.2025 09:30;8.34;A;76.39;A;1012.03;A;68;A;28;A;0;A;17;A;11;A;9.66;A;6.23;A;4.75;A
01.10.2025 09:45;8.12;A;77.93;A;1011.88;A;57;A;27;A;0;A;16;A;11;A;9.62;A;6.49;A;5;A
01.10.2025 10:00;7.99;A;79.83;A;1011.88;A;61;A;27;A;0;A;17;A;10;A;10.44;A;7.07;A;5.23;A
01.10.2025 10:15;7.93;A;80.45;A;1011.75;A;56;A;26;A;0;A;16;A;10;A;10.07;A;7.02;A;5.2;A
01.10.2025 10:30;8.09;A;80.94;A;1011.78;A;57;A;26;A;0;A;15;A;11;A;11.09;A;8.22;A;5.83;A
01.10.2025 10:45;8.27;A;79.56;A;1011.75;A;64;A;26;A;0;A;16;A;10;A;10.95;A;7.68;A;5.8;A
01.10.2025 11:00;8.41;A;78.47;A;1011.82;A;66;A;27;A;0;A;16;A;10;A;11.23;A;8.11;A;5.89;A
01.10.2025 11:15;8.82;A;77.33;A;1011.8;A;72;A;26;A;0;A;15;A;11;A;13.3;A;8.42;A;5.89;A
01.10.2025 11:30;8.98;A;75.1;A;1011.62;A;63;A;27;A;0;A;16;A;11;A;12.98;A;8.5;A;6.27;A
01.10.2025 11:45;9.16;A;73.29;A;1011.6;A;62;A;27;A;0;A;15;A;12;A;11.98;A;8;A;5.72;A
01.10.2025 12:00;9.32;A;72.95;A;1011.58;A;64;A;27;A;0;A;16;A;11;A;11.91;A;7.95;A;5.83;A
01.10.2025 12:15;9.53;A;71.65;A;1011.58;A;76;A;26;A;0;A;15;A;11;A;12.22;A;8.14;A;5.74;A
01.10.2025 12:30;9.7;A;71.66;A;1011.53;A;78;A;27;A;0;A;16;A;11;A;12.45;A;8.17;A;5.91;A
01.10.2025 12:45;9.67;A;70.59;A;1011.45;A;71;A;27;A;0;A;15;A;12;A;11.34;A;8.12;A;5.67;A
01.10.2025 13:00;9.56;A;73.17;A;1011.26;A;83;A;28;A;0;A;17;A;11;A;13.4;A;9.22;A;6.5;A
01.10.2025 13:15;9.31;A;77.16;A;1011.2;A;82;A;27;A;0;A;15;A;12;A;13.08;A;9.31;A;6.45;A
01.10.2025 13:30;9.12;A;77.97;A;1011.17;A;79;A;26;A;0;A;15;A;11;A;12.54;A;8.9;A;6.52;A
01.10.2025 13:45;9.14;A;77.41;A;1011.16;A;80;A;25;A;0;A;14;A;11;A;14.72;A;9.3;A;6.81;A
01.10.2025 14:00;9.5;A;76.53;A;1011.18;A;92;A;27;A;0;A;16;A;10;A;15.83;A;11.62;A;8.4;A
01.10.2025 14:15;10.15;A;74.7;A;1011.09;A;94;A;24;A;0;A;13;A;11;A;14.82;A;9.92;A;7.42;A
01.10.2025 14:30;10.55;A;71.45;A;1011.14;A;90;A;26;A;0;A;15;A;12;A;12.98;A;9.09;A;6.92;A
01.10.2025 14:45;10.75;A;70.94;A;1011.1;A;92;A;28;A;0;A;17;A;11;A;15.38;A;10.29;A;7.16;A
01.10.2025 15:00;11.07;A;70.81;A;1011.15;A;100;A;27;A;0;A;16;A;12;A;14.87;A;10.46;A;7.52;A
01.10.2025 15:15;11.5;A;68.44;A;1011.13;A;102;A;26;A;0;A;14;A;12;A;14.81;A;10.37;A;7.39;A
01.10.2025 15:30;11.55;A;68.01;A;1011.06;A;125;A;28;A;0;A;17;A;11;A;21.45;A;15.69;A;11.4;A
01.10.2025 15:45;11.56;A;67.66;A;1011.17;A;126;A;28;A;0;A;16;A;12;A;15.73;A;11.06;A;7.83;A
01.10.2025 16:00;11.56;A;67.99;A;1011.12;A;115;A;28;A;0;A;16;A;11;A;16.16;A;10.41;A;7.71;A
01.10.2025 16:15;11.57;A;67.65;A;1011.01;A;116;A;28;A;0;A;17;A;12;A;17.63;A;11.21;A;7.7;A
01.10.2025 16:30;11.75;A;67.3;A;1010.96;A;359;A;27;A;1;A;15;A;12;A;17.37;A;11.21;A;8.23;A
01.10.2025 16:45;11.63;A;67.54;A;1010.81;A;121;A;29;A;0;A;18;A;11;A;17.46;A;12.69;A;9.2;A
01.10.2025 17:00;11.53;A;68.55;A;1010.76;A;115;A;28;A;0;A;17;A;10;A;18.24;A;12.32;A;8.47;A
01.10.2025 17:15;11.52;A;68.62;A;1010.77;A;138;A;26;A;0;A;15;A;11;A;18.47;A;12.23;A;8.91;A
01.10.2025 17:30;11.44;A;69.81;A;1010.92;A;130;A;27;A;0;A;17;A;10;A;17.92;A;13.34;A;9.68;A
01.10.2025 17:45;11.43;A;70.12;A;1010.79;A;146;A;26;A;0;A;17;A;10;A;21.18;A;14.21;A;10.33;A
01.10.2025 18:00;11.38;A;70.58;A;1010.9;A;139;A;26;A;0;A;16;A;9;A;18.76;A;13.54;A;9.36;A
01.10.2025 18:15;11.31;A;70.21;A;1011.11;A;130;A;27;A;0;A;17;A;10;A;18.48;A;12.65;A;9.43;A
01.10.2025 18:30;11.18;A;70.92;A;1010.98;A;119;A;26;A;0;A;17;A;9;A;17.92;A;12.14;A;8.76;A
01.10.2025 18:45;11;A;71.99;A;1011.15;A;106;A;25;A;0;A;16;A;9;A;17.96;A;11.53;A;8.69;A
01.10.2025 19:00;10.88;A;73;A;1010.95;A;100;A;25;A;0;A;16;A;9;A;17.54;A;11.93;A;8.3;A
01.10.2025 19:15;10.79;A;72.77;A;1010.86;A;95;A;24;A;0;A;16;A;9;A;17.89;A;11.85;A;8.79;A
01.10.2025 19:30;10.74;A;73.09;A;1010.97;A;107;A;24;A;0;A;16;A;8;A;17.79;A;12.03;A;8.48;A
01.10.2025 19:45;10.66;A;73.54;A;1011.02;A;95;A;24;A;0;A;15;A;9;A;18.59;A;12.44;A;9.15;A
01.10.2025 20:00;10.63;A;73.84;A;1011.08;A;91;A;24;A;0;A;14;A;10;A;21.74;A;15.32;A;10.96;A
01.10.2025 20:15;10.62;A;73.9;A;1011.26;A;100;A;24;A;0;A;13;A;11;A;21.37;A;14.68;A;10.62;A
01.10.2025 20:30;10.55;A;74.73;A;1011.22;A;108;A;24;A;0;A;13;A;11;A;22.47;A;15.76;A;11.15;A
01.10.2025 20:45;10.47;A;75.38;A;1011.11;A;113;A;24;A;0;A;13;A;10;A;21.33;A;14.55;A;10.88;A
01.10.2025 21:00;10.38;A;76.31;A;1011.16;A;121;A;24;A;0;A;13;A;11;A;22.84;A;15;A;11.14;A
01.10.2025 21:15;10.29;A;77.77;A;1011.14;A;113;A;23;A;0;A;13;A;10;A;21.69;A;14.95;A;10.95;A
01.10.2025 21:30;10.19;A;78.41;A;1011;A;106;A;23;A;0;A;12;A;11;A;21.1;A;14.96;A;11;A
01.10.2025 21:45;10.1;A;79.47;A;1010.96;A;110;A;23;A;0;A;13;A;10;A;21.53;A;14.91;A;10.97;A
01.10.2025 22:00;9.94;A;81.52;A;1010.92;A;96;A;22;A;0;A;12;A;10;A;19.74;A;13.46;A;10.6;A
01.10.2025 22:15;9.79;A;82.3;A;1010.81;A;87;A;22;A;0;A;12;A;10;A;16.19;A;11.55;A;10.4;A
01.10.2025 22:30;9.74;A;82.76;A;1010.76;A;82;A;22;A;0;A;12;A;10;A;15.39;A;11.03;A;10.29;A
01.10.2025 22:45;9.68;A;83.03;A;1010.77;A;82;A;22;A;0;A;11;A;10;A;15.59;A;11.18;A;10.43;A
01.10.2025 23:00;9.61;A;82.99;A;1010.71;A;82;A;22;A;0;A;12;A;10;A;16.22;A;11.34;A;10.3;A
01.10.2025 23:15;9.55;A;84.06;A;1010.66;A;79;A;22;A;0;A;12;A;10;A;15.9;A;11.4;A;10.65;A
01.10.2025 23:30;9.45;A;84.93;A;1010.52;A;77;A;21;A;0;A;11;A;10;A;15.83;A;11.35;A;10.6;A
01.10.2025 23:45;9.36;A;85.32;A;1010.49;A;89;A;21;A;0;A;11;A;10;A;16.12;A;11.56;A;10.8;A
02.10.2025 00:00;9.36;A;85.29;A;1010.51;A;102;A;21;A;0;A;10;A;10;A;16.02;A;11.49;A;10.73;A
02.10.2025 00:15;9.42;A;85.27;A;1010.47;A;97;A;21;A;0;A;11;A;10;A;15.94;A;11.43;A;10.68;A
02.10.2025 00:30;9.48;A;84.93;A;1010.29;A;89;A;20;A;0;A;10;A;10;A;15.06;A;10.79;A;10.06;A
02.10.2025 00:45;9.48;A;84.61;A;1010.3;A;83;A;20;A;0;A;10;A;10;A;15.7;A;11.25;A;10.51;A
02.10.2025 01:00;9.5;A;84.05;A;1010.28;A;80;A;20;A;1;A;10;A;9;A;15.79;A;11.32;A;10.57;A
02.10.2025 01:15;9.5;A;83.73;A;1010.33;A;82;A;19;A;1;A;10;A;9;A;16.69;A;11.55;A;10.3;A
02.10.2025 01:30;9.44;A;83.85;A;1010.53;A;82;A;20;A;1;A;10;A;10;A;15.57;A;11.16;A;10.42;A
02.10.2025 01:45;9.44;A;84.36;A;1010.58;A;85;A;19;A;1;A;10;A;9;A;15.62;A;11.2;A;10.45;A
02.10.2025 02:00;9.44;A;83.78;A;1010.53;A;86;A;18;A;1;A;9;A;9;A;16.93;A;11.97;A;10.54;A
02.10.2025 02:15;9.5;A;84.06;A;1010.46;A;91;A;18;A;1;A;9;A;9;A;15.95;A;11.43;A;10.58;A
02.10.2025 02:30;9.51;A;83.91;A;1010.41;A;94;A;18;A;1;A;10;A;9;A;16.26;A;11.66;A;10.9;A
02.10.2025 02:45;9.53;A;83.43;A;1010.33;A;98;A;18;A;1;A;9;A;9;A;16.09;A;11.54;A;10.78;A
02.10.2025 03:00;9.55;A;83.44;A;1010.28;A;101;A;18;A;1;A;9;A;9;A;17.07;A;12.08;A;10.75;A
02.10.2025 03:15;9.49;A;82.93;A;1010.22;A;102;A;18;A;1;A;9;A;9;A;17.72;A;12.72;A;10.72;A
02.10.2025 03:30;9.46;A;82.83;A;1010.23;A;101;A;19;A;1;A;10;A;9;A;17.19;A;12.49;A;10.66;A
02.10.2025 03:45;9.43;A;82.56;A;1010.21;A;100;A;18;A;1;A;9;A;9;A;16.18;A;11.78;A;10.52;A
02.10.2025 04:00;9.42;A;83.03;A;1010.17;A;96;A;18;A;1;A;9;A;9;A;18.05;A;12.48;A;10.42;A
02.10.2025 04:15;9.45;A;83.15;A;1010.11;A;97;A;18;A;1;A;9;A;9;A;16.17;A;11.54;A;10.37;A
02.10.2025 04:30;9.48;A;83.49;A;1010.05;A;100;A;18;A;1;A;9;A;9;A;16.25;A;11.61;A;10.58;A
02.10.2025 04:45;9.51;A;83.04;A;1010.1;A;101;A;18;A;1;A;9;A;9;A;16.69;A;12.1;A;10.64;A
02.10.2025 05:00;9.56;A;83.73;A;1010.08;A;103;A;18;A;1;A;9;A;9;A;16.37;A;11.74;A;10.97;A
02.10.2025 05:15;9.61;A;83.45;A;1010.11;A;102;A;18;A;1;A;8;A;10;A;16.68;A;12.01;A;11.02;A
02.10.2025 05:30;9.6;A;83.64;A;1009.98;A;106;A;18;A;1;A;10;A;9;A;17.08;A;12.26;A;11.47;A
02.10.2025 05:45;9.58;A;84.2;A;1010.11;A;115;A;19;A;1;A;10;A;9;A;17.2;A;12.35;A;11.55;A
02.10.2025 06:00;9.58;A;85.05;A;1010.18;A;113;A;18;A;1;A;10;A;8;A;17.61;A;12.65;A;11.84;A
02.10.2025 06:15;9.56;A;85.52;A;1010.16;A;118;A;18;A;1;A;10;A;8;A;17.87;A;12.84;A;12.02;A
02.10.2025 06:30;9.59;A;84.53;A;1010.24;A;141;A;19;A;0;A;13;A;6;A;18.34;A;13.19;A;12.35;A
02.10.2025 06:45;9.67;A;84.09;A;1010.41;A;130;A;19;A;1;A;12;A;7;A;18.49;A;13.3;A;12.46;A
02.10.2025 07:00;9.71;A;83.84;A;1010.4;A;139;A;19;A;1;A;12;A;7;A;18.1;A;13.01;A;12.18;A
02.10.2025 07:15;9.75;A;83.93;A;1010.47;A;156;A;19;A;1;A;12;A;7;A;18.51;A;13.32;A;12.48;A
02.10.2025 07:30;9.75;A;83.82;A;1010.57;A;187;A;19;A;1;A;15;A;5;A;19.16;A;13.79;A;12.92;A
02.10.2025 07:45;9.85;A;83.7;A;1010.51;A;259;A;20;A;1;A;14;A;6;A;20.91;A;15.17;A;13.55;A
02.10.2025 08:00;10.04;A;83.49;A;1010.58;A;295;A;23;A;1;A;18;A;5;A;21.2;A;15.29;A;14.36;A
02.10.2025 08:15;10.25;A;81.99;A;1010.79;A;209;A;21;A;1;A;13;A;8;A;25.34;A;18.34;A;14.46;A
02.10.2025 08:30;10.36;A;82.04;A;1010.91;A;223;A;21;A;1;A;15;A;6;A;39.54;A;28.61;A;25.73;A
02.10.2025 08:45;10.63;A;81.81;A;1010.92;A;246;A;25;A;1;A;21;A;5;A;64.32;A;45.29;A;39.01;A
02.10.2025 09:00;11.05;A;81.15;A;1011.12;A;235;A;22;A;0;A;16;A;6;A;35.54;A;25.9;A;22.97;A
02.10.2025 09:15;11.48;A;78.68;A;1011.05;A;212;A;22;A;0;A;14;A;8;A;32.04;A;23.87;A;18.32;A
02.10.2025 09:30;11.82;A;77.79;A;1011.11;A;224;A;22;A;1;A;16;A;7;A;54.18;A;40.15;A;28.37;A
02.10.2025 09:45;12.12;A;75.35;A;1011.19;A;273;A;23;A;1;A;16;A;7;A;79.39;A;55;A;38.95;A
02.10.2025 10:00;12.24;A;76.01;A;1011.28;A;278;A;24;A;1;A;17;A;7;A;68.97;A;50.08;A;35.17;A
02.10.2025 10:15;12.53;A;75.73;A;1011.33;A;259;A;22;A;0;A;14;A;8;A;61.75;A;44.6;A;31.62;A
02.10.2025 10:30;12.5;A;76.11;A;1011.36;A;327;A;23;A;1;A;16;A;7;A;93.08;A;70.31;A;49.94;A
02.10.2025 10:45;12.57;A;77.12;A;1011.49;A;484;A;24;A;0;A;17;A;6;A;127.78;A;95.17;A;66.45;A
02.10.2025 11:00;12.52;A;77.87;A;1011.55;A;645;A;25;A;1;A;18;A;7;A;175.57;A;127.08;A;86.68;A
02.10.2025 11:15;12.5;A;78.96;A;1011.66;A;619;A;26;A;0;A;15;A;11;A;89.96;A;67.78;A;47.12;A
02.10.2025 11:30;12.4;A;78.33;A;1011.72;A;384;A;27;A;0;A;14;A;13;A;65.25;A;49.94;A;34.86;A
02.10.2025 11:45;12.36;A;78.43;A;1011.77;A;714;A;28;A;0;A;18;A;10;A;101.48;A;80.04;A;55.01;A
02.10.2025 12:00;12.42;A;78.63;A;1011.82;A;721;A;28;A;0;A;18;A;10;A;98.43;A;75.34;A;51.65;A
02.10.2025 12:15;12.62;A;78.16;A;1011.96;A;795;A;29;A;0;A;18;A;10;A;92.73;A;73.39;A;50.26;A
02.10.2025 12:30;12.83;A;77.43;A;1012.09;A;752;A;28;A;0;A;17;A;10;A;96.54;A;76.75;A;52.45;A
02.10.2025 12:45;12.96;A;76.31;A;1012.02;A;696;A;29;A;0;A;18;A;11;A;90.64;A;69.83;A;47.73;A
02.10.2025 13:00;13.21;A;75.79;A;1012.08;A;1012;A;30;A;0;A;21;A;9;A;110.44;A;85.49;A;59.56;A
02.10.2025 13:15;13.45;A;75.74;A;1011.99;A;1024;A;30;A;1;A;23;A;7;A;116.55;A;92.54;A;65.03;A
02.10.2025 13:30;13.44;A;75.04;A;1012.08;A;881;A;30;A;1;A;22;A;7;A;107.57;A;85.03;A;58.11;A
02.10.2025 13:45;13.39;A;75.72;A;1012.04;A;611;A;29;A;0;A;23;A;6;A;79.55;A;63.64;A;43.71;A
02.10.2025 14:00;13.34;A;75.75;A;1012.23;A;304;A;30;A;0;A;23;A;7;A;43.02;A;34.12;A;24.67;A
02.10.2025 14:15;13.26;A;75.56;A;1012.1;A;175;A;30;A;0;A;17;A;14;A;31.16;A;23.98;A;17.26;A
02.10.2025 14:30;13.25;A;76.01;A;1012.16;A;299;A;31;A;0;A;20;A;11;A;51.94;A;41.14;A;28;A
02.10.2025 14:45;13.54;A;75.59;A;1012.15;A;183;A;30;A;0;A;16;A;14;A;31.24;A;24.9;A;17.57;A
02.10.2025 15:00;13.88;A;73.87;A;1012.24;A;264;A;30;A;0;A;17;A;13;A;51.84;A;41.67;A;28.49;A
02.10.2025 15:15;14.3;A;72.3;A;1012.17;A;358;A;31;A;0;A;21;A;11;A;66.71;A;53.17;A;36.89;A
02.10.2025 15:30;14.6;A;70.77;A;1012.16;A;370;A;31;A;0;A;20;A;10;A;85.98;A;67.26;A;46.18;A
02.10.2025 15:45;14.79;A;69.87;A;1012.17;A;363;A;34;A;0;A;25;A;10;A;91.08;A;72.04;A;49.89;A
02.10.2025 16:00;14.95;A;68.38;A;1012.12;A;380;A;33;A;0;A;22;A;11;A;91.53;A;71.24;A;50.47;A
02.10.2025 16:15;15.16;A;67.37;A;1011.88;A;357;A;34;A;0;A;21;A;13;A;73.23;A;59.59;A;41.91;A
02.10.2025 16:30;15.36;A;66.52;A;1011.72;A;920;A;35;A;1;A;23;A;12;A;73.57;A;57.03;A;40.15;A
02.10.2025 16:45;15.65;A;64.06;A;1011.75;A;308;A;34;A;0;A;19;A;15;A;56.11;A;43.61;A;30.98;A
02.10.2025 17:00;15.65;A;62.53;A;1011.66;A;228;A;38;A;0;A;20;A;18;A;38.56;A;30.52;A;22.24;A
02.10.2025 17:15;15.46;A;63.27;A;1011.68;A;471;A;54;A;0;A;44;A;15;A;35.78;A;29.01;A;20.72;A
02.10.2025 17:30;15.21;A;64.6;A;1011.7;A;258;A;37;A;0;A;21;A;15;A;34.59;A;26.99;A;19.28;A
02.10.2025 17:45;14.87;A;67.22;A;1012.05;A;243;A;34;A;0;A;21;A;13;A;34.13;A;26.82;A;19.41;A
02.10.2025 18:00;14.44;A;69.83;A;1012.15;A;248;A;30;A;0;A;20;A;10;A;37.26;A;29.29;A;21.24;A
02.10.2025 18:15;13.92;A;71.82;A;1012.21;A;539;A;33;A;0;A;29;A;4;A;39.69;A;31.18;A;22.08;A
02.10.2025 18:30;13.38;A;73.83;A;1012.18;A;522;A;29;A;0;A;28;A;2;A;39.96;A;31.98;A;22.7;A
02.10.2025 18:45;12.89;A;74.86;A;1012.24;A;698;A;29;A;0;A;28;A;1;A;42.74;A;33.01;A;23.81;A
02.10.2025 19:00;12.43;A;75.7;A;1012.3;A;522;A;31;A;0;A;30;A;1;A;43.11;A;32.31;A;23.06;A
02.10.2025 19:15;12.17;A;76.81;A;1012.43;A;501;A;28;A;0;A;26;A;2;A;41.32;A;31.66;A;22.38;A
02.10.2025 19:30;12.13;A;76.47;A;1012.56;A;407;A;29;A;0;A;28;A;1;A;50.51;A;39.91;A;28.52;A
02.10.2025 19:45;12.2;A;77.28;A;1012.56;A;350;A;30;A;0;A;27;A;3;A;52.3;A;41.48;A;29.01;A
02.10.2025 20:00;12.12;A;78.31;A;1012.68;A;352;A;29;A;0;A;25;A;4;A;58.41;A;45.64;A;32.64;A
02.10.2025 20:15;11.98;A;79.32;A;1012.62;A;359;A;28;A;0;A;26;A;3;A;62.57;A;48.49;A;33.97;A
02.10.2025 20:30;11.86;A;80.19;A;1012.7;A;365;A;28;A;0;A;24;A;3;A;65.83;A;51.03;A;34.89;A
02.10.2025 20:45;11.7;A;80.87;A;1012.58;A;344;A;26;A;0;A;22;A;4;A;59.47;A;47.45;A;33.3;A
02.10.2025 21:00;11.57;A;81.1;A;1012.45;A;306;A;26;A;1;A;22;A;4;A;57.52;A;45.42;A;32.28;A
02.10.2025 21:15;11.59;A;81.26;A;1012.43;A;270;A;27;A;0;A;22;A;5;A;51.62;A;39.32;A;30.6;A
02.10.2025 21:30;11.56;A;81.6;A;1012.37;A;267;A;26;A;0;A;21;A;5;A;46.37;A;33.99;A;31.1;A
02.10.2025 21:45;11.44;A;82.43;A;1012.33;A;255;A;25;A;0;A;21;A;4;A;44.79;A;32.83;A;29.92;A
02.10.2025 22:00;11.38;A;82.45;A;1012.27;A;230;A;25;A;0;A;22;A;3;A;43.09;A;32.17;A;28.93;A
02.10.2025 22:15;11.27;A;83.17;A;1012.21;A;229;A;25;A;0;A;22;A;2;A;40.1;A;29.13;A;27.58;A
02.10.2025 22:30;11.17;A;83.45;A;1012.16;A;207;A;25;A;0;A;24;A;2;A;38.24;A;27.77;A;26.28;A
02.10.2025 22:45;11.17;A;83.45;A;1012.01;A;190;A;27;A;0;A;26;A;1;A;33.92;A;24.61;A;23.26;A
02.10.2025 23:00;11.27;A;83.25;A;1011.83;A;153;A;27;A;0;A;22;A;5;A;29.66;A;21.48;A;20.28;A
02.10.2025 23:15;11.31;A;83.1;A;1011.85;A;151;A;25;A;0;A;16;A;9;A;30.19;A;21.87;A;20.65;A
02.10.2025 23:30;11.34;A;82.69;A;1011.66;A;163;A;25;A;0;A;15;A;10;A;37.74;A;27.4;A;25.94;A
02.10.2025 23:45;11.36;A;82.5;A;1011.48;A;169;A;25;A;0;A;14;A;11;A;44.86;A;32.62;A;30.92;A
03.10.2025 00:00;11.34;A;82.48;A;1011.5;A;151;A;24;A;0;A;13;A;11;A;48.75;A;35.46;A;33.64;A
03.10.2025 00:15;11.32;A;82.5;A;1011.43;A;138;A;24;A;0;A;12;A;11;A;49.41;A;35.95;A;34.11;A
03.10.2025 00:30;11.32;A;82.39;A;1011.37;A;130;A;24;A;0;A;12;A;11;A;50.95;A;37.08;A;35.18;A
03.10.2025 00:45;11.29;A;82.26;A;1011.35;A;128;A;24;A;0;A;13;A;11;A;51.52;A;37.5;A;35.58;A
03.10.2025 01:00;11.22;A;82.57;A;1011.31;A;126;A;22;A;0;A;11;A;11;A;50.53;A;36.91;A;34.58;A
03.10.2025 01:15;11.11;A;82.74;A;1011.37;A;123;A;22;A;0;A;12;A;10;A;45.64;A;33.19;A;31.47;A
03.10.2025 01:30;11.04;A;82.98;A;1011.44;A;124;A;22;A;1;A;12;A;10;A;41.07;A;29.84;A;28.27;A
03.10.2025 01:45;10.92;A;83.49;A;1011.33;A;125;A;22;A;0;A;12;A;10;A;39.21;A;28.48;A;26.96;A
03.10.2025 02:00;10.85;A;83.91;A;1011.14;A;122;A;21;A;1;A;12;A;10;A;36.71;A;26.65;A;25.21;A
03.10.2025 02:15;10.85;A;84.06;A;1011.11;A;120;A;21;A;1;A;11;A;10;A;34.03;A;24.68;A;23.34;A
03.10.2025 02:30;10.87;A;84.08;A;1011.05;A;122;A;21;A;1;A;11;A;10;A;32.07;A;23.24;A;21.96;A
03.10.2025 02:45;10.84;A;84.03;A;1010.93;A;121;A;21;A;0;A;12;A;9;A;30.67;A;22.22;A;20.99;A
03.10.2025 03:00;10.87;A;84.04;A;1010.79;A;121;A;22;A;0;A;12;A;9;A;29.12;A;21.08;A;19.9;A
03.10.2025 03:15;10.91;A;84.15;A;1010.71;A;122;A;22;A;0;A;12;A;10;A;27.47;A;19.88;A;18.75;A
03.10.2025 03:30;10.97;A;84.13;A;1010.73;A;124;A;21;A;1;A;11;A;10;A;26.33;A;19.04;A;17.95;A
03.10.2025 03:45;11.04;A;83.91;A;1010.87;A;125;A;21;A;1;A;11;A;11;A;25.38;A;18.35;A;17.28;A
03.10.2025 04:00;11.04;A;83.78;A;1010.77;A;125;A;21;A;1;A;11;A;10;A;25.65;A;18.55;A;17.47;A
03.10.2025 04:15;11.07;A;83.66;A;1010.69;A;129;A;21;A;0;A;11;A;10;A;25.92;A;18.74;A;17.66;A
03.10.2025 04:30;11.04;A;83.64;A;1010.63;A;130;A;21;A;1;A;11;A;10;A;25.35;A;18.32;A;17.26;A
03.10.2025 04:45;11.03;A;83.5;A;1010.63;A;130;A;21;A;1;A;11;A;10;A;24.7;A;17.85;A;16.81;A
03.10.2025 05:00;10.98;A;83.09;A;1010.7;A;130;A;21;A;1;A;10;A;11;A;24.7;A;17.85;A;16.8;A
03.10.2025 05:15;10.92;A;82.66;A;1010.62;A;128;A;21;A;1;A;11;A;10;A;23.17;A;16.73;A;15.74;A
03.10.2025 05:30;10.87;A;82.52;A;1010.58;A;130;A;21;A;1;A;11;A;10;A;22.48;A;16.18;A;14.94;A
03.10.2025 05:45;10.77;A;82.03;A;1010.49;A;131;A;21;A;0;A;12;A;9;A;23.2;A;17.27;A;15.35;A
03.10.2025 06:00;10.68;A;82.08;A;1010.42;A;135;A;21;A;1;A;12;A;8;A;24.73;A;17.87;A;16.83;A
03.10.2025 06:15;10.61;A;81.54;A;1010.37;A;132;A;22;A;1;A;13;A;9;A;27.97;A;20.84;A;18.42;A
03.10.2025 06:30;10.62;A;80.8;A;1010.28;A;136;A;22;A;0;A;14;A;7;A;31.65;A;25.22;A;18.67;A
03.10.2025 06:45;10.64;A;80.07;A;1010.27;A;135;A;22;A;0;A;15;A;7;A;34.84;A;27.49;A;19.7;A
03.10.2025 07:00;10.67;A;79.24;A;1010.34;A;149;A;23;A;1;A;16;A;7;A;38.39;A;29.54;A;20.97;A
03.10.2025 07:15;10.77;A;78.4;A;1010.27;A;160;A;23;A;0;A;16;A;7;A;34.18;A;27.28;A;19.26;A
03.10.2025 07:30;10.89;A;77.45;A;1010.19;A;171;A;24;A;0;A;16;A;7;A;38.32;A;29.46;A;20.94;A
03.10.2025 07:45;11.07;A;76.25;A;1010.47;A;206;A;23;A;0;A;16;A;7;A;28.55;A;21.63;A;15.44;A
03.10.2025 08:00;11.32;A;74.37;A;1010.36;A;280;A;26;A;0;A;18;A;8;A;27.44;A;20.88;A;15.11;A
03.10.2025 08:15;11.48;A;73.33;A;1010.28;A;205;A;25;A;0;A;16;A;9;A;18.48;A;13.89;A;10.26;A
03.10.2025 08:30;11.68;A;72.47;A;1010.4;A;169;A;25;A;0;A;14;A;10;A;14.25;A;9.74;A;7.08;A
03.10.2025 08:45;12.01;A;71.26;A;1010.36;A;203;A;25;A;0;A;16;A;10;A;14.97;A;10.37;A;7.48;A
03.10.2025 09:00;12.27;A;70.43;A;1010.44;A;228;A;27;A;0;A;18;A;9;A;16.91;A;12.46;A;8.95;A
03.10.2025 09:15;12.71;A;69.92;A;1010.36;A;232;A;27;A;0;A;18;A;9;A;17.41;A;12.03;A;8.88;A
03.10.2025 09:30;13.35;A;69.28;A;1010.42;A;202;A;26;A;0;A;15;A;11;A;14.34;A;9.5;A;6.87;A
03.10.2025 09:45;14.05;A;67.06;A;1010.29;A;236;A;27;A;0;A;14;A;13;A;13.12;A;9.25;A;6.87;A
03.10.2025 10:00;14.42;A;66.22;A;1010.01;A;192;A;29;A;0;A;15;A;14;A;12.68;A;8.81;A;6.29;A
03.10.2025 10:15;14.91;A;64.92;A;1009.98;A;158;A;30;A;0;A;13;A;16;A;11.1;A;8.27;A;6.34;A
03.10.2025 10:30;15.38;A;64.35;A;1009.94;A;141;A;31;A;0;A;13;A;18;A;11.89;A;8;A;5.79;A
03.10.2025 10:45;15.91;A;63.31;A;1009.89;A;148;A;32;A;0;A;13;A;19;A;11.58;A;7.38;A;5.33;A
03.10.2025 11:00;16.38;A;62.78;A;1009.7;A;156;A;33;A;0;A;14;A;18;A;15.14;A;9.79;A;7.11;A
03.10.2025 11:15;16.93;A;61.57;A;1009.67;A;153;A;34;A;0;A;14;A;20;A;11.13;A;7.12;A;4.92;A
03.10.2025 11:30;17.62;A;58.65;A;1009.64;A;170;A;35;A;0;A;14;A;22;A;8.92;A;6.25;A;4.74;A
03.10.2025 11:45;18.05;A;55.66;A;1009.28;A;154;A;37;A;0;A;15;A;22;A;9.75;A;6;A;4.43;A
03.10.2025 12:00;18.4;A;54.18;A;1009.26;A;155;A;38;A;0;A;15;A;23;A;9.8;A;6.03;A;4.06;A
03.10.2025 12:15;18.74;A;52.26;A;1009.13;A;145;A;41;A;0;A;15;A;26;A;8.41;A;5.07;A;3.61;A
03.10.2025 12:30;19.32;A;49.93;A;1009.15;A;135;A;42;A;0;A;16;A;26;A;6.03;A;3.64;A;2.43;A
03.10.2025 12:45;19.58;A;48.45;A;1009.09;A;113;A;44;A;0;A;17;A;28;A;5.64;A;3.31;A;2.18;A
03.10.2025 13:00;19.83;A;47.41;A;1008.83;A;146;A;44;A;0;A;16;A;28;A;4.27;A;2.65;A;1.87;A
03.10.2025 13:15;20.11;A;45.77;A;1008.69;A;118;A;45;A;0;A;16;A;29;A;5.2;A;3.19;A;2.2;A
03.10.2025 13:30;20.51;A;44.2;A;1008.39;A;133;A;45;A;0;A;16;A;29;A;6.33;A;3.52;A;2.42;A
03.10.2025 13:45;20.71;A;43.53;A;1008.2;A;151;A;47;A;0;A;18;A;29;A;7.01;A;3.92;A;2.63;A
03.10.2025 14:00;20.96;A;43.3;A;1008.12;A;154;A;46;A;0;A;18;A;29;A;8.48;A;5.57;A;3.83;A
03.10.2025 14:15;21.38;A;41.11;A;1008.19;A;121;A;45;A;0;A;16;A;29;A;5.37;A;2.8;A;1.84;A
03.10.2025 14:30;21.48;A;39.65;A;1008.25;A;116;A;48;A;0;A;17;A;31;A;5.56;A;3.05;A;2.15;A
03.10.2025 14:45;21.69;A;38.07;A;1008.14;A;151;A;47;A;0;A;19;A;28;A;5.38;A;2.81;A;1.92;A
03.10.2025 15:00;22.27;A;36.58;A;1008;A;114;A;47;A;0;A;16;A;31;A;6.34;A;3.68;A;2.45;A
03.10.2025 15:15;22.49;A;35.28;A;1007.99;A;129;A;49;A;0;A;18;A;32;A;7.87;A;4.97;A;3.53;A
03.10.2025 15:30;23.12;A;34.27;A;1008.05;A;194;A;55;A;0;A;23;A;32;A;16.46;A;11.75;A;9.01;A
03.10.2025 15:45;23.42;A;33.39;A;1008.07;A;161;A;51;A;0;A;17;A;34;A;9.99;A;5.99;A;4.51;A
03.10.2025 16:00;22.9;A;33.51;A;1007.91;A;184;A;54;A;0;A;21;A;33;A;8.79;A;5.81;A;4.33;A
03.10.2025 16:15;22.87;A;34.38;A;1007.81;A;160;A;50;A;0;A;18;A;32;A;8.4;A;4.32;A;2.96;A
03.10.2025 16:30;22.63;A;33.46;A;1007.85;A;187;A;51;A;0;A;22;A;29;A;7.32;A;4.39;A;3.09;A
03.10.2025 16:45;21.92;A;34.79;A;1007.79;A;201;A;52;A;0;A;24;A;27;A;9.75;A;5.39;A;3.83;A
03.10.2025 17:00;21.29;A;36.56;A;1007.86;A;257;A;49;A;0;A;27;A;23;A;10.53;A;6.01;A;4.37;A
03.10.2025 17:15;20.91;A;36.52;A;1007.83;A;213;A;48;A;0;A;21;A;27;A;9.34;A;5.51;A;4.1;A
03.10.2025 17:30;20.56;A;36.47;A;1007.77;A;172;A;48;A;0;A;22;A;27;A;9.21;A;5.04;A;3.7;A
03.10.2025 17:45;20.24;A;36.78;A;1007.87;A;168;A;48;A;0;A;22;A;26;A;8.69;A;4.8;A;3.55;A
03.10.2025 18:00;19.91;A;37.49;A;1007.98;A;160;A;48;A;0;A;21;A;27;A;9.46;A;5.74;A;4.09;A
03.10.2025 18:15;19.55;A;38.07;A;1008.22;A;126;A;47;A;0;A;21;A;25;A;7.88;A;4.56;A;3.36;A
03.10.2025 18:30;19.21;A;38.32;A;1008.35;A;433;A;47;A;1;A;21;A;26;A;9.03;A;5.37;A;3.62;A
03.10.2025 18:45;18.84;A;38.93;A;1008.4;A;119;A;45;A;0;A;20;A;24;A;11.06;A;7.52;A;5.16;A
03.10.2025 19:00;18.55;A;38.23;A;1008.4;A;120;A;44;A;0;A;20;A;24;A;10.03;A;6.44;A;4.39;A
03.10.2025 19:15;18.28;A;37.66;A;1008.35;A;114;A;44;A;0;A;20;A;23;A;9.39;A;5.58;A;3.83;A
03.10.2025 19:30;18.03;A;37.57;A;1008.37;A;117;A;43;A;0;A;21;A;22;A;10.13;A;5.95;A;4.6;A
03.10.2025 19:45;17.69;A;38.28;A;1008.21;A;127;A;42;A;0;A;22;A;20;A;12.24;A;8.79;A;6.52;A
03.10.2025 20:00;17.35;A;38.68;A;1008.3;A;112;A;42;A;0;A;22;A;20;A;8.83;A;5.45;A;3.84;A
03.10.2025 20:15;17.1;A;39.23;A;1008.38;A;124;A;40;A;0;A;21;A;19;A;9.73;A;5.49;A;3.79;A
03.10.2025 20:30;16.91;A;38.79;A;1008.27;A;107;A;40;A;0;A;21;A;19;A;9.29;A;6.18;A;4.22;A
03.10.2025 20:45;16.83;A;37.59;A;1008.21;A;80;A;42;A;0;A;21;A;21;A;10.31;A;6.4;A;4.5;A
03.10.2025 21:00;16.77;A;36.69;A;1008.23;A;86;A;44;A;0;A;22;A;22;A;12.61;A;7.34;A;5.39;A
03.10.2025 21:15;16.7;A;36.82;A;1008.23;A;95;A;44;A;0;A;22;A;22;A;11.28;A;7.63;A;5.7;A
03.10.2025 21:30;16.57;A;37.06;A;1008.14;A;98;A;45;A;0;A;22;A;23;A;11.26;A;7.67;A;5.68;A
03.10.2025 21:45;16.46;A;37.07;A;1008.03;A;99;A;44;A;0;A;22;A;23;A;12.43;A;7.64;A;5.48;A
03.10.2025 22:00;16.33;A;37.6;A;1007.97;A;113;A;43;A;0;A;22;A;21;A;11.23;A;7.4;A;5.62;A
03.10.2025 22:15;16.16;A;38.45;A;1007.87;A;123;A;42;A;0;A;22;A;20;A;12.73;A;7.42;A;5.58;A
03.10.2025 22:30;15.91;A;38.77;A;1007.89;A;114;A;41;A;0;A;21;A;20;A;12.81;A;7.06;A;5.1;A
03.10.2025 22:45;15.63;A;38.77;A;1007.71;A;102;A;41;A;0;A;21;A;19;A;11.71;A;6.84;A;5.09;A
03.10.2025 23:00;15.32;A;39.05;A;1007.56;A;101;A;39;A;0;A;21;A;19;A;11.24;A;7.03;A;5.38;A
03.10.2025 23:15;15.01;A;40.07;A;1007.52;A;97;A;39;A;0;A;21;A;18;A;10.78;A;7.63;A;5.45;A
03.10.2025 23:30;14.74;A;40.65;A;1007.44;A;95;A;38;A;0;A;20;A;18;A;12.09;A;7.86;A;5.87;A
03.10.2025 23:45;14.5;A;41.29;A;1007.26;A;90;A;37;A;0;A;19;A;18;A;13.31;A;8.24;A;6.16;A
04.10.2025 00:00;14.28;A;41.69;A;1007.37;A;88;A;36;A;0;A;18;A;18;A;13.97;A;8.96;A;6.51;A
04.10.2025 00:15;14.1;A;42.8;A;1007.22;A;89;A;35;A;0;A;19;A;17;A;14;A;9;A;6.8;A
04.10.2025 00:30;13.98;A;43.34;A;1007.09;A;87;A;35;A;0;A;17;A;17;A;15.1;A;9.49;A;7.08;A
04.10.2025 00:45;13.89;A;43.49;A;1006.96;A;85;A;34;A;0;A;18;A;16;A;15.51;A;10;A;7.13;A
04.10.2025 01:00;13.78;A;44.01;A;1006.96;A;86;A;33;A;0;A;17;A;16;A;14.72;A;9.2;A;7.17;A
04.10.2025 01:15;13.63;A;44.5;A;1006.91;A;82;A;33;A;0;A;17;A;16;A;17.17;A;10.65;A;7.41;A
04.10.2025 01:30;13.45;A;44.93;A;1006.79;A;85;A;32;A;0;A;17;A;16;A;14.9;A;10.15;A;7.56;A
04.10.2025 01:45;13.27;A;45.46;A;1006.52;A;84;A;32;A;0;A;17;A;15;A;15.19;A;9.93;A;7.45;A
04.10.2025 02:00;13.11;A;45.81;A;1006.28;A;86;A;32;A;0;A;16;A;16;A;15.24;A;10.05;A;7.69;A
04.10.2025 02:15;12.98;A;45.85;A;1006.11;A;91;A;31;A;0;A;16;A;15;A;16.56;A;10.32;A;7.86;A
04.10.2025 02:30;12.86;A;46.23;A;1006.03;A;91;A;31;A;0;A;16;A;15;A;17.25;A;11.25;A;8.04;A
04.10.2025 02:45;12.74;A;46.83;A;1006.03;A;94;A;31;A;0;A;16;A;15;A;15.48;A;10.97;A;8.26;A
04.10.2025 03:00;12.66;A;46.01;A;1005.92;A;94;A;30;A;0;A;16;A;15;A;16.02;A;11.19;A;8.14;A
04.10.2025 03:15;12.53;A;46.98;A;1006.01;A;94;A;31;A;0;A;16;A;15;A;16.42;A;10.6;A;8.06;A
04.10.2025 03:30;12.38;A;47.04;A;1006.27;A;92;A;30;A;0;A;16;A;14;A;17.62;A;10.9;A;8.02;A
04.10.2025 03:45;12.23;A;47.15;A;1006.29;A;92;A;30;A;0;A;16;A;14;A;16.8;A;10.56;A;8;A
04.10.2025 04:00;12.09;A;47.93;A;1006.3;A;89;A;29;A;0;A;15;A;14;A;18.19;A;11.38;A;8.09;A
04.10.2025 04:15;11.93;A;48;A;1006.24;A;87;A;29;A;0;A;15;A;14;A;17.98;A;11.12;A;8.2;A
04.10.2025 04:30;11.76;A;48.67;A;1006.27;A;89;A;28;A;0;A;15;A;13;A;16.79;A;10.92;A;8.37;A
04.10.2025 04:45;11.6;A;49.07;A;1006.26;A;90;A;28;A;0;A;16;A;12;A;17.95;A;11.42;A;8.6;A
04.10.2025 05:00;11.46;A;49.63;A;1006.3;A;89;A;27;A;0;A;15;A;12;A;16.09;A;11.02;A;8.3;A
04.10.2025 05:15;11.31;A;50.09;A;1006.15;A;87;A;28;A;0;A;16;A;12;A;16.76;A;11.17;A;8.31;A
04.10.2025 05:30;11.23;A;50.25;A;1006.04;A;89;A;28;A;0;A;16;A;12;A;15.49;A;10.27;A;8.19;A
04.10.2025 05:45;11.12;A;50.8;A;1006.14;A;92;A;27;A;0;A;16;A;11;A;15.94;A;10.86;A;8.24;A
04.10.2025 06:00;11;A;51.3;A;1006.12;A;92;A;27;A;0;A;15;A;12;A;18.81;A;11.17;A;8.23;A
04.10.2025 06:15;10.87;A;52.19;A;1006.06;A;95;A;27;A;0;A;15;A;11;A;16.74;A;10.55;A;7.97;A
04.10.2025 06:30;10.82;A;52.64;A;1006.09;A;93;A;26;A;0;A;16;A;10;A;15.08;A;9.93;A;7.75;A
04.10.2025 06:45;10.8;A;52.73;A;1006;A;97;A;26;A;0;A;16;A;10;A;16.19;A;9.86;A;7.5;A
04.10.2025 07:00;10.82;A;53.26;A;1005.9;A;97;A;26;A;0;A;15;A;10;A;15.88;A;10.13;A;7.42;A
04.10.2025 07:15;10.85;A;53.83;A;1005.94;A;260;A;35;A;0;A;29;A;7;A;28.12;A;19.7;A;14.6;A
04.10.2025 07:30;10.91;A;53.36;A;1005.79;A;194;A;30;A;0;A;22;A;8;A;21.15;A;15.05;A;11.86;A
04.10.2025 07:45;11.02;A;53.09;A;1005.72;A;134;A;26;A;0;A;17;A;9;A;16.26;A;9.91;A;7.18;A
04.10.2025 08:00;11.21;A;53.22;A;1005.78;A;290;A;26;A;0;A;17;A;9;A;14.49;A;9.6;A;7.1;A
04.10.2025 08:15;11.52;A;52.86;A;1005.81;A;146;A;27;A;0;A;17;A;10;A;13.82;A;8.84;A;6.7;A
04.10.2025 08:30;12.2;A;51.96;A;1005.49;A;145;A;27;A;0;A;17;A;10;A;14.66;A;9.3;A;6.68;A
04.10.2025 08:45;12.63;A;51.25;A;1005.18;A;141;A;28;A;0;A;16;A;12;A;13.38;A;8.89;A;6.61;A
04.10.2025 09:00;12.84;A;52.43;A;1004.96;A;162;A;29;A;0;A;17;A;12;A;13.39;A;8.63;A;6.18;A
04.10.2025 09:15;13.48;A;51.8;A;1004.98;A;126;A;28;A;0;A;16;A;12;A;14.33;A;8.13;A;6.04;A
04.10.2025 09:30;14.29;A;51.95;A;1004.96;A;173;A;29;A;0;A;16;A;12;A;13.95;A;7.96;A;5.75;A
04.10.2025 09:45;15.19;A;51.17;A;1005.2;A;172;A;30;A;0;A;18;A;13;A;12.96;A;7.4;A;5.55;A
04.10.2025 10:00;15.75;A;51.45;A;1005.03;A;253;A;32;A;0;A;18;A;14;A;12.85;A;7.73;A;5.57;A
04.10.2025 10:15;16.13;A;51.42;A;1004.71;A;202;A;32;A;0;A;19;A;13;A;12.36;A;8.06;A;5.29;A
04.10.2025 10:30;16.35;A;52;A;1005.01;A;174;A;32;A;0;A;18;A;14;A;12.22;A;6.92;A;4.82;A
04.10.2025 10:45;16.68;A;51.87;A;1005.06;A;292;A;33;A;0;A;20;A;14;A;12.55;A;7.52;A;5.2;A
04.10.2025 11:00;17;A;52.27;A;1004.69;A;165;A;33;A;0;A;17;A;16;A;10.31;A;6.6;A;4.64;A
04.10.2025 11:15;17.5;A;52.44;A;1005;A;235;A;34;A;0;A;19;A;15;A;10.43;A;6.3;A;4.51;A
04.10.2025 11:30;18.02;A;51.83;A;1004.83;A;292;A;34;A;0;A;18;A;16;A;11.87;A;6.54;A;4.41;A
04.10.2025 11:45;18.37;A;51.75;A;1004.62;A;140;A;36;A;0;A;18;A;18;A;10.91;A;5.89;A;4.22;A
04.10.2025 12:00;18.6;A;51.41;A;1004.89;A;158;A;36;A;0;A;17;A;19;A;10.31;A;5.47;A;4.02;A
04.10.2025 12:15;18.89;A;51.4;A;1004.54;A;319;A;37;A;0;A;21;A;17;A;9.5;A;5.83;A;4.05;A
04.10.2025 12:30;19.2;A;51.37;A;1004.45;A;121;A;37;A;0;A;16;A;21;A;11.37;A;6.11;A;3.93;A
04.10.2025 12:45;19.52;A;51.14;A;1004.54;A;106;A;38;A;0;A;16;A;22;A;10.47;A;5.99;A;3.94;A
04.10.2025 13:00;19.67;A;51.76;A;1004.46;A;126;A;39;A;0;A;18;A;21;A;12.02;A;6.92;A;4.47;A
04.10.2025 13:15;20.14;A;51.13;A;1004.32;A;147;A;37;A;0;A;16;A;21;A;10.97;A;6.35;A;4.27;A
04.10.2025 13:30;20.43;A;51.14;A;1004.05;A;118;A;40;A;0;A;19;A;20;A;11.25;A;6.22;A;4.13;A
04.10.2025 13:45;20.63;A;50.79;A;1003.97;A;121;A;40;A;0;A;18;A;22;A;10.22;A;5.55;A;4.03;A
04.10.2025 14:00;20.9;A;50.2;A;1003.93;A;118;A;40;A;0;A;16;A;24;A;8.87;A;5.74;A;4.03;A
04.10.2025 14:15;21.01;A;50.82;A;1004;A;122;A;42;A;0;A;17;A;25;A;11.88;A;6.67;A;4.79;A
04.10.2025 14:30;21;A;51.38;A;1003.98;A;128;A;41;A;0;A;18;A;23;A;12.42;A;6.46;A;4.36;A
04.10.2025 14:45;20.99;A;51.1;A;1004.06;A;134;A;41;A;0;A;19;A;22;A;10.59;A;6.38;A;4.24;A
04.10.2025 15:00;20.94;A;52.03;A;1004.02;A;139;A;41;A;0;A;20;A;21;A;11.98;A;6.81;A;4.64;A
04.10.2025 15:15;20.95;A;53.15;A;1003.73;A;186;A;40;A;0;A;23;A;17;A;11.04;A;6.45;A;4.84;A
04.10.2025 15:30;21.04;A;53.44;A;1003.54;A;168;A;39;A;0;A;19;A;20;A;10.18;A;6.75;A;4.73;A
04.10.2025 15:45;20.92;A;54.87;A;1003.39;A;179;A;39;A;0;A;20;A;19;A;10.52;A;6.2;A;4.29;A
04.10.2025 16:00;20.72;A;57.43;A;1003.24;A;223;A;34;A;0;A;19;A;14;A;11.52;A;6.57;A;4.24;A
04.10.2025 16:15;20.54;A;59.3;A;1002.98;A;227;A;31;A;0;A;18;A;14;A;11.13;A;6.23;A;4.51;A
04.10.2025 16:30;20.35;A;61.04;A;1002.77;A;1833;A;30;A;9;A;21;A;8;A;24.26;A;12.8;A;8.91;A
04.10.2025 16:45;20.13;A;61.42;A;1002.7;A;715;A;30;A;2;A;27;A;3;A;14.35;A;9.29;A;6.85;A
04.10.2025 17:00;19.7;A;67.54;A;1002.89;A;396;A;35;A;0;A;33;A;3;A;16.41;A;11.09;A;7.69;A
04.10.2025 17:15;19.01;A;74.47;A;1003.07;A;539;A;34;A;0;A;34;A;0;A;25.66;A;16.25;A;11.53;A
04.10.2025 17:30;18.37;A;78.16;A;1002.99;A;509;A;31;A;0;A;31;A;0;A;28.67;A;22.04;A;16;A
04.10.2025 17:45;17.93;A;81.2;A;1003.04;A;515;A;29;A;0;A;29;A;0;A;27.48;A;19.78;A;15.2;A
04.10.2025 18:00;17.61;A;82.52;A;1002.92;A;561;A;27;A;0;A;26;A;1;A;18.87;A;13.57;A;12.72;A
04.10.2025 18:15;17.4;A;82.44;A;1002.68;A;484;A;28;A;0;A;29;A;0;A;18.04;A;12.97;A;12.15;A
04.10.2025 18:30;17.21;A;82.18;A;1001.99;A;408;A;30;A;0;A;29;A;1;A;17.04;A;12.23;A;11.44;A
04.10.2025 18:45;17.03;A;82.69;A;1002.62;A;384;A;29;A;0;A;25;A;4;A;17.7;A;12.72;A;11.91;A
04.10.2025 19:00;16.83;A;83.55;A;1002.72;A;331;A;27;A;0;A;22;A;5;A;18.45;A;13.27;A;12.43;A
04.10.2025 19:15;16.6;A;84.07;A;1002.82;A;360;A;25;A;0;A;22;A;2;A;19.04;A;13.7;A;12.84;A
04.10.2025 19:30;16.53;A;85.09;A;1002.95;A;385;A;25;A;0;A;24;A;1;A;20.98;A;15.12;A;14.2;A
04.10.2025 19:45;16.59;A;85.6;A;1003.11;A;408;A;28;A;0;A;25;A;2;A;30.75;A;22.28;A;21.04;A
04.10.2025 20:00;16.54;A;85.24;A;1003.2;A;429;A;26;A;0;A;25;A;2;A;34.91;A;25.33;A;23.95;A
04.10.2025 20:15;16.4;A;84.66;A;1003.1;A;583;A;26;A;0;A;26;A;1;A;35.91;A;26.06;A;24.66;A
04.10.2025 20:30;16.15;A;84.22;A;1003.14;A;524;A;25;A;0;A;23;A;2;A;33.87;A;24.57;A;23.23;A
04.10.2025 20:45;15.85;A;84.07;A;1003.12;A;532;A;23;A;1;A;22;A;2;A;33.65;A;24.41;A;23.07;A
04.10.2025 21:00;15.55;A;84.31;A;1002.86;A;477;A;23;A;1;A;20;A;2;A;31.24;A;22.64;A;21.39;A
04.10.2025 21:15;15.32;A;84.73;A;1002.74;A;461;A;23;A;0;A;21;A;2;A;30.11;A;21.81;A;20.59;A
04.10.2025 21:30;15.08;A;84.72;A;1002.82;A;440;A;21;A;1;A;18;A;3;A;28.26;A;20.45;A;19.3;A
04.10.2025 21:45;14.88;A;84.89;A;1002.88;A;486;A;21;A;1;A;17;A;3;A;28.43;A;20.58;A;19.42;A
04.10.2025 22:00;14.74;A;85.05;A;1002.86;A;537;A;20;A;1;A;17;A;4;A;24.78;A;17.91;A;16.86;A
04.10.2025 22:15;14.72;A;85.45;A;1002.81;A;424;A;18;A;1;A;14;A;4;A;22.33;A;16.11;A;15.15;A
04.10.2025 22:30;14.83;A;85.98;A;1002.75;A;331;A;19;A;1;A;14;A;5;A;19.01;A;13.68;A;12.83;A
04.10.2025 22:45;14.88;A;86.34;A;1002.63;A;249;A;20;A;1;A;15;A;5;A;18.15;A;13.05;A;12.22;A
04.10.2025 23:00;15.11;A;87.59;A;1002.47;A;203;A;21;A;1;A;11;A;10;A;18.58;A;13.37;A;12.53;A
04.10.2025 23:15;15.32;A;87.87;A;1002.52;A;226;A;24;A;1;A;11;A;13;A;19.2;A;13.82;A;12.96;A
04.10.2025 23:30;15.42;A;87.13;A;1002.35;A;283;A;24;A;0;A;13;A;11;A;21.87;A;15.78;A;14.83;A
04.10.2025 23:45;15.45;A;87.09;A;1002.37;A;322;A;26;A;0;A;14;A;13;A;22.49;A;16.23;A;15.26;A
05.10.2025 00:00;15.46;A;87.74;A;1002.24;A;306;A;27;A;0;A;14;A;13;A;46.78;A;34.02;A;32.26;A
05.10.2025 00:15;15.44;A;87.85;A;1002.01;A;314;A;27;A;0;A;11;A;15;A;38.48;A;27.95;A;26.46;A
05.10.2025 00:30;15.34;A;87.4;A;1001.99;A;260;A;28;A;0;A;12;A;16;A;22.1;A;15.94;A;14.99;A
05.10.2025 00:45;15.24;A;86.99;A;1001.81;A;179;A;30;A;0;A;11;A;19;A;16.32;A;11.71;A;10.94;A
05.10.2025 01:00;15.18;A;86.39;A;1001.78;A;119;A;33;A;0;A;11;A;22;A;13.26;A;9.47;A;8.8;A
05.10.2025 01:15;15.1;A;85.49;A;1001.67;A;171;A;33;A;0;A;13;A;20;A;11.25;A;7.99;A;7.39;A
05.10.2025 01:30;15.09;A;85.14;A;1001.62;A;194;A;35;A;0;A;14;A;21;A;8.64;A;6.08;A;5.56;A
05.10.2025 01:45;15.13;A;85.44;A;1001.64;A;173;A;35;A;0;A;13;A;22;A;8.06;A;5.65;A;5.15;A
05.10.2025 02:00;15.27;A;86.16;A;1001.72;A;137;A;37;A;0;A;14;A;23;A;9.11;A;6.42;A;5.89;A
05.10.2025 02:15;15.36;A;86.52;A;1001.58;A;77;A;37;A;0;A;10;A;26;A;9.62;A;6.8;A;6.25;A
05.10.2025 02:30;15.34;A;86.35;A;1001.42;A;79;A;36;A;0;A;10;A;25;A;10.6;A;7.52;A;6.94;A
05.10.2025 02:45;15.29;A;86.52;A;1001.29;A;75;A;36;A;0;A;11;A;26;A;11.27;A;8.01;A;7.41;A
05.10.2025 03:00;15.26;A;86.86;A;1001.23;A;73;A;37;A;0;A;9;A;27;A;11.91;A;8.48;A;7.85;A
05.10.2025 03:15;15.25;A;86.8;A;1001.07;A;87;A;35;A;0;A;10;A;26;A;11.95;A;8.51;A;7.88;A
05.10.2025 03:30;15.19;A;86.68;A;1001.03;A;84;A;36;A;0;A;10;A;26;A;11.85;A;8.43;A;7.81;A
05.10.2025 03:45;15.14;A;86.75;A;1001.06;A;80;A;36;A;0;A;10;A;26;A;11.96;A;8.52;A;7.89;A
05.10.2025 04:00;15.13;A;86.61;A;1001.04;A;74;A;35;A;0;A;11;A;25;A;11.79;A;8.39;A;7.77;A
05.10.2025 04:15;15.13;A;86.27;A;1001.03;A;74;A;35;A;0;A;10;A;25;A;11.03;A;7.83;A;7.24;A
05.10.2025 04:30;15.09;A;86.11;A;1001.11;A;75;A;34;A;0;A;10;A;25;A;11.53;A;8.2;A;7.58;A
05.10.2025 04:45;15.01;A;85.4;A;1001.1;A;76;A;33;A;0;A;9;A;24;A;11.36;A;8.08;A;7.47;A
05.10.2025 05:00;14.92;A;84.58;A;1001.08;A;78;A;33;A;0;A;9;A;23;A;10.85;A;7.7;A;7.11;A
05.10.2025 05:15;14.78;A;83.88;A;1001.03;A;85;A;33;A;0;A;11;A;23;A;10.68;A;7.58;A;6.99;A
05.10.2025 05:30;14.52;A;84.04;A;1001;A;105;A;32;A;0;A;11;A;21;A;10.33;A;7.32;A;6.74;A
05.10.2025 05:45;14.29;A;84.77;A;1000.91;A;90;A;32;A;0;A;12;A;20;A;11.25;A;8;A;7.39;A
05.10.2025 06:00;14.01;A;84.58;A;1000.7;A;96;A;31;A;0;A;11;A;20;A;10.41;A;7.38;A;6.8;A
05.10.2025 06:15;13.75;A;83.95;A;1000.59;A;101;A;31;A;0;A;12;A;19;A;10.81;A;7.67;A;7.08;A
05.10.2025 06:30;13.48;A;83.4;A;1000.59;A;86;A;32;A;0;A;13;A;19;A;12.43;A;8.86;A;8.22;A
05.10.2025 06:45;13.35;A;83.71;A;1000.76;A;82;A;31;A;0;A;14;A;17;A;10.63;A;7.54;A;6.96;A
05.10.2025 07:00;13.29;A;83.29;A;1000.94;A;76;A;31;A;0;A;11;A;20;A;11.32;A;8.05;A;7.44;A
05.10.2025 07:15;13.21;A;83.02;A;1000.91;A;78;A;30;A;0;A;10;A;20;A;11.78;A;8.38;A;7.76;A
05.10.2025 07:30;13.22;A;83.01;A;1001.19;A;78;A;29;A;0;A;10;A;19;A;12.17;A;8.67;A;8.04;A
05.10.2025 07:45;13.21;A;82.9;A;1001.25;A;80;A;30;A;0;A;11;A;20;A;12.04;A;8.69;A;7.91;A
05.10.2025 08:00;13.18;A;82.91;A;1001.54;A;97;A;28;A;0;A;10;A;18;A;13.12;A;9.36;A;8.7;A
05.10.2025 08:15;13.19;A;82.54;A;1001.65;A;92;A;28;A;0;A;10;A;18;A;13.81;A;9.87;A;9.18;A
05.10.2025 08:30;13.15;A;82.29;A;1001.83;A;99;A;28;A;0;A;11;A;17;A;14.17;A;10.19;A;9.44;A
05.10.2025 08:45;13.12;A;81.35;A;1001.93;A;100;A;29;A;0;A;12;A;17;A;13.2;A;10.17;A;7.3;A
05.10.2025 09:00;13.13;A;80.27;A;1001.92;A;92;A;31;A;0;A;13;A;18;A;11.21;A;8.58;A;6.32;A
05.10.2025 09:15;13.38;A;80.06;A;1002.07;A;99;A;30;A;0;A;13;A;17;A;11.15;A;8.4;A;6.69;A
05.10.2025 09:30;13.8;A;79.53;A;1002.09;A;108;A;29;A;0;A;12;A;17;A;11.93;A;8.88;A;7.29;A
05.10.2025 09:45;14.48;A;76.34;A;1002.03;A;105;A;30;A;0;A;11;A;19;A;13.59;A;9.83;A;7.07;A
05.10.2025 10:00;14.79;A;73.54;A;1001.82;A;109;A;32;A;0;A;10;A;22;A;10.55;A;8.46;A;6.34;A
05.10.2025 10:15;14.82;A;72.8;A;1001.78;A;105;A;35;A;0;A;14;A;21;A;10.59;A;8.15;A;6.01;A
05.10.2025 10:30;15.06;A;71.25;A;1001.76;A;100;A;34;A;0;A;12;A;21;A;10;A;7.9;A;5.85;A
05.10.2025 10:45;15.21;A;69.94;A;1001.75;A;102;A;36;A;0;A;13;A;23;A;9.98;A;7.68;A;5.4;A
05.10.2025 11:00;15.36;A;69.73;A;1001.9;A;111;A;36;A;0;A;13;A;23;A;9.6;A;7.47;A;5.27;A
05.10.2025 11:15;15.87;A;67.74;A;1002.01;A;106;A;36;A;0;A;12;A;24;A;8.49;A;6.27;A;4.68;A
05.10.2025 11:30;16.44;A;61.86;A;1002.06;A;91;A;40;A;0;A;15;A;25;A;6.15;A;4.53;A;3.43;A
05.10.2025 11:45;16.73;A;59.66;A;1002.09;A;104;A;43;A;0;A;17;A;26;A;5.67;A;4.02;A;3.01;A
05.10.2025 12:00;17;A;57.41;A;1002.12;A;103;A;43;A;0;A;16;A;27;A;5.79;A;3.85;A;2.62;A
05.10.2025 12:15;17.42;A;54.82;A;1001.9;A;87;A;45;A;0;A;17;A;28;A;5.45;A;3.05;A;2.24;A
05.10.2025 12:30;17.68;A;53.03;A;1001.84;A;96;A;46;A;0;A;18;A;28;A;5.51;A;3.11;A;2.25;A
05.10.2025 12:45;17.77;A;53.42;A;1001.69;A;110;A;47;A;0;A;18;A;29;A;4.99;A;3.53;A;2.54;A
05.10.2025 13:00;17.83;A;51.27;A;1001.43;A;102;A;47;A;0;A;18;A;29;A;5.6;A;3.95;A;2.69;A
05.10.2025 13:15;17.95;A;52.23;A;1001.41;A;112;A;47;A;0;A;18;A;29;A;6.84;A;5.08;A;3.75;A
05.10.2025 13:30;17.91;A;52.65;A;1001.47;A;108;A;47;A;0;A;18;A;29;A;5.51;A;4.1;A;3.01;A
05.10.2025 13:45;17.68;A;53.49;A;1001.35;A;120;A;47;A;0;A;20;A;27;A;7.17;A;4.94;A;3.79;A
05.10.2025 14:00;17.6;A;53.1;A;1001.41;A;118;A;46;A;0;A;18;A;27;A;6.26;A;3.66;A;2.53;A
05.10.2025 14:15;17.59;A;53.71;A;1001.56;A;107;A;46;A;0;A;18;A;28;A;6.09;A;4.18;A;2.83;A
05.10.2025 14:30;17.95;A;51.11;A;1001.29;A;115;A;45;A;0;A;17;A;28;A;17.83;A;11.98;A;8.4;A
05.10.2025 14:45;18.33;A;48.64;A;1001.59;A;106;A;47;A;0;A;18;A;29;A;5.05;A;3.09;A;2.31;A
05.10.2025 15:00;19;A;46.07;A;1001.61;A;91;A;49;A;0;A;20;A;29;A;4.3;A;3.15;A;2.1;A
05.10.2025 15:15;19.7;A;44.61;A;1001.59;A;98;A;48;A;0;A;18;A;30;A;4.28;A;3.01;A;2.09;A
05.10.2025 15:30;19.87;A;44.18;A;1001.5;A;109;A;48;A;0;A;19;A;30;A;5.42;A;3.94;A;2.85;A
05.10.2025 15:45;19.78;A;44.01;A;1001.61;A;133;A;48;A;0;A;18;A;30;A;5.32;A;3.53;A;2.48;A
05.10.2025 16:00;19.84;A;42.88;A;1001.75;A;158;A;49;A;0;A;19;A;30;A;5.16;A;3.62;A;2.58;A
05.10.2025 16:15;19.73;A;43.22;A;1001.54;A;191;A;49;A;0;A;20;A;29;A;11.14;A;8.72;A;6.53;A
05.10.2025 16:30;19.81;A;42.9;A;1001.72;A;168;A;48;A;0;A;18;A;30;A;7.69;A;5.46;A;3.69;A
05.10.2025 16:45;19.22;A;44.73;A;1001.96;A;135;A;49;A;0;A;20;A;29;A;6.69;A;4.58;A;3.21;A
05.10.2025 17:00;18.84;A;45.79;A;1002.13;A;137;A;46;A;0;A;20;A;26;A;7.63;A;4.58;A;3.43;A
05.10.2025 17:15;18.42;A;46.31;A;1002.12;A;127;A;47;A;0;A;21;A;26;A;5.94;A;4.51;A;3.3;A
05.10.2025 17:30;18.07;A;47.18;A;1002.19;A;122;A;46;A;0;A;21;A;25;A;6.94;A;4.6;A;3.11;A
05.10.2025 17:45;17.74;A;48.76;A;1002.46;A;114;A;47;A;0;A;21;A;26;A;6.6;A;4.64;A;3.15;A
05.10.2025 18:00;17.4;A;50.7;A;1002.97;A;124;A;46;A;0;A;21;A;24;A;7.67;A;5.65;A;4.01;A
05.10.2025 18:15;17.08;A;57.28;A;1003.36;A;134;A;42;A;0;A;22;A;20;A;9.09;A;6.96;A;5.32;A
05.10.2025 18:30;16.71;A;60.49;A;1003.57;A;150;A;34;A;0;A;15;A;20;A;12.88;A;10.33;A;7.53;A
05.10.2025 18:45;16.32;A;61.07;A;1003.62;A;131;A;35;A;0;A;14;A;21;A;10.23;A;8.35;A;6.29;A
05.10.2025 19:00;16.03;A;62.2;A;1003.73;A;134;A;35;A;0;A;17;A;18;A;10.6;A;8.36;A;6.16;A
05.10.2025 19:15;15.79;A;63.36;A;1003.83;A;153;A;34;A;0;A;17;A;17;A;11.14;A;8.91;A;6.67;A
05.10.2025 19:30;15.56;A;63.92;A;1003.89;A;157;A;32;A;0;A;16;A;16;A;12.27;A;9.25;A;6.89;A
05.10.2025 19:45;15.38;A;63.43;A;1004.14;A;126;A;33;A;0;A;15;A;18;A;10.99;A;8.63;A;6.52;A
05.10.2025 20:00;15.24;A;64.64;A;1004.12;A;129;A;33;A;0;A;16;A;17;A;10.43;A;8.64;A;6.38;A
05.10.2025 20:15;15.03;A;66.42;A;1004.07;A;155;A;31;A;0;A;17;A;14;A;11.22;A;9.24;A;6.69;A
05.10.2025 20:30;14.87;A;67.07;A;1004.11;A;211;A;30;A;0;A;17;A;13;A;11.58;A;9.23;A;6.84;A
05.10.2025 20:45;14.87;A;67.41;A;1004.12;A;236;A;30;A;0;A;18;A;12;A;23.12;A;18.72;A;13.9;A
05.10.2025 21:00;14.84;A;67.8;A;1004.27;A;249;A;28;A;0;A;16;A;12;A;22.32;A;17.06;A;12.71;A
05.10.2025 21:15;14.76;A;67.97;A;1004.27;A;198;A;29;A;0;A;18;A;11;A;18.38;A;13.9;A;10.29;A
05.10.2025 21:30;14.67;A;68.23;A;1004.35;A;202;A;29;A;0;A;18;A;11;A;16.99;A;13.89;A;10.4;A
05.10.2025 21:45;14.52;A;68.52;A;1004.43;A;221;A;26;A;0;A;15;A;11;A;19.09;A;14.38;A;10.48;A
05.10.2025 22:00;14.37;A;69.15;A;1004.44;A;225;A;28;A;0;A;18;A;10;A;20.53;A;16.41;A;12.3;A
05.10.2025 22:15;14.18;A;69.04;A;1004.33;A;229;A;27;A;0;A;19;A;8;A;23.34;A;18.97;A;13.82;A
05.10.2025 22:30;13.87;A;70.31;A;1004.28;A;243;A;26;A;0;A;19;A;7;A;25.79;A;20.29;A;15.16;A
05.10.2025 22:45;13.45;A;72.16;A;1004.29;A;251;A;26;A;0;A;20;A;6;A;25.72;A;20.79;A;15.63;A
05.10.2025 23:00;12.96;A;74.26;A;1004.27;A;258;A;23;A;0;A;19;A;4;A;28.25;A;22.01;A;16.16;A
05.10.2025 23:15;12.62;A;76.22;A;1004.36;A;263;A;22;A;0;A;19;A;3;A;29.38;A;22.94;A;16.88;A
05.10.2025 23:30;12.31;A;77.42;A;1004.31;A;264;A;22;A;1;A;20;A;2;A;30.86;A;24.46;A;17.9;A
05.10.2025 23:45;12.17;A;78.63;A;1004.52;A;264;A;22;A;1;A;19;A;2;A;29.68;A;22.98;A;17.45;A
06.10.2025 00:00;12.18;A;79.01;A;1004.74;A;277;A;22;A;1;A;20;A;2;A;28.19;A;23.07;A;16.73;A
06.10.2025 00:15;12.31;A;78.79;A;1004.74;A;241;A;23;A;0;A;21;A;2;A;24.56;A;19.81;A;14.62;A
06.10.2025 00:30;12.48;A;78.12;A;1004.77;A;214;A;25;A;0;A;24;A;1;A;22.08;A;18.2;A;13.84;A
06.10.2025 00:45;12.65;A;77.7;A;1004.76;A;215;A;24;A;0;A;23;A;1;A;23.27;A;18.47;A;13.94;A
06.10.2025 01:00;12.82;A;77.78;A;1004.83;A;222;A;24;A;0;A;22;A;2;A;22.65;A;17.56;A;13.34;A
06.10.2025 01:15;12.96;A;77.59;A;1005.03;A;204;A;25;A;0;A;23;A;2;A;20.94;A;16.22;A;12.46;A
06.10.2025 01:30;13.06;A;77.97;A;1005.07;A;210;A;24;A;0;A;21;A;2;A;20.5;A;16.29;A;11.87;A
06.10.2025 01:45;13.11;A;77.83;A;1005.07;A;171;A;23;A;0;A;21;A;3;A;19.12;A;14.73;A;10.98;A
06.10.2025 02:00;13.04;A;76.95;A;1004.94;A;155;A;24;A;0;A;19;A;5;A;17.93;A;14.26;A;10.78;A
06.10.2025 02:15;12.84;A;77.47;A;1004.81;A;135;A;25;A;0;A;19;A;6;A;17.86;A;14.49;A;10.84;A
06.10.2025 02:30;12.45;A;78.42;A;1004.7;A;131;A;24;A;0;A;17;A;7;A;18.06;A;14.45;A;10.78;A
06.10.2025 02:45;12.06;A;79.58;A;1004.67;A;126;A;22;A;0;A;15;A;6;A;18.29;A;15.27;A;11.43;A
06.10.2025 03:00;11.83;A;80.27;A;1005.08;A;124;A;22;A;0;A;16;A;6;A;20.65;A;16.18;A;11.55;A
06.10.2025 03:15;11.74;A;81.1;A;1005.2;A;124;A;19;A;1;A;13;A;6;A;18.88;A;15.64;A;11.63;A
06.10.2025 03:30;11.71;A;81.65;A;1005.16;A;120;A;20;A;0;A;15;A;5;A;18.21;A;13.44;A;12.02;A
06.10.2025 03:45;11.79;A;81.74;A;1005.18;A;121;A;19;A;1;A;14;A;5;A;17.8;A;12.79;A;11.98;A
06.10.2025 04:00;11.76;A;82.2;A;1005.21;A;115;A;19;A;1;A;14;A;5;A;17.32;A;12.44;A;11.64;A
06.10.2025 04:15;11.76;A;82.33;A;1005.12;A;115;A;20;A;0;A;15;A;5;A;17.65;A;12.77;A;11.95;A
06.10.2025 04:30;11.74;A;82.61;A;1005.12;A;118;A;21;A;1;A;16;A;4;A;18.62;A;13.59;A;12.5;A
06.10.2025 04:45;11.84;A;82.91;A;1005.18;A;129;A;21;A;1;A;17;A;3;A;18.92;A;13.61;A;12.76;A
06.10.2025 05:00;11.9;A;82.91;A;1005.45;A;135;A;20;A;1;A;16;A;5;A;19.72;A;14.2;A;13.32;A
06.10.2025 05:15;12.02;A;82.9;A;1005.53;A;152;A;19;A;1;A;16;A;4;A;21.57;A;15.56;A;14.62;A
06.10.2025 05:30;12.06;A;83.19;A;1005.5;A;164;A;19;A;1;A;15;A;4;A;23.11;A;16.68;A;15.69;A
06.10.2025 05:45;12.1;A;81.35;A;1005.47;A;304;A;20;A;1;A;18;A;2;A;45.06;A;32.59;A;27.73;A
06.10.2025 06:00;12.11;A;80.1;A;1005.49;A;439;A;24;A;1;A;24;A;1;A;68.85;A;46.17;A;32.71;A
06.10.2025 06:15;12.09;A;80.31;A;1005.48;A;590;A;24;A;2;A;24;A;0;A;70.46;A;47.9;A;36.16;A
06.10.2025 06:30;12.09;A;80.61;A;1005.49;A;585;A;22;A;3;A;22;A;1;A;55.24;A;40.24;A;36.12;A
06.10.2025 06:45;12.17;A;79.29;A;1005.27;A;598;A;23;A;2;A;22;A;2;A;76.05;A;54.18;A;40.23;A
06.10.2025 07:00;12.12;A;79.24;A;1005.11;A;917;A;24;A;1;A;22;A;2;A;79.4;A;59.18;A;41.57;A
06.10.2025 07:15;12.07;A;79.06;A;1005.34;A;1047;A;23;A;2;A;20;A;3;A;68.54;A;52.09;A;37.58;A
06.10.2025 07:30;12.12;A;78.95;A;1005.47;A;930;A;20;A;5;A;18;A;2;A;103.16;A;78.26;A;54.55;A
06.10.2025 07:45;12.21;A;78.67;A;1005.44;A;972;A;19;A;10;A;17;A;2;A;145.92;A;110.08;A;76.41;A
06.10.2025 08:00;12.37;A;77.98;A;1005.27;A;863;A;24;A;5;A;22;A;2;A;79.85;A;58.21;A;41.33;A
06.10.2025 08:15;12.51;A;77.25;A;1005.4;A;1031;A;28;A;2;A;25;A;2;A;64.97;A;48.23;A;35.1;A
06.10.2025 08:30;12.64;A;77.46;A;1005.51;A;836;A;25;A;3;A;22;A;3;A;123.81;A;86.08;A;60.31;A
06.10.2025 08:45;12.86;A;76.61;A;1005.69;A;1032;A;26;A;3;A;24;A;2;A;143.44;A;100.68;A;70.63;A
06.10.2025 09:00;13.21;A;75.13;A;1006.01;A;971;A;29;A;2;A;24;A;5;A;83.88;A;61.43;A;43.04;A
06.10.2025 09:15;13.55;A;73.9;A;1006.08;A;753;A;33;A;1;A;27;A;5;A;64.11;A;47.71;A;34.39;A
06.10.2025 09:30;13.85;A;72.47;A;1006.37;A;907;A;32;A;1;A;25;A;7;A;57.5;A;40.82;A;30.11;A
06.10.2025 09:45;14.03;A;71.99;A;1006.09;A;1299;A;33;A;1;A;25;A;8;A;59.86;A;43.3;A;32.04;A
06.10.2025 10:00;14.3;A;70.17;A;1006.26;A;2501;A;32;A;3;A;23;A;9;A;89.76;A;66.98;A;48.18;A
06.10.2025 10:15;14.49;A;69.79;A;1006.25;A;988;A;32;A;3;A;21;A;11;A;97.16;A;72.89;A;53.39;A
06.10.2025 10:30;14.79;A;67.76;A;1006.16;A;594;A;31;A;5;A;21;A;10;A;83.23;A;63.28;A;46.18;A
06.10.2025 10:45;15.14;A;65.75;A;1006.17;A;398;A;32;A;6;A;23;A;10;A;42.96;A;31.74;A;24.31;A
06.10.2025 11:00;15.5;A;64.15;A;1006.24;A;416;A;32;A;3;A;22;A;10;A;53.88;A;35.29;A;26.02;A
06.10.2025 11:15;15.68;A;61.52;A;1006.51;A;531;A;34;A;5;A;27;A;7;A;67.29;A;45.66;A;34.4;A
06.10.2025 11:30;15.77;A;62.48;A;1006.74;A;791;A;34;A;5;A;27;A;7;A;71.81;A;49.72;A;37.92;A
06.10.2025 11:45;15.84;A;61.67;A;1006.67;A;936;A;35;A;2;A;22;A;13;A;36.44;A;27.06;A;19.81;A
06.10.2025 12:00;15.89;A;61.81;A;1006.62;A;518;A;34;A;1;A;24;A;10;A;36.93;A;26.92;A;19.34;A
06.10.2025 12:15;15.96;A;61.65;A;1006.55;A;495;A;37;A;0;A;28;A;9;A;34.8;A;25.09;A;18.32;A
06.10.2025 12:30;16.08;A;60.96;A;1006.49;A;609;A;34;A;0;A;24;A;10;A;39.92;A;29.86;A;21.68;A
06.10.2025 12:45;16.17;A;60.65;A;1006.46;A;987;A;37;A;1;A;27;A;10;A;48.28;A;35.96;A;25.05;A
06.10.2025 13:00;16.31;A;59.27;A;1006.55;A;1245;A;36;A;2;A;25;A;10;A;54.55;A;40.98;A;29.05;A
06.10.2025 13:15;16.48;A;59.17;A;1006.63;A;1120;A;39;A;2;A;30;A;9;A;42.28;A;31.34;A;22.47;A
06.10.2025 13:30;16.69;A;58.16;A;1006.57;A;900;A;37;A;1;A;26;A;11;A;37.46;A;27.95;A;19.38;A
06.10.2025 13:45;16.89;A;56.43;A;1006.38;A;869;A;39;A;1;A;25;A;14;A;33.42;A;25.8;A;18.64;A
06.10.2025 14:00;17.35;A;54.97;A;1006.08;A;745;A;37;A;1;A;21;A;16;A;33.22;A;24.93;A;17.69;A
06.10.2025 14:15;17.89;A;51.35;A;1006.11;A;640;A;39;A;0;A;21;A;18;A;22.35;A;15.94;A;11.82;A
06.10.2025 14:30;18.3;A;50.22;A;1006.11;A;617;A;42;A;0;A;23;A;19;A;21.78;A;15.64;A;10.97;A
06.10.2025 14:45;18.7;A;48.97;A;1006.06;A;587;A;41;A;0;A;21;A;20;A;17.98;A;12.2;A;8.99;A
06.10.2025 15:00;19.14;A;48.27;A;1006.06;A;471;A;41;A;0;A;20;A;21;A;32.98;A;25.23;A;17.51;A
06.10.2025 15:15;19.87;A;46.56;A;1005.91;A;650;A;39;A;0;A;17;A;22;A;14.97;A;10.83;A;7.8;A
06.10.2025 15:30;20.4;A;45.61;A;1006.04;A;611;A;42;A;0;A;23;A;19;A;15.79;A;11.76;A;8.14;A
06.10.2025 15:45;20.27;A;45.43;A;1006.1;A;683;A;42;A;0;A;23;A;18;A;14.88;A;10.13;A;7.73;A
06.10.2025 16:00;19.91;A;45.75;A;1005.92;A;573;A;44;A;0;A;24;A;19;A;24.74;A;18.09;A;12.99;A
06.10.2025 16:15;19.57;A;47.18;A;1005.77;A;555;A;42;A;0;A;24;A;17;A;16.98;A;11.46;A;8.54;A
06.10.2025 16:30;19.28;A;47.58;A;1005.84;A;2364;A;41;A;26;A;24;A;17;A;19.77;A;14.37;A;10.14;A
06.10.2025 16:45;19.02;A;49.01;A;1006.05;A;614;A;43;A;1;A;28;A;15;A;20.55;A;14.03;A;10.65;A
06.10.2025 17:00;18.74;A;48.91;A;1006.07;A;509;A;41;A;0;A;27;A;14;A;15.75;A;10.98;A;8.32;A
06.10.2025 17:15;18.39;A;50.14;A;1006.11;A;498;A;40;A;0;A;27;A;13;A;16.17;A;11.67;A;8.41;A
06.10.2025 17:30;18.03;A;53.21;A;1006;A;496;A;39;A;0;A;29;A;10;A;14.52;A;10.38;A;7.43;A
06.10.2025 17:45;17.68;A;55.24;A;1005.99;A;536;A;36;A;0;A;28;A;8;A;14.88;A;9.3;A;6.85;A
06.10.2025 18:00;17.31;A;56.29;A;1005.83;A;496;A;34;A;0;A;27;A;7;A;12.42;A;8.26;A;6.11;A
06.10.2025 18:15;16.88;A;57.26;A;1005.82;A;548;A;35;A;0;A;31;A;4;A;11.82;A;8;A;5.59;A
06.10.2025 18:30;16.36;A;59.86;A;1006;A;531;A;34;A;0;A;34;A;1;A;11.93;A;8.06;A;5.65;A
06.10.2025 18:45;15.86;A;61.97;A;1006.01;A;617;A;32;A;0;A;32;A;1;A;11.99;A;8.36;A;6.2;A
06.10.2025 19:00;15.54;A;63.47;A;1006.16;A;791;A;34;A;0;A;34;A;0;A;14.53;A;10.11;A;7.15;A
06.10.2025 19:15;15.32;A;65.21;A;1006.22;A;680;A;35;A;0;A;35;A;0;A;17.03;A;11.36;A;8.47;A
06.10.2025 19:30;15.08;A;66.84;A;1006.31;A;674;A;31;A;0;A;30;A;1;A;14.7;A;10.9;A;7.99;A
06.10.2025 19:45;14.84;A;68.45;A;1006.27;A;795;A;32;A;0;A;30;A;2;A;17.81;A;12.08;A;8.48;A
06.10.2025 20:00;14.73;A;68.76;A;1006.23;A;818;A;31;A;0;A;29;A;2;A;18.55;A;13.12;A;9.37;A
06.10.2025 20:15;14.88;A;66.51;A;1006.24;A;786;A;31;A;0;A;30;A;2;A;21.34;A;15.16;A;11.02;A
06.10.2025 20:30;15.13;A;65.15;A;1006.44;A;694;A;35;A;0;A;36;A;0;A;24.83;A;18.41;A;13.2;A
06.10.2025 20:45;15.24;A;65.16;A;1006.49;A;596;A;34;A;0;A;33;A;1;A;27.65;A;20.97;A;15.34;A
06.10.2025 21:00;15.28;A;65.66;A;1006.58;A;509;A;33;A;0;A;31;A;2;A;30.63;A;23.09;A;16.79;A
06.10.2025 21:15;15.32;A;65.79;A;1006.72;A;449;A;32;A;0;A;28;A;3;A;30.6;A;22.72;A;16.64;A
06.10.2025 21:30;15.34;A;65.61;A;1006.76;A;434;A;32;A;0;A;29;A;3;A;28.86;A;21.42;A;15.41;A
06.10.2025 21:45;15.32;A;65.65;A;1006.69;A;393;A;32;A;0;A;27;A;6;A;24.89;A;19.29;A;14.21;A
06.10.2025 22:00;15.26;A;66.1;A;1006.67;A;352;A;32;A;0;A;24;A;8;A;23.46;A;18.49;A;13.72;A
06.10.2025 22:15;15.18;A;66.69;A;1006.74;A;314;A;30;A;0;A;21;A;10;A;22.87;A;17.81;A;12.89;A
06.10.2025 22:30;15.09;A;67.19;A;1006.77;A;287;A;29;A;0;A;19;A;11;A;20.84;A;16.33;A;12.14;A
06.10.2025 22:45;15.07;A;66.74;A;1006.53;A;254;A;30;A;0;A;16;A;14;A;19.13;A;15.12;A;11.3;A
06.10.2025 23:00;14.98;A;66.89;A;1006.4;A;239;A;29;A;0;A;16;A;13;A;21.66;A;16.14;A;11.87;A
06.10.2025 23:15;14.8;A;67.24;A;1006.28;A;233;A;29;A;0;A;15;A;13;A;21.61;A;17.06;A;12.56;A
06.10.2025 23:30;14.65;A;67.29;A;1006.37;A;221;A;29;A;0;A;16;A;14;A;26.28;A;21.49;A;15.43;A
06.10.2025 23:45;14.5;A;67.58;A;1006.36;A;212;A;29;A;0;A;16;A;13;A;30.02;A;24.56;A;17.69;A
07.10.2025 00:00;14.28;A;69.36;A;1006.41;A;208;A;28;A;0;A;16;A;12;A;30.07;A;24.42;A;18.06;A
07.10.2025 00:15;14.17;A;68.92;A;1006.33;A;210;A;27;A;0;A;15;A;12;A;29.64;A;24.01;A;17.95;A
07.10.2025 00:30;14.2;A;68.29;A;1006.29;A;195;A;29;A;0;A;16;A;12;A;28.75;A;23.32;A;16.85;A
07.10.2025 00:45;14.25;A;67.28;A;1006.28;A;182;A;29;A;0;A;15;A;15;A;26.88;A;21.16;A;15.48;A
07.10.2025 01:00;14.24;A;67.37;A;1006.39;A;170;A;29;A;0;A;15;A;15;A;26.21;A;21.6;A;15.57;A
07.10.2025 01:15;14.18;A;66.68;A;1006.4;A;170;A;29;A;0;A;14;A;15;A;30.75;A;24.93;A;17.96;A
07.10.2025 01:30;14.09;A;66.27;A;1006.32;A;171;A;30;A;0;A;15;A;15;A;26.07;A;20.23;A;14.75;A
07.10.2025 01:45;14.07;A;65.93;A;1006.34;A;159;A;30;A;0;A;14;A;16;A;21.04;A;16.51;A;12.43;A
07.10.2025 02:00;13.99;A;66.2;A;1006.42;A;154;A;30;A;0;A;14;A;16;A;21.16;A;16.06;A;11.84;A
07.10.2025 02:15;13.9;A;66.88;A;1006.35;A;155;A;30;A;0;A;14;A;16;A;19.66;A;15.14;A;11.47;A
07.10.2025 02:30;13.84;A;66.89;A;1006.19;A;156;A;30;A;0;A;13;A;17;A;22;A;18.07;A;13.05;A
07.10.2025 02:45;13.78;A;67.29;A;1005.99;A;159;A;29;A;0;A;15;A;15;A;31.76;A;25.89;A;18.93;A
07.10.2025 03:00;13.72;A;67.76;A;1006.02;A;161;A;29;A;0;A;15;A;14;A;39.32;A;32.77;A;23.72;A
07.10.2025 03:15;13.65;A;68.41;A;1006.02;A;162;A;29;A;0;A;15;A;14;A;40.41;A;32.27;A;23.17;A
07.10.2025 03:30;13.58;A;68.92;A;1006.03;A;157;A;28;A;0;A;15;A;14;A;38.13;A;30.45;A;21.91;A
07.10.2025 03:45;13.51;A;69.37;A;1006.04;A;150;A;28;A;0;A;15;A;13;A;34.95;A;27.19;A;19.97;A
07.10.2025 04:00;13.43;A;70.08;A;1006;A;148;A;27;A;0;A;14;A;13;A;32.53;A;26.06;A;18.87;A
07.10.2025 04:15;13.35;A;70.76;A;1006.09;A;148;A;27;A;0;A;14;A;12;A;34.09;A;27.03;A;19.64;A
07.10.2025 04:30;13.26;A;71.63;A;1006.01;A;136;A;26;A;0;A;13;A;13;A;31.52;A;25.49;A;18.79;A
07.10.2025 04:45;13.26;A;71.68;A;1006;A;130;A;26;A;0;A;13;A;13;A;30.73;A;24.94;A;17.88;A
07.10.2025 05:00;13.27;A;71.52;A;1005.96;A;128;A;26;A;0;A;14;A;12;A;35.9;A;29.28;A;21.09;A
07.10.2025 05:15;13.31;A;70.88;A;1005.83;A;131;A;27;A;0;A;14;A;12;A;37.46;A;30.79;A;22.47;A
07.10.2025 05:30;13.3;A;70.8;A;1005.84;A;146;A;28;A;0;A;15;A;12;A;38.33;A;30.79;A;22.55;A
07.10.2025 05:45;13.3;A;70.94;A;1005.79;A;155;A;27;A;0;A;15;A;12;A;33.3;A;26.34;A;19.33;A
07.10.2025 06:00;13.27;A;71.35;A;1005.8;A;152;A;27;A;0;A;15;A;12;A;28.12;A;22.02;A;16.03;A
07.10.2025 06:15;13.27;A;71.5;A;1005.74;A;152;A;26;A;0;A;13;A;13;A;21.01;A;16.94;A;12.87;A
07.10.2025 06:30;13.33;A;71.36;A;1005.84;A;139;A;25;A;0;A;13;A;12;A;19.1;A;15.32;A;11.63;A
07.10.2025 06:45;13.41;A;70.71;A;1006.04;A;146;A;26;A;0;A;13;A;13;A;18.67;A;16;A;11.89;A
07.10.2025 07:00;13.51;A;70.14;A;1005.98;A;167;A;27;A;0;A;14;A;13;A;21.23;A;17.26;A;12.73;A
07.10.2025 07:15;13.6;A;69.62;A;1006.03;A;179;A;27;A;0;A;15;A;12;A;23.03;A;17.92;A;13.06;A
07.10.2025 07:30;13.65;A;69.68;A;1005.93;A;198;A;27;A;0;A;15;A;12;A;25.03;A;18.7;A;13.53;A
07.10.2025 07:45;13.73;A;69.64;A;1005.99;A;386;A;28;A;1;A;17;A;11;A;34.14;A;26.77;A;19.89;A
07.10.2025 08:00;13.87;A;69.16;A;1006.09;A;422;A;27;A;3;A;19;A;8;A;47.69;A;37.87;A;27.72;A
07.10.2025 08:15;14.05;A;69.06;A;1006.13;A;386;A;31;A;0;A;25;A;6;A;38.7;A;28.79;A;21.16;A
07.10.2025 08:30;14.23;A;68.74;A;1006.08;A;329;A;28;A;0;A;20;A;8;A;30.41;A;22.99;A;16.64;A
07.10.2025 08:45;14.46;A;69.44;A;1006.03;A;369;A;32;A;0;A;23;A;10;A;44.07;A;33.7;A;24.74;A
07.10.2025 09:00;14.73;A;69.92;A;1006.08;A;343;A;29;A;0;A;21;A;9;A;45.63;A;33.72;A;24.01;A
07.10.2025 09:15;14.93;A;69.84;A;1006.3;A;409;A;30;A;0;A;21;A;9;A;37.15;A;26.11;A;18.78;A
07.10.2025 09:30;15.11;A;69.65;A;1006.35;A;472;A;31;A;0;A;21;A;10;A;33.17;A;24.73;A;17.89;A
07.10.2025 09:45;15.32;A;69.49;A;1006.42;A;506;A;33;A;0;A;22;A;11;A;40.23;A;29.85;A;21.67;A
07.10.2025 10:00;15.6;A;68.77;A;1006.13;A;494;A;34;A;0;A;20;A;13;A;32.5;A;25.18;A;17.94;A
07.10.2025 10:15;15.96;A;68.41;A;1006.15;A;485;A;36;A;0;A;22;A;14;A;29.47;A;22.95;A;17.25;A
07.10.2025 10:30;16.39;A;68.61;A;1006.19;A;446;A;36;A;0;A;19;A;17;A;32.64;A;23.7;A;16.77;A
07.10.2025 10:45;16.66;A;69.08;A;1006.04;A;501;A;36;A;0;A;22;A;14;A;32.22;A;24.79;A;17.77;A
07.10.2025 11:00;16.84;A;68.95;A;1006.21;A;448;A;37;A;0;A;20;A;17;A;28.38;A;22.03;A;15.79;A
07.10.2025 11:15;17.04;A;68.69;A;1006.33;A;437;A;38;A;0;A;20;A;17;A;27.81;A;20.5;A;15.16;A
07.10.2025 11:30;17.21;A;69.3;A;1006.28;A;491;A;38;A;0;A;25;A;13;A;29.19;A;21.3;A;15.76;A
07.10.2025 11:45;17.44;A;68.75;A;1006.26;A;447;A;39;A;0;A;24;A;15;A;29.91;A;22.95;A;16.65;A
07.10.2025 12:00;17.55;A;68.15;A;1006.23;A;528;A;38;A;0;A;27;A;11;A;37.55;A;28.83;A;20.64;A
07.10.2025 12:15;17.65;A;67.49;A;1006.2;A;597;A;35;A;0;A;27;A;8;A;37.84;A;28.21;A;20.95;A
07.10.2025 12:30;17.87;A;67.04;A;1006.26;A;547;A;33;A;0;A;24;A;9;A;40.62;A;29.11;A;21.16;A
07.10.2025 12:45;18.09;A;66.15;A;1006.17;A;497;A;34;A;0;A;22;A;12;A;34.98;A;26.97;A;19.77;A
07.10.2025 13:00;18.3;A;65.48;A;1006.15;A;482;A;34;A;0;A;22;A;12;A;35.66;A;26.51;A;19.48;A
07.10.2025 13:15;18.55;A;64.57;A;1006.08;A;483;A;35;A;0;A;22;A;13;A;34.23;A;25.78;A;18.78;A
07.10.2025 13:30;18.9;A;63.49;A;1005.77;A;457;A;37;A;0;A;22;A;15;A;32.26;A;24.47;A;17.3;A
07.10.2025 13:45;19.46;A;62.08;A;1005.49;A;573;A;38;A;0;A;23;A;16;A;28.74;A;21.36;A;15.93;A
07.10.2025 14:00;20.03;A;60.08;A;1005.42;A;394;A;39;A;0;A;21;A;18;A;25.15;A;19.54;A;14.64;A
07.10.2025 14:15;20.23;A;59.1;A;1005.51;A;374;A;42;A;0;A;22;A;20;A;24.04;A;17.35;A;12.55;A
07.10.2025 14:30;20.3;A;58.61;A;1005.52;A;372;A;41;A;0;A;22;A;19;A;21.66;A;15.54;A;11.41;A
07.10.2025 14:45;20.26;A;59.21;A;1005.51;A;398;A;42;A;0;A;24;A;18;A;25.85;A;18.98;A;13.54;A
07.10.2025 15:00;20.21;A;59.42;A;1005.54;A;377;A;40;A;0;A;20;A;20;A;23.51;A;17.21;A;12.59;A
07.10.2025 15:15;20.1;A;60.19;A;1005.35;A;366;A;40;A;0;A;22;A;18;A;23.01;A;17.02;A;12.16;A
07.10.2025 15:30;20.11;A;60.54;A;1005.32;A;374;A;42;A;0;A;26;A;16;A;22.08;A;15.96;A;11.88;A
07.10.2025 15:45;20.19;A;60.25;A;1005.27;A;379;A;42;A;0;A;29;A;13;A;23.04;A;15.37;A;11.27;A
07.10.2025 16:00;20.47;A;59.12;A;1005.16;A;340;A;42;A;0;A;21;A;21;A;20.77;A;14.28;A;10.41;A
07.10.2025 16:15;21.1;A;56.94;A;1004.96;A;313;A;42;A;0;A;20;A;21;A;18.46;A;13.1;A;9.3;A
07.10.2025 16:30;21.38;A;55.98;A;1004.82;A;334;A;45;A;0;A;23;A;22;A;17.61;A;13.01;A;9.5;A
07.10.2025 16:45;21.47;A;54.8;A;1004.75;A;1396;A;46;A;2;A;26;A;21;A;25.69;A;19.7;A;13.86;A
07.10.2025 17:00;21.34;A;52.23;A;1004.69;A;263;A;51;A;0;A;22;A;28;A;7.7;A;5.63;A;4.02;A
07.10.2025 17:15;21.07;A;52.29;A;1004.64;A;238;A;52;A;0;A;21;A;31;A;6.48;A;4.45;A;3.41;A
07.10.2025 17:30;20.86;A;52.66;A;1004.6;A;250;A;50;A;0;A;21;A;29;A;13.44;A;10.2;A;7.41;A
07.10.2025 17:45;20.73;A;52.21;A;1004.79;A;220;A;50;A;0;A;22;A;28;A;9;A;5.54;A;4.16;A
07.10.2025 18:00;20.54;A;52.83;A;1004.96;A;220;A;50;A;0;A;23;A;28;A;9.85;A;6.88;A;5.13;A
07.10.2025 18:15;20.28;A;55.48;A;1005.17;A;285;A;50;A;0;A;24;A;26;A;17.55;A;12.35;A;9.46;A
07.10.2025 18:30;20.02;A;57.25;A;1005.15;A;340;A;48;A;0;A;23;A;25;A;22.24;A;16.42;A;12.46;A
07.10.2025 18:45;19.79;A;58.37;A;1005.05;A;331;A;47;A;0;A;24;A;23;A;24.91;A;17.21;A;12.51;A
07.10.2025 19:00;19.59;A;59.07;A;1005.25;A;297;A;46;A;0;A;23;A;23;A;20.32;A;13.95;A;10.59;A
07.10.2025 19:15;19.37;A;59.86;A;1005.11;A;266;A;45;A;0;A;22;A;23;A;15.31;A;11.31;A;8.33;A
07.10.2025 19:30;19.13;A;60.78;A;1005.07;A;286;A;44;A;0;A;23;A;21;A;21.87;A;17.2;A;11.99;A
07.10.2025 19:45;18.93;A;61.02;A;1005.16;A;259;A;44;A;0;A;22;A;22;A;14.56;A;11.71;A;8.74;A
07.10.2025 20:00;18.79;A;61.05;A;1005.08;A;222;A;44;A;0;A;21;A;24;A;13.74;A;10.39;A;7.71;A
07.10.2025 20:15;18.67;A;60.88;A;1005.12;A;184;A;44;A;0;A;20;A;24;A;13.27;A;9.2;A;6.82;A
07.10.2025 20:30;18.56;A;60.64;A;1005.07;A;162;A;45;A;0;A;19;A;26;A;11.39;A;8.87;A;6.3;A
07.10.2025 20:45;18.45;A;60.62;A;1005.13;A;153;A;45;A;0;A;20;A;25;A;12.31;A;8.99;A;6.43;A
07.10.2025 21:00;18.36;A;60.72;A;1005.13;A;154;A;44;A;0;A;19;A;25;A;13.34;A;10.02;A;6.97;A
07.10.2025 21:15;18.29;A;60.9;A;1005.24;A;147;A;44;A;0;A;19;A;25;A;13.75;A;10.09;A;7.16;A
07.10.2025 21:30;18.24;A;60.7;A;1005.15;A;142;A;44;A;0;A;18;A;26;A;13.75;A;9.68;A;7.1;A
07.10.2025 21:45;18.16;A;60.93;A;1005.09;A;135;A;43;A;0;A;18;A;25;A;12.72;A;9.44;A;7.2;A
07.10.2025 22:00;18.06;A;61.28;A;1005.11;A;136;A;42;A;0;A;18;A;24;A;15.82;A;10.53;A;7.56;A
07.10.2025 22:15;17.98;A;61.53;A;1004.98;A;131;A;42;A;0;A;17;A;25;A;13.96;A;10.07;A;7.38;A
07.10.2025 22:30;17.91;A;61.98;A;1005.03;A;133;A;42;A;0;A;17;A;25;A;15.17;A;11.4;A;8.05;A
07.10.2025 22:45;17.84;A;62.55;A;1005.1;A;132;A;41;A;0;A;17;A;24;A;16.66;A;12.65;A;9.66;A
07.10.2025 23:00;17.77;A;62.88;A;1004.91;A;136;A;40;A;0;A;17;A;23;A;19.99;A;15.25;A;11.3;A
07.10.2025 23:15;17.69;A;63.19;A;1004.65;A;146;A;40;A;0;A;18;A;22;A;24.4;A;19.17;A;14.16;A
07.10.2025 23:30;17.67;A;63.23;A;1004.56;A;157;A;40;A;0;A;18;A;22;A;27.44;A;21.11;A;15.27;A
07.10.2025 23:45;17.67;A;63.03;A;1004.43;A;155;A;39;A;0;A;17;A;22;A;22.35;A;16.95;A;12.55;A
08.10.2025 00:00;17.67;A;62.86;A;1004.41;A;152;A;39;A;0;A;17;A;22;A;20.59;A;14.85;A;11.52;A
08.10.2025 00:15;17.6;A;63.16;A;1004.25;A;150;A;38;A;0;A;17;A;21;A;22.55;A;16.65;A;12.42;A
08.10.2025 00:30;17.53;A;63.22;A;1004.02;A;146;A;37;A;0;A;16;A;21;A;20.98;A;15.02;A;10.99;A
08.10.2025 00:45;17.51;A;63.08;A;1003.98;A;144;A;37;A;0;A;16;A;22;A;18.71;A;13.67;A;10.31;A
08.10.2025 01:00;17.46;A;63.11;A;1003.87;A;149;A;37;A;0;A;16;A;21;A;24.35;A;18.62;A;13.78;A
08.10.2025 01:15;17.4;A;63.2;A;1003.79;A;147;A;37;A;0;A;16;A;21;A;26.39;A;20.06;A;14.79;A
08.10.2025 01:30;17.35;A;62.92;A;1003.77;A;148;A;37;A;0;A;16;A;21;A;23.24;A;16.73;A;12.74;A
08.10.2025 01:45;17.32;A;62.47;A;1003.73;A;147;A;38;A;0;A;16;A;23;A;16.52;A;12.93;A;9.55;A
08.10.2025 02:00;17.34;A;62.04;A;1003.66;A;148;A;39;A;0;A;16;A;23;A;18.7;A;14.73;A;10.9;A
08.10.2025 02:15;17.33;A;62.07;A;1003.54;A;157;A;40;A;0;A;16;A;24;A;19.32;A;14.79;A;10.75;A
08.10.2025 02:30;17.26;A;62.13;A;1003.48;A;161;A;39;A;0;A;17;A;23;A;17.98;A;13.78;A;10.24;A
08.10.2025 02:45;17.16;A;62.32;A;1003.22;A;165;A;39;A;0;A;18;A;22;A;18.99;A;14.91;A;11.1;A
08.10.2025 03:00;17.07;A;62.88;A;1003.17;A;170;A;38;A;0;A;18;A;20;A;24.97;A;19.32;A;14.64;A
08.10.2025 03:15;17.02;A;63.06;A;1003.09;A;172;A;38;A;0;A;17;A;20;A;27.31;A;20.98;A;15.26;A
08.10.2025 03:30;16.96;A;63.45;A;1002.95;A;175;A;38;A;0;A;17;A;20;A;25.65;A;19.28;A;14.24;A
08.10.2025 03:45;16.89;A;63.93;A;1002.9;A;183;A;37;A;0;A;17;A;20;A;22.54;A;17.58;A;13.36;A
08.10.2025 04:00;16.82;A;64.28;A;1002.86;A;190;A;36;A;0;A;17;A;19;A;26.08;A;19.96;A;14.73;A
08.10.2025 04:15;16.75;A;64.6;A;1002.86;A;189;A;36;A;0;A;17;A;19;A;27.52;A;21.53;A;15.38;A
08.10.2025 04:30;16.66;A;65.04;A;1002.62;A;196;A;35;A;0;A;17;A;18;A;25.19;A;20.21;A;15.5;A
08.10.2025 04:45;16.55;A;66.41;A;1002.57;A;207;A;36;A;0;A;17;A;19;A;26.35;A;20.74;A;15.34;A
08.10.2025 05:00;16.28;A;70.15;A;1002.45;A;193;A;35;A;0;A;16;A;18;A;26.34;A;20.79;A;14.88;A
08.10.2025 05:15;15.97;A;71.88;A;1002.26;A;159;A;32;A;0;A;13;A;19;A;19.66;A;15.01;A;10.99;A
08.10.2025 05:30;15.78;A;72.31;A;1002.33;A;151;A;32;A;0;A;13;A;18;A;20.85;A;16.28;A;11.88;A
08.10.2025 05:45;15.67;A;72.28;A;1002.4;A;157;A;31;A;0;A;14;A;17;A;29.12;A;22.51;A;15.46;A
08.10.2025 06:00;15.63;A;72.61;A;1002.36;A;175;A;32;A;0;A;16;A;16;A;31.24;A;25.05;A;17.94;A
08.10.2025 06:15;15.6;A;72.69;A;1002.2;A;177;A;32;A;0;A;17;A;15;A;31.53;A;24.33;A;17.68;A
08.10.2025 06:30;15.59;A;72.23;A;1001.85;A;184;A;32;A;0;A;17;A;15;A;28.47;A;21.99;A;15.94;A
08.10.2025 06:45;15.62;A;71.82;A;1001.69;A;177;A;32;A;0;A;16;A;17;A;21.23;A;16.3;A;11.87;A
08.10.2025 07:00;15.6;A;72.26;A;1001.6;A;189;A;33;A;0;A;16;A;17;A;18.6;A;14.5;A;10.71;A
08.10.2025 07:15;15.49;A;73.07;A;1001.54;A;185;A;33;A;0;A;15;A;18;A;24.31;A;19.46;A;14.4;A
08.10.2025 07:30;15.45;A;73.09;A;1001.4;A;267;A;37;A;0;A;23;A;15;A;27.63;A;21.56;A;15.25;A
08.10.2025 07:45;15.53;A;71.98;A;1001.36;A;269;A;33;A;0;A;17;A;16;A;26.99;A;20.68;A;15.16;A
08.10.2025 08:00;15.73;A;70.45;A;1001.36;A;262;A;36;A;0;A;20;A;15;A;22.71;A;18.33;A;13.96;A
08.10.2025 08:15;15.91;A;69.16;A;1001.35;A;212;A;35;A;0;A;18;A;17;A;21.09;A;16.93;A;12.44;A
08.10.2025 08:30;16.11;A;67.62;A;1001.22;A;180;A;36;A;0;A;17;A;19;A;21.09;A;17.02;A;12.49;A
08.10.2025 08:45;16.31;A;66.62;A;1001.02;A;181;A;35;A;0;A;17;A;18;A;23.02;A;17.87;A;13.11;A
08.10.2025 09:00;16.47;A;65.47;A;1000.67;A;167;A;35;A;0;A;16;A;19;A;19.64;A;15.57;A;10.96;A
08.10.2025 09:15;16.62;A;64.56;A;1000.38;A;163;A;36;A;0;A;17;A;19;A;24.61;A;18.32;A;13.35;A
08.10.2025 09:30;16.78;A;63.44;A;1000.49;A;144;A;36;A;0;A;17;A;19;A;19.62;A;14.98;A;10.91;A
08.10.2025 09:45;16.95;A;62.43;A;1000.51;A;145;A;37;A;0;A;17;A;20;A;17.68;A;13.19;A;9.53;A
08.10.2025 10:00;17.05;A;61.5;A;1000.48;A;191;A;38;A;0;A;19;A;19;A;19.85;A;14.54;A;10.25;A
08.10.2025 10:15;17.16;A;61.33;A;1000.35;A;148;A;37;A;0;A;18;A;19;A;20.32;A;14.42;A;10.79;A
08.10.2025 10:30;17.37;A;60.13;A;1000.2;A;150;A;37;A;0;A;18;A;19;A;16.99;A;12.1;A;8.72;A
08.10.2025 10:45;17.64;A;58.6;A;1000.14;A;166;A;39;A;0;A;20;A;19;A;16.01;A;11.05;A;7.9;A
08.10.2025 11:00;18;A;56.35;A;1000.05;A;160;A;39;A;0;A;19;A;19;A;15.7;A;10.57;A;7.48;A
08.10.2025 11:15;18.28;A;54.34;A;999.86;A;152;A;39;A;0;A;19;A;20;A;14.84;A;9.81;A;6.59;A
08.10.2025 11:30;18.83;A;52.01;A;999.61;A;153;A;39;A;0;A;20;A;20;A;14.33;A;9.11;A;6.67;A
08.10.2025 11:45;19.04;A;50.07;A;999.6;A;143;A;41;A;0;A;19;A;22;A;12.37;A;7.94;A;5.48;A
08.10.2025 12:00;19.31;A;49.03;A;999.65;A;162;A;43;A;0;A;22;A;21;A;13.96;A;8.67;A;6.18;A
08.10.2025 12:15;19.61;A;47.92;A;999.34;A;168;A;41;A;0;A;20;A;21;A;14.23;A;9;A;6.29;A
08.10.2025 12:30;19.88;A;42.37;A;999.24;A;137;A;42;A;0;A;19;A;23;A;15.91;A;8.39;A;5.95;A
08.10.2025 12:45;20.06;A;42.61;A;999.28;A;123;A;46;A;0;A;21;A;25;A;14.33;A;8.13;A;5.68;A
08.10.2025 13:00;20.46;A;43.58;A;998.83;A;158;A;44;A;0;A;21;A;23;A;12.95;A;7.63;A;5.46;A
08.10.2025 13:15;20.6;A;41.98;A;998.82;A;134;A;44;A;0;A;19;A;25;A;13.4;A;8.09;A;5.8;A
08.10.2025 13:30;20.69;A;39.8;A;998.55;A;158;A;43;A;0;A;19;A;24;A;13.15;A;7.74;A;5.49;A
08.10.2025 13:45;20.96;A;37.42;A;998.37;A;137;A;47;A;0;A;21;A;25;A;13.76;A;7.89;A;5.33;A
08.10.2025 14:00;21.19;A;37.24;A;998.2;A;146;A;46;A;0;A;20;A;25;A;14.41;A;8.5;A;5.75;A
08.10.2025 14:15;21.33;A;37.21;A;997.97;A;142;A;46;A;0;A;21;A;25;A;14.62;A;8.06;A;5.54;A
08.10.2025 14:30;21.35;A;37.13;A;997.96;A;158;A;46;A;0;A;22;A;24;A;13.27;A;7.36;A;5.26;A
08.10.2025 14:45;21.36;A;34.95;A;997.89;A;162;A;44;A;0;A;20;A;24;A;13.47;A;7.21;A;5.26;A
08.10.2025 15:00;21.36;A;31.76;A;997.97;A;128;A;48;A;0;A;22;A;26;A;14.67;A;7.5;A;5.18;A
08.10.2025 15:15;21.38;A;32.67;A;997.81;A;135;A;49;A;0;A;23;A;27;A;13.59;A;7.78;A;5.34;A
08.10.2025 15:30;21.38;A;32.57;A;997.62;A;166;A;47;A;0;A;25;A;22;A;13.24;A;7.32;A;5.28;A
08.10.2025 15:45;21.33;A;32.54;A;997.68;A;136;A;48;A;0;A;23;A;25;A;15.6;A;8.37;A;5.98;A
08.10.2025 16:00;21.25;A;34.39;A;997.61;A;149;A;46;A;0;A;25;A;22;A;13.46;A;8.07;A;5.6;A
08.10.2025 16:15;21.17;A;34.21;A;997.57;A;151;A;46;A;0;A;24;A;23;A;13.96;A;8.03;A;5.65;A
08.10.2025 16:30;21.15;A;32.43;A;997.74;A;571;A;46;A;0;A;22;A;25;A;14.29;A;8.36;A;5.69;A
08.10.2025 16:45;21.08;A;33.03;A;997.66;A;160;A;48;A;0;A;23;A;25;A;16.88;A;8.91;A;6.29;A
08.10.2025 17:00;20.99;A;33.4;A;997.96;A;161;A;47;A;0;A;24;A;23;A;15.41;A;8.59;A;5.99;A
08.10.2025 17:15;20.87;A;33.78;A;998.15;A;198;A;45;A;0;A;27;A;19;A;22.18;A;11.62;A;8.04;A
08.10.2025 17:30;20.66;A;34.61;A;998.19;A;208;A;44;A;0;A;26;A;18;A;24;A;11.3;A;7.87;A
08.10.2025 17:45;20.48;A;35.03;A;998.19;A;202;A;44;A;0;A;25;A;19;A;20.41;A;12.78;A;8.98;A
08.10.2025 18:00;20.24;A;35.66;A;998.12;A;219;A;44;A;0;A;26;A;17;A;21;A;14.83;A;10.77;A
08.10.2025 18:15;19.98;A;36.48;A;998.4;A;280;A;41;A;0;A;25;A;17;A;21.35;A;12.95;A;9.52;A
08.10.2025 18:30;19.79;A;36.86;A;998.35;A;241;A;42;A;0;A;23;A;19;A;21.4;A;11.7;A;8.32;A
08.10.2025 18:45;19.58;A;37.51;A;998.23;A;207;A;41;A;0;A;23;A;18;A;20.15;A;11.72;A;8.91;A
08.10.2025 19:00;19.37;A;38.65;A;998.28;A;236;A;41;A;0;A;24;A;16;A;20.77;A;11.64;A;8.55;A
08.10.2025 19:15;19.24;A;38.64;A;998.25;A;221;A;40;A;0;A;21;A;18;A;19.41;A;11.91;A;8.39;A
08.10.2025 19:30;19.15;A;39.04;A;998.1;A;192;A;40;A;0;A;20;A;20;A;28.15;A;19.36;A;14.13;A
08.10.2025 19:45;19.06;A;39.43;A;997.98;A;198;A;40;A;0;A;21;A;19;A;23.63;A;14.41;A;10.47;A
08.10.2025 20:00;18.98;A;39.79;A;997.82;A;188;A;39;A;0;A;20;A;19;A;18.67;A;12.38;A;8.72;A
08.10.2025 20:15;18.89;A;40.02;A;997.63;A;204;A;39;A;0;A;21;A;18;A;23.49;A;15.7;A;11.72;A
08.10.2025 20:30;18.75;A;40.43;A;997.44;A;228;A;37;A;0;A;20;A;17;A;29.45;A;20.61;A;15.49;A
08.10.2025 20:45;18.53;A;41.53;A;997.26;A;217;A;37;A;0;A;20;A;17;A;21.88;A;14.42;A;10.56;A
08.10.2025 21:00;18.29;A;44.23;A;997.25;A;196;A;37;A;0;A;20;A;17;A;21.55;A;12.3;A;8.85;A
08.10.2025 21:15;17.85;A;49.92;A;997.19;A;185;A;34;A;0;A;17;A;17;A;20.66;A;13.04;A;9.1;A
08.10.2025 21:30;17.6;A;50.12;A;997.1;A;163;A;33;A;0;A;17;A;16;A;22.51;A;13.75;A;9.86;A
08.10.2025 21:45;17.5;A;50.14;A;997.09;A;156;A;31;A;0;A;16;A;15;A;21.93;A;14.85;A;10.73;A
08.10.2025 22:00;17.44;A;50.09;A;997.24;A;146;A;32;A;0;A;17;A;15;A;23.53;A;15.2;A;10.86;A
08.10.2025 22:15;17.25;A;54.45;A;997.46;A;149;A;31;A;0;A;18;A;13;A;26.3;A;18.96;A;13.61;A
08.10.2025 22:30;17.14;A;54.02;A;997.38;A;162;A;29;A;0;A;17;A;12;A;33.62;A;23.57;A;16.93;A
08.10.2025 22:45;17.1;A;53.7;A;997.42;A;163;A;29;A;0;A;16;A;13;A;29.32;A;19.46;A;14.64;A
08.10.2025 23:00;17.03;A;57.62;A;997.52;A;177;A;29;A;0;A;18;A;11;A;26.51;A;18.5;A;13.53;A
08.10.2025 23:15;16.93;A;56.79;A;997.45;A;157;A;25;A;0;A;13;A;13;A;24.95;A;16.23;A;11.73;A
08.10.2025 23:30;16.89;A;59.12;A;997.32;A;186;A;27;A;0;A;16;A;11;A;24.62;A;15.4;A;11.11;A
08.10.2025 23:45;16.81;A;58.11;A;997.35;A;157;A;23;A;0;A;11;A;12;A;24.47;A;14.49;A;10.86;A
09.10.2025 00:00;16.84;A;58.49;A;997.16;A;162;A;25;A;0;A;14;A;10;A;23.65;A;14.6;A;10.89;A
09.10.2025 00:15;16.93;A;55.33;A;996.93;A;161;A;25;A;0;A;14;A;11;A;22.8;A;14.58;A;10.62;A
09.10.2025 00:30;16.99;A;53.2;A;996.74;A;146;A;29;A;0;A;15;A;14;A;24.62;A;14.83;A;10.77;A
09.10.2025 00:45;16.64;A;62.52;A;996.81;A;155;A;29;A;0;A;17;A;12;A;25.36;A;15.42;A;10.99;A
09.10.2025 01:00;16.26;A;66.28;A;996.63;A;151;A;23;A;0;A;11;A;12;A;24.5;A;15.3;A;10.87;A
09.10.2025 01:15;16.09;A;68.77;A;996.55;A;149;A;22;A;0;A;11;A;10;A;23.47;A;15.51;A;11.18;A
09.10.2025 01:30;15.93;A;67.97;A;996.41;A;140;A;21;A;0;A;11;A;10;A;25.46;A;15.26;A;10.96;A
09.10.2025 01:45;15.88;A;68.09;A;996.48;A;135;A;24;A;1;A;13;A;11;A;26.75;A;15.94;A;10.99;A
09.10.2025 02:00;15.91;A;67.15;A;996.68;A;136;A;20;A;0;A;10;A;10;A;24.3;A;15.49;A;10.88;A
09.10.2025 02:15;16.02;A;68.43;A;996.54;A;136;A;23;A;0;A;15;A;9;A;26.02;A;16.02;A;11.58;A
09.10.2025 02:30;16;A;69.05;A;996.49;A;140;A;21;A;0;A;14;A;7;A;27.74;A;16.9;A;12.63;A
09.10.2025 02:45;15.9;A;71.88;A;996.63;A;140;A;20;A;0;A;13;A;7;A;26.86;A;16.52;A;12.3;A
09.10.2025 03:00;15.86;A;71.59;A;997.03;A;144;A;21;A;0;A;14;A;7;A;29.54;A;18.18;A;12.91;A
09.10.2025 03:15;15.89;A;71.9;A;996.5;A;148;A;20;A;0;A;14;A;6;A;31.07;A;18.21;A;13.02;A
09.10.2025 03:30;15.9;A;70.34;A;996.1;A;168;A;19;A;0;A;13;A;6;A;29.74;A;17.49;A;12.91;A
09.10.2025 03:45;15.84;A;70.47;A;996.11;A;228;A;21;A;0;A;15;A;6;A;32.83;A;19.12;A;14;A
09.10.2025 04:00;15.67;A;71.03;A;996.1;A;264;A;21;A;0;A;15;A;6;A;29.72;A;19.86;A;14.47;A
09.10.2025 04:15;15.47;A;72.47;A;996.05;A;287;A;20;A;1;A;16;A;5;A;32.14;A;19.74;A;14.72;A
09.10.2025 04:30;15.34;A;74.25;A;996.06;A;316;A;19;A;1;A;15;A;4;A;31.37;A;20.14;A;14.53;A
09.10.2025 04:45;15.27;A;75.1;A;995.97;A;342;A;18;A;1;A;14;A;4;A;30.85;A;21.35;A;15.19;A
09.10.2025 05:00;15.18;A;75.83;A;995.77;A;330;A;19;A;1;A;15;A;4;A;32.89;A;22.45;A;16.29;A
09.10.2025 05:15;15;A;76.78;A;996.04;A;330;A;16;A;1;A;13;A;4;A;33.7;A;22.35;A;16.61;A
09.10.2025 05:30;14.96;A;73.61;A;996.21;A;312;A;21;A;1;A;17;A;3;A;38.98;A;25.07;A;18.92;A
09.10.2025 05:45;15.01;A;71.38;A;996.24;A;358;A;23;A;0;A;20;A;3;A;42.86;A;26.88;A;18.82;A
09.10.2025 06:00;15;A;70.3;A;996.41;A;427;A;24;A;0;A;21;A;4;A;39.5;A;24.65;A;17.37;A
09.10.2025 06:15;14.69;A;74.31;A;996.61;A;406;A;24;A;1;A;19;A;5;A;37.13;A;24.38;A;17.88;A
09.10.2025 06:30;14.32;A;78.27;A;996.45;A;276;A;22;A;1;A;16;A;6;A;37.25;A;24.09;A;17.98;A
09.10.2025 06:45;14.01;A;81.27;A;996.37;A;248;A;19;A;1;A;14;A;5;A;32.84;A;22.73;A;17.82;A
09.10.2025 07:00;13.79;A;82.93;A;996.49;A;218;A;20;A;1;A;14;A;6;A;26.27;A;19;A;17.91;A
09.10.2025 07:15;13.58;A;84.67;A;996.38;A;224;A;20;A;1;A;14;A;6;A;26.29;A;19.01;A;17.92;A
09.10.2025 07:30;13.46;A;85.4;A;996.1;A;325;A;23;A;0;A;19;A;4;A;27.34;A;19.78;A;18.65;A
09.10.2025 07:45;13.47;A;85.55;A;996.07;A;600;A;24;A;1;A;21;A;3;A;36.05;A;26.16;A;24.75;A
09.10.2025 08:00;13.51;A;85.65;A;996.16;A;482;A;25;A;0;A;23;A;2;A;27.59;A;19.97;A;18.83;A
09.10.2025 08:15;13.58;A;85.6;A;996.44;A;408;A;24;A;0;A;21;A;3;A;26.08;A;18.86;A;17.77;A
09.10.2025 08:30;13.67;A;85.36;A;996.54;A;408;A;24;A;0;A;20;A;4;A;42.74;A;31.07;A;29.44;A
09.10.2025 08:45;13.89;A;84.71;A;996.73;A;450;A;25;A;0;A;21;A;4;A;25.59;A;18.5;A;17.43;A
09.10.2025 09:00;14.41;A;83;A;996.49;A;689;A;27;A;0;A;24;A;3;A;27.05;A;19.57;A;18.45;A
09.10.2025 09:15;15.01;A;80.98;A;996.48;A;541;A;27;A;0;A;21;A;5;A;28.37;A;20.53;A;19.37;A
09.10.2025 09:30;15.91;A;75.84;A;996.65;A;363;A;27;A;0;A;19;A;8;A;40.51;A;27.26;A;20.08;A
09.10.2025 09:45;16.29;A;74.64;A;996.77;A;425;A;28;A;0;A;19;A;9;A;38.24;A;26.11;A;19.26;A
09.10.2025 10:00;16.42;A;75.36;A;996.9;A;398;A;27;A;0;A;16;A;11;A;33.4;A;23.82;A;16.85;A
09.10.2025 10:15;16.64;A;72.68;A;996.87;A;329;A;27;A;0;A;15;A;12;A;30.65;A;20.43;A;14.82;A
09.10.2025 10:30;17.06;A;69.91;A;996.87;A;260;A;30;A;0;A;15;A;15;A;25.86;A;18.74;A;13.09;A
09.10.2025 10:45;17.26;A;70.07;A;997.09;A;580;A;32;A;0;A;17;A;15;A;33.24;A;23.85;A;17.46;A
09.10.2025 11:00;17.39;A;70.96;A;997.17;A;1241;A;29;A;1;A;19;A;10;A;68.04;A;49.84;A;36.03;A
09.10.2025 11:15;17.61;A;68.46;A;997.29;A;688;A;31;A;0;A;16;A;16;A;40.73;A;28.71;A;20.58;A
09.10.2025 11:30;17.7;A;68.92;A;997.3;A;1693;A;32;A;0;A;19;A;13;A;65.15;A;48.75;A;34.77;A
09.10.2025 11:45;17.96;A;67.13;A;997.29;A;1313;A;37;A;0;A;20;A;16;A;53.68;A;37.59;A;26.97;A
09.10.2025 12:00;18.25;A;67.42;A;997.33;A;885;A;38;A;0;A;20;A;19;A;48.56;A;36.34;A;24.95;A
09.10.2025 12:15;18.69;A;67.15;A;997.1;A;1004;A;36;A;0;A;19;A;17;A;53.39;A;38.25;A;27.51;A
09.10.2025 12:30;19.15;A;65.82;A;997.19;A;754;A;38;A;0;A;18;A;20;A;40.73;A;28.44;A;20.24;A
09.10.2025 12:45;19.36;A;65.55;A;997.08;A;770;A;40;A;0;A;19;A;21;A;48.85;A;34.59;A;24.54;A
09.10.2025 13:00;19.31;A;67.2;A;997.02;A;1289;A;40;A;0;A;23;A;16;A;56.6;A;41.53;A;28.59;A
09.10.2025 13:15;19.41;A;68.39;A;996.86;A;819;A;38;A;0;A;20;A;18;A;43.11;A;30.29;A;21.29;A
09.10.2025 13:30;19.59;A;67.03;A;996.58;A;582;A;39;A;0;A;17;A;22;A;42.4;A;29.39;A;20.24;A
09.10.2025 13:45;19.97;A;66;A;996.32;A;447;A;39;A;0;A;16;A;23;A;32;A;22.46;A;15.38;A
09.10.2025 14:00;20.32;A;63.56;A;996.34;A;185;A;42;A;0;A;15;A;27;A;18.25;A;12.49;A;9.11;A
09.10.2025 14:15;20.54;A;63.36;A;996.25;A;186;A;44;A;0;A;16;A;27;A;19.17;A;13.29;A;9.31;A
09.10.2025 14:30;20.66;A;62.5;A;996.34;A;220;A;43;A;0;A;18;A;26;A;19.57;A;12.97;A;9.06;A
09.10.2025 14:45;21.03;A;61.52;A;996.25;A;191;A;42;A;0;A;15;A;27;A;19.56;A;13.11;A;9.55;A
09.10.2025 15:00;21.58;A;57.85;A;996.44;A;193;A;44;A;0;A;16;A;28;A;19.63;A;13.58;A;9.45;A
09.10.2025 15:15;22.37;A;54.38;A;996.51;A;166;A;44;A;0;A;13;A;31;A;14.42;A;8.88;A;6.2;A
09.10.2025 15:30;22.38;A;54.37;A;996.56;A;180;A;47;A;0;A;18;A;29;A;14.68;A;9.24;A;6.45;A
09.10.2025 15:45;22.75;A;53.48;A;996.51;A;228;A;45;A;0;A;17;A;29;A;14.48;A;8.27;A;5.76;A
09.10.2025 16:00;23.81;A;50.34;A;996.53;A;179;A;46;A;0;A;16;A;30;A;13.98;A;8.57;A;6.2;A
09.10.2025 16:15;24.4;A;48.06;A;996.57;A;233;A;47;A;0;A;18;A;29;A;22.2;A;17.47;A;12.75;A
09.10.2025 16:30;24.25;A;47.95;A;996.75;A;224;A;49;A;0;A;19;A;30;A;11.72;A;8.18;A;5.88;A
09.10.2025 16:45;23.31;A;51.54;A;996.96;A;302;A;49;A;0;A;22;A;27;A;13.38;A;8.34;A;5.82;A
09.10.2025 17:00;22.57;A;52.56;A;996.96;A;200;A;46;A;0;A;17;A;29;A;13.18;A;8.24;A;5.76;A
09.10.2025 17:15;21.86;A;54.01;A;996.92;A;206;A;46;A;0;A;22;A;24;A;13.38;A;8.73;A;6.34;A
09.10.2025 17:30;21.32;A;56.47;A;996.85;A;256;A;45;A;0;A;23;A;22;A;13.51;A;8.26;A;5.97;A
09.10.2025 17:45;20.86;A;59.04;A;997.21;A;233;A;41;A;0;A;20;A;21;A;14.36;A;9.85;A;6.98;A
09.10.2025 18:00;19.97;A;58.06;A;997.41;A;334;A;45;A;0;A;28;A;17;A;34.88;A;26.15;A;19.49;A
09.10.2025 18:15;19.2;A;61.74;A;997.42;A;852;A;46;A;0;A;28;A;18;A;45.09;A;32.12;A;23.26;A
09.10.2025 18:30;18.65;A;67.21;A;997.18;A;767;A;43;A;0;A;24;A;19;A;26.72;A;18.35;A;13.33;A
09.10.2025 18:45;18.03;A;71.42;A;997.36;A;935;A;36;A;0;A;23;A;13;A;28.45;A;20.67;A;14.62;A
09.10.2025 19:00;17.56;A;73.7;A;997.34;A;1150;A;33;A;0;A;22;A;11;A;32.37;A;23.73;A;17.17;A
09.10.2025 19:15;17.29;A;75.05;A;997.29;A;1604;A;34;A;0;A;30;A;4;A;34.09;A;25.3;A;18.35;A
09.10.2025 19:30;17.08;A;73.51;A;997.56;A;1402;A;30;A;0;A;24;A;6;A;29.69;A;22.25;A;16.02;A
09.10.2025 19:45;17.01;A;71.3;A;997.47;A;310;A;31;A;0;A;18;A;13;A;25.35;A;18.88;A;13.92;A
09.10.2025 20:00;16.86;A;70.44;A;997.55;A;206;A;33;A;0;A;17;A;16;A;25.01;A;17.48;A;13.03;A
09.10.2025 20:15;16.55;A;71.04;A;997.68;A;190;A;32;A;0;A;17;A;15;A;26.81;A;18.2;A;13.41;A
09.10.2025 20:30;16.26;A;72.46;A;997.62;A;171;A;31;A;0;A;16;A;15;A;26.67;A;19.36;A;14.16;A
09.10.2025 20:45;16.02;A;74.07;A;997.86;A;162;A;29;A;0;A;14;A;14;A;29.84;A;20.71;A;14.7;A
09.10.2025 21:00;15.74;A;75.33;A;997.89;A;159;A;27;A;0;A;12;A;15;A;26.56;A;20.06;A;14.68;A
09.10.2025 21:15;15.55;A;76.23;A;997.93;A;167;A;26;A;0;A;12;A;14;A;30.21;A;21.61;A;15.73;A
09.10.2025 21:30;15.25;A;77.67;A;998.05;A;161;A;25;A;0;A;12;A;13;A;30.2;A;22.45;A;16.43;A
09.10.2025 21:45;14.94;A;78.64;A;998.05;A;174;A;24;A;0;A;14;A;10;A;30.73;A;23.13;A;16.87;A
09.10.2025 22:00;14.66;A;79.33;A;998.1;A;173;A;25;A;0;A;16;A;8;A;33.77;A;25.9;A;18.6;A
09.10.2025 22:15;14.45;A;80.23;A;998.06;A;189;A;23;A;0;A;15;A;9;A;35.5;A;27.2;A;19.02;A
09.10.2025 22:30;14.18;A;80.46;A;997.97;A;198;A;22;A;0;A;16;A;7;A;36.87;A;27.88;A;19.91;A
09.10.2025 22:45;13.98;A;81.19;A;998.1;A;230;A;22;A;0;A;18;A;4;A;40.29;A;30.92;A;22.29;A
09.10.2025 23:00;13.92;A;81.72;A;998.13;A;299;A;21;A;1;A;16;A;6;A;31.38;A;22.67;A;21.28;A
09.10.2025 23:15;13.92;A;81.64;A;998.14;A;173;A;21;A;1;A;12;A;8;A;29.48;A;21.66;A;20.1;A
09.10.2025 23:30;13.8;A;81.85;A;998.26;A;132;A;21;A;0;A;10;A;11;A;28.62;A;20.72;A;19.55;A
09.10.2025 23:45;13.61;A;82.34;A;998.47;A;128;A;20;A;1;A;9;A;11;A;28.97;A;20.97;A;19.79;A
10.10.2025 00:00;13.52;A;83.08;A;998.54;A;137;A;19;A;1;A;8;A;11;A;28.82;A;20.87;A;19.69;A
10.10.2025 00:15;13.52;A;83.33;A;998.4;A;120;A;19;A;1;A;9;A;10;A;28.65;A;20.74;A;19.57;A
10.10.2025 00:30;13.45;A;83.32;A;998.4;A;138;A;19;A;0;A;9;A;10;A;29.54;A;21.39;A;20.19;A
10.10.2025 00:45;13.36;A;83.25;A;998.65;A;135;A;18;A;1;A;9;A;9;A;29.24;A;21.17;A;19.98;A
10.10.2025 01:00;13.25;A;83.54;A;998.79;A;142;A;18;A;1;A;11;A;7;A;30.04;A;21.76;A;20.54;A
10.10.2025 01:15;13.22;A;84.16;A;998.88;A;136;A;19;A;1;A;13;A;5;A;29.58;A;21.42;A;20.22;A
10.10.2025 01:30;13.23;A;84.64;A;999.11;A;131;A;20;A;0;A;15;A;6;A;29.07;A;21.05;A;19.86;A
10.10.2025 01:45;13.3;A;84.65;A;998.94;A;122;A;21;A;1;A;12;A;9;A;28.93;A;20.94;A;19.76;A
10.10.2025 02:00;13.34;A;84.38;A;998.87;A;110;A;21;A;0;A;10;A;11;A;28.51;A;20.64;A;19.47;A
10.10.2025 02:15;13.39;A;84.06;A;998.85;A;110;A;21;A;0;A;12;A;9;A;28.31;A;20.5;A;19.34;A
10.10.2025 02:30;13.33;A;82.53;A;998.82;A;107;A;21;A;0;A;13;A;8;A;21.45;A;15.63;A;14.45;A
10.10.2025 02:45;13.14;A;81.7;A;998.7;A;95;A;22;A;0;A;9;A;14;A;18.66;A;14.89;A;11.09;A
10.10.2025 03:00;12.96;A;82.35;A;998.69;A;93;A;21;A;1;A;8;A;13;A;17.01;A;12.25;A;11.4;A
10.10.2025 03:15;12.81;A;82.51;A;998.68;A;93;A;21;A;1;A;8;A;13;A;17.43;A;12.52;A;11.72;A
10.10.2025 03:30;12.8;A;83.04;A;998.61;A;95;A;20;A;1;A;7;A;12;A;17.96;A;12.91;A;12.09;A
10.10.2025 03:45;12.81;A;82.97;A;998.64;A;89;A;18;A;1;A;7;A;12;A;17.32;A;12.44;A;11.64;A
10.10.2025 04:00;12.79;A;83.27;A;998.7;A;88;A;18;A;1;A;7;A;11;A;15.59;A;11.17;A;10.43;A
10.10.2025 04:15;12.84;A;83.24;A;998.71;A;91;A;19;A;1;A;10;A;9;A;15.59;A;11.18;A;10.43;A
10.10.2025 04:30;12.93;A;83.51;A;998.75;A;96;A;19;A;1;A;12;A;7;A;16.09;A;11.54;A;10.78;A
10.10.2025 04:45;13.03;A;83.45;A;998.85;A;107;A;19;A;1;A;14;A;5;A;17.08;A;12.26;A;11.47;A
10.10.2025 05:00;13.13;A;83.51;A;999.05;A;110;A;19;A;1;A;15;A;5;A;18.71;A;13.46;A;12.62;A
10.10.2025 05:15;13.2;A;83.29;A;999.12;A;130;A;19;A;1;A;14;A;5;A;18.77;A;13.5;A;12.65;A
10.10.2025 05:30;13.25;A;83.26;A;999.18;A;133;A;20;A;1;A;16;A;4;A;19.8;A;14.26;A;13.37;A
10.10.2025 05:45;13.27;A;83.15;A;999.24;A;127;A;20;A;1;A;15;A;5;A;21;A;15.14;A;14.22;A
10.10.2025 06:00;13.27;A;83.25;A;999.2;A;124;A;19;A;1;A;13;A;6;A;21.8;A;15.72;A;14.78;A
10.10.2025 06:15;13.28;A;83.7;A;999.17;A;143;A;18;A;1;A;13;A;5;A;22.68;A;16.37;A;15.39;A
10.10.2025 06:30;13.31;A;83.71;A;999.33;A;155;A;18;A;1;A;13;A;5;A;22.97;A;16.58;A;15.6;A
10.10.2025 06:45;13.38;A;83.91;A;999.23;A;170;A;19;A;1;A;13;A;6;A;26.09;A;18.86;A;17.78;A
10.10.2025 07:00;13.44;A;83.74;A;999.32;A;163;A;18;A;1;A;12;A;6;A;27.13;A;19.63;A;18.51;A
10.10.2025 07:15;13.49;A;83.92;A;999.36;A;163;A;17;A;1;A;11;A;6;A;29.1;A;21.07;A;19.89;A
10.10.2025 07:30;13.59;A;84.43;A;999.3;A;245;A;18;A;1;A;12;A;7;A;31.07;A;22.51;A;21.26;A
10.10.2025 07:45;13.64;A;84.06;A;999.45;A;246;A;18;A;1;A;8;A;10;A;30.84;A;22.35;A;21.11;A
10.10.2025 08:00;13.61;A;83.49;A;999.55;A;205;A;22;A;1;A;12;A;11;A;31.72;A;22.99;A;21.72;A
10.10.2025 08:15;13.58;A;83.47;A;999.69;A;177;A;23;A;1;A;11;A;11;A;30.78;A;22.3;A;21.06;A
10.10.2025 08:30;13.59;A;83.83;A;999.57;A;189;A;22;A;1;A;13;A;10;A;31.25;A;22.64;A;21.39;A
10.10.2025 08:45;13.6;A;83.74;A;999.76;A;205;A;22;A;1;A;12;A;9;A;37.65;A;27.33;A;25.87;A
10.10.2025 09:00;13.63;A;83.39;A;999.93;A;432;A;23;A;1;A;14;A;10;A;46.07;A;33.5;A;31.77;A
10.10.2025 09:15;13.58;A;84.29;A;999.99;A;233;A;22;A;1;A;14;A;8;A;46.13;A;33.54;A;31.8;A
10.10.2025 09:30;13.55;A;85.12;A;1000.04;A;241;A;21;A;1;A;12;A;9;A;39.17;A;28.45;A;26.94;A
10.10.2025 09:45;13.54;A;85.33;A;1000.2;A;185;A;20;A;1;A;9;A;11;A;28.89;A;20.91;A;19.74;A
10.10.2025 10:00;13.58;A;85.44;A;1000.27;A;183;A;20;A;1;A;9;A;11;A;27.1;A;19.61;A;18.49;A
10.10.2025 10:15;13.61;A;85.1;A;1000.44;A;187;A;20;A;1;A;9;A;11;A;29.07;A;21.05;A;19.86;A
10.10.2025 10:30;13.64;A;85.13;A;1000.48;A;216;A;21;A;1;A;11;A;10;A;28.77;A;20.83;A;19.65;A
10.10.2025 10:45;13.69;A;85.17;A;1000.53;A;196;A;21;A;1;A;13;A;8;A;27.3;A;19.75;A;18.63;A
10.10.2025 11:00;13.82;A;84.84;A;1000.62;A;213;A;22;A;1;A;14;A;8;A;25.75;A;18.62;A;17.54;A
10.10.2025 11:15;14.01;A;84.04;A;1000.71;A;188;A;22;A;1;A;14;A;8;A;24.05;A;17.37;A;16.35;A
10.10.2025 11:30;14.2;A;82.49;A;1000.87;A;184;A;21;A;1;A;10;A;11;A;23.48;A;17.06;A;15.53;A
10.10.2025 11:45;14.28;A;82.13;A;1001.01;A;182;A;22;A;1;A;10;A;13;A;23.08;A;16.95;A;14.95;A
10.10.2025 12:00;14.43;A;82.09;A;1001.01;A;192;A;22;A;0;A;10;A;12;A;22.84;A;16.49;A;15.51;A
10.10.2025 12:15;14.55;A;80.3;A;1000.89;A;212;A;23;A;1;A;12;A;11;A;22.41;A;16.73;A;14.18;A
10.10.2025 12:30;14.72;A;78.78;A;1000.96;A;176;A;24;A;1;A;9;A;14;A;20.82;A;16.22;A;11.96;A
10.10.2025 12:45;14.79;A;78.38;A;1000.94;A;215;A;24;A;1;A;11;A;13;A;38.38;A;31.36;A;22.33;A
10.10.2025 13:00;14.85;A;79.53;A;1000.92;A;205;A;24;A;1;A;11;A;13;A;23.27;A;18.37;A;13.08;A
10.10.2025 13:15;14.87;A;79.12;A;1001.01;A;209;A;22;A;1;A;10;A;12;A;21.25;A;17.74;A;12.56;A
10.10.2025 13:30;14.89;A;77.72;A;1000.98;A;316;A;36;A;0;A;29;A;8;A;20.35;A;15.67;A;11.43;A
10.10.2025 13:45;15.01;A;77.96;A;1001.15;A;691;A;70;A;0;A;72;A;3;A;15.11;A;11.99;A;9.03;A
10.10.2025 14:00;15.24;A;80.27;A;1001.19;A;399;A;39;A;0;A;32;A;8;A;11.23;A;7.91;A;6.49;A
10.10.2025 14:15;16.04;A;81.87;A;1001.88;A;380;A;35;A;0;A;28;A;7;A;7.95;A;5.42;A;4.62;A
10.10.2025 14:30;17.45;A;77.86;A;1002.61;A;757;A;32;A;0;A;26;A;8;A;6.39;A;4.18;A;3.54;A
10.10.2025 14:45;18.19;A;72.72;A;1002.52;A;476;A;22;A;1;A;14;A;9;A;8.75;A;6.32;A;4.7;A
10.10.2025 15:00;18.68;A;69.7;A;1002.67;A;438;A;24;A;1;A;15;A;9;A;12.32;A;9.49;A;6.41;A
10.10.2025 15:15;18.93;A;70.28;A;1004.9;A;938;A;36;A;0;A;28;A;9;A;17.12;A;11.55;A;8.28;A
10.10.2025 15:30;18.91;A;67.52;A;1008.32;A;695;A;32;A;0;A;19;A;13;A;9.02;A;6.19;A;4.41;A
10.10.2025 15:45;18.54;A;68.93;A;1007.26;A;345;A;28;A;1;A;15;A;13;A;17.07;A;11.56;A;8.22;A
10.10.2025 16:00;18.79;A;68.34;A;1000.92;A;1470;A;45;A;0;A;37;A;8;A;20.02;A;15.19;A;11.06;A
10.10.2025 16:15;19;A;63.99;A;1000.23;A;720;A;35;A;0;A;26;A;9;A;17.67;A;12.75;A;9.3;A
10.10.2025 16:30;19.08;A;60.99;A;1000.36;A;293;A;28;A;0;A;12;A;15;A;19.14;A;14.17;A;10.5;A
10.10.2025 16:45;19.21;A;65.29;A;1000.1;A;817;A;46;A;0;A;40;A;7;A;28.92;A;19.39;A;14.01;A
10.10.2025 17:00;19.5;A;64.64;A;1002.68;A;1030;A;44;A;0;A;38;A;6;A;24.62;A;18.66;A;13.68;A
10.10.2025 17:15;19.83;A;61;A;1001.66;A;1290;A;39;A;0;A;33;A;6;A;25.83;A;17.47;A;12.62;A
10.10.2025 17:30;19.61;A;61.32;A;1002.74;A;879;A;60;A;0;A;56;A;8;A;32.78;A;18.83;A;12.28;A
10.10.2025 17:45;19.05;A;61.35;A;1002.89;A;306;A;25;A;1;A;10;A;15;A;26.85;A;16.9;A;12.08;A
10.10.2025 18:00;17.87;A;65.58;A;1002.86;A;296;A;18;A;1;A;8;A;10;A;41.88;A;30.73;A;16.52;A
10.10.2025 18:15;18.11;A;65.93;A;1002.75;A;2954;A;16;A;11;A;6;A;10;A;47.49;A;25.44;A;17.4;A
10.10.2025 18:30;19.08;A;69.99;A;1003.19;A;618;A;20;A;5;A;14;A;6;A;40.01;A;24.88;A;18.31;A
10.10.2025 18:45;20.1;A;63.69;A;1003.38;A;766;A;10;A;6;A;3;A;7;A;38.56;A;15.76;A;9.76;A
10.10.2025 19:00;20.69;A;57.46;A;1003.55;A;1150;A;11;A;9;A;3;A;7;A;3.4;A;1.74;A;0.97;A
10.10.2025 19:15;21.13;A;55.58;A;1003.63;A;1284;A;13;A;11;A;4;A;8;A;3.12;A;1.28;A;0.41;A
10.10.2025 19:30;21.49;A;54.88;A;1003.86;A;1296;A;13;A;13;A;3;A;10;A;5.8;A;1.16;A;0.57;A
10.10.2025 19:45;21.78;A;54.08;A;1003.98;A;1284;A;12;A;13;A;3;A;9;A;2.22;A;0.9;A;0.32;A
10.10.2025 20:00;21.99;A;52.72;A;1004.07;A;1159;A;12;A;13;A;3;A;9;A;1.6;A;0.5;A;0.16;A
10.10.2025 20:15;22.11;A;50.18;A;1003.54;A;1103;A;13;A;13;A;2;A;11;A;1.96;A;1.09;A;0.62;A
10.10.2025 20:30;22.13;A;48.12;A;999.14;A;1323;A;18;A;10;A;4;A;14;A;2.91;A;1.35;A;0.7;A
10.10.2025 20:45;22.16;A;47.41;A;1004.35;A;1567;A;19;A;12;A;4;A;15;A;3.98;A;1.35;A;0.79;A
10.10.2025 21:00;22.17;A;47.07;A;1004.79;A;2107;A;29;A;8;A;4;A;24;A;2.07;A;1.13;A;0.64;A
10.10.2025 21:15;22.16;A;46.68;A;1001.97;A;2588;A;33;A;4;A;5;A;29;A;1.35;A;0.76;A;0.41;A
10.10.2025 21:30;22.13;A;46.34;A;1002.23;A;2589;A;30;A;4;A;5;A;26;A;1.44;A;0.61;A;0.26;A
10.10.2025 21:45;22.09;A;45.72;A;1002.16;A;1722;A;21;A;5;A;4;A;17;A;37.81;A;11.97;A;6.06;A
10.10.2025 22:00;22.02;A;45.24;A;1002.15;A;1137;A;15;A;6;A;3;A;12;A;6.85;A;2.35;A;1.21;A
10.10.2025 22:15;21.94;A;45.14;A;1002.05;A;944;A;14;A;8;A;3;A;11;A;6.93;A;2.59;A;1.15;A
10.10.2025 22:30;21.86;A;45.01;A;1001.94;A;850;A;13;A;9;A;3;A;10;A;45.52;A;18.72;A;9.7;A
10.10.2025 22:45;21.74;A;44.39;A;1001.87;A;765;A;9;A;9;A;3;A;7;A;9.5;A;3.38;A;1.76;A
10.10.2025 23:00;21.69;A;45.07;A;1001.75;A;772;A;13;A;9;A;5;A;8;A;4.56;A;1.75;A;0.81;A
10.10.2025 23:15;21.67;A;45.28;A;1001.66;A;787;A;13;A;9;A;4;A;9;A;5.01;A;1.69;A;0.7;A
10.10.2025 23:30;21.66;A;45.43;A;1002.64;A;782;A;15;A;10;A;3;A;11;A;3.14;A;1.14;A;0.55;A
10.10.2025 23:45;21.64;A;45.57;A;1004.42;A;847;A;13;A;11;A;4;A;10;A;2.01;A;0.89;A;0.43;A
11.10.2025 00:00;21.65;A;45.58;A;1000.37;A;899;A;13;A;11;A;4;A;9;A;3.06;A;1.17;A;0.58;A
11.10.2025 00:15;21.63;A;45.62;A;995.8;A;958;A;13;A;12;A;3;A;9;A;1.95;A;0.95;A;0.39;A
11.10.2025 00:30;21.64;A;45.65;A;990.88;A;1015;A;13;A;13;A;3;A;9;A;2.58;A;0.72;A;0.32;A
11.10.2025 00:45;21.65;A;45.66;A;991.8;A;1067;A;13;A;13;A;3;A;10;A;1.37;A;0.54;A;0.23;A
11.10.2025 01:00;21.66;A;45.64;A;992.28;A;1110;A;12;A;14;A;3;A;9;A;1.04;A;0.57;A;0.21;A
11.10.2025 01:15;21.67;A;45.56;A;991.88;A;1158;A;12;A;13;A;3;A;9;A;1.81;A;0.75;A;0.35;A
11.10.2025 01:30;21.69;A;45.64;A;995.52;A;1210;A;13;A;14;A;3;A;9;A;3.56;A;1.23;A;0.62;A
11.10.2025 01:45;21.7;A;45.43;A;988.61;A;1257;A;12;A;15;A;3;A;9;A;4.81;A;1.78;A;0.93;A
11.10.2025 02:00;21.71;A;45.66;A;990.69;A;1318;A;13;A;16;A;3;A;9;A;3.35;A;1.67;A;0.92;A
11.10.2025 02:15;21.73;A;45.5;A;997.39;A;1374;A;12;A;17;A;3;A;9;A;2.31;A;1.12;A;0.53;A
11.10.2025 02:30;21.73;A;45.18;A;990.5;A;1414;A;12;A;18;A;3;A;9;A;2.84;A;1.04;A;0.52;A
11.10.2025 02:45;21.74;A;45.12;A;997.75;A;1458;A;12;A;18;A;3;A;9;A;1.95;A;0.83;A;0.44;A
11.10.2025 03:00;21.74;A;44.95;A;1000.41;A;1489;A;13;A;19;A;3;A;10;A;2.51;A;0.92;A;0.39;A
11.10.2025 03:15;21.76;A;44.73;A;1000.81;A;1531;A;11;A;19;A;3;A;8;A;1.55;A;0.66;A;0.21;A
11.10.2025 03:30;21.76;A;44.55;A;995.56;A;1549;A;13;A;20;A;3;A;10;A;1.83;A;0.64;A;0.21;A
11.10.2025 03:45;21.77;A;44.45;A;992.28;A;1604;A;13;A;20;A;3;A;10;A;1.58;A;0.61;A;0.17;A
11.10.2025 04:00;21.78;A;44.35;A;994.17;A;1642;A;13;A;21;A;3;A;10;A;1.43;A;0.78;A;0.29;A
11.10.2025 04:15;21.79;A;44.21;A;991.27;A;1676;A;13;A;21;A;3;A;10;A;1.37;A;0.64;A;0.19;A
11.10.2025 04:30;21.79;A;44.14;A;990.72;A;1698;A;14;A;22;A;3;A;11;A;2.09;A;0.87;A;0.31;A
11.10.2025 04:45;21.79;A;44.03;A;994.55;A;1749;A;12;A;22;A;3;A;9;A;1.79;A;0.58;A;0.15;A
11.10.2025 05:00;21.8;A;43.84;A;995.45;A;1744;A;13;A;22;A;3;A;10;A;1.54;A;0.58;A;0.2;A
11.10.2025 05:15;21.8;A;43.74;A;995.49;A;1768;A;14;A;23;A;3;A;11;A;1.11;A;0.49;A;0.17;A
11.10.2025 05:30;21.81;A;43.59;A;990.67;A;1808;A;14;A;24;A;3;A;11;A;1.85;A;0.85;A;0.37;A
11.10.2025 05:45;21.8;A;43.51;A;993.12;A;1861;A;13;A;25;A;3;A;10;A;2.25;A;0.68;A;0.23;A
11.10.2025 06:00;21.8;A;43.36;A;1001.17;A;1885;A;13;A;24;A;3;A;10;A;1.13;A;0.42;A;0.12;A
11.10.2025 06:15;21.79;A;43.17;A;1001.22;A;1911;A;13;A;24;A;3;A;10;A;1.05;A;0.49;A;0.12;A
11.10.2025 06:30;21.79;A;43.01;A;992.32;A;1944;A;13;A;25;A;3;A;10;A;1.49;A;0.39;A;0.12;A
11.10.2025 06:45;21.79;A;42.84;A;992.89;A;1996;A;13;A;26;A;3;A;9;A;0.81;A;0.34;A;0.06;A
11.10.2025 07:00;21.79;A;42.71;A;993.08;A;1999;A;13;A;27;A;3;A;10;A;0.94;A;0.35;A;0.05;A
11.10.2025 07:15;21.75;A;43.41;A;993.27;A;1847;A;11;A;26;A;2;A;9;A;46.37;A;14.93;A;7.98;A
11.10.2025 07:30;21.59;A;44.19;A;993.44;A;1703;A;11;A;23;A;2;A;9;A;15.21;A;15.32;A;7.24;A
11.10.2025 07:45;21.51;A;44.39;A;993.58;A;1506;A;12;A;22;A;2;A;10;A;1.1;A;0.48;A;0.14;A
11.10.2025 08:00;21.46;A;45.1;A;993.62;A;1365;A;13;A;20;A;3;A;10;A;2.02;A;0.59;A;0.23;A
11.10.2025 08:15;21.44;A;45.31;A;993.67;A;1298;A;12;A;20;A;3;A;10;A;0.95;A;0.36;A;0.08;A
11.10.2025 08:30;21.43;A;45.53;A;993.75;A;1251;A;12;A;19;A;3;A;9;A;0.81;A;0.37;A;0.11;A
11.10.2025 08:45;21.42;A;45.62;A;993.83;A;1247;A;12;A;20;A;3;A;9;A;0.95;A;0.39;A;0.09;A
11.10.2025 09:00;21.39;A;45.64;A;993.96;A;1174;A;13;A;19;A;3;A;10;A;0.79;A;0.35;A;0.09;A
11.10.2025 09:15;21.37;A;45.56;A;993.94;A;1101;A;12;A;18;A;3;A;10;A;0.79;A;0.35;A;0.07;A
11.10.2025 09:30;21.34;A;45.73;A;994.03;A;1118;A;12;A;19;A;3;A;10;A;0.79;A;0.35;A;0.07;A
11.10.2025 09:45;21.34;A;46.03;A;994.1;A;1103;A;12;A;19;A;3;A;10;A;0.76;A;0.32;A;0.07;A
11.10.2025 10:00;21.31;A;46.02;A;994.22;A;1070;A;12;A;18;A;2;A;10;A;1.01;A;0.45;A;0.13;A
11.10.2025 10:15;21.28;A;45.98;A;994.63;A;1091;A;13;A;18;A;3;A;10;A;1.18;A;0.62;A;0.23;A
11.10.2025 10:30;21.23;A;45.95;A;994.57;A;1671;A;15;A;20;A;3;A;12;A;1.5;A;0.79;A;0.47;A
11.10.2025 10:45;21.19;A;46.06;A;993.58;A;1833;A;15;A;20;A;3;A;12;A;0.95;A;0.51;A;0.17;A
11.10.2025 11:00;21.13;A;45.65;A;993.74;A;1143;A;13;A;17;A;3;A;10;A;0.82;A;0.35;A;0.09;A
11.10.2025 11:15;21.08;A;45.64;A;993.88;A;925;A;12;A;14;A;3;A;10;A;13.79;A;4.83;A;2.74;A
11.10.2025 11:30;21.01;A;45.92;A;994.09;A;857;A;12;A;14;A;3;A;10;A;1.01;A;0.33;A;0.07;A
11.10.2025 11:45;20.93;A;46.12;A;994.15;A;808;A;12;A;14;A;3;A;9;A;0.83;A;0.36;A;0.06;A
11.10.2025 12:00;20.87;A;46.48;A;994.16;A;756;A;12;A;13;A;3;A;9;A;0.87;A;0.38;A;0.07;A
11.10.2025 12:15;20.79;A;46.75;A;994.21;A;715;A;12;A;13;A;2;A;10;A;0.94;A;0.38;A;0.08;A
11.10.2025 12:30;20.73;A;47.17;A;994.21;A;686;A;12;A;13;A;3;A;9;A;1.03;A;0.45;A;0.13;A
11.10.2025 12:45;20.68;A;47.9;A;994.23;A;675;A;12;A;12;A;3;A;10;A;0.82;A;0.38;A;0.1;A
11.10.2025 13:00;20.64;A;48.17;A;994.1;A;664;A;11;A;13;A;3;A;9;A;0.83;A;0.36;A;0.08;A
11.10.2025 13:15;20.6;A;48.41;A;994.15;A;617;A;12;A;13;A;3;A;9;A;0.82;A;0.38;A;0.08;A
11.10.2025 13:30;20.56;A;48.35;A;993.95;A;588;A;11;A;12;A;3;A;9;A;0.82;A;0.38;A;0.08;A
11.10.2025 13:45;20.49;A;48.46;A;993.9;A;577;A;12;A;12;A;3;A;9;A;0.84;A;0.4;A;0.1;A
11.10.2025 14:00;20.48;A;48.66;A;993.96;A;543;A;12;A;12;A;2;A;9;A;0.87;A;0.37;A;0.09;A
11.10.2025 14:15;20.46;A;48.73;A;993.93;A;524;A;12;A;11;A;3;A;9;A;0.89;A;0.33;A;0.07;A
11.10.2025 14:30;20.46;A;49.07;A;994.13;A;534;A;12;A;12;A;3;A;9;A;0.8;A;0.36;A;0.08;A
11.10.2025 14:45;20.4;A;49.01;A;994.19;A;501;A;11;A;12;A;2;A;9;A;0.81;A;0.37;A;0.06;A
11.10.2025 15:00;20.35;A;48.89;A;994.32;A;466;A;11;A;11;A;2;A;9;A;0.96;A;0.37;A;0.09;A
11.10.2025 15:15;20.3;A;48.66;A;994.37;A;456;A;11;A;11;A;2;A;9;A;0.81;A;0.34;A;0.08;A
11.10.2025 15:30;20.25;A;48.91;A;994.38;A;448;A;12;A;11;A;3;A;10;A;0.82;A;0.35;A;0.07;A
11.10.2025 15:45;20.21;A;49.04;A;994.48;A;447;A;11;A;11;A;2;A;9;A;0.82;A;0.38;A;0.1;A
11.10.2025 16:00;20.15;A;48.84;A;994.49;A;431;A;12;A;11;A;3;A;9;A;1.01;A;0.42;A;0.1;A
11.10.2025 16:15;20.1;A;48.75;A;994.64;A;426;A;12;A;10;A;3;A;9;A;0.87;A;0.4;A;0.12;A
11.10.2025 16:30;20.03;A;48.74;A;994.69;A;396;A;12;A;11;A;3;A;9;A;0.83;A;0.39;A;0.09;A
11.10.2025 16:45;19.98;A;48.83;A;994.76;A;405;A;12;A;10;A;2;A;10;A;0.83;A;0.36;A;0.08;A
11.10.2025 17:00;19.92;A;48.9;A;994.73;A;412;A;12;A;10;A;2;A;10;A;0.78;A;0.34;A;0.09;A
11.10.2025 17:15;19.88;A;48.85;A;994.75;A;375;A;12;A;10;A;2;A;9;A;0.8;A;0.36;A;0.05;A
11.10.2025 17:30;19.8;A;48.73;A;994.94;A;363;A;11;A;9;A;2;A;9;A;0.9;A;0.46;A;0.13;A
11.10.2025 17:45;19.69;A;48.74;A;995.1;A;357;A;12;A;9;A;2;A;10;A;1.11;A;0.53;A;0.19;A
11.10.2025 18:00;19.6;A;48.71;A;995.15;A;343;A;11;A;10;A;2;A;9;A;0.85;A;0.41;A;0.13;A
11.10.2025 18:15;19.52;A;48.68;A;995.21;A;341;A;12;A;9;A;3;A;9;A;1.08;A;0.46;A;0.14;A
11.10.2025 18:30;19.45;A;48.6;A;995.1;A;513;A;13;A;10;A;3;A;10;A;0.82;A;0.38;A;0.13;A
11.10.2025 18:45;19.39;A;48.65;A;995.14;A;673;A;13;A;11;A;3;A;10;A;1.1;A;0.63;A;0.3;A
11.10.2025 19:00;19.34;A;48.56;A;995.23;A;512;A;12;A;10;A;3;A;9;A;0.98;A;0.51;A;0.2;A
11.10.2025 19:15;19.28;A;48.57;A;995.15;A;482;A;12;A;9;A;3;A;9;A;1.05;A;0.48;A;0.16;A
11.10.2025 19:30;19.28;A;49.26;A;995.04;A;491;A;12;A;9;A;3;A;10;A;0.83;A;0.36;A;0.11;A
11.10.2025 19:45;19.3;A;49.52;A;994.92;A;497;A;12;A;9;A;3;A;9;A;0.82;A;0.36;A;0.1;A
11.10.2025 20:00;19.3;A;49.6;A;994.94;A;489;A;11;A;9;A;3;A;9;A;0.82;A;0.37;A;0.1;A
11.10.2025 20:15;19.31;A;49.63;A;994.85;A;487;A;12;A;9;A;3;A;9;A;0.79;A;0.35;A;0.09;A
11.10.2025 20:30;19.34;A;49.6;A;994.94;A;485;A;12;A;9;A;3;A;9;A;0.82;A;0.38;A;0.1;A
11.10.2025 20:45;19.36;A;49.51;A;994.84;A;487;A;12;A;9;A;3;A;9;A;0.79;A;0.35;A;0.07;A
11.10.2025 21:00;19.36;A;49.46;A;994.69;A;492;A;12;A;10;A;3;A;9;A;0.83;A;0.36;A;0.08;A
11.10.2025 21:15;19.37;A;49.38;A;994.67;A;489;A;12;A;10;A;3;A;9;A;0.84;A;0.37;A;0.09;A
11.10.2025 21:30;19.39;A;49.33;A;994.7;A;487;A;12;A;9;A;3;A;9;A;0.95;A;0.39;A;0.09;A
11.10.2025 21:45;19.42;A;49.18;A;994.6;A;483;A;12;A;9;A;3;A;9;A;0.85;A;0.41;A;0.08;A
11.10.2025 22:00;19.42;A;49.07;A;994.64;A;480;A;12;A;10;A;3;A;9;A;0.83;A;0.39;A;0.09;A
11.10.2025 22:15;19.42;A;48.92;A;994.62;A;478;A;11;A;9;A;3;A;9;A;0.94;A;0.42;A;0.09;A
11.10.2025 22:30;19.43;A;48.88;A;994.61;A;468;A;12;A;10;A;2;A;9;A;0.81;A;0.37;A;0.1;A
11.10.2025 22:45;19.46;A;48.73;A;994.74;A;463;A;11;A;10;A;2;A;9;A;0.82;A;0.35;A;0.09;A
11.10.2025 23:00;19.47;A;48.62;A;994.6;A;459;A;11;A;10;A;2;A;9;A;0.84;A;0.37;A;0.1;A
11.10.2025 23:15;19.47;A;48.5;A;994.73;A;453;A;12;A;10;A;2;A;10;A;0.84;A;0.39;A;0.09;A
11.10.2025 23:30;19.48;A;48.45;A;994.76;A;451;A;12;A;10;A;2;A;9;A;0.79;A;0.35;A;0.1;A
11.10.2025 23:45;19.5;A;48.34;A;994.75;A;449;A;12;A;9;A;2;A;9;A;0.92;A;0.36;A;0.1;A
12.10.2025 00:00;19.51;A;48.22;A;994.7;A;444;A;12;A;9;A;3;A;9;A;1.01;A;0.43;A;0.08;A
12.10.2025 00:15;19.51;A;48.16;A;994.7;A;440;A;12;A;9;A;2;A;9;A;0.8;A;0.36;A;0.1;A
12.10.2025 00:30;19.51;A;48.12;A;994.74;A;437;A;12;A;10;A;3;A;9;A;0.8;A;0.36;A;0.08;A
12.10.2025 00:45;19.53;A;48.06;A;994.68;A;434;A;11;A;9;A;2;A;9;A;0.79;A;0.35;A;0.09;A
12.10.2025 01:00;19.53;A;48.06;A;994.67;A;429;A;11;A;10;A;2;A;9;A;0.8;A;0.36;A;0.08;A
12.10.2025 01:15;19.54;A;48.06;A;994.61;A;427;A;12;A;10;A;2;A;9;A;0.8;A;0.36;A;0.08;A
12.10.2025 01:30;19.55;A;48.12;A;994.62;A;425;A;12;A;10;A;3;A;9;A;0.84;A;0.4;A;0.1;A
12.10.2025 01:45;19.57;A;48.18;A;994.69;A;424;A;12;A;10;A;2;A;10;A;0.82;A;0.38;A;0.1;A
12.10.2025 02:00;19.6;A;48.18;A;994.67;A;423;A;11;A;10;A;2;A;9;A;0.81;A;0.37;A;0.09;A
12.10.2025 02:15;19.6;A;48.25;A;994.58;A;420;A;12;A;10;A;3;A;9;A;0.84;A;0.4;A;0.07;A
12.10.2025 02:30;19.61;A;48.34;A;994.62;A;419;A;12;A;9;A;2;A;9;A;0.83;A;0.39;A;0.09;A
12.10.2025 02:45;19.63;A;48.39;A;994.49;A;420;A;11;A;9;A;3;A;9;A;0.79;A;0.35;A;0.09;A
12.10.2025 03:00;19.65;A;48.46;A;994.41;A;419;A;11;A;11;A;3;A;9;A;0.81;A;0.37;A;0.09;A
12.10.2025 03:15;19.68;A;48.53;A;994.42;A;420;A;12;A;9;A;2;A;9;A;0.77;A;0.33;A;0.07;A
12.10.2025 03:30;19.68;A;48.64;A;994.37;A;419;A;11;A;9;A;2;A;9;A;0.78;A;0.34;A;0.08;A
12.10.2025 03:45;19.7;A;48.77;A;994.49;A;417;A;11;A;10;A;2;A;9;A;0.96;A;0.38;A;0.07;A
12.10.2025 04:00;19.73;A;48.84;A;994.47;A;415;A;11;A;10;A;2;A;9;A;0.77;A;0.33;A;0.07;A
12.10.2025 04:15;19.74;A;48.95;A;994.62;A;413;A;11;A;10;A;2;A;9;A;0.82;A;0.38;A;0.08;A
12.10.2025 04:30;19.75;A;49.02;A;994.7;A;412;A;11;A;10;A;3;A;8;A;0.84;A;0.34;A;0.06;A
12.10.2025 04:45;19.76;A;49.13;A;994.82;A;409;A;11;A;10;A;2;A;9;A;0.81;A;0.37;A;0.07;A
12.10.2025 05:00;19.78;A;49.14;A;994.78;A;405;A;11;A;11;A;2;A;9;A;0.79;A;0.35;A;0.07;A
12.10.2025 05:15;19.79;A;49.16;A;994.88;A;404;A;12;A;10;A;2;A;9;A;0.93;A;0.37;A;0.09;A
12.10.2025 05:30;19.8;A;49.25;A;994.85;A;403;A;11;A;10;A;3;A;9;A;0.8;A;0.36;A;0.06;A
12.10.2025 05:45;19.81;A;49.33;A;994.95;A;404;A;11;A;11;A;2;A;9;A;0.84;A;0.35;A;0.07;A
12.10.2025 06:00;19.84;A;49.33;A;994.82;A;403;A;11;A;10;A;2;A;8;A;0.82;A;0.32;A;0.07;A
12.10.2025 06:15;19.86;A;49.31;A;994.73;A;405;A;11;A;10;A;2;A;9;A;0.78;A;0.34;A;0.06;A
12.10.2025 06:30;19.86;A;49.36;A;994.77;A;407;A;11;A;10;A;2;A;9;A;0.78;A;0.34;A;0.06;A
12.10.2025 06:45;19.88;A;49.4;A;994.85;A;412;A;11;A;10;A;2;A;9;A;0.84;A;0.4;A;0.07;A
12.10.2025 07:00;19.91;A;49.4;A;994.82;A;411;A;11;A;10;A;2;A;9;A;0.78;A;0.34;A;0.08;A
12.10.2025 07:15;19.93;A;49.36;A;994.91;A;412;A;11;A;10;A;2;A;9;A;0.91;A;0.32;A;0.07;A
12.10.2025 07:30;19.94;A;49.39;A;994.94;A;415;A;11;A;11;A;2;A;9;A;0.76;A;0.32;A;0.06;A
12.10.2025 07:45;19.92;A;49.05;A;995.02;A;413;A;11;A;11;A;2;A;9;A;0.81;A;0.37;A;0.09;A
12.10.2025 08:00;19.86;A;48.19;A;995.15;A;391;A;11;A;10;A;2;A;9;A;0.87;A;0.42;A;0.15;A
12.10.2025 08:15;19.78;A;48.05;A;995.29;A;387;A;12;A;10;A;2;A;9;A;1.13;A;0.54;A;0.2;A
12.10.2025 08:30;19.68;A;48.06;A;995.27;A;363;A;12;A;10;A;3;A;9;A;1.38;A;0.73;A;0.36;A
12.10.2025 08:45;19.58;A;47.84;A;995.37;A;338;A;12;A;9;A;2;A;9;A;0.85;A;0.41;A;0.13;A
12.10.2025 09:00;19.51;A;47.96;A;995.4;A;344;A;12;A;10;A;2;A;10;A;1.28;A;0.66;A;0.3;A
12.10.2025 09:15;19.43;A;47.95;A;995.4;A;313;A;12;A;9;A;2;A;10;A;0.87;A;0.4;A;0.13;A
12.10.2025 09:30;19.39;A;48.87;A;995.55;A;314;A;12;A;9;A;3;A;10;A;0.81;A;0.34;A;0.08;A
12.10.2025 09:45;19.4;A;49.34;A;995.62;A;320;A;11;A;9;A;2;A;9;A;0.83;A;0.39;A;0.06;A
12.10.2025 10:00;19.37;A;48.92;A;995.53;A;313;A;11;A;8;A;2;A;9;A;0.78;A;0.34;A;0.05;A
12.10.2025 10:15;19.36;A;48.66;A;995.45;A;306;A;11;A;9;A;2;A;9;A;0.78;A;0.34;A;0.08;A
12.10.2025 10:30;19.32;A;48.31;A;995.5;A;299;A;12;A;9;A;2;A;10;A;0.88;A;0.39;A;0.11;A
12.10.2025 10:45;19.28;A;48.28;A;995.51;A;283;A;12;A;9;A;2;A;9;A;0.81;A;0.37;A;0.09;A
12.10.2025 11:00;19.24;A;47.92;A;995.57;A;280;A;11;A;8;A;2;A;9;A;0.85;A;0.38;A;0.08;A
12.10.2025 11:15;19.24;A;48.15;A;995.5;A;274;A;12;A;8;A;2;A;9;A;0.78;A;0.34;A;0.06;A
12.10.2025 11:30;19.26;A;48.03;A;995.59;A;257;A;12;A;8;A;2;A;10;A;0.75;A;0.31;A;0.05;A
12.10.2025 11:45;19.27;A;47.79;A;995.5;A;262;A;12;A;8;A;3;A;10;A;0.77;A;0.33;A;0.05;A
12.10.2025 12:00;19.29;A;47.68;A;995.49;A;252;A;12;A;8;A;3;A;9;A;0.78;A;0.31;A;0.05;A
12.10.2025 12:15;19.32;A;46.97;A;995.51;A;244;A;12;A;8;A;2;A;9;A;0.83;A;0.38;A;0.06;A
12.10.2025 12:30;19.3;A;46.17;A;995.25;A;228;A;12;A;8;A;2;A;9;A;0.79;A;0.35;A;0.07;A
12.10.2025 12:45;19.28;A;45.57;A;995.12;A;217;A;12;A;7;A;2;A;9;A;0.81;A;0.34;A;0.06;A
12.10.2025 13:00;19.27;A;45.13;A;994.97;A;210;A;12;A;7;A;3;A;10;A;0.79;A;0.35;A;0.09;A
12.10.2025 13:15;19.28;A;44.88;A;994.84;A;205;A;12;A;8;A;2;A;10;A;0.77;A;0.33;A;0.07;A
12.10.2025 13:30;19.31;A;44.45;A;994.49;A;201;A;12;A;8;A;2;A;9;A;0.8;A;0.36;A;0.06;A
12.10.2025 13:45;19.32;A;44.11;A;994.37;A;209;A;12;A;7;A;2;A;10;A;0.78;A;0.34;A;0.08;A
12.10.2025 14:00;19.33;A;43.91;A;994.12;A;217;A;13;A;8;A;3;A;10;A;0.76;A;0.32;A;0.06;A
12.10.2025 14:15;19.37;A;43.72;A;993.91;A;222;A;12;A;7;A;2;A;10;A;0.77;A;0.33;A;0.07;A
12.10.2025 14:30;19.42;A;43.39;A;993.56;A;198;A;12;A;8;A;2;A;10;A;0.88;A;0.32;A;0.06;A
12.10.2025 14:45;19.45;A;43.02;A;993.26;A;205;A;12;A;8;A;2;A;10;A;0.83;A;0.39;A;0.09;A
12.10.2025 15:00;19.47;A;42.73;A;993.06;A;195;A;12;A;7;A;2;A;10;A;1.04;A;0.33;A;0.05;A
12.10.2025 15:15;19.49;A;42.52;A;992.9;A;206;A;12;A;8;A;2;A;10;A;1.03;A;0.35;A;0.07;A
12.10.2025 15:30;19.53;A;42.29;A;992.76;A;200;A;12;A;7;A;2;A;10;A;0.87;A;0.43;A;0.08;A
12.10.2025 15:45;19.55;A;42.11;A;992.61;A;193;A;12;A;7;A;3;A;10;A;0.8;A;0.36;A;0.06;A
12.10.2025 16:00;19.55;A;42.05;A;992.37;A;186;A;12;A;7;A;2;A;10;A;0.89;A;0.39;A;0.09;A
12.10.2025 16:15;19.56;A;42.01;A;992.25;A;193;A;13;A;7;A;3;A;10;A;0.87;A;0.31;A;0.06;A
12.10.2025 16:30;19.58;A;41.94;A;992.11;A;181;A;13;A;7;A;3;A;10;A;0.88;A;0.38;A;0.05;A
12.10.2025 16:45;19.6;A;41.93;A;992.06;A;187;A;12;A;7;A;2;A;10;A;0.89;A;0.33;A;0.07;A
12.10.2025 17:00;19.61;A;41.96;A;991.89;A;210;A;13;A;7;A;3;A;10;A;1.02;A;0.34;A;0.06;A
12.10.2025 17:15;19.62;A;42;A;991.87;A;211;A;12;A;7;A;3;A;10;A;1.1;A;0.4;A;0.09;A
12.10.2025 17:30;19.65;A;41.95;A;991.78;A;208;A;12;A;6;A;2;A;10;A;1.16;A;0.45;A;0.11;A
12.10.2025 17:45;19.67;A;42.05;A;991.51;A;207;A;12;A;7;A;3;A;10;A;0.79;A;0.35;A;0.07;A
12.10.2025 18:00;19.7;A;42.12;A;991.31;A;216;A;12;A;7;A;2;A;10;A;1;A;0.34;A;0.09;A
12.10.2025 18:15;19.7;A;42.26;A;991.12;A;236;A;12;A;7;A;3;A;10;A;0.8;A;0.36;A;0.08;A
12.10.2025 18:30;19.73;A;42.37;A;990.89;A;226;A;12;A;7;A;2;A;10;A;0.82;A;0.38;A;0.08;A
12.10.2025 18:45;19.76;A;42.35;A;990.72;A;224;A;12;A;7;A;2;A;10;A;0.8;A;0.36;A;0.08;A
12.10.2025 19:00;19.76;A;42.41;A;990.8;A;228;A;12;A;7;A;3;A;9;A;0.78;A;0.33;A;0.08;A
12.10.2025 19:15;19.76;A;42.48;A;990.29;A;215;A;12;A;7;A;3;A;10;A;0.83;A;0.38;A;0.08;A
12.10.2025 19:30;19.77;A;42.67;A;990.3;A;613;A;16;A;6;A;17;A;9;A;0.81;A;0.37;A;0.09;A
12.10.2025 19:45;19.8;A;42.8;A;990.19;A;213;A;12;A;7;A;3;A;9;A;0.85;A;0.38;A;0.08;A
12.10.2025 20:00;19.81;A;42.97;A;990.12;A;209;A;12;A;7;A;2;A;10;A;0.79;A;0.35;A;0.07;A
12.10.2025 20:15;19.81;A;43.24;A;990.12;A;206;A;12;A;6;A;2;A;10;A;0.81;A;0.34;A;0.06;A
12.10.2025 20:30;;N;;N;;N;;N;;N;;N;;N;;N;;N;;N;;N
12.10.2025 20:45;;N;;N;;N;;N;;N;;N;;N;;N;;N;;N;;N
12.10.2025 21:00;;N;;N;;N;;N;;N;;N;;N;;N;;N;;N;;N
12.10.2025 21:15;;N;;N;;N;;N;;N;;N;;N;;N;;N;;N;;N
12.10.2025 21:30;;N;;N;;N;;N;;N;;N;;N;;N;;N;;N;;N
12.10.2025 21:45;;N;;N;;N;;N;;N;;N;;N;;N;;N;;N;;N
12.10.2025 22:00;;N;;N;;N;;N;;N;;N;;N;;N;;N;;N;;N
12.10.2025 22:15;;N;;N;;N;;N;;N;;N;;N;;N;;N;;N;;N
12.10.2025 22:30;;N;;N;;N;;N;;N;;N;;N;;N;;N;;N;;N
12.10.2025 22:45;;N;;N;;N;;N;;N;;N;;N;;N;;N;;N;;N
12.10.2025 23:00;;N;;N;;N;;N;;N;;N;;N;;N;;N;;N;;N
12.10.2025 23:15;;N;;N;;N;;N;;N;;N;;N;;N;;N;;N;;N
12.10.2025 23:30;;N;;N;;N;;N;;N;;N;;N;;N;;N;;N;;N
12.10.2025 23:45;;N;;N;;N;;N;;N;;N;;N;;N;;N;;N;;N
13.10.2025 00:00;;N;;N;;N;;N;;N;;N;;N;;N;;N;;N;;N
13.10.2025 00:15;;N;;N;;N;;N;;N;;N;;N;;N;;N;;N;;N
13.10.2025 00:30;;N;;N;;N;;N;;N;;N;;N;;N;;N;;N;;N
13.10.2025 00:45;;N;;N;;N;;N;;N;;N;;N;;N;;N;;N;;N
13.10.2025 01:00;;N;;N;;N;;N;;N;;N;;N;;N;;N;;N;;N
13.10.2025 01:15;;N;;N;;N;;N;;N;;N;;N;;N;;N;;N;;N
13.10.2025 01:30;;N;;N;;N;;N;;N;;N;;N;;N;;N;;N;;N
13.10.2025 01:45;;N;;N;;N;;N;;N;;N;;N;;N;;N;;N;;N
13.10.2025 02:00;;N;;N;;N;;N;;N;;N;;N;;N;;N;;N;;N
13.10.2025 02:15;;N;;N;;N;;N;;N;;N;;N;;N;;N;;N;;N
13.10.2025 02:30;;N;;N;;N;;N;;N;;N;;N;;N;;N;;N;;N
13.10.2025 02:45;;N;;N;;N;;N;;N;;N;;N;;N;;N;;N;;N
13.10.2025 03:00;;N;;N;;N;;N;;N;;N;;N;;N;;N;;N;;N
13.10.2025 03:15;;N;;N;;N;;N;;N;;N;;N;;N;;N;;N;;N
13.10.2025 03:30;;N;;N;;N;;N;;N;;N;;N;;N;;N;;N;;N
13.10.2025 03:45;;N;;N;;N;;N;;N;;N;;N;;N;;N;;N;;N
13.10.2025 04:00;;N;;N;;N;;N;;N;;N;;N;;N;;N;;N;;N
13.10.2025 04:15;;N;;N;;N;;N;;N;;N;;N;;N;;N;;N;;N
13.10.2025 04:30;;N;;N;;N;;N;;N;;N;;N;;N;;N;;N;;N
13.10.2025 04:45;;N;;N;;N;;N;;N;;N;;N;;N;;N;;N;;N
13.10.2025 05:00;;N;;N;;N;;N;;N;;N;;N;;N;;N;;N;;N
13.10.2025 05:15;;N;;N;;N;;N;;N;;N;;N;;N;;N;;N;;N
13.10.2025 05:30;;N;;N;;N;;N;;N;;N;;N;;N;;N;;N;;N
13.10.2025 05:45;;N;;N;;N;;N;;N;;N;;N;;N;;N;;N;;N
13.10.2025 06:00;;N;;N;;N;;N;;N;;N;;N;;N;;N;;N;;N
13.10.2025 06:15;;N;;N;;N;;N;;N;;N;;N;;N;;N;;N;;N
13.10.2025 06:30;;N;;N;;N;;N;;N;;N;;N;;N;;N;;N;;N
13.10.2025 06:45;;N;;N;;N;;N;;N;;N;;N;;N;;N;;N;;N
13.10.2025 07:00;;N;;N;;N;;N;;N;;N;;N;;N;;N;;N;;N
13.10.2025 07:15;;N;;N;;N;;N;;N;;N;;N;;N;;N;;N;;N
13.10.2025 07:30;;N;;N;;N;;N;;N;;N;;N;;N;;N;;N;;N
13.10.2025 07:45;;N;;N;;N;;N;;N;;N;;N;;N;;N;;N;;N
13.10.2025 08:00;;N;;N;;N;;N;;N;;N;;N;;N;;N;;N;;N
13.10.2025 08:15;;N;;N;;N;;N;;N;;N;;N;;N;;N;;N;;N
13.10.2025 08:30;;N;;N;;N;;N;;N;;N;;N;;N;;N;;N;;N
13.10.2025 08:45;;N;;N;;N;;N;;N;;N;;N;;N;;N;;N;;N
13.10.2025 09:00;;N;;N;;N;;N;;N;;N;;N;;N;;N;;N;;N
13.10.2025 09:15;;N;;N;;N;;N;;N;;N;;N;;N;;N;;N;;N
13.10.2025 09:30;;N;;N;;N;;N;;N;;N;;N;;N;;N;;N;;N
13.10.2025 09:45;;N;;N;;N;;N;;N;;N;;N;;N;;N;;N;;N
13.10.2025 10:00;;N;;N;;N;;N;;N;;N;;N;;N;;N;;N;;N
13.10.2025 10:15;;N;;N;;N;;N;;N;;N;;N;;N;;N;;N;;N
13.10.2025 10:30;;N;;N;;N;;N;;N;;N;;N;;N;;N;;N;;N
13.10.2025 10:45;;N;;N;;N;;N;;N;;N;;N;;N;;N;;N;;N
13.10.2025 11:00;;N;;N;;N;;N;;N;;N;;N;;N;;N;;N;;N
13.10.2025 11:15;;N;;N;;N;;N;;N;;N;;N;;N;;N;;N;;N
13.10.2025 11:30;;N;;N;;N;;N;;N;;N;;N;;N;;N;;N;;N
13.10.2025 11:45;;N;;N;;N;;N;;N;;N;;N;;N;;N;;N;;N
13.10.2025 12:00;;N;;N;;N;;N;;N;;N;;N;;N;;N;;N;;N
13.10.2025 12:15;;N;;N;;N;;N;;N;;N;;N;;N;;N;;N;;N
13.10.2025 12:30;;N;;N;;N;;N;;N;;N;;N;;N;;N;;N;;N
13.10.2025 12:45;;N;;N;;N;;N;;N;;N;;N;;N;;N;;N;;N
13.10.2025 13:00;;N;;N;;N;;N;;N;;N;;N;;N;;N;;N;;N
13.10.2025 13:15;;N;;N;;N;;N;;N;;N;;N;;N;;N;;N;;N
13.10.2025 13:30;;N;;N;;N;;N;;N;;N;;N;;N;;N;;N;;N
13.10.2025 13:45;;N;;N;;N;;N;;N;;N;;N;;N;;N;;N;;N
13.10.2025 14:00;;N;;N;;N;;N;;N;;N;;N;;N;;N;;N;;N
13.10.2025 14:15;;N;;N;;N;;N;;N;;N;;N;;N;;N;;N;;N
13.10.2025 14:30;;N;;N;;N;;N;;N;;N;;N;;N;;N;;N;;N
13.10.2025 14:45;;N;;N;;N;;N;;N;;N;;N;;N;;N;;N;;N
13.10.2025 15:00;;N;;N;;N;;N;;N;;N;;N;;N;;N;;N;;N
13.10.2025 15:15;;N;;N;;N;;N;;N;;N;;N;;N;;N;;N;;N
13.10.2025 15:30;;N;;N;;N;;N;;N;;N;;N;;N;;N;;N;;N
13.10.2025 15:45;;N;;N;;N;;N;;N;;N;;N;;N;;N;;N;;N
13.10.2025 16:00;;N;;N;;N;;N;;N;;N;;N;;N;;N;;N;;N
13.10.2025 16:15;;N;;N;;N;;N;;N;;N;;N;;N;;N;;N;;N
13.10.2025 16:30;;N;;N;;N;;N;;N;;N;;N;;N;;N;;N;;N
13.10.2025 16:45;;N;;N;;N;;N;;N;;N;;N;;N;;N;;N;;N
13.10.2025 17:00;;N;;N;;N;;N;;N;;N;;N;;N;;N;;N;;N
13.10.2025 17:15;;N;;N;;N;;N;;N;;N;;N;;N;;N;;N;;N
13.10.2025 17:30;;N;;N;;N;;N;;N;;N;;N;;N;;N;;N;;N
13.10.2025 17:45;;N;;N;;N;;N;;N;;N;;N;;N;;N;;N;;N
13.10.2025 18:00;;N;;N;;N;;N;;N;;N;;N;;N;;N;;N;;N
13.10.2025 18:15;;N;;N;;N;;N;;N;;N;;N;;N;;N;;N;;N
13.10.2025 18:30;;N;;N;;N;;N;;N;;N;;N;;N;;N;;N;;N
13.10.2025 18:45;;N;;N;;N;;N;;N;;N;;N;;N;;N;;N;;N
13.10.2025 19:00;;N;;N;;N;;N;;N;;N;;N;;N;;N;;N;;N
13.10.2025 19:15;;N;;N;;N;;N;;N;;N;;N;;N;;N;;N;;N
13.10.2025 19:30;;N;;N;;N;;N;;N;;N;;N;;N;;N;;N;;N
13.10.2025 19:45;;N;;N;;N;;N;;N;;N;;N;;N;;N;;N;;N
13.10.2025 20:00;;N;;N;;N;;N;;N;;N;;N;;N;;N;;N;;N
13.10.2025 20:15;;N;;N;;N;;N;;N;;N;;N;;N;;N;;N;;N
13.10.2025 20:30;;N;;N;;N;;N;;N;;N;;N;;N;;N;;N;;N
13.10.2025 20:45;;N;;N;;N;;N;;N;;N;;N;;N;;N;;N;;N
13.10.2025 21:00;;N;;N;;N;;N;;N;;N;;N;;N;;N;;N;;N
13.10.2025 21:15;;N;;N;;N;;N;;N;;N;;N;;N;;N;;N;;N
13.10.2025 21:30;;N;;N;;N;;N;;N;;N;;N;;N;;N;;N;;N
13.10.2025 21:45;;N;;N;;N;;N;;N;;N;;N;;N;;N;;N;;N
13.10.2025 22:00;;N;;N;;N;;N;;N;;N;;N;;N;;N;;N;;N
13.10.2025 22:15;;N;;N;;N;;N;;N;;N;;N;;N;;N;;N;;N
13.10.2025 22:30;;N;;N;;N;;N;;N;;N;;N;;N;;N;;N;;N
13.10.2025 22:45;;N;;N;;N;;N;;N;;N;;N;;N;;N;;N;;N
13.10.2025 23:00;;N;;N;;N;;N;;N;;N;;N;;N;;N;;N;;N
13.10.2025 23:15;;N;;N;;N;;N;;N;;N;;N;;N;;N;;N;;N
13.10.2025 23:30;;N;;N;;N;;N;;N;;N;;N;;N;;N;;N;;N
13.10.2025 23:45;;N;;N;;N;;N;;N;;N;;N;;N;;N;;N;;N
14.10.2025 00:00;;N;;N;;N;;N;;N;;N;;N;;N;;N;;N;;N
14.10.2025 00:15;;N;;N;;N;;N;;N;;N;;N;;N;;N;;N;;N
14.10.2025 00:30;;N;;N;;N;;N;;N;;N;;N;;N;;N;;N;;N
14.10.2025 00:45;;N;;N;;N;;N;;N;;N;;N;;N;;N;;N;;N
14.10.2025 01:00;;N;;N;;N;;N;;N;;N;;N;;N;;N;;N;;N
14.10.2025 01:15;;N;;N;;N;;N;;N;;N;;N;;N;;N;;N;;N
14.10.2025 01:30;;N;;N;;N;;N;;N;;N;;N;;N;;N;;N;;N
14.10.2025 01:45;;N;;N;;N;;N;;N;;N;;N;;N;;N;;N;;N
14.10.2025 02:00;;N;;N;;N;;N;;N;;N;;N;;N;;N;;N;;N
14.10.2025 02:15;;N;;N;;N;;N;;N;;N;;N;;N;;N;;N;;N
14.10.2025 02:30;;N;;N;;N;;N;;N;;N;;N;;N;;N;;N;;N
14.10.2025 02:45;;N;;N;;N;;N;;N;;N;;N;;N;;N;;N;;N
14.10.2025 03:00;;N;;N;;N;;N;;N;;N;;N;;N;;N;;N;;N
14.10.2025 03:15;;N;;N;;N;;N;;N;;N;;N;;N;;N;;N;;N
14.10.2025 03:30;;N;;N;;N;;N;;N;;N;;N;;N;;N;;N;;N
14.10.2025 03:45;;N;;N;;N;;N;;N;;N;;N;;N;;N;;N;;N
14.10.2025 04:00;;N;;N;;N;;N;;N;;N;;N;;N;;N;;N;;N
14.10.2025 04:15;;N;;N;;N;;N;;N;;N;;N;;N;;N;;N;;N
14.10.2025 04:30;;N;;N;;N;;N;;N;;N;;N;;N;;N;;N;;N
14.10.2025 04:45;;N;;N;;N;;N;;N;;N;;N;;N;;N;;N;;N
14.10.2025 05:00;;N;;N;;N;;N;;N;;N;;N;;N;;N;;N;;N
14.10.2025 05:15;;N;;N;;N;;N;;N;;N;;N;;N;;N;;N;;N
14.10.2025 05:30;;N;;N;;N;;N;;N;;N;;N;;N;;N;;N;;N
14.10.2025 05:45;;N;;N;;N;;N;;N;;N;;N;;N;;N;;N;;N
14.10.2025 06:00;;N;;N;;N;;N;;N;;N;;N;;N;;N;;N;;N
14.10.2025 06:15;;N;;N;;N;;N;;N;;N;;N;;N;;N;;N;;N
14.10.2025 06:30;;N;;N;;N;;N;;N;;N;;N;;N;;N;;N;;N
14.10.2025 06:45;;N;;N;;N;;N;;N;;N;;N;;N;;N;;N;;N
14.10.2025 07:00;;N;;N;;N;;N;;N;;N;;N;;N;;N;;N;;N
14.10.2025 07:15;;N;;N;;N;;N;;N;;N;;N;;N;;N;;N;;N
14.10.2025 07:30;;N;;N;;N;;N;;N;;N;;N;;N;;N;;N;;N
14.10.2025 07:45;;N;;N;;N;;N;;N;;N;;N;;N;;N;;N;;N
14.10.2025 08:00;;N;;N;;N;;N;;N;;N;;N;;N;;N;;N;;N
14.10.2025 08:15;;N;;N;;N;;N;;N;;N;;N;;N;;N;;N;;N
14.10.2025 08:30;;N;;N;;N;;N;;N;;N;;N;;N;;N;;N;;N
14.10.2025 08:45;;N;;N;;N;;N;;N;;N;;N;;N;;N;;N;;N
14.10.2025 09:00;;N;;N;;N;;N;;N;;N;;N;;N;;N;;N;;N
14.10.2025 09:15;;N;;N;;N;;N;;N;;N;;N;;N;;N;;N;;N
14.10.2025 09:30;;N;;N;;N;;N;;N;;N;;N;;N;;N;;N;;N
14.10.2025 09:45;;N;;N;;N;;N;;N;;N;;N;;N;;N;;N;;N
14.10.2025 10:00;;N;;N;;N;;N;;N;;N;;N;;N;;N;;N;;N
14.10.2025 10:15;;N;;N;;N;;N;;N;;N;;N;;N;;N;;N;;N
14.10.2025 10:30;;N;;N;;N;;N;;N;;N;;N;;N;;N;;N;;N
14.10.2025 10:45;;N;;N;;N;;N;;N;;N;;N;;N;;N;;N;;N
14.10.2025 11:00;;N;;N;;N;;N;;N;;N;;N;;N;;N;;N;;N
14.10.2025 11:15;;N;;N;;N;;N;;N;;N;;N;;N;;N;;N;;N
14.10.2025 11:30;;N;;N;;N;;N;;N;;N;;N;;N;;N;;N;;N
14.10.2025 11:45;;N;;N;;N;;N;;N;;N;;N;;N;;N;;N;;N
14.10.2025 12:00;;N;;N;;N;;N;;N;;N;;N;;N;;N;;N;;N
14.10.2025 12:15;;N;;N;;N;;N;;N;;N;;N;;N;;N;;N;;N
14.10.2025 12:30;;N;;N;;N;;N;;N;;N;;N;;N;;N;;N;;N
14.10.2025 12:45;;N;;N;;N;;N;;N;;N;;N;;N;;N;;N;;N
14.10.2025 13:00;;N;;N;;N;;N;;N;;N;;N;;N;;N;;N;;N
14.10.2025 13:15;;N;;N;;N;;N;;N;;N;;N;;N;;N;;N;;N
14.10.2025 13:30;;N;;N;;N;;N;;N;;N;;N;;N;;N;;N;;N
14.10.2025 13:45;;N;;N;;N;;N;;N;;N;;N;;N;;N;;N;;N
14.10.2025 14:00;;N;;N;;N;;N;;N;;N;;N;;N;;N;;N;;N
14.10.2025 14:15;;N;;N;;N;;N;;N;;N;;N;;N;;N;;N;;N
14.10.2025 14:30;;N;;N;;N;;N;;N;;N;;N;;N;;N;;N;;N
14.10.2025 14:45;;N;;N;;N;;N;;N;;N;;N;;N;;N;;N;;N
14.10.2025 15:00;;N;;N;;N;;N;;N;;N;;N;;N;;N;;N;;N
14.10.2025 15:15;;N;;N;;N;;N;;N;;N;;N;;N;;N;;N;;N
14.10.2025 15:30;;N;;N;;N;;N;;N;;N;;N;;N;;N;;N;;N
14.10.2025 15:45;;N;;N;;N;;N;;N;;N;;N;;N;;N;;N;;N
14.10.2025 16:00;;N;;N;;N;;N;;N;;N;;N;;N;;N;;N;;N
14.10.2025 16:15;;N;;N;;N;;N;;N;;N;;N;;N;;N;;N;;N
14.10.2025 16:30;;N;;N;;N;;N;;N;;N;;N;;N;;N;;N;;N
14.10.2025 16:45;;N;;N;;N;;N;;N;;N;;N;;N;;N;;N;;N
14.10.2025 17:00;;N;;N;;N;;N;;N;;N;;N;;N;;N;;N;;N
14.10.2025 17:15;;N;;N;;N;;N;;N;;N;;N;;N;;N;;N;;N
14.10.2025 17:30;;N;;N;;N;;N;;N;;N;;N;;N;;N;;N;;N
14.10.2025 17:45;;N;;N;;N;;N;;N;;N;;N;;N;;N;;N;;N
14.10.2025 18:00;;N;;N;;N;;N;;N;;N;;N;;N;;N;;N;;N
14.10.2025 18:15;;N;;N;;N;;N;;N;;N;;N;;N;;N;;N;;N
14.10.2025 18:30;;N;;N;;N;;N;;N;;N;;N;;N;;N;;N;;N
14.10.2025 18:45;;N;;N;;N;;N;;N;;N;;N;;N;;N;;N;;N
14.10.2025 19:00;;N;;N;;N;;N;;N;;N;;N;;N;;N;;N;;N
14.10.2025 19:15;;N;;N;;N;;N;;N;;N;;N;;N;;N;;N;;N
14.10.2025 19:30;;N;;N;;N;;N;;N;;N;;N;;N;;N;;N;;N
14.10.2025 19:45;;N;;N;;N;;N;;N;;N;;N;;N;;N;;N;;N
14.10.2025 20:00;;N;;N;;N;;N;;N;;N;;N;;N;;N;;N;;N
14.10.2025 20:15;;N;;N;;N;;N;;N;;N;;N;;N;;N;;N;;N
14.10.2025 20:30;;N;;N;;N;;N;;N;;N;;N;;N;;N;;N;;N
14.10.2025 20:45;;N;;N;;N;;N;;N;;N;;N;;N;;N;;N;;N
14.10.2025 21:00;;N;;N;;N;;N;;N;;N;;N;;N;;N;;N;;N
14.10.2025 21:15;;N;;N;;N;;N;;N;;N;;N;;N;;N;;N;;N
14.10.2025 21:30;;N;;N;;N;;N;;N;;N;;N;;N;;N;;N;;N
14.10.2025 21:45;;N;;N;;N;;N;;N;;N;;N;;N;;N;;N;;N
14.10.2025 22:00;;N;;N;;N;;N;;N;;N;;N;;N;;N;;N;;N
14.10.2025 22:15;;N;;N;;N;;N;;N;;N;;N;;N;;N;;N;;N
14.10.2025 22:30;;N;;N;;N;;N;;N;;N;;N;;N;;N;;N;;N
14.10.2025 22:45;;N;;N;;N;;N;;N;;N;;N;;N;;N;;N;;N
14.10.2025 23:00;;N;;N;;N;;N;;N;;N;;N;;N;;N;;N;;N
14.10.2025 23:15;;N;;N;;N;;N;;N;;N;;N;;N;;N;;N;;N
14.10.2025 23:30;;N;;N;;N;;N;;N;;N;;N;;N;;N;;N;;N
14.10.2025 23:45;;N;;N;;N;;N;;N;;N;;N;;N;;N;;N;;N
15.10.2025 00:00;;N;;N;;N;;N;;N;;N;;N;;N;;N;;N;;N
15.10.2025 00:15;;N;;N;;N;;N;;N;;N;;N;;N;;N;;N;;N
15.10.2025 00:30;;N;;N;;N;;N;;N;;N;;N;;N;;N;;N;;N
15.10.2025 00:45;;N;;N;;N;;N;;N;;N;;N;;N;;N;;N;;N
15.10.2025 01:00;;N;;N;;N;;N;;N;;N;;N;;N;;N;;N;;N
15.10.2025 01:15;;N;;N;;N;;N;;N;;N;;N;;N;;N;;N;;N
15.10.2025 01:30;;N;;N;;N;;N;;N;;N;;N;;N;;N;;N;;N
15.10.2025 01:45;;N;;N;;N;;N;;N;;N;;N;;N;;N;;N;;N
15.10.2025 02:00;;N;;N;;N;;N;;N;;N;;N;;N;;N;;N;;N
15.10.2025 02:15;;N;;N;;N;;N;;N;;N;;N;;N;;N;;N;;N
15.10.2025 02:30;;N;;N;;N;;N;;N;;N;;N;;N;;N;;N;;N
15.10.2025 02:45;;N;;N;;N;;N;;N;;N;;N;;N;;N;;N;;N
15.10.2025 03:00;;N;;N;;N;;N;;N;;N;;N;;N;;N;;N;;N
15.10.2025 03:15;;N;;N;;N;;N;;N;;N;;N;;N;;N;;N;;N
15.10.2025 03:30;;N;;N;;N;;N;;N;;N;;N;;N;;N;;N;;N
15.10.2025 03:45;;N;;N;;N;;N;;N;;N;;N;;N;;N;;N;;N
15.10.2025 04:00;;N;;N;;N;;N;;N;;N;;N;;N;;N;;N;;N
15.10.2025 04:15;;N;;N;;N;;N;;N;;N;;N;;N;;N;;N;;N
15.10.2025 04:30;;N;;N;;N;;N;;N;;N;;N;;N;;N;;N;;N
15.10.2025 04:45;;N;;N;;N;;N;;N;;N;;N;;N;;N;;N;;N
15.10.2025 05:00;;N;;N;;N;;N;;N;;N;;N;;N;;N;;N;;N
15.10.2025 05:15;;N;;N;;N;;N;;N;;N;;N;;N;;N;;N;;N
15.10.2025 05:30;;N;;N;;N;;N;;N;;N;;N;;N;;N;;N;;N
15.10.2025 05:45;;N;;N;;N;;N;;N;;N;;N;;N;;N;;N;;N
15.10.2025 06:00;;N;;N;;N;;N;;N;;N;;N;;N;;N;;N;;N
15.10.2025 06:15;;N;;N;;N;;N;;N;;N;;N;;N;;N;;N;;N
15.10.2025 06:30;;N;;N;;N;;N;;N;;N;;N;;N;;N;;N;;N
15.10.2025 06:45;;N;;N;;N;;N;;N;;N;;N;;N;;N;;N;;N
15.10.2025 07:00;;N;;N;;N;;N;;N;;N;;N;;N;;N;;N;;N
15.10.2025 07:15;;N;;N;;N;;N;;N;;N;;N;;N;;N;;N;;N
15.10.2025 07:30;;N;;N;;N;;N;;N;;N;;N;;N;;N;;N;;N
15.10.2025 07:45;;N;;N;;N;;N;;N;;N;;N;;N;;N;;N;;N
15.10.2025 08:00;;N;;N;;N;;N;;N;;N;;N;;N;;N;;N;;N
15.10.2025 08:15;;N;;N;;N;;N;;N;;N;;N;;N;;N;;N;;N
15.10.2025 08:30;;N;;N;;N;;N;;N;;N;;N;;N;;N;;N;;N
15.10.2025 08:45;;N;;N;;N;;N;;N;;N;;N;;N;;N;;N;;N
15.10.2025 09:00;;N;;N;;N;;N;;N;;N;;N;;N;;N;;N;;N
15.10.2025 09:15;;N;;N;;N;;N;;N;;N;;N;;N;;N;;N;;N
15.10.2025 09:30;;N;;N;;N;;N;;N;;N;;N;;N;;N;;N;;N
15.10.2025 09:45;;N;;N;;N;;N;;N;;N;;N;;N;;N;;N;;N
15.10.2025 10:00;;N;;N;;N;;N;;N;;N;;N;;N;;N;;N;;N
15.10.2025 10:15;;N;;N;;N;;N;;N;;N;;N;;N;;N;;N;;N
15.10.2025 10:30;;N;;N;;N;;N;;N;;N;;N;;N;;N;;N;;N
15.10.2025 10:45;;N;;N;;N;;N;;N;;N;;N;;N;;N;;N;;N
15.10.2025 11:00;;N;;N;;N;;N;;N;;N;;N;;N;;N;;N;;N
15.10.2025 11:15;;N;;N;;N;;N;;N;;N;;N;;N;;N;;N;;N
15.10.2025 11:30;;N;;N;;N;;N;;N;;N;;N;;N;;N;;N;;N
15.10.2025 11:45;;N;;N;;N;;N;;N;;N;;N;;N;;N;;N;;N
15.10.2025 12:00;;N;;N;;N;;N;;N;;N;;N;;N;;N;;N;;N
15.10.2025 12:15;;N;;N;;N;;N;;N;;N;;N;;N;;N;;N;;N
15.10.2025 12:30;;N;;N;;N;;N;;N;;N;;N;;N;;N;;N;;N
15.10.2025 12:45;;N;;N;;N;;N;;N;;N;;N;;N;;N;;N;;N
15.10.2025 13:00;;N;;N;;N;;N;;N;;N;;N;;N;;N;;N;;N
15.10.2025 13:15;;N;;N;;N;;N;;N;;N;;N;;N;;N;;N;;N
15.10.2025 13:30;;N;;N;;N;;N;;N;;N;;N;;N;;N;;N;;N
15.10.2025 13:45;;N;;N;;N;;N;;N;;N;;N;;N;;N;;N;;N
15.10.2025 14:00;;N;;N;;N;;N;;N;;N;;N;;N;;N;;N;;N
15.10.2025 14:15;;N;;N;;N;;N;;N;;N;;N;;N;;N;;N;;N
15.10.2025 14:30;;N;;N;;N;;N;;N;;N;;N;;N;;N;;N;;N
15.10.2025 14:45;;N;;N;;N;;N;;N;;N;;N;;N;;N;;N;;N
15.10.2025 15:00;;N;;N;;N;;N;;N;;N;;N;;N;;N;;N;;N
15.10.2025 15:15;;N;;N;;N;;N;;N;;N;;N;;N;;N;;N;;N
15.10.2025 15:30;;N;;N;;N;;N;;N;;N;;N;;N;;N;;N;;N
15.10.2025 15:45;;N;;N;;N;;N;;N;;N;;N;;N;;N;;N;;N
15.10.2025 16:00;;N;;N;;N;;N;;N;;N;;N;;N;;N;;N;;N
15.10.2025 16:15;;N;;N;;N;;N;;N;;N;;N;;N;;N;;N;;N
15.10.2025 16:30;;N;;N;;N;;N;;N;;N;;N;;N;;N;;N;;N
15.10.2025 16:45;;N;;N;;N;;N;;N;;N;;N;;N;;N;;N;;N
15.10.2025 17:00;;N;;N;;N;;N;;N;;N;;N;;N;;N;;N;;N
15.10.2025 17:15;;N;;N;;N;;N;;N;;N;;N;;N;;N;;N;;N
15.10.2025 17:30;;N;;N;;N;;N;;N;;N;;N;;N;;N;;N;;N
15.10.2025 17:45;;N;;N;;N;;N;;N;;N;;N;;N;;N;;N;;N
15.10.2025 18:00;;N;;N;;N;;N;;N;;N;;N;;N;;N;;N;;N
15.10.2025 18:15;;N;;N;;N;;N;;N;;N;;N;;N;;N;;N;;N
15.10.2025 18:30;;N;;N;;N;;N;;N;;N;;N;;N;;N;;N;;N
15.10.2025 18:45;;N;;N;;N;;N;;N;;N;;N;;N;;N;;N;;N
15.10.2025 19:00;;N;;N;;N;;N;;N;;N;;N;;N;;N;;N;;N
15.10.2025 19:15;;N;;N;;N;;N;;N;;N;;N;;N;;N;;N;;N
15.10.2025 19:30;;N;;N;;N;;N;;N;;N;;N;;N;;N;;N;;N
15.10.2025 19:45;;N;;N;;N;;N;;N;;N;;N;;N;;N;;N;;N
15.10.2025 20:00;;N;;N;;N;;N;;N;;N;;N;;N;;N;;N;;N
15.10.2025 20:15;;N;;N;;N;;N;;N;;N;;N;;N;;N;;N;;N
15.10.2025 20:30;;N;;N;;N;;N;;N;;N;;N;;N;;N;;N;;N
15.10.2025 20:45;;N;;N;;N;;N;;N;;N;;N;;N;;N;;N;;N
15.10.2025 21:00;;N;;N;;N;;N;;N;;N;;N;;N;;N;;N;;N
15.10.2025 21:15;;N;;N;;N;;N;;N;;N;;N;;N;;N;;N;;N
15.10.2025 21:30;;N;;N;;N;;N;;N;;N;;N;;N;;N;;N;;N
15.10.2025 21:45;;N;;N;;N;;N;;N;;N;;N;;N;;N;;N;;N
15.10.2025 22:00;;N;;N;;N;;N;;N;;N;;N;;N;;N;;N;;N
15.10.2025 22:15;;N;;N;;N;;N;;N;;N;;N;;N;;N;;N;;N
15.10.2025 22:30;;N;;N;;N;;N;;N;;N;;N;;N;;N;;N;;N
15.10.2025 22:45;;N;;N;;N;;N;;N;;N;;N;;N;;N;;N;;N
15.10.2025 23:00;;N;;N;;N;;N;;N;;N;;N;;N;;N;;N;;N
15.10.2025 23:15;;N;;N;;N;;N;;N;;N;;N;;N;;N;;N;;N
15.10.2025 23:30;;N;;N;;N;;N;;N;;N;;N;;N;;N;;N;;N
15.10.2025 23:45;;N;;N;;N;;N;;N;;N;;N;;N;;N;;N;;N
16.10.2025 00:00;;N;;N;;N;;N;;N;;N;;N;;N;;N;;N;;N
16.10.2025 00:15;;N;;N;;N;;N;;N;;N;;N;;N;;N;;N;;N
16.10.2025 00:30;;N;;N;;N;;N;;N;;N;;N;;N;;N;;N;;N
16.10.2025 00:45;;N;;N;;N;;N;;N;;N;;N;;N;;N;;N;;N
16.10.2025 01:00;;N;;N;;N;;N;;N;;N;;N;;N;;N;;N;;N
16.10.2025 01:15;;N;;N;;N;;N;;N;;N;;N;;N;;N;;N;;N
16.10.2025 01:30;;N;;N;;N;;N;;N;;N;;N;;N;;N;;N;;N
16.10.2025 01:45;;N;;N;;N;;N;;N;;N;;N;;N;;N;;N;;N
16.10.2025 02:00;;N;;N;;N;;N;;N;;N;;N;;N;;N;;N;;N
16.10.2025 02:15;;N;;N;;N;;N;;N;;N;;N;;N;;N;;N;;N
16.10.2025 02:30;;N;;N;;N;;N;;N;;N;;N;;N;;N;;N;;N
16.10.2025 02:45;;N;;N;;N;;N;;N;;N;;N;;N;;N;;N;;N
16.10.2025 03:00;;N;;N;;N;;N;;N;;N;;N;;N;;N;;N;;N
16.10.2025 03:15;;N;;N;;N;;N;;N;;N;;N;;N;;N;;N;;N
16.10.2025 03:30;;N;;N;;N;;N;;N;;N;;N;;N;;N;;N;;N
16.10.2025 03:45;;N;;N;;N;;N;;N;;N;;N;;N;;N;;N;;N
16.10.2025 04:00;;N;;N;;N;;N;;N;;N;;N;;N;;N;;N;;N
16.10.2025 04:15;;N;;N;;N;;N;;N;;N;;N;;N;;N;;N;;N
16.10.2025 04:30;;N;;N;;N;;N;;N;;N;;N;;N;;N;;N;;N
16.10.2025 04:45;;N;;N;;N;;N;;N;;N;;N;;N;;N;;N;;N
16.10.2025 05:00;;N;;N;;N;;N;;N;;N;;N;;N;;N;;N;;N
16.10.2025 05:15;;N;;N;;N;;N;;N;;N;;N;;N;;N;;N;;N
16.10.2025 05:30;;N;;N;;N;;N;;N;;N;;N;;N;;N;;N;;N
16.10.2025 05:45;;N;;N;;N;;N;;N;;N;;N;;N;;N;;N;;N
16.10.2025 06:00;;N;;N;;N;;N;;N;;N;;N;;N;;N;;N;;N
16.10.2025 06:15;;N;;N;;N;;N;;N;;N;;N;;N;;N;;N;;N
16.10.2025 06:30;;N;;N;;N;;N;;N;;N;;N;;N;;N;;N;;N
16.10.2025 06:45;;N;;N;;N;;N;;N;;N;;N;;N;;N;;N;;N
16.10.2025 07:00;;N;;N;;N;;N;;N;;N;;N;;N;;N;;N;;N
16.10.2025 07:15;;N;;N;;N;;N;;N;;N;;N;;N;;N;;N;;N
16.10.2025 07:30;;N;;N;;N;;N;;N;;N;;N;;N;;N;;N;;N
16.10.2025 07:45;;N;;N;;N;;N;;N;;N;;N;;N;;N;;N;;N
16.10.2025 08:00;;N;;N;;N;;N;;N;;N;;N;;N;;N;;N;;N
16.10.2025 08:15;;N;;N;;N;;N;;N;;N;;N;;N;;N;;N;;N
16.10.2025 08:30;;N;;N;;N;;N;;N;;N;;N;;N;;N;;N;;N
16.10.2025 08:45;;N;;N;;N;;N;;N;;N;;N;;N;;N;;N;;N
16.10.2025 09:00;;N;;N;;N;;N;;N;;N;;N;;N;;N;;N;;N
16.10.2025 09:15;;N;;N;;N;;N;;N;;N;;N;;N;;N;;N;;N
16.10.2025 09:30;;N;;N;;N;;N;;N;;N;;N;;N;;N;;N;;N
16.10.2025 09:45;;N;;N;;N;;N;;N;;N;;N;;N;;N;;N;;N
16.10.2025 10:00;;N;;N;;N;;N;;N;;N;;N;;N;;N;;N;;N
16.10.2025 10:15;;N;;N;;N;;N;;N;;N;;N;;N;;N;;N;;N
16.10.2025 10:30;;N;;N;;N;;N;;N;;N;;N;;N;;N;;N;;N
16.10.2025 10:45;;N;;N;;N;;N;;N;;N;;N;;N;;N;;N;;N
16.10.2025 11:00;;N;;N;;N;;N;;N;;N;;N;;N;;N;;N;;N
16.10.2025 11:15;;N;;N;;N;;N;;N;;N;;N;;N;;N;;N;;N
16.10.2025 11:30;;N;;N;;N;;N;;N;;N;;N;;N;;N;;N;;N
16.10.2025 11:45;;N;;N;;N;;N;;N;;N;;N;;N;;N;;N;;N
16.10.2025 12:00;;N;;N;;N;;N;;N;;N;;N;;N;;N;;N;;N
16.10.2025 12:15;;N;;N;;N;;N;;N;;N;;N;;N;;N;;N;;N
16.10.2025 12:30;;N;;N;;N;;N;;N;;N;;N;;N;;N;;N;;N
16.10.2025 12:45;;N;;N;;N;;N;;N;;N;;N;;N;;N;;N;;N
16.10.2025 13:00;;N;;N;;N;;N;;N;;N;;N;;N;;N;;N;;N
16.10.2025 13:15;;N;;N;;N;;N;;N;;N;;N;;N;;N;;N;;N
16.10.2025 13:30;;N;;N;;N;;N;;N;;N;;N;;N;;N;;N;;N
16.10.2025 13:45;;N;;N;;N;;N;;N;;N;;N;;N;;N;;N;;N
16.10.2025 14:00;;N;;N;;N;;N;;N;;N;;N;;N;;N;;N;;N
16.10.2025 14:15;;N;;N;;N;;N;;N;;N;;N;;N;;N;;N;;N
16.10.2025 14:30;;N;;N;;N;;N;;N;;N;;N;;N;;N;;N;;N
16.10.2025 14:45;;N;;N;;N;;N;;N;;N;;N;;N;;N;;N;;N
16.10.2025 15:00;;N;;N;;N;;N;;N;;N;;N;;N;;N;;N;;N
16.10.2025 15:15;;N;;N;;N;;N;;N;;N;;N;;N;;N;;N;;N
16.10.2025 15:30;;N;;N;;N;;N;;N;;N;;N;;N;;N;;N;;N
16.10.2025 15:45;;N;;N;;N;;N;;N;;N;;N;;N;;N;;N;;N
16.10.2025 16:00;;N;;N;;N;;N;;N;;N;;N;;N;;N;;N;;N
16.10.2025 16:15;;N;;N;;N;;N;;N;;N;;N;;N;;N;;N;;N
16.10.2025 16:30;;N;;N;;N;;N;;N;;N;;N;;N;;N;;N;;N
16.10.2025 16:45;;N;;N;;N;;N;;N;;N;;N;;N;;N;;N;;N
16.10.2025 17:00;;N;;N;;N;;N;;N;;N;;N;;N;;N;;N;;N
16.10.2025 17:15;;N;;N;;N;;N;;N;;N;;N;;N;;N;;N;;N
16.10.2025 17:30;;N;;N;;N;;N;;N;;N;;N;;N;;N;;N;;N
16.10.2025 17:45;;N;;N;;N;;N;;N;;N;;N;;N;;N;;N;;N
16.10.2025 18:00;;N;;N;;N;;N;;N;;N;;N;;N;;N;;N;;N
16.10.2025 18:15;;N;;N;;N;;N;;N;;N;;N;;N;;N;;N;;N
16.10.2025 18:30;;N;;N;;N;;N;;N;;N;;N;;N;;N;;N;;N
16.10.2025 18:45;;N;;N;;N;;N;;N;;N;;N;;N;;N;;N;;N
16.10.2025 19:00;;N;;N;;N;;N;;N;;N;;N;;N;;N;;N;;N
16.10.2025 19:15;;N;;N;;N;;N;;N;;N;;N;;N;;N;;N;;N
16.10.2025 19:30;;N;;N;;N;;N;;N;;N;;N;;N;;N;;N;;N
16.10.2025 19:45;;N;;N;;N;;N;;N;;N;;N;;N;;N;;N;;N
16.10.2025 20:00;;N;;N;;N;;N;;N;;N;;N;;N;;N;;N;;N
16.10.2025 20:15;;N;;N;;N;;N;;N;;N;;N;;N;;N;;N;;N
16.10.2025 20:30;;N;;N;;N;;N;;N;;N;;N;;N;;N;;N;;N
16.10.2025 20:45;;N;;N;;N;;N;;N;;N;;N;;N;;N;;N;;N
16.10.2025 21:00;;N;;N;;N;;N;;N;;N;;N;;N;;N;;N;;N
16.10.2025 21:15;;N;;N;;N;;N;;N;;N;;N;;N;;N;;N;;N
16.10.2025 21:30;;N;;N;;N;;N;;N;;N;;N;;N;;N;;N;;N
16.10.2025 21:45;;N;;N;;N;;N;;N;;N;;N;;N;;N;;N;;N
16.10.2025 22:00;;N;;N;;N;;N;;N;;N;;N;;N;;N;;N;;N
16.10.2025 22:15;;N;;N;;N;;N;;N;;N;;N;;N;;N;;N;;N
16.10.2025 22:30;;N;;N;;N;;N;;N;;N;;N;;N;;N;;N;;N
16.10.2025 22:45;;N;;N;;N;;N;;N;;N;;N;;N;;N;;N;;N
16.10.2025 23:00;;N;;N;;N;;N;;N;;N;;N;;N;;N;;N;;N
16.10.2025 23:15;;N;;N;;N;;N;;N;;N;;N;;N;;N;;N;;N
16.10.2025 23:30;;N;;N;;N;;N;;N;;N;;N;;N;;N;;N;;N
16.10.2025 23:45;;N;;N;;N;;N;;N;;N;;N;;N;;N;;N;;N
17.10.2025 00:00;;N;;N;;N;;N;;N;;N;;N;;N;;N;;N;;N
17.10.2025 00:15;;N;;N;;N;;N;;N;;N;;N;;N;;N;;N;;N
17.10.2025 00:30;;N;;N;;N;;N;;N;;N;;N;;N;;N;;N;;N
17.10.2025 00:45;;N;;N;;N;;N;;N;;N;;N;;N;;N;;N;;N
17.10.2025 01:00;;N;;N;;N;;N;;N;;N;;N;;N;;N;;N;;N
17.10.2025 01:15;;N;;N;;N;;N;;N;;N;;N;;N;;N;;N;;N
17.10.2025 01:30;;N;;N;;N;;N;;N;;N;;N;;N;;N;;N;;N
17.10.2025 01:45;;N;;N;;N;;N;;N;;N;;N;;N;;N;;N;;N
17.10.2025 02:00;;N;;N;;N;;N;;N;;N;;N;;N;;N;;N;;N
17.10.2025 02:15;;N;;N;;N;;N;;N;;N;;N;;N;;N;;N;;N
17.10.2025 02:30;;N;;N;;N;;N;;N;;N;;N;;N;;N;;N;;N
17.10.2025 02:45;;N;;N;;N;;N;;N;;N;;N;;N;;N;;N;;N
17.10.2025 03:00;;N;;N;;N;;N;;N;;N;;N;;N;;N;;N;;N
17.10.2025 03:15;;N;;N;;N;;N;;N;;N;;N;;N;;N;;N;;N
17.10.2025 03:30;;N;;N;;N;;N;;N;;N;;N;;N;;N;;N;;N
17.10.2025 03:45;;N;;N;;N;;N;;N;;N;;N;;N;;N;;N;;N
17.10.2025 04:00;;N;;N;;N;;N;;N;;N;;N;;N;;N;;N;;N
17.10.2025 04:15;;N;;N;;N;;N;;N;;N;;N;;N;;N;;N;;N
17.10.2025 04:30;;N;;N;;N;;N;;N;;N;;N;;N;;N;;N;;N
17.10.2025 04:45;;N;;N;;N;;N;;N;;N;;N;;N;;N;;N;;N
17.10.2025 05:00;;N;;N;;N;;N;;N;;N;;N;;N;;N;;N;;N
17.10.2025 05:15;;N;;N;;N;;N;;N;;N;;N;;N;;N;;N;;N
17.10.2025 05:30;;N;;N;;N;;N;;N;;N;;N;;N;;N;;N;;N
17.10.2025 05:45;;N;;N;;N;;N;;N;;N;;N;;N;;N;;N;;N
17.10.2025 06:00;;N;;N;;N;;N;;N;;N;;N;;N;;N;;N;;N
17.10.2025 06:15;;N;;N;;N;;N;;N;;N;;N;;N;;N;;N;;N
17.10.2025 06:30;;N;;N;;N;;N;;N;;N;;N;;N;;N;;N;;N
17.10.2025 06:45;;N;;N;;N;;N;;N;;N;;N;;N;;N;;N;;N
17.10.2025 07:00;;N;;N;;N;;N;;N;;N;;N;;N;;N;;N;;N
17.10.2025 07:15;;N;;N;;N;;N;;N;;N;;N;;N;;N;;N;;N
17.10.2025 07:30;;N;;N;;N;;N;;N;;N;;N;;N;;N;;N;;N
17.10.2025 07:45;;N;;N;;N;;N;;N;;N;;N;;N;;N;;N;;N
17.10.2025 08:00;;N;;N;;N;;N;;N;;N;;N;;N;;N;;N;;N
17.10.2025 08:15;;N;;N;;N;;N;;N;;N;;N;;N;;N;;N;;N
17.10.2025 08:30;;N;;N;;N;;N;;N;;N;;N;;N;;N;;N;;N
17.10.2025 08:45;;N;;N;;N;;N;;N;;N;;N;;N;;N;;N;;N
17.10.2025 09:00;;N;;N;;N;;N;;N;;N;;N;;N;;N;;N;;N
17.10.2025 09:15;;N;;N;;N;;N;;N;;N;;N;;N;;N;;N;;N
17.10.2025 09:30;;N;;N;;N;;N;;N;;N;;N;;N;;N;;N;;N
17.10.2025 09:45;;N;;N;;N;;N;;N;;N;;N;;N;;N;;N;;N
17.10.2025 10:00;;N;;N;;N;;N;;N;;N;;N;;N;;N;;N;;N
17.10.2025 10:15;;N;;N;;N;;N;;N;;N;;N;;N;;N;;N;;N
17.10.2025 10:30;;N;;N;;N;;N;;N;;N;;N;;N;;N;;N;;N
17.10.2025 10:45;;N;;N;;N;;N;;N;;N;;N;;N;;N;;N;;N
17.10.2025 11:00;;N;;N;;N;;N;;N;;N;;N;;N;;N;;N;;N
17.10.2025 11:15;;N;;N;;N;;N;;N;;N;;N;;N;;N;;N;;N
17.10.2025 11:30;;N;;N;;N;;N;;N;;N;;N;;N;;N;;N;;N
17.10.2025 11:45;;N;;N;;N;;N;;N;;N;;N;;N;;N;;N;;N
17.10.2025 12:00;;N;;N;;N;;N;;N;;N;;N;;N;;N;;N;;N
17.10.2025 12:15;;N;;N;;N;;N;;N;;N;;N;;N;;N;;N;;N
17.10.2025 12:30;;N;;N;;N;;N;;N;;N;;N;;N;;N;;N;;N
17.10.2025 12:45;;N;;N;;N;;N;;N;;N;;N;;N;;N;;N;;N
17.10.2025 13:00;;N;;N;;N;;N;;N;;N;;N;;N;;N;;N;;N
17.10.2025 13:15;;N;;N;;N;;N;;N;;N;;N;;N;;N;;N;;N
17.10.2025 13:30;;N;;N;;N;;N;;N;;N;;N;;N;;N;;N;;N
17.10.2025 13:45;;N;;N;;N;;N;;N;;N;;N;;N;;N;;N;;N
17.10.2025 14:00;;N;;N;;N;;N;;N;;N;;N;;N;;N;;N;;N
17.10.2025 14:15;;N;;N;;N;;N;;N;;N;;N;;N;;N;;N;;N
17.10.2025 14:30;;N;;N;;N;;N;;N;;N;;N;;N;;N;;N;;N
17.10.2025 14:45;;N;;N;;N;;N;;N;;N;;N;;N;;N;;N;;N
17.10.2025 15:00;;N;;N;;N;;N;;N;;N;;N;;N;;N;;N;;N
17.10.2025 15:15;;N;;N;;N;;N;;N;;N;;N;;N;;N;;N;;N
17.10.2025 15:30;;N;;N;;N;;N;;N;;N;;N;;N;;N;;N;;N
17.10.2025 15:45;;N;;N;;N;;N;;N;;N;;N;;N;;N;;N;;N
17.10.2025 16:00;;N;;N;;N;;N;;N;;N;;N;;N;;N;;N;;N
17.10.2025 16:15;;N;;N;;N;;N;;N;;N;;N;;N;;N;;N;;N
17.10.2025 16:30;;N;;N;;N;;N;;N;;N;;N;;N;;N;;N;;N
17.10.2025 16:45;;N;;N;;N;;N;;N;;N;;N;;N;;N;;N;;N
17.10.2025 17:00;;N;;N;;N;;N;;N;;N;;N;;N;;N;;N;;N
17.10.2025 17:15;;N;;N;;N;;N;;N;;N;;N;;N;;N;;N;;N
17.10.2025 17:30;;N;;N;;N;;N;;N;;N;;N;;N;;N;;N;;N
17.10.2025 17:45;;N;;N;;N;;N;;N;;N;;N;;N;;N;;N;;N
17.10.2025 18:00;;N;;N;;N;;N;;N;;N;;N;;N;;N;;N;;N
17.10.2025 18:15;;N;;N;;N;;N;;N;;N;;N;;N;;N;;N;;N
17.10.2025 18:30;;N;;N;;N;;N;;N;;N;;N;;N;;N;;N;;N
17.10.2025 18:45;;N;;N;;N;;N;;N;;N;;N;;N;;N;;N;;N
17.10.2025 19:00;;N;;N;;N;;N;;N;;N;;N;;N;;N;;N;;N
17.10.2025 19:15;;N;;N;;N;;N;;N;;N;;N;;N;;N;;N;;N
17.10.2025 19:30;;N;;N;;N;;N;;N;;N;;N;;N;;N;;N;;N
17.10.2025 19:45;;N;;N;;N;;N;;N;;N;;N;;N;;N;;N;;N
17.10.2025 20:00;;N;;N;;N;;N;;N;;N;;N;;N;;N;;N;;N
17.10.2025 20:15;;N;;N;;N;;N;;N;;N;;N;;N;;N;;N;;N
17.10.2025 20:30;;N;;N;;N;;N;;N;;N;;N;;N;;N;;N;;N
17.10.2025 20:45;;N;;N;;N;;N;;N;;N;;N;;N;;N;;N;;N
17.10.2025 21:00;;N;;N;;N;;N;;N;;N;;N;;N;;N;;N;;N
17.10.2025 21:15;;N;;N;;N;;N;;N;;N;;N;;N;;N;;N;;N
17.10.2025 21:30;;N;;N;;N;;N;;N;;N;;N;;N;;N;;N;;N
17.10.2025 21:45;;N;;N;;N;;N;;N;;N;;N;;N;;N;;N;;N
17.10.2025 22:00;;N;;N;;N;;N;;N;;N;;N;;N;;N;;N;;N
17.10.2025 22:15;;N;;N;;N;;N;;N;;N;;N;;N;;N;;N;;N
17.10.2025 22:30;;N;;N;;N;;N;;N;;N;;N;;N;;N;;N;;N
17.10.2025 22:45;;N;;N;;N;;N;;N;;N;;N;;N;;N;;N;;N
17.10.2025 23:00;;N;;N;;N;;N;;N;;N;;N;;N;;N;;N;;N
17.10.2025 23:15;;N;;N;;N;;N;;N;;N;;N;;N;;N;;N;;N
17.10.2025 23:30;;N;;N;;N;;N;;N;;N;;N;;N;;N;;N;;N
17.10.2025 23:45;;N;;N;;N;;N;;N;;N;;N;;N;;N;;N;;N
18.10.2025 00:00;;N;;N;;N;;N;;N;;N;;N;;N;;N;;N;;N
18.10.2025 00:15;;N;;N;;N;;N;;N;;N;;N;;N;;N;;N;;N
18.10.2025 00:30;;N;;N;;N;;N;;N;;N;;N;;N;;N;;N;;N
18.10.2025 00:45;;N;;N;;N;;N;;N;;N;;N;;N;;N;;N;;N
18.10.2025 01:00;;N;;N;;N;;N;;N;;N;;N;;N;;N;;N;;N
18.10.2025 01:15;;N;;N;;N;;N;;N;;N;;N;;N;;N;;N;;N
18.10.2025 01:30;;N;;N;;N;;N;;N;;N;;N;;N;;N;;N;;N
18.10.2025 01:45;;N;;N;;N;;N;;N;;N;;N;;N;;N;;N;;N
18.10.2025 02:00;;N;;N;;N;;N;;N;;N;;N;;N;;N;;N;;N
18.10.2025 02:15;;N;;N;;N;;N;;N;;N;;N;;N;;N;;N;;N
18.10.2025 02:30;;N;;N;;N;;N;;N;;N;;N;;N;;N;;N;;N
18.10.2025 02:45;;N;;N;;N;;N;;N;;N;;N;;N;;N;;N;;N
18.10.2025 03:00;;N;;N;;N;;N;;N;;N;;N;;N;;N;;N;;N
18.10.2025 03:15;;N;;N;;N;;N;;N;;N;;N;;N;;N;;N;;N
18.10.2025 03:30;;N;;N;;N;;N;;N;;N;;N;;N;;N;;N;;N
18.10.2025 03:45;;N;;N;;N;;N;;N;;N;;N;;N;;N;;N;;N
18.10.2025 04:00;;N;;N;;N;;N;;N;;N;;N;;N;;N;;N;;N
18.10.2025 04:15;;N;;N;;N;;N;;N;;N;;N;;N;;N;;N;;N
18.10.2025 04:30;;N;;N;;N;;N;;N;;N;;N;;N;;N;;N;;N
18.10.2025 04:45;;N;;N;;N;;N;;N;;N;;N;;N;;N;;N;;N
18.10.2025 05:00;;N;;N;;N;;N;;N;;N;;N;;N;;N;;N;;N
18.10.2025 05:15;;N;;N;;N;;N;;N;;N;;N;;N;;N;;N;;N
18.10.2025 05:30;;N;;N;;N;;N;;N;;N;;N;;N;;N;;N;;N
18.10.2025 05:45;;N;;N;;N;;N;;N;;N;;N;;N;;N;;N;;N
18.10.2025 06:00;;N;;N;;N;;N;;N;;N;;N;;N;;N;;N;;N
18.10.2025 06:15;;N;;N;;N;;N;;N;;N;;N;;N;;N;;N;;N
18.10.2025 06:30;;N;;N;;N;;N;;N;;N;;N;;N;;N;;N;;N
18.10.2025 06:45;;N;;N;;N;;N;;N;;N;;N;;N;;N;;N;;N
18.10.2025 07:00;;N;;N;;N;;N;;N;;N;;N;;N;;N;;N;;N
18.10.2025 07:15;;N;;N;;N;;N;;N;;N;;N;;N;;N;;N;;N
18.10.2025 07:30;;N;;N;;N;;N;;N;;N;;N;;N;;N;;N;;N
18.10.2025 07:45;;N;;N;;N;;N;;N;;N;;N;;N;;N;;N;;N
18.10.2025 08:00;;N;;N;;N;;N;;N;;N;;N;;N;;N;;N;;N
18.10.2025 08:15;;N;;N;;N;;N;;N;;N;;N;;N;;N;;N;;N
18.10.2025 08:30;;N;;N;;N;;N;;N;;N;;N;;N;;N;;N;;N
18.10.2025 08:45;;N;;N;;N;;N;;N;;N;;N;;N;;N;;N;;N
18.10.2025 09:00;;N;;N;;N;;N;;N;;N;;N;;N;;N;;N;;N
18.10.2025 09:15;;N;;N;;N;;N;;N;;N;;N;;N;;N;;N;;N
18.10.2025 09:30;;N;;N;;N;;N;;N;;N;;N;;N;;N;;N;;N
18.10.2025 09:45;;N;;N;;N;;N;;N;;N;;N;;N;;N;;N;;N
18.10.2025 10:00;;N;;N;;N;;N;;N;;N;;N;;N;;N;;N;;N
18.10.2025 10:15;;N;;N;;N;;N;;N;;N;;N;;N;;N;;N;;N
18.10.2025 10:30;;N;;N;;N;;N;;N;;N;;N;;N;;N;;N;;N
18.10.2025 10:45;;N;;N;;N;;N;;N;;N;;N;;N;;N;;N;;N
18.10.2025 11:00;;N;;N;;N;;N;;N;;N;;N;;N;;N;;N;;N
18.10.2025 11:15;;N;;N;;N;;N;;N;;N;;N;;N;;N;;N;;N
18.10.2025 11:30;;N;;N;;N;;N;;N;;N;;N;;N;;N;;N;;N
18.10.2025 11:45;;N;;N;;N;;N;;N;;N;;N;;N;;N;;N;;N
18.10.2025 12:00;;N;;N;;N;;N;;N;;N;;N;;N;;N;;N;;N
18.10.2025 12:15;;N;;N;;N;;N;;N;;N;;N;;N;;N;;N;;N
18.10.2025 12:30;;N;;N;;N;;N;;N;;N;;N;;N;;N;;N;;N
18.10.2025 12:45;;N;;N;;N;;N;;N;;N;;N;;N;;N;;N;;N
18.10.2025 13:00;;N;;N;;N;;N;;N;;N;;N;;N;;N;;N;;N
18.10.2025 13:15;;N;;N;;N;;N;;N;;N;;N;;N;;N;;N;;N
18.10.2025 13:30;;N;;N;;N;;N;;N;;N;;N;;N;;N;;N;;N
18.10.2025 13:45;;N;;N;;N;;N;;N;;N;;N;;N;;N;;N;;N
18.10.2025 14:00;;N;;N;;N;;N;;N;;N;;N;;N;;N;;N;;N
18.10.2025 14:15;;N;;N;;N;;N;;N;;N;;N;;N;;N;;N;;N
18.10.2025 14:30;;N;;N;;N;;N;;N;;N;;N;;N;;N;;N;;N
18.10.2025 14:45;;N;;N;;N;;N;;N;;N;;N;;N;;N;;N;;N
18.10.2025 15:00;;N;;N;;N;;N;;N;;N;;N;;N;;N;;N;;N
18.10.2025 15:15;;N;;N;;N;;N;;N;;N;;N;;N;;N;;N;;N
18.10.2025 15:30;;N;;N;;N;;N;;N;;N;;N;;N;;N;;N;;N
18.10.2025 15:45;;N;;N;;N;;N;;N;;N;;N;;N;;N;;N;;N
18.10.2025 16:00;;N;;N;;N;;N;;N;;N;;N;;N;;N;;N;;N
18.10.2025 16:15;;N;;N;;N;;N;;N;;N;;N;;N;;N;;N;;N
18.10.2025 16:30;;N;;N;;N;;N;;N;;N;;N;;N;;N;;N;;N
18.10.2025 16:45;;N;;N;;N;;N;;N;;N;;N;;N;;N;;N;;N
18.10.2025 17:00;;N;;N;;N;;N;;N;;N;;N;;N;;N;;N;;N
18.10.2025 17:15;;N;;N;;N;;N;;N;;N;;N;;N;;N;;N;;N
18.10.2025 17:30;;N;;N;;N;;N;;N;;N;;N;;N;;N;;N;;N
18.10.2025 17:45;;N;;N;;N;;N;;N;;N;;N;;N;;N;;N;;N
18.10.2025 18:00;;N;;N;;N;;N;;N;;N;;N;;N;;N;;N;;N
18.10.2025 18:15;;N;;N;;N;;N;;N;;N;;N;;N;;N;;N;;N
18.10.2025 18:30;;N;;N;;N;;N;;N;;N;;N;;N;;N;;N;;N
18.10.2025 18:45;;N;;N;;N;;N;;N;;N;;N;;N;;N;;N;;N
18.10.2025 19:00;;N;;N;;N;;N;;N;;N;;N;;N;;N;;N;;N
18.10.2025 19:15;;N;;N;;N;;N;;N;;N;;N;;N;;N;;N;;N
18.10.2025 19:30;;N;;N;;N;;N;;N;;N;;N;;N;;N;;N;;N
18.10.2025 19:45;;N;;N;;N;;N;;N;;N;;N;;N;;N;;N;;N
18.10.2025 20:00;;N;;N;;N;;N;;N;;N;;N;;N;;N;;N;;N
18.10.2025 20:15;;N;;N;;N;;N;;N;;N;;N;;N;;N;;N;;N
18.10.2025 20:30;;N;;N;;N;;N;;N;;N;;N;;N;;N;;N;;N
18.10.2025 20:45;;N;;N;;N;;N;;N;;N;;N;;N;;N;;N;;N
18.10.2025 21:00;;N;;N;;N;;N;;N;;N;;N;;N;;N;;N;;N
18.10.2025 21:15;;N;;N;;N;;N;;N;;N;;N;;N;;N;;N;;N
18.10.2025 21:30;;N;;N;;N;;N;;N;;N;;N;;N;;N;;N;;N
18.10.2025 21:45;;N;;N;;N;;N;;N;;N;;N;;N;;N;;N;;N
18.10.2025 22:00;;N;;N;;N;;N;;N;;N;;N;;N;;N;;N;;N
18.10.2025 22:15;;N;;N;;N;;N;;N;;N;;N;;N;;N;;N;;N
18.10.2025 22:30;;N;;N;;N;;N;;N;;N;;N;;N;;N;;N;;N
18.10.2025 22:45;;N;;N;;N;;N;;N;;N;;N;;N;;N;;N;;N
18.10.2025 23:00;;N;;N;;N;;N;;N;;N;;N;;N;;N;;N;;N
18.10.2025 23:15;;N;;N;;N;;N;;N;;N;;N;;N;;N;;N;;N
18.10.2025 23:30;;N;;N;;N;;N;;N;;N;;N;;N;;N;;N;;N
18.10.2025 23:45;;N;;N;;N;;N;;N;;N;;N;;N;;N;;N;;N
19.10.2025 00:00;;N;;N;;N;;N;;N;;N;;N;;N;;N;;N;;N
19.10.2025 00:15;;N;;N;;N;;N;;N;;N;;N;;N;;N;;N;;N
19.10.2025 00:30;;N;;N;;N;;N;;N;;N;;N;;N;;N;;N;;N
19.10.2025 00:45;;N;;N;;N;;N;;N;;N;;N;;N;;N;;N;;N
19.10.2025 01:00;;N;;N;;N;;N;;N;;N;;N;;N;;N;;N;;N
19.10.2025 01:15;;N;;N;;N;;N;;N;;N;;N;;N;;N;;N;;N
19.10.2025 01:30;;N;;N;;N;;N;;N;;N;;N;;N;;N;;N;;N
19.10.2025 01:45;;N;;N;;N;;N;;N;;N;;N;;N;;N;;N;;N
19.10.2025 02:00;;N;;N;;N;;N;;N;;N;;N;;N;;N;;N;;N
19.10.2025 02:15;;N;;N;;N;;N;;N;;N;;N;;N;;N;;N;;N
19.10.2025 02:30;;N;;N;;N;;N;;N;;N;;N;;N;;N;;N;;N
19.10.2025 02:45;;N;;N;;N;;N;;N;;N;;N;;N;;N;;N;;N
19.10.2025 03:00;;N;;N;;N;;N;;N;;N;;N;;N;;N;;N;;N
19.10.2025 03:15;;N;;N;;N;;N;;N;;N;;N;;N;;N;;N;;N
19.10.2025 03:30;;N;;N;;N;;N;;N;;N;;N;;N;;N;;N;;N
19.10.2025 03:45;;N;;N;;N;;N;;N;;N;;N;;N;;N;;N;;N
19.10.2025 04:00;;N;;N;;N;;N;;N;;N;;N;;N;;N;;N;;N
19.10.2025 04:15;;N;;N;;N;;N;;N;;N;;N;;N;;N;;N;;N
19.10.2025 04:30;;N;;N;;N;;N;;N;;N;;N;;N;;N;;N;;N
19.10.2025 04:45;;N;;N;;N;;N;;N;;N;;N;;N;;N;;N;;N
19.10.2025 05:00;;N;;N;;N;;N;;N;;N;;N;;N;;N;;N;;N
19.10.2025 05:15;;N;;N;;N;;N;;N;;N;;N;;N;;N;;N;;N
19.10.2025 05:30;;N;;N;;N;;N;;N;;N;;N;;N;;N;;N;;N
19.10.2025 05:45;;N;;N;;N;;N;;N;;N;;N;;N;;N;;N;;N
19.10.2025 06:00;;N;;N;;N;;N;;N;;N;;N;;N;;N;;N;;N
19.10.2025 06:15;;N;;N;;N;;N;;N;;N;;N;;N;;N;;N;;N
19.10.2025 06:30;;N;;N;;N;;N;;N;;N;;N;;N;;N;;N;;N
19.10.2025 06:45;;N;;N;;N;;N;;N;;N;;N;;N;;N;;N;;N
19.10.2025 07:00;;N;;N;;N;;N;;N;;N;;N;;N;;N;;N;;N
19.10.2025 07:15;;N;;N;;N;;N;;N;;N;;N;;N;;N;;N;;N
19.10.2025 07:30;;N;;N;;N;;N;;N;;N;;N;;N;;N;;N;;N
19.10.2025 07:45;;N;;N;;N;;N;;N;;N;;N;;N;;N;;N;;N
19.10.2025 08:00;;N;;N;;N;;N;;N;;N;;N;;N;;N;;N;;N
19.10.2025 08:15;;N;;N;;N;;N;;N;;N;;N;;N;;N;;N;;N
19.10.2025 08:30;;N;;N;;N;;N;;N;;N;;N;;N;;N;;N;;N
19.10.2025 08:45;;N;;N;;N;;N;;N;;N;;N;;N;;N;;N;;N
19.10.2025 09:00;;N;;N;;N;;N;;N;;N;;N;;N;;N;;N;;N
19.10.2025 09:15;;N;;N;;N;;N;;N;;N;;N;;N;;N;;N;;N
19.10.2025 09:30;;N;;N;;N;;N;;N;;N;;N;;N;;N;;N;;N
19.10.2025 09:45;;N;;N;;N;;N;;N;;N;;N;;N;;N;;N;;N
19.10.2025 10:00;;N;;N;;N;;N;;N;;N;;N;;N;;N;;N;;N
19.10.2025 10:15;;N;;N;;N;;N;;N;;N;;N;;N;;N;;N;;N
19.10.2025 10:30;;N;;N;;N;;N;;N;;N;;N;;N;;N;;N;;N
19.10.2025 10:45;;N;;N;;N;;N;;N;;N;;N;;N;;N;;N;;N
19.10.2025 11:00;;N;;N;;N;;N;;N;;N;;N;;N;;N;;N;;N
19.10.2025 11:15;;N;;N;;N;;N;;N;;N;;N;;N;;N;;N;;N
19.10.2025 11:30;;N;;N;;N;;N;;N;;N;;N;;N;;N;;N;;N
19.10.2025 11:45;;N;;N;;N;;N;;N;;N;;N;;N;;N;;N;;N
19.10.2025 12:00;;N;;N;;N;;N;;N;;N;;N;;N;;N;;N;;N
19.10.2025 12:15;;N;;N;;N;;N;;N;;N;;N;;N;;N;;N;;N
19.10.2025 12:30;;N;;N;;N;;N;;N;;N;;N;;N;;N;;N;;N
19.10.2025 12:45;;N;;N;;N;;N;;N;;N;;N;;N;;N;;N;;N
19.10.2025 13:00;;N;;N;;N;;N;;N;;N;;N;;N;;N;;N;;N
19.10.2025 13:15;;N;;N;;N;;N;;N;;N;;N;;N;;N;;N;;N
19.10.2025 13:30;;N;;N;;N;;N;;N;;N;;N;;N;;N;;N;;N
19.10.2025 13:45;;N;;N;;N;;N;;N;;N;;N;;N;;N;;N;;N
19.10.2025 14:00;;N;;N;;N;;N;;N;;N;;N;;N;;N;;N;;N
19.10.2025 14:15;;N;;N;;N;;N;;N;;N;;N;;N;;N;;N;;N
19.10.2025 14:30;;N;;N;;N;;N;;N;;N;;N;;N;;N;;N;;N
19.10.2025 14:45;;N;;N;;N;;N;;N;;N;;N;;N;;N;;N;;N
19.10.2025 15:00;;N;;N;;N;;N;;N;;N;;N;;N;;N;;N;;N
19.10.2025 15:15;;N;;N;;N;;N;;N;;N;;N;;N;;N;;N;;N
19.10.2025 15:30;;N;;N;;N;;N;;N;;N;;N;;N;;N;;N;;N
19.10.2025 15:45;;N;;N;;N;;N;;N;;N;;N;;N;;N;;N;;N
19.10.2025 16:00;;N;;N;;N;;N;;N;;N;;N;;N;;N;;N;;N
19.10.2025 16:15;;N;;N;;N;;N;;N;;N;;N;;N;;N;;N;;N
19.10.2025 16:30;;N;;N;;N;;N;;N;;N;;N;;N;;N;;N;;N
19.10.2025 16:45;;N;;N;;N;;N;;N;;N;;N;;N;;N;;N;;N
19.10.2025 17:00;;N;;N;;N;;N;;N;;N;;N;;N;;N;;N;;N
19.10.2025 17:15;;N;;N;;N;;N;;N;;N;;N;;N;;N;;N;;N
19.10.2025 17:30;;N;;N;;N;;N;;N;;N;;N;;N;;N;;N;;N
19.10.2025 17:45;;N;;N;;N;;N;;N;;N;;N;;N;;N;;N;;N
19.10.2025 18:00;;N;;N;;N;;N;;N;;N;;N;;N;;N;;N;;N
19.10.2025 18:15;;N;;N;;N;;N;;N;;N;;N;;N;;N;;N;;N
19.10.2025 18:30;;N;;N;;N;;N;;N;;N;;N;;N;;N;;N;;N
19.10.2025 18:45;;N;;N;;N;;N;;N;;N;;N;;N;;N;;N;;N
19.10.2025 19:00;;N;;N;;N;;N;;N;;N;;N;;N;;N;;N;;N
19.10.2025 19:15;;N;;N;;N;;N;;N;;N;;N;;N;;N;;N;;N
19.10.2025 19:30;;N;;N;;N;;N;;N;;N;;N;;N;;N;;N;;N
19.10.2025 19:45;;N;;N;;N;;N;;N;;N;;N;;N;;N;;N;;N
19.10.2025 20:00;;N;;N;;N;;N;;N;;N;;N;;N;;N;;N;;N
19.10.2025 20:15;;N;;N;;N;;N;;N;;N;;N;;N;;N;;N;;N
19.10.2025 20:30;;N;;N;;N;;N;;N;;N;;N;;N;;N;;N;;N
19.10.2025 20:45;;N;;N;;N;;N;;N;;N;;N;;N;;N;;N;;N
19.10.2025 21:00;;N;;N;;N;;N;;N;;N;;N;;N;;N;;N;;N
19.10.2025 21:15;;N;;N;;N;;N;;N;;N;;N;;N;;N;;N;;N
19.10.2025 21:30;;N;;N;;N;;N;;N;;N;;N;;N;;N;;N;;N
19.10.2025 21:45;;N;;N;;N;;N;;N;;N;;N;;N;;N;;N;;N
19.10.2025 22:00;;N;;N;;N;;N;;N;;N;;N;;N;;N;;N;;N
19.10.2025 22:15;;N;;N;;N;;N;;N;;N;;N;;N;;N;;N;;N
19.10.2025 22:30;;N;;N;;N;;N;;N;;N;;N;;N;;N;;N;;N
19.10.2025 22:45;;N;;N;;N;;N;;N;;N;;N;;N;;N;;N;;N
19.10.2025 23:00;;N;;N;;N;;N;;N;;N;;N;;N;;N;;N;;N
19.10.2025 23:15;;N;;N;;N;;N;;N;;N;;N;;N;;N;;N;;N
19.10.2025 23:30;;N;;N;;N;;N;;N;;N;;N;;N;;N;;N;;N
19.10.2025 23:45;;N;;N;;N;;N;;N;;N;;N;;N;;N;;N;;N
20.10.2025 00:00;;N;;N;;N;;N;;N;;N;;N;;N;;N;;N;;N
20.10.2025 00:15;;N;;N;;N;;N;;N;;N;;N;;N;;N;;N;;N
20.10.2025 00:30;;N;;N;;N;;N;;N;;N;;N;;N;;N;;N;;N
20.10.2025 00:45;;N;;N;;N;;N;;N;;N;;N;;N;;N;;N;;N
20.10.2025 01:00;;N;;N;;N;;N;;N;;N;;N;;N;;N;;N;;N
20.10.2025 01:15;;N;;N;;N;;N;;N;;N;;N;;N;;N;;N;;N
20.10.2025 01:30;;N;;N;;N;;N;;N;;N;;N;;N;;N;;N;;N
20.10.2025 01:45;;N;;N;;N;;N;;N;;N;;N;;N;;N;;N;;N
20.10.2025 02:00;;N;;N;;N;;N;;N;;N;;N;;N;;N;;N;;N
20.10.2025 02:15;;N;;N;;N;;N;;N;;N;;N;;N;;N;;N;;N
20.10.2025 02:30;;N;;N;;N;;N;;N;;N;;N;;N;;N;;N;;N
20.10.2025 02:45;;N;;N;;N;;N;;N;;N;;N;;N;;N;;N;;N
20.10.2025 03:00;;N;;N;;N;;N;;N;;N;;N;;N;;N;;N;;N
20.10.2025 03:15;;N;;N;;N;;N;;N;;N;;N;;N;;N;;N;;N
20.10.2025 03:30;;N;;N;;N;;N;;N;;N;;N;;N;;N;;N;;N
20.10.2025 03:45;;N;;N;;N;;N;;N;;N;;N;;N;;N;;N;;N
20.10.2025 04:00;;N;;N;;N;;N;;N;;N;;N;;N;;N;;N;;N
20.10.2025 04:15;;N;;N;;N;;N;;N;;N;;N;;N;;N;;N;;N
20.10.2025 04:30;;N;;N;;N;;N;;N;;N;;N;;N;;N;;N;;N
20.10.2025 04:45;;N;;N;;N;;N;;N;;N;;N;;N;;N;;N;;N
20.10.2025 05:00;;N;;N;;N;;N;;N;;N;;N;;N;;N;;N;;N
20.10.2025 05:15;;N;;N;;N;;N;;N;;N;;N;;N;;N;;N;;N
20.10.2025 05:30;;N;;N;;N;;N;;N;;N;;N;;N;;N;;N;;N
20.10.2025 05:45;;N;;N;;N;;N;;N;;N;;N;;N;;N;;N;;N
20.10.2025 06:00;;N;;N;;N;;N;;N;;N;;N;;N;;N;;N;;N
20.10.2025 06:15;;N;;N;;N;;N;;N;;N;;N;;N;;N;;N;;N
20.10.2025 06:30;;N;;N;;N;;N;;N;;N;;N;;N;;N;;N;;N
20.10.2025 06:45;;N;;N;;N;;N;;N;;N;;N;;N;;N;;N;;N
20.10.2025 07:00;;N;;N;;N;;N;;N;;N;;N;;N;;N;;N;;N
20.10.2025 07:15;;N;;N;;N;;N;;N;;N;;N;;N;;N;;N;;N
20.10.2025 07:30;;N;;N;;N;;N;;N;;N;;N;;N;;N;;N;;N
20.10.2025 07:45;;N;;N;;N;;N;;N;;N;;N;;N;;N;;N;;N
20.10.2025 08:00;;N;;N;;N;;N;;N;;N;;N;;N;;N;;N;;N
20.10.2025 08:15;;N;;N;;N;;N;;N;;N;;N;;N;;N;;N;;N
20.10.2025 08:30;;N;;N;;N;;N;;N;;N;;N;;N;;N;;N;;N
20.10.2025 08:45;;N;;N;;N;;N;;N;;N;;N;;N;;N;;N;;N
20.10.2025 09:00;;N;;N;;N;;N;;N;;N;;N;;N;;N;;N;;N
20.10.2025 09:15;;N;;N;;N;;N;;N;;N;;N;;N;;N;;N;;N
20.10.2025 09:30;;N;;N;;N;;N;;N;;N;;N;;N;;N;;N;;N
20.10.2025 09:45;;N;;N;;N;;N;;N;;N;;N;;N;;N;;N;;N
20.10.2025 10:00;;N;;N;;N;;N;;N;;N;;N;;N;;N;;N;;N
20.10.2025 10:15;;N;;N;;N;;N;;N;;N;;N;;N;;N;;N;;N
20.10.2025 10:30;;N;;N;;N;;N;;N;;N;;N;;N;;N;;N;;N
20.10.2025 10:45;;N;;N;;N;;N;;N;;N;;N;;N;;N;;N;;N
20.10.2025 11:00;;N;;N;;N;;N;;N;;N;;N;;N;;N;;N;;N
20.10.2025 11:15;;N;;N;;N;;N;;N;;N;;N;;N;;N;;N;;N
20.10.2025 11:30;;N;;N;;N;;N;;N;;N;;N;;N;;N;;N;;N
20.10.2025 11:45;;N;;N;;N;;N;;N;;N;;N;;N;;N;;N;;N
20.10.2025 12:00;;N;;N;;N;;N;;N;;N;;N;;N;;N;;N;;N
20.10.2025 12:15;;N;;N;;N;;N;;N;;N;;N;;N;;N;;N;;N
20.10.2025 12:30;;N;;N;;N;;N;;N;;N;;N;;N;;N;;N;;N
20.10.2025 12:45;;N;;N;;N;;N;;N;;N;;N;;N;;N;;N;;N
20.10.2025 13:00;;N;;N;;N;;N;;N;;N;;N;;N;;N;;N;;N
20.10.2025 13:15;;N;;N;;N;;N;;N;;N;;N;;N;;N;;N;;N
20.10.2025 13:30;;N;;N;;N;;N;;N;;N;;N;;N;;N;;N;;N
20.10.2025 13:45;;N;;N;;N;;N;;N;;N;;N;;N;;N;;N;;N
20.10.2025 14:00;;N;;N;;N;;N;;N;;N;;N;;N;;N;;N;;N
20.10.2025 14:15;;N;;N;;N;;N;;N;;N;;N;;N;;N;;N;;N
20.10.2025 14:30;;N;;N;;N;;N;;N;;N;;N;;N;;N;;N;;N
20.10.2025 14:45;;N;;N;;N;;N;;N;;N;;N;;N;;N;;N;;N
20.10.2025 15:00;;N;;N;;N;;N;;N;;N;;N;;N;;N;;N;;N
20.10.2025 15:15;;N;;N;;N;;N;;N;;N;;N;;N;;N;;N;;N
20.10.2025 15:30;;N;;N;;N;;N;;N;;N;;N;;N;;N;;N;;N
20.10.2025 15:45;;N;;N;;N;;N;;N;;N;;N;;N;;N;;N;;N
20.10.2025 16:00;;N;;N;;N;;N;;N;;N;;N;;N;;N;;N;;N
20.10.2025 16:15;;N;;N;;N;;N;;N;;N;;N;;N;;N;;N;;N
20.10.2025 16:30;;N;;N;;N;;N;;N;;N;;N;;N;;N;;N;;N
20.10.2025 16:45;;N;;N;;N;;N;;N;;N;;N;;N;;N;;N;;N
20.10.2025 17:00;;N;;N;;N;;N;;N;;N;;N;;N;;N;;N;;N
20.10.2025 17:15;;N;;N;;N;;N;;N;;N;;N;;N;;N;;N;;N
20.10.2025 17:30;;N;;N;;N;;N;;N;;N;;N;;N;;N;;N;;N
20.10.2025 17:45;;N;;N;;N;;N;;N;;N;;N;;N;;N;;N;;N
20.10.2025 18:00;;N;;N;;N;;N;;N;;N;;N;;N;;N;;N;;N
20.10.2025 18:15;;N;;N;;N;;N;;N;;N;;N;;N;;N;;N;;N
20.10.2025 18:30;;N;;N;;N;;N;;N;;N;;N;;N;;N;;N;;N
20.10.2025 18:45;;N;;N;;N;;N;;N;;N;;N;;N;;N;;N;;N
20.10.2025 19:00;;N;;N;;N;;N;;N;;N;;N;;N;;N;;N;;N
20.10.2025 19:15;;N;;N;;N;;N;;N;;N;;N;;N;;N;;N;;N
20.10.2025 19:30;;N;;N;;N;;N;;N;;N;;N;;N;;N;;N;;N
20.10.2025 19:45;;N;;N;;N;;N;;N;;N;;N;;N;;N;;N;;N
20.10.2025 20:00;;N;;N;;N;;N;;N;;N;;N;;N;;N;;N;;N
20.10.2025 20:15;;N;;N;;N;;N;;N;;N;;N;;N;;N;;N;;N
20.10.2025 20:30;;N;;N;;N;;N;;N;;N;;N;;N;;N;;N;;N
20.10.2025 20:45;;N;;N;;N;;N;;N;;N;;N;;N;;N;;N;;N
20.10.2025 21:00;;N;;N;;N;;N;;N;;N;;N;;N;;N;;N;;N
20.10.2025 21:15;;N;;N;;N;;N;;N;;N;;N;;N;;N;;N;;N
20.10.2025 21:30;;N;;N;;N;;N;;N;;N;;N;;N;;N;;N;;N
20.10.2025 21:45;;N;;N;;N;;N;;N;;N;;N;;N;;N;;N;;N
20.10.2025 22:00;;N;;N;;N;;N;;N;;N;;N;;N;;N;;N;;N
20.10.2025 22:15;;N;;N;;N;;N;;N;;N;;N;;N;;N;;N;;N
20.10.2025 22:30;;N;;N;;N;;N;;N;;N;;N;;N;;N;;N;;N
20.10.2025 22:45;;N;;N;;N;;N;;N;;N;;N;;N;;N;;N;;N
20.10.2025 23:00;;N;;N;;N;;N;;N;;N;;N;;N;;N;;N;;N
20.10.2025 23:15;;N;;N;;N;;N;;N;;N;;N;;N;;N;;N;;N
20.10.2025 23:30;;N;;N;;N;;N;;N;;N;;N;;N;;N;;N;;N
20.10.2025 23:45;;N;;N;;N;;N;;N;;N;;N;;N;;N;;N;;N
21.10.2025 00:00;;N;;N;;N;;N;;N;;N;;N;;N;;N;;N;;N
21.10.2025 00:15;;N;;N;;N;;N;;N;;N;;N;;N;;N;;N;;N
21.10.2025 00:30;;N;;N;;N;;N;;N;;N;;N;;N;;N;;N;;N
21.10.2025 00:45;;N;;N;;N;;N;;N;;N;;N;;N;;N;;N;;N
21.10.2025 01:00;;N;;N;;N;;N;;N;;N;;N;;N;;N;;N;;N
21.10.2025 01:15;;N;;N;;N;;N;;N;;N;;N;;N;;N;;N;;N
21.10.2025 01:30;;N;;N;;N;;N;;N;;N;;N;;N;;N;;N;;N
21.10.2025 01:45;;N;;N;;N;;N;;N;;N;;N;;N;;N;;N;;N
21.10.2025 02:00;;N;;N;;N;;N;;N;;N;;N;;N;;N;;N;;N
21.10.2025 02:15;;N;;N;;N;;N;;N;;N;;N;;N;;N;;N;;N
21.10.2025 02:30;;N;;N;;N;;N;;N;;N;;N;;N;;N;;N;;N
21.10.2025 02:45;;N;;N;;N;;N;;N;;N;;N;;N;;N;;N;;N
21.10.2025 03:00;;N;;N;;N;;N;;N;;N;;N;;N;;N;;N;;N
21.10.2025 03:15;;N;;N;;N;;N;;N;;N;;N;;N;;N;;N;;N
21.10.2025 03:30;;N;;N;;N;;N;;N;;N;;N;;N;;N;;N;;N
21.10.2025 03:45;;N;;N;;N;;N;;N;;N;;N;;N;;N;;N;;N
21.10.2025 04:00;;N;;N;;N;;N;;N;;N;;N;;N;;N;;N;;N
21.10.2025 04:15;;N;;N;;N;;N;;N;;N;;N;;N;;N;;N;;N
21.10.2025 04:30;;N;;N;;N;;N;;N;;N;;N;;N;;N;;N;;N
21.10.2025 04:45;;N;;N;;N;;N;;N;;N;;N;;N;;N;;N;;N
21.10.2025 05:00;;N;;N;;N;;N;;N;;N;;N;;N;;N;;N;;N
21.10.2025 05:15;;N;;N;;N;;N;;N;;N;;N;;N;;N;;N;;N
21.10.2025 05:30;;N;;N;;N;;N;;N;;N;;N;;N;;N;;N;;N
21.10.2025 05:45;;N;;N;;N;;N;;N;;N;;N;;N;;N;;N;;N
21.10.2025 06:00;;N;;N;;N;;N;;N;;N;;N;;N;;N;;N;;N
21.10.2025 06:15;;N;;N;;N;;N;;N;;N;;N;;N;;N;;N;;N
21.10.2025 06:30;;N;;N;;N;;N;;N;;N;;N;;N;;N;;N;;N
21.10.2025 06:45;;N;;N;;N;;N;;N;;N;;N;;N;;N;;N;;N
21.10.2025 07:00;;N;;N;;N;;N;;N;;N;;N;;N;;N;;N;;N
21.10.2025 07:15;;N;;N;;N;;N;;N;;N;;N;;N;;N;;N;;N
21.10.2025 07:30;;N;;N;;N;;N;;N;;N;;N;;N;;N;;N;;N
21.10.2025 07:45;;N;;N;;N;;N;;N;;N;;N;;N;;N;;N;;N
21.10.2025 08:00;;N;;N;;N;;N;;N;;N;;N;;N;;N;;N;;N
21.10.2025 08:15;;N;;N;;N;;N;;N;;N;;N;;N;;N;;N;;N
21.10.2025 08:30;;N;;N;;N;;N;;N;;N;;N;;N;;N;;N;;N
21.10.2025 08:45;;N;;N;;N;;N;;N;;N;;N;;N;;N;;N;;N
21.10.2025 09:00;;N;;N;;N;;N;;N;;N;;N;;N;;N;;N;;N
21.10.2025 09:15;;N;;N;;N;;N;;N;;N;;N;;N;;N;;N;;N
21.10.2025 09:30;;N;;N;;N;;N;;N;;N;;N;;N;;N;;N;;N
21.10.2025 09:45;;N;;N;;N;;N;;N;;N;;N;;N;;N;;N;;N
21.10.2025 10:00;;N;;N;;N;;N;;N;;N;;N;;N;;N;;N;;N
21.10.2025 10:15;;N;;N;;N;;N;;N;;N;;N;;N;;N;;N;;N
21.10.2025 10:30;;N;;N;;N;;N;;N;;N;;N;;N;;N;;N;;N
21.10.2025 10:45;;N;;N;;N;;N;;N;;N;;N;;N;;N;;N;;N
21.10.2025 11:00;;N;;N;;N;;N;;N;;N;;N;;N;;N;;N;;N
21.10.2025 11:15;;N;;N;;N;;N;;N;;N;;N;;N;;N;;N;;N
21.10.2025 11:30;;N;;N;;N;;N;;N;;N;;N;;N;;N;;N;;N
21.10.2025 11:45;;N;;N;;N;;N;;N;;N;;N;;N;;N;;N;;N
21.10.2025 12:00;;N;;N;;N;;N;;N;;N;;N;;N;;N;;N;;N
21.10.2025 12:15;;N;;N;;N;;N;;N;;N;;N;;N;;N;;N;;N
21.10.2025 12:30;;N;;N;;N;;N;;N;;N;;N;;N;;N;;N;;N
21.10.2025 12:45;;N;;N;;N;;N;;N;;N;;N;;N;;N;;N;;N
21.10.2025 13:00;;N;;N;;N;;N;;N;;N;;N;;N;;N;;N;;N
21.10.2025 13:15;;N;;N;;N;;N;;N;;N;;N;;N;;N;;N;;N
21.10.2025 13:30;;N;;N;;N;;N;;N;;N;;N;;N;;N;;N;;N
21.10.2025 13:45;;N;;N;;N;;N;;N;;N;;N;;N;;N;;N;;N
21.10.2025 14:00;;N;;N;;N;;N;;N;;N;;N;;N;;N;;N;;N
21.10.2025 14:15;;N;;N;;N;;N;;N;;N;;N;;N;;N;;N;;N
21.10.2025 14:30;;N;;N;;N;;N;;N;;N;;N;;N;;N;;N;;N
21.10.2025 14:45;;N;;N;;N;;N;;N;;N;;N;;N;;N;;N;;N
21.10.2025 15:00;;N;;N;;N;;N;;N;;N;;N;;N;;N;;N;;N
21.10.2025 15:15;;N;;N;;N;;N;;N;;N;;N;;N;;N;;N;;N
21.10.2025 15:30;;N;;N;;N;;N;;N;;N;;N;;N;;N;;N;;N
21.10.2025 15:45;;N;;N;;N;;N;;N;;N;;N;;N;;N;;N;;N
21.10.2025 16:00;;N;;N;;N;;N;;N;;N;;N;;N;;N;;N;;N
21.10.2025 16:15;;N;;N;;N;;N;;N;;N;;N;;N;;N;;N;;N
21.10.2025 16:30;;N;;N;;N;;N;;N;;N;;N;;N;;N;;N;;N
21.10.2025 16:45;;N;;N;;N;;N;;N;;N;;N;;N;;N;;N;;N
21.10.2025 17:00;;N;;N;;N;;N;;N;;N;;N;;N;;N;;N;;N
21.10.2025 17:15;;N;;N;;N;;N;;N;;N;;N;;N;;N;;N;;N
21.10.2025 17:30;;N;;N;;N;;N;;N;;N;;N;;N;;N;;N;;N
21.10.2025 17:45;;N;;N;;N;;N;;N;;N;;N;;N;;N;;N;;N
21.10.2025 18:00;;N;;N;;N;;N;;N;;N;;N;;N;;N;;N;;N
21.10.2025 18:15;;N;;N;;N;;N;;N;;N;;N;;N;;N;;N;;N
21.10.2025 18:30;;N;;N;;N;;N;;N;;N;;N;;N;;N;;N;;N
21.10.2025 18:45;;N;;N;;N;;N;;N;;N;;N;;N;;N;;N;;N
21.10.2025 19:00;;N;;N;;N;;N;;N;;N;;N;;N;;N;;N;;N
21.10.2025 19:15;;N;;N;;N;;N;;N;;N;;N;;N;;N;;N;;N
21.10.2025 19:30;;N;;N;;N;;N;;N;;N;;N;;N;;N;;N;;N
21.10.2025 19:45;;N;;N;;N;;N;;N;;N;;N;;N;;N;;N;;N
21.10.2025 20:00;;N;;N;;N;;N;;N;;N;;N;;N;;N;;N;;N
21.10.2025 20:15;;N;;N;;N;;N;;N;;N;;N;;N;;N;;N;;N
21.10.2025 20:30;;N;;N;;N;;N;;N;;N;;N;;N;;N;;N;;N
21.10.2025 20:45;;N;;N;;N;;N;;N;;N;;N;;N;;N;;N;;N
21.10.2025 21:00;;N;;N;;N;;N;;N;;N;;N;;N;;N;;N;;N
21.10.2025 21:15;;N;;N;;N;;N;;N;;N;;N;;N;;N;;N;;N
21.10.2025 21:30;;N;;N;;N;;N;;N;;N;;N;;N;;N;;N;;N
21.10.2025 21:45;;N;;N;;N;;N;;N;;N;;N;;N;;N;;N;;N
21.10.2025 22:00;;N;;N;;N;;N;;N;;N;;N;;N;;N;;N;;N
21.10.2025 22:15;;N;;N;;N;;N;;N;;N;;N;;N;;N;;N;;N
21.10.2025 22:30;;N;;N;;N;;N;;N;;N;;N;;N;;N;;N;;N
21.10.2025 22:45;;N;;N;;N;;N;;N;;N;;N;;N;;N;;N;;N
21.10.2025 23:00;;N;;N;;N;;N;;N;;N;;N;;N;;N;;N;;N
21.10.2025 23:15;;N;;N;;N;;N;;N;;N;;N;;N;;N;;N;;N
21.10.2025 23:30;;N;;N;;N;;N;;N;;N;;N;;N;;N;;N;;N
21.10.2025 23:45;;N;;N;;N;;N;;N;;N;;N;;N;;N;;N;;N
22.10.2025 00:00;;N;;N;;N;;N;;N;;N;;N;;N;;N;;N;;N
22.10.2025 00:15;;N;;N;;N;;N;;N;;N;;N;;N;;N;;N;;N
22.10.2025 00:30;;N;;N;;N;;N;;N;;N;;N;;N;;N;;N;;N
22.10.2025 00:45;;N;;N;;N;;N;;N;;N;;N;;N;;N;;N;;N
22.10.2025 01:00;;N;;N;;N;;N;;N;;N;;N;;N;;N;;N;;N
22.10.2025 01:15;;N;;N;;N;;N;;N;;N;;N;;N;;N;;N;;N
22.10.2025 01:30;;N;;N;;N;;N;;N;;N;;N;;N;;N;;N;;N
22.10.2025 01:45;;N;;N;;N;;N;;N;;N;;N;;N;;N;;N;;N
22.10.2025 02:00;;N;;N;;N;;N;;N;;N;;N;;N;;N;;N;;N
22.10.2025 02:15;;N;;N;;N;;N;;N;;N;;N;;N;;N;;N;;N
22.10.2025 02:30;;N;;N;;N;;N;;N;;N;;N;;N;;N;;N;;N
22.10.2025 02:45;;N;;N;;N;;N;;N;;N;;N;;N;;N;;N;;N
22.10.2025 03:00;;N;;N;;N;;N;;N;;N;;N;;N;;N;;N;;N
22.10.2025 03:15;;N;;N;;N;;N;;N;;N;;N;;N;;N;;N;;N
22.10.2025 03:30;;N;;N;;N;;N;;N;;N;;N;;N;;N;;N;;N
22.10.2025 03:45;;N;;N;;N;;N;;N;;N;;N;;N;;N;;N;;N
22.10.2025 04:00;;N;;N;;N;;N;;N;;N;;N;;N;;N;;N;;N
22.10.2025 04:15;;N;;N;;N;;N;;N;;N;;N;;N;;N;;N;;N
22.10.2025 04:30;;N;;N;;N;;N;;N;;N;;N;;N;;N;;N;;N
22.10.2025 04:45;;N;;N;;N;;N;;N;;N;;N;;N;;N;;N;;N
22.10.2025 05:00;;N;;N;;N;;N;;N;;N;;N;;N;;N;;N;;N
22.10.2025 05:15;;N;;N;;N;;N;;N;;N;;N;;N;;N;;N;;N
22.10.2025 05:30;;N;;N;;N;;N;;N;;N;;N;;N;;N;;N;;N
22.10.2025 05:45;;N;;N;;N;;N;;N;;N;;N;;N;;N;;N;;N
22.10.2025 06:00;;N;;N;;N;;N;;N;;N;;N;;N;;N;;N;;N
22.10.2025 06:15;;N;;N;;N;;N;;N;;N;;N;;N;;N;;N;;N
22.10.2025 06:30;;N;;N;;N;;N;;N;;N;;N;;N;;N;;N;;N
22.10.2025 06:45;;N;;N;;N;;N;;N;;N;;N;;N;;N;;N;;N
22.10.2025 07:00;;N;;N;;N;;N;;N;;N;;N;;N;;N;;N;;N
22.10.2025 07:15;;N;;N;;N;;N;;N;;N;;N;;N;;N;;N;;N
22.10.2025 07:30;;N;;N;;N;;N;;N;;N;;N;;N;;N;;N;;N
22.10.2025 07:45;;N;;N;;N;;N;;N;;N;;N;;N;;N;;N;;N
22.10.2025 08:00;;N;;N;;N;;N;;N;;N;;N;;N;;N;;N;;N
22.10.2025 08:15;;N;;N;;N;;N;;N;;N;;N;;N;;N;;N;;N
22.10.2025 08:30;;N;;N;;N;;N;;N;;N;;N;;N;;N;;N;;N
22.10.2025 08:45;;N;;N;;N;;N;;N;;N;;N;;N;;N;;N;;N
22.10.2025 09:00;;N;;N;;N;;N;;N;;N;;N;;N;;N;;N;;N
22.10.2025 09:15;;N;;N;;N;;N;;N;;N;;N;;N;;N;;N;;N
22.10.2025 09:30;;N;;N;;N;;N;;N;;N;;N;;N;;N;;N;;N
22.10.2025 09:45;;N;;N;;N;;N;;N;;N;;N;;N;;N;;N;;N
22.10.2025 10:00;;N;;N;;N;;N;;N;;N;;N;;N;;N;;N;;N
22.10.2025 10:15;;N;;N;;N;;N;;N;;N;;N;;N;;N;;N;;N
22.10.2025 10:30;;N;;N;;N;;N;;N;;N;;N;;N;;N;;N;;N
22.10.2025 10:45;;N;;N;;N;;N;;N;;N;;N;;N;;N;;N;;N
22.10.2025 11:00;;N;;N;;N;;N;;N;;N;;N;;N;;N;;N;;N
22.10.2025 11:15;;N;;N;;N;;N;;N;;N;;N;;N;;N;;N;;N
22.10.2025 11:30;;N;;N;;N;;N;;N;;N;;N;;N;;N;;N;;N
22.10.2025 11:45;;N;;N;;N;;N;;N;;N;;N;;N;;N;;N;;N
22.10.2025 12:00;;N;;N;;N;;N;;N;;N;;N;;N;;N;;N;;N
22.10.2025 12:15;;N;;N;;N;;N;;N;;N;;N;;N;;N;;N;;N
22.10.2025 12:30;;N;;N;;N;;N;;N;;N;;N;;N;;N;;N;;N
22.10.2025 12:45;;N;;N;;N;;N;;N;;N;;N;;N;;N;;N;;N
22.10.2025 13:00;;N;;N;;N;;N;;N;;N;;N;;N;;N;;N;;N
22.10.2025 13:15;;N;;N;;N;;N;;N;;N;;N;;N;;N;;N;;N
22.10.2025 13:30;;N;;N;;N;;N;;N;;N;;N;;N;;N;;N;;N
22.10.2025 13:45;;N;;N;;N;;N;;N;;N;;N;;N;;N;;N;;N
22.10.2025 14:00;;N;;N;;N;;N;;N;;N;;N;;N;;N;;N;;N
22.10.2025 14:15;;N;;N;;N;;N;;N;;N;;N;;N;;N;;N;;N
22.10.2025 14:30;;N;;N;;N;;N;;N;;N;;N;;N;;N;;N;;N
22.10.2025 14:45;;N;;N;;N;;N;;N;;N;;N;;N;;N;;N;;N
22.10.2025 15:00;;N;;N;;N;;N;;N;;N;;N;;N;;N;;N;;N
22.10.2025 15:15;;N;;N;;N;;N;;N;;N;;N;;N;;N;;N;;N
22.10.2025 15:30;;N;;N;;N;;N;;N;;N;;N;;N;;N;;N;;N
22.10.2025 15:45;;N;;N;;N;;N;;N;;N;;N;;N;;N;;N;;N
22.10.2025 16:00;;N;;N;;N;;N;;N;;N;;N;;N;;N;;N;;N
22.10.2025 16:15;;N;;N;;N;;N;;N;;N;;N;;N;;N;;N;;N
22.10.2025 16:30;;N;;N;;N;;N;;N;;N;;N;;N;;N;;N;;N
22.10.2025 16:45;;N;;N;;N;;N;;N;;N;;N;;N;;N;;N;;N
22.10.2025 17:00;;N;;N;;N;;N;;N;;N;;N;;N;;N;;N;;N
22.10.2025 17:15;;N;;N;;N;;N;;N;;N;;N;;N;;N;;N;;N
22.10.2025 17:30;;N;;N;;N;;N;;N;;N;;N;;N;;N;;N;;N
22.10.2025 17:45;;N;;N;;N;;N;;N;;N;;N;;N;;N;;N;;N
22.10.2025 18:00;;N;;N;;N;;N;;N;;N;;N;;N;;N;;N;;N
22.10.2025 18:15;;N;;N;;N;;N;;N;;N;;N;;N;;N;;N;;N
22.10.2025 18:30;;N;;N;;N;;N;;N;;N;;N;;N;;N;;N;;N
22.10.2025 18:45;;N;;N;;N;;N;;N;;N;;N;;N;;N;;N;;N
22.10.2025 19:00;;N;;N;;N;;N;;N;;N;;N;;N;;N;;N;;N
22.10.2025 19:15;;N;;N;;N;;N;;N;;N;;N;;N;;N;;N;;N
22.10.2025 19:30;;N;;N;;N;;N;;N;;N;;N;;N;;N;;N;;N
22.10.2025 19:45;;N;;N;;N;;N;;N;;N;;N;;N;;N;;N;;N
22.10.2025 20:00;;N;;N;;N;;N;;N;;N;;N;;N;;N;;N;;N
22.10.2025 20:15;;N;;N;;N;;N;;N;;N;;N;;N;;N;;N;;N
22.10.2025 20:30;;N;;N;;N;;N;;N;;N;;N;;N;;N;;N;;N
22.10.2025 20:45;;N;;N;;N;;N;;N;;N;;N;;N;;N;;N;;N
22.10.2025 21:00;;N;;N;;N;;N;;N;;N;;N;;N;;N;;N;;N
22.10.2025 21:15;;N;;N;;N;;N;;N;;N;;N;;N;;N;;N;;N
22.10.2025 21:30;;N;;N;;N;;N;;N;;N;;N;;N;;N;;N;;N
22.10.2025 21:45;;N;;N;;N;;N;;N;;N;;N;;N;;N;;N;;N
22.10.2025 22:00;;N;;N;;N;;N;;N;;N;;N;;N;;N;;N;;N
22.10.2025 22:15;;N;;N;;N;;N;;N;;N;;N;;N;;N;;N;;N
22.10.2025 22:30;;N;;N;;N;;N;;N;;N;;N;;N;;N;;N;;N
22.10.2025 22:45;;N;;N;;N;;N;;N;;N;;N;;N;;N;;N;;N
22.10.2025 23:00;;N;;N;;N;;N;;N;;N;;N;;N;;N;;N;;N
22.10.2025 23:15;;N;;N;;N;;N;;N;;N;;N;;N;;N;;N;;N
22.10.2025 23:30;;N;;N;;N;;N;;N;;N;;N;;N;;N;;N;;N
22.10.2025 23:45;;N;;N;;N;;N;;N;;N;;N;;N;;N;;N;;N
23.10.2025 00:00;;N;;N;;N;;N;;N;;N;;N;;N;;N;;N;;N
23.10.2025 00:15;;N;;N;;N;;N;;N;;N;;N;;N;;N;;N;;N
23.10.2025 00:30;;N;;N;;N;;N;;N;;N;;N;;N;;N;;N;;N
23.10.2025 00:45;;N;;N;;N;;N;;N;;N;;N;;N;;N;;N;;N
23.10.2025 01:00;;N;;N;;N;;N;;N;;N;;N;;N;;N;;N;;N
23.10.2025 01:15;;N;;N;;N;;N;;N;;N;;N;;N;;N;;N;;N
23.10.2025 01:30;;N;;N;;N;;N;;N;;N;;N;;N;;N;;N;;N
23.10.2025 01:45;;N;;N;;N;;N;;N;;N;;N;;N;;N;;N;;N
23.10.2025 02:00;;N;;N;;N;;N;;N;;N;;N;;N;;N;;N;;N
23.10.2025 02:15;;N;;N;;N;;N;;N;;N;;N;;N;;N;;N;;N
23.10.2025 02:30;;N;;N;;N;;N;;N;;N;;N;;N;;N;;N;;N
23.10.2025 02:45;;N;;N;;N;;N;;N;;N;;N;;N;;N;;N;;N
23.10.2025 03:00;;N;;N;;N;;N;;N;;N;;N;;N;;N;;N;;N
23.10.2025 03:15;;N;;N;;N;;N;;N;;N;;N;;N;;N;;N;;N
23.10.2025 03:30;;N;;N;;N;;N;;N;;N;;N;;N;;N;;N;;N
23.10.2025 03:45;;N;;N;;N;;N;;N;;N;;N;;N;;N;;N;;N
23.10.2025 04:00;;N;;N;;N;;N;;N;;N;;N;;N;;N;;N;;N
23.10.2025 04:15;;N;;N;;N;;N;;N;;N;;N;;N;;N;;N;;N
23.10.2025 04:30;;N;;N;;N;;N;;N;;N;;N;;N;;N;;N;;N
23.10.2025 04:45;;N;;N;;N;;N;;N;;N;;N;;N;;N;;N;;N
23.10.2025 05:00;;N;;N;;N;;N;;N;;N;;N;;N;;N;;N;;N
23.10.2025 05:15;;N;;N;;N;;N;;N;;N;;N;;N;;N;;N;;N
23.10.2025 05:30;;N;;N;;N;;N;;N;;N;;N;;N;;N;;N;;N
23.10.2025 05:45;;N;;N;;N;;N;;N;;N;;N;;N;;N;;N;;N
23.10.2025 06:00;;N;;N;;N;;N;;N;;N;;N;;N;;N;;N;;N
23.10.2025 06:15;;N;;N;;N;;N;;N;;N;;N;;N;;N;;N;;N
23.10.2025 06:30;;N;;N;;N;;N;;N;;N;;N;;N;;N;;N;;N
23.10.2025 06:45;;N;;N;;N;;N;;N;;N;;N;;N;;N;;N;;N
23.10.2025 07:00;;N;;N;;N;;N;;N;;N;;N;;N;;N;;N;;N
23.10.2025 07:15;;N;;N;;N;;N;;N;;N;;N;;N;;N;;N;;N
23.10.2025 07:30;;N;;N;;N;;N;;N;;N;;N;;N;;N;;N;;N
23.10.2025 07:45;;N;;N;;N;;N;;N;;N;;N;;N;;N;;N;;N
23.10.2025 08:00;;N;;N;;N;;N;;N;;N;;N;;N;;N;;N;;N
23.10.2025 08:15;;N;;N;;N;;N;;N;;N;;N;;N;;N;;N;;N
23.10.2025 08:30;;N;;N;;N;;N;;N;;N;;N;;N;;N;;N;;N
23.10.2025 08:45;;N;;N;;N;;N;;N;;N;;N;;N;;N;;N;;N
23.10.2025 09:00;;N;;N;;N;;N;;N;;N;;N;;N;;N;;N;;N
23.10.2025 09:15;;N;;N;;N;;N;;N;;N;;N;;N;;N;;N;;N
23.10.2025 09:30;;N;;N;;N;;N;;N;;N;;N;;N;;N;;N;;N
23.10.2025 09:45;;N;;N;;N;;N;;N;;N;;N;;N;;N;;N;;N
23.10.2025 10:00;;N;;N;;N;;N;;N;;N;;N;;N;;N;;N;;N
23.10.2025 10:15;;N;;N;;N;;N;;N;;N;;N;;N;;N;;N;;N
23.10.2025 10:30;;N;;N;;N;;N;;N;;N;;N;;N;;N;;N;;N
23.10.2025 10:45;;N;;N;;N;;N;;N;;N;;N;;N;;N;;N;;N
23.10.2025 11:00;;N;;N;;N;;N;;N;;N;;N;;N;;N;;N;;N
23.10.2025 11:15;;N;;N;;N;;N;;N;;N;;N;;N;;N;;N;;N
23.10.2025 11:30;;N;;N;;N;;N;;N;;N;;N;;N;;N;;N;;N
23.10.2025 11:45;;N;;N;;N;;N;;N;;N;;N;;N;;N;;N;;N
23.10.2025 12:00;;N;;N;;N;;N;;N;;N;;N;;N;;N;;N;;N
23.10.2025 12:15;;N;;N;;N;;N;;N;;N;;N;;N;;N;;N;;N
23.10.2025 12:30;;N;;N;;N;;N;;N;;N;;N;;N;;N;;N;;N
23.10.2025 12:45;;N;;N;;N;;N;;N;;N;;N;;N;;N;;N;;N
23.10.2025 13:00;;N;;N;;N;;N;;N;;N;;N;;N;;N;;N;;N
23.10.2025 13:15;;N;;N;;N;;N;;N;;N;;N;;N;;N;;N;;N
23.10.2025 13:30;;N;;N;;N;;N;;N;;N;;N;;N;;N;;N;;N
23.10.2025 13:45;;N;;N;;N;;N;;N;;N;;N;;N;;N;;N;;N
23.10.2025 14:00;;N;;N;;N;;N;;N;;N;;N;;N;;N;;N;;N
23.10.2025 14:15;;N;;N;;N;;N;;N;;N;;N;;N;;N;;N;;N
23.10.2025 14:30;;N;;N;;N;;N;;N;;N;;N;;N;;N;;N;;N
23.10.2025 14:45;;N;;N;;N;;N;;N;;N;;N;;N;;N;;N;;N
23.10.2025 15:00;;N;;N;;N;;N;;N;;N;;N;;N;;N;;N;;N
23.10.2025 15:15;;N;;N;;N;;N;;N;;N;;N;;N;;N;;N;;N
23.10.2025 15:30;;N;;N;;N;;N;;N;;N;;N;;N;;N;;N;;N
23.10.2025 15:45;;N;;N;;N;;N;;N;;N;;N;;N;;N;;N;;N
23.10.2025 16:00;;N;;N;;N;;N;;N;;N;;N;;N;;N;;N;;N
23.10.2025 16:15;;N;;N;;N;;N;;N;;N;;N;;N;;N;;N;;N
23.10.2025 16:30;;N;;N;;N;;N;;N;;N;;N;;N;;N;;N;;N
23.10.2025 16:45;;N;;N;;N;;N;;N;;N;;N;;N;;N;;N;;N
23.10.2025 17:00;;N;;N;;N;;N;;N;;N;;N;;N;;N;;N;;N
23.10.2025 17:15;;N;;N;;N;;N;;N;;N;;N;;N;;N;;N;;N
23.10.2025 17:30;;N;;N;;N;;N;;N;;N;;N;;N;;N;;N;;N
23.10.2025 17:45;;N;;N;;N;;N;;N;;N;;N;;N;;N;;N;;N
23.10.2025 18:00;;N;;N;;N;;N;;N;;N;;N;;N;;N;;N;;N
23.10.2025 18:15;;N;;N;;N;;N;;N;;N;;N;;N;;N;;N;;N
23.10.2025 18:30;;N;;N;;N;;N;;N;;N;;N;;N;;N;;N;;N
23.10.2025 18:45;;N;;N;;N;;N;;N;;N;;N;;N;;N;;N;;N
23.10.2025 19:00;;N;;N;;N;;N;;N;;N;;N;;N;;N;;N;;N
23.10.2025 19:15;;N;;N;;N;;N;;N;;N;;N;;N;;N;;N;;N
23.10.2025 19:30;;N;;N;;N;;N;;N;;N;;N;;N;;N;;N;;N
23.10.2025 19:45;;N;;N;;N;;N;;N;;N;;N;;N;;N;;N;;N
23.10.2025 20:00;;N;;N;;N;;N;;N;;N;;N;;N;;N;;N;;N
23.10.2025 20:15;;N;;N;;N;;N;;N;;N;;N;;N;;N;;N;;N
23.10.2025 20:30;;N;;N;;N;;N;;N;;N;;N;;N;;N;;N;;N
23.10.2025 20:45;;N;;N;;N;;N;;N;;N;;N;;N;;N;;N;;N
23.10.2025 21:00;;N;;N;;N;;N;;N;;N;;N;;N;;N;;N;;N
23.10.2025 21:15;;N;;N;;N;;N;;N;;N;;N;;N;;N;;N;;N
23.10.2025 21:30;;N;;N;;N;;N;;N;;N;;N;;N;;N;;N;;N
23.10.2025 21:45;;N;;N;;N;;N;;N;;N;;N;;N;;N;;N;;N
23.10.2025 22:00;;N;;N;;N;;N;;N;;N;;N;;N;;N;;N;;N
23.10.2025 22:15;;N;;N;;N;;N;;N;;N;;N;;N;;N;;N;;N
23.10.2025 22:30;;N;;N;;N;;N;;N;;N;;N;;N;;N;;N;;N
23.10.2025 22:45;;N;;N;;N;;N;;N;;N;;N;;N;;N;;N;;N
23.10.2025 23:00;;N;;N;;N;;N;;N;;N;;N;;N;;N;;N;;N
23.10.2025 23:15;;N;;N;;N;;N;;N;;N;;N;;N;;N;;N;;N
23.10.2025 23:30;;N;;N;;N;;N;;N;;N;;N;;N;;N;;N;;N
23.10.2025 23:45;;N;;N;;N;;N;;N;;N;;N;;N;;N;;N;;N
24.10.2025 00:00;;N;;N;;N;;N;;N;;N;;N;;N;;N;;N;;N
24.10.2025 00:15;;N;;N;;N;;N;;N;;N;;N;;N;;N;;N;;N
24.10.2025 00:30;;N;;N;;N;;N;;N;;N;;N;;N;;N;;N;;N
24.10.2025 00:45;;N;;N;;N;;N;;N;;N;;N;;N;;N;;N;;N
24.10.2025 01:00;;N;;N;;N;;N;;N;;N;;N;;N;;N;;N;;N
24.10.2025 01:15;;N;;N;;N;;N;;N;;N;;N;;N;;N;;N;;N
24.10.2025 01:30;;N;;N;;N;;N;;N;;N;;N;;N;;N;;N;;N
24.10.2025 01:45;;N;;N;;N;;N;;N;;N;;N;;N;;N;;N;;N
24.10.2025 02:00;;N;;N;;N;;N;;N;;N;;N;;N;;N;;N;;N
24.10.2025 02:15;;N;;N;;N;;N;;N;;N;;N;;N;;N;;N;;N
24.10.2025 02:30;;N;;N;;N;;N;;N;;N;;N;;N;;N;;N;;N
24.10.2025 02:45;;N;;N;;N;;N;;N;;N;;N;;N;;N;;N;;N
24.10.2025 03:00;;N;;N;;N;;N;;N;;N;;N;;N;;N;;N;;N
24.10.2025 03:15;;N;;N;;N;;N;;N;;N;;N;;N;;N;;N;;N
24.10.2025 03:30;;N;;N;;N;;N;;N;;N;;N;;N;;N;;N;;N
24.10.2025 03:45;;N;;N;;N;;N;;N;;N;;N;;N;;N;;N;;N
24.10.2025 04:00;;N;;N;;N;;N;;N;;N;;N;;N;;N;;N;;N
24.10.2025 04:15;;N;;N;;N;;N;;N;;N;;N;;N;;N;;N;;N
24.10.2025 04:30;;N;;N;;N;;N;;N;;N;;N;;N;;N;;N;;N
24.10.2025 04:45;;N;;N;;N;;N;;N;;N;;N;;N;;N;;N;;N
24.10.2025 05:00;;N;;N;;N;;N;;N;;N;;N;;N;;N;;N;;N
24.10.2025 05:15;;N;;N;;N;;N;;N;;N;;N;;N;;N;;N;;N
24.10.2025 05:30;;N;;N;;N;;N;;N;;N;;N;;N;;N;;N;;N
24.10.2025 05:45;;N;;N;;N;;N;;N;;N;;N;;N;;N;;N;;N
24.10.2025 06:00;;N;;N;;N;;N;;N;;N;;N;;N;;N;;N;;N
24.10.2025 06:15;;N;;N;;N;;N;;N;;N;;N;;N;;N;;N;;N
24.10.2025 06:30;;N;;N;;N;;N;;N;;N;;N;;N;;N;;N;;N
24.10.2025 06:45;;N;;N;;N;;N;;N;;N;;N;;N;;N;;N;;N
24.10.2025 07:00;;N;;N;;N;;N;;N;;N;;N;;N;;N;;N;;N
24.10.2025 07:15;;N;;N;;N;;N;;N;;N;;N;;N;;N;;N;;N
24.10.2025 07:30;;N;;N;;N;;N;;N;;N;;N;;N;;N;;N;;N
24.10.2025 07:45;;N;;N;;N;;N;;N;;N;;N;;N;;N;;N;;N
24.10.2025 08:00;;N;;N;;N;;N;;N;;N;;N;;N;;N;;N;;N
24.10.2025 08:15;;N;;N;;N;;N;;N;;N;;N;;N;;N;;N;;N
24.10.2025 08:30;;N;;N;;N;;N;;N;;N;;N;;N;;N;;N;;N
24.10.2025 08:45;;N;;N;;N;;N;;N;;N;;N;;N;;N;;N;;N
24.10.2025 09:00;;N;;N;;N;;N;;N;;N;;N;;N;;N;;N;;N
24.10.2025 09:15;;N;;N;;N;;N;;N;;N;;N;;N;;N;;N;;N
24.10.2025 09:30;;N;;N;;N;;N;;N;;N;;N;;N;;N;;N;;N
24.10.2025 09:45;;N;;N;;N;;N;;N;;N;;N;;N;;N;;N;;N
24.10.2025 10:00;;N;;N;;N;;N;;N;;N;;N;;N;;N;;N;;N
24.10.2025 10:15;;N;;N;;N;;N;;N;;N;;N;;N;;N;;N;;N
24.10.2025 10:30;;N;;N;;N;;N;;N;;N;;N;;N;;N;;N;;N
24.10.2025 10:45;;N;;N;;N;;N;;N;;N;;N;;N;;N;;N;;N
24.10.2025 11:00;;N;;N;;N;;N;;N;;N;;N;;N;;N;;N;;N
24.10.2025 11:15;;N;;N;;N;;N;;N;;N;;N;;N;;N;;N;;N
24.10.2025 11:30;;N;;N;;N;;N;;N;;N;;N;;N;;N;;N;;N
24.10.2025 11:45;;N;;N;;N;;N;;N;;N;;N;;N;;N;;N;;N
24.10.2025 12:00;;N;;N;;N;;N;;N;;N;;N;;N;;N;;N;;N
24.10.2025 12:15;;N;;N;;N;;N;;N;;N;;N;;N;;N;;N;;N
24.10.2025 12:30;;N;;N;;N;;N;;N;;N;;N;;N;;N;;N;;N
24.10.2025 12:45;;N;;N;;N;;N;;N;;N;;N;;N;;N;;N;;N
24.10.2025 13:00;;N;;N;;N;;N;;N;;N;;N;;N;;N;;N;;N
24.10.2025 13:15;;N;;N;;N;;N;;N;;N;;N;;N;;N;;N;;N
24.10.2025 13:30;;N;;N;;N;;N;;N;;N;;N;;N;;N;;N;;N
24.10.2025 13:45;;N;;N;;N;;N;;N;;N;;N;;N;;N;;N;;N
24.10.2025 14:00;;N;;N;;N;;N;;N;;N;;N;;N;;N;;N;;N
24.10.2025 14:15;;N;;N;;N;;N;;N;;N;;N;;N;;N;;N;;N
24.10.2025 14:30;;N;;N;;N;;N;;N;;N;;N;;N;;N;;N;;N
24.10.2025 14:45;;N;;N;;N;;N;;N;;N;;N;;N;;N;;N;;N
24.10.2025 15:00;;N;;N;;N;;N;;N;;N;;N;;N;;N;;N;;N
24.10.2025 15:15;;N;;N;;N;;N;;N;;N;;N;;N;;N;;N;;N
24.10.2025 15:30;;N;;N;;N;;N;;N;;N;;N;;N;;N;;N;;N
24.10.2025 15:45;;N;;N;;N;;N;;N;;N;;N;;N;;N;;N;;N
24.10.2025 16:00;;N;;N;;N;;N;;N;;N;;N;;N;;N;;N;;N
24.10.2025 16:15;;N;;N;;N;;N;;N;;N;;N;;N;;N;;N;;N
24.10.2025 16:30;;N;;N;;N;;N;;N;;N;;N;;N;;N;;N;;N
24.10.2025 16:45;;N;;N;;N;;N;;N;;N;;N;;N;;N;;N;;N
24.10.2025 17:00;;N;;N;;N;;N;;N;;N;;N;;N;;N;;N;;N
24.10.2025 17:15;;N;;N;;N;;N;;N;;N;;N;;N;;N;;N;;N
24.10.2025 17:30;;N;;N;;N;;N;;N;;N;;N;;N;;N;;N;;N
24.10.2025 17:45;;N;;N;;N;;N;;N;;N;;N;;N;;N;;N;;N
24.10.2025 18:00;;N;;N;;N;;N;;N;;N;;N;;N;;N;;N;;N
24.10.2025 18:15;;N;;N;;N;;N;;N;;N;;N;;N;;N;;N;;N
24.10.2025 18:30;;N;;N;;N;;N;;N;;N;;N;;N;;N;;N;;N
24.10.2025 18:45;;N;;N;;N;;N;;N;;N;;N;;N;;N;;N;;N
24.10.2025 19:00;;N;;N;;N;;N;;N;;N;;N;;N;;N;;N;;N
24.10.2025 19:15;;N;;N;;N;;N;;N;;N;;N;;N;;N;;N;;N
24.10.2025 19:30;;N;;N;;N;;N;;N;;N;;N;;N;;N;;N;;N
24.10.2025 19:45;;N;;N;;N;;N;;N;;N;;N;;N;;N;;N;;N
24.10.2025 20:00;;N;;N;;N;;N;;N;;N;;N;;N;;N;;N;;N
24.10.2025 20:15;;N;;N;;N;;N;;N;;N;;N;;N;;N;;N;;N
24.10.2025 20:30;;N;;N;;N;;N;;N;;N;;N;;N;;N;;N;;N
24.10.2025 20:45;;N;;N;;N;;N;;N;;N;;N;;N;;N;;N;;N
24.10.2025 21:00;;N;;N;;N;;N;;N;;N;;N;;N;;N;;N;;N
24.10.2025 21:15;;N;;N;;N;;N;;N;;N;;N;;N;;N;;N;;N
24.10.2025 21:30;;N;;N;;N;;N;;N;;N;;N;;N;;N;;N;;N
24.10.2025 21:45;;N;;N;;N;;N;;N;;N;;N;;N;;N;;N;;N
24.10.2025 22:00;;N;;N;;N;;N;;N;;N;;N;;N;;N;;N;;N
24.10.2025 22:15;;N;;N;;N;;N;;N;;N;;N;;N;;N;;N;;N
24.10.2025 22:30;;N;;N;;N;;N;;N;;N;;N;;N;;N;;N;;N
24.10.2025 22:45;;N;;N;;N;;N;;N;;N;;N;;N;;N;;N;;N
24.10.2025 23:00;;N;;N;;N;;N;;N;;N;;N;;N;;N;;N;;N
24.10.2025 23:15;;N;;N;;N;;N;;N;;N;;N;;N;;N;;N;;N
24.10.2025 23:30;;N;;N;;N;;N;;N;;N;;N;;N;;N;;N;;N
24.10.2025 23:45;;N;;N;;N;;N;;N;;N;;N;;N;;N;;N;;N
25.10.2025 00:00;;N;;N;;N;;N;;N;;N;;N;;N;;N;;N;;N
25.10.2025 00:15;;N;;N;;N;;N;;N;;N;;N;;N;;N;;N;;N
25.10.2025 00:30;;N;;N;;N;;N;;N;;N;;N;;N;;N;;N;;N
25.10.2025 00:45;;N;;N;;N;;N;;N;;N;;N;;N;;N;;N;;N
25.10.2025 01:00;;N;;N;;N;;N;;N;;N;;N;;N;;N;;N;;N
25.10.2025 01:15;;N;;N;;N;;N;;N;;N;;N;;N;;N;;N;;N
25.10.2025 01:30;;N;;N;;N;;N;;N;;N;;N;;N;;N;;N;;N
25.10.2025 01:45;;N;;N;;N;;N;;N;;N;;N;;N;;N;;N;;N
25.10.2025 02:00;;N;;N;;N;;N;;N;;N;;N;;N;;N;;N;;N
25.10.2025 02:15;;N;;N;;N;;N;;N;;N;;N;;N;;N;;N;;N
25.10.2025 02:30;;N;;N;;N;;N;;N;;N;;N;;N;;N;;N;;N
25.10.2025 02:45;;N;;N;;N;;N;;N;;N;;N;;N;;N;;N;;N
25.10.2025 03:00;;N;;N;;N;;N;;N;;N;;N;;N;;N;;N;;N
25.10.2025 03:15;;N;;N;;N;;N;;N;;N;;N;;N;;N;;N;;N
25.10.2025 03:30;;N;;N;;N;;N;;N;;N;;N;;N;;N;;N;;N
25.10.2025 03:45;;N;;N;;N;;N;;N;;N;;N;;N;;N;;N;;N
25.10.2025 04:00;;N;;N;;N;;N;;N;;N;;N;;N;;N;;N;;N
25.10.2025 04:15;;N;;N;;N;;N;;N;;N;;N;;N;;N;;N;;N
25.10.2025 04:30;;N;;N;;N;;N;;N;;N;;N;;N;;N;;N;;N
25.10.2025 04:45;;N;;N;;N;;N;;N;;N;;N;;N;;N;;N;;N
25.10.2025 05:00;;N;;N;;N;;N;;N;;N;;N;;N;;N;;N;;N
25.10.2025 05:15;;N;;N;;N;;N;;N;;N;;N;;N;;N;;N;;N
25.10.2025 05:30;;N;;N;;N;;N;;N;;N;;N;;N;;N;;N;;N
25.10.2025 05:45;;N;;N;;N;;N;;N;;N;;N;;N;;N;;N;;N
25.10.2025 06:00;;N;;N;;N;;N;;N;;N;;N;;N;;N;;N;;N
25.10.2025 06:15;;N;;N;;N;;N;;N;;N;;N;;N;;N;;N;;N
25.10.2025 06:30;;N;;N;;N;;N;;N;;N;;N;;N;;N;;N;;N
25.10.2025 06:45;;N;;N;;N;;N;;N;;N;;N;;N;;N;;N;;N
25.10.2025 07:00;;N;;N;;N;;N;;N;;N;;N;;N;;N;;N;;N
25.10.2025 07:15;;N;;N;;N;;N;;N;;N;;N;;N;;N;;N;;N
25.10.2025 07:30;;N;;N;;N;;N;;N;;N;;N;;N;;N;;N;;N
25.10.2025 07:45;;N;;N;;N;;N;;N;;N;;N;;N;;N;;N;;N
25.10.2025 08:00;;N;;N;;N;;N;;N;;N;;N;;N;;N;;N;;N
25.10.2025 08:15;;N;;N;;N;;N;;N;;N;;N;;N;;N;;N;;N
25.10.2025 08:30;;N;;N;;N;;N;;N;;N;;N;;N;;N;;N;;N
25.10.2025 08:45;;N;;N;;N;;N;;N;;N;;N;;N;;N;;N;;N
25.10.2025 09:00;;N;;N;;N;;N;;N;;N;;N;;N;;N;;N;;N
25.10.2025 09:15;;N;;N;;N;;N;;N;;N;;N;;N;;N;;N;;N
25.10.2025 09:30;;N;;N;;N;;N;;N;;N;;N;;N;;N;;N;;N
25.10.2025 09:45;;N;;N;;N;;N;;N;;N;;N;;N;;N;;N;;N
25.10.2025 10:00;;N;;N;;N;;N;;N;;N;;N;;N;;N;;N;;N
25.10.2025 10:15;;N;;N;;N;;N;;N;;N;;N;;N;;N;;N;;N
25.10.2025 10:30;;N;;N;;N;;N;;N;;N;;N;;N;;N;;N;;N
25.10.2025 10:45;;N;;N;;N;;N;;N;;N;;N;;N;;N;;N;;N
25.10.2025 11:00;;N;;N;;N;;N;;N;;N;;N;;N;;N;;N;;N
25.10.2025 11:15;;N;;N;;N;;N;;N;;N;;N;;N;;N;;N;;N
25.10.2025 11:30;;N;;N;;N;;N;;N;;N;;N;;N;;N;;N;;N
25.10.2025 11:45;;N;;N;;N;;N;;N;;N;;N;;N;;N;;N;;N
25.10.2025 12:00;;N;;N;;N;;N;;N;;N;;N;;N;;N;;N;;N
25.10.2025 12:15;;N;;N;;N;;N;;N;;N;;N;;N;;N;;N;;N
25.10.2025 12:30;;N;;N;;N;;N;;N;;N;;N;;N;;N;;N;;N
25.10.2025 12:45;;N;;N;;N;;N;;N;;N;;N;;N;;N;;N;;N
25.10.2025 13:00;;N;;N;;N;;N;;N;;N;;N;;N;;N;;N;;N
25.10.2025 13:15;;N;;N;;N;;N;;N;;N;;N;;N;;N;;N;;N
25.10.2025 13:30;;N;;N;;N;;N;;N;;N;;N;;N;;N;;N;;N
25.10.2025 13:45;;N;;N;;N;;N;;N;;N;;N;;N;;N;;N;;N
25.10.2025 14:00;;N;;N;;N;;N;;N;;N;;N;;N;;N;;N;;N
25.10.2025 14:15;;N;;N;;N;;N;;N;;N;;N;;N;;N;;N;;N
25.10.2025 14:30;;N;;N;;N;;N;;N;;N;;N;;N;;N;;N;;N
25.10.2025 14:45;;N;;N;;N;;N;;N;;N;;N;;N;;N;;N;;N
25.10.2025 15:00;;N;;N;;N;;N;;N;;N;;N;;N;;N;;N;;N
25.10.2025 15:15;;N;;N;;N;;N;;N;;N;;N;;N;;N;;N;;N
25.10.2025 15:30;;N;;N;;N;;N;;N;;N;;N;;N;;N;;N;;N
25.10.2025 15:45;;N;;N;;N;;N;;N;;N;;N;;N;;N;;N;;N
25.10.2025 16:00;;N;;N;;N;;N;;N;;N;;N;;N;;N;;N;;N
25.10.2025 16:15;;N;;N;;N;;N;;N;;N;;N;;N;;N;;N;;N
25.10.2025 16:30;;N;;N;;N;;N;;N;;N;;N;;N;;N;;N;;N
25.10.2025 16:45;;N;;N;;N;;N;;N;;N;;N;;N;;N;;N;;N
25.10.2025 17:00;;N;;N;;N;;N;;N;;N;;N;;N;;N;;N;;N
25.10.2025 17:15;;N;;N;;N;;N;;N;;N;;N;;N;;N;;N;;N
25.10.2025 17:30;;N;;N;;N;;N;;N;;N;;N;;N;;N;;N;;N
25.10.2025 17:45;;N;;N;;N;;N;;N;;N;;N;;N;;N;;N;;N
25.10.2025 18:00;;N;;N;;N;;N;;N;;N;;N;;N;;N;;N;;N
25.10.2025 18:15;;N;;N;;N;;N;;N;;N;;N;;N;;N;;N;;N
25.10.2025 18:30;;N;;N;;N;;N;;N;;N;;N;;N;;N;;N;;N
25.10.2025 18:45;;N;;N;;N;;N;;N;;N;;N;;N;;N;;N;;N
25.10.2025 19:00;;N;;N;;N;;N;;N;;N;;N;;N;;N;;N;;N
25.10.2025 19:15;;N;;N;;N;;N;;N;;N;;N;;N;;N;;N;;N
25.10.2025 19:30;;N;;N;;N;;N;;N;;N;;N;;N;;N;;N;;N
25.10.2025 19:45;;N;;N;;N;;N;;N;;N;;N;;N;;N;;N;;N
25.10.2025 20:00;;N;;N;;N;;N;;N;;N;;N;;N;;N;;N;;N
25.10.2025 20:15;;N;;N;;N;;N;;N;;N;;N;;N;;N;;N;;N
25.10.2025 20:30;;N;;N;;N;;N;;N;;N;;N;;N;;N;;N;;N
25.10.2025 20:45;;N;;N;;N;;N;;N;;N;;N;;N;;N;;N;;N
25.10.2025 21:00;;N;;N;;N;;N;;N;;N;;N;;N;;N;;N;;N
25.10.2025 21:15;;N;;N;;N;;N;;N;;N;;N;;N;;N;;N;;N
25.10.2025 21:30;;N;;N;;N;;N;;N;;N;;N;;N;;N;;N;;N
25.10.2025 21:45;;N;;N;;N;;N;;N;;N;;N;;N;;N;;N;;N
25.10.2025 22:00;;N;;N;;N;;N;;N;;N;;N;;N;;N;;N;;N
25.10.2025 22:15;;N;;N;;N;;N;;N;;N;;N;;N;;N;;N;;N
25.10.2025 22:30;;N;;N;;N;;N;;N;;N;;N;;N;;N;;N;;N
25.10.2025 22:45;;N;;N;;N;;N;;N;;N;;N;;N;;N;;N;;N
25.10.2025 23:00;;N;;N;;N;;N;;N;;N;;N;;N;;N;;N;;N
25.10.2025 23:15;;N;;N;;N;;N;;N;;N;;N;;N;;N;;N;;N
25.10.2025 23:30;;N;;N;;N;;N;;N;;N;;N;;N;;N;;N;;N
25.10.2025 23:45;;N;;N;;N;;N;;N;;N;;N;;N;;N;;N;;N
26.10.2025 00:00;;N;;N;;N;;N;;N;;N;;N;;N;;N;;N;;N
26.10.2025 00:15;;N;;N;;N;;N;;N;;N;;N;;N;;N;;N;;N
26.10.2025 00:30;;N;;N;;N;;N;;N;;N;;N;;N;;N;;N;;N
26.10.2025 00:45;;N;;N;;N;;N;;N;;N;;N;;N;;N;;N;;N
26.10.2025 01:00;;N;;N;;N;;N;;N;;N;;N;;N;;N;;N;;N
26.10.2025 01:15;;N;;N;;N;;N;;N;;N;;N;;N;;N;;N;;N
26.10.2025 01:30;;N;;N;;N;;N;;N;;N;;N;;N;;N;;N;;N
26.10.2025 01:45;;N;;N;;N;;N;;N;;N;;N;;N;;N;;N;;N
26.10.2025 02:00;;N;;N;;N;;N;;N;;N;;N;;N;;N;;N;;N
26.10.2025 02:15;;N;;N;;N;;N;;N;;N;;N;;N;;N;;N;;N
26.10.2025 02:30;;N;;N;;N;;N;;N;;N;;N;;N;;N;;N;;N
26.10.2025 02:45;;N;;N;;N;;N;;N;;N;;N;;N;;N;;N;;N
26.10.2025 03:00;;N;;N;;N;;N;;N;;N;;N;;N;;N;;N;;N
26.10.2025 03:15;;N;;N;;N;;N;;N;;N;;N;;N;;N;;N;;N
26.10.2025 03:30;;N;;N;;N;;N;;N;;N;;N;;N;;N;;N;;N
26.10.2025 03:45;;N;;N;;N;;N;;N;;N;;N;;N;;N;;N;;N
26.10.2025 03:00;;N;;N;;N;;N;;N;;N;;N;;N;;N;;N;;N
26.10.2025 03:15;;N;;N;;N;;N;;N;;N;;N;;N;;N;;N;;N
26.10.2025 03:30;;N;;N;;N;;N;;N;;N;;N;;N;;N;;N;;N
26.10.2025 03:45;;N;;N;;N;;N;;N;;N;;N;;N;;N;;N;;N
26.10.2025 04:00;;N;;N;;N;;N;;N;;N;;N;;N;;N;;N;;N
26.10.2025 04:15;;N;;N;;N;;N;;N;;N;;N;;N;;N;;N;;N
26.10.2025 04:30;;N;;N;;N;;N;;N;;N;;N;;N;;N;;N;;N
26.10.2025 04:45;;N;;N;;N;;N;;N;;N;;N;;N;;N;;N;;N
26.10.2025 05:00;;N;;N;;N;;N;;N;;N;;N;;N;;N;;N;;N
26.10.2025 05:15;;N;;N;;N;;N;;N;;N;;N;;N;;N;;N;;N
26.10.2025 05:30;;N;;N;;N;;N;;N;;N;;N;;N;;N;;N;;N
26.10.2025 05:45;;N;;N;;N;;N;;N;;N;;N;;N;;N;;N;;N
26.10.2025 06:00;;N;;N;;N;;N;;N;;N;;N;;N;;N;;N;;N
26.10.2025 06:15;;N;;N;;N;;N;;N;;N;;N;;N;;N;;N;;N
26.10.2025 06:30;;N;;N;;N;;N;;N;;N;;N;;N;;N;;N;;N
26.10.2025 06:45;;N;;N;;N;;N;;N;;N;;N;;N;;N;;N;;N
26.10.2025 07:00;;N;;N;;N;;N;;N;;N;;N;;N;;N;;N;;N
26.10.2025 07:15;;N;;N;;N;;N;;N;;N;;N;;N;;N;;N;;N
26.10.2025 07:30;;N;;N;;N;;N;;N;;N;;N;;N;;N;;N;;N
26.10.2025 07:45;;N;;N;;N;;N;;N;;N;;N;;N;;N;;N;;N
26.10.2025 08:00;;N;;N;;N;;N;;N;;N;;N;;N;;N;;N;;N
26.10.2025 08:15;;N;;N;;N;;N;;N;;N;;N;;N;;N;;N;;N
26.10.2025 08:30;;N;;N;;N;;N;;N;;N;;N;;N;;N;;N;;N
26.10.2025 08:45;;N;;N;;N;;N;;N;;N;;N;;N;;N;;N;;N
26.10.2025 09:00;;N;;N;;N;;N;;N;;N;;N;;N;;N;;N;;N
26.10.2025 09:15;;N;;N;;N;;N;;N;;N;;N;;N;;N;;N;;N
26.10.2025 09:30;;N;;N;;N;;N;;N;;N;;N;;N;;N;;N;;N
26.10.2025 09:45;;N;;N;;N;;N;;N;;N;;N;;N;;N;;N;;N
26.10.2025 10:00;;N;;N;;N;;N;;N;;N;;N;;N;;N;;N;;N
26.10.2025 10:15;;N;;N;;N;;N;;N;;N;;N;;N;;N;;N;;N
26.10.2025 10:30;;N;;N;;N;;N;;N;;N;;N;;N;;N;;N;;N
26.10.2025 10:45;;N;;N;;N;;N;;N;;N;;N;;N;;N;;N;;N
26.10.2025 11:00;;N;;N;;N;;N;;N;;N;;N;;N;;N;;N;;N
26.10.2025 11:15;;N;;N;;N;;N;;N;;N;;N;;N;;N;;N;;N
26.10.2025 11:30;;N;;N;;N;;N;;N;;N;;N;;N;;N;;N;;N
26.10.2025 11:45;;N;;N;;N;;N;;N;;N;;N;;N;;N;;N;;N
26.10.2025 12:00;;N;;N;;N;;N;;N;;N;;N;;N;;N;;N;;N
26.10.2025 12:15;;N;;N;;N;;N;;N;;N;;N;;N;;N;;N;;N
26.10.2025 12:30;;N;;N;;N;;N;;N;;N;;N;;N;;N;;N;;N
26.10.2025 12:45;;N;;N;;N;;N;;N;;N;;N;;N;;N;;N;;N
26.10.2025 13:00;;N;;N;;N;;N;;N;;N;;N;;N;;N;;N;;N
26.10.2025 13:15;;N;;N;;N;;N;;N;;N;;N;;N;;N;;N;;N
26.10.2025 13:30;;N;;N;;N;;N;;N;;N;;N;;N;;N;;N;;N
26.10.2025 13:45;;N;;N;;N;;N;;N;;N;;N;;N;;N;;N;;N
26.10.2025 14:00;;N;;N;;N;;N;;N;;N;;N;;N;;N;;N;;N
26.10.2025 14:15;;N;;N;;N;;N;;N;;N;;N;;N;;N;;N;;N
26.10.2025 14:30;;N;;N;;N;;N;;N;;N;;N;;N;;N;;N;;N
26.10.2025 14:45;;N;;N;;N;;N;;N;;N;;N;;N;;N;;N;;N
26.10.2025 15:00;;N;;N;;N;;N;;N;;N;;N;;N;;N;;N;;N
26.10.2025 15:15;;N;;N;;N;;N;;N;;N;;N;;N;;N;;N;;N
26.10.2025 15:30;;N;;N;;N;;N;;N;;N;;N;;N;;N;;N;;N
26.10.2025 15:45;;N;;N;;N;;N;;N;;N;;N;;N;;N;;N;;N
26.10.2025 16:00;;N;;N;;N;;N;;N;;N;;N;;N;;N;;N;;N
26.10.2025 16:15;;N;;N;;N;;N;;N;;N;;N;;N;;N;;N;;N
26.10.2025 16:30;;N;;N;;N;;N;;N;;N;;N;;N;;N;;N;;N
26.10.2025 16:45;;N;;N;;N;;N;;N;;N;;N;;N;;N;;N;;N
26.10.2025 17:00;;N;;N;;N;;N;;N;;N;;N;;N;;N;;N;;N
26.10.2025 17:15;;N;;N;;N;;N;;N;;N;;N;;N;;N;;N;;N
26.10.2025 17:30;;N;;N;;N;;N;;N;;N;;N;;N;;N;;N;;N
26.10.2025 17:45;;N;;N;;N;;N;;N;;N;;N;;N;;N;;N;;N
26.10.2025 18:00;;N;;N;;N;;N;;N;;N;;N;;N;;N;;N;;N
26.10.2025 18:15;;N;;N;;N;;N;;N;;N;;N;;N;;N;;N;;N
26.10.2025 18:30;;N;;N;;N;;N;;N;;N;;N;;N;;N;;N;;N
26.10.2025 18:45;;N;;N;;N;;N;;N;;N;;N;;N;;N;;N;;N
26.10.2025 19:00;;N;;N;;N;;N;;N;;N;;N;;N;;N;;N;;N
26.10.2025 19:15;;N;;N;;N;;N;;N;;N;;N;;N;;N;;N;;N
26.10.2025 19:30;;N;;N;;N;;N;;N;;N;;N;;N;;N;;N;;N
26.10.2025 19:45;;N;;N;;N;;N;;N;;N;;N;;N;;N;;N;;N
26.10.2025 20:00;;N;;N;;N;;N;;N;;N;;N;;N;;N;;N;;N
26.10.2025 20:15;;N;;N;;N;;N;;N;;N;;N;;N;;N;;N;;N
26.10.2025 20:30;;N;;N;;N;;N;;N;;N;;N;;N;;N;;N;;N
26.10.2025 20:45;;N;;N;;N;;N;;N;;N;;N;;N;;N;;N;;N
26.10.2025 21:00;;N;;N;;N;;N;;N;;N;;N;;N;;N;;N;;N
26.10.2025 21:15;;N;;N;;N;;N;;N;;N;;N;;N;;N;;N;;N
26.10.2025 21:30;;N;;N;;N;;N;;N;;N;;N;;N;;N;;N;;N
26.10.2025 21:45;;N;;N;;N;;N;;N;;N;;N;;N;;N;;N;;N
26.10.2025 22:00;;N;;N;;N;;N;;N;;N;;N;;N;;N;;N;;N
26.10.2025 22:15;;N;;N;;N;;N;;N;;N;;N;;N;;N;;N;;N
26.10.2025 22:30;;N;;N;;N;;N;;N;;N;;N;;N;;N;;N;;N
26.10.2025 22:45;;N;;N;;N;;N;;N;;N;;N;;N;;N;;N;;N
26.10.2025 23:00;;N;;N;;N;;N;;N;;N;;N;;N;;N;;N;;N
26.10.2025 23:15;;N;;N;;N;;N;;N;;N;;N;;N;;N;;N;;N
26.10.2025 23:30;;N;;N;;N;;N;;N;;N;;N;;N;;N;;N;;N
26.10.2025 23:45;;N;;N;;N;;N;;N;;N;;N;;N;;N;;N;;N
27.10.2025 00:00;;N;;N;;N;;N;;N;;N;;N;;N;;N;;N;;N
27.10.2025 00:15;;N;;N;;N;;N;;N;;N;;N;;N;;N;;N;;N
27.10.2025 00:30;;N;;N;;N;;N;;N;;N;;N;;N;;N;;N;;N
27.10.2025 00:45;;N;;N;;N;;N;;N;;N;;N;;N;;N;;N;;N
27.10.2025 01:00;;N;;N;;N;;N;;N;;N;;N;;N;;N;;N;;N
27.10.2025 01:15;;N;;N;;N;;N;;N;;N;;N;;N;;N;;N;;N
27.10.2025 01:30;;N;;N;;N;;N;;N;;N;;N;;N;;N;;N;;N
27.10.2025 01:45;;N;;N;;N;;N;;N;;N;;N;;N;;N;;N;;N
27.10.2025 02:00;;N;;N;;N;;N;;N;;N;;N;;N;;N;;N;;N
27.10.2025 02:15;;N;;N;;N;;N;;N;;N;;N;;N;;N;;N;;N
27.10.2025 02:30;;N;;N;;N;;N;;N;;N;;N;;N;;N;;N;;N
27.10.2025 02:45;;N;;N;;N;;N;;N;;N;;N;;N;;N;;N;;N
27.10.2025 03:00;;N;;N;;N;;N;;N;;N;;N;;N;;N;;N;;N
27.10.2025 03:15;;N;;N;;N;;N;;N;;N;;N;;N;;N;;N;;N
27.10.2025 03:30;;N;;N;;N;;N;;N;;N;;N;;N;;N;;N;;N
27.10.2025 03:45;;N;;N;;N;;N;;N;;N;;N;;N;;N;;N;;N
27.10.2025 04:00;;N;;N;;N;;N;;N;;N;;N;;N;;N;;N;;N
27.10.2025 04:15;;N;;N;;N;;N;;N;;N;;N;;N;;N;;N;;N
27.10.2025 04:30;;N;;N;;N;;N;;N;;N;;N;;N;;N;;N;;N
27.10.2025 04:45;;N;;N;;N;;N;;N;;N;;N;;N;;N;;N;;N
27.10.2025 05:00;;N;;N;;N;;N;;N;;N;;N;;N;;N;;N;;N
27.10.2025 05:15;;N;;N;;N;;N;;N;;N;;N;;N;;N;;N;;N
27.10.2025 05:30;;N;;N;;N;;N;;N;;N;;N;;N;;N;;N;;N
27.10.2025 05:45;;N;;N;;N;;N;;N;;N;;N;;N;;N;;N;;N
27.10.2025 06:00;;N;;N;;N;;N;;N;;N;;N;;N;;N;;N;;N
27.10.2025 06:15;;N;;N;;N;;N;;N;;N;;N;;N;;N;;N;;N
27.10.2025 06:30;;N;;N;;N;;N;;N;;N;;N;;N;;N;;N;;N
27.10.2025 06:45;;N;;N;;N;;N;;N;;N;;N;;N;;N;;N;;N
27.10.2025 07:00;;N;;N;;N;;N;;N;;N;;N;;N;;N;;N;;N
27.10.2025 07:15;;N;;N;;N;;N;;N;;N;;N;;N;;N;;N;;N
27.10.2025 07:30;;N;;N;;N;;N;;N;;N;;N;;N;;N;;N;;N
27.10.2025 07:45;;N;;N;;N;;N;;N;;N;;N;;N;;N;;N;;N
27.10.2025 08:00;;N;;N;;N;;N;;N;;N;;N;;N;;N;;N;;N
27.10.2025 08:15;;N;;N;;N;;N;;N;;N;;N;;N;;N;;N;;N
27.10.2025 08:30;;N;;N;;N;;N;;N;;N;;N;;N;;N;;N;;N
27.10.2025 08:45;;N;;N;;N;;N;;N;;N;;N;;N;;N;;N;;N
27.10.2025 09:00;;N;;N;;N;;N;;N;;N;;N;;N;;N;;N;;N
27.10.2025 09:15;;N;;N;;N;;N;;N;;N;;N;;N;;N;;N;;N
27.10.2025 09:30;;N;;N;;N;;N;;N;;N;;N;;N;;N;;N;;N
27.10.2025 09:45;;N;;N;;N;;N;;N;;N;;N;;N;;N;;N;;N
27.10.2025 10:00;;N;;N;;N;;N;;N;;N;;N;;N;;N;;N;;N
27.10.2025 10:15;;N;;N;;N;;N;;N;;N;;N;;N;;N;;N;;N
27.10.2025 10:30;;N;;N;;N;;N;;N;;N;;N;;N;;N;;N;;N
27.10.2025 10:45;;N;;N;;N;;N;;N;;N;;N;;N;;N;;N;;N
27.10.2025 11:00;;N;;N;;N;;N;;N;;N;;N;;N;;N;;N;;N
27.10.2025 11:15;;N;;N;;N;;N;;N;;N;;N;;N;;N;;N;;N
27.10.2025 11:30;;N;;N;;N;;N;;N;;N;;N;;N;;N;;N;;N
27.10.2025 11:45;;N;;N;;N;;N;;N;;N;;N;;N;;N;;N;;N
27.10.2025 12:00;;N;;N;;N;;N;;N;;N;;N;;N;;N;;N;;N
27.10.2025 12:15;;N;;N;;N;;N;;N;;N;;N;;N;;N;;N;;N
27.10.2025 12:30;;N;;N;;N;;N;;N;;N;;N;;N;;N;;N;;N
27.10.2025 12:45;;N;;N;;N;;N;;N;;N;;N;;N;;N;;N;;N
27.10.2025 13:00;;N;;N;;N;;N;;N;;N;;N;;N;;N;;N;;N
27.10.2025 13:15;;N;;N;;N;;N;;N;;N;;N;;N;;N;;N;;N
27.10.2025 13:30;;N;;N;;N;;N;;N;;N;;N;;N;;N;;N;;N
27.10.2025 13:45;;N;;N;;N;;N;;N;;N;;N;;N;;N;;N;;N
27.10.2025 14:00;;N;;N;;N;;N;;N;;N;;N;;N;;N;;N;;N
27.10.2025 14:15;;N;;N;;N;;N;;N;;N;;N;;N;;N;;N;;N
27.10.2025 14:30;;N;;N;;N;;N;;N;;N;;N;;N;;N;;N;;N
27.10.2025 14:45;;N;;N;;N;;N;;N;;N;;N;;N;;N;;N;;N
27.10.2025 15:00;;N;;N;;N;;N;;N;;N;;N;;N;;N;;N;;N
27.10.2025 15:15;;N;;N;;N;;N;;N;;N;;N;;N;;N;;N;;N
27.10.2025 15:30;;N;;N;;N;;N;;N;;N;;N;;N;;N;;N;;N
27.10.2025 15:45;;N;;N;;N;;N;;N;;N;;N;;N;;N;;N;;N
27.10.2025 16:00;;N;;N;;N;;N;;N;;N;;N;;N;;N;;N;;N
27.10.2025 16:15;;N;;N;;N;;N;;N;;N;;N;;N;;N;;N;;N
27.10.2025 16:30;;N;;N;;N;;N;;N;;N;;N;;N;;N;;N;;N
27.10.2025 16:45;;N;;N;;N;;N;;N;;N;;N;;N;;N;;N;;N
27.10.2025 17:00;;N;;N;;N;;N;;N;;N;;N;;N;;N;;N;;N
27.10.2025 17:15;;N;;N;;N;;N;;N;;N;;N;;N;;N;;N;;N
27.10.2025 17:30;;N;;N;;N;;N;;N;;N;;N;;N;;N;;N;;N
27.10.2025 17:45;;N;;N;;N;;N;;N;;N;;N;;N;;N;;N;;N
27.10.2025 18:00;;N;;N;;N;;N;;N;;N;;N;;N;;N;;N;;N
27.10.2025 18:15;;N;;N;;N;;N;;N;;N;;N;;N;;N;;N;;N
27.10.2025 18:30;;N;;N;;N;;N;;N;;N;;N;;N;;N;;N;;N
27.10.2025 18:45;;N;;N;;N;;N;;N;;N;;N;;N;;N;;N;;N
27.10.2025 19:00;;N;;N;;N;;N;;N;;N;;N;;N;;N;;N;;N
27.10.2025 19:15;;N;;N;;N;;N;;N;;N;;N;;N;;N;;N;;N
27.10.2025 19:30;;N;;N;;N;;N;;N;;N;;N;;N;;N;;N;;N
27.10.2025 19:45;;N;;N;;N;;N;;N;;N;;N;;N;;N;;N;;N
27.10.2025 20:00;;N;;N;;N;;N;;N;;N;;N;;N;;N;;N;;N
27.10.2025 20:15;;N;;N;;N;;N;;N;;N;;N;;N;;N;;N;;N
27.10.2025 20:30;;N;;N;;N;;N;;N;;N;;N;;N;;N;;N;;N
27.10.2025 20:45;;N;;N;;N;;N;;N;;N;;N;;N;;N;;N;;N
27.10.2025 21:00;;N;;N;;N;;N;;N;;N;;N;;N;;N;;N;;N
27.10.2025 21:15;;N;;N;;N;;N;;N;;N;;N;;N;;N;;N;;N
27.10.2025 21:30;;N;;N;;N;;N;;N;;N;;N;;N;;N;;N;;N
27.10.2025 21:45;;N;;N;;N;;N;;N;;N;;N;;N;;N;;N;;N
27.10.2025 22:00;;N;;N;;N;;N;;N;;N;;N;;N;;N;;N;;N
27.10.2025 22:15;;N;;N;;N;;N;;N;;N;;N;;N;;N;;N;;N
27.10.2025 22:30;;N;;N;;N;;N;;N;;N;;N;;N;;N;;N;;N
27.10.2025 22:45;;N;;N;;N;;N;;N;;N;;N;;N;;N;;N;;N
27.10.2025 23:00;;N;;N;;N;;N;;N;;N;;N;;N;;N;;N;;N
27.10.2025 23:15;;N;;N;;N;;N;;N;;N;;N;;N;;N;;N;;N
27.10.2025 23:30;;N;;N;;N;;N;;N;;N;;N;;N;;N;;N;;N
27.10.2025 23:45;;N;;N;;N;;N;;N;;N;;N;;N;;N;;N;;N
28.10.2025 00:00;;N;;N;;N;;N;;N;;N;;N;;N;;N;;N;;N
28.10.2025 00:15;;N;;N;;N;;N;;N;;N;;N;;N;;N;;N;;N
28.10.2025 00:30;;N;;N;;N;;N;;N;;N;;N;;N;;N;;N;;N
28.10.2025 00:45;;N;;N;;N;;N;;N;;N;;N;;N;;N;;N;;N
28.10.2025 01:00;;N;;N;;N;;N;;N;;N;;N;;N;;N;;N;;N
28.10.2025 01:15;;N;;N;;N;;N;;N;;N;;N;;N;;N;;N;;N
28.10.2025 01:30;;N;;N;;N;;N;;N;;N;;N;;N;;N;;N;;N
28.10.2025 01:45;;N;;N;;N;;N;;N;;N;;N;;N;;N;;N;;N
28.10.2025 02:00;;N;;N;;N;;N;;N;;N;;N;;N;;N;;N;;N
28.10.2025 02:15;;N;;N;;N;;N;;N;;N;;N;;N;;N;;N;;N
28.10.2025 02:30;;N;;N;;N;;N;;N;;N;;N;;N;;N;;N;;N
28.10.2025 02:45;;N;;N;;N;;N;;N;;N;;N;;N;;N;;N;;N
28.10.2025 03:00;;N;;N;;N;;N;;N;;N;;N;;N;;N;;N;;N
28.10.2025 03:15;;N;;N;;N;;N;;N;;N;;N;;N;;N;;N;;N
28.10.2025 03:30;;N;;N;;N;;N;;N;;N;;N;;N;;N;;N;;N
28.10.2025 03:45;;N;;N;;N;;N;;N;;N;;N;;N;;N;;N;;N
28.10.2025 04:00;;N;;N;;N;;N;;N;;N;;N;;N;;N;;N;;N
28.10.2025 04:15;;N;;N;;N;;N;;N;;N;;N;;N;;N;;N;;N
28.10.2025 04:30;;N;;N;;N;;N;;N;;N;;N;;N;;N;;N;;N
28.10.2025 04:45;;N;;N;;N;;N;;N;;N;;N;;N;;N;;N;;N
28.10.2025 05:00;;N;;N;;N;;N;;N;;N;;N;;N;;N;;N;;N
28.10.2025 05:15;;N;;N;;N;;N;;N;;N;;N;;N;;N;;N;;N
28.10.2025 05:30;;N;;N;;N;;N;;N;;N;;N;;N;;N;;N;;N
28.10.2025 05:45;;N;;N;;N;;N;;N;;N;;N;;N;;N;;N;;N
28.10.2025 06:00;;N;;N;;N;;N;;N;;N;;N;;N;;N;;N;;N
28.10.2025 06:15;;N;;N;;N;;N;;N;;N;;N;;N;;N;;N;;N
28.10.2025 06:30;;N;;N;;N;;N;;N;;N;;N;;N;;N;;N;;N
28.10.2025 06:45;;N;;N;;N;;N;;N;;N;;N;;N;;N;;N;;N
28.10.2025 07:00;;N;;N;;N;;N;;N;;N;;N;;N;;N;;N;;N
28.10.2025 07:15;;N;;N;;N;;N;;N;;N;;N;;N;;N;;N;;N
28.10.2025 07:30;;N;;N;;N;;N;;N;;N;;N;;N;;N;;N;;N
28.10.2025 07:45;;N;;N;;N;;N;;N;;N;;N;;N;;N;;N;;N
28.10.2025 08:00;;N;;N;;N;;N;;N;;N;;N;;N;;N;;N;;N
28.10.2025 08:15;;N;;N;;N;;N;;N;;N;;N;;N;;N;;N;;N
28.10.2025 08:30;;N;;N;;N;;N;;N;;N;;N;;N;;N;;N;;N
28.10.2025 08:45;;N;;N;;N;;N;;N;;N;;N;;N;;N;;N;;N
28.10.2025 09:00;;N;;N;;N;;N;;N;;N;;N;;N;;N;;N;;N
28.10.2025 09:15;;N;;N;;N;;N;;N;;N;;N;;N;;N;;N;;N
28.10.2025 09:30;;N;;N;;N;;N;;N;;N;;N;;N;;N;;N;;N
28.10.2025 09:45;;N;;N;;N;;N;;N;;N;;N;;N;;N;;N;;N
28.10.2025 10:00;;N;;N;;N;;N;;N;;N;;N;;N;;N;;N;;N
28.10.2025 10:15;;N;;N;;N;;N;;N;;N;;N;;N;;N;;N;;N
28.10.2025 10:30;;N;;N;;N;;N;;N;;N;;N;;N;;N;;N;;N
28.10.2025 10:45;;N;;N;;N;;N;;N;;N;;N;;N;;N;;N;;N
28.10.2025 11:00;;N;;N;;N;;N;;N;;N;;N;;N;;N;;N;;N
28.10.2025 11:15;;N;;N;;N;;N;;N;;N;;N;;N;;N;;N;;N
28.10.2025 11:30;;N;;N;;N;;N;;N;;N;;N;;N;;N;;N;;N
28.10.2025 11:45;;N;;N;;N;;N;;N;;N;;N;;N;;N;;N;;N
28.10.2025 12:00;;N;;N;;N;;N;;N;;N;;N;;N;;N;;N;;N
28.10.2025 12:15;;N;;N;;N;;N;;N;;N;;N;;N;;N;;N;;N
28.10.2025 12:30;;N;;N;;N;;N;;N;;N;;N;;N;;N;;N;;N
28.10.2025 12:45;;N;;N;;N;;N;;N;;N;;N;;N;;N;;N;;N
28.10.2025 13:00;;N;;N;;N;;N;;N;;N;;N;;N;;N;;N;;N
28.10.2025 13:15;;N;;N;;N;;N;;N;;N;;N;;N;;N;;N;;N
28.10.2025 13:30;;N;;N;;N;;N;;N;;N;;N;;N;;N;;N;;N
28.10.2025 13:45;;N;;N;;N;;N;;N;;N;;N;;N;;N;;N;;N
28.10.2025 14:00;;N;;N;;N;;N;;N;;N;;N;;N;;N;;N;;N
28.10.2025 14:15;;N;;N;;N;;N;;N;;N;;N;;N;;N;;N;;N
28.10.2025 14:30;;N;;N;;N;;N;;N;;N;;N;;N;;N;;N;;N
28.10.2025 14:45;;N;;N;;N;;N;;N;;N;;N;;N;;N;;N;;N
28.10.2025 15:00;;N;;N;;N;;N;;N;;N;;N;;N;;N;;N;;N
28.10.2025 15:15;;N;;N;;N;;N;;N;;N;;N;;N;;N;;N;;N
28.10.2025 15:30;;N;;N;;N;;N;;N;;N;;N;;N;;N;;N;;N
28.10.2025 15:45;;N;;N;;N;;N;;N;;N;;N;;N;;N;;N;;N
28.10.2025 16:00;;N;;N;;N;;N;;N;;N;;N;;N;;N;;N;;N
28.10.2025 16:15;;N;;N;;N;;N;;N;;N;;N;;N;;N;;N;;N
28.10.2025 16:30;;N;;N;;N;;N;;N;;N;;N;;N;;N;;N;;N
28.10.2025 16:45;;N;;N;;N;;N;;N;;N;;N;;N;;N;;N;;N
28.10.2025 17:00;;N;;N;;N;;N;;N;;N;;N;;N;;N;;N;;N
28.10.2025 17:15;;N;;N;;N;;N;;N;;N;;N;;N;;N;;N;;N
28.10.2025 17:30;;N;;N;;N;;N;;N;;N;;N;;N;;N;;N;;N
28.10.2025 17:45;;N;;N;;N;;N;;N;;N;;N;;N;;N;;N;;N
28.10.2025 18:00;;N;;N;;N;;N;;N;;N;;N;;N;;N;;N;;N
28.10.2025 18:15;;N;;N;;N;;N;;N;;N;;N;;N;;N;;N;;N
28.10.2025 18:30;;N;;N;;N;;N;;N;;N;;N;;N;;N;;N;;N
28.10.2025 18:45;;N;;N;;N;;N;;N;;N;;N;;N;;N;;N;;N
28.10.2025 19:00;;N;;N;;N;;N;;N;;N;;N;;N;;N;;N;;N
28.10.2025 19:15;;N;;N;;N;;N;;N;;N;;N;;N;;N;;N;;N
28.10.2025 19:30;;N;;N;;N;;N;;N;;N;;N;;N;;N;;N;;N
28.10.2025 19:45;;N;;N;;N;;N;;N;;N;;N;;N;;N;;N;;N
28.10.2025 20:00;;N;;N;;N;;N;;N;;N;;N;;N;;N;;N;;N
28.10.2025 20:15;;N;;N;;N;;N;;N;;N;;N;;N;;N;;N;;N
28.10.2025 20:30;;N;;N;;N;;N;;N;;N;;N;;N;;N;;N;;N
28.10.2025 20:45;;N;;N;;N;;N;;N;;N;;N;;N;;N;;N;;N
28.10.2025 21:00;;N;;N;;N;;N;;N;;N;;N;;N;;N;;N;;N
28.10.2025 21:15;;N;;N;;N;;N;;N;;N;;N;;N;;N;;N;;N
28.10.2025 21:30;;N;;N;;N;;N;;N;;N;;N;;N;;N;;N;;N
28.10.2025 21:45;;N;;N;;N;;N;;N;;N;;N;;N;;N;;N;;N
28.10.2025 22:00;;N;;N;;N;;N;;N;;N;;N;;N;;N;;N;;N
28.10.2025 22:15;;N;;N;;N;;N;;N;;N;;N;;N;;N;;N;;N
28.10.2025 22:30;;N;;N;;N;;N;;N;;N;;N;;N;;N;;N;;N
28.10.2025 22:45;;N;;N;;N;;N;;N;;N;;N;;N;;N;;N;;N
28.10.2025 23:00;;N;;N;;N;;N;;N;;N;;N;;N;;N;;N;;N
28.10.2025 23:15;;N;;N;;N;;N;;N;;N;;N;;N;;N;;N;;N
28.10.2025 23:30;;N;;N;;N;;N;;N;;N;;N;;N;;N;;N;;N
28.10.2025 23:45;;N;;N;;N;;N;;N;;N;;N;;N;;N;;N;;N
29.10.2025 00:00;;N;;N;;N;;N;;N;;N;;N;;N;;N;;N;;N
29.10.2025 00:15;;N;;N;;N;;N;;N;;N;;N;;N;;N;;N;;N
29.10.2025 00:30;;N;;N;;N;;N;;N;;N;;N;;N;;N;;N;;N
29.10.2025 00:45;;N;;N;;N;;N;;N;;N;;N;;N;;N;;N;;N
29.10.2025 01:00;;N;;N;;N;;N;;N;;N;;N;;N;;N;;N;;N
29.10.2025 01:15;;N;;N;;N;;N;;N;;N;;N;;N;;N;;N;;N
29.10.2025 01:30;;N;;N;;N;;N;;N;;N;;N;;N;;N;;N;;N
29.10.2025 01:45;;N;;N;;N;;N;;N;;N;;N;;N;;N;;N;;N
29.10.2025 02:00;;N;;N;;N;;N;;N;;N;;N;;N;;N;;N;;N
29.10.2025 02:15;;N;;N;;N;;N;;N;;N;;N;;N;;N;;N;;N
29.10.2025 02:30;;N;;N;;N;;N;;N;;N;;N;;N;;N;;N;;N
29.10.2025 02:45;;N;;N;;N;;N;;N;;N;;N;;N;;N;;N;;N
29.10.2025 03:00;;N;;N;;N;;N;;N;;N;;N;;N;;N;;N;;N
29.10.2025 03:15;;N;;N;;N;;N;;N;;N;;N;;N;;N;;N;;N
29.10.2025 03:30;;N;;N;;N;;N;;N;;N;;N;;N;;N;;N;;N
29.10.2025 03:45;;N;;N;;N;;N;;N;;N;;N;;N;;N;;N;;N
29.10.2025 04:00;;N;;N;;N;;N;;N;;N;;N;;N;;N;;N;;N
29.10.2025 04:15;;N;;N;;N;;N;;N;;N;;N;;N;;N;;N;;N
29.10.2025 04:30;;N;;N;;N;;N;;N;;N;;N;;N;;N;;N;;N
29.10.2025 04:45;;N;;N;;N;;N;;N;;N;;N;;N;;N;;N;;N
29.10.2025 05:00;;N;;N;;N;;N;;N;;N;;N;;N;;N;;N;;N
29.10.2025 05:15;;N;;N;;N;;N;;N;;N;;N;;N;;N;;N;;N
29.10.2025 05:30;;N;;N;;N;;N;;N;;N;;N;;N;;N;;N;;N
29.10.2025 05:45;;N;;N;;N;;N;;N;;N;;N;;N;;N;;N;;N
29.10.2025 06:00;;N;;N;;N;;N;;N;;N;;N;;N;;N;;N;;N
29.10.2025 06:15;;N;;N;;N;;N;;N;;N;;N;;N;;N;;N;;N
29.10.2025 06:30;;N;;N;;N;;N;;N;;N;;N;;N;;N;;N;;N
29.10.2025 06:45;;N;;N;;N;;N;;N;;N;;N;;N;;N;;N;;N
29.10.2025 07:00;;N;;N;;N;;N;;N;;N;;N;;N;;N;;N;;N
29.10.2025 07:15;;N;;N;;N;;N;;N;;N;;N;;N;;N;;N;;N
29.10.2025 07:30;;N;;N;;N;;N;;N;;N;;N;;N;;N;;N;;N
29.10.2025 07:45;;N;;N;;N;;N;;N;;N;;N;;N;;N;;N;;N
29.10.2025 08:00;;N;;N;;N;;N;;N;;N;;N;;N;;N;;N;;N
29.10.2025 08:15;;N;;N;;N;;N;;N;;N;;N;;N;;N;;N;;N
29.10.2025 08:30;;N;;N;;N;;N;;N;;N;;N;;N;;N;;N;;N
29.10.2025 08:45;;N;;N;;N;;N;;N;;N;;N;;N;;N;;N;;N
29.10.2025 09:00;;N;;N;;N;;N;;N;;N;;N;;N;;N;;N;;N
29.10.2025 09:15;;N;;N;;N;;N;;N;;N;;N;;N;;N;;N;;N
29.10.2025 09:30;;N;;N;;N;;N;;N;;N;;N;;N;;N;;N;;N
29.10.2025 09:45;;N;;N;;N;;N;;N;;N;;N;;N;;N;;N;;N
29.10.2025 10:00;;N;;N;;N;;N;;N;;N;;N;;N;;N;;N;;N
29.10.2025 10:15;;N;;N;;N;;N;;N;;N;;N;;N;;N;;N;;N
29.10.2025 10:30;;N;;N;;N;;N;;N;;N;;N;;N;;N;;N;;N
29.10.2025 10:45;;N;;N;;N;;N;;N;;N;;N;;N;;N;;N;;N
29.10.2025 11:00;;N;;N;;N;;N;;N;;N;;N;;N;;N;;N;;N
29.10.2025 11:15;;N;;N;;N;;N;;N;;N;;N;;N;;N;;N;;N
29.10.2025 11:30;;N;;N;;N;;N;;N;;N;;N;;N;;N;;N;;N
29.10.2025 11:45;;N;;N;;N;;N;;N;;N;;N;;N;;N;;N;;N
29.10.2025 12:00;;N;;N;;N;;N;;N;;N;;N;;N;;N;;N;;N
29.10.2025 12:15;;N;;N;;N;;N;;N;;N;;N;;N;;N;;N;;N
29.10.2025 12:30;;N;;N;;N;;N;;N;;N;;N;;N;;N;;N;;N
29.10.2025 12:45;;N;;N;;N;;N;;N;;N;;N;;N;;N;;N;;N
29.10.2025 13:00;;N;;N;;N;;N;;N;;N;;N;;N;;N;;N;;N
29.10.2025 13:15;;N;;N;;N;;N;;N;;N;;N;;N;;N;;N;;N
29.10.2025 13:30;;N;;N;;N;;N;;N;;N;;N;;N;;N;;N;;N
29.10.2025 13:45;;N;;N;;N;;N;;N;;N;;N;;N;;N;;N;;N
29.10.2025 14:00;;N;;N;;N;;N;;N;;N;;N;;N;;N;;N;;N
29.10.2025 14:15;;N;;N;;N;;N;;N;;N;;N;;N;;N;;N;;N
29.10.2025 14:30;;N;;N;;N;;N;;N;;N;;N;;N;;N;;N;;N
29.10.2025 14:45;;N;;N;;N;;N;;N;;N;;N;;N;;N;;N;;N
29.10.2025 15:00;;N;;N;;N;;N;;N;;N;;N;;N;;N;;N;;N
29.10.2025 15:15;;N;;N;;N;;N;;N;;N;;N;;N;;N;;N;;N
29.10.2025 15:30;;N;;N;;N;;N;;N;;N;;N;;N;;N;;N;;N
29.10.2025 15:45;;N;;N;;N;;N;;N;;N;;N;;N;;N;;N;;N
29.10.2025 16:00;;N;;N;;N;;N;;N;;N;;N;;N;;N;;N;;N
29.10.2025 16:15;;N;;N;;N;;N;;N;;N;;N;;N;;N;;N;;N
29.10.2025 16:30;;N;;N;;N;;N;;N;;N;;N;;N;;N;;N;;N
29.10.2025 16:45;;N;;N;;N;;N;;N;;N;;N;;N;;N;;N;;N
29.10.2025 17:00;;N;;N;;N;;N;;N;;N;;N;;N;;N;;N;;N
29.10.2025 17:15;;N;;N;;N;;N;;N;;N;;N;;N;;N;;N;;N
29.10.2025 17:30;;N;;N;;N;;N;;N;;N;;N;;N;;N;;N;;N
29.10.2025 17:45;;N;;N;;N;;N;;N;;N;;N;;N;;N;;N;;N
29.10.2025 18:00;;N;;N;;N;;N;;N;;N;;N;;N;;N;;N;;N
29.10.2025 18:15;;N;;N;;N;;N;;N;;N;;N;;N;;N;;N;;N
29.10.2025 18:30;;N;;N;;N;;N;;N;;N;;N;;N;;N;;N;;N
29.10.2025 18:45;;N;;N;;N;;N;;N;;N;;N;;N;;N;;N;;N
29.10.2025 19:00;;N;;N;;N;;N;;N;;N;;N;;N;;N;;N;;N
29.10.2025 19:15;;N;;N;;N;;N;;N;;N;;N;;N;;N;;N;;N
29.10.2025 19:30;;N;;N;;N;;N;;N;;N;;N;;N;;N;;N;;N
29.10.2025 19:45;;N;;N;;N;;N;;N;;N;;N;;N;;N;;N;;N
29.10.2025 20:00;;N;;N;;N;;N;;N;;N;;N;;N;;N;;N;;N
29.10.2025 20:15;;N;;N;;N;;N;;N;;N;;N;;N;;N;;N;;N
29.10.2025 20:30;;N;;N;;N;;N;;N;;N;;N;;N;;N;;N;;N
29.10.2025 20:45;;N;;N;;N;;N;;N;;N;;N;;N;;N;;N;;N
29.10.2025 21:00;;N;;N;;N;;N;;N;;N;;N;;N;;N;;N;;N
29.10.2025 21:15;;N;;N;;N;;N;;N;;N;;N;;N;;N;;N;;N
29.10.2025 21:30;;N;;N;;N;;N;;N;;N;;N;;N;;N;;N;;N
29.10.2025 21:45;;N;;N;;N;;N;;N;;N;;N;;N;;N;;N;;N
29.10.2025 22:00;;N;;N;;N;;N;;N;;N;;N;;N;;N;;N;;N
29.10.2025 22:15;;N;;N;;N;;N;;N;;N;;N;;N;;N;;N;;N
29.10.2025 22:30;;N;;N;;N;;N;;N;;N;;N;;N;;N;;N;;N
29.10.2025 22:45;;N;;N;;N;;N;;N;;N;;N;;N;;N;;N;;N
29.10.2025 23:00;;N;;N;;N;;N;;N;;N;;N;;N;;N;;N;;N
29.10.2025 23:15;;N;;N;;N;;N;;N;;N;;N;;N;;N;;N;;N
29.10.2025 23:30;;N;;N;;N;;N;;N;;N;;N;;N;;N;;N;;N
29.10.2025 23:45;;N;;N;;N;;N;;N;;N;;N;;N;;N;;N;;N
30.10.2025 00:00;;N;;N;;N;;N;;N;;N;;N;;N;;N;;N;;N
30.10.2025 00:15;;N;;N;;N;;N;;N;;N;;N;;N;;N;;N;;N
30.10.2025 00:30;;N;;N;;N;;N;;N;;N;;N;;N;;N;;N;;N
30.10.2025 00:45;;N;;N;;N;;N;;N;;N;;N;;N;;N;;N;;N
30.10.2025 01:00;;N;;N;;N;;N;;N;;N;;N;;N;;N;;N;;N
30.10.2025 01:15;;N;;N;;N;;N;;N;;N;;N;;N;;N;;N;;N
30.10.2025 01:30;;N;;N;;N;;N;;N;;N;;N;;N;;N;;N;;N
30.10.2025 01:45;;N;;N;;N;;N;;N;;N;;N;;N;;N;;N;;N
30.10.2025 02:00;;N;;N;;N;;N;;N;;N;;N;;N;;N;;N;;N
30.10.2025 02:15;;N;;N;;N;;N;;N;;N;;N;;N;;N;;N;;N
30.10.2025 02:30;;N;;N;;N;;N;;N;;N;;N;;N;;N;;N;;N
30.10.2025 02:45;;N;;N;;N;;N;;N;;N;;N;;N;;N;;N;;N
30.10.2025 03:00;;N;;N;;N;;N;;N;;N;;N;;N;;N;;N;;N
30.10.2025 03:15;;N;;N;;N;;N;;N;;N;;N;;N;;N;;N;;N
30.10.2025 03:30;;N;;N;;N;;N;;N;;N;;N;;N;;N;;N;;N
30.10.2025 03:45;;N;;N;;N;;N;;N;;N;;N;;N;;N;;N;;N
30.10.2025 04:00;;N;;N;;N;;N;;N;;N;;N;;N;;N;;N;;N
30.10.2025 04:15;;N;;N;;N;;N;;N;;N;;N;;N;;N;;N;;N
30.10.2025 04:30;;N;;N;;N;;N;;N;;N;;N;;N;;N;;N;;N
30.10.2025 04:45;;N;;N;;N;;N;;N;;N;;N;;N;;N;;N;;N
30.10.2025 05:00;;N;;N;;N;;N;;N;;N;;N;;N;;N;;N;;N
30.10.2025 05:15;;N;;N;;N;;N;;N;;N;;N;;N;;N;;N;;N
30.10.2025 05:30;;N;;N;;N;;N;;N;;N;;N;;N;;N;;N;;N
30.10.2025 05:45;;N;;N;;N;;N;;N;;N;;N;;N;;N;;N;;N
30.10.2025 06:00;;N;;N;;N;;N;;N;;N;;N;;N;;N;;N;;N
30.10.2025 06:15;;N;;N;;N;;N;;N;;N;;N;;N;;N;;N;;N
30.10.2025 06:30;;N;;N;;N;;N;;N;;N;;N;;N;;N;;N;;N
30.10.2025 06:45;;N;;N;;N;;N;;N;;N;;N;;N;;N;;N;;N
30.10.2025 07:00;;N;;N;;N;;N;;N;;N;;N;;N;;N;;N;;N
30.10.2025 07:15;;N;;N;;N;;N;;N;;N;;N;;N;;N;;N;;N
30.10.2025 07:30;;N;;N;;N;;N;;N;;N;;N;;N;;N;;N;;N
30.10.2025 07:45;;N;;N;;N;;N;;N;;N;;N;;N;;N;;N;;N
30.10.2025 08:00;;N;;N;;N;;N;;N;;N;;N;;N;;N;;N;;N
30.10.2025 08:15;;N;;N;;N;;N;;N;;N;;N;;N;;N;;N;;N
30.10.2025 08:30;;N;;N;;N;;N;;N;;N;;N;;N;;N;;N;;N
30.10.2025 08:45;;N;;N;;N;;N;;N;;N;;N;;N;;N;;N;;N
30.10.2025 09:00;;N;;N;;N;;N;;N;;N;;N;;N;;N;;N;;N
30.10.2025 09:15;;N;;N;;N;;N;;N;;N;;N;;N;;N;;N;;N
30.10.2025 09:30;;N;;N;;N;;N;;N;;N;;N;;N;;N;;N;;N
30.10.2025 09:45;;N;;N;;N;;N;;N;;N;;N;;N;;N;;N;;N
30.10.2025 10:00;;N;;N;;N;;N;;N;;N;;N;;N;;N;;N;;N
30.10.2025 10:15;;N;;N;;N;;N;;N;;N;;N;;N;;N;;N;;N
30.10.2025 10:30;;N;;N;;N;;N;;N;;N;;N;;N;;N;;N;;N
30.10.2025 10:45;;N;;N;;N;;N;;N;;N;;N;;N;;N;;N;;N
30.10.2025 11:00;;N;;N;;N;;N;;N;;N;;N;;N;;N;;N;;N
30.10.2025 11:15;;N;;N;;N;;N;;N;;N;;N;;N;;N;;N;;N
30.10.2025 11:30;;N;;N;;N;;N;;N;;N;;N;;N;;N;;N;;N
30.10.2025 11:45;;N;;N;;N;;N;;N;;N;;N;;N;;N;;N;;N
30.10.2025 12:00;;N;;N;;N;;N;;N;;N;;N;;N;;N;;N;;N
30.10.2025 12:15;;N;;N;;N;;N;;N;;N;;N;;N;;N;;N;;N
30.10.2025 12:30;;N;;N;;N;;N;;N;;N;;N;;N;;N;;N;;N
30.10.2025 12:45;;N;;N;;N;;N;;N;;N;;N;;N;;N;;N;;N
30.10.2025 13:00;;N;;N;;N;;N;;N;;N;;N;;N;;N;;N;;N
30.10.2025 13:15;;N;;N;;N;;N;;N;;N;;N;;N;;N;;N;;N
30.10.2025 13:30;;N;;N;;N;;N;;N;;N;;N;;N;;N;;N;;N
30.10.2025 13:45;;N;;N;;N;;N;;N;;N;;N;;N;;N;;N;;N
30.10.2025 14:00;;N;;N;;N;;N;;N;;N;;N;;N;;N;;N;;N
30.10.2025 14:15;;N;;N;;N;;N;;N;;N;;N;;N;;N;;N;;N
30.10.2025 14:30;;N;;N;;N;;N;;N;;N;;N;;N;;N;;N;;N
30.10.2025 14:45;;N;;N;;N;;N;;N;;N;;N;;N;;N;;N;;N
30.10.2025 15:00;;N;;N;;N;;N;;N;;N;;N;;N;;N;;N;;N
30.10.2025 15:15;;N;;N;;N;;N;;N;;N;;N;;N;;N;;N;;N
30.10.2025 15:30;;N;;N;;N;;N;;N;;N;;N;;N;;N;;N;;N
30.10.2025 15:45;;N;;N;;N;;N;;N;;N;;N;;N;;N;;N;;N
30.10.2025 16:00;;N;;N;;N;;N;;N;;N;;N;;N;;N;;N;;N
30.10.2025 16:15;;N;;N;;N;;N;;N;;N;;N;;N;;N;;N;;N
30.10.2025 16:30;;N;;N;;N;;N;;N;;N;;N;;N;;N;;N;;N
30.10.2025 16:45;;N;;N;;N;;N;;N;;N;;N;;N;;N;;N;;N
30.10.2025 17:00;;N;;N;;N;;N;;N;;N;;N;;N;;N;;N;;N
30.10.2025 17:15;;N;;N;;N;;N;;N;;N;;N;;N;;N;;N;;N
30.10.2025 17:30;;N;;N;;N;;N;;N;;N;;N;;N;;N;;N;;N
30.10.2025 17:45;;N;;N;;N;;N;;N;;N;;N;;N;;N;;N;;N
30.10.2025 18:00;;N;;N;;N;;N;;N;;N;;N;;N;;N;;N;;N
30.10.2025 18:15;;N;;N;;N;;N;;N;;N;;N;;N;;N;;N;;N
30.10.2025 18:30;;N;;N;;N;;N;;N;;N;;N;;N;;N;;N;;N
30.10.2025 18:45;;N;;N;;N;;N;;N;;N;;N;;N;;N;;N;;N
30.10.2025 19:00;;N;;N;;N;;N;;N;;N;;N;;N;;N;;N;;N
30.10.2025 19:15;;N;;N;;N;;N;;N;;N;;N;;N;;N;;N;;N
30.10.2025 19:30;;N;;N;;N;;N;;N;;N;;N;;N;;N;;N;;N
30.10.2025 19:45;;N;;N;;N;;N;;N;;N;;N;;N;;N;;N;;N
30.10.2025 20:00;;N;;N;;N;;N;;N;;N;;N;;N;;N;;N;;N
30.10.2025 20:15;;N;;N;;N;;N;;N;;N;;N;;N;;N;;N;;N
30.10.2025 20:30;;N;;N;;N;;N;;N;;N;;N;;N;;N;;N;;N
30.10.2025 20:45;;N;;N;;N;;N;;N;;N;;N;;N;;N;;N;;N
30.10.2025 21:00;;N;;N;;N;;N;;N;;N;;N;;N;;N;;N;;N
30.10.2025 21:15;;N;;N;;N;;N;;N;;N;;N;;N;;N;;N;;N
30.10.2025 21:30;;N;;N;;N;;N;;N;;N;;N;;N;;N;;N;;N
30.10.2025 21:45;;N;;N;;N;;N;;N;;N;;N;;N;;N;;N;;N
30.10.2025 22:00;;N;;N;;N;;N;;N;;N;;N;;N;;N;;N;;N
30.10.2025 22:15;;N;;N;;N;;N;;N;;N;;N;;N;;N;;N;;N
30.10.2025 22:30;;N;;N;;N;;N;;N;;N;;N;;N;;N;;N;;N
30.10.2025 22:45;;N;;N;;N;;N;;N;;N;;N;;N;;N;;N;;N
30.10.2025 23:00;;N;;N;;N;;N;;N;;N;;N;;N;;N;;N;;N
30.10.2025 23:15;;N;;N;;N;;N;;N;;N;;N;;N;;N;;N;;N
30.10.2025 23:30;;N;;N;;N;;N;;N;;N;;N;;N;;N;;N;;N
30.10.2025 23:45;;N;;N;;N;;N;;N;;N;;N;;N;;N;;N;;N
31.10.2025 00:00;;N;;N;;N;;N;;N;;N;;N;;N;;N;;N;;N
31.10.2025 00:15;;N;;N;;N;;N;;N;;N;;N;;N;;N;;N;;N
31.10.2025 00:30;;N;;N;;N;;N;;N;;N;;N;;N;;N;;N;;N
31.10.2025 00:45;;N;;N;;N;;N;;N;;N;;N;;N;;N;;N;;N
31.10.2025 01:00;;N;;N;;N;;N;;N;;N;;N;;N;;N;;N;;N
31.10.2025 01:15;;N;;N;;N;;N;;N;;N;;N;;N;;N;;N;;N
31.10.2025 01:30;;N;;N;;N;;N;;N;;N;;N;;N;;N;;N;;N
31.10.2025 01:45;;N;;N;;N;;N;;N;;N;;N;;N;;N;;N;;N
31.10.2025 02:00;;N;;N;;N;;N;;N;;N;;N;;N;;N;;N;;N
31.10.2025 02:15;;N;;N;;N;;N;;N;;N;;N;;N;;N;;N;;N
31.10.2025 02:30;;N;;N;;N;;N;;N;;N;;N;;N;;N;;N;;N
31.10.2025 02:45;;N;;N;;N;;N;;N;;N;;N;;N;;N;;N;;N
31.10.2025 03:00;;N;;N;;N;;N;;N;;N;;N;;N;;N;;N;;N
31.10.2025 03:15;;N;;N;;N;;N;;N;;N;;N;;N;;N;;N;;N
31.10.2025 03:30;;N;;N;;N;;N;;N;;N;;N;;N;;N;;N;;N
31.10.2025 03:45;;N;;N;;N;;N;;N;;N;;N;;N;;N;;N;;N
31.10.2025 04:00;;N;;N;;N;;N;;N;;N;;N;;N;;N;;N;;N
31.10.2025 04:15;;N;;N;;N;;N;;N;;N;;N;;N;;N;;N;;N
31.10.2025 04:30;;N;;N;;N;;N;;N;;N;;N;;N;;N;;N;;N
31.10.2025 04:45;;N;;N;;N;;N;;N;;N;;N;;N;;N;;N;;N
31.10.2025 05:00;;N;;N;;N;;N;;N;;N;;N;;N;;N;;N;;N
31.10.2025 05:15;;N;;N;;N;;N;;N;;N;;N;;N;;N;;N;;N
31.10.2025 05:30;;N;;N;;N;;N;;N;;N;;N;;N;;N;;N;;N
31.10.2025 05:45;;N;;N;;N;;N;;N;;N;;N;;N;;N;;N;;N
31.10.2025 06:00;;N;;N;;N;;N;;N;;N;;N;;N;;N;;N;;N
31.10.2025 06:15;;N;;N;;N;;N;;N;;N;;N;;N;;N;;N;;N
31.10.2025 06:30;;N;;N;;N;;N;;N;;N;;N;;N;;N;;N;;N
31.10.2025 06:45;;N;;N;;N;;N;;N;;N;;N;;N;;N;;N;;N
31.10.2025 07:00;;N;;N;;N;;N;;N;;N;;N;;N;;N;;N;;N
31.10.2025 07:15;;N;;N;;N;;N;;N;;N;;N;;N;;N;;N;;N
31.10.2025 07:30;;N;;N;;N;;N;;N;;N;;N;;N;;N;;N;;N
31.10.2025 07:45;;N;;N;;N;;N;;N;;N;;N;;N;;N;;N;;N
31.10.2025 08:00;;N;;N;;N;;N;;N;;N;;N;;N;;N;;N;;N
31.10.2025 08:15;;N;;N;;N;;N;;N;;N;;N;;N;;N;;N;;N
31.10.2025 08:30;;N;;N;;N;;N;;N;;N;;N;;N;;N;;N;;N
31.10.2025 08:45;;N;;N;;N;;N;;N;;N;;N;;N;;N;;N;;N
31.10.2025 09:00;;N;;N;;N;;N;;N;;N;;N;;N;;N;;N;;N
31.10.2025 09:15;;N;;N;;N;;N;;N;;N;;N;;N;;N;;N;;N
31.10.2025 09:30;;N;;N;;N;;N;;N;;N;;N;;N;;N;;N;;N
31.10.2025 09:45;;N;;N;;N;;N;;N;;N;;N;;N;;N;;N;;N
31.10.2025 10:00;;N;;N;;N;;N;;N;;N;;N;;N;;N;;N;;N
31.10.2025 10:15;;N;;N;;N;;N;;N;;N;;N;;N;;N;;N;;N
31.10.2025 10:30;;N;;N;;N;;N;;N;;N;;N;;N;;N;;N;;N
31.10.2025 10:45;;N;;N;;N;;N;;N;;N;;N;;N;;N;;N;;N
31.10.2025 11:00;;N;;N;;N;;N;;N;;N;;N;;N;;N;;N;;N
31.10.2025 11:15;;N;;N;;N;;N;;N;;N;;N;;N;;N;;N;;N
31.10.2025 11:30;;N;;N;;N;;N;;N;;N;;N;;N;;N;;N;;N
31.10.2025 11:45;;N;;N;;N;;N;;N;;N;;N;;N;;N;;N;;N
31.10.2025 12:00;;N;;N;;N;;N;;N;;N;;N;;N;;N;;N;;N
31.10.2025 12:15;;N;;N;;N;;N;;N;;N;;N;;N;;N;;N;;N
31.10.2025 12:30;;N;;N;;N;;N;;N;;N;;N;;N;;N;;N;;N
31.10.2025 12:45;;N;;N;;N;;N;;N;;N;;N;;N;;N;;N;;N
31.10.2025 13:00;;N;;N;;N;;N;;N;;N;;N;;N;;N;;N;;N
31.10.2025 13:15;;N;;N;;N;;N;;N;;N;;N;;N;;N;;N;;N
31.10.2025 13:30;;N;;N;;N;;N;;N;;N;;N;;N;;N;;N;;N
31.10.2025 13:45;;N;;N;;N;;N;;N;;N;;N;;N;;N;;N;;N
31.10.2025 14:00;;N;;N;;N;;N;;N;;N;;N;;N;;N;;N;;N
31.10.2025 14:15;;N;;N;;N;;N;;N;;N;;N;;N;;N;;N;;N
31.10.2025 14:30;;N;;N;;N;;N;;N;;N;;N;;N;;N;;N;;N
31.10.2025 14:45;;N;;N;;N;;N;;N;;N;;N;;N;;N;;N;;N
31.10.2025 15:00;;N;;N;;N;;N;;N;;N;;N;;N;;N;;N;;N
31.10.2025 15:15;;N;;N;;N;;N;;N;;N;;N;;N;;N;;N;;N
31.10.2025 15:30;;N;;N;;N;;N;;N;;N;;N;;N;;N;;N;;N
31.10.2025 15:45;;N;;N;;N;;N;;N;;N;;N;;N;;N;;N;;N
31.10.2025 16:00;;N;;N;;N;;N;;N;;N;;N;;N;;N;;N;;N
31.10.2025 16:15;;N;;N;;N;;N;;N;;N;;N;;N;;N;;N;;N
31.10.2025 16:30;;N;;N;;N;;N;;N;;N;;N;;N;;N;;N;;N
31.10.2025 16:45;;N;;N;;N;;N;;N;;N;;N;;N;;N;;N;;N
31.10.2025 17:00;;N;;N;;N;;N;;N;;N;;N;;N;;N;;N;;N
31.10.2025 17:15;;N;;N;;N;;N;;N;;N;;N;;N;;N;;N;;N
31.10.2025 17:30;;N;;N;;N;;N;;N;;N;;N;;N;;N;;N;;N
31.10.2025 17:45;;N;;N;;N;;N;;N;;N;;N;;N;;N;;N;;N
31.10.2025 18:00;;N;;N;;N;;N;;N;;N;;N;;N;;N;;N;;N
31.10.2025 18:15;;N;;N;;N;;N;;N;;N;;N;;N;;N;;N;;N
31.10.2025 18:30;;N;;N;;N;;N;;N;;N;;N;;N;;N;;N;;N
31.10.2025 18:45;;N;;N;;N;;N;;N;;N;;N;;N;;N;;N;;N
31.10.2025 19:00;;N;;N;;N;;N;;N;;N;;N;;N;;N;;N;;N
31.10.2025 19:15;;N;;N;;N;;N;;N;;N;;N;;N;;N;;N;;N
31.10.2025 19:30;;N;;N;;N;;N;;N;;N;;N;;N;;N;;N;;N
31.10.2025 19:45;;N;;N;;N;;N;;N;;N;;N;;N;;N;;N;;N
31.10.2025 20:00;;N;;N;;N;;N;;N;;N;;N;;N;;N;;N;;N
31.10.2025 20:15;;N;;N;;N;;N;;N;;N;;N;;N;;N;;N;;N
31.10.2025 20:30;;N;;N;;N;;N;;N;;N;;N;;N;;N;;N;;N
31.10.2025 20:45;;N;;N;;N;;N;;N;;N;;N;;N;;N;;N;;N
31.10.2025 21:00;;N;;N;;N;;N;;N;;N;;N;;N;;N;;N;;N
31.10.2025 21:15;;N;;N;;N;;N;;N;;N;;N;;N;;N;;N;;N
31.10.2025 21:30;;N;;N;;N;;N;;N;;N;;N;;N;;N;;N;;N
31.10.2025 21:45;;N;;N;;N;;N;;N;;N;;N;;N;;N;;N;;N
31.10.2025 22:00;;N;;N;;N;;N;;N;;N;;N;;N;;N;;N;;N
31.10.2025 22:15;;N;;N;;N;;N;;N;;N;;N;;N;;N;;N;;N
31.10.2025 22:30;;N;;N;;N;;N;;N;;N;;N;;N;;N;;N;;N
31.10.2025 22:45;;N;;N;;N;;N;;N;;N;;N;;N;;N;;N;;N
31.10.2025 23:00;;N;;N;;N;;N;;N;;N;;N;;N;;N;;N;;N
31.10.2025 23:15;;N;;N;;N;;N;;N;;N;;N;;N;;N;;N;;N
31.10.2025 23:30;;N;;N;;N;;N;;N;;N;;N;;N;;N;;N;;N
31.10.2025 23:45;;N;;N;;N;;N;;N;;N;;N;;N;;N;;N;;N
01.11.2025 00:00;;N;;N;;N;;N;;N;;N;;N;;N;;N;;N;;N
