"timestamp";"BC~0893-QM[Cairnet CXM24240893]";"in %";"Uout~0893-QM[Cairnet CXM24240893]";"in mV";"PM10~D598-QM[Cairnet CXM24240893]";"in µg/m3";"PM2.5~D598-QM[Cairnet CXM24240893]";"in µg/m3";"PM1~D598-QM[Cairnet CXM24240893]";"in µg/m3";"TC~D598-QM[Cairnet CXM24240893]";"in °C";"HR~D598-QM[Cairnet CXM24240893]";"in %";"O3-NO2~4704-QM[Cairnet CXM24240893]";"in ppb";"TC~T-QM[Cairnet CXM24240893]";"in °C";"HR~T-QM[Cairnet CXM24240893]";"in %";"PA~T-QM[Cairnet CXM24240893]";"in hPa";"O3~0893-QM[Cairnet CXM24240893]";"in ppb";"SO2~4734-QM[Cairnet CXM24240893]";"in ppb";"NO2~4787-QM[Cairnet CXM24240893]";"in ppb";"CO~4687-QM[Cairnet CXM24240893]";"in ppb";"VV~M-QM[Cairnet CXM24240893]";"in m/s";"DV~M-QM[Cairnet CXM24240893]";"in degre"
"(in display TZ)";"value";"qc";"value";"qc";"value";"qc";"value";"qc";"value";"qc";"value";"qc";"value";"qc";"value";"qc";"value";"qc";"value";"qc";"value";"qc";"value";"qc";"value";"qc";"value";"qc";"value";"qc";"value";"qc";"value";"qc"
"2025-01-01 00:15";98.11;"A";4213.73;"A";29.58;"A";20.54;"A";18.09;"A";8.62;"A";60.01;"A";15;"A";2.43;"A";82.59;"A";1020.98;"A";10;"A";5;"A";5;"A";247;"A";0.67;"A";333.33;"A"
"2025-01-01 00:30";98.11;"A";4213.73;"A";30.92;"A";21.46;"A";18.9;"A";8.53;"A";60;"A";15;"A";2.3;"A";82.78;"A";1020.79;"A";10;"A";5;"A";5;"A";258;"A";0.67;"A";336.67;"A"
"2025-01-01 00:45";98.1;"A";4213.8;"A";31.68;"A";21.98;"A";19.36;"A";8.42;"A";60;"A";15;"A";2.14;"A";83.02;"A";1020.76;"A";10;"A";5;"A";5;"A";253;"A";1;"A";340;"A"
"2025-01-01 01:00";98.1;"A";4213.8;"A";31.21;"A";21.66;"A";19.08;"A";8.38;"A";60.03;"A";15;"A";2.09;"A";83.26;"A";1020.86;"A";10;"A";5;"A";5;"A";243;"A";1;"A";340;"A"
"2025-01-01 01:15";98.1;"A";4213.73;"A";32.84;"A";22.77;"A";20.06;"A";8.4;"A";59.98;"A";15;"A";2.14;"A";83.1;"A";1021;"A";10;"A";5;"A";5;"A";243;"A";0.67;"A";333.33;"A"
"2025-01-01 01:30";98.1;"A";4213.8;"A";32.96;"A";22.86;"A";20.13;"A";8.39;"A";60;"A";15;"A";2.17;"A";82.87;"A";1020.9;"A";10;"A";4;"A";5;"A";246;"A";1;"A";336.67;"A"
"2025-01-01 01:45";98.1;"A";4213.87;"A";32.99;"A";22.88;"A";20.15;"A";8.37;"A";59.99;"A";15;"A";2.15;"A";82.81;"A";1020.98;"A";10;"A";4;"A";5;"A";245;"A";0.67;"A";346.67;"A"
"2025-01-01 02:00";98.1;"A";4213.8;"A";33.09;"A";22.95;"A";20.21;"A";8.38;"A";60.01;"A";15;"A";2.13;"A";83.03;"A";1021;"A";11;"A";5;"A";5;"A";245;"A";0.67;"A";326.67;"A"
"2025-01-01 02:15";98.1;"A";4213.73;"A";32.8;"A";22.75;"A";20.03;"A";8.35;"A";60;"A";15;"A";2.06;"A";83.28;"A";1020.95;"A";10;"A";5;"A";5;"A";243;"A";0;"A";300;"A"
"2025-01-01 02:30";98.1;"A";4213.67;"A";31.01;"A";21.52;"A";18.95;"A";8.4;"A";59.96;"A";14;"A";1.98;"A";83.6;"A";1020.94;"A";9;"A";5;"A";5;"A";237;"A";0;"A";276.67;"A"
"2025-01-01 02:45";98.1;"A";4213.6;"A";32.36;"A";22.45;"A";19.77;"A";8.3;"A";60.01;"A";15;"A";1.93;"A";83.47;"A";1021.08;"A";11;"A";4;"A";5;"A";242;"A";0.33;"A";320;"A"
"2025-01-01 03:00";98.1;"A";4213.73;"A";33.05;"A";22.92;"A";20.18;"A";8.26;"A";59.96;"A";13;"A";1.77;"A";84.36;"A";1020.96;"A";9;"A";5;"A";4;"A";245;"A";0;"A";200;"A"
"2025-01-01 03:15";98.1;"A";4213.8;"A";33.74;"A";23.39;"A";20.6;"A";8.11;"A";60;"A";12;"A";1.47;"A";84.75;"A";1020.9;"A";7;"A";5;"A";5;"A";243;"A";0;"A";246.67;"A"
"2025-01-01 03:30";98.1;"A";4213.73;"A";35.56;"A";24.64;"A";21.7;"A";7.92;"A";60.09;"A";13;"A";1.22;"A";85.3;"A";1021.14;"A";7;"A";6;"A";5;"A";267;"A";0;"A";246.67;"A"
"2025-01-01 03:45";98.1;"A";4214;"A";38.03;"A";26.34;"A";23.2;"A";7.89;"A";59.99;"A";11;"A";1.17;"A";85.25;"A";1021.26;"A";6;"A";6;"A";6;"A";286;"A";0;"A";196.67;"A"
"2025-01-01 04:00";98.1;"A";4213.73;"A";34.27;"A";23.76;"A";20.92;"A";7.97;"A";59.96;"A";11;"A";1.06;"A";85.94;"A";1021.43;"A";6;"A";7;"A";5;"A";258;"A";0;"A";190;"A"
"2025-01-01 04:15";98.09;"A";4213.73;"A";35.14;"A";24.35;"A";21.45;"A";7.77;"A";59.95;"A";12;"A";0.92;"A";85.95;"A";1021.32;"A";7;"A";6;"A";5;"A";260;"A";0;"A";273.33;"A"
"2025-01-01 04:30";98.09;"A";4213.67;"A";34.68;"A";24.03;"A";21.17;"A";7.65;"A";60.08;"A";11;"A";0.79;"A";86.3;"A";1021.3;"A";7;"A";7;"A";5;"A";249;"A";0;"A";260;"A"
"2025-01-01 04:45";98.09;"A";4213.67;"A";31.47;"A";21.83;"A";19.23;"A";7.77;"A";60.02;"A";12;"A";0.82;"A";86.75;"A";1021.38;"A";7;"A";6;"A";4;"A";224;"A";0;"A";273.33;"A"
"2025-01-01 05:00";98.09;"A";4213.67;"A";30.1;"A";20.89;"A";18.4;"A";7.83;"A";60.01;"A";10;"A";0.77;"A";87.05;"A";1021.42;"A";6;"A";6;"A";4;"A";210;"A";0;"A";216.67;"A"
"2025-01-01 05:15";98.09;"A";4213.6;"A";30.43;"A";21.12;"A";18.6;"A";7.64;"A";60.02;"A";10;"A";0.66;"A";86.8;"A";1021.49;"A";6;"A";6;"A";4;"A";211;"A";0;"A";246.67;"A"
"2025-01-01 05:30";98.09;"A";4213.73;"A";30.62;"A";21.25;"A";18.72;"A";7.57;"A";60.01;"A";11;"A";0.55;"A";86.91;"A";1021.62;"A";7;"A";6;"A";4;"A";219;"A";0;"A";250;"A"
"2025-01-01 05:45";98.09;"A";4214;"A";29.59;"A";20.54;"A";18.09;"A";7.56;"A";60;"A";11;"A";0.54;"A";87.12;"A";1021.76;"A";7;"A";6;"A";5;"A";211;"A";0;"A";213.33;"A"
"2025-01-01 06:00";98.09;"A";4213.73;"A";28.98;"A";20.12;"A";17.73;"A";7.64;"A";60;"A";12;"A";0.6;"A";87.26;"A";1021.78;"A";7;"A";5;"A";4;"A";208;"A";0;"A";196.67;"A"
"2025-01-01 06:15";98.09;"A";4213.6;"A";28.82;"A";20.02;"A";17.63;"A";7.69;"A";60;"A";12;"A";0.62;"A";87.45;"A";1021.82;"A";6;"A";5;"A";5;"A";211;"A";0.33;"A";196.67;"A"
"2025-01-01 06:30";98.09;"A";4213.8;"A";28.58;"A";19.85;"A";17.48;"A";7.68;"A";59.98;"A";12;"A";0.63;"A";87.13;"A";1021.99;"A";6;"A";5;"A";5;"A";209;"A";0;"A";240;"A"
"2025-01-01 06:45";98.08;"A";4213.67;"A";28.36;"A";19.7;"A";17.35;"A";7.64;"A";59.95;"A";12;"A";0.61;"A";86.84;"A";1021.96;"A";7;"A";6;"A";5;"A";202;"A";0;"A";153.33;"A"
"2025-01-01 07:00";98.08;"A";4213.67;"A";28.53;"A";19.82;"A";17.45;"A";7.53;"A";60.01;"A";12;"A";0.58;"A";86.67;"A";1021.98;"A";7;"A";6;"A";4;"A";203;"A";0;"A";146.67;"A"
"2025-01-01 07:15";98.08;"A";4213.67;"A";29.13;"A";20.23;"A";17.82;"A";7.41;"A";59.99;"A";12;"A";0.58;"A";86.37;"A";1021.95;"A";7;"A";5;"A";4;"A";208;"A";0;"A";230;"A"
"2025-01-01 07:30";98.08;"A";4214;"A";29.75;"A";20.66;"A";18.19;"A";7.35;"A";60.05;"A";12;"A";0.55;"A";86.03;"A";1021.92;"A";7;"A";6;"A";5;"A";209;"A";0;"A";186.67;"A"
"2025-01-01 07:45";98.08;"A";4213.6;"A";30.72;"A";21.32;"A";18.78;"A";7.41;"A";60.02;"A";11;"A";0.49;"A";86.53;"A";1021.93;"A";7;"A";5;"A";4;"A";202;"A";0;"A";140;"A"
"2025-01-01 08:00";98.08;"A";4213.73;"A";30.7;"A";21.31;"A";18.77;"A";7.3;"A";59.94;"A";12;"A";0.46;"A";86.01;"A";1021.99;"A";8;"A";5;"A";4;"A";205;"A";0;"A";316.67;"A"
"2025-01-01 08:15";98.08;"A";4213.73;"A";31.62;"A";21.94;"A";19.32;"A";7.32;"A";59.96;"A";12;"A";0.51;"A";85.95;"A";1022.13;"A";8;"A";5;"A";4;"A";226;"A";0.67;"A";330;"A"
"2025-01-01 08:30";98.08;"A";4213.73;"A";37.15;"A";25.73;"A";22.66;"A";7.35;"A";59.94;"A";13;"A";0.63;"A";85.79;"A";1022.22;"A";7;"A";5;"A";6;"A";257;"A";0.33;"A";330;"A"
"2025-01-01 08:45";98.08;"A";4213.73;"A";40.81;"A";28.24;"A";24.87;"A";7.38;"A";60.02;"A";13;"A";0.77;"A";85.69;"A";1022.23;"A";6;"A";5;"A";7;"A";296;"A";0;"A";170;"A"
"2025-01-01 09:00";98.08;"A";4213.67;"A";33.65;"A";23.33;"A";20.55;"A";7.77;"A";59.93;"A";14;"A";1.32;"A";84.38;"A";1022.42;"A";7;"A";4;"A";7;"A";256;"A";0.33;"A";313.33;"A"
"2025-01-01 09:15";98.07;"A";4213.93;"A";33.94;"A";23.53;"A";20.72;"A";7.82;"A";59.95;"A";14;"A";1.68;"A";82.81;"A";1022.46;"A";9;"A";4;"A";5;"A";237;"A";1;"A";340;"A"
"2025-01-01 09:30";98.07;"A";4213.93;"A";29.5;"A";20.48;"A";18.04;"A";7.9;"A";59.96;"A";15;"A";2.14;"A";81.33;"A";1022.29;"A";8;"A";3;"A";7;"A";210;"A";0;"A";326.67;"A"
"2025-01-01 09:45";98.07;"A";4213.6;"A";26.6;"A";18.5;"A";16.29;"A";8.09;"A";59.93;"A";16;"A";2.66;"A";79.52;"A";1022.08;"A";9;"A";3;"A";7;"A";197;"A";0;"A";340;"A"
"2025-01-01 10:00";98.07;"A";4213.73;"A";26.03;"A";18.33;"A";15.92;"A";8.26;"A";59.95;"A";17;"A";3.26;"A";77.41;"A";1021.93;"A";7;"A";2;"A";10;"A";197;"A";0;"A";206.67;"A"
"2025-01-01 10:15";98.07;"A";4213.73;"A";28.93;"A";23.1;"A";16.25;"A";8.59;"A";59.52;"A";18;"A";3.77;"A";75.94;"A";1021.82;"A";6;"A";2;"A";12;"A";202;"A";0;"A";203.33;"A"
"2025-01-01 10:30";98.07;"A";4210.33;"A";31.43;"A";23.37;"A";16.5;"A";9.09;"A";58.4;"A";18;"A";4.43;"A";73.78;"A";1021.64;"A";6;"A";2;"A";12;"A";213;"A";0;"A";310;"A"
"2025-01-01 10:45";97.88;"A";4190.87;"A";29.51;"A";22.55;"A";16.5;"A";9.62;"A";57.21;"A";20;"A";4.96;"A";72.15;"A";1021.47;"A";6;"A";2;"A";14;"A";215;"A";0.67;"A";330;"A"
"2025-01-01 11:00";97.88;"A";4211.13;"A";31.46;"A";23.81;"A";16.96;"A";10.24;"A";55.71;"A";19;"A";5.75;"A";69.3;"A";1021.07;"A";7;"A";1;"A";12;"A";218;"A";0;"A";260;"A"
"2025-01-01 11:15";97.95;"A";4211.93;"A";26.91;"A";21.43;"A";15.56;"A";11.03;"A";53.59;"A";19;"A";6.39;"A";67.26;"A";1020.81;"A";8;"A";2;"A";11;"A";222;"A";0;"A";113.33;"A"
"2025-01-01 11:30";97.99;"A";4212.73;"A";25.62;"A";20.11;"A";14.38;"A";11.66;"A";52.02;"A";20;"A";6.55;"A";67.18;"A";1020.55;"A";9;"A";2;"A";12;"A";203;"A";0.67;"A";340;"A"
"2025-01-01 11:45";98.02;"A";4212.87;"A";24.67;"A";19.12;"A";13.96;"A";11.9;"A";51.83;"A";22;"A";6.7;"A";67.19;"A";1020.43;"A";9;"A";2;"A";13;"A";199;"A";0.33;"A";233.33;"A"
"2025-01-01 12:00";98.03;"A";4212.87;"A";22.3;"A";17.27;"A";12.19;"A";12.05;"A";51.9;"A";20;"A";6.99;"A";66.91;"A";1020.16;"A";13;"A";2;"A";7;"A";190;"A";0.33;"A";336.67;"A"
"2025-01-01 12:15";98.04;"A";4212.8;"A";22.64;"A";17.14;"A";12.27;"A";12.2;"A";51.96;"A";20;"A";7.23;"A";66.39;"A";1019.89;"A";14;"A";2;"A";6;"A";181;"A";0;"A";160;"A"
"2025-01-01 12:30";98.05;"A";4212.93;"A";23.83;"A";17.72;"A";12.83;"A";12.42;"A";51.95;"A";21;"A";7.49;"A";66.21;"A";1019.69;"A";12;"A";2;"A";9;"A";186;"A";0;"A";166.67;"A"
"2025-01-01 12:45";98.06;"A";4213;"A";22.68;"A";17.75;"A";12.27;"A";12.67;"A";51.85;"A";21;"A";7.83;"A";65.7;"A";1019.34;"A";12;"A";1;"A";9;"A";183;"A";0;"A";163.33;"A"
"2025-01-01 13:00";98.06;"A";4213;"A";23.11;"A";17.49;"A";12.35;"A";12.95;"A";51.34;"A";22;"A";8.2;"A";64.37;"A";1019.1;"A";13;"A";1;"A";9;"A";184;"A";0.33;"A";200;"A"
"2025-01-01 13:15";98.06;"A";4212.93;"A";18.69;"A";14.4;"A";10.13;"A";13.25;"A";50.42;"A";22;"A";8.53;"A";63.07;"A";1019.04;"A";14;"A";1;"A";8;"A";175;"A";0;"A";160;"A"
"2025-01-01 13:30";98.06;"A";4212.87;"A";18.21;"A";12.88;"A";9.01;"A";13.58;"A";49.59;"A";23;"A";8.82;"A";61.84;"A";1018.77;"A";15;"A";1;"A";7;"A";159;"A";0.33;"A";140;"A"
"2025-01-01 13:45";98.06;"A";4212.8;"A";19.12;"A";13.29;"A";9.34;"A";13.86;"A";49.26;"A";23;"A";9;"A";61.88;"A";1018.44;"A";14;"A";1;"A";9;"A";167;"A";0;"A";50;"A"
"2025-01-01 14:00";98.06;"A";4212.87;"A";17.89;"A";13.13;"A";9.29;"A";14.12;"A";48.89;"A";23;"A";9.32;"A";61.01;"A";1018.38;"A";13;"A";1;"A";10;"A";164;"A";0;"A";186.67;"A"
"2025-01-01 14:15";98.06;"A";4212.8;"A";15.46;"A";10.77;"A";7.79;"A";14.36;"A";47.6;"A";23;"A";9.5;"A";59.1;"A";1018.17;"A";14;"A";1;"A";10;"A";157;"A";0;"A";116.67;"A"
"2025-01-01 14:30";98.06;"A";4212.8;"A";12.74;"A";9.63;"A";6.71;"A";14.6;"A";46.22;"A";25;"A";9.79;"A";56.95;"A";1017.79;"A";16;"A";1;"A";10;"A";146;"A";0.33;"A";246.67;"A"
"2025-01-01 14:45";98.06;"A";4212.8;"A";12.06;"A";8.89;"A";6.44;"A";14.82;"A";45.9;"A";25;"A";9.87;"A";57.49;"A";1017.61;"A";16;"A";1;"A";9;"A";146;"A";0;"A";126.67;"A"
"2025-01-01 15:00";98.01;"A";4198.33;"A";11.47;"A";8.85;"A";6.29;"A";14.97;"A";46.1;"A";24;"A";9.88;"A";57.8;"A";1017.73;"A";16;"A";1;"A";7;"A";149;"A";0;"A";86.67;"A"
"2025-01-01 15:15";97.87;"A";4206.33;"A";11.09;"A";8.12;"A";6.07;"A";15.03;"A";46.03;"A";25;"A";9.81;"A";58.36;"A";1017.51;"A";16;"A";1;"A";8;"A";151;"A";0;"A";270;"A"
"2025-01-01 15:30";97.94;"A";4211.8;"A";8.99;"A";6.79;"A";5.09;"A";14.98;"A";46.82;"A";24;"A";9.69;"A";59.87;"A";1017.49;"A";17;"A";1;"A";7;"A";140;"A";0;"A";70;"A"
"2025-01-01 15:45";97.98;"A";4212.2;"A";8.14;"A";6.45;"A";4.74;"A";14.89;"A";47.64;"A";25;"A";9.5;"A";61.38;"A";1017.58;"A";18;"A";1;"A";6;"A";134;"A";0;"A";270;"A"
"2025-01-01 16:00";98.01;"A";4212.8;"A";7.68;"A";5.99;"A";4.58;"A";14.71;"A";48.52;"A";24;"A";9.06;"A";63.25;"A";1017.45;"A";17;"A";1;"A";7;"A";138;"A";0;"A";206.67;"A"
"2025-01-01 16:15";98.03;"A";4212.8;"A";7.43;"A";6.35;"A";4.68;"A";14.4;"A";49.27;"A";25;"A";8.58;"A";65.08;"A";1017.45;"A";16;"A";1;"A";9;"A";133;"A";0.33;"A";116.67;"A"
"2025-01-01 16:30";98.04;"A";4212.87;"A";9.72;"A";7.87;"A";5.73;"A";13.99;"A";51.04;"A";24;"A";8.11;"A";68.51;"A";1017.56;"A";16;"A";1;"A";8;"A";141;"A";0;"A";73.33;"A"
"2025-01-01 16:45";98.05;"A";4212.87;"A";13.76;"A";11.47;"A";8.02;"A";13.55;"A";54.39;"A";22;"A";7.63;"A";73.15;"A";1017.5;"A";15;"A";2;"A";7;"A";158;"A";0;"A";73.33;"A"
"2025-01-01 17:00";98.05;"A";4213;"A";20.74;"A";16.79;"A";11.66;"A";13.11;"A";57.03;"A";22;"A";7.19;"A";76.37;"A";1017.09;"A";16;"A";2;"A";6;"A";165;"A";0;"A";180;"A"
"2025-01-01 17:15";98.04;"A";4208.07;"A";23.38;"A";18.88;"A";13.36;"A";12.71;"A";59.15;"A";21;"A";6.9;"A";78.82;"A";1017.01;"A";16;"A";2;"A";5;"A";168;"A";0;"A";150;"A"
"2025-01-01 17:30";97.92;"A";4203.2;"A";25.78;"A";17.93;"A";15.79;"A";12.82;"A";60.12;"A";21;"A";6.62;"A";81.59;"A";1017.19;"A";16;"A";2;"A";5;"A";170;"A";0;"A";140;"A"
"2025-01-01 17:45";97.96;"A";4212;"A";29.53;"A";20.5;"A";18.06;"A";12.97;"A";60.07;"A";20;"A";6.36;"A";83.24;"A";1017.35;"A";15;"A";2;"A";5;"A";175;"A";0;"A";170;"A"
"2025-01-01 18:00";98;"A";4212.73;"A";32.45;"A";22.51;"A";19.82;"A";12.94;"A";60.07;"A";20;"A";6.06;"A";84.35;"A";1017.21;"A";14;"A";2;"A";6;"A";184;"A";0;"A";123.33;"A"
"2025-01-01 18:15";98.02;"A";4212.67;"A";33.93;"A";23.52;"A";20.72;"A";12.93;"A";60.02;"A";20;"A";5.93;"A";85.2;"A";1017.33;"A";14;"A";2;"A";6;"A";189;"A";0.33;"A";93.33;"A"
"2025-01-01 18:30";98.03;"A";4212.87;"A";34.25;"A";23.74;"A";20.91;"A";12.77;"A";59.93;"A";19;"A";5.78;"A";85.05;"A";1017.33;"A";14;"A";3;"A";5;"A";188;"A";0;"A";93.33;"A"
"2025-01-01 18:45";98.04;"A";4212.87;"A";34.24;"A";23.74;"A";20.91;"A";12.34;"A";59.95;"A";18;"A";5.57;"A";84.08;"A";1017.15;"A";14;"A";2;"A";4;"A";189;"A";0.33;"A";123.33;"A"
"2025-01-01 19:00";98.05;"A";4213.07;"A";34.18;"A";23.69;"A";20.87;"A";12;"A";59.98;"A";18;"A";5.32;"A";83.88;"A";1017.18;"A";14;"A";3;"A";4;"A";190;"A";0;"A";120;"A"
"2025-01-01 19:15";98.05;"A";4213.07;"A";31.54;"A";21.88;"A";19.27;"A";11.71;"A";59.95;"A";19;"A";5.2;"A";82.95;"A";1017.03;"A";15;"A";3;"A";4;"A";190;"A";0;"A";253.33;"A"
"2025-01-01 19:30";98.05;"A";4213;"A";30.95;"A";21.48;"A";18.92;"A";11.4;"A";60;"A";18;"A";5.04;"A";82.53;"A";1016.98;"A";14;"A";2;"A";4;"A";188;"A";0;"A";130;"A"
"2025-01-01 19:45";98.06;"A";4213.2;"A";31.09;"A";21.58;"A";19;"A";11.2;"A";59.98;"A";19;"A";4.86;"A";82.53;"A";1016.98;"A";15;"A";2;"A";4;"A";192;"A";0.33;"A";113.33;"A"
"2025-01-01 20:00";98.06;"A";4213.47;"A";31.74;"A";22.02;"A";19.39;"A";11;"A";60.03;"A";18;"A";4.66;"A";82.65;"A";1017.18;"A";14;"A";2;"A";5;"A";197;"A";0.33;"A";133.33;"A"
"2025-01-01 20:15";98.06;"A";4213.47;"A";33.7;"A";23.37;"A";20.58;"A";10.83;"A";59.99;"A";19;"A";4.4;"A";82.91;"A";1017.08;"A";14;"A";2;"A";5;"A";205;"A";1.33;"A";340;"A"
"2025-01-01 20:30";98.06;"A";4213.47;"A";32.68;"A";22.66;"A";19.96;"A";10.61;"A";59.99;"A";18;"A";4.1;"A";83.3;"A";1017.1;"A";14;"A";3;"A";5;"A";202;"A";0;"A";30;"A"
"2025-01-01 20:45";98.06;"A";4213.67;"A";32.73;"A";22.7;"A";19.99;"A";10.4;"A";60.03;"A";18;"A";3.84;"A";83.72;"A";1016.94;"A";13;"A";3;"A";6;"A";204;"A";0.33;"A";240;"A"
"2025-01-01 21:00";98.06;"A";4214;"A";32.86;"A";22.79;"A";20.07;"A";10.18;"A";60;"A";18;"A";3.51;"A";83.89;"A";1016.96;"A";12;"A";3;"A";7;"A";208;"A";0;"A";196.67;"A"
"2025-01-01 21:15";98.05;"A";4213.6;"A";30.79;"A";21.37;"A";18.82;"A";10.02;"A";59.98;"A";18;"A";3.54;"A";83.49;"A";1016.83;"A";12;"A";3;"A";7;"A";208;"A";0;"A";10;"A"
"2025-01-01 21:30";98.05;"A";4213.67;"A";30.78;"A";21.36;"A";18.81;"A";9.89;"A";59.97;"A";18;"A";3.46;"A";83.02;"A";1016.85;"A";9;"A";2;"A";9;"A";209;"A";0;"A";193.33;"A"
"2025-01-01 21:45";98.05;"A";4213.67;"A";29.41;"A";20.42;"A";17.98;"A";9.72;"A";59.95;"A";18;"A";3.41;"A";82.52;"A";1016.68;"A";10;"A";2;"A";9;"A";205;"A";0;"A";73.33;"A"
"2025-01-01 22:00";98.05;"A";4213.67;"A";28.38;"A";19.72;"A";17.37;"A";9.52;"A";60;"A";18;"A";3.32;"A";82.13;"A";1016.46;"A";10;"A";3;"A";8;"A";207;"A";0;"A";63.33;"A"
"2025-01-01 22:15";98.05;"A";4213.6;"A";28.03;"A";19.47;"A";17.15;"A";9.38;"A";59.97;"A";17;"A";3.25;"A";81.65;"A";1016.35;"A";10;"A";2;"A";7;"A";209;"A";0.33;"A";126.67;"A"
"2025-01-01 22:30";98.05;"A";4213.67;"A";28.31;"A";19.67;"A";17.32;"A";9.17;"A";60;"A";17;"A";3.1;"A";81.74;"A";1016.27;"A";10;"A";3;"A";8;"A";213;"A";0.33;"A";90;"A"
"2025-01-01 22:45";98.05;"A";4214;"A";28.5;"A";19.8;"A";17.44;"A";9.06;"A";59.98;"A";17;"A";2.92;"A";81.89;"A";1016.3;"A";9;"A";3;"A";8;"A";212;"A";0.67;"A";116.67;"A"
"2025-01-01 23:00";98.05;"A";4213.8;"A";27.93;"A";19.41;"A";17.09;"A";8.83;"A";60.05;"A";16;"A";2.9;"A";81.38;"A";1016.4;"A";8;"A";3;"A";8;"A";214;"A";0;"A";110;"A"
"2025-01-01 23:15";98.05;"A";4213.73;"A";30.26;"A";21.01;"A";18.5;"A";8.78;"A";60.02;"A";16;"A";2.61;"A";82.34;"A";1016.52;"A";6;"A";3;"A";10;"A";228;"A";0.67;"A";126.67;"A"
"2025-01-01 23:30";98.05;"A";4213.73;"A";32.07;"A";22.24;"A";19.59;"A";8.67;"A";59.96;"A";15;"A";2.37;"A";82.64;"A";1016.41;"A";6;"A";3;"A";10;"A";232;"A";0;"A";93.33;"A"
"2025-01-01 23:45";98.05;"A";4213.73;"A";31.73;"A";22.02;"A";19.39;"A";8.46;"A";60.03;"A";15;"A";2.14;"A";82.83;"A";1016.28;"A";8;"A";5;"A";7;"A";235;"A";0.33;"A";176.67;"A"
"2025-01-02 00:00";98.05;"A";4213.8;"A";31.02;"A";21.53;"A";18.96;"A";8.35;"A";60;"A";15;"A";2.12;"A";82.38;"A";1016.22;"A";7;"A";4;"A";8;"A";223;"A";0.33;"A";210;"A"
"2025-01-02 00:15";98.05;"A";4213.73;"A";31.1;"A";21.58;"A";19.01;"A";8.19;"A";59.97;"A";15;"A";2.13;"A";81.88;"A";1016.13;"A";7;"A";3;"A";7;"A";225;"A";0;"A";193.33;"A"
"2025-01-02 00:30";98.05;"A";4213.67;"A";34.28;"A";23.76;"A";20.93;"A";8.31;"A";59.99;"A";15;"A";2.01;"A";82.92;"A";1015.85;"A";8;"A";4;"A";7;"A";231;"A";0;"A";116.67;"A"
"2025-01-02 00:45";98.05;"A";4214;"A";35.66;"A";24.71;"A";21.77;"A";8.25;"A";60.06;"A";14;"A";1.95;"A";83.19;"A";1015.76;"A";7;"A";4;"A";8;"A";237;"A";0.33;"A";123.33;"A"
"2025-01-02 01:00";98.05;"A";4213.73;"A";35.86;"A";24.85;"A";21.88;"A";8.24;"A";60.01;"A";14;"A";1.85;"A";83.41;"A";1015.61;"A";6;"A";4;"A";8;"A";237;"A";0.33;"A";126.67;"A"
"2025-01-02 01:15";98.05;"A";4213.8;"A";37.6;"A";26.04;"A";22.93;"A";8.31;"A";60.04;"A";15;"A";1.85;"A";83.85;"A";1015.51;"A";6;"A";4;"A";9;"A";240;"A";0;"A";133.33;"A"
"2025-01-02 01:30";98.04;"A";4213.73;"A";39.72;"A";27.5;"A";24.22;"A";8.33;"A";60.02;"A";15;"A";1.88;"A";83.94;"A";1015.46;"A";6;"A";3;"A";9;"A";243;"A";0;"A";140;"A"
"2025-01-02 01:45";98.04;"A";4213.73;"A";42.77;"A";29.59;"A";26.06;"A";8.44;"A";60;"A";15;"A";1.91;"A";84.21;"A";1015.34;"A";7;"A";3;"A";8;"A";242;"A";0;"A";136.67;"A"
"2025-01-02 02:00";98.04;"A";4213.73;"A";44.14;"A";30.53;"A";26.89;"A";8.4;"A";60.02;"A";14;"A";1.82;"A";84.16;"A";1015.37;"A";7;"A";4;"A";7;"A";242;"A";0;"A";116.67;"A"
"2025-01-02 02:15";98.04;"A";4213.67;"A";45.48;"A";31.45;"A";27.7;"A";8.43;"A";59.95;"A";14;"A";1.84;"A";84.58;"A";1015.36;"A";7;"A";4;"A";8;"A";245;"A";0;"A";136.67;"A"
"2025-01-02 02:30";98.04;"A";4213.73;"A";47.09;"A";32.55;"A";28.67;"A";8.46;"A";60;"A";15;"A";1.95;"A";84.07;"A";1015.4;"A";7;"A";4;"A";8;"A";249;"A";0.33;"A";123.33;"A"
"2025-01-02 02:45";98.04;"A";4213.8;"A";50.6;"A";34.96;"A";30.79;"A";8.48;"A";59.99;"A";15;"A";1.93;"A";84.21;"A";1015.42;"A";7;"A";4;"A";7;"A";252;"A";0;"A";186.67;"A"
"2025-01-02 03:00";98.04;"A";4213.8;"A";54.48;"A";37.62;"A";33.13;"A";8.53;"A";59.93;"A";14;"A";1.76;"A";85.23;"A";1015.18;"A";6;"A";4;"A";8;"A";256;"A";0;"A";170;"A"
"2025-01-02 03:15";98.04;"A";4213.8;"A";59.58;"A";41.12;"A";36.21;"A";8.55;"A";60.05;"A";15;"A";1.71;"A";85.91;"A";1014.99;"A";6;"A";4;"A";9;"A";260;"A";0.33;"A";196.67;"A"
"2025-01-02 03:30";98.03;"A";4213.8;"A";61.62;"A";42.52;"A";37.45;"A";8.65;"A";60.03;"A";15;"A";1.69;"A";86.24;"A";1015.03;"A";5;"A";4;"A";10;"A";267;"A";0;"A";90;"A"
"2025-01-02 03:45";98.03;"A";4213.6;"A";65.48;"A";45.17;"A";39.78;"A";8.69;"A";60.02;"A";15;"A";1.68;"A";86.79;"A";1014.99;"A";6;"A";4;"A";9;"A";269;"A";0;"A";206.67;"A"
"2025-01-02 04:00";98.03;"A";4213.6;"A";67.38;"A";46.47;"A";40.93;"A";8.8;"A";60.02;"A";14;"A";1.68;"A";87.18;"A";1014.86;"A";5;"A";5;"A";9;"A";272;"A";0.33;"A";186.67;"A"
"2025-01-02 04:15";98.03;"A";4213.73;"A";69.19;"A";47.71;"A";42.02;"A";8.81;"A";60.03;"A";14;"A";1.58;"A";87.56;"A";1014.83;"A";5;"A";4;"A";9;"A";272;"A";0;"A";203.33;"A"
"2025-01-02 04:30";98.03;"A";4213.87;"A";69.58;"A";47.98;"A";42.25;"A";8.92;"A";59.99;"A";16;"A";1.67;"A";87.67;"A";1014.61;"A";6;"A";4;"A";10;"A";273;"A";1;"A";226.67;"A"
"2025-01-02 04:45";98.03;"A";4213.8;"A";71.19;"A";49.08;"A";43.23;"A";8.95;"A";59.99;"A";15;"A";1.7;"A";87.78;"A";1014.48;"A";5;"A";4;"A";10;"A";272;"A";1;"A";256.67;"A"
"2025-01-02 05:00";98.03;"A";4213.73;"A";72.43;"A";49.93;"A";43.98;"A";9.03;"A";59.98;"A";15;"A";1.74;"A";88.02;"A";1014.41;"A";5;"A";4;"A";11;"A";271;"A";0;"A";46.67;"A"
"2025-01-02 05:15";98.03;"A";4213.67;"A";73;"A";50.32;"A";44.32;"A";9.05;"A";60;"A";15;"A";1.74;"A";88.05;"A";1014.52;"A";5;"A";4;"A";10;"A";272;"A";0;"A";73.33;"A"
"2025-01-02 05:30";98.03;"A";4213.67;"A";74.44;"A";51.32;"A";45.19;"A";9.09;"A";60.02;"A";15;"A";1.66;"A";88.55;"A";1014.53;"A";6;"A";5;"A";8;"A";270;"A";0;"A";183.33;"A"
"2025-01-02 05:45";98.03;"A";4213.6;"A";74.34;"A";51.25;"A";45.13;"A";9.1;"A";59.95;"A";14;"A";1.63;"A";88.77;"A";1014.58;"A";6;"A";5;"A";9;"A";272;"A";0.67;"A";123.33;"A"
"2025-01-02 06:00";98.02;"A";4213.6;"A";74.6;"A";51.43;"A";45.29;"A";9.14;"A";60;"A";15;"A";1.58;"A";89.33;"A";1014.57;"A";5;"A";4;"A";10;"A";268;"A";0.33;"A";120;"A"
"2025-01-02 06:15";98.02;"A";4213.73;"A";72.71;"A";50.13;"A";44.15;"A";9.11;"A";60.02;"A";15;"A";1.52;"A";89.3;"A";1014.52;"A";4;"A";4;"A";11;"A";266;"A";0.67;"A";143.33;"A"
"2025-01-02 06:30";98.02;"A";4213.87;"A";71.38;"A";49.22;"A";43.35;"A";9.09;"A";60.02;"A";15;"A";1.56;"A";89.49;"A";1014.56;"A";5;"A";4;"A";10;"A";267;"A";0;"A";206.67;"A"
"2025-01-02 06:45";98.02;"A";4213.87;"A";69.54;"A";47.95;"A";42.23;"A";9.11;"A";59.97;"A";15;"A";1.54;"A";89.31;"A";1014.44;"A";6;"A";4;"A";9;"A";270;"A";0;"A";143.33;"A"
"2025-01-02 07:00";98.02;"A";4213.73;"A";67.76;"A";46.73;"A";41.16;"A";8.93;"A";60.05;"A";14;"A";1.44;"A";89.3;"A";1014.3;"A";5;"A";5;"A";8;"A";269;"A";0;"A";136.67;"A"
"2025-01-02 07:15";98.02;"A";4213.67;"A";67.28;"A";46.4;"A";40.86;"A";8.94;"A";60.06;"A";13;"A";1.39;"A";89.64;"A";1014.19;"A";7;"A";6;"A";7;"A";263;"A";0;"A";130;"A"
"2025-01-02 07:30";98.02;"A";4213.73;"A";68.43;"A";47.19;"A";41.56;"A";9.03;"A";60.04;"A";13;"A";1.4;"A";89.85;"A";1014.15;"A";7;"A";5;"A";6;"A";263;"A";0;"A";170;"A"
"2025-01-02 07:45";98.02;"A";4213.6;"A";66.9;"A";46.14;"A";40.64;"A";9.12;"A";59.99;"A";14;"A";1.6;"A";89.31;"A";1014.13;"A";7;"A";5;"A";7;"A";271;"A";0;"A";136.67;"A"
"2025-01-02 08:00";98.02;"A";4213.53;"A";61.67;"A";42.55;"A";37.47;"A";9.45;"A";59.89;"A";15;"A";2.03;"A";88.85;"A";1014.08;"A";9;"A";4;"A";5;"A";249;"A";0;"A";126.67;"A"
"2025-01-02 08:15";98.01;"A";4213.47;"A";59.61;"A";41.14;"A";36.23;"A";9.46;"A";59.87;"A";14;"A";2.29;"A";87.26;"A";1014.01;"A";9;"A";4;"A";5;"A";235;"A";0;"A";133.33;"A"
"2025-01-02 08:30";98.01;"A";4213.73;"A";55.71;"A";38.46;"A";33.87;"A";9.41;"A";59.95;"A";16;"A";2.56;"A";85.99;"A";1013.92;"A";10;"A";3;"A";6;"A";228;"A";0;"A";123.33;"A"
"2025-01-02 08:45";98.01;"A";4213.87;"A";52.27;"A";36.11;"A";31.8;"A";9.36;"A";59.95;"A";16;"A";2.9;"A";83.98;"A";1013.91;"A";10;"A";3;"A";6;"A";230;"A";0;"A";196.67;"A"
"2025-01-02 09:00";98.01;"A";4213.73;"A";47.85;"A";33.07;"A";29.12;"A";9.42;"A";59.95;"A";17;"A";3.23;"A";82.63;"A";1014.03;"A";10;"A";2;"A";6;"A";225;"A";0;"A";86.67;"A"
"2025-01-02 09:15";98.01;"A";4213.67;"A";45.83;"A";31.69;"A";27.91;"A";9.44;"A";59.87;"A";17;"A";3.58;"A";80.92;"A";1013.74;"A";10;"A";3;"A";7;"A";230;"A";0.33;"A";206.67;"A"
"2025-01-02 09:30";98.01;"A";4213.6;"A";42.88;"A";29.66;"A";26.12;"A";9.37;"A";59.97;"A";18;"A";3.9;"A";79.34;"A";1013.71;"A";11;"A";2;"A";7;"A";215;"A";1;"A";336.67;"A"
"2025-01-02 09:45";98.01;"A";4213.67;"A";40.42;"A";27.98;"A";24.64;"A";9.48;"A";60.01;"A";18;"A";4.27;"A";78.34;"A";1013.7;"A";10;"A";2;"A";8;"A";211;"A";0.33;"A";256.67;"A"
"2025-01-02 10:00";98.01;"A";4213.33;"A";39.27;"A";29.94;"A";22.78;"A";9.68;"A";59.73;"A";18;"A";4.64;"A";76.92;"A";1013.5;"A";10;"A";2;"A";8;"A";204;"A";0.33;"A";240;"A"
"2025-01-02 10:15";98.01;"A";4213.6;"A";37.75;"A";30.15;"A";21.28;"A";9.99;"A";58.96;"A";19;"A";5.17;"A";74.69;"A";1013.24;"A";11;"A";1;"A";8;"A";206;"A";0;"A";156.67;"A"
"2025-01-02 10:30";98.01;"A";4213.73;"A";32.52;"A";27.34;"A";19.24;"A";10.41;"A";57.59;"A";19;"A";5.42;"A";73.13;"A";1013.19;"A";12;"A";2;"A";7;"A";194;"A";0;"A";253.33;"A"
"2025-01-02 10:45";98.01;"A";4213.53;"A";32.25;"A";25.87;"A";18.08;"A";10.77;"A";56.22;"A";20;"A";5.98;"A";71.29;"A";1013.01;"A";13;"A";2;"A";7;"A";183;"A";1;"A";336.67;"A"
"2025-01-02 11:00";97.99;"A";4201.13;"A";31.73;"A";25.02;"A";17.44;"A";11.32;"A";54.1;"A";19;"A";6.86;"A";67.32;"A";1012.72;"A";13;"A";1;"A";6;"A";198;"A";0.33;"A";266.67;"A"
"2025-01-02 11:15";97.84;"A";4205.53;"A";26.41;"A";21.78;"A";16.01;"A";12.08;"A";51.71;"A";20;"A";7.35;"A";64.56;"A";1012.58;"A";15;"A";1;"A";5;"A";186;"A";0.67;"A";343.33;"A"
"2025-01-02 11:30";97.89;"A";4211.87;"A";25.24;"A";20.59;"A";14.9;"A";12.55;"A";50.62;"A";21;"A";7.3;"A";65.34;"A";1012.4;"A";14;"A";2;"A";7;"A";177;"A";0.33;"A";130;"A"
"2025-01-02 11:45";97.93;"A";4212.67;"A";25.11;"A";20.28;"A";14.78;"A";12.68;"A";50.71;"A";21;"A";7.42;"A";65.73;"A";1012.32;"A";14;"A";2;"A";7;"A";175;"A";0.67;"A";133.33;"A"
"2025-01-02 12:00";97.96;"A";4212.8;"A";24.94;"A";19.97;"A";14.01;"A";12.79;"A";50.92;"A";21;"A";7.62;"A";65.39;"A";1012.08;"A";15;"A";2;"A";6;"A";175;"A";0;"A";256.67;"A"
"2025-01-02 12:15";97.98;"A";4212.8;"A";22.51;"A";18.46;"A";13.2;"A";12.92;"A";51.09;"A";21;"A";7.89;"A";64.88;"A";1011.6;"A";15;"A";1;"A";6;"A";168;"A";0.33;"A";193.33;"A"
"2025-01-02 12:30";97.98;"A";4212.87;"A";29.28;"A";21.66;"A";14.98;"A";13.1;"A";50.92;"A";23;"A";8.16;"A";64.71;"A";1011.34;"A";15;"A";1;"A";8;"A";176;"A";0.33;"A";253.33;"A"
"2025-01-02 12:45";97.99;"A";4213;"A";31.39;"A";23.22;"A";16.04;"A";13.29;"A";50.8;"A";27;"A";8.34;"A";64.37;"A";1011.15;"A";10;"A";0;"A";16;"A";205;"A";0;"A";113.33;"A"
"2025-01-02 13:00";97.99;"A";4212.87;"A";25.66;"A";19.18;"A";13.39;"A";13.51;"A";51.04;"A";24;"A";8.56;"A";64.64;"A";1011.03;"A";12;"A";1;"A";13;"A";196;"A";0.33;"A";93.33;"A"
"2025-01-02 13:15";98;"A";4212.8;"A";21.25;"A";17.39;"A";12.37;"A";13.7;"A";50.57;"A";25;"A";8.74;"A";63.88;"A";1010.83;"A";13;"A";1;"A";11;"A";183;"A";0;"A";140;"A"
"2025-01-02 13:30";98;"A";4212.93;"A";23.74;"A";17.8;"A";12.82;"A";13.85;"A";51.26;"A";23;"A";8.77;"A";65.2;"A";1010.65;"A";14;"A";1;"A";9;"A";173;"A";0;"A";106.67;"A"
"2025-01-02 13:45";98;"A";4212.87;"A";24.74;"A";18.8;"A";13.42;"A";13.96;"A";51.5;"A";24;"A";8.88;"A";65.47;"A";1010.33;"A";15;"A";1;"A";9;"A";175;"A";0.33;"A";130;"A"
"2025-01-02 14:00";98;"A";4212.8;"A";21.57;"A";16.72;"A";11.86;"A";14.06;"A";51.69;"A";23;"A";9.01;"A";65.48;"A";1009.83;"A";15;"A";1;"A";8;"A";161;"A";0;"A";126.67;"A"
"2025-01-02 14:15";98;"A";4212.87;"A";18.9;"A";13.89;"A";9.99;"A";14.2;"A";51.31;"A";23;"A";9.17;"A";64.78;"A";1009.77;"A";17;"A";1;"A";6;"A";151;"A";0;"A";120;"A"
"2025-01-02 14:30";98;"A";4212.87;"A";17.73;"A";13.18;"A";9.15;"A";14.31;"A";51.32;"A";23;"A";9.25;"A";65.21;"A";1009.7;"A";17;"A";1;"A";6;"A";137;"A";0.33;"A";133.33;"A"
"2025-01-02 14:45";98;"A";4212.93;"A";15.49;"A";11.56;"A";8.54;"A";14.4;"A";51.77;"A";23;"A";9.24;"A";66.11;"A";1009.65;"A";17;"A";1;"A";6;"A";133;"A";0.67;"A";133.33;"A"
"2025-01-02 15:00";97.98;"A";4204.33;"A";14.41;"A";10.56;"A";7.45;"A";14.44;"A";51.79;"A";23;"A";9.27;"A";65.76;"A";1009.58;"A";17;"A";1;"A";5;"A";125;"A";1;"A";133.33;"A"
"2025-01-02 15:15";97.84;"A";4204.73;"A";14.03;"A";9.93;"A";7.25;"A";14.45;"A";51.96;"A";24;"A";9.24;"A";66.59;"A";1009.58;"A";18;"A";1;"A";6;"A";123;"A";0.33;"A";96.67;"A"
"2025-01-02 15:30";97.9;"A";4211.8;"A";14.15;"A";10.22;"A";7.47;"A";14.46;"A";52.83;"A";24;"A";9.21;"A";67.76;"A";1009.63;"A";18;"A";1;"A";6;"A";121;"A";0;"A";80;"A"
"2025-01-02 15:45";97.93;"A";4212.67;"A";15.2;"A";10.95;"A";7.68;"A";14.42;"A";53.03;"A";24;"A";9.11;"A";67.96;"A";1009.5;"A";18;"A";1;"A";6;"A";123;"A";0;"A";53.33;"A"
"2025-01-02 16:00";97.96;"A";4212.8;"A";15.01;"A";11.29;"A";7.97;"A";14.36;"A";52.97;"A";24;"A";8.98;"A";68.08;"A";1009.34;"A";18;"A";0;"A";6;"A";130;"A";0;"A";63.33;"A"
"2025-01-02 16:15";97.97;"A";4212.8;"A";16.18;"A";12.21;"A";8.85;"A";14.23;"A";53.02;"A";24;"A";8.8;"A";68.34;"A";1009.15;"A";19;"A";1;"A";6;"A";132;"A";0;"A";76.67;"A"
"2025-01-02 16:30";97.98;"A";4212.87;"A";15.83;"A";12.3;"A";8.63;"A";14.08;"A";53.9;"A";24;"A";8.62;"A";70.32;"A";1009.05;"A";19;"A";1;"A";5;"A";133;"A";0;"A";180;"A"
"2025-01-02 16:45";97.99;"A";4212.87;"A";16.9;"A";12.51;"A";9;"A";13.91;"A";54.58;"A";24;"A";8.46;"A";70.71;"A";1009.05;"A";18;"A";1;"A";5;"A";136;"A";0.67;"A";343.33;"A"
"2025-01-02 17:00";97.99;"A";4213;"A";17.46;"A";12.92;"A";9.19;"A";13.73;"A";55.07;"A";24;"A";8.18;"A";71.9;"A";1009.13;"A";18;"A";1;"A";5;"A";134;"A";0.33;"A";280;"A"
"2025-01-02 17:15";97.99;"A";4212.87;"A";19.42;"A";13.95;"A";9.9;"A";13.49;"A";56.09;"A";23;"A";7.88;"A";73.53;"A";1009.1;"A";17;"A";1;"A";6;"A";135;"A";0;"A";160;"A"
"2025-01-02 17:30";97.99;"A";4212.8;"A";20.17;"A";14.83;"A";10.47;"A";13.22;"A";56.3;"A";23;"A";7.61;"A";73.58;"A";1009.04;"A";17;"A";1;"A";5;"A";138;"A";0;"A";120;"A"
"2025-01-02 17:45";97.99;"A";4212.87;"A";20.13;"A";14.56;"A";10.32;"A";12.94;"A";56.4;"A";23;"A";7.32;"A";73.87;"A";1008.91;"A";17;"A";1;"A";6;"A";142;"A";0.33;"A";156.67;"A"
"2025-01-02 18:00";97.99;"A";4213;"A";21.41;"A";15.76;"A";11.05;"A";12.68;"A";56.74;"A";24;"A";7.09;"A";74.44;"A";1008.85;"A";18;"A";1;"A";6;"A";138;"A";0.33;"A";6.67;"A"
"2025-01-02 18:15";98;"A";4213.27;"A";25.59;"A";18.07;"A";12.54;"A";12.41;"A";57.59;"A";23;"A";6.73;"A";75.93;"A";1008.7;"A";17;"A";1;"A";5;"A";139;"A";0;"A";26.67;"A"
"2025-01-02 18:30";98;"A";4213.33;"A";23.16;"A";17.18;"A";12.04;"A";12.11;"A";58.16;"A";22;"A";6.49;"A";76.17;"A";1008.8;"A";17;"A";1;"A";5;"A";134;"A";0;"A";173.33;"A"
"2025-01-02 18:45";98;"A";4213.6;"A";24.11;"A";17.5;"A";12.32;"A";11.86;"A";57.94;"A";22;"A";6.31;"A";75.64;"A";1008.88;"A";17;"A";1;"A";5;"A";136;"A";0;"A";96.67;"A"
"2025-01-02 19:00";98;"A";4213.6;"A";24.22;"A";18.32;"A";12.66;"A";11.63;"A";57.96;"A";22;"A";6.05;"A";76.08;"A";1008.89;"A";17;"A";1;"A";5;"A";139;"A";0.33;"A";163.33;"A"
"2025-01-02 19:15";97.99;"A";4213.67;"A";25.82;"A";19.21;"A";13.7;"A";11.4;"A";58.44;"A";22;"A";5.78;"A";76.65;"A";1008.87;"A";17;"A";2;"A";5;"A";142;"A";0.67;"A";340;"A"
"2025-01-02 19:30";97.99;"A";4213.73;"A";25.37;"A";20.04;"A";14.03;"A";11.16;"A";58.55;"A";22;"A";5.53;"A";76.95;"A";1008.72;"A";17;"A";1;"A";5;"A";145;"A";1;"A";346.67;"A"
"2025-01-02 19:45";97.99;"A";4213.67;"A";26.93;"A";20.65;"A";14.49;"A";10.88;"A";59;"A";21;"A";5.25;"A";77.4;"A";1008.61;"A";16;"A";2;"A";5;"A";149;"A";0.33;"A";346.67;"A"
"2025-01-02 20:00";97.99;"A";4213.6;"A";29.57;"A";21.65;"A";15.09;"A";10.65;"A";59.4;"A";20;"A";5.05;"A";78.04;"A";1008.47;"A";16;"A";2;"A";5;"A";153;"A";0;"A";63.33;"A"
"2025-01-02 20:15";97.99;"A";4213.6;"A";26.52;"A";18.88;"A";15.08;"A";10.47;"A";59.98;"A";21;"A";4.9;"A";78.74;"A";1008.38;"A";15;"A";2;"A";6;"A";156;"A";0.33;"A";260;"A"
"2025-01-02 20:30";97.99;"A";4213.73;"A";24.67;"A";17.17;"A";15.12;"A";10.4;"A";60;"A";22;"A";4.67;"A";79.39;"A";1008.42;"A";13;"A";1;"A";8;"A";155;"A";0;"A";280;"A"
"2025-01-02 20:45";97.99;"A";4214;"A";25.21;"A";17.54;"A";15.45;"A";10.31;"A";60.01;"A";22;"A";4.55;"A";79.65;"A";1008.47;"A";13;"A";1;"A";9;"A";156;"A";0;"A";230;"A"
"2025-01-02 21:00";97.99;"A";4213.67;"A";25.64;"A";17.84;"A";15.71;"A";10.24;"A";59.98;"A";22;"A";4.49;"A";79.55;"A";1008.36;"A";13;"A";1;"A";9;"A";160;"A";0.67;"A";340;"A"
"2025-01-02 21:15";97.99;"A";4213.8;"A";25.37;"A";17.65;"A";15.55;"A";10.19;"A";60.02;"A";23;"A";4.62;"A";78.85;"A";1008.09;"A";13;"A";1;"A";10;"A";160;"A";0.33;"A";270;"A"
"2025-01-02 21:30";97.99;"A";4213.73;"A";25;"A";17.4;"A";15.32;"A";10.25;"A";60.03;"A";23;"A";4.63;"A";79.36;"A";1007.97;"A";12;"A";1;"A";11;"A";152;"A";0;"A";106.67;"A"
"2025-01-02 21:45";97.99;"A";4213.6;"A";22.89;"A";15.94;"A";14.04;"A";10.42;"A";59.97;"A";22;"A";4.7;"A";79.56;"A";1007.87;"A";13;"A";1;"A";9;"A";140;"A";0;"A";170;"A"
"2025-01-02 22:00";97.99;"A";4213.73;"A";23.66;"A";16.48;"A";14.51;"A";10.49;"A";59.99;"A";22;"A";4.81;"A";79.43;"A";1007.69;"A";13;"A";1;"A";9;"A";142;"A";0;"A";83.33;"A"
"2025-01-02 22:15";97.99;"A";4213.73;"A";22.06;"A";15.38;"A";13.55;"A";10.58;"A";60;"A";23;"A";4.88;"A";79.49;"A";1007.55;"A";13;"A";1;"A";10;"A";136;"A";0;"A";150;"A"
"2025-01-02 22:30";97.99;"A";4213.67;"A";19.17;"A";13.4;"A";11.8;"A";10.56;"A";60;"A";22;"A";4.84;"A";79.56;"A";1007.52;"A";14;"A";1;"A";8;"A";127;"A";0.33;"A";130;"A"
"2025-01-02 22:45";97.99;"A";4214;"A";18.8;"A";13.14;"A";11.58;"A";10.61;"A";60.04;"A";21;"A";4.64;"A";80.78;"A";1007.67;"A";13;"A";1;"A";8;"A";124;"A";0.67;"A";130;"A"
"2025-01-02 23:00";97.98;"A";4213.6;"A";18.65;"A";13.04;"A";11.49;"A";10.74;"A";60.01;"A";22;"A";4.37;"A";82.31;"A";1007.76;"A";11;"A";1;"A";10;"A";126;"A";1;"A";133.33;"A"
"2025-01-02 23:15";97.98;"A";4213.67;"A";18.96;"A";13.25;"A";11.67;"A";10.64;"A";60.06;"A";22;"A";4.16;"A";83.23;"A";1007.79;"A";10;"A";1;"A";13;"A";127;"A";0.33;"A";183.33;"A"
"2025-01-02 23:30";97.98;"A";4213.53;"A";19.05;"A";13.32;"A";11.73;"A";10.69;"A";60.04;"A";22;"A";3.97;"A";84.07;"A";1007.66;"A";10;"A";1;"A";12;"A";133;"A";0.33;"A";270;"A"
"2025-01-02 23:45";97.98;"A";4213.53;"A";18.6;"A";13.01;"A";11.46;"A";10.7;"A";60;"A";21;"A";3.83;"A";85.06;"A";1007.62;"A";9;"A";1;"A";13;"A";129;"A";0;"A";123.33;"A"
"2025-01-03 00:00";97.98;"A";4213.4;"A";18.54;"A";12.96;"A";11.42;"A";10.87;"A";60.12;"A";22;"A";3.8;"A";86.17;"A";1007.39;"A";10;"A";1;"A";13;"A";117;"A";0.33;"A";256.67;"A"
"2025-01-03 00:15";97.98;"A";4213.33;"A";17.97;"A";12.58;"A";11.08;"A";11.16;"A";60;"A";21;"A";3.88;"A";87.14;"A";1007.26;"A";11;"A";1;"A";10;"A";113;"A";0;"A";80;"A"
"2025-01-03 00:30";97.98;"A";4213.33;"A";17.98;"A";12.58;"A";11.08;"A";11.3;"A";60.01;"A";21;"A";3.99;"A";87.38;"A";1007.22;"A";13;"A";1;"A";7;"A";107;"A";0;"A";113.33;"A"
"2025-01-03 00:45";97.98;"A";4213.67;"A";18.23;"A";12.75;"A";11.23;"A";11.45;"A";59.94;"A";21;"A";4.03;"A";87.55;"A";1007.03;"A";14;"A";1;"A";6;"A";106;"A";1;"A";340;"A"
"2025-01-03 01:00";97.97;"A";4213.4;"A";18.72;"A";13.09;"A";11.53;"A";11.44;"A";59.98;"A";21;"A";4.03;"A";87.7;"A";1006.94;"A";14;"A";1;"A";7;"A";104;"A";0.33;"A";196.67;"A"
"2025-01-03 01:15";97.97;"A";4213.13;"A";19.37;"A";13.53;"A";11.92;"A";11.33;"A";60.03;"A";20;"A";3.95;"A";88.03;"A";1006.92;"A";13;"A";1;"A";7;"A";104;"A";0.33;"A";100;"A"
"2025-01-03 01:30";97.97;"A";4213.33;"A";20.36;"A";14.22;"A";12.52;"A";11.46;"A";59.97;"A";20;"A";3.97;"A";88;"A";1006.94;"A";14;"A";2;"A";6;"A";110;"A";0;"A";106.67;"A"
"2025-01-03 01:45";97.97;"A";4213.27;"A";20.56;"A";14.35;"A";12.64;"A";11.29;"A";60.01;"A";20;"A";3.91;"A";87.83;"A";1007.06;"A";13;"A";1;"A";7;"A";110;"A";0.33;"A";193.33;"A"
"2025-01-03 02:00";97.97;"A";4213.4;"A";20.55;"A";14.34;"A";12.63;"A";11.23;"A";59.93;"A";20;"A";3.78;"A";87.88;"A";1007.05;"A";11;"A";1;"A";8;"A";109;"A";0.33;"A";186.67;"A"
"2025-01-03 02:15";97.97;"A";4213.4;"A";20.56;"A";14.35;"A";12.64;"A";10.98;"A";59.99;"A";18;"A";3.55;"A";87.92;"A";1007.04;"A";11;"A";2;"A";8;"A";109;"A";0.33;"A";133.33;"A"
"2025-01-03 02:30";97.97;"A";4213.67;"A";21.18;"A";14.77;"A";13.01;"A";10.92;"A";59.98;"A";19;"A";3.44;"A";88.65;"A";1007;"A";10;"A";2;"A";9;"A";112;"A";0.33;"A";120;"A"
"2025-01-03 02:45";97.97;"A";4213.8;"A";21.63;"A";15.08;"A";13.28;"A";10.7;"A";59.99;"A";19;"A";3.24;"A";88.27;"A";1006.96;"A";10;"A";1;"A";9;"A";119;"A";0;"A";173.33;"A"
"2025-01-03 03:00";97.97;"A";4213.47;"A";22.11;"A";15.42;"A";13.58;"A";10.56;"A";60;"A";19;"A";3.07;"A";88.54;"A";1006.69;"A";9;"A";2;"A";10;"A";115;"A";0;"A";270;"A"
"2025-01-03 03:15";97.96;"A";4213.47;"A";24.08;"A";16.77;"A";14.77;"A";10.63;"A";60.06;"A";19;"A";3.11;"A";88.56;"A";1006.3;"A";10;"A";2;"A";9;"A";124;"A";0.67;"A";116.67;"A"
"2025-01-03 03:30";97.96;"A";4213.53;"A";25.52;"A";17.75;"A";15.63;"A";10.43;"A";59.97;"A";17;"A";3.07;"A";87.73;"A";1006.26;"A";10;"A";2;"A";7;"A";128;"A";0.33;"A";130;"A"
"2025-01-03 03:45";97.96;"A";4213.4;"A";27.41;"A";19.05;"A";16.78;"A";10.33;"A";60.01;"A";17;"A";3.03;"A";87.82;"A";1006.21;"A";9;"A";2;"A";8;"A";137;"A";0;"A";193.33;"A"
"2025-01-03 04:00";97.96;"A";4213.67;"A";26.25;"A";18.25;"A";16.08;"A";10.3;"A";59.97;"A";17;"A";2.95;"A";87.85;"A";1005.87;"A";8;"A";2;"A";9;"A";133;"A";0.33;"A";116.67;"A"
"2025-01-03 04:15";97.96;"A";4213.47;"A";26.46;"A";18.4;"A";16.2;"A";10.29;"A";60;"A";18;"A";3;"A";87.48;"A";1005.72;"A";9;"A";2;"A";8;"A";133;"A";0.33;"A";196.67;"A"
"2025-01-03 04:30";97.96;"A";4213.67;"A";26.79;"A";18.63;"A";16.41;"A";10.14;"A";59.93;"A";17;"A";2.96;"A";87.43;"A";1005.53;"A";9;"A";2;"A";9;"A";142;"A";0.33;"A";250;"A"
"2025-01-03 04:45";97.96;"A";4213.93;"A";27.31;"A";18.98;"A";16.72;"A";10.15;"A";59.93;"A";18;"A";2.85;"A";87.84;"A";1005.22;"A";7;"A";2;"A";10;"A";141;"A";0;"A";96.67;"A"
"2025-01-03 05:00";97.96;"A";4213.67;"A";30.5;"A";21.17;"A";18.65;"A";10.05;"A";60.01;"A";18;"A";2.76;"A";87.82;"A";1005.46;"A";7;"A";2;"A";12;"A";164;"A";0.67;"A";206.67;"A"
"2025-01-03 05:15";97.96;"A";4213.67;"A";32.33;"A";22.42;"A";19.75;"A";9.87;"A";60.09;"A";17;"A";2.6;"A";87.44;"A";1005.36;"A";5;"A";2;"A";11;"A";167;"A";0;"A";173.33;"A"
"2025-01-03 05:30";97.96;"A";4213.6;"A";30.42;"A";21.11;"A";18.59;"A";9.92;"A";59.99;"A";17;"A";2.52;"A";88.37;"A";1005.38;"A";6;"A";2;"A";11;"A";159;"A";0;"A";206.67;"A"
"2025-01-03 05:45";97.96;"A";4213.47;"A";30.05;"A";20.86;"A";18.37;"A";9.95;"A";60.14;"A";19;"A";2.62;"A";88.49;"A";1005.41;"A";5;"A";2;"A";14;"A";166;"A";0.67;"A";316.67;"A"
"2025-01-03 06:00";97.96;"A";4213.6;"A";27.5;"A";19.11;"A";16.83;"A";10.24;"A";59.89;"A";21;"A";2.94;"A";87.79;"A";1005.25;"A";6;"A";1;"A";14;"A";166;"A";0;"A";150;"A"
"2025-01-03 06:15";97.96;"A";4213.67;"A";25.35;"A";17.64;"A";15.53;"A";10.26;"A";59.88;"A";19;"A";3.04;"A";87.22;"A";1005.33;"A";8;"A";1;"A";10;"A";144;"A";0;"A";100;"A"
"2025-01-03 06:30";97.95;"A";4213.47;"A";24.25;"A";16.88;"A";14.87;"A";10.08;"A";59.97;"A";18;"A";3.01;"A";86.74;"A";1005.14;"A";10;"A";1;"A";8;"A";138;"A";0.33;"A";206.67;"A"
"2025-01-03 06:45";97.95;"A";4213.6;"A";24.94;"A";17.36;"A";15.29;"A";9.98;"A";59.92;"A";18;"A";2.89;"A";86.7;"A";1005.1;"A";9;"A";2;"A";8;"A";136;"A";0;"A";130;"A"
"2025-01-03 07:00";97.95;"A";4213.8;"A";25.35;"A";17.63;"A";15.53;"A";9.78;"A";60.05;"A";17;"A";2.65;"A";87.2;"A";1005.28;"A";9;"A";2;"A";8;"A";144;"A";0;"A";146.67;"A"
"2025-01-03 07:15";97.95;"A";4213.6;"A";25.34;"A";17.63;"A";15.53;"A";9.67;"A";60.02;"A";17;"A";2.59;"A";86.85;"A";1005.45;"A";11;"A";3;"A";7;"A";145;"A";0;"A";206.67;"A"
"2025-01-03 07:30";97.95;"A";4213.67;"A";25.67;"A";17.85;"A";15.73;"A";9.44;"A";60.04;"A";17;"A";2.38;"A";86.69;"A";1005.45;"A";11;"A";2;"A";5;"A";136;"A";0.33;"A";240;"A"
"2025-01-03 07:45";97.95;"A";4213.73;"A";26.77;"A";18.61;"A";16.39;"A";9.3;"A";60.01;"A";16;"A";2.29;"A";86.66;"A";1005.42;"A";11;"A";3;"A";6;"A";141;"A";0;"A";320;"A"
"2025-01-03 08:00";97.95;"A";4213.47;"A";28.34;"A";19.69;"A";17.34;"A";9.23;"A";60.01;"A";17;"A";2.22;"A";86.5;"A";1005.42;"A";11;"A";2;"A";6;"A";155;"A";0;"A";326.67;"A"
"2025-01-03 08:15";97.95;"A";4213.67;"A";30.62;"A";21.25;"A";18.72;"A";9.04;"A";60.01;"A";17;"A";2.12;"A";86.24;"A";1005.33;"A";9;"A";2;"A";7;"A";190;"A";0.33;"A";283.33;"A"
"2025-01-03 08:30";97.95;"A";4213.67;"A";35.08;"A";24.31;"A";21.41;"A";9;"A";60.01;"A";17;"A";2.17;"A";85.88;"A";1004.94;"A";8;"A";2;"A";9;"A";214;"A";0;"A";323.33;"A"
"2025-01-03 08:45";97.94;"A";4213.67;"A";37.73;"A";26.13;"A";23.02;"A";9.13;"A";59.94;"A";16;"A";2.3;"A";85.76;"A";1004.99;"A";7;"A";3;"A";9;"A";222;"A";0;"A";60;"A"
"2025-01-03 09:00";97.94;"A";4214;"A";36.81;"A";25.5;"A";22.46;"A";9.12;"A";59.95;"A";18;"A";2.49;"A";85.03;"A";1005.48;"A";6;"A";2;"A";12;"A";227;"A";0;"A";160;"A"
"2025-01-03 09:15";97.94;"A";4213.73;"A";33.18;"A";23.01;"A";20.27;"A";9.07;"A";59.99;"A";18;"A";2.68;"A";83.93;"A";1005.3;"A";7;"A";2;"A";11;"A";176;"A";0;"A";113.33;"A"
"2025-01-03 09:30";97.94;"A";4213.73;"A";34.32;"A";23.79;"A";20.95;"A";9.09;"A";59.92;"A";16;"A";2.86;"A";82.89;"A";1005.34;"A";9;"A";2;"A";7;"A";173;"A";0;"A";23.33;"A"
"2025-01-03 09:45";97.94;"A";4213.73;"A";34.55;"A";23.95;"A";21.09;"A";9.08;"A";59.99;"A";17;"A";3.04;"A";82.2;"A";1005.54;"A";9;"A";2;"A";8;"A";185;"A";0;"A";240;"A"
"2025-01-03 10:00";97.94;"A";4213.6;"A";32.89;"A";22.81;"A";20.09;"A";9.25;"A";60.01;"A";17;"A";3.13;"A";82.22;"A";1005.9;"A";8;"A";2;"A";9;"A";174;"A";0.67;"A";116.67;"A"
"2025-01-03 10:15";97.94;"A";4213.53;"A";33.03;"A";22.9;"A";20.17;"A";9.28;"A";59.95;"A";16;"A";3.18;"A";81.87;"A";1005.89;"A";8;"A";3;"A";7;"A";175;"A";0.33;"A";136.67;"A"
"2025-01-03 10:30";97.94;"A";4213.73;"A";32.11;"A";22.27;"A";19.62;"A";9.23;"A";59.99;"A";16;"A";3.24;"A";81.55;"A";1005.87;"A";10;"A";2;"A";6;"A";169;"A";0;"A";83.33;"A"
"2025-01-03 10:45";97.94;"A";4213.67;"A";32.31;"A";22.41;"A";19.74;"A";9.3;"A";59.9;"A";16;"A";3.44;"A";81.12;"A";1005.72;"A";9;"A";2;"A";7;"A";182;"A";0.33;"A";343.33;"A"
"2025-01-03 11:00";97.94;"A";4214;"A";31.92;"A";22.85;"A";19.28;"A";9.33;"A";59.92;"A";18;"A";3.68;"A";80.08;"A";1005.66;"A";8;"A";1;"A";10;"A";171;"A";0.67;"A";240;"A"
"2025-01-03 11:15";97.94;"A";4213.67;"A";32.17;"A";22.32;"A";19.66;"A";9.41;"A";60.01;"A";18;"A";4.01;"A";78.99;"A";1005.41;"A";8;"A";2;"A";10;"A";173;"A";0;"A";330;"A"
"2025-01-03 11:30";97.94;"A";4213.73;"A";32.81;"A";23.91;"A";19.78;"A";9.53;"A";59.88;"A";17;"A";4.31;"A";77.89;"A";1005.23;"A";9;"A";2;"A";9;"A";184;"A";0.33;"A";263.33;"A"
"2025-01-03 11:45";97.94;"A";4213.67;"A";33.15;"A";26.4;"A";19.19;"A";9.76;"A";59.69;"A";18;"A";4.82;"A";76.33;"A";1005.23;"A";9;"A";1;"A";9;"A";183;"A";0;"A";110;"A"
"2025-01-03 12:00";97.94;"A";4213.4;"A";32.23;"A";26.07;"A";18.83;"A";10.07;"A";59.17;"A";18;"A";4.95;"A";76.51;"A";1005.28;"A";9;"A";2;"A";9;"A";188;"A";0;"A";266.67;"A"
"2025-01-03 12:15";97.94;"A";4213.47;"A";34.39;"A";26.85;"A";19.17;"A";10.29;"A";58.9;"A";19;"A";4.97;"A";77.11;"A";1005.1;"A";9;"A";2;"A";10;"A";188;"A";0;"A";170;"A"
"2025-01-03 12:30";97.94;"A";4213.73;"A";31.6;"A";24.85;"A";18.01;"A";10.42;"A";58.88;"A";18;"A";5.16;"A";76.37;"A";1004.69;"A";10;"A";2;"A";8;"A";179;"A";0.33;"A";143.33;"A"
"2025-01-03 12:45";97.93;"A";4213.67;"A";30.62;"A";25.08;"A";17.67;"A";10.58;"A";58.44;"A";19;"A";5.41;"A";75.73;"A";1004.46;"A";10;"A";2;"A";8;"A";185;"A";0;"A";243.33;"A"
"2025-01-03 13:00";97.93;"A";4213.53;"A";31.26;"A";25.38;"A";17.8;"A";10.74;"A";58.46;"A";19;"A";5.58;"A";75.87;"A";1004.18;"A";9;"A";2;"A";10;"A";186;"A";0;"A";193.33;"A"
"2025-01-03 13:15";97.92;"A";4205.07;"A";32.36;"A";26.05;"A";18.4;"A";10.9;"A";57.99;"A";20;"A";5.74;"A";74.62;"A";1003.86;"A";8;"A";1;"A";12;"A";192;"A";0;"A";263.33;"A"
"2025-01-03 13:30";97.77;"A";4203.6;"A";31.68;"A";25.26;"A";18.31;"A";11.04;"A";57.83;"A";20;"A";5.91;"A";74.46;"A";1004.04;"A";7;"A";1;"A";14;"A";200;"A";0;"A";180;"A"
"2025-01-03 13:45";97.82;"A";4212;"A";32.79;"A";26.18;"A";18.87;"A";11.22;"A";57.57;"A";21;"A";6.1;"A";74.02;"A";1004.14;"A";6;"A";1;"A";15;"A";226;"A";0;"A";246.67;"A"
"2025-01-03 14:00";97.86;"A";4212.73;"A";34.72;"A";27.5;"A";20.08;"A";11.42;"A";57.49;"A";22;"A";6.3;"A";74.38;"A";1004.08;"A";5;"A";1;"A";17;"A";263;"A";0;"A";236.67;"A"
"2025-01-03 14:15";97.88;"A";4212.73;"A";37.96;"A";29.11;"A";20.18;"A";11.6;"A";58.09;"A";21;"A";6.43;"A";75.35;"A";1003.7;"A";5;"A";1;"A";16;"A";256;"A";0;"A";256.67;"A"
"2025-01-03 14:30";97.9;"A";4212.67;"A";35.29;"A";27.79;"A";19.22;"A";11.75;"A";58.6;"A";20;"A";6.56;"A";75.49;"A";1003.62;"A";5;"A";2;"A";15;"A";228;"A";0;"A";190;"A"
"2025-01-03 14:45";97.91;"A";4213;"A";34.56;"A";27.59;"A";19.21;"A";11.86;"A";58.67;"A";21;"A";6.59;"A";75.97;"A";1003.68;"A";6;"A";1;"A";15;"A";240;"A";0;"A";226.67;"A"
"2025-01-03 15:00";97.92;"A";4212.93;"A";35.95;"A";27.13;"A";19.37;"A";11.88;"A";59.05;"A";19;"A";6.49;"A";77.07;"A";1003.67;"A";5;"A";2;"A";14;"A";236;"A";0;"A";153.33;"A"
"2025-01-03 15:15";97.92;"A";4212.87;"A";35.13;"A";27.77;"A";19.47;"A";11.85;"A";59.34;"A";20;"A";6.38;"A";77.59;"A";1003.88;"A";3;"A";2;"A";17;"A";240;"A";0;"A";183.33;"A"
"2025-01-03 15:30";97.92;"A";4213.2;"A";36.69;"A";28.36;"A";19.91;"A";11.78;"A";59.65;"A";19;"A";6.28;"A";78.08;"A";1003.87;"A";4;"A";2;"A";15;"A";264;"A";0;"A";240;"A"
"2025-01-03 15:45";97.92;"A";4213.33;"A";34.57;"A";25.38;"A";20.21;"A";11.69;"A";59.97;"A";19;"A";6.12;"A";78.93;"A";1003.74;"A";6;"A";3;"A";13;"A";266;"A";0;"A";223.33;"A"
"2025-01-03 16:00";97.92;"A";4213.47;"A";35.96;"A";25;"A";21.97;"A";11.66;"A";60.01;"A";18;"A";5.92;"A";79.49;"A";1003.68;"A";6;"A";3;"A";11;"A";265;"A";0;"A";230;"A"
"2025-01-03 16:15";97.92;"A";4213.53;"A";37.72;"A";26.13;"A";23.01;"A";11.62;"A";60.05;"A";17;"A";5.74;"A";80.37;"A";1003.71;"A";6;"A";3;"A";12;"A";277;"A";0;"A";193.33;"A"
"2025-01-03 16:30";97.92;"A";4213.47;"A";43.1;"A";29.81;"A";26.26;"A";11.64;"A";60.01;"A";18;"A";5.68;"A";80.71;"A";1003.6;"A";5;"A";3;"A";12;"A";310;"A";0;"A";196.67;"A"
"2025-01-03 16:45";97.92;"A";4213.6;"A";49.73;"A";34.36;"A";30.26;"A";11.71;"A";59.99;"A";20;"A";5.68;"A";80.98;"A";1003.44;"A";3;"A";3;"A";17;"A";363;"A";0;"A";143.33;"A"
"2025-01-03 17:00";97.92;"A";4213.53;"A";51.79;"A";35.78;"A";31.51;"A";11.65;"A";59.99;"A";22;"A";5.62;"A";80.98;"A";1003.31;"A";0;"A";2;"A";22;"A";424;"A";0;"A";206.67;"A"
"2025-01-03 17:15";97.92;"A";4213.47;"A";51.55;"A";35.61;"A";31.36;"A";11.62;"A";60;"A";21;"A";5.51;"A";81.35;"A";1003.15;"A";0;"A";3;"A";23;"A";464;"A";0;"A";173.33;"A"
"2025-01-03 17:30";97.92;"A";4213.2;"A";49.7;"A";34.34;"A";30.24;"A";11.59;"A";60.01;"A";20;"A";5.42;"A";81.68;"A";1002.97;"A";0;"A";4;"A";22;"A";498;"A";0;"A";146.67;"A"
"2025-01-03 17:45";97.92;"A";4213.33;"A";50.64;"A";34.99;"A";30.81;"A";11.49;"A";60.05;"A";21;"A";5.37;"A";81.69;"A";1002.91;"A";0;"A";4;"A";23;"A";604;"A";0.33;"A";223.33;"A"
"2025-01-03 18:00";97.92;"A";4213.2;"A";58.35;"A";40.27;"A";35.47;"A";11.54;"A";60.05;"A";20;"A";5.18;"A";82.63;"A";1003.02;"A";0;"A";6;"A";22;"A";721;"A";0;"A";133.33;"A"
"2025-01-03 18:15";97.88;"A";4205.33;"A";79.84;"A";55.02;"A";48.46;"A";11.57;"A";60.02;"A";22;"A";5.23;"A";82.55;"A";1003.56;"A";0;"A";7;"A";24;"A";974;"A";0;"A";306.67;"A"
"2025-01-03 18:30";97.85;"A";4212.6;"A";56.35;"A";38.91;"A";34.27;"A";11.78;"A";59.96;"A";23;"A";5.52;"A";82.09;"A";1003.65;"A";0;"A";4;"A";25;"A";530;"A";0;"A";316.67;"A"
"2025-01-03 18:45";97.87;"A";4212.93;"A";46.97;"A";32.47;"A";28.6;"A";11.79;"A";59.97;"A";21;"A";5.59;"A";81.75;"A";1003.51;"A";0;"A";4;"A";23;"A";372;"A";0;"A";190;"A"
"2025-01-03 19:00";97.89;"A";4212.93;"A";44.9;"A";31.05;"A";27.35;"A";11.83;"A";59.91;"A";19;"A";5.46;"A";82.4;"A";1003.54;"A";0;"A";4;"A";21;"A";458;"A";0.67;"A";196.67;"A"
"2025-01-03 19:15";97.9;"A";4212.8;"A";41.08;"A";28.42;"A";25.03;"A";11.87;"A";59.97;"A";16;"A";5.3;"A";83.43;"A";1003.54;"A";1;"A";5;"A";15;"A";417;"A";0;"A";180;"A"
"2025-01-03 19:30";97.91;"A";4212.87;"A";40.52;"A";28.04;"A";24.7;"A";11.92;"A";60.08;"A";15;"A";5.21;"A";84.15;"A";1003.63;"A";2;"A";5;"A";13;"A";353;"A";0;"A";153.33;"A"
"2025-01-03 19:45";97.91;"A";4213;"A";40.6;"A";28.1;"A";24.75;"A";11.76;"A";60.07;"A";14;"A";5.12;"A";84.28;"A";1003.6;"A";5;"A";6;"A";9;"A";325;"A";0;"A";206.67;"A"
"2025-01-03 20:00";97.91;"A";4212.87;"A";43.88;"A";30.35;"A";26.73;"A";11.88;"A";59.94;"A";15;"A";5.01;"A";85.01;"A";1003.52;"A";6;"A";5;"A";9;"A";292;"A";0.33;"A";133.33;"A"
"2025-01-03 20:15";97.91;"A";4213.4;"A";37.72;"A";26.12;"A";23.01;"A";11.69;"A";60.01;"A";15;"A";4.8;"A";85.09;"A";1003.33;"A";7;"A";7;"A";8;"A";515;"A";0;"A";126.67;"A"
"2025-01-03 20:30";97.91;"A";4213.13;"A";41.51;"A";28.72;"A";25.29;"A";11.51;"A";59.97;"A";15;"A";4.58;"A";85.01;"A";1003.56;"A";9;"A";7;"A";6;"A";339;"A";0.33;"A";100;"A"
"2025-01-03 20:45";97.91;"A";4213.4;"A";39.04;"A";27.03;"A";23.8;"A";11.35;"A";59.98;"A";16;"A";4.39;"A";85.28;"A";1003.72;"A";8;"A";5;"A";8;"A";234;"A";0;"A";66.67;"A"
"2025-01-03 21:00";97.91;"A";4213.27;"A";44.81;"A";30.98;"A";27.29;"A";11.15;"A";60.02;"A";14;"A";4.27;"A";85.12;"A";1003.91;"A";7;"A";6;"A";6;"A";243;"A";0;"A";86.67;"A"
"2025-01-03 21:15";97.91;"A";4213.27;"A";36.16;"A";25.05;"A";22.07;"A";10.96;"A";59.94;"A";13;"A";4.14;"A";84.94;"A";1003.85;"A";7;"A";6;"A";6;"A";244;"A";0.33;"A";130;"A"
"2025-01-03 21:30";97.91;"A";4213.2;"A";33.93;"A";23.52;"A";20.72;"A";10.75;"A";59.98;"A";14;"A";3.96;"A";85.08;"A";1003.91;"A";7;"A";6;"A";6;"A";223;"A";0;"A";133.33;"A"
"2025-01-03 21:45";97.91;"A";4213.53;"A";34.14;"A";23.66;"A";20.84;"A";10.5;"A";60.08;"A";14;"A";3.72;"A";84.84;"A";1004.05;"A";7;"A";5;"A";6;"A";233;"A";1;"A";136.67;"A"
"2025-01-03 22:00";97.91;"A";4213.53;"A";34.23;"A";23.73;"A";20.9;"A";10.41;"A";59.94;"A";13;"A";3.47;"A";85.57;"A";1004.1;"A";6;"A";5;"A";7;"A";235;"A";0.33;"A";130;"A"
"2025-01-03 22:15";97.91;"A";4213.67;"A";35.74;"A";24.77;"A";21.81;"A";10.3;"A";60.06;"A";13;"A";3.19;"A";86.57;"A";1004.48;"A";6;"A";6;"A";7;"A";273;"A";0.33;"A";133.33;"A"
"2025-01-03 22:30";97.91;"A";4213.47;"A";29.24;"A";20.3;"A";17.88;"A";10.06;"A";59.99;"A";12;"A";2.92;"A";86.79;"A";1004.67;"A";6;"A";6;"A";6;"A";245;"A";0;"A";126.67;"A"
"2025-01-03 22:45";97.91;"A";4213.8;"A";24.87;"A";17.3;"A";15.24;"A";9.82;"A";60.03;"A";13;"A";2.6;"A";87.3;"A";1004.88;"A";7;"A";6;"A";6;"A";242;"A";0;"A";133.33;"A"
"2025-01-03 23:00";97.91;"A";4213.47;"A";29.05;"A";20.17;"A";17.77;"A";9.69;"A";59.93;"A";13;"A";2.33;"A";87.59;"A";1005.22;"A";6;"A";6;"A";7;"A";251;"A";0;"A";260;"A"
"2025-01-03 23:15";97.91;"A";4213.6;"A";40.91;"A";28.31;"A";24.93;"A";9.49;"A";60.05;"A";13;"A";2.11;"A";88.24;"A";1005.22;"A";6;"A";6;"A";7;"A";272;"A";0.33;"A";323.33;"A"
"2025-01-03 23:30";97.91;"A";4213.4;"A";39.82;"A";27.56;"A";24.27;"A";9.49;"A";60.02;"A";12;"A";2.01;"A";89.3;"A";1005.46;"A";6;"A";6;"A";7;"A";267;"A";0.33;"A";323.33;"A"
"2025-01-03 23:45";97.91;"A";4213.47;"A";31.09;"A";21.58;"A";19;"A";9.63;"A";60.13;"A";12;"A";2.03;"A";89.59;"A";1005.66;"A";6;"A";6;"A";6;"A";264;"A";0.33;"A";330;"A"
"2025-01-04 00:00";97.91;"A";4213.47;"A";23.84;"A";16.6;"A";14.62;"A";9.86;"A";59.91;"A";12;"A";2.17;"A";89.9;"A";1005.82;"A";7;"A";6;"A";6;"A";236;"A";0;"A";260;"A"
"2025-01-04 00:15";97.9;"A";4213.4;"A";20.21;"A";14.11;"A";12.43;"A";9.77;"A";60.04;"A";14;"A";2.17;"A";89.73;"A";1005.85;"A";9;"A";5;"A";5;"A";213;"A";0.33;"A";343.33;"A"
"2025-01-04 00:30";97.9;"A";4213.67;"A";18.46;"A";12.91;"A";11.37;"A";9.85;"A";60.01;"A";14;"A";2.21;"A";89.78;"A";1005.87;"A";9;"A";5;"A";5;"A";188;"A";0.33;"A";340;"A"
"2025-01-04 00:45";97.9;"A";4213.67;"A";17.72;"A";12.4;"A";10.92;"A";9.88;"A";59.98;"A";15;"A";2.26;"A";89.65;"A";1005.81;"A";10;"A";5;"A";5;"A";179;"A";0;"A";346.67;"A"
"2025-01-04 01:00";97.9;"A";4213.47;"A";15.03;"A";10.56;"A";9.3;"A";9.83;"A";59.97;"A";16;"A";2.28;"A";88.88;"A";1005.87;"A";11;"A";4;"A";5;"A";163;"A";0.67;"A";343.33;"A"
"2025-01-04 01:15";97.9;"A";4213.4;"A";14.04;"A";9.88;"A";8.7;"A";9.77;"A";59.99;"A";16;"A";2.24;"A";89.45;"A";1006;"A";12;"A";4;"A";5;"A";156;"A";1;"A";336.67;"A"
"2025-01-04 01:30";97.9;"A";4213.53;"A";12.44;"A";8.78;"A";7.73;"A";9.79;"A";59.98;"A";16;"A";2.19;"A";89.24;"A";1006.05;"A";12;"A";4;"A";4;"A";145;"A";0.33;"A";266.67;"A"
"2025-01-04 01:45";97.9;"A";4213.6;"A";13.36;"A";9.41;"A";8.29;"A";9.67;"A";59.9;"A";17;"A";2.15;"A";88.82;"A";1006.07;"A";12;"A";3;"A";4;"A";144;"A";0;"A";173.33;"A"
"2025-01-04 02:00";97.9;"A";4213.6;"A";18.24;"A";12.76;"A";11.24;"A";9.35;"A";60.03;"A";16;"A";1.94;"A";88.49;"A";1006.14;"A";12;"A";4;"A";4;"A";128;"A";0;"A";206.67;"A"
"2025-01-04 02:15";97.9;"A";4213.67;"A";22.37;"A";15.59;"A";13.74;"A";9.23;"A";60.03;"A";17;"A";1.82;"A";88.52;"A";1006.16;"A";13;"A";3;"A";5;"A";129;"A";0.33;"A";93.33;"A"
"2025-01-04 02:30";97.9;"A";4213.73;"A";24.6;"A";17.12;"A";15.08;"A";9.02;"A";59.98;"A";18;"A";1.72;"A";88.35;"A";1006.23;"A";13;"A";3;"A";5;"A";129;"A";0.67;"A";346.67;"A"
"2025-01-04 02:45";97.89;"A";4213.87;"A";24.91;"A";17.34;"A";15.27;"A";8.97;"A";59.88;"A";18;"A";1.7;"A";88.09;"A";1006.38;"A";14;"A";2;"A";4;"A";116;"A";0;"A";146.67;"A"
"2025-01-04 03:00";97.89;"A";4213.67;"A";22.32;"A";15.56;"A";13.7;"A";8.83;"A";60.07;"A";18;"A";1.65;"A";87.67;"A";1006.42;"A";13;"A";2;"A";5;"A";112;"A";0;"A";336.67;"A"
"2025-01-04 03:15";97.89;"A";4213.6;"A";21.74;"A";15.16;"A";13.35;"A";8.62;"A";59.97;"A";18;"A";1.51;"A";86.96;"A";1006.42;"A";14;"A";2;"A";4;"A";106;"A";0;"A";120;"A"
"2025-01-04 03:30";97.89;"A";4213.67;"A";20.03;"A";13.99;"A";12.32;"A";8.44;"A";60.03;"A";18;"A";1.32;"A";87.32;"A";1006.45;"A";14;"A";2;"A";5;"A";111;"A";0;"A";340;"A"
"2025-01-04 03:45";97.89;"A";4213.73;"A";17.58;"A";12.31;"A";10.84;"A";8.42;"A";59.92;"A";18;"A";1.23;"A";87.43;"A";1006.47;"A";13;"A";3;"A";5;"A";113;"A";0;"A";273.33;"A"
"2025-01-04 04:00";97.89;"A";4213.8;"A";18.35;"A";12.83;"A";11.3;"A";8.24;"A";60.09;"A";18;"A";1.11;"A";87.53;"A";1006.35;"A";14;"A";2;"A";4;"A";121;"A";0.33;"A";123.33;"A"
"2025-01-04 04:15";97.89;"A";4213.73;"A";19.62;"A";13.71;"A";12.07;"A";8.19;"A";59.88;"A";18;"A";1.01;"A";87.19;"A";1006.54;"A";13;"A";3;"A";5;"A";128;"A";0.33;"A";243.33;"A"
"2025-01-04 04:30";97.89;"A";4213.73;"A";21.11;"A";14.72;"A";12.97;"A";7.94;"A";59.93;"A";17;"A";0.82;"A";87.89;"A";1006.7;"A";14;"A";3;"A";4;"A";126;"A";0.33;"A";340;"A"
"2025-01-04 04:45";97.89;"A";4214;"A";21.75;"A";15.16;"A";13.36;"A";7.81;"A";60.08;"A";17;"A";0.67;"A";87.55;"A";1006.86;"A";13;"A";2;"A";5;"A";124;"A";0;"A";330;"A"
"2025-01-04 05:00";97.89;"A";4213.6;"A";20.42;"A";14.25;"A";12.55;"A";7.49;"A";60.04;"A";18;"A";0.52;"A";86.8;"A";1007.02;"A";13;"A";3;"A";4;"A";120;"A";0.33;"A";340;"A"
"2025-01-04 05:15";97.89;"A";4213.73;"A";19.41;"A";13.56;"A";11.95;"A";7.28;"A";60.02;"A";18;"A";0.38;"A";86.41;"A";1007.18;"A";14;"A";3;"A";4;"A";119;"A";0.33;"A";333.33;"A"
"2025-01-04 05:30";97.89;"A";4213.73;"A";19.33;"A";13.5;"A";11.89;"A";7.26;"A";59.87;"A";17;"A";0.23;"A";86.84;"A";1007.29;"A";12;"A";3;"A";5;"A";121;"A";0;"A";293.33;"A"
"2025-01-04 05:45";97.88;"A";4213.73;"A";19.4;"A";13.56;"A";11.94;"A";7.06;"A";59.92;"A";18;"A";0.04;"A";87.16;"A";1007.33;"A";12;"A";2;"A";6;"A";128;"A";0;"A";326.67;"A"
"2025-01-04 06:00";97.89;"A";4213.8;"A";19.38;"A";13.54;"A";11.93;"A";6.82;"A";60.06;"A";19;"A";-0.08;"A";86.98;"A";1007.53;"A";12;"A";2;"A";7;"A";123;"A";0.33;"A";326.67;"A"
"2025-01-04 06:15";97.88;"A";4213.73;"A";17.37;"A";12.16;"A";10.71;"A";6.59;"A";60.02;"A";18;"A";-0.17;"A";85.96;"A";1007.67;"A";13;"A";2;"A";5;"A";128;"A";0.67;"A";336.67;"A"
"2025-01-04 06:30";97.88;"A";4213.73;"A";19.88;"A";13.88;"A";12.23;"A";6.42;"A";60.04;"A";19;"A";-0.24;"A";86.07;"A";1007.7;"A";13;"A";2;"A";5;"A";138;"A";1;"A";340;"A"
"2025-01-04 06:45";97.88;"A";4213.93;"A";22.16;"A";15.45;"A";13.61;"A";6.32;"A";60.01;"A";18;"A";-0.37;"A";85.89;"A";1007.97;"A";13;"A";2;"A";5;"A";155;"A";0;"A";330;"A"
"2025-01-04 07:00";97.88;"A";4213.87;"A";23.9;"A";16.91;"A";14.41;"A";6.22;"A";59.93;"A";18;"A";-0.59;"A";85.95;"A";1007.87;"A";12;"A";3;"A";6;"A";175;"A";0.33;"A";263.33;"A"
"2025-01-04 07:15";97.88;"A";4213.8;"A";34.09;"A";23.05;"A";19.27;"A";5.77;"A";59.88;"A";18;"A";-0.92;"A";85.3;"A";1007.94;"A";12;"A";2;"A";6;"A";165;"A";0;"A";330;"A"
"2025-01-04 07:30";97.88;"A";4213.8;"A";37.48;"A";26.18;"A";22.5;"A";5.46;"A";60.01;"A";18;"A";-1.18;"A";85.52;"A";1007.73;"A";13;"A";3;"A";5;"A";151;"A";0;"A";336.67;"A"
"2025-01-04 07:45";97.88;"A";4213.8;"A";25.28;"A";17.59;"A";15.49;"A";5.43;"A";60.15;"A";18;"A";-1.37;"A";86.49;"A";1007.69;"A";13;"A";2;"A";6;"A";143;"A";1.33;"A";346.67;"A"
"2025-01-04 08:00";97.88;"A";4213.67;"A";23.68;"A";16.49;"A";14.52;"A";5.42;"A";59.89;"A";18;"A";-1.46;"A";86.65;"A";1007.8;"A";13;"A";2;"A";6;"A";145;"A";0;"A";186.67;"A"
"2025-01-04 08:15";97.88;"A";4213.87;"A";22.05;"A";15.37;"A";13.54;"A";5.26;"A";60.17;"A";19;"A";-1.6;"A";87;"A";1008.09;"A";13;"A";3;"A";6;"A";144;"A";0;"A";93.33;"A"
"2025-01-04 08:30";97.88;"A";4213.8;"A";22.16;"A";15.45;"A";13.61;"A";5.41;"A";59.92;"A";18;"A";-1.56;"A";87.08;"A";1008.36;"A";13;"A";3;"A";5;"A";139;"A";0;"A";163.33;"A"
"2025-01-04 08:45";97.88;"A";4213.73;"A";23.59;"A";16.43;"A";14.47;"A";5.3;"A";59.88;"A";19;"A";-1.45;"A";86.32;"A";1008.26;"A";13;"A";2;"A";6;"A";158;"A";1.33;"A";346.67;"A"
"2025-01-04 09:00";97.88;"A";4213.93;"A";23.34;"A";16.26;"A";14.32;"A";5.54;"A";59.99;"A";18;"A";-1.21;"A";86.83;"A";1008.39;"A";12;"A";2;"A";6;"A";143;"A";0;"A";233.33;"A"
"2025-01-04 09:15";97.87;"A";4213.67;"A";23.9;"A";16.64;"A";14.66;"A";5.81;"A";59.9;"A";19;"A";-0.89;"A";86.29;"A";1008.16;"A";13;"A";2;"A";6;"A";148;"A";0.67;"A";330;"A"
"2025-01-04 09:30";97.87;"A";4213.8;"A";24.58;"A";17.1;"A";15.07;"A";6.21;"A";59.97;"A";19;"A";-0.39;"A";86.03;"A";1008.57;"A";13;"A";2;"A";6;"A";153;"A";0.33;"A";196.67;"A"
"2025-01-04 09:45";97.87;"A";4213.73;"A";24.58;"A";17.11;"A";15.07;"A";6.33;"A";59.97;"A";18;"A";-0.01;"A";83.53;"A";1008.38;"A";14;"A";1;"A";4;"A";150;"A";0.33;"A";130;"A"
"2025-01-04 10:00";97.87;"A";4210.07;"A";25.23;"A";17.55;"A";15.46;"A";6.43;"A";59.89;"A";18;"A";0.54;"A";81.87;"A";1008.28;"A";13;"A";1;"A";5;"A";158;"A";0;"A";273.33;"A"
"2025-01-04 10:15";97.69;"A";4191.8;"A";25.27;"A";17.86;"A";14.88;"A";6.65;"A";59.83;"A";20;"A";1.05;"A";80.44;"A";1008.31;"A";13;"A";2;"A";7;"A";159;"A";0;"A";153.33;"A"
"2025-01-04 10:30";97.7;"A";4211.6;"A";24.1;"A";17.59;"A";12.85;"A";6.63;"A";59.59;"A";21;"A";1.65;"A";76.61;"A";1008.25;"A";15;"A";1;"A";6;"A";189;"A";0.67;"A";243.33;"A"
"2025-01-04 10:45";97.76;"A";4212.53;"A";20.46;"A";14.64;"A";10.1;"A";6.93;"A";57.56;"A";22;"A";1.75;"A";74.64;"A";1008.18;"A";16;"A";1;"A";6;"A";172;"A";1.33;"A";233.33;"A"
"2025-01-04 11:00";97.8;"A";4212.93;"A";20.75;"A";15.03;"A";10.42;"A";7.1;"A";56.75;"A";22;"A";1.88;"A";75.08;"A";1008.05;"A";15;"A";1;"A";7;"A";146;"A";0.33;"A";280;"A"
"2025-01-04 11:15";97.83;"A";4212.73;"A";16.15;"A";12.43;"A";8.68;"A";7.36;"A";56.06;"A";21;"A";2.33;"A";71.43;"A";1008.1;"A";16;"A";1;"A";5;"A";148;"A";0.33;"A";163.33;"A"
"2025-01-04 11:30";97.84;"A";4212.87;"A";15.68;"A";11.51;"A";8.07;"A";7.71;"A";54.57;"A";22;"A";2.5;"A";70.99;"A";1007.86;"A";16;"A";1;"A";6;"A";133;"A";0;"A";90;"A"
"2025-01-04 11:45";97.85;"A";4213.2;"A";15.17;"A";11.5;"A";8.05;"A";7.87;"A";53.77;"A";23;"A";2.27;"A";71.72;"A";1008.16;"A";17;"A";1;"A";6;"A";139;"A";0.67;"A";6.67;"A"
"2025-01-04 12:00";97.86;"A";4213.73;"A";14.27;"A";11.05;"A";7.63;"A";7.84;"A";54.22;"A";23;"A";2.46;"A";72.12;"A";1007.95;"A";17;"A";2;"A";6;"A";140;"A";0;"A";93.33;"A"
"2025-01-04 12:15";97.86;"A";4213.73;"A";14.06;"A";9.88;"A";6.92;"A";7.84;"A";53.68;"A";23;"A";2.47;"A";71.08;"A";1008.01;"A";17;"A";1;"A";6;"A";130;"A";0;"A";20;"A"
"2025-01-04 12:30";97.87;"A";4213.8;"A";11.71;"A";8.83;"A";6.41;"A";7.87;"A";53.85;"A";24;"A";2.55;"A";71.2;"A";1007.95;"A";18;"A";1;"A";6;"A";130;"A";0.33;"A";10;"A"
"2025-01-04 12:45";97.87;"A";4213.6;"A";10.82;"A";8.42;"A";6.26;"A";7.87;"A";53.9;"A";24;"A";2.59;"A";70.56;"A";1007.97;"A";18;"A";1;"A";5;"A";131;"A";0.33;"A";16.67;"A"
"2025-01-04 13:00";97.87;"A";4214;"A";12.07;"A";9.16;"A";6.29;"A";7.91;"A";53.83;"A";24;"A";2.61;"A";70.97;"A";1007.93;"A";19;"A";1;"A";5;"A";191;"A";0.67;"A";243.33;"A"
"2025-01-04 13:15";97.87;"A";4213.8;"A";11.61;"A";9.54;"A";6.73;"A";7.95;"A";54.13;"A";24;"A";2.66;"A";71.12;"A";1007.99;"A";19;"A";1;"A";5;"A";181;"A";0.33;"A";136.67;"A"
"2025-01-04 13:30";97.81;"A";4196.27;"A";14.17;"A";11.16;"A";7.64;"A";7.96;"A";54.34;"A";24;"A";2.66;"A";71.53;"A";1008;"A";18;"A";1;"A";6;"A";171;"A";0.33;"A";63.33;"A"
"2025-01-04 13:45";97.6;"A";4196.27;"A";12.18;"A";9.35;"A";6.92;"A";7.98;"A";55.14;"A";24;"A";2.81;"A";72.53;"A";1008.16;"A";18;"A";1;"A";5;"A";126;"A";0.67;"A";160;"A"
"2025-01-04 14:00";97.68;"A";4211.33;"A";12.34;"A";9.48;"A";6.81;"A";8.06;"A";55.13;"A";24;"A";2.8;"A";71.8;"A";1008.25;"A";18;"A";1;"A";5;"A";145;"A";0.33;"A";240;"A"
"2025-01-04 14:15";97.74;"A";4212.2;"A";13.33;"A";9.78;"A";6.82;"A";8.11;"A";55.19;"A";24;"A";2.77;"A";72.92;"A";1008.43;"A";19;"A";1;"A";5;"A";145;"A";0.67;"A";233.33;"A"
"2025-01-04 14:30";97.79;"A";4212.73;"A";12.53;"A";9.55;"A";6.85;"A";8.11;"A";54.92;"A";24;"A";2.79;"A";71.34;"A";1008.51;"A";19;"A";1;"A";5;"A";163;"A";1;"A";120;"A"
"2025-01-04 14:45";97.81;"A";4212.93;"A";11.9;"A";9.31;"A";6.54;"A";8.09;"A";54.11;"A";24;"A";2.73;"A";71.06;"A";1008.87;"A";20;"A";1;"A";5;"A";168;"A";1;"A";0;"A"
"2025-01-04 15:00";97.83;"A";4213.07;"A";11.64;"A";9.18;"A";6.58;"A";8.06;"A";54.33;"A";25;"A";2.69;"A";71.55;"A";1009.16;"A";20;"A";1;"A";5;"A";152;"A";1;"A";116.67;"A"
"2025-01-04 15:15";97.84;"A";4213.2;"A";12.73;"A";9.82;"A";7.27;"A";8.01;"A";54.91;"A";23;"A";2.67;"A";72.37;"A";1009.36;"A";18;"A";1;"A";5;"A";199;"A";0;"A";40;"A"
"2025-01-04 15:30";97.85;"A";4213.53;"A";12.25;"A";9.72;"A";7.02;"A";7.97;"A";55.07;"A";23;"A";2.49;"A";73.05;"A";1009.61;"A";18;"A";1;"A";5;"A";154;"A";0;"A";13.33;"A"
"2025-01-04 15:45";97.86;"A";4213.73;"A";12.11;"A";9.36;"A";7.07;"A";7.87;"A";54.05;"A";24;"A";2.37;"A";70.69;"A";1009.82;"A";19;"A";1;"A";5;"A";197;"A";0.33;"A";233.33;"A"
"2025-01-04 16:00";97.86;"A";4213.73;"A";9.96;"A";7.74;"A";5.5;"A";7.73;"A";52.35;"A";25;"A";2.19;"A";69.18;"A";1010.04;"A";20;"A";1;"A";6;"A";153;"A";1;"A";120;"A"
"2025-01-04 16:15";97.86;"A";4213.73;"A";11.36;"A";8.58;"A";6.2;"A";7.56;"A";52.59;"A";26;"A";1.98;"A";70.37;"A";1010.32;"A";19;"A";1;"A";6;"A";176;"A";1.67;"A";233.33;"A"
"2025-01-04 16:30";97.86;"A";4213.8;"A";11.24;"A";8.88;"A";6.49;"A";7.37;"A";52.68;"A";25;"A";1.83;"A";70.41;"A";1010.46;"A";20;"A";1;"A";6;"A";152;"A";1.33;"A";350;"A"
"2025-01-04 16:45";97.87;"A";4213.8;"A";11.58;"A";8.98;"A";6.46;"A";7.19;"A";52.95;"A";24;"A";1.8;"A";69.42;"A";1010.71;"A";19;"A";1;"A";5;"A";174;"A";0.67;"A";116.67;"A"
"2025-01-04 17:00";97.87;"A";4213.87;"A";9.96;"A";7.82;"A";5.72;"A";7.12;"A";51.09;"A";26;"A";1.78;"A";66.98;"A";1010.87;"A";20;"A";1;"A";6;"A";142;"A";1.67;"A";233.33;"A"
"2025-01-04 17:15";97.87;"A";4213.8;"A";12.57;"A";9.87;"A";7.11;"A";7.08;"A";51.77;"A";25;"A";1.79;"A";68.36;"A";1011;"A";19;"A";1;"A";6;"A";164;"A";0.67;"A";116.67;"A"
"2025-01-04 17:30";97.87;"A";4213.73;"A";12.6;"A";10.03;"A";7.16;"A";7.04;"A";53.16;"A";24;"A";1.65;"A";70.57;"A";1011.38;"A";17;"A";1;"A";7;"A";157;"A";0.67;"A";226.67;"A"
"2025-01-04 17:45";97.87;"A";4213.8;"A";16.09;"A";12.39;"A";8.58;"A";6.93;"A";53.4;"A";22;"A";1.45;"A";70.67;"A";1011.59;"A";17;"A";2;"A";6;"A";150;"A";0.33;"A";200;"A"
"2025-01-04 18:00";97.87;"A";4213.73;"A";15.42;"A";12.17;"A";8.46;"A";6.86;"A";53.76;"A";22;"A";1.54;"A";70.94;"A";1011.83;"A";17;"A";1;"A";5;"A";159;"A";0;"A";200;"A"
"2025-01-04 18:15";97.86;"A";4213.87;"A";12.08;"A";9.62;"A";7.01;"A";6.88;"A";53.99;"A";22;"A";1.61;"A";70.6;"A";1012.11;"A";17;"A";1;"A";6;"A";163;"A";1;"A";280;"A"
"2025-01-04 18:30";97.82;"A";4204.2;"A";10.55;"A";7.34;"A";5.31;"A";6.9;"A";53.43;"A";23;"A";1.55;"A";69.91;"A";1012.47;"A";17;"A";1;"A";6;"A";167;"A";0;"A";116.67;"A"
"2025-01-04 18:45";97.77;"A";4212.6;"A";11.02;"A";8.32;"A";6.2;"A";6.83;"A";53;"A";23;"A";1.28;"A";70.1;"A";1012.66;"A";17;"A";2;"A";6;"A";312;"A";0.33;"A";346.67;"A"
"2025-01-04 19:00";97.81;"A";4213;"A";10.93;"A";7.69;"A";5.9;"A";6.64;"A";52.04;"A";23;"A";0.98;"A";69.39;"A";1012.89;"A";18;"A";2;"A";5;"A";168;"A";0.67;"A";340;"A"
"2025-01-04 19:15";97.83;"A";4213.13;"A";13.64;"A";9.73;"A";6.59;"A";6.37;"A";52.44;"A";24;"A";0.72;"A";70.56;"A";1013.08;"A";17;"A";1;"A";7;"A";142;"A";0.33;"A";13.33;"A"
"2025-01-04 19:30";97.84;"A";4213.6;"A";15.11;"A";10.63;"A";7.4;"A";6.16;"A";53.45;"A";23;"A";0.65;"A";71.43;"A";1013.41;"A";17;"A";2;"A";7;"A";150;"A";0;"A";43.33;"A"
"2025-01-04 19:45";97.85;"A";4213.73;"A";12.75;"A";8.14;"A";5.77;"A";6.03;"A";53.51;"A";23;"A";0.58;"A";70.78;"A";1013.69;"A";18;"A";1;"A";5;"A";125;"A";1.33;"A";233.33;"A"
"2025-01-04 20:00";97.85;"A";4213.8;"A";10.06;"A";6.17;"A";4.32;"A";5.95;"A";52.41;"A";23;"A";0.58;"A";68.16;"A";1013.89;"A";19;"A";1;"A";5;"A";112;"A";0.67;"A";6.67;"A"
"2025-01-04 20:15";97.86;"A";4213.6;"A";9.16;"A";6.06;"A";4.25;"A";5.89;"A";51.45;"A";24;"A";0.52;"A";67.84;"A";1014.14;"A";19;"A";1;"A";5;"A";107;"A";1;"A";233.33;"A"
"2025-01-04 20:30";97.86;"A";4213.8;"A";9.77;"A";6.61;"A";4.37;"A";5.8;"A";51.19;"A";24;"A";0.35;"A";67.67;"A";1014.4;"A";19;"A";0;"A";5;"A";100;"A";0.67;"A";233.33;"A"
"2025-01-04 20:45";97.86;"A";4213.8;"A";10.13;"A";6.97;"A";4.98;"A";5.68;"A";51.94;"A";24;"A";0.23;"A";69.45;"A";1014.68;"A";18;"A";1;"A";5;"A";110;"A";0.67;"A";346.67;"A"
"2025-01-04 21:00";97.86;"A";4214;"A";12.07;"A";8.06;"A";5.51;"A";5.56;"A";53.31;"A";23;"A";0.15;"A";71.36;"A";1014.83;"A";18;"A";1;"A";5;"A";118;"A";0.33;"A";346.67;"A"
"2025-01-04 21:15";97.86;"A";4213.8;"A";10.83;"A";7.83;"A";5.23;"A";5.45;"A";53.85;"A";22;"A";-0.02;"A";71.68;"A";1014.97;"A";17;"A";1;"A";5;"A";112;"A";0.33;"A";93.33;"A"
"2025-01-04 21:30";97.86;"A";4213.8;"A";12.27;"A";8.44;"A";5.72;"A";5.31;"A";53.43;"A";21;"A";-0.2;"A";71.01;"A";1015.14;"A";17;"A";1;"A";4;"A";108;"A";0.33;"A";100;"A"
"2025-01-04 21:45";97.86;"A";4213.73;"A";11.4;"A";8.05;"A";5.78;"A";5.15;"A";52.86;"A";23;"A";-0.38;"A";70.28;"A";1015.31;"A";17;"A";1;"A";6;"A";112;"A";0.33;"A";123.33;"A"
"2025-01-04 22:00";97.8;"A";4205.67;"A";10.95;"A";8.5;"A";5.6;"A";4.99;"A";52.77;"A";22;"A";-0.52;"A";70.15;"A";1015.55;"A";17;"A";1;"A";5;"A";105;"A";0.33;"A";160;"A"
"2025-01-04 22:15";97.79;"A";4212.8;"A";12.24;"A";8.38;"A";5.55;"A";4.84;"A";52.75;"A";22;"A";-0.66;"A";70.79;"A";1015.79;"A";17;"A";1;"A";6;"A";107;"A";0;"A";163.33;"A"
"2025-01-04 22:30";97.81;"A";4213.07;"A";11.22;"A";7.53;"A";5.18;"A";4.68;"A";52.43;"A";22;"A";-0.78;"A";69.85;"A";1015.97;"A";17;"A";1;"A";5;"A";99;"A";0.33;"A";346.67;"A"
"2025-01-04 22:45";97.83;"A";4213.73;"A";10.58;"A";7.46;"A";5.31;"A";4.56;"A";52.15;"A";23;"A";-0.9;"A";68.83;"A";1016.21;"A";18;"A";1;"A";5;"A";100;"A";0.67;"A";236.67;"A"
"2025-01-04 23:00";97.84;"A";4214;"A";11.41;"A";7.9;"A";5.56;"A";4.41;"A";51.95;"A";22;"A";-1.07;"A";69.77;"A";1016.26;"A";17;"A";1;"A";5;"A";97;"A";0.33;"A";346.67;"A"
"2025-01-04 23:15";97.84;"A";4213.73;"A";11.9;"A";8.1;"A";5.58;"A";4.29;"A";52.11;"A";22;"A";-1.25;"A";69.27;"A";1016.16;"A";17;"A";1;"A";5;"A";98;"A";1;"A";350;"A"
"2025-01-04 23:30";97.85;"A";4213.8;"A";12.67;"A";8.38;"A";5.82;"A";4.17;"A";52.29;"A";22;"A";-1.32;"A";69.59;"A";1016.23;"A";17;"A";1;"A";5;"A";95;"A";1;"A";350;"A"
"2025-01-04 23:45";97.85;"A";4213.8;"A";11.83;"A";7.7;"A";5;"A";4.04;"A";52.52;"A";22;"A";-1.44;"A";70.18;"A";1016.53;"A";17;"A";1;"A";5;"A";91;"A";1.33;"A";350;"A"
"2025-01-05 00:00";97.76;"A";4199.2;"A";12.37;"A";8.19;"A";5.32;"A";3.92;"A";52.78;"A";22;"A";-1.56;"A";70.56;"A";1016.66;"A";17;"A";1;"A";5;"A";91;"A";1.33;"A";350;"A"
"2025-01-05 00:15";97.75;"A";4212.67;"A";13.57;"A";8.87;"A";6.32;"A";3.78;"A";53.08;"A";21;"A";-1.69;"A";71.22;"A";1016.74;"A";16;"A";1;"A";5;"A";98;"A";0.67;"A";343.33;"A"
"2025-01-05 00:30";97.79;"A";4212.87;"A";13.21;"A";9.21;"A";6.48;"A";3.67;"A";53.78;"A";21;"A";-1.79;"A";71.7;"A";1016.74;"A";16;"A";1;"A";5;"A";98;"A";1;"A";343.33;"A"
"2025-01-05 00:45";97.81;"A";4213.73;"A";13.16;"A";9.07;"A";6.19;"A";3.56;"A";54.18;"A";21;"A";-1.86;"A";72.65;"A";1016.8;"A";16;"A";2;"A";5;"A";98;"A";1.33;"A";346.67;"A"
"2025-01-05 01:00";97.83;"A";4214;"A";12.57;"A";8.79;"A";6.04;"A";3.4;"A";54.73;"A";21;"A";-2.01;"A";72.7;"A";1016.79;"A";17;"A";1;"A";5;"A";95;"A";0.67;"A";350;"A"
"2025-01-05 01:15";97.83;"A";4213.8;"A";11.3;"A";7.91;"A";5.83;"A";3.29;"A";55.01;"A";21;"A";-2.08;"A";73.56;"A";1017.04;"A";16;"A";2;"A";5;"A";98;"A";1;"A";343.33;"A"
"2025-01-05 01:30";97.84;"A";4213.8;"A";11.34;"A";8.06;"A";5.79;"A";3.2;"A";55.5;"A";21;"A";-2.17;"A";73.98;"A";1017.3;"A";16;"A";2;"A";5;"A";98;"A";1;"A";343.33;"A"
"2025-01-05 01:45";97.84;"A";4213.8;"A";12.93;"A";8.95;"A";6.29;"A";3.11;"A";56.13;"A";21;"A";-2.22;"A";74.64;"A";1017.47;"A";17;"A";2;"A";4;"A";101;"A";1;"A";336.67;"A"
"2025-01-05 02:00";97.85;"A";4213.93;"A";12.61;"A";9.15;"A";6.19;"A";3.04;"A";56.03;"A";20;"A";-2.29;"A";74;"A";1017.62;"A";16;"A";1;"A";5;"A";101;"A";0.33;"A";343.33;"A"
"2025-01-05 02:15";97.85;"A";4213.87;"A";11.8;"A";8.47;"A";5.9;"A";2.96;"A";55.41;"A";20;"A";-2.42;"A";73.52;"A";1017.82;"A";15;"A";1;"A";5;"A";99;"A";0.67;"A";343.33;"A"
"2025-01-05 02:30";97.85;"A";4213.87;"A";12.14;"A";8.18;"A";5.98;"A";2.85;"A";56.23;"A";20;"A";-2.58;"A";74.83;"A";1017.96;"A";14;"A";2;"A";6;"A";100;"A";0;"A";303.33;"A"
"2025-01-05 02:45";97.84;"A";4207.27;"A";11.8;"A";8.57;"A";6.17;"A";2.75;"A";56.09;"A";20;"A";-2.66;"A";74.77;"A";1018.04;"A";14;"A";2;"A";6;"A";102;"A";0;"A";120;"A"
"2025-01-05 03:00";97.79;"A";4213.13;"A";13.18;"A";9.76;"A";6.33;"A";2.62;"A";55.7;"A";20;"A";-2.78;"A";74.9;"A";1017.97;"A";14;"A";2;"A";5;"A";101;"A";0.67;"A";340;"A"
"2025-01-05 03:15";97.81;"A";4213.8;"A";13.71;"A";9.38;"A";6.3;"A";2.55;"A";56.3;"A";19;"A";-2.92;"A";75.72;"A";1018;"A";15;"A";1;"A";5;"A";100;"A";1.33;"A";346.67;"A"
"2025-01-05 03:30";97.83;"A";4213.8;"A";14.4;"A";9.87;"A";6.76;"A";2.42;"A";57.27;"A";19;"A";-2.99;"A";76.6;"A";1018.06;"A";14;"A";2;"A";4;"A";105;"A";1.33;"A";346.67;"A"
"2025-01-05 03:45";97.83;"A";4213.8;"A";14.21;"A";9.81;"A";6.95;"A";2.35;"A";57.92;"A";18;"A";-2.89;"A";77.36;"A";1018.01;"A";14;"A";2;"A";4;"A";100;"A";1;"A";350;"A"
"2025-01-05 04:00";97.84;"A";4213.8;"A";12.98;"A";9.04;"A";6.4;"A";2.34;"A";58.41;"A";18;"A";-2.87;"A";76.38;"A";1018.05;"A";14;"A";1;"A";4;"A";99;"A";0.33;"A";350;"A"
"2025-01-05 04:15";97.84;"A";4213.8;"A";12.8;"A";9.42;"A";6.48;"A";2.35;"A";58.16;"A";19;"A";-2.84;"A";77.15;"A";1018.03;"A";15;"A";2;"A";4;"A";97;"A";0.33;"A";350;"A"
"2025-01-05 04:30";97.84;"A";4213.93;"A";11.84;"A";9.1;"A";6.39;"A";2.37;"A";58.37;"A";18;"A";-2.81;"A";77.05;"A";1018.19;"A";15;"A";2;"A";3;"A";98;"A";0.33;"A";116.67;"A"
"2025-01-05 04:45";97.84;"A";4213.8;"A";12.27;"A";9.08;"A";6.39;"A";2.38;"A";57.88;"A";19;"A";-2.83;"A";76.3;"A";1018.31;"A";15;"A";1;"A";3;"A";98;"A";0.33;"A";240;"A"
"2025-01-05 05:00";97.84;"A";4213.87;"A";12.95;"A";9.06;"A";6.3;"A";2.37;"A";57.58;"A";19;"A";-2.86;"A";76.12;"A";1018.28;"A";15;"A";2;"A";4;"A";101;"A";0;"A";350;"A"
"2025-01-05 05:15";97.84;"A";4213.93;"A";12.78;"A";8.86;"A";6.4;"A";2.35;"A";57.63;"A";19;"A";-2.95;"A";76.18;"A";1018.3;"A";15;"A";1;"A";4;"A";97;"A";0;"A";246.67;"A"
"2025-01-05 05:30";97.84;"A";4213.8;"A";12.49;"A";9.38;"A";6.3;"A";2.3;"A";57.44;"A";19;"A";-3.06;"A";76.64;"A";1018.46;"A";15;"A";2;"A";4;"A";96;"A";1;"A";343.33;"A"
"2025-01-05 05:45";97.84;"A";4213.87;"A";14.47;"A";10.54;"A";7.14;"A";2.24;"A";57.29;"A";20;"A";-3.1;"A";76.24;"A";1018.55;"A";15;"A";1;"A";4;"A";99;"A";2;"A";350;"A"
"2025-01-05 06:00";97.84;"A";4213.8;"A";14.62;"A";10.35;"A";7.2;"A";2.18;"A";57.72;"A";20;"A";-3.12;"A";77;"A";1018.57;"A";15;"A";2;"A";4;"A";98;"A";1.33;"A";343.33;"A"
"2025-01-05 06:15";97.84;"A";4213.93;"A";16.14;"A";11.81;"A";8.22;"A";2.14;"A";58.08;"A";19;"A";-3.23;"A";76.79;"A";1018.92;"A";14;"A";1;"A";5;"A";106;"A";1;"A";346.67;"A"
"2025-01-05 06:30";97.84;"A";4213.87;"A";19.12;"A";13.86;"A";10.12;"A";1.99;"A";57.04;"A";18;"A";-3.71;"A";77.06;"A";1019.24;"A";12;"A";2;"A";6;"A";142;"A";1.33;"A";340;"A"
"2025-01-05 06:45";97.84;"A";4213.87;"A";18.18;"A";13.03;"A";9.17;"A";1.73;"A";57.06;"A";18;"A";-3.88;"A";77.12;"A";1019.57;"A";13;"A";2;"A";5;"A";116;"A";1;"A";340;"A"
"2025-01-05 07:00";97.84;"A";4213.93;"A";17.03;"A";12.35;"A";8.62;"A";1.51;"A";57.07;"A";18;"A";-4.06;"A";77;"A";1019.77;"A";13;"A";2;"A";5;"A";116;"A";1;"A";336.67;"A"
"2025-01-05 07:15";97.84;"A";4214.13;"A";16.28;"A";12.51;"A";8.79;"A";1.31;"A";57.28;"A";17;"A";-4.3;"A";77.75;"A";1019.84;"A";13;"A";2;"A";4;"A";113;"A";0.67;"A";340;"A"
"2025-01-05 07:30";97.84;"A";4214.13;"A";16.99;"A";12.44;"A";8.44;"A";1.11;"A";57.83;"A";16;"A";-4.47;"A";78.44;"A";1020;"A";12;"A";2;"A";5;"A";108;"A";0.67;"A";330;"A"
"2025-01-05 07:45";97.83;"A";4214.07;"A";16.47;"A";12.03;"A";8.37;"A";0.94;"A";58.15;"A";16;"A";-4.63;"A";78.72;"A";1020.18;"A";12;"A";3;"A";4;"A";109;"A";0.67;"A";330;"A"
"2025-01-05 08:00";97.83;"A";4214.13;"A";21.44;"A";15.18;"A";10.64;"A";0.72;"A";58.64;"A";16;"A";-4.79;"A";79.16;"A";1020.22;"A";11;"A";3;"A";5;"A";120;"A";0.67;"A";333.33;"A"
"2025-01-05 08:15";97.83;"A";4214.07;"A";22.65;"A";16.75;"A";11.74;"A";0.55;"A";58.95;"A";16;"A";-4.93;"A";79.88;"A";1020.26;"A";11;"A";3;"A";5;"A";135;"A";0;"A";243.33;"A"
"2025-01-05 08:30";97.83;"A";4213.93;"A";27.64;"A";20.33;"A";15.06;"A";0.52;"A";59.76;"A";16;"A";-4.85;"A";80.32;"A";1020.33;"A";11;"A";3;"A";5;"A";146;"A";1;"A";336.67;"A"
"2025-01-05 08:45";97.83;"A";4214.13;"A";26.52;"A";19.88;"A";15.28;"A";0.59;"A";59.72;"A";16;"A";-4.6;"A";79.45;"A";1020.5;"A";10;"A";3;"A";6;"A";180;"A";0.67;"A";333.33;"A"
"2025-01-05 09:00";97.83;"A";4214;"A";23.23;"A";17.6;"A";11.95;"A";0.71;"A";59.43;"A";17;"A";-4.34;"A";78.27;"A";1020.65;"A";11;"A";2;"A";6;"A";138;"A";1.67;"A";340;"A"
"2025-01-05 09:15";97.83;"A";4214.13;"A";18.54;"A";13.78;"A";9.75;"A";0.92;"A";59.22;"A";18;"A";-4.06;"A";77.6;"A";1020.8;"A";11;"A";2;"A";7;"A";119;"A";1.33;"A";336.67;"A"
"2025-01-05 09:30";97.83;"A";4213.8;"A";22.66;"A";17.05;"A";12.09;"A";1.16;"A";58.83;"A";18;"A";-3.7;"A";76.26;"A";1020.87;"A";11;"A";1;"A";7;"A";110;"A";1;"A";340;"A"
"2025-01-05 09:45";97.83;"A";4213.87;"A";22.43;"A";16.58;"A";11.4;"A";1.55;"A";58.32;"A";16;"A";-3.21;"A";75.39;"A";1020.92;"A";12;"A";2;"A";4;"A";108;"A";1;"A";340;"A"
"2025-01-05 10:00";97.83;"A";4213.67;"A";21.64;"A";16.81;"A";11.92;"A";2.03;"A";57.28;"A";17;"A";-2.81;"A";73.75;"A";1021;"A";13;"A";1;"A";4;"A";113;"A";1;"A";340;"A"
"2025-01-05 10:15";97.83;"A";4213.73;"A";21.22;"A";15.68;"A";10.64;"A";2.48;"A";56.33;"A";18;"A";-2.45;"A";72.58;"A";1020.74;"A";13;"A";1;"A";5;"A";118;"A";1;"A";336.67;"A"
"2025-01-05 10:30";97.83;"A";4213.87;"A";21.21;"A";15.2;"A";10.73;"A";2.91;"A";55.86;"A";17;"A";-1.92;"A";71.78;"A";1020.69;"A";13;"A";2;"A";4;"A";121;"A";1;"A";340;"A"
"2025-01-05 10:45";97.83;"A";4213.73;"A";19.66;"A";14.36;"A";10.26;"A";3.35;"A";54.97;"A";18;"A";-1.42;"A";70.62;"A";1020.43;"A";14;"A";2;"A";5;"A";121;"A";1;"A";340;"A"
"2025-01-05 11:00";97.83;"A";4213.93;"A";21.34;"A";14.9;"A";10.47;"A";3.84;"A";54.06;"A";18;"A";-0.76;"A";68.9;"A";1020.26;"A";14;"A";1;"A";4;"A";124;"A";0;"A";336.67;"A"
"2025-01-05 11:15";97.83;"A";4213.8;"A";19.82;"A";14.95;"A";10.39;"A";4.6;"A";52.61;"A";17;"A";-0.11;"A";66.5;"A";1020.06;"A";14;"A";1;"A";3;"A";129;"A";0.67;"A";330;"A"
"2025-01-05 11:30";97.82;"A";4213.8;"A";19.49;"A";14.85;"A";10.27;"A";5.12;"A";51.06;"A";19;"A";-0.18;"A";67.21;"A";1019.92;"A";15;"A";2;"A";5;"A";132;"A";0.33;"A";260;"A"
"2025-01-05 11:45";97.82;"A";4213.8;"A";19.18;"A";14.37;"A";10.09;"A";5.25;"A";51.02;"A";20;"A";-0.14;"A";67.34;"A";1019.79;"A";15;"A";2;"A";5;"A";129;"A";0;"A";273.33;"A"
"2025-01-05 12:00";97.82;"A";4213.73;"A";18.93;"A";14.64;"A";10.31;"A";5.23;"A";51.51;"A";20;"A";-0.01;"A";68.52;"A";1019.48;"A";15;"A";1;"A";5;"A";131;"A";0;"A";270;"A"
"2025-01-05 12:15";97.82;"A";4213.6;"A";21.43;"A";16.24;"A";10.88;"A";5.3;"A";51.54;"A";20;"A";0.2;"A";67.37;"A";1019.39;"A";15;"A";1;"A";4;"A";134;"A";0.33;"A";260;"A"
"2025-01-05 12:30";97.82;"A";4213.73;"A";19.61;"A";14.66;"A";10.38;"A";5.41;"A";51.88;"A";20;"A";0.32;"A";67.49;"A";1019.14;"A";15;"A";1;"A";5;"A";139;"A";0;"A";156.67;"A"
"2025-01-05 12:45";97.82;"A";4213.67;"A";18.39;"A";14.07;"A";9.78;"A";5.54;"A";51.99;"A";20;"A";0.54;"A";67.42;"A";1019.07;"A";15;"A";1;"A";5;"A";135;"A";0;"A";116.67;"A"
"2025-01-05 13:00";97.82;"A";4213.93;"A";17.15;"A";13.12;"A";9.14;"A";5.68;"A";51.21;"A";20;"A";0.68;"A";65.21;"A";1018.83;"A";15;"A";1;"A";5;"A";157;"A";0;"A";133.33;"A"
"2025-01-05 13:15";97.82;"A";4213.8;"A";15.39;"A";11.09;"A";7.93;"A";5.81;"A";49.54;"A";22;"A";0.87;"A";62.59;"A";1018.64;"A";17;"A";1;"A";5;"A";155;"A";0;"A";190;"A"
"2025-01-05 13:30";97.82;"A";4213.73;"A";12.3;"A";8.21;"A";5.63;"A";5.95;"A";48.19;"A";23;"A";1.05;"A";60.91;"A";1018.64;"A";18;"A";1;"A";5;"A";102;"A";0;"A";220;"A"
"2025-01-05 13:45";97.81;"A";4213.73;"A";9.16;"A";6.85;"A";4.86;"A";6.12;"A";46.44;"A";24;"A";1.16;"A";59.31;"A";1018.66;"A";20;"A";1;"A";5;"A";94;"A";1;"A";340;"A"
"2025-01-05 14:00";97.82;"A";4213.73;"A";10.04;"A";7.63;"A";5.53;"A";6.23;"A";46.95;"A";24;"A";1.12;"A";61.38;"A";1018.67;"A";20;"A";1;"A";5;"A";99;"A";0.33;"A";150;"A"
"2025-01-05 14:15";97.81;"A";4213.6;"A";10.86;"A";7.44;"A";5.24;"A";6.24;"A";47.87;"A";23;"A";1.08;"A";62.34;"A";1018.57;"A";19;"A";1;"A";4;"A";98;"A";0;"A";273.33;"A"
"2025-01-05 14:30";97.81;"A";4213.73;"A";10.04;"A";7.16;"A";4.98;"A";6.24;"A";47.42;"A";23;"A";1.03;"A";61.84;"A";1018.6;"A";19;"A";1;"A";5;"A";96;"A";0;"A";273.33;"A"
"2025-01-05 14:45";97.81;"A";4213.93;"A";12.35;"A";8.47;"A";5.83;"A";6.19;"A";47.57;"A";23;"A";1.01;"A";61.56;"A";1018.61;"A";19;"A";1;"A";4;"A";101;"A";0;"A";123.33;"A"
"2025-01-05 15:00";97.81;"A";4213.73;"A";10.11;"A";6.92;"A";4.94;"A";6.17;"A";47.45;"A";23;"A";0.98;"A";61.2;"A";1018.51;"A";19;"A";1;"A";4;"A";98;"A";0;"A";276.67;"A"
"2025-01-05 15:15";97.81;"A";4213.8;"A";8.68;"A";5.61;"A";4.01;"A";6.13;"A";46.76;"A";24;"A";0.92;"A";60.41;"A";1018.6;"A";20;"A";1;"A";4;"A";87;"A";0;"A";256.67;"A"
"2025-01-05 15:30";97.81;"A";4213.73;"A";9.35;"A";5.69;"A";3.92;"A";6.08;"A";46.61;"A";23;"A";0.8;"A";60.87;"A";1018.49;"A";19;"A";1;"A";4;"A";84;"A";0;"A";216.67;"A"
"2025-01-05 15:45";97.81;"A";4213.87;"A";7.7;"A";5.66;"A";3.64;"A";5.96;"A";47;"A";23;"A";0.66;"A";60.89;"A";1018.42;"A";18;"A";1;"A";4;"A";91;"A";0;"A";163.33;"A"
"2025-01-05 16:00";97.81;"A";4213.8;"A";11.51;"A";6.7;"A";4.04;"A";5.83;"A";46.84;"A";23;"A";0.45;"A";61.81;"A";1018.47;"A";18;"A";1;"A";5;"A";94;"A";0;"A";160;"A"
"2025-01-05 16:15";97.81;"A";4213.8;"A";11.45;"A";6.87;"A";4.76;"A";5.66;"A";46.85;"A";22;"A";0.23;"A";61.74;"A";1018.56;"A";18;"A";1;"A";5;"A";97;"A";0;"A";193.33;"A"
"2025-01-05 16:30";97.8;"A";4213.8;"A";11.68;"A";7.1;"A";4.84;"A";5.43;"A";47.17;"A";22;"A";-0.07;"A";62.57;"A";1018.36;"A";16;"A";1;"A";6;"A";106;"A";0;"A";213.33;"A"
"2025-01-05 16:45";97.8;"A";4214;"A";16.61;"A";11.34;"A";7.99;"A";5.18;"A";47.8;"A";23;"A";-0.34;"A";64.25;"A";1018.3;"A";15;"A";1;"A";8;"A";145;"A";0;"A";213.33;"A"
"2025-01-05 17:00";97.8;"A";4213.73;"A";22.48;"A";15.51;"A";10.51;"A";4.91;"A";49.95;"A";21;"A";-0.64;"A";67.24;"A";1018.47;"A";12;"A";1;"A";9;"A";172;"A";0;"A";213.33;"A"
"2025-01-05 17:15";97.8;"A";4213.8;"A";26.75;"A";18.12;"A";12.17;"A";4.62;"A";51.07;"A";21;"A";-0.99;"A";69.31;"A";1018.48;"A";8;"A";2;"A";13;"A";203;"A";0;"A";233.33;"A"
"2025-01-05 17:30";97.8;"A";4213.87;"A";81.26;"A";58.72;"A";39.36;"A";4.3;"A";52.82;"A";23;"A";-1.35;"A";71.67;"A";1018.49;"A";1;"A";2;"A";21;"A";523;"A";0;"A";290;"A"
"2025-01-05 17:45";97.8;"A";4213.93;"A";119.82;"A";87.68;"A";58.92;"A";3.96;"A";54.24;"A";23;"A";-1.71;"A";73.94;"A";1018.58;"A";0;"A";5;"A";25;"A";937;"A";0;"A";300;"A"
"2025-01-05 18:00";97.8;"A";4213.8;"A";129.43;"A";97.23;"A";64.04;"A";3.68;"A";55.72;"A";22;"A";-1.94;"A";75.17;"A";1018.63;"A";0;"A";6;"A";25;"A";898;"A";0;"A";296.67;"A"
"2025-01-05 18:15";97.8;"A";4213.93;"A";106.12;"A";78.1;"A";51.92;"A";3.4;"A";56.65;"A";22;"A";-2.19;"A";76.07;"A";1018.71;"A";0;"A";6;"A";24;"A";762;"A";0.33;"A";330;"A"
"2025-01-05 18:30";97.8;"A";4213.8;"A";140.83;"A";105.62;"A";70.91;"A";3.15;"A";57.56;"A";21;"A";-2.46;"A";76.76;"A";1018.81;"A";0;"A";18;"A";24;"A";1867;"A";0;"A";310;"A"
"2025-01-05 18:45";97.79;"A";4213.93;"A";186.64;"A";140.39;"A";92.06;"A";2.87;"A";58.02;"A";21;"A";-2.66;"A";78.17;"A";1019.05;"A";0;"A";13;"A";24;"A";1275;"A";0;"A";300;"A"
"2025-01-05 19:00";97.79;"A";4213.93;"A";184.68;"A";139.46;"A";90.99;"A";2.62;"A";58.72;"A";21;"A";-2.95;"A";79.11;"A";1018.96;"A";0;"A";15;"A";24;"A";1314;"A";0;"A";313.33;"A"
"2025-01-05 19:15";97.79;"A";4213.87;"A";168.94;"A";127.31;"A";85.1;"A";2.4;"A";59.34;"A";20;"A";-3.15;"A";79.5;"A";1019.11;"A";0;"A";16;"A";23;"A";1361;"A";0;"A";320;"A"
"2025-01-05 19:30";97.79;"A";4213.8;"A";157.86;"A";115.95;"A";85.33;"A";2.26;"A";59.75;"A";20;"A";-3.27;"A";80.48;"A";1019.3;"A";0;"A";16;"A";23;"A";1272;"A";0;"A";320;"A"
"2025-01-05 19:45";97.79;"A";4213.87;"A";157.37;"A";113.33;"A";88.53;"A";2.13;"A";59.94;"A";21;"A";-3.45;"A";80.66;"A";1019.41;"A";0;"A";17;"A";24;"A";1409;"A";0;"A";330;"A"
"2025-01-05 20:00";97.79;"A";4213.93;"A";153.4;"A";109.7;"A";88.37;"A";2.17;"A";59.72;"A";21;"A";-3.66;"A";81.48;"A";1019.21;"A";0;"A";20;"A";23;"A";1499;"A";0;"A";310;"A"
"2025-01-05 20:15";97.79;"A";4213.93;"A";180.45;"A";124.04;"A";109.24;"A";2.15;"A";59.93;"A";21;"A";-3.76;"A";82.81;"A";1019.24;"A";0;"A";25;"A";24;"A";1748;"A";0;"A";313.33;"A"
"2025-01-05 20:30";97.79;"A";4213.87;"A";218.56;"A";150.19;"A";132.27;"A";2.13;"A";60.05;"A";21;"A";-3.87;"A";83;"A";1019.27;"A";0;"A";31;"A";24;"A";2003;"A";0;"A";316.67;"A"
"2025-01-05 20:45";97.78;"A";4213.8;"A";235.81;"A";162.02;"A";142.69;"A";2.05;"A";60.02;"A";20;"A";-4.01;"A";83.33;"A";1019.2;"A";0;"A";46;"A";23;"A";2500;"A";0;"A";323.33;"A"
"2025-01-05 21:00";97.78;"A";4214.13;"A";226.48;"A";158.96;"A";132.65;"A";1.9;"A";60.02;"A";19;"A";-4.17;"A";83.14;"A";1019.21;"A";0;"A";104;"A";22;"A";3802;"A";0;"A";266.67;"A"
"2025-01-05 21:15";97.76;"A";4203.73;"A";227.99;"A";162.26;"A";131.88;"A";1.79;"A";59.79;"A";20;"A";-4.26;"A";82.6;"A";1019.09;"A";0;"A";52;"A";23;"A";2000;"A";0;"A";253.33;"A"
"2025-01-05 21:30";97.64;"A";4207.4;"A";230.66;"A";159.18;"A";139.19;"A";1.58;"A";60.05;"A";19;"A";-4.37;"A";83.4;"A";1019.09;"A";0;"A";48;"A";22;"A";1908;"A";0;"A";246.67;"A"
"2025-01-05 21:45";97.69;"A";4212.8;"A";233.91;"A";163.25;"A";138.44;"A";1.64;"A";59.97;"A";19;"A";-4.47;"A";83.52;"A";1018.9;"A";0;"A";46;"A";21;"A";1868;"A";0;"A";300;"A"
"2025-01-05 22:00";97.72;"A";4213.2;"A";205.5;"A";141.22;"A";124.37;"A";1.68;"A";60.03;"A";18;"A";-4.48;"A";83.61;"A";1018.86;"A";0;"A";43;"A";20;"A";1637;"A";0;"A";270;"A"
"2025-01-05 22:15";97.74;"A";4213.73;"A";198.94;"A";137.68;"A";119.15;"A";1.59;"A";60;"A";18;"A";-4.51;"A";83.6;"A";1018.8;"A";0;"A";40;"A";20;"A";1555;"A";0;"A";240;"A"
"2025-01-05 22:30";97.75;"A";4213.73;"A";199.97;"A";140.24;"A";118.57;"A";1.77;"A";59.84;"A";18;"A";-4.48;"A";83.86;"A";1018.74;"A";0;"A";39;"A";21;"A";1554;"A";0;"A";200;"A"
"2025-01-05 22:45";97.76;"A";4213.93;"A";194.94;"A";138.8;"A";113.32;"A";1.52;"A";59.8;"A";18;"A";-4.44;"A";82.36;"A";1018.78;"A";0;"A";41;"A";20;"A";1612;"A";0.33;"A";140;"A"
"2025-01-05 23:00";97.77;"A";4214;"A";159.13;"A";110.7;"A";94.3;"A";1.24;"A";59.97;"A";18;"A";-4.22;"A";80.85;"A";1018.68;"A";0;"A";34;"A";21;"A";1298;"A";0;"A";136.67;"A"
"2025-01-05 23:15";97.77;"A";4213.73;"A";150.09;"A";105.8;"A";88.44;"A";1.13;"A";60.04;"A";19;"A";-3.95;"A";79.61;"A";1018.53;"A";0;"A";30;"A";21;"A";1210;"A";0;"A";140;"A"
"2025-01-05 23:30";97.77;"A";4213.73;"A";84;"A";60.57;"A";46.36;"A";1.49;"A";59.64;"A";20;"A";-3.39;"A";77.45;"A";1018.36;"A";1;"A";21;"A";20;"A";637;"A";0.33;"A";90;"A"
"2025-01-05 23:45";97.78;"A";4213.8;"A";28.34;"A";20.27;"A";14.97;"A";1.62;"A";59.71;"A";18;"A";-3.06;"A";76.22;"A";1018.27;"A";5;"A";14;"A";13;"A";193;"A";0;"A";190;"A"
"2025-01-06 00:00";97.78;"A";4213.93;"A";22.07;"A";15.32;"A";10.58;"A";1.92;"A";58.73;"A";20;"A";-2.74;"A";74.89;"A";1018.19;"A";8;"A";12;"A";12;"A";117;"A";0;"A";133.33;"A"
"2025-01-06 00:15";97.78;"A";4213.93;"A";21.78;"A";15.48;"A";10.51;"A";2.21;"A";57.61;"A";20;"A";-2.59;"A";74.01;"A";1018.16;"A";10;"A";10;"A";10;"A";115;"A";0;"A";130;"A"
"2025-01-06 00:30";97.71;"A";4200.8;"A";25.09;"A";17.76;"A";12.08;"A";2.46;"A";56.9;"A";20;"A";-2.39;"A";73.52;"A";1017.96;"A";11;"A";10;"A";9;"A";124;"A";0;"A";153.33;"A"
"2025-01-06 00:45";97.67;"A";4212.73;"A";26.9;"A";17.37;"A";11.87;"A";2.67;"A";56.53;"A";20;"A";-2.33;"A";72.96;"A";1017.74;"A";12;"A";9;"A";8;"A";119;"A";0.33;"A";203.33;"A"
"2025-01-06 01:00";97.71;"A";4213.07;"A";26.95;"A";19.1;"A";12.92;"A";2.79;"A";56.23;"A";19;"A";-2.19;"A";73.48;"A";1017.26;"A";13;"A";9;"A";7;"A";122;"A";0;"A";160;"A"
"2025-01-06 01:15";97.73;"A";4213.13;"A";22.54;"A";16.42;"A";11.53;"A";2.93;"A";56.36;"A";19;"A";-2.04;"A";72.95;"A";1017.62;"A";13;"A";7;"A";6;"A";115;"A";0;"A";193.33;"A"
"2025-01-06 01:30";97.75;"A";4213.67;"A";27.73;"A";19.06;"A";12.71;"A";3.1;"A";54.56;"A";21;"A";-1.82;"A";69.36;"A";1017.64;"A";13;"A";6;"A";7;"A";102;"A";0.67;"A";343.33;"A"
"2025-01-06 01:45";97.76;"A";4213.8;"A";30.53;"A";19.16;"A";12.65;"A";3.27;"A";53.72;"A";21;"A";-1.74;"A";70.12;"A";1017.54;"A";11;"A";5;"A";10;"A";99;"A";0;"A";160;"A"
"2025-01-06 02:00";97.76;"A";4213.73;"A";31.35;"A";20.31;"A";13.14;"A";3.38;"A";54.03;"A";21;"A";-1.66;"A";70.51;"A";1017.53;"A";11;"A";5;"A";10;"A";102;"A";0;"A";203.33;"A"
"2025-01-06 02:15";97.77;"A";4213.8;"A";26.78;"A";18.99;"A";13.15;"A";3.51;"A";53.8;"A";20;"A";-1.59;"A";70.39;"A";1017.36;"A";13;"A";5;"A";8;"A";97;"A";0;"A";203.33;"A"
"2025-01-06 02:30";97.77;"A";4213.8;"A";19.6;"A";14.94;"A";10.54;"A";3.58;"A";53.8;"A";20;"A";-1.53;"A";70.83;"A";1017.15;"A";15;"A";5;"A";5;"A";85;"A";0.33;"A";136.67;"A"
"2025-01-06 02:45";97.77;"A";4213.93;"A";20.63;"A";14.68;"A";10.18;"A";3.66;"A";54.02;"A";20;"A";-1.49;"A";70.81;"A";1016.91;"A";15;"A";4;"A";5;"A";81;"A";0.33;"A";80;"A"
"2025-01-06 03:00";97.77;"A";4213.93;"A";19.87;"A";14.91;"A";10.31;"A";3.69;"A";54.72;"A";19;"A";-1.54;"A";72.51;"A";1017.01;"A";14;"A";5;"A";5;"A";79;"A";0;"A";206.67;"A"
"2025-01-06 03:15";97.77;"A";4213.8;"A";20.12;"A";14.67;"A";10.13;"A";3.68;"A";55.06;"A";19;"A";-1.57;"A";72.43;"A";1016.72;"A";15;"A";4;"A";5;"A";76;"A";0;"A";93.33;"A"
"2025-01-06 03:30";97.77;"A";4213.87;"A";18.87;"A";13.86;"A";9.24;"A";3.69;"A";54.67;"A";19;"A";-1.54;"A";71.64;"A";1016.62;"A";14;"A";4;"A";5;"A";68;"A";0;"A";66.67;"A"
"2025-01-06 03:45";97.77;"A";4213.8;"A";21.48;"A";15.88;"A";10.77;"A";3.73;"A";54.58;"A";19;"A";-1.44;"A";71.16;"A";1016.52;"A";14;"A";4;"A";5;"A";100;"A";0.33;"A";133.33;"A"
"2025-01-06 04:00";97.77;"A";4213.87;"A";22.82;"A";16.76;"A";11.15;"A";3.77;"A";54.53;"A";19;"A";-1.44;"A";71.96;"A";1016.52;"A";14;"A";3;"A";6;"A";107;"A";0;"A";120;"A"
"2025-01-06 04:15";97.77;"A";4213.73;"A";31.14;"A";22.35;"A";15.33;"A";3.82;"A";54.5;"A";19;"A";-1.39;"A";71.1;"A";1016.4;"A";13;"A";3;"A";6;"A";145;"A";0.33;"A";140;"A"
"2025-01-06 04:30";97.77;"A";4213.8;"A";68.95;"A";51.96;"A";33.43;"A";3.9;"A";53.53;"A";21;"A";-1.28;"A";69.77;"A";1016.04;"A";12;"A";3;"A";9;"A";480;"A";0;"A";93.33;"A"
"2025-01-06 04:45";97.77;"A";4213.8;"A";77.91;"A";59.97;"A";39.5;"A";3.99;"A";54.05;"A";22;"A";-1.19;"A";70.9;"A";1015.87;"A";10;"A";4;"A";11;"A";634;"A";0.33;"A";116.67;"A"
"2025-01-06 05:00";97.77;"A";4214;"A";71.13;"A";54;"A";35.54;"A";4.04;"A";54.71;"A";21;"A";-1.12;"A";71.93;"A";1015.59;"A";10;"A";3;"A";11;"A";533;"A";0.33;"A";76.67;"A"
"2025-01-06 05:15";97.77;"A";4213.8;"A";47.89;"A";36.48;"A";24.49;"A";4.13;"A";55.13;"A";21;"A";-0.99;"A";72.35;"A";1015.55;"A";12;"A";3;"A";9;"A";339;"A";0.33;"A";190;"A"
"2025-01-06 05:30";97.77;"A";4213.8;"A";28.58;"A";21.02;"A";14.04;"A";4.2;"A";55.41;"A";20;"A";-0.96;"A";72.81;"A";1015.43;"A";13;"A";3;"A";7;"A";172;"A";0;"A";93.33;"A"
"2025-01-06 05:45";97.77;"A";4213.8;"A";17.34;"A";12.18;"A";8.36;"A";4.26;"A";55.86;"A";20;"A";-1.02;"A";73.83;"A";1015.41;"A";14;"A";3;"A";6;"A";67;"A";0;"A";66.67;"A"
"2025-01-06 06:00";97.77;"A";4213.8;"A";27.37;"A";19.59;"A";13.4;"A";4.27;"A";56.43;"A";20;"A";-0.98;"A";74.52;"A";1015.56;"A";14;"A";3;"A";6;"A";142;"A";0;"A";103.33;"A"
"2025-01-06 06:15";97.77;"A";4213.73;"A";19.28;"A";13.82;"A";9.69;"A";4.3;"A";56.84;"A";20;"A";-0.91;"A";74.43;"A";1015.51;"A";13;"A";2;"A";7;"A";105;"A";0;"A";103.33;"A"
"2025-01-06 06:30";97.77;"A";4213.8;"A";16.55;"A";11.29;"A";7.64;"A";4.32;"A";57.16;"A";19;"A";-0.82;"A";74.64;"A";1015.52;"A";13;"A";2;"A";6;"A";79;"A";0;"A";86.67;"A"
"2025-01-06 06:45";97.77;"A";4213.8;"A";15.72;"A";11.15;"A";7.78;"A";4.42;"A";57.2;"A";20;"A";-0.7;"A";74.54;"A";1015.43;"A";13;"A";2;"A";7;"A";74;"A";0;"A";30;"A"
"2025-01-06 07:00";97.77;"A";4214;"A";22.36;"A";15.68;"A";10.91;"A";4.5;"A";57.71;"A";19;"A";-0.67;"A";75.43;"A";1015.26;"A";13;"A";3;"A";6;"A";73;"A";0;"A";133.33;"A"
"2025-01-06 07:15";97.77;"A";4213.8;"A";25.61;"A";18.88;"A";13.12;"A";4.59;"A";58.23;"A";19;"A";-0.53;"A";76.18;"A";1015.12;"A";13;"A";2;"A";6;"A";73;"A";0.33;"A";100;"A"
"2025-01-06 07:30";97.76;"A";4213.73;"A";19;"A";14.2;"A";9.86;"A";4.67;"A";59.13;"A";20;"A";-0.51;"A";77.57;"A";1015.19;"A";13;"A";2;"A";7;"A";91;"A";0.33;"A";63.33;"A"
"2025-01-06 07:45";97.76;"A";4213.73;"A";24.88;"A";17.48;"A";14.36;"A";4.77;"A";59.97;"A";19;"A";-0.4;"A";78.54;"A";1015.05;"A";12;"A";3;"A";7;"A";163;"A";1;"A";140;"A"
"2025-01-06 08:00";97.76;"A";4213.73;"A";43.24;"A";29.91;"A";26.34;"A";5.18;"A";60.15;"A";20;"A";-0.31;"A";80.01;"A";1015.05;"A";12;"A";3;"A";8;"A";303;"A";0.33;"A";130;"A"
"2025-01-06 08:15";97.76;"A";4213.8;"A";74.98;"A";51.68;"A";45.52;"A";5.52;"A";59.96;"A";20;"A";-0.2;"A";80.3;"A";1015.09;"A";11;"A";4;"A";10;"A";444;"A";0;"A";123.33;"A"
"2025-01-06 08:30";97.76;"A";4213.8;"A";58.68;"A";41.49;"A";33.14;"A";5.45;"A";59.83;"A";21;"A";0.13;"A";78.4;"A";1014.82;"A";12;"A";3;"A";9;"A";442;"A";0;"A";86.67;"A"
"2025-01-06 08:45";97.76;"A";4213.73;"A";38.86;"A";28;"A";22.69;"A";5.5;"A";59.86;"A";21;"A";0.4;"A";77.4;"A";1014.71;"A";12;"A";3;"A";9;"A";418;"A";0;"A";96.67;"A"
"2025-01-06 09:00";97.76;"A";4213.87;"A";23.79;"A";16.81;"A";14.47;"A";5.62;"A";60.05;"A";21;"A";0.7;"A";77.26;"A";1014.58;"A";13;"A";2;"A";8;"A";265;"A";0;"A";86.67;"A"
"2025-01-06 09:15";97.76;"A";4213.73;"A";29.72;"A";20.64;"A";18.18;"A";6.08;"A";60.03;"A";22;"A";0.99;"A";78.06;"A";1014.41;"A";12;"A";3;"A";10;"A";406;"A";0.33;"A";96.67;"A"
"2025-01-06 09:30";97.76;"A";4213.73;"A";41.07;"A";28.42;"A";25.03;"A";6.64;"A";60.03;"A";23;"A";1.32;"A";78.81;"A";1014.32;"A";13;"A";2;"A";10;"A";497;"A";0.67;"A";123.33;"A"
"2025-01-06 09:45";97.76;"A";4213.73;"A";44.4;"A";30.71;"A";27.04;"A";7.08;"A";59.99;"A";22;"A";1.65;"A";79.05;"A";1014.28;"A";13;"A";2;"A";10;"A";488;"A";0.33;"A";123.33;"A"
"2025-01-06 10:00";97.76;"A";4213.8;"A";39.25;"A";27.17;"A";23.93;"A";7.36;"A";59.94;"A";22;"A";1.86;"A";79.21;"A";1014.26;"A";13;"A";2;"A";9;"A";402;"A";0.67;"A";113.33;"A"
"2025-01-06 10:15";97.76;"A";4213.73;"A";20.58;"A";14.36;"A";12.65;"A";7.45;"A";59.97;"A";21;"A";2.03;"A";78.68;"A";1014.11;"A";14;"A";2;"A";7;"A";179;"A";0.33;"A";113.33;"A"
"2025-01-06 10:30";97.76;"A";4213.8;"A";20.47;"A";14.29;"A";12.59;"A";7.5;"A";60.01;"A";21;"A";2.2;"A";78.22;"A";1014.11;"A";15;"A";2;"A";6;"A";174;"A";0.67;"A";130;"A"
"2025-01-06 10:45";97.75;"A";4213.73;"A";17.82;"A";12.47;"A";10.98;"A";7.6;"A";60.02;"A";21;"A";2.27;"A";78.53;"A";1013.96;"A";14;"A";2;"A";7;"A";156;"A";0;"A";110;"A"
"2025-01-06 11:00";97.75;"A";4213.87;"A";14.58;"A";10.25;"A";9.03;"A";7.85;"A";60.03;"A";21;"A";2.44;"A";78.98;"A";1013.47;"A";14;"A";2;"A";7;"A";153;"A";0.33;"A";126.67;"A"
"2025-01-06 11:15";97.75;"A";4213.73;"A";13.11;"A";9.24;"A";8.14;"A";8.2;"A";60.06;"A";21;"A";2.58;"A";80.04;"A";1013.22;"A";15;"A";2;"A";6;"A";126;"A";0;"A";120;"A"
"2025-01-06 11:30";97.75;"A";4213.53;"A";15.61;"A";10.95;"A";9.65;"A";8.78;"A";60.02;"A";21;"A";2.64;"A";82.14;"A";1013;"A";14;"A";2;"A";6;"A";131;"A";0;"A";93.33;"A"
"2025-01-06 11:45";97.75;"A";4213.53;"A";25.4;"A";17.67;"A";15.57;"A";9.08;"A";59.93;"A";21;"A";2.86;"A";82.27;"A";1012.93;"A";14;"A";2;"A";7;"A";215;"A";0.33;"A";106.67;"A"
"2025-01-06 12:00";97.75;"A";4213.67;"A";25.28;"A";17.59;"A";15.49;"A";9.19;"A";59.97;"A";21;"A";3.01;"A";82.24;"A";1012.68;"A";14;"A";2;"A";7;"A";275;"A";0;"A";113.33;"A"
"2025-01-06 12:15";97.75;"A";4213.67;"A";45.14;"A";31.21;"A";27.49;"A";9.29;"A";60.02;"A";21;"A";3.18;"A";81.99;"A";1012.51;"A";13;"A";3;"A";8;"A";432;"A";0.33;"A";123.33;"A"
"2025-01-06 12:30";97.75;"A";4213.47;"A";46.61;"A";32.22;"A";28.38;"A";9.52;"A";60.08;"A";21;"A";3.29;"A";82.53;"A";1012.22;"A";13;"A";2;"A";8;"A";408;"A";0;"A";86.67;"A"
"2025-01-06 12:45";97.74;"A";4213.67;"A";27.94;"A";19.41;"A";17.1;"A";9.81;"A";60.02;"A";21;"A";3.45;"A";83.11;"A";1012.01;"A";13;"A";2;"A";8;"A";263;"A";0;"A";126.67;"A"
"2025-01-06 13:00";97.74;"A";4213.53;"A";11.2;"A";7.93;"A";6.98;"A";10.04;"A";59.99;"A";21;"A";3.53;"A";83.53;"A";1011.87;"A";14;"A";2;"A";6;"A";97;"A";0;"A";90;"A"
"2025-01-06 13:15";97.74;"A";4213.8;"A";17.92;"A";12.54;"A";11.04;"A";10.21;"A";60.11;"A";20;"A";3.55;"A";84.59;"A";1011.85;"A";14;"A";2;"A";6;"A";92;"A";0.33;"A";90;"A"
"2025-01-06 13:30";97.74;"A";4213.33;"A";9.7;"A";6.9;"A";6.08;"A";10.58;"A";59.99;"A";21;"A";3.58;"A";85.87;"A";1011.78;"A";14;"A";2;"A";6;"A";96;"A";0.33;"A";80;"A"
"2025-01-06 13:45";97.74;"A";4213.27;"A";9.92;"A";7.05;"A";6.21;"A";10.74;"A";60.01;"A";21;"A";3.8;"A";85.76;"A";1011.54;"A";15;"A";2;"A";6;"A";97;"A";0;"A";80;"A"
"2025-01-06 14:00";97.74;"A";4213.2;"A";11.07;"A";7.84;"A";6.91;"A";10.94;"A";60;"A";21;"A";4;"A";85.75;"A";1011.55;"A";15;"A";2;"A";6;"A";99;"A";0.33;"A";86.67;"A"
"2025-01-06 14:15";97.74;"A";4213.2;"A";9.84;"A";6.99;"A";6.16;"A";11.1;"A";59.98;"A";21;"A";4.14;"A";85.9;"A";1011.32;"A";15;"A";2;"A";7;"A";107;"A";0;"A";110;"A"
"2025-01-06 14:30";97.74;"A";4213.33;"A";10.86;"A";7.69;"A";6.78;"A";11.31;"A";60.02;"A";21;"A";4.28;"A";86.05;"A";1011.23;"A";14;"A";2;"A";6;"A";91;"A";0;"A";116.67;"A"
"2025-01-06 14:45";97.74;"A";4213;"A";13.33;"A";9.39;"A";8.27;"A";11.64;"A";60.01;"A";22;"A";4.57;"A";86.62;"A";1011.27;"A";16;"A";2;"A";6;"A";102;"A";0.33;"A";90;"A"
"2025-01-06 15:00";97.73;"A";4212.93;"A";12.59;"A";8.88;"A";7.82;"A";12.02;"A";60.03;"A";22;"A";4.81;"A";87.05;"A";1011.17;"A";16;"A";1;"A";6;"A";91;"A";0;"A";103.33;"A"
"2025-01-06 15:15";97.73;"A";4213.07;"A";12.3;"A";8.68;"A";7.65;"A";12.29;"A";59.99;"A";23;"A";5;"A";87.09;"A";1011.28;"A";16;"A";1;"A";6;"A";91;"A";0.33;"A";130;"A"
"2025-01-06 15:30";97.73;"A";4212.87;"A";10.83;"A";7.68;"A";6.76;"A";12.38;"A";59.96;"A";23;"A";5.16;"A";86.83;"A";1011.32;"A";17;"A";1;"A";6;"A";93;"A";0;"A";146.67;"A"
"2025-01-06 15:45";97.73;"A";4213;"A";11.78;"A";8.32;"A";7.33;"A";12.44;"A";60.01;"A";23;"A";5.23;"A";86.66;"A";1011.15;"A";16;"A";1;"A";7;"A";87;"A";0;"A";60;"A"
"2025-01-06 16:00";97.73;"A";4213.13;"A";12.43;"A";8.78;"A";7.73;"A";12.54;"A";59.98;"A";23;"A";5.32;"A";86.8;"A";1011.07;"A";17;"A";1;"A";6;"A";91;"A";0.33;"A";86.67;"A"
"2025-01-06 16:15";97.73;"A";4213.07;"A";13.82;"A";9.72;"A";8.57;"A";12.59;"A";59.98;"A";22;"A";5.33;"A";86.88;"A";1011.2;"A";16;"A";2;"A";6;"A";93;"A";0;"A";160;"A"
"2025-01-06 16:30";97.73;"A";4212.93;"A";14.01;"A";9.86;"A";8.68;"A";12.61;"A";59.99;"A";22;"A";5.35;"A";87.02;"A";1011.1;"A";15;"A";1;"A";7;"A";100;"A";0;"A";100;"A"
"2025-01-06 16:45";97.73;"A";4212.93;"A";15.62;"A";10.96;"A";9.66;"A";12.72;"A";60.04;"A";23;"A";5.41;"A";87.32;"A";1011.07;"A";16;"A";2;"A";6;"A";103;"A";0.33;"A";173.33;"A"
"2025-01-06 17:00";97.73;"A";4212.93;"A";14.25;"A";10.02;"A";8.83;"A";12.85;"A";60;"A";23;"A";5.5;"A";87.4;"A";1011.08;"A";16;"A";1;"A";7;"A";93;"A";0;"A";243.33;"A"
"2025-01-06 17:15";97.73;"A";4213.13;"A";14.76;"A";10.37;"A";9.14;"A";12.94;"A";60.01;"A";23;"A";5.59;"A";87.57;"A";1011.04;"A";16;"A";1;"A";6;"A";97;"A";0.33;"A";350;"A"
"2025-01-06 17:30";97.72;"A";4212.93;"A";13.24;"A";9.33;"A";8.22;"A";13.15;"A";60.03;"A";23;"A";5.69;"A";87.96;"A";1010.88;"A";16;"A";1;"A";7;"A";94;"A";0.33;"A";176.67;"A"
"2025-01-06 17:45";97.72;"A";4212.87;"A";14.69;"A";10.32;"A";9.09;"A";13.36;"A";60.01;"A";23;"A";5.79;"A";88.51;"A";1010.9;"A";17;"A";1;"A";6;"A";90;"A";0;"A";83.33;"A"
"2025-01-06 18:00";97.72;"A";4212.93;"A";15.49;"A";10.87;"A";9.58;"A";13.54;"A";60;"A";24;"A";5.88;"A";88.62;"A";1010.94;"A";17;"A";1;"A";7;"A";92;"A";0.67;"A";236.67;"A"
"2025-01-06 18:15";97.72;"A";4213;"A";15.42;"A";10.82;"A";9.53;"A";13.62;"A";59.95;"A";23;"A";5.97;"A";88.5;"A";1010.93;"A";17;"A";1;"A";6;"A";93;"A";0;"A";120;"A"
"2025-01-06 18:30";97.72;"A";4213;"A";13.71;"A";9.65;"A";8.5;"A";13.6;"A";59.98;"A";23;"A";6.06;"A";88.12;"A";1010.83;"A";17;"A";1;"A";6;"A";82;"A";0.33;"A";126.67;"A"
"2025-01-06 18:45";97.72;"A";4213.13;"A";11.73;"A";8.29;"A";7.31;"A";13.56;"A";59.99;"A";23;"A";6.07;"A";87.72;"A";1010.94;"A";17;"A";1;"A";6;"A";74;"A";0;"A";143.33;"A"
"2025-01-06 19:00";97.72;"A";4213;"A";13.45;"A";9.47;"A";8.34;"A";13.53;"A";60.01;"A";23;"A";6.14;"A";87.52;"A";1011.08;"A";18;"A";1;"A";5;"A";76;"A";0.33;"A";133.33;"A"
"2025-01-06 19:15";97.72;"A";4212.87;"A";14.76;"A";10.37;"A";9.14;"A";13.62;"A";59.96;"A";23;"A";6.19;"A";87.44;"A";1011.05;"A";18;"A";1;"A";5;"A";87;"A";0.33;"A";183.33;"A"
"2025-01-06 19:30";97.72;"A";4213.13;"A";13.26;"A";9.34;"A";8.23;"A";13.67;"A";60.02;"A";23;"A";6.3;"A";87.41;"A";1011.03;"A";18;"A";1;"A";5;"A";82;"A";0.33;"A";146.67;"A"
"2025-01-06 19:45";97.71;"A";4212.8;"A";12.76;"A";9;"A";7.93;"A";13.74;"A";59.99;"A";24;"A";6.36;"A";87.24;"A";1011.23;"A";18;"A";1;"A";5;"A";78;"A";0;"A";40;"A"
"2025-01-06 20:00";97.71;"A";4212.87;"A";13;"A";9.16;"A";8.07;"A";13.74;"A";60;"A";23;"A";6.39;"A";87.11;"A";1011.18;"A";18;"A";1;"A";5;"A";81;"A";0;"A";273.33;"A"
"2025-01-06 20:15";97.71;"A";4213;"A";12.53;"A";8.84;"A";7.79;"A";13.71;"A";60;"A";23;"A";6.37;"A";87.16;"A";1011.16;"A";18;"A";1;"A";5;"A";81;"A";0.33;"A";256.67;"A"
"2025-01-06 20:30";97.71;"A";4212.87;"A";13.03;"A";9.19;"A";8.09;"A";13.78;"A";60;"A";24;"A";6.44;"A";87.26;"A";1011.08;"A";19;"A";1;"A";5;"A";81;"A";1;"A";226.67;"A"
"2025-01-06 20:45";97.71;"A";4213.07;"A";13.45;"A";9.47;"A";8.35;"A";13.89;"A";60;"A";24;"A";6.51;"A";87.35;"A";1011.1;"A";18;"A";1;"A";6;"A";82;"A";0;"A";263.33;"A"
"2025-01-06 21:00";97.71;"A";4212.93;"A";13.54;"A";9.53;"A";8.4;"A";13.97;"A";59.96;"A";24;"A";6.59;"A";87.35;"A";1011.06;"A";18;"A";1;"A";6;"A";82;"A";0;"A";186.67;"A"
"2025-01-06 21:15";97.71;"A";4212.93;"A";13.98;"A";9.84;"A";8.67;"A";14.01;"A";59.99;"A";24;"A";6.63;"A";87.33;"A";1011.09;"A";17;"A";1;"A";7;"A";80;"A";0;"A";140;"A"
"2025-01-06 21:30";97.71;"A";4212.93;"A";13.78;"A";9.7;"A";8.54;"A";13.96;"A";60.03;"A";23;"A";6.6;"A";87.34;"A";1011.09;"A";17;"A";1;"A";7;"A";82;"A";0;"A";120;"A"
"2025-01-06 21:45";97.71;"A";4213;"A";14.01;"A";9.86;"A";8.68;"A";13.99;"A";60.01;"A";23;"A";6.55;"A";87.63;"A";1011.13;"A";17;"A";1;"A";7;"A";79;"A";0;"A";270;"A"
"2025-01-06 22:00";97.71;"A";4212.8;"A";14.04;"A";9.88;"A";8.7;"A";14.06;"A";59.99;"A";23;"A";6.64;"A";87.57;"A";1011.28;"A";17;"A";1;"A";6;"A";85;"A";0.33;"A";273.33;"A"
"2025-01-06 22:15";97.7;"A";4212.73;"A";15.85;"A";11.12;"A";9.79;"A";14.17;"A";60.03;"A";23;"A";6.75;"A";87.58;"A";1011.36;"A";17;"A";1;"A";6;"A";93;"A";0.33;"A";330;"A"
"2025-01-06 22:30";97.7;"A";4212.87;"A";15.31;"A";10.75;"A";9.47;"A";14.3;"A";60.04;"A";23;"A";6.86;"A";87.64;"A";1011.45;"A";17;"A";1;"A";6;"A";90;"A";0;"A";226.67;"A"
"2025-01-06 22:45";97.7;"A";4212.8;"A";15.94;"A";11.18;"A";9.85;"A";14.39;"A";59.95;"A";23;"A";6.96;"A";87.46;"A";1011.72;"A";18;"A";1;"A";5;"A";85;"A";0;"A";240;"A"
"2025-01-06 23:00";97.7;"A";4212.8;"A";16.04;"A";11.25;"A";9.91;"A";14.42;"A";60.01;"A";24;"A";7.03;"A";87.42;"A";1011.83;"A";18;"A";1;"A";5;"A";86;"A";0.33;"A";333.33;"A"
"2025-01-06 23:15";97.7;"A";4213.07;"A";17.11;"A";11.99;"A";10.56;"A";14.56;"A";59.98;"A";24;"A";7.14;"A";87.41;"A";1011.74;"A";19;"A";1;"A";5;"A";89;"A";0.33;"A";330;"A"
"2025-01-06 23:30";97.7;"A";4212.87;"A";17.8;"A";12.46;"A";10.97;"A";14.58;"A";60;"A";24;"A";7.17;"A";87.53;"A";1011.78;"A";18;"A";1;"A";6;"A";88;"A";0.67;"A";243.33;"A"
"2025-01-06 23:45";97.7;"A";4212.87;"A";19.14;"A";13.38;"A";11.78;"A";14.62;"A";60;"A";24;"A";7.18;"A";87.76;"A";1011.71;"A";18;"A";0;"A";6;"A";88;"A";0.33;"A";236.67;"A"
"2025-01-07 00:00";97.7;"A";4212.93;"A";19.94;"A";13.92;"A";12.26;"A";14.67;"A";60;"A";23;"A";7.19;"A";87.7;"A";1011.71;"A";18;"A";0;"A";6;"A";87;"A";0;"A";263.33;"A"
"2025-01-07 00:15";97.7;"A";4212.87;"A";18.77;"A";13.12;"A";11.56;"A";14.71;"A";60;"A";23;"A";7.2;"A";87.69;"A";1011.63;"A";18;"A";1;"A";5;"A";88;"A";0.33;"A";266.67;"A"
"2025-01-07 00:30";97.7;"A";4212.73;"A";18.72;"A";13.09;"A";11.53;"A";14.73;"A";60.01;"A";23;"A";7.23;"A";87.77;"A";1011.49;"A";18;"A";1;"A";5;"A";87;"A";1;"A";343.33;"A"
"2025-01-07 00:45";97.7;"A";4212.87;"A";19.56;"A";13.66;"A";12.04;"A";14.8;"A";59.97;"A";23;"A";7.26;"A";87.82;"A";1011.46;"A";18;"A";1;"A";5;"A";89;"A";0;"A";340;"A"
"2025-01-07 01:00";97.69;"A";4212.87;"A";19.95;"A";13.93;"A";12.27;"A";14.73;"A";59.99;"A";23;"A";7.24;"A";87.73;"A";1011.68;"A";17;"A";1;"A";5;"A";90;"A";0;"A";343.33;"A"
"2025-01-07 01:15";97.69;"A";4213;"A";21.01;"A";14.66;"A";12.91;"A";14.75;"A";60.01;"A";23;"A";7.23;"A";87.81;"A";1011.8;"A";17;"A";1;"A";6;"A";91;"A";0;"A";346.67;"A"
"2025-01-07 01:30";97.69;"A";4212.93;"A";23.22;"A";16.18;"A";14.25;"A";14.71;"A";60.01;"A";23;"A";7.23;"A";87.69;"A";1011.95;"A";16;"A";1;"A";6;"A";103;"A";0.33;"A";343.33;"A"
"2025-01-07 01:45";97.69;"A";4212.87;"A";24.7;"A";17.19;"A";15.14;"A";14.74;"A";59.99;"A";22;"A";7.21;"A";87.84;"A";1011.96;"A";16;"A";1;"A";5;"A";108;"A";0;"A";343.33;"A"
"2025-01-07 02:00";97.69;"A";4212.87;"A";26.16;"A";18.19;"A";16.02;"A";14.75;"A";60;"A";22;"A";7.26;"A";87.76;"A";1011.91;"A";17;"A";1;"A";5;"A";109;"A";1;"A";343.33;"A"
"2025-01-07 02:15";97.69;"A";4212.87;"A";26.84;"A";18.66;"A";16.44;"A";14.83;"A";60.03;"A";21;"A";7.29;"A";87.85;"A";1011.88;"A";16;"A";1;"A";5;"A";109;"A";0.67;"A";246.67;"A"
"2025-01-07 02:30";97.69;"A";4212.87;"A";29.01;"A";20.15;"A";17.74;"A";14.85;"A";59.99;"A";21;"A";7.32;"A";87.75;"A";1011.87;"A";15;"A";1;"A";6;"A";117;"A";0;"A";76.67;"A"
"2025-01-07 02:45";97.69;"A";4212.8;"A";29.54;"A";20.51;"A";18.07;"A";14.9;"A";59.98;"A";21;"A";7.4;"A";87.83;"A";1011.86;"A";15;"A";1;"A";6;"A";115;"A";0;"A";160;"A"
"2025-01-07 03:00";97.69;"A";4212.87;"A";31.28;"A";21.7;"A";19.12;"A";14.92;"A";60.01;"A";21;"A";7.45;"A";87.74;"A";1011.68;"A";15;"A";1;"A";6;"A";120;"A";0.33;"A";133.33;"A"
"2025-01-07 03:15";97.68;"A";4212.93;"A";32.16;"A";22.31;"A";19.65;"A";14.97;"A";59.99;"A";20;"A";7.44;"A";87.83;"A";1011.67;"A";15;"A";2;"A";5;"A";121;"A";0.33;"A";60;"A"
"2025-01-07 03:30";97.68;"A";4212.87;"A";32.38;"A";22.46;"A";19.78;"A";15.02;"A";59.99;"A";20;"A";7.52;"A";87.79;"A";1011.61;"A";15;"A";1;"A";5;"A";123;"A";0;"A";90;"A"
"2025-01-07 03:45";97.68;"A";4212.8;"A";32.23;"A";22.35;"A";19.69;"A";15.09;"A";60;"A";21;"A";7.57;"A";87.78;"A";1011.51;"A";14;"A";1;"A";6;"A";120;"A";0;"A";276.67;"A"
"2025-01-07 04:00";97.68;"A";4212.87;"A";34.96;"A";24.23;"A";21.34;"A";15.12;"A";60.01;"A";21;"A";7.64;"A";87.69;"A";1011.35;"A";14;"A";1;"A";7;"A";126;"A";0.67;"A";263.33;"A"
"2025-01-07 04:15";97.68;"A";4212.87;"A";34.2;"A";23.7;"A";20.88;"A";15.13;"A";59.99;"A";21;"A";7.67;"A";87.49;"A";1011.36;"A";15;"A";1;"A";6;"A";123;"A";0.33;"A";150;"A"
"2025-01-07 04:30";97.68;"A";4212.73;"A";33.91;"A";23.51;"A";20.71;"A";15.11;"A";60;"A";20;"A";7.68;"A";87.32;"A";1011.49;"A";15;"A";1;"A";5;"A";120;"A";0.33;"A";123.33;"A"
"2025-01-07 04:45";97.68;"A";4212.87;"A";35.5;"A";24.6;"A";21.67;"A";15.2;"A";59.98;"A";21;"A";7.78;"A";87.25;"A";1011.56;"A";15;"A";1;"A";7;"A";120;"A";0;"A";33.33;"A"
"2025-01-07 05:00";97.68;"A";4212.73;"A";36.48;"A";25.27;"A";22.26;"A";15.19;"A";59.97;"A";21;"A";7.77;"A";87.29;"A";1011.65;"A";15;"A";1;"A";6;"A";123;"A";0;"A";146.67;"A"
"2025-01-07 05:15";97.68;"A";4212.93;"A";36.49;"A";25.28;"A";22.26;"A";15.14;"A";59.99;"A";21;"A";7.79;"A";87.03;"A";1011.79;"A";14;"A";1;"A";7;"A";122;"A";0;"A";150;"A"
"2025-01-07 05:30";97.67;"A";4212.87;"A";37.04;"A";25.65;"A";22.6;"A";15.08;"A";59.98;"A";21;"A";7.77;"A";86.74;"A";1011.91;"A";14;"A";1;"A";7;"A";128;"A";0;"A";163.33;"A"
"2025-01-07 05:45";97.67;"A";4212.8;"A";37.75;"A";26.14;"A";23.02;"A";15.02;"A";60;"A";21;"A";7.77;"A";86.69;"A";1011.75;"A";14;"A";1;"A";7;"A";124;"A";0.33;"A";130;"A"
"2025-01-07 06:00";97.67;"A";4212.87;"A";37.89;"A";26.24;"A";23.11;"A";15;"A";59.98;"A";21;"A";7.77;"A";86.53;"A";1011.69;"A";14;"A";1;"A";7;"A";130;"A";0;"A";70;"A"
"2025-01-07 06:15";97.67;"A";4212.87;"A";37.3;"A";25.83;"A";22.75;"A";15;"A";60.02;"A";21;"A";7.75;"A";86.58;"A";1011.56;"A";15;"A";1;"A";6;"A";131;"A";0;"A";136.67;"A"
"2025-01-07 06:30";97.67;"A";4212.87;"A";38.21;"A";26.46;"A";23.3;"A";15.07;"A";59.99;"A";21;"A";7.8;"A";86.76;"A";1011.55;"A";14;"A";2;"A";6;"A";134;"A";0;"A";46.67;"A"
"2025-01-07 06:45";97.67;"A";4212.87;"A";36.87;"A";25.54;"A";22.49;"A";15.09;"A";59.98;"A";20;"A";7.82;"A";86.7;"A";1011.72;"A";15;"A";2;"A";5;"A";131;"A";0;"A";283.33;"A"
"2025-01-07 07:00";97.67;"A";4212.87;"A";37.62;"A";26.05;"A";22.95;"A";15.14;"A";60.02;"A";20;"A";7.85;"A";86.82;"A";1011.66;"A";15;"A";2;"A";5;"A";137;"A";0;"A";343.33;"A"
"2025-01-07 07:15";97.67;"A";4212.93;"A";38.57;"A";26.71;"A";23.52;"A";15.18;"A";59.99;"A";20;"A";7.83;"A";86.99;"A";1011.81;"A";15;"A";1;"A";5;"A";136;"A";0;"A";160;"A"
"2025-01-07 07:30";97.67;"A";4213;"A";38.16;"A";26.43;"A";23.28;"A";15.2;"A";60.04;"A";20;"A";7.85;"A";87.18;"A";1011.93;"A";14;"A";1;"A";6;"A";142;"A";0;"A";240;"A"
"2025-01-07 07:45";97.67;"A";4212.8;"A";40.43;"A";27.98;"A";24.65;"A";15.43;"A";60.01;"A";21;"A";7.9;"A";88;"A";1012.05;"A";15;"A";1;"A";6;"A";143;"A";0.33;"A";266.67;"A"
"2025-01-07 08:00";97.67;"A";4212.87;"A";42;"A";29.06;"A";25.59;"A";15.57;"A";59.98;"A";20;"A";7.94;"A";88.18;"A";1012.14;"A";15;"A";1;"A";6;"A";151;"A";0;"A";276.67;"A"
"2025-01-07 08:15";97.66;"A";4212.87;"A";40.02;"A";27.7;"A";24.39;"A";15.58;"A";59.99;"A";20;"A";8.05;"A";87.74;"A";1012.22;"A";14;"A";1;"A";6;"A";152;"A";0.33;"A";340;"A"
"2025-01-07 08:30";97.66;"A";4212.87;"A";39.09;"A";27.06;"A";23.83;"A";15.67;"A";60;"A";20;"A";8.2;"A";87.52;"A";1012.36;"A";14;"A";1;"A";6;"A";186;"A";0;"A";226.67;"A"
"2025-01-07 08:45";97.66;"A";4212.8;"A";38.38;"A";26.58;"A";23.41;"A";15.76;"A";60;"A";21;"A";8.38;"A";87.22;"A";1012.12;"A";14;"A";1;"A";7;"A";164;"A";0.67;"A";263.33;"A"
"2025-01-07 09:00";97.66;"A";4212.8;"A";39.42;"A";27.29;"A";24.04;"A";15.82;"A";59.96;"A";20;"A";8.46;"A";86.89;"A";1012.05;"A";13;"A";1;"A";7;"A";166;"A";0.33;"A";150;"A"
"2025-01-07 09:15";97.66;"A";4212.8;"A";40.82;"A";28.25;"A";24.88;"A";15.84;"A";59.99;"A";20;"A";8.58;"A";86.57;"A";1012.24;"A";12;"A";1;"A";8;"A";165;"A";0;"A";266.67;"A"
"2025-01-07 09:30";97.66;"A";4212.93;"A";46.87;"A";32.4;"A";28.53;"A";15.91;"A";59.99;"A";20;"A";8.69;"A";86.21;"A";1012.31;"A";11;"A";1;"A";9;"A";202;"A";0.33;"A";340;"A"
"2025-01-07 09:45";97.66;"A";4212.87;"A";44.2;"A";30.57;"A";26.92;"A";16.06;"A";60;"A";20;"A";8.95;"A";85.62;"A";1012.28;"A";11;"A";1;"A";9;"A";175;"A";1;"A";343.33;"A"
"2025-01-07 10:00";97.66;"A";4212.8;"A";45.18;"A";31.24;"A";27.52;"A";16.27;"A";59.96;"A";20;"A";9.24;"A";84.87;"A";1012.29;"A";12;"A";1;"A";8;"A";175;"A";0;"A";156.67;"A"
"2025-01-07 10:15";97.66;"A";4212.87;"A";43.97;"A";30.41;"A";26.78;"A";16.36;"A";59.96;"A";19;"A";9.46;"A";84.31;"A";1012.22;"A";11;"A";1;"A";8;"A";170;"A";0;"A";76.67;"A"
"2025-01-07 10:30";97.66;"A";4212.8;"A";43.21;"A";29.89;"A";26.33;"A";16.41;"A";59.98;"A";20;"A";9.51;"A";84.15;"A";1011.99;"A";12;"A";1;"A";8;"A";174;"A";0;"A";183.33;"A"
"2025-01-07 10:45";97.66;"A";4212.8;"A";42.73;"A";29.56;"A";26.03;"A";16.48;"A";59.96;"A";21;"A";9.58;"A";84.01;"A";1011.85;"A";12;"A";1;"A";9;"A";171;"A";0;"A";66.67;"A"
"2025-01-07 11:00";97.66;"A";4212.8;"A";41.13;"A";28.46;"A";25.07;"A";16.54;"A";59.99;"A";21;"A";9.68;"A";83.81;"A";1011.61;"A";12;"A";1;"A";10;"A";172;"A";0.33;"A";163.33;"A"
"2025-01-07 11:15";97.65;"A";4212.8;"A";39.11;"A";27.07;"A";23.84;"A";16.61;"A";59.99;"A";21;"A";9.77;"A";83.52;"A";1011.58;"A";13;"A";1;"A";8;"A";157;"A";0;"A";60;"A"
"2025-01-07 11:30";97.65;"A";4212.8;"A";38.65;"A";26.76;"A";23.57;"A";16.72;"A";59.99;"A";21;"A";9.98;"A";83.12;"A";1011.67;"A";13;"A";1;"A";8;"A";159;"A";0;"A";333.33;"A"
"2025-01-07 11:45";97.65;"A";4213;"A";36.94;"A";25.59;"A";22.54;"A";16.83;"A";59.97;"A";21;"A";10.11;"A";82.93;"A";1011.54;"A";13;"A";1;"A";8;"A";167;"A";0;"A";340;"A"
"2025-01-07 12:00";97.65;"A";4212.87;"A";34.83;"A";24.14;"A";21.26;"A";16.94;"A";59.98;"A";21;"A";10.39;"A";82.35;"A";1011.32;"A";13;"A";1;"A";8;"A";163;"A";0.33;"A";340;"A"
"2025-01-07 12:15";97.65;"A";4212.8;"A";32.33;"A";22.43;"A";19.75;"A";17.06;"A";59.99;"A";21;"A";10.56;"A";81.83;"A";1011.35;"A";13;"A";1;"A";8;"A";161;"A";0.33;"A";263.33;"A"
"2025-01-07 12:30";97.65;"A";4212.87;"A";29.87;"A";20.74;"A";18.26;"A";17.14;"A";60.01;"A";22;"A";10.82;"A";81.14;"A";1011.36;"A";13;"A";1;"A";9;"A";148;"A";0;"A";163.33;"A"
"2025-01-07 12:45";97.65;"A";4212.8;"A";28.23;"A";19.61;"A";17.27;"A";17.28;"A";59.92;"A";21;"A";11.06;"A";80.26;"A";1011.25;"A";14;"A";1;"A";8;"A";141;"A";0;"A";103.33;"A"
"2025-01-07 13:00";97.65;"A";4212.8;"A";25.64;"A";17.83;"A";15.71;"A";17.16;"A";59.94;"A";22;"A";11.23;"A";79.32;"A";1011.03;"A";15;"A";1;"A";7;"A";130;"A";0;"A";76.67;"A"
"2025-01-07 13:15";97.65;"A";4212.8;"A";26.67;"A";18.54;"A";16.33;"A";17.25;"A";60;"A";23;"A";11.35;"A";79.2;"A";1010.92;"A";15;"A";1;"A";8;"A";135;"A";0;"A";230;"A"
"2025-01-07 13:30";97.65;"A";4212.93;"A";25.64;"A";17.83;"A";15.71;"A";17.24;"A";59.92;"A";22;"A";11.44;"A";78.37;"A";1010.93;"A";15;"A";1;"A";7;"A";132;"A";0;"A";96.67;"A"
"2025-01-07 13:45";97.65;"A";4213;"A";26.11;"A";17.74;"A";14.93;"A";17.14;"A";59.95;"A";23;"A";11.39;"A";78.32;"A";1010.97;"A";16;"A";0;"A";7;"A";132;"A";0;"A";143.33;"A"
"2025-01-07 14:00";97.65;"A";4212.87;"A";24.89;"A";17.38;"A";15.1;"A";17.14;"A";60.02;"A";23;"A";11.28;"A";78.97;"A";1010.99;"A";17;"A";1;"A";6;"A";124;"A";0;"A";70;"A"
"2025-01-07 14:15";97.65;"A";4212.73;"A";26.75;"A";18.6;"A";16.38;"A";17.23;"A";60.01;"A";22;"A";11.28;"A";79.29;"A";1010.65;"A";16;"A";1;"A";6;"A";129;"A";0;"A";43.33;"A"
"2025-01-07 14:30";97.65;"A";4212.87;"A";28.18;"A";19.57;"A";17.24;"A";17.26;"A";60.06;"A";23;"A";11.19;"A";79.76;"A";1010.64;"A";16;"A";1;"A";6;"A";137;"A";0.33;"A";193.33;"A"
"2025-01-07 14:45";97.65;"A";4212.8;"A";28.73;"A";19.96;"A";17.58;"A";17.42;"A";59.99;"A";22;"A";11.31;"A";79.89;"A";1010.66;"A";16;"A";1;"A";6;"A";140;"A";0;"A";163.33;"A"
"2025-01-07 15:00";97.65;"A";4212.87;"A";30.14;"A";20.92;"A";18.43;"A";17.43;"A";59.98;"A";22;"A";11.26;"A";80.04;"A";1010.7;"A";16;"A";1;"A";6;"A";143;"A";0;"A";106.67;"A"
"2025-01-07 15:15";97.65;"A";4212.87;"A";31.27;"A";21.7;"A";19.11;"A";17.36;"A";60.04;"A";22;"A";11.16;"A";80.38;"A";1010.99;"A";15;"A";1;"A";7;"A";150;"A";0;"A";110;"A"
"2025-01-07 15:30";97.64;"A";4212.8;"A";32.89;"A";22.81;"A";20.09;"A";17.41;"A";60.01;"A";22;"A";11.08;"A";80.86;"A";1011.04;"A";14;"A";1;"A";8;"A";160;"A";0;"A";120;"A"
"2025-01-07 15:45";97.64;"A";4212.93;"A";33.99;"A";23.56;"A";20.75;"A";17.43;"A";60.03;"A";23;"A";10.97;"A";81.43;"A";1011.18;"A";13;"A";1;"A";10;"A";171;"A";0.33;"A";186.67;"A"
"2025-01-07 16:00";97.64;"A";4212.87;"A";35.73;"A";24.75;"A";21.8;"A";17.43;"A";59.96;"A";23;"A";10.88;"A";81.52;"A";1011.28;"A";13;"A";1;"A";10;"A";168;"A";0;"A";110;"A"
"2025-01-07 16:15";97.64;"A";4212.8;"A";35.64;"A";24.69;"A";21.75;"A";17.31;"A";60.02;"A";22;"A";10.86;"A";81.41;"A";1011.47;"A";14;"A";1;"A";8;"A";155;"A";0;"A";83.33;"A"
"2025-01-07 16:30";97.64;"A";4212.87;"A";35.69;"A";24.73;"A";21.78;"A";17.33;"A";60.01;"A";22;"A";10.87;"A";81.39;"A";1011.47;"A";15;"A";1;"A";7;"A";161;"A";0;"A";183.33;"A"
"2025-01-07 16:45";97.64;"A";4212.8;"A";36.32;"A";25.16;"A";22.16;"A";17.37;"A";59.98;"A";23;"A";10.88;"A";81.37;"A";1011.36;"A";16;"A";1;"A";7;"A";170;"A";0;"A";96.67;"A"
"2025-01-07 17:00";97.64;"A";4212.87;"A";35.64;"A";24.69;"A";21.75;"A";17.37;"A";60;"A";23;"A";10.89;"A";81.5;"A";1011.42;"A";16;"A";1;"A";7;"A";174;"A";0;"A";163.33;"A"
"2025-01-07 17:15";97.64;"A";4212.87;"A";34.9;"A";24.18;"A";21.3;"A";17.41;"A";59.98;"A";23;"A";10.93;"A";81.4;"A";1011.49;"A";15;"A";1;"A";8;"A";184;"A";0;"A";70;"A"
"2025-01-07 17:30";97.64;"A";4212.8;"A";32.87;"A";22.8;"A";20.08;"A";17.35;"A";59.99;"A";23;"A";10.99;"A";80.93;"A";1011.69;"A";16;"A";1;"A";7;"A";170;"A";0;"A";136.67;"A"
"2025-01-07 17:45";97.64;"A";4212.93;"A";33.44;"A";23.19;"A";20.42;"A";17.37;"A";60;"A";23;"A";10.98;"A";81.16;"A";1011.73;"A";15;"A";1;"A";8;"A";170;"A";0;"A";233.33;"A"
"2025-01-07 18:00";97.64;"A";4212.73;"A";35.04;"A";24.28;"A";21.39;"A";17.41;"A";60;"A";24;"A";10.92;"A";81.55;"A";1011.74;"A";13;"A";1;"A";11;"A";188;"A";0;"A";86.67;"A"
"2025-01-07 18:15";97.64;"A";4212.87;"A";37.03;"A";25.65;"A";22.59;"A";17.49;"A";60.03;"A";24;"A";10.92;"A";81.92;"A";1011.79;"A";12;"A";1;"A";12;"A";200;"A";0;"A";96.67;"A"
"2025-01-07 18:30";97.64;"A";4212.8;"A";37.33;"A";25.85;"A";22.77;"A";17.63;"A";60;"A";22;"A";10.89;"A";82.51;"A";1011.78;"A";13;"A";1;"A";9;"A";193;"A";0;"A";133.33;"A"
"2025-01-07 18:45";97.63;"A";4212.8;"A";35.9;"A";24.87;"A";21.91;"A";17.55;"A";59.93;"A";22;"A";10.91;"A";81.7;"A";1011.75;"A";15;"A";1;"A";6;"A";176;"A";0;"A";123.33;"A"
"2025-01-07 19:00";97.63;"A";4212.87;"A";32.94;"A";22.85;"A";20.12;"A";17.31;"A";60.01;"A";23;"A";10.93;"A";81.12;"A";1011.71;"A";17;"A";1;"A";6;"A";154;"A";0;"A";276.67;"A"
"2025-01-07 19:15";97.63;"A";4212.8;"A";36.11;"A";25.01;"A";22.03;"A";17.4;"A";60.07;"A";24;"A";10.93;"A";81.63;"A";1011.73;"A";16;"A";1;"A";8;"A";169;"A";0;"A";340;"A"
"2025-01-07 19:30";97.63;"A";4212.8;"A";38.42;"A";26.6;"A";23.43;"A";17.55;"A";59.95;"A";22;"A";10.83;"A";82.18;"A";1011.6;"A";16;"A";1;"A";7;"A";196;"A";0.33;"A";343.33;"A"
"2025-01-07 19:45";97.63;"A";4212.8;"A";40.13;"A";27.78;"A";24.46;"A";17.47;"A";60.01;"A";22;"A";10.79;"A";82.36;"A";1011.63;"A";15;"A";1;"A";7;"A";205;"A";0;"A";120;"A"
"2025-01-07 20:00";97.63;"A";4213;"A";40.85;"A";28.27;"A";24.9;"A";17.51;"A";60;"A";22;"A";10.77;"A";82.61;"A";1011.61;"A";15;"A";1;"A";7;"A";179;"A";0;"A";140;"A"
"2025-01-07 20:15";97.63;"A";4212.8;"A";39.82;"A";27.56;"A";24.28;"A";17.49;"A";60.05;"A";22;"A";10.7;"A";83.05;"A";1011.54;"A";15;"A";1;"A";7;"A";171;"A";0;"A";206.67;"A"
"2025-01-07 20:30";97.63;"A";4212.73;"A";44.55;"A";30.8;"A";27.13;"A";17.81;"A";59.99;"A";22;"A";10.67;"A";84.4;"A";1011.27;"A";15;"A";1;"A";7;"A";180;"A";0;"A";130;"A"
"2025-01-07 20:45";97.63;"A";4212.87;"A";45.67;"A";31.58;"A";27.81;"A";17.79;"A";60.04;"A";21;"A";10.54;"A";84.88;"A";1011.11;"A";15;"A";1;"A";6;"A";178;"A";0;"A";136.67;"A"
"2025-01-07 21:00";97.63;"A";4212.87;"A";48.73;"A";33.68;"A";29.66;"A";17.82;"A";60.02;"A";21;"A";10.5;"A";85.26;"A";1011.12;"A";14;"A";1;"A";7;"A";185;"A";0;"A";63.33;"A"
"2025-01-07 21:15";97.63;"A";4212.8;"A";49.32;"A";34.08;"A";30.02;"A";17.81;"A";59.95;"A";23;"A";10.51;"A";85.09;"A";1011.11;"A";14;"A";1;"A";8;"A";176;"A";0;"A";73.33;"A"
"2025-01-07 21:30";97.63;"A";4212.8;"A";52.94;"A";36.56;"A";32.2;"A";17.72;"A";59.99;"A";22;"A";10.41;"A";85.15;"A";1010.93;"A";14;"A";1;"A";8;"A";173;"A";0;"A";43.33;"A"
"2025-01-07 21:45";97.63;"A";4212.8;"A";48.11;"A";33.25;"A";29.28;"A";17.66;"A";59.99;"A";22;"A";10.4;"A";84.99;"A";1010.95;"A";14;"A";1;"A";7;"A";169;"A";0;"A";66.67;"A"
"2025-01-07 22:00";97.63;"A";4213;"A";45.8;"A";31.66;"A";27.89;"A";17.61;"A";60.02;"A";22;"A";10.38;"A";84.82;"A";1011.02;"A";15;"A";1;"A";7;"A";169;"A";0;"A";160;"A"
"2025-01-07 22:15";97.62;"A";4212.87;"A";43.8;"A";30.29;"A";26.68;"A";17.57;"A";59.99;"A";21;"A";10.33;"A";84.73;"A";1010.94;"A";14;"A";1;"A";7;"A";168;"A";0;"A";113.33;"A"
"2025-01-07 22:30";97.62;"A";4212.87;"A";42.77;"A";29.59;"A";26.06;"A";17.51;"A";59.98;"A";22;"A";10.28;"A";84.89;"A";1010.93;"A";14;"A";1;"A";8;"A";171;"A";0;"A";260;"A"
"2025-01-07 22:45";97.62;"A";4212.87;"A";43.15;"A";29.85;"A";26.29;"A";17.49;"A";59.99;"A";20;"A";10.21;"A";85.18;"A";1010.85;"A";13;"A";1;"A";7;"A";175;"A";0.33;"A";116.67;"A"
"2025-01-07 23:00";97.62;"A";4212.87;"A";43.01;"A";29.75;"A";26.2;"A";17.42;"A";59.99;"A";20;"A";10.1;"A";85.37;"A";1010.81;"A";13;"A";1;"A";7;"A";183;"A";0;"A";340;"A"
"2025-01-07 23:15";97.62;"A";4212.8;"A";39.23;"A";27.16;"A";23.92;"A";17.34;"A";59.98;"A";20;"A";10.02;"A";85.28;"A";1010.58;"A";13;"A";2;"A";7;"A";175;"A";1;"A";343.33;"A"
"2025-01-07 23:30";97.62;"A";4212.8;"A";36.8;"A";25.49;"A";22.45;"A";17.26;"A";60.01;"A";20;"A";9.98;"A";85.22;"A";1010.38;"A";14;"A";1;"A";7;"A";166;"A";0.67;"A";233.33;"A"
"2025-01-07 23:45";97.62;"A";4212.73;"A";36.49;"A";25.28;"A";22.27;"A";17.24;"A";59.99;"A";20;"A";9.93;"A";85.27;"A";1010.39;"A";13;"A";2;"A";6;"A";165;"A";0;"A";170;"A"
"2025-01-08 00:00";97.62;"A";4213;"A";34.75;"A";24.09;"A";21.21;"A";17.12;"A";60;"A";20;"A";9.92;"A";84.94;"A";1010.22;"A";14;"A";1;"A";7;"A";159;"A";0.67;"A";340;"A"
"2025-01-08 00:15";97.62;"A";4212.87;"A";33.37;"A";23.14;"A";20.38;"A";17.08;"A";59.99;"A";21;"A";9.93;"A";84.73;"A";1010.15;"A";14;"A";1;"A";7;"A";153;"A";0.33;"A";266.67;"A"
"2025-01-08 00:30";97.62;"A";4212.8;"A";32.16;"A";22.3;"A";19.65;"A";17.06;"A";59.99;"A";21;"A";9.94;"A";84.59;"A";1010.13;"A";13;"A";1;"A";8;"A";148;"A";0;"A";166.67;"A"
"2025-01-08 00:45";97.62;"A";4212.8;"A";31.15;"A";21.61;"A";19.04;"A";17.05;"A";60;"A";22;"A";9.9;"A";84.74;"A";1010.01;"A";14;"A";1;"A";7;"A";147;"A";0;"A";83.33;"A"
"2025-01-08 01:00";97.62;"A";4212.8;"A";31.41;"A";21.8;"A";19.2;"A";17.06;"A";60.02;"A";22;"A";9.89;"A";84.98;"A";1009.83;"A";15;"A";1;"A";7;"A";140;"A";0;"A";156.67;"A"
"2025-01-08 01:15";97.62;"A";4212.87;"A";32.51;"A";22.55;"A";19.86;"A";17.09;"A";59.98;"A";22;"A";9.85;"A";85.06;"A";1009.83;"A";14;"A";1;"A";8;"A";143;"A";0;"A";246.67;"A"
"2025-01-08 01:30";97.61;"A";4212.87;"A";31.47;"A";21.83;"A";19.23;"A";17.06;"A";59.99;"A";22;"A";9.86;"A";84.99;"A";1009.75;"A";14;"A";1;"A";8;"A";139;"A";0.33;"A";273.33;"A"
"2025-01-08 01:45";97.61;"A";4212.87;"A";32.17;"A";22.31;"A";19.65;"A";17.08;"A";60.02;"A";23;"A";9.81;"A";85.52;"A";1009.74;"A";14;"A";1;"A";8;"A";135;"A";0;"A";80;"A"
"2025-01-08 02:00";97.61;"A";4212.93;"A";35.46;"A";24.57;"A";21.64;"A";17.24;"A";60.02;"A";22;"A";9.86;"A";86;"A";1009.74;"A";15;"A";1;"A";8;"A";145;"A";0;"A";126.67;"A"
"2025-01-08 02:15";97.61;"A";4212.93;"A";38.51;"A";26.66;"A";23.48;"A";17.38;"A";60.06;"A";22;"A";9.87;"A";86.6;"A";1009.77;"A";14;"A";1;"A";8;"A";137;"A";0;"A";190;"A"
"2025-01-08 02:30";97.61;"A";4212.87;"A";43.96;"A";30.4;"A";26.78;"A";17.62;"A";60.02;"A";22;"A";9.93;"A";87.43;"A";1009.62;"A";14;"A";1;"A";8;"A";141;"A";0;"A";123.33;"A"
"2025-01-08 02:45";97.61;"A";4212.87;"A";47.75;"A";33;"A";29.07;"A";17.77;"A";60.02;"A";21;"A";10;"A";87.69;"A";1009.49;"A";15;"A";1;"A";6;"A";145;"A";0;"A";140;"A"
"2025-01-08 03:00";97.61;"A";4212.8;"A";50.74;"A";35.05;"A";30.87;"A";17.88;"A";60;"A";20;"A";10.1;"A";87.69;"A";1009.35;"A";15;"A";1;"A";5;"A";145;"A";0;"A";146.67;"A"
"2025-01-08 03:15";97.61;"A";4212.87;"A";53.06;"A";36.65;"A";32.28;"A";18.02;"A";59.99;"A";20;"A";10.18;"A";87.95;"A";1009.18;"A";15;"A";1;"A";5;"A";150;"A";0.33;"A";336.67;"A"
"2025-01-08 03:30";97.61;"A";4212.73;"A";52.3;"A";36.12;"A";31.82;"A";18.14;"A";60;"A";20;"A";10.23;"A";88.2;"A";1009.08;"A";14;"A";1;"A";5;"A";145;"A";0;"A";273.33;"A"
"2025-01-08 03:45";97.6;"A";4212.87;"A";50.91;"A";35.17;"A";30.98;"A";18.25;"A";59.99;"A";21;"A";10.35;"A";88.08;"A";1008.8;"A";16;"A";1;"A";5;"A";146;"A";0;"A";236.67;"A"
"2025-01-08 04:00";97.6;"A";4212.8;"A";49.6;"A";34.27;"A";30.18;"A";18.27;"A";59.98;"A";21;"A";10.38;"A";88.03;"A";1008.81;"A";16;"A";1;"A";5;"A";146;"A";0;"A";276.67;"A"
"2025-01-08 04:15";97.6;"A";4213;"A";47.38;"A";32.75;"A";28.84;"A";18.34;"A";60.02;"A";21;"A";10.41;"A";88.45;"A";1008.71;"A";15;"A";1;"A";6;"A";145;"A";0;"A";196.67;"A"
"2025-01-08 04:30";97.6;"A";4212.8;"A";49.86;"A";34.45;"A";30.34;"A";18.48;"A";60.02;"A";20;"A";10.31;"A";89.42;"A";1008.57;"A";15;"A";1;"A";5;"A";145;"A";0;"A";180;"A"
"2025-01-08 04:45";97.6;"A";4212.8;"A";51.85;"A";35.82;"A";31.55;"A";18.55;"A";59.99;"A";20;"A";10.24;"A";89.82;"A";1008.74;"A";15;"A";1;"A";5;"A";144;"A";0.33;"A";200;"A"
"2025-01-08 05:00";97.6;"A";4212.8;"A";51.31;"A";35.45;"A";31.22;"A";18.46;"A";60;"A";19;"A";10.18;"A";89.89;"A";1008.68;"A";15;"A";1;"A";5;"A";144;"A";0;"A";33.33;"A"
"2025-01-08 05:15";97.6;"A";4212.8;"A";50.4;"A";34.82;"A";30.67;"A";18.48;"A";59.98;"A";20;"A";10.18;"A";89.89;"A";1008.6;"A";14;"A";1;"A";6;"A";144;"A";0;"A";110;"A"
"2025-01-08 05:30";97.6;"A";4212.8;"A";49.86;"A";34.45;"A";30.34;"A";18.53;"A";60;"A";20;"A";10.23;"A";90.32;"A";1008.51;"A";14;"A";1;"A";6;"A";142;"A";0.33;"A";113.33;"A"
"2025-01-08 05:45";97.6;"A";4212.87;"A";47.38;"A";32.75;"A";28.84;"A";18.6;"A";60.02;"A";20;"A";10.26;"A";90.27;"A";1008.47;"A";14;"A";1;"A";7;"A";142;"A";0.33;"A";93.33;"A"
"2025-01-08 06:00";97.59;"A";4212.8;"A";44.12;"A";30.51;"A";26.87;"A";18.63;"A";59.99;"A";21;"A";10.32;"A";90.12;"A";1008.31;"A";14;"A";1;"A";6;"A";136;"A";0;"A";133.33;"A"
"2025-01-08 06:15";97.59;"A";4213;"A";42.16;"A";29.17;"A";25.69;"A";18.64;"A";59.97;"A";20;"A";10.37;"A";89.77;"A";1008.18;"A";15;"A";1;"A";6;"A";133;"A";0;"A";153.33;"A"
"2025-01-08 06:30";97.59;"A";4212.73;"A";40.14;"A";27.78;"A";24.47;"A";18.64;"A";60;"A";20;"A";10.43;"A";89.67;"A";1008.22;"A";14;"A";1;"A";6;"A";134;"A";0.67;"A";133.33;"A"
"2025-01-08 06:45";97.59;"A";4212.8;"A";39.64;"A";27.44;"A";24.17;"A";18.7;"A";60;"A";21;"A";10.52;"A";89.5;"A";1008.18;"A";16;"A";1;"A";5;"A";137;"A";0;"A";110;"A"
"2025-01-08 07:00";97.59;"A";4212.87;"A";39.01;"A";27.01;"A";23.79;"A";18.74;"A";60;"A";21;"A";10.55;"A";89.45;"A";1008.2;"A";16;"A";1;"A";5;"A";131;"A";0.33;"A";203.33;"A"
"2025-01-08 07:15";97.59;"A";4212.8;"A";40.43;"A";27.98;"A";24.65;"A";18.77;"A";59.98;"A";22;"A";10.62;"A";89.31;"A";1008.2;"A";17;"A";1;"A";5;"A";138;"A";0;"A";43.33;"A"
"2025-01-08 07:30";97.59;"A";4212.87;"A";37.07;"A";25.68;"A";22.61;"A";18.8;"A";59.99;"A";22;"A";10.65;"A";89.35;"A";1008.39;"A";17;"A";1;"A";5;"A";135;"A";0.33;"A";93.33;"A"
"2025-01-08 07:45";97.59;"A";4212.8;"A";36.89;"A";25.55;"A";22.51;"A";18.78;"A";60.01;"A";21;"A";10.68;"A";89.17;"A";1008.61;"A";16;"A";1;"A";5;"A";142;"A";0.67;"A";200;"A"
"2025-01-08 08:00";97.58;"A";4212.8;"A";36.42;"A";25.23;"A";22.22;"A";18.79;"A";59.98;"A";21;"A";10.65;"A";89.18;"A";1008.86;"A";16;"A";1;"A";5;"A";140;"A";0;"A";126.67;"A"
"2025-01-08 08:15";97.58;"A";4212.93;"A";35.78;"A";24.79;"A";21.84;"A";18.81;"A";59.98;"A";21;"A";10.71;"A";88.87;"A";1008.98;"A";17;"A";1;"A";5;"A";136;"A";0;"A";116.67;"A"
"2025-01-08 08:30";97.58;"A";4212.73;"A";35.34;"A";24.49;"A";21.57;"A";18.81;"A";59.97;"A";21;"A";10.79;"A";88.62;"A";1009.01;"A";17;"A";1;"A";5;"A";139;"A";0;"A";60;"A"
"2025-01-08 08:45";97.58;"A";4212.8;"A";36.3;"A";25.15;"A";22.15;"A";18.77;"A";59.98;"A";22;"A";10.86;"A";88.25;"A";1008.96;"A";16;"A";1;"A";6;"A";143;"A";0;"A";260;"A"
"2025-01-08 09:00";97.58;"A";4212.8;"A";35.32;"A";24.48;"A";21.56;"A";18.74;"A";59.98;"A";22;"A";10.87;"A";88.01;"A";1008.96;"A";16;"A";1;"A";6;"A";137;"A";0;"A";190;"A"
"2025-01-08 09:15";97.58;"A";4212.87;"A";32.99;"A";22.88;"A";20.15;"A";18.7;"A";59.98;"A";22;"A";10.95;"A";87.46;"A";1008.86;"A";17;"A";1;"A";5;"A";136;"A";0;"A";46.67;"A"
"2025-01-08 09:30";97.58;"A";4212.73;"A";31.8;"A";22.06;"A";19.43;"A";18.72;"A";59.99;"A";22;"A";11.02;"A";87.07;"A";1008.95;"A";16;"A";1;"A";6;"A";139;"A";0;"A";23.33;"A"
"2025-01-08 09:45";97.58;"A";4212.87;"A";30.88;"A";21.43;"A";18.88;"A";18.68;"A";59.97;"A";22;"A";11.14;"A";86.41;"A";1009.07;"A";16;"A";1;"A";6;"A";129;"A";0;"A";63.33;"A"
"2025-01-08 10:00";97.58;"A";4212.8;"A";30.2;"A";20.97;"A";18.47;"A";18.63;"A";59.98;"A";22;"A";11.28;"A";85.57;"A";1009.46;"A";17;"A";1;"A";5;"A";137;"A";0;"A";233.33;"A"
"2025-01-08 10:15";97.58;"A";4213;"A";28.08;"A";19.51;"A";17.18;"A";18.63;"A";59.98;"A";22;"A";11.42;"A";84.98;"A";1009.61;"A";16;"A";1;"A";7;"A";141;"A";0;"A";226.67;"A"
"2025-01-08 10:30";97.58;"A";4212.8;"A";26.74;"A";18.59;"A";16.37;"A";18.6;"A";59.96;"A";23;"A";11.47;"A";84.39;"A";1009.55;"A";15;"A";1;"A";8;"A";137;"A";0.33;"A";73.33;"A"
"2025-01-08 10:45";97.58;"A";4212.8;"A";27.66;"A";19.22;"A";16.93;"A";18.49;"A";60.01;"A";23;"A";11.61;"A";83.43;"A";1009.23;"A";15;"A";1;"A";8;"A";134;"A";0;"A";43.33;"A"
"2025-01-08 11:00";97.58;"A";4212.8;"A";26.96;"A";18.74;"A";16.51;"A";18.54;"A";59.92;"A";22;"A";11.83;"A";82.65;"A";1008.86;"A";16;"A";1;"A";6;"A";133;"A";0;"A";16.67;"A"
"2025-01-08 11:15";97.58;"A";4212.87;"A";27.19;"A";18.9;"A";16.64;"A";18.54;"A";59.96;"A";22;"A";12.07;"A";81.49;"A";1008.72;"A";16;"A";0;"A";7;"A";135;"A";0;"A";186.67;"A"
"2025-01-08 11:30";97.58;"A";4212.87;"A";26.94;"A";18.72;"A";16.49;"A";18.55;"A";60;"A";23;"A";12.16;"A";81.04;"A";1008.74;"A";14;"A";1;"A";9;"A";207;"A";0;"A";190;"A"
"2025-01-08 11:45";97.58;"A";4212.73;"A";25.12;"A";17.48;"A";15.4;"A";18.52;"A";59.98;"A";23;"A";12.33;"A";80.25;"A";1008.71;"A";15;"A";1;"A";8;"A";176;"A";0;"A";333.33;"A"
"2025-01-08 12:00";97.58;"A";4212.87;"A";25.42;"A";17.69;"A";15.58;"A";18.59;"A";59.89;"A";22;"A";12.41;"A";79.86;"A";1008.55;"A";16;"A";1;"A";6;"A";146;"A";0;"A";60;"A"
"2025-01-08 12:15";97.57;"A";4212.93;"A";25.37;"A";17.62;"A";15.43;"A";18.55;"A";59.97;"A";23;"A";12.59;"A";79.01;"A";1008.06;"A";15;"A";1;"A";7;"A";144;"A";0;"A";240;"A"
"2025-01-08 12:30";97.57;"A";4212.93;"A";24.39;"A";16.99;"A";14.8;"A";18.58;"A";59.98;"A";23;"A";12.74;"A";78.66;"A";1007.78;"A";16;"A";1;"A";8;"A";142;"A";0;"A";203.33;"A"
"2025-01-08 12:45";97.51;"A";4196.13;"A";28.28;"A";18.8;"A";14.35;"A";18.56;"A";59.86;"A";23;"A";12.87;"A";77.48;"A";1007.74;"A";17;"A";1;"A";6;"A";144;"A";0;"A";86.67;"A"
"2025-01-08 13:00";97.32;"A";4201.53;"A";28.93;"A";18.74;"A";13.89;"A";18.47;"A";59.91;"A";23;"A";12.9;"A";77.2;"A";1007.55;"A";17;"A";1;"A";6;"A";138;"A";0;"A";350;"A"
"2025-01-08 13:15";97.4;"A";4210.87;"A";28.26;"A";20.04;"A";13.72;"A";18.45;"A";59.81;"A";23;"A";12.87;"A";77.19;"A";1007.59;"A";17;"A";1;"A";6;"A";136;"A";0;"A";23.33;"A"
"2025-01-08 13:30";97.46;"A";4211.8;"A";26.56;"A";17.49;"A";13.23;"A";18.45;"A";59.94;"A";23;"A";12.86;"A";77.32;"A";1007.66;"A";16;"A";1;"A";7;"A";139;"A";0;"A";186.67;"A"
"2025-01-08 13:45";97.5;"A";4212;"A";25.15;"A";16.97;"A";12.82;"A";18.49;"A";59.87;"A";23;"A";12.97;"A";76.71;"A";1007.72;"A";17;"A";1;"A";6;"A";136;"A";0.33;"A";83.33;"A"
"2025-01-08 14:00";97.52;"A";4212.8;"A";27.38;"A";17.89;"A";11.95;"A";18.54;"A";59.61;"A";24;"A";13.07;"A";76.12;"A";1007.54;"A";17;"A";0;"A";7;"A";141;"A";0;"A";90;"A"
"2025-01-08 14:15";97.54;"A";4212.87;"A";29.71;"A";18.86;"A";12.68;"A";18.61;"A";59.62;"A";25;"A";13.15;"A";76.34;"A";1007.42;"A";17;"A";0;"A";8;"A";154;"A";0;"A";36.67;"A"
"2025-01-08 14:30";97.55;"A";4212.8;"A";29.33;"A";18.77;"A";12.67;"A";18.68;"A";59.52;"A";24;"A";13.19;"A";76.11;"A";1007.51;"A";14;"A";0;"A";10;"A";156;"A";0;"A";130;"A"
"2025-01-08 14:45";97.56;"A";4207.93;"A";27.54;"A";17.51;"A";11.71;"A";18.73;"A";59.2;"A";23;"A";13.24;"A";75.68;"A";1007.53;"A";14;"A";1;"A";9;"A";159;"A";0;"A";140;"A"
"2025-01-08 15:00";97.39;"A";4197.53;"A";24.74;"A";15.62;"A";10.71;"A";18.79;"A";58.52;"A";23;"A";13.35;"A";74.7;"A";1007.48;"A";16;"A";1;"A";7;"A";159;"A";0;"A";200;"A"
"2025-01-08 15:15";97.43;"A";4211.33;"A";32.22;"A";18.3;"A";11.34;"A";18.84;"A";58.43;"A";22;"A";13.31;"A";74.94;"A";1007.59;"A";15;"A";1;"A";8;"A";158;"A";0.33;"A";133.33;"A"
"2025-01-08 15:30";97.48;"A";4211.8;"A";24.54;"A";14.97;"A";9.91;"A";18.82;"A";57.74;"A";24;"A";13.16;"A";74.57;"A";1007.45;"A";16;"A";1;"A";7;"A";144;"A";0;"A";126.67;"A"
"2025-01-08 15:45";97.51;"A";4212.4;"A";27.65;"A";16.4;"A";10.78;"A";18.74;"A";57.55;"A";24;"A";13.03;"A";74.76;"A";1007.28;"A";16;"A";1;"A";8;"A";154;"A";0;"A";196.67;"A"
"2025-01-08 16:00";97.53;"A";4212.8;"A";26.06;"A";17.78;"A";11.92;"A";18.57;"A";58.13;"A";23;"A";12.74;"A";75.92;"A";1007.46;"A";14;"A";1;"A";9;"A";227;"A";0.33;"A";170;"A"
"2025-01-08 16:15";97.55;"A";4213;"A";36.31;"A";21.44;"A";13.54;"A";18.35;"A";58.5;"A";23;"A";12.49;"A";76.56;"A";1007.6;"A";13;"A";1;"A";10;"A";192;"A";0.33;"A";153.33;"A"
"2025-01-08 16:30";97.55;"A";4206.07;"A";32.08;"A";19.34;"A";12.81;"A";18.07;"A";59.07;"A";23;"A";11.96;"A";78.14;"A";1008.03;"A";11;"A";1;"A";12;"A";198;"A";0;"A";143.33;"A"
"2025-01-08 16:45";97.4;"A";4201;"A";29.39;"A";19.14;"A";13.41;"A";17.69;"A";59.78;"A";25;"A";11.53;"A";79.56;"A";1007.97;"A";6;"A";1;"A";20;"A";356;"A";0;"A";193.33;"A"
"2025-01-08 17:00";97.45;"A";4211.67;"A";20.65;"A";14.41;"A";12.7;"A";17.58;"A";60.14;"A";24;"A";11.31;"A";80.52;"A";1007.7;"A";7;"A";2;"A";17;"A";272;"A";0;"A";143.33;"A"
"2025-01-08 17:15";97.49;"A";4211.93;"A";17.91;"A";12.53;"A";11.04;"A";17.66;"A";59.96;"A";23;"A";11.61;"A";79.16;"A";1007.79;"A";12;"A";1;"A";11;"A";167;"A";0;"A";126.67;"A"
"2025-01-08 17:30";97.52;"A";4212.6;"A";18.76;"A";13.12;"A";11.55;"A";17.56;"A";59.94;"A";24;"A";11.47;"A";79.14;"A";1007.96;"A";11;"A";1;"A";14;"A";174;"A";0;"A";86.67;"A"
"2025-01-08 17:45";97.54;"A";4212.8;"A";18.45;"A";12.9;"A";11.37;"A";17.41;"A";59.99;"A";24;"A";11.37;"A";79.36;"A";1007.8;"A";12;"A";1;"A";12;"A";164;"A";0;"A";83.33;"A"
"2025-01-08 18:00";97.55;"A";4212.8;"A";17.51;"A";12.26;"A";10.8;"A";17.35;"A";60.03;"A";24;"A";11.28;"A";79.55;"A";1007.6;"A";14;"A";1;"A";9;"A";154;"A";0;"A";170;"A"
"2025-01-08 18:15";97.56;"A";4213;"A";18.39;"A";12.86;"A";11.33;"A";17.44;"A";60.05;"A";23;"A";11.09;"A";80.72;"A";1007.77;"A";15;"A";1;"A";8;"A";152;"A";0;"A";246.67;"A"
"2025-01-08 18:30";97.56;"A";4212.87;"A";19.08;"A";13.34;"A";11.75;"A";17.5;"A";60.01;"A";23;"A";10.95;"A";81.63;"A";1007.8;"A";16;"A";1;"A";8;"A";150;"A";0;"A";330;"A"
"2025-01-08 18:45";97.57;"A";4212.8;"A";18.57;"A";12.99;"A";11.44;"A";17.43;"A";59.99;"A";22;"A";10.74;"A";81.96;"A";1007.91;"A";16;"A";1;"A";6;"A";135;"A";0;"A";190;"A"
"2025-01-08 19:00";97.57;"A";4212.73;"A";18.47;"A";12.92;"A";11.38;"A";17.23;"A";59.98;"A";22;"A";10.57;"A";81.99;"A";1007.75;"A";17;"A";1;"A";5;"A";132;"A";0;"A";130;"A"
"2025-01-08 19:15";97.57;"A";4212.8;"A";18.5;"A";12.94;"A";11.4;"A";17.04;"A";60.02;"A";22;"A";10.34;"A";82.29;"A";1007.59;"A";17;"A";1;"A";5;"A";138;"A";0;"A";273.33;"A"
"2025-01-08 19:30";97.57;"A";4212.8;"A";19.94;"A";13.92;"A";12.26;"A";16.9;"A";59.97;"A";22;"A";10.15;"A";82.41;"A";1007.33;"A";16;"A";1;"A";6;"A";145;"A";0.33;"A";350;"A"
"2025-01-08 19:45";97.57;"A";4212.87;"A";19.49;"A";13.62;"A";12;"A";16.68;"A";59.99;"A";22;"A";9.92;"A";82.59;"A";1007.46;"A";15;"A";1;"A";7;"A";148;"A";0.67;"A";343.33;"A"
"2025-01-08 20:00";97.57;"A";4212.8;"A";18.78;"A";13.13;"A";11.56;"A";16.51;"A";60.03;"A";22;"A";9.7;"A";83.13;"A";1007.53;"A";15;"A";1;"A";7;"A";142;"A";0;"A";6.67;"A"
"2025-01-08 20:15";97.57;"A";4212.93;"A";18.61;"A";13.01;"A";11.46;"A";16.51;"A";60.04;"A";22;"A";9.56;"A";84.06;"A";1007.56;"A";16;"A";1;"A";6;"A";130;"A";0;"A";73.33;"A"
"2025-01-08 20:30";97.57;"A";4212.73;"A";20.01;"A";13.97;"A";12.31;"A";16.57;"A";60;"A";21;"A";9.41;"A";84.77;"A";1007.62;"A";15;"A";1;"A";6;"A";131;"A";0;"A";46.67;"A"
"2025-01-08 20:45";97.57;"A";4212.8;"A";20.97;"A";14.63;"A";12.89;"A";16.52;"A";60.02;"A";21;"A";9.25;"A";85.34;"A";1007.39;"A";14;"A";1;"A";7;"A";136;"A";0;"A";160;"A"
"2025-01-08 21:00";97.57;"A";4212.87;"A";22.14;"A";15.43;"A";13.59;"A";16.47;"A";60.01;"A";22;"A";9.07;"A";85.93;"A";1007.32;"A";13;"A";1;"A";9;"A";140;"A";0;"A";76.67;"A"
"2025-01-08 21:15";97.57;"A";4212.87;"A";23.29;"A";16.22;"A";14.29;"A";16.44;"A";60.01;"A";22;"A";8.95;"A";86.39;"A";1007.3;"A";12;"A";1;"A";10;"A";147;"A";0;"A";260;"A"
"2025-01-08 21:30";97.57;"A";4212.8;"A";24.44;"A";17.01;"A";14.98;"A";16.44;"A";60.03;"A";21;"A";8.85;"A";86.88;"A";1007.41;"A";11;"A";1;"A";10;"A";152;"A";0.33;"A";270;"A"
"2025-01-08 21:45";97.57;"A";4212.87;"A";25.84;"A";17.97;"A";15.83;"A";16.42;"A";60.01;"A";21;"A";8.7;"A";87.46;"A";1007.59;"A";10;"A";1;"A";10;"A";149;"A";0;"A";120;"A"
"2025-01-08 22:00";97.57;"A";4212.8;"A";25.55;"A";17.77;"A";15.66;"A";16.39;"A";60.01;"A";20;"A";8.64;"A";87.77;"A";1007.6;"A";11;"A";2;"A";9;"A";146;"A";0;"A";226.67;"A"
"2025-01-08 22:15";97.56;"A";4213;"A";25.39;"A";17.67;"A";15.56;"A";16.35;"A";59.99;"A";21;"A";8.64;"A";87.85;"A";1007.38;"A";10;"A";1;"A";11;"A";148;"A";0;"A";120;"A"
"2025-01-08 22:30";97.56;"A";4212.87;"A";24.68;"A";17.18;"A";15.13;"A";16.3;"A";59.99;"A";21;"A";8.58;"A";87.89;"A";1007.59;"A";9;"A";1;"A";12;"A";146;"A";0;"A";36.67;"A"
"2025-01-08 22:45";97.56;"A";4212.87;"A";23.92;"A";16.66;"A";14.67;"A";16.27;"A";59.99;"A";20;"A";8.61;"A";87.74;"A";1007.45;"A";10;"A";1;"A";10;"A";143;"A";0;"A";120;"A"
"2025-01-08 23:00";97.56;"A";4212.87;"A";22.64;"A";15.78;"A";13.9;"A";16.11;"A";59.98;"A";19;"A";8.64;"A";86.95;"A";1007.31;"A";11;"A";1;"A";8;"A";146;"A";0;"A";276.67;"A"
"2025-01-08 23:15";97.56;"A";4212.87;"A";22.09;"A";15.4;"A";13.56;"A";15.98;"A";59.95;"A";21;"A";8.66;"A";86.03;"A";1007.22;"A";10;"A";1;"A";11;"A";143;"A";0;"A";133.33;"A"
"2025-01-08 23:30";97.56;"A";4212.8;"A";21.4;"A";14.92;"A";13.15;"A";15.83;"A";59.97;"A";20;"A";8.7;"A";85.43;"A";1007.13;"A";11;"A";1;"A";10;"A";146;"A";0;"A";143.33;"A"
"2025-01-08 23:45";97.56;"A";4212.87;"A";20.47;"A";14.29;"A";12.58;"A";15.77;"A";59.99;"A";21;"A";8.75;"A";85.08;"A";1007.25;"A";8;"A";1;"A";12;"A";147;"A";0;"A";160;"A"
"2025-01-09 00:00";97.56;"A";4212.8;"A";19.21;"A";13.42;"A";11.82;"A";15.71;"A";59.98;"A";22;"A";8.89;"A";84.19;"A";1007.03;"A";10;"A";1;"A";12;"A";148;"A";0.33;"A";160;"A"
"2025-01-09 00:15";97.56;"A";4213;"A";18.58;"A";12.99;"A";11.44;"A";15.7;"A";59.98;"A";21;"A";8.97;"A";83.82;"A";1007.25;"A";10;"A";1;"A";11;"A";137;"A";0.33;"A";163.33;"A"
"2025-01-09 00:30";97.56;"A";4212.87;"A";17.23;"A";12.07;"A";10.63;"A";15.65;"A";59.97;"A";19;"A";8.99;"A";83.43;"A";1007.45;"A";13;"A";2;"A";7;"A";124;"A";0;"A";150;"A"
"2025-01-09 00:45";97.56;"A";4212.93;"A";16.68;"A";11.69;"A";10.3;"A";15.52;"A";60;"A";19;"A";8.82;"A";83.63;"A";1007.67;"A";13;"A";1;"A";6;"A";122;"A";0.33;"A";153.33;"A"
"2025-01-09 01:00";97.56;"A";4212.87;"A";16.95;"A";11.87;"A";10.46;"A";15.43;"A";60.01;"A";19;"A";8.65;"A";83.92;"A";1007.83;"A";12;"A";1;"A";7;"A";122;"A";0.33;"A";126.67;"A"
"2025-01-09 01:15";97.56;"A";4212.8;"A";16.99;"A";11.9;"A";10.48;"A";15.35;"A";59.99;"A";19;"A";8.45;"A";84.58;"A";1007.68;"A";11;"A";1;"A";8;"A";125;"A";0.67;"A";113.33;"A"
"2025-01-09 01:30";97.56;"A";4212.87;"A";17.2;"A";12.05;"A";10.61;"A";15.3;"A";59.99;"A";19;"A";8.31;"A";84.95;"A";1007.8;"A";10;"A";2;"A";9;"A";126;"A";0.33;"A";123.33;"A"
"2025-01-09 01:45";97.56;"A";4212.87;"A";17.07;"A";11.95;"A";10.53;"A";15.29;"A";60.03;"A";19;"A";8.31;"A";85.26;"A";1008.02;"A";11;"A";2;"A";8;"A";125;"A";0.33;"A";103.33;"A"
"2025-01-09 02:00";97.56;"A";4212.87;"A";17.17;"A";12.02;"A";10.59;"A";15.37;"A";60;"A";19;"A";8.42;"A";84.98;"A";1008.13;"A";12;"A";1;"A";7;"A";125;"A";0.33;"A";236.67;"A"
"2025-01-09 02:15";97.56;"A";4212.93;"A";17.57;"A";12.3;"A";10.83;"A";15.38;"A";60.02;"A";18;"A";8.43;"A";84.97;"A";1008.23;"A";12;"A";2;"A";7;"A";126;"A";0;"A";156.67;"A"
"2025-01-09 02:30";97.55;"A";4212.87;"A";17.98;"A";12.58;"A";11.08;"A";15.37;"A";59.97;"A";19;"A";8.46;"A";84.79;"A";1008.38;"A";11;"A";1;"A";7;"A";128;"A";0;"A";76.67;"A"
"2025-01-09 02:45";97.55;"A";4212.8;"A";17.87;"A";12.5;"A";11.01;"A";15.33;"A";60.01;"A";19;"A";8.37;"A";84.89;"A";1008.41;"A";11;"A";1;"A";9;"A";129;"A";0.33;"A";186.67;"A"
"2025-01-09 03:00";97.55;"A";4212.93;"A";18.52;"A";12.95;"A";11.41;"A";15.27;"A";60.03;"A";18;"A";8.28;"A";85.14;"A";1008.7;"A";10;"A";2;"A";8;"A";134;"A";0;"A";130;"A"
"2025-01-09 03:15";97.55;"A";4212.8;"A";18.52;"A";12.95;"A";11.41;"A";15.31;"A";59.99;"A";18;"A";8.28;"A";85.22;"A";1008.72;"A";10;"A";2;"A";8;"A";128;"A";0;"A";123.33;"A"
"2025-01-09 03:30";97.55;"A";4212.8;"A";18.52;"A";12.95;"A";11.41;"A";15.28;"A";59.99;"A";18;"A";8.24;"A";85.25;"A";1008.85;"A";10;"A";2;"A";8;"A";131;"A";0;"A";183.33;"A"
"2025-01-09 03:45";97.55;"A";4212.87;"A";18.5;"A";12.94;"A";11.4;"A";15.32;"A";60;"A";18;"A";8.26;"A";85.49;"A";1008.98;"A";10;"A";2;"A";8;"A";131;"A";0.33;"A";130;"A"
"2025-01-09 04:00";97.55;"A";4212.87;"A";18.72;"A";13.09;"A";11.53;"A";15.33;"A";59.97;"A";18;"A";8.38;"A";85.11;"A";1008.96;"A";9;"A";1;"A";9;"A";132;"A";0;"A";160;"A"
"2025-01-09 04:15";97.55;"A";4213;"A";19.1;"A";13.35;"A";11.76;"A";15.37;"A";59.95;"A";17;"A";8.43;"A";84.82;"A";1009.48;"A";10;"A";2;"A";8;"A";136;"A";0;"A";116.67;"A"
"2025-01-09 04:30";97.55;"A";4212.87;"A";18.98;"A";13.27;"A";11.69;"A";15.22;"A";59.97;"A";16;"A";8.25;"A";84.87;"A";1009.79;"A";9;"A";2;"A";7;"A";133;"A";0.33;"A";120;"A"
"2025-01-09 04:45";97.55;"A";4212.87;"A";20.47;"A";14.29;"A";12.58;"A";15.06;"A";60.02;"A";16;"A";8.03;"A";85.37;"A";1009.87;"A";10;"A";3;"A";6;"A";135;"A";0;"A";133.33;"A"
"2025-01-09 05:00";97.54;"A";4212.87;"A";21.01;"A";14.66;"A";12.91;"A";14.95;"A";59.98;"A";15;"A";7.84;"A";85.46;"A";1009.89;"A";10;"A";2;"A";5;"A";134;"A";0;"A";200;"A"
"2025-01-09 05:15";97.54;"A";4212.8;"A";19.83;"A";13.85;"A";12.2;"A";14.83;"A";60.02;"A";15;"A";7.63;"A";86.11;"A";1010.2;"A";9;"A";3;"A";5;"A";131;"A";0;"A";243.33;"A"
"2025-01-09 05:30";97.54;"A";4212.8;"A";19.51;"A";13.63;"A";12;"A";14.77;"A";60.05;"A";15;"A";7.49;"A";86.78;"A";1010.45;"A";9;"A";2;"A";6;"A";133;"A";0;"A";270;"A"
"2025-01-09 05:45";97.54;"A";4212.87;"A";20.59;"A";14.37;"A";12.66;"A";14.71;"A";59.99;"A";16;"A";7.32;"A";87.11;"A";1010.79;"A";8;"A";2;"A";8;"A";138;"A";0;"A";256.67;"A"
"2025-01-09 06:00";97.54;"A";4212.93;"A";21.09;"A";14.71;"A";12.96;"A";14.58;"A";60;"A";16;"A";7.14;"A";87.26;"A";1010.92;"A";6;"A";2;"A";10;"A";145;"A";0;"A";316.67;"A"
"2025-01-09 06:15";97.54;"A";4212.87;"A";21.63;"A";15.08;"A";13.28;"A";14.42;"A";59.99;"A";16;"A";6.9;"A";87.73;"A";1011.13;"A";4;"A";2;"A";12;"A";149;"A";0;"A";163.33;"A"
"2025-01-09 06:30";97.54;"A";4212.87;"A";21.99;"A";15.33;"A";13.5;"A";14.23;"A";60.04;"A";15;"A";6.64;"A";88.18;"A";1011.17;"A";3;"A";3;"A";13;"A";149;"A";0;"A";140;"A"
"2025-01-09 06:45";97.54;"A";4212.87;"A";22.02;"A";15.35;"A";13.52;"A";14.03;"A";60;"A";14;"A";6.36;"A";88.46;"A";1011.36;"A";3;"A";3;"A";11;"A";150;"A";0;"A";126.67;"A"
"2025-01-09 07:00";97.54;"A";4212.8;"A";22.1;"A";15.41;"A";13.57;"A";13.94;"A";59.96;"A";14;"A";6.21;"A";89.15;"A";1011.46;"A";3;"A";3;"A";11;"A";155;"A";0;"A";186.67;"A"
"2025-01-09 07:15";97.54;"A";4213;"A";24.55;"A";17.09;"A";15.05;"A";13.89;"A";60.03;"A";14;"A";6.07;"A";89.62;"A";1011.58;"A";4;"A";3;"A";11;"A";166;"A";0;"A";270;"A"
"2025-01-09 07:30";97.54;"A";4213;"A";25.77;"A";17.92;"A";15.79;"A";13.86;"A";60;"A";14;"A";5.96;"A";89.97;"A";1011.81;"A";4;"A";3;"A";10;"A";183;"A";0;"A";223.33;"A"
"2025-01-09 07:45";97.54;"A";4213;"A";27.35;"A";19.01;"A";16.74;"A";13.77;"A";59.96;"A";13;"A";5.87;"A";90.16;"A";1012.05;"A";3;"A";4;"A";10;"A";272;"A";0.33;"A";130;"A"
"2025-01-09 08:00";97.54;"A";4212.93;"A";28.38;"A";19.71;"A";17.36;"A";13.3;"A";60.25;"A";13;"A";5.64;"A";89.55;"A";1012.12;"A";2;"A";4;"A";11;"A";284;"A";0;"A";216.67;"A"
"2025-01-09 08:15";97.54;"A";4213.07;"A";27.49;"A";19.11;"A";16.83;"A";13.58;"A";60.04;"A";13;"A";5.73;"A";90.26;"A";1012.23;"A";2;"A";4;"A";11;"A";222;"A";0;"A";146.67;"A"
"2025-01-09 08:30";97.53;"A";4212.8;"A";31.22;"A";21.66;"A";19.08;"A";13.88;"A";59.86;"A";13;"A";6.04;"A";89.47;"A";1012.52;"A";2;"A";4;"A";12;"A";364;"A";0;"A";180;"A"
"2025-01-09 08:45";97.53;"A";4212.87;"A";32.96;"A";22.86;"A";20.13;"A";13.9;"A";59.91;"A";14;"A";6.32;"A";88.67;"A";1012.76;"A";1;"A";4;"A";14;"A";543;"A";0.33;"A";233.33;"A"
"2025-01-09 09:00";97.53;"A";4212.87;"A";58.65;"A";40.48;"A";35.65;"A";13.88;"A";59.87;"A";16;"A";6.51;"A";87.44;"A";1013.09;"A";0;"A";9;"A";16;"A";1059;"A";0;"A";200;"A"
"2025-01-09 09:15";97.53;"A";4212.73;"A";55.23;"A";38.13;"A";33.58;"A";13.97;"A";60.04;"A";18;"A";6.69;"A";87.35;"A";1013.22;"A";0;"A";9;"A";18;"A";960;"A";0.33;"A";176.67;"A"
"2025-01-09 09:30";97.53;"A";4212.87;"A";57.62;"A";39.77;"A";35.03;"A";14.18;"A";60;"A";17;"A";6.96;"A";87.18;"A";1013.39;"A";0;"A";9;"A";18;"A";921;"A";0.67;"A";186.67;"A"
"2025-01-09 09:45";97.53;"A";4212.93;"A";38.28;"A";26.5;"A";23.34;"A";14.51;"A";59.93;"A";14;"A";7.43;"A";85.97;"A";1013.7;"A";2;"A";7;"A";13;"A";530;"A";0;"A";293.33;"A"
"2025-01-09 10:00";97.53;"A";4212.93;"A";29.68;"A";20.61;"A";18.15;"A";14.52;"A";59.94;"A";13;"A";7.85;"A";84.25;"A";1013.81;"A";5;"A";5;"A";8;"A";257;"A";0;"A";263.33;"A"
"2025-01-09 10:15";97.53;"A";4213;"A";32.95;"A";22.85;"A";20.12;"A";14.58;"A";59.91;"A";13;"A";8.16;"A";82.89;"A";1013.92;"A";5;"A";5;"A";8;"A";243;"A";0;"A";316.67;"A"
"2025-01-09 10:30";97.53;"A";4212.8;"A";37.5;"A";25.97;"A";22.88;"A";14.57;"A";59.98;"A";16;"A";8.33;"A";82.2;"A";1013.97;"A";5;"A";4;"A";11;"A";330;"A";0;"A";323.33;"A"
"2025-01-09 10:45";97.53;"A";4212.87;"A";33.68;"A";23.35;"A";20.56;"A";14.54;"A";60.01;"A";16;"A";8.71;"A";80.65;"A";1013.6;"A";6;"A";4;"A";10;"A";245;"A";0;"A";303.33;"A"
"2025-01-09 11:00";97.53;"A";4211.33;"A";31.57;"A";22.19;"A";18.39;"A";14.8;"A";59.77;"A";15;"A";9.68;"A";76.75;"A";1013.65;"A";6;"A";3;"A";8;"A";250;"A";0;"A";266.67;"A"
"2025-01-09 11:15";97.38;"A";4191.73;"A";30.07;"A";24.19;"A";16.75;"A";15.09;"A";58.78;"A";15;"A";10.28;"A";74.15;"A";1013.43;"A";8;"A";2;"A";7;"A";245;"A";0;"A";230;"A"
"2025-01-09 11:30";97.36;"A";4211.13;"A";29.93;"A";23.38;"A";16.84;"A";15.63;"A";57.46;"A";17;"A";10.31;"A";74.23;"A";1013.41;"A";6;"A";3;"A";11;"A";264;"A";0;"A";313.33;"A"
"2025-01-09 11:45";97.42;"A";4211.87;"A";32.17;"A";25.6;"A";18.19;"A";15.84;"A";56.75;"A";20;"A";10.34;"A";73.9;"A";1013.54;"A";6;"A";3;"A";14;"A";289;"A";0;"A";276.67;"A"
"2025-01-09 12:00";97.46;"A";4212.73;"A";34.59;"A";27.22;"A";19.47;"A";15.86;"A";56.34;"A";20;"A";10.45;"A";73.18;"A";1013.45;"A";7;"A";3;"A";14;"A";300;"A";0.33;"A";230;"A"
"2025-01-09 12:15";97.48;"A";4212.6;"A";36.97;"A";29.35;"A";20.84;"A";15.92;"A";56.65;"A";22;"A";10.65;"A";73.52;"A";1013.59;"A";5;"A";3;"A";17;"A";633;"A";0;"A";93.33;"A"
"2025-01-09 12:30";97.5;"A";4212.8;"A";38.64;"A";30;"A";21.41;"A";16.06;"A";56.46;"A";21;"A";10.83;"A";72.14;"A";1013.55;"A";5;"A";3;"A";16;"A";337;"A";0;"A";133.33;"A"
"2025-01-09 12:45";97.51;"A";4212.8;"A";39.76;"A";30.99;"A";22.1;"A";16.25;"A";56.23;"A";22;"A";11.09;"A";71.88;"A";1013.52;"A";4;"A";2;"A";17;"A";343;"A";0;"A";140;"A"
"2025-01-09 13:00";97.51;"A";4212.73;"A";41.47;"A";32.11;"A";23.13;"A";16.48;"A";55.83;"A";23;"A";11.29;"A";70.93;"A";1013.39;"A";5;"A";2;"A";18;"A";338;"A";0;"A";316.67;"A"
"2025-01-09 13:15";97.49;"A";4207.27;"A";45.18;"A";33.99;"A";24.16;"A";16.69;"A";55.43;"A";23;"A";11.51;"A";70.42;"A";1013.29;"A";4;"A";2;"A";19;"A";368;"A";0.33;"A";123.33;"A"
"2025-01-09 13:30";97.46;"A";4212.07;"A";43.22;"A";33.03;"A";23.44;"A";16.9;"A";55.29;"A";23;"A";11.8;"A";69.59;"A";1013.16;"A";4;"A";2;"A";19;"A";364;"A";0;"A";116.67;"A"
"2025-01-09 13:45";97.49;"A";4212.8;"A";50.14;"A";37.52;"A";25.84;"A";17.16;"A";53.9;"A";23;"A";12.15;"A";67.34;"A";1013;"A";6;"A";2;"A";18;"A";370;"A";0.33;"A";173.33;"A"
"2025-01-09 14:00";97.5;"A";4213;"A";60.37;"A";44.26;"A";30.45;"A";17.45;"A";52.94;"A";24;"A";12.44;"A";66.54;"A";1012.92;"A";8;"A";2;"A";17;"A";403;"A";0;"A";96.67;"A"
"2025-01-09 14:15";97.51;"A";4212.8;"A";53.85;"A";39.48;"A";27.66;"A";17.72;"A";52.6;"A";23;"A";12.62;"A";66.61;"A";1012.98;"A";9;"A";1;"A";15;"A";306;"A";0;"A";56.67;"A"
"2025-01-09 14:30";97.45;"A";4195.87;"A";49.73;"A";35.83;"A";25.41;"A";17.94;"A";52.44;"A";23;"A";12.73;"A";65.97;"A";1013;"A";10;"A";1;"A";13;"A";265;"A";0;"A";73.33;"A"
"2025-01-09 14:45";97.26;"A";4201.4;"A";56.65;"A";43;"A";29.9;"A";18.07;"A";51.82;"A";25;"A";12.7;"A";66.22;"A";1012.92;"A";7;"A";2;"A";18;"A";364;"A";0;"A";103.33;"A"
"2025-01-09 15:00";97.35;"A";4210.8;"A";52.58;"A";39.59;"A";28.02;"A";18.11;"A";52.73;"A";25;"A";12.66;"A";67.72;"A";1013.04;"A";7;"A";2;"A";17;"A";445;"A";0.33;"A";106.67;"A"
"2025-01-09 15:15";97.41;"A";4211.8;"A";45.42;"A";32.9;"A";23.44;"A";18.12;"A";53.47;"A";23;"A";12.67;"A";68.41;"A";1013.03;"A";7;"A";3;"A";16;"A";562;"A";0;"A";126.67;"A"
"2025-01-09 15:30";97.45;"A";4211.93;"A";26.89;"A";19.79;"A";13.81;"A";18.08;"A";52.87;"A";24;"A";12.48;"A";68.04;"A";1012.98;"A";9;"A";2;"A";15;"A";381;"A";0.33;"A";133.33;"A"
"2025-01-09 15:45";97.48;"A";4212.8;"A";22.03;"A";16.53;"A";11.96;"A";18;"A";53.45;"A";23;"A";12.39;"A";69.26;"A";1013.01;"A";10;"A";2;"A";13;"A";339;"A";0;"A";90;"A"
"2025-01-09 16:00";97.49;"A";4212.87;"A";24.73;"A";18.86;"A";13.41;"A";17.88;"A";54;"A";23;"A";12.18;"A";70.13;"A";1012.99;"A";10;"A";2;"A";13;"A";449;"A";0;"A";126.67;"A"
"2025-01-09 16:15";97.5;"A";4212.87;"A";32.32;"A";24.32;"A";17.4;"A";17.69;"A";54.49;"A";23;"A";11.86;"A";71.28;"A";1013.22;"A";7;"A";2;"A";17;"A";468;"A";0;"A";273.33;"A"
"2025-01-09 16:30";97.51;"A";4212.8;"A";40.06;"A";31.09;"A";21.32;"A";17.41;"A";55.26;"A";23;"A";11.46;"A";73.05;"A";1013.23;"A";5;"A";3;"A";17;"A";417;"A";0;"A";273.33;"A"
"2025-01-09 16:45";97.51;"A";4212.8;"A";49.65;"A";37.87;"A";25.96;"A";17.09;"A";56.68;"A";21;"A";11.1;"A";75.14;"A";1013.1;"A";6;"A";2;"A";15;"A";305;"A";0;"A";123.33;"A"
"2025-01-09 17:00";97.52;"A";4212.8;"A";44.98;"A";33.76;"A";23.07;"A";16.75;"A";58.08;"A";20;"A";10.73;"A";76.82;"A";1013.15;"A";5;"A";3;"A";15;"A";317;"A";0;"A";176.67;"A"
"2025-01-09 17:15";97.44;"A";4201.73;"A";43.55;"A";32.18;"A";22.91;"A";16.36;"A";59.39;"A";22;"A";10.41;"A";78.48;"A";1013.03;"A";3;"A";3;"A";19;"A";364;"A";0;"A";93.33;"A"
"2025-01-09 17:30";97.43;"A";4211.87;"A";39.74;"A";27.51;"A";24.23;"A";16.15;"A";60.05;"A";20;"A";10.18;"A";79.53;"A";1013.03;"A";2;"A";3;"A";18;"A";353;"A";0;"A";166.67;"A"
"2025-01-09 17:45";97.46;"A";4212.53;"A";44.06;"A";30.47;"A";26.84;"A";16.09;"A";60.06;"A";20;"A";9.91;"A";80.34;"A";1013.16;"A";4;"A";3;"A";16;"A";319;"A";0;"A";76.67;"A"
"2025-01-09 18:00";97.49;"A";4212.8;"A";48.9;"A";33.79;"A";29.76;"A";16.04;"A";60.01;"A";19;"A";9.68;"A";81.25;"A";1013.22;"A";3;"A";3;"A";15;"A";322;"A";0;"A";83.33;"A"
"2025-01-09 18:15";97.5;"A";4213;"A";50.33;"A";34.77;"A";30.62;"A";15.99;"A";60.08;"A";20;"A";9.34;"A";82.81;"A";1013.31;"A";3;"A";4;"A";16;"A";343;"A";0.33;"A";23.33;"A"
"2025-01-09 18:30";97.51;"A";4212.8;"A";49.81;"A";34.42;"A";30.31;"A";16.19;"A";60.08;"A";17;"A";8.78;"A";86.1;"A";1013.42;"A";6;"A";4;"A";11;"A";221;"A";0;"A";70;"A"
"2025-01-09 18:45";97.51;"A";4212.87;"A";56.51;"A";39.01;"A";34.36;"A";16.19;"A";60.07;"A";16;"A";8.52;"A";87.57;"A";1013.4;"A";7;"A";4;"A";9;"A";207;"A";0.33;"A";106.67;"A"
"2025-01-09 19:00";97.52;"A";4212.8;"A";64.62;"A";44.58;"A";39.26;"A";16.35;"A";60.05;"A";16;"A";8.35;"A";89.01;"A";1013.36;"A";8;"A";3;"A";8;"A";226;"A";0.33;"A";136.67;"A"
"2025-01-09 19:15";97.52;"A";4212.87;"A";63.03;"A";43.48;"A";38.3;"A";16.35;"A";60.03;"A";17;"A";8.29;"A";89.45;"A";1013.35;"A";10;"A";3;"A";7;"A";203;"A";0;"A";56.67;"A"
"2025-01-09 19:30";97.52;"A";4212.73;"A";68.39;"A";47.16;"A";41.54;"A";16.46;"A";60;"A";17;"A";8.24;"A";90.07;"A";1013.45;"A";8;"A";3;"A";9;"A";296;"A";0;"A";86.67;"A"
"2025-01-09 19:45";97.52;"A";4212.8;"A";61.18;"A";42.22;"A";37.18;"A";16.48;"A";60.03;"A";16;"A";8.17;"A";90.83;"A";1013.41;"A";9;"A";3;"A";7;"A";212;"A";0;"A";63.33;"A"
"2025-01-09 20:00";97.52;"A";4212.87;"A";64.43;"A";44.45;"A";39.15;"A";16.78;"A";60.07;"A";17;"A";8.25;"A";91.95;"A";1013.19;"A";10;"A";3;"A";7;"A";198;"A";0.67;"A";146.67;"A"
"2025-01-09 20:15";97.52;"A";4212.87;"A";67.11;"A";46.29;"A";40.77;"A";17.01;"A";60.04;"A";17;"A";8.3;"A";93.03;"A";1013.05;"A";10;"A";3;"A";7;"A";321;"A";0.33;"A";26.67;"A"
"2025-01-09 20:30";97.52;"A";4212.8;"A";59.87;"A";41.32;"A";36.39;"A";17.23;"A";60;"A";17;"A";8.45;"A";93.39;"A";1012.85;"A";10;"A";3;"A";7;"A";360;"A";1;"A";273.33;"A"
"2025-01-09 20:45";97.51;"A";4212.87;"A";61.4;"A";42.37;"A";37.31;"A";17.39;"A";59.99;"A";17;"A";8.56;"A";93.65;"A";1012.7;"A";9;"A";2;"A";8;"A";358;"A";0;"A";50;"A"
"2025-01-09 21:00";97.51;"A";4212.87;"A";62.07;"A";42.83;"A";37.72;"A";17.54;"A";59.99;"A";17;"A";8.66;"A";93.71;"A";1012.55;"A";8;"A";2;"A";9;"A";410;"A";0;"A";123.33;"A"
"2025-01-09 21:15";97.51;"A";4212.87;"A";66.62;"A";45.95;"A";40.46;"A";17.72;"A";59.99;"A";18;"A";8.86;"A";93.47;"A";1012.59;"A";9;"A";2;"A";9;"A";466;"A";0.33;"A";163.33;"A"
"2025-01-09 21:30";97.51;"A";4212.8;"A";64.63;"A";44.58;"A";39.26;"A";17.83;"A";59.98;"A";18;"A";9.02;"A";93.18;"A";1012.52;"A";9;"A";2;"A";8;"A";394;"A";0;"A";66.67;"A"
"2025-01-09 21:45";97.51;"A";4212.73;"A";58.05;"A";40.07;"A";35.29;"A";17.85;"A";59.98;"A";18;"A";9.11;"A";92.79;"A";1012.52;"A";11;"A";2;"A";7;"A";338;"A";0.67;"A";60;"A"
"2025-01-09 22:00";97.51;"A";4212.93;"A";47.58;"A";32.89;"A";28.96;"A";17.88;"A";59.99;"A";19;"A";9.16;"A";92.54;"A";1012.58;"A";13;"A";2;"A";6;"A";246;"A";0.33;"A";106.67;"A"
"2025-01-09 22:15";97.51;"A";4212.93;"A";33.88;"A";23.49;"A";20.69;"A";17.9;"A";59.97;"A";18;"A";9.23;"A";92.46;"A";1012.47;"A";13;"A";2;"A";5;"A";147;"A";0.33;"A";136.67;"A"
"2025-01-09 22:30";97.51;"A";4212.87;"A";33.2;"A";23.02;"A";20.27;"A";17.89;"A";59.98;"A";18;"A";9.34;"A";91.79;"A";1012.56;"A";13;"A";2;"A";4;"A";125;"A";0.67;"A";136.67;"A"
"2025-01-09 22:45";97.5;"A";4212.8;"A";36.55;"A";25.32;"A";22.3;"A";17.88;"A";59.97;"A";18;"A";9.44;"A";91.06;"A";1012.4;"A";14;"A";2;"A";5;"A";126;"A";0;"A";120;"A"
"2025-01-09 23:00";97.5;"A";4212.87;"A";38.49;"A";26.65;"A";23.47;"A";17.88;"A";60;"A";19;"A";9.5;"A";90.97;"A";1012.39;"A";15;"A";1;"A";4;"A";119;"A";0.67;"A";136.67;"A"
"2025-01-09 23:15";97.5;"A";4212.87;"A";39.36;"A";27.24;"A";24;"A";18.02;"A";59.99;"A";19;"A";9.6;"A";91.1;"A";1012.33;"A";15;"A";2;"A";4;"A";116;"A";0;"A";136.67;"A"
"2025-01-09 23:30";97.5;"A";4212.87;"A";40.23;"A";27.85;"A";24.53;"A";18.12;"A";60.01;"A";19;"A";9.61;"A";91.51;"A";1012.15;"A";15;"A";1;"A";4;"A";115;"A";0.33;"A";126.67;"A"
"2025-01-09 23:45";97.5;"A";4212.8;"A";36.46;"A";25.25;"A";22.24;"A";18.13;"A";59.95;"A";19;"A";9.6;"A";91.46;"A";1012.2;"A";15;"A";1;"A";4;"A";115;"A";0;"A";113.33;"A"
"2025-01-10 00:00";97.5;"A";4212.87;"A";26.06;"A";18.12;"A";15.96;"A";17.89;"A";60;"A";19;"A";9.47;"A";90.91;"A";1012.06;"A";16;"A";2;"A";4;"A";104;"A";0.33;"A";126.67;"A"
"2025-01-10 00:15";97.5;"A";4213;"A";25.94;"A";18.04;"A";15.89;"A";17.93;"A";59.99;"A";19;"A";9.42;"A";91.69;"A";1011.95;"A";15;"A";2;"A";4;"A";108;"A";0;"A";130;"A"
"2025-01-10 00:30";97.5;"A";4212.8;"A";26.26;"A";18.26;"A";16.08;"A";17.93;"A";60.01;"A";20;"A";9.34;"A";92.07;"A";1011.89;"A";15;"A";1;"A";5;"A";111;"A";0.33;"A";116.67;"A"
"2025-01-10 00:45";97.5;"A";4212.8;"A";25.41;"A";17.68;"A";15.57;"A";17.9;"A";59.95;"A";18;"A";9.29;"A";92.01;"A";1011.77;"A";14;"A";2;"A";4;"A";109;"A";0.33;"A";130;"A"
"2025-01-10 01:00";97.49;"A";4212.87;"A";23.41;"A";16.3;"A";14.36;"A";17.76;"A";60.03;"A";18;"A";9.19;"A";92.07;"A";1011.74;"A";15;"A";2;"A";4;"A";100;"A";0.67;"A";130;"A"
"2025-01-10 01:15";97.49;"A";4212.8;"A";23.09;"A";16.09;"A";14.17;"A";17.7;"A";60.02;"A";19;"A";9.16;"A";91.78;"A";1011.64;"A";15;"A";2;"A";4;"A";103;"A";0.33;"A";106.67;"A"
"2025-01-10 01:30";97.49;"A";4212.87;"A";21.12;"A";14.73;"A";12.98;"A";17.61;"A";60;"A";19;"A";9.14;"A";91.54;"A";1011.55;"A";16;"A";2;"A";4;"A";96;"A";0.33;"A";133.33;"A"
"2025-01-10 01:45";97.49;"A";4212.87;"A";22.11;"A";15.42;"A";13.58;"A";17.62;"A";59.98;"A";19;"A";9.11;"A";91.71;"A";1011.44;"A";16;"A";1;"A";4;"A";99;"A";0;"A";120;"A"
"2025-01-10 02:00";97.49;"A";4212.8;"A";23.06;"A";16.07;"A";14.15;"A";17.61;"A";60;"A";19;"A";9.11;"A";91.8;"A";1011.38;"A";16;"A";2;"A";4;"A";99;"A";0.33;"A";110;"A"
"2025-01-10 02:15";97.49;"A";4212.93;"A";24.93;"A";17.35;"A";15.28;"A";17.65;"A";60.01;"A";19;"A";9.13;"A";91.88;"A";1011.18;"A";15;"A";1;"A";4;"A";101;"A";0;"A";66.67;"A"
"2025-01-10 02:30";97.49;"A";4212.93;"A";26.5;"A";18.43;"A";16.23;"A";17.66;"A";59.99;"A";19;"A";9.19;"A";91.71;"A";1011.11;"A";16;"A";1;"A";3;"A";102;"A";0.33;"A";116.67;"A"
"2025-01-10 02:45";97.49;"A";4212.87;"A";29.04;"A";20.17;"A";17.76;"A";17.72;"A";59.99;"A";19;"A";9.24;"A";91.61;"A";1010.93;"A";15;"A";1;"A";3;"A";104;"A";0.67;"A";130;"A"
"2025-01-10 03:00";97.49;"A";4212.8;"A";32.15;"A";22.3;"A";19.64;"A";17.74;"A";59.99;"A";19;"A";9.31;"A";91.38;"A";1010.78;"A";16;"A";1;"A";3;"A";102;"A";0.33;"A";126.67;"A"
"2025-01-10 03:15";97.48;"A";4212.87;"A";33.43;"A";23.18;"A";20.42;"A";17.77;"A";60;"A";20;"A";9.32;"A";91.48;"A";1010.72;"A";16;"A";2;"A";4;"A";99;"A";0.33;"A";123.33;"A"
"2025-01-10 03:30";97.48;"A";4212.87;"A";33.77;"A";23.42;"A";20.62;"A";17.87;"A";60;"A";21;"A";9.41;"A";91.7;"A";1010.65;"A";17;"A";1;"A";4;"A";105;"A";0;"A";83.33;"A"
"2025-01-10 03:45";97.48;"A";4212.87;"A";31.35;"A";21.76;"A";19.16;"A";17.98;"A";60.01;"A";21;"A";9.47;"A";91.83;"A";1010.59;"A";17;"A";1;"A";4;"A";101;"A";0.33;"A";156.67;"A"
"2025-01-10 04:00";97.48;"A";4212.87;"A";30.92;"A";21.46;"A";18.9;"A";18.14;"A";60.01;"A";21;"A";9.57;"A";92.27;"A";1010.59;"A";16;"A";1;"A";5;"A";100;"A";0;"A";113.33;"A"
"2025-01-10 04:15";97.48;"A";4212.73;"A";29.31;"A";20.36;"A";17.93;"A";18.31;"A";60;"A";21;"A";9.65;"A";92.54;"A";1010.65;"A";16;"A";1;"A";5;"A";99;"A";0.67;"A";206.67;"A"
"2025-01-10 04:30";97.48;"A";4213;"A";27.76;"A";19.29;"A";16.99;"A";18.43;"A";59.98;"A";21;"A";9.73;"A";92.76;"A";1010.5;"A";15;"A";1;"A";6;"A";96;"A";0;"A";100;"A"
"2025-01-10 04:45";97.48;"A";4212.8;"A";24.27;"A";16.89;"A";14.88;"A";18.54;"A";60.02;"A";21;"A";9.81;"A";92.92;"A";1010.38;"A";14;"A";1;"A";6;"A";100;"A";0;"A";103.33;"A"
"2025-01-10 05:00";97.47;"A";4212.87;"A";19.11;"A";13.36;"A";11.77;"A";18.7;"A";59.99;"A";19;"A";9.92;"A";92.99;"A";1010.21;"A";15;"A";1;"A";5;"A";107;"A";0;"A";130;"A"
"2025-01-10 05:15";97.47;"A";4212.8;"A";17.38;"A";12.17;"A";10.72;"A";18.73;"A";60;"A";19;"A";9.94;"A";93.18;"A";1010.06;"A";15;"A";1;"A";4;"A";105;"A";0.33;"A";126.67;"A"
"2025-01-10 05:30";97.47;"A";4212.87;"A";15.26;"A";10.72;"A";9.44;"A";18.79;"A";59.98;"A";20;"A";10.01;"A";92.85;"A";1010.02;"A";16;"A";1;"A";4;"A";105;"A";0.67;"A";130;"A"
"2025-01-10 05:45";97.47;"A";4212.8;"A";15.26;"A";10.71;"A";9.44;"A";18.93;"A";59.99;"A";21;"A";10.13;"A";93.13;"A";1010.11;"A";17;"A";1;"A";4;"A";105;"A";0.33;"A";226.67;"A"
"2025-01-10 06:00";97.47;"A";4212.87;"A";16.1;"A";11.29;"A";9.95;"A";18.99;"A";60.01;"A";21;"A";10.19;"A";93.23;"A";1010.13;"A";17;"A";1;"A";4;"A";121;"A";0;"A";90;"A"
"2025-01-10 06:15";97.47;"A";4212.73;"A";18.01;"A";12.6;"A";11.1;"A";19.12;"A";60;"A";21;"A";10.27;"A";93.39;"A";1010.01;"A";17;"A";1;"A";4;"A";123;"A";0.33;"A";196.67;"A"
"2025-01-10 06:30";97.47;"A";4212.93;"A";26.42;"A";18.37;"A";16.18;"A";19.31;"A";60.02;"A";21;"A";10.5;"A";93.27;"A";1010.03;"A";17;"A";1;"A";5;"A";139;"A";0;"A";60;"A"
"2025-01-10 06:45";97.46;"A";4212.87;"A";35.24;"A";24.42;"A";21.51;"A";19.49;"A";59.96;"A";21;"A";10.59;"A";93.34;"A";1009.98;"A";16;"A";1;"A";4;"A";139;"A";0;"A";90;"A"
"2025-01-10 07:00";97.46;"A";4212.87;"A";48.09;"A";33.23;"A";29.27;"A";19.55;"A";59.98;"A";20;"A";10.74;"A";92.78;"A";1009.9;"A";15;"A";1;"A";5;"A";152;"A";0;"A";123.33;"A"
"2025-01-10 07:15";97.46;"A";4212.8;"A";54.12;"A";37.37;"A";32.92;"A";19.54;"A";59.97;"A";20;"A";10.92;"A";91.79;"A";1009.92;"A";15;"A";1;"A";5;"A";159;"A";1;"A";203.33;"A"
"2025-01-10 07:30";97.46;"A";4212.87;"A";51.78;"A";35.76;"A";31.5;"A";19.45;"A";59.95;"A";21;"A";11.02;"A";90.81;"A";1009.99;"A";15;"A";1;"A";5;"A";162;"A";0;"A";120;"A"
"2025-01-10 07:45";97.46;"A";4212.87;"A";48.43;"A";33.47;"A";29.48;"A";19.37;"A";59.96;"A";21;"A";11.08;"A";90.16;"A";1010.08;"A";16;"A";1;"A";5;"A";152;"A";0;"A";96.67;"A"
"2025-01-10 08:00";97.46;"A";4212.8;"A";42.55;"A";29.44;"A";25.93;"A";19.23;"A";59.93;"A";21;"A";11.1;"A";89.23;"A";1010.06;"A";16;"A";1;"A";5;"A";155;"A";0;"A";126.67;"A"
"2025-01-10 08:15";97.46;"A";4212.87;"A";37.68;"A";26.1;"A";22.98;"A";18.97;"A";59.93;"A";21;"A";10.98;"A";88.5;"A";1010.07;"A";16;"A";1;"A";5;"A";149;"A";0.67;"A";130;"A"
"2025-01-10 08:30";97.46;"A";4212.93;"A";35.43;"A";24.55;"A";21.62;"A";18.74;"A";59.96;"A";21;"A";10.92;"A";87.73;"A";1010.26;"A";15;"A";1;"A";6;"A";156;"A";1;"A";140;"A"
"2025-01-10 08:45";97.46;"A";4212.87;"A";33.32;"A";23.11;"A";20.35;"A";18.45;"A";59.98;"A";22;"A";10.99;"A";86.22;"A";1010.34;"A";15;"A";1;"A";6;"A";144;"A";0.33;"A";130;"A"
"2025-01-10 09:00";97.46;"A";4212.73;"A";31.2;"A";21.65;"A";19.07;"A";18.27;"A";59.93;"A";22;"A";11.07;"A";85.12;"A";1010.25;"A";16;"A";0;"A";7;"A";145;"A";0.33;"A";120;"A"
"2025-01-10 09:15";97.45;"A";4212.73;"A";30.22;"A";20.98;"A";18.48;"A";18.1;"A";59.99;"A";23;"A";11.16;"A";83.91;"A";1010.19;"A";17;"A";1;"A";7;"A";136;"A";0.33;"A";200;"A"
"2025-01-10 09:30";97.45;"A";4212.87;"A";29.61;"A";20.56;"A";18.11;"A";18.01;"A";60.01;"A";23;"A";11.24;"A";83.22;"A";1010.03;"A";16;"A";0;"A";7;"A";139;"A";0;"A";120;"A"
"2025-01-10 09:45";97.45;"A";4212.87;"A";27.3;"A";18.97;"A";16.71;"A";18;"A";59.93;"A";23;"A";11.44;"A";82.17;"A";1009.97;"A";15;"A";1;"A";7;"A";140;"A";0;"A";130;"A"
"2025-01-10 10:00";97.46;"A";4212.8;"A";26.14;"A";18.18;"A";16.01;"A";18.05;"A";59.92;"A";23;"A";11.89;"A";80.77;"A";1009.94;"A";16;"A";0;"A";7;"A";135;"A";0;"A";183.33;"A"
"2025-01-10 10:15";97.41;"A";4202.07;"A";23.65;"A";16.63;"A";14.51;"A";18.09;"A";59.86;"A";23;"A";12.33;"A";77.77;"A";1009.85;"A";17;"A";0;"A";7;"A";129;"A";0.33;"A";120;"A"
"2025-01-10 10:30";97.35;"A";4211.8;"A";25.97;"A";19.49;"A";13.26;"A";17.96;"A";59.45;"A";25;"A";12.36;"A";77.59;"A";1009.61;"A";18;"A";0;"A";7;"A";124;"A";0.67;"A";83.33;"A"
"2025-01-10 10:45";97.39;"A";4212.33;"A";23.92;"A";18.21;"A";12.26;"A";18.05;"A";58.88;"A";25;"A";12.55;"A";75.69;"A";1009.46;"A";18;"A";0;"A";7;"A";125;"A";0;"A";86.67;"A"
"2025-01-10 11:00";97.41;"A";4212.73;"A";20.13;"A";15.2;"A";10.88;"A";18.19;"A";57.93;"A";25;"A";12.74;"A";74.58;"A";1009.31;"A";19;"A";0;"A";7;"A";128;"A";0;"A";46.67;"A"
"2025-01-10 11:15";97.43;"A";4212.73;"A";19.44;"A";14.81;"A";10.74;"A";18.37;"A";57.49;"A";25;"A";13.02;"A";73.52;"A";1008.95;"A";19;"A";0;"A";7;"A";126;"A";0;"A";90;"A"
"2025-01-10 11:30";97.44;"A";4212.8;"A";17.38;"A";13.4;"A";9.31;"A";18.64;"A";56.77;"A";26;"A";13.28;"A";72.01;"A";1008.55;"A";19;"A";0;"A";7;"A";122;"A";0;"A";3.33;"A"
"2025-01-10 11:45";97.34;"A";4199.13;"A";15.34;"A";11.88;"A";8.49;"A";18.84;"A";55.39;"A";25;"A";13.37;"A";70.9;"A";1008.42;"A";19;"A";0;"A";6;"A";121;"A";0;"A";73.33;"A"
"2025-01-10 12:00";97.34;"A";4211.87;"A";14.03;"A";11.14;"A";7.95;"A";18.97;"A";54.86;"A";26;"A";13.56;"A";70.58;"A";1008.22;"A";19;"A";1;"A";7;"A";120;"A";0.33;"A";83.33;"A"
"2025-01-10 12:15";97.38;"A";4211.87;"A";15.39;"A";11.36;"A";7.95;"A";19.13;"A";55.35;"A";25;"A";13.78;"A";70.34;"A";1008.02;"A";19;"A";0;"A";6;"A";123;"A";0.33;"A";123.33;"A"
"2025-01-10 12:30";97.41;"A";4212.6;"A";14.58;"A";10.3;"A";7.21;"A";19.22;"A";54.29;"A";25;"A";13.63;"A";69.5;"A";1007.82;"A";20;"A";1;"A";6;"A";119;"A";0;"A";116.67;"A"
"2025-01-10 12:45";97.43;"A";4212.87;"A";13.01;"A";9.61;"A";7.07;"A";19.22;"A";53.66;"A";27;"A";13.77;"A";68.91;"A";1007.53;"A";20;"A";0;"A";7;"A";128;"A";0;"A";76.67;"A"
"2025-01-10 13:00";97.43;"A";4212.93;"A";11.32;"A";8.77;"A";5.99;"A";19.35;"A";53.23;"A";26;"A";14.19;"A";66.98;"A";1007.24;"A";20;"A";0;"A";6;"A";122;"A";0.67;"A";133.33;"A"
"2025-01-10 13:15";97.44;"A";4212.87;"A";11.31;"A";8.24;"A";6;"A";19.6;"A";52.4;"A";26;"A";14.38;"A";66.26;"A";1007.14;"A";19;"A";0;"A";6;"A";132;"A";0.33;"A";126.67;"A"
"2025-01-10 13:30";97.45;"A";4212.8;"A";11.96;"A";8.45;"A";5.99;"A";19.83;"A";51.71;"A";26;"A";14.37;"A";65.82;"A";1007;"A";19;"A";0;"A";6;"A";139;"A";0.67;"A";123.33;"A"
"2025-01-10 13:45";97.45;"A";4212.8;"A";11.22;"A";8.11;"A";6.15;"A";19.9;"A";51.54;"A";27;"A";14.25;"A";66.6;"A";1006.91;"A";20;"A";1;"A";7;"A";126;"A";0.33;"A";126.67;"A"
"2025-01-10 14:00";97.45;"A";4212.87;"A";11.52;"A";9.04;"A";6.63;"A";19.87;"A";52.04;"A";26;"A";14.31;"A";66.59;"A";1006.91;"A";19;"A";0;"A";7;"A";137;"A";0.33;"A";130;"A"
"2025-01-10 14:15";97.45;"A";4209.73;"A";11.49;"A";8.18;"A";6.13;"A";19.91;"A";51.31;"A";26;"A";14.34;"A";65.64;"A";1006.82;"A";20;"A";0;"A";6;"A";128;"A";0.33;"A";120;"A"
"2025-01-10 14:30";97.26;"A";4185.8;"A";14.2;"A";9.67;"A";6.55;"A";19.95;"A";51.3;"A";25;"A";14.44;"A";65.38;"A";1006.61;"A";19;"A";0;"A";6;"A";133;"A";0;"A";120;"A"
"2025-01-10 14:45";97.21;"A";4209.93;"A";14.35;"A";10.01;"A";6.92;"A";19.96;"A";50.68;"A";26;"A";14.28;"A";65.6;"A";1006.52;"A";20;"A";0;"A";6;"A";126;"A";0.33;"A";103.33;"A"
"2025-01-10 15:00";97.3;"A";4211.33;"A";16.36;"A";11.59;"A";7.96;"A";19.88;"A";51.74;"A";25;"A";14.15;"A";67.21;"A";1006.43;"A";19;"A";1;"A";7;"A";137;"A";0.33;"A";123.33;"A"
"2025-01-10 15:15";97.35;"A";4211.8;"A";15.36;"A";11.32;"A";8.11;"A";19.79;"A";52.47;"A";26;"A";14.13;"A";67.73;"A";1006.54;"A";19;"A";1;"A";7;"A";145;"A";0;"A";203.33;"A"
"2025-01-10 15:30";97.39;"A";4212.27;"A";19.47;"A";13.53;"A";9.18;"A";19.74;"A";53.73;"A";25;"A";14.16;"A";69.63;"A";1006.38;"A";18;"A";1;"A";7;"A";157;"A";0.33;"A";106.67;"A"
"2025-01-10 15:45";97.41;"A";4212.8;"A";21.59;"A";15.36;"A";10.82;"A";19.72;"A";55.07;"A";25;"A";14.05;"A";71.32;"A";1006.3;"A";18;"A";1;"A";7;"A";180;"A";0;"A";130;"A"
"2025-01-10 16:00";97.37;"A";4205;"A";50.22;"A";34.75;"A";23.23;"A";19.66;"A";55.86;"A";26;"A";13.89;"A";72.47;"A";1006.15;"A";16;"A";1;"A";10;"A";480;"A";0.33;"A";76.67;"A"
"2025-01-10 16:15";97.37;"A";4211.8;"A";54.96;"A";40.82;"A";26.85;"A";19.55;"A";56.59;"A";26;"A";13.71;"A";73.53;"A";1005.82;"A";15;"A";1;"A";11;"A";606;"A";0;"A";46.67;"A"
"2025-01-10 16:30";97.4;"A";4212.4;"A";45.58;"A";33.01;"A";22.24;"A";19.37;"A";57.05;"A";25;"A";13.51;"A";74.25;"A";1005.8;"A";15;"A";1;"A";9;"A";414;"A";0.33;"A";120;"A"
"2025-01-10 16:45";97.42;"A";4212.93;"A";31.48;"A";24.08;"A";16.34;"A";19.16;"A";57.41;"A";24;"A";13.22;"A";75.03;"A";1005.64;"A";16;"A";1;"A";8;"A";265;"A";1;"A";133.33;"A"
"2025-01-10 17:00";97.43;"A";4212.8;"A";38.55;"A";27.9;"A";19.05;"A";18.92;"A";57.88;"A";24;"A";12.96;"A";75.6;"A";1005.48;"A";15;"A";1;"A";9;"A";357;"A";0.67;"A";136.67;"A"
"2025-01-10 17:15";97.44;"A";4212.87;"A";47.94;"A";35.68;"A";24.44;"A";18.68;"A";58.11;"A";24;"A";12.73;"A";75.87;"A";1005.54;"A";14;"A";1;"A";10;"A";424;"A";0.33;"A";120;"A"
"2025-01-10 17:30";97.44;"A";4212.8;"A";49.95;"A";36.79;"A";25.14;"A";18.43;"A";58.46;"A";24;"A";12.48;"A";76.45;"A";1005.45;"A";12;"A";2;"A";12;"A";519;"A";0.67;"A";130;"A"
"2025-01-10 17:45";97.44;"A";4209.47;"A";54.47;"A";39.57;"A";26.84;"A";18.19;"A";58.71;"A";24;"A";12.31;"A";76.36;"A";1005.45;"A";10;"A";1;"A";14;"A";572;"A";0.33;"A";136.67;"A"
"2025-01-10 18:00";97.27;"A";4192.2;"A";50.68;"A";36.17;"A";24.26;"A";17.98;"A";58.63;"A";23;"A";12.17;"A";75.98;"A";1005.38;"A";11;"A";2;"A";12;"A";478;"A";0.67;"A";136.67;"A"
"2025-01-10 18:15";97.29;"A";4211.13;"A";36.87;"A";26.03;"A";17.28;"A";17.82;"A";58.39;"A";22;"A";12.04;"A";75.61;"A";1005.24;"A";13;"A";1;"A";9;"A";318;"A";0;"A";130;"A"
"2025-01-10 18:30";97.35;"A";4211.87;"A";26.6;"A";20.48;"A";14.6;"A";17.65;"A";58.87;"A";21;"A";11.9;"A";76.27;"A";1005.22;"A";13;"A";2;"A";8;"A";214;"A";0.67;"A";133.33;"A"
"2025-01-10 18:45";97.39;"A";4212.4;"A";25.17;"A";19.69;"A";13.74;"A";17.51;"A";59.16;"A";21;"A";11.74;"A";76.6;"A";1004.97;"A";14;"A";2;"A";7;"A";176;"A";0.67;"A";133.33;"A"
"2025-01-10 19:00";97.41;"A";4212.87;"A";27.27;"A";20.67;"A";14.34;"A";17.37;"A";59.37;"A";21;"A";11.61;"A";76.76;"A";1004.99;"A";14;"A";2;"A";6;"A";184;"A";0.33;"A";120;"A"
"2025-01-10 19:15";97.37;"A";4195.87;"A";26.33;"A";19.77;"A";13.56;"A";17.24;"A";59.18;"A";21;"A";11.47;"A";76.57;"A";1005.23;"A";14;"A";2;"A";7;"A";176;"A";0;"A";70;"A"
"2025-01-10 19:30";97.19;"A";4201.47;"A";26.3;"A";20.26;"A";14.14;"A";17.08;"A";59.1;"A";21;"A";11.23;"A";76.89;"A";1005.28;"A";14;"A";2;"A";6;"A";177;"A";0.33;"A";126.67;"A"
"2025-01-10 19:45";97.27;"A";4210.93;"A";26.58;"A";20.56;"A";14.92;"A";16.86;"A";59.09;"A";21;"A";11.03;"A";76.75;"A";1005.24;"A";14;"A";2;"A";7;"A";190;"A";0.33;"A";176.67;"A"
"2025-01-10 20:00";97.34;"A";4211.87;"A";23.11;"A";18.13;"A";12.62;"A";16.67;"A";58.61;"A";22;"A";10.89;"A";75.95;"A";1005.29;"A";16;"A";2;"A";6;"A";155;"A";0.33;"A";273.33;"A"
"2025-01-10 20:15";97.38;"A";4212.27;"A";22.64;"A";17.95;"A";12.69;"A";16.54;"A";58.44;"A";22;"A";10.93;"A";75.42;"A";1005.26;"A";16;"A";1;"A";6;"A";153;"A";0.33;"A";116.67;"A"
"2025-01-10 20:30";97.39;"A";4207.33;"A";23.22;"A";18.12;"A";12.72;"A";16.55;"A";58.21;"A";22;"A";11.06;"A";74.77;"A";1005.29;"A";16;"A";1;"A";6;"A";154;"A";0.33;"A";130;"A"
"2025-01-10 20:45";97.35;"A";4211.93;"A";25.55;"A";19.54;"A";13.1;"A";16.6;"A";58.22;"A";23;"A";11.01;"A";75.27;"A";1004.98;"A";16;"A";1;"A";6;"A";148;"A";0;"A";66.67;"A"
"2025-01-10 21:00";97.39;"A";4212.53;"A";26.6;"A";19.37;"A";13.41;"A";16.6;"A";58.53;"A";22;"A";10.8;"A";76.37;"A";1004.68;"A";16;"A";2;"A";5;"A";151;"A";0;"A";106.67;"A"
"2025-01-10 21:15";97.41;"A";4212.73;"A";27.32;"A";21.18;"A";14.66;"A";16.47;"A";58.9;"A";22;"A";10.65;"A";76.98;"A";1004.52;"A";16;"A";2;"A";6;"A";162;"A";0;"A";106.67;"A"
"2025-01-10 21:30";97.43;"A";4212.8;"A";29.58;"A";21.75;"A";14.88;"A";16.33;"A";59.52;"A";22;"A";10.56;"A";77.76;"A";1004.42;"A";17;"A";1;"A";5;"A";158;"A";0;"A";63.33;"A"
"2025-01-10 21:45";97.44;"A";4211.27;"A";24.59;"A";17.32;"A";14.88;"A";16.29;"A";60.06;"A";23;"A";10.46;"A";78.64;"A";1004.39;"A";18;"A";1;"A";5;"A";151;"A";0.33;"A";123.33;"A"
"2025-01-10 22:00";97.28;"A";4194.13;"A";24.06;"A";16.75;"A";14.75;"A";16.48;"A";59.99;"A";24;"A";10.48;"A";79;"A";1004.37;"A";19;"A";1;"A";5;"A";141;"A";0;"A";83.33;"A"
"2025-01-10 22:15";97.3;"A";4211.27;"A";25.55;"A";18.23;"A";15.43;"A";16.27;"A";60;"A";23;"A";10.34;"A";78.84;"A";1004.2;"A";17;"A";1;"A";6;"A";147;"A";0.33;"A";196.67;"A"
"2025-01-10 22:30";97.35;"A";4211.87;"A";26.14;"A";18.18;"A";16.01;"A";16.26;"A";60;"A";23;"A";10.23;"A";79.6;"A";1004.04;"A";18;"A";1;"A";6;"A";148;"A";0;"A";70;"A"
"2025-01-10 22:45";97.39;"A";4212.53;"A";27.59;"A";19.17;"A";16.89;"A";16.35;"A";60.02;"A";24;"A";10.15;"A";80.01;"A";1003.86;"A";18;"A";1;"A";5;"A";142;"A";0.33;"A";193.33;"A"
"2025-01-10 23:00";97.41;"A";4212.87;"A";26.39;"A";18.35;"A";16.16;"A";16.36;"A";60.02;"A";24;"A";10.06;"A";80.49;"A";1003.72;"A";18;"A";1;"A";6;"A";139;"A";0;"A";193.33;"A"
"2025-01-10 23:15";97.43;"A";4212.87;"A";27.64;"A";19.21;"A";16.92;"A";16.38;"A";60.06;"A";23;"A";9.98;"A";81.21;"A";1003.62;"A";18;"A";1;"A";5;"A";140;"A";0;"A";36.67;"A"
"2025-01-10 23:30";97.44;"A";4212.8;"A";30.63;"A";21.26;"A";18.72;"A";16.55;"A";60.03;"A";23;"A";9.91;"A";82.06;"A";1003.57;"A";17;"A";1;"A";5;"A";144;"A";0;"A";83.33;"A"
"2025-01-10 23:45";97.44;"A";4212.8;"A";30.91;"A";21.45;"A";18.89;"A";16.77;"A";59.98;"A";23;"A";9.85;"A";83.2;"A";1003.54;"A";17;"A";1;"A";7;"A";138;"A";0;"A";190;"A"
"2025-01-11 00:00";97.45;"A";4212.8;"A";33.02;"A";22.9;"A";20.17;"A";16.82;"A";60.05;"A";23;"A";9.88;"A";83.53;"A";1003.33;"A";17;"A";1;"A";7;"A";141;"A";0;"A";266.67;"A"
"2025-01-11 00:15";97.45;"A";4212.8;"A";36.11;"A";25.02;"A";22.04;"A";16.96;"A";60.03;"A";22;"A";9.86;"A";84.19;"A";1003.2;"A";17;"A";1;"A";6;"A";144;"A";0;"A";113.33;"A"
"2025-01-11 00:30";97.45;"A";4212.8;"A";40.35;"A";27.93;"A";24.6;"A";17.16;"A";60.02;"A";22;"A";9.89;"A";85.17;"A";1002.93;"A";17;"A";1;"A";5;"A";146;"A";0.33;"A";163.33;"A"
"2025-01-11 00:45";97.45;"A";4212.93;"A";43.56;"A";30.13;"A";26.53;"A";17.48;"A";60.04;"A";22;"A";9.94;"A";86.33;"A";1003.1;"A";17;"A";1;"A";5;"A";144;"A";0;"A";140;"A"
"2025-01-11 01:00";97.45;"A";4212.93;"A";44.58;"A";30.83;"A";27.15;"A";17.7;"A";60.05;"A";23;"A";10;"A";87.05;"A";1002.79;"A";16;"A";1;"A";7;"A";134;"A";0;"A";146.67;"A"
"2025-01-11 01:15";97.45;"A";4212.8;"A";46.17;"A";31.92;"A";28.11;"A";17.97;"A";59.98;"A";23;"A";10.22;"A";87.11;"A";1002.73;"A";16;"A";0;"A";7;"A";137;"A";0;"A";126.67;"A"
"2025-01-11 01:30";97.45;"A";4212.87;"A";44.61;"A";30.85;"A";27.17;"A";18.09;"A";59.97;"A";23;"A";10.37;"A";86.91;"A";1002.47;"A";17;"A";1;"A";6;"A";134;"A";0;"A";130;"A"
"2025-01-11 01:45";97.45;"A";4212.87;"A";44.27;"A";30.62;"A";26.97;"A";18.15;"A";59.96;"A";22;"A";10.54;"A";86.24;"A";1002.4;"A";17;"A";1;"A";5;"A";132;"A";0;"A";73.33;"A"
"2025-01-11 02:00";97.45;"A";4212.87;"A";45.11;"A";31.19;"A";27.47;"A";18.19;"A";59.98;"A";22;"A";10.58;"A";86.31;"A";1002.43;"A";17;"A";1;"A";6;"A";132;"A";0;"A";43.33;"A"
"2025-01-11 02:15";97.45;"A";4212.73;"A";45.52;"A";31.47;"A";27.72;"A";18.27;"A";59.99;"A";23;"A";10.67;"A";86.2;"A";1002.26;"A";16;"A";1;"A";7;"A";136;"A";0;"A";263.33;"A"
"2025-01-11 02:30";97.45;"A";4212.8;"A";47.29;"A";32.69;"A";28.79;"A";18.33;"A";60;"A";23;"A";10.71;"A";86.37;"A";1002.2;"A";15;"A";0;"A";8;"A";133;"A";0.33;"A";266.67;"A"
"2025-01-11 02:45";97.45;"A";4213;"A";49.35;"A";34.1;"A";30.03;"A";18.4;"A";60;"A";23;"A";10.79;"A";86.36;"A";1002.1;"A";15;"A";0;"A";8;"A";137;"A";0.33;"A";233.33;"A"
"2025-01-11 03:00";97.45;"A";4212.87;"A";48.84;"A";33.75;"A";29.72;"A";18.47;"A";59.99;"A";22;"A";10.89;"A";86.12;"A";1002.01;"A";15;"A";1;"A";7;"A";136;"A";0;"A";146.67;"A"
"2025-01-11 03:15";97.45;"A";4212.87;"A";48.42;"A";33.46;"A";29.47;"A";18.48;"A";59.99;"A";22;"A";10.94;"A";85.92;"A";1001.94;"A";15;"A";1;"A";7;"A";134;"A";0;"A";200;"A"
"2025-01-11 03:30";97.45;"A";4212.73;"A";49.25;"A";34.03;"A";29.97;"A";18.49;"A";59.96;"A";23;"A";11;"A";85.75;"A";1001.77;"A";15;"A";1;"A";7;"A";138;"A";0;"A";103.33;"A"
"2025-01-11 03:45";97.45;"A";4212.87;"A";49.8;"A";34.41;"A";30.31;"A";18.48;"A";59.96;"A";22;"A";11.04;"A";85.44;"A";1001.67;"A";15;"A";1;"A";7;"A";134;"A";0;"A";246.67;"A"
"2025-01-11 04:00";97.45;"A";4212.73;"A";50.29;"A";34.75;"A";30.6;"A";18.42;"A";60.01;"A";21;"A";11;"A";85.5;"A";1001.88;"A";15;"A";1;"A";7;"A";140;"A";0;"A";123.33;"A"
"2025-01-11 04:15";97.45;"A";4212.87;"A";50.21;"A";34.69;"A";30.55;"A";18.37;"A";60;"A";22;"A";10.99;"A";85.24;"A";1001.87;"A";14;"A";1;"A";7;"A";139;"A";0;"A";340;"A"
"2025-01-11 04:30";97.44;"A";4212.87;"A";48.57;"A";33.57;"A";29.56;"A";18.28;"A";59.95;"A";20;"A";10.97;"A";84.63;"A";1001.82;"A";14;"A";1;"A";6;"A";141;"A";0.33;"A";196.67;"A"
"2025-01-11 04:45";97.44;"A";4212.93;"A";47.25;"A";32.66;"A";28.77;"A";18.14;"A";59.98;"A";21;"A";10.95;"A";84.59;"A";1001.86;"A";14;"A";1;"A";7;"A";138;"A";0;"A";196.67;"A"
"2025-01-11 05:00";97.44;"A";4212.73;"A";47.79;"A";33.03;"A";29.09;"A";18.12;"A";60;"A";20;"A";10.93;"A";84.5;"A";1001.88;"A";13;"A";1;"A";6;"A";139;"A";0;"A";103.33;"A"
"2025-01-11 05:15";97.44;"A";4212.87;"A";50.79;"A";35.09;"A";30.9;"A";17.93;"A";59.99;"A";19;"A";10.78;"A";84.15;"A";1002.01;"A";12;"A";2;"A";6;"A";138;"A";0;"A";203.33;"A"
"2025-01-11 05:30";97.44;"A";4212.73;"A";50.83;"A";35.11;"A";30.93;"A";17.79;"A";60;"A";18;"A";10.59;"A";84.52;"A";1002.24;"A";13;"A";1;"A";6;"A";135;"A";0;"A";330;"A"
"2025-01-11 05:45";97.44;"A";4212.87;"A";46.31;"A";32.02;"A";28.2;"A";17.63;"A";59.73;"A";16;"A";10.12;"A";83.41;"A";1002.78;"A";12;"A";2;"A";4;"A";137;"A";0.67;"A";116.67;"A"
"2025-01-11 06:00";97.44;"A";4212.73;"A";4.67;"A";3.86;"A";2.6;"A";16.15;"A";57.41;"A";14;"A";8.65;"A";82.26;"A";1003.08;"A";9;"A";4;"A";5;"A";148;"A";0.67;"A";116.67;"A"
"2025-01-11 06:15";97.39;"A";4201.93;"A";2.69;"A";1.63;"A";1.19;"A";14.93;"A";58.7;"A";15;"A";7.76;"A";84.17;"A";1003.64;"A";10;"A";5;"A";6;"A";149;"A";0.67;"A";236.67;"A"
"2025-01-11 06:30";97.33;"A";4211.87;"A";3.18;"A";1.73;"A";1.24;"A";13.91;"A";59.43;"A";15;"A";6.93;"A";84.15;"A";1003.8;"A";11;"A";5;"A";4;"A";137;"A";0.33;"A";150;"A"
"2025-01-11 06:45";97.37;"A";4212.6;"A";2.74;"A";1.95;"A";1.44;"A";13.2;"A";59.65;"A";16;"A";6.39;"A";82.79;"A";1004.3;"A";12;"A";3;"A";3;"A";133;"A";0.33;"A";193.33;"A"
"2025-01-11 07:00";97.4;"A";4212.8;"A";2.74;"A";1.98;"A";1.46;"A";12.42;"A";59.45;"A";17;"A";5.86;"A";83.12;"A";1004.51;"A";13;"A";3;"A";4;"A";124;"A";0;"A";90;"A"
"2025-01-11 07:15";97.41;"A";4212.73;"A";2.05;"A";1.65;"A";1.45;"A";12.34;"A";60.06;"A";17;"A";5.55;"A";85.31;"A";1005.01;"A";13;"A";3;"A";4;"A";122;"A";0;"A";73.33;"A"
"2025-01-11 07:30";97.42;"A";4212.8;"A";1.99;"A";1.61;"A";1.42;"A";12.31;"A";60.03;"A";16;"A";5.42;"A";84.59;"A";1005.6;"A";13;"A";2;"A";4;"A";121;"A";0;"A";43.33;"A"
"2025-01-11 07:45";97.43;"A";4212.87;"A";1.87;"A";1.53;"A";1.35;"A";11.89;"A";60;"A";17;"A";5.35;"A";82.8;"A";1005.86;"A";13;"A";2;"A";3;"A";117;"A";0;"A";23.33;"A"
"2025-01-11 08:00";97.43;"A";4213;"A";2.69;"A";2.09;"A";1.85;"A";11.91;"A";60.08;"A";17;"A";5.33;"A";84.38;"A";1005.98;"A";13;"A";2;"A";4;"A";121;"A";0;"A";196.67;"A"
"2025-01-11 08:15";97.44;"A";4213.07;"A";4.8;"A";3.54;"A";3.12;"A";11.89;"A";59.89;"A";18;"A";5;"A";84.65;"A";1006.29;"A";14;"A";2;"A";3;"A";122;"A";1;"A";346.67;"A"
"2025-01-11 08:30";97.44;"A";4213.2;"A";3.63;"A";2.79;"A";2.35;"A";11.39;"A";59.98;"A";18;"A";4.64;"A";84.83;"A";1006.44;"A";14;"A";2;"A";4;"A";123;"A";0;"A";20;"A"
"2025-01-11 08:45";97.41;"A";4200.2;"A";4.53;"A";3.35;"A";2.96;"A";11.06;"A";60.15;"A";18;"A";4.4;"A";84.45;"A";1006.6;"A";14;"A";2;"A";4;"A";126;"A";0.33;"A";80;"A"
"2025-01-11 09:00";97.31;"A";4211.73;"A";3.61;"A";2.72;"A";2.4;"A";11.11;"A";59.96;"A";18;"A";4.3;"A";84.76;"A";1007.02;"A";14;"A";2;"A";4;"A";141;"A";0;"A";143.33;"A"
"2025-01-11 09:15";97.36;"A";4212.4;"A";4.67;"A";3.45;"A";3.04;"A";11.07;"A";59.97;"A";17;"A";4.33;"A";84.82;"A";1007.23;"A";14;"A";3;"A";4;"A";175;"A";1;"A";350;"A"
"2025-01-11 09:30";97.39;"A";4212.8;"A";7.32;"A";5.26;"A";4.64;"A";11.05;"A";60.03;"A";17;"A";4.43;"A";84.31;"A";1007.24;"A";13;"A";2;"A";4;"A";207;"A";0.33;"A";116.67;"A"
"2025-01-11 09:45";97.41;"A";4212.87;"A";4.67;"A";3.45;"A";3.04;"A";11.11;"A";59.94;"A";17;"A";4.61;"A";83.86;"A";1007.45;"A";13;"A";2;"A";4;"A";222;"A";0.33;"A";346.67;"A"
"2025-01-11 10:00";97.42;"A";4212.87;"A";6.77;"A";4.89;"A";4.31;"A";11.1;"A";59.89;"A";16;"A";4.86;"A";82.63;"A";1007.85;"A";12;"A";3;"A";4;"A";229;"A";0;"A";66.67;"A"
"2025-01-11 10:15";97.43;"A";4212.93;"A";4.62;"A";3.5;"A";3.04;"A";10.87;"A";59.94;"A";17;"A";4.95;"A";80.81;"A";1008.29;"A";13;"A";2;"A";4;"A";195;"A";0.33;"A";150;"A"
"2025-01-11 10:30";97.43;"A";4212.87;"A";3.76;"A";2.82;"A";2.49;"A";10.86;"A";59.97;"A";18;"A";5.08;"A";80.54;"A";1008.43;"A";14;"A";2;"A";4;"A";190;"A";0;"A";50;"A"
"2025-01-11 10:45";97.35;"A";4190.13;"A";4.55;"A";3.77;"A";2.93;"A";10.73;"A";59.46;"A";19;"A";5.02;"A";78.14;"A";1008.67;"A";15;"A";2;"A";4;"A";195;"A";0.33;"A";140;"A"
"2025-01-11 11:00";97.25;"A";4211.33;"A";3.08;"A";2.66;"A";2.04;"A";10.57;"A";58.86;"A";20;"A";4.93;"A";78.1;"A";1008.45;"A";15;"A";2;"A";4;"A";180;"A";0;"A";86.67;"A"
"2025-01-11 11:15";97.32;"A";4211.87;"A";15.7;"A";13.54;"A";9.44;"A";10.51;"A";59.22;"A";20;"A";5;"A";77.93;"A";1008.68;"A";15;"A";2;"A";5;"A";219;"A";0.33;"A";276.67;"A"
"2025-01-11 11:30";97.36;"A";4212.73;"A";3.54;"A";3.33;"A";2.44;"A";10.54;"A";59.14;"A";19;"A";5.17;"A";77.16;"A";1008.67;"A";15;"A";2;"A";5;"A";186;"A";0;"A";130;"A"
"2025-01-11 11:45";97.39;"A";4212.8;"A";6.84;"A";5.95;"A";4.27;"A";10.66;"A";58.74;"A";19;"A";5.28;"A";76.21;"A";1008.93;"A";15;"A";2;"A";4;"A";174;"A";0.33;"A";240;"A"
"2025-01-11 12:00";97.41;"A";4212.8;"A";4.88;"A";3.95;"A";3.15;"A";10.77;"A";57.14;"A";20;"A";5.35;"A";74.3;"A";1008.76;"A";16;"A";2;"A";5;"A";206;"A";0.33;"A";146.67;"A"
"2025-01-11 12:15";97.42;"A";4212.87;"A";3.97;"A";3.45;"A";2.68;"A";10.86;"A";55.48;"A";21;"A";5.37;"A";73.49;"A";1008.93;"A";17;"A";1;"A";4;"A";194;"A";0.33;"A";156.67;"A"
"2025-01-11 12:30";97.43;"A";4212.93;"A";3.46;"A";3.08;"A";2.55;"A";10.9;"A";54.79;"A";22;"A";5.36;"A";72.04;"A";1008.83;"A";17;"A";2;"A";4;"A";173;"A";1;"A";233.33;"A"
"2025-01-11 12:45";97.43;"A";4213;"A";4.56;"A";3.47;"A";2.63;"A";10.95;"A";54.14;"A";22;"A";5.44;"A";71.65;"A";1008.86;"A";16;"A";1;"A";5;"A";153;"A";0.67;"A";86.67;"A"
"2025-01-11 13:00";97.32;"A";4188;"A";7.74;"A";5.96;"A";4.5;"A";11.01;"A";54.58;"A";21;"A";5.65;"A";71.93;"A";1008.77;"A";16;"A";1;"A";6;"A";216;"A";0;"A";120;"A"
"2025-01-11 13:15";97.21;"A";4210.6;"A";5.92;"A";4.69;"A";3.51;"A";11.13;"A";54.12;"A";21;"A";5.85;"A";70.66;"A";1008.84;"A";16;"A";1;"A";5;"A";208;"A";0.33;"A";136.67;"A"
"2025-01-11 13:30";97.3;"A";4211.73;"A";5.5;"A";4.44;"A";3.34;"A";11.27;"A";52.13;"A";22;"A";5.81;"A";67.16;"A";1008.84;"A";17;"A";1;"A";5;"A";142;"A";0.33;"A";196.67;"A"
"2025-01-11 13:45";97.35;"A";4212.33;"A";6.14;"A";4.88;"A";3.52;"A";11.35;"A";51.66;"A";22;"A";5.96;"A";67.13;"A";1008.99;"A";17;"A";1;"A";5;"A";156;"A";0.33;"A";170;"A"
"2025-01-11 14:00";97.38;"A";4212.8;"A";5.66;"A";5.03;"A";3.69;"A";11.46;"A";51.28;"A";22;"A";6.08;"A";66.79;"A";1009.21;"A";17;"A";1;"A";5;"A";181;"A";0.33;"A";236.67;"A"
"2025-01-11 14:15";97.4;"A";4212.8;"A";7.81;"A";6.7;"A";5.06;"A";11.55;"A";50.23;"A";22;"A";6.07;"A";65.48;"A";1009.56;"A";17;"A";1;"A";5;"A";186;"A";0;"A";320;"A"
"2025-01-11 14:30";97.42;"A";4212.8;"A";7.65;"A";5.97;"A";4.5;"A";11.59;"A";49.76;"A";22;"A";6.05;"A";65.55;"A";1009.56;"A";17;"A";1;"A";5;"A";147;"A";0.33;"A";123.33;"A"
"2025-01-11 14:45";97.42;"A";4212.93;"A";7.46;"A";5.84;"A";4.32;"A";11.59;"A";49.47;"A";23;"A";6.03;"A";65.19;"A";1009.7;"A";17;"A";2;"A";6;"A";351;"A";0.67;"A";130;"A"
"2025-01-11 15:00";97.43;"A";4212.93;"A";7.74;"A";6.15;"A";4.63;"A";11.59;"A";49.71;"A";23;"A";6.05;"A";65.48;"A";1009.89;"A";18;"A";1;"A";5;"A";233;"A";0;"A";160;"A"
"2025-01-11 15:15";97.34;"A";4191.67;"A";6.46;"A";5.54;"A";4.2;"A";11.57;"A";49.42;"A";23;"A";5.91;"A";64.77;"A";1009.88;"A";18;"A";1;"A";5;"A";210;"A";0.33;"A";143.33;"A"
"2025-01-11 15:30";97.21;"A";4208.47;"A";6.87;"A";5.55;"A";4.14;"A";11.43;"A";48.29;"A";23;"A";5.63;"A";64.42;"A";1010.05;"A";18;"A";2;"A";6;"A";288;"A";0.33;"A";336.67;"A"
"2025-01-11 15:45";97.29;"A";4211.8;"A";7.93;"A";6.5;"A";5.05;"A";11.2;"A";49.24;"A";23;"A";5.41;"A";66.39;"A";1010.35;"A";17;"A";2;"A";6;"A";192;"A";0;"A";316.67;"A"
"2025-01-11 16:00";97.35;"A";4212.4;"A";7.61;"A";5.98;"A";4.46;"A";10.99;"A";50.34;"A";22;"A";5.22;"A";67.79;"A";1010.55;"A";17;"A";1;"A";5;"A";191;"A";0.33;"A";266.67;"A"
"2025-01-11 16:15";97.38;"A";4212.8;"A";7.37;"A";6.42;"A";4.69;"A";10.81;"A";51.26;"A";22;"A";5.12;"A";67.78;"A";1010.48;"A";16;"A";2;"A";6;"A";215;"A";0;"A";246.67;"A"
"2025-01-11 16:30";97.4;"A";4212.87;"A";12.48;"A";10.29;"A";7.26;"A";10.64;"A";51.32;"A";21;"A";4.94;"A";68.54;"A";1010.51;"A";16;"A";1;"A";5;"A";214;"A";0.33;"A";180;"A"
"2025-01-11 16:45";97.42;"A";4212.93;"A";18.47;"A";13.74;"A";9.99;"A";10.51;"A";51.26;"A";22;"A";4.97;"A";67.75;"A";1010.76;"A";15;"A";2;"A";8;"A";281;"A";0;"A";130;"A"
"2025-01-11 17:00";97.42;"A";4213.13;"A";24.71;"A";19.92;"A";14.4;"A";10.47;"A";52.12;"A";21;"A";4.93;"A";68.71;"A";1010.93;"A";15;"A";2;"A";7;"A";247;"A";0;"A";300;"A"
"2025-01-11 17:15";97.43;"A";4213.47;"A";26.16;"A";20.95;"A";15.55;"A";10.39;"A";52.32;"A";21;"A";4.57;"A";69.79;"A";1011.03;"A";14;"A";4;"A";7;"A";333;"A";0;"A";266.67;"A"
"2025-01-11 17:30";97.43;"A";4213.67;"A";23.44;"A";19.08;"A";14.37;"A";10.17;"A";52.77;"A";21;"A";4.27;"A";71.43;"A";1011.19;"A";12;"A";3;"A";9;"A";339;"A";0.33;"A";310;"A"
"2025-01-11 17:45";97.43;"A";4213.53;"A";18.55;"A";14.79;"A";10.84;"A";9.89;"A";53.94;"A";20;"A";3.95;"A";73.3;"A";1011.53;"A";12;"A";3;"A";8;"A";307;"A";0.33;"A";296.67;"A"
"2025-01-11 18:00";97.44;"A";4213.73;"A";18.05;"A";14.87;"A";11.24;"A";9.58;"A";54.42;"A";21;"A";3.71;"A";73.53;"A";1012;"A";12;"A";3;"A";8;"A";290;"A";0.33;"A";293.33;"A"
"2025-01-11 18:15";97.44;"A";4213.67;"A";41.21;"A";32.03;"A";22.77;"A";9.34;"A";56.81;"A";20;"A";3.72;"A";77.35;"A";1012.17;"A";8;"A";3;"A";12;"A";413;"A";0;"A";153.33;"A"
"2025-01-11 18:30";97.44;"A";4213.8;"A";69.61;"A";54.88;"A";38.47;"A";9.26;"A";57.81;"A";21;"A";3.63;"A";76.14;"A";1012.18;"A";4;"A";4;"A";17;"A";684;"A";0;"A";226.67;"A"
"2025-01-11 18:45";97.44;"A";4213.67;"A";55.87;"A";43.11;"A";31.77;"A";9.17;"A";57.8;"A";21;"A";3.44;"A";77.22;"A";1012.31;"A";3;"A";5;"A";18;"A";613;"A";0.33;"A";263.33;"A"
"2025-01-11 19:00";97.44;"A";4213.6;"A";40.46;"A";31.17;"A";22.23;"A";9.01;"A";57.82;"A";20;"A";3.18;"A";77.54;"A";1012.24;"A";6;"A";5;"A";14;"A";480;"A";0;"A";206.67;"A"
"2025-01-11 19:15";97.36;"A";4192.2;"A";38.75;"A";29.83;"A";21.66;"A";8.79;"A";58.39;"A";19;"A";2.89;"A";78.96;"A";1012.37;"A";5;"A";5;"A";15;"A";482;"A";0;"A";213.33;"A"
"2025-01-11 19:30";97.21;"A";4206.73;"A";56.21;"A";42.55;"A";30.9;"A";8.46;"A";59.61;"A";20;"A";2.47;"A";80.83;"A";1012.46;"A";2;"A";6;"A";18;"A";598;"A";0;"A";256.67;"A"
"2025-01-11 19:45";97.29;"A";4211.8;"A";64.97;"A";44.82;"A";39.47;"A";8.27;"A";60.04;"A";19;"A";2.15;"A";82.13;"A";1012.59;"A";1;"A";6;"A";19;"A";662;"A";0.33;"A";266.67;"A"
"2025-01-11 20:00";97.34;"A";4212.53;"A";92.09;"A";63.43;"A";55.86;"A";8.24;"A";60.07;"A";19;"A";1.79;"A";83.37;"A";1012.83;"A";0;"A";8;"A";20;"A";878;"A";0.33;"A";246.67;"A"
"2025-01-11 20:15";97.37;"A";4212.8;"A";83.21;"A";57.33;"A";50.49;"A";8.21;"A";59.96;"A";19;"A";1.56;"A";83.95;"A";1012.9;"A";0;"A";8;"A";20;"A";791;"A";0;"A";290;"A"
"2025-01-11 20:30";97.4;"A";4212.73;"A";81.98;"A";56.48;"A";49.75;"A";7.98;"A";60;"A";19;"A";1.39;"A";84.1;"A";1013.13;"A";0;"A";8;"A";21;"A";805;"A";0.33;"A";296.67;"A"
"2025-01-11 20:45";97.41;"A";4213.07;"A";73.08;"A";50.38;"A";44.37;"A";7.87;"A";60.03;"A";16;"A";1.11;"A";85.02;"A";1013.07;"A";0;"A";9;"A";18;"A";734;"A";0;"A";230;"A"
"2025-01-11 21:00";97.42;"A";4213.6;"A";73.52;"A";50.69;"A";44.64;"A";7.69;"A";59.95;"A";16;"A";0.88;"A";85.11;"A";1013.16;"A";0;"A";9;"A";18;"A";704;"A";0;"A";213.33;"A"
"2025-01-11 21:15";97.42;"A";4213.87;"A";75.74;"A";52.2;"A";45.98;"A";7.44;"A";60.08;"A";16;"A";0.66;"A";85.33;"A";1013.2;"A";0;"A";10;"A";17;"A";725;"A";0;"A";270;"A"
"2025-01-11 21:30";97.43;"A";4213.73;"A";74.81;"A";51.57;"A";45.42;"A";7.4;"A";60.07;"A";16;"A";0.5;"A";85.81;"A";1013.37;"A";0;"A";10;"A";17;"A";689;"A";0;"A";183.33;"A"
"2025-01-11 21:45";97.43;"A";4213.67;"A";78.4;"A";54.03;"A";47.58;"A";7.37;"A";59.96;"A";15;"A";0.34;"A";86.45;"A";1013.45;"A";0;"A";11;"A";16;"A";736;"A";0.33;"A";313.33;"A"
"2025-01-11 22:00";97.43;"A";4213.73;"A";79.17;"A";54.56;"A";48.05;"A";7.29;"A";60.02;"A";15;"A";0.24;"A";86.96;"A";1013.6;"A";0;"A";12;"A";16;"A";773;"A";0;"A";226.67;"A"
"2025-01-11 22:15";97.43;"A";4213.67;"A";74.17;"A";51.13;"A";45.03;"A";7.3;"A";60.02;"A";15;"A";0.14;"A";87.26;"A";1013.8;"A";0;"A";11;"A";16;"A";765;"A";0;"A";303.33;"A"
"2025-01-11 22:30";97.43;"A";4213.8;"A";73.22;"A";50.48;"A";44.46;"A";7.16;"A";59.92;"A";14;"A";0.04;"A";86.96;"A";1013.85;"A";0;"A";11;"A";15;"A";817;"A";0;"A";260;"A"
"2025-01-11 22:45";97.43;"A";4213.6;"A";75.42;"A";51.99;"A";45.79;"A";7.04;"A";60.15;"A";15;"A";0.04;"A";87.23;"A";1013.85;"A";0;"A";11;"A";16;"A";758;"A";0;"A";240;"A"
"2025-01-11 23:00";97.43;"A";4213.87;"A";84.83;"A";58.44;"A";51.47;"A";6.94;"A";59.94;"A";14;"A";-0.15;"A";87.02;"A";1013.96;"A";0;"A";12;"A";15;"A";844;"A";0;"A";243.33;"A"
"2025-01-11 23:15";97.43;"A";4213.87;"A";111.14;"A";76.49;"A";67.36;"A";6.9;"A";59.96;"A";14;"A";-0.24;"A";87.43;"A";1013.94;"A";0;"A";15;"A";15;"A";1045;"A";0;"A";293.33;"A"
"2025-01-11 23:30";97.43;"A";4213.73;"A";119.28;"A";82.08;"A";72.28;"A";6.77;"A";60.02;"A";14;"A";-0.35;"A";87.54;"A";1013.91;"A";0;"A";17;"A";15;"A";1063;"A";0;"A";300;"A"
"2025-01-11 23:45";97.43;"A";4213.73;"A";100.66;"A";69.3;"A";61.03;"A";6.73;"A";60.02;"A";14;"A";-0.46;"A";87.82;"A";1013.9;"A";0;"A";16;"A";15;"A";893;"A";0.33;"A";270;"A"
"2025-01-12 00:00";97.43;"A";4213.87;"A";103.94;"A";71.55;"A";63.02;"A";6.7;"A";59.91;"A";13;"A";-0.56;"A";87.76;"A";1013.95;"A";0;"A";16;"A";15;"A";873;"A";0;"A";273.33;"A"
"2025-01-12 00:15";97.43;"A";4213.8;"A";101.88;"A";70.14;"A";61.77;"A";6.53;"A";59.96;"A";13;"A";-0.69;"A";87.74;"A";1013.95;"A";0;"A";16;"A";14;"A";870;"A";0;"A";240;"A"
"2025-01-12 00:30";97.43;"A";4213.8;"A";98.44;"A";67.78;"A";59.69;"A";6.3;"A";60.09;"A";12;"A";-0.83;"A";87.88;"A";1014.04;"A";0;"A";16;"A";13;"A";792;"A";0;"A";246.67;"A"
"2025-01-12 00:45";97.43;"A";4213.73;"A";105.43;"A";72.57;"A";63.91;"A";6.28;"A";59.92;"A";12;"A";-0.92;"A";87.65;"A";1014.15;"A";0;"A";16;"A";13;"A";786;"A";0;"A";313.33;"A"
"2025-01-12 01:00";97.43;"A";4213.73;"A";113.78;"A";78.3;"A";68.96;"A";6.11;"A";60.05;"A";13;"A";-1.02;"A";88.05;"A";1014.31;"A";0;"A";16;"A";14;"A";807;"A";0;"A";293.33;"A"
"2025-01-12 01:15";97.42;"A";4214;"A";138.93;"A";95.55;"A";84.15;"A";6.01;"A";60.04;"A";12;"A";-1.14;"A";87.6;"A";1014.38;"A";0;"A";20;"A";13;"A";1057;"A";0;"A";220;"A"
"2025-01-12 01:30";97.42;"A";4213.73;"A";157.24;"A";108.12;"A";95.22;"A";5.74;"A";60.04;"A";12;"A";-1.3;"A";87.29;"A";1014.47;"A";0;"A";23;"A";14;"A";1200;"A";0;"A";220;"A"
"2025-01-12 01:45";97.42;"A";4213.87;"A";146.45;"A";100.72;"A";88.7;"A";5.69;"A";60.09;"A";12;"A";-1.33;"A";88;"A";1014.62;"A";0;"A";23;"A";13;"A";1127;"A";0;"A";306.67;"A"
"2025-01-12 02:00";97.42;"A";4213.73;"A";128.34;"A";88.29;"A";77.75;"A";5.76;"A";59.9;"A";11;"A";-1.35;"A";87.35;"A";1014.73;"A";0;"A";22;"A";12;"A";1043;"A";0.33;"A";200;"A"
"2025-01-12 02:15";97.42;"A";4213.87;"A";102.51;"A";70.57;"A";62.15;"A";5.36;"A";59.95;"A";11;"A";-1.54;"A";86.75;"A";1014.67;"A";0;"A";20;"A";12;"A";844;"A";0;"A";246.67;"A"
"2025-01-12 02:30";97.42;"A";4213.8;"A";118.37;"A";81.45;"A";71.74;"A";5.34;"A";59.99;"A";12;"A";-1.68;"A";87.32;"A";1014.68;"A";0;"A";21;"A";13;"A";929;"A";0;"A";296.67;"A"
"2025-01-12 02:45";97.42;"A";4213.73;"A";118.25;"A";81.37;"A";71.66;"A";5.15;"A";60.06;"A";11;"A";-1.83;"A";87.6;"A";1014.62;"A";0;"A";21;"A";12;"A";919;"A";0;"A";300;"A"
"2025-01-12 03:00";97.42;"A";4213.8;"A";108.14;"A";74.43;"A";65.55;"A";5.25;"A";59.85;"A";11;"A";-1.82;"A";87.31;"A";1014.59;"A";0;"A";19;"A";12;"A";824;"A";0;"A";130;"A"
"2025-01-12 03:15";97.42;"A";4213.87;"A";109.91;"A";75.65;"A";66.62;"A";4.98;"A";60;"A";11;"A";-1.97;"A";87.19;"A";1014.58;"A";0;"A";17;"A";12;"A";718;"A";0;"A";130;"A"
"2025-01-12 03:30";97.42;"A";4213.93;"A";120.42;"A";82.86;"A";72.97;"A";4.56;"A";60.04;"A";11;"A";-2.18;"A";86.3;"A";1014.69;"A";0;"A";18;"A";13;"A";784;"A";0;"A";253.33;"A"
"2025-01-12 03:45";97.41;"A";4213.8;"A";97.28;"A";67.28;"A";58.54;"A";4.25;"A";60.06;"A";12;"A";-2.39;"A";86.29;"A";1014.6;"A";0;"A";17;"A";13;"A";676;"A";0;"A";293.33;"A"
"2025-01-12 04:00";97.41;"A";4213.6;"A";97.81;"A";68.15;"A";58.97;"A";4.28;"A";60.07;"A";11;"A";-2.58;"A";86.83;"A";1014.62;"A";0;"A";16;"A";12;"A";665;"A";0;"A";300;"A"
"2025-01-12 04:15";97.41;"A";4213.8;"A";88.82;"A";61.18;"A";53.88;"A";4.55;"A";59.83;"A";11;"A";-2.37;"A";87.21;"A";1014.75;"A";0;"A";14;"A";12;"A";590;"A";0;"A";200;"A"
"2025-01-12 04:30";97.41;"A";4213.8;"A";117.81;"A";82.04;"A";70.54;"A";4.07;"A";60.2;"A";11;"A";-2.62;"A";86.03;"A";1014.82;"A";0;"A";16;"A";12;"A";776;"A";0.33;"A";253.33;"A"
"2025-01-12 04:45";97.41;"A";4213.73;"A";114.74;"A";80.31;"A";67.5;"A";4.11;"A";59.82;"A";11;"A";-2.61;"A";86.36;"A";1014.8;"A";0;"A";15;"A";12;"A";727;"A";0.33;"A";283.33;"A"
"2025-01-12 05:00";97.41;"A";4213.8;"A";108.5;"A";74.68;"A";65.77;"A";4.27;"A";59.92;"A";10;"A";-2.59;"A";86.6;"A";1014.86;"A";0;"A";16;"A";12;"A";689;"A";0;"A";200;"A"
"2025-01-12 05:15";97.41;"A";4213.93;"A";106.13;"A";73.05;"A";64.34;"A";3.97;"A";60.04;"A";11;"A";-2.76;"A";86.65;"A";1014.96;"A";0;"A";15;"A";12;"A";685;"A";0;"A";200;"A"
"2025-01-12 05:30";97.41;"A";4213.93;"A";103.77;"A";71.44;"A";62.91;"A";4;"A";59.97;"A";11;"A";-2.77;"A";86.63;"A";1015.1;"A";0;"A";15;"A";12;"A";666;"A";0;"A";310;"A"
"2025-01-12 05:45";97.41;"A";4213.73;"A";105.56;"A";72.66;"A";63.99;"A";3.82;"A";59.97;"A";10;"A";-2.92;"A";86.52;"A";1015.27;"A";0;"A";16;"A";12;"A";671;"A";0;"A";300;"A"
"2025-01-12 06:00";97.4;"A";4213.8;"A";103.74;"A";71.41;"A";62.89;"A";3.9;"A";59.94;"A";11;"A";-3;"A";86.89;"A";1015.33;"A";0;"A";16;"A";11;"A";670;"A";0;"A";236.67;"A"
"2025-01-12 06:15";97.4;"A";4213.8;"A";102.49;"A";70.56;"A";62.14;"A";3.74;"A";60.03;"A";11;"A";-3;"A";86.69;"A";1015.26;"A";0;"A";16;"A";11;"A";676;"A";0;"A";320;"A"
"2025-01-12 06:30";97.4;"A";4213.8;"A";99.77;"A";68.69;"A";60.49;"A";3.66;"A";59.98;"A";10;"A";-3.13;"A";86.92;"A";1015.18;"A";0;"A";15;"A";11;"A";672;"A";0;"A";293.33;"A"
"2025-01-12 06:45";97.4;"A";4213.8;"A";85.9;"A";59.18;"A";52.12;"A";3.56;"A";59.93;"A";11;"A";-3.19;"A";86.61;"A";1015.33;"A";0;"A";15;"A";11;"A";620;"A";0;"A";303.33;"A"
"2025-01-12 07:00";97.4;"A";4213.8;"A";73.36;"A";50.57;"A";44.54;"A";3.55;"A";60.09;"A";12;"A";-3.27;"A";87.49;"A";1015.32;"A";0;"A";14;"A";13;"A";565;"A";0;"A";186.67;"A"
"2025-01-12 07:15";97.4;"A";4213.93;"A";73.83;"A";50.89;"A";44.82;"A";3.41;"A";59.75;"A";11;"A";-3.48;"A";86.15;"A";1015.47;"A";0;"A";13;"A";13;"A";561;"A";0;"A";133.33;"A"
"2025-01-12 07:30";97.4;"A";4213.87;"A";79.81;"A";57.32;"A";46.79;"A";2.65;"A";59.91;"A";12;"A";-3.61;"A";85.24;"A";1015.74;"A";0;"A";14;"A";13;"A";497;"A";0;"A";286.67;"A"
"2025-01-12 07:45";97.4;"A";4213.73;"A";90.5;"A";62.33;"A";54.9;"A";2.66;"A";60.04;"A";12;"A";-3.7;"A";85.78;"A";1015.78;"A";0;"A";15;"A";13;"A";560;"A";0.33;"A";276.67;"A"
"2025-01-12 08:00";97.4;"A";4213.87;"A";104.66;"A";72.05;"A";63.45;"A";2.94;"A";60.08;"A";12;"A";-3.61;"A";86.2;"A";1015.85;"A";0;"A";15;"A";13;"A";647;"A";0;"A";253.33;"A"
"2025-01-12 08:15";97.4;"A";4213.8;"A";105.19;"A";72.41;"A";63.77;"A";3.01;"A";60.15;"A";12;"A";-3.5;"A";86.24;"A";1015.96;"A";0;"A";15;"A";14;"A";660;"A";0;"A";236.67;"A"
"2025-01-12 08:30";97.4;"A";4213.8;"A";127.4;"A";87.64;"A";77.19;"A";3.45;"A";59.87;"A";13;"A";-3.21;"A";86.64;"A";1016.09;"A";0;"A";16;"A";14;"A";813;"A";0;"A";210;"A"
"2025-01-12 08:45";97.4;"A";4213.73;"A";206.26;"A";145.1;"A";122.73;"A";3.55;"A";59.91;"A";15;"A";-2.76;"A";84.81;"A";1016.26;"A";0;"A";19;"A";16;"A";1040;"A";0;"A";266.67;"A"
"2025-01-12 09:00";97.39;"A";4213.8;"A";190.03;"A";131.5;"A";114.14;"A";3.85;"A";60.05;"A";15;"A";-2.28;"A";84.58;"A";1016.26;"A";0;"A";19;"A";16;"A";1043;"A";0;"A";306.67;"A"
"2025-01-12 09:15";97.39;"A";4214;"A";146.75;"A";100.92;"A";88.88;"A";4.59;"A";59.92;"A";16;"A";-1.85;"A";85.61;"A";1016.39;"A";0;"A";19;"A";18;"A";991;"A";0;"A";306.67;"A"
"2025-01-12 09:30";97.39;"A";4213.73;"A";114.36;"A";78.7;"A";69.31;"A";5.36;"A";60.08;"A";16;"A";-1.31;"A";86.93;"A";1016.28;"A";0;"A";18;"A";18;"A";782;"A";0.33;"A";323.33;"A"
"2025-01-12 09:45";97.39;"A";4213.67;"A";87.23;"A";60.09;"A";52.92;"A";6.19;"A";59.85;"A";15;"A";-0.36;"A";85.53;"A";1016.38;"A";0;"A";13;"A";16;"A";559;"A";0;"A";210;"A"
"2025-01-12 10:00";97.39;"A";4213.67;"A";86.63;"A";59.68;"A";52.56;"A";6.48;"A";59.79;"A";16;"A";0.4;"A";82.45;"A";1016.41;"A";0;"A";12;"A";16;"A";557;"A";0;"A";303.33;"A"
"2025-01-12 10:15";97.39;"A";4213.8;"A";79.87;"A";55.04;"A";48.47;"A";6.67;"A";60.02;"A";18;"A";1.06;"A";80.72;"A";1016.44;"A";0;"A";11;"A";19;"A";522;"A";0;"A";306.67;"A"
"2025-01-12 10:30";97.39;"A";4213.73;"A";73.56;"A";50.71;"A";44.66;"A";6.93;"A";59.99;"A";19;"A";1.53;"A";79.39;"A";1016.03;"A";0;"A";10;"A";19;"A";445;"A";0;"A";313.33;"A"
"2025-01-12 10:45";97.39;"A";4213.6;"A";54.36;"A";40.04;"A";31.71;"A";7.14;"A";59.69;"A";22;"A";2.21;"A";77.37;"A";1016.11;"A";1;"A";6;"A";22;"A";252;"A";0;"A";200;"A"
"2025-01-12 11:00";97.39;"A";4213.73;"A";48.83;"A";39.21;"A";27.98;"A";7.63;"A";58.41;"A";23;"A";3.2;"A";73.01;"A";1015.93;"A";3;"A";4;"A";21;"A";231;"A";0.33;"A";153.33;"A"
"2025-01-12 11:15";97.39;"A";4213.67;"A";37.69;"A";30.17;"A";21.19;"A";8.48;"A";55.85;"A";23;"A";4.04;"A";69.11;"A";1015.73;"A";7;"A";4;"A";16;"A";157;"A";0.33;"A";320;"A"
"2025-01-12 11:30";97.38;"A";4213.4;"A";31.18;"A";24.03;"A";17.17;"A";9.24;"A";52.97;"A";24;"A";4.03;"A";68.04;"A";1015.7;"A";9;"A";5;"A";14;"A";136;"A";0;"A";330;"A"
"2025-01-12 11:45";97.38;"A";4213.73;"A";26.36;"A";20.14;"A";14.31;"A";9.51;"A";51.42;"A";26;"A";3.98;"A";67.97;"A";1015.84;"A";10;"A";4;"A";16;"A";122;"A";0.67;"A";340;"A"
"2025-01-12 12:00";97.38;"A";4213.47;"A";24.17;"A";19.77;"A";14.25;"A";9.45;"A";51.9;"A";25;"A";3.99;"A";68.26;"A";1015.83;"A";11;"A";4;"A";14;"A";117;"A";0;"A";190;"A"
"2025-01-12 12:15";97.38;"A";4213.53;"A";22.96;"A";18.11;"A";13.41;"A";9.42;"A";51.73;"A";25;"A";4.08;"A";67.29;"A";1015.68;"A";12;"A";3;"A";12;"A";116;"A";0;"A";320;"A"
"2025-01-12 12:30";97.38;"A";4213.53;"A";19.79;"A";16;"A";11.84;"A";9.43;"A";51.62;"A";24;"A";4.21;"A";67.87;"A";1015.67;"A";14;"A";3;"A";11;"A";108;"A";0;"A";230;"A"
"2025-01-12 12:45";97.38;"A";4213.67;"A";23.84;"A";19.03;"A";13.82;"A";9.48;"A";51.63;"A";25;"A";4.29;"A";66.51;"A";1015.52;"A";13;"A";2;"A";12;"A";115;"A";0.33;"A";343.33;"A"
"2025-01-12 13:00";97.37;"A";4206.33;"A";25.6;"A";20.56;"A";14.96;"A";9.52;"A";51.61;"A";25;"A";4.36;"A";66.7;"A";1015.42;"A";13;"A";2;"A";12;"A";124;"A";0;"A";110;"A"
"2025-01-12 13:15";97.3;"A";4212.8;"A";23.85;"A";19.09;"A";13.73;"A";9.57;"A";50.85;"A";25;"A";4.41;"A";65.15;"A";1015.43;"A";14;"A";2;"A";11;"A";121;"A";0;"A";126.67;"A"
"2025-01-12 13:30";97.33;"A";4212.87;"A";23;"A";18.33;"A";13.15;"A";9.63;"A";50.07;"A";25;"A";4.55;"A";65.38;"A";1015.29;"A";15;"A";2;"A";10;"A";123;"A";0;"A";130;"A"
"2025-01-12 13:45";97.35;"A";4212.87;"A";24.18;"A";17.84;"A";12.96;"A";9.73;"A";50.37;"A";25;"A";4.71;"A";64.13;"A";1015.17;"A";15;"A";2;"A";10;"A";120;"A";0;"A";133.33;"A"
"2025-01-12 14:00";97.36;"A";4213.13;"A";19.52;"A";15.8;"A";11.22;"A";9.85;"A";50.01;"A";25;"A";4.77;"A";64.61;"A";1015.24;"A";15;"A";2;"A";10;"A";104;"A";0.33;"A";206.67;"A"
"2025-01-12 14:15";97.36;"A";4213.2;"A";17.24;"A";13.9;"A";9.76;"A";9.93;"A";49.43;"A";25;"A";4.73;"A";63.5;"A";1015.31;"A";16;"A";2;"A";9;"A";104;"A";0.33;"A";210;"A"
"2025-01-12 14:30";97.37;"A";4213.33;"A";18.67;"A";14.34;"A";10.34;"A";9.91;"A";49.38;"A";25;"A";4.66;"A";64.15;"A";1015.48;"A";14;"A";2;"A";10;"A";113;"A";0;"A";180;"A"
"2025-01-12 14:45";97.37;"A";4213.53;"A";20.63;"A";15.32;"A";11.07;"A";9.85;"A";50.08;"A";24;"A";4.57;"A";65.27;"A";1015.48;"A";13;"A";2;"A";11;"A";127;"A";0.33;"A";146.67;"A"
"2025-01-12 15:00";97.3;"A";4195.4;"A";23.64;"A";17.78;"A";12.48;"A";9.84;"A";50.01;"A";24;"A";4.6;"A";65.54;"A";1015.55;"A";11;"A";1;"A";13;"A";143;"A";0;"A";196.67;"A"
"2025-01-12 15:15";97.22;"A";4211.87;"A";23.59;"A";17.46;"A";12.55;"A";9.83;"A";50.15;"A";24;"A";4.51;"A";64.87;"A";1015.56;"A";10;"A";2;"A";14;"A";146;"A";0;"A";193.33;"A"
"2025-01-12 15:30";97.28;"A";4212.27;"A";23.91;"A";18.98;"A";13.19;"A";9.8;"A";50.44;"A";24;"A";4.42;"A";66.31;"A";1015.6;"A";9;"A";2;"A";15;"A";157;"A";0;"A";250;"A"
"2025-01-12 15:45";97.32;"A";4212.8;"A";30.35;"A";21.23;"A";14.97;"A";9.72;"A";50.02;"A";24;"A";4.28;"A";65.78;"A";1015.59;"A";9;"A";2;"A";15;"A";168;"A";0;"A";193.33;"A"
"2025-01-12 16:00";97.34;"A";4212.8;"A";37.77;"A";26.94;"A";18.56;"A";9.63;"A";49.66;"A";26;"A";4.29;"A";64.65;"A";1015.55;"A";6;"A";2;"A";20;"A";236;"A";0;"A";250;"A"
"2025-01-12 16:15";97.35;"A";4212.87;"A";46.69;"A";31.99;"A";21.63;"A";9.55;"A";50.26;"A";28;"A";4.15;"A";65.33;"A";1015.62;"A";1;"A";2;"A";26;"A";297;"A";0;"A";196.67;"A"
"2025-01-12 16:30";97.36;"A";4212.93;"A";59.57;"A";42.24;"A";29.51;"A";9.44;"A";50.21;"A";28;"A";3.99;"A";65.99;"A";1015.57;"A";2;"A";2;"A";26;"A";340;"A";0;"A";153.33;"A"
"2025-01-12 16:45";97.36;"A";4213.47;"A";67.47;"A";49.02;"A";34.25;"A";9.36;"A";50.1;"A";26;"A";3.97;"A";65.86;"A";1015.72;"A";6;"A";3;"A";20;"A";383;"A";0;"A";140;"A"
"2025-01-12 17:00";97.37;"A";4213.73;"A";61.54;"A";45.88;"A";32.22;"A";9.27;"A";51.08;"A";26;"A";3.93;"A";67.71;"A";1015.78;"A";5;"A";3;"A";22;"A";375;"A";0;"A";223.33;"A"
"2025-01-12 17:15";97.37;"A";4213.93;"A";60.52;"A";45.08;"A";30.85;"A";9.19;"A";52.41;"A";24;"A";3.75;"A";68.81;"A";1015.8;"A";6;"A";3;"A";19;"A";329;"A";0;"A";170;"A"
"2025-01-12 17:30";97.37;"A";4213.67;"A";62.07;"A";46.43;"A";32.02;"A";9.1;"A";52.59;"A";24;"A";3.62;"A";69.74;"A";1015.79;"A";7;"A";3;"A";17;"A";323;"A";0;"A";190;"A"
"2025-01-12 17:45";97.37;"A";4213.67;"A";47.92;"A";37.67;"A";26.37;"A";8.98;"A";53.41;"A";23;"A";3.49;"A";70.71;"A";1015.83;"A";5;"A";4;"A";17;"A";439;"A";0;"A";143.33;"A"
"2025-01-12 18:00";97.37;"A";4213.73;"A";42.35;"A";32.9;"A";23.4;"A";8.86;"A";53.81;"A";23;"A";3.35;"A";70.54;"A";1015.95;"A";4;"A";4;"A";20;"A";417;"A";0.33;"A";236.67;"A"
"2025-01-12 18:15";97.37;"A";4213.67;"A";45.67;"A";35.66;"A";24.6;"A";8.74;"A";53.56;"A";24;"A";3.26;"A";71.14;"A";1016.15;"A";4;"A";3;"A";20;"A";336;"A";0;"A";206.67;"A"
"2025-01-12 18:30";97.37;"A";4213.8;"A";47.72;"A";36.55;"A";25.33;"A";8.63;"A";54.2;"A";24;"A";3.28;"A";71.15;"A";1016.22;"A";4;"A";3;"A";20;"A";323;"A";0.33;"A";210;"A"
"2025-01-12 18:45";97.37;"A";4213.8;"A";43.3;"A";33.77;"A";23.63;"A";8.64;"A";54.88;"A";22;"A";3.31;"A";72.11;"A";1016.47;"A";5;"A";3;"A";17;"A";285;"A";0.33;"A";233.33;"A"
"2025-01-12 19:00";97.37;"A";4213.6;"A";46.36;"A";35.71;"A";24.69;"A";8.59;"A";55.82;"A";21;"A";3.17;"A";73.13;"A";1016.52;"A";5;"A";3;"A";17;"A";288;"A";0;"A";180;"A"
"2025-01-12 19:15";97.27;"A";4191.47;"A";45.31;"A";33.86;"A";23.43;"A";8.57;"A";55.74;"A";21;"A";3.25;"A";72.42;"A";1016.39;"A";7;"A";4;"A";14;"A";249;"A";0;"A";226.67;"A"
"2025-01-12 19:30";97.18;"A";4211.33;"A";44.57;"A";31.54;"A";22.01;"A";8.55;"A";55.59;"A";22;"A";3.22;"A";72.35;"A";1016.39;"A";6;"A";3;"A";16;"A";237;"A";0;"A";183.33;"A"
"2025-01-12 19:45";97.25;"A";4212.07;"A";44.35;"A";32.2;"A";22.19;"A";8.53;"A";56.07;"A";21;"A";3.16;"A";73.54;"A";1016.47;"A";7;"A";4;"A";14;"A";236;"A";0.33;"A";140;"A"
"2025-01-12 20:00";97.29;"A";4212.73;"A";40.68;"A";28.97;"A";19.43;"A";8.47;"A";56.74;"A";21;"A";3.05;"A";74.5;"A";1016.69;"A";7;"A";3;"A";13;"A";207;"A";0;"A";150;"A"
"2025-01-12 20:15";97.32;"A";4212.8;"A";38.49;"A";27.32;"A";18.19;"A";8.43;"A";57.08;"A";20;"A";3.08;"A";74.33;"A";1016.93;"A";8;"A";3;"A";13;"A";169;"A";0.33;"A";150;"A"
"2025-01-12 20:30";97.34;"A";4212.93;"A";34.87;"A";26.07;"A";17.97;"A";8.39;"A";56.93;"A";20;"A";2.97;"A";74.34;"A";1017.1;"A";7;"A";2;"A";14;"A";151;"A";0;"A";200;"A"
"2025-01-12 20:45";97.35;"A";4213.07;"A";32.44;"A";24;"A";16.6;"A";8.28;"A";57.08;"A";21;"A";2.78;"A";74.88;"A";1017.24;"A";6;"A";2;"A";15;"A";124;"A";0;"A";153.33;"A"
"2025-01-12 21:00";97.36;"A";4213.53;"A";31.07;"A";24.44;"A";16.94;"A";8.17;"A";57.35;"A";23;"A";2.82;"A";75.15;"A";1017.41;"A";3;"A";3;"A";20;"A";377;"A";0;"A";203.33;"A"
"2025-01-12 21:15";97.36;"A";4213.87;"A";35.41;"A";27.5;"A";18.58;"A";8.12;"A";57.46;"A";24;"A";2.8;"A";75.09;"A";1017.39;"A";3;"A";1;"A";21;"A";180;"A";0;"A";256.67;"A"
"2025-01-12 21:30";97.36;"A";4213.8;"A";36.99;"A";26.24;"A";18.22;"A";8.09;"A";58.06;"A";22;"A";2.77;"A";74.96;"A";1017.44;"A";3;"A";2;"A";20;"A";163;"A";0;"A";193.33;"A"
"2025-01-12 21:45";97.36;"A";4213.67;"A";37.87;"A";27.84;"A";18.84;"A";8.05;"A";57.44;"A";24;"A";2.7;"A";75.04;"A";1017.63;"A";3;"A";1;"A";21;"A";165;"A";0;"A";303.33;"A"
"2025-01-12 22:00";97.37;"A";4213.73;"A";37.93;"A";27.49;"A";19.09;"A";8.02;"A";57.67;"A";24;"A";2.62;"A";75.64;"A";1017.75;"A";0;"A";1;"A";25;"A";169;"A";0.33;"A";323.33;"A"
"2025-01-12 22:15";97.37;"A";4213.73;"A";33.83;"A";25.28;"A";17.27;"A";7.96;"A";58.13;"A";22;"A";2.55;"A";76.16;"A";1017.89;"A";3;"A";2;"A";19;"A";148;"A";0;"A";186.67;"A"
"2025-01-12 22:30";97.37;"A";4213.8;"A";33.59;"A";25.4;"A";18.08;"A";7.87;"A";58.18;"A";21;"A";2.54;"A";76.16;"A";1017.98;"A";5;"A";2;"A";16;"A";139;"A";0;"A";210;"A"
"2025-01-12 22:45";97.37;"A";4213.73;"A";39;"A";28.01;"A";19.47;"A";7.83;"A";58.28;"A";21;"A";2.4;"A";76.67;"A";1018.07;"A";4;"A";2;"A";16;"A";150;"A";0;"A";276.67;"A"
"2025-01-12 23:00";97.36;"A";4213.8;"A";38.06;"A";26.98;"A";18.5;"A";7.76;"A";57.98;"A";22;"A";2.29;"A";76.11;"A";1018.06;"A";4;"A";2;"A";18;"A";152;"A";0;"A";230;"A"
"2025-01-12 23:15";97.3;"A";4195.8;"A";35.65;"A";27.71;"A";19.39;"A";7.63;"A";57.92;"A";23;"A";2.14;"A";76.38;"A";1018;"A";4;"A";2;"A";18;"A";165;"A";0;"A";203.33;"A"
"2025-01-12 23:30";97.2;"A";4211.8;"A";36.1;"A";28.6;"A";19.27;"A";7.44;"A";58.64;"A";20;"A";1.81;"A";78.03;"A";1018.2;"A";4;"A";3;"A";16;"A";167;"A";0;"A";210;"A"
"2025-01-12 23:45";97.26;"A";4212.6;"A";32.41;"A";25.86;"A";18.3;"A";7.2;"A";58.79;"A";20;"A";1.63;"A";77.6;"A";1018.16;"A";6;"A";3;"A";14;"A";161;"A";0;"A";180;"A"
"2025-01-13 00:00";97.3;"A";4212.87;"A";33.03;"A";27.04;"A";18.8;"A";6.97;"A";59.11;"A";20;"A";1.37;"A";78.67;"A";1018.27;"A";6;"A";3;"A";13;"A";146;"A";0;"A";180;"A"
"2025-01-13 00:15";97.32;"A";4212.87;"A";34.01;"A";25.91;"A";20.19;"A";6.8;"A";59.8;"A";19;"A";1.17;"A";79.57;"A";1018.13;"A";7;"A";3;"A";12;"A";153;"A";0;"A";256.67;"A"
"2025-01-13 00:30";97.33;"A";4213.07;"A";33.9;"A";25.86;"A";19.97;"A";6.65;"A";60.02;"A";20;"A";0.99;"A";80.07;"A";1018.18;"A";7;"A";3;"A";13;"A";156;"A";0;"A";253.33;"A"
"2025-01-13 00:45";97.34;"A";4213.6;"A";33.04;"A";22.91;"A";20.18;"A";6.72;"A";59.95;"A";18;"A";0.79;"A";80.73;"A";1018.16;"A";6;"A";3;"A";13;"A";168;"A";0;"A";203.33;"A"
"2025-01-13 01:00";97.35;"A";4213.8;"A";34.02;"A";23.58;"A";20.77;"A";6.62;"A";59.99;"A";18;"A";0.57;"A";81.73;"A";1018.17;"A";5;"A";3;"A";13;"A";165;"A";0;"A";230;"A"
"2025-01-13 01:15";97.35;"A";4213.8;"A";34.64;"A";24.01;"A";21.15;"A";6.64;"A";60.03;"A";19;"A";0.58;"A";82.04;"A";1018.3;"A";5;"A";2;"A";15;"A";188;"A";0.33;"A";280;"A"
"2025-01-13 01:30";97.36;"A";4213.87;"A";35.45;"A";24.57;"A";21.64;"A";6.65;"A";60;"A";18;"A";0.4;"A";82.67;"A";1018.35;"A";4;"A";3;"A";14;"A";208;"A";0;"A";203.33;"A"
"2025-01-13 01:45";97.36;"A";4213.87;"A";36.2;"A";25.08;"A";22.09;"A";6.63;"A";60.01;"A";17;"A";0.3;"A";83;"A";1018.45;"A";3;"A";4;"A";14;"A";209;"A";0;"A";170;"A"
"2025-01-13 02:00";97.36;"A";4213.6;"A";37.47;"A";25.95;"A";22.86;"A";6.47;"A";60.12;"A";17;"A";0.02;"A";83.94;"A";1018.47;"A";2;"A";3;"A";15;"A";196;"A";0;"A";213.33;"A"
"2025-01-13 02:15";97.36;"A";4213.8;"A";39.4;"A";27.27;"A";24.02;"A";6.42;"A";60.05;"A";16;"A";-0.14;"A";84.14;"A";1018.54;"A";1;"A";4;"A";15;"A";205;"A";0;"A";203.33;"A"
"2025-01-13 02:30";97.36;"A";4213.73;"A";39.18;"A";27.13;"A";23.89;"A";6.2;"A";60.03;"A";17;"A";-0.45;"A";84.89;"A";1018.58;"A";2;"A";4;"A";15;"A";200;"A";0;"A";273.33;"A"
"2025-01-13 02:45";97.36;"A";4213.73;"A";37.02;"A";25.64;"A";22.58;"A";6.23;"A";59.97;"A";19;"A";-0.4;"A";84.97;"A";1018.74;"A";1;"A";2;"A";19;"A";187;"A";0;"A";310;"A"
"2025-01-13 03:00";97.36;"A";4213.73;"A";36.56;"A";25.32;"A";22.3;"A";6.27;"A";59.98;"A";19;"A";-0.32;"A";84.73;"A";1018.73;"A";1;"A";2;"A";19;"A";184;"A";0.33;"A";190;"A"
"2025-01-13 03:15";97.36;"A";4213.73;"A";35.63;"A";24.69;"A";21.74;"A";6.1;"A";59.93;"A";17;"A";-0.44;"A";84.54;"A";1018.75;"A";2;"A";3;"A";15;"A";171;"A";0;"A";193.33;"A"
"2025-01-13 03:30";97.36;"A";4214;"A";34.76;"A";24.09;"A";21.22;"A";6.16;"A";59.97;"A";17;"A";-0.49;"A";84.94;"A";1019.02;"A";2;"A";3;"A";15;"A";165;"A";0;"A";206.67;"A"
"2025-01-13 03:45";97.36;"A";4213.87;"A";35.08;"A";24.31;"A";21.41;"A";6.07;"A";59.99;"A";17;"A";-0.54;"A";84.82;"A";1019.32;"A";1;"A";3;"A";16;"A";171;"A";0;"A";256.67;"A"
"2025-01-13 04:00";97.36;"A";4213.73;"A";34.96;"A";24.23;"A";21.34;"A";6.06;"A";60.04;"A";18;"A";-0.55;"A";85.14;"A";1019.33;"A";3;"A";3;"A";16;"A";164;"A";0.67;"A";323.33;"A"
"2025-01-13 04:15";97.35;"A";4213.87;"A";35.11;"A";24.33;"A";21.43;"A";5.99;"A";59.96;"A";17;"A";-0.74;"A";85.1;"A";1019.49;"A";1;"A";3;"A";16;"A";159;"A";0;"A";230;"A"
"2025-01-13 04:30";97.35;"A";4213.73;"A";36.05;"A";24.97;"A";22;"A";5.75;"A";60.02;"A";17;"A";-1.04;"A";86.24;"A";1019.61;"A";0;"A";4;"A";17;"A";167;"A";0;"A";320;"A"
"2025-01-13 04:45";97.35;"A";4213.8;"A";37.3;"A";25.83;"A";22.75;"A";5.67;"A";60.04;"A";16;"A";-1.19;"A";86.17;"A";1019.9;"A";0;"A";4;"A";17;"A";174;"A";0;"A";243.33;"A"
"2025-01-13 05:00";97.35;"A";4213.87;"A";38.3;"A";26.52;"A";23.36;"A";5.65;"A";59.88;"A";16;"A";-1.39;"A";86.77;"A";1019.97;"A";0;"A";3;"A";17;"A";195;"A";0;"A";193.33;"A"
"2025-01-13 05:15";97.35;"A";4213.8;"A";38.46;"A";26.63;"A";23.46;"A";5.54;"A";60.03;"A";17;"A";-1.51;"A";86.98;"A";1020.04;"A";0;"A";3;"A";18;"A";194;"A";0;"A";106.67;"A"
"2025-01-13 05:30";97.35;"A";4213.8;"A";39.35;"A";27.24;"A";23.99;"A";5.3;"A";60.12;"A";15;"A";-1.67;"A";86.93;"A";1020.24;"A";0;"A";4;"A";17;"A";213;"A";0.33;"A";210;"A"
"2025-01-13 05:45";97.35;"A";4213.8;"A";43.06;"A";29.79;"A";26.23;"A";5.11;"A";59.92;"A";15;"A";-1.8;"A";86.73;"A";1020.41;"A";0;"A";4;"A";18;"A";269;"A";0;"A";260;"A"
"2025-01-13 06:00";97.35;"A";4213.6;"A";42.46;"A";29.37;"A";25.87;"A";5.1;"A";60.01;"A";16;"A";-1.87;"A";87.14;"A";1020.71;"A";0;"A";4;"A";18;"A";272;"A";0.33;"A";323.33;"A"
"2025-01-13 06:15";97.35;"A";4213.67;"A";46.05;"A";31.83;"A";28.04;"A";4.92;"A";60.03;"A";16;"A";-2.07;"A";87.22;"A";1020.75;"A";0;"A";5;"A";18;"A";265;"A";0;"A";260;"A"
"2025-01-13 06:30";97.35;"A";4213.87;"A";46.31;"A";32.02;"A";28.2;"A";4.91;"A";60.04;"A";16;"A";-2.1;"A";87.95;"A";1020.78;"A";0;"A";5;"A";18;"A";266;"A";0;"A";293.33;"A"
"2025-01-13 06:45";97.35;"A";4213.8;"A";47.34;"A";32.72;"A";28.82;"A";4.84;"A";59.91;"A";15;"A";-2.19;"A";86.96;"A";1020.94;"A";0;"A";4;"A";17;"A";266;"A";0;"A";196.67;"A"
"2025-01-13 07:00";97.34;"A";4213.87;"A";49.91;"A";34.48;"A";30.37;"A";4.55;"A";60.11;"A";16;"A";-2.36;"A";86.95;"A";1021.09;"A";0;"A";4;"A";18;"A";311;"A";0;"A";253.33;"A"
"2025-01-13 07:15";97.34;"A";4213.93;"A";58.26;"A";40.21;"A";35.41;"A";4.17;"A";59.89;"A";14;"A";-2.59;"A";85.95;"A";1021.67;"A";0;"A";7;"A";17;"A";485;"A";0;"A";193.33;"A"
"2025-01-13 07:30";97.34;"A";4213.93;"A";59.38;"A";40.98;"A";36.1;"A";4.13;"A";59.87;"A";15;"A";-2.64;"A";86.8;"A";1021.98;"A";0;"A";8;"A";17;"A";505;"A";0;"A";123.33;"A"
"2025-01-13 07:45";97.34;"A";4213.8;"A";64.37;"A";44.41;"A";39.11;"A";4;"A";60.16;"A";15;"A";-2.74;"A";86.57;"A";1022.48;"A";0;"A";8;"A";17;"A";575;"A";0.67;"A";333.33;"A"
"2025-01-13 08:00";97.34;"A";4213.73;"A";106.86;"A";73.56;"A";64.78;"A";3.96;"A";60.07;"A";17;"A";-2.66;"A";86.01;"A";1022.63;"A";0;"A";8;"A";19;"A";575;"A";0;"A";223.33;"A"
"2025-01-13 08:15";97.34;"A";4213.73;"A";84.45;"A";58.18;"A";51.24;"A";4.16;"A";59.92;"A";17;"A";-2.42;"A";85.65;"A";1022.84;"A";0;"A";8;"A";19;"A";554;"A";0;"A";326.67;"A"
"2025-01-13 08:30";97.34;"A";4213.73;"A";43.58;"A";30.15;"A";26.55;"A";4.05;"A";60.06;"A";13;"A";-2.44;"A";85.84;"A";1022.87;"A";1;"A";7;"A";12;"A";239;"A";0.33;"A";323.33;"A"
"2025-01-13 08:45";97.34;"A";4213.87;"A";43.43;"A";30.04;"A";26.46;"A";4.22;"A";59.89;"A";14;"A";-2.24;"A";85.26;"A";1022.9;"A";2;"A";6;"A";12;"A";247;"A";0.33;"A";320;"A"
"2025-01-13 09:00";97.34;"A";4213.87;"A";57.3;"A";39.55;"A";34.83;"A";4.4;"A";59.99;"A";15;"A";-1.82;"A";83.91;"A";1022.9;"A";0;"A";5;"A";15;"A";429;"A";0.33;"A";340;"A"
"2025-01-13 09:15";97.34;"A";4213.87;"A";89.22;"A";61.46;"A";54.12;"A";4.68;"A";60.13;"A";20;"A";-1.63;"A";85.05;"A";1023.15;"A";0;"A";7;"A";23;"A";692;"A";0.33;"A";303.33;"A"
"2025-01-13 09:30";97.34;"A";4213.93;"A";66.31;"A";45.92;"A";40.09;"A";5.17;"A";60.04;"A";20;"A";-1.52;"A";86.15;"A";1023.3;"A";0;"A";4;"A";22;"A";299;"A";0.33;"A";216.67;"A"
"2025-01-13 09:45";97.34;"A";4213.8;"A";63.94;"A";44.42;"A";38.25;"A";5.29;"A";59.99;"A";19;"A";-1.49;"A";85.78;"A";1023.61;"A";0;"A";4;"A";21;"A";255;"A";0.33;"A";326.67;"A"
"2025-01-13 10:00";97.33;"A";4213.73;"A";64.04;"A";44.18;"A";38.91;"A";5.36;"A";59.99;"A";19;"A";-1.26;"A";85.53;"A";1023.8;"A";0;"A";4;"A";21;"A";313;"A";0;"A";120;"A"
"2025-01-13 10:15";97.33;"A";4213.8;"A";62.73;"A";43.28;"A";38.12;"A";5.57;"A";59.99;"A";19;"A";-1.14;"A";86.05;"A";1023.88;"A";0;"A";4;"A";21;"A";312;"A";0.33;"A";270;"A"
"2025-01-13 10:30";97.33;"A";4213.8;"A";55.98;"A";38.65;"A";34.04;"A";5.8;"A";59.89;"A";18;"A";-0.83;"A";85.41;"A";1023.97;"A";0;"A";4;"A";20;"A";265;"A";0;"A";333.33;"A"
"2025-01-13 10:45";97.33;"A";4213.8;"A";57.73;"A";39.85;"A";35.09;"A";5.96;"A";60;"A";18;"A";-0.65;"A";85.48;"A";1023.98;"A";0;"A";4;"A";20;"A";251;"A";0.33;"A";220;"A"
"2025-01-13 11:00";97.33;"A";4213.73;"A";56.07;"A";38.71;"A";34.09;"A";6.05;"A";59.98;"A";19;"A";-0.57;"A";85.3;"A";1024.03;"A";0;"A";4;"A";21;"A";221;"A";0;"A";220;"A"
"2025-01-13 11:15";97.33;"A";4209.13;"A";54.52;"A";37.65;"A";33.16;"A";6.04;"A";59.95;"A";19;"A";-0.45;"A";84.68;"A";1023.91;"A";0;"A";3;"A";22;"A";208;"A";1.33;"A";226.67;"A"
"2025-01-13 11:30";97.07;"A";4174.53;"A";56.44;"A";38.97;"A";34.32;"A";6.08;"A";59.99;"A";20;"A";-0.3;"A";84.44;"A";1024;"A";0;"A";3;"A";23;"A";222;"A";0;"A";323.33;"A"
"2025-01-13 11:45";97;"A";4210;"A";51.4;"A";35.51;"A";31.27;"A";6.2;"A";59.85;"A";20;"A";-0.24;"A";84.03;"A";1023.97;"A";0;"A";3;"A";23;"A";201;"A";0;"A";320;"A"
"2025-01-13 12:00";97.04;"A";4202.27;"A";50.4;"A";34.82;"A";30.67;"A";6.24;"A";60.08;"A";20;"A";-0.03;"A";83.82;"A";1024.14;"A";0;"A";3;"A";23;"A";200;"A";0;"A";146.67;"A"
"2025-01-13 12:15";97.14;"A";4211.53;"A";53.71;"A";37.09;"A";32.67;"A";6.39;"A";60.06;"A";20;"A";0.22;"A";83.42;"A";1024.29;"A";0;"A";3;"A";23;"A";235;"A";0.33;"A";316.67;"A"
"2025-01-13 12:30";97.2;"A";4212.27;"A";54.46;"A";37.61;"A";33.12;"A";6.45;"A";60.05;"A";20;"A";0.35;"A";82.86;"A";1024.38;"A";0;"A";3;"A";23;"A";254;"A";0;"A";303.33;"A"
"2025-01-13 12:45";97.24;"A";4212.8;"A";44.94;"A";31.08;"A";27.37;"A";6.76;"A";59.88;"A";18;"A";0.71;"A";82.37;"A";1024.3;"A";0;"A";3;"A";20;"A";243;"A";0;"A";180;"A"
"2025-01-13 13:00";97.27;"A";4212.8;"A";46.51;"A";32.16;"A";28.32;"A";6.67;"A";60.06;"A";17;"A";0.87;"A";81.84;"A";1024.41;"A";1;"A";4;"A";16;"A";240;"A";0.33;"A";170;"A"
"2025-01-13 13:15";97.29;"A";4212.87;"A";47.31;"A";32.7;"A";28.8;"A";6.92;"A";60.04;"A";15;"A";1.18;"A";81.34;"A";1024.55;"A";1;"A";5;"A";14;"A";252;"A";0;"A";170;"A"
"2025-01-13 13:30";97.3;"A";4213.13;"A";40.34;"A";27.92;"A";24.59;"A";7.19;"A";59.9;"A";14;"A";1.54;"A";80.31;"A";1024.51;"A";4;"A";5;"A";10;"A";209;"A";0;"A";263.33;"A"
"2025-01-13 13:45";97.31;"A";4213.47;"A";37.89;"A";26.24;"A";23.11;"A";7.31;"A";59.91;"A";14;"A";1.82;"A";79.18;"A";1024.51;"A";4;"A";5;"A";10;"A";196;"A";0;"A";273.33;"A"
"2025-01-13 14:00";97.31;"A";4213.47;"A";34.59;"A";27.25;"A";20.02;"A";7.27;"A";59.37;"A";15;"A";2.05;"A";76.9;"A";1024.73;"A";7;"A";5;"A";8;"A";173;"A";0;"A";120;"A"
"2025-01-13 14:15";97.32;"A";4213.6;"A";29.42;"A";25.08;"A";17.94;"A";7.35;"A";58.38;"A";17;"A";2.15;"A";75.66;"A";1024.91;"A";9;"A";4;"A";8;"A";157;"A";0;"A";190;"A"
"2025-01-13 14:30";97.32;"A";4213.8;"A";29.24;"A";23.96;"A";17.31;"A";7.43;"A";57.72;"A";17;"A";2.18;"A";75.39;"A";1025.13;"A";9;"A";4;"A";7;"A";175;"A";0.33;"A";86.67;"A"
"2025-01-13 14:45";97.32;"A";4213.73;"A";27.85;"A";23.74;"A";16.63;"A";7.46;"A";58.29;"A";17;"A";2.19;"A";76.78;"A";1025.31;"A";10;"A";4;"A";7;"A";180;"A";0.33;"A";173.33;"A"
"2025-01-13 15:00";97.33;"A";4213.6;"A";31.25;"A";25.12;"A";18.33;"A";7.49;"A";59.58;"A";16;"A";2.35;"A";77.63;"A";1025.57;"A";9;"A";5;"A";7;"A";180;"A";0;"A";130;"A"
"2025-01-13 15:15";97.33;"A";4213.93;"A";36.11;"A";28.36;"A";20.3;"A";7.6;"A";58.34;"A";17;"A";2.4;"A";75.7;"A";1025.84;"A";11;"A";3;"A";7;"A";168;"A";0.33;"A";196.67;"A"
"2025-01-13 15:30";97.33;"A";4213.73;"A";39.48;"A";32.32;"A";23.08;"A";7.65;"A";58.71;"A";18;"A";2.45;"A";76.64;"A";1025.94;"A";10;"A";4;"A";8;"A";191;"A";0.67;"A";130;"A"
"2025-01-13 15:45";97.33;"A";4213.73;"A";40.04;"A";33.22;"A";23.65;"A";7.68;"A";58.17;"A";18;"A";2.34;"A";76.04;"A";1026.11;"A";11;"A";3;"A";7;"A";189;"A";1;"A";130;"A"
"2025-01-13 16:00";97.33;"A";4213.73;"A";44.59;"A";37.09;"A";26.48;"A";7.64;"A";58.18;"A";18;"A";2.22;"A";76.86;"A";1026.39;"A";10;"A";4;"A";8;"A";203;"A";0;"A";123.33;"A"
"2025-01-13 16:15";97.33;"A";4213.73;"A";45.73;"A";38.81;"A";27.3;"A";7.57;"A";58.3;"A";19;"A";2.14;"A";76.71;"A";1026.61;"A";11;"A";3;"A";7;"A";200;"A";0.33;"A";126.67;"A"
"2025-01-13 16:30";97.33;"A";4213.8;"A";48.08;"A";40.07;"A";28.2;"A";7.48;"A";57.92;"A";19;"A";2.04;"A";76.07;"A";1026.79;"A";12;"A";4;"A";7;"A";184;"A";0;"A";106.67;"A"
"2025-01-13 16:45";97.33;"A";4213.8;"A";46.97;"A";40.26;"A";27.78;"A";7.4;"A";57.71;"A";18;"A";1.93;"A";76.15;"A";1026.99;"A";11;"A";4;"A";8;"A";180;"A";0;"A";93.33;"A"
"2025-01-13 17:00";97.32;"A";4213.73;"A";41.91;"A";34.93;"A";24.86;"A";7.31;"A";57.4;"A";19;"A";1.82;"A";75.38;"A";1027.15;"A";12;"A";4;"A";6;"A";172;"A";1;"A";130;"A"
"2025-01-13 17:15";97.32;"A";4213.87;"A";31.39;"A";26.12;"A";18.76;"A";7.19;"A";55.8;"A";20;"A";1.7;"A";73.49;"A";1027.26;"A";14;"A";3;"A";7;"A";158;"A";1;"A";130;"A"
"2025-01-13 17:30";97.32;"A";4213.87;"A";31.89;"A";26.95;"A";18.94;"A";7.06;"A";55.82;"A";21;"A";1.55;"A";73.87;"A";1027.46;"A";14;"A";3;"A";7;"A";147;"A";0;"A";126.67;"A"
"2025-01-13 17:45";97.32;"A";4213.8;"A";30.34;"A";25.66;"A";18.18;"A";6.93;"A";54.93;"A";22;"A";1.29;"A";73.3;"A";1027.59;"A";14;"A";2;"A";8;"A";147;"A";0.33;"A";120;"A"
"2025-01-13 18:00";97.32;"A";4213.73;"A";36.23;"A";30.12;"A";21.15;"A";6.71;"A";55.84;"A";22;"A";1.02;"A";75.48;"A";1027.74;"A";14;"A";3;"A";9;"A";149;"A";0;"A";163.33;"A"
"2025-01-13 18:15";97.32;"A";4213.8;"A";41.43;"A";34.79;"A";23.71;"A";6.45;"A";57.61;"A";21;"A";0.82;"A";77.11;"A";1027.78;"A";10;"A";10;"A";11;"A";994;"A";0;"A";110;"A"
"2025-01-13 18:30";97.32;"A";4213.6;"A";42.32;"A";35.35;"A";24.75;"A";6.24;"A";58.28;"A";21;"A";0.75;"A";77.18;"A";1027.93;"A";8;"A";3;"A";13;"A";295;"A";0;"A";133.33;"A"
"2025-01-13 18:45";97.17;"A";4192.2;"A";48.31;"A";39.98;"A";27.79;"A";6.13;"A";58.29;"A";21;"A";0.7;"A";76.91;"A";1027.99;"A";8;"A";3;"A";13;"A";258;"A";0;"A";200;"A"
"2025-01-13 19:00";97.16;"A";4211.8;"A";53.96;"A";44.36;"A";30.29;"A";6.05;"A";58.49;"A";22;"A";0.61;"A";77.58;"A";1028.1;"A";7;"A";2;"A";14;"A";257;"A";0.33;"A";136.67;"A"
"2025-01-13 19:15";97.21;"A";4212.87;"A";53.49;"A";44.14;"A";30.72;"A";5.96;"A";59.01;"A";21;"A";0.64;"A";77.72;"A";1028.22;"A";7;"A";3;"A";14;"A";300;"A";0;"A";140;"A"
"2025-01-13 19:30";97.25;"A";4212.8;"A";52.73;"A";44.16;"A";30.26;"A";5.94;"A";59.53;"A";21;"A";0.66;"A";78.14;"A";1028.25;"A";6;"A";3;"A";15;"A";239;"A";0;"A";136.67;"A"
"2025-01-13 19:45";97.27;"A";4212.93;"A";55.26;"A";46.13;"A";31.67;"A";5.95;"A";59.41;"A";22;"A";0.63;"A";77.9;"A";1028.36;"A";6;"A";2;"A";16;"A";268;"A";0;"A";256.67;"A"
"2025-01-13 20:00";97.29;"A";4213.13;"A";49.2;"A";39.69;"A";28.55;"A";5.96;"A";59.76;"A";21;"A";0.62;"A";78.78;"A";1028.39;"A";6;"A";3;"A";15;"A";227;"A";0;"A";183.33;"A"
"2025-01-13 20:15";97.3;"A";4213.67;"A";54.62;"A";44.02;"A";31.97;"A";5.98;"A";59.86;"A";21;"A";0.69;"A";78.65;"A";1028.54;"A";6;"A";2;"A";15;"A";249;"A";0.33;"A";133.33;"A"
"2025-01-13 20:30";97.3;"A";4213.73;"A";47.39;"A";36.38;"A";28.82;"A";6.07;"A";59.74;"A";20;"A";0.58;"A";78.77;"A";1028.49;"A";7;"A";3;"A";14;"A";248;"A";0;"A";240;"A"
"2025-01-13 20:45";97.31;"A";4213.8;"A";51.15;"A";40.11;"A";29.9;"A";5.92;"A";59.84;"A";21;"A";0.36;"A";79.78;"A";1028.68;"A";4;"A";4;"A";17;"A";395;"A";0;"A";246.67;"A"
"2025-01-13 21:00";97.31;"A";4213.8;"A";49.7;"A";34.99;"A";30.21;"A";5.87;"A";60.05;"A";20;"A";0.19;"A";80.3;"A";1028.84;"A";3;"A";3;"A";17;"A";285;"A";0.33;"A";303.33;"A"
"2025-01-13 21:15";97.31;"A";4214;"A";55.78;"A";38.94;"A";33.82;"A";5.84;"A";60;"A";20;"A";0.04;"A";80.92;"A";1028.82;"A";5;"A";4;"A";14;"A";292;"A";0.33;"A";310;"A"
"2025-01-13 21:30";97.31;"A";4213.73;"A";64.35;"A";44.39;"A";39.09;"A";5.79;"A";59.98;"A";18;"A";-0.16;"A";81.55;"A";1029.03;"A";7;"A";5;"A";12;"A";328;"A";0;"A";316.67;"A"
"2025-01-13 21:45";97.31;"A";4213.8;"A";58.14;"A";40.13;"A";35.34;"A";5.77;"A";60.06;"A";18;"A";-0.3;"A";82.61;"A";1029.22;"A";8;"A";5;"A";10;"A";292;"A";0.67;"A";330;"A"
"2025-01-13 22:00";97.31;"A";4213.73;"A";55.1;"A";38.04;"A";33.51;"A";6.02;"A";60.05;"A";17;"A";-0.26;"A";83.47;"A";1029.36;"A";8;"A";5;"A";9;"A";266;"A";0.33;"A";323.33;"A"
"2025-01-13 22:15";97.31;"A";4213.6;"A";61.62;"A";42.52;"A";37.45;"A";6.24;"A";59.95;"A";17;"A";-0.12;"A";83.53;"A";1029.36;"A";7;"A";4;"A";10;"A";321;"A";0.33;"A";266.67;"A"
"2025-01-13 22:30";97.31;"A";4213.8;"A";67.05;"A";46.24;"A";40.73;"A";6.26;"A";59.97;"A";18;"A";-0.06;"A";83.68;"A";1029.44;"A";6;"A";4;"A";11;"A";363;"A";0.67;"A";340;"A"
"2025-01-13 22:45";97.31;"A";4213.8;"A";65.17;"A";44.95;"A";39.59;"A";6.36;"A";60;"A";17;"A";-0.01;"A";83.61;"A";1029.46;"A";5;"A";4;"A";13;"A";347;"A";0;"A";323.33;"A"
"2025-01-13 23:00";97.31;"A";4213.87;"A";57.05;"A";39.38;"A";34.68;"A";6.41;"A";60;"A";17;"A";0.12;"A";83.62;"A";1029.63;"A";4;"A";4;"A";13;"A";295;"A";0;"A";293.33;"A"
"2025-01-13 23:15";97.31;"A";4214;"A";50.98;"A";35.22;"A";31.02;"A";6.51;"A";60.01;"A";16;"A";0.23;"A";83.51;"A";1029.51;"A";5;"A";4;"A";11;"A";254;"A";0;"A";260;"A"
"2025-01-13 23:30";97.3;"A";4213.8;"A";39.19;"A";27.13;"A";23.9;"A";6.7;"A";59.94;"A";15;"A";0.35;"A";83.63;"A";1029.39;"A";8;"A";4;"A";7;"A";180;"A";0.33;"A";330;"A"
"2025-01-13 23:45";97.3;"A";4213.73;"A";36.41;"A";25.23;"A";22.22;"A";6.68;"A";60;"A";14;"A";0.4;"A";83.2;"A";1029.4;"A";9;"A";4;"A";5;"A";155;"A";1;"A";336.67;"A"
"2025-01-14 00:00";97.3;"A";4213.73;"A";37.07;"A";25.67;"A";22.61;"A";6.61;"A";60.01;"A";14;"A";0.47;"A";82.71;"A";1029.44;"A";9;"A";4;"A";5;"A";161;"A";0.33;"A";256.67;"A"
"2025-01-14 00:15";97.3;"A";4213.73;"A";39.98;"A";27.68;"A";24.37;"A";6.67;"A";59.98;"A";15;"A";0.5;"A";82.58;"A";1029.43;"A";9;"A";4;"A";6;"A";173;"A";0.67;"A";330;"A"
"2025-01-14 00:30";97.3;"A";4213.73;"A";42.41;"A";29.34;"A";25.84;"A";6.69;"A";60.04;"A";14;"A";0.54;"A";82.82;"A";1029.5;"A";9;"A";4;"A";5;"A";176;"A";0.33;"A";320;"A"
"2025-01-14 00:45";97.3;"A";4213.8;"A";48.32;"A";33.4;"A";29.41;"A";6.74;"A";59.95;"A";14;"A";0.65;"A";82.46;"A";1029.49;"A";9;"A";4;"A";5;"A";178;"A";0;"A";330;"A"
"2025-01-14 01:00";97.3;"A";4213.73;"A";44.52;"A";30.79;"A";27.12;"A";6.75;"A";59.98;"A";14;"A";0.75;"A";81.75;"A";1029.35;"A";9;"A";4;"A";5;"A";169;"A";0;"A";260;"A"
"2025-01-14 01:15";97.26;"A";4197.87;"A";42.22;"A";29.21;"A";25.73;"A";6.58;"A";59.99;"A";15;"A";0.78;"A";80.69;"A";1029.37;"A";10;"A";4;"A";5;"A";167;"A";0;"A";263.33;"A"
"2025-01-14 01:30";97.14;"A";4211.73;"A";33.51;"A";26.03;"A";19.84;"A";6.35;"A";59.47;"A";16;"A";0.82;"A";78.25;"A";1029.32;"A";11;"A";3;"A";5;"A";148;"A";0;"A";196.67;"A"
"2025-01-14 01:45";97.2;"A";4212.67;"A";34.2;"A";28.37;"A";19.67;"A";6.15;"A";58.21;"A";18;"A";0.86;"A";76.19;"A";1029.4;"A";13;"A";3;"A";4;"A";119;"A";0.33;"A";133.33;"A"
"2025-01-14 02:00";97.24;"A";4212.87;"A";36.76;"A";30.39;"A";21.01;"A";6.12;"A";58.22;"A";18;"A";0.86;"A";76.67;"A";1029.49;"A";13;"A";3;"A";5;"A";121;"A";0;"A";60;"A"
"2025-01-14 02:15";97.26;"A";4212.87;"A";39.33;"A";32.2;"A";22.94;"A";6.12;"A";58.51;"A";17;"A";0.85;"A";77.31;"A";1029.5;"A";12;"A";4;"A";5;"A";127;"A";0;"A";213.33;"A"
"2025-01-14 02:30";97.27;"A";4213.47;"A";41.36;"A";35.4;"A";24.24;"A";6.13;"A";58.91;"A";17;"A";0.82;"A";77.4;"A";1029.39;"A";11;"A";3;"A";5;"A";143;"A";0;"A";210;"A"
"2025-01-14 02:45";97.28;"A";4213.8;"A";40.07;"A";33.71;"A";23.57;"A";6.13;"A";59.12;"A";17;"A";0.81;"A";77.59;"A";1029.48;"A";12;"A";3;"A";5;"A";132;"A";0.33;"A";306.67;"A"
"2025-01-14 03:00";97.29;"A";4213.8;"A";36.93;"A";31.06;"A";21.75;"A";6.13;"A";58.79;"A";16;"A";0.8;"A";77.14;"A";1029.45;"A";11;"A";3;"A";5;"A";138;"A";0;"A";323.33;"A"
"2025-01-14 03:15";97.29;"A";4213.73;"A";39.42;"A";33.14;"A";23.27;"A";6.11;"A";58.84;"A";16;"A";0.75;"A";77.56;"A";1029.34;"A";11;"A";3;"A";6;"A";146;"A";0;"A";200;"A"
"2025-01-14 03:30";97.29;"A";4213.87;"A";38.47;"A";31.57;"A";21.86;"A";6.09;"A";58.67;"A";16;"A";0.69;"A";77.32;"A";1029.18;"A";11;"A";3;"A";5;"A";135;"A";0.33;"A";256.67;"A"
"2025-01-14 03:45";97.29;"A";4213.73;"A";34.74;"A";29.13;"A";20;"A";6.04;"A";58.12;"A";16;"A";0.61;"A";76.54;"A";1029.04;"A";11;"A";3;"A";5;"A";130;"A";1;"A";336.67;"A"
"2025-01-14 04:00";97.29;"A";4213.8;"A";33.63;"A";27.28;"A";19.02;"A";5.97;"A";57.51;"A";17;"A";0.53;"A";75.87;"A";1029.12;"A";12;"A";4;"A";5;"A";127;"A";1;"A";336.67;"A"
"2025-01-14 04:15";97.29;"A";4213.73;"A";31.9;"A";26.82;"A";19;"A";5.89;"A";57.1;"A";17;"A";0.51;"A";75.18;"A";1029.1;"A";12;"A";3;"A";5;"A";126;"A";0.33;"A";330;"A"
"2025-01-14 04:30";97.29;"A";4213.87;"A";30.64;"A";25.77;"A";18.37;"A";5.83;"A";56.75;"A";17;"A";0.41;"A";74.24;"A";1029.19;"A";12;"A";2;"A";5;"A";121;"A";1;"A";336.67;"A"
"2025-01-14 04:45";97.29;"A";4213.67;"A";30.64;"A";25.29;"A";18.2;"A";5.76;"A";56.2;"A";17;"A";0.35;"A";74.35;"A";1029.09;"A";13;"A";3;"A";4;"A";120;"A";0;"A";153.33;"A"
"2025-01-14 05:00";97.29;"A";4213.8;"A";30.8;"A";25.69;"A";18.16;"A";5.7;"A";56.15;"A";17;"A";0.33;"A";74.46;"A";1029.24;"A";12;"A";3;"A";5;"A";125;"A";0;"A";263.33;"A"
"2025-01-14 05:15";97.29;"A";4213.93;"A";30.18;"A";25.46;"A";17.48;"A";5.67;"A";56.12;"A";17;"A";0.36;"A";74.16;"A";1029.32;"A";12;"A";3;"A";5;"A";128;"A";0;"A";143.33;"A"
"2025-01-14 05:30";97.29;"A";4213.8;"A";29.73;"A";25.02;"A";17.58;"A";5.68;"A";56.25;"A";17;"A";0.39;"A";74.17;"A";1029.34;"A";12;"A";2;"A";5;"A";123;"A";0;"A";100;"A"
"2025-01-14 05:45";97.29;"A";4213.73;"A";32.22;"A";27.18;"A";19.1;"A";5.69;"A";56.61;"A";16;"A";0.38;"A";74.16;"A";1029.5;"A";11;"A";3;"A";5;"A";134;"A";0;"A";190;"A"
"2025-01-14 06:00";97.29;"A";4213.87;"A";33.64;"A";28.47;"A";19.9;"A";5.72;"A";56.68;"A";16;"A";0.4;"A";74.84;"A";1029.32;"A";11;"A";3;"A";5;"A";139;"A";0;"A";196.67;"A"
"2025-01-14 06:15";97.29;"A";4213.8;"A";31.17;"A";26.67;"A";18.75;"A";5.73;"A";56.84;"A";16;"A";0.42;"A";74.88;"A";1029.31;"A";11;"A";3;"A";5;"A";134;"A";0;"A";256.67;"A"
"2025-01-14 06:30";97.29;"A";4212.07;"A";29.68;"A";25.16;"A";17.8;"A";5.72;"A";57.19;"A";16;"A";0.37;"A";75.38;"A";1029.18;"A";11;"A";3;"A";5;"A";133;"A";0;"A";246.67;"A"
"2025-01-14 06:45";97.14;"A";4194.13;"A";30.52;"A";25.66;"A";18.12;"A";5.7;"A";57.48;"A";16;"A";0.23;"A";76.93;"A";1029.38;"A";10;"A";3;"A";6;"A";154;"A";0.33;"A";260;"A"
"2025-01-14 07:00";97.14;"A";4211.93;"A";31.4;"A";26.72;"A";18.46;"A";5.6;"A";58.34;"A";16;"A";0.16;"A";77.48;"A";1029.34;"A";8;"A";2;"A";8;"A";157;"A";0.67;"A";313.33;"A"
"2025-01-14 07:15";97.19;"A";4212.8;"A";30.33;"A";26.11;"A";18.46;"A";5.53;"A";58.78;"A";16;"A";0.14;"A";77.68;"A";1029.46;"A";9;"A";3;"A";7;"A";149;"A";0;"A";313.33;"A"
"2025-01-14 07:30";97.23;"A";4213;"A";33.1;"A";27.51;"A";18.74;"A";5.5;"A";59.11;"A";15;"A";0.15;"A";78.11;"A";1029.36;"A";8;"A";3;"A";8;"A";157;"A";0.33;"A";316.67;"A"
"2025-01-14 07:45";97.25;"A";4213;"A";32.53;"A";27.32;"A";19.38;"A";5.49;"A";59.32;"A";17;"A";0.23;"A";77.77;"A";1029.51;"A";7;"A";3;"A";10;"A";187;"A";0.67;"A";326.67;"A"
"2025-01-14 08:00";97.26;"A";4213.53;"A";30.48;"A";25.44;"A";18.27;"A";5.54;"A";58.9;"A";16;"A";0.31;"A";76.87;"A";1029.65;"A";7;"A";3;"A";9;"A";188;"A";0;"A";253.33;"A"
"2025-01-14 08:15";97.27;"A";4213.67;"A";31.09;"A";25.48;"A";17.57;"A";5.59;"A";58.45;"A";16;"A";0.37;"A";76.22;"A";1029.6;"A";8;"A";3;"A";7;"A";173;"A";0.67;"A";336.67;"A"
"2025-01-14 08:30";97.28;"A";4213.73;"A";29.41;"A";24.59;"A";16.96;"A";5.65;"A";58.27;"A";16;"A";0.37;"A";76.2;"A";1029.77;"A";8;"A";3;"A";8;"A";164;"A";0.67;"A";340;"A"
"2025-01-14 08:45";97.28;"A";4213.73;"A";28.23;"A";23.74;"A";16.44;"A";5.7;"A";57.98;"A";16;"A";0.41;"A";76.04;"A";1029.83;"A";10;"A";3;"A";6;"A";148;"A";1;"A";340;"A"
"2025-01-14 09:00";97.28;"A";4213.73;"A";27.34;"A";22.23;"A";15.56;"A";5.75;"A";57.86;"A";16;"A";0.52;"A";76.06;"A";1029.72;"A";9;"A";3;"A";7;"A";159;"A";0.67;"A";346.67;"A"
"2025-01-14 09:15";97.29;"A";4213.8;"A";26.52;"A";21.75;"A";15.39;"A";5.82;"A";57.72;"A";17;"A";0.64;"A";75.09;"A";1029.72;"A";9;"A";3;"A";8;"A";170;"A";1;"A";336.67;"A"
"2025-01-14 09:30";97.29;"A";4214;"A";25.82;"A";21.65;"A";15.23;"A";5.95;"A";57.37;"A";16;"A";0.82;"A";74.98;"A";1029.68;"A";9;"A";3;"A";7;"A";161;"A";0.33;"A";343.33;"A"
"2025-01-14 09:45";97.23;"A";4195.53;"A";26.46;"A";22.32;"A";15.9;"A";6.09;"A";56.69;"A";16;"A";0.89;"A";73.67;"A";1029.72;"A";10;"A";3;"A";6;"A";153;"A";0.67;"A";340;"A"
"2025-01-14 10:00";97.08;"A";4206.53;"A";25.94;"A";21.64;"A";15.7;"A";6.23;"A";55.95;"A";16;"A";1.06;"A";72.49;"A";1029.79;"A";10;"A";3;"A";6;"A";165;"A";0.33;"A";340;"A"
"2025-01-14 10:15";97.15;"A";4211.87;"A";33.44;"A";28.45;"A";20.3;"A";6.37;"A";54.85;"A";16;"A";1.14;"A";71.55;"A";1029.79;"A";10;"A";3;"A";5;"A";208;"A";0;"A";203.33;"A"
"2025-01-14 10:30";97.2;"A";4212.8;"A";21.42;"A";17.98;"A";13.06;"A";6.52;"A";54.43;"A";16;"A";1.25;"A";71.45;"A";1029.81;"A";10;"A";3;"A";6;"A";190;"A";0.67;"A";266.67;"A"
"2025-01-14 10:45";97.23;"A";4212.8;"A";19.59;"A";16.24;"A";11.87;"A";6.63;"A";53.77;"A";16;"A";1.27;"A";70.2;"A";1029.72;"A";11;"A";4;"A";5;"A";201;"A";1;"A";340;"A"
"2025-01-14 11:00";97.25;"A";4212.87;"A";18.94;"A";16.05;"A";12.27;"A";6.7;"A";52.92;"A";16;"A";1.45;"A";68.98;"A";1029.59;"A";10;"A";4;"A";6;"A";240;"A";0;"A";343.33;"A"
"2025-01-14 11:15";97.26;"A";4213.27;"A";22.09;"A";18.58;"A";13.69;"A";6.82;"A";52.26;"A";16;"A";1.67;"A";67.87;"A";1029.32;"A";11;"A";3;"A";5;"A";225;"A";1;"A";343.33;"A"
"2025-01-14 11:30";97.27;"A";4213.6;"A";16.48;"A";13.37;"A";9.6;"A";7.02;"A";51.02;"A";17;"A";1.83;"A";66.34;"A";1029.18;"A";12;"A";3;"A";5;"A";165;"A";1;"A";346.67;"A"
"2025-01-14 11:45";97.28;"A";4213.6;"A";15.77;"A";13.4;"A";9.58;"A";7.21;"A";50.24;"A";17;"A";1.91;"A";65.22;"A";1029.06;"A";12;"A";3;"A";5;"A";193;"A";0.33;"A";230;"A"
"2025-01-14 12:00";97.28;"A";4213.67;"A";14.86;"A";12.19;"A";8.77;"A";7.36;"A";49.44;"A";18;"A";2.06;"A";64.43;"A";1028.86;"A";12;"A";2;"A";6;"A";185;"A";1;"A";343.33;"A"
"2025-01-14 12:15";97.28;"A";4213.73;"A";13.72;"A";11.51;"A";8.36;"A";7.47;"A";48.66;"A";18;"A";2.03;"A";64.38;"A";1028.48;"A";13;"A";2;"A";5;"A";144;"A";1.67;"A";343.33;"A"
"2025-01-14 12:30";97.28;"A";4213.73;"A";11.76;"A";10.08;"A";7.47;"A";7.45;"A";48.02;"A";18;"A";2.11;"A";61.74;"A";1028.07;"A";13;"A";3;"A";5;"A";124;"A";0.67;"A";333.33;"A"
"2025-01-14 12:45";97.28;"A";4213.8;"A";9.9;"A";8.51;"A";6.38;"A";7.52;"A";46.06;"A";19;"A";2.1;"A";59.88;"A";1027.86;"A";14;"A";2;"A";4;"A";107;"A";0.33;"A";273.33;"A"
"2025-01-14 13:00";97.28;"A";4213.6;"A";10.07;"A";7.82;"A";5.7;"A";7.51;"A";45.18;"A";21;"A";1.92;"A";58.74;"A";1027.68;"A";15;"A";2;"A";6;"A";111;"A";0;"A";120;"A"
"2025-01-14 13:15";97.26;"A";4203.87;"A";8.37;"A";6.82;"A";4.95;"A";7.44;"A";44.24;"A";20;"A";1.83;"A";58.44;"A";1027.64;"A";15;"A";2;"A";5;"A";99;"A";0.33;"A";233.33;"A"
"2025-01-14 13:30";97.19;"A";4212.4;"A";8.79;"A";6.85;"A";5.11;"A";7.31;"A";44.88;"A";20;"A";1.72;"A";59.06;"A";1027.57;"A";15;"A";2;"A";5;"A";99;"A";0.33;"A";346.67;"A"
"2025-01-14 13:45";97.23;"A";4212.73;"A";7.96;"A";6.5;"A";4.86;"A";7.2;"A";45.03;"A";20;"A";1.48;"A";59.79;"A";1027.57;"A";15;"A";2;"A";5;"A";96;"A";0;"A";203.33;"A"
"2025-01-14 14:00";97.25;"A";4212.87;"A";22.62;"A";17.16;"A";12.32;"A";7.06;"A";45.17;"A";20;"A";1.51;"A";59.59;"A";1027.5;"A";15;"A";2;"A";5;"A";118;"A";0;"A";26.67;"A"
"2025-01-14 14:15";97.26;"A";4213.2;"A";16.61;"A";13.97;"A";10.06;"A";6.99;"A";45.59;"A";20;"A";1.46;"A";59.71;"A";1027.41;"A";15;"A";2;"A";5;"A";124;"A";0.33;"A";273.33;"A"
"2025-01-14 14:30";97.27;"A";4213.4;"A";17.88;"A";14.56;"A";10.38;"A";6.94;"A";45.69;"A";20;"A";1.5;"A";59.97;"A";1027.29;"A";14;"A";2;"A";6;"A";142;"A";0.33;"A";263.33;"A"
"2025-01-14 14:45";97.27;"A";4213.67;"A";13.13;"A";10.99;"A";7.99;"A";6.92;"A";45.76;"A";20;"A";1.37;"A";60.82;"A";1027.24;"A";15;"A";2;"A";6;"A";168;"A";1;"A";343.33;"A"
"2025-01-14 15:00";97.28;"A";4213.6;"A";9.71;"A";7.65;"A";5.75;"A";6.84;"A";46.25;"A";21;"A";1.32;"A";60.97;"A";1027.01;"A";14;"A";2;"A";6;"A";154;"A";0.67;"A";276.67;"A"
"2025-01-14 15:15";97.28;"A";4214;"A";10.36;"A";8.51;"A";6.2;"A";6.71;"A";46.62;"A";20;"A";1.11;"A";62.46;"A";1026.87;"A";14;"A";2;"A";6;"A";134;"A";0;"A";223.33;"A"
"2025-01-14 15:30";97.28;"A";4213.67;"A";11.89;"A";9.36;"A";6.59;"A";6.59;"A";47.39;"A";20;"A";1.08;"A";63.28;"A";1026.77;"A";14;"A";2;"A";6;"A";123;"A";0.33;"A";270;"A"
"2025-01-14 15:45";97.28;"A";4213.8;"A";11.11;"A";8.92;"A";6.55;"A";6.53;"A";47.33;"A";21;"A";0.94;"A";62.59;"A";1026.71;"A";16;"A";2;"A";5;"A";141;"A";1.33;"A";343.33;"A"
"2025-01-14 16:00";97.28;"A";4213.8;"A";12.1;"A";10.18;"A";7.41;"A";6.36;"A";47.52;"A";20;"A";0.87;"A";63.49;"A";1026.79;"A";15;"A";2;"A";5;"A";131;"A";0;"A";190;"A"
"2025-01-14 16:15";97.28;"A";4213.73;"A";13.86;"A";11.52;"A";8.41;"A";6.28;"A";47.94;"A";20;"A";0.85;"A";63.47;"A";1026.71;"A";14;"A";2;"A";6;"A";145;"A";0.33;"A";256.67;"A"
"2025-01-14 16:30";97.28;"A";4213.73;"A";14.66;"A";11.3;"A";8.36;"A";6.19;"A";48;"A";21;"A";0.73;"A";63.89;"A";1026.57;"A";15;"A";2;"A";6;"A";132;"A";0.33;"A";56.67;"A"
"2025-01-14 16:45";97.28;"A";4213.73;"A";27;"A";23.03;"A";16.36;"A";6.1;"A";48.35;"A";21;"A";0.63;"A";64.09;"A";1026.51;"A";14;"A";2;"A";6;"A";187;"A";0.33;"A";163.33;"A"
"2025-01-14 17:00";97.28;"A";4213.8;"A";19.7;"A";16.92;"A";12.68;"A";5.98;"A";48.77;"A";21;"A";0.31;"A";65.36;"A";1026.52;"A";14;"A";2;"A";7;"A";191;"A";0.33;"A";233.33;"A"
"2025-01-14 17:15";97.27;"A";4214;"A";26.39;"A";22.48;"A";16.47;"A";5.75;"A";49.65;"A";20;"A";0.04;"A";66.99;"A";1026.49;"A";13;"A";3;"A";7;"A";196;"A";0;"A";96.67;"A"
"2025-01-14 17:30";97.27;"A";4213.87;"A";24.04;"A";20.41;"A";14.67;"A";5.5;"A";50.8;"A";19;"A";-0.18;"A";67.73;"A";1026.52;"A";12;"A";2;"A";7;"A";165;"A";0;"A";150;"A"
"2025-01-14 17:45";97.26;"A";4208.47;"A";33.66;"A";27.1;"A";19.09;"A";5.25;"A";51.39;"A";19;"A";-0.36;"A";69.44;"A";1026.4;"A";12;"A";3;"A";8;"A";194;"A";0;"A";313.33;"A"
"2025-01-14 18:00";97.14;"A";4204.2;"A";33.24;"A";27.25;"A";19.27;"A";5.03;"A";52.39;"A";20;"A";-0.55;"A";70.22;"A";1026.44;"A";10;"A";3;"A";10;"A";223;"A";1;"A";333.33;"A"
"2025-01-14 18:15";97.18;"A";4212.87;"A";40.09;"A";32.18;"A";22.79;"A";4.84;"A";53.23;"A";19;"A";-0.81;"A";71.67;"A";1026.45;"A";8;"A";3;"A";11;"A";278;"A";0.67;"A";333.33;"A"
"2025-01-14 18:30";97.21;"A";4212.8;"A";44.55;"A";36.2;"A";25.05;"A";4.61;"A";54.18;"A";19;"A";-1.02;"A";73.23;"A";1026.24;"A";6;"A";3;"A";13;"A";315;"A";1;"A";333.33;"A"
"2025-01-14 18:45";97.23;"A";4213.33;"A";33.82;"A";27.65;"A";19.65;"A";4.41;"A";55.21;"A";17;"A";-1.22;"A";74.11;"A";1026.03;"A";9;"A";4;"A";9;"A";236;"A";1.33;"A";340;"A"
"2025-01-14 19:00";97.25;"A";4213.73;"A";31.06;"A";25.88;"A";18.81;"A";4.19;"A";55.63;"A";17;"A";-1.36;"A";74.07;"A";1025.98;"A";10;"A";4;"A";7;"A";214;"A";0.67;"A";340;"A"
"2025-01-14 19:15";97.24;"A";4206.33;"A";34.18;"A";27.07;"A";18.9;"A";4.02;"A";55.95;"A";17;"A";-1.43;"A";74.42;"A";1025.81;"A";10;"A";4;"A";7;"A";211;"A";0.67;"A";340;"A"
"2025-01-14 19:30";97.14;"A";4208;"A";31.59;"A";26.59;"A";18.27;"A";3.9;"A";56.01;"A";17;"A";-1.55;"A";74.46;"A";1025.7;"A";11;"A";4;"A";6;"A";186;"A";0.67;"A";336.67;"A"
"2025-01-14 19:45";97.19;"A";4212.87;"A";31.41;"A";25.7;"A";17.85;"A";3.78;"A";56.07;"A";17;"A";-1.68;"A";74.34;"A";1025.64;"A";10;"A";4;"A";6;"A";182;"A";0.33;"A";336.67;"A"
"2025-01-14 20:00";97.22;"A";4212.93;"A";31.33;"A";24.4;"A";17.26;"A";3.68;"A";55.9;"A";17;"A";-1.8;"A";74.46;"A";1025.39;"A";11;"A";3;"A";6;"A";177;"A";1;"A";276.67;"A"
"2025-01-14 20:15";97.24;"A";4213.73;"A";30.02;"A";24.11;"A";16.34;"A";3.52;"A";55.88;"A";17;"A";-1.87;"A";73.53;"A";1025.3;"A";11;"A";4;"A";6;"A";169;"A";0.67;"A";333.33;"A"
"2025-01-14 20:30";97.25;"A";4213.87;"A";32.2;"A";24.79;"A";17.39;"A";3.42;"A";55.61;"A";17;"A";-2.02;"A";73.72;"A";1025.21;"A";11;"A";3;"A";5;"A";154;"A";1;"A";340;"A"
"2025-01-14 20:45";97.25;"A";4213.73;"A";32.41;"A";25.88;"A";17.47;"A";3.31;"A";55.78;"A";17;"A";-2.15;"A";74.17;"A";1025.05;"A";12;"A";3;"A";5;"A";152;"A";0.67;"A";333.33;"A"
"2025-01-14 21:00";97.26;"A";4213.8;"A";24.93;"A";20.68;"A";14.42;"A";3.22;"A";55.83;"A";17;"A";-2.19;"A";74.24;"A";1024.73;"A";12;"A";3;"A";4;"A";128;"A";1;"A";343.33;"A"
"2025-01-14 21:15";97.26;"A";4213.93;"A";23.85;"A";19.6;"A";13.84;"A";3.11;"A";55.84;"A";17;"A";-2.3;"A";73.86;"A";1024.71;"A";12;"A";3;"A";5;"A";115;"A";0;"A";333.33;"A"
"2025-01-14 21:30";97.26;"A";4213.93;"A";23.58;"A";19.43;"A";13.68;"A";3.03;"A";55.91;"A";17;"A";-2.38;"A";74.43;"A";1024.68;"A";12;"A";3;"A";5;"A";115;"A";1;"A";336.67;"A"
"2025-01-14 21:45";97.27;"A";4213.8;"A";27.94;"A";21.65;"A";15.11;"A";2.96;"A";56.2;"A";16;"A";-2.48;"A";74.97;"A";1024.48;"A";12;"A";3;"A";5;"A";118;"A";1.33;"A";340;"A"
"2025-01-14 22:00";97.27;"A";4213.8;"A";28.8;"A";23.29;"A";15.86;"A";2.85;"A";56.5;"A";16;"A";-2.62;"A";75.29;"A";1024.52;"A";11;"A";3;"A";5;"A";120;"A";0.33;"A";336.67;"A"
"2025-01-14 22:15";97.27;"A";4213.87;"A";28.81;"A";23.34;"A";16.6;"A";2.72;"A";56.81;"A";16;"A";-2.72;"A";76.11;"A";1024.34;"A";11;"A";3;"A";6;"A";121;"A";0.67;"A";336.67;"A"
"2025-01-14 22:30";97.26;"A";4214;"A";29.69;"A";24.67;"A";16.85;"A";2.62;"A";57.15;"A";16;"A";-2.79;"A";76.27;"A";1024.27;"A";11;"A";3;"A";4;"A";120;"A";1;"A";343.33;"A"
"2025-01-14 22:45";97.26;"A";4213.87;"A";26.23;"A";22.15;"A";15.43;"A";2.52;"A";57.41;"A";15;"A";-2.99;"A";76.61;"A";1024.23;"A";11;"A";3;"A";4;"A";111;"A";0.33;"A";230;"A"
"2025-01-14 23:00";97.26;"A";4213.87;"A";28.22;"A";23.82;"A";16.37;"A";2.4;"A";57.71;"A";15;"A";-3.07;"A";77.4;"A";1024.12;"A";11;"A";3;"A";4;"A";113;"A";0.67;"A";340;"A"
"2025-01-14 23:15";97.26;"A";4214;"A";29.18;"A";23.83;"A";16.61;"A";2.33;"A";57.98;"A";15;"A";-3.13;"A";77.53;"A";1023.9;"A";11;"A";3;"A";4;"A";113;"A";2;"A";340;"A"
"2025-01-14 23:30";97.26;"A";4213.93;"A";28.89;"A";23.71;"A";16.23;"A";2.22;"A";58.28;"A";15;"A";-3.24;"A";77.88;"A";1023.83;"A";11;"A";3;"A";4;"A";108;"A";1;"A";340;"A"
"2025-01-14 23:45";97.26;"A";4213.8;"A";28.83;"A";23.8;"A";16.48;"A";2.15;"A";58.61;"A";14;"A";-3.24;"A";78.18;"A";1023.59;"A";11;"A";3;"A";4;"A";112;"A";1;"A";340;"A"
"2025-01-15 00:00";97.26;"A";4213.87;"A";29.46;"A";25.11;"A";16.6;"A";2.08;"A";58.86;"A";14;"A";-3.33;"A";78.37;"A";1023.53;"A";11;"A";3;"A";3;"A";115;"A";0.33;"A";340;"A"
"2025-01-15 00:15";97.26;"A";4213.93;"A";30.16;"A";25.26;"A";17.32;"A";2.04;"A";59.21;"A";14;"A";-3.33;"A";78.98;"A";1023.37;"A";11;"A";4;"A";3;"A";121;"A";1.33;"A";343.33;"A"
"2025-01-15 00:30";97.25;"A";4213.93;"A";31.9;"A";25.96;"A";17.88;"A";2;"A";59.39;"A";14;"A";-3.46;"A";79.31;"A";1023.24;"A";10;"A";4;"A";3;"A";119;"A";0;"A";156.67;"A"
"2025-01-15 00:45";97.25;"A";4213.8;"A";32.2;"A";25.78;"A";18.14;"A";1.94;"A";59.72;"A";14;"A";-3.45;"A";79.65;"A";1023.01;"A";10;"A";3;"A";4;"A";123;"A";1;"A";343.33;"A"
"2025-01-15 01:00";97.25;"A";4213.93;"A";30;"A";24.49;"A";17.78;"A";1.9;"A";59.84;"A";13;"A";-3.53;"A";79.87;"A";1022.73;"A";10;"A";3;"A";4;"A";121;"A";1;"A";340;"A"
"2025-01-15 01:15";97.25;"A";4213.93;"A";29.34;"A";20.8;"A";18.03;"A";1.94;"A";60.01;"A";14;"A";-3.53;"A";80.45;"A";1022.49;"A";10;"A";3;"A";3;"A";122;"A";1.33;"A";340;"A"
"2025-01-15 01:30";97.25;"A";4213.93;"A";29.08;"A";20.3;"A";17.8;"A";2.02;"A";59.97;"A";14;"A";-3.58;"A";80.76;"A";1022.34;"A";10;"A";3;"A";3;"A";121;"A";1.67;"A";346.67;"A"
"2025-01-15 01:45";97.25;"A";4213.87;"A";29.49;"A";20.84;"A";17.84;"A";1.92;"A";60;"A";14;"A";-3.65;"A";80.78;"A";1022.16;"A";10;"A";3;"A";3;"A";118;"A";0.33;"A";296.67;"A"
"2025-01-15 02:00";97.25;"A";4214;"A";29.31;"A";20.35;"A";17.92;"A";1.95;"A";60.03;"A";14;"A";-3.58;"A";80.39;"A";1022.16;"A";10;"A";3;"A";4;"A";120;"A";0;"A";263.33;"A"
"2025-01-15 02:15";97.25;"A";4213.87;"A";29.67;"A";21.29;"A";17.98;"A";1.92;"A";59.93;"A";14;"A";-3.56;"A";80.37;"A";1022.07;"A";10;"A";3;"A";4;"A";121;"A";0.33;"A";333.33;"A"
"2025-01-15 02:30";97.25;"A";4213.93;"A";29.32;"A";20.91;"A";17.93;"A";1.95;"A";59.98;"A";14;"A";-3.48;"A";80.12;"A";1021.83;"A";10;"A";3;"A";4;"A";121;"A";1;"A";340;"A"
"2025-01-15 02:45";97.25;"A";4213.8;"A";29.54;"A";22.05;"A";17.88;"A";2.02;"A";59.9;"A";13;"A";-3.45;"A";80.14;"A";1021.74;"A";9;"A";3;"A";4;"A";122;"A";0.33;"A";246.67;"A"
"2025-01-15 03:00";97.24;"A";4213.8;"A";30.78;"A";23.39;"A";17.62;"A";1.95;"A";59.85;"A";14;"A";-3.48;"A";79.94;"A";1021.54;"A";10;"A";3;"A";4;"A";123;"A";1;"A";336.67;"A"
"2025-01-15 03:15";97.24;"A";4213.8;"A";28.86;"A";22.77;"A";17.5;"A";1.92;"A";59.79;"A";14;"A";-3.53;"A";79.68;"A";1021.32;"A";10;"A";3;"A";4;"A";119;"A";0.67;"A";333.33;"A"
"2025-01-15 03:30";97.22;"A";4202.07;"A";30.18;"A";25.59;"A";17.7;"A";1.82;"A";59.59;"A";14;"A";-3.58;"A";79.53;"A";1021.1;"A";9;"A";4;"A";4;"A";123;"A";0.33;"A";133.33;"A"
"2025-01-15 03:45";97.09;"A";4206.8;"A";32.21;"A";26.76;"A";18.39;"A";1.77;"A";59.44;"A";14;"A";-3.7;"A";79.76;"A";1021.12;"A";10;"A";3;"A";4;"A";127;"A";0.33;"A";266.67;"A"
"2025-01-15 04:00";97.15;"A";4212.8;"A";33.12;"A";27.46;"A";18.77;"A";1.65;"A";59.64;"A";13;"A";-3.89;"A";79.88;"A";1021.1;"A";10;"A";4;"A";4;"A";126;"A";0;"A";260;"A"
"2025-01-15 04:15";97.18;"A";4213.07;"A";32.66;"A";25.55;"A";19.11;"A";1.61;"A";59.78;"A";13;"A";-3.89;"A";80.41;"A";1020.86;"A";9;"A";4;"A";4;"A";127;"A";0;"A";190;"A"
"2025-01-15 04:30";97.2;"A";4213.6;"A";33.17;"A";27.62;"A";19.27;"A";1.49;"A";59.8;"A";14;"A";-4.03;"A";80.41;"A";1020.66;"A";9;"A";4;"A";4;"A";127;"A";0;"A";273.33;"A"
"2025-01-15 04:45";97.21;"A";4213.87;"A";32.04;"A";23.2;"A";19.27;"A";1.47;"A";59.95;"A";14;"A";-4.09;"A";80.51;"A";1020.56;"A";8;"A";3;"A";6;"A";124;"A";0.33;"A";226.67;"A"
"2025-01-15 05:00";97.22;"A";4213.8;"A";33.71;"A";25.84;"A";19.7;"A";1.39;"A";59.87;"A";14;"A";-4.22;"A";80.88;"A";1020.49;"A";7;"A";4;"A";7;"A";124;"A";0.33;"A";343.33;"A"
"2025-01-15 05:15";97.23;"A";4213.93;"A";33.56;"A";26.61;"A";19.85;"A";1.24;"A";59.93;"A";15;"A";-4.31;"A";80.58;"A";1020.39;"A";6;"A";3;"A";9;"A";126;"A";0.33;"A";336.67;"A"
"2025-01-15 05:30";97.23;"A";4214;"A";33.91;"A";24.04;"A";20.51;"A";1.19;"A";59.99;"A";15;"A";-4.36;"A";80.78;"A";1020.43;"A";5;"A";3;"A";10;"A";124;"A";0;"A";73.33;"A"
"2025-01-15 05:45";97.23;"A";4213.8;"A";34.52;"A";24.66;"A";20.98;"A";1.28;"A";59.91;"A";15;"A";-4.25;"A";80.55;"A";1020.17;"A";6;"A";3;"A";9;"A";125;"A";0;"A";193.33;"A"
"2025-01-15 06:00";97.24;"A";4213.8;"A";36.69;"A";28.34;"A";21.23;"A";1.13;"A";59.86;"A";15;"A";-4.32;"A";80.25;"A";1020.11;"A";5;"A";3;"A";11;"A";126;"A";0;"A";130;"A"
"2025-01-15 06:15";97.24;"A";4213.8;"A";36.74;"A";27.74;"A";21.61;"A";1.1;"A";59.84;"A";15;"A";-4.32;"A";79.94;"A";1020.18;"A";5;"A";2;"A";10;"A";134;"A";0.33;"A";340;"A"
"2025-01-15 06:30";97.24;"A";4214;"A";39.26;"A";32.75;"A";22.4;"A";1.03;"A";59.66;"A";15;"A";-4.38;"A";80.14;"A";1020.05;"A";6;"A";3;"A";8;"A";139;"A";0.33;"A";206.67;"A"
"2025-01-15 06:45";97.24;"A";4213.8;"A";38.83;"A";28.17;"A";22.64;"A";1.02;"A";59.98;"A";14;"A";-4.39;"A";80.27;"A";1020.06;"A";7;"A";3;"A";7;"A";135;"A";0.33;"A";163.33;"A"
"2025-01-15 07:00";97.24;"A";4213.93;"A";38.63;"A";29.32;"A";22.54;"A";0.99;"A";59.94;"A";14;"A";-4.32;"A";80.06;"A";1019.88;"A";8;"A";4;"A";6;"A";135;"A";0.33;"A";226.67;"A"
"2025-01-15 07:15";97.24;"A";4213.87;"A";39.18;"A";29.67;"A";23;"A";1.05;"A";59.88;"A";14;"A";-4.27;"A";79.9;"A";1019.89;"A";9;"A";3;"A";6;"A";138;"A";0.67;"A";256.67;"A"
"2025-01-15 07:30";97.1;"A";4180.47;"A";39.61;"A";28.81;"A";23.32;"A";1.13;"A";59.87;"A";14;"A";-4.25;"A";79.67;"A";1019.84;"A";9;"A";3;"A";5;"A";142;"A";0;"A";206.67;"A"
"2025-01-15 07:45";97;"A";4211.33;"A";47.85;"A";37.54;"A";24.96;"A";1.05;"A";59.6;"A";14;"A";-4.28;"A";79.87;"A";1019.8;"A";9;"A";4;"A";5;"A";147;"A";0;"A";100;"A"
"2025-01-15 08:00";97.08;"A";4212.33;"A";42.9;"A";35.16;"A";24.1;"A";1;"A";59.58;"A";14;"A";-4.36;"A";79.5;"A";1019.82;"A";9;"A";4;"A";5;"A";150;"A";0;"A";76.67;"A"
"2025-01-15 08:15";97.13;"A";4212.87;"A";42.26;"A";34.61;"A";23.81;"A";1;"A";59.55;"A";14;"A";-4.36;"A";79.51;"A";1019.83;"A";8;"A";3;"A";6;"A";150;"A";0;"A";346.67;"A"
"2025-01-15 08:30";97.17;"A";4212.87;"A";49.72;"A";39.28;"A";26.56;"A";1.05;"A";59.47;"A";15;"A";-4.18;"A";78.8;"A";1020.03;"A";8;"A";3;"A";7;"A";156;"A";0.67;"A";343.33;"A"
"2025-01-15 08:45";97.19;"A";4213.67;"A";42.49;"A";34.84;"A";23.66;"A";1.2;"A";59.28;"A";15;"A";-3.71;"A";77.13;"A";1019.99;"A";8;"A";3;"A";7;"A";165;"A";0;"A";276.67;"A"
"2025-01-15 09:00";97.21;"A";4213.8;"A";44.63;"A";36.09;"A";24.2;"A";1.65;"A";58.32;"A";13;"A";-3.35;"A";75.75;"A";1020.07;"A";8;"A";2;"A";4;"A";175;"A";0;"A";136.67;"A"
"2025-01-15 09:15";97.22;"A";4213.87;"A";44.51;"A";35.77;"A";24.23;"A";2.01;"A";57.47;"A";14;"A";-3;"A";75.24;"A";1020.19;"A";9;"A";3;"A";6;"A";166;"A";0.67;"A";330;"A"
"2025-01-15 09:30";97.22;"A";4213.93;"A";38.35;"A";31.59;"A";21.9;"A";2.3;"A";57.16;"A";15;"A";-2.7;"A";74.12;"A";1020.14;"A";9;"A";3;"A";6;"A";153;"A";0.33;"A";146.67;"A"
"2025-01-15 09:45";97.23;"A";4213.87;"A";37.22;"A";31.06;"A";21.41;"A";2.69;"A";56.43;"A";13;"A";-2.06;"A";72.2;"A";1019.91;"A";10;"A";2;"A";4;"A";159;"A";0.33;"A";246.67;"A"
"2025-01-15 10:00";97.23;"A";4213.8;"A";35.28;"A";29.59;"A";20.89;"A";3.3;"A";55.13;"A";14;"A";-1.7;"A";71.53;"A";1019.92;"A";10;"A";3;"A";4;"A";154;"A";0.33;"A";333.33;"A"
"2025-01-15 10:15";97.23;"A";4213.8;"A";34.26;"A";28.19;"A";20.14;"A";3.76;"A";54.36;"A";15;"A";-1.33;"A";71.04;"A";1019.98;"A";10;"A";3;"A";5;"A";148;"A";1;"A";340;"A"
"2025-01-15 10:30";97.23;"A";4213.73;"A";34.17;"A";28.3;"A";20.17;"A";4.1;"A";53.77;"A";16;"A";-0.98;"A";70.56;"A";1019.99;"A";11;"A";2;"A";5;"A";150;"A";0.67;"A";333.33;"A"
"2025-01-15 10:45";97.23;"A";4213.87;"A";35.88;"A";29.24;"A";19.8;"A";4.5;"A";53.97;"A";17;"A";-0.41;"A";69.71;"A";1019.77;"A";10;"A";3;"A";6;"A";157;"A";0.33;"A";236.67;"A"
"2025-01-15 11:00";97.23;"A";4213.8;"A";34.43;"A";29.03;"A";20;"A";5.03;"A";53.41;"A";17;"A";0.45;"A";67.54;"A";1019.59;"A";10;"A";2;"A";7;"A";162;"A";0.67;"A";223.33;"A"
"2025-01-15 11:15";97.23;"A";4213.73;"A";30.05;"A";24.75;"A";17.61;"A";5.85;"A";51.27;"A";17;"A";1.04;"A";64.8;"A";1019.46;"A";12;"A";1;"A";5;"A";150;"A";0.67;"A";266.67;"A"
"2025-01-15 11:30";97.2;"A";4201.73;"A";27.7;"A";22.62;"A";16.15;"A";6.46;"A";49.45;"A";18;"A";1.13;"A";64.53;"A";1019.27;"A";13;"A";2;"A";5;"A";142;"A";0.33;"A";173.33;"A"
"2025-01-15 11:45";97.12;"A";4212.4;"A";26.07;"A";21.58;"A";15.52;"A";6.65;"A";48.9;"A";19;"A";1.14;"A";65.3;"A";1019.21;"A";14;"A";3;"A";5;"A";135;"A";0.33;"A";270;"A"
"2025-01-15 12:00";97.16;"A";4212.87;"A";24.51;"A";21.19;"A";14.86;"A";6.64;"A";49.02;"A";20;"A";1.3;"A";64.4;"A";1019.28;"A";14;"A";2;"A";5;"A";138;"A";0;"A";126.67;"A"
"2025-01-15 12:15";97.19;"A";4212.8;"A";24.81;"A";19.86;"A";13.79;"A";6.69;"A";49.2;"A";19;"A";1.58;"A";63.25;"A";1019.17;"A";15;"A";2;"A";4;"A";132;"A";0;"A";163.33;"A"
"2025-01-15 12:30";97.2;"A";4212.87;"A";21.88;"A";18.41;"A";13.08;"A";6.85;"A";48.84;"A";20;"A";1.9;"A";62.67;"A";1019;"A";16;"A";1;"A";4;"A";128;"A";0;"A";140;"A"
"2025-01-15 12:45";97.21;"A";4213.4;"A";22.23;"A";18.24;"A";12.58;"A";7.08;"A";47.93;"A";21;"A";2.12;"A";61.07;"A";1018.89;"A";17;"A";1;"A";4;"A";128;"A";0.33;"A";203.33;"A"
"2025-01-15 13:00";97.22;"A";4210.07;"A";21.49;"A";16.46;"A";11.4;"A";7.28;"A";46.68;"A";21;"A";2.31;"A";59.03;"A";1018.68;"A";17;"A";1;"A";5;"A";129;"A";0;"A";96.67;"A"
"2025-01-15 13:15";97.03;"A";4187.67;"A";18.66;"A";15.5;"A";11.02;"A";7.47;"A";45.51;"A";22;"A";2.47;"A";57.94;"A";1018.58;"A";17;"A";1;"A";5;"A";120;"A";0;"A";200;"A"
"2025-01-15 13:30";97.01;"A";4211.13;"A";17.95;"A";15.01;"A";10.94;"A";7.63;"A";44.95;"A";23;"A";2.66;"A";56.86;"A";1018.57;"A";18;"A";1;"A";5;"A";125;"A";0.33;"A";273.33;"A"
"2025-01-15 13:45";97.09;"A";4212.13;"A";17.96;"A";14.41;"A";10.23;"A";7.79;"A";44.17;"A";22;"A";2.77;"A";55.56;"A";1018.54;"A";17;"A";1;"A";5;"A";133;"A";0;"A";130;"A"
"2025-01-15 14:00";97.14;"A";4212.67;"A";17.06;"A";13.82;"A";9.84;"A";7.92;"A";43.7;"A";23;"A";2.84;"A";55.5;"A";1018.47;"A";18;"A";1;"A";5;"A";126;"A";0.33;"A";133.33;"A"
"2025-01-15 14:15";97.17;"A";4212.8;"A";16.78;"A";13.97;"A";9.97;"A";8.02;"A";43.59;"A";23;"A";3;"A";55.14;"A";1018.44;"A";18;"A";1;"A";5;"A";127;"A";0.33;"A";93.33;"A"
"2025-01-15 14:30";97.19;"A";4212.87;"A";17.38;"A";14.52;"A";10.05;"A";8.12;"A";43.52;"A";23;"A";3.04;"A";54.93;"A";1018.59;"A";18;"A";1;"A";5;"A";130;"A";0;"A";60;"A"
"2025-01-15 14:45";97.21;"A";4212.87;"A";16.57;"A";13.93;"A";9.64;"A";8.22;"A";43.22;"A";23;"A";3.09;"A";54.88;"A";1018.52;"A";19;"A";1;"A";5;"A";116;"A";0;"A";140;"A"
"2025-01-15 15:00";97.22;"A";4213.33;"A";16.39;"A";13.49;"A";9.57;"A";8.28;"A";43.22;"A";23;"A";3.09;"A";55.11;"A";1018.5;"A";18;"A";1;"A";5;"A";114;"A";0;"A";270;"A"
"2025-01-15 15:15";97.22;"A";4213.58;"A";16.85;"A";14.16;"A";10.27;"A";8.29;"A";43.44;"A";22;"A";3.03;"A";55.8;"A";1018.46;"A";17;"A";1;"A";5;"A";123;"A";0;"A";70;"A"
"2025-01-15 15:30";97.22;"A";4213.87;"A";18.16;"A";14.41;"A";9.99;"A";8.26;"A";43.39;"A";22;"A";3;"A";55.95;"A";1018.38;"A";18;"A";1;"A";5;"A";120;"A";0;"A";203.33;"A"
"2025-01-15 15:45";97.22;"A";4213.67;"A";17.55;"A";14.07;"A";9.68;"A";8.2;"A";43.37;"A";22;"A";2.86;"A";55.63;"A";1018.34;"A";17;"A";1;"A";5;"A";131;"A";0;"A";200;"A"
"2025-01-15 16:00";97.23;"A";4213.73;"A";15.79;"A";12.91;"A";9.37;"A";8.07;"A";43.77;"A";22;"A";2.62;"A";56.79;"A";1018.4;"A";17;"A";1;"A";6;"A";131;"A";0;"A";320;"A"
"2025-01-15 16:15";97.23;"A";4213.67;"A";20.3;"A";15.08;"A";10.63;"A";7.91;"A";44.18;"A";23;"A";2.45;"A";57.54;"A";1018.44;"A";14;"A";1;"A";9;"A";137;"A";0;"A";290;"A"
"2025-01-15 16:30";97.23;"A";4213.67;"A";24.11;"A";17.3;"A";12.62;"A";7.7;"A";44.73;"A";23;"A";2.18;"A";58.71;"A";1018.51;"A";11;"A";1;"A";13;"A";158;"A";0;"A";240;"A"
"2025-01-15 16:45";97.23;"A";4213.87;"A";26.08;"A";18.79;"A";12.66;"A";7.47;"A";45.16;"A";24;"A";1.85;"A";59.6;"A";1018.74;"A";8;"A";1;"A";15;"A";169;"A";0;"A";183.33;"A"
"2025-01-15 17:00";97.23;"A";4213.67;"A";35.22;"A";26.39;"A";18.45;"A";7.18;"A";46.23;"A";23;"A";1.46;"A";61.63;"A";1018.91;"A";6;"A";2;"A";16;"A";266;"A";0;"A";146.67;"A"
"2025-01-15 17:15";97.23;"A";4213.8;"A";34.89;"A";27.97;"A";19.75;"A";6.86;"A";47.14;"A";22;"A";1.18;"A";62.85;"A";1019.02;"A";8;"A";2;"A";14;"A";318;"A";0;"A";196.67;"A"
"2025-01-15 17:30";97.1;"A";4188.13;"A";30.94;"A";24.06;"A";17.24;"A";6.59;"A";47.79;"A";21;"A";1.02;"A";62.94;"A";1019.2;"A";9;"A";3;"A";11;"A";220;"A";0;"A";253.33;"A"
"2025-01-15 17:45";97.01;"A";4211.4;"A";35.94;"A";27.79;"A";19.7;"A";6.35;"A";48.18;"A";22;"A";0.79;"A";64.15;"A";1019.48;"A";7;"A";2;"A";15;"A";310;"A";0;"A";240;"A"
"2025-01-15 18:00";97.09;"A";4212.2;"A";33.19;"A";26.5;"A";18.6;"A";6.08;"A";49.01;"A";21;"A";0.52;"A";65.05;"A";1019.61;"A";7;"A";3;"A";14;"A";308;"A";0;"A";246.67;"A"
"2025-01-15 18:15";97.14;"A";4212.8;"A";36.72;"A";29.34;"A";20.98;"A";5.9;"A";49.99;"A";21;"A";0.44;"A";66.24;"A";1019.72;"A";7;"A";3;"A";13;"A";307;"A";0.33;"A";270;"A"
"2025-01-15 18:30";97.17;"A";4212.8;"A";36.02;"A";28.27;"A";19.8;"A";5.71;"A";50.93;"A";19;"A";0.18;"A";67.27;"A";1019.75;"A";5;"A";3;"A";14;"A";302;"A";0;"A";203.33;"A"
"2025-01-15 18:45";97.19;"A";4213.2;"A";36.23;"A";27.93;"A";19.59;"A";5.53;"A";50.99;"A";19;"A";-0.06;"A";67.71;"A";1019.96;"A";6;"A";4;"A";12;"A";294;"A";0.33;"A";200;"A"
"2025-01-15 19:00";97.2;"A";4213.8;"A";35.86;"A";28.94;"A";19.9;"A";5.32;"A";51.21;"A";17;"A";-0.24;"A";67.54;"A";1020.22;"A";9;"A";4;"A";8;"A";235;"A";0.33;"A";140;"A"
"2025-01-15 19:15";97.21;"A";4213.8;"A";31.65;"A";25.1;"A";17.91;"A";5.12;"A";51.02;"A";18;"A";-0.4;"A";67.48;"A";1020.23;"A";10;"A";4;"A";8;"A";221;"A";0;"A";196.67;"A"
"2025-01-15 19:30";97.21;"A";4213.93;"A";37.1;"A";29.67;"A";20.92;"A";4.95;"A";51.5;"A";18;"A";-0.57;"A";68.37;"A";1020.28;"A";8;"A";4;"A";10;"A";248;"A";0.67;"A";330;"A"
"2025-01-15 19:45";97.22;"A";4213.87;"A";40.35;"A";33.31;"A";23.83;"A";4.79;"A";51.89;"A";17;"A";-0.74;"A";68.69;"A";1020.37;"A";8;"A";4;"A";10;"A";290;"A";1;"A";333.33;"A"
"2025-01-15 20:00";97.22;"A";4213.67;"A";39.66;"A";32.57;"A";22.78;"A";4.57;"A";51.93;"A";17;"A";-0.96;"A";68.86;"A";1020.49;"A";9;"A";5;"A";8;"A";257;"A";0;"A";246.67;"A"
"2025-01-15 20:15";97.22;"A";4213.73;"A";33.89;"A";27.56;"A";19.48;"A";4.43;"A";52.23;"A";17;"A";-1.05;"A";69.23;"A";1020.6;"A";10;"A";4;"A";7;"A";216;"A";1;"A";333.33;"A"
"2025-01-15 20:30";97.22;"A";4213.8;"A";35.53;"A";28.69;"A";20.34;"A";4.31;"A";52.51;"A";17;"A";-1.22;"A";69.62;"A";1020.83;"A";9;"A";4;"A";7;"A";224;"A";0.67;"A";333.33;"A"
"2025-01-15 20:45";97.22;"A";4213.8;"A";54.43;"A";43.53;"A";30.1;"A";4.13;"A";52.99;"A";17;"A";-1.36;"A";70.33;"A";1020.92;"A";7;"A";4;"A";10;"A";311;"A";0;"A";270;"A"
"2025-01-15 21:00";97.22;"A";4213.87;"A";63.54;"A";50.7;"A";34.74;"A";4.02;"A";53.47;"A";17;"A";-1.52;"A";71.65;"A";1020.91;"A";6;"A";5;"A";11;"A";348;"A";0.33;"A";296.67;"A"
"2025-01-15 21:15";97.22;"A";4213.8;"A";56.13;"A";46.12;"A";31.92;"A";3.79;"A";54.87;"A";15;"A";-1.85;"A";73.73;"A";1021.12;"A";4;"A";6;"A";11;"A";382;"A";0;"A";216.67;"A"
"2025-01-15 21:30";97.22;"A";4214;"A";53.25;"A";43.38;"A";30.04;"A";3.56;"A";55.12;"A";16;"A";-1.98;"A";73.83;"A";1021.29;"A";4;"A";5;"A";12;"A";347;"A";0;"A";250;"A"
"2025-01-15 21:45";97.22;"A";4213.87;"A";74.9;"A";51.46;"A";35.16;"A";3.39;"A";55.47;"A";17;"A";-2.1;"A";74.12;"A";1021.46;"A";3;"A";5;"A";14;"A";416;"A";0;"A";260;"A"
"2025-01-15 22:00";97.22;"A";4213.67;"A";64.65;"A";50.36;"A";34.9;"A";3.25;"A";55.83;"A";16;"A";-2.29;"A";75.08;"A";1021.75;"A";2;"A";6;"A";14;"A";412;"A";0;"A";313.33;"A"
"2025-01-15 22:15";97.22;"A";4213.87;"A";83.82;"A";64.9;"A";45;"A";3.1;"A";57.07;"A";16;"A";-2.51;"A";76.61;"A";1021.89;"A";1;"A";6;"A";16;"A";533;"A";0;"A";196.67;"A"
"2025-01-15 22:30";97.22;"A";4213.87;"A";89.22;"A";71.01;"A";48.26;"A";2.88;"A";57.61;"A";17;"A";-2.64;"A";77.07;"A";1022;"A";0;"A";6;"A";18;"A";549;"A";0;"A";270;"A"
"2025-01-15 22:45";97.22;"A";4213.93;"A";158.16;"A";122.9;"A";82.63;"A";2.74;"A";58.96;"A";17;"A";-2.81;"A";78.99;"A";1022.11;"A";0;"A";12;"A";19;"A";1048;"A";0;"A";196.67;"A"
"2025-01-15 23:00";97.22;"A";4213.8;"A";189.95;"A";145.3;"A";96.67;"A";2.58;"A";59.01;"A";17;"A";-2.99;"A";79.04;"A";1022.24;"A";0;"A";18;"A";19;"A";1330;"A";0;"A";316.67;"A"
"2025-01-15 23:15";97.21;"A";4213.93;"A";193.93;"A";143.58;"A";101.08;"A";2.45;"A";59.64;"A";17;"A";-2.94;"A";79.28;"A";1022.36;"A";0;"A";19;"A";19;"A";1341;"A";0;"A";306.67;"A"
"2025-01-15 23:30";97.21;"A";4213.87;"A";150.34;"A";108.23;"A";85.4;"A";2.62;"A";60.06;"A";17;"A";-2.61;"A";79.34;"A";1022.4;"A";0;"A";16;"A";19;"A";1126;"A";0;"A";293.33;"A"
"2025-01-15 23:45";97.21;"A";4213.8;"A";134.62;"A";92.6;"A";81.55;"A";3.31;"A";60.04;"A";16;"A";-2.21;"A";79.55;"A";1022.16;"A";0;"A";16;"A";18;"A";1043;"A";0;"A";233.33;"A"
"2025-01-16 00:00";97.21;"A";4213.87;"A";140.77;"A";100.62;"A";82.25;"A";3.52;"A";59.61;"A";15;"A";-1.95;"A";79.12;"A";1022;"A";0;"A";17;"A";17;"A";1048;"A";0;"A";253.33;"A"
"2025-01-16 00:15";97.21;"A";4213.8;"A";127.52;"A";88.2;"A";75.76;"A";3.7;"A";60.04;"A";16;"A";-1.68;"A";79.52;"A";1021.93;"A";0;"A";15;"A";18;"A";953;"A";0.67;"A";200;"A"
"2025-01-16 00:30";97.21;"A";4213.87;"A";122;"A";84.39;"A";73.61;"A";3.96;"A";59.94;"A";16;"A";-1.46;"A";78.99;"A";1021.93;"A";0;"A";16;"A";18;"A";929;"A";0;"A";243.33;"A"
"2025-01-16 00:45";97.21;"A";4213.8;"A";107.83;"A";74.22;"A";65.36;"A";4.09;"A";59.98;"A";16;"A";-1.26;"A";78.89;"A";1021.95;"A";0;"A";15;"A";18;"A";836;"A";0;"A";306.67;"A"
"2025-01-16 01:00";97.21;"A";4213.8;"A";86.72;"A";60.9;"A";52.74;"A";4.3;"A";59.95;"A";15;"A";-1.01;"A";78.73;"A";1021.97;"A";0;"A";13;"A";17;"A";646;"A";0;"A";293.33;"A"
"2025-01-16 01:15";97.21;"A";4213.73;"A";77.19;"A";53.2;"A";46.85;"A";4.41;"A";60.05;"A";15;"A";-0.87;"A";78.79;"A";1021.98;"A";0;"A";11;"A";16;"A";546;"A";0;"A";263.33;"A"
"2025-01-16 01:30";97.2;"A";4214.07;"A";70.05;"A";48.3;"A";42.54;"A";4.7;"A";59.95;"A";15;"A";-0.73;"A";79.7;"A";1022.13;"A";0;"A";10;"A";16;"A";489;"A";0;"A";220;"A"
"2025-01-16 01:45";97.2;"A";4213.87;"A";74.3;"A";52.51;"A";44.42;"A";4.78;"A";60.02;"A";15;"A";-0.6;"A";79.3;"A";1022.26;"A";0;"A";11;"A";17;"A";514;"A";0;"A";193.33;"A"
"2025-01-16 02:00";97.2;"A";4213.6;"A";77.03;"A";54.89;"A";46.09;"A";4.93;"A";59.94;"A";15;"A";-0.45;"A";79;"A";1022.3;"A";0;"A";10;"A";17;"A";563;"A";0;"A";256.67;"A"
"2025-01-16 02:15";97.2;"A";4213.8;"A";81.28;"A";58.5;"A";48.18;"A";5.03;"A";60.01;"A";16;"A";-0.28;"A";78.9;"A";1022.26;"A";0;"A";10;"A";18;"A";593;"A";0;"A";246.67;"A"
"2025-01-16 02:30";97.2;"A";4213.8;"A";83.82;"A";57.75;"A";50.86;"A";5.3;"A";59.91;"A";15;"A";-0.21;"A";79.22;"A";1022.3;"A";0;"A";11;"A";17;"A";605;"A";0;"A";173.33;"A"
"2025-01-16 02:45";97.2;"A";4213.87;"A";87.44;"A";61.95;"A";51.99;"A";5.54;"A";59.94;"A";14;"A";-0.11;"A";79.99;"A";1022.38;"A";0;"A";12;"A";17;"A";620;"A";0;"A";250;"A"
"2025-01-16 03:00";97.2;"A";4213.8;"A";93.16;"A";64.86;"A";55.45;"A";5.75;"A";59.96;"A";14;"A";0.03;"A";80.46;"A";1022.57;"A";0;"A";13;"A";16;"A";669;"A";0.33;"A";160;"A"
"2025-01-16 03:15";97.2;"A";4213.73;"A";104.52;"A";73.6;"A";61.36;"A";5.93;"A";59.94;"A";14;"A";0.19;"A";80.4;"A";1022.74;"A";0;"A";13;"A";16;"A";736;"A";0;"A";256.67;"A"
"2025-01-16 03:30";97.2;"A";4213.93;"A";96.5;"A";67.13;"A";57.7;"A";5.88;"A";60;"A";15;"A";0.25;"A";80.22;"A";1022.68;"A";0;"A";13;"A";16;"A";672;"A";0;"A";240;"A"
"2025-01-16 03:45";97.19;"A";4213.73;"A";100.25;"A";69.02;"A";60.78;"A";5.95;"A";60.08;"A";16;"A";0.39;"A";79.75;"A";1022.85;"A";0;"A";11;"A";18;"A";614;"A";0;"A";246.67;"A"
"2025-01-16 04:00";97.19;"A";4213.73;"A";95.88;"A";66.02;"A";58.15;"A";6.31;"A";60;"A";16;"A";0.51;"A";80.76;"A";1023.12;"A";0;"A";11;"A";17;"A";569;"A";0;"A";203.33;"A"
"2025-01-16 04:15";97.19;"A";4213.87;"A";81.55;"A";56.19;"A";49.49;"A";6.41;"A";60.05;"A";17;"A";0.71;"A";80.7;"A";1023.17;"A";0;"A";9;"A";18;"A";480;"A";0;"A";266.67;"A"
"2025-01-16 04:30";97.19;"A";4213.73;"A";65.28;"A";45.03;"A";39.66;"A";6.73;"A";60.07;"A";14;"A";0.86;"A";81.31;"A";1023.27;"A";0;"A";9;"A";15;"A";364;"A";0;"A";266.67;"A"
"2025-01-16 04:45";97.19;"A";4213.8;"A";51.52;"A";35.59;"A";31.34;"A";7.25;"A";59.92;"A";12;"A";1;"A";82.65;"A";1023.37;"A";4;"A";9;"A";9;"A";241;"A";0.33;"A";303.33;"A"
"2025-01-16 05:00";97.19;"A";4213.73;"A";48.94;"A";33.82;"A";29.79;"A";7.38;"A";59.92;"A";12;"A";1.13;"A";82.63;"A";1023.41;"A";4;"A";9;"A";7;"A";220;"A";0;"A";230;"A"
"2025-01-16 05:15";97.19;"A";4213.67;"A";48.55;"A";33.55;"A";29.55;"A";7.32;"A";60;"A";12;"A";1.21;"A";81.85;"A";1023.4;"A";5;"A";9;"A";7;"A";221;"A";0;"A";283.33;"A"
"2025-01-16 05:30";97.19;"A";4213.87;"A";49.2;"A";34;"A";29.95;"A";7.29;"A";60;"A";12;"A";1.24;"A";81.83;"A";1023.55;"A";5;"A";8;"A";7;"A";227;"A";0.33;"A";283.33;"A"
"2025-01-16 05:45";97.18;"A";4213.87;"A";51.64;"A";35.67;"A";31.42;"A";7.31;"A";60.05;"A";12;"A";1.26;"A";81.88;"A";1023.56;"A";5;"A";8;"A";7;"A";237;"A";0.33;"A";300;"A"
"2025-01-16 06:00";97.18;"A";4213.67;"A";48.25;"A";33.34;"A";29.37;"A";7.4;"A";60.02;"A";12;"A";1.28;"A";82.03;"A";1023.66;"A";5;"A";8;"A";7;"A";222;"A";0;"A";226.67;"A"
"2025-01-16 06:15";97.18;"A";4213.73;"A";47.35;"A";32.73;"A";28.83;"A";7.4;"A";59.95;"A";11;"A";1.32;"A";81.75;"A";1023.71;"A";5;"A";8;"A";7;"A";217;"A";0;"A";256.67;"A"
"2025-01-16 06:30";97.18;"A";4213.8;"A";45.53;"A";31.48;"A";27.73;"A";7.44;"A";59.98;"A";12;"A";1.32;"A";82.04;"A";1023.63;"A";5;"A";7;"A";6;"A";216;"A";0.33;"A";280;"A"
"2025-01-16 06:45";97.18;"A";4213.8;"A";45.23;"A";31.27;"A";27.55;"A";7.52;"A";59.98;"A";12;"A";1.29;"A";82.54;"A";1023.74;"A";5;"A";8;"A";7;"A";219;"A";0;"A";203.33;"A"
"2025-01-16 07:00";97.18;"A";4213.73;"A";46.06;"A";31.84;"A";28.04;"A";7.56;"A";60.02;"A";13;"A";1.42;"A";82.27;"A";1023.96;"A";4;"A";7;"A";8;"A";231;"A";0;"A";243.33;"A"
"2025-01-16 07:15";97.18;"A";4213.73;"A";48.8;"A";33.72;"A";29.7;"A";7.68;"A";60;"A";13;"A";1.48;"A";82.62;"A";1024.21;"A";4;"A";6;"A";9;"A";239;"A";0.67;"A";323.33;"A"
"2025-01-16 07:30";97.18;"A";4213.8;"A";52.68;"A";36.38;"A";32.04;"A";7.71;"A";59.99;"A";13;"A";1.53;"A";82.4;"A";1024.36;"A";4;"A";7;"A";9;"A";249;"A";0;"A";203.33;"A"
"2025-01-16 07:45";97.18;"A";4213.87;"A";49.34;"A";34.09;"A";30.02;"A";7.77;"A";59.99;"A";13;"A";1.56;"A";82.4;"A";1024.55;"A";5;"A";6;"A";9;"A";235;"A";0.67;"A";280;"A"
"2025-01-16 08:00";97.18;"A";4213.6;"A";47.91;"A";33.11;"A";29.16;"A";7.72;"A";59.96;"A";14;"A";1.71;"A";81.47;"A";1024.49;"A";6;"A";6;"A";8;"A";227;"A";0.33;"A";333.33;"A"
"2025-01-16 08:15";97.18;"A";4213.8;"A";48.46;"A";33.49;"A";29.5;"A";7.75;"A";59.96;"A";14;"A";1.75;"A";81.44;"A";1024.66;"A";6;"A";6;"A";8;"A";228;"A";0.67;"A";333.33;"A"
"2025-01-16 08:30";97.18;"A";4213.73;"A";51.1;"A";35.3;"A";31.09;"A";7.76;"A";59.98;"A";14;"A";1.81;"A";81.29;"A";1024.58;"A";6;"A";6;"A";8;"A";232;"A";0.33;"A";326.67;"A"
"2025-01-16 08:45";97.18;"A";4213.73;"A";50.1;"A";34.62;"A";30.49;"A";7.8;"A";60.01;"A";14;"A";1.87;"A";81.22;"A";1024.58;"A";6;"A";6;"A";8;"A";230;"A";1;"A";340;"A"
"2025-01-16 09:00";97.18;"A";4213.8;"A";51.13;"A";35.33;"A";31.11;"A";7.94;"A";60;"A";14;"A";2;"A";81.35;"A";1024.69;"A";5;"A";6;"A";9;"A";233;"A";1.33;"A";333.33;"A"
"2025-01-16 09:15";97.18;"A";4213.8;"A";53.62;"A";37.03;"A";32.62;"A";8.1;"A";60;"A";14;"A";2.25;"A";80.79;"A";1024.94;"A";5;"A";6;"A";9;"A";251;"A";1.33;"A";340;"A"
"2025-01-16 09:30";97.18;"A";4213.73;"A";54.79;"A";37.83;"A";33.32;"A";8.2;"A";59.96;"A";13;"A";2.49;"A";80.12;"A";1025.31;"A";6;"A";6;"A";7;"A";245;"A";1;"A";336.67;"A"
"2025-01-16 09:45";97.18;"A";4214;"A";55.61;"A";38.39;"A";33.81;"A";8.27;"A";59.96;"A";13;"A";2.68;"A";79.53;"A";1025.62;"A";6;"A";7;"A";8;"A";275;"A";0.33;"A";330;"A"
"2025-01-16 10:00";97.18;"A";4213.73;"A";67.42;"A";48.19;"A";41.03;"A";8.33;"A";59.93;"A";13;"A";2.95;"A";78.56;"A";1025.81;"A";6;"A";7;"A";7;"A";272;"A";0.33;"A";253.33;"A"
"2025-01-16 10:15";97.12;"A";4196.33;"A";62.06;"A";44.3;"A";36.92;"A";8.32;"A";59.98;"A";13;"A";3.09;"A";77.88;"A";1025.98;"A";6;"A";8;"A";6;"A";327;"A";0;"A";246.67;"A"
"2025-01-16 10:30";96.94;"A";4201.73;"A";57.19;"A";47.93;"A";33.7;"A";8.46;"A";59.75;"A";14;"A";3.21;"A";77.56;"A";1026.09;"A";7;"A";7;"A";7;"A";278;"A";0;"A";266.67;"A"
"2025-01-16 10:45";97.01;"A";4211.67;"A";57.35;"A";47.97;"A";33.46;"A";8.58;"A";59.43;"A";14;"A";3.48;"A";76.53;"A";1025.98;"A";7;"A";7;"A";6;"A";257;"A";0;"A";163.33;"A"
"2025-01-16 11:00";97.07;"A";4212.27;"A";55.37;"A";46.04;"A";32.57;"A";8.79;"A";58.97;"A";14;"A";3.64;"A";76.19;"A";1026.09;"A";8;"A";5;"A";6;"A";231;"A";0.33;"A";100;"A"
"2025-01-16 11:15";97.11;"A";4212.73;"A";54.94;"A";46.03;"A";31.92;"A";8.98;"A";58.42;"A";14;"A";3.73;"A";75.46;"A";1025.91;"A";8;"A";5;"A";6;"A";239;"A";0.33;"A";126.67;"A"
"2025-01-16 11:30";97.13;"A";4212.8;"A";57.48;"A";47.7;"A";33.42;"A";9.09;"A";57.92;"A";14;"A";3.73;"A";75.5;"A";1026;"A";8;"A";6;"A";6;"A";226;"A";0.67;"A";133.33;"A"
"2025-01-16 11:45";97.15;"A";4213;"A";66;"A";53.31;"A";36.83;"A";9.13;"A";57.62;"A";15;"A";3.77;"A";75.32;"A";1025.83;"A";9;"A";6;"A";6;"A";228;"A";0;"A";106.67;"A"
"2025-01-16 12:00";97.15;"A";4212.87;"A";72.6;"A";57.66;"A";39.85;"A";9.19;"A";57.73;"A";14;"A";3.88;"A";74.98;"A";1025.75;"A";8;"A";6;"A";6;"A";274;"A";0;"A";200;"A"
"2025-01-16 12:15";97.16;"A";4213.13;"A";76.07;"A";59.08;"A";40.46;"A";9.28;"A";57.28;"A";14;"A";3.97;"A";74.29;"A";1025.83;"A";9;"A";5;"A";6;"A";234;"A";0.33;"A";136.67;"A"
"2025-01-16 12:30";97.16;"A";4213.27;"A";74.26;"A";58.02;"A";39.6;"A";9.38;"A";57.04;"A";15;"A";4.05;"A";73.89;"A";1025.85;"A";8;"A";5;"A";6;"A";234;"A";0.33;"A";93.33;"A"
"2025-01-16 12:45";97.17;"A";4213;"A";68.68;"A";53.38;"A";36.87;"A";9.43;"A";56.42;"A";15;"A";4.04;"A";73.69;"A";1025.78;"A";9;"A";5;"A";6;"A";212;"A";0.33;"A";130;"A"
"2025-01-16 13:00";97.17;"A";4213.33;"A";76;"A";58.57;"A";39.55;"A";9.47;"A";56.35;"A";16;"A";4.04;"A";73.74;"A";1025.79;"A";9;"A";5;"A";6;"A";225;"A";1;"A";133.33;"A"
"2025-01-16 13:15";97.17;"A";4213.6;"A";78.55;"A";60.95;"A";40.62;"A";9.45;"A";56.52;"A";16;"A";4.02;"A";74.1;"A";1025.66;"A";9;"A";6;"A";7;"A";297;"A";0;"A";190;"A"
"2025-01-16 13:30";97.17;"A";4213.53;"A";70.15;"A";54.77;"A";36.83;"A";9.42;"A";56.4;"A";16;"A";3.92;"A";74.23;"A";1025.69;"A";9;"A";5;"A";8;"A";450;"A";0;"A";223.33;"A"
"2025-01-16 13:45";97.17;"A";4213.87;"A";61.51;"A";49.18;"A";33.61;"A";9.34;"A";56.31;"A";16;"A";3.81;"A";73.99;"A";1025.69;"A";9;"A";4;"A";7;"A";231;"A";0;"A";193.33;"A"
"2025-01-16 14:00";97.17;"A";4213.73;"A";58.23;"A";45.48;"A";31;"A";9.22;"A";55.43;"A";18;"A";3.65;"A";72.95;"A";1025.71;"A";10;"A";4;"A";7;"A";242;"A";0.67;"A";130;"A"
"2025-01-16 14:15";97.17;"A";4213.73;"A";74.59;"A";57.96;"A";38.19;"A";9.06;"A";55.86;"A";17;"A";3.55;"A";73.91;"A";1025.7;"A";9;"A";4;"A";8;"A";265;"A";0;"A";133.33;"A"
"2025-01-16 14:30";97.15;"A";4204.73;"A";73.97;"A";59.54;"A";39.95;"A";8.97;"A";56.61;"A";16;"A";3.5;"A";74.55;"A";1025.8;"A";9;"A";4;"A";7;"A";228;"A";0;"A";250;"A"
"2025-01-16 14:45";96.97;"A";4198.53;"A";47.18;"A";39.29;"A";27.35;"A";8.9;"A";56.98;"A";16;"A";3.37;"A";75.27;"A";1025.83;"A";10;"A";5;"A";6;"A";207;"A";0.33;"A";233.33;"A"
"2025-01-16 15:00";97.02;"A";4211.87;"A";43.15;"A";33.78;"A";23.49;"A";8.8;"A";56.95;"A";17;"A";3.33;"A";74.19;"A";1025.73;"A";11;"A";4;"A";6;"A";240;"A";0;"A";156.67;"A"
"2025-01-16 15:15";97.07;"A";4212.47;"A";41.07;"A";34.06;"A";23.25;"A";8.71;"A";56.7;"A";18;"A";3.26;"A";74.75;"A";1025.84;"A";11;"A";4;"A";7;"A";267;"A";0.67;"A";326.67;"A"
"2025-01-16 15:30";97.11;"A";4212.8;"A";31.88;"A";26.81;"A";19.17;"A";8.63;"A";57.5;"A";17;"A";3.15;"A";75.29;"A";1026;"A";11;"A";4;"A";6;"A";240;"A";0.67;"A";340;"A"
"2025-01-16 15:45";97.13;"A";4212.93;"A";21.2;"A";17.85;"A";12.96;"A";8.55;"A";56.97;"A";18;"A";3.12;"A";74.69;"A";1026.08;"A";13;"A";4;"A";5;"A";230;"A";0;"A";230;"A"
"2025-01-16 16:00";97.14;"A";4212.93;"A";20.35;"A";17.23;"A";12.46;"A";8.5;"A";57.22;"A";17;"A";3.15;"A";74.61;"A";1026.17;"A";12;"A";3;"A";6;"A";223;"A";0.33;"A";293.33;"A"
"2025-01-16 16:15";97.15;"A";4213.2;"A";26.13;"A";21.54;"A";15.13;"A";8.47;"A";57.53;"A";17;"A";3.15;"A";74.86;"A";1026.13;"A";11;"A";5;"A";6;"A";293;"A";0;"A";320;"A"
"2025-01-16 16:30";97.16;"A";4213.47;"A";25.87;"A";22.21;"A";15.75;"A";8.47;"A";57.59;"A";17;"A";3.07;"A";75.32;"A";1026.08;"A";10;"A";4;"A";7;"A";280;"A";0.33;"A";336.67;"A"
"2025-01-16 16:45";97.16;"A";4213.6;"A";30.84;"A";25.71;"A";18.69;"A";8.45;"A";57.95;"A";18;"A";3.08;"A";75.55;"A";1026.05;"A";9;"A";4;"A";9;"A";280;"A";0.67;"A";330;"A"
"2025-01-16 17:00";97.16;"A";4213.8;"A";29.27;"A";24.4;"A";18.01;"A";8.44;"A";58.18;"A";17;"A";3.06;"A";75.9;"A";1025.99;"A";8;"A";4;"A";9;"A";260;"A";0;"A";330;"A"
"2025-01-16 17:15";97.03;"A";4193.13;"A";28.91;"A";24.23;"A";17.14;"A";8.42;"A";57.86;"A";17;"A";3.04;"A";75.57;"A";1025.98;"A";9;"A";4;"A";8;"A";244;"A";1;"A";336.67;"A"
"2025-01-16 17:30";97.01;"A";4211.67;"A";24.37;"A";20.15;"A";14.44;"A";8.37;"A";57.47;"A";18;"A";3.03;"A";75.02;"A";1025.85;"A";10;"A";3;"A";8;"A";222;"A";0.67;"A";340;"A"
"2025-01-16 17:45";97.07;"A";4212.33;"A";26.1;"A";22.55;"A";16.3;"A";8.33;"A";57.76;"A";18;"A";3.03;"A";75.59;"A";1025.87;"A";9;"A";3;"A";9;"A";244;"A";0.67;"A";340;"A"
"2025-01-16 18:00";97.1;"A";4213;"A";27.11;"A";23.59;"A";16.48;"A";8.3;"A";58.22;"A";17;"A";3.03;"A";75.81;"A";1025.95;"A";8;"A";3;"A";10;"A";253;"A";0.67;"A";333.33;"A"
"2025-01-16 18:15";97.13;"A";4212.87;"A";40.66;"A";34.87;"A";25.46;"A";8.3;"A";58.53;"A";16;"A";3.03;"A";76.09;"A";1026.05;"A";9;"A";4;"A";7;"A";233;"A";0;"A";223.33;"A"
"2025-01-16 18:30";97.14;"A";4212.87;"A";33.62;"A";29.3;"A";21.19;"A";8.31;"A";58.71;"A";16;"A";3.01;"A";76.62;"A";1026.04;"A";9;"A";4;"A";7;"A";244;"A";0.33;"A";340;"A"
"2025-01-16 18:45";97.15;"A";4213.07;"A";35.53;"A";30.55;"A";21.94;"A";8.3;"A";59.04;"A";16;"A";3.03;"A";77.08;"A";1026.01;"A";9;"A";4;"A";7;"A";249;"A";0;"A";343.33;"A"
"2025-01-16 19:00";97.16;"A";4213.33;"A";39.93;"A";34.41;"A";24.07;"A";8.32;"A";59.46;"A";16;"A";3.03;"A";77.41;"A";1026.12;"A";8;"A";5;"A";8;"A";265;"A";0.33;"A";266.67;"A"
"2025-01-16 19:15";97.16;"A";4213.67;"A";36.25;"A";29.91;"A";20.73;"A";8.3;"A";59.6;"A";16;"A";3.03;"A";77.33;"A";1026.01;"A";9;"A";4;"A";7;"A";235;"A";0.33;"A";336.67;"A"
"2025-01-16 19:30";97.16;"A";4213.73;"A";32.99;"A";28.16;"A";20.04;"A";8.29;"A";59.58;"A";16;"A";2.95;"A";77.65;"A";1025.9;"A";9;"A";4;"A";7;"A";219;"A";1;"A";336.67;"A"
"2025-01-16 19:45";97.1;"A";4198.13;"A";31.86;"A";27.21;"A";19;"A";8.27;"A";59.63;"A";16;"A";2.94;"A";77.71;"A";1025.85;"A";9;"A";4;"A";7;"A";230;"A";1;"A";343.33;"A"
"2025-01-16 20:00";97.02;"A";4211.87;"A";27.35;"A";23.13;"A";16.85;"A";8.24;"A";59.86;"A";16;"A";2.91;"A";78.35;"A";1025.89;"A";9;"A";4;"A";7;"A";209;"A";1;"A";340;"A"
"2025-01-16 20:15";97.08;"A";4212.73;"A";28.09;"A";19.88;"A";17.16;"A";8.31;"A";60.03;"A";16;"A";2.9;"A";78.5;"A";1025.96;"A";9;"A";4;"A";6;"A";196;"A";1;"A";343.33;"A"
"2025-01-16 20:30";97.11;"A";4212.8;"A";27.39;"A";19.03;"A";16.76;"A";8.38;"A";60.02;"A";15;"A";2.99;"A";78.58;"A";1026.06;"A";9;"A";4;"A";6;"A";236;"A";0.33;"A";260;"A"
"2025-01-16 20:45";97.13;"A";4212.87;"A";27.61;"A";19.18;"A";16.9;"A";8.42;"A";59.99;"A";15;"A";3.02;"A";78.59;"A";1026;"A";9;"A";4;"A";5;"A";196;"A";0.33;"A";340;"A"
"2025-01-16 21:00";97.14;"A";4213.13;"A";25.3;"A";17.6;"A";15.5;"A";8.47;"A";60;"A";15;"A";2.94;"A";78.99;"A";1026.08;"A";9;"A";4;"A";6;"A";190;"A";1;"A";340;"A"
"2025-01-16 21:15";97.15;"A";4213.27;"A";22.53;"A";15.7;"A";13.83;"A";8.48;"A";59.97;"A";15;"A";2.96;"A";78.92;"A";1025.89;"A";9;"A";4;"A";5;"A";182;"A";0.33;"A";346.67;"A"
"2025-01-16 21:30";97.16;"A";4213.6;"A";19.87;"A";14.05;"A";12.2;"A";8.4;"A";60.01;"A";15;"A";2.88;"A";79.07;"A";1025.81;"A";10;"A";3;"A";5;"A";159;"A";1;"A";340;"A"
"2025-01-16 21:45";97.16;"A";4213.6;"A";18.58;"A";12.99;"A";11.44;"A";8.45;"A";59.97;"A";15;"A";2.87;"A";79.27;"A";1025.8;"A";10;"A";4;"A";5;"A";187;"A";0.67;"A";330;"A"
"2025-01-16 22:00";97.16;"A";4213.67;"A";17.7;"A";12.39;"A";10.91;"A";8.48;"A";59.99;"A";15;"A";2.84;"A";79.47;"A";1025.67;"A";10;"A";3;"A";5;"A";155;"A";0.33;"A";333.33;"A"
"2025-01-16 22:15";97.16;"A";4214;"A";17.33;"A";12.14;"A";10.69;"A";8.51;"A";60.02;"A";15;"A";2.86;"A";79.6;"A";1025.7;"A";10;"A";4;"A";5;"A";160;"A";0.33;"A";226.67;"A"
"2025-01-16 22:30";97.15;"A";4208.4;"A";17.41;"A";12.19;"A";10.74;"A";8.49;"A";59.99;"A";15;"A";2.79;"A";79.74;"A";1025.71;"A";10;"A";3;"A";5;"A";150;"A";1.33;"A";340;"A"
"2025-01-16 22:45";97.03;"A";4203.93;"A";17.17;"A";12.03;"A";10.59;"A";8.47;"A";60.02;"A";15;"A";2.76;"A";79.82;"A";1025.7;"A";10;"A";3;"A";5;"A";145;"A";1.67;"A";343.33;"A"
"2025-01-16 23:00";97.07;"A";4212.47;"A";18.06;"A";12.63;"A";11.13;"A";8.5;"A";60.03;"A";15;"A";2.71;"A";80.21;"A";1025.75;"A";11;"A";4;"A";4;"A";139;"A";1.67;"A";346.67;"A"
"2025-01-16 23:15";97.1;"A";4212.73;"A";19.45;"A";13.59;"A";11.97;"A";8.59;"A";59.99;"A";14;"A";2.72;"A";80.65;"A";1025.82;"A";10;"A";4;"A";5;"A";156;"A";0.67;"A";340;"A"
"2025-01-16 23:30";97.13;"A";4212.87;"A";20.42;"A";14.25;"A";12.56;"A";8.65;"A";59.99;"A";14;"A";2.71;"A";80.99;"A";1025.65;"A";9;"A";3;"A";5;"A";146;"A";1;"A";230;"A"
"2025-01-16 23:45";97.14;"A";4212.87;"A";17.86;"A";12.5;"A";11.01;"A";8.65;"A";60.01;"A";15;"A";2.68;"A";81.03;"A";1025.46;"A";11;"A";3;"A";4;"A";135;"A";1.67;"A";346.67;"A"
"2025-01-17 00:00";97.15;"A";4213.13;"A";16.06;"A";11.26;"A";9.92;"A";8.68;"A";60;"A";15;"A";2.68;"A";81.19;"A";1025.42;"A";11;"A";3;"A";4;"A";134;"A";0.33;"A";346.67;"A"
"2025-01-17 00:15";97.15;"A";4213.27;"A";15.45;"A";10.84;"A";9.55;"A";8.73;"A";60;"A";15;"A";2.67;"A";81.46;"A";1025.45;"A";11;"A";3;"A";4;"A";128;"A";0.67;"A";343.33;"A"
"2025-01-17 00:30";97.16;"A";4213.33;"A";14.45;"A";10.16;"A";8.95;"A";8.74;"A";60;"A";14;"A";2.65;"A";81.66;"A";1025.24;"A";10;"A";3;"A";4;"A";127;"A";0.67;"A";343.33;"A"
"2025-01-17 00:45";97.16;"A";4213.6;"A";13.02;"A";9.18;"A";8.08;"A";8.71;"A";60.01;"A";15;"A";2.57;"A";81.92;"A";1025.03;"A";11;"A";3;"A";5;"A";127;"A";1;"A";340;"A"
"2025-01-17 01:00";97.16;"A";4213.67;"A";11.5;"A";8.13;"A";7.16;"A";8.71;"A";59.97;"A";15;"A";2.57;"A";81.88;"A";1024.94;"A";11;"A";3;"A";4;"A";121;"A";1;"A";340;"A"
"2025-01-17 01:15";97.16;"A";4213.6;"A";11.76;"A";8.31;"A";7.32;"A";8.7;"A";60;"A";15;"A";2.52;"A";82.25;"A";1024.79;"A";11;"A";3;"A";4;"A";122;"A";1;"A";336.67;"A"
"2025-01-17 01:30";97.16;"A";4213.67;"A";9.37;"A";6.67;"A";5.88;"A";8.56;"A";60;"A";16;"A";2.46;"A";81.72;"A";1024.85;"A";13;"A";3;"A";4;"A";108;"A";1.33;"A";350;"A"
"2025-01-17 01:45";97.16;"A";4213.67;"A";9.46;"A";6.73;"A";5.93;"A";8.5;"A";60.01;"A";17;"A";2.36;"A";82.05;"A";1024.92;"A";13;"A";2;"A";4;"A";103;"A";1.33;"A";343.33;"A"
"2025-01-17 02:00";97.16;"A";4213.67;"A";10.66;"A";7.56;"A";6.66;"A";8.58;"A";60;"A";17;"A";2.32;"A";82.49;"A";1024.78;"A";13;"A";2;"A";4;"A";101;"A";1.33;"A";340;"A"
"2025-01-17 02:15";97.16;"A";4213.6;"A";11.91;"A";8.41;"A";7.41;"A";8.63;"A";60.01;"A";16;"A";2.33;"A";82.7;"A";1024.85;"A";12;"A";3;"A";4;"A";106;"A";0.67;"A";340;"A"
"2025-01-17 02:30";97.16;"A";4213.8;"A";11.81;"A";8.35;"A";7.35;"A";8.57;"A";60.01;"A";16;"A";2.31;"A";82.55;"A";1024.69;"A";12;"A";2;"A";4;"A";104;"A";1;"A";340;"A"
"2025-01-17 02:45";97.16;"A";4213.47;"A";13.03;"A";9.18;"A";8.09;"A";8.5;"A";59.98;"A";16;"A";2.3;"A";82.26;"A";1024.54;"A";12;"A";3;"A";4;"A";110;"A";1.67;"A";350;"A"
"2025-01-17 03:00";97.16;"A";4213.73;"A";14.44;"A";10.15;"A";8.94;"A";8.46;"A";59.97;"A";16;"A";2.32;"A";81.8;"A";1024.53;"A";12;"A";3;"A";4;"A";115;"A";1;"A";340;"A"
"2025-01-17 03:15";97.15;"A";4213.73;"A";16.44;"A";11.52;"A";10.15;"A";8.39;"A";60.01;"A";16;"A";2.33;"A";81.72;"A";1024.59;"A";12;"A";3;"A";4;"A";114;"A";1;"A";340;"A"
"2025-01-17 03:30";97.15;"A";4213.73;"A";18.21;"A";12.74;"A";11.22;"A";8.43;"A";59.97;"A";16;"A";2.32;"A";81.78;"A";1024.66;"A";11;"A";3;"A";4;"A";114;"A";1.33;"A";340;"A"
"2025-01-17 03:45";97.15;"A";4213.73;"A";19.64;"A";13.72;"A";12.08;"A";8.4;"A";59.95;"A";15;"A";2.35;"A";81.6;"A";1024.42;"A";11;"A";3;"A";4;"A";113;"A";1.33;"A";346.67;"A"
"2025-01-17 04:00";97.15;"A";4213.73;"A";20.53;"A";14.33;"A";12.62;"A";8.4;"A";60.03;"A";15;"A";2.33;"A";81.89;"A";1024.16;"A";12;"A";3;"A";4;"A";114;"A";0.67;"A";236.67;"A"
"2025-01-17 04:15";97.15;"A";4213.8;"A";20.9;"A";14.58;"A";12.85;"A";8.36;"A";59.96;"A";16;"A";2.35;"A";81.39;"A";1023.98;"A";11;"A";3;"A";4;"A";115;"A";1;"A";226.67;"A"
"2025-01-17 04:30";97.15;"A";4214;"A";20.39;"A";14.24;"A";12.54;"A";8.3;"A";59.98;"A";16;"A";2.33;"A";81.17;"A";1024.06;"A";12;"A";2;"A";4;"A";118;"A";1.33;"A";346.67;"A"
"2025-01-17 04:45";97.15;"A";4213.67;"A";18.65;"A";13.04;"A";11.48;"A";8.22;"A";60.01;"A";17;"A";2.31;"A";81.06;"A";1024.09;"A";13;"A";2;"A";4;"A";113;"A";1.33;"A";346.67;"A"
"2025-01-17 05:00";97.15;"A";4213.73;"A";17.08;"A";11.96;"A";10.54;"A";8.14;"A";60.01;"A";16;"A";2.3;"A";80.62;"A";1024.13;"A";12;"A";2;"A";4;"A";117;"A";1;"A";346.67;"A"
"2025-01-17 05:15";97.15;"A";4213.73;"A";16.64;"A";11.66;"A";10.27;"A";8.08;"A";59.99;"A";16;"A";2.3;"A";80.33;"A";1024.08;"A";12;"A";3;"A";4;"A";115;"A";0.33;"A";346.67;"A"
"2025-01-17 05:30";97.15;"A";4213.87;"A";16.99;"A";11.9;"A";10.48;"A";7.96;"A";60.01;"A";16;"A";2.31;"A";79.76;"A";1023.98;"A";12;"A";3;"A";4;"A";116;"A";1;"A";120;"A"
"2025-01-17 05:45";97.15;"A";4213.73;"A";18.22;"A";12.75;"A";11.23;"A";8.01;"A";60.02;"A";16;"A";2.3;"A";80.37;"A";1023.84;"A";12;"A";3;"A";4;"A";120;"A";0.67;"A";340;"A"
"2025-01-17 06:00";97.15;"A";4213.73;"A";18.64;"A";13.03;"A";11.48;"A";8.08;"A";59.96;"A";16;"A";2.25;"A";80.57;"A";1023.81;"A";11;"A";2;"A";4;"A";126;"A";1;"A";343.33;"A"
"2025-01-17 06:15";97.07;"A";4194.6;"A";18.92;"A";13.22;"A";11.65;"A";8.02;"A";60.04;"A";16;"A";2.24;"A";80.71;"A";1023.64;"A";11;"A";3;"A";5;"A";125;"A";0.67;"A";340;"A"
"2025-01-17 06:30";96.99;"A";4211.8;"A";19.36;"A";13.53;"A";11.92;"A";8.11;"A";60.01;"A";16;"A";2.24;"A";81.06;"A";1023.71;"A";11;"A";2;"A";5;"A";129;"A";1;"A";343.33;"A"
"2025-01-17 06:45";97.04;"A";4212.33;"A";20.17;"A";14.09;"A";12.41;"A";8.2;"A";59.99;"A";15;"A";2.22;"A";81.27;"A";1023.34;"A";10;"A";3;"A";5;"A";132;"A";0.67;"A";266.67;"A"
"2025-01-17 07:00";97.08;"A";4212.73;"A";20.78;"A";14.5;"A";12.77;"A";8.27;"A";59.93;"A";15;"A";2.2;"A";81.58;"A";1023.29;"A";10;"A";3;"A";5;"A";131;"A";0;"A";263.33;"A"
"2025-01-17 07:15";97.1;"A";4212.87;"A";21.96;"A";15.31;"A";13.48;"A";8.19;"A";60.1;"A";15;"A";2.18;"A";81.94;"A";1023.14;"A";10;"A";3;"A";6;"A";133;"A";0;"A";150;"A"
"2025-01-17 07:30";97.12;"A";4212.87;"A";23.05;"A";16.06;"A";14.14;"A";8.69;"A";59.98;"A";15;"A";2.17;"A";83.59;"A";1023.28;"A";9;"A";3;"A";6;"A";142;"A";0;"A";323.33;"A"
"2025-01-17 07:45";97.13;"A";4213;"A";26.99;"A";18.76;"A";16.53;"A";8.69;"A";60.05;"A";15;"A";2.11;"A";84.11;"A";1023.08;"A";8;"A";3;"A";7;"A";147;"A";0;"A";336.67;"A"
"2025-01-17 08:00";97.13;"A";4213.13;"A";26.59;"A";18.49;"A";16.28;"A";8.67;"A";59.99;"A";14;"A";2.06;"A";84.22;"A";1022.88;"A";9;"A";3;"A";6;"A";153;"A";0;"A";220;"A"
"2025-01-17 08:15";97.14;"A";4213.27;"A";27.51;"A";19.12;"A";16.84;"A";8.74;"A";60.01;"A";14;"A";2.14;"A";84.48;"A";1022.95;"A";8;"A";3;"A";6;"A";165;"A";0;"A";123.33;"A"
"2025-01-17 08:30";97.14;"A";4213.73;"A";25.85;"A";17.98;"A";15.84;"A";8.75;"A";60;"A";15;"A";2.22;"A";84.51;"A";1022.91;"A";8;"A";3;"A";7;"A";156;"A";0;"A";323.33;"A"
"2025-01-17 08:45";97.14;"A";4213.4;"A";23.13;"A";16.12;"A";14.19;"A";8.95;"A";60.01;"A";15;"A";2.35;"A";84.12;"A";1022.76;"A";8;"A";3;"A";7;"A";152;"A";0.33;"A";273.33;"A"
"2025-01-17 09:00";97.14;"A";4213.4;"A";23.24;"A";16.19;"A";14.26;"A";9.02;"A";59.94;"A";14;"A";2.55;"A";84;"A";1022.64;"A";8;"A";3;"A";6;"A";150;"A";0.33;"A";230;"A"
"2025-01-17 09:15";97.14;"A";4213.27;"A";25.88;"A";18;"A";15.85;"A";9.09;"A";59.98;"A";14;"A";2.61;"A";83.74;"A";1022.47;"A";8;"A";4;"A";6;"A";154;"A";0;"A";120;"A"
"2025-01-17 09:30";97.14;"A";4213.53;"A";24.58;"A";17.11;"A";15.07;"A";9.11;"A";59.99;"A";15;"A";2.75;"A";83.09;"A";1022.5;"A";8;"A";3;"A";6;"A";157;"A";0.67;"A";336.67;"A"
"2025-01-17 09:45";97.14;"A";4213.6;"A";27.54;"A";19.14;"A";16.86;"A";9.15;"A";60.01;"A";15;"A";2.88;"A";82.96;"A";1022.62;"A";10;"A";3;"A";6;"A";170;"A";1;"A";340;"A"
"2025-01-17 10:00";97.14;"A";4213.4;"A";28.31;"A";19.66;"A";17.32;"A";9.25;"A";60;"A";15;"A";3.02;"A";82.65;"A";1022.64;"A";9;"A";3;"A";6;"A";182;"A";1.33;"A";343.33;"A"
"2025-01-17 10:15";97.14;"A";4213.53;"A";29.37;"A";20.39;"A";17.96;"A";9.28;"A";59.98;"A";15;"A";3.08;"A";81.96;"A";1022.75;"A";9;"A";3;"A";6;"A";193;"A";1.33;"A";346.67;"A"
"2025-01-17 10:30";97.14;"A";4213.67;"A";28.34;"A";19.69;"A";17.34;"A";9.41;"A";59.94;"A";15;"A";3.33;"A";81.53;"A";1022.69;"A";9;"A";3;"A";6;"A";222;"A";0.67;"A";336.67;"A"
"2025-01-17 10:45";97.14;"A";4213.53;"A";29.11;"A";20.21;"A";17.8;"A";9.46;"A";59.96;"A";14;"A";3.47;"A";81.13;"A";1022.51;"A";9;"A";4;"A";5;"A";234;"A";0.67;"A";340;"A"
"2025-01-17 11:00";97.14;"A";4213.47;"A";30.8;"A";21.37;"A";18.83;"A";9.48;"A";60.05;"A";15;"A";3.62;"A";80.78;"A";1022.23;"A";9;"A";4;"A";5;"A";210;"A";0.67;"A";343.33;"A"
"2025-01-17 11:15";97.13;"A";4213.6;"A";33.75;"A";23.4;"A";20.61;"A";9.58;"A";59.94;"A";14;"A";3.67;"A";80.89;"A";1022.01;"A";9;"A";4;"A";6;"A";257;"A";0.67;"A";336.67;"A"
"2025-01-17 11:30";97.13;"A";4213.4;"A";36.61;"A";25.36;"A";22.34;"A";9.61;"A";60.02;"A";15;"A";3.67;"A";81.01;"A";1021.92;"A";10;"A";4;"A";5;"A";215;"A";1;"A";340;"A"
"2025-01-17 11:45";97.13;"A";4213.67;"A";36.78;"A";25.48;"A";22.44;"A";9.66;"A";60;"A";15;"A";3.77;"A";81.01;"A";1021.71;"A";9;"A";3;"A";5;"A";197;"A";0.33;"A";233.33;"A"
"2025-01-17 12:00";97.13;"A";4213.53;"A";36.69;"A";25.42;"A";22.39;"A";9.64;"A";59.98;"A";15;"A";3.74;"A";80.71;"A";1021.7;"A";10;"A";4;"A";5;"A";192;"A";0.33;"A";343.33;"A"
"2025-01-17 12:15";97.13;"A";4213.67;"A";37.76;"A";26.15;"A";23.03;"A";9.62;"A";59.99;"A";15;"A";3.73;"A";80.82;"A";1021.53;"A";9;"A";4;"A";5;"A";189;"A";0.67;"A";263.33;"A"
"2025-01-17 12:30";97.13;"A";4213.47;"A";36.75;"A";25.46;"A";22.42;"A";9.63;"A";60.02;"A";15;"A";3.75;"A";80.93;"A";1021.35;"A";9;"A";4;"A";6;"A";208;"A";0.33;"A";336.67;"A"
"2025-01-17 12:45";97.13;"A";4213.6;"A";35.3;"A";24.46;"A";21.54;"A";9.75;"A";60.03;"A";15;"A";3.72;"A";81.68;"A";1021.3;"A";10;"A";3;"A";6;"A";211;"A";0;"A";253.33;"A"
"2025-01-17 13:00";97.13;"A";4213.6;"A";32.53;"A";22.56;"A";19.87;"A";9.79;"A";60.01;"A";15;"A";3.67;"A";81.36;"A";1021.03;"A";10;"A";3;"A";5;"A";179;"A";0;"A";30;"A"
"2025-01-17 13:15";97.13;"A";4213.73;"A";31.61;"A";21.93;"A";19.31;"A";9.83;"A";59.94;"A";15;"A";3.71;"A";81.75;"A";1021.02;"A";9;"A";4;"A";5;"A";195;"A";0;"A";346.67;"A"
"2025-01-17 13:30";97.13;"A";4213.4;"A";30.43;"A";21.12;"A";18.6;"A";9.75;"A";59.97;"A";15;"A";3.73;"A";81.22;"A";1020.93;"A";10;"A";3;"A";5;"A";213;"A";0.67;"A";343.33;"A"
"2025-01-17 13:45";97.13;"A";4213.67;"A";30.23;"A";20.98;"A";18.48;"A";9.77;"A";59.96;"A";15;"A";3.7;"A";81.6;"A";1020.93;"A";10;"A";4;"A";5;"A";223;"A";0.33;"A";250;"A"
"2025-01-17 14:00";97.13;"A";4213.67;"A";34;"A";23.57;"A";20.76;"A";9.66;"A";60.06;"A";15;"A";3.73;"A";80.95;"A";1020.89;"A";10;"A";4;"A";5;"A";242;"A";0;"A";153.33;"A"
"2025-01-17 14:15";97.13;"A";4213.73;"A";29.72;"A";20.64;"A";18.18;"A";9.78;"A";60.03;"A";16;"A";3.69;"A";81.87;"A";1020.78;"A";10;"A";4;"A";6;"A";266;"A";0.33;"A";223.33;"A"
"2025-01-17 14:30";97.13;"A";4213.67;"A";28.8;"A";20;"A";17.62;"A";9.88;"A";60.03;"A";16;"A";3.63;"A";82.31;"A";1020.72;"A";11;"A";4;"A";5;"A";227;"A";1;"A";336.67;"A"
"2025-01-17 14:45";97.13;"A";4213.4;"A";30.08;"A";20.88;"A";18.39;"A";10.1;"A";59.99;"A";16;"A";3.58;"A";83.64;"A";1020.88;"A";11;"A";4;"A";5;"A";233;"A";0.67;"A";233.33;"A"
"2025-01-17 15:00";97.12;"A";4213.4;"A";32.17;"A";22.32;"A";19.65;"A";10.28;"A";60.05;"A";16;"A";3.54;"A";84.56;"A";1020.91;"A";10;"A";4;"A";5;"A";236;"A";0.33;"A";266.67;"A"
"2025-01-17 15:15";97.12;"A";4213.33;"A";31.78;"A";22.05;"A";19.42;"A";10.29;"A";59.95;"A";15;"A";3.55;"A";84.47;"A";1020.74;"A";10;"A";4;"A";5;"A";260;"A";0.33;"A";336.67;"A"
"2025-01-17 15:30";97.12;"A";4213.6;"A";28.38;"A";19.71;"A";17.36;"A";10.24;"A";60.04;"A";15;"A";3.54;"A";84.59;"A";1020.72;"A";11;"A";5;"A";5;"A";231;"A";0.33;"A";333.33;"A"
"2025-01-17 15:45";97.12;"A";4213.6;"A";25.51;"A";17.74;"A";15.63;"A";10.22;"A";60.02;"A";15;"A";3.52;"A";84.45;"A";1020.76;"A";10;"A";5;"A";6;"A";259;"A";0.33;"A";340;"A"
"2025-01-17 16:00";97.12;"A";4213.47;"A";19.51;"A";13.63;"A";12.01;"A";10.28;"A";59.96;"A";15;"A";3.47;"A";84.92;"A";1020.73;"A";10;"A";5;"A";6;"A";217;"A";0.67;"A";330;"A"
"2025-01-17 16:15";97.12;"A";4213.53;"A";22.7;"A";15.82;"A";13.94;"A";10.28;"A";60.03;"A";16;"A";3.44;"A";85.29;"A";1020.7;"A";10;"A";4;"A";6;"A";214;"A";0;"A";333.33;"A"
"2025-01-17 16:30";97.12;"A";4213.4;"A";20.62;"A";14.39;"A";12.68;"A";10.35;"A";60.03;"A";15;"A";3.4;"A";85.85;"A";1020.72;"A";9;"A";4;"A";7;"A";208;"A";0.33;"A";323.33;"A"
"2025-01-17 16:45";97.12;"A";4213.4;"A";19.55;"A";13.66;"A";12.03;"A";10.42;"A";60.02;"A";16;"A";3.31;"A";86.34;"A";1020.6;"A";8;"A";4;"A";8;"A";223;"A";0;"A";260;"A"
"2025-01-17 17:00";97.12;"A";4213.13;"A";21.73;"A";15.15;"A";13.34;"A";10.51;"A";60.02;"A";16;"A";3.3;"A";86.88;"A";1020.66;"A";7;"A";4;"A";9;"A";231;"A";0;"A";263.33;"A"
"2025-01-17 17:15";97.11;"A";4213.2;"A";21.75;"A";15.16;"A";13.36;"A";10.55;"A";59.99;"A";14;"A";3.27;"A";87.3;"A";1020.76;"A";8;"A";4;"A";7;"A";236;"A";0;"A";333.33;"A"
"2025-01-17 17:30";97.11;"A";4213.13;"A";20.08;"A";14.02;"A";12.35;"A";10.53;"A";60.01;"A";14;"A";3.19;"A";87.56;"A";1020.71;"A";8;"A";5;"A";6;"A";218;"A";1;"A";340;"A"
"2025-01-17 17:45";97.11;"A";4213.33;"A";19.47;"A";13.6;"A";11.98;"A";10.55;"A";60;"A";14;"A";3.23;"A";87.5;"A";1020.77;"A";8;"A";4;"A";6;"A";211;"A";0;"A";340;"A"
"2025-01-17 18:00";97.11;"A";4213.13;"A";20.03;"A";13.98;"A";12.32;"A";10.54;"A";59.96;"A";14;"A";3.26;"A";87.5;"A";1020.79;"A";8;"A";4;"A";6;"A";228;"A";0.33;"A";193.33;"A"
"2025-01-17 18:15";97.11;"A";4213.2;"A";25.16;"A";17.5;"A";15.42;"A";10.57;"A";60;"A";14;"A";3.25;"A";87.54;"A";1020.69;"A";8;"A";4;"A";7;"A";248;"A";0;"A";336.67;"A"
"2025-01-17 18:30";97.11;"A";4213.33;"A";28.93;"A";20.1;"A";17.7;"A";10.53;"A";60.01;"A";14;"A";3.28;"A";87.33;"A";1020.68;"A";7;"A";5;"A";7;"A";255;"A";0;"A";203.33;"A"
"2025-01-17 18:45";97.11;"A";4213.4;"A";24.6;"A";17.12;"A";15.08;"A";10.48;"A";59.96;"A";14;"A";3.3;"A";86.78;"A";1020.58;"A";7;"A";5;"A";7;"A";226;"A";0;"A";143.33;"A"
"2025-01-17 19:00";97.11;"A";4213.27;"A";24.87;"A";17.31;"A";15.25;"A";10.39;"A";59.97;"A";14;"A";3.36;"A";86.29;"A";1020.57;"A";9;"A";5;"A";6;"A";228;"A";0;"A";223.33;"A"
"2025-01-17 19:15";97.11;"A";4213.33;"A";29.04;"A";20.17;"A";17.76;"A";10.37;"A";59.98;"A";14;"A";3.37;"A";86.02;"A";1020.66;"A";7;"A";4;"A";7;"A";257;"A";0;"A";146.67;"A"
"2025-01-17 19:30";97.11;"A";4213.53;"A";28.87;"A";20.05;"A";17.66;"A";10.33;"A";60.02;"A";14;"A";3.42;"A";85.81;"A";1020.69;"A";8;"A";5;"A";7;"A";223;"A";0;"A";126.67;"A"
"2025-01-17 19:45";97.1;"A";4213.33;"A";29.81;"A";20.69;"A";18.23;"A";10.32;"A";59.98;"A";14;"A";3.45;"A";85.59;"A";1020.67;"A";8;"A";4;"A";6;"A";213;"A";0;"A";113.33;"A"
"2025-01-17 20:00";97.1;"A";4213.27;"A";33.66;"A";23.34;"A";20.55;"A";10.32;"A";60.01;"A";14;"A";3.43;"A";85.55;"A";1020.51;"A";8;"A";4;"A";6;"A";218;"A";0.33;"A";160;"A"
"2025-01-17 20:15";97.1;"A";4213.4;"A";28.79;"A";20;"A";17.61;"A";10.38;"A";59.96;"A";14;"A";3.47;"A";85.53;"A";1020.49;"A";8;"A";5;"A";6;"A";228;"A";0.33;"A";326.67;"A"
"2025-01-17 20:30";97.1;"A";4213.27;"A";27.58;"A";19.17;"A";16.88;"A";10.36;"A";59.98;"A";14;"A";3.44;"A";85.67;"A";1020.4;"A";8;"A";5;"A";6;"A";202;"A";1;"A";333.33;"A"
"2025-01-17 20:45";97.1;"A";4213.27;"A";28.07;"A";19.5;"A";17.17;"A";10.41;"A";60.07;"A";14;"A";3.41;"A";86.24;"A";1020.49;"A";7;"A";4;"A";7;"A";196;"A";1;"A";336.67;"A"
"2025-01-17 21:00";97.1;"A";4212.93;"A";28.17;"A";19.57;"A";17.24;"A";10.61;"A";60.04;"A";13;"A";3.4;"A";87.23;"A";1020.45;"A";8;"A";4;"A";6;"A";180;"A";0.33;"A";336.67;"A"
"2025-01-17 21:15";97.1;"A";4213.07;"A";28.65;"A";19.9;"A";17.52;"A";10.74;"A";60;"A";13;"A";3.39;"A";87.75;"A";1020.49;"A";8;"A";4;"A";5;"A";172;"A";1;"A";340;"A"
"2025-01-17 21:30";97.1;"A";4213.07;"A";30.96;"A";21.48;"A";18.92;"A";10.81;"A";60;"A";13;"A";3.45;"A";87.85;"A";1020.49;"A";7;"A";4;"A";6;"A";173;"A";0.33;"A";333.33;"A"
"2025-01-17 21:45";97.1;"A";4213.13;"A";33.24;"A";23.05;"A";20.3;"A";10.85;"A";60.06;"A";13;"A";3.46;"A";88.3;"A";1020.44;"A";7;"A";4;"A";6;"A";187;"A";0;"A";263.33;"A"
"2025-01-17 22:00";97.1;"A";4213;"A";32.88;"A";22.8;"A";20.09;"A";10.99;"A";59.95;"A";13;"A";3.49;"A";88.27;"A";1020.41;"A";7;"A";4;"A";6;"A";178;"A";0;"A";333.33;"A"
"2025-01-17 22:15";97.1;"A";4213.2;"A";34.06;"A";23.61;"A";20.79;"A";11.01;"A";59.95;"A";12;"A";3.49;"A";88.46;"A";1020.41;"A";7;"A";5;"A";6;"A";167;"A";0.33;"A";326.67;"A"
"2025-01-17 22:30";97.09;"A";4213.07;"A";35.91;"A";24.88;"A";21.91;"A";10.97;"A";60.01;"A";12;"A";3.53;"A";88.21;"A";1020.34;"A";7;"A";5;"A";6;"A";170;"A";0;"A";173.33;"A"
"2025-01-17 22:45";97.09;"A";4213.53;"A";37.49;"A";25.96;"A";22.87;"A";10.91;"A";59.96;"A";12;"A";3.62;"A";87.33;"A";1020.48;"A";7;"A";5;"A";5;"A";172;"A";0;"A";86.67;"A"
"2025-01-17 23:00";97.09;"A";4213.07;"A";28.93;"A";20.09;"A";17.7;"A";10.81;"A";59.97;"A";13;"A";3.72;"A";86.59;"A";1020.55;"A";8;"A";4;"A";5;"A";154;"A";0.33;"A";270;"A"
"2025-01-17 23:15";97.09;"A";4213.27;"A";23.32;"A";16.24;"A";14.31;"A";10.78;"A";59.94;"A";13;"A";3.77;"A";86.42;"A";1020.47;"A";8;"A";4;"A";5;"A";148;"A";0;"A";186.67;"A"
"2025-01-17 23:30";97.09;"A";4213;"A";18.21;"A";12.74;"A";11.22;"A";10.68;"A";59.95;"A";13;"A";3.83;"A";85.32;"A";1020.39;"A";9;"A";4;"A";4;"A";137;"A";0;"A";133.33;"A"
"2025-01-17 23:45";97.09;"A";4213.33;"A";15;"A";10.53;"A";9.28;"A";10.58;"A";60;"A";14;"A";3.88;"A";84.62;"A";1020.39;"A";9;"A";4;"A";5;"A";133;"A";0;"A";193.33;"A"
"2025-01-18 00:00";97.09;"A";4213.2;"A";13.32;"A";9.38;"A";8.27;"A";10.49;"A";59.98;"A";14;"A";3.9;"A";84.3;"A";1020.33;"A";9;"A";3;"A";5;"A";131;"A";1;"A";133.33;"A"
"2025-01-18 00:15";97.09;"A";4213.4;"A";9.27;"A";6.6;"A";5.82;"A";10.46;"A";60.01;"A";14;"A";3.93;"A";84.35;"A";1020.17;"A";10;"A";4;"A";5;"A";112;"A";1;"A";133.33;"A"
"2025-01-18 00:30";97.09;"A";4213.4;"A";8.25;"A";5.91;"A";5.2;"A";10.52;"A";60.03;"A";14;"A";3.95;"A";84.08;"A";1020.26;"A";10;"A";3;"A";4;"A";106;"A";0;"A";130;"A"
"2025-01-18 00:45";97.08;"A";4213.6;"A";7.98;"A";5.72;"A";5.04;"A";10.57;"A";59.97;"A";15;"A";3.96;"A";84.46;"A";1020.28;"A";10;"A";3;"A";4;"A";103;"A";0.33;"A";120;"A"
"2025-01-18 01:00";97.08;"A";4213.53;"A";8.71;"A";6.22;"A";5.48;"A";10.61;"A";59.97;"A";15;"A";3.93;"A";84.66;"A";1020.24;"A";10;"A";3;"A";4;"A";105;"A";0;"A";113.33;"A"
"2025-01-18 01:15";97.08;"A";4213.33;"A";8.44;"A";6.03;"A";5.31;"A";10.43;"A";59.99;"A";15;"A";3.95;"A";83.53;"A";1020.17;"A";11;"A";2;"A";4;"A";102;"A";0.67;"A";126.67;"A"
"2025-01-18 01:30";97.08;"A";4213.33;"A";7.13;"A";5.13;"A";4.52;"A";10.39;"A";60.01;"A";15;"A";3.93;"A";84.01;"A";1020.28;"A";11;"A";2;"A";4;"A";98;"A";1.33;"A";130;"A"
"2025-01-18 01:45";97.08;"A";4213.2;"A";7.37;"A";5.3;"A";4.67;"A";10.43;"A";59.97;"A";15;"A";3.92;"A";83.69;"A";1020.3;"A";11;"A";3;"A";4;"A";97;"A";1;"A";133.33;"A"
"2025-01-18 02:00";97.08;"A";4213.6;"A";6.5;"A";4.7;"A";4.15;"A";10.42;"A";60.01;"A";16;"A";3.85;"A";84.07;"A";1020.42;"A";11;"A";3;"A";4;"A";96;"A";0.67;"A";130;"A"
"2025-01-18 02:15";97.08;"A";4213.47;"A";6.58;"A";4.76;"A";4.19;"A";10.49;"A";60.01;"A";15;"A";3.84;"A";84.47;"A";1020.4;"A";12;"A";3;"A";4;"A";93;"A";0.33;"A";130;"A"
"2025-01-18 02:30";97.08;"A";4213.27;"A";5.38;"A";3.94;"A";3.47;"A";10.45;"A";59.97;"A";15;"A";3.84;"A";83.98;"A";1020.29;"A";11;"A";2;"A";4;"A";94;"A";0.33;"A";126.67;"A"
"2025-01-18 02:45";97.08;"A";4213.47;"A";6.21;"A";4.5;"A";3.97;"A";10.3;"A";60.01;"A";15;"A";3.84;"A";83.74;"A";1020.29;"A";11;"A";2;"A";4;"A";94;"A";0.67;"A";130;"A"
"2025-01-18 03:00";97.08;"A";4213.6;"A";7.44;"A";5.35;"A";4.71;"A";10.29;"A";59.97;"A";15;"A";3.83;"A";83.56;"A";1020.14;"A";11;"A";3;"A";4;"A";96;"A";1;"A";130;"A"
"2025-01-18 03:15";97.07;"A";4213.4;"A";6.64;"A";4.8;"A";4.23;"A";10.19;"A";60.04;"A";15;"A";3.83;"A";83.46;"A";1020.12;"A";11;"A";3;"A";4;"A";95;"A";0.67;"A";126.67;"A"
"2025-01-18 03:30";97.07;"A";4213.2;"A";5.99;"A";4.35;"A";3.83;"A";10.31;"A";60.02;"A";15;"A";3.78;"A";83.82;"A";1020.05;"A";11;"A";3;"A";4;"A";99;"A";0.33;"A";90;"A"
"2025-01-18 03:45";97.07;"A";4213.53;"A";6.41;"A";4.64;"A";4.09;"A";10.34;"A";59.9;"A";15;"A";3.77;"A";83.95;"A";1020.05;"A";10;"A";2;"A";4;"A";95;"A";0;"A";93.33;"A"
"2025-01-18 04:00";97.07;"A";4213.47;"A";6.81;"A";4.92;"A";4.33;"A";10.28;"A";59.95;"A";15;"A";3.77;"A";83.76;"A";1020.08;"A";11;"A";3;"A";4;"A";101;"A";0.33;"A";86.67;"A"
"2025-01-18 04:15";97.07;"A";4213.47;"A";5.73;"A";4.18;"A";3.68;"A";10.11;"A";60.01;"A";15;"A";3.74;"A";83.19;"A";1020.05;"A";11;"A";3;"A";4;"A";94;"A";0.33;"A";120;"A"
"2025-01-18 04:30";97.07;"A";4213.47;"A";5.61;"A";4.09;"A";3.61;"A";10.07;"A";60.04;"A";16;"A";3.68;"A";83.59;"A";1019.88;"A";12;"A";3;"A";4;"A";90;"A";0.33;"A";130;"A"
"2025-01-18 04:45";97.07;"A";4213.53;"A";6.35;"A";4.6;"A";4.05;"A";10.23;"A";59.98;"A";15;"A";3.62;"A";84.2;"A";1019.77;"A";11;"A";3;"A";4;"A";97;"A";0;"A";123.33;"A"
"2025-01-18 05:00";97.07;"A";4213.6;"A";5.57;"A";4.06;"A";3.58;"A";10.05;"A";59.98;"A";15;"A";3.63;"A";83.24;"A";1019.73;"A";11;"A";3;"A";4;"A";95;"A";0.67;"A";126.67;"A"
"2025-01-18 05:15";97.07;"A";4213.47;"A";5.7;"A";4.16;"A";3.66;"A";9.98;"A";60.02;"A";16;"A";3.6;"A";83.37;"A";1019.74;"A";12;"A";2;"A";4;"A";95;"A";0.33;"A";123.33;"A"
"2025-01-18 05:30";97.07;"A";4213.47;"A";5.58;"A";4.07;"A";3.59;"A";10.04;"A";60.01;"A";15;"A";3.58;"A";83.6;"A";1019.89;"A";11;"A";2;"A";4;"A";96;"A";0.33;"A";123.33;"A"
"2025-01-18 05:45";97.07;"A";4213.4;"A";6.72;"A";4.85;"A";4.28;"A";10.07;"A";59.96;"A";15;"A";3.54;"A";83.91;"A";1019.85;"A";11;"A";2;"A";4;"A";98;"A";0;"A";166.67;"A"
"2025-01-18 06:00";97.06;"A";4213.4;"A";7.08;"A";5.1;"A";4.5;"A";10.09;"A";60.03;"A";15;"A";3.52;"A";84.15;"A";1019.97;"A";11;"A";3;"A";4;"A";96;"A";0.33;"A";193.33;"A"
"2025-01-18 06:15";97.06;"A";4213.47;"A";7.94;"A";5.69;"A";5.01;"A";9.99;"A";60;"A";15;"A";3.49;"A";83.87;"A";1019.96;"A";12;"A";2;"A";4;"A";97;"A";0;"A";126.67;"A"
"2025-01-18 06:30";97.06;"A";4213.4;"A";7.27;"A";5.23;"A";4.61;"A";10.06;"A";60.01;"A";15;"A";3.43;"A";84.27;"A";1019.78;"A";11;"A";2;"A";5;"A";99;"A";0;"A";100;"A"
"2025-01-18 06:45";97.06;"A";4213.2;"A";9.31;"A";6.63;"A";5.84;"A";10.06;"A";59.99;"A";15;"A";3.44;"A";84.33;"A";1019.75;"A";11;"A";2;"A";5;"A";101;"A";0;"A";190;"A"
"2025-01-18 07:00";97.06;"A";4213.67;"A";10.39;"A";7.37;"A";6.49;"A";10.09;"A";60.04;"A";15;"A";3.41;"A";84.6;"A";1019.83;"A";10;"A";3;"A";5;"A";103;"A";0;"A";136.67;"A"
"2025-01-18 07:15";97.06;"A";4213.47;"A";10.91;"A";7.73;"A";6.81;"A";9.99;"A";60.01;"A";15;"A";3.44;"A";83.97;"A";1019.79;"A";11;"A";2;"A";4;"A";108;"A";0.33;"A";130;"A"
"2025-01-18 07:30";97.06;"A";4213.47;"A";15.53;"A";10.9;"A";9.6;"A";10.09;"A";60.02;"A";16;"A";3.41;"A";84.79;"A";1019.64;"A";10;"A";2;"A";5;"A";124;"A";0;"A";190;"A"
"2025-01-18 07:45";97.06;"A";4213.33;"A";25.76;"A";17.92;"A";15.78;"A";10.2;"A";59.94;"A";15;"A";3.44;"A";84.98;"A";1019.56;"A";10;"A";3;"A";5;"A";142;"A";0;"A";203.33;"A"
"2025-01-18 08:00";97.05;"A";4213.27;"A";30.91;"A";21.45;"A";18.89;"A";10.07;"A";60.02;"A";16;"A";3.46;"A";84.04;"A";1019.53;"A";10;"A";2;"A";5;"A";130;"A";0;"A";266.67;"A"
"2025-01-18 08:15";97.05;"A";4213.33;"A";36.55;"A";25.32;"A";22.3;"A";10.09;"A";59.95;"A";15;"A";3.44;"A";84.52;"A";1019.32;"A";9;"A";3;"A";6;"A";118;"A";0;"A";143.33;"A"
"2025-01-18 08:30";97.05;"A";4213.13;"A";51.75;"A";35.75;"A";31.48;"A";10.26;"A";59.95;"A";15;"A";3.47;"A";85.44;"A";1019.39;"A";8;"A";2;"A";7;"A";145;"A";0;"A";256.67;"A"
"2025-01-18 08:45";97.05;"A";4213.33;"A";58.97;"A";40.7;"A";35.84;"A";10.28;"A";60.01;"A";14;"A";3.45;"A";85.27;"A";1019.27;"A";8;"A";3;"A";7;"A";135;"A";0;"A";333.33;"A"
"2025-01-18 09:00";97.05;"A";4213.47;"A";42.91;"A";29.68;"A";26.14;"A";10.19;"A";59.89;"A";15;"A";3.41;"A";84.68;"A";1019.33;"A";9;"A";3;"A";6;"A";128;"A";1;"A";333.33;"A"
"2025-01-18 09:15";97.05;"A";4213.33;"A";22.68;"A";15.8;"A";13.92;"A";9.9;"A";60.06;"A";16;"A";3.44;"A";84.05;"A";1019.36;"A";10;"A";3;"A";5;"A";151;"A";0.33;"A";246.67;"A"
"2025-01-18 09:30";97.05;"A";4213.33;"A";22.42;"A";15.62;"A";13.76;"A";9.99;"A";59.97;"A";16;"A";3.37;"A";84.29;"A";1019.37;"A";11;"A";2;"A";5;"A";144;"A";0.67;"A";266.67;"A"
"2025-01-18 09:45";97.05;"A";4213.13;"A";21.09;"A";14.71;"A";12.96;"A";10;"A";59.94;"A";15;"A";3.38;"A";84.24;"A";1019.45;"A";10;"A";2;"A";5;"A";155;"A";0.33;"A";246.67;"A"
"2025-01-18 10:00";97.05;"A";4213.2;"A";19.09;"A";13.34;"A";11.75;"A";10;"A";60.06;"A";16;"A";3.36;"A";84.54;"A";1019.59;"A";10;"A";2;"A";6;"A";179;"A";0.67;"A";340;"A"
"2025-01-18 10:15";97.05;"A";4213.33;"A";19.2;"A";13.41;"A";11.82;"A";9.97;"A";60.01;"A";16;"A";3.38;"A";84.38;"A";1019.48;"A";10;"A";3;"A";6;"A";196;"A";1;"A";343.33;"A"
"2025-01-18 10:30";97.05;"A";4213.47;"A";24.38;"A";16.97;"A";14.95;"A";10.13;"A";59.94;"A";16;"A";3.38;"A";84.86;"A";1019.47;"A";9;"A";3;"A";7;"A";200;"A";1;"A";336.67;"A"
"2025-01-18 10:45";97.05;"A";4213.27;"A";19.97;"A";13.94;"A";12.28;"A";9.93;"A";60.01;"A";16;"A";3.37;"A";83.99;"A";1019.32;"A";10;"A";3;"A";6;"A";205;"A";1.33;"A";343.33;"A"
"2025-01-18 11:00";97.05;"A";4213.6;"A";15.51;"A";10.89;"A";9.59;"A";9.9;"A";60.03;"A";15;"A";3.34;"A";84.11;"A";1019.21;"A";10;"A";3;"A";6;"A";187;"A";0.67;"A";333.33;"A"
"2025-01-18 11:15";97.05;"A";4213.47;"A";12.05;"A";8.51;"A";7.5;"A";9.9;"A";60.04;"A";16;"A";3.38;"A";83.99;"A";1019.21;"A";10;"A";3;"A";6;"A";192;"A";1;"A";340;"A"
"2025-01-18 11:30";97.05;"A";4213.2;"A";9.83;"A";6.99;"A";6.16;"A";9.85;"A";60;"A";16;"A";3.4;"A";83.68;"A";1018.96;"A";11;"A";3;"A";5;"A";165;"A";1.67;"A";343.33;"A"
"2025-01-18 11:45";97.04;"A";4213.27;"A";11.54;"A";8.16;"A";7.19;"A";9.94;"A";59.91;"A";16;"A";3.35;"A";83.97;"A";1018.91;"A";10;"A";3;"A";5;"A";152;"A";1.67;"A";226.67;"A"
"2025-01-18 12:00";97.04;"A";4213.53;"A";10.8;"A";7.65;"A";6.74;"A";9.91;"A";59.91;"A";16;"A";3.44;"A";83.82;"A";1018.7;"A";10;"A";3;"A";6;"A";185;"A";1;"A";340;"A"
"2025-01-18 12:15";97.04;"A";4213.33;"A";9.83;"A";6.99;"A";6.16;"A";9.83;"A";59.98;"A";16;"A";3.42;"A";83.25;"A";1018.47;"A";11;"A";3;"A";5;"A";173;"A";1.33;"A";343.33;"A"
"2025-01-18 12:30";97.04;"A";4213.4;"A";8.93;"A";6.37;"A";5.61;"A";9.81;"A";60.08;"A";16;"A";3.42;"A";83.57;"A";1018.23;"A";10;"A";3;"A";5;"A";178;"A";1.67;"A";343.33;"A"
"2025-01-18 12:45";97.04;"A";4213.33;"A";9.57;"A";6.81;"A";6;"A";9.98;"A";60.08;"A";15;"A";3.47;"A";84.17;"A";1017.59;"A";10;"A";3;"A";5;"A";208;"A";1;"A";340;"A"
"2025-01-18 13:00";97.04;"A";4213.33;"A";9.2;"A";6.55;"A";5.77;"A";10.03;"A";60.04;"A";15;"A";3.55;"A";83.45;"A";1017.12;"A";10;"A";3;"A";5;"A";208;"A";1;"A";340;"A"
"2025-01-18 13:15";97.04;"A";4213.53;"A";10.61;"A";7.52;"A";6.63;"A";10.11;"A";59.94;"A";15;"A";3.66;"A";83.65;"A";1016.55;"A";10;"A";3;"A";5;"A";162;"A";0.67;"A";333.33;"A"
"2025-01-18 13:30";97.04;"A";4213.4;"A";12.73;"A";8.98;"A";7.91;"A";10.21;"A";59.99;"A";15;"A";3.82;"A";83.49;"A";1016.44;"A";10;"A";3;"A";6;"A";215;"A";0.67;"A";340;"A"
"2025-01-18 13:45";97.04;"A";4213.2;"A";13.11;"A";9.24;"A";8.14;"A";10.28;"A";59.99;"A";16;"A";3.85;"A";83.63;"A";1016.48;"A";10;"A";3;"A";6;"A";208;"A";1;"A";333.33;"A"
"2025-01-18 14:00";97.04;"A";4213;"A";12.03;"A";8.5;"A";7.49;"A";10.26;"A";60.03;"A";16;"A";3.82;"A";83.7;"A";1016.14;"A";10;"A";3;"A";6;"A";185;"A";1;"A";230;"A"
"2025-01-18 14:15";97.04;"A";4213.4;"A";12.2;"A";8.61;"A";7.59;"A";10.36;"A";60.01;"A";15;"A";3.88;"A";83.86;"A";1015.88;"A";10;"A";3;"A";5;"A";175;"A";0;"A";246.67;"A"
"2025-01-18 14:30";97.03;"A";4213.07;"A";13.42;"A";9.45;"A";8.33;"A";10.42;"A";59.99;"A";15;"A";3.83;"A";83.98;"A";1015.77;"A";9;"A";4;"A";6;"A";420;"A";0;"A";190;"A"
"2025-01-18 14:45";97.03;"A";4213.27;"A";14.36;"A";10.1;"A";8.9;"A";10.42;"A";59.99;"A";15;"A";3.82;"A";83.79;"A";1015.86;"A";10;"A";4;"A";5;"A";238;"A";1;"A";340;"A"
"2025-01-18 15:00";97.03;"A";4213.27;"A";16.59;"A";11.62;"A";10.24;"A";10.51;"A";59.98;"A";15;"A";3.88;"A";84.46;"A";1015.41;"A";10;"A";3;"A";6;"A";199;"A";0.67;"A";346.67;"A"
"2025-01-18 15:15";97.03;"A";4213.33;"A";19.28;"A";13.47;"A";11.86;"A";10.52;"A";59.99;"A";15;"A";3.87;"A";84.52;"A";1014.98;"A";9;"A";4;"A";6;"A";230;"A";1;"A";346.67;"A"
"2025-01-18 15:30";97.03;"A";4213.07;"A";18.98;"A";13.27;"A";11.69;"A";10.54;"A";60.01;"A";14;"A";3.94;"A";84.37;"A";1014.54;"A";9;"A";3;"A";6;"A";155;"A";0;"A";190;"A"
"2025-01-18 15:45";97.03;"A";4213.07;"A";20.34;"A";14.2;"A";12.51;"A";10.63;"A";60;"A";14;"A";3.98;"A";84.41;"A";1014.42;"A";9;"A";4;"A";5;"A";189;"A";0;"A";130;"A"
"2025-01-18 16:00";97.03;"A";4213.13;"A";21.6;"A";15.06;"A";13.27;"A";10.72;"A";59.96;"A";14;"A";4.07;"A";84.34;"A";1014.27;"A";8;"A";3;"A";5;"A";152;"A";0;"A";196.67;"A"
"2025-01-18 16:15";97.03;"A";4213;"A";23.5;"A";16.37;"A";14.42;"A";10.74;"A";59.99;"A";14;"A";4.23;"A";83.93;"A";1014.26;"A";9;"A";3;"A";6;"A";195;"A";0;"A";136.67;"A"
"2025-01-18 16:30";97.03;"A";4213.13;"A";27.02;"A";18.78;"A";16.54;"A";10.78;"A";60;"A";14;"A";4.25;"A";83.7;"A";1014.33;"A";8;"A";3;"A";6;"A";225;"A";0.33;"A";340;"A"
"2025-01-18 16:45";97.03;"A";4213.07;"A";31.11;"A";21.59;"A";19.01;"A";10.72;"A";60.01;"A";14;"A";4.13;"A";84.07;"A";1014.19;"A";8;"A";4;"A";7;"A";196;"A";0.33;"A";223.33;"A"
"2025-01-18 17:00";97.03;"A";4213.47;"A";35.7;"A";24.74;"A";21.79;"A";10.63;"A";59.99;"A";14;"A";3.95;"A";84.68;"A";1014.31;"A";7;"A";4;"A";8;"A";256;"A";0;"A";280;"A"
"2025-01-18 17:15";97.03;"A";4213.8;"A";36.93;"A";25.58;"A";22.53;"A";10.5;"A";59.99;"A";14;"A";3.72;"A";85.09;"A";1014.22;"A";6;"A";4;"A";8;"A";228;"A";0;"A";316.67;"A"
"2025-01-18 17:30";97.02;"A";4213.27;"A";39.42;"A";27.29;"A";24.03;"A";10.49;"A";59.99;"A";14;"A";3.63;"A";85.52;"A";1014.37;"A";5;"A";4;"A";9;"A";215;"A";0;"A";240;"A"
"2025-01-18 17:45";97.02;"A";4213.6;"A";45.91;"A";31.74;"A";27.95;"A";10.49;"A";60.03;"A";14;"A";3.65;"A";85.51;"A";1014.43;"A";6;"A";5;"A";8;"A";221;"A";0;"A";330;"A"
"2025-01-18 18:00";97.02;"A";4213.2;"A";45.56;"A";31.5;"A";27.74;"A";10.65;"A";59.99;"A";13;"A";3.8;"A";85.53;"A";1014.09;"A";6;"A";5;"A";8;"A";331;"A";0.33;"A";320;"A"
"2025-01-18 18:15";97.02;"A";4213;"A";44.49;"A";30.77;"A";27.1;"A";10.66;"A";60;"A";14;"A";3.84;"A";85.29;"A";1013.94;"A";5;"A";4;"A";8;"A";237;"A";0;"A";310;"A"
"2025-01-18 18:30";97.02;"A";4213.2;"A";44.91;"A";31.05;"A";27.35;"A";10.72;"A";59.98;"A";13;"A";3.98;"A";85.06;"A";1013.85;"A";6;"A";4;"A";7;"A";218;"A";0.33;"A";330;"A"
"2025-01-18 18:45";97.02;"A";4213.07;"A";47.92;"A";33.12;"A";29.17;"A";10.82;"A";60;"A";13;"A";4.15;"A";84.7;"A";1013.62;"A";6;"A";4;"A";7;"A";237;"A";0.33;"A";330;"A"
"2025-01-18 19:00";97.02;"A";4213.13;"A";51.11;"A";35.31;"A";31.09;"A";11.03;"A";59.97;"A";14;"A";4.42;"A";84.3;"A";1013.62;"A";6;"A";4;"A";8;"A";227;"A";1;"A";336.67;"A"
"2025-01-18 19:15";97.02;"A";4213.07;"A";51.07;"A";35.28;"A";31.08;"A";11.13;"A";59.97;"A";14;"A";4.61;"A";83.86;"A";1013.27;"A";7;"A";4;"A";6;"A";210;"A";0.67;"A";330;"A"
"2025-01-18 19:30";97.02;"A";4213.33;"A";52.47;"A";36.24;"A";31.92;"A";11.18;"A";59.96;"A";14;"A";4.75;"A";83.44;"A";1012.97;"A";8;"A";4;"A";7;"A";210;"A";0.33;"A";330;"A"
"2025-01-18 19:45";97.02;"A";4213;"A";53.47;"A";36.93;"A";32.53;"A";11.26;"A";60.02;"A";14;"A";4.86;"A";83.31;"A";1012.79;"A";7;"A";4;"A";6;"A";211;"A";0.33;"A";326.67;"A"
"2025-01-18 20:00";97.02;"A";4213.13;"A";55.69;"A";38.45;"A";33.87;"A";11.37;"A";59.98;"A";14;"A";4.98;"A";83.07;"A";1012.66;"A";8;"A";4;"A";6;"A";209;"A";0;"A";326.67;"A"
"2025-01-18 20:15";97.01;"A";4213.07;"A";66.9;"A";46.14;"A";40.64;"A";11.44;"A";60.01;"A";14;"A";5.18;"A";82.69;"A";1012.8;"A";7;"A";6;"A";7;"A";468;"A";0;"A";143.33;"A"
"2025-01-18 20:30";97.01;"A";4213.13;"A";65.48;"A";45.16;"A";39.78;"A";11.62;"A";59.96;"A";15;"A";5.44;"A";82.06;"A";1012.78;"A";9;"A";4;"A";6;"A";222;"A";0.67;"A";130;"A"
"2025-01-18 20:45";97.01;"A";4212.93;"A";49.73;"A";34.36;"A";30.26;"A";11.64;"A";59.87;"A";16;"A";5.5;"A";81.42;"A";1013.22;"A";11;"A";4;"A";5;"A";279;"A";0.33;"A";123.33;"A"
"2025-01-18 21:00";96.98;"A";4202.47;"A";34.87;"A";24.84;"A";21.28;"A";11.16;"A";59.93;"A";17;"A";5.38;"A";79.86;"A";1013.25;"A";12;"A";3;"A";5;"A";136;"A";0.33;"A";116.67;"A"
"2025-01-18 21:15";96.91;"A";4212.07;"A";36.79;"A";29.42;"A";20.16;"A";10.81;"A";59.58;"A";18;"A";5.25;"A";78.43;"A";1013.05;"A";13;"A";3;"A";5;"A";125;"A";0;"A";113.33;"A"
"2025-01-18 21:30";96.95;"A";4212.93;"A";33.29;"A";27.21;"A";18.97;"A";10.65;"A";58.62;"A";18;"A";5.12;"A";77.16;"A";1013.15;"A";13;"A";3;"A";5;"A";118;"A";1.33;"A";126.67;"A"
"2025-01-18 21:45";96.97;"A";4212.87;"A";35.79;"A";29.24;"A";19.78;"A";10.53;"A";58.68;"A";18;"A";5.02;"A";77.51;"A";1013.25;"A";13;"A";2;"A";5;"A";120;"A";1;"A";130;"A"
"2025-01-18 22:00";96.99;"A";4212.73;"A";35.95;"A";29.53;"A";20.38;"A";10.44;"A";59.23;"A";17;"A";4.95;"A";78.07;"A";1013.31;"A";12;"A";2;"A";5;"A";121;"A";0.67;"A";116.67;"A"
"2025-01-18 22:15";96.98;"A";4205.87;"A";32.75;"A";26.75;"A";18.08;"A";10.36;"A";58.37;"A";18;"A";4.94;"A";76.17;"A";1013.64;"A";13;"A";2;"A";4;"A";121;"A";0.33;"A";116.67;"A"
"2025-01-18 22:30";96.79;"A";4194.27;"A";33.25;"A";26.7;"A";18.37;"A";10.32;"A";58.43;"A";18;"A";4.88;"A";77.05;"A";1013.53;"A";13;"A";2;"A";5;"A";120;"A";0;"A";120;"A"
"2025-01-18 22:45";96.82;"A";4211.33;"A";34.41;"A";26.95;"A";18.77;"A";10.25;"A";58.7;"A";18;"A";4.85;"A";77.07;"A";1013.71;"A";13;"A";2;"A";5;"A";122;"A";0.33;"A";110;"A"
"2025-01-18 23:00";96.89;"A";4212;"A";33.98;"A";27.63;"A";18.73;"A";10.2;"A";58.97;"A";17;"A";4.81;"A";77.12;"A";1013.87;"A";12;"A";2;"A";5;"A";126;"A";0.33;"A";126.67;"A"
"2025-01-18 23:15";96.94;"A";4212.93;"A";26.69;"A";21.98;"A";14.79;"A";10.17;"A";58.55;"A";18;"A";4.75;"A";76.88;"A";1013.62;"A";14;"A";2;"A";5;"A";113;"A";0;"A";56.67;"A"
"2025-01-18 23:30";96.96;"A";4212.93;"A";26.23;"A";21.1;"A";14.4;"A";10.11;"A";58.78;"A";18;"A";4.7;"A";77.33;"A";1013.52;"A";13;"A";2;"A";5;"A";115;"A";0;"A";106.67;"A"
"2025-01-18 23:45";96.98;"A";4211.33;"A";26.82;"A";22.45;"A";15.51;"A";10.09;"A";59.1;"A";18;"A";4.68;"A";77.49;"A";1013.56;"A";13;"A";2;"A";5;"A";120;"A";0.33;"A";116.67;"A"
"2025-01-19 00:00";96.88;"A";4202.87;"A";22.91;"A";19.08;"A";12.67;"A";10.06;"A";58.66;"A";18;"A";4.59;"A";77.02;"A";1013.68;"A";14;"A";2;"A";4;"A";112;"A";0.67;"A";123.33;"A"
"2025-01-19 00:15";96.92;"A";4212.2;"A";18.81;"A";15.3;"A";10.9;"A";9.99;"A";58.6;"A";19;"A";4.52;"A";77.14;"A";1013.9;"A";14;"A";2;"A";4;"A";114;"A";0.67;"A";113.33;"A"
"2025-01-19 00:30";96.95;"A";4212.8;"A";17.13;"A";14.34;"A";10.22;"A";9.92;"A";58.63;"A";19;"A";4.46;"A";77.15;"A";1013.8;"A";15;"A";2;"A";4;"A";107;"A";0.67;"A";116.67;"A"
"2025-01-19 00:45";96.97;"A";4212.73;"A";20.05;"A";15.88;"A";11.18;"A";9.86;"A";59.05;"A";19;"A";4.45;"A";77.58;"A";1013.82;"A";14;"A";1;"A";4;"A";109;"A";0;"A";116.67;"A"
"2025-01-19 01:00";96.99;"A";4212.87;"A";18.65;"A";15.02;"A";10.46;"A";9.84;"A";59.24;"A";18;"A";4.43;"A";77.27;"A";1013.78;"A";14;"A";2;"A";4;"A";112;"A";0;"A";123.33;"A"
"2025-01-19 01:15";97;"A";4213.07;"A";13.25;"A";11.07;"A";7.83;"A";9.81;"A";58.83;"A";19;"A";4.42;"A";76.95;"A";1013.81;"A";15;"A";2;"A";4;"A";111;"A";1.67;"A";130;"A"
"2025-01-19 01:30";96.88;"A";4185.93;"A";11.76;"A";9.92;"A";7.14;"A";9.79;"A";58.75;"A";19;"A";4.38;"A";76.86;"A";1013.88;"A";15;"A";2;"A";4;"A";110;"A";1;"A";123.33;"A"
"2025-01-19 01:45";96.74;"A";4207.87;"A";10.68;"A";8.85;"A";6.67;"A";9.77;"A";58.33;"A";19;"A";4.41;"A";76.18;"A";1013.97;"A";15;"A";1;"A";4;"A";105;"A";1;"A";126.67;"A"
"2025-01-19 02:00";96.84;"A";4211.4;"A";12.4;"A";10.44;"A";7.57;"A";9.74;"A";58.36;"A";19;"A";4.42;"A";76.29;"A";1013.88;"A";15;"A";1;"A";4;"A";109;"A";0.67;"A";126.67;"A"
"2025-01-19 02:15";96.9;"A";4212;"A";13.57;"A";11.38;"A";8.23;"A";9.75;"A";58.26;"A";18;"A";4.44;"A";75.69;"A";1013.71;"A";14;"A";2;"A";4;"A";118;"A";0;"A";123.33;"A"
"2025-01-19 02:30";96.94;"A";4212.8;"A";13.04;"A";11.01;"A";8.26;"A";9.78;"A";57.75;"A";18;"A";4.46;"A";75.1;"A";1013.48;"A";14;"A";2;"A";4;"A";116;"A";0;"A";100;"A"
"2025-01-19 02:45";96.96;"A";4212.8;"A";14.62;"A";12.36;"A";8.56;"A";9.8;"A";57.43;"A";18;"A";4.5;"A";74.98;"A";1013.17;"A";14;"A";2;"A";4;"A";121;"A";0;"A";113.33;"A"
"2025-01-19 03:00";96.98;"A";4212.87;"A";16.91;"A";14.66;"A";10.72;"A";9.84;"A";57.2;"A";18;"A";4.49;"A";74.72;"A";1013.06;"A";14;"A";2;"A";4;"A";122;"A";0;"A";186.67;"A"
"2025-01-19 03:15";96.99;"A";4213.07;"A";29.92;"A";24.83;"A";17.65;"A";9.86;"A";56.71;"A";18;"A";4.53;"A";74.26;"A";1013.03;"A";14;"A";2;"A";5;"A";123;"A";0;"A";110;"A"
"2025-01-19 03:30";97;"A";4213.27;"A";33.17;"A";28.23;"A";19.3;"A";9.87;"A";56.63;"A";18;"A";4.53;"A";74.18;"A";1013.12;"A";13;"A";1;"A";5;"A";119;"A";0;"A";123.33;"A"
"2025-01-19 03:45";97;"A";4213.33;"A";23.6;"A";19.64;"A";13.54;"A";9.89;"A";56.29;"A";19;"A";4.57;"A";73.56;"A";1013.01;"A";14;"A";2;"A";4;"A";119;"A";0;"A";113.33;"A"
"2025-01-19 04:00";97;"A";4213.2;"A";18.21;"A";15.22;"A";10.64;"A";9.91;"A";56.29;"A";19;"A";4.56;"A";73.5;"A";1012.92;"A";14;"A";1;"A";4;"A";116;"A";0;"A";76.67;"A"
"2025-01-19 04:15";97.01;"A";4213.53;"A";17.8;"A";14.86;"A";10.88;"A";9.92;"A";56.42;"A";18;"A";4.56;"A";74.49;"A";1012.91;"A";14;"A";2;"A";4;"A";122;"A";0;"A";53.33;"A"
"2025-01-19 04:30";97.01;"A";4213.67;"A";18.67;"A";15.73;"A";11.32;"A";9.92;"A";56.72;"A";18;"A";4.54;"A";74.2;"A";1013.03;"A";13;"A";2;"A";5;"A";120;"A";0;"A";120;"A"
"2025-01-19 04:45";97.01;"A";4213.47;"A";19.54;"A";15.85;"A";11.31;"A";9.9;"A";57.05;"A";18;"A";4.54;"A";74.64;"A";1012.92;"A";14;"A";2;"A";4;"A";122;"A";0;"A";200;"A"
"2025-01-19 05:00";97.01;"A";4213.4;"A";16.86;"A";13.79;"A";9.77;"A";9.92;"A";56.55;"A";19;"A";4.59;"A";73.88;"A";1013;"A";14;"A";1;"A";4;"A";112;"A";1;"A";133.33;"A"
"2025-01-19 05:15";97.01;"A";4213.6;"A";13.9;"A";11.56;"A";8.25;"A";9.94;"A";56.09;"A";19;"A";4.64;"A";72.97;"A";1013.02;"A";15;"A";1;"A";4;"A";113;"A";0;"A";120;"A"
"2025-01-19 05:30";97.01;"A";4213.53;"A";12.8;"A";9.92;"A";6.95;"A";9.99;"A";55.53;"A";20;"A";4.74;"A";71.85;"A";1012.85;"A";15;"A";1;"A";4;"A";111;"A";0.33;"A";96.67;"A"
"2025-01-19 05:45";96.97;"A";4197.53;"A";11.84;"A";9.01;"A";6.37;"A";10.05;"A";55.18;"A";20;"A";4.75;"A";71.91;"A";1012.96;"A";16;"A";1;"A";4;"A";106;"A";0.33;"A";176.67;"A"
"2025-01-19 06:00";96.81;"A";4204.2;"A";11.23;"A";8.66;"A";6.13;"A";10.07;"A";54.63;"A";21;"A";4.79;"A";70.83;"A";1013.05;"A";16;"A";1;"A";5;"A";114;"A";0;"A";53.33;"A"
"2025-01-19 06:15";96.88;"A";4211.73;"A";10.48;"A";7.5;"A";5.37;"A";10.1;"A";53.57;"A";22;"A";4.87;"A";69.78;"A";1013.14;"A";17;"A";1;"A";5;"A";102;"A";0;"A";90;"A"
"2025-01-19 06:30";96.93;"A";4212.8;"A";10.21;"A";8.22;"A";5.49;"A";10.15;"A";53.65;"A";22;"A";4.88;"A";70;"A";1013.23;"A";18;"A";0;"A";4;"A";100;"A";0.33;"A";346.67;"A"
"2025-01-19 06:45";96.96;"A";4212.67;"A";10.5;"A";7.84;"A";5.5;"A";10.16;"A";53.39;"A";21;"A";4.87;"A";69.59;"A";1013.28;"A";17;"A";1;"A";5;"A";108;"A";0;"A";253.33;"A"
"2025-01-19 07:00";96.97;"A";4212.8;"A";9.53;"A";6.75;"A";4.84;"A";10.21;"A";52.9;"A";22;"A";4.93;"A";68.88;"A";1013.41;"A";18;"A";1;"A";5;"A";104;"A";0;"A";96.67;"A"
"2025-01-19 07:15";96.99;"A";4213;"A";10.88;"A";7.3;"A";4.82;"A";10.26;"A";52.88;"A";22;"A";4.96;"A";68.91;"A";1013.4;"A";18;"A";0;"A";5;"A";97;"A";0;"A";126.67;"A"
"2025-01-19 07:30";96.99;"A";4210;"A";9.93;"A";7.06;"A";4.74;"A";10.28;"A";52.79;"A";22;"A";4.98;"A";68.73;"A";1013.66;"A";18;"A";1;"A";5;"A";97;"A";0;"A";80;"A"
"2025-01-19 07:45";96.92;"A";4208.53;"A";10.89;"A";7.18;"A";4.95;"A";10.3;"A";52.17;"A";23;"A";5.02;"A";67.66;"A";1013.77;"A";19;"A";1;"A";4;"A";96;"A";0.33;"A";86.67;"A"
"2025-01-19 08:00";96.95;"A";4212.8;"A";11.23;"A";7.32;"A";5.01;"A";10.34;"A";51.86;"A";23;"A";5.07;"A";67.51;"A";1014.09;"A";18;"A";1;"A";5;"A";107;"A";0;"A";70;"A"
"2025-01-19 08:15";96.97;"A";4212.87;"A";11.2;"A";7.67;"A";4.97;"A";10.38;"A";51.74;"A";24;"A";5.08;"A";67.47;"A";1014.16;"A";19;"A";0;"A";4;"A";104;"A";0;"A";156.67;"A"
"2025-01-19 08:30";96.98;"A";4212.93;"A";12.74;"A";8.69;"A";5.86;"A";10.42;"A";51.68;"A";23;"A";5.14;"A";67.19;"A";1014.4;"A";19;"A";1;"A";5;"A";108;"A";0.33;"A";126.67;"A"
"2025-01-19 08:45";96.99;"A";4213.07;"A";12.56;"A";8.21;"A";5.55;"A";10.46;"A";51.88;"A";23;"A";5.16;"A";67.61;"A";1014.43;"A";19;"A";0;"A";4;"A";106;"A";0;"A";110;"A"
"2025-01-19 09:00";97;"A";4213.13;"A";10.19;"A";6.97;"A";4.63;"A";10.5;"A";51.94;"A";23;"A";5.2;"A";67.93;"A";1014.61;"A";19;"A";0;"A";4;"A";98;"A";0.67;"A";106.67;"A"
"2025-01-19 09:15";96.89;"A";4193.33;"A";10.67;"A";7.21;"A";4.66;"A";10.55;"A";51.7;"A";23;"A";5.22;"A";67.43;"A";1014.75;"A";19;"A";0;"A";4;"A";98;"A";0.67;"A";120;"A"
"2025-01-19 09:30";96.84;"A";4211.6;"A";10.38;"A";7;"A";4.32;"A";10.57;"A";51.7;"A";23;"A";5.25;"A";67.25;"A";1014.9;"A";19;"A";1;"A";4;"A";116;"A";0.33;"A";180;"A"
"2025-01-19 09:45";96.9;"A";4212.27;"A";10.94;"A";7.05;"A";4.49;"A";10.59;"A";51.08;"A";23;"A";5.29;"A";66.46;"A";1015.07;"A";19;"A";0;"A";5;"A";96;"A";1;"A";130;"A"
"2025-01-19 10:00";96.94;"A";4212.73;"A";11.83;"A";7.91;"A";5.11;"A";10.66;"A";50.75;"A";24;"A";5.41;"A";65.76;"A";1015.14;"A";19;"A";0;"A";4;"A";104;"A";0.67;"A";126.67;"A"
"2025-01-19 10:15";96.96;"A";4212.8;"A";14.86;"A";9.03;"A";6.18;"A";10.76;"A";50.7;"A";24;"A";5.51;"A";66.15;"A";1015.07;"A";19;"A";0;"A";5;"A";115;"A";0.67;"A";126.67;"A"
"2025-01-19 10:30";96.93;"A";4207.07;"A";12.11;"A";7.96;"A";5.25;"A";10.87;"A";50.66;"A";23;"A";5.65;"A";65.35;"A";1015.17;"A";19;"A";0;"A";4;"A";124;"A";0;"A";63.33;"A"
"2025-01-19 10:45";96.94;"A";4212.87;"A";11.91;"A";7.99;"A";4.98;"A";11.01;"A";49.55;"A";24;"A";5.81;"A";63.59;"A";1015.12;"A";20;"A";0;"A";4;"A";108;"A";0;"A";100;"A"
"2025-01-19 11:00";96.97;"A";4212.87;"A";10.55;"A";6.87;"A";4.5;"A";11.18;"A";48.76;"A";24;"A";5.94;"A";63.29;"A";1015.17;"A";20;"A";0;"A";5;"A";102;"A";1;"A";86.67;"A"
"2025-01-19 11:15";96.98;"A";4212.8;"A";12.04;"A";6.86;"A";4.35;"A";11.32;"A";48.23;"A";24;"A";6.02;"A";62.63;"A";1015.14;"A";19;"A";0;"A";5;"A";101;"A";0;"A";113.33;"A"
"2025-01-19 11:30";96.99;"A";4212.93;"A";10.47;"A";6.53;"A";4.54;"A";11.42;"A";47.96;"A";24;"A";6.05;"A";62.99;"A";1015.19;"A";20;"A";0;"A";4;"A";109;"A";0.67;"A";83.33;"A"
"2025-01-19 11:45";96.96;"A";4200.53;"A";10.45;"A";6.77;"A";4.4;"A";11.49;"A";47.35;"A";25;"A";6.18;"A";61.35;"A";1015.3;"A";20;"A";0;"A";4;"A";105;"A";0.33;"A";80;"A"
"2025-01-19 12:00";96.83;"A";4207.07;"A";9.27;"A";5.9;"A";3.97;"A";11.56;"A";46.26;"A";24;"A";6.2;"A";59.06;"A";1015.11;"A";21;"A";0;"A";4;"A";88;"A";0.67;"A";123.33;"A"
"2025-01-19 12:15";96.9;"A";4211.93;"A";9.9;"A";5.85;"A";3.77;"A";11.63;"A";44.66;"A";26;"A";6.3;"A";56.38;"A";1015.04;"A";21;"A";0;"A";5;"A";85;"A";0.67;"A";123.33;"A"
"2025-01-19 12:30";96.94;"A";4212.67;"A";9.5;"A";5.79;"A";3.93;"A";11.68;"A";44.33;"A";26;"A";6.3;"A";56.81;"A";1015.01;"A";21;"A";0;"A";5;"A";92;"A";0.33;"A";116.67;"A"
"2025-01-19 12:45";96.96;"A";4212.8;"A";9.84;"A";7.22;"A";4.54;"A";11.7;"A";43.63;"A";27;"A";6.25;"A";56.72;"A";1015.06;"A";22;"A";0;"A";5;"A";88;"A";0.67;"A";106.67;"A"
"2025-01-19 13:00";96.98;"A";4212.87;"A";12.37;"A";8.57;"A";5.65;"A";11.68;"A";43.44;"A";26;"A";6.22;"A";56.01;"A";1015.04;"A";21;"A";0;"A";5;"A";87;"A";0;"A";116.67;"A"
"2025-01-19 13:15";96.99;"A";4212.87;"A";12.04;"A";7.83;"A";5.02;"A";11.72;"A";43.17;"A";26;"A";6.33;"A";54.83;"A";1014.83;"A";21;"A";0;"A";5;"A";102;"A";0.33;"A";116.67;"A"
"2025-01-19 13:30";96.99;"A";4212.87;"A";9.47;"A";6.15;"A";4.05;"A";11.75;"A";41.77;"A";26;"A";6.31;"A";53.16;"A";1014.97;"A";22;"A";0;"A";5;"A";87;"A";0.33;"A";93.33;"A"
"2025-01-19 13:45";96.99;"A";4204.4;"A";9.7;"A";6.14;"A";4.16;"A";11.75;"A";43.34;"A";27;"A";6.19;"A";56.96;"A";1014.99;"A";21;"A";0;"A";6;"A";93;"A";1.67;"A";130;"A"
"2025-01-19 14:00";96.9;"A";4212.07;"A";11.71;"A";7.45;"A";4.88;"A";11.68;"A";43.88;"A";25;"A";6.17;"A";56.36;"A";1015.13;"A";20;"A";0;"A";5;"A";104;"A";0;"A";96.67;"A"
"2025-01-19 14:15";96.94;"A";4212.73;"A";9.09;"A";6.43;"A";4.18;"A";11.63;"A";43.01;"A";26;"A";6.12;"A";54.92;"A";1015.29;"A";21;"A";0;"A";5;"A";123;"A";0.67;"A";120;"A"
"2025-01-19 14:30";96.96;"A";4212.73;"A";9.88;"A";7.15;"A";4.51;"A";11.57;"A";43.14;"A";27;"A";6.04;"A";56.81;"A";1015.36;"A";21;"A";0;"A";6;"A";116;"A";1;"A";130;"A"
"2025-01-19 14:45";96.98;"A";4212.8;"A";12.71;"A";8.9;"A";5.94;"A";11.49;"A";44.78;"A";25;"A";5.93;"A";58.31;"A";1015.52;"A";20;"A";0;"A";5;"A";107;"A";0.67;"A";113.33;"A"
"2025-01-19 15:00";96.99;"A";4212.73;"A";10.66;"A";6.09;"A";4.22;"A";11.37;"A";43.97;"A";26;"A";5.71;"A";56.55;"A";1015.77;"A";22;"A";0;"A";4;"A";94;"A";1.33;"A";130;"A"
"2025-01-19 15:15";97;"A";4212.93;"A";9.58;"A";6.49;"A";4.27;"A";11.18;"A";43.44;"A";26;"A";5.55;"A";56.54;"A";1015.8;"A";21;"A";0;"A";6;"A";96;"A";0.67;"A";123.33;"A"
"2025-01-19 15:30";96.88;"A";4189.8;"A";10.78;"A";7.27;"A";4.74;"A";11.02;"A";43.68;"A";27;"A";5.44;"A";56.7;"A";1015.78;"A";22;"A";0;"A";5;"A";93;"A";0.67;"A";126.67;"A"
"2025-01-19 15:45";96.82;"A";4211.27;"A";11.91;"A";7.1;"A";4.9;"A";10.87;"A";44.77;"A";26;"A";5.26;"A";59.1;"A";1016.15;"A";20;"A";0;"A";6;"A";98;"A";0.33;"A";110;"A"
"2025-01-19 16:00";96.89;"A";4212.2;"A";11.69;"A";7.92;"A";5.23;"A";10.73;"A";45.33;"A";25;"A";5.13;"A";58.78;"A";1016.28;"A";20;"A";0;"A";5;"A";97;"A";0.33;"A";106.67;"A"
"2025-01-19 16:15";96.93;"A";4212.73;"A";11.68;"A";7.4;"A";4.56;"A";10.57;"A";45.08;"A";27;"A";4.96;"A";59.2;"A";1016.38;"A";21;"A";0;"A";5;"A";98;"A";0.67;"A";120;"A"
"2025-01-19 16:30";96.96;"A";4212.67;"A";9.51;"A";6.4;"A";4.4;"A";10.4;"A";45.45;"A";26;"A";4.78;"A";59.24;"A";1016.61;"A";21;"A";0;"A";5;"A";92;"A";1;"A";123.33;"A"
"2025-01-19 16:45";96.97;"A";4212.73;"A";12.08;"A";7.83;"A";5;"A";10.22;"A";45.91;"A";26;"A";4.62;"A";60.38;"A";1016.86;"A";20;"A";0;"A";6;"A";111;"A";0.33;"A";86.67;"A"
"2025-01-19 17:00";96.99;"A";4212.93;"A";11.92;"A";7.68;"A";5.13;"A";10.05;"A";46.36;"A";26;"A";4.44;"A";60.99;"A";1016.93;"A";20;"A";0;"A";6;"A";107;"A";0.33;"A";120;"A"
"2025-01-19 17:15";96.99;"A";4212.93;"A";12.48;"A";7.78;"A";5.32;"A";9.88;"A";47;"A";26;"A";4.26;"A";62.2;"A";1016.94;"A";20;"A";0;"A";6;"A";103;"A";0;"A";60;"A"
"2025-01-19 17:30";97;"A";4213.13;"A";12.44;"A";8.63;"A";5.93;"A";9.72;"A";47.78;"A";25;"A";4.13;"A";63.02;"A";1016.95;"A";19;"A";0;"A";6;"A";109;"A";0;"A";190;"A"
"2025-01-19 17:45";97;"A";4213.8;"A";15.77;"A";10.9;"A";7.2;"A";9.54;"A";48.68;"A";25;"A";3.81;"A";64.83;"A";1017.08;"A";18;"A";1;"A";7;"A";110;"A";0.67;"A";130;"A"
"2025-01-19 18:00";97;"A";4213.73;"A";20.42;"A";13.35;"A";8.89;"A";9.27;"A";49.71;"A";25;"A";3.48;"A";66.52;"A";1017.34;"A";15;"A";1;"A";9;"A";171;"A";0;"A";130;"A"
"2025-01-19 18:15";97;"A";4213.73;"A";23.62;"A";15.55;"A";11.04;"A";8.94;"A";50.88;"A";27;"A";3.09;"A";68.42;"A";1017.38;"A";9;"A";0;"A";18;"A";188;"A";0;"A";170;"A"
"2025-01-19 18:30";96.97;"A";4200.47;"A";22.82;"A";15.57;"A";10.34;"A";8.6;"A";51.72;"A";23;"A";2.75;"A";69.84;"A";1017.49;"A";11;"A";1;"A";13;"A";176;"A";0;"A";280;"A"
"2025-01-19 18:45";96.77;"A";4197.87;"A";21.75;"A";14.77;"A";10.21;"A";8.25;"A";52.7;"A";22;"A";2.32;"A";70.99;"A";1017.44;"A";12;"A";1;"A";10;"A";176;"A";0;"A";233.33;"A"
"2025-01-19 19:00";96.83;"A";4211.67;"A";27.9;"A";20.41;"A";14;"A";7.87;"A";53.62;"A";23;"A";2.04;"A";72.08;"A";1017.53;"A";12;"A";1;"A";11;"A";242;"A";0;"A";270;"A"
"2025-01-19 19:15";96.89;"A";4212.47;"A";29.99;"A";22.13;"A";15.66;"A";7.55;"A";54.71;"A";22;"A";1.79;"A";73.25;"A";1017.73;"A";11;"A";2;"A";11;"A";249;"A";0;"A";263.33;"A"
"2025-01-19 19:30";96.93;"A";4212.87;"A";40.93;"A";30.73;"A";21.27;"A";7.32;"A";55.56;"A";22;"A";1.58;"A";74.25;"A";1017.8;"A";11;"A";2;"A";10;"A";295;"A";0;"A";306.67;"A"
"2025-01-19 19:45";96.96;"A";4212.93;"A";42.39;"A";30.59;"A";21.54;"A";7.06;"A";56.53;"A";20;"A";1.27;"A";75.68;"A";1017.87;"A";7;"A";3;"A";13;"A";350;"A";0;"A";220;"A"
"2025-01-19 20:00";96.97;"A";4213.2;"A";41.96;"A";32.18;"A";22.15;"A";6.76;"A";57.45;"A";20;"A";0.98;"A";76.92;"A";1017.84;"A";5;"A";4;"A";15;"A";403;"A";0;"A";286.67;"A"
"2025-01-19 20:15";96.98;"A";4213.73;"A";47.71;"A";34.33;"A";23.96;"A";6.53;"A";58.19;"A";19;"A";0.72;"A";78.32;"A";1017.91;"A";3;"A";5;"A";17;"A";626;"A";0;"A";253.33;"A"
"2025-01-19 20:30";96.99;"A";4213.73;"A";54.69;"A";40.61;"A";28.2;"A";6.25;"A";58.73;"A";20;"A";0.47;"A";79.36;"A";1018.2;"A";0;"A";5;"A";20;"A";705;"A";0;"A";183.33;"A"
"2025-01-19 20:45";97;"A";4213.8;"A";86.1;"A";65.15;"A";45.15;"A";6.03;"A";59.52;"A";20;"A";0.28;"A";79.58;"A";1018.34;"A";0;"A";17;"A";22;"A";1665;"A";0;"A";243.33;"A"
"2025-01-19 21:00";96.95;"A";4205.87;"A";115.89;"A";82.69;"A";65.7;"A";5.88;"A";59.96;"A";20;"A";0.14;"A";80.34;"A";1018.57;"A";0;"A";12;"A";22;"A";1060;"A";0;"A";210;"A"
"2025-01-19 21:15";96.93;"A";4212.87;"A";112.59;"A";77.89;"A";67.38;"A";5.94;"A";60.11;"A";21;"A";0.07;"A";81.18;"A";1018.5;"A";0;"A";12;"A";23;"A";1090;"A";0.33;"A";160;"A"
"2025-01-19 21:30";96.96;"A";4212.93;"A";123.9;"A";86.2;"A";70.71;"A";5.92;"A";59.91;"A";21;"A";-0.08;"A";81.48;"A";1018.45;"A";0;"A";14;"A";23;"A";1190;"A";0;"A";216.67;"A"
"2025-01-19 21:45";96.98;"A";4213.27;"A";116.98;"A";80.49;"A";70.89;"A";5.97;"A";59.98;"A";22;"A";-0.14;"A";82.38;"A";1018.44;"A";0;"A";12;"A";24;"A";1075;"A";0.33;"A";140;"A"
"2025-01-19 22:00";96.98;"A";4213.67;"A";120.33;"A";82.79;"A";72.92;"A";5.84;"A";60.01;"A";21;"A";-0.23;"A";82.01;"A";1018.52;"A";0;"A";14;"A";23;"A";1109;"A";0;"A";290;"A"
"2025-01-19 22:15";96.99;"A";4213.8;"A";121.15;"A";83.36;"A";73.41;"A";5.76;"A";60.03;"A";21;"A";-0.31;"A";82.11;"A";1018.48;"A";0;"A";14;"A";24;"A";1063;"A";0;"A";236.67;"A"
"2025-01-19 22:30";97;"A";4213.73;"A";118.54;"A";81.57;"A";71.83;"A";5.84;"A";60.02;"A";20;"A";-0.36;"A";82.62;"A";1018.62;"A";0;"A";13;"A";23;"A";964;"A";0;"A";270;"A"
"2025-01-19 22:45";97;"A";4213.87;"A";107.24;"A";73.82;"A";65.01;"A";5.91;"A";60;"A";20;"A";-0.34;"A";82.94;"A";1018.79;"A";0;"A";12;"A";23;"A";851;"A";0;"A";270;"A"
"2025-01-19 23:00";97;"A";4213.73;"A";94.07;"A";64.78;"A";57.05;"A";5.91;"A";59.93;"A";18;"A";-0.49;"A";83.42;"A";1019.07;"A";0;"A";12;"A";20;"A";784;"A";0;"A";193.33;"A"
"2025-01-19 23:15";97;"A";4213.8;"A";93.83;"A";64.62;"A";56.91;"A";5.77;"A";60.11;"A";18;"A";-0.58;"A";83.97;"A";1019.2;"A";0;"A";12;"A";20;"A";770;"A";0;"A";210;"A"
"2025-01-19 23:30";97;"A";4213.73;"A";63.89;"A";44.08;"A";38.82;"A";5.94;"A";60.01;"A";17;"A";-0.54;"A";84.03;"A";1019.15;"A";1;"A";9;"A";17;"A";493;"A";0;"A";293.33;"A"
"2025-01-19 23:45";97;"A";4213.93;"A";59.3;"A";40.92;"A";36.04;"A";6.05;"A";60.01;"A";16;"A";-0.51;"A";84.59;"A";1019.25;"A";3;"A";8;"A";13;"A";389;"A";0.33;"A";220;"A"
"2025-01-20 00:00";97;"A";4213.93;"A";59.89;"A";41.33;"A";36.4;"A";5.91;"A";59.91;"A";15;"A";-0.63;"A";83.93;"A";1019.35;"A";2;"A";8;"A";13;"A";407;"A";0;"A";246.67;"A"
"2025-01-20 00:15";97;"A";4213.73;"A";59.18;"A";40.84;"A";35.97;"A";5.81;"A";59.99;"A";15;"A";-0.66;"A";84.4;"A";1019.3;"A";2;"A";7;"A";13;"A";385;"A";0;"A";280;"A"
"2025-01-20 00:30";97;"A";4213.8;"A";57.92;"A";39.98;"A";35.21;"A";5.88;"A";59.93;"A";14;"A";-0.75;"A";84.74;"A";1019.39;"A";1;"A";8;"A";12;"A";364;"A";0;"A";180;"A"
"2025-01-20 00:45";97;"A";4213.73;"A";50.8;"A";35.1;"A";30.91;"A";5.8;"A";60.08;"A";15;"A";-0.77;"A";85.2;"A";1019.19;"A";4;"A";6;"A";11;"A";290;"A";0.33;"A";256.67;"A"
"2025-01-20 01:00";97;"A";4213.87;"A";42.73;"A";29.56;"A";26.04;"A";5.79;"A";59.93;"A";15;"A";-0.75;"A";84.48;"A";1019.07;"A";6;"A";5;"A";9;"A";229;"A";1;"A";333.33;"A"
"2025-01-20 01:15";97;"A";4213.8;"A";38.06;"A";26.36;"A";23.21;"A";5.67;"A";60;"A";14;"A";-0.86;"A";84.41;"A";1019.35;"A";6;"A";6;"A";8;"A";204;"A";0;"A";200;"A"
"2025-01-20 01:30";97;"A";4213.8;"A";33.6;"A";23.3;"A";20.52;"A";5.51;"A";60.01;"A";13;"A";-0.94;"A";84.24;"A";1019.42;"A";6;"A";6;"A";7;"A";194;"A";0;"A";300;"A"
"2025-01-20 01:45";97;"A";4213.87;"A";30.84;"A";21.4;"A";18.85;"A";5.45;"A";60;"A";13;"A";-1;"A";84.21;"A";1019.41;"A";6;"A";6;"A";7;"A";184;"A";0;"A";273.33;"A"
"2025-01-20 02:00";96.99;"A";4213.93;"A";27.34;"A";19;"A";16.74;"A";5.31;"A";60;"A";14;"A";-1.1;"A";83.99;"A";1019.4;"A";7;"A";6;"A";7;"A";182;"A";0;"A";306.67;"A"
"2025-01-20 02:15";96.99;"A";4213.87;"A";26.8;"A";18.63;"A";16.41;"A";5.21;"A";60.02;"A";13;"A";-1.24;"A";84.25;"A";1019.47;"A";7;"A";5;"A";7;"A";180;"A";0;"A";190;"A"
"2025-01-20 02:30";96.99;"A";4213.87;"A";26.55;"A";18.46;"A";16.26;"A";5.25;"A";60;"A";13;"A";-1.25;"A";84.57;"A";1019.47;"A";7;"A";6;"A";6;"A";176;"A";0.67;"A";336.67;"A"
"2025-01-20 02:45";96.99;"A";4213.8;"A";26.76;"A";18.6;"A";16.39;"A";5.25;"A";60.02;"A";13;"A";-1.31;"A";85.03;"A";1019.42;"A";7;"A";5;"A";6;"A";173;"A";1;"A";340;"A"
"2025-01-20 03:00";96.99;"A";4213.8;"A";26.26;"A";18.26;"A";16.08;"A";5.23;"A";60.04;"A";13;"A";-1.33;"A";84.96;"A";1019.41;"A";8;"A";5;"A";6;"A";168;"A";0;"A";243.33;"A"
"2025-01-20 03:15";96.99;"A";4213.67;"A";26.92;"A";18.72;"A";16.48;"A";5.34;"A";59.96;"A";13;"A";-1.3;"A";85.13;"A";1019.39;"A";7;"A";5;"A";6;"A";164;"A";0.67;"A";333.33;"A"
"2025-01-20 03:30";96.99;"A";4213.8;"A";27.58;"A";19.17;"A";16.88;"A";5.33;"A";60;"A";13;"A";-1.26;"A";85.07;"A";1019.24;"A";7;"A";6;"A";6;"A";163;"A";1;"A";330;"A"
"2025-01-20 03:45";96.99;"A";4213.93;"A";28.15;"A";19.56;"A";17.23;"A";5.28;"A";59.98;"A";12;"A";-1.4;"A";85.28;"A";1019.2;"A";6;"A";5;"A";6;"A";181;"A";0;"A";170;"A"
"2025-01-20 04:00";96.98;"A";4213.87;"A";25.73;"A";17.9;"A";15.76;"A";5.32;"A";59.96;"A";13;"A";-1.35;"A";85.45;"A";1019.2;"A";7;"A";5;"A";6;"A";158;"A";1;"A";336.67;"A"
"2025-01-20 04:15";96.98;"A";4213.8;"A";24.93;"A";17.35;"A";15.28;"A";5.24;"A";60.01;"A";13;"A";-1.42;"A";85.49;"A";1019.21;"A";7;"A";5;"A";5;"A";143;"A";1;"A";343.33;"A"
"2025-01-20 04:30";96.98;"A";4213.8;"A";26.05;"A";18.12;"A";15.96;"A";5.21;"A";60.01;"A";13;"A";-1.49;"A";85.6;"A";1019.27;"A";7;"A";5;"A";6;"A";152;"A";1;"A";340;"A"
"2025-01-20 04:45";96.98;"A";4213.87;"A";26.04;"A";18.11;"A";15.95;"A";5.19;"A";60.03;"A";13;"A";-1.48;"A";85.59;"A";1019.25;"A";7;"A";5;"A";6;"A";144;"A";1;"A";336.67;"A"
"2025-01-20 05:00";96.98;"A";4213.8;"A";25.75;"A";17.91;"A";15.77;"A";5.16;"A";60;"A";12;"A";-1.53;"A";85.68;"A";1019.19;"A";7;"A";5;"A";5;"A";138;"A";1;"A";340;"A"
"2025-01-20 05:15";96.98;"A";4213.73;"A";24.96;"A";17.37;"A";15.3;"A";5.09;"A";60;"A";12;"A";-1.63;"A";85.88;"A";1018.98;"A";7;"A";6;"A";5;"A";135;"A";0.33;"A";263.33;"A"
"2025-01-20 05:30";96.98;"A";4213.87;"A";23.62;"A";16.45;"A";14.49;"A";5.06;"A";59.98;"A";12;"A";-1.67;"A";85.96;"A";1018.94;"A";6;"A";5;"A";6;"A";131;"A";0.67;"A";330;"A"
"2025-01-20 05:45";96.98;"A";4213.93;"A";22.73;"A";15.84;"A";13.95;"A";5.02;"A";60;"A";12;"A";-1.71;"A";85.8;"A";1018.99;"A";6;"A";4;"A";6;"A";129;"A";1;"A";340;"A"
"2025-01-20 06:00";96.98;"A";4213.93;"A";23.31;"A";16.24;"A";14.3;"A";4.96;"A";59.99;"A";12;"A";-1.78;"A";85.83;"A";1018.97;"A";6;"A";5;"A";6;"A";129;"A";1;"A";336.67;"A"
"2025-01-20 06:15";96.98;"A";4213.8;"A";21.91;"A";15.28;"A";13.46;"A";4.84;"A";59.99;"A";12;"A";-1.91;"A";85.92;"A";1019;"A";7;"A";5;"A";6;"A";144;"A";0.33;"A";323.33;"A"
"2025-01-20 06:30";96.97;"A";4213.8;"A";20.29;"A";14.16;"A";12.47;"A";4.8;"A";60;"A";12;"A";-1.85;"A";85.75;"A";1018.94;"A";6;"A";4;"A";6;"A";133;"A";1;"A";333.33;"A"
"2025-01-20 06:45";96.97;"A";4213.87;"A";21.11;"A";14.73;"A";12.97;"A";4.75;"A";60;"A";12;"A";-1.94;"A";85.75;"A";1018.75;"A";5;"A";5;"A";6;"A";132;"A";0.67;"A";323.33;"A"
"2025-01-20 07:00";96.97;"A";4213.8;"A";23.68;"A";16.49;"A";14.53;"A";4.73;"A";59.99;"A";12;"A";-1.98;"A";85.9;"A";1018.75;"A";5;"A";5;"A";7;"A";146;"A";0.33;"A";333.33;"A"
"2025-01-20 07:15";96.97;"A";4213.8;"A";26.6;"A";18.49;"A";16.29;"A";4.65;"A";60.07;"A";12;"A";-2.04;"A";85.84;"A";1018.76;"A";4;"A";5;"A";7;"A";157;"A";0.33;"A";326.67;"A"
"2025-01-20 07:30";96.97;"A";4213.8;"A";23.35;"A";16.26;"A";14.32;"A";4.65;"A";60.02;"A";12;"A";-2.03;"A";85.72;"A";1018.87;"A";5;"A";5;"A";7;"A";187;"A";0.67;"A";326.67;"A"
"2025-01-20 07:45";96.97;"A";4213.8;"A";22.52;"A";15.7;"A";13.83;"A";4.68;"A";59.98;"A";12;"A";-1.98;"A";85.7;"A";1018.87;"A";4;"A";5;"A";8;"A";178;"A";1;"A";333.33;"A"
"2025-01-20 08:00";96.97;"A";4213.93;"A";23.24;"A";16.19;"A";14.26;"A";4.73;"A";60.03;"A";13;"A";-1.94;"A";85.86;"A";1018.73;"A";4;"A";4;"A";8;"A";181;"A";1.33;"A";340;"A"
"2025-01-20 08:15";96.97;"A";4213.8;"A";29.39;"A";20.41;"A";17.98;"A";4.87;"A";60.04;"A";13;"A";-1.77;"A";85.96;"A";1018.71;"A";4;"A";5;"A";9;"A";207;"A";0.67;"A";336.67;"A"
"2025-01-20 08:30";96.97;"A";4213.87;"A";23.14;"A";16.12;"A";14.2;"A";5.06;"A";60;"A";13;"A";-1.58;"A";85.64;"A";1018.54;"A";5;"A";4;"A";8;"A";179;"A";0.67;"A";340;"A"
"2025-01-20 08:45";96.96;"A";4213.73;"A";19.05;"A";13.32;"A";11.73;"A";5.31;"A";59.96;"A";12;"A";-0.9;"A";83.65;"A";1018.48;"A";6;"A";4;"A";7;"A";141;"A";0.67;"A";246.67;"A"
"2025-01-20 09:00";96.96;"A";4213.87;"A";19.57;"A";13.67;"A";11.75;"A";5.65;"A";59.83;"A";9;"A";-0.06;"A";81.03;"A";1018.4;"A";5;"A";3;"A";4;"A";146;"A";1;"A";333.33;"A"
"2025-01-20 09:15";96.96;"A";4213.73;"A";17.51;"A";12.25;"A";10.63;"A";5.91;"A";59.98;"A";13;"A";0.18;"A";81.32;"A";1018.47;"A";7;"A";5;"A";6;"A";124;"A";1;"A";336.67;"A"
"2025-01-20 09:30";96.96;"A";4213.67;"A";16.44;"A";11.53;"A";10.15;"A";6.46;"A";60.06;"A";14;"A";0.67;"A";81.79;"A";1018.22;"A";8;"A";4;"A";6;"A";116;"A";1;"A";336.67;"A"
"2025-01-20 09:45";96.96;"A";4213.87;"A";17.15;"A";12.01;"A";10.58;"A";7.18;"A";59.87;"A";13;"A";1.76;"A";79.74;"A";1018.04;"A";9;"A";2;"A";4;"A";122;"A";1.33;"A";333.33;"A"
"2025-01-20 10:00";96.96;"A";4213.67;"A";16.61;"A";11.64;"A";10.26;"A";7.8;"A";59.89;"A";13;"A";2.83;"A";77.38;"A";1017.88;"A";9;"A";2;"A";4;"A";131;"A";1;"A";330;"A"
"2025-01-20 10:15";96.89;"A";4193.6;"A";21.33;"A";14.97;"A";10.56;"A";8.35;"A";59.79;"A";16;"A";3.44;"A";76.57;"A";1017.8;"A";11;"A";2;"A";5;"A";132;"A";2;"A";340;"A"
"2025-01-20 10:30";96.69;"A";4198.6;"A";22.66;"A";16.03;"A";10.89;"A";8.88;"A";59.63;"A";16;"A";4.22;"A";75.32;"A";1017.44;"A";11;"A";3;"A";6;"A";125;"A";0.33;"A";263.33;"A"
"2025-01-20 10:45";96.77;"A";4211.2;"A";20.14;"A";14.79;"A";10.57;"A";9.56;"A";58.41;"A";17;"A";5.05;"A";72.14;"A";1017.2;"A";12;"A";2;"A";5;"A";133;"A";0;"A";253.33;"A"
"2025-01-20 11:00";96.84;"A";4211.8;"A";17.32;"A";12.61;"A";9.18;"A";10.41;"A";55.35;"A";17;"A";6.06;"A";68;"A";1016.96;"A";12;"A";1;"A";5;"A";125;"A";0.33;"A";210;"A"
"2025-01-20 11:15";96.88;"A";4212.33;"A";16.01;"A";12.23;"A";8.56;"A";11.39;"A";52.22;"A";18;"A";6.98;"A";63.81;"A";1016.72;"A";13;"A";1;"A";5;"A";122;"A";0;"A";150;"A"
"2025-01-20 11:30";96.91;"A";4212.8;"A";14.77;"A";11.01;"A";7.9;"A";12.32;"A";49.37;"A";19;"A";7.31;"A";62.64;"A";1016.59;"A";14;"A";1;"A";5;"A";121;"A";0.33;"A";206.67;"A"
"2025-01-20 11:45";96.92;"A";4213;"A";14.4;"A";10.21;"A";7.59;"A";12.71;"A";47.97;"A";21;"A";7.21;"A";62.35;"A";1016.44;"A";14;"A";3;"A";7;"A";155;"A";0.33;"A";133.33;"A"
"2025-01-20 12:00";96.93;"A";4212.8;"A";15.67;"A";10.73;"A";7.41;"A";12.77;"A";47.63;"A";21;"A";7.4;"A";61.62;"A";1016.41;"A";15;"A";2;"A";7;"A";128;"A";0;"A";196.67;"A"
"2025-01-20 12:15";96.94;"A";4212.73;"A";14.54;"A";10.17;"A";6.94;"A";12.84;"A";47.2;"A";23;"A";7.63;"A";60.3;"A";1016.31;"A";15;"A";1;"A";8;"A";144;"A";0.33;"A";123.33;"A"
"2025-01-20 12:30";96.95;"A";4212.87;"A";12.35;"A";8.71;"A";6.33;"A";12.93;"A";47.4;"A";22;"A";7.75;"A";60.71;"A";1016.16;"A";15;"A";1;"A";8;"A";112;"A";0;"A";146.67;"A"
"2025-01-20 12:45";96.95;"A";4212.8;"A";13.21;"A";10.12;"A";6.82;"A";13.03;"A";47.67;"A";22;"A";7.92;"A";60.69;"A";1015.96;"A";15;"A";1;"A";7;"A";113;"A";0.33;"A";196.67;"A"
"2025-01-20 13:00";96.95;"A";4212.67;"A";13.18;"A";9.48;"A";6.38;"A";13.16;"A";47.39;"A";22;"A";8.08;"A";59.94;"A";1015.89;"A";16;"A";1;"A";7;"A";129;"A";0.33;"A";223.33;"A"
"2025-01-20 13:15";96.95;"A";4212.93;"A";11.04;"A";7.99;"A";5.74;"A";13.33;"A";47.03;"A";22;"A";8.25;"A";59.45;"A";1015.78;"A";17;"A";1;"A";6;"A";120;"A";0.67;"A";333.33;"A"
"2025-01-20 13:30";96.95;"A";4213;"A";11.64;"A";8.18;"A";5.82;"A";13.46;"A";46.92;"A";23;"A";8.38;"A";59.54;"A";1015.75;"A";17;"A";1;"A";6;"A";116;"A";0.67;"A";340;"A"
"2025-01-20 13:45";96.95;"A";4212.93;"A";11.39;"A";8.41;"A";5.83;"A";13.6;"A";47.13;"A";23;"A";8.58;"A";59.78;"A";1015.85;"A";16;"A";1;"A";7;"A";126;"A";0.33;"A";336.67;"A"
"2025-01-20 14:00";96.95;"A";4212.87;"A";11.15;"A";8.16;"A";5.74;"A";13.76;"A";47.14;"A";23;"A";8.76;"A";59.32;"A";1015.93;"A";16;"A";1;"A";7;"A";132;"A";0.33;"A";326.67;"A"
"2025-01-20 14:15";96.95;"A";4213;"A";11.32;"A";8.86;"A";6.11;"A";13.93;"A";46.91;"A";23;"A";8.86;"A";59.26;"A";1016.01;"A";17;"A";1;"A";6;"A";121;"A";0.67;"A";340;"A"
"2025-01-20 14:30";96.85;"A";4199.73;"A";12.16;"A";9.61;"A";6.8;"A";14.06;"A";46.71;"A";23;"A";8.98;"A";58.74;"A";1016.02;"A";18;"A";1;"A";5;"A";125;"A";0.33;"A";133.33;"A"
"2025-01-20 14:45";96.85;"A";4211.93;"A";13.81;"A";10.64;"A";7.47;"A";14.14;"A";46.27;"A";23;"A";8.98;"A";58.24;"A";1016.15;"A";17;"A";1;"A";6;"A";159;"A";0;"A";130;"A"
"2025-01-20 15:00";96.89;"A";4212.67;"A";13.34;"A";11.18;"A";7.79;"A";14.14;"A";45.92;"A";23;"A";8.72;"A";58.99;"A";1016.32;"A";17;"A";1;"A";6;"A";134;"A";0.33;"A";133.33;"A"
"2025-01-20 15:15";96.91;"A";4212.8;"A";18.12;"A";13.34;"A";9.54;"A";14.02;"A";46.04;"A";23;"A";8.5;"A";59.53;"A";1016.41;"A";15;"A";1;"A";8;"A";144;"A";0.33;"A";136.67;"A"
"2025-01-20 15:30";96.93;"A";4213;"A";17.16;"A";13.74;"A";9.42;"A";13.82;"A";46.72;"A";23;"A";8.18;"A";61.23;"A";1016.48;"A";16;"A";1;"A";7;"A";140;"A";0.67;"A";130;"A"
"2025-01-20 15:45";96.92;"A";4205.87;"A";16.83;"A";13;"A";9.06;"A";13.6;"A";47.63;"A";22;"A";7.86;"A";62.96;"A";1016.75;"A";14;"A";1;"A";8;"A";142;"A";0.33;"A";116.67;"A"
"2025-01-20 16:00";96.78;"A";4203.47;"A";19.1;"A";15.29;"A";11.02;"A";13.28;"A";48.49;"A";21;"A";7.33;"A";64.76;"A";1016.89;"A";14;"A";2;"A";8;"A";215;"A";1;"A";133.33;"A"
"2025-01-20 16:15";96.84;"A";4212;"A";34.79;"A";26.44;"A";18.28;"A";12.69;"A";49.6;"A";18;"A";5.79;"A";69.7;"A";1017.41;"A";11;"A";5;"A";7;"A";262;"A";1.33;"A";123.33;"A"
"2025-01-20 16:30";96.88;"A";4212.8;"A";43.83;"A";35.21;"A";25.08;"A";11.59;"A";51.02;"A";18;"A";4.37;"A";73.56;"A";1017.71;"A";10;"A";5;"A";8;"A";164;"A";0.67;"A";113.33;"A"
"2025-01-20 16:45";96.91;"A";4212.87;"A";50.2;"A";40.6;"A";27.57;"A";10.45;"A";53.67;"A";17;"A";3.67;"A";76.52;"A";1018.03;"A";10;"A";5;"A";8;"A";194;"A";0;"A";103.33;"A"
"2025-01-20 17:00";96.85;"A";4199.13;"A";50.55;"A";41.07;"A";27.68;"A";9.64;"A";56.53;"A";16;"A";3.33;"A";78.23;"A";1018.28;"A";9;"A";4;"A";7;"A";164;"A";0;"A";103.33;"A"
"2025-01-20 17:15";96.81;"A";4211.93;"A";46.39;"A";37.18;"A";25.73;"A";9.11;"A";58.48;"A";16;"A";3.08;"A";79.39;"A";1018.43;"A";9;"A";3;"A";7;"A";163;"A";0.33;"A";116.67;"A"
"2025-01-20 17:30";96.86;"A";4212.8;"A";40.03;"A";32.64;"A";22.51;"A";8.77;"A";59.7;"A";16;"A";2.9;"A";80.06;"A";1018.58;"A";10;"A";3;"A";6;"A";169;"A";0;"A";106.67;"A"
"2025-01-20 17:45";96.9;"A";4212.87;"A";31.76;"A";23.41;"A";19.2;"A";8.59;"A";60;"A";16;"A";2.75;"A";80.36;"A";1018.66;"A";11;"A";3;"A";5;"A";144;"A";1;"A";120;"A"
"2025-01-20 18:00";96.92;"A";4212.8;"A";27.52;"A";19.13;"A";16.85;"A";8.5;"A";60.02;"A";16;"A";2.66;"A";80.2;"A";1018.88;"A";10;"A";3;"A";6;"A";134;"A";0.67;"A";126.67;"A"
"2025-01-20 18:15";96.93;"A";4213.07;"A";24.81;"A";17.69;"A";14.84;"A";8.37;"A";59.93;"A";17;"A";2.53;"A";79.95;"A";1019.04;"A";10;"A";2;"A";7;"A";125;"A";1;"A";130;"A"
"2025-01-20 18:30";96.93;"A";4208.53;"A";25.53;"A";18.59;"A";15.18;"A";8.12;"A";59.94;"A";18;"A";2.3;"A";80.08;"A";1019.21;"A";10;"A";2;"A";8;"A";130;"A";0.67;"A";103.33;"A"
"2025-01-20 18:45";96.76;"A";4194.93;"A";24.44;"A";17.01;"A";14.99;"A";8.09;"A";60.07;"A";17;"A";2.2;"A";80.87;"A";1019.51;"A";10;"A";3;"A";7;"A";121;"A";0;"A";100;"A"
"2025-01-20 19:00";96.79;"A";4211.67;"A";22.93;"A";15.98;"A";14.07;"A";8.19;"A";60.01;"A";16;"A";2.05;"A";81.95;"A";1019.7;"A";11;"A";3;"A";6;"A";127;"A";0.33;"A";116.67;"A"
"2025-01-20 19:15";96.85;"A";4212.33;"A";23.62;"A";16.45;"A";14.49;"A";8.23;"A";60.06;"A";16;"A";1.97;"A";82.47;"A";1019.67;"A";11;"A";3;"A";5;"A";137;"A";0;"A";80;"A"
"2025-01-20 19:30";96.88;"A";4213;"A";25.77;"A";17.92;"A";15.79;"A";8.29;"A";59.98;"A";16;"A";2.02;"A";82.46;"A";1019.84;"A";10;"A";2;"A";6;"A";147;"A";0.67;"A";126.67;"A"
"2025-01-20 19:45";96.91;"A";4212.87;"A";27.93;"A";19.41;"A";17.09;"A";8.32;"A";60.01;"A";19;"A";2.01;"A";82.9;"A";1019.95;"A";9;"A";1;"A";10;"A";143;"A";0.67;"A";100;"A"
"2025-01-20 20:00";96.92;"A";4213;"A";30.31;"A";21.04;"A";18.53;"A";8.42;"A";59.99;"A";16;"A";2.02;"A";83.18;"A";1019.98;"A";9;"A";3;"A";7;"A";191;"A";0;"A";83.33;"A"
"2025-01-20 20:15";96.93;"A";4213.27;"A";32.4;"A";22.47;"A";19.79;"A";8.37;"A";59.98;"A";16;"A";2.07;"A";82.64;"A";1020.04;"A";9;"A";3;"A";6;"A";121;"A";0.33;"A";96.67;"A"
"2025-01-20 20:30";96.94;"A";4213.47;"A";38.38;"A";26.57;"A";23.41;"A";8.35;"A";59.93;"A";16;"A";2.06;"A";82.67;"A";1020.22;"A";9;"A";2;"A";7;"A";126;"A";0;"A";113.33;"A"
"2025-01-20 20:45";96.94;"A";4213.73;"A";33.43;"A";23.18;"A";20.41;"A";8.25;"A";60.06;"A";17;"A";2.09;"A";82.17;"A";1020.28;"A";9;"A";3;"A";7;"A";201;"A";0.33;"A";100;"A"
"2025-01-20 21:00";96.95;"A";4213.8;"A";30.27;"A";21.01;"A";18.51;"A";8.3;"A";59.99;"A";16;"A";2.12;"A";82.07;"A";1020.45;"A";9;"A";2;"A";7;"A";130;"A";0.67;"A";116.67;"A"
"2025-01-20 21:15";96.95;"A";4213.53;"A";27.82;"A";19.33;"A";17.02;"A";8.28;"A";59.95;"A";16;"A";2.12;"A";81.82;"A";1020.46;"A";10;"A";2;"A";7;"A";104;"A";0.33;"A";126.67;"A"
"2025-01-20 21:30";96.95;"A";4214;"A";30.02;"A";20.84;"A";18.35;"A";8.17;"A";60.01;"A";17;"A";2.12;"A";81.61;"A";1020.55;"A";10;"A";2;"A";7;"A";180;"A";0.33;"A";116.67;"A"
"2025-01-20 21:45";96.95;"A";4213.67;"A";30.09;"A";20.89;"A";18.4;"A";8.14;"A";59.89;"A";16;"A";2.16;"A";81.19;"A";1020.36;"A";9;"A";2;"A";7;"A";130;"A";0;"A";76.67;"A"
"2025-01-20 22:00";96.95;"A";4213.67;"A";23.14;"A";16.57;"A";14.22;"A";7.93;"A";60.02;"A";17;"A";2.16;"A";80.44;"A";1020.47;"A";11;"A";2;"A";6;"A";105;"A";0.33;"A";93.33;"A"
"2025-01-20 22:15";96.9;"A";4206.8;"A";19.09;"A";13.34;"A";11.75;"A";7.95;"A";60.03;"A";17;"A";2.11;"A";80.6;"A";1020.58;"A";12;"A";2;"A";6;"A";107;"A";0.33;"A";86.67;"A"
"2025-01-20 22:30";96.9;"A";4212.8;"A";16.08;"A";11.28;"A";9.93;"A";8.03;"A";60.02;"A";17;"A";2.06;"A";81.38;"A";1020.76;"A";11;"A";2;"A";6;"A";111;"A";0;"A";63.33;"A"
"2025-01-20 22:45";96.92;"A";4212.87;"A";20.09;"A";14.03;"A";12.36;"A";8.15;"A";60.01;"A";17;"A";2.05;"A";81.85;"A";1020.95;"A";12;"A";2;"A";5;"A";117;"A";0;"A";53.33;"A"
"2025-01-20 23:00";96.93;"A";4213.2;"A";34.82;"A";24.14;"A";21.26;"A";8.21;"A";59.99;"A";16;"A";2.07;"A";82.12;"A";1021.11;"A";10;"A";2;"A";7;"A";120;"A";0;"A";130;"A"
"2025-01-20 23:15";96.94;"A";4213.53;"A";28.39;"A";19.72;"A";17.37;"A";8.19;"A";59.98;"A";16;"A";2.09;"A";81.55;"A";1021.18;"A";9;"A";2;"A";7;"A";116;"A";0.33;"A";103.33;"A"
"2025-01-20 23:30";96.94;"A";4213.87;"A";15.33;"A";10.76;"A";9.48;"A";8.08;"A";59.98;"A";17;"A";2.02;"A";81.69;"A";1021.29;"A";11;"A";2;"A";6;"A";107;"A";0;"A";153.33;"A"
"2025-01-20 23:45";96.95;"A";4213.8;"A";13.58;"A";9.56;"A";8.42;"A";8.03;"A";59.97;"A";17;"A";2.03;"A";81.74;"A";1021.45;"A";12;"A";2;"A";6;"A";113;"A";0;"A";43.33;"A"
"2025-01-21 00:00";96.95;"A";4213.8;"A";14.28;"A";10.04;"A";8.84;"A";8.08;"A";60.02;"A";17;"A";2.06;"A";81.31;"A";1021.4;"A";11;"A";2;"A";6;"A";108;"A";0;"A";163.33;"A"
"2025-01-21 00:15";96.89;"A";4205.73;"A";14.14;"A";9.94;"A";8.76;"A";8.07;"A";59.96;"A";17;"A";2.07;"A";81.31;"A";1021.49;"A";11;"A";2;"A";6;"A";117;"A";0.33;"A";270;"A"
"2025-01-21 00:30";96.89;"A";4212.8;"A";12.05;"A";8.51;"A";7.5;"A";8.04;"A";60.01;"A";18;"A";2;"A";81.57;"A";1021.48;"A";12;"A";2;"A";5;"A";101;"A";0;"A";16.67;"A"
"2025-01-21 00:45";96.92;"A";4212.87;"A";10.92;"A";7.74;"A";6.82;"A";8.05;"A";60.03;"A";18;"A";1.97;"A";81.93;"A";1021.49;"A";12;"A";2;"A";5;"A";85;"A";0;"A";120;"A"
"2025-01-21 01:00";96.93;"A";4213;"A";10.35;"A";7.35;"A";6.47;"A";8.08;"A";60.05;"A";17;"A";1.88;"A";82.35;"A";1021.41;"A";13;"A";2;"A";4;"A";82;"A";1;"A";53.33;"A"
"2025-01-21 01:15";96.94;"A";4213.33;"A";10.24;"A";7.27;"A";6.4;"A";8.19;"A";60.02;"A";16;"A";1.87;"A";82.92;"A";1021.48;"A";13;"A";2;"A";4;"A";79;"A";0.33;"A";90;"A"
"2025-01-21 01:30";96.94;"A";4213.6;"A";10.93;"A";7.74;"A";6.82;"A";8.21;"A";60.01;"A";16;"A";1.87;"A";82.93;"A";1021.63;"A";13;"A";2;"A";4;"A";84;"A";0;"A";106.67;"A"
"2025-01-21 01:45";96.94;"A";4213.87;"A";11.43;"A";8.09;"A";7.12;"A";8.15;"A";60.02;"A";16;"A";1.86;"A";82.9;"A";1021.59;"A";13;"A";2;"A";4;"A";82;"A";0;"A";86.67;"A"
"2025-01-21 02:00";96.95;"A";4213.67;"A";12.75;"A";8.99;"A";7.92;"A";8.22;"A";60;"A";17;"A";1.81;"A";83.4;"A";1021.49;"A";12;"A";2;"A";4;"A";83;"A";0;"A";66.67;"A"
"2025-01-21 02:15";96.95;"A";4213.67;"A";13.88;"A";9.77;"A";8.61;"A";8.2;"A";59.99;"A";16;"A";1.74;"A";83.49;"A";1021.64;"A";12;"A";2;"A";4;"A";87;"A";0.33;"A";60;"A"
"2025-01-21 02:30";96.95;"A";4213.73;"A";14.69;"A";10.32;"A";9.09;"A";8.19;"A";60;"A";17;"A";1.69;"A";83.91;"A";1021.85;"A";13;"A";2;"A";4;"A";81;"A";1;"A";130;"A"
"2025-01-21 02:45";96.95;"A";4213.67;"A";16.57;"A";11.61;"A";10.23;"A";8.3;"A";60;"A";17;"A";1.66;"A";84.48;"A";1021.73;"A";12;"A";2;"A";5;"A";87;"A";0.33;"A";63.33;"A"
"2025-01-21 03:00";96.95;"A";4213.8;"A";15.16;"A";10.64;"A";9.37;"A";8.31;"A";59.97;"A";17;"A";1.56;"A";85.07;"A";1021.64;"A";11;"A";2;"A";5;"A";82;"A";0.33;"A";146.67;"A"
"2025-01-21 03:15";96.95;"A";4213.8;"A";13.39;"A";9.43;"A";8.31;"A";8.32;"A";60.01;"A";17;"A";1.53;"A";85.31;"A";1021.72;"A";12;"A";2;"A";5;"A";86;"A";0.33;"A";40;"A"
"2025-01-21 03:30";96.95;"A";4213.87;"A";14.27;"A";10.03;"A";8.84;"A";8.32;"A";60.02;"A";16;"A";1.55;"A";85.24;"A";1021.67;"A";12;"A";2;"A";5;"A";86;"A";0;"A";110;"A"
"2025-01-21 03:45";96.95;"A";4213.8;"A";16.33;"A";11.44;"A";10.08;"A";8.31;"A";59.98;"A";16;"A";1.51;"A";85.35;"A";1021.7;"A";12;"A";2;"A";4;"A";92;"A";0;"A";273.33;"A"
"2025-01-21 04:00";96.95;"A";4213.73;"A";19.27;"A";13.46;"A";11.86;"A";8.21;"A";60.05;"A";16;"A";1.52;"A";85.06;"A";1021.66;"A";12;"A";2;"A";5;"A";102;"A";0;"A";93.33;"A"
"2025-01-21 04:15";96.95;"A";4213.8;"A";21.75;"A";15.17;"A";13.36;"A";8.23;"A";59.96;"A";17;"A";1.47;"A";85.15;"A";1021.78;"A";10;"A";2;"A";7;"A";105;"A";0;"A";106.67;"A"
"2025-01-21 04:30";96.95;"A";4213.73;"A";22.27;"A";15.52;"A";13.67;"A";8.2;"A";59.97;"A";16;"A";1.4;"A";85.26;"A";1021.76;"A";11;"A";2;"A";5;"A";102;"A";0;"A";176.67;"A"
"2025-01-21 04:45";96.95;"A";4213.73;"A";20.4;"A";14.24;"A";12.55;"A";8.03;"A";60.01;"A";17;"A";1.27;"A";85.4;"A";1021.91;"A";12;"A";2;"A";4;"A";92;"A";0;"A";43.33;"A"
"2025-01-21 05:00";96.94;"A";4213.73;"A";19.31;"A";13.49;"A";11.88;"A";8.09;"A";59.99;"A";17;"A";1.24;"A";85.73;"A";1021.97;"A";10;"A";2;"A";6;"A";90;"A";0.33;"A";153.33;"A"
"2025-01-21 05:15";96.94;"A";4213.73;"A";19.92;"A";13.91;"A";12.25;"A";8.15;"A";60.02;"A";16;"A";1.29;"A";85.88;"A";1022.1;"A";10;"A";2;"A";6;"A";92;"A";0;"A";66.67;"A"
"2025-01-21 05:30";96.94;"A";4213.8;"A";21.49;"A";14.99;"A";13.2;"A";8.23;"A";59.93;"A";16;"A";1.32;"A";85.81;"A";1021.97;"A";11;"A";2;"A";5;"A";98;"A";0;"A";163.33;"A"
"2025-01-21 05:45";96.94;"A";4214;"A";26.85;"A";18.67;"A";16.44;"A";8.05;"A";60;"A";16;"A";1.27;"A";85.4;"A";1022.1;"A";10;"A";2;"A";6;"A";110;"A";0;"A";113.33;"A"
"2025-01-21 06:00";96.94;"A";4213.73;"A";48.61;"A";33.59;"A";29.59;"A";7.97;"A";60.07;"A";15;"A";1.12;"A";85.94;"A";1022.21;"A";11;"A";2;"A";5;"A";180;"A";0;"A";63.33;"A"
"2025-01-21 06:15";96.94;"A";4213.8;"A";61.73;"A";42.59;"A";37.51;"A";8.1;"A";59.99;"A";14;"A";1.14;"A";86.38;"A";1022.34;"A";9;"A";3;"A";5;"A";214;"A";0;"A";46.67;"A"
"2025-01-21 06:30";96.94;"A";4213.73;"A";54.13;"A";37.38;"A";32.92;"A";8.11;"A";59.93;"A";15;"A";1.12;"A";86.4;"A";1022.36;"A";10;"A";3;"A";5;"A";184;"A";0.33;"A";160;"A"
"2025-01-21 06:45";96.94;"A";4213.67;"A";40.73;"A";28.19;"A";24.83;"A";7.93;"A";60.03;"A";16;"A";1.04;"A";86.13;"A";1022.35;"A";11;"A";3;"A";5;"A";135;"A";0.33;"A";273.33;"A"
"2025-01-21 07:00";96.94;"A";4213.73;"A";33.79;"A";23.43;"A";20.63;"A";7.98;"A";59.95;"A";16;"A";0.97;"A";86.6;"A";1022.26;"A";10;"A";3;"A";6;"A";120;"A";0.33;"A";183.33;"A"
"2025-01-21 07:15";96.94;"A";4213.8;"A";26.07;"A";18.13;"A";15.97;"A";7.9;"A";60.01;"A";16;"A";0.91;"A";86.58;"A";1022.35;"A";11;"A";2;"A";5;"A";109;"A";1;"A";170;"A"
"2025-01-21 07:30";96.94;"A";4213.73;"A";30.46;"A";21.14;"A";18.62;"A";7.92;"A";60.05;"A";16;"A";0.92;"A";86.82;"A";1022.45;"A";10;"A";3;"A";5;"A";130;"A";0;"A";46.67;"A"
"2025-01-21 07:45";96.94;"A";4213.93;"A";36.51;"A";25.29;"A";22.28;"A";7.94;"A";60;"A";16;"A";0.89;"A";86.94;"A";1022.44;"A";10;"A";3;"A";5;"A";140;"A";0;"A";146.67;"A"
"2025-01-21 08:00";96.94;"A";4213.8;"A";36.32;"A";25.16;"A";22.16;"A";7.83;"A";59.99;"A";16;"A";0.84;"A";86.58;"A";1022.33;"A";10;"A";3;"A";6;"A";134;"A";0;"A";26.67;"A"
"2025-01-21 08:15";96.93;"A";4213.73;"A";36.98;"A";25.61;"A";22.56;"A";7.94;"A";59.98;"A";16;"A";0.91;"A";86.51;"A";1022.39;"A";9;"A";2;"A";8;"A";163;"A";0;"A";26.67;"A"
"2025-01-21 08:30";96.93;"A";4213.73;"A";22.62;"A";15.76;"A";13.88;"A";7.74;"A";60.01;"A";16;"A";0.76;"A";86.56;"A";1022.63;"A";10;"A";2;"A";6;"A";119;"A";0;"A";43.33;"A"
"2025-01-21 08:45";96.93;"A";4213.73;"A";22.41;"A";15.62;"A";13.76;"A";7.85;"A";60;"A";17;"A";0.72;"A";87.31;"A";1022.61;"A";9;"A";3;"A";7;"A";127;"A";0.67;"A";96.67;"A"
"2025-01-21 09:00";96.93;"A";4213.67;"A";22.62;"A";15.77;"A";13.89;"A";7.83;"A";59.98;"A";16;"A";0.72;"A";87.35;"A";1022.42;"A";10;"A";3;"A";6;"A";118;"A";0.33;"A";133.33;"A"
"2025-01-21 09:15";96.93;"A";4213.8;"A";23.17;"A";16.14;"A";14.21;"A";7.77;"A";59.98;"A";17;"A";0.72;"A";87.05;"A";1022.33;"A";10;"A";2;"A";7;"A";141;"A";0.67;"A";40;"A"
"2025-01-21 09:30";96.93;"A";4213.8;"A";15.69;"A";11.01;"A";9.69;"A";7.64;"A";60.06;"A";16;"A";0.74;"A";86.65;"A";1022.34;"A";11;"A";2;"A";5;"A";113;"A";0.33;"A";153.33;"A"
"2025-01-21 09:45";96.93;"A";4213.8;"A";23.01;"A";16.03;"A";14.12;"A";7.86;"A";60.01;"A";16;"A";0.76;"A";87.38;"A";1022.84;"A";10;"A";2;"A";7;"A";139;"A";0;"A";76.67;"A"
"2025-01-21 10:00";96.93;"A";4213.93;"A";25.62;"A";17.82;"A";15.69;"A";7.9;"A";60.05;"A";16;"A";0.84;"A";87.15;"A";1023.04;"A";10;"A";2;"A";6;"A";162;"A";0;"A";196.67;"A"
"2025-01-21 10:15";96.93;"A";4213.67;"A";27.71;"A";19.26;"A";16.96;"A";7.96;"A";59.84;"A";15;"A";0.89;"A";86.61;"A";1023.13;"A";9;"A";2;"A";7;"A";149;"A";0;"A";130;"A"
"2025-01-21 10:30";96.92;"A";4213.67;"A";31.15;"A";21.61;"A";19.04;"A";7.94;"A";60.07;"A";16;"A";0.9;"A";86.98;"A";1023.17;"A";9;"A";2;"A";7;"A";145;"A";0;"A";56.67;"A"
"2025-01-21 10:45";96.92;"A";4213.73;"A";49.63;"A";34.29;"A";30.2;"A";7.94;"A";59.92;"A";16;"A";0.92;"A";86.48;"A";1022.97;"A";8;"A";3;"A";8;"A";190;"A";0;"A";53.33;"A"
"2025-01-21 11:00";96.92;"A";4213.73;"A";53.09;"A";36.67;"A";32.3;"A";7.92;"A";60.01;"A";16;"A";0.91;"A";86.89;"A";1022.7;"A";8;"A";3;"A";8;"A";191;"A";0.67;"A";260;"A"
"2025-01-21 11:15";96.92;"A";4213.6;"A";54.49;"A";37.63;"A";33.14;"A";7.92;"A";59.97;"A";16;"A";0.95;"A";86.44;"A";1022.36;"A";7;"A";3;"A";8;"A";230;"A";0;"A";86.67;"A"
"2025-01-21 11:30";96.92;"A";4213.73;"A";52.27;"A";36.1;"A";31.8;"A";7.82;"A";60;"A";15;"A";0.93;"A";86.14;"A";1022.21;"A";7;"A";2;"A";8;"A";236;"A";0;"A";33.33;"A"
"2025-01-21 11:45";96.92;"A";4213.8;"A";46.85;"A";32.38;"A";28.52;"A";7.85;"A";60.01;"A";16;"A";0.92;"A";86.52;"A";1022.07;"A";9;"A";2;"A";7;"A";184;"A";0.33;"A";63.33;"A"
"2025-01-21 12:00";96.92;"A";4214;"A";33.36;"A";23.13;"A";20.37;"A";7.83;"A";60.01;"A";16;"A";0.95;"A";86.09;"A";1022.06;"A";10;"A";2;"A";6;"A";135;"A";0;"A";70;"A"
"2025-01-21 12:15";96.91;"A";4213.73;"A";27.78;"A";19.3;"A";17;"A";7.74;"A";59.95;"A";16;"A";1.02;"A";85.36;"A";1021.95;"A";10;"A";2;"A";7;"A";129;"A";0;"A";90;"A"
"2025-01-21 12:30";96.91;"A";4213.73;"A";33.18;"A";23.01;"A";20.26;"A";7.78;"A";60.06;"A";16;"A";1.12;"A";85.43;"A";1021.93;"A";10;"A";2;"A";6;"A";134;"A";0.33;"A";60;"A"
"2025-01-21 12:45";96.91;"A";4213.73;"A";46.06;"A";31.84;"A";28.04;"A";7.9;"A";59.89;"A";16;"A";1.23;"A";84.84;"A";1021.79;"A";8;"A";3;"A";7;"A";175;"A";0;"A";53.33;"A"
"2025-01-21 13:00";96.91;"A";4213.67;"A";35.24;"A";24.42;"A";21.51;"A";7.66;"A";59.91;"A";16;"A";1.29;"A";83.36;"A";1021.63;"A";9;"A";2;"A";7;"A";139;"A";0.67;"A";153.33;"A"
"2025-01-21 13:15";96.91;"A";4213.67;"A";30.71;"A";21.31;"A";18.77;"A";7.56;"A";60.03;"A";17;"A";1.21;"A";83.69;"A";1021.48;"A";10;"A";2;"A";7;"A";128;"A";0;"A";60;"A"
"2025-01-21 13:30";96.91;"A";4213.6;"A";33.57;"A";23.28;"A";20.5;"A";7.65;"A";60.07;"A";17;"A";1.26;"A";84.13;"A";1021.5;"A";9;"A";2;"A";7;"A";133;"A";0;"A";176.67;"A"
"2025-01-21 13:45";96.91;"A";4214;"A";36.72;"A";25.43;"A";22.4;"A";7.81;"A";60;"A";17;"A";1.28;"A";84.47;"A";1021.53;"A";9;"A";2;"A";8;"A";149;"A";0.33;"A";126.67;"A"
"2025-01-21 14:00";96.91;"A";4213.8;"A";29.95;"A";20.79;"A";18.31;"A";7.79;"A";60.07;"A";16;"A";1.23;"A";84.77;"A";1021.68;"A";11;"A";2;"A";6;"A";136;"A";0;"A";46.67;"A"
"2025-01-21 14:15";96.91;"A";4213.73;"A";27.89;"A";19.38;"A";17.07;"A";7.92;"A";60.02;"A";17;"A";1.22;"A";85.27;"A";1021.58;"A";10;"A";2;"A";6;"A";130;"A";0.33;"A";40;"A"
"2025-01-21 14:30";96.91;"A";4213.73;"A";28.52;"A";19.81;"A";17.45;"A";8.07;"A";60.07;"A";17;"A";1.22;"A";86.17;"A";1021.66;"A";9;"A";3;"A";8;"A";147;"A";0.33;"A";183.33;"A"
"2025-01-21 14:45";96.91;"A";4213.73;"A";37.3;"A";25.83;"A";22.75;"A";8.25;"A";59.96;"A";16;"A";1.31;"A";86.4;"A";1021.72;"A";8;"A";2;"A";8;"A";190;"A";0.33;"A";133.33;"A"
"2025-01-21 15:00";96.91;"A";4213.67;"A";33.36;"A";23.13;"A";20.37;"A";8.29;"A";59.96;"A";17;"A";1.35;"A";86.37;"A";1021.78;"A";8;"A";2;"A";9;"A";190;"A";0.33;"A";120;"A"
"2025-01-21 15:15";96.9;"A";4213.6;"A";34.73;"A";24.07;"A";21.2;"A";8.29;"A";59.98;"A";16;"A";1.33;"A";86.62;"A";1021.76;"A";8;"A";3;"A";8;"A";190;"A";0;"A";166.67;"A"
"2025-01-21 15:30";96.9;"A";4213.73;"A";35.46;"A";24.57;"A";21.64;"A";8.32;"A";59.98;"A";17;"A";1.35;"A";86.46;"A";1021.68;"A";8;"A";2;"A";9;"A";183;"A";0;"A";40;"A"
"2025-01-21 15:45";96.9;"A";4213.87;"A";25.07;"A";17.45;"A";15.37;"A";8.08;"A";59.93;"A";17;"A";1.24;"A";85.27;"A";1021.57;"A";9;"A";2;"A";8;"A";145;"A";0.33;"A";70;"A"
"2025-01-21 16:00";96.9;"A";4213.8;"A";27.15;"A";18.87;"A";16.62;"A";7.81;"A";60.01;"A";18;"A";1.23;"A";84.72;"A";1021.34;"A";10;"A";3;"A";8;"A";191;"A";0.33;"A";173.33;"A"
"2025-01-21 16:15";96.9;"A";4213.8;"A";27.09;"A";18.83;"A";16.58;"A";7.88;"A";59.97;"A";18;"A";1.27;"A";84.73;"A";1021.2;"A";8;"A";2;"A";9;"A";166;"A";0.33;"A";186.67;"A"
"2025-01-21 16:30";96.9;"A";4213.73;"A";35.15;"A";24.36;"A";21.46;"A";7.83;"A";60.02;"A";18;"A";1.29;"A";84.65;"A";1021.1;"A";9;"A";2;"A";9;"A";206;"A";0.67;"A";0;"A"
"2025-01-21 16:45";96.9;"A";4213.8;"A";37.17;"A";25.75;"A";22.68;"A";7.89;"A";60;"A";18;"A";1.32;"A";84.62;"A";1021.06;"A";7;"A";2;"A";12;"A";225;"A";0;"A";93.33;"A"
"2025-01-21 17:00";96.9;"A";4213.87;"A";41.95;"A";29.03;"A";25.57;"A";7.95;"A";60.01;"A";18;"A";1.44;"A";84.47;"A";1021.06;"A";8;"A";2;"A";10;"A";241;"A";0;"A";96.67;"A"
"2025-01-21 17:15";96.9;"A";4213.73;"A";43.59;"A";30.15;"A";26.56;"A";8.08;"A";59.97;"A";19;"A";1.55;"A";84.58;"A";1020.85;"A";7;"A";2;"A";12;"A";287;"A";0;"A";140;"A"
"2025-01-21 17:30";96.9;"A";4213.67;"A";42.13;"A";29.14;"A";25.67;"A";8.05;"A";60;"A";18;"A";1.66;"A";83.98;"A";1020.73;"A";7;"A";2;"A";11;"A";254;"A";0.33;"A";200;"A"
"2025-01-21 17:45";96.9;"A";4213.87;"A";39.96;"A";27.66;"A";24.36;"A";8.29;"A";60;"A";18;"A";1.71;"A";84.76;"A";1020.73;"A";10;"A";2;"A";9;"A";221;"A";0;"A";50;"A"
"2025-01-21 18:00";96.9;"A";4213.8;"A";48.24;"A";33.34;"A";29.36;"A";8.5;"A";60;"A";18;"A";1.86;"A";84.94;"A";1020.76;"A";8;"A";2;"A";10;"A";263;"A";0;"A";103.33;"A"
"2025-01-21 18:15";96.9;"A";4213.67;"A";45.44;"A";31.42;"A";27.67;"A";8.58;"A";60.01;"A";18;"A";1.89;"A";85.06;"A";1020.78;"A";8;"A";2;"A";10;"A";206;"A";0.33;"A";10;"A"
"2025-01-21 18:30";96.89;"A";4213.73;"A";63.37;"A";43.72;"A";38.51;"A";8.69;"A";60;"A";18;"A";2.02;"A";85.04;"A";1020.74;"A";8;"A";3;"A";10;"A";301;"A";0;"A";30;"A"
"2025-01-21 18:45";96.89;"A";4213.73;"A";47.76;"A";33.01;"A";29.08;"A";8.76;"A";60.02;"A";18;"A";2.05;"A";85.22;"A";1020.77;"A";8;"A";2;"A";10;"A";229;"A";1;"A";83.33;"A"
"2025-01-21 19:00";96.89;"A";4213.6;"A";43.47;"A";30.07;"A";26.48;"A";8.83;"A";60.02;"A";17;"A";2.17;"A";85.03;"A";1020.8;"A";9;"A";2;"A";8;"A";204;"A";0.67;"A";73.33;"A"
"2025-01-21 19:15";96.89;"A";4213.6;"A";48;"A";33.18;"A";29.22;"A";9.02;"A";60.04;"A";17;"A";2.22;"A";85.71;"A";1020.76;"A";9;"A";3;"A";8;"A";279;"A";0;"A";93.33;"A"
"2025-01-21 19:30";96.89;"A";4213.67;"A";60.71;"A";41.89;"A";36.9;"A";9.22;"A";59.99;"A";18;"A";2.26;"A";86.34;"A";1020.69;"A";10;"A";4;"A";8;"A";724;"A";0.33;"A";80;"A"
"2025-01-21 19:45";96.89;"A";4214;"A";58.27;"A";40.22;"A";35.42;"A";9.42;"A";60;"A";18;"A";2.36;"A";86.71;"A";1020.82;"A";11;"A";3;"A";7;"A";365;"A";0.33;"A";183.33;"A"
"2025-01-21 20:00";96.89;"A";4213.73;"A";53.1;"A";36.68;"A";32.3;"A";9.46;"A";59.95;"A";17;"A";2.45;"A";86.49;"A";1020.7;"A";11;"A";2;"A";6;"A";196;"A";0;"A";80;"A"
"2025-01-21 20:15";96.89;"A";4213.47;"A";56.48;"A";38.99;"A";34.34;"A";9.49;"A";60;"A";18;"A";2.55;"A";86.18;"A";1020.5;"A";11;"A";2;"A";7;"A";250;"A";0;"A";93.33;"A"
"2025-01-21 20:30";96.89;"A";4213.53;"A";69.33;"A";47.81;"A";42.1;"A";9.6;"A";60.01;"A";19;"A";2.61;"A";86.53;"A";1020.35;"A";8;"A";2;"A";11;"A";374;"A";0;"A";60;"A"
"2025-01-21 20:45";96.88;"A";4213.47;"A";65.9;"A";45.45;"A";40.03;"A";9.71;"A";59.99;"A";19;"A";2.63;"A";86.93;"A";1020.43;"A";7;"A";2;"A";12;"A";230;"A";0;"A";76.67;"A"
"2025-01-21 21:00";96.88;"A";4213.6;"A";70.81;"A";48.83;"A";43;"A";9.79;"A";60.03;"A";19;"A";2.72;"A";86.97;"A";1020.42;"A";7;"A";2;"A";12;"A";278;"A";0;"A";166.67;"A"
"2025-01-21 21:15";96.88;"A";4213.73;"A";75.17;"A";51.81;"A";45.63;"A";9.96;"A";60.02;"A";20;"A";2.78;"A";87.53;"A";1020.4;"A";9;"A";2;"A";11;"A";371;"A";0;"A";130;"A"
"2025-01-21 21:30";96.88;"A";4213.6;"A";69.49;"A";47.92;"A";42.2;"A";10.14;"A";59.98;"A";19;"A";2.92;"A";87.72;"A";1020.21;"A";9;"A";2;"A";10;"A";402;"A";0;"A";90;"A"
"2025-01-21 21:45";96.88;"A";4213.8;"A";62.92;"A";43.41;"A";38.23;"A";10.24;"A";59.97;"A";18;"A";2.91;"A";88.12;"A";1020.12;"A";9;"A";2;"A";9;"A";401;"A";0;"A";96.67;"A"
"2025-01-21 22:00";96.88;"A";4213.53;"A";58;"A";40.03;"A";35.26;"A";10.27;"A";60;"A";18;"A";2.91;"A";88.34;"A";1020.18;"A";9;"A";2;"A";8;"A";269;"A";0.33;"A";130;"A"
"2025-01-21 22:15";96.88;"A";4213.53;"A";62.21;"A";42.92;"A";37.8;"A";10.36;"A";60.03;"A";18;"A";2.95;"A";88.64;"A";1020.05;"A";10;"A";2;"A";8;"A";337;"A";0;"A";83.33;"A"
"2025-01-21 22:30";96.87;"A";4213.47;"A";77.1;"A";53.14;"A";46.8;"A";10.45;"A";60.02;"A";19;"A";3.03;"A";88.76;"A";1020.17;"A";9;"A";5;"A";10;"A";1618;"A";0;"A";0;"A"
"2025-01-21 22:45";96.87;"A";4213.27;"A";63.95;"A";44.12;"A";38.85;"A";10.59;"A";60.01;"A";21;"A";3.07;"A";88.77;"A";1020.13;"A";9;"A";2;"A";12;"A";521;"A";0.33;"A";73.33;"A"
"2025-01-21 23:00";96.87;"A";4213.2;"A";51.13;"A";35.32;"A";31.11;"A";10.65;"A";59.97;"A";22;"A";3.23;"A";88.35;"A";1020.01;"A";11;"A";2;"A";11;"A";340;"A";0;"A";193.33;"A"
"2025-01-21 23:15";96.87;"A";4213.47;"A";47.59;"A";32.89;"A";28.97;"A";10.63;"A";59.95;"A";21;"A";3.36;"A";87.54;"A";1019.85;"A";12;"A";2;"A";8;"A";426;"A";0;"A";113.33;"A"
"2025-01-21 23:30";96.87;"A";4213.47;"A";53.26;"A";36.78;"A";32.4;"A";10.55;"A";60.01;"A";23;"A";3.53;"A";86.77;"A";1019.9;"A";15;"A";3;"A";8;"A";1655;"A";0.33;"A";136.67;"A"
"2025-01-21 23:45";96.87;"A";4213.47;"A";63.54;"A";43.84;"A";38.61;"A";10.7;"A";60.02;"A";20;"A";3.4;"A";88.03;"A";1019.83;"A";10;"A";2;"A";9;"A";440;"A";0;"A";53.33;"A"
"2025-01-22 00:00";96.87;"A";4213.47;"A";80.8;"A";55.68;"A";49.03;"A";10.88;"A";60.05;"A";16;"A";3.1;"A";90.22;"A";1019.96;"A";7;"A";3;"A";9;"A";239;"A";0;"A";100;"A"
"2025-01-22 00:15";96.87;"A";4213.07;"A";83.22;"A";57.34;"A";50.5;"A";10.99;"A";60.01;"A";15;"A";3.03;"A";91.47;"A";1019.78;"A";7;"A";3;"A";8;"A";198;"A";0;"A";160;"A"
"2025-01-22 00:30";96.87;"A";4213;"A";83.04;"A";57.21;"A";50.39;"A";11.02;"A";60.02;"A";14;"A";2.94;"A";91.99;"A";1019.8;"A";6;"A";4;"A";8;"A";213;"A";0;"A";56.67;"A"
"2025-01-22 00:45";96.87;"A";4213.33;"A";92.77;"A";63.89;"A";56.27;"A";11.01;"A";60;"A";14;"A";3;"A";91.91;"A";1019.59;"A";5;"A";3;"A";9;"A";259;"A";0.33;"A";230;"A"
"2025-01-22 01:00";96.86;"A";4213.4;"A";95.18;"A";65.54;"A";57.72;"A";11.04;"A";60.01;"A";14;"A";2.92;"A";92.46;"A";1019.44;"A";5;"A";4;"A";9;"A";273;"A";0.33;"A";266.67;"A"
"2025-01-22 01:15";96.86;"A";4213.27;"A";98.76;"A";68;"A";59.88;"A";11.05;"A";59.98;"A";14;"A";3.03;"A";91.87;"A";1019.23;"A";5;"A";4;"A";8;"A";239;"A";0;"A";140;"A"
"2025-01-22 01:30";96.86;"A";4213;"A";103.25;"A";71.08;"A";62.6;"A";11.04;"A";59.99;"A";13;"A";3.03;"A";91.66;"A";1019.09;"A";4;"A";4;"A";9;"A";244;"A";0.33;"A";176.67;"A"
"2025-01-22 01:45";96.86;"A";4213.07;"A";107.89;"A";74.26;"A";65.4;"A";11.03;"A";59.97;"A";13;"A";3.08;"A";91.02;"A";1019.13;"A";4;"A";4;"A";9;"A";336;"A";0;"A";193.33;"A"
"2025-01-22 02:00";96.86;"A";4213.2;"A";74.17;"A";51.13;"A";45.03;"A";10.91;"A";60;"A";14;"A";3.23;"A";89.95;"A";1019.35;"A";5;"A";4;"A";8;"A";284;"A";0;"A";170;"A"
"2025-01-22 02:15";96.86;"A";4213.33;"A";70.67;"A";48.73;"A";42.92;"A";10.86;"A";59.99;"A";14;"A";3.29;"A";89.47;"A";1019.35;"A";7;"A";4;"A";7;"A";235;"A";0;"A";153.33;"A"
"2025-01-22 02:30";96.86;"A";4213;"A";74.45;"A";51.32;"A";45.2;"A";10.89;"A";59.98;"A";15;"A";3.36;"A";89.18;"A";1019.24;"A";5;"A";4;"A";10;"A";432;"A";0.33;"A";213.33;"A"
"2025-01-22 02:45";96.86;"A";4213.13;"A";104.05;"A";71.63;"A";63.08;"A";10.93;"A";59.97;"A";14;"A";3.34;"A";89.35;"A";1018.91;"A";4;"A";3;"A";10;"A";441;"A";0;"A";116.67;"A"
"2025-01-22 03:00";96.86;"A";4213.47;"A";101.37;"A";69.79;"A";61.46;"A";10.9;"A";59.99;"A";14;"A";3.36;"A";89.21;"A";1018.85;"A";5;"A";4;"A";9;"A";378;"A";0.33;"A";93.33;"A"
"2025-01-22 03:15";96.85;"A";4213.2;"A";111.72;"A";76.89;"A";67.72;"A";10.89;"A";59.98;"A";14;"A";3.38;"A";88.84;"A";1018.78;"A";5;"A";5;"A";9;"A";588;"A";0;"A";126.67;"A"
"2025-01-22 03:30";96.85;"A";4213;"A";104.82;"A";72.16;"A";63.55;"A";10.86;"A";59.95;"A";13;"A";3.39;"A";88.71;"A";1018.74;"A";5;"A";4;"A";9;"A";424;"A";0;"A";196.67;"A"
"2025-01-22 03:45";96.85;"A";4213.27;"A";81.72;"A";56.31;"A";49.59;"A";10.72;"A";59.99;"A";14;"A";3.43;"A";88.07;"A";1018.66;"A";6;"A";4;"A";8;"A";185;"A";0;"A";200;"A"
"2025-01-22 04:00";96.85;"A";4213.53;"A";65.6;"A";45.25;"A";39.85;"A";10.66;"A";60;"A";14;"A";3.39;"A";87.8;"A";1018.49;"A";6;"A";3;"A";8;"A";134;"A";0;"A";266.67;"A"
"2025-01-22 04:15";96.85;"A";4213.53;"A";58.28;"A";40.23;"A";35.43;"A";10.58;"A";60;"A";15;"A";3.39;"A";87.42;"A";1018.32;"A";6;"A";3;"A";8;"A";140;"A";0;"A";160;"A"
"2025-01-22 04:30";96.85;"A";4213.2;"A";58.6;"A";40.45;"A";35.62;"A";10.53;"A";60;"A";15;"A";3.45;"A";86.97;"A";1018.3;"A";7;"A";3;"A";8;"A";153;"A";0;"A";180;"A"
"2025-01-22 04:45";96.85;"A";4213.2;"A";57.51;"A";39.7;"A";34.96;"A";10.57;"A";59.98;"A";14;"A";3.46;"A";87.03;"A";1018.54;"A";6;"A";3;"A";8;"A";160;"A";0;"A";86.67;"A"
"2025-01-22 05:00";96.85;"A";4213.07;"A";63.08;"A";43.52;"A";38.33;"A";10.54;"A";60.01;"A";14;"A";3.45;"A";87.27;"A";1018.56;"A";7;"A";4;"A";8;"A";180;"A";0;"A";203.33;"A"
"2025-01-22 05:15";96.85;"A";4213.13;"A";66.31;"A";45.73;"A";40.28;"A";10.62;"A";59.99;"A";15;"A";3.35;"A";87.97;"A";1018.42;"A";6;"A";3;"A";8;"A";205;"A";0;"A";273.33;"A"
"2025-01-22 05:30";96.85;"A";4213.4;"A";58.67;"A";40.5;"A";35.67;"A";10.66;"A";60.02;"A";15;"A";3.32;"A";88.33;"A";1018.24;"A";6;"A";3;"A";9;"A";161;"A";0;"A";100;"A"
"2025-01-22 05:45";96.85;"A";4213.07;"A";47.57;"A";32.88;"A";28.96;"A";10.65;"A";59.95;"A";15;"A";3.32;"A";87.94;"A";1018.42;"A";7;"A";3;"A";8;"A";135;"A";0;"A";323.33;"A"
"2025-01-22 06:00";96.85;"A";4213.27;"A";46.11;"A";31.88;"A";28.08;"A";10.59;"A";59.94;"A";15;"A";3.34;"A";87.55;"A";1018.47;"A";7;"A";3;"A";7;"A";139;"A";0.33;"A";156.67;"A"
"2025-01-22 06:15";96.85;"A";4213.47;"A";46.1;"A";31.87;"A";28.07;"A";10.53;"A";59.97;"A";15;"A";3.34;"A";87.57;"A";1018.48;"A";7;"A";3;"A";8;"A";153;"A";0;"A";156.67;"A"
"2025-01-22 06:30";96.84;"A";4213.33;"A";45.3;"A";31.32;"A";27.58;"A";10.5;"A";60.04;"A";16;"A";3.41;"A";87.27;"A";1018.44;"A";6;"A";3;"A";9;"A";160;"A";0.33;"A";340;"A"
"2025-01-22 06:45";96.84;"A";4213.33;"A";51.61;"A";35.65;"A";31.4;"A";10.57;"A";60.04;"A";15;"A";3.42;"A";87.53;"A";1018.43;"A";5;"A";3;"A";11;"A";212;"A";0;"A";43.33;"A"
"2025-01-22 07:00";96.84;"A";4213.27;"A";65.78;"A";45.37;"A";39.96;"A";10.68;"A";60.07;"A";15;"A";3.49;"A";87.9;"A";1018.54;"A";3;"A";3;"A";12;"A";318;"A";0;"A";176.67;"A"
"2025-01-22 07:15";96.84;"A";4213.13;"A";79.5;"A";54.79;"A";48.25;"A";10.81;"A";60;"A";16;"A";3.6;"A";87.64;"A";1018.67;"A";3;"A";3;"A";13;"A";410;"A";0;"A";70;"A"
"2025-01-22 07:30";96.84;"A";4213.27;"A";95.96;"A";66.08;"A";58.2;"A";10.78;"A";60.01;"A";16;"A";3.64;"A";87.3;"A";1018.73;"A";2;"A";4;"A";14;"A";475;"A";0;"A";110;"A"
"2025-01-22 07:45";96.84;"A";4213.13;"A";89.37;"A";61.56;"A";54.21;"A";10.82;"A";60.04;"A";16;"A";3.68;"A";87.26;"A";1018.93;"A";2;"A";4;"A";13;"A";509;"A";0;"A";196.67;"A"
"2025-01-22 08:00";96.84;"A";4213.27;"A";92.89;"A";63.97;"A";56.34;"A";10.92;"A";60;"A";16;"A";3.73;"A";87.31;"A";1018.97;"A";2;"A";3;"A";14;"A";510;"A";0;"A";86.67;"A"
"2025-01-22 08:15";96.84;"A";4213.47;"A";79.96;"A";55.1;"A";48.53;"A";10.98;"A";59.97;"A";16;"A";3.72;"A";87.62;"A";1019.04;"A";1;"A";4;"A";15;"A";476;"A";0.33;"A";150;"A"
"2025-01-22 08:30";96.84;"A";4213.4;"A";70.7;"A";48.75;"A";42.93;"A";11.07;"A";59.91;"A";16;"A";3.79;"A";87.8;"A";1019;"A";1;"A";4;"A";15;"A";509;"A";0;"A";96.67;"A"
"2025-01-22 08:45";96.84;"A";4213.07;"A";57.51;"A";39.7;"A";34.96;"A";11.06;"A";59.98;"A";16;"A";3.84;"A";87.43;"A";1018.95;"A";2;"A";4;"A";14;"A";384;"A";0;"A";143.33;"A"
"2025-01-22 09:00";96.83;"A";4213.13;"A";47.4;"A";32.76;"A";28.85;"A";10.97;"A";59.96;"A";16;"A";3.89;"A";86.78;"A";1019.08;"A";5;"A";3;"A";11;"A";322;"A";0.33;"A";130;"A"
"2025-01-22 09:15";96.83;"A";4213.2;"A";46.89;"A";32.41;"A";28.55;"A";10.95;"A";59.96;"A";16;"A";4;"A";86.27;"A";1019.04;"A";6;"A";3;"A";10;"A";229;"A";0.33;"A";243.33;"A"
"2025-01-22 09:30";96.83;"A";4213.33;"A";46.8;"A";32.35;"A";28.49;"A";10.94;"A";60.01;"A";16;"A";4.07;"A";85.97;"A";1018.97;"A";7;"A";3;"A";9;"A";217;"A";0.33;"A";100;"A"
"2025-01-22 09:45";96.83;"A";4213.2;"A";44.58;"A";30.83;"A";27.15;"A";10.88;"A";59.98;"A";16;"A";4.18;"A";84.77;"A";1018.79;"A";8;"A";3;"A";8;"A";218;"A";0.33;"A";83.33;"A"
"2025-01-22 10:00";96.83;"A";4213.2;"A";61.35;"A";42.33;"A";37.28;"A";10.84;"A";59.92;"A";18;"A";4.27;"A";84.25;"A";1018.6;"A";7;"A";3;"A";11;"A";584;"A";0.33;"A";36.67;"A"
"2025-01-22 10:15";96.83;"A";4213.27;"A";64.45;"A";44.46;"A";39.16;"A";10.78;"A";59.97;"A";18;"A";4.23;"A";84.14;"A";1018.68;"A";6;"A";4;"A";12;"A";677;"A";0.67;"A";86.67;"A"
"2025-01-22 10:30";96.83;"A";4213.47;"A";45.05;"A";31.15;"A";27.43;"A";10.58;"A";60.02;"A";19;"A";4.19;"A";83.65;"A";1018.69;"A";8;"A";3;"A";10;"A";292;"A";0.33;"A";103.33;"A"
"2025-01-22 10:45";96.83;"A";4213.53;"A";41.23;"A";28.53;"A";25.12;"A";10.56;"A";60;"A";18;"A";4.09;"A";83.98;"A";1018.7;"A";8;"A";3;"A";10;"A";227;"A";0.67;"A";146.67;"A"
"2025-01-22 11:00";96.83;"A";4213.33;"A";43.15;"A";29.85;"A";26.29;"A";10.53;"A";60.03;"A";19;"A";4.09;"A";83.74;"A";1018.51;"A";10;"A";3;"A";9;"A";180;"A";0.33;"A";96.67;"A"
"2025-01-22 11:15";96.83;"A";4213.27;"A";41.54;"A";28.75;"A";25.32;"A";10.55;"A";59.96;"A";20;"A";4.14;"A";83.58;"A";1018.42;"A";11;"A";2;"A";9;"A";203;"A";0;"A";123.33;"A"
"2025-01-22 11:30";96.83;"A";4213.27;"A";41.24;"A";28.54;"A";25.14;"A";10.57;"A";60;"A";21;"A";4.23;"A";83.15;"A";1018.17;"A";10;"A";2;"A";11;"A";353;"A";0;"A";96.67;"A"
"2025-01-22 11:45";96.83;"A";4213.4;"A";51.97;"A";35.9;"A";31.62;"A";10.56;"A";59.97;"A";22;"A";4.36;"A";82.61;"A";1017.97;"A";9;"A";2;"A";12;"A";527;"A";0.33;"A";66.67;"A"
"2025-01-22 12:00";96.83;"A";4213.53;"A";60.56;"A";41.79;"A";36.8;"A";10.56;"A";60.03;"A";22;"A";4.38;"A";82.83;"A";1017.79;"A";9;"A";2;"A";13;"A";523;"A";0.33;"A";33.33;"A"
"2025-01-22 12:15";96.83;"A";4213.53;"A";58.82;"A";40.6;"A";35.76;"A";10.57;"A";59.98;"A";22;"A";4.37;"A";82.42;"A";1017.65;"A";9;"A";2;"A";13;"A";479;"A";0.33;"A";96.67;"A"
"2025-01-22 12:30";96.7;"A";4186;"A";49.15;"A";33.96;"A";29.91;"A";10.5;"A";60.06;"A";22;"A";4.41;"A";82.23;"A";1017.53;"A";10;"A";2;"A";12;"A";477;"A";0;"A";23.33;"A"
"2025-01-22 12:45";96.58;"A";4210.4;"A";53.53;"A";36.97;"A";32.56;"A";10.55;"A";59.9;"A";21;"A";4.42;"A";81.9;"A";1017.39;"A";9;"A";3;"A";12;"A";473;"A";0;"A";63.33;"A"
"2025-01-22 13:00";96.67;"A";4211.73;"A";53.59;"A";37.01;"A";32.6;"A";10.44;"A";60.02;"A";22;"A";4.43;"A";81.77;"A";1017.46;"A";10;"A";2;"A";12;"A";324;"A";0.33;"A";40;"A"
"2025-01-22 13:15";96.72;"A";4212.33;"A";50.41;"A";34.83;"A";30.68;"A";10.49;"A";59.87;"A";22;"A";4.41;"A";81.65;"A";1017.49;"A";12;"A";2;"A";10;"A";212;"A";0.67;"A";16.67;"A"
"2025-01-22 13:30";96.76;"A";4212.8;"A";48.06;"A";33.22;"A";29.26;"A";10.46;"A";60.05;"A";23;"A";4.41;"A";82.07;"A";1017.5;"A";13;"A";2;"A";9;"A";190;"A";0.67;"A";156.67;"A"
"2025-01-22 13:45";96.78;"A";4212.8;"A";55.4;"A";38.25;"A";33.69;"A";10.55;"A";60.08;"A";23;"A";4.31;"A";83.07;"A";1017.58;"A";12;"A";2;"A";11;"A";297;"A";1;"A";146.67;"A"
"2025-01-22 14:00";96.8;"A";4212.8;"A";49.79;"A";34.4;"A";30.3;"A";10.89;"A";59.94;"A";21;"A";4.17;"A";84.5;"A";1017.48;"A";11;"A";2;"A";10;"A";183;"A";0.33;"A";166.67;"A"
"2025-01-22 14:15";96.81;"A";4212.87;"A";58.44;"A";40.34;"A";35.53;"A";10.64;"A";60.07;"A";22;"A";4.04;"A";84.71;"A";1017.41;"A";10;"A";2;"A";12;"A";271;"A";0.67;"A";123.33;"A"
"2025-01-22 14:30";96.81;"A";4213.07;"A";43.29;"A";29.94;"A";26.37;"A";10.73;"A";59.97;"A";21;"A";3.89;"A";85.07;"A";1017.33;"A";10;"A";2;"A";12;"A";156;"A";0;"A";153.33;"A"
"2025-01-22 14:45";96.82;"A";4213.27;"A";39.93;"A";27.64;"A";24.34;"A";10.35;"A";60.02;"A";22;"A";3.78;"A";83.9;"A";1017.37;"A";13;"A";2;"A";9;"A";146;"A";1.67;"A";350;"A"
"2025-01-22 15:00";96.82;"A";4213.47;"A";40.56;"A";28.07;"A";24.72;"A";10.28;"A";60.08;"A";22;"A";3.65;"A";84.71;"A";1017.21;"A";12;"A";2;"A";10;"A";152;"A";0;"A";70;"A"
"2025-01-22 15:15";96.82;"A";4213.33;"A";34.93;"A";24.21;"A";21.32;"A";10.26;"A";60.02;"A";22;"A";3.55;"A";85;"A";1017.28;"A";11;"A";2;"A";11;"A";133;"A";1;"A";280;"A"
"2025-01-22 15:30";96.82;"A";4213.2;"A";36.38;"A";25.2;"A";22.2;"A";10.32;"A";60.02;"A";22;"A";3.53;"A";85.17;"A";1017.27;"A";11;"A";1;"A";11;"A";134;"A";0.67;"A";63.33;"A"
"2025-01-22 15:45";96.82;"A";4213.33;"A";34.36;"A";23.82;"A";20.98;"A";10.43;"A";59.92;"A";22;"A";3.55;"A";85.42;"A";1017.23;"A";10;"A";1;"A";12;"A";133;"A";0.67;"A";273.33;"A"
"2025-01-22 16:00";96.82;"A";4213.47;"A";29.68;"A";20.61;"A";18.15;"A";10.22;"A";59.89;"A";23;"A";3.62;"A";83.85;"A";1017.04;"A";12;"A";1;"A";10;"A";123;"A";0;"A";90;"A"
"2025-01-22 16:15";96.82;"A";4213.53;"A";27.19;"A";18.9;"A";16.64;"A";9.93;"A";59.96;"A";24;"A";3.57;"A";83.41;"A";1016.9;"A";14;"A";1;"A";10;"A";116;"A";0;"A";40;"A"
"2025-01-22 16:30";96.72;"A";4190.33;"A";25.32;"A";17.62;"A";15.52;"A";9.79;"A";60.03;"A";24;"A";3.58;"A";82.62;"A";1016.93;"A";15;"A";1;"A";9;"A";105;"A";0.33;"A";53.33;"A"
"2025-01-22 16:45";96.62;"A";4211.13;"A";28.45;"A";19.76;"A";17.41;"A";9.81;"A";60.02;"A";25;"A";3.52;"A";83.05;"A";1016.93;"A";16;"A";1;"A";9;"A";117;"A";0.33;"A";10;"A"
"2025-01-22 17:00";96.69;"A";4211.73;"A";27.79;"A";19.31;"A";17.01;"A";9.8;"A";59.97;"A";25;"A";3.38;"A";83.43;"A";1016.92;"A";15;"A";1;"A";9;"A";118;"A";0.33;"A";43.33;"A"
"2025-01-22 17:15";96.74;"A";4212.6;"A";29.04;"A";20.17;"A";17.76;"A";9.82;"A";59.98;"A";24;"A";3.34;"A";83.71;"A";1016.91;"A";15;"A";1;"A";9;"A";137;"A";0;"A";56.67;"A"
"2025-01-22 17:30";96.77;"A";4212.8;"A";50.42;"A";34.84;"A";30.68;"A";9.69;"A";60.02;"A";25;"A";3.37;"A";83.3;"A";1016.97;"A";15;"A";1;"A";9;"A";206;"A";0.33;"A";70;"A"
"2025-01-22 17:45";96.79;"A";4212.87;"A";62.06;"A";42.82;"A";37.71;"A";9.77;"A";59.94;"A";25;"A";3.36;"A";83.27;"A";1017.11;"A";13;"A";1;"A";12;"A";381;"A";0;"A";53.33;"A"
"2025-01-22 18:00";96.8;"A";4212.87;"A";47.92;"A";33.12;"A";29.17;"A";9.59;"A";59.97;"A";24;"A";3.31;"A";83;"A";1017.11;"A";14;"A";1;"A";10;"A";297;"A";0.67;"A";83.33;"A"
"2025-01-22 18:15";96.81;"A";4213.2;"A";44.54;"A";30.8;"A";27.13;"A";9.41;"A";59.99;"A";23;"A";3.13;"A";82.76;"A";1017.18;"A";14;"A";1;"A";9;"A";249;"A";0.33;"A";6.67;"A"
"2025-01-22 18:30";96.81;"A";4213.67;"A";36.47;"A";25.26;"A";22.25;"A";9.28;"A";59.98;"A";23;"A";3.04;"A";82.62;"A";1017.05;"A";16;"A";2;"A";7;"A";132;"A";0;"A";56.67;"A"
"2025-01-22 18:45";96.82;"A";4213.47;"A";42.46;"A";29.38;"A";25.87;"A";9.3;"A";60.05;"A";24;"A";2.84;"A";84.19;"A";1017.1;"A";15;"A";1;"A";9;"A";267;"A";0.67;"A";13.33;"A"
"2025-01-22 19:00";96.82;"A";4213.47;"A";37.92;"A";26.26;"A";23.13;"A";9.25;"A";60.06;"A";22;"A";2.64;"A";84.88;"A";1017.27;"A";16;"A";1;"A";7;"A";188;"A";0;"A";40;"A"
"2025-01-22 19:15";96.82;"A";4213.6;"A";33;"A";22.88;"A";20.15;"A";9.16;"A";60.01;"A";21;"A";2.58;"A";84.37;"A";1017.36;"A";15;"A";2;"A";6;"A";481;"A";0.67;"A";136.67;"A"
"2025-01-22 19:30";96.82;"A";4213.73;"A";35.15;"A";24.36;"A";21.46;"A";9.13;"A";60.01;"A";21;"A";2.5;"A";84.9;"A";1017.25;"A";15;"A";2;"A";6;"A";457;"A";0.33;"A";126.67;"A"
"2025-01-22 19:45";96.82;"A";4213.6;"A";33.42;"A";23.17;"A";20.41;"A";9.21;"A";59.95;"A";21;"A";2.5;"A";85.11;"A";1017.25;"A";15;"A";2;"A";7;"A";211;"A";0;"A";106.67;"A"
"2025-01-22 20:00";96.82;"A";4213.33;"A";37.67;"A";26.09;"A";22.98;"A";9.27;"A";60.02;"A";21;"A";2.4;"A";86.21;"A";1017;"A";15;"A";2;"A";6;"A";199;"A";0;"A";100;"A"
"2025-01-22 20:15";96.82;"A";4213.67;"A";37.52;"A";25.98;"A";22.89;"A";9.33;"A";60.06;"A";21;"A";2.32;"A";86.7;"A";1016.81;"A";14;"A";2;"A";7;"A";763;"A";0;"A";76.67;"A"
"2025-01-22 20:30";96.82;"A";4213.47;"A";34.56;"A";23.95;"A";21.1;"A";9.39;"A";59.99;"A";21;"A";2.34;"A";87.02;"A";1016.77;"A";14;"A";2;"A";7;"A";601;"A";0.33;"A";136.67;"A"
"2025-01-22 20:45";96.81;"A";4213.8;"A";35.64;"A";24.69;"A";21.75;"A";9.47;"A";60.04;"A";21;"A";2.32;"A";87.3;"A";1016.75;"A";15;"A";2;"A";6;"A";164;"A";0.33;"A";126.67;"A"
"2025-01-22 21:00";96.81;"A";4213.53;"A";40.04;"A";27.71;"A";24.41;"A";9.46;"A";60.04;"A";21;"A";2.33;"A";87.41;"A";1016.63;"A";15;"A";2;"A";6;"A";389;"A";0.67;"A";140;"A"
"2025-01-22 21:15";96.81;"A";4213.73;"A";40.86;"A";28.28;"A";24.91;"A";9.57;"A";60;"A";21;"A";2.37;"A";87.7;"A";1016.56;"A";13;"A";1;"A";8;"A";303;"A";0.33;"A";86.67;"A"
"2025-01-22 21:30";96.81;"A";4213.53;"A";57.53;"A";39.71;"A";34.98;"A";9.68;"A";60;"A";20;"A";2.43;"A";87.77;"A";1016.36;"A";11;"A";1;"A";9;"A";329;"A";0;"A";163.33;"A"
"2025-01-22 21:45";96.81;"A";4213.47;"A";64.57;"A";44.54;"A";39.23;"A";9.65;"A";60;"A";20;"A";2.45;"A";87.5;"A";1016.31;"A";11;"A";2;"A";9;"A";217;"A";0;"A";280;"A"
"2025-01-22 22:00";96.81;"A";4213.47;"A";48.43;"A";33.47;"A";29.48;"A";9.65;"A";59.98;"A";20;"A";2.45;"A";87.38;"A";1016.24;"A";11;"A";2;"A";9;"A";136;"A";0.33;"A";123.33;"A"
"2025-01-22 22:15";96.81;"A";4213.73;"A";37.89;"A";26.24;"A";23.11;"A";9.63;"A";59.97;"A";20;"A";2.4;"A";87.61;"A";1016.26;"A";11;"A";2;"A";8;"A";103;"A";0;"A";253.33;"A"
"2025-01-22 22:30";96.81;"A";4213.6;"A";37.39;"A";25.89;"A";22.81;"A";9.56;"A";59.98;"A";20;"A";2.33;"A";87.57;"A";1016.22;"A";12;"A";2;"A";8;"A";103;"A";0;"A";13.33;"A"
"2025-01-22 22:45";96.81;"A";4213.67;"A";34.99;"A";24.25;"A";21.36;"A";9.56;"A";59.99;"A";20;"A";2.37;"A";87.74;"A";1016.07;"A";11;"A";1;"A";8;"A";97;"A";0;"A";230;"A"
"2025-01-22 23:00";96.81;"A";4213.4;"A";34.11;"A";23.64;"A";20.82;"A";9.6;"A";60.01;"A";19;"A";2.34;"A";88.02;"A";1015.99;"A";12;"A";2;"A";7;"A";96;"A";0;"A";123.33;"A"
"2025-01-22 23:15";96.81;"A";4213.53;"A";34.49;"A";23.91;"A";21.06;"A";9.6;"A";60.03;"A";18;"A";2.39;"A";87.78;"A";1016.07;"A";11;"A";2;"A";7;"A";93;"A";0.33;"A";340;"A"
"2025-01-22 23:30";96.81;"A";4213.53;"A";34.1;"A";23.64;"A";20.82;"A";9.62;"A";59.99;"A";18;"A";2.38;"A";87.84;"A";1016.07;"A";11;"A";2;"A";7;"A";95;"A";0;"A";96.67;"A"
"2025-01-22 23:45";96.81;"A";4213.47;"A";34.29;"A";23.77;"A";20.94;"A";9.65;"A";60;"A";18;"A";2.41;"A";87.81;"A";1015.95;"A";11;"A";2;"A";7;"A";95;"A";0;"A";83.33;"A"
"2025-01-23 00:00";96.81;"A";4213.4;"A";36.24;"A";25.11;"A";22.12;"A";9.67;"A";59.98;"A";18;"A";2.36;"A";88.16;"A";1015.87;"A";12;"A";2;"A";6;"A";93;"A";0;"A";120;"A"
"2025-01-23 00:15";96.81;"A";4213.47;"A";37.23;"A";25.79;"A";22.71;"A";9.72;"A";60;"A";18;"A";2.31;"A";88.7;"A";1015.75;"A";12;"A";2;"A";6;"A";94;"A";0;"A";276.67;"A"
"2025-01-23 00:30";96.8;"A";4213.6;"A";36.18;"A";25.06;"A";22.07;"A";9.75;"A";60.03;"A";17;"A";2.22;"A";89.21;"A";1015.56;"A";12;"A";2;"A";5;"A";99;"A";0;"A";340;"A"
"2025-01-23 00:45";96.8;"A";4213.33;"A";34.59;"A";23.97;"A";21.11;"A";9.82;"A";60.01;"A";17;"A";2.24;"A";89.82;"A";1015.49;"A";12;"A";2;"A";5;"A";101;"A";0.33;"A";346.67;"A"
"2025-01-23 01:00";96.8;"A";4213.33;"A";33.54;"A";23.25;"A";20.48;"A";9.82;"A";59.98;"A";17;"A";2.29;"A";89.36;"A";1015.42;"A";12;"A";2;"A";5;"A";102;"A";0.67;"A";230;"A"
"2025-01-23 01:15";96.8;"A";4213.6;"A";32.65;"A";22.65;"A";19.95;"A";9.84;"A";60.04;"A";17;"A";2.26;"A";89.89;"A";1015.14;"A";12;"A";3;"A";5;"A";95;"A";0;"A";16.67;"A"
"2025-01-23 01:30";96.8;"A";4213.53;"A";32.75;"A";22.71;"A";20;"A";9.94;"A";59.97;"A";17;"A";2.3;"A";89.86;"A";1015.24;"A";12;"A";2;"A";4;"A";92;"A";0;"A";343.33;"A"
"2025-01-23 01:45";96.8;"A";4213.4;"A";32.85;"A";22.78;"A";20.06;"A";9.96;"A";59.98;"A";16;"A";2.38;"A";89.7;"A";1015.21;"A";12;"A";2;"A";5;"A";90;"A";0;"A";6.67;"A"
"2025-01-23 02:00";96.8;"A";4213.53;"A";36.96;"A";25.6;"A";22.55;"A";10;"A";60;"A";16;"A";2.39;"A";89.91;"A";1015.23;"A";12;"A";2;"A";5;"A";88;"A";0;"A";273.33;"A"
"2025-01-23 02:15";96.8;"A";4213.53;"A";39.27;"A";27.18;"A";23.94;"A";10.08;"A";59.97;"A";16;"A";2.41;"A";90.14;"A";1015.06;"A";11;"A";2;"A";5;"A";95;"A";0.33;"A";16.67;"A"
"2025-01-23 02:30";96.79;"A";4213.53;"A";41.1;"A";28.44;"A";25.05;"A";10.12;"A";60.02;"A";16;"A";2.43;"A";90.28;"A";1014.94;"A";11;"A";2;"A";5;"A";92;"A";0;"A";96.67;"A"
"2025-01-23 02:45";96.79;"A";4213.53;"A";40.7;"A";28.17;"A";24.81;"A";10.2;"A";60;"A";16;"A";2.49;"A";90.44;"A";1014.77;"A";11;"A";3;"A";5;"A";89;"A";0;"A";126.67;"A"
"2025-01-23 03:00";96.79;"A";4213.4;"A";41.4;"A";28.64;"A";25.23;"A";10.26;"A";59.99;"A";16;"A";2.54;"A";90.29;"A";1014.71;"A";10;"A";2;"A";6;"A";93;"A";0;"A";60;"A"
"2025-01-23 03:15";96.79;"A";4213.33;"A";43.97;"A";30.41;"A";26.78;"A";10.3;"A";60.01;"A";16;"A";2.64;"A";90;"A";1014.58;"A";10;"A";2;"A";6;"A";100;"A";0;"A";273.33;"A"
"2025-01-23 03:30";96.79;"A";4213.4;"A";50.43;"A";34.84;"A";30.69;"A";10.37;"A";59.99;"A";17;"A";2.69;"A";90.09;"A";1014.29;"A";10;"A";2;"A";7;"A";150;"A";0;"A";60;"A"
"2025-01-23 03:45";96.79;"A";4213.2;"A";45.67;"A";31.57;"A";27.81;"A";10.35;"A";60.01;"A";17;"A";2.71;"A";89.98;"A";1014.26;"A";10;"A";2;"A";7;"A";102;"A";0;"A";73.33;"A"
"2025-01-23 04:00";96.79;"A";4213.47;"A";50.85;"A";35.13;"A";30.94;"A";10.37;"A";59.99;"A";17;"A";2.76;"A";89.76;"A";1014.1;"A";10;"A";2;"A";7;"A";147;"A";0;"A";146.67;"A"
"2025-01-23 04:15";96.79;"A";4213.4;"A";50.74;"A";35.05;"A";30.87;"A";10.37;"A";59.98;"A";16;"A";2.79;"A";89.58;"A";1014.08;"A";10;"A";3;"A";7;"A";134;"A";0.33;"A";160;"A"
"2025-01-23 04:30";96.78;"A";4213.27;"A";49.83;"A";34.43;"A";30.32;"A";10.38;"A";60.01;"A";16;"A";2.84;"A";89.42;"A";1014.03;"A";10;"A";3;"A";6;"A";145;"A";0;"A";13.33;"A"
"2025-01-23 04:45";96.78;"A";4213.47;"A";64.57;"A";44.54;"A";39.23;"A";10.42;"A";59.97;"A";16;"A";2.89;"A";89.31;"A";1014.08;"A";9;"A";2;"A";7;"A";266;"A";0;"A";50;"A"
"2025-01-23 05:00";96.78;"A";4213.33;"A";63.35;"A";43.71;"A";38.49;"A";10.37;"A";59.94;"A";16;"A";2.94;"A";88.92;"A";1014;"A";9;"A";3;"A";8;"A";277;"A";0;"A";16.67;"A"
"2025-01-23 05:15";96.78;"A";4213.27;"A";74.35;"A";51.25;"A";45.14;"A";10.35;"A";59.97;"A";16;"A";2.9;"A";88.86;"A";1014.02;"A";9;"A";2;"A";7;"A";247;"A";0;"A";3.33;"A"
"2025-01-23 05:30";96.78;"A";4213.27;"A";65.35;"A";45.08;"A";39.7;"A";10.16;"A";60.02;"A";15;"A";2.83;"A";88.4;"A";1014.01;"A";9;"A";3;"A";7;"A";192;"A";0.33;"A";253.33;"A"
"2025-01-23 05:45";96.78;"A";4213.33;"A";53.74;"A";37.11;"A";32.69;"A";9.96;"A";60.01;"A";16;"A";2.77;"A";88.04;"A";1013.89;"A";9;"A";2;"A";7;"A";169;"A";0.67;"A";93.33;"A"
"2025-01-23 06:00";96.78;"A";4213.33;"A";38.18;"A";26.43;"A";23.28;"A";9.87;"A";59.96;"A";16;"A";2.72;"A";87.59;"A";1013.9;"A";9;"A";2;"A";7;"A";115;"A";0;"A";73.33;"A"
"2025-01-23 06:15";96.78;"A";4213.2;"A";34.3;"A";23.78;"A";20.94;"A";9.81;"A";59.98;"A";16;"A";2.66;"A";87.64;"A";1014.05;"A";8;"A";2;"A";8;"A";97;"A";0;"A";40;"A"
"2025-01-23 06:30";96.78;"A";4213.27;"A";38.49;"A";26.65;"A";23.47;"A";9.82;"A";59.98;"A";16;"A";2.65;"A";87.54;"A";1014.2;"A";7;"A";2;"A";8;"A";120;"A";0;"A";86.67;"A"
"2025-01-23 06:45";96.78;"A";4213.53;"A";38.04;"A";26.34;"A";23.2;"A";9.71;"A";60.05;"A";16;"A";2.66;"A";86.9;"A";1014.2;"A";8;"A";2;"A";8;"A";124;"A";0;"A";56.67;"A"
"2025-01-23 07:00";96.78;"A";4213.6;"A";35.38;"A";24.52;"A";21.6;"A";9.65;"A";60.01;"A";16;"A";2.68;"A";86.58;"A";1014.14;"A";8;"A";2;"A";8;"A";116;"A";0;"A";76.67;"A"
"2025-01-23 07:15";96.78;"A";4213.6;"A";35.39;"A";24.53;"A";21.6;"A";9.68;"A";59.94;"A";16;"A";2.67;"A";86.91;"A";1014.11;"A";8;"A";2;"A";8;"A";115;"A";0;"A";40;"A"
"2025-01-23 07:30";96.78;"A";4213.53;"A";33.17;"A";23;"A";20.26;"A";9.67;"A";60;"A";16;"A";2.61;"A";86.85;"A";1014.17;"A";7;"A";2;"A";9;"A";115;"A";0.33;"A";206.67;"A"
"2025-01-23 07:45";96.77;"A";4213.6;"A";32.4;"A";22.47;"A";19.79;"A";9.81;"A";60;"A";17;"A";2.57;"A";88.07;"A";1014.29;"A";6;"A";2;"A";11;"A";117;"A";0.67;"A";236.67;"A"
"2025-01-23 08:00";96.77;"A";4213.53;"A";33.24;"A";23.05;"A";20.3;"A";9.76;"A";60.02;"A";16;"A";2.5;"A";88.06;"A";1014.45;"A";5;"A";3;"A";11;"A";138;"A";0;"A";86.67;"A"
"2025-01-23 08:15";96.77;"A";4213.47;"A";33.56;"A";23.27;"A";20.49;"A";9.69;"A";60.03;"A";16;"A";2.49;"A";87.71;"A";1014.56;"A";6;"A";3;"A";10;"A";125;"A";0;"A";166.67;"A"
"2025-01-23 08:30";96.77;"A";4213.33;"A";36.09;"A";25;"A";22.02;"A";9.68;"A";60.02;"A";16;"A";2.49;"A";88.03;"A";1014.4;"A";5;"A";2;"A";11;"A";130;"A";0;"A";170;"A"
"2025-01-23 08:45";96.77;"A";4213.47;"A";36.24;"A";25.1;"A";22.11;"A";9.68;"A";59.97;"A";16;"A";2.52;"A";87.47;"A";1014.36;"A";5;"A";3;"A";10;"A";140;"A";0;"A";63.33;"A"
"2025-01-23 09:00";96.77;"A";4213.53;"A";33.95;"A";23.54;"A";20.73;"A";9.67;"A";60.01;"A";16;"A";2.47;"A";87.82;"A";1014.43;"A";5;"A";2;"A";11;"A";136;"A";0;"A";110;"A"
"2025-01-23 09:15";96.77;"A";4213.6;"A";33.16;"A";23;"A";20.25;"A";9.69;"A";60.03;"A";16;"A";2.43;"A";88.02;"A";1014.48;"A";5;"A";3;"A";11;"A";144;"A";0.33;"A";233.33;"A"
"2025-01-23 09:30";96.77;"A";4213.27;"A";38.7;"A";26.79;"A";23.6;"A";9.73;"A";59.94;"A";16;"A";2.45;"A";88.64;"A";1014.45;"A";6;"A";3;"A";10;"A";163;"A";0;"A";46.67;"A"
"2025-01-23 09:45";96.76;"A";4213.53;"A";40.49;"A";28.02;"A";24.68;"A";9.83;"A";60.03;"A";16;"A";2.4;"A";88.92;"A";1014.51;"A";6;"A";3;"A";10;"A";159;"A";0;"A";50;"A"
"2025-01-23 10:00";96.76;"A";4213.2;"A";33.67;"A";23.34;"A";20.56;"A";9.84;"A";60.02;"A";16;"A";2.34;"A";89.42;"A";1014.6;"A";6;"A";3;"A";9;"A";145;"A";1;"A";50;"A"
"2025-01-23 10:15";96.76;"A";4213.27;"A";39.88;"A";27.6;"A";24.31;"A";9.89;"A";59.97;"A";16;"A";2.38;"A";89.37;"A";1014.79;"A";6;"A";3;"A";10;"A";151;"A";0;"A";46.67;"A"
"2025-01-23 10:30";96.76;"A";4213.13;"A";49.01;"A";33.87;"A";29.83;"A";9.92;"A";60.02;"A";16;"A";2.32;"A";89.99;"A";1014.76;"A";7;"A";3;"A";9;"A";165;"A";0.67;"A";120;"A"
"2025-01-23 10:45";96.76;"A";4213.6;"A";33.22;"A";23.04;"A";20.29;"A";9.97;"A";60;"A";16;"A";2.33;"A";89.91;"A";1014.6;"A";7;"A";3;"A";10;"A";141;"A";1;"A";350;"A"
"2025-01-23 11:00";96.76;"A";4213.4;"A";26.23;"A";18.24;"A";16.07;"A";9.93;"A";60.06;"A";16;"A";2.36;"A";90.04;"A";1014.57;"A";6;"A";2;"A";10;"A";132;"A";0;"A";120;"A"
"2025-01-23 11:15";96.76;"A";4213.2;"A";26.7;"A";18.56;"A";16.35;"A";10.07;"A";60.06;"A";16;"A";2.43;"A";90.43;"A";1014.35;"A";6;"A";3;"A";11;"A";148;"A";0;"A";103.33;"A"
"2025-01-23 11:30";96.76;"A";4213.07;"A";24.98;"A";17.38;"A";15.31;"A";10.17;"A";59.97;"A";16;"A";2.52;"A";90.07;"A";1014.3;"A";6;"A";2;"A";10;"A";145;"A";0;"A";73.33;"A"
"2025-01-23 11:45";96.76;"A";4213.27;"A";24.92;"A";17.34;"A";15.27;"A";10.2;"A";59.96;"A";17;"A";2.54;"A";90.54;"A";1014.17;"A";6;"A";3;"A";11;"A";140;"A";0.33;"A";116.67;"A"
"2025-01-23 12:00";96.76;"A";4213.27;"A";25.75;"A";17.91;"A";15.78;"A";10.23;"A";59.99;"A";16;"A";2.58;"A";89.97;"A";1014.1;"A";6;"A";3;"A";10;"A";153;"A";0;"A";26.67;"A"
"2025-01-23 12:15";96.76;"A";4213.13;"A";36.59;"A";25.35;"A";22.33;"A";10.36;"A";60.02;"A";17;"A";2.61;"A";90.77;"A";1013.93;"A";5;"A";3;"A";12;"A";191;"A";0;"A";130;"A"
"2025-01-23 12:30";96.75;"A";4213.2;"A";42.55;"A";29.43;"A";25.92;"A";10.56;"A";59.98;"A";16;"A";2.76;"A";90.98;"A";1013.77;"A";3;"A";3;"A";13;"A";265;"A";0;"A";190;"A"
"2025-01-23 12:45";96.75;"A";4213.27;"A";41.81;"A";28.93;"A";25.48;"A";10.53;"A";59.94;"A";16;"A";2.89;"A";89.76;"A";1013.75;"A";4;"A";3;"A";12;"A";433;"A";0;"A";50;"A"
"2025-01-23 13:00";96.75;"A";4213.27;"A";42.15;"A";29.16;"A";25.68;"A";10.63;"A";59.93;"A";16;"A";2.98;"A";90.47;"A";1013.71;"A";3;"A";3;"A";13;"A";468;"A";0;"A";166.67;"A"
"2025-01-23 13:15";96.75;"A";4213.13;"A";38.03;"A";26.33;"A";23.19;"A";10.61;"A";60.08;"A";17;"A";3.02;"A";90.15;"A";1013.57;"A";4;"A";3;"A";12;"A";329;"A";0;"A";70;"A"
"2025-01-23 13:30";96.75;"A";4213.13;"A";62.93;"A";43.42;"A";38.24;"A";10.79;"A";59.99;"A";17;"A";3.06;"A";90.49;"A";1013.54;"A";3;"A";3;"A";14;"A";449;"A";0;"A";190;"A"
"2025-01-23 13:45";96.75;"A";4213.07;"A";83.08;"A";57.24;"A";50.41;"A";10.84;"A";60.02;"A";15;"A";3.1;"A";90.66;"A";1013.4;"A";3;"A";3;"A";12;"A";368;"A";0;"A";270;"A"
"2025-01-23 14:00";96.75;"A";4213.2;"A";54.78;"A";37.83;"A";33.32;"A";10.89;"A";60.07;"A";15;"A";3.1;"A";91.05;"A";1013.22;"A";4;"A";3;"A";11;"A";197;"A";0;"A";103.33;"A"
"2025-01-23 14:15";96.75;"A";4213.27;"A";43.57;"A";30.14;"A";26.54;"A";11.02;"A";59.96;"A";15;"A";3.14;"A";91.03;"A";1013.18;"A";4;"A";3;"A";11;"A";164;"A";0;"A";160;"A"
"2025-01-23 14:30";96.74;"A";4213.13;"A";36.3;"A";25.15;"A";22.15;"A";11.09;"A";59.96;"A";15;"A";3.2;"A";91.06;"A";1013.12;"A";4;"A";3;"A";11;"A";157;"A";0.33;"A";130;"A"
"2025-01-23 14:45";96.74;"A";4213.2;"A";37.1;"A";25.7;"A";22.63;"A";11.09;"A";60;"A";15;"A";3.19;"A";91.35;"A";1013.06;"A";5;"A";4;"A";10;"A";149;"A";0;"A";150;"A"
"2025-01-23 15:00";96.74;"A";4213.07;"A";40.67;"A";28.14;"A";24.79;"A";11.1;"A";59.98;"A";16;"A";3.25;"A";91.23;"A";1013.16;"A";5;"A";3;"A";11;"A";164;"A";0.33;"A";116.67;"A"
"2025-01-23 15:15";96.74;"A";4213.2;"A";40.49;"A";28.02;"A";24.68;"A";11.13;"A";60.02;"A";15;"A";3.25;"A";91.54;"A";1013.19;"A";5;"A";3;"A";10;"A";166;"A";0.67;"A";273.33;"A"
"2025-01-23 15:30";96.74;"A";4213.07;"A";41.44;"A";28.68;"A";25.26;"A";11.22;"A";60;"A";15;"A";3.3;"A";91.62;"A";1013.29;"A";5;"A";3;"A";10;"A";178;"A";0;"A";273.33;"A"
"2025-01-23 15:45";96.74;"A";4213;"A";40.13;"A";27.78;"A";24.47;"A";11.28;"A";60.04;"A";14;"A";3.34;"A";91.67;"A";1013.28;"A";4;"A";3;"A";11;"A";169;"A";0;"A";96.67;"A"
"2025-01-23 16:00";96.74;"A";4213.2;"A";37.75;"A";26.14;"A";23.02;"A";11.37;"A";59.98;"A";15;"A";3.41;"A";91.73;"A";1013.27;"A";4;"A";3;"A";11;"A";173;"A";0;"A";143.33;"A"
"2025-01-23 16:15";96.73;"A";4212.87;"A";34.79;"A";24.11;"A";21.24;"A";11.38;"A";60.02;"A";15;"A";3.45;"A";91.65;"A";1013.28;"A";4;"A";3;"A";11;"A";177;"A";0.33;"A";226.67;"A"
"2025-01-23 16:30";96.73;"A";4212.93;"A";32.22;"A";22.35;"A";19.68;"A";11.42;"A";59.98;"A";15;"A";3.46;"A";91.69;"A";1013.3;"A";3;"A";3;"A";12;"A";185;"A";0;"A";193.33;"A"
"2025-01-23 16:45";96.73;"A";4213.07;"A";33.57;"A";23.28;"A";20.5;"A";11.47;"A";60;"A";14;"A";3.53;"A";91.65;"A";1013.42;"A";3;"A";3;"A";11;"A";176;"A";0;"A";233.33;"A"
"2025-01-23 17:00";96.73;"A";4212.87;"A";40.25;"A";27.86;"A";24.53;"A";11.54;"A";59.98;"A";14;"A";3.59;"A";91.65;"A";1013.45;"A";3;"A";3;"A";12;"A";188;"A";0;"A";150;"A"
"2025-01-23 17:15";96.73;"A";4212.8;"A";44.01;"A";30.44;"A";26.81;"A";11.56;"A";60.01;"A";15;"A";3.62;"A";91.5;"A";1013.53;"A";3;"A";4;"A";12;"A";217;"A";0;"A";160;"A"
"2025-01-23 17:30";96.73;"A";4212.93;"A";54.95;"A";37.94;"A";33.42;"A";11.65;"A";59.97;"A";15;"A";3.72;"A";91.59;"A";1013.52;"A";2;"A";4;"A";13;"A";262;"A";0;"A";193.33;"A"
"2025-01-23 17:45";96.73;"A";4212.93;"A";57.74;"A";39.86;"A";35.1;"A";11.69;"A";60.02;"A";15;"A";3.77;"A";91.56;"A";1013.49;"A";1;"A";4;"A";14;"A";252;"A";0;"A";270;"A"
"2025-01-23 18:00";96.73;"A";4212.93;"A";60.48;"A";41.74;"A";36.76;"A";11.76;"A";60;"A";14;"A";3.79;"A";91.69;"A";1013.6;"A";1;"A";4;"A";13;"A";246;"A";0;"A";256.67;"A"
"2025-01-23 18:15";96.73;"A";4212.93;"A";58.61;"A";40.46;"A";35.63;"A";11.82;"A";59.98;"A";14;"A";3.84;"A";91.64;"A";1013.74;"A";1;"A";4;"A";14;"A";254;"A";0;"A";280;"A"
"2025-01-23 18:30";96.73;"A";4213.27;"A";50.75;"A";35.06;"A";30.88;"A";11.85;"A";60.02;"A";15;"A";3.89;"A";91.68;"A";1013.76;"A";1;"A";4;"A";14;"A";221;"A";0;"A";186.67;"A"
"2025-01-23 18:45";96.73;"A";4212.93;"A";47.2;"A";32.63;"A";28.74;"A";11.92;"A";59.99;"A";15;"A";3.91;"A";91.82;"A";1013.75;"A";1;"A";4;"A";14;"A";241;"A";0;"A";183.33;"A"
"2025-01-23 19:00";96.72;"A";4213.07;"A";49.63;"A";34.29;"A";30.2;"A";11.96;"A";60.01;"A";15;"A";3.95;"A";91.9;"A";1013.72;"A";0;"A";4;"A";15;"A";271;"A";0;"A";123.33;"A"
"2025-01-23 19:15";96.72;"A";4213;"A";48.17;"A";33.29;"A";29.32;"A";11.95;"A";59.99;"A";14;"A";4;"A";91.65;"A";1013.77;"A";1;"A";4;"A";13;"A";233;"A";0;"A";196.67;"A"
"2025-01-23 19:30";96.72;"A";4212.87;"A";50.63;"A";34.98;"A";30.8;"A";12.02;"A";59.99;"A";14;"A";4;"A";91.86;"A";1013.83;"A";0;"A";4;"A";14;"A";240;"A";0;"A";53.33;"A"
"2025-01-23 19:45";96.72;"A";4213.2;"A";64.83;"A";44.72;"A";39.39;"A";12.08;"A";59.99;"A";14;"A";4.09;"A";91.79;"A";1013.76;"A";1;"A";4;"A";13;"A";254;"A";0;"A";140;"A"
"2025-01-23 20:00";96.72;"A";4212.87;"A";65.81;"A";45.39;"A";39.98;"A";12.16;"A";59.99;"A";14;"A";4.14;"A";92.02;"A";1013.79;"A";1;"A";4;"A";12;"A";313;"A";0;"A";136.67;"A"
"2025-01-23 20:15";96.72;"A";4213.07;"A";66.48;"A";45.85;"A";40.38;"A";12.28;"A";59.99;"A";13;"A";4.22;"A";92.04;"A";1013.81;"A";0;"A";5;"A";13;"A";375;"A";0;"A";163.33;"A"
"2025-01-23 20:30";96.72;"A";4213;"A";46.25;"A";31.97;"A";28.16;"A";12.27;"A";60.02;"A";13;"A";4.31;"A";91.7;"A";1013.89;"A";1;"A";4;"A";12;"A";338;"A";0;"A";276.67;"A"
"2025-01-23 20:45";96.72;"A";4213;"A";59.48;"A";41.05;"A";36.15;"A";12.34;"A";59.98;"A";14;"A";4.39;"A";91.55;"A";1013.84;"A";1;"A";4;"A";13;"A";405;"A";0;"A";316.67;"A"
"2025-01-23 21:00";96.71;"A";4213.07;"A";73.42;"A";50.62;"A";44.58;"A";12.4;"A";59.98;"A";14;"A";4.41;"A";91.74;"A";1013.88;"A";0;"A";5;"A";14;"A";489;"A";0;"A";153.33;"A"
"2025-01-23 21:15";96.71;"A";4212.93;"A";81.6;"A";56.23;"A";49.52;"A";12.43;"A";59.98;"A";13;"A";4.42;"A";91.73;"A";1013.87;"A";0;"A";5;"A";14;"A";455;"A";0;"A";220;"A"
"2025-01-23 21:30";96.71;"A";4212.87;"A";87.27;"A";60.12;"A";52.95;"A";12.49;"A";60.03;"A";13;"A";4.48;"A";91.83;"A";1013.78;"A";0;"A";6;"A";14;"A";426;"A";0;"A";126.67;"A"
"2025-01-23 21:45";96.71;"A";4213;"A";76.85;"A";52.97;"A";46.65;"A";12.53;"A";59.98;"A";13;"A";4.47;"A";92.11;"A";1013.73;"A";0;"A";5;"A";14;"A";372;"A";0;"A";136.67;"A"
"2025-01-23 22:00";96.71;"A";4212.87;"A";67.51;"A";46.56;"A";41.01;"A";12.6;"A";59.97;"A";13;"A";4.49;"A";92.31;"A";1013.73;"A";0;"A";5;"A";13;"A";340;"A";0;"A";133.33;"A"
"2025-01-23 22:15";96.71;"A";4212.87;"A";65.49;"A";45.17;"A";39.78;"A";12.56;"A";60.02;"A";13;"A";4.43;"A";92.44;"A";1013.73;"A";0;"A";5;"A";14;"A";345;"A";0;"A";93.33;"A"
"2025-01-23 22:30";96.71;"A";4213.07;"A";63.03;"A";43.48;"A";38.3;"A";12.58;"A";59.99;"A";13;"A";4.45;"A";92.37;"A";1013.71;"A";0;"A";7;"A";14;"A";355;"A";0;"A";183.33;"A"
"2025-01-23 22:45";96.71;"A";4212.87;"A";58.16;"A";40.14;"A";35.36;"A";12.52;"A";60.04;"A";13;"A";4.52;"A";91.88;"A";1013.59;"A";0;"A";6;"A";14;"A";319;"A";0;"A";223.33;"A"
"2025-01-23 23:00";96.71;"A";4212.87;"A";62.7;"A";43.26;"A";38.1;"A";12.59;"A";59.95;"A";13;"A";4.56;"A";91.86;"A";1013.84;"A";0;"A";5;"A";14;"A";316;"A";0;"A";230;"A"
"2025-01-23 23:15";96.71;"A";4212.8;"A";64.76;"A";44.67;"A";39.35;"A";12.58;"A";60.03;"A";14;"A";4.63;"A";91.74;"A";1013.72;"A";0;"A";5;"A";15;"A";330;"A";0;"A";320;"A"
"2025-01-23 23:30";96.71;"A";4213;"A";74.61;"A";51.43;"A";45.29;"A";12.72;"A";60.03;"A";13;"A";4.71;"A";91.91;"A";1013.57;"A";0;"A";7;"A";13;"A";393;"A";0;"A";256.67;"A"
"2025-01-23 23:45";96.7;"A";4213;"A";65.57;"A";45.23;"A";39.83;"A";12.86;"A";60;"A";12;"A";4.79;"A";92.19;"A";1013.43;"A";0;"A";6;"A";12;"A";347;"A";0;"A";200;"A"
"2025-01-24 00:00";96.7;"A";4212.93;"A";60.98;"A";42.08;"A";37.06;"A";12.96;"A";59.97;"A";11;"A";4.8;"A";92.44;"A";1013.53;"A";1;"A";7;"A";10;"A";383;"A";0;"A";133.33;"A"
"2025-01-24 00:15";96.7;"A";4213;"A";58.51;"A";40.38;"A";35.57;"A";12.96;"A";59.97;"A";11;"A";4.91;"A";91.87;"A";1013.51;"A";0;"A";7;"A";10;"A";312;"A";0;"A";130;"A"
"2025-01-24 00:30";96.7;"A";4212.93;"A";52.06;"A";35.96;"A";31.67;"A";12.91;"A";59.98;"A";11;"A";4.91;"A";91.56;"A";1013.43;"A";1;"A";6;"A";9;"A";240;"A";0;"A";170;"A"
"2025-01-24 00:45";96.7;"A";4212.73;"A";50.79;"A";35.09;"A";30.91;"A";12.98;"A";59.98;"A";10;"A";4.89;"A";91.95;"A";1013.4;"A";1;"A";7;"A";9;"A";232;"A";0;"A";163.33;"A"
"2025-01-24 01:00";96.7;"A";4212.87;"A";48.97;"A";33.84;"A";29.8;"A";12.92;"A";60.03;"A";10;"A";4.89;"A";91.91;"A";1013.44;"A";1;"A";6;"A";9;"A";219;"A";0;"A";180;"A"
"2025-01-24 01:15";96.69;"A";4212.93;"A";50.72;"A";35.04;"A";30.86;"A";12.98;"A";59.99;"A";10;"A";4.93;"A";91.92;"A";1013.6;"A";1;"A";6;"A";9;"A";205;"A";0;"A";193.33;"A"
"2025-01-24 01:30";96.69;"A";4212.87;"A";51.85;"A";35.82;"A";31.54;"A";12.99;"A";60;"A";10;"A";4.92;"A";91.94;"A";1013.76;"A";1;"A";6;"A";9;"A";208;"A";0;"A";196.67;"A"
"2025-01-24 01:45";96.69;"A";4212.87;"A";54.06;"A";37.33;"A";32.88;"A";13.06;"A";59.96;"A";10;"A";4.93;"A";92.27;"A";1013.84;"A";1;"A";6;"A";9;"A";212;"A";0;"A";140;"A"
"2025-01-24 02:00";96.69;"A";4213.07;"A";56.4;"A";38.94;"A";34.29;"A";13.05;"A";60.01;"A";10;"A";4.98;"A";92;"A";1013.81;"A";1;"A";6;"A";9;"A";225;"A";0;"A";190;"A"
"2025-01-24 02:15";96.69;"A";4213;"A";56.02;"A";38.68;"A";34.07;"A";13.1;"A";60;"A";11;"A";5.02;"A";92.05;"A";1013.76;"A";1;"A";7;"A";9;"A";274;"A";0;"A";140;"A"
"2025-01-24 02:30";96.69;"A";4212.93;"A";78.5;"A";54.1;"A";47.64;"A";13.14;"A";59.98;"A";11;"A";5.03;"A";92.09;"A";1013.68;"A";1;"A";7;"A";11;"A";588;"A";0;"A";236.67;"A"
"2025-01-24 02:45";96.69;"A";4212.8;"A";86.46;"A";59.56;"A";52.45;"A";13.14;"A";60.01;"A";11;"A";5;"A";92.27;"A";1013.6;"A";0;"A";6;"A";11;"A";575;"A";0;"A";203.33;"A"
"2025-01-24 03:00";96.69;"A";4212.87;"A";80.43;"A";55.42;"A";48.81;"A";13.12;"A";60.01;"A";11;"A";4.97;"A";92.28;"A";1013.48;"A";0;"A";6;"A";12;"A";476;"A";0;"A";133.33;"A"
"2025-01-24 03:15";96.69;"A";4212.8;"A";77.12;"A";53.15;"A";46.81;"A";13.13;"A";59.98;"A";11;"A";5;"A";92.31;"A";1013.51;"A";0;"A";6;"A";12;"A";468;"A";0;"A";136.67;"A"
"2025-01-24 03:30";96.69;"A";4212.8;"A";80.16;"A";55.24;"A";48.65;"A";13.15;"A";59.97;"A";11;"A";5.02;"A";92.2;"A";1013.47;"A";0;"A";8;"A";12;"A";827;"A";0;"A";173.33;"A"
"2025-01-24 03:45";96.69;"A";4212.87;"A";86.83;"A";59.81;"A";52.68;"A";13.14;"A";60.01;"A";10;"A";4.97;"A";92.46;"A";1013.58;"A";0;"A";7;"A";11;"A";729;"A";0;"A";140;"A"
"2025-01-24 04:00";96.69;"A";4212.87;"A";88.37;"A";60.87;"A";53.61;"A";13.1;"A";59.98;"A";11;"A";4.98;"A";92.26;"A";1013.54;"A";0;"A";6;"A";11;"A";449;"A";0;"A";180;"A"
"2025-01-24 04:15";96.68;"A";4213.07;"A";84.69;"A";58.35;"A";51.39;"A";13.06;"A";60.02;"A";11;"A";4.92;"A";92.36;"A";1013.73;"A";0;"A";6;"A";11;"A";357;"A";0;"A";180;"A"
"2025-01-24 04:30";96.68;"A";4212.87;"A";88.84;"A";61.19;"A";53.89;"A";13.08;"A";59.96;"A";11;"A";4.94;"A";92.38;"A";1013.79;"A";0;"A";7;"A";12;"A";415;"A";0;"A";190;"A"
"2025-01-24 04:45";96.68;"A";4213;"A";89.18;"A";61.43;"A";54.1;"A";13.03;"A";60.04;"A";11;"A";4.9;"A";92.55;"A";1013.7;"A";0;"A";7;"A";12;"A";377;"A";0;"A";133.33;"A"
"2025-01-24 05:00";96.68;"A";4212.87;"A";76.61;"A";52.8;"A";46.5;"A";13.03;"A";59.99;"A";11;"A";4.94;"A";92.03;"A";1013.71;"A";0;"A";6;"A";12;"A";348;"A";0;"A";203.33;"A"
"2025-01-24 05:15";96.68;"A";4212.87;"A";77.28;"A";53.26;"A";46.91;"A";13;"A";59.97;"A";11;"A";4.96;"A";92.05;"A";1013.81;"A";0;"A";6;"A";12;"A";389;"A";0;"A";146.67;"A"
"2025-01-24 05:30";96.68;"A";4212.93;"A";84.76;"A";58.39;"A";51.43;"A";12.97;"A";60;"A";11;"A";4.92;"A";92.09;"A";1013.83;"A";0;"A";7;"A";12;"A";601;"A";0;"A";236.67;"A"
"2025-01-24 05:45";96.68;"A";4212.87;"A";79.2;"A";54.58;"A";48.07;"A";13.02;"A";59.97;"A";10;"A";4.89;"A";92.29;"A";1013.77;"A";0;"A";8;"A";11;"A";462;"A";0;"A";123.33;"A"
"2025-01-24 06:00";96.68;"A";4213.07;"A";75.71;"A";52.19;"A";45.96;"A";13;"A";60;"A";10;"A";4.91;"A";92.22;"A";1013.67;"A";0;"A";7;"A";11;"A";367;"A";0;"A";176.67;"A"
"2025-01-24 06:15";96.67;"A";4213;"A";62.91;"A";43.4;"A";38.23;"A";12.99;"A";60.01;"A";11;"A";5.01;"A";91.82;"A";1013.8;"A";0;"A";7;"A";11;"A";334;"A";0;"A";113.33;"A"
"2025-01-24 06:30";96.67;"A";4212.87;"A";62.4;"A";43.05;"A";37.92;"A";13.04;"A";59.95;"A";11;"A";5;"A";91.76;"A";1014.02;"A";0;"A";6;"A";11;"A";426;"A";0;"A";160;"A"
"2025-01-24 06:45";96.67;"A";4212.87;"A";67.86;"A";46.8;"A";41.22;"A";13.02;"A";59.97;"A";11;"A";5.09;"A";91.44;"A";1013.92;"A";0;"A";8;"A";12;"A";788;"A";0;"A";266.67;"A"
"2025-01-24 07:00";96.67;"A";4212.87;"A";71.94;"A";49.6;"A";43.68;"A";13.04;"A";59.99;"A";11;"A";5.08;"A";91.35;"A";1014.01;"A";0;"A";10;"A";12;"A";977;"A";0;"A";190;"A"
"2025-01-24 07:15";96.67;"A";4212.87;"A";79.94;"A";55.09;"A";48.51;"A";12.96;"A";60.04;"A";11;"A";5.06;"A";91.43;"A";1014.07;"A";0;"A";8;"A";12;"A";870;"A";0;"A";160;"A"
"2025-01-24 07:30";96.67;"A";4212.93;"A";83.2;"A";57.32;"A";50.48;"A";12.98;"A";60.04;"A";11;"A";5;"A";91.67;"A";1014.25;"A";0;"A";8;"A";12;"A";666;"A";0;"A";126.67;"A"
"2025-01-24 07:45";96.67;"A";4212.87;"A";93.65;"A";64.49;"A";56.8;"A";13.03;"A";59.98;"A";12;"A";5.05;"A";91.53;"A";1014.41;"A";0;"A";8;"A";13;"A";618;"A";0;"A";183.33;"A"
"2025-01-24 08:00";96.67;"A";4212.87;"A";101.32;"A";69.76;"A";61.43;"A";12.96;"A";59.99;"A";12;"A";4.97;"A";91.66;"A";1014.34;"A";0;"A";8;"A";13;"A";456;"A";0;"A";130;"A"
"2025-01-24 08:15";96.67;"A";4213;"A";89.3;"A";61.51;"A";54.17;"A";13;"A";59.97;"A";12;"A";5;"A";91.68;"A";1014.48;"A";0;"A";8;"A";12;"A";396;"A";0;"A";130;"A"
"2025-01-24 08:30";96.66;"A";4213;"A";80.82;"A";55.69;"A";49.05;"A";13.02;"A";59.98;"A";12;"A";5.02;"A";91.57;"A";1014.56;"A";0;"A";8;"A";13;"A";437;"A";0;"A";186.67;"A"
"2025-01-24 08:45";96.66;"A";4212.93;"A";77.13;"A";53.16;"A";46.82;"A";13.09;"A";59.98;"A";12;"A";5.12;"A";91.45;"A";1014.57;"A";0;"A";10;"A";13;"A";522;"A";0;"A";183.33;"A"
"2025-01-24 09:00";96.66;"A";4212.87;"A";87.28;"A";60.13;"A";52.95;"A";13.12;"A";59.89;"A";12;"A";5.22;"A";90.88;"A";1014.58;"A";0;"A";8;"A";12;"A";568;"A";0;"A";233.33;"A"
"2025-01-24 09:15";96.66;"A";4212.8;"A";113.03;"A";77.79;"A";68.51;"A";13.04;"A";60.04;"A";11;"A";5.25;"A";90.89;"A";1014.52;"A";0;"A";9;"A";12;"A";545;"A";0;"A";310;"A"
"2025-01-24 09:30";96.66;"A";4212.93;"A";126.93;"A";87.32;"A";76.9;"A";13.05;"A";60.04;"A";12;"A";5.31;"A";90.41;"A";1014.49;"A";0;"A";8;"A";13;"A";582;"A";0;"A";293.33;"A"
"2025-01-24 09:45";96.66;"A";4212.87;"A";166.57;"A";114.52;"A";100.85;"A";13.17;"A";59.98;"A";13;"A";5.42;"A";90.35;"A";1014.62;"A";0;"A";9;"A";13;"A";683;"A";0;"A";110;"A"
"2025-01-24 10:00";96.66;"A";4212.87;"A";145.51;"A";100.07;"A";88.13;"A";13.17;"A";60.02;"A";13;"A";5.52;"A";90.1;"A";1014.71;"A";0;"A";9;"A";14;"A";516;"A";0;"A";250;"A"
"2025-01-24 10:15";96.66;"A";4212.93;"A";131.44;"A";90.42;"A";79.63;"A";13.26;"A";59.97;"A";13;"A";5.65;"A";89.59;"A";1014.63;"A";0;"A";9;"A";14;"A";401;"A";0;"A";173.33;"A"
"2025-01-24 10:30";96.66;"A";4212.87;"A";95.53;"A";65.78;"A";57.93;"A";13.37;"A";59.99;"A";13;"A";5.79;"A";89.52;"A";1014.85;"A";0;"A";7;"A";13;"A";372;"A";0.33;"A";260;"A"
"2025-01-24 10:45";96.66;"A";4212.8;"A";101.32;"A";69.75;"A";61.43;"A";13.55;"A";59.93;"A";13;"A";5.91;"A";89.75;"A";1014.72;"A";0;"A";8;"A";13;"A";441;"A";0.33;"A";216.67;"A"
"2025-01-24 11:00";96.65;"A";4212.8;"A";98.34;"A";67.71;"A";59.63;"A";13.73;"A";60.06;"A";13;"A";6.1;"A";89.59;"A";1014.56;"A";0;"A";7;"A";13;"A";389;"A";0;"A";150;"A"
"2025-01-24 11:15";96.65;"A";4212.8;"A";94.5;"A";65.07;"A";57.31;"A";13.74;"A";59.96;"A";13;"A";6.24;"A";88.83;"A";1014.36;"A";0;"A";9;"A";14;"A";713;"A";0;"A";133.33;"A"
"2025-01-24 11:30";96.65;"A";4212.8;"A";94.95;"A";65.38;"A";57.58;"A";13.82;"A";60.01;"A";13;"A";6.44;"A";88.87;"A";1014.42;"A";0;"A";11;"A";13;"A";1138;"A";0;"A";193.33;"A"
"2025-01-24 11:45";96.65;"A";4212.87;"A";65.34;"A";45.07;"A";39.7;"A";14.05;"A";59.89;"A";12;"A";6.58;"A";88.58;"A";1014.47;"A";1;"A";8;"A";12;"A";470;"A";0;"A";90;"A"
"2025-01-24 12:00";96.65;"A";4212.93;"A";57.13;"A";39.44;"A";34.73;"A";14.04;"A";60.03;"A";10;"A";6.59;"A";88.48;"A";1014.57;"A";1;"A";8;"A";9;"A";214;"A";0;"A";196.67;"A"
"2025-01-24 12:15";96.65;"A";4212.93;"A";55.89;"A";38.59;"A";33.99;"A";14.05;"A";60.02;"A";11;"A";6.64;"A";88.21;"A";1014.59;"A";2;"A";7;"A";9;"A";241;"A";0;"A";116.67;"A"
"2025-01-24 12:30";96.65;"A";4212.87;"A";38.39;"A";26.58;"A";23.41;"A";14.1;"A";60.03;"A";11;"A";6.59;"A";88.78;"A";1014.52;"A";3;"A";7;"A";8;"A";230;"A";0;"A";206.67;"A"
"2025-01-24 12:45";96.65;"A";4212.87;"A";29.64;"A";20.58;"A";18.13;"A";14.09;"A";60.03;"A";11;"A";6.59;"A";88.6;"A";1014.42;"A";4;"A";7;"A";8;"A";179;"A";0;"A";316.67;"A"
"2025-01-24 13:00";96.65;"A";4212.87;"A";29.97;"A";20.8;"A";18.32;"A";14.06;"A";59.91;"A";13;"A";6.61;"A";88.27;"A";1014.35;"A";5;"A";5;"A";8;"A";180;"A";0;"A";253.33;"A"
"2025-01-24 13:15";96.65;"A";4212.93;"A";30.94;"A";21.47;"A";18.91;"A";14.02;"A";60.05;"A";13;"A";6.63;"A";88.53;"A";1014.28;"A";6;"A";6;"A";7;"A";200;"A";0;"A";126.67;"A"
"2025-01-24 13:30";96.65;"A";4212.73;"A";39.82;"A";27.56;"A";24.28;"A";14.2;"A";60.01;"A";13;"A";6.58;"A";89.18;"A";1014.21;"A";4;"A";5;"A";9;"A";187;"A";0;"A";313.33;"A"
"2025-01-24 13:45";96.64;"A";4212.93;"A";45.52;"A";31.48;"A";27.72;"A";14.15;"A";59.94;"A";16;"A";6.49;"A";89.05;"A";1014.19;"A";4;"A";4;"A";11;"A";201;"A";0;"A";173.33;"A"
"2025-01-24 14:00";96.64;"A";4212.93;"A";39.46;"A";27.32;"A";24.06;"A";13.83;"A";60.05;"A";19;"A";6.57;"A";87.57;"A";1014.05;"A";6;"A";3;"A";12;"A";182;"A";0;"A";233.33;"A"
"2025-01-24 14:15";96.64;"A";4212.93;"A";40.46;"A";28;"A";24.66;"A";13.96;"A";59.94;"A";20;"A";6.83;"A";87.26;"A";1013.9;"A";6;"A";2;"A";13;"A";172;"A";0;"A";183.33;"A"
"2025-01-24 14:30";96.64;"A";4212.8;"A";44.24;"A";30.59;"A";26.95;"A";13.91;"A";59.99;"A";21;"A";6.94;"A";86.13;"A";1013.8;"A";6;"A";2;"A";15;"A";171;"A";0;"A";240;"A"
"2025-01-24 14:45";96.64;"A";4212.87;"A";46.14;"A";31.9;"A";28.09;"A";13.78;"A";59.98;"A";21;"A";7.06;"A";85.15;"A";1013.72;"A";7;"A";2;"A";14;"A";182;"A";0;"A";226.67;"A"
"2025-01-24 15:00";96.64;"A";4212.87;"A";50.17;"A";34.66;"A";30.53;"A";13.86;"A";59.91;"A";20;"A";7.15;"A";84.62;"A";1013.65;"A";10;"A";3;"A";10;"A";213;"A";0;"A";240;"A"
"2025-01-24 15:15";96.64;"A";4212.8;"A";66.83;"A";46.09;"A";40.6;"A";13.78;"A";60.02;"A";20;"A";7.17;"A";84.26;"A";1013.63;"A";10;"A";3;"A";10;"A";310;"A";0;"A";190;"A"
"2025-01-24 15:30";96.64;"A";4212.87;"A";88.59;"A";61.02;"A";53.74;"A";13.76;"A";60.05;"A";21;"A";7.09;"A";84.85;"A";1013.69;"A";8;"A";3;"A";13;"A";510;"A";0;"A";86.67;"A"
"2025-01-24 15:45";96.64;"A";4212.8;"A";80.26;"A";55.31;"A";48.71;"A";13.92;"A";59.95;"A";21;"A";7.13;"A";85.55;"A";1013.76;"A";7;"A";3;"A";13;"A";445;"A";0.33;"A";226.67;"A"
"2025-01-24 16:00";96.64;"A";4212.87;"A";65.06;"A";44.88;"A";39.53;"A";14.02;"A";60.02;"A";20;"A";7.09;"A";85.85;"A";1013.84;"A";8;"A";3;"A";13;"A";333;"A";0;"A";196.67;"A"
"2025-01-24 16:15";96.64;"A";4212.93;"A";59.16;"A";40.83;"A";35.96;"A";14.08;"A";59.98;"A";20;"A";7.04;"A";86.47;"A";1013.79;"A";7;"A";3;"A";13;"A";247;"A";0;"A";260;"A"
"2025-01-24 16:30";96.64;"A";4212.87;"A";56.4;"A";38.93;"A";34.29;"A";14.15;"A";60;"A";18;"A";6.95;"A";87.12;"A";1013.93;"A";5;"A";4;"A";13;"A";250;"A";0;"A";100;"A"
"2025-01-24 16:45";96.63;"A";4212.87;"A";55.32;"A";38.2;"A";33.64;"A";14.16;"A";60.05;"A";18;"A";6.89;"A";87.53;"A";1014.11;"A";5;"A";4;"A";13;"A";300;"A";0;"A";120;"A"
"2025-01-24 17:00";96.63;"A";4212.87;"A";56.1;"A";38.73;"A";34.11;"A";14.19;"A";60.01;"A";19;"A";6.89;"A";87.76;"A";1014.12;"A";3;"A";4;"A";16;"A";330;"A";0;"A";113.33;"A"
"2025-01-24 17:15";96.63;"A";4212.87;"A";56.37;"A";38.91;"A";34.27;"A";14.17;"A";60;"A";19;"A";6.86;"A";87.74;"A";1014.11;"A";4;"A";4;"A";15;"A";305;"A";0;"A";306.67;"A"
"2025-01-24 17:30";96.63;"A";4212.8;"A";61.09;"A";42.16;"A";37.13;"A";14.05;"A";60.08;"A";20;"A";6.87;"A";86.61;"A";1014.16;"A";4;"A";4;"A";16;"A";333;"A";0;"A";183.33;"A"
"2025-01-24 17:45";96.63;"A";4212.87;"A";58.95;"A";40.69;"A";35.83;"A";13.99;"A";59.94;"A";21;"A";6.83;"A";86.86;"A";1014.24;"A";6;"A";3;"A";15;"A";311;"A";0;"A";250;"A"
"2025-01-24 18:00";96.63;"A";4212.93;"A";62.75;"A";43.29;"A";38.13;"A";13.96;"A";59.83;"A";22;"A";6.85;"A";86.36;"A";1014.15;"A";4;"A";3;"A";17;"A";347;"A";0;"A";246.67;"A"
"2025-01-24 18:15";96.63;"A";4213.07;"A";71.87;"A";49.55;"A";43.64;"A";13.8;"A";60.04;"A";27;"A";7.02;"A";85.25;"A";1014.26;"A";1;"A";2;"A";27;"A";542;"A";0;"A";290;"A"
"2025-01-24 18:30";96.63;"A";4212.8;"A";71.07;"A";49;"A";43.16;"A";13.96;"A";60.03;"A";27;"A";7.02;"A";85.87;"A";1014.33;"A";0;"A";2;"A";28;"A";502;"A";0;"A";253.33;"A"
"2025-01-24 18:45";96.63;"A";4212.8;"A";71.07;"A";49;"A";43.16;"A";14.04;"A";59.94;"A";23;"A";6.99;"A";86.72;"A";1014.47;"A";1;"A";3;"A";23;"A";395;"A";0;"A";150;"A"
"2025-01-24 19:00";96.63;"A";4212.87;"A";74.98;"A";51.68;"A";45.52;"A";14.09;"A";60.05;"A";22;"A";6.95;"A";87.19;"A";1014.51;"A";3;"A";3;"A";19;"A";337;"A";0;"A";303.33;"A"
"2025-01-24 19:15";96.63;"A";4212.87;"A";77.48;"A";53.4;"A";47.03;"A";14.34;"A";60.03;"A";21;"A";6.84;"A";88.43;"A";1014.57;"A";0;"A";3;"A";22;"A";423;"A";0;"A";180;"A"
"2025-01-24 19:30";96.63;"A";4212.87;"A";79.1;"A";54.51;"A";48.01;"A";14.31;"A";59.94;"A";25;"A";6.88;"A";87.88;"A";1014.61;"A";0;"A";3;"A";27;"A";564;"A";0;"A";240;"A"
"2025-01-24 19:45";96.63;"A";4212.8;"A";81.6;"A";56.22;"A";49.52;"A";14.33;"A";60;"A";23;"A";6.78;"A";88.37;"A";1014.61;"A";0;"A";4;"A";25;"A";562;"A";0;"A";186.67;"A"
"2025-01-24 20:00";96.62;"A";4212.93;"A";68.84;"A";47.47;"A";41.81;"A";14.11;"A";59.97;"A";21;"A";6.83;"A";87.06;"A";1014.55;"A";2;"A";4;"A";19;"A";352;"A";0;"A";186.67;"A"
"2025-01-24 20:15";96.62;"A";4213;"A";74.39;"A";51.28;"A";45.16;"A";14.07;"A";59.96;"A";20;"A";6.76;"A";87.76;"A";1014.57;"A";4;"A";4;"A";16;"A";336;"A";0;"A";186.67;"A"
"2025-01-24 20:30";96.62;"A";4212.8;"A";80.11;"A";55.2;"A";48.62;"A";14.04;"A";60;"A";20;"A";6.75;"A";87.79;"A";1014.57;"A";3;"A";4;"A";17;"A";362;"A";0;"A";280;"A"
"2025-01-24 20:45";96.62;"A";4212.93;"A";73.88;"A";50.93;"A";44.85;"A";13.95;"A";60.07;"A";20;"A";6.71;"A";87.17;"A";1014.52;"A";6;"A";4;"A";14;"A";299;"A";0;"A";240;"A"
"2025-01-24 21:00";96.62;"A";4212.87;"A";70.54;"A";48.64;"A";42.83;"A";13.93;"A";60.06;"A";21;"A";6.65;"A";87.7;"A";1014.55;"A";5;"A";3;"A";16;"A";247;"A";0;"A";276.67;"A"
"2025-01-24 21:15";96.62;"A";4212.67;"A";70.92;"A";48.9;"A";43.07;"A";14.01;"A";60.01;"A";20;"A";6.59;"A";88.12;"A";1014.39;"A";5;"A";3;"A";15;"A";220;"A";0;"A";133.33;"A"
"2025-01-24 21:30";96.62;"A";4212.93;"A";69.95;"A";48.23;"A";42.48;"A";14.05;"A";60.07;"A";21;"A";6.55;"A";88.59;"A";1014.55;"A";4;"A";8;"A";17;"A";704;"A";0;"A";110;"A"
"2025-01-24 21:45";96.62;"A";4212.87;"A";70.4;"A";48.54;"A";42.75;"A";14.1;"A";60.02;"A";20;"A";6.5;"A";89.09;"A";1014.57;"A";4;"A";3;"A";16;"A";210;"A";0;"A";190;"A"
"2025-01-24 22:00";96.62;"A";4212.87;"A";66.86;"A";46.12;"A";40.61;"A";14.29;"A";59.97;"A";20;"A";6.45;"A";89.99;"A";1014.57;"A";3;"A";3;"A";17;"A";200;"A";0;"A";183.33;"A"
"2025-01-24 22:15";96.62;"A";4213;"A";64.44;"A";44.45;"A";39.15;"A";14.27;"A";59.99;"A";19;"A";6.46;"A";90.14;"A";1014.55;"A";2;"A";3;"A";18;"A";205;"A";0;"A";100;"A"
"2025-01-24 22:30";96.62;"A";4212.8;"A";64.43;"A";44.45;"A";39.15;"A";14.33;"A";59.96;"A";19;"A";6.46;"A";90.33;"A";1014.44;"A";1;"A";3;"A";18;"A";219;"A";0;"A";190;"A"
"2025-01-24 22:45";96.61;"A";4212.87;"A";62.82;"A";43.34;"A";38.17;"A";14.33;"A";60.04;"A";19;"A";6.43;"A";90.73;"A";1014.41;"A";0;"A";3;"A";19;"A";239;"A";0;"A";140;"A"
"2025-01-24 23:00";96.61;"A";4212.8;"A";61.62;"A";42.52;"A";37.45;"A";14.39;"A";60.05;"A";19;"A";6.4;"A";91.15;"A";1014.38;"A";0;"A";4;"A";20;"A";224;"A";0;"A";183.33;"A"
"2025-01-24 23:15";96.61;"A";4212.87;"A";64.33;"A";44.38;"A";39.08;"A";14.47;"A";60.01;"A";18;"A";6.41;"A";91.48;"A";1014.49;"A";0;"A";3;"A";19;"A";257;"A";0;"A";136.67;"A"
"2025-01-24 23:30";96.61;"A";4212.8;"A";66.48;"A";45.85;"A";40.38;"A";14.58;"A";59.98;"A";18;"A";6.46;"A";91.68;"A";1014.5;"A";0;"A";4;"A";19;"A";233;"A";0;"A";236.67;"A"
"2025-01-24 23:45";96.61;"A";4212.73;"A";71.85;"A";49.54;"A";43.63;"A";14.63;"A";60.01;"A";17;"A";6.44;"A";92.04;"A";1014.49;"A";0;"A";4;"A";19;"A";228;"A";0;"A";193.33;"A"
"2025-01-25 00:00";96.61;"A";4213;"A";84.36;"A";58.12;"A";51.18;"A";14.71;"A";60.03;"A";17;"A";6.52;"A";92.29;"A";1014.46;"A";0;"A";4;"A";19;"A";252;"A";0;"A";283.33;"A"
"2025-01-25 00:15";96.6;"A";4212.87;"A";100.63;"A";69.28;"A";61.01;"A";14.94;"A";59.96;"A";16;"A";6.63;"A";92.61;"A";1014.61;"A";0;"A";4;"A";16;"A";267;"A";0;"A";163.33;"A"
"2025-01-25 00:30";96.6;"A";4212.87;"A";106.79;"A";73.5;"A";64.73;"A";14.99;"A";59.99;"A";14;"A";6.73;"A";92.39;"A";1014.55;"A";2;"A";5;"A";11;"A";265;"A";0;"A";193.33;"A"
"2025-01-25 00:45";96.6;"A";4212.87;"A";104.67;"A";72.05;"A";63.46;"A";14.97;"A";59.99;"A";14;"A";6.7;"A";92.54;"A";1014.55;"A";1;"A";5;"A";13;"A";257;"A";0;"A";136.67;"A"
"2025-01-25 01:00";96.6;"A";4212.87;"A";102.1;"A";70.29;"A";61.91;"A";14.98;"A";59.99;"A";17;"A";6.63;"A";92.66;"A";1014.66;"A";0;"A";4;"A";17;"A";251;"A";0;"A";133.33;"A"
"2025-01-25 01:15";96.6;"A";4212.87;"A";103.06;"A";70.95;"A";62.48;"A";14.98;"A";60.02;"A";17;"A";6.64;"A";92.87;"A";1014.6;"A";0;"A";4;"A";18;"A";250;"A";0;"A";190;"A"
"2025-01-25 01:30";96.6;"A";4212.8;"A";105.04;"A";72.3;"A";63.68;"A";15.01;"A";59.97;"A";17;"A";6.67;"A";92.78;"A";1014.75;"A";0;"A";4;"A";18;"A";234;"A";0;"A";213.33;"A"
"2025-01-25 01:45";96.6;"A";4212.87;"A";104.51;"A";71.94;"A";63.36;"A";14.99;"A";59.98;"A";16;"A";6.68;"A";92.8;"A";1014.77;"A";0;"A";4;"A";18;"A";238;"A";0;"A";196.67;"A"
"2025-01-25 02:00";96.6;"A";4212.93;"A";105.74;"A";72.78;"A";64.1;"A";15.04;"A";60;"A";17;"A";6.76;"A";92.67;"A";1014.82;"A";0;"A";4;"A";18;"A";245;"A";0;"A";233.33;"A"
"2025-01-25 02:15";96.6;"A";4212.93;"A";105.64;"A";72.72;"A";64.04;"A";15.05;"A";59.98;"A";17;"A";6.76;"A";92.49;"A";1014.96;"A";1;"A";4;"A";16;"A";253;"A";0;"A";166.67;"A"
"2025-01-25 02:30";96.59;"A";4212.73;"A";104.4;"A";71.87;"A";63.29;"A";15.04;"A";60;"A";14;"A";6.84;"A";92.19;"A";1014.95;"A";3;"A";5;"A";11;"A";254;"A";0;"A";250;"A"
"2025-01-25 02:45";96.59;"A";4212.93;"A";101.54;"A";69.9;"A";61.56;"A";15.07;"A";59.97;"A";15;"A";6.87;"A";91.93;"A";1015.03;"A";5;"A";5;"A";10;"A";239;"A";0;"A";160;"A"
"2025-01-25 03:00";96.59;"A";4212.8;"A";86.19;"A";59.37;"A";52.29;"A";14.84;"A";59.9;"A";16;"A";6.86;"A";90.7;"A";1015.03;"A";9;"A";4;"A";7;"A";194;"A";0;"A";233.33;"A"
"2025-01-25 03:15";96.59;"A";4212.93;"A";77.67;"A";53.53;"A";47.15;"A";14.63;"A";60.02;"A";18;"A";6.83;"A";90.2;"A";1015.04;"A";11;"A";4;"A";7;"A";175;"A";0;"A";176.67;"A"
"2025-01-25 03:30";96.59;"A";4212.87;"A";77.12;"A";53.15;"A";46.81;"A";14.62;"A";60;"A";17;"A";6.79;"A";90.17;"A";1015.05;"A";11;"A";3;"A";6;"A";177;"A";0;"A";233.33;"A"
"2025-01-25 03:45";96.59;"A";4212.87;"A";80.52;"A";55.48;"A";48.87;"A";14.62;"A";60.04;"A";17;"A";6.76;"A";90.57;"A";1015.08;"A";12;"A";4;"A";5;"A";181;"A";0;"A";250;"A"
"2025-01-25 04:00";96.59;"A";4213;"A";84.32;"A";58.09;"A";51.16;"A";14.69;"A";60.02;"A";17;"A";6.71;"A";91.18;"A";1015.1;"A";13;"A";3;"A";5;"A";181;"A";0;"A";176.67;"A"
"2025-01-25 04:15";96.59;"A";4212.8;"A";82.81;"A";57.06;"A";50.25;"A";14.69;"A";59.99;"A";17;"A";6.66;"A";91.19;"A";1015.11;"A";12;"A";3;"A";5;"A";181;"A";0.33;"A";346.67;"A"
"2025-01-25 04:30";96.59;"A";4212.87;"A";77.78;"A";53.61;"A";47.21;"A";14.57;"A";59.99;"A";18;"A";6.59;"A";90.99;"A";1015.25;"A";12;"A";3;"A";5;"A";179;"A";0;"A";80;"A"
"2025-01-25 04:45";96.59;"A";4212.8;"A";76.72;"A";52.88;"A";46.57;"A";14.56;"A";59.99;"A";17;"A";6.62;"A";90.93;"A";1015.32;"A";12;"A";3;"A";6;"A";180;"A";0;"A";326.67;"A"
"2025-01-25 05:00";96.58;"A";4212.8;"A";77.68;"A";53.53;"A";47.15;"A";14.58;"A";60;"A";17;"A";6.62;"A";91.11;"A";1015.3;"A";12;"A";3;"A";5;"A";181;"A";0;"A";333.33;"A"
"2025-01-25 05:15";96.58;"A";4212.87;"A";81.31;"A";56.03;"A";49.34;"A";14.64;"A";60.02;"A";17;"A";6.6;"A";91.56;"A";1015.38;"A";11;"A";3;"A";5;"A";187;"A";0;"A";236.67;"A"
"2025-01-25 05:30";96.58;"A";4212.8;"A";86.05;"A";59.28;"A";52.2;"A";14.71;"A";59.98;"A";16;"A";6.52;"A";92.09;"A";1015.45;"A";11;"A";4;"A";5;"A";193;"A";0;"A";266.67;"A"
"2025-01-25 05:45";96.58;"A";4212.87;"A";82.52;"A";56.86;"A";50.07;"A";14.62;"A";59.94;"A";16;"A";6.54;"A";91.4;"A";1015.67;"A";10;"A";4;"A";6;"A";205;"A";0;"A";246.67;"A"
"2025-01-25 06:00";96.58;"A";4213;"A";78.02;"A";53.77;"A";47.36;"A";14.49;"A";60.03;"A";16;"A";6.53;"A";91.12;"A";1015.87;"A";11;"A";4;"A";6;"A";212;"A";0;"A";303.33;"A"
"2025-01-25 06:15";96.58;"A";4212.87;"A";77.31;"A";53.28;"A";46.93;"A";14.46;"A";60.01;"A";16;"A";6.53;"A";91;"A";1016.17;"A";10;"A";4;"A";7;"A";232;"A";0;"A";160;"A"
"2025-01-25 06:30";96.58;"A";4212.93;"A";77.34;"A";53.3;"A";46.95;"A";14.51;"A";60;"A";16;"A";6.54;"A";91.35;"A";1016.44;"A";9;"A";3;"A";7;"A";240;"A";0;"A";206.67;"A"
"2025-01-25 06:45";96.58;"A";4212.87;"A";78.96;"A";54.42;"A";47.93;"A";14.55;"A";59.97;"A";16;"A";6.53;"A";91.27;"A";1016.65;"A";8;"A";3;"A";8;"A";238;"A";0;"A";173.33;"A"
"2025-01-25 07:00";96.58;"A";4212.87;"A";70.15;"A";48.37;"A";42.6;"A";14.44;"A";59.97;"A";16;"A";6.51;"A";90.63;"A";1016.87;"A";8;"A";3;"A";8;"A";226;"A";0;"A";170;"A"
"2025-01-25 07:15";96.58;"A";4212.8;"A";59.77;"A";41.25;"A";36.33;"A";14.29;"A";60.02;"A";17;"A";6.5;"A";90.37;"A";1016.98;"A";9;"A";4;"A";8;"A";215;"A";0.33;"A";330;"A"
"2025-01-25 07:30";96.57;"A";4212.87;"A";63.72;"A";43.96;"A";38.72;"A";14.36;"A";60.04;"A";17;"A";6.44;"A";90.87;"A";1017.14;"A";8;"A";4;"A";9;"A";238;"A";0;"A";323.33;"A"
"2025-01-25 07:45";96.57;"A";4212.87;"A";62.61;"A";43.2;"A";38.04;"A";14.34;"A";60;"A";17;"A";6.45;"A";90.77;"A";1017.37;"A";8;"A";4;"A";9;"A";231;"A";0;"A";230;"A"
"2025-01-25 08:00";96.57;"A";4212.93;"A";65;"A";44.83;"A";39.49;"A";14.42;"A";59.99;"A";16;"A";6.47;"A";90.86;"A";1017.52;"A";7;"A";4;"A";9;"A";222;"A";0;"A";253.33;"A"
"2025-01-25 08:15";96.57;"A";4212.93;"A";65.54;"A";45.2;"A";39.81;"A";14.39;"A";59.97;"A";17;"A";6.49;"A";90.8;"A";1017.58;"A";8;"A";4;"A";9;"A";243;"A";0;"A";213.33;"A"
"2025-01-25 08:30";96.57;"A";4212.87;"A";69.46;"A";47.9;"A";42.18;"A";14.51;"A";60.01;"A";17;"A";6.45;"A";91.59;"A";1017.64;"A";7;"A";4;"A";10;"A";262;"A";0;"A";273.33;"A"
"2025-01-25 08:45";96.57;"A";4212.87;"A";72.02;"A";49.66;"A";43.73;"A";14.56;"A";59.96;"A";18;"A";6.5;"A";91.42;"A";1017.87;"A";7;"A";3;"A";11;"A";283;"A";0;"A";316.67;"A"
"2025-01-25 09:00";96.57;"A";4212.8;"A";59.99;"A";41.4;"A";36.46;"A";14.37;"A";59.99;"A";18;"A";6.53;"A";90.33;"A";1017.91;"A";7;"A";4;"A";11;"A";269;"A";0;"A";176.67;"A"
"2025-01-25 09:15";96.57;"A";4212.87;"A";59.69;"A";41.19;"A";36.28;"A";14.39;"A";60.01;"A";18;"A";6.5;"A";90.84;"A";1018;"A";7;"A";3;"A";11;"A";257;"A";0.33;"A";276.67;"A"
"2025-01-25 09:30";96.57;"A";4212.87;"A";60.01;"A";41.41;"A";36.47;"A";14.47;"A";59.94;"A";18;"A";6.59;"A";90.74;"A";1018.14;"A";7;"A";3;"A";11;"A";270;"A";0.33;"A";253.33;"A"
"2025-01-25 09:45";96.57;"A";4212.8;"A";58.37;"A";40.29;"A";35.48;"A";14.45;"A";60.04;"A";17;"A";6.62;"A";90.53;"A";1018.2;"A";7;"A";3;"A";10;"A";233;"A";0;"A";196.67;"A"
"2025-01-25 10:00";96.56;"A";4212.87;"A";57.67;"A";39.81;"A";35.06;"A";14.46;"A";60;"A";16;"A";6.67;"A";90.11;"A";1018.23;"A";8;"A";3;"A";8;"A";215;"A";0;"A";273.33;"A"
"2025-01-25 10:15";96.56;"A";4213;"A";46.41;"A";32.08;"A";28.26;"A";14.34;"A";59.93;"A";17;"A";6.75;"A";89.04;"A";1018.44;"A";9;"A";3;"A";8;"A";218;"A";0.33;"A";200;"A"
"2025-01-25 10:30";96.56;"A";4212.8;"A";46.31;"A";32.01;"A";28.2;"A";14.44;"A";59.97;"A";17;"A";6.82;"A";89.22;"A";1018.22;"A";8;"A";3;"A";9;"A";213;"A";0;"A";333.33;"A"
"2025-01-25 10:45";96.56;"A";4212.87;"A";45.8;"A";31.67;"A";27.89;"A";14.41;"A";59.94;"A";18;"A";6.78;"A";89.33;"A";1018.15;"A";9;"A";3;"A";9;"A";220;"A";0.33;"A";146.67;"A"
"2025-01-25 11:00";96.56;"A";4212.8;"A";44.12;"A";30.52;"A";26.88;"A";14.34;"A";59.99;"A";19;"A";6.98;"A";88.51;"A";1018.28;"A";9;"A";2;"A";10;"A";230;"A";0.33;"A";206.67;"A"
"2025-01-25 11:15";96.56;"A";4212.87;"A";43.09;"A";29.81;"A";26.25;"A";14.46;"A";60.04;"A";18;"A";7.04;"A";88.55;"A";1018.36;"A";9;"A";2;"A";9;"A";225;"A";0;"A";86.67;"A"
"2025-01-25 11:30";96.56;"A";4212.87;"A";43.24;"A";29.91;"A";26.34;"A";14.48;"A";60.08;"A";19;"A";7.09;"A";88.46;"A";1018.33;"A";10;"A";3;"A";8;"A";200;"A";0.33;"A";183.33;"A"
"2025-01-25 11:45";96.56;"A";4212.87;"A";36.37;"A";25.19;"A";22.19;"A";14.5;"A";59.94;"A";19;"A";7.14;"A";88.06;"A";1018.52;"A";9;"A";2;"A";10;"A";195;"A";0;"A";86.67;"A"
"2025-01-25 12:00";96.56;"A";4212.8;"A";35.05;"A";24.29;"A";21.39;"A";14.52;"A";59.96;"A";20;"A";7.22;"A";87.93;"A";1018.61;"A";9;"A";2;"A";11;"A";178;"A";0.33;"A";93.33;"A"
"2025-01-25 12:15";96.56;"A";4213;"A";29.85;"A";20.73;"A";18.25;"A";14.51;"A";59.94;"A";20;"A";7.27;"A";87.22;"A";1018.67;"A";11;"A";2;"A";9;"A";182;"A";0.33;"A";126.67;"A"
"2025-01-25 12:30";96.55;"A";4212.87;"A";30.16;"A";20.94;"A";18.44;"A";14.59;"A";59.98;"A";21;"A";7.44;"A";87.23;"A";1018.65;"A";13;"A";2;"A";8;"A";189;"A";0;"A";53.33;"A"
"2025-01-25 12:45";96.55;"A";4212.87;"A";35.12;"A";24.34;"A";21.44;"A";14.65;"A";60.06;"A";21;"A";7.45;"A";87.4;"A";1018.53;"A";13;"A";2;"A";8;"A";187;"A";0;"A";196.67;"A"
"2025-01-25 13:00";96.55;"A";4212.87;"A";40.87;"A";28.28;"A";24.91;"A";14.77;"A";59.99;"A";22;"A";7.5;"A";87.56;"A";1018.5;"A";12;"A";2;"A";10;"A";191;"A";0.33;"A";163.33;"A"
"2025-01-25 13:15";96.55;"A";4212.8;"A";44.99;"A";31.11;"A";27.4;"A";14.84;"A";59.96;"A";20;"A";7.55;"A";87.42;"A";1018.46;"A";11;"A";2;"A";9;"A";197;"A";0;"A";236.67;"A"
"2025-01-25 13:30";96.55;"A";4212.8;"A";40.51;"A";28.04;"A";24.69;"A";14.77;"A";59.96;"A";20;"A";7.62;"A";86.63;"A";1018.31;"A";12;"A";2;"A";8;"A";198;"A";0;"A";36.67;"A"
"2025-01-25 13:45";96.55;"A";4212.87;"A";39.45;"A";27.31;"A";24.05;"A";14.66;"A";60.03;"A";21;"A";7.63;"A";86.64;"A";1018.4;"A";12;"A";2;"A";9;"A";213;"A";0;"A";170;"A"
"2025-01-25 14:00";96.55;"A";4212.8;"A";42.91;"A";29.68;"A";26.14;"A";14.81;"A";60;"A";21;"A";7.75;"A";86.3;"A";1018.37;"A";12;"A";2;"A";9;"A";228;"A";0;"A";96.67;"A"
"2025-01-25 14:15";96.55;"A";4213;"A";46.26;"A";31.98;"A";28.17;"A";14.87;"A";59.94;"A";22;"A";7.79;"A";86.7;"A";1018.54;"A";12;"A";2;"A";9;"A";222;"A";0.33;"A";203.33;"A"
"2025-01-25 14:30";96.55;"A";4212.87;"A";50.97;"A";35.21;"A";31.01;"A";14.95;"A";59.91;"A";23;"A";7.81;"A";86.65;"A";1018.8;"A";12;"A";2;"A";11;"A";214;"A";0.33;"A";176.67;"A"
"2025-01-25 14:45";96.55;"A";4212.73;"A";46.04;"A";31.83;"A";28.03;"A";14.81;"A";60.06;"A";23;"A";7.68;"A";87;"A";1018.9;"A";13;"A";1;"A";10;"A";206;"A";0;"A";203.33;"A"
"2025-01-25 15:00";96.55;"A";4212.8;"A";46.56;"A";32.18;"A";28.35;"A";14.89;"A";60.05;"A";21;"A";7.75;"A";86.8;"A";1018.96;"A";13;"A";2;"A";9;"A";195;"A";0;"A";210;"A"
"2025-01-25 15:15";96.54;"A";4212.8;"A";47.7;"A";32.97;"A";29.04;"A";14.85;"A";60;"A";22;"A";7.69;"A";86.83;"A";1019.2;"A";13;"A";2;"A";9;"A";224;"A";1;"A";336.67;"A"
"2025-01-25 15:30";96.54;"A";4212.87;"A";47.52;"A";32.85;"A";28.93;"A";14.88;"A";60.01;"A";22;"A";7.64;"A";87.31;"A";1019.34;"A";13;"A";2;"A";9;"A";217;"A";0;"A";146.67;"A"
"2025-01-25 15:45";96.54;"A";4212.87;"A";55.57;"A";38.37;"A";33.79;"A";14.86;"A";60.01;"A";22;"A";7.64;"A";87.28;"A";1019.34;"A";12;"A";2;"A";10;"A";281;"A";0;"A";156.67;"A"
"2025-01-25 16:00";96.54;"A";4212.73;"A";66.23;"A";45.68;"A";40.23;"A";14.84;"A";60.02;"A";23;"A";7.53;"A";87.52;"A";1019.42;"A";11;"A";2;"A";12;"A";271;"A";0;"A";150;"A"
"2025-01-25 16:15";96.54;"A";4213;"A";97.9;"A";67.41;"A";59.37;"A";14.85;"A";60.02;"A";22;"A";7.44;"A";88.19;"A";1019.57;"A";10;"A";2;"A";12;"A";572;"A";0;"A";213.33;"A"
"2025-01-25 16:30";96.54;"A";4212.87;"A";64.73;"A";44.65;"A";39.33;"A";14.84;"A";59.98;"A";22;"A";7.42;"A";88.06;"A";1019.63;"A";11;"A";2;"A";11;"A";391;"A";0;"A";270;"A"
"2025-01-25 16:45";96.54;"A";4212.8;"A";50.05;"A";34.58;"A";30.46;"A";14.85;"A";59.98;"A";21;"A";7.44;"A";88.02;"A";1019.74;"A";11;"A";2;"A";10;"A";242;"A";0;"A";213.33;"A"
"2025-01-25 17:00";96.54;"A";4212.73;"A";63.94;"A";44.11;"A";38.85;"A";14.83;"A";59.99;"A";22;"A";7.44;"A";87.96;"A";1019.88;"A";11;"A";2;"A";10;"A";282;"A";0;"A";150;"A"
"2025-01-25 17:15";96.54;"A";4212.8;"A";51.95;"A";35.88;"A";31.6;"A";14.85;"A";59.97;"A";22;"A";7.34;"A";88.43;"A";1020.12;"A";12;"A";2;"A";10;"A";223;"A";0.33;"A";190;"A"
"2025-01-25 17:30";96.54;"A";4212.87;"A";57.45;"A";39.66;"A";34.93;"A";14.84;"A";60.04;"A";22;"A";7.28;"A";88.83;"A";1020.33;"A";11;"A";2;"A";11;"A";220;"A";0;"A";260;"A"
"2025-01-25 17:45";96.54;"A";4212.8;"A";57.13;"A";39.44;"A";34.73;"A";14.9;"A";59.97;"A";20;"A";7.25;"A";89.17;"A";1020.52;"A";11;"A";3;"A";9;"A";219;"A";0;"A";253.33;"A"
"2025-01-25 18:00";96.53;"A";4213;"A";64.06;"A";44.19;"A";38.92;"A";14.84;"A";60.06;"A";20;"A";7.17;"A";89.34;"A";1020.72;"A";10;"A";3;"A";10;"A";295;"A";0.67;"A";326.67;"A"
"2025-01-25 18:15";96.53;"A";4212.87;"A";89.04;"A";61.33;"A";54.01;"A";14.82;"A";59.98;"A";20;"A";7.12;"A";89.34;"A";1020.79;"A";11;"A";2;"A";9;"A";436;"A";0;"A";206.67;"A"
"2025-01-25 18:30";96.53;"A";4212.8;"A";128.38;"A";88.32;"A";77.78;"A";14.87;"A";60.03;"A";21;"A";7.1;"A";89.99;"A";1020.91;"A";8;"A";3;"A";12;"A";759;"A";0;"A";220;"A"
"2025-01-25 18:45";96.53;"A";4212.87;"A";95.2;"A";65.56;"A";57.74;"A";14.88;"A";59.92;"A";20;"A";7.04;"A";89.91;"A";1020.97;"A";9;"A";3;"A";11;"A";461;"A";0.33;"A";266.67;"A"
"2025-01-25 19:00";96.53;"A";4212.8;"A";107.27;"A";73.83;"A";65.03;"A";14.76;"A";60.01;"A";20;"A";6.93;"A";89.98;"A";1020.99;"A";9;"A";3;"A";11;"A";497;"A";0;"A";193.33;"A"
"2025-01-25 19:15";96.53;"A";4212.73;"A";102.66;"A";70.67;"A";62.24;"A";14.64;"A";60.03;"A";20;"A";6.87;"A";90.08;"A";1020.95;"A";11;"A";2;"A";10;"A";483;"A";0;"A";70;"A"
"2025-01-25 19:30";96.53;"A";4212.8;"A";107.13;"A";73.74;"A";64.94;"A";14.64;"A";60.03;"A";21;"A";6.89;"A";89.83;"A";1020.77;"A";10;"A";3;"A";11;"A";536;"A";0;"A";140;"A"
"2025-01-25 19:45";96.53;"A";4212.8;"A";105.53;"A";72.64;"A";63.98;"A";14.6;"A";59.97;"A";19;"A";6.84;"A";89.67;"A";1020.77;"A";9;"A";3;"A";10;"A";567;"A";0;"A";153.33;"A"
"2025-01-25 20:00";96.53;"A";4213;"A";109.25;"A";75.19;"A";66.22;"A";14.6;"A";59.99;"A";19;"A";6.81;"A";89.97;"A";1020.86;"A";8;"A";3;"A";11;"A";557;"A";0;"A";136.67;"A"
"2025-01-25 20:15";96.53;"A";4212.87;"A";108.66;"A";74.79;"A";65.87;"A";14.59;"A";59.95;"A";17;"A";6.79;"A";89.93;"A";1021.07;"A";7;"A";4;"A";10;"A";541;"A";0;"A";260;"A"
"2025-01-25 20:30";96.53;"A";4212.8;"A";120.83;"A";83.14;"A";73.22;"A";14.57;"A";60.02;"A";17;"A";6.81;"A";89.97;"A";1021.3;"A";6;"A";4;"A";12;"A";613;"A";0;"A";233.33;"A"
"2025-01-25 20:45";96.52;"A";4212.87;"A";129.05;"A";88.78;"A";78.19;"A";14.58;"A";60.03;"A";20;"A";6.84;"A";89.86;"A";1021.44;"A";4;"A";4;"A";16;"A";733;"A";0;"A";216.67;"A"
"2025-01-25 21:00";96.52;"A";4212.87;"A";125.51;"A";86.35;"A";76.05;"A";14.67;"A";60.01;"A";20;"A";6.91;"A";90.06;"A";1021.43;"A";4;"A";5;"A";16;"A";693;"A";0;"A";233.33;"A"
"2025-01-25 21:15";96.52;"A";4212.8;"A";122.97;"A";84.61;"A";74.51;"A";14.71;"A";60.01;"A";19;"A";6.87;"A";90.37;"A";1021.47;"A";5;"A";5;"A";14;"A";625;"A";0;"A";160;"A"
"2025-01-25 21:30";96.52;"A";4212.87;"A";115.99;"A";79.82;"A";70.3;"A";14.68;"A";59.99;"A";18;"A";6.85;"A";90.21;"A";1021.36;"A";4;"A";6;"A";15;"A";681;"A";0;"A";216.67;"A"
"2025-01-25 21:45";96.52;"A";4212.87;"A";107.31;"A";73.86;"A";65.05;"A";14.69;"A";59.99;"A";19;"A";6.88;"A";90.06;"A";1021.35;"A";3;"A";4;"A";16;"A";503;"A";0;"A";176.67;"A"
"2025-01-25 22:00";96.52;"A";4213;"A";105.35;"A";72.52;"A";63.87;"A";14.7;"A";59.98;"A";19;"A";6.89;"A";90.09;"A";1021.38;"A";2;"A";4;"A";18;"A";462;"A";0;"A";226.67;"A"
"2025-01-25 22:15";96.52;"A";4212.87;"A";100.46;"A";69.16;"A";60.91;"A";14.63;"A";60;"A";21;"A";6.94;"A";89.48;"A";1021.38;"A";2;"A";3;"A";20;"A";420;"A";0;"A";173.33;"A"
"2025-01-25 22:30";96.52;"A";4212.87;"A";100.57;"A";69.24;"A";60.98;"A";14.66;"A";59.98;"A";20;"A";6.93;"A";89.63;"A";1021.25;"A";1;"A";4;"A";19;"A";434;"A";0;"A";143.33;"A"
"2025-01-25 22:45";96.52;"A";4212.8;"A";104.69;"A";72.07;"A";63.47;"A";14.66;"A";60;"A";20;"A";6.94;"A";89.75;"A";1021.26;"A";1;"A";3;"A";19;"A";473;"A";0;"A";210;"A"
"2025-01-25 23:00";96.52;"A";4212.8;"A";101.85;"A";70.12;"A";61.75;"A";14.67;"A";59.98;"A";20;"A";6.89;"A";90.02;"A";1021.25;"A";0;"A";4;"A";21;"A";478;"A";0;"A";170;"A"
"2025-01-25 23:15";96.52;"A";4212.73;"A";104.28;"A";71.79;"A";63.22;"A";14.63;"A";60.03;"A";23;"A";6.95;"A";89.69;"A";1021.31;"A";0;"A";3;"A";25;"A";520;"A";0;"A";233.33;"A"
"2025-01-25 23:30";96.51;"A";4212.87;"A";103.25;"A";71.08;"A";62.6;"A";14.73;"A";60.01;"A";23;"A";6.97;"A";89.93;"A";1021.52;"A";0;"A";4;"A";25;"A";506;"A";0;"A";180;"A"
"2025-01-25 23:45";96.51;"A";4212.87;"A";102;"A";70.22;"A";61.84;"A";14.79;"A";59.99;"A";20;"A";6.99;"A";90.05;"A";1021.68;"A";0;"A";5;"A";23;"A";498;"A";0;"A";40;"A"
"2025-01-26 00:00";96.51;"A";4213;"A";100.66;"A";69.3;"A";61.04;"A";14.68;"A";59.98;"A";21;"A";7.05;"A";89.38;"A";1021.71;"A";0;"A";5;"A";23;"A";495;"A";0;"A";246.67;"A"
"2025-01-26 00:15";96.51;"A";4212.87;"A";99.37;"A";68.42;"A";60.25;"A";14.7;"A";60.02;"A";21;"A";7.02;"A";89.76;"A";1021.73;"A";0;"A";5;"A";23;"A";501;"A";0;"A";286.67;"A"
"2025-01-26 00:30";96.51;"A";4212.87;"A";98.41;"A";67.76;"A";59.68;"A";14.76;"A";60.02;"A";20;"A";7.04;"A";89.86;"A";1021.55;"A";0;"A";5;"A";23;"A";485;"A";0;"A";123.33;"A"
"2025-01-26 00:45";96.51;"A";4212.87;"A";104.77;"A";72.12;"A";63.51;"A";14.9;"A";60.01;"A";19;"A";7.03;"A";90.6;"A";1021.78;"A";0;"A";6;"A";21;"A";496;"A";0;"A";170;"A"
"2025-01-26 01:00";96.51;"A";4212.87;"A";100.88;"A";69.45;"A";61.17;"A";14.95;"A";60.04;"A";18;"A";6.98;"A";91.32;"A";1021.71;"A";0;"A";6;"A";21;"A";485;"A";0.33;"A";183.33;"A"
"2025-01-26 01:15";96.51;"A";4212.87;"A";100.57;"A";69.24;"A";60.98;"A";15;"A";59.98;"A";17;"A";6.95;"A";91.64;"A";1021.65;"A";0;"A";6;"A";19;"A";471;"A";0;"A";226.67;"A"
"2025-01-26 01:30";96.51;"A";4212.87;"A";111.72;"A";76.89;"A";67.71;"A";15.18;"A";60.04;"A";18;"A";7;"A";92.35;"A";1021.6;"A";1;"A";6;"A";17;"A";444;"A";0;"A";160;"A"
"2025-01-26 01:45";96.5;"A";4212.87;"A";119.02;"A";81.89;"A";72.12;"A";15.25;"A";59.99;"A";17;"A";6.99;"A";92.53;"A";1021.52;"A";2;"A";6;"A";15;"A";413;"A";0;"A";120;"A"
"2025-01-26 02:00";96.5;"A";4212.93;"A";118.53;"A";81.56;"A";71.83;"A";15.26;"A";59.96;"A";15;"A";7.11;"A";92.19;"A";1021.58;"A";1;"A";7;"A";14;"A";419;"A";0;"A";243.33;"A"
"2025-01-26 02:15";96.5;"A";4212.93;"A";113.67;"A";78.23;"A";68.89;"A";15.38;"A";60.02;"A";16;"A";7.17;"A";92.51;"A";1021.44;"A";2;"A";6;"A";13;"A";377;"A";0;"A";243.33;"A"
"2025-01-26 02:30";96.5;"A";4212.8;"A";94.34;"A";64.97;"A";57.22;"A";15.45;"A";59.99;"A";16;"A";7.2;"A";92.55;"A";1021.35;"A";3;"A";5;"A";12;"A";294;"A";0;"A";286.67;"A"
"2025-01-26 02:45";96.5;"A";4212.87;"A";88.31;"A";60.83;"A";53.57;"A";15.6;"A";60.01;"A";16;"A";7.19;"A";93.27;"A";1021.27;"A";5;"A";5;"A";11;"A";271;"A";0;"A";196.67;"A"
"2025-01-26 03:00";96.5;"A";4212.87;"A";71;"A";48.95;"A";43.11;"A";15.67;"A";60;"A";15;"A";7.17;"A";93.61;"A";1021.2;"A";7;"A";5;"A";8;"A";180;"A";0;"A";136.67;"A"
"2025-01-26 03:15";96.5;"A";4212.8;"A";58;"A";40.03;"A";35.26;"A";15.62;"A";59.99;"A";15;"A";7.17;"A";93.5;"A";1021.13;"A";8;"A";4;"A";6;"A";150;"A";0;"A";100;"A"
"2025-01-26 03:30";96.5;"A";4212.87;"A";49.03;"A";33.88;"A";29.84;"A";15.6;"A";59.95;"A";16;"A";7.18;"A";93.08;"A";1021.08;"A";10;"A";3;"A";6;"A";138;"A";0.33;"A";160;"A"
"2025-01-26 03:45";96.49;"A";4212.87;"A";35.89;"A";24.87;"A";21.9;"A";15.32;"A";60.02;"A";21;"A";7.16;"A";92.14;"A";1021.1;"A";15;"A";2;"A";5;"A";106;"A";0;"A";166.67;"A"
"2025-01-26 04:00";96.49;"A";4212.87;"A";38.46;"A";26.63;"A";23.46;"A";15.37;"A";59.99;"A";23;"A";7.09;"A";92.7;"A";1021.28;"A";17;"A";1;"A";6;"A";90;"A";0;"A";146.67;"A"
"2025-01-26 04:15";96.49;"A";4213;"A";40.15;"A";27.79;"A";24.47;"A";15.37;"A";60.01;"A";24;"A";7.08;"A";92.94;"A";1021.41;"A";17;"A";2;"A";7;"A";87;"A";0;"A";90;"A"
"2025-01-26 04:30";96.49;"A";4212.8;"A";43.03;"A";29.77;"A";26.22;"A";15.37;"A";59.98;"A";23;"A";7.11;"A";92.7;"A";1021.48;"A";15;"A";1;"A";8;"A";89;"A";0;"A";230;"A"
"2025-01-26 04:45";96.49;"A";4212.8;"A";47.34;"A";32.72;"A";28.82;"A";15.36;"A";60;"A";22;"A";7.13;"A";92.5;"A";1021.69;"A";16;"A";1;"A";7;"A";94;"A";0;"A";136.67;"A"
"2025-01-26 05:00";96.49;"A";4212.87;"A";51.89;"A";35.84;"A";31.57;"A";15.19;"A";59.94;"A";21;"A";7.18;"A";90.43;"A";1021.79;"A";14;"A";1;"A";7;"A";109;"A";0;"A";213.33;"A"
"2025-01-26 05:15";96.49;"A";4212.87;"A";49.49;"A";34.2;"A";30.12;"A";14.71;"A";59.95;"A";21;"A";7.18;"A";88.95;"A";1021.87;"A";14;"A";2;"A";6;"A";111;"A";0.33;"A";270;"A"
"2025-01-26 05:30";96.49;"A";4212.87;"A";51.87;"A";35.83;"A";31.56;"A";14.69;"A";59.99;"A";20;"A";7.17;"A";88.91;"A";1021.88;"A";14;"A";2;"A";6;"A";112;"A";0;"A";196.67;"A"
"2025-01-26 05:45";96.49;"A";4212.87;"A";51.61;"A";35.65;"A";31.4;"A";14.48;"A";60.01;"A";20;"A";7.07;"A";88.5;"A";1021.97;"A";14;"A";2;"A";6;"A";116;"A";0;"A";113.33;"A"
"2025-01-26 06:00";96.49;"A";4212.87;"A";52.22;"A";36.07;"A";31.77;"A";14.44;"A";59.96;"A";20;"A";6.96;"A";88.83;"A";1021.97;"A";14;"A";2;"A";6;"A";115;"A";0.67;"A";190;"A"
"2025-01-26 06:15";96.49;"A";4212.93;"A";57.98;"A";40.02;"A";35.25;"A";14.28;"A";59.99;"A";19;"A";6.72;"A";88.99;"A";1021.94;"A";13;"A";2;"A";6;"A";118;"A";0.33;"A";120;"A"
"2025-01-26 06:30";96.48;"A";4212.93;"A";59.62;"A";41.14;"A";36.24;"A";14.21;"A";60.02;"A";19;"A";6.6;"A";89.35;"A";1022.03;"A";13;"A";2;"A";7;"A";133;"A";0.33;"A";203.33;"A"
"2025-01-26 06:45";96.48;"A";4212.8;"A";54;"A";37.29;"A";32.84;"A";13.91;"A";59.97;"A";19;"A";6.27;"A";89.39;"A";1022.06;"A";13;"A";2;"A";6;"A";138;"A";0.33;"A";150;"A"
"2025-01-26 07:00";96.48;"A";4212.87;"A";64.46;"A";44.47;"A";39.17;"A";13.58;"A";60.01;"A";19;"A";5.97;"A";89.6;"A";1022.1;"A";12;"A";3;"A";7;"A";231;"A";0;"A";110;"A"
"2025-01-26 07:15";96.48;"A";4212.87;"A";53.53;"A";36.97;"A";32.56;"A";13.49;"A";59.97;"A";19;"A";5.7;"A";90.23;"A";1022.22;"A";11;"A";2;"A";7;"A";199;"A";0;"A";116.67;"A"
"2025-01-26 07:30";96.48;"A";4212.87;"A";52.1;"A";35.99;"A";31.7;"A";13.34;"A";60.07;"A";19;"A";5.54;"A";90.91;"A";1022.54;"A";12;"A";2;"A";7;"A";168;"A";0;"A";133.33;"A"
"2025-01-26 07:45";96.48;"A";4212.87;"A";52.39;"A";36.19;"A";31.87;"A";13.22;"A";59.96;"A";18;"A";5.38;"A";90.63;"A";1022.51;"A";12;"A";3;"A";7;"A";179;"A";0.33;"A";123.33;"A"
"2025-01-26 08:00";96.48;"A";4212.87;"A";69.78;"A";48.12;"A";42.38;"A";12.88;"A";59.97;"A";20;"A";5.06;"A";90.38;"A";1022.65;"A";11;"A";2;"A";9;"A";411;"A";0;"A";40;"A"
"2025-01-26 08:15";96.48;"A";4212.87;"A";68.06;"A";46.94;"A";41.34;"A";12.72;"A";60.04;"A";20;"A";5;"A";90.69;"A";1022.66;"A";10;"A";2;"A";10;"A";407;"A";0;"A";80;"A"
"2025-01-26 08:30";96.48;"A";4213;"A";67.7;"A";46.69;"A";41.12;"A";12.67;"A";59.93;"A";19;"A";4.97;"A";89.99;"A";1022.79;"A";9;"A";2;"A";10;"A";391;"A";0;"A";130;"A"
"2025-01-26 08:45";96.48;"A";4212.93;"A";83.42;"A";57.48;"A";50.62;"A";12.54;"A";59.96;"A";20;"A";4.98;"A";89.48;"A";1022.82;"A";9;"A";2;"A";11;"A";473;"A";0;"A";136.67;"A"
"2025-01-26 09:00";96.48;"A";4212.87;"A";89.02;"A";61.31;"A";54;"A";12.51;"A";60.03;"A";20;"A";5.02;"A";89.43;"A";1022.71;"A";7;"A";3;"A";12;"A";507;"A";0;"A";173.33;"A"
"2025-01-26 09:15";96.48;"A";4212.87;"A";73.17;"A";50.45;"A";44.43;"A";12.53;"A";60.02;"A";19;"A";5.1;"A";89;"A";1022.81;"A";8;"A";2;"A";11;"A";343;"A";0;"A";266.67;"A"
"2025-01-26 09:30";96.48;"A";4212.87;"A";84.65;"A";58.32;"A";51.36;"A";12.63;"A";60.02;"A";19;"A";5.3;"A";88.37;"A";1022.72;"A";9;"A";2;"A";11;"A";336;"A";0;"A";163.33;"A"
"2025-01-26 09:45";96.48;"A";4213;"A";70.88;"A";48.87;"A";43.04;"A";12.71;"A";60.05;"A";19;"A";5.22;"A";89.16;"A";1022.83;"A";9;"A";2;"A";10;"A";358;"A";0;"A";110;"A"
"2025-01-26 10:00";96.47;"A";4212.87;"A";70.37;"A";48.52;"A";42.73;"A";12.66;"A";59.99;"A";19;"A";5.27;"A";88.68;"A";1022.96;"A";9;"A";2;"A";10;"A";295;"A";0.33;"A";110;"A"
"2025-01-26 10:15";96.47;"A";4213;"A";79.69;"A";54.91;"A";48.36;"A";12.72;"A";59.97;"A";19;"A";5.41;"A";88.38;"A";1022.99;"A";9;"A";2;"A";11;"A";465;"A";0;"A";86.67;"A"
"2025-01-26 10:30";96.47;"A";4212.93;"A";75.89;"A";52.31;"A";46.07;"A";12.87;"A";59.99;"A";20;"A";5.5;"A";88.57;"A";1023.02;"A";8;"A";2;"A";12;"A";522;"A";0;"A";73.33;"A"
"2025-01-26 10:45";96.47;"A";4212.93;"A";71.97;"A";49.62;"A";43.7;"A";12.91;"A";60.06;"A";20;"A";5.59;"A";88.76;"A";1022.91;"A";8;"A";3;"A";12;"A";503;"A";0;"A";50;"A"
"2025-01-26 11:00";96.47;"A";4212.87;"A";61.36;"A";42.34;"A";37.29;"A";13.11;"A";59.91;"A";19;"A";5.74;"A";88.6;"A";1022.75;"A";9;"A";2;"A";10;"A";354;"A";0;"A";86.67;"A"
"2025-01-26 11:15";96.47;"A";4212.87;"A";69.65;"A";48.03;"A";42.3;"A";13.12;"A";60;"A";20;"A";5.87;"A";88.03;"A";1022.47;"A";9;"A";2;"A";11;"A";523;"A";0;"A";196.67;"A"
"2025-01-26 11:30";96.47;"A";4212.8;"A";75.29;"A";51.9;"A";45.71;"A";13.17;"A";59.97;"A";20;"A";6.05;"A";87.22;"A";1022.34;"A";10;"A";2;"A";10;"A";625;"A";0;"A";136.67;"A"
"2025-01-26 11:45";96.47;"A";4212.73;"A";78.58;"A";54.15;"A";47.69;"A";13.1;"A";59.86;"A";21;"A";6.1;"A";86.51;"A";1022.11;"A";10;"A";3;"A";11;"A";796;"A";0.33;"A";113.33;"A"
"2025-01-26 12:00";96.47;"A";4212.8;"A";38.77;"A";26.84;"A";23.64;"A";13.07;"A";60.12;"A";21;"A";6.14;"A";86.52;"A";1021.97;"A";13;"A";2;"A";8;"A";302;"A";0.33;"A";110;"A"
"2025-01-26 12:15";96.47;"A";4212.87;"A";55.65;"A";38.42;"A";33.84;"A";13.23;"A";59.97;"A";21;"A";6.16;"A";86.98;"A";1021.9;"A";13;"A";2;"A";8;"A";406;"A";0.33;"A";40;"A"
"2025-01-26 12:30";96.46;"A";4212.93;"A";63.87;"A";44.06;"A";38.8;"A";13.39;"A";59.97;"A";21;"A";6.3;"A";87.19;"A";1021.78;"A";12;"A";2;"A";9;"A";446;"A";0.33;"A";116.67;"A"
"2025-01-26 12:45";96.46;"A";4212.93;"A";65.2;"A";44.97;"A";39.61;"A";13.41;"A";59.97;"A";21;"A";6.22;"A";87.43;"A";1021.88;"A";13;"A";2;"A";8;"A";447;"A";0;"A";113.33;"A"
"2025-01-26 13:00";96.46;"A";4213;"A";45.33;"A";31.35;"A";27.61;"A";13.23;"A";60.08;"A";21;"A";6.22;"A";87.11;"A";1021.56;"A";13;"A";2;"A";8;"A";381;"A";0.67;"A";120;"A"
"2025-01-26 13:15";96.46;"A";4212.8;"A";53.45;"A";36.91;"A";32.51;"A";13.34;"A";59.96;"A";21;"A";6.21;"A";87.42;"A";1021.36;"A";13;"A";2;"A";8;"A";353;"A";0;"A";53.33;"A"
"2025-01-26 13:30";96.46;"A";4212.87;"A";45.08;"A";31.17;"A";27.45;"A";13.14;"A";60.03;"A";22;"A";6.05;"A";87.2;"A";1021.39;"A";14;"A";2;"A";8;"A";307;"A";0.67;"A";133.33;"A"
"2025-01-26 13:45";96.46;"A";4212.8;"A";46.32;"A";32.02;"A";28.2;"A";13.2;"A";60.03;"A";22;"A";6.04;"A";87.67;"A";1021.35;"A";14;"A";2;"A";8;"A";299;"A";0;"A";93.33;"A"
"2025-01-26 14:00";96.46;"A";4212.87;"A";69.22;"A";47.73;"A";42.04;"A";13.35;"A";60;"A";22;"A";6.02;"A";87.99;"A";1021.33;"A";12;"A";2;"A";10;"A";529;"A";0.67;"A";93.33;"A"
"2025-01-26 14:15";96.46;"A";4212.8;"A";55.57;"A";38.37;"A";33.79;"A";13.44;"A";59.99;"A";22;"A";6.1;"A";88.3;"A";1021.29;"A";14;"A";2;"A";8;"A";371;"A";0.67;"A";123.33;"A"
"2025-01-26 14:30";96.46;"A";4212.93;"A";33.16;"A";23;"A";20.25;"A";13.54;"A";59.96;"A";22;"A";6.16;"A";88.39;"A";1021.34;"A";15;"A";2;"A";7;"A";186;"A";0;"A";96.67;"A"
"2025-01-26 14:45";96.46;"A";4213;"A";25.88;"A";18;"A";15.85;"A";13.5;"A";60;"A";22;"A";6.2;"A";88.3;"A";1021.21;"A";17;"A";1;"A";6;"A";118;"A";0.33;"A";233.33;"A"
"2025-01-26 15:00";96.46;"A";4212.93;"A";28.34;"A";19.69;"A";17.34;"A";13.57;"A";59.99;"A";22;"A";6.22;"A";88.4;"A";1021.04;"A";16;"A";1;"A";6;"A";131;"A";0.33;"A";96.67;"A"
"2025-01-26 15:15";96.45;"A";4212.93;"A";29.47;"A";20.46;"A";18.02;"A";13.56;"A";60.03;"A";22;"A";6.17;"A";88.56;"A";1021.15;"A";17;"A";1;"A";6;"A";129;"A";0.33;"A";96.67;"A"
"2025-01-26 15:30";96.45;"A";4212.93;"A";30.38;"A";21.09;"A";18.57;"A";13.67;"A";59.94;"A";22;"A";6.17;"A";88.65;"A";1020.85;"A";17;"A";2;"A";5;"A";128;"A";0.33;"A";123.33;"A"
"2025-01-26 15:45";96.45;"A";4212.8;"A";28.58;"A";19.85;"A";17.49;"A";13.62;"A";60.06;"A";23;"A";6.01;"A";89.59;"A";1020.87;"A";18;"A";1;"A";5;"A";118;"A";0.33;"A";96.67;"A"
"2025-01-26 16:00";96.45;"A";4212.8;"A";29.64;"A";20.58;"A";18.12;"A";13.6;"A";60.06;"A";24;"A";5.91;"A";90.1;"A";1020.73;"A";19;"A";1;"A";5;"A";118;"A";0.33;"A";116.67;"A"
"2025-01-26 16:15";96.45;"A";4212.87;"A";33.31;"A";23.1;"A";20.34;"A";13.78;"A";59.99;"A";23;"A";6.01;"A";90.34;"A";1020.84;"A";18;"A";1;"A";5;"A";120;"A";0;"A";156.67;"A"
"2025-01-26 16:30";96.45;"A";4212.87;"A";34.75;"A";24.08;"A";21.21;"A";13.82;"A";60.01;"A";23;"A";6.05;"A";90.51;"A";1020.76;"A";18;"A";1;"A";5;"A";127;"A";0;"A";340;"A"
"2025-01-26 16:45";96.45;"A";4213;"A";33.82;"A";23.45;"A";20.65;"A";13.81;"A";60.02;"A";23;"A";6;"A";90.49;"A";1020.79;"A";18;"A";1;"A";5;"A";124;"A";0.33;"A";203.33;"A"
"2025-01-26 17:00";96.44;"A";4212.8;"A";34.86;"A";24.16;"A";21.28;"A";13.86;"A";60;"A";23;"A";6;"A";90.94;"A";1020.92;"A";18;"A";1;"A";5;"A";125;"A";0.67;"A";120;"A"
"2025-01-26 17:15";96.44;"A";4212.87;"A";36.97;"A";25.61;"A";22.55;"A";13.87;"A";60.01;"A";24;"A";5.95;"A";91.23;"A";1020.89;"A";19;"A";1;"A";5;"A";122;"A";0;"A";156.67;"A"
"2025-01-26 17:30";96.44;"A";4212.73;"A";41.51;"A";28.72;"A";25.3;"A";14.02;"A";60.01;"A";23;"A";5.95;"A";91.83;"A";1020.94;"A";17;"A";1;"A";6;"A";131;"A";0;"A";123.33;"A"
"2025-01-26 17:45";96.44;"A";4212.87;"A";37.94;"A";26.28;"A";23.14;"A";13.93;"A";59.98;"A";23;"A";5.87;"A";91.69;"A";1021.01;"A";18;"A";1;"A";5;"A";124;"A";0;"A";113.33;"A"
"2025-01-26 18:00";96.44;"A";4212.87;"A";38.67;"A";26.77;"A";23.58;"A";13.96;"A";60.02;"A";23;"A";5.89;"A";92.18;"A";1021.02;"A";18;"A";1;"A";5;"A";126;"A";0.33;"A";126.67;"A"
"2025-01-26 18:15";96.44;"A";4212.87;"A";45.47;"A";31.44;"A";27.69;"A";14.13;"A";60.02;"A";22;"A";5.91;"A";92.83;"A";1021.15;"A";16;"A";1;"A";6;"A";143;"A";0;"A";133.33;"A"
"2025-01-26 18:30";96.44;"A";4212.93;"A";48.07;"A";33.22;"A";29.26;"A";14.21;"A";60.02;"A";21;"A";5.99;"A";92.86;"A";1021.18;"A";15;"A";2;"A";6;"A";165;"A";0.33;"A";140;"A"
"2025-01-26 18:45";96.44;"A";4212.93;"A";41.29;"A";28.57;"A";25.17;"A";14.32;"A";59.99;"A";22;"A";6.09;"A";92.93;"A";1021.25;"A";16;"A";1;"A";6;"A";143;"A";0;"A";240;"A"
"2025-01-26 19:00";96.44;"A";4212.8;"A";37.84;"A";26.2;"A";23.08;"A";14.33;"A";59.99;"A";22;"A";6.17;"A";92.47;"A";1021.15;"A";16;"A";1;"A";6;"A";146;"A";0;"A";183.33;"A"
"2025-01-26 19:15";96.44;"A";4212.87;"A";33.4;"A";23.16;"A";20.4;"A";14.35;"A";60;"A";23;"A";6.18;"A";92.52;"A";1021.22;"A";17;"A";1;"A";6;"A";143;"A";0;"A";193.33;"A"
"2025-01-26 19:30";96.43;"A";4212.8;"A";31.59;"A";21.92;"A";19.3;"A";14.38;"A";59.98;"A";23;"A";6.23;"A";92.45;"A";1021.08;"A";17;"A";1;"A";6;"A";145;"A";0;"A";100;"A"
"2025-01-26 19:45";96.43;"A";4212.87;"A";30.34;"A";21.06;"A";18.55;"A";14.37;"A";59.98;"A";23;"A";6.21;"A";92.22;"A";1021;"A";17;"A";1;"A";6;"A";136;"A";0;"A";200;"A"
"2025-01-26 20:00";96.43;"A";4212.87;"A";30.03;"A";20.84;"A";18.36;"A";14.35;"A";59.99;"A";23;"A";6.22;"A";92.26;"A";1021.04;"A";18;"A";1;"A";5;"A";146;"A";0;"A";203.33;"A"
"2025-01-26 20:15";96.43;"A";4212.8;"A";32.14;"A";22.29;"A";19.63;"A";14.34;"A";59.98;"A";22;"A";6.21;"A";92.12;"A";1021.08;"A";17;"A";2;"A";6;"A";161;"A";0;"A";120;"A"
"2025-01-26 20:30";96.43;"A";4212.93;"A";31.7;"A";21.99;"A";19.37;"A";14.29;"A";60;"A";22;"A";6.17;"A";92.15;"A";1021.09;"A";17;"A";1;"A";5;"A";147;"A";0;"A";130;"A"
"2025-01-26 20:45";96.43;"A";4212.93;"A";29.79;"A";20.68;"A";18.22;"A";14.27;"A";59.98;"A";22;"A";6.17;"A";92.01;"A";1021.05;"A";17;"A";1;"A";5;"A";137;"A";0;"A";133.33;"A"
"2025-01-26 21:00";96.43;"A";4212.8;"A";30.58;"A";21.22;"A";18.69;"A";14.21;"A";59.99;"A";23;"A";6.11;"A";92.06;"A";1020.95;"A";18;"A";1;"A";5;"A";135;"A";0.33;"A";123.33;"A"
"2025-01-26 21:15";96.42;"A";4212.8;"A";31.79;"A";22.05;"A";19.42;"A";14.17;"A";59.99;"A";23;"A";6.11;"A";91.93;"A";1021.03;"A";18;"A";2;"A";5;"A";141;"A";0;"A";103.33;"A"
"2025-01-26 21:30";96.42;"A";4212.87;"A";30.64;"A";21.27;"A";18.73;"A";14.14;"A";60.03;"A";23;"A";6.12;"A";92.03;"A";1021.05;"A";19;"A";1;"A";4;"A";135;"A";0;"A";103.33;"A"
"2025-01-26 21:45";96.42;"A";4212.93;"A";50.11;"A";34.62;"A";30.49;"A";14.19;"A";59.91;"A";22;"A";6.07;"A";92.01;"A";1020.88;"A";16;"A";1;"A";5;"A";250;"A";0;"A";126.67;"A"
"2025-01-26 22:00";96.42;"A";4212.87;"A";60.27;"A";41.59;"A";36.63;"A";14.05;"A";60.01;"A";22;"A";6;"A";92.06;"A";1020.83;"A";16;"A";2;"A";7;"A";332;"A";0;"A";106.67;"A"
"2025-01-26 22:15";96.42;"A";4212.8;"A";51.45;"A";35.54;"A";31.3;"A";13.9;"A";60;"A";21;"A";5.95;"A";91.44;"A";1020.87;"A";15;"A";2;"A";6;"A";316;"A";0;"A";133.33;"A"
"2025-01-26 22:30";96.42;"A";4212.8;"A";40.16;"A";27.8;"A";24.48;"A";13.73;"A";59.98;"A";22;"A";5.84;"A";91.03;"A";1020.8;"A";16;"A";1;"A";6;"A";231;"A";0;"A";116.67;"A"
"2025-01-26 22:45";96.42;"A";4213;"A";30.44;"A";21.13;"A";18.61;"A";13.69;"A";60.03;"A";21;"A";5.79;"A";91.4;"A";1020.75;"A";16;"A";1;"A";5;"A";169;"A";0.33;"A";116.67;"A"
"2025-01-26 23:00";96.42;"A";4212.87;"A";25.84;"A";17.97;"A";15.83;"A";13.71;"A";59.97;"A";22;"A";5.75;"A";91.38;"A";1020.66;"A";17;"A";1;"A";5;"A";138;"A";0.33;"A";120;"A"
"2025-01-26 23:15";96.42;"A";4212.87;"A";24.15;"A";16.81;"A";14.81;"A";13.49;"A";59.94;"A";21;"A";5.63;"A";90.71;"A";1020.79;"A";16;"A";1;"A";5;"A";136;"A";0.33;"A";130;"A"
"2025-01-26 23:30";96.42;"A";4212.73;"A";33.89;"A";23.49;"A";20.69;"A";13.15;"A";59.95;"A";21;"A";5.39;"A";90.44;"A";1020.76;"A";16;"A";2;"A";5;"A";210;"A";0.33;"A";123.33;"A"
"2025-01-26 23:45";96.42;"A";4212.93;"A";41.28;"A";28.56;"A";25.16;"A";12.75;"A";59.95;"A";21;"A";5.07;"A";90.05;"A";1020.72;"A";15;"A";2;"A";6;"A";291;"A";0.33;"A";116.67;"A"
"2025-01-27 00:00";96.42;"A";4212.87;"A";37.43;"A";25.92;"A";22.83;"A";12.37;"A";60.01;"A";22;"A";4.74;"A";89.52;"A";1020.72;"A";16;"A";2;"A";6;"A";262;"A";0;"A";116.67;"A"
"2025-01-27 00:15";96.42;"A";4212.93;"A";50.97;"A";35.21;"A";31.01;"A";12.02;"A";60.02;"A";22;"A";4.48;"A";89.56;"A";1020.77;"A";14;"A";2;"A";7;"A";396;"A";0.67;"A";113.33;"A"
"2025-01-27 00:30";96.41;"A";4213;"A";31.18;"A";21.64;"A";19.06;"A";11.62;"A";60.02;"A";21;"A";4.22;"A";88.78;"A";1020.69;"A";15;"A";2;"A";5;"A";168;"A";0;"A";96.67;"A"
"2025-01-27 00:45";96.41;"A";4212.93;"A";36.71;"A";25.43;"A";22.4;"A";11.68;"A";59.98;"A";20;"A";4.09;"A";89.95;"A";1020.7;"A";14;"A";2;"A";6;"A";203;"A";0;"A";126.67;"A"
"2025-01-27 01:00";96.41;"A";4212.87;"A";28.23;"A";19.61;"A";17.28;"A";11.52;"A";60.01;"A";20;"A";4.02;"A";89.74;"A";1020.58;"A";15;"A";2;"A";5;"A";172;"A";0.33;"A";133.33;"A"
"2025-01-27 01:15";96.41;"A";4212.93;"A";30.22;"A";20.98;"A";18.48;"A";11.61;"A";59.99;"A";19;"A";3.99;"A";90.17;"A";1020.38;"A";14;"A";2;"A";5;"A";176;"A";1;"A";133.33;"A"
"2025-01-27 01:30";96.41;"A";4213;"A";28.05;"A";19.49;"A";17.17;"A";11.51;"A";59.99;"A";20;"A";4.04;"A";89.61;"A";1020.31;"A";14;"A";2;"A";5;"A";174;"A";0;"A";80;"A"
"2025-01-27 01:45";96.41;"A";4212.93;"A";35.84;"A";24.83;"A";21.87;"A";11.54;"A";60.04;"A";20;"A";4.08;"A";89.69;"A";1020.18;"A";14;"A";2;"A";6;"A";245;"A";0.67;"A";130;"A"
"2025-01-27 02:00";96.41;"A";4212.87;"A";33.95;"A";23.53;"A";20.73;"A";11.63;"A";59.98;"A";20;"A";4.13;"A";89.61;"A";1020.23;"A";15;"A";1;"A";6;"A";229;"A";0.67;"A";130;"A"
"2025-01-27 02:15";96.41;"A";4212.8;"A";29.74;"A";20.65;"A";18.19;"A";11.64;"A";60.01;"A";21;"A";4.15;"A";89.73;"A";1020.13;"A";15;"A";2;"A";5;"A";201;"A";0.33;"A";203.33;"A"
"2025-01-27 02:30";96.41;"A";4213.07;"A";19.95;"A";13.93;"A";12.27;"A";11.69;"A";59.92;"A";21;"A";4.17;"A";89.82;"A";1020.03;"A";16;"A";1;"A";5;"A";106;"A";0.33;"A";113.33;"A"
"2025-01-27 02:45";96.41;"A";4212.93;"A";19.15;"A";13.38;"A";11.79;"A";11.72;"A";60.04;"A";21;"A";4.19;"A";89.98;"A";1019.83;"A";16;"A";1;"A";5;"A";97;"A";0.67;"A";133.33;"A"
"2025-01-27 03:00";96.41;"A";4212.93;"A";18.85;"A";13.18;"A";11.61;"A";11.76;"A";60;"A";21;"A";4.25;"A";89.78;"A";1019.83;"A";17;"A";1;"A";5;"A";94;"A";0;"A";126.67;"A"
"2025-01-27 03:15";96.4;"A";4212.8;"A";19.11;"A";13.35;"A";11.76;"A";11.81;"A";59.99;"A";21;"A";4.3;"A";89.91;"A";1019.93;"A";16;"A";1;"A";5;"A";87;"A";0;"A";116.67;"A"
"2025-01-27 03:30";96.4;"A";4212.87;"A";19.97;"A";13.95;"A";12.29;"A";11.86;"A";60.02;"A";20;"A";4.32;"A";90.04;"A";1019.85;"A";17;"A";1;"A";4;"A";87;"A";0;"A";116.67;"A"
"2025-01-27 03:45";96.4;"A";4212.87;"A";20.66;"A";14.42;"A";12.7;"A";11.98;"A";59.99;"A";21;"A";4.43;"A";89.94;"A";1019.53;"A";17;"A";1;"A";4;"A";87;"A";0.33;"A";113.33;"A"
"2025-01-27 04:00";96.4;"A";4212.93;"A";22.88;"A";15.94;"A";14.04;"A";12.07;"A";60.04;"A";21;"A";4.52;"A";90.29;"A";1019.41;"A";17;"A";1;"A";4;"A";91;"A";0.67;"A";136.67;"A"
"2025-01-27 04:15";96.4;"A";4212.93;"A";24.28;"A";16.9;"A";14.89;"A";12.23;"A";59.99;"A";20;"A";4.66;"A";90.13;"A";1019.3;"A";17;"A";1;"A";4;"A";93;"A";0.33;"A";130;"A"
"2025-01-27 04:30";96.4;"A";4213.13;"A";25.33;"A";17.62;"A";15.52;"A";12.37;"A";59.98;"A";20;"A";4.77;"A";90.18;"A";1019.09;"A";16;"A";1;"A";5;"A";97;"A";0.33;"A";130;"A"
"2025-01-27 04:45";96.4;"A";4212.93;"A";25.82;"A";17.96;"A";15.82;"A";12.48;"A";59.99;"A";21;"A";4.9;"A";89.89;"A";1019.03;"A";17;"A";1;"A";5;"A";94;"A";0.33;"A";80;"A"
"2025-01-27 05:00";96.4;"A";4212.87;"A";25.13;"A";17.49;"A";15.4;"A";12.55;"A";60;"A";21;"A";4.98;"A";89.8;"A";1018.92;"A";16;"A";1;"A";5;"A";96;"A";0;"A";126.67;"A"
"2025-01-27 05:15";96.4;"A";4212.87;"A";23.2;"A";16.16;"A";14.24;"A";12.56;"A";60.02;"A";21;"A";5.11;"A";89.42;"A";1018.88;"A";17;"A";1;"A";4;"A";95;"A";0.33;"A";123.33;"A"
"2025-01-27 05:30";96.39;"A";4213;"A";22.64;"A";15.78;"A";13.9;"A";12.65;"A";59.96;"A";21;"A";5.12;"A";89.44;"A";1018.78;"A";17;"A";1;"A";4;"A";93;"A";1;"A";103.33;"A"
"2025-01-27 05:45";96.39;"A";4212.87;"A";23.15;"A";16.13;"A";14.2;"A";12.6;"A";59.99;"A";21;"A";5.15;"A";89.28;"A";1018.63;"A";17;"A";1;"A";4;"A";91;"A";0.33;"A";123.33;"A"
"2025-01-27 06:00";96.39;"A";4212.87;"A";22.31;"A";15.55;"A";13.7;"A";12.57;"A";60.01;"A";22;"A";5.08;"A";89.25;"A";1018.85;"A";17;"A";1;"A";4;"A";95;"A";0;"A";90;"A"
"2025-01-27 06:15";96.39;"A";4212.87;"A";23.05;"A";16.06;"A";14.15;"A";12.57;"A";59.98;"A";21;"A";5.02;"A";89.58;"A";1018.82;"A";17;"A";1;"A";4;"A";98;"A";0.33;"A";126.67;"A"
"2025-01-27 06:30";96.39;"A";4212.87;"A";22.63;"A";15.77;"A";13.89;"A";12.49;"A";60.01;"A";21;"A";4.98;"A";89.53;"A";1018.73;"A";17;"A";1;"A";4;"A";101;"A";0.33;"A";203.33;"A"
"2025-01-27 06:45";96.39;"A";4213.07;"A";22.17;"A";15.46;"A";13.61;"A";12.55;"A";60.03;"A";21;"A";4.97;"A";89.94;"A";1018.74;"A";17;"A";1;"A";4;"A";105;"A";0.67;"A";100;"A"
"2025-01-27 07:00";96.39;"A";4212.93;"A";22.95;"A";15.99;"A";14.09;"A";12.6;"A";60.03;"A";21;"A";4.93;"A";90.23;"A";1018.73;"A";16;"A";1;"A";5;"A";106;"A";0.67;"A";140;"A"
"2025-01-27 07:15";96.39;"A";4212.87;"A";22.49;"A";15.67;"A";13.81;"A";12.62;"A";59.99;"A";21;"A";4.98;"A";90.14;"A";1018.72;"A";17;"A";1;"A";5;"A";112;"A";0.67;"A";106.67;"A"
"2025-01-27 07:30";96.39;"A";4212.87;"A";50.66;"A";35;"A";30.83;"A";12.68;"A";59.99;"A";20;"A";4.98;"A";90.27;"A";1018.82;"A";15;"A";2;"A";5;"A";167;"A";0;"A";60;"A"
"2025-01-27 07:45";96.39;"A";4212.93;"A";35.92;"A";24.89;"A";21.92;"A";12.52;"A";59.93;"A";21;"A";4.89;"A";89.93;"A";1018.8;"A";15;"A";2;"A";5;"A";193;"A";0;"A";63.33;"A"
"2025-01-27 08:00";96.39;"A";4212.87;"A";21.79;"A";15.19;"A";13.38;"A";12.36;"A";60.01;"A";21;"A";4.78;"A";89.77;"A";1018.9;"A";15;"A";2;"A";6;"A";168;"A";0;"A";93.33;"A"
"2025-01-27 08:15";96.39;"A";4212.8;"A";18.19;"A";12.72;"A";11.21;"A";12.31;"A";59.96;"A";22;"A";4.72;"A";89.85;"A";1018.93;"A";16;"A";2;"A";6;"A";160;"A";0.33;"A";90;"A"
"2025-01-27 08:30";96.38;"A";4212.87;"A";19.77;"A";13.81;"A";12.16;"A";12.27;"A";59.98;"A";22;"A";4.74;"A";89.29;"A";1018.75;"A";15;"A";1;"A";7;"A";163;"A";0;"A";80;"A"
"2025-01-27 08:45";96.38;"A";4213;"A";18.07;"A";12.64;"A";11.14;"A";12.14;"A";60;"A";21;"A";4.77;"A";89.03;"A";1018.62;"A";15;"A";1;"A";6;"A";149;"A";0;"A";73.33;"A"
"2025-01-27 09:00";96.38;"A";4213;"A";17.65;"A";12.35;"A";10.88;"A";12.13;"A";59.93;"A";21;"A";4.76;"A";88.49;"A";1018.75;"A";15;"A";1;"A";6;"A";153;"A";0.67;"A";33.33;"A"
"2025-01-27 09:15";96.38;"A";4213;"A";17.57;"A";12.3;"A";10.83;"A";12.01;"A";60.01;"A";21;"A";4.81;"A";88.32;"A";1018.76;"A";15;"A";1;"A";6;"A";158;"A";0.33;"A";70;"A"
"2025-01-27 09:30";96.38;"A";4213.07;"A";17.76;"A";12.43;"A";10.95;"A";12.01;"A";60.07;"A";21;"A";4.82;"A";88.14;"A";1018.74;"A";14;"A";2;"A";7;"A";151;"A";0.33;"A";120;"A"
"2025-01-27 09:45";96.38;"A";4212.8;"A";21.74;"A";15.16;"A";13.35;"A";12.16;"A";59.98;"A";21;"A";4.97;"A";88.32;"A";1018.76;"A";14;"A";2;"A";7;"A";165;"A";0.33;"A";96.67;"A"
"2025-01-27 10:00";96.38;"A";4212.87;"A";17.91;"A";12.53;"A";11.04;"A";12.21;"A";60.02;"A";21;"A";4.95;"A";88.42;"A";1018.73;"A";14;"A";1;"A";6;"A";154;"A";0;"A";130;"A"
"2025-01-27 10:15";96.38;"A";4212.8;"A";17.37;"A";12.16;"A";10.71;"A";12.15;"A";60.01;"A";22;"A";4.93;"A";88.06;"A";1018.52;"A";16;"A";1;"A";6;"A";139;"A";0.33;"A";90;"A"
"2025-01-27 10:30";96.38;"A";4212.93;"A";16.51;"A";11.57;"A";10.19;"A";12.17;"A";60.04;"A";21;"A";4.88;"A";88.23;"A";1018.67;"A";16;"A";2;"A";5;"A";139;"A";0;"A";90;"A"
"2025-01-27 10:45";96.37;"A";4212.93;"A";15.54;"A";10.91;"A";9.61;"A";12.3;"A";59.94;"A";21;"A";4.92;"A";88.54;"A";1018.88;"A";16;"A";1;"A";6;"A";137;"A";0;"A";123.33;"A"
"2025-01-27 11:00";96.37;"A";4212.93;"A";16.41;"A";11.5;"A";10.13;"A";12.24;"A";60.02;"A";21;"A";4.92;"A";88.65;"A";1018.87;"A";15;"A";1;"A";6;"A";134;"A";0.33;"A";130;"A"
"2025-01-27 11:15";96.37;"A";4212.87;"A";16.26;"A";11.4;"A";10.04;"A";12.37;"A";60.05;"A";21;"A";5.15;"A";88.58;"A";1018.7;"A";15;"A";1;"A";6;"A";164;"A";1;"A";133.33;"A"
"2025-01-27 11:30";96.37;"A";4212.93;"A";16.49;"A";11.56;"A";10.18;"A";12.66;"A";59.99;"A";21;"A";5.45;"A";88.18;"A";1018.58;"A";15;"A";1;"A";6;"A";190;"A";0.33;"A";130;"A"
"2025-01-27 11:45";96.37;"A";4212.87;"A";14.04;"A";9.88;"A";8.7;"A";12.71;"A";59.96;"A";21;"A";5.77;"A";86.89;"A";1018.44;"A";15;"A";1;"A";6;"A";148;"A";0.33;"A";126.67;"A"
"2025-01-27 12:00";96.37;"A";4212.87;"A";16.34;"A";11.45;"A";10.09;"A";13.02;"A";59.95;"A";22;"A";6.27;"A";86.01;"A";1018.2;"A";16;"A";1;"A";6;"A";181;"A";0;"A";90;"A"
"2025-01-27 12:15";96.37;"A";4212.8;"A";23.01;"A";16.03;"A";14.12;"A";13.27;"A";59.95;"A";22;"A";6.56;"A";85.79;"A";1018.38;"A";16;"A";2;"A";6;"A";220;"A";0.33;"A";96.67;"A"
"2025-01-27 12:30";96.37;"A";4212.87;"A";15.86;"A";11.13;"A";9.8;"A";13.44;"A";59.97;"A";23;"A";6.69;"A";86;"A";1018.56;"A";16;"A";1;"A";6;"A";154;"A";0;"A";130;"A"
"2025-01-27 12:45";96.37;"A";4212.93;"A";18.64;"A";13.04;"A";11.48;"A";13.66;"A";59.9;"A";22;"A";6.71;"A";86.49;"A";1018.68;"A";16;"A";1;"A";7;"A";189;"A";0;"A";80;"A"
"2025-01-27 13:00";96.37;"A";4212.93;"A";20.8;"A";14.51;"A";12.78;"A";13.71;"A";60.09;"A";23;"A";6.74;"A";86.87;"A";1018.39;"A";15;"A";1;"A";8;"A";202;"A";0;"A";60;"A"
"2025-01-27 13:15";96.37;"A";4212.93;"A";22.59;"A";15.74;"A";13.86;"A";14.01;"A";60.05;"A";23;"A";6.93;"A";87.28;"A";1018.22;"A";14;"A";1;"A";8;"A";206;"A";0;"A";120;"A"
"2025-01-27 13:30";96.36;"A";4212.87;"A";22.76;"A";15.86;"A";13.97;"A";14.19;"A";60.1;"A";22;"A";7.08;"A";87.36;"A";1017.86;"A";16;"A";1;"A";6;"A";186;"A";0;"A";60;"A"
"2025-01-27 13:45";96.36;"A";4212.87;"A";23.84;"A";16.6;"A";14.62;"A";14.36;"A";59.98;"A";23;"A";7.31;"A";86.82;"A";1017.61;"A";17;"A";1;"A";6;"A";176;"A";0;"A";86.67;"A"
"2025-01-27 14:00";96.36;"A";4212.87;"A";22.61;"A";15.76;"A";13.88;"A";14.59;"A";59.89;"A";24;"A";7.68;"A";85.92;"A";1017.7;"A";17;"A";1;"A";7;"A";195;"A";0;"A";136.67;"A"
"2025-01-27 14:15";96.36;"A";4212.8;"A";21.6;"A";15.06;"A";13.27;"A";14.64;"A";59.98;"A";24;"A";7.88;"A";85.57;"A";1017.7;"A";18;"A";1;"A";6;"A";147;"A";0;"A";133.33;"A"
"2025-01-27 14:30";96.36;"A";4212.87;"A";20.6;"A";14.37;"A";12.66;"A";14.6;"A";59.96;"A";25;"A";7.97;"A";84.7;"A";1017.62;"A";19;"A";1;"A";6;"A";137;"A";0.33;"A";200;"A"
"2025-01-27 14:45";96.36;"A";4212.87;"A";20.84;"A";14.54;"A";12.81;"A";14.64;"A";60.01;"A";26;"A";8.05;"A";84.61;"A";1017.2;"A";19;"A";0;"A";7;"A";149;"A";0;"A";166.67;"A"
"2025-01-27 15:00";96.36;"A";4213;"A";23.04;"A";16.05;"A";14.14;"A";14.69;"A";59.95;"A";26;"A";8.04;"A";84.59;"A";1017.21;"A";20;"A";1;"A";6;"A";183;"A";0;"A";66.67;"A"
"2025-01-27 15:15";96.36;"A";4212.8;"A";30.17;"A";20.94;"A";18.44;"A";14.51;"A";60.01;"A";26;"A";7.78;"A";84.87;"A";1017.1;"A";18;"A";1;"A";7;"A";252;"A";0;"A";100;"A"
"2025-01-27 15:30";96.36;"A";4212.87;"A";51.67;"A";35.7;"A";31.44;"A";14.35;"A";59.99;"A";25;"A";7.47;"A";85.5;"A";1016.97;"A";16;"A";1;"A";9;"A";388;"A";0;"A";110;"A"
"2025-01-27 15:45";96.36;"A";4212.87;"A";53.39;"A";36.87;"A";32.47;"A";14.18;"A";60.01;"A";24;"A";7.12;"A";86.56;"A";1016.83;"A";14;"A";2;"A";10;"A";437;"A";1;"A";126.67;"A"
"2025-01-27 16:00";96.35;"A";4212.8;"A";51.81;"A";35.79;"A";31.52;"A";13.99;"A";60.1;"A";24;"A";6.76;"A";87.06;"A";1016.92;"A";14;"A";2;"A";10;"A";389;"A";0.33;"A";83.33;"A"
"2025-01-27 16:15";96.35;"A";4212.87;"A";56.34;"A";38.89;"A";34.25;"A";13.6;"A";59.89;"A";25;"A";6.46;"A";86.87;"A";1016.89;"A";14;"A";2;"A";11;"A";400;"A";0.33;"A";36.67;"A"
"2025-01-27 16:30";96.35;"A";4212.87;"A";46.01;"A";31.81;"A";28.02;"A";13.2;"A";60.01;"A";25;"A";6.07;"A";87.15;"A";1016.88;"A";14;"A";1;"A";12;"A";282;"A";0.33;"A";80;"A"
"2025-01-27 16:45";96.35;"A";4212.93;"A";41.14;"A";28.47;"A";25.07;"A";13.04;"A";60.02;"A";24;"A";5.8;"A";87.73;"A";1016.84;"A";13;"A";1;"A";12;"A";223;"A";0.33;"A";106.67;"A"
"2025-01-27 17:00";96.35;"A";4212.93;"A";36.22;"A";25.09;"A";22.1;"A";12.9;"A";59.98;"A";24;"A";5.59;"A";88.17;"A";1016.72;"A";12;"A";1;"A";12;"A";214;"A";0.33;"A";123.33;"A"
"2025-01-27 17:15";96.35;"A";4212.87;"A";37.92;"A";26.26;"A";23.13;"A";12.8;"A";60.08;"A";23;"A";5.51;"A";88.36;"A";1016.73;"A";12;"A";2;"A";11;"A";217;"A";0;"A";96.67;"A"
"2025-01-27 17:30";96.35;"A";4212.8;"A";37.01;"A";25.64;"A";22.58;"A";12.86;"A";60.02;"A";23;"A";5.33;"A";89.18;"A";1016.73;"A";12;"A";1;"A";11;"A";222;"A";0;"A";50;"A"
"2025-01-27 17:45";96.35;"A";4212.8;"A";35.91;"A";24.88;"A";21.91;"A";12.85;"A";59.96;"A";22;"A";5.26;"A";89.34;"A";1016.79;"A";13;"A";2;"A";9;"A";211;"A";0;"A";20;"A"
"2025-01-27 18:00";96.35;"A";4212.87;"A";34.11;"A";23.65;"A";20.83;"A";12.75;"A";59.96;"A";23;"A";5.15;"A";89.56;"A";1016.64;"A";13;"A";2;"A";10;"A";192;"A";0;"A";56.67;"A"
"2025-01-27 18:15";96.35;"A";4212.8;"A";36.48;"A";25.27;"A";22.26;"A";12.72;"A";60.05;"A";22;"A";5.14;"A";89.9;"A";1016.71;"A";13;"A";1;"A";9;"A";180;"A";0;"A";70;"A"
"2025-01-27 18:30";96.35;"A";4212.87;"A";36.73;"A";25.44;"A";22.41;"A";12.8;"A";59.99;"A";21;"A";5.12;"A";90.08;"A";1016.71;"A";12;"A";1;"A";9;"A";179;"A";0;"A";96.67;"A"
"2025-01-27 18:45";96.35;"A";4213;"A";34.5;"A";23.91;"A";21.06;"A";12.71;"A";60.03;"A";22;"A";5.11;"A";89.88;"A";1016.71;"A";14;"A";1;"A";8;"A";160;"A";0.67;"A";80;"A"
"2025-01-27 19:00";96.35;"A";4212.87;"A";37.77;"A";26.16;"A";23.04;"A";12.76;"A";60.01;"A";22;"A";5.03;"A";90.6;"A";1016.7;"A";13;"A";1;"A";9;"A";169;"A";0;"A";73.33;"A"
"2025-01-27 19:15";96.34;"A";4212.87;"A";38.18;"A";26.44;"A";23.28;"A";12.77;"A";59.98;"A";21;"A";5.06;"A";90.4;"A";1016.7;"A";13;"A";2;"A";8;"A";199;"A";0.33;"A";16.67;"A"
"2025-01-27 19:30";96.34;"A";4212.87;"A";35.23;"A";24.42;"A";21.51;"A";12.75;"A";59.88;"A";21;"A";5.08;"A";89.86;"A";1016.58;"A";13;"A";2;"A";8;"A";185;"A";0;"A";53.33;"A"
"2025-01-27 19:45";96.34;"A";4212.87;"A";31.6;"A";21.92;"A";19.31;"A";12.54;"A";60.03;"A";22;"A";4.99;"A";89.77;"A";1016.38;"A";15;"A";1;"A";7;"A";158;"A";0;"A";53.33;"A"
"2025-01-27 20:00";96.34;"A";4212.93;"A";34.89;"A";24.18;"A";21.3;"A";12.57;"A";60.08;"A";21;"A";4.92;"A";90.31;"A";1016.37;"A";14;"A";2;"A";7;"A";154;"A";0;"A";53.33;"A"
"2025-01-27 20:15";96.34;"A";4212.87;"A";41.17;"A";28.49;"A";25.09;"A";12.69;"A";60.03;"A";20;"A";4.89;"A";91.01;"A";1016.34;"A";13;"A";2;"A";7;"A";158;"A";0.33;"A";136.67;"A"
"2025-01-27 20:30";96.34;"A";4212.87;"A";41.02;"A";28.39;"A";25;"A";12.71;"A";59.99;"A";19;"A";5.01;"A";90.44;"A";1016.41;"A";12;"A";2;"A";7;"A";183;"A";0.67;"A";133.33;"A"
"2025-01-27 20:45";96.34;"A";4213.07;"A";39.06;"A";27.04;"A";23.82;"A";12.7;"A";59.97;"A";20;"A";4.96;"A";90.57;"A";1016.25;"A";13;"A";2;"A";7;"A";189;"A";0.33;"A";136.67;"A"
"2025-01-27 21:00";96.34;"A";4212.93;"A";40.48;"A";28.02;"A";24.68;"A";12.68;"A";60.02;"A";20;"A";5.06;"A";89.85;"A";1016.3;"A";13;"A";2;"A";8;"A";181;"A";0;"A";96.67;"A"
"2025-01-27 21:15";96.33;"A";4212.8;"A";37.09;"A";25.69;"A";22.63;"A";12.58;"A";59.91;"A";21;"A";5;"A";89.23;"A";1016.26;"A";13;"A";2;"A";7;"A";225;"A";0;"A";83.33;"A"
"2025-01-27 21:30";96.33;"A";4212.87;"A";32.65;"A";22.64;"A";19.94;"A";12.36;"A";60.02;"A";21;"A";4.92;"A";88.98;"A";1016.27;"A";13;"A";2;"A";8;"A";188;"A";0.33;"A";196.67;"A"
"2025-01-27 21:45";96.33;"A";4212.93;"A";33.11;"A";22.96;"A";20.22;"A";12.32;"A";60;"A";21;"A";4.92;"A";88.92;"A";1016.22;"A";13;"A";2;"A";8;"A";220;"A";0;"A";130;"A"
"2025-01-27 22:00";96.33;"A";4212.87;"A";30.2;"A";20.97;"A";18.47;"A";12.28;"A";59.99;"A";21;"A";4.91;"A";88.91;"A";1016.19;"A";13;"A";2;"A";8;"A";242;"A";0;"A";70;"A"
"2025-01-27 22:15";96.33;"A";4212.93;"A";32.85;"A";22.78;"A";20.07;"A";12.32;"A";60.02;"A";21;"A";4.92;"A";88.9;"A";1016.27;"A";13;"A";2;"A";8;"A";304;"A";0;"A";156.67;"A"
"2025-01-27 22:30";96.33;"A";4213;"A";30.63;"A";21.26;"A";18.72;"A";12.27;"A";59.94;"A";20;"A";4.84;"A";89.01;"A";1016.09;"A";13;"A";2;"A";7;"A";264;"A";0;"A";206.67;"A"
"2025-01-27 22:45";96.33;"A";4212.87;"A";35.64;"A";24.7;"A";21.75;"A";12.21;"A";60.01;"A";21;"A";4.8;"A";88.96;"A";1016.16;"A";14;"A";2;"A";7;"A";323;"A";0;"A";113.33;"A"
"2025-01-27 23:00";96.33;"A";4212.93;"A";39.9;"A";27.62;"A";24.32;"A";12.23;"A";60.02;"A";21;"A";4.87;"A";88.85;"A";1016.22;"A";13;"A";2;"A";8;"A";378;"A";0;"A";156.67;"A"
"2025-01-27 23:15";96.33;"A";4212.93;"A";47.37;"A";32.74;"A";28.84;"A";12.31;"A";59.99;"A";21;"A";4.85;"A";89.21;"A";1016.17;"A";12;"A";2;"A";9;"A";453;"A";0.33;"A";110;"A"
"2025-01-27 23:30";96.33;"A";4212.87;"A";53.9;"A";37.22;"A";32.78;"A";12.33;"A";60.01;"A";21;"A";4.87;"A";89.35;"A";1016.1;"A";11;"A";2;"A";9;"A";488;"A";0.33;"A";130;"A"
"2025-01-27 23:45";96.33;"A";4212.87;"A";53.36;"A";36.85;"A";32.46;"A";12.35;"A";60;"A";21;"A";4.9;"A";89.27;"A";1015.95;"A";10;"A";2;"A";10;"A";470;"A";0.33;"A";133.33;"A"
"2025-01-28 00:00";96.33;"A";4212.93;"A";42.43;"A";29.35;"A";25.85;"A";12.43;"A";59.98;"A";21;"A";4.93;"A";89.34;"A";1015.79;"A";11;"A";2;"A";10;"A";373;"A";0;"A";130;"A"
"2025-01-28 00:15";96.33;"A";4212.87;"A";42.87;"A";29.65;"A";26.12;"A";12.49;"A";60.02;"A";21;"A";4.95;"A";89.77;"A";1015.73;"A";12;"A";2;"A";9;"A";361;"A";0;"A";180;"A"
"2025-01-28 00:30";96.3;"A";4205.13;"A";42.22;"A";29.21;"A";25.73;"A";12.61;"A";60.02;"A";20;"A";5.04;"A";89.7;"A";1015.71;"A";11;"A";2;"A";9;"A";406;"A";0;"A";126.67;"A"
"2025-01-28 00:45";96.24;"A";4212.13;"A";36.88;"A";25.54;"A";22.5;"A";12.67;"A";60.04;"A";20;"A";5.09;"A";90.01;"A";1015.59;"A";11;"A";2;"A";9;"A";388;"A";0;"A";126.67;"A"
"2025-01-28 01:00";96.27;"A";4213;"A";33.85;"A";23.46;"A";20.67;"A";12.79;"A";60;"A";20;"A";4.97;"A";90.56;"A";1015.52;"A";11;"A";2;"A";9;"A";331;"A";0;"A";116.67;"A"
"2025-01-28 01:15";96.29;"A";4212.8;"A";37.2;"A";25.76;"A";22.69;"A";12.75;"A";60.02;"A";20;"A";4.93;"A";91.05;"A";1015.44;"A";12;"A";2;"A";8;"A";324;"A";0;"A";106.67;"A"
"2025-01-28 01:30";96.3;"A";4212.87;"A";43.06;"A";29.78;"A";26.23;"A";12.71;"A";59.96;"A";20;"A";4.87;"A";90.78;"A";1015.32;"A";12;"A";2;"A";8;"A";350;"A";0;"A";70;"A"
"2025-01-28 01:45";96.31;"A";4212.87;"A";38.56;"A";26.7;"A";23.52;"A";12.6;"A";59.97;"A";20;"A";4.9;"A";90.17;"A";1015.35;"A";11;"A";2;"A";9;"A";324;"A";0;"A";76.67;"A"
"2025-01-28 02:00";96.31;"A";4212.87;"A";37.04;"A";25.66;"A";22.6;"A";12.53;"A";59.96;"A";20;"A";4.91;"A";89.93;"A";1015.23;"A";12;"A";2;"A";8;"A";326;"A";0;"A";160;"A"
"2025-01-28 02:15";96.32;"A";4212.87;"A";34.99;"A";24.25;"A";21.36;"A";12.52;"A";60;"A";20;"A";4.97;"A";89.8;"A";1015.25;"A";12;"A";2;"A";8;"A";323;"A";0;"A";183.33;"A"
"2025-01-28 02:30";96.32;"A";4212.87;"A";36.28;"A";25.14;"A";22.14;"A";12.58;"A";59.99;"A";20;"A";5;"A";89.89;"A";1015.36;"A";12;"A";2;"A";8;"A";378;"A";0;"A";276.67;"A"
"2025-01-28 02:45";96.32;"A";4212.8;"A";38.43;"A";26.61;"A";23.43;"A";12.66;"A";60;"A";20;"A";5.01;"A";90.22;"A";1015.23;"A";11;"A";2;"A";9;"A";341;"A";0;"A";130;"A"
"2025-01-28 03:00";96.32;"A";4212.93;"A";40.73;"A";28.19;"A";24.83;"A";12.76;"A";60.04;"A";20;"A";5.02;"A";90.69;"A";1015.15;"A";12;"A";2;"A";8;"A";286;"A";0.33;"A";130;"A"
"2025-01-28 03:15";96.32;"A";4212.93;"A";44.68;"A";30.9;"A";27.21;"A";12.89;"A";60.02;"A";20;"A";5.06;"A";91.14;"A";1015.1;"A";11;"A";2;"A";9;"A";285;"A";0;"A";143.33;"A"
"2025-01-28 03:30";96.32;"A";4212.8;"A";44.12;"A";30.51;"A";26.88;"A";13.04;"A";60.01;"A";19;"A";5.22;"A";91.1;"A";1014.89;"A";11;"A";2;"A";8;"A";303;"A";0;"A";210;"A"
"2025-01-28 03:45";96.32;"A";4212.93;"A";45.04;"A";31.14;"A";27.43;"A";13.18;"A";59.99;"A";18;"A";5.26;"A";91.46;"A";1014.85;"A";9;"A";2;"A";9;"A";306;"A";0;"A";176.67;"A"
"2025-01-28 04:00";96.32;"A";4212.87;"A";47.86;"A";33.08;"A";29.14;"A";13.27;"A";60;"A";20;"A";5.35;"A";91.47;"A";1014.93;"A";11;"A";2;"A";9;"A";315;"A";0;"A";196.67;"A"
"2025-01-28 04:15";96.32;"A";4212.87;"A";48.23;"A";33.33;"A";29.36;"A";13.35;"A";60.03;"A";19;"A";5.43;"A";91.67;"A";1014.89;"A";10;"A";2;"A";9;"A";302;"A";0;"A";196.67;"A"
"2025-01-28 04:30";96.31;"A";4212.87;"A";47.21;"A";32.63;"A";28.74;"A";13.53;"A";59.99;"A";20;"A";5.52;"A";92.03;"A";1014.67;"A";12;"A";2;"A";7;"A";253;"A";0;"A";133.33;"A"
"2025-01-28 04:45";96.31;"A";4212.8;"A";42.35;"A";29.3;"A";25.81;"A";13.63;"A";60;"A";20;"A";5.61;"A";91.95;"A";1014.56;"A";13;"A";2;"A";7;"A";198;"A";0;"A";116.67;"A"
"2025-01-28 05:00";96.31;"A";4212.87;"A";33.85;"A";23.47;"A";20.67;"A";13.73;"A";60.02;"A";21;"A";5.67;"A";92.29;"A";1014.47;"A";14;"A";2;"A";7;"A";147;"A";0.67;"A";133.33;"A"
"2025-01-28 05:15";96.31;"A";4213;"A";37.34;"A";25.86;"A";22.77;"A";13.88;"A";60.01;"A";21;"A";5.79;"A";92.44;"A";1014.51;"A";14;"A";1;"A";7;"A";152;"A";0;"A";133.33;"A"
"2025-01-28 05:30";96.31;"A";4212.8;"A";45.34;"A";31.35;"A";27.61;"A";14.01;"A";59.98;"A";21;"A";5.92;"A";92.18;"A";1014.33;"A";14;"A";2;"A";7;"A";201;"A";0;"A";136.67;"A"
"2025-01-28 05:45";96.31;"A";4212.8;"A";46.81;"A";32.36;"A";28.5;"A";14.1;"A";59.98;"A";21;"A";6.1;"A";91.93;"A";1014.32;"A";13;"A";1;"A";8;"A";208;"A";0;"A";133.33;"A"
"2025-01-28 06:00";96.31;"A";4212.87;"A";36.79;"A";25.48;"A";22.44;"A";14.19;"A";60;"A";22;"A";6.2;"A";91.77;"A";1014.31;"A";15;"A";1;"A";7;"A";163;"A";0;"A";136.67;"A"
"2025-01-28 06:15";96.31;"A";4212.8;"A";35.02;"A";24.27;"A";21.38;"A";14.26;"A";59.99;"A";22;"A";6.26;"A";91.66;"A";1014.4;"A";16;"A";1;"A";6;"A";135;"A";0.33;"A";96.67;"A"
"2025-01-28 06:30";96.3;"A";4212.8;"A";34.97;"A";24.23;"A";21.34;"A";14.32;"A";59.98;"A";22;"A";6.36;"A";91.47;"A";1014.55;"A";16;"A";1;"A";6;"A";143;"A";0;"A";83.33;"A"
"2025-01-28 06:45";96.3;"A";4212.87;"A";35.55;"A";24.64;"A";21.7;"A";14.37;"A";59.98;"A";22;"A";6.39;"A";91.49;"A";1014.52;"A";16;"A";1;"A";6;"A";146;"A";0;"A";200;"A"
"2025-01-28 07:00";96.3;"A";4212.93;"A";36.67;"A";25.4;"A";22.37;"A";14.39;"A";60;"A";23;"A";6.4;"A";91.72;"A";1014.55;"A";15;"A";1;"A";7;"A";141;"A";0.33;"A";120;"A"
"2025-01-28 07:15";96.3;"A";4212.87;"A";37.48;"A";25.96;"A";22.86;"A";14.45;"A";59.98;"A";23;"A";6.41;"A";91.85;"A";1014.67;"A";16;"A";1;"A";7;"A";147;"A";0.33;"A";130;"A"
"2025-01-28 07:30";96.3;"A";4212.73;"A";39.36;"A";27.25;"A";24;"A";14.48;"A";60;"A";23;"A";6.43;"A";91.78;"A";1014.68;"A";16;"A";1;"A";7;"A";156;"A";0;"A";276.67;"A"
"2025-01-28 07:45";96.3;"A";4212.87;"A";40.19;"A";27.81;"A";24.5;"A";14.5;"A";60;"A";23;"A";6.48;"A";91.61;"A";1014.68;"A";15;"A";1;"A";8;"A";172;"A";0;"A";343.33;"A"
"2025-01-28 08:00";96.3;"A";4212.87;"A";38.44;"A";26.61;"A";23.44;"A";14.5;"A";59.98;"A";23;"A";6.54;"A";91.38;"A";1014.87;"A";14;"A";1;"A";9;"A";178;"A";0;"A";166.67;"A"
"2025-01-28 08:15";96.3;"A";4212.87;"A";39.21;"A";27.14;"A";23.91;"A";14.54;"A";60;"A";23;"A";6.59;"A";91.24;"A";1014.99;"A";14;"A";1;"A";9;"A";175;"A";0;"A";206.67;"A"
"2025-01-28 08:30";96.3;"A";4212.8;"A";38.45;"A";26.62;"A";23.45;"A";14.6;"A";59.99;"A";23;"A";6.69;"A";90.97;"A";1015.06;"A";14;"A";1;"A";10;"A";174;"A";0;"A";103.33;"A"
"2025-01-28 08:45";96.3;"A";4212.87;"A";42.58;"A";29.46;"A";25.94;"A";14.6;"A";59.99;"A";24;"A";6.74;"A";90.78;"A";1015.05;"A";14;"A";1;"A";10;"A";177;"A";0;"A";210;"A"
"2025-01-28 09:00";96.29;"A";4212.8;"A";51.88;"A";35.84;"A";31.57;"A";14.62;"A";59.98;"A";26;"A";6.84;"A";90.39;"A";1015.08;"A";13;"A";1;"A";13;"A";244;"A";0;"A";76.67;"A"
"2025-01-28 09:15";96.29;"A";4212.87;"A";54.41;"A";37.57;"A";33.09;"A";14.69;"A";59.98;"A";24;"A";6.99;"A";90.02;"A";1015.07;"A";11;"A";1;"A";13;"A";307;"A";0;"A";186.67;"A"
"2025-01-28 09:30";96.29;"A";4212.8;"A";54.1;"A";37.36;"A";32.9;"A";14.76;"A";59.99;"A";24;"A";7;"A";90.21;"A";1015.16;"A";12;"A";1;"A";12;"A";304;"A";0;"A";116.67;"A"
"2025-01-28 09:45";96.29;"A";4212.8;"A";51.68;"A";35.7;"A";31.44;"A";14.8;"A";59.99;"A";25;"A";7.2;"A";89.39;"A";1015.13;"A";12;"A";1;"A";13;"A";276;"A";0;"A";86.67;"A"
"2025-01-28 10:00";96.29;"A";4212.87;"A";46.08;"A";31.85;"A";28.06;"A";14.85;"A";59.97;"A";25;"A";7.33;"A";88.98;"A";1014.99;"A";12;"A";1;"A";13;"A";196;"A";0;"A";116.67;"A"
"2025-01-28 10:15";96.29;"A";4212.87;"A";44.11;"A";30.5;"A";26.87;"A";14.88;"A";60;"A";24;"A";7.5;"A";88.49;"A";1014.94;"A";13;"A";0;"A";11;"A";162;"A";0;"A";203.33;"A"
"2025-01-28 10:30";96.29;"A";4212.8;"A";44.11;"A";30.5;"A";26.87;"A";15.02;"A";59.95;"A";24;"A";7.67;"A";88.06;"A";1015.01;"A";13;"A";1;"A";11;"A";171;"A";0;"A";116.67;"A"
"2025-01-28 10:45";96.29;"A";4212.87;"A";45.47;"A";31.44;"A";27.69;"A";15.03;"A";59.99;"A";25;"A";7.86;"A";87.33;"A";1014.99;"A";14;"A";1;"A";11;"A";160;"A";0;"A";10;"A"
"2025-01-28 11:00";96.29;"A";4213;"A";42.56;"A";29.44;"A";25.93;"A";15.13;"A";59.93;"A";24;"A";8.02;"A";86.85;"A";1014.81;"A";14;"A";1;"A";10;"A";160;"A";0.33;"A";126.67;"A"
"2025-01-28 11:15";96.29;"A";4212.8;"A";38.23;"A";26.47;"A";23.31;"A";15.12;"A";59.97;"A";24;"A";8.14;"A";86.35;"A";1014.59;"A";16;"A";1;"A";8;"A";149;"A";0;"A";123.33;"A"
"2025-01-28 11:30";96.28;"A";4212.8;"A";38.35;"A";26.56;"A";23.39;"A";15.25;"A";59.97;"A";24;"A";8.24;"A";86.33;"A";1014.51;"A";17;"A";1;"A";7;"A";143;"A";0.33;"A";180;"A"
"2025-01-28 11:45";96.28;"A";4212.8;"A";39.64;"A";27.44;"A";24.17;"A";15.27;"A";60;"A";24;"A";8.38;"A";85.78;"A";1014.43;"A";17;"A";1;"A";7;"A";148;"A";0;"A";80;"A"
"2025-01-28 12:00";96.28;"A";4212.87;"A";38.8;"A";26.86;"A";23.66;"A";15.26;"A";60.02;"A";24;"A";8.57;"A";84.82;"A";1014.41;"A";16;"A";1;"A";8;"A";141;"A";0.33;"A";90;"A"
"2025-01-28 12:15";96.28;"A";4212.8;"A";39.39;"A";27.27;"A";24.01;"A";15.18;"A";60.01;"A";25;"A";8.64;"A";84.34;"A";1014.22;"A";17;"A";1;"A";8;"A";143;"A";0;"A";90;"A"
"2025-01-28 12:30";96.28;"A";4212.8;"A";41.81;"A";28.92;"A";25.48;"A";15.3;"A";59.97;"A";24;"A";8.75;"A";84.2;"A";1014.12;"A";16;"A";1;"A";7;"A";154;"A";0;"A";116.67;"A"
"2025-01-28 12:45";96.28;"A";4212.93;"A";43.59;"A";30.15;"A";26.56;"A";15.36;"A";59.96;"A";24;"A";8.7;"A";84.38;"A";1013.97;"A";17;"A";1;"A";7;"A";144;"A";0;"A";76.67;"A"
"2025-01-28 13:00";96.28;"A";4212.93;"A";45.39;"A";31.38;"A";27.64;"A";15.34;"A";59.98;"A";25;"A";8.82;"A";83.97;"A";1013.8;"A";18;"A";0;"A";7;"A";146;"A";0;"A";73.33;"A"
"2025-01-28 13:15";96.28;"A";4212.8;"A";44.56;"A";30.82;"A";27.14;"A";15.36;"A";60.02;"A";25;"A";8.9;"A";83.88;"A";1013.73;"A";18;"A";1;"A";7;"A";149;"A";0;"A";130;"A"
"2025-01-28 13:30";96.28;"A";4212.73;"A";43.81;"A";30.3;"A";26.69;"A";15.51;"A";59.99;"A";24;"A";9;"A";84.06;"A";1013.67;"A";17;"A";1;"A";7;"A";163;"A";0;"A";190;"A"
"2025-01-28 13:45";96.28;"A";4212.8;"A";44.8;"A";30.98;"A";27.28;"A";15.65;"A";60.01;"A";24;"A";9.06;"A";84.28;"A";1013.69;"A";17;"A";1;"A";7;"A";163;"A";0;"A";260;"A"
"2025-01-28 14:00";96.28;"A";4212.8;"A";46.75;"A";32.32;"A";28.46;"A";15.75;"A";59.97;"A";24;"A";9.11;"A";84.28;"A";1013.69;"A";17;"A";1;"A";7;"A";165;"A";0;"A";56.67;"A"
"2025-01-28 14:15";96.28;"A";4212.73;"A";49;"A";33.86;"A";29.82;"A";15.69;"A";59.96;"A";23;"A";9.16;"A";83.78;"A";1013.54;"A";17;"A";1;"A";6;"A";163;"A";0;"A";63.33;"A"
"2025-01-28 14:30";96.28;"A";4212.73;"A";49.74;"A";34.37;"A";30.27;"A";15.66;"A";60;"A";25;"A";9.25;"A";83.37;"A";1013.47;"A";15;"A";1;"A";9;"A";167;"A";0;"A";163.33;"A"
"2025-01-28 14:45";96.28;"A";4212.93;"A";47.06;"A";32.53;"A";28.65;"A";15.69;"A";59.99;"A";25;"A";9.26;"A";83.46;"A";1013.57;"A";17;"A";1;"A";8;"A";166;"A";0;"A";133.33;"A"
"2025-01-28 15:00";96.27;"A";4212.87;"A";46.05;"A";31.84;"A";28.04;"A";15.73;"A";59.99;"A";24;"A";9.24;"A";83.67;"A";1013.71;"A";17;"A";1;"A";7;"A";159;"A";0.33;"A";153.33;"A"
"2025-01-28 15:15";96.27;"A";4212.87;"A";49.06;"A";33.9;"A";29.86;"A";15.81;"A";60.02;"A";24;"A";9.23;"A";84.04;"A";1013.73;"A";16;"A";1;"A";8;"A";178;"A";0;"A";133.33;"A"
"2025-01-28 15:30";96.27;"A";4212.87;"A";53.46;"A";36.92;"A";32.51;"A";15.84;"A";60;"A";23;"A";9.17;"A";84.28;"A";1013.74;"A";15;"A";1;"A";9;"A";177;"A";0;"A";133.33;"A"
"2025-01-28 15:45";96.27;"A";4212.87;"A";50.83;"A";35.12;"A";30.93;"A";15.84;"A";60.01;"A";23;"A";9.15;"A";84.5;"A";1013.7;"A";16;"A";1;"A";8;"A";186;"A";0;"A";136.67;"A"
"2025-01-28 16:00";96.27;"A";4212.8;"A";53.07;"A";36.65;"A";32.28;"A";15.9;"A";60.05;"A";23;"A";9.07;"A";85.19;"A";1013.68;"A";15;"A";1;"A";8;"A";192;"A";0.33;"A";136.67;"A"
"2025-01-28 16:15";96.27;"A";4212.8;"A";55.98;"A";38.65;"A";34.04;"A";16.06;"A";60;"A";22;"A";8.99;"A";86.01;"A";1013.76;"A";14;"A";1;"A";8;"A";204;"A";0.33;"A";130;"A"
"2025-01-28 16:30";96.27;"A";4212.87;"A";56.17;"A";38.78;"A";34.15;"A";16.09;"A";60.01;"A";22;"A";8.97;"A";86.1;"A";1013.78;"A";14;"A";2;"A";8;"A";214;"A";0;"A";126.67;"A"
"2025-01-28 16:45";96.27;"A";4212.87;"A";56.1;"A";38.73;"A";34.11;"A";16.1;"A";60.02;"A";23;"A";8.91;"A";86.5;"A";1013.59;"A";14;"A";1;"A";8;"A";215;"A";0.33;"A";126.67;"A"
"2025-01-28 17:00";96.27;"A";4212.93;"A";56.98;"A";39.34;"A";34.64;"A";16.18;"A";60;"A";23;"A";8.86;"A";86.95;"A";1013.63;"A";13;"A";2;"A";10;"A";215;"A";0;"A";130;"A"
"2025-01-28 17:15";96.27;"A";4212.87;"A";64.14;"A";44.25;"A";38.97;"A";16.18;"A";60;"A";23;"A";8.88;"A";86.92;"A";1013.64;"A";14;"A";2;"A";8;"A";238;"A";0;"A";90;"A"
"2025-01-28 17:30";96.26;"A";4212.8;"A";64.18;"A";44.27;"A";38.99;"A";16.15;"A";59.99;"A";22;"A";8.86;"A";86.68;"A";1013.62;"A";13;"A";2;"A";9;"A";247;"A";0;"A";110;"A"
"2025-01-28 17:45";96.26;"A";4212.73;"A";60.1;"A";41.48;"A";36.53;"A";15.94;"A";59.99;"A";23;"A";8.86;"A";86.04;"A";1013.66;"A";15;"A";1;"A";8;"A";224;"A";0.33;"A";206.67;"A"
"2025-01-28 18:00";96.26;"A";4212.8;"A";59.41;"A";41;"A";36.11;"A";15.87;"A";59.93;"A";23;"A";8.89;"A";85.61;"A";1013.84;"A";14;"A";1;"A";8;"A";219;"A";0;"A";126.67;"A"
"2025-01-28 18:15";96.26;"A";4212.87;"A";54.8;"A";37.84;"A";33.33;"A";15.77;"A";60.04;"A";23;"A";8.8;"A";85.81;"A";1014.05;"A";16;"A";1;"A";7;"A";199;"A";0.33;"A";123.33;"A"
"2025-01-28 18:30";96.26;"A";4212.87;"A";50.32;"A";34.77;"A";30.62;"A";15.76;"A";59.98;"A";22;"A";8.68;"A";86.16;"A";1014.22;"A";14;"A";2;"A";7;"A";197;"A";0;"A";116.67;"A"
"2025-01-28 18:45";96.26;"A";4212.93;"A";45.71;"A";31.6;"A";27.83;"A";15.66;"A";59.97;"A";22;"A";8.54;"A";86.49;"A";1014.33;"A";15;"A";2;"A";7;"A";186;"A";0;"A";116.67;"A"
"2025-01-28 19:00";96.26;"A";4212.87;"A";45.46;"A";31.43;"A";27.68;"A";15.53;"A";60.01;"A";21;"A";8.48;"A";86.24;"A";1014.42;"A";15;"A";1;"A";7;"A";182;"A";0;"A";86.67;"A"
"2025-01-28 19:15";96.26;"A";4212.87;"A";46.78;"A";32.34;"A";28.48;"A";15.49;"A";60;"A";21;"A";8.42;"A";86.29;"A";1014.57;"A";14;"A";2;"A";7;"A";189;"A";0.33;"A";120;"A"
"2025-01-28 19:30";96.26;"A";4212.87;"A";50.12;"A";34.63;"A";30.5;"A";15.46;"A";60;"A";22;"A";8.49;"A";85.94;"A";1014.55;"A";15;"A";2;"A";6;"A";191;"A";0;"A";130;"A"
"2025-01-28 19:45";96.26;"A";4212.73;"A";50.62;"A";34.97;"A";30.8;"A";15.46;"A";60;"A";22;"A";8.48;"A";85.99;"A";1014.59;"A";15;"A";2;"A";6;"A";190;"A";0.33;"A";136.67;"A"
"2025-01-28 20:00";96.26;"A";4212.87;"A";50.47;"A";34.87;"A";30.71;"A";15.44;"A";60.01;"A";22;"A";8.48;"A";85.9;"A";1014.59;"A";15;"A";2;"A";7;"A";188;"A";0.33;"A";130;"A"
"2025-01-28 20:15";96.26;"A";4212.8;"A";52.11;"A";35.99;"A";31.7;"A";15.42;"A";60;"A";23;"A";8.45;"A";85.98;"A";1014.53;"A";16;"A";1;"A";7;"A";184;"A";0;"A";133.33;"A"
"2025-01-28 20:30";96.26;"A";4212.87;"A";51.04;"A";35.26;"A";31.05;"A";15.46;"A";60.01;"A";23;"A";8.39;"A";86.37;"A";1014.32;"A";16;"A";1;"A";7;"A";181;"A";0.33;"A";130;"A"
"2025-01-28 20:45";96.26;"A";4212.93;"A";52.01;"A";35.92;"A";31.64;"A";15.49;"A";59.99;"A";23;"A";8.36;"A";86.73;"A";1014.41;"A";17;"A";1;"A";7;"A";174;"A";0;"A";133.33;"A"
"2025-01-28 21:00";96.25;"A";4212.93;"A";52.61;"A";36.34;"A";32;"A";15.53;"A";59.98;"A";23;"A";8.33;"A";86.84;"A";1014.43;"A";16;"A";1;"A";7;"A";166;"A";0.33;"A";140;"A"
"2025-01-28 21:15";96.25;"A";4212.8;"A";51.78;"A";35.77;"A";31.5;"A";15.53;"A";59.99;"A";22;"A";8.34;"A";86.79;"A";1014.4;"A";16;"A";1;"A";6;"A";161;"A";0;"A";136.67;"A"
"2025-01-28 21:30";96.25;"A";4212.87;"A";54;"A";37.29;"A";32.84;"A";15.49;"A";60.03;"A";23;"A";8.34;"A";86.7;"A";1014.3;"A";17;"A";1;"A";6;"A";177;"A";0;"A";103.33;"A"
"2025-01-28 21:45";96.25;"A";4212.8;"A";62.56;"A";43.16;"A";38.01;"A";15.48;"A";59.96;"A";24;"A";8.43;"A";86.38;"A";1014.29;"A";17;"A";1;"A";7;"A";302;"A";1;"A";133.33;"A"
"2025-01-28 22:00";96.25;"A";4212.87;"A";64.61;"A";44.57;"A";39.25;"A";15.48;"A";59.93;"A";24;"A";8.43;"A";86.06;"A";1014.33;"A";17;"A";1;"A";7;"A";337;"A";0.67;"A";136.67;"A"
"2025-01-28 22:15";96.25;"A";4212.87;"A";66.09;"A";45.59;"A";40.15;"A";15.39;"A";59.99;"A";25;"A";8.45;"A";85.69;"A";1014.43;"A";18;"A";1;"A";7;"A";376;"A";0;"A";123.33;"A"
"2025-01-28 22:30";96.25;"A";4212.87;"A";55.02;"A";37.99;"A";33.46;"A";15.3;"A";60;"A";26;"A";8.39;"A";85.62;"A";1014.35;"A";20;"A";1;"A";6;"A";259;"A";0;"A";120;"A"
"2025-01-28 22:45";96.25;"A";4212.93;"A";65.25;"A";45.01;"A";39.64;"A";15.26;"A";60;"A";25;"A";8.4;"A";85.52;"A";1014.31;"A";18;"A";1;"A";7;"A";366;"A";0.67;"A";136.67;"A"
"2025-01-28 23:00";96.25;"A";4212.87;"A";70.69;"A";48.74;"A";42.93;"A";15.15;"A";59.98;"A";26;"A";8.46;"A";84.47;"A";1014.34;"A";19;"A";1;"A";7;"A";460;"A";0;"A";126.67;"A"
"2025-01-28 23:15";96.25;"A";4212.87;"A";71.01;"A";48.96;"A";43.12;"A";15.04;"A";60;"A";27;"A";8.48;"A";84.11;"A";1014.34;"A";19;"A";1;"A";8;"A";480;"A";0.33;"A";153.33;"A"
"2025-01-28 23:30";96.25;"A";4212.8;"A";64.79;"A";44.7;"A";39.36;"A";14.98;"A";59.96;"A";26;"A";8.45;"A";83.92;"A";1014.42;"A";19;"A";0;"A";7;"A";363;"A";0;"A";116.67;"A"
"2025-01-28 23:45";96.25;"A";4212.8;"A";59.68;"A";41.19;"A";36.28;"A";14.93;"A";60;"A";27;"A";8.32;"A";84.46;"A";1014.43;"A";19;"A";1;"A";8;"A";350;"A";0;"A";96.67;"A"
"2025-01-29 00:00";96.24;"A";4212.87;"A";60.27;"A";41.6;"A";36.63;"A";14.97;"A";59.98;"A";26;"A";8.26;"A";84.79;"A";1014.26;"A";19;"A";1;"A";8;"A";370;"A";0;"A";130;"A"
"2025-01-29 00:15";96.24;"A";4212.87;"A";53.88;"A";37.21;"A";32.77;"A";14.91;"A";60.01;"A";26;"A";8.17;"A";84.78;"A";1014.24;"A";19;"A";0;"A";7;"A";307;"A";0;"A";60;"A"
"2025-01-29 00:30";96.24;"A";4212.73;"A";50.48;"A";34.88;"A";30.72;"A";14.87;"A";60.01;"A";25;"A";8.06;"A";85.06;"A";1014.24;"A";18;"A";1;"A";7;"A";243;"A";0;"A";183.33;"A"
"2025-01-29 00:45";96.24;"A";4212.93;"A";48.43;"A";33.47;"A";29.48;"A";14.81;"A";60.01;"A";24;"A";7.92;"A";85.48;"A";1014.26;"A";17;"A";1;"A";7;"A";286;"A";0.33;"A";126.67;"A"
"2025-01-29 01:00";96.24;"A";4212.87;"A";48.45;"A";33.48;"A";29.49;"A";14.79;"A";60.01;"A";23;"A";7.92;"A";85.65;"A";1014.33;"A";16;"A";1;"A";7;"A";296;"A";0;"A";140;"A"
"2025-01-29 01:15";96.24;"A";4212.87;"A";50.37;"A";34.8;"A";30.65;"A";14.77;"A";59.99;"A";22;"A";7.89;"A";85.45;"A";1014.42;"A";15;"A";1;"A";7;"A";266;"A";0;"A";180;"A"
"2025-01-29 01:30";96.24;"A";4212.87;"A";56.71;"A";39.15;"A";34.48;"A";14.68;"A";60;"A";22;"A";7.79;"A";85.69;"A";1014.44;"A";15;"A";1;"A";8;"A";347;"A";0;"A";166.67;"A"
"2025-01-29 01:45";96.24;"A";4212.8;"A";57.67;"A";39.81;"A";35.06;"A";14.6;"A";59.98;"A";23;"A";7.67;"A";85.84;"A";1014.36;"A";15;"A";1;"A";8;"A";338;"A";0;"A";163.33;"A"
"2025-01-29 02:00";96.24;"A";4212.87;"A";58.15;"A";40.13;"A";35.35;"A";14.55;"A";60.04;"A";22;"A";7.6;"A";85.84;"A";1014.19;"A";15;"A";1;"A";8;"A";348;"A";0;"A";153.33;"A"
"2025-01-29 02:15";96.24;"A";4212.87;"A";62.02;"A";42.79;"A";37.69;"A";14.55;"A";60.01;"A";22;"A";7.54;"A";86.24;"A";1014.17;"A";14;"A";1;"A";8;"A";378;"A";0.33;"A";200;"A"
"2025-01-29 02:30";96.24;"A";4212.87;"A";63.59;"A";43.87;"A";38.64;"A";14.52;"A";60.01;"A";22;"A";7.52;"A";86.18;"A";1014;"A";14;"A";2;"A";8;"A";384;"A";0;"A";213.33;"A"
"2025-01-29 02:45";96.24;"A";4212.87;"A";70.23;"A";48.43;"A";42.65;"A";14.57;"A";60.02;"A";22;"A";7.53;"A";86.4;"A";1013.83;"A";14;"A";2;"A";8;"A";438;"A";0;"A";246.67;"A"
"2025-01-29 03:00";96.24;"A";4213;"A";71.62;"A";49.38;"A";43.49;"A";14.62;"A";59.99;"A";22;"A";7.5;"A";86.84;"A";1013.74;"A";13;"A";2;"A";9;"A";482;"A";0;"A";260;"A"
"2025-01-29 03:15";96.24;"A";4212.87;"A";64.92;"A";44.78;"A";39.44;"A";14.71;"A";60.01;"A";21;"A";7.55;"A";87.15;"A";1013.84;"A";14;"A";2;"A";7;"A";344;"A";0;"A";176.67;"A"
"2025-01-29 03:30";96.23;"A";4212.8;"A";60.65;"A";41.85;"A";36.86;"A";14.78;"A";60;"A";21;"A";7.58;"A";87.17;"A";1013.85;"A";15;"A";1;"A";6;"A";225;"A";0;"A";130;"A"
"2025-01-29 03:45";96.23;"A";4212.8;"A";80.11;"A";55.2;"A";48.62;"A";14.79;"A";59.94;"A";22;"A";7.62;"A";86.89;"A";1013.81;"A";14;"A";2;"A";8;"A";560;"A";0;"A";123.33;"A"
"2025-01-29 04:00";96.23;"A";4212.8;"A";81.84;"A";56.39;"A";49.66;"A";14.67;"A";60.02;"A";22;"A";7.55;"A";86.82;"A";1013.65;"A";13;"A";2;"A";9;"A";571;"A";0;"A";200;"A"
"2025-01-29 04:15";96.23;"A";4212.73;"A";73.02;"A";50.34;"A";44.33;"A";14.71;"A";59.97;"A";21;"A";7.56;"A";86.78;"A";1013.74;"A";13;"A";2;"A";8;"A";414;"A";0;"A";136.67;"A"
"2025-01-29 04:30";96.23;"A";4212.87;"A";61.19;"A";42.23;"A";37.19;"A";14.73;"A";60.01;"A";21;"A";7.64;"A";86.71;"A";1013.62;"A";14;"A";2;"A";7;"A";284;"A";0;"A";136.67;"A"
"2025-01-29 04:45";96.23;"A";4212.87;"A";59.14;"A";40.82;"A";35.95;"A";14.71;"A";60;"A";23;"A";7.62;"A";86.55;"A";1013.6;"A";14;"A";1;"A";9;"A";449;"A";0;"A";100;"A"
"2025-01-29 05:00";96.23;"A";4212.93;"A";54.94;"A";37.93;"A";33.41;"A";14.65;"A";59.99;"A";22;"A";7.6;"A";86.54;"A";1013.57;"A";14;"A";2;"A";8;"A";292;"A";0;"A";120;"A"
"2025-01-29 05:15";96.23;"A";4212.87;"A";68.59;"A";47.3;"A";41.66;"A";14.67;"A";60.01;"A";22;"A";7.52;"A";86.79;"A";1013.66;"A";12;"A";2;"A";10;"A";473;"A";0;"A";203.33;"A"
"2025-01-29 05:30";96.23;"A";4212.87;"A";71.97;"A";49.62;"A";43.7;"A";14.69;"A";59.97;"A";22;"A";7.59;"A";86.64;"A";1013.64;"A";12;"A";2;"A";11;"A";585;"A";0;"A";190;"A"
"2025-01-29 05:45";96.22;"A";4212.8;"A";67.51;"A";46.56;"A";41;"A";14.73;"A";59.98;"A";22;"A";7.58;"A";86.84;"A";1013.63;"A";12;"A";2;"A";10;"A";493;"A";0;"A";136.67;"A"
"2025-01-29 06:00";96.22;"A";4212.87;"A";64.13;"A";44.24;"A";38.96;"A";14.74;"A";60.02;"A";22;"A";7.58;"A";86.91;"A";1013.58;"A";13;"A";2;"A";9;"A";401;"A";0;"A";143.33;"A"
"2025-01-29 06:15";96.22;"A";4212.87;"A";65.82;"A";45.4;"A";39.98;"A";14.73;"A";59.99;"A";23;"A";7.59;"A";86.88;"A";1013.61;"A";14;"A";2;"A";9;"A";417;"A";0;"A";270;"A"
"2025-01-29 06:30";96.22;"A";4212.73;"A";73.61;"A";50.75;"A";44.69;"A";14.75;"A";59.99;"A";24;"A";7.58;"A";87.04;"A";1013.59;"A";13;"A";2;"A";12;"A";637;"A";0;"A";73.33;"A"
"2025-01-29 06:45";96.22;"A";4212.93;"A";69.88;"A";48.19;"A";42.44;"A";14.76;"A";59.99;"A";25;"A";7.64;"A";86.83;"A";1013.71;"A";13;"A";1;"A";12;"A";607;"A";0.33;"A";133.33;"A"
"2025-01-29 07:00";96.22;"A";4212.93;"A";60.03;"A";41.43;"A";36.49;"A";14.76;"A";59.99;"A";25;"A";7.59;"A";86.91;"A";1013.68;"A";15;"A";2;"A";10;"A";444;"A";0;"A";133.33;"A"
"2025-01-29 07:15";96.22;"A";4212.8;"A";55.21;"A";38.12;"A";33.57;"A";14.71;"A";59.99;"A";26;"A";7.53;"A";86.96;"A";1013.57;"A";17;"A";1;"A";9;"A";369;"A";0.33;"A";133.33;"A"
"2025-01-29 07:30";96.22;"A";4212.87;"A";51.02;"A";35.25;"A";31.04;"A";14.68;"A";60.03;"A";26;"A";7.52;"A";87.13;"A";1013.61;"A";18;"A";1;"A";8;"A";241;"A";0;"A";126.67;"A"
"2025-01-29 07:45";96.22;"A";4212.93;"A";55.25;"A";38.15;"A";33.6;"A";14.73;"A";60;"A";26;"A";7.55;"A";87.08;"A";1013.81;"A";16;"A";1;"A";10;"A";297;"A";0.33;"A";123.33;"A"
"2025-01-29 08:00";96.22;"A";4212.8;"A";52.47;"A";36.24;"A";31.92;"A";14.75;"A";60;"A";26;"A";7.55;"A";87.35;"A";1013.81;"A";15;"A";1;"A";10;"A";255;"A";0.33;"A";126.67;"A"
"2025-01-29 08:15";96.22;"A";4212.8;"A";52.19;"A";36.05;"A";31.75;"A";14.76;"A";59.99;"A";26;"A";7.52;"A";87.14;"A";1013.87;"A";15;"A";2;"A";12;"A";889;"A";0.33;"A";130;"A"
"2025-01-29 08:30";96.22;"A";4212.8;"A";56.26;"A";38.84;"A";34.21;"A";14.78;"A";60.01;"A";25;"A";7.54;"A";87.09;"A";1013.88;"A";13;"A";1;"A";12;"A";409;"A";1;"A";130;"A"
"2025-01-29 08:45";96.22;"A";4212.87;"A";55.51;"A";38.33;"A";33.76;"A";14.6;"A";60;"A";25;"A";7.53;"A";86.59;"A";1013.86;"A";12;"A";1;"A";13;"A";351;"A";0;"A";173.33;"A"
"2025-01-29 09:00";96.21;"A";4212.93;"A";54.98;"A";37.96;"A";33.43;"A";14.59;"A";59.95;"A";24;"A";7.64;"A";86.11;"A";1013.95;"A";13;"A";2;"A";11;"A";284;"A";0.33;"A";270;"A"
"2025-01-29 09:15";96.21;"A";4212.8;"A";60.1;"A";41.47;"A";36.53;"A";14.7;"A";59.94;"A";23;"A";7.81;"A";85.67;"A";1014.1;"A";12;"A";1;"A";11;"A";392;"A";0.33;"A";166.67;"A"
"2025-01-29 09:30";96.21;"A";4212.8;"A";66.38;"A";45.78;"A";40.32;"A";14.75;"A";59.94;"A";24;"A";7.92;"A";85.59;"A";1014.26;"A";11;"A";1;"A";14;"A";468;"A";0;"A";126.67;"A"
"2025-01-29 09:45";96.21;"A";4212.8;"A";71.79;"A";49.49;"A";43.59;"A";14.71;"A";60.04;"A";26;"A";7.97;"A";84.85;"A";1014.19;"A";8;"A";2;"A";18;"A";533;"A";0;"A";96.67;"A"
"2025-01-29 10:00";96.21;"A";4212.87;"A";65.3;"A";45.04;"A";39.67;"A";14.71;"A";60.02;"A";24;"A";8.08;"A";84.58;"A";1014.17;"A";9;"A";2;"A";15;"A";441;"A";0;"A";80;"A"
"2025-01-29 10:15";96.21;"A";4212.8;"A";59.7;"A";41.2;"A";36.29;"A";14.8;"A";60;"A";24;"A";8.18;"A";84.67;"A";1014.21;"A";10;"A";1;"A";14;"A";410;"A";0;"A";76.67;"A"
"2025-01-29 10:30";96.21;"A";4212.87;"A";60.64;"A";41.84;"A";36.85;"A";14.91;"A";59.98;"A";24;"A";8.32;"A";84.42;"A";1014.29;"A";13;"A";1;"A";11;"A";304;"A";0;"A";136.67;"A"
"2025-01-29 10:45";96.21;"A";4213;"A";60.06;"A";41.45;"A";36.5;"A";14.97;"A";59.99;"A";24;"A";8.55;"A";83.65;"A";1014.19;"A";15;"A";2;"A";10;"A";293;"A";0;"A";133.33;"A"
"2025-01-29 11:00";96.21;"A";4212.8;"A";60.25;"A";41.58;"A";36.62;"A";15.1;"A";59.98;"A";24;"A";8.65;"A";83.49;"A";1014.02;"A";14;"A";2;"A";10;"A";290;"A";0;"A";126.67;"A"
"2025-01-29 11:15";96.21;"A";4212.8;"A";63.91;"A";44.09;"A";38.83;"A";15.23;"A";59.96;"A";25;"A";8.82;"A";83.56;"A";1013.81;"A";15;"A";1;"A";10;"A";402;"A";0;"A";103.33;"A"
"2025-01-29 11:30";96.21;"A";4212.87;"A";64.29;"A";44.35;"A";39.06;"A";15.33;"A";59.99;"A";25;"A";9.06;"A";82.59;"A";1013.49;"A";14;"A";1;"A";11;"A";459;"A";0.33;"A";123.33;"A"
"2025-01-29 11:45";96.21;"A";4212.87;"A";63.91;"A";44.09;"A";38.83;"A";15.44;"A";59.98;"A";26;"A";9.29;"A";82.28;"A";1013.46;"A";15;"A";1;"A";11;"A";507;"A";0.33;"A";136.67;"A"
"2025-01-29 12:00";96.21;"A";4212.73;"A";64.93;"A";44.79;"A";39.44;"A";15.55;"A";59.98;"A";26;"A";9.51;"A";81.91;"A";1013.44;"A";16;"A";1;"A";10;"A";530;"A";0;"A";36.67;"A"
"2025-01-29 12:15";96.21;"A";4212.8;"A";62.46;"A";43.09;"A";37.95;"A";15.68;"A";59.98;"A";26;"A";9.61;"A";81.97;"A";1013.38;"A";17;"A";1;"A";9;"A";451;"A";0.33;"A";120;"A"
"2025-01-29 12:30";96.21;"A";4212.93;"A";55.87;"A";38.58;"A";33.97;"A";15.78;"A";59.99;"A";27;"A";9.8;"A";81.25;"A";1013.28;"A";17;"A";1;"A";10;"A";320;"A";0.33;"A";53.33;"A"
"2025-01-29 12:45";96.2;"A";4212.87;"A";57.44;"A";39.65;"A";34.92;"A";16.14;"A";59.98;"A";26;"A";9.99;"A";81.88;"A";1013.12;"A";16;"A";1;"A";11;"A";378;"A";0;"A";126.67;"A"
"2025-01-29 13:00";96.2;"A";4212.87;"A";61.4;"A";42.37;"A";37.32;"A";16.32;"A";60.01;"A";27;"A";10.15;"A";81.79;"A";1012.96;"A";16;"A";1;"A";11;"A";466;"A";0;"A";93.33;"A"
"2025-01-29 13:15";96.2;"A";4212.73;"A";57.84;"A";39.93;"A";35.16;"A";16.6;"A";60.01;"A";26;"A";10.25;"A";82.29;"A";1013.05;"A";17;"A";1;"A";9;"A";409;"A";0.33;"A";103.33;"A"
"2025-01-29 13:30";96.2;"A";4212.8;"A";63.62;"A";43.89;"A";38.66;"A";16.77;"A";59.99;"A";25;"A";10.35;"A";82.38;"A";1013.09;"A";17;"A";1;"A";9;"A";433;"A";1;"A";136.67;"A"
"2025-01-29 13:45";96.2;"A";4212.87;"A";50.65;"A";34.99;"A";30.82;"A";16.92;"A";59.97;"A";25;"A";10.54;"A";82.28;"A";1013.19;"A";18;"A";1;"A";7;"A";222;"A";0.33;"A";136.67;"A"
"2025-01-29 14:00";96.2;"A";4212.8;"A";44.13;"A";30.52;"A";26.88;"A";17.04;"A";60;"A";24;"A";10.68;"A";81.99;"A";1013.19;"A";18;"A";1;"A";6;"A";160;"A";0.67;"A";136.67;"A"
"2025-01-29 14:15";96.2;"A";4212.87;"A";40.4;"A";27.96;"A";24.63;"A";17.07;"A";60;"A";25;"A";10.8;"A";81.55;"A";1013.19;"A";19;"A";1;"A";6;"A";132;"A";0.33;"A";106.67;"A"
"2025-01-29 14:30";96.2;"A";4213;"A";41.6;"A";28.78;"A";25.35;"A";17.23;"A";60.02;"A";25;"A";10.86;"A";82.04;"A";1013.21;"A";18;"A";1;"A";6;"A";166;"A";0;"A";120;"A"
"2025-01-29 14:45";96.2;"A";4212.8;"A";41.15;"A";28.47;"A";25.08;"A";17.34;"A";60.02;"A";25;"A";10.93;"A";82.3;"A";1013.21;"A";18;"A";1;"A";7;"A";162;"A";0;"A";96.67;"A"
"2025-01-29 15:00";96.2;"A";4212.87;"A";40.9;"A";28.31;"A";24.93;"A";17.51;"A";59.96;"A";24;"A";11.06;"A";82.21;"A";1013.1;"A";17;"A";1;"A";7;"A";199;"A";0.33;"A";136.67;"A"
"2025-01-29 15:15";96.2;"A";4212.87;"A";48.81;"A";33.73;"A";29.71;"A";17.59;"A";60.04;"A";25;"A";11.2;"A";81.98;"A";1013.11;"A";16;"A";1;"A";9;"A";296;"A";0.33;"A";106.67;"A"
"2025-01-29 15:30";96.19;"A";4212.87;"A";51.75;"A";35.75;"A";31.48;"A";17.73;"A";59.98;"A";25;"A";11.32;"A";81.96;"A";1013.1;"A";14;"A";1;"A";11;"A";399;"A";0.33;"A";133.33;"A"
"2025-01-29 15:45";96.19;"A";4212.87;"A";49.72;"A";34.36;"A";30.26;"A";17.84;"A";60;"A";25;"A";11.45;"A";81.92;"A";1013.14;"A";12;"A";1;"A";13;"A";445;"A";0;"A";53.33;"A"
"2025-01-29 16:00";96.19;"A";4212.8;"A";45.91;"A";31.74;"A";27.95;"A";17.97;"A";59.98;"A";25;"A";11.58;"A";81.69;"A";1013.29;"A";14;"A";1;"A";11;"A";341;"A";0;"A";130;"A"
"2025-01-29 16:15";96.19;"A";4212.87;"A";44.81;"A";30.99;"A";27.29;"A";18.03;"A";59.99;"A";24;"A";11.63;"A";81.9;"A";1013.37;"A";13;"A";1;"A";12;"A";327;"A";0;"A";133.33;"A"
"2025-01-29 16:30";96.19;"A";4212.93;"A";42.34;"A";29.29;"A";25.8;"A";18.13;"A";60.02;"A";25;"A";11.67;"A";82.14;"A";1013.34;"A";12;"A";1;"A";13;"A";305;"A";0;"A";130;"A"
"2025-01-29 16:45";96.19;"A";4212.87;"A";40.76;"A";28.21;"A";24.84;"A";18.24;"A";59.98;"A";27;"A";11.74;"A";82.23;"A";1013.28;"A";15;"A";1;"A";12;"A";309;"A";0;"A";143.33;"A"
"2025-01-29 17:00";96.19;"A";4212.8;"A";46.77;"A";32.33;"A";28.47;"A";18.27;"A";59.97;"A";27;"A";11.75;"A";82.2;"A";1013.12;"A";13;"A";1;"A";14;"A";323;"A";0;"A";60;"A"
"2025-01-29 17:15";96.19;"A";4212.87;"A";45.64;"A";31.55;"A";27.79;"A";18.25;"A";60.01;"A";27;"A";11.69;"A";82.49;"A";1013.28;"A";14;"A";1;"A";13;"A";326;"A";0;"A";53.33;"A"
"2025-01-29 17:30";96.19;"A";4212.73;"A";44.84;"A";31.01;"A";27.31;"A";18.26;"A";60.01;"A";27;"A";11.57;"A";82.93;"A";1013.42;"A";13;"A";1;"A";14;"A";341;"A";0;"A";90;"A"
"2025-01-29 17:45";96.19;"A";4212.8;"A";41.75;"A";28.89;"A";25.44;"A";18.23;"A";60.03;"A";25;"A";11.45;"A";83.38;"A";1013.46;"A";13;"A";1;"A";12;"A";301;"A";0.33;"A";136.67;"A"
"2025-01-29 18:00";96.19;"A";4212.73;"A";44.12;"A";30.51;"A";26.87;"A";18.31;"A";60;"A";26;"A";11.49;"A";83.55;"A";1013.68;"A";11;"A";1;"A";15;"A";336;"A";0.67;"A";130;"A"
"2025-01-29 18:15";96.19;"A";4212.87;"A";45.93;"A";31.76;"A";27.97;"A";18.39;"A";59.99;"A";26;"A";11.61;"A";83.33;"A";1013.72;"A";10;"A";2;"A";16;"A";419;"A";1;"A";133.33;"A"
"2025-01-29 18:30";96.19;"A";4212.87;"A";45.39;"A";31.39;"A";27.64;"A";18.42;"A";59.99;"A";25;"A";11.66;"A";83.26;"A";1013.8;"A";11;"A";1;"A";14;"A";338;"A";0.67;"A";136.67;"A"
"2025-01-29 18:45";96.18;"A";4212.87;"A";52.11;"A";35.99;"A";31.7;"A";18.43;"A";60.02;"A";24;"A";11.63;"A";83.54;"A";1013.84;"A";11;"A";2;"A";13;"A";381;"A";0.67;"A";140;"A"
"2025-01-29 19:00";96.18;"A";4212.67;"A";44.51;"A";30.78;"A";27.11;"A";18.53;"A";60;"A";24;"A";11.7;"A";83.53;"A";1014.03;"A";14;"A";2;"A";10;"A";334;"A";0.33;"A";140;"A"
"2025-01-29 19:15";96.18;"A";4212.87;"A";38.27;"A";26.5;"A";23.34;"A";18.57;"A";59.99;"A";24;"A";11.77;"A";83.44;"A";1013.97;"A";16;"A";2;"A";8;"A";220;"A";0;"A";123.33;"A"
"2025-01-29 19:30";96.18;"A";4212.73;"A";33.89;"A";23.5;"A";20.69;"A";18.58;"A";59.98;"A";25;"A";11.73;"A";83.59;"A";1014.15;"A";17;"A";1;"A";8;"A";191;"A";0;"A";136.67;"A"
"2025-01-29 19:45";96.18;"A";4212.87;"A";29.93;"A";20.78;"A";18.3;"A";18.56;"A";59.97;"A";26;"A";11.8;"A";83.03;"A";1014.37;"A";20;"A";2;"A";6;"A";160;"A";0;"A";203.33;"A"
"2025-01-29 20:00";96.18;"A";4212.67;"A";31.37;"A";21.76;"A";19.17;"A";18.43;"A";59.95;"A";28;"A";11.88;"A";82.13;"A";1014.48;"A";22;"A";1;"A";6;"A";158;"A";0.33;"A";203.33;"A"
"2025-01-29 20:15";96.18;"A";4212.87;"A";29.73;"A";20.64;"A";18.18;"A";18.35;"A";60;"A";29;"A";11.87;"A";82.02;"A";1014.45;"A";22;"A";1;"A";7;"A";163;"A";0.33;"A";326.67;"A"
"2025-01-29 20:30";96.18;"A";4212.87;"A";29.26;"A";20.32;"A";17.9;"A";18.38;"A";60;"A";29;"A";11.81;"A";82.42;"A";1014.58;"A";21;"A";1;"A";8;"A";163;"A";0;"A";240;"A"
"2025-01-29 20:45";96.18;"A";4212.87;"A";31.25;"A";21.68;"A";19.1;"A";18.43;"A";60;"A";29;"A";11.77;"A";82.68;"A";1014.71;"A";22;"A";1;"A";7;"A";162;"A";0;"A";230;"A"
"2025-01-29 21:00";96.18;"A";4212.8;"A";31.63;"A";21.95;"A";19.33;"A";18.39;"A";59.99;"A";29;"A";11.74;"A";82.68;"A";1014.99;"A";20;"A";0;"A";9;"A";161;"A";0;"A";330;"A"
"2025-01-29 21:15";96.18;"A";4212.73;"A";31.3;"A";21.72;"A";19.13;"A";18.32;"A";59.99;"A";28;"A";11.64;"A";82.66;"A";1015.27;"A";19;"A";0;"A";10;"A";148;"A";0;"A";173.33;"A"
"2025-01-29 21:30";96.18;"A";4212.73;"A";32.77;"A";22.73;"A";20.02;"A";18.22;"A";59.96;"A";28;"A";11.57;"A";82.63;"A";1015.34;"A";17;"A";1;"A";10;"A";161;"A";0;"A";260;"A"
"2025-01-29 21:45";96.18;"A";4212.87;"A";31.61;"A";21.93;"A";19.32;"A";18.15;"A";60.02;"A";29;"A";11.55;"A";82.64;"A";1015.4;"A";19;"A";0;"A";10;"A";169;"A";0;"A";236.67;"A"
"2025-01-29 22:00";96.18;"A";4212.87;"A";36.07;"A";24.99;"A";22.01;"A";18.19;"A";59.98;"A";28;"A";11.49;"A";82.89;"A";1015.48;"A";17;"A";0;"A";12;"A";180;"A";0;"A";183.33;"A"
"2025-01-29 22:15";96.17;"A";4212.93;"A";35.77;"A";24.79;"A";21.83;"A";18.16;"A";59.99;"A";28;"A";11.47;"A";82.91;"A";1015.58;"A";15;"A";1;"A";13;"A";197;"A";0.33;"A";156.67;"A"
"2025-01-29 22:30";96.17;"A";4212.87;"A";38.08;"A";26.37;"A";23.23;"A";18.12;"A";60.02;"A";28;"A";11.38;"A";83.16;"A";1015.55;"A";13;"A";1;"A";15;"A";217;"A";0;"A";263.33;"A"
"2025-01-29 22:45";96.17;"A";4212.8;"A";38.53;"A";26.68;"A";23.5;"A";18.07;"A";59.96;"A";26;"A";11.25;"A";83.4;"A";1015.69;"A";9;"A";1;"A";17;"A";278;"A";0;"A";106.67;"A"
"2025-01-29 23:00";96.17;"A";4212.67;"A";43.45;"A";30.05;"A";26.47;"A";17.93;"A";59.99;"A";22;"A";10.91;"A";84.18;"A";1015.9;"A";7;"A";3;"A";16;"A";478;"A";0;"A";216.67;"A"
"2025-01-29 23:15";96.17;"A";4212.73;"A";50.13;"A";34.63;"A";30.5;"A";17.67;"A";60.03;"A";21;"A";10.61;"A";84.4;"A";1016.15;"A";5;"A";11;"A";16;"A";2572;"A";0.67;"A";200;"A"
"2025-01-29 23:30";96.17;"A";4212.87;"A";47.72;"A";32.98;"A";29.05;"A";17.27;"A";59.95;"A";20;"A";10.23;"A";84.34;"A";1016.05;"A";6;"A";4;"A";14;"A";821;"A";0;"A";86.67;"A"
"2025-01-29 23:45";96.17;"A";4212.87;"A";61.04;"A";42.12;"A";37.1;"A";16.99;"A";60.02;"A";20;"A";9.95;"A";84.67;"A";1016.08;"A";5;"A";3;"A";15;"A";431;"A";0;"A";73.33;"A"
"2025-01-30 00:00";96.17;"A";4212.8;"A";64.77;"A";44.68;"A";39.35;"A";16.86;"A";60.07;"A";20;"A";9.78;"A";85.2;"A";1016.33;"A";5;"A";3;"A";15;"A";391;"A";0;"A";73.33;"A"
"2025-01-30 00:15";96.17;"A";4213;"A";59.75;"A";41.24;"A";36.32;"A";16.89;"A";60.03;"A";19;"A";9.75;"A";85.45;"A";1016.45;"A";5;"A";3;"A";14;"A";446;"A";0;"A";140;"A"
"2025-01-30 00:30";96.17;"A";4212.8;"A";63.56;"A";43.85;"A";38.62;"A";16.93;"A";59.99;"A";19;"A";9.8;"A";85.29;"A";1016.56;"A";5;"A";3;"A";15;"A";514;"A";0;"A";233.33;"A"
"2025-01-30 00:45";96.17;"A";4212.73;"A";63.62;"A";43.89;"A";38.65;"A";16.95;"A";60.02;"A";19;"A";9.76;"A";85.49;"A";1016.57;"A";4;"A";4;"A";15;"A";557;"A";0;"A";260;"A"
"2025-01-30 01:00";96.17;"A";4212.73;"A";67.75;"A";46.72;"A";41.15;"A";17.01;"A";60.01;"A";17;"A";9.66;"A";86.19;"A";1016.63;"A";4;"A";5;"A";13;"A";573;"A";0;"A";143.33;"A"
"2025-01-30 01:15";96.17;"A";4212.8;"A";80.07;"A";55.17;"A";48.59;"A";16.97;"A";59.96;"A";18;"A";9.65;"A";86.19;"A";1016.8;"A";3;"A";6;"A";15;"A";939;"A";0.67;"A";133.33;"A"
"2025-01-30 01:30";96.17;"A";4212.87;"A";92.28;"A";63.56;"A";55.97;"A";16.96;"A";60.05;"A";19;"A";9.67;"A";86.24;"A";1016.91;"A";2;"A";6;"A";17;"A";914;"A";0;"A";220;"A"
"2025-01-30 01:45";96.17;"A";4212.87;"A";88.34;"A";60.85;"A";53.59;"A";17.02;"A";60.02;"A";17;"A";9.56;"A";86.98;"A";1017.06;"A";1;"A";7;"A";16;"A";952;"A";0;"A";166.67;"A"
"2025-01-30 02:00";96.16;"A";4212.8;"A";81.21;"A";55.96;"A";49.28;"A";17.02;"A";59.99;"A";17;"A";9.65;"A";86.43;"A";1017.28;"A";3;"A";6;"A";15;"A";715;"A";0;"A";216.67;"A"
"2025-01-30 02:15";96.16;"A";4212.93;"A";78.22;"A";53.9;"A";47.47;"A";17.04;"A";59.97;"A";16;"A";9.62;"A";86.62;"A";1017.25;"A";2;"A";6;"A";15;"A";692;"A";0;"A";160;"A"
"2025-01-30 02:30";96.16;"A";4212.87;"A";66.21;"A";45.67;"A";40.22;"A";16.98;"A";59.96;"A";18;"A";9.56;"A";86.5;"A";1017.34;"A";0;"A";4;"A";19;"A";480;"A";0;"A";150;"A"
"2025-01-30 02:45";96.16;"A";4212.8;"A";55.94;"A";38.62;"A";34.01;"A";16.93;"A";59.99;"A";20;"A";9.47;"A";86.92;"A";1017.36;"A";0;"A";3;"A";21;"A";324;"A";0;"A";246.67;"A"
"2025-01-30 03:00";96.16;"A";4212.8;"A";53.78;"A";37.14;"A";32.71;"A";16.88;"A";59.99;"A";21;"A";9.43;"A";86.92;"A";1017.19;"A";0;"A";3;"A";22;"A";294;"A";0;"A";246.67;"A"
"2025-01-30 03:15";96.16;"A";4212.8;"A";67.44;"A";46.51;"A";40.96;"A";16.94;"A";59.98;"A";19;"A";9.49;"A";86.9;"A";1017.13;"A";0;"A";3;"A";20;"A";404;"A";0;"A";200;"A"
"2025-01-30 03:30";96.16;"A";4212.87;"A";68.68;"A";47.36;"A";41.71;"A";16.89;"A";60.01;"A";18;"A";9.48;"A";86.63;"A";1017.15;"A";1;"A";4;"A";18;"A";394;"A";0;"A";146.67;"A"
"2025-01-30 03:45";96.16;"A";4212.73;"A";62.4;"A";43.05;"A";37.92;"A";16.87;"A";60;"A";18;"A";9.45;"A";86.8;"A";1017.18;"A";1;"A";4;"A";17;"A";343;"A";0;"A";196.67;"A"
"2025-01-30 04:00";96.16;"A";4212.93;"A";62.2;"A";42.92;"A";37.8;"A";16.84;"A";59.99;"A";17;"A";9.44;"A";86.61;"A";1017.41;"A";2;"A";5;"A";16;"A";468;"A";0;"A";136.67;"A"
"2025-01-30 04:15";96.16;"A";4212.87;"A";65.05;"A";44.87;"A";39.52;"A";16.87;"A";60;"A";16;"A";9.37;"A";86.95;"A";1017.6;"A";2;"A";6;"A";15;"A";508;"A";0;"A";133.33;"A"
"2025-01-30 04:30";96.15;"A";4212.8;"A";75.16;"A";51.81;"A";45.63;"A";16.81;"A";60.03;"A";17;"A";9.47;"A";86.44;"A";1017.69;"A";2;"A";5;"A";15;"A";492;"A";0;"A";216.67;"A"
"2025-01-30 04:45";96.15;"A";4212.8;"A";72.28;"A";49.83;"A";43.89;"A";16.81;"A";60.02;"A";17;"A";9.33;"A";87.12;"A";1017.88;"A";1;"A";4;"A";17;"A";407;"A";0.33;"A";136.67;"A"
"2025-01-30 05:00";96.15;"A";4212.87;"A";62.74;"A";43.29;"A";38.12;"A";16.81;"A";60.01;"A";18;"A";9.27;"A";87.28;"A";1017.92;"A";0;"A";5;"A";18;"A";312;"A";0;"A";183.33;"A"
"2025-01-30 05:15";96.15;"A";4212.8;"A";61.6;"A";42.51;"A";37.44;"A";16.81;"A";59.94;"A";17;"A";9.19;"A";87.49;"A";1017.99;"A";0;"A";4;"A";18;"A";291;"A";0;"A";243.33;"A"
"2025-01-30 05:30";96.15;"A";4212.87;"A";56.01;"A";38.67;"A";34.06;"A";16.77;"A";59.98;"A";17;"A";9.16;"A";87.64;"A";1018.22;"A";0;"A";4;"A";18;"A";264;"A";0.33;"A";133.33;"A"
"2025-01-30 05:45";96.15;"A";4212.87;"A";53.6;"A";37.02;"A";32.6;"A";16.75;"A";59.98;"A";18;"A";9.14;"A";87.61;"A";1018.27;"A";0;"A";4;"A";19;"A";256;"A";0;"A";120;"A"
"2025-01-30 06:00";96.15;"A";4212.87;"A";51.61;"A";35.65;"A";31.4;"A";16.66;"A";60.01;"A";19;"A";9.14;"A";87.31;"A";1018.34;"A";0;"A";4;"A";20;"A";238;"A";0;"A";120;"A"
"2025-01-30 06:15";96.15;"A";4213;"A";49.96;"A";34.52;"A";30.4;"A";16.58;"A";60.04;"A";20;"A";9.08;"A";87.37;"A";1018.39;"A";0;"A";3;"A";21;"A";241;"A";0;"A";180;"A"
"2025-01-30 06:30";96.15;"A";4212.87;"A";49.49;"A";34.2;"A";30.12;"A";16.62;"A";59.99;"A";18;"A";9.02;"A";87.52;"A";1018.36;"A";0;"A";4;"A";19;"A";231;"A";0;"A";136.67;"A"
"2025-01-30 06:45";96.15;"A";4212.8;"A";50.76;"A";35.07;"A";30.89;"A";16.53;"A";59.99;"A";18;"A";8.97;"A";87.5;"A";1018.5;"A";0;"A";3;"A";20;"A";249;"A";0;"A";173.33;"A"
"2025-01-30 07:00";96.15;"A";4212.8;"A";51.06;"A";35.27;"A";31.06;"A";16.55;"A";59.98;"A";17;"A";8.93;"A";87.7;"A";1018.74;"A";0;"A";4;"A";18;"A";263;"A";0;"A";133.33;"A"
"2025-01-30 07:15";96.15;"A";4212.8;"A";50.92;"A";35.18;"A";30.98;"A";16.49;"A";59.99;"A";17;"A";8.96;"A";87.44;"A";1019.02;"A";0;"A";4;"A";18;"A";291;"A";0;"A";190;"A"
"2025-01-30 07:30";96.15;"A";4212.8;"A";51.08;"A";35.29;"A";31.08;"A";16.44;"A";60.01;"A";17;"A";8.95;"A";87.28;"A";1019.24;"A";0;"A";4;"A";18;"A";267;"A";0;"A";236.67;"A"
"2025-01-30 07:45";96.15;"A";4212.8;"A";53.04;"A";36.63;"A";32.26;"A";16.42;"A";60.01;"A";17;"A";8.95;"A";87.21;"A";1019.32;"A";0;"A";4;"A";18;"A";293;"A";0;"A";183.33;"A"
"2025-01-30 08:00";96.14;"A";4212.8;"A";51.65;"A";35.68;"A";31.42;"A";16.31;"A";59.95;"A";17;"A";9.03;"A";86.44;"A";1019.41;"A";0;"A";5;"A";18;"A";357;"A";0.33;"A";263.33;"A"
"2025-01-30 08:15";96.14;"A";4213;"A";54.52;"A";37.65;"A";33.16;"A";16.3;"A";59.98;"A";17;"A";9.01;"A";86.61;"A";1019.46;"A";0;"A";5;"A";19;"A";347;"A";0;"A";270;"A"
"2025-01-30 08:30";96.14;"A";4212.87;"A";55.39;"A";38.24;"A";33.68;"A";16.3;"A";60.02;"A";17;"A";9.14;"A";86.14;"A";1019.38;"A";0;"A";5;"A";18;"A";399;"A";0;"A";86.67;"A"
"2025-01-30 08:45";96.14;"A";4212.8;"A";63.49;"A";43.8;"A";38.58;"A";16.49;"A";60.05;"A";18;"A";9.37;"A";85.85;"A";1019.44;"A";0;"A";5;"A";19;"A";549;"A";0;"A";166.67;"A"
"2025-01-30 09:00";96.14;"A";4212.87;"A";63.47;"A";43.79;"A";38.56;"A";16.6;"A";59.87;"A";17;"A";9.54;"A";85.15;"A";1019.65;"A";0;"A";6;"A";18;"A";492;"A";0;"A";146.67;"A"
"2025-01-30 09:15";96.14;"A";4212.8;"A";65.19;"A";44.97;"A";39.61;"A";16.52;"A";60.04;"A";18;"A";9.64;"A";84.79;"A";1019.73;"A";0;"A";6;"A";20;"A";566;"A";0;"A";150;"A"
"2025-01-30 09:30";96.14;"A";4212.87;"A";71.83;"A";49.52;"A";43.62;"A";16.66;"A";59.91;"A";19;"A";9.8;"A";84.2;"A";1019.58;"A";0;"A";6;"A";20;"A";626;"A";0;"A";203.33;"A"
"2025-01-30 09:45";96.14;"A";4212.87;"A";70.38;"A";48.53;"A";42.74;"A";16.67;"A";60;"A";20;"A";10.12;"A";82.8;"A";1019.71;"A";0;"A";6;"A";22;"A";592;"A";0;"A";153.33;"A"
"2025-01-30 10:00";96.14;"A";4212.8;"A";67.84;"A";46.78;"A";41.2;"A";16.8;"A";59.91;"A";22;"A";10.34;"A";82.5;"A";1019.74;"A";0;"A";5;"A";24;"A";604;"A";0;"A";183.33;"A"
"2025-01-30 10:15";96.14;"A";4212.87;"A";67.5;"A";46.66;"A";40.34;"A";16.74;"A";59.92;"A";23;"A";10.42;"A";81.58;"A";1019.76;"A";0;"A";5;"A";25;"A";551;"A";0;"A";253.33;"A"
"2025-01-30 10:30";96.14;"A";4212.87;"A";66.74;"A";46.03;"A";40.54;"A";16.58;"A";60.08;"A";24;"A";10.41;"A";81.15;"A";1019.86;"A";0;"A";4;"A";27;"A";451;"A";0;"A";253.33;"A"
"2025-01-30 10:45";96.14;"A";4212.8;"A";66.83;"A";46.09;"A";40.59;"A";16.78;"A";59.93;"A";24;"A";10.51;"A";81.3;"A";1020;"A";0;"A";4;"A";26;"A";439;"A";0;"A";303.33;"A"
"2025-01-30 11:00";96.13;"A";4212.8;"A";65.82;"A";45.76;"A";39.79;"A";16.52;"A";59.91;"A";26;"A";10.68;"A";79.25;"A";1019.83;"A";0;"A";3;"A";27;"A";413;"A";0;"A";183.33;"A"
"2025-01-30 11:15";96.07;"A";4204.67;"A";69.96;"A";52.12;"A";36.62;"A";16.36;"A";59.31;"A";28;"A";10.85;"A";76.96;"A";1019.59;"A";2;"A";2;"A";26;"A";348;"A";0;"A";190;"A"
"2025-01-30 11:30";96.07;"A";4212.07;"A";58.75;"A";42.99;"A";29.55;"A";16.46;"A";57.71;"A";28;"A";10.94;"A";75.11;"A";1019.38;"A";10;"A";2;"A";18;"A";220;"A";0;"A";186.67;"A"
"2025-01-30 11:45";96.09;"A";4212.73;"A";52.29;"A";40.42;"A";27.53;"A";16.57;"A";56.98;"A";29;"A";11.05;"A";74.26;"A";1019.37;"A";13;"A";1;"A";15;"A";197;"A";0;"A";173.33;"A"
"2025-01-30 12:00";96.11;"A";4212.87;"A";51.29;"A";38.55;"A";26.44;"A";16.66;"A";56.2;"A";29;"A";11.07;"A";73.93;"A";1019.44;"A";17;"A";1;"A";12;"A";159;"A";0.33;"A";96.67;"A"
"2025-01-30 12:15";96.12;"A";4212.93;"A";51.64;"A";40.09;"A";27.4;"A";16.72;"A";56.53;"A";28;"A";11.16;"A";74;"A";1019.46;"A";16;"A";1;"A";12;"A";161;"A";0;"A";193.33;"A"
"2025-01-30 12:30";96.12;"A";4212.87;"A";54.07;"A";40.22;"A";26.82;"A";16.82;"A";56.02;"A";28;"A";11.27;"A";73.35;"A";1019.41;"A";18;"A";1;"A";11;"A";160;"A";0.33;"A";76.67;"A"
"2025-01-30 12:45";96.03;"A";4189.4;"A";51.03;"A";38.69;"A";25.97;"A";16.93;"A";55.76;"A";29;"A";11.34;"A";73.25;"A";1019.37;"A";18;"A";1;"A";11;"A";141;"A";0.33;"A";116.67;"A"
"2025-01-30 13:00";95.85;"A";4202.8;"A";53.2;"A";39.68;"A";26.69;"A";16.98;"A";55.42;"A";28;"A";11.33;"A";73.04;"A";1019.35;"A";19;"A";1;"A";9;"A";151;"A";0;"A";166.67;"A"
"2025-01-30 13:15";95.95;"A";4210.67;"A";46.1;"A";35.1;"A";24.17;"A";17.01;"A";55.38;"A";28;"A";11.37;"A";72.56;"A";1019.47;"A";20;"A";1;"A";8;"A";136;"A";0;"A";216.67;"A"
"2025-01-30 13:30";96.01;"A";4211.73;"A";49.48;"A";36.54;"A";25.03;"A";17.03;"A";55.3;"A";28;"A";11.31;"A";72.99;"A";1019.55;"A";21;"A";1;"A";7;"A";140;"A";0.33;"A";56.67;"A"
"2025-01-30 13:45";96.06;"A";4211.87;"A";45.76;"A";34.84;"A";23.74;"A";17.01;"A";55.01;"A";29;"A";11.31;"A";72.35;"A";1019.66;"A";22;"A";0;"A";7;"A";149;"A";0;"A";23.33;"A"
"2025-01-30 14:00";96.08;"A";4212.73;"A";44.51;"A";33.99;"A";23.19;"A";17.01;"A";54.85;"A";29;"A";11.37;"A";72;"A";1019.67;"A";23;"A";1;"A";7;"A";153;"A";0;"A";210;"A"
"2025-01-30 14:15";96.1;"A";4212.87;"A";48.23;"A";35.48;"A";24.35;"A";17.02;"A";54.91;"A";30;"A";11.36;"A";72.24;"A";1019.72;"A";22;"A";1;"A";7;"A";170;"A";0.33;"A";183.33;"A"
"2025-01-30 14:30";96.11;"A";4213;"A";50.09;"A";37.01;"A";25.19;"A";17.03;"A";55.07;"A";30;"A";11.39;"A";72.39;"A";1019.82;"A";21;"A";0;"A";9;"A";184;"A";0;"A";80;"A"
"2025-01-30 14:45";96.12;"A";4212.8;"A";44.81;"A";33.67;"A";22.9;"A";17.05;"A";55.16;"A";30;"A";11.39;"A";72.24;"A";1019.85;"A";21;"A";1;"A";8;"A";177;"A";0;"A";273.33;"A"
"2025-01-30 15:00";96.12;"A";4212.73;"A";43.34;"A";32.06;"A";22.08;"A";17.07;"A";55;"A";30;"A";11.38;"A";72.41;"A";1019.81;"A";22;"A";0;"A";8;"A";172;"A";0;"A";143.33;"A"
"2025-01-30 15:15";96.13;"A";4208.07;"A";41.07;"A";30.89;"A";21.42;"A";17.03;"A";55.01;"A";30;"A";11.28;"A";72.3;"A";1019.82;"A";23;"A";1;"A";7;"A";171;"A";0;"A";90;"A"
"2025-01-30 15:30";95.96;"A";4194;"A";37.93;"A";28.77;"A";19.97;"A";16.96;"A";54.86;"A";30;"A";11.22;"A";72.46;"A";1019.95;"A";23;"A";0;"A";8;"A";173;"A";0;"A";160;"A"
"2025-01-30 15:45";95.97;"A";4211.07;"A";41.08;"A";30.16;"A";21.13;"A";16.88;"A";55.2;"A";31;"A";11.19;"A";72.47;"A";1020.02;"A";21;"A";0;"A";9;"A";177;"A";0;"A";203.33;"A"
"2025-01-30 16:00";96.03;"A";4211.8;"A";41.84;"A";31.49;"A";21.81;"A";16.85;"A";55.54;"A";31;"A";11.2;"A";73.1;"A";1020.05;"A";20;"A";0;"A";11;"A";187;"A";0.33;"A";203.33;"A"
"2025-01-30 16:15";96.07;"A";4212.27;"A";46.52;"A";34.46;"A";23.04;"A";16.81;"A";55.79;"A";30;"A";11.17;"A";72.91;"A";1020;"A";20;"A";0;"A";10;"A";204;"A";0.33;"A";203.33;"A"
"2025-01-30 16:30";96.09;"A";4213;"A";50.9;"A";36.62;"A";24.88;"A";16.76;"A";55.8;"A";31;"A";11.05;"A";73.44;"A";1020;"A";20;"A";0;"A";11;"A";219;"A";0;"A";26.67;"A"
"2025-01-30 16:45";96.11;"A";4212.87;"A";46.98;"A";35.49;"A";24.57;"A";16.67;"A";56.37;"A";31;"A";10.99;"A";74.24;"A";1020.14;"A";19;"A";0;"A";11;"A";234;"A";0.33;"A";26.67;"A"
"2025-01-30 17:00";96.12;"A";4212.73;"A";48.65;"A";36.85;"A";25.57;"A";16.56;"A";56.99;"A";30;"A";10.94;"A";74.78;"A";1020.38;"A";17;"A";0;"A";12;"A";243;"A";0;"A";46.67;"A"
"2025-01-30 17:15";96.07;"A";4207.07;"A";48.35;"A";37.62;"A";25.94;"A";16.52;"A";57.33;"A";29;"A";10.93;"A";74.89;"A";1020.36;"A";16;"A";1;"A";13;"A";243;"A";0;"A";120;"A"
"2025-01-30 17:30";96.08;"A";4212.4;"A";50.73;"A";38.56;"A";26.81;"A";16.44;"A";57.44;"A";29;"A";10.78;"A";75.41;"A";1020.41;"A";16;"A";1;"A";13;"A";264;"A";0;"A";86.67;"A"
"2025-01-30 17:45";96.1;"A";4212.73;"A";53.65;"A";41.13;"A";28.14;"A";16.32;"A";57.67;"A";29;"A";10.63;"A";75.73;"A";1020.61;"A";14;"A";1;"A";16;"A";310;"A";0;"A";153.33;"A"
"2025-01-30 18:00";96.11;"A";4212.67;"A";53.86;"A";41.71;"A";28.58;"A";16.12;"A";57.99;"A";29;"A";10.4;"A";76.61;"A";1020.62;"A";12;"A";1;"A";17;"A";312;"A";0;"A";260;"A"
"2025-01-30 18:15";96.12;"A";4212.93;"A";56.88;"A";42.27;"A";28.91;"A";15.91;"A";58.38;"A";29;"A";10.26;"A";76.92;"A";1020.69;"A";12;"A";1;"A";17;"A";303;"A";0;"A";123.33;"A"
"2025-01-30 18:30";96.13;"A";4212.93;"A";58.45;"A";44.62;"A";30.18;"A";15.7;"A";58.84;"A";28;"A";9.94;"A";78;"A";1020.84;"A";9;"A";1;"A";19;"A";345;"A";0;"A";196.67;"A"
"2025-01-30 18:45";96.06;"A";4206.6;"A";63.75;"A";47.88;"A";31.84;"A";15.39;"A";59.43;"A";23;"A";9.26;"A";80.19;"A";1020.87;"A";5;"A";2;"A";18;"A";339;"A";0;"A";243.33;"A"
"2025-01-30 19:00";96.08;"A";4212.6;"A";55.66;"A";38.62;"A";33.51;"A";15.08;"A";60.09;"A";22;"A";8.97;"A";81.43;"A";1020.82;"A";3;"A";3;"A";19;"A";352;"A";0;"A";206.67;"A"
"2025-01-30 19:15";96.1;"A";4212.8;"A";57.26;"A";39.52;"A";34.81;"A";14.93;"A";60.02;"A";22;"A";8.44;"A";82.88;"A";1020.64;"A";1;"A";3;"A";22;"A";391;"A";0;"A";243.33;"A"
"2025-01-30 19:30";96.11;"A";4212.8;"A";58.99;"A";40.72;"A";35.86;"A";14.79;"A";59.99;"A";22;"A";8.04;"A";83.83;"A";1020.63;"A";0;"A";11;"A";24;"A";837;"A";0;"A";226.67;"A"
"2025-01-30 19:45";96.12;"A";4212.8;"A";58.72;"A";40.53;"A";35.69;"A";14.52;"A";60.07;"A";18;"A";7.64;"A";84.83;"A";1020.53;"A";0;"A";7;"A";19;"A";487;"A";0;"A";183.33;"A"
"2025-01-30 20:00";96.13;"A";4212.87;"A";62.63;"A";43.21;"A";38.06;"A";14.33;"A";59.99;"A";21;"A";7.23;"A";85.41;"A";1020.8;"A";0;"A";5;"A";23;"A";606;"A";0;"A";193.33;"A"
"2025-01-30 20:15";96.13;"A";4212.87;"A";62.98;"A";43.45;"A";38.27;"A";14.12;"A";60.11;"A";19;"A";7.1;"A";86.32;"A";1020.82;"A";0;"A";6;"A";21;"A";549;"A";0;"A";213.33;"A"
"2025-01-30 20:30";96.13;"A";4213;"A";65.57;"A";45.23;"A";39.83;"A";13.83;"A";59.98;"A";19;"A";6.63;"A";86.53;"A";1020.92;"A";0;"A";7;"A";21;"A";686;"A";0;"A";256.67;"A"
"2025-01-30 20:45";96.13;"A";4212.87;"A";74.84;"A";51.59;"A";45.43;"A";13.77;"A";59.94;"A";18;"A";6.41;"A";87.28;"A";1020.79;"A";0;"A";11;"A";19;"A";833;"A";0;"A";200;"A"
"2025-01-30 21:00";96.13;"A";4212.8;"A";74.38;"A";51.27;"A";45.15;"A";13.59;"A";60.12;"A";17;"A";6.35;"A";87.26;"A";1020.69;"A";0;"A";11;"A";18;"A";742;"A";0;"A";163.33;"A"
"2025-01-30 21:15";96.13;"A";4212.87;"A";102.53;"A";70.59;"A";62.16;"A";13.56;"A";59.99;"A";20;"A";6.11;"A";87.44;"A";1020.87;"A";0;"A";16;"A";20;"A";1167;"A";0;"A";130;"A"
"2025-01-30 21:30";96.13;"A";4212.87;"A";119.66;"A";82.34;"A";72.51;"A";13.46;"A";60.06;"A";21;"A";6.06;"A";87.58;"A";1020.72;"A";0;"A";20;"A";22;"A";1356;"A";0;"A";203.33;"A"
"2025-01-30 21:45";96.13;"A";4212.87;"A";116.06;"A";79.87;"A";70.34;"A";13.27;"A";59.88;"A";19;"A";5.73;"A";87.77;"A";1020.82;"A";0;"A";24;"A";21;"A";1353;"A";0;"A";320;"A"
"2025-01-30 22:00";96.13;"A";4212.93;"A";150.06;"A";103.19;"A";90.88;"A";13;"A";60.03;"A";18;"A";5.47;"A";88.57;"A";1020.77;"A";0;"A";31;"A";19;"A";1502;"A";0;"A";126.67;"A"
"2025-01-30 22:15";96.13;"A";4212.87;"A";163.7;"A";112.55;"A";99.12;"A";12.93;"A";59.94;"A";18;"A";5.36;"A";88.73;"A";1020.68;"A";0;"A";34;"A";19;"A";1571;"A";0;"A";256.67;"A"
"2025-01-30 22:30";96.13;"A";4213.13;"A";184.22;"A";126.63;"A";111.52;"A";12.71;"A";60.02;"A";17;"A";5.2;"A";88.6;"A";1020.76;"A";0;"A";37;"A";19;"A";1630;"A";0;"A";213.33;"A"
"2025-01-30 22:45";96.13;"A";4212.8;"A";197.64;"A";135.84;"A";119.63;"A";12.49;"A";60;"A";16;"A";4.98;"A";88.78;"A";1021.09;"A";0;"A";39;"A";18;"A";1576;"A";0;"A";283.33;"A"
"2025-01-30 23:00";96.13;"A";4212.93;"A";202.15;"A";138.92;"A";122.35;"A";12.48;"A";59.94;"A";16;"A";4.88;"A";89.11;"A";1021.28;"A";0;"A";41;"A";17;"A";1596;"A";0;"A";186.67;"A"
"2025-01-30 23:15";96.13;"A";4212.93;"A";213.33;"A";146.6;"A";129.11;"A";12.29;"A";60.07;"A";16;"A";4.68;"A";89.39;"A";1021.2;"A";0;"A";43;"A";17;"A";1628;"A";0;"A";250;"A"
"2025-01-30 23:30";96.13;"A";4212.93;"A";206.18;"A";141.7;"A";124.79;"A";12.22;"A";60.07;"A";15;"A";4.64;"A";89.44;"A";1021.23;"A";0;"A";43;"A";16;"A";1571;"A";0;"A";200;"A"
"2025-01-30 23:45";96.13;"A";4212.93;"A";187.06;"A";128.58;"A";113.24;"A";12.13;"A";60.01;"A";16;"A";4.49;"A";89.32;"A";1021.39;"A";0;"A";37;"A";18;"A";1414;"A";0.33;"A";133.33;"A"
"2025-01-31 00:00";96.13;"A";4213.07;"A";145.46;"A";100.04;"A";88.1;"A";12.22;"A";60.07;"A";16;"A";4.49;"A";90.37;"A";1021.44;"A";0;"A";28;"A";17;"A";1014;"A";0;"A";186.67;"A"
"2025-01-31 00:15";96.12;"A";4213;"A";111.77;"A";76.92;"A";67.75;"A";12.2;"A";59.84;"A";16;"A";4.42;"A";89.98;"A";1021.42;"A";0;"A";18;"A";17;"A";643;"A";0.33;"A";133.33;"A"
"2025-01-31 00:30";96.12;"A";4213.27;"A";131.74;"A";90.62;"A";79.81;"A";11.94;"A";59.88;"A";16;"A";4.22;"A";89.54;"A";1021.35;"A";0;"A";19;"A";17;"A";798;"A";0;"A";183.33;"A"
"2025-01-31 00:45";96.12;"A";4213;"A";122.94;"A";84.59;"A";74.5;"A";11.8;"A";60.02;"A";16;"A";4.2;"A";90.22;"A";1021.18;"A";0;"A";17;"A";17;"A";714;"A";0;"A";250;"A"
"2025-01-31 01:00";96.12;"A";4213;"A";99.1;"A";68.23;"A";60.09;"A";11.99;"A";60;"A";16;"A";4.12;"A";90.73;"A";1021.29;"A";0;"A";13;"A";16;"A";537;"A";0.33;"A";256.67;"A"
"2025-01-31 01:15";96.12;"A";4212.87;"A";88.62;"A";61.04;"A";53.76;"A";11.9;"A";60.15;"A";14;"A";4.08;"A";91.39;"A";1021.37;"A";0;"A";11;"A";15;"A";435;"A";0;"A";146.67;"A"
"2025-01-31 01:30";96.12;"A";4212.87;"A";88.05;"A";60.65;"A";53.41;"A";12.22;"A";60.01;"A";15;"A";4.19;"A";91.9;"A";1021.46;"A";2;"A";10;"A";13;"A";367;"A";0;"A";163.33;"A"
"2025-01-31 01:45";96.12;"A";4212.87;"A";82.05;"A";56.53;"A";49.79;"A";12.27;"A";60.04;"A";15;"A";4.17;"A";92.63;"A";1021.54;"A";3;"A";9;"A";12;"A";339;"A";0;"A";320;"A"
"2025-01-31 02:00";96.12;"A";4212.87;"A";73.08;"A";50.38;"A";44.37;"A";12.41;"A";60.01;"A";14;"A";4.19;"A";93.17;"A";1021.62;"A";3;"A";8;"A";11;"A";322;"A";0;"A";136.67;"A"
"2025-01-31 02:15";96.12;"A";4212.87;"A";70.16;"A";48.37;"A";42.6;"A";12.6;"A";60.03;"A";14;"A";4.34;"A";93.47;"A";1021.65;"A";3;"A";8;"A";11;"A";298;"A";0;"A";256.67;"A"
"2025-01-31 02:30";96.12;"A";4212.93;"A";67.18;"A";46.33;"A";40.81;"A";12.73;"A";59.99;"A";14;"A";4.48;"A";93.22;"A";1021.65;"A";4;"A";8;"A";10;"A";284;"A";0;"A";266.67;"A"
"2025-01-31 02:45";96.12;"A";4213;"A";64.32;"A";44.37;"A";39.08;"A";12.85;"A";59.92;"A";13;"A";4.69;"A";92.53;"A";1021.66;"A";3;"A";8;"A";10;"A";310;"A";0;"A";93.33;"A"
"2025-01-31 03:00";96.11;"A";4212.87;"A";67.01;"A";46.22;"A";40.7;"A";12.88;"A";59.99;"A";14;"A";4.84;"A";91.88;"A";1021.48;"A";3;"A";7;"A";11;"A";324;"A";0;"A";146.67;"A"
"2025-01-31 03:15";96.11;"A";4212.93;"A";69.86;"A";48.17;"A";42.43;"A";12.95;"A";59.98;"A";15;"A";5;"A";91.55;"A";1021.41;"A";1;"A";6;"A";14;"A";347;"A";0;"A";160;"A"
"2025-01-31 03:30";96.11;"A";4212.93;"A";74.3;"A";51.22;"A";45.11;"A";13.02;"A";59.96;"A";16;"A";5.08;"A";91.47;"A";1021.36;"A";1;"A";6;"A";15;"A";356;"A";0;"A";193.33;"A"
"2025-01-31 03:45";96.11;"A";4212.93;"A";78.78;"A";54.29;"A";47.82;"A";13.12;"A";60.02;"A";15;"A";5.17;"A";91.45;"A";1021.27;"A";0;"A";6;"A";16;"A";365;"A";0;"A";133.33;"A"
"2025-01-31 04:00";96.11;"A";4212.93;"A";80.49;"A";55.47;"A";48.85;"A";13.24;"A";59.99;"A";15;"A";5.29;"A";91.46;"A";1021.2;"A";0;"A";6;"A";15;"A";379;"A";0;"A";143.33;"A"
"2025-01-31 04:15";96.11;"A";4213.07;"A";81.83;"A";56.38;"A";49.66;"A";13.35;"A";59.99;"A";16;"A";5.4;"A";91.4;"A";1021.1;"A";0;"A";6;"A";16;"A";397;"A";0;"A";73.33;"A"
"2025-01-31 04:30";96.11;"A";4213;"A";85.18;"A";58.68;"A";51.68;"A";13.48;"A";60.04;"A";15;"A";5.58;"A";91.09;"A";1020.95;"A";0;"A";6;"A";16;"A";407;"A";0;"A";80;"A"
"2025-01-31 04:45";96.11;"A";4212.87;"A";88.84;"A";61.19;"A";53.89;"A";13.58;"A";59.99;"A";16;"A";5.77;"A";90.9;"A";1021.01;"A";0;"A";6;"A";17;"A";414;"A";0;"A";260;"A"
"2025-01-31 05:00";96.1;"A";4212.93;"A";81.93;"A";56.45;"A";49.72;"A";13.8;"A";59.93;"A";19;"A";6.13;"A";89.73;"A";1020.93;"A";0;"A";4;"A";20;"A";376;"A";0;"A";36.67;"A"
"2025-01-31 05:15";96.1;"A";4212.8;"A";69.16;"A";47.69;"A";42;"A";13.93;"A";59.98;"A";24;"A";6.47;"A";88.61;"A";1020.84;"A";2;"A";2;"A";22;"A";295;"A";0;"A";256.67;"A"
"2025-01-31 05:30";96.1;"A";4212.87;"A";62.89;"A";43.39;"A";38.22;"A";13.98;"A";59.94;"A";25;"A";6.76;"A";87.26;"A";1020.91;"A";1;"A";2;"A";24;"A";244;"A";0.33;"A";86.67;"A"
"2025-01-31 05:45";96.1;"A";4212.8;"A";60.89;"A";42.02;"A";37.01;"A";14.01;"A";59.99;"A";25;"A";6.91;"A";86.84;"A";1020.99;"A";3;"A";2;"A";22;"A";215;"A";0;"A";83.33;"A"
"2025-01-31 06:00";96.1;"A";4212.87;"A";61.84;"A";42.67;"A";37.58;"A";14.07;"A";59.96;"A";24;"A";7.02;"A";86.54;"A";1021.03;"A";4;"A";2;"A";21;"A";211;"A";0;"A";110;"A"
"2025-01-31 06:15";96.1;"A";4212.93;"A";63.21;"A";43.61;"A";38.41;"A";14.19;"A";60.05;"A";24;"A";7.09;"A";87.02;"A";1021.1;"A";3;"A";2;"A";21;"A";207;"A";0;"A";106.67;"A"
"2025-01-31 06:30";96.1;"A";4213;"A";64.09;"A";44.21;"A";38.94;"A";14.37;"A";59.97;"A";24;"A";7.14;"A";87.35;"A";1021.19;"A";5;"A";2;"A";19;"A";208;"A";0;"A";183.33;"A"
"2025-01-31 06:45";96.1;"A";4212.87;"A";68.21;"A";47.04;"A";41.43;"A";14.49;"A";60.01;"A";21;"A";7.22;"A";87.64;"A";1021.28;"A";6;"A";3;"A";15;"A";210;"A";0;"A";160;"A"
"2025-01-31 07:00";96.1;"A";4212.8;"A";63.26;"A";43.65;"A";38.44;"A";14.58;"A";59.99;"A";22;"A";7.29;"A";87.68;"A";1021.33;"A";7;"A";2;"A";15;"A";205;"A";0;"A";100;"A"
"2025-01-31 07:15";96.1;"A";4212.87;"A";58.81;"A";40.59;"A";35.75;"A";14.69;"A";59.97;"A";23;"A";7.34;"A";87.72;"A";1021.33;"A";6;"A";2;"A";17;"A";205;"A";0;"A";183.33;"A"
"2025-01-31 07:30";96.1;"A";4212.8;"A";59.79;"A";41.27;"A";36.34;"A";14.7;"A";60;"A";23;"A";7.42;"A";87.34;"A";1021.24;"A";8;"A";2;"A";15;"A";231;"A";0;"A";206.67;"A"
"2025-01-31 07:45";96.09;"A";4212.87;"A";62.41;"A";43.06;"A";37.92;"A";14.74;"A";60.01;"A";21;"A";7.48;"A";87.29;"A";1021.31;"A";7;"A";3;"A";14;"A";297;"A";0;"A";200;"A"
"2025-01-31 08:00";96.09;"A";4212.8;"A";64.88;"A";44.76;"A";39.42;"A";14.74;"A";59.95;"A";21;"A";7.54;"A";86.83;"A";1021.3;"A";7;"A";3;"A";14;"A";346;"A";0;"A";120;"A"
"2025-01-31 08:15";96.09;"A";4212.8;"A";64.58;"A";44.55;"A";39.24;"A";14.73;"A";59.97;"A";22;"A";7.62;"A";86.41;"A";1021.35;"A";7;"A";3;"A";15;"A";360;"A";0.67;"A";186.67;"A"
"2025-01-31 08:30";96.09;"A";4212.93;"A";64.29;"A";44.35;"A";39.06;"A";14.74;"A";60;"A";23;"A";7.68;"A";86.42;"A";1021.41;"A";6;"A";2;"A";17;"A";353;"A";0;"A";120;"A"
"2025-01-31 08:45";96.09;"A";4212.93;"A";58.25;"A";40.21;"A";35.41;"A";14.75;"A";59.98;"A";24;"A";7.76;"A";85.89;"A";1021.48;"A";4;"A";2;"A";19;"A";288;"A";0.67;"A";193.33;"A"
"2025-01-31 09:00";96.09;"A";4212.87;"A";56.33;"A";38.89;"A";34.25;"A";14.72;"A";59.97;"A";25;"A";7.86;"A";85.38;"A";1021.41;"A";3;"A";2;"A";21;"A";245;"A";0;"A";156.67;"A"
"2025-01-31 09:15";96.09;"A";4212.8;"A";55.89;"A";38.59;"A";33.99;"A";14.78;"A";59.98;"A";25;"A";7.91;"A";85.13;"A";1021.5;"A";3;"A";2;"A";22;"A";237;"A";0.33;"A";20;"A"
"2025-01-31 09:30";96.09;"A";4212.87;"A";53.81;"A";37.16;"A";32.73;"A";14.75;"A";60;"A";24;"A";7.97;"A";84.89;"A";1021.46;"A";4;"A";1;"A";20;"A";208;"A";0.33;"A";33.33;"A"
"2025-01-31 09:45";96.09;"A";4212.87;"A";53.11;"A";36.68;"A";32.31;"A";14.71;"A";60.04;"A";24;"A";8.02;"A";84.78;"A";1021.46;"A";4;"A";2;"A";20;"A";208;"A";0;"A";93.33;"A"
"2025-01-31 10:00";96.09;"A";4212.8;"A";51.7;"A";35.71;"A";31.45;"A";14.79;"A";59.98;"A";23;"A";8.08;"A";84.54;"A";1021.4;"A";4;"A";2;"A";19;"A";212;"A";0;"A";90;"A"
"2025-01-31 10:15";96.09;"A";4212.8;"A";51.75;"A";35.75;"A";31.48;"A";14.83;"A";59.94;"A";22;"A";8.21;"A";84.09;"A";1021.31;"A";4;"A";2;"A";18;"A";211;"A";0;"A";60;"A"
"2025-01-31 10:30";96.08;"A";4212.87;"A";49.48;"A";34.19;"A";30.11;"A";14.81;"A";60.01;"A";22;"A";8.32;"A";83.88;"A";1021.49;"A";5;"A";2;"A";18;"A";204;"A";0;"A";193.33;"A"
"2025-01-31 10:45";96.08;"A";4213;"A";49.18;"A";33.98;"A";29.93;"A";14.85;"A";59.97;"A";23;"A";8.39;"A";83.55;"A";1021.47;"A";5;"A";2;"A";18;"A";183;"A";0;"A";190;"A"
"2025-01-31 11:00";96.08;"A";4212.87;"A";49.93;"A";34.5;"A";30.39;"A";14.9;"A";60;"A";22;"A";8.43;"A";83.67;"A";1021.45;"A";8;"A";2;"A";14;"A";206;"A";0.33;"A";156.67;"A"
"2025-01-31 11:15";96.08;"A";4212.8;"A";51.94;"A";35.88;"A";31.6;"A";15.06;"A";60;"A";22;"A";8.5;"A";84.14;"A";1021.39;"A";8;"A";2;"A";14;"A";221;"A";0;"A";156.67;"A"
"2025-01-31 11:30";96.08;"A";4212.87;"A";52.96;"A";36.58;"A";32.22;"A";15.27;"A";60;"A";22;"A";8.65;"A";84.11;"A";1021.24;"A";7;"A";2;"A";15;"A";233;"A";0;"A";83.33;"A"
"2025-01-31 11:45";96.08;"A";4212.73;"A";53.76;"A";37.13;"A";32.7;"A";15.43;"A";59.93;"A";23;"A";8.77;"A";84.05;"A";1021.12;"A";9;"A";2;"A";14;"A";242;"A";0;"A";93.33;"A"
"2025-01-31 12:00";96.08;"A";4212.87;"A";53.04;"A";36.63;"A";32.26;"A";15.41;"A";60.06;"A";23;"A";8.83;"A";84.06;"A";1021.01;"A";13;"A";2;"A";10;"A";208;"A";0.33;"A";143.33;"A"
"2025-01-31 12:15";96.08;"A";4212.87;"A";53.85;"A";37.19;"A";32.75;"A";15.55;"A";60.04;"A";23;"A";8.94;"A";84.12;"A";1020.95;"A";11;"A";2;"A";12;"A";218;"A";0;"A";66.67;"A"
"2025-01-31 12:30";96.08;"A";4212.93;"A";54.79;"A";37.83;"A";33.32;"A";15.64;"A";59.97;"A";22;"A";9.05;"A";83.75;"A";1020.92;"A";10;"A";2;"A";12;"A";216;"A";0;"A";160;"A"
"2025-01-31 12:45";96.08;"A";4212.93;"A";55.11;"A";38.06;"A";33.52;"A";15.73;"A";59.98;"A";22;"A";9.06;"A";84.19;"A";1020.82;"A";11;"A";2;"A";12;"A";213;"A";0;"A";206.67;"A"
"2025-01-31 13:00";96.08;"A";4212.8;"A";56.07;"A";38.71;"A";34.09;"A";15.81;"A";60.03;"A";22;"A";9.14;"A";84.24;"A";1020.74;"A";9;"A";2;"A";13;"A";218;"A";0;"A";206.67;"A"
"2025-01-31 13:15";96.08;"A";4212.87;"A";56.42;"A";38.95;"A";34.3;"A";15.93;"A";60.01;"A";22;"A";9.18;"A";84.41;"A";1020.67;"A";9;"A";2;"A";13;"A";233;"A";0;"A";200;"A"
"2025-01-31 13:30";96.07;"A";4212.73;"A";58.82;"A";40.59;"A";35.75;"A";15.97;"A";59.97;"A";23;"A";9.2;"A";84.5;"A";1020.56;"A";9;"A";2;"A";14;"A";216;"A";0;"A";180;"A"
"2025-01-31 13:45";96.07;"A";4212.87;"A";61.71;"A";42.58;"A";37.5;"A";16.05;"A";60.02;"A";21;"A";9.3;"A";84.35;"A";1020.63;"A";10;"A";3;"A";11;"A";200;"A";0.33;"A";336.67;"A"
"2025-01-31 14:00";96.07;"A";4212.73;"A";65.62;"A";45.26;"A";39.86;"A";16.16;"A";60.03;"A";22;"A";9.36;"A";84.57;"A";1020.49;"A";9;"A";2;"A";13;"A";231;"A";0;"A";246.67;"A"
"2025-01-31 14:15";96.07;"A";4212.87;"A";67.44;"A";46.51;"A";40.96;"A";16.3;"A";60.01;"A";21;"A";9.4;"A";84.77;"A";1020.5;"A";8;"A";2;"A";14;"A";216;"A";0;"A";146.67;"A"
"2025-01-31 14:30";96.07;"A";4212.93;"A";69.96;"A";48.24;"A";42.49;"A";16.4;"A";60.01;"A";22;"A";9.5;"A";84.67;"A";1020.33;"A";7;"A";2;"A";15;"A";237;"A";0;"A";93.33;"A"
"2025-01-31 14:45";96.07;"A";4212.93;"A";70.4;"A";48.54;"A";42.75;"A";16.52;"A";59.96;"A";21;"A";9.62;"A";84.45;"A";1020.2;"A";6;"A";2;"A";15;"A";278;"A";0;"A";210;"A"
"2025-01-31 15:00";96.07;"A";4212.8;"A";68.8;"A";47.45;"A";41.79;"A";16.58;"A";60;"A";22;"A";9.72;"A";84.34;"A";1020.34;"A";6;"A";3;"A";16;"A";267;"A";0;"A";153.33;"A"
"2025-01-31 15:15";96.07;"A";4212.8;"A";69.65;"A";48.02;"A";42.3;"A";16.68;"A";59.99;"A";23;"A";9.77;"A";84.54;"A";1020.44;"A";7;"A";2;"A";16;"A";252;"A";0.33;"A";223.33;"A"
"2025-01-31 15:30";96.07;"A";4212.73;"A";64.51;"A";44.5;"A";39.19;"A";16.76;"A";60.02;"A";23;"A";9.8;"A";84.59;"A";1020.41;"A";3;"A";2;"A";20;"A";265;"A";0;"A";93.33;"A"
"2025-01-31 15:45";96.07;"A";4212.73;"A";63.1;"A";43.53;"A";38.34;"A";16.83;"A";59.98;"A";22;"A";9.83;"A";84.71;"A";1020.43;"A";6;"A";2;"A";16;"A";259;"A";0;"A";213.33;"A"
"2025-01-31 16:00";96.07;"A";4212.87;"A";65.5;"A";45.18;"A";39.79;"A";16.87;"A";60;"A";22;"A";9.77;"A";85.21;"A";1020.42;"A";7;"A";2;"A";15;"A";242;"A";0;"A";116.67;"A"
"2025-01-31 16:15";96.06;"A";4212.87;"A";72.35;"A";49.88;"A";43.93;"A";16.95;"A";60;"A";20;"A";9.69;"A";86.05;"A";1020.39;"A";7;"A";2;"A";13;"A";211;"A";0;"A";113.33;"A"
"2025-01-31 16:30";96.06;"A";4212.93;"A";69.39;"A";47.85;"A";42.14;"A";17.04;"A";60.04;"A";21;"A";9.66;"A";86.54;"A";1020.42;"A";6;"A";2;"A";15;"A";231;"A";0;"A";163.33;"A"
"2025-01-31 16:45";96.06;"A";4212.87;"A";70.48;"A";48.59;"A";42.8;"A";17.17;"A";60.04;"A";20;"A";9.61;"A";87.22;"A";1020.37;"A";5;"A";2;"A";15;"A";253;"A";0;"A";93.33;"A"
"2025-01-31 17:00";96.06;"A";4212.87;"A";72.34;"A";49.88;"A";43.93;"A";17.21;"A";59.98;"A";20;"A";9.55;"A";87.63;"A";1020.37;"A";4;"A";3;"A";16;"A";284;"A";0;"A";170;"A"
"2025-01-31 17:15";96.06;"A";4212.8;"A";78.06;"A";53.8;"A";47.38;"A";17.23;"A";60.05;"A";20;"A";9.51;"A";88.08;"A";1020.38;"A";3;"A";3;"A";17;"A";324;"A";0;"A";143.33;"A"
"2025-01-31 17:30";96.06;"A";4212.8;"A";84.47;"A";58.2;"A";51.25;"A";17.3;"A";59.99;"A";22;"A";9.55;"A";88.03;"A";1020.32;"A";1;"A";3;"A";21;"A";384;"A";0;"A";156.67;"A"
"2025-01-31 17:45";96.06;"A";4212.8;"A";83.47;"A";57.51;"A";50.65;"A";17.29;"A";59.98;"A";22;"A";9.59;"A";87.85;"A";1020.27;"A";0;"A";3;"A";23;"A";467;"A";0;"A";93.33;"A"
"2025-01-31 18:00";96.06;"A";4212.67;"A";81.11;"A";55.89;"A";49.22;"A";17.27;"A";60.02;"A";22;"A";9.56;"A";88;"A";1020.34;"A";0;"A";3;"A";22;"A";423;"A";0;"A";100;"A"
"2025-01-31 18:15";96.06;"A";4213;"A";84.58;"A";58.27;"A";51.32;"A";17.34;"A";60.02;"A";21;"A";9.54;"A";88.54;"A";1020.37;"A";1;"A";4;"A";20;"A";383;"A";0;"A";103.33;"A"
"2025-01-31 18:30";96.06;"A";4212.67;"A";85.46;"A";58.88;"A";51.85;"A";17.45;"A";60.01;"A";19;"A";9.46;"A";89.36;"A";1020.45;"A";4;"A";4;"A";15;"A";298;"A";0;"A";113.33;"A"
"2025-01-31 18:45";96.05;"A";4212.8;"A";88.94;"A";61.26;"A";53.95;"A";17.5;"A";60.01;"A";18;"A";9.46;"A";89.49;"A";1020.4;"A";5;"A";4;"A";14;"A";300;"A";0;"A";260;"A"
"2025-01-31 19:00";96.05;"A";4212.73;"A";96.56;"A";66.49;"A";58.55;"A";17.56;"A";60.01;"A";19;"A";9.44;"A";90.08;"A";1020.48;"A";3;"A";4;"A";16;"A";343;"A";0;"A";223.33;"A"
"2025-01-31 19:15";96.05;"A";4212.8;"A";101.21;"A";69.68;"A";61.37;"A";17.63;"A";60;"A";18;"A";9.33;"A";90.8;"A";1020.47;"A";2;"A";4;"A";16;"A";361;"A";0;"A";256.67;"A"
"2025-01-31 19:30";96.05;"A";4212.73;"A";105.45;"A";72.59;"A";63.93;"A";17.66;"A";60;"A";19;"A";9.35;"A";90.94;"A";1020.47;"A";2;"A";4;"A";17;"A";377;"A";0;"A";243.33;"A"
"2025-01-31 19:45";96.05;"A";4212.87;"A";104.59;"A";72;"A";63.41;"A";17.67;"A";60.02;"A";20;"A";9.32;"A";91.18;"A";1020.49;"A";0;"A";5;"A";20;"A";456;"A";0;"A";190;"A"
"2025-01-31 20:00";96.05;"A";4212.8;"A";104.82;"A";72.15;"A";63.55;"A";17.69;"A";59.98;"A";18;"A";9.29;"A";91.28;"A";1020.52;"A";0;"A";5;"A";19;"A";429;"A";0;"A";130;"A"
"2025-01-31 20:15";96.05;"A";4213;"A";105.15;"A";72.38;"A";63.74;"A";17.67;"A";60.01;"A";18;"A";9.34;"A";91.04;"A";1020.52;"A";0;"A";5;"A";19;"A";450;"A";0;"A";286.67;"A"
"2025-01-31 20:30";96.05;"A";4212.87;"A";106.21;"A";73.11;"A";64.39;"A";17.66;"A";59.99;"A";18;"A";9.29;"A";90.96;"A";1020.38;"A";0;"A";6;"A";19;"A";473;"A";0;"A";90;"A"
"2025-01-31 20:45";96.05;"A";4212.87;"A";101.77;"A";70.06;"A";61.71;"A";17.59;"A";60.02;"A";16;"A";9.32;"A";90.93;"A";1020.43;"A";0;"A";7;"A";17;"A";428;"A";0;"A";173.33;"A"
"2025-01-31 21:00";96.04;"A";4212.8;"A";100.88;"A";69.45;"A";61.17;"A";17.63;"A";59.99;"A";16;"A";9.35;"A";90.86;"A";1020.38;"A";1;"A";5;"A";16;"A";407;"A";0;"A";273.33;"A"
"2025-01-31 21:15";96.04;"A";4212.8;"A";98.26;"A";67.66;"A";59.59;"A";17.65;"A";60;"A";16;"A";9.39;"A";90.78;"A";1020.41;"A";1;"A";5;"A";15;"A";342;"A";0;"A";203.33;"A"
"2025-01-31 21:30";96.04;"A";4212.73;"A";93.56;"A";64.43;"A";56.74;"A";17.62;"A";59.98;"A";18;"A";9.41;"A";90.42;"A";1020.29;"A";0;"A";5;"A";18;"A";332;"A";0;"A";180;"A"
"2025-01-31 21:45";96.04;"A";4212.87;"A";88.27;"A";60.8;"A";53.55;"A";17.59;"A";59.97;"A";18;"A";9.44;"A";90.33;"A";1020.39;"A";0;"A";4;"A";18;"A";300;"A";0;"A";146.67;"A"
"2025-01-31 22:00";96.04;"A";4212.8;"A";88.7;"A";61.1;"A";53.81;"A";17.6;"A";59.99;"A";18;"A";9.49;"A";89.99;"A";1020.28;"A";1;"A";4;"A";17;"A";276;"A";0;"A";156.67;"A"
"2025-01-31 22:15";96.04;"A";4212.93;"A";87.44;"A";60.23;"A";53.05;"A";17.57;"A";59.97;"A";17;"A";9.47;"A";89.88;"A";1020.33;"A";1;"A";5;"A";17;"A";285;"A";0;"A";243.33;"A"
"2025-01-31 22:30";96.04;"A";4212.93;"A";88.03;"A";60.63;"A";53.4;"A";17.56;"A";59.98;"A";16;"A";9.46;"A";90.05;"A";1020.48;"A";1;"A";5;"A";15;"A";272;"A";0;"A";153.33;"A"
"2025-01-31 22:45";96.04;"A";4212.87;"A";88.05;"A";60.65;"A";53.42;"A";17.55;"A";59.99;"A";16;"A";9.47;"A";89.79;"A";1020.31;"A";2;"A";4;"A";15;"A";255;"A";0;"A";143.33;"A"
"2025-01-31 23:00";96.04;"A";4212.8;"A";89.44;"A";61.61;"A";54.26;"A";17.54;"A";60;"A";17;"A";9.51;"A";89.74;"A";1020.28;"A";1;"A";3;"A";17;"A";245;"A";0.33;"A";203.33;"A"
"2025-01-31 23:15";96.04;"A";4212.87;"A";91.41;"A";62.96;"A";55.45;"A";17.54;"A";59.97;"A";19;"A";9.49;"A";89.78;"A";1020.2;"A";0;"A";4;"A";19;"A";277;"A";0;"A";196.67;"A"
"2025-01-31 23:30";96.04;"A";4212.8;"A";95.05;"A";65.46;"A";57.65;"A";17.55;"A";60;"A";19;"A";9.53;"A";89.59;"A";1020.12;"A";0;"A";4;"A";19;"A";304;"A";0;"A";143.33;"A"
"2025-01-31 23:45";96.04;"A";4212.87;"A";91.05;"A";62.71;"A";55.23;"A";17.51;"A";59.99;"A";17;"A";9.49;"A";89.73;"A";1020.09;"A";2;"A";5;"A";14;"A";272;"A";0;"A";160;"A"
"2025-02-01 00:00";96.04;"A";4212.73;"A";88.15;"A";60.72;"A";53.48;"A";17.52;"A";60.01;"A";15;"A";9.49;"A";89.7;"A";1019.91;"A";4;"A";6;"A";10;"A";266;"A";0;"A";143.33;"A"