"timestamp";"BC~0893-QM[Cairnet CXM24240893]";"in %";"Uout~0893-QM[Cairnet CXM24240893]";"in mV";"Uin~0893-QM[Cairnet CXM24240893]";"in mV";"PM10~D598-QM[Cairnet CXM24240893]";"in µg/m3";"PM2.5~D598-QM[Cairnet CXM24240893]";"in µg/m3";"PM1~D598-QM[Cairnet CXM24240893]";"in µg/m3";"TC~D598-QM[Cairnet CXM24240893]";"in °C";"HR~D598-QM[Cairnet CXM24240893]";"in %";"O3-NO2~4704-QM[Cairnet CXM24240893]";"in ppb";"TC~T-QM[Cairnet CXM24240893]";"in °C";"HR~T-QM[Cairnet CXM24240893]";"in %";"PA~T-QM[Cairnet CXM24240893]";"in hPa";"O3~0893-QM[Cairnet CXM24240893]";"in ppb";"SO2~4734-QM[Cairnet CXM24240893]";"in ppb";"NO2~4787-QM[Cairnet CXM24240893]";"in ppb";"CO~4687-QM[Cairnet CXM24240893]";"in ppb";"VV~M-QM[Cairnet CXM24240893]";"in m/s";"DV~M-QM[Cairnet CXM24240893]";"in degre"
"(in display TZ)";"value";"qc";"value";"qc";"value";"qc";"value";"qc";"value";"qc";"value";"qc";"value";"qc";"value";"qc";"value";"qc";"value";"qc";"value";"qc";"value";"qc";"value";"qc";"value";"qc";"value";"qc";"value";"qc";"value";"qc";"value";"qc"
"2025-06-01 00:15";99.95;"A";4212.87;"A";4215.47;"A";14.83;"A";9.73;"A";7.21;"A";26.89;"A";48.74;"A";22;"A";19.91;"A";62.4;"A";1009.98;"A";17;"A";1;"A";5;"A";160;"A";0;"A";106.67;"A"
"2025-06-01 00:30";99.96;"A";4212.6;"A";4214.6;"A";14.91;"A";10.79;"A";7.6;"A";26.56;"A";49.31;"A";23;"A";19.7;"A";63.34;"A";1010.02;"A";18;"A";1;"A";5;"A";172;"A";0;"A";246.67;"A"
"2025-06-01 00:45";99.96;"A";4212.67;"A";4214.93;"A";12.16;"A";8.22;"A";5.89;"A";26.3;"A";49.71;"A";24;"A";19.46;"A";63.64;"A";1010.05;"A";19;"A";1;"A";5;"A";145;"A";0;"A";260;"A"
"2025-06-01 01:00";99.96;"A";4212.67;"A";4214.8;"A";9.93;"A";6.02;"A";4.31;"A";26.05;"A";50.53;"A";25;"A";19.22;"A";64.8;"A";1010.13;"A";20;"A";1;"A";4;"A";115;"A";0;"A";253.33;"A"
"2025-06-01 01:15";99.97;"A";4212.6;"A";4214.33;"A";10.88;"A";6.25;"A";4.4;"A";25.81;"A";51.13;"A";24;"A";19;"A";65.15;"A";1010.13;"A";20;"A";1;"A";4;"A";108;"A";0;"A";250;"A"
"2025-06-01 01:30";99.97;"A";4212.8;"A";4214.93;"A";9.38;"A";6.39;"A";4.58;"A";25.54;"A";51.35;"A";23;"A";18.76;"A";65.73;"A";1009.98;"A";18;"A";1;"A";4;"A";120;"A";0;"A";146.67;"A"
"2025-06-01 01:45";99.97;"A";4212.93;"A";4215.47;"A";8.54;"A";6.46;"A";4.89;"A";25.32;"A";51.16;"A";25;"A";18.51;"A";65.45;"A";1009.9;"A";20;"A";1;"A";4;"A";104;"A";0;"A";240;"A"
"2025-06-01 02:00";99.97;"A";4212.73;"A";4214.53;"A";9.5;"A";6.28;"A";4.61;"A";25.08;"A";51.74;"A";24;"A";18.22;"A";66.89;"A";1009.96;"A";19;"A";1;"A";5;"A";102;"A";0;"A";96.67;"A"
"2025-06-01 02:15";99.97;"A";4212.67;"A";4214.8;"A";9.3;"A";6.34;"A";4.78;"A";24.83;"A";53.4;"A";22;"A";17.92;"A";69.18;"A";1010.12;"A";17;"A";1;"A";5;"A";118;"A";0;"A";333.33;"A"
"2025-06-01 02:30";99.97;"A";4212.67;"A";4214.73;"A";10.91;"A";7.68;"A";5.71;"A";24.57;"A";54.47;"A";21;"A";17.85;"A";69.63;"A";1010.16;"A";16;"A";1;"A";4;"A";153;"A";0;"A";206.67;"A"
"2025-06-01 02:45";99.97;"A";4212.8;"A";4214.73;"A";11.58;"A";8.21;"A";5.96;"A";24.38;"A";55.56;"A";20;"A";17.69;"A";71.16;"A";1010.21;"A";15;"A";1;"A";5;"A";142;"A";0;"A";316.67;"A"
"2025-06-01 03:00";99.84;"A";4188.07;"A";4186.2;"A";12.71;"A";8.11;"A";5.86;"A";24.22;"A";55.03;"A";21;"A";17.55;"A";68.99;"A";1010.11;"A";17;"A";1;"A";4;"A";121;"A";0;"A";260;"A"
"2025-06-01 03:15";99.76;"A";4210.47;"A";4213.73;"A";14.2;"A";9.58;"A";6.81;"A";24.04;"A";53.68;"A";24;"A";17.38;"A";67.87;"A";1010.02;"A";19;"A";1;"A";4;"A";107;"A";0;"A";203.33;"A"
"2025-06-01 03:30";99.84;"A";4211.07;"A";4214.07;"A";14.36;"A";9.72;"A";7.18;"A";23.85;"A";53.79;"A";23;"A";17.18;"A";68.49;"A";1010.11;"A";18;"A";1;"A";5;"A";108;"A";0;"A";180;"A"
"2025-06-01 03:45";99.89;"A";4211.67;"A";4213.87;"A";16.88;"A";11.64;"A";8.24;"A";23.67;"A";54.37;"A";22;"A";17.03;"A";68.69;"A";1010.16;"A";17;"A";1;"A";5;"A";118;"A";0;"A";250;"A"
"2025-06-01 04:00";99.92;"A";4211.8;"A";4214;"A";17.99;"A";11.74;"A";8.14;"A";23.49;"A";54.29;"A";22;"A";16.78;"A";69.47;"A";1010.19;"A";17;"A";1;"A";5;"A";107;"A";0;"A";143.33;"A"
"2025-06-01 04:15";99.94;"A";4212.47;"A";4214.87;"A";17.52;"A";12.66;"A";8.56;"A";23.3;"A";54.78;"A";23;"A";16.61;"A";70.14;"A";1010.2;"A";18;"A";1;"A";4;"A";108;"A";0;"A";226.67;"A"
"2025-06-01 04:30";99.95;"A";4212.67;"A";4214.4;"A";18.38;"A";12.52;"A";8.93;"A";23.11;"A";55.54;"A";21;"A";16.46;"A";71.27;"A";1010.28;"A";17;"A";1;"A";4;"A";117;"A";0;"A";330;"A"
"2025-06-01 04:45";99.96;"A";4213;"A";4215.33;"A";17.58;"A";11.79;"A";8.38;"A";22.93;"A";56.74;"A";20;"A";16.25;"A";72.33;"A";1010.42;"A";15;"A";1;"A";5;"A";129;"A";0;"A";213.33;"A"
"2025-06-01 05:00";99.96;"A";4212.6;"A";4214.67;"A";14.09;"A";10.01;"A";7.11;"A";22.73;"A";57.6;"A";20;"A";16.02;"A";74.68;"A";1010.6;"A";16;"A";2;"A";4;"A";121;"A";0.33;"A";326.67;"A"
"2025-06-01 05:15";99.97;"A";4212.73;"A";4214.6;"A";13.72;"A";8.31;"A";5.94;"A";22.51;"A";58.81;"A";18;"A";15.92;"A";74.59;"A";1010.69;"A";14;"A";2;"A";4;"A";117;"A";0;"A";230;"A"
"2025-06-01 05:30";99.97;"A";4212.8;"A";4214.8;"A";11.77;"A";7.78;"A";5.76;"A";22.34;"A";58.91;"A";18;"A";15.91;"A";74.44;"A";1010.82;"A";13;"A";2;"A";4;"A";109;"A";0;"A";130;"A"
"2025-06-01 05:45";99.97;"A";4212.73;"A";4214.27;"A";12.11;"A";7.32;"A";5.35;"A";22.3;"A";58.59;"A";19;"A";16.11;"A";73.17;"A";1010.9;"A";14;"A";1;"A";5;"A";105;"A";0;"A";190;"A"
"2025-06-01 06:00";99.97;"A";4212.73;"A";4214.53;"A";10.49;"A";7.17;"A";5.14;"A";22.45;"A";58.22;"A";19;"A";16.52;"A";71.98;"A";1010.84;"A";14;"A";1;"A";5;"A";105;"A";0;"A";176.67;"A"
"2025-06-01 06:15";99.97;"A";4212.87;"A";4214.93;"A";10.54;"A";7.02;"A";5.08;"A";23.06;"A";55.96;"A";17;"A";18.09;"A";64.97;"A";1010.96;"A";14;"A";0;"A";3;"A";104;"A";0;"A";193.33;"A"
"2025-06-01 06:30";99.97;"A";4212.73;"A";4215.07;"A";12.74;"A";6.7;"A";4.91;"A";24.58;"A";51.81;"A";21;"A";19.67;"A";59.41;"A";1011.1;"A";16;"A";0;"A";5;"A";111;"A";0;"A";193.33;"A"
"2025-06-01 06:45";99.97;"A";4212.67;"A";4215;"A";11.81;"A";6.7;"A";4.68;"A";26.46;"A";46.53;"A";24;"A";21.2;"A";54.23;"A";1011.04;"A";18;"A";0;"A";6;"A";116;"A";0;"A";180;"A"
"2025-06-01 07:00";99.97;"A";4212.53;"A";4215;"A";9.82;"A";6.18;"A";4.31;"A";28.3;"A";42.3;"A";27;"A";22.8;"A";49.3;"A";1011.11;"A";20;"A";0;"A";7;"A";119;"A";0;"A";260;"A"
"2025-06-01 07:15";99.97;"A";4212.6;"A";4215;"A";12.9;"A";8.08;"A";5.66;"A";29.95;"A";38.41;"A";28;"A";23.52;"A";47.01;"A";1011.2;"A";22;"A";0;"A";7;"A";116;"A";0.33;"A";253.33;"A"
"2025-06-01 07:30";99.96;"A";4212.53;"A";4215.4;"A";11.66;"A";7.84;"A";5.34;"A";31.33;"A";35.75;"A";30;"A";24.56;"A";43.97;"A";1011.14;"A";20;"A";0;"A";10;"A";141;"A";0.33;"A";336.67;"A"
"2025-06-01 07:45";99.96;"A";4212.73;"A";4215.53;"A";11.94;"A";7.31;"A";4.78;"A";32.58;"A";33.37;"A";32;"A";25.68;"A";41.69;"A";1011.02;"A";22;"A";0;"A";10;"A";136;"A";0.67;"A";336.67;"A"
"2025-06-01 08:00";99.96;"A";4212.8;"A";4215.53;"A";11.81;"A";7.29;"A";4.88;"A";33.51;"A";32.36;"A";32;"A";26.1;"A";42.51;"A";1011.21;"A";21;"A";0;"A";11;"A";141;"A";0.67;"A";340;"A"
"2025-06-01 08:15";99.96;"A";4212.53;"A";4214.93;"A";11.35;"A";7.02;"A";4.83;"A";34.17;"A";32.33;"A";29;"A";26.7;"A";42.04;"A";1011.15;"A";20;"A";0;"A";8;"A";140;"A";0;"A";223.33;"A"
"2025-06-01 08:30";99.95;"A";4212.47;"A";4214.73;"A";12.37;"A";6.39;"A";4.3;"A";34.91;"A";31.4;"A";28;"A";27.6;"A";40.57;"A";1011.27;"A";20;"A";0;"A";9;"A";145;"A";0;"A";13.33;"A"
"2025-06-01 08:45";99.95;"A";4212.53;"A";4215;"A";10.75;"A";6.17;"A";4.03;"A";35.64;"A";30.21;"A";31;"A";27.73;"A";40.49;"A";1011.22;"A";21;"A";0;"A";10;"A";137;"A";0.33;"A";346.67;"A"
"2025-06-01 09:00";99.95;"A";4212.53;"A";4214.73;"A";10.95;"A";6.25;"A";4.05;"A";36.15;"A";29.37;"A";30;"A";28.34;"A";38.39;"A";1011.25;"A";22;"A";1;"A";7;"A";136;"A";0;"A";66.67;"A"
"2025-06-01 09:15";99.8;"A";4186.93;"A";4187.67;"A";8.81;"A";5.17;"A";3.6;"A";36.87;"A";27.93;"A";32;"A";29.01;"A";37.27;"A";1011.28;"A";24;"A";0;"A";8;"A";133;"A";0.67;"A";343.33;"A"
"2025-06-01 09:30";99.73;"A";4209.53;"A";4213.53;"A";8.64;"A";4.75;"A";3.3;"A";37.33;"A";27.36;"A";31;"A";29.47;"A";36.47;"A";1011.36;"A";24;"A";0;"A";7;"A";132;"A";0;"A";173.33;"A"
"2025-06-01 09:45";99.81;"A";4210.47;"A";4214.33;"A";6.07;"A";4.15;"A";2.96;"A";37.8;"A";25.99;"A";33;"A";29.96;"A";35.24;"A";1011.46;"A";25;"A";0;"A";8;"A";116;"A";0;"A";270;"A"
"2025-06-01 10:00";99.86;"A";4210.87;"A";4214.47;"A";6.62;"A";3.89;"A";2.72;"A";38.32;"A";24.51;"A";33;"A";30.43;"A";32.06;"A";1011.43;"A";26;"A";0;"A";7;"A";160;"A";0.33;"A";340;"A"
"2025-06-01 10:15";99.89;"A";4211.53;"A";4214.93;"A";6.91;"A";4.27;"A";3;"A";38.82;"A";23.21;"A";37;"A";30.94;"A";32.07;"A";1011.44;"A";28;"A";0;"A";8;"A";189;"A";0.67;"A";260;"A"
"2025-06-01 10:30";99.91;"A";4211.67;"A";4214.87;"A";5.66;"A";3.74;"A";2.62;"A";39.12;"A";22.79;"A";38;"A";31.11;"A";30.59;"A";1011.46;"A";29;"A";1;"A";8;"A";173;"A";0.67;"A";260;"A"
"2025-06-01 10:45";99.93;"A";4211.73;"A";4215.13;"A";5.99;"A";3.47;"A";2.61;"A";39.17;"A";22.6;"A";37;"A";31.29;"A";31.33;"A";1011.51;"A";31;"A";1;"A";6;"A";137;"A";0.33;"A";240;"A"
"2025-06-01 11:00";99.93;"A";4211.87;"A";4215.6;"A";6.04;"A";3.61;"A";2.54;"A";39.22;"A";22.2;"A";38;"A";31.21;"A";30.43;"A";1011.4;"A";30;"A";0;"A";8;"A";190;"A";0.33;"A";156.67;"A"
"2025-06-01 11:15";99.94;"A";4211.8;"A";4214.93;"A";5.81;"A";4.38;"A";3.07;"A";39.34;"A";22.17;"A";40;"A";31.15;"A";31.11;"A";1011.39;"A";32;"A";0;"A";8;"A";158;"A";1.33;"A";350;"A"
"2025-06-01 11:30";99.95;"A";4210.33;"A";4213.2;"A";6.48;"A";3.6;"A";2.52;"A";39.18;"A";23.14;"A";39;"A";31.32;"A";32.39;"A";1011.35;"A";32;"A";0;"A";7;"A";107;"A";0.33;"A";126.67;"A"
"2025-06-01 11:45";99.82;"A";4198.27;"A";4199.4;"A";6.04;"A";3.73;"A";2.58;"A";38.89;"A";23.64;"A";38;"A";30.63;"A";32.45;"A";1011.36;"A";32;"A";0;"A";6;"A";106;"A";0.67;"A";270;"A"
"2025-06-01 12:00";99.83;"A";4210.6;"A";4213.87;"A";5.65;"A";3.35;"A";2.44;"A";38.56;"A";23;"A";38;"A";30.96;"A";30.9;"A";1011.29;"A";32;"A";0;"A";6;"A";106;"A";0.67;"A";153.33;"A"
"2025-06-01 12:15";99.88;"A";4211.33;"A";4214.6;"A";5.76;"A";3.56;"A";2.63;"A";38.5;"A";23.26;"A";38;"A";31.43;"A";30.17;"A";1011.08;"A";31;"A";0;"A";7;"A";136;"A";0.67;"A";156.67;"A"
"2025-06-01 12:30";99.91;"A";4211.8;"A";4215.6;"A";6.83;"A";3.42;"A";2.46;"A";38.75;"A";23.19;"A";37;"A";31.63;"A";30.57;"A";1011.08;"A";31;"A";0;"A";6;"A";142;"A";1.33;"A";350;"A"
"2025-06-01 12:45";99.93;"A";4211.67;"A";4214.93;"A";5.81;"A";4.03;"A";2.97;"A";38.9;"A";23.2;"A";37;"A";31.32;"A";31.12;"A";1011.03;"A";31;"A";0;"A";6;"A";221;"A";0;"A";80;"A"
"2025-06-01 13:00";99.94;"A";4211.67;"A";4215.07;"A";6.04;"A";3.21;"A";2.39;"A";38.76;"A";23.17;"A";38;"A";31.35;"A";29.75;"A";1011.01;"A";30;"A";0;"A";8;"A";163;"A";0.67;"A";350;"A"
"2025-06-01 13:15";99.95;"A";4211.67;"A";4214.8;"A";5.2;"A";2.96;"A";2.28;"A";38.77;"A";23.17;"A";36;"A";31.6;"A";30.6;"A";1011.01;"A";31;"A";0;"A";5;"A";122;"A";1;"A";350;"A"
"2025-06-01 13:30";99.96;"A";4211.87;"A";4215.33;"A";4.72;"A";3.21;"A";2.21;"A";38.85;"A";23.11;"A";38;"A";31.58;"A";30.86;"A";1010.86;"A";32;"A";0;"A";6;"A";122;"A";0.33;"A";113.33;"A"
"2025-06-01 13:45";99.96;"A";4211.8;"A";4214.8;"A";4.69;"A";3.02;"A";2.2;"A";38.87;"A";23.15;"A";37;"A";31.28;"A";31.16;"A";1010.83;"A";30;"A";0;"A";7;"A";113;"A";1;"A";256.67;"A"
"2025-06-01 14:00";99.97;"A";4212.27;"A";4216;"A";5.8;"A";3.45;"A";2.76;"A";38.61;"A";23.51;"A";37;"A";30.95;"A";32.13;"A";1010.72;"A";31;"A";0;"A";6;"A";137;"A";0.33;"A";156.67;"A"
"2025-06-01 14:15";99.97;"A";4212.13;"A";4215;"A";5.61;"A";3.13;"A";2.39;"A";38.3;"A";24.04;"A";36;"A";30.68;"A";32.49;"A";1010.64;"A";30;"A";0;"A";6;"A";143;"A";0;"A";60;"A"
"2025-06-01 14:30";99.97;"A";4212.27;"A";4215.47;"A";5.55;"A";3.04;"A";2.28;"A";38.01;"A";25.03;"A";36;"A";30.64;"A";33.35;"A";1010.57;"A";30;"A";0;"A";6;"A";114;"A";0;"A";176.67;"A"
"2025-06-01 14:45";99.98;"A";4212.33;"A";4215.47;"A";5.44;"A";2.92;"A";2.12;"A";37.69;"A";24.9;"A";35;"A";30.35;"A";32.65;"A";1010.51;"A";29;"A";0;"A";6;"A";99;"A";0;"A";93.33;"A"
"2025-06-01 15:00";99.98;"A";4212.4;"A";4215;"A";4.08;"A";2.94;"A";2.12;"A";37.47;"A";25.37;"A";35;"A";30.33;"A";33.03;"A";1010.38;"A";30;"A";0;"A";5;"A";117;"A";0.67;"A";156.67;"A"
"2025-06-01 15:15";99.98;"A";4212.27;"A";4215.07;"A";4.31;"A";2.59;"A";1.94;"A";37.32;"A";25.78;"A";33;"A";30.13;"A";33.95;"A";1010.27;"A";28;"A";0;"A";5;"A";117;"A";0.33;"A";36.67;"A"
"2025-06-01 15:30";99.98;"A";4212.67;"A";4215.53;"A";4.44;"A";3.01;"A";2.07;"A";37.07;"A";26.71;"A";32;"A";29.65;"A";35.51;"A";1010.26;"A";26;"A";1;"A";6;"A";123;"A";0.33;"A";240;"A"
"2025-06-01 15:45";99.98;"A";4212.4;"A";4215.47;"A";4.45;"A";2.71;"A";1.9;"A";36.71;"A";27.5;"A";31;"A";29.4;"A";36.42;"A";1010.19;"A";25;"A";0;"A";7;"A";94;"A";0.33;"A";236.67;"A"
"2025-06-01 16:00";99.98;"A";4212.47;"A";4215.2;"A";3.83;"A";2.99;"A";2.26;"A";36.35;"A";28.86;"A";30;"A";29.21;"A";37.19;"A";1010.15;"A";24;"A";1;"A";6;"A";136;"A";0.67;"A";240;"A"
"2025-06-01 16:15";99.99;"A";4212.47;"A";4215.4;"A";4.63;"A";3.54;"A";2.49;"A";36.09;"A";29.52;"A";31;"A";28.78;"A";38.7;"A";1010.04;"A";26;"A";1;"A";5;"A";178;"A";1.67;"A";350;"A"
"2025-06-01 16:30";99.99;"A";4212.47;"A";4215;"A";4.82;"A";2.94;"A";2.1;"A";35.82;"A";30.2;"A";30;"A";28.86;"A";38.2;"A";1009.89;"A";25;"A";0;"A";5;"A";137;"A";1.33;"A";346.67;"A"
"2025-06-01 16:45";99.99;"A";4212.6;"A";4214.87;"A";6.38;"A";3.54;"A";2.42;"A";35.67;"A";29.79;"A";31;"A";28.75;"A";38.03;"A";1009.96;"A";25;"A";0;"A";6;"A";150;"A";0.33;"A";126.67;"A"
"2025-06-01 17:00";99.99;"A";4213;"A";4215.93;"A";5.08;"A";3.59;"A";2.69;"A";35.53;"A";30.26;"A";30;"A";28.47;"A";38.52;"A";1010.02;"A";25;"A";1;"A";5;"A";184;"A";1.33;"A";346.67;"A"
"2025-06-01 17:15";99.99;"A";4212.6;"A";4215.33;"A";5.43;"A";3.41;"A";2.4;"A";35.29;"A";31.41;"A";29;"A";28.15;"A";40.67;"A";1009.93;"A";24;"A";1;"A";5;"A";167;"A";0.33;"A";343.33;"A"
"2025-06-01 17:30";99.99;"A";4212.47;"A";4215.33;"A";4.63;"A";3.61;"A";2.5;"A";34.99;"A";31.98;"A";29;"A";27.83;"A";41.01;"A";1009.84;"A";25;"A";0;"A";5;"A";123;"A";0.67;"A";336.67;"A"
"2025-06-01 17:45";100;"A";4212.47;"A";4215;"A";6.77;"A";4.71;"A";3.42;"A";34.68;"A";31.5;"A";30;"A";27.73;"A";39.41;"A";1009.86;"A";25;"A";0;"A";5;"A";176;"A";1;"A";343.33;"A"
"2025-06-01 18:00";100;"A";4212.53;"A";4215;"A";5.71;"A";3.71;"A";2.86;"A";34.52;"A";30.53;"A";32;"A";27.89;"A";38.27;"A";1009.8;"A";27;"A";0;"A";6;"A";121;"A";0.67;"A";346.67;"A"
"2025-06-01 18:15";100;"A";4212.6;"A";4215.2;"A";5.88;"A";4.01;"A";2.83;"A";34.48;"A";31.19;"A";35;"A";27.72;"A";39.5;"A";1009.82;"A";30;"A";0;"A";5;"A";96;"A";0.67;"A";140;"A"
"2025-06-01 18:30";100;"A";4212.93;"A";4215.6;"A";5.67;"A";4.19;"A";2.97;"A";34.35;"A";31.57;"A";35;"A";27.53;"A";39.77;"A";1009.88;"A";29;"A";0;"A";5;"A";149;"A";0;"A";43.33;"A"
"2025-06-01 18:45";100;"A";4212.6;"A";4215.2;"A";7.86;"A";5.15;"A";3.86;"A";34.18;"A";31.75;"A";35;"A";27.36;"A";39.82;"A";1009.89;"A";29;"A";0;"A";5;"A";99;"A";0.67;"A";126.67;"A"
"2025-06-01 19:00";100;"A";4212.6;"A";4214.8;"A";7.85;"A";5.49;"A";3.7;"A";33.96;"A";32.3;"A";34;"A";27.16;"A";40.78;"A";1009.93;"A";28;"A";0;"A";6;"A";106;"A";0;"A";3.33;"A"
"2025-06-01 19:15";100;"A";4212.6;"A";4214.8;"A";8.52;"A";5.11;"A";3.8;"A";33.77;"A";33;"A";32;"A";27;"A";41.48;"A";1009.96;"A";27;"A";0;"A";6;"A";122;"A";0;"A";250;"A"
"2025-06-01 19:30";100;"A";4212.53;"A";4215;"A";6.75;"A";4.54;"A";3.31;"A";33.58;"A";32.84;"A";34;"A";26.8;"A";40.95;"A";1010.06;"A";27;"A";0;"A";7;"A";115;"A";0;"A";170;"A"
"2025-06-01 19:45";100;"A";4212.6;"A";4214.93;"A";9.09;"A";5.29;"A";3.75;"A";33.35;"A";33.1;"A";32;"A";26.4;"A";41.73;"A";1010.12;"A";26;"A";0;"A";6;"A";126;"A";0;"A";46.67;"A"
"2025-06-01 20:00";100;"A";4213;"A";4215.53;"A";7.66;"A";4.95;"A";3.35;"A";33.07;"A";31.56;"A";38;"A";26.1;"A";39.62;"A";1010.28;"A";31;"A";0;"A";6;"A";101;"A";0.33;"A";63.33;"A"
"2025-06-01 20:15";100;"A";4212.53;"A";4214.67;"A";8.29;"A";5;"A";3.3;"A";32.72;"A";32.22;"A";37;"A";25.67;"A";41.21;"A";1010.27;"A";31;"A";0;"A";6;"A";118;"A";0;"A";36.67;"A"
"2025-06-01 20:30";100;"A";4212.6;"A";4215;"A";8.82;"A";5.12;"A";3.6;"A";32.32;"A";33.37;"A";36;"A";25.28;"A";41.93;"A";1010.38;"A";29;"A";0;"A";7;"A";127;"A";0;"A";33.33;"A"
"2025-06-01 20:45";100;"A";4212.6;"A";4215.07;"A";9.8;"A";5.57;"A";3.9;"A";31.89;"A";34.51;"A";34;"A";24.72;"A";44.22;"A";1010.7;"A";27;"A";0;"A";7;"A";133;"A";0;"A";76.67;"A"
"2025-06-01 21:00";100;"A";4212.6;"A";4215;"A";11.75;"A";6.73;"A";4.6;"A";31.38;"A";35.98;"A";31;"A";24.08;"A";46.59;"A";1010.83;"A";22;"A";0;"A";9;"A";175;"A";0;"A";133.33;"A"
"2025-06-01 21:15";99.92;"A";4194.33;"A";4194.67;"A";14.98;"A";8.84;"A";6.16;"A";30.83;"A";37.73;"A";28;"A";23.51;"A";49.33;"A";1010.95;"A";16;"A";1;"A";12;"A";296;"A";0.33;"A";136.67;"A"
"2025-06-01 21:30";99.83;"A";4210.8;"A";4214.67;"A";16.31;"A";10.8;"A";8;"A";30.28;"A";38.91;"A";28;"A";22.99;"A";50.63;"A";1011.03;"A";13;"A";1;"A";15;"A";407;"A";0;"A";130;"A"
"2025-06-01 21:45";99.9;"A";4211.27;"A";4213.93;"A";14.98;"A";9.49;"A";6.84;"A";29.79;"A";40.36;"A";26;"A";22.67;"A";52.04;"A";1011.02;"A";16;"A";1;"A";11;"A";279;"A";0;"A";170;"A"
"2025-06-01 22:00";99.94;"A";4211.67;"A";4214.8;"A";14.52;"A";7.72;"A";5.78;"A";29.34;"A";41.41;"A";25;"A";22.14;"A";53.51;"A";1011.14;"A";16;"A";1;"A";9;"A";246;"A";0;"A";136.67;"A"
"2025-06-01 22:15";99.96;"A";4211.67;"A";4214.47;"A";11.77;"A";7.63;"A";5.42;"A";28.89;"A";42.51;"A";24;"A";21.82;"A";54.56;"A";1011.15;"A";15;"A";1;"A";9;"A";231;"A";0;"A";250;"A"
"2025-06-01 22:30";99.98;"A";4212.27;"A";4214.67;"A";14.38;"A";8.21;"A";5.62;"A";28.47;"A";43.78;"A";24;"A";21.28;"A";57.62;"A";1011.09;"A";15;"A";2;"A";9;"A";210;"A";0;"A";180;"A"
"2025-06-01 22:45";99.99;"A";4212.67;"A";4215;"A";16.45;"A";9.6;"A";6.32;"A";28.03;"A";45.48;"A";23;"A";20.78;"A";59.13;"A";1011.02;"A";14;"A";1;"A";9;"A";230;"A";0;"A";256.67;"A"
"2025-06-01 23:00";100;"A";4212.87;"A";4215.07;"A";24.17;"A";13.48;"A";8.82;"A";27.58;"A";47.83;"A";22;"A";20.35;"A";63.15;"A";1011.23;"A";4;"A";2;"A";18;"A";321;"A";0;"A";173.33;"A"
"2025-06-01 23:15";100;"A";4212.8;"A";4214.8;"A";25.61;"A";15.14;"A";9.92;"A";27.13;"A";50.12;"A";19;"A";19.94;"A";65.57;"A";1011.41;"A";2;"A";3;"A";17;"A";358;"A";0;"A";330;"A"
"2025-06-01 23:30";100;"A";4212.67;"A";4214.87;"A";24.51;"A";14.68;"A";9.78;"A";26.69;"A";51.7;"A";17;"A";19.56;"A";67.41;"A";1011.56;"A";3;"A";3;"A";13;"A";340;"A";0.33;"A";186.67;"A"
"2025-06-01 23:45";100;"A";4212.67;"A";4214.87;"A";23.44;"A";14.67;"A";9.74;"A";26.28;"A";52.75;"A";16;"A";19.21;"A";68.74;"A";1011.44;"A";5;"A";4;"A";11;"A";332;"A";0;"A";180;"A"
"2025-06-02 00:00";100;"A";4209.53;"A";4211.27;"A";24.5;"A";16.02;"A";10.72;"A";25.89;"A";54.95;"A";13;"A";18.86;"A";71.47;"A";1011.38;"A";3;"A";5;"A";10;"A";320;"A";0;"A";113.33;"A"
"2025-06-02 00:15";99.8;"A";4186.8;"A";4186.13;"A";23.4;"A";13.63;"A";9.41;"A";25.6;"A";55.5;"A";12;"A";18.57;"A";71.59;"A";1011.59;"A";2;"A";4;"A";10;"A";338;"A";0;"A";323.33;"A"
"2025-06-02 00:30";99.78;"A";4209.87;"A";4213.2;"A";21.59;"A";13.53;"A";8.93;"A";25.21;"A";55.44;"A";13;"A";18.17;"A";70.9;"A";1011.69;"A";4;"A";4;"A";9;"A";273;"A";0;"A";190;"A"
"2025-06-02 00:45";99.86;"A";4211.33;"A";4214.4;"A";27.6;"A";17.88;"A";11.78;"A";24.82;"A";54.98;"A";14;"A";17.98;"A";70.7;"A";1011.73;"A";4;"A";4;"A";10;"A";249;"A";0;"A";130;"A"
"2025-06-02 01:00";99.91;"A";4211.67;"A";4214.4;"A";24.67;"A";16.64;"A";11.44;"A";24.58;"A";55.65;"A";12;"A";17.77;"A";71.55;"A";1011.67;"A";3;"A";4;"A";10;"A";261;"A";0;"A";256.67;"A"
"2025-06-02 01:15";99.95;"A";4211.8;"A";4214.47;"A";25.84;"A";17.15;"A";11.48;"A";24.35;"A";56.25;"A";12;"A";17.64;"A";71.73;"A";1011.72;"A";4;"A";5;"A";8;"A";242;"A";0;"A";190;"A"
"2025-06-02 01:30";99.97;"A";4212.47;"A";4214.4;"A";25.82;"A";18.02;"A";12.35;"A";24.2;"A";57.27;"A";12;"A";17.54;"A";73.54;"A";1011.81;"A";3;"A";5;"A";10;"A";262;"A";0;"A";330;"A"
"2025-06-02 01:45";99.98;"A";4212.6;"A";4214.47;"A";27.54;"A";18.07;"A";12.6;"A";24.03;"A";58.56;"A";10;"A";17.31;"A";74.83;"A";1011.74;"A";2;"A";5;"A";8;"A";271;"A";0;"A";183.33;"A"
"2025-06-02 02:00";99.99;"A";4212.67;"A";4214.47;"A";29.16;"A";20.04;"A";14.61;"A";23.83;"A";59.3;"A";10;"A";17.09;"A";76.14;"A";1011.78;"A";1;"A";6;"A";10;"A";355;"A";0;"A";263.33;"A"
"2025-06-02 02:15";100;"A";4213;"A";4215.13;"A";21.43;"A";15.12;"A";12.55;"A";23.72;"A";60.07;"A";9;"A";16.99;"A";76.71;"A";1011.69;"A";1;"A";6;"A";9;"A";302;"A";0;"A";193.33;"A"
"2025-06-02 02:30";100;"A";4212.67;"A";4214.2;"A";20.09;"A";14.03;"A";12.35;"A";23.98;"A";60.03;"A";8;"A";16.79;"A";78.56;"A";1011.83;"A";1;"A";6;"A";8;"A";257;"A";0;"A";253.33;"A"
"2025-06-02 02:45";99.94;"A";4196.33;"A";4195.67;"A";12.56;"A";8.23;"A";6.35;"A";23.6;"A";59.47;"A";8;"A";16.45;"A";77.08;"A";1012.01;"A";3;"A";6;"A";6;"A";132;"A";0.33;"A";130;"A"
"2025-06-02 03:00";99.73;"A";4196.53;"A";4197.33;"A";12.99;"A";8.28;"A";5.6;"A";23.05;"A";59.17;"A";10;"A";16.22;"A";75.91;"A";1011.87;"A";3;"A";5;"A";7;"A";122;"A";0;"A";130;"A"
"2025-06-02 03:15";99.8;"A";4210.33;"A";4213.13;"A";12.18;"A";7.86;"A";5.5;"A";22.82;"A";59.51;"A";10;"A";16.18;"A";76.01;"A";1011.91;"A";3;"A";4;"A";7;"A";125;"A";0;"A";96.67;"A"
"2025-06-02 03:30";99.88;"A";4211.13;"A";4213.53;"A";9.69;"A";6.95;"A";5.99;"A";22.74;"A";60;"A";10;"A";16.12;"A";76.24;"A";1011.89;"A";3;"A";5;"A";7;"A";141;"A";0;"A";326.67;"A"
"2025-06-02 03:45";99.92;"A";4212;"A";4214.53;"A";8.07;"A";5.78;"A";5.09;"A";22.65;"A";60.09;"A";10;"A";15.83;"A";77.56;"A";1011.87;"A";5;"A";5;"A";6;"A";97;"A";0;"A";120;"A"
"2025-06-02 04:00";99.95;"A";4212.2;"A";4214.27;"A";8.34;"A";6.02;"A";5.01;"A";22.58;"A";59.82;"A";10;"A";15.64;"A";77.48;"A";1011.91;"A";6;"A";5;"A";4;"A";89;"A";0;"A";123.33;"A"
"2025-06-02 04:15";99.97;"A";4212.6;"A";4214.4;"A";9.55;"A";6.75;"A";5.44;"A";22.12;"A";59.94;"A";11;"A";15.45;"A";76.61;"A";1011.9;"A";6;"A";4;"A";5;"A";83;"A";0;"A";130;"A"
"2025-06-02 04:30";99.98;"A";4212.6;"A";4214.4;"A";9.3;"A";6.49;"A";5.6;"A";21.99;"A";59.97;"A";10;"A";15.35;"A";77.22;"A";1011.97;"A";4;"A";4;"A";5;"A";87;"A";0;"A";133.33;"A"
"2025-06-02 04:45";99.99;"A";4212.6;"A";4214.2;"A";8.57;"A";6.13;"A";5.4;"A";22.04;"A";60.02;"A";10;"A";15.22;"A";77.99;"A";1012.01;"A";5;"A";4;"A";5;"A";83;"A";0;"A";133.33;"A"
"2025-06-02 05:00";100;"A";4212.67;"A";4214.33;"A";8.32;"A";5.95;"A";5.25;"A";21.97;"A";60.09;"A";10;"A";15.17;"A";78.31;"A";1012;"A";5;"A";5;"A";4;"A";80;"A";0;"A";136.67;"A"
"2025-06-02 05:15";100;"A";4212.93;"A";4215;"A";9.69;"A";6.79;"A";5.82;"A";21.97;"A";59.99;"A";10;"A";15.24;"A";77.8;"A";1012.11;"A";5;"A";4;"A";5;"A";91;"A";0.33;"A";230;"A"
"2025-06-02 05:30";100;"A";4212.87;"A";4214.67;"A";9.67;"A";6.88;"A";6.06;"A";22.16;"A";60.01;"A";8;"A";15.18;"A";78.97;"A";1012.04;"A";4;"A";5;"A";5;"A";97;"A";0;"A";190;"A"
"2025-06-02 05:45";100;"A";4212.67;"A";4214.33;"A";12.41;"A";8.76;"A";7.72;"A";22.53;"A";60.04;"A";8;"A";15.4;"A";79.43;"A";1012.17;"A";3;"A";5;"A";6;"A";140;"A";0;"A";150;"A"
"2025-06-02 06:00";100;"A";4212.6;"A";4214.4;"A";11.47;"A";8.11;"A";7.15;"A";22.81;"A";59.92;"A";8;"A";15.65;"A";79;"A";1012.2;"A";1;"A";5;"A";7;"A";162;"A";0;"A";126.67;"A"
"2025-06-02 06:15";100;"A";4212.73;"A";4214.47;"A";13.26;"A";8.5;"A";6.9;"A";22.68;"A";59.69;"A";7;"A";16.37;"A";74.99;"A";1012.34;"A";1;"A";3;"A";6;"A";172;"A";0;"A";146.67;"A"
"2025-06-02 06:30";100;"A";4212.73;"A";4215;"A";15.05;"A";9.58;"A";6.86;"A";22.96;"A";58.53;"A";10;"A";17.19;"A";70.83;"A";1012.34;"A";2;"A";2;"A";8;"A";164;"A";0;"A";150;"A"
"2025-06-02 06:45";100;"A";4212.8;"A";4214.93;"A";14.85;"A";10;"A";6.89;"A";23.84;"A";55.02;"A";14;"A";18.25;"A";65.94;"A";1012.41;"A";4;"A";1;"A";10;"A";175;"A";0;"A";170;"A"
"2025-06-02 07:00";99.88;"A";4187.6;"A";4186.53;"A";15.19;"A";10.24;"A";7.23;"A";24.93;"A";52.06;"A";16;"A";19.46;"A";62.27;"A";1012.49;"A";5;"A";1;"A";11;"A";186;"A";0;"A";153.33;"A"
"2025-06-02 07:15";99.74;"A";4207.07;"A";4210.53;"A";17.61;"A";10.88;"A";7.44;"A";26.25;"A";49.71;"A";17;"A";20.81;"A";58.94;"A";1012.62;"A";6;"A";1;"A";11;"A";201;"A";0;"A";186.67;"A"
"2025-06-02 07:30";99.83;"A";4210.47;"A";4213.6;"A";17.38;"A";10.64;"A";7.64;"A";27.63;"A";47.41;"A";20;"A";21.89;"A";57.24;"A";1012.63;"A";6;"A";1;"A";14;"A";209;"A";0;"A";183.33;"A"
"2025-06-02 07:45";99.89;"A";4211.2;"A";4214.33;"A";18.51;"A";11.14;"A";7.7;"A";28.89;"A";45.02;"A";20;"A";22.86;"A";54.53;"A";1012.77;"A";8;"A";0;"A";12;"A";202;"A";0;"A";193.33;"A"
"2025-06-02 08:00";99.93;"A";4211.6;"A";4214.6;"A";21.57;"A";14.3;"A";9.31;"A";30.15;"A";41.75;"A";23;"A";24.15;"A";50.33;"A";1012.78;"A";8;"A";0;"A";15;"A";222;"A";0;"A";233.33;"A"
"2025-06-02 08:15";99.95;"A";4211.8;"A";4215.07;"A";22.95;"A";13.12;"A";8.58;"A";31.4;"A";38.63;"A";27;"A";25.12;"A";46.79;"A";1012.9;"A";8;"A";0;"A";19;"A";260;"A";0.33;"A";233.33;"A"
"2025-06-02 08:30";99.96;"A";4211.93;"A";4215.4;"A";13.43;"A";7.58;"A";5.07;"A";32.54;"A";36.27;"A";27;"A";25.84;"A";44.81;"A";1012.68;"A";13;"A";0;"A";14;"A";183;"A";0.33;"A";330;"A"
"2025-06-02 08:45";99.97;"A";4211.8;"A";4215.13;"A";11.54;"A";6.13;"A";4.13;"A";33.51;"A";34.55;"A";29;"A";26.8;"A";42.87;"A";1012.95;"A";15;"A";0;"A";14;"A";151;"A";1;"A";330;"A"
"2025-06-02 09:00";99.97;"A";4211.87;"A";4214.8;"A";11.47;"A";6.03;"A";3.99;"A";34.38;"A";32.52;"A";29;"A";27.66;"A";40.39;"A";1012.97;"A";19;"A";0;"A";10;"A";139;"A";0.33;"A";243.33;"A"
"2025-06-02 09:15";99.98;"A";4211.8;"A";4215.13;"A";9.13;"A";5.1;"A";3.38;"A";35.24;"A";30.3;"A";32;"A";28.37;"A";37.73;"A";1013.07;"A";20;"A";0;"A";12;"A";121;"A";0.33;"A";233.33;"A"
"2025-06-02 09:30";99.98;"A";4211.93;"A";4215.2;"A";8.48;"A";4.48;"A";3.03;"A";36.15;"A";28.06;"A";35;"A";29.26;"A";35.43;"A";1013.07;"A";20;"A";0;"A";15;"A";116;"A";0.67;"A";233.33;"A"
"2025-06-02 09:45";99.98;"A";4211.87;"A";4214.93;"A";8.38;"A";4.46;"A";2.95;"A";36.93;"A";26;"A";37;"A";29.85;"A";33.08;"A";1012.94;"A";22;"A";0;"A";15;"A";114;"A";1;"A";336.67;"A"
"2025-06-02 10:00";99.98;"A";4212.27;"A";4215.6;"A";6.84;"A";4.2;"A";2.68;"A";37.44;"A";24.47;"A";39;"A";30.24;"A";31.91;"A";1012.99;"A";23;"A";0;"A";16;"A";119;"A";0;"A";343.33;"A"
"2025-06-02 10:15";99.98;"A";4211.87;"A";4215;"A";6.44;"A";3.49;"A";2.43;"A";38.09;"A";22.84;"A";40;"A";30.75;"A";28.8;"A";1012.97;"A";29;"A";0;"A";11;"A";95;"A";0.33;"A";186.67;"A"
"2025-06-02 10:30";99.98;"A";4211.87;"A";4214.93;"A";5.66;"A";3.17;"A";2.3;"A";38.51;"A";22.08;"A";41;"A";31.05;"A";29.42;"A";1012.95;"A";30;"A";0;"A";11;"A";95;"A";0;"A";196.67;"A"
"2025-06-02 10:45";99.98;"A";4211.87;"A";4215.2;"A";6.75;"A";3.69;"A";2.52;"A";38.76;"A";22.27;"A";41;"A";31.01;"A";29.51;"A";1012.86;"A";31;"A";0;"A";9;"A";100;"A";0;"A";3.33;"A"
"2025-06-02 11:00";99.98;"A";4211.93;"A";4215.2;"A";6.75;"A";3.53;"A";2.56;"A";38.89;"A";21.97;"A";43;"A";31.13;"A";30.29;"A";1012.81;"A";33;"A";0;"A";10;"A";88;"A";0.33;"A";220;"A"
"2025-06-02 11:15";99.98;"A";4211.93;"A";4215.67;"A";8.9;"A";4.48;"A";2.89;"A";38.93;"A";23.43;"A";39;"A";30.61;"A";32.44;"A";1012.77;"A";30;"A";0;"A";9;"A";113;"A";0.33;"A";266.67;"A"
"2025-06-02 11:30";99.98;"A";4212.27;"A";4215.33;"A";6.97;"A";3.95;"A";2.69;"A";38.53;"A";24.5;"A";38;"A";30.49;"A";32.29;"A";1012.82;"A";31;"A";0;"A";8;"A";102;"A";0.33;"A";153.33;"A"
"2025-06-02 11:45";99.98;"A";4211.93;"A";4215.07;"A";7.61;"A";4.15;"A";2.94;"A";38.14;"A";22.82;"A";41;"A";30.54;"A";29.68;"A";1012.89;"A";35;"A";0;"A";6;"A";100;"A";0.33;"A";183.33;"A"
"2025-06-02 12:00";99.95;"A";4199.6;"A";4201.2;"A";5.25;"A";3.55;"A";2.36;"A";38.08;"A";22.26;"A";42;"A";30.5;"A";29.7;"A";1012.85;"A";34;"A";0;"A";8;"A";76;"A";0;"A";0;"A"
"2025-06-02 12:15";99.73;"A";4195;"A";4197.27;"A";4.76;"A";3.29;"A";2.36;"A";37.83;"A";23.45;"A";41;"A";30.08;"A";30.36;"A";1012.8;"A";34;"A";0;"A";7;"A";98;"A";0.67;"A";346.67;"A"
"2025-06-02 12:30";99.78;"A";4209.6;"A";4213.8;"A";5.33;"A";3.84;"A";2.52;"A";37.58;"A";22.98;"A";42;"A";30.28;"A";30.72;"A";1012.69;"A";37;"A";0;"A";6;"A";74;"A";1;"A";226.67;"A"
"2025-06-02 12:45";99.86;"A";4210.73;"A";4214.53;"A";5.15;"A";3.48;"A";2.7;"A";37.54;"A";23.96;"A";41;"A";30.45;"A";30.1;"A";1012.67;"A";34;"A";0;"A";7;"A";91;"A";1;"A";343.33;"A"
"2025-06-02 13:00";99.9;"A";4211.33;"A";4215.53;"A";6.4;"A";3.94;"A";2.57;"A";37.75;"A";23.58;"A";40;"A";31.18;"A";30.38;"A";1012.74;"A";33;"A";0;"A";7;"A";100;"A";0;"A";123.33;"A"
"2025-06-02 13:15";99.94;"A";4211.53;"A";4214.53;"A";5.97;"A";3.39;"A";2.46;"A";38.12;"A";22.26;"A";43;"A";31.19;"A";28.27;"A";1012.62;"A";36;"A";0;"A";7;"A";75;"A";0.67;"A";126.67;"A"
"2025-06-02 13:30";99.95;"A";4211.6;"A";4214.87;"A";7.94;"A";4.3;"A";3.01;"A";38.33;"A";22.23;"A";43;"A";31;"A";29.25;"A";1012.6;"A";36;"A";0;"A";7;"A";92;"A";0.33;"A";153.33;"A"
"2025-06-02 13:45";99.97;"A";4211.67;"A";4214.93;"A";6.73;"A";3.62;"A";2.63;"A";38.29;"A";22.21;"A";41;"A";30.8;"A";28.98;"A";1012.46;"A";35;"A";0;"A";6;"A";97;"A";0.67;"A";233.33;"A"
"2025-06-02 14:00";99.98;"A";4211.8;"A";4215.4;"A";4.33;"A";3.44;"A";2.31;"A";38.02;"A";22.05;"A";43;"A";30.44;"A";28.93;"A";1012.28;"A";36;"A";0;"A";7;"A";86;"A";1;"A";336.67;"A"
"2025-06-02 14:15";99.99;"A";4211.87;"A";4215.13;"A";5.88;"A";3.61;"A";2.58;"A";37.8;"A";22.92;"A";39;"A";30.67;"A";29.73;"A";1012.28;"A";32;"A";0;"A";6;"A";135;"A";0.33;"A";330;"A"
"2025-06-02 14:30";99.99;"A";4212.2;"A";4216.07;"A";4.65;"A";3.41;"A";2.46;"A";37.67;"A";22.41;"A";43;"A";30.35;"A";29.26;"A";1012.13;"A";37;"A";0;"A";6;"A";81;"A";0.67;"A";160;"A"
"2025-06-02 14:45";100;"A";4212.13;"A";4214.73;"A";5.29;"A";3.36;"A";2.37;"A";37.49;"A";23.69;"A";40;"A";30.57;"A";30.95;"A";1012.11;"A";35;"A";0;"A";6;"A";101;"A";1;"A";236.67;"A"
"2025-06-02 15:00";100;"A";4212.13;"A";4215;"A";5.98;"A";3.97;"A";2.76;"A";37.46;"A";23.65;"A";38;"A";30.49;"A";29.72;"A";1012.21;"A";34;"A";0;"A";4;"A";95;"A";0;"A";233.33;"A"
"2025-06-02 15:15";100;"A";4212.4;"A";4215.07;"A";6.3;"A";3.48;"A";2.57;"A";37.37;"A";23.48;"A";41;"A";30.28;"A";29.41;"A";1012.04;"A";34;"A";0;"A";7;"A";89;"A";0;"A";13.33;"A"
"2025-06-02 15:30";100;"A";4212.27;"A";4215.4;"A";6.11;"A";3.69;"A";2.5;"A";37.26;"A";23.56;"A";41;"A";30.22;"A";29.98;"A";1012;"A";35;"A";0;"A";7;"A";87;"A";0.33;"A";350;"A"
"2025-06-02 15:45";100;"A";4212.53;"A";4215.13;"A";6;"A";3.42;"A";2.53;"A";37.09;"A";23.65;"A";41;"A";29.98;"A";30.4;"A";1011.75;"A";35;"A";0;"A";5;"A";81;"A";0.33;"A";263.33;"A"
"2025-06-02 16:00";100;"A";4212.87;"A";4215.4;"A";6.24;"A";3.77;"A";2.6;"A";36.93;"A";24.72;"A";41;"A";29.76;"A";32.39;"A";1011.62;"A";35;"A";0;"A";6;"A";93;"A";0.33;"A";343.33;"A"
"2025-06-02 16:15";100;"A";4212.53;"A";4215.07;"A";5.99;"A";3.93;"A";2.78;"A";36.63;"A";25.37;"A";40;"A";29.35;"A";32.43;"A";1011.64;"A";35;"A";0;"A";5;"A";88;"A";0.67;"A";326.67;"A"
"2025-06-02 16:30";100;"A";4212.53;"A";4214.87;"A";7.28;"A";4.53;"A";3.32;"A";36.3;"A";25.81;"A";40;"A";29.4;"A";33.74;"A";1011.55;"A";34;"A";0;"A";6;"A";107;"A";0.33;"A";336.67;"A"
"2025-06-02 16:45";99.94;"A";4206.27;"A";4208.13;"A";7.2;"A";4.44;"A";3.31;"A";36.2;"A";26.44;"A";40;"A";29.56;"A";32.72;"A";1011.24;"A";34;"A";0;"A";6;"A";130;"A";0;"A";193.33;"A"
"2025-06-02 17:00";99.94;"A";4211.6;"A";4214.47;"A";6.11;"A";3.88;"A";2.92;"A";36.19;"A";25.79;"A";40;"A";29.64;"A";31.48;"A";1011.26;"A";34;"A";0;"A";6;"A";107;"A";0;"A";153.33;"A"
"2025-06-02 17:15";99.96;"A";4211.73;"A";4214.4;"A";6.75;"A";4.37;"A";3.02;"A";36.26;"A";25.5;"A";41;"A";29.66;"A";32.12;"A";1011.14;"A";36;"A";0;"A";5;"A";99;"A";0;"A";180;"A"
"2025-06-02 17:30";99.98;"A";4211.93;"A";4215.47;"A";7.45;"A";4.85;"A";3.23;"A";36.27;"A";25.3;"A";42;"A";29.66;"A";31.59;"A";1011.15;"A";35;"A";0;"A";6;"A";121;"A";0.33;"A";260;"A"
"2025-06-02 17:45";99.99;"A";4212;"A";4215.13;"A";6.33;"A";4.26;"A";3.15;"A";36.23;"A";25.63;"A";42;"A";29.52;"A";32.05;"A";1010.92;"A";35;"A";0;"A";7;"A";106;"A";0.33;"A";336.67;"A"
"2025-06-02 18:00";100;"A";4211.93;"A";4215.2;"A";6.74;"A";4.33;"A";3.08;"A";36.15;"A";25.83;"A";40;"A";29.41;"A";31.6;"A";1010.86;"A";35;"A";0;"A";5;"A";103;"A";0;"A";333.33;"A"
"2025-06-02 18:15";100;"A";4212.53;"A";4215.13;"A";5.75;"A";4.24;"A";2.9;"A";35.98;"A";25.82;"A";41;"A";29.23;"A";33.05;"A";1010.96;"A";35;"A";0;"A";6;"A";99;"A";0;"A";86.67;"A"
"2025-06-02 18:30";100;"A";4212.33;"A";4214.87;"A";6.62;"A";3.93;"A";2.87;"A";35.83;"A";26.67;"A";40;"A";29.01;"A";33.3;"A";1011.1;"A";35;"A";0;"A";5;"A";103;"A";0;"A";120;"A"
"2025-06-02 18:45";100;"A";4212.53;"A";4214.93;"A";7.1;"A";4.63;"A";3.12;"A";35.63;"A";26.92;"A";41;"A";28.8;"A";34;"A";1011.18;"A";35;"A";0;"A";5;"A";103;"A";0;"A";226.67;"A"
"2025-06-02 19:00";100;"A";4212.87;"A";4215.53;"A";7.35;"A";4.51;"A";3.2;"A";35.4;"A";27.7;"A";40;"A";28.51;"A";35.46;"A";1011.22;"A";34;"A";0;"A";6;"A";112;"A";0;"A";316.67;"A"
"2025-06-02 19:15";100;"A";4212.73;"A";4215.4;"A";7.24;"A";4.64;"A";3.27;"A";35.11;"A";28.64;"A";39;"A";28.17;"A";36.26;"A";1011.27;"A";33;"A";0;"A";6;"A";123;"A";0;"A";320;"A"
"2025-06-02 19:30";100;"A";4212.6;"A";4214.93;"A";7.73;"A";4.82;"A";3.25;"A";34.81;"A";28.65;"A";39;"A";27.85;"A";36.21;"A";1011.32;"A";34;"A";0;"A";5;"A";109;"A";0;"A";226.67;"A"
"2025-06-02 19:45";99.99;"A";4207.4;"A";4209.6;"A";7.82;"A";5.22;"A";3.71;"A";34.51;"A";29.23;"A";39;"A";27.58;"A";37.34;"A";1011.25;"A";32;"A";0;"A";7;"A";146;"A";0;"A";153.33;"A"
"2025-06-02 20:00";99.81;"A";4194.8;"A";4196.27;"A";8.6;"A";5.54;"A";3.96;"A";34.16;"A";30.6;"A";37;"A";27.15;"A";38.92;"A";1011.25;"A";29;"A";0;"A";8;"A";178;"A";0;"A";186.67;"A"
"2025-06-02 20:15";99.83;"A";4210.47;"A";4213.73;"A";11.14;"A";6.67;"A";4.77;"A";33.75;"A";32.14;"A";34;"A";26.65;"A";41.13;"A";1011.28;"A";25;"A";0;"A";9;"A";185;"A";0;"A";143.33;"A"
"2025-06-02 20:30";99.9;"A";4211.4;"A";4214.6;"A";13.23;"A";7.82;"A";5.1;"A";33.29;"A";35.41;"A";31;"A";25.94;"A";45.65;"A";1011.27;"A";23;"A";1;"A";8;"A";220;"A";0;"A";196.67;"A"
"2025-06-02 20:45";99.94;"A";4211.73;"A";4215.13;"A";18.96;"A";10.86;"A";6.96;"A";32.71;"A";35.34;"A";33;"A";25.38;"A";45.51;"A";1011.37;"A";13;"A";0;"A";20;"A";339;"A";0;"A";196.67;"A"
"2025-06-02 21:00";99.96;"A";4211.67;"A";4214.8;"A";20.1;"A";10.91;"A";6.86;"A";32.09;"A";36.62;"A";30;"A";24.78;"A";47.35;"A";1011.59;"A";12;"A";1;"A";17;"A";331;"A";0;"A";196.67;"A"
"2025-06-02 21:15";99.98;"A";4211.93;"A";4215.07;"A";19.15;"A";10.68;"A";7.42;"A";31.52;"A";38.41;"A";29;"A";24.21;"A";50.87;"A";1011.75;"A";10;"A";2;"A";19;"A";557;"A";0;"A";130;"A"
"2025-06-02 21:30";99.99;"A";4212.47;"A";4215.07;"A";27.45;"A";14.8;"A";9.52;"A";30.96;"A";41.04;"A";27;"A";23.66;"A";53.63;"A";1011.81;"A";5;"A";2;"A";22;"A";408;"A";0.33;"A";243.33;"A"
"2025-06-02 21:45";100;"A";4212.67;"A";4214.47;"A";41.21;"A";20.79;"A";13.15;"A";30.44;"A";42.82;"A";26;"A";23.26;"A";55;"A";1011.93;"A";0;"A";2;"A";29;"A";503;"A";0;"A";243.33;"A"
"2025-06-02 22:00";100;"A";4212.87;"A";4215.67;"A";35.37;"A";19.03;"A";12.59;"A";29.95;"A";44.25;"A";23;"A";22.74;"A";58.19;"A";1012.09;"A";1;"A";3;"A";24;"A";456;"A";0;"A";126.67;"A"
"2025-06-02 22:15";100;"A";4212.73;"A";4215.13;"A";38.17;"A";21.07;"A";13.95;"A";29.51;"A";46.8;"A";22;"A";22.38;"A";59.99;"A";1012.04;"A";0;"A";3;"A";26;"A";514;"A";0;"A";180;"A"
"2025-06-02 22:30";100;"A";4212.67;"A";4215;"A";40.29;"A";24.4;"A";15.66;"A";29.07;"A";47.89;"A";21;"A";21.88;"A";62.18;"A";1011.95;"A";0;"A";3;"A";25;"A";519;"A";0.33;"A";130;"A"
"2025-06-02 22:45";100;"A";4212.67;"A";4215;"A";40.37;"A";23.43;"A";15.49;"A";28.65;"A";49.35;"A";20;"A";21.5;"A";64.14;"A";1011.92;"A";0;"A";4;"A";25;"A";582;"A";0;"A";226.67;"A"
"2025-06-02 23:00";100;"A";4212.6;"A";4215.2;"A";39.02;"A";25.28;"A";17.19;"A";28.23;"A";50.68;"A";18;"A";21.14;"A";65.82;"A";1011.94;"A";0;"A";5;"A";23;"A";602;"A";0;"A";190;"A"
"2025-06-02 23:15";100;"A";4212.6;"A";4214.6;"A";47.52;"A";31.79;"A";22.44;"A";27.86;"A";52.09;"A";18;"A";20.83;"A";67.26;"A";1012.01;"A";0;"A";6;"A";22;"A";672;"A";0;"A";256.67;"A"
"2025-06-02 23:30";100;"A";4212.87;"A";4215.6;"A";40.31;"A";25.66;"A";17.65;"A";27.48;"A";53.34;"A";16;"A";20.42;"A";69.08;"A";1012.11;"A";0;"A";7;"A";20;"A";622;"A";0;"A";126.67;"A"
"2025-06-02 23:45";100;"A";4212.87;"A";4215.2;"A";39.55;"A";24.97;"A";17.04;"A";27.14;"A";54.39;"A";16;"A";20.26;"A";69.65;"A";1012.08;"A";0;"A";6;"A";19;"A";595;"A";0;"A";266.67;"A"
"2025-06-03 00:00";100;"A";4212.6;"A";4214.73;"A";34.03;"A";22.15;"A";15.28;"A";26.86;"A";55.29;"A";14;"A";19.91;"A";70.72;"A";1012.14;"A";0;"A";6;"A";17;"A";481;"A";0;"A";193.33;"A"
"2025-06-03 00:15";100;"A";4212.8;"A";4214.93;"A";29.89;"A";19.86;"A";13.69;"A";26.53;"A";55.22;"A";13;"A";19.56;"A";70.1;"A";1012.03;"A";1;"A";6;"A";13;"A";346;"A";0;"A";140;"A"
"2025-06-03 00:30";100;"A";4212.67;"A";4214.93;"A";30.19;"A";19.65;"A";13.72;"A";26.22;"A";54.94;"A";13;"A";19.37;"A";70.16;"A";1011.94;"A";2;"A";5;"A";11;"A";318;"A";0;"A";123.33;"A"
"2025-06-03 00:45";100;"A";4212.67;"A";4214.73;"A";24.08;"A";16.76;"A";11.97;"A";25.95;"A";54.89;"A";12;"A";19.13;"A";70.18;"A";1011.92;"A";3;"A";6;"A";9;"A";264;"A";0;"A";190;"A"
"2025-06-03 01:00";100;"A";4212.8;"A";4214.93;"A";27.61;"A";18.42;"A";12.22;"A";25.7;"A";56.29;"A";12;"A";18.84;"A";73.11;"A";1012.09;"A";2;"A";7;"A";11;"A";265;"A";0.33;"A";270;"A"
"2025-06-03 01:15";100;"A";4212.87;"A";4215;"A";28.98;"A";18.53;"A";12.52;"A";25.46;"A";57.65;"A";11;"A";18.66;"A";73.31;"A";1012.17;"A";0;"A";6;"A";11;"A";274;"A";0;"A";160;"A"
"2025-06-03 01:30";100;"A";4212.67;"A";4214.87;"A";25.44;"A";17.34;"A";12.1;"A";25.23;"A";57.78;"A";11;"A";18.53;"A";73.25;"A";1012.16;"A";0;"A";5;"A";12;"A";258;"A";0;"A";93.33;"A"
"2025-06-03 01:45";100;"A";4212.67;"A";4215.13;"A";25.55;"A";16.84;"A";11.65;"A";25.07;"A";58.63;"A";12;"A";18.47;"A";74.5;"A";1012.19;"A";0;"A";5;"A";13;"A";252;"A";0;"A";213.33;"A"
"2025-06-03 02:00";100;"A";4212.73;"A";4214.93;"A";22.78;"A";15.89;"A";10.7;"A";24.92;"A";58.85;"A";10;"A";18.19;"A";74.73;"A";1012.18;"A";0;"A";5;"A";10;"A";228;"A";0.33;"A";90;"A"
"2025-06-03 02:15";100;"A";4212.73;"A";4214.8;"A";21.12;"A";14.1;"A";9.77;"A";24.74;"A";58.86;"A";10;"A";18.16;"A";74.64;"A";1012.07;"A";1;"A";6;"A";9;"A";206;"A";0;"A";183.33;"A"
"2025-06-03 02:30";99.9;"A";4190.07;"A";4189.07;"A";20.56;"A";14.08;"A";9.83;"A";24.61;"A";59.36;"A";9;"A";17.93;"A";75.12;"A";1011.94;"A";1;"A";6;"A";9;"A";203;"A";0;"A";253.33;"A"
"2025-06-03 02:45";99.79;"A";4210.4;"A";4213.8;"A";17.39;"A";12.55;"A";8.92;"A";24.45;"A";59.56;"A";12;"A";17.83;"A";75.37;"A";1012;"A";2;"A";6;"A";9;"A";179;"A";0;"A";166.67;"A"
"2025-06-03 03:00";99.87;"A";4211.2;"A";4213.53;"A";16.94;"A";11.51;"A";7.97;"A";24.34;"A";58.91;"A";13;"A";17.83;"A";73.15;"A";1011.93;"A";5;"A";4;"A";7;"A";161;"A";0;"A";246.67;"A"
"2025-06-03 03:15";99.92;"A";4211.73;"A";4214.33;"A";15.87;"A";9.77;"A";6.77;"A";24.23;"A";57.75;"A";16;"A";17.75;"A";72.45;"A";1011.95;"A";8;"A";3;"A";8;"A";115;"A";0;"A";246.67;"A"
"2025-06-03 03:30";99.95;"A";4212.07;"A";4214.4;"A";12.96;"A";8.82;"A";6.3;"A";24.17;"A";57.5;"A";16;"A";17.69;"A";72.52;"A";1011.74;"A";9;"A";3;"A";7;"A";106;"A";0;"A";196.67;"A"
"2025-06-03 03:45";99.97;"A";4212.6;"A";4214.67;"A";17.03;"A";12.11;"A";8.32;"A";24.07;"A";59.15;"A";14;"A";17.46;"A";75.95;"A";1011.75;"A";6;"A";4;"A";9;"A";126;"A";0;"A";140;"A"
"2025-06-03 04:00";99.98;"A";4212.67;"A";4214.53;"A";12.65;"A";8.92;"A";7.8;"A";24.14;"A";60.13;"A";12;"A";17.41;"A";76.8;"A";1011.81;"A";4;"A";5;"A";8;"A";135;"A";0;"A";110;"A"
"2025-06-03 04:15";99.99;"A";4212.93;"A";4214.93;"A";12.13;"A";8.57;"A";7.55;"A";24.4;"A";59.99;"A";8;"A";17.16;"A";78.39;"A";1011.78;"A";1;"A";6;"A";7;"A";135;"A";0;"A";110;"A"
"2025-06-03 04:30";99.99;"A";4212.73;"A";4215;"A";12.25;"A";8.65;"A";7.62;"A";24.27;"A";59.98;"A";8;"A";16.96;"A";78.55;"A";1011.79;"A";1;"A";7;"A";7;"A";127;"A";0.33;"A";126.67;"A"
"2025-06-03 04:45";99.91;"A";4204.67;"A";4205.93;"A";12.98;"A";9.22;"A";7.93;"A";23.97;"A";59.98;"A";7;"A";16.87;"A";78.06;"A";1011.97;"A";0;"A";6;"A";8;"A";131;"A";0;"A";130;"A"
"2025-06-03 05:00";99.94;"A";4211.6;"A";4214.07;"A";12.79;"A";9.02;"A";7.94;"A";23.98;"A";59.98;"A";8;"A";16.79;"A";78.48;"A";1011.96;"A";0;"A";6;"A";8;"A";135;"A";0;"A";130;"A"
"2025-06-03 05:15";99.96;"A";4212.2;"A";4214.6;"A";11.88;"A";8.39;"A";7.39;"A";23.95;"A";59.93;"A";9;"A";16.82;"A";78.33;"A";1011.96;"A";2;"A";5;"A";7;"A";125;"A";0.33;"A";263.33;"A"
"2025-06-03 05:30";99.98;"A";4212.67;"A";4214.47;"A";12.19;"A";8.48;"A";6.95;"A";23.92;"A";59.86;"A";9;"A";16.85;"A";77.43;"A";1011.98;"A";3;"A";5;"A";7;"A";117;"A";0.33;"A";196.67;"A"
"2025-06-03 05:45";99.99;"A";4212.73;"A";4214.73;"A";10.34;"A";7.24;"A";6.17;"A";23.65;"A";59.95;"A";14;"A";17.15;"A";75.97;"A";1011.82;"A";7;"A";4;"A";7;"A";95;"A";0;"A";130;"A"
"2025-06-03 06:00";99.99;"A";4212.87;"A";4215.27;"A";11.41;"A";7.43;"A";5.27;"A";23.65;"A";59.57;"A";16;"A";17.7;"A";72.79;"A";1012;"A";10;"A";2;"A";7;"A";82;"A";0;"A";143.33;"A"
"2025-06-03 06:15";100;"A";4212.67;"A";4214.53;"A";14.04;"A";7.71;"A";5.43;"A";24.14;"A";57.82;"A";17;"A";18.8;"A";68.76;"A";1012.12;"A";12;"A";0;"A";5;"A";79;"A";;"N";;"N"
"2025-06-03 06:30";100;"A";4212.73;"A";4214.87;"A";13.67;"A";8.02;"A";5.44;"A";25.16;"A";55.05;"A";20;"A";19.71;"A";64.82;"A";1012.22;"A";13;"A";0;"A";7;"A";82;"A";0;"A";133.33;"A"
"2025-06-03 06:45";100;"A";4212.73;"A";4215;"A";13.36;"A";8.21;"A";5.7;"A";26.25;"A";51.65;"A";23;"A";20.3;"A";62.56;"A";1012.21;"A";14;"A";0;"A";9;"A";89;"A";0;"A";306.67;"A"
"2025-06-03 07:00";100;"A";4212.67;"A";4214.67;"A";13.16;"A";7.27;"A";4.78;"A";27.02;"A";49.59;"A";23;"A";20.96;"A";60.51;"A";1012.22;"A";15;"A";0;"A";8;"A";98;"A";0;"A";203.33;"A"
"2025-06-03 07:15";100;"A";4212.67;"A";4215;"A";11.18;"A";6.8;"A";4.69;"A";27.71;"A";48.26;"A";25;"A";21.07;"A";60.7;"A";1012.08;"A";16;"A";1;"A";8;"A";83;"A";0;"A";306.67;"A"
"2025-06-03 07:30";100;"A";4213;"A";4215.8;"A";11.03;"A";6.83;"A";4.72;"A";28.1;"A";47.03;"A";22;"A";22.18;"A";56.85;"A";1012.12;"A";16;"A";1;"A";6;"A";88;"A";0;"A";283.33;"A"
"2025-06-03 07:45";100;"A";4212.6;"A";4214.73;"A";11.62;"A";6.43;"A";4.59;"A";29.28;"A";44.84;"A";22;"A";23.92;"A";52.42;"A";1012.27;"A";16;"A";0;"A";6;"A";97;"A";0;"A";226.67;"A"
"2025-06-03 08:00";99.99;"A";4212.6;"A";4215.07;"A";10.99;"A";6.34;"A";4.24;"A";30.94;"A";42.18;"A";26;"A";25.1;"A";51.44;"A";1012.26;"A";16;"A";0;"A";10;"A";108;"A";0;"A";186.67;"A"
"2025-06-03 08:15";99.99;"A";4212.53;"A";4215;"A";10.85;"A";6.14;"A";4.24;"A";32.24;"A";40.78;"A";25;"A";26.07;"A";49.99;"A";1011.93;"A";16;"A";1;"A";9;"A";138;"A";0;"A";133.33;"A"
"2025-06-03 08:30";99.99;"A";4212.47;"A";4215;"A";10.96;"A";6.01;"A";4.27;"A";33.42;"A";38.78;"A";25;"A";27.21;"A";47.37;"A";1012.03;"A";17;"A";0;"A";8;"A";117;"A";0;"A";116.67;"A"
"2025-06-03 08:45";99.99;"A";4212.53;"A";4214.73;"A";9.39;"A";6.29;"A";4.26;"A";34.74;"A";36.47;"A";28;"A";28.5;"A";44.25;"A";1012;"A";19;"A";0;"A";9;"A";106;"A";0;"A";126.67;"A"
"2025-06-03 09:00";99.98;"A";4212.67;"A";4215.53;"A";9.77;"A";5.67;"A";4.07;"A";36;"A";34.58;"A";29;"A";29.81;"A";42.16;"A";1011.94;"A";21;"A";0;"A";9;"A";114;"A";0;"A";83.33;"A"
"2025-06-03 09:15";99.98;"A";4212;"A";4214.93;"A";8.54;"A";5.18;"A";3.75;"A";37.47;"A";32.36;"A";30;"A";31.16;"A";39.64;"A";1011.93;"A";22;"A";0;"A";8;"A";104;"A";0;"A";53.33;"A"
"2025-06-03 09:30";99.98;"A";4212;"A";4214.67;"A";9.19;"A";5.5;"A";3.91;"A";38.75;"A";30.55;"A";32;"A";32.24;"A";38.68;"A";1011.71;"A";22;"A";0;"A";10;"A";114;"A";0;"A";190;"A"
"2025-06-03 09:45";99.97;"A";4212.13;"A";4215.13;"A";10.19;"A";5.87;"A";4.04;"A";39.96;"A";28.16;"A";34;"A";32.91;"A";36.26;"A";1011.74;"A";24;"A";1;"A";10;"A";101;"A";0;"A";160;"A"
"2025-06-03 10:00";99.97;"A";4211.73;"A";4214.93;"A";10.06;"A";5.97;"A";4.22;"A";40.87;"A";25.27;"A";34;"A";33.73;"A";33.67;"A";1011.74;"A";25;"A";1;"A";9;"A";282;"A";0.67;"A";263.33;"A"
"2025-06-03 10:15";99.97;"A";4211.67;"A";4214.93;"A";11.87;"A";8.28;"A";5.97;"A";41.64;"A";23.6;"A";37;"A";34.55;"A";31.38;"A";1011.71;"A";27;"A";1;"A";10;"A";174;"A";0.67;"A";233.33;"A"
"2025-06-03 10:30";99.97;"A";4212.07;"A";4215.73;"A";12.1;"A";8.03;"A";6.48;"A";42.24;"A";21.89;"A";39;"A";34.73;"A";30.07;"A";1011.64;"A";27;"A";1;"A";12;"A";269;"A";0;"A";16.67;"A"
"2025-06-03 10:45";99.97;"A";4211.73;"A";4215.07;"A";9.34;"A";5.15;"A";3.65;"A";42.62;"A";21.41;"A";40;"A";34.94;"A";30.06;"A";1011.69;"A";30;"A";1;"A";10;"A";184;"A";0.33;"A";136.67;"A"
"2025-06-03 11:00";99.97;"A";4211.67;"A";4215.27;"A";10.64;"A";5.94;"A";4.04;"A";42.9;"A";21.29;"A";39;"A";35.4;"A";29.9;"A";1011.79;"A";30;"A";2;"A";9;"A";163;"A";0.67;"A";240;"A"
"2025-06-03 11:15";99.96;"A";4205.27;"A";4207.53;"A";10.47;"A";5.59;"A";3.73;"A";43.04;"A";20.99;"A";39;"A";35.24;"A";29.77;"A";1011.68;"A";31;"A";1;"A";8;"A";134;"A";0.33;"A";6.67;"A"
"2025-06-03 11:30";99.78;"A";4194.33;"A";4195.73;"A";18.76;"A";9.12;"A";5.92;"A";43.11;"A";20.81;"A";38;"A";35.29;"A";30.37;"A";1011.61;"A";30;"A";2;"A";8;"A";220;"A";0.33;"A";156.67;"A"
"2025-06-03 11:45";99.8;"A";4209.8;"A";4213.8;"A";9.05;"A";5.5;"A";4.12;"A";42.97;"A";20.49;"A";39;"A";35.08;"A";28.47;"A";1011.56;"A";31;"A";1;"A";8;"A";116;"A";0;"A";36.67;"A"
"2025-06-03 12:00";99.86;"A";4210.87;"A";4214.73;"A";13.83;"A";7.26;"A";4.52;"A";42.85;"A";20.52;"A";39;"A";35.42;"A";29.55;"A";1011.52;"A";32;"A";1;"A";8;"A";110;"A";0;"A";36.67;"A"
"2025-06-03 12:15";99.9;"A";4211.13;"A";4214.8;"A";8.3;"A";5.54;"A";4.02;"A";42.96;"A";20.53;"A";39;"A";35.18;"A";29.33;"A";1011.34;"A";32;"A";0;"A";7;"A";128;"A";0;"A";40;"A"
"2025-06-03 12:30";99.93;"A";4211.4;"A";4214.8;"A";8.48;"A";5.14;"A";3.78;"A";42.97;"A";20.59;"A";37;"A";35.38;"A";28.82;"A";1011.41;"A";30;"A";1;"A";7;"A";103;"A";0;"A";10;"A"
"2025-06-03 12:45";99.95;"A";4211.73;"A";4215.13;"A";8.93;"A";5.42;"A";3.91;"A";42.93;"A";20.03;"A";37;"A";35.09;"A";28.57;"A";1011.24;"A";32;"A";1;"A";5;"A";94;"A";0;"A";136.67;"A"
"2025-06-03 13:00";99.96;"A";4211.6;"A";4215.13;"A";9.25;"A";5.83;"A";4.38;"A";42.65;"A";20.3;"A";39;"A";34.79;"A";29.53;"A";1010.98;"A";31;"A";1;"A";8;"A";123;"A";0.33;"A";123.33;"A"
"2025-06-03 13:15";99.98;"A";4211.67;"A";4215.07;"A";9.55;"A";5.65;"A";4.11;"A";42.4;"A";21.14;"A";37;"A";34.84;"A";29.43;"A";1010.91;"A";31;"A";1;"A";6;"A";117;"A";0;"A";96.67;"A"
"2025-06-03 13:30";99.98;"A";4211.8;"A";4215.53;"A";9.67;"A";5.94;"A";4.02;"A";42.32;"A";20.38;"A";38;"A";34.88;"A";28.13;"A";1010.79;"A";26;"A";0;"A";12;"A";188;"A";0;"A";13.33;"A"
"2025-06-03 13:45";99.99;"A";4211.87;"A";4215.67;"A";9.72;"A";6.02;"A";4.44;"A";42.21;"A";20.59;"A";39;"A";34.55;"A";29.16;"A";1010.56;"A";30;"A";1;"A";9;"A";172;"A";0;"A";66.67;"A"
"2025-06-03 14:00";99.99;"A";4211.67;"A";4215.07;"A";9.84;"A";5.99;"A";4.17;"A";41.95;"A";21.24;"A";36;"A";34.3;"A";29.51;"A";1010.48;"A";30;"A";1;"A";6;"A";116;"A";0;"A";36.67;"A"
"2025-06-03 14:15";100;"A";4211.93;"A";4215.27;"A";10.59;"A";6.47;"A";4.56;"A";41.54;"A";21.76;"A";37;"A";33.85;"A";30.06;"A";1010.34;"A";30;"A";1;"A";7;"A";134;"A";0;"A";150;"A"
"2025-06-03 14:30";100;"A";4211.67;"A";4214.73;"A";8.81;"A";6.06;"A";4.61;"A";41.17;"A";21.6;"A";37;"A";33.77;"A";29.79;"A";1010.17;"A";32;"A";0;"A";5;"A";97;"A";0;"A";36.67;"A"
"2025-06-03 14:45";99.99;"A";4207;"A";4209.07;"A";10.34;"A";7.05;"A";5.15;"A";40.91;"A";21.6;"A";38;"A";33.69;"A";29.27;"A";1009.94;"A";33;"A";0;"A";6;"A";90;"A";0;"A";120;"A"
"2025-06-03 15:00";99.78;"A";4185.93;"A";4186.93;"A";11.46;"A";7.17;"A";5.29;"A";40.71;"A";22.27;"A";37;"A";33.69;"A";30.05;"A";1009.89;"A";31;"A";0;"A";6;"A";144;"A";0.33;"A";166.67;"A"
"2025-06-03 15:15";99.75;"A";4209.27;"A";4213.33;"A";12.49;"A";8.21;"A";5.8;"A";40.58;"A";22.11;"A";37;"A";33.39;"A";29.36;"A";1009.72;"A";31;"A";0;"A";6;"A";168;"A";0.67;"A";203.33;"A"
"2025-06-03 15:30";99.84;"A";4210.27;"A";4214.2;"A";10.67;"A";7.02;"A";5.38;"A";40.35;"A";22.05;"A";38;"A";33.18;"A";29.92;"A";1009.57;"A";32;"A";0;"A";5;"A";115;"A";0.33;"A";126.67;"A"
"2025-06-03 15:45";99.9;"A";4210.67;"A";4214.87;"A";10.89;"A";7.23;"A";5.03;"A";40.2;"A";22.67;"A";38;"A";33.31;"A";29.86;"A";1009.43;"A";33;"A";0;"A";6;"A";121;"A";0;"A";6.67;"A"
"2025-06-03 16:00";99.94;"A";4211.47;"A";4214.33;"A";9.64;"A";7.07;"A";5.02;"A";40.12;"A";22.94;"A";37;"A";33.27;"A";30.02;"A";1009.25;"A";32;"A";0;"A";5;"A";123;"A";0.33;"A";156.67;"A"
"2025-06-03 16:15";99.97;"A";4211.67;"A";4214.87;"A";11.52;"A";7.54;"A";5.09;"A";40.1;"A";22.91;"A";37;"A";33.15;"A";29.74;"A";1009.19;"A";31;"A";0;"A";6;"A";339;"A";0.33;"A";250;"A"
"2025-06-03 16:30";99.99;"A";4211.73;"A";4215.13;"A";10.19;"A";7.14;"A";4.91;"A";40;"A";23.3;"A";38;"A";32.93;"A";31.03;"A";1009.04;"A";33;"A";0;"A";6;"A";119;"A";1;"A";343.33;"A"
"2025-06-03 16:45";100;"A";4211.93;"A";4215.73;"A";12.36;"A";8;"A";5.7;"A";39.77;"A";23.28;"A";37;"A";32.67;"A";30.51;"A";1009.05;"A";31;"A";0;"A";6;"A";128;"A";0;"A";106.67;"A"
"2025-06-03 17:00";100;"A";4211.8;"A";4215.27;"A";11.9;"A";6.65;"A";4.87;"A";39.57;"A";23.37;"A";38;"A";32.78;"A";30.64;"A";1008.88;"A";32;"A";0;"A";6;"A";98;"A";0;"A";110;"A"
"2025-06-03 17:15";100;"A";4211.73;"A";4214.8;"A";10.24;"A";6.74;"A";4.66;"A";39.48;"A";23.8;"A";38;"A";32.62;"A";31.12;"A";1008.83;"A";32;"A";0;"A";5;"A";107;"A";0;"A";266.67;"A"
"2025-06-03 17:30";100;"A";4211.67;"A";4214.53;"A";10.31;"A";6.65;"A";4.56;"A";39.42;"A";24.12;"A";39;"A";32.54;"A";31.63;"A";1008.74;"A";34;"A";0;"A";5;"A";102;"A";0;"A";263.33;"A"
"2025-06-03 17:45";100;"A";4212.07;"A";4215;"A";9.17;"A";6.48;"A";4.43;"A";39.28;"A";24.05;"A";38;"A";32.44;"A";31.02;"A";1008.66;"A";33;"A";0;"A";5;"A";101;"A";0;"A";136.67;"A"
"2025-06-03 18:00";100;"A";4212.13;"A";4214.73;"A";12.19;"A";6.83;"A";4.78;"A";39.15;"A";24.81;"A";38;"A";32.36;"A";32.69;"A";1008.52;"A";32;"A";0;"A";7;"A";179;"A";0;"A";336.67;"A"
"2025-06-03 18:15";100;"A";4212.33;"A";4215.8;"A";11.44;"A";7.52;"A";5.47;"A";39.06;"A";24.82;"A";37;"A";32.19;"A";31.93;"A";1008.53;"A";32;"A";0;"A";5;"A";114;"A";0;"A";76.67;"A"
"2025-06-03 18:30";100;"A";4212.27;"A";4215.4;"A";11.03;"A";7.22;"A";5.24;"A";38.9;"A";24.03;"A";40;"A";31.99;"A";31.25;"A";1008.37;"A";34;"A";0;"A";6;"A";106;"A";0;"A";206.67;"A"
"2025-06-03 18:45";100;"A";4212.27;"A";4215;"A";10.49;"A";7.28;"A";5.17;"A";38.72;"A";24.17;"A";39;"A";31.82;"A";31.46;"A";1008.27;"A";33;"A";0;"A";6;"A";107;"A";0;"A";153.33;"A"
"2025-06-03 19:00";100;"A";4212.27;"A";4215.07;"A";12.57;"A";8.42;"A";5.94;"A";38.49;"A";24.79;"A";39;"A";31.57;"A";32.24;"A";1008.16;"A";33;"A";0;"A";6;"A";120;"A";0;"A";263.33;"A"
"2025-06-03 19:15";100;"A";4212.4;"A";4215.2;"A";13.13;"A";8.6;"A";5.87;"A";38.28;"A";24.74;"A";40;"A";31.31;"A";32.2;"A";1008.12;"A";34;"A";0;"A";6;"A";114;"A";0;"A";196.67;"A"
"2025-06-03 19:30";100;"A";4212.47;"A";4215.47;"A";19.04;"A";10.83;"A";7.33;"A";38.03;"A";25.66;"A";40;"A";30.97;"A";33.69;"A";1008.22;"A";29;"A";0;"A";11;"A";179;"A";0.67;"A";106.67;"A"
"2025-06-03 19:45";100;"A";4212.73;"A";4215.53;"A";13.65;"A";7.65;"A";5.06;"A";37.71;"A";26.69;"A";38;"A";30.56;"A";34.73;"A";1008.47;"A";30;"A";0;"A";7;"A";169;"A";1;"A";136.67;"A"
"2025-06-03 20:00";100;"A";4212.67;"A";4215.33;"A";11.98;"A";6.62;"A";4.57;"A";37.31;"A";27.3;"A";36;"A";30.04;"A";35.65;"A";1008.64;"A";31;"A";0;"A";5;"A";161;"A";1;"A";140;"A"
"2025-06-03 20:15";100;"A";4212.47;"A";4215.07;"A";12.4;"A";6.74;"A";4.51;"A";36.83;"A";27.73;"A";36;"A";29.54;"A";36.06;"A";1008.79;"A";32;"A";0;"A";5;"A";100;"A";1;"A";133.33;"A"
"2025-06-03 20:30";100;"A";4212.53;"A";4215.33;"A";12.53;"A";7;"A";4.68;"A";36.3;"A";28.61;"A";36;"A";29;"A";37.42;"A";1008.68;"A";30;"A";0;"A";6;"A";129;"A";1;"A";136.67;"A"
"2025-06-03 20:45";100;"A";4212.73;"A";4215.4;"A";12.32;"A";7.23;"A";5.01;"A";35.78;"A";29.67;"A";35;"A";28.54;"A";38.55;"A";1008.64;"A";30;"A";0;"A";5;"A";127;"A";0.33;"A";130;"A"
"2025-06-03 21:00";100;"A";4212.6;"A";4215;"A";11.57;"A";6.82;"A";4.6;"A";35.28;"A";30.88;"A";35;"A";28.1;"A";39.52;"A";1008.87;"A";30;"A";0;"A";5;"A";100;"A";0;"A";100;"A"
"2025-06-03 21:15";100;"A";4212.73;"A";4215.27;"A";15.16;"A";8.38;"A";5.39;"A";34.85;"A";31.61;"A";35;"A";27.79;"A";40.38;"A";1008.95;"A";30;"A";0;"A";5;"A";103;"A";0.33;"A";130;"A"
"2025-06-03 21:30";100;"A";4212.73;"A";4215.13;"A";13;"A";7.14;"A";5.05;"A";34.47;"A";32.72;"A";36;"A";27.43;"A";41.81;"A";1008.95;"A";28;"A";0;"A";8;"A";102;"A";0.67;"A";130;"A"
"2025-06-03 21:45";100;"A";4212.6;"A";4214.93;"A";12.67;"A";7.2;"A";4.9;"A";34.09;"A";34.21;"A";35;"A";26.99;"A";43.92;"A";1009.14;"A";27;"A";0;"A";7;"A";103;"A";0;"A";136.67;"A"
"2025-06-03 22:00";100;"A";4212.6;"A";4215.07;"A";12.03;"A";6.97;"A";4.77;"A";33.67;"A";35.02;"A";34;"A";26.56;"A";44.21;"A";1009.07;"A";28;"A";0;"A";7;"A";98;"A";0;"A";130;"A"
"2025-06-03 22:15";100;"A";4212.6;"A";4215.13;"A";10.36;"A";5.79;"A";4.39;"A";33.27;"A";35.23;"A";34;"A";26.14;"A";44.78;"A";1009.13;"A";28;"A";0;"A";6;"A";88;"A";0.33;"A";133.33;"A"
"2025-06-03 22:30";100;"A";4212.6;"A";4214.87;"A";13.05;"A";6.3;"A";4.24;"A";32.85;"A";35.99;"A";35;"A";25.71;"A";45.97;"A";1009.15;"A";29;"A";0;"A";6;"A";88;"A";0.33;"A";80;"A"
"2025-06-03 22:45";100;"A";4212.67;"A";4215.4;"A";13.06;"A";6.58;"A";4.47;"A";32.44;"A";37.72;"A";34;"A";25.35;"A";48.84;"A";1009.2;"A";26;"A";0;"A";7;"A";93;"A";0;"A";180;"A"
"2025-06-03 23:00";100;"A";4212.87;"A";4215.53;"A";10.05;"A";6.08;"A";4.22;"A";32.05;"A";39.99;"A";32;"A";24.96;"A";51.6;"A";1009.1;"A";26;"A";0;"A";6;"A";103;"A";0;"A";133.33;"A"
"2025-06-03 23:15";100;"A";4212.6;"A";4215.13;"A";10.52;"A";6.12;"A";4.56;"A";31.66;"A";41.76;"A";33;"A";24.56;"A";53.83;"A";1009.36;"A";27;"A";0;"A";5;"A";104;"A";1;"A";130;"A"
"2025-06-03 23:30";100;"A";4212.53;"A";4215;"A";10.47;"A";5.9;"A";4.45;"A";31.26;"A";43.19;"A";32;"A";24.21;"A";55.46;"A";1009.47;"A";28;"A";0;"A";5;"A";100;"A";0.67;"A";130;"A"
"2025-06-03 23:45";100;"A";4212.67;"A";4214.67;"A";10.34;"A";6.16;"A";4.52;"A";30.92;"A";44.4;"A";32;"A";23.93;"A";56.81;"A";1009.43;"A";27;"A";0;"A";5;"A";102;"A";0.33;"A";123.33;"A"
"2025-06-04 00:00";100;"A";4212.67;"A";4215.07;"A";10.35;"A";6.26;"A";4.59;"A";30.6;"A";45.47;"A";33;"A";23.68;"A";57.8;"A";1009.43;"A";27;"A";0;"A";5;"A";100;"A";0;"A";270;"A"
"2025-06-04 00:15";100;"A";4212.73;"A";4215.33;"A";9.43;"A";6.15;"A";4.54;"A";30.32;"A";46.34;"A";32;"A";23.4;"A";58.8;"A";1009.3;"A";26;"A";0;"A";5;"A";97;"A";0;"A";163.33;"A"
"2025-06-04 00:30";100;"A";4212.93;"A";4215.47;"A";10.34;"A";6.38;"A";4.66;"A";30.06;"A";46.83;"A";32;"A";23.24;"A";59.02;"A";1009.26;"A";27;"A";0;"A";5;"A";95;"A";0;"A";86.67;"A"
"2025-06-04 00:45";100;"A";4212.6;"A";4215.13;"A";9.67;"A";6.59;"A";4.73;"A";29.85;"A";46.83;"A";33;"A";23.11;"A";58.54;"A";1009.1;"A";24;"A";0;"A";8;"A";96;"A";0;"A";90;"A"
"2025-06-04 01:00";99.99;"A";4206.13;"A";4207.2;"A";10.63;"A";6.74;"A";4.98;"A";29.68;"A";46.49;"A";34;"A";23.08;"A";57.83;"A";1008.94;"A";26;"A";0;"A";8;"A";94;"A";0;"A";90;"A"
"2025-06-04 01:15";99.79;"A";4194.8;"A";4195.47;"A";10.9;"A";7.06;"A";5.01;"A";29.6;"A";46.5;"A";35;"A";23;"A";57.95;"A";1008.96;"A";27;"A";0;"A";8;"A";94;"A";0;"A";130;"A"
"2025-06-04 01:30";99.83;"A";4210.4;"A";4213.6;"A";10.35;"A";7.34;"A";5.31;"A";29.5;"A";47.18;"A";33;"A";22.86;"A";59.06;"A";1008.85;"A";26;"A";0;"A";7;"A";103;"A";0;"A";123.33;"A"
"2025-06-04 01:45";99.89;"A";4211.2;"A";4214.27;"A";11.03;"A";7.99;"A";5.65;"A";29.37;"A";47.74;"A";34;"A";22.65;"A";60.07;"A";1008.81;"A";27;"A";0;"A";7;"A";103;"A";0;"A";50;"A"
"2025-06-04 02:00";99.93;"A";4211.87;"A";4214.73;"A";15.59;"A";10.94;"A";7.6;"A";29.22;"A";48.18;"A";34;"A";22.52;"A";60.54;"A";1008.75;"A";27;"A";0;"A";7;"A";112;"A";0.33;"A";86.67;"A"
"2025-06-04 02:15";99.96;"A";4211.8;"A";4215;"A";18.58;"A";13.51;"A";9.89;"A";29.08;"A";48.65;"A";33;"A";22.39;"A";61.03;"A";1008.84;"A";25;"A";0;"A";8;"A";124;"A";0.67;"A";93.33;"A"
"2025-06-04 02:30";99.97;"A";4212.07;"A";4215.07;"A";22.55;"A";16.14;"A";11.74;"A";28.96;"A";49.15;"A";32;"A";22.21;"A";62.26;"A";1008.79;"A";23;"A";0;"A";9;"A";136;"A";0.67;"A";130;"A"
"2025-06-04 02:45";99.98;"A";4212.6;"A";4214.8;"A";21.94;"A";15.73;"A";11.6;"A";28.79;"A";49.84;"A";31;"A";22.04;"A";63.22;"A";1008.87;"A";24;"A";0;"A";8;"A";141;"A";0.67;"A";110;"A"
"2025-06-04 03:00";99.99;"A";4212.73;"A";4215.2;"A";23.84;"A";16.99;"A";12.35;"A";28.6;"A";50.68;"A";30;"A";21.7;"A";64.79;"A";1009.11;"A";24;"A";0;"A";6;"A";141;"A";0.67;"A";203.33;"A"
"2025-06-04 03:15";100;"A";4212.53;"A";4214.8;"A";25.58;"A";18.59;"A";13.6;"A";28.35;"A";51.61;"A";28;"A";21.39;"A";66.23;"A";1009.18;"A";24;"A";0;"A";4;"A";147;"A";0;"A";126.67;"A"
"2025-06-04 03:30";100;"A";4212.73;"A";4215.33;"A";26.12;"A";19.99;"A";14.31;"A";28.06;"A";52.6;"A";27;"A";21.02;"A";67.57;"A";1008.99;"A";24;"A";1;"A";3;"A";146;"A";0;"A";123.33;"A"
"2025-06-04 03:45";100;"A";4212.87;"A";4215.13;"A";26.65;"A";19.19;"A";14.13;"A";27.76;"A";53.53;"A";26;"A";20.83;"A";68.45;"A";1008.93;"A";23;"A";0;"A";3;"A";143;"A";0;"A";190;"A"
"2025-06-04 04:00";100;"A";4212.67;"A";4214.87;"A";25.78;"A";20.12;"A";14.26;"A";27.49;"A";54.26;"A";26;"A";20.55;"A";69.48;"A";1008.81;"A";22;"A";1;"A";4;"A";144;"A";0;"A";266.67;"A"
"2025-06-04 04:15";100;"A";4212.6;"A";4215;"A";21.98;"A";16.3;"A";11.71;"A";27.25;"A";54.72;"A";26;"A";20.32;"A";69.82;"A";1008.59;"A";22;"A";0;"A";3;"A";124;"A";0;"A";233.33;"A"
"2025-06-04 04:30";99.87;"A";4195.33;"A";4195.4;"A";20.08;"A";13.82;"A";9.83;"A";27.04;"A";55.17;"A";25;"A";20.25;"A";69.96;"A";1008.38;"A";22;"A";0;"A";3;"A";114;"A";0;"A";333.33;"A"
"2025-06-04 04:45";99.87;"A";4210.87;"A";4213.93;"A";17.2;"A";11.73;"A";8.51;"A";26.86;"A";55.65;"A";26;"A";20.2;"A";70.27;"A";1008.15;"A";20;"A";0;"A";6;"A";107;"A";0;"A";143.33;"A"
"2025-06-04 05:00";99.92;"A";4211.8;"A";4214.53;"A";16.6;"A";11.58;"A";8.13;"A";26.77;"A";56.18;"A";26;"A";20.28;"A";70.43;"A";1008.09;"A";17;"A";0;"A";9;"A";107;"A";0;"A";193.33;"A"
"2025-06-04 05:15";99.95;"A";4211.93;"A";4215.2;"A";17.65;"A";11.98;"A";8.31;"A";26.77;"A";56.57;"A";27;"A";20.39;"A";70.28;"A";1007.99;"A";14;"A";0;"A";13;"A";116;"A";0;"A";173.33;"A"
"2025-06-04 05:30";99.97;"A";4212.13;"A";4214.73;"A";18.61;"A";12.39;"A";8.93;"A";26.85;"A";56.88;"A";26;"A";20.57;"A";71.2;"A";1007.99;"A";11;"A";0;"A";15;"A";120;"A";0.33;"A";200;"A"
"2025-06-04 05:45";99.98;"A";4212.73;"A";4214.73;"A";16.97;"A";11.36;"A";8.19;"A";26.96;"A";58.77;"A";26;"A";20.46;"A";74.24;"A";1008.09;"A";13;"A";0;"A";13;"A";120;"A";0;"A";133.33;"A"
"2025-06-04 06:00";99.99;"A";4212.53;"A";4214.8;"A";15.53;"A";10.43;"A";8.26;"A";27.08;"A";59.69;"A";24;"A";20.41;"A";74.91;"A";1008.48;"A";12;"A";0;"A";11;"A";115;"A";0.33;"A";193.33;"A"
"2025-06-04 06:15";100;"A";4212.6;"A";4215.07;"A";17.09;"A";12.01;"A";8.35;"A";27.05;"A";58.45;"A";24;"A";20.51;"A";73.25;"A";1008.34;"A";18;"A";0;"A";6;"A";109;"A";0.67;"A";106.67;"A"
"2025-06-04 06:30";100;"A";4212.6;"A";4215.2;"A";16.37;"A";11.05;"A";7.76;"A";27.18;"A";58.16;"A";23;"A";20.69;"A";72.61;"A";1008.49;"A";17;"A";0;"A";6;"A";109;"A";0;"A";130;"A"
"2025-06-04 06:45";100;"A";4212.87;"A";4215.4;"A";16.16;"A";10.6;"A";7.57;"A";27.39;"A";57.72;"A";26;"A";20.9;"A";72.47;"A";1008.7;"A";17;"A";0;"A";8;"A";111;"A";0;"A";110;"A"
"2025-06-04 07:00";100;"A";4212.67;"A";4215;"A";16.33;"A";10.92;"A";7.41;"A";27.63;"A";57.49;"A";22;"A";21.52;"A";70.68;"A";1008.89;"A";18;"A";0;"A";5;"A";112;"A";0;"A";96.67;"A"
"2025-06-04 07:15";100;"A";4212.6;"A";4214.67;"A";13.84;"A";9.65;"A";7.02;"A";28.22;"A";56.79;"A";19;"A";22.22;"A";69.02;"A";1009.04;"A";15;"A";0;"A";4;"A";117;"A";0;"A";190;"A"
"2025-06-04 07:30";100;"A";4212.6;"A";4214.8;"A";14.62;"A";9.7;"A";6.61;"A";28.94;"A";55.58;"A";21;"A";22.91;"A";68.14;"A";1009.33;"A";16;"A";0;"A";6;"A";119;"A";0;"A";90;"A"
"2025-06-04 07:45";100;"A";4212.6;"A";4215;"A";12.52;"A";7.98;"A";5.66;"A";29.69;"A";53.75;"A";22;"A";23.65;"A";64.93;"A";1009.35;"A";18;"A";0;"A";4;"A";119;"A";0;"A";46.67;"A"
"2025-06-04 08:00";100;"A";4212.6;"A";4214.93;"A";11.92;"A";7.08;"A";5.1;"A";30.53;"A";50.81;"A";29;"A";24.66;"A";61.08;"A";1009.31;"A";23;"A";0;"A";6;"A";124;"A";1;"A";343.33;"A"
"2025-06-04 08:15";99.87;"A";4185.6;"A";4184.53;"A";11.61;"A";7.11;"A";5.22;"A";31.53;"A";48.16;"A";29;"A";25.62;"A";57.98;"A";1009.33;"A";25;"A";0;"A";5;"A";128;"A";1;"A";340;"A"
"2025-06-04 08:30";99.74;"A";4209.07;"A";4213.53;"A";10.29;"A";6.07;"A";4.24;"A";32.52;"A";45.98;"A";32;"A";26.17;"A";56.97;"A";1009.42;"A";24;"A";0;"A";8;"A";130;"A";0.67;"A";346.67;"A"
"2025-06-04 08:45";99.83;"A";4210.33;"A";4214.33;"A";11.68;"A";6.46;"A";4.65;"A";33.41;"A";44.54;"A";30;"A";27.59;"A";53.46;"A";1009.54;"A";24;"A";0;"A";6;"A";176;"A";1.33;"A";343.33;"A"
"2025-06-04 09:00";99.89;"A";4210.8;"A";4214.27;"A";11.28;"A";5.78;"A";4.09;"A";34.79;"A";41.64;"A";34;"A";28.82;"A";50.03;"A";1009.53;"A";28;"A";0;"A";5;"A";139;"A";2;"A";346.67;"A"
"2025-06-04 09:15";99.93;"A";4211.53;"A";4214.67;"A";11.05;"A";7.07;"A";4.73;"A";36.06;"A";38.23;"A";39;"A";29.68;"A";47.44;"A";1009.72;"A";31;"A";0;"A";8;"A";115;"A";0.67;"A";233.33;"A"
"2025-06-04 09:30";99.95;"A";4211.6;"A";4214.73;"A";8.25;"A";4.3;"A";3.08;"A";37.14;"A";36.42;"A";38;"A";30.54;"A";45.42;"A";1009.83;"A";31;"A";0;"A";7;"A";117;"A";1;"A";233.33;"A"
"2025-06-04 09:45";99.96;"A";4211.87;"A";4215.73;"A";11.47;"A";6.48;"A";4.61;"A";38.11;"A";34.42;"A";38;"A";31.07;"A";44.02;"A";1009.7;"A";30;"A";0;"A";7;"A";227;"A";1.33;"A";346.67;"A"
"2025-06-04 10:00";99.97;"A";4211.8;"A";4215.2;"A";32.02;"A";15.91;"A";9.57;"A";38.61;"A";33.09;"A";41;"A";30.17;"A";45.6;"A";1009.91;"A";31;"A";3;"A";9;"A";402;"A";1.67;"A";350;"A"
"2025-06-04 10:15";99.98;"A";4211.8;"A";4215.53;"A";13.95;"A";7.8;"A";5.06;"A";38.12;"A";33.9;"A";39;"A";29.29;"A";48.1;"A";1009.99;"A";30;"A";3;"A";9;"A";308;"A";1.67;"A";350;"A"
"2025-06-04 10:30";99.98;"A";4211.73;"A";4215;"A";11.53;"A";5.92;"A";4.3;"A";37.33;"A";35.6;"A";34;"A";29.43;"A";47.7;"A";1010.24;"A";27;"A";2;"A";7;"A";202;"A";1.67;"A";120;"A"
"2025-06-04 10:45";99.98;"A";4211.8;"A";4214.73;"A";9.55;"A";5.7;"A";3.91;"A";37.13;"A";35.01;"A";35;"A";29.57;"A";45.79;"A";1010.44;"A";30;"A";0;"A";5;"A";170;"A";2;"A";233.33;"A"
"2025-06-04 11:00";99.99;"A";4211.8;"A";4215.07;"A";9.9;"A";6.02;"A";4.53;"A";37.22;"A";34.39;"A";37;"A";29.92;"A";44.89;"A";1010.56;"A";29;"A";0;"A";7;"A";128;"A";2;"A";233.33;"A"
"2025-06-04 11:15";99.99;"A";4212.4;"A";4215.93;"A";13.35;"A";6.99;"A";4.84;"A";37.15;"A";34.64;"A";35;"A";28.89;"A";47.13;"A";1010.71;"A";29;"A";1;"A";6;"A";125;"A";1.33;"A";116.67;"A"
"2025-06-04 11:30";99.99;"A";4212.27;"A";4215.07;"A";10.79;"A";6.96;"A";4.94;"A";36.45;"A";35.35;"A";36;"A";28.26;"A";48.35;"A";1010.89;"A";28;"A";1;"A";8;"A";142;"A";1;"A";116.67;"A"
"2025-06-04 11:45";99.99;"A";4212.07;"A";4214.93;"A";8.79;"A";5.93;"A";4.39;"A";35.74;"A";35.35;"A";37;"A";27.83;"A";46.7;"A";1010.95;"A";31;"A";0;"A";6;"A";107;"A";1.67;"A";240;"A"
"2025-06-04 12:00";100;"A";4212.47;"A";4215.13;"A";7.77;"A";5.34;"A";3.75;"A";35.34;"A";35.92;"A";38;"A";27.9;"A";46.82;"A";1011.02;"A";32;"A";0;"A";6;"A";111;"A";2.33;"A";116.67;"A"
"2025-06-04 12:15";100;"A";4212.73;"A";4215.2;"A";7.75;"A";4.74;"A";3.68;"A";35.16;"A";36.04;"A";38;"A";27.96;"A";46.48;"A";1010.94;"A";33;"A";0;"A";6;"A";99;"A";2;"A";116.67;"A"
"2025-06-04 12:30";100;"A";4209.33;"A";4211.27;"A";9.48;"A";6.1;"A";4.28;"A";35.12;"A";36.51;"A";37;"A";28.11;"A";46.36;"A";1010.91;"A";32;"A";0;"A";5;"A";107;"A";1.67;"A";240;"A"
"2025-06-04 12:45";99.81;"A";4180.93;"A";4180.13;"A";8.52;"A";5.74;"A";4.11;"A";35.15;"A";35.65;"A";39;"A";28.05;"A";45.39;"A";1010.96;"A";33;"A";0;"A";6;"A";100;"A";1.33;"A";233.33;"A"
"2025-06-04 13:00";99.71;"A";4208.73;"A";4213.27;"A";6.7;"A";5.12;"A";3.85;"A";35.13;"A";34.77;"A";38;"A";28.27;"A";43.29;"A";1011.01;"A";33;"A";0;"A";5;"A";104;"A";1.33;"A";233.33;"A"
"2025-06-04 13:15";99.82;"A";4210.07;"A";4213.93;"A";10.07;"A";6.68;"A";4.91;"A";35.18;"A";34.91;"A";39;"A";28.46;"A";44.07;"A";1011.02;"A";32;"A";0;"A";7;"A";125;"A";1;"A";116.67;"A"
"2025-06-04 13:30";99.89;"A";4210.67;"A";4214.47;"A";11.93;"A";7.28;"A";5.21;"A";35.42;"A";34.41;"A";37;"A";28.9;"A";42.81;"A";1011.1;"A";32;"A";0;"A";6;"A";119;"A";1;"A";0;"A"
"2025-06-04 13:45";99.93;"A";4211.47;"A";4214.87;"A";10.16;"A";7.5;"A";5.52;"A";35.66;"A";33.55;"A";38;"A";28.84;"A";41.55;"A";1010.96;"A";32;"A";0;"A";6;"A";147;"A";1;"A";116.67;"A"
"2025-06-04 14:00";99.96;"A";4211.6;"A";4215.07;"A";8.76;"A";6.73;"A";4.91;"A";35.71;"A";32.6;"A";42;"A";28.6;"A";42.21;"A";1010.93;"A";35;"A";0;"A";7;"A";106;"A";1.33;"A";0;"A"
"2025-06-04 14:15";99.98;"A";4211.8;"A";4215.07;"A";8.52;"A";6.54;"A";4.67;"A";35.55;"A";33.01;"A";41;"A";28.42;"A";41.79;"A";1010.89;"A";35;"A";0;"A";6;"A";105;"A";1;"A";3.33;"A"
"2025-06-04 14:30";99.99;"A";4211.93;"A";4215.67;"A";9.26;"A";6.91;"A";4.65;"A";35.41;"A";32.42;"A";41;"A";28.64;"A";40.91;"A";1010.94;"A";35;"A";0;"A";6;"A";117;"A";2;"A";350;"A"
"2025-06-04 14:45";100;"A";4212.27;"A";4215.2;"A";8.82;"A";6;"A";4.37;"A";35.35;"A";32.03;"A";42;"A";28.34;"A";40.41;"A";1010.99;"A";36;"A";0;"A";6;"A";101;"A";1;"A";116.67;"A"
"2025-06-04 15:00";100;"A";4212.33;"A";4214.93;"A";11.19;"A";7.05;"A";4.79;"A";35.29;"A";32.36;"A";43;"A";28.53;"A";41.02;"A";1010.96;"A";35;"A";0;"A";7;"A";113;"A";0.67;"A";236.67;"A"
"2025-06-04 15:15";100;"A";4212.47;"A";4215.07;"A";8.71;"A";6.74;"A";4.65;"A";35.24;"A";31.84;"A";42;"A";28.45;"A";39;"A";1010.8;"A";36;"A";0;"A";6;"A";107;"A";0.67;"A";120;"A"
"2025-06-04 15:30";100;"A";4212.53;"A";4215.13;"A";9.27;"A";6.26;"A";4.34;"A";35.22;"A";30.8;"A";44;"A";28.58;"A";38.3;"A";1010.81;"A";36;"A";0;"A";7;"A";107;"A";0.67;"A";10;"A"
"2025-06-04 15:45";100;"A";4212.27;"A";4215.2;"A";8.91;"A";6.2;"A";4.28;"A";35.22;"A";30.67;"A";43;"A";28.4;"A";38.09;"A";1010.82;"A";36;"A";0;"A";7;"A";111;"A";0.67;"A";6.67;"A"
"2025-06-04 16:00";99.89;"A";4187.67;"A";4187.4;"A";10.2;"A";6.54;"A";4.39;"A";35.18;"A";30.42;"A";44;"A";28.45;"A";38.32;"A";1010.76;"A";38;"A";0;"A";6;"A";106;"A";1;"A";116.67;"A"
"2025-06-04 16:15";99.77;"A";4209.13;"A";4213.53;"A";8.74;"A";6.38;"A";4.45;"A";35.12;"A";30.33;"A";45;"A";28.3;"A";38.15;"A";1010.79;"A";38;"A";0;"A";7;"A";101;"A";1;"A";116.67;"A"
"2025-06-04 16:30";99.85;"A";4210.53;"A";4213.93;"A";7.71;"A";5.93;"A";4.27;"A";34.96;"A";30.6;"A";44;"A";28.02;"A";38.98;"A";1010.93;"A";38;"A";0;"A";6;"A";103;"A";1.33;"A";350;"A"
"2025-06-04 16:45";99.91;"A";4211.13;"A";4214.4;"A";8.34;"A";5.74;"A";4.05;"A";34.75;"A";31.1;"A";43;"A";28.03;"A";38.66;"A";1010.97;"A";37;"A";0;"A";7;"A";114;"A";0.67;"A";6.67;"A"
"2025-06-04 17:00";99.94;"A";4211.6;"A";4214.47;"A";7.83;"A";5.39;"A";3.78;"A";34.63;"A";30.88;"A";45;"A";27.95;"A";38.9;"A";1011.02;"A";38;"A";0;"A";6;"A";103;"A";1;"A";233.33;"A"
"2025-06-04 17:15";99.97;"A";4211.67;"A";4214.67;"A";7;"A";5.17;"A";3.81;"A";34.55;"A";31.03;"A";44;"A";27.91;"A";38.74;"A";1011;"A";38;"A";0;"A";6;"A";108;"A";1;"A";0;"A"
"2025-06-04 17:30";99.98;"A";4212;"A";4215.6;"A";7.54;"A";5.71;"A";3.78;"A";34.48;"A";31.04;"A";45;"A";27.71;"A";39.12;"A";1011.05;"A";39;"A";0;"A";6;"A";103;"A";1.33;"A";236.67;"A"
"2025-06-04 17:45";99.99;"A";4212.07;"A";4215.2;"A";8.64;"A";6.1;"A";4.17;"A";34.35;"A";31.25;"A";45;"A";27.57;"A";38.83;"A";1011.04;"A";39;"A";0;"A";6;"A";106;"A";1.33;"A";120;"A"
"2025-06-04 18:00";100;"A";4212.27;"A";4215.2;"A";8.51;"A";5.97;"A";4.29;"A";34.19;"A";31;"A";47;"A";27.33;"A";38.71;"A";1011.19;"A";41;"A";0;"A";6;"A";107;"A";1.33;"A";0;"A"
"2025-06-04 18:15";100;"A";4212.53;"A";4215.33;"A";10.08;"A";7.31;"A";5.37;"A";33.98;"A";31.11;"A";47;"A";27.13;"A";38.76;"A";1011.33;"A";40;"A";0;"A";6;"A";109;"A";1;"A";13.33;"A"
"2025-06-04 18:30";100;"A";4212.6;"A";4215.13;"A";12.12;"A";8.97;"A";6.03;"A";33.77;"A";30.51;"A";47;"A";26.95;"A";37.97;"A";1011.47;"A";41;"A";0;"A";6;"A";108;"A";0.67;"A";10;"A"
"2025-06-04 18:45";99.88;"A";4191.47;"A";4191.47;"A";13.25;"A";9.81;"A";6.62;"A";33.55;"A";29.74;"A";48;"A";26.68;"A";36.88;"A";1011.7;"A";41;"A";0;"A";7;"A";109;"A";1.33;"A";230;"A"
"2025-06-04 19:00";99.82;"A";4210.53;"A";4214.33;"A";12.6;"A";9.45;"A";6.52;"A";33.28;"A";29.13;"A";48;"A";26.38;"A";35.86;"A";1011.78;"A";42;"A";0;"A";6;"A";120;"A";0.67;"A";23.33;"A"
"2025-06-04 19:15";99.89;"A";4211;"A";4214.4;"A";12.26;"A";8.98;"A";6.43;"A";32.97;"A";28.92;"A";48;"A";26.08;"A";36.53;"A";1011.83;"A";41;"A";0;"A";8;"A";120;"A";0.33;"A";140;"A"
"2025-06-04 19:30";99.94;"A";4211.6;"A";4214.67;"A";12.92;"A";9.42;"A";6.65;"A";32.69;"A";29.96;"A";47;"A";25.8;"A";37.39;"A";1011.98;"A";41;"A";0;"A";6;"A";125;"A";0.67;"A";10;"A"
"2025-06-04 19:45";99.96;"A";4211.67;"A";4215;"A";12.59;"A";8.83;"A";6.1;"A";32.39;"A";30.8;"A";46;"A";25.47;"A";38.95;"A";1012.33;"A";39;"A";0;"A";7;"A";124;"A";0.67;"A";26.67;"A"
"2025-06-04 20:00";99.98;"A";4211.87;"A";4215.07;"A";11.38;"A";8.76;"A";6.08;"A";32.09;"A";32.27;"A";45;"A";25.2;"A";40.44;"A";1012.43;"A";38;"A";0;"A";7;"A";126;"A";0.67;"A";0;"A"
"2025-06-04 20:15";99.99;"A";4212.13;"A";4214.87;"A";10.84;"A";8.09;"A";5.91;"A";31.78;"A";33.29;"A";43;"A";24.89;"A";41.47;"A";1012.55;"A";37;"A";0;"A";6;"A";143;"A";0;"A";116.67;"A"
"2025-06-04 20:30";100;"A";4212.93;"A";4215.4;"A";11.57;"A";8.5;"A";6.09;"A";31.44;"A";34.1;"A";42;"A";24.5;"A";42.77;"A";1012.65;"A";34;"A";0;"A";8;"A";241;"A";0;"A";100;"A"
"2025-06-04 20:45";99.9;"A";4189.4;"A";4188.67;"A";14.93;"A";11.3;"A";7.73;"A";31.07;"A";35.26;"A";39;"A";24.02;"A";44.63;"A";1012.78;"A";30;"A";0;"A";9;"A";209;"A";0;"A";90;"A"
"2025-06-04 21:00";99.72;"A";4202.33;"A";4205.47;"A";19.96;"A";14.15;"A";9.57;"A";30.63;"A";36.53;"A";36;"A";23.48;"A";46.3;"A";1012.96;"A";26;"A";0;"A";10;"A";184;"A";0;"A";80;"A"
"2025-06-04 21:15";99.82;"A";4210.2;"A";4213.73;"A";15.87;"A";11.19;"A";7.78;"A";30.15;"A";37.19;"A";36;"A";22.95;"A";47.38;"A";1013.29;"A";27;"A";0;"A";8;"A";160;"A";0;"A";120;"A"
"2025-06-04 21:30";99.89;"A";4210.93;"A";4214.07;"A";16.66;"A";11.73;"A";7.88;"A";29.69;"A";37.84;"A";36;"A";22.53;"A";48.45;"A";1013.38;"A";27;"A";0;"A";9;"A";173;"A";0;"A";130;"A"
"2025-06-04 21:45";99.94;"A";4211.73;"A";4214.6;"A";15.31;"A";11.53;"A";7.89;"A";29.24;"A";39.09;"A";34;"A";22.06;"A";50.05;"A";1013.39;"A";27;"A";0;"A";8;"A";169;"A";0;"A";250;"A"
"2025-06-04 22:00";99.97;"A";4212.07;"A";4215.73;"A";14.26;"A";10.17;"A";7.25;"A";28.81;"A";39.74;"A";36;"A";21.74;"A";50.44;"A";1013.58;"A";28;"A";0;"A";8;"A";153;"A";0;"A";250;"A"
"2025-06-04 22:15";99.98;"A";4212.13;"A";4214.73;"A";15.81;"A";11.53;"A";7.85;"A";28.42;"A";40.4;"A";35;"A";21.42;"A";51.21;"A";1013.8;"A";27;"A";0;"A";8;"A";164;"A";0;"A";306.67;"A"
"2025-06-04 22:30";99.98;"A";4205.87;"A";4207;"A";17;"A";11.58;"A";7.78;"A";28.06;"A";41.05;"A";35;"A";21.09;"A";52.28;"A";1013.91;"A";28;"A";0;"A";7;"A";156;"A";0;"A";300;"A"
"2025-06-04 22:45";99.82;"A";4194.53;"A";4194.93;"A";14.91;"A";11.36;"A";7.79;"A";27.71;"A";42.6;"A";34;"A";20.63;"A";54.85;"A";1013.92;"A";24;"A";0;"A";9;"A";178;"A";0.33;"A";316.67;"A"
"2025-06-04 23:00";99.87;"A";4210.67;"A";4213.93;"A";17.52;"A";11.97;"A";8.14;"A";27.31;"A";44.4;"A";29;"A";20.22;"A";57.06;"A";1013.87;"A";19;"A";0;"A";10;"A";207;"A";0;"A";196.67;"A"
"2025-06-04 23:15";99.92;"A";4211.53;"A";4214.47;"A";18.25;"A";11.88;"A";8.33;"A";26.91;"A";45.69;"A";27;"A";19.88;"A";58.62;"A";1013.76;"A";20;"A";0;"A";8;"A";203;"A";0;"A";133.33;"A"
"2025-06-04 23:30";99.96;"A";4212;"A";4215.4;"A";18.93;"A";12.83;"A";9.12;"A";26.53;"A";47.62;"A";26;"A";19.53;"A";61.29;"A";1014.03;"A";16;"A";1;"A";10;"A";233;"A";0;"A";130;"A"
"2025-06-04 23:45";99.98;"A";4212.13;"A";4214.47;"A";21.28;"A";14.14;"A";9.74;"A";26.23;"A";49.43;"A";23;"A";19.3;"A";63.37;"A";1014.05;"A";12;"A";1;"A";11;"A";316;"A";0;"A";153.33;"A"
"2025-06-05 00:00";99.99;"A";4206;"A";4206.73;"A";24.58;"A";16.21;"A";10.88;"A";25.95;"A";49.93;"A";22;"A";19.11;"A";63.37;"A";1014.19;"A";6;"A";1;"A";16;"A";347;"A";0;"A";246.67;"A"
"2025-06-05 00:15";99.81;"A";4194.27;"A";4195.07;"A";23.46;"A";16.93;"A";11.31;"A";25.71;"A";50.58;"A";22;"A";18.84;"A";64.55;"A";1014.19;"A";9;"A";2;"A";13;"A";297;"A";0;"A";210;"A"
"2025-06-05 00:30";99.85;"A";4210.53;"A";4213.73;"A";24.49;"A";18.46;"A";12.92;"A";25.42;"A";51.02;"A";20;"A";18.48;"A";65.15;"A";1014.19;"A";11;"A";1;"A";9;"A";259;"A";0;"A";140;"A"
"2025-06-05 00:45";99.92;"A";4211.6;"A";4214.4;"A";22.69;"A";16.59;"A";11.24;"A";25.09;"A";50.93;"A";22;"A";18.17;"A";64.98;"A";1014.24;"A";13;"A";2;"A";8;"A";224;"A";0;"A";130;"A"
"2025-06-05 01:00";99.96;"A";4211.87;"A";4214.8;"A";21.03;"A";14.76;"A";10.23;"A";24.82;"A";51.26;"A";23;"A";18.16;"A";64.83;"A";1014.22;"A";15;"A";1;"A";8;"A";200;"A";0;"A";190;"A"
"2025-06-05 01:15";99.98;"A";4212.2;"A";4215.13;"A";19.72;"A";14.74;"A";9.8;"A";24.61;"A";52.39;"A";23;"A";17.98;"A";66.74;"A";1014.36;"A";14;"A";1;"A";9;"A";209;"A";0;"A";190;"A"
"2025-06-05 01:30";100;"A";4212.53;"A";4214.73;"A";22.64;"A";15.24;"A";10.74;"A";24.43;"A";54.13;"A";20;"A";17.74;"A";68.52;"A";1014.51;"A";10;"A";2;"A";10;"A";233;"A";0;"A";130;"A"
"2025-06-05 01:45";99.99;"A";4207.73;"A";4209.13;"A";19.91;"A";14.6;"A";10.54;"A";24.24;"A";54.36;"A";20;"A";17.53;"A";68.74;"A";1014.65;"A";9;"A";1;"A";11;"A";223;"A";0;"A";223.33;"A"
"2025-06-05 02:00";99.82;"A";4193.33;"A";4193.6;"A";24.86;"A";18.05;"A";12.87;"A";24.02;"A";54.83;"A";20;"A";17.38;"A";69.33;"A";1014.77;"A";8;"A";1;"A";12;"A";244;"A";0;"A";313.33;"A"
"2025-06-05 02:15";99.84;"A";4210.6;"A";4213.27;"A";21.83;"A";16.17;"A";10.99;"A";23.83;"A";55.32;"A";18;"A";17.11;"A";69.97;"A";1014.58;"A";8;"A";2;"A";10;"A";194;"A";0;"A";150;"A"
"2025-06-05 02:30";99.91;"A";4211.47;"A";4213.73;"A";22.97;"A";16.45;"A";11.15;"A";23.59;"A";55.87;"A";18;"A";16.89;"A";71.01;"A";1014.63;"A";8;"A";2;"A";10;"A";180;"A";0;"A";256.67;"A"
"2025-06-05 02:45";99.95;"A";4212;"A";4214.73;"A";25.93;"A";18.77;"A";12.82;"A";23.41;"A";57.19;"A";17;"A";16.7;"A";73.37;"A";1014.63;"A";7;"A";3;"A";10;"A";185;"A";0;"A";313.33;"A"
"2025-06-05 03:00";99.97;"A";4212.4;"A";4214.47;"A";38.95;"A";28.12;"A";18.86;"A";23.2;"A";58.84;"A";14;"A";16.52;"A";74.57;"A";1014.77;"A";6;"A";3;"A";8;"A";199;"A";0;"A";220;"A"
"2025-06-05 03:15";99.99;"A";4212.6;"A";4214.47;"A";30.61;"A";22.52;"A";15.32;"A";22.99;"A";59.73;"A";13;"A";16.28;"A";76.03;"A";1014.8;"A";6;"A";4;"A";7;"A";186;"A";0;"A";186.67;"A"
"2025-06-05 03:30";100;"A";4212.67;"A";4214.6;"A";22.34;"A";15.79;"A";12.99;"A";22.84;"A";60.01;"A";13;"A";16.1;"A";76.54;"A";1014.86;"A";6;"A";3;"A";7;"A";163;"A";0;"A";186.67;"A"
"2025-06-05 03:45";100;"A";4212.73;"A";4214.8;"A";17.97;"A";12.96;"A";10.76;"A";22.81;"A";59.91;"A";12;"A";15.88;"A";77.53;"A";1014.94;"A";6;"A";4;"A";6;"A";149;"A";0.33;"A";273.33;"A"
"2025-06-05 04:00";100;"A";4212.8;"A";4214.47;"A";17.94;"A";12.55;"A";11.05;"A";22.73;"A";60.03;"A";11;"A";15.69;"A";77.73;"A";1015.04;"A";5;"A";4;"A";6;"A";147;"A";0;"A";186.67;"A"
"2025-06-05 04:15";100;"A";4212.87;"A";4215.53;"A";37.01;"A";25.63;"A";22.58;"A";22.62;"A";60.08;"A";11;"A";15.49;"A";78.18;"A";1015.3;"A";4;"A";5;"A";6;"A";161;"A";0;"A";143.33;"A"
"2025-06-05 04:30";100;"A";4212.8;"A";4214.8;"A";17.69;"A";12.49;"A";9.61;"A";22.35;"A";59.17;"A";12;"A";15.39;"A";75.73;"A";1015.67;"A";6;"A";4;"A";5;"A";117;"A";0;"A";146.67;"A"
"2025-06-05 04:45";100;"A";4212.73;"A";4214.8;"A";17.91;"A";12.58;"A";8.44;"A";21.74;"A";59.35;"A";14;"A";15.13;"A";76.11;"A";1015.87;"A";6;"A";3;"A";8;"A";99;"A";0;"A";140;"A"
"2025-06-05 05:00";100;"A";4212.73;"A";4214.2;"A";18.53;"A";12.45;"A";8.7;"A";21.49;"A";59.66;"A";13;"A";14.97;"A";75.62;"A";1016;"A";7;"A";3;"A";6;"A";101;"A";0;"A";143.33;"A"
"2025-06-05 05:15";99.87;"A";4193.87;"A";4193;"A";17.61;"A";12.04;"A";9.83;"A";21.36;"A";59.95;"A";11;"A";14.95;"A";75.96;"A";1016.15;"A";4;"A";4;"A";7;"A";158;"A";0;"A";316.67;"A"
"2025-06-05 05:30";99.86;"A";4211.07;"A";4213.2;"A";16.45;"A";11.53;"A";10.15;"A";21.35;"A";60.08;"A";10;"A";14.84;"A";76.72;"A";1016.21;"A";4;"A";4;"A";7;"A";147;"A";0;"A";136.67;"A"
"2025-06-05 05:45";99.91;"A";4211.93;"A";4214.27;"A";22.78;"A";15.88;"A";13.98;"A";21.6;"A";60.01;"A";9;"A";15.06;"A";76.78;"A";1016.29;"A";2;"A";4;"A";7;"A";147;"A";0;"A";233.33;"A"
"2025-06-05 06:00";99.94;"A";4211.93;"A";4214.6;"A";20.26;"A";14.15;"A";12.46;"A";21.82;"A";60.02;"A";10;"A";15.45;"A";76.12;"A";1016.44;"A";3;"A";4;"A";7;"A";151;"A";0;"A";170;"A"
"2025-06-05 06:15";99.96;"A";4212.53;"A";4214.47;"A";17.28;"A";11.86;"A";9.99;"A";22.18;"A";59.81;"A";10;"A";16.15;"A";74.13;"A";1016.24;"A";4;"A";3;"A";7;"A";139;"A";0;"A";233.33;"A"
"2025-06-05 06:30";99.98;"A";4212.6;"A";4214.47;"A";20.91;"A";14.81;"A";10.17;"A";22.58;"A";58.7;"A";11;"A";17.04;"A";70.43;"A";1016.36;"A";4;"A";2;"A";7;"A";152;"A";0;"A";213.33;"A"
"2025-06-05 06:45";99.99;"A";4212.73;"A";4214.8;"A";22.53;"A";15.17;"A";10.42;"A";23.44;"A";56.75;"A";14;"A";17.97;"A";67.48;"A";1016.6;"A";3;"A";1;"A";11;"A";183;"A";0;"A";156.67;"A"
"2025-06-05 07:00";99.99;"A";4212.67;"A";4214.8;"A";23.22;"A";15.19;"A";10.84;"A";24.51;"A";53.82;"A";17;"A";18.99;"A";63.65;"A";1016.68;"A";3;"A";0;"A";14;"A";216;"A";0;"A";223.33;"A"
"2025-06-05 07:15";100;"A";4212.87;"A";4215.53;"A";24.71;"A";16.34;"A";11.12;"A";25.69;"A";50.6;"A";20;"A";20.15;"A";59.56;"A";1016.95;"A";2;"A";0;"A";18;"A";304;"A";0;"A";206.67;"A"
"2025-06-05 07:30";100;"A";4212.73;"A";4215.13;"A";27.48;"A";17.87;"A";12;"A";26.92;"A";47.16;"A";24;"A";21.25;"A";55.92;"A";1016.96;"A";4;"A";0;"A";20;"A";368;"A";0;"A";133.33;"A"
"2025-06-05 07:45";100;"A";4212.6;"A";4215.13;"A";25.99;"A";16.29;"A";10.44;"A";28.24;"A";44.49;"A";25;"A";22.4;"A";52.78;"A";1017.09;"A";6;"A";0;"A";19;"A";391;"A";0;"A";106.67;"A"
"2025-06-05 08:00";99.99;"A";4212.6;"A";4215.13;"A";16.8;"A";10.67;"A";7.4;"A";29.54;"A";40.66;"A";29;"A";23.57;"A";46.97;"A";1017.01;"A";14;"A";0;"A";15;"A";291;"A";0;"A";130;"A"
"2025-06-05 08:15";99.99;"A";4212.53;"A";4215.13;"A";13.7;"A";8.09;"A";5.72;"A";30.7;"A";36.27;"A";33;"A";24.38;"A";42.51;"A";1017.29;"A";21;"A";0;"A";12;"A";191;"A";0.33;"A";130;"A"
"2025-06-05 08:30";99.99;"A";4212.6;"A";4214.73;"A";11.14;"A";7.27;"A";5.04;"A";31.7;"A";32.89;"A";35;"A";25.29;"A";39.18;"A";1017.38;"A";24;"A";0;"A";12;"A";228;"A";0.33;"A";130;"A"
"2025-06-05 08:45";99.99;"A";4212.67;"A";4215.67;"A";9.96;"A";6.99;"A";4.62;"A";32.66;"A";30.4;"A";37;"A";25.98;"A";36.55;"A";1017.52;"A";23;"A";0;"A";14;"A";236;"A";0;"A";120;"A"
"2025-06-05 09:00";99.98;"A";4212.6;"A";4215.27;"A";9.27;"A";5.88;"A";4.2;"A";33.52;"A";28.65;"A";38;"A";26.73;"A";35.51;"A";1017.45;"A";24;"A";0;"A";14;"A";232;"A";0.33;"A";86.67;"A"
"2025-06-05 09:15";99.98;"A";4212.2;"A";4215.13;"A";10.49;"A";6.16;"A";4.14;"A";34.16;"A";27.99;"A";37;"A";27.15;"A";35.38;"A";1017.34;"A";25;"A";0;"A";12;"A";199;"A";0;"A";133.33;"A"
"2025-06-05 09:30";99.98;"A";4212.47;"A";4215.27;"A";11.55;"A";6.59;"A";4.48;"A";34.8;"A";26.72;"A";37;"A";27.8;"A";33.78;"A";1016.97;"A";27;"A";0;"A";11;"A";314;"A";0.33;"A";130;"A"
"2025-06-05 09:45";99.98;"A";4212.13;"A";4215.13;"A";9.37;"A";5.86;"A";4.06;"A";35.43;"A";25.42;"A";39;"A";28.34;"A";31.25;"A";1017.1;"A";27;"A";0;"A";12;"A";196;"A";0.67;"A";133.33;"A"
"2025-06-05 10:00";99.98;"A";4212;"A";4215.13;"A";9.1;"A";5.99;"A";4.06;"A";36.06;"A";24.12;"A";39;"A";28.81;"A";29.89;"A";1017.09;"A";29;"A";0;"A";10;"A";296;"A";0.33;"A";136.67;"A"
"2025-06-05 10:15";99.98;"A";4212.27;"A";4215.33;"A";10.68;"A";6.39;"A";4.48;"A";36.62;"A";23.01;"A";40;"A";29.24;"A";28.97;"A";1017.11;"A";31;"A";0;"A";9;"A";210;"A";0;"A";70;"A"
"2025-06-05 10:30";99.98;"A";4212.07;"A";4215.27;"A";12.86;"A";8.82;"A";6.21;"A";36.99;"A";22.23;"A";42;"A";29.16;"A";28.85;"A";1017.17;"A";31;"A";0;"A";12;"A";441;"A";0;"A";63.33;"A"
"2025-06-05 10:45";99.98;"A";4212.07;"A";4215.27;"A";13.95;"A";7.59;"A";5.34;"A";37.17;"A";21.97;"A";43;"A";29.32;"A";28.49;"A";1017.16;"A";32;"A";0;"A";11;"A";401;"A";0.33;"A";80;"A"
"2025-06-05 11:00";99.98;"A";4212.2;"A";4215.73;"A";11.18;"A";6.96;"A";5.01;"A";37.1;"A";21.76;"A";43;"A";28.87;"A";28.99;"A";1017.05;"A";32;"A";0;"A";11;"A";318;"A";0;"A";90;"A"
"2025-06-05 11:15";99.98;"A";4212;"A";4215;"A";11.66;"A";7.23;"A";5.14;"A";36.71;"A";22.17;"A";44;"A";28.9;"A";28.65;"A";1016.91;"A";34;"A";0;"A";10;"A";364;"A";0.33;"A";123.33;"A"
"2025-06-05 11:30";99.98;"A";4212.07;"A";4215.07;"A";10.54;"A";7.11;"A";4.95;"A";36.4;"A";22.01;"A";43;"A";28.81;"A";27.85;"A";1016.86;"A";35;"A";0;"A";8;"A";361;"A";0;"A";133.33;"A"
"2025-06-05 11:45";99.98;"A";4212.33;"A";4215;"A";9.69;"A";6.68;"A";4.73;"A";36.27;"A";21.99;"A";44;"A";29.2;"A";27.94;"A";1016.79;"A";36;"A";0;"A";8;"A";353;"A";0;"A";80;"A"
"2025-06-05 12:00";99.98;"A";4212.13;"A";4215.6;"A";12.09;"A";7.08;"A";4.7;"A";36.58;"A";22.22;"A";44;"A";29.51;"A";27.62;"A";1016.61;"A";35;"A";0;"A";9;"A";336;"A";0.67;"A";156.67;"A"
"2025-06-05 12:15";99.98;"A";4212.2;"A";4214.8;"A";12.2;"A";7.83;"A";5.47;"A";36.69;"A";21.39;"A";47;"A";29.39;"A";26.91;"A";1016.54;"A";37;"A";0;"A";10;"A";517;"A";0;"A";33.33;"A"
"2025-06-05 12:30";99.98;"A";4212.2;"A";4214.47;"A";13.44;"A";9;"A";6.1;"A";36.7;"A";21.23;"A";45;"A";29.65;"A";26.99;"A";1016.53;"A";37;"A";0;"A";9;"A";555;"A";0;"A";106.67;"A"
"2025-06-05 12:45";99.98;"A";4212.2;"A";4214.93;"A";16.58;"A";10.62;"A";7.71;"A";36.86;"A";21.61;"A";44;"A";29.93;"A";26.74;"A";1016.38;"A";33;"A";0;"A";12;"A";513;"A";0.33;"A";176.67;"A"
"2025-06-05 13:00";99.98;"A";4212.2;"A";4215.47;"A";14.67;"A";8.79;"A";5.99;"A";37.18;"A";20.67;"A";45;"A";30;"A";25.9;"A";1016.34;"A";37;"A";0;"A";8;"A";399;"A";0;"A";66.67;"A"
"2025-06-05 13:15";99.98;"A";4212.53;"A";4215.67;"A";9.85;"A";7.06;"A";4.9;"A";37.25;"A";19.99;"A";45;"A";29.71;"A";25.57;"A";1016.33;"A";37;"A";0;"A";9;"A";308;"A";0.33;"A";110;"A"
"2025-06-05 13:30";99.98;"A";4212.47;"A";4215.8;"A";9.95;"A";7.01;"A";5;"A";37.15;"A";19.79;"A";45;"A";29.71;"A";25.2;"A";1016.22;"A";38;"A";0;"A";7;"A";202;"A";0;"A";123.33;"A"
"2025-06-05 13:45";99.98;"A";4212.13;"A";4214.93;"A";10.73;"A";7.12;"A";5.29;"A";36.99;"A";19.75;"A";44;"A";29.5;"A";25.34;"A";1016;"A";37;"A";0;"A";7;"A";262;"A";0;"A";126.67;"A"
"2025-06-05 14:00";99.99;"A";4212.33;"A";4215.13;"A";11.9;"A";9.01;"A";6.54;"A";36.75;"A";19.83;"A";46;"A";29.36;"A";25.71;"A";1015.87;"A";39;"A";0;"A";7;"A";315;"A";0.33;"A";230;"A"
"2025-06-05 14:15";99.99;"A";4212.4;"A";4215.2;"A";12.19;"A";7.47;"A";5.58;"A";36.44;"A";20.7;"A";45;"A";29.33;"A";26.56;"A";1015.74;"A";36;"A";0;"A";9;"A";352;"A";0.33;"A";136.67;"A"
"2025-06-05 14:30";99.99;"A";4212.53;"A";4215.13;"A";12.14;"A";8.55;"A";6.36;"A";36.38;"A";21.94;"A";42;"A";29.66;"A";27.29;"A";1015.72;"A";33;"A";0;"A";8;"A";388;"A";0.33;"A";266.67;"A"
"2025-06-05 14:45";99.99;"A";4212.33;"A";4214.93;"A";11.61;"A";7.5;"A";5.29;"A";36.4;"A";21.27;"A";45;"A";29.51;"A";26.27;"A";1015.61;"A";38;"A";0;"A";8;"A";369;"A";0.33;"A";346.67;"A"
"2025-06-05 15:00";99.99;"A";4212.87;"A";4215.8;"A";12.12;"A";6.76;"A";4.54;"A";36.32;"A";21.18;"A";44;"A";29.45;"A";26.42;"A";1015.4;"A";36;"A";0;"A";8;"A";311;"A";0;"A";126.67;"A"
"2025-06-05 15:15";99.99;"A";4212.53;"A";4215.2;"A";9.27;"A";5.16;"A";3.42;"A";36.22;"A";21.22;"A";43;"A";29.41;"A";26.63;"A";1015.34;"A";35;"A";0;"A";8;"A";119;"A";0.67;"A";136.67;"A"
"2025-06-05 15:30";100;"A";4212.47;"A";4215.13;"A";8.3;"A";5.01;"A";3.29;"A";36.16;"A";20.64;"A";43;"A";29.23;"A";24.96;"A";1015.11;"A";37;"A";0;"A";6;"A";108;"A";0;"A";36.67;"A"
"2025-06-05 15:45";100;"A";4212.53;"A";4215.13;"A";10.07;"A";5.62;"A";3.75;"A";35.99;"A";20.13;"A";46;"A";29.04;"A";24.77;"A";1014.99;"A";38;"A";0;"A";7;"A";180;"A";0;"A";106.67;"A"
"2025-06-05 16:00";100;"A";4212.6;"A";4215.2;"A";10.29;"A";5.95;"A";4.19;"A";35.8;"A";20.08;"A";46;"A";28.94;"A";24.27;"A";1014.84;"A";39;"A";0;"A";7;"A";268;"A";0.33;"A";200;"A"
"2025-06-05 16:15";100;"A";4212.53;"A";4215.27;"A";11.09;"A";5.71;"A";3.95;"A";35.64;"A";19.9;"A";47;"A";28.89;"A";24.65;"A";1014.84;"A";40;"A";0;"A";7;"A";245;"A";0.33;"A";103.33;"A"
"2025-06-05 16:30";100;"A";4212.93;"A";4216.07;"A";7.39;"A";4.71;"A";3.36;"A";35.55;"A";20.4;"A";45;"A";28.96;"A";24.9;"A";1014.69;"A";38;"A";0;"A";7;"A";123;"A";0;"A";203.33;"A"
"2025-06-05 16:45";100;"A";4212.6;"A";4215.6;"A";8.33;"A";4.67;"A";2.98;"A";35.54;"A";20.64;"A";44;"A";29.02;"A";25.23;"A";1014.7;"A";38;"A";0;"A";6;"A";89;"A";0;"A";273.33;"A"
"2025-06-05 17:00";100;"A";4212.53;"A";4214.87;"A";8.49;"A";4.32;"A";3.13;"A";35.57;"A";20.86;"A";44;"A";29.01;"A";25.07;"A";1014.59;"A";38;"A";0;"A";6;"A";104;"A";0.67;"A";173.33;"A"
"2025-06-05 17:15";100;"A";4212.6;"A";4215.4;"A";8.21;"A";4.2;"A";2.96;"A";35.53;"A";20.54;"A";46;"A";28.95;"A";24.89;"A";1014.46;"A";39;"A";0;"A";7;"A";61;"A";0;"A";130;"A"
"2025-06-05 17:30";100;"A";4212.6;"A";4215.13;"A";9.87;"A";4.81;"A";2.98;"A";35.49;"A";20.08;"A";47;"A";28.95;"A";24.15;"A";1014.36;"A";41;"A";0;"A";6;"A";65;"A";0;"A";150;"A"
"2025-06-05 17:45";100;"A";4212.6;"A";4215.2;"A";8.66;"A";4.57;"A";3.02;"A";35.45;"A";20.44;"A";47;"A";28.83;"A";24.79;"A";1014.24;"A";40;"A";0;"A";7;"A";68;"A";0;"A";186.67;"A"
"2025-06-05 18:00";100;"A";4213;"A";4215.67;"A";8.15;"A";4.7;"A";3.08;"A";35.39;"A";20.66;"A";48;"A";28.82;"A";24.72;"A";1014.22;"A";41;"A";0;"A";7;"A";76;"A";0.33;"A";136.67;"A"
"2025-06-05 18:15";100;"A";4212.53;"A";4215.47;"A";9.25;"A";4.61;"A";3.39;"A";35.33;"A";21.11;"A";47;"A";28.7;"A";25.99;"A";1014.09;"A";40;"A";0;"A";7;"A";73;"A";0;"A";150;"A"
"2025-06-05 18:30";100;"A";4212.6;"A";4215.27;"A";10.85;"A";5.03;"A";3.27;"A";35.23;"A";21.28;"A";46;"A";28.62;"A";25.58;"A";1014.07;"A";40;"A";0;"A";7;"A";168;"A";0;"A";203.33;"A"
"2025-06-05 18:45";100;"A";4212.6;"A";4215.27;"A";10.84;"A";5.55;"A";3.48;"A";35.13;"A";21.41;"A";48;"A";28.43;"A";26.49;"A";1014.09;"A";41;"A";0;"A";7;"A";75;"A";0;"A";156.67;"A"
"2025-06-05 19:00";100;"A";4212.47;"A";4215.27;"A";11.69;"A";5.6;"A";3.55;"A";34.99;"A";22.06;"A";47;"A";28.22;"A";27.27;"A";1014.12;"A";39;"A";0;"A";8;"A";90;"A";0;"A";136.67;"A"
"2025-06-05 19:15";100;"A";4212.6;"A";4215.6;"A";10.82;"A";5.29;"A";3.47;"A";34.79;"A";22.35;"A";46;"A";27.99;"A";27.28;"A";1014.04;"A";39;"A";0;"A";6;"A";87;"A";0;"A";136.67;"A"
"2025-06-05 19:30";100;"A";4212.93;"A";4216;"A";9.93;"A";5.29;"A";3.57;"A";34.57;"A";22.63;"A";45;"A";27.87;"A";28.04;"A";1013.98;"A";38;"A";0;"A";7;"A";101;"A";0;"A";150;"A"
"2025-06-05 19:45";100;"A";4212.6;"A";4215.13;"A";11.03;"A";5.09;"A";3.59;"A";34.37;"A";23.47;"A";43;"A";27.54;"A";28.7;"A";1013.96;"A";37;"A";0;"A";6;"A";101;"A";0;"A";186.67;"A"
"2025-06-05 20:00";100;"A";4212.6;"A";4215.33;"A";10.04;"A";5.69;"A";3.64;"A";34.1;"A";23.77;"A";43;"A";27.21;"A";29.81;"A";1013.89;"A";36;"A";0;"A";7;"A";118;"A";0;"A";133.33;"A"
"2025-06-05 20:15";99.97;"A";4202.27;"A";4203.53;"A";13.59;"A";6.02;"A";3.86;"A";33.76;"A";25.58;"A";39;"A";26.67;"A";32.69;"A";1013.86;"A";31;"A";0;"A";8;"A";138;"A";0;"A";166.67;"A"
"2025-06-05 20:30";99.75;"A";4191.4;"A";4191;"A";12.26;"A";6.24;"A";4.11;"A";33.31;"A";27.4;"A";36;"A";26;"A";34.99;"A";1014.1;"A";28;"A";0;"A";8;"A";179;"A";0;"A";136.67;"A"
"2025-06-05 20:45";99.77;"A";4209.4;"A";4213.53;"A";16.42;"A";7.81;"A";4.99;"A";32.73;"A";29.05;"A";34;"A";25.32;"A";36.82;"A";1014.12;"A";20;"A";0;"A";14;"A";266;"A";0;"A";136.67;"A"
"2025-06-05 21:00";99.86;"A";4211;"A";4214.93;"A";21.06;"A";9.99;"A";6.41;"A";32.09;"A";30.9;"A";31;"A";24.63;"A";39.93;"A";1014;"A";15;"A";1;"A";15;"A";342;"A";0;"A";123.33;"A"
"2025-06-05 21:15";99.91;"A";4211.47;"A";4214.67;"A";26.14;"A";13.49;"A";8.72;"A";31.46;"A";33.26;"A";31;"A";23.98;"A";43.03;"A";1014.09;"A";5;"A";1;"A";26;"A";597;"A";0;"A";133.33;"A"
"2025-06-05 21:30";99.94;"A";4211.58;"A";4214.5;"A";28.88;"A";15.61;"A";9.72;"A";30.84;"A";34.96;"A";29;"A";23.53;"A";44.68;"A";1014.13;"A";1;"A";2;"A";29;"A";572;"A";0;"A";216.67;"A"
"2025-06-05 21:45";99.96;"A";4211.67;"A";4214.8;"A";30.73;"A";16.38;"A";10.59;"A";30.34;"A";34.91;"A";32;"A";23.3;"A";43.69;"A";1014.41;"A";1;"A";1;"A";39;"A";669;"A";0;"A";86.67;"A"
"2025-06-05 22:00";99.98;"A";4212.33;"A";4215.13;"A";35.97;"A";18.57;"A";12.64;"A";29.96;"A";36.5;"A";31;"A";22.99;"A";45.62;"A";1014.46;"A";0;"A";1;"A";38;"A";683;"A";0;"A";143.33;"A"
"2025-06-05 22:15";99.99;"A";4213;"A";4216.13;"A";35.2;"A";17.98;"A";11.66;"A";29.61;"A";35.87;"A";29;"A";22.71;"A";43.73;"A";1014.41;"A";2;"A";0;"A";30;"A";536;"A";0;"A";130;"A"
"2025-06-05 22:30";100;"A";4212.6;"A";4215.07;"A";24.64;"A";13.03;"A";8.34;"A";29.31;"A";33.8;"A";30;"A";22.63;"A";40.21;"A";1014.44;"A";12;"A";0;"A";18;"A";281;"A";0;"A";113.33;"A"
"2025-06-05 22:45";100;"A";4212.73;"A";4214.87;"A";19.77;"A";9.81;"A";6.69;"A";29.13;"A";32.94;"A";31;"A";22.55;"A";39.88;"A";1014.4;"A";18;"A";0;"A";12;"A";185;"A";0;"A";113.33;"A"
"2025-06-05 23:00";100;"A";4212.67;"A";4214.67;"A";15.27;"A";8.89;"A";5.62;"A";28.99;"A";32.63;"A";32;"A";22.52;"A";38.92;"A";1014.43;"A";21;"A";0;"A";10;"A";135;"A";0;"A";116.67;"A"
"2025-06-05 23:15";100;"A";4212.6;"A";4215.13;"A";12.9;"A";7.03;"A";4.8;"A";28.94;"A";31.04;"A";34;"A";22.71;"A";36.81;"A";1014.55;"A";28;"A";0;"A";7;"A";105;"A";1.33;"A";133.33;"A"
"2025-06-05 23:30";100;"A";4212.6;"A";4214.93;"A";11.96;"A";6.62;"A";4.64;"A";29.04;"A";30.55;"A";37;"A";22.93;"A";36.53;"A";1014.43;"A";30;"A";0;"A";7;"A";110;"A";0.33;"A";136.67;"A"
"2025-06-05 23:45";100;"A";4213;"A";4216.33;"A";11.03;"A";6.37;"A";4.57;"A";29.14;"A";31.49;"A";36;"A";22.87;"A";37.94;"A";1014.62;"A";29;"A";0;"A";7;"A";116;"A";1;"A";133.33;"A"
"2025-06-06 00:00";100;"A";4212.67;"A";4215.2;"A";11.68;"A";7.24;"A";4.72;"A";29.19;"A";32.22;"A";36;"A";22.85;"A";38.75;"A";1014.61;"A";28;"A";0;"A";8;"A";117;"A";0.67;"A";133.33;"A"
"2025-06-06 00:15";100;"A";4212.73;"A";4214.8;"A";13.85;"A";7.68;"A";5.09;"A";29.14;"A";32.84;"A";35;"A";22.66;"A";39.73;"A";1014.52;"A";26;"A";0;"A";9;"A";119;"A";0.67;"A";130;"A"
"2025-06-06 00:30";100;"A";4212.87;"A";4215.2;"A";15.19;"A";8.52;"A";5.46;"A";28.99;"A";33.64;"A";34;"A";22.27;"A";41.5;"A";1014.52;"A";22;"A";0;"A";11;"A";123;"A";1;"A";130;"A"
"2025-06-06 00:45";100;"A";4212.67;"A";4215;"A";16.57;"A";9.02;"A";6.18;"A";28.71;"A";34.92;"A";31;"A";21.88;"A";43.52;"A";1014.72;"A";19;"A";0;"A";12;"A";128;"A";0;"A";130;"A"
"2025-06-06 01:00";100;"A";4212.67;"A";4215;"A";15.28;"A";8.57;"A";6.02;"A";28.41;"A";35.16;"A";32;"A";21.63;"A";43.25;"A";1014.76;"A";25;"A";0;"A";7;"A";119;"A";0.67;"A";136.67;"A"
"2025-06-06 01:15";100;"A";4212.93;"A";4215.33;"A";16.77;"A";8.1;"A";5.58;"A";28.09;"A";36.16;"A";30;"A";21.27;"A";45.26;"A";1014.72;"A";25;"A";0;"A";6;"A";120;"A";0;"A";130;"A"
"2025-06-06 01:30";100;"A";4212.8;"A";4215.07;"A";16.71;"A";9.07;"A";6.09;"A";27.77;"A";37.37;"A";29;"A";20.86;"A";46.63;"A";1014.73;"A";22;"A";0;"A";7;"A";124;"A";0;"A";126.67;"A"
"2025-06-06 01:45";100;"A";4212.67;"A";4215;"A";15.69;"A";9.67;"A";6.44;"A";27.42;"A";38.72;"A";27;"A";20.41;"A";49.35;"A";1014.62;"A";19;"A";0;"A";8;"A";134;"A";0.67;"A";196.67;"A"
"2025-06-06 02:00";100;"A";4212.67;"A";4215.13;"A";17.88;"A";10.05;"A";6.89;"A";27.08;"A";40.12;"A";27;"A";20.16;"A";50.67;"A";1014.59;"A";17;"A";0;"A";10;"A";138;"A";0;"A";213.33;"A"
"2025-06-06 02:15";100;"A";4212.73;"A";4215.07;"A";18.32;"A";11.09;"A";7.62;"A";26.73;"A";42.2;"A";25;"A";19.84;"A";53.82;"A";1014.68;"A";13;"A";1;"A";12;"A";151;"A";0.33;"A";193.33;"A"
"2025-06-06 02:30";100;"A";4212.6;"A";4215.13;"A";20.83;"A";11.18;"A";7.66;"A";26.44;"A";43.68;"A";24;"A";19.71;"A";54.95;"A";1014.81;"A";10;"A";1;"A";14;"A";152;"A";0;"A";270;"A"
"2025-06-06 02:45";100;"A";4212.93;"A";4215.6;"A";19.6;"A";11.82;"A";7.83;"A";26.22;"A";44.71;"A";25;"A";19.56;"A";56.36;"A";1014.8;"A";10;"A";0;"A";15;"A";147;"A";0;"A";146.67;"A"
"2025-06-06 03:00";100;"A";4212.87;"A";4215.53;"A";20.82;"A";11.69;"A";7.97;"A";26.07;"A";46.01;"A";26;"A";19.57;"A";57.21;"A";1014.84;"A";10;"A";0;"A";15;"A";145;"A";0;"A";143.33;"A"
"2025-06-06 03:15";100;"A";4212.73;"A";4215.2;"A";19.69;"A";11.87;"A";8.21;"A";26.03;"A";46.88;"A";27;"A";19.68;"A";57.71;"A";1014.88;"A";11;"A";0;"A";16;"A";138;"A";0;"A";140;"A"
"2025-06-06 03:30";100;"A";4212.73;"A";4215.2;"A";19.72;"A";12.88;"A";8.61;"A";26.03;"A";47.44;"A";27;"A";19.57;"A";58.64;"A";1014.83;"A";11;"A";0;"A";16;"A";133;"A";0;"A";146.67;"A"
"2025-06-06 03:45";100;"A";4212.73;"A";4214.87;"A";19.61;"A";12.31;"A";8.31;"A";25.97;"A";47.75;"A";27;"A";19.47;"A";59.44;"A";1014.95;"A";12;"A";0;"A";15;"A";129;"A";0.33;"A";203.33;"A"
"2025-06-06 04:00";100;"A";4212.8;"A";4215;"A";17.62;"A";11.34;"A";7.91;"A";25.88;"A";48.17;"A";26;"A";19.25;"A";60.36;"A";1014.78;"A";13;"A";0;"A";14;"A";127;"A";0;"A";156.67;"A"
"2025-06-06 04:15";100;"A";4212.67;"A";4214.87;"A";17.29;"A";11.58;"A";8.1;"A";25.69;"A";49.24;"A";27;"A";18.92;"A";63.01;"A";1014.72;"A";12;"A";0;"A";15;"A";140;"A";0;"A";130;"A"
"2025-06-06 04:30";100;"A";4209.93;"A";4211.93;"A";18.52;"A";12.97;"A";9.06;"A";25.43;"A";51.41;"A";22;"A";18.62;"A";65.17;"A";1014.8;"A";10;"A";1;"A";12;"A";155;"A";0;"A";126.67;"A"
"2025-06-06 04:45";99.91;"A";4207.67;"A";4209.67;"A";19.44;"A";12.46;"A";9;"A";25.17;"A";51.52;"A";19;"A";18.38;"A";65.36;"A";1014.65;"A";5;"A";1;"A";14;"A";181;"A";0;"A";226.67;"A"
"2025-06-06 05:00";99.95;"A";4211.87;"A";4214.67;"A";19.97;"A";12.83;"A";8.69;"A";24.91;"A";52.25;"A";20;"A";18.14;"A";66.26;"A";1014.67;"A";8;"A";1;"A";12;"A";165;"A";0;"A";166.67;"A"
"2025-06-06 05:15";99.97;"A";4212.6;"A";4214.6;"A";20.41;"A";13.15;"A";8.94;"A";24.7;"A";53.59;"A";17;"A";18.05;"A";67.66;"A";1014.9;"A";5;"A";2;"A";13;"A";167;"A";0;"A";133.33;"A"
"2025-06-06 05:30";99.98;"A";4212.6;"A";4214.8;"A";18.63;"A";12.98;"A";8.91;"A";24.55;"A";54.15;"A";16;"A";17.96;"A";67.9;"A";1014.98;"A";3;"A";1;"A";13;"A";177;"A";0;"A";206.67;"A"
"2025-06-06 05:45";99.99;"A";4212.73;"A";4214.87;"A";18.98;"A";13.11;"A";8.85;"A";24.53;"A";54.43;"A";16;"A";18.1;"A";67.37;"A";1014.98;"A";4;"A";2;"A";13;"A";179;"A";0;"A";250;"A"
"2025-06-06 06:00";99.99;"A";4212.93;"A";4215.33;"A";19.6;"A";12.8;"A";9.06;"A";24.61;"A";53.15;"A";20;"A";18.55;"A";64.83;"A";1015;"A";6;"A";1;"A";14;"A";177;"A";0;"A";176.67;"A"
"2025-06-06 06:15";100;"A";4212.73;"A";4215.27;"A";21.31;"A";13.88;"A";9;"A";25.12;"A";51.92;"A";20;"A";19.67;"A";61.05;"A";1015.08;"A";7;"A";0;"A";13;"A";176;"A";0;"A";143.33;"A"
"2025-06-06 06:30";100;"A";4212.73;"A";4214.8;"A";21.18;"A";12.94;"A";8.98;"A";26.28;"A";48.61;"A";24;"A";21.15;"A";55.76;"A";1015.15;"A";8;"A";0;"A";16;"A";197;"A";0;"A";133.33;"A"
"2025-06-06 06:45";100;"A";4212.8;"A";4215.2;"A";20.09;"A";12.17;"A";8.54;"A";27.76;"A";44.4;"A";28;"A";22.49;"A";50.74;"A";1015;"A";7;"A";0;"A";22;"A";185;"A";0;"A";146.67;"A"
"2025-06-06 07:00";99.88;"A";4197.27;"A";4197.93;"A";19.96;"A";12.13;"A";8.17;"A";29.28;"A";40.53;"A";32;"A";23.74;"A";47.16;"A";1015.14;"A";7;"A";0;"A";25;"A";185;"A";0.33;"A";130;"A"
"2025-06-06 07:15";99.87;"A";4210.87;"A";4214.53;"A";16.75;"A";9.94;"A";6.64;"A";30.74;"A";36.91;"A";33;"A";24.88;"A";43.22;"A";1015.06;"A";13;"A";0;"A";19;"A";168;"A";0.67;"A";130;"A"
"2025-06-06 07:30";99.92;"A";4211.73;"A";4214.8;"A";13.37;"A";7.36;"A";4.96;"A";32.11;"A";32.51;"A";36;"A";26.03;"A";38.22;"A";1015.17;"A";22;"A";0;"A";13;"A";123;"A";0;"A";200;"A"
"2025-06-06 07:45";99.94;"A";4211.87;"A";4215.27;"A";9.23;"A";5.69;"A";4;"A";33.42;"A";28.5;"A";38;"A";27.07;"A";33.82;"A";1014.94;"A";28;"A";0;"A";11;"A";112;"A";0;"A";260;"A"
"2025-06-06 08:00";99.96;"A";4211.67;"A";4215.07;"A";10.59;"A";5.78;"A";3.77;"A";34.59;"A";26.28;"A";39;"A";27.86;"A";32.47;"A";1015.19;"A";28;"A";0;"A";11;"A";124;"A";0;"A";106.67;"A"
"2025-06-06 08:15";99.97;"A";4211.73;"A";4215.33;"A";25.18;"A";10.43;"A";6.36;"A";35.49;"A";24.79;"A";39;"A";28.34;"A";31.12;"A";1015.24;"A";27;"A";0;"A";12;"A";234;"A";0;"A";116.67;"A"
"2025-06-06 08:30";99.97;"A";4211.8;"A";4215.13;"A";59.24;"A";26.52;"A";15.21;"A";36.29;"A";23.95;"A";38;"A";28.89;"A";29.43;"A";1015.2;"A";27;"A";5;"A";11;"A";843;"A";0;"A";103.33;"A"
"2025-06-06 08:45";99.98;"A";4212;"A";4215.13;"A";85.59;"A";37.11;"A";21.01;"A";37.05;"A";21.9;"A";39;"A";29.65;"A";27.5;"A";1015.3;"A";27;"A";48;"A";12;"A";1626;"A";0;"A";80;"A"
"2025-06-06 09:00";99.98;"A";4211.87;"A";4215.07;"A";14.94;"A";6.58;"A";4.43;"A";37.68;"A";21.52;"A";39;"A";30.34;"A";27.76;"A";1015.37;"A";27;"A";1;"A";12;"A";151;"A";0.33;"A";126.67;"A"
"2025-06-06 09:15";99.98;"A";4212.27;"A";4216.53;"A";10.05;"A";5.23;"A";3.35;"A";38.3;"A";20.7;"A";37;"A";30.85;"A";26.5;"A";1015.39;"A";28;"A";0;"A";9;"A";108;"A";0.33;"A";120;"A"
"2025-06-06 09:30";99.98;"A";4212.07;"A";4215.13;"A";25.28;"A";9.71;"A";5.78;"A";38.96;"A";19.24;"A";39;"A";31.53;"A";25.01;"A";1015.58;"A";29;"A";1;"A";10;"A";398;"A";0;"A";200;"A"
"2025-06-06 09:45";99.98;"A";4212;"A";4214.8;"A";37;"A";15.68;"A";8.67;"A";39.68;"A";18.08;"A";39;"A";32.11;"A";23.84;"A";1015.66;"A";29;"A";6;"A";10;"A";557;"A";0.33;"A";123.33;"A"
"2025-06-06 10:00";99.98;"A";4212.13;"A";4215.6;"A";20.44;"A";8.4;"A";4.78;"A";40.18;"A";16.63;"A";39;"A";32.38;"A";22.54;"A";1015.64;"A";31;"A";1;"A";9;"A";208;"A";0.67;"A";96.67;"A"
"2025-06-06 10:15";99.98;"A";4211.87;"A";4214.73;"A";10.25;"A";5.48;"A";3.47;"A";40.62;"A";16.28;"A";40;"A";32.87;"A";22.39;"A";1015.7;"A";31;"A";0;"A";9;"A";101;"A";1;"A";130;"A"
"2025-06-06 10:30";99.98;"A";4211.73;"A";4215.27;"A";22.22;"A";9.33;"A";5.37;"A";40.91;"A";16.26;"A";40;"A";33.06;"A";22.42;"A";1015.59;"A";32;"A";1;"A";9;"A";228;"A";0;"A";90;"A"
"2025-06-06 10:45";99.98;"A";4212;"A";4215.87;"A";23.73;"A";10.93;"A";6.66;"A";41.18;"A";16.47;"A";39;"A";33.4;"A";22.8;"A";1015.58;"A";32;"A";1;"A";7;"A";287;"A";0;"A";86.67;"A"
"2025-06-06 11:00";99.98;"A";4212;"A";4215.27;"A";11.1;"A";5.69;"A";3.68;"A";41.44;"A";16.47;"A";38;"A";33.52;"A";23.23;"A";1015.46;"A";31;"A";1;"A";8;"A";151;"A";0;"A";113.33;"A"
"2025-06-06 11:15";99.98;"A";4211.93;"A";4215.2;"A";13.17;"A";6.25;"A";4;"A";41.52;"A";15.96;"A";40;"A";33.52;"A";22.06;"A";1015.4;"A";34;"A";0;"A";6;"A";81;"A";0.33;"A";110;"A"
"2025-06-06 11:30";99.98;"A";4211.67;"A";4215.07;"A";25.98;"A";12.28;"A";7.26;"A";41.47;"A";16.13;"A";40;"A";33.5;"A";22.43;"A";1015.43;"A";34;"A";1;"A";7;"A";252;"A";0.33;"A";136.67;"A"
"2025-06-06 11:45";99.99;"A";4211.73;"A";4215.33;"A";13.38;"A";7.26;"A";5.04;"A";41.36;"A";16.46;"A";41;"A";33.81;"A";23.01;"A";1015.21;"A";32;"A";0;"A";9;"A";141;"A";0.33;"A";53.33;"A"
"2025-06-06 12:00";99.99;"A";4211.8;"A";4215.13;"A";10.58;"A";6.32;"A";4.18;"A";41.41;"A";16.8;"A";37;"A";33.99;"A";22.58;"A";1015.18;"A";30;"A";0;"A";7;"A";164;"A";0.33;"A";120;"A"
"2025-06-06 12:15";99.99;"A";4212;"A";4215.47;"A";9.47;"A";5.66;"A";3.93;"A";41.58;"A";16.44;"A";40;"A";34.38;"A";22.08;"A";1015.27;"A";34;"A";0;"A";6;"A";124;"A";0.33;"A";100;"A"
"2025-06-06 12:30";99.99;"A";4211.8;"A";4215.2;"A";9.05;"A";6.04;"A";3.99;"A";41.78;"A";16.23;"A";40;"A";34.36;"A";22.14;"A";1015.18;"A";34;"A";0;"A";6;"A";94;"A";0.67;"A";126.67;"A"
"2025-06-06 12:45";99.99;"A";4211.6;"A";4215.33;"A";10.25;"A";6.54;"A";4.43;"A";41.96;"A";16.31;"A";40;"A";34.54;"A";22.81;"A";1015.07;"A";33;"A";0;"A";7;"A";209;"A";0.33;"A";90;"A"
"2025-06-06 13:00";99.93;"A";4203.8;"A";4206.13;"A";12.98;"A";7.64;"A";5.22;"A";42.12;"A";16.22;"A";40;"A";34.83;"A";22.56;"A";1015.02;"A";34;"A";0;"A";6;"A";160;"A";0.33;"A";100;"A"
"2025-06-06 13:15";99.93;"A";4211.33;"A";4214.8;"A";11.05;"A";6.53;"A";4.52;"A";42.18;"A";16.43;"A";38;"A";34.68;"A";23.1;"A";1014.92;"A";32;"A";1;"A";6;"A";154;"A";1;"A";126.67;"A"
"2025-06-06 13:30";99.95;"A";4211.6;"A";4214.8;"A";11.4;"A";6.41;"A";4.54;"A";42.18;"A";16.12;"A";40;"A";34.45;"A";22.56;"A";1014.81;"A";35;"A";0;"A";5;"A";169;"A";0.67;"A";123.33;"A"
"2025-06-06 13:45";99.97;"A";4211.93;"A";4215.2;"A";10.05;"A";6.16;"A";4.37;"A";41.99;"A";16.57;"A";39;"A";34.42;"A";23.19;"A";1014.66;"A";34;"A";0;"A";6;"A";102;"A";0.33;"A";60;"A"
"2025-06-06 14:00";99.99;"A";4211.8;"A";4215.13;"A";11.32;"A";6.44;"A";4.51;"A";41.77;"A";16.8;"A";40;"A";34.1;"A";23.55;"A";1014.44;"A";34;"A";0;"A";6;"A";92;"A";0.33;"A";86.67;"A"
"2025-06-06 14:15";100;"A";4211.67;"A";4215.6;"A";16.55;"A";8.04;"A";5.38;"A";41.4;"A";17.11;"A";40;"A";33.85;"A";23.34;"A";1014.16;"A";34;"A";0;"A";6;"A";154;"A";0.33;"A";163.33;"A"
"2025-06-06 14:30";100;"A";4211.67;"A";4215.13;"A";12.58;"A";6.71;"A";4.78;"A";41.06;"A";17.29;"A";40;"A";33.76;"A";23.33;"A";1014.01;"A";35;"A";0;"A";5;"A";101;"A";0.33;"A";126.67;"A"
"2025-06-06 14:45";100;"A";4211.73;"A";4214.93;"A";10.31;"A";6.29;"A";4.51;"A";40.77;"A";17.45;"A";41;"A";33.63;"A";23.3;"A";1013.81;"A";35;"A";0;"A";6;"A";78;"A";0;"A";130;"A"
"2025-06-06 15:00";100;"A";4211.93;"A";4215.07;"A";10.88;"A";6.53;"A";4.41;"A";40.6;"A";17.43;"A";41;"A";33.58;"A";23.05;"A";1013.7;"A";36;"A";0;"A";5;"A";78;"A";0.67;"A";136.67;"A"
"2025-06-06 15:15";100;"A";4212.2;"A";4215.8;"A";12.24;"A";6.97;"A";4.65;"A";40.49;"A";17.81;"A";40;"A";33.48;"A";23.32;"A";1013.54;"A";34;"A";0;"A";5;"A";122;"A";0.33;"A";130;"A"
"2025-06-06 15:30";100;"A";4212.4;"A";4215;"A";9.87;"A";6.56;"A";4.43;"A";40.35;"A";17.52;"A";42;"A";33.4;"A";22.96;"A";1013.5;"A";36;"A";0;"A";5;"A";115;"A";0.33;"A";130;"A"
"2025-06-06 15:45";100;"A";4212.4;"A";4215.2;"A";9.32;"A";6.24;"A";4.56;"A";40.19;"A";17.74;"A";41;"A";33.22;"A";23.03;"A";1013.39;"A";36;"A";0;"A";5;"A";108;"A";0.67;"A";93.33;"A"
"2025-06-06 16:00";100;"A";4212.33;"A";4215.07;"A";10.08;"A";6.69;"A";4.64;"A";40.06;"A";17.91;"A";41;"A";33.2;"A";23.33;"A";1013.2;"A";36;"A";0;"A";5;"A";127;"A";0.33;"A";96.67;"A"
"2025-06-06 16:15";100;"A";4212.47;"A";4215.2;"A";9.32;"A";6.11;"A";4.37;"A";39.96;"A";17.8;"A";41;"A";33.25;"A";23.12;"A";1013.33;"A";37;"A";0;"A";5;"A";76;"A";0.33;"A";190;"A"
"2025-06-06 16:30";100;"A";4212.4;"A";4215;"A";10.78;"A";6.32;"A";4.41;"A";39.91;"A";18.11;"A";42;"A";33.16;"A";23.23;"A";1013.07;"A";36;"A";0;"A";6;"A";96;"A";1;"A";136.67;"A"
"2025-06-06 16:45";100;"A";4212.6;"A";4215.2;"A";9.48;"A";6.17;"A";4.24;"A";39.81;"A";17.97;"A";42;"A";33.02;"A";23.14;"A";1013.01;"A";37;"A";0;"A";5;"A";90;"A";0;"A";123.33;"A"
"2025-06-06 17:00";100;"A";4212.8;"A";4215.53;"A";9.33;"A";5.9;"A";4.36;"A";39.68;"A";18.31;"A";43;"A";32.93;"A";23.88;"A";1012.88;"A";37;"A";0;"A";6;"A";86;"A";0.67;"A";206.67;"A"
"2025-06-06 17:15";100;"A";4212.47;"A";4215;"A";11.05;"A";6.68;"A";4.23;"A";39.61;"A";18.67;"A";41;"A";32.99;"A";23.72;"A";1012.6;"A";36;"A";0;"A";5;"A";98;"A";0;"A";120;"A"
"2025-06-06 17:30";100;"A";4212.53;"A";4215.2;"A";10.67;"A";6.76;"A";4.33;"A";39.57;"A";18.3;"A";43;"A";32.87;"A";23.14;"A";1012.56;"A";37;"A";0;"A";5;"A";84;"A";0.67;"A";123.33;"A"
"2025-06-06 17:45";99.9;"A";4198.47;"A";4199.73;"A";15.59;"A";7.07;"A";4.79;"A";39.48;"A";18.53;"A";42;"A";32.81;"A";23.37;"A";1012.4;"A";36;"A";0;"A";6;"A";98;"A";0.67;"A";196.67;"A"
"2025-06-06 18:00";99.89;"A";4210.73;"A";4214.4;"A";10.11;"A";6.03;"A";4.26;"A";39.36;"A";18.31;"A";43;"A";32.67;"A";23.2;"A";1012.23;"A";38;"A";0;"A";5;"A";85;"A";0.33;"A";130;"A"
"2025-06-06 18:15";99.93;"A";4211.8;"A";4215.07;"A";9.16;"A";6.38;"A";4.29;"A";39.25;"A";18.4;"A";43;"A";32.55;"A";23.47;"A";1012.05;"A";37;"A";0;"A";5;"A";88;"A";0.67;"A";130;"A"
"2025-06-06 18:30";99.96;"A";4211.87;"A";4215.4;"A";11.01;"A";6.53;"A";4.34;"A";39.14;"A";18.42;"A";43;"A";32.43;"A";23.26;"A";1012.18;"A";38;"A";0;"A";5;"A";95;"A";1;"A";136.67;"A"
"2025-06-06 18:45";99.98;"A";4211.73;"A";4215;"A";10;"A";6.65;"A";4.44;"A";39;"A";18.66;"A";43;"A";32.24;"A";23.57;"A";1012.13;"A";38;"A";0;"A";5;"A";92;"A";0;"A";130;"A"
"2025-06-06 19:00";99.99;"A";4211.8;"A";4215.2;"A";13.87;"A";7.28;"A";4.96;"A";38.81;"A";19.51;"A";41;"A";31.94;"A";24.9;"A";1012.19;"A";36;"A";0;"A";5;"A";114;"A";1;"A";140;"A"
"2025-06-06 19:15";100;"A";4212;"A";4215.13;"A";11.03;"A";6.77;"A";4.57;"A";38.59;"A";19.63;"A";42;"A";31.76;"A";24.75;"A";1012.19;"A";36;"A";0;"A";5;"A";113;"A";0;"A";150;"A"
"2025-06-06 19:30";100;"A";4212.4;"A";4215.47;"A";10.44;"A";6.53;"A";4.74;"A";38.37;"A";20.1;"A";41;"A";31.53;"A";25.44;"A";1012.24;"A";35;"A";0;"A";5;"A";128;"A";0;"A";133.33;"A"
"2025-06-06 19:45";100;"A";4212.73;"A";4215.33;"A";12.61;"A";7.13;"A";4.99;"A";38.13;"A";20.07;"A";42;"A";31.23;"A";25.1;"A";1012.16;"A";36;"A";0;"A";6;"A";115;"A";0.33;"A";136.67;"A"
"2025-06-06 20:00";100;"A";4212.8;"A";4215.53;"A";12.05;"A";8.17;"A";5.37;"A";37.85;"A";20.49;"A";42;"A";30.93;"A";26.03;"A";1012.2;"A";33;"A";0;"A";8;"A";155;"A";0.33;"A";130;"A"
"2025-06-06 20:15";100;"A";4212.4;"A";4215.47;"A";15.81;"A";8.7;"A";5.72;"A";37.55;"A";20.76;"A";40;"A";30.54;"A";26.45;"A";1012.21;"A";33;"A";0;"A";7;"A";149;"A";0.33;"A";136.67;"A"
"2025-06-06 20:30";100;"A";4212.6;"A";4215.53;"A";15.47;"A";9.14;"A";6.18;"A";37.21;"A";21.79;"A";39;"A";30.01;"A";28.12;"A";1012.33;"A";27;"A";0;"A";12;"A";210;"A";1;"A";140;"A"
"2025-06-06 20:45";100;"A";4212.47;"A";4215.07;"A";19.66;"A";9.76;"A";6.56;"A";36.68;"A";23.13;"A";35;"A";29.37;"A";29.61;"A";1012.37;"A";24;"A";0;"A";11;"A";215;"A";0.33;"A";133.33;"A"
"2025-06-06 21:00";100;"A";4212.6;"A";4215.33;"A";41.46;"A";16.96;"A";9.86;"A";36.07;"A";24.39;"A";32;"A";28.68;"A";31.56;"A";1012.68;"A";21;"A";0;"A";11;"A";229;"A";0;"A";136.67;"A"
"2025-06-06 21:15";100;"A";4212.73;"A";4215.6;"A";20.4;"A";12.06;"A";7.7;"A";35.54;"A";25.53;"A";34;"A";28.36;"A";32.57;"A";1012.84;"A";26;"A";0;"A";8;"A";196;"A";0;"A";306.67;"A"
"2025-06-06 21:30";100;"A";4212.8;"A";4215.93;"A";18.62;"A";9.81;"A";6.67;"A";35.04;"A";26.54;"A";33;"A";27.81;"A";33.99;"A";1012.91;"A";27;"A";0;"A";6;"A";185;"A";0;"A";123.33;"A"
"2025-06-06 21:45";100;"A";4212.73;"A";4215.2;"A";17.79;"A";10.44;"A";7.05;"A";34.53;"A";27.49;"A";32;"A";27.37;"A";34.95;"A";1013.03;"A";26;"A";0;"A";6;"A";185;"A";0;"A";220;"A"
"2025-06-06 22:00";100;"A";4212.6;"A";4215.13;"A";14.94;"A";9.22;"A";6.14;"A";34.11;"A";27.81;"A";32;"A";27.14;"A";34.85;"A";1013.07;"A";27;"A";0;"A";5;"A";139;"A";0;"A";140;"A"
"2025-06-06 22:15";100;"A";4212.6;"A";4215.53;"A";14.06;"A";8.82;"A";5.95;"A";33.75;"A";28.08;"A";33;"A";26.85;"A";35.09;"A";1013.03;"A";28;"A";0;"A";6;"A";131;"A";0.33;"A";203.33;"A"
"2025-06-06 22:30";100;"A";4212.73;"A";4215.2;"A";14.23;"A";8.93;"A";6.42;"A";33.4;"A";28.38;"A";33;"A";26.4;"A";35.57;"A";1013.01;"A";28;"A";0;"A";6;"A";125;"A";0.67;"A";200;"A"
"2025-06-06 22:45";100;"A";4212.73;"A";4215.33;"A";15.62;"A";9.12;"A";6.21;"A";33;"A";29.27;"A";32;"A";25.86;"A";37.14;"A";1013.5;"A";26;"A";0;"A";6;"A";139;"A";0.67;"A";113.33;"A"
"2025-06-06 23:00";100;"A";4213;"A";4215.87;"A";16.62;"A";8.45;"A";5.82;"A";32.55;"A";30.04;"A";30;"A";25.46;"A";37.61;"A";1013.64;"A";26;"A";0;"A";5;"A";138;"A";0;"A";166.67;"A"
"2025-06-06 23:15";100;"A";4212.6;"A";4215.2;"A";14.45;"A";8.56;"A";5.35;"A";32.12;"A";30.25;"A";32;"A";24.98;"A";37.98;"A";1013.92;"A";27;"A";0;"A";5;"A";115;"A";0.33;"A";333.33;"A"
"2025-06-06 23:30";100;"A";4212.67;"A";4215.33;"A";14.41;"A";8.43;"A";5.52;"A";31.63;"A";31.15;"A";30;"A";24.49;"A";39.07;"A";1013.89;"A";26;"A";0;"A";4;"A";117;"A";0;"A";123.33;"A"
"2025-06-06 23:45";100;"A";4212.67;"A";4215.07;"A";12.68;"A";8.07;"A";5.48;"A";31.18;"A";31.97;"A";29;"A";23.98;"A";40.21;"A";1013.99;"A";25;"A";0;"A";4;"A";123;"A";0;"A";326.67;"A"
"2025-06-07 00:00";100;"A";4212.67;"A";4215.13;"A";14.78;"A";7.69;"A";5.01;"A";30.71;"A";32.31;"A";29;"A";23.6;"A";40.05;"A";1014.07;"A";25;"A";0;"A";4;"A";109;"A";0.33;"A";253.33;"A"
"2025-06-07 00:15";100;"A";4212.6;"A";4215.2;"A";12.63;"A";7.41;"A";4.78;"A";30.29;"A";32.39;"A";30;"A";23.4;"A";40.01;"A";1014.06;"A";26;"A";0;"A";4;"A";103;"A";0;"A";310;"A"
"2025-06-07 00:30";99.98;"A";4201.87;"A";4203.53;"A";11.6;"A";6.7;"A";4.43;"A";29.97;"A";32.54;"A";31;"A";23.15;"A";39.76;"A";1014;"A";27;"A";0;"A";4;"A";99;"A";0;"A";236.67;"A"
"2025-06-07 00:45";99.87;"A";4211.2;"A";4214.2;"A";11.02;"A";6.36;"A";4.23;"A";29.68;"A";33.03;"A";31;"A";22.8;"A";40.46;"A";1014;"A";27;"A";0;"A";4;"A";100;"A";0;"A";190;"A"
"2025-06-07 01:00";99.92;"A";4211.53;"A";4214.6;"A";10.06;"A";6.07;"A";4.17;"A";29.36;"A";33.62;"A";30;"A";22.51;"A";41.2;"A";1013.87;"A";26;"A";0;"A";4;"A";105;"A";0;"A";323.33;"A"
"2025-06-07 01:15";99.95;"A";4211.8;"A";4214.53;"A";9.66;"A";5.84;"A";4.12;"A";29.05;"A";33.87;"A";30;"A";22.14;"A";41.76;"A";1013.77;"A";26;"A";0;"A";4;"A";104;"A";0;"A";136.67;"A"
"2025-06-07 01:30";99.97;"A";4212.53;"A";4214.8;"A";10.56;"A";5.69;"A";4;"A";28.76;"A";34.74;"A";29;"A";21.78;"A";43.44;"A";1013.93;"A";24;"A";0;"A";4;"A";105;"A";0;"A";200;"A"
"2025-06-07 01:45";99.92;"A";4197.8;"A";4198.33;"A";9.32;"A";5.85;"A";4.19;"A";28.46;"A";35.56;"A";28;"A";21.55;"A";44.13;"A";1013.99;"A";24;"A";0;"A";5;"A";112;"A";0.33;"A";320;"A"
"2025-06-07 02:00";99.86;"A";4211.07;"A";4214.53;"A";11.21;"A";6.51;"A";4.48;"A";28.16;"A";36.47;"A";28;"A";21.32;"A";45.02;"A";1014.1;"A";23;"A";0;"A";5;"A";118;"A";0;"A";303.33;"A"
"2025-06-07 02:15";99.91;"A";4211.8;"A";4214.47;"A";11.15;"A";7.26;"A";5.13;"A";27.88;"A";37.74;"A";27;"A";21.08;"A";45.93;"A";1014.38;"A";22;"A";0;"A";5;"A";124;"A";0.33;"A";246.67;"A"
"2025-06-07 02:30";99.95;"A";4211.73;"A";4214.6;"A";11.17;"A";6.35;"A";4.37;"A";27.65;"A";37.15;"A";28;"A";20.95;"A";45.47;"A";1014.35;"A";23;"A";0;"A";5;"A";111;"A";0;"A";223.33;"A"
"2025-06-07 02:45";99.97;"A";4212.4;"A";4214.87;"A";11.61;"A";6.18;"A";4.44;"A";27.43;"A";37.98;"A";27;"A";20.53;"A";47.47;"A";1014.3;"A";21;"A";0;"A";6;"A";115;"A";0;"A";140;"A"
"2025-06-07 03:00";99.98;"A";4212.67;"A";4214.8;"A";10.69;"A";5.98;"A";4.35;"A";27.14;"A";38.52;"A";26;"A";20.19;"A";48.12;"A";1014.18;"A";18;"A";0;"A";8;"A";115;"A";0.33;"A";183.33;"A"
"2025-06-07 03:15";99.99;"A";4212.8;"A";4214.67;"A";10.12;"A";6.53;"A";4.36;"A";26.87;"A";39.29;"A";25;"A";20;"A";49.17;"A";1014.01;"A";16;"A";0;"A";8;"A";116;"A";0;"A";186.67;"A"
"2025-06-07 03:30";99.95;"A";4200.27;"A";4200.27;"A";12.8;"A";6.62;"A";4.55;"A";26.59;"A";40.12;"A";25;"A";19.74;"A";50.29;"A";1013.97;"A";16;"A";0;"A";9;"A";121;"A";0;"A";263.33;"A"
"2025-06-07 03:45";99.88;"A";4211.53;"A";4215.27;"A";12.29;"A";6.99;"A";4.78;"A";26.34;"A";40.77;"A";24;"A";19.58;"A";50.78;"A";1014.11;"A";15;"A";0;"A";9;"A";118;"A";0;"A";196.67;"A"
"2025-06-07 04:00";99.93;"A";4211.8;"A";4214.27;"A";11.42;"A";7.08;"A";4.92;"A";26.12;"A";42.03;"A";24;"A";19.26;"A";53.15;"A";1014.12;"A";15;"A";0;"A";9;"A";123;"A";0;"A";333.33;"A"
"2025-06-07 04:15";99.96;"A";4212.13;"A";4214.73;"A";11.84;"A";6.92;"A";4.84;"A";25.87;"A";43.18;"A";23;"A";19.04;"A";53.86;"A";1014.09;"A";16;"A";1;"A";6;"A";121;"A";0;"A";140;"A"
"2025-06-07 04:30";99.98;"A";4212.6;"A";4215;"A";12.25;"A";6.85;"A";4.65;"A";25.64;"A";44.32;"A";23;"A";18.77;"A";56.6;"A";1014.11;"A";16;"A";1;"A";7;"A";124;"A";0;"A";226.67;"A"
"2025-06-07 04:45";99.99;"A";4212.67;"A";4215.07;"A";11.27;"A";7;"A";4.76;"A";25.41;"A";46.38;"A";19;"A";18.53;"A";58.59;"A";1014.06;"A";14;"A";1;"A";5;"A";126;"A";0;"A";333.33;"A"
"2025-06-07 05:00";100;"A";4212.8;"A";4215.2;"A";12.26;"A";7.26;"A";5.09;"A";25.13;"A";46.27;"A";20;"A";18.31;"A";57.78;"A";1014.07;"A";14;"A";1;"A";6;"A";128;"A";0.33;"A";330;"A"
"2025-06-07 05:15";100;"A";4212.73;"A";4215;"A";14.53;"A";8.66;"A";6.19;"A";24.86;"A";46.24;"A";20;"A";18.2;"A";57.83;"A";1014.06;"A";14;"A";1;"A";6;"A";144;"A";0.33;"A";270;"A"
"2025-06-07 05:30";99.84;"A";4182.47;"A";4180.93;"A";14.6;"A";8.02;"A";5.54;"A";24.72;"A";46.37;"A";21;"A";18.19;"A";56.99;"A";1014.13;"A";15;"A";1;"A";6;"A";141;"A";0;"A";236.67;"A"
"2025-06-07 05:45";99.73;"A";4209.07;"A";4211.67;"A";12.95;"A";7.91;"A";5.38;"A";24.68;"A";45.7;"A";24;"A";18.38;"A";55.78;"A";1014.22;"A";17;"A";0;"A";8;"A";123;"A";0;"A";253.33;"A"
"2025-06-07 06:00";99.83;"A";4210.6;"A";4213.8;"A";13.01;"A";8.12;"A";5.53;"A";24.82;"A";44.31;"A";28;"A";18.84;"A";52.98;"A";1014.32;"A";14;"A";0;"A";13;"A";122;"A";0;"A";146.67;"A"
"2025-06-07 06:15";99.89;"A";4211.6;"A";4214.33;"A";12.82;"A";7.81;"A";5.43;"A";25.37;"A";43.74;"A";27;"A";19.98;"A";50.87;"A";1014.52;"A";17;"A";0;"A";10;"A";122;"A";0;"A";246.67;"A"
"2025-06-07 06:30";99.94;"A";4211.73;"A";4214.73;"A";12.84;"A";7.89;"A";5.33;"A";26.55;"A";41.23;"A";29;"A";21.17;"A";47.25;"A";1014.6;"A";20;"A";0;"A";9;"A";119;"A";0;"A";273.33;"A"
"2025-06-07 06:45";99.96;"A";4211.93;"A";4215.07;"A";12.02;"A";7.6;"A";5.49;"A";27.89;"A";39.1;"A";29;"A";22.22;"A";45.46;"A";1014.5;"A";21;"A";0;"A";8;"A";117;"A";0.33;"A";230;"A"
"2025-06-07 07:00";99.98;"A";4212.73;"A";4215.53;"A";13.33;"A";8.64;"A";5.98;"A";29.15;"A";37.36;"A";30;"A";23.2;"A";44.34;"A";1014.71;"A";22;"A";0;"A";7;"A";128;"A";0;"A";223.33;"A"
"2025-06-07 07:15";99.98;"A";4212.67;"A";4215.6;"A";12.47;"A";8.2;"A";5.93;"A";30.42;"A";35.79;"A";30;"A";24.17;"A";42.93;"A";1014.73;"A";24;"A";0;"A";7;"A";129;"A";0.67;"A";330;"A"
"2025-06-07 07:30";99.99;"A";4212.6;"A";4215;"A";12.62;"A";8.85;"A";6.11;"A";31.49;"A";34.69;"A";32;"A";24.84;"A";42.51;"A";1014.74;"A";25;"A";0;"A";7;"A";132;"A";0;"A";236.67;"A"
"2025-06-07 07:45";99.99;"A";4212.6;"A";4215.13;"A";13.58;"A";8.78;"A";5.98;"A";32.37;"A";34.48;"A";31;"A";25.55;"A";42.83;"A";1014.96;"A";25;"A";0;"A";6;"A";139;"A";0;"A";256.67;"A"
"2025-06-07 08:00";100;"A";4212.6;"A";4215.33;"A";14.34;"A";8.3;"A";5.93;"A";33.34;"A";33.72;"A";30;"A";26.37;"A";41.97;"A";1014.75;"A";25;"A";0;"A";6;"A";143;"A";0;"A";73.33;"A"
"2025-06-07 08:15";99.94;"A";4200.13;"A";4201.47;"A";12.2;"A";8.43;"A";6.06;"A";34.25;"A";32.71;"A";31;"A";27.4;"A";40.69;"A";1014.85;"A";25;"A";0;"A";6;"A";142;"A";0.33;"A";126.67;"A"
"2025-06-07 08:30";99.88;"A";4210.93;"A";4215.07;"A";11.92;"A";7.61;"A";5.36;"A";35.14;"A";30.72;"A";33;"A";28.26;"A";37.96;"A";1014.97;"A";27;"A";0;"A";5;"A";127;"A";0;"A";190;"A"
"2025-06-07 08:45";99.92;"A";4211.67;"A";4214.73;"A";11.16;"A";6.8;"A";4.74;"A";36.18;"A";28.21;"A";36;"A";29.14;"A";35.74;"A";1014.94;"A";29;"A";0;"A";7;"A";114;"A";0;"A";256.67;"A"
"2025-06-07 09:00";99.95;"A";4211.6;"A";4214.93;"A";10.19;"A";6.04;"A";4.4;"A";37.11;"A";26.71;"A";36;"A";30.06;"A";33.57;"A";1014.89;"A";30;"A";0;"A";6;"A";112;"A";0.33;"A";270;"A"
"2025-06-07 09:15";99.96;"A";4211.6;"A";4215.13;"A";7.85;"A";5.57;"A";3.96;"A";38.12;"A";24.04;"A";38;"A";31.08;"A";30.09;"A";1014.78;"A";32;"A";0;"A";7;"A";103;"A";0;"A";263.33;"A"
"2025-06-07 09:30";99.97;"A";4211.73;"A";4214.93;"A";9.13;"A";5.23;"A";3.66;"A";39.05;"A";22.31;"A";41;"A";32.08;"A";28.76;"A";1014.83;"A";33;"A";0;"A";8;"A";125;"A";0;"A";200;"A"
"2025-06-07 09:45";99.98;"A";4211.73;"A";4214.93;"A";7.73;"A";4.55;"A";3.3;"A";40.04;"A";20.01;"A";41;"A";32.85;"A";25.57;"A";1014.74;"A";34;"A";0;"A";7;"A";97;"A";0;"A";163.33;"A"
"2025-06-07 10:00";99.98;"A";4212;"A";4216;"A";7.25;"A";4.43;"A";3.08;"A";40.91;"A";17.98;"A";42;"A";33.42;"A";23.97;"A";1014.55;"A";34;"A";0;"A";8;"A";100;"A";0.33;"A";196.67;"A"
"2025-06-07 10:15";99.97;"A";4205.33;"A";4207.53;"A";7.49;"A";4.38;"A";3.07;"A";41.55;"A";17.12;"A";44;"A";33.7;"A";23.73;"A";1014.6;"A";36;"A";0;"A";8;"A";101;"A";0.33;"A";196.67;"A"
"2025-06-07 10:30";99.84;"A";4202.6;"A";4205.33;"A";7.89;"A";4.63;"A";3.15;"A";41.99;"A";17.31;"A";43;"A";34.1;"A";24.2;"A";1014.78;"A";36;"A";0;"A";7;"A";111;"A";0;"A";180;"A"
"2025-06-07 10:45";99.88;"A";4210.53;"A";4214.27;"A";9.89;"A";6.17;"A";4.68;"A";42.4;"A";16.85;"A";43;"A";34.68;"A";23.43;"A";1014.78;"A";37;"A";1;"A";6;"A";170;"A";0.33;"A";113.33;"A"
"2025-06-07 11:00";99.92;"A";4211.13;"A";4214.87;"A";8.65;"A";5.14;"A";3.44;"A";42.7;"A";16.15;"A";46;"A";34.64;"A";23.14;"A";1014.84;"A";38;"A";0;"A";7;"A";100;"A";0.33;"A";123.33;"A"
"2025-06-07 11:15";99.94;"A";4211.53;"A";4215;"A";8.83;"A";4.6;"A";3.41;"A";42.79;"A";15.35;"A";46;"A";35.02;"A";22.22;"A";1014.62;"A";38;"A";0;"A";8;"A";90;"A";0.67;"A";130;"A"
"2025-06-07 11:30";99.96;"A";4211.87;"A";4215.53;"A";9.32;"A";6.12;"A";4.58;"A";42.87;"A";15.52;"A";47;"A";35.41;"A";22.16;"A";1014.71;"A";39;"A";0;"A";8;"A";112;"A";0.33;"A";170;"A"
"2025-06-07 11:45";99.97;"A";4211.8;"A";4215;"A";10.85;"A";7.05;"A";4.72;"A";43;"A";15.3;"A";47;"A";35.52;"A";21.1;"A";1014.73;"A";39;"A";0;"A";8;"A";128;"A";0;"A";103.33;"A"
"2025-06-07 12:00";99.98;"A";4211.67;"A";4214.73;"A";12.11;"A";7.32;"A";5.43;"A";43.1;"A";14.85;"A";48;"A";35.57;"A";21.23;"A";1014.69;"A";42;"A";0;"A";6;"A";124;"A";0.33;"A";103.33;"A"
"2025-06-07 12:15";99.99;"A";4211.6;"A";4215;"A";11.35;"A";7.21;"A";5.03;"A";43.23;"A";14.86;"A";46;"A";35.99;"A";21.28;"A";1014.69;"A";40;"A";0;"A";7;"A";125;"A";0.33;"A";116.67;"A"
"2025-06-07 12:30";99.99;"A";4211.53;"A";4215.07;"A";12.53;"A";8.15;"A";5.7;"A";43.33;"A";14.68;"A";47;"A";35.79;"A";21.19;"A";1014.54;"A";41;"A";0;"A";6;"A";119;"A";0.67;"A";110;"A"
"2025-06-07 12:45";100;"A";4211.87;"A";4214.93;"A";11.39;"A";8.08;"A";6.01;"A";43.38;"A";14.87;"A";44;"A";36.03;"A";21.35;"A";1014.48;"A";39;"A";0;"A";6;"A";265;"A";0.67;"A";123.33;"A"
"2025-06-07 13:00";100;"A";4211.93;"A";4215.67;"A";12.61;"A";7.04;"A";5.12;"A";43.48;"A";14.86;"A";45;"A";36.25;"A";21.48;"A";1014.54;"A";40;"A";0;"A";5;"A";165;"A";0;"A";113.33;"A"
"2025-06-07 13:15";100;"A";4211.93;"A";4215.27;"A";12.27;"A";7.04;"A";5.06;"A";43.57;"A";14.53;"A";45;"A";36.36;"A";20.85;"A";1014.47;"A";39;"A";0;"A";6;"A";123;"A";0;"A";126.67;"A"
"2025-06-07 13:30";100;"A";4211.73;"A";4215;"A";10.65;"A";7.15;"A";5.12;"A";43.61;"A";14.57;"A";45;"A";36.06;"A";21.92;"A";1014.29;"A";39;"A";0;"A";6;"A";125;"A";0.67;"A";203.33;"A"
"2025-06-07 13:45";100;"A";4211.67;"A";4214.93;"A";11.59;"A";7.1;"A";4.85;"A";43.47;"A";14.65;"A";45;"A";35.74;"A";21.6;"A";1014.08;"A";40;"A";0;"A";5;"A";110;"A";1;"A";130;"A"
"2025-06-07 14:00";100;"A";4211.67;"A";4215;"A";11.22;"A";6.76;"A";4.82;"A";43.13;"A";15.32;"A";44;"A";35.34;"A";21.84;"A";1014.03;"A";39;"A";0;"A";5;"A";114;"A";0.67;"A";110;"A"
"2025-06-07 14:15";100;"A";4211.8;"A";4214.93;"A";15.27;"A";7.71;"A";5.22;"A";42.71;"A";15.67;"A";44;"A";35.18;"A";22.16;"A";1013.82;"A";39;"A";0;"A";5;"A";189;"A";0.67;"A";126.67;"A"
"2025-06-07 14:30";100;"A";4211.93;"A";4215.73;"A";10.75;"A";6.53;"A";4.56;"A";42.35;"A";16.22;"A";44;"A";34.93;"A";22.43;"A";1013.61;"A";39;"A";0;"A";4;"A";103;"A";1.33;"A";136.67;"A"
"2025-06-07 14:45";100;"A";4212;"A";4215.4;"A";11.17;"A";6.64;"A";4.71;"A";42.06;"A";16.73;"A";44;"A";34.9;"A";22.86;"A";1013.45;"A";40;"A";0;"A";4;"A";116;"A";0.33;"A";80;"A"
"2025-06-07 15:00";100;"A";4212;"A";4215.13;"A";10.47;"A";6.74;"A";4.76;"A";41.86;"A";16.77;"A";44;"A";34.76;"A";22.39;"A";1013.34;"A";39;"A";0;"A";5;"A";127;"A";0.33;"A";133.33;"A"
"2025-06-07 15:15";100;"A";4211.93;"A";4215;"A";11.6;"A";6.92;"A";4.9;"A";41.71;"A";16.71;"A";44;"A";34.76;"A";22.56;"A";1013.31;"A";40;"A";0;"A";5;"A";100;"A";0;"A";126.67;"A"
"2025-06-07 15:30";100;"A";4212;"A";4215.13;"A";11.57;"A";7.17;"A";4.89;"A";41.6;"A";16.95;"A";44;"A";34.64;"A";22.61;"A";1013.08;"A";40;"A";0;"A";4;"A";114;"A";0.33;"A";116.67;"A"
"2025-06-07 15:45";100;"A";4212.2;"A";4215.4;"A";15.71;"A";8.33;"A";5.73;"A";41.48;"A";16.97;"A";44;"A";34.52;"A";22.51;"A";1012.89;"A";39;"A";0;"A";5;"A";105;"A";0.67;"A";130;"A"
"2025-06-07 16:00";100;"A";4212.47;"A";4215.4;"A";11.92;"A";6.84;"A";4.88;"A";41.35;"A";16.96;"A";45;"A";34.5;"A";22.8;"A";1012.76;"A";40;"A";0;"A";5;"A";97;"A";0;"A";120;"A"
"2025-06-07 16:15";100;"A";4212.2;"A";4215.47;"A";12.07;"A";6.82;"A";4.98;"A";41.25;"A";17.33;"A";43;"A";34.38;"A";22.83;"A";1012.71;"A";39;"A";0;"A";4;"A";115;"A";0.33;"A";123.33;"A"
"2025-06-07 16:30";100;"A";4212.33;"A";4215.4;"A";13.36;"A";7.78;"A";5.28;"A";41.14;"A";17.28;"A";44;"A";34.32;"A";22.77;"A";1012.65;"A";39;"A";0;"A";4;"A";100;"A";0.67;"A";126.67;"A"
"2025-06-07 16:45";100;"A";4212.4;"A";4215.07;"A";13.25;"A";8.21;"A";5.47;"A";41.02;"A";17.2;"A";45;"A";34.13;"A";22.53;"A";1012.53;"A";40;"A";0;"A";5;"A";145;"A";0.67;"A";100;"A"
"2025-06-07 17:00";100;"A";4212.4;"A";4215;"A";12.93;"A";7.74;"A";5.68;"A";40.85;"A";17.63;"A";44;"A";33.91;"A";23.18;"A";1012.4;"A";40;"A";0;"A";5;"A";146;"A";0.67;"A";130;"A"
"2025-06-07 17:15";100;"A";4212.27;"A";4215.4;"A";11.92;"A";7.65;"A";5.36;"A";40.7;"A";17.97;"A";44;"A";33.97;"A";23.31;"A";1012.25;"A";39;"A";0;"A";5;"A";110;"A";0.33;"A";123.33;"A"
"2025-06-07 17:30";100;"A";4212.87;"A";4216.13;"A";11.36;"A";7.29;"A";5.33;"A";40.6;"A";17.83;"A";46;"A";33.86;"A";22.77;"A";1012.09;"A";41;"A";0;"A";4;"A";101;"A";0.33;"A";126.67;"A"
"2025-06-07 17:45";100;"A";4212.67;"A";4215.53;"A";12.26;"A";7.62;"A";5.51;"A";40.51;"A";18.07;"A";46;"A";33.75;"A";23.42;"A";1011.86;"A";41;"A";0;"A";5;"A";126;"A";0;"A";126.67;"A"
"2025-06-07 18:00";100;"A";4212.33;"A";4215.07;"A";13.63;"A";8.64;"A";6.02;"A";40.41;"A";18.51;"A";45;"A";33.72;"A";23.76;"A";1011.87;"A";40;"A";0;"A";5;"A";137;"A";0;"A";96.67;"A"
"2025-06-07 18:15";100;"A";4212.33;"A";4214.87;"A";13.73;"A";8.22;"A";5.91;"A";40.3;"A";18.64;"A";44;"A";33.56;"A";23.96;"A";1011.94;"A";40;"A";0;"A";4;"A";129;"A";0.33;"A";133.33;"A"
"2025-06-07 18:30";100;"A";4212.53;"A";4215.2;"A";12.7;"A";8.31;"A";5.91;"A";40.18;"A";18.8;"A";44;"A";33.39;"A";24.67;"A";1011.82;"A";39;"A";0;"A";5;"A";142;"A";0;"A";130;"A"
"2025-06-07 18:45";100;"A";4212.6;"A";4215.4;"A";16.67;"A";9.74;"A";6.72;"A";40.02;"A";19.06;"A";43;"A";33.22;"A";24.24;"A";1011.79;"A";39;"A";0;"A";5;"A";180;"A";0.33;"A";130;"A"
"2025-06-07 19:00";100;"A";4212.8;"A";4215.8;"A";14.97;"A";8.91;"A";6.29;"A";39.85;"A";19.22;"A";44;"A";32.98;"A";24.75;"A";1011.77;"A";39;"A";0;"A";5;"A";141;"A";0.33;"A";126.67;"A"
"2025-06-07 19:15";100;"A";4212.67;"A";4215.33;"A";15.52;"A";9.18;"A";6.59;"A";39.63;"A";19.37;"A";43;"A";32.77;"A";24.83;"A";1011.58;"A";38;"A";0;"A";5;"A";189;"A";0;"A";123.33;"A"
"2025-06-07 19:30";100;"A";4212.53;"A";4215.33;"A";16.93;"A";10.11;"A";6.9;"A";39.41;"A";20.07;"A";43;"A";32.48;"A";25.88;"A";1011.47;"A";39;"A";0;"A";5;"A";173;"A";0;"A";120;"A"
"2025-06-07 19:45";100;"A";4212.6;"A";4215.27;"A";18.88;"A";11.13;"A";7.82;"A";39.16;"A";20.59;"A";42;"A";32.24;"A";26.28;"A";1011.67;"A";36;"A";0;"A";5;"A";192;"A";0;"A";150;"A"
"2025-06-07 20:00";100;"A";4212.6;"A";4215.2;"A";25.38;"A";16.85;"A";11.67;"A";38.85;"A";21.45;"A";41;"A";31.79;"A";28.02;"A";1011.64;"A";35;"A";0;"A";6;"A";218;"A";0;"A";173.33;"A"
"2025-06-07 20:15";100;"A";4212.6;"A";4215.2;"A";34.3;"A";22.72;"A";15.58;"A";38.44;"A";22.66;"A";38;"A";31.23;"A";29.31;"A";1011.71;"A";32;"A";0;"A";6;"A";255;"A";0;"A";126.67;"A"
"2025-06-07 20:30";100;"A";4212.87;"A";4216.2;"A";39.89;"A";23.61;"A";15.89;"A";37.96;"A";24.45;"A";35;"A";30.6;"A";32;"A";1011.67;"A";28;"A";1;"A";7;"A";296;"A";0;"A";136.67;"A"
"2025-06-07 20:45";100;"A";4212.73;"A";4215.93;"A";31.84;"A";21.03;"A";14.4;"A";37.37;"A";26.29;"A";32;"A";29.8;"A";34.6;"A";1011.57;"A";24;"A";1;"A";8;"A";345;"A";0;"A";126.67;"A"
"2025-06-07 21:00";100;"A";4212.53;"A";4215.2;"A";34.51;"A";21.03;"A";14.45;"A";36.67;"A";27.95;"A";32;"A";29.05;"A";36.43;"A";1011.79;"A";16;"A";1;"A";16;"A";475;"A";0;"A";253.33;"A"
"2025-06-07 21:15";100;"A";4212.6;"A";4214.87;"A";36.22;"A";21.28;"A";14.56;"A";35.95;"A";27.88;"A";35;"A";28.37;"A";36.5;"A";1011.99;"A";18;"A";0;"A";17;"A";485;"A";0.33;"A";250;"A"
"2025-06-07 21:30";100;"A";4212.6;"A";4215.13;"A";34.99;"A";20.53;"A";13.63;"A";35.27;"A";29.68;"A";32;"A";27.91;"A";38.06;"A";1012.14;"A";12;"A";1;"A";20;"A";518;"A";0;"A";166.67;"A"
"2025-06-07 21:45";99.97;"A";4205.4;"A";4206.87;"A";28.64;"A";17.14;"A";11.57;"A";34.71;"A";29.92;"A";30;"A";27.43;"A";38.06;"A";1012.22;"A";22;"A";1;"A";8;"A";333;"A";0;"A";143.33;"A"
"2025-06-07 22:00";99.92;"A";4211.8;"A";4215.2;"A";22.78;"A";13.13;"A";9.27;"A";34.22;"A";30;"A";32;"A";27.1;"A";37.73;"A";1012.22;"A";25;"A";0;"A";6;"A";245;"A";0;"A";320;"A"
"2025-06-07 22:15";99.95;"A";4211.73;"A";4215.27;"A";20.67;"A";12.27;"A";8.52;"A";33.76;"A";30.41;"A";32;"A";26.67;"A";38.15;"A";1012.24;"A";25;"A";0;"A";7;"A";224;"A";0;"A";300;"A"
"2025-06-07 22:30";99.97;"A";4211.8;"A";4214.93;"A";20.52;"A";11.65;"A";7.86;"A";33.33;"A";30.95;"A";31;"A";26.28;"A";39.19;"A";1012.15;"A";25;"A";0;"A";6;"A";201;"A";0;"A";170;"A"
"2025-06-07 22:45";99.99;"A";4212.4;"A";4215.2;"A";18.09;"A";10.9;"A";7.75;"A";32.9;"A";32.1;"A";27;"A";25.77;"A";40.14;"A";1012.4;"A";22;"A";1;"A";5;"A";195;"A";0;"A";120;"A"
"2025-06-07 23:00";100;"A";4212.6;"A";4215.2;"A";18.08;"A";11.08;"A";7.35;"A";32.55;"A";31.83;"A";32;"A";25.63;"A";39.38;"A";1012.58;"A";26;"A";0;"A";5;"A";165;"A";0;"A";173.33;"A"
"2025-06-07 23:15";100;"A";4212.6;"A";4215.13;"A";16.45;"A";9.85;"A";6.56;"A";32.26;"A";31.69;"A";33;"A";25.39;"A";39.02;"A";1012.7;"A";29;"A";0;"A";4;"A";135;"A";0;"A";276.67;"A"
"2025-06-07 23:30";100;"A";4212.8;"A";4215.4;"A";15.79;"A";8.91;"A";5.87;"A";31.96;"A";32.17;"A";33;"A";25.01;"A";39.87;"A";1012.71;"A";29;"A";0;"A";4;"A";123;"A";0;"A";293.33;"A"
"2025-06-07 23:45";100;"A";4213;"A";4215.6;"A";14.15;"A";8.78;"A";5.94;"A";31.57;"A";33.3;"A";30;"A";24.49;"A";41.72;"A";1012.66;"A";26;"A";0;"A";4;"A";124;"A";0.33;"A";216.67;"A"
"2025-06-08 00:00";100;"A";4212.67;"A";4215.13;"A";14.14;"A";8.21;"A";5.66;"A";31.19;"A";33.69;"A";32;"A";24.23;"A";41.63;"A";1012.51;"A";28;"A";0;"A";4;"A";122;"A";0;"A";213.33;"A"
"2025-06-08 00:15";100;"A";4212.73;"A";4215.07;"A";12.24;"A";8;"A";5.42;"A";30.83;"A";34.26;"A";32;"A";23.93;"A";42.43;"A";1012.5;"A";28;"A";0;"A";4;"A";124;"A";0;"A";246.67;"A"
"2025-06-08 00:30";100;"A";4212.6;"A";4215;"A";12.78;"A";8.25;"A";5.59;"A";30.49;"A";35.12;"A";33;"A";23.46;"A";44.27;"A";1012.36;"A";28;"A";0;"A";5;"A";126;"A";0.67;"A";336.67;"A"
"2025-06-08 00:45";100;"A";4212.6;"A";4215;"A";13.13;"A";7.55;"A";5.03;"A";30.1;"A";36.06;"A";30;"A";23.21;"A";44.36;"A";1012.47;"A";27;"A";0;"A";4;"A";122;"A";0;"A";240;"A"
"2025-06-08 01:00";100;"A";4212.73;"A";4215.33;"A";12.53;"A";7.47;"A";5.17;"A";29.79;"A";36.05;"A";32;"A";22.9;"A";44.64;"A";1012.53;"A";28;"A";0;"A";4;"A";116;"A";0.33;"A";230;"A"
"2025-06-08 01:15";100;"A";4213;"A";4215.6;"A";11.83;"A";7.05;"A";5.04;"A";29.51;"A";36.98;"A";31;"A";22.63;"A";46.14;"A";1012.53;"A";27;"A";0;"A";5;"A";123;"A";0.33;"A";333.33;"A"
"2025-06-08 01:30";100;"A";4212.73;"A";4214.73;"A";11.52;"A";7.59;"A";5.17;"A";29.24;"A";37.52;"A";30;"A";22.37;"A";46.62;"A";1012.54;"A";26;"A";0;"A";4;"A";122;"A";0;"A";223.33;"A"
"2025-06-08 01:45";100;"A";4211.2;"A";4213.27;"A";13.43;"A";7.63;"A";5.11;"A";28.95;"A";37.66;"A";31;"A";22.08;"A";46.65;"A";1012.4;"A";27;"A";0;"A";4;"A";117;"A";0.33;"A";260;"A"
"2025-06-08 02:00";99.86;"A";4196.93;"A";4197.2;"A";12.48;"A";7.7;"A";5.16;"A";28.68;"A";38.21;"A";31;"A";21.78;"A";47.63;"A";1012.35;"A";27;"A";0;"A";4;"A";120;"A";0;"A";320;"A"
"2025-06-08 02:15";99.87;"A";4210.93;"A";4214;"A";12.44;"A";7.63;"A";5.02;"A";28.37;"A";38.87;"A";31;"A";21.47;"A";48.38;"A";1012.39;"A";26;"A";0;"A";4;"A";114;"A";0.33;"A";266.67;"A"
"2025-06-08 02:30";99.92;"A";4211.73;"A";4214.07;"A";12.24;"A";7.56;"A";5.11;"A";28.08;"A";39.37;"A";30;"A";21.2;"A";48.95;"A";1012.42;"A";26;"A";0;"A";4;"A";114;"A";0;"A";303.33;"A"
"2025-06-08 02:45";99.95;"A";4212.2;"A";4215.87;"A";12.02;"A";7.77;"A";5.29;"A";27.82;"A";39.93;"A";31;"A";20.94;"A";49.92;"A";1012.38;"A";26;"A";0;"A";4;"A";114;"A";0;"A";320;"A"
"2025-06-08 03:00";99.97;"A";4212.6;"A";4215.07;"A";11.97;"A";7.68;"A";5.26;"A";27.54;"A";40.78;"A";30;"A";20.65;"A";50.96;"A";1012.39;"A";25;"A";0;"A";4;"A";116;"A";0.33;"A";326.67;"A"
"2025-06-08 03:15";99.98;"A";4212.6;"A";4214.87;"A";12.47;"A";7.52;"A";5.15;"A";27.27;"A";41.86;"A";29;"A";20.36;"A";53.11;"A";1012.25;"A";24;"A";0;"A";5;"A";118;"A";0.67;"A";316.67;"A"
"2025-06-08 03:30";99.92;"A";4203.33;"A";4204.2;"A";13.7;"A";7.96;"A";5.44;"A";26.98;"A";43.53;"A";26;"A";19.94;"A";54.83;"A";1012.34;"A";22;"A";0;"A";4;"A";129;"A";0.67;"A";330;"A"
"2025-06-08 03:45";99.92;"A";4211.67;"A";4214.53;"A";12.89;"A";7.8;"A";5.24;"A";26.66;"A";43.24;"A";26;"A";19.89;"A";53.51;"A";1012.52;"A";22;"A";0;"A";4;"A";116;"A";0.33;"A";253.33;"A"
"2025-06-08 04:00";99.95;"A";4211.93;"A";4214.4;"A";11.42;"A";7.48;"A";5.29;"A";26.45;"A";43.71;"A";28;"A";19.63;"A";54.66;"A";1012.48;"A";23;"A";0;"A";5;"A";117;"A";0.67;"A";310;"A"
"2025-06-08 04:15";99.97;"A";4212.67;"A";4215.27;"A";12.11;"A";8.14;"A";5.29;"A";26.22;"A";43.79;"A";28;"A";19.47;"A";54.68;"A";1012.51;"A";23;"A";0;"A";5;"A";113;"A";0;"A";316.67;"A"
"2025-06-08 04:30";99.99;"A";4212.73;"A";4214.87;"A";12.1;"A";7.6;"A";5.59;"A";26.03;"A";45.04;"A";27;"A";19.16;"A";57.31;"A";1012.47;"A";22;"A";0;"A";5;"A";120;"A";1;"A";333.33;"A"
"2025-06-08 04:45";100;"A";4212.67;"A";4215.07;"A";13.15;"A";8;"A";5.57;"A";25.8;"A";44.79;"A";28;"A";19.07;"A";55.16;"A";1012.59;"A";24;"A";0;"A";4;"A";112;"A";0.33;"A";316.67;"A"
"2025-06-08 05:00";100;"A";4212.73;"A";4214.87;"A";13;"A";8.2;"A";5.29;"A";25.63;"A";44.42;"A";31;"A";18.97;"A";55.12;"A";1012.71;"A";26;"A";0;"A";5;"A";105;"A";0.67;"A";320;"A"
"2025-06-08 05:15";99.99;"A";4206.4;"A";4207.73;"A";11.62;"A";7.28;"A";5.27;"A";25.48;"A";44.72;"A";31;"A";18.91;"A";55.58;"A";1012.76;"A";25;"A";0;"A";6;"A";109;"A";0.33;"A";306.67;"A"
"2025-06-08 05:30";99.78;"A";4183.8;"A";4183.2;"A";13.67;"A";8.51;"A";5.88;"A";25.4;"A";45.26;"A";30;"A";18.81;"A";56.06;"A";1012.78;"A";25;"A";0;"A";5;"A";111;"A";1;"A";323.33;"A"
"2025-06-08 05:45";99.77;"A";4210.13;"A";4213.53;"A";13.1;"A";7.95;"A";5.47;"A";25.36;"A";45.15;"A";31;"A";18.89;"A";55.74;"A";1012.8;"A";26;"A";0;"A";6;"A";107;"A";1;"A";320;"A"
"2025-06-08 06:00";99.86;"A";4211;"A";4214.33;"A";13.24;"A";8.11;"A";5.25;"A";25.4;"A";45.2;"A";32;"A";19.21;"A";54.79;"A";1012.77;"A";26;"A";0;"A";6;"A";104;"A";0.33;"A";246.67;"A"
"2025-06-08 06:15";99.91;"A";4211.73;"A";4214.27;"A";12.17;"A";7.42;"A";5.36;"A";25.83;"A";44.98;"A";30;"A";20.02;"A";53.35;"A";1012.85;"A";24;"A";0;"A";6;"A";113;"A";0;"A";186.67;"A"
"2025-06-08 06:30";99.95;"A";4211.67;"A";4214.67;"A";12.85;"A";7.56;"A";5.21;"A";26.94;"A";42.93;"A";31;"A";21.41;"A";49.95;"A";1012.62;"A";25;"A";0;"A";6;"A";108;"A";0;"A";220;"A"
"2025-06-08 06:45";99.97;"A";4212;"A";4214.6;"A";12.45;"A";7.46;"A";5.09;"A";28.43;"A";40.12;"A";34;"A";22.88;"A";46.15;"A";1012.74;"A";27;"A";0;"A";7;"A";106;"A";0;"A";146.67;"A"
"2025-06-08 07:00";99.98;"A";4212.53;"A";4215;"A";14.23;"A";7.32;"A";5.12;"A";30.03;"A";37.58;"A";35;"A";24.16;"A";44.12;"A";1012.77;"A";28;"A";0;"A";7;"A";105;"A";0;"A";263.33;"A"
"2025-06-08 07:15";99.99;"A";4212.47;"A";4215.27;"A";14.64;"A";7.96;"A";5.12;"A";31.49;"A";35.28;"A";36;"A";25.15;"A";42.08;"A";1012.78;"A";29;"A";0;"A";6;"A";101;"A";0;"A";246.67;"A"
"2025-06-08 07:30";99.99;"A";4208.33;"A";4211.27;"A";11.65;"A";6.85;"A";4.57;"A";32.81;"A";33.08;"A";38;"A";26.1;"A";40.38;"A";1012.84;"A";31;"A";0;"A";7;"A";110;"A";0;"A";326.67;"A"
"2025-06-08 07:45";99.9;"A";4207.27;"A";4209.87;"A";11.4;"A";6.54;"A";4.49;"A";33.96;"A";31.6;"A";37;"A";27.22;"A";39.01;"A";1012.88;"A";30;"A";0;"A";7;"A";112;"A";0;"A";253.33;"A"
"2025-06-08 08:00";99.93;"A";4211.53;"A";4215;"A";11.93;"A";6.3;"A";4.38;"A";35.18;"A";29.64;"A";38;"A";28.3;"A";36.72;"A";1012.91;"A";31;"A";0;"A";7;"A";110;"A";0;"A";240;"A"
"2025-06-08 08:15";99.95;"A";4211.8;"A";4214.8;"A";9.58;"A";5.55;"A";3.96;"A";36.36;"A";27.83;"A";40;"A";29.32;"A";35.26;"A";1012.94;"A";33;"A";0;"A";7;"A";101;"A";0;"A";253.33;"A"
"2025-06-08 08:30";99.97;"A";4211.73;"A";4215.27;"A";8.95;"A";5.22;"A";3.61;"A";37.46;"A";25.86;"A";41;"A";30.3;"A";32.68;"A";1012.92;"A";34;"A";0;"A";8;"A";103;"A";0;"A";200;"A"
"2025-06-08 08:45";99.98;"A";4211.8;"A";4214.8;"A";9.19;"A";5.05;"A";3.46;"A";38.39;"A";23.6;"A";43;"A";30.95;"A";30.71;"A";1012.95;"A";36;"A";0;"A";7;"A";118;"A";0;"A";130;"A"
"2025-06-08 09:00";99.93;"A";4194.73;"A";4196.67;"A";7.95;"A";5.07;"A";3.47;"A";39.3;"A";21.89;"A";43;"A";31.43;"A";28.84;"A";1012.91;"A";35;"A";0;"A";8;"A";89;"A";0;"A";190;"A"
"2025-06-08 09:15";99.83;"A";4210.47;"A";4213.93;"A";7.95;"A";4.99;"A";3.44;"A";40.03;"A";20.58;"A";44;"A";32.34;"A";27.42;"A";1012.66;"A";34;"A";0;"A";11;"A";104;"A";0;"A";273.33;"A"
"2025-06-08 09:30";99.89;"A";4210.87;"A";4214.47;"A";8.68;"A";5.28;"A";3.63;"A";40.55;"A";19.51;"A";44;"A";32.29;"A";26.63;"A";1012.67;"A";34;"A";0;"A";11;"A";99;"A";0;"A";123.33;"A"
"2025-06-08 09:45";99.92;"A";4211.53;"A";4214.87;"A";9.78;"A";5.43;"A";3.68;"A";40.93;"A";18.12;"A";45;"A";32.91;"A";24.42;"A";1012.65;"A";32;"A";0;"A";13;"A";96;"A";0;"A";103.33;"A"
"2025-06-08 10:00";99.95;"A";4211.67;"A";4214.73;"A";11.24;"A";5.71;"A";3.72;"A";41.42;"A";16.56;"A";45;"A";33.51;"A";22.51;"A";1012.69;"A";33;"A";0;"A";12;"A";86;"A";0;"A";90;"A"
"2025-06-08 10:15";99.96;"A";4211.6;"A";4214.87;"A";15.15;"A";6.77;"A";4.05;"A";41.96;"A";16.05;"A";45;"A";34.06;"A";22.32;"A";1012.59;"A";33;"A";0;"A";11;"A";94;"A";0.67;"A";106.67;"A"
"2025-06-08 10:30";99.97;"A";4211.93;"A";4215.73;"A";9.31;"A";4.96;"A";3.24;"A";42.43;"A";14.89;"A";45;"A";34.77;"A";21.21;"A";1012.59;"A";37;"A";0;"A";8;"A";125;"A";0.33;"A";93.33;"A"
"2025-06-08 10:45";99.98;"A";4211.8;"A";4215.4;"A";10.81;"A";5.65;"A";3.78;"A";42.7;"A";14.28;"A";47;"A";34.8;"A";20.53;"A";1012.44;"A";38;"A";0;"A";9;"A";84;"A";0;"A";86.67;"A"
"2025-06-08 11:00";99.98;"A";4211.67;"A";4215.13;"A";12.25;"A";5.99;"A";3.77;"A";42.92;"A";13.88;"A";48;"A";34.95;"A";20.4;"A";1012.42;"A";39;"A";0;"A";9;"A";85;"A";0.33;"A";126.67;"A"
"2025-06-08 11:15";99.99;"A";4211.73;"A";4214.8;"A";11.79;"A";6.29;"A";4.32;"A";43.13;"A";14.64;"A";48;"A";35.54;"A";21.2;"A";1012.56;"A";41;"A";0;"A";7;"A";128;"A";0;"A";90;"A"
"2025-06-08 11:30";99.99;"A";4211.6;"A";4215.07;"A";11.33;"A";7.01;"A";4.84;"A";43.19;"A";14.86;"A";47;"A";35.45;"A";21.7;"A";1012.43;"A";42;"A";0;"A";6;"A";124;"A";0.33;"A";126.67;"A"
"2025-06-08 11:45";99.99;"A";4211.67;"A";4214.67;"A";10.2;"A";6.58;"A";4.53;"A";43.07;"A";15.34;"A";47;"A";35.45;"A";21.9;"A";1012.31;"A";41;"A";0;"A";6;"A";100;"A";0;"A";116.67;"A"
"2025-06-08 12:00";100;"A";4211.87;"A";4215.73;"A";9.7;"A";5.41;"A";3.79;"A";43.13;"A";15.61;"A";46;"A";35.72;"A";22.22;"A";1012.27;"A";41;"A";0;"A";5;"A";103;"A";0;"A";106.67;"A"
"2025-06-08 12:15";100;"A";4211.87;"A";4215.6;"A";10.59;"A";5.77;"A";3.95;"A";43.18;"A";15.32;"A";46;"A";35.79;"A";21.87;"A";1012.16;"A";40;"A";0;"A";5;"A";97;"A";0;"A";123.33;"A"
"2025-06-08 12:30";100;"A";4211.67;"A";4215.27;"A";12.23;"A";6.96;"A";4.7;"A";43.28;"A";15.37;"A";45;"A";36.1;"A";21.84;"A";1012.03;"A";40;"A";0;"A";5;"A";102;"A";0;"A";93.33;"A"
"2025-06-08 12:45";100;"A";4211.6;"A";4215;"A";12.6;"A";7.3;"A";5.19;"A";43.45;"A";14.96;"A";46;"A";36.17;"A";21.66;"A";1011.92;"A";41;"A";0;"A";5;"A";93;"A";0;"A";90;"A"
"2025-06-08 13:00";100;"A";4211.87;"A";4215.53;"A";12.7;"A";7.05;"A";5.03;"A";43.6;"A";14.99;"A";44;"A";36.36;"A";21.38;"A";1011.66;"A";39;"A";0;"A";5;"A";114;"A";0.67;"A";126.67;"A"
"2025-06-08 13:15";100;"A";4211.67;"A";4214.6;"A";12.33;"A";7.11;"A";5.15;"A";43.69;"A";14.59;"A";45;"A";36.34;"A";21.02;"A";1011.52;"A";39;"A";0;"A";6;"A";150;"A";0.67;"A";113.33;"A"
"2025-06-08 13:30";100;"A";4211.87;"A";4215.67;"A";10.77;"A";6.02;"A";4.66;"A";43.71;"A";14.59;"A";45;"A";36.23;"A";21.23;"A";1011.36;"A";40;"A";0;"A";5;"A";95;"A";0.67;"A";120;"A"
"2025-06-08 13:45";100;"A";4211.8;"A";4215.53;"A";11.77;"A";7.55;"A";5.68;"A";43.67;"A";14.68;"A";46;"A";36.2;"A";21.42;"A";1011.26;"A";39;"A";0;"A";7;"A";127;"A";0.67;"A";110;"A"
"2025-06-08 14:00";100;"A";4211.73;"A";4215.2;"A";11.21;"A";6.51;"A";4.61;"A";43.42;"A";14.98;"A";43;"A";35.97;"A";21.51;"A";1011.21;"A";39;"A";0;"A";4;"A";97;"A";0.33;"A";106.67;"A"
"2025-06-08 14:15";100;"A";4211.73;"A";4214.93;"A";12.52;"A";6.47;"A";4.34;"A";43.12;"A";15.15;"A";43;"A";35.62;"A";21.75;"A";1011.12;"A";39;"A";0;"A";4;"A";129;"A";1;"A";126.67;"A"
"2025-06-08 14:30";100;"A";4211.93;"A";4215.13;"A";8.72;"A";5.35;"A";3.68;"A";42.79;"A";15.18;"A";44;"A";35.49;"A";20.9;"A";1010.92;"A";39;"A";0;"A";5;"A";108;"A";0.33;"A";120;"A"
"2025-06-08 14:45";100;"A";4211.8;"A";4215.47;"A";9.24;"A";5.37;"A";3.65;"A";42.54;"A";14.91;"A";44;"A";35.38;"A";20.92;"A";1010.82;"A";39;"A";0;"A";5;"A";127;"A";0.33;"A";120;"A"
"2025-06-08 15:00";100;"A";4212.13;"A";4215.67;"A";9.1;"A";5.06;"A";3.63;"A";42.38;"A";15.31;"A";44;"A";35.37;"A";20.85;"A";1010.62;"A";40;"A";0;"A";4;"A";93;"A";0.67;"A";120;"A"
"2025-06-08 15:15";100;"A";4212.2;"A";4215.67;"A";9.12;"A";5.29;"A";3.67;"A";42.24;"A";15.29;"A";45;"A";35.26;"A";21.12;"A";1010.52;"A";40;"A";0;"A";5;"A";95;"A";0.67;"A";123.33;"A"
"2025-06-08 15:30";100;"A";4212.13;"A";4215.4;"A";8.08;"A";5.07;"A";3.51;"A";42.11;"A";15.5;"A";45;"A";35.23;"A";21.12;"A";1010.28;"A";40;"A";0;"A";4;"A";96;"A";0.67;"A";100;"A"
"2025-06-08 15:45";100;"A";4212.2;"A";4215;"A";9.27;"A";5.35;"A";3.78;"A";42.03;"A";15.83;"A";45;"A";35.24;"A";21.16;"A";1010.18;"A";41;"A";0;"A";4;"A";116;"A";0.33;"A";126.67;"A"
"2025-06-08 16:00";100;"A";4212.27;"A";4215.2;"A";10.62;"A";6.26;"A";4.65;"A";41.97;"A";15.55;"A";46;"A";35.12;"A";20.82;"A";1010.06;"A";41;"A";0;"A";5;"A";182;"A";0.67;"A";130;"A"
"2025-06-08 16:15";100;"A";4212.13;"A";4215.13;"A";9.25;"A";5.24;"A";3.63;"A";41.9;"A";15.81;"A";46;"A";35.15;"A";21.45;"A";1009.81;"A";41;"A";0;"A";4;"A";101;"A";0.33;"A";133.33;"A"
"2025-06-08 16:30";100;"A";4212.47;"A";4215.67;"A";10.42;"A";5.45;"A";3.68;"A";41.86;"A";16.02;"A";45;"A";35.08;"A";21.2;"A";1009.65;"A";41;"A";0;"A";4;"A";91;"A";0.33;"A";130;"A"
"2025-06-08 16:45";100;"A";4212.2;"A";4215.8;"A";10.9;"A";6.16;"A";3.91;"A";41.79;"A";15.86;"A";47;"A";35.05;"A";20.95;"A";1009.58;"A";36;"A";0;"A";10;"A";243;"A";1;"A";133.33;"A"
"2025-06-08 17:00";100;"A";4212.47;"A";4215.2;"A";9.81;"A";5.41;"A";3.82;"A";41.71;"A";15.98;"A";45;"A";34.94;"A";21.1;"A";1009.52;"A";40;"A";0;"A";5;"A";87;"A";1;"A";133.33;"A"
"2025-06-08 17:15";100;"A";4212.33;"A";4215.13;"A";8.18;"A";5.11;"A";3.57;"A";41.62;"A";16.08;"A";44;"A";34.86;"A";21.62;"A";1009.38;"A";40;"A";0;"A";5;"A";92;"A";0.67;"A";113.33;"A"
"2025-06-08 17:30";100;"A";4212.33;"A";4215.27;"A";10.01;"A";5.93;"A";4.27;"A";41.51;"A";16.59;"A";43;"A";34.81;"A";21.94;"A";1009.25;"A";38;"A";0;"A";5;"A";115;"A";0.67;"A";130;"A"
"2025-06-08 17:45";100;"A";4212.33;"A";4215.2;"A";11.3;"A";5.87;"A";3.8;"A";41.41;"A";16.03;"A";44;"A";34.72;"A";20.94;"A";1009.16;"A";39;"A";0;"A";4;"A";75;"A";0.67;"A";126.67;"A"
"2025-06-08 18:00";100;"A";4212.47;"A";4215.87;"A";9.95;"A";5.68;"A";3.99;"A";41.28;"A";16.75;"A";43;"A";34.45;"A";21.96;"A";1009;"A";39;"A";0;"A";4;"A";97;"A";1;"A";130;"A"
"2025-06-08 18:15";100;"A";4212.73;"A";4215.93;"A";9.71;"A";5.67;"A";3.7;"A";41.09;"A";16.61;"A";43;"A";34.25;"A";21.77;"A";1008.83;"A";39;"A";0;"A";4;"A";83;"A";1;"A";130;"A"
"2025-06-08 18:30";100;"A";4212.13;"A";4215.27;"A";9.45;"A";5.04;"A";3.67;"A";40.87;"A";16.7;"A";43;"A";34.01;"A";21.75;"A";1008.7;"A";39;"A";0;"A";4;"A";88;"A";0.67;"A";130;"A"
"2025-06-08 18:45";100;"A";4212.33;"A";4215.4;"A";10.9;"A";6.46;"A";4.63;"A";40.65;"A";16.64;"A";43;"A";33.82;"A";21.61;"A";1008.58;"A";38;"A";0;"A";6;"A";204;"A";0.67;"A";130;"A"
"2025-06-08 19:00";100;"A";4212.53;"A";4215.27;"A";11.91;"A";6.53;"A";4.4;"A";40.42;"A";16.6;"A";44;"A";33.53;"A";21.7;"A";1008.62;"A";39;"A";0;"A";5;"A";137;"A";1;"A";140;"A"
"2025-06-08 19:15";100;"A";4212.4;"A";4215.07;"A";9.25;"A";5.13;"A";3.58;"A";40.16;"A";16.86;"A";44;"A";33.25;"A";22.05;"A";1008.61;"A";39;"A";0;"A";5;"A";132;"A";1;"A";136.67;"A"
"2025-06-08 19:30";100;"A";4212.67;"A";4215.47;"A";11.72;"A";6.23;"A";4.01;"A";39.87;"A";17.13;"A";43;"A";32.97;"A";22.2;"A";1008.64;"A";39;"A";0;"A";5;"A";100;"A";1;"A";130;"A"
"2025-06-08 19:45";100;"A";4212.73;"A";4215.47;"A";11.2;"A";6.35;"A";4.09;"A";39.56;"A";16.95;"A";42;"A";32.58;"A";21.88;"A";1008.67;"A";38;"A";0;"A";5;"A";110;"A";0.67;"A";130;"A"
"2025-06-08 20:00";100;"A";4212.53;"A";4215.13;"A";22.25;"A";9.28;"A";6.16;"A";39.19;"A";17.84;"A";40;"A";32.01;"A";23.44;"A";1008.7;"A";35;"A";0;"A";6;"A";154;"A";0.67;"A";136.67;"A"
"2025-06-08 20:15";100;"A";4212.4;"A";4214.93;"A";20.05;"A";9.42;"A";5.73;"A";38.74;"A";18.55;"A";39;"A";31.49;"A";23.87;"A";1008.71;"A";35;"A";0;"A";5;"A";187;"A";0.33;"A";123.33;"A"
"2025-06-08 20:30";100;"A";4212.53;"A";4215.27;"A";20.18;"A";9.01;"A";5.75;"A";38.21;"A";19.18;"A";39;"A";30.9;"A";24.65;"A";1008.87;"A";33;"A";0;"A";5;"A";181;"A";0;"A";136.67;"A"
"2025-06-08 20:45";100;"A";4212.53;"A";4215.27;"A";15.44;"A";7.41;"A";4.77;"A";37.62;"A";20.09;"A";37;"A";30.23;"A";25.68;"A";1009.04;"A";32;"A";0;"A";5;"A";143;"A";0.33;"A";130;"A"
"2025-06-08 21:00";100;"A";4212.6;"A";4215.2;"A";11.41;"A";6.61;"A";4.46;"A";37.03;"A";20.96;"A";37;"A";29.65;"A";26.73;"A";1009.08;"A";32;"A";0;"A";5;"A";142;"A";0;"A";243.33;"A"
"2025-06-08 21:15";100;"A";4213;"A";4216.33;"A";13.41;"A";7.68;"A";5.03;"A";36.41;"A";21.89;"A";36;"A";29.03;"A";28.03;"A";1009.1;"A";31;"A";0;"A";5;"A";145;"A";0;"A";190;"A"
"2025-06-08 21:30";100;"A";4212.6;"A";4215.4;"A";12.38;"A";6.28;"A";4.47;"A";35.79;"A";22.9;"A";36;"A";28.52;"A";28.98;"A";1009.2;"A";31;"A";0;"A";5;"A";136;"A";0;"A";253.33;"A"
"2025-06-08 21:45";100;"A";4212.6;"A";4215.27;"A";11.51;"A";6.21;"A";4.31;"A";35.24;"A";23.48;"A";36;"A";28.04;"A";29.7;"A";1009.34;"A";32;"A";0;"A";5;"A";137;"A";0.33;"A";120;"A"
"2025-06-08 22:00";99.99;"A";4206;"A";4207.67;"A";11.46;"A";6.48;"A";4.41;"A";34.74;"A";23.92;"A";37;"A";27.62;"A";29.83;"A";1009.32;"A";32;"A";0;"A";5;"A";146;"A";1;"A";133.33;"A"
"2025-06-08 22:15";99.78;"A";4192.47;"A";4193.8;"A";12.05;"A";6.58;"A";4.3;"A";34.29;"A";24.33;"A";36;"A";27.17;"A";30.04;"A";1009.37;"A";32;"A";0;"A";5;"A";141;"A";1;"A";140;"A"
"2025-06-08 22:30";99.8;"A";4210;"A";4213.4;"A";11.85;"A";6.49;"A";4.2;"A";33.84;"A";24.62;"A";37;"A";26.79;"A";30.46;"A";1009.34;"A";32;"A";0;"A";5;"A";237;"A";1;"A";133.33;"A"
"2025-06-08 22:45";99.88;"A";4211.27;"A";4214.73;"A";10.08;"A";5.58;"A";3.97;"A";33.39;"A";25.15;"A";37;"A";26.37;"A";31.41;"A";1009.32;"A";33;"A";0;"A";4;"A";110;"A";0;"A";186.67;"A"
"2025-06-08 23:00";99.93;"A";4211.53;"A";4214.8;"A";10.7;"A";5.75;"A";3.82;"A";32.94;"A";26.11;"A";35;"A";25.71;"A";32.79;"A";1009.35;"A";31;"A";0;"A";4;"A";115;"A";1;"A";136.67;"A"
"2025-06-08 23:15";99.96;"A";4211.73;"A";4214.47;"A";10.39;"A";6.34;"A";4.35;"A";32.45;"A";26.45;"A";35;"A";25.27;"A";33.15;"A";1009.31;"A";31;"A";0;"A";4;"A";123;"A";0.67;"A";130;"A"
"2025-06-08 23:30";99.98;"A";4211.93;"A";4214.93;"A";9.23;"A";5.63;"A";4.42;"A";31.96;"A";27.18;"A";34;"A";24.82;"A";33.89;"A";1009.23;"A";30;"A";0;"A";5;"A";194;"A";0.67;"A";126.67;"A"
"2025-06-08 23:45";99.99;"A";4212.6;"A";4215.07;"A";10.47;"A";5.79;"A";3.96;"A";31.49;"A";27.94;"A";33;"A";24.31;"A";34.9;"A";1009.38;"A";29;"A";0;"A";5;"A";136;"A";1;"A";130;"A"
"2025-06-09 00:00";100;"A";4212.67;"A";4215.33;"A";9.53;"A";5.68;"A";3.82;"A";31;"A";29.24;"A";32;"A";23.84;"A";37.1;"A";1009.46;"A";26;"A";0;"A";6;"A";124;"A";1;"A";130;"A"
"2025-06-09 00:15";100;"A";4213;"A";4215.8;"A";10.06;"A";5.29;"A";3.8;"A";30.52;"A";30.14;"A";31;"A";23.34;"A";37.79;"A";1009.47;"A";25;"A";0;"A";6;"A";124;"A";0.67;"A";126.67;"A"
"2025-06-09 00:30";100;"A";4212.67;"A";4215.07;"A";10.08;"A";5.77;"A";3.77;"A";30.03;"A";31.54;"A";30;"A";22.93;"A";38.88;"A";1009.41;"A";25;"A";0;"A";5;"A";115;"A";0.67;"A";120;"A"
"2025-06-09 00:45";100;"A";4212.67;"A";4215.13;"A";8.99;"A";5.21;"A";3.77;"A";29.61;"A";31.66;"A";30;"A";22.65;"A";38.64;"A";1009.34;"A";25;"A";0;"A";5;"A";109;"A";0;"A";130;"A"
"2025-06-09 01:00";100;"A";4212.67;"A";4215.47;"A";8.03;"A";5.39;"A";3.76;"A";29.32;"A";32.25;"A";30;"A";22.47;"A";39.59;"A";1009.28;"A";26;"A";0;"A";4;"A";110;"A";0.33;"A";253.33;"A"
"2025-06-09 01:15";100;"A";4212.67;"A";4215.13;"A";8.32;"A";5.11;"A";3.64;"A";29.09;"A";32.06;"A";32;"A";22.42;"A";38.76;"A";1009.22;"A";28;"A";0;"A";4;"A";102;"A";0;"A";256.67;"A"
"2025-06-09 01:30";99.94;"A";4200;"A";4200.67;"A";11.31;"A";7.14;"A";4.86;"A";28.85;"A";33.1;"A";30;"A";21.99;"A";40.74;"A";1009.3;"A";26;"A";0;"A";4;"A";111;"A";0;"A";166.67;"A"
"2025-06-09 01:45";99.88;"A";4211.53;"A";4215.07;"A";11.41;"A";8;"A";5.45;"A";28.61;"A";34.02;"A";28;"A";21.86;"A";41.63;"A";1009.26;"A";24;"A";0;"A";4;"A";114;"A";0;"A";243.33;"A"
"2025-06-09 02:00";99.93;"A";4211.8;"A";4214.73;"A";9.79;"A";5.72;"A";3.83;"A";28.4;"A";34.77;"A";30;"A";21.63;"A";42.88;"A";1009.38;"A";26;"A";0;"A";4;"A";112;"A";0;"A";206.67;"A"
"2025-06-09 02:15";99.96;"A";4211.93;"A";4214.73;"A";8.58;"A";5.61;"A";4.14;"A";28.18;"A";35.83;"A";29;"A";21.39;"A";44.01;"A";1009.43;"A";25;"A";0;"A";4;"A";116;"A";0;"A";293.33;"A"
"2025-06-09 02:30";99.97;"A";4212.6;"A";4215.07;"A";8.54;"A";5.99;"A";4.2;"A";27.96;"A";36.52;"A";28;"A";21.23;"A";45.08;"A";1009.32;"A";23;"A";0;"A";5;"A";116;"A";0;"A";180;"A"
"2025-06-09 02:45";99.99;"A";4212.6;"A";4214.87;"A";9.51;"A";5.79;"A";4.31;"A";27.78;"A";37.88;"A";28;"A";20.99;"A";47.04;"A";1009.25;"A";23;"A";0;"A";5;"A";121;"A";0;"A";316.67;"A"
"2025-06-09 03:00";100;"A";4212.67;"A";4214.93;"A";9.27;"A";6.01;"A";4.23;"A";27.56;"A";38.97;"A";28;"A";20.66;"A";49.35;"A";1009.09;"A";22;"A";0;"A";6;"A";120;"A";0.33;"A";190;"A"
"2025-06-09 03:15";100;"A";4212.93;"A";4215.47;"A";9.39;"A";6.06;"A";4.47;"A";27.27;"A";40.73;"A";23;"A";20.42;"A";50.55;"A";1008.99;"A";18;"A";0;"A";5;"A";126;"A";0;"A";250;"A"
"2025-06-09 03:30";100;"A";4212.73;"A";4215.13;"A";10.36;"A";6.51;"A";4.6;"A";27.03;"A";40.9;"A";26;"A";20.25;"A";51.3;"A";1008.92;"A";20;"A";0;"A";7;"A";121;"A";0;"A";256.67;"A"
"2025-06-09 03:45";100;"A";4212.67;"A";4215.13;"A";11.84;"A";8.09;"A";5.51;"A";26.86;"A";43.42;"A";25;"A";20.11;"A";54.88;"A";1008.83;"A";19;"A";0;"A";6;"A";135;"A";0;"A";323.33;"A"
"2025-06-09 04:00";100;"A";4212.67;"A";4215.07;"A";13.52;"A";9.05;"A";6.62;"A";26.67;"A";45.59;"A";19;"A";19.9;"A";57.03;"A";1008.77;"A";14;"A";1;"A";5;"A";152;"A";0;"A";190;"A"
"2025-06-09 04:15";100;"A";4212.73;"A";4214.93;"A";12.63;"A";8.42;"A";6.04;"A";26.41;"A";46.33;"A";17;"A";19.49;"A";58.19;"A";1009.02;"A";12;"A";2;"A";5;"A";155;"A";0;"A";193.33;"A"
"2025-06-09 04:30";100;"A";4211.2;"A";4213.07;"A";13.62;"A";8.38;"A";6.17;"A";26.17;"A";46.76;"A";17;"A";19.31;"A";59.1;"A";1009.13;"A";12;"A";2;"A";5;"A";150;"A";0;"A";253.33;"A"
"2025-06-09 04:45";99.82;"A";4183.73;"A";4182.73;"A";13.3;"A";9.16;"A";6.52;"A";25.95;"A";47.96;"A";15;"A";19.11;"A";60.84;"A";1009.15;"A";9;"A";3;"A";6;"A";161;"A";0.33;"A";196.67;"A"
"2025-06-09 05:00";99.74;"A";4209.53;"A";4213;"A";14.96;"A";9.17;"A";6.28;"A";25.67;"A";47.46;"A";11;"A";18.86;"A";58.56;"A";1009.39;"A";7;"A";2;"A";4;"A";151;"A";0.67;"A";133.33;"A"
"2025-06-09 05:15";99.84;"A";4210.73;"A";4214.07;"A";18.21;"A";11.84;"A";8.31;"A";25.44;"A";47.25;"A";14;"A";18.71;"A";58.88;"A";1009.56;"A";8;"A";2;"A";6;"A";180;"A";0;"A";193.33;"A"
"2025-06-09 05:30";99.9;"A";4211.6;"A";4214.53;"A";15.1;"A";8.64;"A";6.29;"A";25.29;"A";47.42;"A";17;"A";18.74;"A";58.89;"A";1009.67;"A";11;"A";1;"A";6;"A";149;"A";0;"A";136.67;"A"
"2025-06-09 05:45";99.94;"A";4211.8;"A";4214.6;"A";14.83;"A";9.01;"A";6.36;"A";25.32;"A";48.07;"A";16;"A";18.88;"A";59.45;"A";1009.72;"A";10;"A";1;"A";6;"A";157;"A";0.33;"A";253.33;"A"
"2025-06-09 06:00";99.96;"A";4212.47;"A";4214.73;"A";16.37;"A";9.35;"A";6.61;"A";25.42;"A";48.93;"A";15;"A";19.33;"A";59.53;"A";1009.69;"A";6;"A";2;"A";8;"A";180;"A";0;"A";190;"A"
"2025-06-09 06:15";99.98;"A";4212.87;"A";4215.47;"A";17.48;"A";9.89;"A";6.97;"A";26.03;"A";48.29;"A";13;"A";20.76;"A";55.81;"A";1009.57;"A";7;"A";0;"A";7;"A";205;"A";0;"A";166.67;"A"
"2025-06-09 06:30";99.98;"A";4212.73;"A";4215.13;"A";16.92;"A";9.81;"A";6.77;"A";27.4;"A";46.11;"A";17;"A";22.22;"A";53.08;"A";1009.56;"A";8;"A";0;"A";9;"A";210;"A";0;"A";150;"A"
"2025-06-09 06:45";99.99;"A";4212.73;"A";4215.47;"A";14.59;"A";8.47;"A";5.74;"A";29.07;"A";42.11;"A";26;"A";23.56;"A";48;"A";1009.67;"A";13;"A";0;"A";13;"A";191;"A";0;"A";193.33;"A"
"2025-06-09 07:00";99.99;"A";4212.6;"A";4215.2;"A";14.64;"A";7.69;"A";5.25;"A";30.59;"A";39.35;"A";30;"A";24.72;"A";46.71;"A";1009.5;"A";14;"A";0;"A";16;"A";207;"A";0;"A";190;"A"
"2025-06-09 07:15";100;"A";4212.6;"A";4215.4;"A";14.45;"A";7.29;"A";5.18;"A";32.16;"A";37.29;"A";32;"A";26.28;"A";43.92;"A";1009.62;"A";16;"A";0;"A";16;"A";187;"A";0;"A";156.67;"A"
"2025-06-09 07:30";99.99;"A";4212.6;"A";4215.4;"A";11.86;"A";6.51;"A";4.52;"A";33.73;"A";35.19;"A";37;"A";27.71;"A";41.9;"A";1009.9;"A";20;"A";0;"A";18;"A";148;"A";0;"A";153.33;"A"
"2025-06-09 07:45";99.99;"A";4212.73;"A";4215.67;"A";12.56;"A";6.83;"A";4.48;"A";35.04;"A";32.95;"A";39;"A";28.14;"A";40.83;"A";1009.8;"A";24;"A";0;"A";14;"A";136;"A";0;"A";200;"A"
"2025-06-09 08:00";99.99;"A";4212.8;"A";4215.87;"A";11.06;"A";6.11;"A";4.36;"A";36.09;"A";31.13;"A";39;"A";29;"A";39.6;"A";1009.89;"A";28;"A";0;"A";11;"A";134;"A";0;"A";126.67;"A"
"2025-06-09 08:15";99.99;"A";4212.47;"A";4215.27;"A";30.05;"A";12.49;"A";7.31;"A";37.2;"A";29.29;"A";39;"A";30.15;"A";37.08;"A";1010.01;"A";29;"A";0;"A";9;"A";181;"A";0;"A";186.67;"A"
"2025-06-09 08:30";99.94;"A";4198.33;"A";4199.13;"A";49.17;"A";18.02;"A";10.39;"A";38.27;"A";27.22;"A";41;"A";31.11;"A";35.31;"A";1009.79;"A";32;"A";0;"A";9;"A";285;"A";0;"A";180;"A"
"2025-06-09 08:45";99.74;"A";4197;"A";4199.67;"A";11.58;"A";6.41;"A";4.46;"A";39.25;"A";25.83;"A";40;"A";32.02;"A";33.57;"A";1009.82;"A";33;"A";0;"A";8;"A";129;"A";0.33;"A";126.67;"A"
"2025-06-09 09:00";99.79;"A";4209.87;"A";4213.8;"A";27.57;"A";11.07;"A";6.87;"A";40.09;"A";24.07;"A";42;"A";32.72;"A";31.74;"A";1009.65;"A";34;"A";0;"A";8;"A";160;"A";0.33;"A";123.33;"A"
"2025-06-09 09:15";99.86;"A";4210.67;"A";4214.53;"A";41.44;"A";22.29;"A";14.26;"A";41.05;"A";22.67;"A";44;"A";33.73;"A";30.35;"A";1009.65;"A";33;"A";0;"A";10;"A";165;"A";0;"A";96.67;"A"
"2025-06-09 09:30";99.9;"A";4211.4;"A";4215.33;"A";147.48;"A";94.03;"A";60.85;"A";41.94;"A";21.07;"A";49;"A";34.21;"A";28.7;"A";1009.63;"A";35;"A";0;"A";14;"A";342;"A";0.33;"A";123.33;"A"
"2025-06-09 09:45";99.93;"A";4211.47;"A";4214.73;"A";68;"A";34.96;"A";22.57;"A";42.56;"A";19.79;"A";43;"A";34.76;"A";27.2;"A";1009.59;"A";33;"A";0;"A";10;"A";278;"A";0.33;"A";126.67;"A"
"2025-06-09 10:00";99.94;"A";4211.6;"A";4215.07;"A";40.87;"A";23.62;"A";15.18;"A";43.11;"A";18.18;"A";44;"A";35.52;"A";25.38;"A";1009.45;"A";35;"A";0;"A";9;"A";148;"A";0.67;"A";133.33;"A"
"2025-06-09 10:15";99.96;"A";4211.6;"A";4214.73;"A";13.58;"A";7.09;"A";4.75;"A";43.7;"A";16.28;"A";45;"A";35.65;"A";23.65;"A";1009.49;"A";36;"A";0;"A";9;"A";103;"A";0.67;"A";126.67;"A"
"2025-06-09 10:30";99.96;"A";4211.73;"A";4215.33;"A";14.54;"A";7.36;"A";4.91;"A";44.04;"A";15.75;"A";44;"A";36.25;"A";23.42;"A";1009.66;"A";36;"A";0;"A";8;"A";122;"A";0;"A";90;"A"
"2025-06-09 10:45";99.97;"A";4211.73;"A";4214.8;"A";21.92;"A";8.09;"A";5.29;"A";44.4;"A";14.37;"A";45;"A";36.67;"A";21.09;"A";1009.74;"A";36;"A";0;"A";10;"A";132;"A";0;"A";93.33;"A"
"2025-06-09 11:00";99.98;"A";4211.93;"A";4215.8;"A";18.84;"A";7.09;"A";4.45;"A";44.82;"A";12.53;"A";44;"A";37.25;"A";18.9;"A";1009.87;"A";38;"A";0;"A";6;"A";98;"A";0;"A";270;"A"
"2025-06-09 11:15";99.98;"A";4211.8;"A";4215.47;"A";12.71;"A";6.05;"A";3.92;"A";45.13;"A";11.5;"A";45;"A";37.43;"A";18.55;"A";1009.82;"A";39;"A";0;"A";7;"A";86;"A";0;"A";153.33;"A"
"2025-06-09 11:30";99.98;"A";4211.67;"A";4214.87;"A";11.06;"A";6.17;"A";3.71;"A";45.32;"A";11.37;"A";45;"A";37.94;"A";18.38;"A";1009.86;"A";37;"A";0;"A";7;"A";111;"A";0.33;"A";126.67;"A"
"2025-06-09 11:45";99.99;"A";4211.53;"A";4214.73;"A";11.74;"A";5.89;"A";4.07;"A";45.43;"A";11.12;"A";44;"A";38.15;"A";17.63;"A";1009.92;"A";39;"A";0;"A";5;"A";102;"A";0;"A";123.33;"A"
"2025-06-09 12:00";99.99;"A";4211.67;"A";4214.87;"A";12.35;"A";5.96;"A";3.99;"A";45.58;"A";11.49;"A";44;"A";38.16;"A";18.46;"A";1009.94;"A";39;"A";0;"A";5;"A";80;"A";0;"A";83.33;"A"
"2025-06-09 12:15";99.92;"A";4199.27;"A";4202.33;"A";12.56;"A";6.41;"A";4.26;"A";45.7;"A";11.1;"A";43;"A";38.4;"A";18.38;"A";1009.92;"A";37;"A";1;"A";6;"A";98;"A";1;"A";130;"A"
"2025-06-09 12:30";99.88;"A";4210.87;"A";4214.87;"A";13.63;"A";6.48;"A";4.19;"A";45.89;"A";10.79;"A";43;"A";38.48;"A";17.93;"A";1009.96;"A";39;"A";0;"A";4;"A";81;"A";0.33;"A";113.33;"A"
"2025-06-09 12:45";99.92;"A";4211.2;"A";4214.67;"A";11.29;"A";6.12;"A";4.31;"A";46.1;"A";10.83;"A";42;"A";38.88;"A";18.24;"A";1009.93;"A";38;"A";0;"A";4;"A";94;"A";0;"A";70;"A"
"2025-06-09 13:00";99.96;"A";4211.53;"A";4214.73;"A";14.21;"A";6.86;"A";4.66;"A";46.32;"A";11.28;"A";42;"A";38.95;"A";19.04;"A";1009.9;"A";37;"A";1;"A";5;"A";98;"A";0;"A";50;"A"
"2025-06-09 13:15";99.97;"A";4211.67;"A";4215.07;"A";36.56;"A";13.98;"A";8.06;"A";46.41;"A";11.94;"A";40;"A";38.86;"A";19.83;"A";1009.94;"A";36;"A";3;"A";4;"A";178;"A";0;"A";126.67;"A"
"2025-06-09 13:30";99.99;"A";4211.6;"A";4214.93;"A";15.73;"A";7.84;"A";5.01;"A";46.39;"A";12.04;"A";41;"A";38.5;"A";20.57;"A";1009.9;"A";37;"A";1;"A";4;"A";100;"A";0;"A";93.33;"A"
"2025-06-09 13:45";100;"A";4211.67;"A";4214.93;"A";12.83;"A";6.96;"A";4.66;"A";46.14;"A";12.67;"A";40;"A";38.14;"A";21.17;"A";1009.73;"A";36;"A";2;"A";3;"A";102;"A";0.67;"A";110;"A"
"2025-06-09 14:00";100;"A";4211.93;"A";4216.07;"A";12.84;"A";7.61;"A";5.36;"A";45.67;"A";13.74;"A";39;"A";37.61;"A";22.58;"A";1009.69;"A";36;"A";1;"A";4;"A";101;"A";0.33;"A";83.33;"A"
"2025-06-09 14:15";100;"A";4211.73;"A";4215.2;"A";19.31;"A";8.55;"A";5.71;"A";45.18;"A";14.6;"A";39;"A";37.51;"A";22.15;"A";1009.53;"A";34;"A";1;"A";5;"A";147;"A";0.33;"A";83.33;"A"
"2025-06-09 14:30";100;"A";4211.67;"A";4215.07;"A";20.59;"A";9.53;"A";5.92;"A";44.82;"A";14.6;"A";41;"A";37.22;"A";22.08;"A";1009.27;"A";35;"A";0;"A";5;"A";95;"A";0;"A";60;"A"
"2025-06-09 14:45";100;"A";4211.67;"A";4215.33;"A";12.12;"A";7.53;"A";5.04;"A";44.47;"A";15.02;"A";39;"A";37.09;"A";22.25;"A";1009.16;"A";34;"A";1;"A";5;"A";101;"A";0.33;"A";103.33;"A"
"2025-06-09 15:00";99.94;"A";4204.53;"A";4207.2;"A";10.79;"A";6.29;"A";4.34;"A";44.17;"A";14.93;"A";39;"A";36.91;"A";21.58;"A";1008.96;"A";36;"A";0;"A";3;"A";78;"A";0.33;"A";123.33;"A"
"2025-06-09 15:15";99.93;"A";4211;"A";4214.8;"A";12.8;"A";6.65;"A";4.6;"A";43.97;"A";15.03;"A";39;"A";36.78;"A";22.13;"A";1008.92;"A";35;"A";0;"A";4;"A";86;"A";0;"A";103.33;"A"
"2025-06-09 15:30";99.96;"A";4211.87;"A";4215.47;"A";12.15;"A";6.83;"A";4.54;"A";43.79;"A";15.16;"A";38;"A";36.66;"A";21.65;"A";1008.9;"A";34;"A";0;"A";4;"A";81;"A";0.67;"A";130;"A"
"2025-06-09 15:45";99.98;"A";4211.8;"A";4215.33;"A";14.13;"A";6.92;"A";4.65;"A";43.61;"A";15.31;"A";39;"A";36.41;"A";22.03;"A";1008.86;"A";35;"A";1;"A";4;"A";85;"A";0.33;"A";106.67;"A"
"2025-06-09 16:00";100;"A";4211.73;"A";4215.2;"A";13.76;"A";7.47;"A";5.14;"A";43.38;"A";15.61;"A";38;"A";36.13;"A";22.41;"A";1008.68;"A";34;"A";3;"A";4;"A";672;"A";0.33;"A";120;"A"
"2025-06-09 16:15";100;"A";4211.67;"A";4215.13;"A";10.61;"A";6.94;"A";4.7;"A";43.18;"A";15.74;"A";40;"A";36.27;"A";21.72;"A";1008.56;"A";36;"A";0;"A";4;"A";130;"A";0;"A";113.33;"A"
"2025-06-09 16:30";100;"A";4211.6;"A";4215.13;"A";11.3;"A";6.8;"A";4.63;"A";43.08;"A";15.23;"A";41;"A";36.3;"A";20.85;"A";1008.47;"A";37;"A";0;"A";4;"A";74;"A";0.33;"A";63.33;"A"
"2025-06-09 16:45";100;"A";4212.13;"A";4215.53;"A";12.46;"A";6.21;"A";4.54;"A";43.03;"A";15.05;"A";41;"A";36.27;"A";20.55;"A";1008.45;"A";37;"A";0;"A";4;"A";76;"A";0;"A";43.33;"A"
"2025-06-09 17:00";100;"A";4212;"A";4215.53;"A";12.02;"A";7.43;"A";5.01;"A";42.98;"A";14.58;"A";42;"A";36.16;"A";20.35;"A";1008.51;"A";37;"A";0;"A";5;"A";74;"A";0.33;"A";113.33;"A"
"2025-06-09 17:15";100;"A";4212.4;"A";4216.13;"A";10.88;"A";6.55;"A";4.62;"A";42.88;"A";15.02;"A";41;"A";35.96;"A";20.71;"A";1008.38;"A";37;"A";0;"A";4;"A";80;"A";0.33;"A";76.67;"A"
"2025-06-09 17:30";100;"A";4212.27;"A";4215.33;"A";12.26;"A";6.62;"A";4.7;"A";42.72;"A";15.02;"A";42;"A";35.8;"A";20.66;"A";1008.3;"A";35;"A";0;"A";6;"A";146;"A";0.33;"A";103.33;"A"
"2025-06-09 17:45";100;"A";4212.13;"A";4215.13;"A";13.21;"A";6.8;"A";4.6;"A";42.56;"A";15.13;"A";42;"A";35.62;"A";20.84;"A";1008.26;"A";38;"A";0;"A";4;"A";67;"A";0.67;"A";193.33;"A"
"2025-06-09 18:00";100;"A";4212.13;"A";4215.33;"A";11.2;"A";6.42;"A";4.49;"A";42.4;"A";15.15;"A";42;"A";35.52;"A";21;"A";1008.22;"A";38;"A";0;"A";4;"A";63;"A";0;"A";86.67;"A"
"2025-06-09 18:15";100;"A";4212.4;"A";4215;"A";10.39;"A";6.62;"A";4.57;"A";42.26;"A";15.22;"A";42;"A";35.37;"A";20.88;"A";1008.22;"A";38;"A";0;"A";4;"A";70;"A";0;"A";76.67;"A"
"2025-06-09 18:30";100;"A";4212.47;"A";4215.4;"A";10.96;"A";6.52;"A";4.53;"A";42.12;"A";15.34;"A";41;"A";35.23;"A";20.88;"A";1008.32;"A";37;"A";0;"A";4;"A";72;"A";0;"A";83.33;"A"
"2025-06-09 18:45";99.85;"A";4182.87;"A";4182.87;"A";36.42;"A";14.16;"A";8.8;"A";41.95;"A";23.26;"A";36;"A";34.45;"A";36.31;"A";1008.65;"A";28;"A";18;"A";8;"A";234;"A";1.33;"A";3.33;"A"
"2025-06-09 19:00";99.73;"A";4208.67;"A";4213.47;"A";28.5;"A";12.63;"A";8.16;"A";41.42;"A";29.29;"A";28;"A";33.36;"A";40.94;"A";1008.84;"A";27;"A";4;"A";1;"A";166;"A";1.67;"A";0;"A"
"2025-06-09 19:15";99.83;"A";4210.27;"A";4214.53;"A";20.48;"A";10.95;"A";7.31;"A";40.52;"A";31.03;"A";30;"A";32.65;"A";42.59;"A";1009.22;"A";28;"A";1;"A";2;"A";135;"A";1.33;"A";3.33;"A"
"2025-06-09 19:30";99.9;"A";4210.67;"A";4214.73;"A";17.41;"A";10.58;"A";7.19;"A";39.78;"A";32.42;"A";31;"A";32.03;"A";43.65;"A";1009.4;"A";29;"A";1;"A";2;"A";142;"A";2;"A";233.33;"A"
"2025-06-09 19:45";99.94;"A";4211.6;"A";4214.8;"A";23.43;"A";11.62;"A";7.96;"A";39.11;"A";33.51;"A";31;"A";31.52;"A";44.22;"A";1009.55;"A";29;"A";0;"A";2;"A";123;"A";1.33;"A";233.33;"A"
"2025-06-09 20:00";99.97;"A";4211.67;"A";4214.87;"A";17.84;"A";10.55;"A";7.19;"A";38.49;"A";33.7;"A";33;"A";30.77;"A";44.51;"A";1010.11;"A";30;"A";0;"A";3;"A";111;"A";1.33;"A";116.67;"A"
"2025-06-09 20:15";99.99;"A";4212;"A";4215.87;"A";18.23;"A";10.55;"A";6.74;"A";37.83;"A";34.58;"A";33;"A";30.17;"A";45.51;"A";1010.33;"A";30;"A";0;"A";3;"A";121;"A";1.67;"A";233.33;"A"
"2025-06-09 20:30";100;"A";4211.87;"A";4215;"A";19.82;"A";12.54;"A";8.43;"A";37.18;"A";34.63;"A";34;"A";29.5;"A";44.88;"A";1010.5;"A";30;"A";0;"A";3;"A";146;"A";1.33;"A";233.33;"A"
"2025-06-09 20:45";100;"A";4212.47;"A";4215.07;"A";28.64;"A";20.96;"A";13.75;"A";36.48;"A";33.27;"A";39;"A";28.86;"A";42.27;"A";1010.71;"A";36;"A";0;"A";3;"A";140;"A";1.67;"A";116.67;"A"
"2025-06-09 21:00";100;"A";4212.53;"A";4215.07;"A";39.05;"A";28.75;"A";19.12;"A";35.8;"A";31.63;"A";44;"A";28.29;"A";40.63;"A";1011.01;"A";39;"A";0;"A";5;"A";188;"A";1;"A";116.67;"A"
"2025-06-09 21:15";100;"A";4212.6;"A";4215.27;"A";39.51;"A";30.72;"A";20.49;"A";35.16;"A";32.36;"A";42;"A";27.81;"A";41.31;"A";1011.34;"A";38;"A";0;"A";5;"A";214;"A";0.67;"A";116.67;"A"
"2025-06-09 21:30";100;"A";4212.53;"A";4215.33;"A";41.93;"A";31.98;"A";21.76;"A";34.66;"A";32.65;"A";44;"A";27.39;"A";41.32;"A";1011.48;"A";39;"A";0;"A";5;"A";191;"A";0.67;"A";13.33;"A"
"2025-06-09 21:45";100;"A";4212.87;"A";4215.8;"A";43.18;"A";33.7;"A";22.41;"A";34.2;"A";33.17;"A";43;"A";27.04;"A";41.77;"A";1011.58;"A";38;"A";0;"A";4;"A";198;"A";1;"A";233.33;"A"
"2025-06-09 22:00";100;"A";4212.73;"A";4215.53;"A";42.79;"A";33.34;"A";22.23;"A";33.77;"A";33.69;"A";42;"A";26.65;"A";42.38;"A";1011.65;"A";38;"A";0;"A";4;"A";201;"A";0.67;"A";123.33;"A"
"2025-06-09 22:15";100;"A";4212.6;"A";4214.87;"A";43.46;"A";33.29;"A";21.97;"A";33.39;"A";34.47;"A";41;"A";26.3;"A";43.48;"A";1011.73;"A";37;"A";0;"A";4;"A";203;"A";0.67;"A";233.33;"A"
"2025-06-09 22:30";100;"A";4212.6;"A";4215.27;"A";42.85;"A";33.62;"A";21.95;"A";33.02;"A";35.58;"A";39;"A";25.96;"A";44.81;"A";1011.74;"A";35;"A";0;"A";4;"A";203;"A";0.67;"A";233.33;"A"
"2025-06-09 22:45";100;"A";4212.73;"A";4215.73;"A";40.06;"A";30.66;"A";20.89;"A";32.68;"A";36.54;"A";39;"A";25.6;"A";46.05;"A";1012.14;"A";35;"A";0;"A";4;"A";203;"A";0.67;"A";233.33;"A"
"2025-06-09 23:00";99.95;"A";4204.93;"A";4206.47;"A";36.52;"A";28.53;"A";19.09;"A";32.36;"A";37.53;"A";37;"A";25.29;"A";47.57;"A";1012.33;"A";33;"A";0;"A";4;"A";195;"A";1;"A";350;"A"
"2025-06-09 23:15";99.92;"A";4211.6;"A";4214.53;"A";33.16;"A";24.87;"A";16.7;"A";32.01;"A";38.35;"A";35;"A";24.97;"A";48.19;"A";1012.39;"A";32;"A";0;"A";3;"A";186;"A";1;"A";350;"A"
"2025-06-09 23:30";99.95;"A";4211.93;"A";4214.93;"A";28.85;"A";22.06;"A";14.23;"A";31.68;"A";38.73;"A";34;"A";24.7;"A";48.48;"A";1012.52;"A";31;"A";0;"A";3;"A";176;"A";1;"A";350;"A"
"2025-06-09 23:45";99.97;"A";4212.13;"A";4215.07;"A";25.5;"A";19.02;"A";12.79;"A";31.4;"A";38.8;"A";34;"A";24.49;"A";48.49;"A";1012.63;"A";30;"A";0;"A";4;"A";170;"A";1.33;"A";350;"A"
"2025-06-10 00:00";99.98;"A";4212.53;"A";4214.87;"A";22.35;"A";17.18;"A";11.93;"A";31.12;"A";38.89;"A";33;"A";24.3;"A";48.23;"A";1012.6;"A";29;"A";0;"A";4;"A";167;"A";0.67;"A";120;"A"
"2025-06-10 00:15";99.99;"A";4212.6;"A";4214.93;"A";22.43;"A";16.92;"A";11.64;"A";30.83;"A";39.24;"A";33;"A";24.11;"A";48.5;"A";1012.51;"A";29;"A";0;"A";4;"A";167;"A";0.33;"A";123.33;"A"
"2025-06-10 00:30";100;"A";4209.6;"A";4211.67;"A";22.07;"A";17.09;"A";11.57;"A";30.61;"A";39.95;"A";31;"A";23.95;"A";49.3;"A";1012.65;"A";28;"A";0;"A";4;"A";170;"A";0.33;"A";236.67;"A"
"2025-06-10 00:45";99.84;"A";4194.07;"A";4194.73;"A";22.6;"A";17.38;"A";11.77;"A";30.44;"A";40.27;"A";32;"A";23.73;"A";49.8;"A";1012.73;"A";28;"A";0;"A";4;"A";169;"A";0.67;"A";240;"A"
"2025-06-10 01:00";99.84;"A";4210.67;"A";4214;"A";22.44;"A";16.56;"A";11.47;"A";30.22;"A";40.81;"A";31;"A";23.52;"A";50.48;"A";1012.79;"A";27;"A";0;"A";3;"A";167;"A";0.33;"A";166.67;"A"
"2025-06-10 01:15";99.9;"A";4211.6;"A";4215.33;"A";22.41;"A";16.25;"A";11.42;"A";30.03;"A";40.97;"A";31;"A";23.37;"A";50.5;"A";1013.03;"A";27;"A";0;"A";3;"A";167;"A";0.33;"A";116.67;"A"
"2025-06-10 01:30";99.94;"A";4211.6;"A";4214.8;"A";21.81;"A";16.4;"A";11.62;"A";29.87;"A";41.35;"A";30;"A";23.2;"A";51.15;"A";1012.76;"A";26;"A";0;"A";4;"A";171;"A";1;"A";350;"A"
"2025-06-10 01:45";99.97;"A";4211.8;"A";4214.93;"A";22.04;"A";16.59;"A";11.47;"A";29.7;"A";41.87;"A";28;"A";22.93;"A";52;"A";1013.05;"A";25;"A";0;"A";4;"A";169;"A";0.67;"A";230;"A"
"2025-06-10 02:00";99.98;"A";4212.53;"A";4215;"A";22.24;"A";16.74;"A";11.64;"A";29.52;"A";42.13;"A";29;"A";22.84;"A";52.03;"A";1013.3;"A";25;"A";0;"A";4;"A";167;"A";1;"A";346.67;"A"
"2025-06-10 02:15";100;"A";4212.73;"A";4215.33;"A";21.91;"A";16.83;"A";11.51;"A";29.37;"A";42.38;"A";30;"A";22.79;"A";52.19;"A";1013.07;"A";26;"A";0;"A";4;"A";167;"A";0.67;"A";116.67;"A"
"2025-06-10 02:30";100;"A";4212.67;"A";4215.27;"A";21.05;"A";15.91;"A";11.24;"A";29.28;"A";42.46;"A";32;"A";22.65;"A";52.38;"A";1012.67;"A";29;"A";0;"A";4;"A";166;"A";1;"A";120;"A"
"2025-06-10 02:45";100;"A";4212.73;"A";4215.2;"A";22.69;"A";17.54;"A";11.68;"A";29.18;"A";42.3;"A";34;"A";22.49;"A";52.02;"A";1013.07;"A";30;"A";0;"A";3;"A";161;"A";1.67;"A";230;"A"
"2025-06-10 03:00";99.96;"A";4200.6;"A";4201.33;"A";23.86;"A";17.44;"A";11.71;"A";29.03;"A";42.65;"A";34;"A";22.46;"A";52.81;"A";1013.72;"A";29;"A";0;"A";5;"A";162;"A";1.67;"A";233.33;"A"
"2025-06-10 03:15";99.82;"A";4206.67;"A";4208.73;"A";22.36;"A";17.6;"A";11.79;"A";28.94;"A";43.05;"A";31;"A";22.36;"A";52.6;"A";1013.72;"A";28;"A";0;"A";3;"A";161;"A";0.67;"A";350;"A"
"2025-06-10 03:30";99.89;"A";4211.13;"A";4214.33;"A";22.3;"A";16.84;"A";11.59;"A";28.84;"A";42.4;"A";33;"A";22.32;"A";51.41;"A";1013.74;"A";29;"A";0;"A";4;"A";160;"A";1;"A";346.67;"A"
"2025-06-10 03:45";99.94;"A";4211.67;"A";4214.8;"A";19.89;"A";16.17;"A";10.96;"A";28.8;"A";40.5;"A";36;"A";22.16;"A";48.97;"A";1013.79;"A";32;"A";0;"A";5;"A";138;"A";1;"A";293.33;"A"
"2025-06-10 04:00";99.96;"A";4211.87;"A";4215;"A";24.03;"A";16.77;"A";11.45;"A";28.69;"A";40.77;"A";38;"A";21.94;"A";52.68;"A";1013.58;"A";31;"A";0;"A";7;"A";146;"A";0.67;"A";130;"A"
"2025-06-10 04:15";99.98;"A";4212.53;"A";4214.93;"A";23.18;"A";16.82;"A";11.48;"A";28.43;"A";44.55;"A";34;"A";21.32;"A";56.65;"A";1013.78;"A";30;"A";0;"A";4;"A";158;"A";1;"A";233.33;"A"
"2025-06-10 04:30";99.99;"A";4212.87;"A";4215.33;"A";21.67;"A";17.11;"A";12.04;"A";28.03;"A";45.96;"A";31;"A";21.06;"A";57.71;"A";1014.13;"A";28;"A";0;"A";4;"A";154;"A";1;"A";350;"A"
"2025-06-10 04:45";100;"A";4212.73;"A";4215.33;"A";22.34;"A";17.68;"A";11.67;"A";27.7;"A";46.8;"A";31;"A";20.86;"A";58.77;"A";1014.27;"A";27;"A";0;"A";4;"A";150;"A";0.33;"A";233.33;"A"
"2025-06-10 05:00";100;"A";4212.67;"A";4215;"A";22.94;"A";17.46;"A";11.6;"A";27.49;"A";47.67;"A";29;"A";20.79;"A";59.33;"A";1014.57;"A";25;"A";0;"A";4;"A";152;"A";0;"A";233.33;"A"
"2025-06-10 05:15";100;"A";4212.8;"A";4215.13;"A";21.39;"A";17.12;"A";11.72;"A";27.36;"A";48.57;"A";28;"A";20.64;"A";60.61;"A";1014.63;"A";24;"A";0;"A";4;"A";152;"A";0;"A";343.33;"A"
"2025-06-10 05:30";100;"A";4212.67;"A";4215.2;"A";22.37;"A";17.1;"A";11.71;"A";27.23;"A";49.53;"A";27;"A";20.51;"A";62.06;"A";1014.8;"A";23;"A";0;"A";4;"A";155;"A";0.33;"A";236.67;"A"
"2025-06-10 05:45";100;"A";4212.67;"A";4215.07;"A";22.46;"A";17.45;"A";11.89;"A";27.09;"A";50.19;"A";26;"A";20.41;"A";62.49;"A";1014.64;"A";23;"A";0;"A";3;"A";153;"A";0;"A";36.67;"A"
"2025-06-10 06:00";100;"A";4212.73;"A";4215.33;"A";23.55;"A";18.73;"A";12.48;"A";26.97;"A";50.87;"A";26;"A";20.26;"A";63.8;"A";1014.55;"A";22;"A";0;"A";4;"A";153;"A";0;"A";3.33;"A"
"2025-06-10 06:15";100;"A";4212.87;"A";4215.53;"A";25.25;"A";18.7;"A";12.82;"A";26.92;"A";51.52;"A";25;"A";20.4;"A";64.01;"A";1014.59;"A";21;"A";0;"A";4;"A";157;"A";0.33;"A";0;"A"
"2025-06-10 06:30";100;"A";4212.67;"A";4214.93;"A";24.82;"A";18.82;"A";12.83;"A";27.2;"A";51.41;"A";20;"A";21.42;"A";60.95;"A";1014.63;"A";17;"A";0;"A";3;"A";169;"A";0.33;"A";123.33;"A"
"2025-06-10 06:45";99.98;"A";4204.33;"A";4205.47;"A";21.8;"A";16.42;"A";10.89;"A";28.07;"A";48.24;"A";23;"A";21.8;"A";57.65;"A";1014.59;"A";17;"A";0;"A";5;"A";139;"A";0.67;"A";236.67;"A"
"2025-06-10 07:00";99.78;"A";4194.2;"A";4195.33;"A";19.48;"A";13.89;"A";9.31;"A";28.71;"A";45.09;"A";24;"A";22.58;"A";53.67;"A";1014.64;"A";19;"A";0;"A";5;"A";126;"A";1;"A";233.33;"A"
"2025-06-10 07:15";99.82;"A";4210.47;"A";4214.2;"A";18.37;"A";12.91;"A";8.83;"A";29.56;"A";41.97;"A";26;"A";23.49;"A";49.76;"A";1014.78;"A";21;"A";0;"A";6;"A";107;"A";1.67;"A";233.33;"A"
"2025-06-10 07:30";99.89;"A";4211.27;"A";4214.13;"A";19.78;"A";14.19;"A";9.48;"A";30.54;"A";39.15;"A";28;"A";24.26;"A";46.67;"A";1014.92;"A";23;"A";0;"A";6;"A";112;"A";1.67;"A";350;"A"
"2025-06-10 07:45";99.93;"A";4212;"A";4215.93;"A";20.61;"A";15.96;"A";11;"A";31.48;"A";36.78;"A";28;"A";24.98;"A";43.96;"A";1014.97;"A";23;"A";0;"A";5;"A";116;"A";1.67;"A";233.33;"A"
"2025-06-10 08:00";99.95;"A";4211.8;"A";4215.13;"A";20.53;"A";13.91;"A";9.74;"A";32.31;"A";34.78;"A";31;"A";25.44;"A";42.67;"A";1015.24;"A";25;"A";0;"A";6;"A";111;"A";1;"A";0;"A"
"2025-06-10 08:15";99.97;"A";4211.8;"A";4215.47;"A";31.03;"A";17.52;"A";11.5;"A";32.99;"A";33.08;"A";31;"A";25.96;"A";40.52;"A";1015.15;"A";25;"A";0;"A";6;"A";190;"A";1.67;"A";233.33;"A"
"2025-06-10 08:30";99.98;"A";4212.07;"A";4214.87;"A";30.08;"A";17.5;"A";10.71;"A";33.58;"A";31;"A";34;"A";26.37;"A";38.54;"A";1015.32;"A";28;"A";0;"A";6;"A";207;"A";1.67;"A";3.33;"A"
"2025-06-10 08:45";99.98;"A";4212.6;"A";4215.4;"A";20.3;"A";13.34;"A";8.81;"A";34.04;"A";29.86;"A";33;"A";26.81;"A";37.53;"A";1015.11;"A";27;"A";0;"A";6;"A";142;"A";1.33;"A";3.33;"A"
"2025-06-10 09:00";99.99;"A";4212.67;"A";4215.67;"A";24.5;"A";14.07;"A";9.38;"A";34.54;"A";29.2;"A";33;"A";27.37;"A";36.34;"A";1015.2;"A";27;"A";0;"A";6;"A";155;"A";1.67;"A";0;"A"
"2025-06-10 09:15";99.99;"A";4212.73;"A";4215.13;"A";18.95;"A";11.64;"A";8.15;"A";35.01;"A";27.83;"A";35;"A";27.34;"A";35.44;"A";1015.1;"A";29;"A";0;"A";7;"A";100;"A";2;"A";116.67;"A"
"2025-06-10 09:30";99.99;"A";4212.87;"A";4215.8;"A";14.98;"A";9.68;"A";6.69;"A";35.25;"A";26.99;"A";36;"A";27.64;"A";34.7;"A";1015.31;"A";29;"A";0;"A";7;"A";99;"A";2;"A";240;"A"
"2025-06-10 09:45";99.99;"A";4211;"A";4213.4;"A";24.72;"A";12.88;"A";8.2;"A";35.36;"A";26.37;"A";35;"A";27.74;"A";33.71;"A";1015.32;"A";29;"A";0;"A";6;"A";157;"A";1.67;"A";3.33;"A"
"2025-06-10 10:00";99.86;"A";4200.4;"A";4202.53;"A";18.54;"A";10.59;"A";6.92;"A";35.51;"A";26.06;"A";35;"A";28.12;"A";32.97;"A";1015.47;"A";29;"A";0;"A";6;"A";127;"A";1.67;"A";236.67;"A"
"2025-06-10 10:15";99.89;"A";4211;"A";4214.67;"A";14.24;"A";9.14;"A";6.32;"A";35.76;"A";25.47;"A";35;"A";28.3;"A";31.4;"A";1015.42;"A";29;"A";0;"A";6;"A";110;"A";1.67;"A";116.67;"A"
"2025-06-10 10:30";99.93;"A";4211.6;"A";4215.2;"A";12.53;"A";8.99;"A";6.16;"A";36.06;"A";24.29;"A";37;"A";28.65;"A";30.72;"A";1015.57;"A";30;"A";0;"A";7;"A";108;"A";1.33;"A";123.33;"A"
"2025-06-10 10:45";99.95;"A";4211.73;"A";4215.4;"A";12.14;"A";8.21;"A";5.67;"A";36.26;"A";23.99;"A";36;"A";28.78;"A";30.29;"A";1015.7;"A";30;"A";0;"A";5;"A";98;"A";2;"A";120;"A"
"2025-06-10 11:00";99.96;"A";4211.87;"A";4216;"A";11;"A";7.72;"A";5.46;"A";36.28;"A";23.33;"A";37;"A";28.79;"A";30.26;"A";1015.77;"A";31;"A";0;"A";6;"A";94;"A";1.67;"A";120;"A"
"2025-06-10 11:15";99.9;"A";4205.87;"A";4208.6;"A";11.96;"A";7.72;"A";5.44;"A";36.26;"A";22.97;"A";36;"A";28.79;"A";28.3;"A";1015.72;"A";32;"A";0;"A";5;"A";105;"A";1.67;"A";233.33;"A"
"2025-06-10 11:30";99.93;"A";4211.67;"A";4215.27;"A";10.92;"A";7.93;"A";5.45;"A";36.2;"A";21.88;"A";39;"A";28.68;"A";28.08;"A";1015.7;"A";33;"A";0;"A";7;"A";90;"A";2.33;"A";233.33;"A"
"2025-06-10 11:45";99.96;"A";4211.73;"A";4215.07;"A";11.62;"A";7.2;"A";5.02;"A";36.01;"A";22.5;"A";38;"A";28.4;"A";28.18;"A";1015.61;"A";33;"A";0;"A";5;"A";96;"A";2;"A";0;"A"
"2025-06-10 12:00";99.97;"A";4211.73;"A";4215;"A";11.5;"A";7.3;"A";5.1;"A";35.82;"A";22.14;"A";38;"A";28.73;"A";27.94;"A";1015.68;"A";33;"A";0;"A";6;"A";88;"A";1.67;"A";116.67;"A"
"2025-06-10 12:15";99.98;"A";4211.93;"A";4215.33;"A";10.89;"A";6.93;"A";4.81;"A";35.73;"A";22.13;"A";37;"A";28.67;"A";27.07;"A";1015.62;"A";32;"A";0;"A";5;"A";89;"A";0.67;"A";26.67;"A"
"2025-06-10 12:30";99.99;"A";4212.33;"A";4215.6;"A";8.67;"A";6.57;"A";4.52;"A";35.83;"A";21.75;"A";38;"A";28.61;"A";26.88;"A";1015.53;"A";33;"A";0;"A";5;"A";85;"A";1.67;"A";233.33;"A"
"2025-06-10 12:45";99.99;"A";4212.27;"A";4215.13;"A";9.64;"A";6.3;"A";4.14;"A";35.82;"A";21.62;"A";38;"A";28.55;"A";26.7;"A";1015.47;"A";33;"A";0;"A";5;"A";93;"A";2;"A";116.67;"A"
"2025-06-10 13:00";100;"A";4212.6;"A";4215.53;"A";10.1;"A";6.3;"A";4.43;"A";35.78;"A";21.3;"A";38;"A";28.54;"A";26.25;"A";1015.32;"A";33;"A";0;"A";6;"A";78;"A";1.67;"A";116.67;"A"
"2025-06-10 13:15";100;"A";4212.6;"A";4215.67;"A";10.39;"A";6.75;"A";4.77;"A";35.74;"A";21.04;"A";39;"A";28.3;"A";26.91;"A";1015.22;"A";34;"A";0;"A";5;"A";73;"A";2;"A";233.33;"A"
"2025-06-10 13:30";100;"A";4209.27;"A";4211.53;"A";9.69;"A";6.33;"A";4.52;"A";35.53;"A";22.19;"A";37;"A";28.3;"A";28.12;"A";1015.26;"A";32;"A";0;"A";5;"A";86;"A";1.33;"A";120;"A"
"2025-06-10 13:45";99.8;"A";4185.07;"A";4184.53;"A";10.49;"A";6.34;"A";4.26;"A";35.38;"A";22.29;"A";37;"A";27.95;"A";27.66;"A";1015.21;"A";32;"A";0;"A";5;"A";84;"A";1;"A";3.33;"A"
"2025-06-10 14:00";99.74;"A";4209.27;"A";4213.93;"A";10.35;"A";6.47;"A";4.38;"A";35.1;"A";22.52;"A";37;"A";27.9;"A";27.67;"A";1015.16;"A";31;"A";0;"A";6;"A";134;"A";0.67;"A";136.67;"A"
"2025-06-10 14:15";99.84;"A";4210.33;"A";4214.13;"A";7.92;"A";5.48;"A";3.75;"A";34.84;"A";22.1;"A";37;"A";27.69;"A";26.38;"A";1015.05;"A";31;"A";0;"A";6;"A";71;"A";0.67;"A";10;"A"
"2025-06-10 14:30";99.9;"A";4211.2;"A";4214.73;"A";6.76;"A";4.7;"A";3.29;"A";34.66;"A";22.17;"A";37;"A";27.45;"A";27.55;"A";1014.93;"A";32;"A";0;"A";5;"A";70;"A";0.67;"A";126.67;"A"
"2025-06-10 14:45";99.94;"A";4211.6;"A";4214.93;"A";7.1;"A";4.7;"A";3.23;"A";34.37;"A";23.07;"A";36;"A";27.33;"A";28.36;"A";1014.82;"A";32;"A";0;"A";4;"A";81;"A";1.33;"A";116.67;"A"
"2025-06-10 15:00";99.97;"A";4211.8;"A";4214.87;"A";7.09;"A";4.44;"A";3.22;"A";34.18;"A";23.01;"A";37;"A";26.99;"A";28.57;"A";1014.66;"A";33;"A";0;"A";5;"A";70;"A";0.67;"A";6.67;"A"
"2025-06-10 15:15";99.98;"A";4211.93;"A";4215.4;"A";7.51;"A";4.71;"A";3.29;"A";33.97;"A";23.78;"A";35;"A";27.19;"A";28.55;"A";1014.64;"A";30;"A";0;"A";4;"A";92;"A";0.67;"A";6.67;"A"
"2025-06-10 15:30";99.99;"A";4212.67;"A";4215.6;"A";7.16;"A";4.77;"A";3.27;"A";33.9;"A";23.34;"A";37;"A";27.04;"A";28.36;"A";1014.59;"A";32;"A";0;"A";5;"A";77;"A";0.67;"A";123.33;"A"
"2025-06-10 15:45";100;"A";4212.53;"A";4215;"A";6.66;"A";4.72;"A";3.21;"A";33.79;"A";23.57;"A";37;"A";26.76;"A";29.04;"A";1014.64;"A";32;"A";0;"A";5;"A";77;"A";1.67;"A";233.33;"A"
"2025-06-10 16:00";100;"A";4212.53;"A";4215.2;"A";7.98;"A";5.21;"A";3.45;"A";33.58;"A";23.58;"A";36;"A";26.66;"A";28.7;"A";1014.57;"A";32;"A";0;"A";5;"A";77;"A";0;"A";56.67;"A"
"2025-06-10 16:15";100;"A";4212.53;"A";4215.13;"A";7.31;"A";4.52;"A";3.17;"A";33.41;"A";23.88;"A";37;"A";26.51;"A";29.19;"A";1014.53;"A";33;"A";0;"A";4;"A";85;"A";1;"A";136.67;"A"
"2025-06-10 16:30";100;"A";4212.6;"A";4215.07;"A";6.15;"A";4.3;"A";3.14;"A";33.23;"A";24.34;"A";37;"A";26.51;"A";29.41;"A";1014.31;"A";32;"A";0;"A";4;"A";77;"A";1;"A";350;"A"
"2025-06-10 16:45";100;"A";4212.73;"A";4215.33;"A";7.75;"A";5.06;"A";3.26;"A";33.15;"A";23.51;"A";38;"A";26.28;"A";27.82;"A";1014.38;"A";34;"A";0;"A";4;"A";67;"A";0.67;"A";126.67;"A"
"2025-06-10 17:00";100;"A";4212.93;"A";4215.73;"A";7.04;"A";4.77;"A";3.06;"A";32.98;"A";22.86;"A";39;"A";26.03;"A";27.46;"A";1014.2;"A";34;"A";0;"A";5;"A";64;"A";0.33;"A";36.67;"A"
"2025-06-10 17:15";100;"A";4212.6;"A";4215.33;"A";6.19;"A";4.59;"A";3.1;"A";32.79;"A";23.17;"A";39;"A";25.91;"A";27.79;"A";1014.02;"A";34;"A";0;"A";5;"A";69;"A";0.33;"A";33.33;"A"
"2025-06-10 17:30";100;"A";4212.67;"A";4215.4;"A";6.71;"A";4.64;"A";3.07;"A";32.59;"A";23.45;"A";39;"A";25.69;"A";28.55;"A";1013.88;"A";35;"A";0;"A";5;"A";69;"A";1;"A";123.33;"A"
"2025-06-10 17:45";99.99;"A";4206.13;"A";4207.67;"A";7.83;"A";4.58;"A";3.46;"A";32.43;"A";24.78;"A";38;"A";25.7;"A";29.99;"A";1013.91;"A";34;"A";0;"A";4;"A";83;"A";1;"A";116.67;"A"
"2025-06-10 18:00";99.78;"A";4190.4;"A";4191.53;"A";6.61;"A";4.94;"A";3.52;"A";32.32;"A";25.23;"A";37;"A";25.58;"A";30.01;"A";1014;"A";33;"A";0;"A";4;"A";92;"A";0.67;"A";260;"A"
"2025-06-10 18:15";99.79;"A";4210.07;"A";4213.73;"A";7.44;"A";5.09;"A";3.51;"A";32.17;"A";25.06;"A";39;"A";25.38;"A";30.28;"A";1014.05;"A";34;"A";0;"A";5;"A";72;"A";0.67;"A";146.67;"A"
"2025-06-10 18:30";99.87;"A";4211.07;"A";4214.8;"A";8;"A";4.99;"A";3.63;"A";31.98;"A";25.06;"A";39;"A";25.12;"A";30.18;"A";1013.99;"A";34;"A";0;"A";5;"A";83;"A";1;"A";116.67;"A"
"2025-06-10 18:45";99.92;"A";4211.6;"A";4214.6;"A";7.99;"A";4.81;"A";3.28;"A";31.79;"A";25.46;"A";38;"A";24.94;"A";30.63;"A";1014.02;"A";34;"A";0;"A";5;"A";74;"A";1;"A";123.33;"A"
"2025-06-10 19:00";99.95;"A";4211.73;"A";4214.93;"A";5.77;"A";3.93;"A";2.83;"A";31.56;"A";25.43;"A";38;"A";24.73;"A";30.42;"A";1013.94;"A";34;"A";0;"A";5;"A";72;"A";0.67;"A";123.33;"A"
"2025-06-10 19:15";99.97;"A";4212.27;"A";4215.33;"A";6.98;"A";4.08;"A";2.77;"A";31.36;"A";25.52;"A";38;"A";24.5;"A";31.05;"A";1013.95;"A";34;"A";0;"A";5;"A";68;"A";1.33;"A";3.33;"A"
"2025-06-10 19:30";99.98;"A";4212.6;"A";4215.2;"A";6.79;"A";4;"A";2.79;"A";31.08;"A";25.76;"A";38;"A";24.24;"A";30.98;"A";1013.93;"A";33;"A";0;"A";5;"A";70;"A";0.33;"A";20;"A"
"2025-06-10 19:45";99.99;"A";4212.73;"A";4215.4;"A";7.76;"A";4.45;"A";2.84;"A";30.83;"A";25.91;"A";37;"A";24.08;"A";31.06;"A";1013.96;"A";32;"A";0;"A";5;"A";80;"A";0.67;"A";126.67;"A"
"2025-06-10 20:00";100;"A";4212.87;"A";4215.47;"A";7.93;"A";4.35;"A";2.88;"A";30.63;"A";26.19;"A";37;"A";23.8;"A";31.79;"A";1013.99;"A";31;"A";0;"A";6;"A";82;"A";0.33;"A";16.67;"A"
"2025-06-10 20:15";100;"A";4212.6;"A";4215.13;"A";5.68;"A";3.69;"A";2.6;"A";30.37;"A";26.84;"A";35;"A";23.51;"A";32.65;"A";1014.13;"A";29;"A";0;"A";6;"A";128;"A";0;"A";6.67;"A"
"2025-06-10 20:30";100;"A";4212.6;"A";4215.27;"A";7.33;"A";4.3;"A";2.74;"A";30.09;"A";26.62;"A";35;"A";23.2;"A";32.14;"A";1014.14;"A";29;"A";0;"A";6;"A";86;"A";0;"A";26.67;"A"
"2025-06-10 20:45";100;"A";4212.67;"A";4215.53;"A";7.05;"A";4;"A";2.92;"A";29.76;"A";26.68;"A";35;"A";22.79;"A";32.78;"A";1014.17;"A";29;"A";0;"A";7;"A";94;"A";0;"A";50;"A"
"2025-06-10 21:00";100;"A";4212.6;"A";4215.27;"A";8.61;"A";4.49;"A";3.11;"A";29.37;"A";27.61;"A";32;"A";22.36;"A";33.9;"A";1014.19;"A";24;"A";0;"A";7;"A";182;"A";0;"A";90;"A"
"2025-06-10 21:15";100;"A";4212.8;"A";4214.93;"A";9.71;"A";5.92;"A";4.08;"A";28.93;"A";28.98;"A";30;"A";21.64;"A";36.41;"A";1014.33;"A";21;"A";0;"A";9;"A";178;"A";0.67;"A";123.33;"A"
"2025-06-10 21:30";100;"A";4212.87;"A";4215.6;"A";9.73;"A";5.47;"A";3.88;"A";28.42;"A";30.37;"A";28;"A";21.09;"A";37.6;"A";1014.49;"A";18;"A";2;"A";10;"A";667;"A";0;"A";126.67;"A"
"2025-06-10 21:45";100;"A";4212.67;"A";4215.27;"A";11.52;"A";7.77;"A";5.4;"A";27.91;"A";30.63;"A";29;"A";20.7;"A";37.82;"A";1014.53;"A";18;"A";0;"A";11;"A";161;"A";0;"A";136.67;"A"
"2025-06-10 22:00";100;"A";4212.67;"A";4215.07;"A";13.44;"A";8.45;"A";5.9;"A";27.47;"A";30.99;"A";29;"A";20.36;"A";38.3;"A";1014.38;"A";19;"A";0;"A";10;"A";158;"A";0;"A";143.33;"A"
"2025-06-10 22:15";100;"A";4212.6;"A";4215.67;"A";11.63;"A";6.8;"A";4.78;"A";27.1;"A";31.94;"A";28;"A";20.14;"A";38.97;"A";1014.39;"A";21;"A";0;"A";7;"A";138;"A";0;"A";173.33;"A"
"2025-06-10 22:30";100;"A";4212.8;"A";4215.13;"A";9.36;"A";5.85;"A";4.2;"A";26.75;"A";32.65;"A";28;"A";19.79;"A";40.03;"A";1014.55;"A";21;"A";0;"A";7;"A";110;"A";0;"A";120;"A"
"2025-06-10 22:45";100;"A";4212.6;"A";4215.13;"A";10.12;"A";6.59;"A";4.46;"A";26.47;"A";33;"A";28;"A";19.55;"A";40.24;"A";1014.57;"A";22;"A";0;"A";6;"A";114;"A";0;"A";236.67;"A"
"2025-06-10 23:00";100;"A";4212.87;"A";4215.47;"A";11.63;"A";6.99;"A";4.8;"A";26.2;"A";33.22;"A";29;"A";19.38;"A";40.45;"A";1014.55;"A";22;"A";0;"A";7;"A";109;"A";0;"A";190;"A"
"2025-06-10 23:15";100;"A";4212.73;"A";4215.4;"A";14.35;"A";7.85;"A";5.16;"A";25.92;"A";34.17;"A";27;"A";18.96;"A";42.4;"A";1014.33;"A";20;"A";0;"A";8;"A";124;"A";0;"A";120;"A"
"2025-06-10 23:30";100;"A";4212.8;"A";4215.33;"A";16.74;"A";9.46;"A";5.96;"A";25.62;"A";35.15;"A";26;"A";18.73;"A";43.34;"A";1014.23;"A";19;"A";0;"A";7;"A";121;"A";0;"A";130;"A"
"2025-06-10 23:45";100;"A";4212.6;"A";4215;"A";17.33;"A";9.42;"A";6.17;"A";25.33;"A";36.05;"A";25;"A";18.47;"A";44.61;"A";1014.24;"A";18;"A";0;"A";7;"A";126;"A";0;"A";90;"A"
"2025-06-11 00:00";99.89;"A";4198;"A";4198.13;"A";18.09;"A";9.29;"A";6.41;"A";25.06;"A";36.88;"A";24;"A";18.28;"A";45.46;"A";1014.21;"A";17;"A";0;"A";7;"A";131;"A";0;"A";226.67;"A"
"2025-06-11 00:15";99.88;"A";4211.4;"A";4214.2;"A";16.91;"A";9.96;"A";6.84;"A";24.84;"A";37.81;"A";23;"A";18.05;"A";46.71;"A";1014.14;"A";16;"A";1;"A";7;"A";145;"A";0;"A";320;"A"
"2025-06-11 00:30";99.93;"A";4211.87;"A";4214.73;"A";15.36;"A";9.3;"A";6.7;"A";24.59;"A";39.23;"A";23;"A";17.75;"A";49.58;"A";1014.25;"A";15;"A";1;"A";8;"A";161;"A";0.67;"A";323.33;"A"
"2025-06-11 00:45";99.96;"A";4212.73;"A";4215.2;"A";15.9;"A";9.15;"A";6.3;"A";24.33;"A";41.73;"A";21;"A";17.54;"A";52.07;"A";1014.31;"A";13;"A";1;"A";8;"A";178;"A";0.33;"A";313.33;"A"
"2025-06-11 01:00";99.97;"A";4212.67;"A";4214.93;"A";14.75;"A";9.21;"A";6.33;"A";24.09;"A";42.57;"A";20;"A";17.33;"A";52.92;"A";1014.27;"A";12;"A";1;"A";8;"A";151;"A";0.33;"A";313.33;"A"
"2025-06-11 01:15";99.98;"A";4212.67;"A";4214.93;"A";14.87;"A";8.79;"A";5.95;"A";23.88;"A";43.17;"A";20;"A";17.15;"A";54.04;"A";1014.17;"A";12;"A";1;"A";8;"A";143;"A";0.33;"A";320;"A"
"2025-06-11 01:30";99.99;"A";4212.6;"A";4214.8;"A";15.01;"A";9.57;"A";6.45;"A";23.64;"A";44.33;"A";19;"A";16.89;"A";55.54;"A";1014.09;"A";11;"A";2;"A";8;"A";148;"A";0.33;"A";260;"A"
"2025-06-11 01:45";100;"A";4212.73;"A";4215.33;"A";16.53;"A";9.8;"A";6.49;"A";23.42;"A";45.42;"A";16;"A";16.71;"A";56.45;"A";1014;"A";8;"A";2;"A";8;"A";152;"A";0;"A";326.67;"A"
"2025-06-11 02:00";100;"A";4212.87;"A";4215.33;"A";14.87;"A";9.6;"A";6.55;"A";23.22;"A";47.02;"A";16;"A";16.49;"A";59.76;"A";1013.95;"A";7;"A";2;"A";8;"A";157;"A";0.33;"A";320;"A"
"2025-06-11 02:15";99.97;"A";4201.27;"A";4201.53;"A";15.67;"A";9.79;"A";6.65;"A";23.02;"A";48.09;"A";15;"A";16.26;"A";60.81;"A";1013.91;"A";7;"A";2;"A";7;"A";160;"A";0.67;"A";320;"A"
"2025-06-11 02:30";99.82;"A";4204.87;"A";4206.6;"A";15.81;"A";10.21;"A";6.55;"A";22.8;"A";49.85;"A";13;"A";16;"A";63.63;"A";1013.92;"A";6;"A";3;"A";7;"A";164;"A";0.67;"A";326.67;"A"
"2025-06-11 02:45";99.89;"A";4211.6;"A";4214.33;"A";14.19;"A";9.8;"A";6.75;"A";22.53;"A";50.53;"A";13;"A";15.84;"A";63.38;"A";1014.01;"A";6;"A";3;"A";7;"A";176;"A";0.67;"A";316.67;"A"
"2025-06-11 03:00";99.93;"A";4211.93;"A";4214.33;"A";16.69;"A";10.32;"A";7.13;"A";22.25;"A";51.11;"A";13;"A";15.59;"A";64.72;"A";1013.77;"A";6;"A";3;"A";7;"A";167;"A";0.67;"A";323.33;"A"
"2025-06-11 03:15";99.96;"A";4212.73;"A";4214.73;"A";20.1;"A";12.28;"A";8.1;"A";22.01;"A";51.89;"A";13;"A";15.4;"A";65.41;"A";1013.73;"A";6;"A";3;"A";7;"A";152;"A";0.67;"A";320;"A"
"2025-06-11 03:30";99.98;"A";4212.67;"A";4214.6;"A";19.24;"A";12.56;"A";8.5;"A";21.81;"A";51.8;"A";14;"A";15.34;"A";65.09;"A";1013.62;"A";5;"A";2;"A";9;"A";143;"A";0.33;"A";320;"A"
"2025-06-11 03:45";99.99;"A";4213;"A";4215.47;"A";20.71;"A";13.28;"A";9.23;"A";21.63;"A";52.61;"A";13;"A";15.03;"A";66.48;"A";1013.45;"A";5;"A";3;"A";8;"A";145;"A";0.67;"A";223.33;"A"
"2025-06-11 04:00";99.99;"A";4212.67;"A";4214.73;"A";22.44;"A";14.79;"A";10.02;"A";21.42;"A";53.78;"A";13;"A";14.96;"A";67.93;"A";1013.35;"A";4;"A";3;"A";9;"A";160;"A";0;"A";260;"A"
"2025-06-11 04:15";100;"A";4212.73;"A";4214.8;"A";22.53;"A";13.58;"A";9.01;"A";21.27;"A";54.54;"A";11;"A";14.74;"A";68.41;"A";1013.51;"A";5;"A";3;"A";7;"A";147;"A";0;"A";250;"A"
"2025-06-11 04:30";100;"A";4212.8;"A";4214.93;"A";20.01;"A";11.66;"A";7.69;"A";21.05;"A";53.67;"A";12;"A";14.73;"A";66.62;"A";1013.6;"A";5;"A";3;"A";7;"A";137;"A";0;"A";216.67;"A"
"2025-06-11 04:45";100;"A";4212.67;"A";4214.8;"A";14.15;"A";9.55;"A";6.57;"A";20.88;"A";53.53;"A";13;"A";14.41;"A";67.07;"A";1013.87;"A";6;"A";3;"A";7;"A";111;"A";0;"A";133.33;"A"
"2025-06-11 05:00";100;"A";4212.73;"A";4214.87;"A";14.55;"A";8.86;"A";6.04;"A";20.69;"A";52.6;"A";14;"A";14.23;"A";65.45;"A";1013.85;"A";8;"A";2;"A";6;"A";103;"A";0;"A";140;"A"
"2025-06-11 05:15";100;"A";4212.93;"A";4215.6;"A";15.18;"A";8.88;"A";6;"A";20.48;"A";51.93;"A";16;"A";14.09;"A";65.27;"A";1013.95;"A";8;"A";2;"A";7;"A";95;"A";0;"A";130;"A"
"2025-06-11 05:30";100;"A";4212.8;"A";4215.13;"A";16.02;"A";9.32;"A";6.12;"A";20.38;"A";52.62;"A";15;"A";14.11;"A";65.66;"A";1013.98;"A";8;"A";2;"A";7;"A";103;"A";0;"A";210;"A"
"2025-06-11 05:45";99.97;"A";4202.6;"A";4203.2;"A";15.9;"A";9.45;"A";6.15;"A";20.36;"A";53.47;"A";14;"A";14.23;"A";66.41;"A";1014.04;"A";7;"A";3;"A";8;"A";106;"A";0;"A";153.33;"A"
"2025-06-11 06:00";99.78;"A";4196.33;"A";4196.87;"A";15.73;"A";9.83;"A";6.39;"A";20.52;"A";54.12;"A";14;"A";14.81;"A";65.46;"A";1013.88;"A";8;"A";2;"A";7;"A";112;"A";0;"A";120;"A"
"2025-06-11 06:15";99.83;"A";4210.67;"A";4213.53;"A";15.13;"A";9.13;"A";6.51;"A";21.15;"A";52.7;"A";13;"A";16.1;"A";60.98;"A";1013.68;"A";7;"A";0;"A";6;"A";123;"A";0;"A";126.67;"A"
"2025-06-11 06:30";99.89;"A";4211.73;"A";4214.47;"A";15.7;"A";9.3;"A";6.27;"A";22.58;"A";48.65;"A";17;"A";17.5;"A";54.64;"A";1013.56;"A";10;"A";0;"A";7;"A";115;"A";0.33;"A";93.33;"A"
"2025-06-11 06:45";99.93;"A";4211.8;"A";4215.13;"A";17.21;"A";9.31;"A";6.33;"A";24.14;"A";44.12;"A";23;"A";18.58;"A";50.94;"A";1013.56;"A";10;"A";0;"A";13;"A";130;"A";0;"A";240;"A"
"2025-06-11 07:00";99.96;"A";4212.4;"A";4215.27;"A";18.56;"A";10.52;"A";6.71;"A";25.63;"A";40.98;"A";25;"A";19.93;"A";47.59;"A";1013.58;"A";6;"A";0;"A";20;"A";166;"A";0.67;"A";330;"A"
"2025-06-11 07:15";99.97;"A";4212.6;"A";4215.2;"A";19.35;"A";10.4;"A";6.72;"A";27.05;"A";38.69;"A";25;"A";21.2;"A";45.29;"A";1013.49;"A";6;"A";0;"A";19;"A";183;"A";0.33;"A";240;"A"
"2025-06-11 07:30";99.98;"A";4212.53;"A";4215;"A";20.56;"A";10.88;"A";7.06;"A";28.47;"A";36.71;"A";26;"A";22.22;"A";43.57;"A";1013.42;"A";7;"A";0;"A";18;"A";186;"A";0.67;"A";340;"A"
"2025-06-11 07:45";99.98;"A";4212.6;"A";4215.2;"A";19.13;"A";11.53;"A";7.93;"A";29.82;"A";34.62;"A";27;"A";23.76;"A";40.1;"A";1013.45;"A";9;"A";0;"A";18;"A";198;"A";0.67;"A";330;"A"
"2025-06-11 08:00";99.98;"A";4212.6;"A";4215.47;"A";16.07;"A";10.18;"A";7.27;"A";31.05;"A";32.17;"A";31;"A";24.51;"A";38.52;"A";1013.38;"A";12;"A";0;"A";19;"A";229;"A";0.33;"A";330;"A"
"2025-06-11 08:15";99.98;"A";4212.73;"A";4215.07;"A";14.95;"A";8.21;"A";5.58;"A";32.34;"A";29.11;"A";33;"A";25.99;"A";34.07;"A";1013.21;"A";16;"A";0;"A";17;"A";241;"A";0;"A";123.33;"A"
"2025-06-11 08:30";99.98;"A";4212.87;"A";4216;"A";28.97;"A";17.52;"A";12.1;"A";33.73;"A";26.39;"A";38;"A";27.16;"A";31.44;"A";1013.27;"A";16;"A";0;"A";22;"A";546;"A";0;"A";20;"A"
"2025-06-11 08:45";99.98;"A";4212.47;"A";4214.93;"A";16.57;"A";10.5;"A";7.28;"A";34.69;"A";24.5;"A";39;"A";27.42;"A";30.49;"A";1013.14;"A";24;"A";0;"A";15;"A";1278;"A";0.67;"A";93.33;"A"
"2025-06-11 09:00";99.98;"A";4207.93;"A";4209.67;"A";14.49;"A";8.19;"A";5.56;"A";35.31;"A";23.28;"A";39;"A";27.82;"A";28.85;"A";1013.12;"A";24;"A";0;"A";14;"A";235;"A";0.33;"A";133.33;"A"
"2025-06-11 09:15";99.83;"A";4198.13;"A";4199.8;"A";17.53;"A";11.33;"A";7.94;"A";35.87;"A";21.94;"A";39;"A";28.46;"A";26.94;"A";1013.16;"A";27;"A";0;"A";12;"A";287;"A";0.33;"A";120;"A"
"2025-06-11 09:30";99.85;"A";4210.6;"A";4214.33;"A";8.59;"A";4.65;"A";3.35;"A";36.31;"A";19.8;"A";41;"A";28.39;"A";24.5;"A";1013.02;"A";31;"A";0;"A";10;"A";78;"A";0.33;"A";0;"A"
"2025-06-11 09:45";99.89;"A";4211.33;"A";4214.87;"A";11.48;"A";7.56;"A";5.16;"A";36.34;"A";19.09;"A";42;"A";27.97;"A";24.53;"A";1012.87;"A";32;"A";0;"A";10;"A";178;"A";0;"A";70;"A"
"2025-06-11 10:00";99.92;"A";4211.87;"A";4214.87;"A";12.61;"A";8.52;"A";5.87;"A";36.2;"A";19.8;"A";39;"A";28.41;"A";25.01;"A";1012.75;"A";30;"A";0;"A";9;"A";241;"A";0;"A";170;"A"
"2025-06-11 10:15";99.94;"A";4211.67;"A";4215.13;"A";13.32;"A";8.93;"A";6;"A";36.54;"A";18.91;"A";42;"A";28.89;"A";24.09;"A";1012.55;"A";33;"A";0;"A";8;"A";177;"A";0.67;"A";250;"A"
"2025-06-11 10:30";99.96;"A";4211.67;"A";4214.73;"A";16.17;"A";9.78;"A";6.6;"A";36.78;"A";19.01;"A";43;"A";28.9;"A";24.62;"A";1012.5;"A";34;"A";0;"A";9;"A";254;"A";0.33;"A";230;"A"
"2025-06-11 10:45";99.96;"A";4211.73;"A";4215.13;"A";15.17;"A";8.96;"A";6.28;"A";36.96;"A";19.23;"A";42;"A";28.95;"A";24.78;"A";1012.51;"A";33;"A";0;"A";8;"A";285;"A";0;"A";6.67;"A"
"2025-06-11 11:00";99.95;"A";4206.27;"A";4209.93;"A";17.66;"A";12.12;"A";8.97;"A";36.75;"A";18.99;"A";44;"A";28.42;"A";25.16;"A";1012.28;"A";35;"A";0;"A";9;"A";588;"A";0;"A";193.33;"A"
"2025-06-11 11:15";99.92;"A";4211.73;"A";4214.8;"A";18.56;"A";11.53;"A";7.6;"A";36.65;"A";19.71;"A";41;"A";29.01;"A";24.84;"A";1012.24;"A";34;"A";0;"A";7;"A";437;"A";0;"A";96.67;"A"
"2025-06-11 11:30";99.94;"A";4211.87;"A";4215.33;"A";15.83;"A";10.34;"A";6.93;"A";36.79;"A";19.26;"A";44;"A";29.09;"A";24.39;"A";1011.99;"A";37;"A";0;"A";8;"A";338;"A";0.67;"A";246.67;"A"
"2025-06-11 11:45";99.96;"A";4211.6;"A";4214.87;"A";13.52;"A";9.06;"A";6.52;"A";36.66;"A";19.45;"A";45;"A";28.75;"A";25.57;"A";1011.83;"A";37;"A";0;"A";8;"A";298;"A";0.67;"A";250;"A"
"2025-06-11 12:00";99.97;"A";4211.73;"A";4215.2;"A";15.57;"A";9.97;"A";6.72;"A";36.26;"A";19.91;"A";44;"A";28.8;"A";24.64;"A";1011.58;"A";36;"A";0;"A";8;"A";318;"A";0.33;"A";120;"A"
"2025-06-11 12:15";99.98;"A";4211.73;"A";4215.27;"A";14.89;"A";9.44;"A";6.78;"A";36.18;"A";20.16;"A";42;"A";29.36;"A";24.15;"A";1011.38;"A";35;"A";0;"A";6;"A";263;"A";0;"A";53.33;"A"
"2025-06-11 12:30";99.98;"A";4211.93;"A";4214.87;"A";16.58;"A";10.46;"A";7.29;"A";36.51;"A";18.88;"A";46;"A";29.23;"A";23.28;"A";1011.16;"A";39;"A";0;"A";7;"A";280;"A";0;"A";46.67;"A"
"2025-06-11 12:45";99.98;"A";4212.27;"A";4215.4;"A";13.87;"A";9.38;"A";6.73;"A";36.52;"A";18.71;"A";47;"A";29.28;"A";23.57;"A";1010.82;"A";39;"A";0;"A";8;"A";290;"A";0.33;"A";123.33;"A"
"2025-06-11 13:00";99.98;"A";4212.53;"A";4215.87;"A";14.99;"A";10.3;"A";7.45;"A";36.64;"A";18.7;"A";44;"A";29.44;"A";22.97;"A";1010.79;"A";38;"A";0;"A";7;"A";406;"A";0;"A";113.33;"A"
"2025-06-11 13:15";99.99;"A";4212.2;"A";4215.13;"A";20.12;"A";11.12;"A";7.75;"A";36.7;"A";18.4;"A";45;"A";29.52;"A";23.11;"A";1010.7;"A";39;"A";0;"A";6;"A";410;"A";0.33;"A";36.67;"A"
"2025-06-11 13:30";99.99;"A";4212.33;"A";4215.4;"A";14.72;"A";10.38;"A";7.02;"A";36.72;"A";18.04;"A";47;"A";29.23;"A";22.56;"A";1010.48;"A";40;"A";0;"A";7;"A";361;"A";0;"A";40;"A"
"2025-06-11 13:45";99.99;"A";4212.53;"A";4215.07;"A";13;"A";7.97;"A";5.57;"A";36.52;"A";18.64;"A";44;"A";29.05;"A";23.25;"A";1010.29;"A";36;"A";0;"A";8;"A";364;"A";0.67;"A";133.33;"A"
"2025-06-11 14:00";99.99;"A";4212.53;"A";4215.67;"A";12.21;"A";7.96;"A";5.31;"A";36.2;"A";18.77;"A";45;"A";28.94;"A";23.54;"A";1010.2;"A";37;"A";0;"A";7;"A";329;"A";0;"A";100;"A"
"2025-06-11 14:15";100;"A";4212.73;"A";4215.4;"A";14.12;"A";8.03;"A";5.42;"A";36.12;"A";19.6;"A";40;"A";29.09;"A";23.5;"A";1010.04;"A";34;"A";0;"A";6;"A";368;"A";0.33;"A";130;"A"
"2025-06-11 14:30";100;"A";4212.8;"A";4215.87;"A";11.65;"A";7.96;"A";5.15;"A";36.08;"A";19.1;"A";43;"A";29.11;"A";23.18;"A";1009.95;"A";37;"A";0;"A";6;"A";280;"A";0;"A";116.67;"A"
"2025-06-11 14:45";100;"A";4212.53;"A";4214.73;"A";11.85;"A";7.53;"A";5.22;"A";36;"A";18.7;"A";46;"A";28.8;"A";23.2;"A";1009.66;"A";39;"A";0;"A";7;"A";257;"A";0;"A";116.67;"A"
"2025-06-11 15:00";100;"A";4212.47;"A";4215;"A";11.9;"A";7.41;"A";5.18;"A";35.92;"A";19.41;"A";44;"A";28.92;"A";23.67;"A";1009.48;"A";38;"A";0;"A";6;"A";243;"A";0.33;"A";200;"A"
"2025-06-11 15:15";100;"A";4212.6;"A";4215.27;"A";12.05;"A";7.61;"A";5.15;"A";35.76;"A";19.14;"A";46;"A";28.66;"A";23.27;"A";1009.42;"A";39;"A";0;"A";6;"A";197;"A";0;"A";133.33;"A"
"2025-06-11 15:30";100;"A";4212.47;"A";4215.33;"A";12.99;"A";7.88;"A";5.34;"A";35.6;"A";19.25;"A";44;"A";28.58;"A";23.17;"A";1009.05;"A";38;"A";0;"A";6;"A";175;"A";1;"A";123.33;"A"
"2025-06-11 15:45";100;"A";4212.73;"A";4215.53;"A";13.6;"A";8.03;"A";5.55;"A";35.55;"A";19.22;"A";46;"A";28.81;"A";23.09;"A";1009.01;"A";39;"A";0;"A";7;"A";193;"A";0.33;"A";266.67;"A"
"2025-06-11 16:00";100;"A";4212.87;"A";4216.07;"A";11.99;"A";7.3;"A";4.98;"A";35.57;"A";18.15;"A";46;"A";28.89;"A";21.37;"A";1008.93;"A";40;"A";0;"A";6;"A";95;"A";0.67;"A";130;"A"
"2025-06-11 16:15";100;"A";4212.53;"A";4215.27;"A";12.76;"A";8.39;"A";5.52;"A";35.56;"A";17.73;"A";47;"A";28.93;"A";20.95;"A";1008.77;"A";41;"A";0;"A";5;"A";83;"A";0;"A";196.67;"A"
"2025-06-11 16:30";100;"A";4212.53;"A";4215.13;"A";11.77;"A";7.91;"A";5.55;"A";35.6;"A";17.79;"A";46;"A";28.84;"A";21.26;"A";1008.63;"A";40;"A";0;"A";6;"A";105;"A";0.33;"A";126.67;"A"
"2025-06-11 16:45";100;"A";4212.6;"A";4215.2;"A";11.73;"A";8.08;"A";5.68;"A";35.63;"A";17.59;"A";49;"A";29.01;"A";21.23;"A";1008.43;"A";43;"A";0;"A";6;"A";85;"A";0;"A";50;"A"
"2025-06-11 17:00";100;"A";4212.6;"A";4215.2;"A";11.76;"A";8.09;"A";5.43;"A";35.65;"A";18.43;"A";47;"A";28.93;"A";22.04;"A";1008.33;"A";42;"A";0;"A";5;"A";82;"A";0;"A";103.33;"A"
"2025-06-11 17:15";100;"A";4212.73;"A";4215.93;"A";11.05;"A";7.76;"A";5.42;"A";35.57;"A";17.82;"A";48;"A";28.65;"A";21.29;"A";1008.2;"A";43;"A";0;"A";5;"A";63;"A";0.33;"A";103.33;"A"
"2025-06-11 17:30";100;"A";4212.73;"A";4215.47;"A";11.1;"A";8.05;"A";5.59;"A";35.39;"A";17.83;"A";50;"A";28.53;"A";21.6;"A";1007.97;"A";44;"A";0;"A";6;"A";70;"A";0;"A";103.33;"A"
"2025-06-11 17:45";100;"A";4212.53;"A";4215.47;"A";12.96;"A";8.27;"A";5.84;"A";35.27;"A";17.82;"A";51;"A";28.49;"A";21.41;"A";1007.91;"A";45;"A";0;"A";6;"A";78;"A";0.33;"A";193.33;"A"
"2025-06-11 18:00";100;"A";4212.53;"A";4215.53;"A";12.62;"A";8.37;"A";5.84;"A";35.2;"A";18.1;"A";51;"A";28.57;"A";21.84;"A";1007.89;"A";45;"A";0;"A";6;"A";87;"A";0;"A";83.33;"A"
"2025-06-11 18:15";100;"A";4212.6;"A";4215.27;"A";14.03;"A";9.45;"A";6.08;"A";35.23;"A";19.07;"A";47;"A";28.76;"A";22.6;"A";1007.9;"A";42;"A";0;"A";6;"A";133;"A";0.33;"A";226.67;"A"
"2025-06-11 18:30";100;"A";4212.53;"A";4215.27;"A";13.51;"A";9.15;"A";6.61;"A";35.28;"A";19.16;"A";47;"A";28.65;"A";22.96;"A";1007.96;"A";41;"A";0;"A";6;"A";116;"A";0.33;"A";220;"A"
"2025-06-11 18:45";100;"A";4212.67;"A";4215.73;"A";14.09;"A";9.65;"A";6.46;"A";35.24;"A";19.44;"A";46;"A";28.53;"A";22.95;"A";1007.97;"A";41;"A";0;"A";6;"A";152;"A";0;"A";330;"A"
"2025-06-11 19:00";100;"A";4212.8;"A";4215.6;"A";12.91;"A";9.07;"A";6.46;"A";35.1;"A";19.72;"A";47;"A";28.22;"A";24.09;"A";1007.8;"A";41;"A";0;"A";6;"A";125;"A";1;"A";340;"A"
"2025-06-11 19:15";100;"A";4212.6;"A";4215.33;"A";12.52;"A";9.83;"A";6.75;"A";34.89;"A";20.13;"A";44;"A";28.04;"A";24.04;"A";1007.8;"A";39;"A";0;"A";5;"A";147;"A";0;"A";230;"A"
"2025-06-11 19:30";99.91;"A";4202.8;"A";4204.13;"A";15.53;"A";11.25;"A";7.85;"A";34.65;"A";20.25;"A";44;"A";27.63;"A";24.84;"A";1007.9;"A";34;"A";0;"A";11;"A";210;"A";0.67;"A";263.33;"A"
"2025-06-11 19:45";99.92;"A";4211.4;"A";4215.13;"A";18.15;"A";12.72;"A";8.7;"A";34.31;"A";20.92;"A";44;"A";27.25;"A";25.76;"A";1007.83;"A";38;"A";0;"A";6;"A";191;"A";0;"A";336.67;"A"
"2025-06-11 20:00";99.95;"A";4211.73;"A";4214.93;"A";18.76;"A";12.26;"A";8.49;"A";33.84;"A";21.68;"A";42;"A";26.61;"A";26.89;"A";1007.79;"A";35;"A";0;"A";7;"A";155;"A";0;"A";126.67;"A"
"2025-06-11 20:15";99.97;"A";4211.93;"A";4215.4;"A";18.59;"A";13.15;"A";8.9;"A";33.35;"A";22.79;"A";40;"A";26.08;"A";28.23;"A";1007.57;"A";33;"A";0;"A";7;"A";168;"A";0;"A";183.33;"A"
"2025-06-11 20:30";99.98;"A";4212.67;"A";4215.2;"A";22.48;"A";15.18;"A";10.6;"A";32.85;"A";23.23;"A";40;"A";25.66;"A";28.85;"A";1007.53;"A";29;"A";0;"A";11;"A";205;"A";0.67;"A";140;"A"
"2025-06-11 20:45";99.99;"A";4212.6;"A";4215.13;"A";23.07;"A";16.05;"A";11;"A";32.37;"A";25.23;"A";36;"A";25.11;"A";31.49;"A";1007.61;"A";25;"A";0;"A";11;"A";319;"A";0.33;"A";130;"A"
"2025-06-11 21:00";100;"A";4212.6;"A";4215.07;"A";26.95;"A";17.96;"A";12.16;"A";31.82;"A";25.93;"A";34;"A";24.58;"A";32.27;"A";1007.53;"A";20;"A";0;"A";15;"A";336;"A";0;"A";136.67;"A"
"2025-06-11 21:15";100;"A";4212.6;"A";4215.2;"A";25.71;"A";17.22;"A";11.81;"A";31.33;"A";26.68;"A";33;"A";24.11;"A";33.02;"A";1007.61;"A";20;"A";0;"A";13;"A";325;"A";0;"A";183.33;"A"
"2025-06-11 21:30";100;"A";4212.67;"A";4215.27;"A";25.75;"A";16.53;"A";11.11;"A";30.78;"A";27.5;"A";34;"A";23.48;"A";34.59;"A";1007.7;"A";19;"A";0;"A";15;"A";379;"A";0.67;"A";123.33;"A"
"2025-06-11 21:45";99.97;"A";4202.13;"A";4203.27;"A";26.27;"A";17.83;"A";12;"A";30.27;"A";28.65;"A";32;"A";23.05;"A";36.01;"A";1007.82;"A";16;"A";0;"A";16;"A";393;"A";0;"A";306.67;"A"
"2025-06-11 22:00";99.89;"A";4211.53;"A";4214.8;"A";27.41;"A";17.72;"A";12.4;"A";29.76;"A";30.16;"A";29;"A";22.73;"A";37.52;"A";1007.88;"A";14;"A";0;"A";15;"A";390;"A";0;"A";183.33;"A"
"2025-06-11 22:15";99.93;"A";4211.6;"A";4214.87;"A";27.99;"A";17.67;"A";12.62;"A";29.33;"A";31.35;"A";29;"A";22.27;"A";38.86;"A";1007.88;"A";13;"A";0;"A";16;"A";387;"A";0;"A";320;"A"
"2025-06-11 22:30";99.96;"A";4212.13;"A";4215.27;"A";31.99;"A";21.46;"A";14.31;"A";28.88;"A";33.07;"A";27;"A";21.71;"A";42.5;"A";1007.97;"A";10;"A";1;"A";17;"A";398;"A";0;"A";196.67;"A"
"2025-06-11 22:45";99.98;"A";4212.6;"A";4215;"A";43.43;"A";28.49;"A";19.03;"A";28.41;"A";36.23;"A";25;"A";21.18;"A";46.1;"A";1008.01;"A";2;"A";2;"A";24;"A";526;"A";0.33;"A";336.67;"A"
"2025-06-11 23:00";99.99;"A";4212.67;"A";4215.4;"A";44.19;"A";29.69;"A";19.9;"A";27.92;"A";37.73;"A";21;"A";20.8;"A";47.55;"A";1008.15;"A";1;"A";2;"A";21;"A";526;"A";0;"A";213.33;"A"
"2025-06-11 23:15";100;"A";4212.6;"A";4215.2;"A";50.68;"A";33.8;"A";22.42;"A";27.51;"A";39.58;"A";21;"A";20.55;"A";50.21;"A";1008.09;"A";0;"A";3;"A";25;"A";590;"A";0;"A";266.67;"A"
"2025-06-11 23:30";100;"A";4213;"A";4216.13;"A";55.08;"A";36.77;"A";24.93;"A";27.16;"A";40.73;"A";20;"A";20.08;"A";51.27;"A";1007.95;"A";0;"A";3;"A";25;"A";617;"A";0;"A";206.67;"A"
"2025-06-11 23:45";100;"A";4212.73;"A";4215;"A";54.92;"A";35.75;"A";23.38;"A";26.82;"A";43.01;"A";19;"A";19.81;"A";55;"A";1007.87;"A";0;"A";4;"A";24;"A";561;"A";1;"A";336.67;"A"
"2025-06-12 00:00";100;"A";4212.8;"A";4215;"A";52.58;"A";35.03;"A";23.04;"A";26.49;"A";43.52;"A";15;"A";19.71;"A";53.55;"A";1007.79;"A";0;"A";4;"A";18;"A";509;"A";0.33;"A";136.67;"A"
"2025-06-12 00:15";100;"A";4212.67;"A";4215.2;"A";46.91;"A";31.1;"A";20.94;"A";26.27;"A";43.22;"A";17;"A";19.57;"A";53.1;"A";1007.65;"A";1;"A";3;"A";16;"A";421;"A";0;"A";266.67;"A"
"2025-06-12 00:30";100;"A";4212.67;"A";4215.2;"A";45.32;"A";28.2;"A";19.38;"A";26.15;"A";42.65;"A";19;"A";19.77;"A";51.61;"A";1007.55;"A";3;"A";2;"A";17;"A";367;"A";0;"A";160;"A"
"2025-06-12 00:45";100;"A";4212.6;"A";4215.13;"A";43.66;"A";24.25;"A";15.67;"A";26.24;"A";38.94;"A";27;"A";20.27;"A";44.27;"A";1007.47;"A";10;"A";0;"A";17;"A";275;"A";0;"A";143.33;"A"
"2025-06-12 01:00";100;"A";4213;"A";4215.87;"A";38.85;"A";22.28;"A";14.77;"A";26.5;"A";37.5;"A";29;"A";20.55;"A";43.62;"A";1007.36;"A";13;"A";0;"A";16;"A";269;"A";0;"A";133.33;"A"
"2025-06-12 01:15";100;"A";4212.73;"A";4215.07;"A";34.09;"A";20.62;"A";14.12;"A";26.81;"A";36.04;"A";30;"A";20.91;"A";41.39;"A";1007.61;"A";17;"A";0;"A";13;"A";277;"A";0;"A";150;"A"
"2025-06-12 01:30";100;"A";4212.67;"A";4215.27;"A";29.39;"A";17.43;"A";11.63;"A";27.12;"A";33.44;"A";35;"A";21.21;"A";38.16;"A";1007.58;"A";22;"A";0;"A";13;"A";167;"A";0;"A";266.67;"A"
"2025-06-12 01:45";100;"A";4212.73;"A";4215.2;"A";26.68;"A";16.14;"A";10.91;"A";27.4;"A";32.26;"A";36;"A";21.38;"A";37.68;"A";1007.33;"A";25;"A";0;"A";10;"A";149;"A";0;"A";123.33;"A"
"2025-06-12 02:00";100;"A";4212.67;"A";4214.87;"A";26.34;"A";16.26;"A";11.05;"A";27.53;"A";32.62;"A";34;"A";21.16;"A";38.87;"A";1007.57;"A";25;"A";0;"A";10;"A";160;"A";0;"A";96.67;"A"
"2025-06-12 02:15";100;"A";4212.73;"A";4215.4;"A";25.62;"A";17.09;"A";11.66;"A";27.59;"A";35.17;"A";35;"A";21.23;"A";43.69;"A";1007.63;"A";26;"A";0;"A";9;"A";175;"A";0.67;"A";346.67;"A"
"2025-06-12 02:30";100;"A";4213;"A";4215.73;"A";24.33;"A";18.48;"A";11.91;"A";27.61;"A";38.15;"A";33;"A";21.2;"A";46.67;"A";1007.78;"A";28;"A";0;"A";4;"A";149;"A";1;"A";343.33;"A"
"2025-06-12 02:45";100;"A";4212.67;"A";4215;"A";23.36;"A";17.57;"A";11.81;"A";27.58;"A";39.87;"A";32;"A";21.12;"A";48.85;"A";1007.87;"A";28;"A";0;"A";4;"A";132;"A";0.67;"A";336.67;"A"
"2025-06-12 03:00";99.99;"A";4212.6;"A";4215.2;"A";23.72;"A";18.54;"A";12.78;"A";27.51;"A";40.7;"A";32;"A";20.98;"A";49.88;"A";1007.93;"A";28;"A";0;"A";5;"A";137;"A";1;"A";336.67;"A"
"2025-06-12 03:15";100;"A";4212.67;"A";4215.27;"A";23.13;"A";17.73;"A";12.24;"A";27.44;"A";41.35;"A";32;"A";20.84;"A";51.13;"A";1007.9;"A";27;"A";0;"A";5;"A";128;"A";1;"A";226.67;"A"
"2025-06-12 03:30";100;"A";4212.73;"A";4215.07;"A";22.58;"A";17.26;"A";11.31;"A";27.33;"A";42.34;"A";31;"A";20.86;"A";51.84;"A";1007.84;"A";27;"A";0;"A";4;"A";112;"A";0;"A";336.67;"A"
"2025-06-12 03:45";100;"A";4212.67;"A";4215;"A";21.35;"A";16.28;"A";11.39;"A";27.26;"A";42.79;"A";31;"A";20.75;"A";52.6;"A";1007.69;"A";27;"A";0;"A";5;"A";113;"A";0;"A";313.33;"A"
"2025-06-12 04:00";100;"A";4212.87;"A";4215.4;"A";21.12;"A";16.31;"A";11.27;"A";27.2;"A";43.76;"A";31;"A";20.65;"A";54.23;"A";1007.72;"A";27;"A";0;"A";4;"A";112;"A";0.33;"A";333.33;"A"
"2025-06-12 04:15";99.93;"A";4194.67;"A";4194.87;"A";18.1;"A";14.56;"A";10.43;"A";27.14;"A";45.9;"A";32;"A";20.69;"A";56.86;"A";1007.6;"A";28;"A";0;"A";4;"A";111;"A";0;"A";340;"A"
"2025-06-12 04:30";99.76;"A";4203;"A";4206;"A";24.68;"A";19.89;"A";13.48;"A";27.11;"A";48.57;"A";35;"A";20.48;"A";61.41;"A";1007.39;"A";30;"A";0;"A";5;"A";142;"A";0;"A";156.67;"A"
"2025-06-12 04:45";99.85;"A";4210.87;"A";4214.07;"A";21.09;"A";16.16;"A";11.23;"A";26.98;"A";49.99;"A";33;"A";20.2;"A";62.24;"A";1007.14;"A";29;"A";0;"A";4;"A";107;"A";0.67;"A";230;"A"
"2025-06-12 05:00";99.9;"A";4211.6;"A";4214.53;"A";20.36;"A";15.72;"A";11.1;"A";26.77;"A";52.56;"A";34;"A";19.85;"A";68.12;"A";1007.21;"A";29;"A";0;"A";5;"A";115;"A";0.33;"A";346.67;"A"
"2025-06-12 05:15";99.94;"A";4211.8;"A";4214.67;"A";25.91;"A";19.66;"A";13.14;"A";26.43;"A";54.78;"A";32;"A";19.27;"A";70.47;"A";1007.51;"A";28;"A";0;"A";5;"A";118;"A";0.67;"A";270;"A"
"2025-06-12 05:30";99.96;"A";4212.67;"A";4215.13;"A";31.1;"A";23.46;"A";15.77;"A";26.03;"A";56.9;"A";29;"A";19.15;"A";72.48;"A";1007.21;"A";25;"A";0;"A";4;"A";136;"A";0.33;"A";120;"A"
"2025-06-12 05:45";99.97;"A";4212.93;"A";4215.27;"A";24.19;"A";18.58;"A";12.82;"A";25.83;"A";56.65;"A";31;"A";19.12;"A";70.47;"A";1007.13;"A";28;"A";0;"A";4;"A";119;"A";0.33;"A";256.67;"A"
"2025-06-12 06:00";99.98;"A";4212.6;"A";4214.87;"A";24.17;"A";18.8;"A";13.04;"A";25.69;"A";57.04;"A";34;"A";19.01;"A";72.62;"A";1007.32;"A";28;"A";0;"A";6;"A";123;"A";0;"A";76.67;"A"
"2025-06-12 06:15";99.99;"A";4212.67;"A";4215;"A";22.88;"A";17.93;"A";12.92;"A";25.55;"A";59.07;"A";29;"A";18.81;"A";75.17;"A";1007.44;"A";24;"A";0;"A";5;"A";128;"A";0.33;"A";246.67;"A"
"2025-06-12 06:30";99.99;"A";4212.67;"A";4215.47;"A";29.66;"A";21.09;"A";18.2;"A";25.63;"A";59.94;"A";28;"A";18.9;"A";75.83;"A";1007.61;"A";24;"A";0;"A";4;"A";155;"A";0;"A";316.67;"A"
"2025-06-12 06:45";100;"A";4212.73;"A";4215.33;"A";31.12;"A";23.04;"A";16.46;"A";25.52;"A";59.79;"A";29;"A";18.92;"A";74.7;"A";1007.53;"A";24;"A";0;"A";5;"A";150;"A";0.33;"A";320;"A"
"2025-06-12 07:00";100;"A";4212.8;"A";4215.2;"A";25.7;"A";18.71;"A";14.83;"A";25.51;"A";59.92;"A";31;"A";19.05;"A";74.38;"A";1007.59;"A";25;"A";0;"A";5;"A";149;"A";0;"A";226.67;"A"
"2025-06-12 07:15";100;"A";4212.93;"A";4215.53;"A";26.15;"A";18.18;"A";16.01;"A";25.93;"A";60.03;"A";30;"A";19.01;"A";76.72;"A";1007.64;"A";24;"A";0;"A";6;"A";185;"A";0;"A";226.67;"A"
"2025-06-12 07:30";100;"A";4212.6;"A";4214.93;"A";21.92;"A";15.37;"A";13.45;"A";26.11;"A";60.12;"A";29;"A";19.13;"A";76.87;"A";1007.62;"A";24;"A";0;"A";5;"A";146;"A";0;"A";273.33;"A"
"2025-06-12 07:45";99.99;"A";4206.4;"A";4207.73;"A";24.88;"A";17.43;"A";15.11;"A";26.61;"A";59.71;"A";26;"A";20.05;"A";74.99;"A";1007.55;"A";22;"A";0;"A";4;"A";210;"A";0;"A";340;"A"
"2025-06-12 08:00";99.82;"A";4195.33;"A";4196.27;"A";32.31;"A";22.53;"A";15.11;"A";26.84;"A";58.83;"A";28;"A";21;"A";70.37;"A";1007.7;"A";23;"A";0;"A";5;"A";190;"A";0.67;"A";343.33;"A"
"2025-06-12 08:15";99.84;"A";4210.6;"A";4214.33;"A";28.41;"A";22.61;"A";15.43;"A";27.72;"A";55.31;"A";31;"A";21.98;"A";65.47;"A";1007.91;"A";24;"A";0;"A";6;"A";153;"A";1.33;"A";346.67;"A"
"2025-06-12 08:30";99.9;"A";4211.4;"A";4214.6;"A";31.96;"A";23.6;"A";15.99;"A";28.86;"A";50.95;"A";30;"A";23.3;"A";58.64;"A";1007.82;"A";25;"A";0;"A";5;"A";189;"A";1;"A";230;"A"
"2025-06-12 08:45";99.94;"A";4212;"A";4215.6;"A";28.56;"A";22.76;"A";15.83;"A";29.99;"A";46.73;"A";36;"A";23.55;"A";56.83;"A";1007.89;"A";29;"A";0;"A";8;"A";169;"A";1.67;"A";346.67;"A"
"2025-06-12 09:00";99.96;"A";4211.67;"A";4215;"A";28.53;"A";22.61;"A";15.54;"A";30.74;"A";44.82;"A";33;"A";24.48;"A";54.19;"A";1007.76;"A";28;"A";0;"A";6;"A";180;"A";0.67;"A";350;"A"
"2025-06-12 09:15";99.97;"A";4211.87;"A";4215.6;"A";29.84;"A";22.68;"A";15.08;"A";31.82;"A";41.85;"A";34;"A";25.47;"A";49.99;"A";1007.85;"A";29;"A";0;"A";6;"A";195;"A";1;"A";233.33;"A"
"2025-06-12 09:30";99.98;"A";4212.33;"A";4215.33;"A";32.04;"A";23.67;"A";15.71;"A";32.91;"A";38.3;"A";39;"A";26.32;"A";46.95;"A";1007.87;"A";30;"A";0;"A";9;"A";238;"A";0.67;"A";346.67;"A"
"2025-06-12 09:45";99.98;"A";4212.4;"A";4214.8;"A";27.55;"A";20.81;"A";13.92;"A";33.86;"A";35.91;"A";39;"A";26.82;"A";44.28;"A";1007.93;"A";31;"A";0;"A";8;"A";201;"A";1.67;"A";350;"A"
"2025-06-12 10:00";99.98;"A";4212.47;"A";4214.8;"A";22.66;"A";18.42;"A";12.68;"A";34.45;"A";34.18;"A";40;"A";26.89;"A";43.42;"A";1007.92;"A";32;"A";0;"A";8;"A";205;"A";0.67;"A";230;"A"
"2025-06-12 10:15";99.98;"A";4213;"A";4216;"A";20.15;"A";15.96;"A";11.19;"A";34.8;"A";33.01;"A";41;"A";27.42;"A";41.83;"A";1008.04;"A";32;"A";0;"A";9;"A";188;"A";1.33;"A";346.67;"A"
"2025-06-12 10:30";99.98;"A";4212.27;"A";4215.33;"A";18.82;"A";14.82;"A";10.54;"A";35.11;"A";31.74;"A";42;"A";27.56;"A";40.3;"A";1008;"A";34;"A";0;"A";7;"A";210;"A";0.33;"A";236.67;"A"
"2025-06-12 10:45";99.98;"A";4212.53;"A";4215.33;"A";19.29;"A";15.17;"A";10.92;"A";35.32;"A";30.52;"A";43;"A";27.31;"A";39.91;"A";1008;"A";33;"A";0;"A";10;"A";251;"A";0.67;"A";233.33;"A"
"2025-06-12 11:00";99.98;"A";4212.47;"A";4215.07;"A";20.01;"A";15.36;"A";10.72;"A";35.18;"A";30.89;"A";43;"A";27.59;"A";39.94;"A";1007.84;"A";35;"A";0;"A";8;"A";195;"A";1;"A";113.33;"A"
"2025-06-12 11:15";99.98;"A";4212.53;"A";4215.4;"A";19.03;"A";15.18;"A";10.37;"A";35.28;"A";30.94;"A";41;"A";28.12;"A";38.88;"A";1007.84;"A";35;"A";0;"A";7;"A";199;"A";1;"A";233.33;"A"
"2025-06-12 11:30";99.83;"A";4184.73;"A";4184.13;"A";20.74;"A";15.79;"A";10.58;"A";35.49;"A";30.23;"A";43;"A";28.23;"A";38.14;"A";1007.88;"A";35;"A";0;"A";8;"A";217;"A";0.67;"A";350;"A"
"2025-06-12 11:45";99.76;"A";4209.47;"A";4214.2;"A";19.88;"A";15.81;"A";10.99;"A";35.54;"A";29.79;"A";46;"A";27.81;"A";38.84;"A";1007.86;"A";37;"A";0;"A";8;"A";211;"A";1.33;"A";350;"A"
"2025-06-12 12:00";99.84;"A";4210.47;"A";4214.33;"A";21.39;"A";17.47;"A";11.68;"A";35.25;"A";29.86;"A";45;"A";27.71;"A";38.32;"A";1007.97;"A";37;"A";0;"A";8;"A";196;"A";1.33;"A";120;"A"
"2025-06-12 12:15";99.89;"A";4211.13;"A";4214.8;"A";19.23;"A";15.36;"A";11.23;"A";35.08;"A";29.83;"A";45;"A";27.83;"A";37.48;"A";1007.84;"A";37;"A";0;"A";8;"A";245;"A";1.33;"A";230;"A"
"2025-06-12 12:30";99.93;"A";4211.47;"A";4214.87;"A";18.77;"A";14.57;"A";10.13;"A";35.07;"A";29.93;"A";43;"A";28.04;"A";37.3;"A";1007.98;"A";36;"A";0;"A";7;"A";297;"A";0.67;"A";0;"A"
"2025-06-12 12:45";99.95;"A";4211.8;"A";4215.07;"A";15.07;"A";12.04;"A";8.54;"A";35.29;"A";29.17;"A";43;"A";28.35;"A";36.34;"A";1007.97;"A";36;"A";0;"A";7;"A";213;"A";1.33;"A";236.67;"A"
"2025-06-12 13:00";99.97;"A";4211.67;"A";4214.93;"A";15.92;"A";12.49;"A";8.87;"A";35.45;"A";28.35;"A";44;"A";28.4;"A";36.07;"A";1007.96;"A";36;"A";0;"A";8;"A";211;"A";1;"A";250;"A"
"2025-06-12 13:15";99.98;"A";4212;"A";4215.93;"A";14.64;"A";11.14;"A";7.76;"A";35.56;"A";28.06;"A";42;"A";28.47;"A";35.36;"A";1007.84;"A";35;"A";0;"A";7;"A";182;"A";1.33;"A";350;"A"
"2025-06-12 13:30";99.98;"A";4211.93;"A";4214.93;"A";14.37;"A";10.66;"A";7.23;"A";35.69;"A";27.72;"A";42;"A";28.53;"A";34.69;"A";1007.85;"A";35;"A";0;"A";7;"A";179;"A";0.33;"A";136.67;"A"
"2025-06-12 13:45";99.99;"A";4212.07;"A";4215.07;"A";13.1;"A";9.7;"A";7.01;"A";35.73;"A";27.34;"A";43;"A";28.52;"A";34.61;"A";1007.76;"A";36;"A";0;"A";7;"A";160;"A";0.67;"A";233.33;"A"
"2025-06-12 14:00";99.99;"A";4212.4;"A";4215.07;"A";14.46;"A";11.02;"A";8.18;"A";35.58;"A";27.22;"A";44;"A";28.32;"A";34.76;"A";1007.63;"A";37;"A";0;"A";7;"A";241;"A";1;"A";116.67;"A"
"2025-06-12 14:15";99.99;"A";4212.53;"A";4215.6;"A";11.77;"A";9.35;"A";6.34;"A";35.46;"A";27.95;"A";41;"A";28.4;"A";35.02;"A";1007.66;"A";36;"A";0;"A";5;"A";183;"A";0.33;"A";23.33;"A"
"2025-06-12 14:30";100;"A";4212.47;"A";4215.27;"A";10.54;"A";7.79;"A";5.57;"A";35.33;"A";27.24;"A";44;"A";28;"A";34.36;"A";1007.55;"A";37;"A";0;"A";7;"A";186;"A";1;"A";130;"A"
"2025-06-12 14:45";100;"A";4213;"A";4215.87;"A";11.74;"A";8.03;"A";5.34;"A";35.1;"A";27.4;"A";44;"A";28.01;"A";34.88;"A";1007.45;"A";37;"A";0;"A";7;"A";165;"A";1.33;"A";116.67;"A"
"2025-06-12 15:00";100;"A";4212.6;"A";4215.13;"A";12.35;"A";9.28;"A";6.49;"A";34.91;"A";28.56;"A";41;"A";27.55;"A";36.51;"A";1007.48;"A";36;"A";0;"A";6;"A";228;"A";1;"A";230;"A"
"2025-06-12 15:15";100;"A";4212.6;"A";4215.2;"A";11.87;"A";8.82;"A";6.24;"A";34.67;"A";27.75;"A";41;"A";27.6;"A";34.62;"A";1007.39;"A";35;"A";0;"A";7;"A";180;"A";1;"A";123.33;"A"
"2025-06-12 15:30";100;"A";4212.6;"A";4215.33;"A";13.52;"A";9.35;"A";6.2;"A";34.5;"A";27.94;"A";41;"A";27.43;"A";34.98;"A";1007.57;"A";35;"A";0;"A";6;"A";184;"A";1;"A";233.33;"A"
"2025-06-12 15:45";100;"A";4212.6;"A";4214.93;"A";11.78;"A";9.55;"A";6.85;"A";34.32;"A";28.66;"A";41;"A";27.28;"A";36.47;"A";1007.68;"A";34;"A";0;"A";7;"A";200;"A";1.67;"A";233.33;"A"
"2025-06-12 16:00";100;"A";4212.4;"A";4215.07;"A";13.22;"A";9.81;"A";7.03;"A";34.19;"A";29.49;"A";40;"A";27.21;"A";36.81;"A";1007.75;"A";34;"A";0;"A";5;"A";238;"A";1.67;"A";116.67;"A"
"2025-06-12 16:15";100;"A";4212.93;"A";4215.8;"A";12.74;"A";9.41;"A";7;"A";34.01;"A";29.82;"A";39;"A";26.82;"A";37.75;"A";1007.86;"A";33;"A";0;"A";6;"A";204;"A";2;"A";233.33;"A"
"2025-06-12 16:30";100;"A";4212.6;"A";4214.93;"A";13.73;"A";9.81;"A";7.12;"A";33.76;"A";30.18;"A";39;"A";26.72;"A";37.23;"A";1007.78;"A";34;"A";0;"A";6;"A";213;"A";1;"A";233.33;"A"
"2025-06-12 16:45";100;"A";4212.6;"A";4215.4;"A";14.46;"A";10.35;"A";7.2;"A";33.55;"A";29.68;"A";41;"A";26.53;"A";37.13;"A";1007.88;"A";34;"A";0;"A";7;"A";199;"A";1.33;"A";233.33;"A"
"2025-06-12 17:00";100;"A";4212.53;"A";4215.27;"A";13.13;"A";9.32;"A";6.67;"A";33.37;"A";29.88;"A";39;"A";26.58;"A";36.74;"A";1007.64;"A";33;"A";0;"A";6;"A";188;"A";1;"A";233.33;"A"
"2025-06-12 17:15";100;"A";4212.6;"A";4215;"A";11.19;"A";8.17;"A";5.68;"A";33.29;"A";29.2;"A";40;"A";26.52;"A";35.2;"A";1007.6;"A";34;"A";0;"A";6;"A";158;"A";1.33;"A";350;"A"
"2025-06-12 17:30";100;"A";4212.6;"A";4215.07;"A";10.84;"A";8.25;"A";5.62;"A";33.18;"A";28.33;"A";41;"A";26.41;"A";34.71;"A";1007.53;"A";34;"A";0;"A";7;"A";171;"A";0.67;"A";233.33;"A"
"2025-06-12 17:45";100;"A";4213;"A";4216.13;"A";9.93;"A";7.68;"A";5.46;"A";33.02;"A";28.66;"A";41;"A";26.18;"A";35.55;"A";1007.54;"A";35;"A";0;"A";6;"A";186;"A";0.67;"A";120;"A"
"2025-06-12 18:00";100;"A";4212.73;"A";4215.33;"A";12.85;"A";8.25;"A";5.55;"A";32.86;"A";29.34;"A";42;"A";25.91;"A";36.89;"A";1007.66;"A";35;"A";0;"A";7;"A";164;"A";2;"A";350;"A"
"2025-06-12 18:15";100;"A";4212.6;"A";4215.27;"A";13.78;"A";8.86;"A";5.81;"A";32.63;"A";30.77;"A";38;"A";25.53;"A";38.28;"A";1007.73;"A";34;"A";0;"A";5;"A";170;"A";1.67;"A";116.67;"A"
"2025-06-12 18:30";100;"A";4212.6;"A";4215.2;"A";13.76;"A";9.24;"A";6.41;"A";32.28;"A";30.62;"A";39;"A";25.17;"A";38.2;"A";1007.94;"A";34;"A";0;"A";5;"A";210;"A";1;"A";243.33;"A"
"2025-06-12 18:45";100;"A";4212.67;"A";4215.4;"A";11.88;"A";7.64;"A";5.49;"A";31.89;"A";30.45;"A";41;"A";24.69;"A";37.93;"A";1008.02;"A";35;"A";0;"A";6;"A";176;"A";2;"A";116.67;"A"
"2025-06-12 19:00";99.89;"A";4189.73;"A";4189.2;"A";13.02;"A";7.44;"A";4.91;"A";31.47;"A";30.44;"A";41;"A";24.32;"A";37.89;"A";1008.16;"A";35;"A";0;"A";5;"A";218;"A";1.67;"A";233.33;"A"
"2025-06-12 19:15";99.81;"A";4210.4;"A";4214.4;"A";12.46;"A";7.94;"A";5.38;"A";31.03;"A";30.29;"A";40;"A";24.02;"A";37.11;"A";1008.47;"A";35;"A";0;"A";5;"A";208;"A";1.33;"A";233.33;"A"
"2025-06-12 19:30";99.88;"A";4210.93;"A";4214.33;"A";13.83;"A";8.9;"A";5.86;"A";30.65;"A";28.73;"A";41;"A";23.74;"A";34.21;"A";1008.54;"A";34;"A";0;"A";7;"A";223;"A";1.33;"A";116.67;"A"
"2025-06-12 19:45";99.93;"A";4211.67;"A";4214.53;"A";11.28;"A";7.95;"A";5.61;"A";30.34;"A";27.1;"A";44;"A";23.47;"A";32.72;"A";1008.82;"A";37;"A";0;"A";7;"A";208;"A";1.33;"A";0;"A"
"2025-06-12 20:00";99.95;"A";4211.67;"A";4214.73;"A";11.32;"A";7.66;"A";5.35;"A";30.04;"A";26.59;"A";44;"A";23.17;"A";32.05;"A";1008.96;"A";37;"A";0;"A";7;"A";213;"A";1.33;"A";233.33;"A"
"2025-06-12 20:15";99.97;"A";4211.93;"A";4214.93;"A";11.14;"A";7.34;"A";5.17;"A";29.76;"A";25.98;"A";45;"A";22.85;"A";31.23;"A";1009.06;"A";38;"A";0;"A";7;"A";212;"A";2;"A";0;"A"
"2025-06-12 20:30";99.99;"A";4212.6;"A";4215.2;"A";10.15;"A";7.06;"A";4.68;"A";29.43;"A";26.64;"A";44;"A";22.54;"A";32.5;"A";1009.29;"A";37;"A";0;"A";7;"A";201;"A";1.33;"A";116.67;"A"
"2025-06-12 20:45";100;"A";4212.87;"A";4215.33;"A";9.82;"A";6.61;"A";4.62;"A";29.13;"A";27.46;"A";43;"A";22.29;"A";33.45;"A";1009.42;"A";37;"A";0;"A";6;"A";196;"A";1.33;"A";350;"A"
"2025-06-12 21:00";100;"A";4212.8;"A";4215.07;"A";9.58;"A";6.94;"A";4.68;"A";28.84;"A";28.38;"A";41;"A";21.99;"A";34.56;"A";1009.6;"A";35;"A";0;"A";6;"A";197;"A";0.33;"A";233.33;"A"
"2025-06-12 21:15";100;"A";4212.6;"A";4215.07;"A";9.91;"A";6.41;"A";4.72;"A";28.56;"A";28.12;"A";42;"A";21.7;"A";34.19;"A";1009.9;"A";36;"A";0;"A";6;"A";168;"A";1;"A";350;"A"
"2025-06-12 21:30";100;"A";4212.67;"A";4214.93;"A";9.91;"A";6.33;"A";4.31;"A";28.22;"A";28.87;"A";40;"A";21.31;"A";35.42;"A";1009.98;"A";33;"A";0;"A";6;"A";167;"A";0;"A";146.67;"A"
"2025-06-12 21:45";100;"A";4212.67;"A";4215.07;"A";9.07;"A";6.56;"A";4.54;"A";27.87;"A";28.97;"A";39;"A";20.94;"A";34.92;"A";1010.01;"A";32;"A";0;"A";7;"A";154;"A";0.33;"A";150;"A"
"2025-06-12 22:00";100;"A";4212.67;"A";4214.87;"A";9.63;"A";6.55;"A";4.43;"A";27.51;"A";29.78;"A";39;"A";20.4;"A";37.13;"A";1010.04;"A";32;"A";0;"A";7;"A";154;"A";0.67;"A";330;"A"
"2025-06-12 22:15";100;"A";4212.87;"A";4215.53;"A";9.71;"A";6.99;"A";5.01;"A";27.07;"A";31.68;"A";37;"A";19.91;"A";39.37;"A";1010.17;"A";31;"A";0;"A";7;"A";163;"A";0;"A";323.33;"A"
"2025-06-12 22:30";100;"A";4212.8;"A";4215.33;"A";10.04;"A";6.98;"A";4.83;"A";26.62;"A";33.06;"A";36;"A";19.42;"A";41.25;"A";1010.28;"A";30;"A";0;"A";6;"A";162;"A";0.33;"A";326.67;"A"
"2025-06-12 22:45";100;"A";4212.6;"A";4215.2;"A";12.29;"A";8.83;"A";5.98;"A";26.17;"A";34.18;"A";35;"A";19.13;"A";42.4;"A";1010.37;"A";28;"A";0;"A";6;"A";181;"A";0;"A";330;"A"
"2025-06-12 23:00";100;"A";4212.73;"A";4215.13;"A";12.33;"A";8.37;"A";5.67;"A";25.77;"A";35.43;"A";33;"A";18.73;"A";44.51;"A";1010.27;"A";27;"A";0;"A";6;"A";179;"A";0.67;"A";330;"A"
"2025-06-12 23:15";100;"A";4212.6;"A";4215;"A";10.53;"A";7.85;"A";5.16;"A";25.36;"A";36.51;"A";31;"A";18.49;"A";44.87;"A";1010.29;"A";26;"A";0;"A";6;"A";180;"A";0;"A";190;"A"
"2025-06-12 23:30";100;"A";4212.6;"A";4214.87;"A";9.46;"A";7.08;"A";5.04;"A";25.07;"A";36.05;"A";32;"A";18.24;"A";44.03;"A";1010.32;"A";27;"A";0;"A";6;"A";160;"A";0;"A";316.67;"A"
"2025-06-12 23:45";100;"A";4212.87;"A";4215.6;"A";9.96;"A";6.96;"A";4.88;"A";24.81;"A";35.95;"A";33;"A";18.04;"A";43.74;"A";1010.44;"A";27;"A";0;"A";6;"A";158;"A";0;"A";203.33;"A"
"2025-06-13 00:00";100;"A";4212.8;"A";4215.4;"A";9.09;"A";6.9;"A";4.94;"A";24.59;"A";36.32;"A";32;"A";17.84;"A";44.71;"A";1010.35;"A";27;"A";0;"A";6;"A";147;"A";0;"A";226.67;"A"
"2025-06-13 00:15";100;"A";4212.73;"A";4215.07;"A";9.15;"A";6.59;"A";4.56;"A";24.35;"A";37.27;"A";32;"A";17.51;"A";46.43;"A";1010.34;"A";27;"A";0;"A";5;"A";140;"A";0;"A";170;"A"
"2025-06-13 00:30";100;"A";4212.67;"A";4214.87;"A";9.56;"A";7.07;"A";4.95;"A";24.09;"A";38.65;"A";30;"A";17;"A";48.31;"A";1010.26;"A";25;"A";0;"A";5;"A";145;"A";1;"A";330;"A"
"2025-06-13 00:45";100;"A";4212.67;"A";4215;"A";9.04;"A";6.78;"A";4.81;"A";23.69;"A";38.58;"A";29;"A";16.68;"A";48.51;"A";1010.25;"A";23;"A";0;"A";7;"A";145;"A";0.33;"A";316.67;"A"
"2025-06-13 01:00";100;"A";4212.87;"A";4214.93;"A";11.29;"A";7.46;"A";5.15;"A";23.34;"A";40.15;"A";28;"A";16.41;"A";50.81;"A";1010.16;"A";22;"A";0;"A";6;"A";153;"A";0.67;"A";333.33;"A"
"2025-06-13 01:15";99.86;"A";4185.07;"A";4183.8;"A";10.99;"A";7.43;"A";5.22;"A";22.99;"A";40.3;"A";27;"A";16.18;"A";49.78;"A";1010.25;"A";22;"A";0;"A";6;"A";146;"A";0;"A";190;"A"
"2025-06-13 01:30";99.77;"A";4210.27;"A";4213.33;"A";11.08;"A";7.42;"A";5.08;"A";22.72;"A";39.83;"A";29;"A";15.97;"A";49.48;"A";1010.32;"A";23;"A";0;"A";7;"A";138;"A";0.33;"A";233.33;"A"
"2025-06-13 01:45";99.86;"A";4211.13;"A";4214.07;"A";11.1;"A";7.77;"A";4.99;"A";22.42;"A";40.97;"A";28;"A";15.61;"A";51.58;"A";1010.3;"A";22;"A";0;"A";7;"A";141;"A";0.33;"A";330;"A"
"2025-06-13 02:00";99.91;"A";4211.67;"A";4214.4;"A";10.3;"A";7.37;"A";5.14;"A";22.06;"A";40.84;"A";27;"A";15.38;"A";50.59;"A";1010.19;"A";21;"A";0;"A";7;"A";133;"A";0.33;"A";330;"A"
"2025-06-13 02:15";99.94;"A";4212.4;"A";4214.4;"A";10.02;"A";7.68;"A";5.29;"A";21.82;"A";41.3;"A";27;"A";15.21;"A";51.77;"A";1010.11;"A";21;"A";0;"A";7;"A";133;"A";0.67;"A";326.67;"A"
"2025-06-13 02:30";99.97;"A";4212.6;"A";4214.67;"A";11.21;"A";7.92;"A";5.27;"A";21.55;"A";42.04;"A";26;"A";14.84;"A";52.68;"A";1010.13;"A";19;"A";0;"A";7;"A";134;"A";0;"A";260;"A"
"2025-06-13 02:45";99.98;"A";4212.67;"A";4214.8;"A";9.99;"A";7.35;"A";5.35;"A";21.33;"A";42.3;"A";26;"A";14.72;"A";52.61;"A";1010.06;"A";19;"A";0;"A";6;"A";130;"A";0.33;"A";266.67;"A"
"2025-06-13 03:00";99.99;"A";4212.93;"A";4215.2;"A";11.66;"A";7.75;"A";5.31;"A";21.13;"A";42.48;"A";25;"A";14.58;"A";52.77;"A";1010.01;"A";20;"A";0;"A";6;"A";128;"A";0;"A";203.33;"A"
"2025-06-13 03:15";99.99;"A";4212.87;"A";4214.8;"A";9.84;"A";7.6;"A";5.21;"A";20.91;"A";42.92;"A";25;"A";14.22;"A";54.05;"A";1009.84;"A";18;"A";0;"A";6;"A";125;"A";0;"A";333.33;"A"
"2025-06-13 03:30";100;"A";4212.67;"A";4214.8;"A";10.28;"A";7.69;"A";5.26;"A";20.62;"A";43.89;"A";24;"A";14.14;"A";55.05;"A";1009.76;"A";18;"A";1;"A";5;"A";124;"A";0.33;"A";333.33;"A"
"2025-06-13 03:45";100;"A";4212.73;"A";4214.73;"A";13.05;"A";8.61;"A";5.69;"A";20.42;"A";44.36;"A";23;"A";13.93;"A";54.99;"A";1009.71;"A";19;"A";0;"A";5;"A";126;"A";1;"A";330;"A"
"2025-06-13 04:00";99.88;"A";4195.47;"A";4195.07;"A";11.85;"A";8.48;"A";5.65;"A";20.23;"A";44.95;"A";23;"A";13.78;"A";56.15;"A";1009.55;"A";18;"A";0;"A";5;"A";121;"A";0.67;"A";330;"A"
"2025-06-13 04:15";99.86;"A";4211.47;"A";4213.53;"A";12;"A";8.27;"A";5.5;"A";20.07;"A";45.47;"A";22;"A";13.62;"A";56.44;"A";1009.47;"A";17;"A";1;"A";4;"A";122;"A";0.67;"A";330;"A"
"2025-06-13 04:30";99.92;"A";4211.8;"A";4214.47;"A";12.74;"A";8.99;"A";6.19;"A";19.94;"A";45.69;"A";22;"A";13.61;"A";56.32;"A";1009.42;"A";18;"A";0;"A";5;"A";119;"A";0.33;"A";220;"A"
"2025-06-13 04:45";99.95;"A";4212.8;"A";4214.8;"A";12.94;"A";9.65;"A";6.37;"A";19.88;"A";46.07;"A";23;"A";13.65;"A";56.9;"A";1009.43;"A";18;"A";0;"A";5;"A";121;"A";0.67;"A";336.67;"A"
"2025-06-13 05:00";99.97;"A";4212.67;"A";4214.33;"A";14.12;"A";9.29;"A";6.3;"A";19.87;"A";46.66;"A";21;"A";13.67;"A";57.52;"A";1009.4;"A";17;"A";1;"A";5;"A";123;"A";0.67;"A";330;"A"
"2025-06-13 05:15";99.98;"A";4212.67;"A";4214.67;"A";13.14;"A";9.33;"A";6.31;"A";19.91;"A";47.3;"A";22;"A";13.94;"A";57.91;"A";1009.57;"A";17;"A";0;"A";5;"A";125;"A";0.33;"A";326.67;"A"
"2025-06-13 05:30";99.99;"A";4212.87;"A";4214.87;"A";12.6;"A";8.76;"A";5.72;"A";20.13;"A";48.09;"A";21;"A";14.45;"A";57.95;"A";1009.48;"A";16;"A";1;"A";5;"A";127;"A";0;"A";330;"A"
"2025-06-13 05:45";100;"A";4212.73;"A";4214.8;"A";13.32;"A";9.03;"A";5.89;"A";20.46;"A";48.1;"A";21;"A";14.68;"A";57.57;"A";1009.44;"A";16;"A";0;"A";5;"A";126;"A";0.67;"A";330;"A"
"2025-06-13 06:00";100;"A";4212.73;"A";4214.8;"A";12.11;"A";8.77;"A";5.76;"A";20.73;"A";48.04;"A";22;"A";14.91;"A";58.02;"A";1009.49;"A";16;"A";1;"A";6;"A";128;"A";0.33;"A";336.67;"A"
"2025-06-13 06:15";100;"A";4213;"A";4215.47;"A";12.69;"A";8.73;"A";5.77;"A";21.05;"A";48.41;"A";23;"A";15.4;"A";58.04;"A";1009.48;"A";18;"A";0;"A";5;"A";133;"A";0.33;"A";260;"A"
"2025-06-13 06:30";99.98;"A";4201.13;"A";4201.2;"A";10.24;"A";7.1;"A";4.82;"A";21.51;"A";49.07;"A";23;"A";16.2;"A";57.85;"A";1009.36;"A";18;"A";0;"A";5;"A";131;"A";0.33;"A";333.33;"A"
"2025-06-13 06:45";99.81;"A";4200.93;"A";4201.47;"A";9.66;"A";6.55;"A";4.5;"A";22.43;"A";48.45;"A";23;"A";17.58;"A";54.55;"A";1009.68;"A";19;"A";0;"A";4;"A";154;"A";0.33;"A";326.67;"A"
"2025-06-13 07:00";99.87;"A";4211.13;"A";4213.93;"A";9.35;"A";6.23;"A";4.21;"A";23.67;"A";45.56;"A";28;"A";18.22;"A";52.56;"A";1009.68;"A";21;"A";0;"A";7;"A";139;"A";0.33;"A";340;"A"
"2025-06-13 07:15";99.92;"A";4211.8;"A";4214.2;"A";9.72;"A";6.35;"A";4.26;"A";24.65;"A";43.25;"A";26;"A";19.22;"A";49.84;"A";1009.79;"A";21;"A";0;"A";6;"A";132;"A";0;"A";236.67;"A"
"2025-06-13 07:30";99.95;"A";4211.8;"A";4214.67;"A";10.67;"A";6.75;"A";4.51;"A";25.88;"A";40.71;"A";26;"A";20.24;"A";46.87;"A";1009.59;"A";21;"A";0;"A";6;"A";137;"A";0.67;"A";346.67;"A"
"2025-06-13 07:45";99.96;"A";4212.87;"A";4215.53;"A";10.71;"A";6.87;"A";4.31;"A";27.08;"A";38.08;"A";29;"A";21.05;"A";44.29;"A";1009.62;"A";22;"A";0;"A";7;"A";149;"A";0;"A";236.67;"A"
"2025-06-13 08:00";99.98;"A";4212.6;"A";4214.87;"A";8.79;"A";5.77;"A";3.95;"A";28.08;"A";35.96;"A";30;"A";21.63;"A";42.37;"A";1009.62;"A";23;"A";0;"A";6;"A";144;"A";0.67;"A";273.33;"A"
"2025-06-13 08:15";99.98;"A";4212.53;"A";4215.2;"A";8.37;"A";5.71;"A";3.83;"A";28.9;"A";33.92;"A";31;"A";22.32;"A";40.88;"A";1009.63;"A";24;"A";0;"A";7;"A";130;"A";0.33;"A";260;"A"
"2025-06-13 08:30";99.98;"A";4212.6;"A";4215.4;"A";8.68;"A";5.59;"A";3.75;"A";29.56;"A";32.92;"A";32;"A";22.34;"A";40.46;"A";1009.76;"A";24;"A";0;"A";8;"A";144;"A";1;"A";350;"A"
"2025-06-13 08:45";99.99;"A";4212.6;"A";4215.33;"A";8.42;"A";5.58;"A";3.57;"A";29.78;"A";32.56;"A";31;"A";22.78;"A";40.39;"A";1009.73;"A";24;"A";0;"A";6;"A";135;"A";0.33;"A";260;"A"
"2025-06-13 09:00";99.99;"A";4212.47;"A";4215.27;"A";10.65;"A";5.57;"A";3.58;"A";30.36;"A";31.41;"A";31;"A";23.83;"A";37.3;"A";1009.8;"A";25;"A";0;"A";6;"A";145;"A";1;"A";256.67;"A"
"2025-06-13 09:15";99.99;"A";4213;"A";4215.87;"A";8.48;"A";5.17;"A";3.46;"A";31.25;"A";29.15;"A";35;"A";24.54;"A";35.28;"A";1009.59;"A";28;"A";0;"A";7;"A";150;"A";0.67;"A";33.33;"A"
"2025-06-13 09:30";99.99;"A";4212.53;"A";4214.87;"A";10.74;"A";6.17;"A";3.85;"A";32.09;"A";28.01;"A";36;"A";24.98;"A";34.45;"A";1009.44;"A";28;"A";0;"A";8;"A";177;"A";0.67;"A";13.33;"A"
"2025-06-13 09:45";99.98;"A";4209.4;"A";4212;"A";8.76;"A";6.34;"A";4.22;"A";32.69;"A";27.04;"A";36;"A";25.23;"A";34.2;"A";1009.51;"A";28;"A";0;"A";8;"A";165;"A";0.67;"A";246.67;"A"
"2025-06-13 10:00";99.82;"A";4195.53;"A";4197.2;"A";9.96;"A";6.78;"A";4.76;"A";33.03;"A";26.97;"A";35;"A";25.25;"A";34.61;"A";1009.33;"A";27;"A";0;"A";8;"A";216;"A";0.33;"A";236.67;"A"
"2025-06-13 10:15";99.84;"A";4210.53;"A";4214.07;"A";9.41;"A";6.84;"A";4.74;"A";33.2;"A";26.34;"A";36;"A";25.67;"A";33.2;"A";1009.33;"A";29;"A";0;"A";7;"A";248;"A";1.33;"A";350;"A"
"2025-06-13 10:30";99.89;"A";4211.2;"A";4214.6;"A";11.89;"A";8.05;"A";5.44;"A";33.36;"A";25.83;"A";37;"A";25.84;"A";32.48;"A";1009.26;"A";28;"A";0;"A";8;"A";319;"A";1;"A";116.67;"A"
"2025-06-13 10:45";99.93;"A";4212;"A";4215.67;"A";11.6;"A";7.42;"A";5.1;"A";33.49;"A";25.61;"A";36;"A";25.88;"A";32.4;"A";1009.29;"A";28;"A";0;"A";7;"A";292;"A";1.33;"A";236.67;"A"
"2025-06-13 11:00";99.95;"A";4211.73;"A";4215.33;"A";7.53;"A";4.32;"A";3.21;"A";33.29;"A";26.05;"A";35;"A";24.92;"A";34.22;"A";1009.19;"A";27;"A";1;"A";8;"A";215;"A";0.33;"A";30;"A"
"2025-06-13 11:15";99.96;"A";4211.73;"A";4214.93;"A";7.09;"A";4.2;"A";2.73;"A";32.73;"A";26.62;"A";35;"A";24.46;"A";35.61;"A";1009.28;"A";28;"A";1;"A";7;"A";173;"A";1.33;"A";233.33;"A"
"2025-06-13 11:30";99.97;"A";4212.33;"A";4215.13;"A";8.4;"A";5.34;"A";3.88;"A";32.09;"A";28.05;"A";32;"A";24.25;"A";35.96;"A";1009.42;"A";26;"A";1;"A";6;"A";231;"A";0.67;"A";120;"A"
"2025-06-13 11:45";99.98;"A";4212.6;"A";4215.13;"A";7.26;"A";4.38;"A";2.93;"A";31.64;"A";28.67;"A";33;"A";24.2;"A";36.72;"A";1009.49;"A";26;"A";0;"A";7;"A";185;"A";1.33;"A";246.67;"A"
"2025-06-13 12:00";99.98;"A";4212.6;"A";4215.13;"A";7.78;"A";4.29;"A";2.74;"A";31.47;"A";29.49;"A";31;"A";24.44;"A";36.83;"A";1009.63;"A";26;"A";0;"A";5;"A";168;"A";1.33;"A";233.33;"A"
"2025-06-13 12:15";99.99;"A";4213;"A";4215.93;"A";6.9;"A";3.31;"A";1.95;"A";31.64;"A";28.94;"A";32;"A";24.99;"A";35.18;"A";1009.37;"A";27;"A";0;"A";5;"A";141;"A";1.67;"A";350;"A"
"2025-06-13 12:30";99.99;"A";4212.53;"A";4215.2;"A";5.84;"A";2.94;"A";1.85;"A";31.97;"A";28.16;"A";33;"A";25.2;"A";34.35;"A";1009.34;"A";27;"A";0;"A";6;"A";164;"A";1.33;"A";233.33;"A"
"2025-06-13 12:45";99.99;"A";4212.6;"A";4215.4;"A";6.3;"A";3.29;"A";2.19;"A";32.29;"A";27.58;"A";34;"A";25.64;"A";33.53;"A";1009.57;"A";28;"A";0;"A";6;"A";170;"A";1;"A";350;"A"
"2025-06-13 13:00";99.99;"A";4212.53;"A";4215.13;"A";5.62;"A";2.91;"A";1.85;"A";32.62;"A";27.2;"A";32;"A";25.61;"A";33.46;"A";1009.58;"A";27;"A";0;"A";5;"A";178;"A";0.67;"A";0;"A"
"2025-06-13 13:15";99.99;"A";4212.73;"A";4215.13;"A";5.88;"A";3.09;"A";1.95;"A";32.72;"A";27.44;"A";33;"A";25.43;"A";34.61;"A";1009.67;"A";26;"A";0;"A";7;"A";191;"A";1;"A";233.33;"A"
"2025-06-13 13:30";99.99;"A";4212.53;"A";4215.07;"A";8.57;"A";3.26;"A";2.05;"A";32.76;"A";27.11;"A";32;"A";25.67;"A";33.81;"A";1009.55;"A";26;"A";0;"A";5;"A";137;"A";1.67;"A";236.67;"A"
"2025-06-13 13:45";99.99;"A";4212.87;"A";4215.67;"A";6.52;"A";2.87;"A";1.78;"A";32.79;"A";26.96;"A";32;"A";25.32;"A";34.05;"A";1009.46;"A";26;"A";0;"A";5;"A";149;"A";1;"A";120;"A"
"2025-06-13 14:00";99.99;"A";4212.8;"A";4215.53;"A";4.46;"A";2.36;"A";1.51;"A";32.51;"A";27.03;"A";33;"A";24.88;"A";34.37;"A";1009.25;"A";26;"A";0;"A";6;"A";160;"A";1;"A";120;"A"
"2025-06-13 14:15";99.94;"A";4207.47;"A";4210.07;"A";4.08;"A";2.24;"A";1.42;"A";32.16;"A";27.66;"A";32;"A";24.74;"A";34.85;"A";1009.28;"A";27;"A";0;"A";5;"A";155;"A";1;"A";233.33;"A"
"2025-06-13 14:30";99.95;"A";4211.73;"A";4214.93;"A";5.41;"A";3.07;"A";2.1;"A";31.87;"A";27.85;"A";33;"A";24.47;"A";35.15;"A";1009.55;"A";27;"A";0;"A";6;"A";154;"A";1.67;"A";350;"A"
"2025-06-13 14:45";99.97;"A";4211.93;"A";4214.93;"A";4.48;"A";2.86;"A";1.93;"A";31.58;"A";28.76;"A";32;"A";24.49;"A";35.88;"A";1009.58;"A";27;"A";0;"A";5;"A";170;"A";1;"A";350;"A"
"2025-06-13 15:00";99.98;"A";4212.4;"A";4215.27;"A";5.93;"A";3.29;"A";2.18;"A";31.48;"A";29.47;"A";31;"A";24.39;"A";37.17;"A";1009.55;"A";25;"A";0;"A";6;"A";206;"A";2;"A";350;"A"
"2025-06-13 15:15";99.99;"A";4212.87;"A";4215.93;"A";7.54;"A";4.9;"A";3.44;"A";31.33;"A";30.62;"A";30;"A";24.13;"A";38.51;"A";1009.47;"A";24;"A";0;"A";6;"A";191;"A";2.33;"A";350;"A"
"2025-06-13 15:30";99.99;"A";4212.73;"A";4215.13;"A";5.92;"A";4.32;"A";2.95;"A";31.07;"A";31.36;"A";29;"A";23.95;"A";39.14;"A";1009.63;"A";24;"A";1;"A";5;"A";181;"A";1;"A";243.33;"A"
"2025-06-13 15:45";100;"A";4212.47;"A";4214.73;"A";7.37;"A";3.64;"A";2.31;"A";30.92;"A";31.91;"A";28;"A";23.95;"A";39.71;"A";1009.8;"A";23;"A";0;"A";5;"A";176;"A";1.67;"A";120;"A"
"2025-06-13 16:00";100;"A";4212.53;"A";4215;"A";8.98;"A";4.16;"A";2.66;"A";30.75;"A";32.48;"A";27;"A";23.44;"A";40.89;"A";1010;"A";22;"A";1;"A";5;"A";296;"A";1.33;"A";116.67;"A"
"2025-06-13 16:15";100;"A";4212.6;"A";4215.07;"A";6.5;"A";3.28;"A";2.31;"A";30.4;"A";33.27;"A";26;"A";23.2;"A";41.69;"A";1009.85;"A";21;"A";1;"A";5;"A";151;"A";1;"A";236.67;"A"
"2025-06-13 16:30";100;"A";4212.67;"A";4215.33;"A";5.36;"A";2.62;"A";1.71;"A";30.16;"A";34.27;"A";26;"A";23.13;"A";42.98;"A";1009.8;"A";21;"A";1;"A";5;"A";161;"A";1.33;"A";116.67;"A"
"2025-06-13 16:45";100;"A";4212.87;"A";4215.6;"A";5.97;"A";3.08;"A";1.96;"A";30;"A";34.76;"A";26;"A";22.93;"A";43.11;"A";1009.81;"A";22;"A";0;"A";4;"A";132;"A";1.67;"A";233.33;"A"
"2025-06-13 17:00";100;"A";4212.8;"A";4215.07;"A";5.53;"A";2.95;"A";2;"A";29.73;"A";35.29;"A";26;"A";22.42;"A";44.8;"A";1009.72;"A";21;"A";1;"A";5;"A";126;"A";1;"A";126.67;"A"
"2025-06-13 17:15";100;"A";4212.73;"A";4215.33;"A";7;"A";4.75;"A";3.11;"A";29.36;"A";36.53;"A";26;"A";22.2;"A";45.96;"A";1009.89;"A";21;"A";1;"A";4;"A";148;"A";1.33;"A";123.33;"A"
"2025-06-13 17:30";100;"A";4212.6;"A";4215.07;"A";4.98;"A";2.66;"A";1.9;"A";29;"A";37.45;"A";27;"A";21.82;"A";47.54;"A";1010.07;"A";22;"A";1;"A";5;"A";151;"A";1;"A";0;"A"
"2025-06-13 17:45";100;"A";4212.67;"A";4215;"A";6.17;"A";3.38;"A";2.44;"A";28.68;"A";38.52;"A";27;"A";21.56;"A";48.76;"A";1010;"A";22;"A";0;"A";5;"A";152;"A";1.33;"A";120;"A"
"2025-06-13 18:00";100;"A";4212.67;"A";4215.13;"A";6.04;"A";4.36;"A";2.93;"A";28.4;"A";39.62;"A";27;"A";21.33;"A";50.01;"A";1010;"A";22;"A";1;"A";5;"A";155;"A";1.67;"A";233.33;"A"
"2025-06-13 18:15";100;"A";4212.87;"A";4215.33;"A";7.02;"A";4.84;"A";3.38;"A";28.16;"A";40.65;"A";26;"A";21.08;"A";51.4;"A";1010.01;"A";21;"A";1;"A";5;"A";188;"A";1.67;"A";116.67;"A"
"2025-06-13 18:30";100;"A";4212.93;"A";4215.4;"A";7.32;"A";5.56;"A";4.13;"A";27.87;"A";41.94;"A";26;"A";20.92;"A";52.74;"A";1010.1;"A";21;"A";1;"A";5;"A";160;"A";1.33;"A";233.33;"A"
"2025-06-13 18:45";100;"A";4212.73;"A";4215.4;"A";8.73;"A";6.29;"A";4.47;"A";27.64;"A";42.62;"A";27;"A";20.75;"A";53.41;"A";1009.97;"A";23;"A";0;"A";5;"A";146;"A";1.33;"A";350;"A"
"2025-06-13 19:00";100;"A";4212.67;"A";4215.07;"A";8.79;"A";6.33;"A";4.78;"A";27.46;"A";43.49;"A";27;"A";20.75;"A";54.06;"A";1010.04;"A";22;"A";0;"A";5;"A";162;"A";1.33;"A";350;"A"
"2025-06-13 19:15";100;"A";4212.73;"A";4215.07;"A";9.68;"A";7.33;"A";5.17;"A";27.37;"A";44.03;"A";27;"A";20.67;"A";54.68;"A";1010.2;"A";22;"A";0;"A";5;"A";168;"A";1;"A";0;"A"
"2025-06-13 19:30";100;"A";4212.67;"A";4214.93;"A";12.06;"A";8.83;"A";6.11;"A";27.29;"A";44.63;"A";28;"A";20.63;"A";55.47;"A";1010.32;"A";23;"A";0;"A";5;"A";183;"A";1.67;"A";233.33;"A"
"2025-06-13 19:45";100;"A";4212.67;"A";4214.87;"A";13.34;"A";10.06;"A";7.43;"A";27.22;"A";45.09;"A";28;"A";20.61;"A";55.63;"A";1010.31;"A";23;"A";0;"A";5;"A";179;"A";1;"A";350;"A"
"2025-06-13 20:00";100;"A";4213;"A";4215.87;"A";15.8;"A";10.66;"A";7.47;"A";27.19;"A";45.37;"A";28;"A";20.64;"A";55.94;"A";1010.38;"A";23;"A";0;"A";5;"A";164;"A";0.67;"A";233.33;"A"
"2025-06-13 20:15";100;"A";4212.67;"A";4215.13;"A";16.53;"A";11.36;"A";8.12;"A";27.18;"A";45.84;"A";28;"A";20.61;"A";56.33;"A";1010.42;"A";22;"A";3;"A";7;"A";506;"A";1;"A";233.33;"A"
"2025-06-13 20:30";100;"A";4212.73;"A";4214.93;"A";12.37;"A";9.25;"A";6.44;"A";27.19;"A";45.97;"A";29;"A";20.71;"A";56.24;"A";1010.44;"A";24;"A";0;"A";5;"A";158;"A";1;"A";343.33;"A"
"2025-06-13 20:45";100;"A";4212.67;"A";4214.87;"A";11.97;"A";9.41;"A";6.6;"A";27.19;"A";45.96;"A";29;"A";20.58;"A";56.62;"A";1010.34;"A";23;"A";0;"A";6;"A";173;"A";1;"A";346.67;"A"
"2025-06-13 21:00";99.89;"A";4195.87;"A";4196.07;"A";14.39;"A";10.55;"A";7.32;"A";27.09;"A";46.52;"A";28;"A";20.43;"A";57.45;"A";1010.47;"A";22;"A";0;"A";6;"A";172;"A";0.33;"A";346.67;"A"
"2025-06-13 21:15";99.86;"A";4210.8;"A";4213.8;"A";12.26;"A";9.06;"A";6.55;"A";27;"A";46.97;"A";27;"A";20.47;"A";57.76;"A";1010.6;"A";21;"A";0;"A";6;"A";146;"A";1;"A";346.67;"A"
"2025-06-13 21:30";99.91;"A";4212;"A";4215.07;"A";15.8;"A";11.96;"A";8.49;"A";26.97;"A";47.43;"A";27;"A";20.41;"A";58.35;"A";1010.7;"A";21;"A";0;"A";5;"A";138;"A";1;"A";340;"A"
"2025-06-13 21:45";99.95;"A";4211.67;"A";4214.93;"A";14.81;"A";11.1;"A";7.68;"A";26.91;"A";47.81;"A";26;"A";20.32;"A";58.94;"A";1010.7;"A";22;"A";0;"A";4;"A";126;"A";0.33;"A";230;"A"
"2025-06-13 22:00";99.96;"A";4212.47;"A";4214.93;"A";12.8;"A";9.75;"A";6.77;"A";26.83;"A";47.77;"A";26;"A";20.02;"A";59.36;"A";1010.83;"A";21;"A";0;"A";5;"A";116;"A";0;"A";330;"A"
"2025-06-13 22:15";99.98;"A";4212.6;"A";4214.87;"A";14.1;"A";10.41;"A";7.44;"A";26.66;"A";47.62;"A";25;"A";19.81;"A";59.53;"A";1010.82;"A";21;"A";1;"A";5;"A";129;"A";0;"A";273.33;"A"
"2025-06-13 22:30";99.99;"A";4212.73;"A";4214.8;"A";16.95;"A";11.95;"A";8.18;"A";26.45;"A";48.12;"A";26;"A";19.57;"A";60.82;"A";1010.84;"A";20;"A";1;"A";5;"A";130;"A";0;"A";253.33;"A"
"2025-06-13 22:45";99.99;"A";4212.67;"A";4214.87;"A";14.64;"A";11.05;"A";7.61;"A";26.25;"A";49.56;"A";26;"A";19.42;"A";62.5;"A";1010.73;"A";21;"A";0;"A";5;"A";124;"A";1;"A";333.33;"A"
"2025-06-13 23:00";100;"A";4213;"A";4215.8;"A";13.34;"A";10.04;"A";7.32;"A";26.04;"A";50.39;"A";25;"A";19.33;"A";63.01;"A";1010.65;"A";21;"A";1;"A";4;"A";118;"A";0;"A";236.67;"A"
"2025-06-13 23:15";100;"A";4212.67;"A";4215.27;"A";16.66;"A";11.68;"A";8.02;"A";25.87;"A";50.44;"A";25;"A";18.97;"A";63.4;"A";1010.53;"A";21;"A";1;"A";5;"A";128;"A";1;"A";333.33;"A"
"2025-06-13 23:30";99.93;"A";4206.6;"A";4208.2;"A";16;"A";10.75;"A";7.3;"A";25.6;"A";51.02;"A";25;"A";18.66;"A";65.07;"A";1010.5;"A";20;"A";1;"A";5;"A";121;"A";0.33;"A";136.67;"A"
"2025-06-13 23:45";99.95;"A";4211.87;"A";4214.6;"A";12.96;"A";9.83;"A";6.75;"A";25.38;"A";52.82;"A";24;"A";18.78;"A";65.87;"A";1010.33;"A";20;"A";1;"A";4;"A";114;"A";0.67;"A";343.33;"A"
"2025-06-14 00:00";99.97;"A";4212.53;"A";4214.73;"A";13.1;"A";9.49;"A";6.63;"A";25.3;"A";53.31;"A";25;"A";18.75;"A";65.96;"A";1010.44;"A";21;"A";0;"A";3;"A";111;"A";1;"A";350;"A"
"2025-06-14 00:15";99.87;"A";4188.53;"A";4188.33;"A";13.62;"A";9.74;"A";6.83;"A";25.22;"A";53.2;"A";26;"A";18.65;"A";65.75;"A";1010.55;"A";22;"A";0;"A";4;"A";111;"A";1;"A";230;"A"
"2025-06-14 00:30";99.8;"A";4210.73;"A";4213.87;"A";13.76;"A";10.13;"A";6.97;"A";25.11;"A";52.6;"A";28;"A";18.49;"A";65.14;"A";1010.65;"A";24;"A";0;"A";4;"A";112;"A";1;"A";350;"A"
"2025-06-14 00:45";99.87;"A";4211.13;"A";4214.07;"A";12.95;"A";9.76;"A";6.98;"A";24.98;"A";51.86;"A";30;"A";18.39;"A";64.35;"A";1010.69;"A";26;"A";0;"A";4;"A";110;"A";0.33;"A";230;"A"
"2025-06-14 01:00";99.92;"A";4211.67;"A";4214.47;"A";13.72;"A";9.88;"A";7.08;"A";24.87;"A";52.25;"A";31;"A";18.23;"A";65.5;"A";1010.77;"A";27;"A";0;"A";5;"A";116;"A";0.33;"A";343.33;"A"
"2025-06-14 01:15";99.95;"A";4212.07;"A";4214.47;"A";14.06;"A";10.17;"A";7.23;"A";24.74;"A";53.85;"A";29;"A";17.99;"A";68.08;"A";1010.8;"A";25;"A";0;"A";4;"A";118;"A";1.33;"A";336.67;"A"
"2025-06-14 01:30";99.98;"A";4212.67;"A";4214.73;"A";13.98;"A";10.73;"A";7.5;"A";24.58;"A";55.53;"A";25;"A";17.93;"A";69.82;"A";1010.61;"A";22;"A";1;"A";4;"A";122;"A";1;"A";340;"A"
"2025-06-14 01:45";99.99;"A";4212.67;"A";4215;"A";13.22;"A";10.6;"A";7.5;"A";24.45;"A";56.46;"A";24;"A";17.8;"A";70.51;"A";1010.5;"A";21;"A";0;"A";4;"A";116;"A";1;"A";343.33;"A"
"2025-06-14 02:00";99.99;"A";4213;"A";4215.53;"A";13.97;"A";10.9;"A";7.52;"A";24.32;"A";56.84;"A";23;"A";17.7;"A";70.89;"A";1010.37;"A";20;"A";0;"A";3;"A";115;"A";1;"A";343.33;"A"
"2025-06-14 02:15";100;"A";4212.67;"A";4214.6;"A";13.97;"A";10.35;"A";7.24;"A";24.18;"A";57.13;"A";23;"A";17.55;"A";71.42;"A";1010.2;"A";19;"A";1;"A";4;"A";113;"A";1;"A";343.33;"A"
"2025-06-14 02:30";100;"A";4212.73;"A";4215.13;"A";12.99;"A";9.86;"A";7.03;"A";24.05;"A";57.69;"A";22;"A";17.41;"A";72.33;"A";1010.14;"A";19;"A";1;"A";4;"A";115;"A";1;"A";340;"A"
"2025-06-14 02:45";100;"A";4212.73;"A";4214.8;"A";12.23;"A";9.64;"A";6.88;"A";23.91;"A";58.27;"A";21;"A";17.26;"A";73.04;"A";1010.01;"A";18;"A";1;"A";4;"A";116;"A";0.67;"A";343.33;"A"
"2025-06-14 03:00";99.95;"A";4205;"A";4206.4;"A";13.42;"A";10.19;"A";6.92;"A";23.78;"A";58.87;"A";21;"A";17.14;"A";73.7;"A";1009.9;"A";17;"A";1;"A";4;"A";114;"A";0.67;"A";346.67;"A"
"2025-06-14 03:15";99.92;"A";4211.67;"A";4214.2;"A";13.54;"A";10.5;"A";7.21;"A";23.66;"A";59.27;"A";20;"A";17.07;"A";73.9;"A";1009.98;"A";16;"A";1;"A";4;"A";115;"A";0.33;"A";240;"A"
"2025-06-14 03:30";99.95;"A";4212.6;"A";4214.73;"A";12.94;"A";10.43;"A";7.3;"A";23.54;"A";59.4;"A";20;"A";16.95;"A";74;"A";1009.83;"A";17;"A";1;"A";3;"A";117;"A";0.67;"A";343.33;"A"
"2025-06-14 03:45";99.97;"A";4212.6;"A";4214.6;"A";13.39;"A";10.47;"A";7.15;"A";23.44;"A";59.36;"A";19;"A";16.81;"A";74.08;"A";1009.85;"A";16;"A";1;"A";3;"A";116;"A";0.33;"A";343.33;"A"
"2025-06-14 04:00";99.98;"A";4212.6;"A";4215;"A";13.7;"A";10.55;"A";7.26;"A";23.32;"A";59.49;"A";19;"A";16.66;"A";74.54;"A";1009.74;"A";16;"A";1;"A";4;"A";116;"A";1;"A";340;"A"
"2025-06-14 04:15";99.99;"A";4212.6;"A";4215.2;"A";13.76;"A";10.57;"A";7.39;"A";23.2;"A";59.78;"A";19;"A";16.5;"A";74.88;"A";1009.72;"A";15;"A";1;"A";4;"A";121;"A";0.33;"A";343.33;"A"
"2025-06-14 04:30";100;"A";4212.67;"A";4214.6;"A";12.77;"A";9.12;"A";7.33;"A";23.1;"A";59.99;"A";19;"A";16.46;"A";75.05;"A";1009.67;"A";16;"A";1;"A";4;"A";119;"A";0.67;"A";340;"A"
"2025-06-14 04:45";100;"A";4212.67;"A";4215.13;"A";14.27;"A";10.5;"A";7.66;"A";22.98;"A";59.87;"A";19;"A";16.31;"A";74.93;"A";1009.62;"A";16;"A";1;"A";3;"A";117;"A";0;"A";223.33;"A"
"2025-06-14 05:00";100;"A";4213;"A";4215.47;"A";14.6;"A";11.04;"A";7.54;"A";22.85;"A";59.87;"A";20;"A";16.26;"A";74.63;"A";1009.59;"A";17;"A";1;"A";3;"A";116;"A";0.33;"A";236.67;"A"
"2025-06-14 05:15";100;"A";4212.8;"A";4214.8;"A";13.73;"A";10.46;"A";7.57;"A";22.75;"A";59.89;"A";19;"A";16.11;"A";75.04;"A";1009.75;"A";16;"A";1;"A";4;"A";122;"A";0;"A";340;"A"
"2025-06-14 05:30";100;"A";4212.67;"A";4214.87;"A";14.61;"A";11.08;"A";7.71;"A";22.66;"A";59.71;"A";19;"A";16.1;"A";74.53;"A";1009.7;"A";16;"A";1;"A";4;"A";124;"A";0;"A";116.67;"A"
"2025-06-14 05:45";100;"A";4212.73;"A";4215.13;"A";15.01;"A";11.05;"A";7.61;"A";22.62;"A";59.64;"A";19;"A";16.13;"A";74.39;"A";1009.64;"A";16;"A";1;"A";4;"A";122;"A";0;"A";163.33;"A"
"2025-06-14 06:00";100;"A";4212.73;"A";4215.27;"A";14.58;"A";11.02;"A";7.5;"A";22.72;"A";59.51;"A";20;"A";16.67;"A";72.54;"A";1009.61;"A";16;"A";1;"A";4;"A";124;"A";0;"A";316.67;"A"
"2025-06-14 06:15";100;"A";4212.73;"A";4215.2;"A";15.09;"A";11.24;"A";7.66;"A";23.27;"A";58.37;"A";18;"A";17.38;"A";70.1;"A";1009.75;"A";15;"A";0;"A";3;"A";125;"A";0;"A";200;"A"
"2025-06-14 06:30";100;"A";4212.93;"A";4215.8;"A";15.16;"A";12;"A";8.08;"A";23.88;"A";56.19;"A";23;"A";17.65;"A";69.01;"A";1009.79;"A";17;"A";1;"A";6;"A";130;"A";0;"A";260;"A"
"2025-06-14 06:45";100;"A";4212.73;"A";4215;"A";15.77;"A";12.44;"A";8.33;"A";24.46;"A";54.86;"A";19;"A";18.78;"A";65.16;"A";1009.77;"A";16;"A";0;"A";3;"A";146;"A";0.33;"A";346.67;"A"
"2025-06-14 07:00";100;"A";4212.73;"A";4215.13;"A";14.25;"A";10.85;"A";7.67;"A";25.3;"A";52.09;"A";23;"A";18.68;"A";64.75;"A";1009.84;"A";18;"A";0;"A";6;"A";125;"A";0;"A";120;"A"
"2025-06-14 07:15";100;"A";4212.6;"A";4215.27;"A";15.16;"A";11.32;"A";7.85;"A";25.48;"A";51.22;"A";24;"A";18.53;"A";65.48;"A";1009.78;"A";18;"A";1;"A";6;"A";126;"A";0.33;"A";120;"A"
"2025-06-14 07:30";100;"A";4212.67;"A";4215.2;"A";14.61;"A";10.86;"A";7.56;"A";25.53;"A";51.65;"A";20;"A";18.95;"A";64.54;"A";1009.88;"A";17;"A";1;"A";4;"A";130;"A";0.33;"A";230;"A"
"2025-06-14 07:45";99.99;"A";4212.67;"A";4215.4;"A";15.39;"A";11.62;"A";7.8;"A";25.9;"A";50.91;"A";22;"A";19.61;"A";62.45;"A";1009.81;"A";17;"A";1;"A";4;"A";131;"A";0.33;"A";236.67;"A"
"2025-06-14 08:00";99.99;"A";4212.87;"A";4215.8;"A";15.36;"A";11.14;"A";7.72;"A";26.48;"A";49.64;"A";23;"A";19.85;"A";61.59;"A";1009.79;"A";18;"A";1;"A";5;"A";132;"A";0.33;"A";346.67;"A"
"2025-06-14 08:15";99.99;"A";4212.73;"A";4215;"A";14.59;"A";10.99;"A";7.65;"A";26.7;"A";48.67;"A";26;"A";19.68;"A";61.92;"A";1009.98;"A";19;"A";1;"A";7;"A";132;"A";0.33;"A";240;"A"
"2025-06-14 08:30";99.99;"A";4212.73;"A";4215.2;"A";16.55;"A";12.47;"A";8.31;"A";26.58;"A";49.04;"A";25;"A";19.51;"A";62.72;"A";1009.82;"A";19;"A";1;"A";5;"A";146;"A";0.33;"A";123.33;"A"
"2025-06-14 08:45";99.99;"A";4212.6;"A";4215.27;"A";15.61;"A";11.3;"A";7.79;"A";26.45;"A";49.66;"A";24;"A";19.62;"A";62.82;"A";1009.77;"A";19;"A";1;"A";5;"A";151;"A";0.33;"A";133.33;"A"
"2025-06-14 09:00";99.99;"A";4212.73;"A";4215.33;"A";16.95;"A";11.76;"A";8.5;"A";26.48;"A";50.1;"A";25;"A";19.94;"A";62.26;"A";1009.74;"A";20;"A";1;"A";5;"A";151;"A";0.33;"A";116.67;"A"
"2025-06-14 09:15";99.99;"A";4212.6;"A";4214.93;"A";15.56;"A";11.25;"A";7.75;"A";26.68;"A";49.68;"A";26;"A";20.38;"A";60.81;"A";1009.72;"A";22;"A";0;"A";4;"A";137;"A";0;"A";120;"A"
"2025-06-14 09:30";99.99;"A";4212.73;"A";4215.33;"A";14.51;"A";11.06;"A";7.56;"A";27.2;"A";48.33;"A";27;"A";21.45;"A";57.17;"A";1009.73;"A";23;"A";0;"A";4;"A";149;"A";1;"A";236.67;"A"
"2025-06-14 09:45";99.99;"A";4212.93;"A";4215.8;"A";14.8;"A";11.22;"A";7.73;"A";28.12;"A";46.55;"A";29;"A";22.25;"A";55.14;"A";1009.61;"A";24;"A";0;"A";5;"A";138;"A";1;"A";343.33;"A"
"2025-06-14 10:00";99.99;"A";4212.67;"A";4215.27;"A";14.87;"A";11.05;"A";7.42;"A";29.06;"A";44.59;"A";29;"A";23.14;"A";53.26;"A";1009.53;"A";23;"A";0;"A";6;"A";163;"A";0;"A";116.67;"A"
"2025-06-14 10:15";99.98;"A";4212.4;"A";4214.87;"A";14.53;"A";9.98;"A";7.09;"A";30.11;"A";42.08;"A";30;"A";24.09;"A";50.31;"A";1009.27;"A";24;"A";0;"A";6;"A";207;"A";0.33;"A";263.33;"A"
"2025-06-14 10:30";99.93;"A";4204.8;"A";4206.4;"A";14.57;"A";10.12;"A";7.01;"A";31.13;"A";39.4;"A";32;"A";24.64;"A";47.15;"A";1008.94;"A";26;"A";0;"A";6;"A";191;"A";0;"A";113.33;"A"
"2025-06-14 10:45";99.91;"A";4211.6;"A";4215;"A";13.99;"A";10.27;"A";6.91;"A";31.93;"A";37.25;"A";35;"A";25.15;"A";45.98;"A";1008.93;"A";28;"A";0;"A";7;"A";144;"A";0.33;"A";230;"A"
"2025-06-14 11:00";99.93;"A";4211.87;"A";4215.4;"A";16.73;"A";10.53;"A";7.35;"A";32.23;"A";36.56;"A";40;"A";24.05;"A";49.91;"A";1009.01;"A";27;"A";1;"A";13;"A";189;"A";0;"A";126.67;"A"
"2025-06-14 11:15";99.95;"A";4212;"A";4215.33;"A";22.46;"A";13.84;"A";8.65;"A";31.38;"A";45.49;"A";33;"A";21.84;"A";68.28;"A";1008.95;"A";24;"A";7;"A";10;"A";196;"A";0.33;"A";243.33;"A"
"2025-06-14 11:30";99.96;"A";4212.4;"A";4215.13;"A";19.04;"A";14.62;"A";10.14;"A";29.98;"A";51.38;"A";23;"A";21.66;"A";68.09;"A";1008.81;"A";19;"A";5;"A";5;"A";301;"A";0.33;"A";243.33;"A"
"2025-06-14 11:45";99.97;"A";4212.6;"A";4215.13;"A";14.69;"A";12.09;"A";8.29;"A";29.14;"A";51.99;"A";27;"A";21.64;"A";66.55;"A";1008.75;"A";22;"A";1;"A";6;"A";167;"A";0.33;"A";236.67;"A"
"2025-06-14 12:00";99.98;"A";4212.6;"A";4214.87;"A";15.34;"A";12.22;"A";8.75;"A";29.02;"A";50.8;"A";29;"A";22.8;"A";57;"A";1008.65;"A";24;"A";0;"A";5;"A";172;"A";0.33;"A";123.33;"A"
"2025-06-14 12:15";99.98;"A";4212.6;"A";4215.13;"A";13.11;"A";10.31;"A";7.12;"A";29.49;"A";45.67;"A";35;"A";23.12;"A";53.66;"A";1008.59;"A";27;"A";0;"A";8;"A";127;"A";0.33;"A";126.67;"A"
"2025-06-14 12:30";99.98;"A";4212.67;"A";4215.33;"A";12.49;"A";9.76;"A";6.91;"A";29.92;"A";41.8;"A";39;"A";23.35;"A";50.48;"A";1008.56;"A";29;"A";0;"A";10;"A";131;"A";1;"A";233.33;"A"
"2025-06-14 12:45";99.98;"A";4212.87;"A";4215.53;"A";13.6;"A";10.44;"A";7.38;"A";30.16;"A";41.38;"A";37;"A";23.66;"A";49.11;"A";1008.33;"A";29;"A";0;"A";8;"A";142;"A";1;"A";6.67;"A"
"2025-06-14 13:00";99.98;"A";4212.6;"A";4215.13;"A";13.25;"A";10.61;"A";7.19;"A";30.51;"A";37.98;"A";40;"A";24.07;"A";45.98;"A";1008.22;"A";31;"A";0;"A";8;"A";126;"A";1;"A";233.33;"A"
"2025-06-14 13:15";99.98;"A";4212.67;"A";4215.2;"A";14.39;"A";10.82;"A";7.46;"A";30.79;"A";38.2;"A";40;"A";24.11;"A";46.94;"A";1008.01;"A";32;"A";0;"A";8;"A";154;"A";1.33;"A";350;"A"
"2025-06-14 13:30";99.98;"A";4212.6;"A";4215;"A";13.93;"A";11;"A";7.89;"A";31.02;"A";38.72;"A";38;"A";24.65;"A";46.44;"A";1007.85;"A";28;"A";0;"A";10;"A";185;"A";1.67;"A";116.67;"A"
"2025-06-14 13:45";99.89;"A";4197.47;"A";4198;"A";14.52;"A";11.11;"A";7.84;"A";31.32;"A";37.98;"A";38;"A";24.46;"A";47.91;"A";1007.86;"A";29;"A";0;"A";9;"A";204;"A";2;"A";346.67;"A"
"2025-06-14 14:00";99.84;"A";4210.8;"A";4214.53;"A";15.28;"A";11.48;"A";8.05;"A";31.32;"A";39.74;"A";33;"A";24.4;"A";49.05;"A";1007.69;"A";27;"A";1;"A";6;"A";190;"A";0.33;"A";346.67;"A"
"2025-06-14 14:15";99.9;"A";4211.6;"A";4215.07;"A";13.44;"A";10.45;"A";7.53;"A";31.37;"A";35.7;"A";37;"A";24.74;"A";42.48;"A";1007.61;"A";31;"A";0;"A";6;"A";132;"A";0.33;"A";230;"A"
"2025-06-14 14:30";99.93;"A";4211.6;"A";4214.53;"A";11.76;"A";9.3;"A";6.75;"A";31.56;"A";33.82;"A";42;"A";25.14;"A";41.02;"A";1007.55;"A";32;"A";0;"A";9;"A";138;"A";0.67;"A";20;"A"
"2025-06-14 14:45";99.95;"A";4211.73;"A";4214.93;"A";12.44;"A";10.05;"A";7.26;"A";31.94;"A";34.69;"A";38;"A";25.56;"A";41.98;"A";1007.58;"A";31;"A";0;"A";7;"A";155;"A";1;"A";113.33;"A"
"2025-06-14 15:00";99.96;"A";4211.93;"A";4214.73;"A";16.06;"A";11.1;"A";8.04;"A";32.06;"A";36.56;"A";39;"A";24.29;"A";48.79;"A";1007.59;"A";29;"A";1;"A";10;"A";157;"A";0.33;"A";43.33;"A"
"2025-06-14 15:15";99.97;"A";4212.47;"A";4215.27;"A";16.98;"A";13.19;"A";9.15;"A";31.42;"A";39.74;"A";36;"A";23.25;"A";53.8;"A";1007.93;"A";28;"A";1;"A";7;"A";167;"A";0.33;"A";6.67;"A"
"2025-06-14 15:30";99.98;"A";4212.73;"A";4215.33;"A";16.98;"A";12.81;"A";9.03;"A";30.64;"A";39.62;"A";32;"A";23.58;"A";49.14;"A";1007.88;"A";27;"A";1;"A";5;"A";147;"A";1;"A";233.33;"A"
"2025-06-14 15:45";99.98;"A";4212.87;"A";4215.6;"A";16.72;"A";12.94;"A";9.45;"A";30.4;"A";42.55;"A";35;"A";23.41;"A";55.75;"A";1007.93;"A";27;"A";0;"A";8;"A";195;"A";0.67;"A";240;"A"
"2025-06-14 16:00";99.98;"A";4212.6;"A";4215.2;"A";19.83;"A";15.48;"A";11.12;"A";30.29;"A";44.34;"A";29;"A";23.31;"A";56.32;"A";1007.81;"A";23;"A";1;"A";6;"A";238;"A";1;"A";230;"A"
"2025-06-14 16:15";99.99;"A";4212.6;"A";4215.07;"A";15.97;"A";12.64;"A";9.16;"A";30.21;"A";40.63;"A";30;"A";23.54;"A";49.36;"A";1007.68;"A";25;"A";0;"A";6;"A";191;"A";1.67;"A";350;"A"
"2025-06-14 16:30";99.99;"A";4212.6;"A";4215.2;"A";14.94;"A";11.36;"A";8.38;"A";30.32;"A";38.59;"A";35;"A";24.02;"A";45.39;"A";1007.52;"A";26;"A";0;"A";8;"A";154;"A";0.67;"A";233.33;"A"
"2025-06-14 16:45";99.99;"A";4212.6;"A";4215.2;"A";14.83;"A";11.41;"A";8.22;"A";30.59;"A";38.51;"A";33;"A";24.23;"A";45.53;"A";1007.44;"A";27;"A";0;"A";6;"A";152;"A";1;"A";346.67;"A"
"2025-06-14 17:00";99.99;"A";4212.73;"A";4215.73;"A";13.76;"A";10.03;"A";6.89;"A";30.81;"A";35.88;"A";34;"A";24.33;"A";42.26;"A";1007.41;"A";28;"A";0;"A";7;"A";131;"A";0.67;"A";116.67;"A"
"2025-06-14 17:15";99.99;"A";4212.87;"A";4215.27;"A";14.22;"A";9.38;"A";6.61;"A";30.82;"A";33.84;"A";40;"A";23.38;"A";43.81;"A";1007.87;"A";31;"A";0;"A";9;"A";135;"A";0.67;"A";23.33;"A"
"2025-06-14 17:30";99.99;"A";4212.6;"A";4215.13;"A";13.67;"A";9.53;"A";6.97;"A";30.17;"A";41.3;"A";38;"A";21.74;"A";58.37;"A";1007.98;"A";27;"A";2;"A";11;"A";198;"A";0.33;"A";23.33;"A"
"2025-06-14 17:45";99.99;"A";4212.6;"A";4215.33;"A";13.79;"A";10.27;"A";7.18;"A";29.05;"A";46.27;"A";31;"A";21;"A";61.39;"A";1008.09;"A";24;"A";2;"A";7;"A";170;"A";0;"A";233.33;"A"
"2025-06-14 18:00";99.99;"A";4212.6;"A";4215;"A";15.23;"A";11.66;"A";8.33;"A";28.36;"A";48.48;"A";30;"A";21.12;"A";63.2;"A";1008.04;"A";23;"A";1;"A";7;"A";223;"A";0.33;"A";236.67;"A"
"2025-06-14 18:15";99.99;"A";4212.6;"A";4215.13;"A";17.54;"A";12.78;"A";8.96;"A";28.08;"A";50.16;"A";27;"A";21.15;"A";63.74;"A";1007.96;"A";22;"A";1;"A";5;"A";216;"A";0.67;"A";266.67;"A"
"2025-06-14 18:30";99.99;"A";4212.67;"A";4215.47;"A";18.97;"A";13.72;"A";9.4;"A";27.99;"A";51.03;"A";26;"A";21.26;"A";63.82;"A";1007.96;"A";21;"A";1;"A";5;"A";199;"A";0;"A";193.33;"A"
"2025-06-14 18:45";99.99;"A";4212.87;"A";4215.4;"A";17.07;"A";12.51;"A";8.88;"A";28.02;"A";50.31;"A";27;"A";21.45;"A";62.23;"A";1007.92;"A";21;"A";0;"A";6;"A";200;"A";0;"A";240;"A"
"2025-06-14 19:00";99.99;"A";4212.6;"A";4215.2;"A";17.21;"A";13.24;"A";9.07;"A";28.1;"A";50.18;"A";26;"A";21.59;"A";61.48;"A";1007.92;"A";21;"A";1;"A";5;"A";191;"A";0.33;"A";330;"A"
"2025-06-14 19:15";99.98;"A";4204.27;"A";4205.33;"A";16.21;"A";12.52;"A";8.59;"A";28.19;"A";49.04;"A";27;"A";21.53;"A";60.96;"A";1008.1;"A";20;"A";1;"A";7;"A";194;"A";0.33;"A";330;"A"
"2025-06-14 19:30";99.77;"A";4191.93;"A";4192.13;"A";18.18;"A";14.03;"A";9.85;"A";28.18;"A";48.72;"A";26;"A";21.54;"A";59.18;"A";1008.16;"A";16;"A";1;"A";10;"A";228;"A";0.67;"A";156.67;"A"
"2025-06-14 19:45";99.8;"A";4210.07;"A";4213.67;"A";17.12;"A";11.55;"A";8.08;"A";28.08;"A";49.02;"A";28;"A";21.04;"A";63.19;"A";1008.23;"A";21;"A";1;"A";7;"A";190;"A";1;"A";336.67;"A"
"2025-06-14 20:00";99.87;"A";4211.07;"A";4214.47;"A";16.95;"A";12.48;"A";8.54;"A";27.8;"A";50.37;"A";25;"A";20.79;"A";63.41;"A";1008.3;"A";21;"A";1;"A";5;"A";200;"A";1.33;"A";343.33;"A"
"2025-06-14 20:15";99.92;"A";4211.8;"A";4215.07;"A";15.46;"A";11.9;"A";8.64;"A";27.57;"A";49.35;"A";25;"A";20.79;"A";61.26;"A";1008.4;"A";21;"A";1;"A";5;"A";199;"A";1;"A";116.67;"A"
"2025-06-14 20:30";99.95;"A";4211.73;"A";4214.93;"A";15.05;"A";11.81;"A";8.39;"A";27.41;"A";48.9;"A";26;"A";20.56;"A";61.29;"A";1008.37;"A";20;"A";0;"A";5;"A";207;"A";1.67;"A";350;"A"
"2025-06-14 20:45";99.96;"A";4212.13;"A";4215;"A";13.37;"A";10.36;"A";7.38;"A";27.19;"A";49.21;"A";25;"A";20.37;"A";61.42;"A";1008.53;"A";20;"A";1;"A";5;"A";216;"A";0.33;"A";233.33;"A"
"2025-06-14 21:00";99.98;"A";4212.6;"A";4214.93;"A";13.46;"A";9.74;"A";6.86;"A";27.01;"A";49.34;"A";25;"A";20.22;"A";61.68;"A";1008.57;"A";19;"A";1;"A";6;"A";197;"A";0.67;"A";350;"A"
"2025-06-14 21:15";99.99;"A";4212.67;"A";4214.8;"A";14.08;"A";10.56;"A";7.13;"A";26.82;"A";52.77;"A";25;"A";19.81;"A";69.24;"A";1008.85;"A";18;"A";2;"A";7;"A";178;"A";0.67;"A";116.67;"A"
"2025-06-14 21:30";99.99;"A";4212.73;"A";4215.27;"A";16.68;"A";11.7;"A";7.96;"A";26.46;"A";57.42;"A";19;"A";19.17;"A";74.96;"A";1009;"A";15;"A";3;"A";4;"A";169;"A";0;"A";343.33;"A"
"2025-06-14 21:45";100;"A";4213;"A";4215.47;"A";14.7;"A";10.96;"A";8.16;"A";26.01;"A";59.36;"A";17;"A";18.75;"A";77.19;"A";1009.02;"A";14;"A";3;"A";3;"A";150;"A";0.33;"A";346.67;"A"
"2025-06-14 22:00";100;"A";4212.73;"A";4214.6;"A";13.05;"A";9.18;"A";7.88;"A";25.76;"A";60.08;"A";17;"A";18.32;"A";78.29;"A";1008.97;"A";13;"A";2;"A";4;"A";160;"A";0.33;"A";340;"A"
"2025-06-14 22:15";100;"A";4212.73;"A";4214.87;"A";14.64;"A";10.36;"A";9;"A";25.47;"A";59.89;"A";18;"A";18.25;"A";77.79;"A";1008.76;"A";13;"A";2;"A";4;"A";154;"A";0.67;"A";340;"A"
"2025-06-14 22:30";100;"A";4212.6;"A";4214.67;"A";16.26;"A";11.63;"A";10.09;"A";25.24;"A";60.01;"A";19;"A";18.19;"A";77.4;"A";1008.71;"A";14;"A";2;"A";5;"A";161;"A";0;"A";200;"A"
"2025-06-14 22:45";100;"A";4212.73;"A";4215.07;"A";13.65;"A";9.75;"A";8.36;"A";25.23;"A";60.1;"A";19;"A";17.93;"A";77.27;"A";1008.53;"A";15;"A";2;"A";4;"A";164;"A";0;"A";336.67;"A"
"2025-06-14 23:00";99.91;"A";4193.53;"A";4192.27;"A";12.39;"A";8.75;"A";7.7;"A";25.2;"A";59.96;"A";19;"A";17.74;"A";79.05;"A";1008.32;"A";15;"A";2;"A";4;"A";144;"A";0.33;"A";323.33;"A"
"2025-06-14 23:15";99.83;"A";4210.8;"A";4213.67;"A";10.84;"A";7.68;"A";6.77;"A";25.25;"A";60.06;"A";19;"A";17.62;"A";79.33;"A";1008.24;"A";15;"A";2;"A";4;"A";144;"A";0.33;"A";326.67;"A"
"2025-06-14 23:30";99.89;"A";4211.4;"A";4214.07;"A";10.68;"A";7.57;"A";6.67;"A";25.22;"A";60;"A";18;"A";17.54;"A";80.5;"A";1008.12;"A";14;"A";2;"A";4;"A";132;"A";0;"A";326.67;"A"
"2025-06-14 23:45";99.93;"A";4211.67;"A";4214.4;"A";10.37;"A";7.36;"A";6.48;"A";25.28;"A";59.92;"A";17;"A";17.53;"A";80.11;"A";1008.06;"A";13;"A";2;"A";3;"A";125;"A";0.67;"A";326.67;"A"
"2025-06-15 00:00";99.96;"A";4211.8;"A";4213.93;"A";10.88;"A";7.71;"A";6.79;"A";25.24;"A";60.08;"A";16;"A";17.54;"A";80.41;"A";1007.89;"A";12;"A";2;"A";4;"A";121;"A";0.33;"A";326.67;"A"
"2025-06-15 00:15";99.98;"A";4212.4;"A";4214.53;"A";11.55;"A";8.17;"A";7.2;"A";25.33;"A";59.99;"A";16;"A";17.62;"A";80.01;"A";1007.88;"A";13;"A";2;"A";3;"A";128;"A";0.67;"A";326.67;"A"
"2025-06-15 00:30";99.99;"A";4212.67;"A";4214.33;"A";11.27;"A";7.97;"A";7.02;"A";25.32;"A";59.97;"A";17;"A";17.69;"A";79.75;"A";1007.76;"A";14;"A";1;"A";4;"A";125;"A";1;"A";336.67;"A"
"2025-06-15 00:45";99.99;"A";4212.93;"A";4215.33;"A";12.42;"A";8.76;"A";7.72;"A";25.26;"A";60.03;"A";17;"A";17.78;"A";79.11;"A";1007.57;"A";13;"A";2;"A";4;"A";130;"A";1;"A";340;"A"
"2025-06-15 01:00";100;"A";4212.73;"A";4214.87;"A";12.69;"A";8.95;"A";7.88;"A";25.25;"A";59.89;"A";17;"A";17.84;"A";78.57;"A";1007.61;"A";13;"A";2;"A";4;"A";134;"A";1;"A";340;"A"
"2025-06-15 01:15";100;"A";4212.6;"A";4214.73;"A";12.51;"A";8.83;"A";7.78;"A";25.07;"A";59.92;"A";17;"A";17.77;"A";78.15;"A";1007.51;"A";13;"A";2;"A";4;"A";134;"A";1.33;"A";336.67;"A"
"2025-06-15 01:30";100;"A";4212.67;"A";4214.8;"A";18.83;"A";13.3;"A";11.58;"A";24.68;"A";59.94;"A";18;"A";17.67;"A";76.93;"A";1007.42;"A";14;"A";1;"A";4;"A";202;"A";1;"A";340;"A"
"2025-06-15 01:45";100;"A";4212.73;"A";4214.67;"A";12.32;"A";8.91;"A";7.7;"A";24.49;"A";60.12;"A";19;"A";17.56;"A";77.09;"A";1007.36;"A";15;"A";1;"A";4;"A";133;"A";1;"A";340;"A"
"2025-06-15 02:00";100;"A";4212.8;"A";4215.2;"A";11.89;"A";8.4;"A";7.4;"A";24.58;"A";59.94;"A";18;"A";17.55;"A";77.22;"A";1007.22;"A";15;"A";1;"A";4;"A";126;"A";1;"A";336.67;"A"
"2025-06-15 02:15";99.99;"A";4207.93;"A";4210.4;"A";12.54;"A";9.12;"A";7.77;"A";24.52;"A";59.9;"A";18;"A";17.47;"A";77.14;"A";1007.18;"A";14;"A";2;"A";4;"A";133;"A";1;"A";336.67;"A"
"2025-06-15 02:30";99.94;"A";4212;"A";4214.93;"A";11.66;"A";8.24;"A";7.26;"A";24.36;"A";60.12;"A";19;"A";17.45;"A";76.79;"A";1007.24;"A";14;"A";2;"A";4;"A";127;"A";1.33;"A";340;"A"
"2025-06-15 02:45";99.96;"A";4212.27;"A";4214.27;"A";11.68;"A";8.26;"A";7.28;"A";24.48;"A";59.9;"A";18;"A";17.37;"A";77.32;"A";1007.23;"A";14;"A";2;"A";4;"A";139;"A";0.67;"A";350;"A"
"2025-06-15 03:00";99.98;"A";4212.67;"A";4214.33;"A";11.04;"A";8.55;"A";6.47;"A";24.15;"A";59.87;"A";19;"A";17.28;"A";76.26;"A";1007.04;"A";15;"A";1;"A";4;"A";126;"A";1.33;"A";350;"A"
"2025-06-15 03:15";99.99;"A";4212.6;"A";4214.93;"A";10.16;"A";7.55;"A";5.71;"A";23.92;"A";59.78;"A";20;"A";17.15;"A";75.3;"A";1007;"A";16;"A";1;"A";4;"A";115;"A";1.33;"A";350;"A"
"2025-06-15 03:30";99.99;"A";4212.53;"A";4214.8;"A";10.66;"A";8.52;"A";5.99;"A";23.75;"A";59.48;"A";21;"A";17.1;"A";75.02;"A";1006.98;"A";17;"A";1;"A";4;"A";126;"A";0.67;"A";350;"A"
"2025-06-15 03:45";100;"A";4212.73;"A";4214.73;"A";9.79;"A";7.34;"A";5.07;"A";23.66;"A";59.23;"A";21;"A";17.01;"A";74.81;"A";1006.94;"A";18;"A";1;"A";4;"A";119;"A";1;"A";350;"A"
"2025-06-15 04:00";100;"A";4213;"A";4215.4;"A";9.24;"A";5.99;"A";4.54;"A";23.53;"A";59.51;"A";21;"A";16.9;"A";75.01;"A";1006.97;"A";17;"A";1;"A";4;"A";103;"A";0.33;"A";346.67;"A"
"2025-06-15 04:15";100;"A";4212.73;"A";4215.13;"A";9.02;"A";6.51;"A";4.77;"A";23.43;"A";59.79;"A";21;"A";16.76;"A";75.52;"A";1006.99;"A";18;"A";1;"A";4;"A";101;"A";0.67;"A";346.67;"A"
"2025-06-15 04:30";100;"A";4212.67;"A";4214.73;"A";8.09;"A";5.89;"A";4.87;"A";23.4;"A";59.96;"A";21;"A";16.68;"A";75.91;"A";1006.97;"A";17;"A";1;"A";3;"A";101;"A";0.33;"A";346.67;"A"
"2025-06-15 04:45";100;"A";4212.67;"A";4214.67;"A";9.7;"A";6.86;"A";6.03;"A";23.49;"A";60.01;"A";20;"A";16.69;"A";76.56;"A";1006.97;"A";16;"A";1;"A";4;"A";109;"A";0.67;"A";346.67;"A"
"2025-06-15 05:00";100;"A";4212.73;"A";4214.93;"A";10.71;"A";7.59;"A";6.69;"A";23.48;"A";60.03;"A";19;"A";16.6;"A";76.88;"A";1007.03;"A";15;"A";2;"A";5;"A";132;"A";1;"A";343.33;"A"
"2025-06-15 05:15";100;"A";4212.73;"A";4214.53;"A";13.65;"A";9.61;"A";8.47;"A";23.54;"A";60.03;"A";18;"A";16.58;"A";77;"A";1007.04;"A";14;"A";2;"A";4;"A";144;"A";0.33;"A";346.67;"A"
"2025-06-15 05:30";100;"A";4213;"A";4215.33;"A";9.23;"A";6.58;"A";5.8;"A";23.65;"A";60.05;"A";17;"A";16.64;"A";77.48;"A";1007.05;"A";14;"A";2;"A";4;"A";120;"A";0.33;"A";230;"A"
"2025-06-15 05:45";100;"A";4212.67;"A";4214.53;"A";10.27;"A";7.29;"A";6.42;"A";23.82;"A";59.93;"A";17;"A";16.71;"A";77.51;"A";1006.98;"A";13;"A";2;"A";4;"A";111;"A";0;"A";350;"A"
"2025-06-15 06:00";100;"A";4212.73;"A";4214.87;"A";12.99;"A";9.16;"A";8.07;"A";23.81;"A";59.95;"A";17;"A";16.81;"A";77.23;"A";1006.99;"A";13;"A";2;"A";4;"A";119;"A";0.33;"A";346.67;"A"
"2025-06-15 06:15";100;"A";4212.67;"A";4214.47;"A";15.01;"A";10.54;"A";9.29;"A";23.8;"A";60;"A";18;"A";16.92;"A";76.59;"A";1006.83;"A";14;"A";2;"A";4;"A";122;"A";0.67;"A";230;"A"
"2025-06-15 06:30";100;"A";4212.67;"A";4214.6;"A";13;"A";9.16;"A";8.07;"A";23.82;"A";59.96;"A";17;"A";17.08;"A";75.99;"A";1006.72;"A";13;"A";2;"A";4;"A";108;"A";0.67;"A";346.67;"A"
"2025-06-15 06:45";100;"A";4212.67;"A";4214.6;"A";12.84;"A";9.35;"A";7.49;"A";23.88;"A";59.87;"A";17;"A";17.35;"A";75.32;"A";1006.8;"A";14;"A";2;"A";4;"A";106;"A";0.67;"A";340;"A"
"2025-06-15 07:00";100;"A";4212.93;"A";4215.6;"A";12.48;"A";8.87;"A";6.93;"A";23.95;"A";59.87;"A";18;"A";17.6;"A";74.19;"A";1006.88;"A";14;"A";1;"A";4;"A";105;"A";0.33;"A";343.33;"A"
"2025-06-15 07:15";99.99;"A";4212.73;"A";4215.07;"A";15.49;"A";10.28;"A";7.05;"A";24.17;"A";59.32;"A";17;"A";18.03;"A";72.61;"A";1006.79;"A";13;"A";1;"A";4;"A";103;"A";0.67;"A";246.67;"A"
"2025-06-15 07:30";99.99;"A";4212.6;"A";4215.13;"A";14.83;"A";10.38;"A";7.46;"A";24.66;"A";58.22;"A";17;"A";18.75;"A";70.55;"A";1006.65;"A";13;"A";1;"A";4;"A";106;"A";0.33;"A";123.33;"A"
"2025-06-15 07:45";99.99;"A";4209.53;"A";4211.4;"A";15.32;"A";10.86;"A";7.62;"A";25.35;"A";56;"A";19;"A";19.08;"A";68.76;"A";1006.37;"A";15;"A";1;"A";4;"A";104;"A";0.33;"A";230;"A"
"2025-06-15 08:00";99.83;"A";4192;"A";4192.27;"A";15.31;"A";10.93;"A";7.69;"A";25.81;"A";54.49;"A";19;"A";19.22;"A";68.16;"A";1006.27;"A";15;"A";1;"A";5;"A";105;"A";0.67;"A";116.67;"A"
"2025-06-15 08:15";99.83;"A";4210.6;"A";4213.47;"A";15.62;"A";11.23;"A";7.74;"A";25.99;"A";53.44;"A";21;"A";19.13;"A";67.62;"A";1006.29;"A";17;"A";2;"A";5;"A";103;"A";1.33;"A";350;"A"
"2025-06-15 08:30";99.89;"A";4211.67;"A";4214.73;"A";14.96;"A";10.23;"A";7.48;"A";25.92;"A";53.54;"A";20;"A";19.05;"A";68.08;"A";1006.29;"A";16;"A";2;"A";5;"A";108;"A";0.33;"A";123.33;"A"
"2025-06-15 08:45";99.93;"A";4211.73;"A";4215.2;"A";14.46;"A";10.29;"A";7.41;"A";25.85;"A";53.36;"A";20;"A";19.17;"A";67.35;"A";1006.4;"A";16;"A";1;"A";4;"A";108;"A";2;"A";350;"A"
"2025-06-15 09:00";99.95;"A";4211.93;"A";4214.8;"A";15.97;"A";11.58;"A";8.22;"A";25.92;"A";53.12;"A";20;"A";19.39;"A";66.18;"A";1006.36;"A";16;"A";1;"A";5;"A";129;"A";1.33;"A";233.33;"A"
"2025-06-15 09:15";99.97;"A";4212.47;"A";4215.07;"A";13.36;"A";10.61;"A";7.35;"A";26.1;"A";52.34;"A";21;"A";19.61;"A";65.29;"A";1006.36;"A";16;"A";1;"A";5;"A";130;"A";1.33;"A";233.33;"A"
"2025-06-15 09:30";99.98;"A";4212.53;"A";4214.93;"A";14.67;"A";11.3;"A";7.89;"A";26.29;"A";51.29;"A";22;"A";19.6;"A";64.5;"A";1006.39;"A";16;"A";2;"A";5;"A";154;"A";1;"A";120;"A"
"2025-06-15 09:45";99.98;"A";4212.67;"A";4214.6;"A";15.65;"A";10.32;"A";7.25;"A";26.31;"A";50.87;"A";22;"A";19.47;"A";64.39;"A";1006.35;"A";17;"A";1;"A";5;"A";138;"A";1;"A";116.67;"A"
"2025-06-15 10:00";99.99;"A";4212.73;"A";4215.27;"A";13.95;"A";9.25;"A";6.59;"A";26.24;"A";50.33;"A";23;"A";19.61;"A";63.24;"A";1006.4;"A";18;"A";1;"A";5;"A";146;"A";1.33;"A";350;"A"
"2025-06-15 10:15";99.99;"A";4212.87;"A";4215.33;"A";15.27;"A";10.57;"A";7.45;"A";26.41;"A";50.32;"A";22;"A";20.37;"A";61.51;"A";1006.45;"A";18;"A";1;"A";4;"A";195;"A";1;"A";116.67;"A"
"2025-06-15 10:30";99.99;"A";4212.6;"A";4215.33;"A";14.51;"A";9.45;"A";6.46;"A";26.97;"A";48.64;"A";23;"A";20.76;"A";59.1;"A";1006.3;"A";18;"A";0;"A";5;"A";132;"A";1.33;"A";236.67;"A"
"2025-06-15 10:45";99.99;"A";4212.6;"A";4215;"A";10.48;"A";7.41;"A";5.36;"A";27.41;"A";46.54;"A";27;"A";20.91;"A";57.1;"A";1006.34;"A";22;"A";0;"A";6;"A";129;"A";1.67;"A";233.33;"A"
"2025-06-15 11:00";99.99;"A";4212.6;"A";4215.07;"A";10.84;"A";7.08;"A";4.98;"A";27.64;"A";45.7;"A";29;"A";21.03;"A";56.47;"A";1006.28;"A";23;"A";0;"A";6;"A";160;"A";1.67;"A";233.33;"A"
"2025-06-15 11:15";99.99;"A";4212.6;"A";4215.07;"A";11.79;"A";7.77;"A";5.22;"A";27.81;"A";44.62;"A";31;"A";21.17;"A";55.57;"A";1006.17;"A";24;"A";0;"A";6;"A";149;"A";2;"A";233.33;"A"
"2025-06-15 11:30";99.99;"A";4212.73;"A";4215.27;"A";10.61;"A";6.99;"A";4.94;"A";27.93;"A";44.88;"A";30;"A";21.07;"A";56.63;"A";1006.08;"A";24;"A";0;"A";6;"A";173;"A";0.67;"A";6.67;"A"
"2025-06-15 11:45";99.99;"A";4212.87;"A";4215.6;"A";9.67;"A";6.86;"A";5.08;"A";27.9;"A";45.77;"A";30;"A";20.95;"A";58.79;"A";1005.97;"A";23;"A";0;"A";7;"A";136;"A";1;"A";0;"A"
"2025-06-15 12:00";99.99;"A";4212.67;"A";4215.2;"A";10.79;"A";7.52;"A";5.49;"A";27.97;"A";46.55;"A";26;"A";21.45;"A";56.79;"A";1005.98;"A";22;"A";0;"A";4;"A";146;"A";1.33;"A";0;"A"
"2025-06-15 12:15";99.99;"A";4212.67;"A";4215.07;"A";9.8;"A";6.49;"A";4.58;"A";28.22;"A";44.15;"A";33;"A";21.73;"A";54.6;"A";1006.04;"A";26;"A";0;"A";7;"A";127;"A";1;"A";6.67;"A"
"2025-06-15 12:30";99.94;"A";4206.2;"A";4208.4;"A";13.2;"A";9.46;"A";6.7;"A";28.52;"A";45.16;"A";31;"A";21.6;"A";58.96;"A";1006.09;"A";22;"A";1;"A";8;"A";221;"A";1;"A";350;"A"
"2025-06-15 12:45";99.93;"A";4211.8;"A";4214.8;"A";13.12;"A";8.42;"A";5.77;"A";28.42;"A";48.21;"A";27;"A";21.24;"A";61.26;"A";1005.95;"A";22;"A";1;"A";5;"A";178;"A";1;"A";116.67;"A"
"2025-06-15 13:00";99.95;"A";4211.8;"A";4214.47;"A";8.33;"A";6.01;"A";4.09;"A";28.44;"A";44.77;"A";31;"A";22.47;"A";52.96;"A";1005.74;"A";27;"A";0;"A";4;"A";142;"A";1.33;"A";233.33;"A"
"2025-06-15 13:15";99.97;"A";4212;"A";4215.87;"A";8.65;"A";6.11;"A";4.28;"A";29.14;"A";43.19;"A";32;"A";23.57;"A";50.34;"A";1005.51;"A";26;"A";0;"A";6;"A";126;"A";1.33;"A";233.33;"A"
"2025-06-15 13:30";99.97;"A";4212.07;"A";4215;"A";8.46;"A";5.8;"A";4.08;"A";30.05;"A";39.39;"A";38;"A";23.72;"A";47.5;"A";1005.18;"A";31;"A";0;"A";8;"A";119;"A";1;"A";116.67;"A"
"2025-06-15 13:45";99.98;"A";4212.6;"A";4214.87;"A";8.48;"A";5.85;"A";4.39;"A";30.3;"A";40.26;"A";40;"A";22.87;"A";52.22;"A";1005.19;"A";30;"A";0;"A";9;"A";138;"A";1;"A";120;"A"
"2025-06-15 14:00";99.98;"A";4212.6;"A";4215.33;"A";7.6;"A";5.31;"A";3.79;"A";30.05;"A";39.92;"A";36;"A";22.85;"A";49.46;"A";1005.05;"A";30;"A";0;"A";5;"A";126;"A";1;"A";3.33;"A"
"2025-06-15 14:15";99.98;"A";4212.53;"A";4215.27;"A";10.34;"A";6.04;"A";4.15;"A";29.84;"A";39.43;"A";37;"A";23.04;"A";49.39;"A";1004.97;"A";30;"A";0;"A";7;"A";137;"A";1.33;"A";0;"A"
"2025-06-15 14:30";99.99;"A";4212.53;"A";4215.2;"A";8.29;"A";5.57;"A";3.99;"A";29.9;"A";39.5;"A";36;"A";23.5;"A";47.6;"A";1004.86;"A";31;"A";0;"A";5;"A";135;"A";0.67;"A";123.33;"A"
"2025-06-15 14:45";99.99;"A";4212.8;"A";4216;"A";7.2;"A";5.1;"A";3.52;"A";30.22;"A";37.88;"A";40;"A";23.65;"A";46.27;"A";1004.84;"A";33;"A";0;"A";7;"A";129;"A";1.33;"A";16.67;"A"
"2025-06-15 15:00";99.99;"A";4212.6;"A";4215;"A";8.22;"A";5.57;"A";3.76;"A";30.3;"A";37.52;"A";40;"A";23.56;"A";46.54;"A";1004.74;"A";33;"A";0;"A";7;"A";152;"A";1.67;"A";3.33;"A"
"2025-06-15 15:15";99.99;"A";4212.53;"A";4214.93;"A";9.99;"A";6.12;"A";4.25;"A";30.32;"A";37.95;"A";39;"A";23.82;"A";46.29;"A";1004.78;"A";32;"A";0;"A";6;"A";153;"A";0.67;"A";13.33;"A"
"2025-06-15 15:30";99.99;"A";4212.6;"A";4214.93;"A";8.47;"A";5.2;"A";3.71;"A";30.49;"A";35.94;"A";41;"A";23.75;"A";43.41;"A";1004.62;"A";35;"A";0;"A";6;"A";143;"A";1.67;"A";116.67;"A"
"2025-06-15 15:45";99.99;"A";4212.67;"A";4215.33;"A";9.29;"A";5.6;"A";3.85;"A";30.49;"A";35.94;"A";44;"A";23.5;"A";45.14;"A";1004.69;"A";36;"A";0;"A";8;"A";137;"A";1.33;"A";3.33;"A"
"2025-06-15 16:00";99.99;"A";4212.6;"A";4215.07;"A";8.8;"A";5.39;"A";3.7;"A";30.32;"A";36.6;"A";41;"A";23.79;"A";44.59;"A";1004.78;"A";35;"A";0;"A";7;"A";182;"A";1.33;"A";116.67;"A"
"2025-06-15 16:15";99.99;"A";4213;"A";4215.67;"A";8.52;"A";5.82;"A";4.07;"A";30.37;"A";37.44;"A";42;"A";23.38;"A";46.8;"A";1004.83;"A";35;"A";0;"A";7;"A";146;"A";1.67;"A";0;"A"
"2025-06-15 16:30";99.99;"A";4212.6;"A";4215.07;"A";7.71;"A";5.37;"A";3.72;"A";30.2;"A";35.79;"A";45;"A";23.39;"A";43.91;"A";1004.64;"A";38;"A";0;"A";7;"A";127;"A";1.67;"A";3.33;"A"
"2025-06-15 16:45";99.97;"A";4203.93;"A";4205.4;"A";7.79;"A";5.54;"A";3.93;"A";30.14;"A";36.31;"A";44;"A";23.55;"A";44.21;"A";1004.64;"A";38;"A";0;"A";6;"A";136;"A";1.67;"A";123.33;"A"
"2025-06-15 17:00";99.79;"A";4198.33;"A";4200.27;"A";8.75;"A";5.43;"A";3.98;"A";30.17;"A";35.93;"A";45;"A";23.44;"A";43.89;"A";1004.62;"A";38;"A";0;"A";7;"A";129;"A";1.67;"A";0;"A"
"2025-06-15 17:15";99.83;"A";4210.6;"A";4213.87;"A";8.67;"A";5.53;"A";3.92;"A";30.1;"A";36.07;"A";43;"A";23.47;"A";44.08;"A";1004.55;"A";37;"A";0;"A";6;"A";130;"A";1.67;"A";0;"A"
"2025-06-15 17:30";99.89;"A";4211.2;"A";4214.6;"A";9.16;"A";5.3;"A";3.9;"A";30.06;"A";35.9;"A";44;"A";23.44;"A";44.32;"A";1004.58;"A";35;"A";0;"A";8;"A";131;"A";0.67;"A";33.33;"A"
"2025-06-15 17:45";99.93;"A";4211.93;"A";4215.2;"A";8.07;"A";5.54;"A";4;"A";30.04;"A";36.91;"A";42;"A";23.17;"A";46.13;"A";1004.62;"A";35;"A";0;"A";7;"A";130;"A";2;"A";116.67;"A"
"2025-06-15 18:00";99.95;"A";4211.8;"A";4215.13;"A";7.94;"A";5.52;"A";4.01;"A";29.86;"A";37.25;"A";41;"A";22.83;"A";46.66;"A";1005;"A";34;"A";0;"A";6;"A";135;"A";1.33;"A";6.67;"A"
"2025-06-15 18:15";99.97;"A";4212;"A";4215.13;"A";8.55;"A";6.07;"A";4.14;"A";29.58;"A";38.59;"A";39;"A";22.38;"A";49.69;"A";1005.15;"A";33;"A";0;"A";7;"A";132;"A";1;"A";6.67;"A"
"2025-06-15 18:30";99.98;"A";4212.47;"A";4214.93;"A";11.22;"A";7.31;"A";4.79;"A";29.19;"A";40.37;"A";37;"A";22.17;"A";51.21;"A";1005.3;"A";31;"A";0;"A";6;"A";138;"A";1;"A";236.67;"A"
"2025-06-15 18:45";99.98;"A";4212.67;"A";4215.07;"A";10.26;"A";6.73;"A";4.83;"A";28.95;"A";41.58;"A";38;"A";21.92;"A";53.22;"A";1005.34;"A";31;"A";0;"A";6;"A";154;"A";1;"A";6.67;"A"
"2025-06-15 19:00";99.99;"A";4212.67;"A";4214.93;"A";7.64;"A";5.5;"A";3.67;"A";28.67;"A";42.57;"A";35;"A";21.77;"A";53.02;"A";1005.38;"A";30;"A";0;"A";5;"A";140;"A";1;"A";350;"A"
"2025-06-15 19:15";99.89;"A";4187.73;"A";4186.6;"A";5.85;"A";4.17;"A";3.06;"A";28.54;"A";41.88;"A";35;"A";21.91;"A";51.56;"A";1005.39;"A";30;"A";0;"A";5;"A";122;"A";2.33;"A";10;"A"
"2025-06-15 19:30";99.76;"A";4209.53;"A";4213.2;"A";6.92;"A";4.46;"A";3.13;"A";28.53;"A";41.68;"A";33;"A";21.88;"A";51.62;"A";1005.53;"A";27;"A";0;"A";5;"A";111;"A";1.67;"A";3.33;"A"
"2025-06-15 19:45";99.85;"A";4210.6;"A";4214.07;"A";7.72;"A";4.77;"A";3.36;"A";28.46;"A";41.84;"A";31;"A";21.72;"A";51.72;"A";1005.8;"A";26;"A";0;"A";5;"A";111;"A";2;"A";233.33;"A"
"2025-06-15 20:00";99.9;"A";4211.47;"A";4214.53;"A";7.78;"A";5.94;"A";4.02;"A";28.32;"A";41.37;"A";31;"A";21.5;"A";51.76;"A";1006.1;"A";26;"A";0;"A";5;"A";105;"A";1.33;"A";3.33;"A"
"2025-06-15 20:15";99.94;"A";4211.73;"A";4214.47;"A";10.06;"A";7.01;"A";4.65;"A";28.12;"A";41.65;"A";29;"A";21.36;"A";51.78;"A";1006.29;"A";23;"A";0;"A";5;"A";105;"A";1.33;"A";120;"A"
"2025-06-15 20:30";99.96;"A";4211.8;"A";4214.6;"A";9.37;"A";6.45;"A";4.52;"A";27.96;"A";41.85;"A";28;"A";21.22;"A";53.14;"A";1006.45;"A";22;"A";0;"A";6;"A";107;"A";1;"A";3.33;"A"
"2025-06-15 20:45";99.98;"A";4212.67;"A";4215.33;"A";9.25;"A";5.57;"A";3.97;"A";27.73;"A";46.27;"A";35;"A";19.85;"A";63.52;"A";1006.79;"A";28;"A";1;"A";7;"A";122;"A";1.67;"A";116.67;"A"
"2025-06-15 21:00";99.98;"A";4212.8;"A";4215.2;"A";11.59;"A";7.61;"A";4.9;"A";26.82;"A";52.26;"A";32;"A";18.47;"A";74.44;"A";1006.76;"A";26;"A";2;"A";5;"A";117;"A";1;"A";116.67;"A"
"2025-06-15 21:15";99.99;"A";4212.8;"A";4215.27;"A";10.82;"A";7.57;"A";5.06;"A";25.66;"A";58.19;"A";24;"A";17.79;"A";79.77;"A";1006.97;"A";20;"A";2;"A";4;"A";121;"A";0.67;"A";226.67;"A"
"2025-06-15 21:30";100;"A";4212.73;"A";4214.67;"A";9.07;"A";6.44;"A";5.61;"A";25.14;"A";60.19;"A";21;"A";17.49;"A";79.93;"A";1006.84;"A";18;"A";2;"A";2;"A";111;"A";0;"A";20;"A"
"2025-06-15 21:45";100;"A";4212.67;"A";4214.93;"A";9.05;"A";6.45;"A";5.68;"A";25.13;"A";60.04;"A";20;"A";17.36;"A";80.83;"A";1006.7;"A";17;"A";1;"A";3;"A";111;"A";0;"A";230;"A"
"2025-06-15 22:00";100;"A";4212.6;"A";4214.67;"A";9.21;"A";6.56;"A";5.78;"A";25.25;"A";60.07;"A";20;"A";17.38;"A";81.72;"A";1006.57;"A";16;"A";1;"A";3;"A";112;"A";0;"A";240;"A"
"2025-06-15 22:15";100;"A";4212.73;"A";4214.87;"A";8.9;"A";6.35;"A";5.59;"A";25.42;"A";60.01;"A";17;"A";17.35;"A";82.55;"A";1006.53;"A";14;"A";1;"A";3;"A";110;"A";0;"A";143.33;"A"
"2025-06-15 22:30";100;"A";4212.87;"A";4215.2;"A";9.5;"A";6.8;"A";5.52;"A";25.15;"A";59.58;"A";19;"A";17.45;"A";78.94;"A";1006.6;"A";16;"A";1;"A";2;"A";101;"A";0.67;"A";233.33;"A"
"2025-06-15 22:45";100;"A";4212.67;"A";4215.07;"A";8.78;"A";6.32;"A";5.55;"A";24.56;"A";60.01;"A";22;"A";17.52;"A";76.35;"A";1006.67;"A";18;"A";1;"A";4;"A";100;"A";0;"A";350;"A"
"2025-06-15 23:00";100;"A";4212.6;"A";4214.67;"A";9.04;"A";6.45;"A";5.68;"A";24.68;"A";59.98;"A";21;"A";17.55;"A";78.09;"A";1006.68;"A";18;"A";1;"A";3;"A";100;"A";0.67;"A";243.33;"A"
"2025-06-15 23:15";100;"A";4212.67;"A";4214.93;"A";10.86;"A";7.7;"A";6.78;"A";24.79;"A";60.07;"A";20;"A";17.51;"A";78.57;"A";1006.69;"A";17;"A";1;"A";3;"A";104;"A";0.33;"A";330;"A"
"2025-06-15 23:30";100;"A";4212.67;"A";4214.53;"A";13.07;"A";9.21;"A";8.12;"A";24.79;"A";59.92;"A";19;"A";17.54;"A";77.72;"A";1006.76;"A";16;"A";1;"A";3;"A";103;"A";1;"A";336.67;"A"
"2025-06-15 23:45";100;"A";4212.8;"A";4215.13;"A";13.91;"A";9.92;"A";8.61;"A";24.68;"A";59.88;"A";20;"A";17.63;"A";77.41;"A";1006.76;"A";17;"A";1;"A";3;"A";144;"A";0.67;"A";343.33;"A"
"2025-06-16 00:00";100;"A";4212.87;"A";4215.27;"A";9.94;"A";7.06;"A";6.22;"A";24.58;"A";60.1;"A";21;"A";17.57;"A";77.35;"A";1006.7;"A";17;"A";1;"A";3;"A";121;"A";0.33;"A";236.67;"A"
"2025-06-16 00:15";100;"A";4212.67;"A";4215;"A";10.21;"A";7.25;"A";6.39;"A";24.63;"A";59.96;"A";20;"A";17.46;"A";77.67;"A";1006.61;"A";16;"A";1;"A";4;"A";125;"A";0.33;"A";346.67;"A"
"2025-06-16 00:30";100;"A";4212.67;"A";4214.87;"A";10.96;"A";7.77;"A";6.84;"A";24.57;"A";59.98;"A";19;"A";17.29;"A";78.2;"A";1006.51;"A";16;"A";2;"A";4;"A";122;"A";0.67;"A";343.33;"A"
"2025-06-16 00:45";100;"A";4212.67;"A";4214.93;"A";10.92;"A";7.74;"A";6.82;"A";24.46;"A";60.05;"A";21;"A";17.2;"A";78.27;"A";1006.43;"A";17;"A";1;"A";4;"A";118;"A";2;"A";346.67;"A"
"2025-06-16 01:00";100;"A";4212.6;"A";4214.93;"A";9.15;"A";6.52;"A";5.74;"A";24.36;"A";59.96;"A";21;"A";17.21;"A";77.76;"A";1006.47;"A";18;"A";1;"A";3;"A";105;"A";1.67;"A";343.33;"A"
"2025-06-16 01:15";100;"A";4212.8;"A";4214.73;"A";9.19;"A";6.55;"A";5.77;"A";24.7;"A";60.18;"A";21;"A";17.23;"A";79.98;"A";1006.39;"A";17;"A";1;"A";3;"A";102;"A";1.33;"A";343.33;"A"
"2025-06-16 01:30";100;"A";4213;"A";4215.47;"A";9.23;"A";6.58;"A";5.8;"A";25.04;"A";59.94;"A";18;"A";17.21;"A";80.4;"A";1006.31;"A";16;"A";1;"A";2;"A";102;"A";1.33;"A";340;"A"
"2025-06-16 01:45";100;"A";4212.73;"A";4214.8;"A";9.84;"A";6.99;"A";6.16;"A";24.9;"A";60.02;"A";18;"A";17.12;"A";80.63;"A";1006.25;"A";15;"A";2;"A";3;"A";102;"A";1.33;"A";346.67;"A"
"2025-06-16 02:00";99.99;"A";4212.6;"A";4214.87;"A";9.36;"A";6.67;"A";5.88;"A";24.89;"A";60;"A";18;"A";17.15;"A";80.3;"A";1006.19;"A";15;"A";2;"A";3;"A";103;"A";0.33;"A";343.33;"A"
"2025-06-16 02:15";99.99;"A";4212.73;"A";4214.87;"A";9.04;"A";6.45;"A";5.68;"A";24.77;"A";59.92;"A";18;"A";17.14;"A";79.92;"A";1006.14;"A";15;"A";1;"A";3;"A";103;"A";0.67;"A";343.33;"A"
"2025-06-16 02:30";100;"A";4212.6;"A";4214.67;"A";9.22;"A";6.57;"A";5.79;"A";24.65;"A";59.91;"A";18;"A";17.06;"A";79.5;"A";1006.1;"A";15;"A";2;"A";3;"A";104;"A";1.33;"A";343.33;"A"
"2025-06-16 02:45";100;"A";4212.87;"A";4215.07;"A";9.32;"A";6.64;"A";5.85;"A";24.45;"A";60.06;"A";18;"A";17.04;"A";79.47;"A";1006.05;"A";15;"A";2;"A";4;"A";105;"A";1;"A";340;"A"
"2025-06-16 03:00";100;"A";4212.93;"A";4215.27;"A";9.15;"A";6.52;"A";5.75;"A";24.48;"A";60.02;"A";19;"A";17.02;"A";79.25;"A";1005.99;"A";15;"A";2;"A";3;"A";104;"A";1.33;"A";343.33;"A"
"2025-06-16 03:15";99.99;"A";4212.87;"A";4215;"A";9.4;"A";6.7;"A";5.9;"A";24.54;"A";60.02;"A";18;"A";17.06;"A";79.8;"A";1005.92;"A";14;"A";2;"A";4;"A";107;"A";1;"A";343.33;"A"
"2025-06-16 03:30";99.99;"A";4212.73;"A";4214.73;"A";10.2;"A";7.24;"A";6.38;"A";24.72;"A";59.95;"A";18;"A";17.14;"A";79.74;"A";1005.89;"A";14;"A";2;"A";3;"A";113;"A";1;"A";343.33;"A"
"2025-06-16 03:45";99.99;"A";4212.67;"A";4214.53;"A";11.87;"A";8.39;"A";7.39;"A";24.69;"A";60.01;"A";19;"A";17.23;"A";79.34;"A";1005.87;"A";14;"A";2;"A";4;"A";147;"A";0.33;"A";223.33;"A"
"2025-06-16 04:00";99.99;"A";4212.67;"A";4214.73;"A";9.48;"A";6.75;"A";5.94;"A";24.79;"A";59.95;"A";18;"A";17.27;"A";79.38;"A";1005.93;"A";15;"A";2;"A";3;"A";122;"A";0.67;"A";330;"A"
"2025-06-16 04:15";99.99;"A";4212.73;"A";4214.93;"A";9.61;"A";6.84;"A";6.03;"A";24.72;"A";60.01;"A";18;"A";17.19;"A";79.38;"A";1005.95;"A";14;"A";2;"A";4;"A";123;"A";0.67;"A";340;"A"
"2025-06-16 04:30";99.99;"A";4212.87;"A";4215.27;"A";9.89;"A";7.03;"A";6.19;"A";24.7;"A";59.99;"A";18;"A";17.22;"A";79.25;"A";1005.96;"A";14;"A";2;"A";4;"A";127;"A";0.67;"A";340;"A"
"2025-06-16 04:45";99.99;"A";4212.8;"A";4215.2;"A";11.69;"A";8.26;"A";7.28;"A";24.65;"A";59.99;"A";18;"A";17.21;"A";79.2;"A";1006.05;"A";14;"A";2;"A";4;"A";134;"A";1;"A";340;"A"
"2025-06-16 05:00";99.99;"A";4212.6;"A";4214.87;"A";11.29;"A";7.99;"A";7.04;"A";24.54;"A";59.98;"A";19;"A";17.3;"A";78.09;"A";1006.15;"A";15;"A";2;"A";4;"A";128;"A";1;"A";343.33;"A"
"2025-06-16 05:15";99.99;"A";4212.73;"A";4214.8;"A";10.49;"A";7.44;"A";6.56;"A";24.61;"A";59.98;"A";19;"A";17.29;"A";78.94;"A";1006.17;"A";15;"A";1;"A";4;"A";119;"A";1.33;"A";340;"A"
"2025-06-16 05:30";99.99;"A";4212.67;"A";4215;"A";10.6;"A";7.52;"A";6.62;"A";24.76;"A";60.02;"A";18;"A";17.29;"A";79.4;"A";1006.18;"A";14;"A";2;"A";4;"A";120;"A";1;"A";340;"A"
"2025-06-16 05:45";99.99;"A";4212.6;"A";4215.2;"A";10.92;"A";7.74;"A";6.82;"A";24.78;"A";60.02;"A";18;"A";17.41;"A";78.92;"A";1006.15;"A";14;"A";2;"A";4;"A";126;"A";0.33;"A";333.33;"A"
"2025-06-16 06:00";99.99;"A";4212.87;"A";4214.93;"A";11.39;"A";8.06;"A";7.1;"A";24.85;"A";60;"A";18;"A";17.56;"A";78.75;"A";1006.06;"A";14;"A";1;"A";4;"A";122;"A";0.67;"A";333.33;"A"
"2025-06-16 06:15";99.99;"A";4212.8;"A";4215.2;"A";11.59;"A";8.19;"A";7.22;"A";24.76;"A";59.97;"A";19;"A";17.62;"A";78.25;"A";1006.27;"A";14;"A";1;"A";5;"A";128;"A";0.67;"A";340;"A"
"2025-06-16 06:30";99.99;"A";4212.8;"A";4214.8;"A";11.9;"A";8.41;"A";7.41;"A";24.89;"A";59.99;"A";18;"A";17.72;"A";77.96;"A";1006.16;"A";13;"A";2;"A";5;"A";138;"A";0.33;"A";333.33;"A"
"2025-06-16 06:45";99.99;"A";4212.67;"A";4214.73;"A";12.24;"A";8.71;"A";7.49;"A";24.69;"A";59.91;"A";18;"A";17.85;"A";76.27;"A";1006.06;"A";14;"A";2;"A";5;"A";128;"A";0.67;"A";240;"A"
"2025-06-16 07:00";99.99;"A";4212.67;"A";4214.93;"A";13.12;"A";9.43;"A";7.53;"A";24.57;"A";59.81;"A";20;"A";18.02;"A";75.27;"A";1006.09;"A";15;"A";1;"A";5;"A";131;"A";0.67;"A";340;"A"
"2025-06-16 07:15";99.99;"A";4212.6;"A";4215.07;"A";14.31;"A";11.18;"A";7.64;"A";24.59;"A";59.44;"A";19;"A";18.15;"A";74.45;"A";1006.2;"A";14;"A";2;"A";5;"A";129;"A";0.67;"A";340;"A"
"2025-06-16 07:30";99.99;"A";4212.8;"A";4215.07;"A";16.24;"A";11.77;"A";8.09;"A";24.7;"A";59.24;"A";20;"A";18.7;"A";72.95;"A";1006.2;"A";14;"A";1;"A";6;"A";136;"A";0.67;"A";343.33;"A"
"2025-06-16 07:45";99.99;"A";4212.87;"A";4215.47;"A";19.87;"A";13.42;"A";9.13;"A";25.35;"A";57.63;"A";16;"A";20.01;"A";67.66;"A";1006.31;"A";12;"A";0;"A";3;"A";152;"A";0.67;"A";346.67;"A"
"2025-06-16 08:00";99.99;"A";4212.6;"A";4215.13;"A";20.6;"A";13.34;"A";8.96;"A";26.62;"A";54.22;"A";20;"A";21.18;"A";63.73;"A";1006.14;"A";14;"A";0;"A";6;"A";166;"A";1;"A";340;"A"
"2025-06-16 08:15";99.98;"A";4212.6;"A";4215.13;"A";18.77;"A";12.76;"A";8.74;"A";28.04;"A";50.06;"A";23;"A";22.24;"A";60.05;"A";1006.11;"A";14;"A";0;"A";9;"A";193;"A";0.67;"A";340;"A"
"2025-06-16 08:30";99.98;"A";4212.6;"A";4215.53;"A";16.05;"A";11.58;"A";8.23;"A";29.3;"A";47.17;"A";22;"A";23.44;"A";55.8;"A";1005.96;"A";16;"A";0;"A";7;"A";181;"A";1.33;"A";343.33;"A"
"2025-06-16 08:45";99.98;"A";4212.4;"A";4215.07;"A";16.32;"A";12.05;"A";8.29;"A";30.71;"A";43.03;"A";26;"A";24.73;"A";51.68;"A";1005.95;"A";18;"A";0;"A";8;"A";162;"A";1;"A";346.67;"A"
"2025-06-16 09:00";99.94;"A";4198.53;"A";4200.6;"A";18.03;"A";12.24;"A";8.6;"A";32.09;"A";40.25;"A";27;"A";25.66;"A";48.01;"A";1006;"A";19;"A";0;"A";8;"A";192;"A";1.33;"A";350;"A"
"2025-06-16 09:15";99.84;"A";4210.73;"A";4214.53;"A";15.65;"A";11.11;"A";8;"A";33.28;"A";37;"A";30;"A";26.89;"A";44.54;"A";1005.88;"A";21;"A";0;"A";9;"A";173;"A";0.67;"A";233.33;"A"
"2025-06-16 09:30";99.89;"A";4210.93;"A";4214.73;"A";17.69;"A";11.45;"A";7.88;"A";34.37;"A";34.42;"A";31;"A";27.68;"A";42.26;"A";1005.95;"A";21;"A";0;"A";11;"A";178;"A";0.67;"A";120;"A"
"2025-06-16 09:45";99.91;"A";4211.6;"A";4214.93;"A";17.05;"A";11.47;"A";7.9;"A";35.23;"A";31.91;"A";34;"A";27.97;"A";40.47;"A";1005.78;"A";24;"A";0;"A";10;"A";160;"A";0.67;"A";120;"A"
"2025-06-16 10:00";99.93;"A";4211.73;"A";4215.13;"A";14.59;"A";10.69;"A";7.56;"A";35.76;"A";30.83;"A";35;"A";28.47;"A";38.87;"A";1005.8;"A";25;"A";1;"A";10;"A";162;"A";2;"A";346.67;"A"
"2025-06-16 10:15";99.95;"A";4211.73;"A";4215.27;"A";16.15;"A";10.98;"A";7.72;"A";36.18;"A";29.14;"A";38;"A";28.63;"A";37.09;"A";1005.77;"A";28;"A";0;"A";10;"A";158;"A";1.67;"A";350;"A"
"2025-06-16 10:30";99.95;"A";4211.8;"A";4215.2;"A";16.9;"A";10.92;"A";7.83;"A";36.45;"A";28.73;"A";37;"A";29;"A";36.96;"A";1005.7;"A";26;"A";1;"A";10;"A";190;"A";1.33;"A";116.67;"A"
"2025-06-16 10:45";99.96;"A";4211.87;"A";4215.47;"A";13.75;"A";9.71;"A";6.78;"A";36.63;"A";26.88;"A";39;"A";28.96;"A";34.65;"A";1005.82;"A";29;"A";0;"A";10;"A";163;"A";1.67;"A";233.33;"A"
"2025-06-16 11:00";99.96;"A";4211.73;"A";4215;"A";19.53;"A";10.4;"A";7.07;"A";36.61;"A";25.96;"A";40;"A";28.89;"A";34.16;"A";1005.8;"A";30;"A";0;"A";10;"A";168;"A";1.33;"A";116.67;"A"
"2025-06-16 11:15";99.96;"A";4211.73;"A";4215.13;"A";14.97;"A";9.39;"A";6.72;"A";36.42;"A";26.1;"A";41;"A";28.71;"A";34.85;"A";1005.7;"A";31;"A";0;"A";10;"A";164;"A";1.67;"A";116.67;"A"
"2025-06-16 11:30";99.96;"A";4211.67;"A";4215.07;"A";13.7;"A";9.16;"A";6.45;"A";36.13;"A";26.57;"A";39;"A";28.53;"A";33.45;"A";1005.67;"A";31;"A";0;"A";9;"A";153;"A";2;"A";233.33;"A"
"2025-06-16 11:45";99.96;"A";4211.73;"A";4215.2;"A";12.81;"A";9.29;"A";6.79;"A";35.91;"A";24.62;"A";42;"A";28.52;"A";31.51;"A";1005.63;"A";33;"A";0;"A";9;"A";147;"A";2;"A";0;"A"
"2025-06-16 12:00";99.97;"A";4211.93;"A";4215.27;"A";12.31;"A";8.81;"A";6.13;"A";35.71;"A";24.43;"A";41;"A";28.53;"A";30.59;"A";1005.52;"A";33;"A";0;"A";8;"A";139;"A";1.33;"A";3.33;"A"
"2025-06-16 12:15";99.97;"A";4212;"A";4215.67;"A";12.14;"A";9.04;"A";6.2;"A";35.65;"A";24.22;"A";41;"A";28.6;"A";30.49;"A";1005.37;"A";32;"A";0;"A";9;"A";137;"A";1.67;"A";0;"A"
"2025-06-16 12:30";99.97;"A";4211.87;"A";4215.33;"A";11.94;"A";8.7;"A";6.15;"A";35.67;"A";24.39;"A";41;"A";28.75;"A";30.06;"A";1005.39;"A";34;"A";0;"A";7;"A";139;"A";1.33;"A";0;"A"
"2025-06-16 12:45";99.97;"A";4211.87;"A";4215.07;"A";13.45;"A";9.05;"A";6.14;"A";35.74;"A";24.11;"A";43;"A";28.77;"A";29.85;"A";1005.24;"A";34;"A";0;"A";9;"A";142;"A";2;"A";116.67;"A"
"2025-06-16 13:00";99.97;"A";4211.8;"A";4215.47;"A";12.35;"A";8.02;"A";5.8;"A";35.89;"A";23.72;"A";43;"A";29.01;"A";29.29;"A";1005.15;"A";36;"A";0;"A";7;"A";118;"A";1.67;"A";6.67;"A"
"2025-06-16 13:15";99.97;"A";4211.93;"A";4215.13;"A";11.57;"A";8.28;"A";5.45;"A";35.98;"A";23.18;"A";44;"A";28.85;"A";29.7;"A";1005.04;"A";36;"A";0;"A";8;"A";118;"A";1.67;"A";3.33;"A"
"2025-06-16 13:30";99.97;"A";4212.07;"A";4215;"A";11.55;"A";8.05;"A";5.67;"A";35.92;"A";23.77;"A";43;"A";28.73;"A";29.63;"A";1005.02;"A";36;"A";0;"A";7;"A";127;"A";1.33;"A";233.33;"A"
"2025-06-16 13:45";99.97;"A";4212.27;"A";4215.47;"A";10.14;"A";7.38;"A";5.35;"A";35.78;"A";23.13;"A";43;"A";28.4;"A";28.84;"A";1004.97;"A";35;"A";0;"A";7;"A";116;"A";1.33;"A";0;"A"
"2025-06-16 14:00";99.97;"A";4212.27;"A";4215.2;"A";10.01;"A";7.36;"A";5.19;"A";35.46;"A";23.31;"A";46;"A";28.24;"A";30.09;"A";1004.9;"A";37;"A";0;"A";8;"A";112;"A";1.67;"A";0;"A"
"2025-06-16 14:15";99.98;"A";4212.4;"A";4215;"A";9.82;"A";7.16;"A";5.08;"A";35.22;"A";24.05;"A";42;"A";28.21;"A";29;"A";1005;"A";36;"A";0;"A";6;"A";115;"A";2;"A";0;"A"
"2025-06-16 14:30";99.98;"A";4212.27;"A";4215.27;"A";9.79;"A";7.2;"A";5.08;"A";35.1;"A";23.54;"A";41;"A";28.27;"A";28.83;"A";1004.87;"A";34;"A";0;"A";7;"A";114;"A";1.33;"A";3.33;"A"
"2025-06-16 14:45";99.98;"A";4212.33;"A";4215.07;"A";10.74;"A";6.89;"A";4.69;"A";35.08;"A";22.98;"A";43;"A";28.2;"A";28.02;"A";1004.81;"A";36;"A";0;"A";7;"A";99;"A";2;"A";0;"A"
"2025-06-16 15:00";99.98;"A";4212.33;"A";4215.27;"A";13.47;"A";7.48;"A";5;"A";35.02;"A";23.11;"A";43;"A";28.16;"A";28.13;"A";1004.9;"A";37;"A";0;"A";7;"A";112;"A";2.33;"A";116.67;"A"
"2025-06-16 15:15";99.98;"A";4212.47;"A";4215.53;"A";10.06;"A";6.97;"A";4.97;"A";34.94;"A";22.62;"A";46;"A";28.13;"A";27.97;"A";1005.04;"A";38;"A";0;"A";8;"A";109;"A";1.33;"A";0;"A"
"2025-06-16 15:30";99.98;"A";4212.4;"A";4215.2;"A";11.11;"A";7.3;"A";5.02;"A";34.88;"A";23.01;"A";43;"A";28.11;"A";27.9;"A";1004.91;"A";37;"A";0;"A";6;"A";122;"A";1.33;"A";3.33;"A"
"2025-06-16 15:45";99.98;"A";4212.33;"A";4215.07;"A";10.53;"A";7.1;"A";4.92;"A";34.85;"A";23.43;"A";44;"A";28.11;"A";28.48;"A";1004.88;"A";37;"A";0;"A";7;"A";113;"A";1.67;"A";0;"A"
"2025-06-16 16:00";99.97;"A";4204.2;"A";4205.6;"A";10.35;"A";7.37;"A";5.22;"A";34.81;"A";23.32;"A";44;"A";28.09;"A";28.13;"A";1004.89;"A";37;"A";0;"A";7;"A";132;"A";2;"A";116.67;"A"
"2025-06-16 16:15";99.75;"A";4189.47;"A";4190.27;"A";12.46;"A";7.45;"A";5.24;"A";34.74;"A";23.11;"A";46;"A";28.08;"A";28.11;"A";1004.96;"A";39;"A";0;"A";7;"A";118;"A";1.67;"A";236.67;"A"
"2025-06-16 16:30";99.76;"A";4209.53;"A";4213.53;"A";9.83;"A";7.03;"A";5.06;"A";34.73;"A";23.48;"A";44;"A";28.09;"A";28.69;"A";1005;"A";38;"A";0;"A";6;"A";116;"A";1.33;"A";116.67;"A"
"2025-06-16 16:45";99.84;"A";4210.8;"A";4214.8;"A";15.13;"A";8.62;"A";5.67;"A";34.68;"A";23.58;"A";45;"A";28.03;"A";28.66;"A";1004.89;"A";38;"A";0;"A";7;"A";114;"A";1.67;"A";233.33;"A"
"2025-06-16 17:00";99.9;"A";4211.2;"A";4214.6;"A";11.58;"A";7.94;"A";5.08;"A";34.69;"A";23.48;"A";44;"A";28.16;"A";28.24;"A";1004.99;"A";38;"A";0;"A";6;"A";124;"A";1.67;"A";0;"A"
"2025-06-16 17:15";99.93;"A";4211.53;"A";4214.73;"A";10.79;"A";7.3;"A";5.09;"A";34.73;"A";23.55;"A";45;"A";28.03;"A";28.77;"A";1004.95;"A";38;"A";0;"A";8;"A";115;"A";1;"A";0;"A"
"2025-06-16 17:30";99.95;"A";4211.67;"A";4215.4;"A";10.66;"A";7.53;"A";5.23;"A";34.7;"A";23.95;"A";44;"A";27.96;"A";29.2;"A";1005.05;"A";37;"A";0;"A";7;"A";120;"A";1;"A";120;"A"
"2025-06-16 17:45";99.97;"A";4211.67;"A";4215.13;"A";9.84;"A";7.11;"A";5.04;"A";34.63;"A";24.23;"A";45;"A";27.84;"A";29.72;"A";1005;"A";38;"A";0;"A";7;"A";120;"A";1.33;"A";116.67;"A"
"2025-06-16 18:00";99.98;"A";4212;"A";4215.33;"A";9.24;"A";7.11;"A";4.95;"A";34.52;"A";24.25;"A";44;"A";27.71;"A";29.74;"A";1005.22;"A";37;"A";0;"A";7;"A";115;"A";1;"A";6.67;"A"
"2025-06-16 18:15";99.98;"A";4212.4;"A";4215.73;"A";9.66;"A";6.95;"A";4.95;"A";34.38;"A";24.32;"A";45;"A";27.66;"A";29.79;"A";1005.27;"A";37;"A";0;"A";7;"A";116;"A";1.33;"A";120;"A"
"2025-06-16 18:30";99.99;"A";4212.27;"A";4215.33;"A";11.15;"A";7.72;"A";5.26;"A";34.31;"A";24.4;"A";44;"A";27.52;"A";29.72;"A";1005.37;"A";38;"A";0;"A";6;"A";118;"A";1;"A";6.67;"A"
"2025-06-16 18:45";99.99;"A";4212.47;"A";4215;"A";9.29;"A";7.39;"A";5.24;"A";34.18;"A";24.42;"A";44;"A";27.34;"A";30.02;"A";1005.43;"A";37;"A";0;"A";7;"A";117;"A";1.67;"A";116.67;"A"
"2025-06-16 19:00";99.99;"A";4212.53;"A";4214.87;"A";10.65;"A";8.01;"A";5.62;"A";34.01;"A";25.14;"A";44;"A";27.21;"A";31.05;"A";1005.55;"A";37;"A";0;"A";7;"A";132;"A";2;"A";350;"A"
"2025-06-16 19:15";99.99;"A";4212.6;"A";4215.07;"A";9.52;"A";7.16;"A";5.13;"A";33.83;"A";25.61;"A";43;"A";27.04;"A";31.51;"A";1005.91;"A";36;"A";0;"A";7;"A";129;"A";1;"A";116.67;"A"
"2025-06-16 19:30";100;"A";4212.73;"A";4215.4;"A";9.85;"A";7.24;"A";5.19;"A";33.67;"A";25.88;"A";43;"A";26.85;"A";32.04;"A";1005.98;"A";36;"A";0;"A";7;"A";123;"A";1.33;"A";233.33;"A"
"2025-06-16 19:45";100;"A";4213;"A";4215.67;"A";10.25;"A";7.43;"A";5.2;"A";33.46;"A";26.63;"A";42;"A";26.64;"A";32.99;"A";1006.03;"A";35;"A";0;"A";6;"A";134;"A";1;"A";116.67;"A"
"2025-06-16 20:00";100;"A";4212.6;"A";4214.87;"A";9.66;"A";6.99;"A";4.94;"A";33.25;"A";27.02;"A";41;"A";26.42;"A";33.43;"A";1006.13;"A";33;"A";0;"A";8;"A";135;"A";0.33;"A";236.67;"A"
"2025-06-16 20:15";100;"A";4211;"A";4213.47;"A";9.83;"A";6.81;"A";4.95;"A";33.02;"A";27.65;"A";40;"A";26.16;"A";34.42;"A";1006.33;"A";32;"A";0;"A";7;"A";127;"A";0.67;"A";226.67;"A"
"2025-06-16 20:30";99.85;"A";4196.27;"A";4197.4;"A";9.51;"A";7.02;"A";4.95;"A";32.75;"A";28.35;"A";38;"A";25.76;"A";35.56;"A";1006.35;"A";30;"A";0;"A";8;"A";129;"A";0;"A";250;"A"
"2025-06-16 20:45";99.87;"A";4210.6;"A";4214.07;"A";9.64;"A";6.99;"A";5.05;"A";32.4;"A";29.16;"A";36;"A";25.39;"A";36.33;"A";1006.41;"A";28;"A";0;"A";8;"A";142;"A";0;"A";340;"A"
"2025-06-16 21:00";99.92;"A";4211.67;"A";4214.8;"A";10.29;"A";6.74;"A";4.96;"A";32.03;"A";29.88;"A";36;"A";24.9;"A";37.46;"A";1006.48;"A";28;"A";0;"A";8;"A";158;"A";0.33;"A";326.67;"A"
"2025-06-16 21:15";99.95;"A";4212;"A";4215.67;"A";10.21;"A";8.44;"A";5.87;"A";31.6;"A";30.84;"A";34;"A";24.42;"A";38.81;"A";1006.6;"A";25;"A";0;"A";8;"A";201;"A";0.33;"A";303.33;"A"
"2025-06-16 21:30";99.97;"A";4211.73;"A";4214.87;"A";11.21;"A";7.83;"A";5.57;"A";31.14;"A";31.99;"A";33;"A";24;"A";40.24;"A";1006.61;"A";25;"A";0;"A";7;"A";179;"A";0;"A";256.67;"A"
"2025-06-16 21:45";99.98;"A";4212.33;"A";4214.73;"A";10.34;"A";7.94;"A";5.37;"A";30.69;"A";33.35;"A";31;"A";23.54;"A";42.03;"A";1007.01;"A";24;"A";1;"A";6;"A";154;"A";0;"A";140;"A"
"2025-06-16 22:00";99.99;"A";4212.53;"A";4215;"A";11.08;"A";7.45;"A";5.34;"A";30.24;"A";34.4;"A";31;"A";23.01;"A";43.53;"A";1007.02;"A";23;"A";0;"A";8;"A";164;"A";0;"A";160;"A"
"2025-06-16 22:15";100;"A";4212.53;"A";4215.4;"A";10.55;"A";8.17;"A";5.99;"A";29.76;"A";35.58;"A";28;"A";22.47;"A";45.19;"A";1007.11;"A";17;"A";1;"A";11;"A";196;"A";0;"A";140;"A"
"2025-06-16 22:30";100;"A";4212.73;"A";4215.07;"A";13.64;"A";9.68;"A";6.46;"A";29.28;"A";36.63;"A";28;"A";22.09;"A";46.56;"A";1007.1;"A";16;"A";1;"A";12;"A";201;"A";0;"A";176.67;"A"
"2025-06-16 22:45";100;"A";4212.87;"A";4215.33;"A";13.04;"A";9.55;"A";6.57;"A";28.85;"A";37.61;"A";27;"A";21.63;"A";47.82;"A";1007.18;"A";17;"A";1;"A";9;"A";190;"A";0;"A";296.67;"A"
"2025-06-16 23:00";100;"A";4212.73;"A";4215.27;"A";13.47;"A";9.07;"A";6.39;"A";28.39;"A";38.91;"A";25;"A";21.15;"A";49.93;"A";1007.32;"A";16;"A";1;"A";9;"A";179;"A";0;"A";133.33;"A"
"2025-06-16 23:15";100;"A";4212.67;"A";4214.73;"A";13.08;"A";9.25;"A";6.36;"A";27.93;"A";40.39;"A";23;"A";20.77;"A";51.48;"A";1007.51;"A";15;"A";1;"A";8;"A";180;"A";0;"A";150;"A"
"2025-06-16 23:30";99.96;"A";4200.47;"A";4200.93;"A";12.71;"A";10.12;"A";6.98;"A";27.54;"A";41.87;"A";23;"A";20.35;"A";53.63;"A";1007.5;"A";14;"A";1;"A";8;"A";193;"A";0;"A";316.67;"A"
"2025-06-16 23:45";99.74;"A";4190.67;"A";4190.93;"A";15.31;"A";11.24;"A";7.79;"A";27.15;"A";43.15;"A";22;"A";20.05;"A";54.86;"A";1007.48;"A";13;"A";2;"A";9;"A";207;"A";0;"A";296.67;"A"
"2025-06-17 00:00";99.8;"A";4210.13;"A";4213.13;"A";15.85;"A";11.8;"A";8.25;"A";26.77;"A";44.32;"A";21;"A";19.65;"A";56.53;"A";1007.61;"A";12;"A";2;"A";8;"A";207;"A";0;"A";253.33;"A"
"2025-06-17 00:15";99.87;"A";4211.2;"A";4214.07;"A";17.41;"A";12.7;"A";9.03;"A";26.4;"A";45.76;"A";19;"A";19.38;"A";58.56;"A";1007.57;"A";10;"A";2;"A";8;"A";218;"A";0;"A";180;"A"
"2025-06-17 00:30";99.92;"A";4211.8;"A";4214.73;"A";18.71;"A";13.35;"A";9.44;"A";26.06;"A";47.85;"A";17;"A";19;"A";61.77;"A";1007.62;"A";6;"A";3;"A";11;"A";254;"A";0;"A";176.67;"A"
"2025-06-17 00:45";99.95;"A";4211.93;"A";4214.67;"A";19.08;"A";13.24;"A";9.64;"A";25.76;"A";48.95;"A";14;"A";18.84;"A";61.92;"A";1007.68;"A";7;"A";3;"A";8;"A";278;"A";0;"A";130;"A"
"2025-06-17 01:00";99.97;"A";4212.47;"A";4214.93;"A";19.03;"A";13.9;"A";9.49;"A";25.51;"A";49.74;"A";15;"A";18.61;"A";63.07;"A";1007.8;"A";8;"A";3;"A";8;"A";270;"A";0;"A";263.33;"A"
"2025-06-17 01:15";99.98;"A";4212.6;"A";4214.47;"A";18.07;"A";13.63;"A";9.65;"A";25.25;"A";50.19;"A";16;"A";18.36;"A";64.5;"A";1007.82;"A";8;"A";3;"A";8;"A";265;"A";0;"A";296.67;"A"
"2025-06-17 01:30";99.99;"A";4212.6;"A";4214.93;"A";17.2;"A";13.06;"A";9.55;"A";25.03;"A";52.12;"A";14;"A";18.13;"A";66.49;"A";1007.78;"A";8;"A";4;"A";7;"A";242;"A";0;"A";256.67;"A"
"2025-06-17 01:45";100;"A";4212.73;"A";4214.6;"A";18.58;"A";13.28;"A";9.24;"A";24.78;"A";53.04;"A";12;"A";17.91;"A";67.43;"A";1007.71;"A";6;"A";4;"A";6;"A";240;"A";0;"A";120;"A"
"2025-06-17 02:00";100;"A";4213;"A";4215.73;"A";16.43;"A";12.39;"A";8.75;"A";24.57;"A";53.92;"A";12;"A";17.74;"A";68.37;"A";1007.68;"A";6;"A";4;"A";6;"A";212;"A";0;"A";156.67;"A"
"2025-06-17 02:15";99.93;"A";4194.2;"A";4193.73;"A";16.18;"A";12.39;"A";8.7;"A";24.34;"A";54.65;"A";11;"A";17.43;"A";70.02;"A";1007.71;"A";5;"A";4;"A";6;"A";206;"A";0.33;"A";263.33;"A"
"2025-06-17 02:30";99.75;"A";4199.27;"A";4200.47;"A";17.52;"A";12.53;"A";8.58;"A";24.11;"A";56.11;"A";10;"A";17.29;"A";71.1;"A";1007.85;"A";5;"A";5;"A";5;"A";198;"A";0;"A";250;"A"
"2025-06-17 02:45";99.84;"A";4210.67;"A";4213.6;"A";17.06;"A";12.89;"A";8.47;"A";23.83;"A";56.7;"A";10;"A";17.05;"A";72.19;"A";1007.81;"A";4;"A";5;"A";5;"A";188;"A";0;"A";193.33;"A"
"2025-06-17 03:00";99.9;"A";4211.67;"A";4214.13;"A";16.56;"A";11.86;"A";8.27;"A";23.67;"A";57.93;"A";8;"A";16.99;"A";73.55;"A";1007.78;"A";3;"A";6;"A";5;"A";187;"A";0;"A";323.33;"A"
"2025-06-17 03:15";99.94;"A";4211.8;"A";4214.67;"A";15.05;"A";11.58;"A";8.09;"A";23.53;"A";58.65;"A";8;"A";16.8;"A";74.09;"A";1007.66;"A";3;"A";6;"A";4;"A";178;"A";0;"A";250;"A"
"2025-06-17 03:30";99.96;"A";4212.67;"A";4215.2;"A";17.56;"A";12.75;"A";8.31;"A";23.36;"A";59.02;"A";8;"A";16.61;"A";75.01;"A";1007.64;"A";2;"A";6;"A";5;"A";171;"A";0;"A";143.33;"A"
"2025-06-17 03:45";99.98;"A";4212.67;"A";4214.6;"A";13.66;"A";9.98;"A";8;"A";23.38;"A";59.9;"A";7;"A";16.5;"A";76.82;"A";1007.65;"A";3;"A";6;"A";4;"A";154;"A";0;"A";210;"A"
"2025-06-17 04:00";99.99;"A";4212.8;"A";4215.13;"A";13.44;"A";9.39;"A";8.18;"A";23.29;"A";60.02;"A";6;"A";16.38;"A";76.57;"A";1007.66;"A";1;"A";7;"A";5;"A";165;"A";0;"A";193.33;"A"
"2025-06-17 04:15";100;"A";4212.6;"A";4214.8;"A";13.15;"A";9.32;"A";7.98;"A";23.4;"A";59.97;"A";7;"A";16.24;"A";77.7;"A";1007.76;"A";1;"A";7;"A";5;"A";164;"A";0;"A";250;"A"
"2025-06-17 04:30";100;"A";4212.87;"A";4215.13;"A";14.07;"A";9.9;"A";8.72;"A";23.26;"A";60.08;"A";6;"A";16.11;"A";78.02;"A";1007.86;"A";1;"A";7;"A";6;"A";169;"A";0;"A";93.33;"A"
"2025-06-17 04:45";100;"A";4212.8;"A";4215.13;"A";14;"A";9.85;"A";8.68;"A";23.31;"A";60.04;"A";7;"A";16.01;"A";78.58;"A";1007.92;"A";1;"A";5;"A";5;"A";155;"A";0;"A";263.33;"A"
"2025-06-17 05:00";100;"A";4212.8;"A";4215.13;"A";14.15;"A";9.95;"A";8.77;"A";23.3;"A";59.94;"A";6;"A";15.92;"A";78.59;"A";1007.94;"A";1;"A";6;"A";5;"A";162;"A";0;"A";243.33;"A"
"2025-06-17 05:15";100;"A";4212.87;"A";4215.33;"A";13.55;"A";9.54;"A";8.41;"A";23.25;"A";60.08;"A";6;"A";15.9;"A";79.31;"A";1008.07;"A";1;"A";7;"A";5;"A";153;"A";0;"A";186.67;"A"
"2025-06-17 05:30";100;"A";4212.73;"A";4215.13;"A";12.67;"A";8.94;"A";7.87;"A";23.52;"A";59.96;"A";6;"A";16.02;"A";79.66;"A";1008.22;"A";1;"A";6;"A";5;"A";155;"A";0;"A";193.33;"A"
"2025-06-17 05:45";100;"A";4212.8;"A";4215.27;"A";12.95;"A";9.13;"A";8.04;"A";23.48;"A";59.99;"A";5;"A";16.12;"A";79.05;"A";1008.23;"A";1;"A";6;"A";5;"A";154;"A";0;"A";123.33;"A"
"2025-06-17 06:00";100;"A";4212.73;"A";4214.8;"A";12.7;"A";8.96;"A";7.89;"A";23.67;"A";59.9;"A";7;"A";16.91;"A";76.61;"A";1008.25;"A";2;"A";4;"A";6;"A";163;"A";0;"A";140;"A"
"2025-06-17 06:15";100;"A";4212.67;"A";4215.27;"A";13.81;"A";9.74;"A";7.74;"A";23.98;"A";59.43;"A";7;"A";18.5;"A";70.35;"A";1008.34;"A";3;"A";1;"A";4;"A";165;"A";0;"A";130;"A"
"2025-06-17 06:30";100;"A";4212.67;"A";4215.4;"A";15.38;"A";11.19;"A";8.02;"A";25.2;"A";55.74;"A";12;"A";20.37;"A";63.33;"A";1008.31;"A";7;"A";0;"A";5;"A";162;"A";0;"A";150;"A"
"2025-06-17 06:45";100;"A";4212.8;"A";4215.33;"A";15.31;"A";11.66;"A";8.52;"A";27;"A";50.45;"A";16;"A";21.74;"A";58;"A";1008.42;"A";9;"A";0;"A";7;"A";174;"A";0;"A";156.67;"A"
"2025-06-17 07:00";99.99;"A";4212.93;"A";4215.8;"A";16.07;"A";11.59;"A";8.19;"A";28.74;"A";45.51;"A";20;"A";23.2;"A";52.77;"A";1008.44;"A";13;"A";0;"A";7;"A";161;"A";0.33;"A";260;"A"
"2025-06-17 07:15";99.99;"A";4212.6;"A";4215.2;"A";15.63;"A";11.82;"A";8.27;"A";30.37;"A";41.95;"A";23;"A";24.4;"A";50;"A";1008.22;"A";15;"A";0;"A";8;"A";166;"A";0;"A";253.33;"A"
"2025-06-17 07:30";99.99;"A";4212.6;"A";4215.33;"A";17.14;"A";11.7;"A";8.14;"A";31.75;"A";38.25;"A";27;"A";25.38;"A";46.15;"A";1008.34;"A";14;"A";0;"A";13;"A";230;"A";0;"A";283.33;"A"
"2025-06-17 07:45";99.99;"A";4212.6;"A";4215.2;"A";14.8;"A";10.71;"A";7.5;"A";33.04;"A";35.67;"A";29;"A";26.37;"A";43.68;"A";1008.26;"A";14;"A";0;"A";16;"A";250;"A";0.67;"A";323.33;"A"
"2025-06-17 08:00";99.98;"A";4212.53;"A";4215.47;"A";13.92;"A";9.87;"A";6.87;"A";34.21;"A";34.05;"A";30;"A";27.49;"A";41.94;"A";1008.37;"A";16;"A";0;"A";14;"A";242;"A";0;"A";326.67;"A"
"2025-06-17 08:15";99.98;"A";4212.6;"A";4215.2;"A";14.03;"A";9.37;"A";6.49;"A";35.43;"A";32.15;"A";33;"A";28.6;"A";40.34;"A";1008.35;"A";17;"A";0;"A";16;"A";286;"A";1;"A";330;"A"
"2025-06-17 08:30";99.98;"A";4212.53;"A";4215.27;"A";12.52;"A";8.95;"A";6.35;"A";36.51;"A";30.65;"A";33;"A";29.55;"A";38.71;"A";1008.55;"A";20;"A";0;"A";13;"A";256;"A";0.33;"A";223.33;"A"
"2025-06-17 08:45";99.97;"A";4211.93;"A";4215.2;"A";11.46;"A";8.18;"A";5.97;"A";37.62;"A";29.29;"A";32;"A";30.73;"A";37.03;"A";1008.39;"A";23;"A";0;"A";9;"A";177;"A";1;"A";340;"A"
"2025-06-17 09:00";99.97;"A";4212.07;"A";4215.53;"A";9.8;"A";7.58;"A";5.48;"A";38.58;"A";27.52;"A";35;"A";31.2;"A";36.06;"A";1008.34;"A";25;"A";1;"A";10;"A";146;"A";1;"A";343.33;"A"
"2025-06-17 09:15";99.97;"A";4211.8;"A";4215.6;"A";10.75;"A";7.82;"A";5.72;"A";39.34;"A";26.95;"A";34;"A";31.94;"A";35.56;"A";1008.34;"A";25;"A";1;"A";9;"A";149;"A";1.33;"A";343.33;"A"
"2025-06-17 09:30";99.87;"A";4197.07;"A";4198.87;"A";10.05;"A";7.47;"A";5.38;"A";39.95;"A";25.9;"A";34;"A";32.53;"A";34.4;"A";1008.33;"A";26;"A";1;"A";7;"A";132;"A";0.33;"A";230;"A"
"2025-06-17 09:45";99.84;"A";4210.67;"A";4214.53;"A";9.82;"A";6.76;"A";5.01;"A";40.57;"A";24;"A";36;"A";32.83;"A";32.42;"A";1008.3;"A";27;"A";1;"A";8;"A";141;"A";1.33;"A";233.33;"A"
"2025-06-17 10:00";99.88;"A";4211.07;"A";4215.07;"A";12.65;"A";9.67;"A";7.17;"A";40.91;"A";23.34;"A";35;"A";33.1;"A";32.19;"A";1008.31;"A";27;"A";2;"A";8;"A";209;"A";0.33;"A";116.67;"A"
"2025-06-17 10:15";99.91;"A";4211.53;"A";4215.07;"A";9.78;"A";6.8;"A";4.88;"A";41.23;"A";22.4;"A";36;"A";33.2;"A";30.59;"A";1008.3;"A";28;"A";1;"A";8;"A";170;"A";0.33;"A";56.67;"A"
"2025-06-17 10:30";99.93;"A";4211.53;"A";4214.73;"A";8.51;"A";6.25;"A";4.76;"A";41.67;"A";21.2;"A";36;"A";33.45;"A";29.87;"A";1008.27;"A";29;"A";1;"A";8;"A";157;"A";0.33;"A";240;"A"
"2025-06-17 10:45";99.94;"A";4211.6;"A";4215;"A";14.33;"A";11.51;"A";8.77;"A";41.71;"A";20.75;"A";38;"A";33.2;"A";29.51;"A";1008.27;"A";30;"A";4;"A";8;"A";283;"A";1;"A";120;"A"
"2025-06-17 11:00";99.95;"A";4211.6;"A";4214.6;"A";9.61;"A";6.99;"A";5.12;"A";41.22;"A";21.19;"A";39;"A";32.52;"A";30.35;"A";1008.24;"A";30;"A";3;"A";9;"A";252;"A";1.33;"A";350;"A"
"2025-06-17 11:15";99.96;"A";4211.8;"A";4215.27;"A";8.07;"A";6.14;"A";4.43;"A";40.68;"A";21.65;"A";37;"A";32.86;"A";29.21;"A";1008.25;"A";29;"A";1;"A";8;"A";170;"A";1;"A";233.33;"A"
"2025-06-17 11:30";99.97;"A";4211.93;"A";4215.33;"A";8.34;"A";5.87;"A";4.49;"A";40.61;"A";21.46;"A";37;"A";32.8;"A";29.57;"A";1008.26;"A";31;"A";0;"A";6;"A";153;"A";0.33;"A";0;"A"
"2025-06-17 11:45";99.97;"A";4211.67;"A";4214.33;"A";7.58;"A";5.62;"A";4.37;"A";40.42;"A";21.8;"A";38;"A";32.52;"A";30.06;"A";1008.15;"A";31;"A";0;"A";7;"A";140;"A";0;"A";193.33;"A"
"2025-06-17 12:00";99.97;"A";4211.8;"A";4215;"A";9.39;"A";6.61;"A";4.83;"A";40.16;"A";21.48;"A";38;"A";32.44;"A";28.62;"A";1008.06;"A";32;"A";0;"A";6;"A";164;"A";0.67;"A";136.67;"A"
"2025-06-17 12:15";99.98;"A";4211.73;"A";4215.2;"A";9.24;"A";5.87;"A";4.43;"A";40;"A";21.27;"A";40;"A";32.44;"A";28.67;"A";1007.97;"A";33;"A";0;"A";7;"A";148;"A";0.33;"A";123.33;"A"
"2025-06-17 12:30";99.98;"A";4211.6;"A";4215.27;"A";9.42;"A";6.4;"A";4.53;"A";39.92;"A";21.7;"A";38;"A";32.47;"A";28.53;"A";1007.97;"A";33;"A";0;"A";6;"A";176;"A";0.67;"A";233.33;"A"
"2025-06-17 12:45";99.98;"A";4211.8;"A";4215.33;"A";8.87;"A";5.95;"A";4.28;"A";39.9;"A";21.39;"A";38;"A";33.08;"A";27.89;"A";1007.92;"A";32;"A";0;"A";6;"A";130;"A";0.67;"A";236.67;"A"
"2025-06-17 13:00";99.99;"A";4211.93;"A";4216.07;"A";10.34;"A";7.38;"A";5.21;"A";40.31;"A";21.54;"A";36;"A";33.51;"A";27.93;"A";1007.94;"A";31;"A";0;"A";6;"A";153;"A";0.67;"A";236.67;"A"
"2025-06-17 13:15";99.98;"A";4208.6;"A";4211.33;"A";8.56;"A";6.29;"A";4.71;"A";40.62;"A";20.34;"A";39;"A";33.34;"A";26.96;"A";1007.78;"A";32;"A";0;"A";7;"A";170;"A";0.33;"A";130;"A"
"2025-06-17 13:30";99.87;"A";4203.67;"A";4205.87;"A";8.81;"A";6.05;"A";4.33;"A";40.74;"A";20.12;"A";38;"A";33.46;"A";26.7;"A";1007.75;"A";32;"A";0;"A";6;"A";135;"A";0.33;"A";240;"A"
"2025-06-17 13:45";99.9;"A";4210.8;"A";4214.93;"A";8.53;"A";6.02;"A";4.54;"A";40.67;"A";20.27;"A";38;"A";32.66;"A";28.14;"A";1007.64;"A";31;"A";0;"A";7;"A";125;"A";0.33;"A";26.67;"A"
"2025-06-17 14:00";99.94;"A";4211.53;"A";4214.53;"A";8.89;"A";6.08;"A";4.32;"A";40.24;"A";20.65;"A";38;"A";32.83;"A";27.59;"A";1007.57;"A";31;"A";0;"A";6;"A";156;"A";0.33;"A";196.67;"A"
"2025-06-17 14:15";99.96;"A";4211.73;"A";4215.07;"A";10.01;"A";7.25;"A";5.32;"A";40.09;"A";20.58;"A";39;"A";32.92;"A";26.98;"A";1007.57;"A";32;"A";0;"A";7;"A";167;"A";0.33;"A";173.33;"A"
"2025-06-17 14:30";99.97;"A";4211.87;"A";4215.4;"A";8.97;"A";6.8;"A";4.84;"A";40.09;"A";20.81;"A";39;"A";32.79;"A";27.43;"A";1007.5;"A";33;"A";0;"A";6;"A";154;"A";1;"A";233.33;"A"
"2025-06-17 14:45";99.98;"A";4211.73;"A";4215.27;"A";9.01;"A";6.48;"A";4.59;"A";39.96;"A";20.49;"A";39;"A";32.64;"A";26.73;"A";1007.38;"A";33;"A";0;"A";6;"A";192;"A";1;"A";120;"A"
"2025-06-17 15:00";99.99;"A";4211.8;"A";4215.87;"A";8.28;"A";6.15;"A";4.51;"A";39.77;"A";20.61;"A";40;"A";32.45;"A";27.38;"A";1007.32;"A";33;"A";0;"A";6;"A";146;"A";0.67;"A";233.33;"A"
"2025-06-17 15:15";100;"A";4211.67;"A";4215.07;"A";9.57;"A";6.5;"A";4.53;"A";39.58;"A";20.95;"A";39;"A";32.42;"A";27.11;"A";1007.19;"A";34;"A";0;"A";5;"A";137;"A";0.67;"A";126.67;"A"
"2025-06-17 15:30";100;"A";4211.8;"A";4215.07;"A";9.43;"A";6.48;"A";4.69;"A";39.47;"A";21.07;"A";40;"A";32.53;"A";27.1;"A";1007.04;"A";34;"A";0;"A";6;"A";132;"A";0.33;"A";156.67;"A"
"2025-06-17 15:45";100;"A";4211.73;"A";4215.13;"A";8.97;"A";6.42;"A";4.68;"A";39.49;"A";21.4;"A";41;"A";32.41;"A";27.85;"A";1007.01;"A";35;"A";0;"A";6;"A";148;"A";1.33;"A";346.67;"A"
"2025-06-17 16:00";99.93;"A";4194.27;"A";4195;"A";10.59;"A";6.35;"A";4.66;"A";39.34;"A";21.29;"A";41;"A";32.15;"A";27.72;"A";1006.98;"A";35;"A";0;"A";6;"A";156;"A";0;"A";120;"A"
"2025-06-17 16:15";99.82;"A";4209.93;"A";4213.47;"A";9.29;"A";6.67;"A";4.9;"A";39.19;"A";21.63;"A";42;"A";32.07;"A";27.97;"A";1006.99;"A";35;"A";0;"A";7;"A";264;"A";1.33;"A";350;"A"
"2025-06-17 16:30";99.89;"A";4210.73;"A";4214.73;"A";8.74;"A";6.38;"A";4.71;"A";38.99;"A";21.98;"A";41;"A";32.02;"A";28.37;"A";1006.94;"A";35;"A";0;"A";6;"A";161;"A";0.33;"A";116.67;"A"
"2025-06-17 16:45";99.93;"A";4211.33;"A";4214.67;"A";8.86;"A";6.66;"A";4.82;"A";38.86;"A";22.39;"A";41;"A";32.02;"A";28.82;"A";1006.92;"A";35;"A";0;"A";5;"A";159;"A";0;"A";126.67;"A"
"2025-06-17 17:00";99.96;"A";4211.67;"A";4215.2;"A";10.94;"A";7.72;"A";5.67;"A";38.89;"A";22.6;"A";40;"A";32.11;"A";28.73;"A";1006.78;"A";34;"A";0;"A";6;"A";186;"A";0.33;"A";43.33;"A"
"2025-06-17 17:15";99.98;"A";4211.73;"A";4215.07;"A";9.39;"A";7.26;"A";5.13;"A";38.93;"A";22.49;"A";42;"A";31.96;"A";29.08;"A";1006.8;"A";35;"A";0;"A";7;"A";182;"A";0.67;"A";163.33;"A"
"2025-06-17 17:30";99.99;"A";4211.93;"A";4216;"A";9.14;"A";7.1;"A";5.03;"A";38.82;"A";22.72;"A";42;"A";31.78;"A";29.43;"A";1006.69;"A";35;"A";0;"A";6;"A";176;"A";0.67;"A";236.67;"A"
"2025-06-17 17:45";100;"A";4211.8;"A";4215.4;"A";9.65;"A";7.12;"A";5.01;"A";38.61;"A";23.48;"A";41;"A";31.29;"A";30.88;"A";1006.7;"A";34;"A";0;"A";7;"A";171;"A";0.67;"A";343.33;"A"
"2025-06-17 18:00";100;"A";4211.93;"A";4215.27;"A";10.56;"A";7.84;"A";5.5;"A";38.29;"A";24.12;"A";41;"A";31.14;"A";31.26;"A";1006.59;"A";35;"A";0;"A";6;"A";161;"A";1;"A";230;"A"
"2025-06-17 18:15";100;"A";4211.87;"A";4215;"A";10.58;"A";7.58;"A";5.24;"A";38.03;"A";24.33;"A";41;"A";31;"A";31.18;"A";1006.56;"A";35;"A";0;"A";6;"A";152;"A";1;"A";230;"A"
"2025-06-17 18:30";100;"A";4211.87;"A";4215.13;"A";11.81;"A";8.32;"A";6.03;"A";37.8;"A";24.64;"A";41;"A";30.6;"A";32.01;"A";1006.42;"A";35;"A";0;"A";6;"A";175;"A";1;"A";350;"A"
"2025-06-17 18:45";100;"A";4212.2;"A";4215.47;"A";13.2;"A";8.27;"A";5.66;"A";37.5;"A";25.09;"A";39;"A";30.46;"A";32.24;"A";1006.59;"A";33;"A";0;"A";6;"A";213;"A";1;"A";346.67;"A"
"2025-06-17 19:00";100;"A";4212.47;"A";4215.27;"A";15.42;"A";10.19;"A";7.05;"A";37.27;"A";25.54;"A";39;"A";30.28;"A";32.67;"A";1006.67;"A";33;"A";0;"A";6;"A";225;"A";1;"A";116.67;"A"
"2025-06-17 19:15";100;"A";4212.6;"A";4216;"A";13.91;"A";8.92;"A";6.17;"A";37.05;"A";26.03;"A";40;"A";29.97;"A";33.97;"A";1006.85;"A";33;"A";0;"A";6;"A";163;"A";0.33;"A";136.67;"A"
"2025-06-17 19:30";100;"A";4212.4;"A";4215.2;"A";14.89;"A";9.57;"A";6.83;"A";36.78;"A";27.33;"A";41;"A";29.62;"A";36.12;"A";1007.04;"A";32;"A";0;"A";9;"A";200;"A";0.67;"A";136.67;"A"
"2025-06-17 19:45";100;"A";4212.6;"A";4214.93;"A";14.73;"A";9.77;"A";7.07;"A";36.4;"A";30.52;"A";37;"A";29.04;"A";38.78;"A";1007.23;"A";30;"A";0;"A";7;"A";233;"A";0.67;"A";230;"A"
"2025-06-17 20:00";99.98;"A";4204.07;"A";4205.4;"A";13.33;"A";9.72;"A";6.94;"A";35.95;"A";30.07;"A";39;"A";28.68;"A";39.38;"A";1007.4;"A";31;"A";0;"A";9;"A";240;"A";1;"A";256.67;"A"
"2025-06-17 20:15";99.75;"A";4189.47;"A";4190.4;"A";18.09;"A";12;"A";8.77;"A";35.53;"A";33.39;"A";36;"A";28.08;"A";43.54;"A";1007.45;"A";31;"A";0;"A";6;"A";262;"A";1.33;"A";116.67;"A"
"2025-06-17 20:30";99.77;"A";4209.4;"A";4213.6;"A";17.98;"A";12.51;"A";8.93;"A";34.97;"A";34.69;"A";36;"A";27.59;"A";44.62;"A";1007.63;"A";31;"A";0;"A";5;"A";200;"A";0.33;"A";120;"A"
"2025-06-17 20:45";99.86;"A";4210.67;"A";4214.53;"A";18.46;"A";13.27;"A";9.29;"A";34.49;"A";35.34;"A";38;"A";27.19;"A";45.13;"A";1007.68;"A";33;"A";0;"A";5;"A";173;"A";1;"A";116.67;"A"
"2025-06-17 21:00";99.91;"A";4211.13;"A";4214.8;"A";18.83;"A";13.18;"A";9.51;"A";34.07;"A";35.95;"A";39;"A";26.84;"A";45.98;"A";1007.91;"A";34;"A";0;"A";5;"A";170;"A";1;"A";346.67;"A"
"2025-06-17 21:15";99.95;"A";4211.6;"A";4215;"A";19.27;"A";13.82;"A";9.98;"A";33.66;"A";37.48;"A";37;"A";26.35;"A";48.68;"A";1008.03;"A";32;"A";0;"A";5;"A";183;"A";0.33;"A";350;"A"
"2025-06-17 21:30";99.97;"A";4211.8;"A";4214.73;"A";20.07;"A";14.71;"A";10.48;"A";33.23;"A";39.32;"A";34;"A";25.89;"A";50.87;"A";1008.36;"A";30;"A";0;"A";4;"A";222;"A";0.67;"A";236.67;"A"
"2025-06-17 21:45";99.95;"A";4203;"A";4204.53;"A";21.91;"A";15.86;"A";11.12;"A";32.77;"A";40.28;"A";35;"A";25.39;"A";51.84;"A";1008.64;"A";30;"A";0;"A";5;"A";232;"A";0.67;"A";233.33;"A"
"2025-06-17 22:00";99.91;"A";4211.27;"A";4214.27;"A";18.58;"A";14.54;"A";10.54;"A";32.29;"A";41.2;"A";38;"A";24.87;"A";53.29;"A";1008.78;"A";33;"A";0;"A";5;"A";184;"A";1.33;"A";233.33;"A"
"2025-06-17 22:15";99.95;"A";4211.93;"A";4215.07;"A";18.43;"A";13.58;"A";9.9;"A";31.8;"A";42.33;"A";37;"A";24.45;"A";54.64;"A";1009.05;"A";33;"A";0;"A";5;"A";178;"A";1;"A";346.67;"A"
"2025-06-17 22:30";99.98;"A";4211.87;"A";4215.07;"A";16.5;"A";13.13;"A";9.64;"A";31.36;"A";43.57;"A";37;"A";24.08;"A";56.05;"A";1009.28;"A";32;"A";0;"A";4;"A";161;"A";1;"A";116.67;"A"
"2025-06-17 22:45";99.99;"A";4211.93;"A";4214.93;"A";17.44;"A";13.33;"A";9.66;"A";30.97;"A";44.67;"A";36;"A";23.85;"A";57;"A";1009.32;"A";32;"A";0;"A";4;"A";165;"A";1;"A";116.67;"A"
"2025-06-17 23:00";100;"A";4212.53;"A";4215;"A";17.11;"A";12.64;"A";9.28;"A";30.65;"A";45.64;"A";35;"A";23.66;"A";57.8;"A";1009.43;"A";31;"A";0;"A";4;"A";159;"A";1;"A";0;"A"
"2025-06-17 23:15";100;"A";4212.6;"A";4215;"A";16.58;"A";13.08;"A";9.35;"A";30.41;"A";46.33;"A";34;"A";23.47;"A";58.42;"A";1009.48;"A";30;"A";0;"A";4;"A";154;"A";0.33;"A";123.33;"A"
"2025-06-17 23:30";100;"A";4212.53;"A";4215;"A";15.36;"A";12.25;"A";8.7;"A";30.21;"A";46.99;"A";32;"A";23.35;"A";58.97;"A";1009.52;"A";28;"A";0;"A";4;"A";153;"A";0;"A";126.67;"A"
"2025-06-17 23:45";100;"A";4213;"A";4215.67;"A";14.55;"A";10.88;"A";7.88;"A";30.05;"A";46.22;"A";32;"A";23.18;"A";57.25;"A";1009.46;"A";29;"A";0;"A";4;"A";147;"A";0.33;"A";240;"A"
"2025-06-18 00:00";100;"A";4212.6;"A";4214.87;"A";12.67;"A";9.47;"A";6.95;"A";29.89;"A";44.76;"A";34;"A";23.06;"A";55.6;"A";1009.43;"A";30;"A";0;"A";4;"A";144;"A";0.67;"A";116.67;"A"
"2025-06-18 00:15";100;"A";4212.6;"A";4214.87;"A";12.14;"A";9.37;"A";6.72;"A";29.74;"A";44.18;"A";34;"A";22.77;"A";55.29;"A";1009.44;"A";30;"A";0;"A";4;"A";146;"A";1;"A";233.33;"A"
"2025-06-18 00:30";100;"A";4212.6;"A";4214.87;"A";11.69;"A";9.15;"A";6.35;"A";29.48;"A";44.19;"A";32;"A";22.46;"A";55.72;"A";1009.44;"A";28;"A";0;"A";5;"A";148;"A";0;"A";133.33;"A"
"2025-06-18 00:45";100;"A";4212.6;"A";4215;"A";11.18;"A";8.32;"A";6.06;"A";29.17;"A";44.13;"A";32;"A";22.06;"A";55.88;"A";1009.54;"A";27;"A";0;"A";4;"A";149;"A";0.33;"A";233.33;"A"
"2025-06-18 01:00";100;"A";4212.67;"A";4214.8;"A";10.86;"A";8.43;"A";5.7;"A";28.82;"A";44.14;"A";31;"A";21.67;"A";56.13;"A";1009.62;"A";26;"A";0;"A";4;"A";149;"A";0.33;"A";146.67;"A"
"2025-06-18 01:15";100;"A";4213;"A";4215.6;"A";10.41;"A";8.38;"A";5.83;"A";28.46;"A";44.73;"A";30;"A";21.34;"A";56.84;"A";1009.68;"A";25;"A";0;"A";5;"A";150;"A";0;"A";146.67;"A"
"2025-06-18 01:30";100;"A";4212.67;"A";4215.13;"A";11.36;"A";8.42;"A";6.02;"A";28.1;"A";45.62;"A";31;"A";20.86;"A";58.42;"A";1009.49;"A";26;"A";0;"A";4;"A";153;"A";1.33;"A";346.67;"A"
"2025-06-18 01:45";100;"A";4212.8;"A";4215;"A";11.7;"A";9.62;"A";6.88;"A";27.72;"A";46.27;"A";30;"A";20.67;"A";58.66;"A";1009.5;"A";24;"A";0;"A";5;"A";199;"A";0.67;"A";350;"A"
"2025-06-18 02:00";100;"A";4212.67;"A";4215.07;"A";10.65;"A";7.96;"A";5.57;"A";27.4;"A";47.17;"A";30;"A";20.34;"A";60.01;"A";1009.5;"A";25;"A";0;"A";4;"A";164;"A";1.33;"A";343.33;"A"
"2025-06-18 02:15";100;"A";4212.73;"A";4214.73;"A";11.05;"A";8.09;"A";5.61;"A";27.09;"A";47.58;"A";28;"A";20.1;"A";60.01;"A";1009.51;"A";24;"A";0;"A";4;"A";169;"A";0.33;"A";346.67;"A"
"2025-06-18 02:30";99.95;"A";4199.33;"A";4200;"A";10.53;"A";8.03;"A";5.71;"A";26.79;"A";47.95;"A";28;"A";19.76;"A";60.94;"A";1009.62;"A";23;"A";0;"A";4;"A";164;"A";1;"A";343.33;"A"
"2025-06-18 02:45";99.88;"A";4211.47;"A";4214.53;"A";13.61;"A";10.17;"A";7.31;"A";26.49;"A";48.12;"A";28;"A";19.59;"A";60.74;"A";1009.59;"A";23;"A";0;"A";5;"A";175;"A";0.67;"A";246.67;"A"
"2025-06-18 03:00";99.92;"A";4211.73;"A";4214.4;"A";10.01;"A";7.96;"A";5.6;"A";26.24;"A";48.68;"A";27;"A";19.35;"A";61.47;"A";1009.58;"A";23;"A";0;"A";4;"A";160;"A";0.33;"A";246.67;"A"
"2025-06-18 03:15";99.95;"A";4211.73;"A";4214.33;"A";10.96;"A";7.67;"A";5.31;"A";26.02;"A";48.81;"A";28;"A";19.22;"A";61.43;"A";1009.6;"A";24;"A";0;"A";4;"A";146;"A";1;"A";346.67;"A"
"2025-06-18 03:30";99.97;"A";4212.6;"A";4214.73;"A";10.5;"A";7.99;"A";5.32;"A";25.84;"A";49.29;"A";27;"A";18.94;"A";62.52;"A";1009.55;"A";22;"A";0;"A";4;"A";146;"A";0.67;"A";226.67;"A"
"2025-06-18 03:45";99.98;"A";4212.6;"A";4214.93;"A";11.56;"A";8.12;"A";5.43;"A";25.64;"A";49.73;"A";26;"A";18.73;"A";63.03;"A";1009.61;"A";22;"A";0;"A";4;"A";144;"A";1;"A";343.33;"A"
"2025-06-18 04:00";99.99;"A";4212.67;"A";4214.6;"A";12.22;"A";8.51;"A";5.85;"A";25.41;"A";50.38;"A";26;"A";18.63;"A";63.6;"A";1009.53;"A";22;"A";0;"A";4;"A";144;"A";0.67;"A";343.33;"A"
"2025-06-18 04:15";100;"A";4213;"A";4215.53;"A";12.89;"A";9.54;"A";6.83;"A";25.27;"A";50.75;"A";26;"A";18.54;"A";63.73;"A";1009.46;"A";21;"A";0;"A";5;"A";168;"A";0.33;"A";346.67;"A"
"2025-06-18 04:30";100;"A";4212.73;"A";4214.87;"A";10.05;"A";7.64;"A";5.43;"A";25.16;"A";51.01;"A";26;"A";18.44;"A";64.11;"A";1009.49;"A";22;"A";0;"A";4;"A";151;"A";1;"A";340;"A"
"2025-06-18 04:45";99.98;"A";4204.27;"A";4205.47;"A";10.61;"A";7.97;"A";5.56;"A";25.04;"A";50.98;"A";27;"A";18.44;"A";63.73;"A";1009.44;"A";23;"A";0;"A";4;"A";157;"A";0.67;"A";350;"A"
"2025-06-18 05:00";99.78;"A";4193.87;"A";4195.07;"A";10.9;"A";7.95;"A";5.61;"A";24.97;"A";51.4;"A";27;"A";18.31;"A";64.59;"A";1009.41;"A";22;"A";0;"A";4;"A";145;"A";1;"A";340;"A"
"2025-06-18 05:15";99.83;"A";4210.47;"A";4213.4;"A";11.96;"A";8.52;"A";5.71;"A";24.87;"A";51.24;"A";26;"A";18.23;"A";63.9;"A";1009.37;"A";22;"A";0;"A";4;"A";148;"A";1.67;"A";340;"A"
"2025-06-18 05:30";99.89;"A";4211.47;"A";4214.07;"A";11.91;"A";8.43;"A";6.02;"A";24.83;"A";50.64;"A";26;"A";18.37;"A";62.58;"A";1009.52;"A";22;"A";0;"A";4;"A";153;"A";2;"A";343.33;"A"
"2025-06-18 05:45";99.94;"A";4212;"A";4215;"A";12.66;"A";8.42;"A";5.89;"A";24.9;"A";50.41;"A";26;"A";18.45;"A";62.25;"A";1009.52;"A";22;"A";0;"A";5;"A";147;"A";1.67;"A";343.33;"A"
"2025-06-18 06:00";99.96;"A";4212;"A";4214.53;"A";13.82;"A";9.63;"A";6.63;"A";25.04;"A";49.92;"A";26;"A";18.91;"A";60.63;"A";1009.72;"A";22;"A";0;"A";4;"A";150;"A";0.67;"A";343.33;"A"
"2025-06-18 06:15";99.98;"A";4212.53;"A";4214.67;"A";11.55;"A";8.89;"A";6.39;"A";25.47;"A";49.02;"A";25;"A";19.27;"A";59.57;"A";1009.78;"A";21;"A";0;"A";4;"A";148;"A";0.67;"A";346.67;"A"
"2025-06-18 06:30";99.99;"A";4212.6;"A";4214.87;"A";15.76;"A";11.05;"A";7.45;"A";25.9;"A";48.18;"A";27;"A";19.53;"A";59.38;"A";1009.97;"A";21;"A";0;"A";6;"A";153;"A";0.33;"A";116.67;"A"
"2025-06-18 06:45";99.99;"A";4212.6;"A";4215.27;"A";13.05;"A";9.64;"A";6.93;"A";26.52;"A";47.16;"A";23;"A";20.91;"A";55.21;"A";1009.95;"A";19;"A";0;"A";4;"A";173;"A";0;"A";120;"A"
"2025-06-18 07:00";100;"A";4212.6;"A";4215;"A";13.25;"A";10.09;"A";6.85;"A";27.86;"A";44.3;"A";26;"A";22.14;"A";51.97;"A";1010.04;"A";20;"A";0;"A";5;"A";163;"A";1;"A";343.33;"A"
"2025-06-18 07:15";99.87;"A";4185.27;"A";4184.47;"A";14.2;"A";9.68;"A";6.74;"A";29.25;"A";41.57;"A";28;"A";23.21;"A";49.61;"A";1010.1;"A";21;"A";0;"A";6;"A";179;"A";1;"A";343.33;"A"
"2025-06-18 07:30";99.72;"A";4203.93;"A";4208.07;"A";13.69;"A";9.99;"A";6.94;"A";30.54;"A";39.28;"A";28;"A";24.34;"A";47.24;"A";1010.26;"A";22;"A";0;"A";6;"A";177;"A";1;"A";343.33;"A"
"2025-06-18 07:45";99.82;"A";4210.27;"A";4214;"A";15.02;"A";10.28;"A";7.13;"A";31.71;"A";37.56;"A";28;"A";25.13;"A";45.93;"A";1010.12;"A";22;"A";0;"A";6;"A";193;"A";1;"A";343.33;"A"
"2025-06-18 08:00";99.88;"A";4210.87;"A";4214.47;"A";13.8;"A";9.12;"A";6.46;"A";32.76;"A";35.37;"A";31;"A";26.22;"A";42.53;"A";1010.23;"A";25;"A";0;"A";7;"A";193;"A";1;"A";343.33;"A"
"2025-06-18 08:15";99.92;"A";4211.53;"A";4214.73;"A";14.62;"A";9.45;"A";6.45;"A";33.81;"A";33.1;"A";34;"A";26.77;"A";41.21;"A";1010.26;"A";27;"A";0;"A";7;"A";213;"A";1.33;"A";230;"A"
"2025-06-18 08:30";99.95;"A";4211.53;"A";4214.93;"A";18.07;"A";9.74;"A";6.71;"A";34.66;"A";31.4;"A";35;"A";27.34;"A";39.68;"A";1010.37;"A";28;"A";0;"A";7;"A";203;"A";1.33;"A";350;"A"
"2025-06-18 08:45";99.96;"A";4212;"A";4215.47;"A";14.89;"A";9.48;"A";6.41;"A";35.32;"A";30.23;"A";36;"A";28.01;"A";38.58;"A";1010.4;"A";28;"A";0;"A";8;"A";171;"A";1;"A";350;"A"
"2025-06-18 09:00";99.97;"A";4211.6;"A";4214.87;"A";14.63;"A";10.12;"A";7.19;"A";35.94;"A";29.31;"A";37;"A";28.53;"A";37.75;"A";1010.41;"A";29;"A";0;"A";8;"A";175;"A";2;"A";346.67;"A"
"2025-06-18 09:15";99.98;"A";4211.73;"A";4215.07;"A";12.46;"A";8.14;"A";5.84;"A";36.5;"A";28.53;"A";36;"A";28.89;"A";37.15;"A";1010.29;"A";28;"A";0;"A";8;"A";202;"A";1.33;"A";350;"A"
"2025-06-18 09:30";99.98;"A";4211.8;"A";4215.33;"A";12.4;"A";8.19;"A";5.71;"A";37.01;"A";27.88;"A";37;"A";29.29;"A";36.55;"A";1010.41;"A";29;"A";0;"A";8;"A";181;"A";1.67;"A";350;"A"
"2025-06-18 09:45";99.98;"A";4211.73;"A";4214.8;"A";14.84;"A";10.61;"A";7.76;"A";37.35;"A";27.21;"A";36;"A";29.58;"A";35.73;"A";1010.42;"A";27;"A";1;"A";8;"A";269;"A";1;"A";230;"A"
"2025-06-18 10:00";99.99;"A";4211.87;"A";4215.33;"A";12.98;"A";8.26;"A";5.63;"A";37.71;"A";26.62;"A";37;"A";29.78;"A";35.19;"A";1010.52;"A";29;"A";0;"A";8;"A";210;"A";1.33;"A";233.33;"A"
"2025-06-18 10:15";99.99;"A";4212.2;"A";4216;"A";11.37;"A";7.18;"A";4.98;"A";37.88;"A";26.28;"A";36;"A";30.07;"A";34.8;"A";1010.53;"A";30;"A";0;"A";7;"A";173;"A";1;"A";233.33;"A"
"2025-06-18 10:30";99.99;"A";4211.6;"A";4215.13;"A";10.33;"A";7.2;"A";5.12;"A";38.1;"A";26.16;"A";36;"A";30.37;"A";35.09;"A";1010.43;"A";30;"A";0;"A";6;"A";260;"A";1;"A";233.33;"A"
"2025-06-18 10:45";99.99;"A";4211.8;"A";4215.47;"A";10.17;"A";7.17;"A";5.07;"A";38.14;"A";26.45;"A";38;"A";29.59;"A";36.48;"A";1010.23;"A";31;"A";1;"A";7;"A";202;"A";1;"A";233.33;"A"
"2025-06-18 11:00";99.99;"A";4211.87;"A";4214.73;"A";11.33;"A";6.78;"A";4.71;"A";37.61;"A";26.48;"A";39;"A";29.29;"A";35.28;"A";1010.06;"A";32;"A";1;"A";6;"A";196;"A";2;"A";346.67;"A"
"2025-06-18 11:15";99.99;"A";4212;"A";4214.93;"A";12.37;"A";8.11;"A";5.73;"A";37.22;"A";26.9;"A";38;"A";29.44;"A";35.57;"A";1010.07;"A";32;"A";0;"A";6;"A";191;"A";2;"A";346.67;"A"
"2025-06-18 11:30";99.99;"A";4211.8;"A";4215.2;"A";12.92;"A";8.09;"A";5.56;"A";37.01;"A";26.5;"A";38;"A";29.72;"A";34.32;"A";1010.03;"A";31;"A";0;"A";7;"A";190;"A";1.67;"A";233.33;"A"
"2025-06-18 11:45";100;"A";4212.33;"A";4216;"A";13.66;"A";7.18;"A";4.95;"A";36.92;"A";26.8;"A";37;"A";29.45;"A";35.15;"A";1009.98;"A";30;"A";0;"A";7;"A";198;"A";0.33;"A";120;"A"
"2025-06-18 12:00";100;"A";4211.87;"A";4215.4;"A";10.23;"A";6.26;"A";4.35;"A";36.8;"A";27.17;"A";36;"A";29.61;"A";34.85;"A";1010.01;"A";31;"A";0;"A";6;"A";180;"A";1;"A";230;"A"
"2025-06-18 12:15";100;"A";4212;"A";4215.33;"A";10.43;"A";6.34;"A";4.3;"A";36.8;"A";26.8;"A";36;"A";29.82;"A";33.56;"A";1009.95;"A";31;"A";0;"A";5;"A";162;"A";1.33;"A";233.33;"A"
"2025-06-18 12:30";100;"A";4211.8;"A";4215.07;"A";9.04;"A";5.72;"A";3.99;"A";37.05;"A";25.69;"A";36;"A";30.51;"A";31.28;"A";1009.97;"A";31;"A";0;"A";5;"A";179;"A";1.33;"A";233.33;"A"
"2025-06-18 12:45";100;"A";4212;"A";4215.33;"A";10.25;"A";5.78;"A";3.72;"A";37.54;"A";24.34;"A";37;"A";30.97;"A";29.91;"A";1009.9;"A";32;"A";0;"A";5;"A";149;"A";0.67;"A";240;"A"
"2025-06-18 13:00";100;"A";4212;"A";4214.87;"A";20.73;"A";14.18;"A";10.42;"A";37.98;"A";23.33;"A";39;"A";31.21;"A";29.37;"A";1009.72;"A";33;"A";0;"A";6;"A";265;"A";1.33;"A";233.33;"A"
"2025-06-18 13:15";100;"A";4212.27;"A";4215.53;"A";10.66;"A";7.47;"A";5.37;"A";38.25;"A";23.23;"A";40;"A";30.78;"A";30.77;"A";1009.9;"A";33;"A";0;"A";7;"A";239;"A";1.33;"A";233.33;"A"
"2025-06-18 13:30";100;"A";4212;"A";4215.07;"A";9.61;"A";5.73;"A";3.99;"A";38.12;"A";23.62;"A";38;"A";30.67;"A";30.44;"A";1009.87;"A";32;"A";0;"A";5;"A";154;"A";1.33;"A";233.33;"A"
"2025-06-18 13:45";100;"A";4211.93;"A";4214.87;"A";9.23;"A";6.22;"A";4.22;"A";38.01;"A";23.15;"A";39;"A";30.9;"A";29.69;"A";1009.78;"A";33;"A";0;"A";6;"A";157;"A";1;"A";0;"A"
"2025-06-18 14:00";100;"A";4211.93;"A";4215.53;"A";9.35;"A";5.59;"A";4.16;"A";37.98;"A";22.75;"A";38;"A";30.84;"A";28.63;"A";1009.77;"A";33;"A";0;"A";5;"A";160;"A";1;"A";116.67;"A"
"2025-06-18 14:15";100;"A";4211.8;"A";4215.33;"A";9.62;"A";6.32;"A";4.32;"A";37.92;"A";22.13;"A";42;"A";30.42;"A";28.56;"A";1009.73;"A";35;"A";0;"A";7;"A";165;"A";2;"A";233.33;"A"
"2025-06-18 14:30";100;"A";4212.27;"A";4215.67;"A";8.21;"A";5.8;"A";4.09;"A";37.64;"A";22.6;"A";41;"A";30.29;"A";29.24;"A";1009.7;"A";34;"A";0;"A";7;"A";190;"A";1.67;"A";233.33;"A"
"2025-06-18 14:45";100;"A";4212.53;"A";4215.33;"A";8.44;"A";5.86;"A";4.28;"A";37.41;"A";23.37;"A";41;"A";30.1;"A";30.21;"A";1009.58;"A";35;"A";0;"A";6;"A";162;"A";1.33;"A";346.67;"A"
"2025-06-18 15:00";100;"A";4212.67;"A";4215.67;"A";9.72;"A";6.81;"A";4.66;"A";37.19;"A";23.17;"A";41;"A";30.1;"A";29.33;"A";1009.52;"A";34;"A";0;"A";6;"A";169;"A";1;"A";133.33;"A"
"2025-06-18 15:15";100;"A";4212.2;"A";4215.33;"A";9.12;"A";6.62;"A";4.34;"A";37.16;"A";23.84;"A";39;"A";30.27;"A";30.17;"A";1009.52;"A";34;"A";0;"A";6;"A";235;"A";1.33;"A";116.67;"A"
"2025-06-18 15:30";100;"A";4212.33;"A";4215.33;"A";8.7;"A";6.08;"A";4.26;"A";37.16;"A";23.76;"A";39;"A";29.96;"A";30.56;"A";1009.45;"A";33;"A";0;"A";6;"A";215;"A";1;"A";123.33;"A"
"2025-06-18 15:45";100;"A";4209.6;"A";4211.93;"A";9.76;"A";6.51;"A";4.28;"A";36.98;"A";23.31;"A";39;"A";29.78;"A";29.46;"A";1009.32;"A";34;"A";0;"A";6;"A";166;"A";1;"A";350;"A"
"2025-06-18 16:00";99.86;"A";4196.47;"A";4197.4;"A";9.61;"A";6.5;"A";4.41;"A";36.78;"A";23.33;"A";39;"A";29.64;"A";29.84;"A";1009.21;"A";34;"A";0;"A";6;"A";167;"A";0.33;"A";130;"A"
"2025-06-18 16:15";99.87;"A";4210.73;"A";4214.53;"A";10.75;"A";6.55;"A";4.4;"A";36.65;"A";23.97;"A";39;"A";29.61;"A";30.24;"A";1009.13;"A";34;"A";0;"A";5;"A";180;"A";1;"A";233.33;"A"
"2025-06-18 16:30";99.92;"A";4211.4;"A";4214.67;"A";10.51;"A";6.77;"A";4.53;"A";36.52;"A";23.96;"A";40;"A";29.58;"A";30.19;"A";1009.07;"A";34;"A";0;"A";6;"A";168;"A";1;"A";130;"A"
"2025-06-18 16:45";99.95;"A";4211.87;"A";4215.27;"A";11.86;"A";7.28;"A";4.84;"A";36.42;"A";24.17;"A";40;"A";29.63;"A";30.15;"A";1008.96;"A";32;"A";0;"A";8;"A";219;"A";1;"A";233.33;"A"
"2025-06-18 17:00";99.97;"A";4211.87;"A";4214.87;"A";10.7;"A";7.47;"A";5.25;"A";36.4;"A";24.51;"A";40;"A";29.56;"A";30.65;"A";1008.83;"A";34;"A";0;"A";7;"A";215;"A";1.33;"A";350;"A"
"2025-06-18 17:15";99.98;"A";4211.87;"A";4215;"A";13.26;"A";8.43;"A";5.82;"A";36.29;"A";24.53;"A";40;"A";29.32;"A";30.99;"A";1008.74;"A";33;"A";0;"A";7;"A";189;"A";1.33;"A";116.67;"A"
"2025-06-18 17:30";99.99;"A";4211.93;"A";4215;"A";12.02;"A";7.88;"A";5.37;"A";36.09;"A";24.88;"A";41;"A";29.03;"A";31.28;"A";1008.67;"A";35;"A";0;"A";6;"A";189;"A";1;"A";116.67;"A"
"2025-06-18 17:45";100;"A";4212.07;"A";4215.2;"A";12.31;"A";7.99;"A";5.59;"A";35.89;"A";25.11;"A";41;"A";29.02;"A";31.75;"A";1008.66;"A";35;"A";0;"A";6;"A";182;"A";2;"A";350;"A"
"2025-06-18 18:00";100;"A";4212.47;"A";4215.07;"A";13.63;"A";9.55;"A";6.59;"A";35.73;"A";25.33;"A";41;"A";28.88;"A";31.5;"A";1008.73;"A";35;"A";0;"A";6;"A";183;"A";1;"A";350;"A"
"2025-06-18 18:15";100;"A";4212.73;"A";4215.33;"A";14.09;"A";10.36;"A";7.43;"A";35.62;"A";25.48;"A";41;"A";28.86;"A";31.65;"A";1008.74;"A";35;"A";0;"A";6;"A";252;"A";1;"A";113.33;"A"
"2025-06-18 18:30";100;"A";4212.93;"A";4215.93;"A";17.46;"A";10.73;"A";7.28;"A";35.53;"A";25.45;"A";41;"A";28.69;"A";31.71;"A";1008.74;"A";35;"A";0;"A";6;"A";174;"A";1.33;"A";346.67;"A"
"2025-06-18 18:45";100;"A";4212.67;"A";4215.33;"A";16.07;"A";10.82;"A";7.3;"A";35.38;"A";25.7;"A";42;"A";28.44;"A";32.28;"A";1008.69;"A";36;"A";0;"A";6;"A";194;"A";1;"A";233.33;"A"
"2025-06-18 19:00";100;"A";4212.73;"A";4215.87;"A";12.16;"A";9.04;"A";6.27;"A";35.2;"A";25.84;"A";40;"A";28.32;"A";31.97;"A";1008.93;"A";35;"A";0;"A";6;"A";180;"A";1;"A";346.67;"A"
"2025-06-18 19:15";99.92;"A";4204.73;"A";4206.8;"A";13.46;"A";9.15;"A";6.07;"A";35.07;"A";25.55;"A";42;"A";28.16;"A";31.9;"A";1009.04;"A";36;"A";0;"A";6;"A";193;"A";2;"A";350;"A"
"2025-06-18 19:30";99.94;"A";4211.73;"A";4214.8;"A";12.33;"A";8.74;"A";6.12;"A";34.88;"A";26.4;"A";41;"A";27.86;"A";33.49;"A";1008.98;"A";35;"A";0;"A";6;"A";200;"A";1.67;"A";350;"A"
"2025-06-18 19:45";99.96;"A";4211.6;"A";4215.13;"A";16.04;"A";9.92;"A";7.16;"A";34.59;"A";27.49;"A";39;"A";27.51;"A";34.86;"A";1009.05;"A";33;"A";0;"A";6;"A";220;"A";1.33;"A";346.67;"A"
"2025-06-18 20:00";99.98;"A";4211.8;"A";4215;"A";23.88;"A";13.04;"A";8.79;"A";34.28;"A";28.14;"A";38;"A";27.29;"A";35.33;"A";1008.97;"A";31;"A";0;"A";7;"A";238;"A";0;"A";126.67;"A"
"2025-06-18 20:15";99.99;"A";4212.27;"A";4215.6;"A";15.37;"A";10.67;"A";7.07;"A";34.02;"A";28.59;"A";38;"A";27.07;"A";35.82;"A";1008.96;"A";31;"A";0;"A";7;"A";188;"A";0;"A";23.33;"A"
"2025-06-18 20:30";100;"A";4212.47;"A";4214.93;"A";19.11;"A";10.94;"A";7.7;"A";33.78;"A";29.3;"A";37;"A";26.82;"A";36.81;"A";1008.89;"A";30;"A";0;"A";7;"A";244;"A";0;"A";130;"A"
"2025-06-18 20:45";100;"A";4212.6;"A";4214.67;"A";15.56;"A";10.63;"A";7.07;"A";33.53;"A";30.02;"A";36;"A";26.53;"A";37.69;"A";1009.02;"A";28;"A";0;"A";8;"A";212;"A";0;"A";300;"A"
"2025-06-18 21:00";100;"A";4212.6;"A";4215.47;"A";14.27;"A";10.59;"A";7.65;"A";33.21;"A";30.87;"A";34;"A";25.89;"A";39.28;"A";1009.14;"A";24;"A";0;"A";10;"A";290;"A";0;"A";240;"A"
"2025-06-18 21:15";100;"A";4212.53;"A";4215.47;"A";16.27;"A";11.54;"A";8.39;"A";32.78;"A";31.94;"A";34;"A";25.31;"A";40.87;"A";1009.23;"A";25;"A";0;"A";9;"A";238;"A";0;"A";256.67;"A"
"2025-06-18 21:30";100;"A";4212.73;"A";4215.4;"A";17.99;"A";11.63;"A";8.19;"A";32.22;"A";33.14;"A";32;"A";24.72;"A";42.34;"A";1009.3;"A";24;"A";0;"A";8;"A";241;"A";0;"A";290;"A"
"2025-06-18 21:45";99.89;"A";4185.87;"A";4184.73;"A";23.57;"A";16.72;"A";11.45;"A";31.66;"A";34.59;"A";31;"A";24.3;"A";44.25;"A";1009.62;"A";23;"A";0;"A";8;"A";257;"A";0;"A";263.33;"A"
"2025-06-18 22:00";99.76;"A";4209.4;"A";4213.6;"A";24.13;"A";17.93;"A";12.06;"A";31.16;"A";35.85;"A";29;"A";23.93;"A";45.36;"A";1009.75;"A";21;"A";1;"A";8;"A";265;"A";0;"A";146.67;"A"
"2025-06-18 22:15";99.85;"A";4210.53;"A";4214.13;"A";20.85;"A";15.45;"A";10.83;"A";30.73;"A";37.07;"A";29;"A";23.57;"A";47.34;"A";1009.65;"A";21;"A";1;"A";7;"A";242;"A";0;"A";196.67;"A"
"2025-06-18 22:30";99.91;"A";4211.47;"A";4214.73;"A";19.01;"A";14.99;"A";10.01;"A";30.32;"A";38.84;"A";26;"A";23.08;"A";49.88;"A";1009.66;"A";19;"A";1;"A";7;"A";250;"A";0;"A";123.33;"A"
"2025-06-18 22:45";99.95;"A";4211.67;"A";4214.47;"A";21.79;"A";14.99;"A";10.28;"A";29.94;"A";40.44;"A";26;"A";22.79;"A";51.45;"A";1009.67;"A";19;"A";1;"A";7;"A";250;"A";0;"A";180;"A"
"2025-06-18 23:00";99.97;"A";4211.87;"A";4215.13;"A";22.68;"A";15.39;"A";10.81;"A";29.6;"A";41.38;"A";26;"A";22.37;"A";52.88;"A";1009.55;"A";19;"A";1;"A";6;"A";248;"A";0;"A";220;"A"
"2025-06-18 23:15";99.98;"A";4212.6;"A";4215.2;"A";22.23;"A";17.14;"A";11.58;"A";29.21;"A";42.76;"A";26;"A";21.96;"A";54.92;"A";1009.6;"A";17;"A";1;"A";9;"A";290;"A";0.67;"A";283.33;"A"
"2025-06-18 23:30";99.99;"A";4212.73;"A";4215;"A";24.78;"A";18.34;"A";12.25;"A";28.83;"A";43.51;"A";24;"A";21.65;"A";55.32;"A";1009.67;"A";15;"A";1;"A";9;"A";321;"A";0;"A";310;"A"
"2025-06-18 23:45";100;"A";4213;"A";4215.73;"A";25.74;"A";18.68;"A";12.94;"A";28.51;"A";44.07;"A";24;"A";21.47;"A";55.8;"A";1009.66;"A";15;"A";1;"A";9;"A";308;"A";0;"A";296.67;"A"
"2025-06-19 00:00";99.99;"A";4206.07;"A";4207.33;"A";25.31;"A";17.57;"A";12.66;"A";28.23;"A";44.59;"A";23;"A";21.14;"A";56.42;"A";1009.53;"A";10;"A";1;"A";13;"A";319;"A";0;"A";316.67;"A"
"2025-06-19 00:15";99.84;"A";4200.93;"A";4203;"A";24.41;"A";17.7;"A";12.27;"A";27.95;"A";46.13;"A";22;"A";20.82;"A";58.85;"A";1009.48;"A";10;"A";2;"A";12;"A";303;"A";0.33;"A";330;"A"
"2025-06-19 00:30";99.89;"A";4211.2;"A";4214.07;"A";24.51;"A";17.71;"A";12.21;"A";27.62;"A";45.9;"A";22;"A";20.57;"A";58.23;"A";1009.46;"A";13;"A";1;"A";9;"A";265;"A";0;"A";336.67;"A"
"2025-06-19 00:45";99.93;"A";4211.73;"A";4214.33;"A";24.2;"A";17.38;"A";12.11;"A";27.36;"A";45.74;"A";24;"A";20.31;"A";57.6;"A";1009.3;"A";12;"A";1;"A";11;"A";249;"A";0;"A";323.33;"A"
"2025-06-19 01:00";99.96;"A";4211.8;"A";4214.53;"A";23.2;"A";17.67;"A";11.73;"A";27.1;"A";45.82;"A";24;"A";20.12;"A";57.7;"A";1009.28;"A";15;"A";1;"A";9;"A";232;"A";0.33;"A";303.33;"A"
"2025-06-19 01:15";99.98;"A";4212.6;"A";4214.93;"A";21.75;"A";17.29;"A";11.4;"A";26.86;"A";44.92;"A";25;"A";19.98;"A";56.23;"A";1009.11;"A";18;"A";0;"A";8;"A";196;"A";0;"A";263.33;"A"
"2025-06-19 01:30";99.99;"A";4209.87;"A";4211.87;"A";22.1;"A";16.48;"A";11.4;"A";26.69;"A";45.2;"A";25;"A";19.87;"A";56.06;"A";1009.09;"A";18;"A";0;"A";7;"A";191;"A";0;"A";316.67;"A"
"2025-06-19 01:45";99.92;"A";4207.87;"A";4209.73;"A";22.51;"A";17.22;"A";11.32;"A";26.55;"A";44.8;"A";25;"A";19.79;"A";55.75;"A";1009.23;"A";18;"A";0;"A";7;"A";185;"A";0;"A";173.33;"A"
"2025-06-19 02:00";99.95;"A";4211.8;"A";4215.13;"A";22.38;"A";17.04;"A";11.47;"A";26.44;"A";44.94;"A";26;"A";19.67;"A";56.11;"A";1009.18;"A";19;"A";0;"A";7;"A";175;"A";0;"A";220;"A"
"2025-06-19 02:15";99.97;"A";4212.4;"A";4214.73;"A";21.58;"A";15.95;"A";11.16;"A";26.33;"A";45.2;"A";26;"A";19.61;"A";56.38;"A";1009.11;"A";19;"A";0;"A";6;"A";167;"A";0;"A";270;"A"
"2025-06-19 02:30";99.94;"A";4206.93;"A";4208.47;"A";21.92;"A";16.81;"A";11.18;"A";26.23;"A";45.85;"A";26;"A";19.32;"A";57.95;"A";1009.17;"A";19;"A";0;"A";6;"A";170;"A";0.33;"A";303.33;"A"
"2025-06-19 02:45";99.95;"A";4211.8;"A";4214.6;"A";21.58;"A";16.24;"A";11.26;"A";26.05;"A";46.85;"A";24;"A";19.19;"A";59.09;"A";1009.06;"A";18;"A";1;"A";6;"A";169;"A";0;"A";240;"A"
"2025-06-19 03:00";99.97;"A";4212.2;"A";4215.07;"A";23.11;"A";16.54;"A";11.54;"A";25.92;"A";47.78;"A";25;"A";19.11;"A";60.22;"A";1008.94;"A";19;"A";0;"A";6;"A";169;"A";0.33;"A";313.33;"A"
"2025-06-19 03:15";99.99;"A";4212.4;"A";4214.6;"A";22.14;"A";16.92;"A";11.61;"A";25.8;"A";48.37;"A";24;"A";18.96;"A";61.03;"A";1009;"A";19;"A";1;"A";6;"A";171;"A";1;"A";336.67;"A"
"2025-06-19 03:30";100;"A";4213;"A";4215.73;"A";21.74;"A";16.7;"A";11.29;"A";25.67;"A";49.01;"A";24;"A";19.01;"A";61.27;"A";1008.94;"A";19;"A";1;"A";5;"A";165;"A";1;"A";336.67;"A"
"2025-06-19 03:45";100;"A";4212.73;"A";4214.87;"A";22.03;"A";16.05;"A";11.06;"A";25.6;"A";49.11;"A";24;"A";19.11;"A";60.63;"A";1008.83;"A";20;"A";0;"A";4;"A";160;"A";0;"A";323.33;"A"
"2025-06-19 04:00";99.93;"A";4194.13;"A";4194.2;"A";22;"A";15.92;"A";10.87;"A";25.59;"A";49.04;"A";24;"A";19.06;"A";60.86;"A";1008.75;"A";20;"A";0;"A";5;"A";157;"A";0.33;"A";336.67;"A"
"2025-06-19 04:15";99.74;"A";4200.93;"A";4203.33;"A";22.95;"A";17.23;"A";11.77;"A";25.56;"A";49.24;"A";24;"A";19;"A";61.22;"A";1008.68;"A";19;"A";0;"A";5;"A";160;"A";0.33;"A";330;"A"
"2025-06-19 04:30";99.83;"A";4210.4;"A";4213.6;"A";27.92;"A";19.63;"A";13.35;"A";25.51;"A";49.52;"A";24;"A";18.93;"A";61.61;"A";1008.56;"A";19;"A";1;"A";5;"A";161;"A";1;"A";333.33;"A"
"2025-06-19 04:45";99.89;"A";4211.67;"A";4214.53;"A";24.93;"A";18.84;"A";12.79;"A";25.45;"A";49.44;"A";24;"A";18.89;"A";61.25;"A";1008.56;"A";19;"A";0;"A";4;"A";157;"A";0;"A";330;"A"
"2025-06-19 05:00";99.94;"A";4211.8;"A";4214.8;"A";20.77;"A";16.27;"A";11.02;"A";25.42;"A";49.32;"A";25;"A";18.91;"A";61.11;"A";1008.54;"A";20;"A";0;"A";5;"A";153;"A";0.33;"A";333.33;"A"
"2025-06-19 05:15";99.96;"A";4212.13;"A";4214.87;"A";21.67;"A";15.94;"A";10.75;"A";25.42;"A";49.49;"A";24;"A";18.97;"A";61.22;"A";1008.54;"A";19;"A";0;"A";5;"A";154;"A";0.33;"A";336.67;"A"
"2025-06-19 05:30";99.98;"A";4213;"A";4215.27;"A";20.91;"A";15.3;"A";10.68;"A";25.5;"A";49.85;"A";24;"A";19.16;"A";61.37;"A";1008.63;"A";19;"A";0;"A";5;"A";157;"A";0;"A";323.33;"A"
"2025-06-19 05:45";99.99;"A";4212.6;"A";4214.93;"A";21.66;"A";15.93;"A";10.61;"A";25.66;"A";50.08;"A";24;"A";19.28;"A";61.43;"A";1008.48;"A";18;"A";0;"A";5;"A";166;"A";0.33;"A";323.33;"A"
"2025-06-19 06:00";100;"A";4212.67;"A";4214.8;"A";21.28;"A";15.79;"A";10.72;"A";25.83;"A";49.68;"A";23;"A";19.42;"A";61.28;"A";1008.26;"A";18;"A";0;"A";6;"A";160;"A";0;"A";140;"A"
"2025-06-19 06:15";99.98;"A";4204.27;"A";4205.53;"A";21.9;"A";15.72;"A";10.69;"A";26;"A";49.32;"A";24;"A";19.53;"A";60.93;"A";1008.02;"A";18;"A";1;"A";6;"A";164;"A";0;"A";213.33;"A"
"2025-06-19 06:30";99.78;"A";4194;"A";4194.87;"A";23.01;"A";16.18;"A";11.01;"A";26.19;"A";49.41;"A";23;"A";19.74;"A";60.99;"A";1008.02;"A";17;"A";0;"A";6;"A";174;"A";0;"A";243.33;"A"
"2025-06-19 06:45";99.81;"A";4210.4;"A";4213.8;"A";24.59;"A";16.72;"A";11.38;"A";26.47;"A";49.52;"A";23;"A";20.33;"A";60.37;"A";1007.88;"A";17;"A";1;"A";6;"A";180;"A";0;"A";190;"A"
"2025-06-19 07:00";99.89;"A";4211;"A";4214.2;"A";22.44;"A";15.48;"A";10.58;"A";26.92;"A";49.14;"A";25;"A";21.03;"A";58.63;"A";1008.09;"A";19;"A";0;"A";6;"A";172;"A";0.33;"A";320;"A"
"2025-06-19 07:15";99.93;"A";4212;"A";4215.2;"A";19.32;"A";14.52;"A";10.24;"A";27.5;"A";47.92;"A";26;"A";21.75;"A";56.66;"A";1008.08;"A";20;"A";0;"A";6;"A";166;"A";0.33;"A";326.67;"A"
"2025-06-19 07:30";99.96;"A";4211.73;"A";4214.73;"A";21.26;"A";14.94;"A";10.32;"A";28.21;"A";46.95;"A";26;"A";22.36;"A";55.91;"A";1007.96;"A";19;"A";0;"A";6;"A";176;"A";0;"A";230;"A"
"2025-06-19 07:45";99.98;"A";4212.07;"A";4214.67;"A";20.45;"A";14.62;"A";9.81;"A";28.91;"A";45.6;"A";27;"A";22.95;"A";54.33;"A";1007.84;"A";21;"A";0;"A";6;"A";169;"A";0;"A";333.33;"A"
"2025-06-19 08:00";99.99;"A";4212.47;"A";4215.2;"A";19.84;"A";14.29;"A";9.78;"A";29.55;"A";44.01;"A";29;"A";23.58;"A";52.85;"A";1007.79;"A";22;"A";0;"A";6;"A";171;"A";1.33;"A";333.33;"A"
"2025-06-19 08:15";99.99;"A";4212.6;"A";4215.13;"A";21.47;"A";14.5;"A";9.69;"A";30.33;"A";42.68;"A";29;"A";24.92;"A";49.11;"A";1007.63;"A";23;"A";0;"A";6;"A";175;"A";1;"A";340;"A"
"2025-06-19 08:30";100;"A";4212.53;"A";4215;"A";19.71;"A";14.09;"A";9.61;"A";31.5;"A";40.58;"A";31;"A";25.44;"A";48.46;"A";1007.66;"A";24;"A";0;"A";7;"A";170;"A";0.67;"A";340;"A"
"2025-06-19 08:45";100;"A";4213;"A";4215.93;"A";21.78;"A";15.96;"A";10.97;"A";32.19;"A";39.69;"A";34;"A";25.54;"A";49.07;"A";1007.62;"A";25;"A";0;"A";9;"A";195;"A";0.67;"A";330;"A"
"2025-06-19 09:00";100;"A";4212.6;"A";4215.2;"A";21.68;"A";15.12;"A";10.26;"A";32.45;"A";39.35;"A";32;"A";25.74;"A";48.41;"A";1007.47;"A";24;"A";0;"A";8;"A";231;"A";0;"A";340;"A"
"2025-06-19 09:15";99.99;"A";4206.47;"A";4207.8;"A";19.33;"A";14.32;"A";9.77;"A";32.65;"A";38.56;"A";34;"A";25.97;"A";47.36;"A";1007.41;"A";26;"A";0;"A";8;"A";180;"A";0.33;"A";243.33;"A"
"2025-06-19 09:30";99.84;"A";4194.67;"A";4196.67;"A";21.1;"A";14.83;"A";10.15;"A";32.85;"A";38.53;"A";33;"A";26.45;"A";47.14;"A";1007.47;"A";26;"A";0;"A";8;"A";202;"A";0;"A";120;"A"
"2025-06-19 09:45";99.87;"A";4210.6;"A";4214.4;"A";32.23;"A";24.79;"A";17.04;"A";33.26;"A";38.37;"A";33;"A";26.96;"A";46.48;"A";1007.28;"A";27;"A";1;"A";7;"A";301;"A";0.67;"A";233.33;"A"
"2025-06-19 10:00";99.92;"A";4211.73;"A";4214.8;"A";28.38;"A";19.9;"A";14.31;"A";33.75;"A";37.47;"A";35;"A";27.22;"A";45.77;"A";1007.33;"A";27;"A";0;"A";8;"A";382;"A";0.33;"A";116.67;"A"
"2025-06-19 10:15";99.95;"A";4211.87;"A";4215.47;"A";20.52;"A";15.39;"A";10.97;"A";34.05;"A";36.83;"A";36;"A";27.44;"A";45.66;"A";1007.23;"A";28;"A";0;"A";8;"A";240;"A";0.67;"A";116.67;"A"
"2025-06-19 10:30";99.97;"A";4211.8;"A";4215.13;"A";20.92;"A";15.61;"A";10.91;"A";34.4;"A";36.62;"A";34;"A";28.24;"A";44.05;"A";1007.15;"A";28;"A";0;"A";7;"A";212;"A";1;"A";350;"A"
"2025-06-19 10:45";99.98;"A";4211.67;"A";4215.13;"A";22.06;"A";15.85;"A";10.96;"A";35.17;"A";34.68;"A";37;"A";29.35;"A";40.48;"A";1007.03;"A";31;"A";0;"A";5;"A";189;"A";0.67;"A";346.67;"A"
"2025-06-19 11:00";99.98;"A";4211.8;"A";4215.13;"A";20.83;"A";15.78;"A";11.14;"A";36.03;"A";32.5;"A";44;"A";29.4;"A";40.08;"A";1007.05;"A";35;"A";0;"A";9;"A";219;"A";0.67;"A";230;"A"
"2025-06-19 11:15";99.99;"A";4212;"A";4215.4;"A";23.3;"A";16.22;"A";11.51;"A";36.32;"A";31.62;"A";48;"A";29.16;"A";39.96;"A";1006.92;"A";38;"A";0;"A";10;"A";218;"A";1;"A";230;"A"
"2025-06-19 11:30";99.99;"A";4212.13;"A";4215.4;"A";23.49;"A";17.36;"A";12.45;"A";36.25;"A";31.45;"A";47;"A";29.24;"A";39.84;"A";1006.78;"A";38;"A";0;"A";9;"A";249;"A";1;"A";233.33;"A"
"2025-06-19 11:45";100;"A";4212.53;"A";4215.07;"A";29.65;"A";17.66;"A";12.07;"A";36.24;"A";31.74;"A";47;"A";29.58;"A";39.76;"A";1006.58;"A";37;"A";0;"A";10;"A";249;"A";0.33;"A";120;"A"
"2025-06-19 12:00";100;"A";4212.33;"A";4215.93;"A";21.9;"A";16.06;"A";11.51;"A";36.66;"A";31.67;"A";45;"A";30.64;"A";37.91;"A";1006.25;"A";38;"A";0;"A";7;"A";227;"A";1;"A";116.67;"A"
"2025-06-19 12:15";100;"A";4212.07;"A";4214.93;"A";19.49;"A";15.75;"A";11.25;"A";37.31;"A";30.41;"A";48;"A";30.84;"A";37.6;"A";1006.24;"A";38;"A";0;"A";10;"A";234;"A";1;"A";230;"A"
"2025-06-19 12:30";100;"A";4212.53;"A";4215.33;"A";20.39;"A";15.78;"A";11.39;"A";37.75;"A";29.24;"A";50;"A";30.83;"A";37.12;"A";1006.09;"A";40;"A";0;"A";9;"A";216;"A";1.33;"A";116.67;"A"
"2025-06-19 12:45";100;"A";4212.13;"A";4215.33;"A";21.45;"A";15.45;"A";11.17;"A";37.82;"A";29.1;"A";51;"A";30.64;"A";37.62;"A";1005.8;"A";42;"A";0;"A";9;"A";201;"A";1;"A";236.67;"A"
"2025-06-19 13:00";100;"A";4212.4;"A";4214.93;"A";22.71;"A";15.79;"A";11.04;"A";37.77;"A";29.16;"A";51;"A";30.92;"A";37.03;"A";1005.78;"A";42;"A";0;"A";9;"A";190;"A";1;"A";230;"A"
"2025-06-19 13:15";100;"A";4212.07;"A";4215.13;"A";20.37;"A";14.86;"A";10.53;"A";37.94;"A";28.77;"A";50;"A";31.36;"A";35.78;"A";1005.58;"A";43;"A";0;"A";7;"A";183;"A";1;"A";350;"A"
"2025-06-19 13:30";100;"A";4212.13;"A";4215.47;"A";21.74;"A";15.15;"A";10.48;"A";38.24;"A";27.66;"A";52;"A";31.24;"A";35.46;"A";1005.44;"A";44;"A";0;"A";9;"A";194;"A";1.33;"A";0;"A"
"2025-06-19 13:45";100;"A";4212.27;"A";4215.53;"A";20.12;"A";14.89;"A";10.54;"A";38.22;"A";27.51;"A";53;"A";30.79;"A";36.04;"A";1005.43;"A";44;"A";0;"A";9;"A";183;"A";1.33;"A";0;"A"
"2025-06-19 14:00";100;"A";4212.33;"A";4215.33;"A";19.67;"A";14.31;"A";10.23;"A";37.93;"A";27.57;"A";51;"A";30.66;"A";34.85;"A";1005.29;"A";43;"A";0;"A";8;"A";180;"A";1.33;"A";233.33;"A"
"2025-06-19 14:15";100;"A";4212;"A";4215.93;"A";18.84;"A";13.59;"A";9.94;"A";37.8;"A";26.99;"A";52;"A";31.07;"A";33.34;"A";1005.22;"A";44;"A";0;"A";8;"A";203;"A";1;"A";233.33;"A"
"2025-06-19 14:30";100;"A";4212.13;"A";4216;"A";20.43;"A";14.11;"A";10.32;"A";37.92;"A";24.74;"A";54;"A";31.19;"A";30.2;"A";1005.23;"A";46;"A";0;"A";8;"A";158;"A";1.33;"A";120;"A"
"2025-06-19 14:45";100;"A";4212.33;"A";4215.33;"A";21.02;"A";15.33;"A";10.76;"A";38.02;"A";24.23;"A";56;"A";31.1;"A";31.07;"A";1005.14;"A";47;"A";0;"A";9;"A";184;"A";1.33;"A";113.33;"A"
"2025-06-19 15:00";100;"A";4212.07;"A";4215.2;"A";21.65;"A";15.46;"A";10.68;"A";38.02;"A";24.41;"A";55;"A";31.12;"A";31.18;"A";1004.94;"A";46;"A";0;"A";9;"A";201;"A";0.67;"A";10;"A"
"2025-06-19 15:15";100;"A";4212.2;"A";4215.6;"A";20.21;"A";15.31;"A";10.82;"A";38.08;"A";24.53;"A";54;"A";31.32;"A";30.32;"A";1004.77;"A";47;"A";0;"A";7;"A";194;"A";1.67;"A";236.67;"A"
"2025-06-19 15:30";100;"A";4212.13;"A";4215.6;"A";20.13;"A";14.95;"A";10.33;"A";38.16;"A";24.12;"A";55;"A";31.37;"A";30.95;"A";1004.48;"A";47;"A";0;"A";8;"A";187;"A";1.33;"A";230;"A"
"2025-06-19 15:45";100;"A";4212.2;"A";4215.73;"A";22.44;"A";15.84;"A";11.33;"A";38.16;"A";24.12;"A";55;"A";31.3;"A";30.45;"A";1004.65;"A";45;"A";0;"A";10;"A";215;"A";0.67;"A";123.33;"A"
"2025-06-19 16:00";100;"A";4212.33;"A";4215.87;"A";22.47;"A";16.87;"A";11.52;"A";38.12;"A";23.97;"A";53;"A";31.04;"A";30.61;"A";1004.61;"A";46;"A";0;"A";8;"A";189;"A";0.67;"A";6.67;"A"
"2025-06-19 16:15";100;"A";4212.13;"A";4215.07;"A";24.06;"A";17.57;"A";12.39;"A";37.97;"A";24.19;"A";54;"A";31;"A";30.92;"A";1004.6;"A";46;"A";0;"A";8;"A";187;"A";1;"A";3.33;"A"
"2025-06-19 16:30";100;"A";4212.13;"A";4215;"A";23.62;"A";16.26;"A";11.45;"A";37.87;"A";24.61;"A";54;"A";30.92;"A";31.85;"A";1004.59;"A";46;"A";0;"A";8;"A";187;"A";1.33;"A";116.67;"A"
"2025-06-19 16:45";100;"A";4212.27;"A";4215.13;"A";22.73;"A";16.43;"A";11.33;"A";37.75;"A";25.67;"A";53;"A";30.54;"A";33.56;"A";1004.52;"A";45;"A";0;"A";7;"A";178;"A";2;"A";350;"A"
"2025-06-19 17:00";100;"A";4212.4;"A";4215.8;"A";21.22;"A";15.86;"A";11.17;"A";37.45;"A";26.53;"A";50;"A";30.28;"A";33.97;"A";1004.48;"A";44;"A";0;"A";6;"A";179;"A";0.67;"A";236.67;"A"
"2025-06-19 17:15";99.87;"A";4194.33;"A";4195.8;"A";20.61;"A";15.25;"A";10.86;"A";37.14;"A";26.36;"A";53;"A";30.15;"A";33.9;"A";1004.13;"A";45;"A";0;"A";8;"A";170;"A";0.67;"A";233.33;"A"
"2025-06-19 17:30";99.86;"A";4210.73;"A";4214.2;"A";24.38;"A";17.57;"A";11.89;"A";36.93;"A";28.62;"A";49;"A";29.75;"A";37.43;"A";1004.17;"A";41;"A";0;"A";8;"A";198;"A";0.33;"A";130;"A"
"2025-06-19 17:45";99.91;"A";4211.2;"A";4214.87;"A";24.24;"A";18.67;"A";12.69;"A";36.59;"A";29.77;"A";45;"A";29.3;"A";38.32;"A";1004.36;"A";39;"A";0;"A";6;"A";183;"A";0.67;"A";116.67;"A"
"2025-06-19 18:00";99.95;"A";4211.87;"A";4215.47;"A";23.97;"A";18.05;"A";12.62;"A";36.23;"A";30.15;"A";45;"A";29.13;"A";38.14;"A";1004.34;"A";39;"A";0;"A";7;"A";205;"A";0.67;"A";116.67;"A"
"2025-06-19 18:15";99.97;"A";4211.8;"A";4215.27;"A";23.25;"A";17.34;"A";12.27;"A";36;"A";30.23;"A";47;"A";28.99;"A";38.18;"A";1004.47;"A";40;"A";0;"A";7;"A";192;"A";0.67;"A";6.67;"A"
"2025-06-19 18:30";99.98;"A";4211.8;"A";4215.2;"A";23.36;"A";17.82;"A";12.1;"A";35.79;"A";30.34;"A";47;"A";28.74;"A";38.34;"A";1004.52;"A";41;"A";0;"A";7;"A";197;"A";1.33;"A";233.33;"A"
"2025-06-19 18:45";99.99;"A";4211.87;"A";4215.13;"A";24.64;"A";18.44;"A";13.08;"A";35.55;"A";30.56;"A";47;"A";28.59;"A";37.99;"A";1004.57;"A";40;"A";0;"A";7;"A";235;"A";1;"A";236.67;"A"
"2025-06-19 19:00";100;"A";4211.93;"A";4215.07;"A";23.31;"A";17.53;"A";12.45;"A";35.36;"A";30.27;"A";47;"A";28.45;"A";37.83;"A";1004.69;"A";40;"A";0;"A";7;"A";300;"A";0.67;"A";3.33;"A"
"2025-06-19 19:15";100;"A";4212.53;"A";4215.27;"A";22.91;"A";17.51;"A";11.99;"A";35.18;"A";30.37;"A";48;"A";28.22;"A";38.03;"A";1004.74;"A";42;"A";0;"A";6;"A";202;"A";1.67;"A";350;"A"
"2025-06-19 19:30";100;"A";4212.47;"A";4215.07;"A";25.39;"A";18.82;"A";13.21;"A";34.97;"A";30.77;"A";48;"A";28.08;"A";38.6;"A";1004.75;"A";40;"A";0;"A";8;"A";236;"A";0.67;"A";350;"A"
"2025-06-19 19:45";100;"A";4212.67;"A";4215.4;"A";21.84;"A";16.61;"A";12.03;"A";34.79;"A";30.87;"A";46;"A";27.95;"A";37.95;"A";1004.81;"A";40;"A";0;"A";6;"A";214;"A";1;"A";140;"A"
"2025-06-19 20:00";100;"A";4212.8;"A";4215.47;"A";22.56;"A";15.99;"A";11.42;"A";34.63;"A";30.63;"A";48;"A";27.63;"A";38.75;"A";1004.87;"A";39;"A";0;"A";9;"A";259;"A";1.33;"A";350;"A"
"2025-06-19 20:15";100;"A";4212.53;"A";4215.13;"A";20.19;"A";15;"A";10.76;"A";34.32;"A";31.54;"A";45;"A";27.21;"A";39.74;"A";1004.67;"A";38;"A";0;"A";7;"A";233;"A";1;"A";346.67;"A"
"2025-06-19 20:30";100;"A";4212.6;"A";4214.93;"A";19.86;"A";15.26;"A";10.47;"A";33.98;"A";31.91;"A";44;"A";26.95;"A";39.98;"A";1004.73;"A";36;"A";0;"A";8;"A";211;"A";1.33;"A";346.67;"A"
"2025-06-19 20:45";100;"A";4212.53;"A";4215.2;"A";20.25;"A";14.86;"A";10.71;"A";33.65;"A";32.68;"A";44;"A";26.56;"A";41.03;"A";1004.95;"A";35;"A";0;"A";8;"A";244;"A";0.33;"A";340;"A"
"2025-06-19 21:00";100;"A";4212.6;"A";4215.27;"A";20.11;"A";14.65;"A";10.49;"A";33.27;"A";33.4;"A";42;"A";26.08;"A";42.03;"A";1004.94;"A";35;"A";0;"A";7;"A";182;"A";1;"A";343.33;"A"
"2025-06-19 21:15";100;"A";4212.73;"A";4215.4;"A";19.89;"A";14.33;"A";10.05;"A";32.86;"A";34.08;"A";41;"A";25.58;"A";43.02;"A";1005.07;"A";35;"A";0;"A";6;"A";163;"A";0.33;"A";326.67;"A"
"2025-06-19 21:30";99.99;"A";4208.07;"A";4209.73;"A";18.25;"A";13.8;"A";9.64;"A";32.46;"A";34.31;"A";40;"A";25.34;"A";42.74;"A";1005.14;"A";35;"A";0;"A";6;"A";161;"A";0.67;"A";326.67;"A"
"2025-06-19 21:45";99.88;"A";4205.2;"A";4207.6;"A";17.85;"A";12.8;"A";9.1;"A";32.09;"A";34.05;"A";41;"A";25.04;"A";42.4;"A";1005.22;"A";35;"A";0;"A";6;"A";143;"A";1;"A";336.67;"A"
"2025-06-19 22:00";99.92;"A";4211.6;"A";4214.6;"A";16.77;"A";13.22;"A";8.8;"A";31.72;"A";34.51;"A";40;"A";24.58;"A";43.48;"A";1005.35;"A";33;"A";0;"A";6;"A";153;"A";0.67;"A";326.67;"A"
"2025-06-19 22:15";99.95;"A";4211.73;"A";4214.6;"A";16.66;"A";12.94;"A";9.06;"A";31.33;"A";35.6;"A";38;"A";24.12;"A";45.15;"A";1005.3;"A";31;"A";0;"A";7;"A";172;"A";0;"A";306.67;"A"
"2025-06-19 22:30";99.97;"A";4211.93;"A";4214.73;"A";17.57;"A";13.3;"A";9.39;"A";30.92;"A";36.95;"A";36;"A";23.76;"A";47.01;"A";1005.13;"A";29;"A";0;"A";6;"A";175;"A";0;"A";216.67;"A"
"2025-06-19 22:45";99.99;"A";4212.67;"A";4215.2;"A";21.74;"A";14.75;"A";9.97;"A";30.58;"A";38.27;"A";32;"A";23.6;"A";48.3;"A";1005;"A";23;"A";0;"A";9;"A";206;"A";0;"A";150;"A"
"2025-06-19 23:00";100;"A";4212.93;"A";4215.53;"A";22.2;"A";15.81;"A";10.67;"A";30.36;"A";39.79;"A";31;"A";23.46;"A";50.25;"A";1004.93;"A";24;"A";0;"A";7;"A";195;"A";0;"A";233.33;"A"
"2025-06-19 23:15";99.89;"A";4188.93;"A";4188.33;"A";32.06;"A";21.71;"A";15.02;"A";30.18;"A";40.81;"A";32;"A";23.3;"A";50.76;"A";1004.93;"A";26;"A";0;"A";6;"A";197;"A";0;"A";313.33;"A"
"2025-06-19 23:30";99.72;"A";4202.4;"A";4205.8;"A";21.8;"A";16.32;"A";11.27;"A";29.97;"A";40.09;"A";34;"A";23.02;"A";49.57;"A";1005.17;"A";29;"A";0;"A";5;"A";159;"A";0.67;"A";330;"A"
"2025-06-19 23:45";99.82;"A";4210.27;"A";4213.8;"A";17.46;"A";13.23;"A";8.94;"A";29.72;"A";39.45;"A";35;"A";22.93;"A";48.88;"A";1005.31;"A";29;"A";0;"A";6;"A";144;"A";0.67;"A";313.33;"A"
"2025-06-20 00:00";99.89;"A";4210.93;"A";4214;"A";17.78;"A";12.75;"A";8.89;"A";29.55;"A";39.77;"A";33;"A";22.9;"A";48.95;"A";1005.23;"A";28;"A";0;"A";5;"A";142;"A";0;"A";173.33;"A"
"2025-06-20 00:15";99.94;"A";4211.8;"A";4214.53;"A";16.12;"A";12.12;"A";8.25;"A";29.49;"A";39.46;"A";33;"A";22.86;"A";48.06;"A";1005.15;"A";29;"A";0;"A";5;"A";143;"A";0;"A";156.67;"A"
"2025-06-20 00:30";99.96;"A";4211.93;"A";4215.47;"A";14.07;"A";11.04;"A";7.6;"A";29.47;"A";38.54;"A";34;"A";22.81;"A";46.89;"A";1004.97;"A";30;"A";0;"A";5;"A";138;"A";0;"A";300;"A"
"2025-06-20 00:45";99.98;"A";4212.2;"A";4215.2;"A";15.01;"A";10.6;"A";7.5;"A";29.4;"A";38.08;"A";34;"A";22.7;"A";46.73;"A";1004.9;"A";28;"A";0;"A";5;"A";140;"A";0;"A";246.67;"A"
"2025-06-20 01:00";99.99;"A";4212.6;"A";4214.47;"A";15.52;"A";10.51;"A";7.48;"A";29.32;"A";38.15;"A";33;"A";22.58;"A";46.92;"A";1004.71;"A";28;"A";0;"A";5;"A";146;"A";0;"A";196.67;"A"
"2025-06-20 01:15";100;"A";4212.6;"A";4215.33;"A";15.04;"A";10.72;"A";7.24;"A";29.24;"A";38.09;"A";34;"A";22.49;"A";46.86;"A";1004.62;"A";29;"A";0;"A";5;"A";142;"A";0;"A";303.33;"A"
"2025-06-20 01:30";99.99;"A";4205.8;"A";4207.07;"A";12.92;"A";10.18;"A";7.03;"A";29.13;"A";38.14;"A";33;"A";22.41;"A";47.1;"A";1004.54;"A";28;"A";0;"A";5;"A";141;"A";0;"A";216.67;"A"
"2025-06-20 01:45";99.77;"A";4187.53;"A";4187.13;"A";13.78;"A";10.32;"A";7.27;"A";29.04;"A";38.8;"A";32;"A";22.24;"A";47.94;"A";1004.5;"A";27;"A";0;"A";5;"A";144;"A";0;"A";276.67;"A"
"2025-06-20 02:00";99.76;"A";4209.67;"A";4213.8;"A";14.2;"A";10.33;"A";7.13;"A";28.89;"A";38.39;"A";32;"A";22.18;"A";47;"A";1004.46;"A";27;"A";0;"A";5;"A";140;"A";0;"A";163.33;"A"
"2025-06-20 02:15";99.85;"A";4210.67;"A";4213.67;"A";14.42;"A";9.62;"A";6.95;"A";28.8;"A";37.6;"A";32;"A";22.12;"A";45.65;"A";1004.48;"A";27;"A";0;"A";5;"A";139;"A";0;"A";163.33;"A"
"2025-06-20 02:30";99.91;"A";4211.33;"A";4214.07;"A";15.01;"A";10.06;"A";6.92;"A";28.73;"A";36.62;"A";33;"A";22.08;"A";44.35;"A";1004.45;"A";27;"A";0;"A";6;"A";141;"A";0;"A";270;"A"
"2025-06-20 02:45";99.95;"A";4211.67;"A";4214.4;"A";13.67;"A";9.98;"A";6.77;"A";28.68;"A";36.14;"A";32;"A";21.96;"A";44.03;"A";1004.8;"A";27;"A";0;"A";6;"A";141;"A";0;"A";290;"A"
"2025-06-20 03:00";99.97;"A";4211.8;"A";4214.53;"A";14.01;"A";9.54;"A";6.51;"A";28.6;"A";36.14;"A";32;"A";21.79;"A";44.49;"A";1004.65;"A";27;"A";0;"A";5;"A";136;"A";0.33;"A";290;"A"
"2025-06-20 03:15";99.99;"A";4212.47;"A";4214.8;"A";13.3;"A";9.37;"A";6.24;"A";28.48;"A";36.46;"A";31;"A";21.75;"A";44.69;"A";1004.62;"A";26;"A";0;"A";5;"A";137;"A";0;"A";280;"A"
"2025-06-20 03:30";100;"A";4212.87;"A";4215.47;"A";13.8;"A";8.9;"A";6.06;"A";28.38;"A";36.67;"A";31;"A";21.64;"A";45.09;"A";1004.48;"A";26;"A";0;"A";5;"A";136;"A";0;"A";283.33;"A"
"2025-06-20 03:45";99.97;"A";4198.93;"A";4199.13;"A";11.19;"A";8.24;"A";5.39;"A";28.32;"A";37.24;"A";31;"A";21.64;"A";45.65;"A";1004.32;"A";26;"A";0;"A";5;"A";132;"A";0;"A";326.67;"A"
"2025-06-20 04:00";99.8;"A";4202.33;"A";4203.73;"A";10.06;"A";7.25;"A";5;"A";28.26;"A";37.03;"A";31;"A";21.58;"A";45.44;"A";1004.31;"A";26;"A";0;"A";5;"A";127;"A";0.33;"A";323.33;"A"
"2025-06-20 04:15";99.87;"A";4210.6;"A";4213.47;"A";9.65;"A";7;"A";4.82;"A";28.19;"A";37.38;"A";31;"A";21.48;"A";45.81;"A";1004.26;"A";26;"A";0;"A";4;"A";128;"A";0.67;"A";333.33;"A"
"2025-06-20 04:30";99.92;"A";4211.67;"A";4214.4;"A";9.72;"A";6.5;"A";4.45;"A";28.12;"A";37.18;"A";32;"A";21.49;"A";45.27;"A";1004.33;"A";27;"A";0;"A";5;"A";129;"A";1;"A";346.67;"A"
"2025-06-20 04:45";99.96;"A";4211.67;"A";4214.47;"A";11.72;"A";8.07;"A";5.31;"A";28.07;"A";37.2;"A";33;"A";21.47;"A";45.18;"A";1004.31;"A";28;"A";0;"A";5;"A";133;"A";1;"A";340;"A"
"2025-06-20 05:00";99.98;"A";4212.33;"A";4214.87;"A";10.55;"A";6.77;"A";4.86;"A";28.06;"A";37;"A";33;"A";21.45;"A";44.87;"A";1004.42;"A";28;"A";0;"A";6;"A";168;"A";1;"A";350;"A"
"2025-06-20 05:15";99.99;"A";4212.67;"A";4215.07;"A";9.49;"A";6.73;"A";4.32;"A";28.01;"A";37.14;"A";34;"A";21.41;"A";45.55;"A";1004.63;"A";28;"A";0;"A";6;"A";141;"A";1;"A";343.33;"A"
"2025-06-20 05:30";100;"A";4212.6;"A";4215.07;"A";10.75;"A";6.33;"A";4.32;"A";27.97;"A";37.51;"A";33;"A";21.29;"A";45.79;"A";1004.77;"A";28;"A";0;"A";5;"A";151;"A";1;"A";350;"A"
"2025-06-20 05:45";100;"A";4212.67;"A";4214.8;"A";9.9;"A";6.44;"A";4.51;"A";27.89;"A";37.64;"A";34;"A";21.19;"A";46.46;"A";1004.86;"A";28;"A";0;"A";6;"A";157;"A";1;"A";343.33;"A"
"2025-06-20 06:00";100;"A";4212.6;"A";4214.93;"A";10.44;"A";7.08;"A";4.85;"A";27.82;"A";37.85;"A";33;"A";21.06;"A";46.31;"A";1004.78;"A";27;"A";0;"A";5;"A";150;"A";1;"A";346.67;"A"
"2025-06-20 06:15";100;"A";4212.73;"A";4215.47;"A";9.39;"A";6.54;"A";4.46;"A";27.72;"A";37.84;"A";33;"A";21.01;"A";46.52;"A";1004.73;"A";27;"A";0;"A";6;"A";154;"A";0.33;"A";233.33;"A"
"2025-06-20 06:30";100;"A";4212.67;"A";4215;"A";9.78;"A";6.89;"A";4.72;"A";27.66;"A";38.04;"A";33;"A";20.95;"A";47.03;"A";1004.65;"A";28;"A";0;"A";5;"A";134;"A";0.67;"A";116.67;"A"
"2025-06-20 06:45";100;"A";4213;"A";4215.93;"A";9.67;"A";6.39;"A";4.46;"A";27.62;"A";38.67;"A";33;"A";20.86;"A";47.77;"A";1004.86;"A";28;"A";0;"A";5;"A";137;"A";1.33;"A";233.33;"A"
"2025-06-20 07:00";100;"A";4212.6;"A";4215;"A";10.13;"A";6.56;"A";4.58;"A";27.58;"A";39.05;"A";33;"A";20.82;"A";48.12;"A";1004.95;"A";28;"A";0;"A";5;"A";136;"A";1.33;"A";350;"A"
"2025-06-20 07:15";100;"A";4212.73;"A";4214.93;"A";10.23;"A";6.21;"A";4.32;"A";27.62;"A";39.35;"A";34;"A";21.36;"A";47.29;"A";1004.95;"A";29;"A";0;"A";5;"A";132;"A";2;"A";233.33;"A"
"2025-06-20 07:30";100;"A";4209.53;"A";4211.47;"A";11.64;"A";7.63;"A";5.29;"A";28.31;"A";37.98;"A";33;"A";22.93;"A";43.13;"A";1004.78;"A";29;"A";0;"A";4;"A";141;"A";1.33;"A";350;"A"
"2025-06-20 07:45";99.83;"A";4192.07;"A";4192.47;"A";10.55;"A";6.28;"A";4.49;"A";29.76;"A";35.18;"A";36;"A";23.92;"A";40.89;"A";1005.02;"A";30;"A";0;"A";7;"A";160;"A";1.33;"A";233.33;"A"
"2025-06-20 08:00";99.83;"A";4210.33;"A";4213.93;"A";8.27;"A";5.43;"A";3.68;"A";31.1;"A";33.03;"A";37;"A";24.87;"A";38.94;"A";1005.04;"A";30;"A";0;"A";7;"A";143;"A";1.33;"A";350;"A"
"2025-06-20 08:15";99.89;"A";4211.33;"A";4215.07;"A";8.2;"A";5.36;"A";3.67;"A";32.26;"A";30.38;"A";38;"A";25.66;"A";36.53;"A";1005.15;"A";31;"A";0;"A";7;"A";140;"A";1.33;"A";230;"A"
"2025-06-20 08:30";99.93;"A";4211.6;"A";4215.47;"A";8.18;"A";5.07;"A";3.59;"A";33.18;"A";28.62;"A";39;"A";26.17;"A";35.64;"A";1005.13;"A";32;"A";0;"A";7;"A";146;"A";1.33;"A";233.33;"A"
"2025-06-20 08:45";99.95;"A";4211.67;"A";4214.93;"A";9.55;"A";5.89;"A";4.17;"A";33.97;"A";27.78;"A";39;"A";26.74;"A";35.18;"A";1005.04;"A";31;"A";0;"A";8;"A";159;"A";1.33;"A";233.33;"A"
"2025-06-20 09:00";99.96;"A";4211.73;"A";4214.87;"A";8.92;"A";5.31;"A";3.56;"A";34.62;"A";26.8;"A";39;"A";27.21;"A";33.25;"A";1005.07;"A";32;"A";0;"A";7;"A";152;"A";1.67;"A";350;"A"
"2025-06-20 09:15";99.97;"A";4211.73;"A";4215.47;"A";8.96;"A";5.44;"A";3.61;"A";35.2;"A";24.64;"A";39;"A";27.67;"A";30.77;"A";1005.14;"A";32;"A";0;"A";7;"A";142;"A";1.67;"A";350;"A"
"2025-06-20 09:30";99.98;"A";4211.8;"A";4215.2;"A";10.91;"A";6.41;"A";4.28;"A";35.64;"A";23.58;"A";39;"A";28.03;"A";30.04;"A";1005.16;"A";32;"A";0;"A";7;"A";142;"A";1;"A";233.33;"A"
"2025-06-20 09:45";99.98;"A";4212.2;"A";4215.47;"A";13.74;"A";6.72;"A";4.29;"A";36;"A";22.87;"A";39;"A";27.73;"A";29.97;"A";1005.18;"A";32;"A";0;"A";7;"A";157;"A";1.67;"A";116.67;"A"
"2025-06-20 10:00";99.98;"A";4212.33;"A";4215.33;"A";10.96;"A";5.47;"A";3.73;"A";35.96;"A";22.26;"A";38;"A";27.8;"A";29.22;"A";1005.21;"A";32;"A";0;"A";7;"A";146;"A";1.33;"A";233.33;"A"
"2025-06-20 10:15";99.93;"A";4196;"A";4196.53;"A";12.75;"A";6.8;"A";4.28;"A";35.95;"A";21.96;"A";39;"A";27.71;"A";28.69;"A";1005.31;"A";31;"A";0;"A";7;"A";181;"A";1.67;"A";233.33;"A"
"2025-06-20 10:30";99.75;"A";4201.13;"A";4204.93;"A";9.43;"A";6.05;"A";4.44;"A";35.89;"A";20.98;"A";38;"A";27.72;"A";26.41;"A";1005.49;"A";32;"A";0;"A";7;"A";234;"A";2.33;"A";233.33;"A"
"2025-06-20 10:45";99.82;"A";4210.07;"A";4214.13;"A";9.89;"A";4.65;"A";3.08;"A";35.81;"A";20.66;"A";39;"A";27.66;"A";26.89;"A";1005.48;"A";31;"A";0;"A";8;"A";176;"A";1.67;"A";233.33;"A"
"2025-06-20 11:00";99.88;"A";4210.6;"A";4214.6;"A";8.98;"A";4.95;"A";3.26;"A";35.66;"A";21.27;"A";37;"A";27.54;"A";27.87;"A";1005.58;"A";31;"A";0;"A";6;"A";147;"A";1.67;"A";116.67;"A"
"2025-06-20 11:15";99.92;"A";4211.67;"A";4214.8;"A";10.53;"A";4.84;"A";3.17;"A";35.48;"A";21.78;"A";37;"A";27.62;"A";28.09;"A";1005.6;"A";31;"A";0;"A";6;"A";174;"A";1.67;"A";116.67;"A"
"2025-06-20 11:30";99.95;"A";4212;"A";4215.67;"A";10.91;"A";4.32;"A";2.78;"A";35.24;"A";21.32;"A";36;"A";27.37;"A";26.52;"A";1005.62;"A";30;"A";0;"A";6;"A";172;"A";2.33;"A";350;"A"
"2025-06-20 11:45";99.96;"A";4211.73;"A";4215.07;"A";14.68;"A";4.94;"A";3.01;"A";34.85;"A";20.55;"A";36;"A";27.16;"A";25.69;"A";1005.59;"A";30;"A";0;"A";7;"A";126;"A";1.33;"A";120;"A"
"2025-06-20 12:00";99.96;"A";4203.4;"A";4205.6;"A";7.71;"A";3.45;"A";2.16;"A";34.63;"A";20.24;"A";36;"A";27.32;"A";25.53;"A";1005.67;"A";30;"A";0;"A";6;"A";119;"A";2;"A";233.33;"A"
"2025-06-20 12:15";99.77;"A";4192.87;"A";4194.6;"A";9.64;"A";4.14;"A";2.62;"A";34.63;"A";21.09;"A";34;"A";27.39;"A";25.88;"A";1005.73;"A";30;"A";0;"A";5;"A";128;"A";1.33;"A";116.67;"A"
"2025-06-20 12:30";99.81;"A";4210.2;"A";4214.4;"A";7.84;"A";3.81;"A";2.44;"A";34.54;"A";20.76;"A";36;"A";27.02;"A";26.04;"A";1005.86;"A";30;"A";0;"A";7;"A";118;"A";1.33;"A";116.67;"A"
"2025-06-20 12:45";99.88;"A";4210.8;"A";4214.53;"A";10.58;"A";3.97;"A";2.4;"A";34.4;"A";20.73;"A";35;"A";27.02;"A";25.76;"A";1005.97;"A";30;"A";0;"A";5;"A";125;"A";2;"A";233.33;"A"
"2025-06-20 13:00";99.92;"A";4211.53;"A";4215.2;"A";6.83;"A";3.53;"A";2.34;"A";34.35;"A";20.47;"A";36;"A";27.08;"A";24.94;"A";1005.82;"A";30;"A";0;"A";6;"A";208;"A";2;"A";116.67;"A"
"2025-06-20 13:15";99.95;"A";4211.87;"A";4215.33;"A";7.68;"A";3.48;"A";2.48;"A";34.23;"A";20.72;"A";36;"A";26.52;"A";26.37;"A";1005.89;"A";30;"A";0;"A";6;"A";168;"A";1.67;"A";116.67;"A"
"2025-06-20 13:30";99.97;"A";4211.73;"A";4214.73;"A";9.4;"A";4.26;"A";3.03;"A";33.88;"A";20.89;"A";35;"A";26.03;"A";26.48;"A";1005.91;"A";30;"A";0;"A";5;"A";164;"A";1.33;"A";233.33;"A"
"2025-06-20 13:45";99.98;"A";4211.67;"A";4215;"A";9.07;"A";4.4;"A";2.81;"A";33.49;"A";21.54;"A";35;"A";25.96;"A";27.13;"A";1005.88;"A";30;"A";0;"A";6;"A";153;"A";1.33;"A";0;"A"
"2025-06-20 14:00";99.99;"A";4212.4;"A";4215.27;"A";11.78;"A";5.56;"A";3.4;"A";33.18;"A";21.99;"A";35;"A";25.74;"A";27.16;"A";1006.1;"A";29;"A";0;"A";6;"A";163;"A";1.33;"A";120;"A"
"2025-06-20 14:15";100;"A";4212.53;"A";4215.2;"A";11.09;"A";4.7;"A";2.97;"A";32.95;"A";22.04;"A";34;"A";25.49;"A";26.87;"A";1005.95;"A";29;"A";0;"A";5;"A";142;"A";0.67;"A";23.33;"A"
"2025-06-20 14:30";100;"A";4212.67;"A";4215.27;"A";7.8;"A";3.93;"A";2.71;"A";32.7;"A";22.33;"A";35;"A";25.37;"A";27.38;"A";1005.96;"A";29;"A";0;"A";6;"A";147;"A";1;"A";20;"A"
"2025-06-20 14:45";100;"A";4212.87;"A";4215.8;"A";7.33;"A";3.83;"A";2.54;"A";32.47;"A";22.58;"A";34;"A";25.13;"A";27.73;"A";1005.9;"A";29;"A";0;"A";5;"A";155;"A";1;"A";116.67;"A"
"2025-06-20 15:00";100;"A";4212.73;"A";4215.4;"A";7.72;"A";3.74;"A";2.18;"A";32.2;"A";22.86;"A";34;"A";24.95;"A";28.21;"A";1005.99;"A";29;"A";0;"A";5;"A";140;"A";1;"A";113.33;"A"
"2025-06-20 15:15";100;"A";4212.6;"A";4215.2;"A";7.34;"A";3.26;"A";2.05;"A";31.99;"A";23.34;"A";34;"A";25.02;"A";28.47;"A";1006;"A";29;"A";0;"A";5;"A";143;"A";1;"A";113.33;"A"
"2025-06-20 15:30";100;"A";4212.6;"A";4215.13;"A";6.07;"A";2.9;"A";1.79;"A";31.93;"A";23.6;"A";33;"A";25;"A";28.76;"A";1006.02;"A";28;"A";0;"A";5;"A";165;"A";2;"A";350;"A"
"2025-06-20 15:45";100;"A";4212.6;"A";4214.93;"A";6.04;"A";3.09;"A";2.14;"A";31.8;"A";23.53;"A";34;"A";24.6;"A";28.89;"A";1006.14;"A";29;"A";0;"A";5;"A";125;"A";1;"A";3.33;"A"
"2025-06-20 16:00";100;"A";4211.07;"A";4213.27;"A";6.92;"A";3.32;"A";2;"A";31.57;"A";23.82;"A";33;"A";24.55;"A";28.68;"A";1006.12;"A";28;"A";0;"A";5;"A";138;"A";1;"A";0;"A"
"2025-06-20 16:15";99.83;"A";4184.2;"A";4183.27;"A";6.75;"A";3.69;"A";2.51;"A";31.42;"A";24.08;"A";34;"A";24.41;"A";29.28;"A";1006.15;"A";28;"A";0;"A";6;"A";148;"A";1.33;"A";116.67;"A"
"2025-06-20 16:30";99.74;"A";4209.13;"A";4213.13;"A";7.68;"A";3.48;"A";2.37;"A";31.23;"A";23.95;"A";34;"A";24.16;"A";29.29;"A";1006.2;"A";28;"A";0;"A";5;"A";131;"A";1.33;"A";3.33;"A"
"2025-06-20 16:45";99.84;"A";4210.53;"A";4213.93;"A";8.67;"A";3.79;"A";2.36;"A";31;"A";24.25;"A";34;"A";23.99;"A";29.49;"A";1006.17;"A";29;"A";0;"A";5;"A";129;"A";1;"A";0;"A"
"2025-06-20 17:00";99.9;"A";4211.2;"A";4214.4;"A";6.86;"A";3.72;"A";2.53;"A";30.79;"A";24.42;"A";34;"A";23.74;"A";29.69;"A";1006.19;"A";29;"A";0;"A";5;"A";161;"A";1.33;"A";116.67;"A"
"2025-06-20 17:15";99.94;"A";4211.67;"A";4214.47;"A";6.91;"A";3.77;"A";2.5;"A";30.59;"A";24.63;"A";36;"A";23.61;"A";29.76;"A";1006.32;"A";29;"A";0;"A";6;"A";198;"A";1.67;"A";116.67;"A"
"2025-06-20 17:30";99.96;"A";4211.8;"A";4215;"A";9.21;"A";4.35;"A";2.74;"A";30.42;"A";24.96;"A";35;"A";23.69;"A";29.67;"A";1006.29;"A";29;"A";0;"A";6;"A";151;"A";1.33;"A";0;"A"
"2025-06-20 17:45";99.98;"A";4212.47;"A";4215.67;"A";7.54;"A";3.71;"A";2.39;"A";30.33;"A";24.84;"A";35;"A";23.45;"A";29.78;"A";1006.7;"A";29;"A";0;"A";6;"A";152;"A";1;"A";6.67;"A"
"2025-06-20 18:00";99.99;"A";4212.73;"A";4215.2;"A";7.39;"A";3.56;"A";2.28;"A";30.19;"A";24.93;"A";36;"A";23.24;"A";30.34;"A";1006.75;"A";29;"A";0;"A";6;"A";160;"A";1.33;"A";0;"A"
"2025-06-20 18:15";100;"A";4212.6;"A";4215;"A";8.29;"A";3.74;"A";2.33;"A";30.01;"A";25.32;"A";35;"A";23.08;"A";30.36;"A";1006.9;"A";29;"A";0;"A";5;"A";154;"A";2;"A";116.67;"A"
"2025-06-20 18:30";100;"A";4212.73;"A";4214.67;"A";6.8;"A";3.16;"A";2.27;"A";29.84;"A";25.25;"A";36;"A";22.92;"A";30.7;"A";1007.06;"A";30;"A";0;"A";6;"A";148;"A";2;"A";233.33;"A"
"2025-06-20 18:45";100;"A";4212.6;"A";4215;"A";7.14;"A";4.17;"A";2.75;"A";29.66;"A";25.42;"A";36;"A";22.69;"A";30.69;"A";1007.13;"A";30;"A";0;"A";6;"A";137;"A";1.33;"A";113.33;"A"
"2025-06-20 19:00";100;"A";4212.67;"A";4215.13;"A";8.53;"A";4.03;"A";2.53;"A";29.45;"A";26.09;"A";35;"A";22.56;"A";31.88;"A";1007.28;"A";29;"A";0;"A";6;"A";163;"A";1.33;"A";0;"A"
"2025-06-20 19:15";100;"A";4212.87;"A";4215.47;"A";6.08;"A";3.48;"A";2.46;"A";29.26;"A";26.68;"A";33;"A";22.41;"A";32.41;"A";1007.31;"A";27;"A";0;"A";6;"A";192;"A";1;"A";6.67;"A"
"2025-06-20 19:30";100;"A";4212.87;"A";4215.27;"A";6.16;"A";3.15;"A";2.19;"A";29.1;"A";27.17;"A";34;"A";22.26;"A";33.25;"A";1007.38;"A";27;"A";0;"A";6;"A";156;"A";1;"A";350;"A"
"2025-06-20 19:45";100;"A";4212.8;"A";4215.2;"A";4.99;"A";2.83;"A";2.02;"A";28.92;"A";27.69;"A";32;"A";22.07;"A";33.77;"A";1007.54;"A";27;"A";0;"A";5;"A";156;"A";0;"A";116.67;"A"
"2025-06-20 20:00";100;"A";4212.67;"A";4215;"A";5.11;"A";3.02;"A";1.98;"A";28.75;"A";28.32;"A";32;"A";21.88;"A";34.82;"A";1007.67;"A";26;"A";0;"A";6;"A";161;"A";0.33;"A";116.67;"A"
"2025-06-20 20:15";100;"A";4212.6;"A";4215.07;"A";6.03;"A";3.57;"A";2.6;"A";28.55;"A";29.08;"A";31;"A";21.65;"A";35.81;"A";1007.63;"A";25;"A";0;"A";6;"A";179;"A";0;"A";240;"A"
"2025-06-20 20:30";100;"A";4212.6;"A";4214.87;"A";7.1;"A";4.11;"A";2.82;"A";28.33;"A";29.72;"A";30;"A";21.35;"A";36.86;"A";1007.74;"A";25;"A";0;"A";6;"A";177;"A";0.33;"A";330;"A"
"2025-06-20 20:45";100;"A";4212.67;"A";4214.87;"A";5.85;"A";3.64;"A";2.58;"A";28.06;"A";30.43;"A";30;"A";20.91;"A";37.82;"A";1007.82;"A";25;"A";0;"A";5;"A";152;"A";0.67;"A";330;"A"
"2025-06-20 21:00";99.88;"A";4186.13;"A";4184.87;"A";6.75;"A";3.54;"A";2.3;"A";27.7;"A";31.19;"A";30;"A";20.56;"A";38.77;"A";1007.86;"A";25;"A";0;"A";5;"A";155;"A";0;"A";316.67;"A"
"2025-06-20 21:15";99.76;"A";4209.8;"A";4212.87;"A";6.99;"A";4.56;"A";3.03;"A";27.33;"A";32.09;"A";29;"A";20.19;"A";39.86;"A";1007.9;"A";23;"A";0;"A";6;"A";175;"A";0;"A";313.33;"A"
"2025-06-20 21:30";99.85;"A";4210.73;"A";4214;"A";8.77;"A";5.39;"A";3.67;"A";26.94;"A";33.07;"A";28;"A";19.76;"A";41.44;"A";1007.97;"A";21;"A";0;"A";7;"A";175;"A";0;"A";260;"A"
"2025-06-20 21:45";99.91;"A";4211.67;"A";4214.27;"A";8.95;"A";5.38;"A";3.66;"A";26.56;"A";34.45;"A";28;"A";19.3;"A";44.52;"A";1008.1;"A";17;"A";0;"A";11;"A";215;"A";0.33;"A";326.67;"A"
"2025-06-20 22:00";99.94;"A";4211.73;"A";4214.73;"A";11.91;"A";7.57;"A";5.35;"A";26.15;"A";37.13;"A";24;"A";18.95;"A";47.04;"A";1008.3;"A";15;"A";1;"A";9;"A";270;"A";0;"A";253.33;"A"
"2025-06-20 22:15";99.97;"A";4212.27;"A";4214.67;"A";13.68;"A";9.34;"A";6.23;"A";25.77;"A";37.95;"A";24;"A";18.83;"A";47.2;"A";1008.44;"A";17;"A";1;"A";6;"A";243;"A";0;"A";286.67;"A"
"2025-06-20 22:30";99.98;"A";4212.87;"A";4215.07;"A";17.54;"A";12.75;"A";8.53;"A";25.52;"A";38.05;"A";25;"A";18.71;"A";47.22;"A";1008.47;"A";18;"A";0;"A";7;"A";240;"A";0;"A";206.67;"A"
"2025-06-20 22:45";99.99;"A";4212.73;"A";4215.2;"A";16.46;"A";11.24;"A";7.89;"A";25.34;"A";38.68;"A";25;"A";18.52;"A";47.83;"A";1008.52;"A";19;"A";0;"A";6;"A";206;"A";0;"A";326.67;"A"
"2025-06-20 23:00";100;"A";4212.67;"A";4215.07;"A";8.89;"A";5.87;"A";4.25;"A";25.2;"A";38.01;"A";26;"A";18.46;"A";46.14;"A";1008.56;"A";20;"A";0;"A";6;"A";165;"A";0.67;"A";326.67;"A"
"2025-06-20 23:15";100;"A";4212.73;"A";4215.2;"A";6.26;"A";4.09;"A";2.78;"A";25.03;"A";37.46;"A";26;"A";18.12;"A";46.27;"A";1008.55;"A";21;"A";0;"A";5;"A";137;"A";0;"A";330;"A"
"2025-06-20 23:30";99.93;"A";4201.73;"A";4202.33;"A";7.23;"A";4.2;"A";2.68;"A";24.78;"A";38.18;"A";27;"A";17.62;"A";48.58;"A";1008.3;"A";20;"A";0;"A";6;"A";135;"A";0.67;"A";330;"A"
"2025-06-20 23:45";99.91;"A";4211.8;"A";4214.13;"A";8;"A";4.89;"A";3.36;"A";24.35;"A";39.37;"A";23;"A";17.36;"A";49.8;"A";1008.53;"A";18;"A";1;"A";5;"A";138;"A";0;"A";190;"A"
"2025-06-21 00:00";99.95;"A";4212;"A";4214.8;"A";8.17;"A";5.3;"A";3.43;"A";24.02;"A";40.49;"A";23;"A";17.16;"A";51.35;"A";1008.57;"A";17;"A";1;"A";6;"A";140;"A";0;"A";133.33;"A"
"2025-06-21 00:15";99.97;"A";4212.8;"A";4214.93;"A";9.05;"A";5.29;"A";3.6;"A";23.86;"A";42.3;"A";21;"A";17.34;"A";51.73;"A";1008.92;"A";16;"A";1;"A";5;"A";157;"A";0.33;"A";246.67;"A"
"2025-06-21 00:30";99.98;"A";4212.6;"A";4214.73;"A";6.7;"A";4.42;"A";2.86;"A";23.85;"A";42.8;"A";23;"A";17.41;"A";52.76;"A";1008.71;"A";19;"A";0;"A";5;"A";138;"A";0;"A";270;"A"
"2025-06-21 00:45";99.99;"A";4212.73;"A";4214.8;"A";5.86;"A";4;"A";2.65;"A";23.87;"A";43.89;"A";23;"A";17.33;"A";54.35;"A";1008.59;"A";18;"A";0;"A";5;"A";135;"A";0;"A";280;"A"
"2025-06-21 01:00";100;"A";4212.8;"A";4214.4;"A";6.46;"A";3.87;"A";2.75;"A";23.85;"A";43.82;"A";23;"A";17.05;"A";54.34;"A";1008.49;"A";19;"A";0;"A";4;"A";131;"A";0.67;"A";323.33;"A"
"2025-06-21 01:15";100;"A";4212.73;"A";4215;"A";6.64;"A";3.67;"A";2.56;"A";23.69;"A";44.03;"A";23;"A";16.84;"A";55.33;"A";1008.37;"A";18;"A";1;"A";5;"A";130;"A";0.33;"A";310;"A"
"2025-06-21 01:30";99.89;"A";4189.73;"A";4188.8;"A";5.9;"A";3.8;"A";2.51;"A";23.46;"A";45.39;"A";22;"A";16.47;"A";57.7;"A";1008.46;"A";18;"A";1;"A";5;"A";135;"A";0.67;"A";320;"A"
"2025-06-21 01:45";99.81;"A";4210.73;"A";4213.8;"A";6.68;"A";4.1;"A";2.72;"A";23.16;"A";45.9;"A";20;"A";16.13;"A";57.36;"A";1008.45;"A";16;"A";1;"A";4;"A";135;"A";0.33;"A";316.67;"A"
"2025-06-21 02:00";99.88;"A";4211.4;"A";4214.07;"A";6.64;"A";4.26;"A";2.64;"A";22.82;"A";45.27;"A";21;"A";15.8;"A";57.16;"A";1008.36;"A";15;"A";1;"A";6;"A";134;"A";1;"A";316.67;"A"
"2025-06-21 02:15";99.93;"A";4211.87;"A";4214.4;"A";6.07;"A";3.88;"A";2.67;"A";22.43;"A";45.65;"A";21;"A";15.45;"A";57.64;"A";1008.49;"A";16;"A";1;"A";5;"A";131;"A";0.67;"A";326.67;"A"
"2025-06-21 02:30";99.96;"A";4212.53;"A";4214.73;"A";5.91;"A";3.72;"A";2.55;"A";22.03;"A";45.64;"A";20;"A";15.23;"A";57.51;"A";1008.42;"A";14;"A";1;"A";6;"A";127;"A";0;"A";320;"A"
"2025-06-21 02:45";99.98;"A";4212.67;"A";4214.47;"A";5.95;"A";3.78;"A";2.56;"A";21.76;"A";46.1;"A";21;"A";15.05;"A";57.93;"A";1008.31;"A";15;"A";1;"A";5;"A";123;"A";0;"A";326.67;"A"
"2025-06-21 03:00";99.99;"A";4212.6;"A";4214.33;"A";7.35;"A";4.12;"A";2.72;"A";21.58;"A";46.38;"A";21;"A";14.96;"A";58.13;"A";1008.33;"A";17;"A";1;"A";5;"A";125;"A";0.67;"A";330;"A"
"2025-06-21 03:15";100;"A";4212.8;"A";4214.8;"A";5.58;"A";3.74;"A";2.47;"A";21.42;"A";46.84;"A";22;"A";14.86;"A";58.81;"A";1008.18;"A";17;"A";0;"A";4;"A";119;"A";0.33;"A";223.33;"A"
"2025-06-21 03:30";99.93;"A";4192.47;"A";4191.6;"A";4.78;"A";3.12;"A";2.3;"A";21.27;"A";47.04;"A";21;"A";14.79;"A";58.53;"A";1008.05;"A";17;"A";1;"A";4;"A";114;"A";0.67;"A";333.33;"A"
"2025-06-21 03:45";99.76;"A";4203.6;"A";4204.87;"A";7.18;"A";4.83;"A";3.35;"A";21.21;"A";46.86;"A";22;"A";14.89;"A";57.54;"A";1008.01;"A";18;"A";0;"A";4;"A";116;"A";0;"A";340;"A"
"2025-06-21 04:00";99.85;"A";4210.93;"A";4213.33;"A";4.67;"A";3.18;"A";2.21;"A";21.17;"A";46.68;"A";22;"A";14.63;"A";58.31;"A";1007.94;"A";18;"A";0;"A";5;"A";112;"A";0;"A";326.67;"A"
"2025-06-21 04:15";99.91;"A";4211.73;"A";4214.13;"A";6.11;"A";3.57;"A";2.22;"A";21.05;"A";47.19;"A";22;"A";14.37;"A";59.72;"A";1007.97;"A";17;"A";0;"A";5;"A";114;"A";1;"A";326.67;"A"
"2025-06-21 04:30";99.95;"A";4212.2;"A";4214.33;"A";5.17;"A";3.2;"A";2.33;"A";20.87;"A";48.21;"A";21;"A";14.28;"A";61.27;"A";1008.01;"A";17;"A";1;"A";5;"A";117;"A";0;"A";326.67;"A"
"2025-06-21 04:45";99.97;"A";4212.8;"A";4214.73;"A";6.46;"A";3.33;"A";2.28;"A";20.72;"A";49.88;"A";22;"A";14.59;"A";61.55;"A";1007.98;"A";18;"A";1;"A";4;"A";123;"A";1;"A";323.33;"A"
"2025-06-21 05:00";99.99;"A";4212.87;"A";4214.93;"A";5.76;"A";3.54;"A";2.13;"A";20.77;"A";49.81;"A";22;"A";14.51;"A";61.07;"A";1008;"A";19;"A";0;"A";4;"A";112;"A";0.67;"A";330;"A"
"2025-06-21 05:15";99.99;"A";4212.67;"A";4214.67;"A";5.03;"A";3.28;"A";2.24;"A";20.73;"A";49.24;"A";22;"A";14.23;"A";61.85;"A";1008.04;"A";16;"A";1;"A";5;"A";112;"A";0.33;"A";323.33;"A"
"2025-06-21 05:30";100;"A";4212.73;"A";4214.8;"A";6.37;"A";3.97;"A";2.44;"A";20.61;"A";50.04;"A";21;"A";14.19;"A";63.11;"A";1008.02;"A";16;"A";1;"A";5;"A";121;"A";0.67;"A";323.33;"A"
"2025-06-21 05:45";100;"A";4212.73;"A";4214.47;"A";6.65;"A";3.48;"A";2.43;"A";20.56;"A";51.14;"A";21;"A";14.28;"A";63.71;"A";1008.01;"A";16;"A";0;"A";5;"A";121;"A";1;"A";330;"A"
"2025-06-21 06:00";100;"A";4212.73;"A";4214.33;"A";7.1;"A";4.22;"A";3.1;"A";20.71;"A";51.48;"A";21;"A";15.32;"A";60.85;"A";1008.15;"A";17;"A";0;"A";4;"A";132;"A";0.67;"A";330;"A"
"2025-06-21 06:15";100;"A";4212.87;"A";4215.4;"A";8.62;"A";5.7;"A";4.02;"A";21.62;"A";49.82;"A";22;"A";16.95;"A";55.92;"A";1008.12;"A";19;"A";0;"A";3;"A";135;"A";0.33;"A";236.67;"A"
"2025-06-21 06:30";100;"A";4212.87;"A";4215.33;"A";7.48;"A";5.54;"A";3.64;"A";23.1;"A";46.5;"A";27;"A";17.33;"A";54.38;"A";1008.14;"A";20;"A";0;"A";6;"A";121;"A";1;"A";336.67;"A"
"2025-06-21 06:45";100;"A";4212.73;"A";4214.87;"A";4.32;"A";3.1;"A";2.19;"A";23.89;"A";44.89;"A";25;"A";18.14;"A";53.06;"A";1008.29;"A";19;"A";0;"A";6;"A";123;"A";1.33;"A";340;"A"
"2025-06-21 07:00";99.96;"A";4198.47;"A";4198.73;"A";4.5;"A";2.52;"A";1.75;"A";24.92;"A";43.12;"A";24;"A";19.2;"A";50.54;"A";1008.26;"A";19;"A";0;"A";4;"A";116;"A";1.67;"A";346.67;"A"
"2025-06-21 07:15";99.74;"A";4194.67;"A";4196;"A";5.01;"A";2.88;"A";2.21;"A";25.8;"A";41.13;"A";27;"A";19.06;"A";50.79;"A";1008.37;"A";21;"A";0;"A";6;"A";119;"A";1;"A";233.33;"A"
"2025-06-21 07:30";99.8;"A";4210.33;"A";4213.6;"A";4.12;"A";2.3;"A";1.59;"A";25.93;"A";40.88;"A";26;"A";18.55;"A";52.02;"A";1008.52;"A";20;"A";1;"A";6;"A";114;"A";0.67;"A";236.67;"A"
"2025-06-21 07:45";99.87;"A";4211.33;"A";4214.13;"A";3.59;"A";2.41;"A";1.85;"A";25.58;"A";41.53;"A";25;"A";18.29;"A";53.2;"A";1008.67;"A";20;"A";1;"A";5;"A";116;"A";1;"A";346.67;"A"
"2025-06-21 08:00";99.92;"A";4211.87;"A";4214.93;"A";5.27;"A";3.26;"A";2.03;"A";25.27;"A";42.66;"A";24;"A";18.41;"A";53.62;"A";1008.69;"A";19;"A";1;"A";5;"A";125;"A";0.67;"A";226.67;"A"
"2025-06-21 08:15";99.95;"A";4211.8;"A";4214.6;"A";3.36;"A";2.42;"A";1.66;"A";25.31;"A";43.39;"A";23;"A";19.07;"A";52.45;"A";1008.8;"A";19;"A";0;"A";4;"A";119;"A";0.67;"A";343.33;"A"
"2025-06-21 08:30";99.96;"A";4212.4;"A";4214.87;"A";3.19;"A";2.24;"A";1.52;"A";25.76;"A";42.71;"A";25;"A";19.05;"A";53.04;"A";1008.91;"A";20;"A";0;"A";5;"A";110;"A";1.33;"A";350;"A"
"2025-06-21 08:45";99.98;"A";4212.6;"A";4214.6;"A";4.96;"A";2.73;"A";1.95;"A";25.84;"A";43.71;"A";27;"A";19;"A";55.33;"A";1009.09;"A";20;"A";1;"A";7;"A";133;"A";1;"A";233.33;"A"
"2025-06-21 09:00";99.98;"A";4212.6;"A";4215.4;"A";3.68;"A";2.18;"A";1.38;"A";25.97;"A";43.91;"A";22;"A";19.65;"A";53.24;"A";1009.09;"A";19;"A";0;"A";3;"A";111;"A";1.67;"A";350;"A"
"2025-06-21 09:15";99.99;"A";4212.8;"A";4215.13;"A";3.67;"A";2.02;"A";1.42;"A";26.48;"A";43.23;"A";23;"A";20.59;"A";51.28;"A";1009.05;"A";18;"A";0;"A";4;"A";117;"A";1;"A";233.33;"A"
"2025-06-21 09:30";99.98;"A";4207.87;"A";4209.87;"A";3.24;"A";2.23;"A";1.58;"A";27.28;"A";41.64;"A";25;"A";20.74;"A";51.08;"A";1009.12;"A";19;"A";0;"A";6;"A";108;"A";0.67;"A";346.67;"A"
"2025-06-21 09:45";99.87;"A";4205.33;"A";4207.73;"A";6.64;"A";4.65;"A";3.46;"A";27.67;"A";40.73;"A";25;"A";21;"A";49.75;"A";1009.3;"A";19;"A";1;"A";6;"A";152;"A";1;"A";343.33;"A"
"2025-06-21 10:00";99.91;"A";4211.47;"A";4214.47;"A";3.79;"A";2.84;"A";2.08;"A";28.11;"A";39.23;"A";24;"A";21.67;"A";47.17;"A";1009.26;"A";19;"A";0;"A";5;"A";134;"A";1;"A";350;"A"
"2025-06-21 10:15";99.94;"A";4211.6;"A";4214.8;"A";4.48;"A";2.76;"A";1.98;"A";28.54;"A";38.01;"A";27;"A";21.3;"A";47.91;"A";1009.37;"A";19;"A";0;"A";8;"A";147;"A";1;"A";120;"A"
"2025-06-21 10:30";99.96;"A";4211.93;"A";4214.6;"A";3.3;"A";2.45;"A";1.8;"A";28.34;"A";38.53;"A";25;"A";20.68;"A";49.83;"A";1009.31;"A";19;"A";2;"A";6;"A";163;"A";0.67;"A";233.33;"A"
"2025-06-21 10:45";99.98;"A";4212.6;"A";4214.93;"A";4.25;"A";2.64;"A";2.03;"A";27.87;"A";39.51;"A";25;"A";20.68;"A";50;"A";1009.32;"A";19;"A";1;"A";6;"A";159;"A";1.33;"A";350;"A"
"2025-06-21 11:00";99.98;"A";4213;"A";4215.67;"A";4.29;"A";3.37;"A";2.59;"A";27.74;"A";39.5;"A";23;"A";21.13;"A";48.23;"A";1009.4;"A";19;"A";0;"A";4;"A";133;"A";1;"A";233.33;"A"
"2025-06-21 11:15";99.99;"A";4212.67;"A";4214.8;"A";4.97;"A";3.03;"A";1.97;"A";27.87;"A";41.12;"A";25;"A";20.99;"A";52.2;"A";1009.46;"A";19;"A";1;"A";6;"A";146;"A";0.67;"A";233.33;"A"
"2025-06-21 11:30";99.99;"A";4212.67;"A";4214.8;"A";4.26;"A";2.83;"A";1.98;"A";27.88;"A";40.03;"A";23;"A";21.27;"A";48.13;"A";1009.68;"A";18;"A";0;"A";5;"A";132;"A";0.67;"A";233.33;"A"
"2025-06-21 11:45";99.99;"A";4212.6;"A";4215.33;"A";8.83;"A";7.53;"A";6.19;"A";28.06;"A";39.32;"A";25;"A";21.46;"A";48.2;"A";1009.67;"A";19;"A";1;"A";5;"A";286;"A";0.67;"A";120;"A"
"2025-06-21 12:00";100;"A";4212.6;"A";4215.07;"A";4.94;"A";3.63;"A";2.84;"A";28.21;"A";39.22;"A";25;"A";21.57;"A";47.7;"A";1009.65;"A";19;"A";1;"A";6;"A";256;"A";1;"A";120;"A"
"2025-06-21 12:15";100;"A";4212.67;"A";4214.93;"A";5.98;"A";4.34;"A";3.11;"A";28.39;"A";38.8;"A";24;"A";21.64;"A";46.53;"A";1009.65;"A";19;"A";0;"A";5;"A";156;"A";1.33;"A";346.67;"A"
"2025-06-21 12:30";100;"A";4213;"A";4215.93;"A";5.11;"A";3.45;"A";2.45;"A";28.4;"A";35.83;"A";29;"A";21.52;"A";43.75;"A";1009.71;"A";21;"A";0;"A";7;"A";160;"A";1.33;"A";233.33;"A"
"2025-06-21 12:45";100;"A";4212.6;"A";4214.87;"A";3.98;"A";2.8;"A";2.12;"A";28.4;"A";36.35;"A";28;"A";22.29;"A";43.37;"A";1009.54;"A";22;"A";0;"A";5;"A";127;"A";0.67;"A";346.67;"A"
"2025-06-21 13:00";100;"A";4212.6;"A";4215.07;"A";4.77;"A";3.63;"A";2.66;"A";28.89;"A";36.88;"A";26;"A";22.62;"A";44.3;"A";1009.74;"A";21;"A";0;"A";5;"A";155;"A";0.67;"A";233.33;"A"
"2025-06-21 13:15";100;"A";4212.6;"A";4215.2;"A";4.07;"A";3.04;"A";2.33;"A";29.3;"A";36.23;"A";27;"A";22.97;"A";43.41;"A";1009.68;"A";21;"A";0;"A";6;"A";134;"A";1;"A";230;"A"
"2025-06-21 13:30";100;"A";4212.6;"A";4215.07;"A";4.33;"A";3.05;"A";2.29;"A";29.74;"A";35.54;"A";26;"A";23.67;"A";41.87;"A";1009.6;"A";22;"A";0;"A";5;"A";147;"A";1;"A";350;"A"
"2025-06-21 13:45";99.99;"A";4212.6;"A";4215.07;"A";4.82;"A";3.55;"A";2.74;"A";30.21;"A";34.49;"A";30;"A";23.61;"A";41.51;"A";1009.64;"A";23;"A";0;"A";7;"A";165;"A";1.33;"A";350;"A"
"2025-06-21 14:00";99.95;"A";4198.6;"A";4199.2;"A";4.76;"A";3;"A";2.38;"A";30.35;"A";34.22;"A";30;"A";23.7;"A";41.6;"A";1009.62;"A";23;"A";0;"A";7;"A";149;"A";1.33;"A";116.67;"A"
"2025-06-21 14:15";99.8;"A";4205.93;"A";4208.53;"A";4.66;"A";3.15;"A";2.38;"A";30.49;"A";32.94;"A";29;"A";24.39;"A";38.76;"A";1009.52;"A";25;"A";0;"A";5;"A";157;"A";1.33;"A";350;"A"
"2025-06-21 14:30";99.87;"A";4210.67;"A";4214.07;"A";4.92;"A";3.05;"A";2.31;"A";30.94;"A";33.11;"A";30;"A";24.74;"A";38.93;"A";1009.47;"A";25;"A";0;"A";6;"A";169;"A";1;"A";0;"A"
"2025-06-21 14:45";99.92;"A";4211.6;"A";4215;"A";4.53;"A";3.01;"A";2.08;"A";31.34;"A";31.63;"A";31;"A";24.63;"A";38.58;"A";1009.46;"A";25;"A";0;"A";7;"A";136;"A";1.33;"A";350;"A"
"2025-06-21 15:00";99.95;"A";4211.73;"A";4215.07;"A";6.43;"A";4.17;"A";3.03;"A";31.41;"A";32.67;"A";30;"A";24.32;"A";41.16;"A";1009.7;"A";24;"A";1;"A";6;"A";155;"A";1;"A";116.67;"A"
"2025-06-21 15:15";99.96;"A";4211.87;"A";4215.13;"A";4.67;"A";3.41;"A";2.53;"A";31.26;"A";33.27;"A";28;"A";24.09;"A";41.02;"A";1009.83;"A";23;"A";0;"A";5;"A";145;"A";2;"A";350;"A"
"2025-06-21 15:30";99.98;"A";4212.33;"A";4215.8;"A";5.07;"A";3.74;"A";2.84;"A";31.07;"A";32.53;"A";29;"A";23.96;"A";40.33;"A";1009.88;"A";23;"A";0;"A";6;"A";155;"A";1;"A";116.67;"A"
"2025-06-21 15:45";99.98;"A";4212.4;"A";4214.8;"A";4.12;"A";2.97;"A";2.35;"A";30.96;"A";33.61;"A";30;"A";24.01;"A";41.94;"A";1009.76;"A";24;"A";1;"A";6;"A";178;"A";1.33;"A";233.33;"A"
"2025-06-21 16:00";99.99;"A";4212.4;"A";4215.2;"A";4;"A";2.86;"A";2.16;"A";30.95;"A";34.18;"A";29;"A";24.32;"A";41.63;"A";1009.64;"A";24;"A";0;"A";5;"A";154;"A";1.33;"A";350;"A"
"2025-06-21 16:15";99.99;"A";4212.53;"A";4215.13;"A";5.13;"A";3.78;"A";2.74;"A";31.06;"A";34.54;"A";29;"A";24.4;"A";41.26;"A";1009.66;"A";24;"A";0;"A";5;"A";169;"A";1;"A";350;"A"
"2025-06-21 16:30";99.99;"A";4212.6;"A";4215.13;"A";4.04;"A";2.93;"A";2;"A";31.19;"A";32.77;"A";29;"A";24.6;"A";38.92;"A";1009.7;"A";24;"A";0;"A";5;"A";219;"A";1;"A";350;"A"
"2025-06-21 16:45";100;"A";4212.6;"A";4215.13;"A";3.41;"A";1.88;"A";1.35;"A";31.33;"A";32.48;"A";31;"A";24.51;"A";40.65;"A";1009.63;"A";24;"A";0;"A";7;"A";202;"A";1.33;"A";233.33;"A"
"2025-06-21 17:00";100;"A";4213;"A";4215.8;"A";4.25;"A";2.68;"A";1.88;"A";31.32;"A";34.8;"A";28;"A";24.13;"A";45.17;"A";1009.75;"A";22;"A";1;"A";7;"A";162;"A";1.67;"A";350;"A"
"2025-06-21 17:15";100;"A";4212.6;"A";4214.87;"A";4.38;"A";2.63;"A";1.98;"A";31.07;"A";37.15;"A";24;"A";23.82;"A";46.83;"A";1009.91;"A";19;"A";1;"A";5;"A";185;"A";2;"A";350;"A"
"2025-06-21 17:30";100;"A";4212.6;"A";4215.13;"A";2.92;"A";1.97;"A";1.53;"A";30.78;"A";37.01;"A";26;"A";23.65;"A";46.65;"A";1009.94;"A";21;"A";1;"A";5;"A";155;"A";2;"A";233.33;"A"
"2025-06-21 17:45";100;"A";4212.6;"A";4214.93;"A";2.4;"A";1.79;"A";1.41;"A";30.52;"A";37.53;"A";25;"A";23.27;"A";46.68;"A";1009.96;"A";20;"A";1;"A";4;"A";171;"A";1.67;"A";233.33;"A"
"2025-06-21 18:00";100;"A";4212.53;"A";4215;"A";3.15;"A";2.3;"A";1.86;"A";30.14;"A";37.55;"A";28;"A";22.81;"A";48.47;"A";1010.09;"A";21;"A";1;"A";6;"A";169;"A";1.67;"A";233.33;"A"
"2025-06-21 18:15";100;"A";4212.6;"A";4215.47;"A";4.84;"A";3.64;"A";2.76;"A";29.73;"A";39.4;"A";25;"A";22.55;"A";50.02;"A";1010.1;"A";20;"A";1;"A";5;"A";214;"A";1.33;"A";350;"A"
"2025-06-21 18:30";100;"A";4213;"A";4215.8;"A";5.54;"A";3.95;"A";2.77;"A";29.42;"A";39.95;"A";25;"A";22.43;"A";50.14;"A";1010.23;"A";20;"A";2;"A";5;"A";276;"A";1.67;"A";350;"A"
"2025-06-21 18:45";100;"A";4212.67;"A";4215;"A";4.84;"A";3.54;"A";2.66;"A";29.24;"A";40.53;"A";24;"A";22.45;"A";50.21;"A";1010.31;"A";20;"A";1;"A";5;"A";291;"A";1;"A";116.67;"A"
"2025-06-21 19:00";100;"A";4212.6;"A";4215.07;"A";5.18;"A";3.43;"A";2.64;"A";29.13;"A";41.23;"A";25;"A";22.25;"A";52.13;"A";1010.49;"A";20;"A";1;"A";5;"A";168;"A";2;"A";350;"A"
"2025-06-21 19:15";100;"A";4212.6;"A";4214.87;"A";4.61;"A";3.3;"A";2.34;"A";29.03;"A";41.46;"A";24;"A";22.09;"A";51.49;"A";1010.7;"A";20;"A";1;"A";4;"A";163;"A";2.33;"A";350;"A"
"2025-06-21 19:30";100;"A";4212.6;"A";4215.07;"A";3.93;"A";2.8;"A";2.19;"A";28.84;"A";41.78;"A";23;"A";21.67;"A";53.27;"A";1010.71;"A";19;"A";1;"A";5;"A";168;"A";1.33;"A";350;"A"
"2025-06-21 19:45";100;"A";4212.67;"A";4214.87;"A";8.37;"A";6.82;"A";4.9;"A";28.51;"A";43.27;"A";22;"A";21.58;"A";54.77;"A";1010.9;"A";17;"A";2;"A";5;"A";179;"A";0.67;"A";233.33;"A"
"2025-06-21 20:00";100;"A";4213;"A";4215.8;"A";5.25;"A";3.56;"A";2.56;"A";28.3;"A";44.76;"A";21;"A";21.48;"A";55.94;"A";1010.93;"A";17;"A";2;"A";3;"A";148;"A";0.67;"A";350;"A"
"2025-06-21 20:15";100;"A";4212.67;"A";4215;"A";6.34;"A";3.94;"A";2.59;"A";28.12;"A";45.87;"A";23;"A";21.05;"A";58.57;"A";1011.04;"A";18;"A";1;"A";4;"A";130;"A";0.33;"A";120;"A"
"2025-06-21 20:30";100;"A";4212.6;"A";4215.2;"A";6.57;"A";4;"A";2.66;"A";27.83;"A";47.28;"A";22;"A";20.7;"A";60.09;"A";1011.19;"A";18;"A";1;"A";4;"A";132;"A";0.33;"A";340;"A"
"2025-06-21 20:45";100;"A";4212.67;"A";4214.93;"A";5.74;"A";3.79;"A";2.77;"A";27.57;"A";45.73;"A";21;"A";20.84;"A";55.22;"A";1011.28;"A";16;"A";1;"A";4;"A";133;"A";1;"A";346.67;"A"
"2025-06-21 21:00";100;"A";4212.73;"A";4215.13;"A";8.38;"A";6.23;"A";4.58;"A";27.48;"A";45.05;"A";23;"A";20.85;"A";55.88;"A";1011.36;"A";18;"A";1;"A";5;"A";137;"A";1.67;"A";346.67;"A"
"2025-06-21 21:15";100;"A";4212.67;"A";4215.33;"A";5.59;"A";3.57;"A";2.63;"A";27.43;"A";45.54;"A";23;"A";20.53;"A";59.56;"A";1011.93;"A";17;"A";1;"A";6;"A";121;"A";1.33;"A";116.67;"A"
"2025-06-21 21:30";100;"A";4213;"A";4215.87;"A";7.06;"A";4.23;"A";2.69;"A";27.1;"A";53.28;"A";22;"A";19.3;"A";72.58;"A";1012.12;"A";18;"A";4;"A";4;"A";145;"A";0.67;"A";140;"A"
"2025-06-21 21:45";100;"A";4212.8;"A";4214.8;"A";11.12;"A";8.23;"A";5.99;"A";26.36;"A";56.56;"A";19;"A";18.54;"A";75.54;"A";1012.29;"A";15;"A";4;"A";3;"A";142;"A";0.33;"A";336.67;"A"
"2025-06-21 22:00";100;"A";4212.67;"A";4214.8;"A";5.47;"A";3.89;"A";3.01;"A";25.64;"A";59.07;"A";15;"A";18.2;"A";77.92;"A";1012.17;"A";12;"A";3;"A";3;"A";130;"A";0;"A";196.67;"A"
"2025-06-21 22:15";100;"A";4212.8;"A";4214.93;"A";4.52;"A";3.34;"A";2.95;"A";25.51;"A";60.15;"A";12;"A";17.92;"A";79.37;"A";1012.14;"A";10;"A";4;"A";3;"A";125;"A";0;"A";130;"A"
"2025-06-21 22:30";100;"A";4212.67;"A";4214.8;"A";5.62;"A";4.1;"A";3.61;"A";25.5;"A";60.04;"A";12;"A";17.84;"A";79.7;"A";1012.33;"A";8;"A";4;"A";4;"A";141;"A";0;"A";190;"A"
"2025-06-21 22:45";100;"A";4212.6;"A";4214.87;"A";5.02;"A";3.69;"A";3.25;"A";25.61;"A";59.95;"A";11;"A";17.67;"A";80.72;"A";1012.36;"A";7;"A";3;"A";4;"A";156;"A";0;"A";123.33;"A"
"2025-06-21 23:00";100;"A";4213;"A";4215.87;"A";5.61;"A";4.09;"A";3.61;"A";25.46;"A";60.06;"A";10;"A";17.46;"A";81.01;"A";1012.27;"A";6;"A";5;"A";4;"A";180;"A";0;"A";140;"A"
"2025-06-21 23:15";100;"A";4212.67;"A";4214.53;"A";8.25;"A";5.91;"A";5.2;"A";25.37;"A";60.07;"A";8;"A";17.32;"A";81.72;"A";1012.26;"A";4;"A";6;"A";4;"A";164;"A";0;"A";163.33;"A"
"2025-06-21 23:30";100;"A";4212.6;"A";4214.6;"A";9.31;"A";6.69;"A";5.82;"A";25.34;"A";59.81;"A";9;"A";17.23;"A";80.51;"A";1012.42;"A";5;"A";4;"A";3;"A";140;"A";0;"A";276.67;"A"
"2025-06-21 23:45";100;"A";4212.73;"A";4214.87;"A";8.1;"A";6.09;"A";5.14;"A";24.5;"A";59.77;"A";12;"A";17.17;"A";77.33;"A";1012.61;"A";9;"A";3;"A";3;"A";125;"A";1;"A";330;"A"
"2025-06-22 00:00";100;"A";4212.73;"A";4214.6;"A";16.49;"A";11.98;"A";9.96;"A";23.99;"A";59.81;"A";14;"A";17.06;"A";76.15;"A";1012.64;"A";10;"A";2;"A";4;"A";137;"A";0;"A";333.33;"A"
"2025-06-22 00:15";100;"A";4212.73;"A";4214.8;"A";7.77;"A";6;"A";4.48;"A";23.68;"A";59.62;"A";15;"A";16.94;"A";74.92;"A";1012.75;"A";11;"A";2;"A";4;"A";123;"A";0.67;"A";340;"A"
"2025-06-22 00:30";100;"A";4213;"A";4215.6;"A";7.07;"A";5.64;"A";4.48;"A";23.51;"A";59.81;"A";15;"A";16.8;"A";75.66;"A";1012.77;"A";11;"A";3;"A";4;"A";124;"A";0.33;"A";336.67;"A"
"2025-06-22 00:45";100;"A";4212.67;"A";4215;"A";7.61;"A";5.91;"A";4.62;"A";23.5;"A";59.76;"A";14;"A";16.69;"A";76.28;"A";1012.7;"A";11;"A";3;"A";3;"A";116;"A";0.33;"A";116.67;"A"
"2025-06-22 01:00";100;"A";4212.67;"A";4214.73;"A";7.65;"A";5.47;"A";4.72;"A";23.45;"A";60.1;"A";14;"A";16.36;"A";77.68;"A";1012.61;"A";11;"A";3;"A";3;"A";109;"A";0;"A";340;"A"
"2025-06-22 01:15";100;"A";4212.73;"A";4215;"A";7.83;"A";5.62;"A";4.95;"A";23.44;"A";59.94;"A";14;"A";16.11;"A";78.27;"A";1012.63;"A";10;"A";3;"A";3;"A";105;"A";0;"A";326.67;"A"
"2025-06-22 01:30";99.92;"A";4199.13;"A";4199.87;"A";7.8;"A";5.6;"A";4.93;"A";23.18;"A";59.97;"A";13;"A";15.95;"A";77.9;"A";1012.67;"A";10;"A";3;"A";3;"A";106;"A";0;"A";323.33;"A"
"2025-06-22 01:45";99.88;"A";4211.53;"A";4213.87;"A";8.19;"A";5.86;"A";5.17;"A";23.05;"A";60.09;"A";14;"A";15.84;"A";78.52;"A";1012.66;"A";11;"A";3;"A";3;"A";108;"A";0;"A";326.67;"A"
"2025-06-22 02:00";99.93;"A";4211.93;"A";4214.67;"A";8.33;"A";5.96;"A";5.25;"A";22.98;"A";59.99;"A";13;"A";15.64;"A";78.56;"A";1012.7;"A";10;"A";3;"A";3;"A";107;"A";0;"A";243.33;"A"
"2025-06-22 02:15";99.95;"A";4212.13;"A";4214.27;"A";8.63;"A";6.17;"A";5.43;"A";22.96;"A";59.91;"A";13;"A";15.47;"A";79.08;"A";1012.72;"A";10;"A";3;"A";3;"A";107;"A";0;"A";243.33;"A"
"2025-06-22 02:30";99.97;"A";4212.67;"A";4214.33;"A";8.8;"A";6.28;"A";5.53;"A";22.87;"A";60.03;"A";14;"A";15.33;"A";79.85;"A";1012.67;"A";10;"A";2;"A";4;"A";109;"A";0;"A";313.33;"A"
"2025-06-22 02:45";99.98;"A";4212.6;"A";4214.87;"A";8.82;"A";6.29;"A";5.54;"A";22.94;"A";60.06;"A";13;"A";15.29;"A";80.03;"A";1012.56;"A";10;"A";3;"A";4;"A";114;"A";0;"A";183.33;"A"
"2025-06-22 03:00";99.99;"A";4212.73;"A";4214.6;"A";9.4;"A";6.69;"A";5.9;"A";22.87;"A";60.03;"A";13;"A";15.24;"A";80.14;"A";1012.54;"A";10;"A";3;"A";3;"A";108;"A";0;"A";103.33;"A"
"2025-06-22 03:15";99.99;"A";4212.67;"A";4214.47;"A";9.95;"A";7.07;"A";6.23;"A";22.79;"A";60.07;"A";13;"A";15.16;"A";79.95;"A";1012.45;"A";10;"A";3;"A";4;"A";110;"A";0;"A";120;"A"
"2025-06-22 03:30";100;"A";4212.93;"A";4215.33;"A";11.27;"A";7.98;"A";7.03;"A";22.77;"A";59.96;"A";13;"A";15.07;"A";80.46;"A";1012.46;"A";10;"A";3;"A";3;"A";115;"A";0;"A";210;"A"
"2025-06-22 03:45";100;"A";4212.73;"A";4214.73;"A";12.26;"A";8.65;"A";7.62;"A";22.69;"A";59.97;"A";14;"A";14.99;"A";80.4;"A";1012.44;"A";10;"A";3;"A";4;"A";114;"A";0;"A";290;"A"
"2025-06-22 04:00";100;"A";4212.8;"A";4214.6;"A";13;"A";9.16;"A";8.07;"A";22.69;"A";60.03;"A";13;"A";14.9;"A";81.17;"A";1012.29;"A";10;"A";3;"A";4;"A";117;"A";0;"A";226.67;"A"
"2025-06-22 04:15";100;"A";4212.6;"A";4214.73;"A";13.71;"A";9.65;"A";8.5;"A";22.74;"A";59.9;"A";12;"A";14.86;"A";81.25;"A";1012.28;"A";8;"A";3;"A";4;"A";123;"A";0;"A";223.33;"A"
"2025-06-22 04:30";100;"A";4212.67;"A";4214.6;"A";15.08;"A";10.59;"A";9.33;"A";22.55;"A";59.94;"A";12;"A";14.76;"A";81.15;"A";1012.29;"A";8;"A";3;"A";4;"A";120;"A";0;"A";333.33;"A"
"2025-06-22 04:45";100;"A";4212.73;"A";4214.53;"A";16.78;"A";11.75;"A";10.35;"A";22.03;"A";60.07;"A";12;"A";14.47;"A";80.3;"A";1012.39;"A";8;"A";3;"A";4;"A";128;"A";0;"A";173.33;"A"
"2025-06-22 05:00";100;"A";4212.87;"A";4215;"A";16.79;"A";11.76;"A";10.36;"A";21.83;"A";59.99;"A";12;"A";14.17;"A";81.24;"A";1012.68;"A";8;"A";4;"A";4;"A";128;"A";0;"A";266.67;"A"
"2025-06-22 05:15";100;"A";4212.8;"A";4214.4;"A";15.42;"A";10.82;"A";9.54;"A";21.76;"A";59.96;"A";12;"A";14.04;"A";81.26;"A";1012.79;"A";8;"A";3;"A";4;"A";121;"A";0;"A";250;"A"
"2025-06-22 05:30";100;"A";4212.8;"A";4214.27;"A";14.17;"A";9.96;"A";8.78;"A";21.63;"A";60.08;"A";12;"A";14.16;"A";81.09;"A";1012.79;"A";7;"A";3;"A";4;"A";117;"A";0;"A";266.67;"A"
"2025-06-22 05:45";100;"A";4212.8;"A";4214.53;"A";13.69;"A";9.63;"A";8.49;"A";21.85;"A";59.98;"A";11;"A";14.34;"A";80.73;"A";1012.63;"A";7;"A";4;"A";4;"A";125;"A";0;"A";306.67;"A"
"2025-06-22 06:00";100;"A";4212.73;"A";4214.6;"A";13.27;"A";9.35;"A";8.24;"A";21.97;"A";59.89;"A";12;"A";15.12;"A";77.69;"A";1012.39;"A";8;"A";2;"A";4;"A";127;"A";0;"A";296.67;"A"
"2025-06-22 06:15";100;"A";4212.73;"A";4215;"A";12.29;"A";9.01;"A";7.32;"A";22.19;"A";59.57;"A";11;"A";16.73;"A";71.85;"A";1012.57;"A";9;"A";0;"A";2;"A";119;"A";0;"A";263.33;"A"
"2025-06-22 06:30";100;"A";4212.87;"A";4215.47;"A";11.48;"A";8.83;"A";6.48;"A";23.37;"A";56.28;"A";14;"A";18.22;"A";65.53;"A";1012.61;"A";10;"A";0;"A";4;"A";111;"A";0;"A";226.67;"A"
"2025-06-22 06:45";100;"A";4212.73;"A";4215.33;"A";10.63;"A";8.21;"A";5.6;"A";24.98;"A";51.66;"A";16;"A";19.43;"A";60.55;"A";1012.65;"A";12;"A";0;"A";4;"A";112;"A";0.33;"A";260;"A"
"2025-06-22 07:00";99.99;"A";4212.67;"A";4214.73;"A";9.21;"A";7.08;"A";5.16;"A";26.16;"A";47.9;"A";21;"A";19.08;"A";61.19;"A";1012.67;"A";13;"A";2;"A";8;"A";117;"A";0;"A";330;"A"
"2025-06-22 07:15";99.99;"A";4212.73;"A";4215.07;"A";11.32;"A";8.57;"A";6.2;"A";26.23;"A";47.4;"A";19;"A";18.92;"A";61.66;"A";1012.76;"A";13;"A";3;"A";7;"A";127;"A";0;"A";336.67;"A"
"2025-06-22 07:30";99.99;"A";4212.67;"A";4215.13;"A";11.31;"A";8.65;"A";6;"A";26.56;"A";46.96;"A";14;"A";20.46;"A";56.86;"A";1012.74;"A";11;"A";0;"A";3;"A";140;"A";0;"A";156.67;"A"
"2025-06-22 07:45";99.99;"A";4212.6;"A";4215.07;"A";10.62;"A";8.24;"A";5.56;"A";27.67;"A";44.59;"A";21;"A";21.08;"A";54.69;"A";1012.65;"A";14;"A";0;"A";7;"A";130;"A";0.67;"A";340;"A"
"2025-06-22 08:00";99.99;"A";4212.87;"A";4215.4;"A";10.57;"A";8.21;"A";5.84;"A";28.37;"A";43.07;"A";21;"A";21.14;"A";55.08;"A";1012.52;"A";14;"A";1;"A";7;"A";130;"A";0.33;"A";333.33;"A"
"2025-06-22 08:15";99.98;"A";4212.73;"A";4215.47;"A";11.13;"A";7.98;"A";5.84;"A";28.57;"A";42.48;"A";21;"A";21.44;"A";53.83;"A";1012.65;"A";15;"A";2;"A";6;"A";139;"A";0;"A";220;"A"
"2025-06-22 08:30";99.98;"A";4212.6;"A";4215.47;"A";11.82;"A";7.98;"A";5.84;"A";28.84;"A";41.96;"A";22;"A";22.29;"A";51.71;"A";1012.58;"A";16;"A";1;"A";6;"A";139;"A";0.67;"A";340;"A"
"2025-06-22 08:45";99.98;"A";4212.53;"A";4215.4;"A";9.18;"A";6.75;"A";4.85;"A";29.76;"A";39.96;"A";22;"A";23.92;"A";46.26;"A";1012.67;"A";18;"A";0;"A";5;"A";119;"A";0.67;"A";340;"A"
"2025-06-22 09:00";99.98;"A";4212.47;"A";4215.2;"A";8.65;"A";6.23;"A";4.47;"A";31.36;"A";36.31;"A";26;"A";25.32;"A";42.71;"A";1012.44;"A";20;"A";0;"A";6;"A";114;"A";0.67;"A";340;"A"
"2025-06-22 09:15";99.98;"A";4212.47;"A";4215.13;"A";7.73;"A";5.83;"A";4.15;"A";32.92;"A";33.37;"A";30;"A";26.66;"A";40.02;"A";1012.38;"A";22;"A";0;"A";8;"A";121;"A";1;"A";343.33;"A"
"2025-06-22 09:30";99.97;"A";4212.6;"A";4215.67;"A";8.51;"A";5.51;"A";3.95;"A";34.12;"A";30.75;"A";32;"A";27.35;"A";37.49;"A";1012.19;"A";23;"A";0;"A";9;"A";130;"A";0;"A";343.33;"A"
"2025-06-22 09:45";99.97;"A";4211.93;"A";4215.13;"A";7.19;"A";5;"A";3.64;"A";35.09;"A";27.74;"A";34;"A";27.93;"A";33.18;"A";1012.1;"A";25;"A";0;"A";8;"A";147;"A";0;"A";140;"A"
"2025-06-22 10:00";99.97;"A";4212;"A";4215;"A";9.49;"A";7.16;"A";5.31;"A";35.9;"A";25.19;"A";36;"A";28.63;"A";31.86;"A";1012.05;"A";26;"A";0;"A";10;"A";152;"A";1;"A";343.33;"A"
"2025-06-22 10:15";99.97;"A";4211.73;"A";4215;"A";7.01;"A";5.26;"A";3.84;"A";36.42;"A";24.06;"A";37;"A";28.76;"A";29.45;"A";1011.92;"A";28;"A";0;"A";9;"A";152;"A";0.67;"A";350;"A"
"2025-06-22 10:30";99.96;"A";4211.67;"A";4214.8;"A";5.47;"A";4.35;"A";3.1;"A";36.77;"A";21.43;"A";39;"A";28.65;"A";26.82;"A";1011.81;"A";30;"A";0;"A";9;"A";140;"A";1.67;"A";233.33;"A"
"2025-06-22 10:45";99.96;"A";4211.73;"A";4214.8;"A";5.94;"A";4.15;"A";3.03;"A";36.72;"A";21.31;"A";41;"A";28.36;"A";28.5;"A";1011.61;"A";32;"A";0;"A";9;"A";126;"A";0.67;"A";346.67;"A"
"2025-06-22 11:00";99.96;"A";4211.73;"A";4214.6;"A";5.81;"A";4.12;"A";3.01;"A";36.34;"A";21.38;"A";39;"A";28.22;"A";28.07;"A";1011.56;"A";31;"A";1;"A";8;"A";178;"A";1.33;"A";270;"A"
"2025-06-22 11:15";99.96;"A";4212.2;"A";4215.6;"A";6.83;"A";4.75;"A";3.52;"A";36.02;"A";21.68;"A";39;"A";28.57;"A";27.6;"A";1011.54;"A";31;"A";0;"A";8;"A";164;"A";1.33;"A";226.67;"A"
"2025-06-22 11:30";99.96;"A";4211.8;"A";4215.33;"A";6.42;"A";4.2;"A";3.25;"A";35.9;"A";22.45;"A";38;"A";28.28;"A";28.95;"A";1011.41;"A";30;"A";0;"A";8;"A";220;"A";0.67;"A";123.33;"A"
"2025-06-22 11:45";99.97;"A";4211.8;"A";4215.2;"A";6.94;"A";5.29;"A";3.87;"A";35.68;"A";22.66;"A";37;"A";27.99;"A";28.39;"A";1011.25;"A";30;"A";0;"A";7;"A";167;"A";1;"A";346.67;"A"
"2025-06-22 12:00";99.97;"A";4211.67;"A";4215.27;"A";8.29;"A";5.63;"A";4.14;"A";35.55;"A";23.45;"A";36;"A";28.55;"A";29.34;"A";1011.17;"A";29;"A";1;"A";7;"A";337;"A";0.67;"A";120;"A"
"2025-06-22 12:15";99.97;"A";4211.93;"A";4215.07;"A";5.32;"A";4.38;"A";3.37;"A";35.72;"A";23.37;"A";36;"A";28.73;"A";28.75;"A";1010.94;"A";30;"A";0;"A";7;"A";188;"A";0;"A";173.33;"A"
"2025-06-22 12:30";99.97;"A";4211.93;"A";4215.27;"A";6.78;"A";5.19;"A";3.87;"A";36.09;"A";22.34;"A";36;"A";29.21;"A";26.34;"A";1010.72;"A";30;"A";0;"A";6;"A";141;"A";1;"A";113.33;"A"
"2025-06-22 12:45";99.97;"A";4212.13;"A";4215.4;"A";5.62;"A";3.95;"A";2.91;"A";36.42;"A";20.88;"A";39;"A";29.33;"A";25.81;"A";1010.46;"A";32;"A";0;"A";7;"A";161;"A";0.67;"A";36.67;"A"
"2025-06-22 13:00";99.97;"A";4211.87;"A";4214.8;"A";5.25;"A";3.9;"A";2.89;"A";36.6;"A";20.45;"A";40;"A";29.36;"A";25.41;"A";1010.34;"A";33;"A";0;"A";7;"A";138;"A";0.67;"A";343.33;"A"
"2025-06-22 13:15";99.97;"A";4211.67;"A";4214.73;"A";5.08;"A";3.53;"A";2.74;"A";36.71;"A";20.33;"A";41;"A";29.38;"A";25.11;"A";1010.3;"A";33;"A";0;"A";8;"A";248;"A";0.33;"A";156.67;"A"
"2025-06-22 13:30";99.97;"A";4211.93;"A";4214.93;"A";5.57;"A";3.69;"A";2.77;"A";36.76;"A";20.37;"A";41;"A";29.46;"A";25.38;"A";1010.11;"A";34;"A";0;"A";7;"A";166;"A";0.33;"A";113.33;"A"
"2025-06-22 13:45";99.97;"A";4211.87;"A";4215.33;"A";5.57;"A";4.22;"A";3.07;"A";36.75;"A";20.6;"A";40;"A";29.31;"A";26.07;"A";1009.88;"A";33;"A";0;"A";7;"A";173;"A";0;"A";16.67;"A"
"2025-06-22 14:00";99.97;"A";4211.8;"A";4214.8;"A";5.16;"A";3.96;"A";2.77;"A";36.59;"A";20.97;"A";41;"A";29.01;"A";26.86;"A";1009.67;"A";34;"A";0;"A";7;"A";151;"A";0;"A";40;"A"
"2025-06-22 14:15";99.97;"A";4212.47;"A";4216;"A";5.06;"A";3.79;"A";2.65;"A";36.35;"A";21.38;"A";41;"A";29.01;"A";27.2;"A";1009.36;"A";35;"A";0;"A";6;"A";136;"A";1.33;"A";236.67;"A"
"2025-06-22 14:30";99.97;"A";4211.67;"A";4215.33;"A";4.94;"A";3.73;"A";2.83;"A";36.13;"A";21.66;"A";41;"A";28.87;"A";27.02;"A";1009.23;"A";35;"A";0;"A";6;"A";153;"A";0.33;"A";40;"A"
"2025-06-22 14:45";99.98;"A";4211.87;"A";4214.93;"A";5.25;"A";3.89;"A";2.81;"A";35.89;"A";21.8;"A";41;"A";28.5;"A";27.69;"A";1008.96;"A";34;"A";0;"A";7;"A";129;"A";0.33;"A";56.67;"A"
"2025-06-22 15:00";99.98;"A";4212.27;"A";4214.87;"A";6.07;"A";4.32;"A";3.2;"A";35.66;"A";22.24;"A";40;"A";28.47;"A";27.49;"A";1008.76;"A";34;"A";0;"A";6;"A";209;"A";0;"A";50;"A"
"2025-06-22 15:15";99.9;"A";4199.27;"A";4200.13;"A";5.04;"A";3.84;"A";2.82;"A";35.5;"A";22.44;"A";40;"A";28.55;"A";27.92;"A";1008.64;"A";34;"A";0;"A";6;"A";168;"A";0.67;"A";276.67;"A"
"2025-06-22 15:30";99.86;"A";4210.73;"A";4213.8;"A";7.6;"A";5.51;"A";3.68;"A";35.49;"A";22.62;"A";40;"A";28.58;"A";27.87;"A";1008.48;"A";33;"A";0;"A";7;"A";210;"A";0;"A";160;"A"
"2025-06-22 15:45";99.91;"A";4211.67;"A";4215.13;"A";6.94;"A";5.32;"A";4.19;"A";35.44;"A";23.05;"A";40;"A";28.47;"A";28.51;"A";1008.25;"A";32;"A";0;"A";8;"A";212;"A";1;"A";230;"A"
"2025-06-22 16:00";99.94;"A";4211.67;"A";4214.8;"A";6.1;"A";4.21;"A";3.19;"A";35.41;"A";23.18;"A";38;"A";28.53;"A";28.58;"A";1008.19;"A";33;"A";0;"A";5;"A";149;"A";0.33;"A";173.33;"A"
"2025-06-22 16:15";99.96;"A";4211.53;"A";4214.93;"A";6.06;"A";4.77;"A";3.2;"A";35.36;"A";23.44;"A";40;"A";28.48;"A";28.84;"A";1007.98;"A";33;"A";0;"A";7;"A";157;"A";1;"A";233.33;"A"
"2025-06-22 16:30";99.97;"A";4211.8;"A";4215.33;"A";6.51;"A";5.14;"A";3.36;"A";35.35;"A";23.31;"A";39;"A";28.47;"A";28.43;"A";1007.92;"A";33;"A";0;"A";6;"A";169;"A";0.67;"A";340;"A"
"2025-06-22 16:45";99.98;"A";4211.8;"A";4215.07;"A";8.82;"A";6.09;"A";4.28;"A";35.3;"A";23.4;"A";40;"A";28.32;"A";29.17;"A";1007.74;"A";32;"A";0;"A";7;"A";200;"A";0.67;"A";340;"A"
"2025-06-22 17:00";99.98;"A";4212.07;"A";4215.27;"A";7.12;"A";5.89;"A";4.13;"A";35.22;"A";23.58;"A";39;"A";28.29;"A";29.06;"A";1007.54;"A";33;"A";0;"A";6;"A";222;"A";0.33;"A";120;"A"
"2025-06-22 17:15";99.99;"A";4212.6;"A";4215.33;"A";7.92;"A";5.15;"A";3.6;"A";35.15;"A";23.36;"A";40;"A";28.21;"A";28.71;"A";1007.28;"A";35;"A";0;"A";6;"A";172;"A";0.67;"A";253.33;"A"
"2025-06-22 17:30";99.99;"A";4212.67;"A";4215.6;"A";7.99;"A";5.24;"A";3.7;"A";35.05;"A";23.78;"A";41;"A";28.02;"A";30.01;"A";1007.01;"A";34;"A";0;"A";7;"A";185;"A";0.33;"A";230;"A"
"2025-06-22 17:45";99.99;"A";4212.53;"A";4215.33;"A";10.04;"A";6.57;"A";4.81;"A";34.87;"A";24.12;"A";41;"A";27.74;"A";30.24;"A";1006.76;"A";34;"A";0;"A";7;"A";227;"A";0.67;"A";266.67;"A"
"2025-06-22 18:00";99.99;"A";4212.6;"A";4215.4;"A";14.74;"A";10.77;"A";7.71;"A";34.62;"A";24.6;"A";41;"A";27.49;"A";30.73;"A";1006.75;"A";34;"A";0;"A";7;"A";232;"A";0.67;"A";233.33;"A"
"2025-06-22 18:15";100;"A";4212.6;"A";4215;"A";18.7;"A";12.83;"A";8.78;"A";34.38;"A";25.83;"A";42;"A";27.16;"A";33.85;"A";1006.91;"A";33;"A";0;"A";9;"A";254;"A";0.33;"A";130;"A"
"2025-06-22 18:30";100;"A";4212.6;"A";4215;"A";9.67;"A";6.57;"A";4.57;"A";33.98;"A";27.51;"A";40;"A";26.62;"A";33.99;"A";1006.73;"A";35;"A";0;"A";5;"A";172;"A";1;"A";233.33;"A"
"2025-06-22 18:45";100;"A";4212.73;"A";4215;"A";9.84;"A";6.75;"A";4.92;"A";33.58;"A";27.18;"A";43;"A";26.5;"A";34.35;"A";1006.55;"A";33;"A";0;"A";10;"A";238;"A";0;"A";290;"A"
"2025-06-22 19:00";100;"A";4212.8;"A";4215.87;"A";9.16;"A";6.78;"A";4.69;"A";33.35;"A";27.95;"A";40;"A";26.18;"A";35.03;"A";1006.36;"A";34;"A";0;"A";6;"A";151;"A";0;"A";320;"A"
"2025-06-22 19:15";100;"A";4212.53;"A";4215.13;"A";9.1;"A";6.76;"A";4.86;"A";33.08;"A";28.3;"A";41;"A";25.89;"A";35.36;"A";1006.28;"A";34;"A";0;"A";7;"A";166;"A";0.33;"A";326.67;"A"
"2025-06-22 19:30";99.99;"A";4205.87;"A";4207.4;"A";9.05;"A";6.53;"A";4.83;"A";32.76;"A";28.51;"A";41;"A";25.57;"A";38.28;"A";1006.64;"A";31;"A";0;"A";9;"A";266;"A";0.67;"A";323.33;"A"
"2025-06-22 19:45";99.79;"A";4192.53;"A";4192.8;"A";16.08;"A";8.74;"A";5.85;"A";32.17;"A";40.45;"A";39;"A";22.77;"A";62.3;"A";1007.91;"A";28;"A";5;"A";11;"A";244;"A";0;"A";126.67;"A"
"2025-06-22 20:00";99.81;"A";4210.13;"A";4213.47;"A";11.17;"A";7.45;"A";5.04;"A";30.52;"A";47.23;"A";29;"A";21.35;"A";68.16;"A";1007.88;"A";23;"A";5;"A";6;"A";270;"A";1;"A";230;"A"
"2025-06-22 20:15";99.89;"A";4211.07;"A";4214.53;"A";9.41;"A";7.49;"A";5.22;"A";28.98;"A";51.11;"A";28;"A";20.5;"A";72.27;"A";1008.07;"A";23;"A";1;"A";5;"A";171;"A";0.67;"A";233.33;"A"
"2025-06-22 20:30";99.93;"A";4211.87;"A";4215.13;"A";11.08;"A";8.2;"A";5.55;"A";27.8;"A";55.94;"A";24;"A";19.81;"A";76.23;"A";1008.18;"A";20;"A";2;"A";4;"A";159;"A";0;"A";76.67;"A"
"2025-06-22 20:45";99.96;"A";4211.73;"A";4214.67;"A";14.29;"A";9.18;"A";6.62;"A";26.98;"A";59.22;"A";19;"A";19.22;"A";80.09;"A";1008.07;"A";14;"A";2;"A";5;"A";170;"A";0;"A";133.33;"A"
"2025-06-22 21:00";99.98;"A";4211.87;"A";4214.73;"A";11.37;"A";8.05;"A";7.09;"A";27.2;"A";60.1;"A";20;"A";18.91;"A";82.16;"A";1008;"A";17;"A";2;"A";3;"A";166;"A";0.67;"A";333.33;"A"
"2025-06-22 21:15";99.99;"A";4212.6;"A";4214.73;"A";11.71;"A";8.28;"A";7.29;"A";27.05;"A";59.97;"A";21;"A";18.66;"A";83.15;"A";1007.87;"A";18;"A";1;"A";3;"A";161;"A";0.33;"A";256.67;"A"
"2025-06-22 21:30";100;"A";4212.67;"A";4214.47;"A";11.75;"A";8.31;"A";7.32;"A";26.97;"A";59.95;"A";21;"A";18.6;"A";83.97;"A";1007.66;"A";16;"A";1;"A";5;"A";185;"A";0;"A";136.67;"A"
"2025-06-22 21:45";100;"A";4212.53;"A";4214.6;"A";11.74;"A";8.37;"A";7.32;"A";27.17;"A";59.98;"A";20;"A";18.52;"A";84.91;"A";1007.42;"A";15;"A";1;"A";5;"A";188;"A";0;"A";176.67;"A"
"2025-06-22 22:00";100;"A";4212.67;"A";4214.6;"A";10.18;"A";7.23;"A";6.37;"A";26.96;"A";60.21;"A";21;"A";18.45;"A";83.61;"A";1007.21;"A";17;"A";1;"A";5;"A";170;"A";0;"A";106.67;"A"
"2025-06-22 22:15";100;"A";4212.87;"A";4215.13;"A";13.78;"A";9.7;"A";8.55;"A";27.16;"A";59.84;"A";20;"A";18.4;"A";84.08;"A";1007.83;"A";9;"A";1;"A";10;"A";213;"A";0;"A";123.33;"A"
"2025-06-22 22:30";100;"A";4212.6;"A";4214.53;"A";13.29;"A";9.36;"A";8.25;"A";26.92;"A";59.83;"A";25;"A";18.28;"A";84.19;"A";1007.75;"A";11;"A";0;"A";15;"A";165;"A";0.33;"A";270;"A"
"2025-06-22 22:45";100;"A";4212.6;"A";4214.47;"A";9.27;"A";6.53;"A";5.74;"A";26.64;"A";60.06;"A";24;"A";18.04;"A";83.87;"A";1007.55;"A";16;"A";1;"A";8;"A";148;"A";0.33;"A";196.67;"A"
"2025-06-22 23:00";100;"A";4212.73;"A";4214.8;"A";7.27;"A";5.23;"A";4.61;"A";26.23;"A";60.3;"A";25;"A";17.8;"A";84.75;"A";1007.1;"A";17;"A";0;"A";7;"A";133;"A";0;"A";120;"A"
"2025-06-22 23:15";100;"A";4212.6;"A";4214.4;"A";7.93;"A";5.68;"A";5.01;"A";26.63;"A";59.73;"A";23;"A";17.78;"A";85.67;"A";1007;"A";16;"A";1;"A";7;"A";135;"A";0;"A";266.67;"A"
"2025-06-22 23:30";100;"A";4212.73;"A";4214.73;"A";8.62;"A";6.16;"A";5.43;"A";26.43;"A";60.13;"A";26;"A";17.68;"A";85.32;"A";1006.76;"A";18;"A";0;"A";7;"A";132;"A";0;"A";183.33;"A"
"2025-06-22 23:45";100;"A";4212.87;"A";4215;"A";9.68;"A";6.89;"A";6.07;"A";26.64;"A";59.95;"A";23;"A";17.67;"A";86.23;"A";1006.88;"A";15;"A";1;"A";8;"A";136;"A";0;"A";196.67;"A"
"2025-06-23 00:00";100;"A";4212.67;"A";4214.47;"A";9.22;"A";6.57;"A";5.79;"A";26.59;"A";60.1;"A";23;"A";17.67;"A";86.2;"A";1006.48;"A";14;"A";1;"A";10;"A";134;"A";0;"A";123.33;"A"
"2025-06-23 00:15";100;"A";4212.6;"A";4214.4;"A";8.9;"A";6.35;"A";5.59;"A";26.53;"A";60.01;"A";22;"A";17.64;"A";85.9;"A";1006.51;"A";15;"A";1;"A";7;"A";131;"A";0;"A";163.33;"A"
"2025-06-23 00:30";100;"A";4212.67;"A";4214.6;"A";7.93;"A";5.69;"A";5.01;"A";26.22;"A";59.95;"A";22;"A";17.44;"A";85.53;"A";1006.64;"A";15;"A";0;"A";7;"A";127;"A";0.33;"A";130;"A"
"2025-06-23 00:45";100;"A";4212.6;"A";4214.33;"A";7.49;"A";5.39;"A";4.75;"A";25.97;"A";60.05;"A";23;"A";17.24;"A";85.9;"A";1006.52;"A";17;"A";1;"A";7;"A";126;"A";0.67;"A";130;"A"
"2025-06-23 01:00";100;"A";4212.73;"A";4214.73;"A";15.77;"A";11.06;"A";9.75;"A";25.8;"A";59.99;"A";19;"A";16.93;"A";86.08;"A";1006.34;"A";15;"A";1;"A";4;"A";143;"A";0;"A";200;"A"
"2025-06-23 01:15";100;"A";4212.87;"A";4215;"A";11.81;"A";8.34;"A";7.35;"A";25.67;"A";59.97;"A";18;"A";16.74;"A";86.36;"A";1006.31;"A";14;"A";2;"A";4;"A";163;"A";0;"A";203.33;"A"
"2025-06-23 01:30";100;"A";4212.8;"A";4214.67;"A";9.17;"A";6.54;"A";5.76;"A";25.53;"A";60.06;"A";18;"A";16.6;"A";86.35;"A";1006.39;"A";14;"A";2;"A";4;"A";148;"A";0.33;"A";203.33;"A"
"2025-06-23 01:45";100;"A";4212.67;"A";4214.4;"A";8.19;"A";5.87;"A";5.17;"A";25.36;"A";59.94;"A";19;"A";16.41;"A";86.15;"A";1006.28;"A";16;"A";1;"A";3;"A";127;"A";0;"A";336.67;"A"
"2025-06-23 02:00";100;"A";4212.6;"A";4214.27;"A";8.7;"A";6.21;"A";5.47;"A";25.25;"A";60.01;"A";19;"A";16.28;"A";86.84;"A";1006.25;"A";15;"A";2;"A";4;"A";129;"A";0;"A";96.67;"A"
"2025-06-23 02:15";100;"A";4212.73;"A";4214.53;"A";11.17;"A";7.91;"A";6.97;"A";25.27;"A";60.03;"A";18;"A";16.3;"A";87;"A";1006.24;"A";14;"A";2;"A";4;"A";142;"A";0;"A";350;"A"
"2025-06-23 02:30";100;"A";4212.6;"A";4214.4;"A";9.88;"A";7.02;"A";6.19;"A";25.26;"A";59.98;"A";19;"A";16.32;"A";86.63;"A";1006.09;"A";15;"A";1;"A";3;"A";136;"A";0;"A";230;"A"
"2025-06-23 02:45";100;"A";4213;"A";4215.27;"A";10.02;"A";7.12;"A";6.27;"A";25.05;"A";59.95;"A";19;"A";16.23;"A";86.37;"A";1005.89;"A";15;"A";1;"A";4;"A";130;"A";0;"A";340;"A"
"2025-06-23 03:00";100;"A";4212.73;"A";4214.6;"A";10.21;"A";7.25;"A";6.39;"A";24.93;"A";60.06;"A";20;"A";16.13;"A";86.45;"A";1005.9;"A";16;"A";1;"A";4;"A";129;"A";0;"A";336.67;"A"
"2025-06-23 03:15";100;"A";4212.6;"A";4214.6;"A";10.39;"A";7.38;"A";6.5;"A";24.82;"A";59.99;"A";19;"A";16.09;"A";86.06;"A";1005.79;"A";16;"A";1;"A";4;"A";128;"A";0;"A";343.33;"A"
"2025-06-23 03:30";100;"A";4212.6;"A";4214.2;"A";10.02;"A";7.12;"A";6.27;"A";24.6;"A";59.86;"A";20;"A";15.8;"A";85.66;"A";1005.59;"A";16;"A";1;"A";4;"A";125;"A";0.33;"A";336.67;"A"
"2025-06-23 03:45";100;"A";4212.67;"A";4214.27;"A";10.22;"A";7.25;"A";6.39;"A";24.32;"A";60.03;"A";20;"A";15.68;"A";86.45;"A";1005.44;"A";15;"A";1;"A";4;"A";125;"A";0;"A";236.67;"A"
"2025-06-23 04:00";100;"A";4212.71;"A";4214.5;"A";10.7;"A";7.59;"A";6.68;"A";24.46;"A";60.1;"A";19;"A";15.67;"A";86.49;"A";1005.43;"A";15;"A";1;"A";4;"A";128;"A";0;"A";250;"A"
"2025-06-23 04:15";100;"A";4212.85;"A";4214.69;"A";10.85;"A";7.69;"A";6.77;"A";24.46;"A";59.88;"A";18;"A";15.71;"A";86.33;"A";1005.39;"A";15;"A";1;"A";4;"A";130;"A";0;"A";143.33;"A"
"2025-06-23 04:30";100;"A";4212.67;"A";4214.33;"A";11.04;"A";7.82;"A";6.89;"A";24.36;"A";60.13;"A";18;"A";15.66;"A";85.93;"A";1005.31;"A";14;"A";1;"A";4;"A";129;"A";0;"A";256.67;"A"
"2025-06-23 04:45";100;"A";4212.6;"A";4214.67;"A";10.87;"A";7.7;"A";6.79;"A";24.44;"A";59.9;"A";17;"A";15.66;"A";85.97;"A";1005.37;"A";13;"A";2;"A";4;"A";132;"A";0;"A";243.33;"A"
"2025-06-23 05:00";100;"A";4212.67;"A";4214.2;"A";11.31;"A";8;"A";7.05;"A";24.33;"A";60.01;"A";17;"A";15.65;"A";85.68;"A";1005.22;"A";13;"A";1;"A";4;"A";133;"A";0;"A";290;"A"
"2025-06-23 05:15";100;"A";4212.73;"A";4214.4;"A";11.41;"A";8.07;"A";7.11;"A";24.22;"A";59.95;"A";16;"A";15.59;"A";85.88;"A";1005.21;"A";11;"A";2;"A";5;"A";135;"A";0;"A";256.67;"A"
"2025-06-23 05:30";100;"A";4213;"A";4215.2;"A";11.4;"A";8.06;"A";7.1;"A";24.22;"A";60.07;"A";15;"A";15.5;"A";86.39;"A";1005.1;"A";10;"A";2;"A";4;"A";137;"A";0;"A";330;"A"
"2025-06-23 05:45";99.99;"A";4212.6;"A";4214.33;"A";11.3;"A";8;"A";7.05;"A";24.29;"A";60.07;"A";15;"A";15.56;"A";86.43;"A";1005.23;"A";10;"A";2;"A";5;"A";143;"A";0;"A";266.67;"A"
"2025-06-23 06:00";99.99;"A";4212.6;"A";4214.4;"A";10.72;"A";7.6;"A";6.69;"A";24.43;"A";60.02;"A";15;"A";15.99;"A";84.47;"A";1005.43;"A";11;"A";2;"A";5;"A";153;"A";0.33;"A";183.33;"A"
"2025-06-23 06:15";99.99;"A";4212.6;"A";4214.27;"A";10.27;"A";7.29;"A";6.42;"A";24.6;"A";59.83;"A";15;"A";17.16;"A";80.41;"A";1005.36;"A";12;"A";0;"A";4;"A";151;"A";0.33;"A";226.67;"A"
"2025-06-23 06:30";100;"A";4212.67;"A";4214.8;"A";10.59;"A";7.51;"A";6.62;"A";25.04;"A";59.78;"A";17;"A";18.57;"A";75.81;"A";1005.17;"A";11;"A";0;"A";5;"A";174;"A";0;"A";326.67;"A"
"2025-06-23 06:45";99.99;"A";4212.67;"A";4214.8;"A";11.7;"A";8.74;"A";5.69;"A";25.67;"A";57.01;"A";22;"A";19.64;"A";69.69;"A";1005.25;"A";16;"A";0;"A";6;"A";148;"A";1;"A";350;"A"
"2025-06-23 07:00";99.99;"A";4213;"A";4215.8;"A";11.84;"A";7.6;"A";5.27;"A";26.77;"A";53.31;"A";23;"A";20.61;"A";64.77;"A";1005.25;"A";16;"A";0;"A";6;"A";141;"A";1;"A";346.67;"A"
"2025-06-23 07:15";99.99;"A";4212.67;"A";4214.6;"A";10.43;"A";7.25;"A";5.41;"A";27.88;"A";48.69;"A";26;"A";21.42;"A";59.61;"A";1005.46;"A";19;"A";0;"A";8;"A";154;"A";0.67;"A";253.33;"A"
"2025-06-23 07:30";99.99;"A";4212.6;"A";4214.8;"A";11.81;"A";8.41;"A";5.8;"A";28.87;"A";45.84;"A";27;"A";22.01;"A";57.4;"A";1005.44;"A";19;"A";0;"A";8;"A";165;"A";1;"A";350;"A"
"2025-06-23 07:45";99.99;"A";4212.6;"A";4215.07;"A";11.91;"A";8.22;"A";5.54;"A";29.66;"A";43.98;"A";28;"A";22.45;"A";56.83;"A";1005.53;"A";20;"A";0;"A";8;"A";154;"A";0.67;"A";346.67;"A"
"2025-06-23 08:00";99.98;"A";4212.6;"A";4215.4;"A";10.35;"A";8;"A";5.42;"A";30.34;"A";42.76;"A";27;"A";23.13;"A";55.06;"A";1005.4;"A";20;"A";0;"A";7;"A";154;"A";0.67;"A";233.33;"A"
"2025-06-23 08:15";99.98;"A";4212.47;"A";4215.33;"A";9.47;"A";6.64;"A";4.83;"A";31.04;"A";40.46;"A";29;"A";23.52;"A";51.78;"A";1005.62;"A";21;"A";0;"A";9;"A";138;"A";0.67;"A";120;"A"
"2025-06-23 08:30";99.98;"A";4212.87;"A";4215.73;"A";9.19;"A";6.56;"A";4.66;"A";31.46;"A";39.52;"A";32;"A";23.66;"A";51.8;"A";1005.67;"A";20;"A";0;"A";11;"A";146;"A";1.67;"A";350;"A"
"2025-06-23 08:45";99.96;"A";4202.47;"A";4203.73;"A";10.02;"A";6.82;"A";4.77;"A";31.69;"A";39.34;"A";29;"A";24.04;"A";51.12;"A";1005.76;"A";22;"A";1;"A";7;"A";147;"A";1.33;"A";350;"A"
"2025-06-23 09:00";99.81;"A";4203.87;"A";4206.8;"A";9.59;"A";6.14;"A";4.24;"A";32.05;"A";38.84;"A";28;"A";24.68;"A";49.68;"A";1005.89;"A";20;"A";0;"A";8;"A";163;"A";0.67;"A";350;"A"
"2025-06-23 09:15";99.87;"A";4210.8;"A";4214.33;"A";6.62;"A";4.75;"A";3.4;"A";32.64;"A";35.79;"A";32;"A";25.16;"A";46.09;"A";1005.88;"A";24;"A";0;"A";8;"A";118;"A";1.33;"A";233.33;"A"
"2025-06-23 09:30";99.91;"A";4211.53;"A";4214.47;"A";7.96;"A";5.53;"A";3.74;"A";33.02;"A";35.47;"A";33;"A";25.11;"A";46.09;"A";1005.91;"A";24;"A";0;"A";9;"A";146;"A";2;"A";350;"A"
"2025-06-23 09:45";99.93;"A";4211.8;"A";4214.73;"A";7.59;"A";4.65;"A";3.31;"A";33.15;"A";35.07;"A";31;"A";25.44;"A";45.07;"A";1006.01;"A";23;"A";0;"A";7;"A";135;"A";1.67;"A";346.67;"A"
"2025-06-23 10:00";99.95;"A";4211.87;"A";4215.4;"A";6.01;"A";3.96;"A";2.92;"A";33.36;"A";33.87;"A";32;"A";25.57;"A";44.45;"A";1006.12;"A";24;"A";0;"A";8;"A";126;"A";1.33;"A";350;"A"
"2025-06-23 10:15";99.96;"A";4211.93;"A";4215.47;"A";5.65;"A";3.98;"A";2.89;"A";33.36;"A";32.38;"A";34;"A";25.14;"A";41.6;"A";1006.22;"A";24;"A";0;"A";10;"A";122;"A";1.67;"A";233.33;"A"
"2025-06-23 10:30";99.97;"A";4211.67;"A";4214.93;"A";5.2;"A";3.52;"A";2.61;"A";33.02;"A";31.27;"A";35;"A";24.93;"A";40.84;"A";1006.25;"A";26;"A";1;"A";8;"A";125;"A";2;"A";233.33;"A"
"2025-06-23 10:45";99.97;"A";4212;"A";4215.13;"A";5.42;"A";3.28;"A";2.13;"A";32.7;"A";31.75;"A";34;"A";24.98;"A";41.34;"A";1006.42;"A";25;"A";1;"A";9;"A";169;"A";1.33;"A";233.33;"A"
"2025-06-23 11:00";99.97;"A";4212.13;"A";4215.27;"A";6.5;"A";3.74;"A";2.44;"A";32.49;"A";31.5;"A";34;"A";24.77;"A";39.85;"A";1006.46;"A";27;"A";0;"A";7;"A";123;"A";1.67;"A";116.67;"A"
"2025-06-23 11:15";99.94;"A";4203.53;"A";4204.27;"A";9.91;"A";4.23;"A";2.4;"A";32.16;"A";31.49;"A";34;"A";24.4;"A";40.64;"A";1006.44;"A";27;"A";0;"A";7;"A";134;"A";1;"A";120;"A"
"2025-06-23 11:30";99.89;"A";4211.33;"A";4214.4;"A";3.81;"A";2.25;"A";1.49;"A";31.84;"A";31.26;"A";36;"A";24.21;"A";39.63;"A";1006.48;"A";27;"A";0;"A";9;"A";133;"A";2;"A";350;"A"
"2025-06-23 11:45";99.93;"A";4211.87;"A";4214.8;"A";4.29;"A";2.33;"A";1.52;"A";31.49;"A";31.35;"A";35;"A";24.05;"A";39.56;"A";1006.58;"A";28;"A";0;"A";8;"A";118;"A";1.33;"A";350;"A"
"2025-06-23 12:00";99.95;"A";4211.67;"A";4214.87;"A";12.98;"A";4.61;"A";2.54;"A";31.23;"A";31.49;"A";35;"A";24.08;"A";38.86;"A";1006.59;"A";27;"A";0;"A";8;"A";122;"A";1.67;"A";233.33;"A"
"2025-06-23 12:15";99.96;"A";4211.73;"A";4214.87;"A";3.17;"A";1.87;"A";1.28;"A";31.2;"A";30.51;"A";34;"A";24.21;"A";36.86;"A";1006.5;"A";28;"A";0;"A";6;"A";110;"A";1.67;"A";233.33;"A"
"2025-06-23 12:30";99.97;"A";4211.8;"A";4215.07;"A";2.81;"A";1.8;"A";1.2;"A";31.3;"A";29.97;"A";39;"A";24.45;"A";37.19;"A";1006.6;"A";30;"A";0;"A";9;"A";107;"A";1.67;"A";233.33;"A"
"2025-06-23 12:45";99.98;"A";4212.27;"A";4215.07;"A";2.88;"A";2.12;"A";1.54;"A";31.53;"A";29.49;"A";36;"A";24.93;"A";35.6;"A";1006.64;"A";30;"A";0;"A";6;"A";109;"A";1.67;"A";116.67;"A"
"2025-06-23 13:00";99.98;"A";4212.6;"A";4215.27;"A";3.26;"A";2.24;"A";1.54;"A";31.75;"A";28.18;"A";39;"A";24.63;"A";34.81;"A";1006.87;"A";30;"A";0;"A";9;"A";139;"A";1.67;"A";0;"A"
"2025-06-23 13:15";99.98;"A";4212.87;"A";4215.67;"A";2.93;"A";2.34;"A";1.72;"A";31.75;"A";28.21;"A";38;"A";24.63;"A";35.11;"A";1006.79;"A";31;"A";0;"A";7;"A";142;"A";1.33;"A";233.33;"A"
"2025-06-23 13:30";99.98;"A";4212.53;"A";4215.13;"A";4.28;"A";2.45;"A";1.88;"A";31.77;"A";28.29;"A";38;"A";24.82;"A";35.35;"A";1006.91;"A";31;"A";0;"A";7;"A";109;"A";1;"A";116.67;"A"
"2025-06-23 13:45";99.99;"A";4212.47;"A";4215.07;"A";3.45;"A";2.59;"A";1.76;"A";31.77;"A";28.24;"A";38;"A";24.56;"A";35.42;"A";1006.88;"A";31;"A";0;"A";7;"A";110;"A";1.33;"A";116.67;"A"
"2025-06-23 14:00";99.99;"A";4212.6;"A";4215.4;"A";5;"A";2.65;"A";1.84;"A";31.66;"A";28.13;"A";37;"A";24.68;"A";34.57;"A";1006.83;"A";30;"A";0;"A";7;"A";125;"A";1;"A";3.33;"A"
"2025-06-23 14:15";99.99;"A";4212.47;"A";4215.27;"A";2.87;"A";1.53;"A";1.05;"A";31.62;"A";27.48;"A";39;"A";24.48;"A";33.93;"A";1006.74;"A";31;"A";0;"A";8;"A";114;"A";1.33;"A";350;"A"
"2025-06-23 14:30";99.99;"A";4212.73;"A";4215;"A";2.08;"A";1.36;"A";0.91;"A";31.47;"A";26.79;"A";38;"A";24.2;"A";33.1;"A";1006.73;"A";32;"A";0;"A";7;"A";105;"A";1.67;"A";116.67;"A"
"2025-06-23 14:45";99.99;"A";4212.87;"A";4215.47;"A";2.44;"A";1.23;"A";0.89;"A";31.12;"A";27.51;"A";38;"A";24;"A";34.35;"A";1006.82;"A";31;"A";0;"A";7;"A";114;"A";1.67;"A";116.67;"A"
"2025-06-23 15:00";99.99;"A";4212.6;"A";4215.07;"A";2.28;"A";1.37;"A";0.97;"A";30.92;"A";27.7;"A";38;"A";23.99;"A";34.25;"A";1006.76;"A";32;"A";0;"A";6;"A";114;"A";1.33;"A";116.67;"A"
"2025-06-23 15:15";99.99;"A";4212.6;"A";4215.33;"A";2.53;"A";1.33;"A";0.9;"A";30.83;"A";28.08;"A";39;"A";24;"A";34.78;"A";1006.78;"A";32;"A";0;"A";7;"A";101;"A";1.33;"A";120;"A"
"2025-06-23 15:30";99.99;"A";4212.6;"A";4214.8;"A";2.7;"A";1.62;"A";1.08;"A";30.78;"A";28.66;"A";39;"A";24.1;"A";34.75;"A";1006.85;"A";31;"A";0;"A";8;"A";120;"A";1;"A";3.33;"A"
"2025-06-23 15:45";99.99;"A";4212.6;"A";4215;"A";3.95;"A";1.52;"A";1;"A";30.79;"A";28.59;"A";38;"A";24.19;"A";34.61;"A";1006.79;"A";33;"A";0;"A";5;"A";139;"A";1.67;"A";233.33;"A"
"2025-06-23 16:00";99.99;"A";4212.73;"A";4215.4;"A";2.67;"A";1.59;"A";1.18;"A";30.82;"A";28.52;"A";38;"A";24.09;"A";34.74;"A";1006.76;"A";31;"A";0;"A";7;"A";99;"A";1.33;"A";0;"A"
"2025-06-23 16:15";99.99;"A";4212.87;"A";4215.4;"A";2.89;"A";1.57;"A";1.03;"A";30.84;"A";28.46;"A";38;"A";24.14;"A";34.34;"A";1006.73;"A";32;"A";0;"A";6;"A";112;"A";1;"A";0;"A"
"2025-06-23 16:30";99.99;"A";4212.6;"A";4215;"A";1.84;"A";1.54;"A";0.97;"A";30.87;"A";28.74;"A";38;"A";24.22;"A";34.97;"A";1006.67;"A";31;"A";0;"A";7;"A";113;"A";1;"A";0;"A"
"2025-06-23 16:45";99.99;"A";4212.6;"A";4215.33;"A";2.77;"A";1.58;"A";1;"A";30.87;"A";28.85;"A";37;"A";24.12;"A";35.1;"A";1006.71;"A";31;"A";0;"A";6;"A";102;"A";1;"A";0;"A"
"2025-06-23 17:00";99.99;"A";4212.6;"A";4214.93;"A";2.3;"A";1.43;"A";0.99;"A";30.78;"A";28.92;"A";38;"A";24.08;"A";35.8;"A";1006.74;"A";31;"A";0;"A";7;"A";101;"A";1;"A";0;"A"
"2025-06-23 17:15";99.99;"A";4212.73;"A";4215.4;"A";2.93;"A";1.8;"A";1.12;"A";30.73;"A";29.51;"A";37;"A";23.88;"A";36.23;"A";1006.92;"A";31;"A";0;"A";6;"A";112;"A";1.33;"A";350;"A"
"2025-06-23 17:30";100;"A";4212.8;"A";4215.53;"A";2.58;"A";1.71;"A";1.3;"A";30.63;"A";29.71;"A";37;"A";23.92;"A";35.9;"A";1007.01;"A";31;"A";0;"A";6;"A";113;"A";1;"A";233.33;"A"
"2025-06-23 17:45";100;"A";4212.87;"A";4215.13;"A";3.73;"A";1.97;"A";1.38;"A";30.63;"A";29.55;"A";38;"A";24.08;"A";35.59;"A";1007;"A";32;"A";0;"A";6;"A";115;"A";1.33;"A";0;"A"
"2025-06-23 18:00";100;"A";4212.73;"A";4215.4;"A";3.25;"A";1.92;"A";1.2;"A";30.72;"A";29.42;"A";38;"A";24.02;"A";35.86;"A";1007.1;"A";32;"A";0;"A";7;"A";115;"A";1.67;"A";236.67;"A"
"2025-06-23 18:15";99.99;"A";4212.6;"A";4214.87;"A";3.16;"A";1.76;"A";1.27;"A";30.65;"A";29.83;"A";38;"A";23.9;"A";36.43;"A";1007.3;"A";31;"A";0;"A";7;"A";124;"A";1;"A";116.67;"A"
"2025-06-23 18:30";99.99;"A";4212.67;"A";4214.73;"A";2.59;"A";1.47;"A";1.1;"A";30.58;"A";30.09;"A";37;"A";23.77;"A";36.71;"A";1007.45;"A";30;"A";0;"A";7;"A";118;"A";1.33;"A";116.67;"A"
"2025-06-23 18:45";100;"A";4212.6;"A";4215.07;"A";2.89;"A";1.91;"A";1.27;"A";30.41;"A";30.54;"A";37;"A";23.4;"A";37.82;"A";1007.52;"A";30;"A";0;"A";7;"A";112;"A";1;"A";233.33;"A"
"2025-06-23 19:00";100;"A";4212.73;"A";4215.13;"A";2.73;"A";1.5;"A";1.14;"A";30.15;"A";30.98;"A";37;"A";23.12;"A";38.42;"A";1007.68;"A";30;"A";0;"A";7;"A";112;"A";1.33;"A";123.33;"A"
"2025-06-23 19:15";100;"A";4212.87;"A";4215.33;"A";4.46;"A";2.36;"A";1.5;"A";29.8;"A";31.78;"A";35;"A";22.9;"A";38.98;"A";1007.7;"A";30;"A";0;"A";6;"A";112;"A";1;"A";233.33;"A"
"2025-06-23 19:30";100;"A";4212.73;"A";4215.33;"A";3.44;"A";2.04;"A";1.36;"A";29.58;"A";32.02;"A";36;"A";22.72;"A";39.37;"A";1007.84;"A";30;"A";0;"A";6;"A";112;"A";1;"A";123.33;"A"
"2025-06-23 19:45";100;"A";4212.67;"A";4215.07;"A";3.1;"A";1.82;"A";1.28;"A";29.38;"A";32.67;"A";35;"A";22.62;"A";39.44;"A";1007.84;"A";29;"A";0;"A";6;"A";134;"A";0.67;"A";233.33;"A"
"2025-06-23 20:00";100;"A";4212.6;"A";4215.07;"A";3.65;"A";2.19;"A";1.61;"A";29.23;"A";32.97;"A";35;"A";22.5;"A";40.12;"A";1007.85;"A";28;"A";0;"A";7;"A";125;"A";0.33;"A";233.33;"A"
"2025-06-23 20:15";100;"A";4212.6;"A";4215;"A";3.81;"A";2.05;"A";1.36;"A";29.06;"A";33.41;"A";34;"A";22.3;"A";40.74;"A";1007.96;"A";27;"A";0;"A";7;"A";128;"A";1;"A";116.67;"A"
"2025-06-23 20:30";100;"A";4212.6;"A";4215.07;"A";3.22;"A";1.78;"A";1.19;"A";28.87;"A";33.86;"A";33;"A";22.06;"A";41.5;"A";1008.12;"A";26;"A";0;"A";7;"A";118;"A";0;"A";236.67;"A"
"2025-06-23 20:45";100;"A";4212.87;"A";4215.33;"A";4.32;"A";3.26;"A";2.17;"A";28.6;"A";35.06;"A";31;"A";21.59;"A";43.58;"A";1008.15;"A";23;"A";0;"A";8;"A";139;"A";0;"A";103.33;"A"
"2025-06-23 21:00";100;"A";4212.73;"A";4215.47;"A";7.11;"A";4.26;"A";2.95;"A";28.21;"A";36.29;"A";28;"A";21.05;"A";45.32;"A";1008.23;"A";19;"A";1;"A";10;"A";183;"A";0;"A";130;"A"
"2025-06-23 21:15";100;"A";4212.73;"A";4215.13;"A";5.7;"A";2.88;"A";1.92;"A";27.77;"A";37.33;"A";28;"A";20.55;"A";47.06;"A";1008.27;"A";20;"A";0;"A";9;"A";152;"A";0;"A";206.67;"A"
"2025-06-23 21:30";100;"A";4212.73;"A";4215.13;"A";4.8;"A";3.09;"A";2.14;"A";27.32;"A";38.46;"A";28;"A";20.06;"A";48.75;"A";1008.28;"A";19;"A";1;"A";9;"A";165;"A";0;"A";273.33;"A"
"2025-06-23 21:45";100;"A";4212.67;"A";4214.87;"A";5.5;"A";3.51;"A";2.38;"A";26.86;"A";39.68;"A";27;"A";19.62;"A";50.73;"A";1008.38;"A";15;"A";1;"A";12;"A";202;"A";0;"A";193.33;"A"
"2025-06-23 22:00";99.97;"A";4205.53;"A";4206.6;"A";4.01;"A";2.97;"A";2.27;"A";26.37;"A";41.59;"A";25;"A";19.16;"A";53.23;"A";1008.5;"A";9;"A";1;"A";16;"A";315;"A";0;"A";170;"A"
"2025-06-23 22:15";99.93;"A";4211.93;"A";4214.67;"A";6.39;"A";4.32;"A";2.82;"A";25.96;"A";43.51;"A";24;"A";18.78;"A";55.84;"A";1008.63;"A";6;"A";2;"A";18;"A";310;"A";0;"A";233.33;"A"
"2025-06-23 22:30";99.95;"A";4211.8;"A";4214.8;"A";10.14;"A";7.2;"A";5.39;"A";25.52;"A";46.54;"A";22;"A";18.19;"A";60.59;"A";1008.65;"A";3;"A";3;"A";19;"A";331;"A";0.33;"A";330;"A"
"2025-06-23 22:45";99.97;"A";4212.53;"A";4214.67;"A";10.87;"A";6.2;"A";4.43;"A";25.01;"A";48.23;"A";20;"A";17.71;"A";62.62;"A";1008.56;"A";1;"A";2;"A";19;"A";311;"A";0;"A";300;"A"
"2025-06-23 23:00";99.98;"A";4212.67;"A";4215.07;"A";10.9;"A";7.01;"A";4.95;"A";24.55;"A";49.66;"A";18;"A";17.47;"A";63.86;"A";1008.68;"A";3;"A";3;"A";16;"A";286;"A";0;"A";290;"A"
"2025-06-23 23:15";99.99;"A";4212.67;"A";4215;"A";13.79;"A";8.52;"A";5.85;"A";24.18;"A";50.83;"A";17;"A";17.09;"A";65.47;"A";1008.68;"A";2;"A";3;"A";16;"A";296;"A";0;"A";270;"A"
"2025-06-23 23:30";100;"A";4212.6;"A";4214.67;"A";17.18;"A";11.64;"A";8.07;"A";23.83;"A";52.14;"A";16;"A";16.83;"A";66.61;"A";1008.63;"A";3;"A";3;"A";13;"A";268;"A";0;"A";306.67;"A"
"2025-06-23 23:45";100;"A";4212.93;"A";4215.13;"A";14.63;"A";9.79;"A";6.94;"A";23.51;"A";53.09;"A";17;"A";16.57;"A";67.52;"A";1008.54;"A";3;"A";3;"A";14;"A";229;"A";0;"A";260;"A"
"2025-06-24 00:00";100;"A";4212.73;"A";4215.27;"A";12.69;"A";9.38;"A";6.53;"A";23.23;"A";54.23;"A";16;"A";16.36;"A";69.22;"A";1008.52;"A";1;"A";3;"A";15;"A";221;"A";0;"A";246.67;"A"
"2025-06-24 00:15";100;"A";4212.67;"A";4214.8;"A";13.14;"A";9.21;"A";6.48;"A";22.99;"A";55.25;"A";13;"A";16.02;"A";70.76;"A";1008.46;"A";2;"A";4;"A";12;"A";214;"A";0;"A";120;"A"
"2025-06-24 00:30";100;"A";4209.87;"A";4211.07;"A";16.17;"A";12.77;"A";8.94;"A";22.75;"A";56.35;"A";12;"A";15.94;"A";71.61;"A";1008.46;"A";1;"A";3;"A";12;"A";227;"A";0;"A";316.67;"A"
"2025-06-24 00:45";99.85;"A";4193;"A";4192.47;"A";19.7;"A";14.2;"A";10.05;"A";22.51;"A";56.97;"A";12;"A";15.68;"A";72.84;"A";1008.48;"A";0;"A";4;"A";13;"A";268;"A";0;"A";243.33;"A"
"2025-06-24 01:00";99.85;"A";4210.87;"A";4213.67;"A";14.23;"A";10.36;"A";7.48;"A";22.24;"A";57.38;"A";12;"A";15.53;"A";72.78;"A";1008.55;"A";1;"A";4;"A";12;"A";229;"A";0;"A";303.33;"A"
"2025-06-24 01:15";99.91;"A";4211.73;"A";4214.33;"A";14.27;"A";9.62;"A";7.13;"A";22.01;"A";57.52;"A";12;"A";15.38;"A";72.78;"A";1008.56;"A";1;"A";4;"A";12;"A";243;"A";0;"A";253.33;"A"
"2025-06-24 01:30";99.94;"A";4212.13;"A";4215;"A";13.49;"A";9.79;"A";7.47;"A";21.79;"A";57.67;"A";12;"A";15.11;"A";73.48;"A";1008.45;"A";0;"A";5;"A";13;"A";268;"A";0;"A";193.33;"A"
"2025-06-24 01:45";99.96;"A";4212.53;"A";4214.33;"A";14.84;"A";9.96;"A";7.1;"A";21.63;"A";58.57;"A";12;"A";15.06;"A";74.21;"A";1008.45;"A";0;"A";5;"A";13;"A";213;"A";0;"A";123.33;"A"
"2025-06-24 02:00";99.98;"A";4212.73;"A";4214.6;"A";19.04;"A";14.03;"A";10.02;"A";21.46;"A";59.54;"A";8;"A";14.82;"A";75.71;"A";1008.43;"A";0;"A";6;"A";10;"A";221;"A";0;"A";163.33;"A"
"2025-06-24 02:15";99.99;"A";4212.67;"A";4214.6;"A";19.78;"A";14.24;"A";11.22;"A";21.3;"A";59.84;"A";8;"A";14.64;"A";76.07;"A";1008.36;"A";0;"A";6;"A";10;"A";212;"A";0;"A";230;"A"
"2025-06-24 02:30";99.99;"A";4212.6;"A";4214.53;"A";17.41;"A";12.21;"A";9.34;"A";21.18;"A";59.95;"A";8;"A";14.52;"A";76.31;"A";1008.37;"A";0;"A";6;"A";8;"A";189;"A";0;"A";270;"A"
"2025-06-24 02:45";100;"A";4212.67;"A";4214.73;"A";14.29;"A";10.06;"A";8.13;"A";21.08;"A";59.91;"A";8;"A";14.32;"A";76.62;"A";1008.56;"A";0;"A";6;"A";8;"A";176;"A";0;"A";133.33;"A"
"2025-06-24 03:00";100;"A";4212.87;"A";4215;"A";12.49;"A";8.81;"A";7.76;"A";21.07;"A";60;"A";8;"A";14.26;"A";76.68;"A";1008.66;"A";0;"A";6;"A";8;"A";170;"A";0;"A";250;"A"
"2025-06-24 03:15";100;"A";4212.8;"A";4215.07;"A";11.32;"A";8.6;"A";6.34;"A";20.82;"A";59.56;"A";10;"A";14.25;"A";75.39;"A";1008.51;"A";2;"A";4;"A";8;"A";153;"A";0;"A";196.67;"A"
"2025-06-24 03:30";100;"A";4212.67;"A";4214.67;"A";7.75;"A";5.47;"A";3.89;"A";20.63;"A";58.15;"A";14;"A";14.23;"A";72.82;"A";1008.63;"A";7;"A";3;"A";7;"A";118;"A";0;"A";146.67;"A"
"2025-06-24 03:45";100;"A";4212.8;"A";4214.73;"A";9.42;"A";6.83;"A";4.94;"A";20.49;"A";58.81;"A";13;"A";14.02;"A";74.72;"A";1008.65;"A";6;"A";4;"A";8;"A";122;"A";0;"A";133.33;"A"
"2025-06-24 04:00";100;"A";4209.53;"A";4210.93;"A";10.73;"A";7.42;"A";6.21;"A";20.65;"A";59.84;"A";7;"A";13.74;"A";76.86;"A";1008.6;"A";0;"A";6;"A";7;"A";140;"A";0;"A";113.33;"A"
"2025-06-24 04:15";99.8;"A";4186.93;"A";4185.4;"A";9.66;"A";7.11;"A";5.97;"A";20.31;"A";60.02;"A";7;"A";13.49;"A";77.2;"A";1008.5;"A";0;"A";5;"A";8;"A";131;"A";0;"A";86.67;"A"
"2025-06-24 04:30";99.78;"A";4210.27;"A";4212.73;"A";9.77;"A";6.95;"A";6.12;"A";20.38;"A";59.94;"A";7;"A";13.35;"A";78.01;"A";1008.66;"A";0;"A";6;"A";8;"A";134;"A";0;"A";183.33;"A"
"2025-06-24 04:45";99.86;"A";4211.33;"A";4214.13;"A";10.14;"A";7.2;"A";6.34;"A";20.35;"A";60.03;"A";7;"A";13.3;"A";78.51;"A";1008.46;"A";0;"A";6;"A";8;"A";138;"A";0;"A";130;"A"
"2025-06-24 05:00";99.91;"A";4211.6;"A";4214.07;"A";12.25;"A";8.65;"A";7.62;"A";20.46;"A";59.95;"A";6;"A";13.17;"A";79.46;"A";1008.52;"A";0;"A";7;"A";7;"A";163;"A";0;"A";183.33;"A"
"2025-06-24 05:15";99.94;"A";4211.93;"A";4213.87;"A";9.02;"A";6.43;"A";5.67;"A";20.33;"A";60.09;"A";7;"A";13.16;"A";79.33;"A";1008.4;"A";0;"A";6;"A";7;"A";137;"A";0;"A";80;"A"
"2025-06-24 05:30";99.96;"A";4212.6;"A";4214.13;"A";8.23;"A";5.89;"A";5.19;"A";20.14;"A";60.05;"A";6;"A";13.12;"A";78.29;"A";1008.38;"A";0;"A";5;"A";7;"A";129;"A";0;"A";70;"A"
"2025-06-24 05:45";99.98;"A";4212.6;"A";4214.13;"A";7.79;"A";5.59;"A";4.92;"A";20.19;"A";59.94;"A";7;"A";13.26;"A";77.73;"A";1008.38;"A";0;"A";5;"A";7;"A";127;"A";0;"A";66.67;"A"
"2025-06-24 06:00";99.99;"A";4212.73;"A";4214.67;"A";8.01;"A";5.45;"A";4.64;"A";20.12;"A";59.94;"A";9;"A";13.76;"A";75.56;"A";1008.25;"A";2;"A";4;"A";8;"A";119;"A";0;"A";123.33;"A"
"2025-06-24 06:15";99.99;"A";4212.87;"A";4215.2;"A";8.01;"A";5.98;"A";4.57;"A";20.62;"A";59.11;"A";8;"A";15.17;"A";70.76;"A";1008.2;"A";2;"A";1;"A";6;"A";128;"A";0;"A";123.33;"A"
"2025-06-24 06:30";99.99;"A";4212.6;"A";4214.6;"A";8.73;"A";6.14;"A";4.45;"A";21.89;"A";56.06;"A";10;"A";16.94;"A";64.54;"A";1008.23;"A";1;"A";0;"A";9;"A";150;"A";0.33;"A";133.33;"A"
"2025-06-24 06:45";100;"A";4212.67;"A";4214.93;"A";10.21;"A";6.97;"A";4.81;"A";23.73;"A";50.82;"A";15;"A";18.62;"A";57.96;"A";1008.2;"A";3;"A";0;"A";11;"A";166;"A";0;"A";200;"A"
"2025-06-24 07:00";100;"A";4212.6;"A";4215.07;"A";9.23;"A";6.78;"A";4.55;"A";25.56;"A";46.69;"A";18;"A";20.26;"A";53.81;"A";1008.13;"A";4;"A";0;"A";14;"A";176;"A";0;"A";133.33;"A"
"2025-06-24 07:15";99.99;"A";4212.73;"A";4215.73;"A";9.09;"A";5.83;"A";3.77;"A";27.53;"A";41.93;"A";24;"A";22.1;"A";47.92;"A";1008.04;"A";6;"A";0;"A";18;"A";191;"A";0;"A";126.67;"A"
"2025-06-24 07:30";99.99;"A";4212.73;"A";4215.27;"A";11.22;"A";6.24;"A";4.09;"A";29.34;"A";37.54;"A";29;"A";23.27;"A";44.16;"A";1008.02;"A";9;"A";0;"A";21;"A";211;"A";0;"A";126.67;"A"
"2025-06-24 07:45";99.99;"A";4212.87;"A";4215.8;"A";8.03;"A";4.55;"A";3.14;"A";30.94;"A";33.94;"A";32;"A";24.48;"A";40.02;"A";1007.83;"A";14;"A";0;"A";17;"A";178;"A";0;"A";126.67;"A"
"2025-06-24 08:00";99.98;"A";4212.67;"A";4215.6;"A";6.08;"A";3.02;"A";2;"A";32.31;"A";30.46;"A";35;"A";25.3;"A";37.65;"A";1007.77;"A";21;"A";0;"A";15;"A";147;"A";0;"A";123.33;"A"
"2025-06-24 08:15";99.98;"A";4212.47;"A";4214.93;"A";6.52;"A";3.43;"A";2.2;"A";33.29;"A";29.47;"A";34;"A";26.03;"A";36.94;"A";1007.8;"A";21;"A";0;"A";13;"A";148;"A";0;"A";60;"A"
"2025-06-24 08:30";99.98;"A";4212.2;"A";4215.33;"A";6.47;"A";2.98;"A";2.06;"A";34.16;"A";28.25;"A";35;"A";26.66;"A";35.68;"A";1007.74;"A";23;"A";0;"A";12;"A";133;"A";0;"A";126.67;"A"
"2025-06-24 08:45";99.98;"A";4212.2;"A";4215.27;"A";7.83;"A";3.57;"A";2.36;"A";34.98;"A";27.4;"A";35;"A";27.62;"A";34.96;"A";1007.79;"A";20;"A";0;"A";15;"A";140;"A";0;"A";126.67;"A"
"2025-06-24 09:00";99.97;"A";4211.73;"A";4215.33;"A";6.49;"A";3.15;"A";1.97;"A";35.84;"A";26.26;"A";35;"A";28.23;"A";33.64;"A";1007.73;"A";22;"A";0;"A";14;"A";126;"A";0;"A";133.33;"A"
"2025-06-24 09:15";99.97;"A";4212.13;"A";4215.73;"A";7.09;"A";3.21;"A";2.12;"A";36.65;"A";25.3;"A";37;"A";29;"A";32.81;"A";1007.8;"A";22;"A";0;"A";14;"A";130;"A";0.33;"A";116.67;"A"
"2025-06-24 09:30";99.97;"A";4212;"A";4215.47;"A";5.51;"A";2.82;"A";1.92;"A";37.32;"A";24.35;"A";36;"A";29.56;"A";31.61;"A";1007.69;"A";23;"A";0;"A";13;"A";135;"A";0.67;"A";136.67;"A"
"2025-06-24 09:45";99.97;"A";4211.67;"A";4215.2;"A";4.51;"A";2.48;"A";1.65;"A";37.85;"A";23.32;"A";38;"A";29.81;"A";31.02;"A";1007.59;"A";26;"A";0;"A";12;"A";125;"A";0.67;"A";133.33;"A"
"2025-06-24 10:00";99.96;"A";4211.93;"A";4215.27;"A";5.19;"A";2.16;"A";1.52;"A";38.01;"A";22.89;"A";38;"A";29.55;"A";30.73;"A";1007.48;"A";27;"A";0;"A";12;"A";126;"A";0.33;"A";133.33;"A"
"2025-06-24 10:15";99.96;"A";4211.67;"A";4214.87;"A";4.4;"A";2.24;"A";1.57;"A";38.08;"A";22.61;"A";39;"A";30.01;"A";29.67;"A";1007.32;"A";29;"A";0;"A";10;"A";117;"A";0.67;"A";123.33;"A"
"2025-06-24 10:30";99.97;"A";4211.73;"A";4215.27;"A";4.32;"A";2.26;"A";1.48;"A";38.27;"A";22.43;"A";39;"A";30.3;"A";29.97;"A";1007.21;"A";29;"A";0;"A";10;"A";123;"A";0.33;"A";120;"A"
"2025-06-24 10:45";99.97;"A";4211.73;"A";4215.47;"A";5.27;"A";2.7;"A";1.67;"A";38.5;"A";22.13;"A";39;"A";30.9;"A";29.11;"A";1007.1;"A";29;"A";0;"A";9;"A";129;"A";0.67;"A";120;"A"
"2025-06-24 11:00";99.97;"A";4212;"A";4215.6;"A";4.46;"A";2.26;"A";1.43;"A";38.87;"A";21.27;"A";40;"A";30.89;"A";27.84;"A";1006.92;"A";32;"A";0;"A";8;"A";128;"A";0.33;"A";43.33;"A"
"2025-06-24 11:15";99.97;"A";4211.73;"A";4215;"A";4.31;"A";2.29;"A";1.47;"A";39.07;"A";20.67;"A";41;"A";31.21;"A";27.19;"A";1006.92;"A";33;"A";0;"A";8;"A";114;"A";0.33;"A";126.67;"A"
"2025-06-24 11:30";99.97;"A";4211.6;"A";4215.27;"A";4.54;"A";2.34;"A";1.58;"A";39.09;"A";20.36;"A";41;"A";31.21;"A";27.37;"A";1006.82;"A";33;"A";0;"A";9;"A";113;"A";0.33;"A";133.33;"A"
"2025-06-24 11:45";99.97;"A";4211.73;"A";4214.93;"A";4.39;"A";2.43;"A";1.64;"A";39.09;"A";20.26;"A";40;"A";31.48;"A";26.35;"A";1006.49;"A";34;"A";0;"A";6;"A";118;"A";0.33;"A";96.67;"A"
"2025-06-24 12:00";99.97;"A";4211.73;"A";4214.67;"A";5.31;"A";2.78;"A";1.72;"A";39.11;"A";19.81;"A";41;"A";31.52;"A";25.68;"A";1006.25;"A";33;"A";0;"A";8;"A";124;"A";0;"A";116.67;"A"
"2025-06-24 12:15";99.97;"A";4211.8;"A";4214.93;"A";4.47;"A";2.68;"A";1.73;"A";39.16;"A";19.33;"A";42;"A";31.86;"A";25.05;"A";1005.97;"A";34;"A";0;"A";7;"A";112;"A";0.67;"A";133.33;"A"
"2025-06-24 12:30";99.97;"A";4212;"A";4215.47;"A";6.29;"A";3.02;"A";2.06;"A";39.4;"A";19.25;"A";41;"A";32.08;"A";24.82;"A";1005.84;"A";34;"A";0;"A";7;"A";124;"A";0.33;"A";136.67;"A"
"2025-06-24 12:45";99.94;"A";4199.4;"A";4201.27;"A";5.17;"A";3.18;"A";1.98;"A";39.53;"A";18.8;"A";42;"A";32.11;"A";24.53;"A";1005.82;"A";35;"A";0;"A";8;"A";115;"A";0.67;"A";133.33;"A"
"2025-06-24 13:00";99.78;"A";4203.67;"A";4207;"A";7.16;"A";3.38;"A";2.18;"A";39.56;"A";18.68;"A";43;"A";31.73;"A";24.44;"A";1005.47;"A";34;"A";0;"A";8;"A";124;"A";1;"A";140;"A"
"2025-06-24 13:15";99.85;"A";4210.6;"A";4214.13;"A";6.98;"A";3.68;"A";2.26;"A";39.29;"A";18.59;"A";43;"A";31.49;"A";24.87;"A";1005.25;"A";35;"A";0;"A";8;"A";120;"A";0.33;"A";130;"A"
"2025-06-24 13:30";99.89;"A";4210.8;"A";4214.27;"A";5.72;"A";3.79;"A";2.53;"A";39;"A";18.94;"A";42;"A";31.4;"A";24.79;"A";1005.4;"A";34;"A";0;"A";8;"A";145;"A";0.33;"A";93.33;"A"
"2025-06-24 13:45";99.93;"A";4211.6;"A";4214.47;"A";5.88;"A";3.55;"A";2.47;"A";38.83;"A";19.35;"A";42;"A";31.6;"A";24.87;"A";1005.14;"A";35;"A";0;"A";7;"A";123;"A";0;"A";103.33;"A"
"2025-06-24 14:00";99.95;"A";4212;"A";4215.73;"A";7.33;"A";4.03;"A";2.81;"A";38.92;"A";19.36;"A";42;"A";31.95;"A";24.59;"A";1004.91;"A";36;"A";0;"A";6;"A";124;"A";0;"A";120;"A"
"2025-06-24 14:15";99.96;"A";4211.67;"A";4215;"A";7.43;"A";4.22;"A";3.02;"A";39.1;"A";19.31;"A";44;"A";32.03;"A";24.53;"A";1004.61;"A";36;"A";0;"A";8;"A";155;"A";0.67;"A";90;"A"
"2025-06-24 14:30";99.97;"A";4211.67;"A";4215.47;"A";7.28;"A";4.24;"A";2.88;"A";39.14;"A";19.42;"A";44;"A";32.16;"A";24.43;"A";1004.52;"A";37;"A";0;"A";7;"A";151;"A";0.33;"A";106.67;"A"
"2025-06-24 14:45";99.98;"A";4211.73;"A";4215.07;"A";8.76;"A";4.8;"A";3.21;"A";39.25;"A";19.03;"A";44;"A";32.33;"A";23.73;"A";1004.45;"A";37;"A";0;"A";6;"A";302;"A";0.67;"A";133.33;"A"
"2025-06-24 15:00";99.99;"A";4211.6;"A";4214.93;"A";9.24;"A";4.78;"A";3.35;"A";39.3;"A";19.06;"A";45;"A";32.23;"A";24.54;"A";1004.19;"A";38;"A";0;"A";7;"A";127;"A";0.67;"A";140;"A"
"2025-06-24 15:15";99.99;"A";4211.73;"A";4215.4;"A";9.25;"A";5.27;"A";3.57;"A";39.36;"A";19.45;"A";45;"A";32.43;"A";24.82;"A";1004.05;"A";38;"A";0;"A";7;"A";132;"A";0;"A";90;"A"
"2025-06-24 15:30";100;"A";4212.13;"A";4216.13;"A";10.81;"A";6.08;"A";4.05;"A";39.48;"A";19.44;"A";45;"A";32.39;"A";24.78;"A";1003.98;"A";38;"A";0;"A";7;"A";143;"A";0.67;"A";130;"A"
"2025-06-24 15:45";100;"A";4211.8;"A";4215.4;"A";11.02;"A";6.39;"A";4.32;"A";39.47;"A";19.98;"A";45;"A";32.4;"A";26.09;"A";1003.78;"A";38;"A";0;"A";7;"A";167;"A";0;"A";190;"A"
"2025-06-24 16:00";100;"A";4211.67;"A";4215.07;"A";10.45;"A";6.57;"A";4.42;"A";39.42;"A";20.82;"A";43;"A";32.28;"A";27.04;"A";1003.59;"A";36;"A";0;"A";7;"A";218;"A";0.33;"A";133.33;"A"
"2025-06-24 16:15";100;"A";4211.87;"A";4214.93;"A";10.57;"A";6.68;"A";4.57;"A";39.37;"A";21.71;"A";44;"A";32.25;"A";28.47;"A";1003.34;"A";37;"A";0;"A";6;"A";172;"A";0.67;"A";136.67;"A"
"2025-06-24 16:30";100;"A";4211.87;"A";4215.07;"A";11.97;"A";6.94;"A";4.84;"A";39.37;"A";22.2;"A";44;"A";32.44;"A";28.28;"A";1002.8;"A";38;"A";0;"A";6;"A";149;"A";0.33;"A";136.67;"A"
"2025-06-24 16:45";100;"A";4211.8;"A";4215.2;"A";10.75;"A";7.11;"A";4.84;"A";39.44;"A";21.21;"A";46;"A";32.48;"A";27.06;"A";1002.7;"A";40;"A";0;"A";7;"A";134;"A";0.33;"A";130;"A"
"2025-06-24 17:00";100;"A";4212.4;"A";4215.8;"A";11.57;"A";7;"A";4.94;"A";39.4;"A";20.21;"A";47;"A";32.22;"A";26.13;"A";1002.74;"A";39;"A";0;"A";8;"A";193;"A";0.33;"A";106.67;"A"
"2025-06-24 17:15";100;"A";4212.2;"A";4214.8;"A";15.3;"A";9.34;"A";6.56;"A";39.16;"A";20.79;"A";46;"A";31.91;"A";26.86;"A";1002.97;"A";38;"A";0;"A";8;"A";229;"A";0.33;"A";126.67;"A"
"2025-06-24 17:30";100;"A";4211.87;"A";4215.07;"A";31.41;"A";11.72;"A";7.22;"A";38.85;"A";23.32;"A";48;"A";30.77;"A";33.96;"A";1003.95;"A";35;"A";2;"A";13;"A";193;"A";1;"A";150;"A"
"2025-06-24 17:45";100;"A";4212.2;"A";4215.13;"A";25.49;"A";11.5;"A";7.07;"A";37.49;"A";36.65;"A";28;"A";25.94;"A";61.65;"A";1005.44;"A";21;"A";21;"A";7;"A";264;"A";2.67;"A";0;"A"
"2025-06-24 18:00";100;"A";4212.6;"A";4215.07;"A";14.33;"A";9.6;"A";6.15;"A";34.09;"A";44.94;"A";22;"A";22.89;"A";72.58;"A";1005.4;"A";19;"A";18;"A";4;"A";210;"A";0.67;"A";10;"A"
"2025-06-24 18:15";99.95;"A";4199.87;"A";4200.8;"A";23.63;"A";16.58;"A";11.28;"A";31.19;"A";53.15;"A";17;"A";21.75;"A";78.63;"A";1005.16;"A";14;"A";10;"A";3;"A";228;"A";0.67;"A";130;"A"
"2025-06-24 18:30";99.89;"A";4211.07;"A";4214.73;"A";11.37;"A";7.8;"A";5.4;"A";29.48;"A";57.62;"A";17;"A";21.19;"A";78.5;"A";1004.61;"A";15;"A";3;"A";2;"A";166;"A";0.33;"A";243.33;"A"
"2025-06-24 18:45";99.93;"A";4211.73;"A";4214.6;"A";11.87;"A";7.45;"A";5.19;"A";28.49;"A";58.83;"A";21;"A";20.83;"A";77.9;"A";1004.48;"A";17;"A";1;"A";4;"A";169;"A";0.33;"A";86.67;"A"
"2025-06-24 19:00";99.97;"A";4211.67;"A";4214.6;"A";9.54;"A";6.6;"A";5.47;"A";28.2;"A";60.17;"A";21;"A";20.63;"A";80.04;"A";1004.67;"A";16;"A";1;"A";5;"A";163;"A";0;"A";86.67;"A"
"2025-06-24 19:15";99.98;"A";4211.8;"A";4214.67;"A";10.33;"A";7.33;"A";6.46;"A";29.07;"A";59.84;"A";15;"A";20.5;"A";82.65;"A";1004.65;"A";11;"A";2;"A";4;"A";213;"A";0;"A";113.33;"A"
"2025-06-24 19:30";100;"A";4212.33;"A";4215.07;"A";10.36;"A";7.24;"A";6.3;"A";28.6;"A";59.93;"A";21;"A";20.83;"A";80.96;"A";1004.78;"A";16;"A";1;"A";5;"A";186;"A";0;"A";123.33;"A"
"2025-06-24 19:45";100;"A";4212.6;"A";4214.73;"A";9.4;"A";6.69;"A";5.9;"A";28.52;"A";60.05;"A";22;"A";21.01;"A";80.73;"A";1004.77;"A";16;"A";1;"A";5;"A";164;"A";0;"A";180;"A"
"2025-06-24 20:00";100;"A";4212.73;"A";4215.07;"A";10.04;"A";7.27;"A";5.78;"A";29.12;"A";59.01;"A";21;"A";20.9;"A";81.2;"A";1004.81;"A";14;"A";1;"A";6;"A";176;"A";0.33;"A";196.67;"A"
"2025-06-24 20:15";100;"A";4212.73;"A";4214.53;"A";10.28;"A";7.41;"A";6.18;"A";28.86;"A";59.85;"A";19;"A";20.75;"A";81.48;"A";1004.97;"A";14;"A";2;"A";6;"A";192;"A";0;"A";130;"A"
"2025-06-24 20:30";100;"A";4212.6;"A";4214.8;"A";10.65;"A";7.55;"A";6.65;"A";29.19;"A";60;"A";15;"A";20.54;"A";83.74;"A";1005.09;"A";9;"A";3;"A";6;"A";233;"A";0;"A";96.67;"A"
"2025-06-24 20:45";100;"A";4212.6;"A";4214.6;"A";17.39;"A";12.28;"A";10.66;"A";28.74;"A";59.83;"A";20;"A";20.47;"A";82.8;"A";1005.19;"A";14;"A";1;"A";6;"A";246;"A";0.33;"A";290;"A"
"2025-06-24 21:00";100;"A";4212.6;"A";4214.8;"A";20.47;"A";14.22;"A";12.48;"A";28.53;"A";59.82;"A";21;"A";20.27;"A";82.27;"A";1005.44;"A";14;"A";1;"A";7;"A";207;"A";0;"A";313.33;"A"
"2025-06-24 21:15";100;"A";4212.6;"A";4214.67;"A";20.11;"A";14.04;"A";12.37;"A";28.67;"A";60.03;"A";17;"A";19.99;"A";84.61;"A";1005.72;"A";9;"A";3;"A";8;"A";267;"A";0;"A";196.67;"A"
"2025-06-24 21:30";100;"A";4212.87;"A";4215.13;"A";20.07;"A";14.01;"A";12.34;"A";28.75;"A";60.32;"A";12;"A";19.88;"A";85.75;"A";1005.8;"A";6;"A";4;"A";7;"A";259;"A";0;"A";193.33;"A"
"2025-06-24 21:45";100;"A";4212.8;"A";4214.93;"A";20.28;"A";14.16;"A";12.47;"A";28.84;"A";60.08;"A";11;"A";19.74;"A";86.8;"A";1006.05;"A";4;"A";5;"A";7;"A";280;"A";0;"A";163.33;"A"
"2025-06-24 22:00";100;"A";4212.6;"A";4214.67;"A";21.38;"A";14.91;"A";13.13;"A";28.82;"A";59.89;"A";10;"A";19.65;"A";86.73;"A";1006.17;"A";3;"A";5;"A";7;"A";327;"A";0.33;"A";180;"A"
"2025-06-24 22:15";100;"A";4212.6;"A";4214.87;"A";20.97;"A";14.63;"A";12.88;"A";28.77;"A";59.95;"A";8;"A";19.51;"A";86.93;"A";1006.13;"A";1;"A";6;"A";7;"A";320;"A";0;"A";133.33;"A"
"2025-06-24 22:30";100;"A";4212.47;"A";4214.07;"A";24.24;"A";16.87;"A";14.86;"A";28.59;"A";60.02;"A";9;"A";19.4;"A";87.09;"A";1006.07;"A";1;"A";6;"A";9;"A";341;"A";0;"A";180;"A"
"2025-06-24 22:45";100;"A";4212.6;"A";4214.67;"A";23.67;"A";16.48;"A";14.52;"A";28.49;"A";59.96;"A";10;"A";19.34;"A";86.9;"A";1006.09;"A";1;"A";5;"A";10;"A";354;"A";0.33;"A";263.33;"A"
"2025-06-24 23:00";100;"A";4212.93;"A";4215.13;"A";22.65;"A";15.79;"A";13.9;"A";28.42;"A";59.94;"A";9;"A";19.14;"A";87.24;"A";1005.96;"A";0;"A";6;"A";10;"A";359;"A";0;"A";146.67;"A"
"2025-06-24 23:15";100;"A";4212.73;"A";4214.53;"A";23.39;"A";16.29;"A";14.35;"A";28.28;"A";60.1;"A";9;"A";19.12;"A";87.43;"A";1005.94;"A";0;"A";6;"A";10;"A";378;"A";0;"A";206.67;"A"
"2025-06-24 23:30";100;"A";4212.67;"A";4214.6;"A";22.48;"A";15.67;"A";13.8;"A";28.16;"A";59.91;"A";8;"A";18.98;"A";87.34;"A";1006.08;"A";0;"A";7;"A";9;"A";347;"A";0;"A";313.33;"A"
"2025-06-24 23:45";100;"A";4212.6;"A";4214.53;"A";20.37;"A";14.22;"A";12.53;"A";28.05;"A";59.93;"A";7;"A";18.84;"A";87.17;"A";1006.05;"A";0;"A";7;"A";7;"A";299;"A";0;"A";150;"A"
"2025-06-25 00:00";100;"A";4212.73;"A";4215.07;"A";20.89;"A";14.57;"A";12.84;"A";27.72;"A";60.05;"A";6;"A";18.53;"A";87.38;"A";1006.09;"A";0;"A";8;"A";7;"A";332;"A";0;"A";130;"A"
"2025-06-25 00:15";100;"A";4212.6;"A";4214.67;"A";20.58;"A";14.37;"A";12.65;"A";27.63;"A";60.07;"A";6;"A";18.38;"A";87.87;"A";1006.05;"A";0;"A";9;"A";7;"A";312;"A";0;"A";130;"A"
"2025-06-25 00:30";100;"A";4212.73;"A";4215;"A";23.3;"A";16.23;"A";14.29;"A";27.48;"A";59.93;"A";5;"A";18.32;"A";87.45;"A";1006.05;"A";0;"A";8;"A";7;"A";308;"A";0;"A";266.67;"A"
"2025-06-25 00:45";100;"A";4212.87;"A";4215.2;"A";22.76;"A";15.86;"A";13.97;"A";27.24;"A";60.05;"A";6;"A";18.1;"A";87.26;"A";1006.15;"A";0;"A";8;"A";7;"A";294;"A";0;"A";263.33;"A"
"2025-06-25 01:00";100;"A";4212.6;"A";4214.53;"A";18.2;"A";12.73;"A";11.21;"A";27.12;"A";59.97;"A";9;"A";17.96;"A";87.33;"A";1006.28;"A";1;"A";6;"A";8;"A";236;"A";0.33;"A";326.67;"A"
"2025-06-25 01:15";100;"A";4212.6;"A";4214.47;"A";13.56;"A";9.55;"A";8.41;"A";26.89;"A";59.9;"A";12;"A";17.75;"A";86.93;"A";1006.33;"A";1;"A";4;"A";12;"A";196;"A";0;"A";213.33;"A"
"2025-06-25 01:30";100;"A";4212.6;"A";4214.4;"A";12.84;"A";9.06;"A";7.98;"A";26.57;"A";60.02;"A";14;"A";17.57;"A";86.8;"A";1006.29;"A";0;"A";4;"A";14;"A";178;"A";0;"A";306.67;"A"
"2025-06-25 01:45";100;"A";4212.8;"A";4214.73;"A";13.22;"A";9.31;"A";8.2;"A";26.49;"A";60.1;"A";13;"A";17.4;"A";87.63;"A";1006.2;"A";0;"A";4;"A";15;"A";169;"A";0;"A";190;"A"
"2025-06-25 02:00";100;"A";4212.6;"A";4214.53;"A";13.38;"A";9.42;"A";8.3;"A";26.63;"A";60.03;"A";12;"A";17.47;"A";87.92;"A";1006.11;"A";1;"A";3;"A";13;"A";160;"A";0;"A";303.33;"A"
"2025-06-25 02:15";100;"A";4213;"A";4215.13;"A";14.07;"A";9.9;"A";8.72;"A";26.83;"A";60.04;"A";11;"A";17.49;"A";88.54;"A";1006.13;"A";1;"A";4;"A";10;"A";161;"A";0;"A";303.33;"A"
"2025-06-25 02:30";100;"A";4212.67;"A";4214.33;"A";14.04;"A";9.88;"A";8.7;"A";26.87;"A";59.97;"A";12;"A";17.52;"A";88.71;"A";1006.14;"A";2;"A";4;"A";10;"A";161;"A";0;"A";303.33;"A"
"2025-06-25 02:45";100;"A";4212.67;"A";4214.2;"A";13.68;"A";9.63;"A";8.48;"A";26.8;"A";59.95;"A";12;"A";17.46;"A";88.3;"A";1006.06;"A";3;"A";4;"A";9;"A";151;"A";0;"A";323.33;"A"
"2025-06-25 03:00";100;"A";4212.6;"A";4214.4;"A";13.15;"A";9.27;"A";8.16;"A";26.56;"A";59.91;"A";11;"A";17.32;"A";87.82;"A";1005.99;"A";3;"A";4;"A";8;"A";140;"A";0;"A";313.33;"A"
"2025-06-25 03:15";100;"A";4212.6;"A";4214.33;"A";12.59;"A";8.88;"A";7.83;"A";26.3;"A";60.03;"A";11;"A";17.16;"A";87.46;"A";1005.9;"A";5;"A";4;"A";7;"A";131;"A";0.33;"A";323.33;"A"
"2025-06-25 03:30";100;"A";4212.67;"A";4214.47;"A";12.35;"A";8.72;"A";7.68;"A";26.15;"A";59.93;"A";12;"A";17.03;"A";87.51;"A";1006.09;"A";6;"A";4;"A";6;"A";129;"A";0.67;"A";333.33;"A"
"2025-06-25 03:45";100;"A";4213;"A";4215.07;"A";12.32;"A";8.7;"A";7.66;"A";25.91;"A";60.03;"A";12;"A";16.88;"A";87.21;"A";1006.1;"A";6;"A";5;"A";5;"A";126;"A";0.33;"A";330;"A"
"2025-06-25 04:00";100;"A";4212.73;"A";4214.47;"A";12.5;"A";8.82;"A";7.77;"A";25.83;"A";60.04;"A";11;"A";16.75;"A";87.82;"A";1006.13;"A";6;"A";5;"A";5;"A";129;"A";0.33;"A";256.67;"A"
"2025-06-25 04:15";100;"A";4212.6;"A";4214.27;"A";12.52;"A";8.83;"A";7.78;"A";25.92;"A";60.02;"A";10;"A";16.68;"A";88.33;"A";1006.19;"A";5;"A";4;"A";5;"A";123;"A";0;"A";263.33;"A"
"2025-06-25 04:30";100;"A";4212.6;"A";4214.4;"A";11.35;"A";8.03;"A";7.07;"A";26.17;"A";59.99;"A";13;"A";16.85;"A";88.71;"A";1006.03;"A";9;"A";3;"A";4;"A";121;"A";0.33;"A";330;"A"
"2025-06-25 04:45";100;"A";4212.8;"A";4214.33;"A";9.89;"A";7.03;"A";6.19;"A";26.03;"A";60.01;"A";16;"A";17.01;"A";87.2;"A";1006.11;"A";12;"A";2;"A";4;"A";113;"A";1;"A";336.67;"A"
"2025-06-25 05:00";100;"A";4212.67;"A";4214.73;"A";8.6;"A";6.14;"A";5.41;"A";25.71;"A";59.91;"A";18;"A";17.06;"A";85.3;"A";1006;"A";14;"A";2;"A";4;"A";105;"A";0.67;"A";333.33;"A"
"2025-06-25 05:15";100;"A";4212.93;"A";4214.87;"A";8.01;"A";5.74;"A";5.06;"A";25.31;"A";59.9;"A";20;"A";17.06;"A";83.7;"A";1006.18;"A";15;"A";2;"A";4;"A";106;"A";1;"A";336.67;"A"
"2025-06-25 05:30";100;"A";4212.8;"A";4214.6;"A";8.14;"A";5.83;"A";5.13;"A";25.03;"A";59.9;"A";20;"A";17.06;"A";82.3;"A";1006.16;"A";15;"A";1;"A";5;"A";102;"A";1;"A";340;"A"
"2025-06-25 05:45";100;"A";4212.73;"A";4214.53;"A";8.26;"A";5.91;"A";5.21;"A";25.07;"A";59.88;"A";18;"A";17;"A";82.88;"A";1006.4;"A";12;"A";2;"A";5;"A";108;"A";0.67;"A";266.67;"A"
"2025-06-25 06:00";100;"A";4212.6;"A";4214.47;"A";8.47;"A";6.01;"A";5.23;"A";24.85;"A";59.99;"A";18;"A";17.06;"A";81.83;"A";1006.36;"A";13;"A";2;"A";5;"A";106;"A";0.33;"A";326.67;"A"
"2025-06-25 06:15";100;"A";4212.67;"A";4214.73;"A";7.78;"A";5.58;"A";4.92;"A";24.51;"A";60.06;"A";20;"A";17.15;"A";79.83;"A";1006.29;"A";15;"A";1;"A";6;"A";105;"A";1;"A";333.33;"A"
"2025-06-25 06:30";100;"A";4212.67;"A";4214.67;"A";9.08;"A";6.47;"A";5.7;"A";24.46;"A";60.01;"A";21;"A";17.28;"A";78.94;"A";1006.28;"A";14;"A";1;"A";7;"A";130;"A";1;"A";340;"A"
"2025-06-25 06:45";100;"A";4212.8;"A";4214.6;"A";13.58;"A";9.56;"A";8.42;"A";24.53;"A";59.86;"A";21;"A";17.42;"A";78.48;"A";1006.55;"A";14;"A";2;"A";7;"A";140;"A";1;"A";333.33;"A"
"2025-06-25 07:00";100;"A";4212.87;"A";4215.6;"A";8.54;"A";6.24;"A";5.26;"A";24.4;"A";59.98;"A";21;"A";17.7;"A";76.94;"A";1006.85;"A";15;"A";1;"A";6;"A";128;"A";1;"A";330;"A"
"2025-06-25 07:15";100;"A";4212.6;"A";4214.73;"A";8.37;"A";5.51;"A";4.68;"A";24.92;"A";59.93;"A";19;"A";18.06;"A";77.56;"A";1006.83;"A";12;"A";2;"A";7;"A";122;"A";0;"A";233.33;"A"
"2025-06-25 07:30";100;"A";4212.67;"A";4214.73;"A";10.09;"A";6.5;"A";4.6;"A";25.18;"A";57.91;"A";17;"A";19.94;"A";67.5;"A";1006.77;"A";14;"A";0;"A";3;"A";118;"A";0.67;"A";306.67;"A"
"2025-06-25 07:45";100;"A";4212.6;"A";4215;"A";12.35;"A";7.18;"A";4.83;"A";26.65;"A";52.51;"A";23;"A";21.76;"A";59.4;"A";1007.04;"A";17;"A";0;"A";6;"A";106;"A";0.67;"A";230;"A"
"2025-06-25 08:00";99.99;"A";4212.6;"A";4214.87;"A";10.39;"A";6.47;"A";4.48;"A";28.11;"A";48.72;"A";28;"A";21.66;"A";60.38;"A";1007.12;"A";18;"A";1;"A";11;"A";120;"A";0.67;"A";350;"A"
"2025-06-25 08:15";99.99;"A";4212.73;"A";4215.2;"A";10.1;"A";6.81;"A";4.59;"A";28.6;"A";47.52;"A";26;"A";21.87;"A";59.2;"A";1007.28;"A";17;"A";1;"A";9;"A";138;"A";0.67;"A";343.33;"A"
"2025-06-25 08:30";99.99;"A";4213;"A";4215.47;"A";10.65;"A";6.95;"A";4.84;"A";28.95;"A";45.78;"A";26;"A";22.33;"A";56.45;"A";1007.34;"A";18;"A";0;"A";7;"A";140;"A";1;"A";346.67;"A"
"2025-06-25 08:45";99.92;"A";4193.93;"A";4193.93;"A";10.81;"A";6.71;"A";4.84;"A";29.32;"A";44.83;"A";27;"A";22.63;"A";55.4;"A";1007.49;"A";18;"A";4;"A";9;"A";360;"A";0.67;"A";226.67;"A"
"2025-06-25 09:00";99.74;"A";4202.67;"A";4205.67;"A";10.87;"A";6.29;"A";4.36;"A";29.61;"A";43.82;"A";27;"A";22.79;"A";54.22;"A";1007.63;"A";19;"A";2;"A";8;"A";260;"A";0.33;"A";330;"A"
"2025-06-25 09:15";99.83;"A";4210.4;"A";4213.8;"A";9.58;"A";6.03;"A";4.27;"A";29.83;"A";42.6;"A";31;"A";23.24;"A";53.38;"A";1007.61;"A";20;"A";1;"A";11;"A";135;"A";0.67;"A";346.67;"A"
"2025-06-25 09:30";99.88;"A";4210.73;"A";4214.47;"A";10.37;"A";5.85;"A";3.99;"A";30.29;"A";41.66;"A";28;"A";24.05;"A";50.46;"A";1007.4;"A";21;"A";0;"A";7;"A";126;"A";1;"A";340;"A"
"2025-06-25 09:45";99.92;"A";4211.67;"A";4214.47;"A";9.46;"A";5.66;"A";4.12;"A";30.98;"A";40.28;"A";30;"A";24.78;"A";49.17;"A";1007.44;"A";22;"A";0;"A";8;"A";118;"A";1;"A";336.67;"A"
"2025-06-25 10:00";99.94;"A";4212;"A";4215.6;"A";9.8;"A";5.54;"A";3.93;"A";31.96;"A";36.89;"A";31;"A";25.68;"A";44.3;"A";1007.38;"A";24;"A";0;"A";7;"A";108;"A";0.67;"A";136.67;"A"
"2025-06-25 10:15";99.96;"A";4211.67;"A";4214.87;"A";10.04;"A";5.6;"A";3.7;"A";32.87;"A";35.83;"A";33;"A";26.34;"A";43.22;"A";1007.52;"A";24;"A";0;"A";9;"A";136;"A";0.67;"A";343.33;"A"
"2025-06-25 10:30";99.96;"A";4211.8;"A";4215.13;"A";9.05;"A";5.18;"A";3.61;"A";33.66;"A";33.7;"A";35;"A";27.09;"A";40.64;"A";1007.6;"A";25;"A";0;"A";10;"A";132;"A";0.33;"A";243.33;"A"
"2025-06-25 10:45";99.97;"A";4211.73;"A";4214.73;"A";8.69;"A";5.31;"A";3.81;"A";34.54;"A";32.17;"A";36;"A";28.11;"A";38.42;"A";1007.61;"A";27;"A";0;"A";9;"A";152;"A";0.33;"A";343.33;"A"
"2025-06-25 11:00";99.97;"A";4211.73;"A";4215.07;"A";11.08;"A";5.36;"A";3.8;"A";35.47;"A";29.68;"A";40;"A";28.6;"A";36.17;"A";1007.64;"A";29;"A";0;"A";11;"A";236;"A";0.67;"A";240;"A"
"2025-06-25 11:15";99.97;"A";4211.67;"A";4215.4;"A";11.75;"A";5.44;"A";3.82;"A";36.04;"A";28.58;"A";43;"A";28.99;"A";36.48;"A";1007.78;"A";31;"A";0;"A";12;"A";166;"A";0;"A";133.33;"A"
"2025-06-25 11:30";99.97;"A";4212;"A";4215.87;"A";8.59;"A";4.8;"A";3.27;"A";36.47;"A";27.67;"A";43;"A";29.39;"A";33.96;"A";1007.75;"A";31;"A";0;"A";12;"A";213;"A";0.67;"A";233.33;"A"
"2025-06-25 11:45";99.97;"A";4211.67;"A";4215.2;"A";8.51;"A";4.87;"A";3.39;"A";36.81;"A";26.49;"A";47;"A";29.86;"A";33.4;"A";1007.57;"A";36;"A";0;"A";11;"A";173;"A";1.33;"A";346.67;"A"
"2025-06-25 12:00";99.97;"A";4211.67;"A";4215.2;"A";16.77;"A";7.23;"A";4.67;"A";37.05;"A";26.05;"A";47;"A";29.86;"A";33.26;"A";1007.37;"A";35;"A";0;"A";12;"A";215;"A";0;"A";156.67;"A"
"2025-06-25 12:15";99.97;"A";4211.8;"A";4214.93;"A";8.95;"A";5.38;"A";3.55;"A";37.28;"A";25.81;"A";47;"A";30.48;"A";32.54;"A";1007.14;"A";38;"A";0;"A";10;"A";140;"A";0.67;"A";236.67;"A"
"2025-06-25 12:30";99.97;"A";4211.67;"A";4214.93;"A";8.28;"A";5.05;"A";3.49;"A";37.61;"A";24.85;"A";49;"A";30.7;"A";31.43;"A";1007.05;"A";40;"A";0;"A";9;"A";163;"A";0.33;"A";123.33;"A"
"2025-06-25 12:45";99.97;"A";4211.67;"A";4215.2;"A";8.78;"A";4.68;"A";3.31;"A";37.82;"A";24.54;"A";51;"A";30.15;"A";32.24;"A";1007.2;"A";38;"A";0;"A";13;"A";145;"A";0.67;"A";233.33;"A"
"2025-06-25 13:00";99.97;"A";4212.07;"A";4216.27;"A";8.01;"A";5.08;"A";3.41;"A";37.66;"A";25.1;"A";49;"A";30.46;"A";32.47;"A";1007.07;"A";39;"A";0;"A";10;"A";136;"A";0.67;"A";273.33;"A"
"2025-06-25 13:15";99.97;"A";4210.07;"A";4213.4;"A";11.51;"A";7.88;"A";5.46;"A";37.68;"A";25.12;"A";49;"A";30.51;"A";32.45;"A";1006.86;"A";40;"A";0;"A";10;"A";171;"A";0.33;"A";156.67;"A"
"2025-06-25 13:30";99.86;"A";4201.6;"A";4203.87;"A";8.44;"A";5.6;"A";3.65;"A";37.67;"A";25.39;"A";50;"A";30.05;"A";33.48;"A";1006.93;"A";39;"A";0;"A";10;"A";150;"A";0.33;"A";180;"A"
"2025-06-25 13:45";99.89;"A";4210.6;"A";4214.4;"A";8.35;"A";5.15;"A";3.64;"A";37.45;"A";25.6;"A";48;"A";29.87;"A";33.52;"A";1006.73;"A";40;"A";0;"A";8;"A";150;"A";0;"A";83.33;"A"
"2025-06-25 14:00";99.92;"A";4211.47;"A";4214.87;"A";7.56;"A";4.95;"A";3.57;"A";37.34;"A";25.57;"A";49;"A";30.19;"A";33.02;"A";1006.51;"A";40;"A";0;"A";9;"A";147;"A";0;"A";143.33;"A"
"2025-06-25 14:15";99.94;"A";4211.67;"A";4214.73;"A";8.46;"A";5.22;"A";3.69;"A";37.35;"A";25.62;"A";50;"A";30.2;"A";32.61;"A";1006.43;"A";37;"A";0;"A";13;"A";135;"A";0.33;"A";133.33;"A"
"2025-06-25 14:30";99.96;"A";4212;"A";4215.73;"A";10.12;"A";6.89;"A";4.81;"A";37.27;"A";25.64;"A";50;"A";30.18;"A";32.77;"A";1006.41;"A";42;"A";0;"A";9;"A";146;"A";0.67;"A";233.33;"A"
"2025-06-25 14:45";99.97;"A";4211.67;"A";4215.07;"A";8.4;"A";5.28;"A";3.85;"A";37.22;"A";25.92;"A";48;"A";30.28;"A";32.84;"A";1006.14;"A";40;"A";0;"A";8;"A";173;"A";0;"A";0;"A"
"2025-06-25 15:00";99.98;"A";4211.93;"A";4214.8;"A";9.31;"A";5.33;"A";3.81;"A";37.21;"A";26.51;"A";49;"A";30.16;"A";33.5;"A";1006.05;"A";39;"A";0;"A";10;"A";177;"A";0.67;"A";350;"A"
"2025-06-25 15:15";99.98;"A";4211.8;"A";4214.93;"A";8.38;"A";5.2;"A";3.82;"A";37.14;"A";26.73;"A";48;"A";29.98;"A";34.13;"A";1005.85;"A";38;"A";0;"A";10;"A";210;"A";0.33;"A";160;"A"
"2025-06-25 15:30";99.98;"A";4211.73;"A";4214.87;"A";6.91;"A";5.12;"A";3.56;"A";37.1;"A";26.42;"A";48;"A";30.2;"A";33.29;"A";1005.76;"A";39;"A";0;"A";9;"A";158;"A";0;"A";160;"A"
"2025-06-25 15:45";99.99;"A";4211.8;"A";4215;"A";8.74;"A";5.39;"A";3.73;"A";37.11;"A";26.36;"A";49;"A";30.26;"A";32.69;"A";1005.48;"A";40;"A";0;"A";9;"A";209;"A";0.33;"A";116.67;"A"
"2025-06-25 16:00";99.99;"A";4212.07;"A";4216.4;"A";10.07;"A";5.89;"A";3.88;"A";37.13;"A";26.62;"A";49;"A";30.2;"A";33.71;"A";1005.27;"A";40;"A";0;"A";9;"A";138;"A";0;"A";86.67;"A"
"2025-06-25 16:15";99.99;"A";4211.8;"A";4214.73;"A";9.12;"A";5.69;"A";3.81;"A";37.05;"A";27.26;"A";49;"A";29.94;"A";34.83;"A";1005.06;"A";41;"A";0;"A";7;"A";140;"A";0;"A";60;"A"
"2025-06-25 16:30";99.99;"A";4211.87;"A";4215.13;"A";8.76;"A";5.81;"A";4.26;"A";36.89;"A";27.67;"A";48;"A";29.92;"A";35.46;"A";1004.91;"A";40;"A";0;"A";8;"A";173;"A";0;"A";146.67;"A"
"2025-06-25 16:45";99.99;"A";4211.8;"A";4215.2;"A";9.51;"A";5.68;"A";4.14;"A";36.89;"A";27.82;"A";48;"A";30.21;"A";34.65;"A";1004.85;"A";40;"A";0;"A";7;"A";138;"A";0;"A";56.67;"A"
"2025-06-25 17:00";100;"A";4211.93;"A";4215.27;"A";8.91;"A";5.62;"A";4.06;"A";36.98;"A";27.62;"A";48;"A";30.21;"A";35;"A";1004.6;"A";40;"A";0;"A";8;"A";152;"A";0.67;"A";123.33;"A"
"2025-06-25 17:15";100;"A";4212;"A";4215.27;"A";11.12;"A";5.88;"A";4.02;"A";37.02;"A";27.47;"A";47;"A";30.27;"A";34.35;"A";1004.5;"A";40;"A";0;"A";8;"A";130;"A";0;"A";60;"A"
"2025-06-25 17:30";100;"A";4212.6;"A";4215.8;"A";8.8;"A";5.26;"A";3.86;"A";37.06;"A";27.1;"A";48;"A";30.34;"A";33.8;"A";1004.33;"A";40;"A";0;"A";8;"A";152;"A";0;"A";193.33;"A"
"2025-06-25 17:45";100;"A";4211.93;"A";4215.4;"A";9.55;"A";5.76;"A";3.9;"A";37.06;"A";26.97;"A";48;"A";30.35;"A";33.53;"A";1004.25;"A";39;"A";0;"A";9;"A";135;"A";0;"A";66.67;"A"
"2025-06-25 18:00";100;"A";4211.93;"A";4215.07;"A";8.37;"A";5.37;"A";3.87;"A";37.06;"A";26.28;"A";47;"A";30.46;"A";32.24;"A";1004.26;"A";39;"A";0;"A";8;"A";121;"A";0;"A";70;"A"
"2025-06-25 18:15";100;"A";4212.07;"A";4214.93;"A";8.66;"A";5.25;"A";3.58;"A";37.15;"A";26.17;"A";46;"A";30.56;"A";32.33;"A";1004.14;"A";38;"A";0;"A";8;"A";122;"A";0;"A";40;"A"
"2025-06-25 18:30";100;"A";4212.07;"A";4215.53;"A";7.23;"A";4.73;"A";3.28;"A";37.26;"A";25.6;"A";45;"A";30.69;"A";31.73;"A";1004.07;"A";38;"A";0;"A";7;"A";112;"A";0;"A";70;"A"
"2025-06-25 18:45";100;"A";4212.27;"A";4215.13;"A";8.42;"A";4.75;"A";3.39;"A";37.33;"A";25.97;"A";45;"A";30.51;"A";33.18;"A";1004.07;"A";36;"A";0;"A";9;"A";127;"A";0.67;"A";336.67;"A"
"2025-06-25 19:00";100;"A";4212.33;"A";4216;"A";7.7;"A";4.82;"A";3.55;"A";37.23;"A";27.27;"A";43;"A";30.19;"A";34.73;"A";1004;"A";36;"A";0;"A";8;"A";130;"A";1;"A";343.33;"A"
"2025-06-25 19:15";100;"A";4212.27;"A";4215.2;"A";7.26;"A";4.75;"A";3.16;"A";37.01;"A";27.28;"A";43;"A";30.01;"A";34.69;"A";1003.92;"A";35;"A";0;"A";8;"A";127;"A";0.67;"A";233.33;"A"
"2025-06-25 19:30";100;"A";4212.07;"A";4214.93;"A";7.05;"A";4.46;"A";3.27;"A";36.76;"A";27.81;"A";43;"A";29.71;"A";35.54;"A";1003.74;"A";34;"A";0;"A";9;"A";143;"A";0.33;"A";330;"A"
"2025-06-25 19:45";100;"A";4212.13;"A";4214.87;"A";7;"A";4.59;"A";3.08;"A";36.52;"A";28.1;"A";42;"A";29.62;"A";35.48;"A";1003.68;"A";34;"A";0;"A";7;"A";138;"A";0;"A";56.67;"A"
"2025-06-25 20:00";100;"A";4212.13;"A";4215.33;"A";7.52;"A";4.95;"A";3.37;"A";36.3;"A";28.76;"A";42;"A";29.2;"A";36.87;"A";1003.48;"A";34;"A";0;"A";8;"A";135;"A";0;"A";303.33;"A"
"2025-06-25 20:15";100;"A";4212.33;"A";4214.8;"A";7.73;"A";5.24;"A";3.56;"A";35.96;"A";29.83;"A";40;"A";28.66;"A";38.04;"A";1003.53;"A";33;"A";0;"A";7;"A";142;"A";0;"A";286.67;"A"
"2025-06-25 20:30";100;"A";4212.6;"A";4216.07;"A";9.34;"A";5.36;"A";3.47;"A";35.47;"A";30.6;"A";36;"A";28.16;"A";39.31;"A";1003.66;"A";27;"A";0;"A";9;"A";172;"A";0;"A";163.33;"A"
"2025-06-25 20:45";100;"A";4212.4;"A";4215.2;"A";11.15;"A";6.78;"A";4.37;"A";34.98;"A";31.94;"A";34;"A";27.65;"A";40.95;"A";1003.7;"A";26;"A";0;"A";8;"A";193;"A";0;"A";130;"A"
"2025-06-25 21:00";100;"A";4210.87;"A";4213.6;"A";16.09;"A";10.49;"A";7.12;"A";34.48;"A";33.74;"A";32;"A";27.06;"A";43.61;"A";1003.69;"A";22;"A";2;"A";10;"A";313;"A";0;"A";230;"A"
"2025-06-25 21:15";99.85;"A";4196.07;"A";4196.87;"A";14.42;"A";9.66;"A";6.66;"A";33.96;"A";35.13;"A";31;"A";26.58;"A";44.64;"A";1003.74;"A";21;"A";1;"A";10;"A";232;"A";0;"A";220;"A"
"2025-06-25 21:30";99.87;"A";4210.67;"A";4213.93;"A";13.71;"A";8.38;"A";5.75;"A";33.51;"A";34.71;"A";34;"A";26.5;"A";43.73;"A";1003.85;"A";22;"A";0;"A";12;"A";193;"A";0;"A";140;"A"
"2025-06-25 21:45";99.92;"A";4211.2;"A";4214.47;"A";15.19;"A";8.92;"A";6.03;"A";33.24;"A";36.45;"A";34;"A";26.41;"A";45.78;"A";1004.11;"A";24;"A";0;"A";10;"A";188;"A";0.33;"A";143.33;"A"
"2025-06-25 22:00";99.95;"A";4212;"A";4215.4;"A";13.06;"A";7.78;"A";5.3;"A";33.1;"A";37.85;"A";34;"A";26.3;"A";47.19;"A";1004.2;"A";28;"A";0;"A";7;"A";149;"A";0;"A";136.67;"A"
"2025-06-25 22:15";99.97;"A";4211.67;"A";4214.67;"A";12.85;"A";7.56;"A";5.32;"A";32.96;"A";38.27;"A";36;"A";26.2;"A";47.34;"A";1004.29;"A";29;"A";0;"A";7;"A";139;"A";0;"A";133.33;"A"
"2025-06-25 22:30";99.99;"A";4211.73;"A";4215.27;"A";12.78;"A";7.19;"A";4.81;"A";32.8;"A";37.9;"A";37;"A";25.88;"A";46.93;"A";1004.14;"A";32;"A";0;"A";6;"A";136;"A";0;"A";133.33;"A"
"2025-06-25 22:45";100;"A";4212.07;"A";4214.8;"A";11.56;"A";6.96;"A";4.78;"A";32.58;"A";37.88;"A";39;"A";25.73;"A";47.2;"A";1004.11;"A";33;"A";0;"A";6;"A";120;"A";0;"A";133.33;"A"
"2025-06-25 23:00";100;"A";4212.67;"A";4214.93;"A";9.59;"A";6.56;"A";4.57;"A";32.39;"A";38.35;"A";38;"A";25.51;"A";47.75;"A";1004.09;"A";32;"A";0;"A";6;"A";122;"A";0.33;"A";166.67;"A"
"2025-06-25 23:15";99.97;"A";4206.33;"A";4208.67;"A";10.68;"A";6.33;"A";4.45;"A";32.19;"A";39.04;"A";37;"A";25.29;"A";49.06;"A";1004.01;"A";31;"A";0;"A";6;"A";122;"A";0;"A";276.67;"A"
"2025-06-25 23:30";99.94;"A";4211.67;"A";4214.6;"A";11.28;"A";6.76;"A";4.58;"A";31.97;"A";39.69;"A";35;"A";25.09;"A";49.65;"A";1004.11;"A";30;"A";0;"A";5;"A";121;"A";0.33;"A";133.33;"A"
"2025-06-25 23:45";99.96;"A";4211.93;"A";4215.13;"A";10.61;"A";6.98;"A";4.62;"A";31.78;"A";40.18;"A";36;"A";24.9;"A";50.3;"A";1004;"A";31;"A";0;"A";5;"A";117;"A";0;"A";260;"A"
"2025-06-26 00:00";99.98;"A";4211.73;"A";4214.67;"A";10.5;"A";6.54;"A";4.59;"A";31.58;"A";40.59;"A";36;"A";24.78;"A";50.79;"A";1003.88;"A";30;"A";0;"A";5;"A";120;"A";0;"A";133.33;"A"
"2025-06-26 00:15";99.99;"A";4212.13;"A";4215.07;"A";11.62;"A";6.75;"A";4.63;"A";31.4;"A";41.04;"A";37;"A";24.48;"A";51.82;"A";1003.92;"A";31;"A";0;"A";6;"A";120;"A";0;"A";260;"A"
"2025-06-26 00:30";100;"A";4212.6;"A";4215.2;"A";9.84;"A";6.43;"A";4.7;"A";31.16;"A";41.67;"A";35;"A";24.25;"A";52.47;"A";1003.78;"A";29;"A";0;"A";6;"A";121;"A";0;"A";203.33;"A"
"2025-06-26 00:45";100;"A";4212.73;"A";4215.2;"A";10.16;"A";6.56;"A";4.61;"A";30.92;"A";42.4;"A";34;"A";23.96;"A";53.26;"A";1003.68;"A";29;"A";0;"A";5;"A";119;"A";0.33;"A";130;"A"
"2025-06-26 01:00";100;"A";4212.6;"A";4215.07;"A";10.71;"A";6.56;"A";4.74;"A";30.67;"A";43.25;"A";33;"A";23.71;"A";54.54;"A";1003.61;"A";28;"A";0;"A";6;"A";120;"A";1;"A";130;"A"
"2025-06-26 01:15";100;"A";4213;"A";4215.8;"A";10.59;"A";6.61;"A";4.76;"A";30.44;"A";44.08;"A";32;"A";23.55;"A";55.34;"A";1003.48;"A";27;"A";0;"A";5;"A";119;"A";0.67;"A";130;"A"
"2025-06-26 01:30";100;"A";4212.6;"A";4215;"A";11.5;"A";6.99;"A";4.78;"A";30.25;"A";44.59;"A";33;"A";23.36;"A";55.83;"A";1003.46;"A";28;"A";0;"A";5;"A";120;"A";1;"A";136.67;"A"
"2025-06-26 01:45";100;"A";4212.6;"A";4215;"A";11.76;"A";7.18;"A";4.86;"A";30.09;"A";45.37;"A";32;"A";23.31;"A";56.61;"A";1003.16;"A";27;"A";0;"A";5;"A";118;"A";0;"A";170;"A"
"2025-06-26 02:00";100;"A";4212.6;"A";4214.8;"A";10.2;"A";7.19;"A";5.02;"A";29.95;"A";45.95;"A";31;"A";23.04;"A";57.65;"A";1003.08;"A";27;"A";0;"A";5;"A";121;"A";0.67;"A";136.67;"A"
"2025-06-26 02:15";100;"A";4212.6;"A";4215.2;"A";10.64;"A";7.71;"A";5.41;"A";29.76;"A";46.69;"A";32;"A";22.92;"A";58.38;"A";1002.75;"A";26;"A";0;"A";5;"A";125;"A";0.67;"A";130;"A"
"2025-06-26 02:30";99.95;"A";4199.2;"A";4200.33;"A";13.25;"A";8.04;"A";5.64;"A";29.61;"A";47.38;"A";30;"A";22.85;"A";59.25;"A";1002.53;"A";25;"A";0;"A";5;"A";131;"A";0;"A";113.33;"A"
"2025-06-26 02:45";99.87;"A";4211.07;"A";4214.87;"A";13.09;"A";7.71;"A";5.67;"A";29.51;"A";47.84;"A";30;"A";22.76;"A";59.63;"A";1002.49;"A";24;"A";0;"A";6;"A";131;"A";0;"A";63.33;"A"
"2025-06-26 03:00";99.92;"A";4211.47;"A";4214.53;"A";13.65;"A";8.3;"A";5.65;"A";29.4;"A";47.69;"A";31;"A";22.73;"A";59.14;"A";1002.4;"A";22;"A";0;"A";9;"A";127;"A";0;"A";170;"A"
"2025-06-26 03:15";99.95;"A";4211.6;"A";4214.53;"A";14.32;"A";9.28;"A";6.03;"A";29.33;"A";48.09;"A";33;"A";22.66;"A";59.71;"A";1002.16;"A";20;"A";0;"A";13;"A";137;"A";0.33;"A";83.33;"A"
"2025-06-26 03:30";99.97;"A";4211.73;"A";4214.8;"A";14.2;"A";9.26;"A";6.15;"A";29.27;"A";48.54;"A";32;"A";22.68;"A";60.09;"A";1001.91;"A";24;"A";0;"A";8;"A";145;"A";0;"A";123.33;"A"
"2025-06-26 03:45";99.98;"A";4212.4;"A";4215.07;"A";14.22;"A";8.94;"A";6.44;"A";29.24;"A";49.03;"A";31;"A";22.64;"A";60.81;"A";1001.83;"A";23;"A";0;"A";8;"A";147;"A";0.67;"A";123.33;"A"
"2025-06-26 04:00";99.99;"A";4212.6;"A";4214.73;"A";14.34;"A";9.05;"A";6.3;"A";29.2;"A";49.4;"A";31;"A";22.62;"A";61.13;"A";1001.61;"A";21;"A";0;"A";10;"A";144;"A";0;"A";73.33;"A"
"2025-06-26 04:15";100;"A";4212.87;"A";4215.47;"A";14.06;"A";8.96;"A";6.3;"A";29.21;"A";49.86;"A";31;"A";22.69;"A";62.02;"A";1001.63;"A";21;"A";0;"A";10;"A";143;"A";0.33;"A";126.67;"A"
"2025-06-26 04:30";100;"A";4212.73;"A";4215.33;"A";18.64;"A";10.69;"A";7.02;"A";29.2;"A";54.88;"A";31;"A";22.03;"A";71.76;"A";1001.84;"A";20;"A";1;"A";11;"A";160;"A";0.33;"A";56.67;"A"
"2025-06-26 04:45";100;"A";4211.07;"A";4212.93;"A";15.67;"A";10.54;"A";7.53;"A";28.84;"A";58.24;"A";27;"A";21.28;"A";76.86;"A";1003.72;"A";22;"A";1;"A";5;"A";144;"A";1;"A";23.33;"A"
"2025-06-26 05:00";99.86;"A";4198.4;"A";4198.87;"A";12.05;"A";8.51;"A";7.5;"A";28.54;"A";60.16;"A";23;"A";20.54;"A";80.44;"A";1003.71;"A";20;"A";2;"A";3;"A";135;"A";1.33;"A";236.67;"A"
"2025-06-26 05:15";99.89;"A";4210.73;"A";4213.6;"A";10.45;"A";7.41;"A";6.53;"A";28.63;"A";60.15;"A";24;"A";20.07;"A";83.94;"A";1003.45;"A";21;"A";1;"A";3;"A";125;"A";1.33;"A";340;"A"
"2025-06-26 05:30";99.93;"A";4211.67;"A";4214.33;"A";9.03;"A";6.44;"A";5.67;"A";28.83;"A";60.11;"A";21;"A";19.87;"A";85.44;"A";1002.97;"A";18;"A";1;"A";3;"A";117;"A";0.33;"A";336.67;"A"
"2025-06-26 05:45";99.96;"A";4211.93;"A";4214.73;"A";8.29;"A";5.94;"A";5.23;"A";28.91;"A";60.01;"A";20;"A";19.78;"A";86.26;"A";1002.69;"A";18;"A";1;"A";3;"A";114;"A";0;"A";250;"A"
"2025-06-26 06:00";99.98;"A";4212.13;"A";4214.8;"A";7.54;"A";5.42;"A";4.77;"A";29.04;"A";59.86;"A";19;"A";19.86;"A";86.49;"A";1002.39;"A";16;"A";1;"A";4;"A";117;"A";0;"A";266.67;"A"
"2025-06-26 06:15";99.98;"A";4212.13;"A";4214.47;"A";6.57;"A";4.75;"A";4.19;"A";29;"A";60.04;"A";19;"A";19.95;"A";85.32;"A";1002.46;"A";16;"A";1;"A";3;"A";114;"A";0;"A";173.33;"A"
"2025-06-26 06:30";99.99;"A";4212.47;"A";4214.8;"A";6.03;"A";4.38;"A";3.86;"A";28.86;"A";59.94;"A";21;"A";20.16;"A";84.52;"A";1002.38;"A";18;"A";0;"A";4;"A";115;"A";0;"A";30;"A"
"2025-06-26 06:45";100;"A";4212.53;"A";4214.67;"A";6.42;"A";4.65;"A";4.1;"A";28.88;"A";60.01;"A";21;"A";20.22;"A";84.47;"A";1002.1;"A";16;"A";1;"A";5;"A";126;"A";0;"A";233.33;"A"
"2025-06-26 07:00";100;"A";4212.6;"A";4214.53;"A";6.57;"A";4.75;"A";4.19;"A";28.88;"A";59.96;"A";18;"A";20.2;"A";84.45;"A";1002.33;"A";14;"A";2;"A";4;"A";131;"A";0;"A";113.33;"A"
"2025-06-26 07:15";100;"A";4212.73;"A";4214.93;"A";6.39;"A";4.63;"A";4.08;"A";29.02;"A";59.9;"A";16;"A";20.37;"A";83.97;"A";1002.32;"A";13;"A";2;"A";3;"A";121;"A";0;"A";263.33;"A"
"2025-06-26 07:30";100;"A";4212.73;"A";4215.4;"A";6.78;"A";4.9;"A";4.32;"A";29.1;"A";60.03;"A";19;"A";20.83;"A";83.03;"A";1002.49;"A";14;"A";2;"A";5;"A";137;"A";0;"A";100;"A"
"2025-06-26 07:45";100;"A";4212.6;"A";4215.2;"A";7.53;"A";5.58;"A";4.37;"A";29.15;"A";59.45;"A";15;"A";22.96;"A";72.3;"A";1002.46;"A";12;"A";0;"A";2;"A";129;"A";0;"A";343.33;"A"
"2025-06-26 08:00";100;"A";4212.6;"A";4214.93;"A";8.23;"A";5.69;"A";4.13;"A";30.05;"A";56.35;"A";24;"A";25.03;"A";64.62;"A";1002.49;"A";19;"A";0;"A";4;"A";122;"A";1.67;"A";343.33;"A"
"2025-06-26 08:15";100;"A";4212.6;"A";4214.93;"A";8.57;"A";5.47;"A";4;"A";32;"A";50.35;"A";28;"A";26.47;"A";59.04;"A";1002.55;"A";22;"A";0;"A";6;"A";120;"A";2;"A";226.67;"A"
"2025-06-26 08:30";100;"A";4212.47;"A";4215.2;"A";6.57;"A";4.91;"A";3.37;"A";33.64;"A";45.17;"A";31;"A";27.51;"A";54.39;"A";1002.6;"A";23;"A";0;"A";8;"A";114;"A";2.33;"A";350;"A"
"2025-06-26 08:45";99.97;"A";4203.93;"A";4206.2;"A";6.13;"A";4.04;"A";2.99;"A";34.91;"A";40.84;"A";33;"A";28.42;"A";50.2;"A";1002.55;"A";26;"A";0;"A";7;"A";119;"A";2;"A";116.67;"A"
"2025-06-26 09:00";99.9;"A";4211.33;"A";4215.27;"A";6.82;"A";4.32;"A";2.95;"A";35.89;"A";37.79;"A";33;"A";29.09;"A";46.71;"A";1002.55;"A";25;"A";0;"A";8;"A";124;"A";1;"A";236.67;"A"
"2025-06-26 09:15";99.93;"A";4211.47;"A";4214.73;"A";6.28;"A";4.08;"A";2.84;"A";36.8;"A";35.35;"A";34;"A";29.55;"A";44.88;"A";1002.86;"A";26;"A";0;"A";8;"A";164;"A";1.67;"A";116.67;"A"
"2025-06-26 09:30";99.95;"A";4211.73;"A";4214.73;"A";6.3;"A";3.96;"A";2.75;"A";37.41;"A";32.38;"A";36;"A";29.78;"A";42.11;"A";1003.13;"A";27;"A";0;"A";9;"A";117;"A";2.33;"A";116.67;"A"
"2025-06-26 09:45";99.96;"A";4211.67;"A";4214.8;"A";5.57;"A";3.51;"A";2.47;"A";37.77;"A";30.08;"A";36;"A";30.02;"A";39.1;"A";1003.22;"A";28;"A";0;"A";8;"A";110;"A";2.33;"A";233.33;"A"
"2025-06-26 10:00";99.97;"A";4211.73;"A";4215;"A";5.6;"A";3.65;"A";2.52;"A";37.99;"A";28.38;"A";38;"A";30.07;"A";37.42;"A";1003.35;"A";27;"A";0;"A";11;"A";126;"A";2.33;"A";233.33;"A"
"2025-06-26 10:15";99.97;"A";4211.6;"A";4215.2;"A";5.33;"A";2.83;"A";2.03;"A";37.96;"A";26.75;"A";37;"A";30.19;"A";34.9;"A";1003.47;"A";29;"A";0;"A";8;"A";124;"A";1.33;"A";0;"A"
"2025-06-26 10:30";99.98;"A";4211.87;"A";4215.4;"A";5.84;"A";3.74;"A";2.61;"A";38.11;"A";26.1;"A";37;"A";30.33;"A";33.34;"A";1003.59;"A";28;"A";0;"A";10;"A";169;"A";1.33;"A";233.33;"A"
"2025-06-26 10:45";99.98;"A";4211.93;"A";4215.4;"A";4.98;"A";2.87;"A";1.91;"A";38.33;"A";24.96;"A";39;"A";30.3;"A";32.81;"A";1003.81;"A";30;"A";0;"A";9;"A";173;"A";2;"A";116.67;"A"
"2025-06-26 11:00";99.98;"A";4211.67;"A";4215;"A";6.17;"A";2.74;"A";1.93;"A";38.24;"A";23.63;"A";38;"A";30.11;"A";30.85;"A";1003.92;"A";30;"A";0;"A";8;"A";145;"A";2;"A";116.67;"A"
"2025-06-26 11:15";99.98;"A";4211.67;"A";4215;"A";5.4;"A";2.36;"A";1.65;"A";37.96;"A";22.71;"A";40;"A";30.05;"A";30.42;"A";1004.14;"A";30;"A";0;"A";10;"A";141;"A";1.67;"A";116.67;"A"
"2025-06-26 11:30";99.99;"A";4211.73;"A";4214.93;"A";5.24;"A";2.62;"A";1.72;"A";37.78;"A";22.47;"A";38;"A";30;"A";29.02;"A";1004.09;"A";29;"A";0;"A";9;"A";127;"A";1.33;"A";116.67;"A"
"2025-06-26 11:45";99.99;"A";4211.67;"A";4215.07;"A";4.59;"A";2.67;"A";1.86;"A";37.58;"A";21.55;"A";40;"A";29.9;"A";28.43;"A";1004.22;"A";30;"A";0;"A";10;"A";120;"A";1.67;"A";0;"A"
"2025-06-26 12:00";99.99;"A";4211.73;"A";4215.4;"A";4.96;"A";2.6;"A";1.74;"A";37.38;"A";23;"A";38;"A";29.83;"A";30.14;"A";1004.3;"A";31;"A";0;"A";8;"A";153;"A";2;"A";233.33;"A"
"2025-06-26 12:15";99.99;"A";4212.07;"A";4216;"A";4.52;"A";2.66;"A";1.81;"A";37.22;"A";23.77;"A";37;"A";29.89;"A";29.92;"A";1004.31;"A";29;"A";0;"A";9;"A";146;"A";2.33;"A";350;"A"
"2025-06-26 12:30";99.99;"A";4211.73;"A";4214.73;"A";4.55;"A";2.8;"A";2.06;"A";37.2;"A";23.47;"A";37;"A";29.89;"A";29.86;"A";1004.41;"A";30;"A";0;"A";7;"A";128;"A";2;"A";233.33;"A"
"2025-06-26 12:45";99.99;"A";4211.73;"A";4214.53;"A";6.96;"A";3.74;"A";2.65;"A";37.17;"A";23.16;"A";38;"A";29.72;"A";29.48;"A";1004.43;"A";31;"A";0;"A";8;"A";181;"A";2;"A";233.33;"A"
"2025-06-26 13:00";100;"A";4211.73;"A";4215.13;"A";4.93;"A";3.2;"A";2.38;"A";37.09;"A";23.02;"A";37;"A";29.74;"A";28.95;"A";1004.57;"A";30;"A";0;"A";7;"A";220;"A";2;"A";116.67;"A"
"2025-06-26 13:15";100;"A";4211.93;"A";4215.2;"A";5.02;"A";2.53;"A";1.8;"A";37.07;"A";23.02;"A";37;"A";29.68;"A";29.37;"A";1004.62;"A";30;"A";0;"A";7;"A";148;"A";2;"A";233.33;"A"
"2025-06-26 13:30";100;"A";4212.13;"A";4215.67;"A";5.07;"A";2.25;"A";1.67;"A";36.99;"A";23.13;"A";37;"A";29.58;"A";29.49;"A";1004.67;"A";30;"A";0;"A";6;"A";121;"A";1.67;"A";233.33;"A"
"2025-06-26 13:45";100;"A";4212.2;"A";4216;"A";4.99;"A";2.27;"A";1.59;"A";36.86;"A";22.87;"A";38;"A";29.22;"A";30.09;"A";1004.92;"A";31;"A";0;"A";8;"A";110;"A";2;"A";0;"A"
"2025-06-26 14:00";100;"A";4210.53;"A";4213.8;"A";5.03;"A";3;"A";1.96;"A";36.53;"A";23.77;"A";37;"A";28.93;"A";31.49;"A";1005.04;"A";30;"A";0;"A";7;"A";144;"A";1.67;"A";236.67;"A"
"2025-06-26 14:15";99.89;"A";4200.53;"A";4202.27;"A";3.7;"A";2.58;"A";1.84;"A";36.17;"A";24.23;"A";37;"A";28.66;"A";31.46;"A";1005.17;"A";30;"A";0;"A";7;"A";140;"A";1.33;"A";116.67;"A"
"2025-06-26 14:30";99.91;"A";4211;"A";4214.33;"A";3.57;"A";2.24;"A";1.64;"A";35.82;"A";25.09;"A";35;"A";28.64;"A";31.92;"A";1005.24;"A";29;"A";0;"A";6;"A";129;"A";1.67;"A";116.67;"A"
"2025-06-26 14:45";99.95;"A";4211.67;"A";4214.73;"A";3.81;"A";2.31;"A";1.62;"A";35.63;"A";25.56;"A";35;"A";28.44;"A";32.73;"A";1005.36;"A";29;"A";0;"A";6;"A";136;"A";1.33;"A";116.67;"A"
"2025-06-26 15:00";99.97;"A";4211.8;"A";4215.13;"A";4.85;"A";2.55;"A";1.78;"A";35.46;"A";25.55;"A";35;"A";28.4;"A";32.25;"A";1005.39;"A";28;"A";0;"A";7;"A";131;"A";1.33;"A";123.33;"A"
"2025-06-26 15:15";99.98;"A";4211.87;"A";4215.4;"A";5.28;"A";2.65;"A";1.85;"A";35.31;"A";25.66;"A";36;"A";28.16;"A";32.92;"A";1005.43;"A";29;"A";0;"A";6;"A";135;"A";1.33;"A";233.33;"A"
"2025-06-26 15:30";99.99;"A";4211.8;"A";4215.07;"A";4.18;"A";2.35;"A";1.57;"A";35.13;"A";26.09;"A";35;"A";28;"A";32.9;"A";1005.33;"A";29;"A";0;"A";5;"A";132;"A";1.67;"A";233.33;"A"
"2025-06-26 15:45";100;"A";4211.73;"A";4214.73;"A";5.9;"A";2.75;"A";1.9;"A";34.91;"A";26.6;"A";34;"A";27.99;"A";33.38;"A";1005.44;"A";28;"A";0;"A";6;"A";210;"A";0.67;"A";136.67;"A"
"2025-06-26 16:00";100;"A";4212.33;"A";4215.07;"A";4.1;"A";2.34;"A";1.62;"A";34.82;"A";26.45;"A";35;"A";27.9;"A";32.66;"A";1005.38;"A";29;"A";0;"A";6;"A";142;"A";1.33;"A";3.33;"A"
"2025-06-26 16:15";100;"A";4212.27;"A";4215.2;"A";4.33;"A";2.31;"A";1.62;"A";34.73;"A";26.29;"A";37;"A";27.66;"A";32.96;"A";1005.41;"A";30;"A";0;"A";7;"A";219;"A";1.67;"A";233.33;"A"
"2025-06-26 16:30";100;"A";4212.6;"A";4215.2;"A";4.24;"A";2.55;"A";1.98;"A";34.57;"A";26.94;"A";35;"A";27.59;"A";33.34;"A";1005.52;"A";30;"A";0;"A";6;"A";151;"A";1.67;"A";233.33;"A"
"2025-06-26 16:45";99.98;"A";4202.47;"A";4203.6;"A";4.93;"A";3.34;"A";2.32;"A";34.41;"A";27.08;"A";34;"A";27.58;"A";33.51;"A";1005.54;"A";29;"A";0;"A";5;"A";179;"A";1.33;"A";120;"A"
"2025-06-26 17:00";99.83;"A";4204.4;"A";4206.8;"A";3.17;"A";2.43;"A";1.7;"A";34.34;"A";26.68;"A";36;"A";27.44;"A";33;"A";1005.48;"A";29;"A";0;"A";7;"A";158;"A";1;"A";123.33;"A"
"2025-06-26 17:15";99.89;"A";4210.73;"A";4214.13;"A";4.04;"A";2.56;"A";1.64;"A";34.19;"A";26.95;"A";37;"A";27.1;"A";34.42;"A";1005.51;"A";30;"A";0;"A";6;"A";120;"A";1.67;"A";233.33;"A"
"2025-06-26 17:30";99.93;"A";4211.67;"A";4214.67;"A";3.27;"A";2.26;"A";1.53;"A";33.94;"A";27.51;"A";35;"A";26.95;"A";34.83;"A";1005.75;"A";29;"A";0;"A";6;"A";119;"A";1;"A";16.67;"A"
"2025-06-26 17:45";99.96;"A";4211.67;"A";4214.73;"A";4.58;"A";2.4;"A";1.64;"A";33.75;"A";27.74;"A";35;"A";26.8;"A";34.98;"A";1005.9;"A";29;"A";0;"A";6;"A";127;"A";1.33;"A";116.67;"A"
"2025-06-26 18:00";99.98;"A";4211.87;"A";4215.13;"A";4.6;"A";2.21;"A";1.69;"A";33.59;"A";28.03;"A";35;"A";26.67;"A";34.99;"A";1005.96;"A";29;"A";0;"A";6;"A";127;"A";1.33;"A";116.67;"A"
"2025-06-26 18:15";99.99;"A";4212;"A";4215.07;"A";9.85;"A";7.43;"A";5.12;"A";33.42;"A";28.25;"A";35;"A";26.4;"A";35.05;"A";1005.98;"A";29;"A";0;"A";6;"A";126;"A";1.67;"A";233.33;"A"
"2025-06-26 18:30";100;"A";4211.93;"A";4215.07;"A";5.33;"A";3.38;"A";2.46;"A";33.2;"A";28.52;"A";35;"A";26.27;"A";35.57;"A";1006.21;"A";29;"A";0;"A";6;"A";137;"A";1.67;"A";233.33;"A"
"2025-06-26 18:45";100;"A";4212.6;"A";4215.13;"A";4.16;"A";2.85;"A";2.01;"A";33.02;"A";28.98;"A";34;"A";26.12;"A";35.88;"A";1006.52;"A";28;"A";0;"A";6;"A";176;"A";1.33;"A";233.33;"A"
"2025-06-26 19:00";100;"A";4212.6;"A";4214.93;"A";4.93;"A";2.82;"A";1.93;"A";32.85;"A";29.17;"A";34;"A";25.86;"A";36.36;"A";1006.64;"A";29;"A";0;"A";5;"A";181;"A";1;"A";233.33;"A"
"2025-06-26 19:15";100;"A";4212.6;"A";4215.13;"A";5.05;"A";2.38;"A";1.77;"A";32.64;"A";29.61;"A";34;"A";25.59;"A";37.27;"A";1006.78;"A";27;"A";0;"A";6;"A";177;"A";1.33;"A";233.33;"A"
"2025-06-26 19:30";100;"A";4212.73;"A";4215.47;"A";4.53;"A";2.6;"A";1.78;"A";32.4;"A";30.05;"A";33;"A";25.39;"A";37.18;"A";1007;"A";27;"A";0;"A";6;"A";154;"A";1;"A";233.33;"A"
"2025-06-26 19:45";100;"A";4212.73;"A";4215.4;"A";5.94;"A";2.81;"A";1.82;"A";32.17;"A";30.26;"A";32;"A";25.22;"A";37.27;"A";1007.08;"A";28;"A";0;"A";5;"A";122;"A";0.67;"A";233.33;"A"
"2025-06-26 20:00";100;"A";4212.6;"A";4215.13;"A";5;"A";2.7;"A";1.82;"A";31.94;"A";30.35;"A";33;"A";25;"A";37.67;"A";1007.29;"A";28;"A";0;"A";5;"A";154;"A";1;"A";350;"A"
"2025-06-26 20:15";100;"A";4212.53;"A";4215;"A";5.07;"A";2.83;"A";1.97;"A";31.7;"A";30.98;"A";32;"A";24.78;"A";38.33;"A";1007.27;"A";26;"A";0;"A";6;"A";124;"A";0;"A";350;"A"
"2025-06-26 20:30";100;"A";4212.6;"A";4215;"A";4.64;"A";2.96;"A";2.02;"A";31.46;"A";31.63;"A";31;"A";24.48;"A";39.61;"A";1007.36;"A";25;"A";0;"A";6;"A";135;"A";0.33;"A";236.67;"A"
"2025-06-26 20:45";100;"A";4212.6;"A";4215.07;"A";4.99;"A";2.81;"A";2.06;"A";31.18;"A";32;"A";31;"A";24.18;"A";39.48;"A";1007.56;"A";25;"A";0;"A";6;"A";119;"A";0.33;"A";120;"A"
"2025-06-26 21:00";99.99;"A";4207.67;"A";4209.07;"A";4.4;"A";3.06;"A";2.21;"A";30.86;"A";32.43;"A";31;"A";23.84;"A";39.97;"A";1008.25;"A";25;"A";0;"A";7;"A";123;"A";0.67;"A";346.67;"A"
"2025-06-26 21:15";99.93;"A";4211.87;"A";4214.67;"A";6.11;"A";3.88;"A";2.75;"A";30.52;"A";33.6;"A";30;"A";23.34;"A";41.94;"A";1008.47;"A";22;"A";0;"A";8;"A";147;"A";0.67;"A";240;"A"
"2025-06-26 21:30";99.96;"A";4211.67;"A";4214.87;"A";7.73;"A";4.09;"A";2.92;"A";30.09;"A";35.52;"A";28;"A";22.76;"A";45.58;"A";1008.87;"A";19;"A";2;"A";9;"A";304;"A";0.33;"A";146.67;"A"
"2025-06-26 21:45";99.98;"A";4212.27;"A";4215;"A";7.08;"A";5.26;"A";3.48;"A";29.59;"A";37.01;"A";26;"A";22.26;"A";47.75;"A";1009.14;"A";18;"A";1;"A";8;"A";257;"A";0;"A";150;"A"
"2025-06-26 22:00";99.99;"A";4212.47;"A";4214.93;"A";6.63;"A";4.26;"A";2.93;"A";29.1;"A";38.34;"A";25;"A";21.68;"A";49.49;"A";1009.24;"A";17;"A";1;"A";8;"A";145;"A";0;"A";183.33;"A"
"2025-06-26 22:15";99.96;"A";4204.87;"A";4206.27;"A";6.91;"A";3.97;"A";2.77;"A";28.6;"A";38.91;"A";25;"A";21.24;"A";49.81;"A";1009.38;"A";18;"A";0;"A";7;"A";137;"A";0;"A";123.33;"A"
"2025-06-26 22:30";99.92;"A";4211.6;"A";4214.73;"A";6.92;"A";3.88;"A";2.64;"A";28.12;"A";39.79;"A";24;"A";20.77;"A";50.57;"A";1009.33;"A";17;"A";1;"A";7;"A";138;"A";0;"A";136.67;"A"
"2025-06-26 22:45";99.96;"A";4211.87;"A";4215.33;"A";6.28;"A";4.2;"A";2.8;"A";27.68;"A";40.89;"A";25;"A";20.4;"A";52.37;"A";1009.42;"A";17;"A";1;"A";8;"A";140;"A";0;"A";133.33;"A"
"2025-06-26 23:00";99.98;"A";4212.07;"A";4215;"A";6.64;"A";4.48;"A";2.95;"A";27.27;"A";41.89;"A";24;"A";20.02;"A";53.79;"A";1009.5;"A";16;"A";1;"A";8;"A";143;"A";0;"A";200;"A"
"2025-06-26 23:15";99.91;"A";4204.07;"A";4205.4;"A";7.88;"A";5.39;"A";4.02;"A";26.89;"A";42.44;"A";25;"A";19.65;"A";53.7;"A";1009.8;"A";18;"A";1;"A";7;"A";138;"A";0;"A";320;"A"
"2025-06-26 23:30";99.93;"A";4211.8;"A";4214.73;"A";10.11;"A";7.84;"A";5.64;"A";26.51;"A";42.63;"A";26;"A";19.36;"A";54.41;"A";1009.96;"A";18;"A";0;"A";8;"A";131;"A";0;"A";306.67;"A"
"2025-06-26 23:45";99.96;"A";4211.67;"A";4214.47;"A";11.89;"A";8.52;"A";6.28;"A";26.15;"A";43.7;"A";24;"A";19.11;"A";55.68;"A";1010.1;"A";17;"A";1;"A";7;"A";129;"A";0;"A";263.33;"A"
"2025-06-27 00:00";99.93;"A";4201.13;"A";4201.73;"A";12.72;"A";8.38;"A";6.07;"A";25.86;"A";45.2;"A";22;"A";18.73;"A";57.64;"A";1010.23;"A";15;"A";1;"A";7;"A";137;"A";0;"A";266.67;"A"
"2025-06-27 00:15";99.88;"A";4211.33;"A";4214.33;"A";12.12;"A";8.09;"A";5.65;"A";25.54;"A";46.07;"A";22;"A";18.5;"A";58.05;"A";1009.93;"A";16;"A";1;"A";6;"A";134;"A";0;"A";210;"A"
"2025-06-27 00:30";99.93;"A";4211.73;"A";4214.4;"A";9.68;"A";6.74;"A";4.66;"A";25.25;"A";46.22;"A";23;"A";18.31;"A";58.47;"A";1009.65;"A";16;"A";1;"A";6;"A";135;"A";0;"A";326.67;"A"
"2025-06-27 00:45";99.97;"A";4211.87;"A";4214.4;"A";8.72;"A";6.43;"A";4.39;"A";25.01;"A";47.11;"A";22;"A";18.03;"A";59.75;"A";1009.58;"A";16;"A";1;"A";6;"A";135;"A";0;"A";343.33;"A"
"2025-06-27 01:00";99.98;"A";4212.53;"A";4214.6;"A";9.16;"A";6.38;"A";4.52;"A";24.77;"A";48.62;"A";20;"A";17.82;"A";62.1;"A";1009.8;"A";14;"A";1;"A";6;"A";135;"A";0;"A";320;"A"
"2025-06-27 01:15";100;"A";4212.6;"A";4214.6;"A";8.33;"A";5.81;"A";4.25;"A";24.53;"A";49.88;"A";19;"A";17.57;"A";63.25;"A";1009.85;"A";13;"A";1;"A";6;"A";132;"A";0;"A";326.67;"A"
"2025-06-27 01:30";99.89;"A";4193.2;"A";4191.8;"A";8.71;"A";5.43;"A";3.9;"A";24.26;"A";52;"A";19;"A";17.25;"A";67.06;"A";1009.79;"A";12;"A";2;"A";6;"A";127;"A";0.33;"A";316.67;"A"
"2025-06-27 01:45";99.84;"A";4210.67;"A";4213.93;"A";8.76;"A";5.07;"A";3.4;"A";23.95;"A";53.6;"A";17;"A";17.12;"A";67.74;"A";1009.93;"A";11;"A";2;"A";6;"A";118;"A";0;"A";260;"A"
"2025-06-27 02:00";99.9;"A";4211.47;"A";4214.2;"A";8.76;"A";5.48;"A";3.71;"A";23.74;"A";54.72;"A";16;"A";16.98;"A";69.22;"A";1010.09;"A";9;"A";2;"A";7;"A";116;"A";0;"A";316.67;"A"
"2025-06-27 02:15";99.95;"A";4211.8;"A";4214.33;"A";9.05;"A";5.17;"A";3.56;"A";23.56;"A";54.81;"A";16;"A";16.71;"A";69.06;"A";1010.14;"A";9;"A";2;"A";7;"A";112;"A";0.67;"A";323.33;"A"
"2025-06-27 02:30";99.97;"A";4212.33;"A";4214.8;"A";7.37;"A";5.19;"A";3.38;"A";23.3;"A";53.31;"A";17;"A";16.32;"A";67.06;"A";1010.53;"A";11;"A";1;"A";6;"A";101;"A";0.33;"A";293.33;"A"
"2025-06-27 02:45";99.99;"A";4212.67;"A";4214.6;"A";6.69;"A";4.03;"A";2.97;"A";23.02;"A";51.77;"A";19;"A";16.15;"A";65.9;"A";1010.68;"A";13;"A";1;"A";7;"A";93;"A";0.33;"A";303.33;"A"
"2025-06-27 03:00";100;"A";4212.6;"A";4214.67;"A";5.93;"A";4.22;"A";2.99;"A";22.8;"A";52.77;"A";18;"A";15.94;"A";67.35;"A";1010.74;"A";12;"A";2;"A";6;"A";98;"A";1;"A";320;"A"
"2025-06-27 03:15";100;"A";4212.87;"A";4215.2;"A";6.81;"A";4.31;"A";3.01;"A";22.54;"A";53.92;"A";16;"A";15.63;"A";68.93;"A";1010.64;"A";11;"A";1;"A";6;"A";97;"A";1;"A";323.33;"A"
"2025-06-27 03:30";99.97;"A";4202.27;"A";4202.47;"A";5.37;"A";3.88;"A";2.92;"A";22.21;"A";54.09;"A";17;"A";15.51;"A";68.36;"A";1010.71;"A";12;"A";2;"A";6;"A";94;"A";0;"A";216.67;"A"
"2025-06-27 03:45";99.81;"A";4202.53;"A";4203.93;"A";6.15;"A";4.26;"A";2.92;"A";22.01;"A";54.52;"A";17;"A";15.42;"A";68.88;"A";1010.84;"A";11;"A";1;"A";6;"A";93;"A";0.67;"A";316.67;"A"
"2025-06-27 04:00";99.88;"A";4211.33;"A";4214.2;"A";6.43;"A";4.49;"A";2.95;"A";21.85;"A";55.8;"A";17;"A";15.25;"A";71.2;"A";1010.95;"A";11;"A";2;"A";6;"A";95;"A";0.67;"A";323.33;"A"
"2025-06-27 04:15";99.93;"A";4211.67;"A";4214.47;"A";6.12;"A";4.27;"A";2.97;"A";21.66;"A";56.71;"A";15;"A";15.02;"A";71.64;"A";1010.95;"A";11;"A";2;"A";5;"A";90;"A";0.33;"A";320;"A"
"2025-06-27 04:30";99.96;"A";4212.2;"A";4214.67;"A";5.87;"A";4.14;"A";3.01;"A";21.51;"A";55.65;"A";17;"A";15.02;"A";69.68;"A";1010.95;"A";12;"A";1;"A";5;"A";87;"A";0;"A";326.67;"A"
"2025-06-27 04:45";99.98;"A";4212.73;"A";4214.4;"A";6.81;"A";4.26;"A";3.17;"A";21.39;"A";55.66;"A";17;"A";14.78;"A";70.59;"A";1011.06;"A";11;"A";2;"A";6;"A";86;"A";0.67;"A";320;"A"
"2025-06-27 05:00";99.99;"A";4213;"A";4215;"A";7.04;"A";4.65;"A";3.25;"A";21.23;"A";55.88;"A";17;"A";14.54;"A";70.83;"A";1011.18;"A";11;"A";2;"A";6;"A";88;"A";0.33;"A";323.33;"A"
"2025-06-27 05:15";100;"A";4212.6;"A";4214.67;"A";7.18;"A";4.95;"A";3.2;"A";21.07;"A";55.97;"A";16;"A";14.5;"A";70.99;"A";1011.35;"A";10;"A";2;"A";6;"A";90;"A";0.33;"A";310;"A"
"2025-06-27 05:30";100;"A";4212.73;"A";4214.53;"A";6.87;"A";4.96;"A";3.48;"A";20.96;"A";56.73;"A";16;"A";14.49;"A";71.84;"A";1011.29;"A";10;"A";2;"A";6;"A";93;"A";0;"A";286.67;"A"
"2025-06-27 05:45";100;"A";4212.67;"A";4214.47;"A";8.2;"A";5.1;"A";3.62;"A";20.99;"A";57.84;"A";15;"A";14.71;"A";72.53;"A";1011.45;"A";9;"A";2;"A";6;"A";100;"A";0;"A";220;"A"
"2025-06-27 06:00";100;"A";4212.73;"A";4214.47;"A";8.41;"A";5.29;"A";3.66;"A";21.14;"A";57.98;"A";15;"A";15.31;"A";70.61;"A";1011.29;"A";9;"A";1;"A";6;"A";108;"A";0;"A";180;"A"
"2025-06-27 06:15";100;"A";4212.8;"A";4214.67;"A";9.08;"A";5.56;"A";3.74;"A";21.96;"A";56.54;"A";13;"A";17.08;"A";64.96;"A";1011.55;"A";9;"A";0;"A";4;"A";113;"A";0;"A";133.33;"A"
"2025-06-27 06:30";100;"A";4212.93;"A";4215.33;"A";7.87;"A";5.34;"A";3.63;"A";23.7;"A";52.01;"A";16;"A";18.55;"A";59.45;"A";1011.66;"A";11;"A";0;"A";6;"A";101;"A";0;"A";133.33;"A"
"2025-06-27 06:45";100;"A";4212.8;"A";4215.53;"A";8.73;"A";5.89;"A";3.92;"A";25.5;"A";47.6;"A";18;"A";19.79;"A";55.95;"A";1011.68;"A";11;"A";0;"A";7;"A";110;"A";0.33;"A";126.67;"A"
"2025-06-27 07:00";100;"A";4212.73;"A";4215.2;"A";9.13;"A";5.99;"A";4.11;"A";27.15;"A";43.88;"A";20;"A";21.2;"A";51.99;"A";1011.49;"A";12;"A";0;"A";8;"A";121;"A";0;"A";190;"A"
"2025-06-27 07:15";99.99;"A";4212.6;"A";4215.07;"A";8.68;"A";5.7;"A";4.1;"A";28.86;"A";40.35;"A";22;"A";22.92;"A";47.32;"A";1011.53;"A";15;"A";0;"A";7;"A";133;"A";0;"A";270;"A"
"2025-06-27 07:30";99.99;"A";4212.53;"A";4215.27;"A";10.04;"A";6.18;"A";4.2;"A";30.58;"A";37.49;"A";24;"A";24.25;"A";44.69;"A";1011.6;"A";16;"A";0;"A";8;"A";146;"A";0;"A";256.67;"A"
"2025-06-27 07:45";99.99;"A";4212.6;"A";4215.13;"A";8.72;"A";5.73;"A";3.94;"A";31.93;"A";35.01;"A";26;"A";25.03;"A";43.16;"A";1011.45;"A";18;"A";0;"A";8;"A";157;"A";0;"A";270;"A"
"2025-06-27 08:00";99.98;"A";4212.47;"A";4215.07;"A";9.8;"A";6.19;"A";3.94;"A";33.15;"A";32.65;"A";27;"A";26.19;"A";40.13;"A";1011.53;"A";18;"A";0;"A";9;"A";187;"A";0;"A";273.33;"A"
"2025-06-27 08:15";99.98;"A";4212.87;"A";4216.53;"A";9.2;"A";5.39;"A";3.61;"A";34.28;"A";30.61;"A";29;"A";27.01;"A";38.62;"A";1011.65;"A";20;"A";0;"A";9;"A";160;"A";0;"A";270;"A"
"2025-06-27 08:30";99.97;"A";4207.73;"A";4209.47;"A";12.78;"A";9.41;"A";7.12;"A";35.22;"A";28.99;"A";31;"A";27.89;"A";36.62;"A";1011.88;"A";20;"A";0;"A";11;"A";221;"A";0.67;"A";230;"A"
"2025-06-27 08:45";99.83;"A";4201.27;"A";4202.33;"A";7.12;"A";4.67;"A";3.3;"A";36.08;"A";27.27;"A";33;"A";28.45;"A";34.94;"A";1012.05;"A";24;"A";0;"A";9;"A";144;"A";1;"A";340;"A"
"2025-06-27 09:00";99.86;"A";4210.6;"A";4214.4;"A";7.92;"A";4.71;"A";3.12;"A";36.69;"A";26.45;"A";33;"A";29.06;"A";34.46;"A";1012.06;"A";23;"A";0;"A";10;"A";146;"A";1.33;"A";346.67;"A"
"2025-06-27 09:15";99.9;"A";4211.4;"A";4214.67;"A";6.95;"A";4.35;"A";3.09;"A";37.22;"A";25.96;"A";32;"A";29.38;"A";34.07;"A";1011.93;"A";24;"A";0;"A";8;"A";152;"A";1;"A";346.67;"A"
"2025-06-27 09:30";99.93;"A";4211.6;"A";4214.93;"A";6.24;"A";3.82;"A";2.75;"A";37.68;"A";24.77;"A";33;"A";30.16;"A";32.11;"A";1011.92;"A";26;"A";0;"A";8;"A";128;"A";0.33;"A";346.67;"A"
"2025-06-27 09:45";99.94;"A";4212;"A";4215.6;"A";6.09;"A";3.65;"A";2.45;"A";38.24;"A";23.01;"A";33;"A";30.43;"A";29.82;"A";1011.91;"A";27;"A";0;"A";6;"A";121;"A";0.33;"A";260;"A"
"2025-06-27 10:00";99.95;"A";4211.6;"A";4215.07;"A";6.59;"A";4.98;"A";3.53;"A";38.64;"A";21.65;"A";35;"A";30.61;"A";28.48;"A";1011.87;"A";27;"A";1;"A";8;"A";167;"A";0.67;"A";240;"A"
"2025-06-27 10:15";99.96;"A";4211.67;"A";4214.93;"A";6.41;"A";3.98;"A";2.88;"A";39.02;"A";20.81;"A";36;"A";30.92;"A";28.39;"A";1011.85;"A";28;"A";1;"A";8;"A";167;"A";1;"A";233.33;"A"
"2025-06-27 10:30";99.96;"A";4211.67;"A";4215.13;"A";4.95;"A";3.64;"A";2.65;"A";39.17;"A";20.88;"A";35;"A";30.93;"A";28.24;"A";1011.68;"A";28;"A";1;"A";8;"A";211;"A";0.67;"A";243.33;"A"
"2025-06-27 10:45";99.85;"A";4194.27;"A";4195.8;"A";10.87;"A";8.41;"A";6.21;"A";39.18;"A";20.65;"A";35;"A";30.9;"A";27.8;"A";1011.53;"A";29;"A";2;"A";7;"A";265;"A";1.33;"A";343.33;"A"
"2025-06-27 11:00";99.82;"A";4210.33;"A";4213.8;"A";8.54;"A";4.46;"A";2.85;"A";39.16;"A";20.23;"A";37;"A";31.22;"A";27.38;"A";1011.63;"A";27;"A";1;"A";10;"A";204;"A";0.67;"A";346.67;"A"
"2025-06-27 11:15";99.88;"A";4210.87;"A";4214.4;"A";4.95;"A";3.06;"A";2.23;"A";39.15;"A";20.6;"A";35;"A";31.08;"A";27.43;"A";1011.48;"A";28;"A";0;"A";7;"A";146;"A";0.33;"A";120;"A"
"2025-06-27 11:30";99.91;"A";4211.73;"A";4215.4;"A";5.74;"A";3.26;"A";2.32;"A";39.03;"A";20.55;"A";34;"A";30.81;"A";27.56;"A";1011.24;"A";28;"A";1;"A";7;"A";182;"A";0.33;"A";186.67;"A"
"2025-06-27 11:45";99.94;"A";4211.6;"A";4214.87;"A";5.24;"A";3.4;"A";2.34;"A";38.83;"A";20.72;"A";35;"A";30.95;"A";27.33;"A";1011.27;"A";28;"A";1;"A";6;"A";132;"A";1.33;"A";350;"A"
"2025-06-27 12:00";99.95;"A";4211.53;"A";4215;"A";7.5;"A";3.53;"A";2.34;"A";38.72;"A";21.05;"A";34;"A";31.24;"A";26.89;"A";1011.25;"A";26;"A";0;"A";8;"A";119;"A";1;"A";233.33;"A"
"2025-06-27 12:15";99.96;"A";4211.67;"A";4215.33;"A";19.08;"A";14.23;"A";9.88;"A";38.7;"A";20.57;"A";36;"A";31.31;"A";26.3;"A";1011.19;"A";22;"A";1;"A";14;"A";233;"A";0;"A";10;"A"
"2025-06-27 12:30";99.97;"A";4211.73;"A";4215.47;"A";8.9;"A";5.57;"A";4.24;"A";38.79;"A";20.58;"A";33;"A";31.43;"A";26.43;"A";1011.08;"A";27;"A";1;"A";6;"A";256;"A";0.33;"A";43.33;"A"
"2025-06-27 12:45";99.98;"A";4211.8;"A";4215.07;"A";4.49;"A";2.8;"A";2.09;"A";38.88;"A";20.31;"A";34;"A";31.48;"A";26.21;"A";1011;"A";27;"A";1;"A";6;"A";142;"A";0.67;"A";123.33;"A"
"2025-06-27 13:00";99.98;"A";4211.8;"A";4215.8;"A";5.55;"A";3.65;"A";2.55;"A";38.87;"A";20.09;"A";33;"A";31.45;"A";26.1;"A";1010.84;"A";27;"A";0;"A";6;"A";158;"A";0;"A";53.33;"A"
"2025-06-27 13:15";99.98;"A";4211.73;"A";4215.27;"A";4.33;"A";2.99;"A";2.17;"A";38.86;"A";20.33;"A";33;"A";31.35;"A";26.16;"A";1010.79;"A";28;"A";1;"A";5;"A";197;"A";0.33;"A";133.33;"A"
"2025-06-27 13:30";99.99;"A";4211.73;"A";4215;"A";4.56;"A";2.79;"A";2.09;"A";38.92;"A";19.86;"A";34;"A";31.35;"A";25.71;"A";1010.77;"A";28;"A";0;"A";6;"A";150;"A";0.67;"A";120;"A"
"2025-06-27 13:45";99.99;"A";4211.67;"A";4215.33;"A";4.57;"A";3.15;"A";2.25;"A";38.86;"A";20.44;"A";33;"A";31.17;"A";26.9;"A";1010.4;"A";27;"A";0;"A";6;"A";175;"A";0.67;"A";256.67;"A"
"2025-06-27 14:00";99.95;"A";4204.6;"A";4206.73;"A";4.44;"A";3.67;"A";2.46;"A";38.62;"A";20.71;"A";34;"A";30.9;"A";27.17;"A";1010.38;"A";27;"A";1;"A";7;"A";228;"A";0;"A";50;"A"
"2025-06-27 14:15";99.92;"A";4211.13;"A";4215.07;"A";4.82;"A";3.07;"A";2.08;"A";38.21;"A";20.9;"A";34;"A";30.6;"A";27.5;"A";1010.29;"A";27;"A";0;"A";7;"A";278;"A";0;"A";340;"A"
"2025-06-27 14:30";99.95;"A";4212;"A";4215.87;"A";5.06;"A";3.46;"A";2.29;"A";37.91;"A";21.9;"A";34;"A";30.43;"A";28.31;"A";1010.05;"A";28;"A";0;"A";6;"A";175;"A";0;"A";150;"A"
"2025-06-27 14:45";99.97;"A";4211.6;"A";4215.67;"A";4.51;"A";3.41;"A";2.41;"A";37.63;"A";21.88;"A";32;"A";30.18;"A";28.17;"A";1009.75;"A";27;"A";1;"A";5;"A";264;"A";0.33;"A";263.33;"A"
"2025-06-27 15:00";99.98;"A";4211.67;"A";4214.8;"A";4.98;"A";3.24;"A";2.33;"A";37.33;"A";22.16;"A";34;"A";30.02;"A";27.8;"A";1009.54;"A";28;"A";0;"A";6;"A";129;"A";0;"A";23.33;"A"
"2025-06-27 15:15";99.99;"A";4211.67;"A";4215.27;"A";5.16;"A";3.42;"A";2.33;"A";37.17;"A";22.65;"A";33;"A";30.15;"A";28.4;"A";1009.6;"A";28;"A";0;"A";5;"A";148;"A";0.33;"A";193.33;"A"
"2025-06-27 15:30";100;"A";4212;"A";4215;"A";5.64;"A";3.94;"A";2.78;"A";37;"A";22.49;"A";34;"A";29.88;"A";28.21;"A";1009.44;"A";28;"A";0;"A";6;"A";121;"A";0.33;"A";43.33;"A"
"2025-06-27 15:45";100;"A";4212.33;"A";4215;"A";4.85;"A";3.13;"A";2.25;"A";36.88;"A";22.62;"A";35;"A";29.9;"A";28.34;"A";1009.36;"A";29;"A";0;"A";6;"A";138;"A";0;"A";70;"A"
"2025-06-27 16:00";100;"A";4212.27;"A";4216.07;"A";4.93;"A";2.98;"A";2.16;"A";36.85;"A";23.12;"A";34;"A";29.99;"A";28.38;"A";1009.27;"A";27;"A";0;"A";6;"A";163;"A";0.33;"A";243.33;"A"
"2025-06-27 16:15";100;"A";4212.53;"A";4215.67;"A";6.08;"A";3.92;"A";2.6;"A";36.82;"A";23.35;"A";33;"A";29.92;"A";28.87;"A";1009.15;"A";28;"A";0;"A";5;"A";172;"A";0.33;"A";143.33;"A"
"2025-06-27 16:30";100;"A";4212.53;"A";4215.4;"A";4.79;"A";3.3;"A";2.44;"A";36.76;"A";22.8;"A";34;"A";29.85;"A";28.48;"A";1009.1;"A";28;"A";0;"A";6;"A";236;"A";0.33;"A";186.67;"A"
"2025-06-27 16:45";100;"A";4212.47;"A";4214.8;"A";3.99;"A";2.94;"A";2.12;"A";36.67;"A";23.27;"A";34;"A";29.73;"A";29.34;"A";1009.1;"A";28;"A";0;"A";5;"A";151;"A";0.33;"A";183.33;"A"
"2025-06-27 17:00";100;"A";4212.53;"A";4215.13;"A";5.94;"A";3.65;"A";2.44;"A";36.6;"A";23.11;"A";35;"A";29.71;"A";29.02;"A";1008.99;"A";27;"A";0;"A";8;"A";193;"A";0.67;"A";350;"A"
"2025-06-27 17:15";100;"A";4212.53;"A";4215.4;"A";5.22;"A";2.96;"A";2.14;"A";36.54;"A";23.66;"A";33;"A";29.73;"A";29.42;"A";1008.91;"A";28;"A";0;"A";5;"A";143;"A";0;"A";263.33;"A"
"2025-06-27 17:30";100;"A";4212.8;"A";4216.13;"A";5.26;"A";3.24;"A";2.15;"A";36.53;"A";23.51;"A";34;"A";29.7;"A";28.74;"A";1008.84;"A";28;"A";0;"A";6;"A";124;"A";0;"A";113.33;"A"
"2025-06-27 17:45";99.97;"A";4202.13;"A";4203.6;"A";4.66;"A";3.17;"A";2.43;"A";36.49;"A";23.41;"A";34;"A";29.67;"A";29.16;"A";1008.74;"A";27;"A";0;"A";7;"A";143;"A";0;"A";153.33;"A"
"2025-06-27 18:00";99.8;"A";4201.93;"A";4204.47;"A";4.9;"A";3.27;"A";2.15;"A";36.42;"A";23.26;"A";35;"A";29.58;"A";28.66;"A";1008.65;"A";29;"A";0;"A";6;"A";146;"A";0.67;"A";336.67;"A"
"2025-06-27 18:15";99.87;"A";4210.53;"A";4214.4;"A";5.11;"A";3.17;"A";2.09;"A";36.3;"A";23.23;"A";35;"A";29.33;"A";28.98;"A";1008.5;"A";29;"A";0;"A";6;"A";133;"A";1;"A";226.67;"A"
"2025-06-27 18:30";99.92;"A";4211.47;"A";4214.87;"A";4.87;"A";3.13;"A";2.14;"A";36.12;"A";23.87;"A";34;"A";29.13;"A";30.17;"A";1008.4;"A";29;"A";0;"A";6;"A";139;"A";0.33;"A";336.67;"A"
"2025-06-27 18:45";99.95;"A";4211.67;"A";4214.8;"A";4.61;"A";3.11;"A";2.27;"A";35.92;"A";24.07;"A";34;"A";29.04;"A";30.12;"A";1008.5;"A";28;"A";0;"A";6;"A";136;"A";0;"A";240;"A"
"2025-06-27 19:00";99.97;"A";4211.93;"A";4215.2;"A";6.34;"A";4.03;"A";2.95;"A";35.8;"A";24.67;"A";34;"A";28.99;"A";30.65;"A";1008.43;"A";28;"A";0;"A";6;"A";159;"A";0.67;"A";336.67;"A"
"2025-06-27 19:15";99.98;"A";4211.93;"A";4215.67;"A";4.5;"A";3.06;"A";2.14;"A";35.69;"A";24.81;"A";34;"A";28.85;"A";31.03;"A";1008.35;"A";28;"A";0;"A";6;"A";128;"A";0.67;"A";336.67;"A"
"2025-06-27 19:30";99.99;"A";4212.07;"A";4215.33;"A";4.64;"A";3.14;"A";2.18;"A";35.59;"A";24.9;"A";33;"A";28.75;"A";30.97;"A";1008.19;"A";28;"A";0;"A";5;"A";145;"A";0.67;"A";336.67;"A"
"2025-06-27 19:45";100;"A";4212.33;"A";4214.93;"A";5.92;"A";3.62;"A";2.73;"A";35.44;"A";24.83;"A";33;"A";28.5;"A";30.2;"A";1008.16;"A";27;"A";0;"A";6;"A";178;"A";0.67;"A";336.67;"A"
"2025-06-27 20:00";100;"A";4212.53;"A";4215.33;"A";6.95;"A";4.58;"A";3.34;"A";35.24;"A";24.77;"A";32;"A";28.29;"A";30.78;"A";1008.06;"A";25;"A";0;"A";6;"A";201;"A";0;"A";276.67;"A"
"2025-06-27 20:15";100;"A";4212.6;"A";4215.27;"A";7.47;"A";4.66;"A";3.27;"A";34.96;"A";26.19;"A";31;"A";27.73;"A";33.24;"A";1008.08;"A";24;"A";1;"A";6;"A";193;"A";0;"A";180;"A"
"2025-06-27 20:30";100;"A";4212.87;"A";4215.73;"A";7.29;"A";4.41;"A";2.89;"A";34.58;"A";26.66;"A";30;"A";27.31;"A";34.1;"A";1008;"A";23;"A";0;"A";7;"A";203;"A";0;"A";163.33;"A"
"2025-06-27 20:45";100;"A";4212.73;"A";4215.53;"A";9.98;"A";5.18;"A";3.58;"A";34.13;"A";28.23;"A";27;"A";26.77;"A";36.55;"A";1008.16;"A";18;"A";1;"A";9;"A";242;"A";0;"A";150;"A"
"2025-06-27 21:00";100;"A";4212.6;"A";4215;"A";8.92;"A";4.74;"A";3.3;"A";33.68;"A";29.3;"A";26;"A";26.38;"A";36.78;"A";1007.92;"A";17;"A";1;"A";9;"A";218;"A";0;"A";150;"A"
"2025-06-27 21:15";100;"A";4212.6;"A";4215.07;"A";9.84;"A";5.12;"A";3.5;"A";33.29;"A";30.49;"A";23;"A";26.13;"A";38.14;"A";1007.73;"A";15;"A";1;"A";9;"A";236;"A";0;"A";143.33;"A"
"2025-06-27 21:30";100;"A";4212.67;"A";4215.27;"A";8.83;"A";5.07;"A";3.69;"A";32.99;"A";31.31;"A";25;"A";25.85;"A";39.88;"A";1007.74;"A";14;"A";1;"A";11;"A";306;"A";0;"A";173.33;"A"
"2025-06-27 21:45";100;"A";4212.6;"A";4215.07;"A";13.62;"A";7.68;"A";5.22;"A";32.69;"A";33.52;"A";23;"A";25.48;"A";42.42;"A";1007.67;"A";5;"A";2;"A";18;"A";410;"A";0;"A";150;"A"
"2025-06-27 22:00";100;"A";4212.87;"A";4215.6;"A";19.06;"A";10.43;"A";7.37;"A";32.4;"A";34.7;"A";23;"A";25.18;"A";43.93;"A";1007.72;"A";2;"A";2;"A";24;"A";492;"A";0;"A";280;"A"
"2025-06-27 22:15";100;"A";4212.73;"A";4215.27;"A";28.25;"A";14.74;"A";10.02;"A";32.08;"A";36.74;"A";23;"A";24.92;"A";47.17;"A";1007.52;"A";0;"A";3;"A";30;"A";667;"A";0.33;"A";300;"A"
"2025-06-27 22:30";100;"A";4212.53;"A";4215.13;"A";29.43;"A";17.86;"A";11.96;"A";31.79;"A";39.56;"A";20;"A";24.59;"A";50.7;"A";1007.4;"A";0;"A";4;"A";26;"A";638;"A";0;"A";320;"A"
"2025-06-27 22:45";100;"A";4212.53;"A";4215.4;"A";24.87;"A";15.3;"A";10.77;"A";31.45;"A";39.66;"A";18;"A";24.32;"A";49.38;"A";1007.18;"A";0;"A";4;"A";24;"A";551;"A";0;"A";276.67;"A"
"2025-06-27 23:00";100;"A";4212.6;"A";4215.67;"A";27.54;"A";16.8;"A";11.04;"A";31.12;"A";38.59;"A";20;"A";24.02;"A";47.88;"A";1007.13;"A";0;"A";2;"A";25;"A";514;"A";0;"A";306.67;"A"
"2025-06-27 23:15";100;"A";4212.6;"A";4215.13;"A";29.39;"A";16.65;"A";11.23;"A";30.81;"A";40.45;"A";22;"A";23.62;"A";52.49;"A";1007.4;"A";1;"A";4;"A";26;"A";490;"A";0;"A";316.67;"A"
"2025-06-27 23:30";100;"A";4212.87;"A";4215.87;"A";28.27;"A";16.84;"A";11.3;"A";30.46;"A";40.17;"A";19;"A";23.3;"A";50.2;"A";1007.32;"A";1;"A";3;"A";20;"A";372;"A";0;"A";266.67;"A"
"2025-06-27 23:45";99.88;"A";4187.07;"A";4186.53;"A";30.17;"A";16.45;"A";10.62;"A";30.14;"A";40.42;"A";19;"A";23.16;"A";49.9;"A";1007.32;"A";0;"A";3;"A";23;"A";334;"A";0;"A";273.33;"A"
"2025-06-28 00:00";99.72;"A";4204.53;"A";4207.6;"A";33.17;"A";17.04;"A";11.44;"A";29.92;"A";41.13;"A";21;"A";22.98;"A";51.65;"A";1007.3;"A";0;"A";3;"A";27;"A";315;"A";0;"A";243.33;"A"
"2025-06-28 00:15";99.82;"A";4210.33;"A";4214;"A";29.89;"A";16.68;"A";10.75;"A";29.73;"A";41.68;"A";20;"A";22.92;"A";51.23;"A";1007.13;"A";0;"A";2;"A";24;"A";299;"A";0;"A";193.33;"A"
"2025-06-28 00:30";99.89;"A";4211.13;"A";4214.2;"A";22.6;"A";11.55;"A";7.8;"A";29.7;"A";40.79;"A";25;"A";23.34;"A";49.26;"A";1006.92;"A";4;"A";1;"A";21;"A";214;"A";0.33;"A";130;"A"
"2025-06-28 00:45";99.93;"A";4211.67;"A";4215;"A";15.93;"A";7.82;"A";4.87;"A";29.88;"A";40.43;"A";30;"A";23.78;"A";48.05;"A";1006.83;"A";20;"A";0;"A";10;"A";123;"A";0.33;"A";113.33;"A"
"2025-06-28 01:00";99.96;"A";4211.93;"A";4215.33;"A";16.3;"A";7.45;"A";4.48;"A";30.18;"A";40.24;"A";31;"A";24.04;"A";48.21;"A";1006.76;"A";20;"A";0;"A";12;"A";112;"A";0;"A";120;"A"
"2025-06-28 01:15";99.98;"A";4212.33;"A";4215.47;"A";15.56;"A";6.86;"A";4.3;"A";30.44;"A";39.91;"A";32;"A";24.1;"A";48.27;"A";1006.68;"A";22;"A";0;"A";10;"A";107;"A";0;"A";120;"A"
"2025-06-28 01:30";99.99;"A";4212.6;"A";4215.27;"A";12.45;"A";6.04;"A";4.06;"A";30.61;"A";39.44;"A";33;"A";24.15;"A";47.7;"A";1006.51;"A";22;"A";0;"A";11;"A";103;"A";0.33;"A";133.33;"A"
"2025-06-28 01:45";99.99;"A";4212.6;"A";4214.8;"A";11.51;"A";5.8;"A";3.72;"A";30.69;"A";38.98;"A";34;"A";24.21;"A";47.34;"A";1006.33;"A";25;"A";0;"A";8;"A";101;"A";0.33;"A";130;"A"
"2025-06-28 02:00";100;"A";4212.67;"A";4215.07;"A";13.56;"A";5.69;"A";3.79;"A";30.77;"A";39.02;"A";35;"A";24.15;"A";48.54;"A";1006.27;"A";27;"A";0;"A";8;"A";102;"A";0;"A";116.67;"A"
"2025-06-28 02:15";100;"A";4209.53;"A";4211.53;"A";11.98;"A";5.7;"A";3.97;"A";30.73;"A";40.14;"A";33;"A";23.87;"A";50.17;"A";1005.98;"A";24;"A";0;"A";9;"A";106;"A";0;"A";186.67;"A"
"2025-06-28 02:30";99.8;"A";4184.93;"A";4183.47;"A";13.14;"A";6.64;"A";3.95;"A";30.6;"A";40.07;"A";33;"A";23.71;"A";49.82;"A";1005.72;"A";24;"A";0;"A";9;"A";104;"A";0;"A";133.33;"A"
"2025-06-28 02:45";99.74;"A";4209.4;"A";4213.6;"A";12.08;"A";5.93;"A";3.87;"A";30.41;"A";40.47;"A";32;"A";23.51;"A";50.71;"A";1005.66;"A";23;"A";0;"A";9;"A";106;"A";0;"A";130;"A"
"2025-06-28 03:00";99.84;"A";4210.47;"A";4213.87;"A";11.24;"A";5.59;"A";3.92;"A";30.24;"A";40.8;"A";32;"A";23.4;"A";50.97;"A";1005.62;"A";23;"A";0;"A";10;"A";107;"A";0;"A";130;"A"
"2025-06-28 03:15";99.9;"A";4211.2;"A";4214.27;"A";12.75;"A";5.7;"A";3.93;"A";30.13;"A";41.43;"A";32;"A";23.3;"A";51.84;"A";1005.67;"A";21;"A";0;"A";10;"A";110;"A";0;"A";123.33;"A"
"2025-06-28 03:30";99.94;"A";4211.53;"A";4214.67;"A";11.05;"A";5.51;"A";3.78;"A";30.02;"A";42.14;"A";30;"A";23.2;"A";52.46;"A";1005.65;"A";20;"A";0;"A";10;"A";110;"A";0;"A";203.33;"A"
"2025-06-28 03:45";99.96;"A";4211.8;"A";4214.87;"A";9.59;"A";6.07;"A";3.92;"A";29.93;"A";42.55;"A";29;"A";23.1;"A";52.76;"A";1005.54;"A";20;"A";0;"A";9;"A";108;"A";0;"A";130;"A"
"2025-06-28 04:00";99.98;"A";4212.47;"A";4215.13;"A";10.73;"A";6;"A";3.88;"A";29.84;"A";42.76;"A";31;"A";23.02;"A";53.3;"A";1005.41;"A";21;"A";0;"A";10;"A";112;"A";0;"A";196.67;"A"
"2025-06-28 04:15";99.99;"A";4212.87;"A";4215.73;"A";10.51;"A";5.68;"A";3.73;"A";29.76;"A";43.33;"A";30;"A";23.03;"A";53.98;"A";1005.37;"A";20;"A";0;"A";9;"A";113;"A";0;"A";263.33;"A"
"2025-06-28 04:30";100;"A";4212.6;"A";4215.4;"A";11;"A";6.11;"A";4.15;"A";29.7;"A";44;"A";29;"A";22.91;"A";54.83;"A";1005.22;"A";19;"A";0;"A";10;"A";118;"A";0;"A";263.33;"A"
"2025-06-28 04:45";100;"A";4212.53;"A";4215.13;"A";10.22;"A";5.31;"A";3.76;"A";29.63;"A";44.29;"A";29;"A";22.81;"A";55.12;"A";1005.14;"A";20;"A";0;"A";9;"A";117;"A";0;"A";146.67;"A"
"2025-06-28 05:00";100;"A";4212.6;"A";4215.27;"A";10.13;"A";5.91;"A";3.83;"A";29.56;"A";44.77;"A";29;"A";22.77;"A";55.85;"A";1005.03;"A";20;"A";0;"A";9;"A";115;"A";0.33;"A";150;"A"
"2025-06-28 05:15";100;"A";4212.67;"A";4215.13;"A";10.84;"A";5.57;"A";3.84;"A";29.48;"A";45.54;"A";28;"A";22.69;"A";57.05;"A";1004.94;"A";19;"A";0;"A";9;"A";120;"A";0.33;"A";256.67;"A"
"2025-06-28 05:30";100;"A";4212.8;"A";4215.47;"A";13.87;"A";9;"A";6.31;"A";29.39;"A";46.09;"A";26;"A";22.63;"A";57.48;"A";1004.98;"A";17;"A";0;"A";10;"A";143;"A";0;"A";113.33;"A"
"2025-06-28 05:45";100;"A";4212.87;"A";4215.93;"A";11.66;"A";6.14;"A";4.07;"A";29.35;"A";46.74;"A";26;"A";22.55;"A";58.39;"A";1005;"A";20;"A";1;"A";6;"A";130;"A";0;"A";103.33;"A"
"2025-06-28 06:00";100;"A";4212.67;"A";4215.33;"A";11.75;"A";5.44;"A";3.85;"A";29.34;"A";47.15;"A";24;"A";22.68;"A";58.04;"A";1004.98;"A";19;"A";1;"A";5;"A";126;"A";0;"A";116.67;"A"
"2025-06-28 06:15";100;"A";4212.6;"A";4215.4;"A";10.68;"A";6.14;"A";3.9;"A";29.66;"A";46.5;"A";22;"A";23.7;"A";55.58;"A";1004.77;"A";18;"A";0;"A";4;"A";122;"A";0;"A";133.33;"A"
"2025-06-28 06:30";100;"A";4212.6;"A";4215.27;"A";11.67;"A";5.71;"A";3.81;"A";30.49;"A";44.8;"A";24;"A";24.09;"A";54.51;"A";1004.83;"A";18;"A";0;"A";6;"A";121;"A";0.33;"A";233.33;"A"
"2025-06-28 06:45";100;"A";4212.67;"A";4215.07;"A";10.65;"A";5.71;"A";3.9;"A";31.07;"A";43.19;"A";25;"A";24.64;"A";52.39;"A";1004.69;"A";19;"A";0;"A";6;"A";126;"A";0.33;"A";336.67;"A"
"2025-06-28 07:00";100;"A";4212.73;"A";4215.6;"A";11.03;"A";5.8;"A";4.02;"A";31.8;"A";41.65;"A";24;"A";25.32;"A";50.55;"A";1004.67;"A";19;"A";0;"A";5;"A";123;"A";0;"A";260;"A"
"2025-06-28 07:15";100;"A";4212.87;"A";4216.07;"A";12.56;"A";6.25;"A";4.12;"A";32.73;"A";39.58;"A";24;"A";26.47;"A";47.59;"A";1004.62;"A";18;"A";0;"A";6;"A";128;"A";0;"A";330;"A"
"2025-06-28 07:30";99.99;"A";4212.6;"A";4215.2;"A";11.05;"A";5.81;"A";4.17;"A";33.74;"A";37.66;"A";26;"A";26.46;"A";47.84;"A";1004.72;"A";19;"A";1;"A";8;"A";128;"A";0.33;"A";233.33;"A"
"2025-06-28 07:45";99.99;"A";4212.6;"A";4215.2;"A";13.2;"A";7.42;"A";5.08;"A";34.02;"A";36.78;"A";24;"A";26.23;"A";47.56;"A";1004.85;"A";17;"A";2;"A";8;"A";133;"A";0.67;"A";260;"A"
"2025-06-28 08:00";99.99;"A";4212.6;"A";4215.47;"A";15.75;"A";10.25;"A";6.9;"A";33.84;"A";35.84;"A";23;"A";26.07;"A";47.06;"A";1004.94;"A";17;"A";2;"A";7;"A";166;"A";0.67;"A";120;"A"
"2025-06-28 08:15";99.99;"A";4212.6;"A";4215.2;"A";12.18;"A";6.61;"A";4.78;"A";33.8;"A";35.63;"A";23;"A";26.38;"A";45.36;"A";1004.93;"A";17;"A";1;"A";6;"A";179;"A";0.33;"A";343.33;"A"
"2025-06-28 08:30";99.99;"A";4212.67;"A";4215.73;"A";9.78;"A";5.82;"A";4.08;"A";33.93;"A";35.03;"A";24;"A";26.91;"A";43.83;"A";1004.87;"A";18;"A";1;"A";6;"A";151;"A";1;"A";343.33;"A"
"2025-06-28 08:45";99.99;"A";4212.87;"A";4215.8;"A";10.73;"A";6.56;"A";4.84;"A";34.55;"A";34.72;"A";27;"A";28.23;"A";42.89;"A";1004.84;"A";21;"A";0;"A";6;"A";175;"A";0.33;"A";350;"A"
"2025-06-28 09:00";99.99;"A";4212.47;"A";4214.87;"A";10.79;"A";6.93;"A";4.63;"A";35.72;"A";35.74;"A";32;"A";29.55;"A";43.84;"A";1004.28;"A";25;"A";0;"A";7;"A";176;"A";1;"A";350;"A"
"2025-06-28 09:15";99.99;"A";4212.33;"A";4215.33;"A";11.1;"A";7.03;"A";4.99;"A";37.02;"A";34.73;"A";34;"A";30.32;"A";43.25;"A";1004.17;"A";27;"A";0;"A";7;"A";166;"A";1.33;"A";340;"A"
"2025-06-28 09:30";99.99;"A";4212.2;"A";4215.47;"A";11.61;"A";7.61;"A";5.14;"A";38.07;"A";34.13;"A";35;"A";31.27;"A";43.02;"A";1003.95;"A";28;"A";0;"A";8;"A";177;"A";1.33;"A";350;"A"
"2025-06-28 09:45";99.98;"A";4212;"A";4215.27;"A";11.72;"A";8.63;"A";6.46;"A";38.98;"A";32.89;"A";36;"A";31.71;"A";42.64;"A";1003.89;"A";29;"A";0;"A";7;"A";226;"A";0.67;"A";350;"A"
"2025-06-28 10:00";99.98;"A";4212;"A";4215.2;"A";12.15;"A";8.88;"A";6.8;"A";39.45;"A";32.24;"A";38;"A";31.64;"A";43.16;"A";1003.94;"A";30;"A";1;"A";9;"A";309;"A";1;"A";226.67;"A"
"2025-06-28 10:15";99.98;"A";4212.4;"A";4216.2;"A";8.62;"A";6.1;"A";4.48;"A";39.25;"A";32.56;"A";40;"A";31.25;"A";43.93;"A";1003.91;"A";30;"A";1;"A";11;"A";242;"A";1.33;"A";346.67;"A"
"2025-06-28 10:30";99.98;"A";4211.87;"A";4214.67;"A";8.75;"A";5.79;"A";4.21;"A";39.19;"A";32.37;"A";37;"A";31.7;"A";42.61;"A";1003.97;"A";32;"A";0;"A";5;"A";169;"A";1.67;"A";350;"A"
"2025-06-28 10:45";99.98;"A";4212;"A";4215.13;"A";8.12;"A";6.19;"A";4.68;"A";39.43;"A";32.06;"A";39;"A";32.01;"A";42.01;"A";1004.01;"A";31;"A";0;"A";8;"A";190;"A";1.67;"A";233.33;"A"
"2025-06-28 11:00";99.98;"A";4211.87;"A";4215.2;"A";9.24;"A";6.23;"A";4.77;"A";39.77;"A";31.13;"A";39;"A";32.45;"A";41.06;"A";1004.15;"A";32;"A";0;"A";7;"A";288;"A";1;"A";350;"A"
"2025-06-28 11:15";99.98;"A";4211.67;"A";4215.53;"A";8.87;"A";5.87;"A";4.43;"A";40.12;"A";30.17;"A";41;"A";32.32;"A";40.29;"A";1003.92;"A";33;"A";0;"A";8;"A";207;"A";1.33;"A";233.33;"A"
"2025-06-28 11:30";99.98;"A";4211.73;"A";4215.27;"A";7.2;"A";5.25;"A";3.99;"A";40.08;"A";29.94;"A";39;"A";32.43;"A";40.07;"A";1003.87;"A";33;"A";0;"A";6;"A";143;"A";1;"A";233.33;"A"
"2025-06-28 11:45";99.98;"A";4212;"A";4215.8;"A";9.5;"A";6.74;"A";4.96;"A";40.06;"A";29.38;"A";38;"A";32.83;"A";39.04;"A";1003.76;"A";32;"A";0;"A";6;"A";141;"A";0.33;"A";130;"A"
"2025-06-28 12:00";99.98;"A";4211.87;"A";4215.67;"A";9.3;"A";6.23;"A";4.79;"A";40.14;"A";29.43;"A";38;"A";32.44;"A";39.72;"A";1003.77;"A";31;"A";1;"A";7;"A";260;"A";1.33;"A";236.67;"A"
"2025-06-28 12:15";99.98;"A";4211.67;"A";4215.33;"A";8.9;"A";6.13;"A";4.53;"A";39.86;"A";30.16;"A";38;"A";31.7;"A";41.49;"A";1003.54;"A";30;"A";1;"A";8;"A";193;"A";1;"A";350;"A"
"2025-06-28 12:30";99.99;"A";4211.8;"A";4215.13;"A";8.07;"A";5.42;"A";3.83;"A";39.33;"A";30.43;"A";34;"A";31.44;"A";40.44;"A";1003.28;"A";29;"A";1;"A";5;"A";180;"A";1;"A";243.33;"A"
"2025-06-28 12:45";99.99;"A";4212;"A";4214.87;"A";8.4;"A";5.11;"A";3.69;"A";38.86;"A";30.53;"A";36;"A";30.75;"A";41.16;"A";1003.25;"A";28;"A";1;"A";8;"A";176;"A";1.33;"A";116.67;"A"
"2025-06-28 13:00";99.92;"A";4199.33;"A";4200.8;"A";6.26;"A";4.47;"A";3.49;"A";38.28;"A";30.78;"A";34;"A";30.52;"A";40.44;"A";1003.15;"A";28;"A";1;"A";6;"A";145;"A";1.33;"A";230;"A"
"2025-06-28 13:15";99.87;"A";4210.8;"A";4214.33;"A";7.04;"A";4.89;"A";3.85;"A";37.87;"A";31.13;"A";34;"A";30.35;"A";40.88;"A";1003.1;"A";28;"A";0;"A";6;"A";127;"A";1.33;"A";233.33;"A"
"2025-06-28 13:30";99.92;"A";4211.73;"A";4215.4;"A";8.36;"A";6.48;"A";4.72;"A";37.7;"A";32.03;"A";32;"A";30.63;"A";41.04;"A";1002.8;"A";28;"A";0;"A";5;"A";138;"A";1;"A";116.67;"A"
"2025-06-28 13:45";99.95;"A";4211.53;"A";4215;"A";26.05;"A";10.21;"A";6.17;"A";37.73;"A";31.86;"A";33;"A";29.59;"A";43.1;"A";1003.43;"A";27;"A";1;"A";6;"A";165;"A";2.33;"A";233.33;"A"
"2025-06-28 14:00";99.97;"A";4211.8;"A";4215.07;"A";16.98;"A";7.74;"A";5.07;"A";36.83;"A";35.97;"A";34;"A";26.97;"A";55.81;"A";1003.86;"A";22;"A";10;"A";12;"A";151;"A";1.67;"A";3.33;"A"
"2025-06-28 14:15";99.98;"A";4211.73;"A";4215.27;"A";9.99;"A";6.8;"A";5.18;"A";34.92;"A";44.76;"A";18;"A";24.99;"A";66.92;"A";1004.22;"A";15;"A";12;"A";4;"A";149;"A";1.67;"A";3.33;"A"
"2025-06-28 14:30";100;"A";4212.13;"A";4215;"A";10.19;"A";7.47;"A";5.39;"A";33.04;"A";49.8;"A";19;"A";24.26;"A";69.83;"A";1004.22;"A";15;"A";7;"A";4;"A";160;"A";0.33;"A";3.33;"A"
"2025-06-28 14:45";100;"A";4212.4;"A";4215.2;"A";12.55;"A";9.79;"A";7.13;"A";31.91;"A";49.07;"A";21;"A";24.07;"A";63.63;"A";1004.35;"A";18;"A";1;"A";2;"A";164;"A";1;"A";116.67;"A"
"2025-06-28 15:00";100;"A";4212.87;"A";4215.67;"A";8.39;"A";6.4;"A";4.59;"A";31.35;"A";48.39;"A";25;"A";23.93;"A";62.98;"A";1004.57;"A";20;"A";1;"A";5;"A";156;"A";1.33;"A";116.67;"A"
"2025-06-28 15:15";100;"A";4212.73;"A";4215.33;"A";5.53;"A";3.99;"A";3.17;"A";31.09;"A";48.08;"A";25;"A";23.85;"A";61.07;"A";1004.3;"A";22;"A";0;"A";3;"A";113;"A";1.67;"A";233.33;"A"
"2025-06-28 15:30";99.97;"A";4202.2;"A";4203.33;"A";4.94;"A";3.84;"A";2.85;"A";30.94;"A";48.01;"A";27;"A";24.19;"A";60.37;"A";1003.91;"A";22;"A";0;"A";5;"A";147;"A";0.67;"A";240;"A"
"2025-06-28 15:45";99.79;"A";4198.13;"A";4199.87;"A";5.54;"A";3.73;"A";2.9;"A";31.15;"A";47.69;"A";27;"A";24.92;"A";57.61;"A";1003.63;"A";24;"A";0;"A";4;"A";109;"A";0.67;"A";3.33;"A"
"2025-06-28 16:00";99.85;"A";4210.47;"A";4213.6;"A";5.77;"A";4.59;"A";3.5;"A";31.63;"A";45;"A";30;"A";25.51;"A";53.39;"A";1003.53;"A";26;"A";0;"A";4;"A";102;"A";2;"A";120;"A"
"2025-06-28 16:15";99.91;"A";4211.13;"A";4214.67;"A";5.79;"A";4.63;"A";3.49;"A";32.06;"A";41.74;"A";35;"A";25.62;"A";50.87;"A";1003.41;"A";28;"A";0;"A";6;"A";103;"A";1;"A";3.33;"A"
"2025-06-28 16:30";99.94;"A";4211.8;"A";4215.2;"A";5.56;"A";4.13;"A";3;"A";32.34;"A";40.54;"A";36;"A";25.63;"A";50.19;"A";1003.41;"A";30;"A";0;"A";6;"A";101;"A";1.33;"A";116.67;"A"
"2025-06-28 16:45";99.97;"A";4211.87;"A";4215.4;"A";4.13;"A";3.21;"A";2.5;"A";32.48;"A";40.01;"A";33;"A";25.93;"A";48.79;"A";1003.28;"A";28;"A";0;"A";5;"A";108;"A";1;"A";116.67;"A"
"2025-06-28 17:00";99.98;"A";4211.93;"A";4215.27;"A";4.14;"A";2.85;"A";2.16;"A";32.61;"A";39.25;"A";34;"A";25.85;"A";48.24;"A";1003.29;"A";29;"A";0;"A";6;"A";123;"A";1;"A";3.33;"A"
"2025-06-28 17:15";99.99;"A";4212.33;"A";4215.13;"A";3.33;"A";2.23;"A";1.66;"A";32.65;"A";37.49;"A";36;"A";25.84;"A";45.64;"A";1003.11;"A";31;"A";0;"A";5;"A";105;"A";1.67;"A";233.33;"A"
"2025-06-28 17:30";100;"A";4212.53;"A";4215.2;"A";3.85;"A";2.48;"A";1.75;"A";32.62;"A";35.95;"A";40;"A";25.89;"A";44.59;"A";1003.07;"A";32;"A";0;"A";8;"A";103;"A";1;"A";116.67;"A"
"2025-06-28 17:45";100;"A";4212.6;"A";4215;"A";4.52;"A";3.12;"A";2.24;"A";32.58;"A";36.32;"A";37;"A";25.71;"A";45.17;"A";1003.18;"A";31;"A";0;"A";6;"A";136;"A";1.33;"A";120;"A"
"2025-06-28 18:00";99.89;"A";4189.13;"A";4188.93;"A";3.93;"A";3.19;"A";2.38;"A";32.45;"A";36.55;"A";37;"A";25.46;"A";45.58;"A";1003.25;"A";31;"A";0;"A";6;"A";134;"A";1;"A";233.33;"A"
"2025-06-28 18:15";99.79;"A";4209.87;"A";4214.33;"A";3.89;"A";2.72;"A";2.06;"A";32.31;"A";36.36;"A";36;"A";25.43;"A";44.63;"A";1003.26;"A";31;"A";0;"A";5;"A";114;"A";1;"A";233.33;"A"
"2025-06-28 18:30";99.87;"A";4210.53;"A";4214.33;"A";3.96;"A";2.71;"A";2.08;"A";32.23;"A";35.47;"A";38;"A";25.66;"A";43.28;"A";1003.23;"A";31;"A";0;"A";6;"A";104;"A";0.67;"A";3.33;"A"
"2025-06-28 18:45";99.92;"A";4211.53;"A";4214.33;"A";4.44;"A";3.26;"A";2.3;"A";32.37;"A";34.86;"A";38;"A";25.92;"A";41.81;"A";1003.21;"A";32;"A";0;"A";6;"A";108;"A";1;"A";0;"A"
"2025-06-28 19:00";99.95;"A";4211.67;"A";4214.73;"A";3.69;"A";2.92;"A";2.24;"A";32.54;"A";34.55;"A";39;"A";25.8;"A";42.51;"A";1003.27;"A";31;"A";0;"A";7;"A";117;"A";1.33;"A";233.33;"A"
"2025-06-28 19:15";99.97;"A";4211.73;"A";4215.13;"A";6.16;"A";4.18;"A";3.1;"A";32.53;"A";34.87;"A";37;"A";25.8;"A";42.87;"A";1003.3;"A";29;"A";0;"A";8;"A";188;"A";0.67;"A";126.67;"A"
"2025-06-28 19:30";99.99;"A";4212.33;"A";4215.13;"A";5.99;"A";3.77;"A";2.68;"A";32.52;"A";35.36;"A";38;"A";25.62;"A";44.06;"A";1003.39;"A";31;"A";0;"A";6;"A";132;"A";1;"A";233.33;"A"
"2025-06-28 19:45";100;"A";4212.8;"A";4215.67;"A";5.26;"A";3.74;"A";2.7;"A";32.37;"A";35.72;"A";37;"A";25.3;"A";44.45;"A";1003.52;"A";31;"A";0;"A";7;"A";120;"A";1;"A";116.67;"A"
"2025-06-28 20:00";100;"A";4212.6;"A";4215.27;"A";8.24;"A";4.25;"A";2.8;"A";32.14;"A";34.53;"A";35;"A";25.02;"A";42.79;"A";1003.65;"A";28;"A";0;"A";6;"A";151;"A";1;"A";116.67;"A"
"2025-06-28 20:15";100;"A";4212.73;"A";4215.07;"A";8.92;"A";5.23;"A";3.38;"A";31.83;"A";33.66;"A";35;"A";24.66;"A";41.83;"A";1003.83;"A";28;"A";0;"A";7;"A";137;"A";1.33;"A";116.67;"A"
"2025-06-28 20:30";100;"A";4212.67;"A";4215.07;"A";8.89;"A";4.4;"A";3.32;"A";31.48;"A";33.9;"A";35;"A";24.25;"A";42.35;"A";1004.01;"A";27;"A";0;"A";7;"A";165;"A";0.67;"A";123.33;"A"
"2025-06-28 20:45";100;"A";4212.6;"A";4215.27;"A";7.65;"A";4.36;"A";2.76;"A";31.11;"A";33.66;"A";34;"A";23.96;"A";41.81;"A";1004;"A";27;"A";0;"A";7;"A";150;"A";0.33;"A";233.33;"A"
"2025-06-28 21:00";100;"A";4212.6;"A";4215.07;"A";7.9;"A";4.32;"A";2.94;"A";30.77;"A";33.11;"A";34;"A";23.54;"A";40.64;"A";1004.09;"A";28;"A";0;"A";6;"A";127;"A";1;"A";233.33;"A"
"2025-06-28 21:15";99.98;"A";4201.8;"A";4203.33;"A";7.18;"A";4.26;"A";2.86;"A";30.36;"A";32.85;"A";34;"A";22.99;"A";41.24;"A";1004.09;"A";27;"A";0;"A";7;"A";116;"A";1;"A";116.67;"A"
"2025-06-28 21:30";99.87;"A";4210.87;"A";4214.33;"A";7.48;"A";4.77;"A";3.15;"A";29.89;"A";33.98;"A";32;"A";22.61;"A";42.84;"A";1004.44;"A";26;"A";0;"A";6;"A";121;"A";0.33;"A";123.33;"A"
"2025-06-28 21:45";99.92;"A";4211.6;"A";4214.87;"A";9.18;"A";5.23;"A";3.61;"A";29.44;"A";35.07;"A";31;"A";22.2;"A";44.37;"A";1004.52;"A";25;"A";0;"A";7;"A";130;"A";0.33;"A";346.67;"A"
"2025-06-28 22:00";99.95;"A";4211.73;"A";4215;"A";11.63;"A";7.4;"A";5.24;"A";29.02;"A";36.42;"A";30;"A";21.84;"A";46.19;"A";1004.77;"A";23;"A";0;"A";7;"A";176;"A";0;"A";346.67;"A"
"2025-06-28 22:15";99.98;"A";4212.2;"A";4214.8;"A";10.85;"A";6.49;"A";4.57;"A";28.64;"A";37.33;"A";29;"A";21.53;"A";46.61;"A";1004.81;"A";22;"A";0;"A";7;"A";153;"A";0.33;"A";346.67;"A"
"2025-06-28 22:30";99.99;"A";4212.6;"A";4214.73;"A";8.11;"A";4.67;"A";3.34;"A";28.35;"A";37.91;"A";30;"A";21.29;"A";48.09;"A";1004.82;"A";25;"A";0;"A";6;"A";114;"A";0.33;"A";233.33;"A"
"2025-06-28 22:45";100;"A";4212.93;"A";4215.53;"A";6.82;"A";4.44;"A";3.07;"A";28.01;"A";39.72;"A";28;"A";20.92;"A";50.15;"A";1004.91;"A";22;"A";0;"A";6;"A";114;"A";0;"A";30;"A"
"2025-06-28 23:00";100;"A";4212.73;"A";4214.87;"A";7.94;"A";5.33;"A";3.86;"A";27.7;"A";40.57;"A";28;"A";20.58;"A";51.43;"A";1005.03;"A";21;"A";0;"A";7;"A";161;"A";0.67;"A";226.67;"A"
"2025-06-28 23:15";100;"A";4212.67;"A";4214.87;"A";7.04;"A";4.7;"A";3.5;"A";27.38;"A";41.71;"A";27;"A";20.25;"A";53.16;"A";1004.98;"A";21;"A";0;"A";6;"A";141;"A";0.33;"A";343.33;"A"
"2025-06-28 23:30";99.93;"A";4204.47;"A";4206.13;"A";7.33;"A";5.31;"A";3.61;"A";27.07;"A";42.79;"A";28;"A";20.01;"A";54.01;"A";1005.11;"A";21;"A";0;"A";6;"A";152;"A";0.33;"A";230;"A"
"2025-06-28 23:45";99.94;"A";4211.73;"A";4214.53;"A";7.35;"A";5.24;"A";3.37;"A";26.78;"A";43.86;"A";27;"A";19.76;"A";55.48;"A";1005.2;"A";22;"A";1;"A";5;"A";139;"A";0.33;"A";263.33;"A"
"2025-06-29 00:00";99.96;"A";4212;"A";4214.53;"A";7.37;"A";4.8;"A";3.62;"A";26.48;"A";44.99;"A";26;"A";19.41;"A";57.2;"A";1005.15;"A";21;"A";1;"A";5;"A";101;"A";0.33;"A";150;"A"
"2025-06-29 00:15";99.98;"A";4212.73;"A";4214.93;"A";6.86;"A";4.73;"A";3.36;"A";26.22;"A";46.18;"A";25;"A";19.12;"A";58.89;"A";1005.01;"A";21;"A";0;"A";5;"A";109;"A";0.67;"A";340;"A"
"2025-06-29 00:30";99.88;"A";4186.87;"A";4185.2;"A";7.01;"A";4.63;"A";3.34;"A";25.95;"A";47.36;"A";24;"A";18.88;"A";60.31;"A";1004.94;"A";20;"A";1;"A";4;"A";107;"A";1;"A";346.67;"A"
"2025-06-29 00:45";99.72;"A";4204.4;"A";4207.2;"A";7.34;"A";4.72;"A";3.37;"A";25.66;"A";48;"A";24;"A";18.67;"A";60.57;"A";1004.97;"A";19;"A";1;"A";4;"A";112;"A";0.67;"A";243.33;"A"
"2025-06-29 01:00";99.82;"A";4210.47;"A";4213.13;"A";7.49;"A";4.74;"A";3.41;"A";25.41;"A";48.53;"A";23;"A";18.53;"A";61.13;"A";1004.93;"A";19;"A";1;"A";5;"A";112;"A";0.33;"A";346.67;"A"
"2025-06-29 01:15";99.89;"A";4211.33;"A";4214.33;"A";8.52;"A";6.42;"A";4.44;"A";25.24;"A";49.03;"A";23;"A";18.38;"A";61.93;"A";1004.78;"A";18;"A";1;"A";5;"A";109;"A";0.33;"A";340;"A"
"2025-06-29 01:30";99.94;"A";4211.8;"A";4214.47;"A";7.38;"A";4.81;"A";3.38;"A";25.05;"A";49.89;"A";23;"A";18;"A";63.63;"A";1004.7;"A";19;"A";1;"A";4;"A";99;"A";1;"A";340;"A"
"2025-06-29 01:45";99.96;"A";4212.2;"A";4215.2;"A";6.76;"A";4.74;"A";3.26;"A";24.8;"A";50.9;"A";23;"A";17.89;"A";64.55;"A";1004.67;"A";19;"A";1;"A";4;"A";95;"A";1;"A";340;"A"
"2025-06-29 02:00";99.98;"A";4212.73;"A";4214.73;"A";6.67;"A";4.55;"A";3.22;"A";24.63;"A";51.73;"A";23;"A";17.97;"A";64.67;"A";1004.56;"A";19;"A";1;"A";4;"A";94;"A";0.67;"A";340;"A"
"2025-06-29 02:15";99.99;"A";4212.6;"A";4214.93;"A";6.44;"A";4.44;"A";3.01;"A";24.61;"A";51.78;"A";24;"A";17.94;"A";64.7;"A";1004.59;"A";20;"A";0;"A";4;"A";91;"A";1.33;"A";346.67;"A"
"2025-06-29 02:30";100;"A";4212.8;"A";4215;"A";6.51;"A";4.6;"A";3.33;"A";24.56;"A";51.8;"A";25;"A";17.89;"A";64.65;"A";1004.53;"A";20;"A";0;"A";4;"A";95;"A";1;"A";340;"A"
"2025-06-29 02:45";99.89;"A";4196.93;"A";4197.2;"A";6.72;"A";4.52;"A";3.19;"A";24.52;"A";52.21;"A";26;"A";17.89;"A";64.93;"A";1004.52;"A";21;"A";0;"A";4;"A";106;"A";1;"A";336.67;"A"
"2025-06-29 03:00";99.89;"A";4211.33;"A";4214.07;"A";4.86;"A";3.5;"A";2.56;"A";24.54;"A";51.41;"A";27;"A";18.02;"A";63.55;"A";1004.34;"A";23;"A";0;"A";4;"A";102;"A";1.33;"A";343.33;"A"
"2025-06-29 03:15";99.93;"A";4211.67;"A";4214.27;"A";4.66;"A";3.58;"A";2.43;"A";24.6;"A";51.06;"A";27;"A";18.11;"A";63.46;"A";1004.09;"A";22;"A";0;"A";5;"A";104;"A";1;"A";343.33;"A"
"2025-06-29 03:30";99.96;"A";4212.33;"A";4215.47;"A";4.78;"A";3.42;"A";2.45;"A";24.65;"A";51.05;"A";27;"A";18.03;"A";63.72;"A";1004.03;"A";22;"A";0;"A";5;"A";104;"A";1;"A";340;"A"
"2025-06-29 03:45";99.98;"A";4211.07;"A";4212.73;"A";6.35;"A";4.72;"A";3.2;"A";24.66;"A";51.21;"A";26;"A";17.95;"A";64.25;"A";1003.99;"A";22;"A";0;"A";5;"A";112;"A";1;"A";340;"A"
"2025-06-29 04:00";99.88;"A";4202.13;"A";4203.4;"A";5.89;"A";3.98;"A";2.71;"A";24.62;"A";51.56;"A";26;"A";17.93;"A";64.97;"A";1003.99;"A";22;"A";0;"A";5;"A";94;"A";0.67;"A";343.33;"A"
"2025-06-29 04:15";99.92;"A";4211.67;"A";4214.2;"A";6.26;"A";3.75;"A";2.59;"A";24.6;"A";52.39;"A";26;"A";17.9;"A";65.68;"A";1003.86;"A";21;"A";0;"A";4;"A";94;"A";1;"A";343.33;"A"
"2025-06-29 04:30";99.95;"A";4211.8;"A";4214.13;"A";5.84;"A";4.23;"A";2.84;"A";24.57;"A";52.85;"A";25;"A";17.88;"A";66.15;"A";1003.77;"A";21;"A";0;"A";4;"A";92;"A";0.33;"A";343.33;"A"
"2025-06-29 04:45";99.98;"A";4212.4;"A";4214.87;"A";6.85;"A";3.98;"A";2.66;"A";24.56;"A";53.03;"A";25;"A";17.98;"A";66.28;"A";1003.77;"A";21;"A";0;"A";4;"A";91;"A";0.67;"A";343.33;"A"
"2025-06-29 05:00";99.99;"A";4212.87;"A";4215.13;"A";8.41;"A";5.44;"A";3.74;"A";24.61;"A";53.29;"A";25;"A";18;"A";66.21;"A";1003.6;"A";21;"A";0;"A";4;"A";98;"A";2;"A";346.67;"A"
"2025-06-29 05:15";100;"A";4212.73;"A";4215.27;"A";6.97;"A";4.89;"A";3.48;"A";24.64;"A";53.26;"A";25;"A";18.04;"A";66.25;"A";1003.51;"A";20;"A";0;"A";4;"A";113;"A";1.67;"A";350;"A"
"2025-06-29 05:30";100;"A";4212.67;"A";4214.93;"A";7.9;"A";4.57;"A";2.88;"A";24.67;"A";53.29;"A";24;"A";18.04;"A";66.34;"A";1003.39;"A";20;"A";0;"A";4;"A";103;"A";1.33;"A";346.67;"A"
"2025-06-29 05:45";100;"A";4212.73;"A";4215;"A";6.08;"A";3.99;"A";2.93;"A";24.69;"A";53.38;"A";24;"A";18.05;"A";66.56;"A";1003.38;"A";20;"A";1;"A";4;"A";107;"A";1.67;"A";350;"A"
"2025-06-29 06:00";100;"A";4212.67;"A";4214.87;"A";7;"A";4.33;"A";2.87;"A";24.72;"A";53.76;"A";23;"A";18.08;"A";67.23;"A";1003.49;"A";19;"A";0;"A";4;"A";109;"A";1;"A";346.67;"A"
"2025-06-29 06:15";100;"A";4212.67;"A";4214.8;"A";9.06;"A";5.76;"A";3.73;"A";24.73;"A";54.34;"A";22;"A";18.13;"A";67.85;"A";1003.42;"A";18;"A";1;"A";4;"A";111;"A";1.67;"A";346.67;"A"
"2025-06-29 06:30";100;"A";4212.87;"A";4215.13;"A";7.27;"A";4.44;"A";2.9;"A";24.78;"A";54.22;"A";22;"A";18.17;"A";67.44;"A";1003.35;"A";18;"A";1;"A";4;"A";99;"A";1.67;"A";350;"A"
"2025-06-29 06:45";99.88;"A";4187.47;"A";4186.4;"A";7.09;"A";3.96;"A";2.9;"A";24.83;"A";54.26;"A";21;"A";18.42;"A";66.93;"A";1003.38;"A";17;"A";0;"A";4;"A";97;"A";0.67;"A";233.33;"A"
"2025-06-29 07:00";99.74;"A";4207.2;"A";4209.73;"A";7;"A";4.07;"A";2.77;"A";25.02;"A";53.91;"A";21;"A";18.68;"A";66.2;"A";1003.26;"A";17;"A";0;"A";4;"A";95;"A";0.67;"A";233.33;"A"
"2025-06-29 07:15";99.84;"A";4210.6;"A";4213.67;"A";6.78;"A";4.1;"A";2.75;"A";25.28;"A";53.51;"A";22;"A";18.96;"A";65.68;"A";1003.3;"A";18;"A";0;"A";4;"A";98;"A";1;"A";350;"A"
"2025-06-29 07:30";99.9;"A";4211.47;"A";4214;"A";6.99;"A";4.19;"A";2.95;"A";25.55;"A";53.11;"A";22;"A";19.15;"A";65.27;"A";1003.52;"A";17;"A";0;"A";4;"A";116;"A";1.33;"A";116.67;"A"
"2025-06-29 07:45";99.94;"A";4211.67;"A";4214.73;"A";6.64;"A";4.34;"A";3.15;"A";25.8;"A";52.58;"A";21;"A";19.49;"A";64.28;"A";1003.48;"A";17;"A";1;"A";5;"A";130;"A";0.33;"A";120;"A"
"2025-06-29 08:00";99.96;"A";4212.07;"A";4214.87;"A";6.25;"A";3.93;"A";2.83;"A";26.17;"A";51.33;"A";22;"A";19.95;"A";62.19;"A";1003.38;"A";18;"A";0;"A";4;"A";107;"A";0.67;"A";123.33;"A"
"2025-06-29 08:15";99.98;"A";4212.87;"A";4215.47;"A";7.72;"A";3.85;"A";2.8;"A";26.59;"A";50.22;"A";23;"A";20.2;"A";61.5;"A";1003.45;"A";18;"A";0;"A";5;"A";108;"A";0.33;"A";46.67;"A"
"2025-06-29 08:30";99.98;"A";4207.93;"A";4210.13;"A";6.66;"A";4.02;"A";2.87;"A";26.85;"A";49.31;"A";23;"A";20.24;"A";61.12;"A";1003.58;"A";19;"A";0;"A";5;"A";101;"A";0.33;"A";43.33;"A"
"2025-06-29 08:45";99.84;"A";4199.6;"A";4200.53;"A";6.74;"A";4.56;"A";3.41;"A";26.96;"A";49.02;"A";24;"A";20.17;"A";61.26;"A";1003.59;"A";19;"A";1;"A";5;"A";117;"A";1.33;"A";233.33;"A"
"2025-06-29 09:00";99.88;"A";4211;"A";4214.4;"A";5.83;"A";3.62;"A";2.65;"A";26.98;"A";49.03;"A";24;"A";20.13;"A";61.63;"A";1003.59;"A";20;"A";1;"A";4;"A";104;"A";1.67;"A";233.33;"A"
"2025-06-29 09:15";99.92;"A";4211.73;"A";4214.33;"A";6.06;"A";3.67;"A";2.37;"A";26.95;"A";49.32;"A";23;"A";20.09;"A";62.15;"A";1003.64;"A";18;"A";1;"A";5;"A";108;"A";1;"A";120;"A"
"2025-06-29 09:30";99.95;"A";4211.87;"A";4215.13;"A";4.45;"A";2.55;"A";1.89;"A";26.94;"A";49.7;"A";24;"A";20.16;"A";62.25;"A";1003.58;"A";20;"A";1;"A";4;"A";106;"A";1.67;"A";116.67;"A"
"2025-06-29 09:45";99.97;"A";4212.53;"A";4215.33;"A";4.07;"A";3.01;"A";2.1;"A";27.01;"A";49.52;"A";26;"A";20.38;"A";61.57;"A";1003.56;"A";22;"A";0;"A";4;"A";109;"A";1.67;"A";116.67;"A"
"2025-06-29 10:00";99.98;"A";4211.07;"A";4213.07;"A";5.02;"A";3.02;"A";2.24;"A";27.16;"A";49.65;"A";24;"A";20.66;"A";61.03;"A";1003.53;"A";20;"A";0;"A";4;"A";119;"A";1.33;"A";116.67;"A"
"2025-06-29 10:15";99.87;"A";4200.27;"A";4201.53;"A";4.79;"A";3.33;"A";2.36;"A";27.44;"A";48.84;"A";25;"A";21.07;"A";59.56;"A";1003.62;"A";21;"A";0;"A";5;"A";126;"A";1;"A";0;"A"
"2025-06-29 10:30";99.9;"A";4211.27;"A";4214.47;"A";4.76;"A";2.99;"A";2.23;"A";27.76;"A";47.54;"A";27;"A";21.25;"A";58.05;"A";1003.71;"A";23;"A";0;"A";5;"A";118;"A";1.67;"A";116.67;"A"
"2025-06-29 10:45";99.94;"A";4211.67;"A";4214.73;"A";4.72;"A";2.82;"A";2.03;"A";28.06;"A";46.31;"A";29;"A";21.47;"A";56.89;"A";1003.71;"A";24;"A";0;"A";5;"A";108;"A";1.67;"A";236.67;"A"
"2025-06-29 11:00";99.96;"A";4211.87;"A";4214.73;"A";4.71;"A";2.88;"A";2.09;"A";28.34;"A";45.5;"A";29;"A";21.92;"A";55.61;"A";1003.75;"A";24;"A";0;"A";5;"A";114;"A";1.33;"A";116.67;"A"
"2025-06-29 11:15";99.98;"A";4212.6;"A";4215.4;"A";4.75;"A";2.85;"A";2.13;"A";28.69;"A";45.01;"A";29;"A";22.05;"A";55.72;"A";1003.82;"A";24;"A";0;"A";5;"A";113;"A";1.67;"A";3.33;"A"
"2025-06-29 11:30";99.99;"A";4212.73;"A";4215.27;"A";4.01;"A";2.57;"A";1.96;"A";28.94;"A";44.26;"A";29;"A";22.32;"A";54.27;"A";1003.97;"A";25;"A";0;"A";5;"A";114;"A";2;"A";116.67;"A"
"2025-06-29 11:45";99.99;"A";4212.53;"A";4214.73;"A";4.42;"A";2.75;"A";1.87;"A";29.14;"A";43.47;"A";30;"A";22.3;"A";54.15;"A";1004.04;"A";25;"A";0;"A";6;"A";121;"A";1.67;"A";116.67;"A"
"2025-06-29 12:00";99.95;"A";4206.8;"A";4209.07;"A";4.28;"A";3.03;"A";2.13;"A";29.18;"A";43.3;"A";31;"A";22.4;"A";53.92;"A";1004.12;"A";26;"A";0;"A";5;"A";118;"A";1.33;"A";0;"A"
"2025-06-29 12:15";99.95;"A";4211.67;"A";4214.93;"A";5.93;"A";2.92;"A";2.13;"A";29.27;"A";43.61;"A";30;"A";22.65;"A";53.66;"A";1004.1;"A";24;"A";0;"A";6;"A";125;"A";1;"A";0;"A"
"2025-06-29 12:30";99.97;"A";4211.8;"A";4215.27;"A";3.88;"A";2.82;"A";1.89;"A";29.54;"A";42.73;"A";29;"A";23.12;"A";52;"A";1003.95;"A";25;"A";0;"A";4;"A";114;"A";1;"A";0;"A"
"2025-06-29 12:45";99.98;"A";4212.6;"A";4215.53;"A";3.77;"A";2.41;"A";1.68;"A";29.93;"A";41.61;"A";32;"A";23.39;"A";50.98;"A";1004.01;"A";26;"A";0;"A";6;"A";110;"A";1.67;"A";116.67;"A"
"2025-06-29 13:00";99.99;"A";4212.47;"A";4214.93;"A";4.43;"A";2.59;"A";1.79;"A";30.35;"A";41.09;"A";30;"A";24.16;"A";48.91;"A";1004.12;"A";25;"A";0;"A";5;"A";115;"A";;"N";;"N"
"2025-06-29 13:15";100;"A";4212.6;"A";4215;"A";6;"A";3.35;"A";2.39;"A";30.96;"A";39.47;"A";33;"A";24.71;"A";47.11;"A";1004.16;"A";26;"A";0;"A";6;"A";126;"A";2.33;"A";116.67;"A"
"2025-06-29 13:30";100;"A";4212.6;"A";4215.47;"A";4.42;"A";2.79;"A";1.86;"A";31.57;"A";38.2;"A";32;"A";25.22;"A";45.84;"A";1004.25;"A";27;"A";0;"A";5;"A";119;"A";1.33;"A";116.67;"A"
"2025-06-29 13:45";100;"A";4212.6;"A";4215.2;"A";4.21;"A";2.59;"A";1.84;"A";32.04;"A";37.03;"A";33;"A";25.24;"A";45.68;"A";1004.14;"A";27;"A";0;"A";7;"A";110;"A";1.67;"A";116.67;"A"
"2025-06-29 14:00";100;"A";4212.6;"A";4215.47;"A";4.02;"A";2.38;"A";1.77;"A";32.2;"A";36.53;"A";34;"A";25.11;"A";46.03;"A";1004.1;"A";27;"A";0;"A";7;"A";109;"A";1.67;"A";123.33;"A"
"2025-06-29 14:15";100;"A";4212.87;"A";4215.4;"A";4.03;"A";2.31;"A";1.76;"A";32.17;"A";36.7;"A";31;"A";25.29;"A";44.97;"A";1003.99;"A";26;"A";0;"A";5;"A";112;"A";1.67;"A";233.33;"A"
"2025-06-29 14:30";100;"A";4212.73;"A";4215.73;"A";3.26;"A";2.13;"A";1.55;"A";32.24;"A";36.28;"A";33;"A";25.34;"A";45.06;"A";1003.93;"A";26;"A";0;"A";6;"A";111;"A";1;"A";0;"A"
"2025-06-29 14:45";100;"A";4212.47;"A";4215.27;"A";3.37;"A";2.33;"A";1.61;"A";32.32;"A";35.94;"A";33;"A";25.43;"A";44.39;"A";1003.85;"A";27;"A";0;"A";6;"A";112;"A";1;"A";3.33;"A"
"2025-06-29 15:00";99.97;"A";4202.2;"A";4203.87;"A";3.37;"A";2.15;"A";1.57;"A";32.38;"A";35.82;"A";33;"A";25.51;"A";44.21;"A";1003.7;"A";27;"A";0;"A";6;"A";111;"A";1.33;"A";116.67;"A"
"2025-06-29 15:15";99.74;"A";4188.93;"A";4189.2;"A";4.49;"A";2.23;"A";1.47;"A";32.46;"A";35.19;"A";31;"A";25.87;"A";42.54;"A";1003.81;"A";26;"A";0;"A";5;"A";118;"A";1;"A";3.33;"A"
"2025-06-29 15:30";99.77;"A";4209.2;"A";4213.47;"A";2.68;"A";1.99;"A";1.48;"A";32.67;"A";34.62;"A";32;"A";25.88;"A";42.39;"A";1003.72;"A";26;"A";0;"A";7;"A";109;"A";1;"A";3.33;"A"
"2025-06-29 15:45";99.85;"A";4210.73;"A";4214.6;"A";4.07;"A";1.99;"A";1.32;"A";32.76;"A";33.83;"A";33;"A";25.92;"A";41.42;"A";1003.73;"A";27;"A";0;"A";6;"A";107;"A";0.33;"A";13.33;"A"
"2025-06-29 16:00";99.91;"A";4211.4;"A";4214.53;"A";2.79;"A";1.95;"A";1.31;"A";32.75;"A";33.49;"A";35;"A";25.68;"A";41.7;"A";1003.62;"A";28;"A";0;"A";7;"A";102;"A";1.33;"A";3.33;"A"
"2025-06-29 16:15";99.94;"A";4211.6;"A";4214.73;"A";2.75;"A";1.9;"A";1.52;"A";32.64;"A";34.07;"A";33;"A";25.75;"A";42.07;"A";1003.62;"A";28;"A";0;"A";5;"A";118;"A";1;"A";120;"A"
"2025-06-29 16:30";99.96;"A";4211.73;"A";4214.87;"A";2.85;"A";1.86;"A";1.3;"A";32.63;"A";33.92;"A";34;"A";25.89;"A";41.41;"A";1003.45;"A";28;"A";0;"A";6;"A";106;"A";1;"A";116.67;"A"
"2025-06-29 16:45";99.98;"A";4211.73;"A";4214.87;"A";2.56;"A";1.77;"A";1.4;"A";32.68;"A";32.75;"A";36;"A";26.07;"A";39.67;"A";1003.42;"A";29;"A";0;"A";6;"A";115;"A";2;"A";350;"A"
"2025-06-29 17:00";99.99;"A";4212.13;"A";4215.2;"A";5.26;"A";2.7;"A";1.72;"A";32.78;"A";32.77;"A";36;"A";26.21;"A";40.09;"A";1003.19;"A";29;"A";0;"A";7;"A";121;"A";1;"A";0;"A"
"2025-06-29 17:15";99.99;"A";4212.47;"A";4215.47;"A";3.26;"A";1.98;"A";1.37;"A";32.88;"A";31.78;"A";36;"A";26.1;"A";38.31;"A";1003.05;"A";30;"A";0;"A";6;"A";111;"A";1.33;"A";120;"A"
"2025-06-29 17:30";99.9;"A";4189.93;"A";4189.93;"A";3.56;"A";2.1;"A";1.48;"A";32.87;"A";30.2;"A";38;"A";26.07;"A";36.26;"A";1003.11;"A";31;"A";0;"A";7;"A";110;"A";0.67;"A";123.33;"A"
"2025-06-29 17:45";99.73;"A";4202.6;"A";4205.67;"A";3.5;"A";1.83;"A";1.38;"A";32.8;"A";29.29;"A";40;"A";26.04;"A";35.87;"A";1003.08;"A";31;"A";0;"A";8;"A";113;"A";1.33;"A";116.67;"A"
"2025-06-29 18:00";99.83;"A";4210.27;"A";4214;"A";3.39;"A";2.02;"A";1.32;"A";32.72;"A";29.36;"A";38;"A";25.95;"A";35.96;"A";1003.14;"A";31;"A";0;"A";7;"A";117;"A";1;"A";116.67;"A"
"2025-06-29 18:15";99.89;"A";4210.87;"A";4214.07;"A";4.15;"A";2.11;"A";1.42;"A";32.65;"A";29.78;"A";39;"A";25.83;"A";36.7;"A";1003.05;"A";31;"A";0;"A";8;"A";108;"A";1;"A";350;"A"
"2025-06-29 18:30";99.94;"A";4211.6;"A";4214.8;"A";4.96;"A";2.23;"A";1.49;"A";32.54;"A";30.19;"A";38;"A";25.74;"A";36.92;"A";1003.08;"A";32;"A";0;"A";7;"A";107;"A";1.33;"A";233.33;"A"
"2025-06-29 18:45";99.96;"A";4211.67;"A";4214.73;"A";3.3;"A";2.31;"A";1.59;"A";32.44;"A";30.44;"A";38;"A";25.7;"A";37.09;"A";1002.89;"A";32;"A";0;"A";6;"A";111;"A";0.67;"A";3.33;"A"
"2025-06-29 19:00";99.98;"A";4212;"A";4215.73;"A";4;"A";2.11;"A";1.53;"A";32.39;"A";30.1;"A";39;"A";25.65;"A";36.78;"A";1002.92;"A";33;"A";0;"A";6;"A";103;"A";1;"A";3.33;"A"
"2025-06-29 19:15";99.99;"A";4211.8;"A";4214.8;"A";4.81;"A";2.38;"A";1.62;"A";32.32;"A";30.4;"A";38;"A";25.56;"A";37.24;"A";1002.89;"A";32;"A";0;"A";7;"A";118;"A";1;"A";116.67;"A"
"2025-06-29 19:30";100;"A";4212.4;"A";4215.2;"A";5.45;"A";2.65;"A";1.74;"A";32.26;"A";30.88;"A";38;"A";25.46;"A";37.93;"A";1002.89;"A";31;"A";0;"A";6;"A";113;"A";1;"A";233.33;"A"
"2025-06-29 19:45";100;"A";4212.53;"A";4215.33;"A";5.17;"A";2.65;"A";1.7;"A";32.16;"A";31.41;"A";37;"A";25.39;"A";38.59;"A";1002.83;"A";30;"A";0;"A";6;"A";107;"A";0;"A";343.33;"A"
"2025-06-29 20:00";100;"A";4212.6;"A";4215.2;"A";5.19;"A";2.62;"A";1.88;"A";32.03;"A";32.12;"A";36;"A";25.12;"A";39.65;"A";1002.75;"A";30;"A";0;"A";6;"A";110;"A";0;"A";70;"A"
"2025-06-29 20:15";100;"A";4212.6;"A";4215.33;"A";5.73;"A";3.1;"A";1.97;"A";31.82;"A";32.91;"A";34;"A";24.86;"A";40.88;"A";1002.87;"A";27;"A";0;"A";7;"A";123;"A";0;"A";273.33;"A"
"2025-06-29 20:30";100;"A";4213;"A";4215.93;"A";4.69;"A";2.95;"A";2.01;"A";31.55;"A";34.01;"A";31;"A";24.49;"A";42.31;"A";1002.89;"A";24;"A";0;"A";8;"A";161;"A";0;"A";190;"A"
"2025-06-29 20:45";100;"A";4212.6;"A";4215.4;"A";6.65;"A";3.85;"A";2.8;"A";31.24;"A";34.95;"A";30;"A";24.03;"A";44.18;"A";1002.92;"A";21;"A";1;"A";9;"A";157;"A";0;"A";133.33;"A"
"2025-06-29 21:00";99.98;"A";4204.13;"A";4205.4;"A";9.14;"A";5.35;"A";3.67;"A";30.85;"A";36.03;"A";29;"A";23.5;"A";45.69;"A";1002.96;"A";20;"A";1;"A";8;"A";180;"A";0;"A";126.67;"A"
"2025-06-29 21:15";99.8;"A";4198.47;"A";4200;"A";9.7;"A";6.11;"A";4.08;"A";30.41;"A";37.36;"A";28;"A";23;"A";48;"A";1003.02;"A";19;"A";1;"A";9;"A";200;"A";0;"A";140;"A"
"2025-06-29 21:30";99.85;"A";4210.53;"A";4214.27;"A";9.94;"A";6.54;"A";4.26;"A";29.94;"A";38.53;"A";27;"A";22.57;"A";49.32;"A";1003.05;"A";17;"A";1;"A";10;"A";207;"A";0;"A";190;"A"
"2025-06-29 21:45";99.91;"A";4211.33;"A";4214.33;"A";16.91;"A";11.42;"A";7.95;"A";29.51;"A";40.04;"A";25;"A";22.19;"A";51.37;"A";1003.35;"A";12;"A";2;"A";13;"A";292;"A";0;"A";183.33;"A"
"2025-06-29 22:00";99.94;"A";4212;"A";4215.33;"A";14.01;"A";9.42;"A";6.12;"A";29.1;"A";42.04;"A";25;"A";21.76;"A";53.95;"A";1003.26;"A";9;"A";2;"A";16;"A";309;"A";0;"A";250;"A"
"2025-06-29 22:15";99.97;"A";4211.67;"A";4214.87;"A";13.66;"A";8.15;"A";5.74;"A";28.7;"A";42.9;"A";23;"A";21.54;"A";54.31;"A";1003.19;"A";8;"A";2;"A";15;"A";312;"A";0;"A";160;"A"
"2025-06-29 22:30";99.98;"A";4212.33;"A";4215;"A";11.13;"A";6.7;"A";4.58;"A";28.41;"A";43.72;"A";24;"A";21.35;"A";55.3;"A";1003.29;"A";12;"A";1;"A";11;"A";251;"A";0;"A";146.67;"A"
"2025-06-29 22:45";99.99;"A";4212.6;"A";4214.8;"A";9.2;"A";5.68;"A";3.95;"A";28.18;"A";44.82;"A";24;"A";21.18;"A";56.73;"A";1003.32;"A";14;"A";1;"A";10;"A";215;"A";0;"A";193.33;"A"
"2025-06-29 23:00";100;"A";4212.67;"A";4214.87;"A";9.19;"A";5.27;"A";3.5;"A";28.01;"A";46.62;"A";24;"A";21.1;"A";59.14;"A";1003.5;"A";16;"A";1;"A";8;"A";188;"A";0;"A";313.33;"A"
"2025-06-29 23:15";99.95;"A";4199.93;"A";4200.47;"A";7.92;"A";4.45;"A";3.08;"A";27.89;"A";48.69;"A";23;"A";21.12;"A";61.52;"A";1003.44;"A";18;"A";1;"A";5;"A";141;"A";0.33;"A";333.33;"A"
"2025-06-29 23:30";99.88;"A";4211.27;"A";4214.8;"A";6.64;"A";3.84;"A";2.59;"A";27.84;"A";50.48;"A";23;"A";21.18;"A";63.15;"A";1003.37;"A";20;"A";1;"A";4;"A";116;"A";0;"A";310;"A"
"2025-06-29 23:45";99.93;"A";4211.47;"A";4214.47;"A";5.95;"A";3.45;"A";2.38;"A";27.81;"A";51.56;"A";23;"A";21.13;"A";64.59;"A";1003.41;"A";18;"A";1;"A";4;"A";123;"A";0;"A";213.33;"A"
"2025-06-30 00:00";99.96;"A";4211.8;"A";4215.07;"A";5.47;"A";3.38;"A";2.26;"A";27.8;"A";52.42;"A";22;"A";21.11;"A";65.64;"A";1003.32;"A";17;"A";1;"A";4;"A";123;"A";0;"A";273.33;"A"
"2025-06-30 00:15";99.98;"A";4212;"A";4214.8;"A";5.93;"A";3.65;"A";2.4;"A";27.79;"A";53.52;"A";21;"A";21.07;"A";66.93;"A";1003.36;"A";17;"A";1;"A";4;"A";117;"A";0;"A";300;"A"
"2025-06-30 00:30";99.99;"A";4212.53;"A";4214.87;"A";4.99;"A";3.42;"A";2.39;"A";27.78;"A";54.22;"A";21;"A";21.15;"A";67.38;"A";1003.33;"A";17;"A";1;"A";4;"A";110;"A";0;"A";306.67;"A"
"2025-06-30 00:45";100;"A";4212.6;"A";4214.93;"A";4.89;"A";3.49;"A";2.59;"A";27.81;"A";54.51;"A";21;"A";21.19;"A";67.61;"A";1003.22;"A";18;"A";1;"A";3;"A";111;"A";0;"A";240;"A"
"2025-06-30 01:00";100;"A";4212.87;"A";4215.07;"A";5.17;"A";3.48;"A";2.67;"A";27.82;"A";54.61;"A";22;"A";21.08;"A";68.17;"A";1003.18;"A";18;"A";1;"A";4;"A";110;"A";0;"A";230;"A"
"2025-06-30 01:15";99.9;"A";4189.87;"A";4189;"A";5.65;"A";4.11;"A";2.75;"A";27.78;"A";55.04;"A";21;"A";20.96;"A";68.98;"A";1003.05;"A";17;"A";1;"A";4;"A";108;"A";0;"A";236.67;"A"
"2025-06-30 01:30";99.76;"A";4207.2;"A";4210.8;"A";5.24;"A";3.88;"A";2.92;"A";27.67;"A";55.7;"A";20;"A";20.83;"A";69.94;"A";1002.99;"A";16;"A";1;"A";4;"A";108;"A";0;"A";180;"A"
"2025-06-30 01:45";99.85;"A";4210.6;"A";4213.67;"A";6.02;"A";4.28;"A";3.02;"A";27.54;"A";56.04;"A";21;"A";20.68;"A";70.49;"A";1002.9;"A";17;"A";1;"A";4;"A";106;"A";0;"A";333.33;"A"
"2025-06-30 02:00";99.91;"A";4211.47;"A";4214.2;"A";6.68;"A";4.16;"A";3.19;"A";27.42;"A";56.15;"A";20;"A";20.63;"A";70.39;"A";1002.73;"A";17;"A";1;"A";3;"A";105;"A";0;"A";133.33;"A"
"2025-06-30 02:15";99.95;"A";4211.67;"A";4214.87;"A";6.18;"A";4.5;"A";3.34;"A";27.35;"A";56.3;"A";20;"A";20.7;"A";70.16;"A";1002.62;"A";16;"A";1;"A";3;"A";103;"A";0;"A";246.67;"A"
"2025-06-30 02:30";99.97;"A";4211.93;"A";4214.87;"A";6.12;"A";5.1;"A";3.56;"A";27.39;"A";56.68;"A";20;"A";20.86;"A";70.32;"A";1002.47;"A";17;"A";1;"A";4;"A";107;"A";0;"A";303.33;"A"
"2025-06-30 02:45";99.98;"A";4212.67;"A";4215.6;"A";6.64;"A";5.12;"A";3.77;"A";27.51;"A";56.85;"A";21;"A";21.11;"A";69.95;"A";1002.33;"A";17;"A";1;"A";3;"A";115;"A";0;"A";320;"A"
"2025-06-30 03:00";99.92;"A";4193.13;"A";4193.4;"A";7.9;"A";5.26;"A";3.84;"A";27.68;"A";56.89;"A";20;"A";21.36;"A";69.77;"A";1002.51;"A";17;"A";1;"A";4;"A";120;"A";0;"A";263.33;"A"
"2025-06-30 03:15";99.73;"A";4200.47;"A";4202.53;"A";8;"A";5.67;"A";3.99;"A";27.88;"A";58;"A";21;"A";21.32;"A";72.73;"A";1002.44;"A";17;"A";1;"A";4;"A";120;"A";1;"A";350;"A"
"2025-06-30 03:30";99.82;"A";4210.07;"A";4213.6;"A";7.31;"A";5.28;"A";4.44;"A";28.05;"A";59.95;"A";19;"A";20.96;"A";76.25;"A";1002.11;"A";16;"A";2;"A";3;"A";114;"A";0.33;"A";226.67;"A"
"2025-06-30 03:45";99.89;"A";4210.8;"A";4214.2;"A";7.1;"A";5.14;"A";4.45;"A";28.21;"A";60.05;"A";18;"A";20.7;"A";78.11;"A";1002.05;"A";15;"A";3;"A";3;"A";106;"A";0;"A";250;"A"
"2025-06-30 04:00";99.94;"A";4211.8;"A";4214.93;"A";7.11;"A";5.12;"A";4.51;"A";28.17;"A";59.92;"A";16;"A";20.46;"A";78.63;"A";1001.91;"A";14;"A";2;"A";3;"A";104;"A";0.33;"A";316.67;"A"
"2025-06-30 04:15";99.96;"A";4211.87;"A";4215;"A";7.18;"A";5.17;"A";4.56;"A";27.87;"A";60.03;"A";16;"A";20.25;"A";78.65;"A";1001.81;"A";13;"A";2;"A";3;"A";103;"A";0;"A";303.33;"A"
"2025-06-30 04:30";99.98;"A";4211.73;"A";4214.67;"A";7.25;"A";5.22;"A";4.6;"A";27.84;"A";60.05;"A";15;"A";19.99;"A";79.56;"A";1001.8;"A";12;"A";3;"A";3;"A";110;"A";0;"A";246.67;"A"
"2025-06-30 04:45";99.99;"A";4212.53;"A";4215;"A";7.38;"A";5.31;"A";4.68;"A";27.71;"A";59.9;"A";14;"A";19.91;"A";79.09;"A";1001.89;"A";11;"A";3;"A";3;"A";110;"A";0;"A";280;"A"
"2025-06-30 05:00";100;"A";4212.6;"A";4214.53;"A";8.1;"A";5.8;"A";5.11;"A";27.5;"A";60.06;"A";16;"A";20.1;"A";78.18;"A";1002.05;"A";13;"A";2;"A";3;"A";103;"A";0.67;"A";333.33;"A"
"2025-06-30 05:15";100;"A";4212.6;"A";4214.4;"A";8.53;"A";6.1;"A";5.37;"A";27.58;"A";59.98;"A";15;"A";20.27;"A";77.63;"A";1002.01;"A";12;"A";2;"A";3;"A";110;"A";0.67;"A";346.67;"A"
"2025-06-30 05:30";100;"A";4212.73;"A";4215.27;"A";8.66;"A";6.19;"A";5.45;"A";27.62;"A";59.97;"A";15;"A";20.35;"A";77.44;"A";1002.12;"A";12;"A";2;"A";3;"A";122;"A";0.33;"A";240;"A"
"2025-06-30 05:45";100;"A";4212.87;"A";4215.47;"A";8.12;"A";5.82;"A";5.13;"A";27.79;"A";60;"A";15;"A";20.52;"A";77.59;"A";1002.12;"A";11;"A";3;"A";4;"A";128;"A";0.33;"A";126.67;"A"
"2025-06-30 06:00";100;"A";4212.6;"A";4214.93;"A";8.63;"A";6.17;"A";5.43;"A";27.87;"A";59.98;"A";15;"A";20.67;"A";77.36;"A";1002.04;"A";11;"A";2;"A";4;"A";135;"A";0;"A";330;"A"
"2025-06-30 06:15";100;"A";4212.67;"A";4214.93;"A";9.05;"A";6.45;"A";5.68;"A";28;"A";59.91;"A";14;"A";21.13;"A";75.84;"A";1002.11;"A";9;"A";2;"A";4;"A";149;"A";0;"A";270;"A"
"2025-06-30 06:30";100;"A";4212.6;"A";4214.93;"A";13.8;"A";9.78;"A";7.84;"A";28.1;"A";59.69;"A";13;"A";21.81;"A";73.15;"A";1001.65;"A";10;"A";1;"A";3;"A";139;"A";0.33;"A";343.33;"A"
"2025-06-30 06:45";100;"A";4212.6;"A";4215.27;"A";12.89;"A";9.7;"A";6.77;"A";28.53;"A";57.98;"A";17;"A";21.94;"A";72.02;"A";1001.5;"A";12;"A";2;"A";5;"A";128;"A";0.33;"A";226.67;"A"
"2025-06-30 07:00";100;"A";4212.73;"A";4215.4;"A";14.34;"A";10.15;"A";7.28;"A";28.82;"A";57.39;"A";17;"A";22.42;"A";70.8;"A";1001.52;"A";11;"A";2;"A";5;"A";135;"A";0.33;"A";323.33;"A"
"2025-06-30 07:15";100;"A";4212.87;"A";4215.47;"A";13.23;"A";10.16;"A";7.57;"A";29.69;"A";55.31;"A";11;"A";24.2;"A";64.83;"A";1001.7;"A";10;"A";0;"A";1;"A";127;"A";0;"A";276.67;"A"
"2025-06-30 07:30";100;"A";4212.53;"A";4214.93;"A";13.14;"A";9.95;"A";7.58;"A";30.86;"A";51.43;"A";22;"A";24.02;"A";64.77;"A";1001.76;"A";14;"A";2;"A";7;"A";121;"A";0.67;"A";343.33;"A"
"2025-06-30 07:45";99.99;"A";4212.6;"A";4215.2;"A";14.63;"A";11.12;"A";8.18;"A";31.03;"A";50.88;"A";20;"A";23.57;"A";65.9;"A";1001.5;"A";13;"A";4;"A";7;"A";144;"A";0.33;"A";336.67;"A"
"2025-06-30 08:00";99.99;"A";4212.53;"A";4215.07;"A";15.94;"A";12.25;"A";9.24;"A";30.85;"A";51.07;"A";19;"A";23.64;"A";65.27;"A";1001.55;"A";13;"A";3;"A";6;"A";200;"A";0.33;"A";270;"A"
"2025-06-30 08:15";99.99;"A";4212.6;"A";4215.33;"A";14.17;"A";10.39;"A";7.67;"A";30.73;"A";51.24;"A";20;"A";23.54;"A";66.05;"A";1001.52;"A";15;"A";3;"A";5;"A";154;"A";0.67;"A";340;"A"
"2025-06-30 08:30";99.99;"A";4212.73;"A";4215.27;"A";13.1;"A";10.18;"A";7.63;"A";30.59;"A";51.91;"A";19;"A";23.51;"A";66.53;"A";1001.56;"A";14;"A";3;"A";5;"A";164;"A";0.67;"A";340;"A"
"2025-06-30 08:45";99.99;"A";4212.87;"A";4215.33;"A";12.96;"A";9.82;"A";7.38;"A";30.53;"A";52.01;"A";19;"A";23.76;"A";65.23;"A";1001.47;"A";14;"A";2;"A";5;"A";151;"A";0.67;"A";346.67;"A"
"2025-06-30 09:00";99.99;"A";4212.53;"A";4215.47;"A";13.73;"A";10.43;"A";7.85;"A";30.64;"A";51.08;"A";21;"A";23.93;"A";63.37;"A";1001.66;"A";16;"A";1;"A";5;"A";160;"A";0.33;"A";230;"A"
"2025-06-30 09:15";99.99;"A";4212.6;"A";4215;"A";12.5;"A";9.64;"A";7.14;"A";30.84;"A";49.91;"A";22;"A";24.41;"A";61.42;"A";1001.69;"A";17;"A";1;"A";5;"A";149;"A";0.33;"A";346.67;"A"
"2025-06-30 09:30";99.92;"A";4201.27;"A";4202.13;"A";13.22;"A";9.22;"A";6.61;"A";31.19;"A";47.36;"A";23;"A";24.73;"A";57.08;"A";1001.74;"A";19;"A";1;"A";4;"A";125;"A";0.33;"A";246.67;"A"
"2025-06-30 09:45";99.9;"A";4211.2;"A";4214.2;"A";10.26;"A";7.4;"A";5.57;"A";31.54;"A";43.69;"A";30;"A";25.02;"A";53.26;"A";1001.69;"A";23;"A";0;"A";7;"A";125;"A";1;"A";230;"A"
"2025-06-30 10:00";99.94;"A";4211.8;"A";4215.2;"A";12.88;"A";8.02;"A";5.75;"A";31.86;"A";43.25;"A";30;"A";25.3;"A";53.03;"A";1001.78;"A";23;"A";0;"A";7;"A";136;"A";0.67;"A";343.33;"A"
"2025-06-30 10:15";99.96;"A";4211.87;"A";4215.33;"A";12.76;"A";7.98;"A";5.62;"A";32.14;"A";41.27;"A";31;"A";25.38;"A";50.03;"A";1001.81;"A";26;"A";0;"A";5;"A";147;"A";0.33;"A";256.67;"A"
"2025-06-30 10:30";99.97;"A";4211.67;"A";4214.87;"A";11.9;"A";7.91;"A";5.75;"A";32.43;"A";37.86;"A";34;"A";25.99;"A";45.62;"A";1001.77;"A";27;"A";0;"A";6;"A";128;"A";1.33;"A";350;"A"
"2025-06-30 10:45";99.98;"A";4211.8;"A";4214.6;"A";12.27;"A";8.07;"A";5.85;"A";32.86;"A";36.56;"A";36;"A";26.18;"A";44.38;"A";1001.83;"A";27;"A";0;"A";9;"A";166;"A";1;"A";346.67;"A"
"2025-06-30 11:00";99.98;"A";4211.93;"A";4215.47;"A";12.53;"A";8.21;"A";5.66;"A";33.35;"A";35.55;"A";34;"A";27.4;"A";42.31;"A";1001.87;"A";27;"A";0;"A";7;"A";135;"A";1;"A";116.67;"A"
"2025-06-30 11:15";99.99;"A";4211.8;"A";4215.07;"A";24.66;"A";9.98;"A";6.64;"A";34.27;"A";32.67;"A";36;"A";27.91;"A";39.26;"A";1001.68;"A";28;"A";0;"A";9;"A";127;"A";1.33;"A";116.67;"A"
"2025-06-30 11:30";99.99;"A";4211.87;"A";4215.47;"A";10.06;"A";6.87;"A";4.76;"A";34.95;"A";32.16;"A";37;"A";28.59;"A";38.41;"A";1001.52;"A";26;"A";0;"A";11;"A";130;"A";1.33;"A";350;"A"
"2025-06-30 11:45";99.99;"A";4211.93;"A";4215.27;"A";10.99;"A";5.77;"A";4.11;"A";35.6;"A";29.71;"A";37;"A";29.34;"A";35.35;"A";1001.65;"A";28;"A";0;"A";9;"A";142;"A";1.33;"A";346.67;"A"
"2025-06-30 12:00";99.99;"A";4211.87;"A";4215.27;"A";10.12;"A";5.99;"A";4.17;"A";36.27;"A";28.38;"A";38;"A";29.69;"A";35.32;"A";1001.64;"A";29;"A";0;"A";9;"A";141;"A";1;"A";350;"A"
"2025-06-30 12:15";99.99;"A";4211.8;"A";4215.27;"A";11.84;"A";6.43;"A";4.5;"A";36.73;"A";27.56;"A";39;"A";29.96;"A";34.35;"A";1001.55;"A";30;"A";0;"A";8;"A";156;"A";1.33;"A";116.67;"A"
"2025-06-30 12:30";99.99;"A";4211.93;"A";4215.2;"A";9.21;"A";5.62;"A";3.86;"A";37.11;"A";27.11;"A";39;"A";30.22;"A";34.12;"A";1001.41;"A";30;"A";0;"A";9;"A";143;"A";1.67;"A";116.67;"A"
"2025-06-30 12:45";99.99;"A";4211.73;"A";4215.13;"A";7.63;"A";5.07;"A";3.41;"A";37.39;"A";25.39;"A";39;"A";30.37;"A";30.91;"A";1001.53;"A";32;"A";0;"A";8;"A";136;"A";1.33;"A";116.67;"A"
"2025-06-30 13:00";99.99;"A";4211.87;"A";4215.6;"A";8.74;"A";5.08;"A";3.48;"A";37.56;"A";24.15;"A";41;"A";30.36;"A";30.97;"A";1001.3;"A";32;"A";0;"A";9;"A";139;"A";1.33;"A";120;"A"
"2025-06-30 13:15";99.98;"A";4211.93;"A";4215.47;"A";10.03;"A";5.19;"A";3.38;"A";37.56;"A";23.64;"A";42;"A";29.87;"A";30.44;"A";1001.31;"A";32;"A";0;"A";10;"A";136;"A";1;"A";233.33;"A"
"2025-06-30 13:30";99.98;"A";4211.73;"A";4214.87;"A";8.37;"A";4.78;"A";3.26;"A";37.39;"A";23.71;"A";40;"A";29.99;"A";30.12;"A";1001.17;"A";33;"A";0;"A";7;"A";121;"A";1.67;"A";240;"A"
"2025-06-30 13:45";99.99;"A";4211.8;"A";4214.67;"A";8.51;"A";4.74;"A";3.2;"A";37.26;"A";23.1;"A";42;"A";29.75;"A";29.58;"A";1001.27;"A";35;"A";0;"A";7;"A";108;"A";1.67;"A";233.33;"A"
"2025-06-30 14:00";99.99;"A";4211.8;"A";4215.07;"A";8.22;"A";4.99;"A";3.41;"A";36.96;"A";23.09;"A";43;"A";29.23;"A";30.03;"A";1001.35;"A";35;"A";0;"A";8;"A";114;"A";1.67;"A";233.33;"A"
"2025-06-30 14:15";99.99;"A";4212;"A";4215.27;"A";8.17;"A";5.07;"A";3.22;"A";36.53;"A";23.2;"A";42;"A";29.12;"A";29.16;"A";1001.29;"A";34;"A";0;"A";8;"A";109;"A";1.33;"A";233.33;"A"
"2025-06-30 14:30";99.99;"A";4212.2;"A";4215.73;"A";7.56;"A";4.83;"A";3.24;"A";36.28;"A";22.09;"A";41;"A";29.09;"A";26.97;"A";1001.21;"A";35;"A";0;"A";6;"A";105;"A";2;"A";233.33;"A"
"2025-06-30 14:45";99.99;"A";4212.4;"A";4215.6;"A";9.02;"A";5.13;"A";3.53;"A";36.06;"A";21.94;"A";42;"A";28.9;"A";27.35;"A";1001.18;"A";33;"A";0;"A";9;"A";118;"A";1.33;"A";123.33;"A"
"2025-06-30 15:00";99.99;"A";4211.87;"A";4215.2;"A";9.51;"A";4.98;"A";3.42;"A";35.88;"A";22.01;"A";41;"A";28.72;"A";26.87;"A";1001.13;"A";31;"A";0;"A";9;"A";132;"A";0.67;"A";130;"A"
"2025-06-30 15:15";100;"A";4212.07;"A";4215.13;"A";8.41;"A";4.63;"A";3.08;"A";35.72;"A";21.25;"A";39;"A";28.59;"A";25.93;"A";1000.98;"A";33;"A";0;"A";7;"A";122;"A";1.33;"A";3.33;"A"
"2025-06-30 15:30";100;"A";4212.33;"A";4215.27;"A";7.52;"A";4.07;"A";2.73;"A";35.5;"A";19.58;"A";41;"A";28.42;"A";23.56;"A";1000.93;"A";34;"A";0;"A";7;"A";97;"A";2;"A";116.67;"A"
"2025-06-30 15:45";99.97;"A";4206.53;"A";4208.67;"A";7.07;"A";4.33;"A";2.81;"A";35.29;"A";19.56;"A";41;"A";28.35;"A";23.43;"A";1000.77;"A";33;"A";0;"A";8;"A";110;"A";0.67;"A";150;"A"
"2025-06-30 16:00";99.94;"A";4211.6;"A";4214.93;"A";6.72;"A";4.41;"A";3.01;"A";35.17;"A";21.25;"A";40;"A";28.23;"A";26.73;"A";1000.85;"A";32;"A";0;"A";8;"A";138;"A";0.67;"A";133.33;"A"
"2025-06-30 16:15";99.96;"A";4211.8;"A";4215.07;"A";7.37;"A";4.35;"A";3.04;"A";35.11;"A";22.38;"A";39;"A";28.18;"A";27.4;"A";1000.89;"A";33;"A";0;"A";6;"A";129;"A";1.33;"A";90;"A"
"2025-06-30 16:30";99.98;"A";4211.6;"A";4215.07;"A";7.5;"A";4.36;"A";2.87;"A";35;"A";21.93;"A";39;"A";28;"A";26.03;"A";1000.99;"A";33;"A";0;"A";6;"A";116;"A";1;"A";233.33;"A"
"2025-06-30 16:45";99.99;"A";4211.8;"A";4214.8;"A";8.7;"A";4.74;"A";3.06;"A";34.81;"A";21.05;"A";41;"A";27.72;"A";26.09;"A";1001.11;"A";34;"A";0;"A";7;"A";106;"A";1;"A";120;"A"
"2025-06-30 17:00";100;"A";4211.8;"A";4215.2;"A";7.87;"A";4.77;"A";3.44;"A";34.6;"A";21.84;"A";39;"A";27.56;"A";26.3;"A";1001.12;"A";33;"A";0;"A";6;"A";150;"A";1.33;"A";240;"A"
"2025-06-30 17:15";100;"A";4212.27;"A";4215.13;"A";7.51;"A";4.55;"A";2.82;"A";34.4;"A";20.8;"A";42;"A";27.34;"A";25.49;"A";1001.25;"A";33;"A";0;"A";8;"A";109;"A";1.33;"A";233.33;"A"
"2025-06-30 17:30";100;"A";4212.73;"A";4215.27;"A";8.59;"A";4.86;"A";3.16;"A";34.21;"A";21.96;"A";39;"A";27.27;"A";26.37;"A";1001.23;"A";33;"A";0;"A";6;"A";117;"A";1.33;"A";233.33;"A"
"2025-06-30 17:45";99.98;"A";4204.27;"A";4206.13;"A";7.47;"A";4.46;"A";3.02;"A";34.05;"A";22.08;"A";39;"A";27.2;"A";26.9;"A";1001.29;"A";32;"A";0;"A";7;"A";112;"A";1;"A";350;"A"
"2025-06-30 18:00";99.84;"A";4204.67;"A";4206.87;"A";10.08;"A";6.27;"A";4.29;"A";33.96;"A";22.15;"A";39;"A";27.04;"A";26.76;"A";1001.33;"A";33;"A";0;"A";7;"A";113;"A";1.33;"A";116.67;"A"
"2025-06-30 18:15";99.9;"A";4210.93;"A";4214.53;"A";10.16;"A";6.02;"A";3.9;"A";33.8;"A";22.58;"A";39;"A";26.87;"A";27.18;"A";1001.36;"A";32;"A";0;"A";6;"A";116;"A";1;"A";230;"A"
"2025-06-30 18:30";99.94;"A";4211.53;"A";4214.53;"A";8.79;"A";4.33;"A";3.01;"A";33.65;"A";22.24;"A";40;"A";26.63;"A";26.9;"A";1001.43;"A";33;"A";0;"A";6;"A";105;"A";2;"A";233.33;"A"
"2025-06-30 18:45";99.96;"A";4211.67;"A";4214.73;"A";7.62;"A";5.01;"A";3.21;"A";33.41;"A";22.68;"A";40;"A";26.36;"A";27.74;"A";1001.59;"A";33;"A";0;"A";6;"A";102;"A";2;"A";350;"A"
"2025-06-30 19:00";99.98;"A";4211.87;"A";4215.07;"A";11.89;"A";6.8;"A";4.5;"A";33.14;"A";23.42;"A";39;"A";26.01;"A";29.02;"A";1001.59;"A";32;"A";0;"A";7;"A";129;"A";1.67;"A";116.67;"A"
"2025-06-30 19:15";99.99;"A";4212.4;"A";4215.67;"A";8.9;"A";5.14;"A";3.36;"A";32.86;"A";24.05;"A";37;"A";25.77;"A";29.4;"A";1001.56;"A";31;"A";0;"A";6;"A";124;"A";1.67;"A";230;"A"
"2025-06-30 19:30";100;"A";4212.6;"A";4215.13;"A";9.33;"A";5.24;"A";3.44;"A";32.58;"A";24.25;"A";37;"A";25.55;"A";29.76;"A";1001.6;"A";31;"A";0;"A";6;"A";125;"A";1.67;"A";346.67;"A"
"2025-06-30 19:45";100;"A";4212.33;"A";4215.13;"A";8.8;"A";4.73;"A";3.27;"A";32.35;"A";24.44;"A";37;"A";25.37;"A";29.68;"A";1001.89;"A";31;"A";0;"A";6;"A";115;"A";1.33;"A";346.67;"A"
"2025-06-30 20:00";100;"A";4212.6;"A";4215.2;"A";10.88;"A";5.35;"A";3.4;"A";32.1;"A";24.75;"A";37;"A";25.03;"A";30.26;"A";1001.83;"A";30;"A";0;"A";7;"A";119;"A";1;"A";350;"A"
"2025-06-30 20:15";100;"A";4212.6;"A";4215.27;"A";10.78;"A";6.12;"A";4.09;"A";31.81;"A";24.85;"A";37;"A";24.73;"A";30.71;"A";1001.88;"A";30;"A";0;"A";6;"A";120;"A";0.67;"A";236.67;"A"
"2025-06-30 20:30";100;"A";4212.6;"A";4215.13;"A";10.28;"A";5.3;"A";3.65;"A";31.51;"A";25.54;"A";35;"A";24.44;"A";31.36;"A";1001.96;"A";29;"A";0;"A";6;"A";117;"A";0.67;"A";246.67;"A"
"2025-06-30 20:45";100;"A";4213;"A";4215.73;"A";9.5;"A";5.64;"A";3.77;"A";31.21;"A";26.04;"A";35;"A";24.14;"A";32.06;"A";1002.16;"A";29;"A";0;"A";6;"A";161;"A";0.67;"A";346.67;"A"
"2025-06-30 21:00";100;"A";4212.6;"A";4215.13;"A";14.09;"A";7.71;"A";5.09;"A";30.88;"A";26.55;"A";34;"A";23.78;"A";32.96;"A";1002.32;"A";28;"A";0;"A";6;"A";137;"A";0.67;"A";343.33;"A"
"2025-06-30 21:15";100;"A";4212.53;"A";4215;"A";9.71;"A";5.56;"A";3.92;"A";30.51;"A";27.46;"A";33;"A";23.36;"A";34.3;"A";1002.48;"A";26;"A";0;"A";7;"A";156;"A";0.33;"A";226.67;"A"
"2025-06-30 21:30";100;"A";4212.6;"A";4215;"A";8.99;"A";5.05;"A";3.35;"A";30.14;"A";28.3;"A";32;"A";22.98;"A";35.42;"A";1002.59;"A";26;"A";0;"A";6;"A";128;"A";0.33;"A";340;"A"
"2025-06-30 21:45";100;"A";4212.6;"A";4215;"A";9.49;"A";4.79;"A";3.24;"A";29.73;"A";29.72;"A";32;"A";22.42;"A";37.77;"A";1002.56;"A";26;"A";0;"A";6;"A";120;"A";1;"A";333.33;"A"
"2025-06-30 22:00";99.92;"A";4195.27;"A";4195.73;"A";10.43;"A";5.87;"A";3.69;"A";29.32;"A";31.19;"A";28;"A";22.32;"A";38.36;"A";1002.82;"A";22;"A";0;"A";5;"A";133;"A";0.33;"A";110;"A"
"2025-06-30 22:15";99.86;"A";4210.93;"A";4214.6;"A";10.22;"A";5.98;"A";4.1;"A";29.07;"A";31.22;"A";29;"A";22.16;"A";38.26;"A";1002.95;"A";24;"A";0;"A";6;"A";116;"A";0.67;"A";226.67;"A"
"2025-06-30 22:30";99.91;"A";4211.6;"A";4214.47;"A";11.03;"A";5.49;"A";3.83;"A";28.85;"A";31.96;"A";29;"A";21.85;"A";39.89;"A";1003.18;"A";23;"A";0;"A";6;"A";128;"A";0;"A";240;"A"
"2025-06-30 22:45";99.95;"A";4211.67;"A";4214.73;"A";10.44;"A";5.81;"A";3.83;"A";28.6;"A";33.11;"A";26;"A";21.64;"A";40.77;"A";1003.32;"A";20;"A";1;"A";6;"A";142;"A";0;"A";303.33;"A"
"2025-06-30 23:00";99.97;"A";4211.87;"A";4214.6;"A";12.1;"A";6.77;"A";4.68;"A";28.4;"A";33.34;"A";27;"A";21.52;"A";41.06;"A";1003.72;"A";22;"A";0;"A";6;"A";126;"A";0.33;"A";336.67;"A"
"2025-06-30 23:15";99.98;"A";4212.6;"A";4214.87;"A";8.76;"A";4.98;"A";3.3;"A";28.26;"A";34.44;"A";29;"A";21.34;"A";43.05;"A";1003.7;"A";23;"A";0;"A";5;"A";112;"A";1;"A";233.33;"A"
"2025-06-30 23:30";99.99;"A";4212.6;"A";4215;"A";8.29;"A";4.37;"A";2.9;"A";28.06;"A";36.66;"A";29;"A";21.05;"A";46.55;"A";1003.6;"A";23;"A";0;"A";6;"A";111;"A";0.33;"A";233.33;"A"
"2025-06-30 23:45";100;"A";4212.87;"A";4215.47;"A";8.79;"A";4.69;"A";2.93;"A";27.79;"A";38.95;"A";27;"A";20.73;"A";49.29;"A";1003.57;"A";23;"A";0;"A";5;"A";116;"A";0.33;"A";336.67;"A"
"2025-07-01 00:00";100;"A";4212.73;"A";4215;"A";10.2;"A";5.52;"A";3.85;"A";27.5;"A";40.29;"A";27;"A";20.34;"A";51.24;"A";1003.6;"A";22;"A";0;"A";5;"A";114;"A";0.67;"A";333.33;"A"