"timestamp";"BC~0893-QM[Cairnet CXM24240893]";"in %";"Uout~0893-QM[Cairnet CXM24240893]";"in mV";"Uin~0893-QM[Cairnet CXM24240893]";"in mV";"PM10~D598-QM[Cairnet CXM24240893]";"in µg/m3";"PM2.5~D598-QM[Cairnet CXM24240893]";"in µg/m3";"PM1~D598-QM[Cairnet CXM24240893]";"in µg/m3";"TC~D598-QM[Cairnet CXM24240893]";"in °C";"HR~D598-QM[Cairnet CXM24240893]";"in %";"O3-NO2~4704-QM[Cairnet CXM24240893]";"in ppb";"TC~T-QM[Cairnet CXM24240893]";"in °C";"HR~T-QM[Cairnet CXM24240893]";"in %";"PA~T-QM[Cairnet CXM24240893]";"in hPa";"O3~0893-QM[Cairnet CXM24240893]";"in ppb";"SO2~4734-QM[Cairnet CXM24240893]";"in ppb";"NO2~4787-QM[Cairnet CXM24240893]";"in ppb";"CO~4687-QM[Cairnet CXM24240893]";"in ppb";"VV~M-QM[Cairnet CXM24240893]";"in m/s";"DV~M-QM[Cairnet CXM24240893]";"in degre"
"(in display TZ)";"value";"qc";"value";"qc";"value";"qc";"value";"qc";"value";"qc";"value";"qc";"value";"qc";"value";"qc";"value";"qc";"value";"qc";"value";"qc";"value";"qc";"value";"qc";"value";"qc";"value";"qc";"value";"qc";"value";"qc";"value";"qc"
"2025-11-01 00:15";;"N";;"N";;"N";;"N";;"N";;"N";;"N";;"N";;"N";;"N";;"N";;"N";;"N";;"N";;"N";;"N";;"N";;"N"
"2025-11-01 00:30";;"N";;"N";;"N";;"N";;"N";;"N";;"N";;"N";;"N";;"N";;"N";;"N";;"N";;"N";;"N";;"N";;"N";;"N"
"2025-11-01 00:45";;"N";;"N";;"N";;"N";;"N";;"N";;"N";;"N";;"N";;"N";;"N";;"N";;"N";;"N";;"N";;"N";;"N";;"N"
"2025-11-01 01:00";;"N";;"N";;"N";;"N";;"N";;"N";;"N";;"N";;"N";;"N";;"N";;"N";;"N";;"N";;"N";;"N";;"N";;"N"
"2025-11-01 01:15";;"N";;"N";;"N";;"N";;"N";;"N";;"N";;"N";;"N";;"N";;"N";;"N";;"N";;"N";;"N";;"N";;"N";;"N"
"2025-11-01 01:30";;"N";;"N";;"N";;"N";;"N";;"N";;"N";;"N";;"N";;"N";;"N";;"N";;"N";;"N";;"N";;"N";;"N";;"N"
"2025-11-01 01:45";;"N";;"N";;"N";;"N";;"N";;"N";;"N";;"N";;"N";;"N";;"N";;"N";;"N";;"N";;"N";;"N";;"N";;"N"
"2025-11-01 02:00";;"N";;"N";;"N";;"N";;"N";;"N";;"N";;"N";;"N";;"N";;"N";;"N";;"N";;"N";;"N";;"N";;"N";;"N"
"2025-11-01 02:15";;"N";;"N";;"N";;"N";;"N";;"N";;"N";;"N";;"N";;"N";;"N";;"N";;"N";;"N";;"N";;"N";;"N";;"N"
"2025-11-01 02:30";;"N";;"N";;"N";;"N";;"N";;"N";;"N";;"N";;"N";;"N";;"N";;"N";;"N";;"N";;"N";;"N";;"N";;"N"
"2025-11-01 02:45";;"N";;"N";;"N";;"N";;"N";;"N";;"N";;"N";;"N";;"N";;"N";;"N";;"N";;"N";;"N";;"N";;"N";;"N"
"2025-11-01 03:00";;"N";;"N";;"N";;"N";;"N";;"N";;"N";;"N";;"N";;"N";;"N";;"N";;"N";;"N";;"N";;"N";;"N";;"N"
"2025-11-01 03:15";;"N";;"N";;"N";;"N";;"N";;"N";;"N";;"N";;"N";;"N";;"N";;"N";;"N";;"N";;"N";;"N";;"N";;"N"
"2025-11-01 03:30";;"N";;"N";;"N";;"N";;"N";;"N";;"N";;"N";;"N";;"N";;"N";;"N";;"N";;"N";;"N";;"N";;"N";;"N"
"2025-11-01 03:45";;"N";;"N";;"N";;"N";;"N";;"N";;"N";;"N";;"N";;"N";;"N";;"N";;"N";;"N";;"N";;"N";;"N";;"N"
"2025-11-01 04:00";;"N";;"N";;"N";;"N";;"N";;"N";;"N";;"N";;"N";;"N";;"N";;"N";;"N";;"N";;"N";;"N";;"N";;"N"
"2025-11-01 04:15";;"N";;"N";;"N";;"N";;"N";;"N";;"N";;"N";;"N";;"N";;"N";;"N";;"N";;"N";;"N";;"N";;"N";;"N"
"2025-11-01 04:30";;"N";;"N";;"N";;"N";;"N";;"N";;"N";;"N";;"N";;"N";;"N";;"N";;"N";;"N";;"N";;"N";;"N";;"N"
"2025-11-01 04:45";;"N";;"N";;"N";;"N";;"N";;"N";;"N";;"N";;"N";;"N";;"N";;"N";;"N";;"N";;"N";;"N";;"N";;"N"
"2025-11-01 05:00";;"N";;"N";;"N";;"N";;"N";;"N";;"N";;"N";;"N";;"N";;"N";;"N";;"N";;"N";;"N";;"N";;"N";;"N"
"2025-11-01 05:15";;"N";;"N";;"N";;"N";;"N";;"N";;"N";;"N";;"N";;"N";;"N";;"N";;"N";;"N";;"N";;"N";;"N";;"N"
"2025-11-01 05:30";;"N";;"N";;"N";;"N";;"N";;"N";;"N";;"N";;"N";;"N";;"N";;"N";;"N";;"N";;"N";;"N";;"N";;"N"
"2025-11-01 05:45";;"N";;"N";;"N";;"N";;"N";;"N";;"N";;"N";;"N";;"N";;"N";;"N";;"N";;"N";;"N";;"N";;"N";;"N"
"2025-11-01 06:00";;"N";;"N";;"N";;"N";;"N";;"N";;"N";;"N";;"N";;"N";;"N";;"N";;"N";;"N";;"N";;"N";;"N";;"N"
"2025-11-01 06:15";;"N";;"N";;"N";;"N";;"N";;"N";;"N";;"N";;"N";;"N";;"N";;"N";;"N";;"N";;"N";;"N";;"N";;"N"
"2025-11-01 06:30";;"N";;"N";;"N";;"N";;"N";;"N";;"N";;"N";;"N";;"N";;"N";;"N";;"N";;"N";;"N";;"N";;"N";;"N"
"2025-11-01 06:45";;"N";;"N";;"N";;"N";;"N";;"N";;"N";;"N";;"N";;"N";;"N";;"N";;"N";;"N";;"N";;"N";;"N";;"N"
"2025-11-01 07:00";;"N";;"N";;"N";;"N";;"N";;"N";;"N";;"N";;"N";;"N";;"N";;"N";;"N";;"N";;"N";;"N";;"N";;"N"
"2025-11-01 07:15";;"N";;"N";;"N";;"N";;"N";;"N";;"N";;"N";;"N";;"N";;"N";;"N";;"N";;"N";;"N";;"N";;"N";;"N"
"2025-11-01 07:30";;"N";;"N";;"N";;"N";;"N";;"N";;"N";;"N";;"N";;"N";;"N";;"N";;"N";;"N";;"N";;"N";;"N";;"N"
"2025-11-01 07:45";;"N";;"N";;"N";;"N";;"N";;"N";;"N";;"N";;"N";;"N";;"N";;"N";;"N";;"N";;"N";;"N";;"N";;"N"
"2025-11-01 08:00";;"N";;"N";;"N";;"N";;"N";;"N";;"N";;"N";;"N";;"N";;"N";;"N";;"N";;"N";;"N";;"N";;"N";;"N"
"2025-11-01 08:15";;"N";;"N";;"N";;"N";;"N";;"N";;"N";;"N";;"N";;"N";;"N";;"N";;"N";;"N";;"N";;"N";;"N";;"N"
"2025-11-01 08:30";;"N";;"N";;"N";;"N";;"N";;"N";;"N";;"N";;"N";;"N";;"N";;"N";;"N";;"N";;"N";;"N";;"N";;"N"
"2025-11-01 08:45";;"N";;"N";;"N";;"N";;"N";;"N";;"N";;"N";;"N";;"N";;"N";;"N";;"N";;"N";;"N";;"N";;"N";;"N"
"2025-11-01 09:00";;"N";;"N";;"N";;"N";;"N";;"N";;"N";;"N";;"N";;"N";;"N";;"N";;"N";;"N";;"N";;"N";;"N";;"N"
"2025-11-01 09:15";;"N";;"N";;"N";;"N";;"N";;"N";;"N";;"N";;"N";;"N";;"N";;"N";;"N";;"N";;"N";;"N";;"N";;"N"
"2025-11-01 09:30";;"N";;"N";;"N";;"N";;"N";;"N";;"N";;"N";;"N";;"N";;"N";;"N";;"N";;"N";;"N";;"N";;"N";;"N"
"2025-11-01 09:45";;"N";;"N";;"N";;"N";;"N";;"N";;"N";;"N";;"N";;"N";;"N";;"N";;"N";;"N";;"N";;"N";;"N";;"N"
"2025-11-01 10:00";;"N";;"N";;"N";;"N";;"N";;"N";;"N";;"N";;"N";;"N";;"N";;"N";;"N";;"N";;"N";;"N";;"N";;"N"
"2025-11-01 10:15";;"N";;"N";;"N";;"N";;"N";;"N";;"N";;"N";;"N";;"N";;"N";;"N";;"N";;"N";;"N";;"N";;"N";;"N"
"2025-11-01 10:30";;"N";;"N";;"N";;"N";;"N";;"N";;"N";;"N";;"N";;"N";;"N";;"N";;"N";;"N";;"N";;"N";;"N";;"N"
"2025-11-01 10:45";;"N";;"N";;"N";;"N";;"N";;"N";;"N";;"N";;"N";;"N";;"N";;"N";;"N";;"N";;"N";;"N";;"N";;"N"
"2025-11-01 11:00";;"N";;"N";;"N";;"N";;"N";;"N";;"N";;"N";;"N";;"N";;"N";;"N";;"N";;"N";;"N";;"N";;"N";;"N"
"2025-11-01 11:15";;"N";;"N";;"N";;"N";;"N";;"N";;"N";;"N";;"N";;"N";;"N";;"N";;"N";;"N";;"N";;"N";;"N";;"N"
"2025-11-01 11:30";;"N";;"N";;"N";;"N";;"N";;"N";;"N";;"N";;"N";;"N";;"N";;"N";;"N";;"N";;"N";;"N";;"N";;"N"
"2025-11-01 11:45";;"N";;"N";;"N";;"N";;"N";;"N";;"N";;"N";;"N";;"N";;"N";;"N";;"N";;"N";;"N";;"N";;"N";;"N"
"2025-11-01 12:00";;"N";;"N";;"N";;"N";;"N";;"N";;"N";;"N";;"N";;"N";;"N";;"N";;"N";;"N";;"N";;"N";;"N";;"N"
"2025-11-01 12:15";;"N";;"N";;"N";;"N";;"N";;"N";;"N";;"N";;"N";;"N";;"N";;"N";;"N";;"N";;"N";;"N";;"N";;"N"
"2025-11-01 12:30";;"N";;"N";;"N";;"N";;"N";;"N";;"N";;"N";;"N";;"N";;"N";;"N";;"N";;"N";;"N";;"N";;"N";;"N"
"2025-11-01 12:45";;"N";;"N";;"N";;"N";;"N";;"N";;"N";;"N";;"N";;"N";;"N";;"N";;"N";;"N";;"N";;"N";;"N";;"N"
"2025-11-01 13:00";;"N";;"N";;"N";;"N";;"N";;"N";;"N";;"N";;"N";;"N";;"N";;"N";;"N";;"N";;"N";;"N";;"N";;"N"
"2025-11-01 13:15";;"N";;"N";;"N";;"N";;"N";;"N";;"N";;"N";;"N";;"N";;"N";;"N";;"N";;"N";;"N";;"N";;"N";;"N"
"2025-11-01 13:30";;"N";;"N";;"N";;"N";;"N";;"N";;"N";;"N";;"N";;"N";;"N";;"N";;"N";;"N";;"N";;"N";;"N";;"N"
"2025-11-01 13:45";;"N";;"N";;"N";;"N";;"N";;"N";;"N";;"N";;"N";;"N";;"N";;"N";;"N";;"N";;"N";;"N";;"N";;"N"
"2025-11-01 14:00";;"N";;"N";;"N";;"N";;"N";;"N";;"N";;"N";;"N";;"N";;"N";;"N";;"N";;"N";;"N";;"N";;"N";;"N"
"2025-11-01 14:15";;"N";;"N";;"N";;"N";;"N";;"N";;"N";;"N";;"N";;"N";;"N";;"N";;"N";;"N";;"N";;"N";;"N";;"N"
"2025-11-01 14:30";;"N";;"N";;"N";;"N";;"N";;"N";;"N";;"N";;"N";;"N";;"N";;"N";;"N";;"N";;"N";;"N";;"N";;"N"
"2025-11-01 14:45";;"N";;"N";;"N";;"N";;"N";;"N";;"N";;"N";;"N";;"N";;"N";;"N";;"N";;"N";;"N";;"N";;"N";;"N"
"2025-11-01 15:00";;"N";;"N";;"N";;"N";;"N";;"N";;"N";;"N";;"N";;"N";;"N";;"N";;"N";;"N";;"N";;"N";;"N";;"N"
"2025-11-01 15:15";;"N";;"N";;"N";;"N";;"N";;"N";;"N";;"N";;"N";;"N";;"N";;"N";;"N";;"N";;"N";;"N";;"N";;"N"
"2025-11-01 15:30";;"N";;"N";;"N";;"N";;"N";;"N";;"N";;"N";;"N";;"N";;"N";;"N";;"N";;"N";;"N";;"N";;"N";;"N"
"2025-11-01 15:45";;"N";;"N";;"N";;"N";;"N";;"N";;"N";;"N";;"N";;"N";;"N";;"N";;"N";;"N";;"N";;"N";;"N";;"N"
"2025-11-01 16:00";;"N";;"N";;"N";;"N";;"N";;"N";;"N";;"N";;"N";;"N";;"N";;"N";;"N";;"N";;"N";;"N";;"N";;"N"
"2025-11-01 16:15";;"N";;"N";;"N";;"N";;"N";;"N";;"N";;"N";;"N";;"N";;"N";;"N";;"N";;"N";;"N";;"N";;"N";;"N"
"2025-11-01 16:30";;"N";;"N";;"N";;"N";;"N";;"N";;"N";;"N";;"N";;"N";;"N";;"N";;"N";;"N";;"N";;"N";;"N";;"N"
"2025-11-01 16:45";;"N";;"N";;"N";;"N";;"N";;"N";;"N";;"N";;"N";;"N";;"N";;"N";;"N";;"N";;"N";;"N";;"N";;"N"
"2025-11-01 17:00";;"N";;"N";;"N";;"N";;"N";;"N";;"N";;"N";;"N";;"N";;"N";;"N";;"N";;"N";;"N";;"N";;"N";;"N"
"2025-11-01 17:15";;"N";;"N";;"N";;"N";;"N";;"N";;"N";;"N";;"N";;"N";;"N";;"N";;"N";;"N";;"N";;"N";;"N";;"N"
"2025-11-01 17:30";;"N";;"N";;"N";;"N";;"N";;"N";;"N";;"N";;"N";;"N";;"N";;"N";;"N";;"N";;"N";;"N";;"N";;"N"
"2025-11-01 17:45";;"N";;"N";;"N";;"N";;"N";;"N";;"N";;"N";;"N";;"N";;"N";;"N";;"N";;"N";;"N";;"N";;"N";;"N"
"2025-11-01 18:00";;"N";;"N";;"N";;"N";;"N";;"N";;"N";;"N";;"N";;"N";;"N";;"N";;"N";;"N";;"N";;"N";;"N";;"N"
"2025-11-01 18:15";;"N";;"N";;"N";;"N";;"N";;"N";;"N";;"N";;"N";;"N";;"N";;"N";;"N";;"N";;"N";;"N";;"N";;"N"
"2025-11-01 18:30";;"N";;"N";;"N";;"N";;"N";;"N";;"N";;"N";;"N";;"N";;"N";;"N";;"N";;"N";;"N";;"N";;"N";;"N"
"2025-11-01 18:45";;"N";;"N";;"N";;"N";;"N";;"N";;"N";;"N";;"N";;"N";;"N";;"N";;"N";;"N";;"N";;"N";;"N";;"N"
"2025-11-01 19:00";;"N";;"N";;"N";;"N";;"N";;"N";;"N";;"N";;"N";;"N";;"N";;"N";;"N";;"N";;"N";;"N";;"N";;"N"
"2025-11-01 19:15";;"N";;"N";;"N";;"N";;"N";;"N";;"N";;"N";;"N";;"N";;"N";;"N";;"N";;"N";;"N";;"N";;"N";;"N"
"2025-11-01 19:30";;"N";;"N";;"N";;"N";;"N";;"N";;"N";;"N";;"N";;"N";;"N";;"N";;"N";;"N";;"N";;"N";;"N";;"N"
"2025-11-01 19:45";;"N";;"N";;"N";;"N";;"N";;"N";;"N";;"N";;"N";;"N";;"N";;"N";;"N";;"N";;"N";;"N";;"N";;"N"
"2025-11-01 20:00";;"N";;"N";;"N";;"N";;"N";;"N";;"N";;"N";;"N";;"N";;"N";;"N";;"N";;"N";;"N";;"N";;"N";;"N"
"2025-11-01 20:15";;"N";;"N";;"N";;"N";;"N";;"N";;"N";;"N";;"N";;"N";;"N";;"N";;"N";;"N";;"N";;"N";;"N";;"N"
"2025-11-01 20:30";;"N";;"N";;"N";;"N";;"N";;"N";;"N";;"N";;"N";;"N";;"N";;"N";;"N";;"N";;"N";;"N";;"N";;"N"
"2025-11-01 20:45";;"N";;"N";;"N";;"N";;"N";;"N";;"N";;"N";;"N";;"N";;"N";;"N";;"N";;"N";;"N";;"N";;"N";;"N"
"2025-11-01 21:00";;"N";;"N";;"N";;"N";;"N";;"N";;"N";;"N";;"N";;"N";;"N";;"N";;"N";;"N";;"N";;"N";;"N";;"N"
"2025-11-01 21:15";;"N";;"N";;"N";;"N";;"N";;"N";;"N";;"N";;"N";;"N";;"N";;"N";;"N";;"N";;"N";;"N";;"N";;"N"
"2025-11-01 21:30";;"N";;"N";;"N";;"N";;"N";;"N";;"N";;"N";;"N";;"N";;"N";;"N";;"N";;"N";;"N";;"N";;"N";;"N"
"2025-11-01 21:45";;"N";;"N";;"N";;"N";;"N";;"N";;"N";;"N";;"N";;"N";;"N";;"N";;"N";;"N";;"N";;"N";;"N";;"N"
"2025-11-01 22:00";;"N";;"N";;"N";;"N";;"N";;"N";;"N";;"N";;"N";;"N";;"N";;"N";;"N";;"N";;"N";;"N";;"N";;"N"
"2025-11-01 22:15";;"N";;"N";;"N";;"N";;"N";;"N";;"N";;"N";;"N";;"N";;"N";;"N";;"N";;"N";;"N";;"N";;"N";;"N"
"2025-11-01 22:30";;"N";;"N";;"N";;"N";;"N";;"N";;"N";;"N";;"N";;"N";;"N";;"N";;"N";;"N";;"N";;"N";;"N";;"N"
"2025-11-01 22:45";;"N";;"N";;"N";;"N";;"N";;"N";;"N";;"N";;"N";;"N";;"N";;"N";;"N";;"N";;"N";;"N";;"N";;"N"
"2025-11-01 23:00";;"N";;"N";;"N";;"N";;"N";;"N";;"N";;"N";;"N";;"N";;"N";;"N";;"N";;"N";;"N";;"N";;"N";;"N"
"2025-11-01 23:15";;"N";;"N";;"N";;"N";;"N";;"N";;"N";;"N";;"N";;"N";;"N";;"N";;"N";;"N";;"N";;"N";;"N";;"N"
"2025-11-01 23:30";;"N";;"N";;"N";;"N";;"N";;"N";;"N";;"N";;"N";;"N";;"N";;"N";;"N";;"N";;"N";;"N";;"N";;"N"
"2025-11-01 23:45";;"N";;"N";;"N";;"N";;"N";;"N";;"N";;"N";;"N";;"N";;"N";;"N";;"N";;"N";;"N";;"N";;"N";;"N"
"2025-11-02 00:00";;"N";;"N";;"N";;"N";;"N";;"N";;"N";;"N";;"N";;"N";;"N";;"N";;"N";;"N";;"N";;"N";;"N";;"N"
"2025-11-02 00:15";;"N";;"N";;"N";;"N";;"N";;"N";;"N";;"N";;"N";;"N";;"N";;"N";;"N";;"N";;"N";;"N";;"N";;"N"
"2025-11-02 00:30";;"N";;"N";;"N";;"N";;"N";;"N";;"N";;"N";;"N";;"N";;"N";;"N";;"N";;"N";;"N";;"N";;"N";;"N"
"2025-11-02 00:45";;"N";;"N";;"N";;"N";;"N";;"N";;"N";;"N";;"N";;"N";;"N";;"N";;"N";;"N";;"N";;"N";;"N";;"N"
"2025-11-02 01:00";;"N";;"N";;"N";;"N";;"N";;"N";;"N";;"N";;"N";;"N";;"N";;"N";;"N";;"N";;"N";;"N";;"N";;"N"
"2025-11-02 01:15";;"N";;"N";;"N";;"N";;"N";;"N";;"N";;"N";;"N";;"N";;"N";;"N";;"N";;"N";;"N";;"N";;"N";;"N"
"2025-11-02 01:30";;"N";;"N";;"N";;"N";;"N";;"N";;"N";;"N";;"N";;"N";;"N";;"N";;"N";;"N";;"N";;"N";;"N";;"N"
"2025-11-02 01:45";;"N";;"N";;"N";;"N";;"N";;"N";;"N";;"N";;"N";;"N";;"N";;"N";;"N";;"N";;"N";;"N";;"N";;"N"
"2025-11-02 02:00";;"N";;"N";;"N";;"N";;"N";;"N";;"N";;"N";;"N";;"N";;"N";;"N";;"N";;"N";;"N";;"N";;"N";;"N"
"2025-11-02 02:15";;"N";;"N";;"N";;"N";;"N";;"N";;"N";;"N";;"N";;"N";;"N";;"N";;"N";;"N";;"N";;"N";;"N";;"N"
"2025-11-02 02:30";;"N";;"N";;"N";;"N";;"N";;"N";;"N";;"N";;"N";;"N";;"N";;"N";;"N";;"N";;"N";;"N";;"N";;"N"
"2025-11-02 02:45";;"N";;"N";;"N";;"N";;"N";;"N";;"N";;"N";;"N";;"N";;"N";;"N";;"N";;"N";;"N";;"N";;"N";;"N"
"2025-11-02 03:00";;"N";;"N";;"N";;"N";;"N";;"N";;"N";;"N";;"N";;"N";;"N";;"N";;"N";;"N";;"N";;"N";;"N";;"N"
"2025-11-02 03:15";;"N";;"N";;"N";;"N";;"N";;"N";;"N";;"N";;"N";;"N";;"N";;"N";;"N";;"N";;"N";;"N";;"N";;"N"
"2025-11-02 03:30";;"N";;"N";;"N";;"N";;"N";;"N";;"N";;"N";;"N";;"N";;"N";;"N";;"N";;"N";;"N";;"N";;"N";;"N"
"2025-11-02 03:45";;"N";;"N";;"N";;"N";;"N";;"N";;"N";;"N";;"N";;"N";;"N";;"N";;"N";;"N";;"N";;"N";;"N";;"N"
"2025-11-02 04:00";;"N";;"N";;"N";;"N";;"N";;"N";;"N";;"N";;"N";;"N";;"N";;"N";;"N";;"N";;"N";;"N";;"N";;"N"
"2025-11-02 04:15";;"N";;"N";;"N";;"N";;"N";;"N";;"N";;"N";;"N";;"N";;"N";;"N";;"N";;"N";;"N";;"N";;"N";;"N"
"2025-11-02 04:30";;"N";;"N";;"N";;"N";;"N";;"N";;"N";;"N";;"N";;"N";;"N";;"N";;"N";;"N";;"N";;"N";;"N";;"N"
"2025-11-02 04:45";;"N";;"N";;"N";;"N";;"N";;"N";;"N";;"N";;"N";;"N";;"N";;"N";;"N";;"N";;"N";;"N";;"N";;"N"
"2025-11-02 05:00";;"N";;"N";;"N";;"N";;"N";;"N";;"N";;"N";;"N";;"N";;"N";;"N";;"N";;"N";;"N";;"N";;"N";;"N"
"2025-11-02 05:15";;"N";;"N";;"N";;"N";;"N";;"N";;"N";;"N";;"N";;"N";;"N";;"N";;"N";;"N";;"N";;"N";;"N";;"N"
"2025-11-02 05:30";;"N";;"N";;"N";;"N";;"N";;"N";;"N";;"N";;"N";;"N";;"N";;"N";;"N";;"N";;"N";;"N";;"N";;"N"
"2025-11-02 05:45";;"N";;"N";;"N";;"N";;"N";;"N";;"N";;"N";;"N";;"N";;"N";;"N";;"N";;"N";;"N";;"N";;"N";;"N"
"2025-11-02 06:00";;"N";;"N";;"N";;"N";;"N";;"N";;"N";;"N";;"N";;"N";;"N";;"N";;"N";;"N";;"N";;"N";;"N";;"N"
"2025-11-02 06:15";;"N";;"N";;"N";;"N";;"N";;"N";;"N";;"N";;"N";;"N";;"N";;"N";;"N";;"N";;"N";;"N";;"N";;"N"
"2025-11-02 06:30";;"N";;"N";;"N";;"N";;"N";;"N";;"N";;"N";;"N";;"N";;"N";;"N";;"N";;"N";;"N";;"N";;"N";;"N"
"2025-11-02 06:45";;"N";;"N";;"N";;"N";;"N";;"N";;"N";;"N";;"N";;"N";;"N";;"N";;"N";;"N";;"N";;"N";;"N";;"N"
"2025-11-02 07:00";;"N";;"N";;"N";;"N";;"N";;"N";;"N";;"N";;"N";;"N";;"N";;"N";;"N";;"N";;"N";;"N";;"N";;"N"
"2025-11-02 07:15";;"N";;"N";;"N";;"N";;"N";;"N";;"N";;"N";;"N";;"N";;"N";;"N";;"N";;"N";;"N";;"N";;"N";;"N"
"2025-11-02 07:30";;"N";;"N";;"N";;"N";;"N";;"N";;"N";;"N";;"N";;"N";;"N";;"N";;"N";;"N";;"N";;"N";;"N";;"N"
"2025-11-02 07:45";;"N";;"N";;"N";;"N";;"N";;"N";;"N";;"N";;"N";;"N";;"N";;"N";;"N";;"N";;"N";;"N";;"N";;"N"
"2025-11-02 08:00";;"N";;"N";;"N";;"N";;"N";;"N";;"N";;"N";;"N";;"N";;"N";;"N";;"N";;"N";;"N";;"N";;"N";;"N"
"2025-11-02 08:15";;"N";;"N";;"N";;"N";;"N";;"N";;"N";;"N";;"N";;"N";;"N";;"N";;"N";;"N";;"N";;"N";;"N";;"N"
"2025-11-02 08:30";;"N";;"N";;"N";;"N";;"N";;"N";;"N";;"N";;"N";;"N";;"N";;"N";;"N";;"N";;"N";;"N";;"N";;"N"
"2025-11-02 08:45";;"N";;"N";;"N";;"N";;"N";;"N";;"N";;"N";;"N";;"N";;"N";;"N";;"N";;"N";;"N";;"N";;"N";;"N"
"2025-11-02 09:00";;"N";;"N";;"N";;"N";;"N";;"N";;"N";;"N";;"N";;"N";;"N";;"N";;"N";;"N";;"N";;"N";;"N";;"N"
"2025-11-02 09:15";;"N";;"N";;"N";;"N";;"N";;"N";;"N";;"N";;"N";;"N";;"N";;"N";;"N";;"N";;"N";;"N";;"N";;"N"
"2025-11-02 09:30";;"N";;"N";;"N";;"N";;"N";;"N";;"N";;"N";;"N";;"N";;"N";;"N";;"N";;"N";;"N";;"N";;"N";;"N"
"2025-11-02 09:45";;"N";;"N";;"N";;"N";;"N";;"N";;"N";;"N";;"N";;"N";;"N";;"N";;"N";;"N";;"N";;"N";;"N";;"N"
"2025-11-02 10:00";;"N";;"N";;"N";;"N";;"N";;"N";;"N";;"N";;"N";;"N";;"N";;"N";;"N";;"N";;"N";;"N";;"N";;"N"
"2025-11-02 10:15";;"N";;"N";;"N";;"N";;"N";;"N";;"N";;"N";;"N";;"N";;"N";;"N";;"N";;"N";;"N";;"N";;"N";;"N"
"2025-11-02 10:30";;"N";;"N";;"N";;"N";;"N";;"N";;"N";;"N";;"N";;"N";;"N";;"N";;"N";;"N";;"N";;"N";;"N";;"N"
"2025-11-02 10:45";;"N";;"N";;"N";;"N";;"N";;"N";;"N";;"N";;"N";;"N";;"N";;"N";;"N";;"N";;"N";;"N";;"N";;"N"
"2025-11-02 11:00";;"N";;"N";;"N";;"N";;"N";;"N";;"N";;"N";;"N";;"N";;"N";;"N";;"N";;"N";;"N";;"N";;"N";;"N"
"2025-11-02 11:15";;"N";;"N";;"N";;"N";;"N";;"N";;"N";;"N";;"N";;"N";;"N";;"N";;"N";;"N";;"N";;"N";;"N";;"N"
"2025-11-02 11:30";;"N";;"N";;"N";;"N";;"N";;"N";;"N";;"N";;"N";;"N";;"N";;"N";;"N";;"N";;"N";;"N";;"N";;"N"
"2025-11-02 11:45";;"N";;"N";;"N";;"N";;"N";;"N";;"N";;"N";;"N";;"N";;"N";;"N";;"N";;"N";;"N";;"N";;"N";;"N"
"2025-11-02 12:00";;"N";;"N";;"N";;"N";;"N";;"N";;"N";;"N";;"N";;"N";;"N";;"N";;"N";;"N";;"N";;"N";;"N";;"N"
"2025-11-02 12:15";;"N";;"N";;"N";;"N";;"N";;"N";;"N";;"N";;"N";;"N";;"N";;"N";;"N";;"N";;"N";;"N";;"N";;"N"
"2025-11-02 12:30";;"N";;"N";;"N";;"N";;"N";;"N";;"N";;"N";;"N";;"N";;"N";;"N";;"N";;"N";;"N";;"N";;"N";;"N"
"2025-11-02 12:45";;"N";;"N";;"N";;"N";;"N";;"N";;"N";;"N";;"N";;"N";;"N";;"N";;"N";;"N";;"N";;"N";;"N";;"N"
"2025-11-02 13:00";;"N";;"N";;"N";;"N";;"N";;"N";;"N";;"N";;"N";;"N";;"N";;"N";;"N";;"N";;"N";;"N";;"N";;"N"
"2025-11-02 13:15";;"N";;"N";;"N";;"N";;"N";;"N";;"N";;"N";;"N";;"N";;"N";;"N";;"N";;"N";;"N";;"N";;"N";;"N"
"2025-11-02 13:30";;"N";;"N";;"N";;"N";;"N";;"N";;"N";;"N";;"N";;"N";;"N";;"N";;"N";;"N";;"N";;"N";;"N";;"N"
"2025-11-02 13:45";;"N";;"N";;"N";;"N";;"N";;"N";;"N";;"N";;"N";;"N";;"N";;"N";;"N";;"N";;"N";;"N";;"N";;"N"
"2025-11-02 14:00";;"N";;"N";;"N";;"N";;"N";;"N";;"N";;"N";;"N";;"N";;"N";;"N";;"N";;"N";;"N";;"N";;"N";;"N"
"2025-11-02 14:15";;"N";;"N";;"N";;"N";;"N";;"N";;"N";;"N";;"N";;"N";;"N";;"N";;"N";;"N";;"N";;"N";;"N";;"N"
"2025-11-02 14:30";;"N";;"N";;"N";;"N";;"N";;"N";;"N";;"N";;"N";;"N";;"N";;"N";;"N";;"N";;"N";;"N";;"N";;"N"
"2025-11-02 14:45";;"N";;"N";;"N";;"N";;"N";;"N";;"N";;"N";;"N";;"N";;"N";;"N";;"N";;"N";;"N";;"N";;"N";;"N"
"2025-11-02 15:00";;"N";;"N";;"N";;"N";;"N";;"N";;"N";;"N";;"N";;"N";;"N";;"N";;"N";;"N";;"N";;"N";;"N";;"N"
"2025-11-02 15:15";;"N";;"N";;"N";;"N";;"N";;"N";;"N";;"N";;"N";;"N";;"N";;"N";;"N";;"N";;"N";;"N";;"N";;"N"
"2025-11-02 15:30";;"N";;"N";;"N";;"N";;"N";;"N";;"N";;"N";;"N";;"N";;"N";;"N";;"N";;"N";;"N";;"N";;"N";;"N"
"2025-11-02 15:45";;"N";;"N";;"N";;"N";;"N";;"N";;"N";;"N";;"N";;"N";;"N";;"N";;"N";;"N";;"N";;"N";;"N";;"N"
"2025-11-02 16:00";;"N";;"N";;"N";;"N";;"N";;"N";;"N";;"N";;"N";;"N";;"N";;"N";;"N";;"N";;"N";;"N";;"N";;"N"
"2025-11-02 16:15";;"N";;"N";;"N";;"N";;"N";;"N";;"N";;"N";;"N";;"N";;"N";;"N";;"N";;"N";;"N";;"N";;"N";;"N"
"2025-11-02 16:30";;"N";;"N";;"N";;"N";;"N";;"N";;"N";;"N";;"N";;"N";;"N";;"N";;"N";;"N";;"N";;"N";;"N";;"N"
"2025-11-02 16:45";;"N";;"N";;"N";;"N";;"N";;"N";;"N";;"N";;"N";;"N";;"N";;"N";;"N";;"N";;"N";;"N";;"N";;"N"
"2025-11-02 17:00";;"N";;"N";;"N";;"N";;"N";;"N";;"N";;"N";;"N";;"N";;"N";;"N";;"N";;"N";;"N";;"N";;"N";;"N"
"2025-11-02 17:15";;"N";;"N";;"N";;"N";;"N";;"N";;"N";;"N";;"N";;"N";;"N";;"N";;"N";;"N";;"N";;"N";;"N";;"N"
"2025-11-02 17:30";;"N";;"N";;"N";;"N";;"N";;"N";;"N";;"N";;"N";;"N";;"N";;"N";;"N";;"N";;"N";;"N";;"N";;"N"
"2025-11-02 17:45";;"N";;"N";;"N";;"N";;"N";;"N";;"N";;"N";;"N";;"N";;"N";;"N";;"N";;"N";;"N";;"N";;"N";;"N"
"2025-11-02 18:00";;"N";;"N";;"N";;"N";;"N";;"N";;"N";;"N";;"N";;"N";;"N";;"N";;"N";;"N";;"N";;"N";;"N";;"N"
"2025-11-02 18:15";;"N";;"N";;"N";;"N";;"N";;"N";;"N";;"N";;"N";;"N";;"N";;"N";;"N";;"N";;"N";;"N";;"N";;"N"
"2025-11-02 18:30";;"N";;"N";;"N";;"N";;"N";;"N";;"N";;"N";;"N";;"N";;"N";;"N";;"N";;"N";;"N";;"N";;"N";;"N"
"2025-11-02 18:45";;"N";;"N";;"N";;"N";;"N";;"N";;"N";;"N";;"N";;"N";;"N";;"N";;"N";;"N";;"N";;"N";;"N";;"N"
"2025-11-02 19:00";;"N";;"N";;"N";;"N";;"N";;"N";;"N";;"N";;"N";;"N";;"N";;"N";;"N";;"N";;"N";;"N";;"N";;"N"
"2025-11-02 19:15";;"N";;"N";;"N";;"N";;"N";;"N";;"N";;"N";;"N";;"N";;"N";;"N";;"N";;"N";;"N";;"N";;"N";;"N"
"2025-11-02 19:30";;"N";;"N";;"N";;"N";;"N";;"N";;"N";;"N";;"N";;"N";;"N";;"N";;"N";;"N";;"N";;"N";;"N";;"N"
"2025-11-02 19:45";;"N";;"N";;"N";;"N";;"N";;"N";;"N";;"N";;"N";;"N";;"N";;"N";;"N";;"N";;"N";;"N";;"N";;"N"
"2025-11-02 20:00";;"N";;"N";;"N";;"N";;"N";;"N";;"N";;"N";;"N";;"N";;"N";;"N";;"N";;"N";;"N";;"N";;"N";;"N"
"2025-11-02 20:15";;"N";;"N";;"N";;"N";;"N";;"N";;"N";;"N";;"N";;"N";;"N";;"N";;"N";;"N";;"N";;"N";;"N";;"N"
"2025-11-02 20:30";;"N";;"N";;"N";;"N";;"N";;"N";;"N";;"N";;"N";;"N";;"N";;"N";;"N";;"N";;"N";;"N";;"N";;"N"
"2025-11-02 20:45";;"N";;"N";;"N";;"N";;"N";;"N";;"N";;"N";;"N";;"N";;"N";;"N";;"N";;"N";;"N";;"N";;"N";;"N"
"2025-11-02 21:00";;"N";;"N";;"N";;"N";;"N";;"N";;"N";;"N";;"N";;"N";;"N";;"N";;"N";;"N";;"N";;"N";;"N";;"N"
"2025-11-02 21:15";;"N";;"N";;"N";;"N";;"N";;"N";;"N";;"N";;"N";;"N";;"N";;"N";;"N";;"N";;"N";;"N";;"N";;"N"
"2025-11-02 21:30";;"N";;"N";;"N";;"N";;"N";;"N";;"N";;"N";;"N";;"N";;"N";;"N";;"N";;"N";;"N";;"N";;"N";;"N"
"2025-11-02 21:45";;"N";;"N";;"N";;"N";;"N";;"N";;"N";;"N";;"N";;"N";;"N";;"N";;"N";;"N";;"N";;"N";;"N";;"N"
"2025-11-02 22:00";;"N";;"N";;"N";;"N";;"N";;"N";;"N";;"N";;"N";;"N";;"N";;"N";;"N";;"N";;"N";;"N";;"N";;"N"
"2025-11-02 22:15";;"N";;"N";;"N";;"N";;"N";;"N";;"N";;"N";;"N";;"N";;"N";;"N";;"N";;"N";;"N";;"N";;"N";;"N"
"2025-11-02 22:30";;"N";;"N";;"N";;"N";;"N";;"N";;"N";;"N";;"N";;"N";;"N";;"N";;"N";;"N";;"N";;"N";;"N";;"N"
"2025-11-02 22:45";;"N";;"N";;"N";;"N";;"N";;"N";;"N";;"N";;"N";;"N";;"N";;"N";;"N";;"N";;"N";;"N";;"N";;"N"
"2025-11-02 23:00";;"N";;"N";;"N";;"N";;"N";;"N";;"N";;"N";;"N";;"N";;"N";;"N";;"N";;"N";;"N";;"N";;"N";;"N"
"2025-11-02 23:15";;"N";;"N";;"N";;"N";;"N";;"N";;"N";;"N";;"N";;"N";;"N";;"N";;"N";;"N";;"N";;"N";;"N";;"N"
"2025-11-02 23:30";;"N";;"N";;"N";;"N";;"N";;"N";;"N";;"N";;"N";;"N";;"N";;"N";;"N";;"N";;"N";;"N";;"N";;"N"
"2025-11-02 23:45";;"N";;"N";;"N";;"N";;"N";;"N";;"N";;"N";;"N";;"N";;"N";;"N";;"N";;"N";;"N";;"N";;"N";;"N"
"2025-11-03 00:00";;"N";;"N";;"N";;"N";;"N";;"N";;"N";;"N";;"N";;"N";;"N";;"N";;"N";;"N";;"N";;"N";;"N";;"N"
"2025-11-03 00:15";;"N";;"N";;"N";;"N";;"N";;"N";;"N";;"N";;"N";;"N";;"N";;"N";;"N";;"N";;"N";;"N";;"N";;"N"
"2025-11-03 00:30";;"N";;"N";;"N";;"N";;"N";;"N";;"N";;"N";;"N";;"N";;"N";;"N";;"N";;"N";;"N";;"N";;"N";;"N"
"2025-11-03 00:45";;"N";;"N";;"N";;"N";;"N";;"N";;"N";;"N";;"N";;"N";;"N";;"N";;"N";;"N";;"N";;"N";;"N";;"N"
"2025-11-03 01:00";;"N";;"N";;"N";;"N";;"N";;"N";;"N";;"N";;"N";;"N";;"N";;"N";;"N";;"N";;"N";;"N";;"N";;"N"
"2025-11-03 01:15";;"N";;"N";;"N";;"N";;"N";;"N";;"N";;"N";;"N";;"N";;"N";;"N";;"N";;"N";;"N";;"N";;"N";;"N"
"2025-11-03 01:30";;"N";;"N";;"N";;"N";;"N";;"N";;"N";;"N";;"N";;"N";;"N";;"N";;"N";;"N";;"N";;"N";;"N";;"N"
"2025-11-03 01:45";;"N";;"N";;"N";;"N";;"N";;"N";;"N";;"N";;"N";;"N";;"N";;"N";;"N";;"N";;"N";;"N";;"N";;"N"
"2025-11-03 02:00";;"N";;"N";;"N";;"N";;"N";;"N";;"N";;"N";;"N";;"N";;"N";;"N";;"N";;"N";;"N";;"N";;"N";;"N"
"2025-11-03 02:15";;"N";;"N";;"N";;"N";;"N";;"N";;"N";;"N";;"N";;"N";;"N";;"N";;"N";;"N";;"N";;"N";;"N";;"N"
"2025-11-03 02:30";;"N";;"N";;"N";;"N";;"N";;"N";;"N";;"N";;"N";;"N";;"N";;"N";;"N";;"N";;"N";;"N";;"N";;"N"
"2025-11-03 02:45";;"N";;"N";;"N";;"N";;"N";;"N";;"N";;"N";;"N";;"N";;"N";;"N";;"N";;"N";;"N";;"N";;"N";;"N"
"2025-11-03 03:00";;"N";;"N";;"N";;"N";;"N";;"N";;"N";;"N";;"N";;"N";;"N";;"N";;"N";;"N";;"N";;"N";;"N";;"N"
"2025-11-03 03:15";;"N";;"N";;"N";;"N";;"N";;"N";;"N";;"N";;"N";;"N";;"N";;"N";;"N";;"N";;"N";;"N";;"N";;"N"
"2025-11-03 03:30";;"N";;"N";;"N";;"N";;"N";;"N";;"N";;"N";;"N";;"N";;"N";;"N";;"N";;"N";;"N";;"N";;"N";;"N"
"2025-11-03 03:45";;"N";;"N";;"N";;"N";;"N";;"N";;"N";;"N";;"N";;"N";;"N";;"N";;"N";;"N";;"N";;"N";;"N";;"N"
"2025-11-03 04:00";;"N";;"N";;"N";;"N";;"N";;"N";;"N";;"N";;"N";;"N";;"N";;"N";;"N";;"N";;"N";;"N";;"N";;"N"
"2025-11-03 04:15";;"N";;"N";;"N";;"N";;"N";;"N";;"N";;"N";;"N";;"N";;"N";;"N";;"N";;"N";;"N";;"N";;"N";;"N"
"2025-11-03 04:30";;"N";;"N";;"N";;"N";;"N";;"N";;"N";;"N";;"N";;"N";;"N";;"N";;"N";;"N";;"N";;"N";;"N";;"N"
"2025-11-03 04:45";;"N";;"N";;"N";;"N";;"N";;"N";;"N";;"N";;"N";;"N";;"N";;"N";;"N";;"N";;"N";;"N";;"N";;"N"
"2025-11-03 05:00";;"N";;"N";;"N";;"N";;"N";;"N";;"N";;"N";;"N";;"N";;"N";;"N";;"N";;"N";;"N";;"N";;"N";;"N"
"2025-11-03 05:15";;"N";;"N";;"N";;"N";;"N";;"N";;"N";;"N";;"N";;"N";;"N";;"N";;"N";;"N";;"N";;"N";;"N";;"N"
"2025-11-03 05:30";;"N";;"N";;"N";;"N";;"N";;"N";;"N";;"N";;"N";;"N";;"N";;"N";;"N";;"N";;"N";;"N";;"N";;"N"
"2025-11-03 05:45";;"N";;"N";;"N";;"N";;"N";;"N";;"N";;"N";;"N";;"N";;"N";;"N";;"N";;"N";;"N";;"N";;"N";;"N"
"2025-11-03 06:00";;"N";;"N";;"N";;"N";;"N";;"N";;"N";;"N";;"N";;"N";;"N";;"N";;"N";;"N";;"N";;"N";;"N";;"N"
"2025-11-03 06:15";;"N";;"N";;"N";;"N";;"N";;"N";;"N";;"N";;"N";;"N";;"N";;"N";;"N";;"N";;"N";;"N";;"N";;"N"
"2025-11-03 06:30";;"N";;"N";;"N";;"N";;"N";;"N";;"N";;"N";;"N";;"N";;"N";;"N";;"N";;"N";;"N";;"N";;"N";;"N"
"2025-11-03 06:45";;"N";;"N";;"N";;"N";;"N";;"N";;"N";;"N";;"N";;"N";;"N";;"N";;"N";;"N";;"N";;"N";;"N";;"N"
"2025-11-03 07:00";;"N";;"N";;"N";;"N";;"N";;"N";;"N";;"N";;"N";;"N";;"N";;"N";;"N";;"N";;"N";;"N";;"N";;"N"
"2025-11-03 07:15";;"N";;"N";;"N";;"N";;"N";;"N";;"N";;"N";;"N";;"N";;"N";;"N";;"N";;"N";;"N";;"N";;"N";;"N"
"2025-11-03 07:30";;"N";;"N";;"N";;"N";;"N";;"N";;"N";;"N";;"N";;"N";;"N";;"N";;"N";;"N";;"N";;"N";;"N";;"N"
"2025-11-03 07:45";;"N";;"N";;"N";;"N";;"N";;"N";;"N";;"N";;"N";;"N";;"N";;"N";;"N";;"N";;"N";;"N";;"N";;"N"
"2025-11-03 08:00";;"N";;"N";;"N";;"N";;"N";;"N";;"N";;"N";;"N";;"N";;"N";;"N";;"N";;"N";;"N";;"N";;"N";;"N"
"2025-11-03 08:15";;"N";;"N";;"N";;"N";;"N";;"N";;"N";;"N";;"N";;"N";;"N";;"N";;"N";;"N";;"N";;"N";;"N";;"N"
"2025-11-03 08:30";;"N";;"N";;"N";;"N";;"N";;"N";;"N";;"N";;"N";;"N";;"N";;"N";;"N";;"N";;"N";;"N";;"N";;"N"
"2025-11-03 08:45";;"N";;"N";;"N";;"N";;"N";;"N";;"N";;"N";;"N";;"N";;"N";;"N";;"N";;"N";;"N";;"N";;"N";;"N"
"2025-11-03 09:00";;"N";;"N";;"N";;"N";;"N";;"N";;"N";;"N";;"N";;"N";;"N";;"N";;"N";;"N";;"N";;"N";;"N";;"N"
"2025-11-03 09:15";;"N";;"N";;"N";;"N";;"N";;"N";;"N";;"N";;"N";;"N";;"N";;"N";;"N";;"N";;"N";;"N";;"N";;"N"
"2025-11-03 09:30";;"N";;"N";;"N";;"N";;"N";;"N";;"N";;"N";;"N";;"N";;"N";;"N";;"N";;"N";;"N";;"N";;"N";;"N"
"2025-11-03 09:45";;"N";;"N";;"N";;"N";;"N";;"N";;"N";;"N";;"N";;"N";;"N";;"N";;"N";;"N";;"N";;"N";;"N";;"N"
"2025-11-03 10:00";;"N";;"N";;"N";;"N";;"N";;"N";;"N";;"N";;"N";;"N";;"N";;"N";;"N";;"N";;"N";;"N";;"N";;"N"
"2025-11-03 10:15";;"N";;"N";;"N";;"N";;"N";;"N";;"N";;"N";;"N";;"N";;"N";;"N";;"N";;"N";;"N";;"N";;"N";;"N"
"2025-11-03 10:30";;"N";;"N";;"N";;"N";;"N";;"N";;"N";;"N";;"N";;"N";;"N";;"N";;"N";;"N";;"N";;"N";;"N";;"N"
"2025-11-03 10:45";;"N";;"N";;"N";;"N";;"N";;"N";;"N";;"N";;"N";;"N";;"N";;"N";;"N";;"N";;"N";;"N";;"N";;"N"
"2025-11-03 11:00";;"N";;"N";;"N";;"N";;"N";;"N";;"N";;"N";;"N";;"N";;"N";;"N";;"N";;"N";;"N";;"N";;"N";;"N"
"2025-11-03 11:15";;"N";;"N";;"N";;"N";;"N";;"N";;"N";;"N";;"N";;"N";;"N";;"N";;"N";;"N";;"N";;"N";;"N";;"N"
"2025-11-03 11:30";;"N";;"N";;"N";;"N";;"N";;"N";;"N";;"N";;"N";;"N";;"N";;"N";;"N";;"N";;"N";;"N";;"N";;"N"
"2025-11-03 11:45";;"N";;"N";;"N";;"N";;"N";;"N";;"N";;"N";;"N";;"N";;"N";;"N";;"N";;"N";;"N";;"N";;"N";;"N"
"2025-11-03 12:00";;"N";;"N";;"N";;"N";;"N";;"N";;"N";;"N";;"N";;"N";;"N";;"N";;"N";;"N";;"N";;"N";;"N";;"N"
"2025-11-03 12:15";;"N";;"N";;"N";;"N";;"N";;"N";;"N";;"N";;"N";;"N";;"N";;"N";;"N";;"N";;"N";;"N";;"N";;"N"
"2025-11-03 12:30";;"N";;"N";;"N";;"N";;"N";;"N";;"N";;"N";;"N";;"N";;"N";;"N";;"N";;"N";;"N";;"N";;"N";;"N"
"2025-11-03 12:45";;"N";;"N";;"N";;"N";;"N";;"N";;"N";;"N";;"N";;"N";;"N";;"N";;"N";;"N";;"N";;"N";;"N";;"N"
"2025-11-03 13:00";;"N";;"N";;"N";;"N";;"N";;"N";;"N";;"N";;"N";;"N";;"N";;"N";;"N";;"N";;"N";;"N";;"N";;"N"
"2025-11-03 13:15";;"N";;"N";;"N";;"N";;"N";;"N";;"N";;"N";;"N";;"N";;"N";;"N";;"N";;"N";;"N";;"N";;"N";;"N"
"2025-11-03 13:30";;"N";;"N";;"N";;"N";;"N";;"N";;"N";;"N";;"N";;"N";;"N";;"N";;"N";;"N";;"N";;"N";;"N";;"N"
"2025-11-03 13:45";;"N";;"N";;"N";;"N";;"N";;"N";;"N";;"N";;"N";;"N";;"N";;"N";;"N";;"N";;"N";;"N";;"N";;"N"
"2025-11-03 14:00";;"N";;"N";;"N";;"N";;"N";;"N";;"N";;"N";;"N";;"N";;"N";;"N";;"N";;"N";;"N";;"N";;"N";;"N"
"2025-11-03 14:15";;"N";;"N";;"N";;"N";;"N";;"N";;"N";;"N";;"N";;"N";;"N";;"N";;"N";;"N";;"N";;"N";;"N";;"N"
"2025-11-03 14:30";;"N";;"N";;"N";;"N";;"N";;"N";;"N";;"N";;"N";;"N";;"N";;"N";;"N";;"N";;"N";;"N";;"N";;"N"
"2025-11-03 14:45";;"N";;"N";;"N";;"N";;"N";;"N";;"N";;"N";;"N";;"N";;"N";;"N";;"N";;"N";;"N";;"N";;"N";;"N"
"2025-11-03 15:00";;"N";;"N";;"N";;"N";;"N";;"N";;"N";;"N";;"N";;"N";;"N";;"N";;"N";;"N";;"N";;"N";;"N";;"N"
"2025-11-03 15:15";;"N";;"N";;"N";;"N";;"N";;"N";;"N";;"N";;"N";;"N";;"N";;"N";;"N";;"N";;"N";;"N";;"N";;"N"
"2025-11-03 15:30";;"N";;"N";;"N";;"N";;"N";;"N";;"N";;"N";;"N";;"N";;"N";;"N";;"N";;"N";;"N";;"N";;"N";;"N"
"2025-11-03 15:45";;"N";;"N";;"N";;"N";;"N";;"N";;"N";;"N";;"N";;"N";;"N";;"N";;"N";;"N";;"N";;"N";;"N";;"N"
"2025-11-03 16:00";;"N";;"N";;"N";;"N";;"N";;"N";;"N";;"N";;"N";;"N";;"N";;"N";;"N";;"N";;"N";;"N";;"N";;"N"
"2025-11-03 16:15";;"N";;"N";;"N";;"N";;"N";;"N";;"N";;"N";;"N";;"N";;"N";;"N";;"N";;"N";;"N";;"N";;"N";;"N"
"2025-11-03 16:30";;"N";;"N";;"N";;"N";;"N";;"N";;"N";;"N";;"N";;"N";;"N";;"N";;"N";;"N";;"N";;"N";;"N";;"N"
"2025-11-03 16:45";;"N";;"N";;"N";;"N";;"N";;"N";;"N";;"N";;"N";;"N";;"N";;"N";;"N";;"N";;"N";;"N";;"N";;"N"
"2025-11-03 17:00";;"N";;"N";;"N";;"N";;"N";;"N";;"N";;"N";;"N";;"N";;"N";;"N";;"N";;"N";;"N";;"N";;"N";;"N"
"2025-11-03 17:15";;"N";;"N";;"N";;"N";;"N";;"N";;"N";;"N";;"N";;"N";;"N";;"N";;"N";;"N";;"N";;"N";;"N";;"N"
"2025-11-03 17:30";;"N";;"N";;"N";;"N";;"N";;"N";;"N";;"N";;"N";;"N";;"N";;"N";;"N";;"N";;"N";;"N";;"N";;"N"
"2025-11-03 17:45";;"N";;"N";;"N";;"N";;"N";;"N";;"N";;"N";;"N";;"N";;"N";;"N";;"N";;"N";;"N";;"N";;"N";;"N"
"2025-11-03 18:00";;"N";;"N";;"N";;"N";;"N";;"N";;"N";;"N";;"N";;"N";;"N";;"N";;"N";;"N";;"N";;"N";;"N";;"N"
"2025-11-03 18:15";;"N";;"N";;"N";;"N";;"N";;"N";;"N";;"N";;"N";;"N";;"N";;"N";;"N";;"N";;"N";;"N";;"N";;"N"
"2025-11-03 18:30";;"N";;"N";;"N";;"N";;"N";;"N";;"N";;"N";;"N";;"N";;"N";;"N";;"N";;"N";;"N";;"N";;"N";;"N"
"2025-11-03 18:45";;"N";;"N";;"N";;"N";;"N";;"N";;"N";;"N";;"N";;"N";;"N";;"N";;"N";;"N";;"N";;"N";;"N";;"N"
"2025-11-03 19:00";;"N";;"N";;"N";;"N";;"N";;"N";;"N";;"N";;"N";;"N";;"N";;"N";;"N";;"N";;"N";;"N";;"N";;"N"
"2025-11-03 19:15";;"N";;"N";;"N";;"N";;"N";;"N";;"N";;"N";;"N";;"N";;"N";;"N";;"N";;"N";;"N";;"N";;"N";;"N"
"2025-11-03 19:30";;"N";;"N";;"N";;"N";;"N";;"N";;"N";;"N";;"N";;"N";;"N";;"N";;"N";;"N";;"N";;"N";;"N";;"N"
"2025-11-03 19:45";;"N";;"N";;"N";;"N";;"N";;"N";;"N";;"N";;"N";;"N";;"N";;"N";;"N";;"N";;"N";;"N";;"N";;"N"
"2025-11-03 20:00";;"N";;"N";;"N";;"N";;"N";;"N";;"N";;"N";;"N";;"N";;"N";;"N";;"N";;"N";;"N";;"N";;"N";;"N"
"2025-11-03 20:15";;"N";;"N";;"N";;"N";;"N";;"N";;"N";;"N";;"N";;"N";;"N";;"N";;"N";;"N";;"N";;"N";;"N";;"N"
"2025-11-03 20:30";;"N";;"N";;"N";;"N";;"N";;"N";;"N";;"N";;"N";;"N";;"N";;"N";;"N";;"N";;"N";;"N";;"N";;"N"
"2025-11-03 20:45";;"N";;"N";;"N";;"N";;"N";;"N";;"N";;"N";;"N";;"N";;"N";;"N";;"N";;"N";;"N";;"N";;"N";;"N"
"2025-11-03 21:00";;"N";;"N";;"N";;"N";;"N";;"N";;"N";;"N";;"N";;"N";;"N";;"N";;"N";;"N";;"N";;"N";;"N";;"N"
"2025-11-03 21:15";;"N";;"N";;"N";;"N";;"N";;"N";;"N";;"N";;"N";;"N";;"N";;"N";;"N";;"N";;"N";;"N";;"N";;"N"
"2025-11-03 21:30";;"N";;"N";;"N";;"N";;"N";;"N";;"N";;"N";;"N";;"N";;"N";;"N";;"N";;"N";;"N";;"N";;"N";;"N"
"2025-11-03 21:45";;"N";;"N";;"N";;"N";;"N";;"N";;"N";;"N";;"N";;"N";;"N";;"N";;"N";;"N";;"N";;"N";;"N";;"N"
"2025-11-03 22:00";;"N";;"N";;"N";;"N";;"N";;"N";;"N";;"N";;"N";;"N";;"N";;"N";;"N";;"N";;"N";;"N";;"N";;"N"
"2025-11-03 22:15";;"N";;"N";;"N";;"N";;"N";;"N";;"N";;"N";;"N";;"N";;"N";;"N";;"N";;"N";;"N";;"N";;"N";;"N"
"2025-11-03 22:30";;"N";;"N";;"N";;"N";;"N";;"N";;"N";;"N";;"N";;"N";;"N";;"N";;"N";;"N";;"N";;"N";;"N";;"N"
"2025-11-03 22:45";;"N";;"N";;"N";;"N";;"N";;"N";;"N";;"N";;"N";;"N";;"N";;"N";;"N";;"N";;"N";;"N";;"N";;"N"
"2025-11-03 23:00";;"N";;"N";;"N";;"N";;"N";;"N";;"N";;"N";;"N";;"N";;"N";;"N";;"N";;"N";;"N";;"N";;"N";;"N"
"2025-11-03 23:15";;"N";;"N";;"N";;"N";;"N";;"N";;"N";;"N";;"N";;"N";;"N";;"N";;"N";;"N";;"N";;"N";;"N";;"N"
"2025-11-03 23:30";;"N";;"N";;"N";;"N";;"N";;"N";;"N";;"N";;"N";;"N";;"N";;"N";;"N";;"N";;"N";;"N";;"N";;"N"
"2025-11-03 23:45";;"N";;"N";;"N";;"N";;"N";;"N";;"N";;"N";;"N";;"N";;"N";;"N";;"N";;"N";;"N";;"N";;"N";;"N"
"2025-11-04 00:00";;"N";;"N";;"N";;"N";;"N";;"N";;"N";;"N";;"N";;"N";;"N";;"N";;"N";;"N";;"N";;"N";;"N";;"N"
"2025-11-04 00:15";;"N";;"N";;"N";;"N";;"N";;"N";;"N";;"N";;"N";;"N";;"N";;"N";;"N";;"N";;"N";;"N";;"N";;"N"
"2025-11-04 00:30";;"N";;"N";;"N";;"N";;"N";;"N";;"N";;"N";;"N";;"N";;"N";;"N";;"N";;"N";;"N";;"N";;"N";;"N"
"2025-11-04 00:45";;"N";;"N";;"N";;"N";;"N";;"N";;"N";;"N";;"N";;"N";;"N";;"N";;"N";;"N";;"N";;"N";;"N";;"N"
"2025-11-04 01:00";;"N";;"N";;"N";;"N";;"N";;"N";;"N";;"N";;"N";;"N";;"N";;"N";;"N";;"N";;"N";;"N";;"N";;"N"
"2025-11-04 01:15";;"N";;"N";;"N";;"N";;"N";;"N";;"N";;"N";;"N";;"N";;"N";;"N";;"N";;"N";;"N";;"N";;"N";;"N"
"2025-11-04 01:30";;"N";;"N";;"N";;"N";;"N";;"N";;"N";;"N";;"N";;"N";;"N";;"N";;"N";;"N";;"N";;"N";;"N";;"N"
"2025-11-04 01:45";;"N";;"N";;"N";;"N";;"N";;"N";;"N";;"N";;"N";;"N";;"N";;"N";;"N";;"N";;"N";;"N";;"N";;"N"
"2025-11-04 02:00";;"N";;"N";;"N";;"N";;"N";;"N";;"N";;"N";;"N";;"N";;"N";;"N";;"N";;"N";;"N";;"N";;"N";;"N"
"2025-11-04 02:15";;"N";;"N";;"N";;"N";;"N";;"N";;"N";;"N";;"N";;"N";;"N";;"N";;"N";;"N";;"N";;"N";;"N";;"N"
"2025-11-04 02:30";;"N";;"N";;"N";;"N";;"N";;"N";;"N";;"N";;"N";;"N";;"N";;"N";;"N";;"N";;"N";;"N";;"N";;"N"
"2025-11-04 02:45";;"N";;"N";;"N";;"N";;"N";;"N";;"N";;"N";;"N";;"N";;"N";;"N";;"N";;"N";;"N";;"N";;"N";;"N"
"2025-11-04 03:00";;"N";;"N";;"N";;"N";;"N";;"N";;"N";;"N";;"N";;"N";;"N";;"N";;"N";;"N";;"N";;"N";;"N";;"N"
"2025-11-04 03:15";;"N";;"N";;"N";;"N";;"N";;"N";;"N";;"N";;"N";;"N";;"N";;"N";;"N";;"N";;"N";;"N";;"N";;"N"
"2025-11-04 03:30";;"N";;"N";;"N";;"N";;"N";;"N";;"N";;"N";;"N";;"N";;"N";;"N";;"N";;"N";;"N";;"N";;"N";;"N"
"2025-11-04 03:45";;"N";;"N";;"N";;"N";;"N";;"N";;"N";;"N";;"N";;"N";;"N";;"N";;"N";;"N";;"N";;"N";;"N";;"N"
"2025-11-04 04:00";;"N";;"N";;"N";;"N";;"N";;"N";;"N";;"N";;"N";;"N";;"N";;"N";;"N";;"N";;"N";;"N";;"N";;"N"
"2025-11-04 04:15";;"N";;"N";;"N";;"N";;"N";;"N";;"N";;"N";;"N";;"N";;"N";;"N";;"N";;"N";;"N";;"N";;"N";;"N"
"2025-11-04 04:30";;"N";;"N";;"N";;"N";;"N";;"N";;"N";;"N";;"N";;"N";;"N";;"N";;"N";;"N";;"N";;"N";;"N";;"N"
"2025-11-04 04:45";;"N";;"N";;"N";;"N";;"N";;"N";;"N";;"N";;"N";;"N";;"N";;"N";;"N";;"N";;"N";;"N";;"N";;"N"
"2025-11-04 05:00";;"N";;"N";;"N";;"N";;"N";;"N";;"N";;"N";;"N";;"N";;"N";;"N";;"N";;"N";;"N";;"N";;"N";;"N"
"2025-11-04 05:15";;"N";;"N";;"N";;"N";;"N";;"N";;"N";;"N";;"N";;"N";;"N";;"N";;"N";;"N";;"N";;"N";;"N";;"N"
"2025-11-04 05:30";;"N";;"N";;"N";;"N";;"N";;"N";;"N";;"N";;"N";;"N";;"N";;"N";;"N";;"N";;"N";;"N";;"N";;"N"
"2025-11-04 05:45";;"N";;"N";;"N";;"N";;"N";;"N";;"N";;"N";;"N";;"N";;"N";;"N";;"N";;"N";;"N";;"N";;"N";;"N"
"2025-11-04 06:00";;"N";;"N";;"N";;"N";;"N";;"N";;"N";;"N";;"N";;"N";;"N";;"N";;"N";;"N";;"N";;"N";;"N";;"N"
"2025-11-04 06:15";;"N";;"N";;"N";;"N";;"N";;"N";;"N";;"N";;"N";;"N";;"N";;"N";;"N";;"N";;"N";;"N";;"N";;"N"
"2025-11-04 06:30";;"N";;"N";;"N";;"N";;"N";;"N";;"N";;"N";;"N";;"N";;"N";;"N";;"N";;"N";;"N";;"N";;"N";;"N"
"2025-11-04 06:45";;"N";;"N";;"N";;"N";;"N";;"N";;"N";;"N";;"N";;"N";;"N";;"N";;"N";;"N";;"N";;"N";;"N";;"N"
"2025-11-04 07:00";;"N";;"N";;"N";;"N";;"N";;"N";;"N";;"N";;"N";;"N";;"N";;"N";;"N";;"N";;"N";;"N";;"N";;"N"
"2025-11-04 07:15";;"N";;"N";;"N";;"N";;"N";;"N";;"N";;"N";;"N";;"N";;"N";;"N";;"N";;"N";;"N";;"N";;"N";;"N"
"2025-11-04 07:30";;"N";;"N";;"N";;"N";;"N";;"N";;"N";;"N";;"N";;"N";;"N";;"N";;"N";;"N";;"N";;"N";;"N";;"N"
"2025-11-04 07:45";;"N";;"N";;"N";;"N";;"N";;"N";;"N";;"N";;"N";;"N";;"N";;"N";;"N";;"N";;"N";;"N";;"N";;"N"
"2025-11-04 08:00";;"N";;"N";;"N";;"N";;"N";;"N";;"N";;"N";;"N";;"N";;"N";;"N";;"N";;"N";;"N";;"N";;"N";;"N"
"2025-11-04 08:15";;"N";;"N";;"N";;"N";;"N";;"N";;"N";;"N";;"N";;"N";;"N";;"N";;"N";;"N";;"N";;"N";;"N";;"N"
"2025-11-04 08:30";;"N";;"N";;"N";;"N";;"N";;"N";;"N";;"N";;"N";;"N";;"N";;"N";;"N";;"N";;"N";;"N";;"N";;"N"
"2025-11-04 08:45";;"N";;"N";;"N";;"N";;"N";;"N";;"N";;"N";;"N";;"N";;"N";;"N";;"N";;"N";;"N";;"N";;"N";;"N"
"2025-11-04 09:00";;"N";;"N";;"N";;"N";;"N";;"N";;"N";;"N";;"N";;"N";;"N";;"N";;"N";;"N";;"N";;"N";;"N";;"N"
"2025-11-04 09:15";;"N";;"N";;"N";;"N";;"N";;"N";;"N";;"N";;"N";;"N";;"N";;"N";;"N";;"N";;"N";;"N";;"N";;"N"
"2025-11-04 09:30";;"N";;"N";;"N";;"N";;"N";;"N";;"N";;"N";;"N";;"N";;"N";;"N";;"N";;"N";;"N";;"N";;"N";;"N"
"2025-11-04 09:45";;"N";;"N";;"N";;"N";;"N";;"N";;"N";;"N";;"N";;"N";;"N";;"N";;"N";;"N";;"N";;"N";;"N";;"N"
"2025-11-04 10:00";;"N";;"N";;"N";;"N";;"N";;"N";;"N";;"N";;"N";;"N";;"N";;"N";;"N";;"N";;"N";;"N";;"N";;"N"
"2025-11-04 10:15";;"N";;"N";;"N";;"N";;"N";;"N";;"N";;"N";;"N";;"N";;"N";;"N";;"N";;"N";;"N";;"N";;"N";;"N"
"2025-11-04 10:30";;"N";;"N";;"N";;"N";;"N";;"N";;"N";;"N";;"N";;"N";;"N";;"N";;"N";;"N";;"N";;"N";;"N";;"N"
"2025-11-04 10:45";;"N";;"N";;"N";;"N";;"N";;"N";;"N";;"N";;"N";;"N";;"N";;"N";;"N";;"N";;"N";;"N";;"N";;"N"
"2025-11-04 11:00";;"N";;"N";;"N";;"N";;"N";;"N";;"N";;"N";;"N";;"N";;"N";;"N";;"N";;"N";;"N";;"N";;"N";;"N"
"2025-11-04 11:15";;"N";;"N";;"N";;"N";;"N";;"N";;"N";;"N";;"N";;"N";;"N";;"N";;"N";;"N";;"N";;"N";;"N";;"N"
"2025-11-04 11:30";;"N";;"N";;"N";;"N";;"N";;"N";;"N";;"N";;"N";;"N";;"N";;"N";;"N";;"N";;"N";;"N";;"N";;"N"
"2025-11-04 11:45";;"N";;"N";;"N";;"N";;"N";;"N";;"N";;"N";;"N";;"N";;"N";;"N";;"N";;"N";;"N";;"N";;"N";;"N"
"2025-11-04 12:00";;"N";;"N";;"N";;"N";;"N";;"N";;"N";;"N";;"N";;"N";;"N";;"N";;"N";;"N";;"N";;"N";;"N";;"N"
"2025-11-04 12:15";;"N";;"N";;"N";;"N";;"N";;"N";;"N";;"N";;"N";;"N";;"N";;"N";;"N";;"N";;"N";;"N";;"N";;"N"
"2025-11-04 12:30";;"N";;"N";;"N";;"N";;"N";;"N";;"N";;"N";;"N";;"N";;"N";;"N";;"N";;"N";;"N";;"N";;"N";;"N"
"2025-11-04 12:45";;"N";;"N";;"N";;"N";;"N";;"N";;"N";;"N";;"N";;"N";;"N";;"N";;"N";;"N";;"N";;"N";;"N";;"N"
"2025-11-04 13:00";;"N";;"N";;"N";;"N";;"N";;"N";;"N";;"N";;"N";;"N";;"N";;"N";;"N";;"N";;"N";;"N";;"N";;"N"
"2025-11-04 13:15";;"N";;"N";;"N";;"N";;"N";;"N";;"N";;"N";;"N";;"N";;"N";;"N";;"N";;"N";;"N";;"N";;"N";;"N"
"2025-11-04 13:30";;"N";;"N";;"N";;"N";;"N";;"N";;"N";;"N";;"N";;"N";;"N";;"N";;"N";;"N";;"N";;"N";;"N";;"N"
"2025-11-04 13:45";;"N";;"N";;"N";;"N";;"N";;"N";;"N";;"N";;"N";;"N";;"N";;"N";;"N";;"N";;"N";;"N";;"N";;"N"
"2025-11-04 14:00";;"N";;"N";;"N";;"N";;"N";;"N";;"N";;"N";;"N";;"N";;"N";;"N";;"N";;"N";;"N";;"N";;"N";;"N"
"2025-11-04 14:15";;"N";;"N";;"N";;"N";;"N";;"N";;"N";;"N";;"N";;"N";;"N";;"N";;"N";;"N";;"N";;"N";;"N";;"N"
"2025-11-04 14:30";;"N";;"N";;"N";;"N";;"N";;"N";;"N";;"N";;"N";;"N";;"N";;"N";;"N";;"N";;"N";;"N";;"N";;"N"
"2025-11-04 14:45";;"N";;"N";;"N";;"N";;"N";;"N";;"N";;"N";;"N";;"N";;"N";;"N";;"N";;"N";;"N";;"N";;"N";;"N"
"2025-11-04 15:00";;"N";;"N";;"N";;"N";;"N";;"N";;"N";;"N";;"N";;"N";;"N";;"N";;"N";;"N";;"N";;"N";;"N";;"N"
"2025-11-04 15:15";;"N";;"N";;"N";;"N";;"N";;"N";;"N";;"N";;"N";;"N";;"N";;"N";;"N";;"N";;"N";;"N";;"N";;"N"
"2025-11-04 15:30";;"N";;"N";;"N";;"N";;"N";;"N";;"N";;"N";;"N";;"N";;"N";;"N";;"N";;"N";;"N";;"N";;"N";;"N"
"2025-11-04 15:45";;"N";;"N";;"N";;"N";;"N";;"N";;"N";;"N";;"N";;"N";;"N";;"N";;"N";;"N";;"N";;"N";;"N";;"N"
"2025-11-04 16:00";;"N";;"N";;"N";;"N";;"N";;"N";;"N";;"N";;"N";;"N";;"N";;"N";;"N";;"N";;"N";;"N";;"N";;"N"
"2025-11-04 16:15";;"N";;"N";;"N";;"N";;"N";;"N";;"N";;"N";;"N";;"N";;"N";;"N";;"N";;"N";;"N";;"N";;"N";;"N"
"2025-11-04 16:30";;"N";;"N";;"N";;"N";;"N";;"N";;"N";;"N";;"N";;"N";;"N";;"N";;"N";;"N";;"N";;"N";;"N";;"N"
"2025-11-04 16:45";;"N";;"N";;"N";;"N";;"N";;"N";;"N";;"N";;"N";;"N";;"N";;"N";;"N";;"N";;"N";;"N";;"N";;"N"
"2025-11-04 17:00";;"N";;"N";;"N";;"N";;"N";;"N";;"N";;"N";;"N";;"N";;"N";;"N";;"N";;"N";;"N";;"N";;"N";;"N"
"2025-11-04 17:15";;"N";;"N";;"N";;"N";;"N";;"N";;"N";;"N";;"N";;"N";;"N";;"N";;"N";;"N";;"N";;"N";;"N";;"N"
"2025-11-04 17:30";;"N";;"N";;"N";;"N";;"N";;"N";;"N";;"N";;"N";;"N";;"N";;"N";;"N";;"N";;"N";;"N";;"N";;"N"
"2025-11-04 17:45";;"N";;"N";;"N";;"N";;"N";;"N";;"N";;"N";;"N";;"N";;"N";;"N";;"N";;"N";;"N";;"N";;"N";;"N"
"2025-11-04 18:00";;"N";;"N";;"N";;"N";;"N";;"N";;"N";;"N";;"N";;"N";;"N";;"N";;"N";;"N";;"N";;"N";;"N";;"N"
"2025-11-04 18:15";;"N";;"N";;"N";;"N";;"N";;"N";;"N";;"N";;"N";;"N";;"N";;"N";;"N";;"N";;"N";;"N";;"N";;"N"
"2025-11-04 18:30";;"N";;"N";;"N";;"N";;"N";;"N";;"N";;"N";;"N";;"N";;"N";;"N";;"N";;"N";;"N";;"N";;"N";;"N"
"2025-11-04 18:45";;"N";;"N";;"N";;"N";;"N";;"N";;"N";;"N";;"N";;"N";;"N";;"N";;"N";;"N";;"N";;"N";;"N";;"N"
"2025-11-04 19:00";;"N";;"N";;"N";;"N";;"N";;"N";;"N";;"N";;"N";;"N";;"N";;"N";;"N";;"N";;"N";;"N";;"N";;"N"
"2025-11-04 19:15";;"N";;"N";;"N";;"N";;"N";;"N";;"N";;"N";;"N";;"N";;"N";;"N";;"N";;"N";;"N";;"N";;"N";;"N"
"2025-11-04 19:30";;"N";;"N";;"N";;"N";;"N";;"N";;"N";;"N";;"N";;"N";;"N";;"N";;"N";;"N";;"N";;"N";;"N";;"N"
"2025-11-04 19:45";;"N";;"N";;"N";;"N";;"N";;"N";;"N";;"N";;"N";;"N";;"N";;"N";;"N";;"N";;"N";;"N";;"N";;"N"
"2025-11-04 20:00";;"N";;"N";;"N";;"N";;"N";;"N";;"N";;"N";;"N";;"N";;"N";;"N";;"N";;"N";;"N";;"N";;"N";;"N"
"2025-11-04 20:15";;"N";;"N";;"N";;"N";;"N";;"N";;"N";;"N";;"N";;"N";;"N";;"N";;"N";;"N";;"N";;"N";;"N";;"N"
"2025-11-04 20:30";;"N";;"N";;"N";;"N";;"N";;"N";;"N";;"N";;"N";;"N";;"N";;"N";;"N";;"N";;"N";;"N";;"N";;"N"
"2025-11-04 20:45";;"N";;"N";;"N";;"N";;"N";;"N";;"N";;"N";;"N";;"N";;"N";;"N";;"N";;"N";;"N";;"N";;"N";;"N"
"2025-11-04 21:00";;"N";;"N";;"N";;"N";;"N";;"N";;"N";;"N";;"N";;"N";;"N";;"N";;"N";;"N";;"N";;"N";;"N";;"N"
"2025-11-04 21:15";;"N";;"N";;"N";;"N";;"N";;"N";;"N";;"N";;"N";;"N";;"N";;"N";;"N";;"N";;"N";;"N";;"N";;"N"
"2025-11-04 21:30";;"N";;"N";;"N";;"N";;"N";;"N";;"N";;"N";;"N";;"N";;"N";;"N";;"N";;"N";;"N";;"N";;"N";;"N"
"2025-11-04 21:45";;"N";;"N";;"N";;"N";;"N";;"N";;"N";;"N";;"N";;"N";;"N";;"N";;"N";;"N";;"N";;"N";;"N";;"N"
"2025-11-04 22:00";;"N";;"N";;"N";;"N";;"N";;"N";;"N";;"N";;"N";;"N";;"N";;"N";;"N";;"N";;"N";;"N";;"N";;"N"
"2025-11-04 22:15";;"N";;"N";;"N";;"N";;"N";;"N";;"N";;"N";;"N";;"N";;"N";;"N";;"N";;"N";;"N";;"N";;"N";;"N"
"2025-11-04 22:30";;"N";;"N";;"N";;"N";;"N";;"N";;"N";;"N";;"N";;"N";;"N";;"N";;"N";;"N";;"N";;"N";;"N";;"N"
"2025-11-04 22:45";;"N";;"N";;"N";;"N";;"N";;"N";;"N";;"N";;"N";;"N";;"N";;"N";;"N";;"N";;"N";;"N";;"N";;"N"
"2025-11-04 23:00";;"N";;"N";;"N";;"N";;"N";;"N";;"N";;"N";;"N";;"N";;"N";;"N";;"N";;"N";;"N";;"N";;"N";;"N"
"2025-11-04 23:15";;"N";;"N";;"N";;"N";;"N";;"N";;"N";;"N";;"N";;"N";;"N";;"N";;"N";;"N";;"N";;"N";;"N";;"N"
"2025-11-04 23:30";;"N";;"N";;"N";;"N";;"N";;"N";;"N";;"N";;"N";;"N";;"N";;"N";;"N";;"N";;"N";;"N";;"N";;"N"
"2025-11-04 23:45";;"N";;"N";;"N";;"N";;"N";;"N";;"N";;"N";;"N";;"N";;"N";;"N";;"N";;"N";;"N";;"N";;"N";;"N"
"2025-11-05 00:00";;"N";;"N";;"N";;"N";;"N";;"N";;"N";;"N";;"N";;"N";;"N";;"N";;"N";;"N";;"N";;"N";;"N";;"N"
"2025-11-05 00:15";;"N";;"N";;"N";;"N";;"N";;"N";;"N";;"N";;"N";;"N";;"N";;"N";;"N";;"N";;"N";;"N";;"N";;"N"
"2025-11-05 00:30";;"N";;"N";;"N";;"N";;"N";;"N";;"N";;"N";;"N";;"N";;"N";;"N";;"N";;"N";;"N";;"N";;"N";;"N"
"2025-11-05 00:45";;"N";;"N";;"N";;"N";;"N";;"N";;"N";;"N";;"N";;"N";;"N";;"N";;"N";;"N";;"N";;"N";;"N";;"N"
"2025-11-05 01:00";;"N";;"N";;"N";;"N";;"N";;"N";;"N";;"N";;"N";;"N";;"N";;"N";;"N";;"N";;"N";;"N";;"N";;"N"
"2025-11-05 01:15";;"N";;"N";;"N";;"N";;"N";;"N";;"N";;"N";;"N";;"N";;"N";;"N";;"N";;"N";;"N";;"N";;"N";;"N"
"2025-11-05 01:30";;"N";;"N";;"N";;"N";;"N";;"N";;"N";;"N";;"N";;"N";;"N";;"N";;"N";;"N";;"N";;"N";;"N";;"N"
"2025-11-05 01:45";;"N";;"N";;"N";;"N";;"N";;"N";;"N";;"N";;"N";;"N";;"N";;"N";;"N";;"N";;"N";;"N";;"N";;"N"
"2025-11-05 02:00";;"N";;"N";;"N";;"N";;"N";;"N";;"N";;"N";;"N";;"N";;"N";;"N";;"N";;"N";;"N";;"N";;"N";;"N"
"2025-11-05 02:15";;"N";;"N";;"N";;"N";;"N";;"N";;"N";;"N";;"N";;"N";;"N";;"N";;"N";;"N";;"N";;"N";;"N";;"N"
"2025-11-05 02:30";;"N";;"N";;"N";;"N";;"N";;"N";;"N";;"N";;"N";;"N";;"N";;"N";;"N";;"N";;"N";;"N";;"N";;"N"
"2025-11-05 02:45";;"N";;"N";;"N";;"N";;"N";;"N";;"N";;"N";;"N";;"N";;"N";;"N";;"N";;"N";;"N";;"N";;"N";;"N"
"2025-11-05 03:00";;"N";;"N";;"N";;"N";;"N";;"N";;"N";;"N";;"N";;"N";;"N";;"N";;"N";;"N";;"N";;"N";;"N";;"N"
"2025-11-05 03:15";;"N";;"N";;"N";;"N";;"N";;"N";;"N";;"N";;"N";;"N";;"N";;"N";;"N";;"N";;"N";;"N";;"N";;"N"
"2025-11-05 03:30";;"N";;"N";;"N";;"N";;"N";;"N";;"N";;"N";;"N";;"N";;"N";;"N";;"N";;"N";;"N";;"N";;"N";;"N"
"2025-11-05 03:45";;"N";;"N";;"N";;"N";;"N";;"N";;"N";;"N";;"N";;"N";;"N";;"N";;"N";;"N";;"N";;"N";;"N";;"N"
"2025-11-05 04:00";;"N";;"N";;"N";;"N";;"N";;"N";;"N";;"N";;"N";;"N";;"N";;"N";;"N";;"N";;"N";;"N";;"N";;"N"
"2025-11-05 04:15";;"N";;"N";;"N";;"N";;"N";;"N";;"N";;"N";;"N";;"N";;"N";;"N";;"N";;"N";;"N";;"N";;"N";;"N"
"2025-11-05 04:30";;"N";;"N";;"N";;"N";;"N";;"N";;"N";;"N";;"N";;"N";;"N";;"N";;"N";;"N";;"N";;"N";;"N";;"N"
"2025-11-05 04:45";;"N";;"N";;"N";;"N";;"N";;"N";;"N";;"N";;"N";;"N";;"N";;"N";;"N";;"N";;"N";;"N";;"N";;"N"
"2025-11-05 05:00";;"N";;"N";;"N";;"N";;"N";;"N";;"N";;"N";;"N";;"N";;"N";;"N";;"N";;"N";;"N";;"N";;"N";;"N"
"2025-11-05 05:15";;"N";;"N";;"N";;"N";;"N";;"N";;"N";;"N";;"N";;"N";;"N";;"N";;"N";;"N";;"N";;"N";;"N";;"N"
"2025-11-05 05:30";;"N";;"N";;"N";;"N";;"N";;"N";;"N";;"N";;"N";;"N";;"N";;"N";;"N";;"N";;"N";;"N";;"N";;"N"
"2025-11-05 05:45";;"N";;"N";;"N";;"N";;"N";;"N";;"N";;"N";;"N";;"N";;"N";;"N";;"N";;"N";;"N";;"N";;"N";;"N"
"2025-11-05 06:00";;"N";;"N";;"N";;"N";;"N";;"N";;"N";;"N";;"N";;"N";;"N";;"N";;"N";;"N";;"N";;"N";;"N";;"N"
"2025-11-05 06:15";;"N";;"N";;"N";;"N";;"N";;"N";;"N";;"N";;"N";;"N";;"N";;"N";;"N";;"N";;"N";;"N";;"N";;"N"
"2025-11-05 06:30";;"N";;"N";;"N";;"N";;"N";;"N";;"N";;"N";;"N";;"N";;"N";;"N";;"N";;"N";;"N";;"N";;"N";;"N"
"2025-11-05 06:45";;"N";;"N";;"N";;"N";;"N";;"N";;"N";;"N";;"N";;"N";;"N";;"N";;"N";;"N";;"N";;"N";;"N";;"N"
"2025-11-05 07:00";;"N";;"N";;"N";;"N";;"N";;"N";;"N";;"N";;"N";;"N";;"N";;"N";;"N";;"N";;"N";;"N";;"N";;"N"
"2025-11-05 07:15";;"N";;"N";;"N";;"N";;"N";;"N";;"N";;"N";;"N";;"N";;"N";;"N";;"N";;"N";;"N";;"N";;"N";;"N"
"2025-11-05 07:30";;"N";;"N";;"N";;"N";;"N";;"N";;"N";;"N";;"N";;"N";;"N";;"N";;"N";;"N";;"N";;"N";;"N";;"N"
"2025-11-05 07:45";;"N";;"N";;"N";;"N";;"N";;"N";;"N";;"N";;"N";;"N";;"N";;"N";;"N";;"N";;"N";;"N";;"N";;"N"
"2025-11-05 08:00";;"N";;"N";;"N";;"N";;"N";;"N";;"N";;"N";;"N";;"N";;"N";;"N";;"N";;"N";;"N";;"N";;"N";;"N"
"2025-11-05 08:15";;"N";;"N";;"N";;"N";;"N";;"N";;"N";;"N";;"N";;"N";;"N";;"N";;"N";;"N";;"N";;"N";;"N";;"N"
"2025-11-05 08:30";;"N";;"N";;"N";;"N";;"N";;"N";;"N";;"N";;"N";;"N";;"N";;"N";;"N";;"N";;"N";;"N";;"N";;"N"
"2025-11-05 08:45";;"N";;"N";;"N";;"N";;"N";;"N";;"N";;"N";;"N";;"N";;"N";;"N";;"N";;"N";;"N";;"N";;"N";;"N"
"2025-11-05 09:00";;"N";;"N";;"N";;"N";;"N";;"N";;"N";;"N";;"N";;"N";;"N";;"N";;"N";;"N";;"N";;"N";;"N";;"N"
"2025-11-05 09:15";;"N";;"N";;"N";;"N";;"N";;"N";;"N";;"N";;"N";;"N";;"N";;"N";;"N";;"N";;"N";;"N";;"N";;"N"
"2025-11-05 09:30";;"N";;"N";;"N";;"N";;"N";;"N";;"N";;"N";;"N";;"N";;"N";;"N";;"N";;"N";;"N";;"N";;"N";;"N"
"2025-11-05 09:45";;"N";;"N";;"N";;"N";;"N";;"N";;"N";;"N";;"N";;"N";;"N";;"N";;"N";;"N";;"N";;"N";;"N";;"N"
"2025-11-05 10:00";;"N";;"N";;"N";;"N";;"N";;"N";;"N";;"N";;"N";;"N";;"N";;"N";;"N";;"N";;"N";;"N";;"N";;"N"
"2025-11-05 10:15";;"N";;"N";;"N";;"N";;"N";;"N";;"N";;"N";;"N";;"N";;"N";;"N";;"N";;"N";;"N";;"N";;"N";;"N"
"2025-11-05 10:30";;"N";;"N";;"N";;"N";;"N";;"N";;"N";;"N";;"N";;"N";;"N";;"N";;"N";;"N";;"N";;"N";;"N";;"N"
"2025-11-05 10:45";;"N";;"N";;"N";;"N";;"N";;"N";;"N";;"N";;"N";;"N";;"N";;"N";;"N";;"N";;"N";;"N";;"N";;"N"
"2025-11-05 11:00";;"N";;"N";;"N";;"N";;"N";;"N";;"N";;"N";;"N";;"N";;"N";;"N";;"N";;"N";;"N";;"N";;"N";;"N"
"2025-11-05 11:15";;"N";;"N";;"N";;"N";;"N";;"N";;"N";;"N";;"N";;"N";;"N";;"N";;"N";;"N";;"N";;"N";;"N";;"N"
"2025-11-05 11:30";;"N";;"N";;"N";;"N";;"N";;"N";;"N";;"N";;"N";;"N";;"N";;"N";;"N";;"N";;"N";;"N";;"N";;"N"
"2025-11-05 11:45";;"N";;"N";;"N";;"N";;"N";;"N";;"N";;"N";;"N";;"N";;"N";;"N";;"N";;"N";;"N";;"N";;"N";;"N"
"2025-11-05 12:00";;"N";;"N";;"N";;"N";;"N";;"N";;"N";;"N";;"N";;"N";;"N";;"N";;"N";;"N";;"N";;"N";;"N";;"N"
"2025-11-05 12:15";;"N";;"N";;"N";;"N";;"N";;"N";;"N";;"N";;"N";;"N";;"N";;"N";;"N";;"N";;"N";;"N";;"N";;"N"
"2025-11-05 12:30";;"N";;"N";;"N";;"N";;"N";;"N";;"N";;"N";;"N";;"N";;"N";;"N";;"N";;"N";;"N";;"N";;"N";;"N"
"2025-11-05 12:45";;"N";;"N";;"N";;"N";;"N";;"N";;"N";;"N";;"N";;"N";;"N";;"N";;"N";;"N";;"N";;"N";;"N";;"N"
"2025-11-05 13:00";;"N";;"N";;"N";;"N";;"N";;"N";;"N";;"N";;"N";;"N";;"N";;"N";;"N";;"N";;"N";;"N";;"N";;"N"
"2025-11-05 13:15";;"N";;"N";;"N";;"N";;"N";;"N";;"N";;"N";;"N";;"N";;"N";;"N";;"N";;"N";;"N";;"N";;"N";;"N"
"2025-11-05 13:30";;"N";;"N";;"N";;"N";;"N";;"N";;"N";;"N";;"N";;"N";;"N";;"N";;"N";;"N";;"N";;"N";;"N";;"N"
"2025-11-05 13:45";;"N";;"N";;"N";;"N";;"N";;"N";;"N";;"N";;"N";;"N";;"N";;"N";;"N";;"N";;"N";;"N";;"N";;"N"
"2025-11-05 14:00";;"N";;"N";;"N";;"N";;"N";;"N";;"N";;"N";;"N";;"N";;"N";;"N";;"N";;"N";;"N";;"N";;"N";;"N"
"2025-11-05 14:15";;"N";;"N";;"N";;"N";;"N";;"N";;"N";;"N";;"N";;"N";;"N";;"N";;"N";;"N";;"N";;"N";;"N";;"N"
"2025-11-05 14:30";;"N";;"N";;"N";;"N";;"N";;"N";;"N";;"N";;"N";;"N";;"N";;"N";;"N";;"N";;"N";;"N";;"N";;"N"
"2025-11-05 14:45";;"N";;"N";;"N";;"N";;"N";;"N";;"N";;"N";;"N";;"N";;"N";;"N";;"N";;"N";;"N";;"N";;"N";;"N"
"2025-11-05 15:00";;"N";;"N";;"N";;"N";;"N";;"N";;"N";;"N";;"N";;"N";;"N";;"N";;"N";;"N";;"N";;"N";;"N";;"N"
"2025-11-05 15:15";;"N";;"N";;"N";;"N";;"N";;"N";;"N";;"N";;"N";;"N";;"N";;"N";;"N";;"N";;"N";;"N";;"N";;"N"
"2025-11-05 15:30";;"N";;"N";;"N";;"N";;"N";;"N";;"N";;"N";;"N";;"N";;"N";;"N";;"N";;"N";;"N";;"N";;"N";;"N"
"2025-11-05 15:45";;"N";;"N";;"N";;"N";;"N";;"N";;"N";;"N";;"N";;"N";;"N";;"N";;"N";;"N";;"N";;"N";;"N";;"N"
"2025-11-05 16:00";;"N";;"N";;"N";;"N";;"N";;"N";;"N";;"N";;"N";;"N";;"N";;"N";;"N";;"N";;"N";;"N";;"N";;"N"
"2025-11-05 16:15";;"N";;"N";;"N";;"N";;"N";;"N";;"N";;"N";;"N";;"N";;"N";;"N";;"N";;"N";;"N";;"N";;"N";;"N"
"2025-11-05 16:30";;"N";;"N";;"N";;"N";;"N";;"N";;"N";;"N";;"N";;"N";;"N";;"N";;"N";;"N";;"N";;"N";;"N";;"N"
"2025-11-05 16:45";;"N";;"N";;"N";;"N";;"N";;"N";;"N";;"N";;"N";;"N";;"N";;"N";;"N";;"N";;"N";;"N";;"N";;"N"
"2025-11-05 17:00";;"N";;"N";;"N";;"N";;"N";;"N";;"N";;"N";;"N";;"N";;"N";;"N";;"N";;"N";;"N";;"N";;"N";;"N"
"2025-11-05 17:15";;"N";;"N";;"N";;"N";;"N";;"N";;"N";;"N";;"N";;"N";;"N";;"N";;"N";;"N";;"N";;"N";;"N";;"N"
"2025-11-05 17:30";;"N";;"N";;"N";;"N";;"N";;"N";;"N";;"N";;"N";;"N";;"N";;"N";;"N";;"N";;"N";;"N";;"N";;"N"
"2025-11-05 17:45";;"N";;"N";;"N";;"N";;"N";;"N";;"N";;"N";;"N";;"N";;"N";;"N";;"N";;"N";;"N";;"N";;"N";;"N"
"2025-11-05 18:00";;"N";;"N";;"N";;"N";;"N";;"N";;"N";;"N";;"N";;"N";;"N";;"N";;"N";;"N";;"N";;"N";;"N";;"N"
"2025-11-05 18:15";;"N";;"N";;"N";;"N";;"N";;"N";;"N";;"N";;"N";;"N";;"N";;"N";;"N";;"N";;"N";;"N";;"N";;"N"
"2025-11-05 18:30";;"N";;"N";;"N";;"N";;"N";;"N";;"N";;"N";;"N";;"N";;"N";;"N";;"N";;"N";;"N";;"N";;"N";;"N"
"2025-11-05 18:45";;"N";;"N";;"N";;"N";;"N";;"N";;"N";;"N";;"N";;"N";;"N";;"N";;"N";;"N";;"N";;"N";;"N";;"N"
"2025-11-05 19:00";;"N";;"N";;"N";;"N";;"N";;"N";;"N";;"N";;"N";;"N";;"N";;"N";;"N";;"N";;"N";;"N";;"N";;"N"
"2025-11-05 19:15";;"N";;"N";;"N";;"N";;"N";;"N";;"N";;"N";;"N";;"N";;"N";;"N";;"N";;"N";;"N";;"N";;"N";;"N"
"2025-11-05 19:30";;"N";;"N";;"N";;"N";;"N";;"N";;"N";;"N";;"N";;"N";;"N";;"N";;"N";;"N";;"N";;"N";;"N";;"N"
"2025-11-05 19:45";;"N";;"N";;"N";;"N";;"N";;"N";;"N";;"N";;"N";;"N";;"N";;"N";;"N";;"N";;"N";;"N";;"N";;"N"
"2025-11-05 20:00";;"N";;"N";;"N";;"N";;"N";;"N";;"N";;"N";;"N";;"N";;"N";;"N";;"N";;"N";;"N";;"N";;"N";;"N"
"2025-11-05 20:15";;"N";;"N";;"N";;"N";;"N";;"N";;"N";;"N";;"N";;"N";;"N";;"N";;"N";;"N";;"N";;"N";;"N";;"N"
"2025-11-05 20:30";;"N";;"N";;"N";;"N";;"N";;"N";;"N";;"N";;"N";;"N";;"N";;"N";;"N";;"N";;"N";;"N";;"N";;"N"
"2025-11-05 20:45";;"N";;"N";;"N";;"N";;"N";;"N";;"N";;"N";;"N";;"N";;"N";;"N";;"N";;"N";;"N";;"N";;"N";;"N"
"2025-11-05 21:00";;"N";;"N";;"N";;"N";;"N";;"N";;"N";;"N";;"N";;"N";;"N";;"N";;"N";;"N";;"N";;"N";;"N";;"N"
"2025-11-05 21:15";;"N";;"N";;"N";;"N";;"N";;"N";;"N";;"N";;"N";;"N";;"N";;"N";;"N";;"N";;"N";;"N";;"N";;"N"
"2025-11-05 21:30";;"N";;"N";;"N";;"N";;"N";;"N";;"N";;"N";;"N";;"N";;"N";;"N";;"N";;"N";;"N";;"N";;"N";;"N"
"2025-11-05 21:45";;"N";;"N";;"N";;"N";;"N";;"N";;"N";;"N";;"N";;"N";;"N";;"N";;"N";;"N";;"N";;"N";;"N";;"N"
"2025-11-05 22:00";;"N";;"N";;"N";;"N";;"N";;"N";;"N";;"N";;"N";;"N";;"N";;"N";;"N";;"N";;"N";;"N";;"N";;"N"
"2025-11-05 22:15";;"N";;"N";;"N";;"N";;"N";;"N";;"N";;"N";;"N";;"N";;"N";;"N";;"N";;"N";;"N";;"N";;"N";;"N"
"2025-11-05 22:30";;"N";;"N";;"N";;"N";;"N";;"N";;"N";;"N";;"N";;"N";;"N";;"N";;"N";;"N";;"N";;"N";;"N";;"N"
"2025-11-05 22:45";;"N";;"N";;"N";;"N";;"N";;"N";;"N";;"N";;"N";;"N";;"N";;"N";;"N";;"N";;"N";;"N";;"N";;"N"
"2025-11-05 23:00";;"N";;"N";;"N";;"N";;"N";;"N";;"N";;"N";;"N";;"N";;"N";;"N";;"N";;"N";;"N";;"N";;"N";;"N"
"2025-11-05 23:15";;"N";;"N";;"N";;"N";;"N";;"N";;"N";;"N";;"N";;"N";;"N";;"N";;"N";;"N";;"N";;"N";;"N";;"N"
"2025-11-05 23:30";;"N";;"N";;"N";;"N";;"N";;"N";;"N";;"N";;"N";;"N";;"N";;"N";;"N";;"N";;"N";;"N";;"N";;"N"
"2025-11-05 23:45";;"N";;"N";;"N";;"N";;"N";;"N";;"N";;"N";;"N";;"N";;"N";;"N";;"N";;"N";;"N";;"N";;"N";;"N"
"2025-11-06 00:00";;"N";;"N";;"N";;"N";;"N";;"N";;"N";;"N";;"N";;"N";;"N";;"N";;"N";;"N";;"N";;"N";;"N";;"N"
"2025-11-06 00:15";;"N";;"N";;"N";;"N";;"N";;"N";;"N";;"N";;"N";;"N";;"N";;"N";;"N";;"N";;"N";;"N";;"N";;"N"
"2025-11-06 00:30";;"N";;"N";;"N";;"N";;"N";;"N";;"N";;"N";;"N";;"N";;"N";;"N";;"N";;"N";;"N";;"N";;"N";;"N"
"2025-11-06 00:45";;"N";;"N";;"N";;"N";;"N";;"N";;"N";;"N";;"N";;"N";;"N";;"N";;"N";;"N";;"N";;"N";;"N";;"N"
"2025-11-06 01:00";;"N";;"N";;"N";;"N";;"N";;"N";;"N";;"N";;"N";;"N";;"N";;"N";;"N";;"N";;"N";;"N";;"N";;"N"
"2025-11-06 01:15";;"N";;"N";;"N";;"N";;"N";;"N";;"N";;"N";;"N";;"N";;"N";;"N";;"N";;"N";;"N";;"N";;"N";;"N"
"2025-11-06 01:30";;"N";;"N";;"N";;"N";;"N";;"N";;"N";;"N";;"N";;"N";;"N";;"N";;"N";;"N";;"N";;"N";;"N";;"N"
"2025-11-06 01:45";;"N";;"N";;"N";;"N";;"N";;"N";;"N";;"N";;"N";;"N";;"N";;"N";;"N";;"N";;"N";;"N";;"N";;"N"
"2025-11-06 02:00";;"N";;"N";;"N";;"N";;"N";;"N";;"N";;"N";;"N";;"N";;"N";;"N";;"N";;"N";;"N";;"N";;"N";;"N"
"2025-11-06 02:15";;"N";;"N";;"N";;"N";;"N";;"N";;"N";;"N";;"N";;"N";;"N";;"N";;"N";;"N";;"N";;"N";;"N";;"N"
"2025-11-06 02:30";;"N";;"N";;"N";;"N";;"N";;"N";;"N";;"N";;"N";;"N";;"N";;"N";;"N";;"N";;"N";;"N";;"N";;"N"
"2025-11-06 02:45";;"N";;"N";;"N";;"N";;"N";;"N";;"N";;"N";;"N";;"N";;"N";;"N";;"N";;"N";;"N";;"N";;"N";;"N"
"2025-11-06 03:00";;"N";;"N";;"N";;"N";;"N";;"N";;"N";;"N";;"N";;"N";;"N";;"N";;"N";;"N";;"N";;"N";;"N";;"N"
"2025-11-06 03:15";;"N";;"N";;"N";;"N";;"N";;"N";;"N";;"N";;"N";;"N";;"N";;"N";;"N";;"N";;"N";;"N";;"N";;"N"
"2025-11-06 03:30";;"N";;"N";;"N";;"N";;"N";;"N";;"N";;"N";;"N";;"N";;"N";;"N";;"N";;"N";;"N";;"N";;"N";;"N"
"2025-11-06 03:45";;"N";;"N";;"N";;"N";;"N";;"N";;"N";;"N";;"N";;"N";;"N";;"N";;"N";;"N";;"N";;"N";;"N";;"N"
"2025-11-06 04:00";;"N";;"N";;"N";;"N";;"N";;"N";;"N";;"N";;"N";;"N";;"N";;"N";;"N";;"N";;"N";;"N";;"N";;"N"
"2025-11-06 04:15";;"N";;"N";;"N";;"N";;"N";;"N";;"N";;"N";;"N";;"N";;"N";;"N";;"N";;"N";;"N";;"N";;"N";;"N"
"2025-11-06 04:30";;"N";;"N";;"N";;"N";;"N";;"N";;"N";;"N";;"N";;"N";;"N";;"N";;"N";;"N";;"N";;"N";;"N";;"N"
"2025-11-06 04:45";;"N";;"N";;"N";;"N";;"N";;"N";;"N";;"N";;"N";;"N";;"N";;"N";;"N";;"N";;"N";;"N";;"N";;"N"
"2025-11-06 05:00";;"N";;"N";;"N";;"N";;"N";;"N";;"N";;"N";;"N";;"N";;"N";;"N";;"N";;"N";;"N";;"N";;"N";;"N"
"2025-11-06 05:15";;"N";;"N";;"N";;"N";;"N";;"N";;"N";;"N";;"N";;"N";;"N";;"N";;"N";;"N";;"N";;"N";;"N";;"N"
"2025-11-06 05:30";;"N";;"N";;"N";;"N";;"N";;"N";;"N";;"N";;"N";;"N";;"N";;"N";;"N";;"N";;"N";;"N";;"N";;"N"
"2025-11-06 05:45";;"N";;"N";;"N";;"N";;"N";;"N";;"N";;"N";;"N";;"N";;"N";;"N";;"N";;"N";;"N";;"N";;"N";;"N"
"2025-11-06 06:00";;"N";;"N";;"N";;"N";;"N";;"N";;"N";;"N";;"N";;"N";;"N";;"N";;"N";;"N";;"N";;"N";;"N";;"N"
"2025-11-06 06:15";;"N";;"N";;"N";;"N";;"N";;"N";;"N";;"N";;"N";;"N";;"N";;"N";;"N";;"N";;"N";;"N";;"N";;"N"
"2025-11-06 06:30";;"N";;"N";;"N";;"N";;"N";;"N";;"N";;"N";;"N";;"N";;"N";;"N";;"N";;"N";;"N";;"N";;"N";;"N"
"2025-11-06 06:45";;"N";;"N";;"N";;"N";;"N";;"N";;"N";;"N";;"N";;"N";;"N";;"N";;"N";;"N";;"N";;"N";;"N";;"N"
"2025-11-06 07:00";;"N";;"N";;"N";;"N";;"N";;"N";;"N";;"N";;"N";;"N";;"N";;"N";;"N";;"N";;"N";;"N";;"N";;"N"
"2025-11-06 07:15";;"N";;"N";;"N";;"N";;"N";;"N";;"N";;"N";;"N";;"N";;"N";;"N";;"N";;"N";;"N";;"N";;"N";;"N"
"2025-11-06 07:30";;"N";;"N";;"N";;"N";;"N";;"N";;"N";;"N";;"N";;"N";;"N";;"N";;"N";;"N";;"N";;"N";;"N";;"N"
"2025-11-06 07:45";;"N";;"N";;"N";;"N";;"N";;"N";;"N";;"N";;"N";;"N";;"N";;"N";;"N";;"N";;"N";;"N";;"N";;"N"
"2025-11-06 08:00";;"N";;"N";;"N";;"N";;"N";;"N";;"N";;"N";;"N";;"N";;"N";;"N";;"N";;"N";;"N";;"N";;"N";;"N"
"2025-11-06 08:15";;"N";;"N";;"N";;"N";;"N";;"N";;"N";;"N";;"N";;"N";;"N";;"N";;"N";;"N";;"N";;"N";;"N";;"N"
"2025-11-06 08:30";;"N";;"N";;"N";;"N";;"N";;"N";;"N";;"N";;"N";;"N";;"N";;"N";;"N";;"N";;"N";;"N";;"N";;"N"
"2025-11-06 08:45";;"N";;"N";;"N";;"N";;"N";;"N";;"N";;"N";;"N";;"N";;"N";;"N";;"N";;"N";;"N";;"N";;"N";;"N"
"2025-11-06 09:00";;"N";;"N";;"N";;"N";;"N";;"N";;"N";;"N";;"N";;"N";;"N";;"N";;"N";;"N";;"N";;"N";;"N";;"N"
"2025-11-06 09:15";;"N";;"N";;"N";;"N";;"N";;"N";;"N";;"N";;"N";;"N";;"N";;"N";;"N";;"N";;"N";;"N";;"N";;"N"
"2025-11-06 09:30";;"N";;"N";;"N";;"N";;"N";;"N";;"N";;"N";;"N";;"N";;"N";;"N";;"N";;"N";;"N";;"N";;"N";;"N"
"2025-11-06 09:45";;"N";;"N";;"N";;"N";;"N";;"N";;"N";;"N";;"N";;"N";;"N";;"N";;"N";;"N";;"N";;"N";;"N";;"N"
"2025-11-06 10:00";;"N";;"N";;"N";;"N";;"N";;"N";;"N";;"N";;"N";;"N";;"N";;"N";;"N";;"N";;"N";;"N";;"N";;"N"
"2025-11-06 10:15";;"N";;"N";;"N";;"N";;"N";;"N";;"N";;"N";;"N";;"N";;"N";;"N";;"N";;"N";;"N";;"N";;"N";;"N"
"2025-11-06 10:30";;"N";;"N";;"N";;"N";;"N";;"N";;"N";;"N";;"N";;"N";;"N";;"N";;"N";;"N";;"N";;"N";;"N";;"N"
"2025-11-06 10:45";;"N";;"N";;"N";;"N";;"N";;"N";;"N";;"N";;"N";;"N";;"N";;"N";;"N";;"N";;"N";;"N";;"N";;"N"
"2025-11-06 11:00";;"N";;"N";;"N";;"N";;"N";;"N";;"N";;"N";;"N";;"N";;"N";;"N";;"N";;"N";;"N";;"N";;"N";;"N"
"2025-11-06 11:15";;"N";;"N";;"N";;"N";;"N";;"N";;"N";;"N";;"N";;"N";;"N";;"N";;"N";;"N";;"N";;"N";;"N";;"N"
"2025-11-06 11:30";;"N";;"N";;"N";;"N";;"N";;"N";;"N";;"N";;"N";;"N";;"N";;"N";;"N";;"N";;"N";;"N";;"N";;"N"
"2025-11-06 11:45";;"N";;"N";;"N";;"N";;"N";;"N";;"N";;"N";;"N";;"N";;"N";;"N";;"N";;"N";;"N";;"N";;"N";;"N"
"2025-11-06 12:00";;"N";;"N";;"N";;"N";;"N";;"N";;"N";;"N";;"N";;"N";;"N";;"N";;"N";;"N";;"N";;"N";;"N";;"N"
"2025-11-06 12:15";;"N";;"N";;"N";;"N";;"N";;"N";;"N";;"N";;"N";;"N";;"N";;"N";;"N";;"N";;"N";;"N";;"N";;"N"
"2025-11-06 12:30";;"N";;"N";;"N";;"N";;"N";;"N";;"N";;"N";;"N";;"N";;"N";;"N";;"N";;"N";;"N";;"N";;"N";;"N"
"2025-11-06 12:45";;"N";;"N";;"N";;"N";;"N";;"N";;"N";;"N";;"N";;"N";;"N";;"N";;"N";;"N";;"N";;"N";;"N";;"N"
"2025-11-06 13:00";;"N";;"N";;"N";;"N";;"N";;"N";;"N";;"N";;"N";;"N";;"N";;"N";;"N";;"N";;"N";;"N";;"N";;"N"
"2025-11-06 13:15";;"N";;"N";;"N";;"N";;"N";;"N";;"N";;"N";;"N";;"N";;"N";;"N";;"N";;"N";;"N";;"N";;"N";;"N"
"2025-11-06 13:30";;"N";;"N";;"N";;"N";;"N";;"N";;"N";;"N";;"N";;"N";;"N";;"N";;"N";;"N";;"N";;"N";;"N";;"N"
"2025-11-06 13:45";;"N";;"N";;"N";;"N";;"N";;"N";;"N";;"N";;"N";;"N";;"N";;"N";;"N";;"N";;"N";;"N";;"N";;"N"
"2025-11-06 14:00";;"N";;"N";;"N";;"N";;"N";;"N";;"N";;"N";;"N";;"N";;"N";;"N";;"N";;"N";;"N";;"N";;"N";;"N"
"2025-11-06 14:15";;"N";;"N";;"N";;"N";;"N";;"N";;"N";;"N";;"N";;"N";;"N";;"N";;"N";;"N";;"N";;"N";;"N";;"N"
"2025-11-06 14:30";;"N";;"N";;"N";;"N";;"N";;"N";;"N";;"N";;"N";;"N";;"N";;"N";;"N";;"N";;"N";;"N";;"N";;"N"
"2025-11-06 14:45";;"N";;"N";;"N";;"N";;"N";;"N";;"N";;"N";;"N";;"N";;"N";;"N";;"N";;"N";;"N";;"N";;"N";;"N"
"2025-11-06 15:00";;"N";;"N";;"N";;"N";;"N";;"N";;"N";;"N";;"N";;"N";;"N";;"N";;"N";;"N";;"N";;"N";;"N";;"N"
"2025-11-06 15:15";;"N";;"N";;"N";;"N";;"N";;"N";;"N";;"N";;"N";;"N";;"N";;"N";;"N";;"N";;"N";;"N";;"N";;"N"
"2025-11-06 15:30";;"N";;"N";;"N";;"N";;"N";;"N";;"N";;"N";;"N";;"N";;"N";;"N";;"N";;"N";;"N";;"N";;"N";;"N"
"2025-11-06 15:45";;"N";;"N";;"N";;"N";;"N";;"N";;"N";;"N";;"N";;"N";;"N";;"N";;"N";;"N";;"N";;"N";;"N";;"N"
"2025-11-06 16:00";;"N";;"N";;"N";;"N";;"N";;"N";;"N";;"N";;"N";;"N";;"N";;"N";;"N";;"N";;"N";;"N";;"N";;"N"
"2025-11-06 16:15";;"N";;"N";;"N";;"N";;"N";;"N";;"N";;"N";;"N";;"N";;"N";;"N";;"N";;"N";;"N";;"N";;"N";;"N"
"2025-11-06 16:30";;"N";;"N";;"N";;"N";;"N";;"N";;"N";;"N";;"N";;"N";;"N";;"N";;"N";;"N";;"N";;"N";;"N";;"N"
"2025-11-06 16:45";;"N";;"N";;"N";;"N";;"N";;"N";;"N";;"N";;"N";;"N";;"N";;"N";;"N";;"N";;"N";;"N";;"N";;"N"
"2025-11-06 17:00";;"N";;"N";;"N";;"N";;"N";;"N";;"N";;"N";;"N";;"N";;"N";;"N";;"N";;"N";;"N";;"N";;"N";;"N"
"2025-11-06 17:15";;"N";;"N";;"N";;"N";;"N";;"N";;"N";;"N";;"N";;"N";;"N";;"N";;"N";;"N";;"N";;"N";;"N";;"N"
"2025-11-06 17:30";;"N";;"N";;"N";;"N";;"N";;"N";;"N";;"N";;"N";;"N";;"N";;"N";;"N";;"N";;"N";;"N";;"N";;"N"
"2025-11-06 17:45";;"N";;"N";;"N";;"N";;"N";;"N";;"N";;"N";;"N";;"N";;"N";;"N";;"N";;"N";;"N";;"N";;"N";;"N"
"2025-11-06 18:00";;"N";;"N";;"N";;"N";;"N";;"N";;"N";;"N";;"N";;"N";;"N";;"N";;"N";;"N";;"N";;"N";;"N";;"N"
"2025-11-06 18:15";;"N";;"N";;"N";;"N";;"N";;"N";;"N";;"N";;"N";;"N";;"N";;"N";;"N";;"N";;"N";;"N";;"N";;"N"
"2025-11-06 18:30";;"N";;"N";;"N";;"N";;"N";;"N";;"N";;"N";;"N";;"N";;"N";;"N";;"N";;"N";;"N";;"N";;"N";;"N"
"2025-11-06 18:45";;"N";;"N";;"N";;"N";;"N";;"N";;"N";;"N";;"N";;"N";;"N";;"N";;"N";;"N";;"N";;"N";;"N";;"N"
"2025-11-06 19:00";;"N";;"N";;"N";;"N";;"N";;"N";;"N";;"N";;"N";;"N";;"N";;"N";;"N";;"N";;"N";;"N";;"N";;"N"
"2025-11-06 19:15";;"N";;"N";;"N";;"N";;"N";;"N";;"N";;"N";;"N";;"N";;"N";;"N";;"N";;"N";;"N";;"N";;"N";;"N"
"2025-11-06 19:30";;"N";;"N";;"N";;"N";;"N";;"N";;"N";;"N";;"N";;"N";;"N";;"N";;"N";;"N";;"N";;"N";;"N";;"N"
"2025-11-06 19:45";;"N";;"N";;"N";;"N";;"N";;"N";;"N";;"N";;"N";;"N";;"N";;"N";;"N";;"N";;"N";;"N";;"N";;"N"
"2025-11-06 20:00";;"N";;"N";;"N";;"N";;"N";;"N";;"N";;"N";;"N";;"N";;"N";;"N";;"N";;"N";;"N";;"N";;"N";;"N"
"2025-11-06 20:15";;"N";;"N";;"N";;"N";;"N";;"N";;"N";;"N";;"N";;"N";;"N";;"N";;"N";;"N";;"N";;"N";;"N";;"N"
"2025-11-06 20:30";;"N";;"N";;"N";;"N";;"N";;"N";;"N";;"N";;"N";;"N";;"N";;"N";;"N";;"N";;"N";;"N";;"N";;"N"
"2025-11-06 20:45";;"N";;"N";;"N";;"N";;"N";;"N";;"N";;"N";;"N";;"N";;"N";;"N";;"N";;"N";;"N";;"N";;"N";;"N"
"2025-11-06 21:00";;"N";;"N";;"N";;"N";;"N";;"N";;"N";;"N";;"N";;"N";;"N";;"N";;"N";;"N";;"N";;"N";;"N";;"N"
"2025-11-06 21:15";;"N";;"N";;"N";;"N";;"N";;"N";;"N";;"N";;"N";;"N";;"N";;"N";;"N";;"N";;"N";;"N";;"N";;"N"
"2025-11-06 21:30";;"N";;"N";;"N";;"N";;"N";;"N";;"N";;"N";;"N";;"N";;"N";;"N";;"N";;"N";;"N";;"N";;"N";;"N"
"2025-11-06 21:45";;"N";;"N";;"N";;"N";;"N";;"N";;"N";;"N";;"N";;"N";;"N";;"N";;"N";;"N";;"N";;"N";;"N";;"N"
"2025-11-06 22:00";;"N";;"N";;"N";;"N";;"N";;"N";;"N";;"N";;"N";;"N";;"N";;"N";;"N";;"N";;"N";;"N";;"N";;"N"
"2025-11-06 22:15";;"N";;"N";;"N";;"N";;"N";;"N";;"N";;"N";;"N";;"N";;"N";;"N";;"N";;"N";;"N";;"N";;"N";;"N"
"2025-11-06 22:30";;"N";;"N";;"N";;"N";;"N";;"N";;"N";;"N";;"N";;"N";;"N";;"N";;"N";;"N";;"N";;"N";;"N";;"N"
"2025-11-06 22:45";;"N";;"N";;"N";;"N";;"N";;"N";;"N";;"N";;"N";;"N";;"N";;"N";;"N";;"N";;"N";;"N";;"N";;"N"
"2025-11-06 23:00";;"N";;"N";;"N";;"N";;"N";;"N";;"N";;"N";;"N";;"N";;"N";;"N";;"N";;"N";;"N";;"N";;"N";;"N"
"2025-11-06 23:15";;"N";;"N";;"N";;"N";;"N";;"N";;"N";;"N";;"N";;"N";;"N";;"N";;"N";;"N";;"N";;"N";;"N";;"N"
"2025-11-06 23:30";;"N";;"N";;"N";;"N";;"N";;"N";;"N";;"N";;"N";;"N";;"N";;"N";;"N";;"N";;"N";;"N";;"N";;"N"
"2025-11-06 23:45";;"N";;"N";;"N";;"N";;"N";;"N";;"N";;"N";;"N";;"N";;"N";;"N";;"N";;"N";;"N";;"N";;"N";;"N"
"2025-11-07 00:00";;"N";;"N";;"N";;"N";;"N";;"N";;"N";;"N";;"N";;"N";;"N";;"N";;"N";;"N";;"N";;"N";;"N";;"N"
"2025-11-07 00:15";;"N";;"N";;"N";;"N";;"N";;"N";;"N";;"N";;"N";;"N";;"N";;"N";;"N";;"N";;"N";;"N";;"N";;"N"
"2025-11-07 00:30";;"N";;"N";;"N";;"N";;"N";;"N";;"N";;"N";;"N";;"N";;"N";;"N";;"N";;"N";;"N";;"N";;"N";;"N"
"2025-11-07 00:45";;"N";;"N";;"N";;"N";;"N";;"N";;"N";;"N";;"N";;"N";;"N";;"N";;"N";;"N";;"N";;"N";;"N";;"N"
"2025-11-07 01:00";;"N";;"N";;"N";;"N";;"N";;"N";;"N";;"N";;"N";;"N";;"N";;"N";;"N";;"N";;"N";;"N";;"N";;"N"
"2025-11-07 01:15";;"N";;"N";;"N";;"N";;"N";;"N";;"N";;"N";;"N";;"N";;"N";;"N";;"N";;"N";;"N";;"N";;"N";;"N"
"2025-11-07 01:30";;"N";;"N";;"N";;"N";;"N";;"N";;"N";;"N";;"N";;"N";;"N";;"N";;"N";;"N";;"N";;"N";;"N";;"N"
"2025-11-07 01:45";;"N";;"N";;"N";;"N";;"N";;"N";;"N";;"N";;"N";;"N";;"N";;"N";;"N";;"N";;"N";;"N";;"N";;"N"
"2025-11-07 02:00";;"N";;"N";;"N";;"N";;"N";;"N";;"N";;"N";;"N";;"N";;"N";;"N";;"N";;"N";;"N";;"N";;"N";;"N"
"2025-11-07 02:15";;"N";;"N";;"N";;"N";;"N";;"N";;"N";;"N";;"N";;"N";;"N";;"N";;"N";;"N";;"N";;"N";;"N";;"N"
"2025-11-07 02:30";;"N";;"N";;"N";;"N";;"N";;"N";;"N";;"N";;"N";;"N";;"N";;"N";;"N";;"N";;"N";;"N";;"N";;"N"
"2025-11-07 02:45";;"N";;"N";;"N";;"N";;"N";;"N";;"N";;"N";;"N";;"N";;"N";;"N";;"N";;"N";;"N";;"N";;"N";;"N"
"2025-11-07 03:00";;"N";;"N";;"N";;"N";;"N";;"N";;"N";;"N";;"N";;"N";;"N";;"N";;"N";;"N";;"N";;"N";;"N";;"N"
"2025-11-07 03:15";;"N";;"N";;"N";;"N";;"N";;"N";;"N";;"N";;"N";;"N";;"N";;"N";;"N";;"N";;"N";;"N";;"N";;"N"
"2025-11-07 03:30";;"N";;"N";;"N";;"N";;"N";;"N";;"N";;"N";;"N";;"N";;"N";;"N";;"N";;"N";;"N";;"N";;"N";;"N"
"2025-11-07 03:45";;"N";;"N";;"N";;"N";;"N";;"N";;"N";;"N";;"N";;"N";;"N";;"N";;"N";;"N";;"N";;"N";;"N";;"N"
"2025-11-07 04:00";;"N";;"N";;"N";;"N";;"N";;"N";;"N";;"N";;"N";;"N";;"N";;"N";;"N";;"N";;"N";;"N";;"N";;"N"
"2025-11-07 04:15";;"N";;"N";;"N";;"N";;"N";;"N";;"N";;"N";;"N";;"N";;"N";;"N";;"N";;"N";;"N";;"N";;"N";;"N"
"2025-11-07 04:30";;"N";;"N";;"N";;"N";;"N";;"N";;"N";;"N";;"N";;"N";;"N";;"N";;"N";;"N";;"N";;"N";;"N";;"N"
"2025-11-07 04:45";;"N";;"N";;"N";;"N";;"N";;"N";;"N";;"N";;"N";;"N";;"N";;"N";;"N";;"N";;"N";;"N";;"N";;"N"
"2025-11-07 05:00";;"N";;"N";;"N";;"N";;"N";;"N";;"N";;"N";;"N";;"N";;"N";;"N";;"N";;"N";;"N";;"N";;"N";;"N"
"2025-11-07 05:15";;"N";;"N";;"N";;"N";;"N";;"N";;"N";;"N";;"N";;"N";;"N";;"N";;"N";;"N";;"N";;"N";;"N";;"N"
"2025-11-07 05:30";;"N";;"N";;"N";;"N";;"N";;"N";;"N";;"N";;"N";;"N";;"N";;"N";;"N";;"N";;"N";;"N";;"N";;"N"
"2025-11-07 05:45";;"N";;"N";;"N";;"N";;"N";;"N";;"N";;"N";;"N";;"N";;"N";;"N";;"N";;"N";;"N";;"N";;"N";;"N"
"2025-11-07 06:00";;"N";;"N";;"N";;"N";;"N";;"N";;"N";;"N";;"N";;"N";;"N";;"N";;"N";;"N";;"N";;"N";;"N";;"N"
"2025-11-07 06:15";;"N";;"N";;"N";;"N";;"N";;"N";;"N";;"N";;"N";;"N";;"N";;"N";;"N";;"N";;"N";;"N";;"N";;"N"
"2025-11-07 06:30";;"N";;"N";;"N";;"N";;"N";;"N";;"N";;"N";;"N";;"N";;"N";;"N";;"N";;"N";;"N";;"N";;"N";;"N"
"2025-11-07 06:45";;"N";;"N";;"N";;"N";;"N";;"N";;"N";;"N";;"N";;"N";;"N";;"N";;"N";;"N";;"N";;"N";;"N";;"N"
"2025-11-07 07:00";;"N";;"N";;"N";;"N";;"N";;"N";;"N";;"N";;"N";;"N";;"N";;"N";;"N";;"N";;"N";;"N";;"N";;"N"
"2025-11-07 07:15";;"N";;"N";;"N";;"N";;"N";;"N";;"N";;"N";;"N";;"N";;"N";;"N";;"N";;"N";;"N";;"N";;"N";;"N"
"2025-11-07 07:30";;"N";;"N";;"N";;"N";;"N";;"N";;"N";;"N";;"N";;"N";;"N";;"N";;"N";;"N";;"N";;"N";;"N";;"N"
"2025-11-07 07:45";;"N";;"N";;"N";;"N";;"N";;"N";;"N";;"N";;"N";;"N";;"N";;"N";;"N";;"N";;"N";;"N";;"N";;"N"
"2025-11-07 08:00";;"N";;"N";;"N";;"N";;"N";;"N";;"N";;"N";;"N";;"N";;"N";;"N";;"N";;"N";;"N";;"N";;"N";;"N"
"2025-11-07 08:15";;"N";;"N";;"N";;"N";;"N";;"N";;"N";;"N";;"N";;"N";;"N";;"N";;"N";;"N";;"N";;"N";;"N";;"N"
"2025-11-07 08:30";;"N";;"N";;"N";;"N";;"N";;"N";;"N";;"N";;"N";;"N";;"N";;"N";;"N";;"N";;"N";;"N";;"N";;"N"
"2025-11-07 08:45";;"N";;"N";;"N";;"N";;"N";;"N";;"N";;"N";;"N";;"N";;"N";;"N";;"N";;"N";;"N";;"N";;"N";;"N"
"2025-11-07 09:00";;"N";;"N";;"N";;"N";;"N";;"N";;"N";;"N";;"N";;"N";;"N";;"N";;"N";;"N";;"N";;"N";;"N";;"N"
"2025-11-07 09:15";;"N";;"N";;"N";;"N";;"N";;"N";;"N";;"N";;"N";;"N";;"N";;"N";;"N";;"N";;"N";;"N";;"N";;"N"
"2025-11-07 09:30";;"N";;"N";;"N";;"N";;"N";;"N";;"N";;"N";;"N";;"N";;"N";;"N";;"N";;"N";;"N";;"N";;"N";;"N"
"2025-11-07 09:45";;"N";;"N";;"N";;"N";;"N";;"N";;"N";;"N";;"N";;"N";;"N";;"N";;"N";;"N";;"N";;"N";;"N";;"N"
"2025-11-07 10:00";;"N";;"N";;"N";;"N";;"N";;"N";;"N";;"N";;"N";;"N";;"N";;"N";;"N";;"N";;"N";;"N";;"N";;"N"
"2025-11-07 10:15";;"N";;"N";;"N";;"N";;"N";;"N";;"N";;"N";;"N";;"N";;"N";;"N";;"N";;"N";;"N";;"N";;"N";;"N"
"2025-11-07 10:30";;"N";;"N";;"N";;"N";;"N";;"N";;"N";;"N";;"N";;"N";;"N";;"N";;"N";;"N";;"N";;"N";;"N";;"N"
"2025-11-07 10:45";;"N";;"N";;"N";;"N";;"N";;"N";;"N";;"N";;"N";;"N";;"N";;"N";;"N";;"N";;"N";;"N";;"N";;"N"
"2025-11-07 11:00";;"N";;"N";;"N";;"N";;"N";;"N";;"N";;"N";;"N";;"N";;"N";;"N";;"N";;"N";;"N";;"N";;"N";;"N"
"2025-11-07 11:15";;"N";;"N";;"N";;"N";;"N";;"N";;"N";;"N";;"N";;"N";;"N";;"N";;"N";;"N";;"N";;"N";;"N";;"N"
"2025-11-07 11:30";;"N";;"N";;"N";;"N";;"N";;"N";;"N";;"N";;"N";;"N";;"N";;"N";;"N";;"N";;"N";;"N";;"N";;"N"
"2025-11-07 11:45";;"N";;"N";;"N";;"N";;"N";;"N";;"N";;"N";;"N";;"N";;"N";;"N";;"N";;"N";;"N";;"N";;"N";;"N"
"2025-11-07 12:00";;"N";;"N";;"N";;"N";;"N";;"N";;"N";;"N";;"N";;"N";;"N";;"N";;"N";;"N";;"N";;"N";;"N";;"N"
"2025-11-07 12:15";;"N";;"N";;"N";;"N";;"N";;"N";;"N";;"N";;"N";;"N";;"N";;"N";;"N";;"N";;"N";;"N";;"N";;"N"
"2025-11-07 12:30";;"N";;"N";;"N";;"N";;"N";;"N";;"N";;"N";;"N";;"N";;"N";;"N";;"N";;"N";;"N";;"N";;"N";;"N"
"2025-11-07 12:45";;"N";;"N";;"N";;"N";;"N";;"N";;"N";;"N";;"N";;"N";;"N";;"N";;"N";;"N";;"N";;"N";;"N";;"N"
"2025-11-07 13:00";;"N";;"N";;"N";;"N";;"N";;"N";;"N";;"N";;"N";;"N";;"N";;"N";;"N";;"N";;"N";;"N";;"N";;"N"
"2025-11-07 13:15";;"N";;"N";;"N";;"N";;"N";;"N";;"N";;"N";;"N";;"N";;"N";;"N";;"N";;"N";;"N";;"N";;"N";;"N"
"2025-11-07 13:30";;"N";;"N";;"N";;"N";;"N";;"N";;"N";;"N";;"N";;"N";;"N";;"N";;"N";;"N";;"N";;"N";;"N";;"N"
"2025-11-07 13:45";;"N";;"N";;"N";;"N";;"N";;"N";;"N";;"N";;"N";;"N";;"N";;"N";;"N";;"N";;"N";;"N";;"N";;"N"
"2025-11-07 14:00";;"N";;"N";;"N";;"N";;"N";;"N";;"N";;"N";;"N";;"N";;"N";;"N";;"N";;"N";;"N";;"N";;"N";;"N"
"2025-11-07 14:15";;"N";;"N";;"N";;"N";;"N";;"N";;"N";;"N";;"N";;"N";;"N";;"N";;"N";;"N";;"N";;"N";;"N";;"N"
"2025-11-07 14:30";;"N";;"N";;"N";;"N";;"N";;"N";;"N";;"N";;"N";;"N";;"N";;"N";;"N";;"N";;"N";;"N";;"N";;"N"
"2025-11-07 14:45";;"N";;"N";;"N";;"N";;"N";;"N";;"N";;"N";;"N";;"N";;"N";;"N";;"N";;"N";;"N";;"N";;"N";;"N"
"2025-11-07 15:00";;"N";;"N";;"N";;"N";;"N";;"N";;"N";;"N";;"N";;"N";;"N";;"N";;"N";;"N";;"N";;"N";;"N";;"N"
"2025-11-07 15:15";;"N";;"N";;"N";;"N";;"N";;"N";;"N";;"N";;"N";;"N";;"N";;"N";;"N";;"N";;"N";;"N";;"N";;"N"
"2025-11-07 15:30";;"N";;"N";;"N";;"N";;"N";;"N";;"N";;"N";;"N";;"N";;"N";;"N";;"N";;"N";;"N";;"N";;"N";;"N"
"2025-11-07 15:45";;"N";;"N";;"N";;"N";;"N";;"N";;"N";;"N";;"N";;"N";;"N";;"N";;"N";;"N";;"N";;"N";;"N";;"N"
"2025-11-07 16:00";;"N";;"N";;"N";;"N";;"N";;"N";;"N";;"N";;"N";;"N";;"N";;"N";;"N";;"N";;"N";;"N";;"N";;"N"
"2025-11-07 16:15";;"N";;"N";;"N";;"N";;"N";;"N";;"N";;"N";;"N";;"N";;"N";;"N";;"N";;"N";;"N";;"N";;"N";;"N"
"2025-11-07 16:30";;"N";;"N";;"N";;"N";;"N";;"N";;"N";;"N";;"N";;"N";;"N";;"N";;"N";;"N";;"N";;"N";;"N";;"N"
"2025-11-07 16:45";;"N";;"N";;"N";;"N";;"N";;"N";;"N";;"N";;"N";;"N";;"N";;"N";;"N";;"N";;"N";;"N";;"N";;"N"
"2025-11-07 17:00";;"N";;"N";;"N";;"N";;"N";;"N";;"N";;"N";;"N";;"N";;"N";;"N";;"N";;"N";;"N";;"N";;"N";;"N"
"2025-11-07 17:15";;"N";;"N";;"N";;"N";;"N";;"N";;"N";;"N";;"N";;"N";;"N";;"N";;"N";;"N";;"N";;"N";;"N";;"N"
"2025-11-07 17:30";;"N";;"N";;"N";;"N";;"N";;"N";;"N";;"N";;"N";;"N";;"N";;"N";;"N";;"N";;"N";;"N";;"N";;"N"
"2025-11-07 17:45";;"N";;"N";;"N";;"N";;"N";;"N";;"N";;"N";;"N";;"N";;"N";;"N";;"N";;"N";;"N";;"N";;"N";;"N"
"2025-11-07 18:00";;"N";;"N";;"N";;"N";;"N";;"N";;"N";;"N";;"N";;"N";;"N";;"N";;"N";;"N";;"N";;"N";;"N";;"N"
"2025-11-07 18:15";;"N";;"N";;"N";;"N";;"N";;"N";;"N";;"N";;"N";;"N";;"N";;"N";;"N";;"N";;"N";;"N";;"N";;"N"
"2025-11-07 18:30";;"N";;"N";;"N";;"N";;"N";;"N";;"N";;"N";;"N";;"N";;"N";;"N";;"N";;"N";;"N";;"N";;"N";;"N"
"2025-11-07 18:45";;"N";;"N";;"N";;"N";;"N";;"N";;"N";;"N";;"N";;"N";;"N";;"N";;"N";;"N";;"N";;"N";;"N";;"N"
"2025-11-07 19:00";;"N";;"N";;"N";;"N";;"N";;"N";;"N";;"N";;"N";;"N";;"N";;"N";;"N";;"N";;"N";;"N";;"N";;"N"
"2025-11-07 19:15";;"N";;"N";;"N";;"N";;"N";;"N";;"N";;"N";;"N";;"N";;"N";;"N";;"N";;"N";;"N";;"N";;"N";;"N"
"2025-11-07 19:30";;"N";;"N";;"N";;"N";;"N";;"N";;"N";;"N";;"N";;"N";;"N";;"N";;"N";;"N";;"N";;"N";;"N";;"N"
"2025-11-07 19:45";;"N";;"N";;"N";;"N";;"N";;"N";;"N";;"N";;"N";;"N";;"N";;"N";;"N";;"N";;"N";;"N";;"N";;"N"
"2025-11-07 20:00";;"N";;"N";;"N";;"N";;"N";;"N";;"N";;"N";;"N";;"N";;"N";;"N";;"N";;"N";;"N";;"N";;"N";;"N"
"2025-11-07 20:15";;"N";;"N";;"N";;"N";;"N";;"N";;"N";;"N";;"N";;"N";;"N";;"N";;"N";;"N";;"N";;"N";;"N";;"N"
"2025-11-07 20:30";;"N";;"N";;"N";;"N";;"N";;"N";;"N";;"N";;"N";;"N";;"N";;"N";;"N";;"N";;"N";;"N";;"N";;"N"
"2025-11-07 20:45";;"N";;"N";;"N";;"N";;"N";;"N";;"N";;"N";;"N";;"N";;"N";;"N";;"N";;"N";;"N";;"N";;"N";;"N"
"2025-11-07 21:00";;"N";;"N";;"N";;"N";;"N";;"N";;"N";;"N";;"N";;"N";;"N";;"N";;"N";;"N";;"N";;"N";;"N";;"N"
"2025-11-07 21:15";;"N";;"N";;"N";;"N";;"N";;"N";;"N";;"N";;"N";;"N";;"N";;"N";;"N";;"N";;"N";;"N";;"N";;"N"
"2025-11-07 21:30";;"N";;"N";;"N";;"N";;"N";;"N";;"N";;"N";;"N";;"N";;"N";;"N";;"N";;"N";;"N";;"N";;"N";;"N"
"2025-11-07 21:45";;"N";;"N";;"N";;"N";;"N";;"N";;"N";;"N";;"N";;"N";;"N";;"N";;"N";;"N";;"N";;"N";;"N";;"N"
"2025-11-07 22:00";;"N";;"N";;"N";;"N";;"N";;"N";;"N";;"N";;"N";;"N";;"N";;"N";;"N";;"N";;"N";;"N";;"N";;"N"
"2025-11-07 22:15";;"N";;"N";;"N";;"N";;"N";;"N";;"N";;"N";;"N";;"N";;"N";;"N";;"N";;"N";;"N";;"N";;"N";;"N"
"2025-11-07 22:30";;"N";;"N";;"N";;"N";;"N";;"N";;"N";;"N";;"N";;"N";;"N";;"N";;"N";;"N";;"N";;"N";;"N";;"N"
"2025-11-07 22:45";;"N";;"N";;"N";;"N";;"N";;"N";;"N";;"N";;"N";;"N";;"N";;"N";;"N";;"N";;"N";;"N";;"N";;"N"
"2025-11-07 23:00";;"N";;"N";;"N";;"N";;"N";;"N";;"N";;"N";;"N";;"N";;"N";;"N";;"N";;"N";;"N";;"N";;"N";;"N"
"2025-11-07 23:15";;"N";;"N";;"N";;"N";;"N";;"N";;"N";;"N";;"N";;"N";;"N";;"N";;"N";;"N";;"N";;"N";;"N";;"N"
"2025-11-07 23:30";;"N";;"N";;"N";;"N";;"N";;"N";;"N";;"N";;"N";;"N";;"N";;"N";;"N";;"N";;"N";;"N";;"N";;"N"
"2025-11-07 23:45";;"N";;"N";;"N";;"N";;"N";;"N";;"N";;"N";;"N";;"N";;"N";;"N";;"N";;"N";;"N";;"N";;"N";;"N"
"2025-11-08 00:00";;"N";;"N";;"N";;"N";;"N";;"N";;"N";;"N";;"N";;"N";;"N";;"N";;"N";;"N";;"N";;"N";;"N";;"N"
"2025-11-08 00:15";;"N";;"N";;"N";;"N";;"N";;"N";;"N";;"N";;"N";;"N";;"N";;"N";;"N";;"N";;"N";;"N";;"N";;"N"
"2025-11-08 00:30";;"N";;"N";;"N";;"N";;"N";;"N";;"N";;"N";;"N";;"N";;"N";;"N";;"N";;"N";;"N";;"N";;"N";;"N"
"2025-11-08 00:45";;"N";;"N";;"N";;"N";;"N";;"N";;"N";;"N";;"N";;"N";;"N";;"N";;"N";;"N";;"N";;"N";;"N";;"N"
"2025-11-08 01:00";;"N";;"N";;"N";;"N";;"N";;"N";;"N";;"N";;"N";;"N";;"N";;"N";;"N";;"N";;"N";;"N";;"N";;"N"
"2025-11-08 01:15";;"N";;"N";;"N";;"N";;"N";;"N";;"N";;"N";;"N";;"N";;"N";;"N";;"N";;"N";;"N";;"N";;"N";;"N"
"2025-11-08 01:30";;"N";;"N";;"N";;"N";;"N";;"N";;"N";;"N";;"N";;"N";;"N";;"N";;"N";;"N";;"N";;"N";;"N";;"N"
"2025-11-08 01:45";;"N";;"N";;"N";;"N";;"N";;"N";;"N";;"N";;"N";;"N";;"N";;"N";;"N";;"N";;"N";;"N";;"N";;"N"
"2025-11-08 02:00";;"N";;"N";;"N";;"N";;"N";;"N";;"N";;"N";;"N";;"N";;"N";;"N";;"N";;"N";;"N";;"N";;"N";;"N"
"2025-11-08 02:15";;"N";;"N";;"N";;"N";;"N";;"N";;"N";;"N";;"N";;"N";;"N";;"N";;"N";;"N";;"N";;"N";;"N";;"N"
"2025-11-08 02:30";;"N";;"N";;"N";;"N";;"N";;"N";;"N";;"N";;"N";;"N";;"N";;"N";;"N";;"N";;"N";;"N";;"N";;"N"
"2025-11-08 02:45";;"N";;"N";;"N";;"N";;"N";;"N";;"N";;"N";;"N";;"N";;"N";;"N";;"N";;"N";;"N";;"N";;"N";;"N"
"2025-11-08 03:00";;"N";;"N";;"N";;"N";;"N";;"N";;"N";;"N";;"N";;"N";;"N";;"N";;"N";;"N";;"N";;"N";;"N";;"N"
"2025-11-08 03:15";;"N";;"N";;"N";;"N";;"N";;"N";;"N";;"N";;"N";;"N";;"N";;"N";;"N";;"N";;"N";;"N";;"N";;"N"
"2025-11-08 03:30";;"N";;"N";;"N";;"N";;"N";;"N";;"N";;"N";;"N";;"N";;"N";;"N";;"N";;"N";;"N";;"N";;"N";;"N"
"2025-11-08 03:45";;"N";;"N";;"N";;"N";;"N";;"N";;"N";;"N";;"N";;"N";;"N";;"N";;"N";;"N";;"N";;"N";;"N";;"N"
"2025-11-08 04:00";;"N";;"N";;"N";;"N";;"N";;"N";;"N";;"N";;"N";;"N";;"N";;"N";;"N";;"N";;"N";;"N";;"N";;"N"
"2025-11-08 04:15";;"N";;"N";;"N";;"N";;"N";;"N";;"N";;"N";;"N";;"N";;"N";;"N";;"N";;"N";;"N";;"N";;"N";;"N"
"2025-11-08 04:30";;"N";;"N";;"N";;"N";;"N";;"N";;"N";;"N";;"N";;"N";;"N";;"N";;"N";;"N";;"N";;"N";;"N";;"N"
"2025-11-08 04:45";;"N";;"N";;"N";;"N";;"N";;"N";;"N";;"N";;"N";;"N";;"N";;"N";;"N";;"N";;"N";;"N";;"N";;"N"
"2025-11-08 05:00";;"N";;"N";;"N";;"N";;"N";;"N";;"N";;"N";;"N";;"N";;"N";;"N";;"N";;"N";;"N";;"N";;"N";;"N"
"2025-11-08 05:15";;"N";;"N";;"N";;"N";;"N";;"N";;"N";;"N";;"N";;"N";;"N";;"N";;"N";;"N";;"N";;"N";;"N";;"N"
"2025-11-08 05:30";;"N";;"N";;"N";;"N";;"N";;"N";;"N";;"N";;"N";;"N";;"N";;"N";;"N";;"N";;"N";;"N";;"N";;"N"
"2025-11-08 05:45";;"N";;"N";;"N";;"N";;"N";;"N";;"N";;"N";;"N";;"N";;"N";;"N";;"N";;"N";;"N";;"N";;"N";;"N"
"2025-11-08 06:00";;"N";;"N";;"N";;"N";;"N";;"N";;"N";;"N";;"N";;"N";;"N";;"N";;"N";;"N";;"N";;"N";;"N";;"N"
"2025-11-08 06:15";;"N";;"N";;"N";;"N";;"N";;"N";;"N";;"N";;"N";;"N";;"N";;"N";;"N";;"N";;"N";;"N";;"N";;"N"
"2025-11-08 06:30";;"N";;"N";;"N";;"N";;"N";;"N";;"N";;"N";;"N";;"N";;"N";;"N";;"N";;"N";;"N";;"N";;"N";;"N"
"2025-11-08 06:45";;"N";;"N";;"N";;"N";;"N";;"N";;"N";;"N";;"N";;"N";;"N";;"N";;"N";;"N";;"N";;"N";;"N";;"N"
"2025-11-08 07:00";;"N";;"N";;"N";;"N";;"N";;"N";;"N";;"N";;"N";;"N";;"N";;"N";;"N";;"N";;"N";;"N";;"N";;"N"
"2025-11-08 07:15";;"N";;"N";;"N";;"N";;"N";;"N";;"N";;"N";;"N";;"N";;"N";;"N";;"N";;"N";;"N";;"N";;"N";;"N"
"2025-11-08 07:30";;"N";;"N";;"N";;"N";;"N";;"N";;"N";;"N";;"N";;"N";;"N";;"N";;"N";;"N";;"N";;"N";;"N";;"N"
"2025-11-08 07:45";;"N";;"N";;"N";;"N";;"N";;"N";;"N";;"N";;"N";;"N";;"N";;"N";;"N";;"N";;"N";;"N";;"N";;"N"
"2025-11-08 08:00";;"N";;"N";;"N";;"N";;"N";;"N";;"N";;"N";;"N";;"N";;"N";;"N";;"N";;"N";;"N";;"N";;"N";;"N"
"2025-11-08 08:15";;"N";;"N";;"N";;"N";;"N";;"N";;"N";;"N";;"N";;"N";;"N";;"N";;"N";;"N";;"N";;"N";;"N";;"N"
"2025-11-08 08:30";;"N";;"N";;"N";;"N";;"N";;"N";;"N";;"N";;"N";;"N";;"N";;"N";;"N";;"N";;"N";;"N";;"N";;"N"
"2025-11-08 08:45";;"N";;"N";;"N";;"N";;"N";;"N";;"N";;"N";;"N";;"N";;"N";;"N";;"N";;"N";;"N";;"N";;"N";;"N"
"2025-11-08 09:00";;"N";;"N";;"N";;"N";;"N";;"N";;"N";;"N";;"N";;"N";;"N";;"N";;"N";;"N";;"N";;"N";;"N";;"N"
"2025-11-08 09:15";;"N";;"N";;"N";;"N";;"N";;"N";;"N";;"N";;"N";;"N";;"N";;"N";;"N";;"N";;"N";;"N";;"N";;"N"
"2025-11-08 09:30";;"N";;"N";;"N";;"N";;"N";;"N";;"N";;"N";;"N";;"N";;"N";;"N";;"N";;"N";;"N";;"N";;"N";;"N"
"2025-11-08 09:45";;"N";;"N";;"N";;"N";;"N";;"N";;"N";;"N";;"N";;"N";;"N";;"N";;"N";;"N";;"N";;"N";;"N";;"N"
"2025-11-08 10:00";;"N";;"N";;"N";;"N";;"N";;"N";;"N";;"N";;"N";;"N";;"N";;"N";;"N";;"N";;"N";;"N";;"N";;"N"
"2025-11-08 10:15";;"N";;"N";;"N";;"N";;"N";;"N";;"N";;"N";;"N";;"N";;"N";;"N";;"N";;"N";;"N";;"N";;"N";;"N"
"2025-11-08 10:30";;"N";;"N";;"N";;"N";;"N";;"N";;"N";;"N";;"N";;"N";;"N";;"N";;"N";;"N";;"N";;"N";;"N";;"N"
"2025-11-08 10:45";;"N";;"N";;"N";;"N";;"N";;"N";;"N";;"N";;"N";;"N";;"N";;"N";;"N";;"N";;"N";;"N";;"N";;"N"
"2025-11-08 11:00";;"N";;"N";;"N";;"N";;"N";;"N";;"N";;"N";;"N";;"N";;"N";;"N";;"N";;"N";;"N";;"N";;"N";;"N"
"2025-11-08 11:15";;"N";;"N";;"N";;"N";;"N";;"N";;"N";;"N";;"N";;"N";;"N";;"N";;"N";;"N";;"N";;"N";;"N";;"N"
"2025-11-08 11:30";;"N";;"N";;"N";;"N";;"N";;"N";;"N";;"N";;"N";;"N";;"N";;"N";;"N";;"N";;"N";;"N";;"N";;"N"
"2025-11-08 11:45";;"N";;"N";;"N";;"N";;"N";;"N";;"N";;"N";;"N";;"N";;"N";;"N";;"N";;"N";;"N";;"N";;"N";;"N"
"2025-11-08 12:00";;"N";;"N";;"N";;"N";;"N";;"N";;"N";;"N";;"N";;"N";;"N";;"N";;"N";;"N";;"N";;"N";;"N";;"N"
"2025-11-08 12:15";;"N";;"N";;"N";;"N";;"N";;"N";;"N";;"N";;"N";;"N";;"N";;"N";;"N";;"N";;"N";;"N";;"N";;"N"
"2025-11-08 12:30";;"N";;"N";;"N";;"N";;"N";;"N";;"N";;"N";;"N";;"N";;"N";;"N";;"N";;"N";;"N";;"N";;"N";;"N"
"2025-11-08 12:45";;"N";;"N";;"N";;"N";;"N";;"N";;"N";;"N";;"N";;"N";;"N";;"N";;"N";;"N";;"N";;"N";;"N";;"N"
"2025-11-08 13:00";;"N";;"N";;"N";;"N";;"N";;"N";;"N";;"N";;"N";;"N";;"N";;"N";;"N";;"N";;"N";;"N";;"N";;"N"
"2025-11-08 13:15";;"N";;"N";;"N";;"N";;"N";;"N";;"N";;"N";;"N";;"N";;"N";;"N";;"N";;"N";;"N";;"N";;"N";;"N"
"2025-11-08 13:30";;"N";;"N";;"N";;"N";;"N";;"N";;"N";;"N";;"N";;"N";;"N";;"N";;"N";;"N";;"N";;"N";;"N";;"N"
"2025-11-08 13:45";;"N";;"N";;"N";;"N";;"N";;"N";;"N";;"N";;"N";;"N";;"N";;"N";;"N";;"N";;"N";;"N";;"N";;"N"
"2025-11-08 14:00";;"N";;"N";;"N";;"N";;"N";;"N";;"N";;"N";;"N";;"N";;"N";;"N";;"N";;"N";;"N";;"N";;"N";;"N"
"2025-11-08 14:15";;"N";;"N";;"N";;"N";;"N";;"N";;"N";;"N";;"N";;"N";;"N";;"N";;"N";;"N";;"N";;"N";;"N";;"N"
"2025-11-08 14:30";;"N";;"N";;"N";;"N";;"N";;"N";;"N";;"N";;"N";;"N";;"N";;"N";;"N";;"N";;"N";;"N";;"N";;"N"
"2025-11-08 14:45";;"N";;"N";;"N";;"N";;"N";;"N";;"N";;"N";;"N";;"N";;"N";;"N";;"N";;"N";;"N";;"N";;"N";;"N"
"2025-11-08 15:00";;"N";;"N";;"N";;"N";;"N";;"N";;"N";;"N";;"N";;"N";;"N";;"N";;"N";;"N";;"N";;"N";;"N";;"N"
"2025-11-08 15:15";;"N";;"N";;"N";;"N";;"N";;"N";;"N";;"N";;"N";;"N";;"N";;"N";;"N";;"N";;"N";;"N";;"N";;"N"
"2025-11-08 15:30";;"N";;"N";;"N";;"N";;"N";;"N";;"N";;"N";;"N";;"N";;"N";;"N";;"N";;"N";;"N";;"N";;"N";;"N"
"2025-11-08 15:45";;"N";;"N";;"N";;"N";;"N";;"N";;"N";;"N";;"N";;"N";;"N";;"N";;"N";;"N";;"N";;"N";;"N";;"N"
"2025-11-08 16:00";;"N";;"N";;"N";;"N";;"N";;"N";;"N";;"N";;"N";;"N";;"N";;"N";;"N";;"N";;"N";;"N";;"N";;"N"
"2025-11-08 16:15";;"N";;"N";;"N";;"N";;"N";;"N";;"N";;"N";;"N";;"N";;"N";;"N";;"N";;"N";;"N";;"N";;"N";;"N"
"2025-11-08 16:30";;"N";;"N";;"N";;"N";;"N";;"N";;"N";;"N";;"N";;"N";;"N";;"N";;"N";;"N";;"N";;"N";;"N";;"N"
"2025-11-08 16:45";;"N";;"N";;"N";;"N";;"N";;"N";;"N";;"N";;"N";;"N";;"N";;"N";;"N";;"N";;"N";;"N";;"N";;"N"
"2025-11-08 17:00";;"N";;"N";;"N";;"N";;"N";;"N";;"N";;"N";;"N";;"N";;"N";;"N";;"N";;"N";;"N";;"N";;"N";;"N"
"2025-11-08 17:15";;"N";;"N";;"N";;"N";;"N";;"N";;"N";;"N";;"N";;"N";;"N";;"N";;"N";;"N";;"N";;"N";;"N";;"N"
"2025-11-08 17:30";;"N";;"N";;"N";;"N";;"N";;"N";;"N";;"N";;"N";;"N";;"N";;"N";;"N";;"N";;"N";;"N";;"N";;"N"
"2025-11-08 17:45";;"N";;"N";;"N";;"N";;"N";;"N";;"N";;"N";;"N";;"N";;"N";;"N";;"N";;"N";;"N";;"N";;"N";;"N"
"2025-11-08 18:00";;"N";;"N";;"N";;"N";;"N";;"N";;"N";;"N";;"N";;"N";;"N";;"N";;"N";;"N";;"N";;"N";;"N";;"N"
"2025-11-08 18:15";;"N";;"N";;"N";;"N";;"N";;"N";;"N";;"N";;"N";;"N";;"N";;"N";;"N";;"N";;"N";;"N";;"N";;"N"
"2025-11-08 18:30";;"N";;"N";;"N";;"N";;"N";;"N";;"N";;"N";;"N";;"N";;"N";;"N";;"N";;"N";;"N";;"N";;"N";;"N"
"2025-11-08 18:45";;"N";;"N";;"N";;"N";;"N";;"N";;"N";;"N";;"N";;"N";;"N";;"N";;"N";;"N";;"N";;"N";;"N";;"N"
"2025-11-08 19:00";;"N";;"N";;"N";;"N";;"N";;"N";;"N";;"N";;"N";;"N";;"N";;"N";;"N";;"N";;"N";;"N";;"N";;"N"
"2025-11-08 19:15";;"N";;"N";;"N";;"N";;"N";;"N";;"N";;"N";;"N";;"N";;"N";;"N";;"N";;"N";;"N";;"N";;"N";;"N"
"2025-11-08 19:30";;"N";;"N";;"N";;"N";;"N";;"N";;"N";;"N";;"N";;"N";;"N";;"N";;"N";;"N";;"N";;"N";;"N";;"N"
"2025-11-08 19:45";;"N";;"N";;"N";;"N";;"N";;"N";;"N";;"N";;"N";;"N";;"N";;"N";;"N";;"N";;"N";;"N";;"N";;"N"
"2025-11-08 20:00";;"N";;"N";;"N";;"N";;"N";;"N";;"N";;"N";;"N";;"N";;"N";;"N";;"N";;"N";;"N";;"N";;"N";;"N"
"2025-11-08 20:15";;"N";;"N";;"N";;"N";;"N";;"N";;"N";;"N";;"N";;"N";;"N";;"N";;"N";;"N";;"N";;"N";;"N";;"N"
"2025-11-08 20:30";;"N";;"N";;"N";;"N";;"N";;"N";;"N";;"N";;"N";;"N";;"N";;"N";;"N";;"N";;"N";;"N";;"N";;"N"
"2025-11-08 20:45";;"N";;"N";;"N";;"N";;"N";;"N";;"N";;"N";;"N";;"N";;"N";;"N";;"N";;"N";;"N";;"N";;"N";;"N"
"2025-11-08 21:00";;"N";;"N";;"N";;"N";;"N";;"N";;"N";;"N";;"N";;"N";;"N";;"N";;"N";;"N";;"N";;"N";;"N";;"N"
"2025-11-08 21:15";;"N";;"N";;"N";;"N";;"N";;"N";;"N";;"N";;"N";;"N";;"N";;"N";;"N";;"N";;"N";;"N";;"N";;"N"
"2025-11-08 21:30";;"N";;"N";;"N";;"N";;"N";;"N";;"N";;"N";;"N";;"N";;"N";;"N";;"N";;"N";;"N";;"N";;"N";;"N"
"2025-11-08 21:45";;"N";;"N";;"N";;"N";;"N";;"N";;"N";;"N";;"N";;"N";;"N";;"N";;"N";;"N";;"N";;"N";;"N";;"N"
"2025-11-08 22:00";;"N";;"N";;"N";;"N";;"N";;"N";;"N";;"N";;"N";;"N";;"N";;"N";;"N";;"N";;"N";;"N";;"N";;"N"
"2025-11-08 22:15";;"N";;"N";;"N";;"N";;"N";;"N";;"N";;"N";;"N";;"N";;"N";;"N";;"N";;"N";;"N";;"N";;"N";;"N"
"2025-11-08 22:30";;"N";;"N";;"N";;"N";;"N";;"N";;"N";;"N";;"N";;"N";;"N";;"N";;"N";;"N";;"N";;"N";;"N";;"N"
"2025-11-08 22:45";;"N";;"N";;"N";;"N";;"N";;"N";;"N";;"N";;"N";;"N";;"N";;"N";;"N";;"N";;"N";;"N";;"N";;"N"
"2025-11-08 23:00";;"N";;"N";;"N";;"N";;"N";;"N";;"N";;"N";;"N";;"N";;"N";;"N";;"N";;"N";;"N";;"N";;"N";;"N"
"2025-11-08 23:15";;"N";;"N";;"N";;"N";;"N";;"N";;"N";;"N";;"N";;"N";;"N";;"N";;"N";;"N";;"N";;"N";;"N";;"N"
"2025-11-08 23:30";;"N";;"N";;"N";;"N";;"N";;"N";;"N";;"N";;"N";;"N";;"N";;"N";;"N";;"N";;"N";;"N";;"N";;"N"
"2025-11-08 23:45";;"N";;"N";;"N";;"N";;"N";;"N";;"N";;"N";;"N";;"N";;"N";;"N";;"N";;"N";;"N";;"N";;"N";;"N"
"2025-11-09 00:00";;"N";;"N";;"N";;"N";;"N";;"N";;"N";;"N";;"N";;"N";;"N";;"N";;"N";;"N";;"N";;"N";;"N";;"N"
"2025-11-09 00:15";;"N";;"N";;"N";;"N";;"N";;"N";;"N";;"N";;"N";;"N";;"N";;"N";;"N";;"N";;"N";;"N";;"N";;"N"
"2025-11-09 00:30";;"N";;"N";;"N";;"N";;"N";;"N";;"N";;"N";;"N";;"N";;"N";;"N";;"N";;"N";;"N";;"N";;"N";;"N"
"2025-11-09 00:45";;"N";;"N";;"N";;"N";;"N";;"N";;"N";;"N";;"N";;"N";;"N";;"N";;"N";;"N";;"N";;"N";;"N";;"N"
"2025-11-09 01:00";;"N";;"N";;"N";;"N";;"N";;"N";;"N";;"N";;"N";;"N";;"N";;"N";;"N";;"N";;"N";;"N";;"N";;"N"
"2025-11-09 01:15";;"N";;"N";;"N";;"N";;"N";;"N";;"N";;"N";;"N";;"N";;"N";;"N";;"N";;"N";;"N";;"N";;"N";;"N"
"2025-11-09 01:30";;"N";;"N";;"N";;"N";;"N";;"N";;"N";;"N";;"N";;"N";;"N";;"N";;"N";;"N";;"N";;"N";;"N";;"N"
"2025-11-09 01:45";;"N";;"N";;"N";;"N";;"N";;"N";;"N";;"N";;"N";;"N";;"N";;"N";;"N";;"N";;"N";;"N";;"N";;"N"
"2025-11-09 02:00";;"N";;"N";;"N";;"N";;"N";;"N";;"N";;"N";;"N";;"N";;"N";;"N";;"N";;"N";;"N";;"N";;"N";;"N"
"2025-11-09 02:15";;"N";;"N";;"N";;"N";;"N";;"N";;"N";;"N";;"N";;"N";;"N";;"N";;"N";;"N";;"N";;"N";;"N";;"N"
"2025-11-09 02:30";;"N";;"N";;"N";;"N";;"N";;"N";;"N";;"N";;"N";;"N";;"N";;"N";;"N";;"N";;"N";;"N";;"N";;"N"
"2025-11-09 02:45";;"N";;"N";;"N";;"N";;"N";;"N";;"N";;"N";;"N";;"N";;"N";;"N";;"N";;"N";;"N";;"N";;"N";;"N"
"2025-11-09 03:00";;"N";;"N";;"N";;"N";;"N";;"N";;"N";;"N";;"N";;"N";;"N";;"N";;"N";;"N";;"N";;"N";;"N";;"N"
"2025-11-09 03:15";;"N";;"N";;"N";;"N";;"N";;"N";;"N";;"N";;"N";;"N";;"N";;"N";;"N";;"N";;"N";;"N";;"N";;"N"
"2025-11-09 03:30";;"N";;"N";;"N";;"N";;"N";;"N";;"N";;"N";;"N";;"N";;"N";;"N";;"N";;"N";;"N";;"N";;"N";;"N"
"2025-11-09 03:45";;"N";;"N";;"N";;"N";;"N";;"N";;"N";;"N";;"N";;"N";;"N";;"N";;"N";;"N";;"N";;"N";;"N";;"N"
"2025-11-09 04:00";;"N";;"N";;"N";;"N";;"N";;"N";;"N";;"N";;"N";;"N";;"N";;"N";;"N";;"N";;"N";;"N";;"N";;"N"
"2025-11-09 04:15";;"N";;"N";;"N";;"N";;"N";;"N";;"N";;"N";;"N";;"N";;"N";;"N";;"N";;"N";;"N";;"N";;"N";;"N"
"2025-11-09 04:30";;"N";;"N";;"N";;"N";;"N";;"N";;"N";;"N";;"N";;"N";;"N";;"N";;"N";;"N";;"N";;"N";;"N";;"N"
"2025-11-09 04:45";;"N";;"N";;"N";;"N";;"N";;"N";;"N";;"N";;"N";;"N";;"N";;"N";;"N";;"N";;"N";;"N";;"N";;"N"
"2025-11-09 05:00";;"N";;"N";;"N";;"N";;"N";;"N";;"N";;"N";;"N";;"N";;"N";;"N";;"N";;"N";;"N";;"N";;"N";;"N"
"2025-11-09 05:15";;"N";;"N";;"N";;"N";;"N";;"N";;"N";;"N";;"N";;"N";;"N";;"N";;"N";;"N";;"N";;"N";;"N";;"N"
"2025-11-09 05:30";;"N";;"N";;"N";;"N";;"N";;"N";;"N";;"N";;"N";;"N";;"N";;"N";;"N";;"N";;"N";;"N";;"N";;"N"
"2025-11-09 05:45";;"N";;"N";;"N";;"N";;"N";;"N";;"N";;"N";;"N";;"N";;"N";;"N";;"N";;"N";;"N";;"N";;"N";;"N"
"2025-11-09 06:00";;"N";;"N";;"N";;"N";;"N";;"N";;"N";;"N";;"N";;"N";;"N";;"N";;"N";;"N";;"N";;"N";;"N";;"N"
"2025-11-09 06:15";;"N";;"N";;"N";;"N";;"N";;"N";;"N";;"N";;"N";;"N";;"N";;"N";;"N";;"N";;"N";;"N";;"N";;"N"
"2025-11-09 06:30";;"N";;"N";;"N";;"N";;"N";;"N";;"N";;"N";;"N";;"N";;"N";;"N";;"N";;"N";;"N";;"N";;"N";;"N"
"2025-11-09 06:45";;"N";;"N";;"N";;"N";;"N";;"N";;"N";;"N";;"N";;"N";;"N";;"N";;"N";;"N";;"N";;"N";;"N";;"N"
"2025-11-09 07:00";;"N";;"N";;"N";;"N";;"N";;"N";;"N";;"N";;"N";;"N";;"N";;"N";;"N";;"N";;"N";;"N";;"N";;"N"
"2025-11-09 07:15";;"N";;"N";;"N";;"N";;"N";;"N";;"N";;"N";;"N";;"N";;"N";;"N";;"N";;"N";;"N";;"N";;"N";;"N"
"2025-11-09 07:30";;"N";;"N";;"N";;"N";;"N";;"N";;"N";;"N";;"N";;"N";;"N";;"N";;"N";;"N";;"N";;"N";;"N";;"N"
"2025-11-09 07:45";;"N";;"N";;"N";;"N";;"N";;"N";;"N";;"N";;"N";;"N";;"N";;"N";;"N";;"N";;"N";;"N";;"N";;"N"
"2025-11-09 08:00";;"N";;"N";;"N";;"N";;"N";;"N";;"N";;"N";;"N";;"N";;"N";;"N";;"N";;"N";;"N";;"N";;"N";;"N"
"2025-11-09 08:15";;"N";;"N";;"N";;"N";;"N";;"N";;"N";;"N";;"N";;"N";;"N";;"N";;"N";;"N";;"N";;"N";;"N";;"N"
"2025-11-09 08:30";;"N";;"N";;"N";;"N";;"N";;"N";;"N";;"N";;"N";;"N";;"N";;"N";;"N";;"N";;"N";;"N";;"N";;"N"
"2025-11-09 08:45";;"N";;"N";;"N";;"N";;"N";;"N";;"N";;"N";;"N";;"N";;"N";;"N";;"N";;"N";;"N";;"N";;"N";;"N"
"2025-11-09 09:00";;"N";;"N";;"N";;"N";;"N";;"N";;"N";;"N";;"N";;"N";;"N";;"N";;"N";;"N";;"N";;"N";;"N";;"N"
"2025-11-09 09:15";;"N";;"N";;"N";;"N";;"N";;"N";;"N";;"N";;"N";;"N";;"N";;"N";;"N";;"N";;"N";;"N";;"N";;"N"
"2025-11-09 09:30";;"N";;"N";;"N";;"N";;"N";;"N";;"N";;"N";;"N";;"N";;"N";;"N";;"N";;"N";;"N";;"N";;"N";;"N"
"2025-11-09 09:45";;"N";;"N";;"N";;"N";;"N";;"N";;"N";;"N";;"N";;"N";;"N";;"N";;"N";;"N";;"N";;"N";;"N";;"N"
"2025-11-09 10:00";;"N";;"N";;"N";;"N";;"N";;"N";;"N";;"N";;"N";;"N";;"N";;"N";;"N";;"N";;"N";;"N";;"N";;"N"
"2025-11-09 10:15";;"N";;"N";;"N";;"N";;"N";;"N";;"N";;"N";;"N";;"N";;"N";;"N";;"N";;"N";;"N";;"N";;"N";;"N"
"2025-11-09 10:30";;"N";;"N";;"N";;"N";;"N";;"N";;"N";;"N";;"N";;"N";;"N";;"N";;"N";;"N";;"N";;"N";;"N";;"N"
"2025-11-09 10:45";;"N";;"N";;"N";;"N";;"N";;"N";;"N";;"N";;"N";;"N";;"N";;"N";;"N";;"N";;"N";;"N";;"N";;"N"
"2025-11-09 11:00";;"N";;"N";;"N";;"N";;"N";;"N";;"N";;"N";;"N";;"N";;"N";;"N";;"N";;"N";;"N";;"N";;"N";;"N"
"2025-11-09 11:15";;"N";;"N";;"N";;"N";;"N";;"N";;"N";;"N";;"N";;"N";;"N";;"N";;"N";;"N";;"N";;"N";;"N";;"N"
"2025-11-09 11:30";;"N";;"N";;"N";;"N";;"N";;"N";;"N";;"N";;"N";;"N";;"N";;"N";;"N";;"N";;"N";;"N";;"N";;"N"
"2025-11-09 11:45";;"N";;"N";;"N";;"N";;"N";;"N";;"N";;"N";;"N";;"N";;"N";;"N";;"N";;"N";;"N";;"N";;"N";;"N"
"2025-11-09 12:00";;"N";;"N";;"N";;"N";;"N";;"N";;"N";;"N";;"N";;"N";;"N";;"N";;"N";;"N";;"N";;"N";;"N";;"N"
"2025-11-09 12:15";;"N";;"N";;"N";;"N";;"N";;"N";;"N";;"N";;"N";;"N";;"N";;"N";;"N";;"N";;"N";;"N";;"N";;"N"
"2025-11-09 12:30";;"N";;"N";;"N";;"N";;"N";;"N";;"N";;"N";;"N";;"N";;"N";;"N";;"N";;"N";;"N";;"N";;"N";;"N"
"2025-11-09 12:45";;"N";;"N";;"N";;"N";;"N";;"N";;"N";;"N";;"N";;"N";;"N";;"N";;"N";;"N";;"N";;"N";;"N";;"N"
"2025-11-09 13:00";;"N";;"N";;"N";;"N";;"N";;"N";;"N";;"N";;"N";;"N";;"N";;"N";;"N";;"N";;"N";;"N";;"N";;"N"
"2025-11-09 13:15";;"N";;"N";;"N";;"N";;"N";;"N";;"N";;"N";;"N";;"N";;"N";;"N";;"N";;"N";;"N";;"N";;"N";;"N"
"2025-11-09 13:30";;"N";;"N";;"N";;"N";;"N";;"N";;"N";;"N";;"N";;"N";;"N";;"N";;"N";;"N";;"N";;"N";;"N";;"N"
"2025-11-09 13:45";;"N";;"N";;"N";;"N";;"N";;"N";;"N";;"N";;"N";;"N";;"N";;"N";;"N";;"N";;"N";;"N";;"N";;"N"
"2025-11-09 14:00";;"N";;"N";;"N";;"N";;"N";;"N";;"N";;"N";;"N";;"N";;"N";;"N";;"N";;"N";;"N";;"N";;"N";;"N"
"2025-11-09 14:15";;"N";;"N";;"N";;"N";;"N";;"N";;"N";;"N";;"N";;"N";;"N";;"N";;"N";;"N";;"N";;"N";;"N";;"N"
"2025-11-09 14:30";;"N";;"N";;"N";;"N";;"N";;"N";;"N";;"N";;"N";;"N";;"N";;"N";;"N";;"N";;"N";;"N";;"N";;"N"
"2025-11-09 14:45";;"N";;"N";;"N";;"N";;"N";;"N";;"N";;"N";;"N";;"N";;"N";;"N";;"N";;"N";;"N";;"N";;"N";;"N"
"2025-11-09 15:00";;"N";;"N";;"N";;"N";;"N";;"N";;"N";;"N";;"N";;"N";;"N";;"N";;"N";;"N";;"N";;"N";;"N";;"N"
"2025-11-09 15:15";;"N";;"N";;"N";;"N";;"N";;"N";;"N";;"N";;"N";;"N";;"N";;"N";;"N";;"N";;"N";;"N";;"N";;"N"
"2025-11-09 15:30";;"N";;"N";;"N";;"N";;"N";;"N";;"N";;"N";;"N";;"N";;"N";;"N";;"N";;"N";;"N";;"N";;"N";;"N"
"2025-11-09 15:45";;"N";;"N";;"N";;"N";;"N";;"N";;"N";;"N";;"N";;"N";;"N";;"N";;"N";;"N";;"N";;"N";;"N";;"N"
"2025-11-09 16:00";;"N";;"N";;"N";;"N";;"N";;"N";;"N";;"N";;"N";;"N";;"N";;"N";;"N";;"N";;"N";;"N";;"N";;"N"
"2025-11-09 16:15";;"N";;"N";;"N";;"N";;"N";;"N";;"N";;"N";;"N";;"N";;"N";;"N";;"N";;"N";;"N";;"N";;"N";;"N"
"2025-11-09 16:30";;"N";;"N";;"N";;"N";;"N";;"N";;"N";;"N";;"N";;"N";;"N";;"N";;"N";;"N";;"N";;"N";;"N";;"N"
"2025-11-09 16:45";;"N";;"N";;"N";;"N";;"N";;"N";;"N";;"N";;"N";;"N";;"N";;"N";;"N";;"N";;"N";;"N";;"N";;"N"
"2025-11-09 17:00";;"N";;"N";;"N";;"N";;"N";;"N";;"N";;"N";;"N";;"N";;"N";;"N";;"N";;"N";;"N";;"N";;"N";;"N"
"2025-11-09 17:15";;"N";;"N";;"N";;"N";;"N";;"N";;"N";;"N";;"N";;"N";;"N";;"N";;"N";;"N";;"N";;"N";;"N";;"N"
"2025-11-09 17:30";;"N";;"N";;"N";;"N";;"N";;"N";;"N";;"N";;"N";;"N";;"N";;"N";;"N";;"N";;"N";;"N";;"N";;"N"
"2025-11-09 17:45";;"N";;"N";;"N";;"N";;"N";;"N";;"N";;"N";;"N";;"N";;"N";;"N";;"N";;"N";;"N";;"N";;"N";;"N"
"2025-11-09 18:00";;"N";;"N";;"N";;"N";;"N";;"N";;"N";;"N";;"N";;"N";;"N";;"N";;"N";;"N";;"N";;"N";;"N";;"N"
"2025-11-09 18:15";;"N";;"N";;"N";;"N";;"N";;"N";;"N";;"N";;"N";;"N";;"N";;"N";;"N";;"N";;"N";;"N";;"N";;"N"
"2025-11-09 18:30";;"N";;"N";;"N";;"N";;"N";;"N";;"N";;"N";;"N";;"N";;"N";;"N";;"N";;"N";;"N";;"N";;"N";;"N"
"2025-11-09 18:45";;"N";;"N";;"N";;"N";;"N";;"N";;"N";;"N";;"N";;"N";;"N";;"N";;"N";;"N";;"N";;"N";;"N";;"N"
"2025-11-09 19:00";;"N";;"N";;"N";;"N";;"N";;"N";;"N";;"N";;"N";;"N";;"N";;"N";;"N";;"N";;"N";;"N";;"N";;"N"
"2025-11-09 19:15";;"N";;"N";;"N";;"N";;"N";;"N";;"N";;"N";;"N";;"N";;"N";;"N";;"N";;"N";;"N";;"N";;"N";;"N"
"2025-11-09 19:30";;"N";;"N";;"N";;"N";;"N";;"N";;"N";;"N";;"N";;"N";;"N";;"N";;"N";;"N";;"N";;"N";;"N";;"N"
"2025-11-09 19:45";;"N";;"N";;"N";;"N";;"N";;"N";;"N";;"N";;"N";;"N";;"N";;"N";;"N";;"N";;"N";;"N";;"N";;"N"
"2025-11-09 20:00";;"N";;"N";;"N";;"N";;"N";;"N";;"N";;"N";;"N";;"N";;"N";;"N";;"N";;"N";;"N";;"N";;"N";;"N"
"2025-11-09 20:15";;"N";;"N";;"N";;"N";;"N";;"N";;"N";;"N";;"N";;"N";;"N";;"N";;"N";;"N";;"N";;"N";;"N";;"N"
"2025-11-09 20:30";;"N";;"N";;"N";;"N";;"N";;"N";;"N";;"N";;"N";;"N";;"N";;"N";;"N";;"N";;"N";;"N";;"N";;"N"
"2025-11-09 20:45";;"N";;"N";;"N";;"N";;"N";;"N";;"N";;"N";;"N";;"N";;"N";;"N";;"N";;"N";;"N";;"N";;"N";;"N"
"2025-11-09 21:00";;"N";;"N";;"N";;"N";;"N";;"N";;"N";;"N";;"N";;"N";;"N";;"N";;"N";;"N";;"N";;"N";;"N";;"N"
"2025-11-09 21:15";;"N";;"N";;"N";;"N";;"N";;"N";;"N";;"N";;"N";;"N";;"N";;"N";;"N";;"N";;"N";;"N";;"N";;"N"
"2025-11-09 21:30";;"N";;"N";;"N";;"N";;"N";;"N";;"N";;"N";;"N";;"N";;"N";;"N";;"N";;"N";;"N";;"N";;"N";;"N"
"2025-11-09 21:45";;"N";;"N";;"N";;"N";;"N";;"N";;"N";;"N";;"N";;"N";;"N";;"N";;"N";;"N";;"N";;"N";;"N";;"N"
"2025-11-09 22:00";;"N";;"N";;"N";;"N";;"N";;"N";;"N";;"N";;"N";;"N";;"N";;"N";;"N";;"N";;"N";;"N";;"N";;"N"
"2025-11-09 22:15";;"N";;"N";;"N";;"N";;"N";;"N";;"N";;"N";;"N";;"N";;"N";;"N";;"N";;"N";;"N";;"N";;"N";;"N"
"2025-11-09 22:30";;"N";;"N";;"N";;"N";;"N";;"N";;"N";;"N";;"N";;"N";;"N";;"N";;"N";;"N";;"N";;"N";;"N";;"N"
"2025-11-09 22:45";;"N";;"N";;"N";;"N";;"N";;"N";;"N";;"N";;"N";;"N";;"N";;"N";;"N";;"N";;"N";;"N";;"N";;"N"
"2025-11-09 23:00";;"N";;"N";;"N";;"N";;"N";;"N";;"N";;"N";;"N";;"N";;"N";;"N";;"N";;"N";;"N";;"N";;"N";;"N"
"2025-11-09 23:15";;"N";;"N";;"N";;"N";;"N";;"N";;"N";;"N";;"N";;"N";;"N";;"N";;"N";;"N";;"N";;"N";;"N";;"N"
"2025-11-09 23:30";;"N";;"N";;"N";;"N";;"N";;"N";;"N";;"N";;"N";;"N";;"N";;"N";;"N";;"N";;"N";;"N";;"N";;"N"
"2025-11-09 23:45";;"N";;"N";;"N";;"N";;"N";;"N";;"N";;"N";;"N";;"N";;"N";;"N";;"N";;"N";;"N";;"N";;"N";;"N"
"2025-11-10 00:00";;"N";;"N";;"N";;"N";;"N";;"N";;"N";;"N";;"N";;"N";;"N";;"N";;"N";;"N";;"N";;"N";;"N";;"N"
"2025-11-10 00:15";;"N";;"N";;"N";;"N";;"N";;"N";;"N";;"N";;"N";;"N";;"N";;"N";;"N";;"N";;"N";;"N";;"N";;"N"
"2025-11-10 00:30";;"N";;"N";;"N";;"N";;"N";;"N";;"N";;"N";;"N";;"N";;"N";;"N";;"N";;"N";;"N";;"N";;"N";;"N"
"2025-11-10 00:45";;"N";;"N";;"N";;"N";;"N";;"N";;"N";;"N";;"N";;"N";;"N";;"N";;"N";;"N";;"N";;"N";;"N";;"N"
"2025-11-10 01:00";;"N";;"N";;"N";;"N";;"N";;"N";;"N";;"N";;"N";;"N";;"N";;"N";;"N";;"N";;"N";;"N";;"N";;"N"
"2025-11-10 01:15";;"N";;"N";;"N";;"N";;"N";;"N";;"N";;"N";;"N";;"N";;"N";;"N";;"N";;"N";;"N";;"N";;"N";;"N"
"2025-11-10 01:30";;"N";;"N";;"N";;"N";;"N";;"N";;"N";;"N";;"N";;"N";;"N";;"N";;"N";;"N";;"N";;"N";;"N";;"N"
"2025-11-10 01:45";;"N";;"N";;"N";;"N";;"N";;"N";;"N";;"N";;"N";;"N";;"N";;"N";;"N";;"N";;"N";;"N";;"N";;"N"
"2025-11-10 02:00";;"N";;"N";;"N";;"N";;"N";;"N";;"N";;"N";;"N";;"N";;"N";;"N";;"N";;"N";;"N";;"N";;"N";;"N"
"2025-11-10 02:15";;"N";;"N";;"N";;"N";;"N";;"N";;"N";;"N";;"N";;"N";;"N";;"N";;"N";;"N";;"N";;"N";;"N";;"N"
"2025-11-10 02:30";;"N";;"N";;"N";;"N";;"N";;"N";;"N";;"N";;"N";;"N";;"N";;"N";;"N";;"N";;"N";;"N";;"N";;"N"
"2025-11-10 02:45";;"N";;"N";;"N";;"N";;"N";;"N";;"N";;"N";;"N";;"N";;"N";;"N";;"N";;"N";;"N";;"N";;"N";;"N"
"2025-11-10 03:00";;"N";;"N";;"N";;"N";;"N";;"N";;"N";;"N";;"N";;"N";;"N";;"N";;"N";;"N";;"N";;"N";;"N";;"N"
"2025-11-10 03:15";;"N";;"N";;"N";;"N";;"N";;"N";;"N";;"N";;"N";;"N";;"N";;"N";;"N";;"N";;"N";;"N";;"N";;"N"
"2025-11-10 03:30";;"N";;"N";;"N";;"N";;"N";;"N";;"N";;"N";;"N";;"N";;"N";;"N";;"N";;"N";;"N";;"N";;"N";;"N"
"2025-11-10 03:45";;"N";;"N";;"N";;"N";;"N";;"N";;"N";;"N";;"N";;"N";;"N";;"N";;"N";;"N";;"N";;"N";;"N";;"N"
"2025-11-10 04:00";;"N";;"N";;"N";;"N";;"N";;"N";;"N";;"N";;"N";;"N";;"N";;"N";;"N";;"N";;"N";;"N";;"N";;"N"
"2025-11-10 04:15";;"N";;"N";;"N";;"N";;"N";;"N";;"N";;"N";;"N";;"N";;"N";;"N";;"N";;"N";;"N";;"N";;"N";;"N"
"2025-11-10 04:30";;"N";;"N";;"N";;"N";;"N";;"N";;"N";;"N";;"N";;"N";;"N";;"N";;"N";;"N";;"N";;"N";;"N";;"N"
"2025-11-10 04:45";;"N";;"N";;"N";;"N";;"N";;"N";;"N";;"N";;"N";;"N";;"N";;"N";;"N";;"N";;"N";;"N";;"N";;"N"
"2025-11-10 05:00";;"N";;"N";;"N";;"N";;"N";;"N";;"N";;"N";;"N";;"N";;"N";;"N";;"N";;"N";;"N";;"N";;"N";;"N"
"2025-11-10 05:15";;"N";;"N";;"N";;"N";;"N";;"N";;"N";;"N";;"N";;"N";;"N";;"N";;"N";;"N";;"N";;"N";;"N";;"N"
"2025-11-10 05:30";;"N";;"N";;"N";;"N";;"N";;"N";;"N";;"N";;"N";;"N";;"N";;"N";;"N";;"N";;"N";;"N";;"N";;"N"
"2025-11-10 05:45";;"N";;"N";;"N";;"N";;"N";;"N";;"N";;"N";;"N";;"N";;"N";;"N";;"N";;"N";;"N";;"N";;"N";;"N"
"2025-11-10 06:00";;"N";;"N";;"N";;"N";;"N";;"N";;"N";;"N";;"N";;"N";;"N";;"N";;"N";;"N";;"N";;"N";;"N";;"N"
"2025-11-10 06:15";;"N";;"N";;"N";;"N";;"N";;"N";;"N";;"N";;"N";;"N";;"N";;"N";;"N";;"N";;"N";;"N";;"N";;"N"
"2025-11-10 06:30";;"N";;"N";;"N";;"N";;"N";;"N";;"N";;"N";;"N";;"N";;"N";;"N";;"N";;"N";;"N";;"N";;"N";;"N"
"2025-11-10 06:45";;"N";;"N";;"N";;"N";;"N";;"N";;"N";;"N";;"N";;"N";;"N";;"N";;"N";;"N";;"N";;"N";;"N";;"N"
"2025-11-10 07:00";;"N";;"N";;"N";;"N";;"N";;"N";;"N";;"N";;"N";;"N";;"N";;"N";;"N";;"N";;"N";;"N";;"N";;"N"
"2025-11-10 07:15";;"N";;"N";;"N";;"N";;"N";;"N";;"N";;"N";;"N";;"N";;"N";;"N";;"N";;"N";;"N";;"N";;"N";;"N"
"2025-11-10 07:30";;"N";;"N";;"N";;"N";;"N";;"N";;"N";;"N";;"N";;"N";;"N";;"N";;"N";;"N";;"N";;"N";;"N";;"N"
"2025-11-10 07:45";;"N";;"N";;"N";;"N";;"N";;"N";;"N";;"N";;"N";;"N";;"N";;"N";;"N";;"N";;"N";;"N";;"N";;"N"
"2025-11-10 08:00";;"N";;"N";;"N";;"N";;"N";;"N";;"N";;"N";;"N";;"N";;"N";;"N";;"N";;"N";;"N";;"N";;"N";;"N"
"2025-11-10 08:15";;"N";;"N";;"N";;"N";;"N";;"N";;"N";;"N";;"N";;"N";;"N";;"N";;"N";;"N";;"N";;"N";;"N";;"N"
"2025-11-10 08:30";;"N";;"N";;"N";;"N";;"N";;"N";;"N";;"N";;"N";;"N";;"N";;"N";;"N";;"N";;"N";;"N";;"N";;"N"
"2025-11-10 08:45";;"N";;"N";;"N";;"N";;"N";;"N";;"N";;"N";;"N";;"N";;"N";;"N";;"N";;"N";;"N";;"N";;"N";;"N"
"2025-11-10 09:00";;"N";;"N";;"N";;"N";;"N";;"N";;"N";;"N";;"N";;"N";;"N";;"N";;"N";;"N";;"N";;"N";;"N";;"N"
"2025-11-10 09:15";;"N";;"N";;"N";;"N";;"N";;"N";;"N";;"N";;"N";;"N";;"N";;"N";;"N";;"N";;"N";;"N";;"N";;"N"
"2025-11-10 09:30";;"N";;"N";;"N";;"N";;"N";;"N";;"N";;"N";;"N";;"N";;"N";;"N";;"N";;"N";;"N";;"N";;"N";;"N"
"2025-11-10 09:45";;"N";;"N";;"N";;"N";;"N";;"N";;"N";;"N";;"N";;"N";;"N";;"N";;"N";;"N";;"N";;"N";;"N";;"N"
"2025-11-10 10:00";;"N";;"N";;"N";;"N";;"N";;"N";;"N";;"N";;"N";;"N";;"N";;"N";;"N";;"N";;"N";;"N";;"N";;"N"
"2025-11-10 10:15";;"N";;"N";;"N";;"N";;"N";;"N";;"N";;"N";;"N";;"N";;"N";;"N";;"N";;"N";;"N";;"N";;"N";;"N"
"2025-11-10 10:30";;"N";;"N";;"N";;"N";;"N";;"N";;"N";;"N";;"N";;"N";;"N";;"N";;"N";;"N";;"N";;"N";;"N";;"N"
"2025-11-10 10:45";;"N";;"N";;"N";;"N";;"N";;"N";;"N";;"N";;"N";;"N";;"N";;"N";;"N";;"N";;"N";;"N";;"N";;"N"
"2025-11-10 11:00";;"N";;"N";;"N";;"N";;"N";;"N";;"N";;"N";;"N";;"N";;"N";;"N";;"N";;"N";;"N";;"N";;"N";;"N"
"2025-11-10 11:15";;"N";;"N";;"N";;"N";;"N";;"N";;"N";;"N";;"N";;"N";;"N";;"N";;"N";;"N";;"N";;"N";;"N";;"N"
"2025-11-10 11:30";;"N";;"N";;"N";;"N";;"N";;"N";;"N";;"N";;"N";;"N";;"N";;"N";;"N";;"N";;"N";;"N";;"N";;"N"
"2025-11-10 11:45";;"N";;"N";;"N";;"N";;"N";;"N";;"N";;"N";;"N";;"N";;"N";;"N";;"N";;"N";;"N";;"N";;"N";;"N"
"2025-11-10 12:00";;"N";;"N";;"N";;"N";;"N";;"N";;"N";;"N";;"N";;"N";;"N";;"N";;"N";;"N";;"N";;"N";;"N";;"N"
"2025-11-10 12:15";;"N";;"N";;"N";;"N";;"N";;"N";;"N";;"N";;"N";;"N";;"N";;"N";;"N";;"N";;"N";;"N";;"N";;"N"
"2025-11-10 12:30";;"N";;"N";;"N";;"N";;"N";;"N";;"N";;"N";;"N";;"N";;"N";;"N";;"N";;"N";;"N";;"N";;"N";;"N"
"2025-11-10 12:45";;"N";;"N";;"N";;"N";;"N";;"N";;"N";;"N";;"N";;"N";;"N";;"N";;"N";;"N";;"N";;"N";;"N";;"N"
"2025-11-10 13:00";;"N";;"N";;"N";;"N";;"N";;"N";;"N";;"N";;"N";;"N";;"N";;"N";;"N";;"N";;"N";;"N";;"N";;"N"
"2025-11-10 13:15";;"N";;"N";;"N";;"N";;"N";;"N";;"N";;"N";;"N";;"N";;"N";;"N";;"N";;"N";;"N";;"N";;"N";;"N"
"2025-11-10 13:30";;"N";;"N";;"N";;"N";;"N";;"N";;"N";;"N";;"N";;"N";;"N";;"N";;"N";;"N";;"N";;"N";;"N";;"N"
"2025-11-10 13:45";;"N";;"N";;"N";;"N";;"N";;"N";;"N";;"N";;"N";;"N";;"N";;"N";;"N";;"N";;"N";;"N";;"N";;"N"
"2025-11-10 14:00";;"N";;"N";;"N";;"N";;"N";;"N";;"N";;"N";;"N";;"N";;"N";;"N";;"N";;"N";;"N";;"N";;"N";;"N"
"2025-11-10 14:15";;"N";;"N";;"N";;"N";;"N";;"N";;"N";;"N";;"N";;"N";;"N";;"N";;"N";;"N";;"N";;"N";;"N";;"N"
"2025-11-10 14:30";;"N";;"N";;"N";;"N";;"N";;"N";;"N";;"N";;"N";;"N";;"N";;"N";;"N";;"N";;"N";;"N";;"N";;"N"
"2025-11-10 14:45";;"N";;"N";;"N";;"N";;"N";;"N";;"N";;"N";;"N";;"N";;"N";;"N";;"N";;"N";;"N";;"N";;"N";;"N"
"2025-11-10 15:00";;"N";;"N";;"N";;"N";;"N";;"N";;"N";;"N";;"N";;"N";;"N";;"N";;"N";;"N";;"N";;"N";;"N";;"N"
"2025-11-10 15:15";;"N";;"N";;"N";;"N";;"N";;"N";;"N";;"N";;"N";;"N";;"N";;"N";;"N";;"N";;"N";;"N";;"N";;"N"
"2025-11-10 15:30";;"N";;"N";;"N";;"N";;"N";;"N";;"N";;"N";;"N";;"N";;"N";;"N";;"N";;"N";;"N";;"N";;"N";;"N"
"2025-11-10 15:45";;"N";;"N";;"N";;"N";;"N";;"N";;"N";;"N";;"N";;"N";;"N";;"N";;"N";;"N";;"N";;"N";;"N";;"N"
"2025-11-10 16:00";;"N";;"N";;"N";;"N";;"N";;"N";;"N";;"N";;"N";;"N";;"N";;"N";;"N";;"N";;"N";;"N";;"N";;"N"
"2025-11-10 16:15";;"N";;"N";;"N";;"N";;"N";;"N";;"N";;"N";;"N";;"N";;"N";;"N";;"N";;"N";;"N";;"N";;"N";;"N"
"2025-11-10 16:30";;"N";;"N";;"N";;"N";;"N";;"N";;"N";;"N";;"N";;"N";;"N";;"N";;"N";;"N";;"N";;"N";;"N";;"N"
"2025-11-10 16:45";;"N";;"N";;"N";;"N";;"N";;"N";;"N";;"N";;"N";;"N";;"N";;"N";;"N";;"N";;"N";;"N";;"N";;"N"
"2025-11-10 17:00";;"N";;"N";;"N";;"N";;"N";;"N";;"N";;"N";;"N";;"N";;"N";;"N";;"N";;"N";;"N";;"N";;"N";;"N"
"2025-11-10 17:15";;"N";;"N";;"N";;"N";;"N";;"N";;"N";;"N";;"N";;"N";;"N";;"N";;"N";;"N";;"N";;"N";;"N";;"N"
"2025-11-10 17:30";;"N";;"N";;"N";;"N";;"N";;"N";;"N";;"N";;"N";;"N";;"N";;"N";;"N";;"N";;"N";;"N";;"N";;"N"
"2025-11-10 17:45";;"N";;"N";;"N";;"N";;"N";;"N";;"N";;"N";;"N";;"N";;"N";;"N";;"N";;"N";;"N";;"N";;"N";;"N"
"2025-11-10 18:00";;"N";;"N";;"N";;"N";;"N";;"N";;"N";;"N";;"N";;"N";;"N";;"N";;"N";;"N";;"N";;"N";;"N";;"N"
"2025-11-10 18:15";;"N";;"N";;"N";;"N";;"N";;"N";;"N";;"N";;"N";;"N";;"N";;"N";;"N";;"N";;"N";;"N";;"N";;"N"
"2025-11-10 18:30";;"N";;"N";;"N";;"N";;"N";;"N";;"N";;"N";;"N";;"N";;"N";;"N";;"N";;"N";;"N";;"N";;"N";;"N"
"2025-11-10 18:45";;"N";;"N";;"N";;"N";;"N";;"N";;"N";;"N";;"N";;"N";;"N";;"N";;"N";;"N";;"N";;"N";;"N";;"N"
"2025-11-10 19:00";;"N";;"N";;"N";;"N";;"N";;"N";;"N";;"N";;"N";;"N";;"N";;"N";;"N";;"N";;"N";;"N";;"N";;"N"
"2025-11-10 19:15";;"N";;"N";;"N";;"N";;"N";;"N";;"N";;"N";;"N";;"N";;"N";;"N";;"N";;"N";;"N";;"N";;"N";;"N"
"2025-11-10 19:30";;"N";;"N";;"N";;"N";;"N";;"N";;"N";;"N";;"N";;"N";;"N";;"N";;"N";;"N";;"N";;"N";;"N";;"N"
"2025-11-10 19:45";;"N";;"N";;"N";;"N";;"N";;"N";;"N";;"N";;"N";;"N";;"N";;"N";;"N";;"N";;"N";;"N";;"N";;"N"
"2025-11-10 20:00";;"N";;"N";;"N";;"N";;"N";;"N";;"N";;"N";;"N";;"N";;"N";;"N";;"N";;"N";;"N";;"N";;"N";;"N"
"2025-11-10 20:15";;"N";;"N";;"N";;"N";;"N";;"N";;"N";;"N";;"N";;"N";;"N";;"N";;"N";;"N";;"N";;"N";;"N";;"N"
"2025-11-10 20:30";;"N";;"N";;"N";;"N";;"N";;"N";;"N";;"N";;"N";;"N";;"N";;"N";;"N";;"N";;"N";;"N";;"N";;"N"
"2025-11-10 20:45";;"N";;"N";;"N";;"N";;"N";;"N";;"N";;"N";;"N";;"N";;"N";;"N";;"N";;"N";;"N";;"N";;"N";;"N"
"2025-11-10 21:00";;"N";;"N";;"N";;"N";;"N";;"N";;"N";;"N";;"N";;"N";;"N";;"N";;"N";;"N";;"N";;"N";;"N";;"N"
"2025-11-10 21:15";;"N";;"N";;"N";;"N";;"N";;"N";;"N";;"N";;"N";;"N";;"N";;"N";;"N";;"N";;"N";;"N";;"N";;"N"
"2025-11-10 21:30";;"N";;"N";;"N";;"N";;"N";;"N";;"N";;"N";;"N";;"N";;"N";;"N";;"N";;"N";;"N";;"N";;"N";;"N"
"2025-11-10 21:45";;"N";;"N";;"N";;"N";;"N";;"N";;"N";;"N";;"N";;"N";;"N";;"N";;"N";;"N";;"N";;"N";;"N";;"N"
"2025-11-10 22:00";;"N";;"N";;"N";;"N";;"N";;"N";;"N";;"N";;"N";;"N";;"N";;"N";;"N";;"N";;"N";;"N";;"N";;"N"
"2025-11-10 22:15";;"N";;"N";;"N";;"N";;"N";;"N";;"N";;"N";;"N";;"N";;"N";;"N";;"N";;"N";;"N";;"N";;"N";;"N"
"2025-11-10 22:30";;"N";;"N";;"N";;"N";;"N";;"N";;"N";;"N";;"N";;"N";;"N";;"N";;"N";;"N";;"N";;"N";;"N";;"N"
"2025-11-10 22:45";;"N";;"N";;"N";;"N";;"N";;"N";;"N";;"N";;"N";;"N";;"N";;"N";;"N";;"N";;"N";;"N";;"N";;"N"
"2025-11-10 23:00";;"N";;"N";;"N";;"N";;"N";;"N";;"N";;"N";;"N";;"N";;"N";;"N";;"N";;"N";;"N";;"N";;"N";;"N"
"2025-11-10 23:15";;"N";;"N";;"N";;"N";;"N";;"N";;"N";;"N";;"N";;"N";;"N";;"N";;"N";;"N";;"N";;"N";;"N";;"N"
"2025-11-10 23:30";;"N";;"N";;"N";;"N";;"N";;"N";;"N";;"N";;"N";;"N";;"N";;"N";;"N";;"N";;"N";;"N";;"N";;"N"
"2025-11-10 23:45";;"N";;"N";;"N";;"N";;"N";;"N";;"N";;"N";;"N";;"N";;"N";;"N";;"N";;"N";;"N";;"N";;"N";;"N"
"2025-11-11 00:00";;"N";;"N";;"N";;"N";;"N";;"N";;"N";;"N";;"N";;"N";;"N";;"N";;"N";;"N";;"N";;"N";;"N";;"N"
"2025-11-11 00:15";;"N";;"N";;"N";;"N";;"N";;"N";;"N";;"N";;"N";;"N";;"N";;"N";;"N";;"N";;"N";;"N";;"N";;"N"
"2025-11-11 00:30";;"N";;"N";;"N";;"N";;"N";;"N";;"N";;"N";;"N";;"N";;"N";;"N";;"N";;"N";;"N";;"N";;"N";;"N"
"2025-11-11 00:45";;"N";;"N";;"N";;"N";;"N";;"N";;"N";;"N";;"N";;"N";;"N";;"N";;"N";;"N";;"N";;"N";;"N";;"N"
"2025-11-11 01:00";;"N";;"N";;"N";;"N";;"N";;"N";;"N";;"N";;"N";;"N";;"N";;"N";;"N";;"N";;"N";;"N";;"N";;"N"
"2025-11-11 01:15";;"N";;"N";;"N";;"N";;"N";;"N";;"N";;"N";;"N";;"N";;"N";;"N";;"N";;"N";;"N";;"N";;"N";;"N"
"2025-11-11 01:30";;"N";;"N";;"N";;"N";;"N";;"N";;"N";;"N";;"N";;"N";;"N";;"N";;"N";;"N";;"N";;"N";;"N";;"N"
"2025-11-11 01:45";;"N";;"N";;"N";;"N";;"N";;"N";;"N";;"N";;"N";;"N";;"N";;"N";;"N";;"N";;"N";;"N";;"N";;"N"
"2025-11-11 02:00";;"N";;"N";;"N";;"N";;"N";;"N";;"N";;"N";;"N";;"N";;"N";;"N";;"N";;"N";;"N";;"N";;"N";;"N"
"2025-11-11 02:15";;"N";;"N";;"N";;"N";;"N";;"N";;"N";;"N";;"N";;"N";;"N";;"N";;"N";;"N";;"N";;"N";;"N";;"N"
"2025-11-11 02:30";;"N";;"N";;"N";;"N";;"N";;"N";;"N";;"N";;"N";;"N";;"N";;"N";;"N";;"N";;"N";;"N";;"N";;"N"
"2025-11-11 02:45";;"N";;"N";;"N";;"N";;"N";;"N";;"N";;"N";;"N";;"N";;"N";;"N";;"N";;"N";;"N";;"N";;"N";;"N"
"2025-11-11 03:00";;"N";;"N";;"N";;"N";;"N";;"N";;"N";;"N";;"N";;"N";;"N";;"N";;"N";;"N";;"N";;"N";;"N";;"N"
"2025-11-11 03:15";;"N";;"N";;"N";;"N";;"N";;"N";;"N";;"N";;"N";;"N";;"N";;"N";;"N";;"N";;"N";;"N";;"N";;"N"
"2025-11-11 03:30";;"N";;"N";;"N";;"N";;"N";;"N";;"N";;"N";;"N";;"N";;"N";;"N";;"N";;"N";;"N";;"N";;"N";;"N"
"2025-11-11 03:45";;"N";;"N";;"N";;"N";;"N";;"N";;"N";;"N";;"N";;"N";;"N";;"N";;"N";;"N";;"N";;"N";;"N";;"N"
"2025-11-11 04:00";;"N";;"N";;"N";;"N";;"N";;"N";;"N";;"N";;"N";;"N";;"N";;"N";;"N";;"N";;"N";;"N";;"N";;"N"
"2025-11-11 04:15";;"N";;"N";;"N";;"N";;"N";;"N";;"N";;"N";;"N";;"N";;"N";;"N";;"N";;"N";;"N";;"N";;"N";;"N"
"2025-11-11 04:30";;"N";;"N";;"N";;"N";;"N";;"N";;"N";;"N";;"N";;"N";;"N";;"N";;"N";;"N";;"N";;"N";;"N";;"N"
"2025-11-11 04:45";;"N";;"N";;"N";;"N";;"N";;"N";;"N";;"N";;"N";;"N";;"N";;"N";;"N";;"N";;"N";;"N";;"N";;"N"
"2025-11-11 05:00";;"N";;"N";;"N";;"N";;"N";;"N";;"N";;"N";;"N";;"N";;"N";;"N";;"N";;"N";;"N";;"N";;"N";;"N"
"2025-11-11 05:15";;"N";;"N";;"N";;"N";;"N";;"N";;"N";;"N";;"N";;"N";;"N";;"N";;"N";;"N";;"N";;"N";;"N";;"N"
"2025-11-11 05:30";;"N";;"N";;"N";;"N";;"N";;"N";;"N";;"N";;"N";;"N";;"N";;"N";;"N";;"N";;"N";;"N";;"N";;"N"
"2025-11-11 05:45";;"N";;"N";;"N";;"N";;"N";;"N";;"N";;"N";;"N";;"N";;"N";;"N";;"N";;"N";;"N";;"N";;"N";;"N"
"2025-11-11 06:00";;"N";;"N";;"N";;"N";;"N";;"N";;"N";;"N";;"N";;"N";;"N";;"N";;"N";;"N";;"N";;"N";;"N";;"N"
"2025-11-11 06:15";;"N";;"N";;"N";;"N";;"N";;"N";;"N";;"N";;"N";;"N";;"N";;"N";;"N";;"N";;"N";;"N";;"N";;"N"
"2025-11-11 06:30";;"N";;"N";;"N";;"N";;"N";;"N";;"N";;"N";;"N";;"N";;"N";;"N";;"N";;"N";;"N";;"N";;"N";;"N"
"2025-11-11 06:45";;"N";;"N";;"N";;"N";;"N";;"N";;"N";;"N";;"N";;"N";;"N";;"N";;"N";;"N";;"N";;"N";;"N";;"N"
"2025-11-11 07:00";;"N";;"N";;"N";;"N";;"N";;"N";;"N";;"N";;"N";;"N";;"N";;"N";;"N";;"N";;"N";;"N";;"N";;"N"
"2025-11-11 07:15";;"N";;"N";;"N";;"N";;"N";;"N";;"N";;"N";;"N";;"N";;"N";;"N";;"N";;"N";;"N";;"N";;"N";;"N"
"2025-11-11 07:30";;"N";;"N";;"N";;"N";;"N";;"N";;"N";;"N";;"N";;"N";;"N";;"N";;"N";;"N";;"N";;"N";;"N";;"N"
"2025-11-11 07:45";;"N";;"N";;"N";;"N";;"N";;"N";;"N";;"N";;"N";;"N";;"N";;"N";;"N";;"N";;"N";;"N";;"N";;"N"
"2025-11-11 08:00";;"N";;"N";;"N";;"N";;"N";;"N";;"N";;"N";;"N";;"N";;"N";;"N";;"N";;"N";;"N";;"N";;"N";;"N"
"2025-11-11 08:15";;"N";;"N";;"N";;"N";;"N";;"N";;"N";;"N";;"N";;"N";;"N";;"N";;"N";;"N";;"N";;"N";;"N";;"N"
"2025-11-11 08:30";;"N";;"N";;"N";;"N";;"N";;"N";;"N";;"N";;"N";;"N";;"N";;"N";;"N";;"N";;"N";;"N";;"N";;"N"
"2025-11-11 08:45";;"N";;"N";;"N";;"N";;"N";;"N";;"N";;"N";;"N";;"N";;"N";;"N";;"N";;"N";;"N";;"N";;"N";;"N"
"2025-11-11 09:00";;"N";;"N";;"N";;"N";;"N";;"N";;"N";;"N";;"N";;"N";;"N";;"N";;"N";;"N";;"N";;"N";;"N";;"N"
"2025-11-11 09:15";;"N";;"N";;"N";;"N";;"N";;"N";;"N";;"N";;"N";;"N";;"N";;"N";;"N";;"N";;"N";;"N";;"N";;"N"
"2025-11-11 09:30";;"N";;"N";;"N";;"N";;"N";;"N";;"N";;"N";;"N";;"N";;"N";;"N";;"N";;"N";;"N";;"N";;"N";;"N"
"2025-11-11 09:45";;"N";;"N";;"N";;"N";;"N";;"N";;"N";;"N";;"N";;"N";;"N";;"N";;"N";;"N";;"N";;"N";;"N";;"N"
"2025-11-11 10:00";;"N";;"N";;"N";;"N";;"N";;"N";;"N";;"N";;"N";;"N";;"N";;"N";;"N";;"N";;"N";;"N";;"N";;"N"
"2025-11-11 10:15";;"N";;"N";;"N";;"N";;"N";;"N";;"N";;"N";;"N";;"N";;"N";;"N";;"N";;"N";;"N";;"N";;"N";;"N"
"2025-11-11 10:30";;"N";;"N";;"N";;"N";;"N";;"N";;"N";;"N";;"N";;"N";;"N";;"N";;"N";;"N";;"N";;"N";;"N";;"N"
"2025-11-11 10:45";;"N";;"N";;"N";;"N";;"N";;"N";;"N";;"N";;"N";;"N";;"N";;"N";;"N";;"N";;"N";;"N";;"N";;"N"
"2025-11-11 11:00";;"N";;"N";;"N";;"N";;"N";;"N";;"N";;"N";;"N";;"N";;"N";;"N";;"N";;"N";;"N";;"N";;"N";;"N"
"2025-11-11 11:15";;"N";;"N";;"N";;"N";;"N";;"N";;"N";;"N";;"N";;"N";;"N";;"N";;"N";;"N";;"N";;"N";;"N";;"N"
"2025-11-11 11:30";;"N";;"N";;"N";;"N";;"N";;"N";;"N";;"N";;"N";;"N";;"N";;"N";;"N";;"N";;"N";;"N";;"N";;"N"
"2025-11-11 11:45";;"N";;"N";;"N";;"N";;"N";;"N";;"N";;"N";;"N";;"N";;"N";;"N";;"N";;"N";;"N";;"N";;"N";;"N"
"2025-11-11 12:00";;"N";;"N";;"N";;"N";;"N";;"N";;"N";;"N";;"N";;"N";;"N";;"N";;"N";;"N";;"N";;"N";;"N";;"N"
"2025-11-11 12:15";;"N";;"N";;"N";;"N";;"N";;"N";;"N";;"N";;"N";;"N";;"N";;"N";;"N";;"N";;"N";;"N";;"N";;"N"
"2025-11-11 12:30";;"N";;"N";;"N";;"N";;"N";;"N";;"N";;"N";;"N";;"N";;"N";;"N";;"N";;"N";;"N";;"N";;"N";;"N"
"2025-11-11 12:45";;"N";;"N";;"N";;"N";;"N";;"N";;"N";;"N";;"N";;"N";;"N";;"N";;"N";;"N";;"N";;"N";;"N";;"N"
"2025-11-11 13:00";;"N";;"N";;"N";;"N";;"N";;"N";;"N";;"N";;"N";;"N";;"N";;"N";;"N";;"N";;"N";;"N";;"N";;"N"
"2025-11-11 13:15";;"N";;"N";;"N";;"N";;"N";;"N";;"N";;"N";;"N";;"N";;"N";;"N";;"N";;"N";;"N";;"N";;"N";;"N"
"2025-11-11 13:30";;"N";;"N";;"N";;"N";;"N";;"N";;"N";;"N";;"N";;"N";;"N";;"N";;"N";;"N";;"N";;"N";;"N";;"N"
"2025-11-11 13:45";;"N";;"N";;"N";;"N";;"N";;"N";;"N";;"N";;"N";;"N";;"N";;"N";;"N";;"N";;"N";;"N";;"N";;"N"
"2025-11-11 14:00";;"N";;"N";;"N";;"N";;"N";;"N";;"N";;"N";;"N";;"N";;"N";;"N";;"N";;"N";;"N";;"N";;"N";;"N"
"2025-11-11 14:15";;"N";;"N";;"N";;"N";;"N";;"N";;"N";;"N";;"N";;"N";;"N";;"N";;"N";;"N";;"N";;"N";;"N";;"N"
"2025-11-11 14:30";;"N";;"N";;"N";;"N";;"N";;"N";;"N";;"N";;"N";;"N";;"N";;"N";;"N";;"N";;"N";;"N";;"N";;"N"
"2025-11-11 14:45";;"N";;"N";;"N";;"N";;"N";;"N";;"N";;"N";;"N";;"N";;"N";;"N";;"N";;"N";;"N";;"N";;"N";;"N"
"2025-11-11 15:00";;"N";;"N";;"N";;"N";;"N";;"N";;"N";;"N";;"N";;"N";;"N";;"N";;"N";;"N";;"N";;"N";;"N";;"N"
"2025-11-11 15:15";;"N";;"N";;"N";;"N";;"N";;"N";;"N";;"N";;"N";;"N";;"N";;"N";;"N";;"N";;"N";;"N";;"N";;"N"
"2025-11-11 15:30";;"N";;"N";;"N";;"N";;"N";;"N";;"N";;"N";;"N";;"N";;"N";;"N";;"N";;"N";;"N";;"N";;"N";;"N"
"2025-11-11 15:45";;"N";;"N";;"N";;"N";;"N";;"N";;"N";;"N";;"N";;"N";;"N";;"N";;"N";;"N";;"N";;"N";;"N";;"N"
"2025-11-11 16:00";;"N";;"N";;"N";;"N";;"N";;"N";;"N";;"N";;"N";;"N";;"N";;"N";;"N";;"N";;"N";;"N";;"N";;"N"
"2025-11-11 16:15";;"N";;"N";;"N";;"N";;"N";;"N";;"N";;"N";;"N";;"N";;"N";;"N";;"N";;"N";;"N";;"N";;"N";;"N"
"2025-11-11 16:30";;"N";;"N";;"N";;"N";;"N";;"N";;"N";;"N";;"N";;"N";;"N";;"N";;"N";;"N";;"N";;"N";;"N";;"N"
"2025-11-11 16:45";;"N";;"N";;"N";;"N";;"N";;"N";;"N";;"N";;"N";;"N";;"N";;"N";;"N";;"N";;"N";;"N";;"N";;"N"
"2025-11-11 17:00";;"N";;"N";;"N";;"N";;"N";;"N";;"N";;"N";;"N";;"N";;"N";;"N";;"N";;"N";;"N";;"N";;"N";;"N"
"2025-11-11 17:15";;"N";;"N";;"N";;"N";;"N";;"N";;"N";;"N";;"N";;"N";;"N";;"N";;"N";;"N";;"N";;"N";;"N";;"N"
"2025-11-11 17:30";;"N";;"N";;"N";;"N";;"N";;"N";;"N";;"N";;"N";;"N";;"N";;"N";;"N";;"N";;"N";;"N";;"N";;"N"
"2025-11-11 17:45";;"N";;"N";;"N";;"N";;"N";;"N";;"N";;"N";;"N";;"N";;"N";;"N";;"N";;"N";;"N";;"N";;"N";;"N"
"2025-11-11 18:00";;"N";;"N";;"N";;"N";;"N";;"N";;"N";;"N";;"N";;"N";;"N";;"N";;"N";;"N";;"N";;"N";;"N";;"N"
"2025-11-11 18:15";;"N";;"N";;"N";;"N";;"N";;"N";;"N";;"N";;"N";;"N";;"N";;"N";;"N";;"N";;"N";;"N";;"N";;"N"
"2025-11-11 18:30";;"N";;"N";;"N";;"N";;"N";;"N";;"N";;"N";;"N";;"N";;"N";;"N";;"N";;"N";;"N";;"N";;"N";;"N"
"2025-11-11 18:45";;"N";;"N";;"N";;"N";;"N";;"N";;"N";;"N";;"N";;"N";;"N";;"N";;"N";;"N";;"N";;"N";;"N";;"N"
"2025-11-11 19:00";;"N";;"N";;"N";;"N";;"N";;"N";;"N";;"N";;"N";;"N";;"N";;"N";;"N";;"N";;"N";;"N";;"N";;"N"
"2025-11-11 19:15";;"N";;"N";;"N";;"N";;"N";;"N";;"N";;"N";;"N";;"N";;"N";;"N";;"N";;"N";;"N";;"N";;"N";;"N"
"2025-11-11 19:30";;"N";;"N";;"N";;"N";;"N";;"N";;"N";;"N";;"N";;"N";;"N";;"N";;"N";;"N";;"N";;"N";;"N";;"N"
"2025-11-11 19:45";;"N";;"N";;"N";;"N";;"N";;"N";;"N";;"N";;"N";;"N";;"N";;"N";;"N";;"N";;"N";;"N";;"N";;"N"
"2025-11-11 20:00";;"N";;"N";;"N";;"N";;"N";;"N";;"N";;"N";;"N";;"N";;"N";;"N";;"N";;"N";;"N";;"N";;"N";;"N"
"2025-11-11 20:15";;"N";;"N";;"N";;"N";;"N";;"N";;"N";;"N";;"N";;"N";;"N";;"N";;"N";;"N";;"N";;"N";;"N";;"N"
"2025-11-11 20:30";;"N";;"N";;"N";;"N";;"N";;"N";;"N";;"N";;"N";;"N";;"N";;"N";;"N";;"N";;"N";;"N";;"N";;"N"
"2025-11-11 20:45";;"N";;"N";;"N";;"N";;"N";;"N";;"N";;"N";;"N";;"N";;"N";;"N";;"N";;"N";;"N";;"N";;"N";;"N"
"2025-11-11 21:00";;"N";;"N";;"N";;"N";;"N";;"N";;"N";;"N";;"N";;"N";;"N";;"N";;"N";;"N";;"N";;"N";;"N";;"N"
"2025-11-11 21:15";;"N";;"N";;"N";;"N";;"N";;"N";;"N";;"N";;"N";;"N";;"N";;"N";;"N";;"N";;"N";;"N";;"N";;"N"
"2025-11-11 21:30";;"N";;"N";;"N";;"N";;"N";;"N";;"N";;"N";;"N";;"N";;"N";;"N";;"N";;"N";;"N";;"N";;"N";;"N"
"2025-11-11 21:45";;"N";;"N";;"N";;"N";;"N";;"N";;"N";;"N";;"N";;"N";;"N";;"N";;"N";;"N";;"N";;"N";;"N";;"N"
"2025-11-11 22:00";;"N";;"N";;"N";;"N";;"N";;"N";;"N";;"N";;"N";;"N";;"N";;"N";;"N";;"N";;"N";;"N";;"N";;"N"
"2025-11-11 22:15";;"N";;"N";;"N";;"N";;"N";;"N";;"N";;"N";;"N";;"N";;"N";;"N";;"N";;"N";;"N";;"N";;"N";;"N"
"2025-11-11 22:30";;"N";;"N";;"N";;"N";;"N";;"N";;"N";;"N";;"N";;"N";;"N";;"N";;"N";;"N";;"N";;"N";;"N";;"N"
"2025-11-11 22:45";;"N";;"N";;"N";;"N";;"N";;"N";;"N";;"N";;"N";;"N";;"N";;"N";;"N";;"N";;"N";;"N";;"N";;"N"
"2025-11-11 23:00";;"N";;"N";;"N";;"N";;"N";;"N";;"N";;"N";;"N";;"N";;"N";;"N";;"N";;"N";;"N";;"N";;"N";;"N"
"2025-11-11 23:15";;"N";;"N";;"N";;"N";;"N";;"N";;"N";;"N";;"N";;"N";;"N";;"N";;"N";;"N";;"N";;"N";;"N";;"N"
"2025-11-11 23:30";;"N";;"N";;"N";;"N";;"N";;"N";;"N";;"N";;"N";;"N";;"N";;"N";;"N";;"N";;"N";;"N";;"N";;"N"
"2025-11-11 23:45";;"N";;"N";;"N";;"N";;"N";;"N";;"N";;"N";;"N";;"N";;"N";;"N";;"N";;"N";;"N";;"N";;"N";;"N"
"2025-11-12 00:00";;"N";;"N";;"N";;"N";;"N";;"N";;"N";;"N";;"N";;"N";;"N";;"N";;"N";;"N";;"N";;"N";;"N";;"N"
"2025-11-12 00:15";;"N";;"N";;"N";;"N";;"N";;"N";;"N";;"N";;"N";;"N";;"N";;"N";;"N";;"N";;"N";;"N";;"N";;"N"
"2025-11-12 00:30";;"N";;"N";;"N";;"N";;"N";;"N";;"N";;"N";;"N";;"N";;"N";;"N";;"N";;"N";;"N";;"N";;"N";;"N"
"2025-11-12 00:45";;"N";;"N";;"N";;"N";;"N";;"N";;"N";;"N";;"N";;"N";;"N";;"N";;"N";;"N";;"N";;"N";;"N";;"N"
"2025-11-12 01:00";;"N";;"N";;"N";;"N";;"N";;"N";;"N";;"N";;"N";;"N";;"N";;"N";;"N";;"N";;"N";;"N";;"N";;"N"
"2025-11-12 01:15";;"N";;"N";;"N";;"N";;"N";;"N";;"N";;"N";;"N";;"N";;"N";;"N";;"N";;"N";;"N";;"N";;"N";;"N"
"2025-11-12 01:30";;"N";;"N";;"N";;"N";;"N";;"N";;"N";;"N";;"N";;"N";;"N";;"N";;"N";;"N";;"N";;"N";;"N";;"N"
"2025-11-12 01:45";;"N";;"N";;"N";;"N";;"N";;"N";;"N";;"N";;"N";;"N";;"N";;"N";;"N";;"N";;"N";;"N";;"N";;"N"
"2025-11-12 02:00";;"N";;"N";;"N";;"N";;"N";;"N";;"N";;"N";;"N";;"N";;"N";;"N";;"N";;"N";;"N";;"N";;"N";;"N"
"2025-11-12 02:15";;"N";;"N";;"N";;"N";;"N";;"N";;"N";;"N";;"N";;"N";;"N";;"N";;"N";;"N";;"N";;"N";;"N";;"N"
"2025-11-12 02:30";;"N";;"N";;"N";;"N";;"N";;"N";;"N";;"N";;"N";;"N";;"N";;"N";;"N";;"N";;"N";;"N";;"N";;"N"
"2025-11-12 02:45";;"N";;"N";;"N";;"N";;"N";;"N";;"N";;"N";;"N";;"N";;"N";;"N";;"N";;"N";;"N";;"N";;"N";;"N"
"2025-11-12 03:00";;"N";;"N";;"N";;"N";;"N";;"N";;"N";;"N";;"N";;"N";;"N";;"N";;"N";;"N";;"N";;"N";;"N";;"N"
"2025-11-12 03:15";;"N";;"N";;"N";;"N";;"N";;"N";;"N";;"N";;"N";;"N";;"N";;"N";;"N";;"N";;"N";;"N";;"N";;"N"
"2025-11-12 03:30";;"N";;"N";;"N";;"N";;"N";;"N";;"N";;"N";;"N";;"N";;"N";;"N";;"N";;"N";;"N";;"N";;"N";;"N"
"2025-11-12 03:45";;"N";;"N";;"N";;"N";;"N";;"N";;"N";;"N";;"N";;"N";;"N";;"N";;"N";;"N";;"N";;"N";;"N";;"N"
"2025-11-12 04:00";;"N";;"N";;"N";;"N";;"N";;"N";;"N";;"N";;"N";;"N";;"N";;"N";;"N";;"N";;"N";;"N";;"N";;"N"
"2025-11-12 04:15";;"N";;"N";;"N";;"N";;"N";;"N";;"N";;"N";;"N";;"N";;"N";;"N";;"N";;"N";;"N";;"N";;"N";;"N"
"2025-11-12 04:30";;"N";;"N";;"N";;"N";;"N";;"N";;"N";;"N";;"N";;"N";;"N";;"N";;"N";;"N";;"N";;"N";;"N";;"N"
"2025-11-12 04:45";;"N";;"N";;"N";;"N";;"N";;"N";;"N";;"N";;"N";;"N";;"N";;"N";;"N";;"N";;"N";;"N";;"N";;"N"
"2025-11-12 05:00";;"N";;"N";;"N";;"N";;"N";;"N";;"N";;"N";;"N";;"N";;"N";;"N";;"N";;"N";;"N";;"N";;"N";;"N"
"2025-11-12 05:15";;"N";;"N";;"N";;"N";;"N";;"N";;"N";;"N";;"N";;"N";;"N";;"N";;"N";;"N";;"N";;"N";;"N";;"N"
"2025-11-12 05:30";;"N";;"N";;"N";;"N";;"N";;"N";;"N";;"N";;"N";;"N";;"N";;"N";;"N";;"N";;"N";;"N";;"N";;"N"
"2025-11-12 05:45";;"N";;"N";;"N";;"N";;"N";;"N";;"N";;"N";;"N";;"N";;"N";;"N";;"N";;"N";;"N";;"N";;"N";;"N"
"2025-11-12 06:00";;"N";;"N";;"N";;"N";;"N";;"N";;"N";;"N";;"N";;"N";;"N";;"N";;"N";;"N";;"N";;"N";;"N";;"N"
"2025-11-12 06:15";;"N";;"N";;"N";;"N";;"N";;"N";;"N";;"N";;"N";;"N";;"N";;"N";;"N";;"N";;"N";;"N";;"N";;"N"
"2025-11-12 06:30";;"N";;"N";;"N";;"N";;"N";;"N";;"N";;"N";;"N";;"N";;"N";;"N";;"N";;"N";;"N";;"N";;"N";;"N"
"2025-11-12 06:45";;"N";;"N";;"N";;"N";;"N";;"N";;"N";;"N";;"N";;"N";;"N";;"N";;"N";;"N";;"N";;"N";;"N";;"N"
"2025-11-12 07:00";;"N";;"N";;"N";;"N";;"N";;"N";;"N";;"N";;"N";;"N";;"N";;"N";;"N";;"N";;"N";;"N";;"N";;"N"
"2025-11-12 07:15";;"N";;"N";;"N";;"N";;"N";;"N";;"N";;"N";;"N";;"N";;"N";;"N";;"N";;"N";;"N";;"N";;"N";;"N"
"2025-11-12 07:30";;"N";;"N";;"N";;"N";;"N";;"N";;"N";;"N";;"N";;"N";;"N";;"N";;"N";;"N";;"N";;"N";;"N";;"N"
"2025-11-12 07:45";;"N";;"N";;"N";;"N";;"N";;"N";;"N";;"N";;"N";;"N";;"N";;"N";;"N";;"N";;"N";;"N";;"N";;"N"
"2025-11-12 08:00";;"N";;"N";;"N";;"N";;"N";;"N";;"N";;"N";;"N";;"N";;"N";;"N";;"N";;"N";;"N";;"N";;"N";;"N"
"2025-11-12 08:15";;"N";;"N";;"N";;"N";;"N";;"N";;"N";;"N";;"N";;"N";;"N";;"N";;"N";;"N";;"N";;"N";;"N";;"N"
"2025-11-12 08:30";;"N";;"N";;"N";;"N";;"N";;"N";;"N";;"N";;"N";;"N";;"N";;"N";;"N";;"N";;"N";;"N";;"N";;"N"
"2025-11-12 08:45";;"N";;"N";;"N";;"N";;"N";;"N";;"N";;"N";;"N";;"N";;"N";;"N";;"N";;"N";;"N";;"N";;"N";;"N"
"2025-11-12 09:00";;"N";;"N";;"N";;"N";;"N";;"N";;"N";;"N";;"N";;"N";;"N";;"N";;"N";;"N";;"N";;"N";;"N";;"N"
"2025-11-12 09:15";;"N";;"N";;"N";;"N";;"N";;"N";;"N";;"N";;"N";;"N";;"N";;"N";;"N";;"N";;"N";;"N";;"N";;"N"
"2025-11-12 09:30";;"N";;"N";;"N";;"N";;"N";;"N";;"N";;"N";;"N";;"N";;"N";;"N";;"N";;"N";;"N";;"N";;"N";;"N"
"2025-11-12 09:45";;"N";;"N";;"N";;"N";;"N";;"N";;"N";;"N";;"N";;"N";;"N";;"N";;"N";;"N";;"N";;"N";;"N";;"N"
"2025-11-12 10:00";;"N";;"N";;"N";;"N";;"N";;"N";;"N";;"N";;"N";;"N";;"N";;"N";;"N";;"N";;"N";;"N";;"N";;"N"
"2025-11-12 10:15";;"N";;"N";;"N";;"N";;"N";;"N";;"N";;"N";;"N";;"N";;"N";;"N";;"N";;"N";;"N";;"N";;"N";;"N"
"2025-11-12 10:30";;"N";;"N";;"N";;"N";;"N";;"N";;"N";;"N";;"N";;"N";;"N";;"N";;"N";;"N";;"N";;"N";;"N";;"N"
"2025-11-12 10:45";;"N";;"N";;"N";;"N";;"N";;"N";;"N";;"N";;"N";;"N";;"N";;"N";;"N";;"N";;"N";;"N";;"N";;"N"
"2025-11-12 11:00";;"N";;"N";;"N";;"N";;"N";;"N";;"N";;"N";;"N";;"N";;"N";;"N";;"N";;"N";;"N";;"N";;"N";;"N"
"2025-11-12 11:15";;"N";;"N";;"N";;"N";;"N";;"N";;"N";;"N";;"N";;"N";;"N";;"N";;"N";;"N";;"N";;"N";;"N";;"N"
"2025-11-12 11:30";17.21;"A";3606.2;"A";3648.6;"A";;"N";;"N";;"N";;"N";;"N";;"N";22.09;"A";41.91;"A";992.76;"A";;"N";;"N";;"N";;"N";;"N";;"N"
"2025-11-12 11:45";19.9;"A";3648.93;"A";3691.73;"A";9.84;"A";6.74;"A";4.93;"A";27.34;"A";37.58;"A";10;"A";22.44;"A";41.39;"A";992.58;"A";1;"A";21;"A";10;"A";779;"A";;"N";;"N"
"2025-11-12 12:00";23.18;"A";3680.33;"A";3723.33;"A";8.58;"A";6.25;"A";4.46;"A";28.24;"A";35.64;"A";10;"A";22.8;"A";40.75;"A";992.6;"A";0;"A";26;"A";11;"A";1072;"A";;"N";;"N"
"2025-11-12 12:15";;"N";;"N";;"N";9.24;"A";6.86;"A";4.83;"A";28.92;"A";34.17;"A";10;"A";;"N";;"N";;"N";0;"A";25;"A";11;"A";800;"A";0;"A";110;"A"
"2025-11-12 12:30";28.43;"A";3746.8;"A";3790.47;"A";8.91;"A";6.83;"A";4.91;"A";29.3;"A";32.98;"A";11;"A";22.77;"A";39.82;"A";992.37;"A";0;"A";24;"A";12;"A";587;"A";0;"A";156.67;"A"
"2025-11-12 12:45";31.68;"A";3778.6;"A";3818.2;"A";9.14;"A";6.98;"A";4.99;"A";29.46;"A";32.48;"A";12;"A";22.79;"A";39.44;"A";992.52;"A";0;"A";24;"A";12;"A";530;"A";0;"A";110;"A"
"2025-11-12 13:00";34.89;"A";3813.6;"A";3857.4;"A";10.05;"A";6.95;"A";4.83;"A";29.55;"A";32.24;"A";11;"A";22.83;"A";39.35;"A";992.54;"A";1;"A";24;"A";11;"A";495;"A";0;"A";113.33;"A"
"2025-11-12 13:15";38.14;"A";3831.93;"A";3872.6;"A";9.39;"A";6.44;"A";4.61;"A";29.64;"A";32.15;"A";12;"A";22.88;"A";39.42;"A";992.5;"A";1;"A";22;"A";12;"A";470;"A";0;"A";123.33;"A"
"2025-11-12 13:30";41.35;"A";3864.67;"A";3908.33;"A";8.64;"A";6.45;"A";4.62;"A";29.72;"A";32.22;"A";11;"A";22.96;"A";39.69;"A";992.59;"A";0;"A";23;"A";11;"A";509;"A";0;"A";330;"A"
"2025-11-12 13:45";44.64;"A";3890.87;"A";3934.27;"A";10.62;"A";6.48;"A";4.29;"A";29.77;"A";32.34;"A";11;"A";22.87;"A";39.94;"A";992.46;"A";1;"A";187;"A";11;"A";3131;"A";0;"A";163.33;"A"
"2025-11-12 14:00";;"N";;"N";;"N";;"N";;"N";;"N";;"N";;"N";;"N";;"N";;"N";;"N";;"N";;"N";;"N";;"N";;"N";;"N"
"2025-11-12 14:15";;"N";;"N";;"N";;"N";;"N";;"N";;"N";;"N";;"N";;"N";;"N";;"N";;"N";;"N";;"N";;"N";;"N";;"N"
"2025-11-12 14:30";;"N";;"N";;"N";;"N";;"N";;"N";;"N";;"N";;"N";;"N";;"N";;"N";;"N";;"N";;"N";;"N";;"N";;"N"
"2025-11-12 14:45";;"N";;"N";;"N";;"N";;"N";;"N";;"N";;"N";;"N";;"N";;"N";;"N";;"N";;"N";;"N";;"N";;"N";;"N"
"2025-11-12 15:00";;"N";;"N";;"N";;"N";;"N";;"N";;"N";;"N";;"N";;"N";;"N";;"N";;"N";;"N";;"N";;"N";;"N";;"N"
"2025-11-12 15:15";;"N";;"N";;"N";;"N";;"N";;"N";;"N";;"N";;"N";;"N";;"N";;"N";;"N";;"N";;"N";;"N";;"N";;"N"
"2025-11-12 15:30";;"N";;"N";;"N";;"N";;"N";;"N";;"N";;"N";;"N";;"N";;"N";;"N";;"N";;"N";;"N";;"N";;"N";;"N"
"2025-11-12 15:45";;"N";;"N";;"N";;"N";;"N";;"N";;"N";;"N";;"N";;"N";;"N";;"N";;"N";;"N";;"N";;"N";;"N";;"N"
"2025-11-12 16:00";;"N";;"N";;"N";;"N";;"N";;"N";;"N";;"N";;"N";;"N";;"N";;"N";;"N";;"N";;"N";;"N";;"N";;"N"
"2025-11-12 16:15";;"N";;"N";;"N";;"N";;"N";;"N";;"N";;"N";;"N";;"N";;"N";;"N";;"N";;"N";;"N";;"N";;"N";;"N"
"2025-11-12 16:30";;"N";;"N";;"N";;"N";;"N";;"N";;"N";;"N";;"N";;"N";;"N";;"N";;"N";;"N";;"N";;"N";;"N";;"N"
"2025-11-12 16:45";;"N";;"N";;"N";;"N";;"N";;"N";;"N";;"N";;"N";;"N";;"N";;"N";;"N";;"N";;"N";;"N";;"N";;"N"
"2025-11-12 17:00";;"N";;"N";;"N";;"N";;"N";;"N";;"N";;"N";;"N";;"N";;"N";;"N";;"N";;"N";;"N";;"N";;"N";;"N"
"2025-11-12 17:15";;"N";;"N";;"N";;"N";;"N";;"N";;"N";;"N";;"N";;"N";;"N";;"N";;"N";;"N";;"N";;"N";;"N";;"N"
"2025-11-12 17:30";;"N";;"N";;"N";;"N";;"N";;"N";;"N";;"N";;"N";;"N";;"N";;"N";;"N";;"N";;"N";;"N";;"N";;"N"
"2025-11-12 17:45";;"N";;"N";;"N";;"N";;"N";;"N";;"N";;"N";;"N";;"N";;"N";;"N";;"N";;"N";;"N";;"N";;"N";;"N"
"2025-11-12 18:00";;"N";;"N";;"N";;"N";;"N";;"N";;"N";;"N";;"N";;"N";;"N";;"N";;"N";;"N";;"N";;"N";;"N";;"N"
"2025-11-12 18:15";;"N";;"N";;"N";;"N";;"N";;"N";;"N";;"N";;"N";;"N";;"N";;"N";;"N";;"N";;"N";;"N";;"N";;"N"
"2025-11-12 18:30";;"N";;"N";;"N";;"N";;"N";;"N";;"N";;"N";;"N";;"N";;"N";;"N";;"N";;"N";;"N";;"N";;"N";;"N"
"2025-11-12 18:45";;"N";;"N";;"N";;"N";;"N";;"N";;"N";;"N";;"N";;"N";;"N";;"N";;"N";;"N";;"N";;"N";;"N";;"N"
"2025-11-12 19:00";;"N";;"N";;"N";;"N";;"N";;"N";;"N";;"N";;"N";;"N";;"N";;"N";;"N";;"N";;"N";;"N";;"N";;"N"
"2025-11-12 19:15";;"N";;"N";;"N";;"N";;"N";;"N";;"N";;"N";;"N";;"N";;"N";;"N";;"N";;"N";;"N";;"N";;"N";;"N"
"2025-11-12 19:30";;"N";;"N";;"N";;"N";;"N";;"N";;"N";;"N";;"N";;"N";;"N";;"N";;"N";;"N";;"N";;"N";;"N";;"N"
"2025-11-12 19:45";;"N";;"N";;"N";;"N";;"N";;"N";;"N";;"N";;"N";;"N";;"N";;"N";;"N";;"N";;"N";;"N";;"N";;"N"
"2025-11-12 20:00";;"N";;"N";;"N";;"N";;"N";;"N";;"N";;"N";;"N";;"N";;"N";;"N";;"N";;"N";;"N";;"N";;"N";;"N"
"2025-11-12 20:15";;"N";;"N";;"N";;"N";;"N";;"N";;"N";;"N";;"N";;"N";;"N";;"N";;"N";;"N";;"N";;"N";;"N";;"N"
"2025-11-12 20:30";;"N";;"N";;"N";;"N";;"N";;"N";;"N";;"N";;"N";;"N";;"N";;"N";;"N";;"N";;"N";;"N";;"N";;"N"
"2025-11-12 20:45";;"N";;"N";;"N";;"N";;"N";;"N";;"N";;"N";;"N";;"N";;"N";;"N";;"N";;"N";;"N";;"N";;"N";;"N"
"2025-11-12 21:00";;"N";;"N";;"N";;"N";;"N";;"N";;"N";;"N";;"N";;"N";;"N";;"N";;"N";;"N";;"N";;"N";;"N";;"N"
"2025-11-12 21:15";;"N";;"N";;"N";;"N";;"N";;"N";;"N";;"N";;"N";;"N";;"N";;"N";;"N";;"N";;"N";;"N";;"N";;"N"
"2025-11-12 21:30";;"N";;"N";;"N";;"N";;"N";;"N";;"N";;"N";;"N";;"N";;"N";;"N";;"N";;"N";;"N";;"N";;"N";;"N"
"2025-11-12 21:45";;"N";;"N";;"N";;"N";;"N";;"N";;"N";;"N";;"N";;"N";;"N";;"N";;"N";;"N";;"N";;"N";;"N";;"N"
"2025-11-12 22:00";;"N";;"N";;"N";;"N";;"N";;"N";;"N";;"N";;"N";;"N";;"N";;"N";;"N";;"N";;"N";;"N";;"N";;"N"
"2025-11-12 22:15";;"N";;"N";;"N";;"N";;"N";;"N";;"N";;"N";;"N";;"N";;"N";;"N";;"N";;"N";;"N";;"N";;"N";;"N"
"2025-11-12 22:30";;"N";;"N";;"N";;"N";;"N";;"N";;"N";;"N";;"N";;"N";;"N";;"N";;"N";;"N";;"N";;"N";;"N";;"N"
"2025-11-12 22:45";;"N";;"N";;"N";;"N";;"N";;"N";;"N";;"N";;"N";;"N";;"N";;"N";;"N";;"N";;"N";;"N";;"N";;"N"
"2025-11-12 23:00";;"N";;"N";;"N";;"N";;"N";;"N";;"N";;"N";;"N";;"N";;"N";;"N";;"N";;"N";;"N";;"N";;"N";;"N"
"2025-11-12 23:15";;"N";;"N";;"N";;"N";;"N";;"N";;"N";;"N";;"N";;"N";;"N";;"N";;"N";;"N";;"N";;"N";;"N";;"N"
"2025-11-12 23:30";;"N";;"N";;"N";;"N";;"N";;"N";;"N";;"N";;"N";;"N";;"N";;"N";;"N";;"N";;"N";;"N";;"N";;"N"
"2025-11-12 23:45";;"N";;"N";;"N";;"N";;"N";;"N";;"N";;"N";;"N";;"N";;"N";;"N";;"N";;"N";;"N";;"N";;"N";;"N"
"2025-11-13 00:00";;"N";;"N";;"N";;"N";;"N";;"N";;"N";;"N";;"N";;"N";;"N";;"N";;"N";;"N";;"N";;"N";;"N";;"N"
"2025-11-13 00:15";;"N";;"N";;"N";;"N";;"N";;"N";;"N";;"N";;"N";;"N";;"N";;"N";;"N";;"N";;"N";;"N";;"N";;"N"
"2025-11-13 00:30";;"N";;"N";;"N";;"N";;"N";;"N";;"N";;"N";;"N";;"N";;"N";;"N";;"N";;"N";;"N";;"N";;"N";;"N"
"2025-11-13 00:45";;"N";;"N";;"N";;"N";;"N";;"N";;"N";;"N";;"N";;"N";;"N";;"N";;"N";;"N";;"N";;"N";;"N";;"N"
"2025-11-13 01:00";;"N";;"N";;"N";;"N";;"N";;"N";;"N";;"N";;"N";;"N";;"N";;"N";;"N";;"N";;"N";;"N";;"N";;"N"
"2025-11-13 01:15";;"N";;"N";;"N";;"N";;"N";;"N";;"N";;"N";;"N";;"N";;"N";;"N";;"N";;"N";;"N";;"N";;"N";;"N"
"2025-11-13 01:30";;"N";;"N";;"N";;"N";;"N";;"N";;"N";;"N";;"N";;"N";;"N";;"N";;"N";;"N";;"N";;"N";;"N";;"N"
"2025-11-13 01:45";;"N";;"N";;"N";;"N";;"N";;"N";;"N";;"N";;"N";;"N";;"N";;"N";;"N";;"N";;"N";;"N";;"N";;"N"
"2025-11-13 02:00";;"N";;"N";;"N";;"N";;"N";;"N";;"N";;"N";;"N";;"N";;"N";;"N";;"N";;"N";;"N";;"N";;"N";;"N"
"2025-11-13 02:15";;"N";;"N";;"N";;"N";;"N";;"N";;"N";;"N";;"N";;"N";;"N";;"N";;"N";;"N";;"N";;"N";;"N";;"N"
"2025-11-13 02:30";;"N";;"N";;"N";;"N";;"N";;"N";;"N";;"N";;"N";;"N";;"N";;"N";;"N";;"N";;"N";;"N";;"N";;"N"
"2025-11-13 02:45";;"N";;"N";;"N";;"N";;"N";;"N";;"N";;"N";;"N";;"N";;"N";;"N";;"N";;"N";;"N";;"N";;"N";;"N"
"2025-11-13 03:00";;"N";;"N";;"N";;"N";;"N";;"N";;"N";;"N";;"N";;"N";;"N";;"N";;"N";;"N";;"N";;"N";;"N";;"N"
"2025-11-13 03:15";;"N";;"N";;"N";;"N";;"N";;"N";;"N";;"N";;"N";;"N";;"N";;"N";;"N";;"N";;"N";;"N";;"N";;"N"
"2025-11-13 03:30";;"N";;"N";;"N";;"N";;"N";;"N";;"N";;"N";;"N";;"N";;"N";;"N";;"N";;"N";;"N";;"N";;"N";;"N"
"2025-11-13 03:45";;"N";;"N";;"N";;"N";;"N";;"N";;"N";;"N";;"N";;"N";;"N";;"N";;"N";;"N";;"N";;"N";;"N";;"N"
"2025-11-13 04:00";;"N";;"N";;"N";;"N";;"N";;"N";;"N";;"N";;"N";;"N";;"N";;"N";;"N";;"N";;"N";;"N";;"N";;"N"
"2025-11-13 04:15";;"N";;"N";;"N";;"N";;"N";;"N";;"N";;"N";;"N";;"N";;"N";;"N";;"N";;"N";;"N";;"N";;"N";;"N"
"2025-11-13 04:30";;"N";;"N";;"N";;"N";;"N";;"N";;"N";;"N";;"N";;"N";;"N";;"N";;"N";;"N";;"N";;"N";;"N";;"N"
"2025-11-13 04:45";;"N";;"N";;"N";;"N";;"N";;"N";;"N";;"N";;"N";;"N";;"N";;"N";;"N";;"N";;"N";;"N";;"N";;"N"
"2025-11-13 05:00";;"N";;"N";;"N";;"N";;"N";;"N";;"N";;"N";;"N";;"N";;"N";;"N";;"N";;"N";;"N";;"N";;"N";;"N"
"2025-11-13 05:15";;"N";;"N";;"N";;"N";;"N";;"N";;"N";;"N";;"N";;"N";;"N";;"N";;"N";;"N";;"N";;"N";;"N";;"N"
"2025-11-13 05:30";;"N";;"N";;"N";;"N";;"N";;"N";;"N";;"N";;"N";;"N";;"N";;"N";;"N";;"N";;"N";;"N";;"N";;"N"
"2025-11-13 05:45";;"N";;"N";;"N";;"N";;"N";;"N";;"N";;"N";;"N";;"N";;"N";;"N";;"N";;"N";;"N";;"N";;"N";;"N"
"2025-11-13 06:00";;"N";;"N";;"N";;"N";;"N";;"N";;"N";;"N";;"N";;"N";;"N";;"N";;"N";;"N";;"N";;"N";;"N";;"N"
"2025-11-13 06:15";;"N";;"N";;"N";;"N";;"N";;"N";;"N";;"N";;"N";;"N";;"N";;"N";;"N";;"N";;"N";;"N";;"N";;"N"
"2025-11-13 06:30";;"N";;"N";;"N";;"N";;"N";;"N";;"N";;"N";;"N";;"N";;"N";;"N";;"N";;"N";;"N";;"N";;"N";;"N"
"2025-11-13 06:45";;"N";;"N";;"N";;"N";;"N";;"N";;"N";;"N";;"N";;"N";;"N";;"N";;"N";;"N";;"N";;"N";;"N";;"N"
"2025-11-13 07:00";;"N";;"N";;"N";;"N";;"N";;"N";;"N";;"N";;"N";;"N";;"N";;"N";;"N";;"N";;"N";;"N";;"N";;"N"
"2025-11-13 07:15";;"N";;"N";;"N";;"N";;"N";;"N";;"N";;"N";;"N";;"N";;"N";;"N";;"N";;"N";;"N";;"N";;"N";;"N"
"2025-11-13 07:30";;"N";;"N";;"N";;"N";;"N";;"N";;"N";;"N";;"N";;"N";;"N";;"N";;"N";;"N";;"N";;"N";;"N";;"N"
"2025-11-13 07:45";;"N";;"N";;"N";;"N";;"N";;"N";;"N";;"N";;"N";;"N";;"N";;"N";;"N";;"N";;"N";;"N";;"N";;"N"
"2025-11-13 08:00";;"N";;"N";;"N";;"N";;"N";;"N";;"N";;"N";;"N";;"N";;"N";;"N";;"N";;"N";;"N";;"N";;"N";;"N"
"2025-11-13 08:15";;"N";;"N";;"N";;"N";;"N";;"N";;"N";;"N";;"N";;"N";;"N";;"N";;"N";;"N";;"N";;"N";;"N";;"N"
"2025-11-13 08:30";;"N";;"N";;"N";;"N";;"N";;"N";;"N";;"N";;"N";;"N";;"N";;"N";;"N";;"N";;"N";;"N";;"N";;"N"
"2025-11-13 08:45";;"N";;"N";;"N";;"N";;"N";;"N";;"N";;"N";;"N";;"N";;"N";;"N";;"N";;"N";;"N";;"N";;"N";;"N"
"2025-11-13 09:00";;"N";;"N";;"N";;"N";;"N";;"N";;"N";;"N";;"N";;"N";;"N";;"N";;"N";;"N";;"N";;"N";;"N";;"N"
"2025-11-13 09:15";;"N";;"N";;"N";;"N";;"N";;"N";;"N";;"N";;"N";;"N";;"N";;"N";;"N";;"N";;"N";;"N";;"N";;"N"
"2025-11-13 09:30";;"N";;"N";;"N";;"N";;"N";;"N";;"N";;"N";;"N";;"N";;"N";;"N";;"N";;"N";;"N";;"N";;"N";;"N"
"2025-11-13 09:45";;"N";;"N";;"N";;"N";;"N";;"N";;"N";;"N";;"N";;"N";;"N";;"N";;"N";;"N";;"N";;"N";;"N";;"N"
"2025-11-13 10:00";;"N";;"N";;"N";;"N";;"N";;"N";;"N";;"N";;"N";;"N";;"N";;"N";;"N";;"N";;"N";;"N";;"N";;"N"
"2025-11-13 10:15";;"N";;"N";;"N";;"N";;"N";;"N";;"N";;"N";;"N";;"N";;"N";;"N";;"N";;"N";;"N";;"N";;"N";;"N"
"2025-11-13 10:30";;"N";;"N";;"N";;"N";;"N";;"N";;"N";;"N";;"N";;"N";;"N";;"N";;"N";;"N";;"N";;"N";;"N";;"N"
"2025-11-13 10:45";;"N";;"N";;"N";;"N";;"N";;"N";;"N";;"N";;"N";;"N";;"N";;"N";;"N";;"N";;"N";;"N";;"N";;"N"
"2025-11-13 11:00";;"N";;"N";;"N";;"N";;"N";;"N";;"N";;"N";;"N";;"N";;"N";;"N";;"N";;"N";;"N";;"N";;"N";;"N"
"2025-11-13 11:15";;"N";;"N";;"N";;"N";;"N";;"N";;"N";;"N";;"N";;"N";;"N";;"N";;"N";;"N";;"N";;"N";;"N";;"N"
"2025-11-13 11:30";;"N";;"N";;"N";;"N";;"N";;"N";;"N";;"N";;"N";;"N";;"N";;"N";;"N";;"N";;"N";;"N";;"N";;"N"
"2025-11-13 11:45";;"N";;"N";;"N";;"N";;"N";;"N";;"N";;"N";;"N";;"N";;"N";;"N";;"N";;"N";;"N";;"N";;"N";;"N"
"2025-11-13 12:00";;"N";;"N";;"N";;"N";;"N";;"N";;"N";;"N";;"N";;"N";;"N";;"N";;"N";;"N";;"N";;"N";;"N";;"N"
"2025-11-13 12:15";;"N";;"N";;"N";;"N";;"N";;"N";;"N";;"N";;"N";;"N";;"N";;"N";;"N";;"N";;"N";;"N";;"N";;"N"
"2025-11-13 12:30";;"N";;"N";;"N";;"N";;"N";;"N";;"N";;"N";;"N";;"N";;"N";;"N";;"N";;"N";;"N";;"N";;"N";;"N"
"2025-11-13 12:45";;"N";;"N";;"N";;"N";;"N";;"N";;"N";;"N";;"N";;"N";;"N";;"N";;"N";;"N";;"N";;"N";;"N";;"N"
"2025-11-13 13:00";;"N";;"N";;"N";;"N";;"N";;"N";;"N";;"N";;"N";;"N";;"N";;"N";;"N";;"N";;"N";;"N";;"N";;"N"
"2025-11-13 13:15";;"N";;"N";;"N";;"N";;"N";;"N";;"N";;"N";;"N";;"N";;"N";;"N";;"N";;"N";;"N";;"N";;"N";;"N"
"2025-11-13 13:30";;"N";;"N";;"N";;"N";;"N";;"N";;"N";;"N";;"N";;"N";;"N";;"N";;"N";;"N";;"N";;"N";;"N";;"N"
"2025-11-13 13:45";;"N";;"N";;"N";;"N";;"N";;"N";;"N";;"N";;"N";;"N";;"N";;"N";;"N";;"N";;"N";;"N";;"N";;"N"
"2025-11-13 14:00";;"N";;"N";;"N";;"N";;"N";;"N";;"N";;"N";;"N";;"N";;"N";;"N";;"N";;"N";;"N";;"N";;"N";;"N"
"2025-11-13 14:15";;"N";;"N";;"N";;"N";;"N";;"N";;"N";;"N";;"N";;"N";;"N";;"N";;"N";;"N";;"N";;"N";;"N";;"N"
"2025-11-13 14:30";;"N";;"N";;"N";;"N";;"N";;"N";;"N";;"N";;"N";;"N";;"N";;"N";;"N";;"N";;"N";;"N";;"N";;"N"
"2025-11-13 14:45";;"N";;"N";;"N";;"N";;"N";;"N";;"N";;"N";;"N";;"N";;"N";;"N";;"N";;"N";;"N";;"N";;"N";;"N"
"2025-11-13 15:00";;"N";;"N";;"N";;"N";;"N";;"N";;"N";;"N";;"N";;"N";;"N";;"N";;"N";;"N";;"N";;"N";;"N";;"N"
"2025-11-13 15:15";;"N";;"N";;"N";;"N";;"N";;"N";;"N";;"N";;"N";;"N";;"N";;"N";;"N";;"N";;"N";;"N";;"N";;"N"
"2025-11-13 15:30";;"N";;"N";;"N";;"N";;"N";;"N";;"N";;"N";;"N";;"N";;"N";;"N";;"N";;"N";;"N";;"N";;"N";;"N"
"2025-11-13 15:45";;"N";;"N";;"N";;"N";;"N";;"N";;"N";;"N";;"N";;"N";;"N";;"N";;"N";;"N";;"N";;"N";;"N";;"N"
"2025-11-13 16:00";;"N";;"N";;"N";;"N";;"N";;"N";;"N";;"N";;"N";;"N";;"N";;"N";;"N";;"N";;"N";;"N";;"N";;"N"
"2025-11-13 16:15";;"N";;"N";;"N";;"N";;"N";;"N";;"N";;"N";;"N";;"N";;"N";;"N";;"N";;"N";;"N";;"N";;"N";;"N"
"2025-11-13 16:30";;"N";;"N";;"N";;"N";;"N";;"N";;"N";;"N";;"N";;"N";;"N";;"N";;"N";;"N";;"N";;"N";;"N";;"N"
"2025-11-13 16:45";;"N";;"N";;"N";;"N";;"N";;"N";;"N";;"N";;"N";;"N";;"N";;"N";;"N";;"N";;"N";;"N";;"N";;"N"
"2025-11-13 17:00";;"N";;"N";;"N";;"N";;"N";;"N";;"N";;"N";;"N";;"N";;"N";;"N";;"N";;"N";;"N";;"N";;"N";;"N"
"2025-11-13 17:15";;"N";;"N";;"N";;"N";;"N";;"N";;"N";;"N";;"N";;"N";;"N";;"N";;"N";;"N";;"N";;"N";;"N";;"N"
"2025-11-13 17:30";;"N";;"N";;"N";;"N";;"N";;"N";;"N";;"N";;"N";;"N";;"N";;"N";;"N";;"N";;"N";;"N";;"N";;"N"
"2025-11-13 17:45";;"N";;"N";;"N";;"N";;"N";;"N";;"N";;"N";;"N";;"N";;"N";;"N";;"N";;"N";;"N";;"N";;"N";;"N"
"2025-11-13 18:00";;"N";;"N";;"N";;"N";;"N";;"N";;"N";;"N";;"N";;"N";;"N";;"N";;"N";;"N";;"N";;"N";;"N";;"N"
"2025-11-13 18:15";;"N";;"N";;"N";;"N";;"N";;"N";;"N";;"N";;"N";;"N";;"N";;"N";;"N";;"N";;"N";;"N";;"N";;"N"
"2025-11-13 18:30";;"N";;"N";;"N";;"N";;"N";;"N";;"N";;"N";;"N";;"N";;"N";;"N";;"N";;"N";;"N";;"N";;"N";;"N"
"2025-11-13 18:45";;"N";;"N";;"N";;"N";;"N";;"N";;"N";;"N";;"N";;"N";;"N";;"N";;"N";;"N";;"N";;"N";;"N";;"N"
"2025-11-13 19:00";;"N";;"N";;"N";;"N";;"N";;"N";;"N";;"N";;"N";;"N";;"N";;"N";;"N";;"N";;"N";;"N";;"N";;"N"
"2025-11-13 19:15";;"N";;"N";;"N";;"N";;"N";;"N";;"N";;"N";;"N";;"N";;"N";;"N";;"N";;"N";;"N";;"N";;"N";;"N"
"2025-11-13 19:30";;"N";;"N";;"N";;"N";;"N";;"N";;"N";;"N";;"N";;"N";;"N";;"N";;"N";;"N";;"N";;"N";;"N";;"N"
"2025-11-13 19:45";;"N";;"N";;"N";;"N";;"N";;"N";;"N";;"N";;"N";;"N";;"N";;"N";;"N";;"N";;"N";;"N";;"N";;"N"
"2025-11-13 20:00";;"N";;"N";;"N";;"N";;"N";;"N";;"N";;"N";;"N";;"N";;"N";;"N";;"N";;"N";;"N";;"N";;"N";;"N"
"2025-11-13 20:15";;"N";;"N";;"N";;"N";;"N";;"N";;"N";;"N";;"N";;"N";;"N";;"N";;"N";;"N";;"N";;"N";;"N";;"N"
"2025-11-13 20:30";;"N";;"N";;"N";;"N";;"N";;"N";;"N";;"N";;"N";;"N";;"N";;"N";;"N";;"N";;"N";;"N";;"N";;"N"
"2025-11-13 20:45";;"N";;"N";;"N";;"N";;"N";;"N";;"N";;"N";;"N";;"N";;"N";;"N";;"N";;"N";;"N";;"N";;"N";;"N"
"2025-11-13 21:00";;"N";;"N";;"N";;"N";;"N";;"N";;"N";;"N";;"N";;"N";;"N";;"N";;"N";;"N";;"N";;"N";;"N";;"N"
"2025-11-13 21:15";;"N";;"N";;"N";;"N";;"N";;"N";;"N";;"N";;"N";;"N";;"N";;"N";;"N";;"N";;"N";;"N";;"N";;"N"
"2025-11-13 21:30";;"N";;"N";;"N";;"N";;"N";;"N";;"N";;"N";;"N";;"N";;"N";;"N";;"N";;"N";;"N";;"N";;"N";;"N"
"2025-11-13 21:45";;"N";;"N";;"N";;"N";;"N";;"N";;"N";;"N";;"N";;"N";;"N";;"N";;"N";;"N";;"N";;"N";;"N";;"N"
"2025-11-13 22:00";;"N";;"N";;"N";;"N";;"N";;"N";;"N";;"N";;"N";;"N";;"N";;"N";;"N";;"N";;"N";;"N";;"N";;"N"
"2025-11-13 22:15";;"N";;"N";;"N";;"N";;"N";;"N";;"N";;"N";;"N";;"N";;"N";;"N";;"N";;"N";;"N";;"N";;"N";;"N"
"2025-11-13 22:30";;"N";;"N";;"N";;"N";;"N";;"N";;"N";;"N";;"N";;"N";;"N";;"N";;"N";;"N";;"N";;"N";;"N";;"N"
"2025-11-13 22:45";;"N";;"N";;"N";;"N";;"N";;"N";;"N";;"N";;"N";;"N";;"N";;"N";;"N";;"N";;"N";;"N";;"N";;"N"
"2025-11-13 23:00";;"N";;"N";;"N";;"N";;"N";;"N";;"N";;"N";;"N";;"N";;"N";;"N";;"N";;"N";;"N";;"N";;"N";;"N"
"2025-11-13 23:15";;"N";;"N";;"N";;"N";;"N";;"N";;"N";;"N";;"N";;"N";;"N";;"N";;"N";;"N";;"N";;"N";;"N";;"N"
"2025-11-13 23:30";;"N";;"N";;"N";;"N";;"N";;"N";;"N";;"N";;"N";;"N";;"N";;"N";;"N";;"N";;"N";;"N";;"N";;"N"
"2025-11-13 23:45";;"N";;"N";;"N";;"N";;"N";;"N";;"N";;"N";;"N";;"N";;"N";;"N";;"N";;"N";;"N";;"N";;"N";;"N"
"2025-11-14 00:00";;"N";;"N";;"N";;"N";;"N";;"N";;"N";;"N";;"N";;"N";;"N";;"N";;"N";;"N";;"N";;"N";;"N";;"N"
"2025-11-14 00:15";;"N";;"N";;"N";;"N";;"N";;"N";;"N";;"N";;"N";;"N";;"N";;"N";;"N";;"N";;"N";;"N";;"N";;"N"
"2025-11-14 00:30";;"N";;"N";;"N";;"N";;"N";;"N";;"N";;"N";;"N";;"N";;"N";;"N";;"N";;"N";;"N";;"N";;"N";;"N"
"2025-11-14 00:45";;"N";;"N";;"N";;"N";;"N";;"N";;"N";;"N";;"N";;"N";;"N";;"N";;"N";;"N";;"N";;"N";;"N";;"N"
"2025-11-14 01:00";;"N";;"N";;"N";;"N";;"N";;"N";;"N";;"N";;"N";;"N";;"N";;"N";;"N";;"N";;"N";;"N";;"N";;"N"
"2025-11-14 01:15";;"N";;"N";;"N";;"N";;"N";;"N";;"N";;"N";;"N";;"N";;"N";;"N";;"N";;"N";;"N";;"N";;"N";;"N"
"2025-11-14 01:30";;"N";;"N";;"N";;"N";;"N";;"N";;"N";;"N";;"N";;"N";;"N";;"N";;"N";;"N";;"N";;"N";;"N";;"N"
"2025-11-14 01:45";;"N";;"N";;"N";;"N";;"N";;"N";;"N";;"N";;"N";;"N";;"N";;"N";;"N";;"N";;"N";;"N";;"N";;"N"
"2025-11-14 02:00";;"N";;"N";;"N";;"N";;"N";;"N";;"N";;"N";;"N";;"N";;"N";;"N";;"N";;"N";;"N";;"N";;"N";;"N"
"2025-11-14 02:15";;"N";;"N";;"N";;"N";;"N";;"N";;"N";;"N";;"N";;"N";;"N";;"N";;"N";;"N";;"N";;"N";;"N";;"N"
"2025-11-14 02:30";;"N";;"N";;"N";;"N";;"N";;"N";;"N";;"N";;"N";;"N";;"N";;"N";;"N";;"N";;"N";;"N";;"N";;"N"
"2025-11-14 02:45";;"N";;"N";;"N";;"N";;"N";;"N";;"N";;"N";;"N";;"N";;"N";;"N";;"N";;"N";;"N";;"N";;"N";;"N"
"2025-11-14 03:00";;"N";;"N";;"N";;"N";;"N";;"N";;"N";;"N";;"N";;"N";;"N";;"N";;"N";;"N";;"N";;"N";;"N";;"N"
"2025-11-14 03:15";;"N";;"N";;"N";;"N";;"N";;"N";;"N";;"N";;"N";;"N";;"N";;"N";;"N";;"N";;"N";;"N";;"N";;"N"
"2025-11-14 03:30";;"N";;"N";;"N";;"N";;"N";;"N";;"N";;"N";;"N";;"N";;"N";;"N";;"N";;"N";;"N";;"N";;"N";;"N"
"2025-11-14 03:45";;"N";;"N";;"N";;"N";;"N";;"N";;"N";;"N";;"N";;"N";;"N";;"N";;"N";;"N";;"N";;"N";;"N";;"N"
"2025-11-14 04:00";;"N";;"N";;"N";;"N";;"N";;"N";;"N";;"N";;"N";;"N";;"N";;"N";;"N";;"N";;"N";;"N";;"N";;"N"
"2025-11-14 04:15";;"N";;"N";;"N";;"N";;"N";;"N";;"N";;"N";;"N";;"N";;"N";;"N";;"N";;"N";;"N";;"N";;"N";;"N"
"2025-11-14 04:30";;"N";;"N";;"N";;"N";;"N";;"N";;"N";;"N";;"N";;"N";;"N";;"N";;"N";;"N";;"N";;"N";;"N";;"N"
"2025-11-14 04:45";;"N";;"N";;"N";;"N";;"N";;"N";;"N";;"N";;"N";;"N";;"N";;"N";;"N";;"N";;"N";;"N";;"N";;"N"
"2025-11-14 05:00";;"N";;"N";;"N";;"N";;"N";;"N";;"N";;"N";;"N";;"N";;"N";;"N";;"N";;"N";;"N";;"N";;"N";;"N"
"2025-11-14 05:15";;"N";;"N";;"N";;"N";;"N";;"N";;"N";;"N";;"N";;"N";;"N";;"N";;"N";;"N";;"N";;"N";;"N";;"N"
"2025-11-14 05:30";;"N";;"N";;"N";;"N";;"N";;"N";;"N";;"N";;"N";;"N";;"N";;"N";;"N";;"N";;"N";;"N";;"N";;"N"
"2025-11-14 05:45";;"N";;"N";;"N";;"N";;"N";;"N";;"N";;"N";;"N";;"N";;"N";;"N";;"N";;"N";;"N";;"N";;"N";;"N"
"2025-11-14 06:00";;"N";;"N";;"N";;"N";;"N";;"N";;"N";;"N";;"N";;"N";;"N";;"N";;"N";;"N";;"N";;"N";;"N";;"N"
"2025-11-14 06:15";;"N";;"N";;"N";;"N";;"N";;"N";;"N";;"N";;"N";;"N";;"N";;"N";;"N";;"N";;"N";;"N";;"N";;"N"
"2025-11-14 06:30";;"N";;"N";;"N";;"N";;"N";;"N";;"N";;"N";;"N";;"N";;"N";;"N";;"N";;"N";;"N";;"N";;"N";;"N"
"2025-11-14 06:45";;"N";;"N";;"N";;"N";;"N";;"N";;"N";;"N";;"N";;"N";;"N";;"N";;"N";;"N";;"N";;"N";;"N";;"N"
"2025-11-14 07:00";;"N";;"N";;"N";;"N";;"N";;"N";;"N";;"N";;"N";;"N";;"N";;"N";;"N";;"N";;"N";;"N";;"N";;"N"
"2025-11-14 07:15";;"N";;"N";;"N";;"N";;"N";;"N";;"N";;"N";;"N";;"N";;"N";;"N";;"N";;"N";;"N";;"N";;"N";;"N"
"2025-11-14 07:30";;"N";;"N";;"N";;"N";;"N";;"N";;"N";;"N";;"N";;"N";;"N";;"N";;"N";;"N";;"N";;"N";;"N";;"N"
"2025-11-14 07:45";;"N";;"N";;"N";;"N";;"N";;"N";;"N";;"N";;"N";;"N";;"N";;"N";;"N";;"N";;"N";;"N";;"N";;"N"
"2025-11-14 08:00";;"N";;"N";;"N";;"N";;"N";;"N";;"N";;"N";;"N";;"N";;"N";;"N";;"N";;"N";;"N";;"N";;"N";;"N"
"2025-11-14 08:15";;"N";;"N";;"N";;"N";;"N";;"N";;"N";;"N";;"N";;"N";;"N";;"N";;"N";;"N";;"N";;"N";;"N";;"N"
"2025-11-14 08:30";;"N";;"N";;"N";;"N";;"N";;"N";;"N";;"N";;"N";;"N";;"N";;"N";;"N";;"N";;"N";;"N";;"N";;"N"
"2025-11-14 08:45";;"N";;"N";;"N";;"N";;"N";;"N";;"N";;"N";;"N";;"N";;"N";;"N";;"N";;"N";;"N";;"N";;"N";;"N"
"2025-11-14 09:00";;"N";;"N";;"N";;"N";;"N";;"N";;"N";;"N";;"N";;"N";;"N";;"N";;"N";;"N";;"N";;"N";;"N";;"N"
"2025-11-14 09:15";;"N";;"N";;"N";;"N";;"N";;"N";;"N";;"N";;"N";;"N";;"N";;"N";;"N";;"N";;"N";;"N";;"N";;"N"
"2025-11-14 09:30";;"N";;"N";;"N";;"N";;"N";;"N";;"N";;"N";;"N";;"N";;"N";;"N";;"N";;"N";;"N";;"N";;"N";;"N"
"2025-11-14 09:45";;"N";;"N";;"N";;"N";;"N";;"N";;"N";;"N";;"N";;"N";;"N";;"N";;"N";;"N";;"N";;"N";;"N";;"N"
"2025-11-14 10:00";;"N";;"N";;"N";;"N";;"N";;"N";;"N";;"N";;"N";;"N";;"N";;"N";;"N";;"N";;"N";;"N";;"N";;"N"
"2025-11-14 10:15";;"N";;"N";;"N";;"N";;"N";;"N";;"N";;"N";;"N";;"N";;"N";;"N";;"N";;"N";;"N";;"N";;"N";;"N"
"2025-11-14 10:30";;"N";;"N";;"N";;"N";;"N";;"N";;"N";;"N";;"N";;"N";;"N";;"N";;"N";;"N";;"N";;"N";;"N";;"N"
"2025-11-14 10:45";;"N";;"N";;"N";;"N";;"N";;"N";;"N";;"N";;"N";;"N";;"N";;"N";;"N";;"N";;"N";;"N";;"N";;"N"
"2025-11-14 11:00";;"N";;"N";;"N";;"N";;"N";;"N";;"N";;"N";;"N";;"N";;"N";;"N";;"N";;"N";;"N";;"N";;"N";;"N"
"2025-11-14 11:15";;"N";;"N";;"N";;"N";;"N";;"N";;"N";;"N";;"N";;"N";;"N";;"N";;"N";;"N";;"N";;"N";;"N";;"N"
"2025-11-14 11:30";;"N";;"N";;"N";;"N";;"N";;"N";;"N";;"N";;"N";;"N";;"N";;"N";;"N";;"N";;"N";;"N";;"N";;"N"
"2025-11-14 11:45";;"N";;"N";;"N";;"N";;"N";;"N";;"N";;"N";;"N";;"N";;"N";;"N";;"N";;"N";;"N";;"N";;"N";;"N"
"2025-11-14 12:00";;"N";;"N";;"N";;"N";;"N";;"N";;"N";;"N";;"N";;"N";;"N";;"N";;"N";;"N";;"N";;"N";;"N";;"N"
"2025-11-14 12:15";;"N";;"N";;"N";;"N";;"N";;"N";;"N";;"N";;"N";;"N";;"N";;"N";;"N";;"N";;"N";;"N";;"N";;"N"
"2025-11-14 12:30";;"N";;"N";;"N";;"N";;"N";;"N";;"N";;"N";;"N";;"N";;"N";;"N";;"N";;"N";;"N";;"N";;"N";;"N"
"2025-11-14 12:45";;"N";;"N";;"N";;"N";;"N";;"N";;"N";;"N";;"N";;"N";;"N";;"N";;"N";;"N";;"N";;"N";;"N";;"N"
"2025-11-14 13:00";;"N";;"N";;"N";;"N";;"N";;"N";;"N";;"N";;"N";;"N";;"N";;"N";;"N";;"N";;"N";;"N";;"N";;"N"
"2025-11-14 13:15";;"N";;"N";;"N";;"N";;"N";;"N";;"N";;"N";;"N";;"N";;"N";;"N";;"N";;"N";;"N";;"N";;"N";;"N"
"2025-11-14 13:30";;"N";;"N";;"N";;"N";;"N";;"N";;"N";;"N";;"N";;"N";;"N";;"N";;"N";;"N";;"N";;"N";;"N";;"N"
"2025-11-14 13:45";;"N";;"N";;"N";;"N";;"N";;"N";;"N";;"N";;"N";;"N";;"N";;"N";;"N";;"N";;"N";;"N";;"N";;"N"
"2025-11-14 14:00";;"N";;"N";;"N";;"N";;"N";;"N";;"N";;"N";;"N";;"N";;"N";;"N";;"N";;"N";;"N";;"N";;"N";;"N"
"2025-11-14 14:15";;"N";;"N";;"N";;"N";;"N";;"N";;"N";;"N";;"N";;"N";;"N";;"N";;"N";;"N";;"N";;"N";;"N";;"N"
"2025-11-14 14:30";;"N";;"N";;"N";;"N";;"N";;"N";;"N";;"N";;"N";;"N";;"N";;"N";;"N";;"N";;"N";;"N";;"N";;"N"
"2025-11-14 14:45";;"N";;"N";;"N";;"N";;"N";;"N";;"N";;"N";;"N";;"N";;"N";;"N";;"N";;"N";;"N";;"N";;"N";;"N"
"2025-11-14 15:00";;"N";;"N";;"N";;"N";;"N";;"N";;"N";;"N";;"N";;"N";;"N";;"N";;"N";;"N";;"N";;"N";;"N";;"N"
"2025-11-14 15:15";;"N";;"N";;"N";;"N";;"N";;"N";;"N";;"N";;"N";;"N";;"N";;"N";;"N";;"N";;"N";;"N";;"N";;"N"
"2025-11-14 15:30";;"N";;"N";;"N";;"N";;"N";;"N";;"N";;"N";;"N";;"N";;"N";;"N";;"N";;"N";;"N";;"N";;"N";;"N"
"2025-11-14 15:45";;"N";;"N";;"N";;"N";;"N";;"N";;"N";;"N";;"N";;"N";;"N";;"N";;"N";;"N";;"N";;"N";;"N";;"N"
"2025-11-14 16:00";;"N";;"N";;"N";;"N";;"N";;"N";;"N";;"N";;"N";;"N";;"N";;"N";;"N";;"N";;"N";;"N";;"N";;"N"
"2025-11-14 16:15";;"N";;"N";;"N";;"N";;"N";;"N";;"N";;"N";;"N";;"N";;"N";;"N";;"N";;"N";;"N";;"N";;"N";;"N"
"2025-11-14 16:30";;"N";;"N";;"N";;"N";;"N";;"N";;"N";;"N";;"N";;"N";;"N";;"N";;"N";;"N";;"N";;"N";;"N";;"N"
"2025-11-14 16:45";;"N";;"N";;"N";;"N";;"N";;"N";;"N";;"N";;"N";;"N";;"N";;"N";;"N";;"N";;"N";;"N";;"N";;"N"
"2025-11-14 17:00";;"N";;"N";;"N";;"N";;"N";;"N";;"N";;"N";;"N";;"N";;"N";;"N";;"N";;"N";;"N";;"N";;"N";;"N"
"2025-11-14 17:15";;"N";;"N";;"N";;"N";;"N";;"N";;"N";;"N";;"N";;"N";;"N";;"N";;"N";;"N";;"N";;"N";;"N";;"N"
"2025-11-14 17:30";;"N";;"N";;"N";;"N";;"N";;"N";;"N";;"N";;"N";;"N";;"N";;"N";;"N";;"N";;"N";;"N";;"N";;"N"
"2025-11-14 17:45";;"N";;"N";;"N";;"N";;"N";;"N";;"N";;"N";;"N";;"N";;"N";;"N";;"N";;"N";;"N";;"N";;"N";;"N"
"2025-11-14 18:00";;"N";;"N";;"N";;"N";;"N";;"N";;"N";;"N";;"N";;"N";;"N";;"N";;"N";;"N";;"N";;"N";;"N";;"N"
"2025-11-14 18:15";;"N";;"N";;"N";;"N";;"N";;"N";;"N";;"N";;"N";;"N";;"N";;"N";;"N";;"N";;"N";;"N";;"N";;"N"
"2025-11-14 18:30";;"N";;"N";;"N";;"N";;"N";;"N";;"N";;"N";;"N";;"N";;"N";;"N";;"N";;"N";;"N";;"N";;"N";;"N"
"2025-11-14 18:45";;"N";;"N";;"N";;"N";;"N";;"N";;"N";;"N";;"N";;"N";;"N";;"N";;"N";;"N";;"N";;"N";;"N";;"N"
"2025-11-14 19:00";;"N";;"N";;"N";;"N";;"N";;"N";;"N";;"N";;"N";;"N";;"N";;"N";;"N";;"N";;"N";;"N";;"N";;"N"
"2025-11-14 19:15";;"N";;"N";;"N";;"N";;"N";;"N";;"N";;"N";;"N";;"N";;"N";;"N";;"N";;"N";;"N";;"N";;"N";;"N"
"2025-11-14 19:30";;"N";;"N";;"N";;"N";;"N";;"N";;"N";;"N";;"N";;"N";;"N";;"N";;"N";;"N";;"N";;"N";;"N";;"N"
"2025-11-14 19:45";;"N";;"N";;"N";;"N";;"N";;"N";;"N";;"N";;"N";;"N";;"N";;"N";;"N";;"N";;"N";;"N";;"N";;"N"
"2025-11-14 20:00";;"N";;"N";;"N";;"N";;"N";;"N";;"N";;"N";;"N";;"N";;"N";;"N";;"N";;"N";;"N";;"N";;"N";;"N"
"2025-11-14 20:15";;"N";;"N";;"N";;"N";;"N";;"N";;"N";;"N";;"N";;"N";;"N";;"N";;"N";;"N";;"N";;"N";;"N";;"N"
"2025-11-14 20:30";;"N";;"N";;"N";;"N";;"N";;"N";;"N";;"N";;"N";;"N";;"N";;"N";;"N";;"N";;"N";;"N";;"N";;"N"
"2025-11-14 20:45";;"N";;"N";;"N";;"N";;"N";;"N";;"N";;"N";;"N";;"N";;"N";;"N";;"N";;"N";;"N";;"N";;"N";;"N"
"2025-11-14 21:00";;"N";;"N";;"N";;"N";;"N";;"N";;"N";;"N";;"N";;"N";;"N";;"N";;"N";;"N";;"N";;"N";;"N";;"N"
"2025-11-14 21:15";;"N";;"N";;"N";;"N";;"N";;"N";;"N";;"N";;"N";;"N";;"N";;"N";;"N";;"N";;"N";;"N";;"N";;"N"
"2025-11-14 21:30";;"N";;"N";;"N";;"N";;"N";;"N";;"N";;"N";;"N";;"N";;"N";;"N";;"N";;"N";;"N";;"N";;"N";;"N"
"2025-11-14 21:45";;"N";;"N";;"N";;"N";;"N";;"N";;"N";;"N";;"N";;"N";;"N";;"N";;"N";;"N";;"N";;"N";;"N";;"N"
"2025-11-14 22:00";;"N";;"N";;"N";;"N";;"N";;"N";;"N";;"N";;"N";;"N";;"N";;"N";;"N";;"N";;"N";;"N";;"N";;"N"
"2025-11-14 22:15";;"N";;"N";;"N";;"N";;"N";;"N";;"N";;"N";;"N";;"N";;"N";;"N";;"N";;"N";;"N";;"N";;"N";;"N"
"2025-11-14 22:30";;"N";;"N";;"N";;"N";;"N";;"N";;"N";;"N";;"N";;"N";;"N";;"N";;"N";;"N";;"N";;"N";;"N";;"N"
"2025-11-14 22:45";;"N";;"N";;"N";;"N";;"N";;"N";;"N";;"N";;"N";;"N";;"N";;"N";;"N";;"N";;"N";;"N";;"N";;"N"
"2025-11-14 23:00";;"N";;"N";;"N";;"N";;"N";;"N";;"N";;"N";;"N";;"N";;"N";;"N";;"N";;"N";;"N";;"N";;"N";;"N"
"2025-11-14 23:15";;"N";;"N";;"N";;"N";;"N";;"N";;"N";;"N";;"N";;"N";;"N";;"N";;"N";;"N";;"N";;"N";;"N";;"N"
"2025-11-14 23:30";;"N";;"N";;"N";;"N";;"N";;"N";;"N";;"N";;"N";;"N";;"N";;"N";;"N";;"N";;"N";;"N";;"N";;"N"
"2025-11-14 23:45";;"N";;"N";;"N";;"N";;"N";;"N";;"N";;"N";;"N";;"N";;"N";;"N";;"N";;"N";;"N";;"N";;"N";;"N"
"2025-11-15 00:00";;"N";;"N";;"N";;"N";;"N";;"N";;"N";;"N";;"N";;"N";;"N";;"N";;"N";;"N";;"N";;"N";;"N";;"N"
"2025-11-15 00:15";;"N";;"N";;"N";;"N";;"N";;"N";;"N";;"N";;"N";;"N";;"N";;"N";;"N";;"N";;"N";;"N";;"N";;"N"
"2025-11-15 00:30";;"N";;"N";;"N";;"N";;"N";;"N";;"N";;"N";;"N";;"N";;"N";;"N";;"N";;"N";;"N";;"N";;"N";;"N"
"2025-11-15 00:45";;"N";;"N";;"N";;"N";;"N";;"N";;"N";;"N";;"N";;"N";;"N";;"N";;"N";;"N";;"N";;"N";;"N";;"N"
"2025-11-15 01:00";;"N";;"N";;"N";;"N";;"N";;"N";;"N";;"N";;"N";;"N";;"N";;"N";;"N";;"N";;"N";;"N";;"N";;"N"
"2025-11-15 01:15";;"N";;"N";;"N";;"N";;"N";;"N";;"N";;"N";;"N";;"N";;"N";;"N";;"N";;"N";;"N";;"N";;"N";;"N"
"2025-11-15 01:30";;"N";;"N";;"N";;"N";;"N";;"N";;"N";;"N";;"N";;"N";;"N";;"N";;"N";;"N";;"N";;"N";;"N";;"N"
"2025-11-15 01:45";;"N";;"N";;"N";;"N";;"N";;"N";;"N";;"N";;"N";;"N";;"N";;"N";;"N";;"N";;"N";;"N";;"N";;"N"
"2025-11-15 02:00";;"N";;"N";;"N";;"N";;"N";;"N";;"N";;"N";;"N";;"N";;"N";;"N";;"N";;"N";;"N";;"N";;"N";;"N"
"2025-11-15 02:15";;"N";;"N";;"N";;"N";;"N";;"N";;"N";;"N";;"N";;"N";;"N";;"N";;"N";;"N";;"N";;"N";;"N";;"N"
"2025-11-15 02:30";;"N";;"N";;"N";;"N";;"N";;"N";;"N";;"N";;"N";;"N";;"N";;"N";;"N";;"N";;"N";;"N";;"N";;"N"
"2025-11-15 02:45";;"N";;"N";;"N";;"N";;"N";;"N";;"N";;"N";;"N";;"N";;"N";;"N";;"N";;"N";;"N";;"N";;"N";;"N"
"2025-11-15 03:00";;"N";;"N";;"N";;"N";;"N";;"N";;"N";;"N";;"N";;"N";;"N";;"N";;"N";;"N";;"N";;"N";;"N";;"N"
"2025-11-15 03:15";;"N";;"N";;"N";;"N";;"N";;"N";;"N";;"N";;"N";;"N";;"N";;"N";;"N";;"N";;"N";;"N";;"N";;"N"
"2025-11-15 03:30";;"N";;"N";;"N";;"N";;"N";;"N";;"N";;"N";;"N";;"N";;"N";;"N";;"N";;"N";;"N";;"N";;"N";;"N"
"2025-11-15 03:45";;"N";;"N";;"N";;"N";;"N";;"N";;"N";;"N";;"N";;"N";;"N";;"N";;"N";;"N";;"N";;"N";;"N";;"N"
"2025-11-15 04:00";;"N";;"N";;"N";;"N";;"N";;"N";;"N";;"N";;"N";;"N";;"N";;"N";;"N";;"N";;"N";;"N";;"N";;"N"
"2025-11-15 04:15";;"N";;"N";;"N";;"N";;"N";;"N";;"N";;"N";;"N";;"N";;"N";;"N";;"N";;"N";;"N";;"N";;"N";;"N"
"2025-11-15 04:30";;"N";;"N";;"N";;"N";;"N";;"N";;"N";;"N";;"N";;"N";;"N";;"N";;"N";;"N";;"N";;"N";;"N";;"N"
"2025-11-15 04:45";;"N";;"N";;"N";;"N";;"N";;"N";;"N";;"N";;"N";;"N";;"N";;"N";;"N";;"N";;"N";;"N";;"N";;"N"
"2025-11-15 05:00";;"N";;"N";;"N";;"N";;"N";;"N";;"N";;"N";;"N";;"N";;"N";;"N";;"N";;"N";;"N";;"N";;"N";;"N"
"2025-11-15 05:15";;"N";;"N";;"N";;"N";;"N";;"N";;"N";;"N";;"N";;"N";;"N";;"N";;"N";;"N";;"N";;"N";;"N";;"N"
"2025-11-15 05:30";;"N";;"N";;"N";;"N";;"N";;"N";;"N";;"N";;"N";;"N";;"N";;"N";;"N";;"N";;"N";;"N";;"N";;"N"
"2025-11-15 05:45";;"N";;"N";;"N";;"N";;"N";;"N";;"N";;"N";;"N";;"N";;"N";;"N";;"N";;"N";;"N";;"N";;"N";;"N"
"2025-11-15 06:00";;"N";;"N";;"N";;"N";;"N";;"N";;"N";;"N";;"N";;"N";;"N";;"N";;"N";;"N";;"N";;"N";;"N";;"N"
"2025-11-15 06:15";;"N";;"N";;"N";;"N";;"N";;"N";;"N";;"N";;"N";;"N";;"N";;"N";;"N";;"N";;"N";;"N";;"N";;"N"
"2025-11-15 06:30";;"N";;"N";;"N";;"N";;"N";;"N";;"N";;"N";;"N";;"N";;"N";;"N";;"N";;"N";;"N";;"N";;"N";;"N"
"2025-11-15 06:45";;"N";;"N";;"N";;"N";;"N";;"N";;"N";;"N";;"N";;"N";;"N";;"N";;"N";;"N";;"N";;"N";;"N";;"N"
"2025-11-15 07:00";;"N";;"N";;"N";;"N";;"N";;"N";;"N";;"N";;"N";;"N";;"N";;"N";;"N";;"N";;"N";;"N";;"N";;"N"
"2025-11-15 07:15";;"N";;"N";;"N";;"N";;"N";;"N";;"N";;"N";;"N";;"N";;"N";;"N";;"N";;"N";;"N";;"N";;"N";;"N"
"2025-11-15 07:30";;"N";;"N";;"N";;"N";;"N";;"N";;"N";;"N";;"N";;"N";;"N";;"N";;"N";;"N";;"N";;"N";;"N";;"N"
"2025-11-15 07:45";;"N";;"N";;"N";;"N";;"N";;"N";;"N";;"N";;"N";;"N";;"N";;"N";;"N";;"N";;"N";;"N";;"N";;"N"
"2025-11-15 08:00";;"N";;"N";;"N";;"N";;"N";;"N";;"N";;"N";;"N";;"N";;"N";;"N";;"N";;"N";;"N";;"N";;"N";;"N"
"2025-11-15 08:15";;"N";;"N";;"N";;"N";;"N";;"N";;"N";;"N";;"N";;"N";;"N";;"N";;"N";;"N";;"N";;"N";;"N";;"N"
"2025-11-15 08:30";;"N";;"N";;"N";;"N";;"N";;"N";;"N";;"N";;"N";;"N";;"N";;"N";;"N";;"N";;"N";;"N";;"N";;"N"
"2025-11-15 08:45";;"N";;"N";;"N";;"N";;"N";;"N";;"N";;"N";;"N";;"N";;"N";;"N";;"N";;"N";;"N";;"N";;"N";;"N"
"2025-11-15 09:00";;"N";;"N";;"N";;"N";;"N";;"N";;"N";;"N";;"N";;"N";;"N";;"N";;"N";;"N";;"N";;"N";;"N";;"N"
"2025-11-15 09:15";;"N";;"N";;"N";;"N";;"N";;"N";;"N";;"N";;"N";;"N";;"N";;"N";;"N";;"N";;"N";;"N";;"N";;"N"
"2025-11-15 09:30";;"N";;"N";;"N";;"N";;"N";;"N";;"N";;"N";;"N";;"N";;"N";;"N";;"N";;"N";;"N";;"N";;"N";;"N"
"2025-11-15 09:45";;"N";;"N";;"N";;"N";;"N";;"N";;"N";;"N";;"N";;"N";;"N";;"N";;"N";;"N";;"N";;"N";;"N";;"N"
"2025-11-15 10:00";;"N";;"N";;"N";;"N";;"N";;"N";;"N";;"N";;"N";;"N";;"N";;"N";;"N";;"N";;"N";;"N";;"N";;"N"
"2025-11-15 10:15";;"N";;"N";;"N";;"N";;"N";;"N";;"N";;"N";;"N";;"N";;"N";;"N";;"N";;"N";;"N";;"N";;"N";;"N"
"2025-11-15 10:30";;"N";;"N";;"N";;"N";;"N";;"N";;"N";;"N";;"N";;"N";;"N";;"N";;"N";;"N";;"N";;"N";;"N";;"N"
"2025-11-15 10:45";;"N";;"N";;"N";;"N";;"N";;"N";;"N";;"N";;"N";;"N";;"N";;"N";;"N";;"N";;"N";;"N";;"N";;"N"
"2025-11-15 11:00";;"N";;"N";;"N";;"N";;"N";;"N";;"N";;"N";;"N";;"N";;"N";;"N";;"N";;"N";;"N";;"N";;"N";;"N"
"2025-11-15 11:15";;"N";;"N";;"N";;"N";;"N";;"N";;"N";;"N";;"N";;"N";;"N";;"N";;"N";;"N";;"N";;"N";;"N";;"N"
"2025-11-15 11:30";;"N";;"N";;"N";;"N";;"N";;"N";;"N";;"N";;"N";;"N";;"N";;"N";;"N";;"N";;"N";;"N";;"N";;"N"
"2025-11-15 11:45";;"N";;"N";;"N";;"N";;"N";;"N";;"N";;"N";;"N";;"N";;"N";;"N";;"N";;"N";;"N";;"N";;"N";;"N"
"2025-11-15 12:00";;"N";;"N";;"N";;"N";;"N";;"N";;"N";;"N";;"N";;"N";;"N";;"N";;"N";;"N";;"N";;"N";;"N";;"N"
"2025-11-15 12:15";;"N";;"N";;"N";;"N";;"N";;"N";;"N";;"N";;"N";;"N";;"N";;"N";;"N";;"N";;"N";;"N";;"N";;"N"
"2025-11-15 12:30";;"N";;"N";;"N";;"N";;"N";;"N";;"N";;"N";;"N";;"N";;"N";;"N";;"N";;"N";;"N";;"N";;"N";;"N"
"2025-11-15 12:45";;"N";;"N";;"N";;"N";;"N";;"N";;"N";;"N";;"N";;"N";;"N";;"N";;"N";;"N";;"N";;"N";;"N";;"N"
"2025-11-15 13:00";;"N";;"N";;"N";;"N";;"N";;"N";;"N";;"N";;"N";;"N";;"N";;"N";;"N";;"N";;"N";;"N";;"N";;"N"
"2025-11-15 13:15";;"N";;"N";;"N";;"N";;"N";;"N";;"N";;"N";;"N";;"N";;"N";;"N";;"N";;"N";;"N";;"N";;"N";;"N"
"2025-11-15 13:30";;"N";;"N";;"N";;"N";;"N";;"N";;"N";;"N";;"N";;"N";;"N";;"N";;"N";;"N";;"N";;"N";;"N";;"N"
"2025-11-15 13:45";;"N";;"N";;"N";;"N";;"N";;"N";;"N";;"N";;"N";;"N";;"N";;"N";;"N";;"N";;"N";;"N";;"N";;"N"
"2025-11-15 14:00";;"N";;"N";;"N";;"N";;"N";;"N";;"N";;"N";;"N";;"N";;"N";;"N";;"N";;"N";;"N";;"N";;"N";;"N"
"2025-11-15 14:15";;"N";;"N";;"N";;"N";;"N";;"N";;"N";;"N";;"N";;"N";;"N";;"N";;"N";;"N";;"N";;"N";;"N";;"N"
"2025-11-15 14:30";;"N";;"N";;"N";;"N";;"N";;"N";;"N";;"N";;"N";;"N";;"N";;"N";;"N";;"N";;"N";;"N";;"N";;"N"
"2025-11-15 14:45";;"N";;"N";;"N";;"N";;"N";;"N";;"N";;"N";;"N";;"N";;"N";;"N";;"N";;"N";;"N";;"N";;"N";;"N"
"2025-11-15 15:00";;"N";;"N";;"N";;"N";;"N";;"N";;"N";;"N";;"N";;"N";;"N";;"N";;"N";;"N";;"N";;"N";;"N";;"N"
"2025-11-15 15:15";;"N";;"N";;"N";;"N";;"N";;"N";;"N";;"N";;"N";;"N";;"N";;"N";;"N";;"N";;"N";;"N";;"N";;"N"
"2025-11-15 15:30";;"N";;"N";;"N";;"N";;"N";;"N";;"N";;"N";;"N";;"N";;"N";;"N";;"N";;"N";;"N";;"N";;"N";;"N"
"2025-11-15 15:45";;"N";;"N";;"N";;"N";;"N";;"N";;"N";;"N";;"N";;"N";;"N";;"N";;"N";;"N";;"N";;"N";;"N";;"N"
"2025-11-15 16:00";;"N";;"N";;"N";;"N";;"N";;"N";;"N";;"N";;"N";;"N";;"N";;"N";;"N";;"N";;"N";;"N";;"N";;"N"
"2025-11-15 16:15";;"N";;"N";;"N";;"N";;"N";;"N";;"N";;"N";;"N";;"N";;"N";;"N";;"N";;"N";;"N";;"N";;"N";;"N"
"2025-11-15 16:30";;"N";;"N";;"N";;"N";;"N";;"N";;"N";;"N";;"N";;"N";;"N";;"N";;"N";;"N";;"N";;"N";;"N";;"N"
"2025-11-15 16:45";;"N";;"N";;"N";;"N";;"N";;"N";;"N";;"N";;"N";;"N";;"N";;"N";;"N";;"N";;"N";;"N";;"N";;"N"
"2025-11-15 17:00";;"N";;"N";;"N";;"N";;"N";;"N";;"N";;"N";;"N";;"N";;"N";;"N";;"N";;"N";;"N";;"N";;"N";;"N"
"2025-11-15 17:15";;"N";;"N";;"N";;"N";;"N";;"N";;"N";;"N";;"N";;"N";;"N";;"N";;"N";;"N";;"N";;"N";;"N";;"N"
"2025-11-15 17:30";;"N";;"N";;"N";;"N";;"N";;"N";;"N";;"N";;"N";;"N";;"N";;"N";;"N";;"N";;"N";;"N";;"N";;"N"
"2025-11-15 17:45";;"N";;"N";;"N";;"N";;"N";;"N";;"N";;"N";;"N";;"N";;"N";;"N";;"N";;"N";;"N";;"N";;"N";;"N"
"2025-11-15 18:00";;"N";;"N";;"N";;"N";;"N";;"N";;"N";;"N";;"N";;"N";;"N";;"N";;"N";;"N";;"N";;"N";;"N";;"N"
"2025-11-15 18:15";;"N";;"N";;"N";;"N";;"N";;"N";;"N";;"N";;"N";;"N";;"N";;"N";;"N";;"N";;"N";;"N";;"N";;"N"
"2025-11-15 18:30";;"N";;"N";;"N";;"N";;"N";;"N";;"N";;"N";;"N";;"N";;"N";;"N";;"N";;"N";;"N";;"N";;"N";;"N"
"2025-11-15 18:45";;"N";;"N";;"N";;"N";;"N";;"N";;"N";;"N";;"N";;"N";;"N";;"N";;"N";;"N";;"N";;"N";;"N";;"N"
"2025-11-15 19:00";;"N";;"N";;"N";;"N";;"N";;"N";;"N";;"N";;"N";;"N";;"N";;"N";;"N";;"N";;"N";;"N";;"N";;"N"
"2025-11-15 19:15";;"N";;"N";;"N";;"N";;"N";;"N";;"N";;"N";;"N";;"N";;"N";;"N";;"N";;"N";;"N";;"N";;"N";;"N"
"2025-11-15 19:30";;"N";;"N";;"N";;"N";;"N";;"N";;"N";;"N";;"N";;"N";;"N";;"N";;"N";;"N";;"N";;"N";;"N";;"N"
"2025-11-15 19:45";;"N";;"N";;"N";;"N";;"N";;"N";;"N";;"N";;"N";;"N";;"N";;"N";;"N";;"N";;"N";;"N";;"N";;"N"
"2025-11-15 20:00";;"N";;"N";;"N";;"N";;"N";;"N";;"N";;"N";;"N";;"N";;"N";;"N";;"N";;"N";;"N";;"N";;"N";;"N"
"2025-11-15 20:15";;"N";;"N";;"N";;"N";;"N";;"N";;"N";;"N";;"N";;"N";;"N";;"N";;"N";;"N";;"N";;"N";;"N";;"N"
"2025-11-15 20:30";;"N";;"N";;"N";;"N";;"N";;"N";;"N";;"N";;"N";;"N";;"N";;"N";;"N";;"N";;"N";;"N";;"N";;"N"
"2025-11-15 20:45";;"N";;"N";;"N";;"N";;"N";;"N";;"N";;"N";;"N";;"N";;"N";;"N";;"N";;"N";;"N";;"N";;"N";;"N"
"2025-11-15 21:00";;"N";;"N";;"N";;"N";;"N";;"N";;"N";;"N";;"N";;"N";;"N";;"N";;"N";;"N";;"N";;"N";;"N";;"N"
"2025-11-15 21:15";;"N";;"N";;"N";;"N";;"N";;"N";;"N";;"N";;"N";;"N";;"N";;"N";;"N";;"N";;"N";;"N";;"N";;"N"
"2025-11-15 21:30";;"N";;"N";;"N";;"N";;"N";;"N";;"N";;"N";;"N";;"N";;"N";;"N";;"N";;"N";;"N";;"N";;"N";;"N"
"2025-11-15 21:45";;"N";;"N";;"N";;"N";;"N";;"N";;"N";;"N";;"N";;"N";;"N";;"N";;"N";;"N";;"N";;"N";;"N";;"N"
"2025-11-15 22:00";;"N";;"N";;"N";;"N";;"N";;"N";;"N";;"N";;"N";;"N";;"N";;"N";;"N";;"N";;"N";;"N";;"N";;"N"
"2025-11-15 22:15";;"N";;"N";;"N";;"N";;"N";;"N";;"N";;"N";;"N";;"N";;"N";;"N";;"N";;"N";;"N";;"N";;"N";;"N"
"2025-11-15 22:30";;"N";;"N";;"N";;"N";;"N";;"N";;"N";;"N";;"N";;"N";;"N";;"N";;"N";;"N";;"N";;"N";;"N";;"N"
"2025-11-15 22:45";;"N";;"N";;"N";;"N";;"N";;"N";;"N";;"N";;"N";;"N";;"N";;"N";;"N";;"N";;"N";;"N";;"N";;"N"
"2025-11-15 23:00";;"N";;"N";;"N";;"N";;"N";;"N";;"N";;"N";;"N";;"N";;"N";;"N";;"N";;"N";;"N";;"N";;"N";;"N"
"2025-11-15 23:15";;"N";;"N";;"N";;"N";;"N";;"N";;"N";;"N";;"N";;"N";;"N";;"N";;"N";;"N";;"N";;"N";;"N";;"N"
"2025-11-15 23:30";;"N";;"N";;"N";;"N";;"N";;"N";;"N";;"N";;"N";;"N";;"N";;"N";;"N";;"N";;"N";;"N";;"N";;"N"
"2025-11-15 23:45";;"N";;"N";;"N";;"N";;"N";;"N";;"N";;"N";;"N";;"N";;"N";;"N";;"N";;"N";;"N";;"N";;"N";;"N"
"2025-11-16 00:00";;"N";;"N";;"N";;"N";;"N";;"N";;"N";;"N";;"N";;"N";;"N";;"N";;"N";;"N";;"N";;"N";;"N";;"N"
"2025-11-16 00:15";;"N";;"N";;"N";;"N";;"N";;"N";;"N";;"N";;"N";;"N";;"N";;"N";;"N";;"N";;"N";;"N";;"N";;"N"
"2025-11-16 00:30";;"N";;"N";;"N";;"N";;"N";;"N";;"N";;"N";;"N";;"N";;"N";;"N";;"N";;"N";;"N";;"N";;"N";;"N"
"2025-11-16 00:45";;"N";;"N";;"N";;"N";;"N";;"N";;"N";;"N";;"N";;"N";;"N";;"N";;"N";;"N";;"N";;"N";;"N";;"N"
"2025-11-16 01:00";;"N";;"N";;"N";;"N";;"N";;"N";;"N";;"N";;"N";;"N";;"N";;"N";;"N";;"N";;"N";;"N";;"N";;"N"
"2025-11-16 01:15";;"N";;"N";;"N";;"N";;"N";;"N";;"N";;"N";;"N";;"N";;"N";;"N";;"N";;"N";;"N";;"N";;"N";;"N"
"2025-11-16 01:30";;"N";;"N";;"N";;"N";;"N";;"N";;"N";;"N";;"N";;"N";;"N";;"N";;"N";;"N";;"N";;"N";;"N";;"N"
"2025-11-16 01:45";;"N";;"N";;"N";;"N";;"N";;"N";;"N";;"N";;"N";;"N";;"N";;"N";;"N";;"N";;"N";;"N";;"N";;"N"
"2025-11-16 02:00";;"N";;"N";;"N";;"N";;"N";;"N";;"N";;"N";;"N";;"N";;"N";;"N";;"N";;"N";;"N";;"N";;"N";;"N"
"2025-11-16 02:15";;"N";;"N";;"N";;"N";;"N";;"N";;"N";;"N";;"N";;"N";;"N";;"N";;"N";;"N";;"N";;"N";;"N";;"N"
"2025-11-16 02:30";;"N";;"N";;"N";;"N";;"N";;"N";;"N";;"N";;"N";;"N";;"N";;"N";;"N";;"N";;"N";;"N";;"N";;"N"
"2025-11-16 02:45";;"N";;"N";;"N";;"N";;"N";;"N";;"N";;"N";;"N";;"N";;"N";;"N";;"N";;"N";;"N";;"N";;"N";;"N"
"2025-11-16 03:00";;"N";;"N";;"N";;"N";;"N";;"N";;"N";;"N";;"N";;"N";;"N";;"N";;"N";;"N";;"N";;"N";;"N";;"N"
"2025-11-16 03:15";;"N";;"N";;"N";;"N";;"N";;"N";;"N";;"N";;"N";;"N";;"N";;"N";;"N";;"N";;"N";;"N";;"N";;"N"
"2025-11-16 03:30";;"N";;"N";;"N";;"N";;"N";;"N";;"N";;"N";;"N";;"N";;"N";;"N";;"N";;"N";;"N";;"N";;"N";;"N"
"2025-11-16 03:45";;"N";;"N";;"N";;"N";;"N";;"N";;"N";;"N";;"N";;"N";;"N";;"N";;"N";;"N";;"N";;"N";;"N";;"N"
"2025-11-16 04:00";;"N";;"N";;"N";;"N";;"N";;"N";;"N";;"N";;"N";;"N";;"N";;"N";;"N";;"N";;"N";;"N";;"N";;"N"
"2025-11-16 04:15";;"N";;"N";;"N";;"N";;"N";;"N";;"N";;"N";;"N";;"N";;"N";;"N";;"N";;"N";;"N";;"N";;"N";;"N"
"2025-11-16 04:30";;"N";;"N";;"N";;"N";;"N";;"N";;"N";;"N";;"N";;"N";;"N";;"N";;"N";;"N";;"N";;"N";;"N";;"N"
"2025-11-16 04:45";;"N";;"N";;"N";;"N";;"N";;"N";;"N";;"N";;"N";;"N";;"N";;"N";;"N";;"N";;"N";;"N";;"N";;"N"
"2025-11-16 05:00";;"N";;"N";;"N";;"N";;"N";;"N";;"N";;"N";;"N";;"N";;"N";;"N";;"N";;"N";;"N";;"N";;"N";;"N"
"2025-11-16 05:15";;"N";;"N";;"N";;"N";;"N";;"N";;"N";;"N";;"N";;"N";;"N";;"N";;"N";;"N";;"N";;"N";;"N";;"N"
"2025-11-16 05:30";;"N";;"N";;"N";;"N";;"N";;"N";;"N";;"N";;"N";;"N";;"N";;"N";;"N";;"N";;"N";;"N";;"N";;"N"
"2025-11-16 05:45";;"N";;"N";;"N";;"N";;"N";;"N";;"N";;"N";;"N";;"N";;"N";;"N";;"N";;"N";;"N";;"N";;"N";;"N"
"2025-11-16 06:00";;"N";;"N";;"N";;"N";;"N";;"N";;"N";;"N";;"N";;"N";;"N";;"N";;"N";;"N";;"N";;"N";;"N";;"N"
"2025-11-16 06:15";;"N";;"N";;"N";;"N";;"N";;"N";;"N";;"N";;"N";;"N";;"N";;"N";;"N";;"N";;"N";;"N";;"N";;"N"
"2025-11-16 06:30";;"N";;"N";;"N";;"N";;"N";;"N";;"N";;"N";;"N";;"N";;"N";;"N";;"N";;"N";;"N";;"N";;"N";;"N"
"2025-11-16 06:45";;"N";;"N";;"N";;"N";;"N";;"N";;"N";;"N";;"N";;"N";;"N";;"N";;"N";;"N";;"N";;"N";;"N";;"N"
"2025-11-16 07:00";;"N";;"N";;"N";;"N";;"N";;"N";;"N";;"N";;"N";;"N";;"N";;"N";;"N";;"N";;"N";;"N";;"N";;"N"
"2025-11-16 07:15";;"N";;"N";;"N";;"N";;"N";;"N";;"N";;"N";;"N";;"N";;"N";;"N";;"N";;"N";;"N";;"N";;"N";;"N"
"2025-11-16 07:30";;"N";;"N";;"N";;"N";;"N";;"N";;"N";;"N";;"N";;"N";;"N";;"N";;"N";;"N";;"N";;"N";;"N";;"N"
"2025-11-16 07:45";;"N";;"N";;"N";;"N";;"N";;"N";;"N";;"N";;"N";;"N";;"N";;"N";;"N";;"N";;"N";;"N";;"N";;"N"
"2025-11-16 08:00";;"N";;"N";;"N";;"N";;"N";;"N";;"N";;"N";;"N";;"N";;"N";;"N";;"N";;"N";;"N";;"N";;"N";;"N"
"2025-11-16 08:15";;"N";;"N";;"N";;"N";;"N";;"N";;"N";;"N";;"N";;"N";;"N";;"N";;"N";;"N";;"N";;"N";;"N";;"N"
"2025-11-16 08:30";;"N";;"N";;"N";;"N";;"N";;"N";;"N";;"N";;"N";;"N";;"N";;"N";;"N";;"N";;"N";;"N";;"N";;"N"
"2025-11-16 08:45";;"N";;"N";;"N";;"N";;"N";;"N";;"N";;"N";;"N";;"N";;"N";;"N";;"N";;"N";;"N";;"N";;"N";;"N"
"2025-11-16 09:00";;"N";;"N";;"N";;"N";;"N";;"N";;"N";;"N";;"N";;"N";;"N";;"N";;"N";;"N";;"N";;"N";;"N";;"N"
"2025-11-16 09:15";;"N";;"N";;"N";;"N";;"N";;"N";;"N";;"N";;"N";;"N";;"N";;"N";;"N";;"N";;"N";;"N";;"N";;"N"
"2025-11-16 09:30";;"N";;"N";;"N";;"N";;"N";;"N";;"N";;"N";;"N";;"N";;"N";;"N";;"N";;"N";;"N";;"N";;"N";;"N"
"2025-11-16 09:45";;"N";;"N";;"N";;"N";;"N";;"N";;"N";;"N";;"N";;"N";;"N";;"N";;"N";;"N";;"N";;"N";;"N";;"N"
"2025-11-16 10:00";;"N";;"N";;"N";;"N";;"N";;"N";;"N";;"N";;"N";;"N";;"N";;"N";;"N";;"N";;"N";;"N";;"N";;"N"
"2025-11-16 10:15";;"N";;"N";;"N";;"N";;"N";;"N";;"N";;"N";;"N";;"N";;"N";;"N";;"N";;"N";;"N";;"N";;"N";;"N"
"2025-11-16 10:30";;"N";;"N";;"N";;"N";;"N";;"N";;"N";;"N";;"N";;"N";;"N";;"N";;"N";;"N";;"N";;"N";;"N";;"N"
"2025-11-16 10:45";;"N";;"N";;"N";;"N";;"N";;"N";;"N";;"N";;"N";;"N";;"N";;"N";;"N";;"N";;"N";;"N";;"N";;"N"
"2025-11-16 11:00";;"N";;"N";;"N";;"N";;"N";;"N";;"N";;"N";;"N";;"N";;"N";;"N";;"N";;"N";;"N";;"N";;"N";;"N"
"2025-11-16 11:15";;"N";;"N";;"N";;"N";;"N";;"N";;"N";;"N";;"N";;"N";;"N";;"N";;"N";;"N";;"N";;"N";;"N";;"N"
"2025-11-16 11:30";;"N";;"N";;"N";;"N";;"N";;"N";;"N";;"N";;"N";;"N";;"N";;"N";;"N";;"N";;"N";;"N";;"N";;"N"
"2025-11-16 11:45";;"N";;"N";;"N";;"N";;"N";;"N";;"N";;"N";;"N";;"N";;"N";;"N";;"N";;"N";;"N";;"N";;"N";;"N"
"2025-11-16 12:00";;"N";;"N";;"N";;"N";;"N";;"N";;"N";;"N";;"N";;"N";;"N";;"N";;"N";;"N";;"N";;"N";;"N";;"N"
"2025-11-16 12:15";;"N";;"N";;"N";;"N";;"N";;"N";;"N";;"N";;"N";;"N";;"N";;"N";;"N";;"N";;"N";;"N";;"N";;"N"
"2025-11-16 12:30";;"N";;"N";;"N";;"N";;"N";;"N";;"N";;"N";;"N";;"N";;"N";;"N";;"N";;"N";;"N";;"N";;"N";;"N"
"2025-11-16 12:45";;"N";;"N";;"N";;"N";;"N";;"N";;"N";;"N";;"N";;"N";;"N";;"N";;"N";;"N";;"N";;"N";;"N";;"N"
"2025-11-16 13:00";;"N";;"N";;"N";;"N";;"N";;"N";;"N";;"N";;"N";;"N";;"N";;"N";;"N";;"N";;"N";;"N";;"N";;"N"
"2025-11-16 13:15";;"N";;"N";;"N";;"N";;"N";;"N";;"N";;"N";;"N";;"N";;"N";;"N";;"N";;"N";;"N";;"N";;"N";;"N"
"2025-11-16 13:30";;"N";;"N";;"N";;"N";;"N";;"N";;"N";;"N";;"N";;"N";;"N";;"N";;"N";;"N";;"N";;"N";;"N";;"N"
"2025-11-16 13:45";;"N";;"N";;"N";;"N";;"N";;"N";;"N";;"N";;"N";;"N";;"N";;"N";;"N";;"N";;"N";;"N";;"N";;"N"
"2025-11-16 14:00";;"N";;"N";;"N";;"N";;"N";;"N";;"N";;"N";;"N";;"N";;"N";;"N";;"N";;"N";;"N";;"N";;"N";;"N"
"2025-11-16 14:15";;"N";;"N";;"N";;"N";;"N";;"N";;"N";;"N";;"N";;"N";;"N";;"N";;"N";;"N";;"N";;"N";;"N";;"N"
"2025-11-16 14:30";;"N";;"N";;"N";;"N";;"N";;"N";;"N";;"N";;"N";;"N";;"N";;"N";;"N";;"N";;"N";;"N";;"N";;"N"
"2025-11-16 14:45";;"N";;"N";;"N";;"N";;"N";;"N";;"N";;"N";;"N";;"N";;"N";;"N";;"N";;"N";;"N";;"N";;"N";;"N"
"2025-11-16 15:00";;"N";;"N";;"N";;"N";;"N";;"N";;"N";;"N";;"N";;"N";;"N";;"N";;"N";;"N";;"N";;"N";;"N";;"N"
"2025-11-16 15:15";;"N";;"N";;"N";;"N";;"N";;"N";;"N";;"N";;"N";;"N";;"N";;"N";;"N";;"N";;"N";;"N";;"N";;"N"
"2025-11-16 15:30";;"N";;"N";;"N";;"N";;"N";;"N";;"N";;"N";;"N";;"N";;"N";;"N";;"N";;"N";;"N";;"N";;"N";;"N"
"2025-11-16 15:45";;"N";;"N";;"N";;"N";;"N";;"N";;"N";;"N";;"N";;"N";;"N";;"N";;"N";;"N";;"N";;"N";;"N";;"N"
"2025-11-16 16:00";;"N";;"N";;"N";;"N";;"N";;"N";;"N";;"N";;"N";;"N";;"N";;"N";;"N";;"N";;"N";;"N";;"N";;"N"
"2025-11-16 16:15";;"N";;"N";;"N";;"N";;"N";;"N";;"N";;"N";;"N";;"N";;"N";;"N";;"N";;"N";;"N";;"N";;"N";;"N"
"2025-11-16 16:30";;"N";;"N";;"N";;"N";;"N";;"N";;"N";;"N";;"N";;"N";;"N";;"N";;"N";;"N";;"N";;"N";;"N";;"N"
"2025-11-16 16:45";;"N";;"N";;"N";;"N";;"N";;"N";;"N";;"N";;"N";;"N";;"N";;"N";;"N";;"N";;"N";;"N";;"N";;"N"
"2025-11-16 17:00";;"N";;"N";;"N";;"N";;"N";;"N";;"N";;"N";;"N";;"N";;"N";;"N";;"N";;"N";;"N";;"N";;"N";;"N"
"2025-11-16 17:15";;"N";;"N";;"N";;"N";;"N";;"N";;"N";;"N";;"N";;"N";;"N";;"N";;"N";;"N";;"N";;"N";;"N";;"N"
"2025-11-16 17:30";;"N";;"N";;"N";;"N";;"N";;"N";;"N";;"N";;"N";;"N";;"N";;"N";;"N";;"N";;"N";;"N";;"N";;"N"
"2025-11-16 17:45";;"N";;"N";;"N";;"N";;"N";;"N";;"N";;"N";;"N";;"N";;"N";;"N";;"N";;"N";;"N";;"N";;"N";;"N"
"2025-11-16 18:00";;"N";;"N";;"N";;"N";;"N";;"N";;"N";;"N";;"N";;"N";;"N";;"N";;"N";;"N";;"N";;"N";;"N";;"N"
"2025-11-16 18:15";;"N";;"N";;"N";;"N";;"N";;"N";;"N";;"N";;"N";;"N";;"N";;"N";;"N";;"N";;"N";;"N";;"N";;"N"
"2025-11-16 18:30";;"N";;"N";;"N";;"N";;"N";;"N";;"N";;"N";;"N";;"N";;"N";;"N";;"N";;"N";;"N";;"N";;"N";;"N"
"2025-11-16 18:45";;"N";;"N";;"N";;"N";;"N";;"N";;"N";;"N";;"N";;"N";;"N";;"N";;"N";;"N";;"N";;"N";;"N";;"N"
"2025-11-16 19:00";;"N";;"N";;"N";;"N";;"N";;"N";;"N";;"N";;"N";;"N";;"N";;"N";;"N";;"N";;"N";;"N";;"N";;"N"
"2025-11-16 19:15";;"N";;"N";;"N";;"N";;"N";;"N";;"N";;"N";;"N";;"N";;"N";;"N";;"N";;"N";;"N";;"N";;"N";;"N"
"2025-11-16 19:30";;"N";;"N";;"N";;"N";;"N";;"N";;"N";;"N";;"N";;"N";;"N";;"N";;"N";;"N";;"N";;"N";;"N";;"N"
"2025-11-16 19:45";;"N";;"N";;"N";;"N";;"N";;"N";;"N";;"N";;"N";;"N";;"N";;"N";;"N";;"N";;"N";;"N";;"N";;"N"
"2025-11-16 20:00";;"N";;"N";;"N";;"N";;"N";;"N";;"N";;"N";;"N";;"N";;"N";;"N";;"N";;"N";;"N";;"N";;"N";;"N"
"2025-11-16 20:15";;"N";;"N";;"N";;"N";;"N";;"N";;"N";;"N";;"N";;"N";;"N";;"N";;"N";;"N";;"N";;"N";;"N";;"N"
"2025-11-16 20:30";;"N";;"N";;"N";;"N";;"N";;"N";;"N";;"N";;"N";;"N";;"N";;"N";;"N";;"N";;"N";;"N";;"N";;"N"
"2025-11-16 20:45";;"N";;"N";;"N";;"N";;"N";;"N";;"N";;"N";;"N";;"N";;"N";;"N";;"N";;"N";;"N";;"N";;"N";;"N"
"2025-11-16 21:00";;"N";;"N";;"N";;"N";;"N";;"N";;"N";;"N";;"N";;"N";;"N";;"N";;"N";;"N";;"N";;"N";;"N";;"N"
"2025-11-16 21:15";;"N";;"N";;"N";;"N";;"N";;"N";;"N";;"N";;"N";;"N";;"N";;"N";;"N";;"N";;"N";;"N";;"N";;"N"
"2025-11-16 21:30";;"N";;"N";;"N";;"N";;"N";;"N";;"N";;"N";;"N";;"N";;"N";;"N";;"N";;"N";;"N";;"N";;"N";;"N"
"2025-11-16 21:45";;"N";;"N";;"N";;"N";;"N";;"N";;"N";;"N";;"N";;"N";;"N";;"N";;"N";;"N";;"N";;"N";;"N";;"N"
"2025-11-16 22:00";;"N";;"N";;"N";;"N";;"N";;"N";;"N";;"N";;"N";;"N";;"N";;"N";;"N";;"N";;"N";;"N";;"N";;"N"
"2025-11-16 22:15";;"N";;"N";;"N";;"N";;"N";;"N";;"N";;"N";;"N";;"N";;"N";;"N";;"N";;"N";;"N";;"N";;"N";;"N"
"2025-11-16 22:30";;"N";;"N";;"N";;"N";;"N";;"N";;"N";;"N";;"N";;"N";;"N";;"N";;"N";;"N";;"N";;"N";;"N";;"N"
"2025-11-16 22:45";;"N";;"N";;"N";;"N";;"N";;"N";;"N";;"N";;"N";;"N";;"N";;"N";;"N";;"N";;"N";;"N";;"N";;"N"
"2025-11-16 23:00";;"N";;"N";;"N";;"N";;"N";;"N";;"N";;"N";;"N";;"N";;"N";;"N";;"N";;"N";;"N";;"N";;"N";;"N"
"2025-11-16 23:15";;"N";;"N";;"N";;"N";;"N";;"N";;"N";;"N";;"N";;"N";;"N";;"N";;"N";;"N";;"N";;"N";;"N";;"N"
"2025-11-16 23:30";;"N";;"N";;"N";;"N";;"N";;"N";;"N";;"N";;"N";;"N";;"N";;"N";;"N";;"N";;"N";;"N";;"N";;"N"
"2025-11-16 23:45";;"N";;"N";;"N";;"N";;"N";;"N";;"N";;"N";;"N";;"N";;"N";;"N";;"N";;"N";;"N";;"N";;"N";;"N"
"2025-11-17 00:00";;"N";;"N";;"N";;"N";;"N";;"N";;"N";;"N";;"N";;"N";;"N";;"N";;"N";;"N";;"N";;"N";;"N";;"N"
"2025-11-17 00:15";;"N";;"N";;"N";;"N";;"N";;"N";;"N";;"N";;"N";;"N";;"N";;"N";;"N";;"N";;"N";;"N";;"N";;"N"
"2025-11-17 00:30";;"N";;"N";;"N";;"N";;"N";;"N";;"N";;"N";;"N";;"N";;"N";;"N";;"N";;"N";;"N";;"N";;"N";;"N"
"2025-11-17 00:45";;"N";;"N";;"N";;"N";;"N";;"N";;"N";;"N";;"N";;"N";;"N";;"N";;"N";;"N";;"N";;"N";;"N";;"N"
"2025-11-17 01:00";;"N";;"N";;"N";;"N";;"N";;"N";;"N";;"N";;"N";;"N";;"N";;"N";;"N";;"N";;"N";;"N";;"N";;"N"
"2025-11-17 01:15";;"N";;"N";;"N";;"N";;"N";;"N";;"N";;"N";;"N";;"N";;"N";;"N";;"N";;"N";;"N";;"N";;"N";;"N"
"2025-11-17 01:30";;"N";;"N";;"N";;"N";;"N";;"N";;"N";;"N";;"N";;"N";;"N";;"N";;"N";;"N";;"N";;"N";;"N";;"N"
"2025-11-17 01:45";;"N";;"N";;"N";;"N";;"N";;"N";;"N";;"N";;"N";;"N";;"N";;"N";;"N";;"N";;"N";;"N";;"N";;"N"
"2025-11-17 02:00";;"N";;"N";;"N";;"N";;"N";;"N";;"N";;"N";;"N";;"N";;"N";;"N";;"N";;"N";;"N";;"N";;"N";;"N"
"2025-11-17 02:15";;"N";;"N";;"N";;"N";;"N";;"N";;"N";;"N";;"N";;"N";;"N";;"N";;"N";;"N";;"N";;"N";;"N";;"N"
"2025-11-17 02:30";;"N";;"N";;"N";;"N";;"N";;"N";;"N";;"N";;"N";;"N";;"N";;"N";;"N";;"N";;"N";;"N";;"N";;"N"
"2025-11-17 02:45";;"N";;"N";;"N";;"N";;"N";;"N";;"N";;"N";;"N";;"N";;"N";;"N";;"N";;"N";;"N";;"N";;"N";;"N"
"2025-11-17 03:00";;"N";;"N";;"N";;"N";;"N";;"N";;"N";;"N";;"N";;"N";;"N";;"N";;"N";;"N";;"N";;"N";;"N";;"N"
"2025-11-17 03:15";;"N";;"N";;"N";;"N";;"N";;"N";;"N";;"N";;"N";;"N";;"N";;"N";;"N";;"N";;"N";;"N";;"N";;"N"
"2025-11-17 03:30";;"N";;"N";;"N";;"N";;"N";;"N";;"N";;"N";;"N";;"N";;"N";;"N";;"N";;"N";;"N";;"N";;"N";;"N"
"2025-11-17 03:45";;"N";;"N";;"N";;"N";;"N";;"N";;"N";;"N";;"N";;"N";;"N";;"N";;"N";;"N";;"N";;"N";;"N";;"N"
"2025-11-17 04:00";;"N";;"N";;"N";;"N";;"N";;"N";;"N";;"N";;"N";;"N";;"N";;"N";;"N";;"N";;"N";;"N";;"N";;"N"
"2025-11-17 04:15";;"N";;"N";;"N";;"N";;"N";;"N";;"N";;"N";;"N";;"N";;"N";;"N";;"N";;"N";;"N";;"N";;"N";;"N"
"2025-11-17 04:30";;"N";;"N";;"N";;"N";;"N";;"N";;"N";;"N";;"N";;"N";;"N";;"N";;"N";;"N";;"N";;"N";;"N";;"N"
"2025-11-17 04:45";;"N";;"N";;"N";;"N";;"N";;"N";;"N";;"N";;"N";;"N";;"N";;"N";;"N";;"N";;"N";;"N";;"N";;"N"
"2025-11-17 05:00";;"N";;"N";;"N";;"N";;"N";;"N";;"N";;"N";;"N";;"N";;"N";;"N";;"N";;"N";;"N";;"N";;"N";;"N"
"2025-11-17 05:15";;"N";;"N";;"N";;"N";;"N";;"N";;"N";;"N";;"N";;"N";;"N";;"N";;"N";;"N";;"N";;"N";;"N";;"N"
"2025-11-17 05:30";;"N";;"N";;"N";;"N";;"N";;"N";;"N";;"N";;"N";;"N";;"N";;"N";;"N";;"N";;"N";;"N";;"N";;"N"
"2025-11-17 05:45";;"N";;"N";;"N";;"N";;"N";;"N";;"N";;"N";;"N";;"N";;"N";;"N";;"N";;"N";;"N";;"N";;"N";;"N"
"2025-11-17 06:00";;"N";;"N";;"N";;"N";;"N";;"N";;"N";;"N";;"N";;"N";;"N";;"N";;"N";;"N";;"N";;"N";;"N";;"N"
"2025-11-17 06:15";;"N";;"N";;"N";;"N";;"N";;"N";;"N";;"N";;"N";;"N";;"N";;"N";;"N";;"N";;"N";;"N";;"N";;"N"
"2025-11-17 06:30";;"N";;"N";;"N";;"N";;"N";;"N";;"N";;"N";;"N";;"N";;"N";;"N";;"N";;"N";;"N";;"N";;"N";;"N"
"2025-11-17 06:45";;"N";;"N";;"N";;"N";;"N";;"N";;"N";;"N";;"N";;"N";;"N";;"N";;"N";;"N";;"N";;"N";;"N";;"N"
"2025-11-17 07:00";;"N";;"N";;"N";;"N";;"N";;"N";;"N";;"N";;"N";;"N";;"N";;"N";;"N";;"N";;"N";;"N";;"N";;"N"
"2025-11-17 07:15";;"N";;"N";;"N";;"N";;"N";;"N";;"N";;"N";;"N";;"N";;"N";;"N";;"N";;"N";;"N";;"N";;"N";;"N"
"2025-11-17 07:30";;"N";;"N";;"N";;"N";;"N";;"N";;"N";;"N";;"N";;"N";;"N";;"N";;"N";;"N";;"N";;"N";;"N";;"N"
"2025-11-17 07:45";;"N";;"N";;"N";;"N";;"N";;"N";;"N";;"N";;"N";;"N";;"N";;"N";;"N";;"N";;"N";;"N";;"N";;"N"
"2025-11-17 08:00";;"N";;"N";;"N";;"N";;"N";;"N";;"N";;"N";;"N";;"N";;"N";;"N";;"N";;"N";;"N";;"N";;"N";;"N"
"2025-11-17 08:15";;"N";;"N";;"N";;"N";;"N";;"N";;"N";;"N";;"N";;"N";;"N";;"N";;"N";;"N";;"N";;"N";;"N";;"N"
"2025-11-17 08:30";;"N";;"N";;"N";;"N";;"N";;"N";;"N";;"N";;"N";;"N";;"N";;"N";;"N";;"N";;"N";;"N";;"N";;"N"
"2025-11-17 08:45";;"N";;"N";;"N";;"N";;"N";;"N";;"N";;"N";;"N";;"N";;"N";;"N";;"N";;"N";;"N";;"N";;"N";;"N"
"2025-11-17 09:00";;"N";;"N";;"N";;"N";;"N";;"N";;"N";;"N";;"N";;"N";;"N";;"N";;"N";;"N";;"N";;"N";;"N";;"N"
"2025-11-17 09:15";;"N";;"N";;"N";;"N";;"N";;"N";;"N";;"N";;"N";;"N";;"N";;"N";;"N";;"N";;"N";;"N";;"N";;"N"
"2025-11-17 09:30";;"N";;"N";;"N";;"N";;"N";;"N";;"N";;"N";;"N";;"N";;"N";;"N";;"N";;"N";;"N";;"N";;"N";;"N"
"2025-11-17 09:45";;"N";;"N";;"N";;"N";;"N";;"N";;"N";;"N";;"N";;"N";;"N";;"N";;"N";;"N";;"N";;"N";;"N";;"N"
"2025-11-17 10:00";;"N";;"N";;"N";;"N";;"N";;"N";;"N";;"N";;"N";;"N";;"N";;"N";;"N";;"N";;"N";;"N";;"N";;"N"
"2025-11-17 10:15";;"N";;"N";;"N";;"N";;"N";;"N";;"N";;"N";;"N";;"N";;"N";;"N";;"N";;"N";;"N";;"N";;"N";;"N"
"2025-11-17 10:30";;"N";;"N";;"N";;"N";;"N";;"N";;"N";;"N";;"N";;"N";;"N";;"N";;"N";;"N";;"N";;"N";;"N";;"N"
"2025-11-17 10:45";;"N";;"N";;"N";;"N";;"N";;"N";;"N";;"N";;"N";;"N";;"N";;"N";;"N";;"N";;"N";;"N";;"N";;"N"
"2025-11-17 11:00";;"N";;"N";;"N";;"N";;"N";;"N";;"N";;"N";;"N";;"N";;"N";;"N";;"N";;"N";;"N";;"N";;"N";;"N"
"2025-11-17 11:15";;"N";;"N";;"N";;"N";;"N";;"N";;"N";;"N";;"N";;"N";;"N";;"N";;"N";;"N";;"N";;"N";;"N";;"N"
"2025-11-17 11:30";;"N";;"N";;"N";;"N";;"N";;"N";;"N";;"N";;"N";;"N";;"N";;"N";;"N";;"N";;"N";;"N";;"N";;"N"
"2025-11-17 11:45";;"N";;"N";;"N";;"N";;"N";;"N";;"N";;"N";;"N";;"N";;"N";;"N";;"N";;"N";;"N";;"N";;"N";;"N"
"2025-11-17 12:00";;"N";;"N";;"N";;"N";;"N";;"N";;"N";;"N";;"N";;"N";;"N";;"N";;"N";;"N";;"N";;"N";;"N";;"N"
"2025-11-17 12:15";;"N";;"N";;"N";;"N";;"N";;"N";;"N";;"N";;"N";;"N";;"N";;"N";;"N";;"N";;"N";;"N";;"N";;"N"
"2025-11-17 12:30";;"N";;"N";;"N";;"N";;"N";;"N";;"N";;"N";;"N";;"N";;"N";;"N";;"N";;"N";;"N";;"N";;"N";;"N"
"2025-11-17 12:45";;"N";;"N";;"N";;"N";;"N";;"N";;"N";;"N";;"N";;"N";;"N";;"N";;"N";;"N";;"N";;"N";;"N";;"N"
"2025-11-17 13:00";;"N";;"N";;"N";;"N";;"N";;"N";;"N";;"N";;"N";;"N";;"N";;"N";;"N";;"N";;"N";;"N";;"N";;"N"
"2025-11-17 13:15";;"N";;"N";;"N";;"N";;"N";;"N";;"N";;"N";;"N";;"N";;"N";;"N";;"N";;"N";;"N";;"N";;"N";;"N"
"2025-11-17 13:30";;"N";;"N";;"N";;"N";;"N";;"N";;"N";;"N";;"N";;"N";;"N";;"N";;"N";;"N";;"N";;"N";;"N";;"N"
"2025-11-17 13:45";;"N";;"N";;"N";;"N";;"N";;"N";;"N";;"N";;"N";;"N";;"N";;"N";;"N";;"N";;"N";;"N";;"N";;"N"
"2025-11-17 14:00";;"N";;"N";;"N";;"N";;"N";;"N";;"N";;"N";;"N";;"N";;"N";;"N";;"N";;"N";;"N";;"N";;"N";;"N"
"2025-11-17 14:15";;"N";;"N";;"N";;"N";;"N";;"N";;"N";;"N";;"N";;"N";;"N";;"N";;"N";;"N";;"N";;"N";;"N";;"N"
"2025-11-17 14:30";;"N";;"N";;"N";;"N";;"N";;"N";;"N";;"N";;"N";;"N";;"N";;"N";;"N";;"N";;"N";;"N";;"N";;"N"
"2025-11-17 14:45";;"N";;"N";;"N";;"N";;"N";;"N";;"N";;"N";;"N";;"N";;"N";;"N";;"N";;"N";;"N";;"N";;"N";;"N"
"2025-11-17 15:00";;"N";;"N";;"N";;"N";;"N";;"N";;"N";;"N";;"N";;"N";;"N";;"N";;"N";;"N";;"N";;"N";;"N";;"N"
"2025-11-17 15:15";;"N";;"N";;"N";;"N";;"N";;"N";;"N";;"N";;"N";;"N";;"N";;"N";;"N";;"N";;"N";;"N";;"N";;"N"
"2025-11-17 15:30";;"N";;"N";;"N";;"N";;"N";;"N";;"N";;"N";;"N";;"N";;"N";;"N";;"N";;"N";;"N";;"N";;"N";;"N"
"2025-11-17 15:45";;"N";;"N";;"N";;"N";;"N";;"N";;"N";;"N";;"N";;"N";;"N";;"N";;"N";;"N";;"N";;"N";;"N";;"N"
"2025-11-17 16:00";;"N";;"N";;"N";;"N";;"N";;"N";;"N";;"N";;"N";;"N";;"N";;"N";;"N";;"N";;"N";;"N";;"N";;"N"
"2025-11-17 16:15";;"N";;"N";;"N";;"N";;"N";;"N";;"N";;"N";;"N";;"N";;"N";;"N";;"N";;"N";;"N";;"N";;"N";;"N"
"2025-11-17 16:30";;"N";;"N";;"N";;"N";;"N";;"N";;"N";;"N";;"N";;"N";;"N";;"N";;"N";;"N";;"N";;"N";;"N";;"N"
"2025-11-17 16:45";;"N";;"N";;"N";;"N";;"N";;"N";;"N";;"N";;"N";;"N";;"N";;"N";;"N";;"N";;"N";;"N";;"N";;"N"
"2025-11-17 17:00";;"N";;"N";;"N";;"N";;"N";;"N";;"N";;"N";;"N";;"N";;"N";;"N";;"N";;"N";;"N";;"N";;"N";;"N"
"2025-11-17 17:15";;"N";;"N";;"N";;"N";;"N";;"N";;"N";;"N";;"N";;"N";;"N";;"N";;"N";;"N";;"N";;"N";;"N";;"N"
"2025-11-17 17:30";;"N";;"N";;"N";;"N";;"N";;"N";;"N";;"N";;"N";;"N";;"N";;"N";;"N";;"N";;"N";;"N";;"N";;"N"
"2025-11-17 17:45";;"N";;"N";;"N";;"N";;"N";;"N";;"N";;"N";;"N";;"N";;"N";;"N";;"N";;"N";;"N";;"N";;"N";;"N"
"2025-11-17 18:00";;"N";;"N";;"N";;"N";;"N";;"N";;"N";;"N";;"N";;"N";;"N";;"N";;"N";;"N";;"N";;"N";;"N";;"N"
"2025-11-17 18:15";;"N";;"N";;"N";;"N";;"N";;"N";;"N";;"N";;"N";;"N";;"N";;"N";;"N";;"N";;"N";;"N";;"N";;"N"
"2025-11-17 18:30";;"N";;"N";;"N";;"N";;"N";;"N";;"N";;"N";;"N";;"N";;"N";;"N";;"N";;"N";;"N";;"N";;"N";;"N"
"2025-11-17 18:45";;"N";;"N";;"N";;"N";;"N";;"N";;"N";;"N";;"N";;"N";;"N";;"N";;"N";;"N";;"N";;"N";;"N";;"N"
"2025-11-17 19:00";;"N";;"N";;"N";;"N";;"N";;"N";;"N";;"N";;"N";;"N";;"N";;"N";;"N";;"N";;"N";;"N";;"N";;"N"
"2025-11-17 19:15";;"N";;"N";;"N";;"N";;"N";;"N";;"N";;"N";;"N";;"N";;"N";;"N";;"N";;"N";;"N";;"N";;"N";;"N"
"2025-11-17 19:30";;"N";;"N";;"N";;"N";;"N";;"N";;"N";;"N";;"N";;"N";;"N";;"N";;"N";;"N";;"N";;"N";;"N";;"N"
"2025-11-17 19:45";;"N";;"N";;"N";;"N";;"N";;"N";;"N";;"N";;"N";;"N";;"N";;"N";;"N";;"N";;"N";;"N";;"N";;"N"
"2025-11-17 20:00";;"N";;"N";;"N";;"N";;"N";;"N";;"N";;"N";;"N";;"N";;"N";;"N";;"N";;"N";;"N";;"N";;"N";;"N"
"2025-11-17 20:15";;"N";;"N";;"N";;"N";;"N";;"N";;"N";;"N";;"N";;"N";;"N";;"N";;"N";;"N";;"N";;"N";;"N";;"N"
"2025-11-17 20:30";;"N";;"N";;"N";;"N";;"N";;"N";;"N";;"N";;"N";;"N";;"N";;"N";;"N";;"N";;"N";;"N";;"N";;"N"
"2025-11-17 20:45";;"N";;"N";;"N";;"N";;"N";;"N";;"N";;"N";;"N";;"N";;"N";;"N";;"N";;"N";;"N";;"N";;"N";;"N"
"2025-11-17 21:00";;"N";;"N";;"N";;"N";;"N";;"N";;"N";;"N";;"N";;"N";;"N";;"N";;"N";;"N";;"N";;"N";;"N";;"N"
"2025-11-17 21:15";;"N";;"N";;"N";;"N";;"N";;"N";;"N";;"N";;"N";;"N";;"N";;"N";;"N";;"N";;"N";;"N";;"N";;"N"
"2025-11-17 21:30";;"N";;"N";;"N";;"N";;"N";;"N";;"N";;"N";;"N";;"N";;"N";;"N";;"N";;"N";;"N";;"N";;"N";;"N"
"2025-11-17 21:45";;"N";;"N";;"N";;"N";;"N";;"N";;"N";;"N";;"N";;"N";;"N";;"N";;"N";;"N";;"N";;"N";;"N";;"N"
"2025-11-17 22:00";;"N";;"N";;"N";;"N";;"N";;"N";;"N";;"N";;"N";;"N";;"N";;"N";;"N";;"N";;"N";;"N";;"N";;"N"
"2025-11-17 22:15";;"N";;"N";;"N";;"N";;"N";;"N";;"N";;"N";;"N";;"N";;"N";;"N";;"N";;"N";;"N";;"N";;"N";;"N"
"2025-11-17 22:30";;"N";;"N";;"N";;"N";;"N";;"N";;"N";;"N";;"N";;"N";;"N";;"N";;"N";;"N";;"N";;"N";;"N";;"N"
"2025-11-17 22:45";;"N";;"N";;"N";;"N";;"N";;"N";;"N";;"N";;"N";;"N";;"N";;"N";;"N";;"N";;"N";;"N";;"N";;"N"
"2025-11-17 23:00";;"N";;"N";;"N";;"N";;"N";;"N";;"N";;"N";;"N";;"N";;"N";;"N";;"N";;"N";;"N";;"N";;"N";;"N"
"2025-11-17 23:15";;"N";;"N";;"N";;"N";;"N";;"N";;"N";;"N";;"N";;"N";;"N";;"N";;"N";;"N";;"N";;"N";;"N";;"N"
"2025-11-17 23:30";;"N";;"N";;"N";;"N";;"N";;"N";;"N";;"N";;"N";;"N";;"N";;"N";;"N";;"N";;"N";;"N";;"N";;"N"
"2025-11-17 23:45";;"N";;"N";;"N";;"N";;"N";;"N";;"N";;"N";;"N";;"N";;"N";;"N";;"N";;"N";;"N";;"N";;"N";;"N"
"2025-11-18 00:00";;"N";;"N";;"N";;"N";;"N";;"N";;"N";;"N";;"N";;"N";;"N";;"N";;"N";;"N";;"N";;"N";;"N";;"N"
"2025-11-18 00:15";;"N";;"N";;"N";;"N";;"N";;"N";;"N";;"N";;"N";;"N";;"N";;"N";;"N";;"N";;"N";;"N";;"N";;"N"
"2025-11-18 00:30";;"N";;"N";;"N";;"N";;"N";;"N";;"N";;"N";;"N";;"N";;"N";;"N";;"N";;"N";;"N";;"N";;"N";;"N"
"2025-11-18 00:45";;"N";;"N";;"N";;"N";;"N";;"N";;"N";;"N";;"N";;"N";;"N";;"N";;"N";;"N";;"N";;"N";;"N";;"N"
"2025-11-18 01:00";;"N";;"N";;"N";;"N";;"N";;"N";;"N";;"N";;"N";;"N";;"N";;"N";;"N";;"N";;"N";;"N";;"N";;"N"
"2025-11-18 01:15";;"N";;"N";;"N";;"N";;"N";;"N";;"N";;"N";;"N";;"N";;"N";;"N";;"N";;"N";;"N";;"N";;"N";;"N"
"2025-11-18 01:30";;"N";;"N";;"N";;"N";;"N";;"N";;"N";;"N";;"N";;"N";;"N";;"N";;"N";;"N";;"N";;"N";;"N";;"N"
"2025-11-18 01:45";;"N";;"N";;"N";;"N";;"N";;"N";;"N";;"N";;"N";;"N";;"N";;"N";;"N";;"N";;"N";;"N";;"N";;"N"
"2025-11-18 02:00";;"N";;"N";;"N";;"N";;"N";;"N";;"N";;"N";;"N";;"N";;"N";;"N";;"N";;"N";;"N";;"N";;"N";;"N"
"2025-11-18 02:15";;"N";;"N";;"N";;"N";;"N";;"N";;"N";;"N";;"N";;"N";;"N";;"N";;"N";;"N";;"N";;"N";;"N";;"N"
"2025-11-18 02:30";;"N";;"N";;"N";;"N";;"N";;"N";;"N";;"N";;"N";;"N";;"N";;"N";;"N";;"N";;"N";;"N";;"N";;"N"
"2025-11-18 02:45";;"N";;"N";;"N";;"N";;"N";;"N";;"N";;"N";;"N";;"N";;"N";;"N";;"N";;"N";;"N";;"N";;"N";;"N"
"2025-11-18 03:00";;"N";;"N";;"N";;"N";;"N";;"N";;"N";;"N";;"N";;"N";;"N";;"N";;"N";;"N";;"N";;"N";;"N";;"N"
"2025-11-18 03:15";;"N";;"N";;"N";;"N";;"N";;"N";;"N";;"N";;"N";;"N";;"N";;"N";;"N";;"N";;"N";;"N";;"N";;"N"
"2025-11-18 03:30";;"N";;"N";;"N";;"N";;"N";;"N";;"N";;"N";;"N";;"N";;"N";;"N";;"N";;"N";;"N";;"N";;"N";;"N"
"2025-11-18 03:45";;"N";;"N";;"N";;"N";;"N";;"N";;"N";;"N";;"N";;"N";;"N";;"N";;"N";;"N";;"N";;"N";;"N";;"N"
"2025-11-18 04:00";;"N";;"N";;"N";;"N";;"N";;"N";;"N";;"N";;"N";;"N";;"N";;"N";;"N";;"N";;"N";;"N";;"N";;"N"
"2025-11-18 04:15";;"N";;"N";;"N";;"N";;"N";;"N";;"N";;"N";;"N";;"N";;"N";;"N";;"N";;"N";;"N";;"N";;"N";;"N"
"2025-11-18 04:30";;"N";;"N";;"N";;"N";;"N";;"N";;"N";;"N";;"N";;"N";;"N";;"N";;"N";;"N";;"N";;"N";;"N";;"N"
"2025-11-18 04:45";;"N";;"N";;"N";;"N";;"N";;"N";;"N";;"N";;"N";;"N";;"N";;"N";;"N";;"N";;"N";;"N";;"N";;"N"
"2025-11-18 05:00";;"N";;"N";;"N";;"N";;"N";;"N";;"N";;"N";;"N";;"N";;"N";;"N";;"N";;"N";;"N";;"N";;"N";;"N"
"2025-11-18 05:15";;"N";;"N";;"N";;"N";;"N";;"N";;"N";;"N";;"N";;"N";;"N";;"N";;"N";;"N";;"N";;"N";;"N";;"N"
"2025-11-18 05:30";;"N";;"N";;"N";;"N";;"N";;"N";;"N";;"N";;"N";;"N";;"N";;"N";;"N";;"N";;"N";;"N";;"N";;"N"
"2025-11-18 05:45";;"N";;"N";;"N";;"N";;"N";;"N";;"N";;"N";;"N";;"N";;"N";;"N";;"N";;"N";;"N";;"N";;"N";;"N"
"2025-11-18 06:00";;"N";;"N";;"N";;"N";;"N";;"N";;"N";;"N";;"N";;"N";;"N";;"N";;"N";;"N";;"N";;"N";;"N";;"N"
"2025-11-18 06:15";;"N";;"N";;"N";;"N";;"N";;"N";;"N";;"N";;"N";;"N";;"N";;"N";;"N";;"N";;"N";;"N";;"N";;"N"
"2025-11-18 06:30";;"N";;"N";;"N";;"N";;"N";;"N";;"N";;"N";;"N";;"N";;"N";;"N";;"N";;"N";;"N";;"N";;"N";;"N"
"2025-11-18 06:45";;"N";;"N";;"N";;"N";;"N";;"N";;"N";;"N";;"N";;"N";;"N";;"N";;"N";;"N";;"N";;"N";;"N";;"N"
"2025-11-18 07:00";;"N";;"N";;"N";;"N";;"N";;"N";;"N";;"N";;"N";;"N";;"N";;"N";;"N";;"N";;"N";;"N";;"N";;"N"
"2025-11-18 07:15";;"N";;"N";;"N";;"N";;"N";;"N";;"N";;"N";;"N";;"N";;"N";;"N";;"N";;"N";;"N";;"N";;"N";;"N"
"2025-11-18 07:30";;"N";;"N";;"N";;"N";;"N";;"N";;"N";;"N";;"N";;"N";;"N";;"N";;"N";;"N";;"N";;"N";;"N";;"N"
"2025-11-18 07:45";;"N";;"N";;"N";;"N";;"N";;"N";;"N";;"N";;"N";;"N";;"N";;"N";;"N";;"N";;"N";;"N";;"N";;"N"
"2025-11-18 08:00";;"N";;"N";;"N";;"N";;"N";;"N";;"N";;"N";;"N";;"N";;"N";;"N";;"N";;"N";;"N";;"N";;"N";;"N"
"2025-11-18 08:15";;"N";;"N";;"N";;"N";;"N";;"N";;"N";;"N";;"N";;"N";;"N";;"N";;"N";;"N";;"N";;"N";;"N";;"N"
"2025-11-18 08:30";;"N";;"N";;"N";;"N";;"N";;"N";;"N";;"N";;"N";;"N";;"N";;"N";;"N";;"N";;"N";;"N";;"N";;"N"
"2025-11-18 08:45";;"N";;"N";;"N";;"N";;"N";;"N";;"N";;"N";;"N";;"N";;"N";;"N";;"N";;"N";;"N";;"N";;"N";;"N"
"2025-11-18 09:00";;"N";;"N";;"N";;"N";;"N";;"N";;"N";;"N";;"N";;"N";;"N";;"N";;"N";;"N";;"N";;"N";;"N";;"N"
"2025-11-18 09:15";;"N";;"N";;"N";;"N";;"N";;"N";;"N";;"N";;"N";;"N";;"N";;"N";;"N";;"N";;"N";;"N";;"N";;"N"
"2025-11-18 09:30";;"N";;"N";;"N";;"N";;"N";;"N";;"N";;"N";;"N";;"N";;"N";;"N";;"N";;"N";;"N";;"N";;"N";;"N"
"2025-11-18 09:45";;"N";;"N";;"N";;"N";;"N";;"N";;"N";;"N";;"N";;"N";;"N";;"N";;"N";;"N";;"N";;"N";;"N";;"N"
"2025-11-18 10:00";;"N";;"N";;"N";;"N";;"N";;"N";;"N";;"N";;"N";;"N";;"N";;"N";;"N";;"N";;"N";;"N";;"N";;"N"
"2025-11-18 10:15";;"N";;"N";;"N";;"N";;"N";;"N";;"N";;"N";;"N";;"N";;"N";;"N";;"N";;"N";;"N";;"N";;"N";;"N"
"2025-11-18 10:30";;"N";;"N";;"N";;"N";;"N";;"N";;"N";;"N";;"N";;"N";;"N";;"N";;"N";;"N";;"N";;"N";;"N";;"N"
"2025-11-18 10:45";;"N";;"N";;"N";;"N";;"N";;"N";;"N";;"N";;"N";;"N";;"N";;"N";;"N";;"N";;"N";;"N";;"N";;"N"
"2025-11-18 11:00";;"N";;"N";;"N";;"N";;"N";;"N";;"N";;"N";;"N";;"N";;"N";;"N";;"N";;"N";;"N";;"N";;"N";;"N"
"2025-11-18 11:15";;"N";;"N";;"N";;"N";;"N";;"N";;"N";;"N";;"N";;"N";;"N";;"N";;"N";;"N";;"N";;"N";;"N";;"N"
"2025-11-18 11:30";;"N";;"N";;"N";;"N";;"N";;"N";;"N";;"N";;"N";;"N";;"N";;"N";;"N";;"N";;"N";;"N";;"N";;"N"
"2025-11-18 11:45";;"N";;"N";;"N";;"N";;"N";;"N";;"N";;"N";;"N";;"N";;"N";;"N";;"N";;"N";;"N";;"N";;"N";;"N"
"2025-11-18 12:00";;"N";;"N";;"N";;"N";;"N";;"N";;"N";;"N";;"N";;"N";;"N";;"N";;"N";;"N";;"N";;"N";;"N";;"N"
"2025-11-18 12:15";;"N";;"N";;"N";;"N";;"N";;"N";;"N";;"N";;"N";;"N";;"N";;"N";;"N";;"N";;"N";;"N";;"N";;"N"
"2025-11-18 12:30";;"N";;"N";;"N";;"N";;"N";;"N";;"N";;"N";;"N";;"N";;"N";;"N";;"N";;"N";;"N";;"N";;"N";;"N"
"2025-11-18 12:45";;"N";;"N";;"N";;"N";;"N";;"N";;"N";;"N";;"N";;"N";;"N";;"N";;"N";;"N";;"N";;"N";;"N";;"N"
"2025-11-18 13:00";;"N";;"N";;"N";;"N";;"N";;"N";;"N";;"N";;"N";;"N";;"N";;"N";;"N";;"N";;"N";;"N";;"N";;"N"
"2025-11-18 13:15";;"N";;"N";;"N";;"N";;"N";;"N";;"N";;"N";;"N";;"N";;"N";;"N";;"N";;"N";;"N";;"N";;"N";;"N"
"2025-11-18 13:30";;"N";;"N";;"N";;"N";;"N";;"N";;"N";;"N";;"N";;"N";;"N";;"N";;"N";;"N";;"N";;"N";;"N";;"N"
"2025-11-18 13:45";;"N";;"N";;"N";;"N";;"N";;"N";;"N";;"N";;"N";;"N";;"N";;"N";;"N";;"N";;"N";;"N";;"N";;"N"
"2025-11-18 14:00";;"N";;"N";;"N";;"N";;"N";;"N";;"N";;"N";;"N";;"N";;"N";;"N";;"N";;"N";;"N";;"N";;"N";;"N"
"2025-11-18 14:15";;"N";;"N";;"N";;"N";;"N";;"N";;"N";;"N";;"N";;"N";;"N";;"N";;"N";;"N";;"N";;"N";;"N";;"N"
"2025-11-18 14:30";;"N";;"N";;"N";;"N";;"N";;"N";;"N";;"N";;"N";;"N";;"N";;"N";;"N";;"N";;"N";;"N";;"N";;"N"
"2025-11-18 14:45";;"N";;"N";;"N";;"N";;"N";;"N";;"N";;"N";;"N";;"N";;"N";;"N";;"N";;"N";;"N";;"N";;"N";;"N"
"2025-11-18 15:00";;"N";;"N";;"N";;"N";;"N";;"N";;"N";;"N";;"N";;"N";;"N";;"N";;"N";;"N";;"N";;"N";;"N";;"N"
"2025-11-18 15:15";;"N";;"N";;"N";;"N";;"N";;"N";;"N";;"N";;"N";;"N";;"N";;"N";;"N";;"N";;"N";;"N";;"N";;"N"
"2025-11-18 15:30";;"N";;"N";;"N";;"N";;"N";;"N";;"N";;"N";;"N";;"N";;"N";;"N";;"N";;"N";;"N";;"N";;"N";;"N"
"2025-11-18 15:45";;"N";;"N";;"N";;"N";;"N";;"N";;"N";;"N";;"N";;"N";;"N";;"N";;"N";;"N";;"N";;"N";;"N";;"N"
"2025-11-18 16:00";;"N";;"N";;"N";;"N";;"N";;"N";;"N";;"N";;"N";;"N";;"N";;"N";;"N";;"N";;"N";;"N";;"N";;"N"
"2025-11-18 16:15";;"N";;"N";;"N";;"N";;"N";;"N";;"N";;"N";;"N";;"N";;"N";;"N";;"N";;"N";;"N";;"N";;"N";;"N"
"2025-11-18 16:30";;"N";;"N";;"N";;"N";;"N";;"N";;"N";;"N";;"N";;"N";;"N";;"N";;"N";;"N";;"N";;"N";;"N";;"N"
"2025-11-18 16:45";;"N";;"N";;"N";;"N";;"N";;"N";;"N";;"N";;"N";;"N";;"N";;"N";;"N";;"N";;"N";;"N";;"N";;"N"
"2025-11-18 17:00";;"N";;"N";;"N";;"N";;"N";;"N";;"N";;"N";;"N";;"N";;"N";;"N";;"N";;"N";;"N";;"N";;"N";;"N"
"2025-11-18 17:15";;"N";;"N";;"N";;"N";;"N";;"N";;"N";;"N";;"N";;"N";;"N";;"N";;"N";;"N";;"N";;"N";;"N";;"N"
"2025-11-18 17:30";;"N";;"N";;"N";;"N";;"N";;"N";;"N";;"N";;"N";;"N";;"N";;"N";;"N";;"N";;"N";;"N";;"N";;"N"
"2025-11-18 17:45";;"N";;"N";;"N";;"N";;"N";;"N";;"N";;"N";;"N";;"N";;"N";;"N";;"N";;"N";;"N";;"N";;"N";;"N"
"2025-11-18 18:00";;"N";;"N";;"N";;"N";;"N";;"N";;"N";;"N";;"N";;"N";;"N";;"N";;"N";;"N";;"N";;"N";;"N";;"N"
"2025-11-18 18:15";;"N";;"N";;"N";;"N";;"N";;"N";;"N";;"N";;"N";;"N";;"N";;"N";;"N";;"N";;"N";;"N";;"N";;"N"
"2025-11-18 18:30";;"N";;"N";;"N";;"N";;"N";;"N";;"N";;"N";;"N";;"N";;"N";;"N";;"N";;"N";;"N";;"N";;"N";;"N"
"2025-11-18 18:45";;"N";;"N";;"N";;"N";;"N";;"N";;"N";;"N";;"N";;"N";;"N";;"N";;"N";;"N";;"N";;"N";;"N";;"N"
"2025-11-18 19:00";;"N";;"N";;"N";;"N";;"N";;"N";;"N";;"N";;"N";;"N";;"N";;"N";;"N";;"N";;"N";;"N";;"N";;"N"
"2025-11-18 19:15";;"N";;"N";;"N";;"N";;"N";;"N";;"N";;"N";;"N";;"N";;"N";;"N";;"N";;"N";;"N";;"N";;"N";;"N"
"2025-11-18 19:30";;"N";;"N";;"N";;"N";;"N";;"N";;"N";;"N";;"N";;"N";;"N";;"N";;"N";;"N";;"N";;"N";;"N";;"N"
"2025-11-18 19:45";;"N";;"N";;"N";;"N";;"N";;"N";;"N";;"N";;"N";;"N";;"N";;"N";;"N";;"N";;"N";;"N";;"N";;"N"
"2025-11-18 20:00";;"N";;"N";;"N";;"N";;"N";;"N";;"N";;"N";;"N";;"N";;"N";;"N";;"N";;"N";;"N";;"N";;"N";;"N"
"2025-11-18 20:15";;"N";;"N";;"N";;"N";;"N";;"N";;"N";;"N";;"N";;"N";;"N";;"N";;"N";;"N";;"N";;"N";;"N";;"N"
"2025-11-18 20:30";;"N";;"N";;"N";;"N";;"N";;"N";;"N";;"N";;"N";;"N";;"N";;"N";;"N";;"N";;"N";;"N";;"N";;"N"
"2025-11-18 20:45";;"N";;"N";;"N";;"N";;"N";;"N";;"N";;"N";;"N";;"N";;"N";;"N";;"N";;"N";;"N";;"N";;"N";;"N"
"2025-11-18 21:00";;"N";;"N";;"N";;"N";;"N";;"N";;"N";;"N";;"N";;"N";;"N";;"N";;"N";;"N";;"N";;"N";;"N";;"N"
"2025-11-18 21:15";;"N";;"N";;"N";;"N";;"N";;"N";;"N";;"N";;"N";;"N";;"N";;"N";;"N";;"N";;"N";;"N";;"N";;"N"
"2025-11-18 21:30";;"N";;"N";;"N";;"N";;"N";;"N";;"N";;"N";;"N";;"N";;"N";;"N";;"N";;"N";;"N";;"N";;"N";;"N"
"2025-11-18 21:45";;"N";;"N";;"N";;"N";;"N";;"N";;"N";;"N";;"N";;"N";;"N";;"N";;"N";;"N";;"N";;"N";;"N";;"N"
"2025-11-18 22:00";;"N";;"N";;"N";;"N";;"N";;"N";;"N";;"N";;"N";;"N";;"N";;"N";;"N";;"N";;"N";;"N";;"N";;"N"
"2025-11-18 22:15";;"N";;"N";;"N";;"N";;"N";;"N";;"N";;"N";;"N";;"N";;"N";;"N";;"N";;"N";;"N";;"N";;"N";;"N"
"2025-11-18 22:30";;"N";;"N";;"N";;"N";;"N";;"N";;"N";;"N";;"N";;"N";;"N";;"N";;"N";;"N";;"N";;"N";;"N";;"N"
"2025-11-18 22:45";;"N";;"N";;"N";;"N";;"N";;"N";;"N";;"N";;"N";;"N";;"N";;"N";;"N";;"N";;"N";;"N";;"N";;"N"
"2025-11-18 23:00";;"N";;"N";;"N";;"N";;"N";;"N";;"N";;"N";;"N";;"N";;"N";;"N";;"N";;"N";;"N";;"N";;"N";;"N"
"2025-11-18 23:15";;"N";;"N";;"N";;"N";;"N";;"N";;"N";;"N";;"N";;"N";;"N";;"N";;"N";;"N";;"N";;"N";;"N";;"N"
"2025-11-18 23:30";;"N";;"N";;"N";;"N";;"N";;"N";;"N";;"N";;"N";;"N";;"N";;"N";;"N";;"N";;"N";;"N";;"N";;"N"
"2025-11-18 23:45";;"N";;"N";;"N";;"N";;"N";;"N";;"N";;"N";;"N";;"N";;"N";;"N";;"N";;"N";;"N";;"N";;"N";;"N"
"2025-11-19 00:00";;"N";;"N";;"N";;"N";;"N";;"N";;"N";;"N";;"N";;"N";;"N";;"N";;"N";;"N";;"N";;"N";;"N";;"N"
"2025-11-19 00:15";;"N";;"N";;"N";;"N";;"N";;"N";;"N";;"N";;"N";;"N";;"N";;"N";;"N";;"N";;"N";;"N";;"N";;"N"
"2025-11-19 00:30";;"N";;"N";;"N";;"N";;"N";;"N";;"N";;"N";;"N";;"N";;"N";;"N";;"N";;"N";;"N";;"N";;"N";;"N"
"2025-11-19 00:45";;"N";;"N";;"N";;"N";;"N";;"N";;"N";;"N";;"N";;"N";;"N";;"N";;"N";;"N";;"N";;"N";;"N";;"N"
"2025-11-19 01:00";;"N";;"N";;"N";;"N";;"N";;"N";;"N";;"N";;"N";;"N";;"N";;"N";;"N";;"N";;"N";;"N";;"N";;"N"
"2025-11-19 01:15";;"N";;"N";;"N";;"N";;"N";;"N";;"N";;"N";;"N";;"N";;"N";;"N";;"N";;"N";;"N";;"N";;"N";;"N"
"2025-11-19 01:30";;"N";;"N";;"N";;"N";;"N";;"N";;"N";;"N";;"N";;"N";;"N";;"N";;"N";;"N";;"N";;"N";;"N";;"N"
"2025-11-19 01:45";;"N";;"N";;"N";;"N";;"N";;"N";;"N";;"N";;"N";;"N";;"N";;"N";;"N";;"N";;"N";;"N";;"N";;"N"
"2025-11-19 02:00";;"N";;"N";;"N";;"N";;"N";;"N";;"N";;"N";;"N";;"N";;"N";;"N";;"N";;"N";;"N";;"N";;"N";;"N"
"2025-11-19 02:15";;"N";;"N";;"N";;"N";;"N";;"N";;"N";;"N";;"N";;"N";;"N";;"N";;"N";;"N";;"N";;"N";;"N";;"N"
"2025-11-19 02:30";;"N";;"N";;"N";;"N";;"N";;"N";;"N";;"N";;"N";;"N";;"N";;"N";;"N";;"N";;"N";;"N";;"N";;"N"
"2025-11-19 02:45";;"N";;"N";;"N";;"N";;"N";;"N";;"N";;"N";;"N";;"N";;"N";;"N";;"N";;"N";;"N";;"N";;"N";;"N"
"2025-11-19 03:00";;"N";;"N";;"N";;"N";;"N";;"N";;"N";;"N";;"N";;"N";;"N";;"N";;"N";;"N";;"N";;"N";;"N";;"N"
"2025-11-19 03:15";;"N";;"N";;"N";;"N";;"N";;"N";;"N";;"N";;"N";;"N";;"N";;"N";;"N";;"N";;"N";;"N";;"N";;"N"
"2025-11-19 03:30";;"N";;"N";;"N";;"N";;"N";;"N";;"N";;"N";;"N";;"N";;"N";;"N";;"N";;"N";;"N";;"N";;"N";;"N"
"2025-11-19 03:45";;"N";;"N";;"N";;"N";;"N";;"N";;"N";;"N";;"N";;"N";;"N";;"N";;"N";;"N";;"N";;"N";;"N";;"N"
"2025-11-19 04:00";;"N";;"N";;"N";;"N";;"N";;"N";;"N";;"N";;"N";;"N";;"N";;"N";;"N";;"N";;"N";;"N";;"N";;"N"
"2025-11-19 04:15";;"N";;"N";;"N";;"N";;"N";;"N";;"N";;"N";;"N";;"N";;"N";;"N";;"N";;"N";;"N";;"N";;"N";;"N"
"2025-11-19 04:30";;"N";;"N";;"N";;"N";;"N";;"N";;"N";;"N";;"N";;"N";;"N";;"N";;"N";;"N";;"N";;"N";;"N";;"N"
"2025-11-19 04:45";;"N";;"N";;"N";;"N";;"N";;"N";;"N";;"N";;"N";;"N";;"N";;"N";;"N";;"N";;"N";;"N";;"N";;"N"
"2025-11-19 05:00";;"N";;"N";;"N";;"N";;"N";;"N";;"N";;"N";;"N";;"N";;"N";;"N";;"N";;"N";;"N";;"N";;"N";;"N"
"2025-11-19 05:15";;"N";;"N";;"N";;"N";;"N";;"N";;"N";;"N";;"N";;"N";;"N";;"N";;"N";;"N";;"N";;"N";;"N";;"N"
"2025-11-19 05:30";;"N";;"N";;"N";;"N";;"N";;"N";;"N";;"N";;"N";;"N";;"N";;"N";;"N";;"N";;"N";;"N";;"N";;"N"
"2025-11-19 05:45";;"N";;"N";;"N";;"N";;"N";;"N";;"N";;"N";;"N";;"N";;"N";;"N";;"N";;"N";;"N";;"N";;"N";;"N"
"2025-11-19 06:00";;"N";;"N";;"N";;"N";;"N";;"N";;"N";;"N";;"N";;"N";;"N";;"N";;"N";;"N";;"N";;"N";;"N";;"N"
"2025-11-19 06:15";;"N";;"N";;"N";;"N";;"N";;"N";;"N";;"N";;"N";;"N";;"N";;"N";;"N";;"N";;"N";;"N";;"N";;"N"
"2025-11-19 06:30";;"N";;"N";;"N";;"N";;"N";;"N";;"N";;"N";;"N";;"N";;"N";;"N";;"N";;"N";;"N";;"N";;"N";;"N"
"2025-11-19 06:45";;"N";;"N";;"N";;"N";;"N";;"N";;"N";;"N";;"N";;"N";;"N";;"N";;"N";;"N";;"N";;"N";;"N";;"N"
"2025-11-19 07:00";;"N";;"N";;"N";;"N";;"N";;"N";;"N";;"N";;"N";;"N";;"N";;"N";;"N";;"N";;"N";;"N";;"N";;"N"
"2025-11-19 07:15";;"N";;"N";;"N";;"N";;"N";;"N";;"N";;"N";;"N";;"N";;"N";;"N";;"N";;"N";;"N";;"N";;"N";;"N"
"2025-11-19 07:30";;"N";;"N";;"N";;"N";;"N";;"N";;"N";;"N";;"N";;"N";;"N";;"N";;"N";;"N";;"N";;"N";;"N";;"N"
"2025-11-19 07:45";;"N";;"N";;"N";;"N";;"N";;"N";;"N";;"N";;"N";;"N";;"N";;"N";;"N";;"N";;"N";;"N";;"N";;"N"
"2025-11-19 08:00";;"N";;"N";;"N";;"N";;"N";;"N";;"N";;"N";;"N";;"N";;"N";;"N";;"N";;"N";;"N";;"N";;"N";;"N"
"2025-11-19 08:15";;"N";;"N";;"N";;"N";;"N";;"N";;"N";;"N";;"N";;"N";;"N";;"N";;"N";;"N";;"N";;"N";;"N";;"N"
"2025-11-19 08:30";;"N";;"N";;"N";;"N";;"N";;"N";;"N";;"N";;"N";;"N";;"N";;"N";;"N";;"N";;"N";;"N";;"N";;"N"
"2025-11-19 08:45";;"N";;"N";;"N";;"N";;"N";;"N";;"N";;"N";;"N";;"N";;"N";;"N";;"N";;"N";;"N";;"N";;"N";;"N"
"2025-11-19 09:00";;"N";;"N";;"N";;"N";;"N";;"N";;"N";;"N";;"N";;"N";;"N";;"N";;"N";;"N";;"N";;"N";;"N";;"N"
"2025-11-19 09:15";;"N";;"N";;"N";;"N";;"N";;"N";;"N";;"N";;"N";;"N";;"N";;"N";;"N";;"N";;"N";;"N";;"N";;"N"
"2025-11-19 09:30";;"N";;"N";;"N";;"N";;"N";;"N";;"N";;"N";;"N";;"N";;"N";;"N";;"N";;"N";;"N";;"N";;"N";;"N"
"2025-11-19 09:45";;"N";;"N";;"N";;"N";;"N";;"N";;"N";;"N";;"N";;"N";;"N";;"N";;"N";;"N";;"N";;"N";;"N";;"N"
"2025-11-19 10:00";;"N";;"N";;"N";;"N";;"N";;"N";;"N";;"N";;"N";;"N";;"N";;"N";;"N";;"N";;"N";;"N";;"N";;"N"
"2025-11-19 10:15";;"N";;"N";;"N";;"N";;"N";;"N";;"N";;"N";;"N";;"N";;"N";;"N";;"N";;"N";;"N";;"N";;"N";;"N"
"2025-11-19 10:30";;"N";;"N";;"N";;"N";;"N";;"N";;"N";;"N";;"N";;"N";;"N";;"N";;"N";;"N";;"N";;"N";;"N";;"N"
"2025-11-19 10:45";;"N";;"N";;"N";;"N";;"N";;"N";;"N";;"N";;"N";;"N";;"N";;"N";;"N";;"N";;"N";;"N";;"N";;"N"
"2025-11-19 11:00";;"N";;"N";;"N";;"N";;"N";;"N";;"N";;"N";;"N";;"N";;"N";;"N";;"N";;"N";;"N";;"N";;"N";;"N"
"2025-11-19 11:15";;"N";;"N";;"N";;"N";;"N";;"N";;"N";;"N";;"N";;"N";;"N";;"N";;"N";;"N";;"N";;"N";;"N";;"N"
"2025-11-19 11:30";;"N";;"N";;"N";;"N";;"N";;"N";;"N";;"N";;"N";;"N";;"N";;"N";;"N";;"N";;"N";;"N";;"N";;"N"
"2025-11-19 11:45";;"N";;"N";;"N";;"N";;"N";;"N";;"N";;"N";;"N";;"N";;"N";;"N";;"N";;"N";;"N";;"N";;"N";;"N"
"2025-11-19 12:00";;"N";;"N";;"N";;"N";;"N";;"N";;"N";;"N";;"N";;"N";;"N";;"N";;"N";;"N";;"N";;"N";;"N";;"N"
"2025-11-19 12:15";;"N";;"N";;"N";;"N";;"N";;"N";;"N";;"N";;"N";;"N";;"N";;"N";;"N";;"N";;"N";;"N";;"N";;"N"
"2025-11-19 12:30";;"N";;"N";;"N";;"N";;"N";;"N";;"N";;"N";;"N";;"N";;"N";;"N";;"N";;"N";;"N";;"N";;"N";;"N"
"2025-11-19 12:45";;"N";;"N";;"N";;"N";;"N";;"N";;"N";;"N";;"N";;"N";;"N";;"N";;"N";;"N";;"N";;"N";;"N";;"N"
"2025-11-19 13:00";;"N";;"N";;"N";;"N";;"N";;"N";;"N";;"N";;"N";;"N";;"N";;"N";;"N";;"N";;"N";;"N";;"N";;"N"
"2025-11-19 13:15";;"N";;"N";;"N";;"N";;"N";;"N";;"N";;"N";;"N";;"N";;"N";;"N";;"N";;"N";;"N";;"N";;"N";;"N"
"2025-11-19 13:30";;"N";;"N";;"N";;"N";;"N";;"N";;"N";;"N";;"N";;"N";;"N";;"N";;"N";;"N";;"N";;"N";;"N";;"N"
"2025-11-19 13:45";;"N";;"N";;"N";;"N";;"N";;"N";;"N";;"N";;"N";;"N";;"N";;"N";;"N";;"N";;"N";;"N";;"N";;"N"
"2025-11-19 14:00";;"N";;"N";;"N";;"N";;"N";;"N";;"N";;"N";;"N";;"N";;"N";;"N";;"N";;"N";;"N";;"N";;"N";;"N"
"2025-11-19 14:15";48.44;"A";3917.87;"A";3961.07;"A";7.24;"A";5.04;"A";3.77;"A";29.29;"A";28.04;"A";10;"A";25.59;"A";27.69;"A";994.68;"A";2;"A";7;"A";8;"A";545;"A";0;"A";83.33;"A"
"2025-11-19 14:30";51.73;"A";3947.8;"A";3989.67;"A";10.75;"A";6.31;"A";4.31;"A";31.07;"A";24.93;"A";11;"A";26.23;"A";27.06;"A";994.52;"A";1;"A";14;"A";10;"A";566;"A";0;"A";93.33;"A"
"2025-11-19 14:45";54.93;"A";3990;"A";4031.93;"A";16.04;"A";9.24;"A";5.89;"A";32.04;"A";23.94;"A";12;"A";26.72;"A";27.11;"A";994.59;"A";1;"A";19;"A";11;"A";680;"A";0;"A";86.67;"A"
"2025-11-19 15:00";58.22;"A";4032.93;"A";4074.8;"A";4.87;"A";3.21;"A";2.22;"A";32.81;"A";24.62;"A";6;"A";26.63;"A";29.11;"A";994.46;"A";2;"A";26;"A";4;"A";922;"A";0;"A";93.33;"A"
"2025-11-19 15:15";61.38;"A";4082.93;"A";4125.93;"A";6.46;"A";4.25;"A";2.57;"A";33.31;"A";32.77;"A";11;"A";26.61;"A";45.99;"A";994.6;"A";0;"A";56;"A";12;"A";1048;"A";0;"A";76.67;"A"
"2025-11-19 15:30";64.55;"A";4109;"A";4149.87;"A";0.72;"A";0.77;"A";0.6;"A";33.54;"A";36.44;"A";1;"A";26.6;"A";45.87;"A";994.69;"A";0;"A";36;"A";1;"A";1032;"A";0;"A";333.33;"A"
"2025-11-19 15:45";67.55;"A";4122.27;"A";4160.53;"A";0.53;"A";0.48;"A";0.41;"A";33.62;"A";36.39;"A";2;"A";26.63;"A";46.07;"A";994.86;"A";0;"A";31;"A";3;"A";1016;"A";0;"A";336.67;"A"
"2025-11-19 16:00";70.32;"A";4129.67;"A";4162.53;"A";1.37;"A";0.85;"A";0.68;"A";33.65;"A";39.62;"A";9;"A";26.61;"A";53.93;"A";994.98;"A";0;"A";51;"A";11;"A";1058;"A";0;"A";223.33;"A"
"2025-11-19 16:15";72.93;"A";4134.2;"A";4169.27;"A";0.26;"A";0.44;"A";0.4;"A";33.68;"A";49.29;"A";0;"A";26.6;"A";63.13;"A";995.05;"A";0;"A";56;"A";1;"A";1177;"A";0;"A";280;"A"
"2025-11-19 16:30";75.31;"A";4142.07;"A";4173.53;"A";0.54;"A";0.61;"A";0.46;"A";33.63;"A";49.57;"A";0;"A";26.59;"A";63.78;"A";995.27;"A";0;"A";49;"A";1;"A";1154;"A";1.67;"A";163.33;"A"
"2025-11-19 16:45";76.82;"A";4059.47;"A";4079.33;"A";8.26;"A";5.61;"A";4;"A";33.4;"A";29.44;"A";14;"A";26.31;"A";25.11;"A";995.35;"A";0;"A";17;"A";16;"A";665;"A";0;"A";90;"A"
"2025-11-19 17:00";77.21;"A";3962.53;"A";3959.67;"A";7.14;"A";5.28;"A";3.85;"A";33.17;"A";21.02;"A";18;"A";26.17;"A";26.14;"A";995.37;"A";0;"A";8;"A";22;"A";375;"A";0;"A";80;"A"
"2025-11-19 17:15";76.86;"A";3959.53;"A";3957.33;"A";6.7;"A";5.01;"A";3.77;"A";32.95;"A";21.52;"A";13;"A";25.96;"A";26.55;"A";995.42;"A";0;"A";13;"A";13;"A";435;"A";0;"A";286.67;"A"
"2025-11-19 17:30";76.44;"A";3947.27;"A";3942.73;"A";7.35;"A";5.14;"A";3.57;"A";32.64;"A";22.07;"A";11;"A";25.74;"A";27.12;"A";995.64;"A";1;"A";16;"A";11;"A";522;"A";0;"A";260;"A"
"2025-11-19 17:45";76.08;"A";3947.47;"A";3945.07;"A";6.18;"A";4.75;"A";3.53;"A";32.33;"A";22.12;"A";10;"A";25.51;"A";27.22;"A";995.89;"A";1;"A";19;"A";9;"A";572;"A";0;"A";216.67;"A"
"2025-11-19 18:00";75.67;"A";3936.93;"A";3932.6;"A";6.25;"A";4.67;"A";3.38;"A";32.04;"A";22.29;"A";9;"A";25.38;"A";27.27;"A";995.95;"A";1;"A";20;"A";8;"A";597;"A";0;"A";143.33;"A"
"2025-11-19 18:15";75.3;"A";3937.4;"A";3935.13;"A";5.89;"A";4.58;"A";3.32;"A";31.82;"A";22.72;"A";9;"A";25.22;"A";27.41;"A";995.87;"A";1;"A";20;"A";8;"A";631;"A";0;"A";130;"A"
"2025-11-19 18:30";74.89;"A";3923.73;"A";3920.2;"A";5.53;"A";4.6;"A";3.39;"A";31.63;"A";23.05;"A";8;"A";25.1;"A";27.69;"A";995.87;"A";1;"A";21;"A";8;"A";676;"A";0;"A";123.33;"A"
"2025-11-19 18:45";74.5;"A";3928.2;"A";3926;"A";6.02;"A";4.67;"A";3.4;"A";31.46;"A";23.23;"A";8;"A";25;"A";27.68;"A";995.95;"A";1;"A";21;"A";7;"A";700;"A";0;"A";116.67;"A"
"2025-11-19 19:00";74.12;"A";3919;"A";3915.47;"A";5.99;"A";4.58;"A";3.31;"A";31.35;"A";23.32;"A";8;"A";24.92;"A";27.73;"A";995.83;"A";1;"A";22;"A";7;"A";714;"A";0;"A";116.67;"A"
"2025-11-19 19:15";73.72;"A";3920.27;"A";3918.07;"A";5.35;"A";4.26;"A";3.21;"A";31.24;"A";23.44;"A";7;"A";24.86;"A";27.8;"A";995.79;"A";1;"A";21;"A";7;"A";726;"A";0;"A";126.67;"A"
"2025-11-19 19:30";73.35;"A";3911.33;"A";3906.53;"A";5.54;"A";4.45;"A";3.23;"A";31.17;"A";23.6;"A";7;"A";24.79;"A";28.08;"A";995.83;"A";1;"A";22;"A";7;"A";743;"A";0;"A";160;"A"
"2025-11-19 19:45";72.93;"A";3913.07;"A";3910.93;"A";5.27;"A";4.51;"A";3.26;"A";31.09;"A";23.81;"A";7;"A";24.75;"A";28.26;"A";995.86;"A";1;"A";22;"A";6;"A";754;"A";0;"A";170;"A"
"2025-11-19 20:00";72.57;"A";3904.93;"A";3901.33;"A";5.06;"A";4.17;"A";3.19;"A";31.04;"A";23.82;"A";7;"A";24.71;"A";28.29;"A";996.15;"A";1;"A";22;"A";6;"A";763;"A";0;"A";93.33;"A"
"2025-11-19 20:15";72.14;"A";3906.53;"A";3904.33;"A";5.55;"A";4.37;"A";3.22;"A";30.99;"A";23.9;"A";7;"A";24.67;"A";28.29;"A";996.2;"A";1;"A";22;"A";6;"A";771;"A";0;"A";110;"A"
"2025-11-19 20:30";71.79;"A";3901.53;"A";3898.6;"A";5.38;"A";4.1;"A";3.19;"A";30.96;"A";24.01;"A";6;"A";24.65;"A";28.5;"A";996.11;"A";0;"A";22;"A";6;"A";805;"A";0;"A";140;"A"
"2025-11-19 20:45";71.35;"A";3897.53;"A";3894.47;"A";4.84;"A";4.25;"A";3.21;"A";30.92;"A";24.18;"A";6;"A";24.63;"A";28.7;"A";996.16;"A";0;"A";22;"A";6;"A";790;"A";0;"A";50;"A"
"2025-11-19 21:00";71;"A";3897.93;"A";3895.2;"A";5.03;"A";3.99;"A";3.15;"A";30.9;"A";24.35;"A";6;"A";24.63;"A";28.9;"A";996.25;"A";1;"A";22;"A";6;"A";786;"A";0;"A";93.33;"A"
"2025-11-19 21:15";70.57;"A";3888.53;"A";3884.73;"A";5.24;"A";4.13;"A";3.14;"A";30.87;"A";24.48;"A";6;"A";24.63;"A";28.98;"A";996.25;"A";1;"A";22;"A";6;"A";781;"A";0;"A";56.67;"A"
"2025-11-19 21:30";70.21;"A";3892.07;"A";3889.67;"A";4.53;"A";3.99;"A";3.14;"A";30.87;"A";24.49;"A";6;"A";24.62;"A";28.98;"A";996.18;"A";0;"A";23;"A";6;"A";776;"A";0;"A";113.33;"A"
"2025-11-19 21:45";69.78;"A";3883;"A";3877.4;"A";5.16;"A";4.31;"A";3.13;"A";30.87;"A";24.5;"A";6;"A";24.6;"A";28.99;"A";996.15;"A";0;"A";22;"A";6;"A";769;"A";0;"A";220;"A"
"2025-11-19 22:00";69.41;"A";3885.53;"A";3882.6;"A";5.14;"A";4.1;"A";3.08;"A";30.87;"A";24.57;"A";6;"A";24.61;"A";29.11;"A";996.05;"A";0;"A";23;"A";6;"A";760;"A";0;"A";233.33;"A"
"2025-11-19 22:15";69;"A";3877.07;"A";3871.6;"A";4.67;"A";3.98;"A";3.11;"A";30.86;"A";24.66;"A";6;"A";24.59;"A";29.2;"A";996.04;"A";0;"A";23;"A";5;"A";753;"A";0;"A";256.67;"A"
"2025-11-19 22:30";68.61;"A";3878.93;"A";3876.2;"A";5.17;"A";4.33;"A";3.17;"A";30.86;"A";24.71;"A";5;"A";24.6;"A";29.32;"A";996.08;"A";0;"A";22;"A";5;"A";749;"A";0;"A";250;"A"
"2025-11-19 22:45";68.21;"A";3870;"A";3864.47;"A";5.04;"A";4.12;"A";3.13;"A";30.85;"A";24.73;"A";5;"A";24.59;"A";29.32;"A";996.03;"A";1;"A";22;"A";5;"A";745;"A";0;"A";190;"A"
"2025-11-19 23:00";67.81;"A";3871.4;"A";3868.47;"A";4.65;"A";3.94;"A";3.23;"A";30.86;"A";24.77;"A";5;"A";24.58;"A";29.32;"A";996.01;"A";0;"A";23;"A";5;"A";745;"A";0;"A";173.33;"A"
"2025-11-19 23:15";67.42;"A";3859.93;"A";3855.07;"A";5.18;"A";4.25;"A";3.28;"A";30.84;"A";24.8;"A";5;"A";24.56;"A";29.41;"A";996.04;"A";0;"A";23;"A";5;"A";738;"A";0;"A";160;"A"
"2025-11-19 23:30";67;"A";3863.4;"A";3860.4;"A";4.95;"A";4.39;"A";3.33;"A";30.84;"A";24.85;"A";5;"A";24.56;"A";29.45;"A";996.1;"A";0;"A";23;"A";5;"A";737;"A";0;"A";176.67;"A"
"2025-11-19 23:45";66.64;"A";3854.4;"A";3850.4;"A";5.17;"A";4.5;"A";3.32;"A";30.83;"A";24.87;"A";5;"A";24.54;"A";29.51;"A";996.13;"A";0;"A";23;"A";5;"A";732;"A";0;"A";140;"A"
"2025-11-20 00:00";66.2;"A";3854.87;"A";3851.73;"A";5.58;"A";4.77;"A";3.48;"A";30.82;"A";24.94;"A";5;"A";24.53;"A";29.57;"A";996.12;"A";0;"A";23;"A";5;"A";726;"A";0;"A";120;"A"
"2025-11-20 00:15";65.85;"A";3848;"A";3845.53;"A";4.94;"A";4.63;"A";3.45;"A";30.81;"A";25;"A";5;"A";24.53;"A";29.67;"A";995.99;"A";0;"A";23;"A";5;"A";722;"A";0;"A";113.33;"A"
"2025-11-20 00:30";65.4;"A";3842.67;"A";3839.93;"A";4.85;"A";4.43;"A";3.42;"A";30.8;"A";25.13;"A";5;"A";24.52;"A";29.81;"A";995.96;"A";0;"A";24;"A";5;"A";714;"A";0;"A";120;"A"
"2025-11-20 00:45";65.05;"A";3842;"A";3839;"A";5.27;"A";4.49;"A";3.44;"A";30.81;"A";25.17;"A";4;"A";24.52;"A";29.85;"A";995.96;"A";0;"A";23;"A";5;"A";708;"A";0;"A";110;"A"
"2025-11-20 01:00";64.61;"A";3831.07;"A";3827;"A";5.55;"A";4.53;"A";3.4;"A";30.8;"A";25.2;"A";5;"A";24.51;"A";29.87;"A";995.98;"A";0;"A";23;"A";5;"A";704;"A";0;"A";116.67;"A"
"2025-11-20 01:15";64.24;"A";3832.13;"A";3829.87;"A";5.51;"A";4.63;"A";3.42;"A";30.8;"A";25.23;"A";4;"A";24.51;"A";29.9;"A";995.91;"A";0;"A";23;"A";5;"A";699;"A";0;"A";110;"A"
"2025-11-20 01:30";63.81;"A";3818.2;"A";3814;"A";5.45;"A";4.64;"A";3.58;"A";30.79;"A";25.28;"A";4;"A";24.5;"A";29.98;"A";995.71;"A";0;"A";23;"A";5;"A";698;"A";0;"A";110;"A"
"2025-11-20 01:45";63.42;"A";3821.8;"A";3819.27;"A";5.15;"A";4.4;"A";3.55;"A";30.79;"A";25.33;"A";4;"A";24.49;"A";30.06;"A";995.69;"A";0;"A";24;"A";4;"A";695;"A";0;"A";110;"A"
"2025-11-20 02:00";63;"A";3806.67;"A";3803;"A";5.22;"A";4.62;"A";3.46;"A";30.79;"A";25.4;"A";4;"A";24.49;"A";30.16;"A";995.72;"A";0;"A";23;"A";4;"A";695;"A";0;"A";86.67;"A"
"2025-11-20 02:15";62.6;"A";3810.4;"A";3807.87;"A";5.56;"A";4.56;"A";3.42;"A";30.78;"A";25.51;"A";4;"A";24.49;"A";30.3;"A";995.71;"A";0;"A";23;"A";5;"A";692;"A";0;"A";83.33;"A"
"2025-11-20 02:30";62.21;"A";3794;"A";3790.67;"A";4.92;"A";4.39;"A";3.49;"A";30.78;"A";25.61;"A";4;"A";24.49;"A";30.4;"A";995.99;"A";0;"A";23;"A";4;"A";691;"A";0;"A";100;"A"
"2025-11-20 02:45";61.79;"A";3796.33;"A";3793.4;"A";5.53;"A";4.56;"A";3.43;"A";30.78;"A";25.7;"A";4;"A";24.49;"A";30.53;"A";995.85;"A";0;"A";23;"A";5;"A";692;"A";0;"A";106.67;"A"
"2025-11-20 03:00";61.41;"A";3783.27;"A";3779.53;"A";4.98;"A";4.43;"A";3.42;"A";30.77;"A";25.78;"A";4;"A";24.48;"A";30.64;"A";995.96;"A";0;"A";23;"A";5;"A";692;"A";0;"A";143.33;"A"
"2025-11-20 03:15";60.97;"A";3780;"A";3777.13;"A";5.31;"A";4.65;"A";3.49;"A";30.78;"A";25.82;"A";4;"A";24.49;"A";30.63;"A";995.8;"A";0;"A";23;"A";4;"A";691;"A";0;"A";183.33;"A"
"2025-11-20 03:30";60.61;"A";3767.07;"A";3762.73;"A";4.9;"A";4.61;"A";3.6;"A";30.78;"A";25.81;"A";4;"A";24.49;"A";30.64;"A";995.58;"A";0;"A";23;"A";4;"A";688;"A";0;"A";170;"A"
"2025-11-20 03:45";60.15;"A";3763.53;"A";3760.47;"A";5.33;"A";4.67;"A";3.51;"A";30.78;"A";25.85;"A";4;"A";24.5;"A";30.74;"A";995.4;"A";0;"A";24;"A";4;"A";685;"A";0;"A";170;"A"
"2025-11-20 04:00";59.79;"A";3757.33;"A";3754.53;"A";4.74;"A";4.43;"A";3.54;"A";30.78;"A";25.87;"A";4;"A";24.5;"A";30.74;"A";995.33;"A";0;"A";23;"A";4;"A";682;"A";0;"A";156.67;"A"
"2025-11-20 04:15";59.33;"A";3741.07;"A";3735.27;"A";5.16;"A";4.7;"A";3.52;"A";30.79;"A";25.89;"A";4;"A";24.5;"A";30.81;"A";995.34;"A";0;"A";24;"A";4;"A";682;"A";0;"A";170;"A"
"2025-11-20 04:30";58.95;"A";3743.53;"A";3740.93;"A";5.75;"A";4.68;"A";3.56;"A";30.8;"A";25.85;"A";4;"A";24.5;"A";30.78;"A";995.44;"A";0;"A";23;"A";4;"A";679;"A";0;"A";180;"A"
"2025-11-20 04:45";58.59;"A";3738.2;"A";3735.07;"A";5.38;"A";4.71;"A";3.58;"A";30.79;"A";25.87;"A";4;"A";24.47;"A";30.84;"A";995.23;"A";0;"A";24;"A";4;"A";674;"A";0;"A";206.67;"A"
"2025-11-20 05:00";58.23;"A";3732.6;"A";3729.87;"A";5.5;"A";5;"A";3.58;"A";30.76;"A";25.96;"A";4;"A";24.45;"A";30.97;"A";995.25;"A";0;"A";23;"A";4;"A";667;"A";0;"A";136.67;"A"
"2025-11-20 05:15";57.79;"A";3720.47;"A";3715.87;"A";4.82;"A";4.38;"A";3.55;"A";30.71;"A";26.04;"A";4;"A";24.44;"A";31.02;"A";995.17;"A";0;"A";23;"A";4;"A";667;"A";0;"A";186.67;"A"
"2025-11-20 05:30";57.4;"A";3720.33;"A";3717.67;"A";4.99;"A";4.59;"A";3.52;"A";30.72;"A";26.06;"A";4;"A";24.43;"A";31.05;"A";995.18;"A";0;"A";22;"A";4;"A";659;"A";0;"A";153.33;"A"
"2025-11-20 05:45";57.03;"A";3715.4;"A";3712.73;"A";5.1;"A";4.33;"A";3.46;"A";30.72;"A";26.06;"A";4;"A";24.42;"A";31.05;"A";995.33;"A";0;"A";23;"A";4;"A";656;"A";0;"A";113.33;"A"
"2025-11-20 06:00";56.66;"A";3710.47;"A";3707.47;"A";5.12;"A";4.61;"A";3.46;"A";30.69;"A";26.12;"A";4;"A";24.4;"A";31.11;"A";995.21;"A";0;"A";22;"A";4;"A";653;"A";0;"A";106.67;"A"
"2025-11-20 06:15";56.24;"A";3695.4;"A";3691.87;"A";5.75;"A";4.44;"A";3.51;"A";30.67;"A";26.18;"A";4;"A";24.38;"A";31.16;"A";994.9;"A";0;"A";23;"A";4;"A";643;"A";0;"A";163.33;"A"
"2025-11-20 06:30";55.82;"A";3699.4;"A";3696;"A";5.09;"A";4.43;"A";3.57;"A";30.66;"A";26.2;"A";4;"A";24.38;"A";31.07;"A";994.59;"A";0;"A";23;"A";4;"A";638;"A";0;"A";220;"A"
"2025-11-20 06:45";55.46;"A";3694.93;"A";3691.93;"A";10.15;"A";6.68;"A";4.98;"A";30.66;"A";28.29;"A";7;"A";24.33;"A";35.63;"A";994.37;"A";0;"A";26;"A";8;"A";682;"A";0;"A";166.67;"A"
"2025-11-20 07:00";55.09;"A";3690.27;"A";3687;"A";8.1;"A";6.13;"A";4.47;"A";30.63;"A";29.15;"A";2;"A";24.32;"A";34.16;"A";994.53;"A";0;"A";22;"A";3;"A";698;"A";0;"A";186.67;"A"
"2025-11-20 07:15";54.68;"A";3677;"A";3671.27;"A";6.88;"A";5.32;"A";4.03;"A";30.59;"A";27.59;"A";4;"A";24.32;"A";33.01;"A";994.43;"A";0;"A";21;"A";5;"A";653;"A";0;"A";203.33;"A"
"2025-11-20 07:30";54.24;"A";3680.07;"A";3677.13;"A";7.19;"A";5.64;"A";4.08;"A";30.58;"A";27.18;"A";4;"A";24.32;"A";32.05;"A";994.77;"A";0;"A";21;"A";5;"A";634;"A";0;"A";206.67;"A"
"2025-11-20 07:45";53.87;"A";3675.87;"A";3672.47;"A";11.05;"A";8.57;"A";5.98;"A";30.59;"A";25.21;"A";9;"A";24.3;"A";29.29;"A";994.81;"A";0;"A";14;"A";9;"A";524;"A";0;"A";153.33;"A"
"2025-11-20 08:00";53.5;"A";3671.87;"A";3668.8;"A";11.51;"A";8.29;"A";6.06;"A";30.54;"A";24.68;"A";11;"A";24.22;"A";29.39;"A";994.87;"A";0;"A";13;"A";13;"A";464;"A";0;"A";203.33;"A"
"2025-11-20 08:15";54.23;"A";3894.6;"A";3928.6;"A";13.45;"A";9.42;"A";6.74;"A";30.49;"A";25.24;"A";11;"A";24.22;"A";30.16;"A";994.89;"A";0;"A";13;"A";12;"A";506;"A";0;"A";193.33;"A"
"2025-11-20 08:30";56.03;"A";3747.13;"A";3750.87;"A";12.47;"A";9.04;"A";6.35;"A";30.51;"A";24.23;"A";9;"A";24.01;"A";28.05;"A";995.31;"A";0;"A";11;"A";10;"A";495;"A";0;"A";143.33;"A"
"2025-11-20 08:45";55.69;"A";3702.67;"A";3699.6;"A";9.07;"A";6.78;"A";5.01;"A";30.55;"A";23.38;"A";10;"A";24.16;"A";27.7;"A";995.49;"A";0;"A";13;"A";11;"A";482;"A";0;"A";300;"A"
"2025-11-20 09:00";55.32;"A";3696.73;"A";3693.53;"A";8.86;"A";6.54;"A";4.73;"A";30.58;"A";23.5;"A";9;"A";24.22;"A";27.84;"A";995.41;"A";0;"A";14;"A";10;"A";530;"A";0;"A";176.67;"A"
"2025-11-20 09:15";54.9;"A";3681.53;"A";3677.27;"A";8.08;"A";6.34;"A";4.59;"A";30.57;"A";23.66;"A";9;"A";24.24;"A";27.95;"A";995.38;"A";0;"A";15;"A";10;"A";571;"A";0;"A";163.33;"A"
"2025-11-20 09:30";54.47;"A";3684.53;"A";3681.87;"A";8.04;"A";5.8;"A";4.34;"A";30.56;"A";23.73;"A";9;"A";24.14;"A";27.67;"A";995.41;"A";0;"A";15;"A";9;"A";606;"A";0;"A";123.33;"A"
"2025-11-20 09:45";54.1;"A";3680.2;"A";3677.13;"A";6.86;"A";5.51;"A";3.92;"A";30.39;"A";22.03;"A";16;"A";23.33;"A";26.11;"A";995.12;"A";0;"A";8;"A";17;"A";588;"A";0;"A";156.67;"A"
"2025-11-20 10:00";53.73;"A";3675.53;"A";3672.67;"A";5.91;"A";4.72;"A";3.48;"A";29.99;"A";21.44;"A";18;"A";22.7;"A";26.04;"A";995.01;"A";0;"A";7;"A";19;"A";452;"A";0;"A";120;"A"
"2025-11-20 10:15";53.33;"A";3664.6;"A";3659.27;"A";5.89;"A";4.28;"A";3.25;"A";29.55;"A";21.86;"A";19;"A";22.65;"A";26.58;"A";995.12;"A";0;"A";7;"A";22;"A";375;"A";0;"A";163.33;"A"
"2025-11-20 10:30";52.89;"A";3665.47;"A";3662.13;"A";4.47;"A";3.79;"A";2.83;"A";29.4;"A";23;"A";17;"A";23.12;"A";27.15;"A";995.01;"A";0;"A";6;"A";20;"A";392;"A";0;"A";183.33;"A"
"2025-11-20 10:45";52.52;"A";3661.67;"A";3658.8;"A";5.45;"A";4.13;"A";2.97;"A";29.39;"A";23.39;"A";15;"A";22.69;"A";27.95;"A";994.81;"A";0;"A";7;"A";17;"A";396;"A";0;"A";70;"A"
"2025-11-20 11:00";52.15;"A";3657.67;"A";3654.6;"A";5.98;"A";4.5;"A";3.22;"A";29.18;"A";23.45;"A";15;"A";22.43;"A";28.25;"A";994.5;"A";0;"A";9;"A";17;"A";335;"A";0;"A";123.33;"A"
"2025-11-20 11:15";51.75;"A";3645.27;"A";3640.33;"A";5.26;"A";4.33;"A";3.11;"A";28.9;"A";23.64;"A";15;"A";22.17;"A";28.48;"A";994.27;"A";0;"A";9;"A";16;"A";381;"A";0;"A";116.67;"A"
"2025-11-20 11:30";51.29;"A";3649.4;"A";3645.93;"A";4.76;"A";3.79;"A";2.83;"A";28.79;"A";24.34;"A";13;"A";22.66;"A";28.56;"A";993.95;"A";0;"A";8;"A";15;"A";381;"A";0;"A";170;"A"
"2025-11-20 11:45";50.92;"A";3645.53;"A";3642.6;"A";6.31;"A";4.14;"A";2.87;"A";28.89;"A";24.78;"A";12;"A";22.88;"A";28.82;"A";993.72;"A";0;"A";9;"A";14;"A";422;"A";0;"A";246.67;"A"
"2025-11-20 12:00";50.55;"A";3642.27;"A";3638.93;"A";6.91;"A";4.21;"A";3.04;"A";29.04;"A";25.02;"A";11;"A";22.89;"A";29.15;"A";993.55;"A";0;"A";10;"A";13;"A";458;"A";0;"A";213.33;"A"
"2025-11-20 12:15";50.17;"A";3636.6;"A";3633.07;"A";5.93;"A";4.67;"A";3.3;"A";29.08;"A";24.88;"A";12;"A";22.87;"A";29.14;"A";993.35;"A";0;"A";11;"A";13;"A";451;"A";0;"A";253.33;"A"
"2025-11-20 12:30";49.69;"A";3628.8;"A";3622.87;"A";7.06;"A";4.95;"A";3.67;"A";29.14;"A";24.69;"A";11;"A";22.97;"A";28.76;"A";993.29;"A";0;"A";11;"A";13;"A";437;"A";0;"A";213.33;"A"
"2025-11-20 12:45";49.32;"A";3631.4;"A";3627.8;"A";6.92;"A";5.43;"A";4;"A";29.21;"A";24.62;"A";11;"A";23.02;"A";28.82;"A";993.29;"A";0;"A";12;"A";12;"A";435;"A";0;"A";253.33;"A"
"2025-11-20 13:00";48.94;"A";3628.33;"A";3625.13;"A";10.08;"A";7.44;"A";5.33;"A";29.08;"A";24.41;"A";14;"A";21.83;"A";29.97;"A";993.27;"A";1;"A";16;"A";15;"A";410;"A";0;"A";140;"A"
"2025-11-20 13:15";48.57;"A";3625;"A";3621.87;"A";10.74;"A";7.37;"A";5.5;"A";28.76;"A";24.96;"A";14;"A";22.23;"A";29.83;"A";993.1;"A";0;"A";12;"A";18;"A";363;"A";0;"A";116.67;"A"
"2025-11-20 13:30";48.1;"A";3612.73;"A";3607.47;"A";13.05;"A";8.21;"A";5.81;"A";28.64;"A";26.14;"A";13;"A";22.46;"A";30.78;"A";992.72;"A";0;"A";11;"A";16;"A";388;"A";0;"A";140;"A"
"2025-11-20 13:45";47.7;"A";3617.87;"A";3614.6;"A";8.84;"A";6.48;"A";4.75;"A";28.74;"A";26.48;"A";12;"A";22.84;"A";30.91;"A";993.04;"A";0;"A";10;"A";14;"A";406;"A";0;"A";176.67;"A"
"2025-11-20 14:00";47.32;"A";3614.67;"A";3611.73;"A";8.35;"A";6.4;"A";4.62;"A";28.99;"A";26.91;"A";11;"A";23.24;"A";31.27;"A";993.04;"A";0;"A";11;"A";13;"A";445;"A";0;"A";216.67;"A"
"2025-11-20 14:15";46.95;"A";3611.67;"A";3608.33;"A";7.62;"A";6.08;"A";4.41;"A";29.26;"A";26.88;"A";10;"A";23.41;"A";31.2;"A";993.06;"A";0;"A";12;"A";12;"A";488;"A";0;"A";130;"A"
"2025-11-20 14:30";46.51;"A";3598.53;"A";3594.67;"A";9.66;"A";6.8;"A";4.97;"A";29.4;"A";26.46;"A";12;"A";23.2;"A";31.38;"A";992.97;"A";0;"A";13;"A";14;"A";493;"A";0;"A";153.33;"A"
"2025-11-20 14:45";46.09;"A";3604.8;"A";3601.53;"A";8.15;"A";5.96;"A";4.47;"A";29.52;"A";26.81;"A";11;"A";23.55;"A";31.42;"A";993.05;"A";0;"A";13;"A";13;"A";484;"A";0;"A";180;"A"
"2025-11-20 15:00";45.71;"A";3601.73;"A";3598.67;"A";8.25;"A";5.67;"A";4.34;"A";29.7;"A";26.81;"A";10;"A";23.77;"A";31.45;"A";993;"A";0;"A";12;"A";13;"A";510;"A";0;"A";106.67;"A"
"2025-11-20 15:15";45.33;"A";3598.6;"A";3595.6;"A";8.05;"A";5.56;"A";4.12;"A";29.88;"A";26.78;"A";10;"A";23.95;"A";31.27;"A";993.01;"A";0;"A";12;"A";12;"A";550;"A";0;"A";153.33;"A"
"2025-11-20 15:30";44.91;"A";3589.6;"A";3582.67;"A";12.37;"A";8.29;"A";5.7;"A";30.02;"A";26.46;"A";10;"A";23.8;"A";31.1;"A";992.79;"A";0;"A";12;"A";11;"A";574;"A";0;"A";263.33;"A"
"2025-11-20 15:45";44.46;"A";3591.93;"A";3588.87;"A";16.04;"A";12.42;"A";8.88;"A";29.92;"A";25.58;"A";13;"A";23.11;"A";30.87;"A";992.67;"A";0;"A";10;"A";16;"A";516;"A";0;"A";136.67;"A"
"2025-11-20 16:00";44.09;"A";3588.73;"A";3585.47;"A";15.03;"A";12.16;"A";8.23;"A";29.76;"A";25.8;"A";14;"A";23.26;"A";31.05;"A";992.78;"A";0;"A";10;"A";17;"A";462;"A";0;"A";156.67;"A"
"2025-11-20 16:15";43.71;"A";3585.93;"A";3582.93;"A";12.75;"A";10.5;"A";7.42;"A";29.73;"A";26.31;"A";13;"A";23.56;"A";31.18;"A";992.56;"A";0;"A";9;"A";15;"A";473;"A";0;"A";190;"A"
"2025-11-20 16:30";43.3;"A";3574.13;"A";3569.2;"A";11.83;"A";9.09;"A";6.56;"A";29.8;"A";26.74;"A";11;"A";23.8;"A";31.51;"A";992.37;"A";0;"A";11;"A";13;"A";521;"A";0;"A";216.67;"A"
"2025-11-20 16:45";42.84;"A";3578.93;"A";3575.2;"A";11.87;"A";8.74;"A";6.38;"A";29.96;"A";27;"A";10;"A";23.97;"A";31.71;"A";992.23;"A";0;"A";13;"A";11;"A";612;"A";0;"A";206.67;"A"
"2025-11-20 17:00";42.46;"A";3576.27;"A";3572.67;"A";10.84;"A";8.21;"A";6.24;"A";30.12;"A";26.71;"A";9;"A";24.02;"A";31.43;"A";992.15;"A";0;"A";13;"A";11;"A";664;"A";0;"A";170;"A"
"2025-11-20 17:15";42.08;"A";3573.33;"A";3569.67;"A";10.15;"A";8.14;"A";5.93;"A";30.21;"A";26.45;"A";8;"A";24.03;"A";31.2;"A";992.36;"A";0;"A";15;"A";10;"A";698;"A";0;"A";73.33;"A"
"2025-11-20 17:30";41.69;"A";3564.73;"A";3559.6;"A";10.38;"A";7.85;"A";5.7;"A";30.25;"A";26.28;"A";8;"A";24.06;"A";31.06;"A";992.3;"A";0;"A";16;"A";10;"A";708;"A";0;"A";130;"A"
"2025-11-20 17:45";41.21;"A";3563.13;"A";3559.47;"A";9.22;"A";7.47;"A";5.52;"A";30.29;"A";26.23;"A";7;"A";24.11;"A";30.97;"A";992.28;"A";0;"A";16;"A";8;"A";717;"A";0;"A";113.33;"A"
"2025-11-20 18:00";40.82;"A";3563;"A";3559.6;"A";9.34;"A";7.85;"A";5.58;"A";30.35;"A";26.12;"A";7;"A";24.13;"A";30.86;"A";992.36;"A";0;"A";17;"A";8;"A";724;"A";0;"A";136.67;"A"
"2025-11-20 18:15";40.44;"A";3560.33;"A";3557.13;"A";8.79;"A";7.17;"A";5.39;"A";30.37;"A";26.01;"A";7;"A";24.13;"A";30.79;"A";992.35;"A";0;"A";17;"A";8;"A";724;"A";0;"A";216.67;"A"
"2025-11-20 18:30";40.06;"A";3556.93;"A";3553.2;"A";9.15;"A";7.2;"A";5.33;"A";30.38;"A";25.98;"A";7;"A";24.11;"A";30.75;"A";992.51;"A";0;"A";17;"A";7;"A";722;"A";0;"A";270;"A"
"2025-11-20 18:45";39.58;"A";3545.73;"A";3540.93;"A";8.34;"A";6.76;"A";5.18;"A";30.37;"A";25.97;"A";7;"A";24.13;"A";30.72;"A";992.52;"A";0;"A";17;"A";8;"A";720;"A";0;"A";230;"A"
"2025-11-20 19:00";39.19;"A";3549.6;"A";3546.27;"A";8.15;"A";6.76;"A";5.1;"A";30.4;"A";25.95;"A";7;"A";24.15;"A";30.65;"A";992.51;"A";0;"A";17;"A";7;"A";719;"A";0;"A";36.67;"A"
"2025-11-20 19:15";38.8;"A";3546.4;"A";3542.73;"A";8.55;"A";7.05;"A";5.16;"A";30.43;"A";25.91;"A";6;"A";24.15;"A";30.61;"A";992.38;"A";0;"A";17;"A";7;"A";716;"A";0;"A";40;"A"
"2025-11-20 19:30";38.42;"A";3542.73;"A";3539.67;"A";8.05;"A";6.71;"A";5.06;"A";30.43;"A";25.89;"A";6;"A";24.15;"A";30.61;"A";992.34;"A";0;"A";17;"A";7;"A";714;"A";0;"A";40;"A"
"2025-11-20 19:45";37.96;"A";3528.53;"A";3524.6;"A";8.42;"A";6.98;"A";5.11;"A";30.42;"A";25.91;"A";6;"A";24.15;"A";30.61;"A";992.57;"A";0;"A";17;"A";7;"A";712;"A";0;"A";50;"A"
"2025-11-20 20:00";37.54;"A";3534.33;"A";3531.2;"A";8.91;"A";7.61;"A";5.26;"A";30.44;"A";25.88;"A";6;"A";24.17;"A";30.58;"A";992.59;"A";0;"A";18;"A";6;"A";718;"A";0;"A";53.33;"A"
"2025-11-20 20:15";37.16;"A";3530.53;"A";3526.8;"A";8.61;"A";6.98;"A";5.4;"A";30.46;"A";25.85;"A";6;"A";24.18;"A";30.56;"A";992.65;"A";0;"A";18;"A";7;"A";720;"A";0;"A";73.33;"A"
"2025-11-20 20:30";36.77;"A";3526.2;"A";3522.73;"A";9.77;"A";7.82;"A";5.64;"A";30.46;"A";25.86;"A";6;"A";24.18;"A";30.59;"A";992.78;"A";0;"A";17;"A";7;"A";723;"A";0;"A";93.33;"A"
"2025-11-20 20:45";36.33;"A";3511.67;"A";3506.87;"A";10.57;"A";8.45;"A";6.1;"A";30.45;"A";25.88;"A";6;"A";24.18;"A";30.63;"A";992.92;"A";0;"A";17;"A";6;"A";727;"A";0;"A";113.33;"A"
"2025-11-20 21:00";35.88;"A";3516.8;"A";3513.67;"A";10.9;"A";8.92;"A";6.48;"A";30.45;"A";25.87;"A";6;"A";24.19;"A";30.58;"A";992.83;"A";0;"A";18;"A";7;"A";724;"A";0;"A";113.33;"A"
"2025-11-20 21:15";35.5;"A";3513.13;"A";3509.8;"A";10.99;"A";9.13;"A";6.87;"A";30.47;"A";25.84;"A";6;"A";24.19;"A";30.54;"A";992.99;"A";0;"A";17;"A";6;"A";721;"A";0;"A";116.67;"A"
"2025-11-20 21:30";35.11;"A";3508.87;"A";3505.53;"A";12.57;"A";9.89;"A";7.31;"A";30.49;"A";25.84;"A";6;"A";24.21;"A";30.56;"A";993.02;"A";0;"A";17;"A";7;"A";719;"A";0;"A";120;"A"
"2025-11-20 21:45";34.69;"A";3496;"A";3489.93;"A";14.34;"A";11.07;"A";7.69;"A";30.48;"A";25.88;"A";6;"A";24.19;"A";30.59;"A";993.13;"A";0;"A";17;"A";6;"A";717;"A";0;"A";146.67;"A"
"2025-11-20 22:00";34.22;"A";3499.47;"A";3496.13;"A";13.29;"A";10.65;"A";7.86;"A";30.48;"A";25.84;"A";6;"A";24.19;"A";30.56;"A";993.22;"A";0;"A";18;"A";6;"A";711;"A";0;"A";166.67;"A"
"2025-11-20 22:15";33.84;"A";3495.33;"A";3491.53;"A";13.51;"A";11.03;"A";7.83;"A";30.49;"A";25.83;"A";6;"A";24.18;"A";30.55;"A";993.2;"A";0;"A";17;"A";6;"A";704;"A";0;"A";153.33;"A"
"2025-11-20 22:30";33.45;"A";3491.2;"A";3488.13;"A";13.42;"A";10.98;"A";7.76;"A";30.48;"A";25.85;"A";6;"A";24.19;"A";30.58;"A";993.19;"A";0;"A";17;"A";7;"A";696;"A";0;"A";136.67;"A"
"2025-11-20 22:45";33.04;"A";3476.33;"A";3472.13;"A";13.03;"A";10.73;"A";7.59;"A";30.47;"A";25.9;"A";6;"A";24.19;"A";30.64;"A";993.38;"A";0;"A";16;"A";6;"A";694;"A";0;"A";146.67;"A"
"2025-11-20 23:00";32.55;"A";3481.2;"A";3477.6;"A";13.2;"A";10.55;"A";7.33;"A";30.46;"A";25.92;"A";5;"A";24.19;"A";30.65;"A";993.44;"A";0;"A";17;"A";6;"A";690;"A";0;"A";160;"A"
"2025-11-20 23:15";32.16;"A";3476.87;"A";3473.6;"A";12.51;"A";10.13;"A";7.22;"A";30.5;"A";25.9;"A";6;"A";24.19;"A";30.65;"A";993.49;"A";0;"A";17;"A";6;"A";682;"A";0;"A";160;"A"
"2025-11-20 23:30";31.77;"A";3472.67;"A";3469.27;"A";11.68;"A";9.19;"A";6.74;"A";30.5;"A";25.91;"A";6;"A";24.19;"A";30.68;"A";993.56;"A";0;"A";17;"A";6;"A";678;"A";0;"A";156.67;"A"
"2025-11-20 23:45";31.38;"A";3468.4;"A";3465.13;"A";10.33;"A";8.68;"A";6.5;"A";30.48;"A";25.94;"A";5;"A";24.19;"A";30.71;"A";993.45;"A";0;"A";17;"A";6;"A";674;"A";0;"A";143.33;"A"
"2025-11-21 00:00";30.88;"A";3452.07;"A";3448.27;"A";10.83;"A";8.92;"A";6.46;"A";30.48;"A";25.99;"A";5;"A";24.2;"A";30.76;"A";993.35;"A";0;"A";17;"A";6;"A";669;"A";0;"A";160;"A"
"2025-11-21 00:15";30.48;"A";3458.67;"A";3455.53;"A";9.98;"A";8.3;"A";6.15;"A";30.49;"A";25.97;"A";5;"A";24.21;"A";30.76;"A";993.63;"A";0;"A";17;"A";5;"A";666;"A";0;"A";160;"A"
"2025-11-21 00:30";30.09;"A";3454.07;"A";3450.67;"A";10.56;"A";8.35;"A";5.94;"A";30.51;"A";26;"A";5;"A";24.22;"A";30.77;"A";993.6;"A";0;"A";17;"A";6;"A";662;"A";0;"A";143.33;"A"
"2025-11-21 00:45";29.7;"A";3449.53;"A";3446.2;"A";10.04;"A";7.99;"A";5.85;"A";30.52;"A";26.03;"A";5;"A";24.26;"A";30.8;"A";993.31;"A";0;"A";18;"A";5;"A";663;"A";0;"A";146.67;"A"
"2025-11-21 01:00";29.22;"A";3433.13;"A";3429.8;"A";8.89;"A";7.44;"A";5.62;"A";30.53;"A";26.07;"A";5;"A";24.3;"A";30.79;"A";993.11;"A";0;"A";18;"A";6;"A";664;"A";0;"A";153.33;"A"
"2025-11-21 01:15";28.8;"A";3438.13;"A";3435.2;"A";9.34;"A";7.6;"A";5.55;"A";30.58;"A";26.05;"A";5;"A";24.31;"A";30.79;"A";992.85;"A";0;"A";18;"A";6;"A";666;"A";0;"A";143.33;"A"
"2025-11-21 01:30";28.4;"A";3432.93;"A";3429.93;"A";8.15;"A";6.97;"A";5.31;"A";30.6;"A";26.01;"A";5;"A";24.29;"A";30.8;"A";993.24;"A";0;"A";18;"A";6;"A";663;"A";0;"A";146.67;"A"
"2025-11-21 01:45";28.01;"A";3427.6;"A";3424.2;"A";8.55;"A";7.14;"A";5.24;"A";30.6;"A";26.03;"A";5;"A";24.28;"A";30.86;"A";993.31;"A";0;"A";18;"A";6;"A";658;"A";0;"A";136.67;"A"
"2025-11-21 02:00";27.54;"A";3410.4;"A";3405.73;"A";8.22;"A";6.83;"A";5.05;"A";30.58;"A";26.06;"A";5;"A";24.3;"A";30.91;"A";993.58;"A";0;"A";18;"A";5;"A";652;"A";0;"A";143.33;"A"
"2025-11-21 02:15";27.1;"A";3413.33;"A";3410.27;"A";7.74;"A";6.52;"A";4.82;"A";30.6;"A";26.07;"A";5;"A";24.32;"A";30.91;"A";993.37;"A";0;"A";17;"A";5;"A";653;"A";0;"A";173.33;"A"
"2025-11-21 02:30";26.7;"A";3407.4;"A";3403.73;"A";7.21;"A";6.22;"A";4.67;"A";30.61;"A";26.06;"A";5;"A";24.31;"A";30.94;"A";993.4;"A";0;"A";18;"A";5;"A";648;"A";0;"A";193.33;"A"
"2025-11-21 02:45";26.3;"A";3401;"A";3397.07;"A";6.5;"A";5.94;"A";4.42;"A";30.61;"A";26.06;"A";5;"A";24.29;"A";30.96;"A";993.28;"A";0;"A";17;"A";5;"A";643;"A";0;"A";186.67;"A"
"2025-11-21 03:00";25.86;"A";3386.4;"A";3380.87;"A";6.94;"A";5.98;"A";4.36;"A";30.59;"A";26.1;"A";5;"A";24.29;"A";30.99;"A";993.32;"A";0;"A";17;"A";5;"A";638;"A";0;"A";176.67;"A"
"2025-11-21 03:15";25.38;"A";3385.6;"A";3382.33;"A";6.75;"A";5.63;"A";4.11;"A";30.6;"A";26.12;"A";5;"A";24.32;"A";30.99;"A";993.16;"A";0;"A";18;"A";5;"A";636;"A";0;"A";163.33;"A"
"2025-11-21 03:30";24.98;"A";3378.67;"A";3375.53;"A";6.1;"A";5.47;"A";3.92;"A";30.61;"A";26.12;"A";5;"A";24.32;"A";31.02;"A";993.04;"A";0;"A";17;"A";5;"A";631;"A";0;"A";180;"A"
"2025-11-21 03:45";24.58;"A";3371.4;"A";3368.07;"A";6.12;"A";5.21;"A";3.81;"A";30.62;"A";26.15;"A";4;"A";24.31;"A";31.06;"A";993.06;"A";0;"A";18;"A";5;"A";630;"A";0;"A";193.33;"A"
"2025-11-21 04:00";24.15;"A";3353.4;"A";3347.47;"A";4.69;"A";4.26;"A";3.39;"A";28.56;"A";24.42;"A";4;"A";24.3;"A";31.08;"A";993.07;"A";0;"A";17;"A";5;"A";647;"A";0;"A";185;"A"
"2025-11-21 04:15";23.65;"A";3354.2;"A";3350.8;"A";5.03;"A";4.65;"A";3.52;"A";30.6;"A";26.2;"A";5;"A";24.32;"A";31.08;"A";992.98;"A";0;"A";17;"A";5;"A";623;"A";;"N";;"N"
"2025-11-21 04:30";23.24;"A";3347.93;"A";3344.07;"A";5.08;"A";4.37;"A";3.38;"A";30.63;"A";26.18;"A";5;"A";24.33;"A";31.07;"A";992.76;"A";0;"A";17;"A";5;"A";622;"A";0;"A";140;"A"
"2025-11-21 04:45";22.84;"A";3342;"A";3338.53;"A";4.49;"A";4.16;"A";3.22;"A";30.63;"A";26.2;"A";5;"A";24.34;"A";31.08;"A";992.79;"A";0;"A";17;"A";5;"A";622;"A";0;"A";170;"A"
"2025-11-21 05:00";22.43;"A";3329.73;"A";3324.47;"A";4.69;"A";4.2;"A";3.2;"A";30.63;"A";26.24;"A";4;"A";24.32;"A";31.13;"A";993.05;"A";0;"A";19;"A";5;"A";621;"A";0;"A";146.67;"A"
"2025-11-21 05:15";21.91;"A";3325.27;"A";3321.8;"A";4.07;"A";3.63;"A";2.9;"A";28.59;"A";24.49;"A";4;"A";24.32;"A";31.15;"A";993.04;"A";0;"A";17;"A";5;"A";643;"A";0;"A";203.33;"A"
"2025-11-21 05:30";21.5;"A";3324.27;"A";3320.4;"A";4.53;"A";3.93;"A";3;"A";30.64;"A";26.24;"A";5;"A";24.34;"A";31.15;"A";993.06;"A";0;"A";17;"A";5;"A";618;"A";0;"A";176.67;"A"
"2025-11-21 05:45";21.09;"A";3319.6;"A";3315.67;"A";4.87;"A";4.22;"A";2.97;"A";30.65;"A";26.26;"A";5;"A";24.35;"A";31.17;"A";993.34;"A";0;"A";18;"A";5;"A";622;"A";0;"A";200;"A"
"2025-11-21 06:00";20.68;"A";3314.73;"A";3310.87;"A";4.37;"A";3.78;"A";2.95;"A";30.65;"A";26.29;"A";5;"A";24.35;"A";31.2;"A";993.53;"A";0;"A";18;"A";5;"A";632;"A";0;"A";250;"A"
"2025-11-21 06:15";;"N";;"N";;"N";;"N";;"N";;"N";;"N";;"N";;"N";;"N";;"N";;"N";;"N";;"N";;"N";;"N";;"N";;"N"
"2025-11-21 06:30";;"N";;"N";;"N";;"N";;"N";;"N";;"N";;"N";;"N";;"N";;"N";;"N";;"N";;"N";;"N";;"N";;"N";;"N"
"2025-11-21 06:45";;"N";;"N";;"N";;"N";;"N";;"N";;"N";;"N";;"N";;"N";;"N";;"N";;"N";;"N";;"N";;"N";;"N";;"N"
"2025-11-21 07:00";;"N";;"N";;"N";;"N";;"N";;"N";;"N";;"N";;"N";;"N";;"N";;"N";;"N";;"N";;"N";;"N";;"N";;"N"
"2025-11-21 07:15";;"N";;"N";;"N";;"N";;"N";;"N";;"N";;"N";;"N";;"N";;"N";;"N";;"N";;"N";;"N";;"N";;"N";;"N"
"2025-11-21 07:30";;"N";;"N";;"N";;"N";;"N";;"N";;"N";;"N";;"N";;"N";;"N";;"N";;"N";;"N";;"N";;"N";;"N";;"N"
"2025-11-21 07:45";;"N";;"N";;"N";;"N";;"N";;"N";;"N";;"N";;"N";;"N";;"N";;"N";;"N";;"N";;"N";;"N";;"N";;"N"
"2025-11-21 08:00";;"N";;"N";;"N";;"N";;"N";;"N";;"N";;"N";;"N";;"N";;"N";;"N";;"N";;"N";;"N";;"N";;"N";;"N"
"2025-11-21 08:15";;"N";;"N";;"N";;"N";;"N";;"N";;"N";;"N";;"N";;"N";;"N";;"N";;"N";;"N";;"N";;"N";;"N";;"N"
"2025-11-21 08:30";;"N";;"N";;"N";;"N";;"N";;"N";;"N";;"N";;"N";;"N";;"N";;"N";;"N";;"N";;"N";;"N";;"N";;"N"
"2025-11-21 08:45";;"N";;"N";;"N";;"N";;"N";;"N";;"N";;"N";;"N";;"N";;"N";;"N";;"N";;"N";;"N";;"N";;"N";;"N"
"2025-11-21 09:00";;"N";;"N";;"N";;"N";;"N";;"N";;"N";;"N";;"N";;"N";;"N";;"N";;"N";;"N";;"N";;"N";;"N";;"N"
"2025-11-21 09:15";;"N";;"N";;"N";;"N";;"N";;"N";;"N";;"N";;"N";;"N";;"N";;"N";;"N";;"N";;"N";;"N";;"N";;"N"
"2025-11-21 09:30";;"N";;"N";;"N";;"N";;"N";;"N";;"N";;"N";;"N";;"N";;"N";;"N";;"N";;"N";;"N";;"N";;"N";;"N"
"2025-11-21 09:45";;"N";;"N";;"N";;"N";;"N";;"N";;"N";;"N";;"N";;"N";;"N";;"N";;"N";;"N";;"N";;"N";;"N";;"N"
"2025-11-21 10:00";;"N";;"N";;"N";;"N";;"N";;"N";;"N";;"N";;"N";;"N";;"N";;"N";;"N";;"N";;"N";;"N";;"N";;"N"
"2025-11-21 10:15";;"N";;"N";;"N";;"N";;"N";;"N";;"N";;"N";;"N";;"N";;"N";;"N";;"N";;"N";;"N";;"N";;"N";;"N"
"2025-11-21 10:30";;"N";;"N";;"N";;"N";;"N";;"N";;"N";;"N";;"N";;"N";;"N";;"N";;"N";;"N";;"N";;"N";;"N";;"N"
"2025-11-21 10:45";;"N";;"N";;"N";;"N";;"N";;"N";;"N";;"N";;"N";;"N";;"N";;"N";;"N";;"N";;"N";;"N";;"N";;"N"
"2025-11-21 11:00";;"N";;"N";;"N";;"N";;"N";;"N";;"N";;"N";;"N";;"N";;"N";;"N";;"N";;"N";;"N";;"N";;"N";;"N"
"2025-11-21 11:15";;"N";;"N";;"N";;"N";;"N";;"N";;"N";;"N";;"N";;"N";;"N";;"N";;"N";;"N";;"N";;"N";;"N";;"N"
"2025-11-21 11:30";;"N";;"N";;"N";;"N";;"N";;"N";;"N";;"N";;"N";;"N";;"N";;"N";;"N";;"N";;"N";;"N";;"N";;"N"
"2025-11-21 11:45";;"N";;"N";;"N";;"N";;"N";;"N";;"N";;"N";;"N";;"N";;"N";;"N";;"N";;"N";;"N";;"N";;"N";;"N"
"2025-11-21 12:00";;"N";;"N";;"N";;"N";;"N";;"N";;"N";;"N";;"N";;"N";;"N";;"N";;"N";;"N";;"N";;"N";;"N";;"N"
"2025-11-21 12:15";;"N";;"N";;"N";;"N";;"N";;"N";;"N";;"N";;"N";;"N";;"N";;"N";;"N";;"N";;"N";;"N";;"N";;"N"
"2025-11-21 12:30";;"N";;"N";;"N";;"N";;"N";;"N";;"N";;"N";;"N";;"N";;"N";;"N";;"N";;"N";;"N";;"N";;"N";;"N"
"2025-11-21 12:45";;"N";;"N";;"N";;"N";;"N";;"N";;"N";;"N";;"N";;"N";;"N";;"N";;"N";;"N";;"N";;"N";;"N";;"N"
"2025-11-21 13:00";;"N";;"N";;"N";;"N";;"N";;"N";;"N";;"N";;"N";;"N";;"N";;"N";;"N";;"N";;"N";;"N";;"N";;"N"
"2025-11-21 13:15";;"N";;"N";;"N";;"N";;"N";;"N";;"N";;"N";;"N";;"N";;"N";;"N";;"N";;"N";;"N";;"N";;"N";;"N"
"2025-11-21 13:30";;"N";;"N";;"N";;"N";;"N";;"N";;"N";;"N";;"N";;"N";;"N";;"N";;"N";;"N";;"N";;"N";;"N";;"N"
"2025-11-21 13:45";;"N";;"N";;"N";;"N";;"N";;"N";;"N";;"N";;"N";;"N";;"N";;"N";;"N";;"N";;"N";;"N";;"N";;"N"
"2025-11-21 14:00";;"N";;"N";;"N";;"N";;"N";;"N";;"N";;"N";;"N";;"N";;"N";;"N";;"N";;"N";;"N";;"N";;"N";;"N"
"2025-11-21 14:15";;"N";;"N";;"N";;"N";;"N";;"N";;"N";;"N";;"N";;"N";;"N";;"N";;"N";;"N";;"N";;"N";;"N";;"N"
"2025-11-21 14:30";;"N";;"N";;"N";;"N";;"N";;"N";;"N";;"N";;"N";;"N";;"N";;"N";;"N";;"N";;"N";;"N";;"N";;"N"
"2025-11-21 14:45";;"N";;"N";;"N";;"N";;"N";;"N";;"N";;"N";;"N";;"N";;"N";;"N";;"N";;"N";;"N";;"N";;"N";;"N"
"2025-11-21 15:00";;"N";;"N";;"N";;"N";;"N";;"N";;"N";;"N";;"N";;"N";;"N";;"N";;"N";;"N";;"N";;"N";;"N";;"N"
"2025-11-21 15:15";;"N";;"N";;"N";;"N";;"N";;"N";;"N";;"N";;"N";;"N";;"N";;"N";;"N";;"N";;"N";;"N";;"N";;"N"
"2025-11-21 15:30";;"N";;"N";;"N";;"N";;"N";;"N";;"N";;"N";;"N";;"N";;"N";;"N";;"N";;"N";;"N";;"N";;"N";;"N"
"2025-11-21 15:45";;"N";;"N";;"N";;"N";;"N";;"N";;"N";;"N";;"N";;"N";;"N";;"N";;"N";;"N";;"N";;"N";;"N";;"N"
"2025-11-21 16:00";;"N";;"N";;"N";;"N";;"N";;"N";;"N";;"N";;"N";;"N";;"N";;"N";;"N";;"N";;"N";;"N";;"N";;"N"
"2025-11-21 16:15";;"N";;"N";;"N";;"N";;"N";;"N";;"N";;"N";;"N";;"N";;"N";;"N";;"N";;"N";;"N";;"N";;"N";;"N"
"2025-11-21 16:30";;"N";;"N";;"N";;"N";;"N";;"N";;"N";;"N";;"N";;"N";;"N";;"N";;"N";;"N";;"N";;"N";;"N";;"N"
"2025-11-21 16:45";;"N";;"N";;"N";;"N";;"N";;"N";;"N";;"N";;"N";;"N";;"N";;"N";;"N";;"N";;"N";;"N";;"N";;"N"
"2025-11-21 17:00";;"N";;"N";;"N";;"N";;"N";;"N";;"N";;"N";;"N";;"N";;"N";;"N";;"N";;"N";;"N";;"N";;"N";;"N"
"2025-11-21 17:15";;"N";;"N";;"N";;"N";;"N";;"N";;"N";;"N";;"N";;"N";;"N";;"N";;"N";;"N";;"N";;"N";;"N";;"N"
"2025-11-21 17:30";;"N";;"N";;"N";;"N";;"N";;"N";;"N";;"N";;"N";;"N";;"N";;"N";;"N";;"N";;"N";;"N";;"N";;"N"
"2025-11-21 17:45";;"N";;"N";;"N";;"N";;"N";;"N";;"N";;"N";;"N";;"N";;"N";;"N";;"N";;"N";;"N";;"N";;"N";;"N"
"2025-11-21 18:00";;"N";;"N";;"N";;"N";;"N";;"N";;"N";;"N";;"N";;"N";;"N";;"N";;"N";;"N";;"N";;"N";;"N";;"N"
"2025-11-21 18:15";;"N";;"N";;"N";;"N";;"N";;"N";;"N";;"N";;"N";;"N";;"N";;"N";;"N";;"N";;"N";;"N";;"N";;"N"
"2025-11-21 18:30";;"N";;"N";;"N";;"N";;"N";;"N";;"N";;"N";;"N";;"N";;"N";;"N";;"N";;"N";;"N";;"N";;"N";;"N"
"2025-11-21 18:45";;"N";;"N";;"N";;"N";;"N";;"N";;"N";;"N";;"N";;"N";;"N";;"N";;"N";;"N";;"N";;"N";;"N";;"N"
"2025-11-21 19:00";;"N";;"N";;"N";;"N";;"N";;"N";;"N";;"N";;"N";;"N";;"N";;"N";;"N";;"N";;"N";;"N";;"N";;"N"
"2025-11-21 19:15";;"N";;"N";;"N";;"N";;"N";;"N";;"N";;"N";;"N";;"N";;"N";;"N";;"N";;"N";;"N";;"N";;"N";;"N"
"2025-11-21 19:30";;"N";;"N";;"N";;"N";;"N";;"N";;"N";;"N";;"N";;"N";;"N";;"N";;"N";;"N";;"N";;"N";;"N";;"N"
"2025-11-21 19:45";;"N";;"N";;"N";;"N";;"N";;"N";;"N";;"N";;"N";;"N";;"N";;"N";;"N";;"N";;"N";;"N";;"N";;"N"
"2025-11-21 20:00";;"N";;"N";;"N";;"N";;"N";;"N";;"N";;"N";;"N";;"N";;"N";;"N";;"N";;"N";;"N";;"N";;"N";;"N"
"2025-11-21 20:15";;"N";;"N";;"N";;"N";;"N";;"N";;"N";;"N";;"N";;"N";;"N";;"N";;"N";;"N";;"N";;"N";;"N";;"N"
"2025-11-21 20:30";;"N";;"N";;"N";;"N";;"N";;"N";;"N";;"N";;"N";;"N";;"N";;"N";;"N";;"N";;"N";;"N";;"N";;"N"
"2025-11-21 20:45";;"N";;"N";;"N";;"N";;"N";;"N";;"N";;"N";;"N";;"N";;"N";;"N";;"N";;"N";;"N";;"N";;"N";;"N"
"2025-11-21 21:00";;"N";;"N";;"N";;"N";;"N";;"N";;"N";;"N";;"N";;"N";;"N";;"N";;"N";;"N";;"N";;"N";;"N";;"N"
"2025-11-21 21:15";;"N";;"N";;"N";;"N";;"N";;"N";;"N";;"N";;"N";;"N";;"N";;"N";;"N";;"N";;"N";;"N";;"N";;"N"
"2025-11-21 21:30";;"N";;"N";;"N";;"N";;"N";;"N";;"N";;"N";;"N";;"N";;"N";;"N";;"N";;"N";;"N";;"N";;"N";;"N"
"2025-11-21 21:45";;"N";;"N";;"N";;"N";;"N";;"N";;"N";;"N";;"N";;"N";;"N";;"N";;"N";;"N";;"N";;"N";;"N";;"N"
"2025-11-21 22:00";;"N";;"N";;"N";;"N";;"N";;"N";;"N";;"N";;"N";;"N";;"N";;"N";;"N";;"N";;"N";;"N";;"N";;"N"
"2025-11-21 22:15";;"N";;"N";;"N";;"N";;"N";;"N";;"N";;"N";;"N";;"N";;"N";;"N";;"N";;"N";;"N";;"N";;"N";;"N"
"2025-11-21 22:30";;"N";;"N";;"N";;"N";;"N";;"N";;"N";;"N";;"N";;"N";;"N";;"N";;"N";;"N";;"N";;"N";;"N";;"N"
"2025-11-21 22:45";;"N";;"N";;"N";;"N";;"N";;"N";;"N";;"N";;"N";;"N";;"N";;"N";;"N";;"N";;"N";;"N";;"N";;"N"
"2025-11-21 23:00";;"N";;"N";;"N";;"N";;"N";;"N";;"N";;"N";;"N";;"N";;"N";;"N";;"N";;"N";;"N";;"N";;"N";;"N"
"2025-11-21 23:15";;"N";;"N";;"N";;"N";;"N";;"N";;"N";;"N";;"N";;"N";;"N";;"N";;"N";;"N";;"N";;"N";;"N";;"N"
"2025-11-21 23:30";;"N";;"N";;"N";;"N";;"N";;"N";;"N";;"N";;"N";;"N";;"N";;"N";;"N";;"N";;"N";;"N";;"N";;"N"
"2025-11-21 23:45";;"N";;"N";;"N";;"N";;"N";;"N";;"N";;"N";;"N";;"N";;"N";;"N";;"N";;"N";;"N";;"N";;"N";;"N"
"2025-11-22 00:00";;"N";;"N";;"N";;"N";;"N";;"N";;"N";;"N";;"N";;"N";;"N";;"N";;"N";;"N";;"N";;"N";;"N";;"N"
"2025-11-22 00:15";;"N";;"N";;"N";;"N";;"N";;"N";;"N";;"N";;"N";;"N";;"N";;"N";;"N";;"N";;"N";;"N";;"N";;"N"
"2025-11-22 00:30";;"N";;"N";;"N";;"N";;"N";;"N";;"N";;"N";;"N";;"N";;"N";;"N";;"N";;"N";;"N";;"N";;"N";;"N"
"2025-11-22 00:45";;"N";;"N";;"N";;"N";;"N";;"N";;"N";;"N";;"N";;"N";;"N";;"N";;"N";;"N";;"N";;"N";;"N";;"N"
"2025-11-22 01:00";;"N";;"N";;"N";;"N";;"N";;"N";;"N";;"N";;"N";;"N";;"N";;"N";;"N";;"N";;"N";;"N";;"N";;"N"
"2025-11-22 01:15";;"N";;"N";;"N";;"N";;"N";;"N";;"N";;"N";;"N";;"N";;"N";;"N";;"N";;"N";;"N";;"N";;"N";;"N"
"2025-11-22 01:30";;"N";;"N";;"N";;"N";;"N";;"N";;"N";;"N";;"N";;"N";;"N";;"N";;"N";;"N";;"N";;"N";;"N";;"N"
"2025-11-22 01:45";;"N";;"N";;"N";;"N";;"N";;"N";;"N";;"N";;"N";;"N";;"N";;"N";;"N";;"N";;"N";;"N";;"N";;"N"
"2025-11-22 02:00";;"N";;"N";;"N";;"N";;"N";;"N";;"N";;"N";;"N";;"N";;"N";;"N";;"N";;"N";;"N";;"N";;"N";;"N"
"2025-11-22 02:15";;"N";;"N";;"N";;"N";;"N";;"N";;"N";;"N";;"N";;"N";;"N";;"N";;"N";;"N";;"N";;"N";;"N";;"N"
"2025-11-22 02:30";;"N";;"N";;"N";;"N";;"N";;"N";;"N";;"N";;"N";;"N";;"N";;"N";;"N";;"N";;"N";;"N";;"N";;"N"
"2025-11-22 02:45";;"N";;"N";;"N";;"N";;"N";;"N";;"N";;"N";;"N";;"N";;"N";;"N";;"N";;"N";;"N";;"N";;"N";;"N"
"2025-11-22 03:00";;"N";;"N";;"N";;"N";;"N";;"N";;"N";;"N";;"N";;"N";;"N";;"N";;"N";;"N";;"N";;"N";;"N";;"N"
"2025-11-22 03:15";;"N";;"N";;"N";;"N";;"N";;"N";;"N";;"N";;"N";;"N";;"N";;"N";;"N";;"N";;"N";;"N";;"N";;"N"
"2025-11-22 03:30";;"N";;"N";;"N";;"N";;"N";;"N";;"N";;"N";;"N";;"N";;"N";;"N";;"N";;"N";;"N";;"N";;"N";;"N"
"2025-11-22 03:45";;"N";;"N";;"N";;"N";;"N";;"N";;"N";;"N";;"N";;"N";;"N";;"N";;"N";;"N";;"N";;"N";;"N";;"N"
"2025-11-22 04:00";;"N";;"N";;"N";;"N";;"N";;"N";;"N";;"N";;"N";;"N";;"N";;"N";;"N";;"N";;"N";;"N";;"N";;"N"
"2025-11-22 04:15";;"N";;"N";;"N";;"N";;"N";;"N";;"N";;"N";;"N";;"N";;"N";;"N";;"N";;"N";;"N";;"N";;"N";;"N"
"2025-11-22 04:30";;"N";;"N";;"N";;"N";;"N";;"N";;"N";;"N";;"N";;"N";;"N";;"N";;"N";;"N";;"N";;"N";;"N";;"N"
"2025-11-22 04:45";;"N";;"N";;"N";;"N";;"N";;"N";;"N";;"N";;"N";;"N";;"N";;"N";;"N";;"N";;"N";;"N";;"N";;"N"
"2025-11-22 05:00";;"N";;"N";;"N";;"N";;"N";;"N";;"N";;"N";;"N";;"N";;"N";;"N";;"N";;"N";;"N";;"N";;"N";;"N"
"2025-11-22 05:15";;"N";;"N";;"N";;"N";;"N";;"N";;"N";;"N";;"N";;"N";;"N";;"N";;"N";;"N";;"N";;"N";;"N";;"N"
"2025-11-22 05:30";;"N";;"N";;"N";;"N";;"N";;"N";;"N";;"N";;"N";;"N";;"N";;"N";;"N";;"N";;"N";;"N";;"N";;"N"
"2025-11-22 05:45";;"N";;"N";;"N";;"N";;"N";;"N";;"N";;"N";;"N";;"N";;"N";;"N";;"N";;"N";;"N";;"N";;"N";;"N"
"2025-11-22 06:00";;"N";;"N";;"N";;"N";;"N";;"N";;"N";;"N";;"N";;"N";;"N";;"N";;"N";;"N";;"N";;"N";;"N";;"N"
"2025-11-22 06:15";;"N";;"N";;"N";;"N";;"N";;"N";;"N";;"N";;"N";;"N";;"N";;"N";;"N";;"N";;"N";;"N";;"N";;"N"
"2025-11-22 06:30";;"N";;"N";;"N";;"N";;"N";;"N";;"N";;"N";;"N";;"N";;"N";;"N";;"N";;"N";;"N";;"N";;"N";;"N"
"2025-11-22 06:45";;"N";;"N";;"N";;"N";;"N";;"N";;"N";;"N";;"N";;"N";;"N";;"N";;"N";;"N";;"N";;"N";;"N";;"N"
"2025-11-22 07:00";;"N";;"N";;"N";;"N";;"N";;"N";;"N";;"N";;"N";;"N";;"N";;"N";;"N";;"N";;"N";;"N";;"N";;"N"
"2025-11-22 07:15";;"N";;"N";;"N";;"N";;"N";;"N";;"N";;"N";;"N";;"N";;"N";;"N";;"N";;"N";;"N";;"N";;"N";;"N"
"2025-11-22 07:30";;"N";;"N";;"N";;"N";;"N";;"N";;"N";;"N";;"N";;"N";;"N";;"N";;"N";;"N";;"N";;"N";;"N";;"N"
"2025-11-22 07:45";;"N";;"N";;"N";;"N";;"N";;"N";;"N";;"N";;"N";;"N";;"N";;"N";;"N";;"N";;"N";;"N";;"N";;"N"
"2025-11-22 08:00";;"N";;"N";;"N";;"N";;"N";;"N";;"N";;"N";;"N";;"N";;"N";;"N";;"N";;"N";;"N";;"N";;"N";;"N"
"2025-11-22 08:15";;"N";;"N";;"N";;"N";;"N";;"N";;"N";;"N";;"N";;"N";;"N";;"N";;"N";;"N";;"N";;"N";;"N";;"N"
"2025-11-22 08:30";;"N";;"N";;"N";;"N";;"N";;"N";;"N";;"N";;"N";;"N";;"N";;"N";;"N";;"N";;"N";;"N";;"N";;"N"
"2025-11-22 08:45";;"N";;"N";;"N";;"N";;"N";;"N";;"N";;"N";;"N";;"N";;"N";;"N";;"N";;"N";;"N";;"N";;"N";;"N"
"2025-11-22 09:00";;"N";;"N";;"N";;"N";;"N";;"N";;"N";;"N";;"N";;"N";;"N";;"N";;"N";;"N";;"N";;"N";;"N";;"N"
"2025-11-22 09:15";;"N";;"N";;"N";;"N";;"N";;"N";;"N";;"N";;"N";;"N";;"N";;"N";;"N";;"N";;"N";;"N";;"N";;"N"
"2025-11-22 09:30";;"N";;"N";;"N";;"N";;"N";;"N";;"N";;"N";;"N";;"N";;"N";;"N";;"N";;"N";;"N";;"N";;"N";;"N"
"2025-11-22 09:45";;"N";;"N";;"N";;"N";;"N";;"N";;"N";;"N";;"N";;"N";;"N";;"N";;"N";;"N";;"N";;"N";;"N";;"N"
"2025-11-22 10:00";;"N";;"N";;"N";;"N";;"N";;"N";;"N";;"N";;"N";;"N";;"N";;"N";;"N";;"N";;"N";;"N";;"N";;"N"
"2025-11-22 10:15";;"N";;"N";;"N";;"N";;"N";;"N";;"N";;"N";;"N";;"N";;"N";;"N";;"N";;"N";;"N";;"N";;"N";;"N"
"2025-11-22 10:30";;"N";;"N";;"N";;"N";;"N";;"N";;"N";;"N";;"N";;"N";;"N";;"N";;"N";;"N";;"N";;"N";;"N";;"N"
"2025-11-22 10:45";;"N";;"N";;"N";;"N";;"N";;"N";;"N";;"N";;"N";;"N";;"N";;"N";;"N";;"N";;"N";;"N";;"N";;"N"
"2025-11-22 11:00";;"N";;"N";;"N";;"N";;"N";;"N";;"N";;"N";;"N";;"N";;"N";;"N";;"N";;"N";;"N";;"N";;"N";;"N"
"2025-11-22 11:15";;"N";;"N";;"N";;"N";;"N";;"N";;"N";;"N";;"N";;"N";;"N";;"N";;"N";;"N";;"N";;"N";;"N";;"N"
"2025-11-22 11:30";;"N";;"N";;"N";;"N";;"N";;"N";;"N";;"N";;"N";;"N";;"N";;"N";;"N";;"N";;"N";;"N";;"N";;"N"
"2025-11-22 11:45";;"N";;"N";;"N";;"N";;"N";;"N";;"N";;"N";;"N";;"N";;"N";;"N";;"N";;"N";;"N";;"N";;"N";;"N"
"2025-11-22 12:00";;"N";;"N";;"N";;"N";;"N";;"N";;"N";;"N";;"N";;"N";;"N";;"N";;"N";;"N";;"N";;"N";;"N";;"N"
"2025-11-22 12:15";;"N";;"N";;"N";;"N";;"N";;"N";;"N";;"N";;"N";;"N";;"N";;"N";;"N";;"N";;"N";;"N";;"N";;"N"
"2025-11-22 12:30";;"N";;"N";;"N";;"N";;"N";;"N";;"N";;"N";;"N";;"N";;"N";;"N";;"N";;"N";;"N";;"N";;"N";;"N"
"2025-11-22 12:45";;"N";;"N";;"N";;"N";;"N";;"N";;"N";;"N";;"N";;"N";;"N";;"N";;"N";;"N";;"N";;"N";;"N";;"N"
"2025-11-22 13:00";;"N";;"N";;"N";;"N";;"N";;"N";;"N";;"N";;"N";;"N";;"N";;"N";;"N";;"N";;"N";;"N";;"N";;"N"
"2025-11-22 13:15";;"N";;"N";;"N";;"N";;"N";;"N";;"N";;"N";;"N";;"N";;"N";;"N";;"N";;"N";;"N";;"N";;"N";;"N"
"2025-11-22 13:30";;"N";;"N";;"N";;"N";;"N";;"N";;"N";;"N";;"N";;"N";;"N";;"N";;"N";;"N";;"N";;"N";;"N";;"N"
"2025-11-22 13:45";;"N";;"N";;"N";;"N";;"N";;"N";;"N";;"N";;"N";;"N";;"N";;"N";;"N";;"N";;"N";;"N";;"N";;"N"
"2025-11-22 14:00";;"N";;"N";;"N";;"N";;"N";;"N";;"N";;"N";;"N";;"N";;"N";;"N";;"N";;"N";;"N";;"N";;"N";;"N"
"2025-11-22 14:15";;"N";;"N";;"N";;"N";;"N";;"N";;"N";;"N";;"N";;"N";;"N";;"N";;"N";;"N";;"N";;"N";;"N";;"N"
"2025-11-22 14:30";;"N";;"N";;"N";;"N";;"N";;"N";;"N";;"N";;"N";;"N";;"N";;"N";;"N";;"N";;"N";;"N";;"N";;"N"
"2025-11-22 14:45";;"N";;"N";;"N";;"N";;"N";;"N";;"N";;"N";;"N";;"N";;"N";;"N";;"N";;"N";;"N";;"N";;"N";;"N"
"2025-11-22 15:00";;"N";;"N";;"N";;"N";;"N";;"N";;"N";;"N";;"N";;"N";;"N";;"N";;"N";;"N";;"N";;"N";;"N";;"N"
"2025-11-22 15:15";;"N";;"N";;"N";;"N";;"N";;"N";;"N";;"N";;"N";;"N";;"N";;"N";;"N";;"N";;"N";;"N";;"N";;"N"
"2025-11-22 15:30";;"N";;"N";;"N";;"N";;"N";;"N";;"N";;"N";;"N";;"N";;"N";;"N";;"N";;"N";;"N";;"N";;"N";;"N"
"2025-11-22 15:45";;"N";;"N";;"N";;"N";;"N";;"N";;"N";;"N";;"N";;"N";;"N";;"N";;"N";;"N";;"N";;"N";;"N";;"N"
"2025-11-22 16:00";;"N";;"N";;"N";;"N";;"N";;"N";;"N";;"N";;"N";;"N";;"N";;"N";;"N";;"N";;"N";;"N";;"N";;"N"
"2025-11-22 16:15";;"N";;"N";;"N";;"N";;"N";;"N";;"N";;"N";;"N";;"N";;"N";;"N";;"N";;"N";;"N";;"N";;"N";;"N"
"2025-11-22 16:30";;"N";;"N";;"N";;"N";;"N";;"N";;"N";;"N";;"N";;"N";;"N";;"N";;"N";;"N";;"N";;"N";;"N";;"N"
"2025-11-22 16:45";;"N";;"N";;"N";;"N";;"N";;"N";;"N";;"N";;"N";;"N";;"N";;"N";;"N";;"N";;"N";;"N";;"N";;"N"
"2025-11-22 17:00";;"N";;"N";;"N";;"N";;"N";;"N";;"N";;"N";;"N";;"N";;"N";;"N";;"N";;"N";;"N";;"N";;"N";;"N"
"2025-11-22 17:15";;"N";;"N";;"N";;"N";;"N";;"N";;"N";;"N";;"N";;"N";;"N";;"N";;"N";;"N";;"N";;"N";;"N";;"N"
"2025-11-22 17:30";;"N";;"N";;"N";;"N";;"N";;"N";;"N";;"N";;"N";;"N";;"N";;"N";;"N";;"N";;"N";;"N";;"N";;"N"
"2025-11-22 17:45";;"N";;"N";;"N";;"N";;"N";;"N";;"N";;"N";;"N";;"N";;"N";;"N";;"N";;"N";;"N";;"N";;"N";;"N"
"2025-11-22 18:00";;"N";;"N";;"N";;"N";;"N";;"N";;"N";;"N";;"N";;"N";;"N";;"N";;"N";;"N";;"N";;"N";;"N";;"N"
"2025-11-22 18:15";;"N";;"N";;"N";;"N";;"N";;"N";;"N";;"N";;"N";;"N";;"N";;"N";;"N";;"N";;"N";;"N";;"N";;"N"
"2025-11-22 18:30";;"N";;"N";;"N";;"N";;"N";;"N";;"N";;"N";;"N";;"N";;"N";;"N";;"N";;"N";;"N";;"N";;"N";;"N"
"2025-11-22 18:45";;"N";;"N";;"N";;"N";;"N";;"N";;"N";;"N";;"N";;"N";;"N";;"N";;"N";;"N";;"N";;"N";;"N";;"N"
"2025-11-22 19:00";;"N";;"N";;"N";;"N";;"N";;"N";;"N";;"N";;"N";;"N";;"N";;"N";;"N";;"N";;"N";;"N";;"N";;"N"
"2025-11-22 19:15";;"N";;"N";;"N";;"N";;"N";;"N";;"N";;"N";;"N";;"N";;"N";;"N";;"N";;"N";;"N";;"N";;"N";;"N"
"2025-11-22 19:30";;"N";;"N";;"N";;"N";;"N";;"N";;"N";;"N";;"N";;"N";;"N";;"N";;"N";;"N";;"N";;"N";;"N";;"N"
"2025-11-22 19:45";;"N";;"N";;"N";;"N";;"N";;"N";;"N";;"N";;"N";;"N";;"N";;"N";;"N";;"N";;"N";;"N";;"N";;"N"
"2025-11-22 20:00";;"N";;"N";;"N";;"N";;"N";;"N";;"N";;"N";;"N";;"N";;"N";;"N";;"N";;"N";;"N";;"N";;"N";;"N"
"2025-11-22 20:15";;"N";;"N";;"N";;"N";;"N";;"N";;"N";;"N";;"N";;"N";;"N";;"N";;"N";;"N";;"N";;"N";;"N";;"N"
"2025-11-22 20:30";;"N";;"N";;"N";;"N";;"N";;"N";;"N";;"N";;"N";;"N";;"N";;"N";;"N";;"N";;"N";;"N";;"N";;"N"
"2025-11-22 20:45";;"N";;"N";;"N";;"N";;"N";;"N";;"N";;"N";;"N";;"N";;"N";;"N";;"N";;"N";;"N";;"N";;"N";;"N"
"2025-11-22 21:00";;"N";;"N";;"N";;"N";;"N";;"N";;"N";;"N";;"N";;"N";;"N";;"N";;"N";;"N";;"N";;"N";;"N";;"N"
"2025-11-22 21:15";;"N";;"N";;"N";;"N";;"N";;"N";;"N";;"N";;"N";;"N";;"N";;"N";;"N";;"N";;"N";;"N";;"N";;"N"
"2025-11-22 21:30";;"N";;"N";;"N";;"N";;"N";;"N";;"N";;"N";;"N";;"N";;"N";;"N";;"N";;"N";;"N";;"N";;"N";;"N"
"2025-11-22 21:45";;"N";;"N";;"N";;"N";;"N";;"N";;"N";;"N";;"N";;"N";;"N";;"N";;"N";;"N";;"N";;"N";;"N";;"N"
"2025-11-22 22:00";;"N";;"N";;"N";;"N";;"N";;"N";;"N";;"N";;"N";;"N";;"N";;"N";;"N";;"N";;"N";;"N";;"N";;"N"
"2025-11-22 22:15";;"N";;"N";;"N";;"N";;"N";;"N";;"N";;"N";;"N";;"N";;"N";;"N";;"N";;"N";;"N";;"N";;"N";;"N"
"2025-11-22 22:30";;"N";;"N";;"N";;"N";;"N";;"N";;"N";;"N";;"N";;"N";;"N";;"N";;"N";;"N";;"N";;"N";;"N";;"N"
"2025-11-22 22:45";;"N";;"N";;"N";;"N";;"N";;"N";;"N";;"N";;"N";;"N";;"N";;"N";;"N";;"N";;"N";;"N";;"N";;"N"
"2025-11-22 23:00";;"N";;"N";;"N";;"N";;"N";;"N";;"N";;"N";;"N";;"N";;"N";;"N";;"N";;"N";;"N";;"N";;"N";;"N"
"2025-11-22 23:15";;"N";;"N";;"N";;"N";;"N";;"N";;"N";;"N";;"N";;"N";;"N";;"N";;"N";;"N";;"N";;"N";;"N";;"N"
"2025-11-22 23:30";;"N";;"N";;"N";;"N";;"N";;"N";;"N";;"N";;"N";;"N";;"N";;"N";;"N";;"N";;"N";;"N";;"N";;"N"
"2025-11-22 23:45";;"N";;"N";;"N";;"N";;"N";;"N";;"N";;"N";;"N";;"N";;"N";;"N";;"N";;"N";;"N";;"N";;"N";;"N"
"2025-11-23 00:00";;"N";;"N";;"N";;"N";;"N";;"N";;"N";;"N";;"N";;"N";;"N";;"N";;"N";;"N";;"N";;"N";;"N";;"N"
"2025-11-23 00:15";;"N";;"N";;"N";;"N";;"N";;"N";;"N";;"N";;"N";;"N";;"N";;"N";;"N";;"N";;"N";;"N";;"N";;"N"
"2025-11-23 00:30";;"N";;"N";;"N";;"N";;"N";;"N";;"N";;"N";;"N";;"N";;"N";;"N";;"N";;"N";;"N";;"N";;"N";;"N"
"2025-11-23 00:45";;"N";;"N";;"N";;"N";;"N";;"N";;"N";;"N";;"N";;"N";;"N";;"N";;"N";;"N";;"N";;"N";;"N";;"N"
"2025-11-23 01:00";;"N";;"N";;"N";;"N";;"N";;"N";;"N";;"N";;"N";;"N";;"N";;"N";;"N";;"N";;"N";;"N";;"N";;"N"
"2025-11-23 01:15";;"N";;"N";;"N";;"N";;"N";;"N";;"N";;"N";;"N";;"N";;"N";;"N";;"N";;"N";;"N";;"N";;"N";;"N"
"2025-11-23 01:30";;"N";;"N";;"N";;"N";;"N";;"N";;"N";;"N";;"N";;"N";;"N";;"N";;"N";;"N";;"N";;"N";;"N";;"N"
"2025-11-23 01:45";;"N";;"N";;"N";;"N";;"N";;"N";;"N";;"N";;"N";;"N";;"N";;"N";;"N";;"N";;"N";;"N";;"N";;"N"
"2025-11-23 02:00";;"N";;"N";;"N";;"N";;"N";;"N";;"N";;"N";;"N";;"N";;"N";;"N";;"N";;"N";;"N";;"N";;"N";;"N"
"2025-11-23 02:15";;"N";;"N";;"N";;"N";;"N";;"N";;"N";;"N";;"N";;"N";;"N";;"N";;"N";;"N";;"N";;"N";;"N";;"N"
"2025-11-23 02:30";;"N";;"N";;"N";;"N";;"N";;"N";;"N";;"N";;"N";;"N";;"N";;"N";;"N";;"N";;"N";;"N";;"N";;"N"
"2025-11-23 02:45";;"N";;"N";;"N";;"N";;"N";;"N";;"N";;"N";;"N";;"N";;"N";;"N";;"N";;"N";;"N";;"N";;"N";;"N"
"2025-11-23 03:00";;"N";;"N";;"N";;"N";;"N";;"N";;"N";;"N";;"N";;"N";;"N";;"N";;"N";;"N";;"N";;"N";;"N";;"N"
"2025-11-23 03:15";;"N";;"N";;"N";;"N";;"N";;"N";;"N";;"N";;"N";;"N";;"N";;"N";;"N";;"N";;"N";;"N";;"N";;"N"
"2025-11-23 03:30";;"N";;"N";;"N";;"N";;"N";;"N";;"N";;"N";;"N";;"N";;"N";;"N";;"N";;"N";;"N";;"N";;"N";;"N"
"2025-11-23 03:45";;"N";;"N";;"N";;"N";;"N";;"N";;"N";;"N";;"N";;"N";;"N";;"N";;"N";;"N";;"N";;"N";;"N";;"N"
"2025-11-23 04:00";;"N";;"N";;"N";;"N";;"N";;"N";;"N";;"N";;"N";;"N";;"N";;"N";;"N";;"N";;"N";;"N";;"N";;"N"
"2025-11-23 04:15";;"N";;"N";;"N";;"N";;"N";;"N";;"N";;"N";;"N";;"N";;"N";;"N";;"N";;"N";;"N";;"N";;"N";;"N"
"2025-11-23 04:30";;"N";;"N";;"N";;"N";;"N";;"N";;"N";;"N";;"N";;"N";;"N";;"N";;"N";;"N";;"N";;"N";;"N";;"N"
"2025-11-23 04:45";;"N";;"N";;"N";;"N";;"N";;"N";;"N";;"N";;"N";;"N";;"N";;"N";;"N";;"N";;"N";;"N";;"N";;"N"
"2025-11-23 05:00";;"N";;"N";;"N";;"N";;"N";;"N";;"N";;"N";;"N";;"N";;"N";;"N";;"N";;"N";;"N";;"N";;"N";;"N"
"2025-11-23 05:15";;"N";;"N";;"N";;"N";;"N";;"N";;"N";;"N";;"N";;"N";;"N";;"N";;"N";;"N";;"N";;"N";;"N";;"N"
"2025-11-23 05:30";;"N";;"N";;"N";;"N";;"N";;"N";;"N";;"N";;"N";;"N";;"N";;"N";;"N";;"N";;"N";;"N";;"N";;"N"
"2025-11-23 05:45";;"N";;"N";;"N";;"N";;"N";;"N";;"N";;"N";;"N";;"N";;"N";;"N";;"N";;"N";;"N";;"N";;"N";;"N"
"2025-11-23 06:00";;"N";;"N";;"N";;"N";;"N";;"N";;"N";;"N";;"N";;"N";;"N";;"N";;"N";;"N";;"N";;"N";;"N";;"N"
"2025-11-23 06:15";;"N";;"N";;"N";;"N";;"N";;"N";;"N";;"N";;"N";;"N";;"N";;"N";;"N";;"N";;"N";;"N";;"N";;"N"
"2025-11-23 06:30";;"N";;"N";;"N";;"N";;"N";;"N";;"N";;"N";;"N";;"N";;"N";;"N";;"N";;"N";;"N";;"N";;"N";;"N"
"2025-11-23 06:45";;"N";;"N";;"N";;"N";;"N";;"N";;"N";;"N";;"N";;"N";;"N";;"N";;"N";;"N";;"N";;"N";;"N";;"N"
"2025-11-23 07:00";;"N";;"N";;"N";;"N";;"N";;"N";;"N";;"N";;"N";;"N";;"N";;"N";;"N";;"N";;"N";;"N";;"N";;"N"
"2025-11-23 07:15";;"N";;"N";;"N";;"N";;"N";;"N";;"N";;"N";;"N";;"N";;"N";;"N";;"N";;"N";;"N";;"N";;"N";;"N"
"2025-11-23 07:30";;"N";;"N";;"N";;"N";;"N";;"N";;"N";;"N";;"N";;"N";;"N";;"N";;"N";;"N";;"N";;"N";;"N";;"N"
"2025-11-23 07:45";;"N";;"N";;"N";;"N";;"N";;"N";;"N";;"N";;"N";;"N";;"N";;"N";;"N";;"N";;"N";;"N";;"N";;"N"
"2025-11-23 08:00";;"N";;"N";;"N";;"N";;"N";;"N";;"N";;"N";;"N";;"N";;"N";;"N";;"N";;"N";;"N";;"N";;"N";;"N"
"2025-11-23 08:15";;"N";;"N";;"N";;"N";;"N";;"N";;"N";;"N";;"N";;"N";;"N";;"N";;"N";;"N";;"N";;"N";;"N";;"N"
"2025-11-23 08:30";;"N";;"N";;"N";;"N";;"N";;"N";;"N";;"N";;"N";;"N";;"N";;"N";;"N";;"N";;"N";;"N";;"N";;"N"
"2025-11-23 08:45";;"N";;"N";;"N";;"N";;"N";;"N";;"N";;"N";;"N";;"N";;"N";;"N";;"N";;"N";;"N";;"N";;"N";;"N"
"2025-11-23 09:00";;"N";;"N";;"N";;"N";;"N";;"N";;"N";;"N";;"N";;"N";;"N";;"N";;"N";;"N";;"N";;"N";;"N";;"N"
"2025-11-23 09:15";;"N";;"N";;"N";;"N";;"N";;"N";;"N";;"N";;"N";;"N";;"N";;"N";;"N";;"N";;"N";;"N";;"N";;"N"
"2025-11-23 09:30";;"N";;"N";;"N";;"N";;"N";;"N";;"N";;"N";;"N";;"N";;"N";;"N";;"N";;"N";;"N";;"N";;"N";;"N"
"2025-11-23 09:45";;"N";;"N";;"N";;"N";;"N";;"N";;"N";;"N";;"N";;"N";;"N";;"N";;"N";;"N";;"N";;"N";;"N";;"N"
"2025-11-23 10:00";;"N";;"N";;"N";;"N";;"N";;"N";;"N";;"N";;"N";;"N";;"N";;"N";;"N";;"N";;"N";;"N";;"N";;"N"
"2025-11-23 10:15";;"N";;"N";;"N";;"N";;"N";;"N";;"N";;"N";;"N";;"N";;"N";;"N";;"N";;"N";;"N";;"N";;"N";;"N"
"2025-11-23 10:30";;"N";;"N";;"N";;"N";;"N";;"N";;"N";;"N";;"N";;"N";;"N";;"N";;"N";;"N";;"N";;"N";;"N";;"N"
"2025-11-23 10:45";;"N";;"N";;"N";;"N";;"N";;"N";;"N";;"N";;"N";;"N";;"N";;"N";;"N";;"N";;"N";;"N";;"N";;"N"
"2025-11-23 11:00";;"N";;"N";;"N";;"N";;"N";;"N";;"N";;"N";;"N";;"N";;"N";;"N";;"N";;"N";;"N";;"N";;"N";;"N"
"2025-11-23 11:15";;"N";;"N";;"N";;"N";;"N";;"N";;"N";;"N";;"N";;"N";;"N";;"N";;"N";;"N";;"N";;"N";;"N";;"N"
"2025-11-23 11:30";;"N";;"N";;"N";;"N";;"N";;"N";;"N";;"N";;"N";;"N";;"N";;"N";;"N";;"N";;"N";;"N";;"N";;"N"
"2025-11-23 11:45";;"N";;"N";;"N";;"N";;"N";;"N";;"N";;"N";;"N";;"N";;"N";;"N";;"N";;"N";;"N";;"N";;"N";;"N"
"2025-11-23 12:00";;"N";;"N";;"N";;"N";;"N";;"N";;"N";;"N";;"N";;"N";;"N";;"N";;"N";;"N";;"N";;"N";;"N";;"N"
"2025-11-23 12:15";;"N";;"N";;"N";;"N";;"N";;"N";;"N";;"N";;"N";;"N";;"N";;"N";;"N";;"N";;"N";;"N";;"N";;"N"
"2025-11-23 12:30";;"N";;"N";;"N";;"N";;"N";;"N";;"N";;"N";;"N";;"N";;"N";;"N";;"N";;"N";;"N";;"N";;"N";;"N"
"2025-11-23 12:45";;"N";;"N";;"N";;"N";;"N";;"N";;"N";;"N";;"N";;"N";;"N";;"N";;"N";;"N";;"N";;"N";;"N";;"N"
"2025-11-23 13:00";;"N";;"N";;"N";;"N";;"N";;"N";;"N";;"N";;"N";;"N";;"N";;"N";;"N";;"N";;"N";;"N";;"N";;"N"
"2025-11-23 13:15";;"N";;"N";;"N";;"N";;"N";;"N";;"N";;"N";;"N";;"N";;"N";;"N";;"N";;"N";;"N";;"N";;"N";;"N"
"2025-11-23 13:30";;"N";;"N";;"N";;"N";;"N";;"N";;"N";;"N";;"N";;"N";;"N";;"N";;"N";;"N";;"N";;"N";;"N";;"N"
"2025-11-23 13:45";;"N";;"N";;"N";;"N";;"N";;"N";;"N";;"N";;"N";;"N";;"N";;"N";;"N";;"N";;"N";;"N";;"N";;"N"
"2025-11-23 14:00";;"N";;"N";;"N";;"N";;"N";;"N";;"N";;"N";;"N";;"N";;"N";;"N";;"N";;"N";;"N";;"N";;"N";;"N"
"2025-11-23 14:15";;"N";;"N";;"N";;"N";;"N";;"N";;"N";;"N";;"N";;"N";;"N";;"N";;"N";;"N";;"N";;"N";;"N";;"N"
"2025-11-23 14:30";;"N";;"N";;"N";;"N";;"N";;"N";;"N";;"N";;"N";;"N";;"N";;"N";;"N";;"N";;"N";;"N";;"N";;"N"
"2025-11-23 14:45";;"N";;"N";;"N";;"N";;"N";;"N";;"N";;"N";;"N";;"N";;"N";;"N";;"N";;"N";;"N";;"N";;"N";;"N"
"2025-11-23 15:00";;"N";;"N";;"N";;"N";;"N";;"N";;"N";;"N";;"N";;"N";;"N";;"N";;"N";;"N";;"N";;"N";;"N";;"N"
"2025-11-23 15:15";;"N";;"N";;"N";;"N";;"N";;"N";;"N";;"N";;"N";;"N";;"N";;"N";;"N";;"N";;"N";;"N";;"N";;"N"
"2025-11-23 15:30";;"N";;"N";;"N";;"N";;"N";;"N";;"N";;"N";;"N";;"N";;"N";;"N";;"N";;"N";;"N";;"N";;"N";;"N"
"2025-11-23 15:45";;"N";;"N";;"N";;"N";;"N";;"N";;"N";;"N";;"N";;"N";;"N";;"N";;"N";;"N";;"N";;"N";;"N";;"N"
"2025-11-23 16:00";;"N";;"N";;"N";;"N";;"N";;"N";;"N";;"N";;"N";;"N";;"N";;"N";;"N";;"N";;"N";;"N";;"N";;"N"
"2025-11-23 16:15";;"N";;"N";;"N";;"N";;"N";;"N";;"N";;"N";;"N";;"N";;"N";;"N";;"N";;"N";;"N";;"N";;"N";;"N"
"2025-11-23 16:30";;"N";;"N";;"N";;"N";;"N";;"N";;"N";;"N";;"N";;"N";;"N";;"N";;"N";;"N";;"N";;"N";;"N";;"N"
"2025-11-23 16:45";;"N";;"N";;"N";;"N";;"N";;"N";;"N";;"N";;"N";;"N";;"N";;"N";;"N";;"N";;"N";;"N";;"N";;"N"
"2025-11-23 17:00";;"N";;"N";;"N";;"N";;"N";;"N";;"N";;"N";;"N";;"N";;"N";;"N";;"N";;"N";;"N";;"N";;"N";;"N"
"2025-11-23 17:15";;"N";;"N";;"N";;"N";;"N";;"N";;"N";;"N";;"N";;"N";;"N";;"N";;"N";;"N";;"N";;"N";;"N";;"N"
"2025-11-23 17:30";;"N";;"N";;"N";;"N";;"N";;"N";;"N";;"N";;"N";;"N";;"N";;"N";;"N";;"N";;"N";;"N";;"N";;"N"
"2025-11-23 17:45";;"N";;"N";;"N";;"N";;"N";;"N";;"N";;"N";;"N";;"N";;"N";;"N";;"N";;"N";;"N";;"N";;"N";;"N"
"2025-11-23 18:00";;"N";;"N";;"N";;"N";;"N";;"N";;"N";;"N";;"N";;"N";;"N";;"N";;"N";;"N";;"N";;"N";;"N";;"N"
"2025-11-23 18:15";;"N";;"N";;"N";;"N";;"N";;"N";;"N";;"N";;"N";;"N";;"N";;"N";;"N";;"N";;"N";;"N";;"N";;"N"
"2025-11-23 18:30";;"N";;"N";;"N";;"N";;"N";;"N";;"N";;"N";;"N";;"N";;"N";;"N";;"N";;"N";;"N";;"N";;"N";;"N"
"2025-11-23 18:45";;"N";;"N";;"N";;"N";;"N";;"N";;"N";;"N";;"N";;"N";;"N";;"N";;"N";;"N";;"N";;"N";;"N";;"N"
"2025-11-23 19:00";;"N";;"N";;"N";;"N";;"N";;"N";;"N";;"N";;"N";;"N";;"N";;"N";;"N";;"N";;"N";;"N";;"N";;"N"
"2025-11-23 19:15";;"N";;"N";;"N";;"N";;"N";;"N";;"N";;"N";;"N";;"N";;"N";;"N";;"N";;"N";;"N";;"N";;"N";;"N"
"2025-11-23 19:30";;"N";;"N";;"N";;"N";;"N";;"N";;"N";;"N";;"N";;"N";;"N";;"N";;"N";;"N";;"N";;"N";;"N";;"N"
"2025-11-23 19:45";;"N";;"N";;"N";;"N";;"N";;"N";;"N";;"N";;"N";;"N";;"N";;"N";;"N";;"N";;"N";;"N";;"N";;"N"
"2025-11-23 20:00";;"N";;"N";;"N";;"N";;"N";;"N";;"N";;"N";;"N";;"N";;"N";;"N";;"N";;"N";;"N";;"N";;"N";;"N"
"2025-11-23 20:15";;"N";;"N";;"N";;"N";;"N";;"N";;"N";;"N";;"N";;"N";;"N";;"N";;"N";;"N";;"N";;"N";;"N";;"N"
"2025-11-23 20:30";;"N";;"N";;"N";;"N";;"N";;"N";;"N";;"N";;"N";;"N";;"N";;"N";;"N";;"N";;"N";;"N";;"N";;"N"
"2025-11-23 20:45";;"N";;"N";;"N";;"N";;"N";;"N";;"N";;"N";;"N";;"N";;"N";;"N";;"N";;"N";;"N";;"N";;"N";;"N"
"2025-11-23 21:00";;"N";;"N";;"N";;"N";;"N";;"N";;"N";;"N";;"N";;"N";;"N";;"N";;"N";;"N";;"N";;"N";;"N";;"N"
"2025-11-23 21:15";;"N";;"N";;"N";;"N";;"N";;"N";;"N";;"N";;"N";;"N";;"N";;"N";;"N";;"N";;"N";;"N";;"N";;"N"
"2025-11-23 21:30";;"N";;"N";;"N";;"N";;"N";;"N";;"N";;"N";;"N";;"N";;"N";;"N";;"N";;"N";;"N";;"N";;"N";;"N"
"2025-11-23 21:45";;"N";;"N";;"N";;"N";;"N";;"N";;"N";;"N";;"N";;"N";;"N";;"N";;"N";;"N";;"N";;"N";;"N";;"N"
"2025-11-23 22:00";;"N";;"N";;"N";;"N";;"N";;"N";;"N";;"N";;"N";;"N";;"N";;"N";;"N";;"N";;"N";;"N";;"N";;"N"
"2025-11-23 22:15";;"N";;"N";;"N";;"N";;"N";;"N";;"N";;"N";;"N";;"N";;"N";;"N";;"N";;"N";;"N";;"N";;"N";;"N"
"2025-11-23 22:30";;"N";;"N";;"N";;"N";;"N";;"N";;"N";;"N";;"N";;"N";;"N";;"N";;"N";;"N";;"N";;"N";;"N";;"N"
"2025-11-23 22:45";;"N";;"N";;"N";;"N";;"N";;"N";;"N";;"N";;"N";;"N";;"N";;"N";;"N";;"N";;"N";;"N";;"N";;"N"
"2025-11-23 23:00";;"N";;"N";;"N";;"N";;"N";;"N";;"N";;"N";;"N";;"N";;"N";;"N";;"N";;"N";;"N";;"N";;"N";;"N"
"2025-11-23 23:15";;"N";;"N";;"N";;"N";;"N";;"N";;"N";;"N";;"N";;"N";;"N";;"N";;"N";;"N";;"N";;"N";;"N";;"N"
"2025-11-23 23:30";;"N";;"N";;"N";;"N";;"N";;"N";;"N";;"N";;"N";;"N";;"N";;"N";;"N";;"N";;"N";;"N";;"N";;"N"
"2025-11-23 23:45";;"N";;"N";;"N";;"N";;"N";;"N";;"N";;"N";;"N";;"N";;"N";;"N";;"N";;"N";;"N";;"N";;"N";;"N"
"2025-11-24 00:00";;"N";;"N";;"N";;"N";;"N";;"N";;"N";;"N";;"N";;"N";;"N";;"N";;"N";;"N";;"N";;"N";;"N";;"N"
"2025-11-24 00:15";;"N";;"N";;"N";;"N";;"N";;"N";;"N";;"N";;"N";;"N";;"N";;"N";;"N";;"N";;"N";;"N";;"N";;"N"
"2025-11-24 00:30";;"N";;"N";;"N";;"N";;"N";;"N";;"N";;"N";;"N";;"N";;"N";;"N";;"N";;"N";;"N";;"N";;"N";;"N"
"2025-11-24 00:45";;"N";;"N";;"N";;"N";;"N";;"N";;"N";;"N";;"N";;"N";;"N";;"N";;"N";;"N";;"N";;"N";;"N";;"N"
"2025-11-24 01:00";;"N";;"N";;"N";;"N";;"N";;"N";;"N";;"N";;"N";;"N";;"N";;"N";;"N";;"N";;"N";;"N";;"N";;"N"
"2025-11-24 01:15";;"N";;"N";;"N";;"N";;"N";;"N";;"N";;"N";;"N";;"N";;"N";;"N";;"N";;"N";;"N";;"N";;"N";;"N"
"2025-11-24 01:30";;"N";;"N";;"N";;"N";;"N";;"N";;"N";;"N";;"N";;"N";;"N";;"N";;"N";;"N";;"N";;"N";;"N";;"N"
"2025-11-24 01:45";;"N";;"N";;"N";;"N";;"N";;"N";;"N";;"N";;"N";;"N";;"N";;"N";;"N";;"N";;"N";;"N";;"N";;"N"
"2025-11-24 02:00";;"N";;"N";;"N";;"N";;"N";;"N";;"N";;"N";;"N";;"N";;"N";;"N";;"N";;"N";;"N";;"N";;"N";;"N"
"2025-11-24 02:15";;"N";;"N";;"N";;"N";;"N";;"N";;"N";;"N";;"N";;"N";;"N";;"N";;"N";;"N";;"N";;"N";;"N";;"N"
"2025-11-24 02:30";;"N";;"N";;"N";;"N";;"N";;"N";;"N";;"N";;"N";;"N";;"N";;"N";;"N";;"N";;"N";;"N";;"N";;"N"
"2025-11-24 02:45";;"N";;"N";;"N";;"N";;"N";;"N";;"N";;"N";;"N";;"N";;"N";;"N";;"N";;"N";;"N";;"N";;"N";;"N"
"2025-11-24 03:00";;"N";;"N";;"N";;"N";;"N";;"N";;"N";;"N";;"N";;"N";;"N";;"N";;"N";;"N";;"N";;"N";;"N";;"N"
"2025-11-24 03:15";;"N";;"N";;"N";;"N";;"N";;"N";;"N";;"N";;"N";;"N";;"N";;"N";;"N";;"N";;"N";;"N";;"N";;"N"
"2025-11-24 03:30";;"N";;"N";;"N";;"N";;"N";;"N";;"N";;"N";;"N";;"N";;"N";;"N";;"N";;"N";;"N";;"N";;"N";;"N"
"2025-11-24 03:45";;"N";;"N";;"N";;"N";;"N";;"N";;"N";;"N";;"N";;"N";;"N";;"N";;"N";;"N";;"N";;"N";;"N";;"N"
"2025-11-24 04:00";;"N";;"N";;"N";;"N";;"N";;"N";;"N";;"N";;"N";;"N";;"N";;"N";;"N";;"N";;"N";;"N";;"N";;"N"
"2025-11-24 04:15";;"N";;"N";;"N";;"N";;"N";;"N";;"N";;"N";;"N";;"N";;"N";;"N";;"N";;"N";;"N";;"N";;"N";;"N"
"2025-11-24 04:30";;"N";;"N";;"N";;"N";;"N";;"N";;"N";;"N";;"N";;"N";;"N";;"N";;"N";;"N";;"N";;"N";;"N";;"N"
"2025-11-24 04:45";;"N";;"N";;"N";;"N";;"N";;"N";;"N";;"N";;"N";;"N";;"N";;"N";;"N";;"N";;"N";;"N";;"N";;"N"
"2025-11-24 05:00";;"N";;"N";;"N";;"N";;"N";;"N";;"N";;"N";;"N";;"N";;"N";;"N";;"N";;"N";;"N";;"N";;"N";;"N"
"2025-11-24 05:15";;"N";;"N";;"N";;"N";;"N";;"N";;"N";;"N";;"N";;"N";;"N";;"N";;"N";;"N";;"N";;"N";;"N";;"N"
"2025-11-24 05:30";;"N";;"N";;"N";;"N";;"N";;"N";;"N";;"N";;"N";;"N";;"N";;"N";;"N";;"N";;"N";;"N";;"N";;"N"
"2025-11-24 05:45";;"N";;"N";;"N";;"N";;"N";;"N";;"N";;"N";;"N";;"N";;"N";;"N";;"N";;"N";;"N";;"N";;"N";;"N"
"2025-11-24 06:00";;"N";;"N";;"N";;"N";;"N";;"N";;"N";;"N";;"N";;"N";;"N";;"N";;"N";;"N";;"N";;"N";;"N";;"N"
"2025-11-24 06:15";;"N";;"N";;"N";;"N";;"N";;"N";;"N";;"N";;"N";;"N";;"N";;"N";;"N";;"N";;"N";;"N";;"N";;"N"
"2025-11-24 06:30";;"N";;"N";;"N";;"N";;"N";;"N";;"N";;"N";;"N";;"N";;"N";;"N";;"N";;"N";;"N";;"N";;"N";;"N"
"2025-11-24 06:45";;"N";;"N";;"N";;"N";;"N";;"N";;"N";;"N";;"N";;"N";;"N";;"N";;"N";;"N";;"N";;"N";;"N";;"N"
"2025-11-24 07:00";;"N";;"N";;"N";;"N";;"N";;"N";;"N";;"N";;"N";;"N";;"N";;"N";;"N";;"N";;"N";;"N";;"N";;"N"
"2025-11-24 07:15";;"N";;"N";;"N";;"N";;"N";;"N";;"N";;"N";;"N";;"N";;"N";;"N";;"N";;"N";;"N";;"N";;"N";;"N"
"2025-11-24 07:30";;"N";;"N";;"N";;"N";;"N";;"N";;"N";;"N";;"N";;"N";;"N";;"N";;"N";;"N";;"N";;"N";;"N";;"N"
"2025-11-24 07:45";;"N";;"N";;"N";;"N";;"N";;"N";;"N";;"N";;"N";;"N";;"N";;"N";;"N";;"N";;"N";;"N";;"N";;"N"
"2025-11-24 08:00";;"N";;"N";;"N";;"N";;"N";;"N";;"N";;"N";;"N";;"N";;"N";;"N";;"N";;"N";;"N";;"N";;"N";;"N"
"2025-11-24 08:15";;"N";;"N";;"N";;"N";;"N";;"N";;"N";;"N";;"N";;"N";;"N";;"N";;"N";;"N";;"N";;"N";;"N";;"N"
"2025-11-24 08:30";;"N";;"N";;"N";;"N";;"N";;"N";;"N";;"N";;"N";;"N";;"N";;"N";;"N";;"N";;"N";;"N";;"N";;"N"
"2025-11-24 08:45";;"N";;"N";;"N";;"N";;"N";;"N";;"N";;"N";;"N";;"N";;"N";;"N";;"N";;"N";;"N";;"N";;"N";;"N"
"2025-11-24 09:00";;"N";;"N";;"N";;"N";;"N";;"N";;"N";;"N";;"N";;"N";;"N";;"N";;"N";;"N";;"N";;"N";;"N";;"N"
"2025-11-24 09:15";;"N";;"N";;"N";;"N";;"N";;"N";;"N";;"N";;"N";;"N";;"N";;"N";;"N";;"N";;"N";;"N";;"N";;"N"
"2025-11-24 09:30";;"N";;"N";;"N";;"N";;"N";;"N";;"N";;"N";;"N";;"N";;"N";;"N";;"N";;"N";;"N";;"N";;"N";;"N"
"2025-11-24 09:45";;"N";;"N";;"N";;"N";;"N";;"N";;"N";;"N";;"N";;"N";;"N";;"N";;"N";;"N";;"N";;"N";;"N";;"N"
"2025-11-24 10:00";;"N";;"N";;"N";;"N";;"N";;"N";;"N";;"N";;"N";;"N";;"N";;"N";;"N";;"N";;"N";;"N";;"N";;"N"
"2025-11-24 10:15";;"N";;"N";;"N";;"N";;"N";;"N";;"N";;"N";;"N";;"N";;"N";;"N";;"N";;"N";;"N";;"N";;"N";;"N"
"2025-11-24 10:30";;"N";;"N";;"N";;"N";;"N";;"N";;"N";;"N";;"N";;"N";;"N";;"N";;"N";;"N";;"N";;"N";;"N";;"N"
"2025-11-24 10:45";;"N";;"N";;"N";;"N";;"N";;"N";;"N";;"N";;"N";;"N";;"N";;"N";;"N";;"N";;"N";;"N";;"N";;"N"
"2025-11-24 11:00";;"N";;"N";;"N";;"N";;"N";;"N";;"N";;"N";;"N";;"N";;"N";;"N";;"N";;"N";;"N";;"N";;"N";;"N"
"2025-11-24 11:15";;"N";;"N";;"N";;"N";;"N";;"N";;"N";;"N";;"N";;"N";;"N";;"N";;"N";;"N";;"N";;"N";;"N";;"N"
"2025-11-24 11:30";;"N";;"N";;"N";;"N";;"N";;"N";;"N";;"N";;"N";;"N";;"N";;"N";;"N";;"N";;"N";;"N";;"N";;"N"
"2025-11-24 11:45";;"N";;"N";;"N";;"N";;"N";;"N";;"N";;"N";;"N";;"N";;"N";;"N";;"N";;"N";;"N";;"N";;"N";;"N"
"2025-11-24 12:00";;"N";;"N";;"N";;"N";;"N";;"N";;"N";;"N";;"N";;"N";;"N";;"N";;"N";;"N";;"N";;"N";;"N";;"N"
"2025-11-24 12:15";;"N";;"N";;"N";;"N";;"N";;"N";;"N";;"N";;"N";;"N";;"N";;"N";;"N";;"N";;"N";;"N";;"N";;"N"
"2025-11-24 12:30";;"N";;"N";;"N";;"N";;"N";;"N";;"N";;"N";;"N";;"N";;"N";;"N";;"N";;"N";;"N";;"N";;"N";;"N"
"2025-11-24 12:45";;"N";;"N";;"N";;"N";;"N";;"N";;"N";;"N";;"N";;"N";;"N";;"N";;"N";;"N";;"N";;"N";;"N";;"N"
"2025-11-24 13:00";;"N";;"N";;"N";;"N";;"N";;"N";;"N";;"N";;"N";;"N";;"N";;"N";;"N";;"N";;"N";;"N";;"N";;"N"
"2025-11-24 13:15";;"N";;"N";;"N";;"N";;"N";;"N";;"N";;"N";;"N";;"N";;"N";;"N";;"N";;"N";;"N";;"N";;"N";;"N"
"2025-11-24 13:30";;"N";;"N";;"N";;"N";;"N";;"N";;"N";;"N";;"N";;"N";;"N";;"N";;"N";;"N";;"N";;"N";;"N";;"N"
"2025-11-24 13:45";;"N";;"N";;"N";;"N";;"N";;"N";;"N";;"N";;"N";;"N";;"N";;"N";;"N";;"N";;"N";;"N";;"N";;"N"
"2025-11-24 14:00";;"N";;"N";;"N";;"N";;"N";;"N";;"N";;"N";;"N";;"N";;"N";;"N";;"N";;"N";;"N";;"N";;"N";;"N"
"2025-11-24 14:15";;"N";;"N";;"N";;"N";;"N";;"N";;"N";;"N";;"N";;"N";;"N";;"N";;"N";;"N";;"N";;"N";;"N";;"N"
"2025-11-24 14:30";;"N";;"N";;"N";;"N";;"N";;"N";;"N";;"N";;"N";;"N";;"N";;"N";;"N";;"N";;"N";;"N";;"N";;"N"
"2025-11-24 14:45";;"N";;"N";;"N";;"N";;"N";;"N";;"N";;"N";;"N";;"N";;"N";;"N";;"N";;"N";;"N";;"N";;"N";;"N"
"2025-11-24 15:00";;"N";;"N";;"N";;"N";;"N";;"N";;"N";;"N";;"N";;"N";;"N";;"N";;"N";;"N";;"N";;"N";;"N";;"N"
"2025-11-24 15:15";;"N";;"N";;"N";;"N";;"N";;"N";;"N";;"N";;"N";;"N";;"N";;"N";;"N";;"N";;"N";;"N";;"N";;"N"
"2025-11-24 15:30";;"N";;"N";;"N";;"N";;"N";;"N";;"N";;"N";;"N";;"N";;"N";;"N";;"N";;"N";;"N";;"N";;"N";;"N"
"2025-11-24 15:45";;"N";;"N";;"N";;"N";;"N";;"N";;"N";;"N";;"N";;"N";;"N";;"N";;"N";;"N";;"N";;"N";;"N";;"N"
"2025-11-24 16:00";;"N";;"N";;"N";;"N";;"N";;"N";;"N";;"N";;"N";;"N";;"N";;"N";;"N";;"N";;"N";;"N";;"N";;"N"
"2025-11-24 16:15";;"N";;"N";;"N";;"N";;"N";;"N";;"N";;"N";;"N";;"N";;"N";;"N";;"N";;"N";;"N";;"N";;"N";;"N"
"2025-11-24 16:30";;"N";;"N";;"N";;"N";;"N";;"N";;"N";;"N";;"N";;"N";;"N";;"N";;"N";;"N";;"N";;"N";;"N";;"N"
"2025-11-24 16:45";;"N";;"N";;"N";;"N";;"N";;"N";;"N";;"N";;"N";;"N";;"N";;"N";;"N";;"N";;"N";;"N";;"N";;"N"
"2025-11-24 17:00";;"N";;"N";;"N";;"N";;"N";;"N";;"N";;"N";;"N";;"N";;"N";;"N";;"N";;"N";;"N";;"N";;"N";;"N"
"2025-11-24 17:15";;"N";;"N";;"N";;"N";;"N";;"N";;"N";;"N";;"N";;"N";;"N";;"N";;"N";;"N";;"N";;"N";;"N";;"N"
"2025-11-24 17:30";;"N";;"N";;"N";;"N";;"N";;"N";;"N";;"N";;"N";;"N";;"N";;"N";;"N";;"N";;"N";;"N";;"N";;"N"
"2025-11-24 17:45";;"N";;"N";;"N";;"N";;"N";;"N";;"N";;"N";;"N";;"N";;"N";;"N";;"N";;"N";;"N";;"N";;"N";;"N"
"2025-11-24 18:00";;"N";;"N";;"N";;"N";;"N";;"N";;"N";;"N";;"N";;"N";;"N";;"N";;"N";;"N";;"N";;"N";;"N";;"N"
"2025-11-24 18:15";;"N";;"N";;"N";;"N";;"N";;"N";;"N";;"N";;"N";;"N";;"N";;"N";;"N";;"N";;"N";;"N";;"N";;"N"
"2025-11-24 18:30";;"N";;"N";;"N";;"N";;"N";;"N";;"N";;"N";;"N";;"N";;"N";;"N";;"N";;"N";;"N";;"N";;"N";;"N"
"2025-11-24 18:45";;"N";;"N";;"N";;"N";;"N";;"N";;"N";;"N";;"N";;"N";;"N";;"N";;"N";;"N";;"N";;"N";;"N";;"N"
"2025-11-24 19:00";;"N";;"N";;"N";;"N";;"N";;"N";;"N";;"N";;"N";;"N";;"N";;"N";;"N";;"N";;"N";;"N";;"N";;"N"
"2025-11-24 19:15";;"N";;"N";;"N";;"N";;"N";;"N";;"N";;"N";;"N";;"N";;"N";;"N";;"N";;"N";;"N";;"N";;"N";;"N"
"2025-11-24 19:30";;"N";;"N";;"N";;"N";;"N";;"N";;"N";;"N";;"N";;"N";;"N";;"N";;"N";;"N";;"N";;"N";;"N";;"N"
"2025-11-24 19:45";;"N";;"N";;"N";;"N";;"N";;"N";;"N";;"N";;"N";;"N";;"N";;"N";;"N";;"N";;"N";;"N";;"N";;"N"
"2025-11-24 20:00";;"N";;"N";;"N";;"N";;"N";;"N";;"N";;"N";;"N";;"N";;"N";;"N";;"N";;"N";;"N";;"N";;"N";;"N"
"2025-11-24 20:15";;"N";;"N";;"N";;"N";;"N";;"N";;"N";;"N";;"N";;"N";;"N";;"N";;"N";;"N";;"N";;"N";;"N";;"N"
"2025-11-24 20:30";;"N";;"N";;"N";;"N";;"N";;"N";;"N";;"N";;"N";;"N";;"N";;"N";;"N";;"N";;"N";;"N";;"N";;"N"
"2025-11-24 20:45";;"N";;"N";;"N";;"N";;"N";;"N";;"N";;"N";;"N";;"N";;"N";;"N";;"N";;"N";;"N";;"N";;"N";;"N"
"2025-11-24 21:00";;"N";;"N";;"N";;"N";;"N";;"N";;"N";;"N";;"N";;"N";;"N";;"N";;"N";;"N";;"N";;"N";;"N";;"N"
"2025-11-24 21:15";;"N";;"N";;"N";;"N";;"N";;"N";;"N";;"N";;"N";;"N";;"N";;"N";;"N";;"N";;"N";;"N";;"N";;"N"
"2025-11-24 21:30";;"N";;"N";;"N";;"N";;"N";;"N";;"N";;"N";;"N";;"N";;"N";;"N";;"N";;"N";;"N";;"N";;"N";;"N"
"2025-11-24 21:45";;"N";;"N";;"N";;"N";;"N";;"N";;"N";;"N";;"N";;"N";;"N";;"N";;"N";;"N";;"N";;"N";;"N";;"N"
"2025-11-24 22:00";;"N";;"N";;"N";;"N";;"N";;"N";;"N";;"N";;"N";;"N";;"N";;"N";;"N";;"N";;"N";;"N";;"N";;"N"
"2025-11-24 22:15";;"N";;"N";;"N";;"N";;"N";;"N";;"N";;"N";;"N";;"N";;"N";;"N";;"N";;"N";;"N";;"N";;"N";;"N"
"2025-11-24 22:30";;"N";;"N";;"N";;"N";;"N";;"N";;"N";;"N";;"N";;"N";;"N";;"N";;"N";;"N";;"N";;"N";;"N";;"N"
"2025-11-24 22:45";;"N";;"N";;"N";;"N";;"N";;"N";;"N";;"N";;"N";;"N";;"N";;"N";;"N";;"N";;"N";;"N";;"N";;"N"
"2025-11-24 23:00";;"N";;"N";;"N";;"N";;"N";;"N";;"N";;"N";;"N";;"N";;"N";;"N";;"N";;"N";;"N";;"N";;"N";;"N"
"2025-11-24 23:15";;"N";;"N";;"N";;"N";;"N";;"N";;"N";;"N";;"N";;"N";;"N";;"N";;"N";;"N";;"N";;"N";;"N";;"N"
"2025-11-24 23:30";;"N";;"N";;"N";;"N";;"N";;"N";;"N";;"N";;"N";;"N";;"N";;"N";;"N";;"N";;"N";;"N";;"N";;"N"
"2025-11-24 23:45";;"N";;"N";;"N";;"N";;"N";;"N";;"N";;"N";;"N";;"N";;"N";;"N";;"N";;"N";;"N";;"N";;"N";;"N"
"2025-11-25 00:00";;"N";;"N";;"N";;"N";;"N";;"N";;"N";;"N";;"N";;"N";;"N";;"N";;"N";;"N";;"N";;"N";;"N";;"N"
"2025-11-25 00:15";;"N";;"N";;"N";;"N";;"N";;"N";;"N";;"N";;"N";;"N";;"N";;"N";;"N";;"N";;"N";;"N";;"N";;"N"
"2025-11-25 00:30";;"N";;"N";;"N";;"N";;"N";;"N";;"N";;"N";;"N";;"N";;"N";;"N";;"N";;"N";;"N";;"N";;"N";;"N"
"2025-11-25 00:45";;"N";;"N";;"N";;"N";;"N";;"N";;"N";;"N";;"N";;"N";;"N";;"N";;"N";;"N";;"N";;"N";;"N";;"N"
"2025-11-25 01:00";;"N";;"N";;"N";;"N";;"N";;"N";;"N";;"N";;"N";;"N";;"N";;"N";;"N";;"N";;"N";;"N";;"N";;"N"
"2025-11-25 01:15";;"N";;"N";;"N";;"N";;"N";;"N";;"N";;"N";;"N";;"N";;"N";;"N";;"N";;"N";;"N";;"N";;"N";;"N"
"2025-11-25 01:30";;"N";;"N";;"N";;"N";;"N";;"N";;"N";;"N";;"N";;"N";;"N";;"N";;"N";;"N";;"N";;"N";;"N";;"N"
"2025-11-25 01:45";;"N";;"N";;"N";;"N";;"N";;"N";;"N";;"N";;"N";;"N";;"N";;"N";;"N";;"N";;"N";;"N";;"N";;"N"
"2025-11-25 02:00";;"N";;"N";;"N";;"N";;"N";;"N";;"N";;"N";;"N";;"N";;"N";;"N";;"N";;"N";;"N";;"N";;"N";;"N"
"2025-11-25 02:15";;"N";;"N";;"N";;"N";;"N";;"N";;"N";;"N";;"N";;"N";;"N";;"N";;"N";;"N";;"N";;"N";;"N";;"N"
"2025-11-25 02:30";;"N";;"N";;"N";;"N";;"N";;"N";;"N";;"N";;"N";;"N";;"N";;"N";;"N";;"N";;"N";;"N";;"N";;"N"
"2025-11-25 02:45";;"N";;"N";;"N";;"N";;"N";;"N";;"N";;"N";;"N";;"N";;"N";;"N";;"N";;"N";;"N";;"N";;"N";;"N"
"2025-11-25 03:00";;"N";;"N";;"N";;"N";;"N";;"N";;"N";;"N";;"N";;"N";;"N";;"N";;"N";;"N";;"N";;"N";;"N";;"N"
"2025-11-25 03:15";;"N";;"N";;"N";;"N";;"N";;"N";;"N";;"N";;"N";;"N";;"N";;"N";;"N";;"N";;"N";;"N";;"N";;"N"
"2025-11-25 03:30";;"N";;"N";;"N";;"N";;"N";;"N";;"N";;"N";;"N";;"N";;"N";;"N";;"N";;"N";;"N";;"N";;"N";;"N"
"2025-11-25 03:45";;"N";;"N";;"N";;"N";;"N";;"N";;"N";;"N";;"N";;"N";;"N";;"N";;"N";;"N";;"N";;"N";;"N";;"N"
"2025-11-25 04:00";;"N";;"N";;"N";;"N";;"N";;"N";;"N";;"N";;"N";;"N";;"N";;"N";;"N";;"N";;"N";;"N";;"N";;"N"
"2025-11-25 04:15";;"N";;"N";;"N";;"N";;"N";;"N";;"N";;"N";;"N";;"N";;"N";;"N";;"N";;"N";;"N";;"N";;"N";;"N"
"2025-11-25 04:30";;"N";;"N";;"N";;"N";;"N";;"N";;"N";;"N";;"N";;"N";;"N";;"N";;"N";;"N";;"N";;"N";;"N";;"N"
"2025-11-25 04:45";;"N";;"N";;"N";;"N";;"N";;"N";;"N";;"N";;"N";;"N";;"N";;"N";;"N";;"N";;"N";;"N";;"N";;"N"
"2025-11-25 05:00";;"N";;"N";;"N";;"N";;"N";;"N";;"N";;"N";;"N";;"N";;"N";;"N";;"N";;"N";;"N";;"N";;"N";;"N"
"2025-11-25 05:15";;"N";;"N";;"N";;"N";;"N";;"N";;"N";;"N";;"N";;"N";;"N";;"N";;"N";;"N";;"N";;"N";;"N";;"N"
"2025-11-25 05:30";;"N";;"N";;"N";;"N";;"N";;"N";;"N";;"N";;"N";;"N";;"N";;"N";;"N";;"N";;"N";;"N";;"N";;"N"
"2025-11-25 05:45";;"N";;"N";;"N";;"N";;"N";;"N";;"N";;"N";;"N";;"N";;"N";;"N";;"N";;"N";;"N";;"N";;"N";;"N"
"2025-11-25 06:00";;"N";;"N";;"N";;"N";;"N";;"N";;"N";;"N";;"N";;"N";;"N";;"N";;"N";;"N";;"N";;"N";;"N";;"N"
"2025-11-25 06:15";;"N";;"N";;"N";;"N";;"N";;"N";;"N";;"N";;"N";;"N";;"N";;"N";;"N";;"N";;"N";;"N";;"N";;"N"
"2025-11-25 06:30";;"N";;"N";;"N";;"N";;"N";;"N";;"N";;"N";;"N";;"N";;"N";;"N";;"N";;"N";;"N";;"N";;"N";;"N"
"2025-11-25 06:45";;"N";;"N";;"N";;"N";;"N";;"N";;"N";;"N";;"N";;"N";;"N";;"N";;"N";;"N";;"N";;"N";;"N";;"N"
"2025-11-25 07:00";;"N";;"N";;"N";;"N";;"N";;"N";;"N";;"N";;"N";;"N";;"N";;"N";;"N";;"N";;"N";;"N";;"N";;"N"
"2025-11-25 07:15";;"N";;"N";;"N";;"N";;"N";;"N";;"N";;"N";;"N";;"N";;"N";;"N";;"N";;"N";;"N";;"N";;"N";;"N"
"2025-11-25 07:30";;"N";;"N";;"N";;"N";;"N";;"N";;"N";;"N";;"N";;"N";;"N";;"N";;"N";;"N";;"N";;"N";;"N";;"N"
"2025-11-25 07:45";;"N";;"N";;"N";;"N";;"N";;"N";;"N";;"N";;"N";;"N";;"N";;"N";;"N";;"N";;"N";;"N";;"N";;"N"
"2025-11-25 08:00";;"N";;"N";;"N";;"N";;"N";;"N";;"N";;"N";;"N";;"N";;"N";;"N";;"N";;"N";;"N";;"N";;"N";;"N"
"2025-11-25 08:15";;"N";;"N";;"N";;"N";;"N";;"N";;"N";;"N";;"N";;"N";;"N";;"N";;"N";;"N";;"N";;"N";;"N";;"N"
"2025-11-25 08:30";;"N";;"N";;"N";;"N";;"N";;"N";;"N";;"N";;"N";;"N";;"N";;"N";;"N";;"N";;"N";;"N";;"N";;"N"
"2025-11-25 08:45";;"N";;"N";;"N";;"N";;"N";;"N";;"N";;"N";;"N";;"N";;"N";;"N";;"N";;"N";;"N";;"N";;"N";;"N"
"2025-11-25 09:00";;"N";;"N";;"N";;"N";;"N";;"N";;"N";;"N";;"N";;"N";;"N";;"N";;"N";;"N";;"N";;"N";;"N";;"N"
"2025-11-25 09:15";;"N";;"N";;"N";;"N";;"N";;"N";;"N";;"N";;"N";;"N";;"N";;"N";;"N";;"N";;"N";;"N";;"N";;"N"
"2025-11-25 09:30";;"N";;"N";;"N";;"N";;"N";;"N";;"N";;"N";;"N";;"N";;"N";;"N";;"N";;"N";;"N";;"N";;"N";;"N"
"2025-11-25 09:45";;"N";;"N";;"N";;"N";;"N";;"N";;"N";;"N";;"N";;"N";;"N";;"N";;"N";;"N";;"N";;"N";;"N";;"N"
"2025-11-25 10:00";;"N";;"N";;"N";;"N";;"N";;"N";;"N";;"N";;"N";;"N";;"N";;"N";;"N";;"N";;"N";;"N";;"N";;"N"
"2025-11-25 10:15";;"N";;"N";;"N";;"N";;"N";;"N";;"N";;"N";;"N";;"N";;"N";;"N";;"N";;"N";;"N";;"N";;"N";;"N"
"2025-11-25 10:30";;"N";;"N";;"N";;"N";;"N";;"N";;"N";;"N";;"N";;"N";;"N";;"N";;"N";;"N";;"N";;"N";;"N";;"N"
"2025-11-25 10:45";;"N";;"N";;"N";;"N";;"N";;"N";;"N";;"N";;"N";;"N";;"N";;"N";;"N";;"N";;"N";;"N";;"N";;"N"
"2025-11-25 11:00";;"N";;"N";;"N";;"N";;"N";;"N";;"N";;"N";;"N";;"N";;"N";;"N";;"N";;"N";;"N";;"N";;"N";;"N"
"2025-11-25 11:15";;"N";;"N";;"N";;"N";;"N";;"N";;"N";;"N";;"N";;"N";;"N";;"N";;"N";;"N";;"N";;"N";;"N";;"N"
"2025-11-25 11:30";;"N";;"N";;"N";;"N";;"N";;"N";;"N";;"N";;"N";;"N";;"N";;"N";;"N";;"N";;"N";;"N";;"N";;"N"
"2025-11-25 11:45";;"N";;"N";;"N";;"N";;"N";;"N";;"N";;"N";;"N";;"N";;"N";;"N";;"N";;"N";;"N";;"N";;"N";;"N"
"2025-11-25 12:00";;"N";;"N";;"N";;"N";;"N";;"N";;"N";;"N";;"N";;"N";;"N";;"N";;"N";;"N";;"N";;"N";;"N";;"N"
"2025-11-25 12:15";;"N";;"N";;"N";;"N";;"N";;"N";;"N";;"N";;"N";;"N";;"N";;"N";;"N";;"N";;"N";;"N";;"N";;"N"
"2025-11-25 12:30";;"N";;"N";;"N";;"N";;"N";;"N";;"N";;"N";;"N";;"N";;"N";;"N";;"N";;"N";;"N";;"N";;"N";;"N"
"2025-11-25 12:45";;"N";;"N";;"N";;"N";;"N";;"N";;"N";;"N";;"N";;"N";;"N";;"N";;"N";;"N";;"N";;"N";;"N";;"N"
"2025-11-25 13:00";;"N";;"N";;"N";;"N";;"N";;"N";;"N";;"N";;"N";;"N";;"N";;"N";;"N";;"N";;"N";;"N";;"N";;"N"
"2025-11-25 13:15";;"N";;"N";;"N";;"N";;"N";;"N";;"N";;"N";;"N";;"N";;"N";;"N";;"N";;"N";;"N";;"N";;"N";;"N"
"2025-11-25 13:30";;"N";;"N";;"N";;"N";;"N";;"N";;"N";;"N";;"N";;"N";;"N";;"N";;"N";;"N";;"N";;"N";;"N";;"N"
"2025-11-25 13:45";;"N";;"N";;"N";;"N";;"N";;"N";;"N";;"N";;"N";;"N";;"N";;"N";;"N";;"N";;"N";;"N";;"N";;"N"
"2025-11-25 14:00";;"N";;"N";;"N";;"N";;"N";;"N";;"N";;"N";;"N";;"N";;"N";;"N";;"N";;"N";;"N";;"N";;"N";;"N"
"2025-11-25 14:15";;"N";;"N";;"N";;"N";;"N";;"N";;"N";;"N";;"N";;"N";;"N";;"N";;"N";;"N";;"N";;"N";;"N";;"N"
"2025-11-25 14:30";;"N";;"N";;"N";;"N";;"N";;"N";;"N";;"N";;"N";;"N";;"N";;"N";;"N";;"N";;"N";;"N";;"N";;"N"
"2025-11-25 14:45";;"N";;"N";;"N";;"N";;"N";;"N";;"N";;"N";;"N";;"N";;"N";;"N";;"N";;"N";;"N";;"N";;"N";;"N"
"2025-11-25 15:00";;"N";;"N";;"N";;"N";;"N";;"N";;"N";;"N";;"N";;"N";;"N";;"N";;"N";;"N";;"N";;"N";;"N";;"N"
"2025-11-25 15:15";;"N";;"N";;"N";;"N";;"N";;"N";;"N";;"N";;"N";;"N";;"N";;"N";;"N";;"N";;"N";;"N";;"N";;"N"
"2025-11-25 15:30";;"N";;"N";;"N";;"N";;"N";;"N";;"N";;"N";;"N";;"N";;"N";;"N";;"N";;"N";;"N";;"N";;"N";;"N"
"2025-11-25 15:45";;"N";;"N";;"N";;"N";;"N";;"N";;"N";;"N";;"N";;"N";;"N";;"N";;"N";;"N";;"N";;"N";;"N";;"N"
"2025-11-25 16:00";;"N";;"N";;"N";;"N";;"N";;"N";;"N";;"N";;"N";;"N";;"N";;"N";;"N";;"N";;"N";;"N";;"N";;"N"
"2025-11-25 16:15";;"N";;"N";;"N";;"N";;"N";;"N";;"N";;"N";;"N";;"N";;"N";;"N";;"N";;"N";;"N";;"N";;"N";;"N"
"2025-11-25 16:30";;"N";;"N";;"N";;"N";;"N";;"N";;"N";;"N";;"N";;"N";;"N";;"N";;"N";;"N";;"N";;"N";;"N";;"N"
"2025-11-25 16:45";;"N";;"N";;"N";;"N";;"N";;"N";;"N";;"N";;"N";;"N";;"N";;"N";;"N";;"N";;"N";;"N";;"N";;"N"
"2025-11-25 17:00";;"N";;"N";;"N";;"N";;"N";;"N";;"N";;"N";;"N";;"N";;"N";;"N";;"N";;"N";;"N";;"N";;"N";;"N"
"2025-11-25 17:15";;"N";;"N";;"N";;"N";;"N";;"N";;"N";;"N";;"N";;"N";;"N";;"N";;"N";;"N";;"N";;"N";;"N";;"N"
"2025-11-25 17:30";;"N";;"N";;"N";;"N";;"N";;"N";;"N";;"N";;"N";;"N";;"N";;"N";;"N";;"N";;"N";;"N";;"N";;"N"
"2025-11-25 17:45";;"N";;"N";;"N";;"N";;"N";;"N";;"N";;"N";;"N";;"N";;"N";;"N";;"N";;"N";;"N";;"N";;"N";;"N"
"2025-11-25 18:00";;"N";;"N";;"N";;"N";;"N";;"N";;"N";;"N";;"N";;"N";;"N";;"N";;"N";;"N";;"N";;"N";;"N";;"N"
"2025-11-25 18:15";;"N";;"N";;"N";;"N";;"N";;"N";;"N";;"N";;"N";;"N";;"N";;"N";;"N";;"N";;"N";;"N";;"N";;"N"
"2025-11-25 18:30";;"N";;"N";;"N";;"N";;"N";;"N";;"N";;"N";;"N";;"N";;"N";;"N";;"N";;"N";;"N";;"N";;"N";;"N"
"2025-11-25 18:45";;"N";;"N";;"N";;"N";;"N";;"N";;"N";;"N";;"N";;"N";;"N";;"N";;"N";;"N";;"N";;"N";;"N";;"N"
"2025-11-25 19:00";;"N";;"N";;"N";;"N";;"N";;"N";;"N";;"N";;"N";;"N";;"N";;"N";;"N";;"N";;"N";;"N";;"N";;"N"
"2025-11-25 19:15";;"N";;"N";;"N";;"N";;"N";;"N";;"N";;"N";;"N";;"N";;"N";;"N";;"N";;"N";;"N";;"N";;"N";;"N"
"2025-11-25 19:30";;"N";;"N";;"N";;"N";;"N";;"N";;"N";;"N";;"N";;"N";;"N";;"N";;"N";;"N";;"N";;"N";;"N";;"N"
"2025-11-25 19:45";;"N";;"N";;"N";;"N";;"N";;"N";;"N";;"N";;"N";;"N";;"N";;"N";;"N";;"N";;"N";;"N";;"N";;"N"
"2025-11-25 20:00";;"N";;"N";;"N";;"N";;"N";;"N";;"N";;"N";;"N";;"N";;"N";;"N";;"N";;"N";;"N";;"N";;"N";;"N"
"2025-11-25 20:15";;"N";;"N";;"N";;"N";;"N";;"N";;"N";;"N";;"N";;"N";;"N";;"N";;"N";;"N";;"N";;"N";;"N";;"N"
"2025-11-25 20:30";;"N";;"N";;"N";;"N";;"N";;"N";;"N";;"N";;"N";;"N";;"N";;"N";;"N";;"N";;"N";;"N";;"N";;"N"
"2025-11-25 20:45";;"N";;"N";;"N";;"N";;"N";;"N";;"N";;"N";;"N";;"N";;"N";;"N";;"N";;"N";;"N";;"N";;"N";;"N"
"2025-11-25 21:00";;"N";;"N";;"N";;"N";;"N";;"N";;"N";;"N";;"N";;"N";;"N";;"N";;"N";;"N";;"N";;"N";;"N";;"N"
"2025-11-25 21:15";;"N";;"N";;"N";;"N";;"N";;"N";;"N";;"N";;"N";;"N";;"N";;"N";;"N";;"N";;"N";;"N";;"N";;"N"
"2025-11-25 21:30";;"N";;"N";;"N";;"N";;"N";;"N";;"N";;"N";;"N";;"N";;"N";;"N";;"N";;"N";;"N";;"N";;"N";;"N"
"2025-11-25 21:45";;"N";;"N";;"N";;"N";;"N";;"N";;"N";;"N";;"N";;"N";;"N";;"N";;"N";;"N";;"N";;"N";;"N";;"N"
"2025-11-25 22:00";;"N";;"N";;"N";;"N";;"N";;"N";;"N";;"N";;"N";;"N";;"N";;"N";;"N";;"N";;"N";;"N";;"N";;"N"
"2025-11-25 22:15";;"N";;"N";;"N";;"N";;"N";;"N";;"N";;"N";;"N";;"N";;"N";;"N";;"N";;"N";;"N";;"N";;"N";;"N"
"2025-11-25 22:30";;"N";;"N";;"N";;"N";;"N";;"N";;"N";;"N";;"N";;"N";;"N";;"N";;"N";;"N";;"N";;"N";;"N";;"N"
"2025-11-25 22:45";;"N";;"N";;"N";;"N";;"N";;"N";;"N";;"N";;"N";;"N";;"N";;"N";;"N";;"N";;"N";;"N";;"N";;"N"
"2025-11-25 23:00";;"N";;"N";;"N";;"N";;"N";;"N";;"N";;"N";;"N";;"N";;"N";;"N";;"N";;"N";;"N";;"N";;"N";;"N"
"2025-11-25 23:15";;"N";;"N";;"N";;"N";;"N";;"N";;"N";;"N";;"N";;"N";;"N";;"N";;"N";;"N";;"N";;"N";;"N";;"N"
"2025-11-25 23:30";;"N";;"N";;"N";;"N";;"N";;"N";;"N";;"N";;"N";;"N";;"N";;"N";;"N";;"N";;"N";;"N";;"N";;"N"
"2025-11-25 23:45";;"N";;"N";;"N";;"N";;"N";;"N";;"N";;"N";;"N";;"N";;"N";;"N";;"N";;"N";;"N";;"N";;"N";;"N"
"2025-11-26 00:00";;"N";;"N";;"N";;"N";;"N";;"N";;"N";;"N";;"N";;"N";;"N";;"N";;"N";;"N";;"N";;"N";;"N";;"N"
"2025-11-26 00:15";;"N";;"N";;"N";;"N";;"N";;"N";;"N";;"N";;"N";;"N";;"N";;"N";;"N";;"N";;"N";;"N";;"N";;"N"
"2025-11-26 00:30";;"N";;"N";;"N";;"N";;"N";;"N";;"N";;"N";;"N";;"N";;"N";;"N";;"N";;"N";;"N";;"N";;"N";;"N"
"2025-11-26 00:45";;"N";;"N";;"N";;"N";;"N";;"N";;"N";;"N";;"N";;"N";;"N";;"N";;"N";;"N";;"N";;"N";;"N";;"N"
"2025-11-26 01:00";;"N";;"N";;"N";;"N";;"N";;"N";;"N";;"N";;"N";;"N";;"N";;"N";;"N";;"N";;"N";;"N";;"N";;"N"
"2025-11-26 01:15";;"N";;"N";;"N";;"N";;"N";;"N";;"N";;"N";;"N";;"N";;"N";;"N";;"N";;"N";;"N";;"N";;"N";;"N"
"2025-11-26 01:30";;"N";;"N";;"N";;"N";;"N";;"N";;"N";;"N";;"N";;"N";;"N";;"N";;"N";;"N";;"N";;"N";;"N";;"N"
"2025-11-26 01:45";;"N";;"N";;"N";;"N";;"N";;"N";;"N";;"N";;"N";;"N";;"N";;"N";;"N";;"N";;"N";;"N";;"N";;"N"
"2025-11-26 02:00";;"N";;"N";;"N";;"N";;"N";;"N";;"N";;"N";;"N";;"N";;"N";;"N";;"N";;"N";;"N";;"N";;"N";;"N"
"2025-11-26 02:15";;"N";;"N";;"N";;"N";;"N";;"N";;"N";;"N";;"N";;"N";;"N";;"N";;"N";;"N";;"N";;"N";;"N";;"N"
"2025-11-26 02:30";;"N";;"N";;"N";;"N";;"N";;"N";;"N";;"N";;"N";;"N";;"N";;"N";;"N";;"N";;"N";;"N";;"N";;"N"
"2025-11-26 02:45";;"N";;"N";;"N";;"N";;"N";;"N";;"N";;"N";;"N";;"N";;"N";;"N";;"N";;"N";;"N";;"N";;"N";;"N"
"2025-11-26 03:00";;"N";;"N";;"N";;"N";;"N";;"N";;"N";;"N";;"N";;"N";;"N";;"N";;"N";;"N";;"N";;"N";;"N";;"N"
"2025-11-26 03:15";;"N";;"N";;"N";;"N";;"N";;"N";;"N";;"N";;"N";;"N";;"N";;"N";;"N";;"N";;"N";;"N";;"N";;"N"
"2025-11-26 03:30";;"N";;"N";;"N";;"N";;"N";;"N";;"N";;"N";;"N";;"N";;"N";;"N";;"N";;"N";;"N";;"N";;"N";;"N"
"2025-11-26 03:45";;"N";;"N";;"N";;"N";;"N";;"N";;"N";;"N";;"N";;"N";;"N";;"N";;"N";;"N";;"N";;"N";;"N";;"N"
"2025-11-26 04:00";;"N";;"N";;"N";;"N";;"N";;"N";;"N";;"N";;"N";;"N";;"N";;"N";;"N";;"N";;"N";;"N";;"N";;"N"
"2025-11-26 04:15";;"N";;"N";;"N";;"N";;"N";;"N";;"N";;"N";;"N";;"N";;"N";;"N";;"N";;"N";;"N";;"N";;"N";;"N"
"2025-11-26 04:30";;"N";;"N";;"N";;"N";;"N";;"N";;"N";;"N";;"N";;"N";;"N";;"N";;"N";;"N";;"N";;"N";;"N";;"N"
"2025-11-26 04:45";;"N";;"N";;"N";;"N";;"N";;"N";;"N";;"N";;"N";;"N";;"N";;"N";;"N";;"N";;"N";;"N";;"N";;"N"
"2025-11-26 05:00";;"N";;"N";;"N";;"N";;"N";;"N";;"N";;"N";;"N";;"N";;"N";;"N";;"N";;"N";;"N";;"N";;"N";;"N"
"2025-11-26 05:15";;"N";;"N";;"N";;"N";;"N";;"N";;"N";;"N";;"N";;"N";;"N";;"N";;"N";;"N";;"N";;"N";;"N";;"N"
"2025-11-26 05:30";;"N";;"N";;"N";;"N";;"N";;"N";;"N";;"N";;"N";;"N";;"N";;"N";;"N";;"N";;"N";;"N";;"N";;"N"
"2025-11-26 05:45";;"N";;"N";;"N";;"N";;"N";;"N";;"N";;"N";;"N";;"N";;"N";;"N";;"N";;"N";;"N";;"N";;"N";;"N"
"2025-11-26 06:00";;"N";;"N";;"N";;"N";;"N";;"N";;"N";;"N";;"N";;"N";;"N";;"N";;"N";;"N";;"N";;"N";;"N";;"N"
"2025-11-26 06:15";;"N";;"N";;"N";;"N";;"N";;"N";;"N";;"N";;"N";;"N";;"N";;"N";;"N";;"N";;"N";;"N";;"N";;"N"
"2025-11-26 06:30";;"N";;"N";;"N";;"N";;"N";;"N";;"N";;"N";;"N";;"N";;"N";;"N";;"N";;"N";;"N";;"N";;"N";;"N"
"2025-11-26 06:45";;"N";;"N";;"N";;"N";;"N";;"N";;"N";;"N";;"N";;"N";;"N";;"N";;"N";;"N";;"N";;"N";;"N";;"N"
"2025-11-26 07:00";;"N";;"N";;"N";;"N";;"N";;"N";;"N";;"N";;"N";;"N";;"N";;"N";;"N";;"N";;"N";;"N";;"N";;"N"
"2025-11-26 07:15";;"N";;"N";;"N";;"N";;"N";;"N";;"N";;"N";;"N";;"N";;"N";;"N";;"N";;"N";;"N";;"N";;"N";;"N"
"2025-11-26 07:30";;"N";;"N";;"N";;"N";;"N";;"N";;"N";;"N";;"N";;"N";;"N";;"N";;"N";;"N";;"N";;"N";;"N";;"N"
"2025-11-26 07:45";;"N";;"N";;"N";;"N";;"N";;"N";;"N";;"N";;"N";;"N";;"N";;"N";;"N";;"N";;"N";;"N";;"N";;"N"
"2025-11-26 08:00";;"N";;"N";;"N";;"N";;"N";;"N";;"N";;"N";;"N";;"N";;"N";;"N";;"N";;"N";;"N";;"N";;"N";;"N"
"2025-11-26 08:15";;"N";;"N";;"N";;"N";;"N";;"N";;"N";;"N";;"N";;"N";;"N";;"N";;"N";;"N";;"N";;"N";;"N";;"N"
"2025-11-26 08:30";;"N";;"N";;"N";;"N";;"N";;"N";;"N";;"N";;"N";;"N";;"N";;"N";;"N";;"N";;"N";;"N";;"N";;"N"
"2025-11-26 08:45";;"N";;"N";;"N";;"N";;"N";;"N";;"N";;"N";;"N";;"N";;"N";;"N";;"N";;"N";;"N";;"N";;"N";;"N"
"2025-11-26 09:00";;"N";;"N";;"N";;"N";;"N";;"N";;"N";;"N";;"N";;"N";;"N";;"N";;"N";;"N";;"N";;"N";;"N";;"N"
"2025-11-26 09:15";;"N";;"N";;"N";;"N";;"N";;"N";;"N";;"N";;"N";;"N";;"N";;"N";;"N";;"N";;"N";;"N";;"N";;"N"
"2025-11-26 09:30";;"N";;"N";;"N";;"N";;"N";;"N";;"N";;"N";;"N";;"N";;"N";;"N";;"N";;"N";;"N";;"N";;"N";;"N"
"2025-11-26 09:45";;"N";;"N";;"N";;"N";;"N";;"N";;"N";;"N";;"N";;"N";;"N";;"N";;"N";;"N";;"N";;"N";;"N";;"N"
"2025-11-26 10:00";;"N";;"N";;"N";;"N";;"N";;"N";;"N";;"N";;"N";;"N";;"N";;"N";;"N";;"N";;"N";;"N";;"N";;"N"
"2025-11-26 10:15";;"N";;"N";;"N";;"N";;"N";;"N";;"N";;"N";;"N";;"N";;"N";;"N";;"N";;"N";;"N";;"N";;"N";;"N"
"2025-11-26 10:30";;"N";;"N";;"N";;"N";;"N";;"N";;"N";;"N";;"N";;"N";;"N";;"N";;"N";;"N";;"N";;"N";;"N";;"N"
"2025-11-26 10:45";;"N";;"N";;"N";;"N";;"N";;"N";;"N";;"N";;"N";;"N";;"N";;"N";;"N";;"N";;"N";;"N";;"N";;"N"
"2025-11-26 11:00";;"N";;"N";;"N";;"N";;"N";;"N";;"N";;"N";;"N";;"N";;"N";;"N";;"N";;"N";;"N";;"N";;"N";;"N"
"2025-11-26 11:15";;"N";;"N";;"N";;"N";;"N";;"N";;"N";;"N";;"N";;"N";;"N";;"N";;"N";;"N";;"N";;"N";;"N";;"N"
"2025-11-26 11:30";;"N";;"N";;"N";;"N";;"N";;"N";;"N";;"N";;"N";;"N";;"N";;"N";;"N";;"N";;"N";;"N";;"N";;"N"
"2025-11-26 11:45";;"N";;"N";;"N";;"N";;"N";;"N";;"N";;"N";;"N";;"N";;"N";;"N";;"N";;"N";;"N";;"N";;"N";;"N"
"2025-11-26 12:00";;"N";;"N";;"N";;"N";;"N";;"N";;"N";;"N";;"N";;"N";;"N";;"N";;"N";;"N";;"N";;"N";;"N";;"N"
"2025-11-26 12:15";;"N";;"N";;"N";;"N";;"N";;"N";;"N";;"N";;"N";;"N";;"N";;"N";;"N";;"N";;"N";;"N";;"N";;"N"
"2025-11-26 12:30";;"N";;"N";;"N";;"N";;"N";;"N";;"N";;"N";;"N";;"N";;"N";;"N";;"N";;"N";;"N";;"N";;"N";;"N"
"2025-11-26 12:45";;"N";;"N";;"N";;"N";;"N";;"N";;"N";;"N";;"N";;"N";;"N";;"N";;"N";;"N";;"N";;"N";;"N";;"N"
"2025-11-26 13:00";;"N";;"N";;"N";;"N";;"N";;"N";;"N";;"N";;"N";;"N";;"N";;"N";;"N";;"N";;"N";;"N";;"N";;"N"
"2025-11-26 13:15";;"N";;"N";;"N";;"N";;"N";;"N";;"N";;"N";;"N";;"N";;"N";;"N";;"N";;"N";;"N";;"N";;"N";;"N"
"2025-11-26 13:30";;"N";;"N";;"N";;"N";;"N";;"N";;"N";;"N";;"N";;"N";;"N";;"N";;"N";;"N";;"N";;"N";;"N";;"N"
"2025-11-26 13:45";;"N";;"N";;"N";;"N";;"N";;"N";;"N";;"N";;"N";;"N";;"N";;"N";;"N";;"N";;"N";;"N";;"N";;"N"
"2025-11-26 14:00";;"N";;"N";;"N";;"N";;"N";;"N";;"N";;"N";;"N";;"N";;"N";;"N";;"N";;"N";;"N";;"N";;"N";;"N"
"2025-11-26 14:15";;"N";;"N";;"N";;"N";;"N";;"N";;"N";;"N";;"N";;"N";;"N";;"N";;"N";;"N";;"N";;"N";;"N";;"N"
"2025-11-26 14:30";;"N";;"N";;"N";;"N";;"N";;"N";;"N";;"N";;"N";;"N";;"N";;"N";;"N";;"N";;"N";;"N";;"N";;"N"
"2025-11-26 14:45";;"N";;"N";;"N";;"N";;"N";;"N";;"N";;"N";;"N";;"N";;"N";;"N";;"N";;"N";;"N";;"N";;"N";;"N"
"2025-11-26 15:00";;"N";;"N";;"N";;"N";;"N";;"N";;"N";;"N";;"N";;"N";;"N";;"N";;"N";;"N";;"N";;"N";;"N";;"N"
"2025-11-26 15:15";;"N";;"N";;"N";;"N";;"N";;"N";;"N";;"N";;"N";;"N";;"N";;"N";;"N";;"N";;"N";;"N";;"N";;"N"
"2025-11-26 15:30";;"N";;"N";;"N";;"N";;"N";;"N";;"N";;"N";;"N";;"N";;"N";;"N";;"N";;"N";;"N";;"N";;"N";;"N"
"2025-11-26 15:45";;"N";;"N";;"N";;"N";;"N";;"N";;"N";;"N";;"N";;"N";;"N";;"N";;"N";;"N";;"N";;"N";;"N";;"N"
"2025-11-26 16:00";;"N";;"N";;"N";;"N";;"N";;"N";;"N";;"N";;"N";;"N";;"N";;"N";;"N";;"N";;"N";;"N";;"N";;"N"
"2025-11-26 16:15";;"N";;"N";;"N";;"N";;"N";;"N";;"N";;"N";;"N";;"N";;"N";;"N";;"N";;"N";;"N";;"N";;"N";;"N"
"2025-11-26 16:30";;"N";;"N";;"N";;"N";;"N";;"N";;"N";;"N";;"N";;"N";;"N";;"N";;"N";;"N";;"N";;"N";;"N";;"N"
"2025-11-26 16:45";;"N";;"N";;"N";;"N";;"N";;"N";;"N";;"N";;"N";;"N";;"N";;"N";;"N";;"N";;"N";;"N";;"N";;"N"
"2025-11-26 17:00";;"N";;"N";;"N";;"N";;"N";;"N";;"N";;"N";;"N";;"N";;"N";;"N";;"N";;"N";;"N";;"N";;"N";;"N"
"2025-11-26 17:15";;"N";;"N";;"N";;"N";;"N";;"N";;"N";;"N";;"N";;"N";;"N";;"N";;"N";;"N";;"N";;"N";;"N";;"N"
"2025-11-26 17:30";;"N";;"N";;"N";;"N";;"N";;"N";;"N";;"N";;"N";;"N";;"N";;"N";;"N";;"N";;"N";;"N";;"N";;"N"
"2025-11-26 17:45";;"N";;"N";;"N";;"N";;"N";;"N";;"N";;"N";;"N";;"N";;"N";;"N";;"N";;"N";;"N";;"N";;"N";;"N"
"2025-11-26 18:00";;"N";;"N";;"N";;"N";;"N";;"N";;"N";;"N";;"N";;"N";;"N";;"N";;"N";;"N";;"N";;"N";;"N";;"N"
"2025-11-26 18:15";;"N";;"N";;"N";;"N";;"N";;"N";;"N";;"N";;"N";;"N";;"N";;"N";;"N";;"N";;"N";;"N";;"N";;"N"
"2025-11-26 18:30";;"N";;"N";;"N";;"N";;"N";;"N";;"N";;"N";;"N";;"N";;"N";;"N";;"N";;"N";;"N";;"N";;"N";;"N"
"2025-11-26 18:45";;"N";;"N";;"N";;"N";;"N";;"N";;"N";;"N";;"N";;"N";;"N";;"N";;"N";;"N";;"N";;"N";;"N";;"N"
"2025-11-26 19:00";;"N";;"N";;"N";;"N";;"N";;"N";;"N";;"N";;"N";;"N";;"N";;"N";;"N";;"N";;"N";;"N";;"N";;"N"
"2025-11-26 19:15";;"N";;"N";;"N";;"N";;"N";;"N";;"N";;"N";;"N";;"N";;"N";;"N";;"N";;"N";;"N";;"N";;"N";;"N"
"2025-11-26 19:30";;"N";;"N";;"N";;"N";;"N";;"N";;"N";;"N";;"N";;"N";;"N";;"N";;"N";;"N";;"N";;"N";;"N";;"N"
"2025-11-26 19:45";;"N";;"N";;"N";;"N";;"N";;"N";;"N";;"N";;"N";;"N";;"N";;"N";;"N";;"N";;"N";;"N";;"N";;"N"
"2025-11-26 20:00";;"N";;"N";;"N";;"N";;"N";;"N";;"N";;"N";;"N";;"N";;"N";;"N";;"N";;"N";;"N";;"N";;"N";;"N"
"2025-11-26 20:15";;"N";;"N";;"N";;"N";;"N";;"N";;"N";;"N";;"N";;"N";;"N";;"N";;"N";;"N";;"N";;"N";;"N";;"N"
"2025-11-26 20:30";;"N";;"N";;"N";;"N";;"N";;"N";;"N";;"N";;"N";;"N";;"N";;"N";;"N";;"N";;"N";;"N";;"N";;"N"
"2025-11-26 20:45";;"N";;"N";;"N";;"N";;"N";;"N";;"N";;"N";;"N";;"N";;"N";;"N";;"N";;"N";;"N";;"N";;"N";;"N"
"2025-11-26 21:00";;"N";;"N";;"N";;"N";;"N";;"N";;"N";;"N";;"N";;"N";;"N";;"N";;"N";;"N";;"N";;"N";;"N";;"N"
"2025-11-26 21:15";;"N";;"N";;"N";;"N";;"N";;"N";;"N";;"N";;"N";;"N";;"N";;"N";;"N";;"N";;"N";;"N";;"N";;"N"
"2025-11-26 21:30";;"N";;"N";;"N";;"N";;"N";;"N";;"N";;"N";;"N";;"N";;"N";;"N";;"N";;"N";;"N";;"N";;"N";;"N"
"2025-11-26 21:45";;"N";;"N";;"N";;"N";;"N";;"N";;"N";;"N";;"N";;"N";;"N";;"N";;"N";;"N";;"N";;"N";;"N";;"N"
"2025-11-26 22:00";;"N";;"N";;"N";;"N";;"N";;"N";;"N";;"N";;"N";;"N";;"N";;"N";;"N";;"N";;"N";;"N";;"N";;"N"
"2025-11-26 22:15";;"N";;"N";;"N";;"N";;"N";;"N";;"N";;"N";;"N";;"N";;"N";;"N";;"N";;"N";;"N";;"N";;"N";;"N"
"2025-11-26 22:30";;"N";;"N";;"N";;"N";;"N";;"N";;"N";;"N";;"N";;"N";;"N";;"N";;"N";;"N";;"N";;"N";;"N";;"N"
"2025-11-26 22:45";;"N";;"N";;"N";;"N";;"N";;"N";;"N";;"N";;"N";;"N";;"N";;"N";;"N";;"N";;"N";;"N";;"N";;"N"
"2025-11-26 23:00";;"N";;"N";;"N";;"N";;"N";;"N";;"N";;"N";;"N";;"N";;"N";;"N";;"N";;"N";;"N";;"N";;"N";;"N"
"2025-11-26 23:15";;"N";;"N";;"N";;"N";;"N";;"N";;"N";;"N";;"N";;"N";;"N";;"N";;"N";;"N";;"N";;"N";;"N";;"N"
"2025-11-26 23:30";;"N";;"N";;"N";;"N";;"N";;"N";;"N";;"N";;"N";;"N";;"N";;"N";;"N";;"N";;"N";;"N";;"N";;"N"
"2025-11-26 23:45";;"N";;"N";;"N";;"N";;"N";;"N";;"N";;"N";;"N";;"N";;"N";;"N";;"N";;"N";;"N";;"N";;"N";;"N"
"2025-11-27 00:00";;"N";;"N";;"N";;"N";;"N";;"N";;"N";;"N";;"N";;"N";;"N";;"N";;"N";;"N";;"N";;"N";;"N";;"N"
"2025-11-27 00:15";;"N";;"N";;"N";;"N";;"N";;"N";;"N";;"N";;"N";;"N";;"N";;"N";;"N";;"N";;"N";;"N";;"N";;"N"
"2025-11-27 00:30";;"N";;"N";;"N";;"N";;"N";;"N";;"N";;"N";;"N";;"N";;"N";;"N";;"N";;"N";;"N";;"N";;"N";;"N"
"2025-11-27 00:45";;"N";;"N";;"N";;"N";;"N";;"N";;"N";;"N";;"N";;"N";;"N";;"N";;"N";;"N";;"N";;"N";;"N";;"N"
"2025-11-27 01:00";;"N";;"N";;"N";;"N";;"N";;"N";;"N";;"N";;"N";;"N";;"N";;"N";;"N";;"N";;"N";;"N";;"N";;"N"
"2025-11-27 01:15";;"N";;"N";;"N";;"N";;"N";;"N";;"N";;"N";;"N";;"N";;"N";;"N";;"N";;"N";;"N";;"N";;"N";;"N"
"2025-11-27 01:30";;"N";;"N";;"N";;"N";;"N";;"N";;"N";;"N";;"N";;"N";;"N";;"N";;"N";;"N";;"N";;"N";;"N";;"N"
"2025-11-27 01:45";;"N";;"N";;"N";;"N";;"N";;"N";;"N";;"N";;"N";;"N";;"N";;"N";;"N";;"N";;"N";;"N";;"N";;"N"
"2025-11-27 02:00";;"N";;"N";;"N";;"N";;"N";;"N";;"N";;"N";;"N";;"N";;"N";;"N";;"N";;"N";;"N";;"N";;"N";;"N"
"2025-11-27 02:15";;"N";;"N";;"N";;"N";;"N";;"N";;"N";;"N";;"N";;"N";;"N";;"N";;"N";;"N";;"N";;"N";;"N";;"N"
"2025-11-27 02:30";;"N";;"N";;"N";;"N";;"N";;"N";;"N";;"N";;"N";;"N";;"N";;"N";;"N";;"N";;"N";;"N";;"N";;"N"
"2025-11-27 02:45";;"N";;"N";;"N";;"N";;"N";;"N";;"N";;"N";;"N";;"N";;"N";;"N";;"N";;"N";;"N";;"N";;"N";;"N"
"2025-11-27 03:00";;"N";;"N";;"N";;"N";;"N";;"N";;"N";;"N";;"N";;"N";;"N";;"N";;"N";;"N";;"N";;"N";;"N";;"N"
"2025-11-27 03:15";;"N";;"N";;"N";;"N";;"N";;"N";;"N";;"N";;"N";;"N";;"N";;"N";;"N";;"N";;"N";;"N";;"N";;"N"
"2025-11-27 03:30";;"N";;"N";;"N";;"N";;"N";;"N";;"N";;"N";;"N";;"N";;"N";;"N";;"N";;"N";;"N";;"N";;"N";;"N"
"2025-11-27 03:45";;"N";;"N";;"N";;"N";;"N";;"N";;"N";;"N";;"N";;"N";;"N";;"N";;"N";;"N";;"N";;"N";;"N";;"N"
"2025-11-27 04:00";;"N";;"N";;"N";;"N";;"N";;"N";;"N";;"N";;"N";;"N";;"N";;"N";;"N";;"N";;"N";;"N";;"N";;"N"
"2025-11-27 04:15";;"N";;"N";;"N";;"N";;"N";;"N";;"N";;"N";;"N";;"N";;"N";;"N";;"N";;"N";;"N";;"N";;"N";;"N"
"2025-11-27 04:30";;"N";;"N";;"N";;"N";;"N";;"N";;"N";;"N";;"N";;"N";;"N";;"N";;"N";;"N";;"N";;"N";;"N";;"N"
"2025-11-27 04:45";;"N";;"N";;"N";;"N";;"N";;"N";;"N";;"N";;"N";;"N";;"N";;"N";;"N";;"N";;"N";;"N";;"N";;"N"
"2025-11-27 05:00";;"N";;"N";;"N";;"N";;"N";;"N";;"N";;"N";;"N";;"N";;"N";;"N";;"N";;"N";;"N";;"N";;"N";;"N"
"2025-11-27 05:15";;"N";;"N";;"N";;"N";;"N";;"N";;"N";;"N";;"N";;"N";;"N";;"N";;"N";;"N";;"N";;"N";;"N";;"N"
"2025-11-27 05:30";;"N";;"N";;"N";;"N";;"N";;"N";;"N";;"N";;"N";;"N";;"N";;"N";;"N";;"N";;"N";;"N";;"N";;"N"
"2025-11-27 05:45";;"N";;"N";;"N";;"N";;"N";;"N";;"N";;"N";;"N";;"N";;"N";;"N";;"N";;"N";;"N";;"N";;"N";;"N"
"2025-11-27 06:00";;"N";;"N";;"N";;"N";;"N";;"N";;"N";;"N";;"N";;"N";;"N";;"N";;"N";;"N";;"N";;"N";;"N";;"N"
"2025-11-27 06:15";;"N";;"N";;"N";;"N";;"N";;"N";;"N";;"N";;"N";;"N";;"N";;"N";;"N";;"N";;"N";;"N";;"N";;"N"
"2025-11-27 06:30";;"N";;"N";;"N";;"N";;"N";;"N";;"N";;"N";;"N";;"N";;"N";;"N";;"N";;"N";;"N";;"N";;"N";;"N"
"2025-11-27 06:45";;"N";;"N";;"N";;"N";;"N";;"N";;"N";;"N";;"N";;"N";;"N";;"N";;"N";;"N";;"N";;"N";;"N";;"N"
"2025-11-27 07:00";;"N";;"N";;"N";;"N";;"N";;"N";;"N";;"N";;"N";;"N";;"N";;"N";;"N";;"N";;"N";;"N";;"N";;"N"
"2025-11-27 07:15";;"N";;"N";;"N";;"N";;"N";;"N";;"N";;"N";;"N";;"N";;"N";;"N";;"N";;"N";;"N";;"N";;"N";;"N"
"2025-11-27 07:30";;"N";;"N";;"N";;"N";;"N";;"N";;"N";;"N";;"N";;"N";;"N";;"N";;"N";;"N";;"N";;"N";;"N";;"N"
"2025-11-27 07:45";;"N";;"N";;"N";;"N";;"N";;"N";;"N";;"N";;"N";;"N";;"N";;"N";;"N";;"N";;"N";;"N";;"N";;"N"
"2025-11-27 08:00";;"N";;"N";;"N";;"N";;"N";;"N";;"N";;"N";;"N";;"N";;"N";;"N";;"N";;"N";;"N";;"N";;"N";;"N"
"2025-11-27 08:15";;"N";;"N";;"N";;"N";;"N";;"N";;"N";;"N";;"N";;"N";;"N";;"N";;"N";;"N";;"N";;"N";;"N";;"N"
"2025-11-27 08:30";;"N";;"N";;"N";;"N";;"N";;"N";;"N";;"N";;"N";;"N";;"N";;"N";;"N";;"N";;"N";;"N";;"N";;"N"
"2025-11-27 08:45";;"N";;"N";;"N";;"N";;"N";;"N";;"N";;"N";;"N";;"N";;"N";;"N";;"N";;"N";;"N";;"N";;"N";;"N"
"2025-11-27 09:00";;"N";;"N";;"N";;"N";;"N";;"N";;"N";;"N";;"N";;"N";;"N";;"N";;"N";;"N";;"N";;"N";;"N";;"N"
"2025-11-27 09:15";;"N";;"N";;"N";;"N";;"N";;"N";;"N";;"N";;"N";;"N";;"N";;"N";;"N";;"N";;"N";;"N";;"N";;"N"
"2025-11-27 09:30";;"N";;"N";;"N";;"N";;"N";;"N";;"N";;"N";;"N";;"N";;"N";;"N";;"N";;"N";;"N";;"N";;"N";;"N"
"2025-11-27 09:45";;"N";;"N";;"N";;"N";;"N";;"N";;"N";;"N";;"N";;"N";;"N";;"N";;"N";;"N";;"N";;"N";;"N";;"N"
"2025-11-27 10:00";;"N";;"N";;"N";;"N";;"N";;"N";;"N";;"N";;"N";;"N";;"N";;"N";;"N";;"N";;"N";;"N";;"N";;"N"
"2025-11-27 10:15";;"N";;"N";;"N";;"N";;"N";;"N";;"N";;"N";;"N";;"N";;"N";;"N";;"N";;"N";;"N";;"N";;"N";;"N"
"2025-11-27 10:30";;"N";;"N";;"N";;"N";;"N";;"N";;"N";;"N";;"N";;"N";;"N";;"N";;"N";;"N";;"N";;"N";;"N";;"N"
"2025-11-27 10:45";;"N";;"N";;"N";;"N";;"N";;"N";;"N";;"N";;"N";;"N";;"N";;"N";;"N";;"N";;"N";;"N";;"N";;"N"
"2025-11-27 11:00";;"N";;"N";;"N";;"N";;"N";;"N";;"N";;"N";;"N";;"N";;"N";;"N";;"N";;"N";;"N";;"N";;"N";;"N"
"2025-11-27 11:15";;"N";;"N";;"N";;"N";;"N";;"N";;"N";;"N";;"N";;"N";;"N";;"N";;"N";;"N";;"N";;"N";;"N";;"N"
"2025-11-27 11:30";;"N";;"N";;"N";;"N";;"N";;"N";;"N";;"N";;"N";;"N";;"N";;"N";;"N";;"N";;"N";;"N";;"N";;"N"
"2025-11-27 11:45";;"N";;"N";;"N";;"N";;"N";;"N";;"N";;"N";;"N";;"N";;"N";;"N";;"N";;"N";;"N";;"N";;"N";;"N"
"2025-11-27 12:00";;"N";;"N";;"N";;"N";;"N";;"N";;"N";;"N";;"N";;"N";;"N";;"N";;"N";;"N";;"N";;"N";;"N";;"N"
"2025-11-27 12:15";;"N";;"N";;"N";;"N";;"N";;"N";;"N";;"N";;"N";;"N";;"N";;"N";;"N";;"N";;"N";;"N";;"N";;"N"
"2025-11-27 12:30";;"N";;"N";;"N";;"N";;"N";;"N";;"N";;"N";;"N";;"N";;"N";;"N";;"N";;"N";;"N";;"N";;"N";;"N"
"2025-11-27 12:45";;"N";;"N";;"N";;"N";;"N";;"N";;"N";;"N";;"N";;"N";;"N";;"N";;"N";;"N";;"N";;"N";;"N";;"N"
"2025-11-27 13:00";;"N";;"N";;"N";;"N";;"N";;"N";;"N";;"N";;"N";;"N";;"N";;"N";;"N";;"N";;"N";;"N";;"N";;"N"
"2025-11-27 13:15";;"N";;"N";;"N";;"N";;"N";;"N";;"N";;"N";;"N";;"N";;"N";;"N";;"N";;"N";;"N";;"N";;"N";;"N"
"2025-11-27 13:30";;"N";;"N";;"N";;"N";;"N";;"N";;"N";;"N";;"N";;"N";;"N";;"N";;"N";;"N";;"N";;"N";;"N";;"N"
"2025-11-27 13:45";;"N";;"N";;"N";;"N";;"N";;"N";;"N";;"N";;"N";;"N";;"N";;"N";;"N";;"N";;"N";;"N";;"N";;"N"
"2025-11-27 14:00";;"N";;"N";;"N";;"N";;"N";;"N";;"N";;"N";;"N";;"N";;"N";;"N";;"N";;"N";;"N";;"N";;"N";;"N"
"2025-11-27 14:15";;"N";;"N";;"N";;"N";;"N";;"N";;"N";;"N";;"N";;"N";;"N";;"N";;"N";;"N";;"N";;"N";;"N";;"N"
"2025-11-27 14:30";;"N";;"N";;"N";;"N";;"N";;"N";;"N";;"N";;"N";;"N";;"N";;"N";;"N";;"N";;"N";;"N";;"N";;"N"
"2025-11-27 14:45";;"N";;"N";;"N";;"N";;"N";;"N";;"N";;"N";;"N";;"N";;"N";;"N";;"N";;"N";;"N";;"N";;"N";;"N"
"2025-11-27 15:00";;"N";;"N";;"N";;"N";;"N";;"N";;"N";;"N";;"N";;"N";;"N";;"N";;"N";;"N";;"N";;"N";;"N";;"N"
"2025-11-27 15:15";;"N";;"N";;"N";;"N";;"N";;"N";;"N";;"N";;"N";;"N";;"N";;"N";;"N";;"N";;"N";;"N";;"N";;"N"
"2025-11-27 15:30";;"N";;"N";;"N";;"N";;"N";;"N";;"N";;"N";;"N";;"N";;"N";;"N";;"N";;"N";;"N";;"N";;"N";;"N"
"2025-11-27 15:45";;"N";;"N";;"N";;"N";;"N";;"N";;"N";;"N";;"N";;"N";;"N";;"N";;"N";;"N";;"N";;"N";;"N";;"N"
"2025-11-27 16:00";;"N";;"N";;"N";;"N";;"N";;"N";;"N";;"N";;"N";;"N";;"N";;"N";;"N";;"N";;"N";;"N";;"N";;"N"
"2025-11-27 16:15";;"N";;"N";;"N";;"N";;"N";;"N";;"N";;"N";;"N";;"N";;"N";;"N";;"N";;"N";;"N";;"N";;"N";;"N"
"2025-11-27 16:30";;"N";;"N";;"N";;"N";;"N";;"N";;"N";;"N";;"N";;"N";;"N";;"N";;"N";;"N";;"N";;"N";;"N";;"N"
"2025-11-27 16:45";;"N";;"N";;"N";;"N";;"N";;"N";;"N";;"N";;"N";;"N";;"N";;"N";;"N";;"N";;"N";;"N";;"N";;"N"
"2025-11-27 17:00";;"N";;"N";;"N";;"N";;"N";;"N";;"N";;"N";;"N";;"N";;"N";;"N";;"N";;"N";;"N";;"N";;"N";;"N"
"2025-11-27 17:15";;"N";;"N";;"N";;"N";;"N";;"N";;"N";;"N";;"N";;"N";;"N";;"N";;"N";;"N";;"N";;"N";;"N";;"N"
"2025-11-27 17:30";;"N";;"N";;"N";;"N";;"N";;"N";;"N";;"N";;"N";;"N";;"N";;"N";;"N";;"N";;"N";;"N";;"N";;"N"
"2025-11-27 17:45";;"N";;"N";;"N";;"N";;"N";;"N";;"N";;"N";;"N";;"N";;"N";;"N";;"N";;"N";;"N";;"N";;"N";;"N"
"2025-11-27 18:00";;"N";;"N";;"N";;"N";;"N";;"N";;"N";;"N";;"N";;"N";;"N";;"N";;"N";;"N";;"N";;"N";;"N";;"N"
"2025-11-27 18:15";;"N";;"N";;"N";;"N";;"N";;"N";;"N";;"N";;"N";;"N";;"N";;"N";;"N";;"N";;"N";;"N";;"N";;"N"
"2025-11-27 18:30";;"N";;"N";;"N";;"N";;"N";;"N";;"N";;"N";;"N";;"N";;"N";;"N";;"N";;"N";;"N";;"N";;"N";;"N"
"2025-11-27 18:45";;"N";;"N";;"N";;"N";;"N";;"N";;"N";;"N";;"N";;"N";;"N";;"N";;"N";;"N";;"N";;"N";;"N";;"N"
"2025-11-27 19:00";;"N";;"N";;"N";;"N";;"N";;"N";;"N";;"N";;"N";;"N";;"N";;"N";;"N";;"N";;"N";;"N";;"N";;"N"
"2025-11-27 19:15";;"N";;"N";;"N";;"N";;"N";;"N";;"N";;"N";;"N";;"N";;"N";;"N";;"N";;"N";;"N";;"N";;"N";;"N"
"2025-11-27 19:30";;"N";;"N";;"N";;"N";;"N";;"N";;"N";;"N";;"N";;"N";;"N";;"N";;"N";;"N";;"N";;"N";;"N";;"N"
"2025-11-27 19:45";;"N";;"N";;"N";;"N";;"N";;"N";;"N";;"N";;"N";;"N";;"N";;"N";;"N";;"N";;"N";;"N";;"N";;"N"
"2025-11-27 20:00";;"N";;"N";;"N";;"N";;"N";;"N";;"N";;"N";;"N";;"N";;"N";;"N";;"N";;"N";;"N";;"N";;"N";;"N"
"2025-11-27 20:15";;"N";;"N";;"N";;"N";;"N";;"N";;"N";;"N";;"N";;"N";;"N";;"N";;"N";;"N";;"N";;"N";;"N";;"N"
"2025-11-27 20:30";;"N";;"N";;"N";;"N";;"N";;"N";;"N";;"N";;"N";;"N";;"N";;"N";;"N";;"N";;"N";;"N";;"N";;"N"
"2025-11-27 20:45";;"N";;"N";;"N";;"N";;"N";;"N";;"N";;"N";;"N";;"N";;"N";;"N";;"N";;"N";;"N";;"N";;"N";;"N"
"2025-11-27 21:00";;"N";;"N";;"N";;"N";;"N";;"N";;"N";;"N";;"N";;"N";;"N";;"N";;"N";;"N";;"N";;"N";;"N";;"N"
"2025-11-27 21:15";;"N";;"N";;"N";;"N";;"N";;"N";;"N";;"N";;"N";;"N";;"N";;"N";;"N";;"N";;"N";;"N";;"N";;"N"
"2025-11-27 21:30";;"N";;"N";;"N";;"N";;"N";;"N";;"N";;"N";;"N";;"N";;"N";;"N";;"N";;"N";;"N";;"N";;"N";;"N"
"2025-11-27 21:45";;"N";;"N";;"N";;"N";;"N";;"N";;"N";;"N";;"N";;"N";;"N";;"N";;"N";;"N";;"N";;"N";;"N";;"N"
"2025-11-27 22:00";;"N";;"N";;"N";;"N";;"N";;"N";;"N";;"N";;"N";;"N";;"N";;"N";;"N";;"N";;"N";;"N";;"N";;"N"
"2025-11-27 22:15";;"N";;"N";;"N";;"N";;"N";;"N";;"N";;"N";;"N";;"N";;"N";;"N";;"N";;"N";;"N";;"N";;"N";;"N"
"2025-11-27 22:30";;"N";;"N";;"N";;"N";;"N";;"N";;"N";;"N";;"N";;"N";;"N";;"N";;"N";;"N";;"N";;"N";;"N";;"N"
"2025-11-27 22:45";;"N";;"N";;"N";;"N";;"N";;"N";;"N";;"N";;"N";;"N";;"N";;"N";;"N";;"N";;"N";;"N";;"N";;"N"
"2025-11-27 23:00";;"N";;"N";;"N";;"N";;"N";;"N";;"N";;"N";;"N";;"N";;"N";;"N";;"N";;"N";;"N";;"N";;"N";;"N"
"2025-11-27 23:15";;"N";;"N";;"N";;"N";;"N";;"N";;"N";;"N";;"N";;"N";;"N";;"N";;"N";;"N";;"N";;"N";;"N";;"N"
"2025-11-27 23:30";;"N";;"N";;"N";;"N";;"N";;"N";;"N";;"N";;"N";;"N";;"N";;"N";;"N";;"N";;"N";;"N";;"N";;"N"
"2025-11-27 23:45";;"N";;"N";;"N";;"N";;"N";;"N";;"N";;"N";;"N";;"N";;"N";;"N";;"N";;"N";;"N";;"N";;"N";;"N"
"2025-11-28 00:00";;"N";;"N";;"N";;"N";;"N";;"N";;"N";;"N";;"N";;"N";;"N";;"N";;"N";;"N";;"N";;"N";;"N";;"N"
"2025-11-28 00:15";;"N";;"N";;"N";;"N";;"N";;"N";;"N";;"N";;"N";;"N";;"N";;"N";;"N";;"N";;"N";;"N";;"N";;"N"
"2025-11-28 00:30";;"N";;"N";;"N";;"N";;"N";;"N";;"N";;"N";;"N";;"N";;"N";;"N";;"N";;"N";;"N";;"N";;"N";;"N"
"2025-11-28 00:45";;"N";;"N";;"N";;"N";;"N";;"N";;"N";;"N";;"N";;"N";;"N";;"N";;"N";;"N";;"N";;"N";;"N";;"N"
"2025-11-28 01:00";;"N";;"N";;"N";;"N";;"N";;"N";;"N";;"N";;"N";;"N";;"N";;"N";;"N";;"N";;"N";;"N";;"N";;"N"
"2025-11-28 01:15";;"N";;"N";;"N";;"N";;"N";;"N";;"N";;"N";;"N";;"N";;"N";;"N";;"N";;"N";;"N";;"N";;"N";;"N"
"2025-11-28 01:30";;"N";;"N";;"N";;"N";;"N";;"N";;"N";;"N";;"N";;"N";;"N";;"N";;"N";;"N";;"N";;"N";;"N";;"N"
"2025-11-28 01:45";;"N";;"N";;"N";;"N";;"N";;"N";;"N";;"N";;"N";;"N";;"N";;"N";;"N";;"N";;"N";;"N";;"N";;"N"
"2025-11-28 02:00";;"N";;"N";;"N";;"N";;"N";;"N";;"N";;"N";;"N";;"N";;"N";;"N";;"N";;"N";;"N";;"N";;"N";;"N"
"2025-11-28 02:15";;"N";;"N";;"N";;"N";;"N";;"N";;"N";;"N";;"N";;"N";;"N";;"N";;"N";;"N";;"N";;"N";;"N";;"N"
"2025-11-28 02:30";;"N";;"N";;"N";;"N";;"N";;"N";;"N";;"N";;"N";;"N";;"N";;"N";;"N";;"N";;"N";;"N";;"N";;"N"
"2025-11-28 02:45";;"N";;"N";;"N";;"N";;"N";;"N";;"N";;"N";;"N";;"N";;"N";;"N";;"N";;"N";;"N";;"N";;"N";;"N"
"2025-11-28 03:00";;"N";;"N";;"N";;"N";;"N";;"N";;"N";;"N";;"N";;"N";;"N";;"N";;"N";;"N";;"N";;"N";;"N";;"N"
"2025-11-28 03:15";;"N";;"N";;"N";;"N";;"N";;"N";;"N";;"N";;"N";;"N";;"N";;"N";;"N";;"N";;"N";;"N";;"N";;"N"
"2025-11-28 03:30";;"N";;"N";;"N";;"N";;"N";;"N";;"N";;"N";;"N";;"N";;"N";;"N";;"N";;"N";;"N";;"N";;"N";;"N"
"2025-11-28 03:45";;"N";;"N";;"N";;"N";;"N";;"N";;"N";;"N";;"N";;"N";;"N";;"N";;"N";;"N";;"N";;"N";;"N";;"N"
"2025-11-28 04:00";;"N";;"N";;"N";;"N";;"N";;"N";;"N";;"N";;"N";;"N";;"N";;"N";;"N";;"N";;"N";;"N";;"N";;"N"
"2025-11-28 04:15";;"N";;"N";;"N";;"N";;"N";;"N";;"N";;"N";;"N";;"N";;"N";;"N";;"N";;"N";;"N";;"N";;"N";;"N"
"2025-11-28 04:30";;"N";;"N";;"N";;"N";;"N";;"N";;"N";;"N";;"N";;"N";;"N";;"N";;"N";;"N";;"N";;"N";;"N";;"N"
"2025-11-28 04:45";;"N";;"N";;"N";;"N";;"N";;"N";;"N";;"N";;"N";;"N";;"N";;"N";;"N";;"N";;"N";;"N";;"N";;"N"
"2025-11-28 05:00";;"N";;"N";;"N";;"N";;"N";;"N";;"N";;"N";;"N";;"N";;"N";;"N";;"N";;"N";;"N";;"N";;"N";;"N"
"2025-11-28 05:15";;"N";;"N";;"N";;"N";;"N";;"N";;"N";;"N";;"N";;"N";;"N";;"N";;"N";;"N";;"N";;"N";;"N";;"N"
"2025-11-28 05:30";;"N";;"N";;"N";;"N";;"N";;"N";;"N";;"N";;"N";;"N";;"N";;"N";;"N";;"N";;"N";;"N";;"N";;"N"
"2025-11-28 05:45";;"N";;"N";;"N";;"N";;"N";;"N";;"N";;"N";;"N";;"N";;"N";;"N";;"N";;"N";;"N";;"N";;"N";;"N"
"2025-11-28 06:00";;"N";;"N";;"N";;"N";;"N";;"N";;"N";;"N";;"N";;"N";;"N";;"N";;"N";;"N";;"N";;"N";;"N";;"N"
"2025-11-28 06:15";;"N";;"N";;"N";;"N";;"N";;"N";;"N";;"N";;"N";;"N";;"N";;"N";;"N";;"N";;"N";;"N";;"N";;"N"
"2025-11-28 06:30";;"N";;"N";;"N";;"N";;"N";;"N";;"N";;"N";;"N";;"N";;"N";;"N";;"N";;"N";;"N";;"N";;"N";;"N"
"2025-11-28 06:45";;"N";;"N";;"N";;"N";;"N";;"N";;"N";;"N";;"N";;"N";;"N";;"N";;"N";;"N";;"N";;"N";;"N";;"N"
"2025-11-28 07:00";;"N";;"N";;"N";;"N";;"N";;"N";;"N";;"N";;"N";;"N";;"N";;"N";;"N";;"N";;"N";;"N";;"N";;"N"
"2025-11-28 07:15";;"N";;"N";;"N";;"N";;"N";;"N";;"N";;"N";;"N";;"N";;"N";;"N";;"N";;"N";;"N";;"N";;"N";;"N"
"2025-11-28 07:30";;"N";;"N";;"N";;"N";;"N";;"N";;"N";;"N";;"N";;"N";;"N";;"N";;"N";;"N";;"N";;"N";;"N";;"N"
"2025-11-28 07:45";;"N";;"N";;"N";;"N";;"N";;"N";;"N";;"N";;"N";;"N";;"N";;"N";;"N";;"N";;"N";;"N";;"N";;"N"
"2025-11-28 08:00";;"N";;"N";;"N";;"N";;"N";;"N";;"N";;"N";;"N";;"N";;"N";;"N";;"N";;"N";;"N";;"N";;"N";;"N"
"2025-11-28 08:15";;"N";;"N";;"N";;"N";;"N";;"N";;"N";;"N";;"N";;"N";;"N";;"N";;"N";;"N";;"N";;"N";;"N";;"N"
"2025-11-28 08:30";;"N";;"N";;"N";;"N";;"N";;"N";;"N";;"N";;"N";;"N";;"N";;"N";;"N";;"N";;"N";;"N";;"N";;"N"
"2025-11-28 08:45";;"N";;"N";;"N";;"N";;"N";;"N";;"N";;"N";;"N";;"N";;"N";;"N";;"N";;"N";;"N";;"N";;"N";;"N"
"2025-11-28 09:00";;"N";;"N";;"N";;"N";;"N";;"N";;"N";;"N";;"N";;"N";;"N";;"N";;"N";;"N";;"N";;"N";;"N";;"N"
"2025-11-28 09:15";;"N";;"N";;"N";;"N";;"N";;"N";;"N";;"N";;"N";;"N";;"N";;"N";;"N";;"N";;"N";;"N";;"N";;"N"
"2025-11-28 09:30";;"N";;"N";;"N";;"N";;"N";;"N";;"N";;"N";;"N";;"N";;"N";;"N";;"N";;"N";;"N";;"N";;"N";;"N"
"2025-11-28 09:45";;"N";;"N";;"N";;"N";;"N";;"N";;"N";;"N";;"N";;"N";;"N";;"N";;"N";;"N";;"N";;"N";;"N";;"N"
"2025-11-28 10:00";;"N";;"N";;"N";;"N";;"N";;"N";;"N";;"N";;"N";;"N";;"N";;"N";;"N";;"N";;"N";;"N";;"N";;"N"
"2025-11-28 10:15";;"N";;"N";;"N";;"N";;"N";;"N";;"N";;"N";;"N";;"N";;"N";;"N";;"N";;"N";;"N";;"N";;"N";;"N"
"2025-11-28 10:30";;"N";;"N";;"N";;"N";;"N";;"N";;"N";;"N";;"N";;"N";;"N";;"N";;"N";;"N";;"N";;"N";;"N";;"N"
"2025-11-28 10:45";;"N";;"N";;"N";;"N";;"N";;"N";;"N";;"N";;"N";;"N";;"N";;"N";;"N";;"N";;"N";;"N";;"N";;"N"
"2025-11-28 11:00";;"N";;"N";;"N";;"N";;"N";;"N";;"N";;"N";;"N";;"N";;"N";;"N";;"N";;"N";;"N";;"N";;"N";;"N"
"2025-11-28 11:15";;"N";;"N";;"N";;"N";;"N";;"N";;"N";;"N";;"N";;"N";;"N";;"N";;"N";;"N";;"N";;"N";;"N";;"N"
"2025-11-28 11:30";;"N";;"N";;"N";;"N";;"N";;"N";;"N";;"N";;"N";;"N";;"N";;"N";;"N";;"N";;"N";;"N";;"N";;"N"
"2025-11-28 11:45";;"N";;"N";;"N";;"N";;"N";;"N";;"N";;"N";;"N";;"N";;"N";;"N";;"N";;"N";;"N";;"N";;"N";;"N"
"2025-11-28 12:00";;"N";;"N";;"N";;"N";;"N";;"N";;"N";;"N";;"N";;"N";;"N";;"N";;"N";;"N";;"N";;"N";;"N";;"N"
"2025-11-28 12:15";;"N";;"N";;"N";;"N";;"N";;"N";;"N";;"N";;"N";;"N";;"N";;"N";;"N";;"N";;"N";;"N";;"N";;"N"
"2025-11-28 12:30";;"N";;"N";;"N";;"N";;"N";;"N";;"N";;"N";;"N";;"N";;"N";;"N";;"N";;"N";;"N";;"N";;"N";;"N"
"2025-11-28 12:45";;"N";;"N";;"N";;"N";;"N";;"N";;"N";;"N";;"N";;"N";;"N";;"N";;"N";;"N";;"N";;"N";;"N";;"N"
"2025-11-28 13:00";;"N";;"N";;"N";;"N";;"N";;"N";;"N";;"N";;"N";;"N";;"N";;"N";;"N";;"N";;"N";;"N";;"N";;"N"
"2025-11-28 13:15";;"N";;"N";;"N";;"N";;"N";;"N";;"N";;"N";;"N";;"N";;"N";;"N";;"N";;"N";;"N";;"N";;"N";;"N"
"2025-11-28 13:30";;"N";;"N";;"N";;"N";;"N";;"N";;"N";;"N";;"N";;"N";;"N";;"N";;"N";;"N";;"N";;"N";;"N";;"N"
"2025-11-28 13:45";;"N";;"N";;"N";;"N";;"N";;"N";;"N";;"N";;"N";;"N";;"N";;"N";;"N";;"N";;"N";;"N";;"N";;"N"
"2025-11-28 14:00";;"N";;"N";;"N";;"N";;"N";;"N";;"N";;"N";;"N";;"N";;"N";;"N";;"N";;"N";;"N";;"N";;"N";;"N"
"2025-11-28 14:15";;"N";;"N";;"N";;"N";;"N";;"N";;"N";;"N";;"N";;"N";;"N";;"N";;"N";;"N";;"N";;"N";;"N";;"N"
"2025-11-28 14:30";;"N";;"N";;"N";;"N";;"N";;"N";;"N";;"N";;"N";;"N";;"N";;"N";;"N";;"N";;"N";;"N";;"N";;"N"
"2025-11-28 14:45";;"N";;"N";;"N";;"N";;"N";;"N";;"N";;"N";;"N";;"N";;"N";;"N";;"N";;"N";;"N";;"N";;"N";;"N"
"2025-11-28 15:00";;"N";;"N";;"N";;"N";;"N";;"N";;"N";;"N";;"N";;"N";;"N";;"N";;"N";;"N";;"N";;"N";;"N";;"N"
"2025-11-28 15:15";;"N";;"N";;"N";;"N";;"N";;"N";;"N";;"N";;"N";;"N";;"N";;"N";;"N";;"N";;"N";;"N";;"N";;"N"
"2025-11-28 15:30";;"N";;"N";;"N";;"N";;"N";;"N";;"N";;"N";;"N";;"N";;"N";;"N";;"N";;"N";;"N";;"N";;"N";;"N"
"2025-11-28 15:45";;"N";;"N";;"N";;"N";;"N";;"N";;"N";;"N";;"N";;"N";;"N";;"N";;"N";;"N";;"N";;"N";;"N";;"N"
"2025-11-28 16:00";;"N";;"N";;"N";;"N";;"N";;"N";;"N";;"N";;"N";;"N";;"N";;"N";;"N";;"N";;"N";;"N";;"N";;"N"
"2025-11-28 16:15";;"N";;"N";;"N";;"N";;"N";;"N";;"N";;"N";;"N";;"N";;"N";;"N";;"N";;"N";;"N";;"N";;"N";;"N"
"2025-11-28 16:30";;"N";;"N";;"N";;"N";;"N";;"N";;"N";;"N";;"N";;"N";;"N";;"N";;"N";;"N";;"N";;"N";;"N";;"N"
"2025-11-28 16:45";;"N";;"N";;"N";;"N";;"N";;"N";;"N";;"N";;"N";;"N";;"N";;"N";;"N";;"N";;"N";;"N";;"N";;"N"
"2025-11-28 17:00";;"N";;"N";;"N";;"N";;"N";;"N";;"N";;"N";;"N";;"N";;"N";;"N";;"N";;"N";;"N";;"N";;"N";;"N"
"2025-11-28 17:15";;"N";;"N";;"N";;"N";;"N";;"N";;"N";;"N";;"N";;"N";;"N";;"N";;"N";;"N";;"N";;"N";;"N";;"N"
"2025-11-28 17:30";;"N";;"N";;"N";;"N";;"N";;"N";;"N";;"N";;"N";;"N";;"N";;"N";;"N";;"N";;"N";;"N";;"N";;"N"
"2025-11-28 17:45";;"N";;"N";;"N";;"N";;"N";;"N";;"N";;"N";;"N";;"N";;"N";;"N";;"N";;"N";;"N";;"N";;"N";;"N"
"2025-11-28 18:00";;"N";;"N";;"N";;"N";;"N";;"N";;"N";;"N";;"N";;"N";;"N";;"N";;"N";;"N";;"N";;"N";;"N";;"N"
"2025-11-28 18:15";;"N";;"N";;"N";;"N";;"N";;"N";;"N";;"N";;"N";;"N";;"N";;"N";;"N";;"N";;"N";;"N";;"N";;"N"
"2025-11-28 18:30";;"N";;"N";;"N";;"N";;"N";;"N";;"N";;"N";;"N";;"N";;"N";;"N";;"N";;"N";;"N";;"N";;"N";;"N"
"2025-11-28 18:45";;"N";;"N";;"N";;"N";;"N";;"N";;"N";;"N";;"N";;"N";;"N";;"N";;"N";;"N";;"N";;"N";;"N";;"N"
"2025-11-28 19:00";;"N";;"N";;"N";;"N";;"N";;"N";;"N";;"N";;"N";;"N";;"N";;"N";;"N";;"N";;"N";;"N";;"N";;"N"
"2025-11-28 19:15";;"N";;"N";;"N";;"N";;"N";;"N";;"N";;"N";;"N";;"N";;"N";;"N";;"N";;"N";;"N";;"N";;"N";;"N"
"2025-11-28 19:30";;"N";;"N";;"N";;"N";;"N";;"N";;"N";;"N";;"N";;"N";;"N";;"N";;"N";;"N";;"N";;"N";;"N";;"N"
"2025-11-28 19:45";;"N";;"N";;"N";;"N";;"N";;"N";;"N";;"N";;"N";;"N";;"N";;"N";;"N";;"N";;"N";;"N";;"N";;"N"
"2025-11-28 20:00";;"N";;"N";;"N";;"N";;"N";;"N";;"N";;"N";;"N";;"N";;"N";;"N";;"N";;"N";;"N";;"N";;"N";;"N"
"2025-11-28 20:15";;"N";;"N";;"N";;"N";;"N";;"N";;"N";;"N";;"N";;"N";;"N";;"N";;"N";;"N";;"N";;"N";;"N";;"N"
"2025-11-28 20:30";;"N";;"N";;"N";;"N";;"N";;"N";;"N";;"N";;"N";;"N";;"N";;"N";;"N";;"N";;"N";;"N";;"N";;"N"
"2025-11-28 20:45";;"N";;"N";;"N";;"N";;"N";;"N";;"N";;"N";;"N";;"N";;"N";;"N";;"N";;"N";;"N";;"N";;"N";;"N"
"2025-11-28 21:00";;"N";;"N";;"N";;"N";;"N";;"N";;"N";;"N";;"N";;"N";;"N";;"N";;"N";;"N";;"N";;"N";;"N";;"N"
"2025-11-28 21:15";;"N";;"N";;"N";;"N";;"N";;"N";;"N";;"N";;"N";;"N";;"N";;"N";;"N";;"N";;"N";;"N";;"N";;"N"
"2025-11-28 21:30";;"N";;"N";;"N";;"N";;"N";;"N";;"N";;"N";;"N";;"N";;"N";;"N";;"N";;"N";;"N";;"N";;"N";;"N"
"2025-11-28 21:45";;"N";;"N";;"N";;"N";;"N";;"N";;"N";;"N";;"N";;"N";;"N";;"N";;"N";;"N";;"N";;"N";;"N";;"N"
"2025-11-28 22:00";;"N";;"N";;"N";;"N";;"N";;"N";;"N";;"N";;"N";;"N";;"N";;"N";;"N";;"N";;"N";;"N";;"N";;"N"
"2025-11-28 22:15";;"N";;"N";;"N";;"N";;"N";;"N";;"N";;"N";;"N";;"N";;"N";;"N";;"N";;"N";;"N";;"N";;"N";;"N"
"2025-11-28 22:30";;"N";;"N";;"N";;"N";;"N";;"N";;"N";;"N";;"N";;"N";;"N";;"N";;"N";;"N";;"N";;"N";;"N";;"N"
"2025-11-28 22:45";;"N";;"N";;"N";;"N";;"N";;"N";;"N";;"N";;"N";;"N";;"N";;"N";;"N";;"N";;"N";;"N";;"N";;"N"
"2025-11-28 23:00";;"N";;"N";;"N";;"N";;"N";;"N";;"N";;"N";;"N";;"N";;"N";;"N";;"N";;"N";;"N";;"N";;"N";;"N"
"2025-11-28 23:15";;"N";;"N";;"N";;"N";;"N";;"N";;"N";;"N";;"N";;"N";;"N";;"N";;"N";;"N";;"N";;"N";;"N";;"N"
"2025-11-28 23:30";;"N";;"N";;"N";;"N";;"N";;"N";;"N";;"N";;"N";;"N";;"N";;"N";;"N";;"N";;"N";;"N";;"N";;"N"
"2025-11-28 23:45";;"N";;"N";;"N";;"N";;"N";;"N";;"N";;"N";;"N";;"N";;"N";;"N";;"N";;"N";;"N";;"N";;"N";;"N"
"2025-11-29 00:00";;"N";;"N";;"N";;"N";;"N";;"N";;"N";;"N";;"N";;"N";;"N";;"N";;"N";;"N";;"N";;"N";;"N";;"N"
"2025-11-29 00:15";;"N";;"N";;"N";;"N";;"N";;"N";;"N";;"N";;"N";;"N";;"N";;"N";;"N";;"N";;"N";;"N";;"N";;"N"
"2025-11-29 00:30";;"N";;"N";;"N";;"N";;"N";;"N";;"N";;"N";;"N";;"N";;"N";;"N";;"N";;"N";;"N";;"N";;"N";;"N"
"2025-11-29 00:45";;"N";;"N";;"N";;"N";;"N";;"N";;"N";;"N";;"N";;"N";;"N";;"N";;"N";;"N";;"N";;"N";;"N";;"N"
"2025-11-29 01:00";;"N";;"N";;"N";;"N";;"N";;"N";;"N";;"N";;"N";;"N";;"N";;"N";;"N";;"N";;"N";;"N";;"N";;"N"
"2025-11-29 01:15";;"N";;"N";;"N";;"N";;"N";;"N";;"N";;"N";;"N";;"N";;"N";;"N";;"N";;"N";;"N";;"N";;"N";;"N"
"2025-11-29 01:30";;"N";;"N";;"N";;"N";;"N";;"N";;"N";;"N";;"N";;"N";;"N";;"N";;"N";;"N";;"N";;"N";;"N";;"N"
"2025-11-29 01:45";;"N";;"N";;"N";;"N";;"N";;"N";;"N";;"N";;"N";;"N";;"N";;"N";;"N";;"N";;"N";;"N";;"N";;"N"
"2025-11-29 02:00";;"N";;"N";;"N";;"N";;"N";;"N";;"N";;"N";;"N";;"N";;"N";;"N";;"N";;"N";;"N";;"N";;"N";;"N"
"2025-11-29 02:15";;"N";;"N";;"N";;"N";;"N";;"N";;"N";;"N";;"N";;"N";;"N";;"N";;"N";;"N";;"N";;"N";;"N";;"N"
"2025-11-29 02:30";;"N";;"N";;"N";;"N";;"N";;"N";;"N";;"N";;"N";;"N";;"N";;"N";;"N";;"N";;"N";;"N";;"N";;"N"
"2025-11-29 02:45";;"N";;"N";;"N";;"N";;"N";;"N";;"N";;"N";;"N";;"N";;"N";;"N";;"N";;"N";;"N";;"N";;"N";;"N"
"2025-11-29 03:00";;"N";;"N";;"N";;"N";;"N";;"N";;"N";;"N";;"N";;"N";;"N";;"N";;"N";;"N";;"N";;"N";;"N";;"N"
"2025-11-29 03:15";;"N";;"N";;"N";;"N";;"N";;"N";;"N";;"N";;"N";;"N";;"N";;"N";;"N";;"N";;"N";;"N";;"N";;"N"
"2025-11-29 03:30";;"N";;"N";;"N";;"N";;"N";;"N";;"N";;"N";;"N";;"N";;"N";;"N";;"N";;"N";;"N";;"N";;"N";;"N"
"2025-11-29 03:45";;"N";;"N";;"N";;"N";;"N";;"N";;"N";;"N";;"N";;"N";;"N";;"N";;"N";;"N";;"N";;"N";;"N";;"N"
"2025-11-29 04:00";;"N";;"N";;"N";;"N";;"N";;"N";;"N";;"N";;"N";;"N";;"N";;"N";;"N";;"N";;"N";;"N";;"N";;"N"
"2025-11-29 04:15";;"N";;"N";;"N";;"N";;"N";;"N";;"N";;"N";;"N";;"N";;"N";;"N";;"N";;"N";;"N";;"N";;"N";;"N"
"2025-11-29 04:30";;"N";;"N";;"N";;"N";;"N";;"N";;"N";;"N";;"N";;"N";;"N";;"N";;"N";;"N";;"N";;"N";;"N";;"N"
"2025-11-29 04:45";;"N";;"N";;"N";;"N";;"N";;"N";;"N";;"N";;"N";;"N";;"N";;"N";;"N";;"N";;"N";;"N";;"N";;"N"
"2025-11-29 05:00";;"N";;"N";;"N";;"N";;"N";;"N";;"N";;"N";;"N";;"N";;"N";;"N";;"N";;"N";;"N";;"N";;"N";;"N"
"2025-11-29 05:15";;"N";;"N";;"N";;"N";;"N";;"N";;"N";;"N";;"N";;"N";;"N";;"N";;"N";;"N";;"N";;"N";;"N";;"N"
"2025-11-29 05:30";;"N";;"N";;"N";;"N";;"N";;"N";;"N";;"N";;"N";;"N";;"N";;"N";;"N";;"N";;"N";;"N";;"N";;"N"
"2025-11-29 05:45";;"N";;"N";;"N";;"N";;"N";;"N";;"N";;"N";;"N";;"N";;"N";;"N";;"N";;"N";;"N";;"N";;"N";;"N"
"2025-11-29 06:00";;"N";;"N";;"N";;"N";;"N";;"N";;"N";;"N";;"N";;"N";;"N";;"N";;"N";;"N";;"N";;"N";;"N";;"N"
"2025-11-29 06:15";;"N";;"N";;"N";;"N";;"N";;"N";;"N";;"N";;"N";;"N";;"N";;"N";;"N";;"N";;"N";;"N";;"N";;"N"
"2025-11-29 06:30";;"N";;"N";;"N";;"N";;"N";;"N";;"N";;"N";;"N";;"N";;"N";;"N";;"N";;"N";;"N";;"N";;"N";;"N"
"2025-11-29 06:45";;"N";;"N";;"N";;"N";;"N";;"N";;"N";;"N";;"N";;"N";;"N";;"N";;"N";;"N";;"N";;"N";;"N";;"N"
"2025-11-29 07:00";;"N";;"N";;"N";;"N";;"N";;"N";;"N";;"N";;"N";;"N";;"N";;"N";;"N";;"N";;"N";;"N";;"N";;"N"
"2025-11-29 07:15";;"N";;"N";;"N";;"N";;"N";;"N";;"N";;"N";;"N";;"N";;"N";;"N";;"N";;"N";;"N";;"N";;"N";;"N"
"2025-11-29 07:30";;"N";;"N";;"N";;"N";;"N";;"N";;"N";;"N";;"N";;"N";;"N";;"N";;"N";;"N";;"N";;"N";;"N";;"N"
"2025-11-29 07:45";;"N";;"N";;"N";;"N";;"N";;"N";;"N";;"N";;"N";;"N";;"N";;"N";;"N";;"N";;"N";;"N";;"N";;"N"
"2025-11-29 08:00";;"N";;"N";;"N";;"N";;"N";;"N";;"N";;"N";;"N";;"N";;"N";;"N";;"N";;"N";;"N";;"N";;"N";;"N"
"2025-11-29 08:15";;"N";;"N";;"N";;"N";;"N";;"N";;"N";;"N";;"N";;"N";;"N";;"N";;"N";;"N";;"N";;"N";;"N";;"N"
"2025-11-29 08:30";;"N";;"N";;"N";;"N";;"N";;"N";;"N";;"N";;"N";;"N";;"N";;"N";;"N";;"N";;"N";;"N";;"N";;"N"
"2025-11-29 08:45";;"N";;"N";;"N";;"N";;"N";;"N";;"N";;"N";;"N";;"N";;"N";;"N";;"N";;"N";;"N";;"N";;"N";;"N"
"2025-11-29 09:00";;"N";;"N";;"N";;"N";;"N";;"N";;"N";;"N";;"N";;"N";;"N";;"N";;"N";;"N";;"N";;"N";;"N";;"N"
"2025-11-29 09:15";;"N";;"N";;"N";;"N";;"N";;"N";;"N";;"N";;"N";;"N";;"N";;"N";;"N";;"N";;"N";;"N";;"N";;"N"
"2025-11-29 09:30";;"N";;"N";;"N";;"N";;"N";;"N";;"N";;"N";;"N";;"N";;"N";;"N";;"N";;"N";;"N";;"N";;"N";;"N"
"2025-11-29 09:45";;"N";;"N";;"N";;"N";;"N";;"N";;"N";;"N";;"N";;"N";;"N";;"N";;"N";;"N";;"N";;"N";;"N";;"N"
"2025-11-29 10:00";;"N";;"N";;"N";;"N";;"N";;"N";;"N";;"N";;"N";;"N";;"N";;"N";;"N";;"N";;"N";;"N";;"N";;"N"
"2025-11-29 10:15";;"N";;"N";;"N";;"N";;"N";;"N";;"N";;"N";;"N";;"N";;"N";;"N";;"N";;"N";;"N";;"N";;"N";;"N"
"2025-11-29 10:30";;"N";;"N";;"N";;"N";;"N";;"N";;"N";;"N";;"N";;"N";;"N";;"N";;"N";;"N";;"N";;"N";;"N";;"N"
"2025-11-29 10:45";;"N";;"N";;"N";;"N";;"N";;"N";;"N";;"N";;"N";;"N";;"N";;"N";;"N";;"N";;"N";;"N";;"N";;"N"
"2025-11-29 11:00";;"N";;"N";;"N";;"N";;"N";;"N";;"N";;"N";;"N";;"N";;"N";;"N";;"N";;"N";;"N";;"N";;"N";;"N"
"2025-11-29 11:15";;"N";;"N";;"N";;"N";;"N";;"N";;"N";;"N";;"N";;"N";;"N";;"N";;"N";;"N";;"N";;"N";;"N";;"N"
"2025-11-29 11:30";;"N";;"N";;"N";;"N";;"N";;"N";;"N";;"N";;"N";;"N";;"N";;"N";;"N";;"N";;"N";;"N";;"N";;"N"
"2025-11-29 11:45";;"N";;"N";;"N";;"N";;"N";;"N";;"N";;"N";;"N";;"N";;"N";;"N";;"N";;"N";;"N";;"N";;"N";;"N"
"2025-11-29 12:00";;"N";;"N";;"N";;"N";;"N";;"N";;"N";;"N";;"N";;"N";;"N";;"N";;"N";;"N";;"N";;"N";;"N";;"N"
"2025-11-29 12:15";;"N";;"N";;"N";;"N";;"N";;"N";;"N";;"N";;"N";;"N";;"N";;"N";;"N";;"N";;"N";;"N";;"N";;"N"
"2025-11-29 12:30";;"N";;"N";;"N";;"N";;"N";;"N";;"N";;"N";;"N";;"N";;"N";;"N";;"N";;"N";;"N";;"N";;"N";;"N"
"2025-11-29 12:45";;"N";;"N";;"N";;"N";;"N";;"N";;"N";;"N";;"N";;"N";;"N";;"N";;"N";;"N";;"N";;"N";;"N";;"N"
"2025-11-29 13:00";;"N";;"N";;"N";;"N";;"N";;"N";;"N";;"N";;"N";;"N";;"N";;"N";;"N";;"N";;"N";;"N";;"N";;"N"
"2025-11-29 13:15";;"N";;"N";;"N";;"N";;"N";;"N";;"N";;"N";;"N";;"N";;"N";;"N";;"N";;"N";;"N";;"N";;"N";;"N"
"2025-11-29 13:30";;"N";;"N";;"N";;"N";;"N";;"N";;"N";;"N";;"N";;"N";;"N";;"N";;"N";;"N";;"N";;"N";;"N";;"N"
"2025-11-29 13:45";;"N";;"N";;"N";;"N";;"N";;"N";;"N";;"N";;"N";;"N";;"N";;"N";;"N";;"N";;"N";;"N";;"N";;"N"
"2025-11-29 14:00";;"N";;"N";;"N";;"N";;"N";;"N";;"N";;"N";;"N";;"N";;"N";;"N";;"N";;"N";;"N";;"N";;"N";;"N"
"2025-11-29 14:15";;"N";;"N";;"N";;"N";;"N";;"N";;"N";;"N";;"N";;"N";;"N";;"N";;"N";;"N";;"N";;"N";;"N";;"N"
"2025-11-29 14:30";;"N";;"N";;"N";;"N";;"N";;"N";;"N";;"N";;"N";;"N";;"N";;"N";;"N";;"N";;"N";;"N";;"N";;"N"
"2025-11-29 14:45";;"N";;"N";;"N";;"N";;"N";;"N";;"N";;"N";;"N";;"N";;"N";;"N";;"N";;"N";;"N";;"N";;"N";;"N"
"2025-11-29 15:00";;"N";;"N";;"N";;"N";;"N";;"N";;"N";;"N";;"N";;"N";;"N";;"N";;"N";;"N";;"N";;"N";;"N";;"N"
"2025-11-29 15:15";;"N";;"N";;"N";;"N";;"N";;"N";;"N";;"N";;"N";;"N";;"N";;"N";;"N";;"N";;"N";;"N";;"N";;"N"
"2025-11-29 15:30";;"N";;"N";;"N";;"N";;"N";;"N";;"N";;"N";;"N";;"N";;"N";;"N";;"N";;"N";;"N";;"N";;"N";;"N"
"2025-11-29 15:45";;"N";;"N";;"N";;"N";;"N";;"N";;"N";;"N";;"N";;"N";;"N";;"N";;"N";;"N";;"N";;"N";;"N";;"N"
"2025-11-29 16:00";;"N";;"N";;"N";;"N";;"N";;"N";;"N";;"N";;"N";;"N";;"N";;"N";;"N";;"N";;"N";;"N";;"N";;"N"
"2025-11-29 16:15";;"N";;"N";;"N";;"N";;"N";;"N";;"N";;"N";;"N";;"N";;"N";;"N";;"N";;"N";;"N";;"N";;"N";;"N"
"2025-11-29 16:30";;"N";;"N";;"N";;"N";;"N";;"N";;"N";;"N";;"N";;"N";;"N";;"N";;"N";;"N";;"N";;"N";;"N";;"N"
"2025-11-29 16:45";;"N";;"N";;"N";;"N";;"N";;"N";;"N";;"N";;"N";;"N";;"N";;"N";;"N";;"N";;"N";;"N";;"N";;"N"
"2025-11-29 17:00";;"N";;"N";;"N";;"N";;"N";;"N";;"N";;"N";;"N";;"N";;"N";;"N";;"N";;"N";;"N";;"N";;"N";;"N"
"2025-11-29 17:15";;"N";;"N";;"N";;"N";;"N";;"N";;"N";;"N";;"N";;"N";;"N";;"N";;"N";;"N";;"N";;"N";;"N";;"N"
"2025-11-29 17:30";;"N";;"N";;"N";;"N";;"N";;"N";;"N";;"N";;"N";;"N";;"N";;"N";;"N";;"N";;"N";;"N";;"N";;"N"
"2025-11-29 17:45";;"N";;"N";;"N";;"N";;"N";;"N";;"N";;"N";;"N";;"N";;"N";;"N";;"N";;"N";;"N";;"N";;"N";;"N"
"2025-11-29 18:00";;"N";;"N";;"N";;"N";;"N";;"N";;"N";;"N";;"N";;"N";;"N";;"N";;"N";;"N";;"N";;"N";;"N";;"N"
"2025-11-29 18:15";;"N";;"N";;"N";;"N";;"N";;"N";;"N";;"N";;"N";;"N";;"N";;"N";;"N";;"N";;"N";;"N";;"N";;"N"
"2025-11-29 18:30";;"N";;"N";;"N";;"N";;"N";;"N";;"N";;"N";;"N";;"N";;"N";;"N";;"N";;"N";;"N";;"N";;"N";;"N"
"2025-11-29 18:45";;"N";;"N";;"N";;"N";;"N";;"N";;"N";;"N";;"N";;"N";;"N";;"N";;"N";;"N";;"N";;"N";;"N";;"N"
"2025-11-29 19:00";;"N";;"N";;"N";;"N";;"N";;"N";;"N";;"N";;"N";;"N";;"N";;"N";;"N";;"N";;"N";;"N";;"N";;"N"
"2025-11-29 19:15";;"N";;"N";;"N";;"N";;"N";;"N";;"N";;"N";;"N";;"N";;"N";;"N";;"N";;"N";;"N";;"N";;"N";;"N"
"2025-11-29 19:30";;"N";;"N";;"N";;"N";;"N";;"N";;"N";;"N";;"N";;"N";;"N";;"N";;"N";;"N";;"N";;"N";;"N";;"N"
"2025-11-29 19:45";;"N";;"N";;"N";;"N";;"N";;"N";;"N";;"N";;"N";;"N";;"N";;"N";;"N";;"N";;"N";;"N";;"N";;"N"
"2025-11-29 20:00";;"N";;"N";;"N";;"N";;"N";;"N";;"N";;"N";;"N";;"N";;"N";;"N";;"N";;"N";;"N";;"N";;"N";;"N"
"2025-11-29 20:15";;"N";;"N";;"N";;"N";;"N";;"N";;"N";;"N";;"N";;"N";;"N";;"N";;"N";;"N";;"N";;"N";;"N";;"N"
"2025-11-29 20:30";;"N";;"N";;"N";;"N";;"N";;"N";;"N";;"N";;"N";;"N";;"N";;"N";;"N";;"N";;"N";;"N";;"N";;"N"
"2025-11-29 20:45";;"N";;"N";;"N";;"N";;"N";;"N";;"N";;"N";;"N";;"N";;"N";;"N";;"N";;"N";;"N";;"N";;"N";;"N"
"2025-11-29 21:00";;"N";;"N";;"N";;"N";;"N";;"N";;"N";;"N";;"N";;"N";;"N";;"N";;"N";;"N";;"N";;"N";;"N";;"N"
"2025-11-29 21:15";;"N";;"N";;"N";;"N";;"N";;"N";;"N";;"N";;"N";;"N";;"N";;"N";;"N";;"N";;"N";;"N";;"N";;"N"
"2025-11-29 21:30";;"N";;"N";;"N";;"N";;"N";;"N";;"N";;"N";;"N";;"N";;"N";;"N";;"N";;"N";;"N";;"N";;"N";;"N"
"2025-11-29 21:45";;"N";;"N";;"N";;"N";;"N";;"N";;"N";;"N";;"N";;"N";;"N";;"N";;"N";;"N";;"N";;"N";;"N";;"N"
"2025-11-29 22:00";;"N";;"N";;"N";;"N";;"N";;"N";;"N";;"N";;"N";;"N";;"N";;"N";;"N";;"N";;"N";;"N";;"N";;"N"
"2025-11-29 22:15";;"N";;"N";;"N";;"N";;"N";;"N";;"N";;"N";;"N";;"N";;"N";;"N";;"N";;"N";;"N";;"N";;"N";;"N"
"2025-11-29 22:30";;"N";;"N";;"N";;"N";;"N";;"N";;"N";;"N";;"N";;"N";;"N";;"N";;"N";;"N";;"N";;"N";;"N";;"N"
"2025-11-29 22:45";;"N";;"N";;"N";;"N";;"N";;"N";;"N";;"N";;"N";;"N";;"N";;"N";;"N";;"N";;"N";;"N";;"N";;"N"
"2025-11-29 23:00";;"N";;"N";;"N";;"N";;"N";;"N";;"N";;"N";;"N";;"N";;"N";;"N";;"N";;"N";;"N";;"N";;"N";;"N"
"2025-11-29 23:15";;"N";;"N";;"N";;"N";;"N";;"N";;"N";;"N";;"N";;"N";;"N";;"N";;"N";;"N";;"N";;"N";;"N";;"N"
"2025-11-29 23:30";;"N";;"N";;"N";;"N";;"N";;"N";;"N";;"N";;"N";;"N";;"N";;"N";;"N";;"N";;"N";;"N";;"N";;"N"
"2025-11-29 23:45";;"N";;"N";;"N";;"N";;"N";;"N";;"N";;"N";;"N";;"N";;"N";;"N";;"N";;"N";;"N";;"N";;"N";;"N"
"2025-11-30 00:00";;"N";;"N";;"N";;"N";;"N";;"N";;"N";;"N";;"N";;"N";;"N";;"N";;"N";;"N";;"N";;"N";;"N";;"N"
"2025-11-30 00:15";;"N";;"N";;"N";;"N";;"N";;"N";;"N";;"N";;"N";;"N";;"N";;"N";;"N";;"N";;"N";;"N";;"N";;"N"
"2025-11-30 00:30";;"N";;"N";;"N";;"N";;"N";;"N";;"N";;"N";;"N";;"N";;"N";;"N";;"N";;"N";;"N";;"N";;"N";;"N"
"2025-11-30 00:45";;"N";;"N";;"N";;"N";;"N";;"N";;"N";;"N";;"N";;"N";;"N";;"N";;"N";;"N";;"N";;"N";;"N";;"N"
"2025-11-30 01:00";;"N";;"N";;"N";;"N";;"N";;"N";;"N";;"N";;"N";;"N";;"N";;"N";;"N";;"N";;"N";;"N";;"N";;"N"
"2025-11-30 01:15";;"N";;"N";;"N";;"N";;"N";;"N";;"N";;"N";;"N";;"N";;"N";;"N";;"N";;"N";;"N";;"N";;"N";;"N"
"2025-11-30 01:30";;"N";;"N";;"N";;"N";;"N";;"N";;"N";;"N";;"N";;"N";;"N";;"N";;"N";;"N";;"N";;"N";;"N";;"N"
"2025-11-30 01:45";;"N";;"N";;"N";;"N";;"N";;"N";;"N";;"N";;"N";;"N";;"N";;"N";;"N";;"N";;"N";;"N";;"N";;"N"
"2025-11-30 02:00";;"N";;"N";;"N";;"N";;"N";;"N";;"N";;"N";;"N";;"N";;"N";;"N";;"N";;"N";;"N";;"N";;"N";;"N"
"2025-11-30 02:15";;"N";;"N";;"N";;"N";;"N";;"N";;"N";;"N";;"N";;"N";;"N";;"N";;"N";;"N";;"N";;"N";;"N";;"N"
"2025-11-30 02:30";;"N";;"N";;"N";;"N";;"N";;"N";;"N";;"N";;"N";;"N";;"N";;"N";;"N";;"N";;"N";;"N";;"N";;"N"
"2025-11-30 02:45";;"N";;"N";;"N";;"N";;"N";;"N";;"N";;"N";;"N";;"N";;"N";;"N";;"N";;"N";;"N";;"N";;"N";;"N"
"2025-11-30 03:00";;"N";;"N";;"N";;"N";;"N";;"N";;"N";;"N";;"N";;"N";;"N";;"N";;"N";;"N";;"N";;"N";;"N";;"N"
"2025-11-30 03:15";;"N";;"N";;"N";;"N";;"N";;"N";;"N";;"N";;"N";;"N";;"N";;"N";;"N";;"N";;"N";;"N";;"N";;"N"
"2025-11-30 03:30";;"N";;"N";;"N";;"N";;"N";;"N";;"N";;"N";;"N";;"N";;"N";;"N";;"N";;"N";;"N";;"N";;"N";;"N"
"2025-11-30 03:45";;"N";;"N";;"N";;"N";;"N";;"N";;"N";;"N";;"N";;"N";;"N";;"N";;"N";;"N";;"N";;"N";;"N";;"N"
"2025-11-30 04:00";;"N";;"N";;"N";;"N";;"N";;"N";;"N";;"N";;"N";;"N";;"N";;"N";;"N";;"N";;"N";;"N";;"N";;"N"
"2025-11-30 04:15";;"N";;"N";;"N";;"N";;"N";;"N";;"N";;"N";;"N";;"N";;"N";;"N";;"N";;"N";;"N";;"N";;"N";;"N"
"2025-11-30 04:30";;"N";;"N";;"N";;"N";;"N";;"N";;"N";;"N";;"N";;"N";;"N";;"N";;"N";;"N";;"N";;"N";;"N";;"N"
"2025-11-30 04:45";;"N";;"N";;"N";;"N";;"N";;"N";;"N";;"N";;"N";;"N";;"N";;"N";;"N";;"N";;"N";;"N";;"N";;"N"
"2025-11-30 05:00";;"N";;"N";;"N";;"N";;"N";;"N";;"N";;"N";;"N";;"N";;"N";;"N";;"N";;"N";;"N";;"N";;"N";;"N"
"2025-11-30 05:15";;"N";;"N";;"N";;"N";;"N";;"N";;"N";;"N";;"N";;"N";;"N";;"N";;"N";;"N";;"N";;"N";;"N";;"N"
"2025-11-30 05:30";;"N";;"N";;"N";;"N";;"N";;"N";;"N";;"N";;"N";;"N";;"N";;"N";;"N";;"N";;"N";;"N";;"N";;"N"
"2025-11-30 05:45";;"N";;"N";;"N";;"N";;"N";;"N";;"N";;"N";;"N";;"N";;"N";;"N";;"N";;"N";;"N";;"N";;"N";;"N"
"2025-11-30 06:00";;"N";;"N";;"N";;"N";;"N";;"N";;"N";;"N";;"N";;"N";;"N";;"N";;"N";;"N";;"N";;"N";;"N";;"N"
"2025-11-30 06:15";;"N";;"N";;"N";;"N";;"N";;"N";;"N";;"N";;"N";;"N";;"N";;"N";;"N";;"N";;"N";;"N";;"N";;"N"
"2025-11-30 06:30";;"N";;"N";;"N";;"N";;"N";;"N";;"N";;"N";;"N";;"N";;"N";;"N";;"N";;"N";;"N";;"N";;"N";;"N"
"2025-11-30 06:45";;"N";;"N";;"N";;"N";;"N";;"N";;"N";;"N";;"N";;"N";;"N";;"N";;"N";;"N";;"N";;"N";;"N";;"N"
"2025-11-30 07:00";;"N";;"N";;"N";;"N";;"N";;"N";;"N";;"N";;"N";;"N";;"N";;"N";;"N";;"N";;"N";;"N";;"N";;"N"
"2025-11-30 07:15";;"N";;"N";;"N";;"N";;"N";;"N";;"N";;"N";;"N";;"N";;"N";;"N";;"N";;"N";;"N";;"N";;"N";;"N"
"2025-11-30 07:30";;"N";;"N";;"N";;"N";;"N";;"N";;"N";;"N";;"N";;"N";;"N";;"N";;"N";;"N";;"N";;"N";;"N";;"N"
"2025-11-30 07:45";;"N";;"N";;"N";;"N";;"N";;"N";;"N";;"N";;"N";;"N";;"N";;"N";;"N";;"N";;"N";;"N";;"N";;"N"
"2025-11-30 08:00";;"N";;"N";;"N";;"N";;"N";;"N";;"N";;"N";;"N";;"N";;"N";;"N";;"N";;"N";;"N";;"N";;"N";;"N"
"2025-11-30 08:15";;"N";;"N";;"N";;"N";;"N";;"N";;"N";;"N";;"N";;"N";;"N";;"N";;"N";;"N";;"N";;"N";;"N";;"N"
"2025-11-30 08:30";;"N";;"N";;"N";;"N";;"N";;"N";;"N";;"N";;"N";;"N";;"N";;"N";;"N";;"N";;"N";;"N";;"N";;"N"
"2025-11-30 08:45";;"N";;"N";;"N";;"N";;"N";;"N";;"N";;"N";;"N";;"N";;"N";;"N";;"N";;"N";;"N";;"N";;"N";;"N"
"2025-11-30 09:00";;"N";;"N";;"N";;"N";;"N";;"N";;"N";;"N";;"N";;"N";;"N";;"N";;"N";;"N";;"N";;"N";;"N";;"N"
"2025-11-30 09:15";;"N";;"N";;"N";;"N";;"N";;"N";;"N";;"N";;"N";;"N";;"N";;"N";;"N";;"N";;"N";;"N";;"N";;"N"
"2025-11-30 09:30";;"N";;"N";;"N";;"N";;"N";;"N";;"N";;"N";;"N";;"N";;"N";;"N";;"N";;"N";;"N";;"N";;"N";;"N"
"2025-11-30 09:45";;"N";;"N";;"N";;"N";;"N";;"N";;"N";;"N";;"N";;"N";;"N";;"N";;"N";;"N";;"N";;"N";;"N";;"N"
"2025-11-30 10:00";;"N";;"N";;"N";;"N";;"N";;"N";;"N";;"N";;"N";;"N";;"N";;"N";;"N";;"N";;"N";;"N";;"N";;"N"
"2025-11-30 10:15";;"N";;"N";;"N";;"N";;"N";;"N";;"N";;"N";;"N";;"N";;"N";;"N";;"N";;"N";;"N";;"N";;"N";;"N"
"2025-11-30 10:30";;"N";;"N";;"N";;"N";;"N";;"N";;"N";;"N";;"N";;"N";;"N";;"N";;"N";;"N";;"N";;"N";;"N";;"N"
"2025-11-30 10:45";;"N";;"N";;"N";;"N";;"N";;"N";;"N";;"N";;"N";;"N";;"N";;"N";;"N";;"N";;"N";;"N";;"N";;"N"
"2025-11-30 11:00";;"N";;"N";;"N";;"N";;"N";;"N";;"N";;"N";;"N";;"N";;"N";;"N";;"N";;"N";;"N";;"N";;"N";;"N"
"2025-11-30 11:15";;"N";;"N";;"N";;"N";;"N";;"N";;"N";;"N";;"N";;"N";;"N";;"N";;"N";;"N";;"N";;"N";;"N";;"N"
"2025-11-30 11:30";;"N";;"N";;"N";;"N";;"N";;"N";;"N";;"N";;"N";;"N";;"N";;"N";;"N";;"N";;"N";;"N";;"N";;"N"
"2025-11-30 11:45";;"N";;"N";;"N";;"N";;"N";;"N";;"N";;"N";;"N";;"N";;"N";;"N";;"N";;"N";;"N";;"N";;"N";;"N"
"2025-11-30 12:00";;"N";;"N";;"N";;"N";;"N";;"N";;"N";;"N";;"N";;"N";;"N";;"N";;"N";;"N";;"N";;"N";;"N";;"N"
"2025-11-30 12:15";;"N";;"N";;"N";;"N";;"N";;"N";;"N";;"N";;"N";;"N";;"N";;"N";;"N";;"N";;"N";;"N";;"N";;"N"
"2025-11-30 12:30";;"N";;"N";;"N";;"N";;"N";;"N";;"N";;"N";;"N";;"N";;"N";;"N";;"N";;"N";;"N";;"N";;"N";;"N"
"2025-11-30 12:45";;"N";;"N";;"N";;"N";;"N";;"N";;"N";;"N";;"N";;"N";;"N";;"N";;"N";;"N";;"N";;"N";;"N";;"N"
"2025-11-30 13:00";;"N";;"N";;"N";;"N";;"N";;"N";;"N";;"N";;"N";;"N";;"N";;"N";;"N";;"N";;"N";;"N";;"N";;"N"
"2025-11-30 13:15";;"N";;"N";;"N";;"N";;"N";;"N";;"N";;"N";;"N";;"N";;"N";;"N";;"N";;"N";;"N";;"N";;"N";;"N"
"2025-11-30 13:30";;"N";;"N";;"N";;"N";;"N";;"N";;"N";;"N";;"N";;"N";;"N";;"N";;"N";;"N";;"N";;"N";;"N";;"N"
"2025-11-30 13:45";;"N";;"N";;"N";;"N";;"N";;"N";;"N";;"N";;"N";;"N";;"N";;"N";;"N";;"N";;"N";;"N";;"N";;"N"
"2025-11-30 14:00";;"N";;"N";;"N";;"N";;"N";;"N";;"N";;"N";;"N";;"N";;"N";;"N";;"N";;"N";;"N";;"N";;"N";;"N"
"2025-11-30 14:15";;"N";;"N";;"N";;"N";;"N";;"N";;"N";;"N";;"N";;"N";;"N";;"N";;"N";;"N";;"N";;"N";;"N";;"N"
"2025-11-30 14:30";;"N";;"N";;"N";;"N";;"N";;"N";;"N";;"N";;"N";;"N";;"N";;"N";;"N";;"N";;"N";;"N";;"N";;"N"
"2025-11-30 14:45";;"N";;"N";;"N";;"N";;"N";;"N";;"N";;"N";;"N";;"N";;"N";;"N";;"N";;"N";;"N";;"N";;"N";;"N"
"2025-11-30 15:00";;"N";;"N";;"N";;"N";;"N";;"N";;"N";;"N";;"N";;"N";;"N";;"N";;"N";;"N";;"N";;"N";;"N";;"N"
"2025-11-30 15:15";;"N";;"N";;"N";;"N";;"N";;"N";;"N";;"N";;"N";;"N";;"N";;"N";;"N";;"N";;"N";;"N";;"N";;"N"
"2025-11-30 15:30";;"N";;"N";;"N";;"N";;"N";;"N";;"N";;"N";;"N";;"N";;"N";;"N";;"N";;"N";;"N";;"N";;"N";;"N"
"2025-11-30 15:45";;"N";;"N";;"N";;"N";;"N";;"N";;"N";;"N";;"N";;"N";;"N";;"N";;"N";;"N";;"N";;"N";;"N";;"N"
"2025-11-30 16:00";;"N";;"N";;"N";;"N";;"N";;"N";;"N";;"N";;"N";;"N";;"N";;"N";;"N";;"N";;"N";;"N";;"N";;"N"
"2025-11-30 16:15";;"N";;"N";;"N";;"N";;"N";;"N";;"N";;"N";;"N";;"N";;"N";;"N";;"N";;"N";;"N";;"N";;"N";;"N"
"2025-11-30 16:30";;"N";;"N";;"N";;"N";;"N";;"N";;"N";;"N";;"N";;"N";;"N";;"N";;"N";;"N";;"N";;"N";;"N";;"N"
"2025-11-30 16:45";;"N";;"N";;"N";;"N";;"N";;"N";;"N";;"N";;"N";;"N";;"N";;"N";;"N";;"N";;"N";;"N";;"N";;"N"
"2025-11-30 17:00";;"N";;"N";;"N";;"N";;"N";;"N";;"N";;"N";;"N";;"N";;"N";;"N";;"N";;"N";;"N";;"N";;"N";;"N"
"2025-11-30 17:15";;"N";;"N";;"N";;"N";;"N";;"N";;"N";;"N";;"N";;"N";;"N";;"N";;"N";;"N";;"N";;"N";;"N";;"N"
"2025-11-30 17:30";;"N";;"N";;"N";;"N";;"N";;"N";;"N";;"N";;"N";;"N";;"N";;"N";;"N";;"N";;"N";;"N";;"N";;"N"
"2025-11-30 17:45";;"N";;"N";;"N";;"N";;"N";;"N";;"N";;"N";;"N";;"N";;"N";;"N";;"N";;"N";;"N";;"N";;"N";;"N"
"2025-11-30 18:00";;"N";;"N";;"N";;"N";;"N";;"N";;"N";;"N";;"N";;"N";;"N";;"N";;"N";;"N";;"N";;"N";;"N";;"N"
"2025-11-30 18:15";;"N";;"N";;"N";;"N";;"N";;"N";;"N";;"N";;"N";;"N";;"N";;"N";;"N";;"N";;"N";;"N";;"N";;"N"
"2025-11-30 18:30";;"N";;"N";;"N";;"N";;"N";;"N";;"N";;"N";;"N";;"N";;"N";;"N";;"N";;"N";;"N";;"N";;"N";;"N"
"2025-11-30 18:45";;"N";;"N";;"N";;"N";;"N";;"N";;"N";;"N";;"N";;"N";;"N";;"N";;"N";;"N";;"N";;"N";;"N";;"N"
"2025-11-30 19:00";;"N";;"N";;"N";;"N";;"N";;"N";;"N";;"N";;"N";;"N";;"N";;"N";;"N";;"N";;"N";;"N";;"N";;"N"
"2025-11-30 19:15";;"N";;"N";;"N";;"N";;"N";;"N";;"N";;"N";;"N";;"N";;"N";;"N";;"N";;"N";;"N";;"N";;"N";;"N"
"2025-11-30 19:30";;"N";;"N";;"N";;"N";;"N";;"N";;"N";;"N";;"N";;"N";;"N";;"N";;"N";;"N";;"N";;"N";;"N";;"N"
"2025-11-30 19:45";;"N";;"N";;"N";;"N";;"N";;"N";;"N";;"N";;"N";;"N";;"N";;"N";;"N";;"N";;"N";;"N";;"N";;"N"
"2025-11-30 20:00";;"N";;"N";;"N";;"N";;"N";;"N";;"N";;"N";;"N";;"N";;"N";;"N";;"N";;"N";;"N";;"N";;"N";;"N"
"2025-11-30 20:15";;"N";;"N";;"N";;"N";;"N";;"N";;"N";;"N";;"N";;"N";;"N";;"N";;"N";;"N";;"N";;"N";;"N";;"N"
"2025-11-30 20:30";;"N";;"N";;"N";;"N";;"N";;"N";;"N";;"N";;"N";;"N";;"N";;"N";;"N";;"N";;"N";;"N";;"N";;"N"
"2025-11-30 20:45";;"N";;"N";;"N";;"N";;"N";;"N";;"N";;"N";;"N";;"N";;"N";;"N";;"N";;"N";;"N";;"N";;"N";;"N"
"2025-11-30 21:00";;"N";;"N";;"N";;"N";;"N";;"N";;"N";;"N";;"N";;"N";;"N";;"N";;"N";;"N";;"N";;"N";;"N";;"N"
"2025-11-30 21:15";;"N";;"N";;"N";;"N";;"N";;"N";;"N";;"N";;"N";;"N";;"N";;"N";;"N";;"N";;"N";;"N";;"N";;"N"
"2025-11-30 21:30";;"N";;"N";;"N";;"N";;"N";;"N";;"N";;"N";;"N";;"N";;"N";;"N";;"N";;"N";;"N";;"N";;"N";;"N"
"2025-11-30 21:45";;"N";;"N";;"N";;"N";;"N";;"N";;"N";;"N";;"N";;"N";;"N";;"N";;"N";;"N";;"N";;"N";;"N";;"N"
"2025-11-30 22:00";;"N";;"N";;"N";;"N";;"N";;"N";;"N";;"N";;"N";;"N";;"N";;"N";;"N";;"N";;"N";;"N";;"N";;"N"
"2025-11-30 22:15";;"N";;"N";;"N";;"N";;"N";;"N";;"N";;"N";;"N";;"N";;"N";;"N";;"N";;"N";;"N";;"N";;"N";;"N"
"2025-11-30 22:30";;"N";;"N";;"N";;"N";;"N";;"N";;"N";;"N";;"N";;"N";;"N";;"N";;"N";;"N";;"N";;"N";;"N";;"N"
"2025-11-30 22:45";;"N";;"N";;"N";;"N";;"N";;"N";;"N";;"N";;"N";;"N";;"N";;"N";;"N";;"N";;"N";;"N";;"N";;"N"
"2025-11-30 23:00";;"N";;"N";;"N";;"N";;"N";;"N";;"N";;"N";;"N";;"N";;"N";;"N";;"N";;"N";;"N";;"N";;"N";;"N"
"2025-11-30 23:15";;"N";;"N";;"N";;"N";;"N";;"N";;"N";;"N";;"N";;"N";;"N";;"N";;"N";;"N";;"N";;"N";;"N";;"N"
"2025-11-30 23:30";;"N";;"N";;"N";;"N";;"N";;"N";;"N";;"N";;"N";;"N";;"N";;"N";;"N";;"N";;"N";;"N";;"N";;"N"
"2025-11-30 23:45";;"N";;"N";;"N";;"N";;"N";;"N";;"N";;"N";;"N";;"N";;"N";;"N";;"N";;"N";;"N";;"N";;"N";;"N"
"2025-12-01 00:00";;"N";;"N";;"N";;"N";;"N";;"N";;"N";;"N";;"N";;"N";;"N";;"N";;"N";;"N";;"N";;"N";;"N";;"N"